0
SECTION
2
ENTITIES
0
3DFACE
8
B2_v2
10
-1.7237
20
3.5791
30
-2.0910
11
-1.7194
21
3.4792
31
-2.0878
12
-1.6195
22
3.4834
32
-2.0979
13
-1.6238
23
3.5833
33
-2.1011
0
3DFACE
8
B2_v2
10
-1.7194
20
3.4792
30
-2.0878
11
-1.7152
21
3.3793
31
-2.0832
12
-1.6153
22
3.3835
32
-2.0937
13
-1.6195
23
3.4834
33
-2.0979
0
3DFACE
8
B2_v2
10
-1.7152
20
3.3793
30
-2.0832
11
-1.7110
21
3.2793
31
-2.0778
12
-1.6110
22
3.2836
32
-2.0879
13
-1.6153
23
3.3835
33
-2.0937
0
3DFACE
8
B2_v2
10
-1.7110
20
3.2793
30
-2.0778
11
-1.7067
21
3.1794
31
-2.0725
12
-1.6068
22
3.1837
32
-2.0824
13
-1.6110
23
3.2836
33
-2.0879
0
3DFACE
8
B2_v2
10
-1.7067
20
3.1794
30
-2.0725
11
-1.7025
21
3.0795
31
-2.0672
12
-1.6026
22
3.0838
32
-2.0776
13
-1.6068
23
3.1837
33
-2.0824
0
3DFACE
8
B2_v2
10
-1.7025
20
3.0795
30
-2.0672
11
-1.6982
21
2.9796
31
-2.0622
12
-1.5983
22
2.9839
32
-2.0721
13
-1.6026
23
3.0838
33
-2.0776
0
3DFACE
8
B2_v2
10
-1.6982
20
2.9796
30
-2.0622
11
-1.6940
21
2.8797
31
-2.0581
12
-1.5941
22
2.8839
32
-2.0672
13
-1.5983
23
2.9839
33
-2.0721
0
3DFACE
8
B2_v2
10
-1.6940
20
2.8797
30
-2.0581
11
-1.6897
21
2.7798
31
-2.0524
12
-1.5898
22
2.7840
32
-2.0621
13
-1.5941
23
2.8839
33
-2.0672
0
3DFACE
8
B2_v2
10
-1.6897
20
2.7798
30
-2.0524
11
-1.6855
21
2.6799
31
-2.0464
12
-1.5856
22
2.6841
32
-2.0571
13
-1.5898
23
2.7840
33
-2.0621
0
3DFACE
8
B2_v2
10
-1.6855
20
2.6799
30
-2.0464
11
-1.6813
21
2.5800
31
-2.0398
12
-1.5813
22
2.5842
32
-2.0523
13
-1.5856
23
2.6841
33
-2.0571
0
3DFACE
8
B2_v2
10
-1.6813
20
2.5800
30
-2.0398
11
-1.6770
21
2.4801
31
-2.0341
12
-1.5771
22
2.4843
32
-2.0472
13
-1.5813
23
2.5842
33
-2.0523
0
3DFACE
8
B2_v2
10
-1.6770
20
2.4801
30
-2.0341
11
-1.6728
21
2.3802
31
-2.0285
12
-1.5729
22
2.3844
32
-2.0425
13
-1.5771
23
2.4843
33
-2.0472
0
3DFACE
8
B2_v2
10
-1.6728
20
2.3802
30
-2.0285
11
-1.6685
21
2.2802
31
-2.0228
12
-1.5686
22
2.2845
32
-2.0379
13
-1.5729
23
2.3844
33
-2.0425
0
3DFACE
8
B2_v2
10
-1.6685
20
2.2802
30
-2.0228
11
-1.6643
21
2.1803
31
-2.0179
12
-1.5644
22
2.1846
32
-2.0335
13
-1.5686
23
2.2845
33
-2.0379
0
3DFACE
8
B2_v2
10
-1.6643
20
2.1803
30
-2.0179
11
-1.6600
21
2.0804
31
-2.0126
12
-1.5601
22
2.0847
32
-2.0290
13
-1.5644
23
2.1846
33
-2.0335
0
3DFACE
8
B2_v2
10
-1.6600
20
2.0804
30
-2.0126
11
-1.6558
21
1.9805
31
-2.0065
12
-1.5559
22
1.9848
32
-2.0239
13
-1.5601
23
2.0847
33
-2.0290
0
3DFACE
8
B2_v2
10
-1.6558
20
1.9805
30
-2.0065
11
-1.6515
21
1.8806
31
-2.0008
12
-1.5516
22
1.8848
32
-2.0190
13
-1.5559
23
1.9848
33
-2.0239
0
3DFACE
8
B2_v2
10
-1.6515
20
1.8806
30
-2.0008
11
-1.6473
21
1.7807
31
-1.9949
12
-1.5474
22
1.7849
32
-2.0140
13
-1.5516
23
1.8848
33
-2.0190
0
3DFACE
8
B2_v2
10
-1.6473
20
1.7807
30
-1.9949
11
-1.6431
21
1.6808
31
-1.9871
12
-1.5431
22
1.6850
32
-2.0078
13
-1.5474
23
1.7849
33
-2.0140
0
3DFACE
8
B2_v2
10
-1.6431
20
1.6808
30
-1.9871
11
-1.6388
21
1.5809
31
-1.9797
12
-1.5389
22
1.5851
32
-2.0013
13
-1.5431
23
1.6850
33
-2.0078
0
3DFACE
8
B2_v2
10
-1.6388
20
1.5809
30
-1.9797
11
-1.6346
21
1.4810
31
-1.9720
12
-1.5347
22
1.4852
32
-1.9945
13
-1.5389
23
1.5851
33
-2.0013
0
3DFACE
8
B2_v2
10
-1.6346
20
1.4810
30
-1.9720
11
-1.6303
21
1.3811
31
-1.9641
12
-1.5304
22
1.3853
32
-1.9870
13
-1.5347
23
1.4852
33
-1.9945
0
3DFACE
8
B2_v2
10
-1.6303
20
1.3811
30
-1.9641
11
-1.6261
21
1.2811
31
-1.9557
12
-1.5262
22
1.2854
32
-1.9797
13
-1.5304
23
1.3853
33
-1.9870
0
3DFACE
8
B2_v2
10
-1.6261
20
1.2811
30
-1.9557
11
-1.6218
21
1.1812
31
-1.9469
12
-1.5219
22
1.1855
32
-1.9732
13
-1.5262
23
1.2854
33
-1.9797
0
3DFACE
8
B2_v2
10
-1.6218
20
1.1812
30
-1.9469
11
-1.6176
21
1.0813
31
-1.9392
12
-1.5177
22
1.0856
32
-1.9661
13
-1.5219
23
1.1855
33
-1.9732
0
3DFACE
8
B2_v2
10
-1.6176
20
1.0813
30
-1.9392
11
-1.6133
21
0.9814
31
-1.9323
12
-1.5134
22
0.9857
32
-1.9597
13
-1.5177
23
1.0856
33
-1.9661
0
3DFACE
8
B2_v2
10
-1.6133
20
0.9814
30
-1.9323
11
-1.6091
21
0.8815
31
-1.9255
12
-1.5092
22
0.8858
32
-1.9548
13
-1.5134
23
0.9857
33
-1.9597
0
3DFACE
8
B2_v2
10
-1.6091
20
0.8815
30
-1.9255
11
-1.6049
21
0.7816
31
-1.9187
12
-1.5050
22
0.7858
32
-1.9500
13
-1.5092
23
0.8858
33
-1.9548
0
3DFACE
8
B2_v2
10
-1.6049
20
0.7816
30
-1.9187
11
-1.6006
21
0.6817
31
-1.9130
12
-1.5007
22
0.6859
32
-1.9441
13
-1.5050
23
0.7858
33
-1.9500
0
3DFACE
8
B2_v2
10
-1.6006
20
0.6817
30
-1.9130
11
-1.5964
21
0.5818
31
-1.9041
12
-1.4965
22
0.5860
32
-1.9380
13
-1.5007
23
0.6859
33
-1.9441
0
3DFACE
8
B2_v2
10
-1.5964
20
0.5818
30
-1.9041
11
-1.5921
21
0.4819
31
-1.8957
12
-1.4922
22
0.4861
32
-1.9322
13
-1.4965
23
0.5860
33
-1.9380
0
3DFACE
8
B2_v2
10
-1.5921
20
0.4819
30
-1.8957
11
-1.5879
21
0.3820
31
-1.8886
12
-1.4880
22
0.3862
32
-1.9272
13
-1.4922
23
0.4861
33
-1.9322
0
3DFACE
8
B2_v2
10
-1.5879
20
0.3820
30
-1.8886
11
-1.5836
21
0.2820
31
-1.8818
12
-1.4837
22
0.2863
32
-1.9225
13
-1.4880
23
0.3862
33
-1.9272
0
3DFACE
8
B2_v2
10
-1.5836
20
0.2820
30
-1.8818
11
-1.5794
21
0.1821
31
-1.8751
12
-1.4795
22
0.1864
32
-1.9185
13
-1.4837
23
0.2863
33
-1.9225
0
3DFACE
8
B2_v2
10
-1.5794
20
0.1821
30
-1.8751
11
-1.5752
21
0.0822
31
-1.8683
12
-1.4752
22
0.0865
32
-1.9079
13
-1.4795
23
0.1864
33
-1.9185
0
3DFACE
8
B2_v2
10
-1.5752
20
0.0822
30
-1.8683
11
-1.5709
21
-0.0177
31
-1.8628
12
-1.4710
22
-0.0134
32
-1.8961
13
-1.4752
23
0.0865
33
-1.9079
0
3DFACE
8
B2_v2
10
-1.5709
20
-0.0177
30
-1.8628
11
-1.5667
21
-0.1176
31
-1.8561
12
-1.4668
22
-0.1133
32
-1.8847
13
-1.4710
23
-0.0134
33
-1.8961
0
3DFACE
8
B2_v2
10
-1.5667
20
-0.1176
30
-1.8561
11
-1.5624
21
-0.2175
31
-1.8479
12
-1.4625
22
-0.2133
32
-1.8714
13
-1.4668
23
-0.1133
33
-1.8847
0
3DFACE
8
B2_v2
10
-1.5624
20
-0.2175
30
-1.8479
11
-1.5582
21
-0.3174
31
-1.8400
12
-1.4583
22
-0.3132
32
-1.8573
13
-1.4625
23
-0.2133
33
-1.8714
0
3DFACE
8
B2_v2
10
-1.5582
20
-0.3174
30
-1.8400
11
-1.5539
21
-0.4173
31
-1.8323
12
-1.4540
22
-0.4131
32
-1.8494
13
-1.4583
23
-0.3132
33
-1.8573
0
3DFACE
8
B2_v2
10
-1.5539
20
-0.4173
30
-1.8323
11
-1.5497
21
-0.5172
31
-1.8248
12
-1.4498
22
-0.5130
32
-1.8427
13
-1.4540
23
-0.4131
33
-1.8494
0
3DFACE
8
B2_v2
10
-1.5497
20
-0.5172
30
-1.8248
11
-1.5454
21
-0.6171
31
-1.8181
12
-1.4455
22
-0.6129
32
-1.8359
13
-1.4498
23
-0.5130
33
-1.8427
0
3DFACE
8
B2_v2
10
-1.5454
20
-0.6171
30
-1.8181
11
-1.5412
21
-0.7171
31
-1.8113
12
-1.4413
22
-0.7128
32
-1.8291
13
-1.4455
23
-0.6129
33
-1.8359
0
3DFACE
8
B2_v2
10
-1.5412
20
-0.7171
30
-1.8113
11
-1.5370
21
-0.8170
31
-1.8045
12
-1.4371
22
-0.8127
32
-1.8217
13
-1.4413
23
-0.7128
33
-1.8291
0
3DFACE
8
B2_v2
10
-1.5370
20
-0.8170
30
-1.8045
11
-1.5327
21
-0.9169
31
-1.7985
12
-1.4328
22
-0.9126
32
-1.8150
13
-1.4371
23
-0.8127
33
-1.8217
0
3DFACE
8
B2_v2
10
-1.5327
20
-0.9169
30
-1.7985
11
-1.5285
21
-1.0168
31
-1.7923
12
-1.4286
22
-1.0125
32
-1.8083
13
-1.4328
23
-0.9126
33
-1.8150
0
3DFACE
8
B2_v2
10
-1.5285
20
-1.0168
30
-1.7923
11
-1.5242
21
-1.1167
31
-1.7865
12
-1.4243
22
-1.1124
32
-1.8023
13
-1.4286
23
-1.0125
33
-1.8083
0
3DFACE
8
B2_v2
10
-1.5242
20
-1.1167
30
-1.7865
11
-1.5200
21
-1.2166
31
-1.7809
12
-1.4201
22
-1.2124
32
-1.7955
13
-1.4243
23
-1.1124
33
-1.8023
0
3DFACE
8
B2_v2
10
-1.5200
20
-1.2166
30
-1.7809
11
-1.5157
21
-1.3165
31
-1.7771
12
-1.4158
22
-1.3123
32
-1.7918
13
-1.4201
23
-1.2124
33
-1.7955
0
3DFACE
8
B2_v2
10
-1.5157
20
-1.3165
30
-1.7771
11
-1.5115
21
-1.4164
31
-1.7751
12
-1.4116
22
-1.4122
32
-1.7881
13
-1.4158
23
-1.3123
33
-1.7918
0
3DFACE
8
B2_v2
10
-1.6238
20
3.5833
30
-2.1011
11
-1.6195
21
3.4834
31
-2.0979
12
-1.5196
22
3.4877
32
-2.1085
13
-1.5239
23
3.5876
33
-2.1112
0
3DFACE
8
B2_v2
10
-1.6195
20
3.4834
30
-2.0979
11
-1.6153
21
3.3835
31
-2.0937
12
-1.5154
22
3.3877
32
-2.1047
13
-1.5196
23
3.4877
33
-2.1085
0
3DFACE
8
B2_v2
10
-1.6153
20
3.3835
30
-2.0937
11
-1.6110
21
3.2836
31
-2.0879
12
-1.5111
22
3.2878
32
-2.1007
13
-1.5154
23
3.3877
33
-2.1047
0
3DFACE
8
B2_v2
10
-1.6110
20
3.2836
30
-2.0879
11
-1.6068
21
3.1837
31
-2.0824
12
-1.5069
22
3.1879
32
-2.0963
13
-1.5111
23
3.2878
33
-2.1007
0
3DFACE
8
B2_v2
10
-1.6068
20
3.1837
30
-2.0824
11
-1.6026
21
3.0838
31
-2.0776
12
-1.5027
22
3.0880
32
-2.0920
13
-1.5069
23
3.1879
33
-2.0963
0
3DFACE
8
B2_v2
10
-1.6026
20
3.0838
30
-2.0776
11
-1.5983
21
2.9839
31
-2.0721
12
-1.4984
22
2.9881
32
-2.0878
13
-1.5027
23
3.0880
33
-2.0920
0
3DFACE
8
B2_v2
10
-1.5983
20
2.9839
30
-2.0721
11
-1.5941
21
2.8839
31
-2.0672
12
-1.4942
22
2.8882
32
-2.0836
13
-1.4984
23
2.9881
33
-2.0878
0
3DFACE
8
B2_v2
10
-1.5941
20
2.8839
30
-2.0672
11
-1.5898
21
2.7840
31
-2.0621
12
-1.4899
22
2.7883
32
-2.0793
13
-1.4942
23
2.8882
33
-2.0836
0
3DFACE
8
B2_v2
10
-1.5898
20
2.7840
30
-2.0621
11
-1.5856
21
2.6841
31
-2.0571
12
-1.4857
22
2.6884
32
-2.0751
13
-1.4899
23
2.7883
33
-2.0793
0
3DFACE
8
B2_v2
10
-1.5856
20
2.6841
30
-2.0571
11
-1.5813
21
2.5842
31
-2.0523
12
-1.4814
22
2.5885
32
-2.0711
13
-1.4857
23
2.6884
33
-2.0751
0
3DFACE
8
B2_v2
10
-1.5813
20
2.5842
30
-2.0523
11
-1.5771
21
2.4843
31
-2.0472
12
-1.4772
22
2.4886
32
-2.0669
13
-1.4814
23
2.5885
33
-2.0711
0
3DFACE
8
B2_v2
10
-1.5771
20
2.4843
30
-2.0472
11
-1.5729
21
2.3844
31
-2.0425
12
-1.4729
22
2.3886
32
-2.0621
13
-1.4772
23
2.4886
33
-2.0669
0
3DFACE
8
B2_v2
10
-1.5729
20
2.3844
30
-2.0425
11
-1.5686
21
2.2845
31
-2.0379
12
-1.4687
22
2.2887
32
-2.0575
13
-1.4729
23
2.3886
33
-2.0621
0
3DFACE
8
B2_v2
10
-1.5686
20
2.2845
30
-2.0379
11
-1.5644
21
2.1846
31
-2.0335
12
-1.4645
22
2.1888
32
-2.0527
13
-1.4687
23
2.2887
33
-2.0575
0
3DFACE
8
B2_v2
10
-1.5644
20
2.1846
30
-2.0335
11
-1.5601
21
2.0847
31
-2.0290
12
-1.4602
22
2.0889
32
-2.0482
13
-1.4645
23
2.1888
33
-2.0527
0
3DFACE
8
B2_v2
10
-1.5601
20
2.0847
30
-2.0290
11
-1.5559
21
1.9848
31
-2.0239
12
-1.4560
22
1.9890
32
-2.0436
13
-1.4602
23
2.0889
33
-2.0482
0
3DFACE
8
B2_v2
10
-1.5559
20
1.9848
30
-2.0239
11
-1.5516
21
1.8848
31
-2.0190
12
-1.4517
22
1.8891
32
-2.0393
13
-1.4560
23
1.9890
33
-2.0436
0
3DFACE
8
B2_v2
10
-1.5516
20
1.8848
30
-2.0190
11
-1.5474
21
1.7849
31
-2.0140
12
-1.4475
22
1.7892
32
-2.0346
13
-1.4517
23
1.8891
33
-2.0393
0
3DFACE
8
B2_v2
10
-1.5474
20
1.7849
30
-2.0140
11
-1.5431
21
1.6850
31
-2.0078
12
-1.4432
22
1.6893
32
-2.0293
13
-1.4475
23
1.7892
33
-2.0346
0
3DFACE
8
B2_v2
10
-1.5431
20
1.6850
30
-2.0078
11
-1.5389
21
1.5851
31
-2.0013
12
-1.4390
22
1.5894
32
-2.0228
13
-1.4432
23
1.6893
33
-2.0293
0
3DFACE
8
B2_v2
10
-1.5389
20
1.5851
30
-2.0013
11
-1.5347
21
1.4852
31
-1.9945
12
-1.4347
22
1.4895
32
-2.0170
13
-1.4390
23
1.5894
33
-2.0228
0
3DFACE
8
B2_v2
10
-1.5347
20
1.4852
30
-1.9945
11
-1.5304
21
1.3853
31
-1.9870
12
-1.4305
22
1.3895
32
-2.0118
13
-1.4347
23
1.4895
33
-2.0170
0
3DFACE
8
B2_v2
10
-1.5304
20
1.3853
30
-1.9870
11
-1.5262
21
1.2854
31
-1.9797
12
-1.4263
22
1.2896
32
-2.0073
13
-1.4305
23
1.3895
33
-2.0118
0
3DFACE
8
B2_v2
10
-1.5262
20
1.2854
30
-1.9797
11
-1.5219
21
1.1855
31
-1.9732
12
-1.4220
22
1.1897
32
-2.0022
13
-1.4263
23
1.2896
33
-2.0073
0
3DFACE
8
B2_v2
10
-1.5219
20
1.1855
30
-1.9732
11
-1.5177
21
1.0856
31
-1.9661
12
-1.4178
22
1.0898
32
-1.9973
13
-1.4220
23
1.1897
33
-2.0022
0
3DFACE
8
B2_v2
10
-1.5177
20
1.0856
30
-1.9661
11
-1.5134
21
0.9857
31
-1.9597
12
-1.4135
22
0.9899
32
-1.9940
13
-1.4178
23
1.0898
33
-1.9973
0
3DFACE
8
B2_v2
10
-1.5134
20
0.9857
30
-1.9597
11
-1.5092
21
0.8858
31
-1.9548
12
-1.4093
22
0.8900
32
-1.9914
13
-1.4135
23
0.9899
33
-1.9940
0
3DFACE
8
B2_v2
10
-1.5092
20
0.8858
30
-1.9548
11
-1.5050
21
0.7858
31
-1.9500
12
-1.4050
22
0.7901
32
-1.9883
13
-1.4093
23
0.8900
33
-1.9914
0
3DFACE
8
B2_v2
10
-1.5050
20
0.7858
30
-1.9500
11
-1.5007
21
0.6859
31
-1.9441
12
-1.4008
22
0.6902
32
-1.9844
13
-1.4050
23
0.7901
33
-1.9883
0
3DFACE
8
B2_v2
10
-1.5007
20
0.6859
30
-1.9441
11
-1.4965
21
0.5860
31
-1.9380
12
-1.3966
22
0.5903
32
-1.9813
13
-1.4008
23
0.6902
33
-1.9844
0
3DFACE
8
B2_v2
10
-1.4965
20
0.5860
30
-1.9380
11
-1.4922
21
0.4861
31
-1.9322
12
-1.3923
22
0.4904
32
-1.9783
13
-1.3966
23
0.5903
33
-1.9813
0
3DFACE
8
B2_v2
10
-1.4922
20
0.4861
30
-1.9322
11
-1.4880
21
0.3862
31
-1.9272
12
-1.3881
22
0.3904
32
-1.9743
13
-1.3923
23
0.4904
33
-1.9783
0
3DFACE
8
B2_v2
10
-1.4880
20
0.3862
30
-1.9272
11
-1.4837
21
0.2863
31
-1.9225
12
-1.3838
22
0.2905
32
-1.9701
13
-1.3881
23
0.3904
33
-1.9743
0
3DFACE
8
B2_v2
10
-1.4837
20
0.2863
30
-1.9225
11
-1.4795
21
0.1864
31
-1.9185
12
-1.3796
22
0.1906
32
-1.9675
13
-1.3838
23
0.2905
33
-1.9701
0
3DFACE
8
B2_v2
10
-1.4795
20
0.1864
30
-1.9185
11
-1.4752
21
0.0865
31
-1.9079
12
-1.3753
22
0.0907
32
-1.9595
13
-1.3796
23
0.1906
33
-1.9675
0
3DFACE
8
B2_v2
10
-1.4752
20
0.0865
30
-1.9079
11
-1.4710
21
-0.0134
31
-1.8961
12
-1.3711
22
-0.0092
32
-1.9510
13
-1.3753
23
0.0907
33
-1.9595
0
3DFACE
8
B2_v2
10
-1.4710
20
-0.0134
30
-1.8961
11
-1.4668
21
-0.1133
31
-1.8847
12
-1.3668
22
-0.1091
32
-1.9417
13
-1.3711
23
-0.0092
33
-1.9510
0
3DFACE
8
B2_v2
10
-1.4668
20
-0.1133
30
-1.8847
11
-1.4625
21
-0.2133
31
-1.8714
12
-1.3626
22
-0.2090
32
-1.9318
13
-1.3668
23
-0.1091
33
-1.9417
0
3DFACE
8
B2_v2
10
-1.4625
20
-0.2133
30
-1.8714
11
-1.4583
21
-0.3132
31
-1.8573
12
-1.3584
22
-0.3089
32
-1.9194
13
-1.3626
23
-0.2090
33
-1.9318
0
3DFACE
8
B2_v2
10
-1.4583
20
-0.3132
30
-1.8573
11
-1.4540
21
-0.4131
31
-1.8494
12
-1.3541
22
-0.4088
32
-1.9123
13
-1.3584
23
-0.3089
33
-1.9194
0
3DFACE
8
B2_v2
10
-1.4540
20
-0.4131
30
-1.8494
11
-1.4498
21
-0.5130
31
-1.8427
12
-1.3499
22
-0.5087
32
-1.9065
13
-1.3541
23
-0.4088
33
-1.9123
0
3DFACE
8
B2_v2
10
-1.4498
20
-0.5130
30
-1.8427
11
-1.4455
21
-0.6129
31
-1.8359
12
-1.3456
22
-0.6087
32
-1.9008
13
-1.3499
23
-0.5087
33
-1.9065
0
3DFACE
8
B2_v2
10
-1.4455
20
-0.6129
30
-1.8359
11
-1.4413
21
-0.7128
31
-1.8291
12
-1.3414
22
-0.7086
32
-1.8952
13
-1.3456
23
-0.6087
33
-1.9008
0
3DFACE
8
B2_v2
10
-1.4413
20
-0.7128
30
-1.8291
11
-1.4371
21
-0.8127
31
-1.8217
12
-1.3371
22
-0.8085
32
-1.8805
13
-1.3414
23
-0.7086
33
-1.8952
0
3DFACE
8
B2_v2
10
-1.4371
20
-0.8127
30
-1.8217
11
-1.4328
21
-0.9126
31
-1.8150
12
-1.3329
22
-0.9084
32
-1.8653
13
-1.3371
23
-0.8085
33
-1.8805
0
3DFACE
8
B2_v2
10
-1.4328
20
-0.9126
30
-1.8150
11
-1.4286
21
-1.0125
31
-1.8083
12
-1.3287
22
-1.0083
32
-1.8508
13
-1.3329
23
-0.9084
33
-1.8653
0
3DFACE
8
B2_v2
10
-1.4286
20
-1.0125
30
-1.8083
11
-1.4243
21
-1.1124
31
-1.8023
12
-1.3244
22
-1.1082
32
-1.8369
13
-1.3287
23
-1.0083
33
-1.8508
0
3DFACE
8
B2_v2
10
-1.4243
20
-1.1124
30
-1.8023
11
-1.4201
21
-1.2124
31
-1.7955
12
-1.3202
22
-1.2081
32
-1.8224
13
-1.3244
23
-1.1082
33
-1.8369
0
3DFACE
8
B2_v2
10
-1.4201
20
-1.2124
30
-1.7955
11
-1.4158
21
-1.3123
31
-1.7918
12
-1.3159
22
-1.3080
32
-1.8170
13
-1.3202
23
-1.2081
33
-1.8224
0
3DFACE
8
B2_v2
10
-1.4158
20
-1.3123
30
-1.7918
11
-1.4116
21
-1.4122
31
-1.7881
12
-1.3117
22
-1.4079
32
-1.8131
13
-1.3159
23
-1.3080
33
-1.8170
0
3DFACE
8
B2_v2
10
-1.5239
20
3.5876
30
-2.1112
11
-1.5196
21
3.4877
31
-2.1085
12
-1.4197
22
3.4919
32
-2.1229
13
-1.4240
23
3.5918
33
-2.1256
0
3DFACE
8
B2_v2
10
-1.5196
20
3.4877
30
-2.1085
11
-1.5154
21
3.3877
31
-2.1047
12
-1.4155
22
3.3920
32
-2.1198
13
-1.4197
23
3.4919
33
-2.1229
0
3DFACE
8
B2_v2
10
-1.5154
20
3.3877
30
-2.1047
11
-1.5111
21
3.2878
31
-2.1007
12
-1.4112
22
3.2921
32
-2.1162
13
-1.4155
23
3.3920
33
-2.1198
0
3DFACE
8
B2_v2
10
-1.5111
20
3.2878
30
-2.1007
11
-1.5069
21
3.1879
31
-2.0963
12
-1.4070
22
3.1922
32
-2.1126
13
-1.4112
23
3.2921
33
-2.1162
0
3DFACE
8
B2_v2
10
-1.5069
20
3.1879
30
-2.0963
11
-1.5027
21
3.0880
31
-2.0920
12
-1.4027
22
3.0923
32
-2.1094
13
-1.4070
23
3.1922
33
-2.1126
0
3DFACE
8
B2_v2
10
-1.5027
20
3.0880
30
-2.0920
11
-1.4984
21
2.9881
31
-2.0878
12
-1.3985
22
2.9923
32
-2.1062
13
-1.4027
23
3.0923
33
-2.1094
0
3DFACE
8
B2_v2
10
-1.4984
20
2.9881
30
-2.0878
11
-1.4942
21
2.8882
31
-2.0836
12
-1.3943
22
2.8924
32
-2.1026
13
-1.3985
23
2.9923
33
-2.1062
0
3DFACE
8
B2_v2
10
-1.4942
20
2.8882
30
-2.0836
11
-1.4899
21
2.7883
31
-2.0793
12
-1.3900
22
2.7925
32
-2.0991
13
-1.3943
23
2.8924
33
-2.1026
0
3DFACE
8
B2_v2
10
-1.4899
20
2.7883
30
-2.0793
11
-1.4857
21
2.6884
31
-2.0751
12
-1.3858
22
2.6926
32
-2.0958
13
-1.3900
23
2.7925
33
-2.0991
0
3DFACE
8
B2_v2
10
-1.4857
20
2.6884
30
-2.0751
11
-1.4814
21
2.5885
31
-2.0711
12
-1.3815
22
2.5927
32
-2.0916
13
-1.3858
23
2.6926
33
-2.0958
0
3DFACE
8
B2_v2
10
-1.4814
20
2.5885
30
-2.0711
11
-1.4772
21
2.4886
31
-2.0669
12
-1.3773
22
2.4928
32
-2.0880
13
-1.3815
23
2.5927
33
-2.0916
0
3DFACE
8
B2_v2
10
-1.4772
20
2.4886
30
-2.0669
11
-1.4729
21
2.3886
31
-2.0621
12
-1.3730
22
2.3929
32
-2.0843
13
-1.3773
23
2.4928
33
-2.0880
0
3DFACE
8
B2_v2
10
-1.4729
20
2.3886
30
-2.0621
11
-1.4687
21
2.2887
31
-2.0575
12
-1.3688
22
2.2930
32
-2.0811
13
-1.3730
23
2.3929
33
-2.0843
0
3DFACE
8
B2_v2
10
-1.4687
20
2.2887
30
-2.0575
11
-1.4645
21
2.1888
31
-2.0527
12
-1.3645
22
2.1931
32
-2.0770
13
-1.3688
23
2.2930
33
-2.0811
0
3DFACE
8
B2_v2
10
-1.4645
20
2.1888
30
-2.0527
11
-1.4602
21
2.0889
31
-2.0482
12
-1.3603
22
2.0932
32
-2.0727
13
-1.3645
23
2.1931
33
-2.0770
0
3DFACE
8
B2_v2
10
-1.4602
20
2.0889
30
-2.0482
11
-1.4560
21
1.9890
31
-2.0436
12
-1.3561
22
1.9932
32
-2.0675
13
-1.3603
23
2.0932
33
-2.0727
0
3DFACE
8
B2_v2
10
-1.4560
20
1.9890
30
-2.0436
11
-1.4517
21
1.8891
31
-2.0393
12
-1.3518
22
1.8933
32
-2.0625
13
-1.3561
23
1.9932
33
-2.0675
0
3DFACE
8
B2_v2
10
-1.4517
20
1.8891
30
-2.0393
11
-1.4475
21
1.7892
31
-2.0346
12
-1.3476
22
1.7934
32
-2.0574
13
-1.3518
23
1.8933
33
-2.0625
0
3DFACE
8
B2_v2
10
-1.4475
20
1.7892
30
-2.0346
11
-1.4432
21
1.6893
31
-2.0293
12
-1.3433
22
1.6935
32
-2.0522
13
-1.3476
23
1.7934
33
-2.0574
0
3DFACE
8
B2_v2
10
-1.4432
20
1.6893
30
-2.0293
11
-1.4390
21
1.5894
31
-2.0228
12
-1.3391
22
1.5936
32
-2.0470
13
-1.3433
23
1.6935
33
-2.0522
0
3DFACE
8
B2_v2
10
-1.4390
20
1.5894
30
-2.0228
11
-1.4347
21
1.4895
31
-2.0170
12
-1.3348
22
1.4937
32
-2.0430
13
-1.3391
23
1.5936
33
-2.0470
0
3DFACE
8
B2_v2
10
-1.4347
20
1.4895
30
-2.0170
11
-1.4305
21
1.3895
31
-2.0118
12
-1.3306
22
1.3938
32
-2.0393
13
-1.3348
23
1.4937
33
-2.0430
0
3DFACE
8
B2_v2
10
-1.4305
20
1.3895
30
-2.0118
11
-1.4263
21
1.2896
31
-2.0073
12
-1.3264
22
1.2939
32
-2.0356
13
-1.3306
23
1.3938
33
-2.0393
0
3DFACE
8
B2_v2
10
-1.4263
20
1.2896
30
-2.0073
11
-1.4220
21
1.1897
31
-2.0022
12
-1.3221
22
1.1940
32
-2.0329
13
-1.3264
23
1.2939
33
-2.0356
0
3DFACE
8
B2_v2
10
-1.4220
20
1.1897
30
-2.0022
11
-1.4178
21
1.0898
31
-1.9973
12
-1.3179
22
1.0941
32
-2.0285
13
-1.3221
23
1.1940
33
-2.0329
0
3DFACE
8
B2_v2
10
-1.4178
20
1.0898
30
-1.9973
11
-1.4135
21
0.9899
31
-1.9940
12
-1.3136
22
0.9941
32
-2.0265
13
-1.3179
23
1.0941
33
-2.0285
0
3DFACE
8
B2_v2
10
-1.4135
20
0.9899
30
-1.9940
11
-1.4093
21
0.8900
31
-1.9914
12
-1.3094
22
0.8942
32
-2.0256
13
-1.3136
23
0.9941
33
-2.0265
0
3DFACE
8
B2_v2
10
-1.4093
20
0.8900
30
-1.9914
11
-1.4050
21
0.7901
31
-1.9883
12
-1.3051
22
0.7943
32
-2.0249
13
-1.3094
23
0.8942
33
-2.0256
0
3DFACE
8
B2_v2
10
-1.4050
20
0.7901
30
-1.9883
11
-1.4008
21
0.6902
31
-1.9844
12
-1.3009
22
0.6944
32
-2.0246
13
-1.3051
23
0.7943
33
-2.0249
0
3DFACE
8
B2_v2
10
-1.4008
20
0.6902
30
-1.9844
11
-1.3966
21
0.5903
31
-1.9813
12
-1.2966
22
0.5945
32
-2.0240
13
-1.3009
23
0.6944
33
-2.0246
0
3DFACE
8
B2_v2
10
-1.3966
20
0.5903
30
-1.9813
11
-1.3923
21
0.4904
31
-1.9783
12
-1.2924
22
0.4946
32
-2.0242
13
-1.2966
23
0.5945
33
-2.0240
0
3DFACE
8
B2_v2
10
-1.3923
20
0.4904
30
-1.9783
11
-1.3881
21
0.3904
31
-1.9743
12
-1.2882
22
0.3947
32
-2.0231
13
-1.2924
23
0.4946
33
-2.0242
0
3DFACE
8
B2_v2
10
-1.3881
20
0.3904
30
-1.9743
11
-1.3838
21
0.2905
31
-1.9701
12
-1.2839
22
0.2948
32
-2.0235
13
-1.2882
23
0.3947
33
-2.0231
0
3DFACE
8
B2_v2
10
-1.3838
20
0.2905
30
-1.9701
11
-1.3796
21
0.1906
31
-1.9675
12
-1.2797
22
0.1949
32
-2.0240
13
-1.2839
23
0.2948
33
-2.0235
0
3DFACE
8
B2_v2
10
-1.3796
20
0.1906
30
-1.9675
11
-1.3753
21
0.0907
31
-1.9595
12
-1.2754
22
0.0950
32
-2.0191
13
-1.2797
23
0.1949
33
-2.0240
0
3DFACE
8
B2_v2
10
-1.3753
20
0.0907
30
-1.9595
11
-1.3711
21
-0.0092
31
-1.9510
12
-1.2712
22
-0.0050
32
-2.0127
13
-1.2754
23
0.0950
33
-2.0191
0
3DFACE
8
B2_v2
10
-1.3711
20
-0.0092
30
-1.9510
11
-1.3668
21
-0.1091
31
-1.9417
12
-1.2669
22
-0.1049
32
-2.0063
13
-1.2712
23
-0.0050
33
-2.0127
0
3DFACE
8
B2_v2
10
-1.3668
20
-0.1091
30
-1.9417
11
-1.3626
21
-0.2090
31
-1.9318
12
-1.2627
22
-0.2048
32
-1.9989
13
-1.2669
23
-0.1049
33
-2.0063
0
3DFACE
8
B2_v2
10
-1.3626
20
-0.2090
30
-1.9318
11
-1.3584
21
-0.3089
31
-1.9194
12
-1.2584
22
-0.3047
32
-1.9901
13
-1.2627
23
-0.2048
33
-1.9989
0
3DFACE
8
B2_v2
10
-1.3584
20
-0.3089
30
-1.9194
11
-1.3541
21
-0.4088
31
-1.9123
12
-1.2542
22
-0.4046
32
-1.9863
13
-1.2584
23
-0.3047
33
-1.9901
0
3DFACE
8
B2_v2
10
-1.3541
20
-0.4088
30
-1.9123
11
-1.3499
21
-0.5087
31
-1.9065
12
-1.2500
22
-0.5045
32
-1.9825
13
-1.2542
23
-0.4046
33
-1.9863
0
3DFACE
8
B2_v2
10
-1.3499
20
-0.5087
30
-1.9065
11
-1.3456
21
-0.6087
31
-1.9008
12
-1.2457
22
-0.6044
32
-1.9784
13
-1.2500
23
-0.5045
33
-1.9825
0
3DFACE
8
B2_v2
10
-1.3456
20
-0.6087
30
-1.9008
11
-1.3414
21
-0.7086
31
-1.8952
12
-1.2415
22
-0.7043
32
-1.9737
13
-1.2457
23
-0.6044
33
-1.9784
0
3DFACE
8
B2_v2
10
-1.3414
20
-0.7086
30
-1.8952
11
-1.3371
21
-0.8085
31
-1.8805
12
-1.2372
22
-0.8042
32
-1.9584
13
-1.2415
23
-0.7043
33
-1.9737
0
3DFACE
8
B2_v2
10
-1.3371
20
-0.8085
30
-1.8805
11
-1.3329
21
-0.9084
31
-1.8653
12
-1.2330
22
-0.9041
32
-1.9446
13
-1.2372
23
-0.8042
33
-1.9584
0
3DFACE
8
B2_v2
10
-1.3329
20
-0.9084
30
-1.8653
11
-1.3287
21
-1.0083
31
-1.8508
12
-1.2287
22
-1.0040
32
-1.9309
13
-1.2330
23
-0.9041
33
-1.9446
0
3DFACE
8
B2_v2
10
-1.3287
20
-1.0083
30
-1.8508
11
-1.3244
21
-1.1082
31
-1.8369
12
-1.2245
22
-1.1040
32
-1.9172
13
-1.2287
23
-1.0040
33
-1.9309
0
3DFACE
8
B2_v2
10
-1.3244
20
-1.1082
30
-1.8369
11
-1.3202
21
-1.2081
31
-1.8224
12
-1.2203
22
-1.2039
32
-1.9031
13
-1.2245
23
-1.1040
33
-1.9172
0
3DFACE
8
B2_v2
10
-1.3202
20
-1.2081
30
-1.8224
11
-1.3159
21
-1.3080
31
-1.8170
12
-1.2160
22
-1.3038
32
-1.8993
13
-1.2203
23
-1.2039
33
-1.9031
0
3DFACE
8
B2_v2
10
-1.3159
20
-1.3080
30
-1.8170
11
-1.3117
21
-1.4079
31
-1.8131
12
-1.2118
22
-1.4037
32
-1.8965
13
-1.2160
23
-1.3038
33
-1.8993
0
3DFACE
8
B2_v2
10
-1.4240
20
3.5918
30
-2.1256
11
-1.4197
21
3.4919
31
-2.1229
12
-1.3198
22
3.4961
32
-2.1383
13
-1.3241
23
3.5960
33
-2.1402
0
3DFACE
8
B2_v2
10
-1.4197
20
3.4919
30
-2.1229
11
-1.4155
21
3.3920
31
-2.1198
12
-1.3156
22
3.3962
32
-2.1349
13
-1.3198
23
3.4961
33
-2.1383
0
3DFACE
8
B2_v2
10
-1.4155
20
3.3920
30
-2.1198
11
-1.4112
21
3.2921
31
-2.1162
12
-1.3113
22
3.2963
32
-2.1323
13
-1.3156
23
3.3962
33
-2.1349
0
3DFACE
8
B2_v2
10
-1.4112
20
3.2921
30
-2.1162
11
-1.4070
21
3.1922
31
-2.1126
12
-1.3071
22
3.1964
32
-2.1300
13
-1.3113
23
3.2963
33
-2.1323
0
3DFACE
8
B2_v2
10
-1.4070
20
3.1922
30
-2.1126
11
-1.4027
21
3.0923
31
-2.1094
12
-1.3028
22
3.0965
32
-2.1276
13
-1.3071
23
3.1964
33
-2.1300
0
3DFACE
8
B2_v2
10
-1.4027
20
3.0923
30
-2.1094
11
-1.3985
21
2.9923
31
-2.1062
12
-1.2986
22
2.9966
32
-2.1250
13
-1.3028
23
3.0965
33
-2.1276
0
3DFACE
8
B2_v2
10
-1.3985
20
2.9923
30
-2.1062
11
-1.3943
21
2.8924
31
-2.1026
12
-1.2943
22
2.8967
32
-2.1224
13
-1.2986
23
2.9966
33
-2.1250
0
3DFACE
8
B2_v2
10
-1.3943
20
2.8924
30
-2.1026
11
-1.3900
21
2.7925
31
-2.0991
12
-1.2901
22
2.7968
32
-2.1206
13
-1.2943
23
2.8967
33
-2.1224
0
3DFACE
8
B2_v2
10
-1.3900
20
2.7925
30
-2.0991
11
-1.3858
21
2.6926
31
-2.0958
12
-1.2859
22
2.6969
32
-2.1178
13
-1.2901
23
2.7968
33
-2.1206
0
3DFACE
8
B2_v2
10
-1.3858
20
2.6926
30
-2.0958
11
-1.3815
21
2.5927
31
-2.0916
12
-1.2816
22
2.5970
32
-2.1147
13
-1.2859
23
2.6969
33
-2.1178
0
3DFACE
8
B2_v2
10
-1.3815
20
2.5927
30
-2.0916
11
-1.3773
21
2.4928
31
-2.0880
12
-1.2774
22
2.4970
32
-2.1119
13
-1.2816
23
2.5970
33
-2.1147
0
3DFACE
8
B2_v2
10
-1.3773
20
2.4928
30
-2.0880
11
-1.3730
21
2.3929
31
-2.0843
12
-1.2731
22
2.3971
32
-2.1087
13
-1.2774
23
2.4970
33
-2.1119
0
3DFACE
8
B2_v2
10
-1.3730
20
2.3929
30
-2.0843
11
-1.3688
21
2.2930
31
-2.0811
12
-1.2689
22
2.2972
32
-2.1045
13
-1.2731
23
2.3971
33
-2.1087
0
3DFACE
8
B2_v2
10
-1.3688
20
2.2930
30
-2.0811
11
-1.3645
21
2.1931
31
-2.0770
12
-1.2646
22
2.1973
32
-2.1007
13
-1.2689
23
2.2972
33
-2.1045
0
3DFACE
8
B2_v2
10
-1.3645
20
2.1931
30
-2.0770
11
-1.3603
21
2.0932
31
-2.0727
12
-1.2604
22
2.0974
32
-2.0960
13
-1.2646
23
2.1973
33
-2.1007
0
3DFACE
8
B2_v2
10
-1.3603
20
2.0932
30
-2.0727
11
-1.3561
21
1.9932
31
-2.0675
12
-1.2561
22
1.9975
32
-2.0910
13
-1.2604
23
2.0974
33
-2.0960
0
3DFACE
8
B2_v2
10
-1.3561
20
1.9932
30
-2.0675
11
-1.3518
21
1.8933
31
-2.0625
12
-1.2519
22
1.8976
32
-2.0870
13
-1.2561
23
1.9975
33
-2.0910
0
3DFACE
8
B2_v2
10
-1.3518
20
1.8933
30
-2.0625
11
-1.3476
21
1.7934
31
-2.0574
12
-1.2477
22
1.7977
32
-2.0830
13
-1.2519
23
1.8976
33
-2.0870
0
3DFACE
8
B2_v2
10
-1.3476
20
1.7934
30
-2.0574
11
-1.3433
21
1.6935
31
-2.0522
12
-1.2434
22
1.6978
32
-2.0789
13
-1.2477
23
1.7977
33
-2.0830
0
3DFACE
8
B2_v2
10
-1.3433
20
1.6935
30
-2.0522
11
-1.3391
21
1.5936
31
-2.0470
12
-1.2392
22
1.5979
32
-2.0751
13
-1.2434
23
1.6978
33
-2.0789
0
3DFACE
8
B2_v2
10
-1.3391
20
1.5936
30
-2.0470
11
-1.3348
21
1.4937
31
-2.0430
12
-1.2349
22
1.4979
32
-2.0699
13
-1.2392
23
1.5979
33
-2.0751
0
3DFACE
8
B2_v2
10
-1.3348
20
1.4937
30
-2.0430
11
-1.3306
21
1.3938
31
-2.0393
12
-1.2307
22
1.3980
32
-2.0668
13
-1.2349
23
1.4979
33
-2.0699
0
3DFACE
8
B2_v2
10
-1.3306
20
1.3938
30
-2.0393
11
-1.3264
21
1.2939
31
-2.0356
12
-1.2264
22
1.2981
32
-2.0644
13
-1.2307
23
1.3980
33
-2.0668
0
3DFACE
8
B2_v2
10
-1.3264
20
1.2939
30
-2.0356
11
-1.3221
21
1.1940
31
-2.0329
12
-1.2222
22
1.1982
32
-2.0627
13
-1.2264
23
1.2981
33
-2.0644
0
3DFACE
8
B2_v2
10
-1.3221
20
1.1940
30
-2.0329
11
-1.3179
21
1.0941
31
-2.0285
12
-1.2180
22
1.0983
32
-2.0609
13
-1.2222
23
1.1982
33
-2.0627
0
3DFACE
8
B2_v2
10
-1.3179
20
1.0941
30
-2.0285
11
-1.3136
21
0.9941
31
-2.0265
12
-1.2137
22
0.9984
32
-2.0610
13
-1.2180
23
1.0983
33
-2.0609
0
3DFACE
8
B2_v2
10
-1.3136
20
0.9941
30
-2.0265
11
-1.3094
21
0.8942
31
-2.0256
12
-1.2095
22
0.8985
32
-2.0611
13
-1.2137
23
0.9984
33
-2.0610
0
3DFACE
8
B2_v2
10
-1.3094
20
0.8942
30
-2.0256
11
-1.3051
21
0.7943
31
-2.0249
12
-1.2052
22
0.7986
32
-2.0611
13
-1.2095
23
0.8985
33
-2.0611
0
3DFACE
8
B2_v2
10
-1.3051
20
0.7943
30
-2.0249
11
-1.3009
21
0.6944
31
-2.0246
12
-1.2010
22
0.6987
32
-2.0619
13
-1.2052
23
0.7986
33
-2.0611
0
3DFACE
8
B2_v2
10
-1.3009
20
0.6944
30
-2.0246
11
-1.2966
21
0.5945
31
-2.0240
12
-1.1967
22
0.5988
32
-2.0621
13
-1.2010
23
0.6987
33
-2.0619
0
3DFACE
8
B2_v2
10
-1.2966
20
0.5945
30
-2.0240
11
-1.2924
21
0.4946
31
-2.0242
12
-1.1925
22
0.4988
32
-2.0646
13
-1.1967
23
0.5988
33
-2.0621
0
3DFACE
8
B2_v2
10
-1.2924
20
0.4946
30
-2.0242
11
-1.2882
21
0.3947
31
-2.0231
12
-1.1882
22
0.3989
32
-2.0678
13
-1.1925
23
0.4988
33
-2.0646
0
3DFACE
8
B2_v2
10
-1.2882
20
0.3947
30
-2.0231
11
-1.2839
21
0.2948
31
-2.0235
12
-1.1840
22
0.2990
32
-2.0719
13
-1.1882
23
0.3989
33
-2.0678
0
3DFACE
8
B2_v2
10
-1.2839
20
0.2948
30
-2.0235
11
-1.2797
21
0.1949
31
-2.0240
12
-1.1798
22
0.1991
32
-2.0748
13
-1.1840
23
0.2990
33
-2.0719
0
3DFACE
8
B2_v2
10
-1.2797
20
0.1949
30
-2.0240
11
-1.2754
21
0.0950
31
-2.0191
12
-1.1755
22
0.0992
32
-2.0713
13
-1.1798
23
0.1991
33
-2.0748
0
3DFACE
8
B2_v2
10
-1.2754
20
0.0950
30
-2.0191
11
-1.2712
21
-0.0050
31
-2.0127
12
-1.1713
22
-0.0007
32
-2.0684
13
-1.1755
23
0.0992
33
-2.0713
0
3DFACE
8
B2_v2
10
-1.2712
20
-0.0050
30
-2.0127
11
-1.2669
21
-0.1049
31
-2.0063
12
-1.1670
22
-0.1006
32
-2.0654
13
-1.1713
23
-0.0007
33
-2.0684
0
3DFACE
8
B2_v2
10
-1.2669
20
-0.1049
30
-2.0063
11
-1.2627
21
-0.2048
31
-1.9989
12
-1.1628
22
-0.2005
32
-2.0613
13
-1.1670
23
-0.1006
33
-2.0654
0
3DFACE
8
B2_v2
10
-1.2627
20
-0.2048
30
-1.9989
11
-1.2584
21
-0.3047
31
-1.9901
12
-1.1585
22
-0.3004
32
-2.0565
13
-1.1628
23
-0.2005
33
-2.0613
0
3DFACE
8
B2_v2
10
-1.2584
20
-0.3047
30
-1.9901
11
-1.2542
21
-0.4046
31
-1.9863
12
-1.1543
22
-0.4003
32
-2.0557
13
-1.1585
23
-0.3004
33
-2.0565
0
3DFACE
8
B2_v2
10
-1.2542
20
-0.4046
30
-1.9863
11
-1.2500
21
-0.5045
31
-1.9825
12
-1.1501
22
-0.5003
32
-2.0539
13
-1.1543
23
-0.4003
33
-2.0557
0
3DFACE
8
B2_v2
10
-1.2500
20
-0.5045
30
-1.9825
11
-1.2457
21
-0.6044
31
-1.9784
12
-1.1458
22
-0.6002
32
-2.0504
13
-1.1501
23
-0.5003
33
-2.0539
0
3DFACE
8
B2_v2
10
-1.2457
20
-0.6044
30
-1.9784
11
-1.2415
21
-0.7043
31
-1.9737
12
-1.1416
22
-0.7001
32
-2.0451
13
-1.1458
23
-0.6002
33
-2.0504
0
3DFACE
8
B2_v2
10
-1.2415
20
-0.7043
30
-1.9737
11
-1.2372
21
-0.8042
31
-1.9584
12
-1.1373
22
-0.8000
32
-2.0329
13
-1.1416
23
-0.7001
33
-2.0451
0
3DFACE
8
B2_v2
10
-1.2372
20
-0.8042
30
-1.9584
11
-1.2330
21
-0.9041
31
-1.9446
12
-1.1331
22
-0.8999
32
-2.0211
13
-1.1373
23
-0.8000
33
-2.0329
0
3DFACE
8
B2_v2
10
-1.2330
20
-0.9041
30
-1.9446
11
-1.2287
21
-1.0040
31
-1.9309
12
-1.1288
22
-0.9998
32
-2.0086
13
-1.1331
23
-0.8999
33
-2.0211
0
3DFACE
8
B2_v2
10
-1.2287
20
-1.0040
30
-1.9309
11
-1.2245
21
-1.1040
31
-1.9172
12
-1.1246
22
-1.0997
32
-1.9962
13
-1.1288
23
-0.9998
33
-2.0086
0
3DFACE
8
B2_v2
10
-1.2245
20
-1.1040
30
-1.9172
11
-1.2203
21
-1.2039
31
-1.9031
12
-1.1203
22
-1.1996
32
-1.9841
13
-1.1246
23
-1.0997
33
-1.9962
0
3DFACE
8
B2_v2
10
-1.2203
20
-1.2039
30
-1.9031
11
-1.2160
21
-1.3038
31
-1.8993
12
-1.1161
22
-1.2995
32
-1.9805
13
-1.1203
23
-1.1996
33
-1.9841
0
3DFACE
8
B2_v2
10
-1.2160
20
-1.3038
30
-1.8993
11
-1.2118
21
-1.4037
31
-1.8965
12
-1.1119
22
-1.3994
32
-1.9785
13
-1.1161
23
-1.2995
33
-1.9805
0
3DFACE
8
B2_v2
10
-1.3241
20
3.5960
30
-2.1402
11
-1.3198
21
3.4961
31
-2.1383
12
-1.2199
22
3.5004
32
-2.1694
13
-1.2241
23
3.6003
33
-2.1717
0
3DFACE
8
B2_v2
10
-1.3198
20
3.4961
30
-2.1383
11
-1.3156
21
3.3962
31
-2.1349
12
-1.2157
22
3.4005
32
-2.1671
13
-1.2199
23
3.5004
33
-2.1694
0
3DFACE
8
B2_v2
10
-1.3156
20
3.3962
30
-2.1349
11
-1.3113
21
3.2963
31
-2.1323
12
-1.2114
22
3.3006
32
-2.1649
13
-1.2157
23
3.4005
33
-2.1671
0
3DFACE
8
B2_v2
10
-1.3113
20
3.2963
30
-2.1323
11
-1.3071
21
3.1964
31
-2.1300
12
-1.2072
22
3.2007
32
-2.1627
13
-1.2114
23
3.3006
33
-2.1649
0
3DFACE
8
B2_v2
10
-1.3071
20
3.1964
30
-2.1300
11
-1.3028
21
3.0965
31
-2.1276
12
-1.2029
22
3.1007
32
-2.1600
13
-1.2072
23
3.2007
33
-2.1627
0
3DFACE
8
B2_v2
10
-1.3028
20
3.0965
30
-2.1276
11
-1.2986
21
2.9966
31
-2.1250
12
-1.1987
22
3.0008
32
-2.1578
13
-1.2029
23
3.1007
33
-2.1600
0
3DFACE
8
B2_v2
10
-1.2986
20
2.9966
30
-2.1250
11
-1.2943
21
2.8967
31
-2.1224
12
-1.1944
22
2.9009
32
-2.1550
13
-1.1987
23
3.0008
33
-2.1578
0
3DFACE
8
B2_v2
10
-1.2943
20
2.8967
30
-2.1224
11
-1.2901
21
2.7968
31
-2.1206
12
-1.1902
22
2.8010
32
-2.1518
13
-1.1944
23
2.9009
33
-2.1550
0
3DFACE
8
B2_v2
10
-1.2901
20
2.7968
30
-2.1206
11
-1.2859
21
2.6969
31
-2.1178
12
-1.1859
22
2.7011
32
-2.1489
13
-1.1902
23
2.8010
33
-2.1518
0
3DFACE
8
B2_v2
10
-1.2859
20
2.6969
30
-2.1178
11
-1.2816
21
2.5970
31
-2.1147
12
-1.1817
22
2.6012
32
-2.1455
13
-1.1859
23
2.7011
33
-2.1489
0
3DFACE
8
B2_v2
10
-1.2816
20
2.5970
30
-2.1147
11
-1.2774
21
2.4970
31
-2.1119
12
-1.1775
22
2.5013
32
-2.1418
13
-1.1817
23
2.6012
33
-2.1455
0
3DFACE
8
B2_v2
10
-1.2774
20
2.4970
30
-2.1119
11
-1.2731
21
2.3971
31
-2.1087
12
-1.1732
22
2.4014
32
-2.1382
13
-1.1775
23
2.5013
33
-2.1418
0
3DFACE
8
B2_v2
10
-1.2731
20
2.3971
30
-2.1087
11
-1.2689
21
2.2972
31
-2.1045
12
-1.1690
22
2.3015
32
-2.1339
13
-1.1732
23
2.4014
33
-2.1382
0
3DFACE
8
B2_v2
10
-1.2689
20
2.2972
30
-2.1045
11
-1.2646
21
2.1973
31
-2.1007
12
-1.1647
22
2.2016
32
-2.1287
13
-1.1690
23
2.3015
33
-2.1339
0
3DFACE
8
B2_v2
10
-1.2646
20
2.1973
30
-2.1007
11
-1.2604
21
2.0974
31
-2.0960
12
-1.1605
22
2.1016
32
-2.1233
13
-1.1647
23
2.2016
33
-2.1287
0
3DFACE
8
B2_v2
10
-1.2604
20
2.0974
30
-2.0960
11
-1.2561
21
1.9975
31
-2.0910
12
-1.1562
22
2.0017
32
-2.1180
13
-1.1605
23
2.1016
33
-2.1233
0
3DFACE
8
B2_v2
10
-1.2561
20
1.9975
30
-2.0910
11
-1.2519
21
1.8976
31
-2.0870
12
-1.1520
22
1.9018
32
-2.1129
13
-1.1562
23
2.0017
33
-2.1180
0
3DFACE
8
B2_v2
10
-1.2519
20
1.8976
30
-2.0870
11
-1.2477
21
1.7977
31
-2.0830
12
-1.1478
22
1.8019
32
-2.1081
13
-1.1520
23
1.9018
33
-2.1129
0
3DFACE
8
B2_v2
10
-1.2477
20
1.7977
30
-2.0830
11
-1.2434
21
1.6978
31
-2.0789
12
-1.1435
22
1.7020
32
-2.1035
13
-1.1478
23
1.8019
33
-2.1081
0
3DFACE
8
B2_v2
10
-1.2434
20
1.6978
30
-2.0789
11
-1.2392
21
1.5979
31
-2.0751
12
-1.1393
22
1.6021
32
-2.1007
13
-1.1435
23
1.7020
33
-2.1035
0
3DFACE
8
B2_v2
10
-1.2392
20
1.5979
30
-2.0751
11
-1.2349
21
1.4979
31
-2.0699
12
-1.1350
22
1.5022
32
-2.0986
13
-1.1393
23
1.6021
33
-2.1007
0
3DFACE
8
B2_v2
10
-1.2349
20
1.4979
30
-2.0699
11
-1.2307
21
1.3980
31
-2.0668
12
-1.1308
22
1.4023
32
-2.0966
13
-1.1350
23
1.5022
33
-2.0986
0
3DFACE
8
B2_v2
10
-1.2307
20
1.3980
30
-2.0668
11
-1.2264
21
1.2981
31
-2.0644
12
-1.1265
22
1.3024
32
-2.0950
13
-1.1308
23
1.4023
33
-2.0966
0
3DFACE
8
B2_v2
10
-1.2264
20
1.2981
30
-2.0644
11
-1.2222
21
1.1982
31
-2.0627
12
-1.1223
22
1.2025
32
-2.0923
13
-1.1265
23
1.3024
33
-2.0950
0
3DFACE
8
B2_v2
10
-1.2222
20
1.1982
30
-2.0627
11
-1.2180
21
1.0983
31
-2.0609
12
-1.1180
22
1.1025
32
-2.0928
13
-1.1223
23
1.2025
33
-2.0923
0
3DFACE
8
B2_v2
10
-1.2180
20
1.0983
30
-2.0609
11
-1.2137
21
0.9984
31
-2.0610
12
-1.1138
22
1.0026
32
-2.0932
13
-1.1180
23
1.1025
33
-2.0928
0
3DFACE
8
B2_v2
10
-1.2137
20
0.9984
30
-2.0610
11
-1.2095
21
0.8985
31
-2.0611
12
-1.1096
22
0.9027
32
-2.0939
13
-1.1138
23
1.0026
33
-2.0932
0
3DFACE
8
B2_v2
10
-1.2095
20
0.8985
30
-2.0611
11
-1.2052
21
0.7986
31
-2.0611
12
-1.1053
22
0.8028
32
-2.0930
13
-1.1096
23
0.9027
33
-2.0939
0
3DFACE
8
B2_v2
10
-1.2052
20
0.7986
30
-2.0611
11
-1.2010
21
0.6987
31
-2.0619
12
-1.1011
22
0.7029
32
-2.0943
13
-1.1053
23
0.8028
33
-2.0930
0
3DFACE
8
B2_v2
10
-1.2010
20
0.6987
30
-2.0619
11
-1.1967
21
0.5988
31
-2.0621
12
-1.0968
22
0.6030
32
-2.0967
13
-1.1011
23
0.7029
33
-2.0943
0
3DFACE
8
B2_v2
10
-1.1967
20
0.5988
30
-2.0621
11
-1.1925
21
0.4988
31
-2.0646
12
-1.0926
22
0.5031
32
-2.1008
13
-1.0968
23
0.6030
33
-2.0967
0
3DFACE
8
B2_v2
10
-1.1925
20
0.4988
30
-2.0646
11
-1.1882
21
0.3989
31
-2.0678
12
-1.0883
22
0.4032
32
-2.1070
13
-1.0926
23
0.5031
33
-2.1008
0
3DFACE
8
B2_v2
10
-1.1882
20
0.3989
30
-2.0678
11
-1.1840
21
0.2990
31
-2.0719
12
-1.0841
22
0.3033
32
-2.1138
13
-1.0883
23
0.4032
33
-2.1070
0
3DFACE
8
B2_v2
10
-1.1840
20
0.2990
30
-2.0719
11
-1.1798
21
0.1991
31
-2.0748
12
-1.0798
22
0.2034
32
-2.1205
13
-1.0841
23
0.3033
33
-2.1138
0
3DFACE
8
B2_v2
10
-1.1798
20
0.1991
30
-2.0748
11
-1.1755
21
0.0992
31
-2.0713
12
-1.0756
22
0.1034
32
-2.1215
13
-1.0798
23
0.2034
33
-2.1205
0
3DFACE
8
B2_v2
10
-1.1755
20
0.0992
30
-2.0713
11
-1.1713
21
-0.0007
31
-2.0684
12
-1.0714
22
0.0035
32
-2.1219
13
-1.0756
23
0.1034
33
-2.1215
0
3DFACE
8
B2_v2
10
-1.1713
20
-0.0007
30
-2.0684
11
-1.1670
21
-0.1006
31
-2.0654
12
-1.0671
22
-0.0964
32
-2.1217
13
-1.0714
23
0.0035
33
-2.1219
0
3DFACE
8
B2_v2
10
-1.1670
20
-0.1006
30
-2.0654
11
-1.1628
21
-0.2005
31
-2.0613
12
-1.0629
22
-0.1963
32
-2.1204
13
-1.0671
23
-0.0964
33
-2.1217
0
3DFACE
8
B2_v2
10
-1.1628
20
-0.2005
30
-2.0613
11
-1.1585
21
-0.3004
31
-2.0565
12
-1.0586
22
-0.2962
32
-2.1180
13
-1.0629
23
-0.1963
33
-2.1204
0
3DFACE
8
B2_v2
10
-1.1585
20
-0.3004
30
-2.0565
11
-1.1543
21
-0.4003
31
-2.0557
12
-1.0544
22
-0.3961
32
-2.1193
13
-1.0586
23
-0.2962
33
-2.1180
0
3DFACE
8
B2_v2
10
-1.1543
20
-0.4003
30
-2.0557
11
-1.1501
21
-0.5003
31
-2.0539
12
-1.0501
22
-0.4960
32
-2.1197
13
-1.0544
23
-0.3961
33
-2.1193
0
3DFACE
8
B2_v2
10
-1.1501
20
-0.5003
30
-2.0539
11
-1.1458
21
-0.6002
31
-2.0504
12
-1.0459
22
-0.5959
32
-2.1187
13
-1.0501
23
-0.4960
33
-2.1197
0
3DFACE
8
B2_v2
10
-1.1458
20
-0.6002
30
-2.0504
11
-1.1416
21
-0.7001
31
-2.0451
12
-1.0417
22
-0.6958
32
-2.1144
13
-1.0459
23
-0.5959
33
-2.1187
0
3DFACE
8
B2_v2
10
-1.1416
20
-0.7001
30
-2.0451
11
-1.1373
21
-0.8000
31
-2.0329
12
-1.0374
22
-0.7957
32
-2.1038
13
-1.0417
23
-0.6958
33
-2.1144
0
3DFACE
8
B2_v2
10
-1.1373
20
-0.8000
30
-2.0329
11
-1.1331
21
-0.8999
31
-2.0211
12
-1.0332
22
-0.8957
32
-2.0936
13
-1.0374
23
-0.7957
33
-2.1038
0
3DFACE
8
B2_v2
10
-1.1331
20
-0.8999
30
-2.0211
11
-1.1288
21
-0.9998
31
-2.0086
12
-1.0289
22
-0.9956
32
-2.0826
13
-1.0332
23
-0.8957
33
-2.0936
0
3DFACE
8
B2_v2
10
-1.1288
20
-0.9998
30
-2.0086
11
-1.1246
21
-1.0997
31
-1.9962
12
-1.0247
22
-1.0955
32
-2.0710
13
-1.0289
23
-0.9956
33
-2.0826
0
3DFACE
8
B2_v2
10
-1.1246
20
-1.0997
30
-1.9962
11
-1.1203
21
-1.1996
31
-1.9841
12
-1.0204
22
-1.1954
32
-2.0594
13
-1.0247
23
-1.0955
33
-2.0710
0
3DFACE
8
B2_v2
10
-1.1203
20
-1.1996
30
-1.9841
11
-1.1161
21
-1.2995
31
-1.9805
12
-1.0162
22
-1.2953
32
-2.0569
13
-1.0204
23
-1.1954
33
-2.0594
0
3DFACE
8
B2_v2
10
-1.1161
20
-1.2995
30
-1.9805
11
-1.1119
21
-1.3994
31
-1.9785
12
-1.0119
22
-1.3952
32
-2.0572
13
-1.0162
23
-1.2953
33
-2.0569
0
3DFACE
8
B2_v2
10
-1.2241
20
3.6003
30
-2.1717
11
-1.2199
21
3.5004
31
-2.1694
12
-1.1200
22
3.5046
32
-2.1989
13
-1.1242
23
3.6045
33
-2.1997
0
3DFACE
8
B2_v2
10
-1.2199
20
3.5004
30
-2.1694
11
-1.2157
21
3.4005
31
-2.1671
12
-1.1157
22
3.4047
32
-2.1980
13
-1.1200
23
3.5046
33
-2.1989
0
3DFACE
8
B2_v2
10
-1.2157
20
3.4005
30
-2.1671
11
-1.2114
21
3.3006
31
-2.1649
12
-1.1115
22
3.3048
32
-2.1965
13
-1.1157
23
3.4047
33
-2.1980
0
3DFACE
8
B2_v2
10
-1.2114
20
3.3006
30
-2.1649
11
-1.2072
21
3.2007
31
-2.1627
12
-1.1073
22
3.2049
32
-2.1946
13
-1.1115
23
3.3048
33
-2.1965
0
3DFACE
8
B2_v2
10
-1.2072
20
3.2007
30
-2.1627
11
-1.2029
21
3.1007
31
-2.1600
12
-1.1030
22
3.1050
32
-2.1928
13
-1.1073
23
3.2049
33
-2.1946
0
3DFACE
8
B2_v2
10
-1.2029
20
3.1007
30
-2.1600
11
-1.1987
21
3.0008
31
-2.1578
12
-1.0988
22
3.0051
32
-2.1913
13
-1.1030
23
3.1050
33
-2.1928
0
3DFACE
8
B2_v2
10
-1.1987
20
3.0008
30
-2.1578
11
-1.1944
21
2.9009
31
-2.1550
12
-1.0945
22
2.9052
32
-2.1886
13
-1.0988
23
3.0051
33
-2.1913
0
3DFACE
8
B2_v2
10
-1.1944
20
2.9009
30
-2.1550
11
-1.1902
21
2.8010
31
-2.1518
12
-1.0903
22
2.8053
32
-2.1867
13
-1.0945
23
2.9052
33
-2.1886
0
3DFACE
8
B2_v2
10
-1.1902
20
2.8010
30
-2.1518
11
-1.1859
21
2.7011
31
-2.1489
12
-1.0860
22
2.7053
32
-2.1843
13
-1.0903
23
2.8053
33
-2.1867
0
3DFACE
8
B2_v2
10
-1.1859
20
2.7011
30
-2.1489
11
-1.1817
21
2.6012
31
-2.1455
12
-1.0818
22
2.6054
32
-2.1802
13
-1.0860
23
2.7053
33
-2.1843
0
3DFACE
8
B2_v2
10
-1.1817
20
2.6012
30
-2.1455
11
-1.1775
21
2.5013
31
-2.1418
12
-1.0775
22
2.5055
32
-2.1749
13
-1.0818
23
2.6054
33
-2.1802
0
3DFACE
8
B2_v2
10
-1.1775
20
2.5013
30
-2.1418
11
-1.1732
21
2.4014
31
-2.1382
12
-1.0733
22
2.4056
32
-2.1694
13
-1.0775
23
2.5055
33
-2.1749
0
3DFACE
8
B2_v2
10
-1.1732
20
2.4014
30
-2.1382
11
-1.1690
21
2.3015
31
-2.1339
12
-1.0691
22
2.3057
32
-2.1648
13
-1.0733
23
2.4056
33
-2.1694
0
3DFACE
8
B2_v2
10
-1.1690
20
2.3015
30
-2.1339
11
-1.1647
21
2.2016
31
-2.1287
12
-1.0648
22
2.2058
32
-2.1598
13
-1.0691
23
2.3057
33
-2.1648
0
3DFACE
8
B2_v2
10
-1.1647
20
2.2016
30
-2.1287
11
-1.1605
21
2.1016
31
-2.1233
12
-1.0606
22
2.1059
32
-2.1551
13
-1.0648
23
2.2058
33
-2.1598
0
3DFACE
8
B2_v2
10
-1.1605
20
2.1016
30
-2.1233
11
-1.1562
21
2.0017
31
-2.1180
12
-1.0563
22
2.0060
32
-2.1505
13
-1.0606
23
2.1059
33
-2.1551
0
3DFACE
8
B2_v2
10
-1.1562
20
2.0017
30
-2.1180
11
-1.1520
21
1.9018
31
-2.1129
12
-1.0521
22
1.9061
32
-2.1452
13
-1.0563
23
2.0060
33
-2.1505
0
3DFACE
8
B2_v2
10
-1.1520
20
1.9018
30
-2.1129
11
-1.1478
21
1.8019
31
-2.1081
12
-1.0478
22
1.8062
32
-2.1402
13
-1.0521
23
1.9061
33
-2.1452
0
3DFACE
8
B2_v2
10
-1.1478
20
1.8019
30
-2.1081
11
-1.1435
21
1.7020
31
-2.1035
12
-1.0436
22
1.7062
32
-2.1348
13
-1.0478
23
1.8062
33
-2.1402
0
3DFACE
8
B2_v2
10
-1.1435
20
1.7020
30
-2.1035
11
-1.1393
21
1.6021
31
-2.1007
12
-1.0394
22
1.6063
32
-2.1314
13
-1.0436
23
1.7062
33
-2.1348
0
3DFACE
8
B2_v2
10
-1.1393
20
1.6021
30
-2.1007
11
-1.1350
21
1.5022
31
-2.0986
12
-1.0351
22
1.5064
32
-2.1288
13
-1.0394
23
1.6063
33
-2.1314
0
3DFACE
8
B2_v2
10
-1.1350
20
1.5022
30
-2.0986
11
-1.1308
21
1.4023
31
-2.0966
12
-1.0309
22
1.4065
32
-2.1265
13
-1.0351
23
1.5064
33
-2.1288
0
3DFACE
8
B2_v2
10
-1.1308
20
1.4023
30
-2.0966
11
-1.1265
21
1.3024
31
-2.0950
12
-1.0266
22
1.3066
32
-2.1233
13
-1.0309
23
1.4065
33
-2.1265
0
3DFACE
8
B2_v2
10
-1.1265
20
1.3024
30
-2.0950
11
-1.1223
21
1.2025
31
-2.0923
12
-1.0224
22
1.2067
32
-2.1207
13
-1.0266
23
1.3066
33
-2.1233
0
3DFACE
8
B2_v2
10
-1.1223
20
1.2025
30
-2.0923
11
-1.1180
21
1.1025
31
-2.0928
12
-1.0181
22
1.1068
32
-2.1189
13
-1.0224
23
1.2067
33
-2.1207
0
3DFACE
8
B2_v2
10
-1.1180
20
1.1025
30
-2.0928
11
-1.1138
21
1.0026
31
-2.0932
12
-1.0139
22
1.0069
32
-2.1173
13
-1.0181
23
1.1068
33
-2.1189
0
3DFACE
8
B2_v2
10
-1.1138
20
1.0026
30
-2.0932
11
-1.1096
21
0.9027
31
-2.0939
12
-1.0096
22
0.9070
32
-2.1162
13
-1.0139
23
1.0069
33
-2.1173
0
3DFACE
8
B2_v2
10
-1.1096
20
0.9027
30
-2.0939
11
-1.1053
21
0.8028
31
-2.0930
12
-1.0054
22
0.8071
32
-2.1148
13
-1.0096
23
0.9070
33
-2.1162
0
3DFACE
8
B2_v2
10
-1.1053
20
0.8028
30
-2.0930
11
-1.1011
21
0.7029
31
-2.0943
12
-1.0012
22
0.7072
32
-2.1142
13
-1.0054
23
0.8071
33
-2.1148
0
3DFACE
8
B2_v2
10
-1.1011
20
0.7029
30
-2.0943
11
-1.0968
21
0.6030
31
-2.0967
12
-0.9969
22
0.6072
32
-2.1159
13
-1.0012
23
0.7072
33
-2.1142
0
3DFACE
8
B2_v2
10
-1.0968
20
0.6030
30
-2.0967
11
-1.0926
21
0.5031
31
-2.1008
12
-0.9927
22
0.5073
32
-2.1201
13
-0.9969
23
0.6072
33
-2.1159
0
3DFACE
8
B2_v2
10
-1.0926
20
0.5031
30
-2.1008
11
-1.0883
21
0.4032
31
-2.1070
12
-0.9884
22
0.4074
32
-2.1249
13
-0.9927
23
0.5073
33
-2.1201
0
3DFACE
8
B2_v2
10
-1.0883
20
0.4032
30
-2.1070
11
-1.0841
21
0.3033
31
-2.1138
12
-0.9842
22
0.3075
32
-2.1331
13
-0.9884
23
0.4074
33
-2.1249
0
3DFACE
8
B2_v2
10
-1.0841
20
0.3033
30
-2.1138
11
-1.0798
21
0.2034
31
-2.1205
12
-0.9799
22
0.2076
32
-2.1404
13
-0.9842
23
0.3075
33
-2.1331
0
3DFACE
8
B2_v2
10
-1.0798
20
0.2034
30
-2.1205
11
-1.0756
21
0.1034
31
-2.1215
12
-0.9757
22
0.1077
32
-2.1487
13
-0.9799
23
0.2076
33
-2.1404
0
3DFACE
8
B2_v2
10
-1.0756
20
0.1034
30
-2.1215
11
-1.0714
21
0.0035
31
-2.1219
12
-0.9715
22
0.0078
32
-2.1575
13
-0.9757
23
0.1077
33
-2.1487
0
3DFACE
8
B2_v2
10
-1.0714
20
0.0035
30
-2.1219
11
-1.0671
21
-0.0964
31
-2.1217
12
-0.9672
22
-0.0921
32
-2.1659
13
-0.9715
23
0.0078
33
-2.1575
0
3DFACE
8
B2_v2
10
-1.0671
20
-0.0964
30
-2.1217
11
-1.0629
21
-0.1963
31
-2.1204
12
-0.9630
22
-0.1920
32
-2.1724
13
-0.9672
23
-0.0921
33
-2.1659
0
3DFACE
8
B2_v2
10
-1.0629
20
-0.1963
30
-2.1204
11
-1.0586
21
-0.2962
31
-2.1180
12
-0.9587
22
-0.2919
32
-2.1783
13
-0.9630
23
-0.1920
33
-2.1724
0
3DFACE
8
B2_v2
10
-1.0586
20
-0.2962
30
-2.1180
11
-1.0544
21
-0.3961
31
-2.1193
12
-0.9545
22
-0.3919
32
-2.1825
13
-0.9587
23
-0.2919
33
-2.1783
0
3DFACE
8
B2_v2
10
-1.0544
20
-0.3961
30
-2.1193
11
-1.0501
21
-0.4960
31
-2.1197
12
-0.9502
22
-0.4918
32
-2.1853
13
-0.9545
23
-0.3919
33
-2.1825
0
3DFACE
8
B2_v2
10
-1.0501
20
-0.4960
30
-2.1197
11
-1.0459
21
-0.5959
31
-2.1187
12
-0.9460
22
-0.5917
32
-2.1862
13
-0.9502
23
-0.4918
33
-2.1853
0
3DFACE
8
B2_v2
10
-1.0459
20
-0.5959
30
-2.1187
11
-1.0417
21
-0.6958
31
-2.1144
12
-0.9417
22
-0.6916
32
-2.1829
13
-0.9460
23
-0.5917
33
-2.1862
0
3DFACE
8
B2_v2
10
-1.0417
20
-0.6958
30
-2.1144
11
-1.0374
21
-0.7957
31
-2.1038
12
-0.9375
22
-0.7915
32
-2.1737
13
-0.9417
23
-0.6916
33
-2.1829
0
3DFACE
8
B2_v2
10
-1.0374
20
-0.7957
30
-2.1038
11
-1.0332
21
-0.8957
31
-2.0936
12
-0.9333
22
-0.8914
32
-2.1642
13
-0.9375
23
-0.7915
33
-2.1737
0
3DFACE
8
B2_v2
10
-1.0332
20
-0.8957
30
-2.0936
11
-1.0289
21
-0.9956
31
-2.0826
12
-0.9290
22
-0.9913
32
-2.1561
13
-0.9333
23
-0.8914
33
-2.1642
0
3DFACE
8
B2_v2
10
-1.0289
20
-0.9956
30
-2.0826
11
-1.0247
21
-1.0955
31
-2.0710
12
-0.9248
22
-1.0912
32
-2.1463
13
-0.9290
23
-0.9913
33
-2.1561
0
3DFACE
8
B2_v2
10
-1.0247
20
-1.0955
30
-2.0710
11
-1.0204
21
-1.1954
31
-2.0594
12
-0.9205
22
-1.1911
32
-2.1362
13
-0.9248
23
-1.0912
33
-2.1463
0
3DFACE
8
B2_v2
10
-1.0204
20
-1.1954
30
-2.0594
11
-1.0162
21
-1.2953
31
-2.0569
12
-0.9163
22
-1.2910
32
-2.1347
13
-0.9205
23
-1.1911
33
-2.1362
0
3DFACE
8
B2_v2
10
-1.0162
20
-1.2953
30
-2.0569
11
-1.0119
21
-1.3952
31
-2.0572
12
-0.9120
22
-1.3910
32
-2.1339
13
-0.9163
23
-1.2910
33
-2.1347
0
3DFACE
8
B2_v2
10
-1.1242
20
3.6045
30
-2.1997
11
-1.1200
21
3.5046
31
-2.1989
12
-1.0201
22
3.5089
32
-2.2390
13
-1.0243
23
3.6088
33
-2.2403
0
3DFACE
8
B2_v2
10
-1.1200
20
3.5046
30
-2.1989
11
-1.1157
21
3.4047
31
-2.1980
12
-1.0158
22
3.4090
32
-2.2375
13
-1.0201
23
3.5089
33
-2.2390
0
3DFACE
8
B2_v2
10
-1.1157
20
3.4047
30
-2.1980
11
-1.1115
21
3.3048
31
-2.1965
12
-1.0116
22
3.3091
32
-2.2354
13
-1.0158
23
3.4090
33
-2.2375
0
3DFACE
8
B2_v2
10
-1.1115
20
3.3048
30
-2.1965
11
-1.1073
21
3.2049
31
-2.1946
12
-1.0073
22
3.2091
32
-2.2333
13
-1.0116
23
3.3091
33
-2.2354
0
3DFACE
8
B2_v2
10
-1.1073
20
3.2049
30
-2.1946
11
-1.1030
21
3.1050
31
-2.1928
12
-1.0031
22
3.1092
32
-2.2308
13
-1.0073
23
3.2091
33
-2.2333
0
3DFACE
8
B2_v2
10
-1.1030
20
3.1050
30
-2.1928
11
-1.0988
21
3.0051
31
-2.1913
12
-0.9989
22
3.0093
32
-2.2272
13
-1.0031
23
3.1092
33
-2.2308
0
3DFACE
8
B2_v2
10
-1.0988
20
3.0051
30
-2.1913
11
-1.0945
21
2.9052
31
-2.1886
12
-0.9946
22
2.9094
32
-2.2245
13
-0.9989
23
3.0093
33
-2.2272
0
3DFACE
8
B2_v2
10
-1.0945
20
2.9052
30
-2.1886
11
-1.0903
21
2.8053
31
-2.1867
12
-0.9904
22
2.8095
32
-2.2225
13
-0.9946
23
2.9094
33
-2.2245
0
3DFACE
8
B2_v2
10
-1.0903
20
2.8053
30
-2.1867
11
-1.0860
21
2.7053
31
-2.1843
12
-0.9861
22
2.7096
32
-2.2187
13
-0.9904
23
2.8095
33
-2.2225
0
3DFACE
8
B2_v2
10
-1.0860
20
2.7053
30
-2.1843
11
-1.0818
21
2.6054
31
-2.1802
12
-0.9819
22
2.6097
32
-2.2134
13
-0.9861
23
2.7096
33
-2.2187
0
3DFACE
8
B2_v2
10
-1.0818
20
2.6054
30
-2.1802
11
-1.0775
21
2.5055
31
-2.1749
12
-0.9776
22
2.5098
32
-2.2094
13
-0.9819
23
2.6097
33
-2.2134
0
3DFACE
8
B2_v2
10
-1.0775
20
2.5055
30
-2.1749
11
-1.0733
21
2.4056
31
-2.1694
12
-0.9734
22
2.4099
32
-2.2060
13
-0.9776
23
2.5098
33
-2.2094
0
3DFACE
8
B2_v2
10
-1.0733
20
2.4056
30
-2.1694
11
-1.0691
21
2.3057
31
-2.1648
12
-0.9692
22
2.3100
32
-2.2022
13
-0.9734
23
2.4099
33
-2.2060
0
3DFACE
8
B2_v2
10
-1.0691
20
2.3057
30
-2.1648
11
-1.0648
21
2.2058
31
-2.1598
12
-0.9649
22
2.2100
32
-2.1979
13
-0.9692
23
2.3100
33
-2.2022
0
3DFACE
8
B2_v2
10
-1.0648
20
2.2058
30
-2.1598
11
-1.0606
21
2.1059
31
-2.1551
12
-0.9607
22
2.1101
32
-2.1934
13
-0.9649
23
2.2100
33
-2.1979
0
3DFACE
8
B2_v2
10
-1.0606
20
2.1059
30
-2.1551
11
-1.0563
21
2.0060
31
-2.1505
12
-0.9564
22
2.0102
32
-2.1895
13
-0.9607
23
2.1101
33
-2.1934
0
3DFACE
8
B2_v2
10
-1.0563
20
2.0060
30
-2.1505
11
-1.0521
21
1.9061
31
-2.1452
12
-0.9522
22
1.9103
32
-2.1846
13
-0.9564
23
2.0102
33
-2.1895
0
3DFACE
8
B2_v2
10
-1.0521
20
1.9061
30
-2.1452
11
-1.0478
21
1.8062
31
-2.1402
12
-0.9479
22
1.8104
32
-2.1797
13
-0.9522
23
1.9103
33
-2.1846
0
3DFACE
8
B2_v2
10
-1.0478
20
1.8062
30
-2.1402
11
-1.0436
21
1.7062
31
-2.1348
12
-0.9437
22
1.7105
32
-2.1757
13
-0.9479
23
1.8104
33
-2.1797
0
3DFACE
8
B2_v2
10
-1.0436
20
1.7062
30
-2.1348
11
-1.0394
21
1.6063
31
-2.1314
12
-0.9394
22
1.6106
32
-2.1717
13
-0.9437
23
1.7105
33
-2.1757
0
3DFACE
8
B2_v2
10
-1.0394
20
1.6063
30
-2.1314
11
-1.0351
21
1.5064
31
-2.1288
12
-0.9352
22
1.5107
32
-2.1672
13
-0.9394
23
1.6106
33
-2.1717
0
3DFACE
8
B2_v2
10
-1.0351
20
1.5064
30
-2.1288
11
-1.0309
21
1.4065
31
-2.1265
12
-0.9310
22
1.4108
32
-2.1627
13
-0.9352
23
1.5107
33
-2.1672
0
3DFACE
8
B2_v2
10
-1.0309
20
1.4065
30
-2.1265
11
-1.0266
21
1.3066
31
-2.1233
12
-0.9267
22
1.3109
32
-2.1586
13
-0.9310
23
1.4108
33
-2.1627
0
3DFACE
8
B2_v2
10
-1.0266
20
1.3066
30
-2.1233
11
-1.0224
21
1.2067
31
-2.1207
12
-0.9225
22
1.2109
32
-2.1541
13
-0.9267
23
1.3109
33
-2.1586
0
3DFACE
8
B2_v2
10
-1.0224
20
1.2067
30
-2.1207
11
-1.0181
21
1.1068
31
-2.1189
12
-0.9182
22
1.1110
32
-2.1486
13
-0.9225
23
1.2109
33
-2.1541
0
3DFACE
8
B2_v2
10
-1.0181
20
1.1068
30
-2.1189
11
-1.0139
21
1.0069
31
-2.1173
12
-0.9140
22
1.0111
32
-2.1443
13
-0.9182
23
1.1110
33
-2.1486
0
3DFACE
8
B2_v2
10
-1.0139
20
1.0069
30
-2.1173
11
-1.0096
21
0.9070
31
-2.1162
12
-0.9097
22
0.9112
32
-2.1409
13
-0.9140
23
1.0111
33
-2.1443
0
3DFACE
8
B2_v2
10
-1.0096
20
0.9070
30
-2.1162
11
-1.0054
21
0.8071
31
-2.1148
12
-0.9055
22
0.8113
32
-2.1370
13
-0.9097
23
0.9112
33
-2.1409
0
3DFACE
8
B2_v2
10
-1.0054
20
0.8071
30
-2.1148
11
-1.0012
21
0.7072
31
-2.1142
12
-0.9012
22
0.7114
32
-2.1341
13
-0.9055
23
0.8113
33
-2.1370
0
3DFACE
8
B2_v2
10
-1.0012
20
0.7072
30
-2.1142
11
-0.9969
21
0.6072
31
-2.1159
12
-0.8970
22
0.6115
32
-2.1348
13
-0.9012
23
0.7114
33
-2.1341
0
3DFACE
8
B2_v2
10
-0.9969
20
0.6072
30
-2.1159
11
-0.9927
21
0.5073
31
-2.1201
12
-0.8928
22
0.5116
32
-2.1391
13
-0.8970
23
0.6115
33
-2.1348
0
3DFACE
8
B2_v2
10
-0.9927
20
0.5073
30
-2.1201
11
-0.9884
21
0.4074
31
-2.1249
12
-0.8885
22
0.4117
32
-2.1461
13
-0.8928
23
0.5116
33
-2.1391
0
3DFACE
8
B2_v2
10
-0.9884
20
0.4074
30
-2.1249
11
-0.9842
21
0.3075
31
-2.1331
12
-0.8843
22
0.3118
32
-2.1544
13
-0.8885
23
0.4117
33
-2.1461
0
3DFACE
8
B2_v2
10
-0.9842
20
0.3075
30
-2.1331
11
-0.9799
21
0.2076
31
-2.1404
12
-0.8800
22
0.2118
32
-2.1606
13
-0.8843
23
0.3118
33
-2.1544
0
3DFACE
8
B2_v2
10
-0.9799
20
0.2076
30
-2.1404
11
-0.9757
21
0.1077
31
-2.1487
12
-0.8758
22
0.1119
32
-2.1684
13
-0.8800
23
0.2118
33
-2.1606
0
3DFACE
8
B2_v2
10
-0.9757
20
0.1077
30
-2.1487
11
-0.9715
21
0.0078
31
-2.1575
12
-0.8715
22
0.0120
32
-2.1781
13
-0.8758
23
0.1119
33
-2.1684
0
3DFACE
8
B2_v2
10
-0.9715
20
0.0078
30
-2.1575
11
-0.9672
21
-0.0921
31
-2.1659
12
-0.8673
22
-0.0879
32
-2.1884
13
-0.8715
23
0.0120
33
-2.1781
0
3DFACE
8
B2_v2
10
-0.9672
20
-0.0921
30
-2.1659
11
-0.9630
21
-0.1920
31
-2.1724
12
-0.8631
22
-0.1878
32
-2.1983
13
-0.8673
23
-0.0879
33
-2.1884
0
3DFACE
8
B2_v2
10
-0.9630
20
-0.1920
30
-2.1724
11
-0.9587
21
-0.2919
31
-2.1783
12
-0.8588
22
-0.2877
32
-2.2060
13
-0.8631
23
-0.1878
33
-2.1983
0
3DFACE
8
B2_v2
10
-0.9587
20
-0.2919
30
-2.1783
11
-0.9545
21
-0.3919
31
-2.1825
12
-0.8546
22
-0.3876
32
-2.2113
13
-0.8588
23
-0.2877
33
-2.2060
0
3DFACE
8
B2_v2
10
-0.9545
20
-0.3919
30
-2.1825
11
-0.9502
21
-0.4918
31
-2.1853
12
-0.8503
22
-0.4875
32
-2.2145
13
-0.8546
23
-0.3876
33
-2.2113
0
3DFACE
8
B2_v2
10
-0.9502
20
-0.4918
30
-2.1853
11
-0.9460
21
-0.5917
31
-2.1862
12
-0.8461
22
-0.5874
32
-2.2142
13
-0.8503
23
-0.4875
33
-2.2145
0
3DFACE
8
B2_v2
10
-0.9460
20
-0.5917
30
-2.1862
11
-0.9417
21
-0.6916
31
-2.1829
12
-0.8418
22
-0.6873
32
-2.2125
13
-0.8461
23
-0.5874
33
-2.2142
0
3DFACE
8
B2_v2
10
-0.9417
20
-0.6916
30
-2.1829
11
-0.9375
21
-0.7915
31
-2.1737
12
-0.8376
22
-0.7873
32
-2.2105
13
-0.8418
23
-0.6873
33
-2.2125
0
3DFACE
8
B2_v2
10
-0.9375
20
-0.7915
30
-2.1737
11
-0.9333
21
-0.8914
31
-2.1642
12
-0.8333
22
-0.8872
32
-2.2097
13
-0.8376
23
-0.7873
33
-2.2105
0
3DFACE
8
B2_v2
10
-0.9333
20
-0.8914
30
-2.1642
11
-0.9290
21
-0.9913
31
-2.1561
12
-0.8291
22
-0.9871
32
-2.2093
13
-0.8333
23
-0.8872
33
-2.2097
0
3DFACE
8
B2_v2
10
-0.9290
20
-0.9913
30
-2.1561
11
-0.9248
21
-1.0912
31
-2.1463
12
-0.8249
22
-1.0870
32
-2.2104
13
-0.8291
23
-0.9871
33
-2.2093
0
3DFACE
8
B2_v2
10
-0.9248
20
-1.0912
30
-2.1463
11
-0.9205
21
-1.1911
31
-2.1362
12
-0.8206
22
-1.1869
32
-2.2099
13
-0.8249
23
-1.0870
33
-2.2104
0
3DFACE
8
B2_v2
10
-0.9205
20
-1.1911
30
-2.1362
11
-0.9163
21
-1.2910
31
-2.1347
12
-0.8164
22
-1.2868
32
-2.2092
13
-0.8206
23
-1.1869
33
-2.2099
0
3DFACE
8
B2_v2
10
-0.9163
20
-1.2910
30
-2.1347
11
-0.9120
21
-1.3910
31
-2.1339
12
-0.8121
22
-1.3867
32
-2.2087
13
-0.8164
23
-1.2868
33
-2.2092
0
3DFACE
8
B2_v2
10
-1.0243
20
3.6088
30
-2.2403
11
-1.0201
21
3.5089
31
-2.2390
12
-0.9202
22
3.5131
32
-2.2817
13
-0.9244
23
3.6130
33
-2.2842
0
3DFACE
8
B2_v2
10
-1.0201
20
3.5089
30
-2.2390
11
-1.0158
21
3.4090
31
-2.2375
12
-0.9159
22
3.4132
32
-2.2799
13
-0.9202
23
3.5131
33
-2.2817
0
3DFACE
8
B2_v2
10
-1.0158
20
3.4090
30
-2.2375
11
-1.0116
21
3.3091
31
-2.2354
12
-0.9117
22
3.3133
32
-2.2787
13
-0.9159
23
3.4132
33
-2.2799
0
3DFACE
8
B2_v2
10
-1.0116
20
3.3091
30
-2.2354
11
-1.0073
21
3.2091
31
-2.2333
12
-0.9074
22
3.2134
32
-2.2766
13
-0.9117
23
3.3133
33
-2.2787
0
3DFACE
8
B2_v2
10
-1.0073
20
3.2091
30
-2.2333
11
-1.0031
21
3.1092
31
-2.2308
12
-0.9032
22
3.1135
32
-2.2731
13
-0.9074
23
3.2134
33
-2.2766
0
3DFACE
8
B2_v2
10
-1.0031
20
3.1092
30
-2.2308
11
-0.9989
21
3.0093
31
-2.2272
12
-0.8989
22
3.0136
32
-2.2703
13
-0.9032
23
3.1135
33
-2.2731
0
3DFACE
8
B2_v2
10
-0.9989
20
3.0093
30
-2.2272
11
-0.9946
21
2.9094
31
-2.2245
12
-0.8947
22
2.9137
32
-2.2678
13
-0.8989
23
3.0136
33
-2.2703
0
3DFACE
8
B2_v2
10
-0.9946
20
2.9094
30
-2.2245
11
-0.9904
21
2.8095
31
-2.2225
12
-0.8905
22
2.8137
32
-2.2641
13
-0.8947
23
2.9137
33
-2.2678
0
3DFACE
8
B2_v2
10
-0.9904
20
2.8095
30
-2.2225
11
-0.9861
21
2.7096
31
-2.2187
12
-0.8862
22
2.7138
32
-2.2603
13
-0.8905
23
2.8137
33
-2.2641
0
3DFACE
8
B2_v2
10
-0.9861
20
2.7096
30
-2.2187
11
-0.9819
21
2.6097
31
-2.2134
12
-0.8820
22
2.6139
32
-2.2550
13
-0.8862
23
2.7138
33
-2.2603
0
3DFACE
8
B2_v2
10
-0.9819
20
2.6097
30
-2.2134
11
-0.9776
21
2.5098
31
-2.2094
12
-0.8777
22
2.5140
32
-2.2522
13
-0.8820
23
2.6139
33
-2.2550
0
3DFACE
8
B2_v2
10
-0.9776
20
2.5098
30
-2.2094
11
-0.9734
21
2.4099
31
-2.2060
12
-0.8735
22
2.4141
32
-2.2488
13
-0.8777
23
2.5140
33
-2.2522
0
3DFACE
8
B2_v2
10
-0.9734
20
2.4099
30
-2.2060
11
-0.9692
21
2.3100
31
-2.2022
12
-0.8692
22
2.3142
32
-2.2450
13
-0.8735
23
2.4141
33
-2.2488
0
3DFACE
8
B2_v2
10
-0.9692
20
2.3100
30
-2.2022
11
-0.9649
21
2.2100
31
-2.1979
12
-0.8650
22
2.2143
32
-2.2407
13
-0.8692
23
2.3142
33
-2.2450
0
3DFACE
8
B2_v2
10
-0.9649
20
2.2100
30
-2.1979
11
-0.9607
21
2.1101
31
-2.1934
12
-0.8608
22
2.1144
32
-2.2371
13
-0.8650
23
2.2143
33
-2.2407
0
3DFACE
8
B2_v2
10
-0.9607
20
2.1101
30
-2.1934
11
-0.9564
21
2.0102
31
-2.1895
12
-0.8565
22
2.0145
32
-2.2334
13
-0.8608
23
2.1144
33
-2.2371
0
3DFACE
8
B2_v2
10
-0.9564
20
2.0102
30
-2.1895
11
-0.9522
21
1.9103
31
-2.1846
12
-0.8523
22
1.9146
32
-2.2291
13
-0.8565
23
2.0145
33
-2.2334
0
3DFACE
8
B2_v2
10
-0.9522
20
1.9103
30
-2.1846
11
-0.9479
21
1.8104
31
-2.1797
12
-0.8480
22
1.8146
32
-2.2260
13
-0.8523
23
1.9146
33
-2.2291
0
3DFACE
8
B2_v2
10
-0.9479
20
1.8104
30
-2.1797
11
-0.9437
21
1.7105
31
-2.1757
12
-0.8438
22
1.7147
32
-2.2221
13
-0.8480
23
1.8146
33
-2.2260
0
3DFACE
8
B2_v2
10
-0.9437
20
1.7105
30
-2.1757
11
-0.9394
21
1.6106
31
-2.1717
12
-0.8395
22
1.6148
32
-2.2167
13
-0.8438
23
1.7147
33
-2.2221
0
3DFACE
8
B2_v2
10
-0.9394
20
1.6106
30
-2.1717
11
-0.9352
21
1.5107
31
-2.1672
12
-0.8353
22
1.5149
32
-2.2096
13
-0.8395
23
1.6148
33
-2.2167
0
3DFACE
8
B2_v2
10
-0.9352
20
1.5107
30
-2.1672
11
-0.9310
21
1.4108
31
-2.1627
12
-0.8310
22
1.4150
32
-2.2031
13
-0.8353
23
1.5149
33
-2.2096
0
3DFACE
8
B2_v2
10
-0.9310
20
1.4108
30
-2.1627
11
-0.9267
21
1.3109
31
-2.1586
12
-0.8268
22
1.3151
32
-2.1958
13
-0.8310
23
1.4150
33
-2.2031
0
3DFACE
8
B2_v2
10
-0.9267
20
1.3109
30
-2.1586
11
-0.9225
21
1.2109
31
-2.1541
12
-0.8226
22
1.2152
32
-2.1874
13
-0.8268
23
1.3151
33
-2.1958
0
3DFACE
8
B2_v2
10
-0.9225
20
1.2109
30
-2.1541
11
-0.9182
21
1.1110
31
-2.1486
12
-0.8183
22
1.1153
32
-2.1808
13
-0.8226
23
1.2152
33
-2.1874
0
3DFACE
8
B2_v2
10
-0.9182
20
1.1110
30
-2.1486
11
-0.9140
21
1.0111
31
-2.1443
12
-0.8141
22
1.0154
32
-2.1742
13
-0.8183
23
1.1153
33
-2.1808
0
3DFACE
8
B2_v2
10
-0.9140
20
1.0111
30
-2.1443
11
-0.9097
21
0.9112
31
-2.1409
12
-0.8098
22
0.9155
32
-2.1663
13
-0.8141
23
1.0154
33
-2.1742
0
3DFACE
8
B2_v2
10
-0.9097
20
0.9112
30
-2.1409
11
-0.9055
21
0.8113
31
-2.1370
12
-0.8056
22
0.8155
32
-2.1582
13
-0.8098
23
0.9155
33
-2.1663
0
3DFACE
8
B2_v2
10
-0.9055
20
0.8113
30
-2.1370
11
-0.9012
21
0.7114
31
-2.1341
12
-0.8013
22
0.7156
32
-2.1520
13
-0.8056
23
0.8155
33
-2.1582
0
3DFACE
8
B2_v2
10
-0.9012
20
0.7114
30
-2.1341
11
-0.8970
21
0.6115
31
-2.1348
12
-0.7971
22
0.6157
32
-2.1518
13
-0.8013
23
0.7156
33
-2.1520
0
3DFACE
8
B2_v2
10
-0.8970
20
0.6115
30
-2.1348
11
-0.8928
21
0.5116
31
-2.1391
12
-0.7929
22
0.5158
32
-2.1542
13
-0.7971
23
0.6157
33
-2.1518
0
3DFACE
8
B2_v2
10
-0.8928
20
0.5116
30
-2.1391
11
-0.8885
21
0.4117
31
-2.1461
12
-0.7886
22
0.4159
32
-2.1608
13
-0.7929
23
0.5158
33
-2.1542
0
3DFACE
8
B2_v2
10
-0.8885
20
0.4117
30
-2.1461
11
-0.8843
21
0.3118
31
-2.1544
12
-0.7844
22
0.3160
32
-2.1702
13
-0.7886
23
0.4159
33
-2.1608
0
3DFACE
8
B2_v2
10
-0.8843
20
0.3118
30
-2.1544
11
-0.8800
21
0.2118
31
-2.1606
12
-0.7801
22
0.2161
32
-2.1781
13
-0.7844
23
0.3160
33
-2.1702
0
3DFACE
8
B2_v2
10
-0.8800
20
0.2118
30
-2.1606
11
-0.8758
21
0.1119
31
-2.1684
12
-0.7759
22
0.1162
32
-2.1868
13
-0.7801
23
0.2161
33
-2.1781
0
3DFACE
8
B2_v2
10
-0.8758
20
0.1119
30
-2.1684
11
-0.8715
21
0.0120
31
-2.1781
12
-0.7716
22
0.0163
32
-2.1959
13
-0.7759
23
0.1162
33
-2.1868
0
3DFACE
8
B2_v2
10
-0.8715
20
0.0120
30
-2.1781
11
-0.8673
21
-0.0879
31
-2.1884
12
-0.7674
22
-0.0836
32
-2.2061
13
-0.7716
23
0.0163
33
-2.1959
0
3DFACE
8
B2_v2
10
-0.8673
20
-0.0879
30
-2.1884
11
-0.8631
21
-0.1878
31
-2.1983
12
-0.7631
22
-0.1836
32
-2.2168
13
-0.7674
23
-0.0836
33
-2.2061
0
3DFACE
8
B2_v2
10
-0.8631
20
-0.1878
30
-2.1983
11
-0.8588
21
-0.2877
31
-2.2060
12
-0.7589
22
-0.2835
32
-2.2259
13
-0.7631
23
-0.1836
33
-2.2168
0
3DFACE
8
B2_v2
10
-0.8588
20
-0.2877
30
-2.2060
11
-0.8546
21
-0.3876
31
-2.2113
12
-0.7547
22
-0.3834
32
-2.2319
13
-0.7589
23
-0.2835
33
-2.2259
0
3DFACE
8
B2_v2
10
-0.8546
20
-0.3876
30
-2.2113
11
-0.8503
21
-0.4875
31
-2.2145
12
-0.7504
22
-0.4833
32
-2.2367
13
-0.7547
23
-0.3834
33
-2.2319
0
3DFACE
8
B2_v2
10
-0.8503
20
-0.4875
30
-2.2145
11
-0.8461
21
-0.5874
31
-2.2142
12
-0.7462
22
-0.5832
32
-2.2382
13
-0.7504
23
-0.4833
33
-2.2367
0
3DFACE
8
B2_v2
10
-0.8461
20
-0.5874
30
-2.2142
11
-0.8418
21
-0.6873
31
-2.2125
12
-0.7419
22
-0.6831
32
-2.2375
13
-0.7462
23
-0.5832
33
-2.2382
0
3DFACE
8
B2_v2
10
-0.8418
20
-0.6873
30
-2.2125
11
-0.8376
21
-0.7873
31
-2.2105
12
-0.7377
22
-0.7830
32
-2.2353
13
-0.7419
23
-0.6831
33
-2.2375
0
3DFACE
8
B2_v2
10
-0.8376
20
-0.7873
30
-2.2105
11
-0.8333
21
-0.8872
31
-2.2097
12
-0.7334
22
-0.8829
32
-2.2331
13
-0.7377
23
-0.7830
33
-2.2353
0
3DFACE
8
B2_v2
10
-0.8333
20
-0.8872
30
-2.2097
11
-0.8291
21
-0.9871
31
-2.2093
12
-0.7292
22
-0.9828
32
-2.2323
13
-0.7334
23
-0.8829
33
-2.2331
0
3DFACE
8
B2_v2
10
-0.8291
20
-0.9871
30
-2.2093
11
-0.8249
21
-1.0870
31
-2.2104
12
-0.7249
22
-1.0827
32
-2.2322
13
-0.7292
23
-0.9828
33
-2.2323
0
3DFACE
8
B2_v2
10
-0.8249
20
-1.0870
30
-2.2104
11
-0.8206
21
-1.1869
31
-2.2099
12
-0.7207
22
-1.1826
32
-2.2332
13
-0.7249
23
-1.0827
33
-2.2322
0
3DFACE
8
B2_v2
10
-0.8206
20
-1.1869
30
-2.2099
11
-0.8164
21
-1.2868
31
-2.2092
12
-0.7165
22
-1.2826
32
-2.2339
13
-0.7207
23
-1.1826
33
-2.2332
0
3DFACE
8
B2_v2
10
-0.8164
20
-1.2868
30
-2.2092
11
-0.8121
21
-1.3867
31
-2.2087
12
-0.7122
22
-1.3825
32
-2.2335
13
-0.7165
23
-1.2826
33
-2.2339
0
3DFACE
8
B2_v2
10
-0.9244
20
3.6130
30
-2.2842
11
-0.9202
21
3.5131
31
-2.2817
12
-0.8203
22
3.5174
32
-2.3271
13
-0.8245
23
3.6173
33
-2.3296
0
3DFACE
8
B2_v2
10
-0.9202
20
3.5131
30
-2.2817
11
-0.9159
21
3.4132
31
-2.2799
12
-0.8160
22
3.4174
32
-2.3252
13
-0.8203
23
3.5174
33
-2.3271
0
3DFACE
8
B2_v2
10
-0.9159
20
3.4132
30
-2.2799
11
-0.9117
21
3.3133
31
-2.2787
12
-0.8118
22
3.3175
32
-2.3227
13
-0.8160
23
3.4174
33
-2.3252
0
3DFACE
8
B2_v2
10
-0.9117
20
3.3133
30
-2.2787
11
-0.9074
21
3.2134
31
-2.2766
12
-0.8075
22
3.2176
32
-2.3197
13
-0.8118
23
3.3175
33
-2.3227
0
3DFACE
8
B2_v2
10
-0.9074
20
3.2134
30
-2.2766
11
-0.9032
21
3.1135
31
-2.2731
12
-0.8033
22
3.1177
32
-2.3170
13
-0.8075
23
3.2176
33
-2.3197
0
3DFACE
8
B2_v2
10
-0.9032
20
3.1135
30
-2.2731
11
-0.8989
21
3.0136
31
-2.2703
12
-0.7990
22
3.0178
32
-2.3136
13
-0.8033
23
3.1177
33
-2.3170
0
3DFACE
8
B2_v2
10
-0.8989
20
3.0136
30
-2.2703
11
-0.8947
21
2.9137
31
-2.2678
12
-0.7948
22
2.9179
32
-2.3097
13
-0.7990
23
3.0178
33
-2.3136
0
3DFACE
8
B2_v2
10
-0.8947
20
2.9137
30
-2.2678
11
-0.8905
21
2.8137
31
-2.2641
12
-0.7906
22
2.8180
32
-2.3055
13
-0.7948
23
2.9179
33
-2.3097
0
3DFACE
8
B2_v2
10
-0.8905
20
2.8137
30
-2.2641
11
-0.8862
21
2.7138
31
-2.2603
12
-0.7863
22
2.7181
32
-2.3022
13
-0.7906
23
2.8180
33
-2.3055
0
3DFACE
8
B2_v2
10
-0.8862
20
2.7138
30
-2.2603
11
-0.8820
21
2.6139
31
-2.2550
12
-0.7821
22
2.6182
32
-2.2991
13
-0.7863
23
2.7181
33
-2.3022
0
3DFACE
8
B2_v2
10
-0.8820
20
2.6139
30
-2.2550
11
-0.8777
21
2.5140
31
-2.2522
12
-0.7778
22
2.5183
32
-2.2960
13
-0.7821
23
2.6182
33
-2.2991
0
3DFACE
8
B2_v2
10
-0.8777
20
2.5140
30
-2.2522
11
-0.8735
21
2.4141
31
-2.2488
12
-0.7736
22
2.4184
32
-2.2931
13
-0.7778
23
2.5183
33
-2.2960
0
3DFACE
8
B2_v2
10
-0.8735
20
2.4141
30
-2.2488
11
-0.8692
21
2.3142
31
-2.2450
12
-0.7693
22
2.3184
32
-2.2884
13
-0.7736
23
2.4184
33
-2.2931
0
3DFACE
8
B2_v2
10
-0.8692
20
2.3142
30
-2.2450
11
-0.8650
21
2.2143
31
-2.2407
12
-0.7651
22
2.2185
32
-2.2853
13
-0.7693
23
2.3184
33
-2.2884
0
3DFACE
8
B2_v2
10
-0.8650
20
2.2143
30
-2.2407
11
-0.8608
21
2.1144
31
-2.2371
12
-0.7608
22
2.1186
32
-2.2820
13
-0.7651
23
2.2185
33
-2.2853
0
3DFACE
8
B2_v2
10
-0.8608
20
2.1144
30
-2.2371
11
-0.8565
21
2.0145
31
-2.2334
12
-0.7566
22
2.0187
32
-2.2789
13
-0.7608
23
2.1186
33
-2.2820
0
3DFACE
8
B2_v2
10
-0.8565
20
2.0145
30
-2.2334
11
-0.8523
21
1.9146
31
-2.2291
12
-0.7524
22
1.9188
32
-2.2760
13
-0.7566
23
2.0187
33
-2.2789
0
3DFACE
8
B2_v2
10
-0.8523
20
1.9146
30
-2.2291
11
-0.8480
21
1.8146
31
-2.2260
12
-0.7481
22
1.8189
32
-2.2734
13
-0.7524
23
1.9188
33
-2.2760
0
3DFACE
8
B2_v2
10
-0.8480
20
1.8146
30
-2.2260
11
-0.8438
21
1.7147
31
-2.2221
12
-0.7439
22
1.7190
32
-2.2677
13
-0.7481
23
1.8189
33
-2.2734
0
3DFACE
8
B2_v2
10
-0.8438
20
1.7147
30
-2.2221
11
-0.8395
21
1.6148
31
-2.2167
12
-0.7396
22
1.6191
32
-2.2601
13
-0.7439
23
1.7190
33
-2.2677
0
3DFACE
8
B2_v2
10
-0.8395
20
1.6148
30
-2.2167
11
-0.8353
21
1.5149
31
-2.2096
12
-0.7354
22
1.5192
32
-2.2527
13
-0.7396
23
1.6191
33
-2.2601
0
3DFACE
8
B2_v2
10
-0.8353
20
1.5149
30
-2.2096
11
-0.8310
21
1.4150
31
-2.2031
12
-0.7311
22
1.4193
32
-2.2444
13
-0.7354
23
1.5192
33
-2.2527
0
3DFACE
8
B2_v2
10
-0.8310
20
1.4150
30
-2.2031
11
-0.8268
21
1.3151
31
-2.1958
12
-0.7269
22
1.3193
32
-2.2332
13
-0.7311
23
1.4193
33
-2.2444
0
3DFACE
8
B2_v2
10
-0.8268
20
1.3151
30
-2.1958
11
-0.8226
21
1.2152
31
-2.1874
12
-0.7226
22
1.2194
32
-2.2214
13
-0.7269
23
1.3193
33
-2.2332
0
3DFACE
8
B2_v2
10
-0.8226
20
1.2152
30
-2.1874
11
-0.8183
21
1.1153
31
-2.1808
12
-0.7184
22
1.1195
32
-2.2105
13
-0.7226
23
1.2194
33
-2.2214
0
3DFACE
8
B2_v2
10
-0.8183
20
1.1153
30
-2.1808
11
-0.8141
21
1.0154
31
-2.1742
12
-0.7142
22
1.0196
32
-2.1995
13
-0.7184
23
1.1195
33
-2.2105
0
3DFACE
8
B2_v2
10
-0.8141
20
1.0154
30
-2.1742
11
-0.8098
21
0.9155
31
-2.1663
12
-0.7099
22
0.9197
32
-2.1891
13
-0.7142
23
1.0196
33
-2.1995
0
3DFACE
8
B2_v2
10
-0.8098
20
0.9155
30
-2.1663
11
-0.8056
21
0.8155
31
-2.1582
12
-0.7057
22
0.8198
32
-2.1790
13
-0.7099
23
0.9197
33
-2.1891
0
3DFACE
8
B2_v2
10
-0.8056
20
0.8155
30
-2.1582
11
-0.8013
21
0.7156
31
-2.1520
12
-0.7014
22
0.7199
32
-2.1716
13
-0.7057
23
0.8198
33
-2.1790
0
3DFACE
8
B2_v2
10
-0.8013
20
0.7156
30
-2.1520
11
-0.7971
21
0.6157
31
-2.1518
12
-0.6972
22
0.6200
32
-2.1688
13
-0.7014
23
0.7199
33
-2.1716
0
3DFACE
8
B2_v2
10
-0.7971
20
0.6157
30
-2.1518
11
-0.7929
21
0.5158
31
-2.1542
12
-0.6929
22
0.5201
32
-2.1699
13
-0.6972
23
0.6200
33
-2.1688
0
3DFACE
8
B2_v2
10
-0.7929
20
0.5158
30
-2.1542
11
-0.7886
21
0.4159
31
-2.1608
12
-0.6887
22
0.4202
32
-2.1751
13
-0.6929
23
0.5201
33
-2.1699
0
3DFACE
8
B2_v2
10
-0.7886
20
0.4159
30
-2.1608
11
-0.7844
21
0.3160
31
-2.1702
12
-0.6845
22
0.3202
32
-2.1864
13
-0.6887
23
0.4202
33
-2.1751
0
3DFACE
8
B2_v2
10
-0.7844
20
0.3160
30
-2.1702
11
-0.7801
21
0.2161
31
-2.1781
12
-0.6802
22
0.2203
32
-2.1966
13
-0.6845
23
0.3202
33
-2.1864
0
3DFACE
8
B2_v2
10
-0.7801
20
0.2161
30
-2.1781
11
-0.7759
21
0.1162
31
-2.1868
12
-0.6760
22
0.1204
32
-2.2059
13
-0.6802
23
0.2203
33
-2.1966
0
3DFACE
8
B2_v2
10
-0.7759
20
0.1162
30
-2.1868
11
-0.7716
21
0.0163
31
-2.1959
12
-0.6717
22
0.0205
32
-2.2170
13
-0.6760
23
0.1204
33
-2.2059
0
3DFACE
8
B2_v2
10
-0.7716
20
0.0163
30
-2.1959
11
-0.7674
21
-0.0836
31
-2.2061
12
-0.6675
22
-0.0794
32
-2.2286
13
-0.6717
23
0.0205
33
-2.2170
0
3DFACE
8
B2_v2
10
-0.7674
20
-0.0836
30
-2.2061
11
-0.7631
21
-0.1836
31
-2.2168
12
-0.6632
22
-0.1793
32
-2.2412
13
-0.6675
23
-0.0794
33
-2.2286
0
3DFACE
8
B2_v2
10
-0.7631
20
-0.1836
30
-2.2168
11
-0.7589
21
-0.2835
31
-2.2259
12
-0.6590
22
-0.2792
32
-2.2507
13
-0.6632
23
-0.1793
33
-2.2412
0
3DFACE
8
B2_v2
10
-0.7589
20
-0.2835
30
-2.2259
11
-0.7547
21
-0.3834
31
-2.2319
12
-0.6547
22
-0.3791
32
-2.2583
13
-0.6590
23
-0.2792
33
-2.2507
0
3DFACE
8
B2_v2
10
-0.7547
20
-0.3834
30
-2.2319
11
-0.7504
21
-0.4833
31
-2.2367
12
-0.6505
22
-0.4790
32
-2.2626
13
-0.6547
23
-0.3791
33
-2.2583
0
3DFACE
8
B2_v2
10
-0.7504
20
-0.4833
30
-2.2367
11
-0.7462
21
-0.5832
31
-2.2382
12
-0.6463
22
-0.5789
32
-2.2652
13
-0.6505
23
-0.4790
33
-2.2626
0
3DFACE
8
B2_v2
10
-0.7462
20
-0.5832
30
-2.2382
11
-0.7419
21
-0.6831
31
-2.2375
12
-0.6420
22
-0.6789
32
-2.2643
13
-0.6463
23
-0.5789
33
-2.2652
0
3DFACE
8
B2_v2
10
-0.7419
20
-0.6831
30
-2.2375
11
-0.7377
21
-0.7830
31
-2.2353
12
-0.6378
22
-0.7788
32
-2.2618
13
-0.6420
23
-0.6789
33
-2.2643
0
3DFACE
8
B2_v2
10
-0.7377
20
-0.7830
30
-2.2353
11
-0.7334
21
-0.8829
31
-2.2331
12
-0.6335
22
-0.8787
32
-2.2603
13
-0.6378
23
-0.7788
33
-2.2618
0
3DFACE
8
B2_v2
10
-0.7334
20
-0.8829
30
-2.2331
11
-0.7292
21
-0.9828
31
-2.2323
12
-0.6293
22
-0.9786
32
-2.2594
13
-0.6335
23
-0.8787
33
-2.2603
0
3DFACE
8
B2_v2
10
-0.7292
20
-0.9828
30
-2.2323
11
-0.7249
21
-1.0827
31
-2.2322
12
-0.6250
22
-1.0785
32
-2.2588
13
-0.6293
23
-0.9786
33
-2.2594
0
3DFACE
8
B2_v2
10
-0.7249
20
-1.0827
30
-2.2322
11
-0.7207
21
-1.1826
31
-2.2332
12
-0.6208
22
-1.1784
32
-2.2590
13
-0.6250
23
-1.0785
33
-2.2588
0
3DFACE
8
B2_v2
10
-0.7207
20
-1.1826
30
-2.2332
11
-0.7165
21
-1.2826
31
-2.2339
12
-0.6166
22
-1.2783
32
-2.2583
13
-0.6208
23
-1.1784
33
-2.2590
0
3DFACE
8
B2_v2
10
-0.7165
20
-1.2826
30
-2.2339
11
-0.7122
21
-1.3825
31
-2.2335
12
-0.6123
22
-1.3782
32
-2.2583
13
-0.6166
23
-1.2783
33
-2.2583
0
3DFACE
8
B2_v2
10
-0.8245
20
3.6173
30
-2.3296
11
-0.8203
21
3.5174
31
-2.3271
12
-0.7203
22
3.5216
32
-2.3720
13
-0.7246
23
3.6215
33
-2.3738
0
3DFACE
8
B2_v2
10
-0.8203
20
3.5174
30
-2.3271
11
-0.8160
21
3.4174
31
-2.3252
12
-0.7161
22
3.4217
32
-2.3698
13
-0.7203
23
3.5216
33
-2.3720
0
3DFACE
8
B2_v2
10
-0.8160
20
3.4174
30
-2.3252
11
-0.8118
21
3.3175
31
-2.3227
12
-0.7119
22
3.3218
32
-2.3666
13
-0.7161
23
3.4217
33
-2.3698
0
3DFACE
8
B2_v2
10
-0.8118
20
3.3175
30
-2.3227
11
-0.8075
21
3.2176
31
-2.3197
12
-0.7076
22
3.2219
32
-2.3631
13
-0.7119
23
3.3218
33
-2.3666
0
3DFACE
8
B2_v2
10
-0.8075
20
3.2176
30
-2.3197
11
-0.8033
21
3.1177
31
-2.3170
12
-0.7034
22
3.1220
32
-2.3597
13
-0.7076
23
3.2219
33
-2.3631
0
3DFACE
8
B2_v2
10
-0.8033
20
3.1177
30
-2.3170
11
-0.7990
21
3.0178
31
-2.3136
12
-0.6991
22
3.0221
32
-2.3549
13
-0.7034
23
3.1220
33
-2.3597
0
3DFACE
8
B2_v2
10
-0.7990
20
3.0178
30
-2.3136
11
-0.7948
21
2.9179
31
-2.3097
12
-0.6949
22
2.9221
32
-2.3510
13
-0.6991
23
3.0221
33
-2.3549
0
3DFACE
8
B2_v2
10
-0.7948
20
2.9179
30
-2.3097
11
-0.7906
21
2.8180
31
-2.3055
12
-0.6906
22
2.8222
32
-2.3472
13
-0.6949
23
2.9221
33
-2.3510
0
3DFACE
8
B2_v2
10
-0.7906
20
2.8180
30
-2.3055
11
-0.7863
21
2.7181
31
-2.3022
12
-0.6864
22
2.7223
32
-2.3442
13
-0.6906
23
2.8222
33
-2.3472
0
3DFACE
8
B2_v2
10
-0.7863
20
2.7181
30
-2.3022
11
-0.7821
21
2.6182
31
-2.2991
12
-0.6822
22
2.6224
32
-2.3391
13
-0.6864
23
2.7223
33
-2.3442
0
3DFACE
8
B2_v2
10
-0.7821
20
2.6182
30
-2.2991
11
-0.7778
21
2.5183
31
-2.2960
12
-0.6779
22
2.5225
32
-2.3364
13
-0.6822
23
2.6224
33
-2.3391
0
3DFACE
8
B2_v2
10
-0.7778
20
2.5183
30
-2.2960
11
-0.7736
21
2.4184
31
-2.2931
12
-0.6737
22
2.4226
32
-2.3338
13
-0.6779
23
2.5225
33
-2.3364
0
3DFACE
8
B2_v2
10
-0.7736
20
2.4184
30
-2.2931
11
-0.7693
21
2.3184
31
-2.2884
12
-0.6694
22
2.3227
32
-2.3313
13
-0.6737
23
2.4226
33
-2.3338
0
3DFACE
8
B2_v2
10
-0.7693
20
2.3184
30
-2.2884
11
-0.7651
21
2.2185
31
-2.2853
12
-0.6652
22
2.2228
32
-2.3283
13
-0.6694
23
2.3227
33
-2.3313
0
3DFACE
8
B2_v2
10
-0.7651
20
2.2185
30
-2.2853
11
-0.7608
21
2.1186
31
-2.2820
12
-0.6609
22
2.1229
32
-2.3254
13
-0.6652
23
2.2228
33
-2.3283
0
3DFACE
8
B2_v2
10
-0.7608
20
2.1186
30
-2.2820
11
-0.7566
21
2.0187
31
-2.2789
12
-0.6567
22
2.0230
32
-2.3229
13
-0.6609
23
2.1229
33
-2.3254
0
3DFACE
8
B2_v2
10
-0.7566
20
2.0187
30
-2.2789
11
-0.7524
21
1.9188
31
-2.2760
12
-0.6524
22
1.9230
32
-2.3204
13
-0.6567
23
2.0230
33
-2.3229
0
3DFACE
8
B2_v2
10
-0.7524
20
1.9188
30
-2.2760
11
-0.7481
21
1.8189
31
-2.2734
12
-0.6482
22
1.8231
32
-2.3171
13
-0.6524
23
1.9230
33
-2.3204
0
3DFACE
8
B2_v2
10
-0.7481
20
1.8189
30
-2.2734
11
-0.7439
21
1.7190
31
-2.2677
12
-0.6440
22
1.7232
32
-2.3112
13
-0.6482
23
1.8231
33
-2.3171
0
3DFACE
8
B2_v2
10
-0.7439
20
1.7190
30
-2.2677
11
-0.7396
21
1.6191
31
-2.2601
12
-0.6397
22
1.6233
32
-2.3034
13
-0.6440
23
1.7232
33
-2.3112
0
3DFACE
8
B2_v2
10
-0.7396
20
1.6191
30
-2.2601
11
-0.7354
21
1.5192
31
-2.2527
12
-0.6355
22
1.5234
32
-2.2950
13
-0.6397
23
1.6233
33
-2.3034
0
3DFACE
8
B2_v2
10
-0.7354
20
1.5192
30
-2.2527
11
-0.7311
21
1.4193
31
-2.2444
12
-0.6312
22
1.4235
32
-2.2844
13
-0.6355
23
1.5234
33
-2.2950
0
3DFACE
8
B2_v2
10
-0.7311
20
1.4193
30
-2.2444
11
-0.7269
21
1.3193
31
-2.2332
12
-0.6270
22
1.3236
32
-2.2699
13
-0.6312
23
1.4235
33
-2.2844
0
3DFACE
8
B2_v2
10
-0.7269
20
1.3193
30
-2.2332
11
-0.7226
21
1.2194
31
-2.2214
12
-0.6227
22
1.2237
32
-2.2557
13
-0.6270
23
1.3236
33
-2.2699
0
3DFACE
8
B2_v2
10
-0.7226
20
1.2194
30
-2.2214
11
-0.7184
21
1.1195
31
-2.2105
12
-0.6185
22
1.1238
32
-2.2424
13
-0.6227
23
1.2237
33
-2.2557
0
3DFACE
8
B2_v2
10
-0.7184
20
1.1195
30
-2.2105
11
-0.7142
21
1.0196
31
-2.1995
12
-0.6143
22
1.0239
32
-2.2300
13
-0.6185
23
1.1238
33
-2.2424
0
3DFACE
8
B2_v2
10
-0.7142
20
1.0196
30
-2.1995
11
-0.7099
21
0.9197
31
-2.1891
12
-0.6100
22
0.9239
32
-2.2148
13
-0.6143
23
1.0239
33
-2.2300
0
3DFACE
8
B2_v2
10
-0.7099
20
0.9197
30
-2.1891
11
-0.7057
21
0.8198
31
-2.1790
12
-0.6058
22
0.8240
32
-2.2018
13
-0.6100
23
0.9239
33
-2.2148
0
3DFACE
8
B2_v2
10
-0.7057
20
0.8198
30
-2.1790
11
-0.7014
21
0.7199
31
-2.1716
12
-0.6015
22
0.7241
32
-2.1915
13
-0.6058
23
0.8240
33
-2.2018
0
3DFACE
8
B2_v2
10
-0.7014
20
0.7199
30
-2.1716
11
-0.6972
21
0.6200
31
-2.1688
12
-0.5973
22
0.6242
32
-2.1881
13
-0.6015
23
0.7241
33
-2.1915
0
3DFACE
8
B2_v2
10
-0.6972
20
0.6200
30
-2.1688
11
-0.6929
21
0.5201
31
-2.1699
12
-0.5930
22
0.5243
32
-2.1904
13
-0.5973
23
0.6242
33
-2.1881
0
3DFACE
8
B2_v2
10
-0.6929
20
0.5201
30
-2.1699
11
-0.6887
21
0.4202
31
-2.1751
12
-0.5888
22
0.4244
32
-2.1978
13
-0.5930
23
0.5243
33
-2.1904
0
3DFACE
8
B2_v2
10
-0.6887
20
0.4202
30
-2.1751
11
-0.6845
21
0.3202
31
-2.1864
12
-0.5845
22
0.3245
32
-2.2097
13
-0.5888
23
0.4244
33
-2.1978
0
3DFACE
8
B2_v2
10
-0.6845
20
0.3202
30
-2.1864
11
-0.6802
21
0.2203
31
-2.1966
12
-0.5803
22
0.2246
32
-2.2197
13
-0.5845
23
0.3245
33
-2.2097
0
3DFACE
8
B2_v2
10
-0.6802
20
0.2203
30
-2.1966
11
-0.6760
21
0.1204
31
-2.2059
12
-0.5761
22
0.1247
32
-2.2310
13
-0.5803
23
0.2246
33
-2.2197
0
3DFACE
8
B2_v2
10
-0.6760
20
0.1204
30
-2.2059
11
-0.6717
21
0.0205
31
-2.2170
12
-0.5718
22
0.0248
32
-2.2436
13
-0.5761
23
0.1247
33
-2.2310
0
3DFACE
8
B2_v2
10
-0.6717
20
0.0205
30
-2.2170
11
-0.6675
21
-0.0794
31
-2.2286
12
-0.5676
22
-0.0752
32
-2.2567
13
-0.5718
23
0.0248
33
-2.2436
0
3DFACE
8
B2_v2
10
-0.6675
20
-0.0794
30
-2.2286
11
-0.6632
21
-0.1793
31
-2.2412
12
-0.5633
22
-0.1751
32
-2.2698
13
-0.5676
23
-0.0752
33
-2.2567
0
3DFACE
8
B2_v2
10
-0.6632
20
-0.1793
30
-2.2412
11
-0.6590
21
-0.2792
31
-2.2507
12
-0.5591
22
-0.2750
32
-2.2796
13
-0.5633
23
-0.1751
33
-2.2698
0
3DFACE
8
B2_v2
10
-0.6590
20
-0.2792
30
-2.2507
11
-0.6547
21
-0.3791
31
-2.2583
12
-0.5548
22
-0.3749
32
-2.2865
13
-0.5591
23
-0.2750
33
-2.2796
0
3DFACE
8
B2_v2
10
-0.6547
20
-0.3791
30
-2.2583
11
-0.6505
21
-0.4790
31
-2.2626
12
-0.5506
22
-0.4748
32
-2.2907
13
-0.5548
23
-0.3749
33
-2.2865
0
3DFACE
8
B2_v2
10
-0.6505
20
-0.4790
30
-2.2626
11
-0.6463
21
-0.5789
31
-2.2652
12
-0.5463
22
-0.5747
32
-2.2924
13
-0.5506
23
-0.4748
33
-2.2907
0
3DFACE
8
B2_v2
10
-0.6463
20
-0.5789
30
-2.2652
11
-0.6420
21
-0.6789
31
-2.2643
12
-0.5421
22
-0.6746
32
-2.2912
13
-0.5463
23
-0.5747
33
-2.2924
0
3DFACE
8
B2_v2
10
-0.6420
20
-0.6789
30
-2.2643
11
-0.6378
21
-0.7788
31
-2.2618
12
-0.5379
22
-0.7745
32
-2.2897
13
-0.5421
23
-0.6746
33
-2.2912
0
3DFACE
8
B2_v2
10
-0.6378
20
-0.7788
30
-2.2618
11
-0.6335
21
-0.8787
31
-2.2603
12
-0.5336
22
-0.8744
32
-2.2862
13
-0.5379
23
-0.7745
33
-2.2897
0
3DFACE
8
B2_v2
10
-0.6335
20
-0.8787
30
-2.2603
11
-0.6293
21
-0.9786
31
-2.2594
12
-0.5294
22
-0.9743
32
-2.2848
13
-0.5336
23
-0.8744
33
-2.2862
0
3DFACE
8
B2_v2
10
-0.6293
20
-0.9786
30
-2.2594
11
-0.6250
21
-1.0785
31
-2.2588
12
-0.5251
22
-1.0743
32
-2.2833
13
-0.5294
23
-0.9743
33
-2.2848
0
3DFACE
8
B2_v2
10
-0.6250
20
-1.0785
30
-2.2588
11
-0.6208
21
-1.1784
31
-2.2590
12
-0.5209
22
-1.1742
32
-2.2836
13
-0.5251
23
-1.0743
33
-2.2833
0
3DFACE
8
B2_v2
10
-0.6208
20
-1.1784
30
-2.2590
11
-0.6166
21
-1.2783
31
-2.2583
12
-0.5166
22
-1.2741
32
-2.2825
13
-0.5209
23
-1.1742
33
-2.2836
0
3DFACE
8
B2_v2
10
-0.6166
20
-1.2783
30
-2.2583
11
-0.6123
21
-1.3782
31
-2.2583
12
-0.5124
22
-1.3740
32
-2.2816
13
-0.5166
23
-1.2741
33
-2.2825
0
3DFACE
8
B2_v2
10
-0.7246
20
3.6215
30
-2.3738
11
-0.7203
21
3.5216
31
-2.3720
12
-0.6204
22
3.5258
32
-2.4174
13
-0.6247
23
3.6258
33
-2.4199
0
3DFACE
8
B2_v2
10
-0.7203
20
3.5216
30
-2.3720
11
-0.7161
21
3.4217
31
-2.3698
12
-0.6162
22
3.4259
32
-2.4143
13
-0.6204
23
3.5258
33
-2.4174
0
3DFACE
8
B2_v2
10
-0.7161
20
3.4217
30
-2.3698
11
-0.7119
21
3.3218
31
-2.3666
12
-0.6120
22
3.3260
32
-2.4105
13
-0.6162
23
3.4259
33
-2.4143
0
3DFACE
8
B2_v2
10
-0.7119
20
3.3218
30
-2.3666
11
-0.7076
21
3.2219
31
-2.3631
12
-0.6077
22
3.2261
32
-2.4060
13
-0.6120
23
3.3260
33
-2.4105
0
3DFACE
8
B2_v2
10
-0.7076
20
3.2219
30
-2.3631
11
-0.7034
21
3.1220
31
-2.3597
12
-0.6035
22
3.1262
32
-2.4009
13
-0.6077
23
3.2261
33
-2.4060
0
3DFACE
8
B2_v2
10
-0.7034
20
3.1220
30
-2.3597
11
-0.6991
21
3.0221
31
-2.3549
12
-0.5992
22
3.0263
32
-2.3976
13
-0.6035
23
3.1262
33
-2.4009
0
3DFACE
8
B2_v2
10
-0.6991
20
3.0221
30
-2.3549
11
-0.6949
21
2.9221
31
-2.3510
12
-0.5950
22
2.9264
32
-2.3932
13
-0.5992
23
3.0263
33
-2.3976
0
3DFACE
8
B2_v2
10
-0.6949
20
2.9221
30
-2.3510
11
-0.6906
21
2.8222
31
-2.3472
12
-0.5907
22
2.8265
32
-2.3889
13
-0.5950
23
2.9264
33
-2.3932
0
3DFACE
8
B2_v2
10
-0.6906
20
2.8222
30
-2.3472
11
-0.6864
21
2.7223
31
-2.3442
12
-0.5865
22
2.7266
32
-2.3843
13
-0.5907
23
2.8265
33
-2.3889
0
3DFACE
8
B2_v2
10
-0.6864
20
2.7223
30
-2.3442
11
-0.6822
21
2.6224
31
-2.3391
12
-0.5822
22
2.6267
32
-2.3805
13
-0.5865
23
2.7266
33
-2.3843
0
3DFACE
8
B2_v2
10
-0.6822
20
2.6224
30
-2.3391
11
-0.6779
21
2.5225
31
-2.3364
12
-0.5780
22
2.5267
32
-2.3774
13
-0.5822
23
2.6267
33
-2.3805
0
3DFACE
8
B2_v2
10
-0.6779
20
2.5225
30
-2.3364
11
-0.6737
21
2.4226
31
-2.3338
12
-0.5738
22
2.4268
32
-2.3754
13
-0.5780
23
2.5267
33
-2.3774
0
3DFACE
8
B2_v2
10
-0.6737
20
2.4226
30
-2.3338
11
-0.6694
21
2.3227
31
-2.3313
12
-0.5695
22
2.3269
32
-2.3723
13
-0.5738
23
2.4268
33
-2.3754
0
3DFACE
8
B2_v2
10
-0.6694
20
2.3227
30
-2.3313
11
-0.6652
21
2.2228
31
-2.3283
12
-0.5653
22
2.2270
32
-2.3700
13
-0.5695
23
2.3269
33
-2.3723
0
3DFACE
8
B2_v2
10
-0.6652
20
2.2228
30
-2.3283
11
-0.6609
21
2.1229
31
-2.3254
12
-0.5610
22
2.1271
32
-2.3676
13
-0.5653
23
2.2270
33
-2.3700
0
3DFACE
8
B2_v2
10
-0.6609
20
2.1229
30
-2.3254
11
-0.6567
21
2.0230
31
-2.3229
12
-0.5568
22
2.0272
32
-2.3655
13
-0.5610
23
2.1271
33
-2.3676
0
3DFACE
8
B2_v2
10
-0.6567
20
2.0230
30
-2.3229
11
-0.6524
21
1.9230
31
-2.3204
12
-0.5525
22
1.9273
32
-2.3633
13
-0.5568
23
2.0272
33
-2.3655
0
3DFACE
8
B2_v2
10
-0.6524
20
1.9230
30
-2.3204
11
-0.6482
21
1.8231
31
-2.3171
12
-0.5483
22
1.8274
32
-2.3610
13
-0.5525
23
1.9273
33
-2.3633
0
3DFACE
8
B2_v2
10
-0.6482
20
1.8231
30
-2.3171
11
-0.6440
21
1.7232
31
-2.3112
12
-0.5440
22
1.7275
32
-2.3548
13
-0.5483
23
1.8274
33
-2.3610
0
3DFACE
8
B2_v2
10
-0.6440
20
1.7232
30
-2.3112
11
-0.6397
21
1.6233
31
-2.3034
12
-0.5398
22
1.6276
32
-2.3462
13
-0.5440
23
1.7275
33
-2.3548
0
3DFACE
8
B2_v2
10
-0.6397
20
1.6233
30
-2.3034
11
-0.6355
21
1.5234
31
-2.2950
12
-0.5356
22
1.5276
32
-2.3361
13
-0.5398
23
1.6276
33
-2.3462
0
3DFACE
8
B2_v2
10
-0.6355
20
1.5234
30
-2.2950
11
-0.6312
21
1.4235
31
-2.2844
12
-0.5313
22
1.4277
32
-2.3234
13
-0.5356
23
1.5276
33
-2.3361
0
3DFACE
8
B2_v2
10
-0.6312
20
1.4235
30
-2.2844
11
-0.6270
21
1.3236
31
-2.2699
12
-0.5271
22
1.3278
32
-2.3078
13
-0.5313
23
1.4277
33
-2.3234
0
3DFACE
8
B2_v2
10
-0.6270
20
1.3236
30
-2.2699
11
-0.6227
21
1.2237
31
-2.2557
12
-0.5228
22
1.2279
32
-2.2916
13
-0.5271
23
1.3278
33
-2.3078
0
3DFACE
8
B2_v2
10
-0.6227
20
1.2237
30
-2.2557
11
-0.6185
21
1.1238
31
-2.2424
12
-0.5186
22
1.1280
32
-2.2758
13
-0.5228
23
1.2279
33
-2.2916
0
3DFACE
8
B2_v2
10
-0.6185
20
1.1238
30
-2.2424
11
-0.6143
21
1.0239
31
-2.2300
12
-0.5143
22
1.0281
32
-2.2596
13
-0.5186
23
1.1280
33
-2.2758
0
3DFACE
8
B2_v2
10
-0.6143
20
1.0239
30
-2.2300
11
-0.6100
21
0.9239
31
-2.2148
12
-0.5101
22
0.9282
32
-2.2436
13
-0.5143
23
1.0281
33
-2.2596
0
3DFACE
8
B2_v2
10
-0.6100
20
0.9239
30
-2.2148
11
-0.6058
21
0.8240
31
-2.2018
12
-0.5059
22
0.8283
32
-2.2275
13
-0.5101
23
0.9282
33
-2.2436
0
3DFACE
8
B2_v2
10
-0.6058
20
0.8240
30
-2.2018
11
-0.6015
21
0.7241
31
-2.1915
12
-0.5016
22
0.7284
32
-2.2157
13
-0.5059
23
0.8283
33
-2.2275
0
3DFACE
8
B2_v2
10
-0.6015
20
0.7241
30
-2.1915
11
-0.5973
21
0.6242
31
-2.1881
12
-0.4974
22
0.6285
32
-2.2103
13
-0.5016
23
0.7284
33
-2.2157
0
3DFACE
8
B2_v2
10
-0.5973
20
0.6242
30
-2.1881
11
-0.5930
21
0.5243
31
-2.1904
12
-0.4931
22
0.5286
32
-2.2124
13
-0.4974
23
0.6285
33
-2.2103
0
3DFACE
8
B2_v2
10
-0.5930
20
0.5243
30
-2.1904
11
-0.5888
21
0.4244
31
-2.1978
12
-0.4889
22
0.4286
32
-2.2196
13
-0.4931
23
0.5286
33
-2.2124
0
3DFACE
8
B2_v2
10
-0.5888
20
0.4244
30
-2.1978
11
-0.5845
21
0.3245
31
-2.2097
12
-0.4846
22
0.3287
32
-2.2330
13
-0.4889
23
0.4286
33
-2.2196
0
3DFACE
8
B2_v2
10
-0.5845
20
0.3245
30
-2.2097
11
-0.5803
21
0.2246
31
-2.2197
12
-0.4804
22
0.2288
32
-2.2458
13
-0.4846
23
0.3287
33
-2.2330
0
3DFACE
8
B2_v2
10
-0.5803
20
0.2246
30
-2.2197
11
-0.5761
21
0.1247
31
-2.2310
12
-0.4761
22
0.1289
32
-2.2576
13
-0.4804
23
0.2288
33
-2.2458
0
3DFACE
8
B2_v2
10
-0.5761
20
0.1247
30
-2.2310
11
-0.5718
21
0.0248
31
-2.2436
12
-0.4719
22
0.0290
32
-2.2711
13
-0.4761
23
0.1289
33
-2.2576
0
3DFACE
8
B2_v2
10
-0.5718
20
0.0248
30
-2.2436
11
-0.5676
21
-0.0752
31
-2.2567
12
-0.4677
22
-0.0709
32
-2.2852
13
-0.4719
23
0.0290
33
-2.2711
0
3DFACE
8
B2_v2
10
-0.5676
20
-0.0752
30
-2.2567
11
-0.5633
21
-0.1751
31
-2.2698
12
-0.4634
22
-0.1708
32
-2.2987
13
-0.4677
23
-0.0709
33
-2.2852
0
3DFACE
8
B2_v2
10
-0.5633
20
-0.1751
30
-2.2698
11
-0.5591
21
-0.2750
31
-2.2796
12
-0.4592
22
-0.2707
32
-2.3086
13
-0.4634
23
-0.1708
33
-2.2987
0
3DFACE
8
B2_v2
10
-0.5591
20
-0.2750
30
-2.2796
11
-0.5548
21
-0.3749
31
-2.2865
12
-0.4549
22
-0.3706
32
-2.3152
13
-0.4592
23
-0.2707
33
-2.3086
0
3DFACE
8
B2_v2
10
-0.5548
20
-0.3749
30
-2.2865
11
-0.5506
21
-0.4748
31
-2.2907
12
-0.4507
22
-0.4705
32
-2.3194
13
-0.4549
23
-0.3706
33
-2.3152
0
3DFACE
8
B2_v2
10
-0.5506
20
-0.4748
30
-2.2907
11
-0.5463
21
-0.5747
31
-2.2924
12
-0.4464
22
-0.5705
32
-2.3212
13
-0.4507
23
-0.4705
33
-2.3194
0
3DFACE
8
B2_v2
10
-0.5463
20
-0.5747
30
-2.2924
11
-0.5421
21
-0.6746
31
-2.2912
12
-0.4422
22
-0.6704
32
-2.3192
13
-0.4464
23
-0.5705
33
-2.3212
0
3DFACE
8
B2_v2
10
-0.5421
20
-0.6746
30
-2.2912
11
-0.5379
21
-0.7745
31
-2.2897
12
-0.4380
22
-0.7703
32
-2.3162
13
-0.4422
23
-0.6704
33
-2.3192
0
3DFACE
8
B2_v2
10
-0.5379
20
-0.7745
30
-2.2897
11
-0.5336
21
-0.8744
31
-2.2862
12
-0.4337
22
-0.8702
32
-2.3135
13
-0.4380
23
-0.7703
33
-2.3162
0
3DFACE
8
B2_v2
10
-0.5336
20
-0.8744
30
-2.2862
11
-0.5294
21
-0.9743
31
-2.2848
12
-0.4295
22
-0.9701
32
-2.3116
13
-0.4337
23
-0.8702
33
-2.3135
0
3DFACE
8
B2_v2
10
-0.5294
20
-0.9743
30
-2.2848
11
-0.5251
21
-1.0743
31
-2.2833
12
-0.4252
22
-1.0700
32
-2.3101
13
-0.4295
23
-0.9701
33
-2.3116
0
3DFACE
8
B2_v2
10
-0.5251
20
-1.0743
30
-2.2833
11
-0.5209
21
-1.1742
31
-2.2836
12
-0.4210
22
-1.1699
32
-2.3082
13
-0.4252
23
-1.0700
33
-2.3101
0
3DFACE
8
B2_v2
10
-0.5209
20
-1.1742
30
-2.2836
11
-0.5166
21
-1.2741
31
-2.2825
12
-0.4167
22
-1.2698
32
-2.3064
13
-0.4210
23
-1.1699
33
-2.3082
0
3DFACE
8
B2_v2
10
-0.5166
20
-1.2741
30
-2.2825
11
-0.5124
21
-1.3740
31
-2.2816
12
-0.4125
22
-1.3697
32
-2.3052
13
-0.4167
23
-1.2698
33
-2.3064
0
3DFACE
8
B2_v2
10
-0.6247
20
3.6258
30
-2.4199
11
-0.6204
21
3.5258
31
-2.4174
12
-0.5205
22
3.5301
32
-2.4620
13
-0.5248
23
3.6300
33
-2.4642
0
3DFACE
8
B2_v2
10
-0.6204
20
3.5258
30
-2.4174
11
-0.6162
21
3.4259
31
-2.4143
12
-0.5163
22
3.4302
32
-2.4592
13
-0.5205
23
3.5301
33
-2.4620
0
3DFACE
8
B2_v2
10
-0.6162
20
3.4259
30
-2.4143
11
-0.6120
21
3.3260
31
-2.4105
12
-0.5120
22
3.3303
32
-2.4540
13
-0.5163
23
3.4302
33
-2.4592
0
3DFACE
8
B2_v2
10
-0.6120
20
3.3260
30
-2.4105
11
-0.6077
21
3.2261
31
-2.4060
12
-0.5078
22
3.2304
32
-2.4474
13
-0.5120
23
3.3303
33
-2.4540
0
3DFACE
8
B2_v2
10
-0.6077
20
3.2261
30
-2.4060
11
-0.6035
21
3.1262
31
-2.4009
12
-0.5036
22
3.1305
32
-2.4422
13
-0.5078
23
3.2304
33
-2.4474
0
3DFACE
8
B2_v2
10
-0.6035
20
3.1262
30
-2.4009
11
-0.5992
21
3.0263
31
-2.3976
12
-0.4993
22
3.0305
32
-2.4380
13
-0.5036
23
3.1305
33
-2.4422
0
3DFACE
8
B2_v2
10
-0.5992
20
3.0263
30
-2.3976
11
-0.5950
21
2.9264
31
-2.3932
12
-0.4951
22
2.9306
32
-2.4343
13
-0.4993
23
3.0305
33
-2.4380
0
3DFACE
8
B2_v2
10
-0.5950
20
2.9264
30
-2.3932
11
-0.5907
21
2.8265
31
-2.3889
12
-0.4908
22
2.8307
32
-2.4297
13
-0.4951
23
2.9306
33
-2.4343
0
3DFACE
8
B2_v2
10
-0.5907
20
2.8265
30
-2.3889
11
-0.5865
21
2.7266
31
-2.3843
12
-0.4866
22
2.7308
32
-2.4242
13
-0.4908
23
2.8307
33
-2.4297
0
3DFACE
8
B2_v2
10
-0.5865
20
2.7266
30
-2.3843
11
-0.5822
21
2.6267
31
-2.3805
12
-0.4823
22
2.6309
32
-2.4211
13
-0.4866
23
2.7308
33
-2.4242
0
3DFACE
8
B2_v2
10
-0.5822
20
2.6267
30
-2.3805
11
-0.5780
21
2.5267
31
-2.3774
12
-0.4781
22
2.5310
32
-2.4187
13
-0.4823
23
2.6309
33
-2.4211
0
3DFACE
8
B2_v2
10
-0.5780
20
2.5267
30
-2.3774
11
-0.5738
21
2.4268
31
-2.3754
12
-0.4738
22
2.4311
32
-2.4150
13
-0.4781
23
2.5310
33
-2.4187
0
3DFACE
8
B2_v2
10
-0.5738
20
2.4268
30
-2.3754
11
-0.5695
21
2.3269
31
-2.3723
12
-0.4696
22
2.3312
32
-2.4133
13
-0.4738
23
2.4311
33
-2.4150
0
3DFACE
8
B2_v2
10
-0.5695
20
2.3269
30
-2.3723
11
-0.5653
21
2.2270
31
-2.3700
12
-0.4654
22
2.2313
32
-2.4119
13
-0.4696
23
2.3312
33
-2.4133
0
3DFACE
8
B2_v2
10
-0.5653
20
2.2270
30
-2.3700
11
-0.5610
21
2.1271
31
-2.3676
12
-0.4611
22
2.1314
32
-2.4082
13
-0.4654
23
2.2313
33
-2.4119
0
3DFACE
8
B2_v2
10
-0.5610
20
2.1271
30
-2.3676
11
-0.5568
21
2.0272
31
-2.3655
12
-0.4569
22
2.0314
32
-2.4047
13
-0.4611
23
2.1314
33
-2.4082
0
3DFACE
8
B2_v2
10
-0.5568
20
2.0272
30
-2.3655
11
-0.5525
21
1.9273
31
-2.3633
12
-0.4526
22
1.9315
32
-2.4028
13
-0.4569
23
2.0314
33
-2.4047
0
3DFACE
8
B2_v2
10
-0.5525
20
1.9273
30
-2.3633
11
-0.5483
21
1.8274
31
-2.3610
12
-0.4484
22
1.8316
32
-2.4008
13
-0.4526
23
1.9315
33
-2.4028
0
3DFACE
8
B2_v2
10
-0.5483
20
1.8274
30
-2.3610
11
-0.5440
21
1.7275
31
-2.3548
12
-0.4441
22
1.7317
32
-2.3961
13
-0.4484
23
1.8316
33
-2.4008
0
3DFACE
8
B2_v2
10
-0.5440
20
1.7275
30
-2.3548
11
-0.5398
21
1.6276
31
-2.3462
12
-0.4399
22
1.6318
32
-2.3867
13
-0.4441
23
1.7317
33
-2.3961
0
3DFACE
8
B2_v2
10
-0.5398
20
1.6276
30
-2.3462
11
-0.5356
21
1.5276
31
-2.3361
12
-0.4357
22
1.5319
32
-2.3754
13
-0.4399
23
1.6318
33
-2.3867
0
3DFACE
8
B2_v2
10
-0.5356
20
1.5276
30
-2.3361
11
-0.5313
21
1.4277
31
-2.3234
12
-0.4314
22
1.4320
32
-2.3605
13
-0.4357
23
1.5319
33
-2.3754
0
3DFACE
8
B2_v2
10
-0.5313
20
1.4277
30
-2.3234
11
-0.5271
21
1.3278
31
-2.3078
12
-0.4272
22
1.3321
32
-2.3419
13
-0.4314
23
1.4320
33
-2.3605
0
3DFACE
8
B2_v2
10
-0.5271
20
1.3278
30
-2.3078
11
-0.5228
21
1.2279
31
-2.2916
12
-0.4229
22
1.2322
32
-2.3241
13
-0.4272
23
1.3321
33
-2.3419
0
3DFACE
8
B2_v2
10
-0.5228
20
1.2279
30
-2.2916
11
-0.5186
21
1.1280
31
-2.2758
12
-0.4187
22
1.1323
32
-2.3047
13
-0.4229
23
1.2322
33
-2.3241
0
3DFACE
8
B2_v2
10
-0.5186
20
1.1280
30
-2.2758
11
-0.5143
21
1.0281
31
-2.2596
12
-0.4144
22
1.0323
32
-2.2871
13
-0.4187
23
1.1323
33
-2.3047
0
3DFACE
8
B2_v2
10
-0.5143
20
1.0281
30
-2.2596
11
-0.5101
21
0.9282
31
-2.2436
12
-0.4102
22
0.9324
32
-2.2689
13
-0.4144
23
1.0323
33
-2.2871
0
3DFACE
8
B2_v2
10
-0.5101
20
0.9282
30
-2.2436
11
-0.5059
21
0.8283
31
-2.2275
12
-0.4059
22
0.8325
32
-2.2512
13
-0.4102
23
0.9324
33
-2.2689
0
3DFACE
8
B2_v2
10
-0.5059
20
0.8283
30
-2.2275
11
-0.5016
21
0.7284
31
-2.2157
12
-0.4017
22
0.7326
32
-2.2380
13
-0.4059
23
0.8325
33
-2.2512
0
3DFACE
8
B2_v2
10
-0.5016
20
0.7284
30
-2.2157
11
-0.4974
21
0.6285
31
-2.2103
12
-0.3975
22
0.6327
32
-2.2309
13
-0.4017
23
0.7326
33
-2.2380
0
3DFACE
8
B2_v2
10
-0.4974
20
0.6285
30
-2.2103
11
-0.4931
21
0.5286
31
-2.2124
12
-0.3932
22
0.5328
32
-2.2312
13
-0.3975
23
0.6327
33
-2.2309
0
3DFACE
8
B2_v2
10
-0.4931
20
0.5286
30
-2.2124
11
-0.4889
21
0.4286
31
-2.2196
12
-0.3890
22
0.4329
32
-2.2388
13
-0.3932
23
0.5328
33
-2.2312
0
3DFACE
8
B2_v2
10
-0.4889
20
0.4286
30
-2.2196
11
-0.4846
21
0.3287
31
-2.2330
12
-0.3847
22
0.3330
32
-2.2525
13
-0.3890
23
0.4329
33
-2.2388
0
3DFACE
8
B2_v2
10
-0.4846
20
0.3287
30
-2.2330
11
-0.4804
21
0.2288
31
-2.2458
12
-0.3805
22
0.2331
32
-2.2663
13
-0.3847
23
0.3330
33
-2.2525
0
3DFACE
8
B2_v2
10
-0.4804
20
0.2288
30
-2.2458
11
-0.4761
21
0.1289
31
-2.2576
12
-0.3762
22
0.1332
32
-2.2802
13
-0.3805
23
0.2331
33
-2.2663
0
3DFACE
8
B2_v2
10
-0.4761
20
0.1289
30
-2.2576
11
-0.4719
21
0.0290
31
-2.2711
12
-0.3720
22
0.0332
32
-2.2941
13
-0.3762
23
0.1332
33
-2.2802
0
3DFACE
8
B2_v2
10
-0.4719
20
0.0290
30
-2.2711
11
-0.4677
21
-0.0709
31
-2.2852
12
-0.3677
22
-0.0667
32
-2.3076
13
-0.3720
23
0.0332
33
-2.2941
0
3DFACE
8
B2_v2
10
-0.4677
20
-0.0709
30
-2.2852
11
-0.4634
21
-0.1708
31
-2.2987
12
-0.3635
22
-0.1666
32
-2.3212
13
-0.3677
23
-0.0667
33
-2.3076
0
3DFACE
8
B2_v2
10
-0.4634
20
-0.1708
30
-2.2987
11
-0.4592
21
-0.2707
31
-2.3086
12
-0.3593
22
-0.2665
32
-2.3313
13
-0.3635
23
-0.1666
33
-2.3212
0
3DFACE
8
B2_v2
10
-0.4592
20
-0.2707
30
-2.3086
11
-0.4549
21
-0.3706
31
-2.3152
12
-0.3550
22
-0.3664
32
-2.3378
13
-0.3593
23
-0.2665
33
-2.3313
0
3DFACE
8
B2_v2
10
-0.4549
20
-0.3706
30
-2.3152
11
-0.4507
21
-0.4705
31
-2.3194
12
-0.3508
22
-0.4663
32
-2.3421
13
-0.3550
23
-0.3664
33
-2.3378
0
3DFACE
8
B2_v2
10
-0.4507
20
-0.4705
30
-2.3194
11
-0.4464
21
-0.5705
31
-2.3212
12
-0.3465
22
-0.5662
32
-2.3423
13
-0.3508
23
-0.4663
33
-2.3421
0
3DFACE
8
B2_v2
10
-0.4464
20
-0.5705
30
-2.3212
11
-0.4422
21
-0.6704
31
-2.3192
12
-0.3423
22
-0.6661
32
-2.3405
13
-0.3465
23
-0.5662
33
-2.3423
0
3DFACE
8
B2_v2
10
-0.4422
20
-0.6704
30
-2.3192
11
-0.4380
21
-0.7703
31
-2.3162
12
-0.3380
22
-0.7660
32
-2.3411
13
-0.3423
23
-0.6661
33
-2.3405
0
3DFACE
8
B2_v2
10
-0.4380
20
-0.7703
30
-2.3162
11
-0.4337
21
-0.8702
31
-2.3135
12
-0.3338
22
-0.8659
32
-2.3407
13
-0.3380
23
-0.7660
33
-2.3411
0
3DFACE
8
B2_v2
10
-0.4337
20
-0.8702
30
-2.3135
11
-0.4295
21
-0.9701
31
-2.3116
12
-0.3296
22
-0.9659
32
-2.3391
13
-0.3338
23
-0.8659
33
-2.3407
0
3DFACE
8
B2_v2
10
-0.4295
20
-0.9701
30
-2.3116
11
-0.4252
21
-1.0700
31
-2.3101
12
-0.3253
22
-1.0658
32
-2.3374
13
-0.3296
23
-0.9659
33
-2.3391
0
3DFACE
8
B2_v2
10
-0.4252
20
-1.0700
30
-2.3101
11
-0.4210
21
-1.1699
31
-2.3082
12
-0.3211
22
-1.1657
32
-2.3343
13
-0.3253
23
-1.0658
33
-2.3374
0
3DFACE
8
B2_v2
10
-0.4210
20
-1.1699
30
-2.3082
11
-0.4167
21
-1.2698
31
-2.3064
12
-0.3168
22
-1.2656
32
-2.3330
13
-0.3211
23
-1.1657
33
-2.3343
0
3DFACE
8
B2_v2
10
-0.4167
20
-1.2698
30
-2.3064
11
-0.4125
21
-1.3697
31
-2.3052
12
-0.3126
22
-1.3655
32
-2.3334
13
-0.3168
23
-1.2656
33
-2.3330
0
3DFACE
8
B2_v2
10
-0.5248
20
3.6300
30
-2.4642
11
-0.5205
21
3.5301
31
-2.4620
12
-0.4206
22
3.5343
32
-2.5058
13
-0.4249
23
3.6342
33
-2.5082
0
3DFACE
8
B2_v2
10
-0.5205
20
3.5301
30
-2.4620
11
-0.5163
21
3.4302
31
-2.4592
12
-0.4164
22
3.4344
32
-2.5027
13
-0.4206
23
3.5343
33
-2.5058
0
3DFACE
8
B2_v2
10
-0.5163
20
3.4302
30
-2.4592
11
-0.5120
21
3.3303
31
-2.4540
12
-0.4121
22
3.3345
32
-2.4977
13
-0.4164
23
3.4344
33
-2.5027
0
3DFACE
8
B2_v2
10
-0.5120
20
3.3303
30
-2.4540
11
-0.5078
21
3.2304
31
-2.4474
12
-0.4079
22
3.2346
32
-2.4914
13
-0.4121
23
3.3345
33
-2.4977
0
3DFACE
8
B2_v2
10
-0.5078
20
3.2304
30
-2.4474
11
-0.5036
21
3.1305
31
-2.4422
12
-0.4036
22
3.1347
32
-2.4861
13
-0.4079
23
3.2346
33
-2.4914
0
3DFACE
8
B2_v2
10
-0.5036
20
3.1305
30
-2.4422
11
-0.4993
21
3.0305
31
-2.4380
12
-0.3994
22
3.0348
32
-2.4806
13
-0.4036
23
3.1347
33
-2.4861
0
3DFACE
8
B2_v2
10
-0.4993
20
3.0305
30
-2.4380
11
-0.4951
21
2.9306
31
-2.4343
12
-0.3952
22
2.9349
32
-2.4754
13
-0.3994
23
3.0348
33
-2.4806
0
3DFACE
8
B2_v2
10
-0.4951
20
2.9306
30
-2.4343
11
-0.4908
21
2.8307
31
-2.4297
12
-0.3909
22
2.8350
32
-2.4697
13
-0.3952
23
2.9349
33
-2.4754
0
3DFACE
8
B2_v2
10
-0.4908
20
2.8307
30
-2.4297
11
-0.4866
21
2.7308
31
-2.4242
12
-0.3867
22
2.7351
32
-2.4652
13
-0.3909
23
2.8350
33
-2.4697
0
3DFACE
8
B2_v2
10
-0.4866
20
2.7308
30
-2.4242
11
-0.4823
21
2.6309
31
-2.4211
12
-0.3824
22
2.6351
32
-2.4617
13
-0.3867
23
2.7351
33
-2.4652
0
3DFACE
8
B2_v2
10
-0.4823
20
2.6309
30
-2.4211
11
-0.4781
21
2.5310
31
-2.4187
12
-0.3782
22
2.5352
32
-2.4580
13
-0.3824
23
2.6351
33
-2.4617
0
3DFACE
8
B2_v2
10
-0.4781
20
2.5310
30
-2.4187
11
-0.4738
21
2.4311
31
-2.4150
12
-0.3739
22
2.4353
32
-2.4551
13
-0.3782
23
2.5352
33
-2.4580
0
3DFACE
8
B2_v2
10
-0.4738
20
2.4311
30
-2.4150
11
-0.4696
21
2.3312
31
-2.4133
12
-0.3697
22
2.3354
32
-2.4534
13
-0.3739
23
2.4353
33
-2.4551
0
3DFACE
8
B2_v2
10
-0.4696
20
2.3312
30
-2.4133
11
-0.4654
21
2.2313
31
-2.4119
12
-0.3654
22
2.2355
32
-2.4518
13
-0.3697
23
2.3354
33
-2.4534
0
3DFACE
8
B2_v2
10
-0.4654
20
2.2313
30
-2.4119
11
-0.4611
21
2.1314
31
-2.4082
12
-0.3612
22
2.1356
32
-2.4472
13
-0.3654
23
2.2355
33
-2.4518
0
3DFACE
8
B2_v2
10
-0.4611
20
2.1314
30
-2.4082
11
-0.4569
21
2.0314
31
-2.4047
12
-0.3570
22
2.0357
32
-2.4445
13
-0.3612
23
2.1356
33
-2.4472
0
3DFACE
8
B2_v2
10
-0.4569
20
2.0314
30
-2.4047
11
-0.4526
21
1.9315
31
-2.4028
12
-0.3527
22
1.9358
32
-2.4427
13
-0.3570
23
2.0357
33
-2.4445
0
3DFACE
8
B2_v2
10
-0.4526
20
1.9315
30
-2.4028
11
-0.4484
21
1.8316
31
-2.4008
12
-0.3485
22
1.8359
32
-2.4411
13
-0.3527
23
1.9358
33
-2.4427
0
3DFACE
8
B2_v2
10
-0.4484
20
1.8316
30
-2.4008
11
-0.4441
21
1.7317
31
-2.3961
12
-0.3442
22
1.7360
32
-2.4361
13
-0.3485
23
1.8359
33
-2.4411
0
3DFACE
8
B2_v2
10
-0.4441
20
1.7317
30
-2.3961
11
-0.4399
21
1.6318
31
-2.3867
12
-0.3400
22
1.6360
32
-2.4240
13
-0.3442
23
1.7360
33
-2.4361
0
3DFACE
8
B2_v2
10
-0.4399
20
1.6318
30
-2.3867
11
-0.4357
21
1.5319
31
-2.3754
12
-0.3357
22
1.5361
32
-2.4120
13
-0.3400
23
1.6360
33
-2.4240
0
3DFACE
8
B2_v2
10
-0.4357
20
1.5319
30
-2.3754
11
-0.4314
21
1.4320
31
-2.3605
12
-0.3315
22
1.4362
32
-2.3973
13
-0.3357
23
1.5361
33
-2.4120
0
3DFACE
8
B2_v2
10
-0.4314
20
1.4320
30
-2.3605
11
-0.4272
21
1.3321
31
-2.3419
12
-0.3273
22
1.3363
32
-2.3780
13
-0.3315
23
1.4362
33
-2.3973
0
3DFACE
8
B2_v2
10
-0.4272
20
1.3321
30
-2.3419
11
-0.4229
21
1.2322
31
-2.3241
12
-0.3230
22
1.2364
32
-2.3577
13
-0.3273
23
1.3363
33
-2.3780
0
3DFACE
8
B2_v2
10
-0.4229
20
1.2322
30
-2.3241
11
-0.4187
21
1.1323
31
-2.3047
12
-0.3188
22
1.1365
32
-2.3384
13
-0.3230
23
1.2364
33
-2.3577
0
3DFACE
8
B2_v2
10
-0.4187
20
1.1323
30
-2.3047
11
-0.4144
21
1.0323
31
-2.2871
12
-0.3145
22
1.0366
32
-2.3196
13
-0.3188
23
1.1365
33
-2.3384
0
3DFACE
8
B2_v2
10
-0.4144
20
1.0323
30
-2.2871
11
-0.4102
21
0.9324
31
-2.2689
12
-0.3103
22
0.9367
32
-2.3017
13
-0.3145
23
1.0366
33
-2.3196
0
3DFACE
8
B2_v2
10
-0.4102
20
0.9324
30
-2.2689
11
-0.4059
21
0.8325
31
-2.2512
12
-0.3060
22
0.8368
32
-2.2829
13
-0.3103
23
0.9367
33
-2.3017
0
3DFACE
8
B2_v2
10
-0.4059
20
0.8325
30
-2.2512
11
-0.4017
21
0.7326
31
-2.2380
12
-0.3018
22
0.7369
32
-2.2672
13
-0.3060
23
0.8368
33
-2.2829
0
3DFACE
8
B2_v2
10
-0.4017
20
0.7326
30
-2.2380
11
-0.3975
21
0.6327
31
-2.2309
12
-0.2975
22
0.6369
32
-2.2609
13
-0.3018
23
0.7369
33
-2.2672
0
3DFACE
8
B2_v2
10
-0.3975
20
0.6327
30
-2.2309
11
-0.3932
21
0.5328
31
-2.2312
12
-0.2933
22
0.5370
32
-2.2615
13
-0.2975
23
0.6369
33
-2.2609
0
3DFACE
8
B2_v2
10
-0.3932
20
0.5328
30
-2.2312
11
-0.3890
21
0.4329
31
-2.2388
12
-0.2891
22
0.4371
32
-2.2681
13
-0.2933
23
0.5370
33
-2.2615
0
3DFACE
8
B2_v2
10
-0.3890
20
0.4329
30
-2.2388
11
-0.3847
21
0.3330
31
-2.2525
12
-0.2848
22
0.3372
32
-2.2813
13
-0.2891
23
0.4371
33
-2.2681
0
3DFACE
8
B2_v2
10
-0.3847
20
0.3330
30
-2.2525
11
-0.3805
21
0.2331
31
-2.2663
12
-0.2806
22
0.2373
32
-2.2937
13
-0.2848
23
0.3372
33
-2.2813
0
3DFACE
8
B2_v2
10
-0.3805
20
0.2331
30
-2.2663
11
-0.3762
21
0.1332
31
-2.2802
12
-0.2763
22
0.1374
32
-2.3056
13
-0.2806
23
0.2373
33
-2.2937
0
3DFACE
8
B2_v2
10
-0.3762
20
0.1332
30
-2.2802
11
-0.3720
21
0.0332
31
-2.2941
12
-0.2721
22
0.0375
32
-2.3173
13
-0.2763
23
0.1374
33
-2.3056
0
3DFACE
8
B2_v2
10
-0.3720
20
0.0332
30
-2.2941
11
-0.3677
21
-0.0667
31
-2.3076
12
-0.2678
22
-0.0624
32
-2.3292
13
-0.2721
23
0.0375
33
-2.3173
0
3DFACE
8
B2_v2
10
-0.3677
20
-0.0667
30
-2.3076
11
-0.3635
21
-0.1666
31
-2.3212
12
-0.2636
22
-0.1623
32
-2.3419
13
-0.2678
23
-0.0624
33
-2.3292
0
3DFACE
8
B2_v2
10
-0.3635
20
-0.1666
30
-2.3212
11
-0.3593
21
-0.2665
31
-2.3313
12
-0.2594
22
-0.2622
32
-2.3520
13
-0.2636
23
-0.1623
33
-2.3419
0
3DFACE
8
B2_v2
10
-0.3593
20
-0.2665
30
-2.3313
11
-0.3550
21
-0.3664
31
-2.3378
12
-0.2551
22
-0.3622
32
-2.3593
13
-0.2594
23
-0.2622
33
-2.3520
0
3DFACE
8
B2_v2
10
-0.3550
20
-0.3664
30
-2.3378
11
-0.3508
21
-0.4663
31
-2.3421
12
-0.2509
22
-0.4621
32
-2.3630
13
-0.2551
23
-0.3622
33
-2.3593
0
3DFACE
8
B2_v2
10
-0.3508
20
-0.4663
30
-2.3421
11
-0.3465
21
-0.5662
31
-2.3423
12
-0.2466
22
-0.5620
32
-2.3646
13
-0.2509
23
-0.4621
33
-2.3630
0
3DFACE
8
B2_v2
10
-0.3465
20
-0.5662
30
-2.3423
11
-0.3423
21
-0.6661
31
-2.3405
12
-0.2424
22
-0.6619
32
-2.3640
13
-0.2466
23
-0.5620
33
-2.3646
0
3DFACE
8
B2_v2
10
-0.3423
20
-0.6661
30
-2.3405
11
-0.3380
21
-0.7660
31
-2.3411
12
-0.2381
22
-0.7618
32
-2.3639
13
-0.2424
23
-0.6619
33
-2.3640
0
3DFACE
8
B2_v2
10
-0.3380
20
-0.7660
30
-2.3411
11
-0.3338
21
-0.8659
31
-2.3407
12
-0.2339
22
-0.8617
32
-2.3634
13
-0.2381
23
-0.7618
33
-2.3639
0
3DFACE
8
B2_v2
10
-0.3338
20
-0.8659
30
-2.3407
11
-0.3296
21
-0.9659
31
-2.3391
12
-0.2296
22
-0.9616
32
-2.3621
13
-0.2339
23
-0.8617
33
-2.3634
0
3DFACE
8
B2_v2
10
-0.3296
20
-0.9659
30
-2.3391
11
-0.3253
21
-1.0658
31
-2.3374
12
-0.2254
22
-1.0615
32
-2.3608
13
-0.2296
23
-0.9616
33
-2.3621
0
3DFACE
8
B2_v2
10
-0.3253
20
-1.0658
30
-2.3374
11
-0.3211
21
-1.1657
31
-2.3343
12
-0.2212
22
-1.1614
32
-2.3582
13
-0.2254
23
-1.0615
33
-2.3608
0
3DFACE
8
B2_v2
10
-0.3211
20
-1.1657
30
-2.3343
11
-0.3168
21
-1.2656
31
-2.3330
12
-0.2169
22
-1.2613
32
-2.3572
13
-0.2212
23
-1.1614
33
-2.3582
0
3DFACE
8
B2_v2
10
-0.3168
20
-1.2656
30
-2.3330
11
-0.3126
21
-1.3655
31
-2.3334
12
-0.2127
22
-1.3613
32
-2.3568
13
-0.2169
23
-1.2613
33
-2.3572
0
3DFACE
8
B2_v2
10
-0.4249
20
3.6342
30
-2.5082
11
-0.4206
21
3.5343
31
-2.5058
12
-0.3207
22
3.5386
32
-2.5497
13
-0.3250
23
3.6385
33
-2.5520
0
3DFACE
8
B2_v2
10
-0.4206
20
3.5343
30
-2.5058
11
-0.4164
21
3.4344
31
-2.5027
12
-0.3165
22
3.4387
32
-2.5463
13
-0.3207
23
3.5386
33
-2.5497
0
3DFACE
8
B2_v2
10
-0.4164
20
3.4344
30
-2.5027
11
-0.4121
21
3.3345
31
-2.4977
12
-0.3122
22
3.3388
32
-2.5416
13
-0.3165
23
3.4387
33
-2.5463
0
3DFACE
8
B2_v2
10
-0.4121
20
3.3345
30
-2.4977
11
-0.4079
21
3.2346
31
-2.4914
12
-0.3080
22
3.2388
32
-2.5346
13
-0.3122
23
3.3388
33
-2.5416
0
3DFACE
8
B2_v2
10
-0.4079
20
3.2346
30
-2.4914
11
-0.4036
21
3.1347
31
-2.4861
12
-0.3037
22
3.1389
32
-2.5285
13
-0.3080
23
3.2388
33
-2.5346
0
3DFACE
8
B2_v2
10
-0.4036
20
3.1347
30
-2.4861
11
-0.3994
21
3.0348
31
-2.4806
12
-0.2995
22
3.0390
32
-2.5226
13
-0.3037
23
3.1389
33
-2.5285
0
3DFACE
8
B2_v2
10
-0.3994
20
3.0348
30
-2.4806
11
-0.3952
21
2.9349
31
-2.4754
12
-0.2952
22
2.9391
32
-2.5158
13
-0.2995
23
3.0390
33
-2.5226
0
3DFACE
8
B2_v2
10
-0.3952
20
2.9349
30
-2.4754
11
-0.3909
21
2.8350
31
-2.4697
12
-0.2910
22
2.8392
32
-2.5117
13
-0.2952
23
2.9391
33
-2.5158
0
3DFACE
8
B2_v2
10
-0.3909
20
2.8350
30
-2.4697
11
-0.3867
21
2.7351
31
-2.4652
12
-0.2868
22
2.7393
32
-2.5066
13
-0.2910
23
2.8392
33
-2.5117
0
3DFACE
8
B2_v2
10
-0.3867
20
2.7351
30
-2.4652
11
-0.3824
21
2.6351
31
-2.4617
12
-0.2825
22
2.6394
32
-2.5022
13
-0.2868
23
2.7393
33
-2.5066
0
3DFACE
8
B2_v2
10
-0.3824
20
2.6351
30
-2.4617
11
-0.3782
21
2.5352
31
-2.4580
12
-0.2783
22
2.5395
32
-2.4980
13
-0.2825
23
2.6394
33
-2.5022
0
3DFACE
8
B2_v2
10
-0.3782
20
2.5352
30
-2.4580
11
-0.3739
21
2.4353
31
-2.4551
12
-0.2740
22
2.4396
32
-2.4946
13
-0.2783
23
2.5395
33
-2.4980
0
3DFACE
8
B2_v2
10
-0.3739
20
2.4353
30
-2.4551
11
-0.3697
21
2.3354
31
-2.4534
12
-0.2698
22
2.3397
32
-2.4917
13
-0.2740
23
2.4396
33
-2.4946
0
3DFACE
8
B2_v2
10
-0.3697
20
2.3354
30
-2.4534
11
-0.3654
21
2.2355
31
-2.4518
12
-0.2655
22
2.2398
32
-2.4884
13
-0.2698
23
2.3397
33
-2.4917
0
3DFACE
8
B2_v2
10
-0.3654
20
2.2355
30
-2.4518
11
-0.3612
21
2.1356
31
-2.4472
12
-0.2613
22
2.1398
32
-2.4847
13
-0.2655
23
2.2398
33
-2.4884
0
3DFACE
8
B2_v2
10
-0.3612
20
2.1356
30
-2.4472
11
-0.3570
21
2.0357
31
-2.4445
12
-0.2570
22
2.0399
32
-2.4805
13
-0.2613
23
2.1398
33
-2.4847
0
3DFACE
8
B2_v2
10
-0.3570
20
2.0357
30
-2.4445
11
-0.3527
21
1.9358
31
-2.4427
12
-0.2528
22
1.9400
32
-2.4782
13
-0.2570
23
2.0399
33
-2.4805
0
3DFACE
8
B2_v2
10
-0.3527
20
1.9358
30
-2.4427
11
-0.3485
21
1.8359
31
-2.4411
12
-0.2486
22
1.8401
32
-2.4751
13
-0.2528
23
1.9400
33
-2.4782
0
3DFACE
8
B2_v2
10
-0.3485
20
1.8359
30
-2.4411
11
-0.3442
21
1.7360
31
-2.4361
12
-0.2443
22
1.7402
32
-2.4684
13
-0.2486
23
1.8401
33
-2.4751
0
3DFACE
8
B2_v2
10
-0.3442
20
1.7360
30
-2.4361
11
-0.3400
21
1.6360
31
-2.4240
12
-0.2401
22
1.6403
32
-2.4571
13
-0.2443
23
1.7402
33
-2.4684
0
3DFACE
8
B2_v2
10
-0.3400
20
1.6360
30
-2.4240
11
-0.3357
21
1.5361
31
-2.4120
12
-0.2358
22
1.5404
32
-2.4450
13
-0.2401
23
1.6403
33
-2.4571
0
3DFACE
8
B2_v2
10
-0.3357
20
1.5361
30
-2.4120
11
-0.3315
21
1.4362
31
-2.3973
12
-0.2316
22
1.4405
32
-2.4306
13
-0.2358
23
1.5404
33
-2.4450
0
3DFACE
8
B2_v2
10
-0.3315
20
1.4362
30
-2.3973
11
-0.3273
21
1.3363
31
-2.3780
12
-0.2273
22
1.3406
32
-2.4120
13
-0.2316
23
1.4405
33
-2.4306
0
3DFACE
8
B2_v2
10
-0.3273
20
1.3363
30
-2.3780
11
-0.3230
21
1.2364
31
-2.3577
12
-0.2231
22
1.2407
32
-2.3928
13
-0.2273
23
1.3406
33
-2.4120
0
3DFACE
8
B2_v2
10
-0.3230
20
1.2364
30
-2.3577
11
-0.3188
21
1.1365
31
-2.3384
12
-0.2189
22
1.1407
32
-2.3739
13
-0.2231
23
1.2407
33
-2.3928
0
3DFACE
8
B2_v2
10
-0.3188
20
1.1365
30
-2.3384
11
-0.3145
21
1.0366
31
-2.3196
12
-0.2146
22
1.0408
32
-2.3550
13
-0.2189
23
1.1407
33
-2.3739
0
3DFACE
8
B2_v2
10
-0.3145
20
1.0366
30
-2.3196
11
-0.3103
21
0.9367
31
-2.3017
12
-0.2104
22
0.9409
32
-2.3365
13
-0.2146
23
1.0408
33
-2.3550
0
3DFACE
8
B2_v2
10
-0.3103
20
0.9367
30
-2.3017
11
-0.3060
21
0.8368
31
-2.2829
12
-0.2061
22
0.8410
32
-2.3182
13
-0.2104
23
0.9409
33
-2.3365
0
3DFACE
8
B2_v2
10
-0.3060
20
0.8368
30
-2.2829
11
-0.3018
21
0.7369
31
-2.2672
12
-0.2019
22
0.7411
32
-2.3033
13
-0.2061
23
0.8410
33
-2.3182
0
3DFACE
8
B2_v2
10
-0.3018
20
0.7369
30
-2.2672
11
-0.2975
21
0.6369
31
-2.2609
12
-0.1976
22
0.6412
32
-2.2971
13
-0.2019
23
0.7411
33
-2.3033
0
3DFACE
8
B2_v2
10
-0.2975
20
0.6369
30
-2.2609
11
-0.2933
21
0.5370
31
-2.2615
12
-0.1934
22
0.5413
32
-2.2971
13
-0.1976
23
0.6412
33
-2.2971
0
3DFACE
8
B2_v2
10
-0.2933
20
0.5370
30
-2.2615
11
-0.2891
21
0.4371
31
-2.2681
12
-0.1891
22
0.4414
32
-2.3023
13
-0.1934
23
0.5413
33
-2.2971
0
3DFACE
8
B2_v2
10
-0.2891
20
0.4371
30
-2.2681
11
-0.2848
21
0.3372
31
-2.2813
12
-0.1849
22
0.3415
32
-2.3120
13
-0.1891
23
0.4414
33
-2.3023
0
3DFACE
8
B2_v2
10
-0.2848
20
0.3372
30
-2.2813
11
-0.2806
21
0.2373
31
-2.2937
12
-0.1807
22
0.2416
32
-2.3228
13
-0.1849
23
0.3415
33
-2.3120
0
3DFACE
8
B2_v2
10
-0.2806
20
0.2373
30
-2.2937
11
-0.2763
21
0.1374
31
-2.3056
12
-0.1764
22
0.1416
32
-2.3333
13
-0.1807
23
0.2416
33
-2.3228
0
3DFACE
8
B2_v2
10
-0.2763
20
0.1374
30
-2.3056
11
-0.2721
21
0.0375
31
-2.3173
12
-0.1722
22
0.0417
32
-2.3436
13
-0.1764
23
0.1416
33
-2.3333
0
3DFACE
8
B2_v2
10
-0.2721
20
0.0375
30
-2.3173
11
-0.2678
21
-0.0624
31
-2.3292
12
-0.1679
22
-0.0582
32
-2.3545
13
-0.1722
23
0.0417
33
-2.3436
0
3DFACE
8
B2_v2
10
-0.2678
20
-0.0624
30
-2.3292
11
-0.2636
21
-0.1623
31
-2.3419
12
-0.1637
22
-0.1581
32
-2.3656
13
-0.1679
23
-0.0582
33
-2.3545
0
3DFACE
8
B2_v2
10
-0.2636
20
-0.1623
30
-2.3419
11
-0.2594
21
-0.2622
31
-2.3520
12
-0.1594
22
-0.2580
32
-2.3747
13
-0.1637
23
-0.1581
33
-2.3656
0
3DFACE
8
B2_v2
10
-0.2594
20
-0.2622
30
-2.3520
11
-0.2551
21
-0.3622
31
-2.3593
12
-0.1552
22
-0.3579
32
-2.3816
13
-0.1594
23
-0.2580
33
-2.3747
0
3DFACE
8
B2_v2
10
-0.2551
20
-0.3622
30
-2.3593
11
-0.2509
21
-0.4621
31
-2.3630
12
-0.1510
22
-0.4578
32
-2.3858
13
-0.1552
23
-0.3579
33
-2.3816
0
3DFACE
8
B2_v2
10
-0.2509
20
-0.4621
30
-2.3630
11
-0.2466
21
-0.5620
31
-2.3646
12
-0.1467
22
-0.5577
32
-2.3875
13
-0.1510
23
-0.4578
33
-2.3858
0
3DFACE
8
B2_v2
10
-0.2466
20
-0.5620
30
-2.3646
11
-0.2424
21
-0.6619
31
-2.3640
12
-0.1425
22
-0.6576
32
-2.3870
13
-0.1467
23
-0.5577
33
-2.3875
0
3DFACE
8
B2_v2
10
-0.2424
20
-0.6619
30
-2.3640
11
-0.2381
21
-0.7618
31
-2.3639
12
-0.1382
22
-0.7575
32
-2.3865
13
-0.1425
23
-0.6576
33
-2.3870
0
3DFACE
8
B2_v2
10
-0.2381
20
-0.7618
30
-2.3639
11
-0.2339
21
-0.8617
31
-2.3634
12
-0.1340
22
-0.8575
32
-2.3871
13
-0.1382
23
-0.7575
33
-2.3865
0
3DFACE
8
B2_v2
10
-0.2339
20
-0.8617
30
-2.3634
11
-0.2296
21
-0.9616
31
-2.3621
12
-0.1297
22
-0.9574
32
-2.3863
13
-0.1340
23
-0.8575
33
-2.3871
0
3DFACE
8
B2_v2
10
-0.2296
20
-0.9616
30
-2.3621
11
-0.2254
21
-1.0615
31
-2.3608
12
-0.1255
22
-1.0573
32
-2.3854
13
-0.1297
23
-0.9574
33
-2.3863
0
3DFACE
8
B2_v2
10
-0.2254
20
-1.0615
30
-2.3608
11
-0.2212
21
-1.1614
31
-2.3582
12
-0.1212
22
-1.1572
32
-2.3839
13
-0.1255
23
-1.0573
33
-2.3854
0
3DFACE
8
B2_v2
10
-0.2212
20
-1.1614
30
-2.3582
11
-0.2169
21
-1.2613
31
-2.3572
12
-0.1170
22
-1.2571
32
-2.3834
13
-0.1212
23
-1.1572
33
-2.3839
0
3DFACE
8
B2_v2
10
-0.2169
20
-1.2613
30
-2.3572
11
-0.2127
21
-1.3613
31
-2.3568
12
-0.1128
22
-1.3570
32
-2.3845
13
-0.1170
23
-1.2571
33
-2.3834
0
3DFACE
8
B2_v2
10
-0.3250
20
3.6385
30
-2.5520
11
-0.3207
21
3.5386
31
-2.5497
12
-0.2208
22
3.5428
32
-2.5950
13
-0.2250
23
3.6427
33
-2.5975
0
3DFACE
8
B2_v2
10
-0.3207
20
3.5386
30
-2.5497
11
-0.3165
21
3.4387
31
-2.5463
12
-0.2166
22
3.4429
32
-2.5914
13
-0.2208
23
3.5428
33
-2.5950
0
3DFACE
8
B2_v2
10
-0.3165
20
3.4387
30
-2.5463
11
-0.3122
21
3.3388
31
-2.5416
12
-0.2123
22
3.3430
32
-2.5856
13
-0.2166
23
3.4429
33
-2.5914
0
3DFACE
8
B2_v2
10
-0.3122
20
3.3388
30
-2.5416
11
-0.3080
21
3.2388
31
-2.5346
12
-0.2081
22
3.2431
32
-2.5783
13
-0.2123
23
3.3430
33
-2.5856
0
3DFACE
8
B2_v2
10
-0.3080
20
3.2388
30
-2.5346
11
-0.3037
21
3.1389
31
-2.5285
12
-0.2038
22
3.1432
32
-2.5714
13
-0.2081
23
3.2431
33
-2.5783
0
3DFACE
8
B2_v2
10
-0.3037
20
3.1389
30
-2.5285
11
-0.2995
21
3.0390
31
-2.5226
12
-0.1996
22
3.0433
32
-2.5652
13
-0.2038
23
3.1432
33
-2.5714
0
3DFACE
8
B2_v2
10
-0.2995
20
3.0390
30
-2.5226
11
-0.2952
21
2.9391
31
-2.5158
12
-0.1953
22
2.9434
32
-2.5592
13
-0.1996
23
3.0433
33
-2.5652
0
3DFACE
8
B2_v2
10
-0.2952
20
2.9391
30
-2.5158
11
-0.2910
21
2.8392
31
-2.5117
12
-0.1911
22
2.8435
32
-2.5537
13
-0.1953
23
2.9434
33
-2.5592
0
3DFACE
8
B2_v2
10
-0.2910
20
2.8392
30
-2.5117
11
-0.2868
21
2.7393
31
-2.5066
12
-0.1868
22
2.7435
32
-2.5481
13
-0.1911
23
2.8435
33
-2.5537
0
3DFACE
8
B2_v2
10
-0.2868
20
2.7393
30
-2.5066
11
-0.2825
21
2.6394
31
-2.5022
12
-0.1826
22
2.6436
32
-2.5409
13
-0.1868
23
2.7435
33
-2.5481
0
3DFACE
8
B2_v2
10
-0.2825
20
2.6394
30
-2.5022
11
-0.2783
21
2.5395
31
-2.4980
12
-0.1784
22
2.5437
32
-2.5374
13
-0.1826
23
2.6436
33
-2.5409
0
3DFACE
8
B2_v2
10
-0.2783
20
2.5395
30
-2.4980
11
-0.2740
21
2.4396
31
-2.4946
12
-0.1741
22
2.4438
32
-2.5338
13
-0.1784
23
2.5437
33
-2.5374
0
3DFACE
8
B2_v2
10
-0.2740
20
2.4396
30
-2.4946
11
-0.2698
21
2.3397
31
-2.4917
12
-0.1699
22
2.3439
32
-2.5298
13
-0.1741
23
2.4438
33
-2.5338
0
3DFACE
8
B2_v2
10
-0.2698
20
2.3397
30
-2.4917
11
-0.2655
21
2.2398
31
-2.4884
12
-0.1656
22
2.2440
32
-2.5258
13
-0.1699
23
2.3439
33
-2.5298
0
3DFACE
8
B2_v2
10
-0.2655
20
2.2398
30
-2.4884
11
-0.2613
21
2.1398
31
-2.4847
12
-0.1614
22
2.1441
32
-2.5223
13
-0.1656
23
2.2440
33
-2.5258
0
3DFACE
8
B2_v2
10
-0.2613
20
2.1398
30
-2.4847
11
-0.2570
21
2.0399
31
-2.4805
12
-0.1571
22
2.0442
32
-2.5171
13
-0.1614
23
2.1441
33
-2.5223
0
3DFACE
8
B2_v2
10
-0.2570
20
2.0399
30
-2.4805
11
-0.2528
21
1.9400
31
-2.4782
12
-0.1529
22
1.9443
32
-2.5133
13
-0.1571
23
2.0442
33
-2.5171
0
3DFACE
8
B2_v2
10
-0.2528
20
1.9400
30
-2.4782
11
-0.2486
21
1.8401
31
-2.4751
12
-0.1487
22
1.8444
32
-2.5093
13
-0.1529
23
1.9443
33
-2.5133
0
3DFACE
8
B2_v2
10
-0.2486
20
1.8401
30
-2.4751
11
-0.2443
21
1.7402
31
-2.4684
12
-0.1444
22
1.7444
32
-2.5008
13
-0.1487
23
1.8444
33
-2.5093
0
3DFACE
8
B2_v2
10
-0.2443
20
1.7402
30
-2.4684
11
-0.2401
21
1.6403
31
-2.4571
12
-0.1402
22
1.6445
32
-2.4924
13
-0.1444
23
1.7444
33
-2.5008
0
3DFACE
8
B2_v2
10
-0.2401
20
1.6403
30
-2.4571
11
-0.2358
21
1.5404
31
-2.4450
12
-0.1359
22
1.5446
32
-2.4798
13
-0.1402
23
1.6445
33
-2.4924
0
3DFACE
8
B2_v2
10
-0.2358
20
1.5404
30
-2.4450
11
-0.2316
21
1.4405
31
-2.4306
12
-0.1317
22
1.4447
32
-2.4656
13
-0.1359
23
1.5446
33
-2.4798
0
3DFACE
8
B2_v2
10
-0.2316
20
1.4405
30
-2.4306
11
-0.2273
21
1.3406
31
-2.4120
12
-0.1274
22
1.3448
32
-2.4471
13
-0.1317
23
1.4447
33
-2.4656
0
3DFACE
8
B2_v2
10
-0.2273
20
1.3406
30
-2.4120
11
-0.2231
21
1.2407
31
-2.3928
12
-0.1232
22
1.2449
32
-2.4280
13
-0.1274
23
1.3448
33
-2.4471
0
3DFACE
8
B2_v2
10
-0.2231
20
1.2407
30
-2.3928
11
-0.2189
21
1.1407
31
-2.3739
12
-0.1189
22
1.1450
32
-2.4088
13
-0.1232
23
1.2449
33
-2.4280
0
3DFACE
8
B2_v2
10
-0.2189
20
1.1407
30
-2.3739
11
-0.2146
21
1.0408
31
-2.3550
12
-0.1147
22
1.0451
32
-2.3904
13
-0.1189
23
1.1450
33
-2.4088
0
3DFACE
8
B2_v2
10
-0.2146
20
1.0408
30
-2.3550
11
-0.2104
21
0.9409
31
-2.3365
12
-0.1105
22
0.9452
32
-2.3725
13
-0.1147
23
1.0451
33
-2.3904
0
3DFACE
8
B2_v2
10
-0.2104
20
0.9409
30
-2.3365
11
-0.2061
21
0.8410
31
-2.3182
12
-0.1062
22
0.8453
32
-2.3525
13
-0.1105
23
0.9452
33
-2.3725
0
3DFACE
8
B2_v2
10
-0.2061
20
0.8410
30
-2.3182
11
-0.2019
21
0.7411
31
-2.3033
12
-0.1020
22
0.7453
32
-2.3388
13
-0.1062
23
0.8453
33
-2.3525
0
3DFACE
8
B2_v2
10
-0.2019
20
0.7411
30
-2.3033
11
-0.1976
21
0.6412
31
-2.2971
12
-0.0977
22
0.6454
32
-2.3325
13
-0.1020
23
0.7453
33
-2.3388
0
3DFACE
8
B2_v2
10
-0.1976
20
0.6412
30
-2.2971
11
-0.1934
21
0.5413
31
-2.2971
12
-0.0935
22
0.5455
32
-2.3317
13
-0.0977
23
0.6454
33
-2.3325
0
3DFACE
8
B2_v2
10
-0.1934
20
0.5413
30
-2.2971
11
-0.1891
21
0.4414
31
-2.3023
12
-0.0892
22
0.4456
32
-2.3348
13
-0.0935
23
0.5455
33
-2.3317
0
3DFACE
8
B2_v2
10
-0.1891
20
0.4414
30
-2.3023
11
-0.1849
21
0.3415
31
-2.3120
12
-0.0850
22
0.3457
32
-2.3421
13
-0.0892
23
0.4456
33
-2.3348
0
3DFACE
8
B2_v2
10
-0.1849
20
0.3415
30
-2.3120
11
-0.1807
21
0.2416
31
-2.3228
12
-0.0808
22
0.2458
32
-2.3510
13
-0.0850
23
0.3457
33
-2.3421
0
3DFACE
8
B2_v2
10
-0.1807
20
0.2416
30
-2.3228
11
-0.1764
21
0.1416
31
-2.3333
12
-0.0765
22
0.1459
32
-2.3607
13
-0.0808
23
0.2458
33
-2.3510
0
3DFACE
8
B2_v2
10
-0.1764
20
0.1416
30
-2.3333
11
-0.1722
21
0.0417
31
-2.3436
12
-0.0723
22
0.0460
32
-2.3703
13
-0.0765
23
0.1459
33
-2.3607
0
3DFACE
8
B2_v2
10
-0.1722
20
0.0417
30
-2.3436
11
-0.1679
21
-0.0582
31
-2.3545
12
-0.0680
22
-0.0539
32
-2.3800
13
-0.0723
23
0.0460
33
-2.3703
0
3DFACE
8
B2_v2
10
-0.1679
20
-0.0582
30
-2.3545
11
-0.1637
21
-0.1581
31
-2.3656
12
-0.0638
22
-0.1538
32
-2.3901
13
-0.0680
23
-0.0539
33
-2.3800
0
3DFACE
8
B2_v2
10
-0.1637
20
-0.1581
30
-2.3656
11
-0.1594
21
-0.2580
31
-2.3747
12
-0.0595
22
-0.2538
32
-2.3981
13
-0.0638
23
-0.1538
33
-2.3901
0
3DFACE
8
B2_v2
10
-0.1594
20
-0.2580
30
-2.3747
11
-0.1552
21
-0.3579
31
-2.3816
12
-0.0553
22
-0.3537
32
-2.4041
13
-0.0595
23
-0.2538
33
-2.3981
0
3DFACE
8
B2_v2
10
-0.1552
20
-0.3579
30
-2.3816
11
-0.1510
21
-0.4578
31
-2.3858
12
-0.0510
22
-0.4536
32
-2.4091
13
-0.0553
23
-0.3537
33
-2.4041
0
3DFACE
8
B2_v2
10
-0.1510
20
-0.4578
30
-2.3858
11
-0.1467
21
-0.5577
31
-2.3875
12
-0.0468
22
-0.5535
32
-2.4110
13
-0.0510
23
-0.4536
33
-2.4091
0
3DFACE
8
B2_v2
10
-0.1467
20
-0.5577
30
-2.3875
11
-0.1425
21
-0.6576
31
-2.3870
12
-0.0426
22
-0.6534
32
-2.4108
13
-0.0468
23
-0.5535
33
-2.4110
0
3DFACE
8
B2_v2
10
-0.1425
20
-0.6576
30
-2.3870
11
-0.1382
21
-0.7575
31
-2.3865
12
-0.0383
22
-0.7533
32
-2.4105
13
-0.0426
23
-0.6534
33
-2.4108
0
3DFACE
8
B2_v2
10
-0.1382
20
-0.7575
30
-2.3865
11
-0.1340
21
-0.8575
31
-2.3871
12
-0.0341
22
-0.8532
32
-2.4103
13
-0.0383
23
-0.7533
33
-2.4105
0
3DFACE
8
B2_v2
10
-0.1340
20
-0.8575
30
-2.3871
11
-0.1297
21
-0.9574
31
-2.3863
12
-0.0298
22
-0.9531
32
-2.4122
13
-0.0341
23
-0.8532
33
-2.4103
0
3DFACE
8
B2_v2
10
-0.1297
20
-0.9574
30
-2.3863
11
-0.1255
21
-1.0573
31
-2.3854
12
-0.0256
22
-1.0530
32
-2.4121
13
-0.0298
23
-0.9531
33
-2.4122
0
3DFACE
8
B2_v2
10
-0.1255
20
-1.0573
30
-2.3854
11
-0.1212
21
-1.1572
31
-2.3839
12
-0.0213
22
-1.1529
32
-2.4119
13
-0.0256
23
-1.0530
33
-2.4121
0
3DFACE
8
B2_v2
10
-0.1212
20
-1.1572
30
-2.3839
11
-0.1170
21
-1.2571
31
-2.3834
12
-0.0171
22
-1.2529
32
-2.4119
13
-0.0213
23
-1.1529
33
-2.4119
0
3DFACE
8
B2_v2
10
-0.1170
20
-1.2571
30
-2.3834
11
-0.1128
21
-1.3570
31
-2.3845
12
-0.0128
22
-1.3528
32
-2.4136
13
-0.0171
23
-1.2529
33
-2.4119
0
3DFACE
8
B2_v2
10
-0.2250
20
3.6427
30
-2.5975
11
-0.2208
21
3.5428
31
-2.5950
12
-0.1209
22
3.5471
32
-2.6377
13
-0.1251
23
3.6470
33
-2.6407
0
3DFACE
8
B2_v2
10
-0.2208
20
3.5428
30
-2.5950
11
-0.2166
21
3.4429
31
-2.5914
12
-0.1166
22
3.4472
32
-2.6326
13
-0.1209
23
3.5471
33
-2.6377
0
3DFACE
8
B2_v2
10
-0.2166
20
3.4429
30
-2.5914
11
-0.2123
21
3.3430
31
-2.5856
12
-0.1124
22
3.3472
32
-2.6277
13
-0.1166
23
3.4472
33
-2.6326
0
3DFACE
8
B2_v2
10
-0.2123
20
3.3430
30
-2.5856
11
-0.2081
21
3.2431
31
-2.5783
12
-0.1082
22
3.2473
32
-2.6210
13
-0.1124
23
3.3472
33
-2.6277
0
3DFACE
8
B2_v2
10
-0.2081
20
3.2431
30
-2.5783
11
-0.2038
21
3.1432
31
-2.5714
12
-0.1039
22
3.1474
32
-2.6143
13
-0.1082
23
3.2473
33
-2.6210
0
3DFACE
8
B2_v2
10
-0.2038
20
3.1432
30
-2.5714
11
-0.1996
21
3.0433
31
-2.5652
12
-0.0997
22
3.0475
32
-2.6086
13
-0.1039
23
3.1474
33
-2.6143
0
3DFACE
8
B2_v2
10
-0.1996
20
3.0433
30
-2.5652
11
-0.1953
21
2.9434
31
-2.5592
12
-0.0954
22
2.9476
32
-2.6027
13
-0.0997
23
3.0475
33
-2.6086
0
3DFACE
8
B2_v2
10
-0.1953
20
2.9434
30
-2.5592
11
-0.1911
21
2.8435
31
-2.5537
12
-0.0912
22
2.8477
32
-2.5951
13
-0.0954
23
2.9476
33
-2.6027
0
3DFACE
8
B2_v2
10
-0.1911
20
2.8435
30
-2.5537
11
-0.1868
21
2.7435
31
-2.5481
12
-0.0869
22
2.7478
32
-2.5904
13
-0.0912
23
2.8477
33
-2.5951
0
3DFACE
8
B2_v2
10
-0.1868
20
2.7435
30
-2.5481
11
-0.1826
21
2.6436
31
-2.5409
12
-0.0827
22
2.6479
32
-2.5852
13
-0.0869
23
2.7478
33
-2.5904
0
3DFACE
8
B2_v2
10
-0.1826
20
2.6436
30
-2.5409
11
-0.1784
21
2.5437
31
-2.5374
12
-0.0784
22
2.5480
32
-2.5803
13
-0.0827
23
2.6479
33
-2.5852
0
3DFACE
8
B2_v2
10
-0.1784
20
2.5437
30
-2.5374
11
-0.1741
21
2.4438
31
-2.5338
12
-0.0742
22
2.4481
32
-2.5760
13
-0.0784
23
2.5480
33
-2.5803
0
3DFACE
8
B2_v2
10
-0.1741
20
2.4438
30
-2.5338
11
-0.1699
21
2.3439
31
-2.5298
12
-0.0700
22
2.3481
32
-2.5716
13
-0.0742
23
2.4481
33
-2.5760
0
3DFACE
8
B2_v2
10
-0.1699
20
2.3439
30
-2.5298
11
-0.1656
21
2.2440
31
-2.5258
12
-0.0657
22
2.2482
32
-2.5671
13
-0.0700
23
2.3481
33
-2.5716
0
3DFACE
8
B2_v2
10
-0.1656
20
2.2440
30
-2.5258
11
-0.1614
21
2.1441
31
-2.5223
12
-0.0615
22
2.1483
32
-2.5598
13
-0.0657
23
2.2482
33
-2.5671
0
3DFACE
8
B2_v2
10
-0.1614
20
2.1441
30
-2.5223
11
-0.1571
21
2.0442
31
-2.5171
12
-0.0572
22
2.0484
32
-2.5539
13
-0.0615
23
2.1483
33
-2.5598
0
3DFACE
8
B2_v2
10
-0.1571
20
2.0442
30
-2.5171
11
-0.1529
21
1.9443
31
-2.5133
12
-0.0530
22
1.9485
32
-2.5492
13
-0.0572
23
2.0484
33
-2.5539
0
3DFACE
8
B2_v2
10
-0.1529
20
1.9443
30
-2.5133
11
-0.1487
21
1.8444
31
-2.5093
12
-0.0487
22
1.8486
32
-2.5445
13
-0.0530
23
1.9485
33
-2.5492
0
3DFACE
8
B2_v2
10
-0.1487
20
1.8444
30
-2.5093
11
-0.1444
21
1.7444
31
-2.5008
12
-0.0445
22
1.7487
32
-2.5377
13
-0.0487
23
1.8486
33
-2.5445
0
3DFACE
8
B2_v2
10
-0.1444
20
1.7444
30
-2.5008
11
-0.1402
21
1.6445
31
-2.4924
12
-0.0403
22
1.6488
32
-2.5265
13
-0.0445
23
1.7487
33
-2.5377
0
3DFACE
8
B2_v2
10
-0.1402
20
1.6445
30
-2.4924
11
-0.1359
21
1.5446
31
-2.4798
12
-0.0360
22
1.5489
32
-2.5132
13
-0.0403
23
1.6488
33
-2.5265
0
3DFACE
8
B2_v2
10
-0.1359
20
1.5446
30
-2.4798
11
-0.1317
21
1.4447
31
-2.4656
12
-0.0318
22
1.4490
32
-2.4980
13
-0.0360
23
1.5489
33
-2.5132
0
3DFACE
8
B2_v2
10
-0.1317
20
1.4447
30
-2.4656
11
-0.1274
21
1.3448
31
-2.4471
12
-0.0275
22
1.3490
32
-2.4800
13
-0.0318
23
1.4490
33
-2.4980
0
3DFACE
8
B2_v2
10
-0.1274
20
1.3448
30
-2.4471
11
-0.1232
21
1.2449
31
-2.4280
12
-0.0233
22
1.2491
32
-2.4621
13
-0.0275
23
1.3490
33
-2.4800
0
3DFACE
8
B2_v2
10
-0.1232
20
1.2449
30
-2.4280
11
-0.1189
21
1.1450
31
-2.4088
12
-0.0190
22
1.1492
32
-2.4435
13
-0.0233
23
1.2491
33
-2.4621
0
3DFACE
8
B2_v2
10
-0.1189
20
1.1450
30
-2.4088
11
-0.1147
21
1.0451
31
-2.3904
12
-0.0148
22
1.0493
32
-2.4252
13
-0.0190
23
1.1492
33
-2.4435
0
3DFACE
8
B2_v2
10
-0.1147
20
1.0451
30
-2.3904
11
-0.1105
21
0.9452
31
-2.3725
12
-0.0105
22
0.9494
32
-2.4071
13
-0.0148
23
1.0493
33
-2.4252
0
3DFACE
8
B2_v2
10
-0.1105
20
0.9452
30
-2.3725
11
-0.1062
21
0.8453
31
-2.3525
12
-0.0063
22
0.8495
32
-2.3889
13
-0.0105
23
0.9494
33
-2.4071
0
3DFACE
8
B2_v2
10
-0.1062
20
0.8453
30
-2.3525
11
-0.1020
21
0.7453
31
-2.3388
12
-0.0021
22
0.7496
32
-2.3753
13
-0.0063
23
0.8495
33
-2.3889
0
3DFACE
8
B2_v2
10
-0.1020
20
0.7453
30
-2.3388
11
-0.0977
21
0.6454
31
-2.3325
12
0.0022
22
0.6497
32
-2.3676
13
-0.0021
23
0.7496
33
-2.3753
0
3DFACE
8
B2_v2
10
-0.0977
20
0.6454
30
-2.3325
11
-0.0935
21
0.5455
31
-2.3317
12
0.0064
22
0.5498
32
-2.3650
13
0.0022
23
0.6497
33
-2.3676
0
3DFACE
8
B2_v2
10
-0.0935
20
0.5455
30
-2.3317
11
-0.0892
21
0.4456
31
-2.3348
12
0.0107
22
0.4499
32
-2.3648
13
0.0064
23
0.5498
33
-2.3650
0
3DFACE
8
B2_v2
10
-0.0892
20
0.4456
30
-2.3348
11
-0.0850
21
0.3457
31
-2.3421
12
0.0149
22
0.3499
32
-2.3721
13
0.0107
23
0.4499
33
-2.3648
0
3DFACE
8
B2_v2
10
-0.0850
20
0.3457
30
-2.3421
11
-0.0808
21
0.2458
31
-2.3510
12
0.0192
22
0.2500
32
-2.3801
13
0.0149
23
0.3499
33
-2.3721
0
3DFACE
8
B2_v2
10
-0.0808
20
0.2458
30
-2.3510
11
-0.0765
21
0.1459
31
-2.3607
12
0.0234
22
0.1501
32
-2.3888
13
0.0192
23
0.2500
33
-2.3801
0
3DFACE
8
B2_v2
10
-0.0765
20
0.1459
30
-2.3607
11
-0.0723
21
0.0460
31
-2.3703
12
0.0276
22
0.0502
32
-2.3966
13
0.0234
23
0.1501
33
-2.3888
0
3DFACE
8
B2_v2
10
-0.0723
20
0.0460
30
-2.3703
11
-0.0680
21
-0.0539
31
-2.3800
12
0.0319
22
-0.0497
32
-2.4054
13
0.0276
23
0.0502
33
-2.3966
0
3DFACE
8
B2_v2
10
-0.0680
20
-0.0539
30
-2.3800
11
-0.0638
21
-0.1538
31
-2.3901
12
0.0361
22
-0.1496
32
-2.4139
13
0.0319
23
-0.0497
33
-2.4054
0
3DFACE
8
B2_v2
10
-0.0638
20
-0.1538
30
-2.3901
11
-0.0595
21
-0.2538
31
-2.3981
12
0.0404
22
-0.2495
32
-2.4210
13
0.0361
23
-0.1496
33
-2.4139
0
3DFACE
8
B2_v2
10
-0.0595
20
-0.2538
30
-2.3981
11
-0.0553
21
-0.3537
31
-2.4041
12
0.0446
22
-0.3494
32
-2.4270
13
0.0404
23
-0.2495
33
-2.4210
0
3DFACE
8
B2_v2
10
-0.0553
20
-0.3537
30
-2.4041
11
-0.0510
21
-0.4536
31
-2.4091
12
0.0489
22
-0.4493
32
-2.4320
13
0.0446
23
-0.3494
33
-2.4270
0
3DFACE
8
B2_v2
10
-0.0510
20
-0.4536
30
-2.4091
11
-0.0468
21
-0.5535
31
-2.4110
12
0.0531
22
-0.5492
32
-2.4336
13
0.0489
23
-0.4493
33
-2.4320
0
3DFACE
8
B2_v2
10
-0.0468
20
-0.5535
30
-2.4110
11
-0.0426
21
-0.6534
31
-2.4108
12
0.0574
22
-0.6491
32
-2.4330
13
0.0531
23
-0.5492
33
-2.4336
0
3DFACE
8
B2_v2
10
-0.0426
20
-0.6534
30
-2.4108
11
-0.0383
21
-0.7533
31
-2.4105
12
0.0616
22
-0.7491
32
-2.4319
13
0.0574
23
-0.6491
33
-2.4330
0
3DFACE
8
B2_v2
10
-0.0383
20
-0.7533
30
-2.4105
11
-0.0341
21
-0.8532
31
-2.4103
12
0.0658
22
-0.8490
32
-2.4314
13
0.0616
23
-0.7491
33
-2.4319
0
3DFACE
8
B2_v2
10
-0.0341
20
-0.8532
30
-2.4103
11
-0.0298
21
-0.9531
31
-2.4122
12
0.0701
22
-0.9489
32
-2.4313
13
0.0658
23
-0.8490
33
-2.4314
0
3DFACE
8
B2_v2
10
-0.0298
20
-0.9531
30
-2.4122
11
-0.0256
21
-1.0530
31
-2.4121
12
0.0743
22
-1.0488
32
-2.4325
13
0.0701
23
-0.9489
33
-2.4313
0
3DFACE
8
B2_v2
10
-0.0256
20
-1.0530
30
-2.4121
11
-0.0213
21
-1.1529
31
-2.4119
12
0.0786
22
-1.1487
32
-2.4327
13
0.0743
23
-1.0488
33
-2.4325
0
3DFACE
8
B2_v2
10
-0.0213
20
-1.1529
30
-2.4119
11
-0.0171
21
-1.2529
31
-2.4119
12
0.0828
22
-1.2486
32
-2.4341
13
0.0786
23
-1.1487
33
-2.4327
0
3DFACE
8
B2_v2
10
-0.0171
20
-1.2529
30
-2.4119
11
-0.0128
21
-1.3528
31
-2.4136
12
0.0871
22
-1.3485
32
-2.4345
13
0.0828
23
-1.2486
33
-2.4341
0
3DFACE
8
B2_v2
10
-0.1251
20
3.6470
30
-2.6407
11
-0.1209
21
3.5471
31
-2.6377
12
-0.0210
22
3.5513
32
-2.6810
13
-0.0252
23
3.6512
33
-2.6853
0
3DFACE
8
B2_v2
10
-0.1209
20
3.5471
30
-2.6377
11
-0.1166
21
3.4472
31
-2.6326
12
-0.0167
22
3.4514
32
-2.6755
13
-0.0210
23
3.5513
33
-2.6810
0
3DFACE
8
B2_v2
10
-0.1166
20
3.4472
30
-2.6326
11
-0.1124
21
3.3472
31
-2.6277
12
-0.0125
22
3.3515
32
-2.6687
13
-0.0167
23
3.4514
33
-2.6755
0
3DFACE
8
B2_v2
10
-0.1124
20
3.3472
30
-2.6277
11
-0.1082
21
3.2473
31
-2.6210
12
-0.0082
22
3.2516
32
-2.6627
13
-0.0125
23
3.3515
33
-2.6687
0
3DFACE
8
B2_v2
10
-0.1082
20
3.2473
30
-2.6210
11
-0.1039
21
3.1474
31
-2.6143
12
-0.0040
22
3.1517
32
-2.6556
13
-0.0082
23
3.2516
33
-2.6627
0
3DFACE
8
B2_v2
10
-0.1039
20
3.1474
30
-2.6143
11
-0.0997
21
3.0475
31
-2.6086
12
0.0002
22
3.0518
32
-2.6492
13
-0.0040
23
3.1517
33
-2.6556
0
3DFACE
8
B2_v2
10
-0.0997
20
3.0475
30
-2.6086
11
-0.0954
21
2.9476
31
-2.6027
12
0.0045
22
2.9519
32
-2.6424
13
0.0002
23
3.0518
33
-2.6492
0
3DFACE
8
B2_v2
10
-0.0954
20
2.9476
30
-2.6027
11
-0.0912
21
2.8477
31
-2.5951
12
0.0087
22
2.8519
32
-2.6361
13
0.0045
23
2.9519
33
-2.6424
0
3DFACE
8
B2_v2
10
-0.0912
20
2.8477
30
-2.5951
11
-0.0869
21
2.7478
31
-2.5904
12
0.0130
22
2.7520
32
-2.6311
13
0.0087
23
2.8519
33
-2.6361
0
3DFACE
8
B2_v2
10
-0.0869
20
2.7478
30
-2.5904
11
-0.0827
21
2.6479
31
-2.5852
12
0.0172
22
2.6521
32
-2.6259
13
0.0130
23
2.7520
33
-2.6311
0
3DFACE
8
B2_v2
10
-0.0827
20
2.6479
30
-2.5852
11
-0.0784
21
2.5480
31
-2.5803
12
0.0215
22
2.5522
32
-2.6209
13
0.0172
23
2.6521
33
-2.6259
0
3DFACE
8
B2_v2
10
-0.0784
20
2.5480
30
-2.5803
11
-0.0742
21
2.4481
31
-2.5760
12
0.0257
22
2.4523
32
-2.6157
13
0.0215
23
2.5522
33
-2.6209
0
3DFACE
8
B2_v2
10
-0.0742
20
2.4481
30
-2.5760
11
-0.0700
21
2.3481
31
-2.5716
12
0.0299
22
2.3524
32
-2.6102
13
0.0257
23
2.4523
33
-2.6157
0
3DFACE
8
B2_v2
10
-0.0700
20
2.3481
30
-2.5716
11
-0.0657
21
2.2482
31
-2.5671
12
0.0342
22
2.2525
32
-2.6039
13
0.0299
23
2.3524
33
-2.6102
0
3DFACE
8
B2_v2
10
-0.0657
20
2.2482
30
-2.5671
11
-0.0615
21
2.1483
31
-2.5598
12
0.0384
22
2.1526
32
-2.5968
13
0.0342
23
2.2525
33
-2.6039
0
3DFACE
8
B2_v2
10
-0.0615
20
2.1483
30
-2.5598
11
-0.0572
21
2.0484
31
-2.5539
12
0.0427
22
2.0527
32
-2.5928
13
0.0384
23
2.1526
33
-2.5968
0
3DFACE
8
B2_v2
10
-0.0572
20
2.0484
30
-2.5539
11
-0.0530
21
1.9485
31
-2.5492
12
0.0469
22
1.9528
32
-2.5887
13
0.0427
23
2.0527
33
-2.5928
0
3DFACE
8
B2_v2
10
-0.0530
20
1.9485
30
-2.5492
11
-0.0487
21
1.8486
31
-2.5445
12
0.0512
22
1.8528
32
-2.5838
13
0.0469
23
1.9528
33
-2.5887
0
3DFACE
8
B2_v2
10
-0.0487
20
1.8486
30
-2.5445
11
-0.0445
21
1.7487
31
-2.5377
12
0.0554
22
1.7529
32
-2.5763
13
0.0512
23
1.8528
33
-2.5838
0
3DFACE
8
B2_v2
10
-0.0445
20
1.7487
30
-2.5377
11
-0.0403
21
1.6488
31
-2.5265
12
0.0597
22
1.6530
32
-2.5637
13
0.0554
23
1.7529
33
-2.5763
0
3DFACE
8
B2_v2
10
-0.0403
20
1.6488
30
-2.5265
11
-0.0360
21
1.5489
31
-2.5132
12
0.0639
22
1.5531
32
-2.5508
13
0.0597
23
1.6530
33
-2.5637
0
3DFACE
8
B2_v2
10
-0.0360
20
1.5489
30
-2.5132
11
-0.0318
21
1.4490
31
-2.4980
12
0.0681
22
1.4532
32
-2.5350
13
0.0639
23
1.5531
33
-2.5508
0
3DFACE
8
B2_v2
10
-0.0318
20
1.4490
30
-2.4980
11
-0.0275
21
1.3490
31
-2.4800
12
0.0724
22
1.3533
32
-2.5167
13
0.0681
23
1.4532
33
-2.5350
0
3DFACE
8
B2_v2
10
-0.0275
20
1.3490
30
-2.4800
11
-0.0233
21
1.2491
31
-2.4621
12
0.0766
22
1.2534
32
-2.4985
13
0.0724
23
1.3533
33
-2.5167
0
3DFACE
8
B2_v2
10
-0.0233
20
1.2491
30
-2.4621
11
-0.0190
21
1.1492
31
-2.4435
12
0.0809
22
1.1535
32
-2.4795
13
0.0766
23
1.2534
33
-2.4985
0
3DFACE
8
B2_v2
10
-0.0190
20
1.1492
30
-2.4435
11
-0.0148
21
1.0493
31
-2.4252
12
0.0851
22
1.0536
32
-2.4609
13
0.0809
23
1.1535
33
-2.4795
0
3DFACE
8
B2_v2
10
-0.0148
20
1.0493
30
-2.4252
11
-0.0105
21
0.9494
31
-2.4071
12
0.0894
22
0.9537
32
-2.4429
13
0.0851
23
1.0536
33
-2.4609
0
3DFACE
8
B2_v2
10
-0.0105
20
0.9494
30
-2.4071
11
-0.0063
21
0.8495
31
-2.3889
12
0.0936
22
0.8537
32
-2.4246
13
0.0894
23
0.9537
33
-2.4429
0
3DFACE
8
B2_v2
10
-0.0063
20
0.8495
30
-2.3889
11
-0.0021
21
0.7496
31
-2.3753
12
0.0979
22
0.7538
32
-2.4112
13
0.0936
23
0.8537
33
-2.4246
0
3DFACE
8
B2_v2
10
-0.0021
20
0.7496
30
-2.3753
11
0.0022
21
0.6497
31
-2.3676
12
0.1021
22
0.6539
32
-2.4035
13
0.0979
23
0.7538
33
-2.4112
0
3DFACE
8
B2_v2
10
0.0022
20
0.6497
30
-2.3676
11
0.0064
21
0.5498
31
-2.3650
12
0.1063
22
0.5540
32
-2.3985
13
0.1021
23
0.6539
33
-2.4035
0
3DFACE
8
B2_v2
10
0.0064
20
0.5498
30
-2.3650
11
0.0107
21
0.4499
31
-2.3648
12
0.1106
22
0.4541
32
-2.3982
13
0.1063
23
0.5540
33
-2.3985
0
3DFACE
8
B2_v2
10
0.0107
20
0.4499
30
-2.3648
11
0.0149
21
0.3499
31
-2.3721
12
0.1148
22
0.3542
32
-2.4049
13
0.1106
23
0.4541
33
-2.3982
0
3DFACE
8
B2_v2
10
0.0149
20
0.3499
30
-2.3721
11
0.0192
21
0.2500
31
-2.3801
12
0.1191
22
0.2543
32
-2.4111
13
0.1148
23
0.3542
33
-2.4049
0
3DFACE
8
B2_v2
10
0.0192
20
0.2500
30
-2.3801
11
0.0234
21
0.1501
31
-2.3888
12
0.1233
22
0.1544
32
-2.4185
13
0.1191
23
0.2543
33
-2.4111
0
3DFACE
8
B2_v2
10
0.0234
20
0.1501
30
-2.3888
11
0.0276
21
0.0502
31
-2.3966
12
0.1276
22
0.0545
32
-2.4259
13
0.1233
23
0.1544
33
-2.4185
0
3DFACE
8
B2_v2
10
0.0276
20
0.0502
30
-2.3966
11
0.0319
21
-0.0497
31
-2.4054
12
0.1318
22
-0.0454
32
-2.4330
13
0.1276
23
0.0545
33
-2.4259
0
3DFACE
8
B2_v2
10
0.0319
20
-0.0497
30
-2.4054
11
0.0361
21
-0.1496
31
-2.4139
12
0.1360
22
-0.1454
32
-2.4398
13
0.1318
23
-0.0454
33
-2.4330
0
3DFACE
8
B2_v2
10
0.0361
20
-0.1496
30
-2.4139
11
0.0404
21
-0.2495
31
-2.4210
12
0.1403
22
-0.2453
32
-2.4455
13
0.1360
23
-0.1454
33
-2.4398
0
3DFACE
8
B2_v2
10
0.0404
20
-0.2495
30
-2.4210
11
0.0446
21
-0.3494
31
-2.4270
12
0.1445
22
-0.3452
32
-2.4507
13
0.1403
23
-0.2453
33
-2.4455
0
3DFACE
8
B2_v2
10
0.0446
20
-0.3494
30
-2.4270
11
0.0489
21
-0.4493
31
-2.4320
12
0.1488
22
-0.4451
32
-2.4531
13
0.1445
23
-0.3452
33
-2.4507
0
3DFACE
8
B2_v2
10
0.0489
20
-0.4493
30
-2.4320
11
0.0531
21
-0.5492
31
-2.4336
12
0.1530
22
-0.5450
32
-2.4548
13
0.1488
23
-0.4451
33
-2.4531
0
3DFACE
8
B2_v2
10
0.0531
20
-0.5492
30
-2.4336
11
0.0574
21
-0.6491
31
-2.4330
12
0.1573
22
-0.6449
32
-2.4539
13
0.1530
23
-0.5450
33
-2.4548
0
3DFACE
8
B2_v2
10
0.0574
20
-0.6491
30
-2.4330
11
0.0616
21
-0.7491
31
-2.4319
12
0.1615
22
-0.7448
32
-2.4526
13
0.1573
23
-0.6449
33
-2.4539
0
3DFACE
8
B2_v2
10
0.0616
20
-0.7491
30
-2.4319
11
0.0658
21
-0.8490
31
-2.4314
12
0.1658
22
-0.8447
32
-2.4517
13
0.1615
23
-0.7448
33
-2.4526
0
3DFACE
8
B2_v2
10
0.0658
20
-0.8490
30
-2.4314
11
0.0701
21
-0.9489
31
-2.4313
12
0.1700
22
-0.9446
32
-2.4518
13
0.1658
23
-0.8447
33
-2.4517
0
3DFACE
8
B2_v2
10
0.0701
20
-0.9489
30
-2.4313
11
0.0743
21
-1.0488
31
-2.4325
12
0.1742
22
-1.0445
32
-2.4518
13
0.1700
23
-0.9446
33
-2.4518
0
3DFACE
8
B2_v2
10
0.0743
20
-1.0488
30
-2.4325
11
0.0786
21
-1.1487
31
-2.4327
12
0.1785
22
-1.1445
32
-2.4518
13
0.1742
23
-1.0445
33
-2.4518
0
3DFACE
8
B2_v2
10
0.0786
20
-1.1487
30
-2.4327
11
0.0828
21
-1.2486
31
-2.4341
12
0.1827
22
-1.2444
32
-2.4512
13
0.1785
23
-1.1445
33
-2.4518
0
3DFACE
8
B2_v2
10
0.0828
20
-1.2486
30
-2.4341
11
0.0871
21
-1.3485
31
-2.4345
12
0.1870
22
-1.3443
32
-2.4510
13
0.1827
23
-1.2444
33
-2.4512
0
3DFACE
8
B2_v2
10
-0.0252
20
3.6512
30
-2.6853
11
-0.0210
21
3.5513
31
-2.6810
12
0.0789
22
3.5556
32
-2.7205
13
0.0747
23
3.6555
33
-2.7283
0
3DFACE
8
B2_v2
10
-0.0210
20
3.5513
30
-2.6810
11
-0.0167
21
3.4514
31
-2.6755
12
0.0832
22
3.4556
32
-2.7143
13
0.0789
23
3.5556
33
-2.7205
0
3DFACE
8
B2_v2
10
-0.0167
20
3.4514
30
-2.6755
11
-0.0125
21
3.3515
31
-2.6687
12
0.0874
22
3.3557
32
-2.7090
13
0.0832
23
3.4556
33
-2.7143
0
3DFACE
8
B2_v2
10
-0.0125
20
3.3515
30
-2.6687
11
-0.0082
21
3.2516
31
-2.6627
12
0.0917
22
3.2558
32
-2.7033
13
0.0874
23
3.3557
33
-2.7090
0
3DFACE
8
B2_v2
10
-0.0082
20
3.2516
30
-2.6627
11
-0.0040
21
3.1517
31
-2.6556
12
0.0959
22
3.1559
32
-2.6971
13
0.0917
23
3.2558
33
-2.7033
0
3DFACE
8
B2_v2
10
-0.0040
20
3.1517
30
-2.6556
11
0.0002
21
3.0518
31
-2.6492
12
0.1002
22
3.0560
32
-2.6901
13
0.0959
23
3.1559
33
-2.6971
0
3DFACE
8
B2_v2
10
0.0002
20
3.0518
30
-2.6492
11
0.0045
21
2.9519
31
-2.6424
12
0.1044
22
2.9561
32
-2.6828
13
0.1002
23
3.0560
33
-2.6901
0
3DFACE
8
B2_v2
10
0.0045
20
2.9519
30
-2.6424
11
0.0087
21
2.8519
31
-2.6361
12
0.1086
22
2.8562
32
-2.6772
13
0.1044
23
2.9561
33
-2.6828
0
3DFACE
8
B2_v2
10
0.0087
20
2.8519
30
-2.6361
11
0.0130
21
2.7520
31
-2.6311
12
0.1129
22
2.7563
32
-2.6708
13
0.1086
23
2.8562
33
-2.6772
0
3DFACE
8
B2_v2
10
0.0130
20
2.7520
30
-2.6311
11
0.0172
21
2.6521
31
-2.6259
12
0.1171
22
2.6564
32
-2.6649
13
0.1129
23
2.7563
33
-2.6708
0
3DFACE
8
B2_v2
10
0.0172
20
2.6521
30
-2.6259
11
0.0215
21
2.5522
31
-2.6209
12
0.1214
22
2.5565
32
-2.6600
13
0.1171
23
2.6564
33
-2.6649
0
3DFACE
8
B2_v2
10
0.0215
20
2.5522
30
-2.6209
11
0.0257
21
2.4523
31
-2.6157
12
0.1256
22
2.4565
32
-2.6545
13
0.1214
23
2.5565
33
-2.6600
0
3DFACE
8
B2_v2
10
0.0257
20
2.4523
30
-2.6157
11
0.0299
21
2.3524
31
-2.6102
12
0.1299
22
2.3566
32
-2.6476
13
0.1256
23
2.4565
33
-2.6545
0
3DFACE
8
B2_v2
10
0.0299
20
2.3524
30
-2.6102
11
0.0342
21
2.2525
31
-2.6039
12
0.1341
22
2.2567
32
-2.6429
13
0.1299
23
2.3566
33
-2.6476
0
3DFACE
8
B2_v2
10
0.0342
20
2.2525
30
-2.6039
11
0.0384
21
2.1526
31
-2.5968
12
0.1383
22
2.1568
32
-2.6374
13
0.1341
23
2.2567
33
-2.6429
0
3DFACE
8
B2_v2
10
0.0384
20
2.1526
30
-2.5968
11
0.0427
21
2.0527
31
-2.5928
12
0.1426
22
2.0569
32
-2.6323
13
0.1383
23
2.1568
33
-2.6374
0
3DFACE
8
B2_v2
10
0.0427
20
2.0527
30
-2.5928
11
0.0469
21
1.9528
31
-2.5887
12
0.1468
22
1.9570
32
-2.6279
13
0.1426
23
2.0569
33
-2.6323
0
3DFACE
8
B2_v2
10
0.0469
20
1.9528
30
-2.5887
11
0.0512
21
1.8528
31
-2.5838
12
0.1511
22
1.8571
32
-2.6227
13
0.1468
23
1.9570
33
-2.6279
0
3DFACE
8
B2_v2
10
0.0512
20
1.8528
30
-2.5838
11
0.0554
21
1.7529
31
-2.5763
12
0.1553
22
1.7572
32
-2.6129
13
0.1511
23
1.8571
33
-2.6227
0
3DFACE
8
B2_v2
10
0.0554
20
1.7529
30
-2.5763
11
0.0597
21
1.6530
31
-2.5637
12
0.1596
22
1.6573
32
-2.6013
13
0.1553
23
1.7572
33
-2.6129
0
3DFACE
8
B2_v2
10
0.0597
20
1.6530
30
-2.5637
11
0.0639
21
1.5531
31
-2.5508
12
0.1638
22
1.5574
32
-2.5867
13
0.1596
23
1.6573
33
-2.6013
0
3DFACE
8
B2_v2
10
0.0639
20
1.5531
30
-2.5508
11
0.0681
21
1.4532
31
-2.5350
12
0.1681
22
1.4574
32
-2.5721
13
0.1638
23
1.5574
33
-2.5867
0
3DFACE
8
B2_v2
10
0.0681
20
1.4532
30
-2.5350
11
0.0724
21
1.3533
31
-2.5167
12
0.1723
22
1.3575
32
-2.5548
13
0.1681
23
1.4574
33
-2.5721
0
3DFACE
8
B2_v2
10
0.0724
20
1.3533
30
-2.5167
11
0.0766
21
1.2534
31
-2.4985
12
0.1765
22
1.2576
32
-2.5357
13
0.1723
23
1.3575
33
-2.5548
0
3DFACE
8
B2_v2
10
0.0766
20
1.2534
30
-2.4985
11
0.0809
21
1.1535
31
-2.4795
12
0.1808
22
1.1577
32
-2.5162
13
0.1765
23
1.2576
33
-2.5357
0
3DFACE
8
B2_v2
10
0.0809
20
1.1535
30
-2.4795
11
0.0851
21
1.0536
31
-2.4609
12
0.1850
22
1.0578
32
-2.4980
13
0.1808
23
1.1577
33
-2.5162
0
3DFACE
8
B2_v2
10
0.0851
20
1.0536
30
-2.4609
11
0.0894
21
0.9537
31
-2.4429
12
0.1893
22
0.9579
32
-2.4792
13
0.1850
23
1.0578
33
-2.4980
0
3DFACE
8
B2_v2
10
0.0894
20
0.9537
30
-2.4429
11
0.0936
21
0.8537
31
-2.4246
12
0.1935
22
0.8580
32
-2.4593
13
0.1893
23
0.9579
33
-2.4792
0
3DFACE
8
B2_v2
10
0.0936
20
0.8537
30
-2.4246
11
0.0979
21
0.7538
31
-2.4112
12
0.1978
22
0.7581
32
-2.4449
13
0.1935
23
0.8580
33
-2.4593
0
3DFACE
8
B2_v2
10
0.0979
20
0.7538
30
-2.4112
11
0.1021
21
0.6539
31
-2.4035
12
0.2020
22
0.6582
32
-2.4361
13
0.1978
23
0.7581
33
-2.4449
0
3DFACE
8
B2_v2
10
0.1021
20
0.6539
30
-2.4035
11
0.1063
21
0.5540
31
-2.3985
12
0.2062
22
0.5583
32
-2.4319
13
0.2020
23
0.6582
33
-2.4361
0
3DFACE
8
B2_v2
10
0.1063
20
0.5540
30
-2.3985
11
0.1106
21
0.4541
31
-2.3982
12
0.2105
22
0.4583
32
-2.4328
13
0.2062
23
0.5583
33
-2.4319
0
3DFACE
8
B2_v2
10
0.1106
20
0.4541
30
-2.3982
11
0.1148
21
0.3542
31
-2.4049
12
0.2147
22
0.3584
32
-2.4377
13
0.2105
23
0.4583
33
-2.4328
0
3DFACE
8
B2_v2
10
0.1148
20
0.3542
30
-2.4049
11
0.1191
21
0.2543
31
-2.4111
12
0.2190
22
0.2585
32
-2.4434
13
0.2147
23
0.3584
33
-2.4377
0
3DFACE
8
B2_v2
10
0.1191
20
0.2543
30
-2.4111
11
0.1233
21
0.1544
31
-2.4185
12
0.2232
22
0.1586
32
-2.4496
13
0.2190
23
0.2585
33
-2.4434
0
3DFACE
8
B2_v2
10
0.1233
20
0.1544
30
-2.4185
11
0.1276
21
0.0545
31
-2.4259
12
0.2275
22
0.0587
32
-2.4555
13
0.2232
23
0.1586
33
-2.4496
0
3DFACE
8
B2_v2
10
0.1276
20
0.0545
30
-2.4259
11
0.1318
21
-0.0454
31
-2.4330
12
0.2317
22
-0.0412
32
-2.4603
13
0.2275
23
0.0587
33
-2.4555
0
3DFACE
8
B2_v2
10
0.1318
20
-0.0454
30
-2.4330
11
0.1360
21
-0.1454
31
-2.4398
12
0.2360
22
-0.1411
32
-2.4653
13
0.2317
23
-0.0412
33
-2.4603
0
3DFACE
8
B2_v2
10
0.1360
20
-0.1454
30
-2.4398
11
0.1403
21
-0.2453
31
-2.4455
12
0.2402
22
-0.2410
32
-2.4695
13
0.2360
23
-0.1411
33
-2.4653
0
3DFACE
8
B2_v2
10
0.1403
20
-0.2453
30
-2.4455
11
0.1445
21
-0.3452
31
-2.4507
12
0.2444
22
-0.3409
32
-2.4721
13
0.2402
23
-0.2410
33
-2.4695
0
3DFACE
8
B2_v2
10
0.1445
20
-0.3452
30
-2.4507
11
0.1488
21
-0.4451
31
-2.4531
12
0.2487
22
-0.4408
32
-2.4734
13
0.2444
23
-0.3409
33
-2.4721
0
3DFACE
8
B2_v2
10
0.1488
20
-0.4451
30
-2.4531
11
0.1530
21
-0.5450
31
-2.4548
12
0.2529
22
-0.5408
32
-2.4732
13
0.2487
23
-0.4408
33
-2.4734
0
3DFACE
8
B2_v2
10
0.1530
20
-0.5450
30
-2.4548
11
0.1573
21
-0.6449
31
-2.4539
12
0.2572
22
-0.6407
32
-2.4713
13
0.2529
23
-0.5408
33
-2.4732
0
3DFACE
8
B2_v2
10
0.1573
20
-0.6449
30
-2.4539
11
0.1615
21
-0.7448
31
-2.4526
12
0.2614
22
-0.7406
32
-2.4695
13
0.2572
23
-0.6407
33
-2.4713
0
3DFACE
8
B2_v2
10
0.1615
20
-0.7448
30
-2.4526
11
0.1658
21
-0.8447
31
-2.4517
12
0.2657
22
-0.8405
32
-2.4680
13
0.2614
23
-0.7406
33
-2.4695
0
3DFACE
8
B2_v2
10
0.1658
20
-0.8447
30
-2.4517
11
0.1700
21
-0.9446
31
-2.4518
12
0.2699
22
-0.9404
32
-2.4662
13
0.2657
23
-0.8405
33
-2.4680
0
3DFACE
8
B2_v2
10
0.1700
20
-0.9446
30
-2.4518
11
0.1742
21
-1.0445
31
-2.4518
12
0.2741
22
-1.0403
32
-2.4651
13
0.2699
23
-0.9404
33
-2.4662
0
3DFACE
8
B2_v2
10
0.1742
20
-1.0445
30
-2.4518
11
0.1785
21
-1.1445
31
-2.4518
12
0.2784
22
-1.1402
32
-2.4631
13
0.2741
23
-1.0403
33
-2.4651
0
3DFACE
8
B2_v2
10
0.1785
20
-1.1445
30
-2.4518
11
0.1827
21
-1.2444
31
-2.4512
12
0.2826
22
-1.2401
32
-2.4627
13
0.2784
23
-1.1402
33
-2.4631
0
3DFACE
8
B2_v2
10
0.1827
20
-1.2444
30
-2.4512
11
0.1870
21
-1.3443
31
-2.4510
12
0.2869
22
-1.3400
32
-2.4624
13
0.2826
23
-1.2401
33
-2.4627
0
3DFACE
8
B2_v2
10
0.0747
20
3.6555
30
-2.7283
11
0.0789
21
3.5556
31
-2.7205
12
0.1788
22
3.5598
32
-2.7616
13
0.1746
23
3.6597
33
-2.7665
0
3DFACE
8
B2_v2
10
0.0789
20
3.5556
30
-2.7205
11
0.0832
21
3.4556
31
-2.7143
12
0.1831
22
3.4599
32
-2.7566
13
0.1788
23
3.5598
33
-2.7616
0
3DFACE
8
B2_v2
10
0.0832
20
3.4556
30
-2.7143
11
0.0874
21
3.3557
31
-2.7090
12
0.1873
22
3.3600
32
-2.7501
13
0.1831
23
3.4599
33
-2.7566
0
3DFACE
8
B2_v2
10
0.0874
20
3.3557
30
-2.7090
11
0.0917
21
3.2558
31
-2.7033
12
0.1916
22
3.2601
32
-2.7441
13
0.1873
23
3.3600
33
-2.7501
0
3DFACE
8
B2_v2
10
0.0917
20
3.2558
30
-2.7033
11
0.0959
21
3.1559
31
-2.6971
12
0.1958
22
3.1602
32
-2.7371
13
0.1916
23
3.2601
33
-2.7441
0
3DFACE
8
B2_v2
10
0.0959
20
3.1559
30
-2.6971
11
0.1002
21
3.0560
31
-2.6901
12
0.2001
22
3.0602
32
-2.7285
13
0.1958
23
3.1602
33
-2.7371
0
3DFACE
8
B2_v2
10
0.1002
20
3.0560
30
-2.6901
11
0.1044
21
2.9561
31
-2.6828
12
0.2043
22
2.9603
32
-2.7232
13
0.2001
23
3.0602
33
-2.7285
0
3DFACE
8
B2_v2
10
0.1044
20
2.9561
30
-2.6828
11
0.1086
21
2.8562
31
-2.6772
12
0.2085
22
2.8604
32
-2.7174
13
0.2043
23
2.9603
33
-2.7232
0
3DFACE
8
B2_v2
10
0.1086
20
2.8562
30
-2.6772
11
0.1129
21
2.7563
31
-2.6708
12
0.2128
22
2.7605
32
-2.7119
13
0.2085
23
2.8604
33
-2.7174
0
3DFACE
8
B2_v2
10
0.1129
20
2.7563
30
-2.6708
11
0.1171
21
2.6564
31
-2.6649
12
0.2170
22
2.6606
32
-2.7065
13
0.2128
23
2.7605
33
-2.7119
0
3DFACE
8
B2_v2
10
0.1171
20
2.6564
30
-2.6649
11
0.1214
21
2.5565
31
-2.6600
12
0.2213
22
2.5607
32
-2.7001
13
0.2170
23
2.6606
33
-2.7065
0
3DFACE
8
B2_v2
10
0.1214
20
2.5565
30
-2.6600
11
0.1256
21
2.4565
31
-2.6545
12
0.2255
22
2.4608
32
-2.6938
13
0.2213
23
2.5607
33
-2.7001
0
3DFACE
8
B2_v2
10
0.1256
20
2.4565
30
-2.6545
11
0.1299
21
2.3566
31
-2.6476
12
0.2298
22
2.3609
32
-2.6890
13
0.2255
23
2.4608
33
-2.6938
0
3DFACE
8
B2_v2
10
0.1299
20
2.3566
30
-2.6476
11
0.1341
21
2.2567
31
-2.6429
12
0.2340
22
2.2610
32
-2.6840
13
0.2298
23
2.3609
33
-2.6890
0
3DFACE
8
B2_v2
10
0.1341
20
2.2567
30
-2.6429
11
0.1383
21
2.1568
31
-2.6374
12
0.2383
22
2.1611
32
-2.6791
13
0.2340
23
2.2610
33
-2.6840
0
3DFACE
8
B2_v2
10
0.1383
20
2.1568
30
-2.6374
11
0.1426
21
2.0569
31
-2.6323
12
0.2425
22
2.0611
32
-2.6718
13
0.2383
23
2.1611
33
-2.6791
0
3DFACE
8
B2_v2
10
0.1426
20
2.0569
30
-2.6323
11
0.1468
21
1.9570
31
-2.6279
12
0.2467
22
1.9612
32
-2.6667
13
0.2425
23
2.0611
33
-2.6718
0
3DFACE
8
B2_v2
10
0.1468
20
1.9570
30
-2.6279
11
0.1511
21
1.8571
31
-2.6227
12
0.2510
22
1.8613
32
-2.6613
13
0.2467
23
1.9612
33
-2.6667
0
3DFACE
8
B2_v2
10
0.1511
20
1.8571
30
-2.6227
11
0.1553
21
1.7572
31
-2.6129
12
0.2552
22
1.7614
32
-2.6522
13
0.2510
23
1.8613
33
-2.6613
0
3DFACE
8
B2_v2
10
0.1553
20
1.7572
30
-2.6129
11
0.1596
21
1.6573
31
-2.6013
12
0.2595
22
1.6615
32
-2.6411
13
0.2552
23
1.7614
33
-2.6522
0
3DFACE
8
B2_v2
10
0.1596
20
1.6573
30
-2.6013
11
0.1638
21
1.5574
31
-2.5867
12
0.2637
22
1.5616
32
-2.6282
13
0.2595
23
1.6615
33
-2.6411
0
3DFACE
8
B2_v2
10
0.1638
20
1.5574
30
-2.5867
11
0.1681
21
1.4574
31
-2.5721
12
0.2680
22
1.4617
32
-2.6136
13
0.2637
23
1.5616
33
-2.6282
0
3DFACE
8
B2_v2
10
0.1681
20
1.4574
30
-2.5721
11
0.1723
21
1.3575
31
-2.5548
12
0.2722
22
1.3618
32
-2.5942
13
0.2680
23
1.4617
33
-2.6136
0
3DFACE
8
B2_v2
10
0.1723
20
1.3575
30
-2.5548
11
0.1765
21
1.2576
31
-2.5357
12
0.2765
22
1.2619
32
-2.5741
13
0.2722
23
1.3618
33
-2.5942
0
3DFACE
8
B2_v2
10
0.1765
20
1.2576
30
-2.5357
11
0.1808
21
1.1577
31
-2.5162
12
0.2807
22
1.1620
32
-2.5560
13
0.2765
23
1.2619
33
-2.5741
0
3DFACE
8
B2_v2
10
0.1808
20
1.1577
30
-2.5162
11
0.1850
21
1.0578
31
-2.4980
12
0.2849
22
1.0621
32
-2.5380
13
0.2807
23
1.1620
33
-2.5560
0
3DFACE
8
B2_v2
10
0.1850
20
1.0578
30
-2.4980
11
0.1893
21
0.9579
31
-2.4792
12
0.2892
22
0.9621
32
-2.5186
13
0.2849
23
1.0621
33
-2.5380
0
3DFACE
8
B2_v2
10
0.1893
20
0.9579
30
-2.4792
11
0.1935
21
0.8580
31
-2.4593
12
0.2934
22
0.8622
32
-2.4987
13
0.2892
23
0.9621
33
-2.5186
0
3DFACE
8
B2_v2
10
0.1935
20
0.8580
30
-2.4593
11
0.1978
21
0.7581
31
-2.4449
12
0.2977
22
0.7623
32
-2.4838
13
0.2934
23
0.8622
33
-2.4987
0
3DFACE
8
B2_v2
10
0.1978
20
0.7581
30
-2.4449
11
0.2020
21
0.6582
31
-2.4361
12
0.3019
22
0.6624
32
-2.4735
13
0.2977
23
0.7623
33
-2.4838
0
3DFACE
8
B2_v2
10
0.2020
20
0.6582
30
-2.4361
11
0.2062
21
0.5583
31
-2.4319
12
0.3062
22
0.5625
32
-2.4675
13
0.3019
23
0.6624
33
-2.4735
0
3DFACE
8
B2_v2
10
0.2062
20
0.5583
30
-2.4319
11
0.2105
21
0.4583
31
-2.4328
12
0.3104
22
0.4626
32
-2.4672
13
0.3062
23
0.5625
33
-2.4675
0
3DFACE
8
B2_v2
10
0.2105
20
0.4583
30
-2.4328
11
0.2147
21
0.3584
31
-2.4377
12
0.3146
22
0.3627
32
-2.4713
13
0.3104
23
0.4626
33
-2.4672
0
3DFACE
8
B2_v2
10
0.2147
20
0.3584
30
-2.4377
11
0.2190
21
0.2585
31
-2.4434
12
0.3189
22
0.2628
32
-2.4744
13
0.3146
23
0.3627
33
-2.4713
0
3DFACE
8
B2_v2
10
0.2190
20
0.2585
30
-2.4434
11
0.2232
21
0.1586
31
-2.4496
12
0.3231
22
0.1629
32
-2.4783
13
0.3189
23
0.2628
33
-2.4744
0
3DFACE
8
B2_v2
10
0.2232
20
0.1586
30
-2.4496
11
0.2275
21
0.0587
31
-2.4555
12
0.3274
22
0.0630
32
-2.4820
13
0.3231
23
0.1629
33
-2.4783
0
3DFACE
8
B2_v2
10
0.2275
20
0.0587
30
-2.4555
11
0.2317
21
-0.0412
31
-2.4603
12
0.3316
22
-0.0370
32
-2.4856
13
0.3274
23
0.0630
33
-2.4820
0
3DFACE
8
B2_v2
10
0.2317
20
-0.0412
30
-2.4603
11
0.2360
21
-0.1411
31
-2.4653
12
0.3359
22
-0.1369
32
-2.4894
13
0.3316
23
-0.0370
33
-2.4856
0
3DFACE
8
B2_v2
10
0.2360
20
-0.1411
30
-2.4653
11
0.2402
21
-0.2410
31
-2.4695
12
0.3401
22
-0.2368
32
-2.4920
13
0.3359
23
-0.1369
33
-2.4894
0
3DFACE
8
B2_v2
10
0.2402
20
-0.2410
30
-2.4695
11
0.2444
21
-0.3409
31
-2.4721
12
0.3444
22
-0.3367
32
-2.4931
13
0.3401
23
-0.2368
33
-2.4920
0
3DFACE
8
B2_v2
10
0.2444
20
-0.3409
30
-2.4721
11
0.2487
21
-0.4408
31
-2.4734
12
0.3486
22
-0.4366
32
-2.4935
13
0.3444
23
-0.3367
33
-2.4931
0
3DFACE
8
B2_v2
10
0.2487
20
-0.4408
30
-2.4734
11
0.2529
21
-0.5408
31
-2.4732
12
0.3528
22
-0.5365
32
-2.4927
13
0.3486
23
-0.4366
33
-2.4935
0
3DFACE
8
B2_v2
10
0.2529
20
-0.5408
30
-2.4732
11
0.2572
21
-0.6407
31
-2.4713
12
0.3571
22
-0.6364
32
-2.4894
13
0.3528
23
-0.5365
33
-2.4927
0
3DFACE
8
B2_v2
10
0.2572
20
-0.6407
30
-2.4713
11
0.2614
21
-0.7406
31
-2.4695
12
0.3613
22
-0.7363
32
-2.4860
13
0.3571
23
-0.6364
33
-2.4894
0
3DFACE
8
B2_v2
10
0.2614
20
-0.7406
30
-2.4695
11
0.2657
21
-0.8405
31
-2.4680
12
0.3656
22
-0.8362
32
-2.4830
13
0.3613
23
-0.7363
33
-2.4860
0
3DFACE
8
B2_v2
10
0.2657
20
-0.8405
30
-2.4680
11
0.2699
21
-0.9404
31
-2.4662
12
0.3698
22
-0.9361
32
-2.4800
13
0.3656
23
-0.8362
33
-2.4830
0
3DFACE
8
B2_v2
10
0.2699
20
-0.9404
30
-2.4662
11
0.2741
21
-1.0403
31
-2.4651
12
0.3741
22
-1.0361
32
-2.4768
13
0.3698
23
-0.9361
33
-2.4800
0
3DFACE
8
B2_v2
10
0.2741
20
-1.0403
30
-2.4651
11
0.2784
21
-1.1402
31
-2.4631
12
0.3783
22
-1.1360
32
-2.4734
13
0.3741
23
-1.0361
33
-2.4768
0
3DFACE
8
B2_v2
10
0.2784
20
-1.1402
30
-2.4631
11
0.2826
21
-1.2401
31
-2.4627
12
0.3825
22
-1.2359
32
-2.4708
13
0.3783
23
-1.1360
33
-2.4734
0
3DFACE
8
B2_v2
10
0.2826
20
-1.2401
30
-2.4627
11
0.2869
21
-1.3400
31
-2.4624
12
0.3868
22
-1.3358
32
-2.4710
13
0.3825
23
-1.2359
33
-2.4708
0
3DFACE
8
B2_v2
10
0.1746
20
3.6597
30
-2.7665
11
0.1788
21
3.5598
31
-2.7616
12
0.2788
22
3.5640
32
-2.8040
13
0.2745
23
3.6640
33
-2.8082
0
3DFACE
8
B2_v2
10
0.1788
20
3.5598
30
-2.7616
11
0.1831
21
3.4599
31
-2.7566
12
0.2830
22
3.4641
32
-2.7985
13
0.2788
23
3.5640
33
-2.8040
0
3DFACE
8
B2_v2
10
0.1831
20
3.4599
30
-2.7566
11
0.1873
21
3.3600
31
-2.7501
12
0.2872
22
3.3642
32
-2.7904
13
0.2830
23
3.4641
33
-2.7985
0
3DFACE
8
B2_v2
10
0.1873
20
3.3600
30
-2.7501
11
0.1916
21
3.2601
31
-2.7441
12
0.2915
22
3.2643
32
-2.7840
13
0.2872
23
3.3642
33
-2.7904
0
3DFACE
8
B2_v2
10
0.1916
20
3.2601
30
-2.7441
11
0.1958
21
3.1602
31
-2.7371
12
0.2957
22
3.1644
32
-2.7774
13
0.2915
23
3.2643
33
-2.7840
0
3DFACE
8
B2_v2
10
0.1958
20
3.1602
30
-2.7371
11
0.2001
21
3.0602
31
-2.7285
12
0.3000
22
3.0645
32
-2.7696
13
0.2957
23
3.1644
33
-2.7774
0
3DFACE
8
B2_v2
10
0.2001
20
3.0602
30
-2.7285
11
0.2043
21
2.9603
31
-2.7232
12
0.3042
22
2.9646
32
-2.7637
13
0.3000
23
3.0645
33
-2.7696
0
3DFACE
8
B2_v2
10
0.2043
20
2.9603
30
-2.7232
11
0.2085
21
2.8604
31
-2.7174
12
0.3085
22
2.8647
32
-2.7574
13
0.3042
23
2.9646
33
-2.7637
0
3DFACE
8
B2_v2
10
0.2085
20
2.8604
30
-2.7174
11
0.2128
21
2.7605
31
-2.7119
12
0.3127
22
2.7648
32
-2.7505
13
0.3085
23
2.8647
33
-2.7574
0
3DFACE
8
B2_v2
10
0.2128
20
2.7605
30
-2.7119
11
0.2170
21
2.6606
31
-2.7065
12
0.3169
22
2.6649
32
-2.7435
13
0.3127
23
2.7648
33
-2.7505
0
3DFACE
8
B2_v2
10
0.2170
20
2.6606
30
-2.7065
11
0.2213
21
2.5607
31
-2.7001
12
0.3212
22
2.5649
32
-2.7373
13
0.3169
23
2.6649
33
-2.7435
0
3DFACE
8
B2_v2
10
0.2213
20
2.5607
30
-2.7001
11
0.2255
21
2.4608
31
-2.6938
12
0.3254
22
2.4650
32
-2.7324
13
0.3212
23
2.5649
33
-2.7373
0
3DFACE
8
B2_v2
10
0.2255
20
2.4608
30
-2.6938
11
0.2298
21
2.3609
31
-2.6890
12
0.3297
22
2.3651
32
-2.7268
13
0.3254
23
2.4650
33
-2.7324
0
3DFACE
8
B2_v2
10
0.2298
20
2.3609
30
-2.6890
11
0.2340
21
2.2610
31
-2.6840
12
0.3339
22
2.2652
32
-2.7194
13
0.3297
23
2.3651
33
-2.7268
0
3DFACE
8
B2_v2
10
0.2340
20
2.2610
30
-2.6840
11
0.2383
21
2.1611
31
-2.6791
12
0.3382
22
2.1653
32
-2.7128
13
0.3339
23
2.2652
33
-2.7194
0
3DFACE
8
B2_v2
10
0.2383
20
2.1611
30
-2.6791
11
0.2425
21
2.0611
31
-2.6718
12
0.3424
22
2.0654
32
-2.7069
13
0.3382
23
2.1653
33
-2.7128
0
3DFACE
8
B2_v2
10
0.2425
20
2.0611
30
-2.6718
11
0.2467
21
1.9612
31
-2.6667
12
0.3467
22
1.9655
32
-2.7003
13
0.3424
23
2.0654
33
-2.7069
0
3DFACE
8
B2_v2
10
0.2467
20
1.9612
30
-2.6667
11
0.2510
21
1.8613
31
-2.6613
12
0.3509
22
1.8656
32
-2.6944
13
0.3467
23
1.9655
33
-2.7003
0
3DFACE
8
B2_v2
10
0.2510
20
1.8613
30
-2.6613
11
0.2552
21
1.7614
31
-2.6522
12
0.3551
22
1.7657
32
-2.6851
13
0.3509
23
1.8656
33
-2.6944
0
3DFACE
8
B2_v2
10
0.2552
20
1.7614
30
-2.6522
11
0.2595
21
1.6615
31
-2.6411
12
0.3594
22
1.6658
32
-2.6732
13
0.3551
23
1.7657
33
-2.6851
0
3DFACE
8
B2_v2
10
0.2595
20
1.6615
30
-2.6411
11
0.2637
21
1.5616
31
-2.6282
12
0.3636
22
1.5658
32
-2.6610
13
0.3594
23
1.6658
33
-2.6732
0
3DFACE
8
B2_v2
10
0.2637
20
1.5616
30
-2.6282
11
0.2680
21
1.4617
31
-2.6136
12
0.3679
22
1.4659
32
-2.6464
13
0.3636
23
1.5658
33
-2.6610
0
3DFACE
8
B2_v2
10
0.2680
20
1.4617
30
-2.6136
11
0.2722
21
1.3618
31
-2.5942
12
0.3721
22
1.3660
32
-2.6260
13
0.3679
23
1.4659
33
-2.6464
0
3DFACE
8
B2_v2
10
0.2722
20
1.3618
30
-2.5942
11
0.2765
21
1.2619
31
-2.5741
12
0.3764
22
1.2661
32
-2.6065
13
0.3721
23
1.3660
33
-2.6260
0
3DFACE
8
B2_v2
10
0.2765
20
1.2619
30
-2.5741
11
0.2807
21
1.1620
31
-2.5560
12
0.3806
22
1.1662
32
-2.5874
13
0.3764
23
1.2661
33
-2.6065
0
3DFACE
8
B2_v2
10
0.2807
20
1.1620
30
-2.5560
11
0.2849
21
1.0621
31
-2.5380
12
0.3848
22
1.0663
32
-2.5699
13
0.3806
23
1.1662
33
-2.5874
0
3DFACE
8
B2_v2
10
0.2849
20
1.0621
30
-2.5380
11
0.2892
21
0.9621
31
-2.5186
12
0.3891
22
0.9664
32
-2.5515
13
0.3848
23
1.0663
33
-2.5699
0
3DFACE
8
B2_v2
10
0.2892
20
0.9621
30
-2.5186
11
0.2934
21
0.8622
31
-2.4987
12
0.3933
22
0.8665
32
-2.5324
13
0.3891
23
0.9664
33
-2.5515
0
3DFACE
8
B2_v2
10
0.2934
20
0.8622
30
-2.4987
11
0.2977
21
0.7623
31
-2.4838
12
0.3976
22
0.7666
32
-2.5183
13
0.3933
23
0.8665
33
-2.5324
0
3DFACE
8
B2_v2
10
0.2977
20
0.7623
30
-2.4838
11
0.3019
21
0.6624
31
-2.4735
12
0.4018
22
0.6667
32
-2.5087
13
0.3976
23
0.7666
33
-2.5183
0
3DFACE
8
B2_v2
10
0.3019
20
0.6624
30
-2.4735
11
0.3062
21
0.5625
31
-2.4675
12
0.4061
22
0.5667
32
-2.5028
13
0.4018
23
0.6667
33
-2.5087
0
3DFACE
8
B2_v2
10
0.3062
20
0.5625
30
-2.4675
11
0.3104
21
0.4626
31
-2.4672
12
0.4103
22
0.4668
32
-2.5002
13
0.4061
23
0.5667
33
-2.5028
0
3DFACE
8
B2_v2
10
0.3104
20
0.4626
30
-2.4672
11
0.3146
21
0.3627
31
-2.4713
12
0.4146
22
0.3669
32
-2.5016
13
0.4103
23
0.4668
33
-2.5002
0
3DFACE
8
B2_v2
10
0.3146
20
0.3627
30
-2.4713
11
0.3189
21
0.2628
31
-2.4744
12
0.4188
22
0.2670
32
-2.5042
13
0.4146
23
0.3669
33
-2.5016
0
3DFACE
8
B2_v2
10
0.3189
20
0.2628
30
-2.4744
11
0.3231
21
0.1629
31
-2.4783
12
0.4230
22
0.1671
32
-2.5067
13
0.4188
23
0.2670
33
-2.5042
0
3DFACE
8
B2_v2
10
0.3231
20
0.1629
30
-2.4783
11
0.3274
21
0.0630
31
-2.4820
12
0.4273
22
0.0672
32
-2.5087
13
0.4230
23
0.1671
33
-2.5067
0
3DFACE
8
B2_v2
10
0.3274
20
0.0630
30
-2.4820
11
0.3316
21
-0.0370
31
-2.4856
12
0.4315
22
-0.0327
32
-2.5113
13
0.4273
23
0.0672
33
-2.5087
0
3DFACE
8
B2_v2
10
0.3316
20
-0.0370
30
-2.4856
11
0.3359
21
-0.1369
31
-2.4894
12
0.4358
22
-0.1326
32
-2.5133
13
0.4315
23
-0.0327
33
-2.5113
0
3DFACE
8
B2_v2
10
0.3359
20
-0.1369
30
-2.4894
11
0.3401
21
-0.2368
31
-2.4920
12
0.4400
22
-0.2325
32
-2.5135
13
0.4358
23
-0.1326
33
-2.5133
0
3DFACE
8
B2_v2
10
0.3401
20
-0.2368
30
-2.4920
11
0.3444
21
-0.3367
31
-2.4931
12
0.4443
22
-0.3324
32
-2.5131
13
0.4400
23
-0.2325
33
-2.5135
0
3DFACE
8
B2_v2
10
0.3444
20
-0.3367
30
-2.4931
11
0.3486
21
-0.4366
31
-2.4935
12
0.4485
22
-0.4324
32
-2.5116
13
0.4443
23
-0.3324
33
-2.5131
0
3DFACE
8
B2_v2
10
0.3486
20
-0.4366
30
-2.4935
11
0.3528
21
-0.5365
31
-2.4927
12
0.4528
22
-0.5323
32
-2.5085
13
0.4485
23
-0.4324
33
-2.5116
0
3DFACE
8
B2_v2
10
0.3528
20
-0.5365
30
-2.4927
11
0.3571
21
-0.6364
31
-2.4894
12
0.4570
22
-0.6322
32
-2.5037
13
0.4528
23
-0.5323
33
-2.5085
0
3DFACE
8
B2_v2
10
0.3571
20
-0.6364
30
-2.4894
11
0.3613
21
-0.7363
31
-2.4860
12
0.4612
22
-0.7321
32
-2.4966
13
0.4570
23
-0.6322
33
-2.5037
0
3DFACE
8
B2_v2
10
0.3613
20
-0.7363
30
-2.4860
11
0.3656
21
-0.8362
31
-2.4830
12
0.4655
22
-0.8320
32
-2.4918
13
0.4612
23
-0.7321
33
-2.4966
0
3DFACE
8
B2_v2
10
0.3656
20
-0.8362
30
-2.4830
11
0.3698
21
-0.9361
31
-2.4800
12
0.4697
22
-0.9319
32
-2.4903
13
0.4655
23
-0.8320
33
-2.4918
0
3DFACE
8
B2_v2
10
0.3698
20
-0.9361
30
-2.4800
11
0.3741
21
-1.0361
31
-2.4768
12
0.4740
22
-1.0318
32
-2.4870
13
0.4697
23
-0.9319
33
-2.4903
0
3DFACE
8
B2_v2
10
0.3741
20
-1.0361
30
-2.4768
11
0.3783
21
-1.1360
31
-2.4734
12
0.4782
22
-1.1317
32
-2.4828
13
0.4740
23
-1.0318
33
-2.4870
0
3DFACE
8
B2_v2
10
0.3783
20
-1.1360
30
-2.4734
11
0.3825
21
-1.2359
31
-2.4708
12
0.4825
22
-1.2316
32
-2.4797
13
0.4782
23
-1.1317
33
-2.4828
0
3DFACE
8
B2_v2
10
0.3825
20
-1.2359
30
-2.4708
11
0.3868
21
-1.3358
31
-2.4710
12
0.4867
22
-1.3315
32
-2.4778
13
0.4825
23
-1.2316
33
-2.4797
0
3DFACE
8
B2_v2
10
0.2745
20
3.6640
30
-2.8082
11
0.2788
21
3.5640
31
-2.8040
12
0.3787
22
3.5683
32
-2.8436
13
0.3744
23
3.6682
33
-2.8480
0
3DFACE
8
B2_v2
10
0.2788
20
3.5640
30
-2.8040
11
0.2830
21
3.4641
31
-2.7985
12
0.3829
22
3.4684
32
-2.8378
13
0.3787
23
3.5683
33
-2.8436
0
3DFACE
8
B2_v2
10
0.2830
20
3.4641
30
-2.7985
11
0.2872
21
3.3642
31
-2.7904
12
0.3871
22
3.3685
32
-2.8303
13
0.3829
23
3.4684
33
-2.8378
0
3DFACE
8
B2_v2
10
0.2872
20
3.3642
30
-2.7904
11
0.2915
21
3.2643
31
-2.7840
12
0.3914
22
3.2686
32
-2.8245
13
0.3871
23
3.3685
33
-2.8303
0
3DFACE
8
B2_v2
10
0.2915
20
3.2643
30
-2.7840
11
0.2957
21
3.1644
31
-2.7774
12
0.3956
22
3.1686
32
-2.8170
13
0.3914
23
3.2686
33
-2.8245
0
3DFACE
8
B2_v2
10
0.2957
20
3.1644
30
-2.7774
11
0.3000
21
3.0645
31
-2.7696
12
0.3999
22
3.0687
32
-2.8101
13
0.3956
23
3.1686
33
-2.8170
0
3DFACE
8
B2_v2
10
0.3000
20
3.0645
30
-2.7696
11
0.3042
21
2.9646
31
-2.7637
12
0.4041
22
2.9688
32
-2.8045
13
0.3999
23
3.0687
33
-2.8101
0
3DFACE
8
B2_v2
10
0.3042
20
2.9646
30
-2.7637
11
0.3085
21
2.8647
31
-2.7574
12
0.4084
22
2.8689
32
-2.7976
13
0.4041
23
2.9688
33
-2.8045
0
3DFACE
8
B2_v2
10
0.3085
20
2.8647
30
-2.7574
11
0.3127
21
2.7648
31
-2.7505
12
0.4126
22
2.7690
32
-2.7905
13
0.4084
23
2.8689
33
-2.7976
0
3DFACE
8
B2_v2
10
0.3127
20
2.7648
30
-2.7505
11
0.3169
21
2.6649
31
-2.7435
12
0.4169
22
2.6691
32
-2.7836
13
0.4126
23
2.7690
33
-2.7905
0
3DFACE
8
B2_v2
10
0.3169
20
2.6649
30
-2.7435
11
0.3212
21
2.5649
31
-2.7373
12
0.4211
22
2.5692
32
-2.7764
13
0.4169
23
2.6691
33
-2.7836
0
3DFACE
8
B2_v2
10
0.3212
20
2.5649
30
-2.7373
11
0.3254
21
2.4650
31
-2.7324
12
0.4253
22
2.4693
32
-2.7705
13
0.4211
23
2.5692
33
-2.7764
0
3DFACE
8
B2_v2
10
0.3254
20
2.4650
30
-2.7324
11
0.3297
21
2.3651
31
-2.7268
12
0.4296
22
2.3694
32
-2.7640
13
0.4253
23
2.4693
33
-2.7705
0
3DFACE
8
B2_v2
10
0.3297
20
2.3651
30
-2.7268
11
0.3339
21
2.2652
31
-2.7194
12
0.4338
22
2.2695
32
-2.7567
13
0.4296
23
2.3694
33
-2.7640
0
3DFACE
8
B2_v2
10
0.3339
20
2.2652
30
-2.7194
11
0.3382
21
2.1653
31
-2.7128
12
0.4381
22
2.1695
32
-2.7497
13
0.4338
23
2.2695
33
-2.7567
0
3DFACE
8
B2_v2
10
0.3382
20
2.1653
30
-2.7128
11
0.3424
21
2.0654
31
-2.7069
12
0.4423
22
2.0696
32
-2.7424
13
0.4381
23
2.1695
33
-2.7497
0
3DFACE
8
B2_v2
10
0.3424
20
2.0654
30
-2.7069
11
0.3467
21
1.9655
31
-2.7003
12
0.4466
22
1.9697
32
-2.7356
13
0.4423
23
2.0696
33
-2.7424
0
3DFACE
8
B2_v2
10
0.3467
20
1.9655
30
-2.7003
11
0.3509
21
1.8656
31
-2.6944
12
0.4508
22
1.8698
32
-2.7290
13
0.4466
23
1.9697
33
-2.7356
0
3DFACE
8
B2_v2
10
0.3509
20
1.8656
30
-2.6944
11
0.3551
21
1.7657
31
-2.6851
12
0.4551
22
1.7699
32
-2.7186
13
0.4508
23
1.8698
33
-2.7290
0
3DFACE
8
B2_v2
10
0.3551
20
1.7657
30
-2.6851
11
0.3594
21
1.6658
31
-2.6732
12
0.4593
22
1.6700
32
-2.7067
13
0.4551
23
1.7699
33
-2.7186
0
3DFACE
8
B2_v2
10
0.3594
20
1.6658
30
-2.6732
11
0.3636
21
1.5658
31
-2.6610
12
0.4635
22
1.5701
32
-2.6927
13
0.4593
23
1.6700
33
-2.7067
0
3DFACE
8
B2_v2
10
0.3636
20
1.5658
30
-2.6610
11
0.3679
21
1.4659
31
-2.6464
12
0.4678
22
1.4702
32
-2.6767
13
0.4635
23
1.5701
33
-2.6927
0
3DFACE
8
B2_v2
10
0.3679
20
1.4659
30
-2.6464
11
0.3721
21
1.3660
31
-2.6260
12
0.4720
22
1.3703
32
-2.6588
13
0.4678
23
1.4702
33
-2.6767
0
3DFACE
8
B2_v2
10
0.3721
20
1.3660
30
-2.6260
11
0.3764
21
1.2661
31
-2.6065
12
0.4763
22
1.2704
32
-2.6407
13
0.4720
23
1.3703
33
-2.6588
0
3DFACE
8
B2_v2
10
0.3764
20
1.2661
30
-2.6065
11
0.3806
21
1.1662
31
-2.5874
12
0.4805
22
1.1704
32
-2.6223
13
0.4763
23
1.2704
33
-2.6407
0
3DFACE
8
B2_v2
10
0.3806
20
1.1662
30
-2.5874
11
0.3848
21
1.0663
31
-2.5699
12
0.4848
22
1.0705
32
-2.6037
13
0.4805
23
1.1704
33
-2.6223
0
3DFACE
8
B2_v2
10
0.3848
20
1.0663
30
-2.5699
11
0.3891
21
0.9664
31
-2.5515
12
0.4890
22
0.9706
32
-2.5857
13
0.4848
23
1.0705
33
-2.6037
0
3DFACE
8
B2_v2
10
0.3891
20
0.9664
30
-2.5515
11
0.3933
21
0.8665
31
-2.5324
12
0.4932
22
0.8707
32
-2.5675
13
0.4890
23
0.9706
33
-2.5857
0
3DFACE
8
B2_v2
10
0.3933
20
0.8665
30
-2.5324
11
0.3976
21
0.7666
31
-2.5183
12
0.4975
22
0.7708
32
-2.5545
13
0.4932
23
0.8707
33
-2.5675
0
3DFACE
8
B2_v2
10
0.3976
20
0.7666
30
-2.5183
11
0.4018
21
0.6667
31
-2.5087
12
0.5017
22
0.6709
32
-2.5446
13
0.4975
23
0.7708
33
-2.5545
0
3DFACE
8
B2_v2
10
0.4018
20
0.6667
30
-2.5087
11
0.4061
21
0.5667
31
-2.5028
12
0.5060
22
0.5710
32
-2.5386
13
0.5017
23
0.6709
33
-2.5446
0
3DFACE
8
B2_v2
10
0.4061
20
0.5667
30
-2.5028
11
0.4103
21
0.4668
31
-2.5002
12
0.5102
22
0.4711
32
-2.5349
13
0.5060
23
0.5710
33
-2.5386
0
3DFACE
8
B2_v2
10
0.4103
20
0.4668
30
-2.5002
11
0.4146
21
0.3669
31
-2.5016
12
0.5145
22
0.3712
32
-2.5344
13
0.5102
23
0.4711
33
-2.5349
0
3DFACE
8
B2_v2
10
0.4146
20
0.3669
30
-2.5016
11
0.4188
21
0.2670
31
-2.5042
12
0.5187
22
0.2713
32
-2.5352
13
0.5145
23
0.3712
33
-2.5344
0
3DFACE
8
B2_v2
10
0.4188
20
0.2670
30
-2.5042
11
0.4230
21
0.1671
31
-2.5067
12
0.5230
22
0.1713
32
-2.5357
13
0.5187
23
0.2713
33
-2.5352
0
3DFACE
8
B2_v2
10
0.4230
20
0.1671
30
-2.5067
11
0.4273
21
0.0672
31
-2.5087
12
0.5272
22
0.0714
32
-2.5365
13
0.5230
23
0.1713
33
-2.5357
0
3DFACE
8
B2_v2
10
0.4273
20
0.0672
30
-2.5087
11
0.4315
21
-0.0327
31
-2.5113
12
0.5314
22
-0.0285
32
-2.5363
13
0.5272
23
0.0714
33
-2.5365
0
3DFACE
8
B2_v2
10
0.4315
20
-0.0327
30
-2.5113
11
0.4358
21
-0.1326
31
-2.5133
12
0.5357
22
-0.1284
32
-2.5370
13
0.5314
23
-0.0285
33
-2.5363
0
3DFACE
8
B2_v2
10
0.4358
20
-0.1326
30
-2.5133
11
0.4400
21
-0.2325
31
-2.5135
12
0.5399
22
-0.2283
32
-2.5359
13
0.5357
23
-0.1284
33
-2.5370
0
3DFACE
8
B2_v2
10
0.4400
20
-0.2325
30
-2.5135
11
0.4443
21
-0.3324
31
-2.5131
12
0.5442
22
-0.3282
32
-2.5334
13
0.5399
23
-0.2283
33
-2.5359
0
3DFACE
8
B2_v2
10
0.4443
20
-0.3324
30
-2.5131
11
0.4485
21
-0.4324
31
-2.5116
12
0.5484
22
-0.4281
32
-2.5296
13
0.5442
23
-0.3282
33
-2.5334
0
3DFACE
8
B2_v2
10
0.4485
20
-0.4324
30
-2.5116
11
0.4528
21
-0.5323
31
-2.5085
12
0.5527
22
-0.5280
32
-2.5247
13
0.5484
23
-0.4281
33
-2.5296
0
3DFACE
8
B2_v2
10
0.4528
20
-0.5323
30
-2.5085
11
0.4570
21
-0.6322
31
-2.5037
12
0.5569
22
-0.6279
32
-2.5185
13
0.5527
23
-0.5280
33
-2.5247
0
3DFACE
8
B2_v2
10
0.4570
20
-0.6322
30
-2.5037
11
0.4612
21
-0.7321
31
-2.4966
12
0.5611
22
-0.7278
32
-2.5127
13
0.5569
23
-0.6279
33
-2.5185
0
3DFACE
8
B2_v2
10
0.4612
20
-0.7321
30
-2.4966
11
0.4655
21
-0.8320
31
-2.4918
12
0.5654
22
-0.8277
32
-2.5084
13
0.5611
23
-0.7278
33
-2.5127
0
3DFACE
8
B2_v2
10
0.4655
20
-0.8320
30
-2.4918
11
0.4697
21
-0.9319
31
-2.4903
12
0.5696
22
-0.9277
32
-2.5028
13
0.5654
23
-0.8277
33
-2.5084
0
3DFACE
8
B2_v2
10
0.4697
20
-0.9319
30
-2.4903
11
0.4740
21
-1.0318
31
-2.4870
12
0.5739
22
-1.0276
32
-2.4974
13
0.5696
23
-0.9277
33
-2.5028
0
3DFACE
8
B2_v2
10
0.4740
20
-1.0318
30
-2.4870
11
0.4782
21
-1.1317
31
-2.4828
12
0.5781
22
-1.1275
32
-2.4917
13
0.5739
23
-1.0276
33
-2.4974
0
3DFACE
8
B2_v2
10
0.4782
20
-1.1317
30
-2.4828
11
0.4825
21
-1.2316
31
-2.4797
12
0.5824
22
-1.2274
32
-2.4900
13
0.5781
23
-1.1275
33
-2.4917
0
3DFACE
8
B2_v2
10
0.4825
20
-1.2316
30
-2.4797
11
0.4867
21
-1.3315
31
-2.4778
12
0.5866
22
-1.3273
32
-2.4881
13
0.5824
23
-1.2274
33
-2.4900
0
3DFACE
8
B2_v2
10
0.3744
20
3.6682
30
-2.8480
11
0.3787
21
3.5683
31
-2.8436
12
0.4786
22
3.5725
32
-2.8842
13
0.4743
23
3.6724
33
-2.8895
0
3DFACE
8
B2_v2
10
0.3787
20
3.5683
30
-2.8436
11
0.3829
21
3.4684
31
-2.8378
12
0.4828
22
3.4726
32
-2.8793
13
0.4786
23
3.5725
33
-2.8842
0
3DFACE
8
B2_v2
10
0.3829
20
3.4684
30
-2.8378
11
0.3871
21
3.3685
31
-2.8303
12
0.4871
22
3.3727
32
-2.8735
13
0.4828
23
3.4726
33
-2.8793
0
3DFACE
8
B2_v2
10
0.3871
20
3.3685
30
-2.8303
11
0.3914
21
3.2686
31
-2.8245
12
0.4913
22
3.2728
32
-2.8682
13
0.4871
23
3.3727
33
-2.8735
0
3DFACE
8
B2_v2
10
0.3914
20
3.2686
30
-2.8245
11
0.3956
21
3.1686
31
-2.8170
12
0.4955
22
3.1729
32
-2.8606
13
0.4913
23
3.2728
33
-2.8682
0
3DFACE
8
B2_v2
10
0.3956
20
3.1686
30
-2.8170
11
0.3999
21
3.0687
31
-2.8101
12
0.4998
22
3.0730
32
-2.8536
13
0.4955
23
3.1729
33
-2.8606
0
3DFACE
8
B2_v2
10
0.3999
20
3.0687
30
-2.8101
11
0.4041
21
2.9688
31
-2.8045
12
0.5040
22
2.9731
32
-2.8474
13
0.4998
23
3.0730
33
-2.8536
0
3DFACE
8
B2_v2
10
0.4041
20
2.9688
30
-2.8045
11
0.4084
21
2.8689
31
-2.7976
12
0.5083
22
2.8732
32
-2.8415
13
0.5040
23
2.9731
33
-2.8474
0
3DFACE
8
B2_v2
10
0.4084
20
2.8689
30
-2.7976
11
0.4126
21
2.7690
31
-2.7905
12
0.5125
22
2.7733
32
-2.8355
13
0.5083
23
2.8732
33
-2.8415
0
3DFACE
8
B2_v2
10
0.4126
20
2.7690
30
-2.7905
11
0.4169
21
2.6691
31
-2.7836
12
0.5168
22
2.6733
32
-2.8274
13
0.5125
23
2.7733
33
-2.8355
0
3DFACE
8
B2_v2
10
0.4169
20
2.6691
30
-2.7836
11
0.4211
21
2.5692
31
-2.7764
12
0.5210
22
2.5734
32
-2.8201
13
0.5168
23
2.6733
33
-2.8274
0
3DFACE
8
B2_v2
10
0.4211
20
2.5692
30
-2.7764
11
0.4253
21
2.4693
31
-2.7705
12
0.5253
22
2.4735
32
-2.8125
13
0.5210
23
2.5734
33
-2.8201
0
3DFACE
8
B2_v2
10
0.4253
20
2.4693
30
-2.7705
11
0.4296
21
2.3694
31
-2.7640
12
0.5295
22
2.3736
32
-2.8046
13
0.5253
23
2.4735
33
-2.8125
0
3DFACE
8
B2_v2
10
0.4296
20
2.3694
30
-2.7640
11
0.4338
21
2.2695
31
-2.7567
12
0.5337
22
2.2737
32
-2.7959
13
0.5295
23
2.3736
33
-2.8046
0
3DFACE
8
B2_v2
10
0.4338
20
2.2695
30
-2.7567
11
0.4381
21
2.1695
31
-2.7497
12
0.5380
22
2.1738
32
-2.7882
13
0.5337
23
2.2737
33
-2.7959
0
3DFACE
8
B2_v2
10
0.4381
20
2.1695
30
-2.7497
11
0.4423
21
2.0696
31
-2.7424
12
0.5422
22
2.0739
32
-2.7802
13
0.5380
23
2.1738
33
-2.7882
0
3DFACE
8
B2_v2
10
0.4423
20
2.0696
30
-2.7424
11
0.4466
21
1.9697
31
-2.7356
12
0.5465
22
1.9740
32
-2.7729
13
0.5422
23
2.0739
33
-2.7802
0
3DFACE
8
B2_v2
10
0.4466
20
1.9697
30
-2.7356
11
0.4508
21
1.8698
31
-2.7290
12
0.5507
22
1.8741
32
-2.7638
13
0.5465
23
1.9740
33
-2.7729
0
3DFACE
8
B2_v2
10
0.4508
20
1.8698
30
-2.7290
11
0.4551
21
1.7699
31
-2.7186
12
0.5550
22
1.7742
32
-2.7533
13
0.5507
23
1.8741
33
-2.7638
0
3DFACE
8
B2_v2
10
0.4551
20
1.7699
30
-2.7186
11
0.4593
21
1.6700
31
-2.7067
12
0.5592
22
1.6742
32
-2.7392
13
0.5550
23
1.7742
33
-2.7533
0
3DFACE
8
B2_v2
10
0.4593
20
1.6700
30
-2.7067
11
0.4635
21
1.5701
31
-2.6927
12
0.5634
22
1.5743
32
-2.7258
13
0.5592
23
1.6742
33
-2.7392
0
3DFACE
8
B2_v2
10
0.4635
20
1.5701
30
-2.6927
11
0.4678
21
1.4702
31
-2.6767
12
0.5677
22
1.4744
32
-2.7110
13
0.5634
23
1.5743
33
-2.7258
0
3DFACE
8
B2_v2
10
0.4678
20
1.4702
30
-2.6767
11
0.4720
21
1.3703
31
-2.6588
12
0.5719
22
1.3745
32
-2.6931
13
0.5677
23
1.4744
33
-2.7110
0
3DFACE
8
B2_v2
10
0.4720
20
1.3703
30
-2.6588
11
0.4763
21
1.2704
31
-2.6407
12
0.5762
22
1.2746
32
-2.6750
13
0.5719
23
1.3745
33
-2.6931
0
3DFACE
8
B2_v2
10
0.4763
20
1.2704
30
-2.6407
11
0.4805
21
1.1704
31
-2.6223
12
0.5804
22
1.1747
32
-2.6557
13
0.5762
23
1.2746
33
-2.6750
0
3DFACE
8
B2_v2
10
0.4805
20
1.1704
30
-2.6223
11
0.4848
21
1.0705
31
-2.6037
12
0.5847
22
1.0748
32
-2.6389
13
0.5804
23
1.1747
33
-2.6557
0
3DFACE
8
B2_v2
10
0.4848
20
1.0705
30
-2.6037
11
0.4890
21
0.9706
31
-2.5857
12
0.5889
22
0.9749
32
-2.6214
13
0.5847
23
1.0748
33
-2.6389
0
3DFACE
8
B2_v2
10
0.4890
20
0.9706
30
-2.5857
11
0.4932
21
0.8707
31
-2.5675
12
0.5932
22
0.8750
32
-2.6047
13
0.5889
23
0.9749
33
-2.6214
0
3DFACE
8
B2_v2
10
0.4932
20
0.8707
30
-2.5675
11
0.4975
21
0.7708
31
-2.5545
12
0.5974
22
0.7751
32
-2.5913
13
0.5932
23
0.8750
33
-2.6047
0
3DFACE
8
B2_v2
10
0.4975
20
0.7708
30
-2.5545
11
0.5017
21
0.6709
31
-2.5446
12
0.6016
22
0.6751
32
-2.5802
13
0.5974
23
0.7751
33
-2.5913
0
3DFACE
8
B2_v2
10
0.5017
20
0.6709
30
-2.5446
11
0.5060
21
0.5710
31
-2.5386
12
0.6059
22
0.5752
32
-2.5722
13
0.6016
23
0.6751
33
-2.5802
0
3DFACE
8
B2_v2
10
0.5060
20
0.5710
30
-2.5386
11
0.5102
21
0.4711
31
-2.5349
12
0.6101
22
0.4753
32
-2.5685
13
0.6059
23
0.5752
33
-2.5722
0
3DFACE
8
B2_v2
10
0.5102
20
0.4711
30
-2.5349
11
0.5145
21
0.3712
31
-2.5344
12
0.6144
22
0.3754
32
-2.5677
13
0.6101
23
0.4753
33
-2.5685
0
3DFACE
8
B2_v2
10
0.5145
20
0.3712
30
-2.5344
11
0.5187
21
0.2713
31
-2.5352
12
0.6186
22
0.2755
32
-2.5671
13
0.6144
23
0.3754
33
-2.5677
0
3DFACE
8
B2_v2
10
0.5187
20
0.2713
30
-2.5352
11
0.5230
21
0.1713
31
-2.5357
12
0.6229
22
0.1756
32
-2.5660
13
0.6186
23
0.2755
33
-2.5671
0
3DFACE
8
B2_v2
10
0.5230
20
0.1713
30
-2.5357
11
0.5272
21
0.0714
31
-2.5365
12
0.6271
22
0.0757
32
-2.5645
13
0.6229
23
0.1756
33
-2.5660
0
3DFACE
8
B2_v2
10
0.5272
20
0.0714
30
-2.5365
11
0.5314
21
-0.0285
31
-2.5363
12
0.6314
22
-0.0242
32
-2.5638
13
0.6271
23
0.0757
33
-2.5645
0
3DFACE
8
B2_v2
10
0.5314
20
-0.0285
30
-2.5363
11
0.5357
21
-0.1284
31
-2.5370
12
0.6356
22
-0.1241
32
-2.5624
13
0.6314
23
-0.0242
33
-2.5638
0
3DFACE
8
B2_v2
10
0.5357
20
-0.1284
30
-2.5370
11
0.5399
21
-0.2283
31
-2.5359
12
0.6398
22
-0.2240
32
-2.5604
13
0.6356
23
-0.1241
33
-2.5624
0
3DFACE
8
B2_v2
10
0.5399
20
-0.2283
30
-2.5359
11
0.5442
21
-0.3282
31
-2.5334
12
0.6441
22
-0.3240
32
-2.5572
13
0.6398
23
-0.2240
33
-2.5604
0
3DFACE
8
B2_v2
10
0.5442
20
-0.3282
30
-2.5334
11
0.5484
21
-0.4281
31
-2.5296
12
0.6483
22
-0.4239
32
-2.5530
13
0.6441
23
-0.3240
33
-2.5572
0
3DFACE
8
B2_v2
10
0.5484
20
-0.4281
30
-2.5296
11
0.5527
21
-0.5280
31
-2.5247
12
0.6526
22
-0.5238
32
-2.5476
13
0.6483
23
-0.4239
33
-2.5530
0
3DFACE
8
B2_v2
10
0.5527
20
-0.5280
30
-2.5247
11
0.5569
21
-0.6279
31
-2.5185
12
0.6568
22
-0.6237
32
-2.5407
13
0.6526
23
-0.5238
33
-2.5476
0
3DFACE
8
B2_v2
10
0.5569
20
-0.6279
30
-2.5185
11
0.5611
21
-0.7278
31
-2.5127
12
0.6611
22
-0.7236
32
-2.5344
13
0.6568
23
-0.6237
33
-2.5407
0
3DFACE
8
B2_v2
10
0.5611
20
-0.7278
30
-2.5127
11
0.5654
21
-0.8277
31
-2.5084
12
0.6653
22
-0.8235
32
-2.5288
13
0.6611
23
-0.7236
33
-2.5344
0
3DFACE
8
B2_v2
10
0.5654
20
-0.8277
30
-2.5084
11
0.5696
21
-0.9277
31
-2.5028
12
0.6695
22
-0.9234
32
-2.5225
13
0.6653
23
-0.8235
33
-2.5288
0
3DFACE
8
B2_v2
10
0.5696
20
-0.9277
30
-2.5028
11
0.5739
21
-1.0276
31
-2.4974
12
0.6738
22
-1.0233
32
-2.5160
13
0.6695
23
-0.9234
33
-2.5225
0
3DFACE
8
B2_v2
10
0.5739
20
-1.0276
30
-2.4974
11
0.5781
21
-1.1275
31
-2.4917
12
0.6780
22
-1.1232
32
-2.5097
13
0.6738
23
-1.0233
33
-2.5160
0
3DFACE
8
B2_v2
10
0.5781
20
-1.1275
30
-2.4917
11
0.5824
21
-1.2274
31
-2.4900
12
0.6823
22
-1.2231
32
-2.5051
13
0.6780
23
-1.1232
33
-2.5097
0
3DFACE
8
B2_v2
10
0.5824
20
-1.2274
30
-2.4900
11
0.5866
21
-1.3273
31
-2.4881
12
0.6865
22
-1.3231
32
-2.5042
13
0.6823
23
-1.2231
33
-2.5051
0
3DFACE
8
B2_v2
10
0.4743
20
3.6724
30
-2.8895
11
0.4786
21
3.5725
31
-2.8842
12
0.5785
22
3.5768
32
-2.9286
13
0.5742
23
3.6767
33
-2.9334
0
3DFACE
8
B2_v2
10
0.4786
20
3.5725
30
-2.8842
11
0.4828
21
3.4726
31
-2.8793
12
0.5827
22
3.4769
32
-2.9235
13
0.5785
23
3.5768
33
-2.9286
0
3DFACE
8
B2_v2
10
0.4828
20
3.4726
30
-2.8793
11
0.4871
21
3.3727
31
-2.8735
12
0.5870
22
3.3770
32
-2.9170
13
0.5827
23
3.4769
33
-2.9235
0
3DFACE
8
B2_v2
10
0.4871
20
3.3727
30
-2.8735
11
0.4913
21
3.2728
31
-2.8682
12
0.5912
22
3.2770
32
-2.9117
13
0.5870
23
3.3770
33
-2.9170
0
3DFACE
8
B2_v2
10
0.4913
20
3.2728
30
-2.8682
11
0.4955
21
3.1729
31
-2.8606
12
0.5955
22
3.1771
32
-2.9053
13
0.5912
23
3.2770
33
-2.9117
0
3DFACE
8
B2_v2
10
0.4955
20
3.1729
30
-2.8606
11
0.4998
21
3.0730
31
-2.8536
12
0.5997
22
3.0772
32
-2.8991
13
0.5955
23
3.1771
33
-2.9053
0
3DFACE
8
B2_v2
10
0.4998
20
3.0730
30
-2.8536
11
0.5040
21
2.9731
31
-2.8474
12
0.6039
22
2.9773
32
-2.8930
13
0.5997
23
3.0772
33
-2.8991
0
3DFACE
8
B2_v2
10
0.5040
20
2.9731
30
-2.8474
11
0.5083
21
2.8732
31
-2.8415
12
0.6082
22
2.8774
32
-2.8862
13
0.6039
23
2.9773
33
-2.8930
0
3DFACE
8
B2_v2
10
0.5083
20
2.8732
30
-2.8415
11
0.5125
21
2.7733
31
-2.8355
12
0.6124
22
2.7775
32
-2.8797
13
0.6082
23
2.8774
33
-2.8862
0
3DFACE
8
B2_v2
10
0.5125
20
2.7733
30
-2.8355
11
0.5168
21
2.6733
31
-2.8274
12
0.6167
22
2.6776
32
-2.8710
13
0.6124
23
2.7775
33
-2.8797
0
3DFACE
8
B2_v2
10
0.5168
20
2.6733
30
-2.8274
11
0.5210
21
2.5734
31
-2.8201
12
0.6209
22
2.5777
32
-2.8623
13
0.6167
23
2.6776
33
-2.8710
0
3DFACE
8
B2_v2
10
0.5210
20
2.5734
30
-2.8201
11
0.5253
21
2.4735
31
-2.8125
12
0.6252
22
2.4778
32
-2.8537
13
0.6209
23
2.5777
33
-2.8623
0
3DFACE
8
B2_v2
10
0.5253
20
2.4735
30
-2.8125
11
0.5295
21
2.3736
31
-2.8046
12
0.6294
22
2.3779
32
-2.8444
13
0.6252
23
2.4778
33
-2.8537
0
3DFACE
8
B2_v2
10
0.5295
20
2.3736
30
-2.8046
11
0.5337
21
2.2737
31
-2.7959
12
0.6337
22
2.2779
32
-2.8339
13
0.6294
23
2.3779
33
-2.8444
0
3DFACE
8
B2_v2
10
0.5337
20
2.2737
30
-2.7959
11
0.5380
21
2.1738
31
-2.7882
12
0.6379
22
2.1780
32
-2.8236
13
0.6337
23
2.2779
33
-2.8339
0
3DFACE
8
B2_v2
10
0.5380
20
2.1738
30
-2.7882
11
0.5422
21
2.0739
31
-2.7802
12
0.6421
22
2.0781
32
-2.8154
13
0.6379
23
2.1780
33
-2.8236
0
3DFACE
8
B2_v2
10
0.5422
20
2.0739
30
-2.7802
11
0.5465
21
1.9740
31
-2.7729
12
0.6464
22
1.9782
32
-2.8072
13
0.6421
23
2.0781
33
-2.8154
0
3DFACE
8
B2_v2
10
0.5465
20
1.9740
30
-2.7729
11
0.5507
21
1.8741
31
-2.7638
12
0.6506
22
1.8783
32
-2.7958
13
0.6464
23
1.9782
33
-2.8072
0
3DFACE
8
B2_v2
10
0.5507
20
1.8741
30
-2.7638
11
0.5550
21
1.7742
31
-2.7533
12
0.6549
22
1.7784
32
-2.7848
13
0.6506
23
1.8783
33
-2.7958
0
3DFACE
8
B2_v2
10
0.5550
20
1.7742
30
-2.7533
11
0.5592
21
1.6742
31
-2.7392
12
0.6591
22
1.6785
32
-2.7718
13
0.6549
23
1.7784
33
-2.7848
0
3DFACE
8
B2_v2
10
0.5592
20
1.6742
30
-2.7392
11
0.5634
21
1.5743
31
-2.7258
12
0.6634
22
1.5786
32
-2.7595
13
0.6591
23
1.6785
33
-2.7718
0
3DFACE
8
B2_v2
10
0.5634
20
1.5743
30
-2.7258
11
0.5677
21
1.4744
31
-2.7110
12
0.6676
22
1.4787
32
-2.7444
13
0.6634
23
1.5786
33
-2.7595
0
3DFACE
8
B2_v2
10
0.5677
20
1.4744
30
-2.7110
11
0.5719
21
1.3745
31
-2.6931
12
0.6718
22
1.3788
32
-2.7276
13
0.6676
23
1.4787
33
-2.7444
0
3DFACE
8
B2_v2
10
0.5719
20
1.3745
30
-2.6931
11
0.5762
21
1.2746
31
-2.6750
12
0.6761
22
1.2788
32
-2.7083
13
0.6718
23
1.3788
33
-2.7276
0
3DFACE
8
B2_v2
10
0.5762
20
1.2746
30
-2.6750
11
0.5804
21
1.1747
31
-2.6557
12
0.6803
22
1.1789
32
-2.6912
13
0.6761
23
1.2788
33
-2.7083
0
3DFACE
8
B2_v2
10
0.5804
20
1.1747
30
-2.6557
11
0.5847
21
1.0748
31
-2.6389
12
0.6846
22
1.0790
32
-2.6742
13
0.6803
23
1.1789
33
-2.6912
0
3DFACE
8
B2_v2
10
0.5847
20
1.0748
30
-2.6389
11
0.5889
21
0.9749
31
-2.6214
12
0.6888
22
0.9791
32
-2.6583
13
0.6846
23
1.0790
33
-2.6742
0
3DFACE
8
B2_v2
10
0.5889
20
0.9749
30
-2.6214
11
0.5932
21
0.8750
31
-2.6047
12
0.6931
22
0.8792
32
-2.6426
13
0.6888
23
0.9791
33
-2.6583
0
3DFACE
8
B2_v2
10
0.5932
20
0.8750
30
-2.6047
11
0.5974
21
0.7751
31
-2.5913
12
0.6973
22
0.7793
32
-2.6278
13
0.6931
23
0.8792
33
-2.6426
0
3DFACE
8
B2_v2
10
0.5974
20
0.7751
30
-2.5913
11
0.6016
21
0.6751
31
-2.5802
12
0.7016
22
0.6794
32
-2.6168
13
0.6973
23
0.7793
33
-2.6278
0
3DFACE
8
B2_v2
10
0.6016
20
0.6751
30
-2.5802
11
0.6059
21
0.5752
31
-2.5722
12
0.7058
22
0.5795
32
-2.6089
13
0.7016
23
0.6794
33
-2.6168
0
3DFACE
8
B2_v2
10
0.6059
20
0.5752
30
-2.5722
11
0.6101
21
0.4753
31
-2.5685
12
0.7100
22
0.4796
32
-2.6042
13
0.7058
23
0.5795
33
-2.6089
0
3DFACE
8
B2_v2
10
0.6101
20
0.4753
30
-2.5685
11
0.6144
21
0.3754
31
-2.5677
12
0.7143
22
0.3797
32
-2.6012
13
0.7100
23
0.4796
33
-2.6042
0
3DFACE
8
B2_v2
10
0.6144
20
0.3754
30
-2.5677
11
0.6186
21
0.2755
31
-2.5671
12
0.7185
22
0.2797
32
-2.5994
13
0.7143
23
0.3797
33
-2.6012
0
3DFACE
8
B2_v2
10
0.6186
20
0.2755
30
-2.5671
11
0.6229
21
0.1756
31
-2.5660
12
0.7228
22
0.1798
32
-2.5968
13
0.7185
23
0.2797
33
-2.5994
0
3DFACE
8
B2_v2
10
0.6229
20
0.1756
30
-2.5660
11
0.6271
21
0.0757
31
-2.5645
12
0.7270
22
0.0799
32
-2.5947
13
0.7228
23
0.1798
33
-2.5968
0
3DFACE
8
B2_v2
10
0.6271
20
0.0757
30
-2.5645
11
0.6314
21
-0.0242
31
-2.5638
12
0.7313
22
-0.0200
32
-2.5934
13
0.7270
23
0.0799
33
-2.5947
0
3DFACE
8
B2_v2
10
0.6314
20
-0.0242
30
-2.5638
11
0.6356
21
-0.1241
31
-2.5624
12
0.7355
22
-0.1199
32
-2.5918
13
0.7313
23
-0.0200
33
-2.5934
0
3DFACE
8
B2_v2
10
0.6356
20
-0.1241
30
-2.5624
11
0.6398
21
-0.2240
31
-2.5604
12
0.7397
22
-0.2198
32
-2.5893
13
0.7355
23
-0.1199
33
-2.5918
0
3DFACE
8
B2_v2
10
0.6398
20
-0.2240
30
-2.5604
11
0.6441
21
-0.3240
31
-2.5572
12
0.7440
22
-0.3197
32
-2.5855
13
0.7397
23
-0.2198
33
-2.5893
0
3DFACE
8
B2_v2
10
0.6441
20
-0.3240
30
-2.5572
11
0.6483
21
-0.4239
31
-2.5530
12
0.7482
22
-0.4196
32
-2.5805
13
0.7440
23
-0.3197
33
-2.5855
0
3DFACE
8
B2_v2
10
0.6483
20
-0.4239
30
-2.5530
11
0.6526
21
-0.5238
31
-2.5476
12
0.7525
22
-0.5195
32
-2.5743
13
0.7482
23
-0.4196
33
-2.5805
0
3DFACE
8
B2_v2
10
0.6526
20
-0.5238
30
-2.5476
11
0.6568
21
-0.6237
31
-2.5407
12
0.7567
22
-0.6194
32
-2.5671
13
0.7525
23
-0.5195
33
-2.5743
0
3DFACE
8
B2_v2
10
0.6568
20
-0.6237
30
-2.5407
11
0.6611
21
-0.7236
31
-2.5344
12
0.7610
22
-0.7194
32
-2.5602
13
0.7567
23
-0.6194
33
-2.5671
0
3DFACE
8
B2_v2
10
0.6611
20
-0.7236
30
-2.5344
11
0.6653
21
-0.8235
31
-2.5288
12
0.7652
22
-0.8193
32
-2.5533
13
0.7610
23
-0.7194
33
-2.5602
0
3DFACE
8
B2_v2
10
0.6653
20
-0.8235
30
-2.5288
11
0.6695
21
-0.9234
31
-2.5225
12
0.7695
22
-0.9192
32
-2.5459
13
0.7652
23
-0.8193
33
-2.5533
0
3DFACE
8
B2_v2
10
0.6695
20
-0.9234
30
-2.5225
11
0.6738
21
-1.0233
31
-2.5160
12
0.7737
22
-1.0191
32
-2.5386
13
0.7695
23
-0.9192
33
-2.5459
0
3DFACE
8
B2_v2
10
0.6738
20
-1.0233
30
-2.5160
11
0.6780
21
-1.1232
31
-2.5097
12
0.7779
22
-1.1190
32
-2.5323
13
0.7737
23
-1.0191
33
-2.5386
0
3DFACE
8
B2_v2
10
0.6780
20
-1.1232
30
-2.5097
11
0.6823
21
-1.2231
31
-2.5051
12
0.7822
22
-1.2189
32
-2.5273
13
0.7779
23
-1.1190
33
-2.5323
0
3DFACE
8
B2_v2
10
0.6823
20
-1.2231
30
-2.5051
11
0.6865
21
-1.3231
31
-2.5042
12
0.7864
22
-1.3188
32
-2.5242
13
0.7822
23
-1.2189
33
-2.5273
0
3DFACE
8
B2_v2
10
0.5742
20
3.6767
30
-2.9334
11
0.5785
21
3.5768
31
-2.9286
12
0.6784
22
3.5810
32
-2.9732
13
0.6741
23
3.6809
33
-2.9780
0
3DFACE
8
B2_v2
10
0.5785
20
3.5768
30
-2.9286
11
0.5827
21
3.4769
31
-2.9235
12
0.6826
22
3.4811
32
-2.9672
13
0.6784
23
3.5810
33
-2.9732
0
3DFACE
8
B2_v2
10
0.5827
20
3.4769
30
-2.9235
11
0.5870
21
3.3770
31
-2.9170
12
0.6869
22
3.3812
32
-2.9608
13
0.6826
23
3.4811
33
-2.9672
0
3DFACE
8
B2_v2
10
0.5870
20
3.3770
30
-2.9170
11
0.5912
21
3.2770
31
-2.9117
12
0.6911
22
3.2813
32
-2.9551
13
0.6869
23
3.3812
33
-2.9608
0
3DFACE
8
B2_v2
10
0.5912
20
3.2770
30
-2.9117
11
0.5955
21
3.1771
31
-2.9053
12
0.6954
22
3.1814
32
-2.9488
13
0.6911
23
3.2813
33
-2.9551
0
3DFACE
8
B2_v2
10
0.5955
20
3.1771
30
-2.9053
11
0.5997
21
3.0772
31
-2.8991
12
0.6996
22
3.0815
32
-2.9411
13
0.6954
23
3.1814
33
-2.9488
0
3DFACE
8
B2_v2
10
0.5997
20
3.0772
30
-2.8991
11
0.6039
21
2.9773
31
-2.8930
12
0.7039
22
2.9816
32
-2.9354
13
0.6996
23
3.0815
33
-2.9411
0
3DFACE
8
B2_v2
10
0.6039
20
2.9773
30
-2.8930
11
0.6082
21
2.8774
31
-2.8862
12
0.7081
22
2.8816
32
-2.9301
13
0.7039
23
2.9816
33
-2.9354
0
3DFACE
8
B2_v2
10
0.6082
20
2.8774
30
-2.8862
11
0.6124
21
2.7775
31
-2.8797
12
0.7123
22
2.7817
32
-2.9229
13
0.7081
23
2.8816
33
-2.9301
0
3DFACE
8
B2_v2
10
0.6124
20
2.7775
30
-2.8797
11
0.6167
21
2.6776
31
-2.8710
12
0.7166
22
2.6818
32
-2.9135
13
0.7123
23
2.7817
33
-2.9229
0
3DFACE
8
B2_v2
10
0.6167
20
2.6776
30
-2.8710
11
0.6209
21
2.5777
31
-2.8623
12
0.7208
22
2.5819
32
-2.9046
13
0.7166
23
2.6818
33
-2.9135
0
3DFACE
8
B2_v2
10
0.6209
20
2.5777
30
-2.8623
11
0.6252
21
2.4778
31
-2.8537
12
0.7251
22
2.4820
32
-2.8957
13
0.7208
23
2.5819
33
-2.9046
0
3DFACE
8
B2_v2
10
0.6252
20
2.4778
30
-2.8537
11
0.6294
21
2.3779
31
-2.8444
12
0.7293
22
2.3821
32
-2.8860
13
0.7251
23
2.4820
33
-2.8957
0
3DFACE
8
B2_v2
10
0.6294
20
2.3779
30
-2.8444
11
0.6337
21
2.2779
31
-2.8339
12
0.7336
22
2.2822
32
-2.8732
13
0.7293
23
2.3821
33
-2.8860
0
3DFACE
8
B2_v2
10
0.6337
20
2.2779
30
-2.8339
11
0.6379
21
2.1780
31
-2.8236
12
0.7378
22
2.1823
32
-2.8644
13
0.7336
23
2.2822
33
-2.8732
0
3DFACE
8
B2_v2
10
0.6379
20
2.1780
30
-2.8236
11
0.6421
21
2.0781
31
-2.8154
12
0.7420
22
2.0824
32
-2.8553
13
0.7378
23
2.1823
33
-2.8644
0
3DFACE
8
B2_v2
10
0.6421
20
2.0781
30
-2.8154
11
0.6464
21
1.9782
31
-2.8072
12
0.7463
22
1.9825
32
-2.8439
13
0.7420
23
2.0824
33
-2.8553
0
3DFACE
8
B2_v2
10
0.6464
20
1.9782
30
-2.8072
11
0.6506
21
1.8783
31
-2.7958
12
0.7505
22
1.8825
32
-2.8343
13
0.7463
23
1.9825
33
-2.8439
0
3DFACE
8
B2_v2
10
0.6506
20
1.8783
30
-2.7958
11
0.6549
21
1.7784
31
-2.7848
12
0.7548
22
1.7826
32
-2.8229
13
0.7505
23
1.8825
33
-2.8343
0
3DFACE
8
B2_v2
10
0.6549
20
1.7784
30
-2.7848
11
0.6591
21
1.6785
31
-2.7718
12
0.7590
22
1.6827
32
-2.8098
13
0.7548
23
1.7826
33
-2.8229
0
3DFACE
8
B2_v2
10
0.6591
20
1.6785
30
-2.7718
11
0.6634
21
1.5786
31
-2.7595
12
0.7633
22
1.5828
32
-2.7959
13
0.7590
23
1.6827
33
-2.8098
0
3DFACE
8
B2_v2
10
0.6634
20
1.5786
30
-2.7595
11
0.6676
21
1.4787
31
-2.7444
12
0.7675
22
1.4829
32
-2.7800
13
0.7633
23
1.5828
33
-2.7959
0
3DFACE
8
B2_v2
10
0.6676
20
1.4787
30
-2.7444
11
0.6718
21
1.3788
31
-2.7276
12
0.7718
22
1.3830
32
-2.7622
13
0.7675
23
1.4829
33
-2.7800
0
3DFACE
8
B2_v2
10
0.6718
20
1.3788
30
-2.7276
11
0.6761
21
1.2788
31
-2.7083
12
0.7760
22
1.2831
32
-2.7439
13
0.7718
23
1.3830
33
-2.7622
0
3DFACE
8
B2_v2
10
0.6761
20
1.2788
30
-2.7083
11
0.6803
21
1.1789
31
-2.6912
12
0.7802
22
1.1832
32
-2.7262
13
0.7760
23
1.2831
33
-2.7439
0
3DFACE
8
B2_v2
10
0.6803
20
1.1789
30
-2.6912
11
0.6846
21
1.0790
31
-2.6742
12
0.7845
22
1.0833
32
-2.7111
13
0.7802
23
1.1832
33
-2.7262
0
3DFACE
8
B2_v2
10
0.6846
20
1.0790
30
-2.6742
11
0.6888
21
0.9791
31
-2.6583
12
0.7887
22
0.9834
32
-2.6945
13
0.7845
23
1.0833
33
-2.7111
0
3DFACE
8
B2_v2
10
0.6888
20
0.9791
30
-2.6583
11
0.6931
21
0.8792
31
-2.6426
12
0.7930
22
0.8835
32
-2.6782
13
0.7887
23
0.9834
33
-2.6945
0
3DFACE
8
B2_v2
10
0.6931
20
0.8792
30
-2.6426
11
0.6973
21
0.7793
31
-2.6278
12
0.7972
22
0.7835
32
-2.6638
13
0.7930
23
0.8835
33
-2.6782
0
3DFACE
8
B2_v2
10
0.6973
20
0.7793
30
-2.6278
11
0.7016
21
0.6794
31
-2.6168
12
0.8015
22
0.6836
32
-2.6536
13
0.7972
23
0.7835
33
-2.6638
0
3DFACE
8
B2_v2
10
0.7016
20
0.6794
30
-2.6168
11
0.7058
21
0.5795
31
-2.6089
12
0.8057
22
0.5837
32
-2.6452
13
0.8015
23
0.6836
33
-2.6536
0
3DFACE
8
B2_v2
10
0.7058
20
0.5795
30
-2.6089
11
0.7100
21
0.4796
31
-2.6042
12
0.8100
22
0.4838
32
-2.6394
13
0.8057
23
0.5837
33
-2.6452
0
3DFACE
8
B2_v2
10
0.7100
20
0.4796
30
-2.6042
11
0.7143
21
0.3797
31
-2.6012
12
0.8142
22
0.3839
32
-2.6365
13
0.8100
23
0.4838
33
-2.6394
0
3DFACE
8
B2_v2
10
0.7143
20
0.3797
30
-2.6012
11
0.7185
21
0.2797
31
-2.5994
12
0.8184
22
0.2840
32
-2.6335
13
0.8142
23
0.3839
33
-2.6365
0
3DFACE
8
B2_v2
10
0.7185
20
0.2797
30
-2.5994
11
0.7228
21
0.1798
31
-2.5968
12
0.8227
22
0.1841
32
-2.6312
13
0.8184
23
0.2840
33
-2.6335
0
3DFACE
8
B2_v2
10
0.7228
20
0.1798
30
-2.5968
11
0.7270
21
0.0799
31
-2.5947
12
0.8269
22
0.0842
32
-2.6268
13
0.8227
23
0.1841
33
-2.6312
0
3DFACE
8
B2_v2
10
0.7270
20
0.0799
30
-2.5947
11
0.7313
21
-0.0200
31
-2.5934
12
0.8312
22
-0.0157
32
-2.6249
13
0.8269
23
0.0842
33
-2.6268
0
3DFACE
8
B2_v2
10
0.7313
20
-0.0200
30
-2.5934
11
0.7355
21
-0.1199
31
-2.5918
12
0.8354
22
-0.1156
32
-2.6228
13
0.8312
23
-0.0157
33
-2.6249
0
3DFACE
8
B2_v2
10
0.7355
20
-0.1199
30
-2.5918
11
0.7397
21
-0.2198
31
-2.5893
12
0.8397
22
-0.2156
32
-2.6189
13
0.8354
23
-0.1156
33
-2.6228
0
3DFACE
8
B2_v2
10
0.7397
20
-0.2198
30
-2.5893
11
0.7440
21
-0.3197
31
-2.5855
12
0.8439
22
-0.3155
32
-2.6141
13
0.8397
23
-0.2156
33
-2.6189
0
3DFACE
8
B2_v2
10
0.7440
20
-0.3197
30
-2.5855
11
0.7482
21
-0.4196
31
-2.5805
12
0.8481
22
-0.4154
32
-2.6082
13
0.8439
23
-0.3155
33
-2.6141
0
3DFACE
8
B2_v2
10
0.7482
20
-0.4196
30
-2.5805
11
0.7525
21
-0.5195
31
-2.5743
12
0.8524
22
-0.5153
32
-2.6009
13
0.8481
23
-0.4154
33
-2.6082
0
3DFACE
8
B2_v2
10
0.7525
20
-0.5195
30
-2.5743
11
0.7567
21
-0.6194
31
-2.5671
12
0.8566
22
-0.6152
32
-2.5923
13
0.8524
23
-0.5153
33
-2.6009
0
3DFACE
8
B2_v2
10
0.7567
20
-0.6194
30
-2.5671
11
0.7610
21
-0.7194
31
-2.5602
12
0.8609
22
-0.7151
32
-2.5842
13
0.8566
23
-0.6152
33
-2.5923
0
3DFACE
8
B2_v2
10
0.7610
20
-0.7194
30
-2.5602
11
0.7652
21
-0.8193
31
-2.5533
12
0.8651
22
-0.8150
32
-2.5756
13
0.8609
23
-0.7151
33
-2.5842
0
3DFACE
8
B2_v2
10
0.7652
20
-0.8193
30
-2.5533
11
0.7695
21
-0.9192
31
-2.5459
12
0.8694
22
-0.9149
32
-2.5676
13
0.8651
23
-0.8150
33
-2.5756
0
3DFACE
8
B2_v2
10
0.7695
20
-0.9192
30
-2.5459
11
0.7737
21
-1.0191
31
-2.5386
12
0.8736
22
-1.0148
32
-2.5597
13
0.8694
23
-0.9149
33
-2.5676
0
3DFACE
8
B2_v2
10
0.7737
20
-1.0191
30
-2.5386
11
0.7779
21
-1.1190
31
-2.5323
12
0.8779
22
-1.1147
32
-2.5512
13
0.8736
23
-1.0148
33
-2.5597
0
3DFACE
8
B2_v2
10
0.7779
20
-1.1190
30
-2.5323
11
0.7822
21
-1.2189
31
-2.5273
12
0.8821
22
-1.2147
32
-2.5459
13
0.8779
23
-1.1147
33
-2.5512
0
3DFACE
8
B2_v2
10
0.7822
20
-1.2189
30
-2.5273
11
0.7864
21
-1.3188
31
-2.5242
12
0.8863
22
-1.3146
32
-2.5418
13
0.8821
23
-1.2147
33
-2.5459
0
3DFACE
8
B2_v2
10
0.6741
20
3.6809
30
-2.9780
11
0.6784
21
3.5810
31
-2.9732
12
0.7783
22
3.5853
32
-3.0152
13
0.7741
23
3.6852
33
-3.0204
0
3DFACE
8
B2_v2
10
0.6784
20
3.5810
30
-2.9732
11
0.6826
21
3.4811
31
-2.9672
12
0.7825
22
3.4854
32
-3.0102
13
0.7783
23
3.5853
33
-3.0152
0
3DFACE
8
B2_v2
10
0.6826
20
3.4811
30
-2.9672
11
0.6869
21
3.3812
31
-2.9608
12
0.7868
22
3.3854
32
-3.0047
13
0.7825
23
3.4854
33
-3.0102
0
3DFACE
8
B2_v2
10
0.6869
20
3.3812
30
-2.9608
11
0.6911
21
3.2813
31
-2.9551
12
0.7910
22
3.2855
32
-2.9976
13
0.7868
23
3.3854
33
-3.0047
0
3DFACE
8
B2_v2
10
0.6911
20
3.2813
30
-2.9551
11
0.6954
21
3.1814
31
-2.9488
12
0.7953
22
3.1856
32
-2.9895
13
0.7910
23
3.2855
33
-2.9976
0
3DFACE
8
B2_v2
10
0.6954
20
3.1814
30
-2.9488
11
0.6996
21
3.0815
31
-2.9411
12
0.7995
22
3.0857
32
-2.9827
13
0.7953
23
3.1856
33
-2.9895
0
3DFACE
8
B2_v2
10
0.6996
20
3.0815
30
-2.9411
11
0.7039
21
2.9816
31
-2.9354
12
0.8038
22
2.9858
32
-2.9776
13
0.7995
23
3.0857
33
-2.9827
0
3DFACE
8
B2_v2
10
0.7039
20
2.9816
30
-2.9354
11
0.7081
21
2.8816
31
-2.9301
12
0.8080
22
2.8859
32
-2.9718
13
0.8038
23
2.9858
33
-2.9776
0
3DFACE
8
B2_v2
10
0.7081
20
2.8816
30
-2.9301
11
0.7123
21
2.7817
31
-2.9229
12
0.8123
22
2.7860
32
-2.9640
13
0.8080
23
2.8859
33
-2.9718
0
3DFACE
8
B2_v2
10
0.7123
20
2.7817
30
-2.9229
11
0.7166
21
2.6818
31
-2.9135
12
0.8165
22
2.6861
32
-2.9559
13
0.8123
23
2.7860
33
-2.9640
0
3DFACE
8
B2_v2
10
0.7166
20
2.6818
30
-2.9135
11
0.7208
21
2.5819
31
-2.9046
12
0.8207
22
2.5862
32
-2.9475
13
0.8165
23
2.6861
33
-2.9559
0
3DFACE
8
B2_v2
10
0.7208
20
2.5819
30
-2.9046
11
0.7251
21
2.4820
31
-2.8957
12
0.8250
22
2.4863
32
-2.9394
13
0.8207
23
2.5862
33
-2.9475
0
3DFACE
8
B2_v2
10
0.7251
20
2.4820
30
-2.8957
11
0.7293
21
2.3821
31
-2.8860
12
0.8292
22
2.3863
32
-2.9285
13
0.8250
23
2.4863
33
-2.9394
0
3DFACE
8
B2_v2
10
0.7293
20
2.3821
30
-2.8860
11
0.7336
21
2.2822
31
-2.8732
12
0.8335
22
2.2864
32
-2.9179
13
0.8292
23
2.3863
33
-2.9285
0
3DFACE
8
B2_v2
10
0.7336
20
2.2822
30
-2.8732
11
0.7378
21
2.1823
31
-2.8644
12
0.8377
22
2.1865
32
-2.9089
13
0.8335
23
2.2864
33
-2.9179
0
3DFACE
8
B2_v2
10
0.7378
20
2.1823
30
-2.8644
11
0.7420
21
2.0824
31
-2.8553
12
0.8420
22
2.0866
32
-2.8978
13
0.8377
23
2.1865
33
-2.9089
0
3DFACE
8
B2_v2
10
0.7420
20
2.0824
30
-2.8553
11
0.7463
21
1.9825
31
-2.8439
12
0.8462
22
1.9867
32
-2.8889
13
0.8420
23
2.0866
33
-2.8978
0
3DFACE
8
B2_v2
10
0.7463
20
1.9825
30
-2.8439
11
0.7505
21
1.8825
31
-2.8343
12
0.8504
22
1.8868
32
-2.8796
13
0.8462
23
1.9867
33
-2.8889
0
3DFACE
8
B2_v2
10
0.7505
20
1.8825
30
-2.8343
11
0.7548
21
1.7826
31
-2.8229
12
0.8547
22
1.7869
32
-2.8676
13
0.8504
23
1.8868
33
-2.8796
0
3DFACE
8
B2_v2
10
0.7548
20
1.7826
30
-2.8229
11
0.7590
21
1.6827
31
-2.8098
12
0.8589
22
1.6870
32
-2.8532
13
0.8547
23
1.7869
33
-2.8676
0
3DFACE
8
B2_v2
10
0.7590
20
1.6827
30
-2.8098
11
0.7633
21
1.5828
31
-2.7959
12
0.8632
22
1.5871
32
-2.8381
13
0.8589
23
1.6870
33
-2.8532
0
3DFACE
8
B2_v2
10
0.7633
20
1.5828
30
-2.7959
11
0.7675
21
1.4829
31
-2.7800
12
0.8674
22
1.4872
32
-2.8221
13
0.8632
23
1.5871
33
-2.8381
0
3DFACE
8
B2_v2
10
0.7675
20
1.4829
30
-2.7800
11
0.7718
21
1.3830
31
-2.7622
12
0.8717
22
1.3872
32
-2.8040
13
0.8674
23
1.4872
33
-2.8221
0
3DFACE
8
B2_v2
10
0.7718
20
1.3830
30
-2.7622
11
0.7760
21
1.2831
31
-2.7439
12
0.8759
22
1.2873
32
-2.7863
13
0.8717
23
1.3872
33
-2.8040
0
3DFACE
8
B2_v2
10
0.7760
20
1.2831
30
-2.7439
11
0.7802
21
1.1832
31
-2.7262
12
0.8802
22
1.1874
32
-2.7678
13
0.8759
23
1.2873
33
-2.7863
0
3DFACE
8
B2_v2
10
0.7802
20
1.1832
30
-2.7262
11
0.7845
21
1.0833
31
-2.7111
12
0.8844
22
1.0875
32
-2.7501
13
0.8802
23
1.1874
33
-2.7678
0
3DFACE
8
B2_v2
10
0.7845
20
1.0833
30
-2.7111
11
0.7887
21
0.9834
31
-2.6945
12
0.8886
22
0.9876
32
-2.7329
13
0.8844
23
1.0875
33
-2.7501
0
3DFACE
8
B2_v2
10
0.7887
20
0.9834
30
-2.6945
11
0.7930
21
0.8835
31
-2.6782
12
0.8929
22
0.8877
32
-2.7158
13
0.8886
23
0.9876
33
-2.7329
0
3DFACE
8
B2_v2
10
0.7930
20
0.8835
30
-2.6782
11
0.7972
21
0.7835
31
-2.6638
12
0.8971
22
0.7878
32
-2.7020
13
0.8929
23
0.8877
33
-2.7158
0
3DFACE
8
B2_v2
10
0.7972
20
0.7835
30
-2.6638
11
0.8015
21
0.6836
31
-2.6536
12
0.9014
22
0.6879
32
-2.6889
13
0.8971
23
0.7878
33
-2.7020
0
3DFACE
8
B2_v2
10
0.8015
20
0.6836
30
-2.6536
11
0.8057
21
0.5837
31
-2.6452
12
0.9056
22
0.5880
32
-2.6798
13
0.9014
23
0.6879
33
-2.6889
0
3DFACE
8
B2_v2
10
0.8057
20
0.5837
30
-2.6452
11
0.8100
21
0.4838
31
-2.6394
12
0.9099
22
0.4881
32
-2.6739
13
0.9056
23
0.5880
33
-2.6798
0
3DFACE
8
B2_v2
10
0.8100
20
0.4838
30
-2.6394
11
0.8142
21
0.3839
31
-2.6365
12
0.9141
22
0.3881
32
-2.6704
13
0.9099
23
0.4881
33
-2.6739
0
3DFACE
8
B2_v2
10
0.8142
20
0.3839
30
-2.6365
11
0.8184
21
0.2840
31
-2.6335
12
0.9183
22
0.2882
32
-2.6677
13
0.9141
23
0.3881
33
-2.6704
0
3DFACE
8
B2_v2
10
0.8184
20
0.2840
30
-2.6335
11
0.8227
21
0.1841
31
-2.6312
12
0.9226
22
0.1883
32
-2.6638
13
0.9183
23
0.2882
33
-2.6677
0
3DFACE
8
B2_v2
10
0.8227
20
0.1841
30
-2.6312
11
0.8269
21
0.0842
31
-2.6268
12
0.9268
22
0.0884
32
-2.6607
13
0.9226
23
0.1883
33
-2.6638
0
3DFACE
8
B2_v2
10
0.8269
20
0.0842
30
-2.6268
11
0.8312
21
-0.0157
31
-2.6249
12
0.9311
22
-0.0115
32
-2.6578
13
0.9268
23
0.0884
33
-2.6607
0
3DFACE
8
B2_v2
10
0.8312
20
-0.0157
30
-2.6249
11
0.8354
21
-0.1156
31
-2.6228
12
0.9353
22
-0.1114
32
-2.6546
13
0.9311
23
-0.0115
33
-2.6578
0
3DFACE
8
B2_v2
10
0.8354
20
-0.1156
30
-2.6228
11
0.8397
21
-0.2156
31
-2.6189
12
0.9396
22
-0.2113
32
-2.6490
13
0.9353
23
-0.1114
33
-2.6546
0
3DFACE
8
B2_v2
10
0.8397
20
-0.2156
30
-2.6189
11
0.8439
21
-0.3155
31
-2.6141
12
0.9438
22
-0.3112
32
-2.6433
13
0.9396
23
-0.2113
33
-2.6490
0
3DFACE
8
B2_v2
10
0.8439
20
-0.3155
30
-2.6141
11
0.8481
21
-0.4154
31
-2.6082
12
0.9481
22
-0.4111
32
-2.6361
13
0.9438
23
-0.3112
33
-2.6433
0
3DFACE
8
B2_v2
10
0.8481
20
-0.4154
30
-2.6082
11
0.8524
21
-0.5153
31
-2.6009
12
0.9523
22
-0.5110
32
-2.6281
13
0.9481
23
-0.4111
33
-2.6361
0
3DFACE
8
B2_v2
10
0.8524
20
-0.5153
30
-2.6009
11
0.8566
21
-0.6152
31
-2.5923
12
0.9565
22
-0.6110
32
-2.6187
13
0.9523
23
-0.5110
33
-2.6281
0
3DFACE
8
B2_v2
10
0.8566
20
-0.6152
30
-2.5923
11
0.8609
21
-0.7151
31
-2.5842
12
0.9608
22
-0.7109
32
-2.6087
13
0.9565
23
-0.6110
33
-2.6187
0
3DFACE
8
B2_v2
10
0.8609
20
-0.7151
30
-2.5842
11
0.8651
21
-0.8150
31
-2.5756
12
0.9650
22
-0.8108
32
-2.5983
13
0.9608
23
-0.7109
33
-2.6087
0
3DFACE
8
B2_v2
10
0.8651
20
-0.8150
30
-2.5756
11
0.8694
21
-0.9149
31
-2.5676
12
0.9693
22
-0.9107
32
-2.5884
13
0.9650
23
-0.8108
33
-2.5983
0
3DFACE
8
B2_v2
10
0.8694
20
-0.9149
30
-2.5676
11
0.8736
21
-1.0148
31
-2.5597
12
0.9735
22
-1.0106
32
-2.5786
13
0.9693
23
-0.9107
33
-2.5884
0
3DFACE
8
B2_v2
10
0.8736
20
-1.0148
30
-2.5597
11
0.8779
21
-1.1147
31
-2.5512
12
0.9778
22
-1.1105
32
-2.5688
13
0.9735
23
-1.0106
33
-2.5786
0
3DFACE
8
B2_v2
10
0.8779
20
-1.1147
30
-2.5512
11
0.8821
21
-1.2147
31
-2.5459
12
0.9820
22
-1.2104
32
-2.5628
13
0.9778
23
-1.1105
33
-2.5688
0
3DFACE
8
B2_v2
10
0.8821
20
-1.2147
30
-2.5459
11
0.8863
21
-1.3146
31
-2.5418
12
0.9863
22
-1.3103
32
-2.5574
13
0.9820
23
-1.2104
33
-2.5628
0
3DFACE
8
B2_v2
10
0.7741
20
3.6852
30
-3.0204
11
0.7783
21
3.5853
31
-3.0152
12
0.8782
22
3.5895
32
-3.0536
13
0.8740
23
3.6894
33
-3.0589
0
3DFACE
8
B2_v2
10
0.7783
20
3.5853
30
-3.0152
11
0.7825
21
3.4854
31
-3.0102
12
0.8825
22
3.4896
32
-3.0498
13
0.8782
23
3.5895
33
-3.0536
0
3DFACE
8
B2_v2
10
0.7825
20
3.4854
30
-3.0102
11
0.7868
21
3.3854
31
-3.0047
12
0.8867
22
3.3897
32
-3.0452
13
0.8825
23
3.4896
33
-3.0498
0
3DFACE
8
B2_v2
10
0.7868
20
3.3854
30
-3.0047
11
0.7910
21
3.2855
31
-2.9976
12
0.8909
22
3.2898
32
-3.0387
13
0.8867
23
3.3897
33
-3.0452
0
3DFACE
8
B2_v2
10
0.7910
20
3.2855
30
-2.9976
11
0.7953
21
3.1856
31
-2.9895
12
0.8952
22
3.1899
32
-3.0315
13
0.8909
23
3.2898
33
-3.0387
0
3DFACE
8
B2_v2
10
0.7953
20
3.1856
30
-2.9895
11
0.7995
21
3.0857
31
-2.9827
12
0.8994
22
3.0900
32
-3.0253
13
0.8952
23
3.1899
33
-3.0315
0
3DFACE
8
B2_v2
10
0.7995
20
3.0857
30
-2.9827
11
0.8038
21
2.9858
31
-2.9776
12
0.9037
22
2.9900
32
-3.0200
13
0.8994
23
3.0900
33
-3.0253
0
3DFACE
8
B2_v2
10
0.8038
20
2.9858
30
-2.9776
11
0.8080
21
2.8859
31
-2.9718
12
0.9079
22
2.8901
32
-3.0142
13
0.9037
23
2.9900
33
-3.0200
0
3DFACE
8
B2_v2
10
0.8080
20
2.8859
30
-2.9718
11
0.8123
21
2.7860
31
-2.9640
12
0.9122
22
2.7902
32
-3.0060
13
0.9079
23
2.8901
33
-3.0142
0
3DFACE
8
B2_v2
10
0.8123
20
2.7860
30
-2.9640
11
0.8165
21
2.6861
31
-2.9559
12
0.9164
22
2.6903
32
-2.9998
13
0.9122
23
2.7902
33
-3.0060
0
3DFACE
8
B2_v2
10
0.8165
20
2.6861
30
-2.9559
11
0.8207
21
2.5862
31
-2.9475
12
0.9206
22
2.5904
32
-2.9926
13
0.9164
23
2.6903
33
-2.9998
0
3DFACE
8
B2_v2
10
0.8207
20
2.5862
30
-2.9475
11
0.8250
21
2.4863
31
-2.9394
12
0.9249
22
2.4905
32
-2.9830
13
0.9206
23
2.5904
33
-2.9926
0
3DFACE
8
B2_v2
10
0.8250
20
2.4863
30
-2.9394
11
0.8292
21
2.3863
31
-2.9285
12
0.9291
22
2.3906
32
-2.9730
13
0.9249
23
2.4905
33
-2.9830
0
3DFACE
8
B2_v2
10
0.8292
20
2.3863
30
-2.9285
11
0.8335
21
2.2864
31
-2.9179
12
0.9334
22
2.2907
32
-2.9629
13
0.9291
23
2.3906
33
-2.9730
0
3DFACE
8
B2_v2
10
0.8335
20
2.2864
30
-2.9179
11
0.8377
21
2.1865
31
-2.9089
12
0.9376
22
2.1908
32
-2.9522
13
0.9334
23
2.2907
33
-2.9629
0
3DFACE
8
B2_v2
10
0.8377
20
2.1865
30
-2.9089
11
0.8420
21
2.0866
31
-2.8978
12
0.9419
22
2.0909
32
-2.9432
13
0.9376
23
2.1908
33
-2.9522
0
3DFACE
8
B2_v2
10
0.8420
20
2.0866
30
-2.8978
11
0.8462
21
1.9867
31
-2.8889
12
0.9461
22
1.9909
32
-2.9343
13
0.9419
23
2.0909
33
-2.9432
0
3DFACE
8
B2_v2
10
0.8462
20
1.9867
30
-2.8889
11
0.8504
21
1.8868
31
-2.8796
12
0.9504
22
1.8910
32
-2.9238
13
0.9461
23
1.9909
33
-2.9343
0
3DFACE
8
B2_v2
10
0.8504
20
1.8868
30
-2.8796
11
0.8547
21
1.7869
31
-2.8676
12
0.9546
22
1.7911
32
-2.9112
13
0.9504
23
1.8910
33
-2.9238
0
3DFACE
8
B2_v2
10
0.8547
20
1.7869
30
-2.8676
11
0.8589
21
1.6870
31
-2.8532
12
0.9588
22
1.6912
32
-2.8962
13
0.9546
23
1.7911
33
-2.9112
0
3DFACE
8
B2_v2
10
0.8589
20
1.6870
30
-2.8532
11
0.8632
21
1.5871
31
-2.8381
12
0.9631
22
1.5913
32
-2.8813
13
0.9588
23
1.6912
33
-2.8962
0
3DFACE
8
B2_v2
10
0.8632
20
1.5871
30
-2.8381
11
0.8674
21
1.4872
31
-2.8221
12
0.9673
22
1.4914
32
-2.8654
13
0.9631
23
1.5913
33
-2.8813
0
3DFACE
8
B2_v2
10
0.8674
20
1.4872
30
-2.8221
11
0.8717
21
1.3872
31
-2.8040
12
0.9716
22
1.3915
32
-2.8463
13
0.9673
23
1.4914
33
-2.8654
0
3DFACE
8
B2_v2
10
0.8717
20
1.3872
30
-2.8040
11
0.8759
21
1.2873
31
-2.7863
12
0.9758
22
1.2916
32
-2.8263
13
0.9716
23
1.3915
33
-2.8463
0
3DFACE
8
B2_v2
10
0.8759
20
1.2873
30
-2.7863
11
0.8802
21
1.1874
31
-2.7678
12
0.9801
22
1.1917
32
-2.8080
13
0.9758
23
1.2916
33
-2.8263
0
3DFACE
8
B2_v2
10
0.8802
20
1.1874
30
-2.7678
11
0.8844
21
1.0875
31
-2.7501
12
0.9843
22
1.0918
32
-2.7892
13
0.9801
23
1.1917
33
-2.8080
0
3DFACE
8
B2_v2
10
0.8844
20
1.0875
30
-2.7501
11
0.8886
21
0.9876
31
-2.7329
12
0.9886
22
0.9918
32
-2.7706
13
0.9843
23
1.0918
33
-2.7892
0
3DFACE
8
B2_v2
10
0.8886
20
0.9876
30
-2.7329
11
0.8929
21
0.8877
31
-2.7158
12
0.9928
22
0.8919
32
-2.7527
13
0.9886
23
0.9918
33
-2.7706
0
3DFACE
8
B2_v2
10
0.8929
20
0.8877
30
-2.7158
11
0.8971
21
0.7878
31
-2.7020
12
0.9970
22
0.7920
32
-2.7371
13
0.9928
23
0.8919
33
-2.7527
0
3DFACE
8
B2_v2
10
0.8971
20
0.7878
30
-2.7020
11
0.9014
21
0.6879
31
-2.6889
12
1.0013
22
0.6921
32
-2.7239
13
0.9970
23
0.7920
33
-2.7371
0
3DFACE
8
B2_v2
10
0.9014
20
0.6879
30
-2.6889
11
0.9056
21
0.5880
31
-2.6798
12
1.0055
22
0.5922
32
-2.7143
13
1.0013
23
0.6921
33
-2.7239
0
3DFACE
8
B2_v2
10
0.9056
20
0.5880
30
-2.6798
11
0.9099
21
0.4881
31
-2.6739
12
1.0098
22
0.4923
32
-2.7082
13
1.0055
23
0.5922
33
-2.7143
0
3DFACE
8
B2_v2
10
0.9099
20
0.4881
30
-2.6739
11
0.9141
21
0.3881
31
-2.6704
12
1.0140
22
0.3924
32
-2.7045
13
1.0098
23
0.4923
33
-2.7082
0
3DFACE
8
B2_v2
10
0.9141
20
0.3881
30
-2.6704
11
0.9183
21
0.2882
31
-2.6677
12
1.0183
22
0.2925
32
-2.7012
13
1.0140
23
0.3924
33
-2.7045
0
3DFACE
8
B2_v2
10
0.9183
20
0.2882
30
-2.6677
11
0.9226
21
0.1883
31
-2.6638
12
1.0225
22
0.1926
32
-2.6964
13
1.0183
23
0.2925
33
-2.7012
0
3DFACE
8
B2_v2
10
0.9226
20
0.1883
30
-2.6638
11
0.9268
21
0.0884
31
-2.6607
12
1.0267
22
0.0927
32
-2.6926
13
1.0225
23
0.1926
33
-2.6964
0
3DFACE
8
B2_v2
10
0.9268
20
0.0884
30
-2.6607
11
0.9311
21
-0.0115
31
-2.6578
12
1.0310
22
-0.0073
32
-2.6892
13
1.0267
23
0.0927
33
-2.6926
0
3DFACE
8
B2_v2
10
0.9311
20
-0.0115
30
-2.6578
11
0.9353
21
-0.1114
31
-2.6546
12
1.0352
22
-0.1072
32
-2.6853
13
1.0310
23
-0.0073
33
-2.6892
0
3DFACE
8
B2_v2
10
0.9353
20
-0.1114
30
-2.6546
11
0.9396
21
-0.2113
31
-2.6490
12
1.0395
22
-0.2071
32
-2.6797
13
1.0352
23
-0.1072
33
-2.6853
0
3DFACE
8
B2_v2
10
0.9396
20
-0.2113
30
-2.6490
11
0.9438
21
-0.3112
31
-2.6433
12
1.0437
22
-0.3070
32
-2.6723
13
1.0395
23
-0.2071
33
-2.6797
0
3DFACE
8
B2_v2
10
0.9438
20
-0.3112
30
-2.6433
11
0.9481
21
-0.4111
31
-2.6361
12
1.0480
22
-0.4069
32
-2.6637
13
1.0437
23
-0.3070
33
-2.6723
0
3DFACE
8
B2_v2
10
0.9481
20
-0.4111
30
-2.6361
11
0.9523
21
-0.5110
31
-2.6281
12
1.0522
22
-0.5068
32
-2.6538
13
1.0480
23
-0.4069
33
-2.6637
0
3DFACE
8
B2_v2
10
0.9523
20
-0.5110
30
-2.6281
11
0.9565
21
-0.6110
31
-2.6187
12
1.0565
22
-0.6067
32
-2.6431
13
1.0522
23
-0.5068
33
-2.6538
0
3DFACE
8
B2_v2
10
0.9565
20
-0.6110
30
-2.6187
11
0.9608
21
-0.7109
31
-2.6087
12
1.0607
22
-0.7066
32
-2.6319
13
1.0565
23
-0.6067
33
-2.6431
0
3DFACE
8
B2_v2
10
0.9608
20
-0.7109
30
-2.6087
11
0.9650
21
-0.8108
31
-2.5983
12
1.0649
22
-0.8065
32
-2.6210
13
1.0607
23
-0.7066
33
-2.6319
0
3DFACE
8
B2_v2
10
0.9650
20
-0.8108
30
-2.5983
11
0.9693
21
-0.9107
31
-2.5884
12
1.0692
22
-0.9064
32
-2.6104
13
1.0649
23
-0.8065
33
-2.6210
0
3DFACE
8
B2_v2
10
0.9693
20
-0.9107
30
-2.5884
11
0.9735
21
-1.0106
31
-2.5786
12
1.0734
22
-1.0064
32
-2.5994
13
1.0692
23
-0.9064
33
-2.6104
0
3DFACE
8
B2_v2
10
0.9735
20
-1.0106
30
-2.5786
11
0.9778
21
-1.1105
31
-2.5688
12
1.0777
22
-1.1063
32
-2.5880
13
1.0734
23
-1.0064
33
-2.5994
0
3DFACE
8
B2_v2
10
0.9778
20
-1.1105
30
-2.5688
11
0.9820
21
-1.2104
31
-2.5628
12
1.0819
22
-1.2062
32
-2.5796
13
1.0777
23
-1.1063
33
-2.5880
0
3DFACE
8
B2_v2
10
0.9820
20
-1.2104
30
-2.5628
11
0.9863
21
-1.3103
31
-2.5574
12
1.0862
22
-1.3061
32
-2.5727
13
1.0819
23
-1.2062
33
-2.5796
0
3DFACE
8
B2_v2
10
0.8740
20
3.6894
30
-3.0589
11
0.8782
21
3.5895
31
-3.0536
12
0.9781
22
3.5937
32
-3.0922
13
0.9739
23
3.6937
33
-3.0972
0
3DFACE
8
B2_v2
10
0.8782
20
3.5895
30
-3.0536
11
0.8825
21
3.4896
31
-3.0498
12
0.9824
22
3.4938
32
-3.0888
13
0.9781
23
3.5937
33
-3.0922
0
3DFACE
8
B2_v2
10
0.8825
20
3.4896
30
-3.0498
11
0.8867
21
3.3897
31
-3.0452
12
0.9866
22
3.3939
32
-3.0839
13
0.9824
23
3.4938
33
-3.0888
0
3DFACE
8
B2_v2
10
0.8867
20
3.3897
30
-3.0452
11
0.8909
21
3.2898
31
-3.0387
12
0.9909
22
3.2940
32
-3.0788
13
0.9866
23
3.3939
33
-3.0839
0
3DFACE
8
B2_v2
10
0.8909
20
3.2898
30
-3.0387
11
0.8952
21
3.1899
31
-3.0315
12
0.9951
22
3.1941
32
-3.0717
13
0.9909
23
3.2940
33
-3.0788
0
3DFACE
8
B2_v2
10
0.8952
20
3.1899
30
-3.0315
11
0.8994
21
3.0900
31
-3.0253
12
0.9993
22
3.0942
32
-3.0635
13
0.9951
23
3.1941
33
-3.0717
0
3DFACE
8
B2_v2
10
0.8994
20
3.0900
30
-3.0253
11
0.9037
21
2.9900
31
-3.0200
12
1.0036
22
2.9943
32
-3.0590
13
0.9993
23
3.0942
33
-3.0635
0
3DFACE
8
B2_v2
10
0.9037
20
2.9900
30
-3.0200
11
0.9079
21
2.8901
31
-3.0142
12
1.0078
22
2.8944
32
-3.0537
13
1.0036
23
2.9943
33
-3.0590
0
3DFACE
8
B2_v2
10
0.9079
20
2.8901
30
-3.0142
11
0.9122
21
2.7902
31
-3.0060
12
1.0121
22
2.7945
32
-3.0486
13
1.0078
23
2.8944
33
-3.0537
0
3DFACE
8
B2_v2
10
0.9122
20
2.7902
30
-3.0060
11
0.9164
21
2.6903
31
-2.9998
12
1.0163
22
2.6946
32
-3.0418
13
1.0121
23
2.7945
33
-3.0486
0
3DFACE
8
B2_v2
10
0.9164
20
2.6903
30
-2.9998
11
0.9206
21
2.5904
31
-2.9926
12
1.0206
22
2.5947
32
-3.0342
13
1.0163
23
2.6946
33
-3.0418
0
3DFACE
8
B2_v2
10
0.9206
20
2.5904
30
-2.9926
11
0.9249
21
2.4905
31
-2.9830
12
1.0248
22
2.4947
32
-3.0262
13
1.0206
23
2.5947
33
-3.0342
0
3DFACE
8
B2_v2
10
0.9249
20
2.4905
30
-2.9830
11
0.9291
21
2.3906
31
-2.9730
12
1.0290
22
2.3948
32
-3.0173
13
1.0248
23
2.4947
33
-3.0262
0
3DFACE
8
B2_v2
10
0.9291
20
2.3906
30
-2.9730
11
0.9334
21
2.2907
31
-2.9629
12
1.0333
22
2.2949
32
-3.0063
13
1.0290
23
2.3948
33
-3.0173
0
3DFACE
8
B2_v2
10
0.9334
20
2.2907
30
-2.9629
11
0.9376
21
2.1908
31
-2.9522
12
1.0375
22
2.1950
32
-2.9959
13
1.0333
23
2.2949
33
-3.0063
0
3DFACE
8
B2_v2
10
0.9376
20
2.1908
30
-2.9522
11
0.9419
21
2.0909
31
-2.9432
12
1.0418
22
2.0951
32
-2.9874
13
1.0375
23
2.1950
33
-2.9959
0
3DFACE
8
B2_v2
10
0.9419
20
2.0909
30
-2.9432
11
0.9461
21
1.9909
31
-2.9343
12
1.0460
22
1.9952
32
-2.9787
13
1.0418
23
2.0951
33
-2.9874
0
3DFACE
8
B2_v2
10
0.9461
20
1.9909
30
-2.9343
11
0.9504
21
1.8910
31
-2.9238
12
1.0503
22
1.8953
32
-2.9680
13
1.0460
23
1.9952
33
-2.9787
0
3DFACE
8
B2_v2
10
0.9504
20
1.8910
30
-2.9238
11
0.9546
21
1.7911
31
-2.9112
12
1.0545
22
1.7954
32
-2.9553
13
1.0503
23
1.8953
33
-2.9680
0
3DFACE
8
B2_v2
10
0.9546
20
1.7911
30
-2.9112
11
0.9588
21
1.6912
31
-2.8962
12
1.0588
22
1.6955
32
-2.9412
13
1.0545
23
1.7954
33
-2.9553
0
3DFACE
8
B2_v2
10
0.9588
20
1.6912
30
-2.8962
11
0.9631
21
1.5913
31
-2.8813
12
1.0630
22
1.5956
32
-2.9262
13
1.0588
23
1.6955
33
-2.9412
0
3DFACE
8
B2_v2
10
0.9631
20
1.5913
30
-2.8813
11
0.9673
21
1.4914
31
-2.8654
12
1.0672
22
1.4956
32
-2.9063
13
1.0630
23
1.5956
33
-2.9262
0
3DFACE
8
B2_v2
10
0.9673
20
1.4914
30
-2.8654
11
0.9716
21
1.3915
31
-2.8463
12
1.0715
22
1.3957
32
-2.8871
13
1.0672
23
1.4956
33
-2.9063
0
3DFACE
8
B2_v2
10
0.9716
20
1.3915
30
-2.8463
11
0.9758
21
1.2916
31
-2.8263
12
1.0757
22
1.2958
32
-2.8680
13
1.0715
23
1.3957
33
-2.8871
0
3DFACE
8
B2_v2
10
0.9758
20
1.2916
30
-2.8263
11
0.9801
21
1.1917
31
-2.8080
12
1.0800
22
1.1959
32
-2.8483
13
1.0757
23
1.2958
33
-2.8680
0
3DFACE
8
B2_v2
10
0.9801
20
1.1917
30
-2.8080
11
0.9843
21
1.0918
31
-2.7892
12
1.0842
22
1.0960
32
-2.8288
13
1.0800
23
1.1959
33
-2.8483
0
3DFACE
8
B2_v2
10
0.9843
20
1.0918
30
-2.7892
11
0.9886
21
0.9918
31
-2.7706
12
1.0885
22
0.9961
32
-2.8096
13
1.0842
23
1.0960
33
-2.8288
0
3DFACE
8
B2_v2
10
0.9886
20
0.9918
30
-2.7706
11
0.9928
21
0.8919
31
-2.7527
12
1.0927
22
0.8962
32
-2.7901
13
1.0885
23
0.9961
33
-2.8096
0
3DFACE
8
B2_v2
10
0.9928
20
0.8919
30
-2.7527
11
0.9970
21
0.7920
31
-2.7371
12
1.0969
22
0.7963
32
-2.7712
13
1.0927
23
0.8962
33
-2.7901
0
3DFACE
8
B2_v2
10
0.9970
20
0.7920
30
-2.7371
11
1.0013
21
0.6921
31
-2.7239
12
1.1012
22
0.6964
32
-2.7582
13
1.0969
23
0.7963
33
-2.7712
0
3DFACE
8
B2_v2
10
1.0013
20
0.6921
30
-2.7239
11
1.0055
21
0.5922
31
-2.7143
12
1.1054
22
0.5965
32
-2.7486
13
1.1012
23
0.6964
33
-2.7582
0
3DFACE
8
B2_v2
10
1.0055
20
0.5922
30
-2.7143
11
1.0098
21
0.4923
31
-2.7082
12
1.1097
22
0.4965
32
-2.7417
13
1.1054
23
0.5965
33
-2.7486
0
3DFACE
8
B2_v2
10
1.0098
20
0.4923
30
-2.7082
11
1.0140
21
0.3924
31
-2.7045
12
1.1139
22
0.3966
32
-2.7377
13
1.1097
23
0.4965
33
-2.7417
0
3DFACE
8
B2_v2
10
1.0140
20
0.3924
30
-2.7045
11
1.0183
21
0.2925
31
-2.7012
12
1.1182
22
0.2967
32
-2.7331
13
1.1139
23
0.3966
33
-2.7377
0
3DFACE
8
B2_v2
10
1.0183
20
0.2925
30
-2.7012
11
1.0225
21
0.1926
31
-2.6964
12
1.1224
22
0.1968
32
-2.7285
13
1.1182
23
0.2967
33
-2.7331
0
3DFACE
8
B2_v2
10
1.0225
20
0.1926
30
-2.6964
11
1.0267
21
0.0927
31
-2.6926
12
1.1267
22
0.0969
32
-2.7240
13
1.1224
23
0.1968
33
-2.7285
0
3DFACE
8
B2_v2
10
1.0267
20
0.0927
30
-2.6926
11
1.0310
21
-0.0073
31
-2.6892
12
1.1309
22
-0.0030
32
-2.7201
13
1.1267
23
0.0969
33
-2.7240
0
3DFACE
8
B2_v2
10
1.0310
20
-0.0073
30
-2.6892
11
1.0352
21
-0.1072
31
-2.6853
12
1.1351
22
-0.1029
32
-2.7163
13
1.1309
23
-0.0030
33
-2.7201
0
3DFACE
8
B2_v2
10
1.0352
20
-0.1072
30
-2.6853
11
1.0395
21
-0.2071
31
-2.6797
12
1.1394
22
-0.2028
32
-2.7105
13
1.1351
23
-0.1029
33
-2.7163
0
3DFACE
8
B2_v2
10
1.0395
20
-0.2071
30
-2.6797
11
1.0437
21
-0.3070
31
-2.6723
12
1.1436
22
-0.3027
32
-2.7026
13
1.1394
23
-0.2028
33
-2.7105
0
3DFACE
8
B2_v2
10
1.0437
20
-0.3070
30
-2.6723
11
1.0480
21
-0.4069
31
-2.6637
12
1.1479
22
-0.4026
32
-2.6923
13
1.1436
23
-0.3027
33
-2.7026
0
3DFACE
8
B2_v2
10
1.0480
20
-0.4069
30
-2.6637
11
1.0522
21
-0.5068
31
-2.6538
12
1.1521
22
-0.5026
32
-2.6803
13
1.1479
23
-0.4026
33
-2.6923
0
3DFACE
8
B2_v2
10
1.0522
20
-0.5068
30
-2.6538
11
1.0565
21
-0.6067
31
-2.6431
12
1.1564
22
-0.6025
32
-2.6663
13
1.1521
23
-0.5026
33
-2.6803
0
3DFACE
8
B2_v2
10
1.0565
20
-0.6067
30
-2.6431
11
1.0607
21
-0.7066
31
-2.6319
12
1.1606
22
-0.7024
32
-2.6527
13
1.1564
23
-0.6025
33
-2.6663
0
3DFACE
8
B2_v2
10
1.0607
20
-0.7066
30
-2.6319
11
1.0649
21
-0.8065
31
-2.6210
12
1.1649
22
-0.8023
32
-2.6391
13
1.1606
23
-0.7024
33
-2.6527
0
3DFACE
8
B2_v2
10
1.0649
20
-0.8065
30
-2.6210
11
1.0692
21
-0.9064
31
-2.6104
12
1.1691
22
-0.9022
32
-2.6265
13
1.1649
23
-0.8023
33
-2.6391
0
3DFACE
8
B2_v2
10
1.0692
20
-0.9064
30
-2.6104
11
1.0734
21
-1.0064
31
-2.5994
12
1.1733
22
-1.0021
32
-2.6139
13
1.1691
23
-0.9022
33
-2.6265
0
3DFACE
8
B2_v2
10
1.0734
20
-1.0064
30
-2.5994
11
1.0777
21
-1.1063
31
-2.5880
12
1.1776
22
-1.1020
32
-2.6004
13
1.1733
23
-1.0021
33
-2.6139
0
3DFACE
8
B2_v2
10
1.0777
20
-1.1063
30
-2.5880
11
1.0819
21
-1.2062
31
-2.5796
12
1.1818
22
-1.2019
32
-2.5911
13
1.1776
23
-1.1020
33
-2.6004
0
3DFACE
8
B2_v2
10
1.0819
20
-1.2062
30
-2.5796
11
1.0862
21
-1.3061
31
-2.5727
12
1.1861
22
-1.3018
32
-2.5843
13
1.1818
23
-1.2019
33
-2.5911
0
3DFACE
8
B2_v2
10
0.9739
20
3.6937
30
-3.0972
11
0.9781
21
3.5937
31
-3.0922
12
1.0780
22
3.5980
32
-3.1315
13
1.0738
23
3.6979
33
-3.1365
0
3DFACE
8
B2_v2
10
0.9781
20
3.5937
30
-3.0922
11
0.9824
21
3.4938
31
-3.0888
12
1.0823
22
3.4981
32
-3.1284
13
1.0780
23
3.5980
33
-3.1315
0
3DFACE
8
B2_v2
10
0.9824
20
3.4938
30
-3.0888
11
0.9866
21
3.3939
31
-3.0839
12
1.0865
22
3.3982
32
-3.1246
13
1.0823
23
3.4981
33
-3.1284
0
3DFACE
8
B2_v2
10
0.9866
20
3.3939
30
-3.0839
11
0.9909
21
3.2940
31
-3.0788
12
1.0908
22
3.2983
32
-3.1192
13
1.0865
23
3.3982
33
-3.1246
0
3DFACE
8
B2_v2
10
0.9909
20
3.2940
30
-3.0788
11
0.9951
21
3.1941
31
-3.0717
12
1.0950
22
3.1984
32
-3.1102
13
1.0908
23
3.2983
33
-3.1192
0
3DFACE
8
B2_v2
10
0.9951
20
3.1941
30
-3.0717
11
0.9993
21
3.0942
31
-3.0635
12
1.0992
22
3.0984
32
-3.1044
13
1.0950
23
3.1984
33
-3.1102
0
3DFACE
8
B2_v2
10
0.9993
20
3.0942
30
-3.0635
11
1.0036
21
2.9943
31
-3.0590
12
1.1035
22
2.9985
32
-3.0997
13
1.0992
23
3.0984
33
-3.1044
0
3DFACE
8
B2_v2
10
1.0036
20
2.9943
30
-3.0590
11
1.0078
21
2.8944
31
-3.0537
12
1.1077
22
2.8986
32
-3.0955
13
1.1035
23
2.9985
33
-3.0997
0
3DFACE
8
B2_v2
10
1.0078
20
2.8944
30
-3.0537
11
1.0121
21
2.7945
31
-3.0486
12
1.1120
22
2.7987
32
-3.0902
13
1.1077
23
2.8986
33
-3.0955
0
3DFACE
8
B2_v2
10
1.0121
20
2.7945
30
-3.0486
11
1.0163
21
2.6946
31
-3.0418
12
1.1162
22
2.6988
32
-3.0830
13
1.1120
23
2.7987
33
-3.0902
0
3DFACE
8
B2_v2
10
1.0163
20
2.6946
30
-3.0418
11
1.0206
21
2.5947
31
-3.0342
12
1.1205
22
2.5989
32
-3.0758
13
1.1162
23
2.6988
33
-3.0830
0
3DFACE
8
B2_v2
10
1.0206
20
2.5947
30
-3.0342
11
1.0248
21
2.4947
31
-3.0262
12
1.1247
22
2.4990
32
-3.0679
13
1.1205
23
2.5989
33
-3.0758
0
3DFACE
8
B2_v2
10
1.0248
20
2.4947
30
-3.0262
11
1.0290
21
2.3948
31
-3.0173
12
1.1290
22
2.3991
32
-3.0587
13
1.1247
23
2.4990
33
-3.0679
0
3DFACE
8
B2_v2
10
1.0290
20
2.3948
30
-3.0173
11
1.0333
21
2.2949
31
-3.0063
12
1.1332
22
2.2992
32
-3.0498
13
1.1290
23
2.3991
33
-3.0587
0
3DFACE
8
B2_v2
10
1.0333
20
2.2949
30
-3.0063
11
1.0375
21
2.1950
31
-2.9959
12
1.1374
22
2.1993
32
-3.0412
13
1.1332
23
2.2992
33
-3.0498
0
3DFACE
8
B2_v2
10
1.0375
20
2.1950
30
-2.9959
11
1.0418
21
2.0951
31
-2.9874
12
1.1417
22
2.0993
32
-3.0319
13
1.1374
23
2.1993
33
-3.0412
0
3DFACE
8
B2_v2
10
1.0418
20
2.0951
30
-2.9874
11
1.0460
21
1.9952
31
-2.9787
12
1.1459
22
1.9994
32
-3.0218
13
1.1417
23
2.0993
33
-3.0319
0
3DFACE
8
B2_v2
10
1.0460
20
1.9952
30
-2.9787
11
1.0503
21
1.8953
31
-2.9680
12
1.1502
22
1.8995
32
-3.0135
13
1.1459
23
1.9994
33
-3.0218
0
3DFACE
8
B2_v2
10
1.0503
20
1.8953
30
-2.9680
11
1.0545
21
1.7954
31
-2.9553
12
1.1544
22
1.7996
32
-3.0022
13
1.1502
23
1.8995
33
-3.0135
0
3DFACE
8
B2_v2
10
1.0545
20
1.7954
30
-2.9553
11
1.0588
21
1.6955
31
-2.9412
12
1.1587
22
1.6997
32
-2.9884
13
1.1544
23
1.7996
33
-3.0022
0
3DFACE
8
B2_v2
10
1.0588
20
1.6955
30
-2.9412
11
1.0630
21
1.5956
31
-2.9262
12
1.1629
22
1.5998
32
-2.9688
13
1.1587
23
1.6997
33
-2.9884
0
3DFACE
8
B2_v2
10
1.0630
20
1.5956
30
-2.9262
11
1.0672
21
1.4956
31
-2.9063
12
1.1672
22
1.4999
32
-2.9504
13
1.1629
23
1.5998
33
-2.9688
0
3DFACE
8
B2_v2
10
1.0672
20
1.4956
30
-2.9063
11
1.0715
21
1.3957
31
-2.8871
12
1.1714
22
1.4000
32
-2.9297
13
1.1672
23
1.4999
33
-2.9504
0
3DFACE
8
B2_v2
10
1.0715
20
1.3957
30
-2.8871
11
1.0757
21
1.2958
31
-2.8680
12
1.1756
22
1.3001
32
-2.9086
13
1.1714
23
1.4000
33
-2.9297
0
3DFACE
8
B2_v2
10
1.0757
20
1.2958
30
-2.8680
11
1.0800
21
1.1959
31
-2.8483
12
1.1799
22
1.2002
32
-2.8881
13
1.1756
23
1.3001
33
-2.9086
0
3DFACE
8
B2_v2
10
1.0800
20
1.1959
30
-2.8483
11
1.0842
21
1.0960
31
-2.8288
12
1.1841
22
1.1002
32
-2.8677
13
1.1799
23
1.2002
33
-2.8881
0
3DFACE
8
B2_v2
10
1.0842
20
1.0960
30
-2.8288
11
1.0885
21
0.9961
31
-2.8096
12
1.1884
22
1.0003
32
-2.8471
13
1.1841
23
1.1002
33
-2.8677
0
3DFACE
8
B2_v2
10
1.0885
20
0.9961
30
-2.8096
11
1.0927
21
0.8962
31
-2.7901
12
1.1926
22
0.9004
32
-2.8256
13
1.1884
23
1.0003
33
-2.8471
0
3DFACE
8
B2_v2
10
1.0927
20
0.8962
30
-2.7901
11
1.0969
21
0.7963
31
-2.7712
12
1.1969
22
0.8005
32
-2.8078
13
1.1926
23
0.9004
33
-2.8256
0
3DFACE
8
B2_v2
10
1.0969
20
0.7963
30
-2.7712
11
1.1012
21
0.6964
31
-2.7582
12
1.2011
22
0.7006
32
-2.7946
13
1.1969
23
0.8005
33
-2.8078
0
3DFACE
8
B2_v2
10
1.1012
20
0.6964
30
-2.7582
11
1.1054
21
0.5965
31
-2.7486
12
1.2053
22
0.6007
32
-2.7844
13
1.2011
23
0.7006
33
-2.7946
0
3DFACE
8
B2_v2
10
1.1054
20
0.5965
30
-2.7486
11
1.1097
21
0.4965
31
-2.7417
12
1.2096
22
0.5008
32
-2.7772
13
1.2053
23
0.6007
33
-2.7844
0
3DFACE
8
B2_v2
10
1.1097
20
0.4965
30
-2.7417
11
1.1139
21
0.3966
31
-2.7377
12
1.2138
22
0.4009
32
-2.7714
13
1.2096
23
0.5008
33
-2.7772
0
3DFACE
8
B2_v2
10
1.1139
20
0.3966
30
-2.7377
11
1.1182
21
0.2967
31
-2.7331
12
1.2181
22
0.3010
32
-2.7669
13
1.2138
23
0.4009
33
-2.7714
0
3DFACE
8
B2_v2
10
1.1182
20
0.2967
30
-2.7331
11
1.1224
21
0.1968
31
-2.7285
12
1.2223
22
0.2011
32
-2.7615
13
1.2181
23
0.3010
33
-2.7669
0
3DFACE
8
B2_v2
10
1.1224
20
0.1968
30
-2.7285
11
1.1267
21
0.0969
31
-2.7240
12
1.2266
22
0.1011
32
-2.7568
13
1.2223
23
0.2011
33
-2.7615
0
3DFACE
8
B2_v2
10
1.1267
20
0.0969
30
-2.7240
11
1.1309
21
-0.0030
31
-2.7201
12
1.2308
22
0.0012
32
-2.7516
13
1.2266
23
0.1011
33
-2.7568
0
3DFACE
8
B2_v2
10
1.1309
20
-0.0030
30
-2.7201
11
1.1351
21
-0.1029
31
-2.7163
12
1.2351
22
-0.0987
32
-2.7468
13
1.2308
23
0.0012
33
-2.7516
0
3DFACE
8
B2_v2
10
1.1351
20
-0.1029
30
-2.7163
11
1.1394
21
-0.2028
31
-2.7105
12
1.2393
22
-0.1986
32
-2.7398
13
1.2351
23
-0.0987
33
-2.7468
0
3DFACE
8
B2_v2
10
1.1394
20
-0.2028
30
-2.7105
11
1.1436
21
-0.3027
31
-2.7026
12
1.2435
22
-0.2985
32
-2.7308
13
1.2393
23
-0.1986
33
-2.7398
0
3DFACE
8
B2_v2
10
1.1436
20
-0.3027
30
-2.7026
11
1.1479
21
-0.4026
31
-2.6923
12
1.2478
22
-0.3984
32
-2.7199
13
1.2435
23
-0.2985
33
-2.7308
0
3DFACE
8
B2_v2
10
1.1479
20
-0.4026
30
-2.6923
11
1.1521
21
-0.5026
31
-2.6803
12
1.2520
22
-0.4983
32
-2.7062
13
1.2478
23
-0.3984
33
-2.7199
0
3DFACE
8
B2_v2
10
1.1521
20
-0.5026
30
-2.6803
11
1.1564
21
-0.6025
31
-2.6663
12
1.2563
22
-0.5982
32
-2.6903
13
1.2520
23
-0.4983
33
-2.7062
0
3DFACE
8
B2_v2
10
1.1564
20
-0.6025
30
-2.6663
11
1.1606
21
-0.7024
31
-2.6527
12
1.2605
22
-0.6981
32
-2.6748
13
1.2563
23
-0.5982
33
-2.6903
0
3DFACE
8
B2_v2
10
1.1606
20
-0.7024
30
-2.6527
11
1.1649
21
-0.8023
31
-2.6391
12
1.2648
22
-0.7980
32
-2.6592
13
1.2605
23
-0.6981
33
-2.6748
0
3DFACE
8
B2_v2
10
1.1649
20
-0.8023
30
-2.6391
11
1.1691
21
-0.9022
31
-2.6265
12
1.2690
22
-0.8980
32
-2.6434
13
1.2648
23
-0.7980
33
-2.6592
0
3DFACE
8
B2_v2
10
1.1691
20
-0.9022
30
-2.6265
11
1.1733
21
-1.0021
31
-2.6139
12
1.2732
22
-0.9979
32
-2.6279
13
1.2690
23
-0.8980
33
-2.6434
0
3DFACE
8
B2_v2
10
1.1733
20
-1.0021
30
-2.6139
11
1.1776
21
-1.1020
31
-2.6004
12
1.2775
22
-1.0978
32
-2.6143
13
1.2732
23
-0.9979
33
-2.6279
0
3DFACE
8
B2_v2
10
1.1776
20
-1.1020
30
-2.6004
11
1.1818
21
-1.2019
31
-2.5911
12
1.2817
22
-1.1977
32
-2.6038
13
1.2775
23
-1.0978
33
-2.6143
0
3DFACE
8
B2_v2
10
1.1818
20
-1.2019
30
-2.5911
11
1.1861
21
-1.3018
31
-2.5843
12
1.2860
22
-1.2976
32
-2.5957
13
1.2817
23
-1.1977
33
-2.6038
0
3DFACE
8
B2_v2
10
1.0738
20
3.6979
30
-3.1365
11
1.0780
21
3.5980
31
-3.1315
12
1.1779
22
3.6022
32
-3.1714
13
1.1737
23
3.7021
33
-3.1749
0
3DFACE
8
B2_v2
10
1.0780
20
3.5980
30
-3.1315
11
1.0823
21
3.4981
31
-3.1284
12
1.1822
22
3.5023
32
-3.1685
13
1.1779
23
3.6022
33
-3.1714
0
3DFACE
8
B2_v2
10
1.0823
20
3.4981
30
-3.1284
11
1.0865
21
3.3982
31
-3.1246
12
1.1864
22
3.4024
32
-3.1645
13
1.1822
23
3.5023
33
-3.1685
0
3DFACE
8
B2_v2
10
1.0865
20
3.3982
30
-3.1246
11
1.0908
21
3.2983
31
-3.1192
12
1.1907
22
3.3025
32
-3.1581
13
1.1864
23
3.4024
33
-3.1645
0
3DFACE
8
B2_v2
10
1.0908
20
3.2983
30
-3.1192
11
1.0950
21
3.1984
31
-3.1102
12
1.1949
22
3.2026
32
-3.1500
13
1.1907
23
3.3025
33
-3.1581
0
3DFACE
8
B2_v2
10
1.0950
20
3.1984
30
-3.1102
11
1.0992
21
3.0984
31
-3.1044
12
1.1992
22
3.1027
32
-3.1454
13
1.1949
23
3.2026
33
-3.1500
0
3DFACE
8
B2_v2
10
1.0992
20
3.0984
30
-3.1044
11
1.1035
21
2.9985
31
-3.0997
12
1.2034
22
3.0028
32
-3.1421
13
1.1992
23
3.1027
33
-3.1454
0
3DFACE
8
B2_v2
10
1.1035
20
2.9985
30
-3.0997
11
1.1077
21
2.8986
31
-3.0955
12
1.2076
22
2.9029
32
-3.1382
13
1.2034
23
3.0028
33
-3.1421
0
3DFACE
8
B2_v2
10
1.1077
20
2.8986
30
-3.0955
11
1.1120
21
2.7987
31
-3.0902
12
1.2119
22
2.8030
32
-3.1335
13
1.2076
23
2.9029
33
-3.1382
0
3DFACE
8
B2_v2
10
1.1120
20
2.7987
30
-3.0902
11
1.1162
21
2.6988
31
-3.0830
12
1.2161
22
2.7030
32
-3.1265
13
1.2119
23
2.8030
33
-3.1335
0
3DFACE
8
B2_v2
10
1.1162
20
2.6988
30
-3.0830
11
1.1205
21
2.5989
31
-3.0758
12
1.2204
22
2.6031
32
-3.1191
13
1.2161
23
2.7030
33
-3.1265
0
3DFACE
8
B2_v2
10
1.1205
20
2.5989
30
-3.0758
11
1.1247
21
2.4990
31
-3.0679
12
1.2246
22
2.5032
32
-3.1122
13
1.2204
23
2.6031
33
-3.1191
0
3DFACE
8
B2_v2
10
1.1247
20
2.4990
30
-3.0679
11
1.1290
21
2.3991
31
-3.0587
12
1.2289
22
2.4033
32
-3.1048
13
1.2246
23
2.5032
33
-3.1122
0
3DFACE
8
B2_v2
10
1.1290
20
2.3991
30
-3.0587
11
1.1332
21
2.2992
31
-3.0498
12
1.2331
22
2.3034
32
-3.0962
13
1.2289
23
2.4033
33
-3.1048
0
3DFACE
8
B2_v2
10
1.1332
20
2.2992
30
-3.0498
11
1.1374
21
2.1993
31
-3.0412
12
1.2374
22
2.2035
32
-3.0860
13
1.2331
23
2.3034
33
-3.0962
0
3DFACE
8
B2_v2
10
1.1374
20
2.1993
30
-3.0412
11
1.1417
21
2.0993
31
-3.0319
12
1.2416
22
2.1036
32
-3.0781
13
1.2374
23
2.2035
33
-3.0860
0
3DFACE
8
B2_v2
10
1.1417
20
2.0993
30
-3.0319
11
1.1459
21
1.9994
31
-3.0218
12
1.2458
22
2.0037
32
-3.0696
13
1.2416
23
2.1036
33
-3.0781
0
3DFACE
8
B2_v2
10
1.1459
20
1.9994
30
-3.0218
11
1.1502
21
1.8995
31
-3.0135
12
1.2501
22
1.9038
32
-3.0605
13
1.2458
23
2.0037
33
-3.0696
0
3DFACE
8
B2_v2
10
1.1502
20
1.8995
30
-3.0135
11
1.1544
21
1.7996
31
-3.0022
12
1.2543
22
1.8039
32
-3.0485
13
1.2501
23
1.9038
33
-3.0605
0
3DFACE
8
B2_v2
10
1.1544
20
1.7996
30
-3.0022
11
1.1587
21
1.6997
31
-2.9884
12
1.2586
22
1.7039
32
-3.0336
13
1.2543
23
1.8039
33
-3.0485
0
3DFACE
8
B2_v2
10
1.1587
20
1.6997
30
-2.9884
11
1.1629
21
1.5998
31
-2.9688
12
1.2628
22
1.6040
32
-3.0158
13
1.2586
23
1.7039
33
-3.0336
0
3DFACE
8
B2_v2
10
1.1629
20
1.5998
30
-2.9688
11
1.1672
21
1.4999
31
-2.9504
12
1.2671
22
1.5041
32
-2.9956
13
1.2628
23
1.6040
33
-3.0158
0
3DFACE
8
B2_v2
10
1.1672
20
1.4999
30
-2.9504
11
1.1714
21
1.4000
31
-2.9297
12
1.2713
22
1.4042
32
-2.9735
13
1.2671
23
1.5041
33
-2.9956
0
3DFACE
8
B2_v2
10
1.1714
20
1.4000
30
-2.9297
11
1.1756
21
1.3001
31
-2.9086
12
1.2755
22
1.3043
32
-2.9514
13
1.2713
23
1.4042
33
-2.9735
0
3DFACE
8
B2_v2
10
1.1756
20
1.3001
30
-2.9086
11
1.1799
21
1.2002
31
-2.8881
12
1.2798
22
1.2044
32
-2.9299
13
1.2755
23
1.3043
33
-2.9514
0
3DFACE
8
B2_v2
10
1.1799
20
1.2002
30
-2.8881
11
1.1841
21
1.1002
31
-2.8677
12
1.2840
22
1.1045
32
-2.9082
13
1.2798
23
1.2044
33
-2.9299
0
3DFACE
8
B2_v2
10
1.1841
20
1.1002
30
-2.8677
11
1.1884
21
1.0003
31
-2.8471
12
1.2883
22
1.0046
32
-2.8859
13
1.2840
23
1.1045
33
-2.9082
0
3DFACE
8
B2_v2
10
1.1884
20
1.0003
30
-2.8471
11
1.1926
21
0.9004
31
-2.8256
12
1.2925
22
0.9047
32
-2.8642
13
1.2883
23
1.0046
33
-2.8859
0
3DFACE
8
B2_v2
10
1.1926
20
0.9004
30
-2.8256
11
1.1969
21
0.8005
31
-2.8078
12
1.2968
22
0.8048
32
-2.8455
13
1.2925
23
0.9047
33
-2.8642
0
3DFACE
8
B2_v2
10
1.1969
20
0.8005
30
-2.8078
11
1.2011
21
0.7006
31
-2.7946
12
1.3010
22
0.7048
32
-2.8300
13
1.2968
23
0.8048
33
-2.8455
0
3DFACE
8
B2_v2
10
1.2011
20
0.7006
30
-2.7946
11
1.2053
21
0.6007
31
-2.7844
12
1.3053
22
0.6049
32
-2.8176
13
1.3010
23
0.7048
33
-2.8300
0
3DFACE
8
B2_v2
10
1.2053
20
0.6007
30
-2.7844
11
1.2096
21
0.5008
31
-2.7772
12
1.3095
22
0.5050
32
-2.8096
13
1.3053
23
0.6049
33
-2.8176
0
3DFACE
8
B2_v2
10
1.2096
20
0.5008
30
-2.7772
11
1.2138
21
0.4009
31
-2.7714
12
1.3137
22
0.4051
32
-2.8049
13
1.3095
23
0.5050
33
-2.8096
0
3DFACE
8
B2_v2
10
1.2138
20
0.4009
30
-2.7714
11
1.2181
21
0.3010
31
-2.7669
12
1.3180
22
0.3052
32
-2.8001
13
1.3137
23
0.4051
33
-2.8049
0
3DFACE
8
B2_v2
10
1.2181
20
0.3010
30
-2.7669
11
1.2223
21
0.2011
31
-2.7615
12
1.3222
22
0.2053
32
-2.7943
13
1.3180
23
0.3052
33
-2.8001
0
3DFACE
8
B2_v2
10
1.2223
20
0.2011
30
-2.7615
11
1.2266
21
0.1011
31
-2.7568
12
1.3265
22
0.1054
32
-2.7891
13
1.3222
23
0.2053
33
-2.7943
0
3DFACE
8
B2_v2
10
1.2266
20
0.1011
30
-2.7568
11
1.2308
21
0.0012
31
-2.7516
12
1.3307
22
0.0055
32
-2.7821
13
1.3265
23
0.1054
33
-2.7891
0
3DFACE
8
B2_v2
10
1.2308
20
0.0012
30
-2.7516
11
1.2351
21
-0.0987
31
-2.7468
12
1.3350
22
-0.0944
32
-2.7765
13
1.3307
23
0.0055
33
-2.7821
0
3DFACE
8
B2_v2
10
1.2351
20
-0.0987
30
-2.7468
11
1.2393
21
-0.1986
31
-2.7398
12
1.3392
22
-0.1943
32
-2.7689
13
1.3350
23
-0.0944
33
-2.7765
0
3DFACE
8
B2_v2
10
1.2393
20
-0.1986
30
-2.7398
11
1.2435
21
-0.2985
31
-2.7308
12
1.3435
22
-0.2942
32
-2.7591
13
1.3392
23
-0.1943
33
-2.7689
0
3DFACE
8
B2_v2
10
1.2435
20
-0.2985
30
-2.7308
11
1.2478
21
-0.3984
31
-2.7199
12
1.3477
22
-0.3942
32
-2.7471
13
1.3435
23
-0.2942
33
-2.7591
0
3DFACE
8
B2_v2
10
1.2478
20
-0.3984
30
-2.7199
11
1.2520
21
-0.4983
31
-2.7062
12
1.3519
22
-0.4941
32
-2.7320
13
1.3477
23
-0.3942
33
-2.7471
0
3DFACE
8
B2_v2
10
1.2520
20
-0.4983
30
-2.7062
11
1.2563
21
-0.5982
31
-2.6903
12
1.3562
22
-0.5940
32
-2.7145
13
1.3519
23
-0.4941
33
-2.7320
0
3DFACE
8
B2_v2
10
1.2563
20
-0.5982
30
-2.6903
11
1.2605
21
-0.6981
31
-2.6748
12
1.3604
22
-0.6939
32
-2.6973
13
1.3562
23
-0.5940
33
-2.7145
0
3DFACE
8
B2_v2
10
1.2605
20
-0.6981
30
-2.6748
11
1.2648
21
-0.7980
31
-2.6592
12
1.3647
22
-0.7938
32
-2.6803
13
1.3604
23
-0.6939
33
-2.6973
0
3DFACE
8
B2_v2
10
1.2648
20
-0.7980
30
-2.6592
11
1.2690
21
-0.8980
31
-2.6434
12
1.3689
22
-0.8937
32
-2.6632
13
1.3647
23
-0.7938
33
-2.6803
0
3DFACE
8
B2_v2
10
1.2690
20
-0.8980
30
-2.6434
11
1.2732
21
-0.9979
31
-2.6279
12
1.3732
22
-0.9936
32
-2.6460
13
1.3689
23
-0.8937
33
-2.6632
0
3DFACE
8
B2_v2
10
1.2732
20
-0.9979
30
-2.6279
11
1.2775
21
-1.0978
31
-2.6143
12
1.3774
22
-1.0935
32
-2.6291
13
1.3732
23
-0.9936
33
-2.6460
0
3DFACE
8
B2_v2
10
1.2775
20
-1.0978
30
-2.6143
11
1.2817
21
-1.1977
31
-2.6038
12
1.3816
22
-1.1934
32
-2.6165
13
1.3774
23
-1.0935
33
-2.6291
0
3DFACE
8
B2_v2
10
1.2817
20
-1.1977
30
-2.6038
11
1.2860
21
-1.2976
31
-2.5957
12
1.3859
22
-1.2933
32
-2.6076
13
1.3816
23
-1.1934
33
-2.6165
0
3DFACE
8
B2_v2
10
1.1737
20
3.7021
30
-3.1749
11
1.1779
21
3.6022
31
-3.1714
12
1.2779
22
3.6065
32
-3.2111
13
1.2736
23
3.7064
33
-3.2139
0
3DFACE
8
B2_v2
10
1.1779
20
3.6022
30
-3.1714
11
1.1822
21
3.5023
31
-3.1685
12
1.2821
22
3.5066
32
-3.2075
13
1.2779
23
3.6065
33
-3.2111
0
3DFACE
8
B2_v2
10
1.1822
20
3.5023
30
-3.1685
11
1.1864
21
3.4024
31
-3.1645
12
1.2863
22
3.4067
32
-3.2020
13
1.2821
23
3.5066
33
-3.2075
0
3DFACE
8
B2_v2
10
1.1864
20
3.4024
30
-3.1645
11
1.1907
21
3.3025
31
-3.1581
12
1.2906
22
3.3068
32
-3.1948
13
1.2863
23
3.4067
33
-3.2020
0
3DFACE
8
B2_v2
10
1.1907
20
3.3025
30
-3.1581
11
1.1949
21
3.2026
31
-3.1500
12
1.2948
22
3.2068
32
-3.1900
13
1.2906
23
3.3068
33
-3.1948
0
3DFACE
8
B2_v2
10
1.1949
20
3.2026
30
-3.1500
11
1.1992
21
3.1027
31
-3.1454
12
1.2991
22
3.1069
32
-3.1860
13
1.2948
23
3.2068
33
-3.1900
0
3DFACE
8
B2_v2
10
1.1992
20
3.1027
30
-3.1454
11
1.2034
21
3.0028
31
-3.1421
12
1.3033
22
3.0070
32
-3.1813
13
1.2991
23
3.1069
33
-3.1860
0
3DFACE
8
B2_v2
10
1.2034
20
3.0028
30
-3.1421
11
1.2076
21
2.9029
31
-3.1382
12
1.3076
22
2.9071
32
-3.1752
13
1.3033
23
3.0070
33
-3.1813
0
3DFACE
8
B2_v2
10
1.2076
20
2.9029
30
-3.1382
11
1.2119
21
2.8030
31
-3.1335
12
1.3118
22
2.8072
32
-3.1693
13
1.3076
23
2.9071
33
-3.1752
0
3DFACE
8
B2_v2
10
1.2119
20
2.8030
30
-3.1335
11
1.2161
21
2.7030
31
-3.1265
12
1.3160
22
2.7073
32
-3.1649
13
1.3118
23
2.8072
33
-3.1693
0
3DFACE
8
B2_v2
10
1.2161
20
2.7030
30
-3.1265
11
1.2204
21
2.6031
31
-3.1191
12
1.3203
22
2.6074
32
-3.1592
13
1.3160
23
2.7073
33
-3.1649
0
3DFACE
8
B2_v2
10
1.2204
20
2.6031
30
-3.1191
11
1.2246
21
2.5032
31
-3.1122
12
1.3245
22
2.5075
32
-3.1521
13
1.3203
23
2.6074
33
-3.1592
0
3DFACE
8
B2_v2
10
1.2246
20
2.5032
30
-3.1122
11
1.2289
21
2.4033
31
-3.1048
12
1.3288
22
2.4076
32
-3.1442
13
1.3245
23
2.5075
33
-3.1521
0
3DFACE
8
B2_v2
10
1.2289
20
2.4033
30
-3.1048
11
1.2331
21
2.3034
31
-3.0962
12
1.3330
22
2.3077
32
-3.1357
13
1.3288
23
2.4076
33
-3.1442
0
3DFACE
8
B2_v2
10
1.2331
20
2.3034
30
-3.0962
11
1.2374
21
2.2035
31
-3.0860
12
1.3373
22
2.2077
32
-3.1281
13
1.3330
23
2.3077
33
-3.1357
0
3DFACE
8
B2_v2
10
1.2374
20
2.2035
30
-3.0860
11
1.2416
21
2.1036
31
-3.0781
12
1.3415
22
2.1078
32
-3.1218
13
1.3373
23
2.2077
33
-3.1281
0
3DFACE
8
B2_v2
10
1.2416
20
2.1036
30
-3.0781
11
1.2458
21
2.0037
31
-3.0696
12
1.3458
22
2.0079
32
-3.1152
13
1.3415
23
2.1078
33
-3.1218
0
3DFACE
8
B2_v2
10
1.2458
20
2.0037
30
-3.0696
11
1.2501
21
1.9038
31
-3.0605
12
1.3500
22
1.9080
32
-3.1069
13
1.3458
23
2.0079
33
-3.1152
0
3DFACE
8
B2_v2
10
1.2501
20
1.9038
30
-3.0605
11
1.2543
21
1.8039
31
-3.0485
12
1.3542
22
1.8081
32
-3.0948
13
1.3500
23
1.9080
33
-3.1069
0
3DFACE
8
B2_v2
10
1.2543
20
1.8039
30
-3.0485
11
1.2586
21
1.7039
31
-3.0336
12
1.3585
22
1.7082
32
-3.0792
13
1.3542
23
1.8081
33
-3.0948
0
3DFACE
8
B2_v2
10
1.2586
20
1.7039
30
-3.0336
11
1.2628
21
1.6040
31
-3.0158
12
1.3627
22
1.6083
32
-3.0615
13
1.3585
23
1.7082
33
-3.0792
0
3DFACE
8
B2_v2
10
1.2628
20
1.6040
30
-3.0158
11
1.2671
21
1.5041
31
-2.9956
12
1.3670
22
1.5084
32
-3.0416
13
1.3627
23
1.6083
33
-3.0615
0
3DFACE
8
B2_v2
10
1.2671
20
1.5041
30
-2.9956
11
1.2713
21
1.4042
31
-2.9735
12
1.3712
22
1.4085
32
-3.0186
13
1.3670
23
1.5084
33
-3.0416
0
3DFACE
8
B2_v2
10
1.2713
20
1.4042
30
-2.9735
11
1.2755
21
1.3043
31
-2.9514
12
1.3755
22
1.3086
32
-2.9959
13
1.3712
23
1.4085
33
-3.0186
0
3DFACE
8
B2_v2
10
1.2755
20
1.3043
30
-2.9514
11
1.2798
21
1.2044
31
-2.9299
12
1.3797
22
1.2086
32
-2.9722
13
1.3755
23
1.3086
33
-2.9959
0
3DFACE
8
B2_v2
10
1.2798
20
1.2044
30
-2.9299
11
1.2840
21
1.1045
31
-2.9082
12
1.3839
22
1.1087
32
-2.9483
13
1.3797
23
1.2086
33
-2.9722
0
3DFACE
8
B2_v2
10
1.2840
20
1.1045
30
-2.9082
11
1.2883
21
1.0046
31
-2.8859
12
1.3882
22
1.0088
32
-2.9247
13
1.3839
23
1.1087
33
-2.9483
0
3DFACE
8
B2_v2
10
1.2883
20
1.0046
30
-2.8859
11
1.2925
21
0.9047
31
-2.8642
12
1.3924
22
0.9089
32
-2.9007
13
1.3882
23
1.0088
33
-2.9247
0
3DFACE
8
B2_v2
10
1.2925
20
0.9047
30
-2.8642
11
1.2968
21
0.8048
31
-2.8455
12
1.3967
22
0.8090
32
-2.8806
13
1.3924
23
0.9089
33
-2.9007
0
3DFACE
8
B2_v2
10
1.2968
20
0.8048
30
-2.8455
11
1.3010
21
0.7048
31
-2.8300
12
1.4009
22
0.7091
32
-2.8645
13
1.3967
23
0.8090
33
-2.8806
0
3DFACE
8
B2_v2
10
1.3010
20
0.7048
30
-2.8300
11
1.3053
21
0.6049
31
-2.8176
12
1.4052
22
0.6092
32
-2.8514
13
1.4009
23
0.7091
33
-2.8645
0
3DFACE
8
B2_v2
10
1.3053
20
0.6049
30
-2.8176
11
1.3095
21
0.5050
31
-2.8096
12
1.4094
22
0.5093
32
-2.8429
13
1.4052
23
0.6092
33
-2.8514
0
3DFACE
8
B2_v2
10
1.3095
20
0.5050
30
-2.8096
11
1.3137
21
0.4051
31
-2.8049
12
1.4137
22
0.4094
32
-2.8377
13
1.4094
23
0.5093
33
-2.8429
0
3DFACE
8
B2_v2
10
1.3137
20
0.4051
30
-2.8049
11
1.3180
21
0.3052
31
-2.8001
12
1.4179
22
0.3095
32
-2.8320
13
1.4137
23
0.4094
33
-2.8377
0
3DFACE
8
B2_v2
10
1.3180
20
0.3052
30
-2.8001
11
1.3222
21
0.2053
31
-2.7943
12
1.4221
22
0.2095
32
-2.8253
13
1.4179
23
0.3095
33
-2.8320
0
3DFACE
8
B2_v2
10
1.3222
20
0.2053
30
-2.7943
11
1.3265
21
0.1054
31
-2.7891
12
1.4264
22
0.1096
32
-2.8186
13
1.4221
23
0.2095
33
-2.8253
0
3DFACE
8
B2_v2
10
1.3265
20
0.1054
30
-2.7891
11
1.3307
21
0.0055
31
-2.7821
12
1.4306
22
0.0097
32
-2.8124
13
1.4264
23
0.1096
33
-2.8186
0
3DFACE
8
B2_v2
10
1.3307
20
0.0055
30
-2.7821
11
1.3350
21
-0.0944
31
-2.7765
12
1.4349
22
-0.0902
32
-2.8061
13
1.4306
23
0.0097
33
-2.8124
0
3DFACE
8
B2_v2
10
1.3350
20
-0.0944
30
-2.7765
11
1.3392
21
-0.1943
31
-2.7689
12
1.4391
22
-0.1901
32
-2.7981
13
1.4349
23
-0.0902
33
-2.8061
0
3DFACE
8
B2_v2
10
1.3392
20
-0.1943
30
-2.7689
11
1.3435
21
-0.2942
31
-2.7591
12
1.4434
22
-0.2900
32
-2.7870
13
1.4391
23
-0.1901
33
-2.7981
0
3DFACE
8
B2_v2
10
1.3435
20
-0.2942
30
-2.7591
11
1.3477
21
-0.3942
31
-2.7471
12
1.4476
22
-0.3899
32
-2.7737
13
1.4434
23
-0.2900
33
-2.7870
0
3DFACE
8
B2_v2
10
1.3477
20
-0.3942
30
-2.7471
11
1.3519
21
-0.4941
31
-2.7320
12
1.4518
22
-0.4898
32
-2.7563
13
1.4476
23
-0.3899
33
-2.7737
0
3DFACE
8
B2_v2
10
1.3519
20
-0.4941
30
-2.7320
11
1.3562
21
-0.5940
31
-2.7145
12
1.4561
22
-0.5897
32
-2.7381
13
1.4518
23
-0.4898
33
-2.7563
0
3DFACE
8
B2_v2
10
1.3562
20
-0.5940
30
-2.7145
11
1.3604
21
-0.6939
31
-2.6973
12
1.4603
22
-0.6896
32
-2.7203
13
1.4561
23
-0.5897
33
-2.7381
0
3DFACE
8
B2_v2
10
1.3604
20
-0.6939
30
-2.6973
11
1.3647
21
-0.7938
31
-2.6803
12
1.4646
22
-0.7896
32
-2.7021
13
1.4603
23
-0.6896
33
-2.7203
0
3DFACE
8
B2_v2
10
1.3647
20
-0.7938
30
-2.6803
11
1.3689
21
-0.8937
31
-2.6632
12
1.4688
22
-0.8895
32
-2.6847
13
1.4646
23
-0.7896
33
-2.7021
0
3DFACE
8
B2_v2
10
1.3689
20
-0.8937
30
-2.6632
11
1.3732
21
-0.9936
31
-2.6460
12
1.4731
22
-0.9894
32
-2.6665
13
1.4688
23
-0.8895
33
-2.6847
0
3DFACE
8
B2_v2
10
1.3732
20
-0.9936
30
-2.6460
11
1.3774
21
-1.0935
31
-2.6291
12
1.4773
22
-1.0893
32
-2.6479
13
1.4731
23
-0.9894
33
-2.6665
0
3DFACE
8
B2_v2
10
1.3774
20
-1.0935
30
-2.6291
11
1.3816
21
-1.1934
31
-2.6165
12
1.4816
22
-1.1892
32
-2.6333
13
1.4773
23
-1.0893
33
-2.6479
0
3DFACE
8
B2_v2
10
1.3816
20
-1.1934
30
-2.6165
11
1.3859
21
-1.2933
31
-2.6076
12
1.4858
22
-1.2891
32
-2.6236
13
1.4816
23
-1.1892
33
-2.6333
0
3DFACE
8
B2_v2
10
1.2736
20
3.7064
30
-3.2139
11
1.2779
21
3.6065
31
-3.2111
12
1.3778
22
3.6107
32
-3.2497
13
1.3735
23
3.7106
33
-3.2536
0
3DFACE
8
B2_v2
10
1.2779
20
3.6065
30
-3.2111
11
1.2821
21
3.5066
31
-3.2075
12
1.3820
22
3.5108
32
-3.2463
13
1.3778
23
3.6107
33
-3.2497
0
3DFACE
8
B2_v2
10
1.2821
20
3.5066
30
-3.2075
11
1.2863
21
3.4067
31
-3.2020
12
1.3862
22
3.4109
32
-3.2406
13
1.3820
23
3.5108
33
-3.2463
0
3DFACE
8
B2_v2
10
1.2863
20
3.4067
30
-3.2020
11
1.2906
21
3.3068
31
-3.1948
12
1.3905
22
3.3110
32
-3.2353
13
1.3862
23
3.4109
33
-3.2406
0
3DFACE
8
B2_v2
10
1.2906
20
3.3068
30
-3.1948
11
1.2948
21
3.2068
31
-3.1900
12
1.3947
22
3.2111
32
-3.2302
13
1.3905
23
3.3110
33
-3.2353
0
3DFACE
8
B2_v2
10
1.2948
20
3.2068
30
-3.1900
11
1.2991
21
3.1069
31
-3.1860
12
1.3990
22
3.1112
32
-3.2245
13
1.3947
23
3.2111
33
-3.2302
0
3DFACE
8
B2_v2
10
1.2991
20
3.1069
30
-3.1860
11
1.3033
21
3.0070
31
-3.1813
12
1.4032
22
3.0113
32
-3.2188
13
1.3990
23
3.1112
33
-3.2245
0
3DFACE
8
B2_v2
10
1.3033
20
3.0070
30
-3.1813
11
1.3076
21
2.9071
31
-3.1752
12
1.4075
22
2.9114
32
-3.2139
13
1.4032
23
3.0113
33
-3.2188
0
3DFACE
8
B2_v2
10
1.3076
20
2.9071
30
-3.1752
11
1.3118
21
2.8072
31
-3.1693
12
1.4117
22
2.8114
32
-3.2092
13
1.4075
23
2.9114
33
-3.2139
0
3DFACE
8
B2_v2
10
1.3118
20
2.8072
30
-3.1693
11
1.3160
21
2.7073
31
-3.1649
12
1.4160
22
2.7115
32
-3.2040
13
1.4117
23
2.8114
33
-3.2092
0
3DFACE
8
B2_v2
10
1.3160
20
2.7073
30
-3.1649
11
1.3203
21
2.6074
31
-3.1592
12
1.4202
22
2.6116
32
-3.1978
13
1.4160
23
2.7115
33
-3.2040
0
3DFACE
8
B2_v2
10
1.3203
20
2.6074
30
-3.1592
11
1.3245
21
2.5075
31
-3.1521
12
1.4244
22
2.5117
32
-3.1909
13
1.4202
23
2.6116
33
-3.1978
0
3DFACE
8
B2_v2
10
1.3245
20
2.5075
30
-3.1521
11
1.3288
21
2.4076
31
-3.1442
12
1.4287
22
2.4118
32
-3.1848
13
1.4244
23
2.5117
33
-3.1909
0
3DFACE
8
B2_v2
10
1.3288
20
2.4076
30
-3.1442
11
1.3330
21
2.3077
31
-3.1357
12
1.4329
22
2.3119
32
-3.1784
13
1.4287
23
2.4118
33
-3.1848
0
3DFACE
8
B2_v2
10
1.3330
20
2.3077
30
-3.1357
11
1.3373
21
2.2077
31
-3.1281
12
1.4372
22
2.2120
32
-3.1716
13
1.4329
23
2.3119
33
-3.1784
0
3DFACE
8
B2_v2
10
1.3373
20
2.2077
30
-3.1281
11
1.3415
21
2.1078
31
-3.1218
12
1.4414
22
2.1121
32
-3.1658
13
1.4372
23
2.2120
33
-3.1716
0
3DFACE
8
B2_v2
10
1.3415
20
2.1078
30
-3.1218
11
1.3458
21
2.0079
31
-3.1152
12
1.4457
22
2.0122
32
-3.1595
13
1.4414
23
2.1121
33
-3.1658
0
3DFACE
8
B2_v2
10
1.3458
20
2.0079
30
-3.1152
11
1.3500
21
1.9080
31
-3.1069
12
1.4499
22
1.9123
32
-3.1517
13
1.4457
23
2.0122
33
-3.1595
0
3DFACE
8
B2_v2
10
1.3500
20
1.9080
30
-3.1069
11
1.3542
21
1.8081
31
-3.0948
12
1.4542
22
1.8123
32
-3.1409
13
1.4499
23
1.9123
33
-3.1517
0
3DFACE
8
B2_v2
10
1.3542
20
1.8081
30
-3.0948
11
1.3585
21
1.7082
31
-3.0792
12
1.4584
22
1.7124
32
-3.1272
13
1.4542
23
1.8123
33
-3.1409
0
3DFACE
8
B2_v2
10
1.3585
20
1.7082
30
-3.0792
11
1.3627
21
1.6083
31
-3.0615
12
1.4626
22
1.6125
32
-3.1092
13
1.4584
23
1.7124
33
-3.1272
0
3DFACE
8
B2_v2
10
1.3627
20
1.6083
30
-3.0615
11
1.3670
21
1.5084
31
-3.0416
12
1.4669
22
1.5126
32
-3.0896
13
1.4626
23
1.6125
33
-3.1092
0
3DFACE
8
B2_v2
10
1.3670
20
1.5084
30
-3.0416
11
1.3712
21
1.4085
31
-3.0186
12
1.4711
22
1.4127
32
-3.0651
13
1.4669
23
1.5126
33
-3.0896
0
3DFACE
8
B2_v2
10
1.3712
20
1.4085
30
-3.0186
11
1.3755
21
1.3086
31
-2.9959
12
1.4754
22
1.3128
32
-3.0404
13
1.4711
23
1.4127
33
-3.0651
0
3DFACE
8
B2_v2
10
1.3755
20
1.3086
30
-2.9959
11
1.3797
21
1.2086
31
-2.9722
12
1.4796
22
1.2129
32
-3.0150
13
1.4754
23
1.3128
33
-3.0404
0
3DFACE
8
B2_v2
10
1.3797
20
1.2086
30
-2.9722
11
1.3839
21
1.1087
31
-2.9483
12
1.4839
22
1.1130
32
-2.9894
13
1.4796
23
1.2129
33
-3.0150
0
3DFACE
8
B2_v2
10
1.3839
20
1.1087
30
-2.9483
11
1.3882
21
1.0088
31
-2.9247
12
1.4881
22
1.0131
32
-2.9639
13
1.4839
23
1.1130
33
-2.9894
0
3DFACE
8
B2_v2
10
1.3882
20
1.0088
30
-2.9247
11
1.3924
21
0.9089
31
-2.9007
12
1.4923
22
0.9132
32
-2.9391
13
1.4881
23
1.0131
33
-2.9639
0
3DFACE
8
B2_v2
10
1.3924
20
0.9089
30
-2.9007
11
1.3967
21
0.8090
31
-2.8806
12
1.4966
22
0.8132
32
-2.9181
13
1.4923
23
0.9132
33
-2.9391
0
3DFACE
8
B2_v2
10
1.3967
20
0.8090
30
-2.8806
11
1.4009
21
0.7091
31
-2.8645
12
1.5008
22
0.7133
32
-2.9007
13
1.4966
23
0.8132
33
-2.9181
0
3DFACE
8
B2_v2
10
1.4009
20
0.7091
30
-2.8645
11
1.4052
21
0.6092
31
-2.8514
12
1.5051
22
0.6134
32
-2.8874
13
1.5008
23
0.7133
33
-2.9007
0
3DFACE
8
B2_v2
10
1.4052
20
0.6092
30
-2.8514
11
1.4094
21
0.5093
31
-2.8429
12
1.5093
22
0.5135
32
-2.8778
13
1.5051
23
0.6134
33
-2.8874
0
3DFACE
8
B2_v2
10
1.4094
20
0.5093
30
-2.8429
11
1.4137
21
0.4094
31
-2.8377
12
1.5136
22
0.4136
32
-2.8717
13
1.5093
23
0.5135
33
-2.8778
0
3DFACE
8
B2_v2
10
1.4137
20
0.4094
30
-2.8377
11
1.4179
21
0.3095
31
-2.8320
12
1.5178
22
0.3137
32
-2.8658
13
1.5136
23
0.4136
33
-2.8717
0
3DFACE
8
B2_v2
10
1.4179
20
0.3095
30
-2.8320
11
1.4221
21
0.2095
31
-2.8253
12
1.5221
22
0.2138
32
-2.8579
13
1.5178
23
0.3137
33
-2.8658
0
3DFACE
8
B2_v2
10
1.4221
20
0.2095
30
-2.8253
11
1.4264
21
0.1096
31
-2.8186
12
1.5263
22
0.1139
32
-2.8514
13
1.5221
23
0.2138
33
-2.8579
0
3DFACE
8
B2_v2
10
1.4264
20
0.1096
30
-2.8186
11
1.4306
21
0.0097
31
-2.8124
12
1.5305
22
0.0140
32
-2.8445
13
1.5263
23
0.1139
33
-2.8514
0
3DFACE
8
B2_v2
10
1.4306
20
0.0097
30
-2.8124
11
1.4349
21
-0.0902
31
-2.8061
12
1.5348
22
-0.0859
32
-2.8384
13
1.5305
23
0.0140
33
-2.8445
0
3DFACE
8
B2_v2
10
1.4349
20
-0.0902
30
-2.8061
11
1.4391
21
-0.1901
31
-2.7981
12
1.5390
22
-0.1859
32
-2.8298
13
1.5348
23
-0.0859
33
-2.8384
0
3DFACE
8
B2_v2
10
1.4391
20
-0.1901
30
-2.7981
11
1.4434
21
-0.2900
31
-2.7870
12
1.5433
22
-0.2858
32
-2.8175
13
1.5390
23
-0.1859
33
-2.8298
0
3DFACE
8
B2_v2
10
1.4434
20
-0.2900
30
-2.7870
11
1.4476
21
-0.3899
31
-2.7737
12
1.5475
22
-0.3857
32
-2.8019
13
1.5433
23
-0.2858
33
-2.8175
0
3DFACE
8
B2_v2
10
1.4476
20
-0.3899
30
-2.7737
11
1.4518
21
-0.4898
31
-2.7563
12
1.5518
22
-0.4856
32
-2.7850
13
1.5475
23
-0.3857
33
-2.8019
0
3DFACE
8
B2_v2
10
1.4518
20
-0.4898
30
-2.7563
11
1.4561
21
-0.5897
31
-2.7381
12
1.5560
22
-0.5855
32
-2.7651
13
1.5518
23
-0.4856
33
-2.7850
0
3DFACE
8
B2_v2
10
1.4561
20
-0.5897
30
-2.7381
11
1.4603
21
-0.6896
31
-2.7203
12
1.5602
22
-0.6854
32
-2.7457
13
1.5560
23
-0.5855
33
-2.7651
0
3DFACE
8
B2_v2
10
1.4603
20
-0.6896
30
-2.7203
11
1.4646
21
-0.7896
31
-2.7021
12
1.5645
22
-0.7853
32
-2.7271
13
1.5602
23
-0.6854
33
-2.7457
0
3DFACE
8
B2_v2
10
1.4646
20
-0.7896
30
-2.7021
11
1.4688
21
-0.8895
31
-2.6847
12
1.5687
22
-0.8852
32
-2.7075
13
1.5645
23
-0.7853
33
-2.7271
0
3DFACE
8
B2_v2
10
1.4688
20
-0.8895
30
-2.6847
11
1.4731
21
-0.9894
31
-2.6665
12
1.5730
22
-0.9851
32
-2.6877
13
1.5687
23
-0.8852
33
-2.7075
0
3DFACE
8
B2_v2
10
1.4731
20
-0.9894
30
-2.6665
11
1.4773
21
-1.0893
31
-2.6479
12
1.5772
22
-1.0850
32
-2.6679
13
1.5730
23
-0.9851
33
-2.6877
0
3DFACE
8
B2_v2
10
1.4773
20
-1.0893
30
-2.6479
11
1.4816
21
-1.1892
31
-2.6333
12
1.5815
22
-1.1850
32
-2.6522
13
1.5772
23
-1.0850
33
-2.6679
0
3DFACE
8
B2_v2
10
1.4816
20
-1.1892
30
-2.6333
11
1.4858
21
-1.2891
31
-2.6236
12
1.5857
22
-1.2849
32
-2.6412
13
1.5815
23
-1.1850
33
-2.6522
0
3DFACE
8
B2_v2
10
1.3735
20
3.7106
30
-3.2536
11
1.3778
21
3.6107
31
-3.2497
12
1.4777
22
3.6150
32
-3.2861
13
1.4734
23
3.7149
33
-3.2901
0
3DFACE
8
B2_v2
10
1.3778
20
3.6107
30
-3.2497
11
1.3820
21
3.5108
31
-3.2463
12
1.4819
22
3.5151
32
-3.2830
13
1.4777
23
3.6150
33
-3.2861
0
3DFACE
8
B2_v2
10
1.3820
20
3.5108
30
-3.2463
11
1.3862
21
3.4109
31
-3.2406
12
1.4862
22
3.4151
32
-3.2780
13
1.4819
23
3.5151
33
-3.2830
0
3DFACE
8
B2_v2
10
1.3862
20
3.4109
30
-3.2406
11
1.3905
21
3.3110
31
-3.2353
12
1.4904
22
3.3152
32
-3.2712
13
1.4862
23
3.4151
33
-3.2780
0
3DFACE
8
B2_v2
10
1.3905
20
3.3110
30
-3.2353
11
1.3947
21
3.2111
31
-3.2302
12
1.4946
22
3.2153
32
-3.2653
13
1.4904
23
3.3152
33
-3.2712
0
3DFACE
8
B2_v2
10
1.3947
20
3.2111
30
-3.2302
11
1.3990
21
3.1112
31
-3.2245
12
1.4989
22
3.1154
32
-3.2614
13
1.4946
23
3.2153
33
-3.2653
0
3DFACE
8
B2_v2
10
1.3990
20
3.1112
30
-3.2245
11
1.4032
21
3.0113
31
-3.2188
12
1.5031
22
3.0155
32
-3.2577
13
1.4989
23
3.1154
33
-3.2614
0
3DFACE
8
B2_v2
10
1.4032
20
3.0113
30
-3.2188
11
1.4075
21
2.9114
31
-3.2139
12
1.5074
22
2.9156
32
-3.2540
13
1.5031
23
3.0155
33
-3.2577
0
3DFACE
8
B2_v2
10
1.4075
20
2.9114
30
-3.2139
11
1.4117
21
2.8114
31
-3.2092
12
1.5116
22
2.8157
32
-3.2488
13
1.5074
23
2.9156
33
-3.2540
0
3DFACE
8
B2_v2
10
1.4117
20
2.8114
30
-3.2092
11
1.4160
21
2.7115
31
-3.2040
12
1.5159
22
2.7158
32
-3.2427
13
1.5116
23
2.8157
33
-3.2488
0
3DFACE
8
B2_v2
10
1.4160
20
2.7115
30
-3.2040
11
1.4202
21
2.6116
31
-3.1978
12
1.5201
22
2.6159
32
-3.2377
13
1.5159
23
2.7158
33
-3.2427
0
3DFACE
8
B2_v2
10
1.4202
20
2.6116
30
-3.1978
11
1.4244
21
2.5117
31
-3.1909
12
1.5244
22
2.5160
32
-3.2324
13
1.5201
23
2.6159
33
-3.2377
0
3DFACE
8
B2_v2
10
1.4244
20
2.5117
30
-3.1909
11
1.4287
21
2.4118
31
-3.1848
12
1.5286
22
2.4160
32
-3.2278
13
1.5244
23
2.5160
33
-3.2324
0
3DFACE
8
B2_v2
10
1.4287
20
2.4118
30
-3.1848
11
1.4329
21
2.3119
31
-3.1784
12
1.5328
22
2.3161
32
-3.2223
13
1.5286
23
2.4160
33
-3.2278
0
3DFACE
8
B2_v2
10
1.4329
20
2.3119
30
-3.1784
11
1.4372
21
2.2120
31
-3.1716
12
1.5371
22
2.2162
32
-3.2161
13
1.5328
23
2.3161
33
-3.2223
0
3DFACE
8
B2_v2
10
1.4372
20
2.2120
30
-3.1716
11
1.4414
21
2.1121
31
-3.1658
12
1.5413
22
2.1163
32
-3.2113
13
1.5371
23
2.2162
33
-3.2161
0
3DFACE
8
B2_v2
10
1.4414
20
2.1121
30
-3.1658
11
1.4457
21
2.0122
31
-3.1595
12
1.5456
22
2.0164
32
-3.2057
13
1.5413
23
2.1163
33
-3.2113
0
3DFACE
8
B2_v2
10
1.4457
20
2.0122
30
-3.1595
11
1.4499
21
1.9123
31
-3.1517
12
1.5498
22
1.9165
32
-3.1999
13
1.5456
23
2.0164
33
-3.2057
0
3DFACE
8
B2_v2
10
1.4499
20
1.9123
30
-3.1517
11
1.4542
21
1.8123
31
-3.1409
12
1.5541
22
1.8166
32
-3.1901
13
1.5498
23
1.9165
33
-3.1999
0
3DFACE
8
B2_v2
10
1.4542
20
1.8123
30
-3.1409
11
1.4584
21
1.7124
31
-3.1272
12
1.5583
22
1.7167
32
-3.1769
13
1.5541
23
1.8166
33
-3.1901
0
3DFACE
8
B2_v2
10
1.4584
20
1.7124
30
-3.1272
11
1.4626
21
1.6125
31
-3.1092
12
1.5625
22
1.6168
32
-3.1588
13
1.5583
23
1.7167
33
-3.1769
0
3DFACE
8
B2_v2
10
1.4626
20
1.6125
30
-3.1092
11
1.4669
21
1.5126
31
-3.0896
12
1.5668
22
1.5169
32
-3.1372
13
1.5625
23
1.6168
33
-3.1588
0
3DFACE
8
B2_v2
10
1.4669
20
1.5126
30
-3.0896
11
1.4711
21
1.4127
31
-3.0651
12
1.5710
22
1.4170
32
-3.1109
13
1.5668
23
1.5169
33
-3.1372
0
3DFACE
8
B2_v2
10
1.4711
20
1.4127
30
-3.0651
11
1.4754
21
1.3128
31
-3.0404
12
1.5753
22
1.3170
32
-3.0838
13
1.5710
23
1.4170
33
-3.1109
0
3DFACE
8
B2_v2
10
1.4754
20
1.3128
30
-3.0404
11
1.4796
21
1.2129
31
-3.0150
12
1.5795
22
1.2171
32
-3.0576
13
1.5753
23
1.3170
33
-3.0838
0
3DFACE
8
B2_v2
10
1.4796
20
1.2129
30
-3.0150
11
1.4839
21
1.1130
31
-2.9894
12
1.5838
22
1.1172
32
-3.0310
13
1.5795
23
1.2171
33
-3.0576
0
3DFACE
8
B2_v2
10
1.4839
20
1.1130
30
-2.9894
11
1.4881
21
1.0131
31
-2.9639
12
1.5880
22
1.0173
32
-3.0049
13
1.5838
23
1.1172
33
-3.0310
0
3DFACE
8
B2_v2
10
1.4881
20
1.0131
30
-2.9639
11
1.4923
21
0.9132
31
-2.9391
12
1.5923
22
0.9174
32
-2.9800
13
1.5880
23
1.0173
33
-3.0049
0
3DFACE
8
B2_v2
10
1.4923
20
0.9132
30
-2.9391
11
1.4966
21
0.8132
31
-2.9181
12
1.5965
22
0.8175
32
-2.9588
13
1.5923
23
0.9174
33
-2.9800
0
3DFACE
8
B2_v2
10
1.4966
20
0.8132
30
-2.9181
11
1.5008
21
0.7133
31
-2.9007
12
1.6007
22
0.7176
32
-2.9409
13
1.5965
23
0.8175
33
-2.9588
0
3DFACE
8
B2_v2
10
1.5008
20
0.7133
30
-2.9007
11
1.5051
21
0.6134
31
-2.8874
12
1.6050
22
0.6177
32
-2.9255
13
1.6007
23
0.7176
33
-2.9409
0
3DFACE
8
B2_v2
10
1.5051
20
0.6134
30
-2.8874
11
1.5093
21
0.5135
31
-2.8778
12
1.6092
22
0.5178
32
-2.9140
13
1.6050
23
0.6177
33
-2.9255
0
3DFACE
8
B2_v2
10
1.5093
20
0.5135
30
-2.8778
11
1.5136
21
0.4136
31
-2.8717
12
1.6135
22
0.4179
32
-2.9067
13
1.6092
23
0.5178
33
-2.9140
0
3DFACE
8
B2_v2
10
1.5136
20
0.4136
30
-2.8717
11
1.5178
21
0.3137
31
-2.8658
12
1.6177
22
0.3179
32
-2.8995
13
1.6135
23
0.4179
33
-2.9067
0
3DFACE
8
B2_v2
10
1.5178
20
0.3137
30
-2.8658
11
1.5221
21
0.2138
31
-2.8579
12
1.6220
22
0.2180
32
-2.8917
13
1.6177
23
0.3179
33
-2.8995
0
3DFACE
8
B2_v2
10
1.5221
20
0.2138
30
-2.8579
11
1.5263
21
0.1139
31
-2.8514
12
1.6262
22
0.1181
32
-2.8840
13
1.6220
23
0.2180
33
-2.8917
0
3DFACE
8
B2_v2
10
1.5263
20
0.1139
30
-2.8514
11
1.5305
21
0.0140
31
-2.8445
12
1.6304
22
0.0182
32
-2.8774
13
1.6262
23
0.1181
33
-2.8840
0
3DFACE
8
B2_v2
10
1.5305
20
0.0140
30
-2.8445
11
1.5348
21
-0.0859
31
-2.8384
12
1.6347
22
-0.0817
32
-2.8708
13
1.6304
23
0.0182
33
-2.8774
0
3DFACE
8
B2_v2
10
1.5348
20
-0.0859
30
-2.8384
11
1.5390
21
-0.1859
31
-2.8298
12
1.6389
22
-0.1816
32
-2.8614
13
1.6347
23
-0.0817
33
-2.8708
0
3DFACE
8
B2_v2
10
1.5390
20
-0.1859
30
-2.8298
11
1.5433
21
-0.2858
31
-2.8175
12
1.6432
22
-0.2815
32
-2.8474
13
1.6389
23
-0.1816
33
-2.8614
0
3DFACE
8
B2_v2
10
1.5433
20
-0.2858
30
-2.8175
11
1.5475
21
-0.3857
31
-2.8019
12
1.6474
22
-0.3814
32
-2.8325
13
1.6432
23
-0.2815
33
-2.8474
0
3DFACE
8
B2_v2
10
1.5475
20
-0.3857
30
-2.8019
11
1.5518
21
-0.4856
31
-2.7850
12
1.6517
22
-0.4813
32
-2.8148
13
1.6474
23
-0.3814
33
-2.8325
0
3DFACE
8
B2_v2
10
1.5518
20
-0.4856
30
-2.7850
11
1.5560
21
-0.5855
31
-2.7651
12
1.6559
22
-0.5812
32
-2.7943
13
1.6517
23
-0.4813
33
-2.8148
0
3DFACE
8
B2_v2
10
1.5560
20
-0.5855
30
-2.7651
11
1.5602
21
-0.6854
31
-2.7457
12
1.6602
22
-0.6812
32
-2.7743
13
1.6559
23
-0.5812
33
-2.7943
0
3DFACE
8
B2_v2
10
1.5602
20
-0.6854
30
-2.7457
11
1.5645
21
-0.7853
31
-2.7271
12
1.6644
22
-0.7811
32
-2.7543
13
1.6602
23
-0.6812
33
-2.7743
0
3DFACE
8
B2_v2
10
1.5645
20
-0.7853
30
-2.7271
11
1.5687
21
-0.8852
31
-2.7075
12
1.6686
22
-0.8810
32
-2.7342
13
1.6644
23
-0.7811
33
-2.7543
0
3DFACE
8
B2_v2
10
1.5687
20
-0.8852
30
-2.7075
11
1.5730
21
-0.9851
31
-2.6877
12
1.6729
22
-0.9809
32
-2.7140
13
1.6686
23
-0.8810
33
-2.7342
0
3DFACE
8
B2_v2
10
1.5730
20
-0.9851
30
-2.6877
11
1.5772
21
-1.0850
31
-2.6679
12
1.6771
22
-1.0808
32
-2.6939
13
1.6729
23
-0.9809
33
-2.7140
0
3DFACE
8
B2_v2
10
1.5772
20
-1.0850
30
-2.6679
11
1.5815
21
-1.1850
31
-2.6522
12
1.6814
22
-1.1807
32
-2.6782
13
1.6771
23
-1.0808
33
-2.6939
0
3DFACE
8
B2_v2
10
1.5815
20
-1.1850
30
-2.6522
11
1.5857
21
-1.2849
31
-2.6412
12
1.6856
22
-1.2806
32
-2.6668
13
1.6814
23
-1.1807
33
-2.6782
0
3DFACE
8
B2_v2
10
1.4734
20
3.7149
30
-3.2901
11
1.4777
21
3.6150
31
-3.2861
12
1.5776
22
3.6192
32
-3.3182
13
1.5733
23
3.7191
33
-3.3241
0
3DFACE
8
B2_v2
10
1.4777
20
3.6150
30
-3.2861
11
1.4819
21
3.5151
31
-3.2830
12
1.5818
22
3.5193
32
-3.3155
13
1.5776
23
3.6192
33
-3.3182
0
3DFACE
8
B2_v2
10
1.4819
20
3.5151
30
-3.2830
11
1.4862
21
3.4151
31
-3.2780
12
1.5861
22
3.4194
32
-3.3101
13
1.5818
23
3.5193
33
-3.3155
0
3DFACE
8
B2_v2
10
1.4862
20
3.4151
30
-3.2780
11
1.4904
21
3.3152
31
-3.2712
12
1.5903
22
3.3195
32
-3.3045
13
1.5861
23
3.4194
33
-3.3101
0
3DFACE
8
B2_v2
10
1.4904
20
3.3152
30
-3.2712
11
1.4946
21
3.2153
31
-3.2653
12
1.5946
22
3.2196
32
-3.3012
13
1.5903
23
3.3195
33
-3.3045
0
3DFACE
8
B2_v2
10
1.4946
20
3.2153
30
-3.2653
11
1.4989
21
3.1154
31
-3.2614
12
1.5988
22
3.1197
32
-3.2982
13
1.5946
23
3.2196
33
-3.3012
0
3DFACE
8
B2_v2
10
1.4989
20
3.1154
30
-3.2614
11
1.5031
21
3.0155
31
-3.2577
12
1.6030
22
3.0198
32
-3.2956
13
1.5988
23
3.1197
33
-3.2982
0
3DFACE
8
B2_v2
10
1.5031
20
3.0155
30
-3.2577
11
1.5074
21
2.9156
31
-3.2540
12
1.6073
22
2.9198
32
-3.2908
13
1.6030
23
3.0198
33
-3.2956
0
3DFACE
8
B2_v2
10
1.5074
20
2.9156
30
-3.2540
11
1.5116
21
2.8157
31
-3.2488
12
1.6115
22
2.8199
32
-3.2859
13
1.6073
23
2.9198
33
-3.2908
0
3DFACE
8
B2_v2
10
1.5116
20
2.8157
30
-3.2488
11
1.5159
21
2.7158
31
-3.2427
12
1.6158
22
2.7200
32
-3.2821
13
1.6115
23
2.8199
33
-3.2859
0
3DFACE
8
B2_v2
10
1.5159
20
2.7158
30
-3.2427
11
1.5201
21
2.6159
31
-3.2377
12
1.6200
22
2.6201
32
-3.2781
13
1.6158
23
2.7200
33
-3.2821
0
3DFACE
8
B2_v2
10
1.5201
20
2.6159
30
-3.2377
11
1.5244
21
2.5160
31
-3.2324
12
1.6243
22
2.5202
32
-3.2737
13
1.6200
23
2.6201
33
-3.2781
0
3DFACE
8
B2_v2
10
1.5244
20
2.5160
30
-3.2324
11
1.5286
21
2.4160
31
-3.2278
12
1.6285
22
2.4203
32
-3.2685
13
1.6243
23
2.5202
33
-3.2737
0
3DFACE
8
B2_v2
10
1.5286
20
2.4160
30
-3.2278
11
1.5328
21
2.3161
31
-3.2223
12
1.6328
22
2.3204
32
-3.2647
13
1.6285
23
2.4203
33
-3.2685
0
3DFACE
8
B2_v2
10
1.5328
20
2.3161
30
-3.2223
11
1.5371
21
2.2162
31
-3.2161
12
1.6370
22
2.2205
32
-3.2588
13
1.6328
23
2.3204
33
-3.2647
0
3DFACE
8
B2_v2
10
1.5371
20
2.2162
30
-3.2161
11
1.5413
21
2.1163
31
-3.2113
12
1.6412
22
2.1206
32
-3.2549
13
1.6370
23
2.2205
33
-3.2588
0
3DFACE
8
B2_v2
10
1.5413
20
2.1163
30
-3.2113
11
1.5456
21
2.0164
31
-3.2057
12
1.6455
22
2.0207
32
-3.2518
13
1.6412
23
2.1206
33
-3.2549
0
3DFACE
8
B2_v2
10
1.5456
20
2.0164
30
-3.2057
11
1.5498
21
1.9165
31
-3.1999
12
1.6497
22
1.9207
32
-3.2476
13
1.6455
23
2.0207
33
-3.2518
0
3DFACE
8
B2_v2
10
1.5498
20
1.9165
30
-3.1999
11
1.5541
21
1.8166
31
-3.1901
12
1.6540
22
1.8208
32
-3.2387
13
1.6497
23
1.9207
33
-3.2476
0
3DFACE
8
B2_v2
10
1.5541
20
1.8166
30
-3.1901
11
1.5583
21
1.7167
31
-3.1769
12
1.6582
22
1.7209
32
-3.2246
13
1.6540
23
1.8208
33
-3.2387
0
3DFACE
8
B2_v2
10
1.5583
20
1.7167
30
-3.1769
11
1.5625
21
1.6168
31
-3.1588
12
1.6625
22
1.6210
32
-3.2065
13
1.6582
23
1.7209
33
-3.2246
0
3DFACE
8
B2_v2
10
1.5625
20
1.6168
30
-3.1588
11
1.5668
21
1.5169
31
-3.1372
12
1.6667
22
1.5211
32
-3.1839
13
1.6625
23
1.6210
33
-3.2065
0
3DFACE
8
B2_v2
10
1.5668
20
1.5169
30
-3.1372
11
1.5710
21
1.4170
31
-3.1109
12
1.6709
22
1.4212
32
-3.1562
13
1.6667
23
1.5211
33
-3.1839
0
3DFACE
8
B2_v2
10
1.5710
20
1.4170
30
-3.1109
11
1.5753
21
1.3170
31
-3.0838
12
1.6752
22
1.3213
32
-3.1291
13
1.6709
23
1.4212
33
-3.1562
0
3DFACE
8
B2_v2
10
1.5753
20
1.3170
30
-3.0838
11
1.5795
21
1.2171
31
-3.0576
12
1.6794
22
1.2214
32
-3.1018
13
1.6752
23
1.3213
33
-3.1291
0
3DFACE
8
B2_v2
10
1.5795
20
1.2171
30
-3.0576
11
1.5838
21
1.1172
31
-3.0310
12
1.6837
22
1.1215
32
-3.0737
13
1.6794
23
1.2214
33
-3.1018
0
3DFACE
8
B2_v2
10
1.5838
20
1.1172
30
-3.0310
11
1.5880
21
1.0173
31
-3.0049
12
1.6879
22
1.0216
32
-3.0464
13
1.6837
23
1.1215
33
-3.0737
0
3DFACE
8
B2_v2
10
1.5880
20
1.0173
30
-3.0049
11
1.5923
21
0.9174
31
-2.9800
12
1.6922
22
0.9216
32
-3.0192
13
1.6879
23
1.0216
33
-3.0464
0
3DFACE
8
B2_v2
10
1.5923
20
0.9174
30
-2.9800
11
1.5965
21
0.8175
31
-2.9588
12
1.6964
22
0.8217
32
-2.9967
13
1.6922
23
0.9216
33
-3.0192
0
3DFACE
8
B2_v2
10
1.5965
20
0.8175
30
-2.9588
11
1.6007
21
0.7176
31
-2.9409
12
1.7007
22
0.7218
32
-2.9780
13
1.6964
23
0.8217
33
-2.9967
0
3DFACE
8
B2_v2
10
1.6007
20
0.7176
30
-2.9409
11
1.6050
21
0.6177
31
-2.9255
12
1.7049
22
0.6219
32
-2.9626
13
1.7007
23
0.7218
33
-2.9780
0
3DFACE
8
B2_v2
10
1.6050
20
0.6177
30
-2.9255
11
1.6092
21
0.5178
31
-2.9140
12
1.7091
22
0.5220
32
-2.9506
13
1.7049
23
0.6219
33
-2.9626
0
3DFACE
8
B2_v2
10
1.6092
20
0.5178
30
-2.9140
11
1.6135
21
0.4179
31
-2.9067
12
1.7134
22
0.4221
32
-2.9424
13
1.7091
23
0.5220
33
-2.9506
0
3DFACE
8
B2_v2
10
1.6135
20
0.4179
30
-2.9067
11
1.6177
21
0.3179
31
-2.8995
12
1.7176
22
0.3222
32
-2.9333
13
1.7134
23
0.4221
33
-2.9424
0
3DFACE
8
B2_v2
10
1.6177
20
0.3179
30
-2.8995
11
1.6220
21
0.2180
31
-2.8917
12
1.7219
22
0.2223
32
-2.9259
13
1.7176
23
0.3222
33
-2.9333
0
3DFACE
8
B2_v2
10
1.6220
20
0.2180
30
-2.8917
11
1.6262
21
0.1181
31
-2.8840
12
1.7261
22
0.1224
32
-2.9177
13
1.7219
23
0.2223
33
-2.9259
0
3DFACE
8
B2_v2
10
1.6262
20
0.1181
30
-2.8840
11
1.6304
21
0.0182
31
-2.8774
12
1.7304
22
0.0225
32
-2.9098
13
1.7261
23
0.1224
33
-2.9177
0
3DFACE
8
B2_v2
10
1.6304
20
0.0182
30
-2.8774
11
1.6347
21
-0.0817
31
-2.8708
12
1.7346
22
-0.0775
32
-2.9019
13
1.7304
23
0.0225
33
-2.9098
0
3DFACE
8
B2_v2
10
1.6347
20
-0.0817
30
-2.8708
11
1.6389
21
-0.1816
31
-2.8614
12
1.7388
22
-0.1774
32
-2.8915
13
1.7346
23
-0.0775
33
-2.9019
0
3DFACE
8
B2_v2
10
1.6389
20
-0.1816
30
-2.8614
11
1.6432
21
-0.2815
31
-2.8474
12
1.7431
22
-0.2773
32
-2.8785
13
1.7388
23
-0.1774
33
-2.8915
0
3DFACE
8
B2_v2
10
1.6432
20
-0.2815
30
-2.8474
11
1.6474
21
-0.3814
31
-2.8325
12
1.7473
22
-0.3772
32
-2.8624
13
1.7431
23
-0.2773
33
-2.8785
0
3DFACE
8
B2_v2
10
1.6474
20
-0.3814
30
-2.8325
11
1.6517
21
-0.4813
31
-2.8148
12
1.7516
22
-0.4771
32
-2.8444
13
1.7473
23
-0.3772
33
-2.8624
0
3DFACE
8
B2_v2
10
1.6517
20
-0.4813
30
-2.8148
11
1.6559
21
-0.5812
31
-2.7943
12
1.7558
22
-0.5770
32
-2.8238
13
1.7516
23
-0.4771
33
-2.8444
0
3DFACE
8
B2_v2
10
1.6559
20
-0.5812
30
-2.7943
11
1.6602
21
-0.6812
31
-2.7743
12
1.7601
22
-0.6769
32
-2.8035
13
1.7558
23
-0.5770
33
-2.8238
0
3DFACE
8
B2_v2
10
1.6602
20
-0.6812
30
-2.7743
11
1.6644
21
-0.7811
31
-2.7543
12
1.7643
22
-0.7768
32
-2.7825
13
1.7601
23
-0.6769
33
-2.8035
0
3DFACE
8
B2_v2
10
1.6644
20
-0.7811
30
-2.7543
11
1.6686
21
-0.8810
31
-2.7342
12
1.7686
22
-0.8767
32
-2.7620
13
1.7643
23
-0.7768
33
-2.7825
0
3DFACE
8
B2_v2
10
1.6686
20
-0.8810
30
-2.7342
11
1.6729
21
-0.9809
31
-2.7140
12
1.7728
22
-0.9766
32
-2.7413
13
1.7686
23
-0.8767
33
-2.7620
0
3DFACE
8
B2_v2
10
1.6729
20
-0.9809
30
-2.7140
11
1.6771
21
-1.0808
31
-2.6939
12
1.7770
22
-1.0766
32
-2.7209
13
1.7728
23
-0.9766
33
-2.7413
0
3DFACE
8
B2_v2
10
1.6771
20
-1.0808
30
-2.6939
11
1.6814
21
-1.1807
31
-2.6782
12
1.7813
22
-1.1765
32
-2.7046
13
1.7770
23
-1.0766
33
-2.7209
0
3DFACE
8
B2_v2
10
1.6814
20
-1.1807
30
-2.6782
11
1.6856
21
-1.2806
31
-2.6668
12
1.7855
22
-1.2764
32
-2.6932
13
1.7813
23
-1.1765
33
-2.7046
0
3DFACE
8
B2_v2
10
1.5733
20
3.7191
30
-3.3241
11
1.5776
21
3.6192
31
-3.3182
12
1.6775
22
3.6235
32
-3.3506
13
1.6732
23
3.7234
33
-3.3561
0
3DFACE
8
B2_v2
10
1.5776
20
3.6192
30
-3.3182
11
1.5818
21
3.5193
31
-3.3155
12
1.6817
22
3.5235
32
-3.3470
13
1.6775
23
3.6235
33
-3.3506
0
3DFACE
8
B2_v2
10
1.5818
20
3.5193
30
-3.3155
11
1.5861
21
3.4194
31
-3.3101
12
1.6860
22
3.4236
32
-3.3427
13
1.6817
23
3.5235
33
-3.3470
0
3DFACE
8
B2_v2
10
1.5861
20
3.4194
30
-3.3101
11
1.5903
21
3.3195
31
-3.3045
12
1.6902
22
3.3237
32
-3.3399
13
1.6860
23
3.4236
33
-3.3427
0
3DFACE
8
B2_v2
10
1.5903
20
3.3195
30
-3.3045
11
1.5946
21
3.2196
31
-3.3012
12
1.6945
22
3.2238
32
-3.3376
13
1.6902
23
3.3237
33
-3.3399
0
3DFACE
8
B2_v2
10
1.5946
20
3.2196
30
-3.3012
11
1.5988
21
3.1197
31
-3.2982
12
1.6987
22
3.1239
32
-3.3349
13
1.6945
23
3.2238
33
-3.3376
0
3DFACE
8
B2_v2
10
1.5988
20
3.1197
30
-3.2982
11
1.6030
21
3.0198
31
-3.2956
12
1.7030
22
3.0240
32
-3.3323
13
1.6987
23
3.1239
33
-3.3349
0
3DFACE
8
B2_v2
10
1.6030
20
3.0198
30
-3.2956
11
1.6073
21
2.9198
31
-3.2908
12
1.7072
22
2.9241
32
-3.3283
13
1.7030
23
3.0240
33
-3.3323
0
3DFACE
8
B2_v2
10
1.6073
20
2.9198
30
-3.2908
11
1.6115
21
2.8199
31
-3.2859
12
1.7114
22
2.8242
32
-3.3244
13
1.7072
23
2.9241
33
-3.3283
0
3DFACE
8
B2_v2
10
1.6115
20
2.8199
30
-3.2859
11
1.6158
21
2.7200
31
-3.2821
12
1.7157
22
2.7243
32
-3.3211
13
1.7114
23
2.8242
33
-3.3244
0
3DFACE
8
B2_v2
10
1.6158
20
2.7200
30
-3.2821
11
1.6200
21
2.6201
31
-3.2781
12
1.7199
22
2.6244
32
-3.3173
13
1.7157
23
2.7243
33
-3.3211
0
3DFACE
8
B2_v2
10
1.6200
20
2.6201
30
-3.2781
11
1.6243
21
2.5202
31
-3.2737
12
1.7242
22
2.5244
32
-3.3136
13
1.7199
23
2.6244
33
-3.3173
0
3DFACE
8
B2_v2
10
1.6243
20
2.5202
30
-3.2737
11
1.6285
21
2.4203
31
-3.2685
12
1.7284
22
2.4245
32
-3.3099
13
1.7242
23
2.5244
33
-3.3136
0
3DFACE
8
B2_v2
10
1.6285
20
2.4203
30
-3.2685
11
1.6328
21
2.3204
31
-3.2647
12
1.7327
22
2.3246
32
-3.3053
13
1.7284
23
2.4245
33
-3.3099
0
3DFACE
8
B2_v2
10
1.6328
20
2.3204
30
-3.2647
11
1.6370
21
2.2205
31
-3.2588
12
1.7369
22
2.2247
32
-3.3018
13
1.7327
23
2.3246
33
-3.3053
0
3DFACE
8
B2_v2
10
1.6370
20
2.2205
30
-3.2588
11
1.6412
21
2.1206
31
-3.2549
12
1.7411
22
2.1248
32
-3.2992
13
1.7369
23
2.2247
33
-3.3018
0
3DFACE
8
B2_v2
10
1.6412
20
2.1206
30
-3.2549
11
1.6455
21
2.0207
31
-3.2518
12
1.7454
22
2.0249
32
-3.2958
13
1.7411
23
2.1248
33
-3.2992
0
3DFACE
8
B2_v2
10
1.6455
20
2.0207
30
-3.2518
11
1.6497
21
1.9207
31
-3.2476
12
1.7496
22
1.9250
32
-3.2926
13
1.7454
23
2.0249
33
-3.2958
0
3DFACE
8
B2_v2
10
1.6497
20
1.9207
30
-3.2476
11
1.6540
21
1.8208
31
-3.2387
12
1.7539
22
1.8251
32
-3.2844
13
1.7496
23
1.9250
33
-3.2926
0
3DFACE
8
B2_v2
10
1.6540
20
1.8208
30
-3.2387
11
1.6582
21
1.7209
31
-3.2246
12
1.7581
22
1.7252
32
-3.2716
13
1.7539
23
1.8251
33
-3.2844
0
3DFACE
8
B2_v2
10
1.6582
20
1.7209
30
-3.2246
11
1.6625
21
1.6210
31
-3.2065
12
1.7624
22
1.6253
32
-3.2534
13
1.7581
23
1.7252
33
-3.2716
0
3DFACE
8
B2_v2
10
1.6625
20
1.6210
30
-3.2065
11
1.6667
21
1.5211
31
-3.1839
12
1.7666
22
1.5253
32
-3.2307
13
1.7624
23
1.6253
33
-3.2534
0
3DFACE
8
B2_v2
10
1.6667
20
1.5211
30
-3.1839
11
1.6709
21
1.4212
31
-3.1562
12
1.7709
22
1.4254
32
-3.2016
13
1.7666
23
1.5253
33
-3.2307
0
3DFACE
8
B2_v2
10
1.6709
20
1.4212
30
-3.1562
11
1.6752
21
1.3213
31
-3.1291
12
1.7751
22
1.3255
32
-3.1724
13
1.7709
23
1.4254
33
-3.2016
0
3DFACE
8
B2_v2
10
1.6752
20
1.3213
30
-3.1291
11
1.6794
21
1.2214
31
-3.1018
12
1.7793
22
1.2256
32
-3.1442
13
1.7751
23
1.3255
33
-3.1724
0
3DFACE
8
B2_v2
10
1.6794
20
1.2214
30
-3.1018
11
1.6837
21
1.1215
31
-3.0737
12
1.7836
22
1.1257
32
-3.1164
13
1.7793
23
1.2256
33
-3.1442
0
3DFACE
8
B2_v2
10
1.6837
20
1.1215
30
-3.0737
11
1.6879
21
1.0216
31
-3.0464
12
1.7878
22
1.0258
32
-3.0882
13
1.7836
23
1.1257
33
-3.1164
0
3DFACE
8
B2_v2
10
1.6879
20
1.0216
30
-3.0464
11
1.6922
21
0.9216
31
-3.0192
12
1.7921
22
0.9259
32
-3.0606
13
1.7878
23
1.0258
33
-3.0882
0
3DFACE
8
B2_v2
10
1.6922
20
0.9216
30
-3.0192
11
1.6964
21
0.8217
31
-2.9967
12
1.7963
22
0.8260
32
-3.0369
13
1.7921
23
0.9259
33
-3.0606
0
3DFACE
8
B2_v2
10
1.6964
20
0.8217
30
-2.9967
11
1.7007
21
0.7218
31
-2.9780
12
1.8006
22
0.7261
32
-3.0168
13
1.7963
23
0.8260
33
-3.0369
0
3DFACE
8
B2_v2
10
1.7007
20
0.7218
30
-2.9780
11
1.7049
21
0.6219
31
-2.9626
12
1.8048
22
0.6262
32
-3.0014
13
1.8006
23
0.7261
33
-3.0168
0
3DFACE
8
B2_v2
10
1.7049
20
0.6219
30
-2.9626
11
1.7091
21
0.5220
31
-2.9506
12
1.8091
22
0.5262
32
-2.9886
13
1.8048
23
0.6262
33
-3.0014
0
3DFACE
8
B2_v2
10
1.7091
20
0.5220
30
-2.9506
11
1.7134
21
0.4221
31
-2.9424
12
1.8133
22
0.4263
32
-2.9780
13
1.8091
23
0.5262
33
-2.9886
0
3DFACE
8
B2_v2
10
1.7134
20
0.4221
30
-2.9424
11
1.7176
21
0.3222
31
-2.9333
12
1.8175
22
0.3264
32
-2.9694
13
1.8133
23
0.4263
33
-2.9780
0
3DFACE
8
B2_v2
10
1.7176
20
0.3222
30
-2.9333
11
1.7219
21
0.2223
31
-2.9259
12
1.8218
22
0.2265
32
-2.9609
13
1.8175
23
0.3264
33
-2.9694
0
3DFACE
8
B2_v2
10
1.7219
20
0.2223
30
-2.9259
11
1.7261
21
0.1224
31
-2.9177
12
1.8260
22
0.1266
32
-2.9520
13
1.8218
23
0.2265
33
-2.9609
0
3DFACE
8
B2_v2
10
1.7261
20
0.1224
30
-2.9177
11
1.7304
21
0.0225
31
-2.9098
12
1.8303
22
0.0267
32
-2.9433
13
1.8260
23
0.1266
33
-2.9520
0
3DFACE
8
B2_v2
10
1.7304
20
0.0225
30
-2.9098
11
1.7346
21
-0.0775
31
-2.9019
12
1.8345
22
-0.0732
32
-2.9340
13
1.8303
23
0.0267
33
-2.9433
0
3DFACE
8
B2_v2
10
1.7346
20
-0.0775
30
-2.9019
11
1.7388
21
-0.1774
31
-2.8915
12
1.8388
22
-0.1731
32
-2.9234
13
1.8345
23
-0.0732
33
-2.9340
0
3DFACE
8
B2_v2
10
1.7388
20
-0.1774
30
-2.8915
11
1.7431
21
-0.2773
31
-2.8785
12
1.8430
22
-0.2730
32
-2.9098
13
1.8388
23
-0.1731
33
-2.9234
0
3DFACE
8
B2_v2
10
1.7431
20
-0.2773
30
-2.8785
11
1.7473
21
-0.3772
31
-2.8624
12
1.8472
22
-0.3729
32
-2.8930
13
1.8430
23
-0.2730
33
-2.9098
0
3DFACE
8
B2_v2
10
1.7473
20
-0.3772
30
-2.8624
11
1.7516
21
-0.4771
31
-2.8444
12
1.8515
22
-0.4728
32
-2.8746
13
1.8472
23
-0.3729
33
-2.8930
0
3DFACE
8
B2_v2
10
1.7516
20
-0.4771
30
-2.8444
11
1.7558
21
-0.5770
31
-2.8238
12
1.8557
22
-0.5728
32
-2.8537
13
1.8515
23
-0.4728
33
-2.8746
0
3DFACE
8
B2_v2
10
1.7558
20
-0.5770
30
-2.8238
11
1.7601
21
-0.6769
31
-2.8035
12
1.8600
22
-0.6727
32
-2.8329
13
1.8557
23
-0.5728
33
-2.8537
0
3DFACE
8
B2_v2
10
1.7601
20
-0.6769
30
-2.8035
11
1.7643
21
-0.7768
31
-2.7825
12
1.8642
22
-0.7726
32
-2.8117
13
1.8600
23
-0.6727
33
-2.8329
0
3DFACE
8
B2_v2
10
1.7643
20
-0.7768
30
-2.7825
11
1.7686
21
-0.8767
31
-2.7620
12
1.8685
22
-0.8725
32
-2.7905
13
1.8642
23
-0.7726
33
-2.8117
0
3DFACE
8
B2_v2
10
1.7686
20
-0.8767
30
-2.7620
11
1.7728
21
-0.9766
31
-2.7413
12
1.8727
22
-0.9724
32
-2.7697
13
1.8685
23
-0.8725
33
-2.7905
0
3DFACE
8
B2_v2
10
1.7728
20
-0.9766
30
-2.7413
11
1.7770
21
-1.0766
31
-2.7209
12
1.8770
22
-1.0723
32
-2.7487
13
1.8727
23
-0.9724
33
-2.7697
0
3DFACE
8
B2_v2
10
1.7770
20
-1.0766
30
-2.7209
11
1.7813
21
-1.1765
31
-2.7046
12
1.8812
22
-1.1722
32
-2.7323
13
1.8770
23
-1.0723
33
-2.7487
0
3DFACE
8
B2_v2
10
1.7813
20
-1.1765
30
-2.7046
11
1.7855
21
-1.2764
31
-2.6932
12
1.8854
22
-1.2721
32
-2.7210
13
1.8812
23
-1.1722
33
-2.7323
0
3DFACE
8
B2_v2
10
1.6732
20
3.7234
30
-3.3561
11
1.6775
21
3.6235
31
-3.3506
12
1.7774
22
3.6277
32
-3.3858
13
1.7732
23
3.7276
33
-3.3882
0
3DFACE
8
B2_v2
10
1.6775
20
3.6235
30
-3.3506
11
1.6817
21
3.5235
31
-3.3470
12
1.7816
22
3.5278
32
-3.3840
13
1.7774
23
3.6277
33
-3.3858
0
3DFACE
8
B2_v2
10
1.6817
20
3.5235
30
-3.3470
11
1.6860
21
3.4236
31
-3.3427
12
1.7859
22
3.4279
32
-3.3819
13
1.7816
23
3.5278
33
-3.3840
0
3DFACE
8
B2_v2
10
1.6860
20
3.4236
30
-3.3427
11
1.6902
21
3.3237
31
-3.3399
12
1.7901
22
3.3280
32
-3.3795
13
1.7859
23
3.4279
33
-3.3819
0
3DFACE
8
B2_v2
10
1.6902
20
3.3237
30
-3.3399
11
1.6945
21
3.2238
31
-3.3376
12
1.7944
22
3.2281
32
-3.3766
13
1.7901
23
3.3280
33
-3.3795
0
3DFACE
8
B2_v2
10
1.6945
20
3.2238
30
-3.3376
11
1.6987
21
3.1239
31
-3.3349
12
1.7986
22
3.1282
32
-3.3745
13
1.7944
23
3.2281
33
-3.3766
0
3DFACE
8
B2_v2
10
1.6987
20
3.1239
30
-3.3349
11
1.7030
21
3.0240
31
-3.3323
12
1.8029
22
3.0282
32
-3.3731
13
1.7986
23
3.1282
33
-3.3745
0
3DFACE
8
B2_v2
10
1.7030
20
3.0240
30
-3.3323
11
1.7072
21
2.9241
31
-3.3283
12
1.8071
22
2.9283
32
-3.3700
13
1.8029
23
3.0282
33
-3.3731
0
3DFACE
8
B2_v2
10
1.7072
20
2.9241
30
-3.3283
11
1.7114
21
2.8242
31
-3.3244
12
1.8114
22
2.8284
32
-3.3675
13
1.8071
23
2.9283
33
-3.3700
0
3DFACE
8
B2_v2
10
1.7114
20
2.8242
30
-3.3244
11
1.7157
21
2.7243
31
-3.3211
12
1.8156
22
2.7285
32
-3.3652
13
1.8114
23
2.8284
33
-3.3675
0
3DFACE
8
B2_v2
10
1.7157
20
2.7243
30
-3.3211
11
1.7199
21
2.6244
31
-3.3173
12
1.8198
22
2.6286
32
-3.3615
13
1.8156
23
2.7285
33
-3.3652
0
3DFACE
8
B2_v2
10
1.7199
20
2.6244
30
-3.3173
11
1.7242
21
2.5244
31
-3.3136
12
1.8241
22
2.5287
32
-3.3567
13
1.8198
23
2.6286
33
-3.3615
0
3DFACE
8
B2_v2
10
1.7242
20
2.5244
30
-3.3136
11
1.7284
21
2.4245
31
-3.3099
12
1.8283
22
2.4288
32
-3.3537
13
1.8241
23
2.5287
33
-3.3567
0
3DFACE
8
B2_v2
10
1.7284
20
2.4245
30
-3.3099
11
1.7327
21
2.3246
31
-3.3053
12
1.8326
22
2.3289
32
-3.3510
13
1.8283
23
2.4288
33
-3.3537
0
3DFACE
8
B2_v2
10
1.7327
20
2.3246
30
-3.3053
11
1.7369
21
2.2247
31
-3.3018
12
1.8368
22
2.2290
32
-3.3475
13
1.8326
23
2.3289
33
-3.3510
0
3DFACE
8
B2_v2
10
1.7369
20
2.2247
30
-3.3018
11
1.7411
21
2.1248
31
-3.2992
12
1.8411
22
2.1291
32
-3.3440
13
1.8368
23
2.2290
33
-3.3475
0
3DFACE
8
B2_v2
10
1.7411
20
2.1248
30
-3.2992
11
1.7454
21
2.0249
31
-3.2958
12
1.8453
22
2.0291
32
-3.3423
13
1.8411
23
2.1291
33
-3.3440
0
3DFACE
8
B2_v2
10
1.7454
20
2.0249
30
-3.2958
11
1.7496
21
1.9250
31
-3.2926
12
1.8495
22
1.9292
32
-3.3400
13
1.8453
23
2.0291
33
-3.3423
0
3DFACE
8
B2_v2
10
1.7496
20
1.9250
30
-3.2926
11
1.7539
21
1.8251
31
-3.2844
12
1.8538
22
1.8293
32
-3.3327
13
1.8495
23
1.9292
33
-3.3400
0
3DFACE
8
B2_v2
10
1.7539
20
1.8251
30
-3.2844
11
1.7581
21
1.7252
31
-3.2716
12
1.8580
22
1.7294
32
-3.3194
13
1.8538
23
1.8293
33
-3.3327
0
3DFACE
8
B2_v2
10
1.7581
20
1.7252
30
-3.2716
11
1.7624
21
1.6253
31
-3.2534
12
1.8623
22
1.6295
32
-3.3005
13
1.8580
23
1.7294
33
-3.3194
0
3DFACE
8
B2_v2
10
1.7624
20
1.6253
30
-3.2534
11
1.7666
21
1.5253
31
-3.2307
12
1.8665
22
1.5296
32
-3.2751
13
1.8623
23
1.6295
33
-3.3005
0
3DFACE
8
B2_v2
10
1.7666
20
1.5253
30
-3.2307
11
1.7709
21
1.4254
31
-3.2016
12
1.8708
22
1.4297
32
-3.2457
13
1.8665
23
1.5296
33
-3.2751
0
3DFACE
8
B2_v2
10
1.7709
20
1.4254
30
-3.2016
11
1.7751
21
1.3255
31
-3.1724
12
1.8750
22
1.3298
32
-3.2150
13
1.8708
23
1.4297
33
-3.2457
0
3DFACE
8
B2_v2
10
1.7751
20
1.3255
30
-3.1724
11
1.7793
21
1.2256
31
-3.1442
12
1.8793
22
1.2299
32
-3.1863
13
1.8750
23
1.3298
33
-3.2150
0
3DFACE
8
B2_v2
10
1.7793
20
1.2256
30
-3.1442
11
1.7836
21
1.1257
31
-3.1164
12
1.8835
22
1.1300
32
-3.1582
13
1.8793
23
1.2299
33
-3.1863
0
3DFACE
8
B2_v2
10
1.7836
20
1.1257
30
-3.1164
11
1.7878
21
1.0258
31
-3.0882
12
1.8877
22
1.0300
32
-3.1301
13
1.8835
23
1.1300
33
-3.1582
0
3DFACE
8
B2_v2
10
1.7878
20
1.0258
30
-3.0882
11
1.7921
21
0.9259
31
-3.0606
12
1.8920
22
0.9301
32
-3.1004
13
1.8877
23
1.0300
33
-3.1301
0
3DFACE
8
B2_v2
10
1.7921
20
0.9259
30
-3.0606
11
1.7963
21
0.8260
31
-3.0369
12
1.8962
22
0.8302
32
-3.0751
13
1.8920
23
0.9301
33
-3.1004
0
3DFACE
8
B2_v2
10
1.7963
20
0.8260
30
-3.0369
11
1.8006
21
0.7261
31
-3.0168
12
1.9005
22
0.7303
32
-3.0550
13
1.8962
23
0.8302
33
-3.0751
0
3DFACE
8
B2_v2
10
1.8006
20
0.7261
30
-3.0168
11
1.8048
21
0.6262
31
-3.0014
12
1.9047
22
0.6304
32
-3.0377
13
1.9005
23
0.7303
33
-3.0550
0
3DFACE
8
B2_v2
10
1.8048
20
0.6262
30
-3.0014
11
1.8091
21
0.5262
31
-2.9886
12
1.9090
22
0.5305
32
-3.0228
13
1.9047
23
0.6304
33
-3.0377
0
3DFACE
8
B2_v2
10
1.8091
20
0.5262
30
-2.9886
11
1.8133
21
0.4263
31
-2.9780
12
1.9132
22
0.4306
32
-3.0137
13
1.9090
23
0.5305
33
-3.0228
0
3DFACE
8
B2_v2
10
1.8133
20
0.4263
30
-2.9780
11
1.8175
21
0.3264
31
-2.9694
12
1.9174
22
0.3307
32
-3.0040
13
1.9132
23
0.4306
33
-3.0137
0
3DFACE
8
B2_v2
10
1.8175
20
0.3264
30
-2.9694
11
1.8218
21
0.2265
31
-2.9609
12
1.9217
22
0.2308
32
-2.9949
13
1.9174
23
0.3307
33
-3.0040
0
3DFACE
8
B2_v2
10
1.8218
20
0.2265
30
-2.9609
11
1.8260
21
0.1266
31
-2.9520
12
1.9259
22
0.1309
32
-2.9850
13
1.9217
23
0.2308
33
-2.9949
0
3DFACE
8
B2_v2
10
1.8260
20
0.1266
30
-2.9520
11
1.8303
21
0.0267
31
-2.9433
12
1.9302
22
0.0309
32
-2.9752
13
1.9259
23
0.1309
33
-2.9850
0
3DFACE
8
B2_v2
10
1.8303
20
0.0267
30
-2.9433
11
1.8345
21
-0.0732
31
-2.9340
12
1.9344
22
-0.0690
32
-2.9657
13
1.9302
23
0.0309
33
-2.9752
0
3DFACE
8
B2_v2
10
1.8345
20
-0.0732
30
-2.9340
11
1.8388
21
-0.1731
31
-2.9234
12
1.9387
22
-0.1689
32
-2.9545
13
1.9344
23
-0.0690
33
-2.9657
0
3DFACE
8
B2_v2
10
1.8388
20
-0.1731
30
-2.9234
11
1.8430
21
-0.2730
31
-2.9098
12
1.9429
22
-0.2688
32
-2.9394
13
1.9387
23
-0.1689
33
-2.9545
0
3DFACE
8
B2_v2
10
1.8430
20
-0.2730
30
-2.9098
11
1.8472
21
-0.3729
31
-2.8930
12
1.9472
22
-0.3687
32
-2.9223
13
1.9429
23
-0.2688
33
-2.9394
0
3DFACE
8
B2_v2
10
1.8472
20
-0.3729
30
-2.8930
11
1.8515
21
-0.4728
31
-2.8746
12
1.9514
22
-0.4686
32
-2.9034
13
1.9472
23
-0.3687
33
-2.9223
0
3DFACE
8
B2_v2
10
1.8515
20
-0.4728
30
-2.8746
11
1.8557
21
-0.5728
31
-2.8537
12
1.9556
22
-0.5685
32
-2.8821
13
1.9514
23
-0.4686
33
-2.9034
0
3DFACE
8
B2_v2
10
1.8557
20
-0.5728
30
-2.8537
11
1.8600
21
-0.6727
31
-2.8329
12
1.9599
22
-0.6684
32
-2.8611
13
1.9556
23
-0.5685
33
-2.8821
0
3DFACE
8
B2_v2
10
1.8600
20
-0.6727
30
-2.8329
11
1.8642
21
-0.7726
31
-2.8117
12
1.9641
22
-0.7683
32
-2.8399
13
1.9599
23
-0.6684
33
-2.8611
0
3DFACE
8
B2_v2
10
1.8642
20
-0.7726
30
-2.8117
11
1.8685
21
-0.8725
31
-2.7905
12
1.9684
22
-0.8682
32
-2.8276
13
1.9641
23
-0.7683
33
-2.8399
0
3DFACE
8
B2_v2
10
1.8685
20
-0.8725
30
-2.7905
11
1.8727
21
-0.9724
31
-2.7697
12
1.9726
22
-0.9682
32
-2.8166
13
1.9684
23
-0.8682
33
-2.8276
0
3DFACE
8
B2_v2
10
1.8727
20
-0.9724
30
-2.7697
11
1.8770
21
-1.0723
31
-2.7487
12
1.9769
22
-1.0681
32
-2.8060
13
1.9726
23
-0.9682
33
-2.8166
0
3DFACE
8
B2_v2
10
1.8770
20
-1.0723
30
-2.7487
11
1.8812
21
-1.1722
31
-2.7323
12
1.9811
22
-1.1680
32
-2.7998
13
1.9769
23
-1.0681
33
-2.8060
0
3DFACE
8
B2_v2
10
1.8812
20
-1.1722
30
-2.7323
11
1.8854
21
-1.2721
31
-2.7210
12
1.9854
22
-1.2679
32
-2.7980
13
1.9811
23
-1.1680
33
-2.7998
0
3DFACE
8
B2_v2
10
1.7732
20
3.7276
30
-3.3882
11
1.7774
21
3.6277
31
-3.3858
12
1.8773
22
3.6319
32
-3.4256
13
1.8731
23
3.7319
33
-3.4271
0
3DFACE
8
B2_v2
10
1.7774
20
3.6277
30
-3.3858
11
1.7816
21
3.5278
31
-3.3840
12
1.8816
22
3.5320
32
-3.4238
13
1.8773
23
3.6319
33
-3.4256
0
3DFACE
8
B2_v2
10
1.7816
20
3.5278
30
-3.3840
11
1.7859
21
3.4279
31
-3.3819
12
1.8858
22
3.4321
32
-3.4223
13
1.8816
23
3.5320
33
-3.4238
0
3DFACE
8
B2_v2
10
1.7859
20
3.4279
30
-3.3819
11
1.7901
21
3.3280
31
-3.3795
12
1.8900
22
3.3322
32
-3.4188
13
1.8858
23
3.4321
33
-3.4223
0
3DFACE
8
B2_v2
10
1.7901
20
3.3280
30
-3.3795
11
1.7944
21
3.2281
31
-3.3766
12
1.8943
22
3.2323
32
-3.4178
13
1.8900
23
3.3322
33
-3.4188
0
3DFACE
8
B2_v2
10
1.7944
20
3.2281
30
-3.3766
11
1.7986
21
3.1282
31
-3.3745
12
1.8985
22
3.1324
32
-3.4164
13
1.8943
23
3.2323
33
-3.4178
0
3DFACE
8
B2_v2
10
1.7986
20
3.1282
30
-3.3745
11
1.8029
21
3.0282
31
-3.3731
12
1.9028
22
3.0325
32
-3.4151
13
1.8985
23
3.1324
33
-3.4164
0
3DFACE
8
B2_v2
10
1.8029
20
3.0282
30
-3.3731
11
1.8071
21
2.9283
31
-3.3700
12
1.9070
22
2.9326
32
-3.4118
13
1.9028
23
3.0325
33
-3.4151
0
3DFACE
8
B2_v2
10
1.8071
20
2.9283
30
-3.3700
11
1.8114
21
2.8284
31
-3.3675
12
1.9113
22
2.8327
32
-3.4089
13
1.9070
23
2.9326
33
-3.4118
0
3DFACE
8
B2_v2
10
1.8114
20
2.8284
30
-3.3675
11
1.8156
21
2.7285
31
-3.3652
12
1.9155
22
2.7328
32
-3.4069
13
1.9113
23
2.8327
33
-3.4089
0
3DFACE
8
B2_v2
10
1.8156
20
2.7285
30
-3.3652
11
1.8198
21
2.6286
31
-3.3615
12
1.9197
22
2.6328
32
-3.4035
13
1.9155
23
2.7328
33
-3.4069
0
3DFACE
8
B2_v2
10
1.8198
20
2.6286
30
-3.3615
11
1.8241
21
2.5287
31
-3.3567
12
1.9240
22
2.5329
32
-3.4007
13
1.9197
23
2.6328
33
-3.4035
0
3DFACE
8
B2_v2
10
1.8241
20
2.5287
30
-3.3567
11
1.8283
21
2.4288
31
-3.3537
12
1.9282
22
2.4330
32
-3.3980
13
1.9240
23
2.5329
33
-3.4007
0
3DFACE
8
B2_v2
10
1.8283
20
2.4288
30
-3.3537
11
1.8326
21
2.3289
31
-3.3510
12
1.9325
22
2.3331
32
-3.3950
13
1.9282
23
2.4330
33
-3.3980
0
3DFACE
8
B2_v2
10
1.8326
20
2.3289
30
-3.3510
11
1.8368
21
2.2290
31
-3.3475
12
1.9367
22
2.2332
32
-3.3913
13
1.9325
23
2.3331
33
-3.3950
0
3DFACE
8
B2_v2
10
1.8368
20
2.2290
30
-3.3475
11
1.8411
21
2.1291
31
-3.3440
12
1.9410
22
2.1333
32
-3.3897
13
1.9367
23
2.2332
33
-3.3913
0
3DFACE
8
B2_v2
10
1.8411
20
2.1291
30
-3.3440
11
1.8453
21
2.0291
31
-3.3423
12
1.9452
22
2.0334
32
-3.3879
13
1.9410
23
2.1333
33
-3.3897
0
3DFACE
8
B2_v2
10
1.8453
20
2.0291
30
-3.3423
11
1.8495
21
1.9292
31
-3.3400
12
1.9495
22
1.9335
32
-3.3869
13
1.9452
23
2.0334
33
-3.3879
0
3DFACE
8
B2_v2
10
1.8495
20
1.9292
30
-3.3400
11
1.8538
21
1.8293
31
-3.3327
12
1.9537
22
1.8336
32
-3.3789
13
1.9495
23
1.9335
33
-3.3869
0
3DFACE
8
B2_v2
10
1.8538
20
1.8293
30
-3.3327
11
1.8580
21
1.7294
31
-3.3194
12
1.9579
22
1.7337
32
-3.3657
13
1.9537
23
1.8336
33
-3.3789
0
3DFACE
8
B2_v2
10
1.8580
20
1.7294
30
-3.3194
11
1.8623
21
1.6295
31
-3.3005
12
1.9622
22
1.6337
32
-3.3463
13
1.9579
23
1.7337
33
-3.3657
0
3DFACE
8
B2_v2
10
1.8623
20
1.6295
30
-3.3005
11
1.8665
21
1.5296
31
-3.2751
12
1.9664
22
1.5338
32
-3.3211
13
1.9622
23
1.6337
33
-3.3463
0
3DFACE
8
B2_v2
10
1.8665
20
1.5296
30
-3.2751
11
1.8708
21
1.4297
31
-3.2457
12
1.9707
22
1.4339
32
-3.2890
13
1.9664
23
1.5338
33
-3.3211
0
3DFACE
8
B2_v2
10
1.8708
20
1.4297
30
-3.2457
11
1.8750
21
1.3298
31
-3.2150
12
1.9749
22
1.3340
32
-3.2590
13
1.9707
23
1.4339
33
-3.2890
0
3DFACE
8
B2_v2
10
1.8750
20
1.3298
30
-3.2150
11
1.8793
21
1.2299
31
-3.1863
12
1.9792
22
1.2341
32
-3.2296
13
1.9749
23
1.3340
33
-3.2590
0
3DFACE
8
B2_v2
10
1.8793
20
1.2299
30
-3.1863
11
1.8835
21
1.1300
31
-3.1582
12
1.9834
22
1.1342
32
-3.1994
13
1.9792
23
1.2341
33
-3.2296
0
3DFACE
8
B2_v2
10
1.8835
20
1.1300
30
-3.1582
11
1.8877
21
1.0300
31
-3.1301
12
1.9877
22
1.0343
32
-3.1693
13
1.9834
23
1.1342
33
-3.1994
0
3DFACE
8
B2_v2
10
1.8877
20
1.0300
30
-3.1301
11
1.8920
21
0.9301
31
-3.1004
12
1.9919
22
0.9344
32
-3.1405
13
1.9877
23
1.0343
33
-3.1693
0
3DFACE
8
B2_v2
10
1.8920
20
0.9301
30
-3.1004
11
1.8962
21
0.8302
31
-3.0751
12
1.9961
22
0.8345
32
-3.1148
13
1.9919
23
0.9344
33
-3.1405
0
3DFACE
8
B2_v2
10
1.8962
20
0.8302
30
-3.0751
11
1.9005
21
0.7303
31
-3.0550
12
2.0004
22
0.7346
32
-3.0925
13
1.9961
23
0.8345
33
-3.1148
0
3DFACE
8
B2_v2
10
1.9005
20
0.7303
30
-3.0550
11
1.9047
21
0.6304
31
-3.0377
12
2.0046
22
0.6346
32
-3.0740
13
2.0004
23
0.7346
33
-3.0925
0
3DFACE
8
B2_v2
10
1.9047
20
0.6304
30
-3.0377
11
1.9090
21
0.5305
31
-3.0228
12
2.0089
22
0.5347
32
-3.0593
13
2.0046
23
0.6346
33
-3.0740
0
3DFACE
8
B2_v2
10
1.9090
20
0.5305
30
-3.0228
11
1.9132
21
0.4306
31
-3.0137
12
2.0131
22
0.4348
32
-3.0494
13
2.0089
23
0.5347
33
-3.0593
0
3DFACE
8
B2_v2
10
1.9132
20
0.4306
30
-3.0137
11
1.9174
21
0.3307
31
-3.0040
12
2.0174
22
0.3349
32
-3.0384
13
2.0131
23
0.4348
33
-3.0494
0
3DFACE
8
B2_v2
10
1.9174
20
0.3307
30
-3.0040
11
1.9217
21
0.2308
31
-2.9949
12
2.0216
22
0.2350
32
-3.0268
13
2.0174
23
0.3349
33
-3.0384
0
3DFACE
8
B2_v2
10
1.9217
20
0.2308
30
-2.9949
11
1.9259
21
0.1309
31
-2.9850
12
2.0258
22
0.1351
32
-3.0166
13
2.0216
23
0.2350
33
-3.0268
0
3DFACE
8
B2_v2
10
1.9259
20
0.1309
30
-2.9850
11
1.9302
21
0.0309
31
-2.9752
12
2.0301
22
0.0352
32
-3.0066
13
2.0258
23
0.1351
33
-3.0166
0
3DFACE
8
B2_v2
10
1.9302
20
0.0309
30
-2.9752
11
1.9344
21
-0.0690
31
-2.9657
12
2.0343
22
-0.0647
32
-2.9961
13
2.0301
23
0.0352
33
-3.0066
0
3DFACE
8
B2_v2
10
1.9344
20
-0.0690
30
-2.9657
11
1.9387
21
-0.1689
31
-2.9545
12
2.0386
22
-0.1646
32
-2.9830
13
2.0343
23
-0.0647
33
-2.9961
0
3DFACE
8
B2_v2
10
1.9387
20
-0.1689
30
-2.9545
11
1.9429
21
-0.2688
31
-2.9394
12
2.0428
22
-0.2645
32
-2.9678
13
2.0386
23
-0.1646
33
-2.9830
0
3DFACE
8
B2_v2
10
1.9429
20
-0.2688
30
-2.9394
11
1.9472
21
-0.3687
31
-2.9223
12
2.0471
22
-0.3645
32
-2.9498
13
2.0428
23
-0.2645
33
-2.9678
0
3DFACE
8
B2_v2
10
1.9472
20
-0.3687
30
-2.9223
11
1.9514
21
-0.4686
31
-2.9034
12
2.0513
22
-0.4644
32
-2.9297
13
2.0471
23
-0.3645
33
-2.9498
0
3DFACE
8
B2_v2
10
1.9514
20
-0.4686
30
-2.9034
11
1.9556
21
-0.5685
31
-2.8821
12
2.0556
22
-0.5643
32
-2.9082
13
2.0513
23
-0.4644
33
-2.9297
0
3DFACE
8
B2_v2
10
1.9556
20
-0.5685
30
-2.8821
11
1.9599
21
-0.6684
31
-2.8611
12
2.0598
22
-0.6642
32
-2.8958
13
2.0556
23
-0.5643
33
-2.9082
0
3DFACE
8
B2_v2
10
1.9599
20
-0.6684
30
-2.8611
11
1.9641
21
-0.7683
31
-2.8399
12
2.0640
22
-0.7641
32
-2.8835
13
2.0598
23
-0.6642
33
-2.8958
0
3DFACE
8
B2_v2
10
1.9641
20
-0.7683
30
-2.8399
11
1.9684
21
-0.8682
31
-2.8276
12
2.0683
22
-0.8640
32
-2.8813
13
2.0640
23
-0.7641
33
-2.8835
0
3DFACE
8
B2_v2
10
1.9684
20
-0.8682
30
-2.8276
11
1.9726
21
-0.9682
31
-2.8166
12
2.0725
22
-0.9639
32
-2.8805
13
2.0683
23
-0.8640
33
-2.8813
0
3DFACE
8
B2_v2
10
1.9726
20
-0.9682
30
-2.8166
11
1.9769
21
-1.0681
31
-2.8060
12
2.0768
22
-1.0638
32
-2.8813
13
2.0725
23
-0.9639
33
-2.8805
0
3DFACE
8
B2_v2
10
1.9769
20
-1.0681
30
-2.8060
11
1.9811
21
-1.1680
31
-2.7998
12
2.0810
22
-1.1637
32
-2.8763
13
2.0768
23
-1.0638
33
-2.8813
0
3DFACE
8
B2_v2
10
1.9811
20
-1.1680
30
-2.7998
11
1.9854
21
-1.2679
31
-2.7980
12
2.0853
22
-1.2636
32
-2.8760
13
2.0810
23
-1.1637
33
-2.8763
0
3DFACE
8
B2_v2
10
1.8731
20
3.7319
30
-3.4271
11
1.8773
21
3.6319
31
-3.4256
12
1.9772
22
3.6362
32
-3.4677
13
1.9730
23
3.7361
33
-3.4690
0
3DFACE
8
B2_v2
10
1.8773
20
3.6319
30
-3.4256
11
1.8816
21
3.5320
31
-3.4238
12
1.9815
22
3.5363
32
-3.4668
13
1.9772
23
3.6362
33
-3.4677
0
3DFACE
8
B2_v2
10
1.8816
20
3.5320
30
-3.4238
11
1.8858
21
3.4321
31
-3.4223
12
1.9857
22
3.4364
32
-3.4635
13
1.9815
23
3.5363
33
-3.4668
0
3DFACE
8
B2_v2
10
1.8858
20
3.4321
30
-3.4223
11
1.8900
21
3.3322
31
-3.4188
12
1.9900
22
3.3365
32
-3.4606
13
1.9857
23
3.4364
33
-3.4635
0
3DFACE
8
B2_v2
10
1.8900
20
3.3322
30
-3.4188
11
1.8943
21
3.2323
31
-3.4178
12
1.9942
22
3.2365
32
-3.4600
13
1.9900
23
3.3365
33
-3.4606
0
3DFACE
8
B2_v2
10
1.8943
20
3.2323
30
-3.4178
11
1.8985
21
3.1324
31
-3.4164
12
1.9984
22
3.1366
32
-3.4592
13
1.9942
23
3.2365
33
-3.4600
0
3DFACE
8
B2_v2
10
1.8985
20
3.1324
30
-3.4164
11
1.9028
21
3.0325
31
-3.4151
12
2.0027
22
3.0367
32
-3.4570
13
1.9984
23
3.1366
33
-3.4592
0
3DFACE
8
B2_v2
10
1.9028
20
3.0325
30
-3.4151
11
1.9070
21
2.9326
31
-3.4118
12
2.0069
22
2.9368
32
-3.4533
13
2.0027
23
3.0367
33
-3.4570
0
3DFACE
8
B2_v2
10
1.9070
20
2.9326
30
-3.4118
11
1.9113
21
2.8327
31
-3.4089
12
2.0112
22
2.8369
32
-3.4518
13
2.0069
23
2.9368
33
-3.4533
0
3DFACE
8
B2_v2
10
1.9113
20
2.8327
30
-3.4089
11
1.9155
21
2.7328
31
-3.4069
12
2.0154
22
2.7370
32
-3.4497
13
2.0112
23
2.8369
33
-3.4518
0
3DFACE
8
B2_v2
10
1.9155
20
2.7328
30
-3.4069
11
1.9197
21
2.6328
31
-3.4035
12
2.0197
22
2.6371
32
-3.4469
13
2.0154
23
2.7370
33
-3.4497
0
3DFACE
8
B2_v2
10
1.9197
20
2.6328
30
-3.4035
11
1.9240
21
2.5329
31
-3.4007
12
2.0239
22
2.5372
32
-3.4444
13
2.0197
23
2.6371
33
-3.4469
0
3DFACE
8
B2_v2
10
1.9240
20
2.5329
30
-3.4007
11
1.9282
21
2.4330
31
-3.3980
12
2.0281
22
2.4373
32
-3.4411
13
2.0239
23
2.5372
33
-3.4444
0
3DFACE
8
B2_v2
10
1.9282
20
2.4330
30
-3.3980
11
1.9325
21
2.3331
31
-3.3950
12
2.0324
22
2.3374
32
-3.4380
13
2.0281
23
2.4373
33
-3.4411
0
3DFACE
8
B2_v2
10
1.9325
20
2.3331
30
-3.3950
11
1.9367
21
2.2332
31
-3.3913
12
2.0366
22
2.2374
32
-3.4357
13
2.0324
23
2.3374
33
-3.4380
0
3DFACE
8
B2_v2
10
1.9367
20
2.2332
30
-3.3913
11
1.9410
21
2.1333
31
-3.3897
12
2.0409
22
2.1375
32
-3.4348
13
2.0366
23
2.2374
33
-3.4357
0
3DFACE
8
B2_v2
10
1.9410
20
2.1333
30
-3.3897
11
1.9452
21
2.0334
31
-3.3879
12
2.0451
22
2.0376
32
-3.4340
13
2.0409
23
2.1375
33
-3.4348
0
3DFACE
8
B2_v2
10
1.9452
20
2.0334
30
-3.3879
11
1.9495
21
1.9335
31
-3.3869
12
2.0494
22
1.9377
32
-3.4324
13
2.0451
23
2.0376
33
-3.4340
0
3DFACE
8
B2_v2
10
1.9495
20
1.9335
30
-3.3869
11
1.9537
21
1.8336
31
-3.3789
12
2.0536
22
1.8378
32
-3.4240
13
2.0494
23
1.9377
33
-3.4324
0
3DFACE
8
B2_v2
10
1.9537
20
1.8336
30
-3.3789
11
1.9579
21
1.7337
31
-3.3657
12
2.0579
22
1.7379
32
-3.4103
13
2.0536
23
1.8378
33
-3.4240
0
3DFACE
8
B2_v2
10
1.9579
20
1.7337
30
-3.3657
11
1.9622
21
1.6337
31
-3.3463
12
2.0621
22
1.6380
32
-3.3901
13
2.0579
23
1.7379
33
-3.4103
0
3DFACE
8
B2_v2
10
1.9622
20
1.6337
30
-3.3463
11
1.9664
21
1.5338
31
-3.3211
12
2.0663
22
1.5381
32
-3.3643
13
2.0621
23
1.6380
33
-3.3901
0
3DFACE
8
B2_v2
10
1.9664
20
1.5338
30
-3.3211
11
1.9707
21
1.4339
31
-3.2890
12
2.0706
22
1.4382
32
-3.3325
13
2.0663
23
1.5381
33
-3.3643
0
3DFACE
8
B2_v2
10
1.9707
20
1.4339
30
-3.2890
11
1.9749
21
1.3340
31
-3.2590
12
2.0748
22
1.3383
32
-3.3009
13
2.0706
23
1.4382
33
-3.3325
0
3DFACE
8
B2_v2
10
1.9749
20
1.3340
30
-3.2590
11
1.9792
21
1.2341
31
-3.2296
12
2.0791
22
1.2384
32
-3.2681
13
2.0748
23
1.3383
33
-3.3009
0
3DFACE
8
B2_v2
10
1.9792
20
1.2341
30
-3.2296
11
1.9834
21
1.1342
31
-3.1994
12
2.0833
22
1.1384
32
-3.2373
13
2.0791
23
1.2384
33
-3.2681
0
3DFACE
8
B2_v2
10
1.9834
20
1.1342
30
-3.1994
11
1.9877
21
1.0343
31
-3.1693
12
2.0876
22
1.0385
32
-3.2070
13
2.0833
23
1.1384
33
-3.2373
0
3DFACE
8
B2_v2
10
1.9877
20
1.0343
30
-3.1693
11
1.9919
21
0.9344
31
-3.1405
12
2.0918
22
0.9386
32
-3.1756
13
2.0876
23
1.0385
33
-3.2070
0
3DFACE
8
B2_v2
10
1.9919
20
0.9344
30
-3.1405
11
1.9961
21
0.8345
31
-3.1148
12
2.0960
22
0.8387
32
-3.1481
13
2.0918
23
0.9386
33
-3.1756
0
3DFACE
8
B2_v2
10
1.9961
20
0.8345
30
-3.1148
11
2.0004
21
0.7346
31
-3.0925
12
2.1003
22
0.7388
32
-3.1236
13
2.0960
23
0.8387
33
-3.1481
0
3DFACE
8
B2_v2
10
2.0004
20
0.7346
30
-3.0925
11
2.0046
21
0.6346
31
-3.0740
12
2.1045
22
0.6389
32
-3.1051
13
2.1003
23
0.7388
33
-3.1236
0
3DFACE
8
B2_v2
10
2.0046
20
0.6346
30
-3.0740
11
2.0089
21
0.5347
31
-3.0593
12
2.1088
22
0.5390
32
-3.0908
13
2.1045
23
0.6389
33
-3.1051
0
3DFACE
8
B2_v2
10
2.0089
20
0.5347
30
-3.0593
11
2.0131
21
0.4348
31
-3.0494
12
2.1130
22
0.4391
32
-3.0803
13
2.1088
23
0.5390
33
-3.0908
0
3DFACE
8
B2_v2
10
2.0131
20
0.4348
30
-3.0494
11
2.0174
21
0.3349
31
-3.0384
12
2.1173
22
0.3392
32
-3.0684
13
2.1130
23
0.4391
33
-3.0803
0
3DFACE
8
B2_v2
10
2.0174
20
0.3349
30
-3.0384
11
2.0216
21
0.2350
31
-3.0268
12
2.1215
22
0.2393
32
-3.0573
13
2.1173
23
0.3392
33
-3.0684
0
3DFACE
8
B2_v2
10
2.0216
20
0.2350
30
-3.0268
11
2.0258
21
0.1351
31
-3.0166
12
2.1258
22
0.1393
32
-3.0469
13
2.1215
23
0.2393
33
-3.0573
0
3DFACE
8
B2_v2
10
2.0258
20
0.1351
30
-3.0166
11
2.0301
21
0.0352
31
-3.0066
12
2.1300
22
0.0394
32
-3.0359
13
2.1258
23
0.1393
33
-3.0469
0
3DFACE
8
B2_v2
10
2.0301
20
0.0352
30
-3.0066
11
2.0343
21
-0.0647
31
-2.9961
12
2.1342
22
-0.0605
32
-3.0249
13
2.1300
23
0.0394
33
-3.0359
0
3DFACE
8
B2_v2
10
2.0343
20
-0.0647
30
-2.9961
11
2.0386
21
-0.1646
31
-2.9830
12
2.1385
22
-0.1604
32
-3.0110
13
2.1342
23
-0.0605
33
-3.0249
0
3DFACE
8
B2_v2
10
2.0386
20
-0.1646
30
-2.9830
11
2.0428
21
-0.2645
31
-2.9678
12
2.1427
22
-0.2603
32
-2.9935
13
2.1385
23
-0.1604
33
-3.0110
0
3DFACE
8
B2_v2
10
2.0428
20
-0.2645
30
-2.9678
11
2.0471
21
-0.3645
31
-2.9498
12
2.1470
22
-0.3602
32
-2.9818
13
2.1427
23
-0.2603
33
-2.9935
0
3DFACE
8
B2_v2
10
2.0471
20
-0.3645
30
-2.9498
11
2.0513
21
-0.4644
31
-2.9297
12
2.1512
22
-0.4601
32
-2.9700
13
2.1470
23
-0.3602
33
-2.9818
0
3DFACE
8
B2_v2
10
2.0513
20
-0.4644
30
-2.9297
11
2.0556
21
-0.5643
31
-2.9082
12
2.1555
22
-0.5600
32
-2.9562
13
2.1512
23
-0.4601
33
-2.9700
0
3DFACE
8
B2_v2
10
2.0556
20
-0.5643
30
-2.9082
11
2.0598
21
-0.6642
31
-2.8958
12
2.1597
22
-0.6599
32
-2.9521
13
2.1555
23
-0.5600
33
-2.9562
0
3DFACE
8
B2_v2
10
2.0598
20
-0.6642
30
-2.8958
11
2.0640
21
-0.7641
31
-2.8835
12
2.1640
22
-0.7598
32
-2.9490
13
2.1597
23
-0.6599
33
-2.9521
0
3DFACE
8
B2_v2
10
2.0640
20
-0.7641
30
-2.8835
11
2.0683
21
-0.8640
31
-2.8813
12
2.1682
22
-0.8598
32
-2.9499
13
2.1640
23
-0.7598
33
-2.9490
0
3DFACE
8
B2_v2
10
2.0683
20
-0.8640
30
-2.8813
11
2.0725
21
-0.9639
31
-2.8805
12
2.1724
22
-0.9597
32
-2.9522
13
2.1682
23
-0.8598
33
-2.9499
0
3DFACE
8
B2_v2
10
2.0725
20
-0.9639
30
-2.8805
11
2.0768
21
-1.0638
31
-2.8813
12
2.1767
22
-1.0596
32
-2.9559
13
2.1724
23
-0.9597
33
-2.9522
0
3DFACE
8
B2_v2
10
2.0768
20
-1.0638
30
-2.8813
11
2.0810
21
-1.1637
31
-2.8763
12
2.1809
22
-1.1595
32
-2.9553
13
2.1767
23
-1.0596
33
-2.9559
0
3DFACE
8
B2_v2
10
2.0810
20
-1.1637
30
-2.8763
11
2.0853
21
-1.2636
31
-2.8760
12
2.1852
22
-1.2594
32
-2.9588
13
2.1809
23
-1.1595
33
-2.9553
0
3DFACE
8
B2_v2
10
1.9730
20
3.7361
30
-3.4690
11
1.9772
21
3.6362
31
-3.4677
12
2.0771
22
3.6404
32
-3.5093
13
2.0729
23
3.7403
33
-3.5114
0
3DFACE
8
B2_v2
10
1.9772
20
3.6362
30
-3.4677
11
1.9815
21
3.5363
31
-3.4668
12
2.0814
22
3.5405
32
-3.5083
13
2.0771
23
3.6404
33
-3.5093
0
3DFACE
8
B2_v2
10
1.9815
20
3.5363
30
-3.4668
11
1.9857
21
3.4364
31
-3.4635
12
2.0856
22
3.4406
32
-3.5053
13
2.0814
23
3.5405
33
-3.5083
0
3DFACE
8
B2_v2
10
1.9857
20
3.4364
30
-3.4635
11
1.9900
21
3.3365
31
-3.4606
12
2.0899
22
3.3407
32
-3.5034
13
2.0856
23
3.4406
33
-3.5053
0
3DFACE
8
B2_v2
10
1.9900
20
3.3365
30
-3.4606
11
1.9942
21
3.2365
31
-3.4600
12
2.0941
22
3.2408
32
-3.5026
13
2.0899
23
3.3407
33
-3.5034
0
3DFACE
8
B2_v2
10
1.9942
20
3.2365
30
-3.4600
11
1.9984
21
3.1366
31
-3.4592
12
2.0983
22
3.1409
32
-3.5020
13
2.0941
23
3.2408
33
-3.5026
0
3DFACE
8
B2_v2
10
1.9984
20
3.1366
30
-3.4592
11
2.0027
21
3.0367
31
-3.4570
12
2.1026
22
3.0410
32
-3.5002
13
2.0983
23
3.1409
33
-3.5020
0
3DFACE
8
B2_v2
10
2.0027
20
3.0367
30
-3.4570
11
2.0069
21
2.9368
31
-3.4533
12
2.1068
22
2.9411
32
-3.4990
13
2.1026
23
3.0410
33
-3.5002
0
3DFACE
8
B2_v2
10
2.0069
20
2.9368
30
-3.4533
11
2.0112
21
2.8369
31
-3.4518
12
2.1111
22
2.8412
32
-3.4950
13
2.1068
23
2.9411
33
-3.4990
0
3DFACE
8
B2_v2
10
2.0112
20
2.8369
30
-3.4518
11
2.0154
21
2.7370
31
-3.4497
12
2.1153
22
2.7412
32
-3.4921
13
2.1111
23
2.8412
33
-3.4950
0
3DFACE
8
B2_v2
10
2.0154
20
2.7370
30
-3.4497
11
2.0197
21
2.6371
31
-3.4469
12
2.1196
22
2.6413
32
-3.4894
13
2.1153
23
2.7412
33
-3.4921
0
3DFACE
8
B2_v2
10
2.0197
20
2.6371
30
-3.4469
11
2.0239
21
2.5372
31
-3.4444
12
2.1238
22
2.5414
32
-3.4866
13
2.1196
23
2.6413
33
-3.4894
0
3DFACE
8
B2_v2
10
2.0239
20
2.5372
30
-3.4444
11
2.0281
21
2.4373
31
-3.4411
12
2.1281
22
2.4415
32
-3.4855
13
2.1238
23
2.5414
33
-3.4866
0
3DFACE
8
B2_v2
10
2.0281
20
2.4373
30
-3.4411
11
2.0324
21
2.3374
31
-3.4380
12
2.1323
22
2.3416
32
-3.4827
13
2.1281
23
2.4415
33
-3.4855
0
3DFACE
8
B2_v2
10
2.0324
20
2.3374
30
-3.4380
11
2.0366
21
2.2374
31
-3.4357
12
2.1365
22
2.2417
32
-3.4811
13
2.1323
23
2.3416
33
-3.4827
0
3DFACE
8
B2_v2
10
2.0366
20
2.2374
30
-3.4357
11
2.0409
21
2.1375
31
-3.4348
12
2.1408
22
2.1418
32
-3.4806
13
2.1365
23
2.2417
33
-3.4811
0
3DFACE
8
B2_v2
10
2.0409
20
2.1375
30
-3.4348
11
2.0451
21
2.0376
31
-3.4340
12
2.1450
22
2.0419
32
-3.4794
13
2.1408
23
2.1418
33
-3.4806
0
3DFACE
8
B2_v2
10
2.0451
20
2.0376
30
-3.4340
11
2.0494
21
1.9377
31
-3.4324
12
2.1493
22
1.9420
32
-3.4781
13
2.1450
23
2.0419
33
-3.4794
0
3DFACE
8
B2_v2
10
2.0494
20
1.9377
30
-3.4324
11
2.0536
21
1.8378
31
-3.4240
12
2.1535
22
1.8421
32
-3.4694
13
2.1493
23
1.9420
33
-3.4781
0
3DFACE
8
B2_v2
10
2.0536
20
1.8378
30
-3.4240
11
2.0579
21
1.7379
31
-3.4103
12
2.1578
22
1.7421
32
-3.4548
13
2.1535
23
1.8421
33
-3.4694
0
3DFACE
8
B2_v2
10
2.0579
20
1.7379
30
-3.4103
11
2.0621
21
1.6380
31
-3.3901
12
2.1620
22
1.6422
32
-3.4346
13
2.1578
23
1.7421
33
-3.4548
0
3DFACE
8
B2_v2
10
2.0621
20
1.6380
30
-3.3901
11
2.0663
21
1.5381
31
-3.3643
12
2.1663
22
1.5423
32
-3.4063
13
2.1620
23
1.6422
33
-3.4346
0
3DFACE
8
B2_v2
10
2.0663
20
1.5381
30
-3.3643
11
2.0706
21
1.4382
31
-3.3325
12
2.1705
22
1.4424
32
-3.3725
13
2.1663
23
1.5423
33
-3.4063
0
3DFACE
8
B2_v2
10
2.0706
20
1.4382
30
-3.3325
11
2.0748
21
1.3383
31
-3.3009
12
2.1747
22
1.3425
32
-3.3397
13
2.1705
23
1.4424
33
-3.3725
0
3DFACE
8
B2_v2
10
2.0748
20
1.3383
30
-3.3009
11
2.0791
21
1.2384
31
-3.2681
12
2.1790
22
1.2426
32
-3.3061
13
2.1747
23
1.3425
33
-3.3397
0
3DFACE
8
B2_v2
10
2.0791
20
1.2384
30
-3.2681
11
2.0833
21
1.1384
31
-3.2373
12
2.1832
22
1.1427
32
-3.2737
13
2.1790
23
1.2426
33
-3.3061
0
3DFACE
8
B2_v2
10
2.0833
20
1.1384
30
-3.2373
11
2.0876
21
1.0385
31
-3.2070
12
2.1875
22
1.0428
32
-3.2412
13
2.1832
23
1.1427
33
-3.2737
0
3DFACE
8
B2_v2
10
2.0876
20
1.0385
30
-3.2070
11
2.0918
21
0.9386
31
-3.1756
12
2.1917
22
0.9429
32
-3.2075
13
2.1875
23
1.0428
33
-3.2412
0
3DFACE
8
B2_v2
10
2.0918
20
0.9386
30
-3.1756
11
2.0960
21
0.8387
31
-3.1481
12
2.1960
22
0.8430
32
-3.1789
13
2.1917
23
0.9429
33
-3.2075
0
3DFACE
8
B2_v2
10
2.0960
20
0.8387
30
-3.1481
11
2.1003
21
0.7388
31
-3.1236
12
2.2002
22
0.7430
32
-3.1550
13
2.1960
23
0.8430
33
-3.1789
0
3DFACE
8
B2_v2
10
2.1003
20
0.7388
30
-3.1236
11
2.1045
21
0.6389
31
-3.1051
12
2.2044
22
0.6431
32
-3.1359
13
2.2002
23
0.7430
33
-3.1550
0
3DFACE
8
B2_v2
10
2.1045
20
0.6389
30
-3.1051
11
2.1088
21
0.5390
31
-3.0908
12
2.2087
22
0.5432
32
-3.1209
13
2.2044
23
0.6431
33
-3.1359
0
3DFACE
8
B2_v2
10
2.1088
20
0.5390
30
-3.0908
11
2.1130
21
0.4391
31
-3.0803
12
2.2129
22
0.4433
32
-3.1089
13
2.2087
23
0.5432
33
-3.1209
0
3DFACE
8
B2_v2
10
2.1130
20
0.4391
30
-3.0803
11
2.1173
21
0.3392
31
-3.0684
12
2.2172
22
0.3434
32
-3.0975
13
2.2129
23
0.4433
33
-3.1089
0
3DFACE
8
B2_v2
10
2.1173
20
0.3392
30
-3.0684
11
2.1215
21
0.2393
31
-3.0573
12
2.2214
22
0.2435
32
-3.0880
13
2.2172
23
0.3434
33
-3.0975
0
3DFACE
8
B2_v2
10
2.1215
20
0.2393
30
-3.0573
11
2.1258
21
0.1393
31
-3.0469
12
2.2257
22
0.1436
32
-3.0768
13
2.2214
23
0.2435
33
-3.0880
0
3DFACE
8
B2_v2
10
2.1258
20
0.1393
30
-3.0469
11
2.1300
21
0.0394
31
-3.0359
12
2.2299
22
0.0437
32
-3.0635
13
2.2257
23
0.1436
33
-3.0768
0
3DFACE
8
B2_v2
10
2.1300
20
0.0394
30
-3.0359
11
2.1342
21
-0.0605
31
-3.0249
12
2.2342
22
-0.0562
32
-3.0493
13
2.2299
23
0.0437
33
-3.0635
0
3DFACE
8
B2_v2
10
2.1342
20
-0.0605
30
-3.0249
11
2.1385
21
-0.1604
31
-3.0110
12
2.2384
22
-0.1561
32
-3.0408
13
2.2342
23
-0.0562
33
-3.0493
0
3DFACE
8
B2_v2
10
2.1385
20
-0.1604
30
-3.0110
11
2.1427
21
-0.2603
31
-2.9935
12
2.2426
22
-0.2561
32
-3.0294
13
2.2384
23
-0.1561
33
-3.0408
0
3DFACE
8
B2_v2
10
2.1427
20
-0.2603
30
-2.9935
11
2.1470
21
-0.3602
31
-2.9818
12
2.2469
22
-0.3560
32
-3.0266
13
2.2426
23
-0.2561
33
-3.0294
0
3DFACE
8
B2_v2
10
2.1470
20
-0.3602
30
-2.9818
11
2.1512
21
-0.4601
31
-2.9700
12
2.2511
22
-0.4559
32
-3.0218
13
2.2469
23
-0.3560
33
-3.0266
0
3DFACE
8
B2_v2
10
2.1512
20
-0.4601
30
-2.9700
11
2.1555
21
-0.5600
31
-2.9562
12
2.2554
22
-0.5558
32
-3.0172
13
2.2511
23
-0.4559
33
-3.0218
0
3DFACE
8
B2_v2
10
2.1555
20
-0.5600
30
-2.9562
11
2.1597
21
-0.6599
31
-2.9521
12
2.2596
22
-0.6557
32
-3.0167
13
2.2554
23
-0.5558
33
-3.0172
0
3DFACE
8
B2_v2
10
2.1597
20
-0.6599
30
-2.9521
11
2.1640
21
-0.7598
31
-2.9490
12
2.2639
22
-0.7556
32
-3.0178
13
2.2596
23
-0.6557
33
-3.0167
0
3DFACE
8
B2_v2
10
2.1640
20
-0.7598
30
-2.9490
11
2.1682
21
-0.8598
31
-2.9499
12
2.2681
22
-0.8555
32
-3.0214
13
2.2639
23
-0.7556
33
-3.0178
0
3DFACE
8
B2_v2
10
2.1682
20
-0.8598
30
-2.9499
11
2.1724
21
-0.9597
31
-2.9522
12
2.2723
22
-0.9554
32
-3.0262
13
2.2681
23
-0.8555
33
-3.0214
0
3DFACE
8
B2_v2
10
2.1724
20
-0.9597
30
-2.9522
11
2.1767
21
-1.0596
31
-2.9559
12
2.2766
22
-1.0553
32
-3.0325
13
2.2723
23
-0.9554
33
-3.0262
0
3DFACE
8
B2_v2
10
2.1767
20
-1.0596
30
-2.9559
11
2.1809
21
-1.1595
31
-2.9553
12
2.2808
22
-1.1552
32
-3.0343
13
2.2766
23
-1.0553
33
-3.0325
0
3DFACE
8
B2_v2
10
2.1809
20
-1.1595
30
-2.9553
11
2.1852
21
-1.2594
31
-2.9588
12
2.2851
22
-1.2552
32
-3.0392
13
2.2808
23
-1.1552
33
-3.0343
0
3DFACE
8
B2_v2
10
2.0729
20
3.7403
30
-3.5114
11
2.0771
21
3.6404
31
-3.5093
12
2.1770
22
3.6447
32
-3.5512
13
2.1728
23
3.7446
33
-3.5522
0
3DFACE
8
B2_v2
10
2.0771
20
3.6404
30
-3.5093
11
2.0814
21
3.5405
31
-3.5083
12
2.1813
22
3.5448
32
-3.5485
13
2.1770
23
3.6447
33
-3.5512
0
3DFACE
8
B2_v2
10
2.0814
20
3.5405
30
-3.5083
11
2.0856
21
3.4406
31
-3.5053
12
2.1855
22
3.4449
32
-3.5464
13
2.1813
23
3.5448
33
-3.5485
0
3DFACE
8
B2_v2
10
2.0856
20
3.4406
30
-3.5053
11
2.0899
21
3.3407
31
-3.5034
12
2.1898
22
3.3449
32
-3.5462
13
2.1855
23
3.4449
33
-3.5464
0
3DFACE
8
B2_v2
10
2.0899
20
3.3407
30
-3.5034
11
2.0941
21
3.2408
31
-3.5026
12
2.1940
22
3.2450
32
-3.5464
13
2.1898
23
3.3449
33
-3.5462
0
3DFACE
8
B2_v2
10
2.0941
20
3.2408
30
-3.5026
11
2.0983
21
3.1409
31
-3.5020
12
2.1983
22
3.1451
32
-3.5460
13
2.1940
23
3.2450
33
-3.5464
0
3DFACE
8
B2_v2
10
2.0983
20
3.1409
30
-3.5020
11
2.1026
21
3.0410
31
-3.5002
12
2.2025
22
3.0452
32
-3.5447
13
2.1983
23
3.1451
33
-3.5460
0
3DFACE
8
B2_v2
10
2.1026
20
3.0410
30
-3.5002
11
2.1068
21
2.9411
31
-3.4990
12
2.2067
22
2.9453
32
-3.5420
13
2.2025
23
3.0452
33
-3.5447
0
3DFACE
8
B2_v2
10
2.1068
20
2.9411
30
-3.4990
11
2.1111
21
2.8412
31
-3.4950
12
2.2110
22
2.8454
32
-3.5396
13
2.2067
23
2.9453
33
-3.5420
0
3DFACE
8
B2_v2
10
2.1111
20
2.8412
30
-3.4950
11
2.1153
21
2.7412
31
-3.4921
12
2.2152
22
2.7455
32
-3.5374
13
2.2110
23
2.8454
33
-3.5396
0
3DFACE
8
B2_v2
10
2.1153
20
2.7412
30
-3.4921
11
2.1196
21
2.6413
31
-3.4894
12
2.2195
22
2.6456
32
-3.5347
13
2.2152
23
2.7455
33
-3.5374
0
3DFACE
8
B2_v2
10
2.1196
20
2.6413
30
-3.4894
11
2.1238
21
2.5414
31
-3.4866
12
2.2237
22
2.5457
32
-3.5327
13
2.2195
23
2.6456
33
-3.5347
0
3DFACE
8
B2_v2
10
2.1238
20
2.5414
30
-3.4866
11
2.1281
21
2.4415
31
-3.4855
12
2.2280
22
2.4458
32
-3.5313
13
2.2237
23
2.5457
33
-3.5327
0
3DFACE
8
B2_v2
10
2.1281
20
2.4415
30
-3.4855
11
2.1323
21
2.3416
31
-3.4827
12
2.2322
22
2.3458
32
-3.5287
13
2.2280
23
2.4458
33
-3.5313
0
3DFACE
8
B2_v2
10
2.1323
20
2.3416
30
-3.4827
11
2.1365
21
2.2417
31
-3.4811
12
2.2365
22
2.2459
32
-3.5270
13
2.2322
23
2.3458
33
-3.5287
0
3DFACE
8
B2_v2
10
2.1365
20
2.2417
30
-3.4811
11
2.1408
21
2.1418
31
-3.4806
12
2.2407
22
2.1460
32
-3.5264
13
2.2365
23
2.2459
33
-3.5270
0
3DFACE
8
B2_v2
10
2.1408
20
2.1418
30
-3.4806
11
2.1450
21
2.0419
31
-3.4794
12
2.2449
22
2.0461
32
-3.5253
13
2.2407
23
2.1460
33
-3.5264
0
3DFACE
8
B2_v2
10
2.1450
20
2.0419
30
-3.4794
11
2.1493
21
1.9420
31
-3.4781
12
2.2492
22
1.9462
32
-3.5232
13
2.2449
23
2.0461
33
-3.5253
0
3DFACE
8
B2_v2
10
2.1493
20
1.9420
30
-3.4781
11
2.1535
21
1.8421
31
-3.4694
12
2.2534
22
1.8463
32
-3.5150
13
2.2492
23
1.9462
33
-3.5232
0
3DFACE
8
B2_v2
10
2.1535
20
1.8421
30
-3.4694
11
2.1578
21
1.7421
31
-3.4548
12
2.2577
22
1.7464
32
-3.4996
13
2.2534
23
1.8463
33
-3.5150
0
3DFACE
8
B2_v2
10
2.1578
20
1.7421
30
-3.4548
11
2.1620
21
1.6422
31
-3.4346
12
2.2619
22
1.6465
32
-3.4778
13
2.2577
23
1.7464
33
-3.4996
0
3DFACE
8
B2_v2
10
2.1620
20
1.6422
30
-3.4346
11
2.1663
21
1.5423
31
-3.4063
12
2.2662
22
1.5466
32
-3.4487
13
2.2619
23
1.6465
33
-3.4778
0
3DFACE
8
B2_v2
10
2.1663
20
1.5423
30
-3.4063
11
2.1705
21
1.4424
31
-3.3725
12
2.2704
22
1.4467
32
-3.4140
13
2.2662
23
1.5466
33
-3.4487
0
3DFACE
8
B2_v2
10
2.1705
20
1.4424
30
-3.3725
11
2.1747
21
1.3425
31
-3.3397
12
2.2746
22
1.3467
32
-3.3794
13
2.2704
23
1.4467
33
-3.4140
0
3DFACE
8
B2_v2
10
2.1747
20
1.3425
30
-3.3397
11
2.1790
21
1.2426
31
-3.3061
12
2.2789
22
1.2468
32
-3.3450
13
2.2746
23
1.3467
33
-3.3794
0
3DFACE
8
B2_v2
10
2.1790
20
1.2426
30
-3.3061
11
2.1832
21
1.1427
31
-3.2737
12
2.2831
22
1.1469
32
-3.3097
13
2.2789
23
1.2468
33
-3.3450
0
3DFACE
8
B2_v2
10
2.1832
20
1.1427
30
-3.2737
11
2.1875
21
1.0428
31
-3.2412
12
2.2874
22
1.0470
32
-3.2750
13
2.2831
23
1.1469
33
-3.3097
0
3DFACE
8
B2_v2
10
2.1875
20
1.0428
30
-3.2412
11
2.1917
21
0.9429
31
-3.2075
12
2.2916
22
0.9471
32
-3.2393
13
2.2874
23
1.0470
33
-3.2750
0
3DFACE
8
B2_v2
10
2.1917
20
0.9429
30
-3.2075
11
2.1960
21
0.8430
31
-3.1789
12
2.2959
22
0.8472
32
-3.2100
13
2.2916
23
0.9471
33
-3.2393
0
3DFACE
8
B2_v2
10
2.1960
20
0.8430
30
-3.1789
11
2.2002
21
0.7430
31
-3.1550
12
2.3001
22
0.7473
32
-3.1856
13
2.2959
23
0.8472
33
-3.2100
0
3DFACE
8
B2_v2
10
2.2002
20
0.7430
30
-3.1550
11
2.2044
21
0.6431
31
-3.1359
12
2.3044
22
0.6474
32
-3.1649
13
2.3001
23
0.7473
33
-3.1856
0
3DFACE
8
B2_v2
10
2.2044
20
0.6431
30
-3.1359
11
2.2087
21
0.5432
31
-3.1209
12
2.3086
22
0.5475
32
-3.1489
13
2.3044
23
0.6474
33
-3.1649
0
3DFACE
8
B2_v2
10
2.2087
20
0.5432
30
-3.1209
11
2.2129
21
0.4433
31
-3.1089
12
2.3128
22
0.4476
32
-3.1378
13
2.3086
23
0.5475
33
-3.1489
0
3DFACE
8
B2_v2
10
2.2129
20
0.4433
30
-3.1089
11
2.2172
21
0.3434
31
-3.0975
12
2.3171
22
0.3476
32
-3.1265
13
2.3128
23
0.4476
33
-3.1378
0
3DFACE
8
B2_v2
10
2.2172
20
0.3434
30
-3.0975
11
2.2214
21
0.2435
31
-3.0880
12
2.3213
22
0.2477
32
-3.1148
13
2.3171
23
0.3476
33
-3.1265
0
3DFACE
8
B2_v2
10
2.2214
20
0.2435
30
-3.0880
11
2.2257
21
0.1436
31
-3.0768
12
2.3256
22
0.1478
32
-3.1022
13
2.3213
23
0.2477
33
-3.1148
0
3DFACE
8
B2_v2
10
2.2257
20
0.1436
30
-3.0768
11
2.2299
21
0.0437
31
-3.0635
12
2.3298
22
0.0479
32
-3.0960
13
2.3256
23
0.1478
33
-3.1022
0
3DFACE
8
B2_v2
10
2.2299
20
0.0437
30
-3.0635
11
2.2342
21
-0.0562
31
-3.0493
12
2.3341
22
-0.0520
32
-3.0876
13
2.3298
23
0.0479
33
-3.0960
0
3DFACE
8
B2_v2
10
2.2342
20
-0.0562
30
-3.0493
11
2.2384
21
-0.1561
31
-3.0408
12
2.3383
22
-0.1519
32
-3.0846
13
2.3341
23
-0.0520
33
-3.0876
0
3DFACE
8
B2_v2
10
2.2384
20
-0.1561
30
-3.0408
11
2.2426
21
-0.2561
31
-3.0294
12
2.3426
22
-0.2518
32
-3.0823
13
2.3383
23
-0.1519
33
-3.0846
0
3DFACE
8
B2_v2
10
2.2426
20
-0.2561
30
-3.0294
11
2.2469
21
-0.3560
31
-3.0266
12
2.3468
22
-0.3517
32
-3.0866
13
2.3426
23
-0.2518
33
-3.0823
0
3DFACE
8
B2_v2
10
2.2469
20
-0.3560
30
-3.0266
11
2.2511
21
-0.4559
31
-3.0218
12
2.3510
22
-0.4516
32
-3.0851
13
2.3468
23
-0.3517
33
-3.0866
0
3DFACE
8
B2_v2
10
2.2511
20
-0.4559
30
-3.0218
11
2.2554
21
-0.5558
31
-3.0172
12
2.3553
22
-0.5515
32
-3.0841
13
2.3510
23
-0.4516
33
-3.0851
0
3DFACE
8
B2_v2
10
2.2554
20
-0.5558
30
-3.0172
11
2.2596
21
-0.6557
31
-3.0167
12
2.3595
22
-0.6515
32
-3.0857
13
2.3553
23
-0.5515
33
-3.0841
0
3DFACE
8
B2_v2
10
2.2596
20
-0.6557
30
-3.0167
11
2.2639
21
-0.7556
31
-3.0178
12
2.3638
22
-0.7514
32
-3.0877
13
2.3595
23
-0.6515
33
-3.0857
0
3DFACE
8
B2_v2
10
2.2639
20
-0.7556
30
-3.0178
11
2.2681
21
-0.8555
31
-3.0214
12
2.3680
22
-0.8513
32
-3.0940
13
2.3638
23
-0.7514
33
-3.0877
0
3DFACE
8
B2_v2
10
2.2681
20
-0.8555
30
-3.0214
11
2.2723
21
-0.9554
31
-3.0262
12
2.3723
22
-0.9512
32
-3.1020
13
2.3680
23
-0.8513
33
-3.0940
0
3DFACE
8
B2_v2
10
2.2723
20
-0.9554
30
-3.0262
11
2.2766
21
-1.0553
31
-3.0325
12
2.3765
22
-1.0511
32
-3.1118
13
2.3723
23
-0.9512
33
-3.1020
0
3DFACE
8
B2_v2
10
2.2766
20
-1.0553
30
-3.0325
11
2.2808
21
-1.1552
31
-3.0343
12
2.3807
22
-1.1510
32
-3.1149
13
2.3765
23
-1.0511
33
-3.1118
0
3DFACE
8
B2_v2
10
2.2808
20
-1.1552
30
-3.0343
11
2.2851
21
-1.2552
31
-3.0392
12
2.3850
22
-1.2509
32
-3.1197
13
2.3807
23
-1.1510
33
-3.1149
0
3DFACE
8
B2_v2
10
2.1728
20
3.7446
30
-3.5522
11
2.1770
21
3.6447
31
-3.5512
12
2.2769
22
3.6489
32
-3.5903
13
2.2727
23
3.7488
33
-3.5913
0
3DFACE
8
B2_v2
10
2.1770
20
3.6447
30
-3.5512
11
2.1813
21
3.5448
31
-3.5485
12
2.2812
22
3.5490
32
-3.5883
13
2.2769
23
3.6489
33
-3.5903
0
3DFACE
8
B2_v2
10
2.1813
20
3.5448
30
-3.5485
11
2.1855
21
3.4449
31
-3.5464
12
2.2854
22
3.4491
32
-3.5874
13
2.2812
23
3.5490
33
-3.5883
0
3DFACE
8
B2_v2
10
2.1855
20
3.4449
30
-3.5464
11
2.1898
21
3.3449
31
-3.5462
12
2.2897
22
3.3492
32
-3.5875
13
2.2854
23
3.4491
33
-3.5874
0
3DFACE
8
B2_v2
10
2.1898
20
3.3449
30
-3.5462
11
2.1940
21
3.2450
31
-3.5464
12
2.2939
22
3.2493
32
-3.5884
13
2.2897
23
3.3492
33
-3.5875
0
3DFACE
8
B2_v2
10
2.1940
20
3.2450
30
-3.5464
11
2.1983
21
3.1451
31
-3.5460
12
2.2982
22
3.1494
32
-3.5886
13
2.2939
23
3.2493
33
-3.5884
0
3DFACE
8
B2_v2
10
2.1983
20
3.1451
30
-3.5460
11
2.2025
21
3.0452
31
-3.5447
12
2.3024
22
3.0495
32
-3.5864
13
2.2982
23
3.1494
33
-3.5886
0
3DFACE
8
B2_v2
10
2.2025
20
3.0452
30
-3.5447
11
2.2067
21
2.9453
31
-3.5420
12
2.3067
22
2.9496
32
-3.5846
13
2.3024
23
3.0495
33
-3.5864
0
3DFACE
8
B2_v2
10
2.2067
20
2.9453
30
-3.5420
11
2.2110
21
2.8454
31
-3.5396
12
2.3109
22
2.8496
32
-3.5828
13
2.3067
23
2.9496
33
-3.5846
0
3DFACE
8
B2_v2
10
2.2110
20
2.8454
30
-3.5396
11
2.2152
21
2.7455
31
-3.5374
12
2.3151
22
2.7497
32
-3.5800
13
2.3109
23
2.8496
33
-3.5828
0
3DFACE
8
B2_v2
10
2.2152
20
2.7455
30
-3.5374
11
2.2195
21
2.6456
31
-3.5347
12
2.3194
22
2.6498
32
-3.5784
13
2.3151
23
2.7497
33
-3.5800
0
3DFACE
8
B2_v2
10
2.2195
20
2.6456
30
-3.5347
11
2.2237
21
2.5457
31
-3.5327
12
2.3236
22
2.5499
32
-3.5775
13
2.3194
23
2.6498
33
-3.5784
0
3DFACE
8
B2_v2
10
2.2237
20
2.5457
30
-3.5327
11
2.2280
21
2.4458
31
-3.5313
12
2.3279
22
2.4500
32
-3.5754
13
2.3236
23
2.5499
33
-3.5775
0
3DFACE
8
B2_v2
10
2.2280
20
2.4458
30
-3.5313
11
2.2322
21
2.3458
31
-3.5287
12
2.3321
22
2.3501
32
-3.5730
13
2.3279
23
2.4500
33
-3.5754
0
3DFACE
8
B2_v2
10
2.2322
20
2.3458
30
-3.5287
11
2.2365
21
2.2459
31
-3.5270
12
2.3364
22
2.2502
32
-3.5719
13
2.3321
23
2.3501
33
-3.5730
0
3DFACE
8
B2_v2
10
2.2365
20
2.2459
30
-3.5270
11
2.2407
21
2.1460
31
-3.5264
12
2.3406
22
2.1503
32
-3.5705
13
2.3364
23
2.2502
33
-3.5719
0
3DFACE
8
B2_v2
10
2.2407
20
2.1460
30
-3.5264
11
2.2449
21
2.0461
31
-3.5253
12
2.3449
22
2.0504
32
-3.5691
13
2.3406
23
2.1503
33
-3.5705
0
3DFACE
8
B2_v2
10
2.2449
20
2.0461
30
-3.5253
11
2.2492
21
1.9462
31
-3.5232
12
2.3491
22
1.9505
32
-3.5681
13
2.3449
23
2.0504
33
-3.5691
0
3DFACE
8
B2_v2
10
2.2492
20
1.9462
30
-3.5232
11
2.2534
21
1.8463
31
-3.5150
12
2.3533
22
1.8505
32
-3.5601
13
2.3491
23
1.9505
33
-3.5681
0
3DFACE
8
B2_v2
10
2.2534
20
1.8463
30
-3.5150
11
2.2577
21
1.7464
31
-3.4996
12
2.3576
22
1.7506
32
-3.5442
13
2.3533
23
1.8505
33
-3.5601
0
3DFACE
8
B2_v2
10
2.2577
20
1.7464
30
-3.4996
11
2.2619
21
1.6465
31
-3.4778
12
2.3618
22
1.6507
32
-3.5196
13
2.3576
23
1.7506
33
-3.5442
0
3DFACE
8
B2_v2
10
2.2619
20
1.6465
30
-3.4778
11
2.2662
21
1.5466
31
-3.4487
12
2.3661
22
1.5508
32
-3.4904
13
2.3618
23
1.6507
33
-3.5196
0
3DFACE
8
B2_v2
10
2.2662
20
1.5466
30
-3.4487
11
2.2704
21
1.4467
31
-3.4140
12
2.3703
22
1.4509
32
-3.4555
13
2.3661
23
1.5508
33
-3.4904
0
3DFACE
8
B2_v2
10
2.2704
20
1.4467
30
-3.4140
11
2.2746
21
1.3467
31
-3.3794
12
2.3746
22
1.3510
32
-3.4184
13
2.3703
23
1.4509
33
-3.4555
0
3DFACE
8
B2_v2
10
2.2746
20
1.3467
30
-3.3794
11
2.2789
21
1.2468
31
-3.3450
12
2.3788
22
1.2511
32
-3.3819
13
2.3746
23
1.3510
33
-3.4184
0
3DFACE
8
B2_v2
10
2.2789
20
1.2468
30
-3.3450
11
2.2831
21
1.1469
31
-3.3097
12
2.3830
22
1.1512
32
-3.3450
13
2.3788
23
1.2511
33
-3.3819
0
3DFACE
8
B2_v2
10
2.2831
20
1.1469
30
-3.3097
11
2.2874
21
1.0470
31
-3.2750
12
2.3873
22
1.0513
32
-3.3077
13
2.3830
23
1.1512
33
-3.3450
0
3DFACE
8
B2_v2
10
2.2874
20
1.0470
30
-3.2750
11
2.2916
21
0.9471
31
-3.2393
12
2.3915
22
0.9514
32
-3.2716
13
2.3873
23
1.0513
33
-3.3077
0
3DFACE
8
B2_v2
10
2.2916
20
0.9471
30
-3.2393
11
2.2959
21
0.8472
31
-3.2100
12
2.3958
22
0.8514
32
-3.2408
13
2.3915
23
0.9514
33
-3.2716
0
3DFACE
8
B2_v2
10
2.2959
20
0.8472
30
-3.2100
11
2.3001
21
0.7473
31
-3.1856
12
2.4000
22
0.7515
32
-3.2145
13
2.3958
23
0.8514
33
-3.2408
0
3DFACE
8
B2_v2
10
2.3001
20
0.7473
30
-3.1856
11
2.3044
21
0.6474
31
-3.1649
12
2.4043
22
0.6516
32
-3.1944
13
2.4000
23
0.7515
33
-3.2145
0
3DFACE
8
B2_v2
10
2.3044
20
0.6474
30
-3.1649
11
2.3086
21
0.5475
31
-3.1489
12
2.4085
22
0.5517
32
-3.1790
13
2.4043
23
0.6516
33
-3.1944
0
3DFACE
8
B2_v2
10
2.3086
20
0.5475
30
-3.1489
11
2.3128
21
0.4476
31
-3.1378
12
2.4128
22
0.4518
32
-3.1673
13
2.4085
23
0.5517
33
-3.1790
0
3DFACE
8
B2_v2
10
2.3128
20
0.4476
30
-3.1378
11
2.3171
21
0.3476
31
-3.1265
12
2.4170
22
0.3519
32
-3.1611
13
2.4128
23
0.4518
33
-3.1673
0
3DFACE
8
B2_v2
10
2.3171
20
0.3476
30
-3.1265
11
2.3213
21
0.2477
31
-3.1148
12
2.4212
22
0.2520
32
-3.1539
13
2.4170
23
0.3519
33
-3.1611
0
3DFACE
8
B2_v2
10
2.3213
20
0.2477
30
-3.1148
11
2.3256
21
0.1478
31
-3.1022
12
2.4255
22
0.1521
32
-3.1465
13
2.4212
23
0.2520
33
-3.1539
0
3DFACE
8
B2_v2
10
2.3256
20
0.1478
30
-3.1022
11
2.3298
21
0.0479
31
-3.0960
12
2.4297
22
0.0522
32
-3.1454
13
2.4255
23
0.1521
33
-3.1465
0
3DFACE
8
B2_v2
10
2.3298
20
0.0479
30
-3.0960
11
2.3341
21
-0.0520
31
-3.0876
12
2.4340
22
-0.0477
32
-3.1423
13
2.4297
23
0.0522
33
-3.1454
0
3DFACE
8
B2_v2
10
2.3341
20
-0.0520
30
-3.0876
11
2.3383
21
-0.1519
31
-3.0846
12
2.4382
22
-0.1477
32
-3.1408
13
2.4340
23
-0.0477
33
-3.1423
0
3DFACE
8
B2_v2
10
2.3383
20
-0.1519
30
-3.0846
11
2.3426
21
-0.2518
31
-3.0823
12
2.4425
22
-0.2476
32
-3.1399
13
2.4382
23
-0.1477
33
-3.1408
0
3DFACE
8
B2_v2
10
2.3426
20
-0.2518
30
-3.0823
11
2.3468
21
-0.3517
31
-3.0866
12
2.4467
22
-0.3475
32
-3.1475
13
2.4425
23
-0.2476
33
-3.1399
0
3DFACE
8
B2_v2
10
2.3468
20
-0.3517
30
-3.0866
11
2.3510
21
-0.4516
31
-3.0851
12
2.4509
22
-0.4474
32
-3.1485
13
2.4467
23
-0.3475
33
-3.1475
0
3DFACE
8
B2_v2
10
2.3510
20
-0.4516
30
-3.0851
11
2.3553
21
-0.5515
31
-3.0841
12
2.4552
22
-0.5473
32
-3.1502
13
2.4509
23
-0.4474
33
-3.1485
0
3DFACE
8
B2_v2
10
2.3553
20
-0.5515
30
-3.0841
11
2.3595
21
-0.6515
31
-3.0857
12
2.4594
22
-0.6472
32
-3.1536
13
2.4552
23
-0.5473
33
-3.1502
0
3DFACE
8
B2_v2
10
2.3595
20
-0.6515
30
-3.0857
11
2.3638
21
-0.7514
31
-3.0877
12
2.4637
22
-0.7471
32
-3.1584
13
2.4594
23
-0.6472
33
-3.1536
0
3DFACE
8
B2_v2
10
2.3638
20
-0.7514
30
-3.0877
11
2.3680
21
-0.8513
31
-3.0940
12
2.4679
22
-0.8470
32
-3.1585
13
2.4637
23
-0.7471
33
-3.1584
0
3DFACE
8
B2_v2
10
2.3680
20
-0.8513
30
-3.0940
11
2.3723
21
-0.9512
31
-3.1020
12
2.4722
22
-0.9469
32
-3.1597
13
2.4679
23
-0.8470
33
-3.1585
0
3DFACE
8
B2_v2
10
2.3723
20
-0.9512
30
-3.1020
11
2.3765
21
-1.0511
31
-3.1118
12
2.4764
22
-1.0468
32
-3.1617
13
2.4722
23
-0.9469
33
-3.1597
0
3DFACE
8
B2_v2
10
2.3765
20
-1.0511
30
-3.1118
11
2.3807
21
-1.1510
31
-3.1149
12
2.4807
22
-1.1468
32
-3.1566
13
2.4764
23
-1.0468
33
-3.1617
0
3DFACE
8
B2_v2
10
2.3807
20
-1.1510
30
-3.1149
11
2.3850
21
-1.2509
31
-3.1197
12
2.4849
22
-1.2467
32
-3.1525
13
2.4807
23
-1.1468
33
-3.1566
0
3DFACE
8
B2_v2
10
2.2727
20
3.7488
30
-3.5913
11
2.2769
21
3.6489
31
-3.5903
12
2.3769
22
3.6532
32
-3.6287
13
2.3726
23
3.7531
33
-3.6300
0
3DFACE
8
B2_v2
10
2.2769
20
3.6489
30
-3.5903
11
2.2812
21
3.5490
31
-3.5883
12
2.3811
22
3.5533
32
-3.6272
13
2.3769
23
3.6532
33
-3.6287
0
3DFACE
8
B2_v2
10
2.2812
20
3.5490
30
-3.5883
11
2.2854
21
3.4491
31
-3.5874
12
2.3853
22
3.4533
32
-3.6265
13
2.3811
23
3.5533
33
-3.6272
0
3DFACE
8
B2_v2
10
2.2854
20
3.4491
30
-3.5874
11
2.2897
21
3.3492
31
-3.5875
12
2.3896
22
3.3534
32
-3.6257
13
2.3853
23
3.4533
33
-3.6265
0
3DFACE
8
B2_v2
10
2.2897
20
3.3492
30
-3.5875
11
2.2939
21
3.2493
31
-3.5884
12
2.3938
22
3.2535
32
-3.6255
13
2.3896
23
3.3534
33
-3.6257
0
3DFACE
8
B2_v2
10
2.2939
20
3.2493
30
-3.5884
11
2.2982
21
3.1494
31
-3.5886
12
2.3981
22
3.1536
32
-3.6257
13
2.3938
23
3.2535
33
-3.6255
0
3DFACE
8
B2_v2
10
2.2982
20
3.1494
30
-3.5886
11
2.3024
21
3.0495
31
-3.5864
12
2.4023
22
3.0537
32
-3.6255
13
2.3981
23
3.1536
33
-3.6257
0
3DFACE
8
B2_v2
10
2.3024
20
3.0495
30
-3.5864
11
2.3067
21
2.9496
31
-3.5846
12
2.4066
22
2.9538
32
-3.6239
13
2.4023
23
3.0537
33
-3.6255
0
3DFACE
8
B2_v2
10
2.3067
20
2.9496
30
-3.5846
11
2.3109
21
2.8496
31
-3.5828
12
2.4108
22
2.8539
32
-3.6214
13
2.4066
23
2.9538
33
-3.6239
0
3DFACE
8
B2_v2
10
2.3109
20
2.8496
30
-3.5828
11
2.3151
21
2.7497
31
-3.5800
12
2.4151
22
2.7540
32
-3.6197
13
2.4108
23
2.8539
33
-3.6214
0
3DFACE
8
B2_v2
10
2.3151
20
2.7497
30
-3.5800
11
2.3194
21
2.6498
31
-3.5784
12
2.4193
22
2.6541
32
-3.6184
13
2.4151
23
2.7540
33
-3.6197
0
3DFACE
8
B2_v2
10
2.3194
20
2.6498
30
-3.5784
11
2.3236
21
2.5499
31
-3.5775
12
2.4235
22
2.5542
32
-3.6183
13
2.4193
23
2.6541
33
-3.6184
0
3DFACE
8
B2_v2
10
2.3236
20
2.5499
30
-3.5775
11
2.3279
21
2.4500
31
-3.5754
12
2.4278
22
2.4542
32
-3.6160
13
2.4235
23
2.5542
33
-3.6183
0
3DFACE
8
B2_v2
10
2.3279
20
2.4500
30
-3.5754
11
2.3321
21
2.3501
31
-3.5730
12
2.4320
22
2.3543
32
-3.6154
13
2.4278
23
2.4542
33
-3.6160
0
3DFACE
8
B2_v2
10
2.3321
20
2.3501
30
-3.5730
11
2.3364
21
2.2502
31
-3.5719
12
2.4363
22
2.2544
32
-3.6154
13
2.4320
23
2.3543
33
-3.6154
0
3DFACE
8
B2_v2
10
2.3364
20
2.2502
30
-3.5719
11
2.3406
21
2.1503
31
-3.5705
12
2.4405
22
2.1545
32
-3.6153
13
2.4363
23
2.2544
33
-3.6154
0
3DFACE
8
B2_v2
10
2.3406
20
2.1503
30
-3.5705
11
2.3449
21
2.0504
31
-3.5691
12
2.4448
22
2.0546
32
-3.6147
13
2.4405
23
2.1545
33
-3.6153
0
3DFACE
8
B2_v2
10
2.3449
20
2.0504
30
-3.5691
11
2.3491
21
1.9505
31
-3.5681
12
2.4490
22
1.9547
32
-3.6143
13
2.4448
23
2.0546
33
-3.6147
0
3DFACE
8
B2_v2
10
2.3491
20
1.9505
30
-3.5681
11
2.3533
21
1.8505
31
-3.5601
12
2.4532
22
1.8548
32
-3.6053
13
2.4490
23
1.9547
33
-3.6143
0
3DFACE
8
B2_v2
10
2.3533
20
1.8505
30
-3.5601
11
2.3576
21
1.7506
31
-3.5442
12
2.4575
22
1.7549
32
-3.5887
13
2.4532
23
1.8548
33
-3.6053
0
3DFACE
8
B2_v2
10
2.3576
20
1.7506
30
-3.5442
11
2.3618
21
1.6507
31
-3.5196
12
2.4617
22
1.6550
32
-3.5654
13
2.4575
23
1.7549
33
-3.5887
0
3DFACE
8
B2_v2
10
2.3618
20
1.6507
30
-3.5196
11
2.3661
21
1.5508
31
-3.4904
12
2.4660
22
1.5551
32
-3.5345
13
2.4617
23
1.6550
33
-3.5654
0
3DFACE
8
B2_v2
10
2.3661
20
1.5508
30
-3.4904
11
2.3703
21
1.4509
31
-3.4555
12
2.4702
22
1.4551
32
-3.4958
13
2.4660
23
1.5551
33
-3.5345
0
3DFACE
8
B2_v2
10
2.3703
20
1.4509
30
-3.4555
11
2.3746
21
1.3510
31
-3.4184
12
2.4745
22
1.3552
32
-3.4573
13
2.4702
23
1.4551
33
-3.4958
0
3DFACE
8
B2_v2
10
2.3746
20
1.3510
30
-3.4184
11
2.3788
21
1.2511
31
-3.3819
12
2.4787
22
1.2553
32
-3.4186
13
2.4745
23
1.3552
33
-3.4573
0
3DFACE
8
B2_v2
10
2.3788
20
1.2511
30
-3.3819
11
2.3830
21
1.1512
31
-3.3450
12
2.4830
22
1.1554
32
-3.3806
13
2.4787
23
1.2553
33
-3.4186
0
3DFACE
8
B2_v2
10
2.3830
20
1.1512
30
-3.3450
11
2.3873
21
1.0513
31
-3.3077
12
2.4872
22
1.0555
32
-3.3416
13
2.4830
23
1.1554
33
-3.3806
0
3DFACE
8
B2_v2
10
2.3873
20
1.0513
30
-3.3077
11
2.3915
21
0.9514
31
-3.2716
12
2.4914
22
0.9556
32
-3.3039
13
2.4872
23
1.0555
33
-3.3416
0
3DFACE
8
B2_v2
10
2.3915
20
0.9514
30
-3.2716
11
2.3958
21
0.8514
31
-3.2408
12
2.4957
22
0.8557
32
-3.2717
13
2.4914
23
0.9556
33
-3.3039
0
3DFACE
8
B2_v2
10
2.3958
20
0.8514
30
-3.2408
11
2.4000
21
0.7515
31
-3.2145
12
2.4999
22
0.7558
32
-3.2450
13
2.4957
23
0.8557
33
-3.2717
0
3DFACE
8
B2_v2
10
2.4000
20
0.7515
30
-3.2145
11
2.4043
21
0.6516
31
-3.1944
12
2.5042
22
0.6559
32
-3.2234
13
2.4999
23
0.7558
33
-3.2450
0
3DFACE
8
B2_v2
10
2.4043
20
0.6516
30
-3.1944
11
2.4085
21
0.5517
31
-3.1790
12
2.5084
22
0.5560
32
-3.2120
13
2.5042
23
0.6559
33
-3.2234
0
3DFACE
8
B2_v2
10
2.4085
20
0.5517
30
-3.1790
11
2.4128
21
0.4518
31
-3.1673
12
2.5127
22
0.4560
32
-3.2069
13
2.5084
23
0.5560
33
-3.2120
0
3DFACE
8
B2_v2
10
2.4128
20
0.4518
30
-3.1673
11
2.4170
21
0.3519
31
-3.1611
12
2.5169
22
0.3561
32
-3.2058
13
2.5127
23
0.4560
33
-3.2069
0
3DFACE
8
B2_v2
10
2.4170
20
0.3519
30
-3.1611
11
2.4212
21
0.2520
31
-3.1539
12
2.5212
22
0.2562
32
-3.2043
13
2.5169
23
0.3561
33
-3.2058
0
3DFACE
8
B2_v2
10
2.4212
20
0.2520
30
-3.1539
11
2.4255
21
0.1521
31
-3.1465
12
2.5254
22
0.1563
32
-3.2022
13
2.5212
23
0.2562
33
-3.2043
0
3DFACE
8
B2_v2
10
2.4255
20
0.1521
30
-3.1465
11
2.4297
21
0.0522
31
-3.1454
12
2.5296
22
0.0564
32
-3.2013
13
2.5254
23
0.1563
33
-3.2022
0
3DFACE
8
B2_v2
10
2.4297
20
0.0522
30
-3.1454
11
2.4340
21
-0.0477
31
-3.1423
12
2.5339
22
-0.0435
32
-3.2000
13
2.5296
23
0.0564
33
-3.2013
0
3DFACE
8
B2_v2
10
2.4340
20
-0.0477
30
-3.1423
11
2.4382
21
-0.1477
31
-3.1408
12
2.5381
22
-0.1434
32
-3.1997
13
2.5339
23
-0.0435
33
-3.2000
0
3DFACE
8
B2_v2
10
2.4382
20
-0.1477
30
-3.1408
11
2.4425
21
-0.2476
31
-3.1399
12
2.5424
22
-0.2433
32
-3.1997
13
2.5381
23
-0.1434
33
-3.1997
0
3DFACE
8
B2_v2
10
2.4425
20
-0.2476
30
-3.1399
11
2.4467
21
-0.3475
31
-3.1475
12
2.5466
22
-0.3432
32
-3.2088
13
2.5424
23
-0.2433
33
-3.1997
0
3DFACE
8
B2_v2
10
2.4467
20
-0.3475
30
-3.1475
11
2.4509
21
-0.4474
31
-3.1485
12
2.5509
22
-0.4431
32
-3.2129
13
2.5466
23
-0.3432
33
-3.2088
0
3DFACE
8
B2_v2
10
2.4509
20
-0.4474
30
-3.1485
11
2.4552
21
-0.5473
31
-3.1502
12
2.5551
22
-0.5431
32
-3.2176
13
2.5509
23
-0.4431
33
-3.2129
0
3DFACE
8
B2_v2
10
2.4552
20
-0.5473
30
-3.1502
11
2.4594
21
-0.6472
31
-3.1536
12
2.5593
22
-0.6430
32
-3.2161
13
2.5551
23
-0.5431
33
-3.2176
0
3DFACE
8
B2_v2
10
2.4594
20
-0.6472
30
-3.1536
11
2.4637
21
-0.7471
31
-3.1584
12
2.5636
22
-0.7429
32
-3.2167
13
2.5593
23
-0.6430
33
-3.2161
0
3DFACE
8
B2_v2
10
2.4637
20
-0.7471
30
-3.1584
11
2.4679
21
-0.8470
31
-3.1585
12
2.5678
22
-0.8428
32
-3.2100
13
2.5636
23
-0.7429
33
-3.2167
0
3DFACE
8
B2_v2
10
2.4679
20
-0.8470
30
-3.1585
11
2.4722
21
-0.9469
31
-3.1597
12
2.5721
22
-0.9427
32
-3.2032
13
2.5678
23
-0.8428
33
-3.2100
0
3DFACE
8
B2_v2
10
2.4722
20
-0.9469
30
-3.1597
11
2.4764
21
-1.0468
31
-3.1617
12
2.5763
22
-1.0426
32
-3.1964
13
2.5721
23
-0.9427
33
-3.2032
0
3DFACE
8
B2_v2
10
2.4764
20
-1.0468
30
-3.1617
11
2.4807
21
-1.1468
31
-3.1566
12
2.5806
22
-1.1425
32
-3.1912
13
2.5763
23
-1.0426
33
-3.1964
0
3DFACE
8
B2_v2
10
2.4807
20
-1.1468
30
-3.1566
11
2.4849
21
-1.2467
31
-3.1525
12
2.5848
22
-1.2424
32
-3.1873
13
2.5806
23
-1.1425
33
-3.1912
0
3DFACE
8
B2_v2
10
2.3726
20
3.7531
30
-3.6300
11
2.3769
21
3.6532
31
-3.6287
12
2.4768
22
3.6574
32
-3.6674
13
2.4725
23
3.7573
33
-3.6684
0
3DFACE
8
B2_v2
10
2.3769
20
3.6532
30
-3.6287
11
2.3811
21
3.5533
31
-3.6272
12
2.4810
22
3.5575
32
-3.6648
13
2.4768
23
3.6574
33
-3.6674
0
3DFACE
8
B2_v2
10
2.3811
20
3.5533
30
-3.6272
11
2.3853
21
3.4533
31
-3.6265
12
2.4853
22
3.4576
32
-3.6644
13
2.4810
23
3.5575
33
-3.6648
0
3DFACE
8
B2_v2
10
2.3853
20
3.4533
30
-3.6265
11
2.3896
21
3.3534
31
-3.6257
12
2.4895
22
3.3577
32
-3.6631
13
2.4853
23
3.4576
33
-3.6644
0
3DFACE
8
B2_v2
10
2.3896
20
3.3534
30
-3.6257
11
2.3938
21
3.2535
31
-3.6255
12
2.4937
22
3.2578
32
-3.6621
13
2.4895
23
3.3577
33
-3.6631
0
3DFACE
8
B2_v2
10
2.3938
20
3.2535
30
-3.6255
11
2.3981
21
3.1536
31
-3.6257
12
2.4980
22
3.1579
32
-3.6615
13
2.4937
23
3.2578
33
-3.6621
0
3DFACE
8
B2_v2
10
2.3981
20
3.1536
30
-3.6257
11
2.4023
21
3.0537
31
-3.6255
12
2.5022
22
3.0579
32
-3.6598
13
2.4980
23
3.1579
33
-3.6615
0
3DFACE
8
B2_v2
10
2.4023
20
3.0537
30
-3.6255
11
2.4066
21
2.9538
31
-3.6239
12
2.5065
22
2.9580
32
-3.6581
13
2.5022
23
3.0579
33
-3.6598
0
3DFACE
8
B2_v2
10
2.4066
20
2.9538
30
-3.6239
11
2.4108
21
2.8539
31
-3.6214
12
2.5107
22
2.8581
32
-3.6557
13
2.5065
23
2.9580
33
-3.6581
0
3DFACE
8
B2_v2
10
2.4108
20
2.8539
30
-3.6214
11
2.4151
21
2.7540
31
-3.6197
12
2.5150
22
2.7582
32
-3.6550
13
2.5107
23
2.8581
33
-3.6557
0
3DFACE
8
B2_v2
10
2.4151
20
2.7540
30
-3.6197
11
2.4193
21
2.6541
31
-3.6184
12
2.5192
22
2.6583
32
-3.6555
13
2.5150
23
2.7582
33
-3.6550
0
3DFACE
8
B2_v2
10
2.4193
20
2.6541
30
-3.6184
11
2.4235
21
2.5542
31
-3.6183
12
2.5235
22
2.5584
32
-3.6544
13
2.5192
23
2.6583
33
-3.6555
0
3DFACE
8
B2_v2
10
2.4235
20
2.5542
30
-3.6183
11
2.4278
21
2.4542
31
-3.6160
12
2.5277
22
2.4585
32
-3.6555
13
2.5235
23
2.5584
33
-3.6544
0
3DFACE
8
B2_v2
10
2.4278
20
2.4542
30
-3.6160
11
2.4320
21
2.3543
31
-3.6154
12
2.5319
22
2.3586
32
-3.6551
13
2.5277
23
2.4585
33
-3.6555
0
3DFACE
8
B2_v2
10
2.4320
20
2.3543
30
-3.6154
11
2.4363
21
2.2544
31
-3.6154
12
2.5362
22
2.2587
32
-3.6557
13
2.5319
23
2.3586
33
-3.6551
0
3DFACE
8
B2_v2
10
2.4363
20
2.2544
30
-3.6154
11
2.4405
21
2.1545
31
-3.6153
12
2.5404
22
2.1588
32
-3.6565
13
2.5362
23
2.2587
33
-3.6557
0
3DFACE
8
B2_v2
10
2.4405
20
2.1545
30
-3.6153
11
2.4448
21
2.0546
31
-3.6147
12
2.5447
22
2.0588
32
-3.6577
13
2.5404
23
2.1588
33
-3.6565
0
3DFACE
8
B2_v2
10
2.4448
20
2.0546
30
-3.6147
11
2.4490
21
1.9547
31
-3.6143
12
2.5489
22
1.9589
32
-3.6586
13
2.5447
23
2.0588
33
-3.6577
0
3DFACE
8
B2_v2
10
2.4490
20
1.9547
30
-3.6143
11
2.4532
21
1.8548
31
-3.6053
12
2.5532
22
1.8590
32
-3.6511
13
2.5489
23
1.9589
33
-3.6586
0
3DFACE
8
B2_v2
10
2.4532
20
1.8548
30
-3.6053
11
2.4575
21
1.7549
31
-3.5887
12
2.5574
22
1.7591
32
-3.6354
13
2.5532
23
1.8590
33
-3.6511
0
3DFACE
8
B2_v2
10
2.4575
20
1.7549
30
-3.5887
11
2.4617
21
1.6550
31
-3.5654
12
2.5616
22
1.6592
32
-3.6105
13
2.5574
23
1.7591
33
-3.6354
0
3DFACE
8
B2_v2
10
2.4617
20
1.6550
30
-3.5654
11
2.4660
21
1.5551
31
-3.5345
12
2.5659
22
1.5593
32
-3.5784
13
2.5616
23
1.6592
33
-3.6105
0
3DFACE
8
B2_v2
10
2.4660
20
1.5551
30
-3.5345
11
2.4702
21
1.4551
31
-3.4958
12
2.5701
22
1.4594
32
-3.5381
13
2.5659
23
1.5593
33
-3.5784
0
3DFACE
8
B2_v2
10
2.4702
20
1.4551
30
-3.4958
11
2.4745
21
1.3552
31
-3.4573
12
2.5744
22
1.3595
32
-3.4993
13
2.5701
23
1.4594
33
-3.5381
0
3DFACE
8
B2_v2
10
2.4745
20
1.3552
30
-3.4573
11
2.4787
21
1.2553
31
-3.4186
12
2.5786
22
1.2596
32
-3.4599
13
2.5744
23
1.3595
33
-3.4993
0
3DFACE
8
B2_v2
10
2.4787
20
1.2553
30
-3.4186
11
2.4830
21
1.1554
31
-3.3806
12
2.5829
22
1.1597
32
-3.4202
13
2.5786
23
1.2596
33
-3.4599
0
3DFACE
8
B2_v2
10
2.4830
20
1.1554
30
-3.3806
11
2.4872
21
1.0555
31
-3.3416
12
2.5871
22
1.0598
32
-3.3807
13
2.5829
23
1.1597
33
-3.4202
0
3DFACE
8
B2_v2
10
2.4872
20
1.0555
30
-3.3416
11
2.4914
21
0.9556
31
-3.3039
12
2.5914
22
0.9598
32
-3.3412
13
2.5871
23
1.0598
33
-3.3807
0
3DFACE
8
B2_v2
10
2.4914
20
0.9556
30
-3.3039
11
2.4957
21
0.8557
31
-3.2717
12
2.5956
22
0.8599
32
-3.3131
13
2.5914
23
0.9598
33
-3.3412
0
3DFACE
8
B2_v2
10
2.4957
20
0.8557
30
-3.2717
11
2.4999
21
0.7558
31
-3.2450
12
2.5998
22
0.7600
32
-3.2904
13
2.5956
23
0.8599
33
-3.3131
0
3DFACE
8
B2_v2
10
2.4999
20
0.7558
30
-3.2450
11
2.5042
21
0.6559
31
-3.2234
12
2.6041
22
0.6601
32
-3.2722
13
2.5998
23
0.7600
33
-3.2904
0
3DFACE
8
B2_v2
10
2.5042
20
0.6559
30
-3.2234
11
2.5084
21
0.5560
31
-3.2120
12
2.6083
22
0.5602
32
-3.2659
13
2.6041
23
0.6601
33
-3.2722
0
3DFACE
8
B2_v2
10
2.5084
20
0.5560
30
-3.2120
11
2.5127
21
0.4560
31
-3.2069
12
2.6126
22
0.4603
32
-3.2646
13
2.6083
23
0.5602
33
-3.2659
0
3DFACE
8
B2_v2
10
2.5127
20
0.4560
30
-3.2069
11
2.5169
21
0.3561
31
-3.2058
12
2.6168
22
0.3604
32
-3.2642
13
2.6126
23
0.4603
33
-3.2646
0
3DFACE
8
B2_v2
10
2.5169
20
0.3561
30
-3.2058
11
2.5212
21
0.2562
31
-3.2043
12
2.6211
22
0.2605
32
-3.2626
13
2.6168
23
0.3604
33
-3.2642
0
3DFACE
8
B2_v2
10
2.5212
20
0.2562
30
-3.2043
11
2.5254
21
0.1563
31
-3.2022
12
2.6253
22
0.1606
32
-3.2622
13
2.6211
23
0.2605
33
-3.2626
0
3DFACE
8
B2_v2
10
2.5254
20
0.1563
30
-3.2022
11
2.5296
21
0.0564
31
-3.2013
12
2.6295
22
0.0607
32
-3.2613
13
2.6253
23
0.1606
33
-3.2622
0
3DFACE
8
B2_v2
10
2.5296
20
0.0564
30
-3.2013
11
2.5339
21
-0.0435
31
-3.2000
12
2.6338
22
-0.0393
32
-3.2611
13
2.6295
23
0.0607
33
-3.2613
0
3DFACE
8
B2_v2
10
2.5339
20
-0.0435
30
-3.2000
11
2.5381
21
-0.1434
31
-3.1997
12
2.6380
22
-0.1392
32
-3.2617
13
2.6338
23
-0.0393
33
-3.2611
0
3DFACE
8
B2_v2
10
2.5381
20
-0.1434
30
-3.1997
11
2.5424
21
-0.2433
31
-3.1997
12
2.6423
22
-0.2391
32
-3.2636
13
2.6380
23
-0.1392
33
-3.2617
0
3DFACE
8
B2_v2
10
2.5424
20
-0.2433
30
-3.1997
11
2.5466
21
-0.3432
31
-3.2088
12
2.6465
22
-0.3390
32
-3.2670
13
2.6423
23
-0.2391
33
-3.2636
0
3DFACE
8
B2_v2
10
2.5466
20
-0.3432
30
-3.2088
11
2.5509
21
-0.4431
31
-3.2129
12
2.6508
22
-0.4389
32
-3.2651
13
2.6465
23
-0.3390
33
-3.2670
0
3DFACE
8
B2_v2
10
2.5509
20
-0.4431
30
-3.2129
11
2.5551
21
-0.5431
31
-3.2176
12
2.6550
22
-0.5388
32
-3.2628
13
2.6508
23
-0.4389
33
-3.2651
0
3DFACE
8
B2_v2
10
2.5551
20
-0.5431
30
-3.2176
11
2.5593
21
-0.6430
31
-3.2161
12
2.6593
22
-0.6387
32
-3.2559
13
2.6550
23
-0.5388
33
-3.2628
0
3DFACE
8
B2_v2
10
2.5593
20
-0.6430
30
-3.2161
11
2.5636
21
-0.7429
31
-3.2167
12
2.6635
22
-0.7386
32
-3.2492
13
2.6593
23
-0.6387
33
-3.2559
0
3DFACE
8
B2_v2
10
2.5636
20
-0.7429
30
-3.2167
11
2.5678
21
-0.8428
31
-3.2100
12
2.6677
22
-0.8385
32
-3.2433
13
2.6635
23
-0.7386
33
-3.2492
0
3DFACE
8
B2_v2
10
2.5678
20
-0.8428
30
-3.2100
11
2.5721
21
-0.9427
31
-3.2032
12
2.6720
22
-0.9384
32
-3.2372
13
2.6677
23
-0.8385
33
-3.2433
0
3DFACE
8
B2_v2
10
2.5721
20
-0.9427
30
-3.2032
11
2.5763
21
-1.0426
31
-3.1964
12
2.6762
22
-1.0384
32
-3.2306
13
2.6720
23
-0.9384
33
-3.2372
0
3DFACE
8
B2_v2
10
2.5763
20
-1.0426
30
-3.1964
11
2.5806
21
-1.1425
31
-3.1912
12
2.6805
22
-1.1383
32
-3.2254
13
2.6762
23
-1.0384
33
-3.2306
0
3DFACE
8
B2_v2
10
2.5806
20
-1.1425
30
-3.1912
11
2.5848
21
-1.2424
31
-3.1873
12
2.6847
22
-1.2382
32
-3.2224
13
2.6805
23
-1.1383
33
-3.2254
0
3DFACE
8
B2_v2
10
2.4725
20
3.7573
30
-3.6684
11
2.4768
21
3.6574
31
-3.6674
12
2.5767
22
3.6617
32
-3.7043
13
2.5724
23
3.7616
33
-3.7066
0
3DFACE
8
B2_v2
10
2.4768
20
3.6574
30
-3.6674
11
2.4810
21
3.5575
31
-3.6648
12
2.5809
22
3.5617
32
-3.7018
13
2.5767
23
3.6617
33
-3.7043
0
3DFACE
8
B2_v2
10
2.4810
20
3.5575
30
-3.6648
11
2.4853
21
3.4576
31
-3.6644
12
2.5852
22
3.4618
32
-3.7012
13
2.5809
23
3.5617
33
-3.7018
0
3DFACE
8
B2_v2
10
2.4853
20
3.4576
30
-3.6644
11
2.4895
21
3.3577
31
-3.6631
12
2.5894
22
3.3619
32
-3.7001
13
2.5852
23
3.4618
33
-3.7012
0
3DFACE
8
B2_v2
10
2.4895
20
3.3577
30
-3.6631
11
2.4937
21
3.2578
31
-3.6621
12
2.5937
22
3.2620
32
-3.6992
13
2.5894
23
3.3619
33
-3.7001
0
3DFACE
8
B2_v2
10
2.4937
20
3.2578
30
-3.6621
11
2.4980
21
3.1579
31
-3.6615
12
2.5979
22
3.1621
32
-3.6961
13
2.5937
23
3.2620
33
-3.6992
0
3DFACE
8
B2_v2
10
2.4980
20
3.1579
30
-3.6615
11
2.5022
21
3.0579
31
-3.6598
12
2.6021
22
3.0622
32
-3.6936
13
2.5979
23
3.1621
33
-3.6961
0
3DFACE
8
B2_v2
10
2.5022
20
3.0579
30
-3.6598
11
2.5065
21
2.9580
31
-3.6581
12
2.6064
22
2.9623
32
-3.6918
13
2.6021
23
3.0622
33
-3.6936
0
3DFACE
8
B2_v2
10
2.5065
20
2.9580
30
-3.6581
11
2.5107
21
2.8581
31
-3.6557
12
2.6106
22
2.8624
32
-3.6911
13
2.6064
23
2.9623
33
-3.6918
0
3DFACE
8
B2_v2
10
2.5107
20
2.8581
30
-3.6557
11
2.5150
21
2.7582
31
-3.6550
12
2.6149
22
2.7625
32
-3.6906
13
2.6106
23
2.8624
33
-3.6911
0
3DFACE
8
B2_v2
10
2.5150
20
2.7582
30
-3.6550
11
2.5192
21
2.6583
31
-3.6555
12
2.6191
22
2.6626
32
-3.6907
13
2.6149
23
2.7625
33
-3.6906
0
3DFACE
8
B2_v2
10
2.5192
20
2.6583
30
-3.6555
11
2.5235
21
2.5584
31
-3.6544
12
2.6234
22
2.5626
32
-3.6919
13
2.6191
23
2.6626
33
-3.6907
0
3DFACE
8
B2_v2
10
2.5235
20
2.5584
30
-3.6544
11
2.5277
21
2.4585
31
-3.6555
12
2.6276
22
2.4627
32
-3.6934
13
2.6234
23
2.5626
33
-3.6919
0
3DFACE
8
B2_v2
10
2.5277
20
2.4585
30
-3.6555
11
2.5319
21
2.3586
31
-3.6551
12
2.6318
22
2.3628
32
-3.6943
13
2.6276
23
2.4627
33
-3.6934
0
3DFACE
8
B2_v2
10
2.5319
20
2.3586
30
-3.6551
11
2.5362
21
2.2587
31
-3.6557
12
2.6361
22
2.2629
32
-3.6966
13
2.6318
23
2.3628
33
-3.6943
0
3DFACE
8
B2_v2
10
2.5362
20
2.2587
30
-3.6557
11
2.5404
21
2.1588
31
-3.6565
12
2.6403
22
2.1630
32
-3.6995
13
2.6361
23
2.2629
33
-3.6966
0
3DFACE
8
B2_v2
10
2.5404
20
2.1588
30
-3.6565
11
2.5447
21
2.0588
31
-3.6577
12
2.6446
22
2.0631
32
-3.7021
13
2.6403
23
2.1630
33
-3.6995
0
3DFACE
8
B2_v2
10
2.5447
20
2.0588
30
-3.6577
11
2.5489
21
1.9589
31
-3.6586
12
2.6488
22
1.9632
32
-3.7039
13
2.6446
23
2.0631
33
-3.7021
0
3DFACE
8
B2_v2
10
2.5489
20
1.9589
30
-3.6586
11
2.5532
21
1.8590
31
-3.6511
12
2.6531
22
1.8633
32
-3.6974
13
2.6488
23
1.9632
33
-3.7039
0
3DFACE
8
B2_v2
10
2.5532
20
1.8590
30
-3.6511
11
2.5574
21
1.7591
31
-3.6354
12
2.6573
22
1.7634
32
-3.6817
13
2.6531
23
1.8633
33
-3.6974
0
3DFACE
8
B2_v2
10
2.5574
20
1.7591
30
-3.6354
11
2.5616
21
1.6592
31
-3.6105
12
2.6616
22
1.6635
32
-3.6572
13
2.6573
23
1.7634
33
-3.6817
0
3DFACE
8
B2_v2
10
2.5616
20
1.6592
30
-3.6105
11
2.5659
21
1.5593
31
-3.5784
12
2.6658
22
1.5635
32
-3.6239
13
2.6616
23
1.6635
33
-3.6572
0
3DFACE
8
B2_v2
10
2.5659
20
1.5593
30
-3.5784
11
2.5701
21
1.4594
31
-3.5381
12
2.6700
22
1.4636
32
-3.5842
13
2.6658
23
1.5635
33
-3.6239
0
3DFACE
8
B2_v2
10
2.5701
20
1.4594
30
-3.5381
11
2.5744
21
1.3595
31
-3.4993
12
2.6743
22
1.3637
32
-3.5425
13
2.6700
23
1.4636
33
-3.5842
0
3DFACE
8
B2_v2
10
2.5744
20
1.3595
30
-3.4993
11
2.5786
21
1.2596
31
-3.4599
12
2.6785
22
1.2638
32
-3.5029
13
2.6743
23
1.3637
33
-3.5425
0
3DFACE
8
B2_v2
10
2.5786
20
1.2596
30
-3.4599
11
2.5829
21
1.1597
31
-3.4202
12
2.6828
22
1.1639
32
-3.4635
13
2.6785
23
1.2638
33
-3.5029
0
3DFACE
8
B2_v2
10
2.5829
20
1.1597
30
-3.4202
11
2.5871
21
1.0598
31
-3.3807
12
2.6870
22
1.0640
32
-3.4277
13
2.6828
23
1.1639
33
-3.4635
0
3DFACE
8
B2_v2
10
2.5871
20
1.0598
30
-3.3807
11
2.5914
21
0.9598
31
-3.3412
12
2.6913
22
0.9641
32
-3.3925
13
2.6870
23
1.0640
33
-3.4277
0
3DFACE
8
B2_v2
10
2.5914
20
0.9598
30
-3.3412
11
2.5956
21
0.8599
31
-3.3131
12
2.6955
22
0.8642
32
-3.3684
13
2.6913
23
0.9641
33
-3.3925
0
3DFACE
8
B2_v2
10
2.5956
20
0.8599
30
-3.3131
11
2.5998
21
0.7600
31
-3.2904
12
2.6998
22
0.7643
32
-3.3474
13
2.6955
23
0.8642
33
-3.3684
0
3DFACE
8
B2_v2
10
2.5998
20
0.7600
30
-3.2904
11
2.6041
21
0.6601
31
-3.2722
12
2.7040
22
0.6644
32
-3.3310
13
2.6998
23
0.7643
33
-3.3474
0
3DFACE
8
B2_v2
10
2.6041
20
0.6601
30
-3.2722
11
2.6083
21
0.5602
31
-3.2659
12
2.7082
22
0.5644
32
-3.3259
13
2.7040
23
0.6644
33
-3.3310
0
3DFACE
8
B2_v2
10
2.6083
20
0.5602
30
-3.2659
11
2.6126
21
0.4603
31
-3.2646
12
2.7125
22
0.4645
32
-3.3253
13
2.7082
23
0.5644
33
-3.3259
0
3DFACE
8
B2_v2
10
2.6126
20
0.4603
30
-3.2646
11
2.6168
21
0.3604
31
-3.2642
12
2.7167
22
0.3646
32
-3.3248
13
2.7125
23
0.4645
33
-3.3253
0
3DFACE
8
B2_v2
10
2.6168
20
0.3604
30
-3.2642
11
2.6211
21
0.2605
31
-3.2626
12
2.7210
22
0.2647
32
-3.3229
13
2.7167
23
0.3646
33
-3.3248
0
3DFACE
8
B2_v2
10
2.6211
20
0.2605
30
-3.2626
11
2.6253
21
0.1606
31
-3.2622
12
2.7252
22
0.1648
32
-3.3194
13
2.7210
23
0.2647
33
-3.3229
0
3DFACE
8
B2_v2
10
2.6253
20
0.1606
30
-3.2622
11
2.6295
21
0.0607
31
-3.2613
12
2.7295
22
0.0649
32
-3.3208
13
2.7252
23
0.1648
33
-3.3194
0
3DFACE
8
B2_v2
10
2.6295
20
0.0607
30
-3.2613
11
2.6338
21
-0.0393
31
-3.2611
12
2.7337
22
-0.0350
32
-3.3231
13
2.7295
23
0.0649
33
-3.3208
0
3DFACE
8
B2_v2
10
2.6338
20
-0.0393
30
-3.2611
11
2.6380
21
-0.1392
31
-3.2617
12
2.7379
22
-0.1349
32
-3.3189
13
2.7337
23
-0.0350
33
-3.3231
0
3DFACE
8
B2_v2
10
2.6380
20
-0.1392
30
-3.2617
11
2.6423
21
-0.2391
31
-3.2636
12
2.7422
22
-0.2348
32
-3.3145
13
2.7379
23
-0.1349
33
-3.3189
0
3DFACE
8
B2_v2
10
2.6423
20
-0.2391
30
-3.2636
11
2.6465
21
-0.3390
31
-3.2670
12
2.7464
22
-0.3347
32
-3.3125
13
2.7422
23
-0.2348
33
-3.3145
0
3DFACE
8
B2_v2
10
2.6465
20
-0.3390
30
-3.2670
11
2.6508
21
-0.4389
31
-3.2651
12
2.7507
22
-0.4347
32
-3.3053
13
2.7464
23
-0.3347
33
-3.3125
0
3DFACE
8
B2_v2
10
2.6508
20
-0.4389
30
-3.2651
11
2.6550
21
-0.5388
31
-3.2628
12
2.7549
22
-0.5346
32
-3.2985
13
2.7507
23
-0.4347
33
-3.3053
0
3DFACE
8
B2_v2
10
2.6550
20
-0.5388
30
-3.2628
11
2.6593
21
-0.6387
31
-3.2559
12
2.7592
22
-0.6345
32
-3.2912
13
2.7549
23
-0.5346
33
-3.2985
0
3DFACE
8
B2_v2
10
2.6593
20
-0.6387
30
-3.2559
11
2.6635
21
-0.7386
31
-3.2492
12
2.7634
22
-0.7344
32
-3.2821
13
2.7592
23
-0.6345
33
-3.2912
0
3DFACE
8
B2_v2
10
2.6635
20
-0.7386
30
-3.2492
11
2.6677
21
-0.8385
31
-3.2433
12
2.7677
22
-0.8343
32
-3.2753
13
2.7634
23
-0.7344
33
-3.2821
0
3DFACE
8
B2_v2
10
2.6677
20
-0.8385
30
-3.2433
11
2.6720
21
-0.9384
31
-3.2372
12
2.7719
22
-0.9342
32
-3.2700
13
2.7677
23
-0.8343
33
-3.2753
0
3DFACE
8
B2_v2
10
2.6720
20
-0.9384
30
-3.2372
11
2.6762
21
-1.0384
31
-3.2306
12
2.7761
22
-1.0341
32
-3.2672
13
2.7719
23
-0.9342
33
-3.2700
0
3DFACE
8
B2_v2
10
2.6762
20
-1.0384
30
-3.2306
11
2.6805
21
-1.1383
31
-3.2254
12
2.7804
22
-1.1340
32
-3.2623
13
2.7761
23
-1.0341
33
-3.2672
0
3DFACE
8
B2_v2
10
2.6805
20
-1.1383
30
-3.2254
11
2.6847
21
-1.2382
31
-3.2224
12
2.7846
22
-1.2339
32
-3.2592
13
2.7804
23
-1.1340
33
-3.2623
0
3DFACE
8
B2_v2
10
2.5724
20
3.7616
30
-3.7066
11
2.5767
21
3.6617
31
-3.7043
12
2.6766
22
3.6659
32
-3.7422
13
2.6723
23
3.7658
33
-3.7446
0
3DFACE
8
B2_v2
10
2.5767
20
3.6617
30
-3.7043
11
2.5809
21
3.5617
31
-3.7018
12
2.6808
22
3.5660
32
-3.7399
13
2.6766
23
3.6659
33
-3.7422
0
3DFACE
8
B2_v2
10
2.5809
20
3.5617
30
-3.7018
11
2.5852
21
3.4618
31
-3.7012
12
2.6851
22
3.4661
32
-3.7382
13
2.6808
23
3.5660
33
-3.7399
0
3DFACE
8
B2_v2
10
2.5852
20
3.4618
30
-3.7012
11
2.5894
21
3.3619
31
-3.7001
12
2.6893
22
3.3662
32
-3.7362
13
2.6851
23
3.4661
33
-3.7382
0
3DFACE
8
B2_v2
10
2.5894
20
3.3619
30
-3.7001
11
2.5937
21
3.2620
31
-3.6992
12
2.6936
22
3.2663
32
-3.7340
13
2.6893
23
3.3662
33
-3.7362
0
3DFACE
8
B2_v2
10
2.5937
20
3.2620
30
-3.6992
11
2.5979
21
3.1621
31
-3.6961
12
2.6978
22
3.1663
32
-3.7314
13
2.6936
23
3.2663
33
-3.7340
0
3DFACE
8
B2_v2
10
2.5979
20
3.1621
30
-3.6961
11
2.6021
21
3.0622
31
-3.6936
12
2.7021
22
3.0664
32
-3.7290
13
2.6978
23
3.1663
33
-3.7314
0
3DFACE
8
B2_v2
10
2.6021
20
3.0622
30
-3.6936
11
2.6064
21
2.9623
31
-3.6918
12
2.7063
22
2.9665
32
-3.7269
13
2.7021
23
3.0664
33
-3.7290
0
3DFACE
8
B2_v2
10
2.6064
20
2.9623
30
-3.6918
11
2.6106
21
2.8624
31
-3.6911
12
2.7105
22
2.8666
32
-3.7255
13
2.7063
23
2.9665
33
-3.7269
0
3DFACE
8
B2_v2
10
2.6106
20
2.8624
30
-3.6911
11
2.6149
21
2.7625
31
-3.6906
12
2.7148
22
2.7667
32
-3.7248
13
2.7105
23
2.8666
33
-3.7255
0
3DFACE
8
B2_v2
10
2.6149
20
2.7625
30
-3.6906
11
2.6191
21
2.6626
31
-3.6907
12
2.7190
22
2.6668
32
-3.7246
13
2.7148
23
2.7667
33
-3.7248
0
3DFACE
8
B2_v2
10
2.6191
20
2.6626
30
-3.6907
11
2.6234
21
2.5626
31
-3.6919
12
2.7233
22
2.5669
32
-3.7269
13
2.7190
23
2.6668
33
-3.7246
0
3DFACE
8
B2_v2
10
2.6234
20
2.5626
30
-3.6919
11
2.6276
21
2.4627
31
-3.6934
12
2.7275
22
2.4670
32
-3.7291
13
2.7233
23
2.5669
33
-3.7269
0
3DFACE
8
B2_v2
10
2.6276
20
2.4627
30
-3.6934
11
2.6318
21
2.3628
31
-3.6943
12
2.7318
22
2.3671
32
-3.7326
13
2.7275
23
2.4670
33
-3.7291
0
3DFACE
8
B2_v2
10
2.6318
20
2.3628
30
-3.6943
11
2.6361
21
2.2629
31
-3.6966
12
2.7360
22
2.2672
32
-3.7358
13
2.7318
23
2.3671
33
-3.7326
0
3DFACE
8
B2_v2
10
2.6361
20
2.2629
30
-3.6966
11
2.6403
21
2.1630
31
-3.6995
12
2.7402
22
2.1672
32
-3.7392
13
2.7360
23
2.2672
33
-3.7358
0
3DFACE
8
B2_v2
10
2.6403
20
2.1630
30
-3.6995
11
2.6446
21
2.0631
31
-3.7021
12
2.7445
22
2.0673
32
-3.7349
13
2.7402
23
2.1672
33
-3.7392
0
3DFACE
8
B2_v2
10
2.6446
20
2.0631
30
-3.7021
11
2.6488
21
1.9632
31
-3.7039
12
2.7487
22
1.9674
32
-3.7288
13
2.7445
23
2.0673
33
-3.7349
0
3DFACE
8
B2_v2
10
2.6488
20
1.9632
30
-3.7039
11
2.6531
21
1.8633
31
-3.6974
12
2.7530
22
1.8675
32
-3.7160
13
2.7487
23
1.9674
33
-3.7288
0
3DFACE
8
B2_v2
10
2.6531
20
1.8633
30
-3.6974
11
2.6573
21
1.7634
31
-3.6817
12
2.7572
22
1.7676
32
-3.6951
13
2.7530
23
1.8675
33
-3.7160
0
3DFACE
8
B2_v2
10
2.6573
20
1.7634
30
-3.6817
11
2.6616
21
1.6635
31
-3.6572
12
2.7615
22
1.6677
32
-3.6656
13
2.7572
23
1.7676
33
-3.6951
0
3DFACE
8
B2_v2
10
2.6616
20
1.6635
30
-3.6572
11
2.6658
21
1.5635
31
-3.6239
12
2.7657
22
1.5678
32
-3.6380
13
2.7615
23
1.6677
33
-3.6656
0
3DFACE
8
B2_v2
10
2.6658
20
1.5635
30
-3.6239
11
2.6700
21
1.4636
31
-3.5842
12
2.7700
22
1.4679
32
-3.6040
13
2.7657
23
1.5678
33
-3.6380
0
3DFACE
8
B2_v2
10
2.6700
20
1.4636
30
-3.5842
11
2.6743
21
1.3637
31
-3.5425
12
2.7742
22
1.3680
32
-3.5681
13
2.7700
23
1.4679
33
-3.6040
0
3DFACE
8
B2_v2
10
2.6743
20
1.3637
30
-3.5425
11
2.6785
21
1.2638
31
-3.5029
12
2.7784
22
1.2681
32
-3.5333
13
2.7742
23
1.3680
33
-3.5681
0
3DFACE
8
B2_v2
10
2.6785
20
1.2638
30
-3.5029
11
2.6828
21
1.1639
31
-3.4635
12
2.7827
22
1.1681
32
-3.5012
13
2.7784
23
1.2681
33
-3.5333
0
3DFACE
8
B2_v2
10
2.6828
20
1.1639
30
-3.4635
11
2.6870
21
1.0640
31
-3.4277
12
2.7869
22
1.0682
32
-3.4710
13
2.7827
23
1.1681
33
-3.5012
0
3DFACE
8
B2_v2
10
2.6870
20
1.0640
30
-3.4277
11
2.6913
21
0.9641
31
-3.3925
12
2.7912
22
0.9683
32
-3.4410
13
2.7869
23
1.0682
33
-3.4710
0
3DFACE
8
B2_v2
10
2.6913
20
0.9641
30
-3.3925
11
2.6955
21
0.8642
31
-3.3684
12
2.7954
22
0.8684
32
-3.4202
13
2.7912
23
0.9683
33
-3.4410
0
3DFACE
8
B2_v2
10
2.6955
20
0.8642
30
-3.3684
11
2.6998
21
0.7643
31
-3.3474
12
2.7997
22
0.7685
32
-3.4033
13
2.7954
23
0.8684
33
-3.4202
0
3DFACE
8
B2_v2
10
2.6998
20
0.7643
30
-3.3474
11
2.7040
21
0.6644
31
-3.3310
12
2.8039
22
0.6686
32
-3.3895
13
2.7997
23
0.7685
33
-3.4033
0
3DFACE
8
B2_v2
10
2.7040
20
0.6644
30
-3.3310
11
2.7082
21
0.5644
31
-3.3259
12
2.8081
22
0.5687
32
-3.3858
13
2.8039
23
0.6686
33
-3.3895
0
3DFACE
8
B2_v2
10
2.7082
20
0.5644
30
-3.3259
11
2.7125
21
0.4645
31
-3.3253
12
2.8124
22
0.4688
32
-3.3840
13
2.8081
23
0.5687
33
-3.3858
0
3DFACE
8
B2_v2
10
2.7125
20
0.4645
30
-3.3253
11
2.7167
21
0.3646
31
-3.3248
12
2.8166
22
0.3689
32
-3.3839
13
2.8124
23
0.4688
33
-3.3840
0
3DFACE
8
B2_v2
10
2.7167
20
0.3646
30
-3.3248
11
2.7210
21
0.2647
31
-3.3229
12
2.8209
22
0.2690
32
-3.3826
13
2.8166
23
0.3689
33
-3.3839
0
3DFACE
8
B2_v2
10
2.7210
20
0.2647
30
-3.3229
11
2.7252
21
0.1648
31
-3.3194
12
2.8251
22
0.1690
32
-3.3827
13
2.8209
23
0.2690
33
-3.3826
0
3DFACE
8
B2_v2
10
2.7252
20
0.1648
30
-3.3194
11
2.7295
21
0.0649
31
-3.3208
12
2.8294
22
0.0691
32
-3.3779
13
2.8251
23
0.1690
33
-3.3827
0
3DFACE
8
B2_v2
10
2.7295
20
0.0649
30
-3.3208
11
2.7337
21
-0.0350
31
-3.3231
12
2.8336
22
-0.0308
32
-3.3736
13
2.8294
23
0.0691
33
-3.3779
0
3DFACE
8
B2_v2
10
2.7337
20
-0.0350
30
-3.3231
11
2.7379
21
-0.1349
31
-3.3189
12
2.8379
22
-0.1307
32
-3.3623
13
2.8336
23
-0.0308
33
-3.3736
0
3DFACE
8
B2_v2
10
2.7379
20
-0.1349
30
-3.3189
11
2.7422
21
-0.2348
31
-3.3145
12
2.8421
22
-0.2306
32
-3.3542
13
2.8379
23
-0.1307
33
-3.3623
0
3DFACE
8
B2_v2
10
2.7422
20
-0.2348
30
-3.3145
11
2.7464
21
-0.3347
31
-3.3125
12
2.8463
22
-0.3305
32
-3.3469
13
2.8421
23
-0.2306
33
-3.3542
0
3DFACE
8
B2_v2
10
2.7464
20
-0.3347
30
-3.3125
11
2.7507
21
-0.4347
31
-3.3053
12
2.8506
22
-0.4304
32
-3.3399
13
2.8463
23
-0.3305
33
-3.3469
0
3DFACE
8
B2_v2
10
2.7507
20
-0.4347
30
-3.3053
11
2.7549
21
-0.5346
31
-3.2985
12
2.8548
22
-0.5303
32
-3.3331
13
2.8506
23
-0.4304
33
-3.3399
0
3DFACE
8
B2_v2
10
2.7549
20
-0.5346
30
-3.2985
11
2.7592
21
-0.6345
31
-3.2912
12
2.8591
22
-0.6302
32
-3.3261
13
2.8548
23
-0.5303
33
-3.3331
0
3DFACE
8
B2_v2
10
2.7592
20
-0.6345
30
-3.2912
11
2.7634
21
-0.7344
31
-3.2821
12
2.8633
22
-0.7301
32
-3.3191
13
2.8591
23
-0.6302
33
-3.3261
0
3DFACE
8
B2_v2
10
2.7634
20
-0.7344
30
-3.2821
11
2.7677
21
-0.8343
31
-3.2753
12
2.8676
22
-0.8301
32
-3.3120
13
2.8633
23
-0.7301
33
-3.3191
0
3DFACE
8
B2_v2
10
2.7677
20
-0.8343
30
-3.2753
11
2.7719
21
-0.9342
31
-3.2700
12
2.8718
22
-0.9300
32
-3.3055
13
2.8676
23
-0.8301
33
-3.3120
0
3DFACE
8
B2_v2
10
2.7719
20
-0.9342
30
-3.2700
11
2.7761
21
-1.0341
31
-3.2672
12
2.8761
22
-1.0299
32
-3.3004
13
2.8718
23
-0.9300
33
-3.3055
0
3DFACE
8
B2_v2
10
2.7761
20
-1.0341
30
-3.2672
11
2.7804
21
-1.1340
31
-3.2623
12
2.8803
22
-1.1298
32
-3.2975
13
2.8761
23
-1.0299
33
-3.3004
0
3DFACE
8
B2_v2
10
2.7804
20
-1.1340
30
-3.2623
11
2.7846
21
-1.2339
31
-3.2592
12
2.8845
22
-1.2297
32
-3.2948
13
2.8803
23
-1.1298
33
-3.2975
0
3DFACE
8
B2_v2
10
2.6723
20
3.7658
30
-3.7446
11
2.6766
21
3.6659
31
-3.7422
12
2.7765
22
3.6701
32
-3.7813
13
2.7723
23
3.7700
33
-3.7839
0
3DFACE
8
B2_v2
10
2.6766
20
3.6659
30
-3.7422
11
2.6808
21
3.5660
31
-3.7399
12
2.7807
22
3.5702
32
-3.7783
13
2.7765
23
3.6701
33
-3.7813
0
3DFACE
8
B2_v2
10
2.6808
20
3.5660
30
-3.7399
11
2.6851
21
3.4661
31
-3.7382
12
2.7850
22
3.4703
32
-3.7745
13
2.7807
23
3.5702
33
-3.7783
0
3DFACE
8
B2_v2
10
2.6851
20
3.4661
30
-3.7382
11
2.6893
21
3.3662
31
-3.7362
12
2.7892
22
3.3704
32
-3.7716
13
2.7850
23
3.4703
33
-3.7745
0
3DFACE
8
B2_v2
10
2.6893
20
3.3662
30
-3.7362
11
2.6936
21
3.2663
31
-3.7340
12
2.7935
22
3.2705
32
-3.7687
13
2.7892
23
3.3704
33
-3.7716
0
3DFACE
8
B2_v2
10
2.6936
20
3.2663
30
-3.7340
11
2.6978
21
3.1663
31
-3.7314
12
2.7977
22
3.1706
32
-3.7668
13
2.7935
23
3.2705
33
-3.7687
0
3DFACE
8
B2_v2
10
2.6978
20
3.1663
30
-3.7314
11
2.7021
21
3.0664
31
-3.7290
12
2.8020
22
3.0707
32
-3.7634
13
2.7977
23
3.1706
33
-3.7668
0
3DFACE
8
B2_v2
10
2.7021
20
3.0664
30
-3.7290
11
2.7063
21
2.9665
31
-3.7269
12
2.8062
22
2.9708
32
-3.7599
13
2.8020
23
3.0707
33
-3.7634
0
3DFACE
8
B2_v2
10
2.7063
20
2.9665
30
-3.7269
11
2.7105
21
2.8666
31
-3.7255
12
2.8104
22
2.8709
32
-3.7539
13
2.8062
23
2.9708
33
-3.7599
0
3DFACE
8
B2_v2
10
2.7105
20
2.8666
30
-3.7255
11
2.7148
21
2.7667
31
-3.7248
12
2.8147
22
2.7710
32
-3.7487
13
2.8104
23
2.8709
33
-3.7539
0
3DFACE
8
B2_v2
10
2.7148
20
2.7667
30
-3.7248
11
2.7190
21
2.6668
31
-3.7246
12
2.8189
22
2.6710
32
-3.7441
13
2.8147
23
2.7710
33
-3.7487
0
3DFACE
8
B2_v2
10
2.7190
20
2.6668
30
-3.7246
11
2.7233
21
2.5669
31
-3.7269
12
2.8232
22
2.5711
32
-3.7418
13
2.8189
23
2.6710
33
-3.7441
0
3DFACE
8
B2_v2
10
2.7233
20
2.5669
30
-3.7269
11
2.7275
21
2.4670
31
-3.7291
12
2.8274
22
2.4712
32
-3.7404
13
2.8232
23
2.5711
33
-3.7418
0
3DFACE
8
B2_v2
10
2.7275
20
2.4670
30
-3.7291
11
2.7318
21
2.3671
31
-3.7326
12
2.8317
22
2.3713
32
-3.7415
13
2.8274
23
2.4712
33
-3.7404
0
3DFACE
8
B2_v2
10
2.7318
20
2.3671
30
-3.7326
11
2.7360
21
2.2672
31
-3.7358
12
2.8359
22
2.2714
32
-3.7423
13
2.8317
23
2.3713
33
-3.7415
0
3DFACE
8
B2_v2
10
2.7360
20
2.2672
30
-3.7358
11
2.7402
21
2.1672
31
-3.7392
12
2.8402
22
2.1715
32
-3.7446
13
2.8359
23
2.2714
33
-3.7423
0
3DFACE
8
B2_v2
10
2.7402
20
2.1672
30
-3.7392
11
2.7445
21
2.0673
31
-3.7349
12
2.8444
22
2.0716
32
-3.7385
13
2.8402
23
2.1715
33
-3.7446
0
3DFACE
8
B2_v2
10
2.7445
20
2.0673
30
-3.7349
11
2.7487
21
1.9674
31
-3.7288
12
2.8486
22
1.9717
32
-3.7318
13
2.8444
23
2.0716
33
-3.7385
0
3DFACE
8
B2_v2
10
2.7487
20
1.9674
30
-3.7288
11
2.7530
21
1.8675
31
-3.7160
12
2.8529
22
1.8718
32
-3.7183
13
2.8486
23
1.9717
33
-3.7318
0
3DFACE
8
B2_v2
10
2.7530
20
1.8675
30
-3.7160
11
2.7572
21
1.7676
31
-3.6951
12
2.8571
22
1.7719
32
-3.6987
13
2.8529
23
1.8718
33
-3.7183
0
3DFACE
8
B2_v2
10
2.7572
20
1.7676
30
-3.6951
11
2.7615
21
1.6677
31
-3.6656
12
2.8614
22
1.6719
32
-3.6722
13
2.8571
23
1.7719
33
-3.6987
0
3DFACE
8
B2_v2
10
2.7615
20
1.6677
30
-3.6656
11
2.7657
21
1.5678
31
-3.6380
12
2.8656
22
1.5720
32
-3.6498
13
2.8614
23
1.6719
33
-3.6722
0
3DFACE
8
B2_v2
10
2.7657
20
1.5678
30
-3.6380
11
2.7700
21
1.4679
31
-3.6040
12
2.8699
22
1.4721
32
-3.6215
13
2.8656
23
1.5720
33
-3.6498
0
3DFACE
8
B2_v2
10
2.7700
20
1.4679
30
-3.6040
11
2.7742
21
1.3680
31
-3.5681
12
2.8741
22
1.3722
32
-3.5911
13
2.8699
23
1.4721
33
-3.6215
0
3DFACE
8
B2_v2
10
2.7742
20
1.3680
30
-3.5681
11
2.7784
21
1.2681
31
-3.5333
12
2.8784
22
1.2723
32
-3.5637
13
2.8741
23
1.3722
33
-3.5911
0
3DFACE
8
B2_v2
10
2.7784
20
1.2681
30
-3.5333
11
2.7827
21
1.1681
31
-3.5012
12
2.8826
22
1.1724
32
-3.5367
13
2.8784
23
1.2723
33
-3.5637
0
3DFACE
8
B2_v2
10
2.7827
20
1.1681
30
-3.5012
11
2.7869
21
1.0682
31
-3.4710
12
2.8868
22
1.0725
32
-3.5121
13
2.8826
23
1.1724
33
-3.5367
0
3DFACE
8
B2_v2
10
2.7869
20
1.0682
30
-3.4710
11
2.7912
21
0.9683
31
-3.4410
12
2.8911
22
0.9726
32
-3.4872
13
2.8868
23
1.0725
33
-3.5121
0
3DFACE
8
B2_v2
10
2.7912
20
0.9683
30
-3.4410
11
2.7954
21
0.8684
31
-3.4202
12
2.8953
22
0.8727
32
-3.4722
13
2.8911
23
0.9726
33
-3.4872
0
3DFACE
8
B2_v2
10
2.7954
20
0.8684
30
-3.4202
11
2.7997
21
0.7685
31
-3.4033
12
2.8996
22
0.7728
32
-3.4582
13
2.8953
23
0.8727
33
-3.4722
0
3DFACE
8
B2_v2
10
2.7997
20
0.7685
30
-3.4033
11
2.8039
21
0.6686
31
-3.3895
12
2.9038
22
0.6728
32
-3.4473
13
2.8996
23
0.7728
33
-3.4582
0
3DFACE
8
B2_v2
10
2.8039
20
0.6686
30
-3.3895
11
2.8081
21
0.5687
31
-3.3858
12
2.9081
22
0.5729
32
-3.4446
13
2.9038
23
0.6728
33
-3.4473
0
3DFACE
8
B2_v2
10
2.8081
20
0.5687
30
-3.3858
11
2.8124
21
0.4688
31
-3.3840
12
2.9123
22
0.4730
32
-3.4443
13
2.9081
23
0.5729
33
-3.4446
0
3DFACE
8
B2_v2
10
2.8124
20
0.4688
30
-3.3840
11
2.8166
21
0.3689
31
-3.3839
12
2.9165
22
0.3731
32
-3.4379
13
2.9123
23
0.4730
33
-3.4443
0
3DFACE
8
B2_v2
10
2.8166
20
0.3689
30
-3.3839
11
2.8209
21
0.2690
31
-3.3826
12
2.9208
22
0.2732
32
-3.4330
13
2.9165
23
0.3731
33
-3.4379
0
3DFACE
8
B2_v2
10
2.8209
20
0.2690
30
-3.3826
11
2.8251
21
0.1690
31
-3.3827
12
2.9250
22
0.1733
32
-3.4276
13
2.9208
23
0.2732
33
-3.4330
0
3DFACE
8
B2_v2
10
2.8251
20
0.1690
30
-3.3827
11
2.8294
21
0.0691
31
-3.3779
12
2.9293
22
0.0734
32
-3.4170
13
2.9250
23
0.1733
33
-3.4276
0
3DFACE
8
B2_v2
10
2.8294
20
0.0691
30
-3.3779
11
2.8336
21
-0.0308
31
-3.3736
12
2.9335
22
-0.0265
32
-3.4065
13
2.9293
23
0.0734
33
-3.4170
0
3DFACE
8
B2_v2
10
2.8336
20
-0.0308
30
-3.3736
11
2.8379
21
-0.1307
31
-3.3623
12
2.9378
22
-0.1264
32
-3.3964
13
2.9335
23
-0.0265
33
-3.4065
0
3DFACE
8
B2_v2
10
2.8379
20
-0.1307
30
-3.3623
11
2.8421
21
-0.2306
31
-3.3542
12
2.9420
22
-0.2263
32
-3.3888
13
2.9378
23
-0.1264
33
-3.3964
0
3DFACE
8
B2_v2
10
2.8421
20
-0.2306
30
-3.3542
11
2.8463
21
-0.3305
31
-3.3469
12
2.9463
22
-0.3263
32
-3.3812
13
2.9420
23
-0.2263
33
-3.3888
0
3DFACE
8
B2_v2
10
2.8463
20
-0.3305
30
-3.3469
11
2.8506
21
-0.4304
31
-3.3399
12
2.9505
22
-0.4262
32
-3.3741
13
2.9463
23
-0.3263
33
-3.3812
0
3DFACE
8
B2_v2
10
2.8506
20
-0.4304
30
-3.3399
11
2.8548
21
-0.5303
31
-3.3331
12
2.9547
22
-0.5261
32
-3.3673
13
2.9505
23
-0.4262
33
-3.3741
0
3DFACE
8
B2_v2
10
2.8548
20
-0.5303
30
-3.3331
11
2.8591
21
-0.6302
31
-3.3261
12
2.9590
22
-0.6260
32
-3.3616
13
2.9547
23
-0.5261
33
-3.3673
0
3DFACE
8
B2_v2
10
2.8591
20
-0.6302
30
-3.3261
11
2.8633
21
-0.7301
31
-3.3191
12
2.9632
22
-0.7259
32
-3.3581
13
2.9590
23
-0.6260
33
-3.3616
0
3DFACE
8
B2_v2
10
2.8633
20
-0.7301
30
-3.3191
11
2.8676
21
-0.8301
31
-3.3120
12
2.9675
22
-0.8258
32
-3.3514
13
2.9632
23
-0.7259
33
-3.3581
0
3DFACE
8
B2_v2
10
2.8676
20
-0.8301
30
-3.3120
11
2.8718
21
-0.9300
31
-3.3055
12
2.9717
22
-0.9257
32
-3.3446
13
2.9675
23
-0.8258
33
-3.3514
0
3DFACE
8
B2_v2
10
2.8718
20
-0.9300
30
-3.3055
11
2.8761
21
-1.0299
31
-3.3004
12
2.9760
22
-1.0256
32
-3.3378
13
2.9717
23
-0.9257
33
-3.3446
0
3DFACE
8
B2_v2
10
2.8761
20
-1.0299
30
-3.3004
11
2.8803
21
-1.1298
31
-3.2975
12
2.9802
22
-1.1255
32
-3.3319
13
2.9760
23
-1.0256
33
-3.3378
0
3DFACE
8
B2_v2
10
2.8803
20
-1.1298
30
-3.2975
11
2.8845
21
-1.2297
31
-3.2948
12
2.9844
22
-1.2254
32
-3.3337
13
2.9802
23
-1.1255
33
-3.3319
0
3DFACE
8
B2_v2
10
2.7723
20
3.7700
30
-3.7839
11
2.7765
21
3.6701
31
-3.7813
12
2.8764
22
3.6744
32
-3.8129
13
2.8722
23
3.7743
33
-3.8168
0
3DFACE
8
B2_v2
10
2.7765
20
3.6701
30
-3.7813
11
2.7807
21
3.5702
31
-3.7783
12
2.8807
22
3.5745
32
-3.8080
13
2.8764
23
3.6744
33
-3.8129
0
3DFACE
8
B2_v2
10
2.7807
20
3.5702
30
-3.7783
11
2.7850
21
3.4703
31
-3.7745
12
2.8849
22
3.4746
32
-3.8037
13
2.8807
23
3.5745
33
-3.8080
0
3DFACE
8
B2_v2
10
2.7850
20
3.4703
30
-3.7745
11
2.7892
21
3.3704
31
-3.7716
12
2.8891
22
3.3747
32
-3.7985
13
2.8849
23
3.4746
33
-3.8037
0
3DFACE
8
B2_v2
10
2.7892
20
3.3704
30
-3.7716
11
2.7935
21
3.2705
31
-3.7687
12
2.8934
22
3.2747
32
-3.7940
13
2.8891
23
3.3747
33
-3.7985
0
3DFACE
8
B2_v2
10
2.7935
20
3.2705
30
-3.7687
11
2.7977
21
3.1706
31
-3.7668
12
2.8976
22
3.1748
32
-3.7901
13
2.8934
23
3.2747
33
-3.7940
0
3DFACE
8
B2_v2
10
2.7977
20
3.1706
30
-3.7668
11
2.8020
21
3.0707
31
-3.7634
12
2.9019
22
3.0749
32
-3.7853
13
2.8976
23
3.1748
33
-3.7901
0
3DFACE
8
B2_v2
10
2.8020
20
3.0707
30
-3.7634
11
2.8062
21
2.9708
31
-3.7599
12
2.9061
22
2.9750
32
-3.7809
13
2.9019
23
3.0749
33
-3.7853
0
3DFACE
8
B2_v2
10
2.8062
20
2.9708
30
-3.7599
11
2.8104
21
2.8709
31
-3.7539
12
2.9104
22
2.8751
32
-3.7740
13
2.9061
23
2.9750
33
-3.7809
0
3DFACE
8
B2_v2
10
2.8104
20
2.8709
30
-3.7539
11
2.8147
21
2.7710
31
-3.7487
12
2.9146
22
2.7752
32
-3.7668
13
2.9104
23
2.8751
33
-3.7740
0
3DFACE
8
B2_v2
10
2.8147
20
2.7710
30
-3.7487
11
2.8189
21
2.6710
31
-3.7441
12
2.9188
22
2.6753
32
-3.7610
13
2.9146
23
2.7752
33
-3.7668
0
3DFACE
8
B2_v2
10
2.8189
20
2.6710
30
-3.7441
11
2.8232
21
2.5711
31
-3.7418
12
2.9231
22
2.5754
32
-3.7567
13
2.9188
23
2.6753
33
-3.7610
0
3DFACE
8
B2_v2
10
2.8232
20
2.5711
30
-3.7418
11
2.8274
21
2.4712
31
-3.7404
12
2.9273
22
2.4755
32
-3.7520
13
2.9231
23
2.5754
33
-3.7567
0
3DFACE
8
B2_v2
10
2.8274
20
2.4712
30
-3.7404
11
2.8317
21
2.3713
31
-3.7415
12
2.9316
22
2.3756
32
-3.7499
13
2.9273
23
2.4755
33
-3.7520
0
3DFACE
8
B2_v2
10
2.8317
20
2.3713
30
-3.7415
11
2.8359
21
2.2714
31
-3.7423
12
2.9358
22
2.2756
32
-3.7493
13
2.9316
23
2.3756
33
-3.7499
0
3DFACE
8
B2_v2
10
2.8359
20
2.2714
30
-3.7423
11
2.8402
21
2.1715
31
-3.7446
12
2.9401
22
2.1757
32
-3.7493
13
2.9358
23
2.2756
33
-3.7493
0
3DFACE
8
B2_v2
10
2.8402
20
2.1715
30
-3.7446
11
2.8444
21
2.0716
31
-3.7385
12
2.9443
22
2.0758
32
-3.7424
13
2.9401
23
2.1757
33
-3.7493
0
3DFACE
8
B2_v2
10
2.8444
20
2.0716
30
-3.7385
11
2.8486
21
1.9717
31
-3.7318
12
2.9486
22
1.9759
32
-3.7332
13
2.9443
23
2.0758
33
-3.7424
0
3DFACE
8
B2_v2
10
2.8486
20
1.9717
30
-3.7318
11
2.8529
21
1.8718
31
-3.7183
12
2.9528
22
1.8760
32
-3.7189
13
2.9486
23
1.9759
33
-3.7332
0
3DFACE
8
B2_v2
10
2.8529
20
1.8718
30
-3.7183
11
2.8571
21
1.7719
31
-3.6987
12
2.9570
22
1.7761
32
-3.7003
13
2.9528
23
1.8760
33
-3.7189
0
3DFACE
8
B2_v2
10
2.8571
20
1.7719
30
-3.6987
11
2.8614
21
1.6719
31
-3.6722
12
2.9613
22
1.6762
32
-3.6779
13
2.9570
23
1.7761
33
-3.7003
0
3DFACE
8
B2_v2
10
2.8614
20
1.6719
30
-3.6722
11
2.8656
21
1.5720
31
-3.6498
12
2.9655
22
1.5763
32
-3.6589
13
2.9613
23
1.6762
33
-3.6779
0
3DFACE
8
B2_v2
10
2.8656
20
1.5720
30
-3.6498
11
2.8699
21
1.4721
31
-3.6215
12
2.9698
22
1.4764
32
-3.6366
13
2.9655
23
1.5763
33
-3.6589
0
3DFACE
8
B2_v2
10
2.8699
20
1.4721
30
-3.6215
11
2.8741
21
1.3722
31
-3.5911
12
2.9740
22
1.3765
32
-3.6138
13
2.9698
23
1.4764
33
-3.6366
0
3DFACE
8
B2_v2
10
2.8741
20
1.3722
30
-3.5911
11
2.8784
21
1.2723
31
-3.5637
12
2.9783
22
1.2765
32
-3.5926
13
2.9740
23
1.3765
33
-3.6138
0
3DFACE
8
B2_v2
10
2.8784
20
1.2723
30
-3.5637
11
2.8826
21
1.1724
31
-3.5367
12
2.9825
22
1.1766
32
-3.5723
13
2.9783
23
1.2765
33
-3.5926
0
3DFACE
8
B2_v2
10
2.8826
20
1.1724
30
-3.5367
11
2.8868
21
1.0725
31
-3.5121
12
2.9867
22
1.0767
32
-3.5533
13
2.9825
23
1.1766
33
-3.5723
0
3DFACE
8
B2_v2
10
2.8868
20
1.0725
30
-3.5121
11
2.8911
21
0.9726
31
-3.4872
12
2.9910
22
0.9768
32
-3.5353
13
2.9867
23
1.0767
33
-3.5533
0
3DFACE
8
B2_v2
10
2.8911
20
0.9726
30
-3.4872
11
2.8953
21
0.8727
31
-3.4722
12
2.9952
22
0.8769
32
-3.5240
13
2.9910
23
0.9768
33
-3.5353
0
3DFACE
8
B2_v2
10
2.8953
20
0.8727
30
-3.4722
11
2.8996
21
0.7728
31
-3.4582
12
2.9995
22
0.7770
32
-3.5137
13
2.9952
23
0.8769
33
-3.5240
0
3DFACE
8
B2_v2
10
2.8996
20
0.7728
30
-3.4582
11
2.9038
21
0.6728
31
-3.4473
12
3.0037
22
0.6771
32
-3.5051
13
2.9995
23
0.7770
33
-3.5137
0
3DFACE
8
B2_v2
10
2.9038
20
0.6728
30
-3.4473
11
2.9081
21
0.5729
31
-3.4446
12
3.0080
22
0.5772
32
-3.4981
13
3.0037
23
0.6771
33
-3.5051
0
3DFACE
8
B2_v2
10
2.9081
20
0.5729
30
-3.4446
11
2.9123
21
0.4730
31
-3.4443
12
3.0122
22
0.4773
32
-3.4920
13
3.0080
23
0.5772
33
-3.4981
0
3DFACE
8
B2_v2
10
2.9123
20
0.4730
30
-3.4443
11
2.9165
21
0.3731
31
-3.4379
12
3.0165
22
0.3774
32
-3.4816
13
3.0122
23
0.4773
33
-3.4920
0
3DFACE
8
B2_v2
10
2.9165
20
0.3731
30
-3.4379
11
2.9208
21
0.2732
31
-3.4330
12
3.0207
22
0.2774
32
-3.4709
13
3.0165
23
0.3774
33
-3.4816
0
3DFACE
8
B2_v2
10
2.9208
20
0.2732
30
-3.4330
11
2.9250
21
0.1733
31
-3.4276
12
3.0249
22
0.1775
32
-3.4617
13
3.0207
23
0.2774
33
-3.4709
0
3DFACE
8
B2_v2
10
2.9250
20
0.1733
30
-3.4276
11
2.9293
21
0.0734
31
-3.4170
12
3.0292
22
0.0776
32
-3.4502
13
3.0249
23
0.1775
33
-3.4617
0
3DFACE
8
B2_v2
10
2.9293
20
0.0734
30
-3.4170
11
2.9335
21
-0.0265
31
-3.4065
12
3.0334
22
-0.0223
32
-3.4396
13
3.0292
23
0.0776
33
-3.4502
0
3DFACE
8
B2_v2
10
2.9335
20
-0.0265
30
-3.4065
11
2.9378
21
-0.1264
31
-3.3964
12
3.0377
22
-0.1222
32
-3.4302
13
3.0334
23
-0.0223
33
-3.4396
0
3DFACE
8
B2_v2
10
2.9378
20
-0.1264
30
-3.3964
11
2.9420
21
-0.2263
31
-3.3888
12
3.0419
22
-0.2221
32
-3.4214
13
3.0377
23
-0.1222
33
-3.4302
0
3DFACE
8
B2_v2
10
2.9420
20
-0.2263
30
-3.3888
11
2.9463
21
-0.3263
31
-3.3812
12
3.0462
22
-0.3220
32
-3.4121
13
3.0419
23
-0.2221
33
-3.4214
0
3DFACE
8
B2_v2
10
2.9463
20
-0.3263
30
-3.3812
11
2.9505
21
-0.4262
31
-3.3741
12
3.0504
22
-0.4219
32
-3.4053
13
3.0462
23
-0.3220
33
-3.4121
0
3DFACE
8
B2_v2
10
2.9505
20
-0.4262
30
-3.3741
11
2.9547
21
-0.5261
31
-3.3673
12
3.0547
22
-0.5218
32
-3.3987
13
3.0504
23
-0.4219
33
-3.4053
0
3DFACE
8
B2_v2
10
2.9547
20
-0.5261
30
-3.3673
11
2.9590
21
-0.6260
31
-3.3616
12
3.0589
22
-0.6217
32
-3.3987
13
3.0547
23
-0.5218
33
-3.3987
0
3DFACE
8
B2_v2
10
2.9590
20
-0.6260
30
-3.3616
11
2.9632
21
-0.7259
31
-3.3581
12
3.0631
22
-0.7217
32
-3.3950
13
3.0589
23
-0.6217
33
-3.3987
0
3DFACE
8
B2_v2
10
2.9632
20
-0.7259
30
-3.3581
11
2.9675
21
-0.8258
31
-3.3514
12
3.0674
22
-0.8216
32
-3.3911
13
3.0631
23
-0.7217
33
-3.3950
0
3DFACE
8
B2_v2
10
2.9675
20
-0.8258
30
-3.3514
11
2.9717
21
-0.9257
31
-3.3446
12
3.0716
22
-0.9215
32
-3.3847
13
3.0674
23
-0.8216
33
-3.3911
0
3DFACE
8
B2_v2
10
2.9717
20
-0.9257
30
-3.3446
11
2.9760
21
-1.0256
31
-3.3378
12
3.0759
22
-1.0214
32
-3.3773
13
3.0716
23
-0.9215
33
-3.3847
0
3DFACE
8
B2_v2
10
2.9760
20
-1.0256
30
-3.3378
11
2.9802
21
-1.1255
31
-3.3319
12
3.0801
22
-1.1213
32
-3.3718
13
3.0759
23
-1.0214
33
-3.3773
0
3DFACE
8
B2_v2
10
2.9802
20
-1.1255
30
-3.3319
11
2.9844
21
-1.2254
31
-3.3337
12
3.0844
22
-1.2212
32
-3.3691
13
3.0801
23
-1.1213
33
-3.3718
0
3DFACE
8
B2_v2
10
2.8722
20
3.7743
30
-3.8168
11
2.8764
21
3.6744
31
-3.8129
12
2.9763
22
3.6786
32
-3.8373
13
2.9721
23
3.7785
33
-3.8404
0
3DFACE
8
B2_v2
10
2.8764
20
3.6744
30
-3.8129
11
2.8807
21
3.5745
31
-3.8080
12
2.9806
22
3.5787
32
-3.8313
13
2.9763
23
3.6786
33
-3.8373
0
3DFACE
8
B2_v2
10
2.8807
20
3.5745
30
-3.8080
11
2.8849
21
3.4746
31
-3.8037
12
2.9848
22
3.4788
32
-3.8243
13
2.9806
23
3.5787
33
-3.8313
0
3DFACE
8
B2_v2
10
2.8849
20
3.4746
30
-3.8037
11
2.8891
21
3.3747
31
-3.7985
12
2.9891
22
3.3789
32
-3.8188
13
2.9848
23
3.4788
33
-3.8243
0
3DFACE
8
B2_v2
10
2.8891
20
3.3747
30
-3.7985
11
2.8934
21
3.2747
31
-3.7940
12
2.9933
22
3.2790
32
-3.8127
13
2.9891
23
3.3789
33
-3.8188
0
3DFACE
8
B2_v2
10
2.8934
20
3.2747
30
-3.7940
11
2.8976
21
3.1748
31
-3.7901
12
2.9975
22
3.1791
32
-3.8072
13
2.9933
23
3.2790
33
-3.8127
0
3DFACE
8
B2_v2
10
2.8976
20
3.1748
30
-3.7901
11
2.9019
21
3.0749
31
-3.7853
12
3.0018
22
3.0792
32
-3.8023
13
2.9975
23
3.1791
33
-3.8072
0
3DFACE
8
B2_v2
10
2.9019
20
3.0749
30
-3.7853
11
2.9061
21
2.9750
31
-3.7809
12
3.0060
22
2.9793
32
-3.7974
13
3.0018
23
3.0792
33
-3.8023
0
3DFACE
8
B2_v2
10
2.9061
20
2.9750
30
-3.7809
11
2.9104
21
2.8751
31
-3.7740
12
3.0103
22
2.8793
32
-3.7882
13
3.0060
23
2.9793
33
-3.7974
0
3DFACE
8
B2_v2
10
2.9104
20
2.8751
30
-3.7740
11
2.9146
21
2.7752
31
-3.7668
12
3.0145
22
2.7794
32
-3.7795
13
3.0103
23
2.8793
33
-3.7882
0
3DFACE
8
B2_v2
10
2.9146
20
2.7752
30
-3.7668
11
2.9188
21
2.6753
31
-3.7610
12
3.0188
22
2.6795
32
-3.7713
13
3.0145
23
2.7794
33
-3.7795
0
3DFACE
8
B2_v2
10
2.9188
20
2.6753
30
-3.7610
11
2.9231
21
2.5754
31
-3.7567
12
3.0230
22
2.5796
32
-3.7646
13
3.0188
23
2.6795
33
-3.7713
0
3DFACE
8
B2_v2
10
2.9231
20
2.5754
30
-3.7567
11
2.9273
21
2.4755
31
-3.7520
12
3.0272
22
2.4797
32
-3.7571
13
3.0230
23
2.5796
33
-3.7646
0
3DFACE
8
B2_v2
10
2.9273
20
2.4755
30
-3.7520
11
2.9316
21
2.3756
31
-3.7499
12
3.0315
22
2.3798
32
-3.7528
13
3.0272
23
2.4797
33
-3.7571
0
3DFACE
8
B2_v2
10
2.9316
20
2.3756
30
-3.7499
11
2.9358
21
2.2756
31
-3.7493
12
3.0357
22
2.2799
32
-3.7497
13
3.0315
23
2.3798
33
-3.7528
0
3DFACE
8
B2_v2
10
2.9358
20
2.2756
30
-3.7493
11
2.9401
21
2.1757
31
-3.7493
12
3.0400
22
2.1800
32
-3.7471
13
3.0357
23
2.2799
33
-3.7497
0
3DFACE
8
B2_v2
10
2.9401
20
2.1757
30
-3.7493
11
2.9443
21
2.0758
31
-3.7424
12
3.0442
22
2.0801
32
-3.7367
13
3.0400
23
2.1800
33
-3.7471
0
3DFACE
8
B2_v2
10
2.9443
20
2.0758
30
-3.7424
11
2.9486
21
1.9759
31
-3.7332
12
3.0485
22
1.9802
32
-3.7245
13
3.0442
23
2.0801
33
-3.7367
0
3DFACE
8
B2_v2
10
2.9486
20
1.9759
30
-3.7332
11
2.9528
21
1.8760
31
-3.7189
12
3.0527
22
1.8802
32
-3.7098
13
3.0485
23
1.9802
33
-3.7245
0
3DFACE
8
B2_v2
10
2.9528
20
1.8760
30
-3.7189
11
2.9570
21
1.7761
31
-3.7003
12
3.0570
22
1.7803
32
-3.6924
13
3.0527
23
1.8802
33
-3.7098
0
3DFACE
8
B2_v2
10
2.9570
20
1.7761
30
-3.7003
11
2.9613
21
1.6762
31
-3.6779
12
3.0612
22
1.6804
32
-3.6734
13
3.0570
23
1.7803
33
-3.6924
0
3DFACE
8
B2_v2
10
2.9613
20
1.6762
30
-3.6779
11
2.9655
21
1.5763
31
-3.6589
12
3.0654
22
1.5805
32
-3.6584
13
3.0612
23
1.6804
33
-3.6734
0
3DFACE
8
B2_v2
10
2.9655
20
1.5763
30
-3.6589
11
2.9698
21
1.4764
31
-3.6366
12
3.0697
22
1.4806
32
-3.6430
13
3.0654
23
1.5805
33
-3.6584
0
3DFACE
8
B2_v2
10
2.9698
20
1.4764
30
-3.6366
11
2.9740
21
1.3765
31
-3.6138
12
3.0739
22
1.3807
32
-3.6262
13
3.0697
23
1.4806
33
-3.6430
0
3DFACE
8
B2_v2
10
2.9740
20
1.3765
30
-3.6138
11
2.9783
21
1.2765
31
-3.5926
12
3.0782
22
1.2808
32
-3.6097
13
3.0739
23
1.3807
33
-3.6262
0
3DFACE
8
B2_v2
10
2.9783
20
1.2765
30
-3.5926
11
2.9825
21
1.1766
31
-3.5723
12
3.0824
22
1.1809
32
-3.5959
13
3.0782
23
1.2808
33
-3.6097
0
3DFACE
8
B2_v2
10
2.9825
20
1.1766
30
-3.5723
11
2.9867
21
1.0767
31
-3.5533
12
3.0867
22
1.0810
32
-3.5857
13
3.0824
23
1.1809
33
-3.5959
0
3DFACE
8
B2_v2
10
2.9867
20
1.0767
30
-3.5533
11
2.9910
21
0.9768
31
-3.5353
12
3.0909
22
0.9811
32
-3.5728
13
3.0867
23
1.0810
33
-3.5857
0
3DFACE
8
B2_v2
10
2.9910
20
0.9768
30
-3.5353
11
2.9952
21
0.8769
31
-3.5240
12
3.0951
22
0.8811
32
-3.5627
13
3.0909
23
0.9811
33
-3.5728
0
3DFACE
8
B2_v2
10
2.9952
20
0.8769
30
-3.5240
11
2.9995
21
0.7770
31
-3.5137
12
3.0994
22
0.7812
32
-3.5519
13
3.0951
23
0.8811
33
-3.5627
0
3DFACE
8
B2_v2
10
2.9995
20
0.7770
30
-3.5137
11
3.0037
21
0.6771
31
-3.5051
12
3.1036
22
0.6813
32
-3.5412
13
3.0994
23
0.7812
33
-3.5519
0
3DFACE
8
B2_v2
10
3.0037
20
0.6771
30
-3.5051
11
3.0080
21
0.5772
31
-3.4981
12
3.1079
22
0.5814
32
-3.5305
13
3.1036
23
0.6813
33
-3.5412
0
3DFACE
8
B2_v2
10
3.0080
20
0.5772
30
-3.4981
11
3.0122
21
0.4773
31
-3.4920
12
3.1121
22
0.4815
32
-3.5192
13
3.1079
23
0.5814
33
-3.5305
0
3DFACE
8
B2_v2
10
3.0122
20
0.4773
30
-3.4920
11
3.0165
21
0.3774
31
-3.4816
12
3.1164
22
0.3816
32
-3.5083
13
3.1121
23
0.4815
33
-3.5192
0
3DFACE
8
B2_v2
10
3.0165
20
0.3774
30
-3.4816
11
3.0207
21
0.2774
31
-3.4709
12
3.1206
22
0.2817
32
-3.4977
13
3.1164
23
0.3816
33
-3.5083
0
3DFACE
8
B2_v2
10
3.0207
20
0.2774
30
-3.4709
11
3.0249
21
0.1775
31
-3.4617
12
3.1249
22
0.1818
32
-3.4866
13
3.1206
23
0.2817
33
-3.4977
0
3DFACE
8
B2_v2
10
3.0249
20
0.1775
30
-3.4617
11
3.0292
21
0.0776
31
-3.4502
12
3.1291
22
0.0819
32
-3.4759
13
3.1249
23
0.1818
33
-3.4866
0
3DFACE
8
B2_v2
10
3.0292
20
0.0776
30
-3.4502
11
3.0334
21
-0.0223
31
-3.4396
12
3.1333
22
-0.0180
32
-3.4661
13
3.1291
23
0.0819
33
-3.4759
0
3DFACE
8
B2_v2
10
3.0334
20
-0.0223
30
-3.4396
11
3.0377
21
-0.1222
31
-3.4302
12
3.1376
22
-0.1179
32
-3.4564
13
3.1333
23
-0.0180
33
-3.4661
0
3DFACE
8
B2_v2
10
3.0377
20
-0.1222
30
-3.4302
11
3.0419
21
-0.2221
31
-3.4214
12
3.1418
22
-0.2179
32
-3.4466
13
3.1376
23
-0.1179
33
-3.4564
0
3DFACE
8
B2_v2
10
3.0419
20
-0.2221
30
-3.4214
11
3.0462
21
-0.3220
31
-3.4121
12
3.1461
22
-0.3178
32
-3.4398
13
3.1418
23
-0.2179
33
-3.4466
0
3DFACE
8
B2_v2
10
3.0462
20
-0.3220
30
-3.4121
11
3.0504
21
-0.4219
31
-3.4053
12
3.1503
22
-0.4177
32
-3.4331
13
3.1461
23
-0.3178
33
-3.4398
0
3DFACE
8
B2_v2
10
3.0504
20
-0.4219
30
-3.4053
11
3.0547
21
-0.5218
31
-3.3987
12
3.1546
22
-0.5176
32
-3.4276
13
3.1503
23
-0.4177
33
-3.4331
0
3DFACE
8
B2_v2
10
3.0547
20
-0.5218
30
-3.3987
11
3.0589
21
-0.6217
31
-3.3987
12
3.1588
22
-0.6175
32
-3.4241
13
3.1546
23
-0.5176
33
-3.4276
0
3DFACE
8
B2_v2
10
3.0589
20
-0.6217
30
-3.3987
11
3.0631
21
-0.7217
31
-3.3950
12
3.1630
22
-0.7174
32
-3.4241
13
3.1588
23
-0.6175
33
-3.4241
0
3DFACE
8
B2_v2
10
3.0631
20
-0.7217
30
-3.3950
11
3.0674
21
-0.8216
31
-3.3911
12
3.1673
22
-0.8173
32
-3.4206
13
3.1630
23
-0.7174
33
-3.4241
0
3DFACE
8
B2_v2
10
3.0674
20
-0.8216
30
-3.3911
11
3.0716
21
-0.9215
31
-3.3847
12
3.1715
22
-0.9172
32
-3.4160
13
3.1673
23
-0.8173
33
-3.4206
0
3DFACE
8
B2_v2
10
3.0716
20
-0.9215
30
-3.3847
11
3.0759
21
-1.0214
31
-3.3773
12
3.1758
22
-1.0171
32
-3.4093
13
3.1715
23
-0.9172
33
-3.4160
0
3DFACE
8
B2_v2
10
3.0759
20
-1.0214
30
-3.3773
11
3.0801
21
-1.1213
31
-3.3718
12
3.1800
22
-1.1170
32
-3.4043
13
3.1758
23
-1.0171
33
-3.4093
0
3DFACE
8
B2_v2
10
3.0801
20
-1.1213
30
-3.3718
11
3.0844
21
-1.2212
31
-3.3691
12
3.1843
22
-1.2170
32
-3.4032
13
3.1800
23
-1.1170
33
-3.4043
0
3DFACE
8
B2_v2
10
2.9721
20
3.7785
30
-3.8404
11
2.9763
21
3.6786
31
-3.8373
12
3.0762
22
3.6829
32
-3.8511
13
3.0720
23
3.7828
33
-3.8570
0
3DFACE
8
B2_v2
10
2.9763
20
3.6786
30
-3.8373
11
2.9806
21
3.5787
31
-3.8313
12
3.0805
22
3.5830
32
-3.8444
13
3.0762
23
3.6829
33
-3.8511
0
3DFACE
8
B2_v2
10
2.9806
20
3.5787
30
-3.8313
11
2.9848
21
3.4788
31
-3.8243
12
3.0847
22
3.4831
32
-3.8372
13
3.0805
23
3.5830
33
-3.8444
0
3DFACE
8
B2_v2
10
2.9848
20
3.4788
30
-3.8243
11
2.9891
21
3.3789
31
-3.8188
12
3.0890
22
3.3831
32
-3.8301
13
3.0847
23
3.4831
33
-3.8372
0
3DFACE
8
B2_v2
10
2.9891
20
3.3789
30
-3.8188
11
2.9933
21
3.2790
31
-3.8127
12
3.0932
22
3.2832
32
-3.8228
13
3.0890
23
3.3831
33
-3.8301
0
3DFACE
8
B2_v2
10
2.9933
20
3.2790
30
-3.8127
11
2.9975
21
3.1791
31
-3.8072
12
3.0974
22
3.1833
32
-3.8168
13
3.0932
23
3.2832
33
-3.8228
0
3DFACE
8
B2_v2
10
2.9975
20
3.1791
30
-3.8072
11
3.0018
21
3.0792
31
-3.8023
12
3.1017
22
3.0834
32
-3.8109
13
3.0974
23
3.1833
33
-3.8168
0
3DFACE
8
B2_v2
10
3.0018
20
3.0792
30
-3.8023
11
3.0060
21
2.9793
31
-3.7974
12
3.1059
22
2.9835
32
-3.8039
13
3.1017
23
3.0834
33
-3.8109
0
3DFACE
8
B2_v2
10
3.0060
20
2.9793
30
-3.7974
11
3.0103
21
2.8793
31
-3.7882
12
3.1102
22
2.8836
32
-3.7935
13
3.1059
23
2.9835
33
-3.8039
0
3DFACE
8
B2_v2
10
3.0103
20
2.8793
30
-3.7882
11
3.0145
21
2.7794
31
-3.7795
12
3.1144
22
2.7837
32
-3.7832
13
3.1102
23
2.8836
33
-3.7935
0
3DFACE
8
B2_v2
10
3.0145
20
2.7794
30
-3.7795
11
3.0188
21
2.6795
31
-3.7713
12
3.1187
22
2.6838
32
-3.7731
13
3.1144
23
2.7837
33
-3.7832
0
3DFACE
8
B2_v2
10
3.0188
20
2.6795
30
-3.7713
11
3.0230
21
2.5796
31
-3.7646
12
3.1229
22
2.5839
32
-3.7629
13
3.1187
23
2.6838
33
-3.7731
0
3DFACE
8
B2_v2
10
3.0230
20
2.5796
30
-3.7646
11
3.0272
21
2.4797
31
-3.7571
12
3.1272
22
2.4840
32
-3.7533
13
3.1229
23
2.5839
33
-3.7629
0
3DFACE
8
B2_v2
10
3.0272
20
2.4797
30
-3.7571
11
3.0315
21
2.3798
31
-3.7528
12
3.1314
22
2.3840
32
-3.7466
13
3.1272
23
2.4840
33
-3.7533
0
3DFACE
8
B2_v2
10
3.0315
20
2.3798
30
-3.7528
11
3.0357
21
2.2799
31
-3.7497
12
3.1356
22
2.2841
32
-3.7404
13
3.1314
23
2.3840
33
-3.7466
0
3DFACE
8
B2_v2
10
3.0357
20
2.2799
30
-3.7497
11
3.0400
21
2.1800
31
-3.7471
12
3.1399
22
2.1842
32
-3.7345
13
3.1356
23
2.2841
33
-3.7404
0
3DFACE
8
B2_v2
10
3.0400
20
2.1800
30
-3.7471
11
3.0442
21
2.0801
31
-3.7367
12
3.1441
22
2.0843
32
-3.7208
13
3.1399
23
2.1842
33
-3.7345
0
3DFACE
8
B2_v2
10
3.0442
20
2.0801
30
-3.7367
11
3.0485
21
1.9802
31
-3.7245
12
3.1484
22
1.9844
32
-3.7066
13
3.1441
23
2.0843
33
-3.7208
0
3DFACE
8
B2_v2
10
3.0485
20
1.9802
30
-3.7245
11
3.0527
21
1.8802
31
-3.7098
12
3.1526
22
1.8845
32
-3.6907
13
3.1484
23
1.9844
33
-3.7066
0
3DFACE
8
B2_v2
10
3.0527
20
1.8802
30
-3.7098
11
3.0570
21
1.7803
31
-3.6924
12
3.1569
22
1.7846
32
-3.6750
13
3.1526
23
1.8845
33
-3.6907
0
3DFACE
8
B2_v2
10
3.0570
20
1.7803
30
-3.6924
11
3.0612
21
1.6804
31
-3.6734
12
3.1611
22
1.6847
32
-3.6577
13
3.1569
23
1.7846
33
-3.6750
0
3DFACE
8
B2_v2
10
3.0612
20
1.6804
30
-3.6734
11
3.0654
21
1.5805
31
-3.6584
12
3.1654
22
1.5848
32
-3.6478
13
3.1611
23
1.6847
33
-3.6577
0
3DFACE
8
B2_v2
10
3.0654
20
1.5805
30
-3.6584
11
3.0697
21
1.4806
31
-3.6430
12
3.1696
22
1.4849
32
-3.6388
13
3.1654
23
1.5848
33
-3.6478
0
3DFACE
8
B2_v2
10
3.0697
20
1.4806
30
-3.6430
11
3.0739
21
1.3807
31
-3.6262
12
3.1738
22
1.3849
32
-3.6299
13
3.1696
23
1.4849
33
-3.6388
0
3DFACE
8
B2_v2
10
3.0739
20
1.3807
30
-3.6262
11
3.0782
21
1.2808
31
-3.6097
12
3.1781
22
1.2850
32
-3.6204
13
3.1738
23
1.3849
33
-3.6299
0
3DFACE
8
B2_v2
10
3.0782
20
1.2808
30
-3.6097
11
3.0824
21
1.1809
31
-3.5959
12
3.1823
22
1.1851
32
-3.6122
13
3.1781
23
1.2850
33
-3.6204
0
3DFACE
8
B2_v2
10
3.0824
20
1.1809
30
-3.5959
11
3.0867
21
1.0810
31
-3.5857
12
3.1866
22
1.0852
32
-3.6032
13
3.1823
23
1.1851
33
-3.6122
0
3DFACE
8
B2_v2
10
3.0867
20
1.0810
30
-3.5857
11
3.0909
21
0.9811
31
-3.5728
12
3.1908
22
0.9853
32
-3.5936
13
3.1866
23
1.0852
33
-3.6032
0
3DFACE
8
B2_v2
10
3.0909
20
0.9811
30
-3.5728
11
3.0951
21
0.8811
31
-3.5627
12
3.1951
22
0.8854
32
-3.5827
13
3.1908
23
0.9853
33
-3.5936
0
3DFACE
8
B2_v2
10
3.0951
20
0.8811
30
-3.5627
11
3.0994
21
0.7812
31
-3.5519
12
3.1993
22
0.7855
32
-3.5710
13
3.1951
23
0.8854
33
-3.5827
0
3DFACE
8
B2_v2
10
3.0994
20
0.7812
30
-3.5519
11
3.1036
21
0.6813
31
-3.5412
12
3.2035
22
0.6856
32
-3.5606
13
3.1993
23
0.7855
33
-3.5710
0
3DFACE
8
B2_v2
10
3.1036
20
0.6813
30
-3.5412
11
3.1079
21
0.5814
31
-3.5305
12
3.2078
22
0.5857
32
-3.5497
13
3.2035
23
0.6856
33
-3.5606
0
3DFACE
8
B2_v2
10
3.1079
20
0.5814
30
-3.5305
11
3.1121
21
0.4815
31
-3.5192
12
3.2120
22
0.4858
32
-3.5391
13
3.2078
23
0.5857
33
-3.5497
0
3DFACE
8
B2_v2
10
3.1121
20
0.4815
30
-3.5192
11
3.1164
21
0.3816
31
-3.5083
12
3.2163
22
0.3858
32
-3.5279
13
3.2120
23
0.4858
33
-3.5391
0
3DFACE
8
B2_v2
10
3.1164
20
0.3816
30
-3.5083
11
3.1206
21
0.2817
31
-3.4977
12
3.2205
22
0.2859
32
-3.5172
13
3.2163
23
0.3858
33
-3.5279
0
3DFACE
8
B2_v2
10
3.1206
20
0.2817
30
-3.4977
11
3.1249
21
0.1818
31
-3.4866
12
3.2248
22
0.1860
32
-3.5066
13
3.2205
23
0.2859
33
-3.5172
0
3DFACE
8
B2_v2
10
3.1249
20
0.1818
30
-3.4866
11
3.1291
21
0.0819
31
-3.4759
12
3.2290
22
0.0861
32
-3.4954
13
3.2248
23
0.1860
33
-3.5066
0
3DFACE
8
B2_v2
10
3.1291
20
0.0819
30
-3.4759
11
3.1333
21
-0.0180
31
-3.4661
12
3.2333
22
-0.0138
32
-3.4841
13
3.2290
23
0.0861
33
-3.4954
0
3DFACE
8
B2_v2
10
3.1333
20
-0.0180
30
-3.4661
11
3.1376
21
-0.1179
31
-3.4564
12
3.2375
22
-0.1137
32
-3.4725
13
3.2333
23
-0.0138
33
-3.4841
0
3DFACE
8
B2_v2
10
3.1376
20
-0.1179
30
-3.4564
11
3.1418
21
-0.2179
31
-3.4466
12
3.2417
22
-0.2136
32
-3.4637
13
3.2375
23
-0.1137
33
-3.4725
0
3DFACE
8
B2_v2
10
3.1418
20
-0.2179
30
-3.4466
11
3.1461
21
-0.3178
31
-3.4398
12
3.2460
22
-0.3135
32
-3.4569
13
3.2417
23
-0.2136
33
-3.4637
0
3DFACE
8
B2_v2
10
3.1461
20
-0.3178
30
-3.4398
11
3.1503
21
-0.4177
31
-3.4331
12
3.2502
22
-0.4134
32
-3.4505
13
3.2460
23
-0.3135
33
-3.4569
0
3DFACE
8
B2_v2
10
3.1503
20
-0.4177
30
-3.4331
11
3.1546
21
-0.5176
31
-3.4276
12
3.2545
22
-0.5133
32
-3.4464
13
3.2502
23
-0.4134
33
-3.4505
0
3DFACE
8
B2_v2
10
3.1546
20
-0.5176
30
-3.4276
11
3.1588
21
-0.6175
31
-3.4241
12
3.2587
22
-0.6133
32
-3.4444
13
3.2545
23
-0.5133
33
-3.4464
0
3DFACE
8
B2_v2
10
3.1588
20
-0.6175
30
-3.4241
11
3.1630
21
-0.7174
31
-3.4241
12
3.2630
22
-0.7132
32
-3.4416
13
3.2587
23
-0.6133
33
-3.4444
0
3DFACE
8
B2_v2
10
3.1630
20
-0.7174
30
-3.4241
11
3.1673
21
-0.8173
31
-3.4206
12
3.2672
22
-0.8131
32
-3.4414
13
3.2630
23
-0.7132
33
-3.4416
0
3DFACE
8
B2_v2
10
3.1673
20
-0.8173
30
-3.4206
11
3.1715
21
-0.9172
31
-3.4160
12
3.2714
22
-0.9130
32
-3.4379
13
3.2672
23
-0.8131
33
-3.4414
0
3DFACE
8
B2_v2
10
3.1715
20
-0.9172
30
-3.4160
11
3.1758
21
-1.0171
31
-3.4093
12
3.2757
22
-1.0129
32
-3.4325
13
3.2714
23
-0.9130
33
-3.4379
0
3DFACE
8
B2_v2
10
3.1758
20
-1.0171
30
-3.4093
11
3.1800
21
-1.1170
31
-3.4043
12
3.2799
22
-1.1128
32
-3.4286
13
3.2757
23
-1.0129
33
-3.4325
0
3DFACE
8
B2_v2
10
3.1800
20
-1.1170
30
-3.4043
11
3.1843
21
-1.2170
31
-3.4032
12
3.2842
22
-1.2127
32
-3.4273
13
3.2799
23
-1.1128
33
-3.4286
0
ENDSEC
0
EOF
