# B2 v2 topo-corrected, z = surface height minus depth, metres
o B2_v2
v -1.7237 3.5791 -2.0910
v -1.7194 3.4792 -2.0878
v -1.7152 3.3793 -2.0832
v -1.7110 3.2793 -2.0778
v -1.7067 3.1794 -2.0725
v -1.7025 3.0795 -2.0672
v -1.6982 2.9796 -2.0622
v -1.6940 2.8797 -2.0581
v -1.6897 2.7798 -2.0524
v -1.6855 2.6799 -2.0464
v -1.6813 2.5800 -2.0398
v -1.6770 2.4801 -2.0341
v -1.6728 2.3802 -2.0285
v -1.6685 2.2802 -2.0228
v -1.6643 2.1803 -2.0179
v -1.6600 2.0804 -2.0126
v -1.6558 1.9805 -2.0065
v -1.6515 1.8806 -2.0008
v -1.6473 1.7807 -1.9949
v -1.6431 1.6808 -1.9871
v -1.6388 1.5809 -1.9797
v -1.6346 1.4810 -1.9720
v -1.6303 1.3811 -1.9641
v -1.6261 1.2811 -1.9557
v -1.6218 1.1812 -1.9469
v -1.6176 1.0813 -1.9392
v -1.6133 0.9814 -1.9323
v -1.6091 0.8815 -1.9255
v -1.6049 0.7816 -1.9187
v -1.6006 0.6817 -1.9130
v -1.5964 0.5818 -1.9041
v -1.5921 0.4819 -1.8957
v -1.5879 0.3820 -1.8886
v -1.5836 0.2820 -1.8818
v -1.5794 0.1821 -1.8751
v -1.5752 0.0822 -1.8683
v -1.5709 -0.0177 -1.8628
v -1.5667 -0.1176 -1.8561
v -1.5624 -0.2175 -1.8479
v -1.5582 -0.3174 -1.8400
v -1.5539 -0.4173 -1.8323
v -1.5497 -0.5172 -1.8248
v -1.5454 -0.6171 -1.8181
v -1.5412 -0.7171 -1.8113
v -1.5370 -0.8170 -1.8045
v -1.5327 -0.9169 -1.7985
v -1.5285 -1.0168 -1.7923
v -1.5242 -1.1167 -1.7865
v -1.5200 -1.2166 -1.7809
v -1.5157 -1.3165 -1.7771
v -1.5115 -1.4164 -1.7751
v -1.6238 3.5833 -2.1011
v -1.6195 3.4834 -2.0979
v -1.6153 3.3835 -2.0937
v -1.6110 3.2836 -2.0879
v -1.6068 3.1837 -2.0824
v -1.6026 3.0838 -2.0776
v -1.5983 2.9839 -2.0721
v -1.5941 2.8839 -2.0672
v -1.5898 2.7840 -2.0621
v -1.5856 2.6841 -2.0571
v -1.5813 2.5842 -2.0523
v -1.5771 2.4843 -2.0472
v -1.5729 2.3844 -2.0425
v -1.5686 2.2845 -2.0379
v -1.5644 2.1846 -2.0335
v -1.5601 2.0847 -2.0290
v -1.5559 1.9848 -2.0239
v -1.5516 1.8848 -2.0190
v -1.5474 1.7849 -2.0140
v -1.5431 1.6850 -2.0078
v -1.5389 1.5851 -2.0013
v -1.5347 1.4852 -1.9945
v -1.5304 1.3853 -1.9870
v -1.5262 1.2854 -1.9797
v -1.5219 1.1855 -1.9732
v -1.5177 1.0856 -1.9661
v -1.5134 0.9857 -1.9597
v -1.5092 0.8858 -1.9548
v -1.5050 0.7858 -1.9500
v -1.5007 0.6859 -1.9441
v -1.4965 0.5860 -1.9380
v -1.4922 0.4861 -1.9322
v -1.4880 0.3862 -1.9272
v -1.4837 0.2863 -1.9225
v -1.4795 0.1864 -1.9185
v -1.4752 0.0865 -1.9079
v -1.4710 -0.0134 -1.8961
v -1.4668 -0.1133 -1.8847
v -1.4625 -0.2133 -1.8714
v -1.4583 -0.3132 -1.8573
v -1.4540 -0.4131 -1.8494
v -1.4498 -0.5130 -1.8427
v -1.4455 -0.6129 -1.8359
v -1.4413 -0.7128 -1.8291
v -1.4371 -0.8127 -1.8217
v -1.4328 -0.9126 -1.8150
v -1.4286 -1.0125 -1.8083
v -1.4243 -1.1124 -1.8023
v -1.4201 -1.2124 -1.7955
v -1.4158 -1.3123 -1.7918
v -1.4116 -1.4122 -1.7881
v -1.5239 3.5876 -2.1112
v -1.5196 3.4877 -2.1085
v -1.5154 3.3877 -2.1047
v -1.5111 3.2878 -2.1007
v -1.5069 3.1879 -2.0963
v -1.5027 3.0880 -2.0920
v -1.4984 2.9881 -2.0878
v -1.4942 2.8882 -2.0836
v -1.4899 2.7883 -2.0793
v -1.4857 2.6884 -2.0751
v -1.4814 2.5885 -2.0711
v -1.4772 2.4886 -2.0669
v -1.4729 2.3886 -2.0621
v -1.4687 2.2887 -2.0575
v -1.4645 2.1888 -2.0527
v -1.4602 2.0889 -2.0482
v -1.4560 1.9890 -2.0436
v -1.4517 1.8891 -2.0393
v -1.4475 1.7892 -2.0346
v -1.4432 1.6893 -2.0293
v -1.4390 1.5894 -2.0228
v -1.4347 1.4895 -2.0170
v -1.4305 1.3895 -2.0118
v -1.4263 1.2896 -2.0073
v -1.4220 1.1897 -2.0022
v -1.4178 1.0898 -1.9973
v -1.4135 0.9899 -1.9940
v -1.4093 0.8900 -1.9914
v -1.4050 0.7901 -1.9883
v -1.4008 0.6902 -1.9844
v -1.3966 0.5903 -1.9813
v -1.3923 0.4904 -1.9783
v -1.3881 0.3904 -1.9743
v -1.3838 0.2905 -1.9701
v -1.3796 0.1906 -1.9675
v -1.3753 0.0907 -1.9595
v -1.3711 -0.0092 -1.9510
v -1.3668 -0.1091 -1.9417
v -1.3626 -0.2090 -1.9318
v -1.3584 -0.3089 -1.9194
v -1.3541 -0.4088 -1.9123
v -1.3499 -0.5087 -1.9065
v -1.3456 -0.6087 -1.9008
v -1.3414 -0.7086 -1.8952
v -1.3371 -0.8085 -1.8805
v -1.3329 -0.9084 -1.8653
v -1.3287 -1.0083 -1.8508
v -1.3244 -1.1082 -1.8369
v -1.3202 -1.2081 -1.8224
v -1.3159 -1.3080 -1.8170
v -1.3117 -1.4079 -1.8131
v -1.4240 3.5918 -2.1256
v -1.4197 3.4919 -2.1229
v -1.4155 3.3920 -2.1198
v -1.4112 3.2921 -2.1162
v -1.4070 3.1922 -2.1126
v -1.4027 3.0923 -2.1094
v -1.3985 2.9923 -2.1062
v -1.3943 2.8924 -2.1026
v -1.3900 2.7925 -2.0991
v -1.3858 2.6926 -2.0958
v -1.3815 2.5927 -2.0916
v -1.3773 2.4928 -2.0880
v -1.3730 2.3929 -2.0843
v -1.3688 2.2930 -2.0811
v -1.3645 2.1931 -2.0770
v -1.3603 2.0932 -2.0727
v -1.3561 1.9932 -2.0675
v -1.3518 1.8933 -2.0625
v -1.3476 1.7934 -2.0574
v -1.3433 1.6935 -2.0522
v -1.3391 1.5936 -2.0470
v -1.3348 1.4937 -2.0430
v -1.3306 1.3938 -2.0393
v -1.3264 1.2939 -2.0356
v -1.3221 1.1940 -2.0329
v -1.3179 1.0941 -2.0285
v -1.3136 0.9941 -2.0265
v -1.3094 0.8942 -2.0256
v -1.3051 0.7943 -2.0249
v -1.3009 0.6944 -2.0246
v -1.2966 0.5945 -2.0240
v -1.2924 0.4946 -2.0242
v -1.2882 0.3947 -2.0231
v -1.2839 0.2948 -2.0235
v -1.2797 0.1949 -2.0240
v -1.2754 0.0950 -2.0191
v -1.2712 -0.0050 -2.0127
v -1.2669 -0.1049 -2.0063
v -1.2627 -0.2048 -1.9989
v -1.2584 -0.3047 -1.9901
v -1.2542 -0.4046 -1.9863
v -1.2500 -0.5045 -1.9825
v -1.2457 -0.6044 -1.9784
v -1.2415 -0.7043 -1.9737
v -1.2372 -0.8042 -1.9584
v -1.2330 -0.9041 -1.9446
v -1.2287 -1.0040 -1.9309
v -1.2245 -1.1040 -1.9172
v -1.2203 -1.2039 -1.9031
v -1.2160 -1.3038 -1.8993
v -1.2118 -1.4037 -1.8965
v -1.3241 3.5960 -2.1402
v -1.3198 3.4961 -2.1383
v -1.3156 3.3962 -2.1349
v -1.3113 3.2963 -2.1323
v -1.3071 3.1964 -2.1300
v -1.3028 3.0965 -2.1276
v -1.2986 2.9966 -2.1250
v -1.2943 2.8967 -2.1224
v -1.2901 2.7968 -2.1206
v -1.2859 2.6969 -2.1178
v -1.2816 2.5970 -2.1147
v -1.2774 2.4970 -2.1119
v -1.2731 2.3971 -2.1087
v -1.2689 2.2972 -2.1045
v -1.2646 2.1973 -2.1007
v -1.2604 2.0974 -2.0960
v -1.2561 1.9975 -2.0910
v -1.2519 1.8976 -2.0870
v -1.2477 1.7977 -2.0830
v -1.2434 1.6978 -2.0789
v -1.2392 1.5979 -2.0751
v -1.2349 1.4979 -2.0699
v -1.2307 1.3980 -2.0668
v -1.2264 1.2981 -2.0644
v -1.2222 1.1982 -2.0627
v -1.2180 1.0983 -2.0609
v -1.2137 0.9984 -2.0610
v -1.2095 0.8985 -2.0611
v -1.2052 0.7986 -2.0611
v -1.2010 0.6987 -2.0619
v -1.1967 0.5988 -2.0621
v -1.1925 0.4988 -2.0646
v -1.1882 0.3989 -2.0678
v -1.1840 0.2990 -2.0719
v -1.1798 0.1991 -2.0748
v -1.1755 0.0992 -2.0713
v -1.1713 -0.0007 -2.0684
v -1.1670 -0.1006 -2.0654
v -1.1628 -0.2005 -2.0613
v -1.1585 -0.3004 -2.0565
v -1.1543 -0.4003 -2.0557
v -1.1501 -0.5003 -2.0539
v -1.1458 -0.6002 -2.0504
v -1.1416 -0.7001 -2.0451
v -1.1373 -0.8000 -2.0329
v -1.1331 -0.8999 -2.0211
v -1.1288 -0.9998 -2.0086
v -1.1246 -1.0997 -1.9962
v -1.1203 -1.1996 -1.9841
v -1.1161 -1.2995 -1.9805
v -1.1119 -1.3994 -1.9785
v -1.2241 3.6003 -2.1717
v -1.2199 3.5004 -2.1694
v -1.2157 3.4005 -2.1671
v -1.2114 3.3006 -2.1649
v -1.2072 3.2007 -2.1627
v -1.2029 3.1007 -2.1600
v -1.1987 3.0008 -2.1578
v -1.1944 2.9009 -2.1550
v -1.1902 2.8010 -2.1518
v -1.1859 2.7011 -2.1489
v -1.1817 2.6012 -2.1455
v -1.1775 2.5013 -2.1418
v -1.1732 2.4014 -2.1382
v -1.1690 2.3015 -2.1339
v -1.1647 2.2016 -2.1287
v -1.1605 2.1016 -2.1233
v -1.1562 2.0017 -2.1180
v -1.1520 1.9018 -2.1129
v -1.1478 1.8019 -2.1081
v -1.1435 1.7020 -2.1035
v -1.1393 1.6021 -2.1007
v -1.1350 1.5022 -2.0986
v -1.1308 1.4023 -2.0966
v -1.1265 1.3024 -2.0950
v -1.1223 1.2025 -2.0923
v -1.1180 1.1025 -2.0928
v -1.1138 1.0026 -2.0932
v -1.1096 0.9027 -2.0939
v -1.1053 0.8028 -2.0930
v -1.1011 0.7029 -2.0943
v -1.0968 0.6030 -2.0967
v -1.0926 0.5031 -2.1008
v -1.0883 0.4032 -2.1070
v -1.0841 0.3033 -2.1138
v -1.0798 0.2034 -2.1205
v -1.0756 0.1034 -2.1215
v -1.0714 0.0035 -2.1219
v -1.0671 -0.0964 -2.1217
v -1.0629 -0.1963 -2.1204
v -1.0586 -0.2962 -2.1180
v -1.0544 -0.3961 -2.1193
v -1.0501 -0.4960 -2.1197
v -1.0459 -0.5959 -2.1187
v -1.0417 -0.6958 -2.1144
v -1.0374 -0.7957 -2.1038
v -1.0332 -0.8957 -2.0936
v -1.0289 -0.9956 -2.0826
v -1.0247 -1.0955 -2.0710
v -1.0204 -1.1954 -2.0594
v -1.0162 -1.2953 -2.0569
v -1.0119 -1.3952 -2.0572
v -1.1242 3.6045 -2.1997
v -1.1200 3.5046 -2.1989
v -1.1157 3.4047 -2.1980
v -1.1115 3.3048 -2.1965
v -1.1073 3.2049 -2.1946
v -1.1030 3.1050 -2.1928
v -1.0988 3.0051 -2.1913
v -1.0945 2.9052 -2.1886
v -1.0903 2.8053 -2.1867
v -1.0860 2.7053 -2.1843
v -1.0818 2.6054 -2.1802
v -1.0775 2.5055 -2.1749
v -1.0733 2.4056 -2.1694
v -1.0691 2.3057 -2.1648
v -1.0648 2.2058 -2.1598
v -1.0606 2.1059 -2.1551
v -1.0563 2.0060 -2.1505
v -1.0521 1.9061 -2.1452
v -1.0478 1.8062 -2.1402
v -1.0436 1.7062 -2.1348
v -1.0394 1.6063 -2.1314
v -1.0351 1.5064 -2.1288
v -1.0309 1.4065 -2.1265
v -1.0266 1.3066 -2.1233
v -1.0224 1.2067 -2.1207
v -1.0181 1.1068 -2.1189
v -1.0139 1.0069 -2.1173
v -1.0096 0.9070 -2.1162
v -1.0054 0.8071 -2.1148
v -1.0012 0.7072 -2.1142
v -0.9969 0.6072 -2.1159
v -0.9927 0.5073 -2.1201
v -0.9884 0.4074 -2.1249
v -0.9842 0.3075 -2.1331
v -0.9799 0.2076 -2.1404
v -0.9757 0.1077 -2.1487
v -0.9715 0.0078 -2.1575
v -0.9672 -0.0921 -2.1659
v -0.9630 -0.1920 -2.1724
v -0.9587 -0.2919 -2.1783
v -0.9545 -0.3919 -2.1825
v -0.9502 -0.4918 -2.1853
v -0.9460 -0.5917 -2.1862
v -0.9417 -0.6916 -2.1829
v -0.9375 -0.7915 -2.1737
v -0.9333 -0.8914 -2.1642
v -0.9290 -0.9913 -2.1561
v -0.9248 -1.0912 -2.1463
v -0.9205 -1.1911 -2.1362
v -0.9163 -1.2910 -2.1347
v -0.9120 -1.3910 -2.1339
v -1.0243 3.6088 -2.2403
v -1.0201 3.5089 -2.2390
v -1.0158 3.4090 -2.2375
v -1.0116 3.3091 -2.2354
v -1.0073 3.2091 -2.2333
v -1.0031 3.1092 -2.2308
v -0.9989 3.0093 -2.2272
v -0.9946 2.9094 -2.2245
v -0.9904 2.8095 -2.2225
v -0.9861 2.7096 -2.2187
v -0.9819 2.6097 -2.2134
v -0.9776 2.5098 -2.2094
v -0.9734 2.4099 -2.2060
v -0.9692 2.3100 -2.2022
v -0.9649 2.2100 -2.1979
v -0.9607 2.1101 -2.1934
v -0.9564 2.0102 -2.1895
v -0.9522 1.9103 -2.1846
v -0.9479 1.8104 -2.1797
v -0.9437 1.7105 -2.1757
v -0.9394 1.6106 -2.1717
v -0.9352 1.5107 -2.1672
v -0.9310 1.4108 -2.1627
v -0.9267 1.3109 -2.1586
v -0.9225 1.2109 -2.1541
v -0.9182 1.1110 -2.1486
v -0.9140 1.0111 -2.1443
v -0.9097 0.9112 -2.1409
v -0.9055 0.8113 -2.1370
v -0.9012 0.7114 -2.1341
v -0.8970 0.6115 -2.1348
v -0.8928 0.5116 -2.1391
v -0.8885 0.4117 -2.1461
v -0.8843 0.3118 -2.1544
v -0.8800 0.2118 -2.1606
v -0.8758 0.1119 -2.1684
v -0.8715 0.0120 -2.1781
v -0.8673 -0.0879 -2.1884
v -0.8631 -0.1878 -2.1983
v -0.8588 -0.2877 -2.2060
v -0.8546 -0.3876 -2.2113
v -0.8503 -0.4875 -2.2145
v -0.8461 -0.5874 -2.2142
v -0.8418 -0.6873 -2.2125
v -0.8376 -0.7873 -2.2105
v -0.8333 -0.8872 -2.2097
v -0.8291 -0.9871 -2.2093
v -0.8249 -1.0870 -2.2104
v -0.8206 -1.1869 -2.2099
v -0.8164 -1.2868 -2.2092
v -0.8121 -1.3867 -2.2087
v -0.9244 3.6130 -2.2842
v -0.9202 3.5131 -2.2817
v -0.9159 3.4132 -2.2799
v -0.9117 3.3133 -2.2787
v -0.9074 3.2134 -2.2766
v -0.9032 3.1135 -2.2731
v -0.8989 3.0136 -2.2703
v -0.8947 2.9137 -2.2678
v -0.8905 2.8137 -2.2641
v -0.8862 2.7138 -2.2603
v -0.8820 2.6139 -2.2550
v -0.8777 2.5140 -2.2522
v -0.8735 2.4141 -2.2488
v -0.8692 2.3142 -2.2450
v -0.8650 2.2143 -2.2407
v -0.8608 2.1144 -2.2371
v -0.8565 2.0145 -2.2334
v -0.8523 1.9146 -2.2291
v -0.8480 1.8146 -2.2260
v -0.8438 1.7147 -2.2221
v -0.8395 1.6148 -2.2167
v -0.8353 1.5149 -2.2096
v -0.8310 1.4150 -2.2031
v -0.8268 1.3151 -2.1958
v -0.8226 1.2152 -2.1874
v -0.8183 1.1153 -2.1808
v -0.8141 1.0154 -2.1742
v -0.8098 0.9155 -2.1663
v -0.8056 0.8155 -2.1582
v -0.8013 0.7156 -2.1520
v -0.7971 0.6157 -2.1518
v -0.7929 0.5158 -2.1542
v -0.7886 0.4159 -2.1608
v -0.7844 0.3160 -2.1702
v -0.7801 0.2161 -2.1781
v -0.7759 0.1162 -2.1868
v -0.7716 0.0163 -2.1959
v -0.7674 -0.0836 -2.2061
v -0.7631 -0.1836 -2.2168
v -0.7589 -0.2835 -2.2259
v -0.7547 -0.3834 -2.2319
v -0.7504 -0.4833 -2.2367
v -0.7462 -0.5832 -2.2382
v -0.7419 -0.6831 -2.2375
v -0.7377 -0.7830 -2.2353
v -0.7334 -0.8829 -2.2331
v -0.7292 -0.9828 -2.2323
v -0.7249 -1.0827 -2.2322
v -0.7207 -1.1826 -2.2332
v -0.7165 -1.2826 -2.2339
v -0.7122 -1.3825 -2.2335
v -0.8245 3.6173 -2.3296
v -0.8203 3.5174 -2.3271
v -0.8160 3.4174 -2.3252
v -0.8118 3.3175 -2.3227
v -0.8075 3.2176 -2.3197
v -0.8033 3.1177 -2.3170
v -0.7990 3.0178 -2.3136
v -0.7948 2.9179 -2.3097
v -0.7906 2.8180 -2.3055
v -0.7863 2.7181 -2.3022
v -0.7821 2.6182 -2.2991
v -0.7778 2.5183 -2.2960
v -0.7736 2.4184 -2.2931
v -0.7693 2.3184 -2.2884
v -0.7651 2.2185 -2.2853
v -0.7608 2.1186 -2.2820
v -0.7566 2.0187 -2.2789
v -0.7524 1.9188 -2.2760
v -0.7481 1.8189 -2.2734
v -0.7439 1.7190 -2.2677
v -0.7396 1.6191 -2.2601
v -0.7354 1.5192 -2.2527
v -0.7311 1.4193 -2.2444
v -0.7269 1.3193 -2.2332
v -0.7226 1.2194 -2.2214
v -0.7184 1.1195 -2.2105
v -0.7142 1.0196 -2.1995
v -0.7099 0.9197 -2.1891
v -0.7057 0.8198 -2.1790
v -0.7014 0.7199 -2.1716
v -0.6972 0.6200 -2.1688
v -0.6929 0.5201 -2.1699
v -0.6887 0.4202 -2.1751
v -0.6845 0.3202 -2.1864
v -0.6802 0.2203 -2.1966
v -0.6760 0.1204 -2.2059
v -0.6717 0.0205 -2.2170
v -0.6675 -0.0794 -2.2286
v -0.6632 -0.1793 -2.2412
v -0.6590 -0.2792 -2.2507
v -0.6547 -0.3791 -2.2583
v -0.6505 -0.4790 -2.2626
v -0.6463 -0.5789 -2.2652
v -0.6420 -0.6789 -2.2643
v -0.6378 -0.7788 -2.2618
v -0.6335 -0.8787 -2.2603
v -0.6293 -0.9786 -2.2594
v -0.6250 -1.0785 -2.2588
v -0.6208 -1.1784 -2.2590
v -0.6166 -1.2783 -2.2583
v -0.6123 -1.3782 -2.2583
v -0.7246 3.6215 -2.3738
v -0.7203 3.5216 -2.3720
v -0.7161 3.4217 -2.3698
v -0.7119 3.3218 -2.3666
v -0.7076 3.2219 -2.3631
v -0.7034 3.1220 -2.3597
v -0.6991 3.0221 -2.3549
v -0.6949 2.9221 -2.3510
v -0.6906 2.8222 -2.3472
v -0.6864 2.7223 -2.3442
v -0.6822 2.6224 -2.3391
v -0.6779 2.5225 -2.3364
v -0.6737 2.4226 -2.3338
v -0.6694 2.3227 -2.3313
v -0.6652 2.2228 -2.3283
v -0.6609 2.1229 -2.3254
v -0.6567 2.0230 -2.3229
v -0.6524 1.9230 -2.3204
v -0.6482 1.8231 -2.3171
v -0.6440 1.7232 -2.3112
v -0.6397 1.6233 -2.3034
v -0.6355 1.5234 -2.2950
v -0.6312 1.4235 -2.2844
v -0.6270 1.3236 -2.2699
v -0.6227 1.2237 -2.2557
v -0.6185 1.1238 -2.2424
v -0.6143 1.0239 -2.2300
v -0.6100 0.9239 -2.2148
v -0.6058 0.8240 -2.2018
v -0.6015 0.7241 -2.1915
v -0.5973 0.6242 -2.1881
v -0.5930 0.5243 -2.1904
v -0.5888 0.4244 -2.1978
v -0.5845 0.3245 -2.2097
v -0.5803 0.2246 -2.2197
v -0.5761 0.1247 -2.2310
v -0.5718 0.0248 -2.2436
v -0.5676 -0.0752 -2.2567
v -0.5633 -0.1751 -2.2698
v -0.5591 -0.2750 -2.2796
v -0.5548 -0.3749 -2.2865
v -0.5506 -0.4748 -2.2907
v -0.5463 -0.5747 -2.2924
v -0.5421 -0.6746 -2.2912
v -0.5379 -0.7745 -2.2897
v -0.5336 -0.8744 -2.2862
v -0.5294 -0.9743 -2.2848
v -0.5251 -1.0743 -2.2833
v -0.5209 -1.1742 -2.2836
v -0.5166 -1.2741 -2.2825
v -0.5124 -1.3740 -2.2816
v -0.6247 3.6258 -2.4199
v -0.6204 3.5258 -2.4174
v -0.6162 3.4259 -2.4143
v -0.6120 3.3260 -2.4105
v -0.6077 3.2261 -2.4060
v -0.6035 3.1262 -2.4009
v -0.5992 3.0263 -2.3976
v -0.5950 2.9264 -2.3932
v -0.5907 2.8265 -2.3889
v -0.5865 2.7266 -2.3843
v -0.5822 2.6267 -2.3805
v -0.5780 2.5267 -2.3774
v -0.5738 2.4268 -2.3754
v -0.5695 2.3269 -2.3723
v -0.5653 2.2270 -2.3700
v -0.5610 2.1271 -2.3676
v -0.5568 2.0272 -2.3655
v -0.5525 1.9273 -2.3633
v -0.5483 1.8274 -2.3610
v -0.5440 1.7275 -2.3548
v -0.5398 1.6276 -2.3462
v -0.5356 1.5276 -2.3361
v -0.5313 1.4277 -2.3234
v -0.5271 1.3278 -2.3078
v -0.5228 1.2279 -2.2916
v -0.5186 1.1280 -2.2758
v -0.5143 1.0281 -2.2596
v -0.5101 0.9282 -2.2436
v -0.5059 0.8283 -2.2275
v -0.5016 0.7284 -2.2157
v -0.4974 0.6285 -2.2103
v -0.4931 0.5286 -2.2124
v -0.4889 0.4286 -2.2196
v -0.4846 0.3287 -2.2330
v -0.4804 0.2288 -2.2458
v -0.4761 0.1289 -2.2576
v -0.4719 0.0290 -2.2711
v -0.4677 -0.0709 -2.2852
v -0.4634 -0.1708 -2.2987
v -0.4592 -0.2707 -2.3086
v -0.4549 -0.3706 -2.3152
v -0.4507 -0.4705 -2.3194
v -0.4464 -0.5705 -2.3212
v -0.4422 -0.6704 -2.3192
v -0.4380 -0.7703 -2.3162
v -0.4337 -0.8702 -2.3135
v -0.4295 -0.9701 -2.3116
v -0.4252 -1.0700 -2.3101
v -0.4210 -1.1699 -2.3082
v -0.4167 -1.2698 -2.3064
v -0.4125 -1.3697 -2.3052
v -0.5248 3.6300 -2.4642
v -0.5205 3.5301 -2.4620
v -0.5163 3.4302 -2.4592
v -0.5120 3.3303 -2.4540
v -0.5078 3.2304 -2.4474
v -0.5036 3.1305 -2.4422
v -0.4993 3.0305 -2.4380
v -0.4951 2.9306 -2.4343
v -0.4908 2.8307 -2.4297
v -0.4866 2.7308 -2.4242
v -0.4823 2.6309 -2.4211
v -0.4781 2.5310 -2.4187
v -0.4738 2.4311 -2.4150
v -0.4696 2.3312 -2.4133
v -0.4654 2.2313 -2.4119
v -0.4611 2.1314 -2.4082
v -0.4569 2.0314 -2.4047
v -0.4526 1.9315 -2.4028
v -0.4484 1.8316 -2.4008
v -0.4441 1.7317 -2.3961
v -0.4399 1.6318 -2.3867
v -0.4357 1.5319 -2.3754
v -0.4314 1.4320 -2.3605
v -0.4272 1.3321 -2.3419
v -0.4229 1.2322 -2.3241
v -0.4187 1.1323 -2.3047
v -0.4144 1.0323 -2.2871
v -0.4102 0.9324 -2.2689
v -0.4059 0.8325 -2.2512
v -0.4017 0.7326 -2.2380
v -0.3975 0.6327 -2.2309
v -0.3932 0.5328 -2.2312
v -0.3890 0.4329 -2.2388
v -0.3847 0.3330 -2.2525
v -0.3805 0.2331 -2.2663
v -0.3762 0.1332 -2.2802
v -0.3720 0.0332 -2.2941
v -0.3677 -0.0667 -2.3076
v -0.3635 -0.1666 -2.3212
v -0.3593 -0.2665 -2.3313
v -0.3550 -0.3664 -2.3378
v -0.3508 -0.4663 -2.3421
v -0.3465 -0.5662 -2.3423
v -0.3423 -0.6661 -2.3405
v -0.3380 -0.7660 -2.3411
v -0.3338 -0.8659 -2.3407
v -0.3296 -0.9659 -2.3391
v -0.3253 -1.0658 -2.3374
v -0.3211 -1.1657 -2.3343
v -0.3168 -1.2656 -2.3330
v -0.3126 -1.3655 -2.3334
v -0.4249 3.6342 -2.5082
v -0.4206 3.5343 -2.5058
v -0.4164 3.4344 -2.5027
v -0.4121 3.3345 -2.4977
v -0.4079 3.2346 -2.4914
v -0.4036 3.1347 -2.4861
v -0.3994 3.0348 -2.4806
v -0.3952 2.9349 -2.4754
v -0.3909 2.8350 -2.4697
v -0.3867 2.7351 -2.4652
v -0.3824 2.6351 -2.4617
v -0.3782 2.5352 -2.4580
v -0.3739 2.4353 -2.4551
v -0.3697 2.3354 -2.4534
v -0.3654 2.2355 -2.4518
v -0.3612 2.1356 -2.4472
v -0.3570 2.0357 -2.4445
v -0.3527 1.9358 -2.4427
v -0.3485 1.8359 -2.4411
v -0.3442 1.7360 -2.4361
v -0.3400 1.6360 -2.4240
v -0.3357 1.5361 -2.4120
v -0.3315 1.4362 -2.3973
v -0.3273 1.3363 -2.3780
v -0.3230 1.2364 -2.3577
v -0.3188 1.1365 -2.3384
v -0.3145 1.0366 -2.3196
v -0.3103 0.9367 -2.3017
v -0.3060 0.8368 -2.2829
v -0.3018 0.7369 -2.2672
v -0.2975 0.6369 -2.2609
v -0.2933 0.5370 -2.2615
v -0.2891 0.4371 -2.2681
v -0.2848 0.3372 -2.2813
v -0.2806 0.2373 -2.2937
v -0.2763 0.1374 -2.3056
v -0.2721 0.0375 -2.3173
v -0.2678 -0.0624 -2.3292
v -0.2636 -0.1623 -2.3419
v -0.2594 -0.2622 -2.3520
v -0.2551 -0.3622 -2.3593
v -0.2509 -0.4621 -2.3630
v -0.2466 -0.5620 -2.3646
v -0.2424 -0.6619 -2.3640
v -0.2381 -0.7618 -2.3639
v -0.2339 -0.8617 -2.3634
v -0.2296 -0.9616 -2.3621
v -0.2254 -1.0615 -2.3608
v -0.2212 -1.1614 -2.3582
v -0.2169 -1.2613 -2.3572
v -0.2127 -1.3613 -2.3568
v -0.3250 3.6385 -2.5520
v -0.3207 3.5386 -2.5497
v -0.3165 3.4387 -2.5463
v -0.3122 3.3388 -2.5416
v -0.3080 3.2388 -2.5346
v -0.3037 3.1389 -2.5285
v -0.2995 3.0390 -2.5226
v -0.2952 2.9391 -2.5158
v -0.2910 2.8392 -2.5117
v -0.2868 2.7393 -2.5066
v -0.2825 2.6394 -2.5022
v -0.2783 2.5395 -2.4980
v -0.2740 2.4396 -2.4946
v -0.2698 2.3397 -2.4917
v -0.2655 2.2398 -2.4884
v -0.2613 2.1398 -2.4847
v -0.2570 2.0399 -2.4805
v -0.2528 1.9400 -2.4782
v -0.2486 1.8401 -2.4751
v -0.2443 1.7402 -2.4684
v -0.2401 1.6403 -2.4571
v -0.2358 1.5404 -2.4450
v -0.2316 1.4405 -2.4306
v -0.2273 1.3406 -2.4120
v -0.2231 1.2407 -2.3928
v -0.2189 1.1407 -2.3739
v -0.2146 1.0408 -2.3550
v -0.2104 0.9409 -2.3365
v -0.2061 0.8410 -2.3182
v -0.2019 0.7411 -2.3033
v -0.1976 0.6412 -2.2971
v -0.1934 0.5413 -2.2971
v -0.1891 0.4414 -2.3023
v -0.1849 0.3415 -2.3120
v -0.1807 0.2416 -2.3228
v -0.1764 0.1416 -2.3333
v -0.1722 0.0417 -2.3436
v -0.1679 -0.0582 -2.3545
v -0.1637 -0.1581 -2.3656
v -0.1594 -0.2580 -2.3747
v -0.1552 -0.3579 -2.3816
v -0.1510 -0.4578 -2.3858
v -0.1467 -0.5577 -2.3875
v -0.1425 -0.6576 -2.3870
v -0.1382 -0.7575 -2.3865
v -0.1340 -0.8575 -2.3871
v -0.1297 -0.9574 -2.3863
v -0.1255 -1.0573 -2.3854
v -0.1212 -1.1572 -2.3839
v -0.1170 -1.2571 -2.3834
v -0.1128 -1.3570 -2.3845
v -0.2250 3.6427 -2.5975
v -0.2208 3.5428 -2.5950
v -0.2166 3.4429 -2.5914
v -0.2123 3.3430 -2.5856
v -0.2081 3.2431 -2.5783
v -0.2038 3.1432 -2.5714
v -0.1996 3.0433 -2.5652
v -0.1953 2.9434 -2.5592
v -0.1911 2.8435 -2.5537
v -0.1868 2.7435 -2.5481
v -0.1826 2.6436 -2.5409
v -0.1784 2.5437 -2.5374
v -0.1741 2.4438 -2.5338
v -0.1699 2.3439 -2.5298
v -0.1656 2.2440 -2.5258
v -0.1614 2.1441 -2.5223
v -0.1571 2.0442 -2.5171
v -0.1529 1.9443 -2.5133
v -0.1487 1.8444 -2.5093
v -0.1444 1.7444 -2.5008
v -0.1402 1.6445 -2.4924
v -0.1359 1.5446 -2.4798
v -0.1317 1.4447 -2.4656
v -0.1274 1.3448 -2.4471
v -0.1232 1.2449 -2.4280
v -0.1189 1.1450 -2.4088
v -0.1147 1.0451 -2.3904
v -0.1105 0.9452 -2.3725
v -0.1062 0.8453 -2.3525
v -0.1020 0.7453 -2.3388
v -0.0977 0.6454 -2.3325
v -0.0935 0.5455 -2.3317
v -0.0892 0.4456 -2.3348
v -0.0850 0.3457 -2.3421
v -0.0808 0.2458 -2.3510
v -0.0765 0.1459 -2.3607
v -0.0723 0.0460 -2.3703
v -0.0680 -0.0539 -2.3800
v -0.0638 -0.1538 -2.3901
v -0.0595 -0.2538 -2.3981
v -0.0553 -0.3537 -2.4041
v -0.0510 -0.4536 -2.4091
v -0.0468 -0.5535 -2.4110
v -0.0426 -0.6534 -2.4108
v -0.0383 -0.7533 -2.4105
v -0.0341 -0.8532 -2.4103
v -0.0298 -0.9531 -2.4122
v -0.0256 -1.0530 -2.4121
v -0.0213 -1.1529 -2.4119
v -0.0171 -1.2529 -2.4119
v -0.0128 -1.3528 -2.4136
v -0.1251 3.6470 -2.6407
v -0.1209 3.5471 -2.6377
v -0.1166 3.4472 -2.6326
v -0.1124 3.3472 -2.6277
v -0.1082 3.2473 -2.6210
v -0.1039 3.1474 -2.6143
v -0.0997 3.0475 -2.6086
v -0.0954 2.9476 -2.6027
v -0.0912 2.8477 -2.5951
v -0.0869 2.7478 -2.5904
v -0.0827 2.6479 -2.5852
v -0.0784 2.5480 -2.5803
v -0.0742 2.4481 -2.5760
v -0.0700 2.3481 -2.5716
v -0.0657 2.2482 -2.5671
v -0.0615 2.1483 -2.5598
v -0.0572 2.0484 -2.5539
v -0.0530 1.9485 -2.5492
v -0.0487 1.8486 -2.5445
v -0.0445 1.7487 -2.5377
v -0.0403 1.6488 -2.5265
v -0.0360 1.5489 -2.5132
v -0.0318 1.4490 -2.4980
v -0.0275 1.3490 -2.4800
v -0.0233 1.2491 -2.4621
v -0.0190 1.1492 -2.4435
v -0.0148 1.0493 -2.4252
v -0.0105 0.9494 -2.4071
v -0.0063 0.8495 -2.3889
v -0.0021 0.7496 -2.3753
v 0.0022 0.6497 -2.3676
v 0.0064 0.5498 -2.3650
v 0.0107 0.4499 -2.3648
v 0.0149 0.3499 -2.3721
v 0.0192 0.2500 -2.3801
v 0.0234 0.1501 -2.3888
v 0.0276 0.0502 -2.3966
v 0.0319 -0.0497 -2.4054
v 0.0361 -0.1496 -2.4139
v 0.0404 -0.2495 -2.4210
v 0.0446 -0.3494 -2.4270
v 0.0489 -0.4493 -2.4320
v 0.0531 -0.5492 -2.4336
v 0.0574 -0.6491 -2.4330
v 0.0616 -0.7491 -2.4319
v 0.0658 -0.8490 -2.4314
v 0.0701 -0.9489 -2.4313
v 0.0743 -1.0488 -2.4325
v 0.0786 -1.1487 -2.4327
v 0.0828 -1.2486 -2.4341
v 0.0871 -1.3485 -2.4345
v -0.0252 3.6512 -2.6853
v -0.0210 3.5513 -2.6810
v -0.0167 3.4514 -2.6755
v -0.0125 3.3515 -2.6687
v -0.0082 3.2516 -2.6627
v -0.0040 3.1517 -2.6556
v 0.0002 3.0518 -2.6492
v 0.0045 2.9519 -2.6424
v 0.0087 2.8519 -2.6361
v 0.0130 2.7520 -2.6311
v 0.0172 2.6521 -2.6259
v 0.0215 2.5522 -2.6209
v 0.0257 2.4523 -2.6157
v 0.0299 2.3524 -2.6102
v 0.0342 2.2525 -2.6039
v 0.0384 2.1526 -2.5968
v 0.0427 2.0527 -2.5928
v 0.0469 1.9528 -2.5887
v 0.0512 1.8528 -2.5838
v 0.0554 1.7529 -2.5763
v 0.0597 1.6530 -2.5637
v 0.0639 1.5531 -2.5508
v 0.0681 1.4532 -2.5350
v 0.0724 1.3533 -2.5167
v 0.0766 1.2534 -2.4985
v 0.0809 1.1535 -2.4795
v 0.0851 1.0536 -2.4609
v 0.0894 0.9537 -2.4429
v 0.0936 0.8537 -2.4246
v 0.0979 0.7538 -2.4112
v 0.1021 0.6539 -2.4035
v 0.1063 0.5540 -2.3985
v 0.1106 0.4541 -2.3982
v 0.1148 0.3542 -2.4049
v 0.1191 0.2543 -2.4111
v 0.1233 0.1544 -2.4185
v 0.1276 0.0545 -2.4259
v 0.1318 -0.0454 -2.4330
v 0.1360 -0.1454 -2.4398
v 0.1403 -0.2453 -2.4455
v 0.1445 -0.3452 -2.4507
v 0.1488 -0.4451 -2.4531
v 0.1530 -0.5450 -2.4548
v 0.1573 -0.6449 -2.4539
v 0.1615 -0.7448 -2.4526
v 0.1658 -0.8447 -2.4517
v 0.1700 -0.9446 -2.4518
v 0.1742 -1.0445 -2.4518
v 0.1785 -1.1445 -2.4518
v 0.1827 -1.2444 -2.4512
v 0.1870 -1.3443 -2.4510
v 0.0747 3.6555 -2.7283
v 0.0789 3.5556 -2.7205
v 0.0832 3.4556 -2.7143
v 0.0874 3.3557 -2.7090
v 0.0917 3.2558 -2.7033
v 0.0959 3.1559 -2.6971
v 0.1002 3.0560 -2.6901
v 0.1044 2.9561 -2.6828
v 0.1086 2.8562 -2.6772
v 0.1129 2.7563 -2.6708
v 0.1171 2.6564 -2.6649
v 0.1214 2.5565 -2.6600
v 0.1256 2.4565 -2.6545
v 0.1299 2.3566 -2.6476
v 0.1341 2.2567 -2.6429
v 0.1383 2.1568 -2.6374
v 0.1426 2.0569 -2.6323
v 0.1468 1.9570 -2.6279
v 0.1511 1.8571 -2.6227
v 0.1553 1.7572 -2.6129
v 0.1596 1.6573 -2.6013
v 0.1638 1.5574 -2.5867
v 0.1681 1.4574 -2.5721
v 0.1723 1.3575 -2.5548
v 0.1765 1.2576 -2.5357
v 0.1808 1.1577 -2.5162
v 0.1850 1.0578 -2.4980
v 0.1893 0.9579 -2.4792
v 0.1935 0.8580 -2.4593
v 0.1978 0.7581 -2.4449
v 0.2020 0.6582 -2.4361
v 0.2062 0.5583 -2.4319
v 0.2105 0.4583 -2.4328
v 0.2147 0.3584 -2.4377
v 0.2190 0.2585 -2.4434
v 0.2232 0.1586 -2.4496
v 0.2275 0.0587 -2.4555
v 0.2317 -0.0412 -2.4603
v 0.2360 -0.1411 -2.4653
v 0.2402 -0.2410 -2.4695
v 0.2444 -0.3409 -2.4721
v 0.2487 -0.4408 -2.4734
v 0.2529 -0.5408 -2.4732
v 0.2572 -0.6407 -2.4713
v 0.2614 -0.7406 -2.4695
v 0.2657 -0.8405 -2.4680
v 0.2699 -0.9404 -2.4662
v 0.2741 -1.0403 -2.4651
v 0.2784 -1.1402 -2.4631
v 0.2826 -1.2401 -2.4627
v 0.2869 -1.3400 -2.4624
v 0.1746 3.6597 -2.7665
v 0.1788 3.5598 -2.7616
v 0.1831 3.4599 -2.7566
v 0.1873 3.3600 -2.7501
v 0.1916 3.2601 -2.7441
v 0.1958 3.1602 -2.7371
v 0.2001 3.0602 -2.7285
v 0.2043 2.9603 -2.7232
v 0.2085 2.8604 -2.7174
v 0.2128 2.7605 -2.7119
v 0.2170 2.6606 -2.7065
v 0.2213 2.5607 -2.7001
v 0.2255 2.4608 -2.6938
v 0.2298 2.3609 -2.6890
v 0.2340 2.2610 -2.6840
v 0.2383 2.1611 -2.6791
v 0.2425 2.0611 -2.6718
v 0.2467 1.9612 -2.6667
v 0.2510 1.8613 -2.6613
v 0.2552 1.7614 -2.6522
v 0.2595 1.6615 -2.6411
v 0.2637 1.5616 -2.6282
v 0.2680 1.4617 -2.6136
v 0.2722 1.3618 -2.5942
v 0.2765 1.2619 -2.5741
v 0.2807 1.1620 -2.5560
v 0.2849 1.0621 -2.5380
v 0.2892 0.9621 -2.5186
v 0.2934 0.8622 -2.4987
v 0.2977 0.7623 -2.4838
v 0.3019 0.6624 -2.4735
v 0.3062 0.5625 -2.4675
v 0.3104 0.4626 -2.4672
v 0.3146 0.3627 -2.4713
v 0.3189 0.2628 -2.4744
v 0.3231 0.1629 -2.4783
v 0.3274 0.0630 -2.4820
v 0.3316 -0.0370 -2.4856
v 0.3359 -0.1369 -2.4894
v 0.3401 -0.2368 -2.4920
v 0.3444 -0.3367 -2.4931
v 0.3486 -0.4366 -2.4935
v 0.3528 -0.5365 -2.4927
v 0.3571 -0.6364 -2.4894
v 0.3613 -0.7363 -2.4860
v 0.3656 -0.8362 -2.4830
v 0.3698 -0.9361 -2.4800
v 0.3741 -1.0361 -2.4768
v 0.3783 -1.1360 -2.4734
v 0.3825 -1.2359 -2.4708
v 0.3868 -1.3358 -2.4710
v 0.2745 3.6640 -2.8082
v 0.2788 3.5640 -2.8040
v 0.2830 3.4641 -2.7985
v 0.2872 3.3642 -2.7904
v 0.2915 3.2643 -2.7840
v 0.2957 3.1644 -2.7774
v 0.3000 3.0645 -2.7696
v 0.3042 2.9646 -2.7637
v 0.3085 2.8647 -2.7574
v 0.3127 2.7648 -2.7505
v 0.3169 2.6649 -2.7435
v 0.3212 2.5649 -2.7373
v 0.3254 2.4650 -2.7324
v 0.3297 2.3651 -2.7268
v 0.3339 2.2652 -2.7194
v 0.3382 2.1653 -2.7128
v 0.3424 2.0654 -2.7069
v 0.3467 1.9655 -2.7003
v 0.3509 1.8656 -2.6944
v 0.3551 1.7657 -2.6851
v 0.3594 1.6658 -2.6732
v 0.3636 1.5658 -2.6610
v 0.3679 1.4659 -2.6464
v 0.3721 1.3660 -2.6260
v 0.3764 1.2661 -2.6065
v 0.3806 1.1662 -2.5874
v 0.3848 1.0663 -2.5699
v 0.3891 0.9664 -2.5515
v 0.3933 0.8665 -2.5324
v 0.3976 0.7666 -2.5183
v 0.4018 0.6667 -2.5087
v 0.4061 0.5667 -2.5028
v 0.4103 0.4668 -2.5002
v 0.4146 0.3669 -2.5016
v 0.4188 0.2670 -2.5042
v 0.4230 0.1671 -2.5067
v 0.4273 0.0672 -2.5087
v 0.4315 -0.0327 -2.5113
v 0.4358 -0.1326 -2.5133
v 0.4400 -0.2325 -2.5135
v 0.4443 -0.3324 -2.5131
v 0.4485 -0.4324 -2.5116
v 0.4528 -0.5323 -2.5085
v 0.4570 -0.6322 -2.5037
v 0.4612 -0.7321 -2.4966
v 0.4655 -0.8320 -2.4918
v 0.4697 -0.9319 -2.4903
v 0.4740 -1.0318 -2.4870
v 0.4782 -1.1317 -2.4828
v 0.4825 -1.2316 -2.4797
v 0.4867 -1.3315 -2.4778
v 0.3744 3.6682 -2.8480
v 0.3787 3.5683 -2.8436
v 0.3829 3.4684 -2.8378
v 0.3871 3.3685 -2.8303
v 0.3914 3.2686 -2.8245
v 0.3956 3.1686 -2.8170
v 0.3999 3.0687 -2.8101
v 0.4041 2.9688 -2.8045
v 0.4084 2.8689 -2.7976
v 0.4126 2.7690 -2.7905
v 0.4169 2.6691 -2.7836
v 0.4211 2.5692 -2.7764
v 0.4253 2.4693 -2.7705
v 0.4296 2.3694 -2.7640
v 0.4338 2.2695 -2.7567
v 0.4381 2.1695 -2.7497
v 0.4423 2.0696 -2.7424
v 0.4466 1.9697 -2.7356
v 0.4508 1.8698 -2.7290
v 0.4551 1.7699 -2.7186
v 0.4593 1.6700 -2.7067
v 0.4635 1.5701 -2.6927
v 0.4678 1.4702 -2.6767
v 0.4720 1.3703 -2.6588
v 0.4763 1.2704 -2.6407
v 0.4805 1.1704 -2.6223
v 0.4848 1.0705 -2.6037
v 0.4890 0.9706 -2.5857
v 0.4932 0.8707 -2.5675
v 0.4975 0.7708 -2.5545
v 0.5017 0.6709 -2.5446
v 0.5060 0.5710 -2.5386
v 0.5102 0.4711 -2.5349
v 0.5145 0.3712 -2.5344
v 0.5187 0.2713 -2.5352
v 0.5230 0.1713 -2.5357
v 0.5272 0.0714 -2.5365
v 0.5314 -0.0285 -2.5363
v 0.5357 -0.1284 -2.5370
v 0.5399 -0.2283 -2.5359
v 0.5442 -0.3282 -2.5334
v 0.5484 -0.4281 -2.5296
v 0.5527 -0.5280 -2.5247
v 0.5569 -0.6279 -2.5185
v 0.5611 -0.7278 -2.5127
v 0.5654 -0.8277 -2.5084
v 0.5696 -0.9277 -2.5028
v 0.5739 -1.0276 -2.4974
v 0.5781 -1.1275 -2.4917
v 0.5824 -1.2274 -2.4900
v 0.5866 -1.3273 -2.4881
v 0.4743 3.6724 -2.8895
v 0.4786 3.5725 -2.8842
v 0.4828 3.4726 -2.8793
v 0.4871 3.3727 -2.8735
v 0.4913 3.2728 -2.8682
v 0.4955 3.1729 -2.8606
v 0.4998 3.0730 -2.8536
v 0.5040 2.9731 -2.8474
v 0.5083 2.8732 -2.8415
v 0.5125 2.7733 -2.8355
v 0.5168 2.6733 -2.8274
v 0.5210 2.5734 -2.8201
v 0.5253 2.4735 -2.8125
v 0.5295 2.3736 -2.8046
v 0.5337 2.2737 -2.7959
v 0.5380 2.1738 -2.7882
v 0.5422 2.0739 -2.7802
v 0.5465 1.9740 -2.7729
v 0.5507 1.8741 -2.7638
v 0.5550 1.7742 -2.7533
v 0.5592 1.6742 -2.7392
v 0.5634 1.5743 -2.7258
v 0.5677 1.4744 -2.7110
v 0.5719 1.3745 -2.6931
v 0.5762 1.2746 -2.6750
v 0.5804 1.1747 -2.6557
v 0.5847 1.0748 -2.6389
v 0.5889 0.9749 -2.6214
v 0.5932 0.8750 -2.6047
v 0.5974 0.7751 -2.5913
v 0.6016 0.6751 -2.5802
v 0.6059 0.5752 -2.5722
v 0.6101 0.4753 -2.5685
v 0.6144 0.3754 -2.5677
v 0.6186 0.2755 -2.5671
v 0.6229 0.1756 -2.5660
v 0.6271 0.0757 -2.5645
v 0.6314 -0.0242 -2.5638
v 0.6356 -0.1241 -2.5624
v 0.6398 -0.2240 -2.5604
v 0.6441 -0.3240 -2.5572
v 0.6483 -0.4239 -2.5530
v 0.6526 -0.5238 -2.5476
v 0.6568 -0.6237 -2.5407
v 0.6611 -0.7236 -2.5344
v 0.6653 -0.8235 -2.5288
v 0.6695 -0.9234 -2.5225
v 0.6738 -1.0233 -2.5160
v 0.6780 -1.1232 -2.5097
v 0.6823 -1.2231 -2.5051
v 0.6865 -1.3231 -2.5042
v 0.5742 3.6767 -2.9334
v 0.5785 3.5768 -2.9286
v 0.5827 3.4769 -2.9235
v 0.5870 3.3770 -2.9170
v 0.5912 3.2770 -2.9117
v 0.5955 3.1771 -2.9053
v 0.5997 3.0772 -2.8991
v 0.6039 2.9773 -2.8930
v 0.6082 2.8774 -2.8862
v 0.6124 2.7775 -2.8797
v 0.6167 2.6776 -2.8710
v 0.6209 2.5777 -2.8623
v 0.6252 2.4778 -2.8537
v 0.6294 2.3779 -2.8444
v 0.6337 2.2779 -2.8339
v 0.6379 2.1780 -2.8236
v 0.6421 2.0781 -2.8154
v 0.6464 1.9782 -2.8072
v 0.6506 1.8783 -2.7958
v 0.6549 1.7784 -2.7848
v 0.6591 1.6785 -2.7718
v 0.6634 1.5786 -2.7595
v 0.6676 1.4787 -2.7444
v 0.6718 1.3788 -2.7276
v 0.6761 1.2788 -2.7083
v 0.6803 1.1789 -2.6912
v 0.6846 1.0790 -2.6742
v 0.6888 0.9791 -2.6583
v 0.6931 0.8792 -2.6426
v 0.6973 0.7793 -2.6278
v 0.7016 0.6794 -2.6168
v 0.7058 0.5795 -2.6089
v 0.7100 0.4796 -2.6042
v 0.7143 0.3797 -2.6012
v 0.7185 0.2797 -2.5994
v 0.7228 0.1798 -2.5968
v 0.7270 0.0799 -2.5947
v 0.7313 -0.0200 -2.5934
v 0.7355 -0.1199 -2.5918
v 0.7397 -0.2198 -2.5893
v 0.7440 -0.3197 -2.5855
v 0.7482 -0.4196 -2.5805
v 0.7525 -0.5195 -2.5743
v 0.7567 -0.6194 -2.5671
v 0.7610 -0.7194 -2.5602
v 0.7652 -0.8193 -2.5533
v 0.7695 -0.9192 -2.5459
v 0.7737 -1.0191 -2.5386
v 0.7779 -1.1190 -2.5323
v 0.7822 -1.2189 -2.5273
v 0.7864 -1.3188 -2.5242
v 0.6741 3.6809 -2.9780
v 0.6784 3.5810 -2.9732
v 0.6826 3.4811 -2.9672
v 0.6869 3.3812 -2.9608
v 0.6911 3.2813 -2.9551
v 0.6954 3.1814 -2.9488
v 0.6996 3.0815 -2.9411
v 0.7039 2.9816 -2.9354
v 0.7081 2.8816 -2.9301
v 0.7123 2.7817 -2.9229
v 0.7166 2.6818 -2.9135
v 0.7208 2.5819 -2.9046
v 0.7251 2.4820 -2.8957
v 0.7293 2.3821 -2.8860
v 0.7336 2.2822 -2.8732
v 0.7378 2.1823 -2.8644
v 0.7420 2.0824 -2.8553
v 0.7463 1.9825 -2.8439
v 0.7505 1.8825 -2.8343
v 0.7548 1.7826 -2.8229
v 0.7590 1.6827 -2.8098
v 0.7633 1.5828 -2.7959
v 0.7675 1.4829 -2.7800
v 0.7718 1.3830 -2.7622
v 0.7760 1.2831 -2.7439
v 0.7802 1.1832 -2.7262
v 0.7845 1.0833 -2.7111
v 0.7887 0.9834 -2.6945
v 0.7930 0.8835 -2.6782
v 0.7972 0.7835 -2.6638
v 0.8015 0.6836 -2.6536
v 0.8057 0.5837 -2.6452
v 0.8100 0.4838 -2.6394
v 0.8142 0.3839 -2.6365
v 0.8184 0.2840 -2.6335
v 0.8227 0.1841 -2.6312
v 0.8269 0.0842 -2.6268
v 0.8312 -0.0157 -2.6249
v 0.8354 -0.1156 -2.6228
v 0.8397 -0.2156 -2.6189
v 0.8439 -0.3155 -2.6141
v 0.8481 -0.4154 -2.6082
v 0.8524 -0.5153 -2.6009
v 0.8566 -0.6152 -2.5923
v 0.8609 -0.7151 -2.5842
v 0.8651 -0.8150 -2.5756
v 0.8694 -0.9149 -2.5676
v 0.8736 -1.0148 -2.5597
v 0.8779 -1.1147 -2.5512
v 0.8821 -1.2147 -2.5459
v 0.8863 -1.3146 -2.5418
v 0.7741 3.6852 -3.0204
v 0.7783 3.5853 -3.0152
v 0.7825 3.4854 -3.0102
v 0.7868 3.3854 -3.0047
v 0.7910 3.2855 -2.9976
v 0.7953 3.1856 -2.9895
v 0.7995 3.0857 -2.9827
v 0.8038 2.9858 -2.9776
v 0.8080 2.8859 -2.9718
v 0.8123 2.7860 -2.9640
v 0.8165 2.6861 -2.9559
v 0.8207 2.5862 -2.9475
v 0.8250 2.4863 -2.9394
v 0.8292 2.3863 -2.9285
v 0.8335 2.2864 -2.9179
v 0.8377 2.1865 -2.9089
v 0.8420 2.0866 -2.8978
v 0.8462 1.9867 -2.8889
v 0.8504 1.8868 -2.8796
v 0.8547 1.7869 -2.8676
v 0.8589 1.6870 -2.8532
v 0.8632 1.5871 -2.8381
v 0.8674 1.4872 -2.8221
v 0.8717 1.3872 -2.8040
v 0.8759 1.2873 -2.7863
v 0.8802 1.1874 -2.7678
v 0.8844 1.0875 -2.7501
v 0.8886 0.9876 -2.7329
v 0.8929 0.8877 -2.7158
v 0.8971 0.7878 -2.7020
v 0.9014 0.6879 -2.6889
v 0.9056 0.5880 -2.6798
v 0.9099 0.4881 -2.6739
v 0.9141 0.3881 -2.6704
v 0.9183 0.2882 -2.6677
v 0.9226 0.1883 -2.6638
v 0.9268 0.0884 -2.6607
v 0.9311 -0.0115 -2.6578
v 0.9353 -0.1114 -2.6546
v 0.9396 -0.2113 -2.6490
v 0.9438 -0.3112 -2.6433
v 0.9481 -0.4111 -2.6361
v 0.9523 -0.5110 -2.6281
v 0.9565 -0.6110 -2.6187
v 0.9608 -0.7109 -2.6087
v 0.9650 -0.8108 -2.5983
v 0.9693 -0.9107 -2.5884
v 0.9735 -1.0106 -2.5786
v 0.9778 -1.1105 -2.5688
v 0.9820 -1.2104 -2.5628
v 0.9863 -1.3103 -2.5574
v 0.8740 3.6894 -3.0589
v 0.8782 3.5895 -3.0536
v 0.8825 3.4896 -3.0498
v 0.8867 3.3897 -3.0452
v 0.8909 3.2898 -3.0387
v 0.8952 3.1899 -3.0315
v 0.8994 3.0900 -3.0253
v 0.9037 2.9900 -3.0200
v 0.9079 2.8901 -3.0142
v 0.9122 2.7902 -3.0060
v 0.9164 2.6903 -2.9998
v 0.9206 2.5904 -2.9926
v 0.9249 2.4905 -2.9830
v 0.9291 2.3906 -2.9730
v 0.9334 2.2907 -2.9629
v 0.9376 2.1908 -2.9522
v 0.9419 2.0909 -2.9432
v 0.9461 1.9909 -2.9343
v 0.9504 1.8910 -2.9238
v 0.9546 1.7911 -2.9112
v 0.9588 1.6912 -2.8962
v 0.9631 1.5913 -2.8813
v 0.9673 1.4914 -2.8654
v 0.9716 1.3915 -2.8463
v 0.9758 1.2916 -2.8263
v 0.9801 1.1917 -2.8080
v 0.9843 1.0918 -2.7892
v 0.9886 0.9918 -2.7706
v 0.9928 0.8919 -2.7527
v 0.9970 0.7920 -2.7371
v 1.0013 0.6921 -2.7239
v 1.0055 0.5922 -2.7143
v 1.0098 0.4923 -2.7082
v 1.0140 0.3924 -2.7045
v 1.0183 0.2925 -2.7012
v 1.0225 0.1926 -2.6964
v 1.0267 0.0927 -2.6926
v 1.0310 -0.0073 -2.6892
v 1.0352 -0.1072 -2.6853
v 1.0395 -0.2071 -2.6797
v 1.0437 -0.3070 -2.6723
v 1.0480 -0.4069 -2.6637
v 1.0522 -0.5068 -2.6538
v 1.0565 -0.6067 -2.6431
v 1.0607 -0.7066 -2.6319
v 1.0649 -0.8065 -2.6210
v 1.0692 -0.9064 -2.6104
v 1.0734 -1.0064 -2.5994
v 1.0777 -1.1063 -2.5880
v 1.0819 -1.2062 -2.5796
v 1.0862 -1.3061 -2.5727
v 0.9739 3.6937 -3.0972
v 0.9781 3.5937 -3.0922
v 0.9824 3.4938 -3.0888
v 0.9866 3.3939 -3.0839
v 0.9909 3.2940 -3.0788
v 0.9951 3.1941 -3.0717
v 0.9993 3.0942 -3.0635
v 1.0036 2.9943 -3.0590
v 1.0078 2.8944 -3.0537
v 1.0121 2.7945 -3.0486
v 1.0163 2.6946 -3.0418
v 1.0206 2.5947 -3.0342
v 1.0248 2.4947 -3.0262
v 1.0290 2.3948 -3.0173
v 1.0333 2.2949 -3.0063
v 1.0375 2.1950 -2.9959
v 1.0418 2.0951 -2.9874
v 1.0460 1.9952 -2.9787
v 1.0503 1.8953 -2.9680
v 1.0545 1.7954 -2.9553
v 1.0588 1.6955 -2.9412
v 1.0630 1.5956 -2.9262
v 1.0672 1.4956 -2.9063
v 1.0715 1.3957 -2.8871
v 1.0757 1.2958 -2.8680
v 1.0800 1.1959 -2.8483
v 1.0842 1.0960 -2.8288
v 1.0885 0.9961 -2.8096
v 1.0927 0.8962 -2.7901
v 1.0969 0.7963 -2.7712
v 1.1012 0.6964 -2.7582
v 1.1054 0.5965 -2.7486
v 1.1097 0.4965 -2.7417
v 1.1139 0.3966 -2.7377
v 1.1182 0.2967 -2.7331
v 1.1224 0.1968 -2.7285
v 1.1267 0.0969 -2.7240
v 1.1309 -0.0030 -2.7201
v 1.1351 -0.1029 -2.7163
v 1.1394 -0.2028 -2.7105
v 1.1436 -0.3027 -2.7026
v 1.1479 -0.4026 -2.6923
v 1.1521 -0.5026 -2.6803
v 1.1564 -0.6025 -2.6663
v 1.1606 -0.7024 -2.6527
v 1.1649 -0.8023 -2.6391
v 1.1691 -0.9022 -2.6265
v 1.1733 -1.0021 -2.6139
v 1.1776 -1.1020 -2.6004
v 1.1818 -1.2019 -2.5911
v 1.1861 -1.3018 -2.5843
v 1.0738 3.6979 -3.1365
v 1.0780 3.5980 -3.1315
v 1.0823 3.4981 -3.1284
v 1.0865 3.3982 -3.1246
v 1.0908 3.2983 -3.1192
v 1.0950 3.1984 -3.1102
v 1.0992 3.0984 -3.1044
v 1.1035 2.9985 -3.0997
v 1.1077 2.8986 -3.0955
v 1.1120 2.7987 -3.0902
v 1.1162 2.6988 -3.0830
v 1.1205 2.5989 -3.0758
v 1.1247 2.4990 -3.0679
v 1.1290 2.3991 -3.0587
v 1.1332 2.2992 -3.0498
v 1.1374 2.1993 -3.0412
v 1.1417 2.0993 -3.0319
v 1.1459 1.9994 -3.0218
v 1.1502 1.8995 -3.0135
v 1.1544 1.7996 -3.0022
v 1.1587 1.6997 -2.9884
v 1.1629 1.5998 -2.9688
v 1.1672 1.4999 -2.9504
v 1.1714 1.4000 -2.9297
v 1.1756 1.3001 -2.9086
v 1.1799 1.2002 -2.8881
v 1.1841 1.1002 -2.8677
v 1.1884 1.0003 -2.8471
v 1.1926 0.9004 -2.8256
v 1.1969 0.8005 -2.8078
v 1.2011 0.7006 -2.7946
v 1.2053 0.6007 -2.7844
v 1.2096 0.5008 -2.7772
v 1.2138 0.4009 -2.7714
v 1.2181 0.3010 -2.7669
v 1.2223 0.2011 -2.7615
v 1.2266 0.1011 -2.7568
v 1.2308 0.0012 -2.7516
v 1.2351 -0.0987 -2.7468
v 1.2393 -0.1986 -2.7398
v 1.2435 -0.2985 -2.7308
v 1.2478 -0.3984 -2.7199
v 1.2520 -0.4983 -2.7062
v 1.2563 -0.5982 -2.6903
v 1.2605 -0.6981 -2.6748
v 1.2648 -0.7980 -2.6592
v 1.2690 -0.8980 -2.6434
v 1.2732 -0.9979 -2.6279
v 1.2775 -1.0978 -2.6143
v 1.2817 -1.1977 -2.6038
v 1.2860 -1.2976 -2.5957
v 1.1737 3.7021 -3.1749
v 1.1779 3.6022 -3.1714
v 1.1822 3.5023 -3.1685
v 1.1864 3.4024 -3.1645
v 1.1907 3.3025 -3.1581
v 1.1949 3.2026 -3.1500
v 1.1992 3.1027 -3.1454
v 1.2034 3.0028 -3.1421
v 1.2076 2.9029 -3.1382
v 1.2119 2.8030 -3.1335
v 1.2161 2.7030 -3.1265
v 1.2204 2.6031 -3.1191
v 1.2246 2.5032 -3.1122
v 1.2289 2.4033 -3.1048
v 1.2331 2.3034 -3.0962
v 1.2374 2.2035 -3.0860
v 1.2416 2.1036 -3.0781
v 1.2458 2.0037 -3.0696
v 1.2501 1.9038 -3.0605
v 1.2543 1.8039 -3.0485
v 1.2586 1.7039 -3.0336
v 1.2628 1.6040 -3.0158
v 1.2671 1.5041 -2.9956
v 1.2713 1.4042 -2.9735
v 1.2755 1.3043 -2.9514
v 1.2798 1.2044 -2.9299
v 1.2840 1.1045 -2.9082
v 1.2883 1.0046 -2.8859
v 1.2925 0.9047 -2.8642
v 1.2968 0.8048 -2.8455
v 1.3010 0.7048 -2.8300
v 1.3053 0.6049 -2.8176
v 1.3095 0.5050 -2.8096
v 1.3137 0.4051 -2.8049
v 1.3180 0.3052 -2.8001
v 1.3222 0.2053 -2.7943
v 1.3265 0.1054 -2.7891
v 1.3307 0.0055 -2.7821
v 1.3350 -0.0944 -2.7765
v 1.3392 -0.1943 -2.7689
v 1.3435 -0.2942 -2.7591
v 1.3477 -0.3942 -2.7471
v 1.3519 -0.4941 -2.7320
v 1.3562 -0.5940 -2.7145
v 1.3604 -0.6939 -2.6973
v 1.3647 -0.7938 -2.6803
v 1.3689 -0.8937 -2.6632
v 1.3732 -0.9936 -2.6460
v 1.3774 -1.0935 -2.6291
v 1.3816 -1.1934 -2.6165
v 1.3859 -1.2933 -2.6076
v 1.2736 3.7064 -3.2139
v 1.2779 3.6065 -3.2111
v 1.2821 3.5066 -3.2075
v 1.2863 3.4067 -3.2020
v 1.2906 3.3068 -3.1948
v 1.2948 3.2068 -3.1900
v 1.2991 3.1069 -3.1860
v 1.3033 3.0070 -3.1813
v 1.3076 2.9071 -3.1752
v 1.3118 2.8072 -3.1693
v 1.3160 2.7073 -3.1649
v 1.3203 2.6074 -3.1592
v 1.3245 2.5075 -3.1521
v 1.3288 2.4076 -3.1442
v 1.3330 2.3077 -3.1357
v 1.3373 2.2077 -3.1281
v 1.3415 2.1078 -3.1218
v 1.3458 2.0079 -3.1152
v 1.3500 1.9080 -3.1069
v 1.3542 1.8081 -3.0948
v 1.3585 1.7082 -3.0792
v 1.3627 1.6083 -3.0615
v 1.3670 1.5084 -3.0416
v 1.3712 1.4085 -3.0186
v 1.3755 1.3086 -2.9959
v 1.3797 1.2086 -2.9722
v 1.3839 1.1087 -2.9483
v 1.3882 1.0088 -2.9247
v 1.3924 0.9089 -2.9007
v 1.3967 0.8090 -2.8806
v 1.4009 0.7091 -2.8645
v 1.4052 0.6092 -2.8514
v 1.4094 0.5093 -2.8429
v 1.4137 0.4094 -2.8377
v 1.4179 0.3095 -2.8320
v 1.4221 0.2095 -2.8253
v 1.4264 0.1096 -2.8186
v 1.4306 0.0097 -2.8124
v 1.4349 -0.0902 -2.8061
v 1.4391 -0.1901 -2.7981
v 1.4434 -0.2900 -2.7870
v 1.4476 -0.3899 -2.7737
v 1.4518 -0.4898 -2.7563
v 1.4561 -0.5897 -2.7381
v 1.4603 -0.6896 -2.7203
v 1.4646 -0.7896 -2.7021
v 1.4688 -0.8895 -2.6847
v 1.4731 -0.9894 -2.6665
v 1.4773 -1.0893 -2.6479
v 1.4816 -1.1892 -2.6333
v 1.4858 -1.2891 -2.6236
v 1.3735 3.7106 -3.2536
v 1.3778 3.6107 -3.2497
v 1.3820 3.5108 -3.2463
v 1.3862 3.4109 -3.2406
v 1.3905 3.3110 -3.2353
v 1.3947 3.2111 -3.2302
v 1.3990 3.1112 -3.2245
v 1.4032 3.0113 -3.2188
v 1.4075 2.9114 -3.2139
v 1.4117 2.8114 -3.2092
v 1.4160 2.7115 -3.2040
v 1.4202 2.6116 -3.1978
v 1.4244 2.5117 -3.1909
v 1.4287 2.4118 -3.1848
v 1.4329 2.3119 -3.1784
v 1.4372 2.2120 -3.1716
v 1.4414 2.1121 -3.1658
v 1.4457 2.0122 -3.1595
v 1.4499 1.9123 -3.1517
v 1.4542 1.8123 -3.1409
v 1.4584 1.7124 -3.1272
v 1.4626 1.6125 -3.1092
v 1.4669 1.5126 -3.0896
v 1.4711 1.4127 -3.0651
v 1.4754 1.3128 -3.0404
v 1.4796 1.2129 -3.0150
v 1.4839 1.1130 -2.9894
v 1.4881 1.0131 -2.9639
v 1.4923 0.9132 -2.9391
v 1.4966 0.8132 -2.9181
v 1.5008 0.7133 -2.9007
v 1.5051 0.6134 -2.8874
v 1.5093 0.5135 -2.8778
v 1.5136 0.4136 -2.8717
v 1.5178 0.3137 -2.8658
v 1.5221 0.2138 -2.8579
v 1.5263 0.1139 -2.8514
v 1.5305 0.0140 -2.8445
v 1.5348 -0.0859 -2.8384
v 1.5390 -0.1859 -2.8298
v 1.5433 -0.2858 -2.8175
v 1.5475 -0.3857 -2.8019
v 1.5518 -0.4856 -2.7850
v 1.5560 -0.5855 -2.7651
v 1.5602 -0.6854 -2.7457
v 1.5645 -0.7853 -2.7271
v 1.5687 -0.8852 -2.7075
v 1.5730 -0.9851 -2.6877
v 1.5772 -1.0850 -2.6679
v 1.5815 -1.1850 -2.6522
v 1.5857 -1.2849 -2.6412
v 1.4734 3.7149 -3.2901
v 1.4777 3.6150 -3.2861
v 1.4819 3.5151 -3.2830
v 1.4862 3.4151 -3.2780
v 1.4904 3.3152 -3.2712
v 1.4946 3.2153 -3.2653
v 1.4989 3.1154 -3.2614
v 1.5031 3.0155 -3.2577
v 1.5074 2.9156 -3.2540
v 1.5116 2.8157 -3.2488
v 1.5159 2.7158 -3.2427
v 1.5201 2.6159 -3.2377
v 1.5244 2.5160 -3.2324
v 1.5286 2.4160 -3.2278
v 1.5328 2.3161 -3.2223
v 1.5371 2.2162 -3.2161
v 1.5413 2.1163 -3.2113
v 1.5456 2.0164 -3.2057
v 1.5498 1.9165 -3.1999
v 1.5541 1.8166 -3.1901
v 1.5583 1.7167 -3.1769
v 1.5625 1.6168 -3.1588
v 1.5668 1.5169 -3.1372
v 1.5710 1.4170 -3.1109
v 1.5753 1.3170 -3.0838
v 1.5795 1.2171 -3.0576
v 1.5838 1.1172 -3.0310
v 1.5880 1.0173 -3.0049
v 1.5923 0.9174 -2.9800
v 1.5965 0.8175 -2.9588
v 1.6007 0.7176 -2.9409
v 1.6050 0.6177 -2.9255
v 1.6092 0.5178 -2.9140
v 1.6135 0.4179 -2.9067
v 1.6177 0.3179 -2.8995
v 1.6220 0.2180 -2.8917
v 1.6262 0.1181 -2.8840
v 1.6304 0.0182 -2.8774
v 1.6347 -0.0817 -2.8708
v 1.6389 -0.1816 -2.8614
v 1.6432 -0.2815 -2.8474
v 1.6474 -0.3814 -2.8325
v 1.6517 -0.4813 -2.8148
v 1.6559 -0.5812 -2.7943
v 1.6602 -0.6812 -2.7743
v 1.6644 -0.7811 -2.7543
v 1.6686 -0.8810 -2.7342
v 1.6729 -0.9809 -2.7140
v 1.6771 -1.0808 -2.6939
v 1.6814 -1.1807 -2.6782
v 1.6856 -1.2806 -2.6668
v 1.5733 3.7191 -3.3241
v 1.5776 3.6192 -3.3182
v 1.5818 3.5193 -3.3155
v 1.5861 3.4194 -3.3101
v 1.5903 3.3195 -3.3045
v 1.5946 3.2196 -3.3012
v 1.5988 3.1197 -3.2982
v 1.6030 3.0198 -3.2956
v 1.6073 2.9198 -3.2908
v 1.6115 2.8199 -3.2859
v 1.6158 2.7200 -3.2821
v 1.6200 2.6201 -3.2781
v 1.6243 2.5202 -3.2737
v 1.6285 2.4203 -3.2685
v 1.6328 2.3204 -3.2647
v 1.6370 2.2205 -3.2588
v 1.6412 2.1206 -3.2549
v 1.6455 2.0207 -3.2518
v 1.6497 1.9207 -3.2476
v 1.6540 1.8208 -3.2387
v 1.6582 1.7209 -3.2246
v 1.6625 1.6210 -3.2065
v 1.6667 1.5211 -3.1839
v 1.6709 1.4212 -3.1562
v 1.6752 1.3213 -3.1291
v 1.6794 1.2214 -3.1018
v 1.6837 1.1215 -3.0737
v 1.6879 1.0216 -3.0464
v 1.6922 0.9216 -3.0192
v 1.6964 0.8217 -2.9967
v 1.7007 0.7218 -2.9780
v 1.7049 0.6219 -2.9626
v 1.7091 0.5220 -2.9506
v 1.7134 0.4221 -2.9424
v 1.7176 0.3222 -2.9333
v 1.7219 0.2223 -2.9259
v 1.7261 0.1224 -2.9177
v 1.7304 0.0225 -2.9098
v 1.7346 -0.0775 -2.9019
v 1.7388 -0.1774 -2.8915
v 1.7431 -0.2773 -2.8785
v 1.7473 -0.3772 -2.8624
v 1.7516 -0.4771 -2.8444
v 1.7558 -0.5770 -2.8238
v 1.7601 -0.6769 -2.8035
v 1.7643 -0.7768 -2.7825
v 1.7686 -0.8767 -2.7620
v 1.7728 -0.9766 -2.7413
v 1.7770 -1.0766 -2.7209
v 1.7813 -1.1765 -2.7046
v 1.7855 -1.2764 -2.6932
v 1.6732 3.7234 -3.3561
v 1.6775 3.6235 -3.3506
v 1.6817 3.5235 -3.3470
v 1.6860 3.4236 -3.3427
v 1.6902 3.3237 -3.3399
v 1.6945 3.2238 -3.3376
v 1.6987 3.1239 -3.3349
v 1.7030 3.0240 -3.3323
v 1.7072 2.9241 -3.3283
v 1.7114 2.8242 -3.3244
v 1.7157 2.7243 -3.3211
v 1.7199 2.6244 -3.3173
v 1.7242 2.5244 -3.3136
v 1.7284 2.4245 -3.3099
v 1.7327 2.3246 -3.3053
v 1.7369 2.2247 -3.3018
v 1.7411 2.1248 -3.2992
v 1.7454 2.0249 -3.2958
v 1.7496 1.9250 -3.2926
v 1.7539 1.8251 -3.2844
v 1.7581 1.7252 -3.2716
v 1.7624 1.6253 -3.2534
v 1.7666 1.5253 -3.2307
v 1.7709 1.4254 -3.2016
v 1.7751 1.3255 -3.1724
v 1.7793 1.2256 -3.1442
v 1.7836 1.1257 -3.1164
v 1.7878 1.0258 -3.0882
v 1.7921 0.9259 -3.0606
v 1.7963 0.8260 -3.0369
v 1.8006 0.7261 -3.0168
v 1.8048 0.6262 -3.0014
v 1.8091 0.5262 -2.9886
v 1.8133 0.4263 -2.9780
v 1.8175 0.3264 -2.9694
v 1.8218 0.2265 -2.9609
v 1.8260 0.1266 -2.9520
v 1.8303 0.0267 -2.9433
v 1.8345 -0.0732 -2.9340
v 1.8388 -0.1731 -2.9234
v 1.8430 -0.2730 -2.9098
v 1.8472 -0.3729 -2.8930
v 1.8515 -0.4728 -2.8746
v 1.8557 -0.5728 -2.8537
v 1.8600 -0.6727 -2.8329
v 1.8642 -0.7726 -2.8117
v 1.8685 -0.8725 -2.7905
v 1.8727 -0.9724 -2.7697
v 1.8770 -1.0723 -2.7487
v 1.8812 -1.1722 -2.7323
v 1.8854 -1.2721 -2.7210
v 1.7732 3.7276 -3.3882
v 1.7774 3.6277 -3.3858
v 1.7816 3.5278 -3.3840
v 1.7859 3.4279 -3.3819
v 1.7901 3.3280 -3.3795
v 1.7944 3.2281 -3.3766
v 1.7986 3.1282 -3.3745
v 1.8029 3.0282 -3.3731
v 1.8071 2.9283 -3.3700
v 1.8114 2.8284 -3.3675
v 1.8156 2.7285 -3.3652
v 1.8198 2.6286 -3.3615
v 1.8241 2.5287 -3.3567
v 1.8283 2.4288 -3.3537
v 1.8326 2.3289 -3.3510
v 1.8368 2.2290 -3.3475
v 1.8411 2.1291 -3.3440
v 1.8453 2.0291 -3.3423
v 1.8495 1.9292 -3.3400
v 1.8538 1.8293 -3.3327
v 1.8580 1.7294 -3.3194
v 1.8623 1.6295 -3.3005
v 1.8665 1.5296 -3.2751
v 1.8708 1.4297 -3.2457
v 1.8750 1.3298 -3.2150
v 1.8793 1.2299 -3.1863
v 1.8835 1.1300 -3.1582
v 1.8877 1.0300 -3.1301
v 1.8920 0.9301 -3.1004
v 1.8962 0.8302 -3.0751
v 1.9005 0.7303 -3.0550
v 1.9047 0.6304 -3.0377
v 1.9090 0.5305 -3.0228
v 1.9132 0.4306 -3.0137
v 1.9174 0.3307 -3.0040
v 1.9217 0.2308 -2.9949
v 1.9259 0.1309 -2.9850
v 1.9302 0.0309 -2.9752
v 1.9344 -0.0690 -2.9657
v 1.9387 -0.1689 -2.9545
v 1.9429 -0.2688 -2.9394
v 1.9472 -0.3687 -2.9223
v 1.9514 -0.4686 -2.9034
v 1.9556 -0.5685 -2.8821
v 1.9599 -0.6684 -2.8611
v 1.9641 -0.7683 -2.8399
v 1.9684 -0.8682 -2.8276
v 1.9726 -0.9682 -2.8166
v 1.9769 -1.0681 -2.8060
v 1.9811 -1.1680 -2.7998
v 1.9854 -1.2679 -2.7980
v 1.8731 3.7319 -3.4271
v 1.8773 3.6319 -3.4256
v 1.8816 3.5320 -3.4238
v 1.8858 3.4321 -3.4223
v 1.8900 3.3322 -3.4188
v 1.8943 3.2323 -3.4178
v 1.8985 3.1324 -3.4164
v 1.9028 3.0325 -3.4151
v 1.9070 2.9326 -3.4118
v 1.9113 2.8327 -3.4089
v 1.9155 2.7328 -3.4069
v 1.9197 2.6328 -3.4035
v 1.9240 2.5329 -3.4007
v 1.9282 2.4330 -3.3980
v 1.9325 2.3331 -3.3950
v 1.9367 2.2332 -3.3913
v 1.9410 2.1333 -3.3897
v 1.9452 2.0334 -3.3879
v 1.9495 1.9335 -3.3869
v 1.9537 1.8336 -3.3789
v 1.9579 1.7337 -3.3657
v 1.9622 1.6337 -3.3463
v 1.9664 1.5338 -3.3211
v 1.9707 1.4339 -3.2890
v 1.9749 1.3340 -3.2590
v 1.9792 1.2341 -3.2296
v 1.9834 1.1342 -3.1994
v 1.9877 1.0343 -3.1693
v 1.9919 0.9344 -3.1405
v 1.9961 0.8345 -3.1148
v 2.0004 0.7346 -3.0925
v 2.0046 0.6346 -3.0740
v 2.0089 0.5347 -3.0593
v 2.0131 0.4348 -3.0494
v 2.0174 0.3349 -3.0384
v 2.0216 0.2350 -3.0268
v 2.0258 0.1351 -3.0166
v 2.0301 0.0352 -3.0066
v 2.0343 -0.0647 -2.9961
v 2.0386 -0.1646 -2.9830
v 2.0428 -0.2645 -2.9678
v 2.0471 -0.3645 -2.9498
v 2.0513 -0.4644 -2.9297
v 2.0556 -0.5643 -2.9082
v 2.0598 -0.6642 -2.8958
v 2.0640 -0.7641 -2.8835
v 2.0683 -0.8640 -2.8813
v 2.0725 -0.9639 -2.8805
v 2.0768 -1.0638 -2.8813
v 2.0810 -1.1637 -2.8763
v 2.0853 -1.2636 -2.8760
v 1.9730 3.7361 -3.4690
v 1.9772 3.6362 -3.4677
v 1.9815 3.5363 -3.4668
v 1.9857 3.4364 -3.4635
v 1.9900 3.3365 -3.4606
v 1.9942 3.2365 -3.4600
v 1.9984 3.1366 -3.4592
v 2.0027 3.0367 -3.4570
v 2.0069 2.9368 -3.4533
v 2.0112 2.8369 -3.4518
v 2.0154 2.7370 -3.4497
v 2.0197 2.6371 -3.4469
v 2.0239 2.5372 -3.4444
v 2.0281 2.4373 -3.4411
v 2.0324 2.3374 -3.4380
v 2.0366 2.2374 -3.4357
v 2.0409 2.1375 -3.4348
v 2.0451 2.0376 -3.4340
v 2.0494 1.9377 -3.4324
v 2.0536 1.8378 -3.4240
v 2.0579 1.7379 -3.4103
v 2.0621 1.6380 -3.3901
v 2.0663 1.5381 -3.3643
v 2.0706 1.4382 -3.3325
v 2.0748 1.3383 -3.3009
v 2.0791 1.2384 -3.2681
v 2.0833 1.1384 -3.2373
v 2.0876 1.0385 -3.2070
v 2.0918 0.9386 -3.1756
v 2.0960 0.8387 -3.1481
v 2.1003 0.7388 -3.1236
v 2.1045 0.6389 -3.1051
v 2.1088 0.5390 -3.0908
v 2.1130 0.4391 -3.0803
v 2.1173 0.3392 -3.0684
v 2.1215 0.2393 -3.0573
v 2.1258 0.1393 -3.0469
v 2.1300 0.0394 -3.0359
v 2.1342 -0.0605 -3.0249
v 2.1385 -0.1604 -3.0110
v 2.1427 -0.2603 -2.9935
v 2.1470 -0.3602 -2.9818
v 2.1512 -0.4601 -2.9700
v 2.1555 -0.5600 -2.9562
v 2.1597 -0.6599 -2.9521
v 2.1640 -0.7598 -2.9490
v 2.1682 -0.8598 -2.9499
v 2.1724 -0.9597 -2.9522
v 2.1767 -1.0596 -2.9559
v 2.1809 -1.1595 -2.9553
v 2.1852 -1.2594 -2.9588
v 2.0729 3.7403 -3.5114
v 2.0771 3.6404 -3.5093
v 2.0814 3.5405 -3.5083
v 2.0856 3.4406 -3.5053
v 2.0899 3.3407 -3.5034
v 2.0941 3.2408 -3.5026
v 2.0983 3.1409 -3.5020
v 2.1026 3.0410 -3.5002
v 2.1068 2.9411 -3.4990
v 2.1111 2.8412 -3.4950
v 2.1153 2.7412 -3.4921
v 2.1196 2.6413 -3.4894
v 2.1238 2.5414 -3.4866
v 2.1281 2.4415 -3.4855
v 2.1323 2.3416 -3.4827
v 2.1365 2.2417 -3.4811
v 2.1408 2.1418 -3.4806
v 2.1450 2.0419 -3.4794
v 2.1493 1.9420 -3.4781
v 2.1535 1.8421 -3.4694
v 2.1578 1.7421 -3.4548
v 2.1620 1.6422 -3.4346
v 2.1663 1.5423 -3.4063
v 2.1705 1.4424 -3.3725
v 2.1747 1.3425 -3.3397
v 2.1790 1.2426 -3.3061
v 2.1832 1.1427 -3.2737
v 2.1875 1.0428 -3.2412
v 2.1917 0.9429 -3.2075
v 2.1960 0.8430 -3.1789
v 2.2002 0.7430 -3.1550
v 2.2044 0.6431 -3.1359
v 2.2087 0.5432 -3.1209
v 2.2129 0.4433 -3.1089
v 2.2172 0.3434 -3.0975
v 2.2214 0.2435 -3.0880
v 2.2257 0.1436 -3.0768
v 2.2299 0.0437 -3.0635
v 2.2342 -0.0562 -3.0493
v 2.2384 -0.1561 -3.0408
v 2.2426 -0.2561 -3.0294
v 2.2469 -0.3560 -3.0266
v 2.2511 -0.4559 -3.0218
v 2.2554 -0.5558 -3.0172
v 2.2596 -0.6557 -3.0167
v 2.2639 -0.7556 -3.0178
v 2.2681 -0.8555 -3.0214
v 2.2723 -0.9554 -3.0262
v 2.2766 -1.0553 -3.0325
v 2.2808 -1.1552 -3.0343
v 2.2851 -1.2552 -3.0392
v 2.1728 3.7446 -3.5522
v 2.1770 3.6447 -3.5512
v 2.1813 3.5448 -3.5485
v 2.1855 3.4449 -3.5464
v 2.1898 3.3449 -3.5462
v 2.1940 3.2450 -3.5464
v 2.1983 3.1451 -3.5460
v 2.2025 3.0452 -3.5447
v 2.2067 2.9453 -3.5420
v 2.2110 2.8454 -3.5396
v 2.2152 2.7455 -3.5374
v 2.2195 2.6456 -3.5347
v 2.2237 2.5457 -3.5327
v 2.2280 2.4458 -3.5313
v 2.2322 2.3458 -3.5287
v 2.2365 2.2459 -3.5270
v 2.2407 2.1460 -3.5264
v 2.2449 2.0461 -3.5253
v 2.2492 1.9462 -3.5232
v 2.2534 1.8463 -3.5150
v 2.2577 1.7464 -3.4996
v 2.2619 1.6465 -3.4778
v 2.2662 1.5466 -3.4487
v 2.2704 1.4467 -3.4140
v 2.2746 1.3467 -3.3794
v 2.2789 1.2468 -3.3450
v 2.2831 1.1469 -3.3097
v 2.2874 1.0470 -3.2750
v 2.2916 0.9471 -3.2393
v 2.2959 0.8472 -3.2100
v 2.3001 0.7473 -3.1856
v 2.3044 0.6474 -3.1649
v 2.3086 0.5475 -3.1489
v 2.3128 0.4476 -3.1378
v 2.3171 0.3476 -3.1265
v 2.3213 0.2477 -3.1148
v 2.3256 0.1478 -3.1022
v 2.3298 0.0479 -3.0960
v 2.3341 -0.0520 -3.0876
v 2.3383 -0.1519 -3.0846
v 2.3426 -0.2518 -3.0823
v 2.3468 -0.3517 -3.0866
v 2.3510 -0.4516 -3.0851
v 2.3553 -0.5515 -3.0841
v 2.3595 -0.6515 -3.0857
v 2.3638 -0.7514 -3.0877
v 2.3680 -0.8513 -3.0940
v 2.3723 -0.9512 -3.1020
v 2.3765 -1.0511 -3.1118
v 2.3807 -1.1510 -3.1149
v 2.3850 -1.2509 -3.1197
v 2.2727 3.7488 -3.5913
v 2.2769 3.6489 -3.5903
v 2.2812 3.5490 -3.5883
v 2.2854 3.4491 -3.5874
v 2.2897 3.3492 -3.5875
v 2.2939 3.2493 -3.5884
v 2.2982 3.1494 -3.5886
v 2.3024 3.0495 -3.5864
v 2.3067 2.9496 -3.5846
v 2.3109 2.8496 -3.5828
v 2.3151 2.7497 -3.5800
v 2.3194 2.6498 -3.5784
v 2.3236 2.5499 -3.5775
v 2.3279 2.4500 -3.5754
v 2.3321 2.3501 -3.5730
v 2.3364 2.2502 -3.5719
v 2.3406 2.1503 -3.5705
v 2.3449 2.0504 -3.5691
v 2.3491 1.9505 -3.5681
v 2.3533 1.8505 -3.5601
v 2.3576 1.7506 -3.5442
v 2.3618 1.6507 -3.5196
v 2.3661 1.5508 -3.4904
v 2.3703 1.4509 -3.4555
v 2.3746 1.3510 -3.4184
v 2.3788 1.2511 -3.3819
v 2.3830 1.1512 -3.3450
v 2.3873 1.0513 -3.3077
v 2.3915 0.9514 -3.2716
v 2.3958 0.8514 -3.2408
v 2.4000 0.7515 -3.2145
v 2.4043 0.6516 -3.1944
v 2.4085 0.5517 -3.1790
v 2.4128 0.4518 -3.1673
v 2.4170 0.3519 -3.1611
v 2.4212 0.2520 -3.1539
v 2.4255 0.1521 -3.1465
v 2.4297 0.0522 -3.1454
v 2.4340 -0.0477 -3.1423
v 2.4382 -0.1477 -3.1408
v 2.4425 -0.2476 -3.1399
v 2.4467 -0.3475 -3.1475
v 2.4509 -0.4474 -3.1485
v 2.4552 -0.5473 -3.1502
v 2.4594 -0.6472 -3.1536
v 2.4637 -0.7471 -3.1584
v 2.4679 -0.8470 -3.1585
v 2.4722 -0.9469 -3.1597
v 2.4764 -1.0468 -3.1617
v 2.4807 -1.1468 -3.1566
v 2.4849 -1.2467 -3.1525
v 2.3726 3.7531 -3.6300
v 2.3769 3.6532 -3.6287
v 2.3811 3.5533 -3.6272
v 2.3853 3.4533 -3.6265
v 2.3896 3.3534 -3.6257
v 2.3938 3.2535 -3.6255
v 2.3981 3.1536 -3.6257
v 2.4023 3.0537 -3.6255
v 2.4066 2.9538 -3.6239
v 2.4108 2.8539 -3.6214
v 2.4151 2.7540 -3.6197
v 2.4193 2.6541 -3.6184
v 2.4235 2.5542 -3.6183
v 2.4278 2.4542 -3.6160
v 2.4320 2.3543 -3.6154
v 2.4363 2.2544 -3.6154
v 2.4405 2.1545 -3.6153
v 2.4448 2.0546 -3.6147
v 2.4490 1.9547 -3.6143
v 2.4532 1.8548 -3.6053
v 2.4575 1.7549 -3.5887
v 2.4617 1.6550 -3.5654
v 2.4660 1.5551 -3.5345
v 2.4702 1.4551 -3.4958
v 2.4745 1.3552 -3.4573
v 2.4787 1.2553 -3.4186
v 2.4830 1.1554 -3.3806
v 2.4872 1.0555 -3.3416
v 2.4914 0.9556 -3.3039
v 2.4957 0.8557 -3.2717
v 2.4999 0.7558 -3.2450
v 2.5042 0.6559 -3.2234
v 2.5084 0.5560 -3.2120
v 2.5127 0.4560 -3.2069
v 2.5169 0.3561 -3.2058
v 2.5212 0.2562 -3.2043
v 2.5254 0.1563 -3.2022
v 2.5296 0.0564 -3.2013
v 2.5339 -0.0435 -3.2000
v 2.5381 -0.1434 -3.1997
v 2.5424 -0.2433 -3.1997
v 2.5466 -0.3432 -3.2088
v 2.5509 -0.4431 -3.2129
v 2.5551 -0.5431 -3.2176
v 2.5593 -0.6430 -3.2161
v 2.5636 -0.7429 -3.2167
v 2.5678 -0.8428 -3.2100
v 2.5721 -0.9427 -3.2032
v 2.5763 -1.0426 -3.1964
v 2.5806 -1.1425 -3.1912
v 2.5848 -1.2424 -3.1873
v 2.4725 3.7573 -3.6684
v 2.4768 3.6574 -3.6674
v 2.4810 3.5575 -3.6648
v 2.4853 3.4576 -3.6644
v 2.4895 3.3577 -3.6631
v 2.4937 3.2578 -3.6621
v 2.4980 3.1579 -3.6615
v 2.5022 3.0579 -3.6598
v 2.5065 2.9580 -3.6581
v 2.5107 2.8581 -3.6557
v 2.5150 2.7582 -3.6550
v 2.5192 2.6583 -3.6555
v 2.5235 2.5584 -3.6544
v 2.5277 2.4585 -3.6555
v 2.5319 2.3586 -3.6551
v 2.5362 2.2587 -3.6557
v 2.5404 2.1588 -3.6565
v 2.5447 2.0588 -3.6577
v 2.5489 1.9589 -3.6586
v 2.5532 1.8590 -3.6511
v 2.5574 1.7591 -3.6354
v 2.5616 1.6592 -3.6105
v 2.5659 1.5593 -3.5784
v 2.5701 1.4594 -3.5381
v 2.5744 1.3595 -3.4993
v 2.5786 1.2596 -3.4599
v 2.5829 1.1597 -3.4202
v 2.5871 1.0598 -3.3807
v 2.5914 0.9598 -3.3412
v 2.5956 0.8599 -3.3131
v 2.5998 0.7600 -3.2904
v 2.6041 0.6601 -3.2722
v 2.6083 0.5602 -3.2659
v 2.6126 0.4603 -3.2646
v 2.6168 0.3604 -3.2642
v 2.6211 0.2605 -3.2626
v 2.6253 0.1606 -3.2622
v 2.6295 0.0607 -3.2613
v 2.6338 -0.0393 -3.2611
v 2.6380 -0.1392 -3.2617
v 2.6423 -0.2391 -3.2636
v 2.6465 -0.3390 -3.2670
v 2.6508 -0.4389 -3.2651
v 2.6550 -0.5388 -3.2628
v 2.6593 -0.6387 -3.2559
v 2.6635 -0.7386 -3.2492
v 2.6677 -0.8385 -3.2433
v 2.6720 -0.9384 -3.2372
v 2.6762 -1.0384 -3.2306
v 2.6805 -1.1383 -3.2254
v 2.6847 -1.2382 -3.2224
v 2.5724 3.7616 -3.7066
v 2.5767 3.6617 -3.7043
v 2.5809 3.5617 -3.7018
v 2.5852 3.4618 -3.7012
v 2.5894 3.3619 -3.7001
v 2.5937 3.2620 -3.6992
v 2.5979 3.1621 -3.6961
v 2.6021 3.0622 -3.6936
v 2.6064 2.9623 -3.6918
v 2.6106 2.8624 -3.6911
v 2.6149 2.7625 -3.6906
v 2.6191 2.6626 -3.6907
v 2.6234 2.5626 -3.6919
v 2.6276 2.4627 -3.6934
v 2.6318 2.3628 -3.6943
v 2.6361 2.2629 -3.6966
v 2.6403 2.1630 -3.6995
v 2.6446 2.0631 -3.7021
v 2.6488 1.9632 -3.7039
v 2.6531 1.8633 -3.6974
v 2.6573 1.7634 -3.6817
v 2.6616 1.6635 -3.6572
v 2.6658 1.5635 -3.6239
v 2.6700 1.4636 -3.5842
v 2.6743 1.3637 -3.5425
v 2.6785 1.2638 -3.5029
v 2.6828 1.1639 -3.4635
v 2.6870 1.0640 -3.4277
v 2.6913 0.9641 -3.3925
v 2.6955 0.8642 -3.3684
v 2.6998 0.7643 -3.3474
v 2.7040 0.6644 -3.3310
v 2.7082 0.5644 -3.3259
v 2.7125 0.4645 -3.3253
v 2.7167 0.3646 -3.3248
v 2.7210 0.2647 -3.3229
v 2.7252 0.1648 -3.3194
v 2.7295 0.0649 -3.3208
v 2.7337 -0.0350 -3.3231
v 2.7379 -0.1349 -3.3189
v 2.7422 -0.2348 -3.3145
v 2.7464 -0.3347 -3.3125
v 2.7507 -0.4347 -3.3053
v 2.7549 -0.5346 -3.2985
v 2.7592 -0.6345 -3.2912
v 2.7634 -0.7344 -3.2821
v 2.7677 -0.8343 -3.2753
v 2.7719 -0.9342 -3.2700
v 2.7761 -1.0341 -3.2672
v 2.7804 -1.1340 -3.2623
v 2.7846 -1.2339 -3.2592
v 2.6723 3.7658 -3.7446
v 2.6766 3.6659 -3.7422
v 2.6808 3.5660 -3.7399
v 2.6851 3.4661 -3.7382
v 2.6893 3.3662 -3.7362
v 2.6936 3.2663 -3.7340
v 2.6978 3.1663 -3.7314
v 2.7021 3.0664 -3.7290
v 2.7063 2.9665 -3.7269
v 2.7105 2.8666 -3.7255
v 2.7148 2.7667 -3.7248
v 2.7190 2.6668 -3.7246
v 2.7233 2.5669 -3.7269
v 2.7275 2.4670 -3.7291
v 2.7318 2.3671 -3.7326
v 2.7360 2.2672 -3.7358
v 2.7402 2.1672 -3.7392
v 2.7445 2.0673 -3.7349
v 2.7487 1.9674 -3.7288
v 2.7530 1.8675 -3.7160
v 2.7572 1.7676 -3.6951
v 2.7615 1.6677 -3.6656
v 2.7657 1.5678 -3.6380
v 2.7700 1.4679 -3.6040
v 2.7742 1.3680 -3.5681
v 2.7784 1.2681 -3.5333
v 2.7827 1.1681 -3.5012
v 2.7869 1.0682 -3.4710
v 2.7912 0.9683 -3.4410
v 2.7954 0.8684 -3.4202
v 2.7997 0.7685 -3.4033
v 2.8039 0.6686 -3.3895
v 2.8081 0.5687 -3.3858
v 2.8124 0.4688 -3.3840
v 2.8166 0.3689 -3.3839
v 2.8209 0.2690 -3.3826
v 2.8251 0.1690 -3.3827
v 2.8294 0.0691 -3.3779
v 2.8336 -0.0308 -3.3736
v 2.8379 -0.1307 -3.3623
v 2.8421 -0.2306 -3.3542
v 2.8463 -0.3305 -3.3469
v 2.8506 -0.4304 -3.3399
v 2.8548 -0.5303 -3.3331
v 2.8591 -0.6302 -3.3261
v 2.8633 -0.7301 -3.3191
v 2.8676 -0.8301 -3.3120
v 2.8718 -0.9300 -3.3055
v 2.8761 -1.0299 -3.3004
v 2.8803 -1.1298 -3.2975
v 2.8845 -1.2297 -3.2948
v 2.7723 3.7700 -3.7839
v 2.7765 3.6701 -3.7813
v 2.7807 3.5702 -3.7783
v 2.7850 3.4703 -3.7745
v 2.7892 3.3704 -3.7716
v 2.7935 3.2705 -3.7687
v 2.7977 3.1706 -3.7668
v 2.8020 3.0707 -3.7634
v 2.8062 2.9708 -3.7599
v 2.8104 2.8709 -3.7539
v 2.8147 2.7710 -3.7487
v 2.8189 2.6710 -3.7441
v 2.8232 2.5711 -3.7418
v 2.8274 2.4712 -3.7404
v 2.8317 2.3713 -3.7415
v 2.8359 2.2714 -3.7423
v 2.8402 2.1715 -3.7446
v 2.8444 2.0716 -3.7385
v 2.8486 1.9717 -3.7318
v 2.8529 1.8718 -3.7183
v 2.8571 1.7719 -3.6987
v 2.8614 1.6719 -3.6722
v 2.8656 1.5720 -3.6498
v 2.8699 1.4721 -3.6215
v 2.8741 1.3722 -3.5911
v 2.8784 1.2723 -3.5637
v 2.8826 1.1724 -3.5367
v 2.8868 1.0725 -3.5121
v 2.8911 0.9726 -3.4872
v 2.8953 0.8727 -3.4722
v 2.8996 0.7728 -3.4582
v 2.9038 0.6728 -3.4473
v 2.9081 0.5729 -3.4446
v 2.9123 0.4730 -3.4443
v 2.9165 0.3731 -3.4379
v 2.9208 0.2732 -3.4330
v 2.9250 0.1733 -3.4276
v 2.9293 0.0734 -3.4170
v 2.9335 -0.0265 -3.4065
v 2.9378 -0.1264 -3.3964
v 2.9420 -0.2263 -3.3888
v 2.9463 -0.3263 -3.3812
v 2.9505 -0.4262 -3.3741
v 2.9547 -0.5261 -3.3673
v 2.9590 -0.6260 -3.3616
v 2.9632 -0.7259 -3.3581
v 2.9675 -0.8258 -3.3514
v 2.9717 -0.9257 -3.3446
v 2.9760 -1.0256 -3.3378
v 2.9802 -1.1255 -3.3319
v 2.9844 -1.2254 -3.3337
v 2.8722 3.7743 -3.8168
v 2.8764 3.6744 -3.8129
v 2.8807 3.5745 -3.8080
v 2.8849 3.4746 -3.8037
v 2.8891 3.3747 -3.7985
v 2.8934 3.2747 -3.7940
v 2.8976 3.1748 -3.7901
v 2.9019 3.0749 -3.7853
v 2.9061 2.9750 -3.7809
v 2.9104 2.8751 -3.7740
v 2.9146 2.7752 -3.7668
v 2.9188 2.6753 -3.7610
v 2.9231 2.5754 -3.7567
v 2.9273 2.4755 -3.7520
v 2.9316 2.3756 -3.7499
v 2.9358 2.2756 -3.7493
v 2.9401 2.1757 -3.7493
v 2.9443 2.0758 -3.7424
v 2.9486 1.9759 -3.7332
v 2.9528 1.8760 -3.7189
v 2.9570 1.7761 -3.7003
v 2.9613 1.6762 -3.6779
v 2.9655 1.5763 -3.6589
v 2.9698 1.4764 -3.6366
v 2.9740 1.3765 -3.6138
v 2.9783 1.2765 -3.5926
v 2.9825 1.1766 -3.5723
v 2.9867 1.0767 -3.5533
v 2.9910 0.9768 -3.5353
v 2.9952 0.8769 -3.5240
v 2.9995 0.7770 -3.5137
v 3.0037 0.6771 -3.5051
v 3.0080 0.5772 -3.4981
v 3.0122 0.4773 -3.4920
v 3.0165 0.3774 -3.4816
v 3.0207 0.2774 -3.4709
v 3.0249 0.1775 -3.4617
v 3.0292 0.0776 -3.4502
v 3.0334 -0.0223 -3.4396
v 3.0377 -0.1222 -3.4302
v 3.0419 -0.2221 -3.4214
v 3.0462 -0.3220 -3.4121
v 3.0504 -0.4219 -3.4053
v 3.0547 -0.5218 -3.3987
v 3.0589 -0.6217 -3.3987
v 3.0631 -0.7217 -3.3950
v 3.0674 -0.8216 -3.3911
v 3.0716 -0.9215 -3.3847
v 3.0759 -1.0214 -3.3773
v 3.0801 -1.1213 -3.3718
v 3.0844 -1.2212 -3.3691
v 2.9721 3.7785 -3.8404
v 2.9763 3.6786 -3.8373
v 2.9806 3.5787 -3.8313
v 2.9848 3.4788 -3.8243
v 2.9891 3.3789 -3.8188
v 2.9933 3.2790 -3.8127
v 2.9975 3.1791 -3.8072
v 3.0018 3.0792 -3.8023
v 3.0060 2.9793 -3.7974
v 3.0103 2.8793 -3.7882
v 3.0145 2.7794 -3.7795
v 3.0188 2.6795 -3.7713
v 3.0230 2.5796 -3.7646
v 3.0272 2.4797 -3.7571
v 3.0315 2.3798 -3.7528
v 3.0357 2.2799 -3.7497
v 3.0400 2.1800 -3.7471
v 3.0442 2.0801 -3.7367
v 3.0485 1.9802 -3.7245
v 3.0527 1.8802 -3.7098
v 3.0570 1.7803 -3.6924
v 3.0612 1.6804 -3.6734
v 3.0654 1.5805 -3.6584
v 3.0697 1.4806 -3.6430
v 3.0739 1.3807 -3.6262
v 3.0782 1.2808 -3.6097
v 3.0824 1.1809 -3.5959
v 3.0867 1.0810 -3.5857
v 3.0909 0.9811 -3.5728
v 3.0951 0.8811 -3.5627
v 3.0994 0.7812 -3.5519
v 3.1036 0.6813 -3.5412
v 3.1079 0.5814 -3.5305
v 3.1121 0.4815 -3.5192
v 3.1164 0.3816 -3.5083
v 3.1206 0.2817 -3.4977
v 3.1249 0.1818 -3.4866
v 3.1291 0.0819 -3.4759
v 3.1333 -0.0180 -3.4661
v 3.1376 -0.1179 -3.4564
v 3.1418 -0.2179 -3.4466
v 3.1461 -0.3178 -3.4398
v 3.1503 -0.4177 -3.4331
v 3.1546 -0.5176 -3.4276
v 3.1588 -0.6175 -3.4241
v 3.1630 -0.7174 -3.4241
v 3.1673 -0.8173 -3.4206
v 3.1715 -0.9172 -3.4160
v 3.1758 -1.0171 -3.4093
v 3.1800 -1.1170 -3.4043
v 3.1843 -1.2170 -3.4032
v 3.0720 3.7828 -3.8570
v 3.0762 3.6829 -3.8511
v 3.0805 3.5830 -3.8444
v 3.0847 3.4831 -3.8372
v 3.0890 3.3831 -3.8301
v 3.0932 3.2832 -3.8228
v 3.0974 3.1833 -3.8168
v 3.1017 3.0834 -3.8109
v 3.1059 2.9835 -3.8039
v 3.1102 2.8836 -3.7935
v 3.1144 2.7837 -3.7832
v 3.1187 2.6838 -3.7731
v 3.1229 2.5839 -3.7629
v 3.1272 2.4840 -3.7533
v 3.1314 2.3840 -3.7466
v 3.1356 2.2841 -3.7404
v 3.1399 2.1842 -3.7345
v 3.1441 2.0843 -3.7208
v 3.1484 1.9844 -3.7066
v 3.1526 1.8845 -3.6907
v 3.1569 1.7846 -3.6750
v 3.1611 1.6847 -3.6577
v 3.1654 1.5848 -3.6478
v 3.1696 1.4849 -3.6388
v 3.1738 1.3849 -3.6299
v 3.1781 1.2850 -3.6204
v 3.1823 1.1851 -3.6122
v 3.1866 1.0852 -3.6032
v 3.1908 0.9853 -3.5936
v 3.1951 0.8854 -3.5827
v 3.1993 0.7855 -3.5710
v 3.2035 0.6856 -3.5606
v 3.2078 0.5857 -3.5497
v 3.2120 0.4858 -3.5391
v 3.2163 0.3858 -3.5279
v 3.2205 0.2859 -3.5172
v 3.2248 0.1860 -3.5066
v 3.2290 0.0861 -3.4954
v 3.2333 -0.0138 -3.4841
v 3.2375 -0.1137 -3.4725
v 3.2417 -0.2136 -3.4637
v 3.2460 -0.3135 -3.4569
v 3.2502 -0.4134 -3.4505
v 3.2545 -0.5133 -3.4464
v 3.2587 -0.6133 -3.4444
v 3.2630 -0.7132 -3.4416
v 3.2672 -0.8131 -3.4414
v 3.2714 -0.9130 -3.4379
v 3.2757 -1.0129 -3.4325
v 3.2799 -1.1128 -3.4286
v 3.2842 -1.2127 -3.4273
f 1 2 53 52
f 2 3 54 53
f 3 4 55 54
f 4 5 56 55
f 5 6 57 56
f 6 7 58 57
f 7 8 59 58
f 8 9 60 59
f 9 10 61 60
f 10 11 62 61
f 11 12 63 62
f 12 13 64 63
f 13 14 65 64
f 14 15 66 65
f 15 16 67 66
f 16 17 68 67
f 17 18 69 68
f 18 19 70 69
f 19 20 71 70
f 20 21 72 71
f 21 22 73 72
f 22 23 74 73
f 23 24 75 74
f 24 25 76 75
f 25 26 77 76
f 26 27 78 77
f 27 28 79 78
f 28 29 80 79
f 29 30 81 80
f 30 31 82 81
f 31 32 83 82
f 32 33 84 83
f 33 34 85 84
f 34 35 86 85
f 35 36 87 86
f 36 37 88 87
f 37 38 89 88
f 38 39 90 89
f 39 40 91 90
f 40 41 92 91
f 41 42 93 92
f 42 43 94 93
f 43 44 95 94
f 44 45 96 95
f 45 46 97 96
f 46 47 98 97
f 47 48 99 98
f 48 49 100 99
f 49 50 101 100
f 50 51 102 101
f 52 53 104 103
f 53 54 105 104
f 54 55 106 105
f 55 56 107 106
f 56 57 108 107
f 57 58 109 108
f 58 59 110 109
f 59 60 111 110
f 60 61 112 111
f 61 62 113 112
f 62 63 114 113
f 63 64 115 114
f 64 65 116 115
f 65 66 117 116
f 66 67 118 117
f 67 68 119 118
f 68 69 120 119
f 69 70 121 120
f 70 71 122 121
f 71 72 123 122
f 72 73 124 123
f 73 74 125 124
f 74 75 126 125
f 75 76 127 126
f 76 77 128 127
f 77 78 129 128
f 78 79 130 129
f 79 80 131 130
f 80 81 132 131
f 81 82 133 132
f 82 83 134 133
f 83 84 135 134
f 84 85 136 135
f 85 86 137 136
f 86 87 138 137
f 87 88 139 138
f 88 89 140 139
f 89 90 141 140
f 90 91 142 141
f 91 92 143 142
f 92 93 144 143
f 93 94 145 144
f 94 95 146 145
f 95 96 147 146
f 96 97 148 147
f 97 98 149 148
f 98 99 150 149
f 99 100 151 150
f 100 101 152 151
f 101 102 153 152
f 103 104 155 154
f 104 105 156 155
f 105 106 157 156
f 106 107 158 157
f 107 108 159 158
f 108 109 160 159
f 109 110 161 160
f 110 111 162 161
f 111 112 163 162
f 112 113 164 163
f 113 114 165 164
f 114 115 166 165
f 115 116 167 166
f 116 117 168 167
f 117 118 169 168
f 118 119 170 169
f 119 120 171 170
f 120 121 172 171
f 121 122 173 172
f 122 123 174 173
f 123 124 175 174
f 124 125 176 175
f 125 126 177 176
f 126 127 178 177
f 127 128 179 178
f 128 129 180 179
f 129 130 181 180
f 130 131 182 181
f 131 132 183 182
f 132 133 184 183
f 133 134 185 184
f 134 135 186 185
f 135 136 187 186
f 136 137 188 187
f 137 138 189 188
f 138 139 190 189
f 139 140 191 190
f 140 141 192 191
f 141 142 193 192
f 142 143 194 193
f 143 144 195 194
f 144 145 196 195
f 145 146 197 196
f 146 147 198 197
f 147 148 199 198
f 148 149 200 199
f 149 150 201 200
f 150 151 202 201
f 151 152 203 202
f 152 153 204 203
f 154 155 206 205
f 155 156 207 206
f 156 157 208 207
f 157 158 209 208
f 158 159 210 209
f 159 160 211 210
f 160 161 212 211
f 161 162 213 212
f 162 163 214 213
f 163 164 215 214
f 164 165 216 215
f 165 166 217 216
f 166 167 218 217
f 167 168 219 218
f 168 169 220 219
f 169 170 221 220
f 170 171 222 221
f 171 172 223 222
f 172 173 224 223
f 173 174 225 224
f 174 175 226 225
f 175 176 227 226
f 176 177 228 227
f 177 178 229 228
f 178 179 230 229
f 179 180 231 230
f 180 181 232 231
f 181 182 233 232
f 182 183 234 233
f 183 184 235 234
f 184 185 236 235
f 185 186 237 236
f 186 187 238 237
f 187 188 239 238
f 188 189 240 239
f 189 190 241 240
f 190 191 242 241
f 191 192 243 242
f 192 193 244 243
f 193 194 245 244
f 194 195 246 245
f 195 196 247 246
f 196 197 248 247
f 197 198 249 248
f 198 199 250 249
f 199 200 251 250
f 200 201 252 251
f 201 202 253 252
f 202 203 254 253
f 203 204 255 254
f 205 206 257 256
f 206 207 258 257
f 207 208 259 258
f 208 209 260 259
f 209 210 261 260
f 210 211 262 261
f 211 212 263 262
f 212 213 264 263
f 213 214 265 264
f 214 215 266 265
f 215 216 267 266
f 216 217 268 267
f 217 218 269 268
f 218 219 270 269
f 219 220 271 270
f 220 221 272 271
f 221 222 273 272
f 222 223 274 273
f 223 224 275 274
f 224 225 276 275
f 225 226 277 276
f 226 227 278 277
f 227 228 279 278
f 228 229 280 279
f 229 230 281 280
f 230 231 282 281
f 231 232 283 282
f 232 233 284 283
f 233 234 285 284
f 234 235 286 285
f 235 236 287 286
f 236 237 288 287
f 237 238 289 288
f 238 239 290 289
f 239 240 291 290
f 240 241 292 291
f 241 242 293 292
f 242 243 294 293
f 243 244 295 294
f 244 245 296 295
f 245 246 297 296
f 246 247 298 297
f 247 248 299 298
f 248 249 300 299
f 249 250 301 300
f 250 251 302 301
f 251 252 303 302
f 252 253 304 303
f 253 254 305 304
f 254 255 306 305
f 256 257 308 307
f 257 258 309 308
f 258 259 310 309
f 259 260 311 310
f 260 261 312 311
f 261 262 313 312
f 262 263 314 313
f 263 264 315 314
f 264 265 316 315
f 265 266 317 316
f 266 267 318 317
f 267 268 319 318
f 268 269 320 319
f 269 270 321 320
f 270 271 322 321
f 271 272 323 322
f 272 273 324 323
f 273 274 325 324
f 274 275 326 325
f 275 276 327 326
f 276 277 328 327
f 277 278 329 328
f 278 279 330 329
f 279 280 331 330
f 280 281 332 331
f 281 282 333 332
f 282 283 334 333
f 283 284 335 334
f 284 285 336 335
f 285 286 337 336
f 286 287 338 337
f 287 288 339 338
f 288 289 340 339
f 289 290 341 340
f 290 291 342 341
f 291 292 343 342
f 292 293 344 343
f 293 294 345 344
f 294 295 346 345
f 295 296 347 346
f 296 297 348 347
f 297 298 349 348
f 298 299 350 349
f 299 300 351 350
f 300 301 352 351
f 301 302 353 352
f 302 303 354 353
f 303 304 355 354
f 304 305 356 355
f 305 306 357 356
f 307 308 359 358
f 308 309 360 359
f 309 310 361 360
f 310 311 362 361
f 311 312 363 362
f 312 313 364 363
f 313 314 365 364
f 314 315 366 365
f 315 316 367 366
f 316 317 368 367
f 317 318 369 368
f 318 319 370 369
f 319 320 371 370
f 320 321 372 371
f 321 322 373 372
f 322 323 374 373
f 323 324 375 374
f 324 325 376 375
f 325 326 377 376
f 326 327 378 377
f 327 328 379 378
f 328 329 380 379
f 329 330 381 380
f 330 331 382 381
f 331 332 383 382
f 332 333 384 383
f 333 334 385 384
f 334 335 386 385
f 335 336 387 386
f 336 337 388 387
f 337 338 389 388
f 338 339 390 389
f 339 340 391 390
f 340 341 392 391
f 341 342 393 392
f 342 343 394 393
f 343 344 395 394
f 344 345 396 395
f 345 346 397 396
f 346 347 398 397
f 347 348 399 398
f 348 349 400 399
f 349 350 401 400
f 350 351 402 401
f 351 352 403 402
f 352 353 404 403
f 353 354 405 404
f 354 355 406 405
f 355 356 407 406
f 356 357 408 407
f 358 359 410 409
f 359 360 411 410
f 360 361 412 411
f 361 362 413 412
f 362 363 414 413
f 363 364 415 414
f 364 365 416 415
f 365 366 417 416
f 366 367 418 417
f 367 368 419 418
f 368 369 420 419
f 369 370 421 420
f 370 371 422 421
f 371 372 423 422
f 372 373 424 423
f 373 374 425 424
f 374 375 426 425
f 375 376 427 426
f 376 377 428 427
f 377 378 429 428
f 378 379 430 429
f 379 380 431 430
f 380 381 432 431
f 381 382 433 432
f 382 383 434 433
f 383 384 435 434
f 384 385 436 435
f 385 386 437 436
f 386 387 438 437
f 387 388 439 438
f 388 389 440 439
f 389 390 441 440
f 390 391 442 441
f 391 392 443 442
f 392 393 444 443
f 393 394 445 444
f 394 395 446 445
f 395 396 447 446
f 396 397 448 447
f 397 398 449 448
f 398 399 450 449
f 399 400 451 450
f 400 401 452 451
f 401 402 453 452
f 402 403 454 453
f 403 404 455 454
f 404 405 456 455
f 405 406 457 456
f 406 407 458 457
f 407 408 459 458
f 409 410 461 460
f 410 411 462 461
f 411 412 463 462
f 412 413 464 463
f 413 414 465 464
f 414 415 466 465
f 415 416 467 466
f 416 417 468 467
f 417 418 469 468
f 418 419 470 469
f 419 420 471 470
f 420 421 472 471
f 421 422 473 472
f 422 423 474 473
f 423 424 475 474
f 424 425 476 475
f 425 426 477 476
f 426 427 478 477
f 427 428 479 478
f 428 429 480 479
f 429 430 481 480
f 430 431 482 481
f 431 432 483 482
f 432 433 484 483
f 433 434 485 484
f 434 435 486 485
f 435 436 487 486
f 436 437 488 487
f 437 438 489 488
f 438 439 490 489
f 439 440 491 490
f 440 441 492 491
f 441 442 493 492
f 442 443 494 493
f 443 444 495 494
f 444 445 496 495
f 445 446 497 496
f 446 447 498 497
f 447 448 499 498
f 448 449 500 499
f 449 450 501 500
f 450 451 502 501
f 451 452 503 502
f 452 453 504 503
f 453 454 505 504
f 454 455 506 505
f 455 456 507 506
f 456 457 508 507
f 457 458 509 508
f 458 459 510 509
f 460 461 512 511
f 461 462 513 512
f 462 463 514 513
f 463 464 515 514
f 464 465 516 515
f 465 466 517 516
f 466 467 518 517
f 467 468 519 518
f 468 469 520 519
f 469 470 521 520
f 470 471 522 521
f 471 472 523 522
f 472 473 524 523
f 473 474 525 524
f 474 475 526 525
f 475 476 527 526
f 476 477 528 527
f 477 478 529 528
f 478 479 530 529
f 479 480 531 530
f 480 481 532 531
f 481 482 533 532
f 482 483 534 533
f 483 484 535 534
f 484 485 536 535
f 485 486 537 536
f 486 487 538 537
f 487 488 539 538
f 488 489 540 539
f 489 490 541 540
f 490 491 542 541
f 491 492 543 542
f 492 493 544 543
f 493 494 545 544
f 494 495 546 545
f 495 496 547 546
f 496 497 548 547
f 497 498 549 548
f 498 499 550 549
f 499 500 551 550
f 500 501 552 551
f 501 502 553 552
f 502 503 554 553
f 503 504 555 554
f 504 505 556 555
f 505 506 557 556
f 506 507 558 557
f 507 508 559 558
f 508 509 560 559
f 509 510 561 560
f 511 512 563 562
f 512 513 564 563
f 513 514 565 564
f 514 515 566 565
f 515 516 567 566
f 516 517 568 567
f 517 518 569 568
f 518 519 570 569
f 519 520 571 570
f 520 521 572 571
f 521 522 573 572
f 522 523 574 573
f 523 524 575 574
f 524 525 576 575
f 525 526 577 576
f 526 527 578 577
f 527 528 579 578
f 528 529 580 579
f 529 530 581 580
f 530 531 582 581
f 531 532 583 582
f 532 533 584 583
f 533 534 585 584
f 534 535 586 585
f 535 536 587 586
f 536 537 588 587
f 537 538 589 588
f 538 539 590 589
f 539 540 591 590
f 540 541 592 591
f 541 542 593 592
f 542 543 594 593
f 543 544 595 594
f 544 545 596 595
f 545 546 597 596
f 546 547 598 597
f 547 548 599 598
f 548 549 600 599
f 549 550 601 600
f 550 551 602 601
f 551 552 603 602
f 552 553 604 603
f 553 554 605 604
f 554 555 606 605
f 555 556 607 606
f 556 557 608 607
f 557 558 609 608
f 558 559 610 609
f 559 560 611 610
f 560 561 612 611
f 562 563 614 613
f 563 564 615 614
f 564 565 616 615
f 565 566 617 616
f 566 567 618 617
f 567 568 619 618
f 568 569 620 619
f 569 570 621 620
f 570 571 622 621
f 571 572 623 622
f 572 573 624 623
f 573 574 625 624
f 574 575 626 625
f 575 576 627 626
f 576 577 628 627
f 577 578 629 628
f 578 579 630 629
f 579 580 631 630
f 580 581 632 631
f 581 582 633 632
f 582 583 634 633
f 583 584 635 634
f 584 585 636 635
f 585 586 637 636
f 586 587 638 637
f 587 588 639 638
f 588 589 640 639
f 589 590 641 640
f 590 591 642 641
f 591 592 643 642
f 592 593 644 643
f 593 594 645 644
f 594 595 646 645
f 595 596 647 646
f 596 597 648 647
f 597 598 649 648
f 598 599 650 649
f 599 600 651 650
f 600 601 652 651
f 601 602 653 652
f 602 603 654 653
f 603 604 655 654
f 604 605 656 655
f 605 606 657 656
f 606 607 658 657
f 607 608 659 658
f 608 609 660 659
f 609 610 661 660
f 610 611 662 661
f 611 612 663 662
f 613 614 665 664
f 614 615 666 665
f 615 616 667 666
f 616 617 668 667
f 617 618 669 668
f 618 619 670 669
f 619 620 671 670
f 620 621 672 671
f 621 622 673 672
f 622 623 674 673
f 623 624 675 674
f 624 625 676 675
f 625 626 677 676
f 626 627 678 677
f 627 628 679 678
f 628 629 680 679
f 629 630 681 680
f 630 631 682 681
f 631 632 683 682
f 632 633 684 683
f 633 634 685 684
f 634 635 686 685
f 635 636 687 686
f 636 637 688 687
f 637 638 689 688
f 638 639 690 689
f 639 640 691 690
f 640 641 692 691
f 641 642 693 692
f 642 643 694 693
f 643 644 695 694
f 644 645 696 695
f 645 646 697 696
f 646 647 698 697
f 647 648 699 698
f 648 649 700 699
f 649 650 701 700
f 650 651 702 701
f 651 652 703 702
f 652 653 704 703
f 653 654 705 704
f 654 655 706 705
f 655 656 707 706
f 656 657 708 707
f 657 658 709 708
f 658 659 710 709
f 659 660 711 710
f 660 661 712 711
f 661 662 713 712
f 662 663 714 713
f 664 665 716 715
f 665 666 717 716
f 666 667 718 717
f 667 668 719 718
f 668 669 720 719
f 669 670 721 720
f 670 671 722 721
f 671 672 723 722
f 672 673 724 723
f 673 674 725 724
f 674 675 726 725
f 675 676 727 726
f 676 677 728 727
f 677 678 729 728
f 678 679 730 729
f 679 680 731 730
f 680 681 732 731
f 681 682 733 732
f 682 683 734 733
f 683 684 735 734
f 684 685 736 735
f 685 686 737 736
f 686 687 738 737
f 687 688 739 738
f 688 689 740 739
f 689 690 741 740
f 690 691 742 741
f 691 692 743 742
f 692 693 744 743
f 693 694 745 744
f 694 695 746 745
f 695 696 747 746
f 696 697 748 747
f 697 698 749 748
f 698 699 750 749
f 699 700 751 750
f 700 701 752 751
f 701 702 753 752
f 702 703 754 753
f 703 704 755 754
f 704 705 756 755
f 705 706 757 756
f 706 707 758 757
f 707 708 759 758
f 708 709 760 759
f 709 710 761 760
f 710 711 762 761
f 711 712 763 762
f 712 713 764 763
f 713 714 765 764
f 715 716 767 766
f 716 717 768 767
f 717 718 769 768
f 718 719 770 769
f 719 720 771 770
f 720 721 772 771
f 721 722 773 772
f 722 723 774 773
f 723 724 775 774
f 724 725 776 775
f 725 726 777 776
f 726 727 778 777
f 727 728 779 778
f 728 729 780 779
f 729 730 781 780
f 730 731 782 781
f 731 732 783 782
f 732 733 784 783
f 733 734 785 784
f 734 735 786 785
f 735 736 787 786
f 736 737 788 787
f 737 738 789 788
f 738 739 790 789
f 739 740 791 790
f 740 741 792 791
f 741 742 793 792
f 742 743 794 793
f 743 744 795 794
f 744 745 796 795
f 745 746 797 796
f 746 747 798 797
f 747 748 799 798
f 748 749 800 799
f 749 750 801 800
f 750 751 802 801
f 751 752 803 802
f 752 753 804 803
f 753 754 805 804
f 754 755 806 805
f 755 756 807 806
f 756 757 808 807
f 757 758 809 808
f 758 759 810 809
f 759 760 811 810
f 760 761 812 811
f 761 762 813 812
f 762 763 814 813
f 763 764 815 814
f 764 765 816 815
f 766 767 818 817
f 767 768 819 818
f 768 769 820 819
f 769 770 821 820
f 770 771 822 821
f 771 772 823 822
f 772 773 824 823
f 773 774 825 824
f 774 775 826 825
f 775 776 827 826
f 776 777 828 827
f 777 778 829 828
f 778 779 830 829
f 779 780 831 830
f 780 781 832 831
f 781 782 833 832
f 782 783 834 833
f 783 784 835 834
f 784 785 836 835
f 785 786 837 836
f 786 787 838 837
f 787 788 839 838
f 788 789 840 839
f 789 790 841 840
f 790 791 842 841
f 791 792 843 842
f 792 793 844 843
f 793 794 845 844
f 794 795 846 845
f 795 796 847 846
f 796 797 848 847
f 797 798 849 848
f 798 799 850 849
f 799 800 851 850
f 800 801 852 851
f 801 802 853 852
f 802 803 854 853
f 803 804 855 854
f 804 805 856 855
f 805 806 857 856
f 806 807 858 857
f 807 808 859 858
f 808 809 860 859
f 809 810 861 860
f 810 811 862 861
f 811 812 863 862
f 812 813 864 863
f 813 814 865 864
f 814 815 866 865
f 815 816 867 866
f 817 818 869 868
f 818 819 870 869
f 819 820 871 870
f 820 821 872 871
f 821 822 873 872
f 822 823 874 873
f 823 824 875 874
f 824 825 876 875
f 825 826 877 876
f 826 827 878 877
f 827 828 879 878
f 828 829 880 879
f 829 830 881 880
f 830 831 882 881
f 831 832 883 882
f 832 833 884 883
f 833 834 885 884
f 834 835 886 885
f 835 836 887 886
f 836 837 888 887
f 837 838 889 888
f 838 839 890 889
f 839 840 891 890
f 840 841 892 891
f 841 842 893 892
f 842 843 894 893
f 843 844 895 894
f 844 845 896 895
f 845 846 897 896
f 846 847 898 897
f 847 848 899 898
f 848 849 900 899
f 849 850 901 900
f 850 851 902 901
f 851 852 903 902
f 852 853 904 903
f 853 854 905 904
f 854 855 906 905
f 855 856 907 906
f 856 857 908 907
f 857 858 909 908
f 858 859 910 909
f 859 860 911 910
f 860 861 912 911
f 861 862 913 912
f 862 863 914 913
f 863 864 915 914
f 864 865 916 915
f 865 866 917 916
f 866 867 918 917
f 868 869 920 919
f 869 870 921 920
f 870 871 922 921
f 871 872 923 922
f 872 873 924 923
f 873 874 925 924
f 874 875 926 925
f 875 876 927 926
f 876 877 928 927
f 877 878 929 928
f 878 879 930 929
f 879 880 931 930
f 880 881 932 931
f 881 882 933 932
f 882 883 934 933
f 883 884 935 934
f 884 885 936 935
f 885 886 937 936
f 886 887 938 937
f 887 888 939 938
f 888 889 940 939
f 889 890 941 940
f 890 891 942 941
f 891 892 943 942
f 892 893 944 943
f 893 894 945 944
f 894 895 946 945
f 895 896 947 946
f 896 897 948 947
f 897 898 949 948
f 898 899 950 949
f 899 900 951 950
f 900 901 952 951
f 901 902 953 952
f 902 903 954 953
f 903 904 955 954
f 904 905 956 955
f 905 906 957 956
f 906 907 958 957
f 907 908 959 958
f 908 909 960 959
f 909 910 961 960
f 910 911 962 961
f 911 912 963 962
f 912 913 964 963
f 913 914 965 964
f 914 915 966 965
f 915 916 967 966
f 916 917 968 967
f 917 918 969 968
f 919 920 971 970
f 920 921 972 971
f 921 922 973 972
f 922 923 974 973
f 923 924 975 974
f 924 925 976 975
f 925 926 977 976
f 926 927 978 977
f 927 928 979 978
f 928 929 980 979
f 929 930 981 980
f 930 931 982 981
f 931 932 983 982
f 932 933 984 983
f 933 934 985 984
f 934 935 986 985
f 935 936 987 986
f 936 937 988 987
f 937 938 989 988
f 938 939 990 989
f 939 940 991 990
f 940 941 992 991
f 941 942 993 992
f 942 943 994 993
f 943 944 995 994
f 944 945 996 995
f 945 946 997 996
f 946 947 998 997
f 947 948 999 998
f 948 949 1000 999
f 949 950 1001 1000
f 950 951 1002 1001
f 951 952 1003 1002
f 952 953 1004 1003
f 953 954 1005 1004
f 954 955 1006 1005
f 955 956 1007 1006
f 956 957 1008 1007
f 957 958 1009 1008
f 958 959 1010 1009
f 959 960 1011 1010
f 960 961 1012 1011
f 961 962 1013 1012
f 962 963 1014 1013
f 963 964 1015 1014
f 964 965 1016 1015
f 965 966 1017 1016
f 966 967 1018 1017
f 967 968 1019 1018
f 968 969 1020 1019
f 970 971 1022 1021
f 971 972 1023 1022
f 972 973 1024 1023
f 973 974 1025 1024
f 974 975 1026 1025
f 975 976 1027 1026
f 976 977 1028 1027
f 977 978 1029 1028
f 978 979 1030 1029
f 979 980 1031 1030
f 980 981 1032 1031
f 981 982 1033 1032
f 982 983 1034 1033
f 983 984 1035 1034
f 984 985 1036 1035
f 985 986 1037 1036
f 986 987 1038 1037
f 987 988 1039 1038
f 988 989 1040 1039
f 989 990 1041 1040
f 990 991 1042 1041
f 991 992 1043 1042
f 992 993 1044 1043
f 993 994 1045 1044
f 994 995 1046 1045
f 995 996 1047 1046
f 996 997 1048 1047
f 997 998 1049 1048
f 998 999 1050 1049
f 999 1000 1051 1050
f 1000 1001 1052 1051
f 1001 1002 1053 1052
f 1002 1003 1054 1053
f 1003 1004 1055 1054
f 1004 1005 1056 1055
f 1005 1006 1057 1056
f 1006 1007 1058 1057
f 1007 1008 1059 1058
f 1008 1009 1060 1059
f 1009 1010 1061 1060
f 1010 1011 1062 1061
f 1011 1012 1063 1062
f 1012 1013 1064 1063
f 1013 1014 1065 1064
f 1014 1015 1066 1065
f 1015 1016 1067 1066
f 1016 1017 1068 1067
f 1017 1018 1069 1068
f 1018 1019 1070 1069
f 1019 1020 1071 1070
f 1021 1022 1073 1072
f 1022 1023 1074 1073
f 1023 1024 1075 1074
f 1024 1025 1076 1075
f 1025 1026 1077 1076
f 1026 1027 1078 1077
f 1027 1028 1079 1078
f 1028 1029 1080 1079
f 1029 1030 1081 1080
f 1030 1031 1082 1081
f 1031 1032 1083 1082
f 1032 1033 1084 1083
f 1033 1034 1085 1084
f 1034 1035 1086 1085
f 1035 1036 1087 1086
f 1036 1037 1088 1087
f 1037 1038 1089 1088
f 1038 1039 1090 1089
f 1039 1040 1091 1090
f 1040 1041 1092 1091
f 1041 1042 1093 1092
f 1042 1043 1094 1093
f 1043 1044 1095 1094
f 1044 1045 1096 1095
f 1045 1046 1097 1096
f 1046 1047 1098 1097
f 1047 1048 1099 1098
f 1048 1049 1100 1099
f 1049 1050 1101 1100
f 1050 1051 1102 1101
f 1051 1052 1103 1102
f 1052 1053 1104 1103
f 1053 1054 1105 1104
f 1054 1055 1106 1105
f 1055 1056 1107 1106
f 1056 1057 1108 1107
f 1057 1058 1109 1108
f 1058 1059 1110 1109
f 1059 1060 1111 1110
f 1060 1061 1112 1111
f 1061 1062 1113 1112
f 1062 1063 1114 1113
f 1063 1064 1115 1114
f 1064 1065 1116 1115
f 1065 1066 1117 1116
f 1066 1067 1118 1117
f 1067 1068 1119 1118
f 1068 1069 1120 1119
f 1069 1070 1121 1120
f 1070 1071 1122 1121
f 1072 1073 1124 1123
f 1073 1074 1125 1124
f 1074 1075 1126 1125
f 1075 1076 1127 1126
f 1076 1077 1128 1127
f 1077 1078 1129 1128
f 1078 1079 1130 1129
f 1079 1080 1131 1130
f 1080 1081 1132 1131
f 1081 1082 1133 1132
f 1082 1083 1134 1133
f 1083 1084 1135 1134
f 1084 1085 1136 1135
f 1085 1086 1137 1136
f 1086 1087 1138 1137
f 1087 1088 1139 1138
f 1088 1089 1140 1139
f 1089 1090 1141 1140
f 1090 1091 1142 1141
f 1091 1092 1143 1142
f 1092 1093 1144 1143
f 1093 1094 1145 1144
f 1094 1095 1146 1145
f 1095 1096 1147 1146
f 1096 1097 1148 1147
f 1097 1098 1149 1148
f 1098 1099 1150 1149
f 1099 1100 1151 1150
f 1100 1101 1152 1151
f 1101 1102 1153 1152
f 1102 1103 1154 1153
f 1103 1104 1155 1154
f 1104 1105 1156 1155
f 1105 1106 1157 1156
f 1106 1107 1158 1157
f 1107 1108 1159 1158
f 1108 1109 1160 1159
f 1109 1110 1161 1160
f 1110 1111 1162 1161
f 1111 1112 1163 1162
f 1112 1113 1164 1163
f 1113 1114 1165 1164
f 1114 1115 1166 1165
f 1115 1116 1167 1166
f 1116 1117 1168 1167
f 1117 1118 1169 1168
f 1118 1119 1170 1169
f 1119 1120 1171 1170
f 1120 1121 1172 1171
f 1121 1122 1173 1172
f 1123 1124 1175 1174
f 1124 1125 1176 1175
f 1125 1126 1177 1176
f 1126 1127 1178 1177
f 1127 1128 1179 1178
f 1128 1129 1180 1179
f 1129 1130 1181 1180
f 1130 1131 1182 1181
f 1131 1132 1183 1182
f 1132 1133 1184 1183
f 1133 1134 1185 1184
f 1134 1135 1186 1185
f 1135 1136 1187 1186
f 1136 1137 1188 1187
f 1137 1138 1189 1188
f 1138 1139 1190 1189
f 1139 1140 1191 1190
f 1140 1141 1192 1191
f 1141 1142 1193 1192
f 1142 1143 1194 1193
f 1143 1144 1195 1194
f 1144 1145 1196 1195
f 1145 1146 1197 1196
f 1146 1147 1198 1197
f 1147 1148 1199 1198
f 1148 1149 1200 1199
f 1149 1150 1201 1200
f 1150 1151 1202 1201
f 1151 1152 1203 1202
f 1152 1153 1204 1203
f 1153 1154 1205 1204
f 1154 1155 1206 1205
f 1155 1156 1207 1206
f 1156 1157 1208 1207
f 1157 1158 1209 1208
f 1158 1159 1210 1209
f 1159 1160 1211 1210
f 1160 1161 1212 1211
f 1161 1162 1213 1212
f 1162 1163 1214 1213
f 1163 1164 1215 1214
f 1164 1165 1216 1215
f 1165 1166 1217 1216
f 1166 1167 1218 1217
f 1167 1168 1219 1218
f 1168 1169 1220 1219
f 1169 1170 1221 1220
f 1170 1171 1222 1221
f 1171 1172 1223 1222
f 1172 1173 1224 1223
f 1174 1175 1226 1225
f 1175 1176 1227 1226
f 1176 1177 1228 1227
f 1177 1178 1229 1228
f 1178 1179 1230 1229
f 1179 1180 1231 1230
f 1180 1181 1232 1231
f 1181 1182 1233 1232
f 1182 1183 1234 1233
f 1183 1184 1235 1234
f 1184 1185 1236 1235
f 1185 1186 1237 1236
f 1186 1187 1238 1237
f 1187 1188 1239 1238
f 1188 1189 1240 1239
f 1189 1190 1241 1240
f 1190 1191 1242 1241
f 1191 1192 1243 1242
f 1192 1193 1244 1243
f 1193 1194 1245 1244
f 1194 1195 1246 1245
f 1195 1196 1247 1246
f 1196 1197 1248 1247
f 1197 1198 1249 1248
f 1198 1199 1250 1249
f 1199 1200 1251 1250
f 1200 1201 1252 1251
f 1201 1202 1253 1252
f 1202 1203 1254 1253
f 1203 1204 1255 1254
f 1204 1205 1256 1255
f 1205 1206 1257 1256
f 1206 1207 1258 1257
f 1207 1208 1259 1258
f 1208 1209 1260 1259
f 1209 1210 1261 1260
f 1210 1211 1262 1261
f 1211 1212 1263 1262
f 1212 1213 1264 1263
f 1213 1214 1265 1264
f 1214 1215 1266 1265
f 1215 1216 1267 1266
f 1216 1217 1268 1267
f 1217 1218 1269 1268
f 1218 1219 1270 1269
f 1219 1220 1271 1270
f 1220 1221 1272 1271
f 1221 1222 1273 1272
f 1222 1223 1274 1273
f 1223 1224 1275 1274
f 1225 1226 1277 1276
f 1226 1227 1278 1277
f 1227 1228 1279 1278
f 1228 1229 1280 1279
f 1229 1230 1281 1280
f 1230 1231 1282 1281
f 1231 1232 1283 1282
f 1232 1233 1284 1283
f 1233 1234 1285 1284
f 1234 1235 1286 1285
f 1235 1236 1287 1286
f 1236 1237 1288 1287
f 1237 1238 1289 1288
f 1238 1239 1290 1289
f 1239 1240 1291 1290
f 1240 1241 1292 1291
f 1241 1242 1293 1292
f 1242 1243 1294 1293
f 1243 1244 1295 1294
f 1244 1245 1296 1295
f 1245 1246 1297 1296
f 1246 1247 1298 1297
f 1247 1248 1299 1298
f 1248 1249 1300 1299
f 1249 1250 1301 1300
f 1250 1251 1302 1301
f 1251 1252 1303 1302
f 1252 1253 1304 1303
f 1253 1254 1305 1304
f 1254 1255 1306 1305
f 1255 1256 1307 1306
f 1256 1257 1308 1307
f 1257 1258 1309 1308
f 1258 1259 1310 1309
f 1259 1260 1311 1310
f 1260 1261 1312 1311
f 1261 1262 1313 1312
f 1262 1263 1314 1313
f 1263 1264 1315 1314
f 1264 1265 1316 1315
f 1265 1266 1317 1316
f 1266 1267 1318 1317
f 1267 1268 1319 1318
f 1268 1269 1320 1319
f 1269 1270 1321 1320
f 1270 1271 1322 1321
f 1271 1272 1323 1322
f 1272 1273 1324 1323
f 1273 1274 1325 1324
f 1274 1275 1326 1325
f 1276 1277 1328 1327
f 1277 1278 1329 1328
f 1278 1279 1330 1329
f 1279 1280 1331 1330
f 1280 1281 1332 1331
f 1281 1282 1333 1332
f 1282 1283 1334 1333
f 1283 1284 1335 1334
f 1284 1285 1336 1335
f 1285 1286 1337 1336
f 1286 1287 1338 1337
f 1287 1288 1339 1338
f 1288 1289 1340 1339
f 1289 1290 1341 1340
f 1290 1291 1342 1341
f 1291 1292 1343 1342
f 1292 1293 1344 1343
f 1293 1294 1345 1344
f 1294 1295 1346 1345
f 1295 1296 1347 1346
f 1296 1297 1348 1347
f 1297 1298 1349 1348
f 1298 1299 1350 1349
f 1299 1300 1351 1350
f 1300 1301 1352 1351
f 1301 1302 1353 1352
f 1302 1303 1354 1353
f 1303 1304 1355 1354
f 1304 1305 1356 1355
f 1305 1306 1357 1356
f 1306 1307 1358 1357
f 1307 1308 1359 1358
f 1308 1309 1360 1359
f 1309 1310 1361 1360
f 1310 1311 1362 1361
f 1311 1312 1363 1362
f 1312 1313 1364 1363
f 1313 1314 1365 1364
f 1314 1315 1366 1365
f 1315 1316 1367 1366
f 1316 1317 1368 1367
f 1317 1318 1369 1368
f 1318 1319 1370 1369
f 1319 1320 1371 1370
f 1320 1321 1372 1371
f 1321 1322 1373 1372
f 1322 1323 1374 1373
f 1323 1324 1375 1374
f 1324 1325 1376 1375
f 1325 1326 1377 1376
f 1327 1328 1379 1378
f 1328 1329 1380 1379
f 1329 1330 1381 1380
f 1330 1331 1382 1381
f 1331 1332 1383 1382
f 1332 1333 1384 1383
f 1333 1334 1385 1384
f 1334 1335 1386 1385
f 1335 1336 1387 1386
f 1336 1337 1388 1387
f 1337 1338 1389 1388
f 1338 1339 1390 1389
f 1339 1340 1391 1390
f 1340 1341 1392 1391
f 1341 1342 1393 1392
f 1342 1343 1394 1393
f 1343 1344 1395 1394
f 1344 1345 1396 1395
f 1345 1346 1397 1396
f 1346 1347 1398 1397
f 1347 1348 1399 1398
f 1348 1349 1400 1399
f 1349 1350 1401 1400
f 1350 1351 1402 1401
f 1351 1352 1403 1402
f 1352 1353 1404 1403
f 1353 1354 1405 1404
f 1354 1355 1406 1405
f 1355 1356 1407 1406
f 1356 1357 1408 1407
f 1357 1358 1409 1408
f 1358 1359 1410 1409
f 1359 1360 1411 1410
f 1360 1361 1412 1411
f 1361 1362 1413 1412
f 1362 1363 1414 1413
f 1363 1364 1415 1414
f 1364 1365 1416 1415
f 1365 1366 1417 1416
f 1366 1367 1418 1417
f 1367 1368 1419 1418
f 1368 1369 1420 1419
f 1369 1370 1421 1420
f 1370 1371 1422 1421
f 1371 1372 1423 1422
f 1372 1373 1424 1423
f 1373 1374 1425 1424
f 1374 1375 1426 1425
f 1375 1376 1427 1426
f 1376 1377 1428 1427
f 1378 1379 1430 1429
f 1379 1380 1431 1430
f 1380 1381 1432 1431
f 1381 1382 1433 1432
f 1382 1383 1434 1433
f 1383 1384 1435 1434
f 1384 1385 1436 1435
f 1385 1386 1437 1436
f 1386 1387 1438 1437
f 1387 1388 1439 1438
f 1388 1389 1440 1439
f 1389 1390 1441 1440
f 1390 1391 1442 1441
f 1391 1392 1443 1442
f 1392 1393 1444 1443
f 1393 1394 1445 1444
f 1394 1395 1446 1445
f 1395 1396 1447 1446
f 1396 1397 1448 1447
f 1397 1398 1449 1448
f 1398 1399 1450 1449
f 1399 1400 1451 1450
f 1400 1401 1452 1451
f 1401 1402 1453 1452
f 1402 1403 1454 1453
f 1403 1404 1455 1454
f 1404 1405 1456 1455
f 1405 1406 1457 1456
f 1406 1407 1458 1457
f 1407 1408 1459 1458
f 1408 1409 1460 1459
f 1409 1410 1461 1460
f 1410 1411 1462 1461
f 1411 1412 1463 1462
f 1412 1413 1464 1463
f 1413 1414 1465 1464
f 1414 1415 1466 1465
f 1415 1416 1467 1466
f 1416 1417 1468 1467
f 1417 1418 1469 1468
f 1418 1419 1470 1469
f 1419 1420 1471 1470
f 1420 1421 1472 1471
f 1421 1422 1473 1472
f 1422 1423 1474 1473
f 1423 1424 1475 1474
f 1424 1425 1476 1475
f 1425 1426 1477 1476
f 1426 1427 1478 1477
f 1427 1428 1479 1478
f 1429 1430 1481 1480
f 1430 1431 1482 1481
f 1431 1432 1483 1482
f 1432 1433 1484 1483
f 1433 1434 1485 1484
f 1434 1435 1486 1485
f 1435 1436 1487 1486
f 1436 1437 1488 1487
f 1437 1438 1489 1488
f 1438 1439 1490 1489
f 1439 1440 1491 1490
f 1440 1441 1492 1491
f 1441 1442 1493 1492
f 1442 1443 1494 1493
f 1443 1444 1495 1494
f 1444 1445 1496 1495
f 1445 1446 1497 1496
f 1446 1447 1498 1497
f 1447 1448 1499 1498
f 1448 1449 1500 1499
f 1449 1450 1501 1500
f 1450 1451 1502 1501
f 1451 1452 1503 1502
f 1452 1453 1504 1503
f 1453 1454 1505 1504
f 1454 1455 1506 1505
f 1455 1456 1507 1506
f 1456 1457 1508 1507
f 1457 1458 1509 1508
f 1458 1459 1510 1509
f 1459 1460 1511 1510
f 1460 1461 1512 1511
f 1461 1462 1513 1512
f 1462 1463 1514 1513
f 1463 1464 1515 1514
f 1464 1465 1516 1515
f 1465 1466 1517 1516
f 1466 1467 1518 1517
f 1467 1468 1519 1518
f 1468 1469 1520 1519
f 1469 1470 1521 1520
f 1470 1471 1522 1521
f 1471 1472 1523 1522
f 1472 1473 1524 1523
f 1473 1474 1525 1524
f 1474 1475 1526 1525
f 1475 1476 1527 1526
f 1476 1477 1528 1527
f 1477 1478 1529 1528
f 1478 1479 1530 1529
f 1480 1481 1532 1531
f 1481 1482 1533 1532
f 1482 1483 1534 1533
f 1483 1484 1535 1534
f 1484 1485 1536 1535
f 1485 1486 1537 1536
f 1486 1487 1538 1537
f 1487 1488 1539 1538
f 1488 1489 1540 1539
f 1489 1490 1541 1540
f 1490 1491 1542 1541
f 1491 1492 1543 1542
f 1492 1493 1544 1543
f 1493 1494 1545 1544
f 1494 1495 1546 1545
f 1495 1496 1547 1546
f 1496 1497 1548 1547
f 1497 1498 1549 1548
f 1498 1499 1550 1549
f 1499 1500 1551 1550
f 1500 1501 1552 1551
f 1501 1502 1553 1552
f 1502 1503 1554 1553
f 1503 1504 1555 1554
f 1504 1505 1556 1555
f 1505 1506 1557 1556
f 1506 1507 1558 1557
f 1507 1508 1559 1558
f 1508 1509 1560 1559
f 1509 1510 1561 1560
f 1510 1511 1562 1561
f 1511 1512 1563 1562
f 1512 1513 1564 1563
f 1513 1514 1565 1564
f 1514 1515 1566 1565
f 1515 1516 1567 1566
f 1516 1517 1568 1567
f 1517 1518 1569 1568
f 1518 1519 1570 1569
f 1519 1520 1571 1570
f 1520 1521 1572 1571
f 1521 1522 1573 1572
f 1522 1523 1574 1573
f 1523 1524 1575 1574
f 1524 1525 1576 1575
f 1525 1526 1577 1576
f 1526 1527 1578 1577
f 1527 1528 1579 1578
f 1528 1529 1580 1579
f 1529 1530 1581 1580
f 1531 1532 1583 1582
f 1532 1533 1584 1583
f 1533 1534 1585 1584
f 1534 1535 1586 1585
f 1535 1536 1587 1586
f 1536 1537 1588 1587
f 1537 1538 1589 1588
f 1538 1539 1590 1589
f 1539 1540 1591 1590
f 1540 1541 1592 1591
f 1541 1542 1593 1592
f 1542 1543 1594 1593
f 1543 1544 1595 1594
f 1544 1545 1596 1595
f 1545 1546 1597 1596
f 1546 1547 1598 1597
f 1547 1548 1599 1598
f 1548 1549 1600 1599
f 1549 1550 1601 1600
f 1550 1551 1602 1601
f 1551 1552 1603 1602
f 1552 1553 1604 1603
f 1553 1554 1605 1604
f 1554 1555 1606 1605
f 1555 1556 1607 1606
f 1556 1557 1608 1607
f 1557 1558 1609 1608
f 1558 1559 1610 1609
f 1559 1560 1611 1610
f 1560 1561 1612 1611
f 1561 1562 1613 1612
f 1562 1563 1614 1613
f 1563 1564 1615 1614
f 1564 1565 1616 1615
f 1565 1566 1617 1616
f 1566 1567 1618 1617
f 1567 1568 1619 1618
f 1568 1569 1620 1619
f 1569 1570 1621 1620
f 1570 1571 1622 1621
f 1571 1572 1623 1622
f 1572 1573 1624 1623
f 1573 1574 1625 1624
f 1574 1575 1626 1625
f 1575 1576 1627 1626
f 1576 1577 1628 1627
f 1577 1578 1629 1628
f 1578 1579 1630 1629
f 1579 1580 1631 1630
f 1580 1581 1632 1631
f 1582 1583 1634 1633
f 1583 1584 1635 1634
f 1584 1585 1636 1635
f 1585 1586 1637 1636
f 1586 1587 1638 1637
f 1587 1588 1639 1638
f 1588 1589 1640 1639
f 1589 1590 1641 1640
f 1590 1591 1642 1641
f 1591 1592 1643 1642
f 1592 1593 1644 1643
f 1593 1594 1645 1644
f 1594 1595 1646 1645
f 1595 1596 1647 1646
f 1596 1597 1648 1647
f 1597 1598 1649 1648
f 1598 1599 1650 1649
f 1599 1600 1651 1650
f 1600 1601 1652 1651
f 1601 1602 1653 1652
f 1602 1603 1654 1653
f 1603 1604 1655 1654
f 1604 1605 1656 1655
f 1605 1606 1657 1656
f 1606 1607 1658 1657
f 1607 1608 1659 1658
f 1608 1609 1660 1659
f 1609 1610 1661 1660
f 1610 1611 1662 1661
f 1611 1612 1663 1662
f 1612 1613 1664 1663
f 1613 1614 1665 1664
f 1614 1615 1666 1665
f 1615 1616 1667 1666
f 1616 1617 1668 1667
f 1617 1618 1669 1668
f 1618 1619 1670 1669
f 1619 1620 1671 1670
f 1620 1621 1672 1671
f 1621 1622 1673 1672
f 1622 1623 1674 1673
f 1623 1624 1675 1674
f 1624 1625 1676 1675
f 1625 1626 1677 1676
f 1626 1627 1678 1677
f 1627 1628 1679 1678
f 1628 1629 1680 1679
f 1629 1630 1681 1680
f 1630 1631 1682 1681
f 1631 1632 1683 1682
f 1633 1634 1685 1684
f 1634 1635 1686 1685
f 1635 1636 1687 1686
f 1636 1637 1688 1687
f 1637 1638 1689 1688
f 1638 1639 1690 1689
f 1639 1640 1691 1690
f 1640 1641 1692 1691
f 1641 1642 1693 1692
f 1642 1643 1694 1693
f 1643 1644 1695 1694
f 1644 1645 1696 1695
f 1645 1646 1697 1696
f 1646 1647 1698 1697
f 1647 1648 1699 1698
f 1648 1649 1700 1699
f 1649 1650 1701 1700
f 1650 1651 1702 1701
f 1651 1652 1703 1702
f 1652 1653 1704 1703
f 1653 1654 1705 1704
f 1654 1655 1706 1705
f 1655 1656 1707 1706
f 1656 1657 1708 1707
f 1657 1658 1709 1708
f 1658 1659 1710 1709
f 1659 1660 1711 1710
f 1660 1661 1712 1711
f 1661 1662 1713 1712
f 1662 1663 1714 1713
f 1663 1664 1715 1714
f 1664 1665 1716 1715
f 1665 1666 1717 1716
f 1666 1667 1718 1717
f 1667 1668 1719 1718
f 1668 1669 1720 1719
f 1669 1670 1721 1720
f 1670 1671 1722 1721
f 1671 1672 1723 1722
f 1672 1673 1724 1723
f 1673 1674 1725 1724
f 1674 1675 1726 1725
f 1675 1676 1727 1726
f 1676 1677 1728 1727
f 1677 1678 1729 1728
f 1678 1679 1730 1729
f 1679 1680 1731 1730
f 1680 1681 1732 1731
f 1681 1682 1733 1732
f 1682 1683 1734 1733
f 1684 1685 1736 1735
f 1685 1686 1737 1736
f 1686 1687 1738 1737
f 1687 1688 1739 1738
f 1688 1689 1740 1739
f 1689 1690 1741 1740
f 1690 1691 1742 1741
f 1691 1692 1743 1742
f 1692 1693 1744 1743
f 1693 1694 1745 1744
f 1694 1695 1746 1745
f 1695 1696 1747 1746
f 1696 1697 1748 1747
f 1697 1698 1749 1748
f 1698 1699 1750 1749
f 1699 1700 1751 1750
f 1700 1701 1752 1751
f 1701 1702 1753 1752
f 1702 1703 1754 1753
f 1703 1704 1755 1754
f 1704 1705 1756 1755
f 1705 1706 1757 1756
f 1706 1707 1758 1757
f 1707 1708 1759 1758
f 1708 1709 1760 1759
f 1709 1710 1761 1760
f 1710 1711 1762 1761
f 1711 1712 1763 1762
f 1712 1713 1764 1763
f 1713 1714 1765 1764
f 1714 1715 1766 1765
f 1715 1716 1767 1766
f 1716 1717 1768 1767
f 1717 1718 1769 1768
f 1718 1719 1770 1769
f 1719 1720 1771 1770
f 1720 1721 1772 1771
f 1721 1722 1773 1772
f 1722 1723 1774 1773
f 1723 1724 1775 1774
f 1724 1725 1776 1775
f 1725 1726 1777 1776
f 1726 1727 1778 1777
f 1727 1728 1779 1778
f 1728 1729 1780 1779
f 1729 1730 1781 1780
f 1730 1731 1782 1781
f 1731 1732 1783 1782
f 1732 1733 1784 1783
f 1733 1734 1785 1784
f 1735 1736 1787 1786
f 1736 1737 1788 1787
f 1737 1738 1789 1788
f 1738 1739 1790 1789
f 1739 1740 1791 1790
f 1740 1741 1792 1791
f 1741 1742 1793 1792
f 1742 1743 1794 1793
f 1743 1744 1795 1794
f 1744 1745 1796 1795
f 1745 1746 1797 1796
f 1746 1747 1798 1797
f 1747 1748 1799 1798
f 1748 1749 1800 1799
f 1749 1750 1801 1800
f 1750 1751 1802 1801
f 1751 1752 1803 1802
f 1752 1753 1804 1803
f 1753 1754 1805 1804
f 1754 1755 1806 1805
f 1755 1756 1807 1806
f 1756 1757 1808 1807
f 1757 1758 1809 1808
f 1758 1759 1810 1809
f 1759 1760 1811 1810
f 1760 1761 1812 1811
f 1761 1762 1813 1812
f 1762 1763 1814 1813
f 1763 1764 1815 1814
f 1764 1765 1816 1815
f 1765 1766 1817 1816
f 1766 1767 1818 1817
f 1767 1768 1819 1818
f 1768 1769 1820 1819
f 1769 1770 1821 1820
f 1770 1771 1822 1821
f 1771 1772 1823 1822
f 1772 1773 1824 1823
f 1773 1774 1825 1824
f 1774 1775 1826 1825
f 1775 1776 1827 1826
f 1776 1777 1828 1827
f 1777 1778 1829 1828
f 1778 1779 1830 1829
f 1779 1780 1831 1830
f 1780 1781 1832 1831
f 1781 1782 1833 1832
f 1782 1783 1834 1833
f 1783 1784 1835 1834
f 1784 1785 1836 1835
f 1786 1787 1838 1837
f 1787 1788 1839 1838
f 1788 1789 1840 1839
f 1789 1790 1841 1840
f 1790 1791 1842 1841
f 1791 1792 1843 1842
f 1792 1793 1844 1843
f 1793 1794 1845 1844
f 1794 1795 1846 1845
f 1795 1796 1847 1846
f 1796 1797 1848 1847
f 1797 1798 1849 1848
f 1798 1799 1850 1849
f 1799 1800 1851 1850
f 1800 1801 1852 1851
f 1801 1802 1853 1852
f 1802 1803 1854 1853
f 1803 1804 1855 1854
f 1804 1805 1856 1855
f 1805 1806 1857 1856
f 1806 1807 1858 1857
f 1807 1808 1859 1858
f 1808 1809 1860 1859
f 1809 1810 1861 1860
f 1810 1811 1862 1861
f 1811 1812 1863 1862
f 1812 1813 1864 1863
f 1813 1814 1865 1864
f 1814 1815 1866 1865
f 1815 1816 1867 1866
f 1816 1817 1868 1867
f 1817 1818 1869 1868
f 1818 1819 1870 1869
f 1819 1820 1871 1870
f 1820 1821 1872 1871
f 1821 1822 1873 1872
f 1822 1823 1874 1873
f 1823 1824 1875 1874
f 1824 1825 1876 1875
f 1825 1826 1877 1876
f 1826 1827 1878 1877
f 1827 1828 1879 1878
f 1828 1829 1880 1879
f 1829 1830 1881 1880
f 1830 1831 1882 1881
f 1831 1832 1883 1882
f 1832 1833 1884 1883
f 1833 1834 1885 1884
f 1834 1835 1886 1885
f 1835 1836 1887 1886
f 1837 1838 1889 1888
f 1838 1839 1890 1889
f 1839 1840 1891 1890
f 1840 1841 1892 1891
f 1841 1842 1893 1892
f 1842 1843 1894 1893
f 1843 1844 1895 1894
f 1844 1845 1896 1895
f 1845 1846 1897 1896
f 1846 1847 1898 1897
f 1847 1848 1899 1898
f 1848 1849 1900 1899
f 1849 1850 1901 1900
f 1850 1851 1902 1901
f 1851 1852 1903 1902
f 1852 1853 1904 1903
f 1853 1854 1905 1904
f 1854 1855 1906 1905
f 1855 1856 1907 1906
f 1856 1857 1908 1907
f 1857 1858 1909 1908
f 1858 1859 1910 1909
f 1859 1860 1911 1910
f 1860 1861 1912 1911
f 1861 1862 1913 1912
f 1862 1863 1914 1913
f 1863 1864 1915 1914
f 1864 1865 1916 1915
f 1865 1866 1917 1916
f 1866 1867 1918 1917
f 1867 1868 1919 1918
f 1868 1869 1920 1919
f 1869 1870 1921 1920
f 1870 1871 1922 1921
f 1871 1872 1923 1922
f 1872 1873 1924 1923
f 1873 1874 1925 1924
f 1874 1875 1926 1925
f 1875 1876 1927 1926
f 1876 1877 1928 1927
f 1877 1878 1929 1928
f 1878 1879 1930 1929
f 1879 1880 1931 1930
f 1880 1881 1932 1931
f 1881 1882 1933 1932
f 1882 1883 1934 1933
f 1883 1884 1935 1934
f 1884 1885 1936 1935
f 1885 1886 1937 1936
f 1886 1887 1938 1937
f 1888 1889 1940 1939
f 1889 1890 1941 1940
f 1890 1891 1942 1941
f 1891 1892 1943 1942
f 1892 1893 1944 1943
f 1893 1894 1945 1944
f 1894 1895 1946 1945
f 1895 1896 1947 1946
f 1896 1897 1948 1947
f 1897 1898 1949 1948
f 1898 1899 1950 1949
f 1899 1900 1951 1950
f 1900 1901 1952 1951
f 1901 1902 1953 1952
f 1902 1903 1954 1953
f 1903 1904 1955 1954
f 1904 1905 1956 1955
f 1905 1906 1957 1956
f 1906 1907 1958 1957
f 1907 1908 1959 1958
f 1908 1909 1960 1959
f 1909 1910 1961 1960
f 1910 1911 1962 1961
f 1911 1912 1963 1962
f 1912 1913 1964 1963
f 1913 1914 1965 1964
f 1914 1915 1966 1965
f 1915 1916 1967 1966
f 1916 1917 1968 1967
f 1917 1918 1969 1968
f 1918 1919 1970 1969
f 1919 1920 1971 1970
f 1920 1921 1972 1971
f 1921 1922 1973 1972
f 1922 1923 1974 1973
f 1923 1924 1975 1974
f 1924 1925 1976 1975
f 1925 1926 1977 1976
f 1926 1927 1978 1977
f 1927 1928 1979 1978
f 1928 1929 1980 1979
f 1929 1930 1981 1980
f 1930 1931 1982 1981
f 1931 1932 1983 1982
f 1932 1933 1984 1983
f 1933 1934 1985 1984
f 1934 1935 1986 1985
f 1935 1936 1987 1986
f 1936 1937 1988 1987
f 1937 1938 1989 1988
f 1939 1940 1991 1990
f 1940 1941 1992 1991
f 1941 1942 1993 1992
f 1942 1943 1994 1993
f 1943 1944 1995 1994
f 1944 1945 1996 1995
f 1945 1946 1997 1996
f 1946 1947 1998 1997
f 1947 1948 1999 1998
f 1948 1949 2000 1999
f 1949 1950 2001 2000
f 1950 1951 2002 2001
f 1951 1952 2003 2002
f 1952 1953 2004 2003
f 1953 1954 2005 2004
f 1954 1955 2006 2005
f 1955 1956 2007 2006
f 1956 1957 2008 2007
f 1957 1958 2009 2008
f 1958 1959 2010 2009
f 1959 1960 2011 2010
f 1960 1961 2012 2011
f 1961 1962 2013 2012
f 1962 1963 2014 2013
f 1963 1964 2015 2014
f 1964 1965 2016 2015
f 1965 1966 2017 2016
f 1966 1967 2018 2017
f 1967 1968 2019 2018
f 1968 1969 2020 2019
f 1969 1970 2021 2020
f 1970 1971 2022 2021
f 1971 1972 2023 2022
f 1972 1973 2024 2023
f 1973 1974 2025 2024
f 1974 1975 2026 2025
f 1975 1976 2027 2026
f 1976 1977 2028 2027
f 1977 1978 2029 2028
f 1978 1979 2030 2029
f 1979 1980 2031 2030
f 1980 1981 2032 2031
f 1981 1982 2033 2032
f 1982 1983 2034 2033
f 1983 1984 2035 2034
f 1984 1985 2036 2035
f 1985 1986 2037 2036
f 1986 1987 2038 2037
f 1987 1988 2039 2038
f 1988 1989 2040 2039
f 1990 1991 2042 2041
f 1991 1992 2043 2042
f 1992 1993 2044 2043
f 1993 1994 2045 2044
f 1994 1995 2046 2045
f 1995 1996 2047 2046
f 1996 1997 2048 2047
f 1997 1998 2049 2048
f 1998 1999 2050 2049
f 1999 2000 2051 2050
f 2000 2001 2052 2051
f 2001 2002 2053 2052
f 2002 2003 2054 2053
f 2003 2004 2055 2054
f 2004 2005 2056 2055
f 2005 2006 2057 2056
f 2006 2007 2058 2057
f 2007 2008 2059 2058
f 2008 2009 2060 2059
f 2009 2010 2061 2060
f 2010 2011 2062 2061
f 2011 2012 2063 2062
f 2012 2013 2064 2063
f 2013 2014 2065 2064
f 2014 2015 2066 2065
f 2015 2016 2067 2066
f 2016 2017 2068 2067
f 2017 2018 2069 2068
f 2018 2019 2070 2069
f 2019 2020 2071 2070
f 2020 2021 2072 2071
f 2021 2022 2073 2072
f 2022 2023 2074 2073
f 2023 2024 2075 2074
f 2024 2025 2076 2075
f 2025 2026 2077 2076
f 2026 2027 2078 2077
f 2027 2028 2079 2078
f 2028 2029 2080 2079
f 2029 2030 2081 2080
f 2030 2031 2082 2081
f 2031 2032 2083 2082
f 2032 2033 2084 2083
f 2033 2034 2085 2084
f 2034 2035 2086 2085
f 2035 2036 2087 2086
f 2036 2037 2088 2087
f 2037 2038 2089 2088
f 2038 2039 2090 2089
f 2039 2040 2091 2090
f 2041 2042 2093 2092
f 2042 2043 2094 2093
f 2043 2044 2095 2094
f 2044 2045 2096 2095
f 2045 2046 2097 2096
f 2046 2047 2098 2097
f 2047 2048 2099 2098
f 2048 2049 2100 2099
f 2049 2050 2101 2100
f 2050 2051 2102 2101
f 2051 2052 2103 2102
f 2052 2053 2104 2103
f 2053 2054 2105 2104
f 2054 2055 2106 2105
f 2055 2056 2107 2106
f 2056 2057 2108 2107
f 2057 2058 2109 2108
f 2058 2059 2110 2109
f 2059 2060 2111 2110
f 2060 2061 2112 2111
f 2061 2062 2113 2112
f 2062 2063 2114 2113
f 2063 2064 2115 2114
f 2064 2065 2116 2115
f 2065 2066 2117 2116
f 2066 2067 2118 2117
f 2067 2068 2119 2118
f 2068 2069 2120 2119
f 2069 2070 2121 2120
f 2070 2071 2122 2121
f 2071 2072 2123 2122
f 2072 2073 2124 2123
f 2073 2074 2125 2124
f 2074 2075 2126 2125
f 2075 2076 2127 2126
f 2076 2077 2128 2127
f 2077 2078 2129 2128
f 2078 2079 2130 2129
f 2079 2080 2131 2130
f 2080 2081 2132 2131
f 2081 2082 2133 2132
f 2082 2083 2134 2133
f 2083 2084 2135 2134
f 2084 2085 2136 2135
f 2085 2086 2137 2136
f 2086 2087 2138 2137
f 2087 2088 2139 2138
f 2088 2089 2140 2139
f 2089 2090 2141 2140
f 2090 2091 2142 2141
f 2092 2093 2144 2143
f 2093 2094 2145 2144
f 2094 2095 2146 2145
f 2095 2096 2147 2146
f 2096 2097 2148 2147
f 2097 2098 2149 2148
f 2098 2099 2150 2149
f 2099 2100 2151 2150
f 2100 2101 2152 2151
f 2101 2102 2153 2152
f 2102 2103 2154 2153
f 2103 2104 2155 2154
f 2104 2105 2156 2155
f 2105 2106 2157 2156
f 2106 2107 2158 2157
f 2107 2108 2159 2158
f 2108 2109 2160 2159
f 2109 2110 2161 2160
f 2110 2111 2162 2161
f 2111 2112 2163 2162
f 2112 2113 2164 2163
f 2113 2114 2165 2164
f 2114 2115 2166 2165
f 2115 2116 2167 2166
f 2116 2117 2168 2167
f 2117 2118 2169 2168
f 2118 2119 2170 2169
f 2119 2120 2171 2170
f 2120 2121 2172 2171
f 2121 2122 2173 2172
f 2122 2123 2174 2173
f 2123 2124 2175 2174
f 2124 2125 2176 2175
f 2125 2126 2177 2176
f 2126 2127 2178 2177
f 2127 2128 2179 2178
f 2128 2129 2180 2179
f 2129 2130 2181 2180
f 2130 2131 2182 2181
f 2131 2132 2183 2182
f 2132 2133 2184 2183
f 2133 2134 2185 2184
f 2134 2135 2186 2185
f 2135 2136 2187 2186
f 2136 2137 2188 2187
f 2137 2138 2189 2188
f 2138 2139 2190 2189
f 2139 2140 2191 2190
f 2140 2141 2192 2191
f 2141 2142 2193 2192
f 2143 2144 2195 2194
f 2144 2145 2196 2195
f 2145 2146 2197 2196
f 2146 2147 2198 2197
f 2147 2148 2199 2198
f 2148 2149 2200 2199
f 2149 2150 2201 2200
f 2150 2151 2202 2201
f 2151 2152 2203 2202
f 2152 2153 2204 2203
f 2153 2154 2205 2204
f 2154 2155 2206 2205
f 2155 2156 2207 2206
f 2156 2157 2208 2207
f 2157 2158 2209 2208
f 2158 2159 2210 2209
f 2159 2160 2211 2210
f 2160 2161 2212 2211
f 2161 2162 2213 2212
f 2162 2163 2214 2213
f 2163 2164 2215 2214
f 2164 2165 2216 2215
f 2165 2166 2217 2216
f 2166 2167 2218 2217
f 2167 2168 2219 2218
f 2168 2169 2220 2219
f 2169 2170 2221 2220
f 2170 2171 2222 2221
f 2171 2172 2223 2222
f 2172 2173 2224 2223
f 2173 2174 2225 2224
f 2174 2175 2226 2225
f 2175 2176 2227 2226
f 2176 2177 2228 2227
f 2177 2178 2229 2228
f 2178 2179 2230 2229
f 2179 2180 2231 2230
f 2180 2181 2232 2231
f 2181 2182 2233 2232
f 2182 2183 2234 2233
f 2183 2184 2235 2234
f 2184 2185 2236 2235
f 2185 2186 2237 2236
f 2186 2187 2238 2237
f 2187 2188 2239 2238
f 2188 2189 2240 2239
f 2189 2190 2241 2240
f 2190 2191 2242 2241
f 2191 2192 2243 2242
f 2192 2193 2244 2243
f 2194 2195 2246 2245
f 2195 2196 2247 2246
f 2196 2197 2248 2247
f 2197 2198 2249 2248
f 2198 2199 2250 2249
f 2199 2200 2251 2250
f 2200 2201 2252 2251
f 2201 2202 2253 2252
f 2202 2203 2254 2253
f 2203 2204 2255 2254
f 2204 2205 2256 2255
f 2205 2206 2257 2256
f 2206 2207 2258 2257
f 2207 2208 2259 2258
f 2208 2209 2260 2259
f 2209 2210 2261 2260
f 2210 2211 2262 2261
f 2211 2212 2263 2262
f 2212 2213 2264 2263
f 2213 2214 2265 2264
f 2214 2215 2266 2265
f 2215 2216 2267 2266
f 2216 2217 2268 2267
f 2217 2218 2269 2268
f 2218 2219 2270 2269
f 2219 2220 2271 2270
f 2220 2221 2272 2271
f 2221 2222 2273 2272
f 2222 2223 2274 2273
f 2223 2224 2275 2274
f 2224 2225 2276 2275
f 2225 2226 2277 2276
f 2226 2227 2278 2277
f 2227 2228 2279 2278
f 2228 2229 2280 2279
f 2229 2230 2281 2280
f 2230 2231 2282 2281
f 2231 2232 2283 2282
f 2232 2233 2284 2283
f 2233 2234 2285 2284
f 2234 2235 2286 2285
f 2235 2236 2287 2286
f 2236 2237 2288 2287
f 2237 2238 2289 2288
f 2238 2239 2290 2289
f 2239 2240 2291 2290
f 2240 2241 2292 2291
f 2241 2242 2293 2292
f 2242 2243 2294 2293
f 2243 2244 2295 2294
f 2245 2246 2297 2296
f 2246 2247 2298 2297
f 2247 2248 2299 2298
f 2248 2249 2300 2299
f 2249 2250 2301 2300
f 2250 2251 2302 2301
f 2251 2252 2303 2302
f 2252 2253 2304 2303
f 2253 2254 2305 2304
f 2254 2255 2306 2305
f 2255 2256 2307 2306
f 2256 2257 2308 2307
f 2257 2258 2309 2308
f 2258 2259 2310 2309
f 2259 2260 2311 2310
f 2260 2261 2312 2311
f 2261 2262 2313 2312
f 2262 2263 2314 2313
f 2263 2264 2315 2314
f 2264 2265 2316 2315
f 2265 2266 2317 2316
f 2266 2267 2318 2317
f 2267 2268 2319 2318
f 2268 2269 2320 2319
f 2269 2270 2321 2320
f 2270 2271 2322 2321
f 2271 2272 2323 2322
f 2272 2273 2324 2323
f 2273 2274 2325 2324
f 2274 2275 2326 2325
f 2275 2276 2327 2326
f 2276 2277 2328 2327
f 2277 2278 2329 2328
f 2278 2279 2330 2329
f 2279 2280 2331 2330
f 2280 2281 2332 2331
f 2281 2282 2333 2332
f 2282 2283 2334 2333
f 2283 2284 2335 2334
f 2284 2285 2336 2335
f 2285 2286 2337 2336
f 2286 2287 2338 2337
f 2287 2288 2339 2338
f 2288 2289 2340 2339
f 2289 2290 2341 2340
f 2290 2291 2342 2341
f 2291 2292 2343 2342
f 2292 2293 2344 2343
f 2293 2294 2345 2344
f 2294 2295 2346 2345
f 2296 2297 2348 2347
f 2297 2298 2349 2348
f 2298 2299 2350 2349
f 2299 2300 2351 2350
f 2300 2301 2352 2351
f 2301 2302 2353 2352
f 2302 2303 2354 2353
f 2303 2304 2355 2354
f 2304 2305 2356 2355
f 2305 2306 2357 2356
f 2306 2307 2358 2357
f 2307 2308 2359 2358
f 2308 2309 2360 2359
f 2309 2310 2361 2360
f 2310 2311 2362 2361
f 2311 2312 2363 2362
f 2312 2313 2364 2363
f 2313 2314 2365 2364
f 2314 2315 2366 2365
f 2315 2316 2367 2366
f 2316 2317 2368 2367
f 2317 2318 2369 2368
f 2318 2319 2370 2369
f 2319 2320 2371 2370
f 2320 2321 2372 2371
f 2321 2322 2373 2372
f 2322 2323 2374 2373
f 2323 2324 2375 2374
f 2324 2325 2376 2375
f 2325 2326 2377 2376
f 2326 2327 2378 2377
f 2327 2328 2379 2378
f 2328 2329 2380 2379
f 2329 2330 2381 2380
f 2330 2331 2382 2381
f 2331 2332 2383 2382
f 2332 2333 2384 2383
f 2333 2334 2385 2384
f 2334 2335 2386 2385
f 2335 2336 2387 2386
f 2336 2337 2388 2387
f 2337 2338 2389 2388
f 2338 2339 2390 2389
f 2339 2340 2391 2390
f 2340 2341 2392 2391
f 2341 2342 2393 2392
f 2342 2343 2394 2393
f 2343 2344 2395 2394
f 2344 2345 2396 2395
f 2345 2346 2397 2396
f 2347 2348 2399 2398
f 2348 2349 2400 2399
f 2349 2350 2401 2400
f 2350 2351 2402 2401
f 2351 2352 2403 2402
f 2352 2353 2404 2403
f 2353 2354 2405 2404
f 2354 2355 2406 2405
f 2355 2356 2407 2406
f 2356 2357 2408 2407
f 2357 2358 2409 2408
f 2358 2359 2410 2409
f 2359 2360 2411 2410
f 2360 2361 2412 2411
f 2361 2362 2413 2412
f 2362 2363 2414 2413
f 2363 2364 2415 2414
f 2364 2365 2416 2415
f 2365 2366 2417 2416
f 2366 2367 2418 2417
f 2367 2368 2419 2418
f 2368 2369 2420 2419
f 2369 2370 2421 2420
f 2370 2371 2422 2421
f 2371 2372 2423 2422
f 2372 2373 2424 2423
f 2373 2374 2425 2424
f 2374 2375 2426 2425
f 2375 2376 2427 2426
f 2376 2377 2428 2427
f 2377 2378 2429 2428
f 2378 2379 2430 2429
f 2379 2380 2431 2430
f 2380 2381 2432 2431
f 2381 2382 2433 2432
f 2382 2383 2434 2433
f 2383 2384 2435 2434
f 2384 2385 2436 2435
f 2385 2386 2437 2436
f 2386 2387 2438 2437
f 2387 2388 2439 2438
f 2388 2389 2440 2439
f 2389 2390 2441 2440
f 2390 2391 2442 2441
f 2391 2392 2443 2442
f 2392 2393 2444 2443
f 2393 2394 2445 2444
f 2394 2395 2446 2445
f 2395 2396 2447 2446
f 2396 2397 2448 2447
f 2398 2399 2450 2449
f 2399 2400 2451 2450
f 2400 2401 2452 2451
f 2401 2402 2453 2452
f 2402 2403 2454 2453
f 2403 2404 2455 2454
f 2404 2405 2456 2455
f 2405 2406 2457 2456
f 2406 2407 2458 2457
f 2407 2408 2459 2458
f 2408 2409 2460 2459
f 2409 2410 2461 2460
f 2410 2411 2462 2461
f 2411 2412 2463 2462
f 2412 2413 2464 2463
f 2413 2414 2465 2464
f 2414 2415 2466 2465
f 2415 2416 2467 2466
f 2416 2417 2468 2467
f 2417 2418 2469 2468
f 2418 2419 2470 2469
f 2419 2420 2471 2470
f 2420 2421 2472 2471
f 2421 2422 2473 2472
f 2422 2423 2474 2473
f 2423 2424 2475 2474
f 2424 2425 2476 2475
f 2425 2426 2477 2476
f 2426 2427 2478 2477
f 2427 2428 2479 2478
f 2428 2429 2480 2479
f 2429 2430 2481 2480
f 2430 2431 2482 2481
f 2431 2432 2483 2482
f 2432 2433 2484 2483
f 2433 2434 2485 2484
f 2434 2435 2486 2485
f 2435 2436 2487 2486
f 2436 2437 2488 2487
f 2437 2438 2489 2488
f 2438 2439 2490 2489
f 2439 2440 2491 2490
f 2440 2441 2492 2491
f 2441 2442 2493 2492
f 2442 2443 2494 2493
f 2443 2444 2495 2494
f 2444 2445 2496 2495
f 2445 2446 2497 2496
f 2446 2447 2498 2497
f 2447 2448 2499 2498
