# Kuppam Block B, metres, z negative = depth. Block outline 9.5 x 6.0 m at z=0
o B1
v 6.5000 0.0000 -0.5950
v 6.6000 0.0000 -0.5978
v 6.7000 0.0000 -0.6021
v 6.8000 0.0000 -0.6080
v 6.9000 0.0000 -0.6138
v 7.0000 0.0000 -0.6218
v 7.1000 0.0000 -0.6289
v 7.2000 0.0000 -0.6355
v 7.3000 0.0000 -0.6408
v 7.4000 0.0000 -0.6466
v 7.5000 0.0000 -0.6528
v 7.6000 0.0000 -0.6617
v 7.7000 0.0000 -0.6714
v 7.8000 0.0000 -0.6829
v 7.9000 0.0000 -0.6936
v 8.0000 0.0000 -0.7025
v 8.1000 0.0000 -0.7086
v 8.2000 0.0000 -0.7136
v 8.3000 0.0000 -0.7186
v 8.4000 0.0000 -0.7255
v 8.5000 0.0000 -0.7340
v 8.6000 0.0000 -0.7468
v 8.7000 0.0000 -0.7640
v 8.8000 0.0000 -0.7841
v 8.9000 0.0000 -0.8053
v 9.0000 0.0000 -0.8252
v 9.1000 0.0000 -0.8411
v 9.2000 0.0000 -0.8520
v 9.3000 0.0000 -0.8594
v 9.4000 0.0000 -0.8627
v 9.5000 0.0000 -0.8647
v 6.5000 0.1000 -0.5927
v 6.6000 0.1000 -0.5961
v 6.7000 0.1000 -0.6011
v 6.8000 0.1000 -0.6076
v 6.9000 0.1000 -0.6140
v 7.0000 0.1000 -0.6219
v 7.1000 0.1000 -0.6288
v 7.2000 0.1000 -0.6354
v 7.3000 0.1000 -0.6410
v 7.4000 0.1000 -0.6473
v 7.5000 0.1000 -0.6544
v 7.6000 0.1000 -0.6642
v 7.7000 0.1000 -0.6747
v 7.8000 0.1000 -0.6867
v 7.9000 0.1000 -0.6978
v 8.0000 0.1000 -0.7070
v 8.1000 0.1000 -0.7132
v 8.2000 0.1000 -0.7181
v 8.3000 0.1000 -0.7228
v 8.4000 0.1000 -0.7291
v 8.5000 0.1000 -0.7370
v 8.6000 0.1000 -0.7488
v 8.7000 0.1000 -0.7645
v 8.8000 0.1000 -0.7822
v 8.9000 0.1000 -0.8011
v 9.0000 0.1000 -0.8191
v 9.1000 0.1000 -0.8338
v 9.2000 0.1000 -0.8446
v 9.3000 0.1000 -0.8530
v 9.4000 0.1000 -0.8575
v 9.5000 0.1000 -0.8604
v 6.5000 0.2000 -0.5897
v 6.6000 0.2000 -0.5939
v 6.7000 0.2000 -0.5996
v 6.8000 0.2000 -0.6071
v 6.9000 0.2000 -0.6144
v 7.0000 0.2000 -0.6221
v 7.1000 0.2000 -0.6286
v 7.2000 0.2000 -0.6353
v 7.3000 0.2000 -0.6413
v 7.4000 0.2000 -0.6483
v 7.5000 0.2000 -0.6566
v 7.6000 0.2000 -0.6675
v 7.7000 0.2000 -0.6790
v 7.8000 0.2000 -0.6918
v 7.9000 0.2000 -0.7034
v 8.0000 0.2000 -0.7129
v 8.1000 0.2000 -0.7194
v 8.2000 0.2000 -0.7241
v 8.3000 0.2000 -0.7283
v 8.4000 0.2000 -0.7338
v 8.5000 0.2000 -0.7410
v 8.6000 0.2000 -0.7515
v 8.7000 0.2000 -0.7650
v 8.8000 0.2000 -0.7796
v 8.9000 0.2000 -0.7955
v 9.0000 0.2000 -0.8109
v 9.1000 0.2000 -0.8241
v 9.2000 0.2000 -0.8347
v 9.3000 0.2000 -0.8445
v 9.4000 0.2000 -0.8506
v 9.5000 0.2000 -0.8547
v 6.5000 0.3000 -0.5858
v 6.6000 0.3000 -0.5911
v 6.7000 0.3000 -0.5978
v 6.8000 0.3000 -0.6066
v 6.9000 0.3000 -0.6148
v 7.0000 0.3000 -0.6224
v 7.1000 0.3000 -0.6285
v 7.2000 0.3000 -0.6352
v 7.3000 0.3000 -0.6416
v 7.4000 0.3000 -0.6496
v 7.5000 0.3000 -0.6593
v 7.6000 0.3000 -0.6717
v 7.7000 0.3000 -0.6845
v 7.8000 0.3000 -0.6981
v 7.9000 0.3000 -0.7105
v 8.0000 0.3000 -0.7204
v 8.1000 0.3000 -0.7271
v 8.2000 0.3000 -0.7316
v 8.3000 0.3000 -0.7353
v 8.4000 0.3000 -0.7398
v 8.5000 0.3000 -0.7460
v 8.6000 0.3000 -0.7548
v 8.7000 0.3000 -0.7656
v 8.8000 0.3000 -0.7763
v 8.9000 0.3000 -0.7884
v 9.0000 0.3000 -0.8005
v 9.1000 0.3000 -0.8118
v 9.2000 0.3000 -0.8224
v 9.3000 0.3000 -0.8339
v 9.4000 0.3000 -0.8418
v 9.5000 0.3000 -0.8475
v 6.5000 0.4000 -0.5801
v 6.6000 0.4000 -0.5862
v 6.7000 0.4000 -0.5938
v 6.8000 0.4000 -0.6036
v 6.9000 0.4000 -0.6127
v 7.0000 0.4000 -0.6204
v 7.1000 0.4000 -0.6265
v 7.2000 0.4000 -0.6336
v 7.3000 0.4000 -0.6408
v 7.4000 0.4000 -0.6497
v 7.5000 0.4000 -0.6606
v 7.6000 0.4000 -0.6741
v 7.7000 0.4000 -0.6877
v 7.8000 0.4000 -0.7014
v 7.9000 0.4000 -0.7137
v 8.0000 0.4000 -0.7235
v 8.1000 0.4000 -0.7301
v 8.2000 0.4000 -0.7343
v 8.3000 0.4000 -0.7377
v 8.4000 0.4000 -0.7418
v 8.5000 0.4000 -0.7476
v 8.6000 0.4000 -0.7553
v 8.7000 0.4000 -0.7643
v 8.8000 0.4000 -0.7724
v 8.9000 0.4000 -0.7818
v 9.0000 0.4000 -0.7917
v 9.1000 0.4000 -0.8018
v 9.2000 0.4000 -0.8125
v 9.3000 0.4000 -0.8253
v 9.4000 0.4000 -0.8348
v 9.5000 0.4000 -0.8417
v 6.5000 0.5000 -0.5723
v 6.6000 0.5000 -0.5791
v 6.7000 0.5000 -0.5876
v 6.8000 0.5000 -0.5981
v 6.9000 0.5000 -0.6081
v 7.0000 0.5000 -0.6162
v 7.1000 0.5000 -0.6228
v 7.2000 0.5000 -0.6306
v 7.3000 0.5000 -0.6388
v 7.4000 0.5000 -0.6487
v 7.5000 0.5000 -0.6607
v 7.6000 0.5000 -0.6748
v 7.7000 0.5000 -0.6886
v 7.8000 0.5000 -0.7016
v 7.9000 0.5000 -0.7132
v 8.0000 0.5000 -0.7223
v 8.1000 0.5000 -0.7284
v 8.2000 0.5000 -0.7322
v 8.3000 0.5000 -0.7357
v 8.4000 0.5000 -0.7398
v 8.5000 0.5000 -0.7457
v 8.6000 0.5000 -0.7532
v 8.7000 0.5000 -0.7612
v 8.8000 0.5000 -0.7679
v 8.9000 0.5000 -0.7759
v 9.0000 0.5000 -0.7845
v 9.1000 0.5000 -0.7941
v 9.2000 0.5000 -0.8052
v 9.3000 0.5000 -0.8189
v 9.4000 0.5000 -0.8295
v 9.5000 0.5000 -0.8374
v 6.5000 0.6000 -0.5626
v 6.6000 0.6000 -0.5699
v 6.7000 0.6000 -0.5790
v 6.8000 0.6000 -0.5903
v 6.9000 0.6000 -0.6010
v 7.0000 0.6000 -0.6098
v 7.1000 0.6000 -0.6171
v 7.2000 0.6000 -0.6260
v 7.3000 0.6000 -0.6355
v 7.4000 0.6000 -0.6465
v 7.5000 0.6000 -0.6594
v 7.6000 0.6000 -0.6738
v 7.7000 0.6000 -0.6872
v 7.8000 0.6000 -0.6988
v 7.9000 0.6000 -0.7090
v 8.0000 0.6000 -0.7167
v 8.1000 0.6000 -0.7218
v 8.2000 0.6000 -0.7251
v 8.3000 0.6000 -0.7291
v 8.4000 0.6000 -0.7338
v 8.5000 0.6000 -0.7403
v 8.6000 0.6000 -0.7482
v 8.7000 0.6000 -0.7562
v 8.8000 0.6000 -0.7628
v 8.9000 0.6000 -0.7704
v 9.0000 0.6000 -0.7789
v 9.1000 0.6000 -0.7886
v 9.2000 0.6000 -0.8002
v 9.3000 0.6000 -0.8146
v 9.4000 0.6000 -0.8260
v 9.5000 0.6000 -0.8345
v 6.5000 0.7000 -0.5509
v 6.6000 0.7000 -0.5586
v 6.7000 0.7000 -0.5683
v 6.8000 0.7000 -0.5799
v 6.9000 0.7000 -0.5913
v 7.0000 0.7000 -0.6010
v 7.1000 0.7000 -0.6096
v 7.2000 0.7000 -0.6199
v 7.3000 0.7000 -0.6311
v 7.4000 0.7000 -0.6433
v 7.5000 0.7000 -0.6567
v 7.6000 0.7000 -0.6711
v 7.7000 0.7000 -0.6836
v 7.8000 0.7000 -0.6930
v 7.9000 0.7000 -0.7009
v 8.0000 0.7000 -0.7067
v 8.1000 0.7000 -0.7104
v 8.2000 0.7000 -0.7131
v 8.3000 0.7000 -0.7180
v 8.4000 0.7000 -0.7238
v 8.5000 0.7000 -0.7315
v 8.6000 0.7000 -0.7405
v 8.7000 0.7000 -0.7494
v 8.8000 0.7000 -0.7571
v 8.9000 0.7000 -0.7657
v 9.0000 0.7000 -0.7750
v 9.1000 0.7000 -0.7854
v 9.2000 0.7000 -0.7978
v 9.3000 0.7000 -0.8125
v 9.4000 0.7000 -0.8243
v 9.5000 0.7000 -0.8331
v 6.5000 0.8000 -0.5373
v 6.6000 0.8000 -0.5451
v 6.7000 0.8000 -0.5552
v 6.8000 0.8000 -0.5672
v 6.9000 0.8000 -0.5792
v 7.0000 0.8000 -0.5901
v 7.1000 0.8000 -0.6003
v 7.2000 0.8000 -0.6123
v 7.3000 0.8000 -0.6254
v 7.4000 0.8000 -0.6389
v 7.5000 0.8000 -0.6528
v 7.6000 0.8000 -0.6666
v 7.7000 0.8000 -0.6775
v 7.8000 0.8000 -0.6840
v 7.9000 0.8000 -0.6889
v 8.0000 0.8000 -0.6922
v 8.1000 0.8000 -0.6940
v 8.2000 0.8000 -0.6963
v 8.3000 0.8000 -0.7023
v 8.4000 0.8000 -0.7098
v 8.5000 0.8000 -0.7192
v 8.6000 0.8000 -0.7301
v 8.7000 0.8000 -0.7410
v 8.8000 0.8000 -0.7510
v 8.9000 0.8000 -0.7616
v 9.0000 0.8000 -0.7728
v 9.1000 0.8000 -0.7846
v 9.2000 0.8000 -0.7978
v 9.3000 0.8000 -0.8125
v 9.4000 0.8000 -0.8243
v 9.5000 0.8000 -0.8331
v 6.5000 0.9000 -0.5298
v 6.6000 0.9000 -0.5374
v 6.7000 0.9000 -0.5476
v 6.8000 0.9000 -0.5593
v 6.9000 0.9000 -0.5710
v 7.0000 0.9000 -0.5820
v 7.1000 0.9000 -0.5927
v 7.2000 0.9000 -0.6053
v 7.3000 0.9000 -0.6193
v 7.4000 0.9000 -0.6335
v 7.5000 0.9000 -0.6474
v 7.6000 0.9000 -0.6609
v 7.7000 0.9000 -0.6707
v 7.8000 0.9000 -0.6753
v 7.9000 0.9000 -0.6784
v 8.0000 0.9000 -0.6804
v 8.1000 0.9000 -0.6814
v 8.2000 0.9000 -0.6837
v 8.3000 0.9000 -0.6909
v 8.4000 0.9000 -0.7001
v 8.5000 0.9000 -0.7109
v 8.6000 0.9000 -0.7235
v 8.7000 0.9000 -0.7360
v 8.8000 0.9000 -0.7480
v 8.9000 0.9000 -0.7602
v 9.0000 0.9000 -0.7726
v 9.1000 0.9000 -0.7853
v 9.2000 0.9000 -0.7988
v 9.3000 0.9000 -0.8131
v 9.4000 0.9000 -0.8246
v 9.5000 0.9000 -0.8333
v 6.5000 1.0000 -0.5285
v 6.6000 1.0000 -0.5357
v 6.7000 1.0000 -0.5453
v 6.8000 1.0000 -0.5562
v 6.9000 1.0000 -0.5668
v 7.0000 1.0000 -0.5769
v 7.1000 1.0000 -0.5869
v 7.2000 1.0000 -0.5990
v 7.3000 1.0000 -0.6128
v 7.4000 1.0000 -0.6270
v 7.5000 1.0000 -0.6407
v 7.6000 1.0000 -0.6538
v 7.7000 1.0000 -0.6630
v 7.8000 1.0000 -0.6668
v 7.9000 1.0000 -0.6693
v 8.0000 1.0000 -0.6712
v 8.1000 1.0000 -0.6724
v 8.2000 1.0000 -0.6755
v 8.3000 1.0000 -0.6840
v 8.4000 1.0000 -0.6946
v 8.5000 1.0000 -0.7067
v 8.6000 1.0000 -0.7206
v 8.7000 1.0000 -0.7346
v 8.8000 1.0000 -0.7480
v 8.9000 1.0000 -0.7613
v 9.0000 1.0000 -0.7746
v 9.1000 1.0000 -0.7876
v 9.2000 1.0000 -0.8008
v 9.3000 1.0000 -0.8144
v 9.4000 1.0000 -0.8254
v 9.5000 1.0000 -0.8336
v 6.5000 1.1000 -0.5333
v 6.6000 1.1000 -0.5398
v 6.7000 1.1000 -0.5485
v 6.8000 1.1000 -0.5580
v 6.9000 1.1000 -0.5665
v 7.0000 1.1000 -0.5746
v 7.1000 1.1000 -0.5829
v 7.2000 1.1000 -0.5933
v 7.3000 1.1000 -0.6058
v 7.4000 1.1000 -0.6195
v 7.5000 1.1000 -0.6327
v 7.6000 1.1000 -0.6453
v 7.7000 1.1000 -0.6544
v 7.8000 1.1000 -0.6585
v 7.9000 1.1000 -0.6615
v 8.0000 1.1000 -0.6644
v 8.1000 1.1000 -0.6671
v 8.2000 1.1000 -0.6717
v 8.3000 1.1000 -0.6815
v 8.4000 1.1000 -0.6933
v 8.5000 1.1000 -0.7065
v 8.6000 1.1000 -0.7216
v 8.7000 1.1000 -0.7367
v 8.8000 1.1000 -0.7511
v 8.9000 1.1000 -0.7651
v 9.0000 1.1000 -0.7786
v 9.1000 1.1000 -0.7914
v 9.2000 1.1000 -0.8037
v 9.3000 1.1000 -0.8163
v 9.4000 1.1000 -0.8265
v 9.5000 1.1000 -0.8341
v 6.5000 1.2000 -0.5443
v 6.6000 1.2000 -0.5498
v 6.7000 1.2000 -0.5570
v 6.8000 1.2000 -0.5646
v 6.9000 1.2000 -0.5702
v 7.0000 1.2000 -0.5752
v 7.1000 1.2000 -0.5806
v 7.2000 1.2000 -0.5882
v 7.3000 1.2000 -0.5984
v 7.4000 1.2000 -0.6110
v 7.5000 1.2000 -0.6233
v 7.6000 1.2000 -0.6355
v 7.7000 1.2000 -0.6450
v 7.8000 1.2000 -0.6503
v 7.9000 1.2000 -0.6552
v 8.0000 1.2000 -0.6603
v 8.1000 1.2000 -0.6653
v 8.2000 1.2000 -0.6722
v 8.3000 1.2000 -0.6834
v 8.4000 1.2000 -0.6963
v 8.5000 1.2000 -0.7104
v 8.6000 1.2000 -0.7263
v 8.7000 1.2000 -0.7422
v 8.8000 1.2000 -0.7573
v 8.9000 1.2000 -0.7714
v 9.0000 1.2000 -0.7847
v 9.1000 1.2000 -0.7967
v 9.2000 1.2000 -0.8077
v 9.3000 1.2000 -0.8188
v 9.4000 1.2000 -0.8280
v 9.5000 1.2000 -0.8348
v 6.5000 1.3000 -0.5615
v 6.6000 1.3000 -0.5656
v 6.7000 1.3000 -0.5709
v 6.8000 1.3000 -0.5759
v 6.9000 1.3000 -0.5777
v 7.0000 1.3000 -0.5786
v 7.1000 1.3000 -0.5801
v 7.2000 1.3000 -0.5837
v 7.3000 1.3000 -0.5906
v 7.4000 1.3000 -0.6014
v 7.5000 1.3000 -0.6126
v 7.6000 1.3000 -0.6244
v 7.7000 1.3000 -0.6347
v 7.8000 1.3000 -0.6423
v 7.9000 1.3000 -0.6503
v 8.0000 1.3000 -0.6588
v 8.1000 1.3000 -0.6674
v 8.2000 1.3000 -0.6770
v 8.3000 1.3000 -0.6898
v 8.4000 1.3000 -0.7035
v 8.5000 1.3000 -0.7182
v 8.6000 1.3000 -0.7347
v 8.7000 1.3000 -0.7512
v 8.8000 1.3000 -0.7665
v 8.9000 1.3000 -0.7803
v 9.0000 1.3000 -0.7929
v 9.1000 1.3000 -0.8035
v 9.2000 1.3000 -0.8125
v 9.3000 1.3000 -0.8218
v 9.4000 1.3000 -0.8297
v 9.5000 1.3000 -0.8356
v 6.5000 1.4000 -0.5753
v 6.6000 1.4000 -0.5784
v 6.7000 1.4000 -0.5822
v 6.8000 1.4000 -0.5851
v 6.9000 1.4000 -0.5836
v 7.0000 1.4000 -0.5812
v 7.1000 1.4000 -0.5794
v 7.2000 1.4000 -0.5798
v 7.3000 1.4000 -0.5840
v 7.4000 1.4000 -0.5934
v 7.5000 1.4000 -0.6036
v 7.6000 1.4000 -0.6149
v 7.7000 1.4000 -0.6256
v 7.8000 1.4000 -0.6348
v 7.9000 1.4000 -0.6451
v 8.0000 1.4000 -0.6564
v 8.1000 1.4000 -0.6677
v 8.2000 1.4000 -0.6796
v 8.3000 1.4000 -0.6937
v 8.4000 1.4000 -0.7081
v 8.5000 1.4000 -0.7232
v 8.6000 1.4000 -0.7399
v 8.7000 1.4000 -0.7567
v 8.8000 1.4000 -0.7721
v 8.9000 1.4000 -0.7856
v 9.0000 1.4000 -0.7977
v 9.1000 1.4000 -0.8075
v 9.2000 1.4000 -0.8154
v 9.3000 1.4000 -0.8236
v 9.4000 1.4000 -0.8308
v 9.5000 1.4000 -0.8361
v 6.5000 1.5000 -0.5857
v 6.6000 1.5000 -0.5881
v 6.7000 1.5000 -0.5907
v 6.8000 1.5000 -0.5920
v 6.9000 1.5000 -0.5880
v 7.0000 1.5000 -0.5828
v 7.1000 1.5000 -0.5785
v 7.2000 1.5000 -0.5765
v 7.3000 1.5000 -0.5787
v 7.4000 1.5000 -0.5870
v 7.5000 1.5000 -0.5963
v 7.6000 1.5000 -0.6070
v 7.7000 1.5000 -0.6177
v 7.8000 1.5000 -0.6278
v 7.9000 1.5000 -0.6398
v 8.0000 1.5000 -0.6531
v 8.1000 1.5000 -0.6665
v 8.2000 1.5000 -0.6802
v 8.3000 1.5000 -0.6951
v 8.4000 1.5000 -0.7100
v 8.5000 1.5000 -0.7252
v 8.6000 1.5000 -0.7420
v 8.7000 1.5000 -0.7588
v 8.8000 1.5000 -0.7741
v 8.9000 1.5000 -0.7873
v 9.0000 1.5000 -0.7993
v 9.1000 1.5000 -0.8088
v 9.2000 1.5000 -0.8163
v 9.3000 1.5000 -0.8241
v 9.4000 1.5000 -0.8312
v 9.5000 1.5000 -0.8363
v 6.5000 1.6000 -0.5928
v 6.6000 1.6000 -0.5946
v 6.7000 1.6000 -0.5966
v 6.8000 1.6000 -0.5967
v 6.9000 1.6000 -0.5907
v 7.0000 1.6000 -0.5836
v 7.1000 1.6000 -0.5775
v 7.2000 1.6000 -0.5737
v 7.3000 1.6000 -0.5747
v 7.4000 1.6000 -0.5821
v 7.5000 1.6000 -0.5908
v 7.6000 1.6000 -0.6006
v 7.7000 1.6000 -0.6111
v 7.8000 1.6000 -0.6216
v 7.9000 1.6000 -0.6344
v 8.0000 1.6000 -0.6489
v 8.1000 1.6000 -0.6637
v 8.2000 1.6000 -0.6786
v 8.3000 1.6000 -0.6941
v 8.4000 1.6000 -0.7092
v 8.5000 1.6000 -0.7243
v 8.6000 1.6000 -0.7408
v 8.7000 1.6000 -0.7573
v 8.8000 1.6000 -0.7724
v 8.9000 1.6000 -0.7854
v 9.0000 1.6000 -0.7976
v 9.1000 1.6000 -0.8074
v 9.2000 1.6000 -0.8153
v 9.3000 1.6000 -0.8235
v 9.4000 1.6000 -0.8308
v 9.5000 1.6000 -0.8361
v 6.5000 1.7000 -0.5964
v 6.6000 1.7000 -0.5982
v 6.7000 1.7000 -0.5999
v 6.8000 1.7000 -0.5991
v 6.9000 1.7000 -0.5919
v 7.0000 1.7000 -0.5835
v 7.1000 1.7000 -0.5764
v 7.2000 1.7000 -0.5715
v 7.3000 1.7000 -0.5719
v 7.4000 1.7000 -0.5788
v 7.5000 1.7000 -0.5869
v 7.6000 1.7000 -0.5959
v 7.7000 1.7000 -0.6057
v 7.8000 1.7000 -0.6159
v 7.9000 1.7000 -0.6289
v 8.0000 1.7000 -0.6439
v 8.1000 1.7000 -0.6594
v 8.2000 1.7000 -0.6748
v 8.3000 1.7000 -0.6905
v 8.4000 1.7000 -0.7057
v 8.5000 1.7000 -0.7206
v 8.6000 1.7000 -0.7365
v 8.7000 1.7000 -0.7524
v 8.8000 1.7000 -0.7671
v 8.9000 1.7000 -0.7801
v 9.0000 1.7000 -0.7927
v 9.1000 1.7000 -0.8033
v 9.2000 1.7000 -0.8123
v 9.3000 1.7000 -0.8216
v 9.4000 1.7000 -0.8297
v 9.5000 1.7000 -0.8356
v 6.5000 1.8000 -0.5967
v 6.6000 1.8000 -0.5986
v 6.7000 1.8000 -0.6005
v 6.8000 1.8000 -0.5994
v 6.9000 1.8000 -0.5916
v 7.0000 1.8000 -0.5826
v 7.1000 1.8000 -0.5752
v 7.2000 1.8000 -0.5700
v 7.3000 1.8000 -0.5703
v 7.4000 1.8000 -0.5770
v 7.5000 1.8000 -0.5848
v 7.6000 1.8000 -0.5928
v 7.7000 1.8000 -0.6015
v 7.8000 1.8000 -0.6109
v 7.9000 1.8000 -0.6233
v 8.0000 1.8000 -0.6380
v 8.1000 1.8000 -0.6535
v 8.2000 1.8000 -0.6690
v 8.3000 1.8000 -0.6845
v 8.4000 1.8000 -0.6996
v 8.5000 1.8000 -0.7139
v 8.6000 1.8000 -0.7289
v 8.7000 1.8000 -0.7440
v 8.8000 1.8000 -0.7582
v 8.9000 1.8000 -0.7712
v 9.0000 1.8000 -0.7845
v 9.1000 1.8000 -0.7966
v 9.2000 1.8000 -0.8075
v 9.3000 1.8000 -0.8186
v 9.4000 1.8000 -0.8280
v 9.5000 1.8000 -0.8348
v 6.5000 1.9000 -0.5900
v 6.6000 1.9000 -0.5921
v 6.7000 1.9000 -0.5944
v 6.8000 1.9000 -0.5936
v 6.9000 1.9000 -0.5863
v 7.0000 1.9000 -0.5778
v 7.1000 1.9000 -0.5710
v 7.2000 1.9000 -0.5665
v 7.3000 1.9000 -0.5674
v 7.4000 1.9000 -0.5741
v 7.5000 1.9000 -0.5820
v 7.6000 1.9000 -0.5895
v 7.7000 1.9000 -0.5977
v 7.8000 1.9000 -0.6068
v 7.9000 1.9000 -0.6191
v 8.0000 1.9000 -0.6340
v 8.1000 1.9000 -0.6499
v 8.2000 1.9000 -0.6659
v 8.3000 1.9000 -0.6818
v 8.4000 1.9000 -0.6971
v 8.5000 1.9000 -0.7114
v 8.6000 1.9000 -0.7260
v 8.7000 1.9000 -0.7405
v 8.8000 1.9000 -0.7546
v 8.9000 1.9000 -0.7679
v 9.0000 1.9000 -0.7819
v 9.1000 1.9000 -0.7951
v 9.2000 1.9000 -0.8075
v 9.3000 1.9000 -0.8200
v 9.4000 1.9000 -0.8301
v 9.5000 1.9000 -0.8376
v 6.5000 2.0000 -0.5761
v 6.6000 2.0000 -0.5787
v 6.7000 2.0000 -0.5815
v 6.8000 2.0000 -0.5816
v 6.9000 2.0000 -0.5758
v 7.0000 2.0000 -0.5690
v 7.1000 2.0000 -0.5639
v 7.2000 2.0000 -0.5608
v 7.3000 2.0000 -0.5628
v 7.4000 2.0000 -0.5701
v 7.5000 2.0000 -0.5784
v 7.6000 2.0000 -0.5860
v 7.7000 2.0000 -0.5942
v 7.8000 2.0000 -0.6036
v 7.9000 2.0000 -0.6163
v 8.0000 2.0000 -0.6318
v 8.1000 2.0000 -0.6486
v 8.2000 2.0000 -0.6656
v 8.3000 2.0000 -0.6822
v 8.4000 2.0000 -0.6983
v 8.5000 2.0000 -0.7130
v 8.6000 2.0000 -0.7276
v 8.7000 2.0000 -0.7421
v 8.8000 2.0000 -0.7564
v 8.9000 2.0000 -0.7702
v 9.0000 2.0000 -0.7849
v 9.1000 2.0000 -0.7990
v 9.2000 2.0000 -0.8125
v 9.3000 2.0000 -0.8257
v 9.4000 2.0000 -0.8362
v 9.5000 2.0000 -0.8439
v 6.5000 2.1000 -0.5552
v 6.6000 2.1000 -0.5583
v 6.7000 2.1000 -0.5620
v 6.8000 2.1000 -0.5635
v 6.9000 2.1000 -0.5603
v 7.0000 2.1000 -0.5562
v 7.1000 2.1000 -0.5537
v 7.2000 2.1000 -0.5529
v 7.3000 2.1000 -0.5568
v 7.4000 2.1000 -0.5649
v 7.5000 2.1000 -0.5740
v 7.6000 2.1000 -0.5822
v 7.7000 2.1000 -0.5910
v 7.8000 2.1000 -0.6013
v 7.9000 2.1000 -0.6148
v 8.0000 2.1000 -0.6315
v 8.1000 2.1000 -0.6495
v 8.2000 2.1000 -0.6680
v 8.3000 2.1000 -0.6859
v 8.4000 2.1000 -0.7032
v 8.5000 2.1000 -0.7187
v 8.6000 2.1000 -0.7338
v 8.7000 2.1000 -0.7486
v 8.8000 2.1000 -0.7636
v 8.9000 2.1000 -0.7780
v 9.0000 2.1000 -0.7933
v 9.1000 2.1000 -0.8082
v 9.2000 2.1000 -0.8225
v 9.3000 2.1000 -0.8358
v 9.4000 2.1000 -0.8463
v 9.5000 2.1000 -0.8539
v 6.5000 2.2000 -0.5272
v 6.6000 2.2000 -0.5309
v 6.7000 2.2000 -0.5357
v 6.8000 2.2000 -0.5393
v 6.9000 2.2000 -0.5396
v 7.0000 2.2000 -0.5394
v 7.1000 2.2000 -0.5405
v 7.2000 2.2000 -0.5430
v 7.3000 2.2000 -0.5491
v 7.4000 2.2000 -0.5586
v 7.5000 2.2000 -0.5688
v 7.6000 2.2000 -0.5783
v 7.7000 2.2000 -0.5882
v 7.8000 2.2000 -0.5999
v 7.9000 2.2000 -0.6148
v 8.0000 2.2000 -0.6330
v 8.1000 2.2000 -0.6527
v 8.2000 2.2000 -0.6732
v 8.3000 2.2000 -0.6928
v 8.4000 2.2000 -0.7117
v 8.5000 2.2000 -0.7286
v 8.6000 2.2000 -0.7446
v 8.7000 2.2000 -0.7603
v 8.8000 2.2000 -0.7762
v 8.9000 2.2000 -0.7915
v 9.0000 2.2000 -0.8074
v 9.1000 2.2000 -0.8228
v 9.2000 2.2000 -0.8374
v 9.3000 2.2000 -0.8505
v 9.4000 2.2000 -0.8605
v 9.5000 2.2000 -0.8676
v 6.5000 2.3000 -0.4921
v 6.6000 2.3000 -0.4966
v 6.7000 2.3000 -0.5027
v 6.8000 2.3000 -0.5090
v 6.9000 2.3000 -0.5139
v 7.0000 2.3000 -0.5187
v 7.1000 2.3000 -0.5243
v 7.2000 2.3000 -0.5309
v 7.3000 2.3000 -0.5400
v 7.4000 2.3000 -0.5512
v 7.5000 2.3000 -0.5629
v 7.6000 2.3000 -0.5741
v 7.7000 2.3000 -0.5857
v 7.8000 2.3000 -0.5994
v 7.9000 2.3000 -0.6162
v 8.0000 2.3000 -0.6363
v 8.1000 2.3000 -0.6582
v 8.2000 2.3000 -0.6811
v 8.3000 2.3000 -0.7030
v 8.4000 2.3000 -0.7239
v 8.5000 2.3000 -0.7427
v 8.6000 2.3000 -0.7601
v 8.7000 2.3000 -0.7770
v 8.8000 2.3000 -0.7942
v 8.9000 2.3000 -0.8105
v 9.0000 2.3000 -0.8269
v 9.1000 2.3000 -0.8427
v 9.2000 2.3000 -0.8573
v 9.3000 2.3000 -0.8695
v 9.4000 2.3000 -0.8788
v 9.5000 2.3000 -0.8851
v 6.5000 2.4000 -0.4708
v 6.6000 2.4000 -0.4760
v 6.7000 2.4000 -0.4834
v 6.8000 2.4000 -0.4921
v 6.9000 2.4000 -0.5006
v 7.0000 2.4000 -0.5091
v 7.1000 2.4000 -0.5179
v 7.2000 2.4000 -0.5272
v 7.3000 2.4000 -0.5380
v 7.4000 2.4000 -0.5501
v 7.5000 2.4000 -0.5628
v 7.6000 2.4000 -0.5754
v 7.7000 2.4000 -0.5883
v 7.8000 2.4000 -0.6038
v 7.9000 2.4000 -0.6219
v 8.0000 2.4000 -0.6431
v 8.1000 2.4000 -0.6659
v 8.2000 2.4000 -0.6901
v 8.3000 2.4000 -0.7128
v 8.4000 2.4000 -0.7347
v 8.5000 2.4000 -0.7544
v 8.6000 2.4000 -0.7725
v 8.7000 2.4000 -0.7900
v 8.8000 2.4000 -0.8081
v 8.9000 2.4000 -0.8247
v 9.0000 2.4000 -0.8413
v 9.1000 2.4000 -0.8570
v 9.2000 2.4000 -0.8711
v 9.3000 2.4000 -0.8824
v 9.4000 2.4000 -0.8909
v 9.5000 2.4000 -0.8965
v 6.5000 2.5000 -0.4632
v 6.6000 2.5000 -0.4693
v 6.7000 2.5000 -0.4779
v 6.8000 2.5000 -0.4885
v 6.9000 2.5000 -0.4997
v 7.0000 2.5000 -0.5107
v 7.1000 2.5000 -0.5213
v 7.2000 2.5000 -0.5320
v 7.3000 2.5000 -0.5433
v 7.4000 2.5000 -0.5555
v 7.5000 2.5000 -0.5685
v 7.6000 2.5000 -0.5822
v 7.7000 2.5000 -0.5962
v 7.8000 2.5000 -0.6129
v 7.9000 2.5000 -0.6319
v 8.0000 2.5000 -0.6533
v 8.1000 2.5000 -0.6761
v 8.2000 2.5000 -0.7001
v 8.3000 2.5000 -0.7224
v 8.4000 2.5000 -0.7441
v 8.5000 2.5000 -0.7637
v 8.6000 2.5000 -0.7818
v 8.7000 2.5000 -0.7994
v 8.8000 2.5000 -0.8177
v 8.9000 2.5000 -0.8343
v 9.0000 2.5000 -0.8504
v 9.1000 2.5000 -0.8655
v 9.2000 2.5000 -0.8789
v 9.3000 2.5000 -0.8891
v 9.4000 2.5000 -0.8968
v 9.5000 2.5000 -0.9020
v 6.5000 2.6000 -0.4693
v 6.6000 2.6000 -0.4763
v 6.7000 2.6000 -0.4861
v 6.8000 2.6000 -0.4982
v 6.9000 2.6000 -0.5112
v 7.0000 2.6000 -0.5235
v 7.1000 2.6000 -0.5346
v 7.2000 2.6000 -0.5452
v 7.3000 2.6000 -0.5559
v 7.4000 2.6000 -0.5674
v 7.5000 2.6000 -0.5801
v 7.6000 2.6000 -0.5945
v 7.7000 2.6000 -0.6094
v 7.8000 2.6000 -0.6270
v 7.9000 2.6000 -0.6462
v 8.0000 2.6000 -0.6671
v 8.1000 2.6000 -0.6887
v 8.2000 2.6000 -0.7112
v 8.3000 2.6000 -0.7318
v 8.4000 2.6000 -0.7522
v 8.5000 2.6000 -0.7707
v 8.6000 2.6000 -0.7879
v 8.7000 2.6000 -0.8051
v 8.8000 2.6000 -0.8232
v 8.9000 2.6000 -0.8392
v 9.0000 2.6000 -0.8543
v 9.1000 2.6000 -0.8684
v 9.2000 2.6000 -0.8805
v 9.3000 2.6000 -0.8896
v 9.4000 2.6000 -0.8966
v 9.5000 2.6000 -0.9014
v 6.5000 2.7000 -0.4892
v 6.6000 2.7000 -0.4971
v 6.7000 2.7000 -0.5081
v 6.8000 2.7000 -0.5214
v 6.9000 2.7000 -0.5351
v 7.0000 2.7000 -0.5474
v 7.1000 2.7000 -0.5577
v 7.2000 2.7000 -0.5668
v 7.3000 2.7000 -0.5759
v 7.4000 2.7000 -0.5856
v 7.5000 2.7000 -0.5976
v 7.6000 2.7000 -0.6123
v 7.7000 2.7000 -0.6278
v 7.8000 2.7000 -0.6458
v 7.9000 2.7000 -0.6646
v 8.0000 2.7000 -0.6843
v 8.1000 2.7000 -0.7036
v 8.2000 2.7000 -0.7234
v 8.3000 2.7000 -0.7410
v 8.4000 2.7000 -0.7588
v 8.5000 2.7000 -0.7751
v 8.6000 2.7000 -0.7908
v 8.7000 2.7000 -0.8071
v 8.8000 2.7000 -0.8244
v 8.9000 2.7000 -0.8393
v 9.0000 2.7000 -0.8529
v 9.1000 2.7000 -0.8654
v 9.2000 2.7000 -0.8760
v 9.3000 2.7000 -0.8838
v 9.4000 2.7000 -0.8902
v 9.5000 2.7000 -0.8947
v 6.5000 2.8000 -0.5228
v 6.6000 2.8000 -0.5318
v 6.7000 2.8000 -0.5438
v 6.8000 2.8000 -0.5578
v 6.9000 2.8000 -0.5713
v 7.0000 2.8000 -0.5825
v 7.1000 2.8000 -0.5905
v 7.2000 2.8000 -0.5968
v 7.3000 2.8000 -0.6030
v 7.4000 2.8000 -0.6103
v 7.5000 2.8000 -0.6209
v 7.6000 2.8000 -0.6355
v 7.7000 2.8000 -0.6513
v 7.8000 2.8000 -0.6693
v 7.9000 2.8000 -0.6872
v 8.0000 2.8000 -0.7049
v 8.1000 2.8000 -0.7207
v 8.2000 2.8000 -0.7364
v 8.3000 2.8000 -0.7498
v 8.4000 2.8000 -0.7640
v 8.5000 2.8000 -0.7771
v 8.6000 2.8000 -0.7905
v 8.7000 2.8000 -0.8053
v 8.8000 2.8000 -0.8213
v 8.9000 2.8000 -0.8345
v 9.0000 2.8000 -0.8461
v 9.1000 2.8000 -0.8566
v 9.2000 2.8000 -0.8653
v 9.3000 2.8000 -0.8718
v 9.4000 2.8000 -0.8776
v 9.5000 2.8000 -0.8820
v 6.5000 2.9000 -0.5475
v 6.6000 2.9000 -0.5572
v 6.7000 2.9000 -0.5697
v 6.8000 2.9000 -0.5838
v 6.9000 2.9000 -0.5967
v 7.0000 2.9000 -0.6065
v 7.1000 2.9000 -0.6127
v 7.2000 2.9000 -0.6172
v 7.3000 2.9000 -0.6218
v 7.4000 2.9000 -0.6279
v 7.5000 2.9000 -0.6379
v 7.6000 2.9000 -0.6528
v 7.7000 2.9000 -0.6689
v 7.8000 2.9000 -0.6866
v 7.9000 2.9000 -0.7036
v 8.0000 2.9000 -0.7195
v 8.1000 2.9000 -0.7327
v 8.2000 2.9000 -0.7454
v 8.3000 2.9000 -0.7560
v 8.4000 2.9000 -0.7679
v 8.5000 2.9000 -0.7792
v 8.6000 2.9000 -0.7914
v 8.7000 2.9000 -0.8053
v 8.8000 2.9000 -0.8203
v 8.9000 2.9000 -0.8323
v 9.0000 2.9000 -0.8422
v 9.1000 2.9000 -0.8512
v 9.2000 2.9000 -0.8584
v 9.3000 2.9000 -0.8640
v 9.4000 2.9000 -0.8693
v 9.5000 2.9000 -0.8737
v 6.5000 3.0000 -0.5631
v 6.6000 3.0000 -0.5733
v 6.7000 3.0000 -0.5859
v 6.8000 3.0000 -0.5994
v 6.9000 3.0000 -0.6112
v 7.0000 3.0000 -0.6197
v 7.1000 3.0000 -0.6245
v 7.2000 3.0000 -0.6279
v 7.3000 3.0000 -0.6321
v 7.4000 3.0000 -0.6382
v 7.5000 3.0000 -0.6486
v 7.6000 3.0000 -0.6640
v 7.7000 3.0000 -0.6804
v 7.8000 3.0000 -0.6978
v 7.9000 3.0000 -0.7138
v 8.0000 3.0000 -0.7281
v 8.1000 3.0000 -0.7395
v 8.2000 3.0000 -0.7503
v 8.3000 3.0000 -0.7595
v 8.4000 3.0000 -0.7706
v 8.5000 3.0000 -0.7815
v 8.6000 3.0000 -0.7936
v 8.7000 3.0000 -0.8071
v 8.8000 3.0000 -0.8214
v 8.9000 3.0000 -0.8325
v 9.0000 3.0000 -0.8413
v 9.1000 3.0000 -0.8491
v 9.2000 3.0000 -0.8554
v 9.3000 3.0000 -0.8605
v 9.4000 3.0000 -0.8654
v 9.5000 3.0000 -0.8696
v 6.5000 3.1000 -0.5698
v 6.6000 3.1000 -0.5801
v 6.7000 3.1000 -0.5923
v 6.8000 3.1000 -0.6048
v 6.9000 3.1000 -0.6150
v 7.0000 3.1000 -0.6220
v 7.1000 3.1000 -0.6257
v 7.2000 3.1000 -0.6290
v 7.3000 3.1000 -0.6339
v 7.4000 3.1000 -0.6413
v 7.5000 3.1000 -0.6529
v 7.6000 3.1000 -0.6692
v 7.7000 3.1000 -0.6858
v 7.8000 3.1000 -0.7028
v 7.9000 3.1000 -0.7178
v 8.0000 3.1000 -0.7308
v 8.1000 3.1000 -0.7411
v 8.2000 3.1000 -0.7510
v 8.3000 3.1000 -0.7602
v 8.4000 3.1000 -0.7719
v 8.5000 3.1000 -0.7840
v 8.6000 3.1000 -0.7969
v 8.7000 3.1000 -0.8108
v 8.8000 3.1000 -0.8247
v 8.9000 3.1000 -0.8353
v 9.0000 3.1000 -0.8433
v 9.1000 3.1000 -0.8504
v 9.2000 3.1000 -0.8562
v 9.3000 3.1000 -0.8612
v 9.4000 3.1000 -0.8660
v 9.5000 3.1000 -0.8699
v 6.5000 3.2000 -0.5675
v 6.6000 3.2000 -0.5776
v 6.7000 3.2000 -0.5891
v 6.8000 3.2000 -0.5998
v 6.9000 3.2000 -0.6079
v 7.0000 3.2000 -0.6134
v 7.1000 3.2000 -0.6165
v 7.2000 3.2000 -0.6204
v 7.3000 3.2000 -0.6272
v 7.4000 3.2000 -0.6371
v 7.5000 3.2000 -0.6509
v 7.6000 3.2000 -0.6683
v 7.7000 3.2000 -0.6852
v 7.8000 3.2000 -0.7016
v 7.9000 3.2000 -0.7156
v 8.0000 3.2000 -0.7274
v 8.1000 3.2000 -0.7374
v 8.2000 3.2000 -0.7476
v 8.3000 3.2000 -0.7584
v 8.4000 3.2000 -0.7721
v 8.5000 3.2000 -0.7867
v 8.6000 3.2000 -0.8016
v 8.7000 3.2000 -0.8164
v 8.8000 3.2000 -0.8302
v 8.9000 3.2000 -0.8406
v 9.0000 3.2000 -0.8483
v 9.1000 3.2000 -0.8551
v 9.2000 3.2000 -0.8610
v 9.3000 3.2000 -0.8663
v 9.4000 3.2000 -0.8709
v 9.5000 3.2000 -0.8745
v 6.5000 3.3000 -0.5562
v 6.6000 3.3000 -0.5659
v 6.7000 3.3000 -0.5761
v 6.8000 3.3000 -0.5844
v 6.9000 3.3000 -0.5901
v 7.0000 3.3000 -0.5940
v 7.1000 3.3000 -0.5968
v 7.2000 3.3000 -0.6023
v 7.3000 3.3000 -0.6123
v 7.4000 3.3000 -0.6258
v 7.5000 3.3000 -0.6427
v 7.6000 3.3000 -0.6613
v 7.7000 3.3000 -0.6786
v 7.8000 3.3000 -0.6945
v 7.9000 3.3000 -0.7074
v 8.0000 3.3000 -0.7182
v 8.1000 3.3000 -0.7287
v 8.2000 3.3000 -0.7402
v 8.3000 3.3000 -0.7539
v 8.4000 3.3000 -0.7712
v 8.5000 3.3000 -0.7898
v 8.6000 3.3000 -0.8077
v 8.7000 3.3000 -0.8240
v 8.8000 3.3000 -0.8379
v 8.9000 3.3000 -0.8486
v 9.0000 3.3000 -0.8564
v 9.1000 3.3000 -0.8632
v 9.2000 3.3000 -0.8696
v 9.3000 3.3000 -0.8756
v 9.4000 3.3000 -0.8802
v 9.5000 3.3000 -0.8834
v 6.5000 3.4000 -0.5481
v 6.6000 3.4000 -0.5570
v 6.7000 3.4000 -0.5661
v 6.8000 3.4000 -0.5725
v 6.9000 3.4000 -0.5763
v 7.0000 3.4000 -0.5791
v 7.1000 3.4000 -0.5818
v 7.2000 3.4000 -0.5884
v 7.3000 3.4000 -0.6006
v 7.4000 3.4000 -0.6169
v 7.5000 3.4000 -0.6359
v 7.6000 3.4000 -0.6554
v 7.7000 3.4000 -0.6731
v 7.8000 3.4000 -0.6886
v 7.9000 3.4000 -0.7009
v 8.0000 3.4000 -0.7113
v 8.1000 3.4000 -0.7226
v 8.2000 3.4000 -0.7356
v 8.3000 3.4000 -0.7516
v 8.4000 3.4000 -0.7716
v 8.5000 3.4000 -0.7928
v 8.6000 3.4000 -0.8126
v 8.7000 3.4000 -0.8297
v 8.8000 3.4000 -0.8435
v 8.9000 3.4000 -0.8542
v 9.0000 3.4000 -0.8623
v 9.1000 3.4000 -0.8693
v 9.2000 3.4000 -0.8763
v 9.3000 3.4000 -0.8829
v 9.4000 3.4000 -0.8876
v 9.5000 3.4000 -0.8906
v 6.5000 3.5000 -0.5431
v 6.6000 3.5000 -0.5511
v 6.7000 3.5000 -0.5589
v 6.8000 3.5000 -0.5638
v 6.9000 3.5000 -0.5663
v 7.0000 3.5000 -0.5685
v 7.1000 3.5000 -0.5714
v 7.2000 3.5000 -0.5788
v 7.3000 3.5000 -0.5923
v 7.4000 3.5000 -0.6103
v 7.5000 3.5000 -0.6307
v 7.6000 3.5000 -0.6507
v 7.7000 3.5000 -0.6685
v 7.8000 3.5000 -0.6839
v 7.9000 3.5000 -0.6962
v 8.0000 3.5000 -0.7067
v 8.1000 3.5000 -0.7191
v 8.2000 3.5000 -0.7336
v 8.3000 3.5000 -0.7516
v 8.4000 3.5000 -0.7732
v 8.5000 3.5000 -0.7959
v 8.6000 3.5000 -0.8165
v 8.7000 3.5000 -0.8335
v 8.8000 3.5000 -0.8469
v 8.9000 3.5000 -0.8575
v 9.0000 3.5000 -0.8659
v 9.1000 3.5000 -0.8734
v 9.2000 3.5000 -0.8811
v 9.3000 3.5000 -0.8882
v 9.4000 3.5000 -0.8931
v 9.5000 3.5000 -0.8959
v 6.5000 3.6000 -0.5414
v 6.6000 3.6000 -0.5480
v 6.7000 3.6000 -0.5545
v 6.8000 3.6000 -0.5585
v 6.9000 3.6000 -0.5602
v 7.0000 3.6000 -0.5622
v 7.1000 3.6000 -0.5656
v 7.2000 3.6000 -0.5735
v 7.3000 3.6000 -0.5874
v 7.4000 3.6000 -0.6062
v 7.5000 3.6000 -0.6272
v 7.6000 3.6000 -0.6471
v 7.7000 3.6000 -0.6649
v 7.8000 3.6000 -0.6805
v 7.9000 3.6000 -0.6932
v 8.0000 3.6000 -0.7045
v 8.1000 3.6000 -0.7182
v 8.2000 3.6000 -0.7344
v 8.3000 3.6000 -0.7539
v 8.4000 3.6000 -0.7762
v 8.5000 3.6000 -0.7991
v 8.6000 3.6000 -0.8193
v 8.7000 3.6000 -0.8355
v 8.8000 3.6000 -0.8481
v 8.9000 3.6000 -0.8584
v 9.0000 3.6000 -0.8672
v 9.1000 3.6000 -0.8753
v 9.2000 3.6000 -0.8838
v 9.3000 3.6000 -0.8915
v 9.4000 3.6000 -0.8967
v 9.5000 3.6000 -0.8995
v 6.5000 3.7000 -0.5429
v 6.6000 3.7000 -0.5479
v 6.7000 3.7000 -0.5531
v 6.8000 3.7000 -0.5564
v 6.9000 3.7000 -0.5580
v 7.0000 3.7000 -0.5603
v 7.1000 3.7000 -0.5643
v 7.2000 3.7000 -0.5725
v 7.3000 3.7000 -0.5859
v 7.4000 3.7000 -0.6044
v 7.5000 3.7000 -0.6252
v 7.6000 3.7000 -0.6447
v 7.7000 3.7000 -0.6623
v 7.8000 3.7000 -0.6783
v 7.9000 3.7000 -0.6918
v 8.0000 3.7000 -0.7045
v 8.1000 3.7000 -0.7199
v 8.2000 3.7000 -0.7379
v 8.3000 3.7000 -0.7584
v 8.4000 3.7000 -0.7805
v 8.5000 3.7000 -0.8022
v 8.6000 3.7000 -0.8211
v 8.7000 3.7000 -0.8355
v 8.8000 3.7000 -0.8470
v 8.9000 3.7000 -0.8570
v 9.0000 3.7000 -0.8663
v 9.1000 3.7000 -0.8751
v 9.2000 3.7000 -0.8846
v 9.3000 3.7000 -0.8929
v 9.4000 3.7000 -0.8982
v 9.5000 3.7000 -0.9011
v 6.5000 3.8000 -0.5475
v 6.6000 3.8000 -0.5507
v 6.7000 3.8000 -0.5544
v 6.8000 3.8000 -0.5576
v 6.9000 3.8000 -0.5597
v 7.0000 3.8000 -0.5627
v 7.1000 3.8000 -0.5676
v 7.2000 3.8000 -0.5757
v 7.3000 3.8000 -0.5876
v 7.4000 3.8000 -0.6050
v 7.5000 3.8000 -0.6247
v 7.6000 3.8000 -0.6434
v 7.7000 3.8000 -0.6608
v 7.8000 3.8000 -0.6774
v 7.9000 3.8000 -0.6923
v 8.0000 3.8000 -0.7069
v 8.1000 3.8000 -0.7244
v 8.2000 3.8000 -0.7442
v 8.3000 3.8000 -0.7651
v 8.4000 3.8000 -0.7861
v 8.5000 3.8000 -0.8054
v 8.6000 3.8000 -0.8217
v 8.7000 3.8000 -0.8336
v 8.8000 3.8000 -0.8437
v 8.9000 3.8000 -0.8532
v 9.0000 3.8000 -0.8632
v 9.1000 3.8000 -0.8728
v 9.2000 3.8000 -0.8834
v 9.3000 3.8000 -0.8922
v 9.4000 3.8000 -0.8979
v 9.5000 3.8000 -0.9009
v 6.5000 3.9000 -0.5509
v 6.6000 3.9000 -0.5526
v 6.7000 3.9000 -0.5553
v 6.8000 3.9000 -0.5585
v 6.9000 3.9000 -0.5610
v 7.0000 3.9000 -0.5647
v 7.1000 3.9000 -0.5704
v 7.2000 3.9000 -0.5785
v 7.3000 3.9000 -0.5892
v 7.4000 3.9000 -0.6052
v 7.5000 3.9000 -0.6237
v 7.6000 3.9000 -0.6413
v 7.7000 3.9000 -0.6582
v 7.8000 3.9000 -0.6751
v 7.9000 3.9000 -0.6909
v 8.0000 3.9000 -0.7070
v 8.1000 3.9000 -0.7259
v 8.2000 3.9000 -0.7470
v 8.3000 3.9000 -0.7681
v 8.4000 3.9000 -0.7880
v 8.5000 3.9000 -0.8054
v 8.6000 3.9000 -0.8198
v 8.7000 3.9000 -0.8299
v 8.8000 3.9000 -0.8391
v 8.9000 3.9000 -0.8483
v 9.0000 3.9000 -0.8585
v 9.1000 3.9000 -0.8686
v 9.2000 3.9000 -0.8797
v 9.3000 3.9000 -0.8889
v 9.4000 3.9000 -0.8948
v 9.5000 3.9000 -0.8981
v 6.5000 4.0000 -0.5529
v 6.6000 4.0000 -0.5538
v 6.7000 4.0000 -0.5557
v 6.8000 4.0000 -0.5591
v 6.9000 4.0000 -0.5622
v 7.0000 4.0000 -0.5664
v 7.1000 4.0000 -0.5728
v 7.2000 4.0000 -0.5810
v 7.3000 4.0000 -0.5905
v 7.4000 4.0000 -0.6051
v 7.5000 4.0000 -0.6221
v 7.6000 4.0000 -0.6384
v 7.7000 4.0000 -0.6546
v 7.8000 4.0000 -0.6715
v 7.9000 4.0000 -0.6878
v 8.0000 4.0000 -0.7048
v 8.1000 4.0000 -0.7245
v 8.2000 4.0000 -0.7462
v 8.3000 4.0000 -0.7672
v 8.4000 4.0000 -0.7863
v 8.5000 4.0000 -0.8023
v 8.6000 4.0000 -0.8155
v 8.7000 4.0000 -0.8247
v 8.8000 4.0000 -0.8333
v 8.9000 4.0000 -0.8422
v 9.0000 4.0000 -0.8524
v 9.1000 4.0000 -0.8624
v 9.2000 4.0000 -0.8736
v 9.3000 4.0000 -0.8830
v 9.4000 4.0000 -0.8891
v 9.5000 4.0000 -0.8928
v 6.5000 4.1000 -0.5536
v 6.6000 4.1000 -0.5541
v 6.7000 4.1000 -0.5558
v 6.8000 4.1000 -0.5594
v 6.9000 4.1000 -0.5631
v 7.0000 4.1000 -0.5678
v 7.1000 4.1000 -0.5749
v 7.2000 4.1000 -0.5831
v 7.3000 4.1000 -0.5916
v 7.4000 4.1000 -0.6046
v 7.5000 4.1000 -0.6200
v 7.6000 4.1000 -0.6347
v 7.7000 4.1000 -0.6500
v 7.8000 4.1000 -0.6666
v 7.9000 4.1000 -0.6831
v 8.0000 4.1000 -0.7004
v 8.1000 4.1000 -0.7204
v 8.2000 4.1000 -0.7420
v 8.3000 4.1000 -0.7625
v 8.4000 4.1000 -0.7809
v 8.5000 4.1000 -0.7961
v 8.6000 4.1000 -0.8087
v 8.7000 4.1000 -0.8177
v 8.8000 4.1000 -0.8262
v 8.9000 4.1000 -0.8349
v 9.0000 4.1000 -0.8447
v 9.1000 4.1000 -0.8543
v 9.2000 4.1000 -0.8651
v 9.3000 4.1000 -0.8748
v 9.4000 4.1000 -0.8817
v 9.5000 4.1000 -0.8864
v 6.5000 4.2000 -0.5530
v 6.6000 4.2000 -0.5537
v 6.7000 4.2000 -0.5554
v 6.8000 4.2000 -0.5595
v 6.9000 4.2000 -0.5639
v 7.0000 4.2000 -0.5690
v 7.1000 4.2000 -0.5766
v 7.2000 4.2000 -0.5849
v 7.3000 4.2000 -0.5925
v 7.4000 4.2000 -0.6037
v 7.5000 4.2000 -0.6173
v 7.6000 4.2000 -0.6302
v 7.7000 4.2000 -0.6443
v 7.8000 4.2000 -0.6603
v 7.9000 4.2000 -0.6766
v 8.0000 4.2000 -0.6937
v 8.1000 4.2000 -0.7134
v 8.2000 4.2000 -0.7343
v 8.3000 4.2000 -0.7541
v 8.4000 4.2000 -0.7718
v 8.5000 4.2000 -0.7868
v 8.6000 4.2000 -0.7994
v 8.7000 4.2000 -0.8090
v 8.8000 4.2000 -0.8180
v 8.9000 4.2000 -0.8266
v 9.0000 4.2000 -0.8356
v 9.1000 4.2000 -0.8443
v 9.2000 4.2000 -0.8540
v 9.3000 4.2000 -0.8648
v 9.4000 4.2000 -0.8733
v 9.5000 4.2000 -0.8799
v 6.5000 4.3000 -0.5511
v 6.6000 4.3000 -0.5525
v 6.7000 4.3000 -0.5546
v 6.8000 4.3000 -0.5593
v 6.9000 4.3000 -0.5645
v 7.0000 4.3000 -0.5699
v 7.1000 4.3000 -0.5779
v 7.2000 4.3000 -0.5863
v 7.3000 4.3000 -0.5931
v 7.4000 4.3000 -0.6024
v 7.5000 4.3000 -0.6139
v 7.6000 4.3000 -0.6248
v 7.7000 4.3000 -0.6375
v 7.8000 4.3000 -0.6525
v 7.9000 4.3000 -0.6683
v 8.0000 4.3000 -0.6847
v 8.1000 4.3000 -0.7035
v 8.2000 4.3000 -0.7230
v 8.3000 4.3000 -0.7419
v 8.4000 4.3000 -0.7590
v 8.5000 4.3000 -0.7744
v 8.6000 4.3000 -0.7877
v 8.7000 4.3000 -0.7988
v 8.8000 4.3000 -0.8085
v 8.9000 4.3000 -0.8172
v 9.0000 4.3000 -0.8251
v 9.1000 4.3000 -0.8324
v 9.2000 4.3000 -0.8406
v 9.3000 4.3000 -0.8530
v 9.4000 4.3000 -0.8637
v 9.5000 4.3000 -0.8733
v 6.5000 4.4000 -0.5498
v 6.6000 4.4000 -0.5520
v 6.7000 4.4000 -0.5549
v 6.8000 4.4000 -0.5605
v 6.9000 4.4000 -0.5666
v 7.0000 4.4000 -0.5726
v 7.1000 4.4000 -0.5812
v 7.2000 4.4000 -0.5899
v 7.3000 4.4000 -0.5965
v 7.4000 4.4000 -0.6045
v 7.5000 4.4000 -0.6147
v 7.6000 4.4000 -0.6245
v 7.7000 4.4000 -0.6364
v 7.8000 4.4000 -0.6510
v 7.9000 4.4000 -0.6666
v 8.0000 4.4000 -0.6826
v 8.1000 4.4000 -0.7005
v 8.2000 4.4000 -0.7189
v 8.3000 4.4000 -0.7368
v 8.4000 4.4000 -0.7533
v 8.5000 4.4000 -0.7687
v 8.6000 4.4000 -0.7824
v 8.7000 4.4000 -0.7946
v 8.8000 4.4000 -0.8053
v 8.9000 4.4000 -0.8144
v 9.0000 4.4000 -0.8220
v 9.1000 4.4000 -0.8288
v 9.2000 4.4000 -0.8362
v 9.3000 4.4000 -0.8495
v 9.4000 4.4000 -0.8617
v 9.5000 4.4000 -0.8731
v 6.5000 4.5000 -0.5490
v 6.6000 4.5000 -0.5522
v 6.7000 4.5000 -0.5560
v 6.8000 4.5000 -0.5628
v 6.9000 4.5000 -0.5702
v 7.0000 4.5000 -0.5772
v 7.1000 4.5000 -0.5864
v 7.2000 4.5000 -0.5957
v 7.3000 4.5000 -0.6024
v 7.4000 4.5000 -0.6099
v 7.5000 4.5000 -0.6197
v 7.6000 4.5000 -0.6291
v 7.7000 4.5000 -0.6411
v 7.8000 4.5000 -0.6557
v 7.9000 4.5000 -0.6714
v 8.0000 4.5000 -0.6872
v 8.1000 4.5000 -0.7046
v 8.2000 4.5000 -0.7220
v 8.3000 4.5000 -0.7389
v 8.4000 4.5000 -0.7546
v 8.5000 4.5000 -0.7696
v 8.6000 4.5000 -0.7835
v 8.7000 4.5000 -0.7964
v 8.8000 4.5000 -0.8083
v 8.9000 4.5000 -0.8183
v 9.0000 4.5000 -0.8264
v 9.1000 4.5000 -0.8336
v 9.2000 4.5000 -0.8409
v 9.3000 4.5000 -0.8545
v 9.4000 4.5000 -0.8672
v 9.5000 4.5000 -0.8791
v 6.5000 4.6000 -0.5488
v 6.6000 4.6000 -0.5530
v 6.7000 4.6000 -0.5581
v 6.8000 4.6000 -0.5663
v 6.9000 4.6000 -0.5753
v 7.0000 4.6000 -0.5836
v 7.1000 4.6000 -0.5936
v 7.2000 4.6000 -0.6035
v 7.3000 4.6000 -0.6109
v 7.4000 4.6000 -0.6187
v 7.5000 4.6000 -0.6287
v 7.6000 4.6000 -0.6388
v 7.7000 4.6000 -0.6514
v 7.8000 4.6000 -0.6666
v 7.9000 4.6000 -0.6828
v 8.0000 4.6000 -0.6986
v 8.1000 4.6000 -0.7155
v 8.2000 4.6000 -0.7322
v 8.3000 4.6000 -0.7481
v 8.4000 4.6000 -0.7628
v 8.5000 4.6000 -0.7773
v 8.6000 4.6000 -0.7910
v 8.7000 4.6000 -0.8044
v 8.8000 4.6000 -0.8174
v 8.9000 4.6000 -0.8287
v 9.0000 4.6000 -0.8382
v 9.1000 4.6000 -0.8466
v 9.2000 4.6000 -0.8546
v 9.3000 4.6000 -0.8677
v 9.4000 4.6000 -0.8798
v 9.5000 4.6000 -0.8910
v 6.5000 4.7000 -0.5492
v 6.6000 4.7000 -0.5545
v 6.7000 4.7000 -0.5610
v 6.8000 4.7000 -0.5711
v 6.9000 4.7000 -0.5818
v 7.0000 4.7000 -0.5918
v 7.1000 4.7000 -0.6027
v 7.2000 4.7000 -0.6135
v 7.3000 4.7000 -0.6220
v 7.4000 4.7000 -0.6307
v 7.5000 4.7000 -0.6417
v 7.6000 4.7000 -0.6534
v 7.7000 4.7000 -0.6676
v 7.8000 4.7000 -0.6837
v 7.9000 4.7000 -0.7007
v 8.0000 4.7000 -0.7168
v 8.1000 4.7000 -0.7335
v 8.2000 4.7000 -0.7495
v 8.3000 4.7000 -0.7644
v 8.4000 4.7000 -0.7780
v 8.5000 4.7000 -0.7916
v 8.6000 4.7000 -0.8049
v 8.7000 4.7000 -0.8183
v 8.8000 4.7000 -0.8326
v 8.9000 4.7000 -0.8457
v 9.0000 4.7000 -0.8574
v 9.1000 4.7000 -0.8680
v 9.2000 4.7000 -0.8773
v 9.3000 4.7000 -0.8894
v 9.4000 4.7000 -0.8998
v 9.5000 4.7000 -0.9091
v 6.5000 4.8000 -0.5501
v 6.6000 4.8000 -0.5566
v 6.7000 4.8000 -0.5649
v 6.8000 4.8000 -0.5770
v 6.9000 4.8000 -0.5898
v 7.0000 4.8000 -0.6018
v 7.1000 4.8000 -0.6137
v 7.2000 4.8000 -0.6255
v 7.3000 4.8000 -0.6357
v 7.4000 4.8000 -0.6462
v 7.5000 4.8000 -0.6591
v 7.6000 4.8000 -0.6732
v 7.7000 4.8000 -0.6895
v 7.8000 4.8000 -0.7071
v 7.9000 4.8000 -0.7253
v 8.0000 4.8000 -0.7419
v 8.1000 4.8000 -0.7584
v 8.2000 4.8000 -0.7740
v 8.3000 4.8000 -0.7877
v 8.4000 4.8000 -0.8000
v 8.5000 4.8000 -0.8125
v 8.6000 4.8000 -0.8251
v 8.7000 4.8000 -0.8383
v 8.8000 4.8000 -0.8539
v 8.9000 4.8000 -0.8693
v 9.0000 4.8000 -0.8840
v 9.1000 4.8000 -0.8977
v 9.2000 4.8000 -0.9091
v 9.3000 4.8000 -0.9194
v 9.4000 4.8000 -0.9274
v 9.5000 4.8000 -0.9336
v 6.5000 4.9000 -0.5529
v 6.6000 4.9000 -0.5603
v 6.7000 4.9000 -0.5700
v 6.8000 4.9000 -0.5837
v 6.9000 4.9000 -0.5980
v 7.0000 4.9000 -0.6116
v 7.1000 4.9000 -0.6245
v 7.2000 4.9000 -0.6371
v 7.3000 4.9000 -0.6485
v 7.4000 4.9000 -0.6603
v 7.5000 4.9000 -0.6745
v 7.6000 4.9000 -0.6904
v 7.7000 4.9000 -0.7084
v 7.8000 4.9000 -0.7270
v 7.9000 4.9000 -0.7461
v 8.0000 4.9000 -0.7628
v 8.1000 4.9000 -0.7790
v 8.2000 4.9000 -0.7941
v 8.3000 4.9000 -0.8067
v 8.4000 4.9000 -0.8179
v 8.5000 4.9000 -0.8296
v 8.6000 4.9000 -0.8415
v 8.7000 4.9000 -0.8547
v 8.8000 4.9000 -0.8714
v 8.9000 4.9000 -0.8885
v 9.0000 4.9000 -0.9054
v 9.1000 4.9000 -0.9212
v 9.2000 4.9000 -0.9338
v 9.3000 4.9000 -0.9429
v 9.4000 4.9000 -0.9490
v 9.5000 4.9000 -0.9529
v 6.5000 5.0000 -0.5575
v 6.6000 5.0000 -0.5656
v 6.7000 5.0000 -0.5764
v 6.8000 5.0000 -0.5912
v 6.9000 5.0000 -0.6066
v 7.0000 5.0000 -0.6213
v 7.1000 5.0000 -0.6349
v 7.2000 5.0000 -0.6480
v 7.3000 5.0000 -0.6603
v 7.4000 5.0000 -0.6731
v 7.5000 5.0000 -0.6881
v 7.6000 5.0000 -0.7052
v 7.7000 5.0000 -0.7242
v 7.8000 5.0000 -0.7435
v 7.9000 5.0000 -0.7630
v 8.0000 5.0000 -0.7797
v 8.1000 5.0000 -0.7955
v 8.2000 5.0000 -0.8098
v 8.3000 5.0000 -0.8214
v 8.4000 5.0000 -0.8317
v 8.5000 5.0000 -0.8427
v 8.6000 5.0000 -0.8543
v 8.7000 5.0000 -0.8676
v 8.8000 5.0000 -0.8850
v 8.9000 5.0000 -0.9033
v 9.0000 5.0000 -0.9215
v 9.1000 5.0000 -0.9384
v 9.2000 5.0000 -0.9516
v 9.3000 5.0000 -0.9594
v 9.4000 5.0000 -0.9637
v 9.5000 5.0000 -0.9657
v 6.5000 5.1000 -0.5640
v 6.6000 5.1000 -0.5726
v 6.7000 5.1000 -0.5841
v 6.8000 5.1000 -0.5995
v 6.9000 5.1000 -0.6155
v 7.0000 5.1000 -0.6309
v 7.1000 5.1000 -0.6450
v 7.2000 5.1000 -0.6585
v 7.3000 5.1000 -0.6713
v 7.4000 5.1000 -0.6846
v 7.5000 5.1000 -0.6999
v 7.6000 5.1000 -0.7175
v 7.7000 5.1000 -0.7370
v 7.8000 5.1000 -0.7566
v 7.9000 5.1000 -0.7761
v 8.0000 5.1000 -0.7926
v 8.1000 5.1000 -0.8078
v 8.2000 5.1000 -0.8213
v 8.3000 5.1000 -0.8319
v 8.4000 5.1000 -0.8414
v 8.5000 5.1000 -0.8520
v 8.6000 5.1000 -0.8633
v 8.7000 5.1000 -0.8768
v 8.8000 5.1000 -0.8948
v 8.9000 5.1000 -0.9137
v 9.0000 5.1000 -0.9325
v 9.1000 5.1000 -0.9495
v 9.2000 5.1000 -0.9625
v 9.3000 5.1000 -0.9676
v 9.4000 5.1000 -0.9692
v 9.5000 5.1000 -0.9685
v 6.5000 5.2000 -0.5725
v 6.6000 5.2000 -0.5813
v 6.7000 5.2000 -0.5931
v 6.8000 5.2000 -0.6087
v 6.9000 5.2000 -0.6247
v 7.0000 5.2000 -0.6403
v 7.1000 5.2000 -0.6549
v 7.2000 5.2000 -0.6683
v 7.3000 5.2000 -0.6813
v 7.4000 5.2000 -0.6947
v 7.5000 5.2000 -0.7099
v 7.6000 5.2000 -0.7273
v 7.7000 5.2000 -0.7468
v 7.8000 5.2000 -0.7662
v 7.9000 5.2000 -0.7853
v 8.0000 5.2000 -0.8014
v 8.1000 5.2000 -0.8160
v 8.2000 5.2000 -0.8285
v 8.3000 5.2000 -0.8382
v 8.4000 5.2000 -0.8472
v 8.5000 5.2000 -0.8575
v 8.6000 5.2000 -0.8687
v 8.7000 5.2000 -0.8825
v 8.8000 5.2000 -0.9007
v 8.9000 5.2000 -0.9197
v 9.0000 5.2000 -0.9382
v 9.1000 5.2000 -0.9544
v 9.2000 5.2000 -0.9664
v 9.3000 5.2000 -0.9689
v 9.4000 5.2000 -0.9678
v 9.5000 5.2000 -0.9648
v 6.5000 5.3000 -0.5827
v 6.6000 5.3000 -0.5916
v 6.7000 5.3000 -0.6034
v 6.8000 5.3000 -0.6187
v 6.9000 5.3000 -0.6342
v 7.0000 5.3000 -0.6496
v 7.1000 5.3000 -0.6644
v 7.2000 5.3000 -0.6775
v 7.3000 5.3000 -0.6904
v 7.4000 5.3000 -0.7035
v 7.5000 5.3000 -0.7181
v 7.6000 5.3000 -0.7346
v 7.7000 5.3000 -0.7535
v 7.8000 5.3000 -0.7723
v 7.9000 5.3000 -0.7906
v 8.0000 5.3000 -0.8062
v 8.1000 5.3000 -0.8200
v 8.2000 5.3000 -0.8314
v 8.3000 5.3000 -0.8404
v 8.4000 5.3000 -0.8492
v 8.5000 5.3000 -0.8593
v 8.6000 5.3000 -0.8704
v 8.7000 5.3000 -0.8847
v 8.8000 5.3000 -0.9028
v 8.9000 5.3000 -0.9213
v 9.0000 5.3000 -0.9386
v 9.1000 5.3000 -0.9531
v 9.2000 5.3000 -0.9634
v 9.3000 5.3000 -0.9632
v 9.4000 5.3000 -0.9596
v 9.5000 5.3000 -0.9546
v 6.5000 5.4000 -0.5900
v 6.6000 5.4000 -0.5981
v 6.7000 5.4000 -0.6090
v 6.8000 5.4000 -0.6233
v 6.9000 5.4000 -0.6379
v 7.0000 5.4000 -0.6527
v 7.1000 5.4000 -0.6679
v 7.2000 5.4000 -0.6812
v 7.3000 5.4000 -0.6945
v 7.4000 5.4000 -0.7080
v 7.5000 5.4000 -0.7226
v 7.6000 5.4000 -0.7388
v 7.7000 5.4000 -0.7574
v 7.8000 5.4000 -0.7760
v 7.9000 5.4000 -0.7938
v 8.0000 5.4000 -0.8090
v 8.1000 5.4000 -0.8222
v 8.2000 5.4000 -0.8327
v 8.3000 5.4000 -0.8409
v 8.4000 5.4000 -0.8492
v 8.5000 5.4000 -0.8590
v 8.6000 5.4000 -0.8696
v 8.7000 5.4000 -0.8836
v 8.8000 5.4000 -0.9009
v 8.9000 5.4000 -0.9185
v 9.0000 5.4000 -0.9345
v 9.1000 5.4000 -0.9473
v 9.2000 5.4000 -0.9562
v 9.3000 5.4000 -0.9547
v 9.4000 5.4000 -0.9500
v 9.5000 5.4000 -0.9442
v 6.5000 5.5000 -0.5942
v 6.6000 5.5000 -0.6009
v 6.7000 5.5000 -0.6102
v 6.8000 5.5000 -0.6225
v 6.9000 5.5000 -0.6355
v 7.0000 5.5000 -0.6496
v 7.1000 5.5000 -0.6652
v 7.2000 5.5000 -0.6793
v 7.3000 5.5000 -0.6936
v 7.4000 5.5000 -0.7082
v 7.5000 5.5000 -0.7234
v 7.6000 5.5000 -0.7399
v 7.7000 5.5000 -0.7585
v 7.8000 5.5000 -0.7772
v 7.9000 5.5000 -0.7947
v 8.0000 5.5000 -0.8098
v 8.1000 5.5000 -0.8225
v 8.2000 5.5000 -0.8324
v 8.3000 5.5000 -0.8398
v 8.4000 5.5000 -0.8475
v 8.5000 5.5000 -0.8565
v 8.6000 5.5000 -0.8662
v 8.7000 5.5000 -0.8794
v 8.8000 5.5000 -0.8952
v 8.9000 5.5000 -0.9113
v 9.0000 5.5000 -0.9256
v 9.1000 5.5000 -0.9371
v 9.2000 5.5000 -0.9448
v 9.3000 5.5000 -0.9438
v 9.4000 5.5000 -0.9398
v 9.5000 5.5000 -0.9348
v 6.5000 5.6000 -0.5955
v 6.6000 5.6000 -0.6001
v 6.7000 5.6000 -0.6068
v 6.8000 5.6000 -0.6165
v 6.9000 5.6000 -0.6273
v 7.0000 5.6000 -0.6404
v 7.1000 5.6000 -0.6564
v 7.2000 5.6000 -0.6718
v 7.3000 5.6000 -0.6877
v 7.4000 5.6000 -0.7040
v 7.5000 5.6000 -0.7206
v 7.6000 5.6000 -0.7379
v 7.7000 5.6000 -0.7568
v 7.8000 5.6000 -0.7758
v 7.9000 5.6000 -0.7934
v 8.0000 5.6000 -0.8085
v 8.1000 5.6000 -0.8210
v 8.2000 5.6000 -0.8304
v 8.3000 5.6000 -0.8370
v 8.4000 5.6000 -0.8439
v 8.5000 5.6000 -0.8519
v 8.6000 5.6000 -0.8604
v 8.7000 5.6000 -0.8720
v 8.8000 5.6000 -0.8857
v 8.9000 5.6000 -0.8999
v 9.0000 5.6000 -0.9123
v 9.1000 5.6000 -0.9223
v 9.2000 5.6000 -0.9291
v 9.3000 5.6000 -0.9314
v 9.4000 5.6000 -0.9307
v 9.5000 5.6000 -0.9291
v 6.5000 5.7000 -0.5937
v 6.6000 5.7000 -0.5955
v 6.7000 5.7000 -0.5988
v 6.8000 5.7000 -0.6051
v 6.9000 5.7000 -0.6131
v 7.0000 5.7000 -0.6250
v 7.1000 5.7000 -0.6415
v 7.2000 5.7000 -0.6588
v 7.3000 5.7000 -0.6769
v 7.4000 5.7000 -0.6956
v 7.5000 5.7000 -0.7141
v 7.6000 5.7000 -0.7327
v 7.7000 5.7000 -0.7523
v 7.8000 5.7000 -0.7720
v 7.9000 5.7000 -0.7899
v 8.0000 5.7000 -0.8052
v 8.1000 5.7000 -0.8175
v 8.2000 5.7000 -0.8266
v 8.3000 5.7000 -0.8326
v 8.4000 5.7000 -0.8384
v 8.5000 5.7000 -0.8452
v 8.6000 5.7000 -0.8521
v 8.7000 5.7000 -0.8616
v 8.8000 5.7000 -0.8727
v 8.9000 5.7000 -0.8844
v 9.0000 5.7000 -0.8946
v 9.1000 5.7000 -0.9033
v 9.2000 5.7000 -0.9093
v 9.3000 5.7000 -0.9158
v 9.4000 5.7000 -0.9193
v 9.5000 5.7000 -0.9219
v 6.5000 5.8000 -0.5889
v 6.6000 5.8000 -0.5872
v 6.7000 5.8000 -0.5863
v 6.8000 5.8000 -0.5883
v 6.9000 5.8000 -0.5930
v 7.0000 5.8000 -0.6035
v 7.1000 5.8000 -0.6206
v 7.2000 5.8000 -0.6402
v 7.3000 5.8000 -0.6611
v 7.4000 5.8000 -0.6830
v 7.5000 5.8000 -0.7040
v 7.6000 5.8000 -0.7246
v 7.7000 5.8000 -0.7451
v 7.8000 5.8000 -0.7658
v 7.9000 5.8000 -0.7843
v 8.0000 5.8000 -0.7998
v 8.1000 5.8000 -0.8121
v 8.2000 5.8000 -0.8212
v 8.3000 5.8000 -0.8263
v 8.4000 5.8000 -0.8309
v 8.5000 5.8000 -0.8363
v 8.6000 5.8000 -0.8414
v 8.7000 5.8000 -0.8482
v 8.8000 5.8000 -0.8560
v 8.9000 5.8000 -0.8646
v 9.0000 5.8000 -0.8725
v 9.1000 5.8000 -0.8798
v 9.2000 5.8000 -0.8853
v 9.3000 5.8000 -0.8969
v 9.4000 5.8000 -0.9057
v 9.5000 5.8000 -0.9133
v 6.5000 5.9000 -0.5851
v 6.6000 5.9000 -0.5806
v 6.7000 5.9000 -0.5762
v 6.8000 5.9000 -0.5748
v 6.9000 5.9000 -0.5769
v 7.0000 5.9000 -0.5862
v 7.1000 5.9000 -0.6039
v 7.2000 5.9000 -0.6254
v 7.3000 5.9000 -0.6486
v 7.4000 5.9000 -0.6729
v 7.5000 5.9000 -0.6960
v 7.6000 5.9000 -0.7180
v 7.7000 5.9000 -0.7393
v 7.8000 5.9000 -0.7608
v 7.9000 5.9000 -0.7797
v 8.0000 5.9000 -0.7955
v 8.1000 5.9000 -0.8077
v 8.2000 5.9000 -0.8169
v 8.3000 5.9000 -0.8213
v 8.4000 5.9000 -0.8248
v 8.5000 5.9000 -0.8292
v 8.6000 5.9000 -0.8328
v 8.7000 5.9000 -0.8375
v 8.8000 5.9000 -0.8427
v 8.9000 5.9000 -0.8490
v 9.0000 5.9000 -0.8549
v 9.1000 5.9000 -0.8611
v 9.2000 5.9000 -0.8662
v 9.3000 5.9000 -0.8819
v 9.4000 5.9000 -0.8949
v 9.5000 5.9000 -0.9064
v 6.5000 6.0000 -0.5823
v 6.6000 6.0000 -0.5756
v 6.7000 6.0000 -0.5687
v 6.8000 6.0000 -0.5647
v 6.9000 6.0000 -0.5647
v 7.0000 6.0000 -0.5732
v 7.1000 6.0000 -0.5914
v 7.2000 6.0000 -0.6142
v 7.3000 6.0000 -0.6391
v 7.4000 6.0000 -0.6653
v 7.5000 6.0000 -0.6901
v 7.6000 6.0000 -0.7132
v 7.7000 6.0000 -0.7349
v 7.8000 6.0000 -0.7570
v 7.9000 6.0000 -0.7763
v 8.0000 6.0000 -0.7922
v 8.1000 6.0000 -0.8045
v 8.2000 6.0000 -0.8136
v 8.3000 6.0000 -0.8176
v 8.4000 6.0000 -0.8203
v 8.5000 6.0000 -0.8240
v 8.6000 6.0000 -0.8265
v 8.7000 6.0000 -0.8296
v 8.8000 6.0000 -0.8329
v 8.9000 6.0000 -0.8373
v 9.0000 6.0000 -0.8418
v 9.1000 6.0000 -0.8471
v 9.2000 6.0000 -0.8518
v 9.3000 6.0000 -0.8706
v 9.4000 6.0000 -0.8867
v 9.5000 6.0000 -0.9012
f 1 2 33 32
f 2 3 34 33
f 3 4 35 34
f 4 5 36 35
f 5 6 37 36
f 6 7 38 37
f 7 8 39 38
f 8 9 40 39
f 9 10 41 40
f 10 11 42 41
f 11 12 43 42
f 12 13 44 43
f 13 14 45 44
f 14 15 46 45
f 15 16 47 46
f 16 17 48 47
f 17 18 49 48
f 18 19 50 49
f 19 20 51 50
f 20 21 52 51
f 21 22 53 52
f 22 23 54 53
f 23 24 55 54
f 24 25 56 55
f 25 26 57 56
f 26 27 58 57
f 27 28 59 58
f 28 29 60 59
f 29 30 61 60
f 30 31 62 61
f 32 33 64 63
f 33 34 65 64
f 34 35 66 65
f 35 36 67 66
f 36 37 68 67
f 37 38 69 68
f 38 39 70 69
f 39 40 71 70
f 40 41 72 71
f 41 42 73 72
f 42 43 74 73
f 43 44 75 74
f 44 45 76 75
f 45 46 77 76
f 46 47 78 77
f 47 48 79 78
f 48 49 80 79
f 49 50 81 80
f 50 51 82 81
f 51 52 83 82
f 52 53 84 83
f 53 54 85 84
f 54 55 86 85
f 55 56 87 86
f 56 57 88 87
f 57 58 89 88
f 58 59 90 89
f 59 60 91 90
f 60 61 92 91
f 61 62 93 92
f 63 64 95 94
f 64 65 96 95
f 65 66 97 96
f 66 67 98 97
f 67 68 99 98
f 68 69 100 99
f 69 70 101 100
f 70 71 102 101
f 71 72 103 102
f 72 73 104 103
f 73 74 105 104
f 74 75 106 105
f 75 76 107 106
f 76 77 108 107
f 77 78 109 108
f 78 79 110 109
f 79 80 111 110
f 80 81 112 111
f 81 82 113 112
f 82 83 114 113
f 83 84 115 114
f 84 85 116 115
f 85 86 117 116
f 86 87 118 117
f 87 88 119 118
f 88 89 120 119
f 89 90 121 120
f 90 91 122 121
f 91 92 123 122
f 92 93 124 123
f 94 95 126 125
f 95 96 127 126
f 96 97 128 127
f 97 98 129 128
f 98 99 130 129
f 99 100 131 130
f 100 101 132 131
f 101 102 133 132
f 102 103 134 133
f 103 104 135 134
f 104 105 136 135
f 105 106 137 136
f 106 107 138 137
f 107 108 139 138
f 108 109 140 139
f 109 110 141 140
f 110 111 142 141
f 111 112 143 142
f 112 113 144 143
f 113 114 145 144
f 114 115 146 145
f 115 116 147 146
f 116 117 148 147
f 117 118 149 148
f 118 119 150 149
f 119 120 151 150
f 120 121 152 151
f 121 122 153 152
f 122 123 154 153
f 123 124 155 154
f 125 126 157 156
f 126 127 158 157
f 127 128 159 158
f 128 129 160 159
f 129 130 161 160
f 130 131 162 161
f 131 132 163 162
f 132 133 164 163
f 133 134 165 164
f 134 135 166 165
f 135 136 167 166
f 136 137 168 167
f 137 138 169 168
f 138 139 170 169
f 139 140 171 170
f 140 141 172 171
f 141 142 173 172
f 142 143 174 173
f 143 144 175 174
f 144 145 176 175
f 145 146 177 176
f 146 147 178 177
f 147 148 179 178
f 148 149 180 179
f 149 150 181 180
f 150 151 182 181
f 151 152 183 182
f 152 153 184 183
f 153 154 185 184
f 154 155 186 185
f 156 157 188 187
f 157 158 189 188
f 158 159 190 189
f 159 160 191 190
f 160 161 192 191
f 161 162 193 192
f 162 163 194 193
f 163 164 195 194
f 164 165 196 195
f 165 166 197 196
f 166 167 198 197
f 167 168 199 198
f 168 169 200 199
f 169 170 201 200
f 170 171 202 201
f 171 172 203 202
f 172 173 204 203
f 173 174 205 204
f 174 175 206 205
f 175 176 207 206
f 176 177 208 207
f 177 178 209 208
f 178 179 210 209
f 179 180 211 210
f 180 181 212 211
f 181 182 213 212
f 182 183 214 213
f 183 184 215 214
f 184 185 216 215
f 185 186 217 216
f 187 188 219 218
f 188 189 220 219
f 189 190 221 220
f 190 191 222 221
f 191 192 223 222
f 192 193 224 223
f 193 194 225 224
f 194 195 226 225
f 195 196 227 226
f 196 197 228 227
f 197 198 229 228
f 198 199 230 229
f 199 200 231 230
f 200 201 232 231
f 201 202 233 232
f 202 203 234 233
f 203 204 235 234
f 204 205 236 235
f 205 206 237 236
f 206 207 238 237
f 207 208 239 238
f 208 209 240 239
f 209 210 241 240
f 210 211 242 241
f 211 212 243 242
f 212 213 244 243
f 213 214 245 244
f 214 215 246 245
f 215 216 247 246
f 216 217 248 247
f 218 219 250 249
f 219 220 251 250
f 220 221 252 251
f 221 222 253 252
f 222 223 254 253
f 223 224 255 254
f 224 225 256 255
f 225 226 257 256
f 226 227 258 257
f 227 228 259 258
f 228 229 260 259
f 229 230 261 260
f 230 231 262 261
f 231 232 263 262
f 232 233 264 263
f 233 234 265 264
f 234 235 266 265
f 235 236 267 266
f 236 237 268 267
f 237 238 269 268
f 238 239 270 269
f 239 240 271 270
f 240 241 272 271
f 241 242 273 272
f 242 243 274 273
f 243 244 275 274
f 244 245 276 275
f 245 246 277 276
f 246 247 278 277
f 247 248 279 278
f 249 250 281 280
f 250 251 282 281
f 251 252 283 282
f 252 253 284 283
f 253 254 285 284
f 254 255 286 285
f 255 256 287 286
f 256 257 288 287
f 257 258 289 288
f 258 259 290 289
f 259 260 291 290
f 260 261 292 291
f 261 262 293 292
f 262 263 294 293
f 263 264 295 294
f 264 265 296 295
f 265 266 297 296
f 266 267 298 297
f 267 268 299 298
f 268 269 300 299
f 269 270 301 300
f 270 271 302 301
f 271 272 303 302
f 272 273 304 303
f 273 274 305 304
f 274 275 306 305
f 275 276 307 306
f 276 277 308 307
f 277 278 309 308
f 278 279 310 309
f 280 281 312 311
f 281 282 313 312
f 282 283 314 313
f 283 284 315 314
f 284 285 316 315
f 285 286 317 316
f 286 287 318 317
f 287 288 319 318
f 288 289 320 319
f 289 290 321 320
f 290 291 322 321
f 291 292 323 322
f 292 293 324 323
f 293 294 325 324
f 294 295 326 325
f 295 296 327 326
f 296 297 328 327
f 297 298 329 328
f 298 299 330 329
f 299 300 331 330
f 300 301 332 331
f 301 302 333 332
f 302 303 334 333
f 303 304 335 334
f 304 305 336 335
f 305 306 337 336
f 306 307 338 337
f 307 308 339 338
f 308 309 340 339
f 309 310 341 340
f 311 312 343 342
f 312 313 344 343
f 313 314 345 344
f 314 315 346 345
f 315 316 347 346
f 316 317 348 347
f 317 318 349 348
f 318 319 350 349
f 319 320 351 350
f 320 321 352 351
f 321 322 353 352
f 322 323 354 353
f 323 324 355 354
f 324 325 356 355
f 325 326 357 356
f 326 327 358 357
f 327 328 359 358
f 328 329 360 359
f 329 330 361 360
f 330 331 362 361
f 331 332 363 362
f 332 333 364 363
f 333 334 365 364
f 334 335 366 365
f 335 336 367 366
f 336 337 368 367
f 337 338 369 368
f 338 339 370 369
f 339 340 371 370
f 340 341 372 371
f 342 343 374 373
f 343 344 375 374
f 344 345 376 375
f 345 346 377 376
f 346 347 378 377
f 347 348 379 378
f 348 349 380 379
f 349 350 381 380
f 350 351 382 381
f 351 352 383 382
f 352 353 384 383
f 353 354 385 384
f 354 355 386 385
f 355 356 387 386
f 356 357 388 387
f 357 358 389 388
f 358 359 390 389
f 359 360 391 390
f 360 361 392 391
f 361 362 393 392
f 362 363 394 393
f 363 364 395 394
f 364 365 396 395
f 365 366 397 396
f 366 367 398 397
f 367 368 399 398
f 368 369 400 399
f 369 370 401 400
f 370 371 402 401
f 371 372 403 402
f 373 374 405 404
f 374 375 406 405
f 375 376 407 406
f 376 377 408 407
f 377 378 409 408
f 378 379 410 409
f 379 380 411 410
f 380 381 412 411
f 381 382 413 412
f 382 383 414 413
f 383 384 415 414
f 384 385 416 415
f 385 386 417 416
f 386 387 418 417
f 387 388 419 418
f 388 389 420 419
f 389 390 421 420
f 390 391 422 421
f 391 392 423 422
f 392 393 424 423
f 393 394 425 424
f 394 395 426 425
f 395 396 427 426
f 396 397 428 427
f 397 398 429 428
f 398 399 430 429
f 399 400 431 430
f 400 401 432 431
f 401 402 433 432
f 402 403 434 433
f 404 405 436 435
f 405 406 437 436
f 406 407 438 437
f 407 408 439 438
f 408 409 440 439
f 409 410 441 440
f 410 411 442 441
f 411 412 443 442
f 412 413 444 443
f 413 414 445 444
f 414 415 446 445
f 415 416 447 446
f 416 417 448 447
f 417 418 449 448
f 418 419 450 449
f 419 420 451 450
f 420 421 452 451
f 421 422 453 452
f 422 423 454 453
f 423 424 455 454
f 424 425 456 455
f 425 426 457 456
f 426 427 458 457
f 427 428 459 458
f 428 429 460 459
f 429 430 461 460
f 430 431 462 461
f 431 432 463 462
f 432 433 464 463
f 433 434 465 464
f 435 436 467 466
f 436 437 468 467
f 437 438 469 468
f 438 439 470 469
f 439 440 471 470
f 440 441 472 471
f 441 442 473 472
f 442 443 474 473
f 443 444 475 474
f 444 445 476 475
f 445 446 477 476
f 446 447 478 477
f 447 448 479 478
f 448 449 480 479
f 449 450 481 480
f 450 451 482 481
f 451 452 483 482
f 452 453 484 483
f 453 454 485 484
f 454 455 486 485
f 455 456 487 486
f 456 457 488 487
f 457 458 489 488
f 458 459 490 489
f 459 460 491 490
f 460 461 492 491
f 461 462 493 492
f 462 463 494 493
f 463 464 495 494
f 464 465 496 495
f 466 467 498 497
f 467 468 499 498
f 468 469 500 499
f 469 470 501 500
f 470 471 502 501
f 471 472 503 502
f 472 473 504 503
f 473 474 505 504
f 474 475 506 505
f 475 476 507 506
f 476 477 508 507
f 477 478 509 508
f 478 479 510 509
f 479 480 511 510
f 480 481 512 511
f 481 482 513 512
f 482 483 514 513
f 483 484 515 514
f 484 485 516 515
f 485 486 517 516
f 486 487 518 517
f 487 488 519 518
f 488 489 520 519
f 489 490 521 520
f 490 491 522 521
f 491 492 523 522
f 492 493 524 523
f 493 494 525 524
f 494 495 526 525
f 495 496 527 526
f 497 498 529 528
f 498 499 530 529
f 499 500 531 530
f 500 501 532 531
f 501 502 533 532
f 502 503 534 533
f 503 504 535 534
f 504 505 536 535
f 505 506 537 536
f 506 507 538 537
f 507 508 539 538
f 508 509 540 539
f 509 510 541 540
f 510 511 542 541
f 511 512 543 542
f 512 513 544 543
f 513 514 545 544
f 514 515 546 545
f 515 516 547 546
f 516 517 548 547
f 517 518 549 548
f 518 519 550 549
f 519 520 551 550
f 520 521 552 551
f 521 522 553 552
f 522 523 554 553
f 523 524 555 554
f 524 525 556 555
f 525 526 557 556
f 526 527 558 557
f 528 529 560 559
f 529 530 561 560
f 530 531 562 561
f 531 532 563 562
f 532 533 564 563
f 533 534 565 564
f 534 535 566 565
f 535 536 567 566
f 536 537 568 567
f 537 538 569 568
f 538 539 570 569
f 539 540 571 570
f 540 541 572 571
f 541 542 573 572
f 542 543 574 573
f 543 544 575 574
f 544 545 576 575
f 545 546 577 576
f 546 547 578 577
f 547 548 579 578
f 548 549 580 579
f 549 550 581 580
f 550 551 582 581
f 551 552 583 582
f 552 553 584 583
f 553 554 585 584
f 554 555 586 585
f 555 556 587 586
f 556 557 588 587
f 557 558 589 588
f 559 560 591 590
f 560 561 592 591
f 561 562 593 592
f 562 563 594 593
f 563 564 595 594
f 564 565 596 595
f 565 566 597 596
f 566 567 598 597
f 567 568 599 598
f 568 569 600 599
f 569 570 601 600
f 570 571 602 601
f 571 572 603 602
f 572 573 604 603
f 573 574 605 604
f 574 575 606 605
f 575 576 607 606
f 576 577 608 607
f 577 578 609 608
f 578 579 610 609
f 579 580 611 610
f 580 581 612 611
f 581 582 613 612
f 582 583 614 613
f 583 584 615 614
f 584 585 616 615
f 585 586 617 616
f 586 587 618 617
f 587 588 619 618
f 588 589 620 619
f 590 591 622 621
f 591 592 623 622
f 592 593 624 623
f 593 594 625 624
f 594 595 626 625
f 595 596 627 626
f 596 597 628 627
f 597 598 629 628
f 598 599 630 629
f 599 600 631 630
f 600 601 632 631
f 601 602 633 632
f 602 603 634 633
f 603 604 635 634
f 604 605 636 635
f 605 606 637 636
f 606 607 638 637
f 607 608 639 638
f 608 609 640 639
f 609 610 641 640
f 610 611 642 641
f 611 612 643 642
f 612 613 644 643
f 613 614 645 644
f 614 615 646 645
f 615 616 647 646
f 616 617 648 647
f 617 618 649 648
f 618 619 650 649
f 619 620 651 650
f 621 622 653 652
f 622 623 654 653
f 623 624 655 654
f 624 625 656 655
f 625 626 657 656
f 626 627 658 657
f 627 628 659 658
f 628 629 660 659
f 629 630 661 660
f 630 631 662 661
f 631 632 663 662
f 632 633 664 663
f 633 634 665 664
f 634 635 666 665
f 635 636 667 666
f 636 637 668 667
f 637 638 669 668
f 638 639 670 669
f 639 640 671 670
f 640 641 672 671
f 641 642 673 672
f 642 643 674 673
f 643 644 675 674
f 644 645 676 675
f 645 646 677 676
f 646 647 678 677
f 647 648 679 678
f 648 649 680 679
f 649 650 681 680
f 650 651 682 681
f 652 653 684 683
f 653 654 685 684
f 654 655 686 685
f 655 656 687 686
f 656 657 688 687
f 657 658 689 688
f 658 659 690 689
f 659 660 691 690
f 660 661 692 691
f 661 662 693 692
f 662 663 694 693
f 663 664 695 694
f 664 665 696 695
f 665 666 697 696
f 666 667 698 697
f 667 668 699 698
f 668 669 700 699
f 669 670 701 700
f 670 671 702 701
f 671 672 703 702
f 672 673 704 703
f 673 674 705 704
f 674 675 706 705
f 675 676 707 706
f 676 677 708 707
f 677 678 709 708
f 678 679 710 709
f 679 680 711 710
f 680 681 712 711
f 681 682 713 712
f 683 684 715 714
f 684 685 716 715
f 685 686 717 716
f 686 687 718 717
f 687 688 719 718
f 688 689 720 719
f 689 690 721 720
f 690 691 722 721
f 691 692 723 722
f 692 693 724 723
f 693 694 725 724
f 694 695 726 725
f 695 696 727 726
f 696 697 728 727
f 697 698 729 728
f 698 699 730 729
f 699 700 731 730
f 700 701 732 731
f 701 702 733 732
f 702 703 734 733
f 703 704 735 734
f 704 705 736 735
f 705 706 737 736
f 706 707 738 737
f 707 708 739 738
f 708 709 740 739
f 709 710 741 740
f 710 711 742 741
f 711 712 743 742
f 712 713 744 743
f 714 715 746 745
f 715 716 747 746
f 716 717 748 747
f 717 718 749 748
f 718 719 750 749
f 719 720 751 750
f 720 721 752 751
f 721 722 753 752
f 722 723 754 753
f 723 724 755 754
f 724 725 756 755
f 725 726 757 756
f 726 727 758 757
f 727 728 759 758
f 728 729 760 759
f 729 730 761 760
f 730 731 762 761
f 731 732 763 762
f 732 733 764 763
f 733 734 765 764
f 734 735 766 765
f 735 736 767 766
f 736 737 768 767
f 737 738 769 768
f 738 739 770 769
f 739 740 771 770
f 740 741 772 771
f 741 742 773 772
f 742 743 774 773
f 743 744 775 774
f 745 746 777 776
f 746 747 778 777
f 747 748 779 778
f 748 749 780 779
f 749 750 781 780
f 750 751 782 781
f 751 752 783 782
f 752 753 784 783
f 753 754 785 784
f 754 755 786 785
f 755 756 787 786
f 756 757 788 787
f 757 758 789 788
f 758 759 790 789
f 759 760 791 790
f 760 761 792 791
f 761 762 793 792
f 762 763 794 793
f 763 764 795 794
f 764 765 796 795
f 765 766 797 796
f 766 767 798 797
f 767 768 799 798
f 768 769 800 799
f 769 770 801 800
f 770 771 802 801
f 771 772 803 802
f 772 773 804 803
f 773 774 805 804
f 774 775 806 805
f 776 777 808 807
f 777 778 809 808
f 778 779 810 809
f 779 780 811 810
f 780 781 812 811
f 781 782 813 812
f 782 783 814 813
f 783 784 815 814
f 784 785 816 815
f 785 786 817 816
f 786 787 818 817
f 787 788 819 818
f 788 789 820 819
f 789 790 821 820
f 790 791 822 821
f 791 792 823 822
f 792 793 824 823
f 793 794 825 824
f 794 795 826 825
f 795 796 827 826
f 796 797 828 827
f 797 798 829 828
f 798 799 830 829
f 799 800 831 830
f 800 801 832 831
f 801 802 833 832
f 802 803 834 833
f 803 804 835 834
f 804 805 836 835
f 805 806 837 836
f 807 808 839 838
f 808 809 840 839
f 809 810 841 840
f 810 811 842 841
f 811 812 843 842
f 812 813 844 843
f 813 814 845 844
f 814 815 846 845
f 815 816 847 846
f 816 817 848 847
f 817 818 849 848
f 818 819 850 849
f 819 820 851 850
f 820 821 852 851
f 821 822 853 852
f 822 823 854 853
f 823 824 855 854
f 824 825 856 855
f 825 826 857 856
f 826 827 858 857
f 827 828 859 858
f 828 829 860 859
f 829 830 861 860
f 830 831 862 861
f 831 832 863 862
f 832 833 864 863
f 833 834 865 864
f 834 835 866 865
f 835 836 867 866
f 836 837 868 867
f 838 839 870 869
f 839 840 871 870
f 840 841 872 871
f 841 842 873 872
f 842 843 874 873
f 843 844 875 874
f 844 845 876 875
f 845 846 877 876
f 846 847 878 877
f 847 848 879 878
f 848 849 880 879
f 849 850 881 880
f 850 851 882 881
f 851 852 883 882
f 852 853 884 883
f 853 854 885 884
f 854 855 886 885
f 855 856 887 886
f 856 857 888 887
f 857 858 889 888
f 858 859 890 889
f 859 860 891 890
f 860 861 892 891
f 861 862 893 892
f 862 863 894 893
f 863 864 895 894
f 864 865 896 895
f 865 866 897 896
f 866 867 898 897
f 867 868 899 898
f 869 870 901 900
f 870 871 902 901
f 871 872 903 902
f 872 873 904 903
f 873 874 905 904
f 874 875 906 905
f 875 876 907 906
f 876 877 908 907
f 877 878 909 908
f 878 879 910 909
f 879 880 911 910
f 880 881 912 911
f 881 882 913 912
f 882 883 914 913
f 883 884 915 914
f 884 885 916 915
f 885 886 917 916
f 886 887 918 917
f 887 888 919 918
f 888 889 920 919
f 889 890 921 920
f 890 891 922 921
f 891 892 923 922
f 892 893 924 923
f 893 894 925 924
f 894 895 926 925
f 895 896 927 926
f 896 897 928 927
f 897 898 929 928
f 898 899 930 929
f 900 901 932 931
f 901 902 933 932
f 902 903 934 933
f 903 904 935 934
f 904 905 936 935
f 905 906 937 936
f 906 907 938 937
f 907 908 939 938
f 908 909 940 939
f 909 910 941 940
f 910 911 942 941
f 911 912 943 942
f 912 913 944 943
f 913 914 945 944
f 914 915 946 945
f 915 916 947 946
f 916 917 948 947
f 917 918 949 948
f 918 919 950 949
f 919 920 951 950
f 920 921 952 951
f 921 922 953 952
f 922 923 954 953
f 923 924 955 954
f 924 925 956 955
f 925 926 957 956
f 926 927 958 957
f 927 928 959 958
f 928 929 960 959
f 929 930 961 960
f 931 932 963 962
f 932 933 964 963
f 933 934 965 964
f 934 935 966 965
f 935 936 967 966
f 936 937 968 967
f 937 938 969 968
f 938 939 970 969
f 939 940 971 970
f 940 941 972 971
f 941 942 973 972
f 942 943 974 973
f 943 944 975 974
f 944 945 976 975
f 945 946 977 976
f 946 947 978 977
f 947 948 979 978
f 948 949 980 979
f 949 950 981 980
f 950 951 982 981
f 951 952 983 982
f 952 953 984 983
f 953 954 985 984
f 954 955 986 985
f 955 956 987 986
f 956 957 988 987
f 957 958 989 988
f 958 959 990 989
f 959 960 991 990
f 960 961 992 991
f 962 963 994 993
f 963 964 995 994
f 964 965 996 995
f 965 966 997 996
f 966 967 998 997
f 967 968 999 998
f 968 969 1000 999
f 969 970 1001 1000
f 970 971 1002 1001
f 971 972 1003 1002
f 972 973 1004 1003
f 973 974 1005 1004
f 974 975 1006 1005
f 975 976 1007 1006
f 976 977 1008 1007
f 977 978 1009 1008
f 978 979 1010 1009
f 979 980 1011 1010
f 980 981 1012 1011
f 981 982 1013 1012
f 982 983 1014 1013
f 983 984 1015 1014
f 984 985 1016 1015
f 985 986 1017 1016
f 986 987 1018 1017
f 987 988 1019 1018
f 988 989 1020 1019
f 989 990 1021 1020
f 990 991 1022 1021
f 991 992 1023 1022
f 993 994 1025 1024
f 994 995 1026 1025
f 995 996 1027 1026
f 996 997 1028 1027
f 997 998 1029 1028
f 998 999 1030 1029
f 999 1000 1031 1030
f 1000 1001 1032 1031
f 1001 1002 1033 1032
f 1002 1003 1034 1033
f 1003 1004 1035 1034
f 1004 1005 1036 1035
f 1005 1006 1037 1036
f 1006 1007 1038 1037
f 1007 1008 1039 1038
f 1008 1009 1040 1039
f 1009 1010 1041 1040
f 1010 1011 1042 1041
f 1011 1012 1043 1042
f 1012 1013 1044 1043
f 1013 1014 1045 1044
f 1014 1015 1046 1045
f 1015 1016 1047 1046
f 1016 1017 1048 1047
f 1017 1018 1049 1048
f 1018 1019 1050 1049
f 1019 1020 1051 1050
f 1020 1021 1052 1051
f 1021 1022 1053 1052
f 1022 1023 1054 1053
f 1024 1025 1056 1055
f 1025 1026 1057 1056
f 1026 1027 1058 1057
f 1027 1028 1059 1058
f 1028 1029 1060 1059
f 1029 1030 1061 1060
f 1030 1031 1062 1061
f 1031 1032 1063 1062
f 1032 1033 1064 1063
f 1033 1034 1065 1064
f 1034 1035 1066 1065
f 1035 1036 1067 1066
f 1036 1037 1068 1067
f 1037 1038 1069 1068
f 1038 1039 1070 1069
f 1039 1040 1071 1070
f 1040 1041 1072 1071
f 1041 1042 1073 1072
f 1042 1043 1074 1073
f 1043 1044 1075 1074
f 1044 1045 1076 1075
f 1045 1046 1077 1076
f 1046 1047 1078 1077
f 1047 1048 1079 1078
f 1048 1049 1080 1079
f 1049 1050 1081 1080
f 1050 1051 1082 1081
f 1051 1052 1083 1082
f 1052 1053 1084 1083
f 1053 1054 1085 1084
f 1055 1056 1087 1086
f 1056 1057 1088 1087
f 1057 1058 1089 1088
f 1058 1059 1090 1089
f 1059 1060 1091 1090
f 1060 1061 1092 1091
f 1061 1062 1093 1092
f 1062 1063 1094 1093
f 1063 1064 1095 1094
f 1064 1065 1096 1095
f 1065 1066 1097 1096
f 1066 1067 1098 1097
f 1067 1068 1099 1098
f 1068 1069 1100 1099
f 1069 1070 1101 1100
f 1070 1071 1102 1101
f 1071 1072 1103 1102
f 1072 1073 1104 1103
f 1073 1074 1105 1104
f 1074 1075 1106 1105
f 1075 1076 1107 1106
f 1076 1077 1108 1107
f 1077 1078 1109 1108
f 1078 1079 1110 1109
f 1079 1080 1111 1110
f 1080 1081 1112 1111
f 1081 1082 1113 1112
f 1082 1083 1114 1113
f 1083 1084 1115 1114
f 1084 1085 1116 1115
f 1086 1087 1118 1117
f 1087 1088 1119 1118
f 1088 1089 1120 1119
f 1089 1090 1121 1120
f 1090 1091 1122 1121
f 1091 1092 1123 1122
f 1092 1093 1124 1123
f 1093 1094 1125 1124
f 1094 1095 1126 1125
f 1095 1096 1127 1126
f 1096 1097 1128 1127
f 1097 1098 1129 1128
f 1098 1099 1130 1129
f 1099 1100 1131 1130
f 1100 1101 1132 1131
f 1101 1102 1133 1132
f 1102 1103 1134 1133
f 1103 1104 1135 1134
f 1104 1105 1136 1135
f 1105 1106 1137 1136
f 1106 1107 1138 1137
f 1107 1108 1139 1138
f 1108 1109 1140 1139
f 1109 1110 1141 1140
f 1110 1111 1142 1141
f 1111 1112 1143 1142
f 1112 1113 1144 1143
f 1113 1114 1145 1144
f 1114 1115 1146 1145
f 1115 1116 1147 1146
f 1117 1118 1149 1148
f 1118 1119 1150 1149
f 1119 1120 1151 1150
f 1120 1121 1152 1151
f 1121 1122 1153 1152
f 1122 1123 1154 1153
f 1123 1124 1155 1154
f 1124 1125 1156 1155
f 1125 1126 1157 1156
f 1126 1127 1158 1157
f 1127 1128 1159 1158
f 1128 1129 1160 1159
f 1129 1130 1161 1160
f 1130 1131 1162 1161
f 1131 1132 1163 1162
f 1132 1133 1164 1163
f 1133 1134 1165 1164
f 1134 1135 1166 1165
f 1135 1136 1167 1166
f 1136 1137 1168 1167
f 1137 1138 1169 1168
f 1138 1139 1170 1169
f 1139 1140 1171 1170
f 1140 1141 1172 1171
f 1141 1142 1173 1172
f 1142 1143 1174 1173
f 1143 1144 1175 1174
f 1144 1145 1176 1175
f 1145 1146 1177 1176
f 1146 1147 1178 1177
f 1148 1149 1180 1179
f 1149 1150 1181 1180
f 1150 1151 1182 1181
f 1151 1152 1183 1182
f 1152 1153 1184 1183
f 1153 1154 1185 1184
f 1154 1155 1186 1185
f 1155 1156 1187 1186
f 1156 1157 1188 1187
f 1157 1158 1189 1188
f 1158 1159 1190 1189
f 1159 1160 1191 1190
f 1160 1161 1192 1191
f 1161 1162 1193 1192
f 1162 1163 1194 1193
f 1163 1164 1195 1194
f 1164 1165 1196 1195
f 1165 1166 1197 1196
f 1166 1167 1198 1197
f 1167 1168 1199 1198
f 1168 1169 1200 1199
f 1169 1170 1201 1200
f 1170 1171 1202 1201
f 1171 1172 1203 1202
f 1172 1173 1204 1203
f 1173 1174 1205 1204
f 1174 1175 1206 1205
f 1175 1176 1207 1206
f 1176 1177 1208 1207
f 1177 1178 1209 1208
f 1179 1180 1211 1210
f 1180 1181 1212 1211
f 1181 1182 1213 1212
f 1182 1183 1214 1213
f 1183 1184 1215 1214
f 1184 1185 1216 1215
f 1185 1186 1217 1216
f 1186 1187 1218 1217
f 1187 1188 1219 1218
f 1188 1189 1220 1219
f 1189 1190 1221 1220
f 1190 1191 1222 1221
f 1191 1192 1223 1222
f 1192 1193 1224 1223
f 1193 1194 1225 1224
f 1194 1195 1226 1225
f 1195 1196 1227 1226
f 1196 1197 1228 1227
f 1197 1198 1229 1228
f 1198 1199 1230 1229
f 1199 1200 1231 1230
f 1200 1201 1232 1231
f 1201 1202 1233 1232
f 1202 1203 1234 1233
f 1203 1204 1235 1234
f 1204 1205 1236 1235
f 1205 1206 1237 1236
f 1206 1207 1238 1237
f 1207 1208 1239 1238
f 1208 1209 1240 1239
f 1210 1211 1242 1241
f 1211 1212 1243 1242
f 1212 1213 1244 1243
f 1213 1214 1245 1244
f 1214 1215 1246 1245
f 1215 1216 1247 1246
f 1216 1217 1248 1247
f 1217 1218 1249 1248
f 1218 1219 1250 1249
f 1219 1220 1251 1250
f 1220 1221 1252 1251
f 1221 1222 1253 1252
f 1222 1223 1254 1253
f 1223 1224 1255 1254
f 1224 1225 1256 1255
f 1225 1226 1257 1256
f 1226 1227 1258 1257
f 1227 1228 1259 1258
f 1228 1229 1260 1259
f 1229 1230 1261 1260
f 1230 1231 1262 1261
f 1231 1232 1263 1262
f 1232 1233 1264 1263
f 1233 1234 1265 1264
f 1234 1235 1266 1265
f 1235 1236 1267 1266
f 1236 1237 1268 1267
f 1237 1238 1269 1268
f 1238 1239 1270 1269
f 1239 1240 1271 1270
f 1241 1242 1273 1272
f 1242 1243 1274 1273
f 1243 1244 1275 1274
f 1244 1245 1276 1275
f 1245 1246 1277 1276
f 1246 1247 1278 1277
f 1247 1248 1279 1278
f 1248 1249 1280 1279
f 1249 1250 1281 1280
f 1250 1251 1282 1281
f 1251 1252 1283 1282
f 1252 1253 1284 1283
f 1253 1254 1285 1284
f 1254 1255 1286 1285
f 1255 1256 1287 1286
f 1256 1257 1288 1287
f 1257 1258 1289 1288
f 1258 1259 1290 1289
f 1259 1260 1291 1290
f 1260 1261 1292 1291
f 1261 1262 1293 1292
f 1262 1263 1294 1293
f 1263 1264 1295 1294
f 1264 1265 1296 1295
f 1265 1266 1297 1296
f 1266 1267 1298 1297
f 1267 1268 1299 1298
f 1268 1269 1300 1299
f 1269 1270 1301 1300
f 1270 1271 1302 1301
f 1272 1273 1304 1303
f 1273 1274 1305 1304
f 1274 1275 1306 1305
f 1275 1276 1307 1306
f 1276 1277 1308 1307
f 1277 1278 1309 1308
f 1278 1279 1310 1309
f 1279 1280 1311 1310
f 1280 1281 1312 1311
f 1281 1282 1313 1312
f 1282 1283 1314 1313
f 1283 1284 1315 1314
f 1284 1285 1316 1315
f 1285 1286 1317 1316
f 1286 1287 1318 1317
f 1287 1288 1319 1318
f 1288 1289 1320 1319
f 1289 1290 1321 1320
f 1290 1291 1322 1321
f 1291 1292 1323 1322
f 1292 1293 1324 1323
f 1293 1294 1325 1324
f 1294 1295 1326 1325
f 1295 1296 1327 1326
f 1296 1297 1328 1327
f 1297 1298 1329 1328
f 1298 1299 1330 1329
f 1299 1300 1331 1330
f 1300 1301 1332 1331
f 1301 1302 1333 1332
f 1303 1304 1335 1334
f 1304 1305 1336 1335
f 1305 1306 1337 1336
f 1306 1307 1338 1337
f 1307 1308 1339 1338
f 1308 1309 1340 1339
f 1309 1310 1341 1340
f 1310 1311 1342 1341
f 1311 1312 1343 1342
f 1312 1313 1344 1343
f 1313 1314 1345 1344
f 1314 1315 1346 1345
f 1315 1316 1347 1346
f 1316 1317 1348 1347
f 1317 1318 1349 1348
f 1318 1319 1350 1349
f 1319 1320 1351 1350
f 1320 1321 1352 1351
f 1321 1322 1353 1352
f 1322 1323 1354 1353
f 1323 1324 1355 1354
f 1324 1325 1356 1355
f 1325 1326 1357 1356
f 1326 1327 1358 1357
f 1327 1328 1359 1358
f 1328 1329 1360 1359
f 1329 1330 1361 1360
f 1330 1331 1362 1361
f 1331 1332 1363 1362
f 1332 1333 1364 1363
f 1334 1335 1366 1365
f 1335 1336 1367 1366
f 1336 1337 1368 1367
f 1337 1338 1369 1368
f 1338 1339 1370 1369
f 1339 1340 1371 1370
f 1340 1341 1372 1371
f 1341 1342 1373 1372
f 1342 1343 1374 1373
f 1343 1344 1375 1374
f 1344 1345 1376 1375
f 1345 1346 1377 1376
f 1346 1347 1378 1377
f 1347 1348 1379 1378
f 1348 1349 1380 1379
f 1349 1350 1381 1380
f 1350 1351 1382 1381
f 1351 1352 1383 1382
f 1352 1353 1384 1383
f 1353 1354 1385 1384
f 1354 1355 1386 1385
f 1355 1356 1387 1386
f 1356 1357 1388 1387
f 1357 1358 1389 1388
f 1358 1359 1390 1389
f 1359 1360 1391 1390
f 1360 1361 1392 1391
f 1361 1362 1393 1392
f 1362 1363 1394 1393
f 1363 1364 1395 1394
f 1365 1366 1397 1396
f 1366 1367 1398 1397
f 1367 1368 1399 1398
f 1368 1369 1400 1399
f 1369 1370 1401 1400
f 1370 1371 1402 1401
f 1371 1372 1403 1402
f 1372 1373 1404 1403
f 1373 1374 1405 1404
f 1374 1375 1406 1405
f 1375 1376 1407 1406
f 1376 1377 1408 1407
f 1377 1378 1409 1408
f 1378 1379 1410 1409
f 1379 1380 1411 1410
f 1380 1381 1412 1411
f 1381 1382 1413 1412
f 1382 1383 1414 1413
f 1383 1384 1415 1414
f 1384 1385 1416 1415
f 1385 1386 1417 1416
f 1386 1387 1418 1417
f 1387 1388 1419 1418
f 1388 1389 1420 1419
f 1389 1390 1421 1420
f 1390 1391 1422 1421
f 1391 1392 1423 1422
f 1392 1393 1424 1423
f 1393 1394 1425 1424
f 1394 1395 1426 1425
f 1396 1397 1428 1427
f 1397 1398 1429 1428
f 1398 1399 1430 1429
f 1399 1400 1431 1430
f 1400 1401 1432 1431
f 1401 1402 1433 1432
f 1402 1403 1434 1433
f 1403 1404 1435 1434
f 1404 1405 1436 1435
f 1405 1406 1437 1436
f 1406 1407 1438 1437
f 1407 1408 1439 1438
f 1408 1409 1440 1439
f 1409 1410 1441 1440
f 1410 1411 1442 1441
f 1411 1412 1443 1442
f 1412 1413 1444 1443
f 1413 1414 1445 1444
f 1414 1415 1446 1445
f 1415 1416 1447 1446
f 1416 1417 1448 1447
f 1417 1418 1449 1448
f 1418 1419 1450 1449
f 1419 1420 1451 1450
f 1420 1421 1452 1451
f 1421 1422 1453 1452
f 1422 1423 1454 1453
f 1423 1424 1455 1454
f 1424 1425 1456 1455
f 1425 1426 1457 1456
f 1427 1428 1459 1458
f 1428 1429 1460 1459
f 1429 1430 1461 1460
f 1430 1431 1462 1461
f 1431 1432 1463 1462
f 1432 1433 1464 1463
f 1433 1434 1465 1464
f 1434 1435 1466 1465
f 1435 1436 1467 1466
f 1436 1437 1468 1467
f 1437 1438 1469 1468
f 1438 1439 1470 1469
f 1439 1440 1471 1470
f 1440 1441 1472 1471
f 1441 1442 1473 1472
f 1442 1443 1474 1473
f 1443 1444 1475 1474
f 1444 1445 1476 1475
f 1445 1446 1477 1476
f 1446 1447 1478 1477
f 1447 1448 1479 1478
f 1448 1449 1480 1479
f 1449 1450 1481 1480
f 1450 1451 1482 1481
f 1451 1452 1483 1482
f 1452 1453 1484 1483
f 1453 1454 1485 1484
f 1454 1455 1486 1485
f 1455 1456 1487 1486
f 1456 1457 1488 1487
f 1458 1459 1490 1489
f 1459 1460 1491 1490
f 1460 1461 1492 1491
f 1461 1462 1493 1492
f 1462 1463 1494 1493
f 1463 1464 1495 1494
f 1464 1465 1496 1495
f 1465 1466 1497 1496
f 1466 1467 1498 1497
f 1467 1468 1499 1498
f 1468 1469 1500 1499
f 1469 1470 1501 1500
f 1470 1471 1502 1501
f 1471 1472 1503 1502
f 1472 1473 1504 1503
f 1473 1474 1505 1504
f 1474 1475 1506 1505
f 1475 1476 1507 1506
f 1476 1477 1508 1507
f 1477 1478 1509 1508
f 1478 1479 1510 1509
f 1479 1480 1511 1510
f 1480 1481 1512 1511
f 1481 1482 1513 1512
f 1482 1483 1514 1513
f 1483 1484 1515 1514
f 1484 1485 1516 1515
f 1485 1486 1517 1516
f 1486 1487 1518 1517
f 1487 1488 1519 1518
f 1489 1490 1521 1520
f 1490 1491 1522 1521
f 1491 1492 1523 1522
f 1492 1493 1524 1523
f 1493 1494 1525 1524
f 1494 1495 1526 1525
f 1495 1496 1527 1526
f 1496 1497 1528 1527
f 1497 1498 1529 1528
f 1498 1499 1530 1529
f 1499 1500 1531 1530
f 1500 1501 1532 1531
f 1501 1502 1533 1532
f 1502 1503 1534 1533
f 1503 1504 1535 1534
f 1504 1505 1536 1535
f 1505 1506 1537 1536
f 1506 1507 1538 1537
f 1507 1508 1539 1538
f 1508 1509 1540 1539
f 1509 1510 1541 1540
f 1510 1511 1542 1541
f 1511 1512 1543 1542
f 1512 1513 1544 1543
f 1513 1514 1545 1544
f 1514 1515 1546 1545
f 1515 1516 1547 1546
f 1516 1517 1548 1547
f 1517 1518 1549 1548
f 1518 1519 1550 1549
f 1520 1521 1552 1551
f 1521 1522 1553 1552
f 1522 1523 1554 1553
f 1523 1524 1555 1554
f 1524 1525 1556 1555
f 1525 1526 1557 1556
f 1526 1527 1558 1557
f 1527 1528 1559 1558
f 1528 1529 1560 1559
f 1529 1530 1561 1560
f 1530 1531 1562 1561
f 1531 1532 1563 1562
f 1532 1533 1564 1563
f 1533 1534 1565 1564
f 1534 1535 1566 1565
f 1535 1536 1567 1566
f 1536 1537 1568 1567
f 1537 1538 1569 1568
f 1538 1539 1570 1569
f 1539 1540 1571 1570
f 1540 1541 1572 1571
f 1541 1542 1573 1572
f 1542 1543 1574 1573
f 1543 1544 1575 1574
f 1544 1545 1576 1575
f 1545 1546 1577 1576
f 1546 1547 1578 1577
f 1547 1548 1579 1578
f 1548 1549 1580 1579
f 1549 1550 1581 1580
f 1551 1552 1583 1582
f 1552 1553 1584 1583
f 1553 1554 1585 1584
f 1554 1555 1586 1585
f 1555 1556 1587 1586
f 1556 1557 1588 1587
f 1557 1558 1589 1588
f 1558 1559 1590 1589
f 1559 1560 1591 1590
f 1560 1561 1592 1591
f 1561 1562 1593 1592
f 1562 1563 1594 1593
f 1563 1564 1595 1594
f 1564 1565 1596 1595
f 1565 1566 1597 1596
f 1566 1567 1598 1597
f 1567 1568 1599 1598
f 1568 1569 1600 1599
f 1569 1570 1601 1600
f 1570 1571 1602 1601
f 1571 1572 1603 1602
f 1572 1573 1604 1603
f 1573 1574 1605 1604
f 1574 1575 1606 1605
f 1575 1576 1607 1606
f 1576 1577 1608 1607
f 1577 1578 1609 1608
f 1578 1579 1610 1609
f 1579 1580 1611 1610
f 1580 1581 1612 1611
f 1582 1583 1614 1613
f 1583 1584 1615 1614
f 1584 1585 1616 1615
f 1585 1586 1617 1616
f 1586 1587 1618 1617
f 1587 1588 1619 1618
f 1588 1589 1620 1619
f 1589 1590 1621 1620
f 1590 1591 1622 1621
f 1591 1592 1623 1622
f 1592 1593 1624 1623
f 1593 1594 1625 1624
f 1594 1595 1626 1625
f 1595 1596 1627 1626
f 1596 1597 1628 1627
f 1597 1598 1629 1628
f 1598 1599 1630 1629
f 1599 1600 1631 1630
f 1600 1601 1632 1631
f 1601 1602 1633 1632
f 1602 1603 1634 1633
f 1603 1604 1635 1634
f 1604 1605 1636 1635
f 1605 1606 1637 1636
f 1606 1607 1638 1637
f 1607 1608 1639 1638
f 1608 1609 1640 1639
f 1609 1610 1641 1640
f 1610 1611 1642 1641
f 1611 1612 1643 1642
f 1613 1614 1645 1644
f 1614 1615 1646 1645
f 1615 1616 1647 1646
f 1616 1617 1648 1647
f 1617 1618 1649 1648
f 1618 1619 1650 1649
f 1619 1620 1651 1650
f 1620 1621 1652 1651
f 1621 1622 1653 1652
f 1622 1623 1654 1653
f 1623 1624 1655 1654
f 1624 1625 1656 1655
f 1625 1626 1657 1656
f 1626 1627 1658 1657
f 1627 1628 1659 1658
f 1628 1629 1660 1659
f 1629 1630 1661 1660
f 1630 1631 1662 1661
f 1631 1632 1663 1662
f 1632 1633 1664 1663
f 1633 1634 1665 1664
f 1634 1635 1666 1665
f 1635 1636 1667 1666
f 1636 1637 1668 1667
f 1637 1638 1669 1668
f 1638 1639 1670 1669
f 1639 1640 1671 1670
f 1640 1641 1672 1671
f 1641 1642 1673 1672
f 1642 1643 1674 1673
f 1644 1645 1676 1675
f 1645 1646 1677 1676
f 1646 1647 1678 1677
f 1647 1648 1679 1678
f 1648 1649 1680 1679
f 1649 1650 1681 1680
f 1650 1651 1682 1681
f 1651 1652 1683 1682
f 1652 1653 1684 1683
f 1653 1654 1685 1684
f 1654 1655 1686 1685
f 1655 1656 1687 1686
f 1656 1657 1688 1687
f 1657 1658 1689 1688
f 1658 1659 1690 1689
f 1659 1660 1691 1690
f 1660 1661 1692 1691
f 1661 1662 1693 1692
f 1662 1663 1694 1693
f 1663 1664 1695 1694
f 1664 1665 1696 1695
f 1665 1666 1697 1696
f 1666 1667 1698 1697
f 1667 1668 1699 1698
f 1668 1669 1700 1699
f 1669 1670 1701 1700
f 1670 1671 1702 1701
f 1671 1672 1703 1702
f 1672 1673 1704 1703
f 1673 1674 1705 1704
f 1675 1676 1707 1706
f 1676 1677 1708 1707
f 1677 1678 1709 1708
f 1678 1679 1710 1709
f 1679 1680 1711 1710
f 1680 1681 1712 1711
f 1681 1682 1713 1712
f 1682 1683 1714 1713
f 1683 1684 1715 1714
f 1684 1685 1716 1715
f 1685 1686 1717 1716
f 1686 1687 1718 1717
f 1687 1688 1719 1718
f 1688 1689 1720 1719
f 1689 1690 1721 1720
f 1690 1691 1722 1721
f 1691 1692 1723 1722
f 1692 1693 1724 1723
f 1693 1694 1725 1724
f 1694 1695 1726 1725
f 1695 1696 1727 1726
f 1696 1697 1728 1727
f 1697 1698 1729 1728
f 1698 1699 1730 1729
f 1699 1700 1731 1730
f 1700 1701 1732 1731
f 1701 1702 1733 1732
f 1702 1703 1734 1733
f 1703 1704 1735 1734
f 1704 1705 1736 1735
f 1706 1707 1738 1737
f 1707 1708 1739 1738
f 1708 1709 1740 1739
f 1709 1710 1741 1740
f 1710 1711 1742 1741
f 1711 1712 1743 1742
f 1712 1713 1744 1743
f 1713 1714 1745 1744
f 1714 1715 1746 1745
f 1715 1716 1747 1746
f 1716 1717 1748 1747
f 1717 1718 1749 1748
f 1718 1719 1750 1749
f 1719 1720 1751 1750
f 1720 1721 1752 1751
f 1721 1722 1753 1752
f 1722 1723 1754 1753
f 1723 1724 1755 1754
f 1724 1725 1756 1755
f 1725 1726 1757 1756
f 1726 1727 1758 1757
f 1727 1728 1759 1758
f 1728 1729 1760 1759
f 1729 1730 1761 1760
f 1730 1731 1762 1761
f 1731 1732 1763 1762
f 1732 1733 1764 1763
f 1733 1734 1765 1764
f 1734 1735 1766 1765
f 1735 1736 1767 1766
f 1737 1738 1769 1768
f 1738 1739 1770 1769
f 1739 1740 1771 1770
f 1740 1741 1772 1771
f 1741 1742 1773 1772
f 1742 1743 1774 1773
f 1743 1744 1775 1774
f 1744 1745 1776 1775
f 1745 1746 1777 1776
f 1746 1747 1778 1777
f 1747 1748 1779 1778
f 1748 1749 1780 1779
f 1749 1750 1781 1780
f 1750 1751 1782 1781
f 1751 1752 1783 1782
f 1752 1753 1784 1783
f 1753 1754 1785 1784
f 1754 1755 1786 1785
f 1755 1756 1787 1786
f 1756 1757 1788 1787
f 1757 1758 1789 1788
f 1758 1759 1790 1789
f 1759 1760 1791 1790
f 1760 1761 1792 1791
f 1761 1762 1793 1792
f 1762 1763 1794 1793
f 1763 1764 1795 1794
f 1764 1765 1796 1795
f 1765 1766 1797 1796
f 1766 1767 1798 1797
f 1768 1769 1800 1799
f 1769 1770 1801 1800
f 1770 1771 1802 1801
f 1771 1772 1803 1802
f 1772 1773 1804 1803
f 1773 1774 1805 1804
f 1774 1775 1806 1805
f 1775 1776 1807 1806
f 1776 1777 1808 1807
f 1777 1778 1809 1808
f 1778 1779 1810 1809
f 1779 1780 1811 1810
f 1780 1781 1812 1811
f 1781 1782 1813 1812
f 1782 1783 1814 1813
f 1783 1784 1815 1814
f 1784 1785 1816 1815
f 1785 1786 1817 1816
f 1786 1787 1818 1817
f 1787 1788 1819 1818
f 1788 1789 1820 1819
f 1789 1790 1821 1820
f 1790 1791 1822 1821
f 1791 1792 1823 1822
f 1792 1793 1824 1823
f 1793 1794 1825 1824
f 1794 1795 1826 1825
f 1795 1796 1827 1826
f 1796 1797 1828 1827
f 1797 1798 1829 1828
f 1799 1800 1831 1830
f 1800 1801 1832 1831
f 1801 1802 1833 1832
f 1802 1803 1834 1833
f 1803 1804 1835 1834
f 1804 1805 1836 1835
f 1805 1806 1837 1836
f 1806 1807 1838 1837
f 1807 1808 1839 1838
f 1808 1809 1840 1839
f 1809 1810 1841 1840
f 1810 1811 1842 1841
f 1811 1812 1843 1842
f 1812 1813 1844 1843
f 1813 1814 1845 1844
f 1814 1815 1846 1845
f 1815 1816 1847 1846
f 1816 1817 1848 1847
f 1817 1818 1849 1848
f 1818 1819 1850 1849
f 1819 1820 1851 1850
f 1820 1821 1852 1851
f 1821 1822 1853 1852
f 1822 1823 1854 1853
f 1823 1824 1855 1854
f 1824 1825 1856 1855
f 1825 1826 1857 1856
f 1826 1827 1858 1857
f 1827 1828 1859 1858
f 1828 1829 1860 1859
f 1830 1831 1862 1861
f 1831 1832 1863 1862
f 1832 1833 1864 1863
f 1833 1834 1865 1864
f 1834 1835 1866 1865
f 1835 1836 1867 1866
f 1836 1837 1868 1867
f 1837 1838 1869 1868
f 1838 1839 1870 1869
f 1839 1840 1871 1870
f 1840 1841 1872 1871
f 1841 1842 1873 1872
f 1842 1843 1874 1873
f 1843 1844 1875 1874
f 1844 1845 1876 1875
f 1845 1846 1877 1876
f 1846 1847 1878 1877
f 1847 1848 1879 1878
f 1848 1849 1880 1879
f 1849 1850 1881 1880
f 1850 1851 1882 1881
f 1851 1852 1883 1882
f 1852 1853 1884 1883
f 1853 1854 1885 1884
f 1854 1855 1886 1885
f 1855 1856 1887 1886
f 1856 1857 1888 1887
f 1857 1858 1889 1888
f 1858 1859 1890 1889
f 1859 1860 1891 1890
o B2
v 0.0000 0.0000 -2.0066
v 0.1000 0.0000 -2.0028
v 0.2000 0.0000 -1.9978
v 0.3000 0.0000 -1.9917
v 0.4000 0.0000 -1.9857
v 0.5000 0.0000 -1.9798
v 0.6000 0.0000 -1.9741
v 0.7000 0.0000 -1.9684
v 0.8000 0.0000 -1.9627
v 0.9000 0.0000 -1.9570
v 1.0000 0.0000 -1.9513
v 1.1000 0.0000 -1.9456
v 1.2000 0.0000 -1.9400
v 1.3000 0.0000 -1.9343
v 1.4000 0.0000 -1.9286
v 1.5000 0.0000 -1.9229
v 1.6000 0.0000 -1.9172
v 1.7000 0.0000 -1.9115
v 1.8000 0.0000 -1.9058
v 1.9000 0.0000 -1.8991
v 2.0000 0.0000 -1.8922
v 2.1000 0.0000 -1.8851
v 2.2000 0.0000 -1.8778
v 2.3000 0.0000 -1.8702
v 2.4000 0.0000 -1.8634
v 2.5000 0.0000 -1.8567
v 2.6000 0.0000 -1.8499
v 2.7000 0.0000 -1.8431
v 2.8000 0.0000 -1.8363
v 2.9000 0.0000 -1.8296
v 3.0000 0.0000 -1.8228
v 3.1000 0.0000 -1.8160
v 3.2000 0.0000 -1.8092
v 3.3000 0.0000 -1.8024
v 3.4000 0.0000 -1.7957
v 3.5000 0.0000 -1.7889
v 3.6000 0.0000 -1.7821
v 3.7000 0.0000 -1.7753
v 3.8000 0.0000 -1.7686
v 3.9000 0.0000 -1.7618
v 4.0000 0.0000 -1.7550
v 4.1000 0.0000 -1.7482
v 4.2000 0.0000 -1.7415
v 4.3000 0.0000 -1.7347
v 4.4000 0.0000 -1.7279
v 4.5000 0.0000 -1.7211
v 4.6000 0.0000 -1.7144
v 4.7000 0.0000 -1.7076
v 4.8000 0.0000 -1.7008
v 4.9000 0.0000 -1.6954
v 5.0000 0.0000 -1.6913
v 0.0000 0.1000 -2.0172
v 0.1000 0.1000 -2.0135
v 0.2000 0.1000 -2.0087
v 0.3000 0.1000 -2.0028
v 0.4000 0.1000 -1.9970
v 0.5000 0.1000 -1.9913
v 0.6000 0.1000 -1.9858
v 0.7000 0.1000 -1.9805
v 0.8000 0.1000 -1.9753
v 0.9000 0.1000 -1.9703
v 1.0000 0.1000 -1.9655
v 1.1000 0.1000 -1.9608
v 1.2000 0.1000 -1.9562
v 1.3000 0.1000 -1.9515
v 1.4000 0.1000 -1.9469
v 1.5000 0.1000 -1.9421
v 1.6000 0.1000 -1.9373
v 1.7000 0.1000 -1.9325
v 1.8000 0.1000 -1.9276
v 1.9000 0.1000 -1.9217
v 2.0000 0.1000 -1.9156
v 2.1000 0.1000 -1.9093
v 2.2000 0.1000 -1.9027
v 2.3000 0.1000 -1.8962
v 2.4000 0.1000 -1.8907
v 2.5000 0.1000 -1.8854
v 2.6000 0.1000 -1.8804
v 2.7000 0.1000 -1.8755
v 2.8000 0.1000 -1.8707
v 2.9000 0.1000 -1.8660
v 3.0000 0.1000 -1.8613
v 3.1000 0.1000 -1.8568
v 3.2000 0.1000 -1.8522
v 3.3000 0.1000 -1.8475
v 3.4000 0.1000 -1.8424
v 3.5000 0.1000 -1.8318
v 3.6000 0.1000 -1.8207
v 3.7000 0.1000 -1.8093
v 3.8000 0.1000 -1.7977
v 3.9000 0.1000 -1.7859
v 4.0000 0.1000 -1.7791
v 4.1000 0.1000 -1.7724
v 4.2000 0.1000 -1.7656
v 4.3000 0.1000 -1.7588
v 4.4000 0.1000 -1.7520
v 4.5000 0.1000 -1.7453
v 4.6000 0.1000 -1.7385
v 4.7000 0.1000 -1.7317
v 4.8000 0.1000 -1.7249
v 4.9000 0.1000 -1.7195
v 5.0000 0.1000 -1.7155
v 0.0000 0.2000 -2.0284
v 0.1000 0.2000 -2.0255
v 0.2000 0.2000 -2.0217
v 0.3000 0.2000 -2.0170
v 0.4000 0.2000 -2.0124
v 0.5000 0.2000 -2.0079
v 0.6000 0.2000 -2.0037
v 0.7000 0.2000 -1.9995
v 0.8000 0.2000 -1.9955
v 0.9000 0.2000 -1.9915
v 1.0000 0.2000 -1.9875
v 1.1000 0.2000 -1.9833
v 1.2000 0.2000 -1.9791
v 1.3000 0.2000 -1.9746
v 1.4000 0.2000 -1.9701
v 1.5000 0.2000 -1.9656
v 1.6000 0.2000 -1.9610
v 1.7000 0.2000 -1.9563
v 1.8000 0.2000 -1.9516
v 1.9000 0.2000 -1.9463
v 2.0000 0.2000 -1.9412
v 2.1000 0.2000 -1.9363
v 2.2000 0.2000 -1.9316
v 2.3000 0.2000 -1.9272
v 2.4000 0.2000 -1.9240
v 2.5000 0.2000 -1.9209
v 2.6000 0.2000 -1.9181
v 2.7000 0.2000 -1.9155
v 2.8000 0.2000 -1.9129
v 2.9000 0.2000 -1.9105
v 3.0000 0.2000 -1.9081
v 3.1000 0.2000 -1.9059
v 3.2000 0.2000 -1.9038
v 3.3000 0.2000 -1.9015
v 3.4000 0.2000 -1.8990
v 3.5000 0.2000 -1.8910
v 3.6000 0.2000 -1.8822
v 3.7000 0.2000 -1.8728
v 3.8000 0.2000 -1.8629
v 3.9000 0.2000 -1.8525
v 4.0000 0.2000 -1.8468
v 4.1000 0.2000 -1.8412
v 4.2000 0.2000 -1.8355
v 4.3000 0.2000 -1.8299
v 4.4000 0.2000 -1.8158
v 4.5000 0.2000 -1.8014
v 4.6000 0.2000 -1.7869
v 4.7000 0.2000 -1.7721
v 4.8000 0.2000 -1.7571
v 4.9000 0.2000 -1.7517
v 5.0000 0.2000 -1.7476
v 0.0000 0.3000 -2.0440
v 0.1000 0.3000 -2.0417
v 0.2000 0.3000 -2.0388
v 0.3000 0.3000 -2.0352
v 0.4000 0.3000 -2.0316
v 0.5000 0.3000 -2.0282
v 0.6000 0.3000 -2.0250
v 0.7000 0.3000 -2.0219
v 0.8000 0.3000 -2.0190
v 0.9000 0.3000 -2.0159
v 1.0000 0.3000 -2.0127
v 1.1000 0.3000 -2.0092
v 1.2000 0.3000 -2.0055
v 1.3000 0.3000 -2.0013
v 1.4000 0.3000 -1.9972
v 1.5000 0.3000 -1.9929
v 1.6000 0.3000 -1.9887
v 1.7000 0.3000 -1.9843
v 1.8000 0.3000 -1.9799
v 1.9000 0.3000 -1.9753
v 2.0000 0.3000 -1.9711
v 2.1000 0.3000 -1.9675
v 2.2000 0.3000 -1.9644
v 2.3000 0.3000 -1.9620
v 2.4000 0.3000 -1.9607
v 2.5000 0.3000 -1.9596
v 2.6000 0.3000 -1.9588
v 2.7000 0.3000 -1.9581
v 2.8000 0.3000 -1.9574
v 2.9000 0.3000 -1.9571
v 3.0000 0.3000 -1.9571
v 3.1000 0.3000 -1.9575
v 3.2000 0.3000 -1.9582
v 3.3000 0.3000 -1.9591
v 3.4000 0.3000 -1.9596
v 3.5000 0.3000 -1.9547
v 3.6000 0.3000 -1.9490
v 3.7000 0.3000 -1.9428
v 3.8000 0.3000 -1.9360
v 3.9000 0.3000 -1.9283
v 4.0000 0.3000 -1.9249
v 4.1000 0.3000 -1.9211
v 4.2000 0.3000 -1.9168
v 4.3000 0.3000 -1.9121
v 4.4000 0.3000 -1.8989
v 4.5000 0.3000 -1.8855
v 4.6000 0.3000 -1.8718
v 4.7000 0.3000 -1.8580
v 4.8000 0.3000 -1.8439
v 4.9000 0.3000 -1.8392
v 5.0000 0.3000 -1.8357
v 0.0000 0.4000 -2.0605
v 0.1000 0.4000 -2.0589
v 0.2000 0.4000 -2.0568
v 0.3000 0.4000 -2.0542
v 0.4000 0.4000 -2.0517
v 0.5000 0.4000 -2.0493
v 0.6000 0.4000 -2.0472
v 0.7000 0.4000 -2.0452
v 0.8000 0.4000 -2.0434
v 0.9000 0.4000 -2.0412
v 1.0000 0.4000 -2.0388
v 1.1000 0.4000 -2.0360
v 1.2000 0.4000 -2.0329
v 1.3000 0.4000 -2.0292
v 1.4000 0.4000 -2.0255
v 1.5000 0.4000 -2.0218
v 1.6000 0.4000 -2.0180
v 1.7000 0.4000 -2.0141
v 1.8000 0.4000 -2.0102
v 1.9000 0.4000 -2.0061
v 2.0000 0.4000 -2.0027
v 2.1000 0.4000 -1.9999
v 2.2000 0.4000 -1.9978
v 2.3000 0.4000 -1.9964
v 2.4000 0.4000 -1.9962
v 2.5000 0.4000 -1.9962
v 2.6000 0.4000 -1.9964
v 2.7000 0.4000 -1.9967
v 2.8000 0.4000 -1.9971
v 2.9000 0.4000 -1.9983
v 3.0000 0.4000 -2.0002
v 3.1000 0.4000 -2.0031
v 3.2000 0.4000 -2.0066
v 3.3000 0.4000 -2.0109
v 3.4000 0.4000 -2.0148
v 3.5000 0.4000 -2.0134
v 3.6000 0.4000 -2.0111
v 3.7000 0.4000 -2.0083
v 3.8000 0.4000 -2.0049
v 3.9000 0.4000 -2.0001
v 4.0000 0.4000 -1.9992
v 4.1000 0.4000 -1.9974
v 4.2000 0.4000 -1.9946
v 4.3000 0.4000 -1.9910
v 4.4000 0.4000 -1.9788
v 4.5000 0.4000 -1.9665
v 4.6000 0.4000 -1.9539
v 4.7000 0.4000 -1.9411
v 4.8000 0.4000 -1.9281
v 4.9000 0.4000 -1.9243
v 5.0000 0.4000 -1.9215
v 0.0000 0.5000 -2.0945
v 0.1000 0.5000 -2.0932
v 0.2000 0.5000 -2.0915
v 0.3000 0.5000 -2.0893
v 0.4000 0.5000 -2.0871
v 0.5000 0.5000 -2.0849
v 0.6000 0.5000 -2.0827
v 0.7000 0.5000 -2.0807
v 0.8000 0.5000 -2.0788
v 0.9000 0.5000 -2.0766
v 1.0000 0.5000 -2.0739
v 1.1000 0.5000 -2.0707
v 1.2000 0.5000 -2.0671
v 1.3000 0.5000 -2.0628
v 1.4000 0.5000 -2.0585
v 1.5000 0.5000 -2.0541
v 1.6000 0.5000 -2.0497
v 1.7000 0.5000 -2.0453
v 1.8000 0.5000 -2.0408
v 1.9000 0.5000 -2.0371
v 2.0000 0.5000 -2.0343
v 2.1000 0.5000 -2.0323
v 2.2000 0.5000 -2.0312
v 2.3000 0.5000 -2.0311
v 2.4000 0.5000 -2.0313
v 2.5000 0.5000 -2.0318
v 2.6000 0.5000 -2.0324
v 2.7000 0.5000 -2.0333
v 2.8000 0.5000 -2.0341
v 2.9000 0.5000 -2.0364
v 3.0000 0.5000 -2.0399
v 3.1000 0.5000 -2.0449
v 3.2000 0.5000 -2.0512
v 3.3000 0.5000 -2.0588
v 3.4000 0.5000 -2.0660
v 3.5000 0.5000 -2.0678
v 3.6000 0.5000 -2.0688
v 3.7000 0.5000 -2.0692
v 3.8000 0.5000 -2.0691
v 3.9000 0.5000 -2.0673
v 4.0000 0.5000 -2.0689
v 4.1000 0.5000 -2.0693
v 4.2000 0.5000 -2.0684
v 4.3000 0.5000 -2.0662
v 4.4000 0.5000 -2.0556
v 4.5000 0.5000 -2.0447
v 4.6000 0.5000 -2.0337
v 4.7000 0.5000 -2.0224
v 4.8000 0.5000 -2.0109
v 4.9000 0.5000 -2.0083
v 5.0000 0.5000 -2.0064
v 0.0000 0.6000 -2.1275
v 0.1000 0.6000 -2.1267
v 0.2000 0.6000 -2.1255
v 0.3000 0.6000 -2.1240
v 0.4000 0.6000 -2.1225
v 0.5000 0.6000 -2.1211
v 0.6000 0.6000 -2.1196
v 0.7000 0.6000 -2.1181
v 0.8000 0.6000 -2.1167
v 0.9000 0.6000 -2.1146
v 1.0000 0.6000 -2.1119
v 1.1000 0.6000 -2.1086
v 1.2000 0.6000 -2.1046
v 1.3000 0.6000 -2.1001
v 1.4000 0.6000 -2.0955
v 1.5000 0.6000 -2.0910
v 1.6000 0.6000 -2.0864
v 1.7000 0.6000 -2.0819
v 1.8000 0.6000 -2.0774
v 1.9000 0.6000 -2.0736
v 2.0000 0.6000 -2.0704
v 2.1000 0.6000 -2.0680
v 2.2000 0.6000 -2.0663
v 2.3000 0.6000 -2.0652
v 2.4000 0.6000 -2.0641
v 2.5000 0.6000 -2.0631
v 2.6000 0.6000 -2.0621
v 2.7000 0.6000 -2.0610
v 2.8000 0.6000 -2.0600
v 2.9000 0.6000 -2.0608
v 3.0000 0.6000 -2.0636
v 3.1000 0.6000 -2.0684
v 3.2000 0.6000 -2.0752
v 3.3000 0.6000 -2.0841
v 3.4000 0.6000 -2.0930
v 3.5000 0.6000 -2.1020
v 3.6000 0.6000 -2.1108
v 3.7000 0.6000 -2.1192
v 3.8000 0.6000 -2.1273
v 3.9000 0.6000 -2.1335
v 4.0000 0.6000 -2.1377
v 4.1000 0.6000 -2.1403
v 4.2000 0.6000 -2.1412
v 4.3000 0.6000 -2.1403
v 4.4000 0.6000 -2.1311
v 4.5000 0.6000 -2.1216
v 4.6000 0.6000 -2.1119
v 4.7000 0.6000 -2.1019
v 4.8000 0.6000 -2.0918
v 4.9000 0.6000 -2.0903
v 5.0000 0.6000 -2.0892
v 0.0000 0.7000 -2.1700
v 0.1000 0.7000 -2.1688
v 0.2000 0.7000 -2.1673
v 0.3000 0.7000 -2.1653
v 0.4000 0.7000 -2.1634
v 0.5000 0.7000 -2.1615
v 0.6000 0.7000 -2.1596
v 0.7000 0.7000 -2.1577
v 0.8000 0.7000 -2.1559
v 0.9000 0.7000 -2.1537
v 1.0000 0.7000 -2.1511
v 1.1000 0.7000 -2.1481
v 1.2000 0.7000 -2.1447
v 1.3000 0.7000 -2.1409
v 1.4000 0.7000 -2.1371
v 1.5000 0.7000 -2.1333
v 1.6000 0.7000 -2.1294
v 1.7000 0.7000 -2.1256
v 1.8000 0.7000 -2.1219
v 1.9000 0.7000 -2.1182
v 2.0000 0.7000 -2.1145
v 2.1000 0.7000 -2.1110
v 2.2000 0.7000 -2.1075
v 2.3000 0.7000 -2.1041
v 2.4000 0.7000 -2.1007
v 2.5000 0.7000 -2.0973
v 2.6000 0.7000 -2.0939
v 2.7000 0.7000 -2.0905
v 2.8000 0.7000 -2.0870
v 2.9000 0.7000 -2.0861
v 3.0000 0.7000 -2.0878
v 3.1000 0.7000 -2.0921
v 3.2000 0.7000 -2.0991
v 3.3000 0.7000 -2.1088
v 3.4000 0.7000 -2.1185
v 3.5000 0.7000 -2.1281
v 3.6000 0.7000 -2.1378
v 3.7000 0.7000 -2.1475
v 3.8000 0.7000 -2.1572
v 3.9000 0.7000 -2.1648
v 4.0000 0.7000 -2.1702
v 4.1000 0.7000 -2.1735
v 4.2000 0.7000 -2.1748
v 4.3000 0.7000 -2.1738
v 4.4000 0.7000 -2.1729
v 4.5000 0.7000 -2.1721
v 4.6000 0.7000 -2.1712
v 4.7000 0.7000 -2.1703
v 4.8000 0.7000 -2.1695
v 4.9000 0.7000 -2.1688
v 5.0000 0.7000 -2.1683
v 0.0000 0.8000 -2.2172
v 0.1000 0.8000 -2.2159
v 0.2000 0.8000 -2.2141
v 0.3000 0.8000 -2.2120
v 0.4000 0.8000 -2.2099
v 0.5000 0.8000 -2.2079
v 0.6000 0.8000 -2.2058
v 0.7000 0.8000 -2.2038
v 0.8000 0.8000 -2.2018
v 0.9000 0.8000 -2.1995
v 1.0000 0.8000 -2.1970
v 1.1000 0.8000 -2.1943
v 1.2000 0.8000 -2.1914
v 1.3000 0.8000 -2.1881
v 1.4000 0.8000 -2.1849
v 1.5000 0.8000 -2.1817
v 1.6000 0.8000 -2.1785
v 1.7000 0.8000 -2.1752
v 1.8000 0.8000 -2.1721
v 1.9000 0.8000 -2.1682
v 2.0000 0.8000 -2.1637
v 2.1000 0.8000 -2.1585
v 2.2000 0.8000 -2.1527
v 2.3000 0.8000 -2.1462
v 2.4000 0.8000 -2.1397
v 2.5000 0.8000 -2.1333
v 2.6000 0.8000 -2.1268
v 2.7000 0.8000 -2.1203
v 2.8000 0.8000 -2.1137
v 2.9000 0.8000 -2.1104
v 3.0000 0.8000 -2.1106
v 3.1000 0.8000 -2.1141
v 3.2000 0.8000 -2.1211
v 3.3000 0.8000 -2.1315
v 3.4000 0.8000 -2.1419
v 3.5000 0.8000 -2.1524
v 3.6000 0.8000 -2.1628
v 3.7000 0.8000 -2.1732
v 3.8000 0.8000 -2.1837
v 3.9000 0.8000 -2.1919
v 4.0000 0.8000 -2.1978
v 4.1000 0.8000 -2.2016
v 4.2000 0.8000 -2.2030
v 4.3000 0.8000 -2.2023
v 4.4000 0.8000 -2.2015
v 4.5000 0.8000 -2.2008
v 4.6000 0.8000 -2.2000
v 4.7000 0.8000 -2.1993
v 4.8000 0.8000 -2.1986
v 4.9000 0.8000 -2.1981
v 5.0000 0.8000 -2.1977
v 0.0000 0.9000 -2.2654
v 0.1000 0.9000 -2.2639
v 0.2000 0.9000 -2.2620
v 0.3000 0.9000 -2.2595
v 0.4000 0.9000 -2.2572
v 0.5000 0.9000 -2.2548
v 0.6000 0.9000 -2.2525
v 0.7000 0.9000 -2.2502
v 0.8000 0.9000 -2.2479
v 0.9000 0.9000 -2.2456
v 1.0000 0.9000 -2.2432
v 1.1000 0.9000 -2.2407
v 1.2000 0.9000 -2.2381
v 1.3000 0.9000 -2.2354
v 1.4000 0.9000 -2.2328
v 1.5000 0.9000 -2.2301
v 1.6000 0.9000 -2.2275
v 1.7000 0.9000 -2.2248
v 1.8000 0.9000 -2.2223
v 1.9000 0.9000 -2.2182
v 2.0000 0.9000 -2.2128
v 2.1000 0.9000 -2.2059
v 2.2000 0.9000 -2.1976
v 2.3000 0.9000 -2.1879
v 2.4000 0.9000 -2.1782
v 2.5000 0.9000 -2.1685
v 2.6000 0.9000 -2.1588
v 2.7000 0.9000 -2.1490
v 2.8000 0.9000 -2.1392
v 2.9000 0.9000 -2.1337
v 3.0000 0.9000 -2.1324
v 3.1000 0.9000 -2.1354
v 3.2000 0.9000 -2.1427
v 3.3000 0.9000 -2.1543
v 3.4000 0.9000 -2.1659
v 3.5000 0.9000 -2.1775
v 3.6000 0.9000 -2.1891
v 3.7000 0.9000 -2.2007
v 3.8000 0.9000 -2.2124
v 3.9000 0.9000 -2.2215
v 4.0000 0.9000 -2.2281
v 4.1000 0.9000 -2.2322
v 4.2000 0.9000 -2.2338
v 4.3000 0.9000 -2.2329
v 4.4000 0.9000 -2.2320
v 4.5000 0.9000 -2.2311
v 4.6000 0.9000 -2.2302
v 4.7000 0.9000 -2.2293
v 4.8000 0.9000 -2.2285
v 4.9000 0.9000 -2.2278
v 5.0000 0.9000 -2.2272
v 0.0000 1.0000 -2.3125
v 0.1000 1.0000 -2.3107
v 0.2000 1.0000 -2.3085
v 0.3000 1.0000 -2.3057
v 0.4000 1.0000 -2.3029
v 0.5000 1.0000 -2.3003
v 0.6000 1.0000 -2.2977
v 0.7000 1.0000 -2.2951
v 0.8000 1.0000 -2.2925
v 0.9000 1.0000 -2.2901
v 1.0000 1.0000 -2.2877
v 1.1000 1.0000 -2.2855
v 1.2000 1.0000 -2.2833
v 1.3000 1.0000 -2.2812
v 1.4000 1.0000 -2.2791
v 1.5000 1.0000 -2.2771
v 1.6000 1.0000 -2.2750
v 1.7000 1.0000 -2.2730
v 1.8000 1.0000 -2.2711
v 1.9000 1.0000 -2.2670
v 2.0000 1.0000 -2.2609
v 2.1000 1.0000 -2.2528
v 2.2000 1.0000 -2.2425
v 2.3000 1.0000 -2.2301
v 2.4000 1.0000 -2.2178
v 2.5000 1.0000 -2.2054
v 2.6000 1.0000 -2.1931
v 2.7000 1.0000 -2.1807
v 2.8000 1.0000 -2.1683
v 2.9000 1.0000 -2.1608
v 3.0000 1.0000 -2.1583
v 3.1000 1.0000 -2.1608
v 3.2000 1.0000 -2.1684
v 3.3000 1.0000 -2.1810
v 3.4000 1.0000 -2.1936
v 3.5000 1.0000 -2.2063
v 3.6000 1.0000 -2.2189
v 3.7000 1.0000 -2.2315
v 3.8000 1.0000 -2.2442
v 3.9000 1.0000 -2.2540
v 4.0000 1.0000 -2.2610
v 4.1000 1.0000 -2.2652
v 4.2000 1.0000 -2.2665
v 4.3000 1.0000 -2.2650
v 4.4000 1.0000 -2.2635
v 4.5000 1.0000 -2.2620
v 4.6000 1.0000 -2.2606
v 4.7000 1.0000 -2.2591
v 4.8000 1.0000 -2.2576
v 4.9000 1.0000 -2.2565
v 5.0000 1.0000 -2.2556
v 0.0000 1.1000 -2.3606
v 0.1000 1.1000 -2.3586
v 0.2000 1.1000 -2.3559
v 0.3000 1.1000 -2.3527
v 0.4000 1.1000 -2.3495
v 0.5000 1.1000 -2.3465
v 0.6000 1.1000 -2.3434
v 0.7000 1.1000 -2.3403
v 0.8000 1.1000 -2.3374
v 0.9000 1.1000 -2.3347
v 1.0000 1.1000 -2.3323
v 1.1000 1.1000 -2.3302
v 1.2000 1.1000 -2.3284
v 1.3000 1.1000 -2.3269
v 1.4000 1.1000 -2.3254
v 1.5000 1.1000 -2.3240
v 1.6000 1.1000 -2.3225
v 1.7000 1.1000 -2.3211
v 1.8000 1.1000 -2.3198
v 1.9000 1.1000 -2.3158
v 2.0000 1.1000 -2.3091
v 2.1000 1.1000 -2.2998
v 2.2000 1.1000 -2.2877
v 2.3000 1.1000 -2.2728
v 2.4000 1.1000 -2.2579
v 2.5000 1.1000 -2.2431
v 2.6000 1.1000 -2.2283
v 2.7000 1.1000 -2.2134
v 2.8000 1.1000 -2.1984
v 2.9000 1.1000 -2.1892
v 3.0000 1.1000 -2.1856
v 3.1000 1.1000 -2.1877
v 3.2000 1.1000 -2.1955
v 3.3000 1.1000 -2.2090
v 3.4000 1.1000 -2.2225
v 3.5000 1.1000 -2.2360
v 3.6000 1.1000 -2.2495
v 3.7000 1.1000 -2.2630
v 3.8000 1.1000 -2.2765
v 3.9000 1.1000 -2.2869
v 4.0000 1.1000 -2.2942
v 4.1000 1.1000 -2.2984
v 4.2000 1.1000 -2.2995
v 4.3000 1.1000 -2.2975
v 4.4000 1.1000 -2.2956
v 4.5000 1.1000 -2.2937
v 4.6000 1.1000 -2.2918
v 4.7000 1.1000 -2.2899
v 4.8000 1.1000 -2.2880
v 4.9000 1.1000 -2.2865
v 5.0000 1.1000 -2.2853
v 0.0000 1.2000 -2.4078
v 0.1000 1.2000 -2.4056
v 0.2000 1.2000 -2.4028
v 0.3000 1.2000 -2.3992
v 0.4000 1.2000 -2.3958
v 0.5000 1.2000 -2.3924
v 0.6000 1.2000 -2.3890
v 0.7000 1.2000 -2.3857
v 0.8000 1.2000 -2.3824
v 0.9000 1.2000 -2.3794
v 1.0000 1.2000 -2.3769
v 1.1000 1.2000 -2.3747
v 1.2000 1.2000 -2.3730
v 1.3000 1.2000 -2.3716
v 1.4000 1.2000 -2.3703
v 1.5000 1.2000 -2.3689
v 1.6000 1.2000 -2.3676
v 1.7000 1.2000 -2.3663
v 1.8000 1.2000 -2.3650
v 1.9000 1.2000 -2.3606
v 2.0000 1.2000 -2.3531
v 2.1000 1.2000 -2.3425
v 2.2000 1.2000 -2.3288
v 2.3000 1.2000 -2.3119
v 2.4000 1.2000 -2.2951
v 2.5000 1.2000 -2.2782
v 2.6000 1.2000 -2.2613
v 2.7000 1.2000 -2.2444
v 2.8000 1.2000 -2.2275
v 2.9000 1.2000 -2.2168
v 3.0000 1.2000 -2.2122
v 3.1000 1.2000 -2.2137
v 3.2000 1.2000 -2.2215
v 3.3000 1.2000 -2.2354
v 3.4000 1.2000 -2.2494
v 3.5000 1.2000 -2.2633
v 3.6000 1.2000 -2.2772
v 3.7000 1.2000 -2.2911
v 3.8000 1.2000 -2.3050
v 3.9000 1.2000 -2.3157
v 4.0000 1.2000 -2.3233
v 4.1000 1.2000 -2.3277
v 4.2000 1.2000 -2.3291
v 4.3000 1.2000 -2.3273
v 4.4000 1.2000 -2.3255
v 4.5000 1.2000 -2.3238
v 4.6000 1.2000 -2.3220
v 4.7000 1.2000 -2.3203
v 4.8000 1.2000 -2.3186
v 4.9000 1.2000 -2.3173
v 5.0000 1.2000 -2.3163
v 0.0000 1.3000 -2.4559
v 0.1000 1.3000 -2.4535
v 0.2000 1.3000 -2.4504
v 0.3000 1.3000 -2.4464
v 0.4000 1.3000 -2.4426
v 0.5000 1.3000 -2.4388
v 0.6000 1.3000 -2.4349
v 0.7000 1.3000 -2.4312
v 0.8000 1.3000 -2.4274
v 0.9000 1.3000 -2.4241
v 1.0000 1.3000 -2.4213
v 1.1000 1.3000 -2.4189
v 1.2000 1.3000 -2.4171
v 1.3000 1.3000 -2.4156
v 1.4000 1.3000 -2.4142
v 1.5000 1.3000 -2.4127
v 1.6000 1.3000 -2.4112
v 1.7000 1.3000 -2.4097
v 1.8000 1.3000 -2.4083
v 1.9000 1.3000 -2.4036
v 2.0000 1.3000 -2.3957
v 2.1000 1.3000 -2.3845
v 2.2000 1.3000 -2.3700
v 2.3000 1.3000 -2.3523
v 2.4000 1.3000 -2.3346
v 2.5000 1.3000 -2.3168
v 2.6000 1.3000 -2.2991
v 2.7000 1.3000 -2.2813
v 2.8000 1.3000 -2.2634
v 2.9000 1.3000 -2.2518
v 3.0000 1.3000 -2.2464
v 3.1000 1.3000 -2.2471
v 3.2000 1.3000 -2.2541
v 3.3000 1.3000 -2.2673
v 3.4000 1.3000 -2.2805
v 3.5000 1.3000 -2.2937
v 3.6000 1.3000 -2.3069
v 3.7000 1.3000 -2.3201
v 3.8000 1.3000 -2.3331
v 3.9000 1.3000 -2.3433
v 4.0000 1.3000 -2.3506
v 4.1000 1.3000 -2.3549
v 4.2000 1.3000 -2.3565
v 4.3000 1.3000 -2.3551
v 4.4000 1.3000 -2.3538
v 4.5000 1.3000 -2.3525
v 4.6000 1.3000 -2.3512
v 4.7000 1.3000 -2.3499
v 4.8000 1.3000 -2.3487
v 4.9000 1.3000 -2.3477
v 5.0000 1.3000 -2.3470
v 0.0000 1.4000 -2.5032
v 0.1000 1.4000 -2.5006
v 0.2000 1.4000 -2.4972
v 0.3000 1.4000 -2.4930
v 0.4000 1.4000 -2.4888
v 0.5000 1.4000 -2.4847
v 0.6000 1.4000 -2.4806
v 0.7000 1.4000 -2.4764
v 0.8000 1.4000 -2.4723
v 0.9000 1.4000 -2.4685
v 1.0000 1.4000 -2.4651
v 1.1000 1.4000 -2.4622
v 1.2000 1.4000 -2.4596
v 1.3000 1.4000 -2.4575
v 1.4000 1.4000 -2.4553
v 1.5000 1.4000 -2.4532
v 1.6000 1.4000 -2.4509
v 1.7000 1.4000 -2.4488
v 1.8000 1.4000 -2.4467
v 1.9000 1.4000 -2.4416
v 2.0000 1.4000 -2.4334
v 2.1000 1.4000 -2.4223
v 2.2000 1.4000 -2.4081
v 2.3000 1.4000 -2.3908
v 2.4000 1.4000 -2.3735
v 2.5000 1.4000 -2.3562
v 2.6000 1.4000 -2.3388
v 2.7000 1.4000 -2.3215
v 2.8000 1.4000 -2.3041
v 2.9000 1.4000 -2.2925
v 3.0000 1.4000 -2.2867
v 3.1000 1.4000 -2.2867
v 3.2000 1.4000 -2.2925
v 3.3000 1.4000 -2.3042
v 3.4000 1.4000 -2.3159
v 3.5000 1.4000 -2.3276
v 3.6000 1.4000 -2.3393
v 3.7000 1.4000 -2.3510
v 3.8000 1.4000 -2.3626
v 3.9000 1.4000 -2.3717
v 4.0000 1.4000 -2.3783
v 4.1000 1.4000 -2.3825
v 4.2000 1.4000 -2.3842
v 4.3000 1.4000 -2.3834
v 4.4000 1.4000 -2.3827
v 4.5000 1.4000 -2.3820
v 4.6000 1.4000 -2.3812
v 4.7000 1.4000 -2.3805
v 4.8000 1.4000 -2.3799
v 4.9000 1.4000 -2.3794
v 5.0000 1.4000 -2.3790
v 0.0000 1.5000 -2.5513
v 0.1000 1.5000 -2.5486
v 0.2000 1.5000 -2.5450
v 0.3000 1.5000 -2.5404
v 0.4000 1.5000 -2.5359
v 0.5000 1.5000 -2.5313
v 0.6000 1.5000 -2.5268
v 0.7000 1.5000 -2.5223
v 0.8000 1.5000 -2.5177
v 0.9000 1.5000 -2.5135
v 1.0000 1.5000 -2.5097
v 1.1000 1.5000 -2.5062
v 1.2000 1.5000 -2.5031
v 1.3000 1.5000 -2.5003
v 1.4000 1.5000 -2.4975
v 1.5000 1.5000 -2.4947
v 1.6000 1.5000 -2.4919
v 1.7000 1.5000 -2.4890
v 1.8000 1.5000 -2.4862
v 1.9000 1.5000 -2.4806
v 2.0000 1.5000 -2.4722
v 2.1000 1.5000 -2.4609
v 2.2000 1.5000 -2.4468
v 2.3000 1.5000 -2.4299
v 2.4000 1.5000 -2.4129
v 2.5000 1.5000 -2.3959
v 2.6000 1.5000 -2.3789
v 2.7000 1.5000 -2.3618
v 2.8000 1.5000 -2.3447
v 2.9000 1.5000 -2.3331
v 3.0000 1.5000 -2.3268
v 3.1000 1.5000 -2.3261
v 3.2000 1.5000 -2.3308
v 3.3000 1.5000 -2.3410
v 3.4000 1.5000 -2.3512
v 3.5000 1.5000 -2.3615
v 3.6000 1.5000 -2.3717
v 3.7000 1.5000 -2.3819
v 3.8000 1.5000 -2.3920
v 3.9000 1.5000 -2.4001
v 4.0000 1.5000 -2.4061
v 4.1000 1.5000 -2.4100
v 4.2000 1.5000 -2.4119
v 4.3000 1.5000 -2.4117
v 4.4000 1.5000 -2.4116
v 4.5000 1.5000 -2.4114
v 4.6000 1.5000 -2.4113
v 4.7000 1.5000 -2.4112
v 4.8000 1.5000 -2.4111
v 4.9000 1.5000 -2.4111
v 5.0000 1.5000 -2.4110
v 0.0000 1.6000 -2.5988
v 0.1000 1.6000 -2.5961
v 0.2000 1.6000 -2.5925
v 0.3000 1.6000 -2.5879
v 0.4000 1.6000 -2.5834
v 0.5000 1.6000 -2.5788
v 0.6000 1.6000 -2.5743
v 0.7000 1.6000 -2.5697
v 0.8000 1.6000 -2.5650
v 0.9000 1.6000 -2.5606
v 1.0000 1.6000 -2.5563
v 1.1000 1.6000 -2.5522
v 1.2000 1.6000 -2.5484
v 1.3000 1.6000 -2.5447
v 1.4000 1.6000 -2.5410
v 1.5000 1.6000 -2.5373
v 1.6000 1.6000 -2.5336
v 1.7000 1.6000 -2.5299
v 1.8000 1.6000 -2.5262
v 1.9000 1.6000 -2.5199
v 2.0000 1.6000 -2.5110
v 2.1000 1.6000 -2.4996
v 2.2000 1.6000 -2.4856
v 2.3000 1.6000 -2.4691
v 2.4000 1.6000 -2.4524
v 2.5000 1.6000 -2.4358
v 2.6000 1.6000 -2.4190
v 2.7000 1.6000 -2.4023
v 2.8000 1.6000 -2.3855
v 2.9000 1.6000 -2.3737
v 3.0000 1.6000 -2.3670
v 3.1000 1.6000 -2.3654
v 3.2000 1.6000 -2.3689
v 3.3000 1.6000 -2.3776
v 3.4000 1.6000 -2.3863
v 3.5000 1.6000 -2.3950
v 3.6000 1.6000 -2.4038
v 3.7000 1.6000 -2.4126
v 3.8000 1.6000 -2.4213
v 3.9000 1.6000 -2.4282
v 4.0000 1.6000 -2.4334
v 4.1000 1.6000 -2.4368
v 4.2000 1.6000 -2.4384
v 4.3000 1.6000 -2.4382
v 4.4000 1.6000 -2.4381
v 4.5000 1.6000 -2.4379
v 4.6000 1.6000 -2.4378
v 4.7000 1.6000 -2.4376
v 4.8000 1.6000 -2.4375
v 4.9000 1.6000 -2.4373
v 5.0000 1.6000 -2.4372
v 0.0000 1.7000 -2.6464
v 0.1000 1.7000 -2.6435
v 0.2000 1.7000 -2.6396
v 0.3000 1.7000 -2.6347
v 0.4000 1.7000 -2.6297
v 0.5000 1.7000 -2.6248
v 0.6000 1.7000 -2.6198
v 0.7000 1.7000 -2.6148
v 0.8000 1.7000 -2.6097
v 0.9000 1.7000 -2.6049
v 1.0000 1.7000 -2.6002
v 1.1000 1.7000 -2.5958
v 1.2000 1.7000 -2.5916
v 1.3000 1.7000 -2.5876
v 1.4000 1.7000 -2.5836
v 1.5000 1.7000 -2.5796
v 1.6000 1.7000 -2.5757
v 1.7000 1.7000 -2.5719
v 1.8000 1.7000 -2.5681
v 1.9000 1.7000 -2.5617
v 2.0000 1.7000 -2.5528
v 2.1000 1.7000 -2.5413
v 2.2000 1.7000 -2.5272
v 2.3000 1.7000 -2.5104
v 2.4000 1.7000 -2.4937
v 2.5000 1.7000 -2.4770
v 2.6000 1.7000 -2.4602
v 2.7000 1.7000 -2.4435
v 2.8000 1.7000 -2.4267
v 2.9000 1.7000 -2.4146
v 3.0000 1.7000 -2.4074
v 3.1000 1.7000 -2.4050
v 3.2000 1.7000 -2.4075
v 3.3000 1.7000 -2.4148
v 3.4000 1.7000 -2.4222
v 3.5000 1.7000 -2.4296
v 3.6000 1.7000 -2.4371
v 3.7000 1.7000 -2.4445
v 3.8000 1.7000 -2.4519
v 3.9000 1.7000 -2.4576
v 4.0000 1.7000 -2.4616
v 4.1000 1.7000 -2.4640
v 4.2000 1.7000 -2.4648
v 4.3000 1.7000 -2.4639
v 4.4000 1.7000 -2.4630
v 4.5000 1.7000 -2.4621
v 4.6000 1.7000 -2.4612
v 4.7000 1.7000 -2.4603
v 4.8000 1.7000 -2.4594
v 4.9000 1.7000 -2.4586
v 5.0000 1.7000 -2.4580
v 0.0000 1.8000 -2.6909
v 0.1000 1.8000 -2.6879
v 0.2000 1.8000 -2.6839
v 0.3000 1.8000 -2.6788
v 0.4000 1.8000 -2.6738
v 0.5000 1.8000 -2.6687
v 0.6000 1.8000 -2.6635
v 0.7000 1.8000 -2.6583
v 0.8000 1.8000 -2.6531
v 0.9000 1.8000 -2.6482
v 1.0000 1.8000 -2.6434
v 1.1000 1.8000 -2.6389
v 1.2000 1.8000 -2.6347
v 1.3000 1.8000 -2.6309
v 1.4000 1.8000 -2.6270
v 1.5000 1.8000 -2.6231
v 1.6000 1.8000 -2.6194
v 1.7000 1.8000 -2.6157
v 1.8000 1.8000 -2.6120
v 1.9000 1.8000 -2.6057
v 2.0000 1.8000 -2.5967
v 2.1000 1.8000 -2.5850
v 2.2000 1.8000 -2.5706
v 2.3000 1.8000 -2.5534
v 2.4000 1.8000 -2.5363
v 2.5000 1.8000 -2.5193
v 2.6000 1.8000 -2.5022
v 2.7000 1.8000 -2.4852
v 2.8000 1.8000 -2.4682
v 2.9000 1.8000 -2.4557
v 3.0000 1.8000 -2.4477
v 3.1000 1.8000 -2.4443
v 3.2000 1.8000 -2.4454
v 3.3000 1.8000 -2.4512
v 3.4000 1.8000 -2.4569
v 3.5000 1.8000 -2.4627
v 3.6000 1.8000 -2.4686
v 3.7000 1.8000 -2.4744
v 3.8000 1.8000 -2.4801
v 3.9000 1.8000 -2.4843
v 4.0000 1.8000 -2.4869
v 4.1000 1.8000 -2.4880
v 4.2000 1.8000 -2.4875
v 4.3000 1.8000 -2.4855
v 4.4000 1.8000 -2.4836
v 4.5000 1.8000 -2.4816
v 4.6000 1.8000 -2.4797
v 4.7000 1.8000 -2.4777
v 4.8000 1.8000 -2.4757
v 4.9000 1.8000 -2.4741
v 5.0000 1.8000 -2.4729
v 0.0000 1.9000 -2.7352
v 0.1000 1.9000 -2.7322
v 0.2000 1.9000 -2.7282
v 0.3000 1.9000 -2.7231
v 0.4000 1.9000 -2.7181
v 0.5000 1.9000 -2.7129
v 0.6000 1.9000 -2.7078
v 0.7000 1.9000 -2.7026
v 0.8000 1.9000 -2.6973
v 0.9000 1.9000 -2.6923
v 1.0000 1.9000 -2.6876
v 1.1000 1.9000 -2.6831
v 1.2000 1.9000 -2.6789
v 1.3000 1.9000 -2.6751
v 1.4000 1.9000 -2.6713
v 1.5000 1.9000 -2.6676
v 1.6000 1.9000 -2.6639
v 1.7000 1.9000 -2.6603
v 1.8000 1.9000 -2.6567
v 1.9000 1.9000 -2.6504
v 2.0000 1.9000 -2.6414
v 2.1000 1.9000 -2.6296
v 2.2000 1.9000 -2.6150
v 2.3000 1.9000 -2.5976
v 2.4000 1.9000 -2.5802
v 2.5000 1.9000 -2.5628
v 2.6000 1.9000 -2.5454
v 2.7000 1.9000 -2.5279
v 2.8000 1.9000 -2.5105
v 2.9000 1.9000 -2.4973
v 3.0000 1.9000 -2.4884
v 3.1000 1.9000 -2.4838
v 3.2000 1.9000 -2.4835
v 3.3000 1.9000 -2.4876
v 3.4000 1.9000 -2.4917
v 3.5000 1.9000 -2.4959
v 3.6000 1.9000 -2.5001
v 3.7000 1.9000 -2.5043
v 3.8000 1.9000 -2.5085
v 3.9000 1.9000 -2.5111
v 4.0000 1.9000 -2.5122
v 4.1000 1.9000 -2.5118
v 4.2000 1.9000 -2.5100
v 4.3000 1.9000 -2.5066
v 4.4000 1.9000 -2.5033
v 4.5000 1.9000 -2.5001
v 4.6000 1.9000 -2.4968
v 4.7000 1.9000 -2.4936
v 4.8000 1.9000 -2.4902
v 4.9000 1.9000 -2.4876
v 5.0000 1.9000 -2.4856
v 0.0000 2.0000 -2.7797
v 0.1000 2.0000 -2.7767
v 0.2000 2.0000 -2.7725
v 0.3000 2.0000 -2.7674
v 0.4000 2.0000 -2.7623
v 0.5000 2.0000 -2.7571
v 0.6000 2.0000 -2.7519
v 0.7000 2.0000 -2.7466
v 0.8000 2.0000 -2.7413
v 0.9000 2.0000 -2.7361
v 1.0000 2.0000 -2.7310
v 1.1000 2.0000 -2.7260
v 1.2000 2.0000 -2.7211
v 1.3000 2.0000 -2.7165
v 1.4000 2.0000 -2.7119
v 1.5000 2.0000 -2.7073
v 1.6000 2.0000 -2.7028
v 1.7000 2.0000 -2.6984
v 1.8000 2.0000 -2.6941
v 1.9000 2.0000 -2.6873
v 2.0000 2.0000 -2.6780
v 2.1000 2.0000 -2.6661
v 2.2000 2.0000 -2.6518
v 2.3000 2.0000 -2.6349
v 2.4000 2.0000 -2.6180
v 2.5000 2.0000 -2.6011
v 2.6000 2.0000 -2.5842
v 2.7000 2.0000 -2.5673
v 2.8000 2.0000 -2.5505
v 2.9000 2.0000 -2.5374
v 3.0000 2.0000 -2.5283
v 3.1000 2.0000 -2.5229
v 3.2000 2.0000 -2.5215
v 3.3000 2.0000 -2.5239
v 3.4000 2.0000 -2.5265
v 3.5000 2.0000 -2.5290
v 3.6000 2.0000 -2.5316
v 3.7000 2.0000 -2.5342
v 3.8000 2.0000 -2.5367
v 3.9000 2.0000 -2.5378
v 4.0000 2.0000 -2.5374
v 4.1000 2.0000 -2.5355
v 4.2000 2.0000 -2.5321
v 4.3000 2.0000 -2.5273
v 4.4000 2.0000 -2.5226
v 4.5000 2.0000 -2.5178
v 4.6000 2.0000 -2.5131
v 4.7000 2.0000 -2.5083
v 4.8000 2.0000 -2.5036
v 4.9000 2.0000 -2.4997
v 5.0000 2.0000 -2.4968
v 0.0000 2.1000 -2.8239
v 0.1000 2.1000 -2.8207
v 0.2000 2.1000 -2.8165
v 0.3000 2.1000 -2.8112
v 0.4000 2.1000 -2.8059
v 0.5000 2.1000 -2.8006
v 0.6000 2.1000 -2.7953
v 0.7000 2.1000 -2.7899
v 0.8000 2.1000 -2.7846
v 0.9000 2.1000 -2.7791
v 1.0000 2.1000 -2.7737
v 1.1000 2.1000 -2.7683
v 1.2000 2.1000 -2.7629
v 1.3000 2.1000 -2.7575
v 1.4000 2.1000 -2.7522
v 1.5000 2.1000 -2.7469
v 1.6000 2.1000 -2.7416
v 1.7000 2.1000 -2.7365
v 1.8000 2.1000 -2.7314
v 1.9000 2.1000 -2.7241
v 2.0000 2.1000 -2.7145
v 2.1000 2.1000 -2.7027
v 2.2000 2.1000 -2.6886
v 2.3000 2.1000 -2.6722
v 2.4000 2.1000 -2.6558
v 2.5000 2.1000 -2.6395
v 2.6000 2.1000 -2.6232
v 2.7000 2.1000 -2.6069
v 2.8000 2.1000 -2.5906
v 2.9000 2.1000 -2.5778
v 3.0000 2.1000 -2.5683
v 3.1000 2.1000 -2.5624
v 3.2000 2.1000 -2.5598
v 3.3000 2.1000 -2.5607
v 3.4000 2.1000 -2.5617
v 3.5000 2.1000 -2.5627
v 3.6000 2.1000 -2.5636
v 3.7000 2.1000 -2.5645
v 3.8000 2.1000 -2.5653
v 3.9000 2.1000 -2.5648
v 4.0000 2.1000 -2.5629
v 4.1000 2.1000 -2.5596
v 4.2000 2.1000 -2.5551
v 4.3000 2.1000 -2.5493
v 4.4000 2.1000 -2.5435
v 4.5000 2.1000 -2.5377
v 4.6000 2.1000 -2.5320
v 4.7000 2.1000 -2.5263
v 4.8000 2.1000 -2.5206
v 4.9000 2.1000 -2.5160
v 5.0000 2.1000 -2.5126
v 0.0000 2.2000 -2.8692
v 0.1000 2.2000 -2.8661
v 0.2000 2.2000 -2.8620
v 0.3000 2.2000 -2.8569
v 0.4000 2.2000 -2.8519
v 0.5000 2.2000 -2.8468
v 0.6000 2.2000 -2.8417
v 0.7000 2.2000 -2.8365
v 0.8000 2.2000 -2.8313
v 0.9000 2.2000 -2.8258
v 1.0000 2.2000 -2.8201
v 1.1000 2.2000 -2.8141
v 1.2000 2.2000 -2.8079
v 1.3000 2.2000 -2.8015
v 1.4000 2.2000 -2.7950
v 1.5000 2.2000 -2.7886
v 1.6000 2.2000 -2.7822
v 1.7000 2.2000 -2.7758
v 1.8000 2.2000 -2.7695
v 1.9000 2.2000 -2.7613
v 2.0000 2.2000 -2.7511
v 2.1000 2.2000 -2.7391
v 2.2000 2.2000 -2.7252
v 2.3000 2.2000 -2.7093
v 2.4000 2.2000 -2.6935
v 2.5000 2.2000 -2.6778
v 2.6000 2.2000 -2.6620
v 2.7000 2.2000 -2.6463
v 2.8000 2.2000 -2.6306
v 2.9000 2.2000 -2.6180
v 3.0000 2.2000 -2.6083
v 3.1000 2.2000 -2.6017
v 3.2000 2.2000 -2.5981
v 3.3000 2.2000 -2.5975
v 3.4000 2.2000 -2.5970
v 3.5000 2.2000 -2.5965
v 3.6000 2.2000 -2.5960
v 3.7000 2.2000 -2.5955
v 3.8000 2.2000 -2.5950
v 3.9000 2.2000 -2.5932
v 4.0000 2.2000 -2.5903
v 4.1000 2.2000 -2.5862
v 4.2000 2.2000 -2.5809
v 4.3000 2.2000 -2.5745
v 4.4000 2.2000 -2.5682
v 4.5000 2.2000 -2.5618
v 4.6000 2.2000 -2.5555
v 4.7000 2.2000 -2.5492
v 4.8000 2.2000 -2.5429
v 4.9000 2.2000 -2.5378
v 5.0000 2.2000 -2.5340
v 0.0000 2.3000 -2.9164
v 0.1000 2.3000 -2.9133
v 0.2000 2.3000 -2.9092
v 0.3000 2.3000 -2.9041
v 0.4000 2.3000 -2.8991
v 0.5000 2.3000 -2.8940
v 0.6000 2.3000 -2.8889
v 0.7000 2.3000 -2.8837
v 0.8000 2.3000 -2.8785
v 0.9000 2.3000 -2.8728
v 1.0000 2.3000 -2.8665
v 1.1000 2.3000 -2.8597
v 1.2000 2.3000 -2.8525
v 1.3000 2.3000 -2.8447
v 1.4000 2.3000 -2.8370
v 1.5000 2.3000 -2.8294
v 1.6000 2.3000 -2.8218
v 1.7000 2.3000 -2.8142
v 1.8000 2.3000 -2.8067
v 1.9000 2.3000 -2.7977
v 2.0000 2.3000 -2.7871
v 2.1000 2.3000 -2.7751
v 2.2000 2.3000 -2.7615
v 2.3000 2.3000 -2.7463
v 2.4000 2.3000 -2.7312
v 2.5000 2.3000 -2.7160
v 2.6000 2.3000 -2.7009
v 2.7000 2.3000 -2.6858
v 2.8000 2.3000 -2.6707
v 2.9000 2.3000 -2.6583
v 3.0000 2.3000 -2.6487
v 3.1000 2.3000 -2.6419
v 3.2000 2.3000 -2.6378
v 3.3000 2.3000 -2.6366
v 3.4000 2.3000 -2.6353
v 3.5000 2.3000 -2.6341
v 3.6000 2.3000 -2.6329
v 3.7000 2.3000 -2.6316
v 3.8000 2.3000 -2.6303
v 3.9000 2.3000 -2.6278
v 4.0000 2.3000 -2.6240
v 4.1000 2.3000 -2.6190
v 4.2000 2.3000 -2.6127
v 4.3000 2.3000 -2.6053
v 4.4000 2.3000 -2.5979
v 4.5000 2.3000 -2.5905
v 4.6000 2.3000 -2.5831
v 4.7000 2.3000 -2.5758
v 4.8000 2.3000 -2.5684
v 4.9000 2.3000 -2.5625
v 5.0000 2.3000 -2.5581
v 0.0000 2.4000 -2.9634
v 0.1000 2.4000 -2.9603
v 0.2000 2.4000 -2.9561
v 0.3000 2.4000 -2.9508
v 0.4000 2.4000 -2.9456
v 0.5000 2.4000 -2.9404
v 0.6000 2.4000 -2.9352
v 0.7000 2.4000 -2.9300
v 0.8000 2.4000 -2.9247
v 0.9000 2.4000 -2.9188
v 1.0000 2.4000 -2.9123
v 1.1000 2.4000 -2.9052
v 1.2000 2.4000 -2.8974
v 1.3000 2.4000 -2.8891
v 1.4000 2.4000 -2.8808
v 1.5000 2.4000 -2.8725
v 1.6000 2.4000 -2.8643
v 1.7000 2.4000 -2.8562
v 1.8000 2.4000 -2.8481
v 1.9000 2.4000 -2.8386
v 2.0000 2.4000 -2.8276
v 2.1000 2.4000 -2.8152
v 2.2000 2.4000 -2.8014
v 2.3000 2.4000 -2.7862
v 2.4000 2.4000 -2.7711
v 2.5000 2.4000 -2.7560
v 2.6000 2.4000 -2.7411
v 2.7000 2.4000 -2.7262
v 2.8000 2.4000 -2.7114
v 2.9000 2.4000 -2.6991
v 3.0000 2.4000 -2.6894
v 3.1000 2.4000 -2.6822
v 3.2000 2.4000 -2.6776
v 3.3000 2.4000 -2.6756
v 3.4000 2.4000 -2.6736
v 3.5000 2.4000 -2.6716
v 3.6000 2.4000 -2.6696
v 3.7000 2.4000 -2.6677
v 3.8000 2.4000 -2.6656
v 3.9000 2.4000 -2.6623
v 4.0000 2.4000 -2.6575
v 4.1000 2.4000 -2.6514
v 4.2000 2.4000 -2.6439
v 4.3000 2.4000 -2.6352
v 4.4000 2.4000 -2.6265
v 4.5000 2.4000 -2.6179
v 4.6000 2.4000 -2.6093
v 4.7000 2.4000 -2.6008
v 4.8000 2.4000 -2.5923
v 4.9000 2.4000 -2.5855
v 5.0000 2.4000 -2.5804
v 0.0000 2.5000 -3.0093
v 0.1000 2.5000 -3.0062
v 0.2000 2.5000 -3.0021
v 0.3000 2.5000 -2.9970
v 0.4000 2.5000 -2.9919
v 0.5000 2.5000 -2.9868
v 0.6000 2.5000 -2.9817
v 0.7000 2.5000 -2.9766
v 0.8000 2.5000 -2.9715
v 0.9000 2.5000 -2.9658
v 1.0000 2.5000 -2.9595
v 1.1000 2.5000 -2.9526
v 1.2000 2.5000 -2.9451
v 1.3000 2.5000 -2.9370
v 1.4000 2.5000 -2.9290
v 1.5000 2.5000 -2.9209
v 1.6000 2.5000 -2.9129
v 1.7000 2.5000 -2.9048
v 1.8000 2.5000 -2.8967
v 1.9000 2.5000 -2.8871
v 2.0000 2.5000 -2.8759
v 2.1000 2.5000 -2.8632
v 2.2000 2.5000 -2.8489
v 2.3000 2.5000 -2.8331
v 2.4000 2.5000 -2.8173
v 2.5000 2.5000 -2.8015
v 2.6000 2.5000 -2.7857
v 2.7000 2.5000 -2.7700
v 2.8000 2.5000 -2.7543
v 2.9000 2.5000 -2.7412
v 3.0000 2.5000 -2.7307
v 3.1000 2.5000 -2.7227
v 3.2000 2.5000 -2.7174
v 3.3000 2.5000 -2.7146
v 3.4000 2.5000 -2.7119
v 3.5000 2.5000 -2.7092
v 3.6000 2.5000 -2.7064
v 3.7000 2.5000 -2.7037
v 3.8000 2.5000 -2.7010
v 3.9000 2.5000 -2.6967
v 4.0000 2.5000 -2.6910
v 4.1000 2.5000 -2.6838
v 4.2000 2.5000 -2.6752
v 4.3000 2.5000 -2.6651
v 4.4000 2.5000 -2.6551
v 4.5000 2.5000 -2.6451
v 4.6000 2.5000 -2.6353
v 4.7000 2.5000 -2.6254
v 4.8000 2.5000 -2.6156
v 4.9000 2.5000 -2.6077
v 5.0000 2.5000 -2.6018
v 0.0000 2.6000 -3.0523
v 0.1000 2.6000 -3.0495
v 0.2000 2.6000 -3.0457
v 0.3000 2.6000 -3.0411
v 0.4000 2.6000 -3.0364
v 0.5000 2.6000 -3.0318
v 0.6000 2.6000 -3.0271
v 0.7000 2.6000 -3.0225
v 0.8000 2.6000 -3.0178
v 0.9000 2.6000 -3.0125
v 1.0000 2.6000 -3.0065
v 1.1000 2.6000 -2.9999
v 1.2000 2.6000 -2.9926
v 1.3000 2.6000 -2.9847
v 1.4000 2.6000 -2.9767
v 1.5000 2.6000 -2.9688
v 1.6000 2.6000 -2.9609
v 1.7000 2.6000 -2.9530
v 1.8000 2.6000 -2.9451
v 1.9000 2.6000 -2.9354
v 2.0000 2.6000 -2.9239
v 2.1000 2.6000 -2.9107
v 2.2000 2.6000 -2.8958
v 2.3000 2.6000 -2.8791
v 2.4000 2.6000 -2.8624
v 2.5000 2.6000 -2.8457
v 2.6000 2.6000 -2.8291
v 2.7000 2.6000 -2.8125
v 2.8000 2.6000 -2.7959
v 2.9000 2.6000 -2.7820
v 3.0000 2.6000 -2.7707
v 3.1000 2.6000 -2.7621
v 3.2000 2.6000 -2.7560
v 3.3000 2.6000 -2.7527
v 3.4000 2.6000 -2.7494
v 3.5000 2.6000 -2.7460
v 3.6000 2.6000 -2.7427
v 3.7000 2.6000 -2.7394
v 3.8000 2.6000 -2.7360
v 3.9000 2.6000 -2.7310
v 4.0000 2.6000 -2.7243
v 4.1000 2.6000 -2.7160
v 4.2000 2.6000 -2.7061
v 4.3000 2.6000 -2.6946
v 4.4000 2.6000 -2.6831
v 4.5000 2.6000 -2.6716
v 4.6000 2.6000 -2.6602
v 4.7000 2.6000 -2.6488
v 4.8000 2.6000 -2.6374
v 4.9000 2.6000 -2.6282
v 5.0000 2.6000 -2.6213
v 0.0000 2.7000 -3.0939
v 0.1000 2.7000 -3.0913
v 0.2000 2.7000 -3.0879
v 0.3000 2.7000 -3.0837
v 0.4000 2.7000 -3.0795
v 0.5000 2.7000 -3.0753
v 0.6000 2.7000 -3.0712
v 0.7000 2.7000 -3.0670
v 0.8000 2.7000 -3.0629
v 0.9000 2.7000 -3.0581
v 1.0000 2.7000 -3.0526
v 1.1000 2.7000 -3.0464
v 1.2000 2.7000 -3.0395
v 1.3000 2.7000 -3.0319
v 1.4000 2.7000 -3.0243
v 1.5000 2.7000 -3.0168
v 1.6000 2.7000 -3.0093
v 1.7000 2.7000 -3.0018
v 1.8000 2.7000 -2.9943
v 1.9000 2.7000 -2.9848
v 2.0000 2.7000 -2.9732
v 2.1000 2.7000 -2.9595
v 2.2000 2.7000 -2.9438
v 2.3000 2.7000 -2.9261
v 2.4000 2.7000 -2.9083
v 2.5000 2.7000 -2.8905
v 2.6000 2.7000 -2.8726
v 2.7000 2.7000 -2.8547
v 2.8000 2.7000 -2.8368
v 2.9000 2.7000 -2.8218
v 3.0000 2.7000 -2.8095
v 3.1000 2.7000 -2.8001
v 3.2000 2.7000 -2.7934
v 3.3000 2.7000 -2.7896
v 3.4000 2.7000 -2.7859
v 3.5000 2.7000 -2.7821
v 3.6000 2.7000 -2.7783
v 3.7000 2.7000 -2.7746
v 3.8000 2.7000 -2.7708
v 3.9000 2.7000 -2.7650
v 4.0000 2.7000 -2.7572
v 4.1000 2.7000 -2.7475
v 4.2000 2.7000 -2.7359
v 4.3000 2.7000 -2.7223
v 4.4000 2.7000 -2.7087
v 4.5000 2.7000 -2.6951
v 4.6000 2.7000 -2.6816
v 4.7000 2.7000 -2.6680
v 4.8000 2.7000 -2.6544
v 4.9000 2.7000 -2.6435
v 5.0000 2.7000 -2.6353
v 0.0000 2.8000 -3.1362
v 0.1000 2.8000 -3.1339
v 0.2000 2.8000 -3.1309
v 0.3000 2.8000 -3.1271
v 0.4000 2.8000 -3.1233
v 0.5000 2.8000 -3.1196
v 0.6000 2.8000 -3.1159
v 0.7000 2.8000 -3.1122
v 0.8000 2.8000 -3.1085
v 0.9000 2.8000 -3.1042
v 1.0000 2.8000 -3.0991
v 1.1000 2.8000 -3.0933
v 1.2000 2.8000 -3.0868
v 1.3000 2.8000 -3.0796
v 1.4000 2.8000 -3.0725
v 1.5000 2.8000 -3.0654
v 1.6000 2.8000 -3.0583
v 1.7000 2.8000 -3.0512
v 1.8000 2.8000 -3.0442
v 1.9000 2.8000 -3.0347
v 2.0000 2.8000 -3.0228
v 2.1000 2.8000 -3.0086
v 2.2000 2.8000 -2.9919
v 2.3000 2.8000 -2.9728
v 2.4000 2.8000 -2.9538
v 2.5000 2.8000 -2.9347
v 2.6000 2.8000 -2.9156
v 2.7000 2.8000 -2.8965
v 2.8000 2.8000 -2.8775
v 2.9000 2.8000 -2.8614
v 3.0000 2.8000 -2.8482
v 3.1000 2.8000 -2.8380
v 3.2000 2.8000 -2.8308
v 3.3000 2.8000 -2.8266
v 3.4000 2.8000 -2.8224
v 3.5000 2.8000 -2.8182
v 3.6000 2.8000 -2.8140
v 3.7000 2.8000 -2.8098
v 3.8000 2.8000 -2.8055
v 3.9000 2.8000 -2.7990
v 4.0000 2.8000 -2.7903
v 4.1000 2.8000 -2.7794
v 4.2000 2.8000 -2.7662
v 4.3000 2.8000 -2.7508
v 4.4000 2.8000 -2.7354
v 4.5000 2.8000 -2.7200
v 4.6000 2.8000 -2.7046
v 4.7000 2.8000 -2.6891
v 4.8000 2.8000 -2.6736
v 4.9000 2.8000 -2.6611
v 5.0000 2.8000 -2.6518
v 0.0000 2.9000 -3.1793
v 0.1000 2.9000 -3.1773
v 0.2000 2.9000 -3.1746
v 0.3000 2.9000 -3.1713
v 0.4000 2.9000 -3.1679
v 0.5000 2.9000 -3.1646
v 0.6000 2.9000 -3.1614
v 0.7000 2.9000 -3.1581
v 0.8000 2.9000 -3.1549
v 0.9000 2.9000 -3.1510
v 1.0000 2.9000 -3.1464
v 1.1000 2.9000 -3.1412
v 1.2000 2.9000 -3.1352
v 1.3000 2.9000 -3.1286
v 1.4000 2.9000 -3.1220
v 1.5000 2.9000 -3.1154
v 1.6000 2.9000 -3.1087
v 1.7000 2.9000 -3.1021
v 1.8000 2.9000 -3.0955
v 1.9000 2.9000 -3.0861
v 2.0000 2.9000 -3.0740
v 2.1000 2.9000 -3.0591
v 2.2000 2.9000 -3.0415
v 2.3000 2.9000 -3.0211
v 2.4000 2.9000 -3.0007
v 2.5000 2.9000 -2.9803
v 2.6000 2.9000 -2.9598
v 2.7000 2.9000 -2.9393
v 2.8000 2.9000 -2.9188
v 2.9000 2.9000 -2.9015
v 3.0000 2.9000 -2.8873
v 3.1000 2.9000 -2.8762
v 3.2000 2.9000 -2.8684
v 3.3000 2.9000 -2.8637
v 3.4000 2.9000 -2.8590
v 3.5000 2.9000 -2.8542
v 3.6000 2.9000 -2.8495
v 3.7000 2.9000 -2.8447
v 3.8000 2.9000 -2.8398
v 3.9000 2.9000 -2.8326
v 4.0000 2.9000 -2.8229
v 4.1000 2.9000 -2.8109
v 4.2000 2.9000 -2.7964
v 4.3000 2.9000 -2.7795
v 4.4000 2.9000 -2.7626
v 4.5000 2.9000 -2.7456
v 4.6000 2.9000 -2.7285
v 4.7000 2.9000 -2.7112
v 4.8000 2.9000 -2.6940
v 4.9000 2.9000 -2.6801
v 5.0000 2.9000 -2.6697
v 0.0000 3.0000 -3.2220
v 0.1000 3.0000 -3.2199
v 0.2000 3.0000 -3.2171
v 0.3000 3.0000 -3.2136
v 0.4000 3.0000 -3.2101
v 0.5000 3.0000 -3.2067
v 0.6000 3.0000 -3.2034
v 0.7000 3.0000 -3.2001
v 0.8000 3.0000 -3.1969
v 0.9000 3.0000 -3.1932
v 1.0000 3.0000 -3.1890
v 1.1000 3.0000 -3.1844
v 1.2000 3.0000 -3.1793
v 1.3000 3.0000 -3.1737
v 1.4000 3.0000 -3.1681
v 1.5000 3.0000 -3.1626
v 1.6000 3.0000 -3.1571
v 1.7000 3.0000 -3.1517
v 1.8000 3.0000 -3.1462
v 1.9000 3.0000 -3.1375
v 2.0000 3.0000 -3.1255
v 2.1000 3.0000 -3.1102
v 2.2000 3.0000 -3.0916
v 2.3000 3.0000 -3.0698
v 2.4000 3.0000 -3.0479
v 2.5000 3.0000 -3.0260
v 2.6000 3.0000 -3.0040
v 2.7000 3.0000 -2.9820
v 2.8000 3.0000 -2.9600
v 2.9000 3.0000 -2.9414
v 3.0000 3.0000 -2.9261
v 3.1000 3.0000 -2.9143
v 3.2000 3.0000 -2.9058
v 3.3000 3.0000 -2.9006
v 3.4000 3.0000 -2.8955
v 3.5000 3.0000 -2.8903
v 3.6000 3.0000 -2.8851
v 3.7000 3.0000 -2.8799
v 3.8000 3.0000 -2.8746
v 3.9000 3.0000 -2.8667
v 4.0000 3.0000 -2.8563
v 4.1000 3.0000 -2.8432
v 4.2000 3.0000 -2.8276
v 4.3000 3.0000 -2.8094
v 4.4000 3.0000 -2.7912
v 4.5000 3.0000 -2.7728
v 4.6000 3.0000 -2.7544
v 4.7000 3.0000 -2.7359
v 4.8000 3.0000 -2.7173
v 4.9000 3.0000 -2.7024
v 5.0000 3.0000 -2.6912
v 0.0000 3.1000 -3.2647
v 0.1000 3.1000 -3.2626
v 0.2000 3.1000 -3.2598
v 0.3000 3.1000 -3.2563
v 0.4000 3.1000 -3.2528
v 0.5000 3.1000 -3.2494
v 0.6000 3.1000 -3.2459
v 0.7000 3.1000 -3.2426
v 0.8000 3.1000 -3.2392
v 0.9000 3.1000 -3.2356
v 1.0000 3.1000 -3.2317
v 1.1000 3.1000 -3.2277
v 1.2000 3.1000 -3.2233
v 1.3000 3.1000 -3.2188
v 1.4000 3.1000 -3.2143
v 1.5000 3.1000 -3.2099
v 1.6000 3.1000 -3.2055
v 1.7000 3.1000 -3.2012
v 1.8000 3.1000 -3.1969
v 1.9000 3.1000 -3.1889
v 2.0000 3.1000 -3.1771
v 2.1000 3.1000 -3.1614
v 2.2000 3.1000 -3.1420
v 2.3000 3.1000 -3.1189
v 2.4000 3.1000 -3.0956
v 2.5000 3.1000 -3.0724
v 2.6000 3.1000 -3.0491
v 2.7000 3.1000 -3.0258
v 2.8000 3.1000 -3.0025
v 2.9000 3.1000 -2.9827
v 3.0000 3.1000 -2.9664
v 3.1000 3.1000 -2.9537
v 3.2000 3.1000 -2.9444
v 3.3000 3.1000 -2.9387
v 3.4000 3.1000 -2.9329
v 3.5000 3.1000 -2.9272
v 3.6000 3.1000 -2.9213
v 3.7000 3.1000 -2.9155
v 3.8000 3.1000 -2.9096
v 3.9000 3.1000 -2.9011
v 4.0000 3.1000 -2.8898
v 4.1000 3.1000 -2.8758
v 4.2000 3.1000 -2.8592
v 4.3000 3.1000 -2.8398
v 4.4000 3.1000 -2.8204
v 4.5000 3.1000 -2.8009
v 4.6000 3.1000 -2.7813
v 4.7000 3.1000 -2.7617
v 4.8000 3.1000 -2.7421
v 4.9000 3.1000 -2.7264
v 5.0000 3.1000 -2.7146
v 0.0000 3.2000 -3.3040
v 0.1000 3.2000 -3.3022
v 0.2000 3.2000 -3.2997
v 0.3000 3.2000 -3.2966
v 0.4000 3.2000 -3.2936
v 0.5000 3.2000 -3.2905
v 0.6000 3.2000 -3.2875
v 0.7000 3.2000 -3.2844
v 0.8000 3.2000 -3.2814
v 0.9000 3.2000 -3.2782
v 1.0000 3.2000 -3.2749
v 1.1000 3.2000 -3.2716
v 1.2000 3.2000 -3.2682
v 1.3000 3.2000 -3.2647
v 1.4000 3.2000 -3.2612
v 1.5000 3.2000 -3.2578
v 1.6000 3.2000 -3.2546
v 1.7000 3.2000 -3.2514
v 1.8000 3.2000 -3.2483
v 1.9000 3.2000 -3.2409
v 2.0000 3.2000 -3.2293
v 2.1000 3.2000 -3.2133
v 2.2000 3.2000 -3.1931
v 2.3000 3.2000 -3.1686
v 2.4000 3.2000 -3.1442
v 2.5000 3.2000 -3.1197
v 2.6000 3.2000 -3.0953
v 2.7000 3.2000 -3.0710
v 2.8000 3.2000 -3.0466
v 2.9000 3.2000 -3.0258
v 3.0000 3.2000 -3.0085
v 3.1000 3.2000 -2.9948
v 3.2000 3.2000 -2.9847
v 3.3000 3.2000 -2.9781
v 3.4000 3.2000 -2.9715
v 3.5000 3.2000 -2.9648
v 3.6000 3.2000 -2.9582
v 3.7000 3.2000 -2.9516
v 3.8000 3.2000 -2.9450
v 3.9000 3.2000 -2.9357
v 4.0000 3.2000 -2.9237
v 4.1000 3.2000 -2.9091
v 4.2000 3.2000 -2.8918
v 4.3000 3.2000 -2.8719
v 4.4000 3.2000 -2.8519
v 4.5000 3.2000 -2.8319
v 4.6000 3.2000 -2.8119
v 4.7000 3.2000 -2.7918
v 4.8000 3.2000 -2.7717
v 4.9000 3.2000 -2.7556
v 5.0000 3.2000 -2.7435
v 0.0000 3.3000 -3.3419
v 0.1000 3.3000 -3.3403
v 0.2000 3.3000 -3.3382
v 0.3000 3.3000 -3.3356
v 0.4000 3.3000 -3.3330
v 0.5000 3.3000 -3.3304
v 0.6000 3.3000 -3.3277
v 0.7000 3.3000 -3.3251
v 0.8000 3.3000 -3.3225
v 0.9000 3.3000 -3.3199
v 1.0000 3.3000 -3.3174
v 1.1000 3.3000 -3.3149
v 1.2000 3.3000 -3.3125
v 1.3000 3.3000 -3.3102
v 1.4000 3.3000 -3.3079
v 1.5000 3.3000 -3.3056
v 1.6000 3.3000 -3.3035
v 1.7000 3.3000 -3.3013
v 1.8000 3.3000 -3.2993
v 1.9000 3.3000 -3.2925
v 2.0000 3.3000 -3.2810
v 2.1000 3.3000 -3.2648
v 2.2000 3.3000 -3.2438
v 2.3000 3.3000 -3.2181
v 2.4000 3.3000 -3.1925
v 2.5000 3.3000 -3.1669
v 2.6000 3.3000 -3.1413
v 2.7000 3.3000 -3.1157
v 2.8000 3.3000 -3.0902
v 2.9000 3.3000 -3.0683
v 3.0000 3.3000 -3.0500
v 3.1000 3.3000 -3.0354
v 3.2000 3.3000 -3.0244
v 3.3000 3.3000 -3.0171
v 3.4000 3.3000 -3.0097
v 3.5000 3.3000 -3.0024
v 3.6000 3.3000 -2.9950
v 3.7000 3.3000 -2.9876
v 3.8000 3.3000 -2.9803
v 3.9000 3.3000 -2.9704
v 4.0000 3.3000 -2.9579
v 4.1000 3.3000 -2.9428
v 4.2000 3.3000 -2.9251
v 4.3000 3.3000 -2.9049
v 4.4000 3.3000 -2.8846
v 4.5000 3.3000 -2.8643
v 4.6000 3.3000 -2.8440
v 4.7000 3.3000 -2.8236
v 4.8000 3.3000 -2.8032
v 4.9000 3.3000 -2.7869
v 5.0000 3.3000 -2.7746
v 0.0000 3.4000 -3.3783
v 0.1000 3.4000 -3.3771
v 0.2000 3.4000 -3.3754
v 0.3000 3.4000 -3.3734
v 0.4000 3.4000 -3.3714
v 0.5000 3.4000 -3.3694
v 0.6000 3.4000 -3.3673
v 0.7000 3.4000 -3.3653
v 0.8000 3.4000 -3.3633
v 0.9000 3.4000 -3.3613
v 1.0000 3.4000 -3.3595
v 1.1000 3.4000 -3.3578
v 1.2000 3.4000 -3.3562
v 1.3000 3.4000 -3.3548
v 1.4000 3.4000 -3.3534
v 1.5000 3.4000 -3.3522
v 1.6000 3.4000 -3.3510
v 1.7000 3.4000 -3.3499
v 1.8000 3.4000 -3.3488
v 1.9000 3.4000 -3.3427
v 2.0000 3.4000 -3.3314
v 2.1000 3.4000 -3.3149
v 2.2000 3.4000 -3.2934
v 2.3000 3.4000 -3.2667
v 2.4000 3.4000 -3.2400
v 2.5000 3.4000 -3.2133
v 2.6000 3.4000 -3.1867
v 2.7000 3.4000 -3.1601
v 2.8000 3.4000 -3.1335
v 2.9000 3.4000 -3.1107
v 3.0000 3.4000 -3.0915
v 3.1000 3.4000 -3.0761
v 3.2000 3.4000 -3.0643
v 3.3000 3.4000 -3.0562
v 3.4000 3.4000 -3.0481
v 3.5000 3.4000 -3.0400
v 3.6000 3.4000 -3.0319
v 3.7000 3.4000 -3.0238
v 3.8000 3.4000 -3.0158
v 3.9000 3.4000 -3.0052
v 4.0000 3.4000 -2.9922
v 4.1000 3.4000 -2.9768
v 4.2000 3.4000 -2.9588
v 4.3000 3.4000 -2.9384
v 4.4000 3.4000 -2.9180
v 4.5000 3.4000 -2.8975
v 4.6000 3.4000 -2.8770
v 4.7000 3.4000 -2.8564
v 4.8000 3.4000 -2.8359
v 4.9000 3.4000 -2.8195
v 5.0000 3.4000 -2.8071
v 0.0000 3.5000 -3.4160
v 0.1000 3.5000 -3.4155
v 0.2000 3.5000 -3.4148
v 0.3000 3.5000 -3.4139
v 0.4000 3.5000 -3.4130
v 0.5000 3.5000 -3.4120
v 0.6000 3.5000 -3.4109
v 0.7000 3.5000 -3.4099
v 0.8000 3.5000 -3.4087
v 0.9000 3.5000 -3.4076
v 1.0000 3.5000 -3.4064
v 1.1000 3.5000 -3.4054
v 1.2000 3.5000 -3.4043
v 1.3000 3.5000 -3.4033
v 1.4000 3.5000 -3.4024
v 1.5000 3.5000 -3.4015
v 1.6000 3.5000 -3.4008
v 1.7000 3.5000 -3.4001
v 1.8000 3.5000 -3.3995
v 1.9000 3.5000 -3.3935
v 2.0000 3.5000 -3.3821
v 2.1000 3.5000 -3.3652
v 2.2000 3.5000 -3.3429
v 2.3000 3.5000 -3.3151
v 2.4000 3.5000 -3.2874
v 2.5000 3.5000 -3.2597
v 2.6000 3.5000 -3.2320
v 2.7000 3.5000 -3.2044
v 2.8000 3.5000 -3.1768
v 2.9000 3.5000 -3.1530
v 3.0000 3.5000 -3.1329
v 3.1000 3.5000 -3.1166
v 3.2000 3.5000 -3.1040
v 3.3000 3.5000 -3.0952
v 3.4000 3.5000 -3.0864
v 3.5000 3.5000 -3.0776
v 3.6000 3.5000 -3.0687
v 3.7000 3.5000 -3.0599
v 3.8000 3.5000 -3.0511
v 3.9000 3.5000 -3.0399
v 4.0000 3.5000 -3.0264
v 4.1000 3.5000 -3.0104
v 4.2000 3.5000 -2.9921
v 4.3000 3.5000 -2.9715
v 4.4000 3.5000 -2.9509
v 4.5000 3.5000 -2.9301
v 4.6000 3.5000 -2.9187
v 4.7000 3.5000 -2.9078
v 4.8000 3.5000 -2.8973
v 4.9000 3.5000 -2.8911
v 5.0000 3.5000 -2.8892
v 0.0000 3.6000 -3.4568
v 0.1000 3.6000 -3.4567
v 0.2000 3.6000 -3.4564
v 0.3000 3.6000 -3.4561
v 0.4000 3.6000 -3.4558
v 0.5000 3.6000 -3.4555
v 0.6000 3.6000 -3.4550
v 0.7000 3.6000 -3.4546
v 0.8000 3.6000 -3.4540
v 0.9000 3.6000 -3.4534
v 1.0000 3.6000 -3.4528
v 1.1000 3.6000 -3.4523
v 1.2000 3.6000 -3.4517
v 1.3000 3.6000 -3.4511
v 1.4000 3.6000 -3.4506
v 1.5000 3.6000 -3.4501
v 1.6000 3.6000 -3.4497
v 1.7000 3.6000 -3.4494
v 1.8000 3.6000 -3.4491
v 1.9000 3.6000 -3.4431
v 2.0000 3.6000 -3.4316
v 2.1000 3.6000 -3.4144
v 2.2000 3.6000 -3.3915
v 2.3000 3.6000 -3.3630
v 2.4000 3.6000 -3.3345
v 2.5000 3.6000 -3.3060
v 2.6000 3.6000 -3.2775
v 2.7000 3.6000 -3.2489
v 2.8000 3.6000 -3.2205
v 2.9000 3.6000 -3.1957
v 3.0000 3.6000 -3.1748
v 3.1000 3.6000 -3.1576
v 3.2000 3.6000 -3.1442
v 3.3000 3.6000 -3.1345
v 3.4000 3.6000 -3.1248
v 3.5000 3.6000 -3.1152
v 3.6000 3.6000 -3.1056
v 3.7000 3.6000 -3.0960
v 3.8000 3.6000 -3.0864
v 3.9000 3.6000 -3.0746
v 4.0000 3.6000 -3.0605
v 4.1000 3.6000 -3.0439
v 4.2000 3.6000 -3.0248
v 4.3000 3.6000 -3.0033
v 4.4000 3.6000 -2.9909
v 4.5000 3.6000 -2.9790
v 4.6000 3.6000 -2.9771
v 4.7000 3.6000 -2.9767
v 4.8000 3.6000 -2.9776
v 4.9000 3.6000 -2.9735
v 5.0000 3.6000 -2.9733
v 0.0000 3.7000 -3.5006
v 0.1000 3.7000 -3.5006
v 0.2000 3.7000 -3.5006
v 0.3000 3.7000 -3.5006
v 0.4000 3.7000 -3.5005
v 0.5000 3.7000 -3.5004
v 0.6000 3.7000 -3.5002
v 0.7000 3.7000 -3.4999
v 0.8000 3.7000 -3.4997
v 0.9000 3.7000 -3.4994
v 1.0000 3.7000 -3.4991
v 1.1000 3.7000 -3.4988
v 1.2000 3.7000 -3.4985
v 1.3000 3.7000 -3.4983
v 1.4000 3.7000 -3.4981
v 1.5000 3.7000 -3.4980
v 1.6000 3.7000 -3.4980
v 1.7000 3.7000 -3.4980
v 1.8000 3.7000 -3.4980
v 1.9000 3.7000 -3.4920
v 2.0000 3.7000 -3.4802
v 2.1000 3.7000 -3.4624
v 2.2000 3.7000 -3.4387
v 2.3000 3.7000 -3.4089
v 2.4000 3.7000 -3.3790
v 2.5000 3.7000 -3.3490
v 2.6000 3.7000 -3.3190
v 2.7000 3.7000 -3.2888
v 2.8000 3.7000 -3.2587
v 2.9000 3.7000 -3.2327
v 3.0000 3.7000 -3.2106
v 3.1000 3.7000 -3.1926
v 3.2000 3.7000 -3.1786
v 3.3000 3.7000 -3.1687
v 3.4000 3.7000 -3.1588
v 3.5000 3.7000 -3.1492
v 3.6000 3.7000 -3.1396
v 3.7000 3.7000 -3.1301
v 3.8000 3.7000 -3.1202
v 3.9000 3.7000 -3.1077
v 4.0000 3.7000 -3.0925
v 4.1000 3.7000 -3.0827
v 4.2000 3.7000 -3.0710
v 4.3000 3.7000 -3.0580
v 4.4000 3.7000 -3.0549
v 4.5000 3.7000 -3.0531
v 4.6000 3.7000 -3.0540
v 4.7000 3.7000 -3.0563
v 4.8000 3.7000 -3.0600
v 4.9000 3.7000 -3.0581
v 5.0000 3.7000 -3.0595
v 0.0000 3.8000 -3.5456
v 0.1000 3.8000 -3.5457
v 0.2000 3.8000 -3.5460
v 0.3000 3.8000 -3.5462
v 0.4000 3.8000 -3.5464
v 0.5000 3.8000 -3.5466
v 0.6000 3.8000 -3.5466
v 0.7000 3.8000 -3.5466
v 0.8000 3.8000 -3.5466
v 0.9000 3.8000 -3.5464
v 1.0000 3.8000 -3.5463
v 1.1000 3.8000 -3.5461
v 1.2000 3.8000 -3.5460
v 1.3000 3.8000 -3.5459
v 1.4000 3.8000 -3.5459
v 1.5000 3.8000 -3.5459
v 1.6000 3.8000 -3.5461
v 1.7000 3.8000 -3.5463
v 1.8000 3.8000 -3.5466
v 1.9000 3.8000 -3.5405
v 2.0000 3.8000 -3.5282
v 2.1000 3.8000 -3.5096
v 2.2000 3.8000 -3.4846
v 2.3000 3.8000 -3.4532
v 2.4000 3.8000 -3.4217
v 2.5000 3.8000 -3.3901
v 2.6000 3.8000 -3.3583
v 2.7000 3.8000 -3.3265
v 2.8000 3.8000 -3.2946
v 2.9000 3.8000 -3.2673
v 3.0000 3.8000 -3.2444
v 3.1000 3.8000 -3.2259
v 3.2000 3.8000 -3.2118
v 3.3000 3.8000 -3.2022
v 3.4000 3.8000 -3.1926
v 3.5000 3.8000 -3.1831
v 3.6000 3.8000 -3.1735
v 3.7000 3.8000 -3.1632
v 3.8000 3.8000 -3.1515
v 3.9000 3.8000 -3.1449
v 4.0000 3.8000 -3.1361
v 4.1000 3.8000 -3.1336
v 4.2000 3.8000 -3.1304
v 4.3000 3.8000 -3.1273
v 4.4000 3.8000 -3.1269
v 4.5000 3.8000 -3.1279
v 4.6000 3.8000 -3.1316
v 4.7000 3.8000 -3.1367
v 4.8000 3.8000 -3.1430
v 4.9000 3.8000 -3.1434
v 5.0000 3.8000 -3.1464
v 0.0000 3.9000 -3.5889
v 0.1000 3.9000 -3.5893
v 0.2000 3.9000 -3.5898
v 0.3000 3.9000 -3.5904
v 0.4000 3.9000 -3.5911
v 0.5000 3.9000 -3.5917
v 0.6000 3.9000 -3.5924
v 0.7000 3.9000 -3.5929
v 0.8000 3.9000 -3.5934
v 0.9000 3.9000 -3.5938
v 1.0000 3.9000 -3.5942
v 1.1000 3.9000 -3.5944
v 1.2000 3.9000 -3.5946
v 1.3000 3.9000 -3.5948
v 1.4000 3.9000 -3.5949
v 1.5000 3.9000 -3.5951
v 1.6000 3.9000 -3.5952
v 1.7000 3.9000 -3.5955
v 1.8000 3.9000 -3.5957
v 1.9000 3.9000 -3.5894
v 2.0000 3.9000 -3.5764
v 2.1000 3.9000 -3.5568
v 2.2000 3.9000 -3.5305
v 2.3000 3.9000 -3.4975
v 2.4000 3.9000 -3.4644
v 2.5000 3.9000 -3.4311
v 2.6000 3.9000 -3.3977
v 2.7000 3.9000 -3.3642
v 2.8000 3.9000 -3.3307
v 2.9000 3.9000 -3.3020
v 3.0000 3.9000 -3.2783
v 3.1000 3.9000 -3.2593
v 3.2000 3.9000 -3.2452
v 3.3000 3.9000 -3.2360
v 3.4000 3.9000 -3.2268
v 3.5000 3.9000 -3.2167
v 3.6000 3.9000 -3.2057
v 3.7000 3.9000 -3.2009
v 3.8000 3.9000 -3.1948
v 3.9000 3.9000 -3.1943
v 4.0000 3.9000 -3.1929
v 4.1000 3.9000 -3.1991
v 4.2000 3.9000 -3.1983
v 4.3000 3.9000 -3.1979
v 4.4000 3.9000 -3.2004
v 4.5000 3.9000 -3.2041
v 4.6000 3.9000 -3.2107
v 4.7000 3.9000 -3.2187
v 4.8000 3.9000 -3.2279
v 4.9000 3.9000 -3.2306
v 5.0000 3.9000 -3.2354
v 0.0000 4.0000 -3.6310
v 0.1000 4.0000 -3.6316
v 0.2000 4.0000 -3.6324
v 0.3000 4.0000 -3.6335
v 0.4000 4.0000 -3.6346
v 0.5000 4.0000 -3.6357
v 0.6000 4.0000 -3.6368
v 0.7000 4.0000 -3.6378
v 0.8000 4.0000 -3.6387
v 0.9000 4.0000 -3.6396
v 1.0000 4.0000 -3.6403
v 1.1000 4.0000 -3.6409
v 1.2000 4.0000 -3.6414
v 1.3000 4.0000 -3.6418
v 1.4000 4.0000 -3.6423
v 1.5000 4.0000 -3.6427
v 1.6000 4.0000 -3.6432
v 1.7000 4.0000 -3.6437
v 1.8000 4.0000 -3.6443
v 1.9000 4.0000 -3.6378
v 2.0000 4.0000 -3.6243
v 2.1000 4.0000 -3.6038
v 2.2000 4.0000 -3.5761
v 2.3000 4.0000 -3.5414
v 2.4000 4.0000 -3.5066
v 2.5000 4.0000 -3.4716
v 2.6000 4.0000 -3.4366
v 2.7000 4.0000 -3.4015
v 2.8000 4.0000 -3.3663
v 2.9000 4.0000 -3.3365
v 3.0000 4.0000 -3.3123
v 3.1000 4.0000 -3.2931
v 3.2000 4.0000 -3.2792
v 3.3000 4.0000 -3.2699
v 3.4000 4.0000 -3.2662
v 3.5000 4.0000 -3.2616
v 3.6000 4.0000 -3.2563
v 3.7000 4.0000 -3.2570
v 3.8000 4.0000 -3.2573
v 3.9000 4.0000 -3.2579
v 4.0000 4.0000 -3.2581
v 4.1000 4.0000 -3.2663
v 4.2000 4.0000 -3.2679
v 4.3000 4.0000 -3.2703
v 4.4000 4.0000 -3.2756
v 4.5000 4.0000 -3.2823
v 4.6000 4.0000 -3.2824
v 4.7000 4.0000 -3.2833
v 4.8000 4.0000 -3.2851
v 4.9000 4.0000 -3.2797
v 5.0000 4.0000 -3.2756
v 0.0000 4.1000 -3.6719
v 0.1000 4.1000 -3.6727
v 0.2000 4.1000 -3.6737
v 0.3000 4.1000 -3.6750
v 0.4000 4.1000 -3.6762
v 0.5000 4.1000 -3.6774
v 0.6000 4.1000 -3.6785
v 0.7000 4.1000 -3.6796
v 0.8000 4.1000 -3.6807
v 0.9000 4.1000 -3.6818
v 1.0000 4.1000 -3.6829
v 1.1000 4.1000 -3.6841
v 1.2000 4.1000 -3.6854
v 1.3000 4.1000 -3.6867
v 1.4000 4.1000 -3.6880
v 1.5000 4.1000 -3.6894
v 1.6000 4.1000 -3.6906
v 1.7000 4.1000 -3.6919
v 1.8000 4.1000 -3.6932
v 1.9000 4.1000 -3.6868
v 2.0000 4.1000 -3.6729
v 2.1000 4.1000 -3.6515
v 2.2000 4.1000 -3.6225
v 2.3000 4.1000 -3.5858
v 2.4000 4.1000 -3.5492
v 2.5000 4.1000 -3.5124
v 2.6000 4.1000 -3.4756
v 2.7000 4.1000 -3.4388
v 2.8000 4.1000 -3.4019
v 2.9000 4.1000 -3.3710
v 3.0000 4.1000 -3.3461
v 3.1000 4.1000 -3.3261
v 3.2000 4.1000 -3.3174
v 3.3000 4.1000 -3.3137
v 3.4000 4.1000 -3.3156
v 3.5000 4.1000 -3.3165
v 3.6000 4.1000 -3.3174
v 3.7000 4.1000 -3.3191
v 3.8000 4.1000 -3.3202
v 3.9000 4.1000 -3.3221
v 4.0000 4.1000 -3.3240
v 4.1000 4.1000 -3.3346
v 4.2000 4.1000 -3.3392
v 4.3000 4.1000 -3.3452
v 4.4000 4.1000 -3.3450
v 4.5000 4.1000 -3.3456
v 4.6000 4.1000 -3.3389
v 4.7000 4.1000 -3.3321
v 4.8000 4.1000 -3.3253
v 4.9000 4.1000 -3.3199
v 5.0000 4.1000 -3.3158
v 0.0000 4.2000 -3.7133
v 0.1000 4.2000 -3.7139
v 0.2000 4.2000 -3.7146
v 0.3000 4.2000 -3.7154
v 0.4000 4.2000 -3.7163
v 0.5000 4.2000 -3.7172
v 0.6000 4.2000 -3.7180
v 0.7000 4.2000 -3.7187
v 0.8000 4.2000 -3.7194
v 0.9000 4.2000 -3.7204
v 1.0000 4.2000 -3.7219
v 1.1000 4.2000 -3.7237
v 1.2000 4.2000 -3.7259
v 1.3000 4.2000 -3.7285
v 1.4000 4.2000 -3.7311
v 1.5000 4.2000 -3.7336
v 1.6000 4.2000 -3.7361
v 1.7000 4.2000 -3.7385
v 1.8000 4.2000 -3.7409
v 1.9000 4.2000 -3.7353
v 2.0000 4.2000 -3.7215
v 2.1000 4.2000 -3.6998
v 2.2000 4.2000 -3.6700
v 2.3000 4.2000 -3.6321
v 2.4000 4.2000 -3.5942
v 2.5000 4.2000 -3.5564
v 2.6000 4.2000 -3.5185
v 2.7000 4.2000 -3.4807
v 2.8000 4.2000 -3.4428
v 2.9000 4.2000 -3.4158
v 3.0000 4.2000 -3.3953
v 3.1000 4.2000 -3.3799
v 3.2000 4.2000 -3.3762
v 3.3000 4.2000 -3.3778
v 3.4000 4.2000 -3.3803
v 3.5000 4.2000 -3.3817
v 3.6000 4.2000 -3.3829
v 3.7000 4.2000 -3.3846
v 3.8000 4.2000 -3.3864
v 3.9000 4.2000 -3.3898
v 4.0000 4.2000 -3.3941
v 4.1000 4.2000 -3.3996
v 4.2000 4.2000 -3.3990
v 4.3000 4.2000 -3.3994
v 4.4000 4.2000 -3.3926
v 4.5000 4.2000 -3.3859
v 4.6000 4.2000 -3.3791
v 4.7000 4.2000 -3.3723
v 4.8000 4.2000 -3.3655
v 4.9000 4.2000 -3.3601
v 5.0000 4.2000 -3.3560
v 0.0000 4.3000 -3.7539
v 0.1000 4.3000 -3.7541
v 0.2000 4.3000 -3.7545
v 0.3000 4.3000 -3.7549
v 0.4000 4.3000 -3.7553
v 0.5000 4.3000 -3.7558
v 0.6000 4.3000 -3.7562
v 0.7000 4.3000 -3.7566
v 0.8000 4.3000 -3.7571
v 0.9000 4.3000 -3.7582
v 1.0000 4.3000 -3.7601
v 1.1000 4.3000 -3.7626
v 1.2000 4.3000 -3.7659
v 1.3000 4.3000 -3.7699
v 1.4000 4.3000 -3.7739
v 1.5000 4.3000 -3.7778
v 1.6000 4.3000 -3.7817
v 1.7000 4.3000 -3.7856
v 1.8000 4.3000 -3.7894
v 1.9000 4.3000 -3.7846
v 2.0000 4.3000 -3.7714
v 2.1000 4.3000 -3.7497
v 2.2000 4.3000 -3.7194
v 2.3000 4.3000 -3.6805
v 2.4000 4.3000 -3.6408
v 2.5000 4.3000 -3.6025
v 2.6000 4.3000 -3.5655
v 2.7000 4.3000 -3.5300
v 2.8000 4.3000 -3.4959
v 2.9000 4.3000 -3.4736
v 3.0000 4.3000 -3.4566
v 3.1000 4.3000 -3.4436
v 3.2000 4.3000 -3.4411
v 3.3000 4.3000 -3.4428
v 3.4000 4.3000 -3.4454
v 3.5000 4.3000 -3.4469
v 3.6000 4.3000 -3.4486
v 3.7000 4.3000 -3.4516
v 3.8000 4.3000 -3.4555
v 3.9000 4.3000 -3.4539
v 4.0000 4.3000 -3.4531
v 4.1000 4.3000 -3.4532
v 4.2000 4.3000 -3.4464
v 4.3000 4.3000 -3.4396
v 4.4000 4.3000 -3.4328
v 4.5000 4.3000 -3.4261
v 4.6000 4.3000 -3.4193
v 4.7000 4.3000 -3.4125
v 4.8000 4.3000 -3.4057
v 4.9000 4.3000 -3.4003
v 5.0000 4.3000 -3.3963
v 0.0000 4.4000 -3.7948
v 0.1000 4.4000 -3.7949
v 0.2000 4.4000 -3.7949
v 0.3000 4.4000 -3.7950
v 0.4000 4.4000 -3.7949
v 0.5000 4.4000 -3.7949
v 0.6000 4.4000 -3.7947
v 0.7000 4.4000 -3.7945
v 0.8000 4.4000 -3.7942
v 0.9000 4.4000 -3.7950
v 1.0000 4.4000 -3.7968
v 1.1000 4.4000 -3.7998
v 1.2000 4.4000 -3.8039
v 1.3000 4.4000 -3.8091
v 1.4000 4.4000 -3.8143
v 1.5000 4.4000 -3.8195
v 1.6000 4.4000 -3.8247
v 1.7000 4.4000 -3.8216
v 1.8000 4.4000 -3.8179
v 1.9000 4.4000 -3.8066
v 2.0000 4.4000 -3.7878
v 2.1000 4.4000 -3.7613
v 2.2000 4.4000 -3.7355
v 2.3000 4.4000 -3.7026
v 2.4000 4.4000 -3.6690
v 2.5000 4.4000 -3.6366
v 2.6000 4.4000 -3.6057
v 2.7000 4.4000 -3.5762
v 2.8000 4.4000 -3.5482
v 2.9000 4.4000 -3.5308
v 3.0000 4.4000 -3.5174
v 3.1000 4.4000 -3.5069
v 3.2000 4.4000 -3.5058
v 3.3000 4.4000 -3.5076
v 3.4000 4.4000 -3.5104
v 3.5000 4.4000 -3.5132
v 3.6000 4.4000 -3.5167
v 3.7000 4.4000 -3.5148
v 3.8000 4.4000 -3.5137
v 3.9000 4.4000 -3.5069
v 4.0000 4.4000 -3.5002
v 4.1000 4.4000 -3.4934
v 4.2000 4.4000 -3.4866
v 4.3000 4.4000 -3.4798
v 4.4000 4.4000 -3.4730
v 4.5000 4.4000 -3.4663
v 4.6000 4.4000 -3.4595
v 4.7000 4.4000 -3.4527
v 4.8000 4.4000 -3.4459
v 4.9000 4.4000 -3.4405
v 5.0000 4.4000 -3.4365
v 0.0000 4.5000 -3.8366
v 0.1000 4.5000 -3.8363
v 0.2000 4.5000 -3.8358
v 0.3000 4.5000 -3.8351
v 0.4000 4.5000 -3.8343
v 0.5000 4.5000 -3.8335
v 0.6000 4.5000 -3.8326
v 0.7000 4.5000 -3.8316
v 0.8000 4.5000 -3.8306
v 0.9000 4.5000 -3.8272
v 1.0000 4.5000 -3.8247
v 1.1000 4.5000 -3.8230
v 1.2000 4.5000 -3.8224
v 1.3000 4.5000 -3.8226
v 1.4000 4.5000 -3.8261
v 1.5000 4.5000 -3.8297
v 1.6000 4.5000 -3.8333
v 1.7000 4.5000 -3.8285
v 1.8000 4.5000 -3.8231
v 1.9000 4.5000 -3.8118
v 2.0000 4.5000 -3.7945
v 2.1000 4.5000 -3.7711
v 2.2000 4.5000 -3.7500
v 2.3000 4.5000 -3.7234
v 2.4000 4.5000 -3.6960
v 2.5000 4.5000 -3.6700
v 2.6000 4.5000 -3.6453
v 2.7000 4.5000 -3.6221
v 2.8000 4.5000 -3.6003
v 2.9000 4.5000 -3.5879
v 3.0000 4.5000 -3.5781
v 3.1000 4.5000 -3.5702
v 3.2000 4.5000 -3.5702
v 3.3000 4.5000 -3.5729
v 3.4000 4.5000 -3.5709
v 3.5000 4.5000 -3.5688
v 3.6000 4.5000 -3.5675
v 3.7000 4.5000 -3.5607
v 3.8000 4.5000 -3.5539
v 3.9000 4.5000 -3.5471
v 4.0000 4.5000 -3.5404
v 4.1000 4.5000 -3.5336
v 4.2000 4.5000 -3.5268
v 4.3000 4.5000 -3.5200
v 4.4000 4.5000 -3.5133
v 4.5000 4.5000 -3.5065
v 4.6000 4.5000 -3.4997
v 4.7000 4.5000 -3.4929
v 4.8000 4.5000 -3.4862
v 4.9000 4.5000 -3.4807
v 5.0000 4.5000 -3.4767
v 0.0000 4.6000 -3.8718
v 0.1000 4.6000 -3.8704
v 0.2000 4.6000 -3.8686
v 0.3000 4.6000 -3.8664
v 0.4000 4.6000 -3.8642
v 0.5000 4.6000 -3.8619
v 0.6000 4.6000 -3.8596
v 0.7000 4.6000 -3.8573
v 0.8000 4.6000 -3.8549
v 0.9000 4.6000 -3.8500
v 1.0000 4.6000 -3.8457
v 1.1000 4.6000 -3.8422
v 1.2000 4.6000 -3.8395
v 1.3000 4.6000 -3.8375
v 1.4000 4.6000 -3.8388
v 1.5000 4.6000 -3.8401
v 1.6000 4.6000 -3.8415
v 1.7000 4.6000 -3.8346
v 1.8000 4.6000 -3.8272
v 1.9000 4.6000 -3.8156
v 2.0000 4.6000 -3.7997
v 2.1000 4.6000 -3.7794
v 2.2000 4.6000 -3.7630
v 2.3000 4.6000 -3.7428
v 2.4000 4.6000 -3.7219
v 2.5000 4.6000 -3.7023
v 2.6000 4.6000 -3.6839
v 2.7000 4.6000 -3.6671
v 2.8000 4.6000 -3.6517
v 2.9000 4.6000 -3.6443
v 3.0000 4.6000 -3.6383
v 3.1000 4.6000 -3.6335
v 3.2000 4.6000 -3.6301
v 3.3000 4.6000 -3.6280
v 3.4000 4.6000 -3.6212
v 3.5000 4.6000 -3.6145
v 3.6000 4.6000 -3.6077
v 3.7000 4.6000 -3.6009
v 3.8000 4.6000 -3.5941
v 3.9000 4.6000 -3.5873
v 4.0000 4.6000 -3.5806
v 4.1000 4.6000 -3.5738
v 4.2000 4.6000 -3.5670
v 4.3000 4.6000 -3.5602
v 4.4000 4.6000 -3.5535
v 4.5000 4.6000 -3.5467
v 4.6000 4.6000 -3.5399
v 4.7000 4.6000 -3.5331
v 4.8000 4.6000 -3.5264
v 4.9000 4.6000 -3.5209
v 5.0000 4.6000 -3.5169
v 0.0000 4.7000 -3.8979
v 0.1000 4.7000 -3.8959
v 0.2000 4.7000 -3.8933
v 0.3000 4.7000 -3.8900
v 0.4000 4.7000 -3.8867
v 0.5000 4.7000 -3.8834
v 0.6000 4.7000 -3.8801
v 0.7000 4.7000 -3.8767
v 0.8000 4.7000 -3.8734
v 0.9000 4.7000 -3.8671
v 1.0000 4.7000 -3.8612
v 1.1000 4.7000 -3.8558
v 1.2000 4.7000 -3.8507
v 1.3000 4.7000 -3.8460
v 1.4000 4.7000 -3.8446
v 1.5000 4.7000 -3.8433
v 1.6000 4.7000 -3.8420
v 1.7000 4.7000 -3.8325
v 1.8000 4.7000 -3.8224
v 1.9000 4.7000 -3.8099
v 2.0000 4.7000 -3.7950
v 2.1000 4.7000 -3.7776
v 2.2000 4.7000 -3.7660
v 2.3000 4.7000 -3.7523
v 2.4000 4.7000 -3.7380
v 2.5000 4.7000 -3.7249
v 2.6000 4.7000 -3.7131
v 2.7000 4.7000 -3.7029
v 2.8000 4.7000 -3.6940
v 2.9000 4.7000 -3.6873
v 3.0000 4.7000 -3.6805
v 3.1000 4.7000 -3.6737
v 3.2000 4.7000 -3.6669
v 3.3000 4.7000 -3.6602
v 3.4000 4.7000 -3.6534
v 3.5000 4.7000 -3.6466
v 3.6000 4.7000 -3.6398
v 3.7000 4.7000 -3.6331
v 3.8000 4.7000 -3.6263
v 3.9000 4.7000 -3.6195
v 4.0000 4.7000 -3.6127
v 4.1000 4.7000 -3.6060
v 4.2000 4.7000 -3.5992
v 4.3000 4.7000 -3.5924
v 4.4000 4.7000 -3.5856
v 4.5000 4.7000 -3.5789
v 4.6000 4.7000 -3.5721
v 4.7000 4.7000 -3.5653
v 4.8000 4.7000 -3.5585
v 4.9000 4.7000 -3.5531
v 5.0000 4.7000 -3.5491
v 0.0000 4.8000 -3.9156
v 0.1000 4.8000 -3.9130
v 0.2000 4.8000 -3.9095
v 0.3000 4.8000 -3.9051
v 0.4000 4.8000 -3.9008
v 0.5000 4.8000 -3.8964
v 0.6000 4.8000 -3.8920
v 0.7000 4.8000 -3.8876
v 0.8000 4.8000 -3.8831
v 0.9000 4.8000 -3.8754
v 1.0000 4.8000 -3.8677
v 1.1000 4.8000 -3.8601
v 1.2000 4.8000 -3.8526
v 1.3000 4.8000 -3.8452
v 1.4000 4.8000 -3.8411
v 1.5000 4.8000 -3.8369
v 1.6000 4.8000 -3.8328
v 1.7000 4.8000 -3.8205
v 1.8000 4.8000 -3.8076
v 1.9000 4.8000 -3.7942
v 2.0000 4.8000 -3.7802
v 2.1000 4.8000 -3.7656
v 2.2000 4.8000 -3.7588
v 2.3000 4.8000 -3.7521
v 2.4000 4.8000 -3.7453
v 2.5000 4.8000 -3.7385
v 2.6000 4.8000 -3.7317
v 2.7000 4.8000 -3.7249
v 2.8000 4.8000 -3.7182
v 2.9000 4.8000 -3.7114
v 3.0000 4.8000 -3.7046
v 3.1000 4.8000 -3.6978
v 3.2000 4.8000 -3.6911
v 3.3000 4.8000 -3.6843
v 3.4000 4.8000 -3.6775
v 3.5000 4.8000 -3.6707
v 3.6000 4.8000 -3.6640
v 3.7000 4.8000 -3.6572
v 3.8000 4.8000 -3.6504
v 3.9000 4.8000 -3.6436
v 4.0000 4.8000 -3.6369
v 4.1000 4.8000 -3.6301
v 4.2000 4.8000 -3.6233
v 4.3000 4.8000 -3.6165
v 4.4000 4.8000 -3.6098
v 4.5000 4.8000 -3.6030
v 4.6000 4.8000 -3.5962
v 4.7000 4.8000 -3.5894
v 4.8000 4.8000 -3.5827
v 4.9000 4.8000 -3.5772
v 5.0000 4.8000 -3.5732
f 1892 1893 1944 1943
f 1893 1894 1945 1944
f 1894 1895 1946 1945
f 1895 1896 1947 1946
f 1896 1897 1948 1947
f 1897 1898 1949 1948
f 1898 1899 1950 1949
f 1899 1900 1951 1950
f 1900 1901 1952 1951
f 1901 1902 1953 1952
f 1902 1903 1954 1953
f 1903 1904 1955 1954
f 1904 1905 1956 1955
f 1905 1906 1957 1956
f 1906 1907 1958 1957
f 1907 1908 1959 1958
f 1908 1909 1960 1959
f 1909 1910 1961 1960
f 1910 1911 1962 1961
f 1911 1912 1963 1962
f 1912 1913 1964 1963
f 1913 1914 1965 1964
f 1914 1915 1966 1965
f 1915 1916 1967 1966
f 1916 1917 1968 1967
f 1917 1918 1969 1968
f 1918 1919 1970 1969
f 1919 1920 1971 1970
f 1920 1921 1972 1971
f 1921 1922 1973 1972
f 1922 1923 1974 1973
f 1923 1924 1975 1974
f 1924 1925 1976 1975
f 1925 1926 1977 1976
f 1926 1927 1978 1977
f 1927 1928 1979 1978
f 1928 1929 1980 1979
f 1929 1930 1981 1980
f 1930 1931 1982 1981
f 1931 1932 1983 1982
f 1932 1933 1984 1983
f 1933 1934 1985 1984
f 1934 1935 1986 1985
f 1935 1936 1987 1986
f 1936 1937 1988 1987
f 1937 1938 1989 1988
f 1938 1939 1990 1989
f 1939 1940 1991 1990
f 1940 1941 1992 1991
f 1941 1942 1993 1992
f 1943 1944 1995 1994
f 1944 1945 1996 1995
f 1945 1946 1997 1996
f 1946 1947 1998 1997
f 1947 1948 1999 1998
f 1948 1949 2000 1999
f 1949 1950 2001 2000
f 1950 1951 2002 2001
f 1951 1952 2003 2002
f 1952 1953 2004 2003
f 1953 1954 2005 2004
f 1954 1955 2006 2005
f 1955 1956 2007 2006
f 1956 1957 2008 2007
f 1957 1958 2009 2008
f 1958 1959 2010 2009
f 1959 1960 2011 2010
f 1960 1961 2012 2011
f 1961 1962 2013 2012
f 1962 1963 2014 2013
f 1963 1964 2015 2014
f 1964 1965 2016 2015
f 1965 1966 2017 2016
f 1966 1967 2018 2017
f 1967 1968 2019 2018
f 1968 1969 2020 2019
f 1969 1970 2021 2020
f 1970 1971 2022 2021
f 1971 1972 2023 2022
f 1972 1973 2024 2023
f 1973 1974 2025 2024
f 1974 1975 2026 2025
f 1975 1976 2027 2026
f 1976 1977 2028 2027
f 1977 1978 2029 2028
f 1978 1979 2030 2029
f 1979 1980 2031 2030
f 1980 1981 2032 2031
f 1981 1982 2033 2032
f 1982 1983 2034 2033
f 1983 1984 2035 2034
f 1984 1985 2036 2035
f 1985 1986 2037 2036
f 1986 1987 2038 2037
f 1987 1988 2039 2038
f 1988 1989 2040 2039
f 1989 1990 2041 2040
f 1990 1991 2042 2041
f 1991 1992 2043 2042
f 1992 1993 2044 2043
f 1994 1995 2046 2045
f 1995 1996 2047 2046
f 1996 1997 2048 2047
f 1997 1998 2049 2048
f 1998 1999 2050 2049
f 1999 2000 2051 2050
f 2000 2001 2052 2051
f 2001 2002 2053 2052
f 2002 2003 2054 2053
f 2003 2004 2055 2054
f 2004 2005 2056 2055
f 2005 2006 2057 2056
f 2006 2007 2058 2057
f 2007 2008 2059 2058
f 2008 2009 2060 2059
f 2009 2010 2061 2060
f 2010 2011 2062 2061
f 2011 2012 2063 2062
f 2012 2013 2064 2063
f 2013 2014 2065 2064
f 2014 2015 2066 2065
f 2015 2016 2067 2066
f 2016 2017 2068 2067
f 2017 2018 2069 2068
f 2018 2019 2070 2069
f 2019 2020 2071 2070
f 2020 2021 2072 2071
f 2021 2022 2073 2072
f 2022 2023 2074 2073
f 2023 2024 2075 2074
f 2024 2025 2076 2075
f 2025 2026 2077 2076
f 2026 2027 2078 2077
f 2027 2028 2079 2078
f 2028 2029 2080 2079
f 2029 2030 2081 2080
f 2030 2031 2082 2081
f 2031 2032 2083 2082
f 2032 2033 2084 2083
f 2033 2034 2085 2084
f 2034 2035 2086 2085
f 2035 2036 2087 2086
f 2036 2037 2088 2087
f 2037 2038 2089 2088
f 2038 2039 2090 2089
f 2039 2040 2091 2090
f 2040 2041 2092 2091
f 2041 2042 2093 2092
f 2042 2043 2094 2093
f 2043 2044 2095 2094
f 2045 2046 2097 2096
f 2046 2047 2098 2097
f 2047 2048 2099 2098
f 2048 2049 2100 2099
f 2049 2050 2101 2100
f 2050 2051 2102 2101
f 2051 2052 2103 2102
f 2052 2053 2104 2103
f 2053 2054 2105 2104
f 2054 2055 2106 2105
f 2055 2056 2107 2106
f 2056 2057 2108 2107
f 2057 2058 2109 2108
f 2058 2059 2110 2109
f 2059 2060 2111 2110
f 2060 2061 2112 2111
f 2061 2062 2113 2112
f 2062 2063 2114 2113
f 2063 2064 2115 2114
f 2064 2065 2116 2115
f 2065 2066 2117 2116
f 2066 2067 2118 2117
f 2067 2068 2119 2118
f 2068 2069 2120 2119
f 2069 2070 2121 2120
f 2070 2071 2122 2121
f 2071 2072 2123 2122
f 2072 2073 2124 2123
f 2073 2074 2125 2124
f 2074 2075 2126 2125
f 2075 2076 2127 2126
f 2076 2077 2128 2127
f 2077 2078 2129 2128
f 2078 2079 2130 2129
f 2079 2080 2131 2130
f 2080 2081 2132 2131
f 2081 2082 2133 2132
f 2082 2083 2134 2133
f 2083 2084 2135 2134
f 2084 2085 2136 2135
f 2085 2086 2137 2136
f 2086 2087 2138 2137
f 2087 2088 2139 2138
f 2088 2089 2140 2139
f 2089 2090 2141 2140
f 2090 2091 2142 2141
f 2091 2092 2143 2142
f 2092 2093 2144 2143
f 2093 2094 2145 2144
f 2094 2095 2146 2145
f 2096 2097 2148 2147
f 2097 2098 2149 2148
f 2098 2099 2150 2149
f 2099 2100 2151 2150
f 2100 2101 2152 2151
f 2101 2102 2153 2152
f 2102 2103 2154 2153
f 2103 2104 2155 2154
f 2104 2105 2156 2155
f 2105 2106 2157 2156
f 2106 2107 2158 2157
f 2107 2108 2159 2158
f 2108 2109 2160 2159
f 2109 2110 2161 2160
f 2110 2111 2162 2161
f 2111 2112 2163 2162
f 2112 2113 2164 2163
f 2113 2114 2165 2164
f 2114 2115 2166 2165
f 2115 2116 2167 2166
f 2116 2117 2168 2167
f 2117 2118 2169 2168
f 2118 2119 2170 2169
f 2119 2120 2171 2170
f 2120 2121 2172 2171
f 2121 2122 2173 2172
f 2122 2123 2174 2173
f 2123 2124 2175 2174
f 2124 2125 2176 2175
f 2125 2126 2177 2176
f 2126 2127 2178 2177
f 2127 2128 2179 2178
f 2128 2129 2180 2179
f 2129 2130 2181 2180
f 2130 2131 2182 2181
f 2131 2132 2183 2182
f 2132 2133 2184 2183
f 2133 2134 2185 2184
f 2134 2135 2186 2185
f 2135 2136 2187 2186
f 2136 2137 2188 2187
f 2137 2138 2189 2188
f 2138 2139 2190 2189
f 2139 2140 2191 2190
f 2140 2141 2192 2191
f 2141 2142 2193 2192
f 2142 2143 2194 2193
f 2143 2144 2195 2194
f 2144 2145 2196 2195
f 2145 2146 2197 2196
f 2147 2148 2199 2198
f 2148 2149 2200 2199
f 2149 2150 2201 2200
f 2150 2151 2202 2201
f 2151 2152 2203 2202
f 2152 2153 2204 2203
f 2153 2154 2205 2204
f 2154 2155 2206 2205
f 2155 2156 2207 2206
f 2156 2157 2208 2207
f 2157 2158 2209 2208
f 2158 2159 2210 2209
f 2159 2160 2211 2210
f 2160 2161 2212 2211
f 2161 2162 2213 2212
f 2162 2163 2214 2213
f 2163 2164 2215 2214
f 2164 2165 2216 2215
f 2165 2166 2217 2216
f 2166 2167 2218 2217
f 2167 2168 2219 2218
f 2168 2169 2220 2219
f 2169 2170 2221 2220
f 2170 2171 2222 2221
f 2171 2172 2223 2222
f 2172 2173 2224 2223
f 2173 2174 2225 2224
f 2174 2175 2226 2225
f 2175 2176 2227 2226
f 2176 2177 2228 2227
f 2177 2178 2229 2228
f 2178 2179 2230 2229
f 2179 2180 2231 2230
f 2180 2181 2232 2231
f 2181 2182 2233 2232
f 2182 2183 2234 2233
f 2183 2184 2235 2234
f 2184 2185 2236 2235
f 2185 2186 2237 2236
f 2186 2187 2238 2237
f 2187 2188 2239 2238
f 2188 2189 2240 2239
f 2189 2190 2241 2240
f 2190 2191 2242 2241
f 2191 2192 2243 2242
f 2192 2193 2244 2243
f 2193 2194 2245 2244
f 2194 2195 2246 2245
f 2195 2196 2247 2246
f 2196 2197 2248 2247
f 2198 2199 2250 2249
f 2199 2200 2251 2250
f 2200 2201 2252 2251
f 2201 2202 2253 2252
f 2202 2203 2254 2253
f 2203 2204 2255 2254
f 2204 2205 2256 2255
f 2205 2206 2257 2256
f 2206 2207 2258 2257
f 2207 2208 2259 2258
f 2208 2209 2260 2259
f 2209 2210 2261 2260
f 2210 2211 2262 2261
f 2211 2212 2263 2262
f 2212 2213 2264 2263
f 2213 2214 2265 2264
f 2214 2215 2266 2265
f 2215 2216 2267 2266
f 2216 2217 2268 2267
f 2217 2218 2269 2268
f 2218 2219 2270 2269
f 2219 2220 2271 2270
f 2220 2221 2272 2271
f 2221 2222 2273 2272
f 2222 2223 2274 2273
f 2223 2224 2275 2274
f 2224 2225 2276 2275
f 2225 2226 2277 2276
f 2226 2227 2278 2277
f 2227 2228 2279 2278
f 2228 2229 2280 2279
f 2229 2230 2281 2280
f 2230 2231 2282 2281
f 2231 2232 2283 2282
f 2232 2233 2284 2283
f 2233 2234 2285 2284
f 2234 2235 2286 2285
f 2235 2236 2287 2286
f 2236 2237 2288 2287
f 2237 2238 2289 2288
f 2238 2239 2290 2289
f 2239 2240 2291 2290
f 2240 2241 2292 2291
f 2241 2242 2293 2292
f 2242 2243 2294 2293
f 2243 2244 2295 2294
f 2244 2245 2296 2295
f 2245 2246 2297 2296
f 2246 2247 2298 2297
f 2247 2248 2299 2298
f 2249 2250 2301 2300
f 2250 2251 2302 2301
f 2251 2252 2303 2302
f 2252 2253 2304 2303
f 2253 2254 2305 2304
f 2254 2255 2306 2305
f 2255 2256 2307 2306
f 2256 2257 2308 2307
f 2257 2258 2309 2308
f 2258 2259 2310 2309
f 2259 2260 2311 2310
f 2260 2261 2312 2311
f 2261 2262 2313 2312
f 2262 2263 2314 2313
f 2263 2264 2315 2314
f 2264 2265 2316 2315
f 2265 2266 2317 2316
f 2266 2267 2318 2317
f 2267 2268 2319 2318
f 2268 2269 2320 2319
f 2269 2270 2321 2320
f 2270 2271 2322 2321
f 2271 2272 2323 2322
f 2272 2273 2324 2323
f 2273 2274 2325 2324
f 2274 2275 2326 2325
f 2275 2276 2327 2326
f 2276 2277 2328 2327
f 2277 2278 2329 2328
f 2278 2279 2330 2329
f 2279 2280 2331 2330
f 2280 2281 2332 2331
f 2281 2282 2333 2332
f 2282 2283 2334 2333
f 2283 2284 2335 2334
f 2284 2285 2336 2335
f 2285 2286 2337 2336
f 2286 2287 2338 2337
f 2287 2288 2339 2338
f 2288 2289 2340 2339
f 2289 2290 2341 2340
f 2290 2291 2342 2341
f 2291 2292 2343 2342
f 2292 2293 2344 2343
f 2293 2294 2345 2344
f 2294 2295 2346 2345
f 2295 2296 2347 2346
f 2296 2297 2348 2347
f 2297 2298 2349 2348
f 2298 2299 2350 2349
f 2300 2301 2352 2351
f 2301 2302 2353 2352
f 2302 2303 2354 2353
f 2303 2304 2355 2354
f 2304 2305 2356 2355
f 2305 2306 2357 2356
f 2306 2307 2358 2357
f 2307 2308 2359 2358
f 2308 2309 2360 2359
f 2309 2310 2361 2360
f 2310 2311 2362 2361
f 2311 2312 2363 2362
f 2312 2313 2364 2363
f 2313 2314 2365 2364
f 2314 2315 2366 2365
f 2315 2316 2367 2366
f 2316 2317 2368 2367
f 2317 2318 2369 2368
f 2318 2319 2370 2369
f 2319 2320 2371 2370
f 2320 2321 2372 2371
f 2321 2322 2373 2372
f 2322 2323 2374 2373
f 2323 2324 2375 2374
f 2324 2325 2376 2375
f 2325 2326 2377 2376
f 2326 2327 2378 2377
f 2327 2328 2379 2378
f 2328 2329 2380 2379
f 2329 2330 2381 2380
f 2330 2331 2382 2381
f 2331 2332 2383 2382
f 2332 2333 2384 2383
f 2333 2334 2385 2384
f 2334 2335 2386 2385
f 2335 2336 2387 2386
f 2336 2337 2388 2387
f 2337 2338 2389 2388
f 2338 2339 2390 2389
f 2339 2340 2391 2390
f 2340 2341 2392 2391
f 2341 2342 2393 2392
f 2342 2343 2394 2393
f 2343 2344 2395 2394
f 2344 2345 2396 2395
f 2345 2346 2397 2396
f 2346 2347 2398 2397
f 2347 2348 2399 2398
f 2348 2349 2400 2399
f 2349 2350 2401 2400
f 2351 2352 2403 2402
f 2352 2353 2404 2403
f 2353 2354 2405 2404
f 2354 2355 2406 2405
f 2355 2356 2407 2406
f 2356 2357 2408 2407
f 2357 2358 2409 2408
f 2358 2359 2410 2409
f 2359 2360 2411 2410
f 2360 2361 2412 2411
f 2361 2362 2413 2412
f 2362 2363 2414 2413
f 2363 2364 2415 2414
f 2364 2365 2416 2415
f 2365 2366 2417 2416
f 2366 2367 2418 2417
f 2367 2368 2419 2418
f 2368 2369 2420 2419
f 2369 2370 2421 2420
f 2370 2371 2422 2421
f 2371 2372 2423 2422
f 2372 2373 2424 2423
f 2373 2374 2425 2424
f 2374 2375 2426 2425
f 2375 2376 2427 2426
f 2376 2377 2428 2427
f 2377 2378 2429 2428
f 2378 2379 2430 2429
f 2379 2380 2431 2430
f 2380 2381 2432 2431
f 2381 2382 2433 2432
f 2382 2383 2434 2433
f 2383 2384 2435 2434
f 2384 2385 2436 2435
f 2385 2386 2437 2436
f 2386 2387 2438 2437
f 2387 2388 2439 2438
f 2388 2389 2440 2439
f 2389 2390 2441 2440
f 2390 2391 2442 2441
f 2391 2392 2443 2442
f 2392 2393 2444 2443
f 2393 2394 2445 2444
f 2394 2395 2446 2445
f 2395 2396 2447 2446
f 2396 2397 2448 2447
f 2397 2398 2449 2448
f 2398 2399 2450 2449
f 2399 2400 2451 2450
f 2400 2401 2452 2451
f 2402 2403 2454 2453
f 2403 2404 2455 2454
f 2404 2405 2456 2455
f 2405 2406 2457 2456
f 2406 2407 2458 2457
f 2407 2408 2459 2458
f 2408 2409 2460 2459
f 2409 2410 2461 2460
f 2410 2411 2462 2461
f 2411 2412 2463 2462
f 2412 2413 2464 2463
f 2413 2414 2465 2464
f 2414 2415 2466 2465
f 2415 2416 2467 2466
f 2416 2417 2468 2467
f 2417 2418 2469 2468
f 2418 2419 2470 2469
f 2419 2420 2471 2470
f 2420 2421 2472 2471
f 2421 2422 2473 2472
f 2422 2423 2474 2473
f 2423 2424 2475 2474
f 2424 2425 2476 2475
f 2425 2426 2477 2476
f 2426 2427 2478 2477
f 2427 2428 2479 2478
f 2428 2429 2480 2479
f 2429 2430 2481 2480
f 2430 2431 2482 2481
f 2431 2432 2483 2482
f 2432 2433 2484 2483
f 2433 2434 2485 2484
f 2434 2435 2486 2485
f 2435 2436 2487 2486
f 2436 2437 2488 2487
f 2437 2438 2489 2488
f 2438 2439 2490 2489
f 2439 2440 2491 2490
f 2440 2441 2492 2491
f 2441 2442 2493 2492
f 2442 2443 2494 2493
f 2443 2444 2495 2494
f 2444 2445 2496 2495
f 2445 2446 2497 2496
f 2446 2447 2498 2497
f 2447 2448 2499 2498
f 2448 2449 2500 2499
f 2449 2450 2501 2500
f 2450 2451 2502 2501
f 2451 2452 2503 2502
f 2453 2454 2505 2504
f 2454 2455 2506 2505
f 2455 2456 2507 2506
f 2456 2457 2508 2507
f 2457 2458 2509 2508
f 2458 2459 2510 2509
f 2459 2460 2511 2510
f 2460 2461 2512 2511
f 2461 2462 2513 2512
f 2462 2463 2514 2513
f 2463 2464 2515 2514
f 2464 2465 2516 2515
f 2465 2466 2517 2516
f 2466 2467 2518 2517
f 2467 2468 2519 2518
f 2468 2469 2520 2519
f 2469 2470 2521 2520
f 2470 2471 2522 2521
f 2471 2472 2523 2522
f 2472 2473 2524 2523
f 2473 2474 2525 2524
f 2474 2475 2526 2525
f 2475 2476 2527 2526
f 2476 2477 2528 2527
f 2477 2478 2529 2528
f 2478 2479 2530 2529
f 2479 2480 2531 2530
f 2480 2481 2532 2531
f 2481 2482 2533 2532
f 2482 2483 2534 2533
f 2483 2484 2535 2534
f 2484 2485 2536 2535
f 2485 2486 2537 2536
f 2486 2487 2538 2537
f 2487 2488 2539 2538
f 2488 2489 2540 2539
f 2489 2490 2541 2540
f 2490 2491 2542 2541
f 2491 2492 2543 2542
f 2492 2493 2544 2543
f 2493 2494 2545 2544
f 2494 2495 2546 2545
f 2495 2496 2547 2546
f 2496 2497 2548 2547
f 2497 2498 2549 2548
f 2498 2499 2550 2549
f 2499 2500 2551 2550
f 2500 2501 2552 2551
f 2501 2502 2553 2552
f 2502 2503 2554 2553
f 2504 2505 2556 2555
f 2505 2506 2557 2556
f 2506 2507 2558 2557
f 2507 2508 2559 2558
f 2508 2509 2560 2559
f 2509 2510 2561 2560
f 2510 2511 2562 2561
f 2511 2512 2563 2562
f 2512 2513 2564 2563
f 2513 2514 2565 2564
f 2514 2515 2566 2565
f 2515 2516 2567 2566
f 2516 2517 2568 2567
f 2517 2518 2569 2568
f 2518 2519 2570 2569
f 2519 2520 2571 2570
f 2520 2521 2572 2571
f 2521 2522 2573 2572
f 2522 2523 2574 2573
f 2523 2524 2575 2574
f 2524 2525 2576 2575
f 2525 2526 2577 2576
f 2526 2527 2578 2577
f 2527 2528 2579 2578
f 2528 2529 2580 2579
f 2529 2530 2581 2580
f 2530 2531 2582 2581
f 2531 2532 2583 2582
f 2532 2533 2584 2583
f 2533 2534 2585 2584
f 2534 2535 2586 2585
f 2535 2536 2587 2586
f 2536 2537 2588 2587
f 2537 2538 2589 2588
f 2538 2539 2590 2589
f 2539 2540 2591 2590
f 2540 2541 2592 2591
f 2541 2542 2593 2592
f 2542 2543 2594 2593
f 2543 2544 2595 2594
f 2544 2545 2596 2595
f 2545 2546 2597 2596
f 2546 2547 2598 2597
f 2547 2548 2599 2598
f 2548 2549 2600 2599
f 2549 2550 2601 2600
f 2550 2551 2602 2601
f 2551 2552 2603 2602
f 2552 2553 2604 2603
f 2553 2554 2605 2604
f 2555 2556 2607 2606
f 2556 2557 2608 2607
f 2557 2558 2609 2608
f 2558 2559 2610 2609
f 2559 2560 2611 2610
f 2560 2561 2612 2611
f 2561 2562 2613 2612
f 2562 2563 2614 2613
f 2563 2564 2615 2614
f 2564 2565 2616 2615
f 2565 2566 2617 2616
f 2566 2567 2618 2617
f 2567 2568 2619 2618
f 2568 2569 2620 2619
f 2569 2570 2621 2620
f 2570 2571 2622 2621
f 2571 2572 2623 2622
f 2572 2573 2624 2623
f 2573 2574 2625 2624
f 2574 2575 2626 2625
f 2575 2576 2627 2626
f 2576 2577 2628 2627
f 2577 2578 2629 2628
f 2578 2579 2630 2629
f 2579 2580 2631 2630
f 2580 2581 2632 2631
f 2581 2582 2633 2632
f 2582 2583 2634 2633
f 2583 2584 2635 2634
f 2584 2585 2636 2635
f 2585 2586 2637 2636
f 2586 2587 2638 2637
f 2587 2588 2639 2638
f 2588 2589 2640 2639
f 2589 2590 2641 2640
f 2590 2591 2642 2641
f 2591 2592 2643 2642
f 2592 2593 2644 2643
f 2593 2594 2645 2644
f 2594 2595 2646 2645
f 2595 2596 2647 2646
f 2596 2597 2648 2647
f 2597 2598 2649 2648
f 2598 2599 2650 2649
f 2599 2600 2651 2650
f 2600 2601 2652 2651
f 2601 2602 2653 2652
f 2602 2603 2654 2653
f 2603 2604 2655 2654
f 2604 2605 2656 2655
f 2606 2607 2658 2657
f 2607 2608 2659 2658
f 2608 2609 2660 2659
f 2609 2610 2661 2660
f 2610 2611 2662 2661
f 2611 2612 2663 2662
f 2612 2613 2664 2663
f 2613 2614 2665 2664
f 2614 2615 2666 2665
f 2615 2616 2667 2666
f 2616 2617 2668 2667
f 2617 2618 2669 2668
f 2618 2619 2670 2669
f 2619 2620 2671 2670
f 2620 2621 2672 2671
f 2621 2622 2673 2672
f 2622 2623 2674 2673
f 2623 2624 2675 2674
f 2624 2625 2676 2675
f 2625 2626 2677 2676
f 2626 2627 2678 2677
f 2627 2628 2679 2678
f 2628 2629 2680 2679
f 2629 2630 2681 2680
f 2630 2631 2682 2681
f 2631 2632 2683 2682
f 2632 2633 2684 2683
f 2633 2634 2685 2684
f 2634 2635 2686 2685
f 2635 2636 2687 2686
f 2636 2637 2688 2687
f 2637 2638 2689 2688
f 2638 2639 2690 2689
f 2639 2640 2691 2690
f 2640 2641 2692 2691
f 2641 2642 2693 2692
f 2642 2643 2694 2693
f 2643 2644 2695 2694
f 2644 2645 2696 2695
f 2645 2646 2697 2696
f 2646 2647 2698 2697
f 2647 2648 2699 2698
f 2648 2649 2700 2699
f 2649 2650 2701 2700
f 2650 2651 2702 2701
f 2651 2652 2703 2702
f 2652 2653 2704 2703
f 2653 2654 2705 2704
f 2654 2655 2706 2705
f 2655 2656 2707 2706
f 2657 2658 2709 2708
f 2658 2659 2710 2709
f 2659 2660 2711 2710
f 2660 2661 2712 2711
f 2661 2662 2713 2712
f 2662 2663 2714 2713
f 2663 2664 2715 2714
f 2664 2665 2716 2715
f 2665 2666 2717 2716
f 2666 2667 2718 2717
f 2667 2668 2719 2718
f 2668 2669 2720 2719
f 2669 2670 2721 2720
f 2670 2671 2722 2721
f 2671 2672 2723 2722
f 2672 2673 2724 2723
f 2673 2674 2725 2724
f 2674 2675 2726 2725
f 2675 2676 2727 2726
f 2676 2677 2728 2727
f 2677 2678 2729 2728
f 2678 2679 2730 2729
f 2679 2680 2731 2730
f 2680 2681 2732 2731
f 2681 2682 2733 2732
f 2682 2683 2734 2733
f 2683 2684 2735 2734
f 2684 2685 2736 2735
f 2685 2686 2737 2736
f 2686 2687 2738 2737
f 2687 2688 2739 2738
f 2688 2689 2740 2739
f 2689 2690 2741 2740
f 2690 2691 2742 2741
f 2691 2692 2743 2742
f 2692 2693 2744 2743
f 2693 2694 2745 2744
f 2694 2695 2746 2745
f 2695 2696 2747 2746
f 2696 2697 2748 2747
f 2697 2698 2749 2748
f 2698 2699 2750 2749
f 2699 2700 2751 2750
f 2700 2701 2752 2751
f 2701 2702 2753 2752
f 2702 2703 2754 2753
f 2703 2704 2755 2754
f 2704 2705 2756 2755
f 2705 2706 2757 2756
f 2706 2707 2758 2757
f 2708 2709 2760 2759
f 2709 2710 2761 2760
f 2710 2711 2762 2761
f 2711 2712 2763 2762
f 2712 2713 2764 2763
f 2713 2714 2765 2764
f 2714 2715 2766 2765
f 2715 2716 2767 2766
f 2716 2717 2768 2767
f 2717 2718 2769 2768
f 2718 2719 2770 2769
f 2719 2720 2771 2770
f 2720 2721 2772 2771
f 2721 2722 2773 2772
f 2722 2723 2774 2773
f 2723 2724 2775 2774
f 2724 2725 2776 2775
f 2725 2726 2777 2776
f 2726 2727 2778 2777
f 2727 2728 2779 2778
f 2728 2729 2780 2779
f 2729 2730 2781 2780
f 2730 2731 2782 2781
f 2731 2732 2783 2782
f 2732 2733 2784 2783
f 2733 2734 2785 2784
f 2734 2735 2786 2785
f 2735 2736 2787 2786
f 2736 2737 2788 2787
f 2737 2738 2789 2788
f 2738 2739 2790 2789
f 2739 2740 2791 2790
f 2740 2741 2792 2791
f 2741 2742 2793 2792
f 2742 2743 2794 2793
f 2743 2744 2795 2794
f 2744 2745 2796 2795
f 2745 2746 2797 2796
f 2746 2747 2798 2797
f 2747 2748 2799 2798
f 2748 2749 2800 2799
f 2749 2750 2801 2800
f 2750 2751 2802 2801
f 2751 2752 2803 2802
f 2752 2753 2804 2803
f 2753 2754 2805 2804
f 2754 2755 2806 2805
f 2755 2756 2807 2806
f 2756 2757 2808 2807
f 2757 2758 2809 2808
f 2759 2760 2811 2810
f 2760 2761 2812 2811
f 2761 2762 2813 2812
f 2762 2763 2814 2813
f 2763 2764 2815 2814
f 2764 2765 2816 2815
f 2765 2766 2817 2816
f 2766 2767 2818 2817
f 2767 2768 2819 2818
f 2768 2769 2820 2819
f 2769 2770 2821 2820
f 2770 2771 2822 2821
f 2771 2772 2823 2822
f 2772 2773 2824 2823
f 2773 2774 2825 2824
f 2774 2775 2826 2825
f 2775 2776 2827 2826
f 2776 2777 2828 2827
f 2777 2778 2829 2828
f 2778 2779 2830 2829
f 2779 2780 2831 2830
f 2780 2781 2832 2831
f 2781 2782 2833 2832
f 2782 2783 2834 2833
f 2783 2784 2835 2834
f 2784 2785 2836 2835
f 2785 2786 2837 2836
f 2786 2787 2838 2837
f 2787 2788 2839 2838
f 2788 2789 2840 2839
f 2789 2790 2841 2840
f 2790 2791 2842 2841
f 2791 2792 2843 2842
f 2792 2793 2844 2843
f 2793 2794 2845 2844
f 2794 2795 2846 2845
f 2795 2796 2847 2846
f 2796 2797 2848 2847
f 2797 2798 2849 2848
f 2798 2799 2850 2849
f 2799 2800 2851 2850
f 2800 2801 2852 2851
f 2801 2802 2853 2852
f 2802 2803 2854 2853
f 2803 2804 2855 2854
f 2804 2805 2856 2855
f 2805 2806 2857 2856
f 2806 2807 2858 2857
f 2807 2808 2859 2858
f 2808 2809 2860 2859
f 2810 2811 2862 2861
f 2811 2812 2863 2862
f 2812 2813 2864 2863
f 2813 2814 2865 2864
f 2814 2815 2866 2865
f 2815 2816 2867 2866
f 2816 2817 2868 2867
f 2817 2818 2869 2868
f 2818 2819 2870 2869
f 2819 2820 2871 2870
f 2820 2821 2872 2871
f 2821 2822 2873 2872
f 2822 2823 2874 2873
f 2823 2824 2875 2874
f 2824 2825 2876 2875
f 2825 2826 2877 2876
f 2826 2827 2878 2877
f 2827 2828 2879 2878
f 2828 2829 2880 2879
f 2829 2830 2881 2880
f 2830 2831 2882 2881
f 2831 2832 2883 2882
f 2832 2833 2884 2883
f 2833 2834 2885 2884
f 2834 2835 2886 2885
f 2835 2836 2887 2886
f 2836 2837 2888 2887
f 2837 2838 2889 2888
f 2838 2839 2890 2889
f 2839 2840 2891 2890
f 2840 2841 2892 2891
f 2841 2842 2893 2892
f 2842 2843 2894 2893
f 2843 2844 2895 2894
f 2844 2845 2896 2895
f 2845 2846 2897 2896
f 2846 2847 2898 2897
f 2847 2848 2899 2898
f 2848 2849 2900 2899
f 2849 2850 2901 2900
f 2850 2851 2902 2901
f 2851 2852 2903 2902
f 2852 2853 2904 2903
f 2853 2854 2905 2904
f 2854 2855 2906 2905
f 2855 2856 2907 2906
f 2856 2857 2908 2907
f 2857 2858 2909 2908
f 2858 2859 2910 2909
f 2859 2860 2911 2910
f 2861 2862 2913 2912
f 2862 2863 2914 2913
f 2863 2864 2915 2914
f 2864 2865 2916 2915
f 2865 2866 2917 2916
f 2866 2867 2918 2917
f 2867 2868 2919 2918
f 2868 2869 2920 2919
f 2869 2870 2921 2920
f 2870 2871 2922 2921
f 2871 2872 2923 2922
f 2872 2873 2924 2923
f 2873 2874 2925 2924
f 2874 2875 2926 2925
f 2875 2876 2927 2926
f 2876 2877 2928 2927
f 2877 2878 2929 2928
f 2878 2879 2930 2929
f 2879 2880 2931 2930
f 2880 2881 2932 2931
f 2881 2882 2933 2932
f 2882 2883 2934 2933
f 2883 2884 2935 2934
f 2884 2885 2936 2935
f 2885 2886 2937 2936
f 2886 2887 2938 2937
f 2887 2888 2939 2938
f 2888 2889 2940 2939
f 2889 2890 2941 2940
f 2890 2891 2942 2941
f 2891 2892 2943 2942
f 2892 2893 2944 2943
f 2893 2894 2945 2944
f 2894 2895 2946 2945
f 2895 2896 2947 2946
f 2896 2897 2948 2947
f 2897 2898 2949 2948
f 2898 2899 2950 2949
f 2899 2900 2951 2950
f 2900 2901 2952 2951
f 2901 2902 2953 2952
f 2902 2903 2954 2953
f 2903 2904 2955 2954
f 2904 2905 2956 2955
f 2905 2906 2957 2956
f 2906 2907 2958 2957
f 2907 2908 2959 2958
f 2908 2909 2960 2959
f 2909 2910 2961 2960
f 2910 2911 2962 2961
f 2912 2913 2964 2963
f 2913 2914 2965 2964
f 2914 2915 2966 2965
f 2915 2916 2967 2966
f 2916 2917 2968 2967
f 2917 2918 2969 2968
f 2918 2919 2970 2969
f 2919 2920 2971 2970
f 2920 2921 2972 2971
f 2921 2922 2973 2972
f 2922 2923 2974 2973
f 2923 2924 2975 2974
f 2924 2925 2976 2975
f 2925 2926 2977 2976
f 2926 2927 2978 2977
f 2927 2928 2979 2978
f 2928 2929 2980 2979
f 2929 2930 2981 2980
f 2930 2931 2982 2981
f 2931 2932 2983 2982
f 2932 2933 2984 2983
f 2933 2934 2985 2984
f 2934 2935 2986 2985
f 2935 2936 2987 2986
f 2936 2937 2988 2987
f 2937 2938 2989 2988
f 2938 2939 2990 2989
f 2939 2940 2991 2990
f 2940 2941 2992 2991
f 2941 2942 2993 2992
f 2942 2943 2994 2993
f 2943 2944 2995 2994
f 2944 2945 2996 2995
f 2945 2946 2997 2996
f 2946 2947 2998 2997
f 2947 2948 2999 2998
f 2948 2949 3000 2999
f 2949 2950 3001 3000
f 2950 2951 3002 3001
f 2951 2952 3003 3002
f 2952 2953 3004 3003
f 2953 2954 3005 3004
f 2954 2955 3006 3005
f 2955 2956 3007 3006
f 2956 2957 3008 3007
f 2957 2958 3009 3008
f 2958 2959 3010 3009
f 2959 2960 3011 3010
f 2960 2961 3012 3011
f 2961 2962 3013 3012
f 2963 2964 3015 3014
f 2964 2965 3016 3015
f 2965 2966 3017 3016
f 2966 2967 3018 3017
f 2967 2968 3019 3018
f 2968 2969 3020 3019
f 2969 2970 3021 3020
f 2970 2971 3022 3021
f 2971 2972 3023 3022
f 2972 2973 3024 3023
f 2973 2974 3025 3024
f 2974 2975 3026 3025
f 2975 2976 3027 3026
f 2976 2977 3028 3027
f 2977 2978 3029 3028
f 2978 2979 3030 3029
f 2979 2980 3031 3030
f 2980 2981 3032 3031
f 2981 2982 3033 3032
f 2982 2983 3034 3033
f 2983 2984 3035 3034
f 2984 2985 3036 3035
f 2985 2986 3037 3036
f 2986 2987 3038 3037
f 2987 2988 3039 3038
f 2988 2989 3040 3039
f 2989 2990 3041 3040
f 2990 2991 3042 3041
f 2991 2992 3043 3042
f 2992 2993 3044 3043
f 2993 2994 3045 3044
f 2994 2995 3046 3045
f 2995 2996 3047 3046
f 2996 2997 3048 3047
f 2997 2998 3049 3048
f 2998 2999 3050 3049
f 2999 3000 3051 3050
f 3000 3001 3052 3051
f 3001 3002 3053 3052
f 3002 3003 3054 3053
f 3003 3004 3055 3054
f 3004 3005 3056 3055
f 3005 3006 3057 3056
f 3006 3007 3058 3057
f 3007 3008 3059 3058
f 3008 3009 3060 3059
f 3009 3010 3061 3060
f 3010 3011 3062 3061
f 3011 3012 3063 3062
f 3012 3013 3064 3063
f 3014 3015 3066 3065
f 3015 3016 3067 3066
f 3016 3017 3068 3067
f 3017 3018 3069 3068
f 3018 3019 3070 3069
f 3019 3020 3071 3070
f 3020 3021 3072 3071
f 3021 3022 3073 3072
f 3022 3023 3074 3073
f 3023 3024 3075 3074
f 3024 3025 3076 3075
f 3025 3026 3077 3076
f 3026 3027 3078 3077
f 3027 3028 3079 3078
f 3028 3029 3080 3079
f 3029 3030 3081 3080
f 3030 3031 3082 3081
f 3031 3032 3083 3082
f 3032 3033 3084 3083
f 3033 3034 3085 3084
f 3034 3035 3086 3085
f 3035 3036 3087 3086
f 3036 3037 3088 3087
f 3037 3038 3089 3088
f 3038 3039 3090 3089
f 3039 3040 3091 3090
f 3040 3041 3092 3091
f 3041 3042 3093 3092
f 3042 3043 3094 3093
f 3043 3044 3095 3094
f 3044 3045 3096 3095
f 3045 3046 3097 3096
f 3046 3047 3098 3097
f 3047 3048 3099 3098
f 3048 3049 3100 3099
f 3049 3050 3101 3100
f 3050 3051 3102 3101
f 3051 3052 3103 3102
f 3052 3053 3104 3103
f 3053 3054 3105 3104
f 3054 3055 3106 3105
f 3055 3056 3107 3106
f 3056 3057 3108 3107
f 3057 3058 3109 3108
f 3058 3059 3110 3109
f 3059 3060 3111 3110
f 3060 3061 3112 3111
f 3061 3062 3113 3112
f 3062 3063 3114 3113
f 3063 3064 3115 3114
f 3065 3066 3117 3116
f 3066 3067 3118 3117
f 3067 3068 3119 3118
f 3068 3069 3120 3119
f 3069 3070 3121 3120
f 3070 3071 3122 3121
f 3071 3072 3123 3122
f 3072 3073 3124 3123
f 3073 3074 3125 3124
f 3074 3075 3126 3125
f 3075 3076 3127 3126
f 3076 3077 3128 3127
f 3077 3078 3129 3128
f 3078 3079 3130 3129
f 3079 3080 3131 3130
f 3080 3081 3132 3131
f 3081 3082 3133 3132
f 3082 3083 3134 3133
f 3083 3084 3135 3134
f 3084 3085 3136 3135
f 3085 3086 3137 3136
f 3086 3087 3138 3137
f 3087 3088 3139 3138
f 3088 3089 3140 3139
f 3089 3090 3141 3140
f 3090 3091 3142 3141
f 3091 3092 3143 3142
f 3092 3093 3144 3143
f 3093 3094 3145 3144
f 3094 3095 3146 3145
f 3095 3096 3147 3146
f 3096 3097 3148 3147
f 3097 3098 3149 3148
f 3098 3099 3150 3149
f 3099 3100 3151 3150
f 3100 3101 3152 3151
f 3101 3102 3153 3152
f 3102 3103 3154 3153
f 3103 3104 3155 3154
f 3104 3105 3156 3155
f 3105 3106 3157 3156
f 3106 3107 3158 3157
f 3107 3108 3159 3158
f 3108 3109 3160 3159
f 3109 3110 3161 3160
f 3110 3111 3162 3161
f 3111 3112 3163 3162
f 3112 3113 3164 3163
f 3113 3114 3165 3164
f 3114 3115 3166 3165
f 3116 3117 3168 3167
f 3117 3118 3169 3168
f 3118 3119 3170 3169
f 3119 3120 3171 3170
f 3120 3121 3172 3171
f 3121 3122 3173 3172
f 3122 3123 3174 3173
f 3123 3124 3175 3174
f 3124 3125 3176 3175
f 3125 3126 3177 3176
f 3126 3127 3178 3177
f 3127 3128 3179 3178
f 3128 3129 3180 3179
f 3129 3130 3181 3180
f 3130 3131 3182 3181
f 3131 3132 3183 3182
f 3132 3133 3184 3183
f 3133 3134 3185 3184
f 3134 3135 3186 3185
f 3135 3136 3187 3186
f 3136 3137 3188 3187
f 3137 3138 3189 3188
f 3138 3139 3190 3189
f 3139 3140 3191 3190
f 3140 3141 3192 3191
f 3141 3142 3193 3192
f 3142 3143 3194 3193
f 3143 3144 3195 3194
f 3144 3145 3196 3195
f 3145 3146 3197 3196
f 3146 3147 3198 3197
f 3147 3148 3199 3198
f 3148 3149 3200 3199
f 3149 3150 3201 3200
f 3150 3151 3202 3201
f 3151 3152 3203 3202
f 3152 3153 3204 3203
f 3153 3154 3205 3204
f 3154 3155 3206 3205
f 3155 3156 3207 3206
f 3156 3157 3208 3207
f 3157 3158 3209 3208
f 3158 3159 3210 3209
f 3159 3160 3211 3210
f 3160 3161 3212 3211
f 3161 3162 3213 3212
f 3162 3163 3214 3213
f 3163 3164 3215 3214
f 3164 3165 3216 3215
f 3165 3166 3217 3216
f 3167 3168 3219 3218
f 3168 3169 3220 3219
f 3169 3170 3221 3220
f 3170 3171 3222 3221
f 3171 3172 3223 3222
f 3172 3173 3224 3223
f 3173 3174 3225 3224
f 3174 3175 3226 3225
f 3175 3176 3227 3226
f 3176 3177 3228 3227
f 3177 3178 3229 3228
f 3178 3179 3230 3229
f 3179 3180 3231 3230
f 3180 3181 3232 3231
f 3181 3182 3233 3232
f 3182 3183 3234 3233
f 3183 3184 3235 3234
f 3184 3185 3236 3235
f 3185 3186 3237 3236
f 3186 3187 3238 3237
f 3187 3188 3239 3238
f 3188 3189 3240 3239
f 3189 3190 3241 3240
f 3190 3191 3242 3241
f 3191 3192 3243 3242
f 3192 3193 3244 3243
f 3193 3194 3245 3244
f 3194 3195 3246 3245
f 3195 3196 3247 3246
f 3196 3197 3248 3247
f 3197 3198 3249 3248
f 3198 3199 3250 3249
f 3199 3200 3251 3250
f 3200 3201 3252 3251
f 3201 3202 3253 3252
f 3202 3203 3254 3253
f 3203 3204 3255 3254
f 3204 3205 3256 3255
f 3205 3206 3257 3256
f 3206 3207 3258 3257
f 3207 3208 3259 3258
f 3208 3209 3260 3259
f 3209 3210 3261 3260
f 3210 3211 3262 3261
f 3211 3212 3263 3262
f 3212 3213 3264 3263
f 3213 3214 3265 3264
f 3214 3215 3266 3265
f 3215 3216 3267 3266
f 3216 3217 3268 3267
f 3218 3219 3270 3269
f 3219 3220 3271 3270
f 3220 3221 3272 3271
f 3221 3222 3273 3272
f 3222 3223 3274 3273
f 3223 3224 3275 3274
f 3224 3225 3276 3275
f 3225 3226 3277 3276
f 3226 3227 3278 3277
f 3227 3228 3279 3278
f 3228 3229 3280 3279
f 3229 3230 3281 3280
f 3230 3231 3282 3281
f 3231 3232 3283 3282
f 3232 3233 3284 3283
f 3233 3234 3285 3284
f 3234 3235 3286 3285
f 3235 3236 3287 3286
f 3236 3237 3288 3287
f 3237 3238 3289 3288
f 3238 3239 3290 3289
f 3239 3240 3291 3290
f 3240 3241 3292 3291
f 3241 3242 3293 3292
f 3242 3243 3294 3293
f 3243 3244 3295 3294
f 3244 3245 3296 3295
f 3245 3246 3297 3296
f 3246 3247 3298 3297
f 3247 3248 3299 3298
f 3248 3249 3300 3299
f 3249 3250 3301 3300
f 3250 3251 3302 3301
f 3251 3252 3303 3302
f 3252 3253 3304 3303
f 3253 3254 3305 3304
f 3254 3255 3306 3305
f 3255 3256 3307 3306
f 3256 3257 3308 3307
f 3257 3258 3309 3308
f 3258 3259 3310 3309
f 3259 3260 3311 3310
f 3260 3261 3312 3311
f 3261 3262 3313 3312
f 3262 3263 3314 3313
f 3263 3264 3315 3314
f 3264 3265 3316 3315
f 3265 3266 3317 3316
f 3266 3267 3318 3317
f 3267 3268 3319 3318
f 3269 3270 3321 3320
f 3270 3271 3322 3321
f 3271 3272 3323 3322
f 3272 3273 3324 3323
f 3273 3274 3325 3324
f 3274 3275 3326 3325
f 3275 3276 3327 3326
f 3276 3277 3328 3327
f 3277 3278 3329 3328
f 3278 3279 3330 3329
f 3279 3280 3331 3330
f 3280 3281 3332 3331
f 3281 3282 3333 3332
f 3282 3283 3334 3333
f 3283 3284 3335 3334
f 3284 3285 3336 3335
f 3285 3286 3337 3336
f 3286 3287 3338 3337
f 3287 3288 3339 3338
f 3288 3289 3340 3339
f 3289 3290 3341 3340
f 3290 3291 3342 3341
f 3291 3292 3343 3342
f 3292 3293 3344 3343
f 3293 3294 3345 3344
f 3294 3295 3346 3345
f 3295 3296 3347 3346
f 3296 3297 3348 3347
f 3297 3298 3349 3348
f 3298 3299 3350 3349
f 3299 3300 3351 3350
f 3300 3301 3352 3351
f 3301 3302 3353 3352
f 3302 3303 3354 3353
f 3303 3304 3355 3354
f 3304 3305 3356 3355
f 3305 3306 3357 3356
f 3306 3307 3358 3357
f 3307 3308 3359 3358
f 3308 3309 3360 3359
f 3309 3310 3361 3360
f 3310 3311 3362 3361
f 3311 3312 3363 3362
f 3312 3313 3364 3363
f 3313 3314 3365 3364
f 3314 3315 3366 3365
f 3315 3316 3367 3366
f 3316 3317 3368 3367
f 3317 3318 3369 3368
f 3318 3319 3370 3369
f 3320 3321 3372 3371
f 3321 3322 3373 3372
f 3322 3323 3374 3373
f 3323 3324 3375 3374
f 3324 3325 3376 3375
f 3325 3326 3377 3376
f 3326 3327 3378 3377
f 3327 3328 3379 3378
f 3328 3329 3380 3379
f 3329 3330 3381 3380
f 3330 3331 3382 3381
f 3331 3332 3383 3382
f 3332 3333 3384 3383
f 3333 3334 3385 3384
f 3334 3335 3386 3385
f 3335 3336 3387 3386
f 3336 3337 3388 3387
f 3337 3338 3389 3388
f 3338 3339 3390 3389
f 3339 3340 3391 3390
f 3340 3341 3392 3391
f 3341 3342 3393 3392
f 3342 3343 3394 3393
f 3343 3344 3395 3394
f 3344 3345 3396 3395
f 3345 3346 3397 3396
f 3346 3347 3398 3397
f 3347 3348 3399 3398
f 3348 3349 3400 3399
f 3349 3350 3401 3400
f 3350 3351 3402 3401
f 3351 3352 3403 3402
f 3352 3353 3404 3403
f 3353 3354 3405 3404
f 3354 3355 3406 3405
f 3355 3356 3407 3406
f 3356 3357 3408 3407
f 3357 3358 3409 3408
f 3358 3359 3410 3409
f 3359 3360 3411 3410
f 3360 3361 3412 3411
f 3361 3362 3413 3412
f 3362 3363 3414 3413
f 3363 3364 3415 3414
f 3364 3365 3416 3415
f 3365 3366 3417 3416
f 3366 3367 3418 3417
f 3367 3368 3419 3418
f 3368 3369 3420 3419
f 3369 3370 3421 3420
f 3371 3372 3423 3422
f 3372 3373 3424 3423
f 3373 3374 3425 3424
f 3374 3375 3426 3425
f 3375 3376 3427 3426
f 3376 3377 3428 3427
f 3377 3378 3429 3428
f 3378 3379 3430 3429
f 3379 3380 3431 3430
f 3380 3381 3432 3431
f 3381 3382 3433 3432
f 3382 3383 3434 3433
f 3383 3384 3435 3434
f 3384 3385 3436 3435
f 3385 3386 3437 3436
f 3386 3387 3438 3437
f 3387 3388 3439 3438
f 3388 3389 3440 3439
f 3389 3390 3441 3440
f 3390 3391 3442 3441
f 3391 3392 3443 3442
f 3392 3393 3444 3443
f 3393 3394 3445 3444
f 3394 3395 3446 3445
f 3395 3396 3447 3446
f 3396 3397 3448 3447
f 3397 3398 3449 3448
f 3398 3399 3450 3449
f 3399 3400 3451 3450
f 3400 3401 3452 3451
f 3401 3402 3453 3452
f 3402 3403 3454 3453
f 3403 3404 3455 3454
f 3404 3405 3456 3455
f 3405 3406 3457 3456
f 3406 3407 3458 3457
f 3407 3408 3459 3458
f 3408 3409 3460 3459
f 3409 3410 3461 3460
f 3410 3411 3462 3461
f 3411 3412 3463 3462
f 3412 3413 3464 3463
f 3413 3414 3465 3464
f 3414 3415 3466 3465
f 3415 3416 3467 3466
f 3416 3417 3468 3467
f 3417 3418 3469 3468
f 3418 3419 3470 3469
f 3419 3420 3471 3470
f 3420 3421 3472 3471
f 3422 3423 3474 3473
f 3423 3424 3475 3474
f 3424 3425 3476 3475
f 3425 3426 3477 3476
f 3426 3427 3478 3477
f 3427 3428 3479 3478
f 3428 3429 3480 3479
f 3429 3430 3481 3480
f 3430 3431 3482 3481
f 3431 3432 3483 3482
f 3432 3433 3484 3483
f 3433 3434 3485 3484
f 3434 3435 3486 3485
f 3435 3436 3487 3486
f 3436 3437 3488 3487
f 3437 3438 3489 3488
f 3438 3439 3490 3489
f 3439 3440 3491 3490
f 3440 3441 3492 3491
f 3441 3442 3493 3492
f 3442 3443 3494 3493
f 3443 3444 3495 3494
f 3444 3445 3496 3495
f 3445 3446 3497 3496
f 3446 3447 3498 3497
f 3447 3448 3499 3498
f 3448 3449 3500 3499
f 3449 3450 3501 3500
f 3450 3451 3502 3501
f 3451 3452 3503 3502
f 3452 3453 3504 3503
f 3453 3454 3505 3504
f 3454 3455 3506 3505
f 3455 3456 3507 3506
f 3456 3457 3508 3507
f 3457 3458 3509 3508
f 3458 3459 3510 3509
f 3459 3460 3511 3510
f 3460 3461 3512 3511
f 3461 3462 3513 3512
f 3462 3463 3514 3513
f 3463 3464 3515 3514
f 3464 3465 3516 3515
f 3465 3466 3517 3516
f 3466 3467 3518 3517
f 3467 3468 3519 3518
f 3468 3469 3520 3519
f 3469 3470 3521 3520
f 3470 3471 3522 3521
f 3471 3472 3523 3522
f 3473 3474 3525 3524
f 3474 3475 3526 3525
f 3475 3476 3527 3526
f 3476 3477 3528 3527
f 3477 3478 3529 3528
f 3478 3479 3530 3529
f 3479 3480 3531 3530
f 3480 3481 3532 3531
f 3481 3482 3533 3532
f 3482 3483 3534 3533
f 3483 3484 3535 3534
f 3484 3485 3536 3535
f 3485 3486 3537 3536
f 3486 3487 3538 3537
f 3487 3488 3539 3538
f 3488 3489 3540 3539
f 3489 3490 3541 3540
f 3490 3491 3542 3541
f 3491 3492 3543 3542
f 3492 3493 3544 3543
f 3493 3494 3545 3544
f 3494 3495 3546 3545
f 3495 3496 3547 3546
f 3496 3497 3548 3547
f 3497 3498 3549 3548
f 3498 3499 3550 3549
f 3499 3500 3551 3550
f 3500 3501 3552 3551
f 3501 3502 3553 3552
f 3502 3503 3554 3553
f 3503 3504 3555 3554
f 3504 3505 3556 3555
f 3505 3506 3557 3556
f 3506 3507 3558 3557
f 3507 3508 3559 3558
f 3508 3509 3560 3559
f 3509 3510 3561 3560
f 3510 3511 3562 3561
f 3511 3512 3563 3562
f 3512 3513 3564 3563
f 3513 3514 3565 3564
f 3514 3515 3566 3565
f 3515 3516 3567 3566
f 3516 3517 3568 3567
f 3517 3518 3569 3568
f 3518 3519 3570 3569
f 3519 3520 3571 3570
f 3520 3521 3572 3571
f 3521 3522 3573 3572
f 3522 3523 3574 3573
f 3524 3525 3576 3575
f 3525 3526 3577 3576
f 3526 3527 3578 3577
f 3527 3528 3579 3578
f 3528 3529 3580 3579
f 3529 3530 3581 3580
f 3530 3531 3582 3581
f 3531 3532 3583 3582
f 3532 3533 3584 3583
f 3533 3534 3585 3584
f 3534 3535 3586 3585
f 3535 3536 3587 3586
f 3536 3537 3588 3587
f 3537 3538 3589 3588
f 3538 3539 3590 3589
f 3539 3540 3591 3590
f 3540 3541 3592 3591
f 3541 3542 3593 3592
f 3542 3543 3594 3593
f 3543 3544 3595 3594
f 3544 3545 3596 3595
f 3545 3546 3597 3596
f 3546 3547 3598 3597
f 3547 3548 3599 3598
f 3548 3549 3600 3599
f 3549 3550 3601 3600
f 3550 3551 3602 3601
f 3551 3552 3603 3602
f 3552 3553 3604 3603
f 3553 3554 3605 3604
f 3554 3555 3606 3605
f 3555 3556 3607 3606
f 3556 3557 3608 3607
f 3557 3558 3609 3608
f 3558 3559 3610 3609
f 3559 3560 3611 3610
f 3560 3561 3612 3611
f 3561 3562 3613 3612
f 3562 3563 3614 3613
f 3563 3564 3615 3614
f 3564 3565 3616 3615
f 3565 3566 3617 3616
f 3566 3567 3618 3617
f 3567 3568 3619 3618
f 3568 3569 3620 3619
f 3569 3570 3621 3620
f 3570 3571 3622 3621
f 3571 3572 3623 3622
f 3572 3573 3624 3623
f 3573 3574 3625 3624
f 3575 3576 3627 3626
f 3576 3577 3628 3627
f 3577 3578 3629 3628
f 3578 3579 3630 3629
f 3579 3580 3631 3630
f 3580 3581 3632 3631
f 3581 3582 3633 3632
f 3582 3583 3634 3633
f 3583 3584 3635 3634
f 3584 3585 3636 3635
f 3585 3586 3637 3636
f 3586 3587 3638 3637
f 3587 3588 3639 3638
f 3588 3589 3640 3639
f 3589 3590 3641 3640
f 3590 3591 3642 3641
f 3591 3592 3643 3642
f 3592 3593 3644 3643
f 3593 3594 3645 3644
f 3594 3595 3646 3645
f 3595 3596 3647 3646
f 3596 3597 3648 3647
f 3597 3598 3649 3648
f 3598 3599 3650 3649
f 3599 3600 3651 3650
f 3600 3601 3652 3651
f 3601 3602 3653 3652
f 3602 3603 3654 3653
f 3603 3604 3655 3654
f 3604 3605 3656 3655
f 3605 3606 3657 3656
f 3606 3607 3658 3657
f 3607 3608 3659 3658
f 3608 3609 3660 3659
f 3609 3610 3661 3660
f 3610 3611 3662 3661
f 3611 3612 3663 3662
f 3612 3613 3664 3663
f 3613 3614 3665 3664
f 3614 3615 3666 3665
f 3615 3616 3667 3666
f 3616 3617 3668 3667
f 3617 3618 3669 3668
f 3618 3619 3670 3669
f 3619 3620 3671 3670
f 3620 3621 3672 3671
f 3621 3622 3673 3672
f 3622 3623 3674 3673
f 3623 3624 3675 3674
f 3624 3625 3676 3675
f 3626 3627 3678 3677
f 3627 3628 3679 3678
f 3628 3629 3680 3679
f 3629 3630 3681 3680
f 3630 3631 3682 3681
f 3631 3632 3683 3682
f 3632 3633 3684 3683
f 3633 3634 3685 3684
f 3634 3635 3686 3685
f 3635 3636 3687 3686
f 3636 3637 3688 3687
f 3637 3638 3689 3688
f 3638 3639 3690 3689
f 3639 3640 3691 3690
f 3640 3641 3692 3691
f 3641 3642 3693 3692
f 3642 3643 3694 3693
f 3643 3644 3695 3694
f 3644 3645 3696 3695
f 3645 3646 3697 3696
f 3646 3647 3698 3697
f 3647 3648 3699 3698
f 3648 3649 3700 3699
f 3649 3650 3701 3700
f 3650 3651 3702 3701
f 3651 3652 3703 3702
f 3652 3653 3704 3703
f 3653 3654 3705 3704
f 3654 3655 3706 3705
f 3655 3656 3707 3706
f 3656 3657 3708 3707
f 3657 3658 3709 3708
f 3658 3659 3710 3709
f 3659 3660 3711 3710
f 3660 3661 3712 3711
f 3661 3662 3713 3712
f 3662 3663 3714 3713
f 3663 3664 3715 3714
f 3664 3665 3716 3715
f 3665 3666 3717 3716
f 3666 3667 3718 3717
f 3667 3668 3719 3718
f 3668 3669 3720 3719
f 3669 3670 3721 3720
f 3670 3671 3722 3721
f 3671 3672 3723 3722
f 3672 3673 3724 3723
f 3673 3674 3725 3724
f 3674 3675 3726 3725
f 3675 3676 3727 3726
f 3677 3678 3729 3728
f 3678 3679 3730 3729
f 3679 3680 3731 3730
f 3680 3681 3732 3731
f 3681 3682 3733 3732
f 3682 3683 3734 3733
f 3683 3684 3735 3734
f 3684 3685 3736 3735
f 3685 3686 3737 3736
f 3686 3687 3738 3737
f 3687 3688 3739 3738
f 3688 3689 3740 3739
f 3689 3690 3741 3740
f 3690 3691 3742 3741
f 3691 3692 3743 3742
f 3692 3693 3744 3743
f 3693 3694 3745 3744
f 3694 3695 3746 3745
f 3695 3696 3747 3746
f 3696 3697 3748 3747
f 3697 3698 3749 3748
f 3698 3699 3750 3749
f 3699 3700 3751 3750
f 3700 3701 3752 3751
f 3701 3702 3753 3752
f 3702 3703 3754 3753
f 3703 3704 3755 3754
f 3704 3705 3756 3755
f 3705 3706 3757 3756
f 3706 3707 3758 3757
f 3707 3708 3759 3758
f 3708 3709 3760 3759
f 3709 3710 3761 3760
f 3710 3711 3762 3761
f 3711 3712 3763 3762
f 3712 3713 3764 3763
f 3713 3714 3765 3764
f 3714 3715 3766 3765
f 3715 3716 3767 3766
f 3716 3717 3768 3767
f 3717 3718 3769 3768
f 3718 3719 3770 3769
f 3719 3720 3771 3770
f 3720 3721 3772 3771
f 3721 3722 3773 3772
f 3722 3723 3774 3773
f 3723 3724 3775 3774
f 3724 3725 3776 3775
f 3725 3726 3777 3776
f 3726 3727 3778 3777
f 3728 3729 3780 3779
f 3729 3730 3781 3780
f 3730 3731 3782 3781
f 3731 3732 3783 3782
f 3732 3733 3784 3783
f 3733 3734 3785 3784
f 3734 3735 3786 3785
f 3735 3736 3787 3786
f 3736 3737 3788 3787
f 3737 3738 3789 3788
f 3738 3739 3790 3789
f 3739 3740 3791 3790
f 3740 3741 3792 3791
f 3741 3742 3793 3792
f 3742 3743 3794 3793
f 3743 3744 3795 3794
f 3744 3745 3796 3795
f 3745 3746 3797 3796
f 3746 3747 3798 3797
f 3747 3748 3799 3798
f 3748 3749 3800 3799
f 3749 3750 3801 3800
f 3750 3751 3802 3801
f 3751 3752 3803 3802
f 3752 3753 3804 3803
f 3753 3754 3805 3804
f 3754 3755 3806 3805
f 3755 3756 3807 3806
f 3756 3757 3808 3807
f 3757 3758 3809 3808
f 3758 3759 3810 3809
f 3759 3760 3811 3810
f 3760 3761 3812 3811
f 3761 3762 3813 3812
f 3762 3763 3814 3813
f 3763 3764 3815 3814
f 3764 3765 3816 3815
f 3765 3766 3817 3816
f 3766 3767 3818 3817
f 3767 3768 3819 3818
f 3768 3769 3820 3819
f 3769 3770 3821 3820
f 3770 3771 3822 3821
f 3771 3772 3823 3822
f 3772 3773 3824 3823
f 3773 3774 3825 3824
f 3774 3775 3826 3825
f 3775 3776 3827 3826
f 3776 3777 3828 3827
f 3777 3778 3829 3828
f 3779 3780 3831 3830
f 3780 3781 3832 3831
f 3781 3782 3833 3832
f 3782 3783 3834 3833
f 3783 3784 3835 3834
f 3784 3785 3836 3835
f 3785 3786 3837 3836
f 3786 3787 3838 3837
f 3787 3788 3839 3838
f 3788 3789 3840 3839
f 3789 3790 3841 3840
f 3790 3791 3842 3841
f 3791 3792 3843 3842
f 3792 3793 3844 3843
f 3793 3794 3845 3844
f 3794 3795 3846 3845
f 3795 3796 3847 3846
f 3796 3797 3848 3847
f 3797 3798 3849 3848
f 3798 3799 3850 3849
f 3799 3800 3851 3850
f 3800 3801 3852 3851
f 3801 3802 3853 3852
f 3802 3803 3854 3853
f 3803 3804 3855 3854
f 3804 3805 3856 3855
f 3805 3806 3857 3856
f 3806 3807 3858 3857
f 3807 3808 3859 3858
f 3808 3809 3860 3859
f 3809 3810 3861 3860
f 3810 3811 3862 3861
f 3811 3812 3863 3862
f 3812 3813 3864 3863
f 3813 3814 3865 3864
f 3814 3815 3866 3865
f 3815 3816 3867 3866
f 3816 3817 3868 3867
f 3817 3818 3869 3868
f 3818 3819 3870 3869
f 3819 3820 3871 3870
f 3820 3821 3872 3871
f 3821 3822 3873 3872
f 3822 3823 3874 3873
f 3823 3824 3875 3874
f 3824 3825 3876 3875
f 3825 3826 3877 3876
f 3826 3827 3878 3877
f 3827 3828 3879 3878
f 3828 3829 3880 3879
f 3830 3831 3882 3881
f 3831 3832 3883 3882
f 3832 3833 3884 3883
f 3833 3834 3885 3884
f 3834 3835 3886 3885
f 3835 3836 3887 3886
f 3836 3837 3888 3887
f 3837 3838 3889 3888
f 3838 3839 3890 3889
f 3839 3840 3891 3890
f 3840 3841 3892 3891
f 3841 3842 3893 3892
f 3842 3843 3894 3893
f 3843 3844 3895 3894
f 3844 3845 3896 3895
f 3845 3846 3897 3896
f 3846 3847 3898 3897
f 3847 3848 3899 3898
f 3848 3849 3900 3899
f 3849 3850 3901 3900
f 3850 3851 3902 3901
f 3851 3852 3903 3902
f 3852 3853 3904 3903
f 3853 3854 3905 3904
f 3854 3855 3906 3905
f 3855 3856 3907 3906
f 3856 3857 3908 3907
f 3857 3858 3909 3908
f 3858 3859 3910 3909
f 3859 3860 3911 3910
f 3860 3861 3912 3911
f 3861 3862 3913 3912
f 3862 3863 3914 3913
f 3863 3864 3915 3914
f 3864 3865 3916 3915
f 3865 3866 3917 3916
f 3866 3867 3918 3917
f 3867 3868 3919 3918
f 3868 3869 3920 3919
f 3869 3870 3921 3920
f 3870 3871 3922 3921
f 3871 3872 3923 3922
f 3872 3873 3924 3923
f 3873 3874 3925 3924
f 3874 3875 3926 3925
f 3875 3876 3927 3926
f 3876 3877 3928 3927
f 3877 3878 3929 3928
f 3878 3879 3930 3929
f 3879 3880 3931 3930
f 3881 3882 3933 3932
f 3882 3883 3934 3933
f 3883 3884 3935 3934
f 3884 3885 3936 3935
f 3885 3886 3937 3936
f 3886 3887 3938 3937
f 3887 3888 3939 3938
f 3888 3889 3940 3939
f 3889 3890 3941 3940
f 3890 3891 3942 3941
f 3891 3892 3943 3942
f 3892 3893 3944 3943
f 3893 3894 3945 3944
f 3894 3895 3946 3945
f 3895 3896 3947 3946
f 3896 3897 3948 3947
f 3897 3898 3949 3948
f 3898 3899 3950 3949
f 3899 3900 3951 3950
f 3900 3901 3952 3951
f 3901 3902 3953 3952
f 3902 3903 3954 3953
f 3903 3904 3955 3954
f 3904 3905 3956 3955
f 3905 3906 3957 3956
f 3906 3907 3958 3957
f 3907 3908 3959 3958
f 3908 3909 3960 3959
f 3909 3910 3961 3960
f 3910 3911 3962 3961
f 3911 3912 3963 3962
f 3912 3913 3964 3963
f 3913 3914 3965 3964
f 3914 3915 3966 3965
f 3915 3916 3967 3966
f 3916 3917 3968 3967
f 3917 3918 3969 3968
f 3918 3919 3970 3969
f 3919 3920 3971 3970
f 3920 3921 3972 3971
f 3921 3922 3973 3972
f 3922 3923 3974 3973
f 3923 3924 3975 3974
f 3924 3925 3976 3975
f 3925 3926 3977 3976
f 3926 3927 3978 3977
f 3927 3928 3979 3978
f 3928 3929 3980 3979
f 3929 3930 3981 3980
f 3930 3931 3982 3981
f 3932 3933 3984 3983
f 3933 3934 3985 3984
f 3934 3935 3986 3985
f 3935 3936 3987 3986
f 3936 3937 3988 3987
f 3937 3938 3989 3988
f 3938 3939 3990 3989
f 3939 3940 3991 3990
f 3940 3941 3992 3991
f 3941 3942 3993 3992
f 3942 3943 3994 3993
f 3943 3944 3995 3994
f 3944 3945 3996 3995
f 3945 3946 3997 3996
f 3946 3947 3998 3997
f 3947 3948 3999 3998
f 3948 3949 4000 3999
f 3949 3950 4001 4000
f 3950 3951 4002 4001
f 3951 3952 4003 4002
f 3952 3953 4004 4003
f 3953 3954 4005 4004
f 3954 3955 4006 4005
f 3955 3956 4007 4006
f 3956 3957 4008 4007
f 3957 3958 4009 4008
f 3958 3959 4010 4009
f 3959 3960 4011 4010
f 3960 3961 4012 4011
f 3961 3962 4013 4012
f 3962 3963 4014 4013
f 3963 3964 4015 4014
f 3964 3965 4016 4015
f 3965 3966 4017 4016
f 3966 3967 4018 4017
f 3967 3968 4019 4018
f 3968 3969 4020 4019
f 3969 3970 4021 4020
f 3970 3971 4022 4021
f 3971 3972 4023 4022
f 3972 3973 4024 4023
f 3973 3974 4025 4024
f 3974 3975 4026 4025
f 3975 3976 4027 4026
f 3976 3977 4028 4027
f 3977 3978 4029 4028
f 3978 3979 4030 4029
f 3979 3980 4031 4030
f 3980 3981 4032 4031
f 3981 3982 4033 4032
f 3983 3984 4035 4034
f 3984 3985 4036 4035
f 3985 3986 4037 4036
f 3986 3987 4038 4037
f 3987 3988 4039 4038
f 3988 3989 4040 4039
f 3989 3990 4041 4040
f 3990 3991 4042 4041
f 3991 3992 4043 4042
f 3992 3993 4044 4043
f 3993 3994 4045 4044
f 3994 3995 4046 4045
f 3995 3996 4047 4046
f 3996 3997 4048 4047
f 3997 3998 4049 4048
f 3998 3999 4050 4049
f 3999 4000 4051 4050
f 4000 4001 4052 4051
f 4001 4002 4053 4052
f 4002 4003 4054 4053
f 4003 4004 4055 4054
f 4004 4005 4056 4055
f 4005 4006 4057 4056
f 4006 4007 4058 4057
f 4007 4008 4059 4058
f 4008 4009 4060 4059
f 4009 4010 4061 4060
f 4010 4011 4062 4061
f 4011 4012 4063 4062
f 4012 4013 4064 4063
f 4013 4014 4065 4064
f 4014 4015 4066 4065
f 4015 4016 4067 4066
f 4016 4017 4068 4067
f 4017 4018 4069 4068
f 4018 4019 4070 4069
f 4019 4020 4071 4070
f 4020 4021 4072 4071
f 4021 4022 4073 4072
f 4022 4023 4074 4073
f 4023 4024 4075 4074
f 4024 4025 4076 4075
f 4025 4026 4077 4076
f 4026 4027 4078 4077
f 4027 4028 4079 4078
f 4028 4029 4080 4079
f 4029 4030 4081 4080
f 4030 4031 4082 4081
f 4031 4032 4083 4082
f 4032 4033 4084 4083
f 4034 4035 4086 4085
f 4035 4036 4087 4086
f 4036 4037 4088 4087
f 4037 4038 4089 4088
f 4038 4039 4090 4089
f 4039 4040 4091 4090
f 4040 4041 4092 4091
f 4041 4042 4093 4092
f 4042 4043 4094 4093
f 4043 4044 4095 4094
f 4044 4045 4096 4095
f 4045 4046 4097 4096
f 4046 4047 4098 4097
f 4047 4048 4099 4098
f 4048 4049 4100 4099
f 4049 4050 4101 4100
f 4050 4051 4102 4101
f 4051 4052 4103 4102
f 4052 4053 4104 4103
f 4053 4054 4105 4104
f 4054 4055 4106 4105
f 4055 4056 4107 4106
f 4056 4057 4108 4107
f 4057 4058 4109 4108
f 4058 4059 4110 4109
f 4059 4060 4111 4110
f 4060 4061 4112 4111
f 4061 4062 4113 4112
f 4062 4063 4114 4113
f 4063 4064 4115 4114
f 4064 4065 4116 4115
f 4065 4066 4117 4116
f 4066 4067 4118 4117
f 4067 4068 4119 4118
f 4068 4069 4120 4119
f 4069 4070 4121 4120
f 4070 4071 4122 4121
f 4071 4072 4123 4122
f 4072 4073 4124 4123
f 4073 4074 4125 4124
f 4074 4075 4126 4125
f 4075 4076 4127 4126
f 4076 4077 4128 4127
f 4077 4078 4129 4128
f 4078 4079 4130 4129
f 4079 4080 4131 4130
f 4080 4081 4132 4131
f 4081 4082 4133 4132
f 4082 4083 4134 4133
f 4083 4084 4135 4134
f 4085 4086 4137 4136
f 4086 4087 4138 4137
f 4087 4088 4139 4138
f 4088 4089 4140 4139
f 4089 4090 4141 4140
f 4090 4091 4142 4141
f 4091 4092 4143 4142
f 4092 4093 4144 4143
f 4093 4094 4145 4144
f 4094 4095 4146 4145
f 4095 4096 4147 4146
f 4096 4097 4148 4147
f 4097 4098 4149 4148
f 4098 4099 4150 4149
f 4099 4100 4151 4150
f 4100 4101 4152 4151
f 4101 4102 4153 4152
f 4102 4103 4154 4153
f 4103 4104 4155 4154
f 4104 4105 4156 4155
f 4105 4106 4157 4156
f 4106 4107 4158 4157
f 4107 4108 4159 4158
f 4108 4109 4160 4159
f 4109 4110 4161 4160
f 4110 4111 4162 4161
f 4111 4112 4163 4162
f 4112 4113 4164 4163
f 4113 4114 4165 4164
f 4114 4115 4166 4165
f 4115 4116 4167 4166
f 4116 4117 4168 4167
f 4117 4118 4169 4168
f 4118 4119 4170 4169
f 4119 4120 4171 4170
f 4120 4121 4172 4171
f 4121 4122 4173 4172
f 4122 4123 4174 4173
f 4123 4124 4175 4174
f 4124 4125 4176 4175
f 4125 4126 4177 4176
f 4126 4127 4178 4177
f 4127 4128 4179 4178
f 4128 4129 4180 4179
f 4129 4130 4181 4180
f 4130 4131 4182 4181
f 4131 4132 4183 4182
f 4132 4133 4184 4183
f 4133 4134 4185 4184
f 4134 4135 4186 4185
f 4136 4137 4188 4187
f 4137 4138 4189 4188
f 4138 4139 4190 4189
f 4139 4140 4191 4190
f 4140 4141 4192 4191
f 4141 4142 4193 4192
f 4142 4143 4194 4193
f 4143 4144 4195 4194
f 4144 4145 4196 4195
f 4145 4146 4197 4196
f 4146 4147 4198 4197
f 4147 4148 4199 4198
f 4148 4149 4200 4199
f 4149 4150 4201 4200
f 4150 4151 4202 4201
f 4151 4152 4203 4202
f 4152 4153 4204 4203
f 4153 4154 4205 4204
f 4154 4155 4206 4205
f 4155 4156 4207 4206
f 4156 4157 4208 4207
f 4157 4158 4209 4208
f 4158 4159 4210 4209
f 4159 4160 4211 4210
f 4160 4161 4212 4211
f 4161 4162 4213 4212
f 4162 4163 4214 4213
f 4163 4164 4215 4214
f 4164 4165 4216 4215
f 4165 4166 4217 4216
f 4166 4167 4218 4217
f 4167 4168 4219 4218
f 4168 4169 4220 4219
f 4169 4170 4221 4220
f 4170 4171 4222 4221
f 4171 4172 4223 4222
f 4172 4173 4224 4223
f 4173 4174 4225 4224
f 4174 4175 4226 4225
f 4175 4176 4227 4226
f 4176 4177 4228 4227
f 4177 4178 4229 4228
f 4178 4179 4230 4229
f 4179 4180 4231 4230
f 4180 4181 4232 4231
f 4181 4182 4233 4232
f 4182 4183 4234 4233
f 4183 4184 4235 4234
f 4184 4185 4236 4235
f 4185 4186 4237 4236
f 4187 4188 4239 4238
f 4188 4189 4240 4239
f 4189 4190 4241 4240
f 4190 4191 4242 4241
f 4191 4192 4243 4242
f 4192 4193 4244 4243
f 4193 4194 4245 4244
f 4194 4195 4246 4245
f 4195 4196 4247 4246
f 4196 4197 4248 4247
f 4197 4198 4249 4248
f 4198 4199 4250 4249
f 4199 4200 4251 4250
f 4200 4201 4252 4251
f 4201 4202 4253 4252
f 4202 4203 4254 4253
f 4203 4204 4255 4254
f 4204 4205 4256 4255
f 4205 4206 4257 4256
f 4206 4207 4258 4257
f 4207 4208 4259 4258
f 4208 4209 4260 4259
f 4209 4210 4261 4260
f 4210 4211 4262 4261
f 4211 4212 4263 4262
f 4212 4213 4264 4263
f 4213 4214 4265 4264
f 4214 4215 4266 4265
f 4215 4216 4267 4266
f 4216 4217 4268 4267
f 4217 4218 4269 4268
f 4218 4219 4270 4269
f 4219 4220 4271 4270
f 4220 4221 4272 4271
f 4221 4222 4273 4272
f 4222 4223 4274 4273
f 4223 4224 4275 4274
f 4224 4225 4276 4275
f 4225 4226 4277 4276
f 4226 4227 4278 4277
f 4227 4228 4279 4278
f 4228 4229 4280 4279
f 4229 4230 4281 4280
f 4230 4231 4282 4281
f 4231 4232 4283 4282
f 4232 4233 4284 4283
f 4233 4234 4285 4284
f 4234 4235 4286 4285
f 4235 4236 4287 4286
f 4236 4237 4288 4287
f 4238 4239 4290 4289
f 4239 4240 4291 4290
f 4240 4241 4292 4291
f 4241 4242 4293 4292
f 4242 4243 4294 4293
f 4243 4244 4295 4294
f 4244 4245 4296 4295
f 4245 4246 4297 4296
f 4246 4247 4298 4297
f 4247 4248 4299 4298
f 4248 4249 4300 4299
f 4249 4250 4301 4300
f 4250 4251 4302 4301
f 4251 4252 4303 4302
f 4252 4253 4304 4303
f 4253 4254 4305 4304
f 4254 4255 4306 4305
f 4255 4256 4307 4306
f 4256 4257 4308 4307
f 4257 4258 4309 4308
f 4258 4259 4310 4309
f 4259 4260 4311 4310
f 4260 4261 4312 4311
f 4261 4262 4313 4312
f 4262 4263 4314 4313
f 4263 4264 4315 4314
f 4264 4265 4316 4315
f 4265 4266 4317 4316
f 4266 4267 4318 4317
f 4267 4268 4319 4318
f 4268 4269 4320 4319
f 4269 4270 4321 4320
f 4270 4271 4322 4321
f 4271 4272 4323 4322
f 4272 4273 4324 4323
f 4273 4274 4325 4324
f 4274 4275 4326 4325
f 4275 4276 4327 4326
f 4276 4277 4328 4327
f 4277 4278 4329 4328
f 4278 4279 4330 4329
f 4279 4280 4331 4330
f 4280 4281 4332 4331
f 4281 4282 4333 4332
f 4282 4283 4334 4333
f 4283 4284 4335 4334
f 4284 4285 4336 4335
f 4285 4286 4337 4336
f 4286 4287 4338 4337
f 4287 4288 4339 4338
f 4289 4290 4341 4340
f 4290 4291 4342 4341
f 4291 4292 4343 4342
f 4292 4293 4344 4343
f 4293 4294 4345 4344
f 4294 4295 4346 4345
f 4295 4296 4347 4346
f 4296 4297 4348 4347
f 4297 4298 4349 4348
f 4298 4299 4350 4349
f 4299 4300 4351 4350
f 4300 4301 4352 4351
f 4301 4302 4353 4352
f 4302 4303 4354 4353
f 4303 4304 4355 4354
f 4304 4305 4356 4355
f 4305 4306 4357 4356
f 4306 4307 4358 4357
f 4307 4308 4359 4358
f 4308 4309 4360 4359
f 4309 4310 4361 4360
f 4310 4311 4362 4361
f 4311 4312 4363 4362
f 4312 4313 4364 4363
f 4313 4314 4365 4364
f 4314 4315 4366 4365
f 4315 4316 4367 4366
f 4316 4317 4368 4367
f 4317 4318 4369 4368
f 4318 4319 4370 4369
f 4319 4320 4371 4370
f 4320 4321 4372 4371
f 4321 4322 4373 4372
f 4322 4323 4374 4373
f 4323 4324 4375 4374
f 4324 4325 4376 4375
f 4325 4326 4377 4376
f 4326 4327 4378 4377
f 4327 4328 4379 4378
f 4328 4329 4380 4379
f 4329 4330 4381 4380
f 4330 4331 4382 4381
f 4331 4332 4383 4382
f 4332 4333 4384 4383
f 4333 4334 4385 4384
f 4334 4335 4386 4385
f 4335 4336 4387 4386
f 4336 4337 4388 4387
f 4337 4338 4389 4388
f 4338 4339 4390 4389
o block_top_B
v 0 0 0
v 9.5 0 0
v 9.5 6.0 0
v 0 6.0 0
f 4391 4392 4393 4394
