0
SECTION
2
ENTITIES
0
3DFACE
8
C2
10
0.000
20
0.000
30
-356.7095
11
10.000
21
0.000
31
-356.8412
12
10.000
22
10.000
32
-353.4881
13
0.000
23
10.000
33
-353.2113
0
3DFACE
8
C2
10
10.000
20
0.000
30
-356.8412
11
20.000
21
0.000
31
-354.0620
12
20.000
22
10.000
32
-351.2493
13
10.000
23
10.000
33
-353.4881
0
3DFACE
8
C2
10
20.000
20
0.000
30
-354.0620
11
30.000
21
0.000
31
-353.6213
12
30.000
22
10.000
32
-350.9958
13
20.000
23
10.000
33
-351.2493
0
3DFACE
8
C2
10
30.000
20
0.000
30
-353.6213
11
40.000
21
0.000
31
-353.2313
12
40.000
22
10.000
32
-350.8166
13
30.000
23
10.000
33
-350.9958
0
3DFACE
8
C2
10
40.000
20
0.000
30
-353.2313
11
50.000
21
0.000
31
-352.3488
12
50.000
22
10.000
32
-350.0050
13
40.000
23
10.000
33
-350.8166
0
3DFACE
8
C2
10
50.000
20
0.000
30
-352.3488
11
60.000
21
0.000
31
-350.9986
12
60.000
22
10.000
32
-348.5761
13
50.000
23
10.000
33
-350.0050
0
3DFACE
8
C2
10
60.000
20
0.000
30
-350.9986
11
70.000
21
0.000
31
-347.6400
12
70.000
22
10.000
32
-345.4025
13
60.000
23
10.000
33
-348.5761
0
3DFACE
8
C2
10
70.000
20
0.000
30
-347.6400
11
80.000
21
0.000
31
-346.5161
12
80.000
22
10.000
32
-344.3941
13
70.000
23
10.000
33
-345.4025
0
3DFACE
8
C2
10
80.000
20
0.000
30
-346.5161
11
90.000
21
0.000
31
-348.1114
12
90.000
22
10.000
32
-345.7214
13
80.000
23
10.000
33
-344.3941
0
3DFACE
8
C2
10
90.000
20
0.000
30
-348.1114
11
100.000
21
0.000
31
-347.1267
12
100.000
22
10.000
32
-344.7413
13
90.000
23
10.000
33
-345.7214
0
3DFACE
8
C2
10
100.000
20
0.000
30
-347.1267
11
110.000
21
0.000
31
-345.8095
12
110.000
22
10.000
32
-343.3032
13
100.000
23
10.000
33
-344.7413
0
3DFACE
8
C2
10
110.000
20
0.000
30
-345.8095
11
120.000
21
0.000
31
-340.4297
12
120.000
22
10.000
32
-338.2986
13
110.000
23
10.000
33
-343.3032
0
3DFACE
8
C2
10
120.000
20
0.000
30
-340.4297
11
130.000
21
0.000
31
-339.0809
12
130.000
22
10.000
32
-336.8455
13
120.000
23
10.000
33
-338.2986
0
3DFACE
8
C2
10
130.000
20
0.000
30
-339.0809
11
140.000
21
0.000
31
-339.7492
12
140.000
22
10.000
32
-337.3920
13
130.000
23
10.000
33
-336.8455
0
3DFACE
8
C2
10
140.000
20
0.000
30
-339.7492
11
150.000
21
0.000
31
-338.8984
12
150.000
22
10.000
32
-336.8331
13
140.000
23
10.000
33
-337.3920
0
3DFACE
8
C2
10
150.000
20
0.000
30
-338.8984
11
160.000
21
0.000
31
-338.4944
12
160.000
22
10.000
32
-336.7941
13
150.000
23
10.000
33
-336.8331
0
3DFACE
8
C2
10
160.000
20
0.000
30
-338.4944
11
170.000
21
0.000
31
-339.5020
12
170.000
22
10.000
32
-338.1951
13
160.000
23
10.000
33
-336.7941
0
3DFACE
8
C2
10
170.000
20
0.000
30
-339.5020
11
180.000
21
0.000
31
-339.6256
12
180.000
22
10.000
32
-338.7505
13
170.000
23
10.000
33
-338.1951
0
3DFACE
8
C2
10
180.000
20
0.000
30
-339.6256
11
190.000
21
0.000
31
-343.6620
12
190.000
22
10.000
32
-342.6407
13
180.000
23
10.000
33
-338.7505
0
3DFACE
8
C2
10
190.000
20
0.000
30
-343.6620
11
200.000
21
0.000
31
-343.5580
12
200.000
22
10.000
32
-342.8688
13
190.000
23
10.000
33
-342.6407
0
3DFACE
8
C2
10
200.000
20
0.000
30
-343.5580
11
210.000
21
0.000
31
-342.9720
12
210.000
22
10.000
32
-342.4807
13
200.000
23
10.000
33
-342.8688
0
3DFACE
8
C2
10
210.000
20
0.000
30
-342.9720
11
220.000
21
0.000
31
-342.6114
12
220.000
22
10.000
32
-342.1531
13
210.000
23
10.000
33
-342.4807
0
3DFACE
8
C2
10
220.000
20
0.000
30
-342.6114
11
230.000
21
0.000
31
-340.8608
12
230.000
22
10.000
32
-340.3576
13
220.000
23
10.000
33
-342.1531
0
3DFACE
8
C2
10
230.000
20
0.000
30
-340.8608
11
240.000
21
0.000
31
-337.5237
12
240.000
22
10.000
32
-337.0183
13
230.000
23
10.000
33
-340.3576
0
3DFACE
8
C2
10
240.000
20
0.000
30
-337.5237
11
250.000
21
0.000
31
-335.0999
12
250.000
22
10.000
32
-334.6417
13
240.000
23
10.000
33
-337.0183
0
3DFACE
8
C2
10
250.000
20
0.000
30
-335.0999
11
260.000
21
0.000
31
-332.7108
12
260.000
22
10.000
32
-332.3756
13
250.000
23
10.000
33
-334.6417
0
3DFACE
8
C2
10
260.000
20
0.000
30
-332.7108
11
270.000
21
0.000
31
-330.8504
12
270.000
22
10.000
32
-330.7124
13
260.000
23
10.000
33
-332.3756
0
3DFACE
8
C2
10
270.000
20
0.000
30
-330.8504
11
280.000
21
0.000
31
-328.9477
12
280.000
22
10.000
32
-328.8669
13
270.000
23
10.000
33
-330.7124
0
3DFACE
8
C2
10
280.000
20
0.000
30
-328.9477
11
290.000
21
0.000
31
-326.4987
12
290.000
22
10.000
32
-326.3948
13
280.000
23
10.000
33
-328.8669
0
3DFACE
8
C2
10
290.000
20
0.000
30
-326.4987
11
300.000
21
0.000
31
-324.9410
12
300.000
22
10.000
32
-324.8314
13
290.000
23
10.000
33
-326.3948
0
3DFACE
8
C2
10
300.000
20
0.000
30
-324.9410
11
310.000
21
0.000
31
-323.6899
12
310.000
22
10.000
32
-323.6045
13
300.000
23
10.000
33
-324.8314
0
3DFACE
8
C2
10
310.000
20
0.000
30
-323.6899
11
320.000
21
0.000
31
-323.5969
12
320.000
22
10.000
32
-323.4529
13
310.000
23
10.000
33
-323.6045
0
3DFACE
8
C2
10
320.000
20
0.000
30
-323.5969
11
330.000
21
0.000
31
-322.2793
12
330.000
22
10.000
32
-322.1803
13
320.000
23
10.000
33
-323.4529
0
3DFACE
8
C2
10
330.000
20
0.000
30
-322.2793
11
340.000
21
0.000
31
-320.2106
12
340.000
22
10.000
32
-320.1300
13
330.000
23
10.000
33
-322.1803
0
3DFACE
8
C2
10
340.000
20
0.000
30
-320.2106
11
350.000
21
0.000
31
-318.1908
12
350.000
22
10.000
32
-318.2218
13
340.000
23
10.000
33
-320.1300
0
3DFACE
8
C2
10
350.000
20
0.000
30
-318.1908
11
360.000
21
0.000
31
-315.9624
12
360.000
22
10.000
32
-316.1602
13
350.000
23
10.000
33
-318.2218
0
3DFACE
8
C2
10
360.000
20
0.000
30
-315.9624
11
370.000
21
0.000
31
-314.6694
12
370.000
22
10.000
32
-314.8658
13
360.000
23
10.000
33
-316.1602
0
3DFACE
8
C2
10
370.000
20
0.000
30
-314.6694
11
380.000
21
0.000
31
-311.8849
12
380.000
22
10.000
32
-312.3257
13
370.000
23
10.000
33
-314.8658
0
3DFACE
8
C2
10
380.000
20
0.000
30
-311.8849
11
390.000
21
0.000
31
-308.3138
12
390.000
22
10.000
32
-309.1084
13
380.000
23
10.000
33
-312.3257
0
3DFACE
8
C2
10
390.000
20
0.000
30
-308.3138
11
400.000
21
0.000
31
-306.2731
12
400.000
22
10.000
32
-307.3874
13
390.000
23
10.000
33
-309.1084
0
3DFACE
8
C2
10
400.000
20
0.000
30
-306.2731
11
410.000
21
0.000
31
-304.8423
12
410.000
22
10.000
32
-306.3458
13
400.000
23
10.000
33
-307.3874
0
3DFACE
8
C2
10
410.000
20
0.000
30
-304.8423
11
420.000
21
0.000
31
-307.2578
12
420.000
22
10.000
32
-308.5887
13
410.000
23
10.000
33
-306.3458
0
3DFACE
8
C2
10
420.000
20
0.000
30
-307.2578
11
430.000
21
0.000
31
-306.8906
12
430.000
22
10.000
32
-308.4481
13
420.000
23
10.000
33
-308.5887
0
3DFACE
8
C2
10
430.000
20
0.000
30
-306.8906
11
440.000
21
0.000
31
-305.6343
12
440.000
22
10.000
32
-307.4994
13
430.000
23
10.000
33
-308.4481
0
3DFACE
8
C2
10
440.000
20
0.000
30
-305.6343
11
450.000
21
0.000
31
-305.8293
12
450.000
22
10.000
32
-307.6855
13
440.000
23
10.000
33
-307.4994
0
3DFACE
8
C2
10
450.000
20
0.000
30
-305.8293
11
460.000
21
0.000
31
-305.8272
12
460.000
22
10.000
32
-307.6579
13
450.000
23
10.000
33
-307.6855
0
3DFACE
8
C2
10
460.000
20
0.000
30
-305.8272
11
470.000
21
0.000
31
-307.6421
12
470.000
22
10.000
32
-309.1015
13
460.000
23
10.000
33
-307.6579
0
3DFACE
8
C2
10
470.000
20
0.000
30
-307.6421
11
480.000
21
0.000
31
-307.0342
12
480.000
22
10.000
32
-308.3014
13
470.000
23
10.000
33
-309.1015
0
3DFACE
8
C2
10
480.000
20
0.000
30
-307.0342
11
490.000
21
0.000
31
-302.7673
12
490.000
22
10.000
32
-304.2718
13
480.000
23
10.000
33
-308.3014
0
3DFACE
8
C2
10
490.000
20
0.000
30
-302.7673
11
500.000
21
0.000
31
-301.4601
12
500.000
22
10.000
32
-302.6060
13
490.000
23
10.000
33
-304.2718
0
3DFACE
8
C2
10
500.000
20
0.000
30
-301.4601
11
510.000
21
0.000
31
-300.0325
12
510.000
22
10.000
32
-300.7990
13
500.000
23
10.000
33
-302.6060
0
3DFACE
8
C2
10
510.000
20
0.000
30
-300.0325
11
520.000
21
0.000
31
-297.7374
12
520.000
22
10.000
32
-298.2463
13
510.000
23
10.000
33
-300.7990
0
3DFACE
8
C2
10
520.000
20
0.000
30
-297.7374
11
530.000
21
0.000
31
-296.3684
12
530.000
22
10.000
32
-296.5296
13
520.000
23
10.000
33
-298.2463
0
3DFACE
8
C2
10
530.000
20
0.000
30
-296.3684
11
540.000
21
0.000
31
-292.7307
12
540.000
22
10.000
32
-292.9296
13
530.000
23
10.000
33
-296.5296
0
3DFACE
8
C2
10
540.000
20
0.000
30
-292.7307
11
550.000
21
0.000
31
-291.1651
12
550.000
22
10.000
32
-291.2223
13
540.000
23
10.000
33
-292.9296
0
3DFACE
8
C2
10
550.000
20
0.000
30
-291.1651
11
560.000
21
0.000
31
-289.8830
12
560.000
22
10.000
32
-289.9172
13
550.000
23
10.000
33
-291.2223
0
3DFACE
8
C2
10
560.000
20
0.000
30
-289.8830
11
570.000
21
0.000
31
-289.2847
12
570.000
22
10.000
32
-289.3074
13
560.000
23
10.000
33
-289.9172
0
3DFACE
8
C2
10
570.000
20
0.000
30
-289.2847
11
580.000
21
0.000
31
-288.1302
12
580.000
22
10.000
32
-288.4140
13
570.000
23
10.000
33
-289.3074
0
3DFACE
8
C2
10
580.000
20
0.000
30
-288.1302
11
590.000
21
0.000
31
-287.8269
12
590.000
22
10.000
32
-288.3010
13
580.000
23
10.000
33
-288.4140
0
3DFACE
8
C2
10
590.000
20
0.000
30
-287.8269
11
600.000
21
0.000
31
-286.5138
12
600.000
22
10.000
32
-287.2185
13
590.000
23
10.000
33
-288.3010
0
3DFACE
8
C2
10
600.000
20
0.000
30
-286.5138
11
610.000
21
0.000
31
-285.2714
12
610.000
22
10.000
32
-286.0381
13
600.000
23
10.000
33
-287.2185
0
3DFACE
8
C2
10
610.000
20
0.000
30
-285.2714
11
620.000
21
0.000
31
-283.6516
12
620.000
22
10.000
32
-284.3444
13
610.000
23
10.000
33
-286.0381
0
3DFACE
8
C2
10
620.000
20
0.000
30
-283.6516
11
630.000
21
0.000
31
-282.6205
12
630.000
22
10.000
32
-283.2919
13
620.000
23
10.000
33
-284.3444
0
3DFACE
8
C2
10
630.000
20
0.000
30
-282.6205
11
640.000
21
0.000
31
-281.5269
12
640.000
22
10.000
32
-282.3682
13
630.000
23
10.000
33
-283.2919
0
3DFACE
8
C2
10
640.000
20
0.000
30
-281.5269
11
650.000
21
0.000
31
-281.6054
12
650.000
22
10.000
32
-282.5321
13
640.000
23
10.000
33
-282.3682
0
3DFACE
8
C2
10
650.000
20
0.000
30
-281.6054
11
660.000
21
0.000
31
-282.0387
12
660.000
22
10.000
32
-283.1534
13
650.000
23
10.000
33
-282.5321
0
3DFACE
8
C2
10
660.000
20
0.000
30
-282.0387
11
670.000
21
0.000
31
-284.9410
12
670.000
22
10.000
32
-285.9046
13
660.000
23
10.000
33
-283.1534
0
3DFACE
8
C2
10
670.000
20
0.000
30
-284.9410
11
680.000
21
0.000
31
-288.0358
12
680.000
22
10.000
32
-288.9145
13
670.000
23
10.000
33
-285.9046
0
3DFACE
8
C2
10
680.000
20
0.000
30
-288.0358
11
690.000
21
0.000
31
-291.6243
12
690.000
22
10.000
32
-292.4882
13
680.000
23
10.000
33
-288.9145
0
3DFACE
8
C2
10
690.000
20
0.000
30
-291.6243
11
700.000
21
0.000
31
-294.6837
12
700.000
22
10.000
32
-295.4469
13
690.000
23
10.000
33
-292.4882
0
3DFACE
8
C2
10
0.000
20
10.000
30
-353.2113
11
10.000
21
10.000
31
-353.4881
12
10.000
22
20.000
32
-351.1739
13
0.000
23
20.000
33
-350.8497
0
3DFACE
8
C2
10
10.000
20
10.000
30
-353.4881
11
20.000
21
10.000
31
-351.2493
12
20.000
22
20.000
32
-349.5423
13
10.000
23
20.000
33
-351.1739
0
3DFACE
8
C2
10
20.000
20
10.000
30
-351.2493
11
30.000
21
10.000
31
-350.9958
12
30.000
22
20.000
32
-349.3489
13
20.000
23
20.000
33
-349.5423
0
3DFACE
8
C2
10
30.000
20
10.000
30
-350.9958
11
40.000
21
10.000
31
-350.8166
12
40.000
22
20.000
32
-349.2296
13
30.000
23
20.000
33
-349.3489
0
3DFACE
8
C2
10
40.000
20
10.000
30
-350.8166
11
50.000
21
10.000
31
-350.0050
12
50.000
22
20.000
32
-348.4780
13
40.000
23
20.000
33
-349.2296
0
3DFACE
8
C2
10
50.000
20
10.000
30
-350.0050
11
60.000
21
10.000
31
-348.5761
12
60.000
22
20.000
32
-347.1139
13
50.000
23
20.000
33
-348.4780
0
3DFACE
8
C2
10
60.000
20
10.000
30
-348.5761
11
70.000
21
10.000
31
-345.4025
12
70.000
22
20.000
32
-344.0971
13
60.000
23
20.000
33
-347.1139
0
3DFACE
8
C2
10
70.000
20
10.000
30
-345.4025
11
80.000
21
10.000
31
-344.3941
12
80.000
22
20.000
32
-343.2061
13
70.000
23
20.000
33
-344.0971
0
3DFACE
8
C2
10
80.000
20
10.000
30
-344.3941
11
90.000
21
10.000
31
-345.7214
12
90.000
22
20.000
32
-344.0911
13
80.000
23
20.000
33
-343.2061
0
3DFACE
8
C2
10
90.000
20
10.000
30
-345.7214
11
100.000
21
10.000
31
-344.7413
12
100.000
22
20.000
32
-343.2159
13
90.000
23
20.000
33
-344.0911
0
3DFACE
8
C2
10
100.000
20
10.000
30
-344.7413
11
110.000
21
10.000
31
-343.3032
12
110.000
22
20.000
32
-341.8827
13
100.000
23
20.000
33
-343.2159
0
3DFACE
8
C2
10
110.000
20
10.000
30
-343.3032
11
120.000
21
10.000
31
-338.2986
12
120.000
22
20.000
32
-337.1557
13
110.000
23
20.000
33
-341.8827
0
3DFACE
8
C2
10
120.000
20
10.000
30
-338.2986
11
130.000
21
10.000
31
-336.8455
12
130.000
22
20.000
32
-335.8027
13
120.000
23
20.000
33
-337.1557
0
3DFACE
8
C2
10
130.000
20
10.000
30
-336.8455
11
140.000
21
10.000
31
-337.3920
12
140.000
22
20.000
32
-336.4009
13
130.000
23
20.000
33
-335.8027
0
3DFACE
8
C2
10
140.000
20
10.000
30
-337.3920
11
150.000
21
10.000
31
-336.8331
12
150.000
22
20.000
32
-335.8827
13
140.000
23
20.000
33
-336.4009
0
3DFACE
8
C2
10
150.000
20
10.000
30
-336.8331
11
160.000
21
10.000
31
-336.7941
12
160.000
22
20.000
32
-335.8286
13
150.000
23
20.000
33
-335.8827
0
3DFACE
8
C2
10
160.000
20
10.000
30
-336.7941
11
170.000
21
10.000
31
-338.1951
12
170.000
22
20.000
32
-337.4023
13
160.000
23
20.000
33
-335.8286
0
3DFACE
8
C2
10
170.000
20
10.000
30
-338.1951
11
180.000
21
10.000
31
-338.7505
12
180.000
22
20.000
32
-337.8432
13
170.000
23
20.000
33
-337.4023
0
3DFACE
8
C2
10
180.000
20
10.000
30
-338.7505
11
190.000
21
10.000
31
-342.6407
12
190.000
22
20.000
32
-341.3958
13
180.000
23
20.000
33
-337.8432
0
3DFACE
8
C2
10
190.000
20
10.000
30
-342.6407
11
200.000
21
10.000
31
-342.8688
12
200.000
22
20.000
32
-341.4293
13
190.000
23
20.000
33
-341.3958
0
3DFACE
8
C2
10
200.000
20
10.000
30
-342.8688
11
210.000
21
10.000
31
-342.4807
12
210.000
22
20.000
32
-340.9035
13
200.000
23
20.000
33
-341.4293
0
3DFACE
8
C2
10
210.000
20
10.000
30
-342.4807
11
220.000
21
10.000
31
-342.1531
12
220.000
22
20.000
32
-340.7067
13
210.000
23
20.000
33
-340.9035
0
3DFACE
8
C2
10
220.000
20
10.000
30
-342.1531
11
230.000
21
10.000
31
-340.3576
12
230.000
22
20.000
32
-338.9472
13
220.000
23
20.000
33
-340.7067
0
3DFACE
8
C2
10
230.000
20
10.000
30
-340.3576
11
240.000
21
10.000
31
-337.0183
12
240.000
22
20.000
32
-335.4885
13
230.000
23
20.000
33
-338.9472
0
3DFACE
8
C2
10
240.000
20
10.000
30
-337.0183
11
250.000
21
10.000
31
-334.6417
12
250.000
22
20.000
32
-333.2731
13
240.000
23
20.000
33
-335.4885
0
3DFACE
8
C2
10
250.000
20
10.000
30
-334.6417
11
260.000
21
10.000
31
-332.3756
12
260.000
22
20.000
32
-331.1719
13
250.000
23
20.000
33
-333.2731
0
3DFACE
8
C2
10
260.000
20
10.000
30
-332.3756
11
270.000
21
10.000
31
-330.7124
12
270.000
22
20.000
32
-329.8760
13
260.000
23
20.000
33
-331.1719
0
3DFACE
8
C2
10
270.000
20
10.000
30
-330.7124
11
280.000
21
10.000
31
-328.8669
12
280.000
22
20.000
32
-328.1082
13
270.000
23
20.000
33
-329.8760
0
3DFACE
8
C2
10
280.000
20
10.000
30
-328.8669
11
290.000
21
10.000
31
-326.3948
12
290.000
22
20.000
32
-325.5095
13
280.000
23
20.000
33
-328.1082
0
3DFACE
8
C2
10
290.000
20
10.000
30
-326.3948
11
300.000
21
10.000
31
-324.8314
12
300.000
22
20.000
32
-324.0155
13
290.000
23
20.000
33
-325.5095
0
3DFACE
8
C2
10
300.000
20
10.000
30
-324.8314
11
310.000
21
10.000
31
-323.6045
12
310.000
22
20.000
32
-322.8400
13
300.000
23
20.000
33
-324.0155
0
3DFACE
8
C2
10
310.000
20
10.000
30
-323.6045
11
320.000
21
10.000
31
-323.4529
12
320.000
22
20.000
32
-322.6946
13
310.000
23
20.000
33
-322.8400
0
3DFACE
8
C2
10
320.000
20
10.000
30
-323.4529
11
330.000
21
10.000
31
-322.1803
12
330.000
22
20.000
32
-321.5101
13
320.000
23
20.000
33
-322.6946
0
3DFACE
8
C2
10
330.000
20
10.000
30
-322.1803
11
340.000
21
10.000
31
-320.1300
12
340.000
22
20.000
32
-319.3799
13
330.000
23
20.000
33
-321.5101
0
3DFACE
8
C2
10
340.000
20
10.000
30
-320.1300
11
350.000
21
10.000
31
-318.2218
12
350.000
22
20.000
32
-317.6753
13
340.000
23
20.000
33
-319.3799
0
3DFACE
8
C2
10
350.000
20
10.000
30
-318.2218
11
360.000
21
10.000
31
-316.1602
12
360.000
22
20.000
32
-315.8574
13
350.000
23
20.000
33
-317.6753
0
3DFACE
8
C2
10
360.000
20
10.000
30
-316.1602
11
370.000
21
10.000
31
-314.8658
12
370.000
22
20.000
32
-314.6453
13
360.000
23
20.000
33
-315.8574
0
3DFACE
8
C2
10
370.000
20
10.000
30
-314.8658
11
380.000
21
10.000
31
-312.3257
12
380.000
22
20.000
32
-312.4102
13
370.000
23
20.000
33
-314.6453
0
3DFACE
8
C2
10
380.000
20
10.000
30
-312.3257
11
390.000
21
10.000
31
-309.1084
12
390.000
22
20.000
32
-309.4994
13
380.000
23
20.000
33
-312.4102
0
3DFACE
8
C2
10
390.000
20
10.000
30
-309.1084
11
400.000
21
10.000
31
-307.3874
12
400.000
22
20.000
32
-308.0497
13
390.000
23
20.000
33
-309.4994
0
3DFACE
8
C2
10
400.000
20
10.000
30
-307.3874
11
410.000
21
10.000
31
-306.3458
12
410.000
22
20.000
32
-307.2748
13
400.000
23
20.000
33
-308.0497
0
3DFACE
8
C2
10
410.000
20
10.000
30
-306.3458
11
420.000
21
10.000
31
-308.5887
12
420.000
22
20.000
32
-309.2748
13
410.000
23
20.000
33
-307.2748
0
3DFACE
8
C2
10
420.000
20
10.000
30
-308.5887
11
430.000
21
10.000
31
-308.4481
12
430.000
22
20.000
32
-309.2050
13
420.000
23
20.000
33
-309.2748
0
3DFACE
8
C2
10
430.000
20
10.000
30
-308.4481
11
440.000
21
10.000
31
-307.4994
12
440.000
22
20.000
32
-308.3681
13
430.000
23
20.000
33
-309.2050
0
3DFACE
8
C2
10
440.000
20
10.000
30
-307.4994
11
450.000
21
10.000
31
-307.6855
12
450.000
22
20.000
32
-308.4291
13
440.000
23
20.000
33
-308.3681
0
3DFACE
8
C2
10
450.000
20
10.000
30
-307.6855
11
460.000
21
10.000
31
-307.6579
12
460.000
22
20.000
32
-308.3265
13
450.000
23
20.000
33
-308.4291
0
3DFACE
8
C2
10
460.000
20
10.000
30
-307.6579
11
470.000
21
10.000
31
-309.1015
12
470.000
22
20.000
32
-309.5536
13
460.000
23
20.000
33
-308.3265
0
3DFACE
8
C2
10
470.000
20
10.000
30
-309.1015
11
480.000
21
10.000
31
-308.3014
12
480.000
22
20.000
32
-308.6247
13
470.000
23
20.000
33
-309.5536
0
3DFACE
8
C2
10
480.000
20
10.000
30
-308.3014
11
490.000
21
10.000
31
-304.2718
12
490.000
22
20.000
32
-304.8591
13
480.000
23
20.000
33
-308.6247
0
3DFACE
8
C2
10
490.000
20
10.000
30
-304.2718
11
500.000
21
10.000
31
-302.6060
12
500.000
22
20.000
32
-303.0434
13
490.000
23
20.000
33
-304.8591
0
3DFACE
8
C2
10
500.000
20
10.000
30
-302.6060
11
510.000
21
10.000
31
-300.7990
12
510.000
22
20.000
32
-301.1351
13
500.000
23
20.000
33
-303.0434
0
3DFACE
8
C2
10
510.000
20
10.000
30
-300.7990
11
520.000
21
10.000
31
-298.2463
12
520.000
22
20.000
32
-298.4706
13
510.000
23
20.000
33
-301.1351
0
3DFACE
8
C2
10
520.000
20
10.000
30
-298.2463
11
530.000
21
10.000
31
-296.5296
12
530.000
22
20.000
32
-296.6341
13
520.000
23
20.000
33
-298.4706
0
3DFACE
8
C2
10
530.000
20
10.000
30
-296.5296
11
540.000
21
10.000
31
-292.9296
12
540.000
22
20.000
32
-293.1309
13
530.000
23
20.000
33
-296.6341
0
3DFACE
8
C2
10
540.000
20
10.000
30
-292.9296
11
550.000
21
10.000
31
-291.2223
12
550.000
22
20.000
32
-291.4775
13
540.000
23
20.000
33
-293.1309
0
3DFACE
8
C2
10
550.000
20
10.000
30
-291.2223
11
560.000
21
10.000
31
-289.9172
12
560.000
22
20.000
32
-290.2765
13
550.000
23
20.000
33
-291.4775
0
3DFACE
8
C2
10
560.000
20
10.000
30
-289.9172
11
570.000
21
10.000
31
-289.3074
12
570.000
22
20.000
32
-289.6693
13
560.000
23
20.000
33
-290.2765
0
3DFACE
8
C2
10
570.000
20
10.000
30
-289.3074
11
580.000
21
10.000
31
-288.4140
12
580.000
22
20.000
32
-288.9665
13
570.000
23
20.000
33
-289.6693
0
3DFACE
8
C2
10
580.000
20
10.000
30
-288.4140
11
590.000
21
10.000
31
-288.3010
12
590.000
22
20.000
32
-289.0700
13
580.000
23
20.000
33
-288.9665
0
3DFACE
8
C2
10
590.000
20
10.000
30
-288.3010
11
600.000
21
10.000
31
-287.2185
12
600.000
22
20.000
32
-288.2120
13
590.000
23
20.000
33
-289.0700
0
3DFACE
8
C2
10
600.000
20
10.000
30
-287.2185
11
610.000
21
10.000
31
-286.0381
12
610.000
22
20.000
32
-287.2112
13
600.000
23
20.000
33
-288.2120
0
3DFACE
8
C2
10
610.000
20
10.000
30
-286.0381
11
620.000
21
10.000
31
-284.3444
12
620.000
22
20.000
32
-285.7289
13
610.000
23
20.000
33
-287.2112
0
3DFACE
8
C2
10
620.000
20
10.000
30
-284.3444
11
630.000
21
10.000
31
-283.2919
12
630.000
22
20.000
32
-284.7819
13
620.000
23
20.000
33
-285.7289
0
3DFACE
8
C2
10
630.000
20
10.000
30
-283.2919
11
640.000
21
10.000
31
-282.3682
12
640.000
22
20.000
32
-284.0651
13
630.000
23
20.000
33
-284.7819
0
3DFACE
8
C2
10
640.000
20
10.000
30
-282.3682
11
650.000
21
10.000
31
-282.5321
12
650.000
22
20.000
32
-284.2919
13
640.000
23
20.000
33
-284.0651
0
3DFACE
8
C2
10
650.000
20
10.000
30
-282.5321
11
660.000
21
10.000
31
-283.1534
12
660.000
22
20.000
32
-284.9881
13
650.000
23
20.000
33
-284.2919
0
3DFACE
8
C2
10
660.000
20
10.000
30
-283.1534
11
670.000
21
10.000
31
-285.9046
12
670.000
22
20.000
32
-287.5078
13
660.000
23
20.000
33
-284.9881
0
3DFACE
8
C2
10
670.000
20
10.000
30
-285.9046
11
680.000
21
10.000
31
-288.9145
12
680.000
22
20.000
32
-290.2563
13
670.000
23
20.000
33
-287.5078
0
3DFACE
8
C2
10
680.000
20
10.000
30
-288.9145
11
690.000
21
10.000
31
-292.4882
12
690.000
22
20.000
32
-293.4918
13
680.000
23
20.000
33
-290.2563
0
3DFACE
8
C2
10
690.000
20
10.000
30
-292.4882
11
700.000
21
10.000
31
-295.4469
12
700.000
22
20.000
32
-296.1891
13
690.000
23
20.000
33
-293.4918
0
3DFACE
8
C2
10
0.000
20
20.000
30
-350.8497
11
10.000
21
20.000
31
-351.1739
12
10.000
22
30.000
32
-347.1957
13
0.000
23
30.000
33
-346.7659
0
3DFACE
8
C2
10
10.000
20
20.000
30
-351.1739
11
20.000
21
20.000
31
-349.5423
12
20.000
22
30.000
32
-346.0884
13
10.000
23
30.000
33
-347.1957
0
3DFACE
8
C2
10
20.000
20
20.000
30
-349.5423
11
30.000
21
20.000
31
-349.3489
12
30.000
22
30.000
32
-346.0419
13
20.000
23
30.000
33
-346.0884
0
3DFACE
8
C2
10
30.000
20
20.000
30
-349.3489
11
40.000
21
20.000
31
-349.2296
12
40.000
22
30.000
32
-346.1749
13
30.000
23
30.000
33
-346.0419
0
3DFACE
8
C2
10
40.000
20
20.000
30
-349.2296
11
50.000
21
20.000
31
-348.4780
12
50.000
22
30.000
32
-345.5244
13
40.000
23
30.000
33
-346.1749
0
3DFACE
8
C2
10
50.000
20
20.000
30
-348.4780
11
60.000
21
20.000
31
-347.1139
12
60.000
22
30.000
32
-344.0615
13
50.000
23
30.000
33
-345.5244
0
3DFACE
8
C2
10
60.000
20
20.000
30
-347.1139
11
70.000
21
20.000
31
-344.0971
12
70.000
22
30.000
32
-341.2774
13
60.000
23
30.000
33
-344.0615
0
3DFACE
8
C2
10
70.000
20
20.000
30
-344.0971
11
80.000
21
20.000
31
-343.2061
12
80.000
22
30.000
32
-340.5079
13
70.000
23
30.000
33
-341.2774
0
3DFACE
8
C2
10
80.000
20
20.000
30
-343.2061
11
90.000
21
20.000
31
-344.0911
12
90.000
22
30.000
32
-341.1164
13
80.000
23
30.000
33
-340.5079
0
3DFACE
8
C2
10
90.000
20
20.000
30
-344.0911
11
100.000
21
20.000
31
-343.2159
12
100.000
22
30.000
32
-340.3276
13
90.000
23
30.000
33
-341.1164
0
3DFACE
8
C2
10
100.000
20
20.000
30
-343.2159
11
110.000
21
20.000
31
-341.8827
12
110.000
22
30.000
32
-338.9019
13
100.000
23
30.000
33
-340.3276
0
3DFACE
8
C2
10
110.000
20
20.000
30
-341.8827
11
120.000
21
20.000
31
-337.1557
12
120.000
22
30.000
32
-334.6016
13
110.000
23
30.000
33
-338.9019
0
3DFACE
8
C2
10
120.000
20
20.000
30
-337.1557
11
130.000
21
20.000
31
-335.8027
12
130.000
22
30.000
32
-333.2455
13
120.000
23
30.000
33
-334.6016
0
3DFACE
8
C2
10
130.000
20
20.000
30
-335.8027
11
140.000
21
20.000
31
-336.4009
12
140.000
22
30.000
32
-333.7668
13
130.000
23
30.000
33
-333.2455
0
3DFACE
8
C2
10
140.000
20
20.000
30
-336.4009
11
150.000
21
20.000
31
-335.8827
12
150.000
22
30.000
32
-333.6025
13
140.000
23
30.000
33
-333.7668
0
3DFACE
8
C2
10
150.000
20
20.000
30
-335.8827
11
160.000
21
20.000
31
-335.8286
12
160.000
22
30.000
32
-333.9588
13
150.000
23
30.000
33
-333.6025
0
3DFACE
8
C2
10
160.000
20
20.000
30
-335.8286
11
170.000
21
20.000
31
-337.4023
12
170.000
22
30.000
32
-335.9306
13
160.000
23
30.000
33
-333.9588
0
3DFACE
8
C2
10
170.000
20
20.000
30
-337.4023
11
180.000
21
20.000
31
-337.8432
12
180.000
22
30.000
32
-336.7545
13
170.000
23
30.000
33
-335.9306
0
3DFACE
8
C2
10
180.000
20
20.000
30
-337.8432
11
190.000
21
20.000
31
-341.3958
12
190.000
22
30.000
32
-340.1065
13
180.000
23
30.000
33
-336.7545
0
3DFACE
8
C2
10
190.000
20
20.000
30
-341.3958
11
200.000
21
20.000
31
-341.4293
12
200.000
22
30.000
32
-340.4317
13
190.000
23
30.000
33
-340.1065
0
3DFACE
8
C2
10
200.000
20
20.000
30
-341.4293
11
210.000
21
20.000
31
-340.9035
12
210.000
22
30.000
32
-340.0791
13
200.000
23
30.000
33
-340.4317
0
3DFACE
8
C2
10
210.000
20
20.000
30
-340.9035
11
220.000
21
20.000
31
-340.7067
12
220.000
22
30.000
32
-339.9317
13
210.000
23
30.000
33
-340.0791
0
3DFACE
8
C2
10
220.000
20
20.000
30
-340.7067
11
230.000
21
20.000
31
-338.9472
12
230.000
22
30.000
32
-338.1396
13
220.000
23
30.000
33
-339.9317
0
3DFACE
8
C2
10
230.000
20
20.000
30
-338.9472
11
240.000
21
20.000
31
-335.4885
12
240.000
22
30.000
32
-334.6760
13
230.000
23
30.000
33
-338.1396
0
3DFACE
8
C2
10
240.000
20
20.000
30
-335.4885
11
250.000
21
20.000
31
-333.2731
12
250.000
22
30.000
32
-332.5544
13
240.000
23
30.000
33
-334.6760
0
3DFACE
8
C2
10
250.000
20
20.000
30
-333.2731
11
260.000
21
20.000
31
-331.1719
12
260.000
22
30.000
32
-330.6352
13
250.000
23
30.000
33
-332.5544
0
3DFACE
8
C2
10
260.000
20
20.000
30
-331.1719
11
270.000
21
20.000
31
-329.8760
12
270.000
22
30.000
32
-329.5850
13
260.000
23
30.000
33
-330.6352
0
3DFACE
8
C2
10
270.000
20
20.000
30
-329.8760
11
280.000
21
20.000
31
-328.1082
12
280.000
22
30.000
32
-327.9197
13
270.000
23
30.000
33
-329.5850
0
3DFACE
8
C2
10
280.000
20
20.000
30
-328.1082
11
290.000
21
20.000
31
-325.5095
12
290.000
22
30.000
32
-325.3184
13
280.000
23
30.000
33
-327.9197
0
3DFACE
8
C2
10
290.000
20
20.000
30
-325.5095
11
300.000
21
20.000
31
-324.0155
12
300.000
22
30.000
32
-323.8242
13
290.000
23
30.000
33
-325.3184
0
3DFACE
8
C2
10
300.000
20
20.000
30
-324.0155
11
310.000
21
20.000
31
-322.8400
12
310.000
22
30.000
32
-322.6390
13
300.000
23
30.000
33
-323.8242
0
3DFACE
8
C2
10
310.000
20
20.000
30
-322.8400
11
320.000
21
20.000
31
-322.6946
12
320.000
22
30.000
32
-322.3366
13
310.000
23
30.000
33
-322.6390
0
3DFACE
8
C2
10
320.000
20
20.000
30
-322.6946
11
330.000
21
20.000
31
-321.5101
12
330.000
22
30.000
32
-321.1272
13
320.000
23
30.000
33
-322.3366
0
3DFACE
8
C2
10
330.000
20
20.000
30
-321.5101
11
340.000
21
20.000
31
-319.3799
12
340.000
22
30.000
32
-318.9743
13
330.000
23
30.000
33
-321.1272
0
3DFACE
8
C2
10
340.000
20
20.000
30
-319.3799
11
350.000
21
20.000
31
-317.6753
12
350.000
22
30.000
32
-317.3640
13
340.000
23
30.000
33
-318.9743
0
3DFACE
8
C2
10
350.000
20
20.000
30
-317.6753
11
360.000
21
20.000
31
-315.8574
12
360.000
22
30.000
32
-315.7239
13
350.000
23
30.000
33
-317.3640
0
3DFACE
8
C2
10
360.000
20
20.000
30
-315.8574
11
370.000
21
20.000
31
-314.6453
12
370.000
22
30.000
32
-314.5477
13
360.000
23
30.000
33
-315.7239
0
3DFACE
8
C2
10
370.000
20
20.000
30
-314.6453
11
380.000
21
20.000
31
-312.4102
12
380.000
22
30.000
32
-312.6254
13
370.000
23
30.000
33
-314.5477
0
3DFACE
8
C2
10
380.000
20
20.000
30
-312.4102
11
390.000
21
20.000
31
-309.4994
12
390.000
22
30.000
32
-310.1523
13
380.000
23
30.000
33
-312.6254
0
3DFACE
8
C2
10
390.000
20
20.000
30
-309.4994
11
400.000
21
20.000
31
-308.0497
12
400.000
22
30.000
32
-309.0108
13
390.000
23
30.000
33
-310.1523
0
3DFACE
8
C2
10
400.000
20
20.000
30
-308.0497
11
410.000
21
20.000
31
-307.2748
12
410.000
22
30.000
32
-308.5569
13
400.000
23
30.000
33
-309.0108
0
3DFACE
8
C2
10
410.000
20
20.000
30
-307.2748
11
420.000
21
20.000
31
-309.2748
12
420.000
22
30.000
32
-310.2362
13
410.000
23
30.000
33
-308.5569
0
3DFACE
8
C2
10
420.000
20
20.000
30
-309.2748
11
430.000
21
20.000
31
-309.2050
12
430.000
22
30.000
32
-310.2835
13
420.000
23
30.000
33
-310.2362
0
3DFACE
8
C2
10
430.000
20
20.000
30
-309.2050
11
440.000
21
20.000
31
-308.3681
12
440.000
22
30.000
32
-309.6706
13
430.000
23
30.000
33
-310.2835
0
3DFACE
8
C2
10
440.000
20
20.000
30
-308.3681
11
450.000
21
20.000
31
-308.4291
12
450.000
22
30.000
32
-309.6854
13
440.000
23
30.000
33
-309.6706
0
3DFACE
8
C2
10
450.000
20
20.000
30
-308.4291
11
460.000
21
20.000
31
-308.3265
12
460.000
22
30.000
32
-309.5832
13
450.000
23
30.000
33
-309.6854
0
3DFACE
8
C2
10
460.000
20
20.000
30
-308.3265
11
470.000
21
20.000
31
-309.5536
12
470.000
22
30.000
32
-310.5159
13
460.000
23
30.000
33
-309.5832
0
3DFACE
8
C2
10
470.000
20
20.000
30
-309.5536
11
480.000
21
20.000
31
-308.6247
12
480.000
22
30.000
32
-309.5080
13
470.000
23
30.000
33
-310.5159
0
3DFACE
8
C2
10
480.000
20
20.000
30
-308.6247
11
490.000
21
20.000
31
-304.8591
12
490.000
22
30.000
32
-306.1333
13
480.000
23
30.000
33
-309.5080
0
3DFACE
8
C2
10
490.000
20
20.000
30
-304.8591
11
500.000
21
20.000
31
-303.0434
12
500.000
22
30.000
32
-304.0651
13
490.000
23
30.000
33
-306.1333
0
3DFACE
8
C2
10
500.000
20
20.000
30
-303.0434
11
510.000
21
20.000
31
-301.1351
12
510.000
22
30.000
32
-301.8587
13
500.000
23
30.000
33
-304.0651
0
3DFACE
8
C2
10
510.000
20
20.000
30
-301.1351
11
520.000
21
20.000
31
-298.4706
12
520.000
22
30.000
32
-298.9722
13
510.000
23
30.000
33
-301.8587
0
3DFACE
8
C2
10
520.000
20
20.000
30
-298.4706
11
530.000
21
20.000
31
-296.6341
12
530.000
22
30.000
32
-296.7839
13
520.000
23
30.000
33
-298.9722
0
3DFACE
8
C2
10
530.000
20
20.000
30
-296.6341
11
540.000
21
20.000
31
-293.1309
12
540.000
22
30.000
32
-293.3419
13
530.000
23
30.000
33
-296.7839
0
3DFACE
8
C2
10
540.000
20
20.000
30
-293.1309
11
550.000
21
20.000
31
-291.4775
12
550.000
22
30.000
32
-291.5565
13
540.000
23
30.000
33
-293.3419
0
3DFACE
8
C2
10
550.000
20
20.000
30
-291.4775
11
560.000
21
20.000
31
-290.2765
12
560.000
22
30.000
32
-290.3267
13
550.000
23
30.000
33
-291.5565
0
3DFACE
8
C2
10
560.000
20
20.000
30
-290.2765
11
570.000
21
20.000
31
-289.6693
12
570.000
22
30.000
32
-289.6810
13
560.000
23
30.000
33
-290.3267
0
3DFACE
8
C2
10
570.000
20
20.000
30
-289.6693
11
580.000
21
20.000
31
-288.9665
12
580.000
22
30.000
32
-289.2265
13
570.000
23
30.000
33
-289.6810
0
3DFACE
8
C2
10
580.000
20
20.000
30
-288.9665
11
590.000
21
20.000
31
-289.0700
12
590.000
22
30.000
32
-289.5271
13
580.000
23
30.000
33
-289.2265
0
3DFACE
8
C2
10
590.000
20
20.000
30
-289.0700
11
600.000
21
20.000
31
-288.2120
12
600.000
22
30.000
32
-288.9229
13
590.000
23
30.000
33
-289.5271
0
3DFACE
8
C2
10
600.000
20
20.000
30
-288.2120
11
610.000
21
20.000
31
-287.2112
12
610.000
22
30.000
32
-287.9682
13
600.000
23
30.000
33
-288.9229
0
3DFACE
8
C2
10
610.000
20
20.000
30
-287.2112
11
620.000
21
20.000
31
-285.7289
12
620.000
22
30.000
32
-286.4137
13
610.000
23
30.000
33
-287.9682
0
3DFACE
8
C2
10
620.000
20
20.000
30
-285.7289
11
630.000
21
20.000
31
-284.7819
12
630.000
22
30.000
32
-285.4683
13
620.000
23
30.000
33
-286.4137
0
3DFACE
8
C2
10
630.000
20
20.000
30
-284.7819
11
640.000
21
20.000
31
-284.0651
12
640.000
22
30.000
32
-284.9622
13
630.000
23
30.000
33
-285.4683
0
3DFACE
8
C2
10
640.000
20
20.000
30
-284.0651
11
650.000
21
20.000
31
-284.2919
12
650.000
22
30.000
32
-285.3031
13
640.000
23
30.000
33
-284.9622
0
3DFACE
8
C2
10
650.000
20
20.000
30
-284.2919
11
660.000
21
20.000
31
-284.9881
12
660.000
22
30.000
32
-286.1969
13
650.000
23
30.000
33
-285.3031
0
3DFACE
8
C2
10
660.000
20
20.000
30
-284.9881
11
670.000
21
20.000
31
-287.5078
12
670.000
22
30.000
32
-288.5436
13
660.000
23
30.000
33
-286.1969
0
3DFACE
8
C2
10
670.000
20
20.000
30
-287.5078
11
680.000
21
20.000
31
-290.2563
12
680.000
22
30.000
32
-291.1998
13
670.000
23
30.000
33
-288.5436
0
3DFACE
8
C2
10
680.000
20
20.000
30
-290.2563
11
690.000
21
20.000
31
-293.4918
12
690.000
22
30.000
32
-294.4053
13
680.000
23
30.000
33
-291.1998
0
3DFACE
8
C2
10
690.000
20
20.000
30
-293.4918
11
700.000
21
20.000
31
-296.1891
12
700.000
22
30.000
32
-296.9937
13
690.000
23
30.000
33
-294.4053
0
3DFACE
8
C2
10
0.000
20
30.000
30
-346.7659
11
10.000
21
30.000
31
-347.1957
12
10.000
22
40.000
32
-342.7899
13
0.000
23
40.000
33
-342.3026
0
3DFACE
8
C2
10
10.000
20
30.000
30
-347.1957
11
20.000
21
30.000
31
-346.0884
12
20.000
22
40.000
32
-342.1448
13
10.000
23
40.000
33
-342.7899
0
3DFACE
8
C2
10
20.000
20
30.000
30
-346.0884
11
30.000
21
30.000
31
-346.0419
12
30.000
22
40.000
32
-342.1960
13
20.000
23
40.000
33
-342.1448
0
3DFACE
8
C2
10
30.000
20
30.000
30
-346.0419
11
40.000
21
30.000
31
-346.1749
12
40.000
22
40.000
32
-342.5805
13
30.000
23
40.000
33
-342.1960
0
3DFACE
8
C2
10
40.000
20
30.000
30
-346.1749
11
50.000
21
30.000
31
-345.5244
12
50.000
22
40.000
32
-342.0394
13
40.000
23
40.000
33
-342.5805
0
3DFACE
8
C2
10
50.000
20
30.000
30
-345.5244
11
60.000
21
30.000
31
-344.0615
12
60.000
22
40.000
32
-340.3997
13
50.000
23
40.000
33
-342.0394
0
3DFACE
8
C2
10
60.000
20
30.000
30
-344.0615
11
70.000
21
30.000
31
-341.2774
12
70.000
22
40.000
32
-337.7657
13
60.000
23
40.000
33
-340.3997
0
3DFACE
8
C2
10
70.000
20
30.000
30
-341.2774
11
80.000
21
30.000
31
-340.5079
12
80.000
22
40.000
32
-337.0126
13
70.000
23
40.000
33
-337.7657
0
3DFACE
8
C2
10
80.000
20
30.000
30
-340.5079
11
90.000
21
30.000
31
-341.1164
12
90.000
22
40.000
32
-337.2183
13
80.000
23
40.000
33
-337.0126
0
3DFACE
8
C2
10
90.000
20
30.000
30
-341.1164
11
100.000
21
30.000
31
-340.3276
12
100.000
22
40.000
32
-336.3765
13
90.000
23
40.000
33
-337.2183
0
3DFACE
8
C2
10
100.000
20
30.000
30
-340.3276
11
110.000
21
30.000
31
-338.9019
12
110.000
22
40.000
32
-334.7293
13
100.000
23
40.000
33
-336.3765
0
3DFACE
8
C2
10
110.000
20
30.000
30
-338.9019
11
120.000
21
30.000
31
-334.6016
12
120.000
22
40.000
32
-330.9151
13
110.000
23
40.000
33
-334.7293
0
3DFACE
8
C2
10
120.000
20
30.000
30
-334.6016
11
130.000
21
30.000
31
-333.2455
12
130.000
22
40.000
32
-329.5598
13
120.000
23
40.000
33
-330.9151
0
3DFACE
8
C2
10
130.000
20
30.000
30
-333.2455
11
140.000
21
30.000
31
-333.7668
12
140.000
22
40.000
32
-330.0381
13
130.000
23
40.000
33
-329.5598
0
3DFACE
8
C2
10
140.000
20
30.000
30
-333.7668
11
150.000
21
30.000
31
-333.6025
12
150.000
22
40.000
32
-330.3528
13
140.000
23
40.000
33
-330.0381
0
3DFACE
8
C2
10
150.000
20
30.000
30
-333.6025
11
160.000
21
30.000
31
-333.9588
12
160.000
22
40.000
32
-331.3513
13
150.000
23
40.000
33
-330.3528
0
3DFACE
8
C2
10
160.000
20
30.000
30
-333.9588
11
170.000
21
30.000
31
-335.9306
12
170.000
22
40.000
32
-333.8788
13
160.000
23
40.000
33
-331.3513
0
3DFACE
8
C2
10
170.000
20
30.000
30
-335.9306
11
180.000
21
30.000
31
-336.7545
12
180.000
22
40.000
32
-335.3556
13
170.000
23
40.000
33
-333.8788
0
3DFACE
8
C2
10
180.000
20
30.000
30
-336.7545
11
190.000
21
30.000
31
-340.1065
12
190.000
22
40.000
32
-338.6254
13
180.000
23
40.000
33
-335.3556
0
3DFACE
8
C2
10
190.000
20
30.000
30
-340.1065
11
200.000
21
30.000
31
-340.4317
12
200.000
22
40.000
32
-339.4732
13
190.000
23
40.000
33
-338.6254
0
3DFACE
8
C2
10
200.000
20
30.000
30
-340.4317
11
210.000
21
30.000
31
-340.0791
12
210.000
22
40.000
32
-339.4563
13
200.000
23
40.000
33
-339.4732
0
3DFACE
8
C2
10
210.000
20
30.000
30
-340.0791
11
220.000
21
30.000
31
-339.9317
12
220.000
22
40.000
32
-339.3864
13
210.000
23
40.000
33
-339.4563
0
3DFACE
8
C2
10
220.000
20
30.000
30
-339.9317
11
230.000
21
30.000
31
-338.1396
12
230.000
22
40.000
32
-337.6296
13
220.000
23
40.000
33
-339.3864
0
3DFACE
8
C2
10
230.000
20
30.000
30
-338.1396
11
240.000
21
30.000
31
-334.6760
12
240.000
22
40.000
32
-334.3513
13
230.000
23
40.000
33
-337.6296
0
3DFACE
8
C2
10
240.000
20
30.000
30
-334.6760
11
250.000
21
30.000
31
-332.5544
12
250.000
22
40.000
32
-332.3420
13
240.000
23
40.000
33
-334.3513
0
3DFACE
8
C2
10
250.000
20
30.000
30
-332.5544
11
260.000
21
30.000
31
-330.6352
12
260.000
22
40.000
32
-330.5600
13
250.000
23
40.000
33
-332.3420
0
3DFACE
8
C2
10
260.000
20
30.000
30
-330.6352
11
270.000
21
30.000
31
-329.5850
12
270.000
22
40.000
32
-329.6371
13
260.000
23
40.000
33
-330.5600
0
3DFACE
8
C2
10
270.000
20
30.000
30
-329.5850
11
280.000
21
30.000
31
-327.9197
12
280.000
22
40.000
32
-328.0608
13
270.000
23
40.000
33
-329.6371
0
3DFACE
8
C2
10
280.000
20
30.000
30
-327.9197
11
290.000
21
30.000
31
-325.3184
12
290.000
22
40.000
32
-325.5803
13
280.000
23
40.000
33
-328.0608
0
3DFACE
8
C2
10
290.000
20
30.000
30
-325.3184
11
300.000
21
30.000
31
-323.8242
12
300.000
22
40.000
32
-324.0982
13
290.000
23
40.000
33
-325.5803
0
3DFACE
8
C2
10
300.000
20
30.000
30
-323.8242
11
310.000
21
30.000
31
-322.6390
12
310.000
22
40.000
32
-322.8431
13
300.000
23
40.000
33
-324.0982
0
3DFACE
8
C2
10
310.000
20
30.000
30
-322.6390
11
320.000
21
30.000
31
-322.3366
12
320.000
22
40.000
32
-322.2559
13
310.000
23
40.000
33
-322.8431
0
3DFACE
8
C2
10
320.000
20
30.000
30
-322.3366
11
330.000
21
30.000
31
-321.1272
12
330.000
22
40.000
32
-320.9870
13
320.000
23
40.000
33
-322.2559
0
3DFACE
8
C2
10
330.000
20
30.000
30
-321.1272
11
340.000
21
30.000
31
-318.9743
12
340.000
22
40.000
32
-318.8553
13
330.000
23
40.000
33
-320.9870
0
3DFACE
8
C2
10
340.000
20
30.000
30
-318.9743
11
350.000
21
30.000
31
-317.3640
12
350.000
22
40.000
32
-317.3213
13
340.000
23
40.000
33
-318.8553
0
3DFACE
8
C2
10
350.000
20
30.000
30
-317.3640
11
360.000
21
30.000
31
-315.7239
12
360.000
22
40.000
32
-315.8233
13
350.000
23
40.000
33
-317.3213
0
3DFACE
8
C2
10
360.000
20
30.000
30
-315.7239
11
370.000
21
30.000
31
-314.5477
12
370.000
22
40.000
32
-314.6183
13
360.000
23
40.000
33
-315.8233
0
3DFACE
8
C2
10
370.000
20
30.000
30
-314.5477
11
380.000
21
30.000
31
-312.6254
12
380.000
22
40.000
32
-313.0216
13
370.000
23
40.000
33
-314.6183
0
3DFACE
8
C2
10
380.000
20
30.000
30
-312.6254
11
390.000
21
30.000
31
-310.1523
12
390.000
22
40.000
32
-311.0881
13
380.000
23
40.000
33
-313.0216
0
3DFACE
8
C2
10
390.000
20
30.000
30
-310.1523
11
400.000
21
30.000
31
-309.0108
12
400.000
22
40.000
32
-310.2900
13
390.000
23
40.000
33
-311.0881
0
3DFACE
8
C2
10
400.000
20
30.000
30
-309.0108
11
410.000
21
30.000
31
-308.5569
12
410.000
22
40.000
32
-310.1626
13
400.000
23
40.000
33
-310.2900
0
3DFACE
8
C2
10
410.000
20
30.000
30
-308.5569
11
420.000
21
30.000
31
-310.2362
12
420.000
22
40.000
32
-311.4773
13
410.000
23
40.000
33
-310.1626
0
3DFACE
8
C2
10
420.000
20
30.000
30
-310.2362
11
430.000
21
30.000
31
-310.2835
12
430.000
22
40.000
32
-311.6887
13
420.000
23
40.000
33
-311.4773
0
3DFACE
8
C2
10
430.000
20
30.000
30
-310.2835
11
440.000
21
30.000
31
-309.6706
12
440.000
22
40.000
32
-311.4109
13
430.000
23
40.000
33
-311.6887
0
3DFACE
8
C2
10
440.000
20
30.000
30
-309.6706
11
450.000
21
30.000
31
-309.6854
12
450.000
22
40.000
32
-311.4376
13
440.000
23
40.000
33
-311.4109
0
3DFACE
8
C2
10
450.000
20
30.000
30
-309.6854
11
460.000
21
30.000
31
-309.5832
12
460.000
22
40.000
32
-311.3363
13
450.000
23
40.000
33
-311.4376
0
3DFACE
8
C2
10
460.000
20
30.000
30
-309.5832
11
470.000
21
30.000
31
-310.5159
12
470.000
22
40.000
32
-311.8985
13
460.000
23
40.000
33
-311.3363
0
3DFACE
8
C2
10
470.000
20
30.000
30
-310.5159
11
480.000
21
30.000
31
-309.5080
12
480.000
22
40.000
32
-310.8004
13
470.000
23
40.000
33
-311.8985
0
3DFACE
8
C2
10
480.000
20
30.000
30
-309.5080
11
490.000
21
30.000
31
-306.1333
12
490.000
22
40.000
32
-307.8401
13
480.000
23
40.000
33
-310.8004
0
3DFACE
8
C2
10
490.000
20
30.000
30
-306.1333
11
500.000
21
30.000
31
-304.0651
12
500.000
22
40.000
32
-305.4671
13
490.000
23
40.000
33
-307.8401
0
3DFACE
8
C2
10
500.000
20
30.000
30
-304.0651
11
510.000
21
30.000
31
-301.8587
12
510.000
22
40.000
32
-302.8455
13
500.000
23
40.000
33
-305.4671
0
3DFACE
8
C2
10
510.000
20
30.000
30
-301.8587
11
520.000
21
30.000
31
-298.9722
12
520.000
22
40.000
32
-299.6260
13
510.000
23
40.000
33
-302.8455
0
3DFACE
8
C2
10
520.000
20
30.000
30
-298.9722
11
530.000
21
30.000
31
-296.7839
12
530.000
22
40.000
32
-296.9943
13
520.000
23
40.000
33
-299.6260
0
3DFACE
8
C2
10
530.000
20
30.000
30
-296.7839
11
540.000
21
30.000
31
-293.3419
12
540.000
22
40.000
32
-293.6157
13
530.000
23
40.000
33
-296.9943
0
3DFACE
8
C2
10
540.000
20
30.000
30
-293.3419
11
550.000
21
30.000
31
-291.5565
12
550.000
22
40.000
32
-291.6607
13
540.000
23
40.000
33
-293.6157
0
3DFACE
8
C2
10
550.000
20
30.000
30
-291.5565
11
560.000
21
30.000
31
-290.3267
12
560.000
22
40.000
32
-290.3508
13
550.000
23
40.000
33
-291.6607
0
3DFACE
8
C2
10
560.000
20
30.000
30
-290.3267
11
570.000
21
30.000
31
-289.6810
12
570.000
22
40.000
32
-289.6429
13
560.000
23
40.000
33
-290.3508
0
3DFACE
8
C2
10
570.000
20
30.000
30
-289.6810
11
580.000
21
30.000
31
-289.2265
12
580.000
22
40.000
32
-289.4169
13
570.000
23
40.000
33
-289.6429
0
3DFACE
8
C2
10
580.000
20
30.000
30
-289.2265
11
590.000
21
30.000
31
-289.5271
12
590.000
22
40.000
32
-289.9092
13
580.000
23
40.000
33
-289.4169
0
3DFACE
8
C2
10
590.000
20
30.000
30
-289.5271
11
600.000
21
30.000
31
-288.9229
12
600.000
22
40.000
32
-289.5701
13
590.000
23
40.000
33
-289.9092
0
3DFACE
8
C2
10
600.000
20
30.000
30
-288.9229
11
610.000
21
30.000
31
-287.9682
12
610.000
22
40.000
32
-288.6303
13
600.000
23
40.000
33
-289.5701
0
3DFACE
8
C2
10
610.000
20
30.000
30
-287.9682
11
620.000
21
30.000
31
-286.4137
12
620.000
22
40.000
32
-287.0032
13
610.000
23
40.000
33
-288.6303
0
3DFACE
8
C2
10
620.000
20
30.000
30
-286.4137
11
630.000
21
30.000
31
-285.4683
12
630.000
22
40.000
32
-286.0496
13
620.000
23
40.000
33
-287.0032
0
3DFACE
8
C2
10
630.000
20
30.000
30
-285.4683
11
640.000
21
30.000
31
-284.9622
12
640.000
22
40.000
32
-285.7427
13
630.000
23
40.000
33
-286.0496
0
3DFACE
8
C2
10
640.000
20
30.000
30
-284.9622
11
650.000
21
30.000
31
-285.3031
12
650.000
22
40.000
32
-286.2125
13
640.000
23
40.000
33
-285.7427
0
3DFACE
8
C2
10
650.000
20
30.000
30
-285.3031
11
660.000
21
30.000
31
-286.1969
12
660.000
22
40.000
32
-287.3176
13
650.000
23
40.000
33
-286.2125
0
3DFACE
8
C2
10
660.000
20
30.000
30
-286.1969
11
670.000
21
30.000
31
-288.5436
12
670.000
22
40.000
32
-289.5416
13
660.000
23
40.000
33
-287.3176
0
3DFACE
8
C2
10
670.000
20
30.000
30
-288.5436
11
680.000
21
30.000
31
-291.1998
12
680.000
22
40.000
32
-292.1810
13
670.000
23
40.000
33
-289.5416
0
3DFACE
8
C2
10
680.000
20
30.000
30
-291.1998
11
690.000
21
30.000
31
-294.4053
12
690.000
22
40.000
32
-295.4014
13
680.000
23
40.000
33
-292.1810
0
3DFACE
8
C2
10
690.000
20
30.000
30
-294.4053
11
700.000
21
30.000
31
-296.9937
12
700.000
22
40.000
32
-297.9632
13
690.000
23
40.000
33
-295.4014
0
3DFACE
8
C2
10
0.000
20
40.000
30
-342.3026
11
10.000
21
40.000
31
-342.7899
12
10.000
22
50.000
32
-340.4193
13
0.000
23
50.000
33
-340.0898
0
3DFACE
8
C2
10
10.000
20
40.000
30
-342.7899
11
20.000
21
40.000
31
-342.1448
12
20.000
22
50.000
32
-339.7142
13
10.000
23
50.000
33
-340.4193
0
3DFACE
8
C2
10
20.000
20
40.000
30
-342.1448
11
30.000
21
40.000
31
-342.1960
12
30.000
22
50.000
32
-339.6141
13
20.000
23
50.000
33
-339.7142
0
3DFACE
8
C2
10
30.000
20
40.000
30
-342.1960
11
40.000
21
40.000
31
-342.5805
12
40.000
22
50.000
32
-339.9491
13
30.000
23
50.000
33
-339.6141
0
3DFACE
8
C2
10
40.000
20
40.000
30
-342.5805
11
50.000
21
40.000
31
-342.0394
12
50.000
22
50.000
32
-339.4497
13
40.000
23
50.000
33
-339.9491
0
3DFACE
8
C2
10
50.000
20
40.000
30
-342.0394
11
60.000
21
40.000
31
-340.3997
12
60.000
22
50.000
32
-337.6966
13
50.000
23
50.000
33
-339.4497
0
3DFACE
8
C2
10
60.000
20
40.000
30
-340.3997
11
70.000
21
40.000
31
-337.7657
12
70.000
22
50.000
32
-335.0177
13
60.000
23
50.000
33
-337.6966
0
3DFACE
8
C2
10
70.000
20
40.000
30
-337.7657
11
80.000
21
40.000
31
-337.0126
12
80.000
22
50.000
32
-334.1314
13
70.000
23
50.000
33
-335.0177
0
3DFACE
8
C2
10
80.000
20
40.000
30
-337.0126
11
90.000
21
40.000
31
-337.2183
12
90.000
22
50.000
32
-334.1223
13
80.000
23
50.000
33
-334.1314
0
3DFACE
8
C2
10
90.000
20
40.000
30
-337.2183
11
100.000
21
40.000
31
-336.3765
12
100.000
22
50.000
32
-333.2228
13
90.000
23
50.000
33
-334.1223
0
3DFACE
8
C2
10
100.000
20
40.000
30
-336.3765
11
110.000
21
40.000
31
-334.7293
12
110.000
22
50.000
32
-331.5226
13
100.000
23
50.000
33
-333.2228
0
3DFACE
8
C2
10
110.000
20
40.000
30
-334.7293
11
120.000
21
40.000
31
-330.9151
12
120.000
22
50.000
32
-328.0441
13
110.000
23
50.000
33
-331.5226
0
3DFACE
8
C2
10
120.000
20
40.000
30
-330.9151
11
130.000
21
40.000
31
-329.5598
12
130.000
22
50.000
32
-326.9230
13
120.000
23
50.000
33
-328.0441
0
3DFACE
8
C2
10
130.000
20
40.000
30
-329.5598
11
140.000
21
40.000
31
-330.0381
12
140.000
22
50.000
32
-327.5877
13
130.000
23
50.000
33
-326.9230
0
3DFACE
8
C2
10
140.000
20
40.000
30
-330.0381
11
150.000
21
40.000
31
-330.3528
12
150.000
22
50.000
32
-328.1849
13
140.000
23
50.000
33
-327.5877
0
3DFACE
8
C2
10
150.000
20
40.000
30
-330.3528
11
160.000
21
40.000
31
-331.3513
12
160.000
22
50.000
32
-329.5212
13
150.000
23
50.000
33
-328.1849
0
3DFACE
8
C2
10
160.000
20
40.000
30
-331.3513
11
170.000
21
40.000
31
-333.8788
12
170.000
22
50.000
32
-332.3772
13
160.000
23
50.000
33
-329.5212
0
3DFACE
8
C2
10
170.000
20
40.000
30
-333.8788
11
180.000
21
40.000
31
-335.3556
12
180.000
22
50.000
32
-334.0482
13
170.000
23
50.000
33
-332.3772
0
3DFACE
8
C2
10
180.000
20
40.000
30
-335.3556
11
190.000
21
40.000
31
-338.6254
12
190.000
22
50.000
32
-337.1452
13
180.000
23
50.000
33
-334.0482
0
3DFACE
8
C2
10
190.000
20
40.000
30
-338.6254
11
200.000
21
40.000
31
-339.4732
12
200.000
22
50.000
32
-338.0741
13
190.000
23
50.000
33
-337.1452
0
3DFACE
8
C2
10
200.000
20
40.000
30
-339.4732
11
210.000
21
40.000
31
-339.4563
12
210.000
22
50.000
32
-338.1204
13
200.000
23
50.000
33
-338.0741
0
3DFACE
8
C2
10
210.000
20
40.000
30
-339.4563
11
220.000
21
40.000
31
-339.3864
12
220.000
22
50.000
32
-338.2086
13
210.000
23
50.000
33
-338.1204
0
3DFACE
8
C2
10
220.000
20
40.000
30
-339.3864
11
230.000
21
40.000
31
-337.6296
12
230.000
22
50.000
32
-336.6058
13
220.000
23
50.000
33
-338.2086
0
3DFACE
8
C2
10
230.000
20
40.000
30
-337.6296
11
240.000
21
40.000
31
-334.3513
12
240.000
22
50.000
32
-333.4572
13
230.000
23
50.000
33
-336.6058
0
3DFACE
8
C2
10
240.000
20
40.000
30
-334.3513
11
250.000
21
40.000
31
-332.3420
12
250.000
22
50.000
32
-331.6295
13
240.000
23
50.000
33
-333.4572
0
3DFACE
8
C2
10
250.000
20
40.000
30
-332.3420
11
260.000
21
40.000
31
-330.5600
12
260.000
22
50.000
32
-330.0330
13
250.000
23
50.000
33
-331.6295
0
3DFACE
8
C2
10
260.000
20
40.000
30
-330.5600
11
270.000
21
40.000
31
-329.6371
12
270.000
22
50.000
32
-329.2768
13
260.000
23
50.000
33
-330.0330
0
3DFACE
8
C2
10
270.000
20
40.000
30
-329.6371
11
280.000
21
40.000
31
-328.0608
12
280.000
22
50.000
32
-327.9013
13
270.000
23
50.000
33
-329.2768
0
3DFACE
8
C2
10
280.000
20
40.000
30
-328.0608
11
290.000
21
40.000
31
-325.5803
12
290.000
22
50.000
32
-325.5518
13
280.000
23
50.000
33
-327.9013
0
3DFACE
8
C2
10
290.000
20
40.000
30
-325.5803
11
300.000
21
40.000
31
-324.0982
12
300.000
22
50.000
32
-324.1065
13
290.000
23
50.000
33
-325.5518
0
3DFACE
8
C2
10
300.000
20
40.000
30
-324.0982
11
310.000
21
40.000
31
-322.8431
12
310.000
22
50.000
32
-322.8187
13
300.000
23
50.000
33
-324.1065
0
3DFACE
8
C2
10
310.000
20
40.000
30
-322.8431
11
320.000
21
40.000
31
-322.2559
12
320.000
22
50.000
32
-321.9713
13
310.000
23
50.000
33
-322.8187
0
3DFACE
8
C2
10
320.000
20
40.000
30
-322.2559
11
330.000
21
40.000
31
-320.9870
12
330.000
22
50.000
32
-320.6054
13
320.000
23
50.000
33
-321.9713
0
3DFACE
8
C2
10
330.000
20
40.000
30
-320.9870
11
340.000
21
40.000
31
-318.8553
12
340.000
22
50.000
32
-318.4538
13
330.000
23
50.000
33
-320.6054
0
3DFACE
8
C2
10
340.000
20
40.000
30
-318.8553
11
350.000
21
40.000
31
-317.3213
12
350.000
22
50.000
32
-316.9106
13
340.000
23
50.000
33
-318.4538
0
3DFACE
8
C2
10
350.000
20
40.000
30
-317.3213
11
360.000
21
40.000
31
-315.8233
12
360.000
22
50.000
32
-315.4209
13
350.000
23
50.000
33
-316.9106
0
3DFACE
8
C2
10
360.000
20
40.000
30
-315.8233
11
370.000
21
40.000
31
-314.6183
12
370.000
22
50.000
32
-314.2317
13
360.000
23
50.000
33
-315.4209
0
3DFACE
8
C2
10
370.000
20
40.000
30
-314.6183
11
380.000
21
40.000
31
-313.0216
12
380.000
22
50.000
32
-312.8219
13
370.000
23
50.000
33
-314.2317
0
3DFACE
8
C2
10
380.000
20
40.000
30
-313.0216
11
390.000
21
40.000
31
-311.0881
12
390.000
22
50.000
32
-311.2943
13
380.000
23
50.000
33
-312.8219
0
3DFACE
8
C2
10
390.000
20
40.000
30
-311.0881
11
400.000
21
40.000
31
-310.2900
12
400.000
22
50.000
32
-310.6760
13
390.000
23
50.000
33
-311.2943
0
3DFACE
8
C2
10
400.000
20
40.000
30
-310.2900
11
410.000
21
40.000
31
-310.1626
12
410.000
22
50.000
32
-310.5641
13
400.000
23
50.000
33
-310.6760
0
3DFACE
8
C2
10
410.000
20
40.000
30
-310.1626
11
420.000
21
40.000
31
-311.4773
12
420.000
22
50.000
32
-311.5873
13
410.000
23
50.000
33
-310.5641
0
3DFACE
8
C2
10
420.000
20
40.000
30
-311.4773
11
430.000
21
40.000
31
-311.6887
12
430.000
22
50.000
32
-311.7971
13
420.000
23
50.000
33
-311.5873
0
3DFACE
8
C2
10
430.000
20
40.000
30
-311.6887
11
440.000
21
40.000
31
-311.4109
12
440.000
22
50.000
32
-311.6327
13
430.000
23
50.000
33
-311.7971
0
3DFACE
8
C2
10
440.000
20
40.000
30
-311.4109
11
450.000
21
40.000
31
-311.4376
12
450.000
22
50.000
32
-311.6863
13
440.000
23
50.000
33
-311.6327
0
3DFACE
8
C2
10
450.000
20
40.000
30
-311.4376
11
460.000
21
40.000
31
-311.3363
12
460.000
22
50.000
32
-311.5728
13
450.000
23
50.000
33
-311.6863
0
3DFACE
8
C2
10
460.000
20
40.000
30
-311.3363
11
470.000
21
40.000
31
-311.8985
12
470.000
22
50.000
32
-311.9945
13
460.000
23
50.000
33
-311.5728
0
3DFACE
8
C2
10
470.000
20
40.000
30
-311.8985
11
480.000
21
40.000
31
-310.8004
12
480.000
22
50.000
32
-310.9372
13
470.000
23
50.000
33
-311.9945
0
3DFACE
8
C2
10
480.000
20
40.000
30
-310.8004
11
490.000
21
40.000
31
-307.8401
12
490.000
22
50.000
32
-308.2913
13
480.000
23
50.000
33
-310.9372
0
3DFACE
8
C2
10
490.000
20
40.000
30
-307.8401
11
500.000
21
40.000
31
-305.4671
12
500.000
22
50.000
32
-305.9363
13
490.000
23
50.000
33
-308.2913
0
3DFACE
8
C2
10
500.000
20
40.000
30
-305.4671
11
510.000
21
40.000
31
-302.8455
12
510.000
22
50.000
32
-303.2055
13
500.000
23
50.000
33
-305.9363
0
3DFACE
8
C2
10
510.000
20
40.000
30
-302.8455
11
520.000
21
40.000
31
-299.6260
12
520.000
22
50.000
32
-299.8248
13
510.000
23
50.000
33
-303.2055
0
3DFACE
8
C2
10
520.000
20
40.000
30
-299.6260
11
530.000
21
40.000
31
-296.9943
12
530.000
22
50.000
32
-297.0725
13
520.000
23
50.000
33
-299.8248
0
3DFACE
8
C2
10
530.000
20
40.000
30
-296.9943
11
540.000
21
40.000
31
-293.6157
12
540.000
22
50.000
32
-293.8304
13
530.000
23
50.000
33
-297.0725
0
3DFACE
8
C2
10
540.000
20
40.000
30
-293.6157
11
550.000
21
40.000
31
-291.6607
12
550.000
22
50.000
32
-291.9206
13
540.000
23
50.000
33
-293.8304
0
3DFACE
8
C2
10
550.000
20
40.000
30
-291.6607
11
560.000
21
40.000
31
-290.3508
12
560.000
22
50.000
32
-290.5951
13
550.000
23
50.000
33
-291.9206
0
3DFACE
8
C2
10
560.000
20
40.000
30
-290.3508
11
570.000
21
40.000
31
-289.6429
12
570.000
22
50.000
32
-289.7598
13
560.000
23
50.000
33
-290.5951
0
3DFACE
8
C2
10
570.000
20
40.000
30
-289.6429
11
580.000
21
40.000
31
-289.4169
12
580.000
22
50.000
32
-289.5913
13
570.000
23
50.000
33
-289.7598
0
3DFACE
8
C2
10
580.000
20
40.000
30
-289.4169
11
590.000
21
40.000
31
-289.9092
12
590.000
22
50.000
32
-290.2093
13
580.000
23
50.000
33
-289.5913
0
3DFACE
8
C2
10
590.000
20
40.000
30
-289.9092
11
600.000
21
40.000
31
-289.5701
12
600.000
22
50.000
32
-289.9945
13
590.000
23
50.000
33
-290.2093
0
3DFACE
8
C2
10
600.000
20
40.000
30
-289.5701
11
610.000
21
40.000
31
-288.6303
12
610.000
22
50.000
32
-289.0427
13
600.000
23
50.000
33
-289.9945
0
3DFACE
8
C2
10
610.000
20
40.000
30
-288.6303
11
620.000
21
40.000
31
-287.0032
12
620.000
22
50.000
32
-287.3490
13
610.000
23
50.000
33
-289.0427
0
3DFACE
8
C2
10
620.000
20
40.000
30
-287.0032
11
630.000
21
40.000
31
-286.0496
12
630.000
22
50.000
32
-286.4648
13
620.000
23
50.000
33
-287.3490
0
3DFACE
8
C2
10
630.000
20
40.000
30
-286.0496
11
640.000
21
40.000
31
-285.7427
12
640.000
22
50.000
32
-286.3854
13
630.000
23
50.000
33
-286.4648
0
3DFACE
8
C2
10
640.000
20
40.000
30
-285.7427
11
650.000
21
40.000
31
-286.2125
12
650.000
22
50.000
32
-286.9321
13
640.000
23
50.000
33
-286.3854
0
3DFACE
8
C2
10
650.000
20
40.000
30
-286.2125
11
660.000
21
40.000
31
-287.3176
12
660.000
22
50.000
32
-288.0545
13
650.000
23
50.000
33
-286.9321
0
3DFACE
8
C2
10
660.000
20
40.000
30
-287.3176
11
670.000
21
40.000
31
-289.5416
12
670.000
22
50.000
32
-290.1677
13
660.000
23
50.000
33
-288.0545
0
3DFACE
8
C2
10
670.000
20
40.000
30
-289.5416
11
680.000
21
40.000
31
-292.1810
12
680.000
22
50.000
32
-292.7574
13
670.000
23
50.000
33
-290.1677
0
3DFACE
8
C2
10
680.000
20
40.000
30
-292.1810
11
690.000
21
40.000
31
-295.4014
12
690.000
22
50.000
32
-295.9927
13
680.000
23
50.000
33
-292.7574
0
3DFACE
8
C2
10
690.000
20
40.000
30
-295.4014
11
700.000
21
40.000
31
-297.9632
12
700.000
22
50.000
32
-298.5008
13
690.000
23
50.000
33
-295.9927
0
3DFACE
8
C2
10
0.000
20
50.000
30
-340.0898
11
10.000
21
50.000
31
-340.4193
12
10.000
22
60.000
32
-338.2892
13
0.000
23
60.000
33
-338.0257
0
3DFACE
8
C2
10
10.000
20
50.000
30
-340.4193
11
20.000
21
50.000
31
-339.7142
12
20.000
22
60.000
32
-337.4631
13
10.000
23
60.000
33
-338.2892
0
3DFACE
8
C2
10
20.000
20
50.000
30
-339.7142
11
30.000
21
50.000
31
-339.6141
12
30.000
22
60.000
32
-337.3740
13
20.000
23
60.000
33
-337.4631
0
3DFACE
8
C2
10
30.000
20
50.000
30
-339.6141
11
40.000
21
50.000
31
-339.9491
12
40.000
22
60.000
32
-337.8132
13
30.000
23
60.000
33
-337.3740
0
3DFACE
8
C2
10
40.000
20
50.000
30
-339.9491
11
50.000
21
50.000
31
-339.4497
12
50.000
22
60.000
32
-337.4007
13
40.000
23
60.000
33
-337.8132
0
3DFACE
8
C2
10
50.000
20
50.000
30
-339.4497
11
60.000
21
50.000
31
-337.6966
12
60.000
22
60.000
32
-335.6838
13
50.000
23
60.000
33
-337.4007
0
3DFACE
8
C2
10
60.000
20
50.000
30
-337.6966
11
70.000
21
50.000
31
-335.0177
12
70.000
22
60.000
32
-332.8974
13
60.000
23
60.000
33
-335.6838
0
3DFACE
8
C2
10
70.000
20
50.000
30
-335.0177
11
80.000
21
50.000
31
-334.1314
12
80.000
22
60.000
32
-332.0075
13
70.000
23
60.000
33
-332.8974
0
3DFACE
8
C2
10
80.000
20
50.000
30
-334.1314
11
90.000
21
50.000
31
-334.1223
12
90.000
22
60.000
32
-332.1368
13
80.000
23
60.000
33
-332.0075
0
3DFACE
8
C2
10
90.000
20
50.000
30
-334.1223
11
100.000
21
50.000
31
-333.2228
12
100.000
22
60.000
32
-331.3096
13
90.000
23
60.000
33
-332.1368
0
3DFACE
8
C2
10
100.000
20
50.000
30
-333.2228
11
110.000
21
50.000
31
-331.5226
12
110.000
22
60.000
32
-329.6485
13
100.000
23
60.000
33
-331.3096
0
3DFACE
8
C2
10
110.000
20
50.000
30
-331.5226
11
120.000
21
50.000
31
-328.0441
12
120.000
22
60.000
32
-326.3555
13
110.000
23
60.000
33
-329.6485
0
3DFACE
8
C2
10
120.000
20
50.000
30
-328.0441
11
130.000
21
50.000
31
-326.9230
12
130.000
22
60.000
32
-325.4189
13
120.000
23
60.000
33
-326.3555
0
3DFACE
8
C2
10
130.000
20
50.000
30
-326.9230
11
140.000
21
50.000
31
-327.5877
12
140.000
22
60.000
32
-326.3614
13
130.000
23
60.000
33
-325.4189
0
3DFACE
8
C2
10
140.000
20
50.000
30
-327.5877
11
150.000
21
50.000
31
-328.1849
12
150.000
22
60.000
32
-327.0814
13
140.000
23
60.000
33
-326.3614
0
3DFACE
8
C2
10
150.000
20
50.000
30
-328.1849
11
160.000
21
50.000
31
-329.5212
12
160.000
22
60.000
32
-328.3985
13
150.000
23
60.000
33
-327.0814
0
3DFACE
8
C2
10
160.000
20
50.000
30
-329.5212
11
170.000
21
50.000
31
-332.3772
12
170.000
22
60.000
32
-331.2596
13
160.000
23
60.000
33
-328.3985
0
3DFACE
8
C2
10
170.000
20
50.000
30
-332.3772
11
180.000
21
50.000
31
-334.0482
12
180.000
22
60.000
32
-332.7240
13
170.000
23
60.000
33
-331.2596
0
3DFACE
8
C2
10
180.000
20
50.000
30
-334.0482
11
190.000
21
50.000
31
-337.1452
12
190.000
22
60.000
32
-335.4441
13
180.000
23
60.000
33
-332.7240
0
3DFACE
8
C2
10
190.000
20
50.000
30
-337.1452
11
200.000
21
50.000
31
-338.0741
12
200.000
22
60.000
32
-336.1209
13
190.000
23
60.000
33
-335.4441
0
3DFACE
8
C2
10
200.000
20
50.000
30
-338.0741
11
210.000
21
50.000
31
-338.1204
12
210.000
22
60.000
32
-336.0477
13
200.000
23
60.000
33
-336.1209
0
3DFACE
8
C2
10
210.000
20
50.000
30
-338.1204
11
220.000
21
50.000
31
-338.2086
12
220.000
22
60.000
32
-336.1761
13
210.000
23
60.000
33
-336.0477
0
3DFACE
8
C2
10
220.000
20
50.000
30
-338.2086
11
230.000
21
50.000
31
-336.6058
12
230.000
22
60.000
32
-334.6642
13
220.000
23
60.000
33
-336.1761
0
3DFACE
8
C2
10
230.000
20
50.000
30
-336.6058
11
240.000
21
50.000
31
-333.4572
12
240.000
22
60.000
32
-331.5221
13
230.000
23
60.000
33
-334.6642
0
3DFACE
8
C2
10
240.000
20
50.000
30
-333.4572
11
250.000
21
50.000
31
-331.6295
12
250.000
22
60.000
32
-329.8768
13
240.000
23
60.000
33
-331.5221
0
3DFACE
8
C2
10
250.000
20
50.000
30
-331.6295
11
260.000
21
50.000
31
-330.0330
12
260.000
22
60.000
32
-328.5637
13
250.000
23
60.000
33
-329.8768
0
3DFACE
8
C2
10
260.000
20
50.000
30
-330.0330
11
270.000
21
50.000
31
-329.2768
12
270.000
22
60.000
32
-328.2382
13
260.000
23
60.000
33
-328.5637
0
3DFACE
8
C2
10
270.000
20
50.000
30
-329.2768
11
280.000
21
50.000
31
-327.9013
12
280.000
22
60.000
32
-327.1366
13
270.000
23
60.000
33
-328.2382
0
3DFACE
8
C2
10
280.000
20
50.000
30
-327.9013
11
290.000
21
50.000
31
-325.5518
12
290.000
22
60.000
32
-324.8982
13
280.000
23
60.000
33
-327.1366
0
3DFACE
8
C2
10
290.000
20
50.000
30
-325.5518
11
300.000
21
50.000
31
-324.1065
12
300.000
22
60.000
32
-323.5414
13
290.000
23
60.000
33
-324.8982
0
3DFACE
8
C2
10
300.000
20
50.000
30
-324.1065
11
310.000
21
50.000
31
-322.8187
12
310.000
22
60.000
32
-322.2786
13
300.000
23
60.000
33
-323.5414
0
3DFACE
8
C2
10
310.000
20
50.000
30
-322.8187
11
320.000
21
50.000
31
-321.9713
12
320.000
22
60.000
32
-321.3758
13
310.000
23
60.000
33
-322.2786
0
3DFACE
8
C2
10
320.000
20
50.000
30
-321.9713
11
330.000
21
50.000
31
-320.6054
12
330.000
22
60.000
32
-319.9224
13
320.000
23
60.000
33
-321.3758
0
3DFACE
8
C2
10
330.000
20
50.000
30
-320.6054
11
340.000
21
50.000
31
-318.4538
12
340.000
22
60.000
32
-317.5533
13
330.000
23
60.000
33
-319.9224
0
3DFACE
8
C2
10
340.000
20
50.000
30
-318.4538
11
350.000
21
50.000
31
-316.9106
12
350.000
22
60.000
32
-315.9148
13
340.000
23
60.000
33
-317.5533
0
3DFACE
8
C2
10
350.000
20
50.000
30
-316.9106
11
360.000
21
50.000
31
-315.4209
12
360.000
22
60.000
32
-314.3860
13
350.000
23
60.000
33
-315.9148
0
3DFACE
8
C2
10
360.000
20
50.000
30
-315.4209
11
370.000
21
50.000
31
-314.2317
12
370.000
22
60.000
32
-313.3570
13
360.000
23
60.000
33
-314.3860
0
3DFACE
8
C2
10
370.000
20
50.000
30
-314.2317
11
380.000
21
50.000
31
-312.8219
12
380.000
22
60.000
32
-312.0347
13
370.000
23
60.000
33
-313.3570
0
3DFACE
8
C2
10
380.000
20
50.000
30
-312.8219
11
390.000
21
50.000
31
-311.2943
12
390.000
22
60.000
32
-310.5724
13
380.000
23
60.000
33
-312.0347
0
3DFACE
8
C2
10
390.000
20
50.000
30
-311.2943
11
400.000
21
50.000
31
-310.6760
12
400.000
22
60.000
32
-309.9370
13
390.000
23
60.000
33
-310.5724
0
3DFACE
8
C2
10
400.000
20
50.000
30
-310.6760
11
410.000
21
50.000
31
-310.5641
12
410.000
22
60.000
32
-309.7509
13
400.000
23
60.000
33
-309.9370
0
3DFACE
8
C2
10
410.000
20
50.000
30
-310.5641
11
420.000
21
50.000
31
-311.5873
12
420.000
22
60.000
32
-310.6203
13
410.000
23
60.000
33
-309.7509
0
3DFACE
8
C2
10
420.000
20
50.000
30
-311.5873
11
430.000
21
50.000
31
-311.7971
12
430.000
22
60.000
32
-310.7583
13
420.000
23
60.000
33
-310.6203
0
3DFACE
8
C2
10
430.000
20
50.000
30
-311.7971
11
440.000
21
50.000
31
-311.6327
12
440.000
22
60.000
32
-310.3683
13
430.000
23
60.000
33
-310.7583
0
3DFACE
8
C2
10
440.000
20
50.000
30
-311.6327
11
450.000
21
50.000
31
-311.6863
12
450.000
22
60.000
32
-310.3746
13
440.000
23
60.000
33
-310.3683
0
3DFACE
8
C2
10
450.000
20
50.000
30
-311.6863
11
460.000
21
50.000
31
-311.5728
12
460.000
22
60.000
32
-310.3423
13
450.000
23
60.000
33
-310.3746
0
3DFACE
8
C2
10
460.000
20
50.000
30
-311.5728
11
470.000
21
50.000
31
-311.9945
12
470.000
22
60.000
32
-310.9178
13
460.000
23
60.000
33
-310.3423
0
3DFACE
8
C2
10
470.000
20
50.000
30
-311.9945
11
480.000
21
50.000
31
-310.9372
12
480.000
22
60.000
32
-310.0142
13
470.000
23
60.000
33
-310.9178
0
3DFACE
8
C2
10
480.000
20
50.000
30
-310.9372
11
490.000
21
50.000
31
-308.2913
12
490.000
22
60.000
32
-307.6047
13
480.000
23
60.000
33
-310.0142
0
3DFACE
8
C2
10
490.000
20
50.000
30
-308.2913
11
500.000
21
50.000
31
-305.9363
12
500.000
22
60.000
32
-305.3869
13
490.000
23
60.000
33
-307.6047
0
3DFACE
8
C2
10
500.000
20
50.000
30
-305.9363
11
510.000
21
50.000
31
-303.2055
12
510.000
22
60.000
32
-302.8170
13
500.000
23
60.000
33
-305.3869
0
3DFACE
8
C2
10
510.000
20
50.000
30
-303.2055
11
520.000
21
50.000
31
-299.8248
12
520.000
22
60.000
32
-299.5491
13
510.000
23
60.000
33
-302.8170
0
3DFACE
8
C2
10
520.000
20
50.000
30
-299.8248
11
530.000
21
50.000
31
-297.0725
12
530.000
22
60.000
32
-296.9241
13
520.000
23
60.000
33
-299.5491
0
3DFACE
8
C2
10
530.000
20
50.000
30
-297.0725
11
540.000
21
50.000
31
-293.8304
12
540.000
22
60.000
32
-293.8221
13
530.000
23
60.000
33
-296.9241
0
3DFACE
8
C2
10
540.000
20
50.000
30
-293.8304
11
550.000
21
50.000
31
-291.9206
12
550.000
22
60.000
32
-292.0763
13
540.000
23
60.000
33
-293.8221
0
3DFACE
8
C2
10
550.000
20
50.000
30
-291.9206
11
560.000
21
50.000
31
-290.5951
12
560.000
22
60.000
32
-290.8093
13
550.000
23
60.000
33
-292.0763
0
3DFACE
8
C2
10
560.000
20
50.000
30
-290.5951
11
570.000
21
50.000
31
-289.7598
12
570.000
22
60.000
32
-289.8814
13
560.000
23
60.000
33
-290.8093
0
3DFACE
8
C2
10
570.000
20
50.000
30
-289.7598
11
580.000
21
50.000
31
-289.5913
12
580.000
22
60.000
32
-289.7203
13
570.000
23
60.000
33
-289.8814
0
3DFACE
8
C2
10
580.000
20
50.000
30
-289.5913
11
590.000
21
50.000
31
-290.2093
12
590.000
22
60.000
32
-290.4154
13
580.000
23
60.000
33
-289.7203
0
3DFACE
8
C2
10
590.000
20
50.000
30
-290.2093
11
600.000
21
50.000
31
-289.9945
12
600.000
22
60.000
32
-290.2282
13
590.000
23
60.000
33
-290.4154
0
3DFACE
8
C2
10
600.000
20
50.000
30
-289.9945
11
610.000
21
50.000
31
-289.0427
12
610.000
22
60.000
32
-289.2686
13
600.000
23
60.000
33
-290.2282
0
3DFACE
8
C2
10
610.000
20
50.000
30
-289.0427
11
620.000
21
50.000
31
-287.3490
12
620.000
22
60.000
32
-287.5044
13
610.000
23
60.000
33
-289.2686
0
3DFACE
8
C2
10
620.000
20
50.000
30
-287.3490
11
630.000
21
50.000
31
-286.4648
12
630.000
22
60.000
32
-286.6613
13
620.000
23
60.000
33
-287.5044
0
3DFACE
8
C2
10
630.000
20
50.000
30
-286.4648
11
640.000
21
50.000
31
-286.3854
12
640.000
22
60.000
32
-286.7697
13
630.000
23
60.000
33
-286.6613
0
3DFACE
8
C2
10
640.000
20
50.000
30
-286.3854
11
650.000
21
50.000
31
-286.9321
12
650.000
22
60.000
32
-287.3646
13
640.000
23
60.000
33
-286.7697
0
3DFACE
8
C2
10
650.000
20
50.000
30
-286.9321
11
660.000
21
50.000
31
-288.0545
12
660.000
22
60.000
32
-288.4405
13
650.000
23
60.000
33
-287.3646
0
3DFACE
8
C2
10
660.000
20
50.000
30
-288.0545
11
670.000
21
50.000
31
-290.1677
12
670.000
22
60.000
32
-290.4916
13
660.000
23
60.000
33
-288.4405
0
3DFACE
8
C2
10
670.000
20
50.000
30
-290.1677
11
680.000
21
50.000
31
-292.7574
12
680.000
22
60.000
32
-293.0234
13
670.000
23
60.000
33
-290.4916
0
3DFACE
8
C2
10
680.000
20
50.000
30
-292.7574
11
690.000
21
50.000
31
-295.9927
12
690.000
22
60.000
32
-296.2736
13
680.000
23
60.000
33
-293.0234
0
3DFACE
8
C2
10
690.000
20
50.000
30
-295.9927
11
700.000
21
50.000
31
-298.5008
12
700.000
22
60.000
32
-298.7602
13
690.000
23
60.000
33
-296.2736
0
3DFACE
8
C2
10
0.000
20
60.000
30
-338.0257
11
10.000
21
60.000
31
-338.2892
12
10.000
22
70.000
32
-337.6548
13
0.000
23
70.000
33
-337.5804
0
3DFACE
8
C2
10
10.000
20
60.000
30
-338.2892
11
20.000
21
60.000
31
-337.4631
12
20.000
22
70.000
32
-336.7632
13
10.000
23
70.000
33
-337.6548
0
3DFACE
8
C2
10
20.000
20
60.000
30
-337.4631
11
30.000
21
60.000
31
-337.3740
12
30.000
22
70.000
32
-336.5597
13
20.000
23
70.000
33
-336.7632
0
3DFACE
8
C2
10
30.000
20
60.000
30
-337.3740
11
40.000
21
60.000
31
-337.8132
12
40.000
22
70.000
32
-336.8817
13
30.000
23
70.000
33
-336.5597
0
3DFACE
8
C2
10
40.000
20
60.000
30
-337.8132
11
50.000
21
60.000
31
-337.4007
12
50.000
22
70.000
32
-336.4474
13
40.000
23
70.000
33
-336.8817
0
3DFACE
8
C2
10
50.000
20
60.000
30
-337.4007
11
60.000
21
60.000
31
-335.6838
12
60.000
22
70.000
32
-334.8800
13
50.000
23
70.000
33
-336.4474
0
3DFACE
8
C2
10
60.000
20
60.000
30
-335.6838
11
70.000
21
60.000
31
-332.8974
12
70.000
22
70.000
32
-331.9824
13
60.000
23
70.000
33
-334.8800
0
3DFACE
8
C2
10
70.000
20
60.000
30
-332.8974
11
80.000
21
60.000
31
-332.0075
12
80.000
22
70.000
32
-330.9958
13
70.000
23
70.000
33
-331.9824
0
3DFACE
8
C2
10
80.000
20
60.000
30
-332.0075
11
90.000
21
60.000
31
-332.1368
12
90.000
22
70.000
32
-330.9602
13
80.000
23
70.000
33
-330.9958
0
3DFACE
8
C2
10
90.000
20
60.000
30
-332.1368
11
100.000
21
60.000
31
-331.3096
12
100.000
22
70.000
32
-330.0974
13
90.000
23
70.000
33
-330.9602
0
3DFACE
8
C2
10
100.000
20
60.000
30
-331.3096
11
110.000
21
60.000
31
-329.6485
12
110.000
22
70.000
32
-328.4840
13
100.000
23
70.000
33
-330.0974
0
3DFACE
8
C2
10
110.000
20
60.000
30
-329.6485
11
120.000
21
60.000
31
-326.3555
12
120.000
22
70.000
32
-325.3680
13
110.000
23
70.000
33
-328.4840
0
3DFACE
8
C2
10
120.000
20
60.000
30
-326.3555
11
130.000
21
60.000
31
-325.4189
12
130.000
22
70.000
32
-324.4927
13
120.000
23
70.000
33
-325.3680
0
3DFACE
8
C2
10
130.000
20
60.000
30
-325.4189
11
140.000
21
60.000
31
-326.3614
12
140.000
22
70.000
32
-325.6609
13
130.000
23
70.000
33
-324.4927
0
3DFACE
8
C2
10
140.000
20
60.000
30
-326.3614
11
150.000
21
60.000
31
-327.0814
12
150.000
22
70.000
32
-326.3099
13
140.000
23
70.000
33
-325.6609
0
3DFACE
8
C2
10
150.000
20
60.000
30
-327.0814
11
160.000
21
60.000
31
-328.3985
12
160.000
22
70.000
32
-327.3477
13
150.000
23
70.000
33
-326.3099
0
3DFACE
8
C2
10
160.000
20
60.000
30
-328.3985
11
170.000
21
60.000
31
-331.2596
12
170.000
22
70.000
32
-330.1060
13
160.000
23
70.000
33
-327.3477
0
3DFACE
8
C2
10
170.000
20
60.000
30
-331.2596
11
180.000
21
60.000
31
-332.7240
12
180.000
22
70.000
32
-331.1241
13
170.000
23
70.000
33
-330.1060
0
3DFACE
8
C2
10
180.000
20
60.000
30
-332.7240
11
190.000
21
60.000
31
-335.4441
12
190.000
22
70.000
32
-333.3052
13
180.000
23
70.000
33
-331.1241
0
3DFACE
8
C2
10
190.000
20
60.000
30
-335.4441
11
200.000
21
60.000
31
-336.1209
12
200.000
22
70.000
32
-333.5789
13
190.000
23
70.000
33
-333.3052
0
3DFACE
8
C2
10
200.000
20
60.000
30
-336.1209
11
210.000
21
60.000
31
-336.0477
12
210.000
22
70.000
32
-333.2767
13
200.000
23
70.000
33
-333.5789
0
3DFACE
8
C2
10
210.000
20
60.000
30
-336.0477
11
220.000
21
60.000
31
-336.1761
12
220.000
22
70.000
32
-333.5114
13
210.000
23
70.000
33
-333.2767
0
3DFACE
8
C2
10
220.000
20
60.000
30
-336.1761
11
230.000
21
60.000
31
-334.6642
12
230.000
22
70.000
32
-332.1476
13
220.000
23
70.000
33
-333.5114
0
3DFACE
8
C2
10
230.000
20
60.000
30
-334.6642
11
240.000
21
60.000
31
-331.5221
12
240.000
22
70.000
32
-328.9709
13
230.000
23
70.000
33
-332.1476
0
3DFACE
8
C2
10
240.000
20
60.000
30
-331.5221
11
250.000
21
60.000
31
-329.8768
12
250.000
22
70.000
32
-327.6132
13
240.000
23
70.000
33
-328.9709
0
3DFACE
8
C2
10
250.000
20
60.000
30
-329.8768
11
260.000
21
60.000
31
-328.5637
12
260.000
22
70.000
32
-326.6209
13
250.000
23
70.000
33
-327.6132
0
3DFACE
8
C2
10
260.000
20
60.000
30
-328.5637
11
270.000
21
60.000
31
-328.2382
12
270.000
22
70.000
32
-326.7982
13
260.000
23
70.000
33
-326.6209
0
3DFACE
8
C2
10
270.000
20
60.000
30
-328.2382
11
280.000
21
60.000
31
-327.1366
12
280.000
22
70.000
32
-325.9942
13
270.000
23
70.000
33
-326.7982
0
3DFACE
8
C2
10
280.000
20
60.000
30
-327.1366
11
290.000
21
60.000
31
-324.8982
12
290.000
22
70.000
32
-323.8916
13
280.000
23
70.000
33
-325.9942
0
3DFACE
8
C2
10
290.000
20
60.000
30
-324.8982
11
300.000
21
60.000
31
-323.5414
12
300.000
22
70.000
32
-322.7269
13
290.000
23
70.000
33
-323.8916
0
3DFACE
8
C2
10
300.000
20
60.000
30
-323.5414
11
310.000
21
60.000
31
-322.2786
12
310.000
22
70.000
32
-321.4819
13
300.000
23
70.000
33
-322.7269
0
3DFACE
8
C2
10
310.000
20
60.000
30
-322.2786
11
320.000
21
60.000
31
-321.3758
12
320.000
22
70.000
32
-320.5568
13
310.000
23
70.000
33
-321.4819
0
3DFACE
8
C2
10
320.000
20
60.000
30
-321.3758
11
330.000
21
60.000
31
-319.9224
12
330.000
22
70.000
32
-319.0178
13
320.000
23
70.000
33
-320.5568
0
3DFACE
8
C2
10
330.000
20
60.000
30
-319.9224
11
340.000
21
60.000
31
-317.5533
12
340.000
22
70.000
32
-316.3792
13
330.000
23
70.000
33
-319.0178
0
3DFACE
8
C2
10
340.000
20
60.000
30
-317.5533
11
350.000
21
60.000
31
-315.9148
12
350.000
22
70.000
32
-314.5965
13
340.000
23
70.000
33
-316.3792
0
3DFACE
8
C2
10
350.000
20
60.000
30
-315.9148
11
360.000
21
60.000
31
-314.3860
12
360.000
22
70.000
32
-312.9398
13
350.000
23
70.000
33
-314.5965
0
3DFACE
8
C2
10
360.000
20
60.000
30
-314.3860
11
370.000
21
60.000
31
-313.3570
12
370.000
22
70.000
32
-312.2192
13
360.000
23
70.000
33
-312.9398
0
3DFACE
8
C2
10
370.000
20
60.000
30
-313.3570
11
380.000
21
60.000
31
-312.0347
12
380.000
22
70.000
32
-310.9406
13
370.000
23
70.000
33
-312.2192
0
3DFACE
8
C2
10
380.000
20
60.000
30
-312.0347
11
390.000
21
60.000
31
-310.5724
12
390.000
22
70.000
32
-309.4251
13
380.000
23
70.000
33
-310.9406
0
3DFACE
8
C2
10
390.000
20
60.000
30
-310.5724
11
400.000
21
60.000
31
-309.9370
12
400.000
22
70.000
32
-308.6929
13
390.000
23
70.000
33
-309.4251
0
3DFACE
8
C2
10
400.000
20
60.000
30
-309.9370
11
410.000
21
60.000
31
-309.7509
12
410.000
22
70.000
32
-308.4094
13
400.000
23
70.000
33
-308.6929
0
3DFACE
8
C2
10
410.000
20
60.000
30
-309.7509
11
420.000
21
60.000
31
-310.6203
12
420.000
22
70.000
32
-309.2780
13
410.000
23
70.000
33
-308.4094
0
3DFACE
8
C2
10
420.000
20
60.000
30
-310.6203
11
430.000
21
60.000
31
-310.7583
12
430.000
22
70.000
32
-309.3564
13
420.000
23
70.000
33
-309.2780
0
3DFACE
8
C2
10
430.000
20
60.000
30
-310.7583
11
440.000
21
60.000
31
-310.3683
12
440.000
22
70.000
32
-308.5752
13
430.000
23
70.000
33
-309.3564
0
3DFACE
8
C2
10
440.000
20
60.000
30
-310.3683
11
450.000
21
60.000
31
-310.3746
12
450.000
22
70.000
32
-308.5527
13
440.000
23
70.000
33
-308.5752
0
3DFACE
8
C2
10
450.000
20
60.000
30
-310.3746
11
460.000
21
60.000
31
-310.3423
12
460.000
22
70.000
32
-308.5252
13
450.000
23
70.000
33
-308.5527
0
3DFACE
8
C2
10
460.000
20
60.000
30
-310.3423
11
470.000
21
60.000
31
-310.9178
12
470.000
22
70.000
32
-309.4064
13
460.000
23
70.000
33
-308.5252
0
3DFACE
8
C2
10
470.000
20
60.000
30
-310.9178
11
480.000
21
60.000
31
-310.0142
12
480.000
22
70.000
32
-308.5567
13
470.000
23
70.000
33
-309.4064
0
3DFACE
8
C2
10
480.000
20
60.000
30
-310.0142
11
490.000
21
60.000
31
-307.6047
12
490.000
22
70.000
32
-306.2373
13
480.000
23
70.000
33
-308.5567
0
3DFACE
8
C2
10
490.000
20
60.000
30
-307.6047
11
500.000
21
60.000
31
-305.3869
12
500.000
22
70.000
32
-304.2498
13
490.000
23
70.000
33
-306.2373
0
3DFACE
8
C2
10
500.000
20
60.000
30
-305.3869
11
510.000
21
60.000
31
-302.8170
12
510.000
22
70.000
32
-301.9789
13
500.000
23
70.000
33
-304.2498
0
3DFACE
8
C2
10
510.000
20
60.000
30
-302.8170
11
520.000
21
60.000
31
-299.5491
12
520.000
22
70.000
32
-299.1162
13
510.000
23
70.000
33
-301.9789
0
3DFACE
8
C2
10
520.000
20
60.000
30
-299.5491
11
530.000
21
60.000
31
-296.9241
12
530.000
22
70.000
32
-296.8950
13
520.000
23
70.000
33
-299.1162
0
3DFACE
8
C2
10
530.000
20
60.000
30
-296.9241
11
540.000
21
60.000
31
-293.8221
12
540.000
22
70.000
32
-293.9223
13
530.000
23
70.000
33
-296.8950
0
3DFACE
8
C2
10
540.000
20
60.000
30
-293.8221
11
550.000
21
60.000
31
-292.0763
12
550.000
22
70.000
32
-292.5181
13
540.000
23
70.000
33
-293.9223
0
3DFACE
8
C2
10
550.000
20
60.000
30
-292.0763
11
560.000
21
60.000
31
-290.8093
12
560.000
22
70.000
32
-291.4680
13
550.000
23
70.000
33
-292.5181
0
3DFACE
8
C2
10
560.000
20
60.000
30
-290.8093
11
570.000
21
60.000
31
-289.8814
12
570.000
22
70.000
32
-290.6419
13
560.000
23
70.000
33
-291.4680
0
3DFACE
8
C2
10
570.000
20
60.000
30
-289.8814
11
580.000
21
60.000
31
-289.7203
12
580.000
22
70.000
32
-290.4014
13
570.000
23
70.000
33
-290.6419
0
3DFACE
8
C2
10
580.000
20
60.000
30
-289.7203
11
590.000
21
60.000
31
-290.4154
12
590.000
22
70.000
32
-290.9475
13
580.000
23
70.000
33
-290.4014
0
3DFACE
8
C2
10
590.000
20
60.000
30
-290.4154
11
600.000
21
60.000
31
-290.2282
12
600.000
22
70.000
32
-290.7108
13
590.000
23
70.000
33
-290.9475
0
3DFACE
8
C2
10
600.000
20
60.000
30
-290.2282
11
610.000
21
60.000
31
-289.2686
12
610.000
22
70.000
32
-289.7955
13
600.000
23
70.000
33
-290.7108
0
3DFACE
8
C2
10
610.000
20
60.000
30
-289.2686
11
620.000
21
60.000
31
-287.5044
12
620.000
22
70.000
32
-288.1338
13
610.000
23
70.000
33
-289.7955
0
3DFACE
8
C2
10
620.000
20
60.000
30
-287.5044
11
630.000
21
60.000
31
-286.6613
12
630.000
22
70.000
32
-287.2979
13
620.000
23
70.000
33
-288.1338
0
3DFACE
8
C2
10
630.000
20
60.000
30
-286.6613
11
640.000
21
60.000
31
-286.7697
12
640.000
22
70.000
32
-287.3397
13
630.000
23
70.000
33
-287.2979
0
3DFACE
8
C2
10
640.000
20
60.000
30
-286.7697
11
650.000
21
60.000
31
-287.3646
12
650.000
22
70.000
32
-287.8709
13
640.000
23
70.000
33
-287.3397
0
3DFACE
8
C2
10
650.000
20
60.000
30
-287.3646
11
660.000
21
60.000
31
-288.4405
12
660.000
22
70.000
32
-288.7462
13
650.000
23
70.000
33
-287.8709
0
3DFACE
8
C2
10
660.000
20
60.000
30
-288.4405
11
670.000
21
60.000
31
-290.4916
12
670.000
22
70.000
32
-290.7313
13
660.000
23
70.000
33
-288.7462
0
3DFACE
8
C2
10
670.000
20
60.000
30
-290.4916
11
680.000
21
60.000
31
-293.0234
12
680.000
22
70.000
32
-293.1393
13
670.000
23
70.000
33
-290.7313
0
3DFACE
8
C2
10
680.000
20
60.000
30
-293.0234
11
690.000
21
60.000
31
-296.2736
12
690.000
22
70.000
32
-296.2285
13
680.000
23
70.000
33
-293.1393
0
3DFACE
8
C2
10
690.000
20
60.000
30
-296.2736
11
700.000
21
60.000
31
-298.7602
12
700.000
22
70.000
32
-298.6706
13
690.000
23
70.000
33
-296.2285
0
3DFACE
8
C2
10
0.000
20
70.000
30
-337.5804
11
10.000
21
70.000
31
-337.6548
12
10.000
22
80.000
32
-335.3397
13
0.000
23
80.000
33
-335.3345
0
3DFACE
8
C2
10
10.000
20
70.000
30
-337.6548
11
20.000
21
70.000
31
-336.7632
12
20.000
22
80.000
32
-334.2984
13
10.000
23
80.000
33
-335.3397
0
3DFACE
8
C2
10
20.000
20
70.000
30
-336.7632
11
30.000
21
70.000
31
-336.5597
12
30.000
22
80.000
32
-334.0146
13
20.000
23
80.000
33
-334.2984
0
3DFACE
8
C2
10
30.000
20
70.000
30
-336.5597
11
40.000
21
70.000
31
-336.8817
12
40.000
22
80.000
32
-334.2636
13
30.000
23
80.000
33
-334.0146
0
3DFACE
8
C2
10
40.000
20
70.000
30
-336.8817
11
50.000
21
70.000
31
-336.4474
12
50.000
22
80.000
32
-333.7544
13
40.000
23
80.000
33
-334.2636
0
3DFACE
8
C2
10
50.000
20
70.000
30
-336.4474
11
60.000
21
70.000
31
-334.8800
12
60.000
22
80.000
32
-332.1897
13
50.000
23
80.000
33
-333.7544
0
3DFACE
8
C2
10
60.000
20
70.000
30
-334.8800
11
70.000
21
70.000
31
-331.9824
12
70.000
22
80.000
32
-329.3205
13
60.000
23
80.000
33
-332.1897
0
3DFACE
8
C2
10
70.000
20
70.000
30
-331.9824
11
80.000
21
70.000
31
-330.9958
12
80.000
22
80.000
32
-328.2364
13
70.000
23
80.000
33
-329.3205
0
3DFACE
8
C2
10
80.000
20
70.000
30
-330.9958
11
90.000
21
70.000
31
-330.9602
12
90.000
22
80.000
32
-328.1914
13
80.000
23
80.000
33
-328.2364
0
3DFACE
8
C2
10
90.000
20
70.000
30
-330.9602
11
100.000
21
70.000
31
-330.0974
12
100.000
22
80.000
32
-327.3555
13
90.000
23
80.000
33
-328.1914
0
3DFACE
8
C2
10
100.000
20
70.000
30
-330.0974
11
110.000
21
70.000
31
-328.4840
12
110.000
22
80.000
32
-325.8964
13
100.000
23
80.000
33
-327.3555
0
3DFACE
8
C2
10
110.000
20
70.000
30
-328.4840
11
120.000
21
70.000
31
-325.3680
12
120.000
22
80.000
32
-323.2238
13
110.000
23
80.000
33
-325.8964
0
3DFACE
8
C2
10
120.000
20
70.000
30
-325.3680
11
130.000
21
70.000
31
-324.4927
12
130.000
22
80.000
32
-322.5495
13
120.000
23
80.000
33
-323.2238
0
3DFACE
8
C2
10
130.000
20
70.000
30
-324.4927
11
140.000
21
70.000
31
-325.6609
12
140.000
22
80.000
32
-323.8408
13
130.000
23
80.000
33
-322.5495
0
3DFACE
8
C2
10
140.000
20
70.000
30
-325.6609
11
150.000
21
70.000
31
-326.3099
12
150.000
22
80.000
32
-324.6510
13
140.000
23
80.000
33
-323.8408
0
3DFACE
8
C2
10
150.000
20
70.000
30
-326.3099
11
160.000
21
70.000
31
-327.3477
12
160.000
22
80.000
32
-325.8660
13
150.000
23
80.000
33
-324.6510
0
3DFACE
8
C2
10
160.000
20
70.000
30
-327.3477
11
170.000
21
70.000
31
-330.1060
12
170.000
22
80.000
32
-328.7205
13
160.000
23
80.000
33
-325.8660
0
3DFACE
8
C2
10
170.000
20
70.000
30
-330.1060
11
180.000
21
70.000
31
-331.1241
12
180.000
22
80.000
32
-329.7619
13
170.000
23
80.000
33
-328.7205
0
3DFACE
8
C2
10
180.000
20
70.000
30
-331.1241
11
190.000
21
70.000
31
-333.3052
12
190.000
22
80.000
32
-331.6734
13
180.000
23
80.000
33
-329.7619
0
3DFACE
8
C2
10
190.000
20
70.000
30
-333.3052
11
200.000
21
70.000
31
-333.5789
12
200.000
22
80.000
32
-331.9386
13
190.000
23
80.000
33
-331.6734
0
3DFACE
8
C2
10
200.000
20
70.000
30
-333.5789
11
210.000
21
70.000
31
-333.2767
12
210.000
22
80.000
32
-331.7202
13
200.000
23
80.000
33
-331.9386
0
3DFACE
8
C2
10
210.000
20
70.000
30
-333.2767
11
220.000
21
70.000
31
-333.5114
12
220.000
22
80.000
32
-332.0505
13
210.000
23
80.000
33
-331.7202
0
3DFACE
8
C2
10
220.000
20
70.000
30
-333.5114
11
230.000
21
70.000
31
-332.1476
12
230.000
22
80.000
32
-330.8634
13
220.000
23
80.000
33
-332.0505
0
3DFACE
8
C2
10
230.000
20
70.000
30
-332.1476
11
240.000
21
70.000
31
-328.9709
12
240.000
22
80.000
32
-327.9030
13
230.000
23
80.000
33
-330.8634
0
3DFACE
8
C2
10
240.000
20
70.000
30
-328.9709
11
250.000
21
70.000
31
-327.6132
12
250.000
22
80.000
32
-326.7536
13
240.000
23
80.000
33
-327.9030
0
3DFACE
8
C2
10
250.000
20
70.000
30
-327.6132
11
260.000
21
70.000
31
-326.6209
12
260.000
22
80.000
32
-326.0129
13
250.000
23
80.000
33
-326.7536
0
3DFACE
8
C2
10
260.000
20
70.000
30
-326.6209
11
270.000
21
70.000
31
-326.7982
12
270.000
22
80.000
32
-326.4208
13
260.000
23
80.000
33
-326.0129
0
3DFACE
8
C2
10
270.000
20
70.000
30
-326.7982
11
280.000
21
70.000
31
-325.9942
12
280.000
22
80.000
32
-325.8639
13
270.000
23
80.000
33
-326.4208
0
3DFACE
8
C2
10
280.000
20
70.000
30
-325.9942
11
290.000
21
70.000
31
-323.8916
12
290.000
22
80.000
32
-324.0280
13
280.000
23
80.000
33
-325.8639
0
3DFACE
8
C2
10
290.000
20
70.000
30
-323.8916
11
300.000
21
70.000
31
-322.7269
12
300.000
22
80.000
32
-322.9712
13
290.000
23
80.000
33
-324.0280
0
3DFACE
8
C2
10
300.000
20
70.000
30
-322.7269
11
310.000
21
70.000
31
-321.4819
12
310.000
22
80.000
32
-321.6880
13
300.000
23
80.000
33
-322.9712
0
3DFACE
8
C2
10
310.000
20
70.000
30
-321.4819
11
320.000
21
70.000
31
-320.5568
12
320.000
22
80.000
32
-320.5400
13
310.000
23
80.000
33
-321.6880
0
3DFACE
8
C2
10
320.000
20
70.000
30
-320.5568
11
330.000
21
70.000
31
-319.0178
12
330.000
22
80.000
32
-318.8208
13
320.000
23
80.000
33
-320.5400
0
3DFACE
8
C2
10
330.000
20
70.000
30
-319.0178
11
340.000
21
70.000
31
-316.3792
12
340.000
22
80.000
32
-316.0317
13
330.000
23
80.000
33
-318.8208
0
3DFACE
8
C2
10
340.000
20
70.000
30
-316.3792
11
350.000
21
70.000
31
-314.5965
12
350.000
22
80.000
32
-314.1416
13
340.000
23
80.000
33
-316.0317
0
3DFACE
8
C2
10
350.000
20
70.000
30
-314.5965
11
360.000
21
70.000
31
-312.9398
12
360.000
22
80.000
32
-312.4652
13
350.000
23
80.000
33
-314.1416
0
3DFACE
8
C2
10
360.000
20
70.000
30
-312.9398
11
370.000
21
70.000
31
-312.2192
12
370.000
22
80.000
32
-311.9212
13
360.000
23
80.000
33
-312.4652
0
3DFACE
8
C2
10
370.000
20
70.000
30
-312.2192
11
380.000
21
70.000
31
-310.9406
12
380.000
22
80.000
32
-310.7954
13
370.000
23
80.000
33
-311.9212
0
3DFACE
8
C2
10
380.000
20
70.000
30
-310.9406
11
390.000
21
70.000
31
-309.4251
12
390.000
22
80.000
32
-309.4983
13
380.000
23
80.000
33
-310.7954
0
3DFACE
8
C2
10
390.000
20
70.000
30
-309.4251
11
400.000
21
70.000
31
-308.6929
12
400.000
22
80.000
32
-308.8086
13
390.000
23
80.000
33
-309.4983
0
3DFACE
8
C2
10
400.000
20
70.000
30
-308.6929
11
410.000
21
70.000
31
-308.4094
12
410.000
22
80.000
32
-308.4790
13
400.000
23
80.000
33
-308.8086
0
3DFACE
8
C2
10
410.000
20
70.000
30
-308.4094
11
420.000
21
70.000
31
-309.2780
12
420.000
22
80.000
32
-309.1833
13
410.000
23
80.000
33
-308.4790
0
3DFACE
8
C2
10
420.000
20
70.000
30
-309.2780
11
430.000
21
70.000
31
-309.3564
12
430.000
22
80.000
32
-309.1833
13
420.000
23
80.000
33
-309.1833
0
3DFACE
8
C2
10
430.000
20
70.000
30
-309.3564
11
440.000
21
70.000
31
-308.5752
12
440.000
22
80.000
32
-308.1961
13
430.000
23
80.000
33
-309.1833
0
3DFACE
8
C2
10
440.000
20
70.000
30
-308.5752
11
450.000
21
70.000
31
-308.5527
12
450.000
22
80.000
32
-308.0883
13
440.000
23
80.000
33
-308.1961
0
3DFACE
8
C2
10
450.000
20
70.000
30
-308.5527
11
460.000
21
70.000
31
-308.5252
12
460.000
22
80.000
32
-308.0309
13
450.000
23
80.000
33
-308.0883
0
3DFACE
8
C2
10
460.000
20
70.000
30
-308.5252
11
470.000
21
70.000
31
-309.4064
12
470.000
22
80.000
32
-308.8734
13
460.000
23
80.000
33
-308.0309
0
3DFACE
8
C2
10
470.000
20
70.000
30
-309.4064
11
480.000
21
70.000
31
-308.5567
12
480.000
22
80.000
32
-308.0744
13
470.000
23
80.000
33
-308.8734
0
3DFACE
8
C2
10
480.000
20
70.000
30
-308.5567
11
490.000
21
70.000
31
-306.2373
12
490.000
22
80.000
32
-305.8681
13
480.000
23
80.000
33
-308.0744
0
3DFACE
8
C2
10
490.000
20
70.000
30
-306.2373
11
500.000
21
70.000
31
-304.2498
12
500.000
22
80.000
32
-303.8977
13
490.000
23
80.000
33
-305.8681
0
3DFACE
8
C2
10
500.000
20
70.000
30
-304.2498
11
510.000
21
70.000
31
-301.9789
12
510.000
22
80.000
32
-301.6409
13
500.000
23
80.000
33
-303.8977
0
3DFACE
8
C2
10
510.000
20
70.000
30
-301.9789
11
520.000
21
70.000
31
-299.1162
12
520.000
22
80.000
32
-298.7895
13
510.000
23
80.000
33
-301.6409
0
3DFACE
8
C2
10
520.000
20
70.000
30
-299.1162
11
530.000
21
70.000
31
-296.8950
12
530.000
22
80.000
32
-296.5891
13
520.000
23
80.000
33
-298.7895
0
3DFACE
8
C2
10
530.000
20
70.000
30
-296.8950
11
540.000
21
70.000
31
-293.9223
12
540.000
22
80.000
32
-293.7846
13
530.000
23
80.000
33
-296.5891
0
3DFACE
8
C2
10
540.000
20
70.000
30
-293.9223
11
550.000
21
70.000
31
-292.5181
12
550.000
22
80.000
32
-292.4917
13
540.000
23
80.000
33
-293.7846
0
3DFACE
8
C2
10
550.000
20
70.000
30
-292.5181
11
560.000
21
70.000
31
-291.4680
12
560.000
22
80.000
32
-291.4404
13
550.000
23
80.000
33
-292.4917
0
3DFACE
8
C2
10
560.000
20
70.000
30
-291.4680
11
570.000
21
70.000
31
-290.6419
12
570.000
22
80.000
32
-290.5033
13
560.000
23
80.000
33
-291.4404
0
3DFACE
8
C2
10
570.000
20
70.000
30
-290.6419
11
580.000
21
70.000
31
-290.4014
12
580.000
22
80.000
32
-290.1940
13
570.000
23
80.000
33
-290.5033
0
3DFACE
8
C2
10
580.000
20
70.000
30
-290.4014
11
590.000
21
70.000
31
-290.9475
12
590.000
22
80.000
32
-290.7628
13
580.000
23
80.000
33
-290.1940
0
3DFACE
8
C2
10
590.000
20
70.000
30
-290.9475
11
600.000
21
70.000
31
-290.7108
12
600.000
22
80.000
32
-290.5788
13
590.000
23
80.000
33
-290.7628
0
3DFACE
8
C2
10
600.000
20
70.000
30
-290.7108
11
610.000
21
70.000
31
-289.7955
12
610.000
22
80.000
32
-289.6090
13
600.000
23
80.000
33
-290.5788
0
3DFACE
8
C2
10
610.000
20
70.000
30
-289.7955
11
620.000
21
70.000
31
-288.1338
12
620.000
22
80.000
32
-287.9371
13
610.000
23
80.000
33
-289.6090
0
3DFACE
8
C2
10
620.000
20
70.000
30
-288.1338
11
630.000
21
70.000
31
-287.2979
12
630.000
22
80.000
32
-287.1230
13
620.000
23
80.000
33
-287.9371
0
3DFACE
8
C2
10
630.000
20
70.000
30
-287.2979
11
640.000
21
70.000
31
-287.3397
12
640.000
22
80.000
32
-287.3030
13
630.000
23
80.000
33
-287.1230
0
3DFACE
8
C2
10
640.000
20
70.000
30
-287.3397
11
650.000
21
70.000
31
-287.8709
12
650.000
22
80.000
32
-287.9258
13
640.000
23
80.000
33
-287.3030
0
3DFACE
8
C2
10
650.000
20
70.000
30
-287.8709
11
660.000
21
70.000
31
-288.7462
12
660.000
22
80.000
32
-288.7668
13
650.000
23
80.000
33
-287.9258
0
3DFACE
8
C2
10
660.000
20
70.000
30
-288.7462
11
670.000
21
70.000
31
-290.7313
12
670.000
22
80.000
32
-290.7465
13
660.000
23
80.000
33
-288.7668
0
3DFACE
8
C2
10
670.000
20
70.000
30
-290.7313
11
680.000
21
70.000
31
-293.1393
12
680.000
22
80.000
32
-293.2079
13
670.000
23
80.000
33
-290.7465
0
3DFACE
8
C2
10
680.000
20
70.000
30
-293.1393
11
690.000
21
70.000
31
-296.2285
12
690.000
22
80.000
32
-296.3293
13
680.000
23
80.000
33
-293.2079
0
3DFACE
8
C2
10
690.000
20
70.000
30
-296.2285
11
700.000
21
70.000
31
-298.6706
12
700.000
22
80.000
32
-298.8621
13
690.000
23
80.000
33
-296.3293
0
3DFACE
8
C2
10
0.000
20
80.000
30
-335.3345
11
10.000
21
80.000
31
-335.3397
12
10.000
22
90.000
32
-331.1066
13
0.000
23
90.000
33
-331.1674
0
3DFACE
8
C2
10
10.000
20
80.000
30
-335.3397
11
20.000
21
80.000
31
-334.2984
12
20.000
22
90.000
32
-329.8818
13
10.000
23
90.000
33
-331.1066
0
3DFACE
8
C2
10
20.000
20
80.000
30
-334.2984
11
30.000
21
80.000
31
-334.0146
12
30.000
22
90.000
32
-329.5443
13
20.000
23
90.000
33
-329.8818
0
3DFACE
8
C2
10
30.000
20
80.000
30
-334.0146
11
40.000
21
80.000
31
-334.2636
12
40.000
22
90.000
32
-329.7862
13
30.000
23
90.000
33
-329.5443
0
3DFACE
8
C2
10
40.000
20
80.000
30
-334.2636
11
50.000
21
80.000
31
-333.7544
12
50.000
22
90.000
32
-329.2165
13
40.000
23
90.000
33
-329.7862
0
3DFACE
8
C2
10
50.000
20
80.000
30
-333.7544
11
60.000
21
80.000
31
-332.1897
12
60.000
22
90.000
32
-327.5580
13
50.000
23
90.000
33
-329.2165
0
3DFACE
8
C2
10
60.000
20
80.000
30
-332.1897
11
70.000
21
80.000
31
-329.3205
12
70.000
22
90.000
32
-324.8932
13
60.000
23
90.000
33
-327.5580
0
3DFACE
8
C2
10
70.000
20
80.000
30
-329.3205
11
80.000
21
80.000
31
-328.2364
12
80.000
22
90.000
32
-323.7879
13
70.000
23
90.000
33
-324.8932
0
3DFACE
8
C2
10
80.000
20
80.000
30
-328.2364
11
90.000
21
80.000
31
-328.1914
12
90.000
22
90.000
32
-323.8560
13
80.000
23
90.000
33
-323.7879
0
3DFACE
8
C2
10
90.000
20
80.000
30
-328.1914
11
100.000
21
80.000
31
-327.3555
12
100.000
22
90.000
32
-323.0282
13
90.000
23
90.000
33
-323.8560
0
3DFACE
8
C2
10
100.000
20
80.000
30
-327.3555
11
110.000
21
80.000
31
-325.8964
12
110.000
22
90.000
32
-321.5624
13
100.000
23
90.000
33
-323.0282
0
3DFACE
8
C2
10
110.000
20
80.000
30
-325.8964
11
120.000
21
80.000
31
-323.2238
12
120.000
22
90.000
32
-319.5757
13
110.000
23
90.000
33
-321.5624
0
3DFACE
8
C2
10
120.000
20
80.000
30
-323.2238
11
130.000
21
80.000
31
-322.5495
12
130.000
22
90.000
32
-319.0027
13
120.000
23
90.000
33
-319.5757
0
3DFACE
8
C2
10
130.000
20
80.000
30
-322.5495
11
140.000
21
80.000
31
-323.8408
12
140.000
22
90.000
32
-320.2989
13
130.000
23
90.000
33
-319.0027
0
3DFACE
8
C2
10
140.000
20
80.000
30
-323.8408
11
150.000
21
80.000
31
-324.6510
12
150.000
22
90.000
32
-321.6228
13
140.000
23
90.000
33
-320.2989
0
3DFACE
8
C2
10
150.000
20
80.000
30
-324.6510
11
160.000
21
80.000
31
-325.8660
12
160.000
22
90.000
32
-323.5002
13
150.000
23
90.000
33
-321.6228
0
3DFACE
8
C2
10
160.000
20
80.000
30
-325.8660
11
170.000
21
80.000
31
-328.7205
12
170.000
22
90.000
32
-326.7078
13
160.000
23
90.000
33
-323.5002
0
3DFACE
8
C2
10
170.000
20
80.000
30
-328.7205
11
180.000
21
80.000
31
-329.7619
12
180.000
22
90.000
32
-328.4671
13
170.000
23
90.000
33
-326.7078
0
3DFACE
8
C2
10
180.000
20
80.000
30
-329.7619
11
190.000
21
80.000
31
-331.6734
12
190.000
22
90.000
32
-330.4240
13
180.000
23
90.000
33
-328.4671
0
3DFACE
8
C2
10
190.000
20
80.000
30
-331.6734
11
200.000
21
80.000
31
-331.9386
12
200.000
22
90.000
32
-331.3571
13
190.000
23
90.000
33
-330.4240
0
3DFACE
8
C2
10
200.000
20
80.000
30
-331.9386
11
210.000
21
80.000
31
-331.7202
12
210.000
22
90.000
32
-331.6192
13
200.000
23
90.000
33
-331.3571
0
3DFACE
8
C2
10
210.000
20
80.000
30
-331.7202
11
220.000
21
80.000
31
-332.0505
12
220.000
22
90.000
32
-331.9277
13
210.000
23
90.000
33
-331.6192
0
3DFACE
8
C2
10
220.000
20
80.000
30
-332.0505
11
230.000
21
80.000
31
-330.8634
12
230.000
22
90.000
32
-330.8786
13
220.000
23
90.000
33
-331.9277
0
3DFACE
8
C2
10
230.000
20
80.000
30
-330.8634
11
240.000
21
80.000
31
-327.9030
12
240.000
22
90.000
32
-328.3868
13
230.000
23
90.000
33
-330.8786
0
3DFACE
8
C2
10
240.000
20
80.000
30
-327.9030
11
250.000
21
80.000
31
-326.7536
12
250.000
22
90.000
32
-327.3557
13
240.000
23
90.000
33
-328.3868
0
3DFACE
8
C2
10
250.000
20
80.000
30
-326.7536
11
260.000
21
80.000
31
-326.0129
12
260.000
22
90.000
32
-326.7663
13
250.000
23
90.000
33
-327.3557
0
3DFACE
8
C2
10
260.000
20
80.000
30
-326.0129
11
270.000
21
80.000
31
-326.4208
12
270.000
22
90.000
32
-327.1170
13
260.000
23
90.000
33
-326.7663
0
3DFACE
8
C2
10
270.000
20
80.000
30
-326.4208
11
280.000
21
80.000
31
-325.8639
12
280.000
22
90.000
32
-326.7294
13
270.000
23
90.000
33
-327.1170
0
3DFACE
8
C2
10
280.000
20
80.000
30
-325.8639
11
290.000
21
80.000
31
-324.0280
12
290.000
22
90.000
32
-325.2867
13
280.000
23
90.000
33
-326.7294
0
3DFACE
8
C2
10
290.000
20
80.000
30
-324.0280
11
300.000
21
80.000
31
-322.9712
12
300.000
22
90.000
32
-324.2232
13
290.000
23
90.000
33
-325.2867
0
3DFACE
8
C2
10
300.000
20
80.000
30
-322.9712
11
310.000
21
80.000
31
-321.6880
12
310.000
22
90.000
32
-322.8124
13
300.000
23
90.000
33
-324.2232
0
3DFACE
8
C2
10
310.000
20
80.000
30
-321.6880
11
320.000
21
80.000
31
-320.5400
12
320.000
22
90.000
32
-321.2904
13
310.000
23
90.000
33
-322.8124
0
3DFACE
8
C2
10
320.000
20
80.000
30
-320.5400
11
330.000
21
80.000
31
-318.8208
12
330.000
22
90.000
32
-319.3385
13
320.000
23
90.000
33
-321.2904
0
3DFACE
8
C2
10
330.000
20
80.000
30
-318.8208
11
340.000
21
80.000
31
-316.0317
12
340.000
22
90.000
32
-316.5946
13
330.000
23
90.000
33
-319.3385
0
3DFACE
8
C2
10
340.000
20
80.000
30
-316.0317
11
350.000
21
80.000
31
-314.1416
12
350.000
22
90.000
32
-314.5791
13
340.000
23
90.000
33
-316.5946
0
3DFACE
8
C2
10
350.000
20
80.000
30
-314.1416
11
360.000
21
80.000
31
-312.4652
12
360.000
22
90.000
32
-312.8808
13
350.000
23
90.000
33
-314.5791
0
3DFACE
8
C2
10
360.000
20
80.000
30
-312.4652
11
370.000
21
80.000
31
-311.9212
12
370.000
22
90.000
32
-312.4065
13
360.000
23
90.000
33
-312.8808
0
3DFACE
8
C2
10
370.000
20
80.000
30
-311.9212
11
380.000
21
80.000
31
-310.7954
12
380.000
22
90.000
32
-311.4506
13
370.000
23
90.000
33
-312.4065
0
3DFACE
8
C2
10
380.000
20
80.000
30
-310.7954
11
390.000
21
80.000
31
-309.4983
12
390.000
22
90.000
32
-310.5468
13
380.000
23
90.000
33
-311.4506
0
3DFACE
8
C2
10
390.000
20
80.000
30
-309.4983
11
400.000
21
80.000
31
-308.8086
12
400.000
22
90.000
32
-310.0256
13
390.000
23
90.000
33
-310.5468
0
3DFACE
8
C2
10
400.000
20
80.000
30
-308.8086
11
410.000
21
80.000
31
-308.4790
12
410.000
22
90.000
32
-309.7654
13
400.000
23
90.000
33
-310.0256
0
3DFACE
8
C2
10
410.000
20
80.000
30
-308.4790
11
420.000
21
80.000
31
-309.1833
12
420.000
22
90.000
32
-310.2782
13
410.000
23
90.000
33
-309.7654
0
3DFACE
8
C2
10
420.000
20
80.000
30
-309.1833
11
430.000
21
80.000
31
-309.1833
12
430.000
22
90.000
32
-310.2727
13
420.000
23
90.000
33
-310.2782
0
3DFACE
8
C2
10
430.000
20
80.000
30
-309.1833
11
440.000
21
80.000
31
-308.1961
12
440.000
22
90.000
32
-309.3028
13
430.000
23
90.000
33
-310.2727
0
3DFACE
8
C2
10
440.000
20
80.000
30
-308.1961
11
450.000
21
80.000
31
-308.0883
12
450.000
22
90.000
32
-309.1517
13
440.000
23
90.000
33
-309.3028
0
3DFACE
8
C2
10
450.000
20
80.000
30
-308.0883
11
460.000
21
80.000
31
-308.0309
12
460.000
22
90.000
32
-308.9929
13
450.000
23
90.000
33
-309.1517
0
3DFACE
8
C2
10
460.000
20
80.000
30
-308.0309
11
470.000
21
80.000
31
-308.8734
12
470.000
22
90.000
32
-309.4781
13
460.000
23
90.000
33
-308.9929
0
3DFACE
8
C2
10
470.000
20
80.000
30
-308.8734
11
480.000
21
80.000
31
-308.0744
12
480.000
22
90.000
32
-308.5951
13
470.000
23
90.000
33
-309.4781
0
3DFACE
8
C2
10
480.000
20
80.000
30
-308.0744
11
490.000
21
80.000
31
-305.8681
12
490.000
22
90.000
32
-306.5012
13
480.000
23
90.000
33
-308.5951
0
3DFACE
8
C2
10
490.000
20
80.000
30
-305.8681
11
500.000
21
80.000
31
-303.8977
12
500.000
22
90.000
32
-304.3506
13
490.000
23
90.000
33
-306.5012
0
3DFACE
8
C2
10
500.000
20
80.000
30
-303.8977
11
510.000
21
80.000
31
-301.6409
12
510.000
22
90.000
32
-301.7963
13
500.000
23
90.000
33
-304.3506
0
3DFACE
8
C2
10
510.000
20
80.000
30
-301.6409
11
520.000
21
80.000
31
-298.7895
12
520.000
22
90.000
32
-298.7829
13
510.000
23
90.000
33
-301.7963
0
3DFACE
8
C2
10
520.000
20
80.000
30
-298.7895
11
530.000
21
80.000
31
-296.5891
12
530.000
22
90.000
32
-296.3762
13
520.000
23
90.000
33
-298.7829
0
3DFACE
8
C2
10
530.000
20
80.000
30
-296.5891
11
540.000
21
80.000
31
-293.7846
12
540.000
22
90.000
32
-293.7637
13
530.000
23
90.000
33
-296.3762
0
3DFACE
8
C2
10
540.000
20
80.000
30
-293.7846
11
550.000
21
80.000
31
-292.4917
12
550.000
22
90.000
32
-292.4148
13
540.000
23
90.000
33
-293.7637
0
3DFACE
8
C2
10
550.000
20
80.000
30
-292.4917
11
560.000
21
80.000
31
-291.4404
12
560.000
22
90.000
32
-291.2136
13
550.000
23
90.000
33
-292.4148
0
3DFACE
8
C2
10
560.000
20
80.000
30
-291.4404
11
570.000
21
80.000
31
-290.5033
12
570.000
22
90.000
32
-290.1252
13
560.000
23
90.000
33
-291.2136
0
3DFACE
8
C2
10
570.000
20
80.000
30
-290.5033
11
580.000
21
80.000
31
-290.1940
12
580.000
22
90.000
32
-289.8623
13
570.000
23
90.000
33
-290.1252
0
3DFACE
8
C2
10
580.000
20
80.000
30
-290.1940
11
590.000
21
80.000
31
-290.7628
12
590.000
22
90.000
32
-290.5253
13
580.000
23
90.000
33
-289.8623
0
3DFACE
8
C2
10
590.000
20
80.000
30
-290.7628
11
600.000
21
80.000
31
-290.5788
12
600.000
22
90.000
32
-290.4907
13
590.000
23
90.000
33
-290.5253
0
3DFACE
8
C2
10
600.000
20
80.000
30
-290.5788
11
610.000
21
80.000
31
-289.6090
12
610.000
22
90.000
32
-289.3286
13
600.000
23
90.000
33
-290.4907
0
3DFACE
8
C2
10
610.000
20
80.000
30
-289.6090
11
620.000
21
80.000
31
-287.9371
12
620.000
22
90.000
32
-287.3142
13
610.000
23
90.000
33
-289.3286
0
3DFACE
8
C2
10
620.000
20
80.000
30
-287.9371
11
630.000
21
80.000
31
-287.1230
12
630.000
22
90.000
32
-286.4214
13
620.000
23
90.000
33
-287.3142
0
3DFACE
8
C2
10
630.000
20
80.000
30
-287.1230
11
640.000
21
80.000
31
-287.3030
12
640.000
22
90.000
32
-286.7642
13
630.000
23
90.000
33
-286.4214
0
3DFACE
8
C2
10
640.000
20
80.000
30
-287.3030
11
650.000
21
80.000
31
-287.9258
12
650.000
22
90.000
32
-287.5246
13
640.000
23
90.000
33
-286.7642
0
3DFACE
8
C2
10
650.000
20
80.000
30
-287.9258
11
660.000
21
80.000
31
-288.7668
12
660.000
22
90.000
32
-288.4164
13
650.000
23
90.000
33
-287.5246
0
3DFACE
8
C2
10
660.000
20
80.000
30
-288.7668
11
670.000
21
80.000
31
-290.7465
12
670.000
22
90.000
32
-290.3857
13
660.000
23
90.000
33
-288.4164
0
3DFACE
8
C2
10
670.000
20
80.000
30
-290.7465
11
680.000
21
80.000
31
-293.2079
12
680.000
22
90.000
32
-293.0629
13
670.000
23
90.000
33
-290.3857
0
3DFACE
8
C2
10
680.000
20
80.000
30
-293.2079
11
690.000
21
80.000
31
-296.3293
12
690.000
22
90.000
32
-296.5522
13
680.000
23
90.000
33
-293.0629
0
3DFACE
8
C2
10
690.000
20
80.000
30
-296.3293
11
700.000
21
80.000
31
-298.8621
12
700.000
22
90.000
32
-299.3185
13
690.000
23
90.000
33
-296.5522
0
3DFACE
8
C2
10
0.000
20
90.000
30
-331.1674
11
10.000
21
90.000
31
-331.1066
12
10.000
22
100.000
32
-327.6411
13
0.000
23
100.000
33
-327.9555
0
3DFACE
8
C2
10
10.000
20
90.000
30
-331.1066
11
20.000
21
90.000
31
-329.8818
12
20.000
22
100.000
32
-326.2678
13
10.000
23
100.000
33
-327.6411
0
3DFACE
8
C2
10
20.000
20
90.000
30
-329.8818
11
30.000
21
90.000
31
-329.5443
12
30.000
22
100.000
32
-325.6931
13
20.000
23
100.000
33
-326.2678
0
3DFACE
8
C2
10
30.000
20
90.000
30
-329.5443
11
40.000
21
90.000
31
-329.7862
12
40.000
22
100.000
32
-325.6390
13
30.000
23
100.000
33
-325.6931
0
3DFACE
8
C2
10
40.000
20
90.000
30
-329.7862
11
50.000
21
90.000
31
-329.2165
12
50.000
22
100.000
32
-325.0005
13
40.000
23
100.000
33
-325.6390
0
3DFACE
8
C2
10
50.000
20
90.000
30
-329.2165
11
60.000
21
90.000
31
-327.5580
12
60.000
22
100.000
32
-323.4449
13
50.000
23
100.000
33
-325.0005
0
3DFACE
8
C2
10
60.000
20
90.000
30
-327.5580
11
70.000
21
90.000
31
-324.8932
12
70.000
22
100.000
32
-321.0384
13
60.000
23
100.000
33
-323.4449
0
3DFACE
8
C2
10
70.000
20
90.000
30
-324.8932
11
80.000
21
90.000
31
-323.7879
12
80.000
22
100.000
32
-320.0065
13
70.000
23
100.000
33
-321.0384
0
3DFACE
8
C2
10
80.000
20
90.000
30
-323.7879
11
90.000
21
90.000
31
-323.8560
12
90.000
22
100.000
32
-320.0386
13
80.000
23
100.000
33
-320.0065
0
3DFACE
8
C2
10
90.000
20
90.000
30
-323.8560
11
100.000
21
90.000
31
-323.0282
12
100.000
22
100.000
32
-319.3034
13
90.000
23
100.000
33
-320.0386
0
3DFACE
8
C2
10
100.000
20
90.000
30
-323.0282
11
110.000
21
90.000
31
-321.5624
12
110.000
22
100.000
32
-318.0942
13
100.000
23
100.000
33
-319.3034
0
3DFACE
8
C2
10
110.000
20
90.000
30
-321.5624
11
120.000
21
90.000
31
-319.5757
12
120.000
22
100.000
32
-316.6960
13
110.000
23
100.000
33
-318.0942
0
3DFACE
8
C2
10
120.000
20
90.000
30
-319.5757
11
130.000
21
90.000
31
-319.0027
12
130.000
22
100.000
32
-316.4047
13
120.000
23
100.000
33
-316.6960
0
3DFACE
8
C2
10
130.000
20
90.000
30
-319.0027
11
140.000
21
90.000
31
-320.2989
12
140.000
22
100.000
32
-317.8147
13
130.000
23
100.000
33
-316.4047
0
3DFACE
8
C2
10
140.000
20
90.000
30
-320.2989
11
150.000
21
90.000
31
-321.6228
12
150.000
22
100.000
32
-319.3501
13
140.000
23
100.000
33
-317.8147
0
3DFACE
8
C2
10
150.000
20
90.000
30
-321.6228
11
160.000
21
90.000
31
-323.5002
12
160.000
22
100.000
32
-321.4757
13
150.000
23
100.000
33
-319.3501
0
3DFACE
8
C2
10
160.000
20
90.000
30
-323.5002
11
170.000
21
90.000
31
-326.7078
12
170.000
22
100.000
32
-324.8360
13
160.000
23
100.000
33
-321.4757
0
3DFACE
8
C2
10
170.000
20
90.000
30
-326.7078
11
180.000
21
90.000
31
-328.4671
12
180.000
22
100.000
32
-326.8773
13
170.000
23
100.000
33
-324.8360
0
3DFACE
8
C2
10
180.000
20
90.000
30
-328.4671
11
190.000
21
90.000
31
-330.4240
12
190.000
22
100.000
32
-328.8184
13
180.000
23
100.000
33
-326.8773
0
3DFACE
8
C2
10
190.000
20
90.000
30
-330.4240
11
200.000
21
90.000
31
-331.3571
12
200.000
22
100.000
32
-329.9832
13
190.000
23
100.000
33
-328.8184
0
3DFACE
8
C2
10
200.000
20
90.000
30
-331.3571
11
210.000
21
90.000
31
-331.6192
12
210.000
22
100.000
32
-330.4655
13
200.000
23
100.000
33
-329.9832
0
3DFACE
8
C2
10
210.000
20
90.000
30
-331.6192
11
220.000
21
90.000
31
-331.9277
12
220.000
22
100.000
32
-330.8924
13
210.000
23
100.000
33
-330.4655
0
3DFACE
8
C2
10
220.000
20
90.000
30
-331.9277
11
230.000
21
90.000
31
-330.8786
12
230.000
22
100.000
32
-330.0963
13
220.000
23
100.000
33
-330.8924
0
3DFACE
8
C2
10
230.000
20
90.000
30
-330.8786
11
240.000
21
90.000
31
-328.3868
12
240.000
22
100.000
32
-327.9911
13
230.000
23
100.000
33
-330.0963
0
3DFACE
8
C2
10
240.000
20
90.000
30
-328.3868
11
250.000
21
90.000
31
-327.3557
12
250.000
22
100.000
32
-327.1418
13
240.000
23
100.000
33
-327.9911
0
3DFACE
8
C2
10
250.000
20
90.000
30
-327.3557
11
260.000
21
90.000
31
-326.7663
12
260.000
22
100.000
32
-326.6827
13
250.000
23
100.000
33
-327.1418
0
3DFACE
8
C2
10
260.000
20
90.000
30
-326.7663
11
270.000
21
90.000
31
-327.1170
12
270.000
22
100.000
32
-327.0552
13
260.000
23
100.000
33
-326.6827
0
3DFACE
8
C2
10
270.000
20
90.000
30
-327.1170
11
280.000
21
90.000
31
-326.7294
12
280.000
22
100.000
32
-326.8163
13
270.000
23
100.000
33
-327.0552
0
3DFACE
8
C2
10
280.000
20
90.000
30
-326.7294
11
290.000
21
90.000
31
-325.2867
12
290.000
22
100.000
32
-325.6386
13
280.000
23
100.000
33
-326.8163
0
3DFACE
8
C2
10
290.000
20
90.000
30
-325.2867
11
300.000
21
90.000
31
-324.2232
12
300.000
22
100.000
32
-324.6461
13
290.000
23
100.000
33
-325.6386
0
3DFACE
8
C2
10
300.000
20
90.000
30
-324.2232
11
310.000
21
90.000
31
-322.8124
12
310.000
22
100.000
32
-323.1772
13
300.000
23
100.000
33
-324.6461
0
3DFACE
8
C2
10
310.000
20
90.000
30
-322.8124
11
320.000
21
90.000
31
-321.2904
12
320.000
22
100.000
32
-321.4715
13
310.000
23
100.000
33
-323.1772
0
3DFACE
8
C2
10
320.000
20
90.000
30
-321.2904
11
330.000
21
90.000
31
-319.3385
12
330.000
22
100.000
32
-319.4603
13
320.000
23
100.000
33
-321.4715
0
3DFACE
8
C2
10
330.000
20
90.000
30
-319.3385
11
340.000
21
90.000
31
-316.5946
12
340.000
22
100.000
32
-316.8035
13
330.000
23
100.000
33
-319.4603
0
3DFACE
8
C2
10
340.000
20
90.000
30
-316.5946
11
350.000
21
90.000
31
-314.5791
12
350.000
22
100.000
32
-314.8242
13
340.000
23
100.000
33
-316.8035
0
3DFACE
8
C2
10
350.000
20
90.000
30
-314.5791
11
360.000
21
90.000
31
-312.8808
12
360.000
22
100.000
32
-313.2222
13
350.000
23
100.000
33
-314.8242
0
3DFACE
8
C2
10
360.000
20
90.000
30
-312.8808
11
370.000
21
90.000
31
-312.4065
12
370.000
22
100.000
32
-312.8831
13
360.000
23
100.000
33
-313.2222
0
3DFACE
8
C2
10
370.000
20
90.000
30
-312.4065
11
380.000
21
90.000
31
-311.4506
12
380.000
22
100.000
32
-312.1878
13
370.000
23
100.000
33
-312.8831
0
3DFACE
8
C2
10
380.000
20
90.000
30
-311.4506
11
390.000
21
90.000
31
-310.5468
12
390.000
22
100.000
32
-311.6254
13
380.000
23
100.000
33
-312.1878
0
3DFACE
8
C2
10
390.000
20
90.000
30
-310.5468
11
400.000
21
90.000
31
-310.0256
12
400.000
22
100.000
32
-311.2819
13
390.000
23
100.000
33
-311.6254
0
3DFACE
8
C2
10
400.000
20
90.000
30
-310.0256
11
410.000
21
90.000
31
-309.7654
12
410.000
22
100.000
32
-311.0828
13
400.000
23
100.000
33
-311.2819
0
3DFACE
8
C2
10
410.000
20
90.000
30
-309.7654
11
420.000
21
90.000
31
-310.2782
12
420.000
22
100.000
32
-311.4487
13
410.000
23
100.000
33
-311.0828
0
3DFACE
8
C2
10
420.000
20
90.000
30
-310.2782
11
430.000
21
90.000
31
-310.2727
12
430.000
22
100.000
32
-311.3613
13
420.000
23
100.000
33
-311.4487
0
3DFACE
8
C2
10
430.000
20
90.000
30
-310.2727
11
440.000
21
90.000
31
-309.3028
12
440.000
22
100.000
32
-310.2997
13
430.000
23
100.000
33
-311.3613
0
3DFACE
8
C2
10
440.000
20
90.000
30
-309.3028
11
450.000
21
90.000
31
-309.1517
12
450.000
22
100.000
32
-309.9502
13
440.000
23
100.000
33
-310.2997
0
3DFACE
8
C2
10
450.000
20
90.000
30
-309.1517
11
460.000
21
90.000
31
-308.9929
12
460.000
22
100.000
32
-309.5385
13
450.000
23
100.000
33
-309.9502
0
3DFACE
8
C2
10
460.000
20
90.000
30
-308.9929
11
470.000
21
90.000
31
-309.4781
12
470.000
22
100.000
32
-309.6410
13
460.000
23
100.000
33
-309.5385
0
3DFACE
8
C2
10
470.000
20
90.000
30
-309.4781
11
480.000
21
90.000
31
-308.5951
12
480.000
22
100.000
32
-308.5707
13
470.000
23
100.000
33
-309.6410
0
3DFACE
8
C2
10
480.000
20
90.000
30
-308.5951
11
490.000
21
90.000
31
-306.5012
12
490.000
22
100.000
32
-306.4883
13
480.000
23
100.000
33
-308.5707
0
3DFACE
8
C2
10
490.000
20
90.000
30
-306.5012
11
500.000
21
90.000
31
-304.3506
12
500.000
22
100.000
32
-304.2829
13
490.000
23
100.000
33
-306.4883
0
3DFACE
8
C2
10
500.000
20
90.000
30
-304.3506
11
510.000
21
90.000
31
-301.7963
12
510.000
22
100.000
32
-301.6507
13
500.000
23
100.000
33
-304.2829
0
3DFACE
8
C2
10
510.000
20
90.000
30
-301.7963
11
520.000
21
90.000
31
-298.7829
12
520.000
22
100.000
32
-298.5820
13
510.000
23
100.000
33
-301.6507
0
3DFACE
8
C2
10
520.000
20
90.000
30
-298.7829
11
530.000
21
90.000
31
-296.3762
12
530.000
22
100.000
32
-296.2447
13
520.000
23
100.000
33
-298.5820
0
3DFACE
8
C2
10
530.000
20
90.000
30
-296.3762
11
540.000
21
90.000
31
-293.7637
12
540.000
22
100.000
32
-293.9310
13
530.000
23
100.000
33
-296.2447
0
3DFACE
8
C2
10
540.000
20
90.000
30
-293.7637
11
550.000
21
90.000
31
-292.4148
12
550.000
22
100.000
32
-292.7329
13
540.000
23
100.000
33
-293.9310
0
3DFACE
8
C2
10
550.000
20
90.000
30
-292.4148
11
560.000
21
90.000
31
-291.2136
12
560.000
22
100.000
32
-291.5357
13
550.000
23
100.000
33
-292.7329
0
3DFACE
8
C2
10
560.000
20
90.000
30
-291.2136
11
570.000
21
90.000
31
-290.1252
12
570.000
22
100.000
32
-290.3114
13
560.000
23
100.000
33
-291.5357
0
3DFACE
8
C2
10
570.000
20
90.000
30
-290.1252
11
580.000
21
90.000
31
-289.8623
12
580.000
22
100.000
32
-290.1087
13
570.000
23
100.000
33
-290.3114
0
3DFACE
8
C2
10
580.000
20
90.000
30
-289.8623
11
590.000
21
90.000
31
-290.5253
12
590.000
22
100.000
32
-290.9832
13
580.000
23
100.000
33
-290.1087
0
3DFACE
8
C2
10
590.000
20
90.000
30
-290.5253
11
600.000
21
90.000
31
-290.4907
12
600.000
22
100.000
32
-291.1197
13
590.000
23
100.000
33
-290.9832
0
3DFACE
8
C2
10
600.000
20
90.000
30
-290.4907
11
610.000
21
90.000
31
-289.3286
12
610.000
22
100.000
32
-289.9496
13
600.000
23
100.000
33
-291.1197
0
3DFACE
8
C2
10
610.000
20
90.000
30
-289.3286
11
620.000
21
90.000
31
-287.3142
12
620.000
22
100.000
32
-287.8742
13
610.000
23
100.000
33
-289.9496
0
3DFACE
8
C2
10
620.000
20
90.000
30
-287.3142
11
630.000
21
90.000
31
-286.4214
12
630.000
22
100.000
32
-287.0215
13
620.000
23
100.000
33
-287.8742
0
3DFACE
8
C2
10
630.000
20
90.000
30
-286.4214
11
640.000
21
90.000
31
-286.7642
12
640.000
22
100.000
32
-287.5853
13
630.000
23
100.000
33
-287.0215
0
3DFACE
8
C2
10
640.000
20
90.000
30
-286.7642
11
650.000
21
90.000
31
-287.5246
12
650.000
22
100.000
32
-288.3960
13
640.000
23
100.000
33
-287.5853
0
3DFACE
8
C2
10
650.000
20
90.000
30
-287.5246
11
660.000
21
90.000
31
-288.4164
12
660.000
22
100.000
32
-289.1801
13
650.000
23
100.000
33
-288.3960
0
3DFACE
8
C2
10
660.000
20
90.000
30
-288.4164
11
670.000
21
90.000
31
-290.3857
12
670.000
22
100.000
32
-291.0606
13
660.000
23
100.000
33
-289.1801
0
3DFACE
8
C2
10
670.000
20
90.000
30
-290.3857
11
680.000
21
90.000
31
-293.0629
12
680.000
22
100.000
32
-293.7646
13
670.000
23
100.000
33
-291.0606
0
3DFACE
8
C2
10
680.000
20
90.000
30
-293.0629
11
690.000
21
90.000
31
-296.5522
12
690.000
22
100.000
32
-297.3468
13
680.000
23
100.000
33
-293.7646
0
3DFACE
8
C2
10
690.000
20
90.000
30
-296.5522
11
700.000
21
90.000
31
-299.3185
12
700.000
22
100.000
32
-300.2100
13
690.000
23
100.000
33
-297.3468
0
3DFACE
8
C2
10
0.000
20
100.000
30
-327.9555
11
10.000
21
100.000
31
-327.6411
12
10.000
22
110.000
32
-323.8695
13
0.000
23
110.000
33
-324.5020
0
3DFACE
8
C2
10
10.000
20
100.000
30
-327.6411
11
20.000
21
100.000
31
-326.2678
12
20.000
22
110.000
32
-322.4327
13
10.000
23
110.000
33
-323.8695
0
3DFACE
8
C2
10
20.000
20
100.000
30
-326.2678
11
30.000
21
100.000
31
-325.6931
12
30.000
22
110.000
32
-321.5698
13
20.000
23
110.000
33
-322.4327
0
3DFACE
8
C2
10
30.000
20
100.000
30
-325.6931
11
40.000
21
100.000
31
-325.6390
12
40.000
22
110.000
32
-321.0995
13
30.000
23
110.000
33
-321.5698
0
3DFACE
8
C2
10
40.000
20
100.000
30
-325.6390
11
50.000
21
100.000
31
-325.0005
12
50.000
22
110.000
32
-320.3680
13
40.000
23
110.000
33
-321.0995
0
3DFACE
8
C2
10
50.000
20
100.000
30
-325.0005
11
60.000
21
100.000
31
-323.4449
12
60.000
22
110.000
32
-319.0639
13
50.000
23
110.000
33
-320.3680
0
3DFACE
8
C2
10
60.000
20
100.000
30
-323.4449
11
70.000
21
100.000
31
-321.0384
12
70.000
22
110.000
32
-317.1219
13
60.000
23
110.000
33
-319.0639
0
3DFACE
8
C2
10
70.000
20
100.000
30
-321.0384
11
80.000
21
100.000
31
-320.0065
12
80.000
22
110.000
32
-316.3365
13
70.000
23
110.000
33
-317.1219
0
3DFACE
8
C2
10
80.000
20
100.000
30
-320.0065
11
90.000
21
100.000
31
-320.0386
12
90.000
22
110.000
32
-316.3815
13
80.000
23
110.000
33
-316.3365
0
3DFACE
8
C2
10
90.000
20
100.000
30
-320.0386
11
100.000
21
100.000
31
-319.3034
12
100.000
22
110.000
32
-315.9232
13
90.000
23
110.000
33
-316.3815
0
3DFACE
8
C2
10
100.000
20
100.000
30
-319.3034
11
110.000
21
100.000
31
-318.0942
12
110.000
22
110.000
32
-315.1606
13
100.000
23
110.000
33
-315.9232
0
3DFACE
8
C2
10
110.000
20
100.000
30
-318.0942
11
120.000
21
100.000
31
-316.6960
12
120.000
22
110.000
32
-314.4052
13
110.000
23
110.000
33
-315.1606
0
3DFACE
8
C2
10
120.000
20
100.000
30
-316.6960
11
130.000
21
100.000
31
-316.4047
12
130.000
22
110.000
32
-314.3898
13
120.000
23
110.000
33
-314.4052
0
3DFACE
8
C2
10
130.000
20
100.000
30
-316.4047
11
140.000
21
100.000
31
-317.8147
12
140.000
22
110.000
32
-315.7899
13
130.000
23
110.000
33
-314.3898
0
3DFACE
8
C2
10
140.000
20
100.000
30
-317.8147
11
150.000
21
100.000
31
-319.3501
12
150.000
22
110.000
32
-317.3365
13
140.000
23
110.000
33
-315.7899
0
3DFACE
8
C2
10
150.000
20
100.000
30
-319.3501
11
160.000
21
100.000
31
-321.4757
12
160.000
22
110.000
32
-319.4164
13
150.000
23
110.000
33
-317.3365
0
3DFACE
8
C2
10
160.000
20
100.000
30
-321.4757
11
170.000
21
100.000
31
-324.8360
12
170.000
22
110.000
32
-322.7356
13
160.000
23
110.000
33
-319.4164
0
3DFACE
8
C2
10
170.000
20
100.000
30
-324.8360
11
180.000
21
100.000
31
-326.8773
12
180.000
22
110.000
32
-324.7530
13
170.000
23
110.000
33
-322.7356
0
3DFACE
8
C2
10
180.000
20
100.000
30
-326.8773
11
190.000
21
100.000
31
-328.8184
12
190.000
22
110.000
32
-326.4584
13
180.000
23
110.000
33
-324.7530
0
3DFACE
8
C2
10
190.000
20
100.000
30
-328.8184
11
200.000
21
100.000
31
-329.9832
12
200.000
22
110.000
32
-327.6003
13
190.000
23
110.000
33
-326.4584
0
3DFACE
8
C2
10
200.000
20
100.000
30
-329.9832
11
210.000
21
100.000
31
-330.4655
12
210.000
22
110.000
32
-328.1869
13
200.000
23
110.000
33
-327.6003
0
3DFACE
8
C2
10
210.000
20
100.000
30
-330.4655
11
220.000
21
100.000
31
-330.8924
12
220.000
22
110.000
32
-328.8538
13
210.000
23
110.000
33
-328.1869
0
3DFACE
8
C2
10
220.000
20
100.000
30
-330.8924
11
230.000
21
100.000
31
-330.0963
12
230.000
22
110.000
32
-328.2936
13
220.000
23
110.000
33
-328.8538
0
3DFACE
8
C2
10
230.000
20
100.000
30
-330.0963
11
240.000
21
100.000
31
-327.9911
12
240.000
22
110.000
32
-326.3860
13
230.000
23
110.000
33
-328.2936
0
3DFACE
8
C2
10
240.000
20
100.000
30
-327.9911
11
250.000
21
100.000
31
-327.1418
12
250.000
22
110.000
32
-325.7054
13
240.000
23
110.000
33
-326.3860
0
3DFACE
8
C2
10
250.000
20
100.000
30
-327.1418
11
260.000
21
100.000
31
-326.6827
12
260.000
22
110.000
32
-325.4366
13
250.000
23
110.000
33
-325.7054
0
3DFACE
8
C2
10
260.000
20
100.000
30
-326.6827
11
270.000
21
100.000
31
-327.0552
12
270.000
22
110.000
32
-325.9668
13
260.000
23
110.000
33
-325.4366
0
3DFACE
8
C2
10
270.000
20
100.000
30
-327.0552
11
280.000
21
100.000
31
-326.8163
12
280.000
22
110.000
32
-325.8982
13
270.000
23
110.000
33
-325.9668
0
3DFACE
8
C2
10
280.000
20
100.000
30
-326.8163
11
290.000
21
100.000
31
-325.6386
12
290.000
22
110.000
32
-324.8087
13
280.000
23
110.000
33
-325.8982
0
3DFACE
8
C2
10
290.000
20
100.000
30
-325.6386
11
300.000
21
100.000
31
-324.6461
12
300.000
22
110.000
32
-323.9175
13
290.000
23
110.000
33
-324.8087
0
3DFACE
8
C2
10
300.000
20
100.000
30
-324.6461
11
310.000
21
100.000
31
-323.1772
12
310.000
22
110.000
32
-322.5466
13
300.000
23
110.000
33
-323.9175
0
3DFACE
8
C2
10
310.000
20
100.000
30
-323.1772
11
320.000
21
100.000
31
-321.4715
12
320.000
22
110.000
32
-320.9052
13
310.000
23
110.000
33
-322.5466
0
3DFACE
8
C2
10
320.000
20
100.000
30
-321.4715
11
330.000
21
100.000
31
-319.4603
12
330.000
22
110.000
32
-318.9877
13
320.000
23
110.000
33
-320.9052
0
3DFACE
8
C2
10
330.000
20
100.000
30
-319.4603
11
340.000
21
100.000
31
-316.8035
12
340.000
22
110.000
32
-316.4760
13
330.000
23
110.000
33
-318.9877
0
3DFACE
8
C2
10
340.000
20
100.000
30
-316.8035
11
350.000
21
100.000
31
-314.8242
12
350.000
22
110.000
32
-314.6269
13
340.000
23
110.000
33
-316.4760
0
3DFACE
8
C2
10
350.000
20
100.000
30
-314.8242
11
360.000
21
100.000
31
-313.2222
12
360.000
22
110.000
32
-313.1895
13
350.000
23
110.000
33
-314.6269
0
3DFACE
8
C2
10
360.000
20
100.000
30
-313.2222
11
370.000
21
100.000
31
-312.8831
12
370.000
22
110.000
32
-313.1036
13
360.000
23
110.000
33
-313.1895
0
3DFACE
8
C2
10
370.000
20
100.000
30
-312.8831
11
380.000
21
100.000
31
-312.1878
12
380.000
22
110.000
32
-312.7014
13
370.000
23
110.000
33
-313.1036
0
3DFACE
8
C2
10
380.000
20
100.000
30
-312.1878
11
390.000
21
100.000
31
-311.6254
12
390.000
22
110.000
32
-312.4184
13
380.000
23
110.000
33
-312.7014
0
3DFACE
8
C2
10
390.000
20
100.000
30
-311.6254
11
400.000
21
100.000
31
-311.2819
12
400.000
22
110.000
32
-312.2622
13
390.000
23
110.000
33
-312.4184
0
3DFACE
8
C2
10
400.000
20
100.000
30
-311.2819
11
410.000
21
100.000
31
-311.0828
12
410.000
22
110.000
32
-312.1745
13
400.000
23
110.000
33
-312.2622
0
3DFACE
8
C2
10
410.000
20
100.000
30
-311.0828
11
420.000
21
100.000
31
-311.4487
12
420.000
22
110.000
32
-312.4264
13
410.000
23
110.000
33
-312.1745
0
3DFACE
8
C2
10
420.000
20
100.000
30
-311.4487
11
430.000
21
100.000
31
-311.3613
12
430.000
22
110.000
32
-312.2141
13
420.000
23
110.000
33
-312.4264
0
3DFACE
8
C2
10
430.000
20
100.000
30
-311.3613
11
440.000
21
100.000
31
-310.2997
12
440.000
22
110.000
32
-310.9331
13
430.000
23
110.000
33
-312.2141
0
3DFACE
8
C2
10
440.000
20
100.000
30
-310.2997
11
450.000
21
100.000
31
-309.9502
12
450.000
22
110.000
32
-310.2890
13
440.000
23
110.000
33
-310.9331
0
3DFACE
8
C2
10
450.000
20
100.000
30
-309.9502
11
460.000
21
100.000
31
-309.5385
12
460.000
22
110.000
32
-309.5801
13
450.000
23
110.000
33
-310.2890
0
3DFACE
8
C2
10
460.000
20
100.000
30
-309.5385
11
470.000
21
100.000
31
-309.6410
12
470.000
22
110.000
32
-309.3359
13
460.000
23
110.000
33
-309.5801
0
3DFACE
8
C2
10
470.000
20
100.000
30
-309.6410
11
480.000
21
100.000
31
-308.5707
12
480.000
22
110.000
32
-308.0649
13
470.000
23
110.000
33
-309.3359
0
3DFACE
8
C2
10
480.000
20
100.000
30
-308.5707
11
490.000
21
100.000
31
-306.4883
12
490.000
22
110.000
32
-306.0264
13
480.000
23
110.000
33
-308.0649
0
3DFACE
8
C2
10
490.000
20
100.000
30
-306.4883
11
500.000
21
100.000
31
-304.2829
12
500.000
22
110.000
32
-303.8612
13
490.000
23
110.000
33
-306.0264
0
3DFACE
8
C2
10
500.000
20
100.000
30
-304.2829
11
510.000
21
100.000
31
-301.6507
12
510.000
22
110.000
32
-301.3309
13
500.000
23
110.000
33
-303.8612
0
3DFACE
8
C2
10
510.000
20
100.000
30
-301.6507
11
520.000
21
100.000
31
-298.5820
12
520.000
22
110.000
32
-298.3348
13
510.000
23
110.000
33
-301.3309
0
3DFACE
8
C2
10
520.000
20
100.000
30
-298.5820
11
530.000
21
100.000
31
-296.2447
12
530.000
22
110.000
32
-296.1947
13
520.000
23
110.000
33
-298.3348
0
3DFACE
8
C2
10
530.000
20
100.000
30
-296.2447
11
540.000
21
100.000
31
-293.9310
12
540.000
22
110.000
32
-294.2243
13
530.000
23
110.000
33
-296.1947
0
3DFACE
8
C2
10
540.000
20
100.000
30
-293.9310
11
550.000
21
100.000
31
-292.7329
12
550.000
22
110.000
32
-293.2500
13
540.000
23
110.000
33
-294.2243
0
3DFACE
8
C2
10
550.000
20
100.000
30
-292.7329
11
560.000
21
100.000
31
-291.5357
12
560.000
22
110.000
32
-292.1796
13
550.000
23
110.000
33
-293.2500
0
3DFACE
8
C2
10
560.000
20
100.000
30
-291.5357
11
570.000
21
100.000
31
-290.3114
12
570.000
22
110.000
32
-290.7870
13
560.000
23
110.000
33
-292.1796
0
3DFACE
8
C2
10
570.000
20
100.000
30
-290.3114
11
580.000
21
100.000
31
-290.1087
12
580.000
22
110.000
32
-290.7266
13
570.000
23
110.000
33
-290.7870
0
3DFACE
8
C2
10
580.000
20
100.000
30
-290.1087
11
590.000
21
100.000
31
-290.9832
12
590.000
22
110.000
32
-291.9159
13
580.000
23
110.000
33
-290.7266
0
3DFACE
8
C2
10
590.000
20
100.000
30
-290.9832
11
600.000
21
100.000
31
-291.1197
12
600.000
22
110.000
32
-292.2775
13
590.000
23
110.000
33
-291.9159
0
3DFACE
8
C2
10
600.000
20
100.000
30
-291.1197
11
610.000
21
100.000
31
-289.9496
12
610.000
22
110.000
32
-291.2261
13
600.000
23
110.000
33
-292.2775
0
3DFACE
8
C2
10
610.000
20
100.000
30
-289.9496
11
620.000
21
100.000
31
-287.8742
12
620.000
22
110.000
32
-289.1402
13
610.000
23
110.000
33
-291.2261
0
3DFACE
8
C2
10
620.000
20
100.000
30
-287.8742
11
630.000
21
100.000
31
-287.0215
12
630.000
22
110.000
32
-288.3487
13
620.000
23
110.000
33
-289.1402
0
3DFACE
8
C2
10
630.000
20
100.000
30
-287.0215
11
640.000
21
100.000
31
-287.5853
12
640.000
22
110.000
32
-289.2369
13
630.000
23
110.000
33
-288.3487
0
3DFACE
8
C2
10
640.000
20
100.000
30
-287.5853
11
650.000
21
100.000
31
-288.3960
12
650.000
22
110.000
32
-290.0371
13
640.000
23
110.000
33
-289.2369
0
3DFACE
8
C2
10
650.000
20
100.000
30
-288.3960
11
660.000
21
100.000
31
-289.1801
12
660.000
22
110.000
32
-290.6631
13
650.000
23
110.000
33
-290.0371
0
3DFACE
8
C2
10
660.000
20
100.000
30
-289.1801
11
670.000
21
100.000
31
-291.0606
12
670.000
22
110.000
32
-292.3187
13
660.000
23
110.000
33
-290.6631
0
3DFACE
8
C2
10
670.000
20
100.000
30
-291.0606
11
680.000
21
100.000
31
-293.7646
12
680.000
22
110.000
32
-294.8436
13
670.000
23
110.000
33
-292.3187
0
3DFACE
8
C2
10
680.000
20
100.000
30
-293.7646
11
690.000
21
100.000
31
-297.3468
12
690.000
22
110.000
32
-298.3888
13
680.000
23
110.000
33
-294.8436
0
3DFACE
8
C2
10
690.000
20
100.000
30
-297.3468
11
700.000
21
100.000
31
-300.2100
12
700.000
22
110.000
32
-301.1699
13
690.000
23
110.000
33
-298.3888
0
3DFACE
8
C2
10
0.000
20
110.000
30
-324.5020
11
10.000
21
110.000
31
-323.8695
12
10.000
22
120.000
32
-318.7015
13
0.000
23
120.000
33
-319.3954
0
3DFACE
8
C2
10
10.000
20
110.000
30
-323.8695
11
20.000
21
110.000
31
-322.4327
12
20.000
22
120.000
32
-317.3936
13
10.000
23
120.000
33
-318.7015
0
3DFACE
8
C2
10
20.000
20
110.000
30
-322.4327
11
30.000
21
110.000
31
-321.5698
12
30.000
22
120.000
32
-316.5225
13
20.000
23
120.000
33
-317.3936
0
3DFACE
8
C2
10
30.000
20
110.000
30
-321.5698
11
40.000
21
110.000
31
-321.0995
12
40.000
22
120.000
32
-315.8900
13
30.000
23
120.000
33
-316.5225
0
3DFACE
8
C2
10
40.000
20
110.000
30
-321.0995
11
50.000
21
110.000
31
-320.3680
12
50.000
22
120.000
32
-315.1299
13
40.000
23
120.000
33
-315.8900
0
3DFACE
8
C2
10
50.000
20
110.000
30
-320.3680
11
60.000
21
110.000
31
-319.0639
12
60.000
22
120.000
32
-314.1242
13
50.000
23
120.000
33
-315.1299
0
3DFACE
8
C2
10
60.000
20
110.000
30
-319.0639
11
70.000
21
110.000
31
-317.1219
12
70.000
22
120.000
32
-312.6772
13
60.000
23
120.000
33
-314.1242
0
3DFACE
8
C2
10
70.000
20
110.000
30
-317.1219
11
80.000
21
110.000
31
-316.3365
12
80.000
22
120.000
32
-312.2032
13
70.000
23
120.000
33
-312.6772
0
3DFACE
8
C2
10
80.000
20
110.000
30
-316.3365
11
90.000
21
110.000
31
-316.3815
12
90.000
22
120.000
32
-312.4090
13
80.000
23
120.000
33
-312.2032
0
3DFACE
8
C2
10
90.000
20
110.000
30
-316.3815
11
100.000
21
110.000
31
-315.9232
12
100.000
22
120.000
32
-312.2634
13
90.000
23
120.000
33
-312.4090
0
3DFACE
8
C2
10
100.000
20
110.000
30
-315.9232
11
110.000
21
110.000
31
-315.1606
12
110.000
22
120.000
32
-312.0491
13
100.000
23
120.000
33
-312.2634
0
3DFACE
8
C2
10
110.000
20
110.000
30
-315.1606
11
120.000
21
110.000
31
-314.4052
12
120.000
22
120.000
32
-311.9564
13
110.000
23
120.000
33
-312.0491
0
3DFACE
8
C2
10
120.000
20
110.000
30
-314.4052
11
130.000
21
110.000
31
-314.3898
12
130.000
22
120.000
32
-312.2904
13
120.000
23
120.000
33
-311.9564
0
3DFACE
8
C2
10
130.000
20
110.000
30
-314.3898
11
140.000
21
110.000
31
-315.7899
12
140.000
22
120.000
32
-313.7086
13
130.000
23
120.000
33
-312.2904
0
3DFACE
8
C2
10
140.000
20
110.000
30
-315.7899
11
150.000
21
110.000
31
-317.3365
12
150.000
22
120.000
32
-315.1530
13
140.000
23
120.000
33
-313.7086
0
3DFACE
8
C2
10
150.000
20
110.000
30
-317.3365
11
160.000
21
110.000
31
-319.4164
12
160.000
22
120.000
32
-317.0428
13
150.000
23
120.000
33
-315.1530
0
3DFACE
8
C2
10
160.000
20
110.000
30
-319.4164
11
170.000
21
110.000
31
-322.7356
12
170.000
22
120.000
32
-320.2875
13
160.000
23
120.000
33
-317.0428
0
3DFACE
8
C2
10
170.000
20
110.000
30
-322.7356
11
180.000
21
110.000
31
-324.7530
12
180.000
22
120.000
32
-322.0676
13
170.000
23
120.000
33
-320.2875
0
3DFACE
8
C2
10
180.000
20
110.000
30
-324.7530
11
190.000
21
110.000
31
-326.4584
12
190.000
22
120.000
32
-323.4738
13
180.000
23
120.000
33
-322.0676
0
3DFACE
8
C2
10
190.000
20
110.000
30
-326.4584
11
200.000
21
110.000
31
-327.6003
12
200.000
22
120.000
32
-324.5006
13
190.000
23
120.000
33
-323.4738
0
3DFACE
8
C2
10
200.000
20
110.000
30
-327.6003
11
210.000
21
110.000
31
-328.1869
12
210.000
22
120.000
32
-325.1402
13
200.000
23
120.000
33
-324.5006
0
3DFACE
8
C2
10
210.000
20
110.000
30
-328.1869
11
220.000
21
110.000
31
-328.8538
12
220.000
22
120.000
32
-326.1924
13
210.000
23
120.000
33
-325.1402
0
3DFACE
8
C2
10
220.000
20
110.000
30
-328.8538
11
230.000
21
110.000
31
-328.2936
12
230.000
22
120.000
32
-325.8659
13
220.000
23
120.000
33
-326.1924
0
3DFACE
8
C2
10
230.000
20
110.000
30
-328.2936
11
240.000
21
110.000
31
-326.3860
12
240.000
22
120.000
32
-324.0818
13
230.000
23
120.000
33
-325.8659
0
3DFACE
8
C2
10
240.000
20
110.000
30
-326.3860
11
250.000
21
110.000
31
-325.7054
12
250.000
22
120.000
32
-323.6261
13
240.000
23
120.000
33
-324.0818
0
3DFACE
8
C2
10
250.000
20
110.000
30
-325.7054
11
260.000
21
110.000
31
-325.4366
12
260.000
22
120.000
32
-323.5324
13
250.000
23
120.000
33
-323.6261
0
3DFACE
8
C2
10
260.000
20
110.000
30
-325.4366
11
270.000
21
110.000
31
-325.9668
12
270.000
22
120.000
32
-324.2567
13
260.000
23
120.000
33
-323.5324
0
3DFACE
8
C2
10
270.000
20
110.000
30
-325.9668
11
280.000
21
110.000
31
-325.8982
12
280.000
22
120.000
32
-324.3068
13
270.000
23
120.000
33
-324.2567
0
3DFACE
8
C2
10
280.000
20
110.000
30
-325.8982
11
290.000
21
110.000
31
-324.8087
12
290.000
22
120.000
32
-323.1596
13
280.000
23
120.000
33
-324.3068
0
3DFACE
8
C2
10
290.000
20
110.000
30
-324.8087
11
300.000
21
110.000
31
-323.9175
12
300.000
22
120.000
32
-322.4582
13
290.000
23
120.000
33
-323.1596
0
3DFACE
8
C2
10
300.000
20
110.000
30
-323.9175
11
310.000
21
110.000
31
-322.5466
12
310.000
22
120.000
32
-321.3045
13
300.000
23
120.000
33
-322.4582
0
3DFACE
8
C2
10
310.000
20
110.000
30
-322.5466
11
320.000
21
110.000
31
-320.9052
12
320.000
22
120.000
32
-319.8990
13
310.000
23
120.000
33
-321.3045
0
3DFACE
8
C2
10
320.000
20
110.000
30
-320.9052
11
330.000
21
110.000
31
-318.9877
12
330.000
22
120.000
32
-318.2435
13
320.000
23
120.000
33
-319.8990
0
3DFACE
8
C2
10
330.000
20
110.000
30
-318.9877
11
340.000
21
110.000
31
-316.4760
12
340.000
22
120.000
32
-315.9452
13
330.000
23
120.000
33
-318.2435
0
3DFACE
8
C2
10
340.000
20
110.000
30
-316.4760
11
350.000
21
110.000
31
-314.6269
12
350.000
22
120.000
32
-314.3618
13
340.000
23
120.000
33
-315.9452
0
3DFACE
8
C2
10
350.000
20
110.000
30
-314.6269
11
360.000
21
110.000
31
-313.1895
12
360.000
22
120.000
32
-313.2435
13
350.000
23
120.000
33
-314.3618
0
3DFACE
8
C2
10
360.000
20
110.000
30
-313.1895
11
370.000
21
110.000
31
-313.1036
12
370.000
22
120.000
32
-313.4149
13
360.000
23
120.000
33
-313.2435
0
3DFACE
8
C2
10
370.000
20
110.000
30
-313.1036
11
380.000
21
110.000
31
-312.7014
12
380.000
22
120.000
32
-313.3298
13
370.000
23
120.000
33
-313.4149
0
3DFACE
8
C2
10
380.000
20
110.000
30
-312.7014
11
390.000
21
110.000
31
-312.4184
12
390.000
22
120.000
32
-313.3163
13
380.000
23
120.000
33
-313.3298
0
3DFACE
8
C2
10
390.000
20
110.000
30
-312.4184
11
400.000
21
110.000
31
-312.2622
12
400.000
22
120.000
32
-313.3743
13
390.000
23
120.000
33
-313.3163
0
3DFACE
8
C2
10
400.000
20
110.000
30
-312.2622
11
410.000
21
110.000
31
-312.1745
12
410.000
22
120.000
32
-313.3757
13
400.000
23
120.000
33
-313.3743
0
3DFACE
8
C2
10
410.000
20
110.000
30
-312.1745
11
420.000
21
110.000
31
-312.4264
12
420.000
22
120.000
32
-313.4936
13
410.000
23
120.000
33
-313.3757
0
3DFACE
8
C2
10
420.000
20
110.000
30
-312.4264
11
430.000
21
110.000
31
-312.2141
12
430.000
22
120.000
32
-313.1163
13
420.000
23
120.000
33
-313.4936
0
3DFACE
8
C2
10
430.000
20
110.000
30
-312.2141
11
440.000
21
110.000
31
-310.9331
12
440.000
22
120.000
32
-311.6037
13
430.000
23
120.000
33
-313.1163
0
3DFACE
8
C2
10
440.000
20
110.000
30
-310.9331
11
450.000
21
110.000
31
-310.2890
12
450.000
22
120.000
32
-310.6153
13
440.000
23
120.000
33
-311.6037
0
3DFACE
8
C2
10
450.000
20
110.000
30
-310.2890
11
460.000
21
110.000
31
-309.5801
12
460.000
22
120.000
32
-309.5342
13
450.000
23
120.000
33
-310.6153
0
3DFACE
8
C2
10
460.000
20
110.000
30
-309.5801
11
470.000
21
110.000
31
-309.3359
12
470.000
22
120.000
32
-308.8312
13
460.000
23
120.000
33
-309.5342
0
3DFACE
8
C2
10
470.000
20
110.000
30
-309.3359
11
480.000
21
110.000
31
-308.0649
12
480.000
22
120.000
32
-307.3413
13
470.000
23
120.000
33
-308.8312
0
3DFACE
8
C2
10
480.000
20
110.000
30
-308.0649
11
490.000
21
110.000
31
-306.0264
12
490.000
22
120.000
32
-305.3978
13
480.000
23
120.000
33
-307.3413
0
3DFACE
8
C2
10
490.000
20
110.000
30
-306.0264
11
500.000
21
110.000
31
-303.8612
12
500.000
22
120.000
32
-303.3548
13
490.000
23
120.000
33
-305.3978
0
3DFACE
8
C2
10
500.000
20
110.000
30
-303.8612
11
510.000
21
110.000
31
-301.3309
12
510.000
22
120.000
32
-301.1400
13
500.000
23
120.000
33
-303.3548
0
3DFACE
8
C2
10
510.000
20
110.000
30
-301.3309
11
520.000
21
110.000
31
-298.3348
12
520.000
22
120.000
32
-298.5590
13
510.000
23
120.000
33
-301.1400
0
3DFACE
8
C2
10
520.000
20
110.000
30
-298.3348
11
530.000
21
110.000
31
-296.1947
12
530.000
22
120.000
32
-296.8013
13
520.000
23
120.000
33
-298.5590
0
3DFACE
8
C2
10
530.000
20
110.000
30
-296.1947
11
540.000
21
110.000
31
-294.2243
12
540.000
22
120.000
32
-295.2670
13
530.000
23
120.000
33
-296.8013
0
3DFACE
8
C2
10
540.000
20
110.000
30
-294.2243
11
550.000
21
110.000
31
-293.2500
12
550.000
22
120.000
32
-294.7071
13
540.000
23
120.000
33
-295.2670
0
3DFACE
8
C2
10
550.000
20
110.000
30
-293.2500
11
560.000
21
110.000
31
-292.1796
12
560.000
22
120.000
32
-294.0817
13
550.000
23
120.000
33
-294.7071
0
3DFACE
8
C2
10
560.000
20
110.000
30
-292.1796
11
570.000
21
110.000
31
-290.7870
12
570.000
22
120.000
32
-293.1521
13
560.000
23
120.000
33
-294.0817
0
3DFACE
8
C2
10
570.000
20
110.000
30
-290.7870
11
580.000
21
110.000
31
-290.7266
12
580.000
22
120.000
32
-293.3853
13
570.000
23
120.000
33
-293.1521
0
3DFACE
8
C2
10
580.000
20
110.000
30
-290.7266
11
590.000
21
110.000
31
-291.9159
12
590.000
22
120.000
32
-294.7458
13
580.000
23
120.000
33
-293.3853
0
3DFACE
8
C2
10
590.000
20
110.000
30
-291.9159
11
600.000
21
110.000
31
-292.2775
12
600.000
22
120.000
32
-295.3872
13
590.000
23
120.000
33
-294.7458
0
3DFACE
8
C2
10
600.000
20
110.000
30
-292.2775
11
610.000
21
110.000
31
-291.2261
12
610.000
22
120.000
32
-294.7627
13
600.000
23
120.000
33
-295.3872
0
3DFACE
8
C2
10
610.000
20
110.000
30
-291.2261
11
620.000
21
110.000
31
-289.1402
12
620.000
22
120.000
32
-293.0375
13
610.000
23
120.000
33
-294.7627
0
3DFACE
8
C2
10
620.000
20
110.000
30
-289.1402
11
630.000
21
110.000
31
-288.3487
12
630.000
22
120.000
32
-292.2381
13
620.000
23
120.000
33
-293.0375
0
3DFACE
8
C2
10
630.000
20
110.000
30
-288.3487
11
640.000
21
110.000
31
-289.2369
12
640.000
22
120.000
32
-292.8903
13
630.000
23
120.000
33
-292.2381
0
3DFACE
8
C2
10
640.000
20
110.000
30
-289.2369
11
650.000
21
110.000
31
-290.0371
12
650.000
22
120.000
32
-293.4059
13
640.000
23
120.000
33
-292.8903
0
3DFACE
8
C2
10
650.000
20
110.000
30
-290.0371
11
660.000
21
110.000
31
-290.6631
12
660.000
22
120.000
32
-293.6770
13
650.000
23
120.000
33
-293.4059
0
3DFACE
8
C2
10
660.000
20
110.000
30
-290.6631
11
670.000
21
110.000
31
-292.3187
12
670.000
22
120.000
32
-294.8343
13
660.000
23
120.000
33
-293.6770
0
3DFACE
8
C2
10
670.000
20
110.000
30
-292.3187
11
680.000
21
110.000
31
-294.8436
12
680.000
22
120.000
32
-296.7556
13
670.000
23
120.000
33
-294.8343
0
3DFACE
8
C2
10
680.000
20
110.000
30
-294.8436
11
690.000
21
110.000
31
-298.3888
12
690.000
22
120.000
32
-299.6546
13
680.000
23
120.000
33
-296.7556
0
3DFACE
8
C2
10
690.000
20
110.000
30
-298.3888
11
700.000
21
110.000
31
-301.1699
12
700.000
22
120.000
32
-302.0149
13
690.000
23
120.000
33
-299.6546
0
3DFACE
8
C2
10
0.000
20
120.000
30
-319.3954
11
10.000
21
120.000
31
-318.7015
12
10.000
22
130.000
32
-314.6600
13
0.000
23
130.000
33
-315.6068
0
3DFACE
8
C2
10
10.000
20
120.000
30
-318.7015
11
20.000
21
120.000
31
-317.3936
12
20.000
22
130.000
32
-313.4570
13
10.000
23
130.000
33
-314.6600
0
3DFACE
8
C2
10
20.000
20
120.000
30
-317.3936
11
30.000
21
120.000
31
-316.5225
12
30.000
22
130.000
32
-312.3734
13
20.000
23
130.000
33
-313.4570
0
3DFACE
8
C2
10
30.000
20
120.000
30
-316.5225
11
40.000
21
120.000
31
-315.8900
12
40.000
22
130.000
32
-311.3768
13
30.000
23
130.000
33
-312.3734
0
3DFACE
8
C2
10
40.000
20
120.000
30
-315.8900
11
50.000
21
120.000
31
-315.1299
12
50.000
22
130.000
32
-310.5560
13
40.000
23
130.000
33
-311.3768
0
3DFACE
8
C2
10
50.000
20
120.000
30
-315.1299
11
60.000
21
120.000
31
-314.1242
12
60.000
22
130.000
32
-309.8393
13
50.000
23
130.000
33
-310.5560
0
3DFACE
8
C2
10
60.000
20
120.000
30
-314.1242
11
70.000
21
120.000
31
-312.6772
12
70.000
22
130.000
32
-308.9369
13
60.000
23
130.000
33
-309.8393
0
3DFACE
8
C2
10
70.000
20
120.000
30
-312.6772
11
80.000
21
120.000
31
-312.2032
12
80.000
22
130.000
32
-308.6565
13
70.000
23
130.000
33
-308.9369
0
3DFACE
8
C2
10
80.000
20
120.000
30
-312.2032
11
90.000
21
120.000
31
-312.4090
12
90.000
22
130.000
32
-308.6935
13
80.000
23
130.000
33
-308.6565
0
3DFACE
8
C2
10
90.000
20
120.000
30
-312.4090
11
100.000
21
120.000
31
-312.2634
12
100.000
22
130.000
32
-308.7627
13
90.000
23
130.000
33
-308.6935
0
3DFACE
8
C2
10
100.000
20
120.000
30
-312.2634
11
110.000
21
120.000
31
-312.0491
12
110.000
22
130.000
32
-308.9960
13
100.000
23
130.000
33
-308.7627
0
3DFACE
8
C2
10
110.000
20
120.000
30
-312.0491
11
120.000
21
120.000
31
-311.9564
12
120.000
22
130.000
32
-309.5065
13
110.000
23
130.000
33
-308.9960
0
3DFACE
8
C2
10
120.000
20
120.000
30
-311.9564
11
130.000
21
120.000
31
-312.2904
12
130.000
22
130.000
32
-310.1892
13
120.000
23
130.000
33
-309.5065
0
3DFACE
8
C2
10
130.000
20
120.000
30
-312.2904
11
140.000
21
120.000
31
-313.7086
12
140.000
22
130.000
32
-311.5733
13
130.000
23
130.000
33
-310.1892
0
3DFACE
8
C2
10
140.000
20
120.000
30
-313.7086
11
150.000
21
120.000
31
-315.1530
12
150.000
22
130.000
32
-313.0365
13
140.000
23
130.000
33
-311.5733
0
3DFACE
8
C2
10
150.000
20
120.000
30
-315.1530
11
160.000
21
120.000
31
-317.0428
12
160.000
22
130.000
32
-314.9536
13
150.000
23
130.000
33
-313.0365
0
3DFACE
8
C2
10
160.000
20
120.000
30
-317.0428
11
170.000
21
120.000
31
-320.2875
12
170.000
22
130.000
32
-318.1589
13
160.000
23
130.000
33
-314.9536
0
3DFACE
8
C2
10
170.000
20
120.000
30
-320.2875
11
180.000
21
120.000
31
-322.0676
12
180.000
22
130.000
32
-319.9289
13
170.000
23
130.000
33
-318.1589
0
3DFACE
8
C2
10
180.000
20
120.000
30
-322.0676
11
190.000
21
120.000
31
-323.4738
12
190.000
22
130.000
32
-321.2702
13
180.000
23
130.000
33
-319.9289
0
3DFACE
8
C2
10
190.000
20
120.000
30
-323.4738
11
200.000
21
120.000
31
-324.5006
12
200.000
22
130.000
32
-322.4146
13
190.000
23
130.000
33
-321.2702
0
3DFACE
8
C2
10
200.000
20
120.000
30
-324.5006
11
210.000
21
120.000
31
-325.1402
12
210.000
22
130.000
32
-323.3089
13
200.000
23
130.000
33
-322.4146
0
3DFACE
8
C2
10
210.000
20
120.000
30
-325.1402
11
220.000
21
120.000
31
-326.1924
12
220.000
22
130.000
32
-324.7114
13
210.000
23
130.000
33
-323.3089
0
3DFACE
8
C2
10
220.000
20
120.000
30
-326.1924
11
230.000
21
120.000
31
-325.8659
12
230.000
22
130.000
32
-324.6833
13
220.000
23
130.000
33
-324.7114
0
3DFACE
8
C2
10
230.000
20
120.000
30
-325.8659
11
240.000
21
120.000
31
-324.0818
12
240.000
22
130.000
32
-323.1762
13
230.000
23
130.000
33
-324.6833
0
3DFACE
8
C2
10
240.000
20
120.000
30
-324.0818
11
250.000
21
120.000
31
-323.6261
12
250.000
22
130.000
32
-322.8539
13
240.000
23
130.000
33
-323.1762
0
3DFACE
8
C2
10
250.000
20
120.000
30
-323.6261
11
260.000
21
120.000
31
-323.5324
12
260.000
22
130.000
32
-322.7875
13
250.000
23
130.000
33
-322.8539
0
3DFACE
8
C2
10
260.000
20
120.000
30
-323.5324
11
270.000
21
120.000
31
-324.2567
12
270.000
22
130.000
32
-323.3821
13
260.000
23
130.000
33
-322.7875
0
3DFACE
8
C2
10
270.000
20
120.000
30
-324.2567
11
280.000
21
120.000
31
-324.3068
12
280.000
22
130.000
32
-323.3523
13
270.000
23
130.000
33
-323.3821
0
3DFACE
8
C2
10
280.000
20
120.000
30
-324.3068
11
290.000
21
120.000
31
-323.1596
12
290.000
22
130.000
32
-322.1042
13
280.000
23
130.000
33
-323.3523
0
3DFACE
8
C2
10
290.000
20
120.000
30
-323.1596
11
300.000
21
120.000
31
-322.4582
12
300.000
22
130.000
32
-321.3737
13
290.000
23
130.000
33
-322.1042
0
3DFACE
8
C2
10
300.000
20
120.000
30
-322.4582
11
310.000
21
120.000
31
-321.3045
12
310.000
22
130.000
32
-320.2955
13
300.000
23
130.000
33
-321.3737
0
3DFACE
8
C2
10
310.000
20
120.000
30
-321.3045
11
320.000
21
120.000
31
-319.8990
12
320.000
22
130.000
32
-319.0376
13
310.000
23
130.000
33
-320.2955
0
3DFACE
8
C2
10
320.000
20
120.000
30
-319.8990
11
330.000
21
120.000
31
-318.2435
12
330.000
22
130.000
32
-317.5975
13
320.000
23
130.000
33
-319.0376
0
3DFACE
8
C2
10
330.000
20
120.000
30
-318.2435
11
340.000
21
120.000
31
-315.9452
12
340.000
22
130.000
32
-315.6129
13
330.000
23
130.000
33
-317.5975
0
3DFACE
8
C2
10
340.000
20
120.000
30
-315.9452
11
350.000
21
120.000
31
-314.3618
12
350.000
22
130.000
32
-314.3061
13
340.000
23
130.000
33
-315.6129
0
3DFACE
8
C2
10
350.000
20
120.000
30
-314.3618
11
360.000
21
120.000
31
-313.2435
12
360.000
22
130.000
32
-313.4932
13
350.000
23
130.000
33
-314.3061
0
3DFACE
8
C2
10
360.000
20
120.000
30
-313.2435
11
370.000
21
120.000
31
-313.4149
12
370.000
22
130.000
32
-313.7966
13
360.000
23
130.000
33
-313.4932
0
3DFACE
8
C2
10
370.000
20
120.000
30
-313.4149
11
380.000
21
120.000
31
-313.3298
12
380.000
22
130.000
32
-313.9944
13
370.000
23
130.000
33
-313.7966
0
3DFACE
8
C2
10
380.000
20
120.000
30
-313.3298
11
390.000
21
120.000
31
-313.3163
12
390.000
22
130.000
32
-314.2391
13
380.000
23
130.000
33
-313.9944
0
3DFACE
8
C2
10
390.000
20
120.000
30
-313.3163
11
400.000
21
120.000
31
-313.3743
12
400.000
22
130.000
32
-314.4554
13
390.000
23
130.000
33
-314.2391
0
3DFACE
8
C2
10
400.000
20
120.000
30
-313.3743
11
410.000
21
120.000
31
-313.3757
12
410.000
22
130.000
32
-314.5267
13
400.000
23
130.000
33
-314.4554
0
3DFACE
8
C2
10
410.000
20
120.000
30
-313.3757
11
420.000
21
120.000
31
-313.4936
12
420.000
22
130.000
32
-314.4357
13
410.000
23
130.000
33
-314.5267
0
3DFACE
8
C2
10
420.000
20
120.000
30
-313.4936
11
430.000
21
120.000
31
-313.1163
12
430.000
22
130.000
32
-313.8375
13
420.000
23
130.000
33
-314.4357
0
3DFACE
8
C2
10
430.000
20
120.000
30
-313.1163
11
440.000
21
120.000
31
-311.6037
12
440.000
22
130.000
32
-312.2882
13
430.000
23
130.000
33
-313.8375
0
3DFACE
8
C2
10
440.000
20
120.000
30
-311.6037
11
450.000
21
120.000
31
-310.6153
12
450.000
22
130.000
32
-311.0238
13
440.000
23
130.000
33
-312.2882
0
3DFACE
8
C2
10
450.000
20
120.000
30
-310.6153
11
460.000
21
120.000
31
-309.5342
12
460.000
22
130.000
32
-309.6224
13
450.000
23
130.000
33
-311.0238
0
3DFACE
8
C2
10
460.000
20
120.000
30
-309.5342
11
470.000
21
120.000
31
-308.8312
12
470.000
22
130.000
32
-308.5235
13
460.000
23
130.000
33
-309.6224
0
3DFACE
8
C2
10
470.000
20
120.000
30
-308.8312
11
480.000
21
120.000
31
-307.3413
12
480.000
22
130.000
32
-306.8755
13
470.000
23
130.000
33
-308.5235
0
3DFACE
8
C2
10
480.000
20
120.000
30
-307.3413
11
490.000
21
120.000
31
-305.3978
12
490.000
22
130.000
32
-305.0921
13
480.000
23
130.000
33
-306.8755
0
3DFACE
8
C2
10
490.000
20
120.000
30
-305.3978
11
500.000
21
120.000
31
-303.3548
12
500.000
22
130.000
32
-303.2257
13
490.000
23
130.000
33
-305.0921
0
3DFACE
8
C2
10
500.000
20
120.000
30
-303.3548
11
510.000
21
120.000
31
-301.1400
12
510.000
22
130.000
32
-301.1042
13
500.000
23
130.000
33
-303.2257
0
3DFACE
8
C2
10
510.000
20
120.000
30
-301.1400
11
520.000
21
120.000
31
-298.5590
12
520.000
22
130.000
32
-298.5557
13
510.000
23
130.000
33
-301.1042
0
3DFACE
8
C2
10
520.000
20
120.000
30
-298.5590
11
530.000
21
120.000
31
-296.8013
12
530.000
22
130.000
32
-296.9465
13
520.000
23
130.000
33
-298.5557
0
3DFACE
8
C2
10
530.000
20
120.000
30
-296.8013
11
540.000
21
120.000
31
-295.2670
12
540.000
22
130.000
32
-295.7953
13
530.000
23
130.000
33
-296.9465
0
3DFACE
8
C2
10
540.000
20
120.000
30
-295.2670
11
550.000
21
120.000
31
-294.7071
12
550.000
22
130.000
32
-295.4334
13
540.000
23
130.000
33
-295.7953
0
3DFACE
8
C2
10
550.000
20
120.000
30
-294.7071
11
560.000
21
120.000
31
-294.0817
12
560.000
22
130.000
32
-294.8497
13
550.000
23
130.000
33
-295.4334
0
3DFACE
8
C2
10
560.000
20
120.000
30
-294.0817
11
570.000
21
120.000
31
-293.1521
12
570.000
22
130.000
32
-293.7748
13
560.000
23
130.000
33
-294.8497
0
3DFACE
8
C2
10
570.000
20
120.000
30
-293.1521
11
580.000
21
120.000
31
-293.3853
12
580.000
22
130.000
32
-294.1494
13
570.000
23
130.000
33
-293.7748
0
3DFACE
8
C2
10
580.000
20
120.000
30
-293.3853
11
590.000
21
120.000
31
-294.7458
12
590.000
22
130.000
32
-295.8515
13
580.000
23
130.000
33
-294.1494
0
3DFACE
8
C2
10
590.000
20
120.000
30
-294.7458
11
600.000
21
120.000
31
-295.3872
12
600.000
22
130.000
32
-296.8380
13
590.000
23
130.000
33
-295.8515
0
3DFACE
8
C2
10
600.000
20
120.000
30
-295.3872
11
610.000
21
120.000
31
-294.7627
12
610.000
22
130.000
32
-296.4268
13
600.000
23
130.000
33
-296.8380
0
3DFACE
8
C2
10
610.000
20
120.000
30
-294.7627
11
620.000
21
120.000
31
-293.0375
12
620.000
22
130.000
32
-294.8357
13
610.000
23
130.000
33
-296.4268
0
3DFACE
8
C2
10
620.000
20
120.000
30
-293.0375
11
630.000
21
120.000
31
-292.2381
12
630.000
22
130.000
32
-294.2738
13
620.000
23
130.000
33
-294.8357
0
3DFACE
8
C2
10
630.000
20
120.000
30
-292.2381
11
640.000
21
120.000
31
-292.8903
12
640.000
22
130.000
32
-295.2476
13
630.000
23
130.000
33
-294.2738
0
3DFACE
8
C2
10
640.000
20
120.000
30
-292.8903
11
650.000
21
120.000
31
-293.4059
12
650.000
22
130.000
32
-295.7963
13
640.000
23
130.000
33
-295.2476
0
3DFACE
8
C2
10
650.000
20
120.000
30
-293.4059
11
660.000
21
120.000
31
-293.6770
12
660.000
22
130.000
32
-295.9242
13
650.000
23
130.000
33
-295.7963
0
3DFACE
8
C2
10
660.000
20
120.000
30
-293.6770
11
670.000
21
120.000
31
-294.8343
12
670.000
22
130.000
32
-296.7512
13
660.000
23
130.000
33
-295.9242
0
3DFACE
8
C2
10
670.000
20
120.000
30
-294.8343
11
680.000
21
120.000
31
-296.7556
12
680.000
22
130.000
32
-298.3570
13
670.000
23
130.000
33
-296.7512
0
3DFACE
8
C2
10
680.000
20
120.000
30
-296.7556
11
690.000
21
120.000
31
-299.6546
12
690.000
22
130.000
32
-301.0392
13
680.000
23
130.000
33
-298.3570
0
3DFACE
8
C2
10
690.000
20
120.000
30
-299.6546
11
700.000
21
120.000
31
-302.0149
12
700.000
22
130.000
32
-303.1514
13
690.000
23
130.000
33
-301.0392
0
3DFACE
8
C2
10
0.000
20
130.000
30
-315.6068
11
10.000
21
130.000
31
-314.6600
12
10.000
22
140.000
32
-309.2986
13
0.000
23
140.000
33
-310.3108
0
3DFACE
8
C2
10
10.000
20
130.000
30
-314.6600
11
20.000
21
130.000
31
-313.4570
12
20.000
22
140.000
32
-308.1463
13
10.000
23
140.000
33
-309.2986
0
3DFACE
8
C2
10
20.000
20
130.000
30
-313.4570
11
30.000
21
130.000
31
-312.3734
12
30.000
22
140.000
32
-307.0370
13
20.000
23
140.000
33
-308.1463
0
3DFACE
8
C2
10
30.000
20
130.000
30
-312.3734
11
40.000
21
130.000
31
-311.3768
12
40.000
22
140.000
32
-305.9347
13
30.000
23
140.000
33
-307.0370
0
3DFACE
8
C2
10
40.000
20
130.000
30
-311.3768
11
50.000
21
130.000
31
-310.5560
12
50.000
22
140.000
32
-305.1393
13
40.000
23
140.000
33
-305.9347
0
3DFACE
8
C2
10
50.000
20
130.000
30
-310.5560
11
60.000
21
130.000
31
-309.8393
12
60.000
22
140.000
32
-304.6094
13
50.000
23
140.000
33
-305.1393
0
3DFACE
8
C2
10
60.000
20
130.000
30
-309.8393
11
70.000
21
130.000
31
-308.9369
12
70.000
22
140.000
32
-304.3040
13
60.000
23
140.000
33
-304.6094
0
3DFACE
8
C2
10
70.000
20
130.000
30
-308.9369
11
80.000
21
130.000
31
-308.6565
12
80.000
22
140.000
32
-304.2477
13
70.000
23
140.000
33
-304.3040
0
3DFACE
8
C2
10
80.000
20
130.000
30
-308.6565
11
90.000
21
130.000
31
-308.6935
12
90.000
22
140.000
32
-304.4240
13
80.000
23
140.000
33
-304.2477
0
3DFACE
8
C2
10
90.000
20
130.000
30
-308.6935
11
100.000
21
130.000
31
-308.7627
12
100.000
22
140.000
32
-304.7603
13
90.000
23
140.000
33
-304.4240
0
3DFACE
8
C2
10
100.000
20
130.000
30
-308.7627
11
110.000
21
130.000
31
-308.9960
12
110.000
22
140.000
32
-305.4299
13
100.000
23
140.000
33
-304.7603
0
3DFACE
8
C2
10
110.000
20
130.000
30
-308.9960
11
120.000
21
130.000
31
-309.5065
12
120.000
22
140.000
32
-306.5166
13
110.000
23
140.000
33
-305.4299
0
3DFACE
8
C2
10
120.000
20
130.000
30
-309.5065
11
130.000
21
130.000
31
-310.1892
12
130.000
22
140.000
32
-307.6499
13
120.000
23
140.000
33
-306.5166
0
3DFACE
8
C2
10
130.000
20
130.000
30
-310.1892
11
140.000
21
130.000
31
-311.5733
12
140.000
22
140.000
32
-308.9840
13
130.000
23
140.000
33
-307.6499
0
3DFACE
8
C2
10
140.000
20
130.000
30
-311.5733
11
150.000
21
130.000
31
-313.0365
12
150.000
22
140.000
32
-310.6688
13
140.000
23
140.000
33
-308.9840
0
3DFACE
8
C2
10
150.000
20
130.000
30
-313.0365
11
160.000
21
130.000
31
-314.9536
12
160.000
22
140.000
32
-312.9061
13
150.000
23
140.000
33
-310.6688
0
3DFACE
8
C2
10
160.000
20
130.000
30
-314.9536
11
170.000
21
130.000
31
-318.1589
12
170.000
22
140.000
32
-316.1225
13
160.000
23
140.000
33
-312.9061
0
3DFACE
8
C2
10
170.000
20
130.000
30
-318.1589
11
180.000
21
130.000
31
-319.9289
12
180.000
22
140.000
32
-318.2118
13
170.000
23
140.000
33
-316.1225
0
3DFACE
8
C2
10
180.000
20
130.000
30
-319.9289
11
190.000
21
130.000
31
-321.2702
12
190.000
22
140.000
32
-319.7978
13
180.000
23
140.000
33
-318.2118
0
3DFACE
8
C2
10
190.000
20
130.000
30
-321.2702
11
200.000
21
130.000
31
-322.4146
12
200.000
22
140.000
32
-321.3396
13
190.000
23
140.000
33
-319.7978
0
3DFACE
8
C2
10
200.000
20
130.000
30
-322.4146
11
210.000
21
130.000
31
-323.3089
12
210.000
22
140.000
32
-322.7232
13
200.000
23
140.000
33
-321.3396
0
3DFACE
8
C2
10
210.000
20
130.000
30
-323.3089
11
220.000
21
130.000
31
-324.7114
12
220.000
22
140.000
32
-324.4000
13
210.000
23
140.000
33
-322.7232
0
3DFACE
8
C2
10
220.000
20
130.000
30
-324.7114
11
230.000
21
130.000
31
-324.6833
12
230.000
22
140.000
32
-324.6567
13
220.000
23
140.000
33
-324.4000
0
3DFACE
8
C2
10
230.000
20
130.000
30
-324.6833
11
240.000
21
130.000
31
-323.1762
12
240.000
22
140.000
32
-323.6087
13
230.000
23
140.000
33
-324.6567
0
3DFACE
8
C2
10
240.000
20
130.000
30
-323.1762
11
250.000
21
130.000
31
-322.8539
12
250.000
22
140.000
32
-323.2802
13
240.000
23
140.000
33
-323.6087
0
3DFACE
8
C2
10
250.000
20
130.000
30
-322.8539
11
260.000
21
130.000
31
-322.7875
12
260.000
22
140.000
32
-323.0844
13
250.000
23
140.000
33
-323.2802
0
3DFACE
8
C2
10
260.000
20
130.000
30
-322.7875
11
270.000
21
130.000
31
-323.3821
12
270.000
22
140.000
32
-323.2911
13
260.000
23
140.000
33
-323.0844
0
3DFACE
8
C2
10
270.000
20
130.000
30
-323.3821
11
280.000
21
130.000
31
-323.3523
12
280.000
22
140.000
32
-323.0008
13
270.000
23
140.000
33
-323.2911
0
3DFACE
8
C2
10
280.000
20
130.000
30
-323.3523
11
290.000
21
130.000
31
-322.1042
12
290.000
22
140.000
32
-321.6232
13
280.000
23
140.000
33
-323.0008
0
3DFACE
8
C2
10
290.000
20
130.000
30
-322.1042
11
300.000
21
130.000
31
-321.3737
12
300.000
22
140.000
32
-320.6749
13
290.000
23
140.000
33
-321.6232
0
3DFACE
8
C2
10
300.000
20
130.000
30
-321.3737
11
310.000
21
130.000
31
-320.2955
12
310.000
22
140.000
32
-319.5593
13
300.000
23
140.000
33
-320.6749
0
3DFACE
8
C2
10
310.000
20
130.000
30
-320.2955
11
320.000
21
130.000
31
-319.0376
12
320.000
22
140.000
32
-318.3043
13
310.000
23
140.000
33
-319.5593
0
3DFACE
8
C2
10
320.000
20
130.000
30
-319.0376
11
330.000
21
130.000
31
-317.5975
12
330.000
22
140.000
32
-317.0024
13
320.000
23
140.000
33
-318.3043
0
3DFACE
8
C2
10
330.000
20
130.000
30
-317.5975
11
340.000
21
130.000
31
-315.6129
12
340.000
22
140.000
32
-315.4073
13
330.000
23
140.000
33
-317.0024
0
3DFACE
8
C2
10
340.000
20
130.000
30
-315.6129
11
350.000
21
130.000
31
-314.3061
12
350.000
22
140.000
32
-314.4336
13
340.000
23
140.000
33
-315.4073
0
3DFACE
8
C2
10
350.000
20
130.000
30
-314.3061
11
360.000
21
130.000
31
-313.4932
12
360.000
22
140.000
32
-314.0125
13
350.000
23
140.000
33
-314.4336
0
3DFACE
8
C2
10
360.000
20
130.000
30
-313.4932
11
370.000
21
130.000
31
-313.7966
12
370.000
22
140.000
32
-314.3035
13
360.000
23
140.000
33
-314.0125
0
3DFACE
8
C2
10
370.000
20
130.000
30
-313.7966
11
380.000
21
130.000
31
-313.9944
12
380.000
22
140.000
32
-314.7656
13
370.000
23
140.000
33
-314.3035
0
3DFACE
8
C2
10
380.000
20
130.000
30
-313.9944
11
390.000
21
130.000
31
-314.2391
12
390.000
22
140.000
32
-315.2845
13
380.000
23
140.000
33
-314.7656
0
3DFACE
8
C2
10
390.000
20
130.000
30
-314.2391
11
400.000
21
130.000
31
-314.4554
12
400.000
22
140.000
32
-315.6598
13
390.000
23
140.000
33
-315.2845
0
3DFACE
8
C2
10
400.000
20
130.000
30
-314.4554
11
410.000
21
130.000
31
-314.5267
12
410.000
22
140.000
32
-315.7229
13
400.000
23
140.000
33
-315.6598
0
3DFACE
8
C2
10
410.000
20
130.000
30
-314.5267
11
420.000
21
130.000
31
-314.4357
12
420.000
22
140.000
32
-315.2996
13
410.000
23
140.000
33
-315.7229
0
3DFACE
8
C2
10
420.000
20
130.000
30
-314.4357
11
430.000
21
130.000
31
-313.8375
12
430.000
22
140.000
32
-314.4589
13
420.000
23
140.000
33
-315.2996
0
3DFACE
8
C2
10
430.000
20
130.000
30
-313.8375
11
440.000
21
130.000
31
-312.2882
12
440.000
22
140.000
32
-313.0406
13
430.000
23
140.000
33
-314.4589
0
3DFACE
8
C2
10
440.000
20
130.000
30
-312.2882
11
450.000
21
130.000
31
-311.0238
12
450.000
22
140.000
32
-311.5780
13
440.000
23
140.000
33
-313.0406
0
3DFACE
8
C2
10
450.000
20
130.000
30
-311.0238
11
460.000
21
130.000
31
-309.6224
12
460.000
22
140.000
32
-310.0457
13
450.000
23
140.000
33
-311.5780
0
3DFACE
8
C2
10
460.000
20
130.000
30
-309.6224
11
470.000
21
130.000
31
-308.5235
12
470.000
22
140.000
32
-308.5541
13
460.000
23
140.000
33
-310.0457
0
3DFACE
8
C2
10
470.000
20
130.000
30
-308.5235
11
480.000
21
130.000
31
-306.8755
12
480.000
22
140.000
32
-306.9792
13
470.000
23
140.000
33
-308.5541
0
3DFACE
8
C2
10
480.000
20
130.000
30
-306.8755
11
490.000
21
130.000
31
-305.0921
12
490.000
22
140.000
32
-305.5260
13
480.000
23
140.000
33
-306.9792
0
3DFACE
8
C2
10
490.000
20
130.000
30
-305.0921
11
500.000
21
130.000
31
-303.2257
12
500.000
22
140.000
32
-303.7976
13
490.000
23
140.000
33
-305.5260
0
3DFACE
8
C2
10
500.000
20
130.000
30
-303.2257
11
510.000
21
130.000
31
-301.1042
12
510.000
22
140.000
32
-301.6235
13
500.000
23
140.000
33
-303.7976
0
3DFACE
8
C2
10
510.000
20
130.000
30
-301.1042
11
520.000
21
130.000
31
-298.5557
12
520.000
22
140.000
32
-298.8128
13
510.000
23
140.000
33
-301.6235
0
3DFACE
8
C2
10
520.000
20
130.000
30
-298.5557
11
530.000
21
130.000
31
-296.9465
12
530.000
22
140.000
32
-297.0792
13
520.000
23
140.000
33
-298.8128
0
3DFACE
8
C2
10
530.000
20
130.000
30
-296.9465
11
540.000
21
130.000
31
-295.7953
12
540.000
22
140.000
32
-296.2971
13
530.000
23
140.000
33
-297.0792
0
3DFACE
8
C2
10
540.000
20
130.000
30
-295.7953
11
550.000
21
130.000
31
-295.4334
12
550.000
22
140.000
32
-295.9447
13
540.000
23
140.000
33
-296.2971
0
3DFACE
8
C2
10
550.000
20
130.000
30
-295.4334
11
560.000
21
130.000
31
-294.8497
12
560.000
22
140.000
32
-295.1198
13
550.000
23
140.000
33
-295.9447
0
3DFACE
8
C2
10
560.000
20
130.000
30
-294.8497
11
570.000
21
130.000
31
-293.7748
12
570.000
22
140.000
32
-293.6666
13
560.000
23
140.000
33
-295.1198
0
3DFACE
8
C2
10
570.000
20
130.000
30
-293.7748
11
580.000
21
130.000
31
-294.1494
12
580.000
22
140.000
32
-294.1395
13
570.000
23
140.000
33
-293.6666
0
3DFACE
8
C2
10
580.000
20
130.000
30
-294.1494
11
590.000
21
130.000
31
-295.8515
12
590.000
22
140.000
32
-296.3158
13
580.000
23
140.000
33
-294.1395
0
3DFACE
8
C2
10
590.000
20
130.000
30
-295.8515
11
600.000
21
130.000
31
-296.8380
12
600.000
22
140.000
32
-297.6404
13
590.000
23
140.000
33
-296.3158
0
3DFACE
8
C2
10
600.000
20
130.000
30
-296.8380
11
610.000
21
130.000
31
-296.4268
12
610.000
22
140.000
32
-297.2756
13
600.000
23
140.000
33
-297.6404
0
3DFACE
8
C2
10
610.000
20
130.000
30
-296.4268
11
620.000
21
130.000
31
-294.8357
12
620.000
22
140.000
32
-295.6670
13
610.000
23
140.000
33
-297.2756
0
3DFACE
8
C2
10
620.000
20
130.000
30
-294.8357
11
630.000
21
130.000
31
-294.2738
12
630.000
22
140.000
32
-295.3718
13
620.000
23
140.000
33
-295.6670
0
3DFACE
8
C2
10
630.000
20
130.000
30
-294.2738
11
640.000
21
130.000
31
-295.2476
12
640.000
22
140.000
32
-296.8373
13
630.000
23
140.000
33
-295.3718
0
3DFACE
8
C2
10
640.000
20
130.000
30
-295.2476
11
650.000
21
130.000
31
-295.7963
12
650.000
22
140.000
32
-297.5824
13
640.000
23
140.000
33
-296.8373
0
3DFACE
8
C2
10
650.000
20
130.000
30
-295.7963
11
660.000
21
130.000
31
-295.9242
12
660.000
22
140.000
32
-297.7524
13
650.000
23
140.000
33
-297.5824
0
3DFACE
8
C2
10
660.000
20
130.000
30
-295.9242
11
670.000
21
130.000
31
-296.7512
12
670.000
22
140.000
32
-298.3354
13
660.000
23
140.000
33
-297.7524
0
3DFACE
8
C2
10
670.000
20
130.000
30
-296.7512
11
680.000
21
130.000
31
-298.3570
12
680.000
22
140.000
32
-299.7904
13
670.000
23
140.000
33
-298.3354
0
3DFACE
8
C2
10
680.000
20
130.000
30
-298.3570
11
690.000
21
130.000
31
-301.0392
12
690.000
22
140.000
32
-302.3940
13
680.000
23
140.000
33
-299.7904
0
3DFACE
8
C2
10
690.000
20
130.000
30
-301.0392
11
700.000
21
130.000
31
-303.1514
12
700.000
22
140.000
32
-304.3599
13
690.000
23
140.000
33
-302.3940
0
3DFACE
8
C2
10
0.000
20
140.000
30
-310.3108
11
10.000
21
140.000
31
-309.2986
12
10.000
22
150.000
32
-305.7020
13
0.000
23
150.000
33
-306.9661
0
3DFACE
8
C2
10
10.000
20
140.000
30
-309.2986
11
20.000
21
140.000
31
-308.1463
12
20.000
22
150.000
32
-304.6311
13
10.000
23
150.000
33
-305.7020
0
3DFACE
8
C2
10
20.000
20
140.000
30
-308.1463
11
30.000
21
140.000
31
-307.0370
12
30.000
22
150.000
32
-303.3420
13
20.000
23
150.000
33
-304.6311
0
3DFACE
8
C2
10
30.000
20
140.000
30
-307.0370
11
40.000
21
140.000
31
-305.9347
12
40.000
22
150.000
32
-301.9453
13
30.000
23
150.000
33
-303.3420
0
3DFACE
8
C2
10
40.000
20
140.000
30
-305.9347
11
50.000
21
140.000
31
-305.1393
12
50.000
22
150.000
32
-301.1407
13
40.000
23
150.000
33
-301.9453
0
3DFACE
8
C2
10
50.000
20
140.000
30
-305.1393
11
60.000
21
140.000
31
-304.6094
12
60.000
22
150.000
32
-300.8543
13
50.000
23
150.000
33
-301.1407
0
3DFACE
8
C2
10
60.000
20
140.000
30
-304.6094
11
70.000
21
140.000
31
-304.3040
12
70.000
22
150.000
32
-300.9765
13
60.000
23
150.000
33
-300.8543
0
3DFACE
8
C2
10
70.000
20
140.000
30
-304.3040
11
80.000
21
140.000
31
-304.2477
12
80.000
22
150.000
32
-301.0714
13
70.000
23
150.000
33
-300.9765
0
3DFACE
8
C2
10
80.000
20
140.000
30
-304.2477
11
90.000
21
140.000
31
-304.4240
12
90.000
22
150.000
32
-301.0518
13
80.000
23
150.000
33
-301.0714
0
3DFACE
8
C2
10
90.000
20
140.000
30
-304.4240
11
100.000
21
140.000
31
-304.7603
12
100.000
22
150.000
32
-301.4801
13
90.000
23
150.000
33
-301.0518
0
3DFACE
8
C2
10
100.000
20
140.000
30
-304.7603
11
110.000
21
140.000
31
-305.4299
12
110.000
22
150.000
32
-302.4123
13
100.000
23
150.000
33
-301.4801
0
3DFACE
8
C2
10
110.000
20
140.000
30
-305.4299
11
120.000
21
140.000
31
-306.5166
12
120.000
22
150.000
32
-303.9233
13
110.000
23
150.000
33
-302.4123
0
3DFACE
8
C2
10
120.000
20
140.000
30
-306.5166
11
130.000
21
140.000
31
-307.6499
12
130.000
22
150.000
32
-305.3114
13
120.000
23
150.000
33
-303.9233
0
3DFACE
8
C2
10
130.000
20
140.000
30
-307.6499
11
140.000
21
140.000
31
-308.9840
12
140.000
22
150.000
32
-306.6277
13
130.000
23
150.000
33
-305.3114
0
3DFACE
8
C2
10
140.000
20
140.000
30
-308.9840
11
150.000
21
140.000
31
-310.6688
12
150.000
22
150.000
32
-308.3416
13
140.000
23
150.000
33
-306.6277
0
3DFACE
8
C2
10
150.000
20
140.000
30
-310.6688
11
160.000
21
140.000
31
-312.9061
12
160.000
22
150.000
32
-310.6683
13
150.000
23
150.000
33
-308.3416
0
3DFACE
8
C2
10
160.000
20
140.000
30
-312.9061
11
170.000
21
140.000
31
-316.1225
12
170.000
22
150.000
32
-313.8998
13
160.000
23
150.000
33
-310.6683
0
3DFACE
8
C2
10
170.000
20
140.000
30
-316.1225
11
180.000
21
140.000
31
-318.2118
12
180.000
22
150.000
32
-316.1280
13
170.000
23
150.000
33
-313.8998
0
3DFACE
8
C2
10
180.000
20
140.000
30
-318.2118
11
190.000
21
140.000
31
-319.7978
12
190.000
22
150.000
32
-317.8287
13
180.000
23
150.000
33
-316.1280
0
3DFACE
8
C2
10
190.000
20
140.000
30
-319.7978
11
200.000
21
140.000
31
-321.3396
12
200.000
22
150.000
32
-319.6297
13
190.000
23
150.000
33
-317.8287
0
3DFACE
8
C2
10
200.000
20
140.000
30
-321.3396
11
210.000
21
140.000
31
-322.7232
12
210.000
22
150.000
32
-321.3570
13
200.000
23
150.000
33
-319.6297
0
3DFACE
8
C2
10
210.000
20
140.000
30
-322.7232
11
220.000
21
140.000
31
-324.4000
12
220.000
22
150.000
32
-323.3899
13
210.000
23
150.000
33
-321.3570
0
3DFACE
8
C2
10
220.000
20
140.000
30
-324.4000
11
230.000
21
140.000
31
-324.6567
12
230.000
22
150.000
32
-323.9407
13
220.000
23
150.000
33
-323.3899
0
3DFACE
8
C2
10
230.000
20
140.000
30
-324.6567
11
240.000
21
140.000
31
-323.6087
12
240.000
22
150.000
32
-323.1954
13
230.000
23
150.000
33
-323.9407
0
3DFACE
8
C2
10
240.000
20
140.000
30
-323.6087
11
250.000
21
140.000
31
-323.2802
12
250.000
22
150.000
32
-322.9268
13
240.000
23
150.000
33
-323.1954
0
3DFACE
8
C2
10
250.000
20
140.000
30
-323.2802
11
260.000
21
140.000
31
-323.0844
12
260.000
22
150.000
32
-322.5889
13
250.000
23
150.000
33
-322.9268
0
3DFACE
8
C2
10
260.000
20
140.000
30
-323.0844
11
270.000
21
140.000
31
-323.2911
12
270.000
22
150.000
32
-322.4593
13
260.000
23
150.000
33
-322.5889
0
3DFACE
8
C2
10
270.000
20
140.000
30
-323.2911
11
280.000
21
140.000
31
-323.0008
12
280.000
22
150.000
32
-321.9180
13
270.000
23
150.000
33
-322.4593
0
3DFACE
8
C2
10
280.000
20
140.000
30
-323.0008
11
290.000
21
140.000
31
-321.6232
12
290.000
22
150.000
32
-320.3516
13
280.000
23
150.000
33
-321.9180
0
3DFACE
8
C2
10
290.000
20
140.000
30
-321.6232
11
300.000
21
140.000
31
-320.6749
12
300.000
22
150.000
32
-319.2808
13
290.000
23
150.000
33
-320.3516
0
3DFACE
8
C2
10
300.000
20
140.000
30
-320.6749
11
310.000
21
140.000
31
-319.5593
12
310.000
22
150.000
32
-318.1342
13
300.000
23
150.000
33
-319.2808
0
3DFACE
8
C2
10
310.000
20
140.000
30
-319.5593
11
320.000
21
140.000
31
-318.3043
12
320.000
22
150.000
32
-316.9366
13
310.000
23
150.000
33
-318.1342
0
3DFACE
8
C2
10
320.000
20
140.000
30
-318.3043
11
330.000
21
140.000
31
-317.0024
12
330.000
22
150.000
32
-315.8928
13
320.000
23
150.000
33
-316.9366
0
3DFACE
8
C2
10
330.000
20
140.000
30
-317.0024
11
340.000
21
140.000
31
-315.4073
12
340.000
22
150.000
32
-314.7345
13
330.000
23
150.000
33
-315.8928
0
3DFACE
8
C2
10
340.000
20
140.000
30
-315.4073
11
350.000
21
140.000
31
-314.4336
12
350.000
22
150.000
32
-314.0866
13
340.000
23
150.000
33
-314.7345
0
3DFACE
8
C2
10
350.000
20
140.000
30
-314.4336
11
360.000
21
140.000
31
-314.0125
12
360.000
22
150.000
32
-313.9347
13
350.000
23
150.000
33
-314.0866
0
3DFACE
8
C2
10
360.000
20
140.000
30
-314.0125
11
370.000
21
140.000
31
-314.3035
12
370.000
22
150.000
32
-314.2735
13
360.000
23
150.000
33
-313.9347
0
3DFACE
8
C2
10
370.000
20
140.000
30
-314.3035
11
380.000
21
140.000
31
-314.7656
12
380.000
22
150.000
32
-314.9177
13
370.000
23
150.000
33
-314.2735
0
3DFACE
8
C2
10
380.000
20
140.000
30
-314.7656
11
390.000
21
140.000
31
-315.2845
12
390.000
22
150.000
32
-315.6130
13
380.000
23
150.000
33
-314.9177
0
3DFACE
8
C2
10
390.000
20
140.000
30
-315.2845
11
400.000
21
140.000
31
-315.6598
12
400.000
22
150.000
32
-316.0478
13
390.000
23
150.000
33
-315.6130
0
3DFACE
8
C2
10
400.000
20
140.000
30
-315.6598
11
410.000
21
140.000
31
-315.7229
12
410.000
22
150.000
32
-316.0854
13
400.000
23
150.000
33
-316.0478
0
3DFACE
8
C2
10
410.000
20
140.000
30
-315.7229
11
420.000
21
140.000
31
-315.2996
12
420.000
22
150.000
32
-315.4410
13
410.000
23
150.000
33
-316.0854
0
3DFACE
8
C2
10
420.000
20
140.000
30
-315.2996
11
430.000
21
140.000
31
-314.4589
12
430.000
22
150.000
32
-314.4957
13
420.000
23
150.000
33
-315.4410
0
3DFACE
8
C2
10
430.000
20
140.000
30
-314.4589
11
440.000
21
140.000
31
-313.0406
12
440.000
22
150.000
32
-313.2127
13
430.000
23
150.000
33
-314.4957
0
3DFACE
8
C2
10
440.000
20
140.000
30
-313.0406
11
450.000
21
140.000
31
-311.5780
12
450.000
22
150.000
32
-311.7260
13
440.000
23
150.000
33
-313.2127
0
3DFACE
8
C2
10
450.000
20
140.000
30
-311.5780
11
460.000
21
140.000
31
-310.0457
12
460.000
22
150.000
32
-310.1187
13
450.000
23
150.000
33
-311.7260
0
3DFACE
8
C2
10
460.000
20
140.000
30
-310.0457
11
470.000
21
140.000
31
-308.5541
12
470.000
22
150.000
32
-308.4418
13
460.000
23
150.000
33
-310.1187
0
3DFACE
8
C2
10
470.000
20
140.000
30
-308.5541
11
480.000
21
140.000
31
-306.9792
12
480.000
22
150.000
32
-306.9318
13
470.000
23
150.000
33
-308.4418
0
3DFACE
8
C2
10
480.000
20
140.000
30
-306.9792
11
490.000
21
140.000
31
-305.5260
12
490.000
22
150.000
32
-305.8280
13
480.000
23
150.000
33
-306.9318
0
3DFACE
8
C2
10
490.000
20
140.000
30
-305.5260
11
500.000
21
140.000
31
-303.7976
12
500.000
22
150.000
32
-304.3486
13
490.000
23
150.000
33
-305.8280
0
3DFACE
8
C2
10
500.000
20
140.000
30
-303.7976
11
510.000
21
140.000
31
-301.6235
12
510.000
22
150.000
32
-302.2566
13
500.000
23
150.000
33
-304.3486
0
3DFACE
8
C2
10
510.000
20
140.000
30
-301.6235
11
520.000
21
140.000
31
-298.8128
12
520.000
22
150.000
32
-299.4333
13
510.000
23
150.000
33
-302.2566
0
3DFACE
8
C2
10
520.000
20
140.000
30
-298.8128
11
530.000
21
140.000
31
-297.0792
12
530.000
22
150.000
32
-297.8003
13
520.000
23
150.000
33
-299.4333
0
3DFACE
8
C2
10
530.000
20
140.000
30
-297.0792
11
540.000
21
140.000
31
-296.2971
12
540.000
22
150.000
32
-297.3429
13
530.000
23
150.000
33
-297.8003
0
3DFACE
8
C2
10
540.000
20
140.000
30
-296.2971
11
550.000
21
140.000
31
-295.9447
12
550.000
22
150.000
32
-297.1021
13
540.000
23
150.000
33
-297.3429
0
3DFACE
8
C2
10
550.000
20
140.000
30
-295.9447
11
560.000
21
140.000
31
-295.1198
12
560.000
22
150.000
32
-296.1762
13
550.000
23
150.000
33
-297.1021
0
3DFACE
8
C2
10
560.000
20
140.000
30
-295.1198
11
570.000
21
140.000
31
-293.6666
12
570.000
22
150.000
32
-294.5213
13
560.000
23
150.000
33
-296.1762
0
3DFACE
8
C2
10
570.000
20
140.000
30
-293.6666
11
580.000
21
140.000
31
-294.1395
12
580.000
22
150.000
32
-294.9685
13
570.000
23
150.000
33
-294.5213
0
3DFACE
8
C2
10
580.000
20
140.000
30
-294.1395
11
590.000
21
140.000
31
-296.3158
12
590.000
22
150.000
32
-297.3086
13
580.000
23
150.000
33
-294.9685
0
3DFACE
8
C2
10
590.000
20
140.000
30
-296.3158
11
600.000
21
140.000
31
-297.6404
12
600.000
22
150.000
32
-298.7898
13
590.000
23
150.000
33
-297.3086
0
3DFACE
8
C2
10
600.000
20
140.000
30
-297.6404
11
610.000
21
140.000
31
-297.2756
12
610.000
22
150.000
32
-298.4895
13
600.000
23
150.000
33
-298.7898
0
3DFACE
8
C2
10
610.000
20
140.000
30
-297.2756
11
620.000
21
140.000
31
-295.6670
12
620.000
22
150.000
32
-297.0268
13
610.000
23
150.000
33
-298.4895
0
3DFACE
8
C2
10
620.000
20
140.000
30
-295.6670
11
630.000
21
140.000
31
-295.3718
12
630.000
22
150.000
32
-296.9056
13
620.000
23
150.000
33
-297.0268
0
3DFACE
8
C2
10
630.000
20
140.000
30
-295.3718
11
640.000
21
140.000
31
-296.8373
12
640.000
22
150.000
32
-298.5568
13
630.000
23
150.000
33
-296.9056
0
3DFACE
8
C2
10
640.000
20
140.000
30
-296.8373
11
650.000
21
140.000
31
-297.5824
12
650.000
22
150.000
32
-299.3539
13
640.000
23
150.000
33
-298.5568
0
3DFACE
8
C2
10
650.000
20
140.000
30
-297.5824
11
660.000
21
140.000
31
-297.7524
12
660.000
22
150.000
32
-299.4576
13
650.000
23
150.000
33
-299.3539
0
3DFACE
8
C2
10
660.000
20
140.000
30
-297.7524
11
670.000
21
140.000
31
-298.3354
12
670.000
22
150.000
32
-299.8445
13
660.000
23
150.000
33
-299.4576
0
3DFACE
8
C2
10
670.000
20
140.000
30
-298.3354
11
680.000
21
140.000
31
-299.7904
12
680.000
22
150.000
32
-301.0874
13
670.000
23
150.000
33
-299.8445
0
3DFACE
8
C2
10
680.000
20
140.000
30
-299.7904
11
690.000
21
140.000
31
-302.3940
12
690.000
22
150.000
32
-303.4041
13
680.000
23
150.000
33
-301.0874
0
3DFACE
8
C2
10
690.000
20
140.000
30
-302.3940
11
700.000
21
140.000
31
-304.3599
12
700.000
22
150.000
32
-305.1849
13
690.000
23
150.000
33
-303.4041
0
3DFACE
8
C2
10
0.000
20
150.000
30
-306.9661
11
10.000
21
150.000
31
-305.7020
12
10.000
22
160.000
32
-302.6812
13
0.000
23
160.000
33
-304.1455
0
3DFACE
8
C2
10
10.000
20
150.000
30
-305.7020
11
20.000
21
150.000
31
-304.6311
12
20.000
22
160.000
32
-301.6475
13
10.000
23
160.000
33
-302.6812
0
3DFACE
8
C2
10
20.000
20
150.000
30
-304.6311
11
30.000
21
150.000
31
-303.3420
12
30.000
22
160.000
32
-300.2581
13
20.000
23
160.000
33
-301.6475
0
3DFACE
8
C2
10
30.000
20
150.000
30
-303.3420
11
40.000
21
150.000
31
-301.9453
12
40.000
22
160.000
32
-298.6645
13
30.000
23
160.000
33
-300.2581
0
3DFACE
8
C2
10
40.000
20
150.000
30
-301.9453
11
50.000
21
150.000
31
-301.1407
12
50.000
22
160.000
32
-297.8933
13
40.000
23
160.000
33
-298.6645
0
3DFACE
8
C2
10
50.000
20
150.000
30
-301.1407
11
60.000
21
150.000
31
-300.8543
12
60.000
22
160.000
32
-297.8215
13
50.000
23
160.000
33
-297.8933
0
3DFACE
8
C2
10
60.000
20
150.000
30
-300.8543
11
70.000
21
150.000
31
-300.9765
12
70.000
22
160.000
32
-298.2320
13
60.000
23
160.000
33
-297.8215
0
3DFACE
8
C2
10
70.000
20
150.000
30
-300.9765
11
80.000
21
150.000
31
-301.0714
12
80.000
22
160.000
32
-298.4469
13
70.000
23
160.000
33
-298.2320
0
3DFACE
8
C2
10
80.000
20
150.000
30
-301.0714
11
90.000
21
150.000
31
-301.0518
12
90.000
22
160.000
32
-298.2982
13
80.000
23
160.000
33
-298.4469
0
3DFACE
8
C2
10
90.000
20
150.000
30
-301.0518
11
100.000
21
150.000
31
-301.4801
12
100.000
22
160.000
32
-298.7616
13
90.000
23
160.000
33
-298.2982
0
3DFACE
8
C2
10
100.000
20
150.000
30
-301.4801
11
110.000
21
150.000
31
-302.4123
12
110.000
22
160.000
32
-299.8839
13
100.000
23
160.000
33
-298.7616
0
3DFACE
8
C2
10
110.000
20
150.000
30
-302.4123
11
120.000
21
150.000
31
-303.9233
12
120.000
22
160.000
32
-301.6920
13
110.000
23
160.000
33
-299.8839
0
3DFACE
8
C2
10
120.000
20
150.000
30
-303.9233
11
130.000
21
150.000
31
-305.3114
12
130.000
22
160.000
32
-303.2004
13
120.000
23
160.000
33
-301.6920
0
3DFACE
8
C2
10
130.000
20
150.000
30
-305.3114
11
140.000
21
150.000
31
-306.6277
12
140.000
22
160.000
32
-304.4591
13
130.000
23
160.000
33
-303.2004
0
3DFACE
8
C2
10
140.000
20
150.000
30
-306.6277
11
150.000
21
150.000
31
-308.3416
12
150.000
22
160.000
32
-306.1120
13
140.000
23
160.000
33
-304.4591
0
3DFACE
8
C2
10
150.000
20
150.000
30
-308.3416
11
160.000
21
150.000
31
-310.6683
12
160.000
22
160.000
32
-308.4372
13
150.000
23
160.000
33
-306.1120
0
3DFACE
8
C2
10
160.000
20
150.000
30
-310.6683
11
170.000
21
150.000
31
-313.8998
12
170.000
22
160.000
32
-311.6741
13
160.000
23
160.000
33
-308.4372
0
3DFACE
8
C2
10
170.000
20
150.000
30
-313.8998
11
180.000
21
150.000
31
-316.1280
12
180.000
22
160.000
32
-313.8389
13
170.000
23
160.000
33
-311.6741
0
3DFACE
8
C2
10
180.000
20
150.000
30
-316.1280
11
190.000
21
150.000
31
-317.8287
12
190.000
22
160.000
32
-315.4166
13
180.000
23
160.000
33
-313.8389
0
3DFACE
8
C2
10
190.000
20
150.000
30
-317.8287
11
200.000
21
150.000
31
-319.6297
12
200.000
22
160.000
32
-317.2631
13
190.000
23
160.000
33
-315.4166
0
3DFACE
8
C2
10
200.000
20
150.000
30
-319.6297
11
210.000
21
150.000
31
-321.3570
12
210.000
22
160.000
32
-319.1910
13
200.000
23
160.000
33
-317.2631
0
3DFACE
8
C2
10
210.000
20
150.000
30
-321.3570
11
220.000
21
150.000
31
-323.3899
12
220.000
22
160.000
32
-321.6139
13
210.000
23
160.000
33
-319.1910
0
3DFACE
8
C2
10
220.000
20
150.000
30
-323.3899
11
230.000
21
150.000
31
-323.9407
12
230.000
22
160.000
32
-322.3444
13
220.000
23
160.000
33
-321.6139
0
3DFACE
8
C2
10
230.000
20
150.000
30
-323.9407
11
240.000
21
150.000
31
-323.1954
12
240.000
22
160.000
32
-321.6720
13
230.000
23
160.000
33
-322.3444
0
3DFACE
8
C2
10
240.000
20
150.000
30
-323.1954
11
250.000
21
150.000
31
-322.9268
12
250.000
22
160.000
32
-321.4239
13
240.000
23
160.000
33
-321.6720
0
3DFACE
8
C2
10
250.000
20
150.000
30
-322.9268
11
260.000
21
150.000
31
-322.5889
12
260.000
22
160.000
32
-321.0484
13
250.000
23
160.000
33
-321.4239
0
3DFACE
8
C2
10
260.000
20
150.000
30
-322.5889
11
270.000
21
150.000
31
-322.4593
12
270.000
22
160.000
32
-320.8142
13
260.000
23
160.000
33
-321.0484
0
3DFACE
8
C2
10
270.000
20
150.000
30
-322.4593
11
280.000
21
150.000
31
-321.9180
12
280.000
22
160.000
32
-320.1404
13
270.000
23
160.000
33
-320.8142
0
3DFACE
8
C2
10
280.000
20
150.000
30
-321.9180
11
290.000
21
150.000
31
-320.3516
12
290.000
22
160.000
32
-318.3458
13
280.000
23
160.000
33
-320.1404
0
3DFACE
8
C2
10
290.000
20
150.000
30
-320.3516
11
300.000
21
150.000
31
-319.2808
12
300.000
22
160.000
32
-317.2601
13
290.000
23
160.000
33
-318.3458
0
3DFACE
8
C2
10
300.000
20
150.000
30
-319.2808
11
310.000
21
150.000
31
-318.1342
12
310.000
22
160.000
32
-316.2320
13
300.000
23
160.000
33
-317.2601
0
3DFACE
8
C2
10
310.000
20
150.000
30
-318.1342
11
320.000
21
150.000
31
-316.9366
12
320.000
22
160.000
32
-315.2431
13
310.000
23
160.000
33
-316.2320
0
3DFACE
8
C2
10
320.000
20
150.000
30
-316.9366
11
330.000
21
150.000
31
-315.8928
12
330.000
22
160.000
32
-314.5476
13
320.000
23
160.000
33
-315.2431
0
3DFACE
8
C2
10
330.000
20
150.000
30
-315.8928
11
340.000
21
150.000
31
-314.7345
12
340.000
22
160.000
32
-313.7693
13
330.000
23
160.000
33
-314.5476
0
3DFACE
8
C2
10
340.000
20
150.000
30
-314.7345
11
350.000
21
150.000
31
-314.0866
12
350.000
22
160.000
32
-313.4489
13
340.000
23
160.000
33
-313.7693
0
3DFACE
8
C2
10
350.000
20
150.000
30
-314.0866
11
360.000
21
150.000
31
-313.9347
12
360.000
22
160.000
32
-313.5335
13
350.000
23
160.000
33
-313.4489
0
3DFACE
8
C2
10
360.000
20
150.000
30
-313.9347
11
370.000
21
150.000
31
-314.2735
12
370.000
22
160.000
32
-313.9549
13
360.000
23
160.000
33
-313.5335
0
3DFACE
8
C2
10
370.000
20
150.000
30
-314.2735
11
380.000
21
150.000
31
-314.9177
12
380.000
22
160.000
32
-314.7438
13
370.000
23
160.000
33
-313.9549
0
3DFACE
8
C2
10
380.000
20
150.000
30
-314.9177
11
390.000
21
150.000
31
-315.6130
12
390.000
22
160.000
32
-315.5758
13
380.000
23
160.000
33
-314.7438
0
3DFACE
8
C2
10
390.000
20
150.000
30
-315.6130
11
400.000
21
150.000
31
-316.0478
12
400.000
22
160.000
32
-316.0376
13
390.000
23
160.000
33
-315.5758
0
3DFACE
8
C2
10
400.000
20
150.000
30
-316.0478
11
410.000
21
150.000
31
-316.0854
12
410.000
22
160.000
32
-316.0617
13
400.000
23
160.000
33
-316.0376
0
3DFACE
8
C2
10
410.000
20
150.000
30
-316.0854
11
420.000
21
150.000
31
-315.4410
12
420.000
22
160.000
32
-315.2528
13
410.000
23
160.000
33
-316.0617
0
3DFACE
8
C2
10
420.000
20
150.000
30
-315.4410
11
430.000
21
150.000
31
-314.4957
12
430.000
22
160.000
32
-314.2725
13
420.000
23
160.000
33
-315.2528
0
3DFACE
8
C2
10
430.000
20
150.000
30
-314.4957
11
440.000
21
150.000
31
-313.2127
12
440.000
22
160.000
32
-313.1236
13
430.000
23
160.000
33
-314.2725
0
3DFACE
8
C2
10
440.000
20
150.000
30
-313.2127
11
450.000
21
150.000
31
-311.7260
12
450.000
22
160.000
32
-311.6754
13
440.000
23
160.000
33
-313.1236
0
3DFACE
8
C2
10
450.000
20
150.000
30
-311.7260
11
460.000
21
150.000
31
-310.1187
12
460.000
22
160.000
32
-310.0766
13
450.000
23
160.000
33
-311.6754
0
3DFACE
8
C2
10
460.000
20
150.000
30
-310.1187
11
470.000
21
150.000
31
-308.4418
12
470.000
22
160.000
32
-308.3048
13
460.000
23
160.000
33
-310.0766
0
3DFACE
8
C2
10
470.000
20
150.000
30
-308.4418
11
480.000
21
150.000
31
-306.9318
12
480.000
22
160.000
32
-306.9144
13
470.000
23
160.000
33
-308.3048
0
3DFACE
8
C2
10
480.000
20
150.000
30
-306.9318
11
490.000
21
150.000
31
-305.8280
12
490.000
22
160.000
32
-306.1793
13
480.000
23
160.000
33
-306.9144
0
3DFACE
8
C2
10
490.000
20
150.000
30
-305.8280
11
500.000
21
150.000
31
-304.3486
12
500.000
22
160.000
32
-304.9710
13
490.000
23
160.000
33
-306.1793
0
3DFACE
8
C2
10
500.000
20
150.000
30
-304.3486
11
510.000
21
150.000
31
-302.2566
12
510.000
22
160.000
32
-303.0647
13
500.000
23
160.000
33
-304.9710
0
3DFACE
8
C2
10
510.000
20
150.000
30
-302.2566
11
520.000
21
150.000
31
-299.4333
12
520.000
22
160.000
32
-300.3041
13
510.000
23
160.000
33
-303.0647
0
3DFACE
8
C2
10
520.000
20
150.000
30
-299.4333
11
530.000
21
150.000
31
-297.8003
12
530.000
22
160.000
32
-298.8304
13
520.000
23
160.000
33
-300.3041
0
3DFACE
8
C2
10
530.000
20
150.000
30
-297.8003
11
540.000
21
150.000
31
-297.3429
12
540.000
22
160.000
32
-298.6573
13
530.000
23
160.000
33
-298.8304
0
3DFACE
8
C2
10
540.000
20
150.000
30
-297.3429
11
550.000
21
150.000
31
-297.1021
12
550.000
22
160.000
32
-298.4988
13
540.000
23
160.000
33
-298.6573
0
3DFACE
8
C2
10
550.000
20
150.000
30
-297.1021
11
560.000
21
150.000
31
-296.1762
12
560.000
22
160.000
32
-297.5404
13
550.000
23
160.000
33
-298.4988
0
3DFACE
8
C2
10
560.000
20
150.000
30
-296.1762
11
570.000
21
150.000
31
-294.5213
12
570.000
22
160.000
32
-295.7657
13
560.000
23
160.000
33
-297.5404
0
3DFACE
8
C2
10
570.000
20
150.000
30
-294.5213
11
580.000
21
150.000
31
-294.9685
12
580.000
22
160.000
32
-296.1171
13
570.000
23
160.000
33
-295.7657
0
3DFACE
8
C2
10
580.000
20
150.000
30
-294.9685
11
590.000
21
150.000
31
-297.3086
12
590.000
22
160.000
32
-298.4034
13
580.000
23
160.000
33
-296.1171
0
3DFACE
8
C2
10
590.000
20
150.000
30
-297.3086
11
600.000
21
150.000
31
-298.7898
12
600.000
22
160.000
32
-299.8201
13
590.000
23
160.000
33
-298.4034
0
3DFACE
8
C2
10
600.000
20
150.000
30
-298.7898
11
610.000
21
150.000
31
-298.4895
12
610.000
22
160.000
32
-299.5610
13
600.000
23
160.000
33
-299.8201
0
3DFACE
8
C2
10
610.000
20
150.000
30
-298.4895
11
620.000
21
150.000
31
-297.0268
12
620.000
22
160.000
32
-298.2636
13
610.000
23
160.000
33
-299.5610
0
3DFACE
8
C2
10
620.000
20
150.000
30
-297.0268
11
630.000
21
150.000
31
-296.9056
12
630.000
22
160.000
32
-298.2003
13
620.000
23
160.000
33
-298.2636
0
3DFACE
8
C2
10
630.000
20
150.000
30
-296.9056
11
640.000
21
150.000
31
-298.5568
12
640.000
22
160.000
32
-299.8386
13
630.000
23
160.000
33
-298.2003
0
3DFACE
8
C2
10
640.000
20
150.000
30
-298.5568
11
650.000
21
150.000
31
-299.3539
12
650.000
22
160.000
32
-300.5633
13
640.000
23
160.000
33
-299.8386
0
3DFACE
8
C2
10
650.000
20
150.000
30
-299.3539
11
660.000
21
150.000
31
-299.4576
12
660.000
22
160.000
32
-300.6397
13
650.000
23
160.000
33
-300.5633
0
3DFACE
8
C2
10
660.000
20
150.000
30
-299.4576
11
670.000
21
150.000
31
-299.8445
12
670.000
22
160.000
32
-300.8968
13
660.000
23
160.000
33
-300.6397
0
3DFACE
8
C2
10
670.000
20
150.000
30
-299.8445
11
680.000
21
150.000
31
-301.0874
12
680.000
22
160.000
32
-301.8887
13
670.000
23
160.000
33
-300.8968
0
3DFACE
8
C2
10
680.000
20
150.000
30
-301.0874
11
690.000
21
150.000
31
-303.4041
12
690.000
22
160.000
32
-303.8366
13
680.000
23
160.000
33
-301.8887
0
3DFACE
8
C2
10
690.000
20
150.000
30
-303.4041
11
700.000
21
150.000
31
-305.1849
12
700.000
22
160.000
32
-305.3786
13
690.000
23
160.000
33
-303.8366
0
3DFACE
8
C2
10
0.000
20
160.000
30
-304.1455
11
10.000
21
160.000
31
-302.6812
12
10.000
22
170.000
32
-298.6975
13
0.000
23
170.000
33
-299.9639
0
3DFACE
8
C2
10
10.000
20
160.000
30
-302.6812
11
20.000
21
160.000
31
-301.6475
12
20.000
22
170.000
32
-297.9872
13
10.000
23
170.000
33
-298.6975
0
3DFACE
8
C2
10
20.000
20
160.000
30
-301.6475
11
30.000
21
160.000
31
-300.2581
12
30.000
22
170.000
32
-296.8990
13
20.000
23
170.000
33
-297.9872
0
3DFACE
8
C2
10
30.000
20
160.000
30
-300.2581
11
40.000
21
160.000
31
-298.6645
12
40.000
22
170.000
32
-295.5738
13
30.000
23
170.000
33
-296.8990
0
3DFACE
8
C2
10
40.000
20
160.000
30
-298.6645
11
50.000
21
160.000
31
-297.8933
12
50.000
22
170.000
32
-295.0099
13
40.000
23
170.000
33
-295.5738
0
3DFACE
8
C2
10
50.000
20
160.000
30
-297.8933
11
60.000
21
160.000
31
-297.8215
12
60.000
22
170.000
32
-295.1784
13
50.000
23
170.000
33
-295.0099
0
3DFACE
8
C2
10
60.000
20
160.000
30
-297.8215
11
70.000
21
160.000
31
-298.2320
12
70.000
22
170.000
32
-295.7701
13
60.000
23
170.000
33
-295.1784
0
3DFACE
8
C2
10
70.000
20
160.000
30
-298.2320
11
80.000
21
160.000
31
-298.4469
12
80.000
22
170.000
32
-296.1443
13
70.000
23
170.000
33
-295.7701
0
3DFACE
8
C2
10
80.000
20
160.000
30
-298.4469
11
90.000
21
160.000
31
-298.2982
12
90.000
22
170.000
32
-296.0129
13
80.000
23
170.000
33
-296.1443
0
3DFACE
8
C2
10
90.000
20
160.000
30
-298.2982
11
100.000
21
160.000
31
-298.7616
12
100.000
22
170.000
32
-296.5209
13
90.000
23
170.000
33
-296.0129
0
3DFACE
8
C2
10
100.000
20
160.000
30
-298.7616
11
110.000
21
160.000
31
-299.8839
12
110.000
22
170.000
32
-297.6886
13
100.000
23
170.000
33
-296.5209
0
3DFACE
8
C2
10
110.000
20
160.000
30
-299.8839
11
120.000
21
160.000
31
-301.6920
12
120.000
22
170.000
32
-299.4972
13
110.000
23
170.000
33
-297.6886
0
3DFACE
8
C2
10
120.000
20
160.000
30
-301.6920
11
130.000
21
160.000
31
-303.2004
12
130.000
22
170.000
32
-300.9842
13
120.000
23
170.000
33
-299.4972
0
3DFACE
8
C2
10
130.000
20
160.000
30
-303.2004
11
140.000
21
160.000
31
-304.4591
12
140.000
22
170.000
32
-302.1935
13
130.000
23
170.000
33
-300.9842
0
3DFACE
8
C2
10
140.000
20
160.000
30
-304.4591
11
150.000
21
160.000
31
-306.1120
12
150.000
22
170.000
32
-303.7726
13
140.000
23
170.000
33
-302.1935
0
3DFACE
8
C2
10
150.000
20
160.000
30
-306.1120
11
160.000
21
160.000
31
-308.4372
12
160.000
22
170.000
32
-305.9879
13
150.000
23
170.000
33
-303.7726
0
3DFACE
8
C2
10
160.000
20
160.000
30
-308.4372
11
170.000
21
160.000
31
-311.6741
12
170.000
22
170.000
32
-309.0295
13
160.000
23
170.000
33
-305.9879
0
3DFACE
8
C2
10
170.000
20
160.000
30
-311.6741
11
180.000
21
160.000
31
-313.8389
12
180.000
22
170.000
32
-311.0980
13
170.000
23
170.000
33
-309.0295
0
3DFACE
8
C2
10
180.000
20
160.000
30
-313.8389
11
190.000
21
160.000
31
-315.4166
12
190.000
22
170.000
32
-312.6399
13
180.000
23
170.000
33
-311.0980
0
3DFACE
8
C2
10
190.000
20
160.000
30
-315.4166
11
200.000
21
160.000
31
-317.2631
12
200.000
22
170.000
32
-314.4645
13
190.000
23
170.000
33
-312.6399
0
3DFACE
8
C2
10
200.000
20
160.000
30
-317.2631
11
210.000
21
160.000
31
-319.1910
12
210.000
22
170.000
32
-316.4433
13
200.000
23
170.000
33
-314.4645
0
3DFACE
8
C2
10
210.000
20
160.000
30
-319.1910
11
220.000
21
160.000
31
-321.6139
12
220.000
22
170.000
32
-319.2028
13
210.000
23
170.000
33
-316.4433
0
3DFACE
8
C2
10
220.000
20
160.000
30
-321.6139
11
230.000
21
160.000
31
-322.3444
12
230.000
22
170.000
32
-320.0088
13
220.000
23
170.000
33
-319.2028
0
3DFACE
8
C2
10
230.000
20
160.000
30
-322.3444
11
240.000
21
160.000
31
-321.6720
12
240.000
22
170.000
32
-319.4823
13
230.000
23
170.000
33
-320.0088
0
3DFACE
8
C2
10
240.000
20
160.000
30
-321.6720
11
250.000
21
160.000
31
-321.4239
12
250.000
22
170.000
32
-319.3032
13
240.000
23
170.000
33
-319.4823
0
3DFACE
8
C2
10
250.000
20
160.000
30
-321.4239
11
260.000
21
160.000
31
-321.0484
12
260.000
22
170.000
32
-318.9600
13
250.000
23
170.000
33
-319.3032
0
3DFACE
8
C2
10
260.000
20
160.000
30
-321.0484
11
270.000
21
160.000
31
-320.8142
12
270.000
22
170.000
32
-318.7954
13
260.000
23
170.000
33
-318.9600
0
3DFACE
8
C2
10
270.000
20
160.000
30
-320.8142
11
280.000
21
160.000
31
-320.1404
12
280.000
22
170.000
32
-318.1279
13
270.000
23
170.000
33
-318.7954
0
3DFACE
8
C2
10
280.000
20
160.000
30
-320.1404
11
290.000
21
160.000
31
-318.3458
12
290.000
22
170.000
32
-316.0929
13
280.000
23
170.000
33
-318.1279
0
3DFACE
8
C2
10
290.000
20
160.000
30
-318.3458
11
300.000
21
160.000
31
-317.2601
12
300.000
22
170.000
32
-315.1554
13
290.000
23
170.000
33
-316.0929
0
3DFACE
8
C2
10
300.000
20
160.000
30
-317.2601
11
310.000
21
160.000
31
-316.2320
12
310.000
22
170.000
32
-314.3600
13
300.000
23
170.000
33
-315.1554
0
3DFACE
8
C2
10
310.000
20
160.000
30
-316.2320
11
320.000
21
160.000
31
-315.2431
12
320.000
22
170.000
32
-313.5848
13
310.000
23
170.000
33
-314.3600
0
3DFACE
8
C2
10
320.000
20
160.000
30
-315.2431
11
330.000
21
160.000
31
-314.5476
12
330.000
22
170.000
32
-313.2150
13
320.000
23
170.000
33
-313.5848
0
3DFACE
8
C2
10
330.000
20
160.000
30
-314.5476
11
340.000
21
160.000
31
-313.7693
12
340.000
22
170.000
32
-312.7300
13
330.000
23
170.000
33
-313.2150
0
3DFACE
8
C2
10
340.000
20
160.000
30
-313.7693
11
350.000
21
160.000
31
-313.4489
12
350.000
22
170.000
32
-312.7523
13
340.000
23
170.000
33
-312.7300
0
3DFACE
8
C2
10
350.000
20
160.000
30
-313.4489
11
360.000
21
160.000
31
-313.5335
12
360.000
22
170.000
32
-313.0909
13
350.000
23
170.000
33
-312.7523
0
3DFACE
8
C2
10
360.000
20
160.000
30
-313.5335
11
370.000
21
160.000
31
-313.9549
12
370.000
22
170.000
32
-313.5037
13
360.000
23
170.000
33
-313.0909
0
3DFACE
8
C2
10
370.000
20
160.000
30
-313.9549
11
380.000
21
160.000
31
-314.7438
12
380.000
22
170.000
32
-314.3632
13
370.000
23
170.000
33
-313.5037
0
3DFACE
8
C2
10
380.000
20
160.000
30
-314.7438
11
390.000
21
160.000
31
-315.5758
12
390.000
22
170.000
32
-315.3215
13
380.000
23
170.000
33
-314.3632
0
3DFACE
8
C2
10
390.000
20
160.000
30
-315.5758
11
400.000
21
160.000
31
-316.0376
12
400.000
22
170.000
32
-315.8345
13
390.000
23
170.000
33
-315.3215
0
3DFACE
8
C2
10
400.000
20
160.000
30
-316.0376
11
410.000
21
160.000
31
-316.0617
12
410.000
22
170.000
32
-315.9047
13
400.000
23
170.000
33
-315.8345
0
3DFACE
8
C2
10
410.000
20
160.000
30
-316.0617
11
420.000
21
160.000
31
-315.2528
12
420.000
22
170.000
32
-315.1482
13
410.000
23
170.000
33
-315.9047
0
3DFACE
8
C2
10
420.000
20
160.000
30
-315.2528
11
430.000
21
160.000
31
-314.2725
12
430.000
22
170.000
32
-314.1886
13
420.000
23
170.000
33
-315.1482
0
3DFACE
8
C2
10
430.000
20
160.000
30
-314.2725
11
440.000
21
160.000
31
-313.1236
12
440.000
22
170.000
32
-313.2835
13
430.000
23
170.000
33
-314.1886
0
3DFACE
8
C2
10
440.000
20
160.000
30
-313.1236
11
450.000
21
160.000
31
-311.6754
12
450.000
22
170.000
32
-311.9604
13
440.000
23
170.000
33
-313.2835
0
3DFACE
8
C2
10
450.000
20
160.000
30
-311.6754
11
460.000
21
160.000
31
-310.0766
12
460.000
22
170.000
32
-310.4945
13
450.000
23
170.000
33
-311.9604
0
3DFACE
8
C2
10
460.000
20
160.000
30
-310.0766
11
470.000
21
160.000
31
-308.3048
12
470.000
22
170.000
32
-308.8543
13
460.000
23
170.000
33
-310.4945
0
3DFACE
8
C2
10
470.000
20
160.000
30
-308.3048
11
480.000
21
160.000
31
-306.9144
12
480.000
22
170.000
32
-307.6105
13
470.000
23
170.000
33
-308.8543
0
3DFACE
8
C2
10
480.000
20
160.000
30
-306.9144
11
490.000
21
160.000
31
-306.1793
12
490.000
22
170.000
32
-307.0592
13
480.000
23
170.000
33
-307.6105
0
3DFACE
8
C2
10
490.000
20
160.000
30
-306.1793
11
500.000
21
160.000
31
-304.9710
12
500.000
22
170.000
32
-306.1583
13
490.000
23
170.000
33
-307.0592
0
3DFACE
8
C2
10
500.000
20
160.000
30
-304.9710
11
510.000
21
160.000
31
-303.0647
12
510.000
22
170.000
32
-304.6279
13
500.000
23
170.000
33
-306.1583
0
3DFACE
8
C2
10
510.000
20
160.000
30
-303.0647
11
520.000
21
160.000
31
-300.3041
12
520.000
22
170.000
32
-302.3262
13
510.000
23
170.000
33
-304.6279
0
3DFACE
8
C2
10
520.000
20
160.000
30
-300.3041
11
530.000
21
160.000
31
-298.8304
12
530.000
22
170.000
32
-301.1349
13
520.000
23
170.000
33
-302.3262
0
3DFACE
8
C2
10
530.000
20
160.000
30
-298.8304
11
540.000
21
160.000
31
-298.6573
12
540.000
22
170.000
32
-301.1028
13
530.000
23
170.000
33
-301.1349
0
3DFACE
8
C2
10
540.000
20
160.000
30
-298.6573
11
550.000
21
160.000
31
-298.4988
12
550.000
22
170.000
32
-301.0451
13
540.000
23
170.000
33
-301.1028
0
3DFACE
8
C2
10
550.000
20
160.000
30
-298.4988
11
560.000
21
160.000
31
-297.5404
12
560.000
22
170.000
32
-300.2018
13
550.000
23
170.000
33
-301.0451
0
3DFACE
8
C2
10
560.000
20
160.000
30
-297.5404
11
570.000
21
160.000
31
-295.7657
12
570.000
22
170.000
32
-298.5730
13
560.000
23
170.000
33
-300.2018
0
3DFACE
8
C2
10
570.000
20
160.000
30
-295.7657
11
580.000
21
160.000
31
-296.1171
12
580.000
22
170.000
32
-298.7647
13
570.000
23
170.000
33
-298.5730
0
3DFACE
8
C2
10
580.000
20
160.000
30
-296.1171
11
590.000
21
160.000
31
-298.4034
12
590.000
22
170.000
32
-300.5803
13
580.000
23
170.000
33
-298.7647
0
3DFACE
8
C2
10
590.000
20
160.000
30
-298.4034
11
600.000
21
160.000
31
-299.8201
12
600.000
22
170.000
32
-301.5870
13
590.000
23
170.000
33
-300.5803
0
3DFACE
8
C2
10
600.000
20
160.000
30
-299.8201
11
610.000
21
160.000
31
-299.5610
12
610.000
22
170.000
32
-301.2295
13
600.000
23
170.000
33
-301.5870
0
3DFACE
8
C2
10
610.000
20
160.000
30
-299.5610
11
620.000
21
160.000
31
-298.2636
12
620.000
22
170.000
32
-299.9921
13
610.000
23
170.000
33
-301.2295
0
3DFACE
8
C2
10
620.000
20
160.000
30
-298.2636
11
630.000
21
160.000
31
-298.2003
12
630.000
22
170.000
32
-299.7667
13
620.000
23
170.000
33
-299.9921
0
3DFACE
8
C2
10
630.000
20
160.000
30
-298.2003
11
640.000
21
160.000
31
-299.8386
12
640.000
22
170.000
32
-300.9567
13
630.000
23
170.000
33
-299.7667
0
3DFACE
8
C2
10
640.000
20
160.000
30
-299.8386
11
650.000
21
160.000
31
-300.5633
12
650.000
22
170.000
32
-301.3241
13
640.000
23
170.000
33
-300.9567
0
3DFACE
8
C2
10
650.000
20
160.000
30
-300.5633
11
660.000
21
160.000
31
-300.6397
12
660.000
22
170.000
32
-301.1610
13
650.000
23
170.000
33
-301.3241
0
3DFACE
8
C2
10
660.000
20
160.000
30
-300.6397
11
670.000
21
160.000
31
-300.8968
12
670.000
22
170.000
32
-301.2687
13
660.000
23
170.000
33
-301.1610
0
3DFACE
8
C2
10
670.000
20
160.000
30
-300.8968
11
680.000
21
160.000
31
-301.8887
12
680.000
22
170.000
32
-301.9149
13
670.000
23
170.000
33
-301.2687
0
3DFACE
8
C2
10
680.000
20
160.000
30
-301.8887
11
690.000
21
160.000
31
-303.8366
12
690.000
22
170.000
32
-303.3570
13
680.000
23
170.000
33
-301.9149
0
3DFACE
8
C2
10
690.000
20
160.000
30
-303.8366
11
700.000
21
160.000
31
-305.3786
12
700.000
22
170.000
32
-304.5445
13
690.000
23
170.000
33
-303.3570
0
3DFACE
8
C2
10
0.000
20
170.000
30
-299.9639
11
10.000
21
170.000
31
-298.6975
12
10.000
22
180.000
32
-297.2283
13
0.000
23
180.000
33
-298.5157
0
3DFACE
8
C2
10
10.000
20
170.000
30
-298.6975
11
20.000
21
170.000
31
-297.9872
12
20.000
22
180.000
32
-296.4954
13
10.000
23
180.000
33
-297.2283
0
3DFACE
8
C2
10
20.000
20
170.000
30
-297.9872
11
30.000
21
170.000
31
-296.8990
12
30.000
22
180.000
32
-295.4396
13
20.000
23
180.000
33
-296.4954
0
3DFACE
8
C2
10
30.000
20
170.000
30
-296.8990
11
40.000
21
170.000
31
-295.5738
12
40.000
22
180.000
32
-294.1257
13
30.000
23
180.000
33
-295.4396
0
3DFACE
8
C2
10
40.000
20
170.000
30
-295.5738
11
50.000
21
170.000
31
-295.0099
12
50.000
22
180.000
32
-293.6126
13
40.000
23
180.000
33
-294.1257
0
3DFACE
8
C2
10
50.000
20
170.000
30
-295.0099
11
60.000
21
170.000
31
-295.1784
12
60.000
22
180.000
32
-293.8462
13
50.000
23
180.000
33
-293.6126
0
3DFACE
8
C2
10
60.000
20
170.000
30
-295.1784
11
70.000
21
170.000
31
-295.7701
12
70.000
22
180.000
32
-294.4542
13
60.000
23
180.000
33
-293.8462
0
3DFACE
8
C2
10
70.000
20
170.000
30
-295.7701
11
80.000
21
170.000
31
-296.1443
12
80.000
22
180.000
32
-294.8154
13
70.000
23
180.000
33
-294.4542
0
3DFACE
8
C2
10
80.000
20
170.000
30
-296.1443
11
90.000
21
170.000
31
-296.0129
12
90.000
22
180.000
32
-294.6930
13
80.000
23
180.000
33
-294.8154
0
3DFACE
8
C2
10
90.000
20
170.000
30
-296.0129
11
100.000
21
170.000
31
-296.5209
12
100.000
22
180.000
32
-295.1786
13
90.000
23
180.000
33
-294.6930
0
3DFACE
8
C2
10
100.000
20
170.000
30
-296.5209
11
110.000
21
170.000
31
-297.6886
12
110.000
22
180.000
32
-296.3960
13
100.000
23
180.000
33
-295.1786
0
3DFACE
8
C2
10
110.000
20
170.000
30
-297.6886
11
120.000
21
170.000
31
-299.4972
12
120.000
22
180.000
32
-298.3167
13
110.000
23
180.000
33
-296.3960
0
3DFACE
8
C2
10
120.000
20
170.000
30
-299.4972
11
130.000
21
170.000
31
-300.9842
12
130.000
22
180.000
32
-299.8571
13
120.000
23
180.000
33
-298.3167
0
3DFACE
8
C2
10
130.000
20
170.000
30
-300.9842
11
140.000
21
170.000
31
-302.1935
12
140.000
22
180.000
32
-301.1153
13
130.000
23
180.000
33
-299.8571
0
3DFACE
8
C2
10
140.000
20
170.000
30
-302.1935
11
150.000
21
170.000
31
-303.7726
12
150.000
22
180.000
32
-302.6529
13
140.000
23
180.000
33
-301.1153
0
3DFACE
8
C2
10
150.000
20
170.000
30
-303.7726
11
160.000
21
170.000
31
-305.9879
12
160.000
22
180.000
32
-304.7998
13
150.000
23
180.000
33
-302.6529
0
3DFACE
8
C2
10
160.000
20
170.000
30
-305.9879
11
170.000
21
170.000
31
-309.0295
12
170.000
22
180.000
32
-307.6795
13
160.000
23
180.000
33
-304.7998
0
3DFACE
8
C2
10
170.000
20
170.000
30
-309.0295
11
180.000
21
170.000
31
-311.0980
12
180.000
22
180.000
32
-309.5655
13
170.000
23
180.000
33
-307.6795
0
3DFACE
8
C2
10
180.000
20
170.000
30
-311.0980
11
190.000
21
170.000
31
-312.6399
12
190.000
22
180.000
32
-310.9384
13
180.000
23
180.000
33
-309.5655
0
3DFACE
8
C2
10
190.000
20
170.000
30
-312.6399
11
200.000
21
170.000
31
-314.4645
12
200.000
22
180.000
32
-312.7683
13
190.000
23
180.000
33
-310.9384
0
3DFACE
8
C2
10
200.000
20
170.000
30
-314.4645
11
210.000
21
170.000
31
-316.4433
12
210.000
22
180.000
32
-314.8643
13
200.000
23
180.000
33
-312.7683
0
3DFACE
8
C2
10
210.000
20
170.000
30
-316.4433
11
220.000
21
170.000
31
-319.2028
12
220.000
22
180.000
32
-317.8343
13
210.000
23
180.000
33
-314.8643
0
3DFACE
8
C2
10
220.000
20
170.000
30
-319.2028
11
230.000
21
170.000
31
-320.0088
12
230.000
22
180.000
32
-318.8393
13
220.000
23
180.000
33
-317.8343
0
3DFACE
8
C2
10
230.000
20
170.000
30
-320.0088
11
240.000
21
170.000
31
-319.4823
12
240.000
22
180.000
32
-318.5328
13
230.000
23
180.000
33
-318.8393
0
3DFACE
8
C2
10
240.000
20
170.000
30
-319.4823
11
250.000
21
170.000
31
-319.3032
12
250.000
22
180.000
32
-318.4862
13
240.000
23
180.000
33
-318.5328
0
3DFACE
8
C2
10
250.000
20
170.000
30
-319.3032
11
260.000
21
170.000
31
-318.9600
12
260.000
22
180.000
32
-318.1917
13
250.000
23
180.000
33
-318.4862
0
3DFACE
8
C2
10
260.000
20
170.000
30
-318.9600
11
270.000
21
170.000
31
-318.7954
12
270.000
22
180.000
32
-317.9985
13
260.000
23
180.000
33
-318.1917
0
3DFACE
8
C2
10
270.000
20
170.000
30
-318.7954
11
280.000
21
170.000
31
-318.1279
12
280.000
22
180.000
32
-317.2063
13
270.000
23
180.000
33
-317.9985
0
3DFACE
8
C2
10
280.000
20
170.000
30
-318.1279
11
290.000
21
170.000
31
-316.0929
12
290.000
22
180.000
32
-315.0390
13
280.000
23
180.000
33
-317.2063
0
3DFACE
8
C2
10
290.000
20
170.000
30
-316.0929
11
300.000
21
170.000
31
-315.1554
12
300.000
22
180.000
32
-314.0349
13
290.000
23
180.000
33
-315.0390
0
3DFACE
8
C2
10
300.000
20
170.000
30
-315.1554
11
310.000
21
170.000
31
-314.3600
12
310.000
22
180.000
32
-313.2307
13
300.000
23
180.000
33
-314.0349
0
3DFACE
8
C2
10
310.000
20
170.000
30
-314.3600
11
320.000
21
170.000
31
-313.5848
12
320.000
22
180.000
32
-312.4895
13
310.000
23
180.000
33
-313.2307
0
3DFACE
8
C2
10
320.000
20
170.000
30
-313.5848
11
330.000
21
170.000
31
-313.2150
12
330.000
22
180.000
32
-312.2516
13
320.000
23
180.000
33
-312.4895
0
3DFACE
8
C2
10
330.000
20
170.000
30
-313.2150
11
340.000
21
170.000
31
-312.7300
12
340.000
22
180.000
32
-311.9083
13
330.000
23
180.000
33
-312.2516
0
3DFACE
8
C2
10
340.000
20
170.000
30
-312.7300
11
350.000
21
170.000
31
-312.7523
12
350.000
22
180.000
32
-312.0817
13
340.000
23
180.000
33
-311.9083
0
3DFACE
8
C2
10
350.000
20
170.000
30
-312.7523
11
360.000
21
170.000
31
-313.0909
12
360.000
22
180.000
32
-312.5217
13
350.000
23
180.000
33
-312.0817
0
3DFACE
8
C2
10
360.000
20
170.000
30
-313.0909
11
370.000
21
170.000
31
-313.5037
12
370.000
22
180.000
32
-312.8542
13
360.000
23
180.000
33
-312.5217
0
3DFACE
8
C2
10
370.000
20
170.000
30
-313.5037
11
380.000
21
170.000
31
-314.3632
12
380.000
22
180.000
32
-313.6898
13
370.000
23
180.000
33
-312.8542
0
3DFACE
8
C2
10
380.000
20
170.000
30
-314.3632
11
390.000
21
170.000
31
-315.3215
12
390.000
22
180.000
32
-314.6747
13
380.000
23
180.000
33
-313.6898
0
3DFACE
8
C2
10
390.000
20
170.000
30
-315.3215
11
400.000
21
170.000
31
-315.8345
12
400.000
22
180.000
32
-315.1836
13
390.000
23
180.000
33
-314.6747
0
3DFACE
8
C2
10
400.000
20
170.000
30
-315.8345
11
410.000
21
170.000
31
-315.9047
12
410.000
22
180.000
32
-315.2333
13
400.000
23
180.000
33
-315.1836
0
3DFACE
8
C2
10
410.000
20
170.000
30
-315.9047
11
420.000
21
170.000
31
-315.1482
12
420.000
22
180.000
32
-314.4934
13
410.000
23
180.000
33
-315.2333
0
3DFACE
8
C2
10
420.000
20
170.000
30
-315.1482
11
430.000
21
170.000
31
-314.1886
12
430.000
22
180.000
32
-313.6587
13
420.000
23
180.000
33
-314.4934
0
3DFACE
8
C2
10
430.000
20
170.000
30
-314.1886
11
440.000
21
170.000
31
-313.2835
12
440.000
22
180.000
32
-313.0351
13
430.000
23
180.000
33
-313.6587
0
3DFACE
8
C2
10
440.000
20
170.000
30
-313.2835
11
450.000
21
170.000
31
-311.9604
12
450.000
22
180.000
32
-311.9008
13
440.000
23
180.000
33
-313.0351
0
3DFACE
8
C2
10
450.000
20
170.000
30
-311.9604
11
460.000
21
170.000
31
-310.4945
12
460.000
22
180.000
32
-310.5405
13
450.000
23
180.000
33
-311.9008
0
3DFACE
8
C2
10
460.000
20
170.000
30
-310.4945
11
470.000
21
170.000
31
-308.8543
12
470.000
22
180.000
32
-308.8407
13
460.000
23
180.000
33
-310.5405
0
3DFACE
8
C2
10
470.000
20
170.000
30
-308.8543
11
480.000
21
170.000
31
-307.6105
12
480.000
22
180.000
32
-307.6762
13
470.000
23
180.000
33
-308.8407
0
3DFACE
8
C2
10
480.000
20
170.000
30
-307.6105
11
490.000
21
170.000
31
-307.0592
12
490.000
22
180.000
32
-307.2960
13
480.000
23
180.000
33
-307.6762
0
3DFACE
8
C2
10
490.000
20
170.000
30
-307.0592
11
500.000
21
170.000
31
-306.1583
12
500.000
22
180.000
32
-306.5589
13
490.000
23
180.000
33
-307.2960
0
3DFACE
8
C2
10
500.000
20
170.000
30
-306.1583
11
510.000
21
170.000
31
-304.6279
12
510.000
22
180.000
32
-305.1458
13
500.000
23
180.000
33
-306.5589
0
3DFACE
8
C2
10
510.000
20
170.000
30
-304.6279
11
520.000
21
170.000
31
-302.3262
12
520.000
22
180.000
32
-302.9496
13
510.000
23
180.000
33
-305.1458
0
3DFACE
8
C2
10
520.000
20
170.000
30
-302.3262
11
530.000
21
170.000
31
-301.1349
12
530.000
22
180.000
32
-301.9339
13
520.000
23
180.000
33
-302.9496
0
3DFACE
8
C2
10
530.000
20
170.000
30
-301.1349
11
540.000
21
170.000
31
-301.1028
12
540.000
22
180.000
32
-302.1614
13
530.000
23
180.000
33
-301.9339
0
3DFACE
8
C2
10
540.000
20
170.000
30
-301.1028
11
550.000
21
170.000
31
-301.0451
12
550.000
22
180.000
32
-302.2088
13
540.000
23
180.000
33
-302.1614
0
3DFACE
8
C2
10
550.000
20
170.000
30
-301.0451
11
560.000
21
170.000
31
-300.2018
12
560.000
22
180.000
32
-301.3344
13
550.000
23
180.000
33
-302.2088
0
3DFACE
8
C2
10
560.000
20
170.000
30
-300.2018
11
570.000
21
170.000
31
-298.5730
12
570.000
22
180.000
32
-299.6575
13
560.000
23
180.000
33
-301.3344
0
3DFACE
8
C2
10
570.000
20
170.000
30
-298.5730
11
580.000
21
170.000
31
-298.7647
12
580.000
22
180.000
32
-299.6441
13
570.000
23
180.000
33
-299.6575
0
3DFACE
8
C2
10
580.000
20
170.000
30
-298.7647
11
590.000
21
170.000
31
-300.5803
12
590.000
22
180.000
32
-301.1644
13
580.000
23
180.000
33
-299.6441
0
3DFACE
8
C2
10
590.000
20
170.000
30
-300.5803
11
600.000
21
170.000
31
-301.5870
12
600.000
22
180.000
32
-301.8850
13
590.000
23
180.000
33
-301.1644
0
3DFACE
8
C2
10
600.000
20
170.000
30
-301.5870
11
610.000
21
170.000
31
-301.2295
12
610.000
22
180.000
32
-301.4039
13
600.000
23
180.000
33
-301.8850
0
3DFACE
8
C2
10
610.000
20
170.000
30
-301.2295
11
620.000
21
170.000
31
-299.9921
12
620.000
22
180.000
32
-300.2508
13
610.000
23
180.000
33
-301.4039
0
3DFACE
8
C2
10
620.000
20
170.000
30
-299.9921
11
630.000
21
170.000
31
-299.7667
12
630.000
22
180.000
32
-299.9792
13
620.000
23
180.000
33
-300.2508
0
3DFACE
8
C2
10
630.000
20
170.000
30
-299.7667
11
640.000
21
170.000
31
-300.9567
12
640.000
22
180.000
32
-300.9352
13
630.000
23
180.000
33
-299.9792
0
3DFACE
8
C2
10
640.000
20
170.000
30
-300.9567
11
650.000
21
170.000
31
-301.3241
12
650.000
22
180.000
32
-301.1569
13
640.000
23
180.000
33
-300.9352
0
3DFACE
8
C2
10
650.000
20
170.000
30
-301.3241
11
660.000
21
170.000
31
-301.1610
12
660.000
22
180.000
32
-300.9667
13
650.000
23
180.000
33
-301.1569
0
3DFACE
8
C2
10
660.000
20
170.000
30
-301.1610
11
670.000
21
170.000
31
-301.2687
12
670.000
22
180.000
32
-301.0074
13
660.000
23
180.000
33
-300.9667
0
3DFACE
8
C2
10
670.000
20
170.000
30
-301.2687
11
680.000
21
170.000
31
-301.9149
12
680.000
22
180.000
32
-301.4576
13
670.000
23
180.000
33
-301.0074
0
3DFACE
8
C2
10
680.000
20
170.000
30
-301.9149
11
690.000
21
170.000
31
-303.3570
12
690.000
22
180.000
32
-302.4875
13
680.000
23
180.000
33
-301.4576
0
3DFACE
8
C2
10
690.000
20
170.000
30
-303.3570
11
700.000
21
170.000
31
-304.5445
12
700.000
22
180.000
32
-303.4217
13
690.000
23
180.000
33
-302.4875
0
3DFACE
8
C2
10
0.000
20
180.000
30
-298.5157
11
10.000
21
180.000
31
-297.2283
12
10.000
22
190.000
32
-297.6579
13
0.000
23
190.000
33
-299.1111
0
3DFACE
8
C2
10
10.000
20
180.000
30
-297.2283
11
20.000
21
180.000
31
-296.4954
12
20.000
22
190.000
32
-296.7812
13
10.000
23
190.000
33
-297.6579
0
3DFACE
8
C2
10
20.000
20
180.000
30
-296.4954
11
30.000
21
180.000
31
-295.4396
12
30.000
22
190.000
32
-295.5785
13
20.000
23
190.000
33
-296.7812
0
3DFACE
8
C2
10
30.000
20
180.000
30
-295.4396
11
40.000
21
180.000
31
-294.1257
12
40.000
22
190.000
32
-294.1384
13
30.000
23
190.000
33
-295.5785
0
3DFACE
8
C2
10
40.000
20
180.000
30
-294.1257
11
50.000
21
180.000
31
-293.6126
12
50.000
22
190.000
32
-293.6126
13
40.000
23
190.000
33
-294.1384
0
3DFACE
8
C2
10
50.000
20
180.000
30
-293.6126
11
60.000
21
180.000
31
-293.8462
12
60.000
22
190.000
32
-293.8151
13
50.000
23
190.000
33
-293.6126
0
3DFACE
8
C2
10
60.000
20
180.000
30
-293.8462
11
70.000
21
180.000
31
-294.4542
12
70.000
22
190.000
32
-294.3325
13
60.000
23
190.000
33
-293.8151
0
3DFACE
8
C2
10
70.000
20
180.000
30
-294.4542
11
80.000
21
180.000
31
-294.8154
12
80.000
22
190.000
32
-294.6168
13
70.000
23
190.000
33
-294.3325
0
3DFACE
8
C2
10
80.000
20
180.000
30
-294.8154
11
90.000
21
180.000
31
-294.6930
12
90.000
22
190.000
32
-294.4147
13
80.000
23
190.000
33
-294.6168
0
3DFACE
8
C2
10
90.000
20
180.000
30
-294.6930
11
100.000
21
180.000
31
-295.1786
12
100.000
22
190.000
32
-294.8721
13
90.000
23
190.000
33
-294.4147
0
3DFACE
8
C2
10
100.000
20
180.000
30
-295.1786
11
110.000
21
180.000
31
-296.3960
12
110.000
22
190.000
32
-296.0257
13
100.000
23
190.000
33
-294.8721
0
3DFACE
8
C2
10
110.000
20
180.000
30
-296.3960
11
120.000
21
180.000
31
-298.3167
12
120.000
22
190.000
32
-297.8921
13
110.000
23
190.000
33
-296.0257
0
3DFACE
8
C2
10
120.000
20
180.000
30
-298.3167
11
130.000
21
180.000
31
-299.8571
12
130.000
22
190.000
32
-299.4110
13
120.000
23
190.000
33
-297.8921
0
3DFACE
8
C2
10
130.000
20
180.000
30
-299.8571
11
140.000
21
180.000
31
-301.1153
12
140.000
22
190.000
32
-300.6938
13
130.000
23
190.000
33
-299.4110
0
3DFACE
8
C2
10
140.000
20
180.000
30
-301.1153
11
150.000
21
180.000
31
-302.6529
12
150.000
22
190.000
32
-302.2551
13
140.000
23
190.000
33
-300.6938
0
3DFACE
8
C2
10
150.000
20
180.000
30
-302.6529
11
160.000
21
180.000
31
-304.7998
12
160.000
22
190.000
32
-304.3619
13
150.000
23
190.000
33
-302.2551
0
3DFACE
8
C2
10
160.000
20
180.000
30
-304.7998
11
170.000
21
180.000
31
-307.6795
12
170.000
22
190.000
32
-306.9513
13
160.000
23
190.000
33
-304.3619
0
3DFACE
8
C2
10
170.000
20
180.000
30
-307.6795
11
180.000
21
180.000
31
-309.5655
12
180.000
22
190.000
32
-308.7892
13
170.000
23
190.000
33
-306.9513
0
3DFACE
8
C2
10
180.000
20
180.000
30
-309.5655
11
190.000
21
180.000
31
-310.9384
12
190.000
22
190.000
32
-310.1682
13
180.000
23
190.000
33
-308.7892
0
3DFACE
8
C2
10
190.000
20
180.000
30
-310.9384
11
200.000
21
180.000
31
-312.7683
12
200.000
22
190.000
32
-312.0904
13
190.000
23
190.000
33
-310.1682
0
3DFACE
8
C2
10
200.000
20
180.000
30
-312.7683
11
210.000
21
180.000
31
-314.8643
12
210.000
22
190.000
32
-314.3785
13
200.000
23
190.000
33
-312.0904
0
3DFACE
8
C2
10
210.000
20
180.000
30
-314.8643
11
220.000
21
180.000
31
-317.8343
12
220.000
22
190.000
32
-317.3791
13
210.000
23
190.000
33
-314.3785
0
3DFACE
8
C2
10
220.000
20
180.000
30
-317.8343
11
230.000
21
180.000
31
-318.8393
12
230.000
22
190.000
32
-318.6440
13
220.000
23
190.000
33
-317.3791
0
3DFACE
8
C2
10
230.000
20
180.000
30
-318.8393
11
240.000
21
180.000
31
-318.5328
12
240.000
22
190.000
32
-318.7517
13
230.000
23
190.000
33
-318.6440
0
3DFACE
8
C2
10
240.000
20
180.000
30
-318.5328
11
250.000
21
180.000
31
-318.4862
12
250.000
22
190.000
32
-318.8452
13
240.000
23
190.000
33
-318.7517
0
3DFACE
8
C2
10
250.000
20
180.000
30
-318.4862
11
260.000
21
180.000
31
-318.1917
12
260.000
22
190.000
32
-318.5879
13
250.000
23
190.000
33
-318.8452
0
3DFACE
8
C2
10
260.000
20
180.000
30
-318.1917
11
270.000
21
180.000
31
-317.9985
12
270.000
22
190.000
32
-318.2481
13
260.000
23
190.000
33
-318.5879
0
3DFACE
8
C2
10
270.000
20
180.000
30
-317.9985
11
280.000
21
180.000
31
-317.2063
12
280.000
22
190.000
32
-317.2905
13
270.000
23
190.000
33
-318.2481
0
3DFACE
8
C2
10
280.000
20
180.000
30
-317.2063
11
290.000
21
180.000
31
-315.0390
12
290.000
22
190.000
32
-315.0987
13
280.000
23
190.000
33
-317.2905
0
3DFACE
8
C2
10
290.000
20
180.000
30
-315.0390
11
300.000
21
180.000
31
-314.0349
12
300.000
22
190.000
32
-313.8586
13
290.000
23
190.000
33
-315.0987
0
3DFACE
8
C2
10
300.000
20
180.000
30
-314.0349
11
310.000
21
180.000
31
-313.2307
12
310.000
22
190.000
32
-312.8389
13
300.000
23
190.000
33
-313.8586
0
3DFACE
8
C2
10
310.000
20
180.000
30
-313.2307
11
320.000
21
180.000
31
-312.4895
12
320.000
22
190.000
32
-311.9175
13
310.000
23
190.000
33
-312.8389
0
3DFACE
8
C2
10
320.000
20
180.000
30
-312.4895
11
330.000
21
180.000
31
-312.2516
12
330.000
22
190.000
32
-311.5809
13
320.000
23
190.000
33
-311.9175
0
3DFACE
8
C2
10
330.000
20
180.000
30
-312.2516
11
340.000
21
180.000
31
-311.9083
12
340.000
22
190.000
32
-311.2563
13
330.000
23
190.000
33
-311.5809
0
3DFACE
8
C2
10
340.000
20
180.000
30
-311.9083
11
350.000
21
180.000
31
-312.0817
12
350.000
22
190.000
32
-311.3944
13
340.000
23
190.000
33
-311.2563
0
3DFACE
8
C2
10
350.000
20
180.000
30
-312.0817
11
360.000
21
180.000
31
-312.5217
12
360.000
22
190.000
32
-311.7547
13
350.000
23
190.000
33
-311.3944
0
3DFACE
8
C2
10
360.000
20
180.000
30
-312.5217
11
370.000
21
180.000
31
-312.8542
12
370.000
22
190.000
32
-312.0108
13
360.000
23
190.000
33
-311.7547
0
3DFACE
8
C2
10
370.000
20
180.000
30
-312.8542
11
380.000
21
180.000
31
-313.6898
12
380.000
22
190.000
32
-312.7683
13
370.000
23
190.000
33
-312.0108
0
3DFACE
8
C2
10
380.000
20
180.000
30
-313.6898
11
390.000
21
180.000
31
-314.6747
12
390.000
22
190.000
32
-313.7079
13
380.000
23
190.000
33
-312.7683
0
3DFACE
8
C2
10
390.000
20
180.000
30
-314.6747
11
400.000
21
180.000
31
-315.1836
12
400.000
22
190.000
32
-314.1581
13
390.000
23
190.000
33
-313.7079
0
3DFACE
8
C2
10
400.000
20
180.000
30
-315.1836
11
410.000
21
180.000
31
-315.2333
12
410.000
22
190.000
32
-314.2560
13
400.000
23
190.000
33
-314.1581
0
3DFACE
8
C2
10
410.000
20
180.000
30
-315.2333
11
420.000
21
180.000
31
-314.4934
12
420.000
22
190.000
32
-313.6726
13
410.000
23
190.000
33
-314.2560
0
3DFACE
8
C2
10
420.000
20
180.000
30
-314.4934
11
430.000
21
180.000
31
-313.6587
12
430.000
22
190.000
32
-313.0253
13
420.000
23
190.000
33
-313.6726
0
3DFACE
8
C2
10
430.000
20
180.000
30
-313.6587
11
440.000
21
180.000
31
-313.0351
12
440.000
22
190.000
32
-312.6515
13
430.000
23
190.000
33
-313.0253
0
3DFACE
8
C2
10
440.000
20
180.000
30
-313.0351
11
450.000
21
180.000
31
-311.9008
12
450.000
22
190.000
32
-311.7397
13
440.000
23
190.000
33
-312.6515
0
3DFACE
8
C2
10
450.000
20
180.000
30
-311.9008
11
460.000
21
180.000
31
-310.5405
12
460.000
22
190.000
32
-310.5326
13
450.000
23
190.000
33
-311.7397
0
3DFACE
8
C2
10
460.000
20
180.000
30
-310.5405
11
470.000
21
180.000
31
-308.8407
12
470.000
22
190.000
32
-308.9340
13
460.000
23
190.000
33
-310.5326
0
3DFACE
8
C2
10
470.000
20
180.000
30
-308.8407
11
480.000
21
180.000
31
-307.6762
12
480.000
22
190.000
32
-307.8396
13
470.000
23
190.000
33
-308.9340
0
3DFACE
8
C2
10
480.000
20
180.000
30
-307.6762
11
490.000
21
180.000
31
-307.2960
12
490.000
22
190.000
32
-307.4915
13
480.000
23
190.000
33
-307.8396
0
3DFACE
8
C2
10
490.000
20
180.000
30
-307.2960
11
500.000
21
180.000
31
-306.5589
12
500.000
22
190.000
32
-306.8256
13
490.000
23
190.000
33
-307.4915
0
3DFACE
8
C2
10
500.000
20
180.000
30
-306.5589
11
510.000
21
180.000
31
-305.1458
12
510.000
22
190.000
32
-305.3178
13
500.000
23
190.000
33
-306.8256
0
3DFACE
8
C2
10
510.000
20
180.000
30
-305.1458
11
520.000
21
180.000
31
-302.9496
12
520.000
22
190.000
32
-302.9286
13
510.000
23
190.000
33
-305.3178
0
3DFACE
8
C2
10
520.000
20
180.000
30
-302.9496
11
530.000
21
180.000
31
-301.9339
12
530.000
22
190.000
32
-301.9079
13
520.000
23
190.000
33
-302.9286
0
3DFACE
8
C2
10
530.000
20
180.000
30
-301.9339
11
540.000
21
180.000
31
-302.1614
12
540.000
22
190.000
32
-302.2377
13
530.000
23
190.000
33
-301.9079
0
3DFACE
8
C2
10
540.000
20
180.000
30
-302.1614
11
550.000
21
180.000
31
-302.2088
12
550.000
22
190.000
32
-302.1837
13
540.000
23
190.000
33
-302.2377
0
3DFACE
8
C2
10
550.000
20
180.000
30
-302.2088
11
560.000
21
180.000
31
-301.3344
12
560.000
22
190.000
32
-300.9395
13
550.000
23
190.000
33
-302.1837
0
3DFACE
8
C2
10
560.000
20
180.000
30
-301.3344
11
570.000
21
180.000
31
-299.6575
12
570.000
22
190.000
32
-298.6936
13
560.000
23
190.000
33
-300.9395
0
3DFACE
8
C2
10
570.000
20
180.000
30
-299.6575
11
580.000
21
180.000
31
-299.6441
12
580.000
22
190.000
32
-298.3141
13
570.000
23
190.000
33
-298.6936
0
3DFACE
8
C2
10
580.000
20
180.000
30
-299.6441
11
590.000
21
180.000
31
-301.1644
12
590.000
22
190.000
32
-299.6225
13
580.000
23
190.000
33
-298.3141
0
3DFACE
8
C2
10
590.000
20
180.000
30
-301.1644
11
600.000
21
180.000
31
-301.8850
12
600.000
22
190.000
32
-300.0005
13
590.000
23
190.000
33
-299.6225
0
3DFACE
8
C2
10
600.000
20
180.000
30
-301.8850
11
610.000
21
180.000
31
-301.4039
12
610.000
22
190.000
32
-299.1190
13
600.000
23
190.000
33
-300.0005
0
3DFACE
8
C2
10
610.000
20
180.000
30
-301.4039
11
620.000
21
180.000
31
-300.2508
12
620.000
22
190.000
32
-297.7302
13
610.000
23
190.000
33
-299.1190
0
3DFACE
8
C2
10
620.000
20
180.000
30
-300.2508
11
630.000
21
180.000
31
-299.9792
12
630.000
22
190.000
32
-297.5035
13
620.000
23
190.000
33
-297.7302
0
3DFACE
8
C2
10
630.000
20
180.000
30
-299.9792
11
640.000
21
180.000
31
-300.9352
12
640.000
22
190.000
32
-298.6531
13
630.000
23
190.000
33
-297.5035
0
3DFACE
8
C2
10
640.000
20
180.000
30
-300.9352
11
650.000
21
180.000
31
-301.1569
12
650.000
22
190.000
32
-299.0103
13
640.000
23
190.000
33
-298.6531
0
3DFACE
8
C2
10
650.000
20
180.000
30
-301.1569
11
660.000
21
180.000
31
-300.9667
12
660.000
22
190.000
32
-299.0371
13
650.000
23
190.000
33
-299.0103
0
3DFACE
8
C2
10
660.000
20
180.000
30
-300.9667
11
670.000
21
180.000
31
-301.0074
12
670.000
22
190.000
32
-299.3444
13
660.000
23
190.000
33
-299.0371
0
3DFACE
8
C2
10
670.000
20
180.000
30
-301.0074
11
680.000
21
180.000
31
-301.4576
12
680.000
22
190.000
32
-300.0429
13
670.000
23
190.000
33
-299.3444
0
3DFACE
8
C2
10
680.000
20
180.000
30
-301.4576
11
690.000
21
180.000
31
-302.4875
12
690.000
22
190.000
32
-301.2698
13
680.000
23
190.000
33
-300.0429
0
3DFACE
8
C2
10
690.000
20
180.000
30
-302.4875
11
700.000
21
180.000
31
-303.4217
12
700.000
22
190.000
32
-302.3105
13
690.000
23
190.000
33
-301.2698
0
3DFACE
8
C2
10
0.000
20
190.000
30
-299.1111
11
10.000
21
190.000
31
-297.6579
12
10.000
22
200.000
32
-297.2666
13
0.000
23
200.000
33
-298.5256
0
3DFACE
8
C2
10
10.000
20
190.000
30
-297.6579
11
20.000
21
190.000
31
-296.7812
12
20.000
22
200.000
32
-296.4252
13
10.000
23
200.000
33
-297.2666
0
3DFACE
8
C2
10
20.000
20
190.000
30
-296.7812
11
30.000
21
190.000
31
-295.5785
12
30.000
22
200.000
32
-295.3957
13
20.000
23
200.000
33
-296.4252
0
3DFACE
8
C2
10
30.000
20
190.000
30
-295.5785
11
40.000
21
190.000
31
-294.1384
12
40.000
22
200.000
32
-294.2082
13
30.000
23
200.000
33
-295.3957
0
3DFACE
8
C2
10
40.000
20
190.000
30
-294.1384
11
50.000
21
190.000
31
-293.6126
12
50.000
22
200.000
32
-293.7140
13
40.000
23
200.000
33
-294.2082
0
3DFACE
8
C2
10
50.000
20
190.000
30
-293.6126
11
60.000
21
190.000
31
-293.8151
12
60.000
22
200.000
32
-293.8229
13
50.000
23
200.000
33
-293.7140
0
3DFACE
8
C2
10
60.000
20
190.000
30
-293.8151
11
70.000
21
190.000
31
-294.3325
12
70.000
22
200.000
32
-294.1275
13
60.000
23
200.000
33
-293.8229
0
3DFACE
8
C2
10
70.000
20
190.000
30
-294.3325
11
80.000
21
190.000
31
-294.6168
12
80.000
22
200.000
32
-294.3606
13
70.000
23
200.000
33
-294.1275
0
3DFACE
8
C2
10
80.000
20
190.000
30
-294.6168
11
90.000
21
190.000
31
-294.4147
12
90.000
22
200.000
32
-294.3086
13
80.000
23
200.000
33
-294.3606
0
3DFACE
8
C2
10
90.000
20
190.000
30
-294.4147
11
100.000
21
190.000
31
-294.8721
12
100.000
22
200.000
32
-294.7754
13
90.000
23
200.000
33
-294.3086
0
3DFACE
8
C2
10
100.000
20
190.000
30
-294.8721
11
110.000
21
190.000
31
-296.0257
12
110.000
22
200.000
32
-295.8500
13
100.000
23
200.000
33
-294.7754
0
3DFACE
8
C2
10
110.000
20
190.000
30
-296.0257
11
120.000
21
190.000
31
-297.8921
12
120.000
22
200.000
32
-297.5045
13
110.000
23
200.000
33
-295.8500
0
3DFACE
8
C2
10
120.000
20
190.000
30
-297.8921
11
130.000
21
190.000
31
-299.4110
12
130.000
22
200.000
32
-298.9435
13
120.000
23
200.000
33
-297.5045
0
3DFACE
8
C2
10
130.000
20
190.000
30
-299.4110
11
140.000
21
190.000
31
-300.6938
12
140.000
22
200.000
32
-300.2859
13
130.000
23
200.000
33
-298.9435
0
3DFACE
8
C2
10
140.000
20
190.000
30
-300.6938
11
150.000
21
190.000
31
-302.2551
12
150.000
22
200.000
32
-301.7814
13
140.000
23
200.000
33
-300.2859
0
3DFACE
8
C2
10
150.000
20
190.000
30
-302.2551
11
160.000
21
190.000
31
-304.3619
12
160.000
22
200.000
32
-303.7084
13
150.000
23
200.000
33
-301.7814
0
3DFACE
8
C2
10
160.000
20
190.000
30
-304.3619
11
170.000
21
190.000
31
-306.9513
12
170.000
22
200.000
32
-305.9633
13
160.000
23
200.000
33
-303.7084
0
3DFACE
8
C2
10
170.000
20
190.000
30
-306.9513
11
180.000
21
190.000
31
-308.7892
12
180.000
22
200.000
32
-307.6161
13
170.000
23
200.000
33
-305.9633
0
3DFACE
8
C2
10
180.000
20
190.000
30
-308.7892
11
190.000
21
190.000
31
-310.1682
12
190.000
22
200.000
32
-309.0051
13
180.000
23
200.000
33
-307.6161
0
3DFACE
8
C2
10
190.000
20
190.000
30
-310.1682
11
200.000
21
190.000
31
-312.0904
12
200.000
22
200.000
32
-310.9179
13
190.000
23
200.000
33
-309.0051
0
3DFACE
8
C2
10
200.000
20
190.000
30
-312.0904
11
210.000
21
190.000
31
-314.3785
12
210.000
22
200.000
32
-313.2311
13
200.000
23
200.000
33
-310.9179
0
3DFACE
8
C2
10
210.000
20
190.000
30
-314.3785
11
220.000
21
190.000
31
-317.3791
12
220.000
22
200.000
32
-316.3096
13
210.000
23
200.000
33
-313.2311
0
3DFACE
8
C2
10
220.000
20
190.000
30
-317.3791
11
230.000
21
190.000
31
-318.6440
12
230.000
22
200.000
32
-317.7339
13
220.000
23
200.000
33
-316.3096
0
3DFACE
8
C2
10
230.000
20
190.000
30
-318.6440
11
240.000
21
190.000
31
-318.7517
12
240.000
22
200.000
32
-318.1718
13
230.000
23
200.000
33
-317.7339
0
3DFACE
8
C2
10
240.000
20
190.000
30
-318.7517
11
250.000
21
190.000
31
-318.8452
12
250.000
22
200.000
32
-318.4609
13
240.000
23
200.000
33
-318.1718
0
3DFACE
8
C2
10
250.000
20
190.000
30
-318.8452
11
260.000
21
190.000
31
-318.5879
12
260.000
22
200.000
32
-318.2693
13
250.000
23
200.000
33
-318.4609
0
3DFACE
8
C2
10
260.000
20
190.000
30
-318.5879
11
270.000
21
190.000
31
-318.2481
12
270.000
22
200.000
32
-317.9093
13
260.000
23
200.000
33
-318.2693
0
3DFACE
8
C2
10
270.000
20
190.000
30
-318.2481
11
280.000
21
190.000
31
-317.2905
12
280.000
22
200.000
32
-316.9226
13
270.000
23
200.000
33
-317.9093
0
3DFACE
8
C2
10
280.000
20
190.000
30
-317.2905
11
290.000
21
190.000
31
-315.0987
12
290.000
22
200.000
32
-314.7155
13
280.000
23
200.000
33
-316.9226
0
3DFACE
8
C2
10
290.000
20
190.000
30
-315.0987
11
300.000
21
190.000
31
-313.8586
12
300.000
22
200.000
32
-313.4470
13
290.000
23
200.000
33
-314.7155
0
3DFACE
8
C2
10
300.000
20
190.000
30
-313.8586
11
310.000
21
190.000
31
-312.8389
12
310.000
22
200.000
32
-312.3549
13
300.000
23
200.000
33
-313.4470
0
3DFACE
8
C2
10
310.000
20
190.000
30
-312.8389
11
320.000
21
190.000
31
-311.9175
12
320.000
22
200.000
32
-311.4153
13
310.000
23
200.000
33
-312.3549
0
3DFACE
8
C2
10
320.000
20
190.000
30
-311.9175
11
330.000
21
190.000
31
-311.5809
12
330.000
22
200.000
32
-311.0384
13
320.000
23
200.000
33
-311.4153
0
3DFACE
8
C2
10
330.000
20
190.000
30
-311.5809
11
340.000
21
190.000
31
-311.2563
12
340.000
22
200.000
32
-310.7261
13
330.000
23
200.000
33
-311.0384
0
3DFACE
8
C2
10
340.000
20
190.000
30
-311.2563
11
350.000
21
190.000
31
-311.3944
12
350.000
22
200.000
32
-310.8324
13
340.000
23
200.000
33
-310.7261
0
3DFACE
8
C2
10
350.000
20
190.000
30
-311.3944
11
360.000
21
190.000
31
-311.7547
12
360.000
22
200.000
32
-311.1386
13
350.000
23
200.000
33
-310.8324
0
3DFACE
8
C2
10
360.000
20
190.000
30
-311.7547
11
370.000
21
190.000
31
-312.0108
12
370.000
22
200.000
32
-311.3533
13
360.000
23
200.000
33
-311.1386
0
3DFACE
8
C2
10
370.000
20
190.000
30
-312.0108
11
380.000
21
190.000
31
-312.7683
12
380.000
22
200.000
32
-312.0274
13
370.000
23
200.000
33
-311.3533
0
3DFACE
8
C2
10
380.000
20
190.000
30
-312.7683
11
390.000
21
190.000
31
-313.7079
12
390.000
22
200.000
32
-312.8458
13
380.000
23
200.000
33
-312.0274
0
3DFACE
8
C2
10
390.000
20
190.000
30
-313.7079
11
400.000
21
190.000
31
-314.1581
12
400.000
22
200.000
32
-313.3043
13
390.000
23
200.000
33
-312.8458
0
3DFACE
8
C2
10
400.000
20
190.000
30
-314.1581
11
410.000
21
190.000
31
-314.2560
12
410.000
22
200.000
32
-313.4574
13
400.000
23
200.000
33
-313.3043
0
3DFACE
8
C2
10
410.000
20
190.000
30
-314.2560
11
420.000
21
190.000
31
-313.6726
12
420.000
22
200.000
32
-313.1012
13
410.000
23
200.000
33
-313.4574
0
3DFACE
8
C2
10
420.000
20
190.000
30
-313.6726
11
430.000
21
190.000
31
-313.0253
12
430.000
22
200.000
32
-312.6664
13
420.000
23
200.000
33
-313.1012
0
3DFACE
8
C2
10
430.000
20
190.000
30
-313.0253
11
440.000
21
190.000
31
-312.6515
12
440.000
22
200.000
32
-312.4485
13
430.000
23
200.000
33
-312.6664
0
3DFACE
8
C2
10
440.000
20
190.000
30
-312.6515
11
450.000
21
190.000
31
-311.7397
12
450.000
22
200.000
32
-311.7107
13
440.000
23
200.000
33
-312.4485
0
3DFACE
8
C2
10
450.000
20
190.000
30
-311.7397
11
460.000
21
190.000
31
-310.5326
12
460.000
22
200.000
32
-310.5977
13
450.000
23
200.000
33
-311.7107
0
3DFACE
8
C2
10
460.000
20
190.000
30
-310.5326
11
470.000
21
190.000
31
-308.9340
12
470.000
22
200.000
32
-308.9957
13
460.000
23
200.000
33
-310.5977
0
3DFACE
8
C2
10
470.000
20
190.000
30
-308.9340
11
480.000
21
190.000
31
-307.8396
12
480.000
22
200.000
32
-307.9173
13
470.000
23
200.000
33
-308.9957
0
3DFACE
8
C2
10
480.000
20
190.000
30
-307.8396
11
490.000
21
190.000
31
-307.4915
12
490.000
22
200.000
32
-307.5101
13
480.000
23
200.000
33
-307.9173
0
3DFACE
8
C2
10
490.000
20
190.000
30
-307.4915
11
500.000
21
190.000
31
-306.8256
12
500.000
22
200.000
32
-306.8583
13
490.000
23
200.000
33
-307.5101
0
3DFACE
8
C2
10
500.000
20
190.000
30
-306.8256
11
510.000
21
190.000
31
-305.3178
12
510.000
22
200.000
32
-305.4095
13
500.000
23
200.000
33
-306.8583
0
3DFACE
8
C2
10
510.000
20
190.000
30
-305.3178
11
520.000
21
190.000
31
-302.9286
12
520.000
22
200.000
32
-303.1887
13
510.000
23
200.000
33
-305.4095
0
3DFACE
8
C2
10
520.000
20
190.000
30
-302.9286
11
530.000
21
190.000
31
-301.9079
12
530.000
22
200.000
32
-302.2942
13
520.000
23
200.000
33
-303.1887
0
3DFACE
8
C2
10
530.000
20
190.000
30
-301.9079
11
540.000
21
190.000
31
-302.2377
12
540.000
22
200.000
32
-302.7283
13
530.000
23
200.000
33
-302.2942
0
3DFACE
8
C2
10
540.000
20
190.000
30
-302.2377
11
550.000
21
190.000
31
-302.1837
12
550.000
22
200.000
32
-302.7097
13
540.000
23
200.000
33
-302.7283
0
3DFACE
8
C2
10
550.000
20
190.000
30
-302.1837
11
560.000
21
190.000
31
-300.9395
12
560.000
22
200.000
32
-301.4459
13
550.000
23
200.000
33
-302.7097
0
3DFACE
8
C2
10
560.000
20
190.000
30
-300.9395
11
570.000
21
190.000
31
-298.6936
12
570.000
22
200.000
32
-299.3274
13
560.000
23
200.000
33
-301.4459
0
3DFACE
8
C2
10
570.000
20
190.000
30
-298.6936
11
580.000
21
190.000
31
-298.3141
12
580.000
22
200.000
32
-298.7137
13
570.000
23
200.000
33
-299.3274
0
3DFACE
8
C2
10
580.000
20
190.000
30
-298.3141
11
590.000
21
190.000
31
-299.6225
12
590.000
22
200.000
32
-299.5643
13
580.000
23
200.000
33
-298.7137
0
3DFACE
8
C2
10
590.000
20
190.000
30
-299.6225
11
600.000
21
190.000
31
-300.0005
12
600.000
22
200.000
32
-299.5425
13
590.000
23
200.000
33
-299.5643
0
3DFACE
8
C2
10
600.000
20
190.000
30
-300.0005
11
610.000
21
190.000
31
-299.1190
12
610.000
22
200.000
32
-298.4373
13
600.000
23
200.000
33
-299.5425
0
3DFACE
8
C2
10
610.000
20
190.000
30
-299.1190
11
620.000
21
190.000
31
-297.7302
12
620.000
22
200.000
32
-297.0906
13
610.000
23
200.000
33
-298.4373
0
3DFACE
8
C2
10
620.000
20
190.000
30
-297.7302
11
630.000
21
190.000
31
-297.5035
12
630.000
22
200.000
32
-296.6587
13
620.000
23
200.000
33
-297.0906
0
3DFACE
8
C2
10
630.000
20
190.000
30
-297.5035
11
640.000
21
190.000
31
-298.6531
12
640.000
22
200.000
32
-297.3069
13
630.000
23
200.000
33
-296.6587
0
3DFACE
8
C2
10
640.000
20
190.000
30
-298.6531
11
650.000
21
190.000
31
-299.0103
12
650.000
22
200.000
32
-297.4893
13
640.000
23
200.000
33
-297.3069
0
3DFACE
8
C2
10
650.000
20
190.000
30
-299.0103
11
660.000
21
190.000
31
-299.0371
12
660.000
22
200.000
32
-297.5575
13
650.000
23
200.000
33
-297.4893
0
3DFACE
8
C2
10
660.000
20
190.000
30
-299.0371
11
670.000
21
190.000
31
-299.3444
12
670.000
22
200.000
32
-298.0236
13
660.000
23
200.000
33
-297.5575
0
3DFACE
8
C2
10
670.000
20
190.000
30
-299.3444
11
680.000
21
190.000
31
-300.0429
12
680.000
22
200.000
32
-298.7703
13
670.000
23
200.000
33
-298.0236
0
3DFACE
8
C2
10
680.000
20
190.000
30
-300.0429
11
690.000
21
190.000
31
-301.2698
12
690.000
22
200.000
32
-299.7648
13
680.000
23
200.000
33
-298.7703
0
3DFACE
8
C2
10
690.000
20
190.000
30
-301.2698
11
700.000
21
190.000
31
-302.3105
12
700.000
22
200.000
32
-300.7934
13
690.000
23
200.000
33
-299.7648
0
3DFACE
8
C2
10
0.000
20
200.000
30
-298.5256
11
10.000
21
200.000
31
-297.2666
12
10.000
22
210.000
32
-297.3693
13
0.000
23
210.000
33
-298.3912
0
3DFACE
8
C2
10
10.000
20
200.000
30
-297.2666
11
20.000
21
200.000
31
-296.4252
12
20.000
22
210.000
32
-296.5128
13
10.000
23
210.000
33
-297.3693
0
3DFACE
8
C2
10
20.000
20
200.000
30
-296.4252
11
30.000
21
200.000
31
-295.3957
12
30.000
22
210.000
32
-295.6603
13
20.000
23
210.000
33
-296.5128
0
3DFACE
8
C2
10
30.000
20
200.000
30
-295.3957
11
40.000
21
200.000
31
-294.2082
12
40.000
22
210.000
32
-294.7646
13
30.000
23
210.000
33
-295.6603
0
3DFACE
8
C2
10
40.000
20
200.000
30
-294.2082
11
50.000
21
200.000
31
-293.7140
12
50.000
22
210.000
32
-294.3416
13
40.000
23
210.000
33
-294.7646
0
3DFACE
8
C2
10
50.000
20
200.000
30
-293.7140
11
60.000
21
200.000
31
-293.8229
12
60.000
22
210.000
32
-294.2798
13
50.000
23
210.000
33
-294.3416
0
3DFACE
8
C2
10
60.000
20
200.000
30
-293.8229
11
70.000
21
200.000
31
-294.1275
12
70.000
22
210.000
32
-294.2755
13
60.000
23
210.000
33
-294.2798
0
3DFACE
8
C2
10
70.000
20
200.000
30
-294.1275
11
80.000
21
200.000
31
-294.3606
12
80.000
22
210.000
32
-294.4478
13
70.000
23
210.000
33
-294.2755
0
3DFACE
8
C2
10
80.000
20
200.000
30
-294.3606
11
90.000
21
200.000
31
-294.3086
12
90.000
22
210.000
32
-294.6236
13
80.000
23
210.000
33
-294.4478
0
3DFACE
8
C2
10
90.000
20
200.000
30
-294.3086
11
100.000
21
200.000
31
-294.7754
12
100.000
22
210.000
32
-295.1230
13
90.000
23
210.000
33
-294.6236
0
3DFACE
8
C2
10
100.000
20
200.000
30
-294.7754
11
110.000
21
200.000
31
-295.8500
12
110.000
22
210.000
32
-296.0078
13
100.000
23
210.000
33
-295.1230
0
3DFACE
8
C2
10
110.000
20
200.000
30
-295.8500
11
120.000
21
200.000
31
-297.5045
12
120.000
22
210.000
32
-297.2548
13
110.000
23
210.000
33
-296.0078
0
3DFACE
8
C2
10
120.000
20
200.000
30
-297.5045
11
130.000
21
200.000
31
-298.9435
12
130.000
22
210.000
32
-298.5222
13
120.000
23
210.000
33
-297.2548
0
3DFACE
8
C2
10
130.000
20
200.000
30
-298.9435
11
140.000
21
200.000
31
-300.2859
12
140.000
22
210.000
32
-299.8947
13
130.000
23
210.000
33
-298.5222
0
3DFACE
8
C2
10
140.000
20
200.000
30
-300.2859
11
150.000
21
200.000
31
-301.7814
12
150.000
22
210.000
32
-301.2675
13
140.000
23
210.000
33
-299.8947
0
3DFACE
8
C2
10
150.000
20
200.000
30
-301.7814
11
160.000
21
200.000
31
-303.7084
12
160.000
22
210.000
32
-302.9150
13
150.000
23
210.000
33
-301.2675
0
3DFACE
8
C2
10
160.000
20
200.000
30
-303.7084
11
170.000
21
200.000
31
-305.9633
12
170.000
22
210.000
32
-304.7955
13
160.000
23
210.000
33
-302.9150
0
3DFACE
8
C2
10
170.000
20
200.000
30
-305.9633
11
180.000
21
200.000
31
-307.6161
12
180.000
22
210.000
32
-306.2023
13
170.000
23
210.000
33
-304.7955
0
3DFACE
8
C2
10
180.000
20
200.000
30
-307.6161
11
190.000
21
200.000
31
-309.0051
12
190.000
22
210.000
32
-307.5589
13
180.000
23
210.000
33
-306.2023
0
3DFACE
8
C2
10
190.000
20
200.000
30
-309.0051
11
200.000
21
200.000
31
-310.9179
12
200.000
22
210.000
32
-309.3304
13
190.000
23
210.000
33
-307.5589
0
3DFACE
8
C2
10
200.000
20
200.000
30
-310.9179
11
210.000
21
200.000
31
-313.2311
12
210.000
22
210.000
32
-311.4985
13
200.000
23
210.000
33
-309.3304
0
3DFACE
8
C2
10
210.000
20
200.000
30
-313.2311
11
220.000
21
200.000
31
-316.3096
12
220.000
22
210.000
32
-314.6432
13
210.000
23
210.000
33
-311.4985
0
3DFACE
8
C2
10
220.000
20
200.000
30
-316.3096
11
230.000
21
200.000
31
-317.7339
12
230.000
22
210.000
32
-316.1084
13
220.000
23
210.000
33
-314.6432
0
3DFACE
8
C2
10
230.000
20
200.000
30
-317.7339
11
240.000
21
200.000
31
-318.1718
12
240.000
22
210.000
32
-316.6735
13
230.000
23
210.000
33
-316.1084
0
3DFACE
8
C2
10
240.000
20
200.000
30
-318.1718
11
250.000
21
200.000
31
-318.4609
12
250.000
22
210.000
32
-317.0751
13
240.000
23
210.000
33
-316.6735
0
3DFACE
8
C2
10
250.000
20
200.000
30
-318.4609
11
260.000
21
200.000
31
-318.2693
12
260.000
22
210.000
32
-317.0384
13
250.000
23
210.000
33
-317.0751
0
3DFACE
8
C2
10
260.000
20
200.000
30
-318.2693
11
270.000
21
200.000
31
-317.9093
12
270.000
22
210.000
32
-316.8601
13
260.000
23
210.000
33
-317.0384
0
3DFACE
8
C2
10
270.000
20
200.000
30
-317.9093
11
280.000
21
200.000
31
-316.9226
12
280.000
22
210.000
32
-316.0307
13
270.000
23
210.000
33
-316.8601
0
3DFACE
8
C2
10
280.000
20
200.000
30
-316.9226
11
290.000
21
200.000
31
-314.7155
12
290.000
22
210.000
32
-313.8256
13
280.000
23
210.000
33
-316.0307
0
3DFACE
8
C2
10
290.000
20
200.000
30
-314.7155
11
300.000
21
200.000
31
-313.4470
12
300.000
22
210.000
32
-312.7020
13
290.000
23
210.000
33
-313.8256
0
3DFACE
8
C2
10
300.000
20
200.000
30
-313.4470
11
310.000
21
200.000
31
-312.3549
12
310.000
22
210.000
32
-311.8000
13
300.000
23
210.000
33
-312.7020
0
3DFACE
8
C2
10
310.000
20
200.000
30
-312.3549
11
320.000
21
200.000
31
-311.4153
12
320.000
22
210.000
32
-311.1249
13
310.000
23
210.000
33
-311.8000
0
3DFACE
8
C2
10
320.000
20
200.000
30
-311.4153
11
330.000
21
200.000
31
-311.0384
12
330.000
22
210.000
32
-310.8683
13
320.000
23
210.000
33
-311.1249
0
3DFACE
8
C2
10
330.000
20
200.000
30
-311.0384
11
340.000
21
200.000
31
-310.7261
12
340.000
22
210.000
32
-310.5333
13
330.000
23
210.000
33
-310.8683
0
3DFACE
8
C2
10
340.000
20
200.000
30
-310.7261
11
350.000
21
200.000
31
-310.8324
12
350.000
22
210.000
32
-310.5836
13
340.000
23
210.000
33
-310.5333
0
3DFACE
8
C2
10
350.000
20
200.000
30
-310.8324
11
360.000
21
200.000
31
-311.1386
12
360.000
22
210.000
32
-310.8071
13
350.000
23
210.000
33
-310.5836
0
3DFACE
8
C2
10
360.000
20
200.000
30
-311.1386
11
370.000
21
200.000
31
-311.3533
12
370.000
22
210.000
32
-310.9629
13
360.000
23
210.000
33
-310.8071
0
3DFACE
8
C2
10
370.000
20
200.000
30
-311.3533
11
380.000
21
200.000
31
-312.0274
12
380.000
22
210.000
32
-311.5048
13
370.000
23
210.000
33
-310.9629
0
3DFACE
8
C2
10
380.000
20
200.000
30
-312.0274
11
390.000
21
200.000
31
-312.8458
12
390.000
22
210.000
32
-312.1431
13
380.000
23
210.000
33
-311.5048
0
3DFACE
8
C2
10
390.000
20
200.000
30
-312.8458
11
400.000
21
200.000
31
-313.3043
12
400.000
22
210.000
32
-312.5675
13
390.000
23
210.000
33
-312.1431
0
3DFACE
8
C2
10
400.000
20
200.000
30
-313.3043
11
410.000
21
200.000
31
-313.4574
12
410.000
22
210.000
32
-312.8115
13
400.000
23
210.000
33
-312.5675
0
3DFACE
8
C2
10
410.000
20
200.000
30
-313.4574
11
420.000
21
200.000
31
-313.1012
12
420.000
22
210.000
32
-312.7091
13
410.000
23
210.000
33
-312.8115
0
3DFACE
8
C2
10
420.000
20
200.000
30
-313.1012
11
430.000
21
200.000
31
-312.6664
12
430.000
22
210.000
32
-312.4680
13
420.000
23
210.000
33
-312.7091
0
3DFACE
8
C2
10
430.000
20
200.000
30
-312.6664
11
440.000
21
200.000
31
-312.4485
12
440.000
22
210.000
32
-312.3608
13
430.000
23
210.000
33
-312.4680
0
3DFACE
8
C2
10
440.000
20
200.000
30
-312.4485
11
450.000
21
200.000
31
-311.7107
12
450.000
22
210.000
32
-311.7182
13
440.000
23
210.000
33
-312.3608
0
3DFACE
8
C2
10
450.000
20
200.000
30
-311.7107
11
460.000
21
200.000
31
-310.5977
12
460.000
22
210.000
32
-310.6542
13
450.000
23
210.000
33
-311.7182
0
3DFACE
8
C2
10
460.000
20
200.000
30
-310.5977
11
470.000
21
200.000
31
-308.9957
12
470.000
22
210.000
32
-309.0051
13
460.000
23
210.000
33
-310.6542
0
3DFACE
8
C2
10
470.000
20
200.000
30
-308.9957
11
480.000
21
200.000
31
-307.9173
12
480.000
22
210.000
32
-307.8873
13
470.000
23
210.000
33
-309.0051
0
3DFACE
8
C2
10
480.000
20
200.000
30
-307.9173
11
490.000
21
200.000
31
-307.5101
12
490.000
22
210.000
32
-307.3158
13
480.000
23
210.000
33
-307.8873
0
3DFACE
8
C2
10
490.000
20
200.000
30
-307.5101
11
500.000
21
200.000
31
-306.8583
12
500.000
22
210.000
32
-306.6326
13
490.000
23
210.000
33
-307.3158
0
3DFACE
8
C2
10
500.000
20
200.000
30
-306.8583
11
510.000
21
200.000
31
-305.4095
12
510.000
22
210.000
32
-305.2977
13
500.000
23
210.000
33
-306.6326
0
3DFACE
8
C2
10
510.000
20
200.000
30
-305.4095
11
520.000
21
200.000
31
-303.1887
12
520.000
22
210.000
32
-303.2906
13
510.000
23
210.000
33
-305.2977
0
3DFACE
8
C2
10
520.000
20
200.000
30
-303.1887
11
530.000
21
200.000
31
-302.2942
12
530.000
22
210.000
32
-302.5012
13
520.000
23
210.000
33
-303.2906
0
3DFACE
8
C2
10
530.000
20
200.000
30
-302.2942
11
540.000
21
200.000
31
-302.7283
12
540.000
22
210.000
32
-302.9613
13
530.000
23
210.000
33
-302.5012
0
3DFACE
8
C2
10
540.000
20
200.000
30
-302.7283
11
550.000
21
200.000
31
-302.7097
12
550.000
22
210.000
32
-302.9163
13
540.000
23
210.000
33
-302.9613
0
3DFACE
8
C2
10
550.000
20
200.000
30
-302.7097
11
560.000
21
200.000
31
-301.4459
12
560.000
22
210.000
32
-301.7597
13
550.000
23
210.000
33
-302.9163
0
3DFACE
8
C2
10
560.000
20
200.000
30
-301.4459
11
570.000
21
200.000
31
-299.3274
12
570.000
22
210.000
32
-299.8438
13
560.000
23
210.000
33
-301.7597
0
3DFACE
8
C2
10
570.000
20
200.000
30
-299.3274
11
580.000
21
200.000
31
-298.7137
12
580.000
22
210.000
32
-299.0473
13
570.000
23
210.000
33
-299.8438
0
3DFACE
8
C2
10
580.000
20
200.000
30
-298.7137
11
590.000
21
200.000
31
-299.5643
12
590.000
22
210.000
32
-299.4249
13
580.000
23
210.000
33
-299.0473
0
3DFACE
8
C2
10
590.000
20
200.000
30
-299.5643
11
600.000
21
200.000
31
-299.5425
12
600.000
22
210.000
32
-299.0106
13
590.000
23
210.000
33
-299.4249
0
3DFACE
8
C2
10
600.000
20
200.000
30
-299.5425
11
610.000
21
200.000
31
-298.4373
12
610.000
22
210.000
32
-297.7609
13
600.000
23
210.000
33
-299.0106
0
3DFACE
8
C2
10
610.000
20
200.000
30
-298.4373
11
620.000
21
200.000
31
-297.0906
12
620.000
22
210.000
32
-296.5083
13
610.000
23
210.000
33
-297.7609
0
3DFACE
8
C2
10
620.000
20
200.000
30
-297.0906
11
630.000
21
200.000
31
-296.6587
12
630.000
22
210.000
32
-295.8073
13
620.000
23
210.000
33
-296.5083
0
3DFACE
8
C2
10
630.000
20
200.000
30
-296.6587
11
640.000
21
200.000
31
-297.3069
12
640.000
22
210.000
32
-295.9327
13
630.000
23
210.000
33
-295.8073
0
3DFACE
8
C2
10
640.000
20
200.000
30
-297.3069
11
650.000
21
200.000
31
-297.4893
12
650.000
22
210.000
32
-295.8580
13
640.000
23
210.000
33
-295.9327
0
3DFACE
8
C2
10
650.000
20
200.000
30
-297.4893
11
660.000
21
200.000
31
-297.5575
12
660.000
22
210.000
32
-295.9366
13
650.000
23
210.000
33
-295.8580
0
3DFACE
8
C2
10
660.000
20
200.000
30
-297.5575
11
670.000
21
200.000
31
-298.0236
12
670.000
22
210.000
32
-296.5883
13
660.000
23
210.000
33
-295.9366
0
3DFACE
8
C2
10
670.000
20
200.000
30
-298.0236
11
680.000
21
200.000
31
-298.7703
12
680.000
22
210.000
32
-297.3935
13
670.000
23
210.000
33
-296.5883
0
3DFACE
8
C2
10
680.000
20
200.000
30
-298.7703
11
690.000
21
200.000
31
-299.7648
12
690.000
22
210.000
32
-298.1933
13
680.000
23
210.000
33
-297.3935
0
3DFACE
8
C2
10
690.000
20
200.000
30
-299.7648
11
700.000
21
200.000
31
-300.7934
12
700.000
22
210.000
32
-299.2335
13
690.000
23
210.000
33
-298.1933
0
3DFACE
8
C2
10
0.000
20
210.000
30
-298.3912
11
10.000
21
210.000
31
-297.3693
12
10.000
22
220.000
32
-298.6251
13
0.000
23
220.000
33
-299.4683
0
3DFACE
8
C2
10
10.000
20
210.000
30
-297.3693
11
20.000
21
210.000
31
-296.5128
12
20.000
22
220.000
32
-297.8013
13
10.000
23
220.000
33
-298.6251
0
3DFACE
8
C2
10
20.000
20
210.000
30
-296.5128
11
30.000
21
210.000
31
-295.6603
12
30.000
22
220.000
32
-297.0368
13
20.000
23
220.000
33
-297.8013
0
3DFACE
8
C2
10
30.000
20
210.000
30
-295.6603
11
40.000
21
210.000
31
-294.7646
12
40.000
22
220.000
32
-296.3128
13
30.000
23
220.000
33
-297.0368
0
3DFACE
8
C2
10
40.000
20
210.000
30
-294.7646
11
50.000
21
210.000
31
-294.3416
12
50.000
22
220.000
32
-295.9182
13
40.000
23
220.000
33
-296.3128
0
3DFACE
8
C2
10
50.000
20
210.000
30
-294.3416
11
60.000
21
210.000
31
-294.2798
12
60.000
22
220.000
32
-295.7064
13
50.000
23
220.000
33
-295.9182
0
3DFACE
8
C2
10
60.000
20
210.000
30
-294.2798
11
70.000
21
210.000
31
-294.2755
12
70.000
22
220.000
32
-295.4786
13
60.000
23
220.000
33
-295.7064
0
3DFACE
8
C2
10
70.000
20
210.000
30
-294.2755
11
80.000
21
210.000
31
-294.4478
12
80.000
22
220.000
32
-295.5692
13
70.000
23
220.000
33
-295.4786
0
3DFACE
8
C2
10
80.000
20
210.000
30
-294.4478
11
90.000
21
210.000
31
-294.6236
12
90.000
22
220.000
32
-295.8033
13
80.000
23
220.000
33
-295.5692
0
3DFACE
8
C2
10
90.000
20
210.000
30
-294.6236
11
100.000
21
210.000
31
-295.1230
12
100.000
22
220.000
32
-296.2393
13
90.000
23
220.000
33
-295.8033
0
3DFACE
8
C2
10
100.000
20
210.000
30
-295.1230
11
110.000
21
210.000
31
-296.0078
12
110.000
22
220.000
32
-296.8880
13
100.000
23
220.000
33
-296.2393
0
3DFACE
8
C2
10
110.000
20
210.000
30
-296.0078
11
120.000
21
210.000
31
-297.2548
12
120.000
22
220.000
32
-297.7731
13
110.000
23
220.000
33
-296.8880
0
3DFACE
8
C2
10
120.000
20
210.000
30
-297.2548
11
130.000
21
210.000
31
-298.5222
12
130.000
22
220.000
32
-298.7539
13
120.000
23
220.000
33
-297.7731
0
3DFACE
8
C2
10
130.000
20
210.000
30
-298.5222
11
140.000
21
210.000
31
-299.8947
12
140.000
22
220.000
32
-299.9274
13
130.000
23
220.000
33
-298.7539
0
3DFACE
8
C2
10
140.000
20
210.000
30
-299.8947
11
150.000
21
210.000
31
-301.2675
12
150.000
22
220.000
32
-301.0169
13
140.000
23
220.000
33
-299.9274
0
3DFACE
8
C2
10
150.000
20
210.000
30
-301.2675
11
160.000
21
210.000
31
-302.9150
12
160.000
22
220.000
32
-302.2573
13
150.000
23
220.000
33
-301.0169
0
3DFACE
8
C2
10
160.000
20
210.000
30
-302.9150
11
170.000
21
210.000
31
-304.7955
12
170.000
22
220.000
32
-303.6591
13
160.000
23
220.000
33
-302.2573
0
3DFACE
8
C2
10
170.000
20
210.000
30
-304.7955
11
180.000
21
210.000
31
-306.2023
12
180.000
22
220.000
32
-304.8011
13
170.000
23
220.000
33
-303.6591
0
3DFACE
8
C2
10
180.000
20
210.000
30
-306.2023
11
190.000
21
210.000
31
-307.5589
12
190.000
22
220.000
32
-305.9671
13
180.000
23
220.000
33
-304.8011
0
3DFACE
8
C2
10
190.000
20
210.000
30
-307.5589
11
200.000
21
210.000
31
-309.3304
12
200.000
22
220.000
32
-307.4778
13
190.000
23
220.000
33
-305.9671
0
3DFACE
8
C2
10
200.000
20
210.000
30
-309.3304
11
210.000
21
210.000
31
-311.4985
12
210.000
22
220.000
32
-309.3232
13
200.000
23
220.000
33
-307.4778
0
3DFACE
8
C2
10
210.000
20
210.000
30
-311.4985
11
220.000
21
210.000
31
-314.6432
12
220.000
22
220.000
32
-312.1405
13
210.000
23
220.000
33
-309.3232
0
3DFACE
8
C2
10
220.000
20
210.000
30
-314.6432
11
230.000
21
210.000
31
-316.1084
12
230.000
22
220.000
32
-313.5153
13
220.000
23
220.000
33
-312.1405
0
3DFACE
8
C2
10
230.000
20
210.000
30
-316.1084
11
240.000
21
210.000
31
-316.6735
12
240.000
22
220.000
32
-314.1812
13
230.000
23
220.000
33
-313.5153
0
3DFACE
8
C2
10
240.000
20
210.000
30
-316.6735
11
250.000
21
210.000
31
-317.0751
12
250.000
22
220.000
32
-314.6117
13
240.000
23
220.000
33
-314.1812
0
3DFACE
8
C2
10
250.000
20
210.000
30
-317.0751
11
260.000
21
210.000
31
-317.0384
12
260.000
22
220.000
32
-314.7765
13
250.000
23
220.000
33
-314.6117
0
3DFACE
8
C2
10
260.000
20
210.000
30
-317.0384
11
270.000
21
210.000
31
-316.8601
12
270.000
22
220.000
32
-314.9626
13
260.000
23
220.000
33
-314.7765
0
3DFACE
8
C2
10
270.000
20
210.000
30
-316.8601
11
280.000
21
210.000
31
-316.0307
12
280.000
22
220.000
32
-314.4422
13
270.000
23
220.000
33
-314.9626
0
3DFACE
8
C2
10
280.000
20
210.000
30
-316.0307
11
290.000
21
210.000
31
-313.8256
12
290.000
22
220.000
32
-312.6648
13
280.000
23
220.000
33
-314.4422
0
3DFACE
8
C2
10
290.000
20
210.000
30
-313.8256
11
300.000
21
210.000
31
-312.7020
12
300.000
22
220.000
32
-311.8854
13
290.000
23
220.000
33
-312.6648
0
3DFACE
8
C2
10
300.000
20
210.000
30
-312.7020
11
310.000
21
210.000
31
-311.8000
12
310.000
22
220.000
32
-311.2682
13
300.000
23
220.000
33
-311.8854
0
3DFACE
8
C2
10
310.000
20
210.000
30
-311.8000
11
320.000
21
210.000
31
-311.1249
12
320.000
22
220.000
32
-310.9734
13
310.000
23
220.000
33
-311.2682
0
3DFACE
8
C2
10
320.000
20
210.000
30
-311.1249
11
330.000
21
210.000
31
-310.8683
12
330.000
22
220.000
32
-310.7741
13
320.000
23
220.000
33
-310.9734
0
3DFACE
8
C2
10
330.000
20
210.000
30
-310.8683
11
340.000
21
210.000
31
-310.5333
12
340.000
22
220.000
32
-310.3404
13
330.000
23
220.000
33
-310.7741
0
3DFACE
8
C2
10
340.000
20
210.000
30
-310.5333
11
350.000
21
210.000
31
-310.5836
12
350.000
22
220.000
32
-310.3094
13
340.000
23
220.000
33
-310.3404
0
3DFACE
8
C2
10
350.000
20
210.000
30
-310.5836
11
360.000
21
210.000
31
-310.8071
12
360.000
22
220.000
32
-310.4051
13
350.000
23
220.000
33
-310.3094
0
3DFACE
8
C2
10
360.000
20
210.000
30
-310.8071
11
370.000
21
210.000
31
-310.9629
12
370.000
22
220.000
32
-310.4095
13
360.000
23
220.000
33
-310.4051
0
3DFACE
8
C2
10
370.000
20
210.000
30
-310.9629
11
380.000
21
210.000
31
-311.5048
12
380.000
22
220.000
32
-310.8062
13
370.000
23
220.000
33
-310.4095
0
3DFACE
8
C2
10
380.000
20
210.000
30
-311.5048
11
390.000
21
210.000
31
-312.1431
12
390.000
22
220.000
32
-311.1836
13
380.000
23
220.000
33
-310.8062
0
3DFACE
8
C2
10
390.000
20
210.000
30
-312.1431
11
400.000
21
210.000
31
-312.5675
12
400.000
22
220.000
32
-311.5606
13
390.000
23
220.000
33
-311.1836
0
3DFACE
8
C2
10
400.000
20
210.000
30
-312.5675
11
410.000
21
210.000
31
-312.8115
12
410.000
22
220.000
32
-311.8133
13
400.000
23
220.000
33
-311.5606
0
3DFACE
8
C2
10
410.000
20
210.000
30
-312.8115
11
420.000
21
210.000
31
-312.7091
12
420.000
22
220.000
32
-311.8686
13
410.000
23
220.000
33
-311.8133
0
3DFACE
8
C2
10
420.000
20
210.000
30
-312.7091
11
430.000
21
210.000
31
-312.4680
12
430.000
22
220.000
32
-311.7594
13
420.000
23
220.000
33
-311.8686
0
3DFACE
8
C2
10
430.000
20
210.000
30
-312.4680
11
440.000
21
210.000
31
-312.3608
12
440.000
22
220.000
32
-311.7625
13
430.000
23
220.000
33
-311.7594
0
3DFACE
8
C2
10
440.000
20
210.000
30
-312.3608
11
450.000
21
210.000
31
-311.7182
12
450.000
22
220.000
32
-311.2382
13
440.000
23
220.000
33
-311.7625
0
3DFACE
8
C2
10
450.000
20
210.000
30
-311.7182
11
460.000
21
210.000
31
-310.6542
12
460.000
22
220.000
32
-310.3045
13
450.000
23
220.000
33
-311.2382
0
3DFACE
8
C2
10
460.000
20
210.000
30
-310.6542
11
470.000
21
210.000
31
-309.0051
12
470.000
22
220.000
32
-308.8250
13
460.000
23
220.000
33
-310.3045
0
3DFACE
8
C2
10
470.000
20
210.000
30
-309.0051
11
480.000
21
210.000
31
-307.8873
12
480.000
22
220.000
32
-307.7688
13
470.000
23
220.000
33
-308.8250
0
3DFACE
8
C2
10
480.000
20
210.000
30
-307.8873
11
490.000
21
210.000
31
-307.3158
12
490.000
22
220.000
32
-307.1585
13
480.000
23
220.000
33
-307.7688
0
3DFACE
8
C2
10
490.000
20
210.000
30
-307.3158
11
500.000
21
210.000
31
-306.6326
12
500.000
22
220.000
32
-306.5378
13
490.000
23
220.000
33
-307.1585
0
3DFACE
8
C2
10
500.000
20
210.000
30
-306.6326
11
510.000
21
210.000
31
-305.2977
12
510.000
22
220.000
32
-305.4112
13
500.000
23
220.000
33
-306.5378
0
3DFACE
8
C2
10
510.000
20
210.000
30
-305.2977
11
520.000
21
210.000
31
-303.2906
12
520.000
22
220.000
32
-303.7698
13
510.000
23
220.000
33
-305.4112
0
3DFACE
8
C2
10
520.000
20
210.000
30
-303.2906
11
530.000
21
210.000
31
-302.5012
12
530.000
22
220.000
32
-303.1317
13
520.000
23
220.000
33
-303.7698
0
3DFACE
8
C2
10
530.000
20
210.000
30
-302.5012
11
540.000
21
210.000
31
-302.9613
12
540.000
22
220.000
32
-303.4297
13
530.000
23
220.000
33
-303.1317
0
3DFACE
8
C2
10
540.000
20
210.000
30
-302.9613
11
550.000
21
210.000
31
-302.9163
12
550.000
22
220.000
32
-303.3035
13
540.000
23
220.000
33
-303.4297
0
3DFACE
8
C2
10
550.000
20
210.000
30
-302.9163
11
560.000
21
210.000
31
-301.7597
12
560.000
22
220.000
32
-302.3014
13
550.000
23
220.000
33
-303.3035
0
3DFACE
8
C2
10
560.000
20
210.000
30
-301.7597
11
570.000
21
210.000
31
-299.8438
12
570.000
22
220.000
32
-300.6668
13
560.000
23
220.000
33
-302.3014
0
3DFACE
8
C2
10
570.000
20
210.000
30
-299.8438
11
580.000
21
210.000
31
-299.0473
12
580.000
22
220.000
32
-299.7641
13
570.000
23
220.000
33
-300.6668
0
3DFACE
8
C2
10
580.000
20
210.000
30
-299.0473
11
590.000
21
210.000
31
-299.4249
12
590.000
22
220.000
32
-299.5385
13
580.000
23
220.000
33
-299.7641
0
3DFACE
8
C2
10
590.000
20
210.000
30
-299.4249
11
600.000
21
210.000
31
-299.0106
12
600.000
22
220.000
32
-298.5793
13
590.000
23
220.000
33
-299.5385
0
3DFACE
8
C2
10
600.000
20
210.000
30
-299.0106
11
610.000
21
210.000
31
-297.7609
12
610.000
22
220.000
32
-297.1052
13
600.000
23
220.000
33
-298.5793
0
3DFACE
8
C2
10
610.000
20
210.000
30
-297.7609
11
620.000
21
210.000
31
-296.5083
12
620.000
22
220.000
32
-295.6726
13
610.000
23
220.000
33
-297.1052
0
3DFACE
8
C2
10
620.000
20
210.000
30
-296.5083
11
630.000
21
210.000
31
-295.8073
12
630.000
22
220.000
32
-294.5729
13
620.000
23
220.000
33
-295.6726
0
3DFACE
8
C2
10
630.000
20
210.000
30
-295.8073
11
640.000
21
210.000
31
-295.9327
12
640.000
22
220.000
32
-294.0678
13
630.000
23
220.000
33
-294.5729
0
3DFACE
8
C2
10
640.000
20
210.000
30
-295.9327
11
650.000
21
210.000
31
-295.8580
12
650.000
22
220.000
32
-293.5709
13
640.000
23
220.000
33
-294.0678
0
3DFACE
8
C2
10
650.000
20
210.000
30
-295.8580
11
660.000
21
210.000
31
-295.9366
12
660.000
22
220.000
32
-293.5136
13
650.000
23
220.000
33
-293.5709
0
3DFACE
8
C2
10
660.000
20
210.000
30
-295.9366
11
670.000
21
210.000
31
-296.5883
12
670.000
22
220.000
32
-294.4349
13
660.000
23
220.000
33
-293.5136
0
3DFACE
8
C2
10
670.000
20
210.000
30
-296.5883
11
680.000
21
210.000
31
-297.3935
12
680.000
22
220.000
32
-295.4304
13
670.000
23
220.000
33
-294.4349
0
3DFACE
8
C2
10
680.000
20
210.000
30
-297.3935
11
690.000
21
210.000
31
-298.1933
12
690.000
22
220.000
32
-296.3700
13
680.000
23
220.000
33
-295.4304
0
3DFACE
8
C2
10
690.000
20
210.000
30
-298.1933
11
700.000
21
210.000
31
-299.2335
12
700.000
22
220.000
32
-297.5523
13
690.000
23
220.000
33
-296.3700
0
3DFACE
8
C2
10
0.000
20
220.000
30
-299.4683
11
10.000
21
220.000
31
-298.6251
12
10.000
22
230.000
32
-299.2258
13
0.000
23
230.000
33
-299.7585
0
3DFACE
8
C2
10
10.000
20
220.000
30
-298.6251
11
20.000
21
220.000
31
-297.8013
12
20.000
22
230.000
32
-298.4367
13
10.000
23
230.000
33
-299.2258
0
3DFACE
8
C2
10
20.000
20
220.000
30
-297.8013
11
30.000
21
220.000
31
-297.0368
12
30.000
22
230.000
32
-297.8803
13
20.000
23
230.000
33
-298.4367
0
3DFACE
8
C2
10
30.000
20
220.000
30
-297.0368
11
40.000
21
220.000
31
-296.3128
12
40.000
22
230.000
32
-297.4716
13
30.000
23
230.000
33
-297.8803
0
3DFACE
8
C2
10
40.000
20
220.000
30
-296.3128
11
50.000
21
220.000
31
-295.9182
12
50.000
22
230.000
32
-297.1053
13
40.000
23
230.000
33
-297.4716
0
3DFACE
8
C2
10
50.000
20
220.000
30
-295.9182
11
60.000
21
220.000
31
-295.7064
12
60.000
22
230.000
32
-296.6620
13
50.000
23
230.000
33
-297.1053
0
3DFACE
8
C2
10
60.000
20
220.000
30
-295.7064
11
70.000
21
220.000
31
-295.4786
12
70.000
22
230.000
32
-296.0763
13
60.000
23
230.000
33
-296.6620
0
3DFACE
8
C2
10
70.000
20
220.000
30
-295.4786
11
80.000
21
220.000
31
-295.5692
12
80.000
22
230.000
32
-296.0545
13
70.000
23
230.000
33
-296.0763
0
3DFACE
8
C2
10
80.000
20
220.000
30
-295.5692
11
90.000
21
220.000
31
-295.8033
12
90.000
22
230.000
32
-296.5043
13
80.000
23
230.000
33
-296.0545
0
3DFACE
8
C2
10
90.000
20
220.000
30
-295.8033
11
100.000
21
220.000
31
-296.2393
12
100.000
22
230.000
32
-296.9059
13
90.000
23
230.000
33
-296.5043
0
3DFACE
8
C2
10
100.000
20
220.000
30
-296.2393
11
110.000
21
220.000
31
-296.8880
12
110.000
22
230.000
32
-297.2333
13
100.000
23
230.000
33
-296.9059
0
3DFACE
8
C2
10
110.000
20
220.000
30
-296.8880
11
120.000
21
220.000
31
-297.7731
12
120.000
22
230.000
32
-297.5189
13
110.000
23
230.000
33
-297.2333
0
3DFACE
8
C2
10
120.000
20
220.000
30
-297.7731
11
130.000
21
220.000
31
-298.7539
12
130.000
22
230.000
32
-298.2255
13
120.000
23
230.000
33
-297.5189
0
3DFACE
8
C2
10
130.000
20
220.000
30
-298.7539
11
140.000
21
220.000
31
-299.9274
12
140.000
22
230.000
32
-299.3354
13
130.000
23
230.000
33
-298.2255
0
3DFACE
8
C2
10
140.000
20
220.000
30
-299.9274
11
150.000
21
220.000
31
-301.0169
12
150.000
22
230.000
32
-300.2491
13
140.000
23
230.000
33
-299.3354
0
3DFACE
8
C2
10
150.000
20
220.000
30
-301.0169
11
160.000
21
220.000
31
-302.2573
12
160.000
22
230.000
32
-301.1200
13
150.000
23
230.000
33
-300.2491
0
3DFACE
8
C2
10
160.000
20
220.000
30
-302.2573
11
170.000
21
220.000
31
-303.6591
12
170.000
22
230.000
32
-302.0936
13
160.000
23
230.000
33
-301.1200
0
3DFACE
8
C2
10
170.000
20
220.000
30
-303.6591
11
180.000
21
220.000
31
-304.8011
12
180.000
22
230.000
32
-303.1232
13
170.000
23
230.000
33
-302.0936
0
3DFACE
8
C2
10
180.000
20
220.000
30
-304.8011
11
190.000
21
220.000
31
-305.9671
12
190.000
22
230.000
32
-304.4655
13
180.000
23
230.000
33
-303.1232
0
3DFACE
8
C2
10
190.000
20
220.000
30
-305.9671
11
200.000
21
220.000
31
-307.4778
12
200.000
22
230.000
32
-305.9984
13
190.000
23
230.000
33
-304.4655
0
3DFACE
8
C2
10
200.000
20
220.000
30
-307.4778
11
210.000
21
220.000
31
-309.3232
12
210.000
22
230.000
32
-307.8629
13
200.000
23
230.000
33
-305.9984
0
3DFACE
8
C2
10
210.000
20
220.000
30
-309.3232
11
220.000
21
220.000
31
-312.1405
12
220.000
22
230.000
32
-310.7325
13
210.000
23
230.000
33
-307.8629
0
3DFACE
8
C2
10
220.000
20
220.000
30
-312.1405
11
230.000
21
220.000
31
-313.5153
12
230.000
22
230.000
32
-312.2899
13
220.000
23
230.000
33
-310.7325
0
3DFACE
8
C2
10
230.000
20
220.000
30
-313.5153
11
240.000
21
220.000
31
-314.1812
12
240.000
22
230.000
32
-313.2678
13
230.000
23
230.000
33
-312.2899
0
3DFACE
8
C2
10
240.000
20
220.000
30
-314.1812
11
250.000
21
220.000
31
-314.6117
12
250.000
22
230.000
32
-313.8863
13
240.000
23
230.000
33
-313.2678
0
3DFACE
8
C2
10
250.000
20
220.000
30
-314.6117
11
260.000
21
220.000
31
-314.7765
12
260.000
22
230.000
32
-314.2410
13
250.000
23
230.000
33
-313.8863
0
3DFACE
8
C2
10
260.000
20
220.000
30
-314.7765
11
270.000
21
220.000
31
-314.9626
12
270.000
22
230.000
32
-314.5915
13
260.000
23
230.000
33
-314.2410
0
3DFACE
8
C2
10
270.000
20
220.000
30
-314.9626
11
280.000
21
220.000
31
-314.4422
12
280.000
22
230.000
32
-314.1574
13
270.000
23
230.000
33
-314.5915
0
3DFACE
8
C2
10
280.000
20
220.000
30
-314.4422
11
290.000
21
220.000
31
-312.6648
12
290.000
22
230.000
32
-312.4343
13
280.000
23
230.000
33
-314.1574
0
3DFACE
8
C2
10
290.000
20
220.000
30
-312.6648
11
300.000
21
220.000
31
-311.8854
12
300.000
22
230.000
32
-311.7177
13
290.000
23
230.000
33
-312.4343
0
3DFACE
8
C2
10
300.000
20
220.000
30
-311.8854
11
310.000
21
220.000
31
-311.2682
12
310.000
22
230.000
32
-311.1934
13
300.000
23
230.000
33
-311.7177
0
3DFACE
8
C2
10
310.000
20
220.000
30
-311.2682
11
320.000
21
220.000
31
-310.9734
12
320.000
22
230.000
32
-311.1134
13
310.000
23
230.000
33
-311.1934
0
3DFACE
8
C2
10
320.000
20
220.000
30
-310.9734
11
330.000
21
220.000
31
-310.7741
12
330.000
22
230.000
32
-310.9007
13
320.000
23
230.000
33
-311.1134
0
3DFACE
8
C2
10
330.000
20
220.000
30
-310.7741
11
340.000
21
220.000
31
-310.3404
12
340.000
22
230.000
32
-310.2909
13
330.000
23
230.000
33
-310.9007
0
3DFACE
8
C2
10
340.000
20
220.000
30
-310.3404
11
350.000
21
220.000
31
-310.3094
12
350.000
22
230.000
32
-310.0612
13
340.000
23
230.000
33
-310.2909
0
3DFACE
8
C2
10
350.000
20
220.000
30
-310.3094
11
360.000
21
220.000
31
-310.4051
12
360.000
22
230.000
32
-309.9832
13
350.000
23
230.000
33
-310.0612
0
3DFACE
8
C2
10
360.000
20
220.000
30
-310.4051
11
370.000
21
220.000
31
-310.4095
12
370.000
22
230.000
32
-309.8964
13
360.000
23
230.000
33
-309.9832
0
3DFACE
8
C2
10
370.000
20
220.000
30
-310.4095
11
380.000
21
220.000
31
-310.8062
12
380.000
22
230.000
32
-310.1037
13
370.000
23
230.000
33
-309.8964
0
3DFACE
8
C2
10
380.000
20
220.000
30
-310.8062
11
390.000
21
220.000
31
-311.1836
12
390.000
22
230.000
32
-310.1264
13
380.000
23
230.000
33
-310.1037
0
3DFACE
8
C2
10
390.000
20
220.000
30
-311.1836
11
400.000
21
220.000
31
-311.5606
12
400.000
22
230.000
32
-310.4001
13
390.000
23
230.000
33
-310.1264
0
3DFACE
8
C2
10
400.000
20
220.000
30
-311.5606
11
410.000
21
220.000
31
-311.8133
12
410.000
22
230.000
32
-310.7767
13
400.000
23
230.000
33
-310.4001
0
3DFACE
8
C2
10
410.000
20
220.000
30
-311.8133
11
420.000
21
220.000
31
-311.8686
12
420.000
22
230.000
32
-311.1986
13
410.000
23
230.000
33
-310.7767
0
3DFACE
8
C2
10
420.000
20
220.000
30
-311.8686
11
430.000
21
220.000
31
-311.7594
12
430.000
22
230.000
32
-311.3036
13
420.000
23
230.000
33
-311.1986
0
3DFACE
8
C2
10
430.000
20
220.000
30
-311.7594
11
440.000
21
220.000
31
-311.7625
12
440.000
22
230.000
32
-311.3470
13
430.000
23
230.000
33
-311.3036
0
3DFACE
8
C2
10
440.000
20
220.000
30
-311.7625
11
450.000
21
220.000
31
-311.2382
12
450.000
22
230.000
32
-310.8768
13
440.000
23
230.000
33
-311.3470
0
3DFACE
8
C2
10
450.000
20
220.000
30
-311.2382
11
460.000
21
220.000
31
-310.3045
12
460.000
22
230.000
32
-310.0434
13
450.000
23
230.000
33
-310.8768
0
3DFACE
8
C2
10
460.000
20
220.000
30
-310.3045
11
470.000
21
220.000
31
-308.8250
12
470.000
22
230.000
32
-308.6438
13
460.000
23
230.000
33
-310.0434
0
3DFACE
8
C2
10
470.000
20
220.000
30
-308.8250
11
480.000
21
220.000
31
-307.7688
12
480.000
22
230.000
32
-307.5132
13
470.000
23
230.000
33
-308.6438
0
3DFACE
8
C2
10
480.000
20
220.000
30
-307.7688
11
490.000
21
220.000
31
-307.1585
12
490.000
22
230.000
32
-306.6108
13
480.000
23
230.000
33
-307.5132
0
3DFACE
8
C2
10
490.000
20
220.000
30
-307.1585
11
500.000
21
220.000
31
-306.5378
12
500.000
22
230.000
32
-305.9268
13
490.000
23
230.000
33
-306.6108
0
3DFACE
8
C2
10
500.000
20
220.000
30
-306.5378
11
510.000
21
220.000
31
-305.4112
12
510.000
22
230.000
32
-304.9276
13
500.000
23
230.000
33
-305.9268
0
3DFACE
8
C2
10
510.000
20
220.000
30
-305.4112
11
520.000
21
220.000
31
-303.7698
12
520.000
22
230.000
32
-303.6208
13
510.000
23
230.000
33
-304.9276
0
3DFACE
8
C2
10
520.000
20
220.000
30
-303.7698
11
530.000
21
220.000
31
-303.1317
12
530.000
22
230.000
32
-303.1084
13
520.000
23
230.000
33
-303.6208
0
3DFACE
8
C2
10
530.000
20
220.000
30
-303.1317
11
540.000
21
220.000
31
-303.4297
12
540.000
22
230.000
32
-303.3707
13
530.000
23
230.000
33
-303.1084
0
3DFACE
8
C2
10
540.000
20
220.000
30
-303.4297
11
550.000
21
220.000
31
-303.3035
12
550.000
22
230.000
32
-303.2509
13
540.000
23
230.000
33
-303.3707
0
3DFACE
8
C2
10
550.000
20
220.000
30
-303.3035
11
560.000
21
220.000
31
-302.3014
12
560.000
22
230.000
32
-302.4081
13
550.000
23
230.000
33
-303.2509
0
3DFACE
8
C2
10
560.000
20
220.000
30
-302.3014
11
570.000
21
220.000
31
-300.6668
12
570.000
22
230.000
32
-300.9917
13
560.000
23
230.000
33
-302.4081
0
3DFACE
8
C2
10
570.000
20
220.000
30
-300.6668
11
580.000
21
220.000
31
-299.7641
12
580.000
22
230.000
32
-300.0176
13
570.000
23
230.000
33
-300.9917
0
3DFACE
8
C2
10
580.000
20
220.000
30
-299.7641
11
590.000
21
220.000
31
-299.5385
12
590.000
22
230.000
32
-299.3808
13
580.000
23
230.000
33
-300.0176
0
3DFACE
8
C2
10
590.000
20
220.000
30
-299.5385
11
600.000
21
220.000
31
-298.5793
12
600.000
22
230.000
32
-298.1208
13
590.000
23
230.000
33
-299.3808
0
3DFACE
8
C2
10
600.000
20
220.000
30
-298.5793
11
610.000
21
220.000
31
-297.1052
12
610.000
22
230.000
32
-296.5709
13
600.000
23
230.000
33
-298.1208
0
3DFACE
8
C2
10
610.000
20
220.000
30
-297.1052
11
620.000
21
220.000
31
-295.6726
12
620.000
22
230.000
32
-295.1834
13
610.000
23
230.000
33
-296.5709
0
3DFACE
8
C2
10
620.000
20
220.000
30
-295.6726
11
630.000
21
220.000
31
-294.5729
12
630.000
22
230.000
32
-293.8640
13
620.000
23
230.000
33
-295.1834
0
3DFACE
8
C2
10
630.000
20
220.000
30
-294.5729
11
640.000
21
220.000
31
-294.0678
12
640.000
22
230.000
32
-292.9385
13
630.000
23
230.000
33
-293.8640
0
3DFACE
8
C2
10
640.000
20
220.000
30
-294.0678
11
650.000
21
220.000
31
-293.5709
12
650.000
22
230.000
32
-292.2085
13
640.000
23
230.000
33
-292.9385
0
3DFACE
8
C2
10
650.000
20
220.000
30
-293.5709
11
660.000
21
220.000
31
-293.5136
12
660.000
22
230.000
32
-292.1568
13
650.000
23
230.000
33
-292.2085
0
3DFACE
8
C2
10
660.000
20
220.000
30
-293.5136
11
670.000
21
220.000
31
-294.4349
12
670.000
22
230.000
32
-293.3076
13
660.000
23
230.000
33
-292.1568
0
3DFACE
8
C2
10
670.000
20
220.000
30
-294.4349
11
680.000
21
220.000
31
-295.4304
12
680.000
22
230.000
32
-294.4393
13
670.000
23
230.000
33
-293.3076
0
3DFACE
8
C2
10
680.000
20
220.000
30
-295.4304
11
690.000
21
220.000
31
-296.3700
12
690.000
22
230.000
32
-295.3882
13
680.000
23
230.000
33
-294.4393
0
3DFACE
8
C2
10
690.000
20
220.000
30
-296.3700
11
700.000
21
220.000
31
-297.5523
12
700.000
22
230.000
32
-296.6929
13
690.000
23
230.000
33
-295.3882
0
3DFACE
8
C2
10
0.000
20
230.000
30
-299.7585
11
10.000
21
230.000
31
-299.2258
12
10.000
22
240.000
32
-301.5625
13
0.000
23
240.000
33
-302.0976
0
3DFACE
8
C2
10
10.000
20
230.000
30
-299.2258
11
20.000
21
230.000
31
-298.4367
12
20.000
22
240.000
32
-300.5695
13
10.000
23
240.000
33
-301.5625
0
3DFACE
8
C2
10
20.000
20
230.000
30
-298.4367
11
30.000
21
230.000
31
-297.8803
12
30.000
22
240.000
32
-299.8866
13
20.000
23
240.000
33
-300.5695
0
3DFACE
8
C2
10
30.000
20
230.000
30
-297.8803
11
40.000
21
230.000
31
-297.4716
12
40.000
22
240.000
32
-299.4106
13
30.000
23
240.000
33
-299.8866
0
3DFACE
8
C2
10
40.000
20
230.000
30
-297.4716
11
50.000
21
230.000
31
-297.1053
12
50.000
22
240.000
32
-298.8856
13
40.000
23
240.000
33
-299.4106
0
3DFACE
8
C2
10
50.000
20
230.000
30
-297.1053
11
60.000
21
230.000
31
-296.6620
12
60.000
22
240.000
32
-298.1447
13
50.000
23
240.000
33
-298.8856
0
3DFACE
8
C2
10
60.000
20
230.000
30
-296.6620
11
70.000
21
230.000
31
-296.0763
12
70.000
22
240.000
32
-297.2012
13
60.000
23
240.000
33
-298.1447
0
3DFACE
8
C2
10
70.000
20
230.000
30
-296.0763
11
80.000
21
230.000
31
-296.0545
12
80.000
22
240.000
32
-296.9475
13
70.000
23
240.000
33
-297.2012
0
3DFACE
8
C2
10
80.000
20
230.000
30
-296.0545
11
90.000
21
230.000
31
-296.5043
12
90.000
22
240.000
32
-297.4418
13
80.000
23
240.000
33
-296.9475
0
3DFACE
8
C2
10
90.000
20
230.000
30
-296.5043
11
100.000
21
230.000
31
-296.9059
12
100.000
22
240.000
32
-297.7557
13
90.000
23
240.000
33
-297.4418
0
3DFACE
8
C2
10
100.000
20
230.000
30
-296.9059
11
110.000
21
230.000
31
-297.2333
12
110.000
22
240.000
32
-297.8296
13
100.000
23
240.000
33
-297.7557
0
3DFACE
8
C2
10
110.000
20
230.000
30
-297.2333
11
120.000
21
230.000
31
-297.5189
12
120.000
22
240.000
32
-297.7744
13
110.000
23
240.000
33
-297.8296
0
3DFACE
8
C2
10
120.000
20
230.000
30
-297.5189
11
130.000
21
230.000
31
-298.2255
12
130.000
22
240.000
32
-298.2695
13
120.000
23
240.000
33
-297.7744
0
3DFACE
8
C2
10
130.000
20
230.000
30
-298.2255
11
140.000
21
230.000
31
-299.3354
12
140.000
22
240.000
32
-299.3226
13
130.000
23
240.000
33
-298.2695
0
3DFACE
8
C2
10
140.000
20
230.000
30
-299.3354
11
150.000
21
230.000
31
-300.2491
12
150.000
22
240.000
32
-300.0830
13
140.000
23
240.000
33
-299.3226
0
3DFACE
8
C2
10
150.000
20
230.000
30
-300.2491
11
160.000
21
230.000
31
-301.1200
12
160.000
22
240.000
32
-300.6854
13
150.000
23
240.000
33
-300.0830
0
3DFACE
8
C2
10
160.000
20
230.000
30
-301.1200
11
170.000
21
230.000
31
-302.0936
12
170.000
22
240.000
32
-301.4010
13
160.000
23
240.000
33
-300.6854
0
3DFACE
8
C2
10
170.000
20
230.000
30
-302.0936
11
180.000
21
230.000
31
-303.1232
12
180.000
22
240.000
32
-302.2952
13
170.000
23
240.000
33
-301.4010
0
3DFACE
8
C2
10
180.000
20
230.000
30
-303.1232
11
190.000
21
230.000
31
-304.4655
12
190.000
22
240.000
32
-303.6401
13
180.000
23
240.000
33
-302.2952
0
3DFACE
8
C2
10
190.000
20
230.000
30
-304.4655
11
200.000
21
230.000
31
-305.9984
12
200.000
22
240.000
32
-305.2335
13
190.000
23
240.000
33
-303.6401
0
3DFACE
8
C2
10
200.000
20
230.000
30
-305.9984
11
210.000
21
230.000
31
-307.8629
12
210.000
22
240.000
32
-307.2524
13
200.000
23
240.000
33
-305.2335
0
3DFACE
8
C2
10
210.000
20
230.000
30
-307.8629
11
220.000
21
230.000
31
-310.7325
12
220.000
22
240.000
32
-310.1588
13
210.000
23
240.000
33
-307.2524
0
3DFACE
8
C2
10
220.000
20
230.000
30
-310.7325
11
230.000
21
230.000
31
-312.2899
12
230.000
22
240.000
32
-312.0585
13
220.000
23
240.000
33
-310.1588
0
3DFACE
8
C2
10
230.000
20
230.000
30
-312.2899
11
240.000
21
230.000
31
-313.2678
12
240.000
22
240.000
32
-313.3818
13
230.000
23
240.000
33
-312.0585
0
3DFACE
8
C2
10
240.000
20
230.000
30
-313.2678
11
250.000
21
230.000
31
-313.8863
12
250.000
22
240.000
32
-314.2886
13
240.000
23
240.000
33
-313.3818
0
3DFACE
8
C2
10
250.000
20
230.000
30
-313.8863
11
260.000
21
230.000
31
-314.2410
12
260.000
22
240.000
32
-314.8620
13
250.000
23
240.000
33
-314.2886
0
3DFACE
8
C2
10
260.000
20
230.000
30
-314.2410
11
270.000
21
230.000
31
-314.5915
12
270.000
22
240.000
32
-315.2561
13
260.000
23
240.000
33
-314.8620
0
3DFACE
8
C2
10
270.000
20
230.000
30
-314.5915
11
280.000
21
230.000
31
-314.1574
12
280.000
22
240.000
32
-314.7463
13
270.000
23
240.000
33
-315.2561
0
3DFACE
8
C2
10
280.000
20
230.000
30
-314.1574
11
290.000
21
230.000
31
-312.4343
12
290.000
22
240.000
32
-313.1164
13
280.000
23
240.000
33
-314.7463
0
3DFACE
8
C2
10
290.000
20
230.000
30
-312.4343
11
300.000
21
230.000
31
-311.7177
12
300.000
22
240.000
32
-312.2010
13
290.000
23
240.000
33
-313.1164
0
3DFACE
8
C2
10
300.000
20
230.000
30
-311.7177
11
310.000
21
230.000
31
-311.1934
12
310.000
22
240.000
32
-311.4925
13
300.000
23
240.000
33
-312.2010
0
3DFACE
8
C2
10
310.000
20
230.000
30
-311.1934
11
320.000
21
230.000
31
-311.1134
12
320.000
22
240.000
32
-311.3662
13
310.000
23
240.000
33
-311.4925
0
3DFACE
8
C2
10
320.000
20
230.000
30
-311.1134
11
330.000
21
230.000
31
-310.9007
12
330.000
22
240.000
32
-310.9633
13
320.000
23
240.000
33
-311.3662
0
3DFACE
8
C2
10
330.000
20
230.000
30
-310.9007
11
340.000
21
230.000
31
-310.2909
12
340.000
22
240.000
32
-310.1422
13
330.000
23
240.000
33
-310.9633
0
3DFACE
8
C2
10
340.000
20
230.000
30
-310.2909
11
350.000
21
230.000
31
-310.0612
12
350.000
22
240.000
32
-309.6116
13
340.000
23
240.000
33
-310.1422
0
3DFACE
8
C2
10
350.000
20
230.000
30
-310.0612
11
360.000
21
230.000
31
-309.9832
12
360.000
22
240.000
32
-309.2775
13
350.000
23
240.000
33
-309.6116
0
3DFACE
8
C2
10
360.000
20
230.000
30
-309.9832
11
370.000
21
230.000
31
-309.8964
12
370.000
22
240.000
32
-309.1507
13
360.000
23
240.000
33
-309.2775
0
3DFACE
8
C2
10
370.000
20
230.000
30
-309.8964
11
380.000
21
230.000
31
-310.1037
12
380.000
22
240.000
32
-309.1470
13
370.000
23
240.000
33
-309.1507
0
3DFACE
8
C2
10
380.000
20
230.000
30
-310.1037
11
390.000
21
230.000
31
-310.1264
12
390.000
22
240.000
32
-308.8170
13
380.000
23
240.000
33
-309.1470
0
3DFACE
8
C2
10
390.000
20
230.000
30
-310.1264
11
400.000
21
230.000
31
-310.4001
12
400.000
22
240.000
32
-308.9405
13
390.000
23
240.000
33
-308.8170
0
3DFACE
8
C2
10
400.000
20
230.000
30
-310.4001
11
410.000
21
230.000
31
-310.7767
12
410.000
22
240.000
32
-309.3578
13
400.000
23
240.000
33
-308.9405
0
3DFACE
8
C2
10
410.000
20
230.000
30
-310.7767
11
420.000
21
230.000
31
-311.1986
12
420.000
22
240.000
32
-309.9855
13
410.000
23
240.000
33
-309.3578
0
3DFACE
8
C2
10
420.000
20
230.000
30
-311.1986
11
430.000
21
230.000
31
-311.3036
12
430.000
22
240.000
32
-310.2864
13
420.000
23
240.000
33
-309.9855
0
3DFACE
8
C2
10
430.000
20
230.000
30
-311.3036
11
440.000
21
230.000
31
-311.3470
12
440.000
22
240.000
32
-310.2443
13
430.000
23
240.000
33
-310.2864
0
3DFACE
8
C2
10
440.000
20
230.000
30
-311.3470
11
450.000
21
230.000
31
-310.8768
12
450.000
22
240.000
32
-309.8188
13
440.000
23
240.000
33
-310.2443
0
3DFACE
8
C2
10
450.000
20
230.000
30
-310.8768
11
460.000
21
230.000
31
-310.0434
12
460.000
22
240.000
32
-309.0382
13
450.000
23
240.000
33
-309.8188
0
3DFACE
8
C2
10
460.000
20
230.000
30
-310.0434
11
470.000
21
230.000
31
-308.6438
12
470.000
22
240.000
32
-307.6270
13
460.000
23
240.000
33
-309.0382
0
3DFACE
8
C2
10
470.000
20
230.000
30
-308.6438
11
480.000
21
230.000
31
-307.5132
12
480.000
22
240.000
32
-306.4368
13
470.000
23
240.000
33
-307.6270
0
3DFACE
8
C2
10
480.000
20
230.000
30
-307.5132
11
490.000
21
230.000
31
-306.6108
12
490.000
22
240.000
32
-305.4146
13
480.000
23
240.000
33
-306.4368
0
3DFACE
8
C2
10
490.000
20
230.000
30
-306.6108
11
500.000
21
230.000
31
-305.9268
12
500.000
22
240.000
32
-304.6189
13
490.000
23
240.000
33
-305.4146
0
3DFACE
8
C2
10
500.000
20
230.000
30
-305.9268
11
510.000
21
230.000
31
-304.9276
12
510.000
22
240.000
32
-303.5647
13
500.000
23
240.000
33
-304.6189
0
3DFACE
8
C2
10
510.000
20
230.000
30
-304.9276
11
520.000
21
230.000
31
-303.6208
12
520.000
22
240.000
32
-302.2320
13
510.000
23
240.000
33
-303.5647
0
3DFACE
8
C2
10
520.000
20
230.000
30
-303.6208
11
530.000
21
230.000
31
-303.1084
12
530.000
22
240.000
32
-301.7300
13
520.000
23
240.000
33
-302.2320
0
3DFACE
8
C2
10
530.000
20
230.000
30
-303.1084
11
540.000
21
230.000
31
-303.3707
12
540.000
22
240.000
32
-302.0480
13
530.000
23
240.000
33
-301.7300
0
3DFACE
8
C2
10
540.000
20
230.000
30
-303.3707
11
550.000
21
230.000
31
-303.2509
12
550.000
22
240.000
32
-301.9260
13
540.000
23
240.000
33
-302.0480
0
3DFACE
8
C2
10
550.000
20
230.000
30
-303.2509
11
560.000
21
230.000
31
-302.4081
12
560.000
22
240.000
32
-301.0754
13
550.000
23
240.000
33
-301.9260
0
3DFACE
8
C2
10
560.000
20
230.000
30
-302.4081
11
570.000
21
230.000
31
-300.9917
12
570.000
22
240.000
32
-299.6843
13
560.000
23
240.000
33
-301.0754
0
3DFACE
8
C2
10
570.000
20
230.000
30
-300.9917
11
580.000
21
230.000
31
-300.0176
12
580.000
22
240.000
32
-298.6570
13
570.000
23
240.000
33
-299.6843
0
3DFACE
8
C2
10
580.000
20
230.000
30
-300.0176
11
590.000
21
230.000
31
-299.3808
12
590.000
22
240.000
32
-297.9466
13
580.000
23
240.000
33
-298.6570
0
3DFACE
8
C2
10
590.000
20
230.000
30
-299.3808
11
600.000
21
230.000
31
-298.1208
12
600.000
22
240.000
32
-296.6855
13
590.000
23
240.000
33
-297.9466
0
3DFACE
8
C2
10
600.000
20
230.000
30
-298.1208
11
610.000
21
230.000
31
-296.5709
12
610.000
22
240.000
32
-295.1738
13
600.000
23
240.000
33
-296.6855
0
3DFACE
8
C2
10
610.000
20
230.000
30
-296.5709
11
620.000
21
230.000
31
-295.1834
12
620.000
22
240.000
32
-293.9200
13
610.000
23
240.000
33
-295.1738
0
3DFACE
8
C2
10
620.000
20
230.000
30
-295.1834
11
630.000
21
230.000
31
-293.8640
12
630.000
22
240.000
32
-292.6162
13
620.000
23
240.000
33
-293.9200
0
3DFACE
8
C2
10
630.000
20
230.000
30
-293.8640
11
640.000
21
230.000
31
-292.9385
12
640.000
22
240.000
32
-291.6239
13
630.000
23
240.000
33
-292.6162
0
3DFACE
8
C2
10
640.000
20
230.000
30
-292.9385
11
650.000
21
230.000
31
-292.2085
12
650.000
22
240.000
32
-290.9905
13
640.000
23
240.000
33
-291.6239
0
3DFACE
8
C2
10
650.000
20
230.000
30
-292.2085
11
660.000
21
230.000
31
-292.1568
12
660.000
22
240.000
32
-291.2456
13
650.000
23
240.000
33
-290.9905
0
3DFACE
8
C2
10
660.000
20
230.000
30
-292.1568
11
670.000
21
230.000
31
-293.3076
12
670.000
22
240.000
32
-292.6620
13
660.000
23
240.000
33
-291.2456
0
3DFACE
8
C2
10
670.000
20
230.000
30
-293.3076
11
680.000
21
230.000
31
-294.4393
12
680.000
22
240.000
32
-294.0214
13
670.000
23
240.000
33
-292.6620
0
3DFACE
8
C2
10
680.000
20
230.000
30
-294.4393
11
690.000
21
230.000
31
-295.3882
12
690.000
22
240.000
32
-295.1055
13
680.000
23
240.000
33
-294.0214
0
3DFACE
8
C2
10
690.000
20
230.000
30
-295.3882
11
700.000
21
230.000
31
-296.6929
12
700.000
22
240.000
32
-296.6088
13
690.000
23
240.000
33
-295.1055
0
3DFACE
8
C2
10
0.000
20
240.000
30
-302.0976
11
10.000
21
240.000
31
-301.5625
12
10.000
22
250.000
32
-302.0272
13
0.000
23
250.000
33
-302.2560
0
3DFACE
8
C2
10
10.000
20
240.000
30
-301.5625
11
20.000
21
240.000
31
-300.5695
12
20.000
22
250.000
32
-301.1538
13
10.000
23
250.000
33
-302.0272
0
3DFACE
8
C2
10
20.000
20
240.000
30
-300.5695
11
30.000
21
240.000
31
-299.8866
12
30.000
22
250.000
32
-300.6993
13
20.000
23
250.000
33
-301.1538
0
3DFACE
8
C2
10
30.000
20
240.000
30
-299.8866
11
40.000
21
240.000
31
-299.4106
12
40.000
22
250.000
32
-300.5203
13
30.000
23
250.000
33
-300.6993
0
3DFACE
8
C2
10
40.000
20
240.000
30
-299.4106
11
50.000
21
240.000
31
-298.8856
12
50.000
22
250.000
32
-300.0180
13
40.000
23
250.000
33
-300.5203
0
3DFACE
8
C2
10
50.000
20
240.000
30
-298.8856
11
60.000
21
240.000
31
-298.1447
12
60.000
22
250.000
32
-299.0930
13
50.000
23
250.000
33
-300.0180
0
3DFACE
8
C2
10
60.000
20
240.000
30
-298.1447
11
70.000
21
240.000
31
-297.2012
12
70.000
22
250.000
32
-297.8557
13
60.000
23
250.000
33
-299.0930
0
3DFACE
8
C2
10
70.000
20
240.000
30
-297.2012
11
80.000
21
240.000
31
-296.9475
12
80.000
22
250.000
32
-297.4895
13
70.000
23
250.000
33
-297.8557
0
3DFACE
8
C2
10
80.000
20
240.000
30
-296.9475
11
90.000
21
240.000
31
-297.4418
12
90.000
22
250.000
32
-298.1064
13
80.000
23
250.000
33
-297.4895
0
3DFACE
8
C2
10
90.000
20
240.000
30
-297.4418
11
100.000
21
240.000
31
-297.7557
12
100.000
22
250.000
32
-298.3606
13
90.000
23
250.000
33
-298.1064
0
3DFACE
8
C2
10
100.000
20
240.000
30
-297.7557
11
110.000
21
240.000
31
-297.8296
12
110.000
22
250.000
32
-298.1218
13
100.000
23
250.000
33
-298.3606
0
3DFACE
8
C2
10
110.000
20
240.000
30
-297.8296
11
120.000
21
240.000
31
-297.7744
12
120.000
22
250.000
32
-297.5143
13
110.000
23
250.000
33
-298.1218
0
3DFACE
8
C2
10
120.000
20
240.000
30
-297.7744
11
130.000
21
240.000
31
-298.2695
12
130.000
22
250.000
32
-297.7339
13
120.000
23
250.000
33
-297.5143
0
3DFACE
8
C2
10
130.000
20
240.000
30
-298.2695
11
140.000
21
240.000
31
-299.3226
12
140.000
22
250.000
32
-298.7167
13
130.000
23
250.000
33
-297.7339
0
3DFACE
8
C2
10
140.000
20
240.000
30
-299.3226
11
150.000
21
240.000
31
-300.0830
12
150.000
22
250.000
32
-299.3700
13
140.000
23
250.000
33
-298.7167
0
3DFACE
8
C2
10
150.000
20
240.000
30
-300.0830
11
160.000
21
240.000
31
-300.6854
12
160.000
22
250.000
32
-299.7272
13
150.000
23
250.000
33
-299.3700
0
3DFACE
8
C2
10
160.000
20
240.000
30
-300.6854
11
170.000
21
240.000
31
-301.4010
12
170.000
22
250.000
32
-300.1788
13
160.000
23
250.000
33
-299.7272
0
3DFACE
8
C2
10
170.000
20
240.000
30
-301.4010
11
180.000
21
240.000
31
-302.2952
12
180.000
22
250.000
32
-301.0566
13
170.000
23
250.000
33
-300.1788
0
3DFACE
8
C2
10
180.000
20
240.000
30
-302.2952
11
190.000
21
240.000
31
-303.6401
12
190.000
22
250.000
32
-302.6280
13
180.000
23
250.000
33
-301.0566
0
3DFACE
8
C2
10
190.000
20
240.000
30
-303.6401
11
200.000
21
240.000
31
-305.2335
12
200.000
22
250.000
32
-304.2725
13
190.000
23
250.000
33
-302.6280
0
3DFACE
8
C2
10
200.000
20
240.000
30
-305.2335
11
210.000
21
240.000
31
-307.2524
12
210.000
22
250.000
32
-306.3269
13
200.000
23
250.000
33
-304.2725
0
3DFACE
8
C2
10
210.000
20
240.000
30
-307.2524
11
220.000
21
240.000
31
-310.1588
12
220.000
22
250.000
32
-309.1932
13
210.000
23
250.000
33
-306.3269
0
3DFACE
8
C2
10
220.000
20
240.000
30
-310.1588
11
230.000
21
240.000
31
-312.0585
12
230.000
22
250.000
32
-311.2316
13
220.000
23
250.000
33
-309.1932
0
3DFACE
8
C2
10
230.000
20
240.000
30
-312.0585
11
240.000
21
240.000
31
-313.3818
12
240.000
22
250.000
32
-312.8084
13
230.000
23
250.000
33
-311.2316
0
3DFACE
8
C2
10
240.000
20
240.000
30
-313.3818
11
250.000
21
240.000
31
-314.2886
12
250.000
22
250.000
32
-313.9115
13
240.000
23
250.000
33
-312.8084
0
3DFACE
8
C2
10
250.000
20
240.000
30
-314.2886
11
260.000
21
240.000
31
-314.8620
12
260.000
22
250.000
32
-314.6487
13
250.000
23
250.000
33
-313.9115
0
3DFACE
8
C2
10
260.000
20
240.000
30
-314.8620
11
270.000
21
240.000
31
-315.2561
12
270.000
22
250.000
32
-315.1648
13
260.000
23
250.000
33
-314.6487
0
3DFACE
8
C2
10
270.000
20
240.000
30
-315.2561
11
280.000
21
240.000
31
-314.7463
12
280.000
22
250.000
32
-314.6745
13
270.000
23
250.000
33
-315.1648
0
3DFACE
8
C2
10
280.000
20
240.000
30
-314.7463
11
290.000
21
240.000
31
-313.1164
12
290.000
22
250.000
32
-313.1028
13
280.000
23
250.000
33
-314.6745
0
3DFACE
8
C2
10
290.000
20
240.000
30
-313.1164
11
300.000
21
240.000
31
-312.2010
12
300.000
22
250.000
32
-312.1564
13
290.000
23
250.000
33
-313.1028
0
3DFACE
8
C2
10
300.000
20
240.000
30
-312.2010
11
310.000
21
240.000
31
-311.4925
12
310.000
22
250.000
32
-311.4044
13
300.000
23
250.000
33
-312.1564
0
3DFACE
8
C2
10
310.000
20
240.000
30
-311.4925
11
320.000
21
240.000
31
-311.3662
12
320.000
22
250.000
32
-311.2786
13
310.000
23
250.000
33
-311.4044
0
3DFACE
8
C2
10
320.000
20
240.000
30
-311.3662
11
330.000
21
240.000
31
-310.9633
12
330.000
22
250.000
32
-310.7720
13
320.000
23
250.000
33
-311.2786
0
3DFACE
8
C2
10
330.000
20
240.000
30
-310.9633
11
340.000
21
240.000
31
-310.1422
12
340.000
22
250.000
32
-309.7797
13
330.000
23
250.000
33
-310.7720
0
3DFACE
8
C2
10
340.000
20
240.000
30
-310.1422
11
350.000
21
240.000
31
-309.6116
12
350.000
22
250.000
32
-309.0795
13
340.000
23
250.000
33
-309.7797
0
3DFACE
8
C2
10
350.000
20
240.000
30
-309.6116
11
360.000
21
240.000
31
-309.2775
12
360.000
22
250.000
32
-308.6252
13
350.000
23
250.000
33
-309.0795
0
3DFACE
8
C2
10
360.000
20
240.000
30
-309.2775
11
370.000
21
240.000
31
-309.1507
12
370.000
22
250.000
32
-308.4469
13
360.000
23
250.000
33
-308.6252
0
3DFACE
8
C2
10
370.000
20
240.000
30
-309.1507
11
380.000
21
240.000
31
-309.1470
12
380.000
22
250.000
32
-308.2878
13
370.000
23
250.000
33
-308.4469
0
3DFACE
8
C2
10
380.000
20
240.000
30
-309.1470
11
390.000
21
240.000
31
-308.8170
12
390.000
22
250.000
32
-307.6798
13
380.000
23
250.000
33
-308.2878
0
3DFACE
8
C2
10
390.000
20
240.000
30
-308.8170
11
400.000
21
240.000
31
-308.9405
12
400.000
22
250.000
32
-307.6547
13
390.000
23
250.000
33
-307.6798
0
3DFACE
8
C2
10
400.000
20
240.000
30
-308.9405
11
410.000
21
240.000
31
-309.3578
12
410.000
22
250.000
32
-308.1143
13
400.000
23
250.000
33
-307.6547
0
3DFACE
8
C2
10
410.000
20
240.000
30
-309.3578
11
420.000
21
240.000
31
-309.9855
12
420.000
22
250.000
32
-309.0174
13
410.000
23
250.000
33
-308.1143
0
3DFACE
8
C2
10
420.000
20
240.000
30
-309.9855
11
430.000
21
240.000
31
-310.2864
12
430.000
22
250.000
32
-309.4029
13
420.000
23
250.000
33
-309.0174
0
3DFACE
8
C2
10
430.000
20
240.000
30
-310.2864
11
440.000
21
240.000
31
-310.2443
12
440.000
22
250.000
32
-309.2968
13
430.000
23
250.000
33
-309.4029
0
3DFACE
8
C2
10
440.000
20
240.000
30
-310.2443
11
450.000
21
240.000
31
-309.8188
12
450.000
22
250.000
32
-308.8965
13
440.000
23
250.000
33
-309.2968
0
3DFACE
8
C2
10
450.000
20
240.000
30
-309.8188
11
460.000
21
240.000
31
-309.0382
12
460.000
22
250.000
32
-308.2456
13
450.000
23
250.000
33
-308.8965
0
3DFACE
8
C2
10
460.000
20
240.000
30
-309.0382
11
470.000
21
240.000
31
-307.6270
12
470.000
22
250.000
32
-307.1075
13
460.000
23
250.000
33
-308.2456
0
3DFACE
8
C2
10
470.000
20
240.000
30
-307.6270
11
480.000
21
240.000
31
-306.4368
12
480.000
22
250.000
32
-305.9950
13
470.000
23
250.000
33
-307.1075
0
3DFACE
8
C2
10
480.000
20
240.000
30
-306.4368
11
490.000
21
240.000
31
-305.4146
12
490.000
22
250.000
32
-304.8226
13
480.000
23
250.000
33
-305.9950
0
3DFACE
8
C2
10
490.000
20
240.000
30
-305.4146
11
500.000
21
240.000
31
-304.6189
12
500.000
22
250.000
32
-304.0550
13
490.000
23
250.000
33
-304.8226
0
3DFACE
8
C2
10
500.000
20
240.000
30
-304.6189
11
510.000
21
240.000
31
-303.5647
12
510.000
22
250.000
32
-303.1809
13
500.000
23
250.000
33
-304.0550
0
3DFACE
8
C2
10
510.000
20
240.000
30
-303.5647
11
520.000
21
240.000
31
-302.2320
12
520.000
22
250.000
32
-302.2379
13
510.000
23
250.000
33
-303.1809
0
3DFACE
8
C2
10
520.000
20
240.000
30
-302.2320
11
530.000
21
240.000
31
-301.7300
12
530.000
22
250.000
32
-301.8615
13
520.000
23
250.000
33
-302.2379
0
3DFACE
8
C2
10
530.000
20
240.000
30
-301.7300
11
540.000
21
240.000
31
-302.0480
12
540.000
22
250.000
32
-302.0672
13
530.000
23
250.000
33
-301.8615
0
3DFACE
8
C2
10
540.000
20
240.000
30
-302.0480
11
550.000
21
240.000
31
-301.9260
12
550.000
22
250.000
32
-301.9096
13
540.000
23
250.000
33
-302.0672
0
3DFACE
8
C2
10
550.000
20
240.000
30
-301.9260
11
560.000
21
240.000
31
-301.0754
12
560.000
22
250.000
32
-301.1317
13
550.000
23
250.000
33
-301.9096
0
3DFACE
8
C2
10
560.000
20
240.000
30
-301.0754
11
570.000
21
240.000
31
-299.6843
12
570.000
22
250.000
32
-300.0028
13
560.000
23
250.000
33
-301.1317
0
3DFACE
8
C2
10
570.000
20
240.000
30
-299.6843
11
580.000
21
240.000
31
-298.6570
12
580.000
22
250.000
32
-298.9176
13
570.000
23
250.000
33
-300.0028
0
3DFACE
8
C2
10
580.000
20
240.000
30
-298.6570
11
590.000
21
240.000
31
-297.9466
12
590.000
22
250.000
32
-297.8323
13
580.000
23
250.000
33
-298.9176
0
3DFACE
8
C2
10
590.000
20
240.000
30
-297.9466
11
600.000
21
240.000
31
-296.6855
12
600.000
22
250.000
32
-296.3866
13
590.000
23
250.000
33
-297.8323
0
3DFACE
8
C2
10
600.000
20
240.000
30
-296.6855
11
610.000
21
240.000
31
-295.1738
12
610.000
22
250.000
32
-294.8489
13
600.000
23
250.000
33
-296.3866
0
3DFACE
8
C2
10
610.000
20
240.000
30
-295.1738
11
620.000
21
240.000
31
-293.9200
12
620.000
22
250.000
32
-293.6352
13
610.000
23
250.000
33
-294.8489
0
3DFACE
8
C2
10
620.000
20
240.000
30
-293.9200
11
630.000
21
240.000
31
-292.6162
12
630.000
22
250.000
32
-292.2407
13
620.000
23
250.000
33
-293.6352
0
3DFACE
8
C2
10
630.000
20
240.000
30
-292.6162
11
640.000
21
240.000
31
-291.6239
12
640.000
22
250.000
32
-290.9156
13
630.000
23
250.000
33
-292.2407
0
3DFACE
8
C2
10
640.000
20
240.000
30
-291.6239
11
650.000
21
240.000
31
-290.9905
12
650.000
22
250.000
32
-290.2283
13
640.000
23
250.000
33
-290.9156
0
3DFACE
8
C2
10
650.000
20
240.000
30
-290.9905
11
660.000
21
240.000
31
-291.2456
12
660.000
22
250.000
32
-290.6297
13
650.000
23
250.000
33
-290.2283
0
3DFACE
8
C2
10
660.000
20
240.000
30
-291.2456
11
670.000
21
240.000
31
-292.6620
12
670.000
22
250.000
32
-292.3413
13
660.000
23
250.000
33
-290.6297
0
3DFACE
8
C2
10
670.000
20
240.000
30
-292.6620
11
680.000
21
240.000
31
-294.0214
12
680.000
22
250.000
32
-293.9356
13
670.000
23
250.000
33
-292.3413
0
3DFACE
8
C2
10
680.000
20
240.000
30
-294.0214
11
690.000
21
240.000
31
-295.1055
12
690.000
22
250.000
32
-295.1976
13
680.000
23
250.000
33
-293.9356
0
3DFACE
8
C2
10
690.000
20
240.000
30
-295.1055
11
700.000
21
240.000
31
-296.6088
12
700.000
22
250.000
32
-296.9067
13
690.000
23
250.000
33
-295.1976
0
3DFACE
8
C2
10
0.000
20
250.000
30
-302.2560
11
10.000
21
250.000
31
-302.0272
12
10.000
22
260.000
32
-302.2117
13
0.000
23
260.000
33
-302.2419
0
3DFACE
8
C2
10
10.000
20
250.000
30
-302.0272
11
20.000
21
250.000
31
-301.1538
12
20.000
22
260.000
32
-301.4280
13
10.000
23
260.000
33
-302.2117
0
3DFACE
8
C2
10
20.000
20
250.000
30
-301.1538
11
30.000
21
250.000
31
-300.6993
12
30.000
22
260.000
32
-301.1397
13
20.000
23
260.000
33
-301.4280
0
3DFACE
8
C2
10
30.000
20
250.000
30
-300.6993
11
40.000
21
250.000
31
-300.5203
12
40.000
22
260.000
32
-301.1570
13
30.000
23
260.000
33
-301.1397
0
3DFACE
8
C2
10
40.000
20
250.000
30
-300.5203
11
50.000
21
250.000
31
-300.0180
12
50.000
22
260.000
32
-300.6545
13
40.000
23
260.000
33
-301.1570
0
3DFACE
8
C2
10
50.000
20
250.000
30
-300.0180
11
60.000
21
250.000
31
-299.0930
12
60.000
22
260.000
32
-299.6486
13
50.000
23
260.000
33
-300.6545
0
3DFACE
8
C2
10
60.000
20
250.000
30
-299.0930
11
70.000
21
250.000
31
-297.8557
12
70.000
22
260.000
32
-298.2494
13
60.000
23
260.000
33
-299.6486
0
3DFACE
8
C2
10
70.000
20
250.000
30
-297.8557
11
80.000
21
250.000
31
-297.4895
12
80.000
22
260.000
32
-297.8439
13
70.000
23
260.000
33
-298.2494
0
3DFACE
8
C2
10
80.000
20
250.000
30
-297.4895
11
90.000
21
250.000
31
-298.1064
12
90.000
22
260.000
32
-298.5394
13
80.000
23
260.000
33
-297.8439
0
3DFACE
8
C2
10
90.000
20
250.000
30
-298.1064
11
100.000
21
250.000
31
-298.3606
12
100.000
22
260.000
32
-298.7224
13
90.000
23
260.000
33
-298.5394
0
3DFACE
8
C2
10
100.000
20
250.000
30
-298.3606
11
110.000
21
250.000
31
-298.1218
12
110.000
22
260.000
32
-298.2524
13
100.000
23
260.000
33
-298.7224
0
3DFACE
8
C2
10
110.000
20
250.000
30
-298.1218
11
120.000
21
250.000
31
-297.5143
12
120.000
22
260.000
32
-297.1934
13
110.000
23
260.000
33
-298.2524
0
3DFACE
8
C2
10
120.000
20
250.000
30
-297.5143
11
130.000
21
250.000
31
-297.7339
12
130.000
22
260.000
32
-297.1615
13
120.000
23
260.000
33
-297.1934
0
3DFACE
8
C2
10
130.000
20
250.000
30
-297.7339
11
140.000
21
250.000
31
-298.7167
12
140.000
22
260.000
32
-298.0617
13
130.000
23
260.000
33
-297.1615
0
3DFACE
8
C2
10
140.000
20
250.000
30
-298.7167
11
150.000
21
250.000
31
-299.3700
12
150.000
22
260.000
32
-298.6107
13
140.000
23
260.000
33
-298.0617
0
3DFACE
8
C2
10
150.000
20
250.000
30
-299.3700
11
160.000
21
250.000
31
-299.7272
12
160.000
22
260.000
32
-298.8189
13
150.000
23
260.000
33
-298.6107
0
3DFACE
8
C2
10
160.000
20
250.000
30
-299.7272
11
170.000
21
250.000
31
-300.1788
12
170.000
22
260.000
32
-299.1114
13
160.000
23
260.000
33
-298.8189
0
3DFACE
8
C2
10
170.000
20
250.000
30
-300.1788
11
180.000
21
250.000
31
-301.0566
12
180.000
22
260.000
32
-299.9695
13
170.000
23
260.000
33
-299.1114
0
3DFACE
8
C2
10
180.000
20
250.000
30
-301.0566
11
190.000
21
250.000
31
-302.6280
12
190.000
22
260.000
32
-301.6782
13
180.000
23
260.000
33
-299.9695
0
3DFACE
8
C2
10
190.000
20
250.000
30
-302.6280
11
200.000
21
250.000
31
-304.2725
12
200.000
22
260.000
32
-303.3095
13
190.000
23
260.000
33
-301.6782
0
3DFACE
8
C2
10
200.000
20
250.000
30
-304.2725
11
210.000
21
250.000
31
-306.3269
12
210.000
22
260.000
32
-305.2647
13
200.000
23
260.000
33
-303.3095
0
3DFACE
8
C2
10
210.000
20
250.000
30
-306.3269
11
220.000
21
250.000
31
-309.1932
12
220.000
22
260.000
32
-307.9719
13
210.000
23
260.000
33
-305.2647
0
3DFACE
8
C2
10
220.000
20
250.000
30
-309.1932
11
230.000
21
250.000
31
-311.2316
12
230.000
22
260.000
32
-309.8895
13
220.000
23
260.000
33
-307.9719
0
3DFACE
8
C2
10
230.000
20
250.000
30
-311.2316
11
240.000
21
250.000
31
-312.8084
12
240.000
22
260.000
32
-311.4346
13
230.000
23
260.000
33
-309.8895
0
3DFACE
8
C2
10
240.000
20
250.000
30
-312.8084
11
250.000
21
250.000
31
-313.9115
12
250.000
22
260.000
32
-312.5025
13
240.000
23
260.000
33
-311.4346
0
3DFACE
8
C2
10
250.000
20
250.000
30
-313.9115
11
260.000
21
250.000
31
-314.6487
12
260.000
22
260.000
32
-313.3207
13
250.000
23
260.000
33
-312.5025
0
3DFACE
8
C2
10
260.000
20
250.000
30
-314.6487
11
270.000
21
250.000
31
-315.1648
12
270.000
22
260.000
32
-313.9191
13
260.000
23
260.000
33
-313.3207
0
3DFACE
8
C2
10
270.000
20
250.000
30
-315.1648
11
280.000
21
250.000
31
-314.6745
12
280.000
22
260.000
32
-313.5105
13
270.000
23
260.000
33
-313.9191
0
3DFACE
8
C2
10
280.000
20
250.000
30
-314.6745
11
290.000
21
250.000
31
-313.1028
12
290.000
22
260.000
32
-312.0417
13
280.000
23
260.000
33
-313.5105
0
3DFACE
8
C2
10
290.000
20
250.000
30
-313.1028
11
300.000
21
250.000
31
-312.1564
12
300.000
22
260.000
32
-311.1956
13
290.000
23
260.000
33
-312.0417
0
3DFACE
8
C2
10
300.000
20
250.000
30
-312.1564
11
310.000
21
250.000
31
-311.4044
12
310.000
22
260.000
32
-310.5610
13
300.000
23
260.000
33
-311.1956
0
3DFACE
8
C2
10
310.000
20
250.000
30
-311.4044
11
320.000
21
250.000
31
-311.2786
12
320.000
22
260.000
32
-310.6599
13
310.000
23
260.000
33
-310.5610
0
3DFACE
8
C2
10
320.000
20
250.000
30
-311.2786
11
330.000
21
250.000
31
-310.7720
12
330.000
22
260.000
32
-310.1957
13
320.000
23
260.000
33
-310.6599
0
3DFACE
8
C2
10
330.000
20
250.000
30
-310.7720
11
340.000
21
250.000
31
-309.7797
12
340.000
22
260.000
32
-309.1802
13
330.000
23
260.000
33
-310.1957
0
3DFACE
8
C2
10
340.000
20
250.000
30
-309.7797
11
350.000
21
250.000
31
-309.0795
12
350.000
22
260.000
32
-308.4341
13
340.000
23
260.000
33
-309.1802
0
3DFACE
8
C2
10
350.000
20
250.000
30
-309.0795
11
360.000
21
250.000
31
-308.6252
12
360.000
22
260.000
32
-307.9402
13
350.000
23
260.000
33
-308.4341
0
3DFACE
8
C2
10
360.000
20
250.000
30
-308.6252
11
370.000
21
250.000
31
-308.4469
12
370.000
22
260.000
32
-307.7783
13
360.000
23
260.000
33
-307.9402
0
3DFACE
8
C2
10
370.000
20
250.000
30
-308.4469
11
380.000
21
250.000
31
-308.2878
12
380.000
22
260.000
32
-307.5075
13
370.000
23
260.000
33
-307.7783
0
3DFACE
8
C2
10
380.000
20
250.000
30
-308.2878
11
390.000
21
250.000
31
-307.6798
12
390.000
22
260.000
32
-306.6374
13
380.000
23
260.000
33
-307.5075
0
3DFACE
8
C2
10
390.000
20
250.000
30
-307.6798
11
400.000
21
250.000
31
-307.6547
12
400.000
22
260.000
32
-306.4754
13
390.000
23
260.000
33
-306.6374
0
3DFACE
8
C2
10
400.000
20
250.000
30
-307.6547
11
410.000
21
250.000
31
-308.1143
12
410.000
22
260.000
32
-306.8983
13
400.000
23
260.000
33
-306.4754
0
3DFACE
8
C2
10
410.000
20
250.000
30
-308.1143
11
420.000
21
250.000
31
-309.0174
12
420.000
22
260.000
32
-307.9774
13
410.000
23
260.000
33
-306.8983
0
3DFACE
8
C2
10
420.000
20
250.000
30
-309.0174
11
430.000
21
250.000
31
-309.4029
12
430.000
22
260.000
32
-308.3957
13
420.000
23
260.000
33
-307.9774
0
3DFACE
8
C2
10
430.000
20
250.000
30
-309.4029
11
440.000
21
250.000
31
-309.2968
12
440.000
22
260.000
32
-308.2318
13
430.000
23
260.000
33
-308.3957
0
3DFACE
8
C2
10
440.000
20
250.000
30
-309.2968
11
450.000
21
250.000
31
-308.8965
12
450.000
22
260.000
32
-307.8742
13
440.000
23
260.000
33
-308.2318
0
3DFACE
8
C2
10
450.000
20
250.000
30
-308.8965
11
460.000
21
250.000
31
-308.2456
12
460.000
22
260.000
32
-307.3786
13
450.000
23
260.000
33
-307.8742
0
3DFACE
8
C2
10
460.000
20
250.000
30
-308.2456
11
470.000
21
250.000
31
-307.1075
12
470.000
22
260.000
32
-306.5510
13
460.000
23
260.000
33
-307.3786
0
3DFACE
8
C2
10
470.000
20
250.000
30
-307.1075
11
480.000
21
250.000
31
-305.9950
12
480.000
22
260.000
32
-305.6241
13
470.000
23
260.000
33
-306.5510
0
3DFACE
8
C2
10
480.000
20
250.000
30
-305.9950
11
490.000
21
250.000
31
-304.8226
12
490.000
22
260.000
32
-304.3947
13
480.000
23
260.000
33
-305.6241
0
3DFACE
8
C2
10
490.000
20
250.000
30
-304.8226
11
500.000
21
250.000
31
-304.0550
12
500.000
22
260.000
32
-303.7454
13
490.000
23
260.000
33
-304.3947
0
3DFACE
8
C2
10
500.000
20
250.000
30
-304.0550
11
510.000
21
250.000
31
-303.1809
12
510.000
22
260.000
32
-303.1431
13
500.000
23
260.000
33
-303.7454
0
3DFACE
8
C2
10
510.000
20
250.000
30
-303.1809
11
520.000
21
250.000
31
-302.2379
12
520.000
22
260.000
32
-302.6220
13
510.000
23
260.000
33
-303.1431
0
3DFACE
8
C2
10
520.000
20
250.000
30
-302.2379
11
530.000
21
250.000
31
-301.8615
12
530.000
22
260.000
32
-302.4526
13
520.000
23
260.000
33
-302.6220
0
3DFACE
8
C2
10
530.000
20
250.000
30
-301.8615
11
540.000
21
250.000
31
-302.0672
12
540.000
22
260.000
32
-302.5624
13
530.000
23
260.000
33
-302.4526
0
3DFACE
8
C2
10
540.000
20
250.000
30
-302.0672
11
550.000
21
250.000
31
-301.9096
12
550.000
22
260.000
32
-302.3611
13
540.000
23
260.000
33
-302.5624
0
3DFACE
8
C2
10
550.000
20
250.000
30
-301.9096
11
560.000
21
250.000
31
-301.1317
12
560.000
22
260.000
32
-301.6404
13
550.000
23
260.000
33
-302.3611
0
3DFACE
8
C2
10
560.000
20
250.000
30
-301.1317
11
570.000
21
250.000
31
-300.0028
12
570.000
22
260.000
32
-300.7198
13
560.000
23
260.000
33
-301.6404
0
3DFACE
8
C2
10
570.000
20
250.000
30
-300.0028
11
580.000
21
250.000
31
-298.9176
12
580.000
22
260.000
32
-299.5360
13
570.000
23
260.000
33
-300.7198
0
3DFACE
8
C2
10
580.000
20
250.000
30
-298.9176
11
590.000
21
250.000
31
-297.8323
12
590.000
22
260.000
32
-298.1366
13
580.000
23
260.000
33
-299.5360
0
3DFACE
8
C2
10
590.000
20
250.000
30
-297.8323
11
600.000
21
250.000
31
-296.3866
12
600.000
22
260.000
32
-296.4742
13
590.000
23
260.000
33
-298.1366
0
3DFACE
8
C2
10
600.000
20
250.000
30
-296.3866
11
610.000
21
250.000
31
-294.8489
12
610.000
22
260.000
32
-294.8740
13
600.000
23
260.000
33
-296.4742
0
3DFACE
8
C2
10
610.000
20
250.000
30
-294.8489
11
620.000
21
250.000
31
-293.6352
12
620.000
22
260.000
32
-293.6306
13
610.000
23
260.000
33
-294.8740
0
3DFACE
8
C2
10
620.000
20
250.000
30
-293.6352
11
630.000
21
250.000
31
-292.2407
12
630.000
22
260.000
32
-292.1597
13
620.000
23
260.000
33
-293.6306
0
3DFACE
8
C2
10
630.000
20
250.000
30
-292.2407
11
640.000
21
250.000
31
-290.9156
12
640.000
22
260.000
32
-290.6095
13
630.000
23
260.000
33
-292.1597
0
3DFACE
8
C2
10
640.000
20
250.000
30
-290.9156
11
650.000
21
250.000
31
-290.2283
12
650.000
22
260.000
32
-289.9159
13
640.000
23
260.000
33
-290.6095
0
3DFACE
8
C2
10
650.000
20
250.000
30
-290.2283
11
660.000
21
250.000
31
-290.6297
12
660.000
22
260.000
32
-290.4057
13
650.000
23
260.000
33
-289.9159
0
3DFACE
8
C2
10
660.000
20
250.000
30
-290.6297
11
670.000
21
250.000
31
-292.3413
12
670.000
22
260.000
32
-292.4428
13
660.000
23
260.000
33
-290.4057
0
3DFACE
8
C2
10
670.000
20
250.000
30
-292.3413
11
680.000
21
250.000
31
-293.9356
12
680.000
22
260.000
32
-294.3595
13
670.000
23
260.000
33
-292.4428
0
3DFACE
8
C2
10
680.000
20
250.000
30
-293.9356
11
690.000
21
250.000
31
-295.1976
12
690.000
22
260.000
32
-295.9203
13
680.000
23
260.000
33
-294.3595
0
3DFACE
8
C2
10
690.000
20
250.000
30
-295.1976
11
700.000
21
250.000
31
-296.9067
12
700.000
22
260.000
32
-297.9148
13
690.000
23
260.000
33
-295.9203
0
3DFACE
8
C2
10
0.000
20
260.000
30
-302.2419
11
10.000
21
260.000
31
-302.2117
12
10.000
22
270.000
32
-303.0555
13
0.000
23
270.000
33
-303.2040
0
3DFACE
8
C2
10
10.000
20
260.000
30
-302.2117
11
20.000
21
260.000
31
-301.4280
12
20.000
22
270.000
32
-302.2308
13
10.000
23
270.000
33
-303.0555
0
3DFACE
8
C2
10
20.000
20
260.000
30
-301.4280
11
30.000
21
260.000
31
-301.1397
12
30.000
22
270.000
32
-301.8472
13
20.000
23
270.000
33
-302.2308
0
3DFACE
8
C2
10
30.000
20
260.000
30
-301.1397
11
40.000
21
260.000
31
-301.1570
12
40.000
22
270.000
32
-301.7487
13
30.000
23
270.000
33
-301.8472
0
3DFACE
8
C2
10
40.000
20
260.000
30
-301.1570
11
50.000
21
260.000
31
-300.6545
12
50.000
22
270.000
32
-301.2112
13
40.000
23
270.000
33
-301.7487
0
3DFACE
8
C2
10
50.000
20
260.000
30
-300.6545
11
60.000
21
260.000
31
-299.6486
12
60.000
22
270.000
32
-300.1840
13
50.000
23
270.000
33
-301.2112
0
3DFACE
8
C2
10
60.000
20
260.000
30
-299.6486
11
70.000
21
260.000
31
-298.2494
12
70.000
22
270.000
32
-298.8846
13
60.000
23
270.000
33
-300.1840
0
3DFACE
8
C2
10
70.000
20
260.000
30
-298.2494
11
80.000
21
260.000
31
-297.8439
12
80.000
22
270.000
32
-298.5242
13
70.000
23
270.000
33
-298.8846
0
3DFACE
8
C2
10
80.000
20
260.000
30
-297.8439
11
90.000
21
260.000
31
-298.5394
12
90.000
22
270.000
32
-299.1434
13
80.000
23
270.000
33
-298.5242
0
3DFACE
8
C2
10
90.000
20
260.000
30
-298.5394
11
100.000
21
260.000
31
-298.7224
12
100.000
22
270.000
32
-299.2558
13
90.000
23
270.000
33
-299.1434
0
3DFACE
8
C2
10
100.000
20
260.000
30
-298.7224
11
110.000
21
260.000
31
-298.2524
12
110.000
22
270.000
32
-298.6836
13
100.000
23
270.000
33
-299.2558
0
3DFACE
8
C2
10
110.000
20
260.000
30
-298.2524
11
120.000
21
260.000
31
-297.1934
12
120.000
22
270.000
32
-297.5544
13
110.000
23
270.000
33
-298.6836
0
3DFACE
8
C2
10
120.000
20
260.000
30
-297.1934
11
130.000
21
260.000
31
-297.1615
12
130.000
22
270.000
32
-297.3690
13
120.000
23
270.000
33
-297.5544
0
3DFACE
8
C2
10
130.000
20
260.000
30
-297.1615
11
140.000
21
260.000
31
-298.0617
12
140.000
22
270.000
32
-298.0678
13
130.000
23
270.000
33
-297.3690
0
3DFACE
8
C2
10
140.000
20
260.000
30
-298.0617
11
150.000
21
260.000
31
-298.6107
12
150.000
22
270.000
32
-298.4722
13
140.000
23
270.000
33
-298.0678
0
3DFACE
8
C2
10
150.000
20
260.000
30
-298.6107
11
160.000
21
260.000
31
-298.8189
12
160.000
22
270.000
32
-298.5498
13
150.000
23
270.000
33
-298.4722
0
3DFACE
8
C2
10
160.000
20
260.000
30
-298.8189
11
170.000
21
260.000
31
-299.1114
12
170.000
22
270.000
32
-298.7284
13
160.000
23
270.000
33
-298.5498
0
3DFACE
8
C2
10
170.000
20
260.000
30
-299.1114
11
180.000
21
260.000
31
-299.9695
12
180.000
22
270.000
32
-299.5238
13
170.000
23
270.000
33
-298.7284
0
3DFACE
8
C2
10
180.000
20
260.000
30
-299.9695
11
190.000
21
260.000
31
-301.6782
12
190.000
22
270.000
32
-301.0490
13
180.000
23
270.000
33
-299.5238
0
3DFACE
8
C2
10
190.000
20
260.000
30
-301.6782
11
200.000
21
260.000
31
-303.3095
12
200.000
22
270.000
32
-302.4658
13
190.000
23
270.000
33
-301.0490
0
3DFACE
8
C2
10
200.000
20
260.000
30
-303.3095
11
210.000
21
260.000
31
-305.2647
12
210.000
22
270.000
32
-304.1065
13
200.000
23
270.000
33
-302.4658
0
3DFACE
8
C2
10
210.000
20
260.000
30
-305.2647
11
220.000
21
260.000
31
-307.9719
12
220.000
22
270.000
32
-306.3774
13
210.000
23
270.000
33
-304.1065
0
3DFACE
8
C2
10
220.000
20
260.000
30
-307.9719
11
230.000
21
260.000
31
-309.8895
12
230.000
22
270.000
32
-308.0081
13
220.000
23
270.000
33
-306.3774
0
3DFACE
8
C2
10
230.000
20
260.000
30
-309.8895
11
240.000
21
260.000
31
-311.4346
12
240.000
22
270.000
32
-309.3456
13
230.000
23
270.000
33
-308.0081
0
3DFACE
8
C2
10
240.000
20
260.000
30
-311.4346
11
250.000
21
260.000
31
-312.5025
12
250.000
22
270.000
32
-310.2540
13
240.000
23
270.000
33
-309.3456
0
3DFACE
8
C2
10
250.000
20
260.000
30
-312.5025
11
260.000
21
260.000
31
-313.3207
12
260.000
22
270.000
32
-311.0405
13
250.000
23
270.000
33
-310.2540
0
3DFACE
8
C2
10
260.000
20
260.000
30
-313.3207
11
270.000
21
260.000
31
-313.9191
12
270.000
22
270.000
32
-311.6632
13
260.000
23
270.000
33
-311.0405
0
3DFACE
8
C2
10
270.000
20
260.000
30
-313.9191
11
280.000
21
260.000
31
-313.5105
12
280.000
22
270.000
32
-311.3905
13
270.000
23
270.000
33
-311.6632
0
3DFACE
8
C2
10
280.000
20
260.000
30
-313.5105
11
290.000
21
260.000
31
-312.0417
12
290.000
22
270.000
32
-310.2152
13
280.000
23
270.000
33
-311.3905
0
3DFACE
8
C2
10
290.000
20
260.000
30
-312.0417
11
300.000
21
260.000
31
-311.1956
12
300.000
22
270.000
32
-309.5701
13
290.000
23
270.000
33
-310.2152
0
3DFACE
8
C2
10
300.000
20
260.000
30
-311.1956
11
310.000
21
260.000
31
-310.5610
12
310.000
22
270.000
32
-309.1160
13
300.000
23
270.000
33
-309.5701
0
3DFACE
8
C2
10
310.000
20
260.000
30
-310.5610
11
320.000
21
260.000
31
-310.6599
12
320.000
22
270.000
32
-309.2851
13
310.000
23
270.000
33
-309.1160
0
3DFACE
8
C2
10
320.000
20
260.000
30
-310.6599
11
330.000
21
260.000
31
-310.1957
12
330.000
22
270.000
32
-308.9147
13
320.000
23
270.000
33
-309.2851
0
3DFACE
8
C2
10
330.000
20
260.000
30
-310.1957
11
340.000
21
260.000
31
-309.1802
12
340.000
22
270.000
32
-308.0101
13
330.000
23
270.000
33
-308.9147
0
3DFACE
8
C2
10
340.000
20
260.000
30
-309.1802
11
350.000
21
260.000
31
-308.4341
12
350.000
22
270.000
32
-307.3359
13
340.000
23
270.000
33
-308.0101
0
3DFACE
8
C2
10
350.000
20
260.000
30
-308.4341
11
360.000
21
260.000
31
-307.9402
12
360.000
22
270.000
32
-306.8795
13
350.000
23
270.000
33
-307.3359
0
3DFACE
8
C2
10
360.000
20
260.000
30
-307.9402
11
370.000
21
260.000
31
-307.7783
12
370.000
22
270.000
32
-306.6630
13
360.000
23
270.000
33
-306.8795
0
3DFACE
8
C2
10
370.000
20
260.000
30
-307.7783
11
380.000
21
260.000
31
-307.5075
12
380.000
22
270.000
32
-306.3074
13
370.000
23
270.000
33
-306.6630
0
3DFACE
8
C2
10
380.000
20
260.000
30
-307.5075
11
390.000
21
260.000
31
-306.6374
12
390.000
22
270.000
32
-305.3945
13
380.000
23
270.000
33
-306.3074
0
3DFACE
8
C2
10
390.000
20
260.000
30
-306.6374
11
400.000
21
260.000
31
-306.4754
12
400.000
22
270.000
32
-305.0981
13
390.000
23
270.000
33
-305.3945
0
3DFACE
8
C2
10
400.000
20
260.000
30
-306.4754
11
410.000
21
260.000
31
-306.8983
12
410.000
22
270.000
32
-305.3738
13
400.000
23
270.000
33
-305.0981
0
3DFACE
8
C2
10
410.000
20
260.000
30
-306.8983
11
420.000
21
260.000
31
-307.9774
12
420.000
22
270.000
32
-306.2950
13
410.000
23
270.000
33
-305.3738
0
3DFACE
8
C2
10
420.000
20
260.000
30
-307.9774
11
430.000
21
260.000
31
-308.3957
12
430.000
22
270.000
32
-306.6209
13
420.000
23
270.000
33
-306.2950
0
3DFACE
8
C2
10
430.000
20
260.000
30
-308.3957
11
440.000
21
260.000
31
-308.2318
12
440.000
22
270.000
32
-306.4736
13
430.000
23
270.000
33
-306.6209
0
3DFACE
8
C2
10
440.000
20
260.000
30
-308.2318
11
450.000
21
260.000
31
-307.8742
12
450.000
22
270.000
32
-306.1991
13
440.000
23
270.000
33
-306.4736
0
3DFACE
8
C2
10
450.000
20
260.000
30
-307.8742
11
460.000
21
260.000
31
-307.3786
12
460.000
22
270.000
32
-305.9489
13
450.000
23
270.000
33
-306.1991
0
3DFACE
8
C2
10
460.000
20
260.000
30
-307.3786
11
470.000
21
260.000
31
-306.5510
12
470.000
22
270.000
32
-305.5685
13
460.000
23
270.000
33
-305.9489
0
3DFACE
8
C2
10
470.000
20
260.000
30
-306.5510
11
480.000
21
260.000
31
-305.6241
12
480.000
22
270.000
32
-305.0518
13
470.000
23
270.000
33
-305.5685
0
3DFACE
8
C2
10
480.000
20
260.000
30
-305.6241
11
490.000
21
260.000
31
-304.3947
12
490.000
22
270.000
32
-304.1733
13
480.000
23
270.000
33
-305.0518
0
3DFACE
8
C2
10
490.000
20
260.000
30
-304.3947
11
500.000
21
260.000
31
-303.7454
12
500.000
22
270.000
32
-303.8332
13
490.000
23
270.000
33
-304.1733
0
3DFACE
8
C2
10
500.000
20
260.000
30
-303.7454
11
510.000
21
260.000
31
-303.1431
12
510.000
22
270.000
32
-303.6232
13
500.000
23
270.000
33
-303.8332
0
3DFACE
8
C2
10
510.000
20
260.000
30
-303.1431
11
520.000
21
260.000
31
-302.6220
12
520.000
22
270.000
32
-303.5408
13
510.000
23
270.000
33
-303.6232
0
3DFACE
8
C2
10
520.000
20
260.000
30
-302.6220
11
530.000
21
260.000
31
-302.4526
12
530.000
22
270.000
32
-303.5801
13
520.000
23
270.000
33
-303.5408
0
3DFACE
8
C2
10
530.000
20
260.000
30
-302.4526
11
540.000
21
260.000
31
-302.5624
12
540.000
22
270.000
32
-303.6138
13
530.000
23
270.000
33
-303.5801
0
3DFACE
8
C2
10
540.000
20
260.000
30
-302.5624
11
550.000
21
260.000
31
-302.3611
12
550.000
22
270.000
32
-303.2703
13
540.000
23
270.000
33
-303.6138
0
3DFACE
8
C2
10
550.000
20
260.000
30
-302.3611
11
560.000
21
260.000
31
-301.6404
12
560.000
22
270.000
32
-302.5523
13
550.000
23
270.000
33
-303.2703
0
3DFACE
8
C2
10
560.000
20
260.000
30
-301.6404
11
570.000
21
260.000
31
-300.7198
12
570.000
22
270.000
32
-301.6138
13
560.000
23
270.000
33
-302.5523
0
3DFACE
8
C2
10
570.000
20
260.000
30
-300.7198
11
580.000
21
260.000
31
-299.5360
12
580.000
22
270.000
32
-300.2343
13
570.000
23
270.000
33
-301.6138
0
3DFACE
8
C2
10
580.000
20
260.000
30
-299.5360
11
590.000
21
260.000
31
-298.1366
12
590.000
22
270.000
32
-298.5286
13
580.000
23
270.000
33
-300.2343
0
3DFACE
8
C2
10
590.000
20
260.000
30
-298.1366
11
600.000
21
260.000
31
-296.4742
12
600.000
22
270.000
32
-296.6397
13
590.000
23
270.000
33
-298.5286
0
3DFACE
8
C2
10
600.000
20
260.000
30
-296.4742
11
610.000
21
260.000
31
-294.8740
12
610.000
22
270.000
32
-294.8989
13
600.000
23
270.000
33
-296.6397
0
3DFACE
8
C2
10
610.000
20
260.000
30
-294.8740
11
620.000
21
260.000
31
-293.6306
12
620.000
22
270.000
32
-293.5822
13
610.000
23
270.000
33
-294.8989
0
3DFACE
8
C2
10
620.000
20
260.000
30
-293.6306
11
630.000
21
260.000
31
-292.1597
12
630.000
22
270.000
32
-292.0561
13
620.000
23
270.000
33
-293.5822
0
3DFACE
8
C2
10
630.000
20
260.000
30
-292.1597
11
640.000
21
260.000
31
-290.6095
12
640.000
22
270.000
32
-290.5066
13
630.000
23
270.000
33
-292.0561
0
3DFACE
8
C2
10
640.000
20
260.000
30
-290.6095
11
650.000
21
260.000
31
-289.9159
12
650.000
22
270.000
32
-289.8621
13
640.000
23
270.000
33
-290.5066
0
3DFACE
8
C2
10
650.000
20
260.000
30
-289.9159
11
660.000
21
260.000
31
-290.4057
12
660.000
22
270.000
32
-290.3207
13
650.000
23
270.000
33
-289.8621
0
3DFACE
8
C2
10
660.000
20
260.000
30
-290.4057
11
670.000
21
260.000
31
-292.4428
12
670.000
22
270.000
32
-292.6869
13
660.000
23
270.000
33
-290.3207
0
3DFACE
8
C2
10
670.000
20
260.000
30
-292.4428
11
680.000
21
260.000
31
-294.3595
12
680.000
22
270.000
32
-294.9506
13
670.000
23
270.000
33
-292.6869
0
3DFACE
8
C2
10
680.000
20
260.000
30
-294.3595
11
690.000
21
260.000
31
-295.9203
12
690.000
22
270.000
32
-296.9148
13
680.000
23
270.000
33
-294.9506
0
3DFACE
8
C2
10
690.000
20
260.000
30
-295.9203
11
700.000
21
260.000
31
-297.9148
12
700.000
22
270.000
32
-299.2279
13
690.000
23
270.000
33
-296.9148
0
3DFACE
8
C2
10
0.000
20
270.000
30
-303.2040
11
10.000
21
270.000
31
-303.0555
12
10.000
22
280.000
32
-302.8923
13
0.000
23
280.000
33
-303.1199
0
3DFACE
8
C2
10
10.000
20
270.000
30
-303.0555
11
20.000
21
270.000
31
-302.2308
12
20.000
22
280.000
32
-302.0676
13
10.000
23
280.000
33
-302.8923
0
3DFACE
8
C2
10
20.000
20
270.000
30
-302.2308
11
30.000
21
270.000
31
-301.8472
12
30.000
22
280.000
32
-301.6416
13
20.000
23
280.000
33
-302.0676
0
3DFACE
8
C2
10
30.000
20
270.000
30
-301.8472
11
40.000
21
270.000
31
-301.7487
12
40.000
22
280.000
32
-301.5483
13
30.000
23
280.000
33
-301.6416
0
3DFACE
8
C2
10
40.000
20
270.000
30
-301.7487
11
50.000
21
270.000
31
-301.2112
12
50.000
22
280.000
32
-301.0562
13
40.000
23
280.000
33
-301.5483
0
3DFACE
8
C2
10
50.000
20
270.000
30
-301.2112
11
60.000
21
270.000
31
-300.1840
12
60.000
22
280.000
32
-300.0380
13
50.000
23
280.000
33
-301.0562
0
3DFACE
8
C2
10
60.000
20
270.000
30
-300.1840
11
70.000
21
270.000
31
-298.8846
12
70.000
22
280.000
32
-298.7580
13
60.000
23
280.000
33
-300.0380
0
3DFACE
8
C2
10
70.000
20
270.000
30
-298.8846
11
80.000
21
270.000
31
-298.5242
12
80.000
22
280.000
32
-298.4695
13
70.000
23
280.000
33
-298.7580
0
3DFACE
8
C2
10
80.000
20
270.000
30
-298.5242
11
90.000
21
270.000
31
-299.1434
12
90.000
22
280.000
32
-299.1186
13
80.000
23
280.000
33
-298.4695
0
3DFACE
8
C2
10
90.000
20
270.000
30
-299.1434
11
100.000
21
270.000
31
-299.2558
12
100.000
22
280.000
32
-299.2177
13
90.000
23
280.000
33
-299.1186
0
3DFACE
8
C2
10
100.000
20
270.000
30
-299.2558
11
110.000
21
270.000
31
-298.6836
12
110.000
22
280.000
32
-298.4988
13
100.000
23
280.000
33
-299.2177
0
3DFACE
8
C2
10
110.000
20
270.000
30
-298.6836
11
120.000
21
270.000
31
-297.5544
12
120.000
22
280.000
32
-297.2187
13
110.000
23
280.000
33
-298.4988
0
3DFACE
8
C2
10
120.000
20
270.000
30
-297.5544
11
130.000
21
270.000
31
-297.3690
12
130.000
22
280.000
32
-296.9150
13
120.000
23
280.000
33
-297.2187
0
3DFACE
8
C2
10
130.000
20
270.000
30
-297.3690
11
140.000
21
270.000
31
-298.0678
12
140.000
22
280.000
32
-297.5617
13
130.000
23
280.000
33
-296.9150
0
3DFACE
8
C2
10
140.000
20
270.000
30
-298.0678
11
150.000
21
270.000
31
-298.4722
12
150.000
22
280.000
32
-297.9330
13
140.000
23
280.000
33
-297.5617
0
3DFACE
8
C2
10
150.000
20
270.000
30
-298.4722
11
160.000
21
270.000
31
-298.5498
12
160.000
22
280.000
32
-297.8907
13
150.000
23
280.000
33
-297.9330
0
3DFACE
8
C2
10
160.000
20
270.000
30
-298.5498
11
170.000
21
270.000
31
-298.7284
12
170.000
22
280.000
32
-297.9905
13
160.000
23
280.000
33
-297.8907
0
3DFACE
8
C2
10
170.000
20
270.000
30
-298.7284
11
180.000
21
270.000
31
-299.5238
12
180.000
22
280.000
32
-298.8132
13
170.000
23
280.000
33
-297.9905
0
3DFACE
8
C2
10
180.000
20
270.000
30
-299.5238
11
190.000
21
270.000
31
-301.0490
12
190.000
22
280.000
32
-300.3823
13
180.000
23
280.000
33
-298.8132
0
3DFACE
8
C2
10
190.000
20
270.000
30
-301.0490
11
200.000
21
270.000
31
-302.4658
12
200.000
22
280.000
32
-301.7827
13
190.000
23
280.000
33
-300.3823
0
3DFACE
8
C2
10
200.000
20
270.000
30
-302.4658
11
210.000
21
270.000
31
-304.1065
12
210.000
22
280.000
32
-303.2340
13
200.000
23
280.000
33
-301.7827
0
3DFACE
8
C2
10
210.000
20
270.000
30
-304.1065
11
220.000
21
270.000
31
-306.3774
12
220.000
22
280.000
32
-305.1035
13
210.000
23
280.000
33
-303.2340
0
3DFACE
8
C2
10
220.000
20
270.000
30
-306.3774
11
230.000
21
270.000
31
-308.0081
12
230.000
22
280.000
32
-306.5809
13
220.000
23
280.000
33
-305.1035
0
3DFACE
8
C2
10
230.000
20
270.000
30
-308.0081
11
240.000
21
270.000
31
-309.3456
12
240.000
22
280.000
32
-307.8955
13
230.000
23
280.000
33
-306.5809
0
3DFACE
8
C2
10
240.000
20
270.000
30
-309.3456
11
250.000
21
270.000
31
-310.2540
12
250.000
22
280.000
32
-308.8041
13
240.000
23
280.000
33
-307.8955
0
3DFACE
8
C2
10
250.000
20
270.000
30
-310.2540
11
260.000
21
270.000
31
-311.0405
12
260.000
22
280.000
32
-309.5806
13
250.000
23
280.000
33
-308.8041
0
3DFACE
8
C2
10
260.000
20
270.000
30
-311.0405
11
270.000
21
270.000
31
-311.6632
12
270.000
22
280.000
32
-310.2113
13
260.000
23
280.000
33
-309.5806
0
3DFACE
8
C2
10
270.000
20
270.000
30
-311.6632
11
280.000
21
270.000
31
-311.3905
12
280.000
22
280.000
32
-310.0109
13
270.000
23
280.000
33
-310.2113
0
3DFACE
8
C2
10
280.000
20
270.000
30
-311.3905
11
290.000
21
270.000
31
-310.2152
12
290.000
22
280.000
32
-309.1156
13
280.000
23
280.000
33
-310.0109
0
3DFACE
8
C2
10
290.000
20
270.000
30
-310.2152
11
300.000
21
270.000
31
-309.5701
12
300.000
22
280.000
32
-308.5770
13
290.000
23
280.000
33
-309.1156
0
3DFACE
8
C2
10
300.000
20
270.000
30
-309.5701
11
310.000
21
270.000
31
-309.1160
12
310.000
22
280.000
32
-308.1469
13
300.000
23
280.000
33
-308.5770
0
3DFACE
8
C2
10
310.000
20
270.000
30
-309.1160
11
320.000
21
270.000
31
-309.2851
12
320.000
22
280.000
32
-308.2803
13
310.000
23
280.000
33
-308.1469
0
3DFACE
8
C2
10
320.000
20
270.000
30
-309.2851
11
330.000
21
270.000
31
-308.9147
12
330.000
22
280.000
32
-307.9058
13
320.000
23
280.000
33
-308.2803
0
3DFACE
8
C2
10
330.000
20
270.000
30
-308.9147
11
340.000
21
270.000
31
-308.0101
12
340.000
22
280.000
32
-307.0292
13
330.000
23
280.000
33
-307.9058
0
3DFACE
8
C2
10
340.000
20
270.000
30
-308.0101
11
350.000
21
270.000
31
-307.3359
12
350.000
22
280.000
32
-306.3881
13
340.000
23
280.000
33
-307.0292
0
3DFACE
8
C2
10
350.000
20
270.000
30
-307.3359
11
360.000
21
270.000
31
-306.8795
12
360.000
22
280.000
32
-305.9984
13
350.000
23
280.000
33
-306.3881
0
3DFACE
8
C2
10
360.000
20
270.000
30
-306.8795
11
370.000
21
270.000
31
-306.6630
12
370.000
22
280.000
32
-305.8289
13
360.000
23
280.000
33
-305.9984
0
3DFACE
8
C2
10
370.000
20
270.000
30
-306.6630
11
380.000
21
270.000
31
-306.3074
12
380.000
22
280.000
32
-305.4837
13
370.000
23
280.000
33
-305.8289
0
3DFACE
8
C2
10
380.000
20
270.000
30
-306.3074
11
390.000
21
270.000
31
-305.3945
12
390.000
22
280.000
32
-304.5370
13
380.000
23
280.000
33
-305.4837
0
3DFACE
8
C2
10
390.000
20
270.000
30
-305.3945
11
400.000
21
270.000
31
-305.0981
12
400.000
22
280.000
32
-304.1638
13
390.000
23
280.000
33
-304.5370
0
3DFACE
8
C2
10
400.000
20
270.000
30
-305.0981
11
410.000
21
270.000
31
-305.3738
12
410.000
22
280.000
32
-304.4641
13
400.000
23
280.000
33
-304.1638
0
3DFACE
8
C2
10
410.000
20
270.000
30
-305.3738
11
420.000
21
270.000
31
-306.2950
12
420.000
22
280.000
32
-305.5140
13
410.000
23
280.000
33
-304.4641
0
3DFACE
8
C2
10
420.000
20
270.000
30
-306.2950
11
430.000
21
270.000
31
-306.6209
12
430.000
22
280.000
32
-305.8568
13
420.000
23
280.000
33
-305.5140
0
3DFACE
8
C2
10
430.000
20
270.000
30
-306.6209
11
440.000
21
270.000
31
-306.4736
12
440.000
22
280.000
32
-305.6618
13
430.000
23
280.000
33
-305.8568
0
3DFACE
8
C2
10
440.000
20
270.000
30
-306.4736
11
450.000
21
270.000
31
-306.1991
12
450.000
22
280.000
32
-305.3836
13
440.000
23
280.000
33
-305.6618
0
3DFACE
8
C2
10
450.000
20
270.000
30
-306.1991
11
460.000
21
270.000
31
-305.9489
12
460.000
22
280.000
32
-305.2939
13
450.000
23
280.000
33
-305.3836
0
3DFACE
8
C2
10
460.000
20
270.000
30
-305.9489
11
470.000
21
270.000
31
-305.5685
12
470.000
22
280.000
32
-305.1885
13
460.000
23
280.000
33
-305.2939
0
3DFACE
8
C2
10
470.000
20
270.000
30
-305.5685
11
480.000
21
270.000
31
-305.0518
12
480.000
22
280.000
32
-304.8397
13
470.000
23
280.000
33
-305.1885
0
3DFACE
8
C2
10
480.000
20
270.000
30
-305.0518
11
490.000
21
270.000
31
-304.1733
12
490.000
22
280.000
32
-303.9751
13
480.000
23
280.000
33
-304.8397
0
3DFACE
8
C2
10
490.000
20
270.000
30
-304.1733
11
500.000
21
270.000
31
-303.8332
12
500.000
22
280.000
32
-303.7034
13
490.000
23
280.000
33
-303.9751
0
3DFACE
8
C2
10
500.000
20
270.000
30
-303.8332
11
510.000
21
270.000
31
-303.6232
12
510.000
22
280.000
32
-303.7277
13
500.000
23
280.000
33
-303.7034
0
3DFACE
8
C2
10
510.000
20
270.000
30
-303.6232
11
520.000
21
270.000
31
-303.5408
12
520.000
22
280.000
32
-304.0191
13
510.000
23
280.000
33
-303.7277
0
3DFACE
8
C2
10
520.000
20
270.000
30
-303.5408
11
530.000
21
270.000
31
-303.5801
12
530.000
22
280.000
32
-304.2272
13
520.000
23
280.000
33
-304.0191
0
3DFACE
8
C2
10
530.000
20
270.000
30
-303.5801
11
540.000
21
270.000
31
-303.6138
12
540.000
22
280.000
32
-304.1645
13
530.000
23
280.000
33
-304.2272
0
3DFACE
8
C2
10
540.000
20
270.000
30
-303.6138
11
550.000
21
270.000
31
-303.2703
12
550.000
22
280.000
32
-303.7578
13
540.000
23
280.000
33
-304.1645
0
3DFACE
8
C2
10
550.000
20
270.000
30
-303.2703
11
560.000
21
270.000
31
-302.5523
12
560.000
22
280.000
32
-303.1329
13
550.000
23
280.000
33
-303.7578
0
3DFACE
8
C2
10
560.000
20
270.000
30
-302.5523
11
570.000
21
270.000
31
-301.6138
12
570.000
22
280.000
32
-302.3689
13
560.000
23
280.000
33
-303.1329
0
3DFACE
8
C2
10
570.000
20
270.000
30
-301.6138
11
580.000
21
270.000
31
-300.2343
12
580.000
22
280.000
32
-301.0227
13
570.000
23
280.000
33
-302.3689
0
3DFACE
8
C2
10
580.000
20
270.000
30
-300.2343
11
590.000
21
270.000
31
-298.5286
12
590.000
22
280.000
32
-299.1294
13
580.000
23
280.000
33
-301.0227
0
3DFACE
8
C2
10
590.000
20
270.000
30
-298.5286
11
600.000
21
270.000
31
-296.6397
12
600.000
22
280.000
32
-297.0973
13
590.000
23
280.000
33
-299.1294
0
3DFACE
8
C2
10
600.000
20
270.000
30
-296.6397
11
610.000
21
270.000
31
-294.8989
12
610.000
22
280.000
32
-295.3808
13
600.000
23
280.000
33
-297.0973
0
3DFACE
8
C2
10
610.000
20
270.000
30
-294.8989
11
620.000
21
270.000
31
-293.5822
12
620.000
22
280.000
32
-293.9442
13
610.000
23
280.000
33
-295.3808
0
3DFACE
8
C2
10
620.000
20
270.000
30
-293.5822
11
630.000
21
270.000
31
-292.0561
12
630.000
22
280.000
32
-292.3530
13
620.000
23
280.000
33
-293.9442
0
3DFACE
8
C2
10
630.000
20
270.000
30
-292.0561
11
640.000
21
270.000
31
-290.5066
12
640.000
22
280.000
32
-290.7040
13
630.000
23
280.000
33
-292.3530
0
3DFACE
8
C2
10
640.000
20
270.000
30
-290.5066
11
650.000
21
270.000
31
-289.8621
12
650.000
22
280.000
32
-290.0851
13
640.000
23
280.000
33
-290.7040
0
3DFACE
8
C2
10
650.000
20
270.000
30
-289.8621
11
660.000
21
270.000
31
-290.3207
12
660.000
22
280.000
32
-290.7422
13
650.000
23
280.000
33
-290.0851
0
3DFACE
8
C2
10
660.000
20
270.000
30
-290.3207
11
670.000
21
270.000
31
-292.6869
12
670.000
22
280.000
32
-293.4202
13
660.000
23
280.000
33
-290.7422
0
3DFACE
8
C2
10
670.000
20
270.000
30
-292.6869
11
680.000
21
270.000
31
-294.9506
12
680.000
22
280.000
32
-295.9805
13
670.000
23
280.000
33
-293.4202
0
3DFACE
8
C2
10
680.000
20
270.000
30
-294.9506
11
690.000
21
270.000
31
-296.9148
12
690.000
22
280.000
32
-298.3716
13
680.000
23
280.000
33
-295.9805
0
3DFACE
8
C2
10
690.000
20
270.000
30
-296.9148
11
700.000
21
270.000
31
-299.2279
12
700.000
22
280.000
32
-300.9648
13
690.000
23
280.000
33
-298.3716
0
3DFACE
8
C2
10
0.000
20
280.000
30
-303.1199
11
10.000
21
280.000
31
-302.8923
12
10.000
22
290.000
32
-301.8432
13
0.000
23
290.000
33
-302.0273
0
3DFACE
8
C2
10
10.000
20
280.000
30
-302.8923
11
20.000
21
280.000
31
-302.0676
12
20.000
22
290.000
32
-301.0091
13
10.000
23
290.000
33
-301.8432
0
3DFACE
8
C2
10
20.000
20
280.000
30
-302.0676
11
30.000
21
280.000
31
-301.6416
12
30.000
22
290.000
32
-300.6695
13
20.000
23
290.000
33
-301.0091
0
3DFACE
8
C2
10
30.000
20
280.000
30
-301.6416
11
40.000
21
280.000
31
-301.5483
12
40.000
22
290.000
32
-300.7831
13
30.000
23
290.000
33
-300.6695
0
3DFACE
8
C2
10
40.000
20
280.000
30
-301.5483
11
50.000
21
280.000
31
-301.0562
12
50.000
22
290.000
32
-300.4388
13
40.000
23
290.000
33
-300.7831
0
3DFACE
8
C2
10
50.000
20
280.000
30
-301.0562
11
60.000
21
280.000
31
-300.0380
12
60.000
22
290.000
32
-299.3724
13
50.000
23
290.000
33
-300.4388
0
3DFACE
8
C2
10
60.000
20
280.000
30
-300.0380
11
70.000
21
280.000
31
-298.7580
12
70.000
22
290.000
32
-297.9886
13
60.000
23
290.000
33
-299.3724
0
3DFACE
8
C2
10
70.000
20
280.000
30
-298.7580
11
80.000
21
280.000
31
-298.4695
12
80.000
22
290.000
32
-297.7882
13
70.000
23
290.000
33
-297.9886
0
3DFACE
8
C2
10
80.000
20
280.000
30
-298.4695
11
90.000
21
280.000
31
-299.1186
12
90.000
22
290.000
32
-298.6858
13
80.000
23
290.000
33
-297.7882
0
3DFACE
8
C2
10
90.000
20
280.000
30
-299.1186
11
100.000
21
280.000
31
-299.2177
12
100.000
22
290.000
32
-298.9154
13
90.000
23
290.000
33
-298.6858
0
3DFACE
8
C2
10
100.000
20
280.000
30
-299.2177
11
110.000
21
280.000
31
-298.4988
12
110.000
22
290.000
32
-298.0511
13
100.000
23
290.000
33
-298.9154
0
3DFACE
8
C2
10
110.000
20
280.000
30
-298.4988
11
120.000
21
280.000
31
-297.2187
12
120.000
22
290.000
32
-296.4931
13
110.000
23
290.000
33
-298.0511
0
3DFACE
8
C2
10
120.000
20
280.000
30
-297.2187
11
130.000
21
280.000
31
-296.9150
12
130.000
22
290.000
32
-296.1499
13
120.000
23
290.000
33
-296.4931
0
3DFACE
8
C2
10
130.000
20
280.000
30
-296.9150
11
140.000
21
280.000
31
-297.5617
12
140.000
22
290.000
32
-296.9812
13
130.000
23
290.000
33
-296.1499
0
3DFACE
8
C2
10
140.000
20
280.000
30
-297.5617
11
150.000
21
280.000
31
-297.9330
12
150.000
22
290.000
32
-297.4810
13
140.000
23
290.000
33
-296.9812
0
3DFACE
8
C2
10
150.000
20
280.000
30
-297.9330
11
160.000
21
280.000
31
-297.8907
12
160.000
22
290.000
32
-297.3853
13
150.000
23
290.000
33
-297.4810
0
3DFACE
8
C2
10
160.000
20
280.000
30
-297.8907
11
170.000
21
280.000
31
-297.9905
12
170.000
22
290.000
32
-297.4078
13
160.000
23
290.000
33
-297.3853
0
3DFACE
8
C2
10
170.000
20
280.000
30
-297.9905
11
180.000
21
280.000
31
-298.8132
12
180.000
22
290.000
32
-298.2851
13
170.000
23
290.000
33
-297.4078
0
3DFACE
8
C2
10
180.000
20
280.000
30
-298.8132
11
190.000
21
280.000
31
-300.3823
12
190.000
22
290.000
32
-300.1396
13
180.000
23
290.000
33
-298.2851
0
3DFACE
8
C2
10
190.000
20
280.000
30
-300.3823
11
200.000
21
280.000
31
-301.7827
12
200.000
22
290.000
32
-301.7089
13
190.000
23
290.000
33
-300.1396
0
3DFACE
8
C2
10
200.000
20
280.000
30
-301.7827
11
210.000
21
280.000
31
-303.2340
12
210.000
22
290.000
32
-303.1424
13
200.000
23
290.000
33
-301.7089
0
3DFACE
8
C2
10
210.000
20
280.000
30
-303.2340
11
220.000
21
280.000
31
-305.1035
12
220.000
22
290.000
32
-304.9361
13
210.000
23
290.000
33
-303.1424
0
3DFACE
8
C2
10
220.000
20
280.000
30
-305.1035
11
230.000
21
280.000
31
-306.5809
12
230.000
22
290.000
32
-306.4241
13
220.000
23
290.000
33
-304.9361
0
3DFACE
8
C2
10
230.000
20
280.000
30
-306.5809
11
240.000
21
280.000
31
-307.8955
12
240.000
22
290.000
32
-307.8416
13
230.000
23
290.000
33
-306.4241
0
3DFACE
8
C2
10
240.000
20
280.000
30
-307.8955
11
250.000
21
280.000
31
-308.8041
12
250.000
22
290.000
32
-308.8733
13
240.000
23
290.000
33
-307.8416
0
3DFACE
8
C2
10
250.000
20
280.000
30
-308.8041
11
260.000
21
280.000
31
-309.5806
12
260.000
22
290.000
32
-309.5501
13
250.000
23
290.000
33
-308.8733
0
3DFACE
8
C2
10
260.000
20
280.000
30
-309.5806
11
270.000
21
280.000
31
-310.2113
12
270.000
22
290.000
32
-309.9814
13
260.000
23
290.000
33
-309.5501
0
3DFACE
8
C2
10
270.000
20
280.000
30
-310.2113
11
280.000
21
280.000
31
-310.0109
12
280.000
22
290.000
32
-309.6757
13
270.000
23
290.000
33
-309.9814
0
3DFACE
8
C2
10
280.000
20
280.000
30
-310.0109
11
290.000
21
280.000
31
-309.1156
12
290.000
22
290.000
32
-308.6846
13
280.000
23
290.000
33
-309.6757
0
3DFACE
8
C2
10
290.000
20
280.000
30
-309.1156
11
300.000
21
280.000
31
-308.5770
12
300.000
22
290.000
32
-308.0365
13
290.000
23
290.000
33
-308.6846
0
3DFACE
8
C2
10
300.000
20
280.000
30
-308.5770
11
310.000
21
280.000
31
-308.1469
12
310.000
22
290.000
32
-307.4724
13
300.000
23
290.000
33
-308.0365
0
3DFACE
8
C2
10
310.000
20
280.000
30
-308.1469
11
320.000
21
280.000
31
-308.2803
12
320.000
22
290.000
32
-307.3908
13
310.000
23
290.000
33
-307.4724
0
3DFACE
8
C2
10
320.000
20
280.000
30
-308.2803
11
330.000
21
280.000
31
-307.9058
12
330.000
22
290.000
32
-306.9842
13
320.000
23
290.000
33
-307.3908
0
3DFACE
8
C2
10
330.000
20
280.000
30
-307.9058
11
340.000
21
280.000
31
-307.0292
12
340.000
22
290.000
32
-306.1086
13
330.000
23
290.000
33
-306.9842
0
3DFACE
8
C2
10
340.000
20
280.000
30
-307.0292
11
350.000
21
280.000
31
-306.3881
12
350.000
22
290.000
32
-305.4522
13
340.000
23
290.000
33
-306.1086
0
3DFACE
8
C2
10
350.000
20
280.000
30
-306.3881
11
360.000
21
280.000
31
-305.9984
12
360.000
22
290.000
32
-305.1029
13
350.000
23
290.000
33
-305.4522
0
3DFACE
8
C2
10
360.000
20
280.000
30
-305.9984
11
370.000
21
280.000
31
-305.8289
12
370.000
22
290.000
32
-305.0306
13
360.000
23
290.000
33
-305.1029
0
3DFACE
8
C2
10
370.000
20
280.000
30
-305.8289
11
380.000
21
280.000
31
-305.4837
12
380.000
22
290.000
32
-304.6816
13
370.000
23
290.000
33
-305.0306
0
3DFACE
8
C2
10
380.000
20
280.000
30
-305.4837
11
390.000
21
280.000
31
-304.5370
12
390.000
22
290.000
32
-303.7265
13
380.000
23
290.000
33
-304.6816
0
3DFACE
8
C2
10
390.000
20
280.000
30
-304.5370
11
400.000
21
280.000
31
-304.1638
12
400.000
22
290.000
32
-303.3058
13
390.000
23
290.000
33
-303.7265
0
3DFACE
8
C2
10
400.000
20
280.000
30
-304.1638
11
410.000
21
280.000
31
-304.4641
12
410.000
22
290.000
32
-303.7773
13
400.000
23
290.000
33
-303.3058
0
3DFACE
8
C2
10
410.000
20
280.000
30
-304.4641
11
420.000
21
280.000
31
-305.5140
12
420.000
22
290.000
32
-305.1039
13
410.000
23
290.000
33
-303.7773
0
3DFACE
8
C2
10
420.000
20
280.000
30
-305.5140
11
430.000
21
280.000
31
-305.8568
12
430.000
22
290.000
32
-305.5405
13
420.000
23
290.000
33
-305.1039
0
3DFACE
8
C2
10
430.000
20
280.000
30
-305.8568
11
440.000
21
280.000
31
-305.6618
12
440.000
22
290.000
32
-305.2299
13
430.000
23
290.000
33
-305.5405
0
3DFACE
8
C2
10
440.000
20
280.000
30
-305.6618
11
450.000
21
280.000
31
-305.3836
12
450.000
22
290.000
32
-304.8630
13
440.000
23
290.000
33
-305.2299
0
3DFACE
8
C2
10
450.000
20
280.000
30
-305.3836
11
460.000
21
280.000
31
-305.2939
12
460.000
22
290.000
32
-304.8517
13
450.000
23
290.000
33
-304.8630
0
3DFACE
8
C2
10
460.000
20
280.000
30
-305.2939
11
470.000
21
280.000
31
-305.1885
12
470.000
22
290.000
32
-304.8542
13
460.000
23
290.000
33
-304.8517
0
3DFACE
8
C2
10
470.000
20
280.000
30
-305.1885
11
480.000
21
280.000
31
-304.8397
12
480.000
22
290.000
32
-304.4499
13
470.000
23
290.000
33
-304.8542
0
3DFACE
8
C2
10
480.000
20
280.000
30
-304.8397
11
490.000
21
280.000
31
-303.9751
12
490.000
22
290.000
32
-303.3050
13
480.000
23
290.000
33
-304.4499
0
3DFACE
8
C2
10
490.000
20
280.000
30
-303.9751
11
500.000
21
280.000
31
-303.7034
12
500.000
22
290.000
32
-302.8614
13
490.000
23
290.000
33
-303.3050
0
3DFACE
8
C2
10
500.000
20
280.000
30
-303.7034
11
510.000
21
280.000
31
-303.7277
12
510.000
22
290.000
32
-302.9379
13
500.000
23
290.000
33
-302.8614
0
3DFACE
8
C2
10
510.000
20
280.000
30
-303.7277
11
520.000
21
280.000
31
-304.0191
12
520.000
22
290.000
32
-303.3615
13
510.000
23
290.000
33
-302.9379
0
3DFACE
8
C2
10
520.000
20
280.000
30
-304.0191
11
530.000
21
280.000
31
-304.2272
12
530.000
22
290.000
32
-303.5506
13
520.000
23
290.000
33
-303.3615
0
3DFACE
8
C2
10
530.000
20
280.000
30
-304.2272
11
540.000
21
280.000
31
-304.1645
12
540.000
22
290.000
32
-303.3829
13
530.000
23
290.000
33
-303.5506
0
3DFACE
8
C2
10
540.000
20
280.000
30
-304.1645
11
550.000
21
280.000
31
-303.7578
12
550.000
22
290.000
32
-302.8881
13
540.000
23
290.000
33
-303.3829
0
3DFACE
8
C2
10
550.000
20
280.000
30
-303.7578
11
560.000
21
280.000
31
-303.1329
12
560.000
22
290.000
32
-302.4009
13
550.000
23
290.000
33
-302.8881
0
3DFACE
8
C2
10
560.000
20
280.000
30
-303.1329
11
570.000
21
280.000
31
-302.3689
12
570.000
22
290.000
32
-301.8551
13
560.000
23
290.000
33
-302.4009
0
3DFACE
8
C2
10
570.000
20
280.000
30
-302.3689
11
580.000
21
280.000
31
-301.0227
12
580.000
22
290.000
32
-300.6548
13
570.000
23
290.000
33
-301.8551
0
3DFACE
8
C2
10
580.000
20
280.000
30
-301.0227
11
590.000
21
280.000
31
-299.1294
12
590.000
22
290.000
32
-298.8241
13
580.000
23
290.000
33
-300.6548
0
3DFACE
8
C2
10
590.000
20
280.000
30
-299.1294
11
600.000
21
280.000
31
-297.0973
12
600.000
22
290.000
32
-296.9398
13
590.000
23
290.000
33
-298.8241
0
3DFACE
8
C2
10
600.000
20
280.000
30
-297.0973
11
610.000
21
280.000
31
-295.3808
12
610.000
22
290.000
32
-295.5188
13
600.000
23
290.000
33
-296.9398
0
3DFACE
8
C2
10
610.000
20
280.000
30
-295.3808
11
620.000
21
280.000
31
-293.9442
12
620.000
22
290.000
32
-294.3809
13
610.000
23
290.000
33
-295.5188
0
3DFACE
8
C2
10
620.000
20
280.000
30
-293.9442
11
630.000
21
280.000
31
-292.3530
12
630.000
22
290.000
32
-292.9219
13
620.000
23
290.000
33
-294.3809
0
3DFACE
8
C2
10
630.000
20
280.000
30
-292.3530
11
640.000
21
280.000
31
-290.7040
12
640.000
22
290.000
32
-291.2634
13
630.000
23
290.000
33
-292.9219
0
3DFACE
8
C2
10
640.000
20
280.000
30
-290.7040
11
650.000
21
280.000
31
-290.0851
12
650.000
22
290.000
32
-290.7455
13
640.000
23
290.000
33
-291.2634
0
3DFACE
8
C2
10
650.000
20
280.000
30
-290.0851
11
660.000
21
280.000
31
-290.7422
12
660.000
22
290.000
32
-291.8286
13
650.000
23
290.000
33
-290.7455
0
3DFACE
8
C2
10
660.000
20
280.000
30
-290.7422
11
670.000
21
280.000
31
-293.4202
12
670.000
22
290.000
32
-294.7725
13
660.000
23
290.000
33
-291.8286
0
3DFACE
8
C2
10
670.000
20
280.000
30
-293.4202
11
680.000
21
280.000
31
-295.9805
12
680.000
22
290.000
32
-297.4882
13
670.000
23
290.000
33
-294.7725
0
3DFACE
8
C2
10
680.000
20
280.000
30
-295.9805
11
690.000
21
280.000
31
-298.3716
12
690.000
22
290.000
32
-300.0091
13
680.000
23
290.000
33
-297.4882
0
3DFACE
8
C2
10
690.000
20
280.000
30
-298.3716
11
700.000
21
280.000
31
-300.9648
12
700.000
22
290.000
32
-302.7535
13
690.000
23
290.000
33
-300.0091
0
3DFACE
8
C2
10
0.000
20
290.000
30
-302.0273
11
10.000
21
290.000
31
-301.8432
12
10.000
22
300.000
32
-302.0078
13
0.000
23
300.000
33
-302.2010
0
3DFACE
8
C2
10
10.000
20
290.000
30
-301.8432
11
20.000
21
290.000
31
-301.0091
12
20.000
22
300.000
32
-301.1958
13
10.000
23
300.000
33
-302.0078
0
3DFACE
8
C2
10
20.000
20
290.000
30
-301.0091
11
30.000
21
290.000
31
-300.6695
12
30.000
22
300.000
32
-300.8921
13
20.000
23
300.000
33
-301.1958
0
3DFACE
8
C2
10
30.000
20
290.000
30
-300.6695
11
40.000
21
290.000
31
-300.7831
12
40.000
22
300.000
32
-301.1051
13
30.000
23
300.000
33
-300.8921
0
3DFACE
8
C2
10
40.000
20
290.000
30
-300.7831
11
50.000
21
290.000
31
-300.4388
12
50.000
22
300.000
32
-300.8745
13
40.000
23
300.000
33
-301.1051
0
3DFACE
8
C2
10
50.000
20
290.000
30
-300.4388
11
60.000
21
290.000
31
-299.3724
12
60.000
22
300.000
32
-299.8350
13
50.000
23
300.000
33
-300.8745
0
3DFACE
8
C2
10
60.000
20
290.000
30
-299.3724
11
70.000
21
290.000
31
-297.9886
12
70.000
22
300.000
32
-298.4585
13
60.000
23
300.000
33
-299.8350
0
3DFACE
8
C2
10
70.000
20
290.000
30
-297.9886
11
80.000
21
290.000
31
-297.7882
12
80.000
22
300.000
32
-298.3386
13
70.000
23
300.000
33
-298.4585
0
3DFACE
8
C2
10
80.000
20
290.000
30
-297.7882
11
90.000
21
290.000
31
-298.6858
12
90.000
22
300.000
32
-299.3361
13
80.000
23
300.000
33
-298.3386
0
3DFACE
8
C2
10
90.000
20
290.000
30
-298.6858
11
100.000
21
290.000
31
-298.9154
12
100.000
22
300.000
32
-299.6395
13
90.000
23
300.000
33
-299.3361
0
3DFACE
8
C2
10
100.000
20
290.000
30
-298.9154
11
110.000
21
290.000
31
-298.0511
12
110.000
22
300.000
32
-298.7198
13
100.000
23
300.000
33
-299.6395
0
3DFACE
8
C2
10
110.000
20
290.000
30
-298.0511
11
120.000
21
290.000
31
-296.4931
12
120.000
22
300.000
32
-297.0547
13
110.000
23
300.000
33
-298.7198
0
3DFACE
8
C2
10
120.000
20
290.000
30
-296.4931
11
130.000
21
290.000
31
-296.1499
12
130.000
22
300.000
32
-296.6713
13
120.000
23
300.000
33
-297.0547
0
3DFACE
8
C2
10
130.000
20
290.000
30
-296.1499
11
140.000
21
290.000
31
-296.9812
12
140.000
22
300.000
32
-297.5453
13
130.000
23
300.000
33
-296.6713
0
3DFACE
8
C2
10
140.000
20
290.000
30
-296.9812
11
150.000
21
290.000
31
-297.4810
12
150.000
22
300.000
32
-298.0401
13
140.000
23
300.000
33
-297.5453
0
3DFACE
8
C2
10
150.000
20
290.000
30
-297.4810
11
160.000
21
290.000
31
-297.3853
12
160.000
22
300.000
32
-297.8239
13
150.000
23
300.000
33
-298.0401
0
3DFACE
8
C2
10
160.000
20
290.000
30
-297.3853
11
170.000
21
290.000
31
-297.4078
12
170.000
22
300.000
32
-297.6235
13
160.000
23
300.000
33
-297.8239
0
3DFACE
8
C2
10
170.000
20
290.000
30
-297.4078
11
180.000
21
290.000
31
-298.2851
12
180.000
22
300.000
32
-298.4478
13
170.000
23
300.000
33
-297.6235
0
3DFACE
8
C2
10
180.000
20
290.000
30
-298.2851
11
190.000
21
290.000
31
-300.1396
12
190.000
22
300.000
32
-300.3718
13
180.000
23
300.000
33
-298.4478
0
3DFACE
8
C2
10
190.000
20
290.000
30
-300.1396
11
200.000
21
290.000
31
-301.7089
12
200.000
22
300.000
32
-301.8972
13
190.000
23
300.000
33
-300.3718
0
3DFACE
8
C2
10
200.000
20
290.000
30
-301.7089
11
210.000
21
290.000
31
-303.1424
12
210.000
22
300.000
32
-303.0592
13
200.000
23
300.000
33
-301.8972
0
3DFACE
8
C2
10
210.000
20
290.000
30
-303.1424
11
220.000
21
290.000
31
-304.9361
12
220.000
22
300.000
32
-304.3069
13
210.000
23
300.000
33
-303.0592
0
3DFACE
8
C2
10
220.000
20
290.000
30
-304.9361
11
230.000
21
290.000
31
-306.4241
12
230.000
22
300.000
32
-305.6138
13
220.000
23
300.000
33
-304.3069
0
3DFACE
8
C2
10
230.000
20
290.000
30
-306.4241
11
240.000
21
290.000
31
-307.8416
12
240.000
22
300.000
32
-307.0804
13
230.000
23
300.000
33
-305.6138
0
3DFACE
8
C2
10
240.000
20
290.000
30
-307.8416
11
250.000
21
290.000
31
-308.8733
12
250.000
22
300.000
32
-308.0949
13
240.000
23
300.000
33
-307.0804
0
3DFACE
8
C2
10
250.000
20
290.000
30
-308.8733
11
260.000
21
290.000
31
-309.5501
12
260.000
22
300.000
32
-308.6402
13
250.000
23
300.000
33
-308.0949
0
3DFACE
8
C2
10
260.000
20
290.000
30
-309.5501
11
270.000
21
290.000
31
-309.9814
12
270.000
22
300.000
32
-308.8760
13
260.000
23
300.000
33
-308.6402
0
3DFACE
8
C2
10
270.000
20
290.000
30
-309.9814
11
280.000
21
290.000
31
-309.6757
12
280.000
22
300.000
32
-308.5967
13
270.000
23
300.000
33
-308.8760
0
3DFACE
8
C2
10
280.000
20
290.000
30
-309.6757
11
290.000
21
290.000
31
-308.6846
12
290.000
22
300.000
32
-307.9518
13
280.000
23
300.000
33
-308.5967
0
3DFACE
8
C2
10
290.000
20
290.000
30
-308.6846
11
300.000
21
290.000
31
-308.0365
12
300.000
22
300.000
32
-307.3748
13
290.000
23
300.000
33
-307.9518
0
3DFACE
8
C2
10
300.000
20
290.000
30
-308.0365
11
310.000
21
290.000
31
-307.4724
12
310.000
22
300.000
32
-306.7480
13
300.000
23
300.000
33
-307.3748
0
3DFACE
8
C2
10
310.000
20
290.000
30
-307.4724
11
320.000
21
290.000
31
-307.3908
12
320.000
22
300.000
32
-306.4448
13
310.000
23
300.000
33
-306.7480
0
3DFACE
8
C2
10
320.000
20
290.000
30
-307.3908
11
330.000
21
290.000
31
-306.9842
12
330.000
22
300.000
32
-305.9124
13
320.000
23
300.000
33
-306.4448
0
3DFACE
8
C2
10
330.000
20
290.000
30
-306.9842
11
340.000
21
290.000
31
-306.1086
12
340.000
22
300.000
32
-305.0759
13
330.000
23
300.000
33
-305.9124
0
3DFACE
8
C2
10
340.000
20
290.000
30
-306.1086
11
350.000
21
290.000
31
-305.4522
12
350.000
22
300.000
32
-304.3947
13
340.000
23
300.000
33
-305.0759
0
3DFACE
8
C2
10
350.000
20
290.000
30
-305.4522
11
360.000
21
290.000
31
-305.1029
12
360.000
22
300.000
32
-304.0387
13
350.000
23
300.000
33
-304.3947
0
3DFACE
8
C2
10
360.000
20
290.000
30
-305.1029
11
370.000
21
290.000
31
-305.0306
12
370.000
22
300.000
32
-303.9544
13
360.000
23
300.000
33
-304.0387
0
3DFACE
8
C2
10
370.000
20
290.000
30
-305.0306
11
380.000
21
290.000
31
-304.6816
12
380.000
22
300.000
32
-303.5427
13
370.000
23
300.000
33
-303.9544
0
3DFACE
8
C2
10
380.000
20
290.000
30
-304.6816
11
390.000
21
290.000
31
-303.7265
12
390.000
22
300.000
32
-302.5965
13
380.000
23
300.000
33
-303.5427
0
3DFACE
8
C2
10
390.000
20
290.000
30
-303.7265
11
400.000
21
290.000
31
-303.3058
12
400.000
22
300.000
32
-302.1270
13
390.000
23
300.000
33
-302.5965
0
3DFACE
8
C2
10
400.000
20
290.000
30
-303.3058
11
410.000
21
290.000
31
-303.7773
12
410.000
22
300.000
32
-302.6378
13
400.000
23
300.000
33
-302.1270
0
3DFACE
8
C2
10
410.000
20
290.000
30
-303.7773
11
420.000
21
290.000
31
-305.1039
12
420.000
22
300.000
32
-304.1017
13
410.000
23
300.000
33
-302.6378
0
3DFACE
8
C2
10
420.000
20
290.000
30
-305.1039
11
430.000
21
290.000
31
-305.5405
12
430.000
22
300.000
32
-304.5450
13
420.000
23
300.000
33
-304.1017
0
3DFACE
8
C2
10
430.000
20
290.000
30
-305.5405
11
440.000
21
290.000
31
-305.2299
12
440.000
22
300.000
32
-304.1311
13
430.000
23
300.000
33
-304.5450
0
3DFACE
8
C2
10
440.000
20
290.000
30
-305.2299
11
450.000
21
290.000
31
-304.8630
12
450.000
22
300.000
32
-303.7454
13
440.000
23
300.000
33
-304.1311
0
3DFACE
8
C2
10
450.000
20
290.000
30
-304.8630
11
460.000
21
290.000
31
-304.8517
12
460.000
22
300.000
32
-303.8739
13
450.000
23
300.000
33
-303.7454
0
3DFACE
8
C2
10
460.000
20
290.000
30
-304.8517
11
470.000
21
290.000
31
-304.8542
12
470.000
22
300.000
32
-304.1878
13
460.000
23
300.000
33
-303.8739
0
3DFACE
8
C2
10
470.000
20
290.000
30
-304.8542
11
480.000
21
290.000
31
-304.4499
12
480.000
22
300.000
32
-303.8059
13
470.000
23
300.000
33
-304.1878
0
3DFACE
8
C2
10
480.000
20
290.000
30
-304.4499
11
490.000
21
290.000
31
-303.3050
12
490.000
22
300.000
32
-302.4733
13
480.000
23
300.000
33
-303.8059
0
3DFACE
8
C2
10
490.000
20
290.000
30
-303.3050
11
500.000
21
290.000
31
-302.8614
12
500.000
22
300.000
32
-301.8812
13
490.000
23
300.000
33
-302.4733
0
3DFACE
8
C2
10
500.000
20
290.000
30
-302.8614
11
510.000
21
290.000
31
-302.9379
12
510.000
22
300.000
32
-301.9518
13
500.000
23
300.000
33
-301.8812
0
3DFACE
8
C2
10
510.000
20
290.000
30
-302.9379
11
520.000
21
290.000
31
-303.3615
12
520.000
22
300.000
32
-302.4177
13
510.000
23
300.000
33
-301.9518
0
3DFACE
8
C2
10
520.000
20
290.000
30
-303.3615
11
530.000
21
290.000
31
-303.5506
12
530.000
22
300.000
32
-302.4464
13
520.000
23
300.000
33
-302.4177
0
3DFACE
8
C2
10
530.000
20
290.000
30
-303.5506
11
540.000
21
290.000
31
-303.3829
12
540.000
22
300.000
32
-301.8502
13
530.000
23
300.000
33
-302.4464
0
3DFACE
8
C2
10
540.000
20
290.000
30
-303.3829
11
550.000
21
290.000
31
-302.8881
12
550.000
22
300.000
32
-301.1418
13
540.000
23
300.000
33
-301.8502
0
3DFACE
8
C2
10
550.000
20
290.000
30
-302.8881
11
560.000
21
290.000
31
-302.4009
12
560.000
22
300.000
32
-300.7015
13
550.000
23
300.000
33
-301.1418
0
3DFACE
8
C2
10
560.000
20
290.000
30
-302.4009
11
570.000
21
290.000
31
-301.8551
12
570.000
22
300.000
32
-300.4968
13
560.000
23
300.000
33
-300.7015
0
3DFACE
8
C2
10
570.000
20
290.000
30
-301.8551
11
580.000
21
290.000
31
-300.6548
12
580.000
22
300.000
32
-299.4603
13
570.000
23
300.000
33
-300.4968
0
3DFACE
8
C2
10
580.000
20
290.000
30
-300.6548
11
590.000
21
290.000
31
-298.8241
12
590.000
22
300.000
32
-297.6509
13
580.000
23
300.000
33
-299.4603
0
3DFACE
8
C2
10
590.000
20
290.000
30
-298.8241
11
600.000
21
290.000
31
-296.9398
12
600.000
22
300.000
32
-295.8665
13
590.000
23
300.000
33
-297.6509
0
3DFACE
8
C2
10
600.000
20
290.000
30
-296.9398
11
610.000
21
290.000
31
-295.5188
12
610.000
22
300.000
32
-294.7023
13
600.000
23
300.000
33
-295.8665
0
3DFACE
8
C2
10
610.000
20
290.000
30
-295.5188
11
620.000
21
290.000
31
-294.3809
12
620.000
22
300.000
32
-293.8197
13
610.000
23
300.000
33
-294.7023
0
3DFACE
8
C2
10
620.000
20
290.000
30
-294.3809
11
630.000
21
290.000
31
-292.9219
12
630.000
22
300.000
32
-292.4670
13
620.000
23
300.000
33
-293.8197
0
3DFACE
8
C2
10
630.000
20
290.000
30
-292.9219
11
640.000
21
290.000
31
-291.2634
12
640.000
22
300.000
32
-290.6339
13
630.000
23
300.000
33
-292.4670
0
3DFACE
8
C2
10
640.000
20
290.000
30
-291.2634
11
650.000
21
290.000
31
-290.7455
12
650.000
22
300.000
32
-290.1264
13
640.000
23
300.000
33
-290.6339
0
3DFACE
8
C2
10
650.000
20
290.000
30
-290.7455
11
660.000
21
290.000
31
-291.8286
12
660.000
22
300.000
32
-291.4794
13
650.000
23
300.000
33
-290.1264
0
3DFACE
8
C2
10
660.000
20
290.000
30
-291.8286
11
670.000
21
290.000
31
-294.7725
12
670.000
22
300.000
32
-294.8369
13
660.000
23
300.000
33
-291.4794
0
3DFACE
8
C2
10
670.000
20
290.000
30
-294.7725
11
680.000
21
290.000
31
-297.4882
12
680.000
22
300.000
32
-297.9040
13
670.000
23
300.000
33
-294.8369
0
3DFACE
8
C2
10
680.000
20
290.000
30
-297.4882
11
690.000
21
290.000
31
-300.0091
12
690.000
22
300.000
32
-300.7545
13
680.000
23
300.000
33
-297.9040
0
3DFACE
8
C2
10
690.000
20
290.000
30
-300.0091
11
700.000
21
290.000
31
-302.7535
12
700.000
22
300.000
32
-303.8331
13
690.000
23
300.000
33
-300.7545
0
3DFACE
8
C2
10
0.000
20
300.000
30
-302.2010
11
10.000
21
300.000
31
-302.0078
12
10.000
22
310.000
32
-302.6019
13
0.000
23
310.000
33
-302.6885
0
3DFACE
8
C2
10
10.000
20
300.000
30
-302.0078
11
20.000
21
300.000
31
-301.1958
12
20.000
22
310.000
32
-301.8349
13
10.000
23
310.000
33
-302.6019
0
3DFACE
8
C2
10
20.000
20
300.000
30
-301.1958
11
30.000
21
300.000
31
-300.8921
12
30.000
22
310.000
32
-301.6765
13
20.000
23
310.000
33
-301.8349
0
3DFACE
8
C2
10
30.000
20
300.000
30
-300.8921
11
40.000
21
300.000
31
-301.1051
12
40.000
22
310.000
32
-302.0523
13
30.000
23
310.000
33
-301.6765
0
3DFACE
8
C2
10
40.000
20
300.000
30
-301.1051
11
50.000
21
300.000
31
-300.8745
12
50.000
22
310.000
32
-301.9072
13
40.000
23
310.000
33
-302.0523
0
3DFACE
8
C2
10
50.000
20
300.000
30
-300.8745
11
60.000
21
300.000
31
-299.8350
12
60.000
22
310.000
32
-300.9272
13
50.000
23
310.000
33
-301.9072
0
3DFACE
8
C2
10
60.000
20
300.000
30
-299.8350
11
70.000
21
300.000
31
-298.4585
12
70.000
22
310.000
32
-299.5130
13
60.000
23
310.000
33
-300.9272
0
3DFACE
8
C2
10
70.000
20
300.000
30
-298.4585
11
80.000
21
300.000
31
-298.3386
12
80.000
22
310.000
32
-299.4482
13
70.000
23
310.000
33
-299.5130
0
3DFACE
8
C2
10
80.000
20
300.000
30
-298.3386
11
90.000
21
300.000
31
-299.3361
12
90.000
22
310.000
32
-300.5773
13
80.000
23
310.000
33
-299.4482
0
3DFACE
8
C2
10
90.000
20
300.000
30
-299.3361
11
100.000
21
300.000
31
-299.6395
12
100.000
22
310.000
32
-300.8997
13
90.000
23
310.000
33
-300.5773
0
3DFACE
8
C2
10
100.000
20
300.000
30
-299.6395
11
110.000
21
300.000
31
-298.7198
12
110.000
22
310.000
32
-299.9495
13
100.000
23
310.000
33
-300.8997
0
3DFACE
8
C2
10
110.000
20
300.000
30
-298.7198
11
120.000
21
300.000
31
-297.0547
12
120.000
22
310.000
32
-298.1380
13
110.000
23
310.000
33
-299.9495
0
3DFACE
8
C2
10
120.000
20
300.000
30
-297.0547
11
130.000
21
300.000
31
-296.6713
12
130.000
22
310.000
32
-297.7165
13
120.000
23
310.000
33
-298.1380
0
3DFACE
8
C2
10
130.000
20
300.000
30
-296.6713
11
140.000
21
300.000
31
-297.5453
12
140.000
22
310.000
32
-298.6542
13
130.000
23
310.000
33
-297.7165
0
3DFACE
8
C2
10
140.000
20
300.000
30
-297.5453
11
150.000
21
300.000
31
-298.0401
12
150.000
22
310.000
32
-299.0901
13
140.000
23
310.000
33
-298.6542
0
3DFACE
8
C2
10
150.000
20
300.000
30
-298.0401
11
160.000
21
300.000
31
-297.8239
12
160.000
22
310.000
32
-298.7361
13
150.000
23
310.000
33
-299.0901
0
3DFACE
8
C2
10
160.000
20
300.000
30
-297.8239
11
170.000
21
300.000
31
-297.6235
12
170.000
22
310.000
32
-298.2497
13
160.000
23
310.000
33
-298.7361
0
3DFACE
8
C2
10
170.000
20
300.000
30
-297.6235
11
180.000
21
300.000
31
-298.4478
12
180.000
22
310.000
32
-298.9758
13
170.000
23
310.000
33
-298.2497
0
3DFACE
8
C2
10
180.000
20
300.000
30
-298.4478
11
190.000
21
300.000
31
-300.3718
12
190.000
22
310.000
32
-300.9939
13
180.000
23
310.000
33
-298.9758
0
3DFACE
8
C2
10
190.000
20
300.000
30
-300.3718
11
200.000
21
300.000
31
-301.8972
12
200.000
22
310.000
32
-302.4287
13
190.000
23
310.000
33
-300.9939
0
3DFACE
8
C2
10
200.000
20
300.000
30
-301.8972
11
210.000
21
300.000
31
-303.0592
12
210.000
22
310.000
32
-303.2778
13
200.000
23
310.000
33
-302.4287
0
3DFACE
8
C2
10
210.000
20
300.000
30
-303.0592
11
220.000
21
300.000
31
-304.3069
12
220.000
22
310.000
32
-303.8968
13
210.000
23
310.000
33
-303.2778
0
3DFACE
8
C2
10
220.000
20
300.000
30
-304.3069
11
230.000
21
300.000
31
-305.6138
12
230.000
22
310.000
32
-304.9198
13
220.000
23
310.000
33
-303.8968
0
3DFACE
8
C2
10
230.000
20
300.000
30
-305.6138
11
240.000
21
300.000
31
-307.0804
12
240.000
22
310.000
32
-306.3590
13
230.000
23
310.000
33
-304.9198
0
3DFACE
8
C2
10
240.000
20
300.000
30
-307.0804
11
250.000
21
300.000
31
-308.0949
12
250.000
22
310.000
32
-307.2278
13
240.000
23
310.000
33
-306.3590
0
3DFACE
8
C2
10
250.000
20
300.000
30
-308.0949
11
260.000
21
300.000
31
-308.6402
12
260.000
22
310.000
32
-307.5373
13
250.000
23
310.000
33
-307.2278
0
3DFACE
8
C2
10
260.000
20
300.000
30
-308.6402
11
270.000
21
300.000
31
-308.8760
12
270.000
22
310.000
32
-307.5075
13
260.000
23
310.000
33
-307.5373
0
3DFACE
8
C2
10
270.000
20
300.000
30
-308.8760
11
280.000
21
300.000
31
-308.5967
12
280.000
22
310.000
32
-307.2708
13
270.000
23
310.000
33
-307.5075
0
3DFACE
8
C2
10
280.000
20
300.000
30
-308.5967
11
290.000
21
300.000
31
-307.9518
12
290.000
22
310.000
32
-307.0185
13
280.000
23
310.000
33
-307.2708
0
3DFACE
8
C2
10
290.000
20
300.000
30
-307.9518
11
300.000
21
300.000
31
-307.3748
12
300.000
22
310.000
32
-306.5782
13
290.000
23
310.000
33
-307.0185
0
3DFACE
8
C2
10
300.000
20
300.000
30
-307.3748
11
310.000
21
300.000
31
-306.7480
12
310.000
22
310.000
32
-305.9788
13
300.000
23
310.000
33
-306.5782
0
3DFACE
8
C2
10
310.000
20
300.000
30
-306.7480
11
320.000
21
300.000
31
-306.4448
12
320.000
22
310.000
32
-305.5755
13
310.000
23
310.000
33
-305.9788
0
3DFACE
8
C2
10
320.000
20
300.000
30
-306.4448
11
330.000
21
300.000
31
-305.9124
12
330.000
22
310.000
32
-304.9733
13
320.000
23
310.000
33
-305.5755
0
3DFACE
8
C2
10
330.000
20
300.000
30
-305.9124
11
340.000
21
300.000
31
-305.0759
12
340.000
22
310.000
32
-304.1770
13
330.000
23
310.000
33
-304.9733
0
3DFACE
8
C2
10
340.000
20
300.000
30
-305.0759
11
350.000
21
300.000
31
-304.3947
12
350.000
22
310.000
32
-303.4393
13
340.000
23
310.000
33
-304.1770
0
3DFACE
8
C2
10
350.000
20
300.000
30
-304.3947
11
360.000
21
300.000
31
-304.0387
12
360.000
22
310.000
32
-303.0268
13
350.000
23
310.000
33
-303.4393
0
3DFACE
8
C2
10
360.000
20
300.000
30
-304.0387
11
370.000
21
300.000
31
-303.9544
12
370.000
22
310.000
32
-302.9292
13
360.000
23
310.000
33
-303.0268
0
3DFACE
8
C2
10
370.000
20
300.000
30
-303.9544
11
380.000
21
300.000
31
-303.5427
12
380.000
22
310.000
32
-302.4096
13
370.000
23
310.000
33
-302.9292
0
3DFACE
8
C2
10
380.000
20
300.000
30
-303.5427
11
390.000
21
300.000
31
-302.5965
12
390.000
22
310.000
32
-301.4126
13
380.000
23
310.000
33
-302.4096
0
3DFACE
8
C2
10
390.000
20
300.000
30
-302.5965
11
400.000
21
300.000
31
-302.1270
12
400.000
22
310.000
32
-300.8708
13
390.000
23
310.000
33
-301.4126
0
3DFACE
8
C2
10
400.000
20
300.000
30
-302.1270
11
410.000
21
300.000
31
-302.6378
12
410.000
22
310.000
32
-301.3482
13
400.000
23
310.000
33
-300.8708
0
3DFACE
8
C2
10
410.000
20
300.000
30
-302.6378
11
420.000
21
300.000
31
-304.1017
12
420.000
22
310.000
32
-302.9553
13
410.000
23
310.000
33
-301.3482
0
3DFACE
8
C2
10
420.000
20
300.000
30
-304.1017
11
430.000
21
300.000
31
-304.5450
12
430.000
22
310.000
32
-303.3647
13
420.000
23
310.000
33
-302.9553
0
3DFACE
8
C2
10
430.000
20
300.000
30
-304.5450
11
440.000
21
300.000
31
-304.1311
12
440.000
22
310.000
32
-302.8134
13
430.000
23
310.000
33
-303.3647
0
3DFACE
8
C2
10
440.000
20
300.000
30
-304.1311
11
450.000
21
300.000
31
-303.7454
12
450.000
22
310.000
32
-302.4138
13
440.000
23
310.000
33
-302.8134
0
3DFACE
8
C2
10
450.000
20
300.000
30
-303.7454
11
460.000
21
300.000
31
-303.8739
12
460.000
22
310.000
32
-302.6703
13
450.000
23
310.000
33
-302.4138
0
3DFACE
8
C2
10
460.000
20
300.000
30
-303.8739
11
470.000
21
300.000
31
-304.1878
12
470.000
22
310.000
32
-303.3045
13
460.000
23
310.000
33
-302.6703
0
3DFACE
8
C2
10
470.000
20
300.000
30
-304.1878
11
480.000
21
300.000
31
-303.8059
12
480.000
22
310.000
32
-302.9541
13
470.000
23
310.000
33
-303.3045
0
3DFACE
8
C2
10
480.000
20
300.000
30
-303.8059
11
490.000
21
300.000
31
-302.4733
12
490.000
22
310.000
32
-301.3050
13
480.000
23
310.000
33
-302.9541
0
3DFACE
8
C2
10
490.000
20
300.000
30
-302.4733
11
500.000
21
300.000
31
-301.8812
12
500.000
22
310.000
32
-300.5118
13
490.000
23
310.000
33
-301.3050
0
3DFACE
8
C2
10
500.000
20
300.000
30
-301.8812
11
510.000
21
300.000
31
-301.9518
12
510.000
22
310.000
32
-300.4393
13
500.000
23
310.000
33
-300.5118
0
3DFACE
8
C2
10
510.000
20
300.000
30
-301.9518
11
520.000
21
300.000
31
-302.4177
12
520.000
22
310.000
32
-300.9026
13
510.000
23
310.000
33
-300.4393
0
3DFACE
8
C2
10
520.000
20
300.000
30
-302.4177
11
530.000
21
300.000
31
-302.4464
12
530.000
22
310.000
32
-300.6004
13
520.000
23
310.000
33
-300.9026
0
3DFACE
8
C2
10
530.000
20
300.000
30
-302.4464
11
540.000
21
300.000
31
-301.8502
12
540.000
22
310.000
32
-299.4022
13
530.000
23
310.000
33
-300.6004
0
3DFACE
8
C2
10
540.000
20
300.000
30
-301.8502
11
550.000
21
300.000
31
-301.1418
12
550.000
22
310.000
32
-298.3761
13
540.000
23
310.000
33
-299.4022
0
3DFACE
8
C2
10
550.000
20
300.000
30
-301.1418
11
560.000
21
300.000
31
-300.7015
12
560.000
22
310.000
32
-297.9333
13
550.000
23
310.000
33
-298.3761
0
3DFACE
8
C2
10
560.000
20
300.000
30
-300.7015
11
570.000
21
300.000
31
-300.4968
12
570.000
22
310.000
32
-298.1383
13
560.000
23
310.000
33
-297.9333
0
3DFACE
8
C2
10
570.000
20
300.000
30
-300.4968
11
580.000
21
300.000
31
-299.4603
12
580.000
22
310.000
32
-297.2466
13
570.000
23
310.000
33
-298.1383
0
3DFACE
8
C2
10
580.000
20
300.000
30
-299.4603
11
590.000
21
300.000
31
-297.6509
12
590.000
22
310.000
32
-295.4107
13
580.000
23
310.000
33
-297.2466
0
3DFACE
8
C2
10
590.000
20
300.000
30
-297.6509
11
600.000
21
300.000
31
-295.8665
12
600.000
22
310.000
32
-293.8038
13
590.000
23
310.000
33
-295.4107
0
3DFACE
8
C2
10
600.000
20
300.000
30
-295.8665
11
610.000
21
300.000
31
-294.7023
12
610.000
22
310.000
32
-292.9332
13
600.000
23
310.000
33
-293.8038
0
3DFACE
8
C2
10
610.000
20
300.000
30
-294.7023
11
620.000
21
300.000
31
-293.8197
12
620.000
22
310.000
32
-292.4795
13
610.000
23
310.000
33
-292.9332
0
3DFACE
8
C2
10
620.000
20
300.000
30
-293.8197
11
630.000
21
300.000
31
-292.4670
12
630.000
22
310.000
32
-291.2712
13
620.000
23
310.000
33
-292.4795
0
3DFACE
8
C2
10
630.000
20
300.000
30
-292.4670
11
640.000
21
300.000
31
-290.6339
12
640.000
22
310.000
32
-289.1918
13
630.000
23
310.000
33
-291.2712
0
3DFACE
8
C2
10
640.000
20
300.000
30
-290.6339
11
650.000
21
300.000
31
-290.1264
12
650.000
22
310.000
32
-288.7399
13
640.000
23
310.000
33
-289.1918
0
3DFACE
8
C2
10
650.000
20
300.000
30
-290.1264
11
660.000
21
300.000
31
-291.4794
12
660.000
22
310.000
32
-290.3466
13
650.000
23
310.000
33
-288.7399
0
3DFACE
8
C2
10
660.000
20
300.000
30
-291.4794
11
670.000
21
300.000
31
-294.8369
12
670.000
22
310.000
32
-294.2098
13
660.000
23
310.000
33
-290.3466
0
3DFACE
8
C2
10
670.000
20
300.000
30
-294.8369
11
680.000
21
300.000
31
-297.9040
12
680.000
22
310.000
32
-297.7431
13
670.000
23
310.000
33
-294.2098
0
3DFACE
8
C2
10
680.000
20
300.000
30
-297.9040
11
690.000
21
300.000
31
-300.7545
12
690.000
22
310.000
32
-300.9016
13
680.000
23
310.000
33
-297.7431
0
3DFACE
8
C2
10
690.000
20
300.000
30
-300.7545
11
700.000
21
300.000
31
-303.8331
12
700.000
22
310.000
32
-304.4327
13
690.000
23
310.000
33
-300.9016
0
3DFACE
8
C2
10
0.000
20
310.000
30
-302.6885
11
10.000
21
310.000
31
-302.6019
12
10.000
22
320.000
32
-304.8482
13
0.000
23
320.000
33
-304.9119
0
3DFACE
8
C2
10
10.000
20
310.000
30
-302.6019
11
20.000
21
310.000
31
-301.8349
12
20.000
22
320.000
32
-304.1952
13
10.000
23
320.000
33
-304.8482
0
3DFACE
8
C2
10
20.000
20
310.000
30
-301.8349
11
30.000
21
310.000
31
-301.6765
12
30.000
22
320.000
32
-304.0862
13
20.000
23
320.000
33
-304.1952
0
3DFACE
8
C2
10
30.000
20
310.000
30
-301.6765
11
40.000
21
310.000
31
-302.0523
12
40.000
22
320.000
32
-304.4382
13
30.000
23
320.000
33
-304.0862
0
3DFACE
8
C2
10
40.000
20
310.000
30
-302.0523
11
50.000
21
310.000
31
-301.9072
12
50.000
22
320.000
32
-304.3229
13
40.000
23
320.000
33
-304.4382
0
3DFACE
8
C2
10
50.000
20
310.000
30
-301.9072
11
60.000
21
310.000
31
-300.9272
12
60.000
22
320.000
32
-303.5119
13
50.000
23
320.000
33
-304.3229
0
3DFACE
8
C2
10
60.000
20
310.000
30
-300.9272
11
70.000
21
310.000
31
-299.5130
12
70.000
22
320.000
32
-302.2980
13
60.000
23
320.000
33
-303.5119
0
3DFACE
8
C2
10
70.000
20
310.000
30
-299.5130
11
80.000
21
310.000
31
-299.4482
12
80.000
22
320.000
32
-302.2580
13
70.000
23
320.000
33
-302.2980
0
3DFACE
8
C2
10
80.000
20
310.000
30
-299.4482
11
90.000
21
310.000
31
-300.5773
12
90.000
22
320.000
32
-303.2457
13
80.000
23
320.000
33
-302.2580
0
3DFACE
8
C2
10
90.000
20
310.000
30
-300.5773
11
100.000
21
310.000
31
-300.8997
12
100.000
22
320.000
32
-303.5011
13
90.000
23
320.000
33
-303.2457
0
3DFACE
8
C2
10
100.000
20
310.000
30
-300.8997
11
110.000
21
310.000
31
-299.9495
12
110.000
22
320.000
32
-302.6489
13
100.000
23
320.000
33
-303.5011
0
3DFACE
8
C2
10
110.000
20
310.000
30
-299.9495
11
120.000
21
310.000
31
-298.1380
12
120.000
22
320.000
32
-301.0146
13
110.000
23
320.000
33
-302.6489
0
3DFACE
8
C2
10
120.000
20
310.000
30
-298.1380
11
130.000
21
310.000
31
-297.7165
12
130.000
22
320.000
32
-300.5709
13
120.000
23
320.000
33
-301.0146
0
3DFACE
8
C2
10
130.000
20
310.000
30
-297.7165
11
140.000
21
310.000
31
-298.6542
12
140.000
22
320.000
32
-301.3073
13
130.000
23
320.000
33
-300.5709
0
3DFACE
8
C2
10
140.000
20
310.000
30
-298.6542
11
150.000
21
310.000
31
-299.0901
12
150.000
22
320.000
32
-301.5706
13
140.000
23
320.000
33
-301.3073
0
3DFACE
8
C2
10
150.000
20
310.000
30
-299.0901
11
160.000
21
310.000
31
-298.7361
12
160.000
22
320.000
32
-301.1281
13
150.000
23
320.000
33
-301.5706
0
3DFACE
8
C2
10
160.000
20
310.000
30
-298.7361
11
170.000
21
310.000
31
-298.2497
12
170.000
22
320.000
32
-300.5495
13
160.000
23
320.000
33
-301.1281
0
3DFACE
8
C2
10
170.000
20
310.000
30
-298.2497
11
180.000
21
310.000
31
-298.9758
12
180.000
22
320.000
32
-301.0698
13
170.000
23
320.000
33
-300.5495
0
3DFACE
8
C2
10
180.000
20
310.000
30
-298.9758
11
190.000
21
310.000
31
-300.9939
12
190.000
22
320.000
32
-302.7777
13
180.000
23
320.000
33
-301.0698
0
3DFACE
8
C2
10
190.000
20
310.000
30
-300.9939
11
200.000
21
310.000
31
-302.4287
12
200.000
22
320.000
32
-303.9785
13
190.000
23
320.000
33
-302.7777
0
3DFACE
8
C2
10
200.000
20
310.000
30
-302.4287
11
210.000
21
310.000
31
-303.2778
12
210.000
22
320.000
32
-304.5531
13
200.000
23
320.000
33
-303.9785
0
3DFACE
8
C2
10
210.000
20
310.000
30
-303.2778
11
220.000
21
310.000
31
-303.8968
12
220.000
22
320.000
32
-304.8265
13
210.000
23
320.000
33
-304.5531
0
3DFACE
8
C2
10
220.000
20
310.000
30
-303.8968
11
230.000
21
310.000
31
-304.9198
12
230.000
22
320.000
32
-305.5609
13
220.000
23
320.000
33
-304.8265
0
3DFACE
8
C2
10
230.000
20
310.000
30
-304.9198
11
240.000
21
310.000
31
-306.3590
12
240.000
22
320.000
32
-306.7466
13
230.000
23
320.000
33
-305.5609
0
3DFACE
8
C2
10
240.000
20
310.000
30
-306.3590
11
250.000
21
310.000
31
-307.2278
12
250.000
22
320.000
32
-307.4250
13
240.000
23
320.000
33
-306.7466
0
3DFACE
8
C2
10
250.000
20
310.000
30
-307.2278
11
260.000
21
310.000
31
-307.5373
12
260.000
22
320.000
32
-307.6031
13
250.000
23
320.000
33
-307.4250
0
3DFACE
8
C2
10
260.000
20
310.000
30
-307.5373
11
270.000
21
310.000
31
-307.5075
12
270.000
22
320.000
32
-307.2194
13
260.000
23
320.000
33
-307.6031
0
3DFACE
8
C2
10
270.000
20
310.000
30
-307.5075
11
280.000
21
310.000
31
-307.2708
12
280.000
22
320.000
32
-307.0261
13
270.000
23
320.000
33
-307.2194
0
3DFACE
8
C2
10
280.000
20
310.000
30
-307.2708
11
290.000
21
310.000
31
-307.0185
12
290.000
22
320.000
32
-306.9187
13
280.000
23
320.000
33
-307.0261
0
3DFACE
8
C2
10
290.000
20
310.000
30
-307.0185
11
300.000
21
310.000
31
-306.5782
12
300.000
22
320.000
32
-306.4715
13
290.000
23
320.000
33
-306.9187
0
3DFACE
8
C2
10
300.000
20
310.000
30
-306.5782
11
310.000
21
310.000
31
-305.9788
12
310.000
22
320.000
32
-305.7296
13
300.000
23
320.000
33
-306.4715
0
3DFACE
8
C2
10
310.000
20
310.000
30
-305.9788
11
320.000
21
310.000
31
-305.5755
12
320.000
22
320.000
32
-305.1623
13
310.000
23
320.000
33
-305.7296
0
3DFACE
8
C2
10
320.000
20
310.000
30
-305.5755
11
330.000
21
310.000
31
-304.9733
12
330.000
22
320.000
32
-304.2712
13
320.000
23
320.000
33
-305.1623
0
3DFACE
8
C2
10
330.000
20
310.000
30
-304.9733
11
340.000
21
310.000
31
-304.1770
12
340.000
22
320.000
32
-303.4664
13
330.000
23
320.000
33
-304.2712
0
3DFACE
8
C2
10
340.000
20
310.000
30
-304.1770
11
350.000
21
310.000
31
-303.4393
12
350.000
22
320.000
32
-302.4897
13
340.000
23
320.000
33
-303.4664
0
3DFACE
8
C2
10
350.000
20
310.000
30
-303.4393
11
360.000
21
310.000
31
-303.0268
12
360.000
22
320.000
32
-301.8165
13
350.000
23
320.000
33
-302.4897
0
3DFACE
8
C2
10
360.000
20
310.000
30
-303.0268
11
370.000
21
310.000
31
-302.9292
12
370.000
22
320.000
32
-301.5487
13
360.000
23
320.000
33
-301.8165
0
3DFACE
8
C2
10
370.000
20
310.000
30
-302.9292
11
380.000
21
310.000
31
-302.4096
12
380.000
22
320.000
32
-300.8569
13
370.000
23
320.000
33
-301.5487
0
3DFACE
8
C2
10
380.000
20
310.000
30
-302.4096
11
390.000
21
310.000
31
-301.4126
12
390.000
22
320.000
32
-299.7020
13
380.000
23
320.000
33
-300.8569
0
3DFACE
8
C2
10
390.000
20
310.000
30
-301.4126
11
400.000
21
310.000
31
-300.8708
12
400.000
22
320.000
32
-299.0685
13
390.000
23
320.000
33
-299.7020
0
3DFACE
8
C2
10
400.000
20
310.000
30
-300.8708
11
410.000
21
310.000
31
-301.3482
12
410.000
22
320.000
32
-299.3377
13
400.000
23
320.000
33
-299.0685
0
3DFACE
8
C2
10
410.000
20
310.000
30
-301.3482
11
420.000
21
310.000
31
-302.9553
12
420.000
22
320.000
32
-300.6112
13
410.000
23
320.000
33
-299.3377
0
3DFACE
8
C2
10
420.000
20
310.000
30
-302.9553
11
430.000
21
310.000
31
-303.3647
12
430.000
22
320.000
32
-300.8276
13
420.000
23
320.000
33
-300.6112
0
3DFACE
8
C2
10
430.000
20
310.000
30
-303.3647
11
440.000
21
310.000
31
-302.8134
12
440.000
22
320.000
32
-300.1704
13
430.000
23
320.000
33
-300.8276
0
3DFACE
8
C2
10
440.000
20
310.000
30
-302.8134
11
450.000
21
310.000
31
-302.4138
12
450.000
22
320.000
32
-299.8437
13
440.000
23
320.000
33
-300.1704
0
3DFACE
8
C2
10
450.000
20
310.000
30
-302.4138
11
460.000
21
310.000
31
-302.6703
12
460.000
22
320.000
32
-300.1760
13
450.000
23
320.000
33
-299.8437
0
3DFACE
8
C2
10
460.000
20
310.000
30
-302.6703
11
470.000
21
310.000
31
-303.3045
12
470.000
22
320.000
32
-300.9028
13
460.000
23
320.000
33
-300.1760
0
3DFACE
8
C2
10
470.000
20
310.000
30
-303.3045
11
480.000
21
310.000
31
-302.9541
12
480.000
22
320.000
32
-300.6896
13
470.000
23
320.000
33
-300.9028
0
3DFACE
8
C2
10
480.000
20
310.000
30
-302.9541
11
490.000
21
310.000
31
-301.3050
12
490.000
22
320.000
32
-299.1221
13
480.000
23
320.000
33
-300.6896
0
3DFACE
8
C2
10
490.000
20
310.000
30
-301.3050
11
500.000
21
310.000
31
-300.5118
12
500.000
22
320.000
32
-298.1667
13
490.000
23
320.000
33
-299.1221
0
3DFACE
8
C2
10
500.000
20
310.000
30
-300.5118
11
510.000
21
310.000
31
-300.4393
12
510.000
22
320.000
32
-297.7545
13
500.000
23
320.000
33
-298.1667
0
3DFACE
8
C2
10
510.000
20
310.000
30
-300.4393
11
520.000
21
310.000
31
-300.9026
12
520.000
22
320.000
32
-297.7306
13
510.000
23
320.000
33
-297.7545
0
3DFACE
8
C2
10
520.000
20
310.000
30
-300.9026
11
530.000
21
310.000
31
-300.6004
12
530.000
22
320.000
32
-296.9391
13
520.000
23
320.000
33
-297.7306
0
3DFACE
8
C2
10
530.000
20
310.000
30
-300.6004
11
540.000
21
310.000
31
-299.4022
12
540.000
22
320.000
32
-295.2236
13
530.000
23
320.000
33
-296.9391
0
3DFACE
8
C2
10
540.000
20
310.000
30
-299.4022
11
550.000
21
310.000
31
-298.3761
12
550.000
22
320.000
32
-293.7415
13
540.000
23
320.000
33
-295.2236
0
3DFACE
8
C2
10
550.000
20
310.000
30
-298.3761
11
560.000
21
310.000
31
-297.9333
12
560.000
22
320.000
32
-293.0252
13
550.000
23
320.000
33
-293.7415
0
3DFACE
8
C2
10
560.000
20
310.000
30
-297.9333
11
570.000
21
310.000
31
-298.1383
12
570.000
22
320.000
32
-293.1086
13
560.000
23
320.000
33
-293.0252
0
3DFACE
8
C2
10
570.000
20
310.000
30
-298.1383
11
580.000
21
310.000
31
-297.2466
12
580.000
22
320.000
32
-292.2696
13
570.000
23
320.000
33
-293.1086
0
3DFACE
8
C2
10
580.000
20
310.000
30
-297.2466
11
590.000
21
310.000
31
-295.4107
12
590.000
22
320.000
32
-290.6701
13
580.000
23
320.000
33
-292.2696
0
3DFACE
8
C2
10
590.000
20
310.000
30
-295.4107
11
600.000
21
310.000
31
-293.8038
12
600.000
22
320.000
32
-289.3579
13
590.000
23
320.000
33
-290.6701
0
3DFACE
8
C2
10
600.000
20
310.000
30
-293.8038
11
610.000
21
310.000
31
-292.9332
12
610.000
22
320.000
32
-288.7727
13
600.000
23
320.000
33
-289.3579
0
3DFACE
8
C2
10
610.000
20
310.000
30
-292.9332
11
620.000
21
310.000
31
-292.4795
12
620.000
22
320.000
32
-288.5790
13
610.000
23
320.000
33
-288.7727
0
3DFACE
8
C2
10
620.000
20
310.000
30
-292.4795
11
630.000
21
310.000
31
-291.2712
12
630.000
22
320.000
32
-287.6498
13
620.000
23
320.000
33
-288.5790
0
3DFACE
8
C2
10
630.000
20
310.000
30
-291.2712
11
640.000
21
310.000
31
-289.1918
12
640.000
22
320.000
32
-285.8815
13
630.000
23
320.000
33
-287.6498
0
3DFACE
8
C2
10
640.000
20
310.000
30
-289.1918
11
650.000
21
310.000
31
-288.7399
12
650.000
22
320.000
32
-285.7945
13
640.000
23
320.000
33
-285.8815
0
3DFACE
8
C2
10
650.000
20
310.000
30
-288.7399
11
660.000
21
310.000
31
-290.3466
12
660.000
22
320.000
32
-287.8766
13
650.000
23
320.000
33
-285.7945
0
3DFACE
8
C2
10
660.000
20
310.000
30
-290.3466
11
670.000
21
310.000
31
-294.2098
12
670.000
22
320.000
32
-292.3477
13
660.000
23
320.000
33
-287.8766
0
3DFACE
8
C2
10
670.000
20
310.000
30
-294.2098
11
680.000
21
310.000
31
-297.7431
12
680.000
22
320.000
32
-296.5270
13
670.000
23
320.000
33
-292.3477
0
3DFACE
8
C2
10
680.000
20
310.000
30
-297.7431
11
690.000
21
310.000
31
-300.9016
12
690.000
22
320.000
32
-300.3538
13
680.000
23
320.000
33
-296.5270
0
3DFACE
8
C2
10
690.000
20
310.000
30
-300.9016
11
700.000
21
310.000
31
-304.4327
12
700.000
22
320.000
32
-304.5299
13
690.000
23
320.000
33
-300.3538
0
3DFACE
8
C2
10
0.000
20
320.000
30
-304.9119
11
10.000
21
320.000
31
-304.8482
12
10.000
22
330.000
32
-305.8295
13
0.000
23
330.000
33
-305.7256
0
3DFACE
8
C2
10
10.000
20
320.000
30
-304.8482
11
20.000
21
320.000
31
-304.1952
12
20.000
22
330.000
32
-305.2449
13
10.000
23
330.000
33
-305.8295
0
3DFACE
8
C2
10
20.000
20
320.000
30
-304.1952
11
30.000
21
320.000
31
-304.0862
12
30.000
22
330.000
32
-305.3199
13
20.000
23
330.000
33
-305.2449
0
3DFACE
8
C2
10
30.000
20
320.000
30
-304.0862
11
40.000
21
320.000
31
-304.4382
12
40.000
22
330.000
32
-305.8976
13
30.000
23
330.000
33
-305.3199
0
3DFACE
8
C2
10
40.000
20
320.000
30
-304.4382
11
50.000
21
320.000
31
-304.3229
12
50.000
22
330.000
32
-305.9473
13
40.000
23
330.000
33
-305.8976
0
3DFACE
8
C2
10
50.000
20
320.000
30
-304.3229
11
60.000
21
320.000
31
-303.5119
12
60.000
22
330.000
32
-305.1926
13
50.000
23
330.000
33
-305.9473
0
3DFACE
8
C2
10
60.000
20
320.000
30
-303.5119
11
70.000
21
320.000
31
-302.2980
12
70.000
22
330.000
32
-303.9281
13
60.000
23
330.000
33
-305.1926
0
3DFACE
8
C2
10
70.000
20
320.000
30
-302.2980
11
80.000
21
320.000
31
-302.2580
12
80.000
22
330.000
32
-303.9256
13
70.000
23
330.000
33
-303.9281
0
3DFACE
8
C2
10
80.000
20
320.000
30
-302.2580
11
90.000
21
320.000
31
-303.2457
12
90.000
22
330.000
32
-305.0720
13
80.000
23
330.000
33
-303.9256
0
3DFACE
8
C2
10
90.000
20
320.000
30
-303.2457
11
100.000
21
320.000
31
-303.5011
12
100.000
22
330.000
32
-305.3491
13
90.000
23
330.000
33
-305.0720
0
3DFACE
8
C2
10
100.000
20
320.000
30
-303.5011
11
110.000
21
320.000
31
-302.6489
12
110.000
22
330.000
32
-304.4222
13
100.000
23
330.000
33
-305.3491
0
3DFACE
8
C2
10
110.000
20
320.000
30
-302.6489
11
120.000
21
320.000
31
-301.0146
12
120.000
22
330.000
32
-302.5971
13
110.000
23
330.000
33
-304.4222
0
3DFACE
8
C2
10
120.000
20
320.000
30
-301.0146
11
130.000
21
320.000
31
-300.5709
12
130.000
22
330.000
32
-302.0699
13
120.000
23
330.000
33
-302.5971
0
3DFACE
8
C2
10
130.000
20
320.000
30
-300.5709
11
140.000
21
320.000
31
-301.3073
12
140.000
22
330.000
32
-302.8394
13
130.000
23
330.000
33
-302.0699
0
3DFACE
8
C2
10
140.000
20
320.000
30
-301.3073
11
150.000
21
320.000
31
-301.5706
12
150.000
22
330.000
32
-303.0013
13
140.000
23
330.000
33
-302.8394
0
3DFACE
8
C2
10
150.000
20
320.000
30
-301.5706
11
160.000
21
320.000
31
-301.1281
12
160.000
22
330.000
32
-302.3448
13
150.000
23
330.000
33
-303.0013
0
3DFACE
8
C2
10
160.000
20
320.000
30
-301.1281
11
170.000
21
320.000
31
-300.5495
12
170.000
22
330.000
32
-301.4258
13
160.000
23
330.000
33
-302.3448
0
3DFACE
8
C2
10
170.000
20
320.000
30
-300.5495
11
180.000
21
320.000
31
-301.0698
12
180.000
22
330.000
32
-301.8048
13
170.000
23
330.000
33
-301.4258
0
3DFACE
8
C2
10
180.000
20
320.000
30
-301.0698
11
190.000
21
320.000
31
-302.7777
12
190.000
22
330.000
32
-303.6072
13
180.000
23
330.000
33
-301.8048
0
3DFACE
8
C2
10
190.000
20
320.000
30
-302.7777
11
200.000
21
320.000
31
-303.9785
12
200.000
22
330.000
32
-304.7024
13
190.000
23
330.000
33
-303.6072
0
3DFACE
8
C2
10
200.000
20
320.000
30
-303.9785
11
210.000
21
320.000
31
-304.5531
12
210.000
22
330.000
32
-304.9565
13
200.000
23
330.000
33
-304.7024
0
3DFACE
8
C2
10
210.000
20
320.000
30
-304.5531
11
220.000
21
320.000
31
-304.8265
12
220.000
22
330.000
32
-304.7214
13
210.000
23
330.000
33
-304.9565
0
3DFACE
8
C2
10
220.000
20
320.000
30
-304.8265
11
230.000
21
320.000
31
-305.5609
12
230.000
22
330.000
32
-305.3003
13
220.000
23
330.000
33
-304.7214
0
3DFACE
8
C2
10
230.000
20
320.000
30
-305.5609
11
240.000
21
320.000
31
-306.7466
12
240.000
22
330.000
32
-306.5630
13
230.000
23
330.000
33
-305.3003
0
3DFACE
8
C2
10
240.000
20
320.000
30
-306.7466
11
250.000
21
320.000
31
-307.4250
12
250.000
22
330.000
32
-307.2367
13
240.000
23
330.000
33
-306.5630
0
3DFACE
8
C2
10
250.000
20
320.000
30
-307.4250
11
260.000
21
320.000
31
-307.6031
12
260.000
22
330.000
32
-307.2607
13
250.000
23
330.000
33
-307.2367
0
3DFACE
8
C2
10
260.000
20
320.000
30
-307.6031
11
270.000
21
320.000
31
-307.2194
12
270.000
22
330.000
32
-306.7006
13
260.000
23
330.000
33
-307.2607
0
3DFACE
8
C2
10
270.000
20
320.000
30
-307.2194
11
280.000
21
320.000
31
-307.0261
12
280.000
22
330.000
32
-306.6100
13
270.000
23
330.000
33
-306.7006
0
3DFACE
8
C2
10
280.000
20
320.000
30
-307.0261
11
290.000
21
320.000
31
-306.9187
12
290.000
22
330.000
32
-306.8415
13
280.000
23
330.000
33
-306.6100
0
3DFACE
8
C2
10
290.000
20
320.000
30
-306.9187
11
300.000
21
320.000
31
-306.4715
12
300.000
22
330.000
32
-306.4858
13
290.000
23
330.000
33
-306.8415
0
3DFACE
8
C2
10
300.000
20
320.000
30
-306.4715
11
310.000
21
320.000
31
-305.7296
12
310.000
22
330.000
32
-305.7066
13
300.000
23
330.000
33
-306.4858
0
3DFACE
8
C2
10
310.000
20
320.000
30
-305.7296
11
320.000
21
320.000
31
-305.1623
12
320.000
22
330.000
32
-304.9394
13
310.000
23
330.000
33
-305.7066
0
3DFACE
8
C2
10
320.000
20
320.000
30
-305.1623
11
330.000
21
320.000
31
-304.2712
12
330.000
22
330.000
32
-303.8576
13
320.000
23
330.000
33
-304.9394
0
3DFACE
8
C2
10
330.000
20
320.000
30
-304.2712
11
340.000
21
320.000
31
-303.4664
12
340.000
22
330.000
32
-303.0168
13
330.000
23
330.000
33
-303.8576
0
3DFACE
8
C2
10
340.000
20
320.000
30
-303.4664
11
350.000
21
320.000
31
-302.4897
12
350.000
22
330.000
32
-301.9027
13
340.000
23
330.000
33
-303.0168
0
3DFACE
8
C2
10
350.000
20
320.000
30
-302.4897
11
360.000
21
320.000
31
-301.8165
12
360.000
22
330.000
32
-301.0893
13
350.000
23
330.000
33
-301.9027
0
3DFACE
8
C2
10
360.000
20
320.000
30
-301.8165
11
370.000
21
320.000
31
-301.5487
12
370.000
22
330.000
32
-300.6777
13
360.000
23
330.000
33
-301.0893
0
3DFACE
8
C2
10
370.000
20
320.000
30
-301.5487
11
380.000
21
320.000
31
-300.8569
12
380.000
22
330.000
32
-299.8514
13
370.000
23
330.000
33
-300.6777
0
3DFACE
8
C2
10
380.000
20
320.000
30
-300.8569
11
390.000
21
320.000
31
-299.7020
12
390.000
22
330.000
32
-298.6145
13
380.000
23
330.000
33
-299.8514
0
3DFACE
8
C2
10
390.000
20
320.000
30
-299.7020
11
400.000
21
320.000
31
-299.0685
12
400.000
22
330.000
32
-297.8963
13
390.000
23
330.000
33
-298.6145
0
3DFACE
8
C2
10
400.000
20
320.000
30
-299.0685
11
410.000
21
320.000
31
-299.3377
12
410.000
22
330.000
32
-298.1077
13
400.000
23
330.000
33
-297.8963
0
3DFACE
8
C2
10
410.000
20
320.000
30
-299.3377
11
420.000
21
320.000
31
-300.6112
12
420.000
22
330.000
32
-299.4750
13
410.000
23
330.000
33
-298.1077
0
3DFACE
8
C2
10
420.000
20
320.000
30
-300.6112
11
430.000
21
320.000
31
-300.8276
12
430.000
22
330.000
32
-299.6416
13
420.000
23
330.000
33
-299.4750
0
3DFACE
8
C2
10
430.000
20
320.000
30
-300.8276
11
440.000
21
320.000
31
-300.1704
12
440.000
22
330.000
32
-298.8633
13
430.000
23
330.000
33
-299.6416
0
3DFACE
8
C2
10
440.000
20
320.000
30
-300.1704
11
450.000
21
320.000
31
-299.8437
12
450.000
22
330.000
32
-298.5051
13
440.000
23
330.000
33
-298.8633
0
3DFACE
8
C2
10
450.000
20
320.000
30
-299.8437
11
460.000
21
320.000
31
-300.1760
12
460.000
22
330.000
32
-298.9767
13
450.000
23
330.000
33
-298.5051
0
3DFACE
8
C2
10
460.000
20
320.000
30
-300.1760
11
470.000
21
320.000
31
-300.9028
12
470.000
22
330.000
32
-299.9488
13
460.000
23
330.000
33
-298.9767
0
3DFACE
8
C2
10
470.000
20
320.000
30
-300.9028
11
480.000
21
320.000
31
-300.6896
12
480.000
22
330.000
32
-299.7067
13
470.000
23
330.000
33
-299.9488
0
3DFACE
8
C2
10
480.000
20
320.000
30
-300.6896
11
490.000
21
320.000
31
-299.1221
12
490.000
22
330.000
32
-297.7322
13
480.000
23
330.000
33
-299.7067
0
3DFACE
8
C2
10
490.000
20
320.000
30
-299.1221
11
500.000
21
320.000
31
-298.1667
12
500.000
22
330.000
32
-296.4404
13
490.000
23
330.000
33
-297.7322
0
3DFACE
8
C2
10
500.000
20
320.000
30
-298.1667
11
510.000
21
320.000
31
-297.7545
12
510.000
22
330.000
32
-295.8270
13
500.000
23
330.000
33
-296.4404
0
3DFACE
8
C2
10
510.000
20
320.000
30
-297.7545
11
520.000
21
320.000
31
-297.7306
12
520.000
22
330.000
32
-295.7050
13
510.000
23
330.000
33
-295.8270
0
3DFACE
8
C2
10
520.000
20
320.000
30
-297.7306
11
530.000
21
320.000
31
-296.9391
12
530.000
22
330.000
32
-294.4431
13
520.000
23
330.000
33
-295.7050
0
3DFACE
8
C2
10
530.000
20
320.000
30
-296.9391
11
540.000
21
320.000
31
-295.2236
12
540.000
22
330.000
32
-292.0622
13
530.000
23
330.000
33
-294.4431
0
3DFACE
8
C2
10
540.000
20
320.000
30
-295.2236
11
550.000
21
320.000
31
-293.7415
12
550.000
22
330.000
32
-290.1898
13
540.000
23
330.000
33
-292.0622
0
3DFACE
8
C2
10
550.000
20
320.000
30
-293.7415
11
560.000
21
320.000
31
-293.0252
12
560.000
22
330.000
32
-289.5749
13
550.000
23
330.000
33
-290.1898
0
3DFACE
8
C2
10
560.000
20
320.000
30
-293.0252
11
570.000
21
320.000
31
-293.1086
12
570.000
22
330.000
32
-290.1907
13
560.000
23
330.000
33
-289.5749
0
3DFACE
8
C2
10
570.000
20
320.000
30
-293.1086
11
580.000
21
320.000
31
-292.2696
12
580.000
22
330.000
32
-289.5650
13
570.000
23
330.000
33
-290.1907
0
3DFACE
8
C2
10
580.000
20
320.000
30
-292.2696
11
590.000
21
320.000
31
-290.6701
12
590.000
22
330.000
32
-287.9213
13
580.000
23
330.000
33
-289.5650
0
3DFACE
8
C2
10
590.000
20
320.000
30
-290.6701
11
600.000
21
320.000
31
-289.3579
12
600.000
22
330.000
32
-286.8256
13
590.000
23
330.000
33
-287.9213
0
3DFACE
8
C2
10
600.000
20
320.000
30
-289.3579
11
610.000
21
320.000
31
-288.7727
12
610.000
22
330.000
32
-286.6931
13
600.000
23
330.000
33
-286.8256
0
3DFACE
8
C2
10
610.000
20
320.000
30
-288.7727
11
620.000
21
320.000
31
-288.5790
12
620.000
22
330.000
32
-287.0815
13
610.000
23
330.000
33
-286.6931
0
3DFACE
8
C2
10
620.000
20
320.000
30
-288.5790
11
630.000
21
320.000
31
-287.6498
12
630.000
22
330.000
32
-286.3060
13
620.000
23
330.000
33
-287.0815
0
3DFACE
8
C2
10
630.000
20
320.000
30
-287.6498
11
640.000
21
320.000
31
-285.8815
12
640.000
22
330.000
32
-284.1983
13
630.000
23
330.000
33
-286.3060
0
3DFACE
8
C2
10
640.000
20
320.000
30
-285.8815
11
650.000
21
320.000
31
-285.7945
12
650.000
22
330.000
32
-284.0278
13
640.000
23
330.000
33
-284.1983
0
3DFACE
8
C2
10
650.000
20
320.000
30
-285.7945
11
660.000
21
320.000
31
-287.8766
12
660.000
22
330.000
32
-286.4114
13
650.000
23
330.000
33
-284.0278
0
3DFACE
8
C2
10
660.000
20
320.000
30
-287.8766
11
670.000
21
320.000
31
-292.3477
12
670.000
22
330.000
32
-291.2897
13
660.000
23
330.000
33
-286.4114
0
3DFACE
8
C2
10
670.000
20
320.000
30
-292.3477
11
680.000
21
320.000
31
-296.5270
12
680.000
22
330.000
32
-295.7419
13
670.000
23
330.000
33
-291.2897
0
3DFACE
8
C2
10
680.000
20
320.000
30
-296.5270
11
690.000
21
320.000
31
-300.3538
12
690.000
22
330.000
32
-299.6726
13
680.000
23
330.000
33
-295.7419
0
3DFACE
8
C2
10
690.000
20
320.000
30
-300.3538
11
700.000
21
320.000
31
-304.5299
12
700.000
22
330.000
32
-304.1230
13
690.000
23
330.000
33
-299.6726
0
3DFACE
8
C2
10
0.000
20
330.000
30
-305.7256
11
10.000
21
330.000
31
-305.8295
12
10.000
22
340.000
32
-305.9910
13
0.000
23
340.000
33
-305.6256
0
3DFACE
8
C2
10
10.000
20
330.000
30
-305.8295
11
20.000
21
330.000
31
-305.2449
12
20.000
22
340.000
32
-305.5468
13
10.000
23
340.000
33
-305.9910
0
3DFACE
8
C2
10
20.000
20
330.000
30
-305.2449
11
30.000
21
330.000
31
-305.3199
12
30.000
22
340.000
32
-305.8853
13
20.000
23
340.000
33
-305.5468
0
3DFACE
8
C2
10
30.000
20
330.000
30
-305.3199
11
40.000
21
330.000
31
-305.8976
12
40.000
22
340.000
32
-306.8515
13
30.000
23
340.000
33
-305.8853
0
3DFACE
8
C2
10
40.000
20
330.000
30
-305.8976
11
50.000
21
330.000
31
-305.9473
12
50.000
22
340.000
32
-307.1739
13
40.000
23
340.000
33
-306.8515
0
3DFACE
8
C2
10
50.000
20
330.000
30
-305.9473
11
60.000
21
330.000
31
-305.1926
12
60.000
22
340.000
32
-306.4349
13
50.000
23
340.000
33
-307.1739
0
3DFACE
8
C2
10
60.000
20
330.000
30
-305.1926
11
70.000
21
330.000
31
-303.9281
12
70.000
22
340.000
32
-304.9914
13
60.000
23
340.000
33
-306.4349
0
3DFACE
8
C2
10
70.000
20
330.000
30
-303.9281
11
80.000
21
330.000
31
-303.9256
12
80.000
22
340.000
32
-305.0088
13
70.000
23
340.000
33
-304.9914
0
3DFACE
8
C2
10
80.000
20
330.000
30
-303.9256
11
90.000
21
330.000
31
-305.0720
12
90.000
22
340.000
32
-306.3961
13
80.000
23
340.000
33
-305.0088
0
3DFACE
8
C2
10
90.000
20
330.000
30
-305.0720
11
100.000
21
330.000
31
-305.3491
12
100.000
22
340.000
32
-306.7449
13
90.000
23
340.000
33
-306.3961
0
3DFACE
8
C2
10
100.000
20
330.000
30
-305.3491
11
110.000
21
330.000
31
-304.4222
12
110.000
22
340.000
32
-305.5991
13
100.000
23
340.000
33
-306.7449
0
3DFACE
8
C2
10
110.000
20
330.000
30
-304.4222
11
120.000
21
330.000
31
-302.5971
12
120.000
22
340.000
32
-303.3867
13
110.000
23
340.000
33
-305.5991
0
3DFACE
8
C2
10
120.000
20
330.000
30
-302.5971
11
130.000
21
330.000
31
-302.0699
12
130.000
22
340.000
32
-302.7237
13
120.000
23
340.000
33
-303.3867
0
3DFACE
8
C2
10
130.000
20
330.000
30
-302.0699
11
140.000
21
330.000
31
-302.8394
12
140.000
22
340.000
32
-303.6166
13
130.000
23
340.000
33
-302.7237
0
3DFACE
8
C2
10
140.000
20
330.000
30
-302.8394
11
150.000
21
330.000
31
-303.0013
12
150.000
22
340.000
32
-303.7867
13
140.000
23
340.000
33
-303.6166
0
3DFACE
8
C2
10
150.000
20
330.000
30
-303.0013
11
160.000
21
330.000
31
-302.3448
12
160.000
22
340.000
32
-302.9093
13
150.000
23
340.000
33
-303.7867
0
3DFACE
8
C2
10
160.000
20
330.000
30
-302.3448
11
170.000
21
330.000
31
-301.4258
12
170.000
22
340.000
32
-301.6901
13
160.000
23
340.000
33
-302.9093
0
3DFACE
8
C2
10
170.000
20
330.000
30
-301.4258
11
180.000
21
330.000
31
-301.8048
12
180.000
22
340.000
32
-302.0622
13
170.000
23
340.000
33
-301.6901
0
3DFACE
8
C2
10
180.000
20
330.000
30
-301.8048
11
190.000
21
330.000
31
-303.6072
12
190.000
22
340.000
32
-304.1828
13
180.000
23
340.000
33
-302.0622
0
3DFACE
8
C2
10
190.000
20
330.000
30
-303.6072
11
200.000
21
330.000
31
-304.7024
12
200.000
22
340.000
32
-305.4384
13
190.000
23
340.000
33
-304.1828
0
3DFACE
8
C2
10
200.000
20
330.000
30
-304.7024
11
210.000
21
330.000
31
-304.9565
12
210.000
22
340.000
32
-305.5724
13
200.000
23
340.000
33
-305.4384
0
3DFACE
8
C2
10
210.000
20
330.000
30
-304.9565
11
220.000
21
330.000
31
-304.7214
12
220.000
22
340.000
32
-305.0972
13
210.000
23
340.000
33
-305.5724
0
3DFACE
8
C2
10
220.000
20
330.000
30
-304.7214
11
230.000
21
330.000
31
-305.3003
12
230.000
22
340.000
32
-305.6550
13
220.000
23
340.000
33
-305.0972
0
3DFACE
8
C2
10
230.000
20
330.000
30
-305.3003
11
240.000
21
330.000
31
-306.5630
12
240.000
22
340.000
32
-307.0438
13
230.000
23
340.000
33
-305.6550
0
3DFACE
8
C2
10
240.000
20
330.000
30
-306.5630
11
250.000
21
330.000
31
-307.2367
12
250.000
22
340.000
32
-307.7376
13
240.000
23
340.000
33
-307.0438
0
3DFACE
8
C2
10
250.000
20
330.000
30
-307.2367
11
260.000
21
330.000
31
-307.2607
12
260.000
22
340.000
32
-307.6440
13
250.000
23
340.000
33
-307.7376
0
3DFACE
8
C2
10
260.000
20
330.000
30
-307.2607
11
270.000
21
330.000
31
-306.7006
12
270.000
22
340.000
32
-306.9320
13
260.000
23
340.000
33
-307.6440
0
3DFACE
8
C2
10
270.000
20
330.000
30
-306.7006
11
280.000
21
330.000
31
-306.6100
12
280.000
22
340.000
32
-306.8330
13
270.000
23
340.000
33
-306.9320
0
3DFACE
8
C2
10
280.000
20
330.000
30
-306.6100
11
290.000
21
330.000
31
-306.8415
12
290.000
22
340.000
32
-307.1737
13
280.000
23
340.000
33
-306.8330
0
3DFACE
8
C2
10
290.000
20
330.000
30
-306.8415
11
300.000
21
330.000
31
-306.4858
12
300.000
22
340.000
32
-306.8256
13
290.000
23
340.000
33
-307.1737
0
3DFACE
8
C2
10
300.000
20
330.000
30
-306.4858
11
310.000
21
330.000
31
-305.7066
12
310.000
22
340.000
32
-306.0205
13
300.000
23
340.000
33
-306.8256
0
3DFACE
8
C2
10
310.000
20
330.000
30
-305.7066
11
320.000
21
330.000
31
-304.9394
12
320.000
22
340.000
32
-305.1849
13
310.000
23
340.000
33
-306.0205
0
3DFACE
8
C2
10
320.000
20
330.000
30
-304.9394
11
330.000
21
330.000
31
-303.8576
12
330.000
22
340.000
32
-303.9771
13
320.000
23
340.000
33
-305.1849
0
3DFACE
8
C2
10
330.000
20
330.000
30
-303.8576
11
340.000
21
330.000
31
-303.0168
12
340.000
22
340.000
32
-303.0467
13
330.000
23
340.000
33
-303.9771
0
3DFACE
8
C2
10
340.000
20
330.000
30
-303.0168
11
350.000
21
330.000
31
-301.9027
12
350.000
22
340.000
32
-301.8206
13
340.000
23
340.000
33
-303.0467
0
3DFACE
8
C2
10
350.000
20
330.000
30
-301.9027
11
360.000
21
330.000
31
-301.0893
12
360.000
22
340.000
32
-300.8969
13
350.000
23
340.000
33
-301.8206
0
3DFACE
8
C2
10
360.000
20
330.000
30
-301.0893
11
370.000
21
330.000
31
-300.6777
12
370.000
22
340.000
32
-300.4516
13
360.000
23
340.000
33
-300.8969
0
3DFACE
8
C2
10
370.000
20
330.000
30
-300.6777
11
380.000
21
330.000
31
-299.8514
12
380.000
22
340.000
32
-299.5316
13
370.000
23
340.000
33
-300.4516
0
3DFACE
8
C2
10
380.000
20
330.000
30
-299.8514
11
390.000
21
330.000
31
-298.6145
12
390.000
22
340.000
32
-298.1357
13
380.000
23
340.000
33
-299.5316
0
3DFACE
8
C2
10
390.000
20
330.000
30
-298.6145
11
400.000
21
330.000
31
-297.8963
12
400.000
22
340.000
32
-297.2984
13
390.000
23
340.000
33
-298.1357
0
3DFACE
8
C2
10
400.000
20
330.000
30
-297.8963
11
410.000
21
330.000
31
-298.1077
12
410.000
22
340.000
32
-297.5293
13
400.000
23
340.000
33
-297.2984
0
3DFACE
8
C2
10
410.000
20
330.000
30
-298.1077
11
420.000
21
330.000
31
-299.4750
12
420.000
22
340.000
32
-299.0932
13
410.000
23
340.000
33
-297.5293
0
3DFACE
8
C2
10
420.000
20
330.000
30
-299.4750
11
430.000
21
330.000
31
-299.6416
12
430.000
22
340.000
32
-299.2689
13
420.000
23
340.000
33
-299.0932
0
3DFACE
8
C2
10
430.000
20
330.000
30
-299.6416
11
440.000
21
330.000
31
-298.8633
12
440.000
22
340.000
32
-298.2951
13
430.000
23
340.000
33
-299.2689
0
3DFACE
8
C2
10
440.000
20
330.000
30
-298.8633
11
450.000
21
330.000
31
-298.5051
12
450.000
22
340.000
32
-297.8003
13
440.000
23
340.000
33
-298.2951
0
3DFACE
8
C2
10
450.000
20
330.000
30
-298.5051
11
460.000
21
330.000
31
-298.9767
12
460.000
22
340.000
32
-298.3162
13
450.000
23
340.000
33
-297.8003
0
3DFACE
8
C2
10
460.000
20
330.000
30
-298.9767
11
470.000
21
330.000
31
-299.9488
12
470.000
22
340.000
32
-299.3552
13
460.000
23
340.000
33
-298.3162
0
3DFACE
8
C2
10
470.000
20
330.000
30
-299.9488
11
480.000
21
330.000
31
-299.7067
12
480.000
22
340.000
32
-298.8363
13
470.000
23
340.000
33
-299.3552
0
3DFACE
8
C2
10
480.000
20
330.000
30
-299.7067
11
490.000
21
330.000
31
-297.7322
12
490.000
22
340.000
32
-296.1738
13
480.000
23
340.000
33
-298.8363
0
3DFACE
8
C2
10
490.000
20
330.000
30
-297.7322
11
500.000
21
330.000
31
-296.4404
12
500.000
22
340.000
32
-294.3291
13
490.000
23
340.000
33
-296.1738
0
3DFACE
8
C2
10
500.000
20
330.000
30
-296.4404
11
510.000
21
330.000
31
-295.8270
12
510.000
22
340.000
32
-293.4539
13
500.000
23
340.000
33
-294.3291
0
3DFACE
8
C2
10
510.000
20
330.000
30
-295.8270
11
520.000
21
330.000
31
-295.7050
12
520.000
22
340.000
32
-293.2020
13
510.000
23
340.000
33
-293.4539
0
3DFACE
8
C2
10
520.000
20
330.000
30
-295.7050
11
530.000
21
330.000
31
-294.4431
12
530.000
22
340.000
32
-291.5313
13
520.000
23
340.000
33
-293.2020
0
3DFACE
8
C2
10
530.000
20
330.000
30
-294.4431
11
540.000
21
330.000
31
-292.0622
12
540.000
22
340.000
32
-288.5159
13
530.000
23
340.000
33
-291.5313
0
3DFACE
8
C2
10
540.000
20
330.000
30
-292.0622
11
550.000
21
330.000
31
-290.1898
12
550.000
22
340.000
32
-286.3785
13
540.000
23
340.000
33
-288.5159
0
3DFACE
8
C2
10
550.000
20
330.000
30
-290.1898
11
560.000
21
330.000
31
-289.5749
12
560.000
22
340.000
32
-286.0682
13
550.000
23
340.000
33
-286.3785
0
3DFACE
8
C2
10
560.000
20
330.000
30
-289.5749
11
570.000
21
330.000
31
-290.1907
12
570.000
22
340.000
32
-287.4177
13
560.000
23
340.000
33
-286.0682
0
3DFACE
8
C2
10
570.000
20
330.000
30
-290.1907
11
580.000
21
330.000
31
-289.5650
12
580.000
22
340.000
32
-287.1995
13
570.000
23
340.000
33
-287.4177
0
3DFACE
8
C2
10
580.000
20
330.000
30
-289.5650
11
590.000
21
330.000
31
-287.9213
12
590.000
22
340.000
32
-285.5757
13
580.000
23
340.000
33
-287.1995
0
3DFACE
8
C2
10
590.000
20
330.000
30
-287.9213
11
600.000
21
330.000
31
-286.8256
12
600.000
22
340.000
32
-284.6629
13
590.000
23
340.000
33
-285.5757
0
3DFACE
8
C2
10
600.000
20
330.000
30
-286.8256
11
610.000
21
330.000
31
-286.6931
12
610.000
22
340.000
32
-285.1404
13
600.000
23
340.000
33
-284.6629
0
3DFACE
8
C2
10
610.000
20
330.000
30
-286.6931
11
620.000
21
330.000
31
-287.0815
12
620.000
22
340.000
32
-286.1798
13
610.000
23
340.000
33
-285.1404
0
3DFACE
8
C2
10
620.000
20
330.000
30
-287.0815
11
630.000
21
330.000
31
-286.3060
12
630.000
22
340.000
32
-285.5324
13
620.000
23
340.000
33
-286.1798
0
3DFACE
8
C2
10
630.000
20
330.000
30
-286.3060
11
640.000
21
330.000
31
-284.1983
12
640.000
22
340.000
32
-282.9564
13
630.000
23
340.000
33
-285.5324
0
3DFACE
8
C2
10
640.000
20
330.000
30
-284.1983
11
650.000
21
330.000
31
-284.0278
12
650.000
22
340.000
32
-282.5379
13
640.000
23
340.000
33
-282.9564
0
3DFACE
8
C2
10
650.000
20
330.000
30
-284.0278
11
660.000
21
330.000
31
-286.4114
12
660.000
22
340.000
32
-285.2709
13
650.000
23
340.000
33
-282.5379
0
3DFACE
8
C2
10
660.000
20
330.000
30
-286.4114
11
670.000
21
330.000
31
-291.2897
12
670.000
22
340.000
32
-290.4478
13
660.000
23
340.000
33
-285.2709
0
3DFACE
8
C2
10
670.000
20
330.000
30
-291.2897
11
680.000
21
330.000
31
-295.7419
12
680.000
22
340.000
32
-294.9708
13
670.000
23
340.000
33
-290.4478
0
3DFACE
8
C2
10
680.000
20
330.000
30
-295.7419
11
690.000
21
330.000
31
-299.6726
12
690.000
22
340.000
32
-298.7765
13
680.000
23
340.000
33
-294.9708
0
3DFACE
8
C2
10
690.000
20
330.000
30
-299.6726
11
700.000
21
330.000
31
-304.1230
12
700.000
22
340.000
32
-303.2994
13
690.000
23
340.000
33
-298.7765
0
3DFACE
8
C2
10
0.000
20
340.000
30
-305.6256
11
10.000
21
340.000
31
-305.9910
12
10.000
22
350.000
32
-306.9032
13
0.000
23
350.000
33
-306.3956
0
3DFACE
8
C2
10
10.000
20
340.000
30
-305.9910
11
20.000
21
340.000
31
-305.5468
12
20.000
22
350.000
32
-306.5639
13
10.000
23
350.000
33
-306.9032
0
3DFACE
8
C2
10
20.000
20
340.000
30
-305.5468
11
30.000
21
340.000
31
-305.8853
12
30.000
22
350.000
32
-307.0600
13
20.000
23
350.000
33
-306.5639
0
3DFACE
8
C2
10
30.000
20
340.000
30
-305.8853
11
40.000
21
340.000
31
-306.8515
12
40.000
22
350.000
32
-308.2300
13
30.000
23
350.000
33
-307.0600
0
3DFACE
8
C2
10
40.000
20
340.000
30
-306.8515
11
50.000
21
340.000
31
-307.1739
12
50.000
22
350.000
32
-308.7131
13
40.000
23
350.000
33
-308.2300
0
3DFACE
8
C2
10
50.000
20
340.000
30
-307.1739
11
60.000
21
340.000
31
-306.4349
12
60.000
22
350.000
32
-308.0109
13
50.000
23
350.000
33
-308.7131
0
3DFACE
8
C2
10
60.000
20
340.000
30
-306.4349
11
70.000
21
340.000
31
-304.9914
12
70.000
22
350.000
32
-306.5707
13
60.000
23
350.000
33
-308.0109
0
3DFACE
8
C2
10
70.000
20
340.000
30
-304.9914
11
80.000
21
340.000
31
-305.0088
12
80.000
22
350.000
32
-306.6142
13
70.000
23
350.000
33
-306.5707
0
3DFACE
8
C2
10
80.000
20
340.000
30
-305.0088
11
90.000
21
340.000
31
-306.3961
12
90.000
22
350.000
32
-308.0851
13
80.000
23
350.000
33
-306.6142
0
3DFACE
8
C2
10
90.000
20
340.000
30
-306.3961
11
100.000
21
340.000
31
-306.7449
12
100.000
22
350.000
32
-308.4557
13
90.000
23
350.000
33
-308.0851
0
3DFACE
8
C2
10
100.000
20
340.000
30
-306.7449
11
110.000
21
340.000
31
-305.5991
12
110.000
22
350.000
32
-307.2242
13
100.000
23
350.000
33
-308.4557
0
3DFACE
8
C2
10
110.000
20
340.000
30
-305.5991
11
120.000
21
340.000
31
-303.3867
12
120.000
22
350.000
32
-304.8802
13
110.000
23
350.000
33
-307.2242
0
3DFACE
8
C2
10
120.000
20
340.000
30
-303.3867
11
130.000
21
340.000
31
-302.7237
12
130.000
22
350.000
32
-304.1334
13
120.000
23
350.000
33
-304.8802
0
3DFACE
8
C2
10
130.000
20
340.000
30
-302.7237
11
140.000
21
340.000
31
-303.6166
12
140.000
22
350.000
32
-305.0033
13
130.000
23
350.000
33
-304.1334
0
3DFACE
8
C2
10
140.000
20
340.000
30
-303.6166
11
150.000
21
340.000
31
-303.7867
12
150.000
22
350.000
32
-305.1169
13
140.000
23
350.000
33
-305.0033
0
3DFACE
8
C2
10
150.000
20
340.000
30
-303.7867
11
160.000
21
340.000
31
-302.9093
12
160.000
22
350.000
32
-304.0737
13
150.000
23
350.000
33
-305.1169
0
3DFACE
8
C2
10
160.000
20
340.000
30
-302.9093
11
170.000
21
340.000
31
-301.6901
12
170.000
22
350.000
32
-302.5852
13
160.000
23
350.000
33
-304.0737
0
3DFACE
8
C2
10
170.000
20
340.000
30
-301.6901
11
180.000
21
340.000
31
-302.0622
12
180.000
22
350.000
32
-302.8725
13
170.000
23
350.000
33
-302.5852
0
3DFACE
8
C2
10
180.000
20
340.000
30
-302.0622
11
190.000
21
340.000
31
-304.1828
12
190.000
22
350.000
32
-305.0511
13
180.000
23
350.000
33
-302.8725
0
3DFACE
8
C2
10
190.000
20
340.000
30
-304.1828
11
200.000
21
340.000
31
-305.4384
12
200.000
22
350.000
32
-306.3141
13
190.000
23
350.000
33
-305.0511
0
3DFACE
8
C2
10
200.000
20
340.000
30
-305.4384
11
210.000
21
340.000
31
-305.5724
12
210.000
22
350.000
32
-306.2902
13
200.000
23
350.000
33
-306.3141
0
3DFACE
8
C2
10
210.000
20
340.000
30
-305.5724
11
220.000
21
340.000
31
-305.0972
12
220.000
22
350.000
32
-305.5311
13
210.000
23
350.000
33
-306.2902
0
3DFACE
8
C2
10
220.000
20
340.000
30
-305.0972
11
230.000
21
340.000
31
-305.6550
12
230.000
22
350.000
32
-305.9904
13
220.000
23
350.000
33
-305.5311
0
3DFACE
8
C2
10
230.000
20
340.000
30
-305.6550
11
240.000
21
340.000
31
-307.0438
12
240.000
22
350.000
32
-307.3938
13
230.000
23
350.000
33
-305.9904
0
3DFACE
8
C2
10
240.000
20
340.000
30
-307.0438
11
250.000
21
340.000
31
-307.7376
12
250.000
22
350.000
32
-308.0044
13
240.000
23
350.000
33
-307.3938
0
3DFACE
8
C2
10
250.000
20
340.000
30
-307.7376
11
260.000
21
340.000
31
-307.6440
12
260.000
22
350.000
32
-307.7407
13
250.000
23
350.000
33
-308.0044
0
3DFACE
8
C2
10
260.000
20
340.000
30
-307.6440
11
270.000
21
340.000
31
-306.9320
12
270.000
22
350.000
32
-306.8050
13
260.000
23
350.000
33
-307.7407
0
3DFACE
8
C2
10
270.000
20
340.000
30
-306.9320
11
280.000
21
340.000
31
-306.8330
12
280.000
22
350.000
32
-306.6787
13
270.000
23
350.000
33
-306.8050
0
3DFACE
8
C2
10
280.000
20
340.000
30
-306.8330
11
290.000
21
340.000
31
-307.1737
12
290.000
22
350.000
32
-307.1474
13
280.000
23
350.000
33
-306.6787
0
3DFACE
8
C2
10
290.000
20
340.000
30
-307.1737
11
300.000
21
340.000
31
-306.8256
12
300.000
22
350.000
32
-306.8211
13
290.000
23
350.000
33
-307.1474
0
3DFACE
8
C2
10
300.000
20
340.000
30
-306.8256
11
310.000
21
340.000
31
-306.0205
12
310.000
22
350.000
32
-306.0119
13
300.000
23
350.000
33
-306.8211
0
3DFACE
8
C2
10
310.000
20
340.000
30
-306.0205
11
320.000
21
340.000
31
-305.1849
12
320.000
22
350.000
32
-305.0316
13
310.000
23
350.000
33
-306.0119
0
3DFACE
8
C2
10
320.000
20
340.000
30
-305.1849
11
330.000
21
340.000
31
-303.9771
12
330.000
22
350.000
32
-303.7143
13
320.000
23
350.000
33
-305.0316
0
3DFACE
8
C2
10
330.000
20
340.000
30
-303.9771
11
340.000
21
340.000
31
-303.0467
12
340.000
22
350.000
32
-302.8030
13
330.000
23
350.000
33
-303.7143
0
3DFACE
8
C2
10
340.000
20
340.000
30
-303.0467
11
350.000
21
340.000
31
-301.8206
12
350.000
22
350.000
32
-301.5161
13
340.000
23
350.000
33
-302.8030
0
3DFACE
8
C2
10
350.000
20
340.000
30
-301.8206
11
360.000
21
340.000
31
-300.8969
12
360.000
22
350.000
32
-300.4798
13
350.000
23
350.000
33
-301.5161
0
3DFACE
8
C2
10
360.000
20
340.000
30
-300.8969
11
370.000
21
340.000
31
-300.4516
12
370.000
22
350.000
32
-299.8938
13
360.000
23
350.000
33
-300.4798
0
3DFACE
8
C2
10
370.000
20
340.000
30
-300.4516
11
380.000
21
340.000
31
-299.5316
12
380.000
22
350.000
32
-298.8364
13
370.000
23
350.000
33
-299.8938
0
3DFACE
8
C2
10
380.000
20
340.000
30
-299.5316
11
390.000
21
340.000
31
-298.1357
12
390.000
22
350.000
32
-297.3933
13
380.000
23
350.000
33
-298.8364
0
3DFACE
8
C2
10
390.000
20
340.000
30
-298.1357
11
400.000
21
340.000
31
-297.2984
12
400.000
22
350.000
32
-296.4454
13
390.000
23
350.000
33
-297.3933
0
3DFACE
8
C2
10
400.000
20
340.000
30
-297.2984
11
410.000
21
340.000
31
-297.5293
12
410.000
22
350.000
32
-296.5339
13
400.000
23
350.000
33
-296.4454
0
3DFACE
8
C2
10
410.000
20
340.000
30
-297.5293
11
420.000
21
340.000
31
-299.0932
12
420.000
22
350.000
32
-297.8619
13
410.000
23
350.000
33
-296.5339
0
3DFACE
8
C2
10
420.000
20
340.000
30
-299.0932
11
430.000
21
340.000
31
-299.2689
12
430.000
22
350.000
32
-297.9078
13
420.000
23
350.000
33
-297.8619
0
3DFACE
8
C2
10
430.000
20
340.000
30
-299.2689
11
440.000
21
340.000
31
-298.2951
12
440.000
22
350.000
32
-296.8027
13
430.000
23
350.000
33
-297.9078
0
3DFACE
8
C2
10
440.000
20
340.000
30
-298.2951
11
450.000
21
340.000
31
-297.8003
12
450.000
22
350.000
32
-296.2376
13
440.000
23
350.000
33
-296.8027
0
3DFACE
8
C2
10
450.000
20
340.000
30
-297.8003
11
460.000
21
340.000
31
-298.3162
12
460.000
22
350.000
32
-296.8122
13
450.000
23
350.000
33
-296.2376
0
3DFACE
8
C2
10
460.000
20
340.000
30
-298.3162
11
470.000
21
340.000
31
-299.3552
12
470.000
22
350.000
32
-298.0484
13
460.000
23
350.000
33
-296.8122
0
3DFACE
8
C2
10
470.000
20
340.000
30
-299.3552
11
480.000
21
340.000
31
-298.8363
12
480.000
22
350.000
32
-297.3994
13
470.000
23
350.000
33
-298.0484
0
3DFACE
8
C2
10
480.000
20
340.000
30
-298.8363
11
490.000
21
340.000
31
-296.1738
12
490.000
22
350.000
32
-294.4815
13
480.000
23
350.000
33
-297.3994
0
3DFACE
8
C2
10
490.000
20
340.000
30
-296.1738
11
500.000
21
340.000
31
-294.3291
12
500.000
22
350.000
32
-292.2981
13
490.000
23
350.000
33
-294.4815
0
3DFACE
8
C2
10
500.000
20
340.000
30
-294.3291
11
510.000
21
340.000
31
-293.4539
12
510.000
22
350.000
32
-291.2548
13
500.000
23
350.000
33
-292.2981
0
3DFACE
8
C2
10
510.000
20
340.000
30
-293.4539
11
520.000
21
340.000
31
-293.2020
12
520.000
22
350.000
32
-290.9469
13
510.000
23
350.000
33
-291.2548
0
3DFACE
8
C2
10
520.000
20
340.000
30
-293.2020
11
530.000
21
340.000
31
-291.5313
12
530.000
22
350.000
32
-288.9455
13
520.000
23
350.000
33
-290.9469
0
3DFACE
8
C2
10
530.000
20
340.000
30
-291.5313
11
540.000
21
340.000
31
-288.5159
12
540.000
22
350.000
32
-285.3668
13
530.000
23
350.000
33
-288.9455
0
3DFACE
8
C2
10
540.000
20
340.000
30
-288.5159
11
550.000
21
340.000
31
-286.3785
12
550.000
22
350.000
32
-282.9964
13
540.000
23
350.000
33
-285.3668
0
3DFACE
8
C2
10
550.000
20
340.000
30
-286.3785
11
560.000
21
340.000
31
-286.0682
12
560.000
22
350.000
32
-282.9357
13
550.000
23
350.000
33
-282.9964
0
3DFACE
8
C2
10
560.000
20
340.000
30
-286.0682
11
570.000
21
340.000
31
-287.4177
12
570.000
22
350.000
32
-284.8508
13
560.000
23
350.000
33
-282.9357
0
3DFACE
8
C2
10
570.000
20
340.000
30
-287.4177
11
580.000
21
340.000
31
-287.1995
12
580.000
22
350.000
32
-284.8978
13
570.000
23
350.000
33
-284.8508
0
3DFACE
8
C2
10
580.000
20
340.000
30
-287.1995
11
590.000
21
340.000
31
-285.5757
12
590.000
22
350.000
32
-283.2228
13
580.000
23
350.000
33
-284.8978
0
3DFACE
8
C2
10
590.000
20
340.000
30
-285.5757
11
600.000
21
340.000
31
-284.6629
12
600.000
22
350.000
32
-282.4569
13
590.000
23
350.000
33
-283.2228
0
3DFACE
8
C2
10
600.000
20
340.000
30
-284.6629
11
610.000
21
340.000
31
-285.1404
12
610.000
22
350.000
32
-283.3855
13
600.000
23
350.000
33
-282.4569
0
3DFACE
8
C2
10
610.000
20
340.000
30
-285.1404
11
620.000
21
340.000
31
-286.1798
12
620.000
22
350.000
32
-285.0986
13
610.000
23
350.000
33
-283.3855
0
3DFACE
8
C2
10
620.000
20
340.000
30
-286.1798
11
630.000
21
340.000
31
-285.5324
12
630.000
22
350.000
32
-284.6228
13
620.000
23
350.000
33
-285.0986
0
3DFACE
8
C2
10
630.000
20
340.000
30
-285.5324
11
640.000
21
340.000
31
-282.9564
12
640.000
22
350.000
32
-281.7264
13
630.000
23
350.000
33
-284.6228
0
3DFACE
8
C2
10
640.000
20
340.000
30
-282.9564
11
650.000
21
340.000
31
-282.5379
12
650.000
22
350.000
32
-281.1089
13
640.000
23
350.000
33
-281.7264
0
3DFACE
8
C2
10
650.000
20
340.000
30
-282.5379
11
660.000
21
340.000
31
-285.2709
12
660.000
22
350.000
32
-283.9552
13
650.000
23
350.000
33
-281.1089
0
3DFACE
8
C2
10
660.000
20
340.000
30
-285.2709
11
670.000
21
340.000
31
-290.4478
12
670.000
22
350.000
32
-289.2717
13
660.000
23
350.000
33
-283.9552
0
3DFACE
8
C2
10
670.000
20
340.000
30
-290.4478
11
680.000
21
340.000
31
-294.9708
12
680.000
22
350.000
32
-293.7392
13
670.000
23
350.000
33
-289.2717
0
3DFACE
8
C2
10
680.000
20
340.000
30
-294.9708
11
690.000
21
340.000
31
-298.7765
12
690.000
22
350.000
32
-297.2500
13
680.000
23
350.000
33
-293.7392
0
3DFACE
8
C2
10
690.000
20
340.000
30
-298.7765
11
700.000
21
340.000
31
-303.2994
12
700.000
22
350.000
32
-301.7195
13
690.000
23
350.000
33
-297.2500
0
3DFACE
8
C2
10
0.000
20
350.000
30
-306.3956
11
10.000
21
350.000
31
-306.9032
12
10.000
22
360.000
32
-307.7737
13
0.000
23
360.000
33
-307.1166
0
3DFACE
8
C2
10
10.000
20
350.000
30
-306.9032
11
20.000
21
350.000
31
-306.5639
12
20.000
22
360.000
32
-307.5639
13
10.000
23
360.000
33
-307.7737
0
3DFACE
8
C2
10
20.000
20
350.000
30
-306.5639
11
30.000
21
350.000
31
-307.0600
12
30.000
22
360.000
32
-308.2295
13
20.000
23
360.000
33
-307.5639
0
3DFACE
8
C2
10
30.000
20
350.000
30
-307.0600
11
40.000
21
350.000
31
-308.2300
12
40.000
22
360.000
32
-309.5421
13
30.000
23
360.000
33
-308.2295
0
3DFACE
8
C2
10
40.000
20
350.000
30
-308.2300
11
50.000
21
350.000
31
-308.7131
12
50.000
22
360.000
32
-310.0757
13
40.000
23
360.000
33
-309.5421
0
3DFACE
8
C2
10
50.000
20
350.000
30
-308.7131
11
60.000
21
350.000
31
-308.0109
12
60.000
22
360.000
32
-309.4514
13
50.000
23
360.000
33
-310.0757
0
3DFACE
8
C2
10
60.000
20
350.000
30
-308.0109
11
70.000
21
350.000
31
-306.5707
12
70.000
22
360.000
32
-308.0708
13
60.000
23
360.000
33
-309.4514
0
3DFACE
8
C2
10
70.000
20
350.000
30
-306.5707
11
80.000
21
350.000
31
-306.6142
12
80.000
22
360.000
32
-308.1257
13
70.000
23
360.000
33
-308.0708
0
3DFACE
8
C2
10
80.000
20
350.000
30
-306.6142
11
90.000
21
350.000
31
-308.0851
12
90.000
22
360.000
32
-309.5945
13
80.000
23
360.000
33
-308.1257
0
3DFACE
8
C2
10
90.000
20
350.000
30
-308.0851
11
100.000
21
350.000
31
-308.4557
12
100.000
22
360.000
32
-309.9140
13
90.000
23
360.000
33
-309.5945
0
3DFACE
8
C2
10
100.000
20
350.000
30
-308.4557
11
110.000
21
350.000
31
-307.2242
12
110.000
22
360.000
32
-308.6810
13
100.000
23
360.000
33
-309.9140
0
3DFACE
8
C2
10
110.000
20
350.000
30
-307.2242
11
120.000
21
350.000
31
-304.8802
12
120.000
22
360.000
32
-306.3209
13
110.000
23
360.000
33
-308.6810
0
3DFACE
8
C2
10
120.000
20
350.000
30
-304.8802
11
130.000
21
350.000
31
-304.1334
12
130.000
22
360.000
32
-305.5385
13
120.000
23
360.000
33
-306.3209
0
3DFACE
8
C2
10
130.000
20
350.000
30
-304.1334
11
140.000
21
350.000
31
-305.0033
12
140.000
22
360.000
32
-306.3382
13
130.000
23
360.000
33
-305.5385
0
3DFACE
8
C2
10
140.000
20
350.000
30
-305.0033
11
150.000
21
350.000
31
-305.1169
12
150.000
22
360.000
32
-306.3627
13
140.000
23
360.000
33
-306.3382
0
3DFACE
8
C2
10
150.000
20
350.000
30
-305.1169
11
160.000
21
350.000
31
-304.0737
12
160.000
22
360.000
32
-305.2388
13
150.000
23
360.000
33
-306.3627
0
3DFACE
8
C2
10
160.000
20
350.000
30
-304.0737
11
170.000
21
350.000
31
-302.5852
12
170.000
22
360.000
32
-303.5570
13
160.000
23
360.000
33
-305.2388
0
3DFACE
8
C2
10
170.000
20
350.000
30
-302.5852
11
180.000
21
350.000
31
-302.8725
12
180.000
22
360.000
32
-303.7673
13
170.000
23
360.000
33
-303.5570
0
3DFACE
8
C2
10
180.000
20
350.000
30
-302.8725
11
190.000
21
350.000
31
-305.0511
12
190.000
22
360.000
32
-305.9004
13
180.000
23
360.000
33
-303.7673
0
3DFACE
8
C2
10
190.000
20
350.000
30
-305.0511
11
200.000
21
350.000
31
-306.3141
12
200.000
22
360.000
32
-307.0813
13
190.000
23
360.000
33
-305.9004
0
3DFACE
8
C2
10
200.000
20
350.000
30
-306.3141
11
210.000
21
350.000
31
-306.2902
12
210.000
22
360.000
32
-306.9497
13
200.000
23
360.000
33
-307.0813
0
3DFACE
8
C2
10
210.000
20
350.000
30
-306.2902
11
220.000
21
350.000
31
-305.5311
12
220.000
22
360.000
32
-305.9542
13
210.000
23
360.000
33
-306.9497
0
3DFACE
8
C2
10
220.000
20
350.000
30
-305.5311
11
230.000
21
350.000
31
-305.9904
12
230.000
22
360.000
32
-306.3545
13
220.000
23
360.000
33
-305.9542
0
3DFACE
8
C2
10
230.000
20
350.000
30
-305.9904
11
240.000
21
350.000
31
-307.3938
12
240.000
22
360.000
32
-307.8256
13
230.000
23
360.000
33
-306.3545
0
3DFACE
8
C2
10
240.000
20
350.000
30
-307.3938
11
250.000
21
350.000
31
-308.0044
12
250.000
22
360.000
32
-308.3899
13
240.000
23
360.000
33
-307.8256
0
3DFACE
8
C2
10
250.000
20
350.000
30
-308.0044
11
260.000
21
350.000
31
-307.7407
12
260.000
22
360.000
32
-308.0795
13
250.000
23
360.000
33
-308.3899
0
3DFACE
8
C2
10
260.000
20
350.000
30
-307.7407
11
270.000
21
350.000
31
-306.8050
12
270.000
22
360.000
32
-306.9918
13
260.000
23
360.000
33
-308.0795
0
3DFACE
8
C2
10
270.000
20
350.000
30
-306.8050
11
280.000
21
350.000
31
-306.6787
12
280.000
22
360.000
32
-306.8862
13
270.000
23
360.000
33
-306.9918
0
3DFACE
8
C2
10
280.000
20
350.000
30
-306.6787
11
290.000
21
350.000
31
-307.1474
12
290.000
22
360.000
32
-307.5093
13
280.000
23
360.000
33
-306.8862
0
3DFACE
8
C2
10
290.000
20
350.000
30
-307.1474
11
300.000
21
350.000
31
-306.8211
12
300.000
22
360.000
32
-307.1749
13
290.000
23
360.000
33
-307.5093
0
3DFACE
8
C2
10
300.000
20
350.000
30
-306.8211
11
310.000
21
350.000
31
-306.0119
12
310.000
22
360.000
32
-306.3207
13
300.000
23
360.000
33
-307.1749
0
3DFACE
8
C2
10
310.000
20
350.000
30
-306.0119
11
320.000
21
350.000
31
-305.0316
12
320.000
22
360.000
32
-305.1584
13
310.000
23
360.000
33
-306.3207
0
3DFACE
8
C2
10
320.000
20
350.000
30
-305.0316
11
330.000
21
350.000
31
-303.7143
12
330.000
22
360.000
32
-303.6649
13
320.000
23
360.000
33
-305.1584
0
3DFACE
8
C2
10
330.000
20
350.000
30
-303.7143
11
340.000
21
350.000
31
-302.8030
12
340.000
22
360.000
32
-302.7448
13
330.000
23
360.000
33
-303.6649
0
3DFACE
8
C2
10
340.000
20
350.000
30
-302.8030
11
350.000
21
350.000
31
-301.5161
12
350.000
22
360.000
32
-301.3344
13
340.000
23
360.000
33
-302.7448
0
3DFACE
8
C2
10
350.000
20
350.000
30
-301.5161
11
360.000
21
350.000
31
-300.4798
12
360.000
22
360.000
32
-300.1418
13
350.000
23
360.000
33
-301.3344
0
3DFACE
8
C2
10
360.000
20
350.000
30
-300.4798
11
370.000
21
350.000
31
-299.8938
12
370.000
22
360.000
32
-299.3911
13
360.000
23
360.000
33
-300.1418
0
3DFACE
8
C2
10
370.000
20
350.000
30
-299.8938
11
380.000
21
350.000
31
-298.8364
12
380.000
22
360.000
32
-298.1567
13
370.000
23
360.000
33
-299.3911
0
3DFACE
8
C2
10
380.000
20
350.000
30
-298.8364
11
390.000
21
350.000
31
-297.3933
12
390.000
22
360.000
32
-296.6705
13
380.000
23
360.000
33
-298.1567
0
3DFACE
8
C2
10
390.000
20
350.000
30
-297.3933
11
400.000
21
350.000
31
-296.4454
12
400.000
22
360.000
32
-295.6391
13
390.000
23
360.000
33
-296.6705
0
3DFACE
8
C2
10
400.000
20
350.000
30
-296.4454
11
410.000
21
350.000
31
-296.5339
12
410.000
22
360.000
32
-295.5356
13
400.000
23
360.000
33
-295.6391
0
3DFACE
8
C2
10
410.000
20
350.000
30
-296.5339
11
420.000
21
350.000
31
-297.8619
12
420.000
22
360.000
32
-296.5342
13
410.000
23
360.000
33
-295.5356
0
3DFACE
8
C2
10
420.000
20
350.000
30
-297.8619
11
430.000
21
350.000
31
-297.9078
12
430.000
22
360.000
32
-296.4017
13
420.000
23
360.000
33
-296.5342
0
3DFACE
8
C2
10
430.000
20
350.000
30
-297.9078
11
440.000
21
350.000
31
-296.8027
12
440.000
22
360.000
32
-295.1783
13
430.000
23
360.000
33
-296.4017
0
3DFACE
8
C2
10
440.000
20
350.000
30
-296.8027
11
450.000
21
350.000
31
-296.2376
12
450.000
22
360.000
32
-294.5786
13
440.000
23
360.000
33
-295.1783
0
3DFACE
8
C2
10
450.000
20
350.000
30
-296.2376
11
460.000
21
350.000
31
-296.8122
12
460.000
22
360.000
32
-295.1020
13
450.000
23
360.000
33
-294.5786
0
3DFACE
8
C2
10
460.000
20
350.000
30
-296.8122
11
470.000
21
350.000
31
-298.0484
12
470.000
22
360.000
32
-296.5008
13
460.000
23
360.000
33
-295.1020
0
3DFACE
8
C2
10
470.000
20
350.000
30
-298.0484
11
480.000
21
350.000
31
-297.3994
12
480.000
22
360.000
32
-295.7314
13
470.000
23
360.000
33
-296.5008
0
3DFACE
8
C2
10
480.000
20
350.000
30
-297.3994
11
490.000
21
350.000
31
-294.4815
12
490.000
22
360.000
32
-292.7183
13
480.000
23
360.000
33
-295.7314
0
3DFACE
8
C2
10
490.000
20
350.000
30
-294.4815
11
500.000
21
350.000
31
-292.2981
12
500.000
22
360.000
32
-290.3161
13
490.000
23
360.000
33
-292.7183
0
3DFACE
8
C2
10
500.000
20
350.000
30
-292.2981
11
510.000
21
350.000
31
-291.2548
12
510.000
22
360.000
32
-289.1126
13
500.000
23
360.000
33
-290.3161
0
3DFACE
8
C2
10
510.000
20
350.000
30
-291.2548
11
520.000
21
350.000
31
-290.9469
12
520.000
22
360.000
32
-288.8597
13
510.000
23
360.000
33
-289.1126
0
3DFACE
8
C2
10
520.000
20
350.000
30
-290.9469
11
530.000
21
350.000
31
-288.9455
12
530.000
22
360.000
32
-286.7081
13
520.000
23
360.000
33
-288.8597
0
3DFACE
8
C2
10
530.000
20
350.000
30
-288.9455
11
540.000
21
350.000
31
-285.3668
12
540.000
22
360.000
32
-282.7206
13
530.000
23
360.000
33
-286.7081
0
3DFACE
8
C2
10
540.000
20
350.000
30
-285.3668
11
550.000
21
350.000
31
-282.9964
12
550.000
22
360.000
32
-280.3164
13
540.000
23
360.000
33
-282.7206
0
3DFACE
8
C2
10
550.000
20
350.000
30
-282.9964
11
560.000
21
350.000
31
-282.9357
12
560.000
22
360.000
32
-280.4117
13
550.000
23
360.000
33
-280.3164
0
3DFACE
8
C2
10
560.000
20
350.000
30
-282.9357
11
570.000
21
350.000
31
-284.8508
12
570.000
22
360.000
32
-282.8306
13
560.000
23
360.000
33
-280.4117
0
3DFACE
8
C2
10
570.000
20
350.000
30
-284.8508
11
580.000
21
350.000
31
-284.8978
12
580.000
22
360.000
32
-283.0547
13
570.000
23
360.000
33
-282.8306
0
3DFACE
8
C2
10
580.000
20
350.000
30
-284.8978
11
590.000
21
350.000
31
-283.2228
12
590.000
22
360.000
32
-281.2744
13
580.000
23
360.000
33
-283.0547
0
3DFACE
8
C2
10
590.000
20
350.000
30
-283.2228
11
600.000
21
350.000
31
-282.4569
12
600.000
22
360.000
32
-280.6297
13
590.000
23
360.000
33
-281.2744
0
3DFACE
8
C2
10
600.000
20
350.000
30
-282.4569
11
610.000
21
350.000
31
-283.3855
12
610.000
22
360.000
32
-281.8317
13
600.000
23
360.000
33
-280.6297
0
3DFACE
8
C2
10
610.000
20
350.000
30
-283.3855
11
620.000
21
350.000
31
-285.0986
12
620.000
22
360.000
32
-284.0714
13
610.000
23
360.000
33
-281.8317
0
3DFACE
8
C2
10
620.000
20
350.000
30
-285.0986
11
630.000
21
350.000
31
-284.6228
12
630.000
22
360.000
32
-283.7709
13
620.000
23
360.000
33
-284.0714
0
3DFACE
8
C2
10
630.000
20
350.000
30
-284.6228
11
640.000
21
350.000
31
-281.7264
12
640.000
22
360.000
32
-280.6369
13
630.000
23
360.000
33
-283.7709
0
3DFACE
8
C2
10
640.000
20
350.000
30
-281.7264
11
650.000
21
350.000
31
-281.1089
12
650.000
22
360.000
32
-279.9607
13
640.000
23
360.000
33
-280.6369
0
3DFACE
8
C2
10
650.000
20
350.000
30
-281.1089
11
660.000
21
350.000
31
-283.9552
12
660.000
22
360.000
32
-282.7502
13
650.000
23
360.000
33
-279.9607
0
3DFACE
8
C2
10
660.000
20
350.000
30
-283.9552
11
670.000
21
350.000
31
-289.2717
12
670.000
22
360.000
32
-288.0056
13
660.000
23
360.000
33
-282.7502
0
3DFACE
8
C2
10
670.000
20
350.000
30
-289.2717
11
680.000
21
350.000
31
-293.7392
12
680.000
22
360.000
32
-292.3199
13
670.000
23
360.000
33
-288.0056
0
3DFACE
8
C2
10
680.000
20
350.000
30
-293.7392
11
690.000
21
350.000
31
-297.2500
12
690.000
22
360.000
32
-295.4073
13
680.000
23
360.000
33
-292.3199
0
3DFACE
8
C2
10
690.000
20
350.000
30
-297.2500
11
700.000
21
350.000
31
-301.7195
12
700.000
22
360.000
32
-299.7305
13
690.000
23
360.000
33
-295.4073
0
3DFACE
8
C2
10
0.000
20
360.000
30
-307.1166
11
10.000
21
360.000
31
-307.7737
12
10.000
22
370.000
32
-309.7480
13
0.000
23
370.000
33
-309.1261
0
3DFACE
8
C2
10
10.000
20
360.000
30
-307.7737
11
20.000
21
360.000
31
-307.5639
12
20.000
22
370.000
32
-309.6302
13
10.000
23
370.000
33
-309.7480
0
3DFACE
8
C2
10
20.000
20
360.000
30
-307.5639
11
30.000
21
360.000
31
-308.2295
12
30.000
22
370.000
32
-310.2654
13
20.000
23
370.000
33
-309.6302
0
3DFACE
8
C2
10
30.000
20
360.000
30
-308.2295
11
40.000
21
360.000
31
-309.5421
12
40.000
22
370.000
32
-311.4274
13
30.000
23
370.000
33
-310.2654
0
3DFACE
8
C2
10
40.000
20
360.000
30
-309.5421
11
50.000
21
360.000
31
-310.0757
12
50.000
22
370.000
32
-311.9058
13
40.000
23
370.000
33
-311.4274
0
3DFACE
8
C2
10
50.000
20
360.000
30
-310.0757
11
60.000
21
360.000
31
-309.4514
12
60.000
22
370.000
32
-311.4249
13
50.000
23
370.000
33
-311.9058
0
3DFACE
8
C2
10
60.000
20
360.000
30
-309.4514
11
70.000
21
360.000
31
-308.0708
12
70.000
22
370.000
32
-310.2978
13
60.000
23
370.000
33
-311.4249
0
3DFACE
8
C2
10
70.000
20
360.000
30
-308.0708
11
80.000
21
360.000
31
-308.1257
12
80.000
22
370.000
32
-310.3305
13
70.000
23
370.000
33
-310.2978
0
3DFACE
8
C2
10
80.000
20
360.000
30
-308.1257
11
90.000
21
360.000
31
-309.5945
12
90.000
22
370.000
32
-311.5276
13
80.000
23
370.000
33
-310.3305
0
3DFACE
8
C2
10
90.000
20
360.000
30
-309.5945
11
100.000
21
360.000
31
-309.9140
12
100.000
22
370.000
32
-311.7196
13
90.000
23
370.000
33
-311.5276
0
3DFACE
8
C2
10
100.000
20
360.000
30
-309.9140
11
110.000
21
360.000
31
-308.6810
12
110.000
22
370.000
32
-310.6201
13
100.000
23
370.000
33
-311.7196
0
3DFACE
8
C2
10
110.000
20
360.000
30
-308.6810
11
120.000
21
360.000
31
-306.3209
12
120.000
22
370.000
32
-308.5569
13
110.000
23
370.000
33
-310.6201
0
3DFACE
8
C2
10
120.000
20
360.000
30
-306.3209
11
130.000
21
360.000
31
-305.5385
12
130.000
22
370.000
32
-307.7996
13
120.000
23
370.000
33
-308.5569
0
3DFACE
8
C2
10
130.000
20
360.000
30
-305.5385
11
140.000
21
360.000
31
-306.3382
12
140.000
22
370.000
32
-308.3457
13
130.000
23
370.000
33
-307.7996
0
3DFACE
8
C2
10
140.000
20
360.000
30
-306.3382
11
150.000
21
360.000
31
-306.3627
12
150.000
22
370.000
32
-308.2415
13
140.000
23
370.000
33
-308.3457
0
3DFACE
8
C2
10
150.000
20
360.000
30
-306.3627
11
160.000
21
360.000
31
-305.2388
12
160.000
22
370.000
32
-307.1859
13
150.000
23
370.000
33
-308.2415
0
3DFACE
8
C2
10
160.000
20
360.000
30
-305.2388
11
170.000
21
360.000
31
-303.5570
12
170.000
22
370.000
32
-305.6503
13
160.000
23
370.000
33
-307.1859
0
3DFACE
8
C2
10
170.000
20
360.000
30
-303.5570
11
180.000
21
360.000
31
-303.7673
12
180.000
22
370.000
32
-305.7402
13
170.000
23
370.000
33
-305.6503
0
3DFACE
8
C2
10
180.000
20
360.000
30
-303.7673
11
190.000
21
360.000
31
-305.9004
12
190.000
22
370.000
32
-307.5361
13
180.000
23
370.000
33
-305.7402
0
3DFACE
8
C2
10
190.000
20
360.000
30
-305.9004
11
200.000
21
360.000
31
-307.0813
12
200.000
22
370.000
32
-308.5274
13
190.000
23
370.000
33
-307.5361
0
3DFACE
8
C2
10
200.000
20
360.000
30
-307.0813
11
210.000
21
360.000
31
-306.9497
12
210.000
22
370.000
32
-308.3928
13
200.000
23
370.000
33
-308.5274
0
3DFACE
8
C2
10
210.000
20
360.000
30
-306.9497
11
220.000
21
360.000
31
-305.9542
12
220.000
22
370.000
32
-307.1575
13
210.000
23
370.000
33
-308.3928
0
3DFACE
8
C2
10
220.000
20
360.000
30
-305.9542
11
230.000
21
360.000
31
-306.3545
12
230.000
22
370.000
32
-307.4934
13
220.000
23
370.000
33
-307.1575
0
3DFACE
8
C2
10
230.000
20
360.000
30
-306.3545
11
240.000
21
360.000
31
-307.8256
12
240.000
22
370.000
32
-308.7540
13
230.000
23
370.000
33
-307.4934
0
3DFACE
8
C2
10
240.000
20
360.000
30
-307.8256
11
250.000
21
360.000
31
-308.3899
12
250.000
22
370.000
32
-309.2373
13
240.000
23
370.000
33
-308.7540
0
3DFACE
8
C2
10
250.000
20
360.000
30
-308.3899
11
260.000
21
360.000
31
-308.0795
12
260.000
22
370.000
32
-308.9342
13
250.000
23
370.000
33
-309.2373
0
3DFACE
8
C2
10
260.000
20
360.000
30
-308.0795
11
270.000
21
360.000
31
-306.9918
12
270.000
22
370.000
32
-307.6962
13
260.000
23
370.000
33
-308.9342
0
3DFACE
8
C2
10
270.000
20
360.000
30
-306.9918
11
280.000
21
360.000
31
-306.8862
12
280.000
22
370.000
32
-307.5608
13
270.000
23
370.000
33
-307.6962
0
3DFACE
8
C2
10
280.000
20
360.000
30
-306.8862
11
290.000
21
360.000
31
-307.5093
12
290.000
22
370.000
32
-308.4020
13
280.000
23
370.000
33
-307.5608
0
3DFACE
8
C2
10
290.000
20
360.000
30
-307.5093
11
300.000
21
360.000
31
-307.1749
12
300.000
22
370.000
32
-307.9250
13
290.000
23
370.000
33
-308.4020
0
3DFACE
8
C2
10
300.000
20
360.000
30
-307.1749
11
310.000
21
360.000
31
-306.3207
12
310.000
22
370.000
32
-306.8614
13
300.000
23
370.000
33
-307.9250
0
3DFACE
8
C2
10
310.000
20
360.000
30
-306.3207
11
320.000
21
360.000
31
-305.1584
12
320.000
22
370.000
32
-305.5146
13
310.000
23
370.000
33
-306.8614
0
3DFACE
8
C2
10
320.000
20
360.000
30
-305.1584
11
330.000
21
360.000
31
-303.6649
12
330.000
22
370.000
32
-303.7921
13
320.000
23
370.000
33
-305.5146
0
3DFACE
8
C2
10
330.000
20
360.000
30
-303.6649
11
340.000
21
360.000
31
-302.7448
12
340.000
22
370.000
32
-302.8225
13
330.000
23
370.000
33
-303.7921
0
3DFACE
8
C2
10
340.000
20
360.000
30
-302.7448
11
350.000
21
360.000
31
-301.3344
12
350.000
22
370.000
32
-301.2088
13
340.000
23
370.000
33
-302.8225
0
3DFACE
8
C2
10
350.000
20
360.000
30
-301.3344
11
360.000
21
360.000
31
-300.1418
12
360.000
22
370.000
32
-299.7352
13
350.000
23
370.000
33
-301.2088
0
3DFACE
8
C2
10
360.000
20
360.000
30
-300.1418
11
370.000
21
360.000
31
-299.3911
12
370.000
22
370.000
32
-298.8773
13
360.000
23
370.000
33
-299.7352
0
3DFACE
8
C2
10
370.000
20
360.000
30
-299.3911
11
380.000
21
360.000
31
-298.1567
12
380.000
22
370.000
32
-297.4716
13
370.000
23
370.000
33
-298.8773
0
3DFACE
8
C2
10
380.000
20
360.000
30
-298.1567
11
390.000
21
360.000
31
-296.6705
12
390.000
22
370.000
32
-295.8751
13
380.000
23
370.000
33
-297.4716
0
3DFACE
8
C2
10
390.000
20
360.000
30
-296.6705
11
400.000
21
360.000
31
-295.6391
12
400.000
22
370.000
32
-294.7437
13
390.000
23
370.000
33
-295.8751
0
3DFACE
8
C2
10
400.000
20
360.000
30
-295.6391
11
410.000
21
360.000
31
-295.5356
12
410.000
22
370.000
32
-294.4210
13
400.000
23
370.000
33
-294.7437
0
3DFACE
8
C2
10
410.000
20
360.000
30
-295.5356
11
420.000
21
360.000
31
-296.5342
12
420.000
22
370.000
32
-295.0093
13
410.000
23
370.000
33
-294.4210
0
3DFACE
8
C2
10
420.000
20
360.000
30
-296.5342
11
430.000
21
360.000
31
-296.4017
12
430.000
22
370.000
32
-294.7261
13
420.000
23
370.000
33
-295.0093
0
3DFACE
8
C2
10
430.000
20
360.000
30
-296.4017
11
440.000
21
360.000
31
-295.1783
12
440.000
22
370.000
32
-293.3458
13
430.000
23
370.000
33
-294.7261
0
3DFACE
8
C2
10
440.000
20
360.000
30
-295.1783
11
450.000
21
360.000
31
-294.5786
12
450.000
22
370.000
32
-292.6982
13
440.000
23
370.000
33
-293.3458
0
3DFACE
8
C2
10
450.000
20
360.000
30
-294.5786
11
460.000
21
360.000
31
-295.1020
12
460.000
22
370.000
32
-292.8859
13
450.000
23
370.000
33
-292.6982
0
3DFACE
8
C2
10
460.000
20
360.000
30
-295.1020
11
470.000
21
360.000
31
-296.5008
12
470.000
22
370.000
32
-293.8164
13
460.000
23
370.000
33
-292.8859
0
3DFACE
8
C2
10
470.000
20
360.000
30
-296.5008
11
480.000
21
360.000
31
-295.7314
12
480.000
22
370.000
32
-292.7939
13
470.000
23
370.000
33
-293.8164
0
3DFACE
8
C2
10
480.000
20
360.000
30
-295.7314
11
490.000
21
360.000
31
-292.7183
12
490.000
22
370.000
32
-289.6973
13
480.000
23
370.000
33
-292.7939
0
3DFACE
8
C2
10
490.000
20
360.000
30
-292.7183
11
500.000
21
360.000
31
-290.3161
12
500.000
22
370.000
32
-287.0719
13
490.000
23
370.000
33
-289.6973
0
3DFACE
8
C2
10
500.000
20
360.000
30
-290.3161
11
510.000
21
360.000
31
-289.1126
12
510.000
22
370.000
32
-285.5634
13
500.000
23
370.000
33
-287.0719
0
3DFACE
8
C2
10
510.000
20
360.000
30
-289.1126
11
520.000
21
360.000
31
-288.8597
12
520.000
22
370.000
32
-285.0497
13
510.000
23
370.000
33
-285.5634
0
3DFACE
8
C2
10
520.000
20
360.000
30
-288.8597
11
530.000
21
360.000
31
-286.7081
12
530.000
22
370.000
32
-282.9439
13
520.000
23
370.000
33
-285.0497
0
3DFACE
8
C2
10
530.000
20
360.000
30
-286.7081
11
540.000
21
360.000
31
-282.7206
12
540.000
22
370.000
32
-279.2284
13
530.000
23
370.000
33
-282.9439
0
3DFACE
8
C2
10
540.000
20
360.000
30
-282.7206
11
550.000
21
360.000
31
-280.3164
12
550.000
22
370.000
32
-276.9752
13
540.000
23
370.000
33
-279.2284
0
3DFACE
8
C2
10
550.000
20
360.000
30
-280.3164
11
560.000
21
360.000
31
-280.4117
12
560.000
22
370.000
32
-277.1515
13
550.000
23
370.000
33
-276.9752
0
3DFACE
8
C2
10
560.000
20
360.000
30
-280.4117
11
570.000
21
360.000
31
-282.8306
12
570.000
22
370.000
32
-279.4159
13
560.000
23
370.000
33
-277.1515
0
3DFACE
8
C2
10
570.000
20
360.000
30
-282.8306
11
580.000
21
360.000
31
-283.0547
12
580.000
22
370.000
32
-279.6906
13
570.000
23
370.000
33
-279.4159
0
3DFACE
8
C2
10
580.000
20
360.000
30
-283.0547
11
590.000
21
360.000
31
-281.2744
12
590.000
22
370.000
32
-278.1609
13
580.000
23
370.000
33
-279.6906
0
3DFACE
8
C2
10
590.000
20
360.000
30
-281.2744
11
600.000
21
360.000
31
-280.6297
12
600.000
22
370.000
32
-277.7068
13
590.000
23
370.000
33
-278.1609
0
3DFACE
8
C2
10
600.000
20
360.000
30
-280.6297
11
610.000
21
360.000
31
-281.8317
12
610.000
22
370.000
32
-278.9242
13
600.000
23
370.000
33
-277.7068
0
3DFACE
8
C2
10
610.000
20
360.000
30
-281.8317
11
620.000
21
360.000
31
-284.0714
12
620.000
22
370.000
32
-281.0854
13
610.000
23
370.000
33
-278.9242
0
3DFACE
8
C2
10
620.000
20
360.000
30
-284.0714
11
630.000
21
360.000
31
-283.7709
12
630.000
22
370.000
32
-280.9042
13
620.000
23
370.000
33
-281.0854
0
3DFACE
8
C2
10
630.000
20
360.000
30
-283.7709
11
640.000
21
360.000
31
-280.6369
12
640.000
22
370.000
32
-278.1713
13
630.000
23
370.000
33
-280.9042
0
3DFACE
8
C2
10
640.000
20
360.000
30
-280.6369
11
650.000
21
360.000
31
-279.9607
12
650.000
22
370.000
32
-277.6840
13
640.000
23
370.000
33
-278.1713
0
3DFACE
8
C2
10
650.000
20
360.000
30
-279.9607
11
660.000
21
360.000
31
-282.7502
12
660.000
22
370.000
32
-280.4874
13
650.000
23
370.000
33
-277.6840
0
3DFACE
8
C2
10
660.000
20
360.000
30
-282.7502
11
670.000
21
360.000
31
-288.0056
12
670.000
22
370.000
32
-285.6752
13
660.000
23
370.000
33
-280.4874
0
3DFACE
8
C2
10
670.000
20
360.000
30
-288.0056
11
680.000
21
360.000
31
-292.3199
12
680.000
22
370.000
32
-290.0025
13
670.000
23
370.000
33
-285.6752
0
3DFACE
8
C2
10
680.000
20
360.000
30
-292.3199
11
690.000
21
360.000
31
-295.4073
12
690.000
22
370.000
32
-293.2170
13
680.000
23
370.000
33
-290.0025
0
3DFACE
8
C2
10
690.000
20
360.000
30
-295.4073
11
700.000
21
360.000
31
-299.7305
12
700.000
22
370.000
32
-297.5544
13
690.000
23
370.000
33
-293.2170
0
3DFACE
8
C2
10
0.000
20
370.000
30
-309.1261
11
10.000
21
370.000
31
-309.7480
12
10.000
22
380.000
32
-310.1767
13
0.000
23
380.000
33
-309.5252
0
3DFACE
8
C2
10
10.000
20
370.000
30
-309.7480
11
20.000
21
370.000
31
-309.6302
12
20.000
22
380.000
32
-310.1294
13
10.000
23
380.000
33
-310.1767
0
3DFACE
8
C2
10
20.000
20
370.000
30
-309.6302
11
30.000
21
370.000
31
-310.2654
12
30.000
22
380.000
32
-310.7939
13
20.000
23
380.000
33
-310.1294
0
3DFACE
8
C2
10
30.000
20
370.000
30
-310.2654
11
40.000
21
370.000
31
-311.4274
12
40.000
22
380.000
32
-311.9494
13
30.000
23
380.000
33
-310.7939
0
3DFACE
8
C2
10
40.000
20
370.000
30
-311.4274
11
50.000
21
370.000
31
-311.9058
12
50.000
22
380.000
32
-312.4348
13
40.000
23
380.000
33
-311.9494
0
3DFACE
8
C2
10
50.000
20
370.000
30
-311.9058
11
60.000
21
370.000
31
-311.4249
12
60.000
22
380.000
32
-312.0270
13
50.000
23
380.000
33
-312.4348
0
3DFACE
8
C2
10
60.000
20
370.000
30
-311.4249
11
70.000
21
370.000
31
-310.2978
12
70.000
22
380.000
32
-311.0152
13
60.000
23
380.000
33
-312.0270
0
3DFACE
8
C2
10
70.000
20
370.000
30
-310.2978
11
80.000
21
370.000
31
-310.3305
12
80.000
22
380.000
32
-311.0494
13
70.000
23
380.000
33
-311.0152
0
3DFACE
8
C2
10
80.000
20
370.000
30
-310.3305
11
90.000
21
370.000
31
-311.5276
12
90.000
22
380.000
32
-312.1679
13
80.000
23
380.000
33
-311.0494
0
3DFACE
8
C2
10
90.000
20
370.000
30
-311.5276
11
100.000
21
370.000
31
-311.7196
12
100.000
22
380.000
32
-312.3316
13
90.000
23
380.000
33
-312.1679
0
3DFACE
8
C2
10
100.000
20
370.000
30
-311.7196
11
110.000
21
370.000
31
-310.6201
12
110.000
22
380.000
32
-311.2820
13
100.000
23
380.000
33
-312.3316
0
3DFACE
8
C2
10
110.000
20
370.000
30
-310.6201
11
120.000
21
370.000
31
-308.5569
12
120.000
22
380.000
32
-309.3229
13
110.000
23
380.000
33
-311.2820
0
3DFACE
8
C2
10
120.000
20
370.000
30
-308.5569
11
130.000
21
370.000
31
-307.7996
12
130.000
22
380.000
32
-308.5760
13
120.000
23
380.000
33
-309.3229
0
3DFACE
8
C2
10
130.000
20
370.000
30
-307.7996
11
140.000
21
370.000
31
-308.3457
12
140.000
22
380.000
32
-309.0293
13
130.000
23
380.000
33
-308.5760
0
3DFACE
8
C2
10
140.000
20
370.000
30
-308.3457
11
150.000
21
370.000
31
-308.2415
12
150.000
22
380.000
32
-308.8579
13
140.000
23
380.000
33
-309.0293
0
3DFACE
8
C2
10
150.000
20
370.000
30
-308.2415
11
160.000
21
370.000
31
-307.1859
12
160.000
22
380.000
32
-307.7668
13
150.000
23
380.000
33
-308.8579
0
3DFACE
8
C2
10
160.000
20
370.000
30
-307.1859
11
170.000
21
370.000
31
-305.6503
12
170.000
22
380.000
32
-306.1662
13
160.000
23
380.000
33
-307.7668
0
3DFACE
8
C2
10
170.000
20
370.000
30
-305.6503
11
180.000
21
370.000
31
-305.7402
12
180.000
22
380.000
32
-306.1872
13
170.000
23
380.000
33
-306.1662
0
3DFACE
8
C2
10
180.000
20
370.000
30
-305.7402
11
190.000
21
370.000
31
-307.5361
12
190.000
22
380.000
32
-307.7770
13
180.000
23
380.000
33
-306.1872
0
3DFACE
8
C2
10
190.000
20
370.000
30
-307.5361
11
200.000
21
370.000
31
-308.5274
12
200.000
22
380.000
32
-308.6057
13
190.000
23
380.000
33
-307.7770
0
3DFACE
8
C2
10
200.000
20
370.000
30
-308.5274
11
210.000
21
370.000
31
-308.3928
12
210.000
22
380.000
32
-308.3746
13
200.000
23
380.000
33
-308.6057
0
3DFACE
8
C2
10
210.000
20
370.000
30
-308.3928
11
220.000
21
370.000
31
-307.1575
12
220.000
22
380.000
32
-307.0831
13
210.000
23
380.000
33
-308.3746
0
3DFACE
8
C2
10
220.000
20
370.000
30
-307.1575
11
230.000
21
370.000
31
-307.4934
12
230.000
22
380.000
32
-307.3599
13
220.000
23
380.000
33
-307.0831
0
3DFACE
8
C2
10
230.000
20
370.000
30
-307.4934
11
240.000
21
370.000
31
-308.7540
12
240.000
22
380.000
32
-308.5712
13
230.000
23
380.000
33
-307.3599
0
3DFACE
8
C2
10
240.000
20
370.000
30
-308.7540
11
250.000
21
370.000
31
-309.2373
12
250.000
22
380.000
32
-308.9916
13
240.000
23
380.000
33
-308.5712
0
3DFACE
8
C2
10
250.000
20
370.000
30
-309.2373
11
260.000
21
370.000
31
-308.9342
12
260.000
22
380.000
32
-308.7338
13
250.000
23
380.000
33
-308.9916
0
3DFACE
8
C2
10
260.000
20
370.000
30
-308.9342
11
270.000
21
370.000
31
-307.6962
12
270.000
22
380.000
32
-307.5417
13
260.000
23
380.000
33
-308.7338
0
3DFACE
8
C2
10
270.000
20
370.000
30
-307.6962
11
280.000
21
370.000
31
-307.5608
12
280.000
22
380.000
32
-307.4588
13
270.000
23
380.000
33
-307.5417
0
3DFACE
8
C2
10
280.000
20
370.000
30
-307.5608
11
290.000
21
370.000
31
-308.4020
12
290.000
22
380.000
32
-308.3383
13
280.000
23
380.000
33
-307.4588
0
3DFACE
8
C2
10
290.000
20
370.000
30
-308.4020
11
300.000
21
370.000
31
-307.9250
12
300.000
22
380.000
32
-307.9029
13
290.000
23
380.000
33
-308.3383
0
3DFACE
8
C2
10
300.000
20
370.000
30
-307.9250
11
310.000
21
370.000
31
-306.8614
12
310.000
22
380.000
32
-306.8853
13
300.000
23
380.000
33
-307.9029
0
3DFACE
8
C2
10
310.000
20
370.000
30
-306.8614
11
320.000
21
370.000
31
-305.5146
12
320.000
22
380.000
32
-305.5626
13
310.000
23
380.000
33
-306.8853
0
3DFACE
8
C2
10
320.000
20
370.000
30
-305.5146
11
330.000
21
370.000
31
-303.7921
12
330.000
22
380.000
32
-303.8224
13
320.000
23
380.000
33
-305.5626
0
3DFACE
8
C2
10
330.000
20
370.000
30
-303.7921
11
340.000
21
370.000
31
-302.8225
12
340.000
22
380.000
32
-302.8703
13
330.000
23
380.000
33
-303.8224
0
3DFACE
8
C2
10
340.000
20
370.000
30
-302.8225
11
350.000
21
370.000
31
-301.2088
12
350.000
22
380.000
32
-301.2491
13
340.000
23
380.000
33
-302.8703
0
3DFACE
8
C2
10
350.000
20
370.000
30
-301.2088
11
360.000
21
370.000
31
-299.7352
12
360.000
22
380.000
32
-299.7466
13
350.000
23
380.000
33
-301.2491
0
3DFACE
8
C2
10
360.000
20
370.000
30
-299.7352
11
370.000
21
370.000
31
-298.8773
12
370.000
22
380.000
32
-298.8106
13
360.000
23
380.000
33
-299.7466
0
3DFACE
8
C2
10
370.000
20
370.000
30
-298.8773
11
380.000
21
370.000
31
-297.4716
12
380.000
22
380.000
32
-297.3443
13
370.000
23
380.000
33
-298.8106
0
3DFACE
8
C2
10
380.000
20
370.000
30
-297.4716
11
390.000
21
370.000
31
-295.8751
12
390.000
22
380.000
32
-295.7186
13
380.000
23
380.000
33
-297.3443
0
3DFACE
8
C2
10
390.000
20
370.000
30
-295.8751
11
400.000
21
370.000
31
-294.7437
12
400.000
22
380.000
32
-294.5123
13
390.000
23
380.000
33
-295.7186
0
3DFACE
8
C2
10
400.000
20
370.000
30
-294.7437
11
410.000
21
370.000
31
-294.4210
12
410.000
22
380.000
32
-293.9711
13
400.000
23
380.000
33
-294.5123
0
3DFACE
8
C2
10
410.000
20
370.000
30
-294.4210
11
420.000
21
370.000
31
-295.0093
12
420.000
22
380.000
32
-294.1201
13
410.000
23
380.000
33
-293.9711
0
3DFACE
8
C2
10
420.000
20
370.000
30
-295.0093
11
430.000
21
370.000
31
-294.7261
12
430.000
22
380.000
32
-293.6112
13
420.000
23
380.000
33
-294.1201
0
3DFACE
8
C2
10
430.000
20
370.000
30
-294.7261
11
440.000
21
370.000
31
-293.3458
12
440.000
22
380.000
32
-292.1367
13
430.000
23
380.000
33
-293.6112
0
3DFACE
8
C2
10
440.000
20
370.000
30
-293.3458
11
450.000
21
370.000
31
-292.6982
12
450.000
22
380.000
32
-291.4541
13
440.000
23
380.000
33
-292.1367
0
3DFACE
8
C2
10
450.000
20
370.000
30
-292.6982
11
460.000
21
370.000
31
-292.8859
12
460.000
22
380.000
32
-291.5129
13
450.000
23
380.000
33
-291.4541
0
3DFACE
8
C2
10
460.000
20
370.000
30
-292.8859
11
470.000
21
370.000
31
-293.8164
12
470.000
22
380.000
32
-292.4060
13
460.000
23
380.000
33
-291.5129
0
3DFACE
8
C2
10
470.000
20
370.000
30
-293.8164
11
480.000
21
370.000
31
-292.7939
12
480.000
22
380.000
32
-291.3620
13
470.000
23
380.000
33
-292.4060
0
3DFACE
8
C2
10
480.000
20
370.000
30
-292.7939
11
490.000
21
370.000
31
-289.6973
12
490.000
22
380.000
32
-288.4502
13
480.000
23
380.000
33
-291.3620
0
3DFACE
8
C2
10
490.000
20
370.000
30
-289.6973
11
500.000
21
370.000
31
-287.0719
12
500.000
22
380.000
32
-285.8608
13
490.000
23
380.000
33
-288.4502
0
3DFACE
8
C2
10
500.000
20
370.000
30
-287.0719
11
510.000
21
370.000
31
-285.5634
12
510.000
22
380.000
32
-284.4418
13
500.000
23
380.000
33
-285.8608
0
3DFACE
8
C2
10
510.000
20
370.000
30
-285.5634
11
520.000
21
370.000
31
-285.0497
12
520.000
22
380.000
32
-284.1114
13
510.000
23
380.000
33
-284.4418
0
3DFACE
8
C2
10
520.000
20
370.000
30
-285.0497
11
530.000
21
370.000
31
-282.9439
12
530.000
22
380.000
32
-282.1957
13
520.000
23
380.000
33
-284.1114
0
3DFACE
8
C2
10
530.000
20
370.000
30
-282.9439
11
540.000
21
370.000
31
-279.2284
12
540.000
22
380.000
32
-278.5733
13
530.000
23
380.000
33
-282.1957
0
3DFACE
8
C2
10
540.000
20
370.000
30
-279.2284
11
550.000
21
370.000
31
-276.9752
12
550.000
22
380.000
32
-276.5081
13
540.000
23
380.000
33
-278.5733
0
3DFACE
8
C2
10
550.000
20
370.000
30
-276.9752
11
560.000
21
370.000
31
-277.1515
12
560.000
22
380.000
32
-276.9190
13
550.000
23
380.000
33
-276.5081
0
3DFACE
8
C2
10
560.000
20
370.000
30
-277.1515
11
570.000
21
370.000
31
-279.4159
12
570.000
22
380.000
32
-279.3919
13
560.000
23
380.000
33
-276.9190
0
3DFACE
8
C2
10
570.000
20
370.000
30
-279.4159
11
580.000
21
370.000
31
-279.6906
12
580.000
22
380.000
32
-279.7538
13
570.000
23
380.000
33
-279.3919
0
3DFACE
8
C2
10
580.000
20
370.000
30
-279.6906
11
590.000
21
370.000
31
-278.1609
12
590.000
22
380.000
32
-278.0960
13
580.000
23
380.000
33
-279.7538
0
3DFACE
8
C2
10
590.000
20
370.000
30
-278.1609
11
600.000
21
370.000
31
-277.7068
12
600.000
22
380.000
32
-277.6171
13
590.000
23
380.000
33
-278.0960
0
3DFACE
8
C2
10
600.000
20
370.000
30
-277.7068
11
610.000
21
370.000
31
-278.9242
12
610.000
22
380.000
32
-278.9662
13
600.000
23
380.000
33
-277.6171
0
3DFACE
8
C2
10
610.000
20
370.000
30
-278.9242
11
620.000
21
370.000
31
-281.0854
12
620.000
22
380.000
32
-281.4163
13
610.000
23
380.000
33
-278.9662
0
3DFACE
8
C2
10
620.000
20
370.000
30
-281.0854
11
630.000
21
370.000
31
-280.9042
12
630.000
22
380.000
32
-281.3384
13
620.000
23
380.000
33
-281.4163
0
3DFACE
8
C2
10
630.000
20
370.000
30
-280.9042
11
640.000
21
370.000
31
-278.1713
12
640.000
22
380.000
32
-278.6061
13
630.000
23
380.000
33
-281.3384
0
3DFACE
8
C2
10
640.000
20
370.000
30
-278.1713
11
650.000
21
370.000
31
-277.6840
12
650.000
22
380.000
32
-277.9922
13
640.000
23
380.000
33
-278.6061
0
3DFACE
8
C2
10
650.000
20
370.000
30
-277.6840
11
660.000
21
370.000
31
-280.4874
12
660.000
22
380.000
32
-280.5867
13
650.000
23
380.000
33
-277.9922
0
3DFACE
8
C2
10
660.000
20
370.000
30
-280.4874
11
670.000
21
370.000
31
-285.6752
12
670.000
22
380.000
32
-285.4285
13
660.000
23
380.000
33
-280.5867
0
3DFACE
8
C2
10
670.000
20
370.000
30
-285.6752
11
680.000
21
370.000
31
-290.0025
12
680.000
22
380.000
32
-289.3118
13
670.000
23
380.000
33
-285.4285
0
3DFACE
8
C2
10
680.000
20
370.000
30
-290.0025
11
690.000
21
370.000
31
-293.2170
12
690.000
22
380.000
32
-291.9329
13
680.000
23
380.000
33
-289.3118
0
3DFACE
8
C2
10
690.000
20
370.000
30
-293.2170
11
700.000
21
370.000
31
-297.5544
12
700.000
22
380.000
32
-295.8278
13
690.000
23
380.000
33
-291.9329
0
3DFACE
8
C2
10
0.000
20
380.000
30
-309.5252
11
10.000
21
380.000
31
-310.1767
12
10.000
22
390.000
32
-308.8907
13
0.000
23
390.000
33
-308.1831
0
3DFACE
8
C2
10
10.000
20
380.000
30
-310.1767
11
20.000
21
380.000
31
-310.1294
12
20.000
22
390.000
32
-308.8191
13
10.000
23
390.000
33
-308.8907
0
3DFACE
8
C2
10
20.000
20
380.000
30
-310.1294
11
30.000
21
380.000
31
-310.7939
12
30.000
22
390.000
32
-309.5446
13
20.000
23
390.000
33
-308.8191
0
3DFACE
8
C2
10
30.000
20
380.000
30
-310.7939
11
40.000
21
380.000
31
-311.9494
12
40.000
22
390.000
32
-310.8158
13
30.000
23
390.000
33
-309.5446
0
3DFACE
8
C2
10
40.000
20
380.000
30
-311.9494
11
50.000
21
380.000
31
-312.4348
12
50.000
22
390.000
32
-311.3551
13
40.000
23
390.000
33
-310.8158
0
3DFACE
8
C2
10
50.000
20
380.000
30
-312.4348
11
60.000
21
380.000
31
-312.0270
12
60.000
22
390.000
32
-310.9346
13
50.000
23
390.000
33
-311.3551
0
3DFACE
8
C2
10
60.000
20
380.000
30
-312.0270
11
70.000
21
380.000
31
-311.0152
12
70.000
22
390.000
32
-309.8391
13
60.000
23
390.000
33
-310.9346
0
3DFACE
8
C2
10
70.000
20
380.000
30
-311.0152
11
80.000
21
380.000
31
-311.0494
12
80.000
22
390.000
32
-309.9216
13
70.000
23
390.000
33
-309.8391
0
3DFACE
8
C2
10
80.000
20
380.000
30
-311.0494
11
90.000
21
380.000
31
-312.1679
12
90.000
22
390.000
32
-311.2047
13
80.000
23
390.000
33
-309.9216
0
3DFACE
8
C2
10
90.000
20
380.000
30
-312.1679
11
100.000
21
380.000
31
-312.3316
12
100.000
22
390.000
32
-311.4346
13
90.000
23
390.000
33
-311.2047
0
3DFACE
8
C2
10
100.000
20
380.000
30
-312.3316
11
110.000
21
380.000
31
-311.2820
12
110.000
22
390.000
32
-310.3308
13
100.000
23
390.000
33
-311.4346
0
3DFACE
8
C2
10
110.000
20
380.000
30
-311.2820
11
120.000
21
380.000
31
-309.3229
12
120.000
22
390.000
32
-308.1910
13
110.000
23
390.000
33
-310.3308
0
3DFACE
8
C2
10
120.000
20
380.000
30
-309.3229
11
130.000
21
380.000
31
-308.5760
12
130.000
22
390.000
32
-307.4259
13
120.000
23
390.000
33
-308.1910
0
3DFACE
8
C2
10
130.000
20
380.000
30
-308.5760
11
140.000
21
380.000
31
-309.0293
12
140.000
22
390.000
32
-308.0154
13
130.000
23
390.000
33
-307.4259
0
3DFACE
8
C2
10
140.000
20
380.000
30
-309.0293
11
150.000
21
380.000
31
-308.8579
12
150.000
22
390.000
32
-307.8698
13
140.000
23
390.000
33
-308.0154
0
3DFACE
8
C2
10
150.000
20
380.000
30
-308.8579
11
160.000
21
380.000
31
-307.7668
12
160.000
22
390.000
32
-306.6803
13
150.000
23
390.000
33
-307.8698
0
3DFACE
8
C2
10
160.000
20
380.000
30
-307.7668
11
170.000
21
380.000
31
-306.1662
12
170.000
22
390.000
32
-304.8827
13
160.000
23
390.000
33
-306.6803
0
3DFACE
8
C2
10
170.000
20
380.000
30
-306.1662
11
180.000
21
380.000
31
-306.1872
12
180.000
22
390.000
32
-304.8598
13
170.000
23
390.000
33
-304.8827
0
3DFACE
8
C2
10
180.000
20
380.000
30
-306.1872
11
190.000
21
380.000
31
-307.7770
12
190.000
22
390.000
32
-306.5182
13
180.000
23
390.000
33
-304.8598
0
3DFACE
8
C2
10
190.000
20
380.000
30
-307.7770
11
200.000
21
380.000
31
-308.6057
12
200.000
22
390.000
32
-307.2259
13
190.000
23
390.000
33
-306.5182
0
3DFACE
8
C2
10
200.000
20
380.000
30
-308.6057
11
210.000
21
380.000
31
-308.3746
12
210.000
22
390.000
32
-306.8017
13
200.000
23
390.000
33
-307.2259
0
3DFACE
8
C2
10
210.000
20
380.000
30
-308.3746
11
220.000
21
380.000
31
-307.0831
12
220.000
22
390.000
32
-305.2648
13
210.000
23
390.000
33
-306.8017
0
3DFACE
8
C2
10
220.000
20
380.000
30
-307.0831
11
230.000
21
380.000
31
-307.3599
12
230.000
22
390.000
32
-305.4725
13
220.000
23
390.000
33
-305.2648
0
3DFACE
8
C2
10
230.000
20
380.000
30
-307.3599
11
240.000
21
380.000
31
-308.5712
12
240.000
22
390.000
32
-306.7481
13
230.000
23
390.000
33
-305.4725
0
3DFACE
8
C2
10
240.000
20
380.000
30
-308.5712
11
250.000
21
380.000
31
-308.9916
12
250.000
22
390.000
32
-307.1672
13
240.000
23
390.000
33
-306.7481
0
3DFACE
8
C2
10
250.000
20
380.000
30
-308.9916
11
260.000
21
380.000
31
-308.7338
12
260.000
22
390.000
32
-306.9346
13
250.000
23
390.000
33
-307.1672
0
3DFACE
8
C2
10
260.000
20
380.000
30
-308.7338
11
270.000
21
380.000
31
-307.5417
12
270.000
22
390.000
32
-306.0195
13
260.000
23
390.000
33
-306.9346
0
3DFACE
8
C2
10
270.000
20
380.000
30
-307.5417
11
280.000
21
380.000
31
-307.4588
12
280.000
22
390.000
32
-306.0493
13
270.000
23
390.000
33
-306.0195
0
3DFACE
8
C2
10
280.000
20
380.000
30
-307.4588
11
290.000
21
380.000
31
-308.3383
12
290.000
22
390.000
32
-307.1461
13
280.000
23
390.000
33
-306.0493
0
3DFACE
8
C2
10
290.000
20
380.000
30
-308.3383
11
300.000
21
380.000
31
-307.9029
12
300.000
22
390.000
32
-306.9438
13
290.000
23
390.000
33
-307.1461
0
3DFACE
8
C2
10
300.000
20
380.000
30
-307.9029
11
310.000
21
380.000
31
-306.8853
12
310.000
22
390.000
32
-306.2497
13
300.000
23
390.000
33
-306.9438
0
3DFACE
8
C2
10
310.000
20
380.000
30
-306.8853
11
320.000
21
380.000
31
-305.5626
12
320.000
22
390.000
32
-305.1573
13
310.000
23
390.000
33
-306.2497
0
3DFACE
8
C2
10
320.000
20
380.000
30
-305.5626
11
330.000
21
380.000
31
-303.8224
12
330.000
22
390.000
32
-303.7207
13
320.000
23
390.000
33
-305.1573
0
3DFACE
8
C2
10
330.000
20
380.000
30
-303.8224
11
340.000
21
380.000
31
-302.8703
12
340.000
22
390.000
32
-302.8879
13
330.000
23
390.000
33
-303.7207
0
3DFACE
8
C2
10
340.000
20
380.000
30
-302.8703
11
350.000
21
380.000
31
-301.2491
12
350.000
22
390.000
32
-301.5403
13
340.000
23
390.000
33
-302.8879
0
3DFACE
8
C2
10
350.000
20
380.000
30
-301.2491
11
360.000
21
380.000
31
-299.7466
12
360.000
22
390.000
32
-300.2783
13
350.000
23
390.000
33
-301.5403
0
3DFACE
8
C2
10
360.000
20
380.000
30
-299.7466
11
370.000
21
380.000
31
-298.8106
12
370.000
22
390.000
32
-299.4999
13
360.000
23
390.000
33
-300.2783
0
3DFACE
8
C2
10
370.000
20
380.000
30
-298.8106
11
380.000
21
380.000
31
-297.3443
12
380.000
22
390.000
32
-298.1084
13
370.000
23
390.000
33
-299.4999
0
3DFACE
8
C2
10
380.000
20
380.000
30
-297.3443
11
390.000
21
380.000
31
-295.7186
12
390.000
22
390.000
32
-296.6009
13
380.000
23
390.000
33
-298.1084
0
3DFACE
8
C2
10
390.000
20
380.000
30
-295.7186
11
400.000
21
380.000
31
-294.5123
12
400.000
22
390.000
32
-295.3839
13
390.000
23
390.000
33
-296.6009
0
3DFACE
8
C2
10
400.000
20
380.000
30
-294.5123
11
410.000
21
380.000
31
-293.9711
12
410.000
22
390.000
32
-294.7961
13
400.000
23
390.000
33
-295.3839
0
3DFACE
8
C2
10
410.000
20
380.000
30
-293.9711
11
420.000
21
380.000
31
-294.1201
12
420.000
22
390.000
32
-294.9164
13
410.000
23
390.000
33
-294.7961
0
3DFACE
8
C2
10
420.000
20
380.000
30
-294.1201
11
430.000
21
380.000
31
-293.6112
12
430.000
22
390.000
32
-294.3402
13
420.000
23
390.000
33
-294.9164
0
3DFACE
8
C2
10
430.000
20
380.000
30
-293.6112
11
440.000
21
380.000
31
-292.1367
12
440.000
22
390.000
32
-292.7858
13
430.000
23
390.000
33
-294.3402
0
3DFACE
8
C2
10
440.000
20
380.000
30
-292.1367
11
450.000
21
380.000
31
-291.4541
12
450.000
22
390.000
32
-291.9969
13
440.000
23
390.000
33
-292.7858
0
3DFACE
8
C2
10
450.000
20
380.000
30
-291.4541
11
460.000
21
380.000
31
-291.5129
12
460.000
22
390.000
32
-292.0075
13
450.000
23
390.000
33
-291.9969
0
3DFACE
8
C2
10
460.000
20
380.000
30
-291.5129
11
470.000
21
380.000
31
-292.4060
12
470.000
22
390.000
32
-292.9672
13
460.000
23
390.000
33
-292.0075
0
3DFACE
8
C2
10
470.000
20
380.000
30
-292.4060
11
480.000
21
380.000
31
-291.3620
12
480.000
22
390.000
32
-291.8387
13
470.000
23
390.000
33
-292.9672
0
3DFACE
8
C2
10
480.000
20
380.000
30
-291.3620
11
490.000
21
380.000
31
-288.4502
12
490.000
22
390.000
32
-288.8336
13
480.000
23
390.000
33
-291.8387
0
3DFACE
8
C2
10
490.000
20
380.000
30
-288.4502
11
500.000
21
380.000
31
-285.8608
12
500.000
22
390.000
32
-286.3072
13
490.000
23
390.000
33
-288.8336
0
3DFACE
8
C2
10
500.000
20
380.000
30
-285.8608
11
510.000
21
380.000
31
-284.4418
12
510.000
22
390.000
32
-285.1828
13
500.000
23
390.000
33
-286.3072
0
3DFACE
8
C2
10
510.000
20
380.000
30
-284.4418
11
520.000
21
380.000
31
-284.1114
12
520.000
22
390.000
32
-285.3888
13
510.000
23
390.000
33
-285.1828
0
3DFACE
8
C2
10
520.000
20
380.000
30
-284.1114
11
530.000
21
380.000
31
-282.1957
12
530.000
22
390.000
32
-283.7851
13
520.000
23
390.000
33
-285.3888
0
3DFACE
8
C2
10
530.000
20
380.000
30
-282.1957
11
540.000
21
380.000
31
-278.5733
12
540.000
22
390.000
32
-280.2707
13
530.000
23
390.000
33
-283.7851
0
3DFACE
8
C2
10
540.000
20
380.000
30
-278.5733
11
550.000
21
380.000
31
-276.5081
12
550.000
22
390.000
32
-278.5040
13
540.000
23
390.000
33
-280.2707
0
3DFACE
8
C2
10
550.000
20
380.000
30
-276.5081
11
560.000
21
380.000
31
-276.9190
12
560.000
22
390.000
32
-279.4003
13
550.000
23
390.000
33
-278.5040
0
3DFACE
8
C2
10
560.000
20
380.000
30
-276.9190
11
570.000
21
380.000
31
-279.3919
12
570.000
22
390.000
32
-282.4931
13
560.000
23
390.000
33
-279.4003
0
3DFACE
8
C2
10
570.000
20
380.000
30
-279.3919
11
580.000
21
380.000
31
-279.7538
12
580.000
22
390.000
32
-282.9923
13
570.000
23
390.000
33
-282.4931
0
3DFACE
8
C2
10
580.000
20
380.000
30
-279.7538
11
590.000
21
380.000
31
-278.0960
12
590.000
22
390.000
32
-281.0152
13
580.000
23
390.000
33
-282.9923
0
3DFACE
8
C2
10
590.000
20
380.000
30
-278.0960
11
600.000
21
380.000
31
-277.6171
12
600.000
22
390.000
32
-280.3544
13
590.000
23
390.000
33
-281.0152
0
3DFACE
8
C2
10
600.000
20
380.000
30
-277.6171
11
610.000
21
380.000
31
-278.9662
12
610.000
22
390.000
32
-281.8472
13
600.000
23
390.000
33
-280.3544
0
3DFACE
8
C2
10
610.000
20
380.000
30
-278.9662
11
620.000
21
380.000
31
-281.4163
12
620.000
22
390.000
32
-284.6772
13
610.000
23
390.000
33
-281.8472
0
3DFACE
8
C2
10
620.000
20
380.000
30
-281.4163
11
630.000
21
380.000
31
-281.3384
12
630.000
22
390.000
32
-284.5343
13
620.000
23
390.000
33
-284.6772
0
3DFACE
8
C2
10
630.000
20
380.000
30
-281.3384
11
640.000
21
380.000
31
-278.6061
12
640.000
22
390.000
32
-281.2780
13
630.000
23
390.000
33
-284.5343
0
3DFACE
8
C2
10
640.000
20
380.000
30
-278.6061
11
650.000
21
380.000
31
-277.9922
12
650.000
22
390.000
32
-280.1812
13
640.000
23
390.000
33
-281.2780
0
3DFACE
8
C2
10
650.000
20
380.000
30
-277.9922
11
660.000
21
380.000
31
-280.5867
12
660.000
22
390.000
32
-282.3106
13
650.000
23
390.000
33
-280.1812
0
3DFACE
8
C2
10
660.000
20
380.000
30
-280.5867
11
670.000
21
380.000
31
-285.4285
12
670.000
22
390.000
32
-286.5930
13
660.000
23
390.000
33
-282.3106
0
3DFACE
8
C2
10
670.000
20
380.000
30
-285.4285
11
680.000
21
380.000
31
-289.3118
12
680.000
22
390.000
32
-289.7141
13
670.000
23
390.000
33
-286.5930
0
3DFACE
8
C2
10
680.000
20
380.000
30
-289.3118
11
690.000
21
380.000
31
-291.9329
12
690.000
22
390.000
32
-291.3244
13
680.000
23
390.000
33
-289.7141
0
3DFACE
8
C2
10
690.000
20
380.000
30
-291.9329
11
700.000
21
380.000
31
-295.8278
12
700.000
22
390.000
32
-294.4616
13
690.000
23
390.000
33
-291.3244
0
3DFACE
8
C2
10
0.000
20
390.000
30
-308.1831
11
10.000
21
390.000
31
-308.8907
12
10.000
22
400.000
32
-308.6439
13
0.000
23
400.000
33
-308.0822
0
3DFACE
8
C2
10
10.000
20
390.000
30
-308.8907
11
20.000
21
390.000
31
-308.8191
12
20.000
22
400.000
32
-308.5938
13
10.000
23
400.000
33
-308.6439
0
3DFACE
8
C2
10
20.000
20
390.000
30
-308.8191
11
30.000
21
390.000
31
-309.5446
12
30.000
22
400.000
32
-309.1842
13
20.000
23
400.000
33
-308.5938
0
3DFACE
8
C2
10
30.000
20
390.000
30
-309.5446
11
40.000
21
390.000
31
-310.8158
12
40.000
22
400.000
32
-310.2827
13
30.000
23
400.000
33
-309.1842
0
3DFACE
8
C2
10
40.000
20
390.000
30
-310.8158
11
50.000
21
390.000
31
-311.3551
12
50.000
22
400.000
32
-310.7928
13
40.000
23
400.000
33
-310.2827
0
3DFACE
8
C2
10
50.000
20
390.000
30
-311.3551
11
60.000
21
390.000
31
-310.9346
12
60.000
22
400.000
32
-310.4484
13
50.000
23
400.000
33
-310.7928
0
3DFACE
8
C2
10
60.000
20
390.000
30
-310.9346
11
70.000
21
390.000
31
-309.8391
12
70.000
22
400.000
32
-309.6288
13
60.000
23
400.000
33
-310.4484
0
3DFACE
8
C2
10
70.000
20
390.000
30
-309.8391
11
80.000
21
390.000
31
-309.9216
12
80.000
22
400.000
32
-309.7530
13
70.000
23
400.000
33
-309.6288
0
3DFACE
8
C2
10
80.000
20
390.000
30
-309.9216
11
90.000
21
390.000
31
-311.2047
12
90.000
22
400.000
32
-310.8706
13
80.000
23
400.000
33
-309.7530
0
3DFACE
8
C2
10
90.000
20
390.000
30
-311.2047
11
100.000
21
390.000
31
-311.4346
12
100.000
22
400.000
32
-311.1096
13
90.000
23
400.000
33
-310.8706
0
3DFACE
8
C2
10
100.000
20
390.000
30
-311.4346
11
110.000
21
390.000
31
-310.3308
12
110.000
22
400.000
32
-310.1044
13
100.000
23
400.000
33
-311.1096
0
3DFACE
8
C2
10
110.000
20
390.000
30
-310.3308
11
120.000
21
390.000
31
-308.1910
12
120.000
22
400.000
32
-308.2308
13
110.000
23
400.000
33
-310.1044
0
3DFACE
8
C2
10
120.000
20
390.000
30
-308.1910
11
130.000
21
390.000
31
-307.4259
12
130.000
22
400.000
32
-307.5063
13
120.000
23
400.000
33
-308.2308
0
3DFACE
8
C2
10
130.000
20
390.000
30
-307.4259
11
140.000
21
390.000
31
-308.0154
12
140.000
22
400.000
32
-307.8921
13
130.000
23
400.000
33
-307.5063
0
3DFACE
8
C2
10
140.000
20
390.000
30
-308.0154
11
150.000
21
390.000
31
-307.8698
12
150.000
22
400.000
32
-307.7163
13
140.000
23
400.000
33
-307.8921
0
3DFACE
8
C2
10
150.000
20
390.000
30
-307.8698
11
160.000
21
390.000
31
-306.6803
12
160.000
22
400.000
32
-306.5442
13
150.000
23
400.000
33
-307.7163
0
3DFACE
8
C2
10
160.000
20
390.000
30
-306.6803
11
170.000
21
390.000
31
-304.8827
12
170.000
22
400.000
32
-304.8277
13
160.000
23
400.000
33
-306.5442
0
3DFACE
8
C2
10
170.000
20
390.000
30
-304.8827
11
180.000
21
390.000
31
-304.8598
12
180.000
22
400.000
32
-304.7070
13
170.000
23
400.000
33
-304.8277
0
3DFACE
8
C2
10
180.000
20
390.000
30
-304.8598
11
190.000
21
390.000
31
-306.5182
12
190.000
22
400.000
32
-305.9512
13
180.000
23
400.000
33
-304.7070
0
3DFACE
8
C2
10
190.000
20
390.000
30
-306.5182
11
200.000
21
390.000
31
-307.2259
12
200.000
22
400.000
32
-306.4369
13
190.000
23
400.000
33
-305.9512
0
3DFACE
8
C2
10
200.000
20
390.000
30
-307.2259
11
210.000
21
390.000
31
-306.8017
12
210.000
22
400.000
32
-305.9344
13
200.000
23
400.000
33
-306.4369
0
3DFACE
8
C2
10
210.000
20
390.000
30
-306.8017
11
220.000
21
390.000
31
-305.2648
12
220.000
22
400.000
32
-304.4719
13
210.000
23
400.000
33
-305.9344
0
3DFACE
8
C2
10
220.000
20
390.000
30
-305.2648
11
230.000
21
390.000
31
-305.4725
12
230.000
22
400.000
32
-304.6074
13
220.000
23
400.000
33
-304.4719
0
3DFACE
8
C2
10
230.000
20
390.000
30
-305.4725
11
240.000
21
390.000
31
-306.7481
12
240.000
22
400.000
32
-305.7076
13
230.000
23
400.000
33
-304.6074
0
3DFACE
8
C2
10
240.000
20
390.000
30
-306.7481
11
250.000
21
390.000
31
-307.1672
12
250.000
22
400.000
32
-306.0783
13
240.000
23
400.000
33
-305.7076
0
3DFACE
8
C2
10
250.000
20
390.000
30
-307.1672
11
260.000
21
390.000
31
-306.9346
12
260.000
22
400.000
32
-305.9745
13
250.000
23
400.000
33
-306.0783
0
3DFACE
8
C2
10
260.000
20
390.000
30
-306.9346
11
270.000
21
390.000
31
-306.0195
12
270.000
22
400.000
32
-305.2958
13
260.000
23
400.000
33
-305.9745
0
3DFACE
8
C2
10
270.000
20
390.000
30
-306.0195
11
280.000
21
390.000
31
-306.0493
12
280.000
22
400.000
32
-305.3999
13
270.000
23
400.000
33
-305.2958
0
3DFACE
8
C2
10
280.000
20
390.000
30
-306.0493
11
290.000
21
390.000
31
-307.1461
12
290.000
22
400.000
32
-306.4591
13
280.000
23
400.000
33
-305.3999
0
3DFACE
8
C2
10
290.000
20
390.000
30
-307.1461
11
300.000
21
390.000
31
-306.9438
12
300.000
22
400.000
32
-306.3608
13
290.000
23
400.000
33
-306.4591
0
3DFACE
8
C2
10
300.000
20
390.000
30
-306.9438
11
310.000
21
390.000
31
-306.2497
12
310.000
22
400.000
32
-305.8317
13
300.000
23
400.000
33
-306.3608
0
3DFACE
8
C2
10
310.000
20
390.000
30
-306.2497
11
320.000
21
390.000
31
-305.1573
12
320.000
22
400.000
32
-304.9147
13
310.000
23
400.000
33
-305.8317
0
3DFACE
8
C2
10
320.000
20
390.000
30
-305.1573
11
330.000
21
390.000
31
-303.7207
12
330.000
22
400.000
32
-303.7122
13
320.000
23
400.000
33
-304.9147
0
3DFACE
8
C2
10
330.000
20
390.000
30
-303.7207
11
340.000
21
390.000
31
-302.8879
12
340.000
22
400.000
32
-303.0008
13
330.000
23
400.000
33
-303.7122
0
3DFACE
8
C2
10
340.000
20
390.000
30
-302.8879
11
350.000
21
390.000
31
-301.5403
12
350.000
22
400.000
32
-301.8452
13
340.000
23
400.000
33
-303.0008
0
3DFACE
8
C2
10
350.000
20
390.000
30
-301.5403
11
360.000
21
390.000
31
-300.2783
12
360.000
22
400.000
32
-300.7414
13
350.000
23
400.000
33
-301.8452
0
3DFACE
8
C2
10
360.000
20
390.000
30
-300.2783
11
370.000
21
390.000
31
-299.4999
12
370.000
22
400.000
32
-300.0426
13
360.000
23
400.000
33
-300.7414
0
3DFACE
8
C2
10
370.000
20
390.000
30
-299.4999
11
380.000
21
390.000
31
-298.1084
12
380.000
22
400.000
32
-298.7814
13
370.000
23
400.000
33
-300.0426
0
3DFACE
8
C2
10
380.000
20
390.000
30
-298.1084
11
390.000
21
390.000
31
-296.6009
12
390.000
22
400.000
32
-297.4180
13
380.000
23
400.000
33
-298.7814
0
3DFACE
8
C2
10
390.000
20
390.000
30
-296.6009
11
400.000
21
390.000
31
-295.3839
12
400.000
22
400.000
32
-296.2136
13
390.000
23
400.000
33
-297.4180
0
3DFACE
8
C2
10
400.000
20
390.000
30
-295.3839
11
410.000
21
390.000
31
-294.7961
12
410.000
22
400.000
32
-295.4758
13
400.000
23
400.000
33
-296.2136
0
3DFACE
8
C2
10
410.000
20
390.000
30
-294.7961
11
420.000
21
390.000
31
-294.9164
12
420.000
22
400.000
32
-295.0665
13
410.000
23
400.000
33
-295.4758
0
3DFACE
8
C2
10
420.000
20
390.000
30
-294.9164
11
430.000
21
390.000
31
-294.3402
12
430.000
22
400.000
32
-294.3088
13
420.000
23
400.000
33
-295.0665
0
3DFACE
8
C2
10
430.000
20
390.000
30
-294.3402
11
440.000
21
390.000
31
-292.7858
12
440.000
22
400.000
32
-292.7952
13
430.000
23
400.000
33
-294.3088
0
3DFACE
8
C2
10
440.000
20
390.000
30
-292.7858
11
450.000
21
390.000
31
-291.9969
12
450.000
22
400.000
32
-291.9879
13
440.000
23
400.000
33
-292.7952
0
3DFACE
8
C2
10
450.000
20
390.000
30
-291.9969
11
460.000
21
390.000
31
-292.0075
12
460.000
22
400.000
32
-291.8738
13
450.000
23
400.000
33
-291.9879
0
3DFACE
8
C2
10
460.000
20
390.000
30
-292.0075
11
470.000
21
390.000
31
-292.9672
12
470.000
22
400.000
32
-292.5924
13
460.000
23
400.000
33
-291.8738
0
3DFACE
8
C2
10
470.000
20
390.000
30
-292.9672
11
480.000
21
390.000
31
-291.8387
12
480.000
22
400.000
32
-291.5218
13
470.000
23
400.000
33
-292.5924
0
3DFACE
8
C2
10
480.000
20
390.000
30
-291.8387
11
490.000
21
390.000
31
-288.8336
12
490.000
22
400.000
32
-289.0318
13
480.000
23
400.000
33
-291.5218
0
3DFACE
8
C2
10
490.000
20
390.000
30
-288.8336
11
500.000
21
390.000
31
-286.3072
12
500.000
22
400.000
32
-286.7353
13
490.000
23
400.000
33
-289.0318
0
3DFACE
8
C2
10
500.000
20
390.000
30
-286.3072
11
510.000
21
390.000
31
-285.1828
12
510.000
22
400.000
32
-285.7457
13
500.000
23
400.000
33
-286.7353
0
3DFACE
8
C2
10
510.000
20
390.000
30
-285.1828
11
520.000
21
390.000
31
-285.3888
12
520.000
22
400.000
32
-285.9801
13
510.000
23
400.000
33
-285.7457
0
3DFACE
8
C2
10
520.000
20
390.000
30
-285.3888
11
530.000
21
390.000
31
-283.7851
12
530.000
22
400.000
32
-284.6126
13
520.000
23
400.000
33
-285.9801
0
3DFACE
8
C2
10
530.000
20
390.000
30
-283.7851
11
540.000
21
390.000
31
-280.2707
12
540.000
22
400.000
32
-281.4855
13
530.000
23
400.000
33
-284.6126
0
3DFACE
8
C2
10
540.000
20
390.000
30
-280.2707
11
550.000
21
390.000
31
-278.5040
12
550.000
22
400.000
32
-279.9325
13
540.000
23
400.000
33
-281.4855
0
3DFACE
8
C2
10
550.000
20
390.000
30
-278.5040
11
560.000
21
390.000
31
-279.4003
12
560.000
22
400.000
32
-280.9319
13
550.000
23
400.000
33
-279.9325
0
3DFACE
8
C2
10
560.000
20
390.000
30
-279.4003
11
570.000
21
390.000
31
-282.4931
12
570.000
22
400.000
32
-283.8558
13
560.000
23
400.000
33
-280.9319
0
3DFACE
8
C2
10
570.000
20
390.000
30
-282.4931
11
580.000
21
390.000
31
-282.9923
12
580.000
22
400.000
32
-284.3267
13
570.000
23
400.000
33
-283.8558
0
3DFACE
8
C2
10
580.000
20
390.000
30
-282.9923
11
590.000
21
390.000
31
-281.0152
12
590.000
22
400.000
32
-282.3699
13
580.000
23
400.000
33
-284.3267
0
3DFACE
8
C2
10
590.000
20
390.000
30
-281.0152
11
600.000
21
390.000
31
-280.3544
12
600.000
22
400.000
32
-281.6274
13
590.000
23
400.000
33
-282.3699
0
3DFACE
8
C2
10
600.000
20
390.000
30
-280.3544
11
610.000
21
390.000
31
-281.8472
12
610.000
22
400.000
32
-283.0898
13
600.000
23
400.000
33
-281.6274
0
3DFACE
8
C2
10
610.000
20
390.000
30
-281.8472
11
620.000
21
390.000
31
-284.6772
12
620.000
22
400.000
32
-285.8995
13
610.000
23
400.000
33
-283.0898
0
3DFACE
8
C2
10
620.000
20
390.000
30
-284.6772
11
630.000
21
390.000
31
-284.5343
12
630.000
22
400.000
32
-285.7687
13
620.000
23
400.000
33
-285.8995
0
3DFACE
8
C2
10
630.000
20
390.000
30
-284.5343
11
640.000
21
390.000
31
-281.2780
12
640.000
22
400.000
32
-282.6870
13
630.000
23
400.000
33
-285.7687
0
3DFACE
8
C2
10
640.000
20
390.000
30
-281.2780
11
650.000
21
390.000
31
-280.1812
12
650.000
22
400.000
32
-281.5008
13
640.000
23
400.000
33
-282.6870
0
3DFACE
8
C2
10
650.000
20
390.000
30
-280.1812
11
660.000
21
390.000
31
-282.3106
12
660.000
22
400.000
32
-283.3494
13
650.000
23
400.000
33
-281.5008
0
3DFACE
8
C2
10
660.000
20
390.000
30
-282.3106
11
670.000
21
390.000
31
-286.5930
12
670.000
22
400.000
32
-287.0984
13
660.000
23
400.000
33
-283.3494
0
3DFACE
8
C2
10
670.000
20
390.000
30
-286.5930
11
680.000
21
390.000
31
-289.7141
12
680.000
22
400.000
32
-289.6382
13
670.000
23
400.000
33
-287.0984
0
3DFACE
8
C2
10
680.000
20
390.000
30
-289.7141
11
690.000
21
390.000
31
-291.3244
12
690.000
22
400.000
32
-290.6814
13
680.000
23
400.000
33
-289.6382
0
3DFACE
8
C2
10
690.000
20
390.000
30
-291.3244
11
700.000
21
390.000
31
-294.4616
12
700.000
22
400.000
32
-293.2463
13
690.000
23
400.000
33
-290.6814
0
3DFACE
8
C2
10
0.000
20
400.000
30
-308.0822
11
10.000
21
400.000
31
-308.6439
12
10.000
22
410.000
32
-308.2469
13
0.000
23
410.000
33
-307.8399
0
3DFACE
8
C2
10
10.000
20
400.000
30
-308.6439
11
20.000
21
400.000
31
-308.5938
12
20.000
22
410.000
32
-308.2266
13
10.000
23
410.000
33
-308.2469
0
3DFACE
8
C2
10
20.000
20
400.000
30
-308.5938
11
30.000
21
400.000
31
-309.1842
12
30.000
22
410.000
32
-308.6751
13
20.000
23
410.000
33
-308.2266
0
3DFACE
8
C2
10
30.000
20
400.000
30
-309.1842
11
40.000
21
400.000
31
-310.2827
12
40.000
22
410.000
32
-309.5452
13
30.000
23
410.000
33
-308.6751
0
3DFACE
8
C2
10
40.000
20
400.000
30
-310.2827
11
50.000
21
400.000
31
-310.7928
12
50.000
22
410.000
32
-309.9826
13
40.000
23
410.000
33
-309.5452
0
3DFACE
8
C2
10
50.000
20
400.000
30
-310.7928
11
60.000
21
400.000
31
-310.4484
12
60.000
22
410.000
32
-309.7947
13
50.000
23
410.000
33
-309.9826
0
3DFACE
8
C2
10
60.000
20
400.000
30
-310.4484
11
70.000
21
400.000
31
-309.6288
12
70.000
22
410.000
32
-309.3131
13
60.000
23
410.000
33
-309.7947
0
3DFACE
8
C2
10
70.000
20
400.000
30
-309.6288
11
80.000
21
400.000
31
-309.7530
12
80.000
22
410.000
32
-309.5082
13
70.000
23
410.000
33
-309.3131
0
3DFACE
8
C2
10
80.000
20
400.000
30
-309.7530
11
90.000
21
400.000
31
-310.8706
12
90.000
22
410.000
32
-310.4143
13
80.000
23
410.000
33
-309.5082
0
3DFACE
8
C2
10
90.000
20
400.000
30
-310.8706
11
100.000
21
400.000
31
-311.1096
12
100.000
22
410.000
32
-310.6312
13
90.000
23
410.000
33
-310.4143
0
3DFACE
8
C2
10
100.000
20
400.000
30
-311.1096
11
110.000
21
400.000
31
-310.1044
12
110.000
22
410.000
32
-309.8111
13
100.000
23
410.000
33
-310.6312
0
3DFACE
8
C2
10
110.000
20
400.000
30
-310.1044
11
120.000
21
400.000
31
-308.2308
12
120.000
22
410.000
32
-308.3006
13
110.000
23
410.000
33
-309.8111
0
3DFACE
8
C2
10
120.000
20
400.000
30
-308.2308
11
130.000
21
400.000
31
-307.5063
12
130.000
22
410.000
32
-307.6203
13
120.000
23
410.000
33
-308.3006
0
3DFACE
8
C2
10
130.000
20
400.000
30
-307.5063
11
140.000
21
400.000
31
-307.8921
12
140.000
22
410.000
32
-307.7582
13
130.000
23
410.000
33
-307.6203
0
3DFACE
8
C2
10
140.000
20
400.000
30
-307.8921
11
150.000
21
400.000
31
-307.7163
12
150.000
22
410.000
32
-307.4850
13
140.000
23
410.000
33
-307.7582
0
3DFACE
8
C2
10
150.000
20
400.000
30
-307.7163
11
160.000
21
400.000
31
-306.5442
12
160.000
22
410.000
32
-306.3861
13
150.000
23
410.000
33
-307.4850
0
3DFACE
8
C2
10
160.000
20
400.000
30
-306.5442
11
170.000
21
400.000
31
-304.8277
12
170.000
22
410.000
32
-304.7886
13
160.000
23
410.000
33
-306.3861
0
3DFACE
8
C2
10
170.000
20
400.000
30
-304.8277
11
180.000
21
400.000
31
-304.7070
12
180.000
22
410.000
32
-304.6062
13
170.000
23
410.000
33
-304.7886
0
3DFACE
8
C2
10
180.000
20
400.000
30
-304.7070
11
190.000
21
400.000
31
-305.9512
12
190.000
22
410.000
32
-305.4699
13
180.000
23
410.000
33
-304.6062
0
3DFACE
8
C2
10
190.000
20
400.000
30
-305.9512
11
200.000
21
400.000
31
-306.4369
12
200.000
22
410.000
32
-305.7893
13
190.000
23
410.000
33
-305.4699
0
3DFACE
8
C2
10
200.000
20
400.000
30
-306.4369
11
210.000
21
400.000
31
-305.9344
12
210.000
22
410.000
32
-305.3480
13
200.000
23
410.000
33
-305.7893
0
3DFACE
8
C2
10
210.000
20
400.000
30
-305.9344
11
220.000
21
400.000
31
-304.4719
12
220.000
22
410.000
32
-304.0066
13
210.000
23
410.000
33
-305.3480
0
3DFACE
8
C2
10
220.000
20
400.000
30
-304.4719
11
230.000
21
400.000
31
-304.6074
12
230.000
22
410.000
32
-304.1841
13
220.000
23
410.000
33
-304.0066
0
3DFACE
8
C2
10
230.000
20
400.000
30
-304.6074
11
240.000
21
400.000
31
-305.7076
12
240.000
22
410.000
32
-305.2726
13
230.000
23
410.000
33
-304.1841
0
3DFACE
8
C2
10
240.000
20
400.000
30
-305.7076
11
250.000
21
400.000
31
-306.0783
12
250.000
22
410.000
32
-305.6918
13
240.000
23
410.000
33
-305.2726
0
3DFACE
8
C2
10
250.000
20
400.000
30
-306.0783
11
260.000
21
400.000
31
-305.9745
12
260.000
22
410.000
32
-305.7522
13
250.000
23
410.000
33
-305.6918
0
3DFACE
8
C2
10
260.000
20
400.000
30
-305.9745
11
270.000
21
400.000
31
-305.2958
12
270.000
22
410.000
32
-305.2349
13
260.000
23
410.000
33
-305.7522
0
3DFACE
8
C2
10
270.000
20
400.000
30
-305.2958
11
280.000
21
400.000
31
-305.3999
12
280.000
22
410.000
32
-305.4182
13
270.000
23
410.000
33
-305.2349
0
3DFACE
8
C2
10
280.000
20
400.000
30
-305.3999
11
290.000
21
400.000
31
-306.4591
12
290.000
22
410.000
32
-306.5285
13
280.000
23
410.000
33
-305.4182
0
3DFACE
8
C2
10
290.000
20
400.000
30
-306.4591
11
300.000
21
400.000
31
-306.3608
12
300.000
22
410.000
32
-306.4909
13
290.000
23
410.000
33
-306.5285
0
3DFACE
8
C2
10
300.000
20
400.000
30
-306.3608
11
310.000
21
400.000
31
-305.8317
12
310.000
22
410.000
32
-306.0040
13
300.000
23
410.000
33
-306.4909
0
3DFACE
8
C2
10
310.000
20
400.000
30
-305.8317
11
320.000
21
400.000
31
-304.9147
12
320.000
22
410.000
32
-305.0987
13
310.000
23
410.000
33
-306.0040
0
3DFACE
8
C2
10
320.000
20
400.000
30
-304.9147
11
330.000
21
400.000
31
-303.7122
12
330.000
22
410.000
32
-304.0286
13
320.000
23
410.000
33
-305.0987
0
3DFACE
8
C2
10
330.000
20
400.000
30
-303.7122
11
340.000
21
400.000
31
-303.0008
12
340.000
22
410.000
32
-303.4574
13
330.000
23
410.000
33
-304.0286
0
3DFACE
8
C2
10
340.000
20
400.000
30
-303.0008
11
350.000
21
400.000
31
-301.8452
12
350.000
22
410.000
32
-302.4148
13
340.000
23
410.000
33
-303.4574
0
3DFACE
8
C2
10
350.000
20
400.000
30
-301.8452
11
360.000
21
400.000
31
-300.7414
12
360.000
22
410.000
32
-301.3966
13
350.000
23
410.000
33
-302.4148
0
3DFACE
8
C2
10
360.000
20
400.000
30
-300.7414
11
370.000
21
400.000
31
-300.0426
12
370.000
22
410.000
32
-300.6886
13
360.000
23
410.000
33
-301.3966
0
3DFACE
8
C2
10
370.000
20
400.000
30
-300.0426
11
380.000
21
400.000
31
-298.7814
12
380.000
22
410.000
32
-299.5425
13
370.000
23
410.000
33
-300.6886
0
3DFACE
8
C2
10
380.000
20
400.000
30
-298.7814
11
390.000
21
400.000
31
-297.4180
12
390.000
22
410.000
32
-298.3994
13
380.000
23
410.000
33
-299.5425
0
3DFACE
8
C2
10
390.000
20
400.000
30
-297.4180
11
400.000
21
400.000
31
-296.2136
12
400.000
22
410.000
32
-297.2751
13
390.000
23
410.000
33
-298.3994
0
3DFACE
8
C2
10
400.000
20
400.000
30
-296.2136
11
410.000
21
400.000
31
-295.4758
12
410.000
22
410.000
32
-296.4251
13
400.000
23
410.000
33
-297.2751
0
3DFACE
8
C2
10
410.000
20
400.000
30
-295.4758
11
420.000
21
400.000
31
-295.0665
12
420.000
22
410.000
32
-295.5882
13
410.000
23
410.000
33
-296.4251
0
3DFACE
8
C2
10
420.000
20
400.000
30
-295.0665
11
430.000
21
400.000
31
-294.3088
12
430.000
22
410.000
32
-294.7236
13
420.000
23
410.000
33
-295.5882
0
3DFACE
8
C2
10
430.000
20
400.000
30
-294.3088
11
440.000
21
400.000
31
-292.7952
12
440.000
22
410.000
32
-293.3628
13
430.000
23
410.000
33
-294.7236
0
3DFACE
8
C2
10
440.000
20
400.000
30
-292.7952
11
450.000
21
400.000
31
-291.9879
12
450.000
22
410.000
32
-292.6232
13
440.000
23
410.000
33
-293.3628
0
3DFACE
8
C2
10
450.000
20
400.000
30
-291.9879
11
460.000
21
400.000
31
-291.8738
12
460.000
22
410.000
32
-292.3605
13
450.000
23
410.000
33
-292.6232
0
3DFACE
8
C2
10
460.000
20
400.000
30
-291.8738
11
470.000
21
400.000
31
-292.5924
12
470.000
22
410.000
32
-292.6804
13
460.000
23
410.000
33
-292.3605
0
3DFACE
8
C2
10
470.000
20
400.000
30
-292.5924
11
480.000
21
400.000
31
-291.5218
12
480.000
22
410.000
32
-291.7207
13
470.000
23
410.000
33
-292.6804
0
3DFACE
8
C2
10
480.000
20
400.000
30
-291.5218
11
490.000
21
400.000
31
-289.0318
12
490.000
22
410.000
32
-289.8117
13
480.000
23
410.000
33
-291.7207
0
3DFACE
8
C2
10
490.000
20
400.000
30
-289.0318
11
500.000
21
400.000
31
-286.7353
12
500.000
22
410.000
32
-287.8410
13
490.000
23
410.000
33
-289.8117
0
3DFACE
8
C2
10
500.000
20
400.000
30
-286.7353
11
510.000
21
400.000
31
-285.7457
12
510.000
22
410.000
32
-286.8955
13
500.000
23
410.000
33
-287.8410
0
3DFACE
8
C2
10
510.000
20
400.000
30
-285.7457
11
520.000
21
400.000
31
-285.9801
12
520.000
22
410.000
32
-287.0917
13
510.000
23
410.000
33
-286.8955
0
3DFACE
8
C2
10
520.000
20
400.000
30
-285.9801
11
530.000
21
400.000
31
-284.6126
12
530.000
22
410.000
32
-285.9245
13
520.000
23
410.000
33
-287.0917
0
3DFACE
8
C2
10
530.000
20
400.000
30
-284.6126
11
540.000
21
400.000
31
-281.4855
12
540.000
22
410.000
32
-283.3633
13
530.000
23
410.000
33
-285.9245
0
3DFACE
8
C2
10
540.000
20
400.000
30
-281.4855
11
550.000
21
400.000
31
-279.9325
12
550.000
22
410.000
32
-282.0114
13
540.000
23
410.000
33
-283.3633
0
3DFACE
8
C2
10
550.000
20
400.000
30
-279.9325
11
560.000
21
400.000
31
-280.9319
12
560.000
22
410.000
32
-282.8523
13
550.000
23
410.000
33
-282.0114
0
3DFACE
8
C2
10
560.000
20
400.000
30
-280.9319
11
570.000
21
400.000
31
-283.8558
12
570.000
22
410.000
32
-285.4205
13
560.000
23
410.000
33
-282.8523
0
3DFACE
8
C2
10
570.000
20
400.000
30
-283.8558
11
580.000
21
400.000
31
-284.3267
12
580.000
22
410.000
32
-285.7639
13
570.000
23
410.000
33
-285.4205
0
3DFACE
8
C2
10
580.000
20
400.000
30
-284.3267
11
590.000
21
400.000
31
-282.3699
12
590.000
22
410.000
32
-283.8701
13
580.000
23
410.000
33
-285.7639
0
3DFACE
8
C2
10
590.000
20
400.000
30
-282.3699
11
600.000
21
400.000
31
-281.6274
12
600.000
22
410.000
32
-283.1176
13
590.000
23
410.000
33
-283.8701
0
3DFACE
8
C2
10
600.000
20
400.000
30
-281.6274
11
610.000
21
400.000
31
-283.0898
12
610.000
22
410.000
32
-284.4000
13
600.000
23
410.000
33
-283.1176
0
3DFACE
8
C2
10
610.000
20
400.000
30
-283.0898
11
620.000
21
400.000
31
-285.8995
12
620.000
22
410.000
32
-287.0165
13
610.000
23
410.000
33
-284.4000
0
3DFACE
8
C2
10
620.000
20
400.000
30
-285.8995
11
630.000
21
400.000
31
-285.7687
12
630.000
22
410.000
32
-286.9144
13
620.000
23
410.000
33
-287.0165
0
3DFACE
8
C2
10
630.000
20
400.000
30
-285.7687
11
640.000
21
400.000
31
-282.6870
12
640.000
22
410.000
32
-284.0892
13
630.000
23
410.000
33
-286.9144
0
3DFACE
8
C2
10
640.000
20
400.000
30
-282.6870
11
650.000
21
400.000
31
-281.5008
12
650.000
22
410.000
32
-282.9736
13
640.000
23
410.000
33
-284.0892
0
3DFACE
8
C2
10
650.000
20
400.000
30
-281.5008
11
660.000
21
400.000
31
-283.3494
12
660.000
22
410.000
32
-284.5394
13
650.000
23
410.000
33
-282.9736
0
3DFACE
8
C2
10
660.000
20
400.000
30
-283.3494
11
670.000
21
400.000
31
-287.0984
12
670.000
22
410.000
32
-287.7150
13
660.000
23
410.000
33
-284.5394
0
3DFACE
8
C2
10
670.000
20
400.000
30
-287.0984
11
680.000
21
400.000
31
-289.6382
12
680.000
22
410.000
32
-289.7738
13
670.000
23
410.000
33
-287.7150
0
3DFACE
8
C2
10
680.000
20
400.000
30
-289.6382
11
690.000
21
400.000
31
-290.6814
12
690.000
22
410.000
32
-290.3741
13
680.000
23
410.000
33
-289.7738
0
3DFACE
8
C2
10
690.000
20
400.000
30
-290.6814
11
700.000
21
400.000
31
-293.2463
12
700.000
22
410.000
32
-292.4729
13
690.000
23
410.000
33
-290.3741
0
3DFACE
8
C2
10
0.000
20
410.000
30
-307.8399
11
10.000
21
410.000
31
-308.2469
12
10.000
22
420.000
32
-307.5208
13
0.000
23
420.000
33
-307.2288
0
3DFACE
8
C2
10
10.000
20
410.000
30
-308.2469
11
20.000
21
410.000
31
-308.2266
12
20.000
22
420.000
32
-307.5097
13
10.000
23
420.000
33
-307.5208
0
3DFACE
8
C2
10
20.000
20
410.000
30
-308.2266
11
30.000
21
410.000
31
-308.6751
12
30.000
22
420.000
32
-307.8562
13
20.000
23
420.000
33
-307.5097
0
3DFACE
8
C2
10
30.000
20
410.000
30
-308.6751
11
40.000
21
410.000
31
-309.5452
12
40.000
22
420.000
32
-308.5161
13
30.000
23
420.000
33
-307.8562
0
3DFACE
8
C2
10
40.000
20
410.000
30
-309.5452
11
50.000
21
410.000
31
-309.9826
12
50.000
22
420.000
32
-308.8922
13
40.000
23
420.000
33
-308.5161
0
3DFACE
8
C2
10
50.000
20
410.000
30
-309.9826
11
60.000
21
410.000
31
-309.7947
12
60.000
22
420.000
32
-308.8969
13
50.000
23
420.000
33
-308.8922
0
3DFACE
8
C2
10
60.000
20
410.000
30
-309.7947
11
70.000
21
410.000
31
-309.3131
12
70.000
22
420.000
32
-308.7110
13
60.000
23
420.000
33
-308.8969
0
3DFACE
8
C2
10
70.000
20
410.000
30
-309.3131
11
80.000
21
410.000
31
-309.5082
12
80.000
22
420.000
32
-308.9789
13
70.000
23
420.000
33
-308.7110
0
3DFACE
8
C2
10
80.000
20
410.000
30
-309.5082
11
90.000
21
410.000
31
-310.4143
12
90.000
22
420.000
32
-309.7337
13
80.000
23
420.000
33
-308.9789
0
3DFACE
8
C2
10
90.000
20
410.000
30
-310.4143
11
100.000
21
410.000
31
-310.6312
12
100.000
22
420.000
32
-309.9568
13
90.000
23
420.000
33
-309.7337
0
3DFACE
8
C2
10
100.000
20
410.000
30
-310.6312
11
110.000
21
410.000
31
-309.8111
12
110.000
22
420.000
32
-309.3568
13
100.000
23
420.000
33
-309.9568
0
3DFACE
8
C2
10
110.000
20
410.000
30
-309.8111
11
120.000
21
410.000
31
-308.3006
12
120.000
22
420.000
32
-308.2049
13
110.000
23
420.000
33
-309.3568
0
3DFACE
8
C2
10
120.000
20
410.000
30
-308.3006
11
130.000
21
410.000
31
-307.6203
12
130.000
22
420.000
32
-307.5976
13
120.000
23
420.000
33
-308.2049
0
3DFACE
8
C2
10
130.000
20
410.000
30
-307.6203
11
140.000
21
410.000
31
-307.7582
12
140.000
22
420.000
32
-307.5522
13
130.000
23
420.000
33
-307.5976
0
3DFACE
8
C2
10
140.000
20
410.000
30
-307.7582
11
150.000
21
410.000
31
-307.4850
12
150.000
22
420.000
32
-307.2135
13
140.000
23
420.000
33
-307.5522
0
3DFACE
8
C2
10
150.000
20
410.000
30
-307.4850
11
160.000
21
410.000
31
-306.3861
12
160.000
22
420.000
32
-306.3093
13
150.000
23
420.000
33
-307.2135
0
3DFACE
8
C2
10
160.000
20
410.000
30
-306.3861
11
170.000
21
410.000
31
-304.7886
12
170.000
22
420.000
32
-304.8241
13
160.000
23
420.000
33
-306.3093
0
3DFACE
8
C2
10
170.000
20
410.000
30
-304.7886
11
180.000
21
410.000
31
-304.6062
12
180.000
22
420.000
32
-304.6907
13
170.000
23
420.000
33
-304.8241
0
3DFACE
8
C2
10
180.000
20
410.000
30
-304.6062
11
190.000
21
410.000
31
-305.4699
12
190.000
22
420.000
32
-305.2782
13
180.000
23
420.000
33
-304.6907
0
3DFACE
8
C2
10
190.000
20
410.000
30
-305.4699
11
200.000
21
410.000
31
-305.7893
12
200.000
22
420.000
32
-305.4852
13
190.000
23
420.000
33
-305.2782
0
3DFACE
8
C2
10
200.000
20
410.000
30
-305.7893
11
210.000
21
410.000
31
-305.3480
12
210.000
22
420.000
32
-305.2121
13
200.000
23
420.000
33
-305.4852
0
3DFACE
8
C2
10
210.000
20
410.000
30
-305.3480
11
220.000
21
410.000
31
-304.0066
12
220.000
22
420.000
32
-303.9799
13
210.000
23
420.000
33
-305.2121
0
3DFACE
8
C2
10
220.000
20
410.000
30
-304.0066
11
230.000
21
410.000
31
-304.1841
12
230.000
22
420.000
32
-304.2090
13
220.000
23
420.000
33
-303.9799
0
3DFACE
8
C2
10
230.000
20
410.000
30
-304.1841
11
240.000
21
410.000
31
-305.2726
12
240.000
22
420.000
32
-305.3634
13
230.000
23
420.000
33
-304.2090
0
3DFACE
8
C2
10
240.000
20
410.000
30
-305.2726
11
250.000
21
410.000
31
-305.6918
12
250.000
22
420.000
32
-305.7844
13
240.000
23
420.000
33
-305.3634
0
3DFACE
8
C2
10
250.000
20
410.000
30
-305.6918
11
260.000
21
410.000
31
-305.7522
12
260.000
22
420.000
32
-305.9844
13
250.000
23
420.000
33
-305.7844
0
3DFACE
8
C2
10
260.000
20
410.000
30
-305.7522
11
270.000
21
410.000
31
-305.2349
12
270.000
22
420.000
32
-305.5569
13
260.000
23
420.000
33
-305.9844
0
3DFACE
8
C2
10
270.000
20
410.000
30
-305.2349
11
280.000
21
410.000
31
-305.4182
12
280.000
22
420.000
32
-305.7534
13
270.000
23
420.000
33
-305.5569
0
3DFACE
8
C2
10
280.000
20
410.000
30
-305.4182
11
290.000
21
410.000
31
-306.5285
12
290.000
22
420.000
32
-306.9597
13
280.000
23
420.000
33
-305.7534
0
3DFACE
8
C2
10
290.000
20
410.000
30
-306.5285
11
300.000
21
410.000
31
-306.4909
12
300.000
22
420.000
32
-306.9270
13
290.000
23
420.000
33
-306.9597
0
3DFACE
8
C2
10
300.000
20
410.000
30
-306.4909
11
310.000
21
410.000
31
-306.0040
12
310.000
22
420.000
32
-306.4786
13
300.000
23
420.000
33
-306.9270
0
3DFACE
8
C2
10
310.000
20
410.000
30
-306.0040
11
320.000
21
410.000
31
-305.0987
12
320.000
22
420.000
32
-305.5291
13
310.000
23
420.000
33
-306.4786
0
3DFACE
8
C2
10
320.000
20
410.000
30
-305.0987
11
330.000
21
410.000
31
-304.0286
12
330.000
22
420.000
32
-304.5986
13
320.000
23
420.000
33
-305.5291
0
3DFACE
8
C2
10
330.000
20
410.000
30
-304.0286
11
340.000
21
410.000
31
-303.4574
12
340.000
22
420.000
32
-304.2146
13
330.000
23
420.000
33
-304.5986
0
3DFACE
8
C2
10
340.000
20
410.000
30
-303.4574
11
350.000
21
410.000
31
-302.4148
12
350.000
22
420.000
32
-303.3148
13
340.000
23
420.000
33
-304.2146
0
3DFACE
8
C2
10
350.000
20
410.000
30
-302.4148
11
360.000
21
410.000
31
-301.3966
12
360.000
22
420.000
32
-302.4080
13
350.000
23
420.000
33
-303.3148
0
3DFACE
8
C2
10
360.000
20
410.000
30
-301.3966
11
370.000
21
410.000
31
-300.6886
12
370.000
22
420.000
32
-301.6371
13
360.000
23
420.000
33
-302.4080
0
3DFACE
8
C2
10
370.000
20
410.000
30
-300.6886
11
380.000
21
410.000
31
-299.5425
12
380.000
22
420.000
32
-300.5741
13
370.000
23
420.000
33
-301.6371
0
3DFACE
8
C2
10
380.000
20
410.000
30
-299.5425
11
390.000
21
410.000
31
-298.3994
12
390.000
22
420.000
32
-299.7047
13
380.000
23
420.000
33
-300.5741
0
3DFACE
8
C2
10
390.000
20
410.000
30
-298.3994
11
400.000
21
410.000
31
-297.2751
12
400.000
22
420.000
32
-298.6880
13
390.000
23
420.000
33
-299.7047
0
3DFACE
8
C2
10
400.000
20
410.000
30
-297.2751
11
410.000
21
410.000
31
-296.4251
12
410.000
22
420.000
32
-297.8067
13
400.000
23
420.000
33
-298.6880
0
3DFACE
8
C2
10
410.000
20
410.000
30
-296.4251
11
420.000
21
410.000
31
-295.5882
12
420.000
22
420.000
32
-296.6109
13
410.000
23
420.000
33
-297.8067
0
3DFACE
8
C2
10
420.000
20
410.000
30
-295.5882
11
430.000
21
410.000
31
-294.7236
12
430.000
22
420.000
32
-295.7134
13
420.000
23
420.000
33
-296.6109
0
3DFACE
8
C2
10
430.000
20
410.000
30
-294.7236
11
440.000
21
410.000
31
-293.3628
12
440.000
22
420.000
32
-294.6220
13
430.000
23
420.000
33
-295.7134
0
3DFACE
8
C2
10
440.000
20
410.000
30
-293.3628
11
450.000
21
410.000
31
-292.6232
12
450.000
22
420.000
32
-294.0070
13
440.000
23
420.000
33
-294.6220
0
3DFACE
8
C2
10
450.000
20
410.000
30
-292.6232
11
460.000
21
410.000
31
-292.3605
12
460.000
22
420.000
32
-293.6340
13
450.000
23
420.000
33
-294.0070
0
3DFACE
8
C2
10
460.000
20
410.000
30
-292.3605
11
470.000
21
410.000
31
-292.6804
12
470.000
22
420.000
32
-293.6745
13
460.000
23
420.000
33
-293.6340
0
3DFACE
8
C2
10
470.000
20
410.000
30
-292.6804
11
480.000
21
410.000
31
-291.7207
12
480.000
22
420.000
32
-292.8298
13
470.000
23
420.000
33
-293.6745
0
3DFACE
8
C2
10
480.000
20
410.000
30
-291.7207
11
490.000
21
410.000
31
-289.8117
12
490.000
22
420.000
32
-291.5726
13
480.000
23
420.000
33
-292.8298
0
3DFACE
8
C2
10
490.000
20
410.000
30
-289.8117
11
500.000
21
410.000
31
-287.8410
12
500.000
22
420.000
32
-289.8602
13
490.000
23
420.000
33
-291.5726
0
3DFACE
8
C2
10
500.000
20
410.000
30
-287.8410
11
510.000
21
410.000
31
-286.8955
12
510.000
22
420.000
32
-288.8321
13
500.000
23
420.000
33
-289.8602
0
3DFACE
8
C2
10
510.000
20
410.000
30
-286.8955
11
520.000
21
410.000
31
-287.0917
12
520.000
22
420.000
32
-288.7247
13
510.000
23
420.000
33
-288.8321
0
3DFACE
8
C2
10
520.000
20
410.000
30
-287.0917
11
530.000
21
410.000
31
-285.9245
12
530.000
22
420.000
32
-287.6070
13
520.000
23
420.000
33
-288.7247
0
3DFACE
8
C2
10
530.000
20
410.000
30
-285.9245
11
540.000
21
410.000
31
-283.3633
12
540.000
22
420.000
32
-285.4674
13
530.000
23
420.000
33
-287.6070
0
3DFACE
8
C2
10
540.000
20
410.000
30
-283.3633
11
550.000
21
410.000
31
-282.0114
12
550.000
22
420.000
32
-284.1319
13
540.000
23
420.000
33
-285.4674
0
3DFACE
8
C2
10
550.000
20
410.000
30
-282.0114
11
560.000
21
410.000
31
-282.8523
12
560.000
22
420.000
32
-284.4748
13
550.000
23
420.000
33
-284.1319
0
3DFACE
8
C2
10
560.000
20
410.000
30
-282.8523
11
570.000
21
410.000
31
-285.4205
12
570.000
22
420.000
32
-286.3095
13
560.000
23
420.000
33
-284.4748
0
3DFACE
8
C2
10
570.000
20
410.000
30
-285.4205
11
580.000
21
410.000
31
-285.7639
12
580.000
22
420.000
32
-286.3939
13
570.000
23
420.000
33
-286.3095
0
3DFACE
8
C2
10
580.000
20
410.000
30
-285.7639
11
590.000
21
410.000
31
-283.8701
12
590.000
22
420.000
32
-284.7191
13
580.000
23
420.000
33
-286.3939
0
3DFACE
8
C2
10
590.000
20
410.000
30
-283.8701
11
600.000
21
410.000
31
-283.1176
12
600.000
22
420.000
32
-284.0024
13
590.000
23
420.000
33
-284.7191
0
3DFACE
8
C2
10
600.000
20
410.000
30
-283.1176
11
610.000
21
410.000
31
-284.4000
12
610.000
22
420.000
32
-284.8937
13
600.000
23
420.000
33
-284.0024
0
3DFACE
8
C2
10
610.000
20
410.000
30
-284.4000
11
620.000
21
410.000
31
-287.0165
12
620.000
22
420.000
32
-286.9970
13
610.000
23
420.000
33
-284.8937
0
3DFACE
8
C2
10
620.000
20
410.000
30
-287.0165
11
630.000
21
410.000
31
-286.9144
12
630.000
22
420.000
32
-286.9104
13
620.000
23
420.000
33
-286.9970
0
3DFACE
8
C2
10
630.000
20
410.000
30
-286.9144
11
640.000
21
410.000
31
-284.0892
12
640.000
22
420.000
32
-284.6235
13
630.000
23
420.000
33
-286.9104
0
3DFACE
8
C2
10
640.000
20
410.000
30
-284.0892
11
650.000
21
410.000
31
-282.9736
12
650.000
22
420.000
32
-283.7120
13
640.000
23
420.000
33
-284.6235
0
3DFACE
8
C2
10
650.000
20
410.000
30
-282.9736
11
660.000
21
410.000
31
-284.5394
12
660.000
22
420.000
32
-284.9673
13
650.000
23
420.000
33
-283.7120
0
3DFACE
8
C2
10
660.000
20
410.000
30
-284.5394
11
670.000
21
410.000
31
-287.7150
12
670.000
22
420.000
32
-287.6359
13
660.000
23
420.000
33
-284.9673
0
3DFACE
8
C2
10
670.000
20
410.000
30
-287.7150
11
680.000
21
410.000
31
-289.7738
12
680.000
22
420.000
32
-289.4158
13
670.000
23
420.000
33
-287.6359
0
3DFACE
8
C2
10
680.000
20
410.000
30
-289.7738
11
690.000
21
410.000
31
-290.3741
12
690.000
22
420.000
32
-289.9986
13
680.000
23
420.000
33
-289.4158
0
3DFACE
8
C2
10
690.000
20
410.000
30
-290.3741
11
700.000
21
410.000
31
-292.4729
12
700.000
22
420.000
32
-291.8466
13
690.000
23
420.000
33
-289.9986
0
3DFACE
8
C2
10
0.000
20
420.000
30
-307.2288
11
10.000
21
420.000
31
-307.5208
12
10.000
22
430.000
32
-307.2147
13
0.000
23
430.000
33
-307.0973
0
3DFACE
8
C2
10
10.000
20
420.000
30
-307.5208
11
20.000
21
420.000
31
-307.5097
12
20.000
22
430.000
32
-307.2172
13
10.000
23
430.000
33
-307.2147
0
3DFACE
8
C2
10
20.000
20
420.000
30
-307.5097
11
30.000
21
420.000
31
-307.8562
12
30.000
22
430.000
32
-307.3997
13
20.000
23
430.000
33
-307.2172
0
3DFACE
8
C2
10
30.000
20
420.000
30
-307.8562
11
40.000
21
420.000
31
-308.5161
12
40.000
22
430.000
32
-307.7818
13
30.000
23
430.000
33
-307.3997
0
3DFACE
8
C2
10
40.000
20
420.000
30
-308.5161
11
50.000
21
420.000
31
-308.8922
12
50.000
22
430.000
32
-308.0875
13
40.000
23
430.000
33
-307.7818
0
3DFACE
8
C2
10
50.000
20
420.000
30
-308.8922
11
60.000
21
420.000
31
-308.8969
12
60.000
22
430.000
32
-308.2838
13
50.000
23
430.000
33
-308.0875
0
3DFACE
8
C2
10
60.000
20
420.000
30
-308.8969
11
70.000
21
420.000
31
-308.7110
12
70.000
22
430.000
32
-308.4297
13
60.000
23
430.000
33
-308.2838
0
3DFACE
8
C2
10
70.000
20
420.000
30
-308.7110
11
80.000
21
420.000
31
-308.9789
12
80.000
22
430.000
32
-308.7736
13
70.000
23
430.000
33
-308.4297
0
3DFACE
8
C2
10
80.000
20
420.000
30
-308.9789
11
90.000
21
420.000
31
-309.7337
12
90.000
22
430.000
32
-309.3089
13
80.000
23
430.000
33
-308.7736
0
3DFACE
8
C2
10
90.000
20
420.000
30
-309.7337
11
100.000
21
420.000
31
-309.9568
12
100.000
22
430.000
32
-309.5287
13
90.000
23
430.000
33
-309.3089
0
3DFACE
8
C2
10
100.000
20
420.000
30
-309.9568
11
110.000
21
420.000
31
-309.3568
12
110.000
22
430.000
32
-309.2018
13
100.000
23
430.000
33
-309.5287
0
3DFACE
8
C2
10
110.000
20
420.000
30
-309.3568
11
120.000
21
420.000
31
-308.2049
12
120.000
22
430.000
32
-308.4787
13
110.000
23
430.000
33
-309.2018
0
3DFACE
8
C2
10
120.000
20
420.000
30
-308.2049
11
130.000
21
420.000
31
-307.5976
12
130.000
22
430.000
32
-307.9587
13
120.000
23
430.000
33
-308.4787
0
3DFACE
8
C2
10
130.000
20
420.000
30
-307.5976
11
140.000
21
420.000
31
-307.5522
12
140.000
22
430.000
32
-307.6961
13
130.000
23
430.000
33
-307.9587
0
3DFACE
8
C2
10
140.000
20
420.000
30
-307.5522
11
150.000
21
420.000
31
-307.2135
12
150.000
22
430.000
32
-307.2116
13
140.000
23
430.000
33
-307.6961
0
3DFACE
8
C2
10
150.000
20
420.000
30
-307.2135
11
160.000
21
420.000
31
-306.3093
12
160.000
22
430.000
32
-306.3382
13
150.000
23
430.000
33
-307.2116
0
3DFACE
8
C2
10
160.000
20
420.000
30
-306.3093
11
170.000
21
420.000
31
-304.8241
12
170.000
22
430.000
32
-304.9390
13
160.000
23
430.000
33
-306.3382
0
3DFACE
8
C2
10
170.000
20
420.000
30
-304.8241
11
180.000
21
420.000
31
-304.6907
12
180.000
22
430.000
32
-304.6284
13
170.000
23
430.000
33
-304.9390
0
3DFACE
8
C2
10
180.000
20
420.000
30
-304.6907
11
190.000
21
420.000
31
-305.2782
12
190.000
22
430.000
32
-304.7624
13
180.000
23
430.000
33
-304.6284
0
3DFACE
8
C2
10
190.000
20
420.000
30
-305.2782
11
200.000
21
420.000
31
-305.4852
12
200.000
22
430.000
32
-304.7404
13
190.000
23
430.000
33
-304.7624
0
3DFACE
8
C2
10
200.000
20
420.000
30
-305.4852
11
210.000
21
420.000
31
-305.2121
12
210.000
22
430.000
32
-304.4808
13
200.000
23
430.000
33
-304.7404
0
3DFACE
8
C2
10
210.000
20
420.000
30
-305.2121
11
220.000
21
420.000
31
-303.9799
12
220.000
22
430.000
32
-303.3964
13
210.000
23
430.000
33
-304.4808
0
3DFACE
8
C2
10
220.000
20
420.000
30
-303.9799
11
230.000
21
420.000
31
-304.2090
12
230.000
22
430.000
32
-303.6217
13
220.000
23
430.000
33
-303.3964
0
3DFACE
8
C2
10
230.000
20
420.000
30
-304.2090
11
240.000
21
420.000
31
-305.3634
12
240.000
22
430.000
32
-304.6621
13
230.000
23
430.000
33
-303.6217
0
3DFACE
8
C2
10
240.000
20
420.000
30
-305.3634
11
250.000
21
420.000
31
-305.7844
12
250.000
22
430.000
32
-305.0785
13
240.000
23
430.000
33
-304.6621
0
3DFACE
8
C2
10
250.000
20
420.000
30
-305.7844
11
260.000
21
420.000
31
-305.9844
12
260.000
22
430.000
32
-305.3961
13
250.000
23
430.000
33
-305.0785
0
3DFACE
8
C2
10
260.000
20
420.000
30
-305.9844
11
270.000
21
420.000
31
-305.5569
12
270.000
22
430.000
32
-305.1365
13
260.000
23
430.000
33
-305.3961
0
3DFACE
8
C2
10
270.000
20
420.000
30
-305.5569
11
280.000
21
420.000
31
-305.7534
12
280.000
22
430.000
32
-305.4025
13
270.000
23
430.000
33
-305.1365
0
3DFACE
8
C2
10
280.000
20
420.000
30
-305.7534
11
290.000
21
420.000
31
-306.9597
12
290.000
22
430.000
32
-306.6186
13
280.000
23
430.000
33
-305.4025
0
3DFACE
8
C2
10
290.000
20
420.000
30
-306.9597
11
300.000
21
420.000
31
-306.9270
12
300.000
22
430.000
32
-306.6781
13
290.000
23
430.000
33
-306.6186
0
3DFACE
8
C2
10
300.000
20
420.000
30
-306.9270
11
310.000
21
420.000
31
-306.4786
12
310.000
22
430.000
32
-306.3605
13
300.000
23
430.000
33
-306.6781
0
3DFACE
8
C2
10
310.000
20
420.000
30
-306.4786
11
320.000
21
420.000
31
-305.5291
12
320.000
22
430.000
32
-305.5310
13
310.000
23
430.000
33
-306.3605
0
3DFACE
8
C2
10
320.000
20
420.000
30
-305.5291
11
330.000
21
420.000
31
-304.5986
12
330.000
22
430.000
32
-304.8102
13
320.000
23
430.000
33
-305.5310
0
3DFACE
8
C2
10
330.000
20
420.000
30
-304.5986
11
340.000
21
420.000
31
-304.2146
12
340.000
22
430.000
32
-304.5958
13
330.000
23
430.000
33
-304.8102
0
3DFACE
8
C2
10
340.000
20
420.000
30
-304.2146
11
350.000
21
420.000
31
-303.3148
12
350.000
22
430.000
32
-303.8832
13
340.000
23
430.000
33
-304.5958
0
3DFACE
8
C2
10
350.000
20
420.000
30
-303.3148
11
360.000
21
420.000
31
-302.4080
12
360.000
22
430.000
32
-303.1201
13
350.000
23
430.000
33
-303.8832
0
3DFACE
8
C2
10
360.000
20
420.000
30
-302.4080
11
370.000
21
420.000
31
-301.6371
12
370.000
22
430.000
32
-302.3747
13
360.000
23
430.000
33
-303.1201
0
3DFACE
8
C2
10
370.000
20
420.000
30
-301.6371
11
380.000
21
420.000
31
-300.5741
12
380.000
22
430.000
32
-301.4740
13
370.000
23
430.000
33
-302.3747
0
3DFACE
8
C2
10
380.000
20
420.000
30
-300.5741
11
390.000
21
420.000
31
-299.7047
12
390.000
22
430.000
32
-300.8281
13
380.000
23
430.000
33
-301.4740
0
3DFACE
8
C2
10
390.000
20
420.000
30
-299.7047
11
400.000
21
420.000
31
-298.6880
12
400.000
22
430.000
32
-299.8832
13
390.000
23
430.000
33
-300.8281
0
3DFACE
8
C2
10
400.000
20
420.000
30
-298.6880
11
410.000
21
420.000
31
-297.8067
12
410.000
22
430.000
32
-298.9154
13
400.000
23
430.000
33
-299.8832
0
3DFACE
8
C2
10
410.000
20
420.000
30
-297.8067
11
420.000
21
420.000
31
-296.6109
12
420.000
22
430.000
32
-297.5062
13
410.000
23
430.000
33
-298.9154
0
3DFACE
8
C2
10
420.000
20
420.000
30
-296.6109
11
430.000
21
420.000
31
-295.7134
12
430.000
22
430.000
32
-296.5602
13
420.000
23
430.000
33
-297.5062
0
3DFACE
8
C2
10
430.000
20
420.000
30
-295.7134
11
440.000
21
420.000
31
-294.6220
12
440.000
22
430.000
32
-295.6647
13
430.000
23
430.000
33
-296.5602
0
3DFACE
8
C2
10
440.000
20
420.000
30
-294.6220
11
450.000
21
420.000
31
-294.0070
12
450.000
22
430.000
32
-295.0645
13
440.000
23
430.000
33
-295.6647
0
3DFACE
8
C2
10
450.000
20
420.000
30
-294.0070
11
460.000
21
420.000
31
-293.6340
12
460.000
22
430.000
32
-294.5068
13
450.000
23
430.000
33
-295.0645
0
3DFACE
8
C2
10
460.000
20
420.000
30
-293.6340
11
470.000
21
420.000
31
-293.6745
12
470.000
22
430.000
32
-293.9499
13
460.000
23
430.000
33
-294.5068
0
3DFACE
8
C2
10
470.000
20
420.000
30
-293.6745
11
480.000
21
420.000
31
-292.8298
12
480.000
22
430.000
32
-293.1790
13
470.000
23
430.000
33
-293.9499
0
3DFACE
8
C2
10
480.000
20
420.000
30
-292.8298
11
490.000
21
420.000
31
-291.5726
12
490.000
22
430.000
32
-292.3730
13
480.000
23
430.000
33
-293.1790
0
3DFACE
8
C2
10
490.000
20
420.000
30
-291.5726
11
500.000
21
420.000
31
-289.8602
12
500.000
22
430.000
32
-291.1432
13
490.000
23
430.000
33
-292.3730
0
3DFACE
8
C2
10
500.000
20
420.000
30
-289.8602
11
510.000
21
420.000
31
-288.8321
12
510.000
22
430.000
32
-290.3729
13
500.000
23
430.000
33
-291.1432
0
3DFACE
8
C2
10
510.000
20
420.000
30
-288.8321
11
520.000
21
420.000
31
-288.7247
12
520.000
22
430.000
32
-290.3176
13
510.000
23
430.000
33
-290.3729
0
3DFACE
8
C2
10
520.000
20
420.000
30
-288.7247
11
530.000
21
420.000
31
-287.6070
12
530.000
22
430.000
32
-289.5774
13
520.000
23
430.000
33
-290.3176
0
3DFACE
8
C2
10
530.000
20
420.000
30
-287.6070
11
540.000
21
420.000
31
-285.4674
12
540.000
22
430.000
32
-288.2993
13
530.000
23
430.000
33
-289.5774
0
3DFACE
8
C2
10
540.000
20
420.000
30
-285.4674
11
550.000
21
420.000
31
-284.1319
12
550.000
22
430.000
32
-287.2336
13
540.000
23
430.000
33
-288.2993
0
3DFACE
8
C2
10
550.000
20
420.000
30
-284.1319
11
560.000
21
420.000
31
-284.4748
12
560.000
22
430.000
32
-287.4304
13
550.000
23
430.000
33
-287.2336
0
3DFACE
8
C2
10
560.000
20
420.000
30
-284.4748
11
570.000
21
420.000
31
-286.3095
12
570.000
22
430.000
32
-288.6775
13
560.000
23
430.000
33
-287.4304
0
3DFACE
8
C2
10
570.000
20
420.000
30
-286.3095
11
580.000
21
420.000
31
-286.3939
12
580.000
22
430.000
32
-288.5196
13
570.000
23
430.000
33
-288.6775
0
3DFACE
8
C2
10
580.000
20
420.000
30
-286.3939
11
590.000
21
420.000
31
-284.7191
12
590.000
22
430.000
32
-286.9372
13
580.000
23
430.000
33
-288.5196
0
3DFACE
8
C2
10
590.000
20
420.000
30
-284.7191
11
600.000
21
420.000
31
-284.0024
12
600.000
22
430.000
32
-286.0887
13
590.000
23
430.000
33
-286.9372
0
3DFACE
8
C2
10
600.000
20
420.000
30
-284.0024
11
610.000
21
420.000
31
-284.8937
12
610.000
22
430.000
32
-286.6748
13
600.000
23
430.000
33
-286.0887
0
3DFACE
8
C2
10
610.000
20
420.000
30
-284.8937
11
620.000
21
420.000
31
-286.9970
12
620.000
22
430.000
32
-288.4048
13
610.000
23
430.000
33
-286.6748
0
3DFACE
8
C2
10
620.000
20
420.000
30
-286.9970
11
630.000
21
420.000
31
-286.9104
12
630.000
22
430.000
32
-288.2161
13
620.000
23
430.000
33
-288.4048
0
3DFACE
8
C2
10
630.000
20
420.000
30
-286.9104
11
640.000
21
420.000
31
-284.6235
12
640.000
22
430.000
32
-286.2436
13
630.000
23
430.000
33
-288.2161
0
3DFACE
8
C2
10
640.000
20
420.000
30
-284.6235
11
650.000
21
420.000
31
-283.7120
12
650.000
22
430.000
32
-285.3340
13
640.000
23
430.000
33
-286.2436
0
3DFACE
8
C2
10
650.000
20
420.000
30
-283.7120
11
660.000
21
420.000
31
-284.9673
12
660.000
22
430.000
32
-286.2451
13
650.000
23
430.000
33
-285.3340
0
3DFACE
8
C2
10
660.000
20
420.000
30
-284.9673
11
670.000
21
420.000
31
-287.6359
12
670.000
22
430.000
32
-288.4686
13
660.000
23
430.000
33
-286.2451
0
3DFACE
8
C2
10
670.000
20
420.000
30
-287.6359
11
680.000
21
420.000
31
-289.4158
12
680.000
22
430.000
32
-289.9427
13
670.000
23
430.000
33
-288.4686
0
3DFACE
8
C2
10
680.000
20
420.000
30
-289.4158
11
690.000
21
420.000
31
-289.9986
12
690.000
22
430.000
32
-290.3417
13
680.000
23
430.000
33
-289.9427
0
3DFACE
8
C2
10
690.000
20
420.000
30
-289.9986
11
700.000
21
420.000
31
-291.8466
12
700.000
22
430.000
32
-291.8968
13
690.000
23
430.000
33
-290.3417
0
3DFACE
8
C2
10
0.000
20
430.000
30
-307.0973
11
10.000
21
430.000
31
-307.2147
12
10.000
22
440.000
32
-305.7017
13
0.000
23
440.000
33
-305.6336
0
3DFACE
8
C2
10
10.000
20
430.000
30
-307.2147
11
20.000
21
430.000
31
-307.2172
12
20.000
22
440.000
32
-305.7099
13
10.000
23
440.000
33
-305.7017
0
3DFACE
8
C2
10
20.000
20
430.000
30
-307.2172
11
30.000
21
430.000
31
-307.3997
12
30.000
22
440.000
32
-305.8603
13
20.000
23
440.000
33
-305.7099
0
3DFACE
8
C2
10
30.000
20
430.000
30
-307.3997
11
40.000
21
430.000
31
-307.7818
12
40.000
22
440.000
32
-306.1743
13
30.000
23
440.000
33
-305.8603
0
3DFACE
8
C2
10
40.000
20
430.000
30
-307.7818
11
50.000
21
430.000
31
-308.0875
12
50.000
22
440.000
32
-306.4911
13
40.000
23
440.000
33
-306.1743
0
3DFACE
8
C2
10
50.000
20
430.000
30
-308.0875
11
60.000
21
430.000
31
-308.2838
12
60.000
22
440.000
32
-306.8310
13
50.000
23
440.000
33
-306.4911
0
3DFACE
8
C2
10
60.000
20
430.000
30
-308.2838
11
70.000
21
430.000
31
-308.4297
12
70.000
22
440.000
32
-307.1678
13
60.000
23
440.000
33
-306.8310
0
3DFACE
8
C2
10
70.000
20
430.000
30
-308.4297
11
80.000
21
430.000
31
-308.7736
12
80.000
22
440.000
32
-307.6320
13
70.000
23
440.000
33
-307.1678
0
3DFACE
8
C2
10
80.000
20
430.000
30
-308.7736
11
90.000
21
430.000
31
-309.3089
12
90.000
22
440.000
32
-308.1853
13
80.000
23
440.000
33
-307.6320
0
3DFACE
8
C2
10
90.000
20
430.000
30
-309.3089
11
100.000
21
430.000
31
-309.5287
12
100.000
22
440.000
32
-308.4683
13
90.000
23
440.000
33
-308.1853
0
3DFACE
8
C2
10
100.000
20
430.000
30
-309.5287
11
110.000
21
430.000
31
-309.2018
12
110.000
22
440.000
32
-308.2925
13
100.000
23
440.000
33
-308.4683
0
3DFACE
8
C2
10
110.000
20
430.000
30
-309.2018
11
120.000
21
430.000
31
-308.4787
12
120.000
22
440.000
32
-307.7501
13
110.000
23
440.000
33
-308.2925
0
3DFACE
8
C2
10
120.000
20
430.000
30
-308.4787
11
130.000
21
430.000
31
-307.9587
12
130.000
22
440.000
32
-307.2648
13
120.000
23
440.000
33
-307.7501
0
3DFACE
8
C2
10
130.000
20
430.000
30
-307.9587
11
140.000
21
430.000
31
-307.6961
12
140.000
22
440.000
32
-306.9277
13
130.000
23
440.000
33
-307.2648
0
3DFACE
8
C2
10
140.000
20
430.000
30
-307.6961
11
150.000
21
430.000
31
-307.2116
12
150.000
22
440.000
32
-306.3265
13
140.000
23
440.000
33
-306.9277
0
3DFACE
8
C2
10
150.000
20
430.000
30
-307.2116
11
160.000
21
430.000
31
-306.3382
12
160.000
22
440.000
32
-305.3241
13
150.000
23
440.000
33
-306.3265
0
3DFACE
8
C2
10
160.000
20
430.000
30
-306.3382
11
170.000
21
430.000
31
-304.9390
12
170.000
22
440.000
32
-303.7342
13
160.000
23
440.000
33
-305.3241
0
3DFACE
8
C2
10
170.000
20
430.000
30
-304.9390
11
180.000
21
430.000
31
-304.6284
12
180.000
22
440.000
32
-303.2267
13
170.000
23
440.000
33
-303.7342
0
3DFACE
8
C2
10
180.000
20
430.000
30
-304.6284
11
190.000
21
430.000
31
-304.7624
12
190.000
22
440.000
32
-303.0662
13
180.000
23
440.000
33
-303.2267
0
3DFACE
8
C2
10
190.000
20
430.000
30
-304.7624
11
200.000
21
430.000
31
-304.7404
12
200.000
22
440.000
32
-302.8176
13
190.000
23
440.000
33
-303.0662
0
3DFACE
8
C2
10
200.000
20
430.000
30
-304.7404
11
210.000
21
430.000
31
-304.4808
12
210.000
22
440.000
32
-302.3940
13
200.000
23
440.000
33
-302.8176
0
3DFACE
8
C2
10
210.000
20
430.000
30
-304.4808
11
220.000
21
430.000
31
-303.3964
12
220.000
22
440.000
32
-301.5123
13
210.000
23
440.000
33
-302.3940
0
3DFACE
8
C2
10
220.000
20
430.000
30
-303.3964
11
230.000
21
430.000
31
-303.6217
12
230.000
22
440.000
32
-301.7087
13
220.000
23
440.000
33
-301.5123
0
3DFACE
8
C2
10
230.000
20
430.000
30
-303.6217
11
240.000
21
430.000
31
-304.6621
12
240.000
22
440.000
32
-302.8050
13
230.000
23
440.000
33
-301.7087
0
3DFACE
8
C2
10
240.000
20
430.000
30
-304.6621
11
250.000
21
430.000
31
-305.0785
12
250.000
22
440.000
32
-303.2622
13
240.000
23
440.000
33
-302.8050
0
3DFACE
8
C2
10
250.000
20
430.000
30
-305.0785
11
260.000
21
430.000
31
-305.3961
12
260.000
22
440.000
32
-303.6935
13
250.000
23
440.000
33
-303.2622
0
3DFACE
8
C2
10
260.000
20
430.000
30
-305.3961
11
270.000
21
430.000
31
-305.1365
12
270.000
22
440.000
32
-303.7851
13
260.000
23
440.000
33
-303.6935
0
3DFACE
8
C2
10
270.000
20
430.000
30
-305.1365
11
280.000
21
430.000
31
-305.4025
12
280.000
22
440.000
32
-304.2335
13
270.000
23
440.000
33
-303.7851
0
3DFACE
8
C2
10
280.000
20
430.000
30
-305.4025
11
290.000
21
430.000
31
-306.6186
12
290.000
22
440.000
32
-305.3210
13
280.000
23
440.000
33
-304.2335
0
3DFACE
8
C2
10
290.000
20
430.000
30
-306.6186
11
300.000
21
430.000
31
-306.6781
12
300.000
22
440.000
32
-305.6440
13
290.000
23
440.000
33
-305.3210
0
3DFACE
8
C2
10
300.000
20
430.000
30
-306.6781
11
310.000
21
430.000
31
-306.3605
12
310.000
22
440.000
32
-305.6686
13
300.000
23
440.000
33
-305.6440
0
3DFACE
8
C2
10
310.000
20
430.000
30
-306.3605
11
320.000
21
430.000
31
-305.5310
12
320.000
22
440.000
32
-305.1140
13
310.000
23
440.000
33
-305.6686
0
3DFACE
8
C2
10
320.000
20
430.000
30
-305.5310
11
330.000
21
430.000
31
-304.8102
12
330.000
22
440.000
32
-304.7234
13
320.000
23
440.000
33
-305.1140
0
3DFACE
8
C2
10
330.000
20
430.000
30
-304.8102
11
340.000
21
430.000
31
-304.5958
12
340.000
22
440.000
32
-304.6367
13
330.000
23
440.000
33
-304.7234
0
3DFACE
8
C2
10
340.000
20
430.000
30
-304.5958
11
350.000
21
430.000
31
-303.8832
12
350.000
22
440.000
32
-304.2104
13
340.000
23
440.000
33
-304.6367
0
3DFACE
8
C2
10
350.000
20
430.000
30
-303.8832
11
360.000
21
430.000
31
-303.1201
12
360.000
22
440.000
32
-303.7606
13
350.000
23
440.000
33
-304.2104
0
3DFACE
8
C2
10
360.000
20
430.000
30
-303.1201
11
370.000
21
430.000
31
-302.3747
12
370.000
22
440.000
32
-303.0578
13
360.000
23
440.000
33
-303.7606
0
3DFACE
8
C2
10
370.000
20
430.000
30
-302.3747
11
380.000
21
430.000
31
-301.4740
12
380.000
22
440.000
32
-302.3727
13
370.000
23
440.000
33
-303.0578
0
3DFACE
8
C2
10
380.000
20
430.000
30
-301.4740
11
390.000
21
430.000
31
-300.8281
12
390.000
22
440.000
32
-301.9459
13
380.000
23
440.000
33
-302.3727
0
3DFACE
8
C2
10
390.000
20
430.000
30
-300.8281
11
400.000
21
430.000
31
-299.8832
12
400.000
22
440.000
32
-301.0806
13
390.000
23
440.000
33
-301.9459
0
3DFACE
8
C2
10
400.000
20
430.000
30
-299.8832
11
410.000
21
430.000
31
-298.9154
12
410.000
22
440.000
32
-300.0670
13
400.000
23
440.000
33
-301.0806
0
3DFACE
8
C2
10
410.000
20
430.000
30
-298.9154
11
420.000
21
430.000
31
-297.5062
12
420.000
22
440.000
32
-298.5522
13
410.000
23
440.000
33
-300.0670
0
3DFACE
8
C2
10
420.000
20
430.000
30
-297.5062
11
430.000
21
430.000
31
-296.5602
12
430.000
22
440.000
32
-297.5135
13
420.000
23
440.000
33
-298.5522
0
3DFACE
8
C2
10
430.000
20
430.000
30
-296.5602
11
440.000
21
430.000
31
-295.6647
12
440.000
22
440.000
32
-296.7577
13
430.000
23
440.000
33
-297.5135
0
3DFACE
8
C2
10
440.000
20
430.000
30
-295.6647
11
450.000
21
430.000
31
-295.0645
12
450.000
22
440.000
32
-296.0997
13
440.000
23
440.000
33
-296.7577
0
3DFACE
8
C2
10
450.000
20
430.000
30
-295.0645
11
460.000
21
430.000
31
-294.5068
12
460.000
22
440.000
32
-295.6032
13
450.000
23
440.000
33
-296.0997
0
3DFACE
8
C2
10
460.000
20
430.000
30
-294.5068
11
470.000
21
430.000
31
-293.9499
12
470.000
22
440.000
32
-295.0911
13
460.000
23
440.000
33
-295.6032
0
3DFACE
8
C2
10
470.000
20
430.000
30
-293.9499
11
480.000
21
430.000
31
-293.1790
12
480.000
22
440.000
32
-294.5926
13
470.000
23
440.000
33
-295.0911
0
3DFACE
8
C2
10
480.000
20
430.000
30
-293.1790
11
490.000
21
430.000
31
-292.3730
12
490.000
22
440.000
32
-294.3328
13
480.000
23
440.000
33
-294.5926
0
3DFACE
8
C2
10
490.000
20
430.000
30
-292.3730
11
500.000
21
430.000
31
-291.1432
12
500.000
22
440.000
32
-293.7282
13
490.000
23
440.000
33
-294.3328
0
3DFACE
8
C2
10
500.000
20
430.000
30
-291.1432
11
510.000
21
430.000
31
-290.3729
12
510.000
22
440.000
32
-293.6394
13
500.000
23
440.000
33
-293.7282
0
3DFACE
8
C2
10
510.000
20
430.000
30
-290.3729
11
520.000
21
430.000
31
-290.3176
12
520.000
22
440.000
32
-294.2353
13
510.000
23
440.000
33
-293.6394
0
3DFACE
8
C2
10
520.000
20
430.000
30
-290.3176
11
530.000
21
430.000
31
-289.5774
12
530.000
22
440.000
32
-293.9470
13
520.000
23
440.000
33
-294.2353
0
3DFACE
8
C2
10
530.000
20
430.000
30
-289.5774
11
540.000
21
430.000
31
-288.2993
12
540.000
22
440.000
32
-293.0247
13
530.000
23
440.000
33
-293.9470
0
3DFACE
8
C2
10
540.000
20
430.000
30
-288.2993
11
550.000
21
430.000
31
-287.2336
12
550.000
22
440.000
32
-292.1578
13
540.000
23
440.000
33
-293.0247
0
3DFACE
8
C2
10
550.000
20
430.000
30
-287.2336
11
560.000
21
430.000
31
-287.4304
12
560.000
22
440.000
32
-292.4314
13
550.000
23
440.000
33
-292.1578
0
3DFACE
8
C2
10
560.000
20
430.000
30
-287.4304
11
570.000
21
430.000
31
-288.6775
12
570.000
22
440.000
32
-293.7403
13
560.000
23
440.000
33
-292.4314
0
3DFACE
8
C2
10
570.000
20
430.000
30
-288.6775
11
580.000
21
430.000
31
-288.5196
12
580.000
22
440.000
32
-293.4383
13
570.000
23
440.000
33
-293.7403
0
3DFACE
8
C2
10
580.000
20
430.000
30
-288.5196
11
590.000
21
430.000
31
-286.9372
12
590.000
22
440.000
32
-291.5019
13
580.000
23
440.000
33
-293.4383
0
3DFACE
8
C2
10
590.000
20
430.000
30
-286.9372
11
600.000
21
430.000
31
-286.0887
12
600.000
22
440.000
32
-290.3528
13
590.000
23
440.000
33
-291.5019
0
3DFACE
8
C2
10
600.000
20
430.000
30
-286.0887
11
610.000
21
430.000
31
-286.6748
12
610.000
22
440.000
32
-290.8400
13
600.000
23
440.000
33
-290.3528
0
3DFACE
8
C2
10
610.000
20
430.000
30
-286.6748
11
620.000
21
430.000
31
-288.4048
12
620.000
22
440.000
32
-292.5370
13
610.000
23
440.000
33
-290.8400
0
3DFACE
8
C2
10
620.000
20
430.000
30
-288.4048
11
630.000
21
430.000
31
-288.2161
12
630.000
22
440.000
32
-292.1884
13
620.000
23
440.000
33
-292.5370
0
3DFACE
8
C2
10
630.000
20
430.000
30
-288.2161
11
640.000
21
430.000
31
-286.2436
12
640.000
22
440.000
32
-289.9509
13
630.000
23
440.000
33
-292.1884
0
3DFACE
8
C2
10
640.000
20
430.000
30
-286.2436
11
650.000
21
430.000
31
-285.3340
12
650.000
22
440.000
32
-288.7820
13
640.000
23
440.000
33
-289.9509
0
3DFACE
8
C2
10
650.000
20
430.000
30
-285.3340
11
660.000
21
430.000
31
-286.2451
12
660.000
22
440.000
32
-289.3021
13
650.000
23
440.000
33
-288.7820
0
3DFACE
8
C2
10
660.000
20
430.000
30
-286.2451
11
670.000
21
430.000
31
-288.4686
12
670.000
22
440.000
32
-290.9442
13
660.000
23
440.000
33
-289.3021
0
3DFACE
8
C2
10
670.000
20
430.000
30
-288.4686
11
680.000
21
430.000
31
-289.9427
12
680.000
22
440.000
32
-291.8012
13
670.000
23
440.000
33
-290.9442
0
3DFACE
8
C2
10
680.000
20
430.000
30
-289.9427
11
690.000
21
430.000
31
-290.3417
12
690.000
22
440.000
32
-291.5341
13
680.000
23
440.000
33
-291.8012
0
3DFACE
8
C2
10
690.000
20
430.000
30
-290.3417
11
700.000
21
430.000
31
-291.8968
12
700.000
22
440.000
32
-292.4650
13
690.000
23
440.000
33
-291.5341
0
3DFACE
8
C2
10
0.000
20
440.000
30
-305.6336
11
10.000
21
440.000
31
-305.7017
12
10.000
22
450.000
32
-305.4409
13
0.000
23
450.000
33
-305.5554
0
3DFACE
8
C2
10
10.000
20
440.000
30
-305.7017
11
20.000
21
440.000
31
-305.7099
12
20.000
22
450.000
32
-305.4798
13
10.000
23
450.000
33
-305.4409
0
3DFACE
8
C2
10
20.000
20
440.000
30
-305.7099
11
30.000
21
440.000
31
-305.8603
12
30.000
22
450.000
32
-305.4623
13
20.000
23
450.000
33
-305.4798
0
3DFACE
8
C2
10
30.000
20
440.000
30
-305.8603
11
40.000
21
440.000
31
-306.1743
12
40.000
22
450.000
32
-305.5173
13
30.000
23
450.000
33
-305.4623
0
3DFACE
8
C2
10
40.000
20
440.000
30
-306.1743
11
50.000
21
440.000
31
-306.4911
12
50.000
22
450.000
32
-305.7917
13
40.000
23
450.000
33
-305.5173
0
3DFACE
8
C2
10
50.000
20
440.000
30
-306.4911
11
60.000
21
440.000
31
-306.8310
12
60.000
22
450.000
32
-306.3204
13
50.000
23
450.000
33
-305.7917
0
3DFACE
8
C2
10
60.000
20
440.000
30
-306.8310
11
70.000
21
440.000
31
-307.1678
12
70.000
22
450.000
32
-307.0765
13
60.000
23
450.000
33
-306.3204
0
3DFACE
8
C2
10
70.000
20
440.000
30
-307.1678
11
80.000
21
440.000
31
-307.6320
12
80.000
22
450.000
32
-307.6475
13
70.000
23
450.000
33
-307.0765
0
3DFACE
8
C2
10
80.000
20
440.000
30
-307.6320
11
90.000
21
440.000
31
-308.1853
12
90.000
22
450.000
32
-307.9814
13
80.000
23
450.000
33
-307.6475
0
3DFACE
8
C2
10
90.000
20
440.000
30
-308.1853
11
100.000
21
440.000
31
-308.4683
12
100.000
22
450.000
32
-308.2641
13
90.000
23
450.000
33
-307.9814
0
3DFACE
8
C2
10
100.000
20
440.000
30
-308.4683
11
110.000
21
440.000
31
-308.2925
12
110.000
22
450.000
32
-308.3119
13
100.000
23
450.000
33
-308.2641
0
3DFACE
8
C2
10
110.000
20
440.000
30
-308.2925
11
120.000
21
440.000
31
-307.7501
12
120.000
22
450.000
32
-308.1656
13
110.000
23
450.000
33
-308.3119
0
3DFACE
8
C2
10
120.000
20
440.000
30
-307.7501
11
130.000
21
440.000
31
-307.2648
12
130.000
22
450.000
32
-307.7435
13
120.000
23
450.000
33
-308.1656
0
3DFACE
8
C2
10
130.000
20
440.000
30
-307.2648
11
140.000
21
440.000
31
-306.9277
12
140.000
22
450.000
32
-307.1012
13
130.000
23
450.000
33
-307.7435
0
3DFACE
8
C2
10
140.000
20
440.000
30
-306.9277
11
150.000
21
440.000
31
-306.3265
12
150.000
22
450.000
32
-306.3658
13
140.000
23
450.000
33
-307.1012
0
3DFACE
8
C2
10
150.000
20
440.000
30
-306.3265
11
160.000
21
440.000
31
-305.3241
12
160.000
22
450.000
32
-305.3628
13
150.000
23
450.000
33
-306.3658
0
3DFACE
8
C2
10
160.000
20
440.000
30
-305.3241
11
170.000
21
440.000
31
-303.7342
12
170.000
22
450.000
32
-303.8556
13
160.000
23
450.000
33
-305.3628
0
3DFACE
8
C2
10
170.000
20
440.000
30
-303.7342
11
180.000
21
440.000
31
-303.2267
12
180.000
22
450.000
32
-303.1393
13
170.000
23
450.000
33
-303.8556
0
3DFACE
8
C2
10
180.000
20
440.000
30
-303.2267
11
190.000
21
440.000
31
-303.0662
12
190.000
22
450.000
32
-302.5454
13
180.000
23
450.000
33
-303.1393
0
3DFACE
8
C2
10
190.000
20
440.000
30
-303.0662
11
200.000
21
440.000
31
-302.8176
12
200.000
22
450.000
32
-302.0573
13
190.000
23
450.000
33
-302.5454
0
3DFACE
8
C2
10
200.000
20
440.000
30
-302.8176
11
210.000
21
440.000
31
-302.3940
12
210.000
22
450.000
32
-301.5577
13
200.000
23
450.000
33
-302.0573
0
3DFACE
8
C2
10
210.000
20
440.000
30
-302.3940
11
220.000
21
440.000
31
-301.5123
12
220.000
22
450.000
32
-300.7705
13
210.000
23
450.000
33
-301.5577
0
3DFACE
8
C2
10
220.000
20
440.000
30
-301.5123
11
230.000
21
440.000
31
-301.7087
12
230.000
22
450.000
32
-300.9364
13
220.000
23
450.000
33
-300.7705
0
3DFACE
8
C2
10
230.000
20
440.000
30
-301.7087
11
240.000
21
440.000
31
-302.8050
12
240.000
22
450.000
32
-301.8850
13
230.000
23
450.000
33
-300.9364
0
3DFACE
8
C2
10
240.000
20
440.000
30
-302.8050
11
250.000
21
440.000
31
-303.2622
12
250.000
22
450.000
32
-302.3622
13
240.000
23
450.000
33
-301.8850
0
3DFACE
8
C2
10
250.000
20
440.000
30
-303.2622
11
260.000
21
440.000
31
-303.6935
12
260.000
22
450.000
32
-302.8928
13
250.000
23
450.000
33
-302.3622
0
3DFACE
8
C2
10
260.000
20
440.000
30
-303.6935
11
270.000
21
440.000
31
-303.7851
12
270.000
22
450.000
32
-303.1960
13
260.000
23
450.000
33
-302.8928
0
3DFACE
8
C2
10
270.000
20
440.000
30
-303.7851
11
280.000
21
440.000
31
-304.2335
12
280.000
22
450.000
32
-303.7462
13
270.000
23
450.000
33
-303.1960
0
3DFACE
8
C2
10
280.000
20
440.000
30
-304.2335
11
290.000
21
440.000
31
-305.3210
12
290.000
22
450.000
32
-304.8205
13
280.000
23
450.000
33
-303.7462
0
3DFACE
8
C2
10
290.000
20
440.000
30
-305.3210
11
300.000
21
440.000
31
-305.6440
12
300.000
22
450.000
32
-305.2316
13
290.000
23
450.000
33
-304.8205
0
3DFACE
8
C2
10
300.000
20
440.000
30
-305.6440
11
310.000
21
440.000
31
-305.6686
12
310.000
22
450.000
32
-305.3926
13
300.000
23
450.000
33
-305.2316
0
3DFACE
8
C2
10
310.000
20
440.000
30
-305.6686
11
320.000
21
440.000
31
-305.1140
12
320.000
22
450.000
32
-304.9916
13
310.000
23
450.000
33
-305.3926
0
3DFACE
8
C2
10
320.000
20
440.000
30
-305.1140
11
330.000
21
440.000
31
-304.7234
12
330.000
22
450.000
32
-304.7802
13
320.000
23
450.000
33
-304.9916
0
3DFACE
8
C2
10
330.000
20
440.000
30
-304.7234
11
340.000
21
440.000
31
-304.6367
12
340.000
22
450.000
32
-304.7694
13
330.000
23
450.000
33
-304.7802
0
3DFACE
8
C2
10
340.000
20
440.000
30
-304.6367
11
350.000
21
440.000
31
-304.2104
12
350.000
22
450.000
32
-304.4932
13
340.000
23
450.000
33
-304.7694
0
3DFACE
8
C2
10
350.000
20
440.000
30
-304.2104
11
360.000
21
440.000
31
-303.7606
12
360.000
22
450.000
32
-304.1598
13
350.000
23
450.000
33
-304.4932
0
3DFACE
8
C2
10
360.000
20
440.000
30
-303.7606
11
370.000
21
440.000
31
-303.0578
12
370.000
22
450.000
32
-303.4881
13
360.000
23
450.000
33
-304.1598
0
3DFACE
8
C2
10
370.000
20
440.000
30
-303.0578
11
380.000
21
440.000
31
-302.3727
12
380.000
22
450.000
32
-302.9484
13
370.000
23
450.000
33
-303.4881
0
3DFACE
8
C2
10
380.000
20
440.000
30
-302.3727
11
390.000
21
440.000
31
-301.9459
12
390.000
22
450.000
32
-302.6503
13
380.000
23
450.000
33
-302.9484
0
3DFACE
8
C2
10
390.000
20
440.000
30
-301.9459
11
400.000
21
440.000
31
-301.0806
12
400.000
22
450.000
32
-301.8448
13
390.000
23
450.000
33
-302.6503
0
3DFACE
8
C2
10
400.000
20
440.000
30
-301.0806
11
410.000
21
440.000
31
-300.0670
12
410.000
22
450.000
32
-300.8398
13
400.000
23
450.000
33
-301.8448
0
3DFACE
8
C2
10
410.000
20
440.000
30
-300.0670
11
420.000
21
440.000
31
-298.5522
12
420.000
22
450.000
32
-299.2223
13
410.000
23
450.000
33
-300.8398
0
3DFACE
8
C2
10
420.000
20
440.000
30
-298.5522
11
430.000
21
440.000
31
-297.5135
12
430.000
22
450.000
32
-298.1924
13
420.000
23
450.000
33
-299.2223
0
3DFACE
8
C2
10
430.000
20
440.000
30
-297.5135
11
440.000
21
440.000
31
-296.7577
12
440.000
22
450.000
32
-297.5503
13
430.000
23
450.000
33
-298.1924
0
3DFACE
8
C2
10
440.000
20
440.000
30
-296.7577
11
450.000
21
440.000
31
-296.0997
12
450.000
22
450.000
32
-296.8041
13
440.000
23
450.000
33
-297.5503
0
3DFACE
8
C2
10
450.000
20
440.000
30
-296.0997
11
460.000
21
440.000
31
-295.6032
12
460.000
22
450.000
32
-296.1612
13
450.000
23
450.000
33
-296.8041
0
3DFACE
8
C2
10
460.000
20
440.000
30
-295.6032
11
470.000
21
440.000
31
-295.0911
12
470.000
22
450.000
32
-295.2200
13
460.000
23
450.000
33
-296.1612
0
3DFACE
8
C2
10
470.000
20
440.000
30
-295.0911
11
480.000
21
440.000
31
-294.5926
12
480.000
22
450.000
32
-294.7537
13
470.000
23
450.000
33
-295.2200
0
3DFACE
8
C2
10
480.000
20
440.000
30
-294.5926
11
490.000
21
440.000
31
-294.3328
12
490.000
22
450.000
32
-294.8785
13
480.000
23
450.000
33
-294.7537
0
3DFACE
8
C2
10
490.000
20
440.000
30
-294.3328
11
500.000
21
440.000
31
-293.7282
12
500.000
22
450.000
32
-294.6824
13
490.000
23
450.000
33
-294.8785
0
3DFACE
8
C2
10
500.000
20
440.000
30
-293.7282
11
510.000
21
440.000
31
-293.6394
12
510.000
22
450.000
32
-294.9881
13
500.000
23
450.000
33
-294.6824
0
3DFACE
8
C2
10
510.000
20
440.000
30
-293.6394
11
520.000
21
440.000
31
-294.2353
12
520.000
22
450.000
32
-295.8728
13
510.000
23
450.000
33
-294.9881
0
3DFACE
8
C2
10
520.000
20
440.000
30
-294.2353
11
530.000
21
440.000
31
-293.9470
12
530.000
22
450.000
32
-296.0331
13
520.000
23
450.000
33
-295.8728
0
3DFACE
8
C2
10
530.000
20
440.000
30
-293.9470
11
540.000
21
440.000
31
-293.0247
12
540.000
22
450.000
32
-295.8120
13
530.000
23
450.000
33
-296.0331
0
3DFACE
8
C2
10
540.000
20
440.000
30
-293.0247
11
550.000
21
440.000
31
-292.1578
12
550.000
22
450.000
32
-295.2010
13
540.000
23
450.000
33
-295.8120
0
3DFACE
8
C2
10
550.000
20
440.000
30
-292.1578
11
560.000
21
440.000
31
-292.4314
12
560.000
22
450.000
32
-295.4670
13
550.000
23
450.000
33
-295.2010
0
3DFACE
8
C2
10
560.000
20
440.000
30
-292.4314
11
570.000
21
440.000
31
-293.7403
12
570.000
22
450.000
32
-296.4200
13
560.000
23
450.000
33
-295.4670
0
3DFACE
8
C2
10
570.000
20
440.000
30
-293.7403
11
580.000
21
440.000
31
-293.4383
12
580.000
22
450.000
32
-295.9629
13
570.000
23
450.000
33
-296.4200
0
3DFACE
8
C2
10
580.000
20
440.000
30
-293.4383
11
590.000
21
440.000
31
-291.5019
12
590.000
22
450.000
32
-294.0450
13
580.000
23
450.000
33
-295.9629
0
3DFACE
8
C2
10
590.000
20
440.000
30
-291.5019
11
600.000
21
440.000
31
-290.3528
12
600.000
22
450.000
32
-292.7402
13
590.000
23
450.000
33
-294.0450
0
3DFACE
8
C2
10
600.000
20
440.000
30
-290.3528
11
610.000
21
440.000
31
-290.8400
12
610.000
22
450.000
32
-292.9616
13
600.000
23
450.000
33
-292.7402
0
3DFACE
8
C2
10
610.000
20
440.000
30
-290.8400
11
620.000
21
440.000
31
-292.5370
12
620.000
22
450.000
32
-294.0916
13
610.000
23
450.000
33
-292.9616
0
3DFACE
8
C2
10
620.000
20
440.000
30
-292.5370
11
630.000
21
440.000
31
-292.1884
12
630.000
22
450.000
32
-293.5551
13
620.000
23
450.000
33
-294.0916
0
3DFACE
8
C2
10
630.000
20
440.000
30
-292.1884
11
640.000
21
440.000
31
-289.9509
12
640.000
22
450.000
32
-291.5293
13
630.000
23
450.000
33
-293.5551
0
3DFACE
8
C2
10
640.000
20
440.000
30
-289.9509
11
650.000
21
440.000
31
-288.7820
12
650.000
22
450.000
32
-290.3748
13
640.000
23
450.000
33
-291.5293
0
3DFACE
8
C2
10
650.000
20
440.000
30
-288.7820
11
660.000
21
440.000
31
-289.3021
12
660.000
22
450.000
32
-290.7023
13
650.000
23
450.000
33
-290.3748
0
3DFACE
8
C2
10
660.000
20
440.000
30
-289.3021
11
670.000
21
440.000
31
-290.9442
12
670.000
22
450.000
32
-291.9289
13
660.000
23
450.000
33
-290.7023
0
3DFACE
8
C2
10
670.000
20
440.000
30
-290.9442
11
680.000
21
440.000
31
-291.8012
12
680.000
22
450.000
32
-292.5098
13
670.000
23
450.000
33
-291.9289
0
3DFACE
8
C2
10
680.000
20
440.000
30
-291.8012
11
690.000
21
440.000
31
-291.5341
12
690.000
22
450.000
32
-292.2971
13
680.000
23
450.000
33
-292.5098
0
3DFACE
8
C2
10
690.000
20
440.000
30
-291.5341
11
700.000
21
440.000
31
-292.4650
12
700.000
22
450.000
32
-292.9286
13
690.000
23
450.000
33
-292.2971
0
3DFACE
8
C2
10
0.000
20
450.000
30
-305.5554
11
10.000
21
450.000
31
-305.4409
12
10.000
22
460.000
32
-305.3325
13
0.000
23
460.000
33
-305.5465
0
3DFACE
8
C2
10
10.000
20
450.000
30
-305.4409
11
20.000
21
450.000
31
-305.4798
12
20.000
22
460.000
32
-305.4612
13
10.000
23
460.000
33
-305.3325
0
3DFACE
8
C2
10
20.000
20
450.000
30
-305.4798
11
30.000
21
450.000
31
-305.4623
12
30.000
22
460.000
32
-305.3441
13
20.000
23
460.000
33
-305.4612
0
3DFACE
8
C2
10
30.000
20
450.000
30
-305.4623
11
40.000
21
450.000
31
-305.5173
12
40.000
22
460.000
32
-305.2216
13
30.000
23
460.000
33
-305.3441
0
3DFACE
8
C2
10
40.000
20
450.000
30
-305.5173
11
50.000
21
450.000
31
-305.7917
12
50.000
22
460.000
32
-305.4669
13
40.000
23
460.000
33
-305.2216
0
3DFACE
8
C2
10
50.000
20
450.000
30
-305.7917
11
60.000
21
450.000
31
-306.3204
12
60.000
22
460.000
32
-306.1594
13
50.000
23
460.000
33
-305.4669
0
3DFACE
8
C2
10
60.000
20
450.000
30
-306.3204
11
70.000
21
450.000
31
-307.0765
12
70.000
22
460.000
32
-307.3222
13
60.000
23
460.000
33
-306.1594
0
3DFACE
8
C2
10
70.000
20
450.000
30
-307.0765
11
80.000
21
450.000
31
-307.6475
12
80.000
22
460.000
32
-307.9698
13
70.000
23
460.000
33
-307.3222
0
3DFACE
8
C2
10
80.000
20
450.000
30
-307.6475
11
90.000
21
450.000
31
-307.9814
12
90.000
22
460.000
32
-308.0948
13
80.000
23
460.000
33
-307.9698
0
3DFACE
8
C2
10
90.000
20
450.000
30
-307.9814
11
100.000
21
450.000
31
-308.2641
12
100.000
22
460.000
32
-308.3785
13
90.000
23
460.000
33
-308.0948
0
3DFACE
8
C2
10
100.000
20
450.000
30
-308.2641
11
110.000
21
450.000
31
-308.3119
12
110.000
22
460.000
32
-308.6123
13
100.000
23
460.000
33
-308.3785
0
3DFACE
8
C2
10
110.000
20
450.000
30
-308.3119
11
120.000
21
450.000
31
-308.1656
12
120.000
22
460.000
32
-308.8062
13
110.000
23
460.000
33
-308.6123
0
3DFACE
8
C2
10
120.000
20
450.000
30
-308.1656
11
130.000
21
450.000
31
-307.7435
12
130.000
22
460.000
32
-308.4496
13
120.000
23
460.000
33
-308.8062
0
3DFACE
8
C2
10
130.000
20
450.000
30
-307.7435
11
140.000
21
450.000
31
-307.1012
12
140.000
22
460.000
32
-307.5174
13
130.000
23
460.000
33
-308.4496
0
3DFACE
8
C2
10
140.000
20
450.000
30
-307.1012
11
150.000
21
450.000
31
-306.3658
12
150.000
22
460.000
32
-306.6882
13
140.000
23
460.000
33
-307.5174
0
3DFACE
8
C2
10
150.000
20
450.000
30
-306.3658
11
160.000
21
450.000
31
-305.3628
12
160.000
22
460.000
32
-305.7239
13
150.000
23
460.000
33
-306.6882
0
3DFACE
8
C2
10
160.000
20
450.000
30
-305.3628
11
170.000
21
450.000
31
-303.8556
12
170.000
22
460.000
32
-304.2402
13
160.000
23
460.000
33
-305.7239
0
3DFACE
8
C2
10
170.000
20
450.000
30
-303.8556
11
180.000
21
450.000
31
-303.1393
12
180.000
22
460.000
32
-303.4883
13
170.000
23
460.000
33
-304.2402
0
3DFACE
8
C2
10
180.000
20
450.000
30
-303.1393
11
190.000
21
450.000
31
-302.5454
12
190.000
22
460.000
32
-302.7129
13
180.000
23
460.000
33
-303.4883
0
3DFACE
8
C2
10
190.000
20
450.000
30
-302.5454
11
200.000
21
450.000
31
-302.0573
12
200.000
22
460.000
32
-302.1952
13
190.000
23
460.000
33
-302.7129
0
3DFACE
8
C2
10
200.000
20
450.000
30
-302.0573
11
210.000
21
450.000
31
-301.5577
12
210.000
22
460.000
32
-301.7386
13
200.000
23
460.000
33
-302.1952
0
3DFACE
8
C2
10
210.000
20
450.000
30
-301.5577
11
220.000
21
450.000
31
-300.7705
12
220.000
22
460.000
32
-300.9783
13
210.000
23
460.000
33
-301.7386
0
3DFACE
8
C2
10
220.000
20
450.000
30
-300.7705
11
230.000
21
450.000
31
-300.9364
12
230.000
22
460.000
32
-301.2039
13
220.000
23
460.000
33
-300.9783
0
3DFACE
8
C2
10
230.000
20
450.000
30
-300.9364
11
240.000
21
450.000
31
-301.8850
12
240.000
22
460.000
32
-302.2373
13
230.000
23
460.000
33
-301.2039
0
3DFACE
8
C2
10
240.000
20
450.000
30
-301.8850
11
250.000
21
450.000
31
-302.3622
12
250.000
22
460.000
32
-302.7604
13
240.000
23
460.000
33
-302.2373
0
3DFACE
8
C2
10
250.000
20
450.000
30
-302.3622
11
260.000
21
450.000
31
-302.8928
12
260.000
22
460.000
32
-303.2861
13
250.000
23
460.000
33
-302.7604
0
3DFACE
8
C2
10
260.000
20
450.000
30
-302.8928
11
270.000
21
450.000
31
-303.1960
12
270.000
22
460.000
32
-303.5491
13
260.000
23
460.000
33
-303.2861
0
3DFACE
8
C2
10
270.000
20
450.000
30
-303.1960
11
280.000
21
450.000
31
-303.7462
12
280.000
22
460.000
32
-304.1255
13
270.000
23
460.000
33
-303.5491
0
3DFACE
8
C2
10
280.000
20
450.000
30
-303.7462
11
290.000
21
450.000
31
-304.8205
12
290.000
22
460.000
32
-305.2937
13
280.000
23
460.000
33
-304.1255
0
3DFACE
8
C2
10
290.000
20
450.000
30
-304.8205
11
300.000
21
450.000
31
-305.2316
12
300.000
22
460.000
32
-305.7268
13
290.000
23
460.000
33
-305.2937
0
3DFACE
8
C2
10
300.000
20
450.000
30
-305.2316
11
310.000
21
450.000
31
-305.3926
12
310.000
22
460.000
32
-305.8629
13
300.000
23
460.000
33
-305.7268
0
3DFACE
8
C2
10
310.000
20
450.000
30
-305.3926
11
320.000
21
450.000
31
-304.9916
12
320.000
22
460.000
32
-305.3831
13
310.000
23
460.000
33
-305.8629
0
3DFACE
8
C2
10
320.000
20
450.000
30
-304.9916
11
330.000
21
450.000
31
-304.7802
12
330.000
22
460.000
32
-305.2155
13
320.000
23
460.000
33
-305.3831
0
3DFACE
8
C2
10
330.000
20
450.000
30
-304.7802
11
340.000
21
450.000
31
-304.7694
12
340.000
22
460.000
32
-305.3022
13
330.000
23
460.000
33
-305.2155
0
3DFACE
8
C2
10
340.000
20
450.000
30
-304.7694
11
350.000
21
450.000
31
-304.4932
12
350.000
22
460.000
32
-305.0865
13
340.000
23
460.000
33
-305.3022
0
3DFACE
8
C2
10
350.000
20
450.000
30
-304.4932
11
360.000
21
450.000
31
-304.1598
12
360.000
22
460.000
32
-304.7799
13
350.000
23
460.000
33
-305.0865
0
3DFACE
8
C2
10
360.000
20
450.000
30
-304.1598
11
370.000
21
450.000
31
-303.4881
12
370.000
22
460.000
32
-304.0322
13
360.000
23
460.000
33
-304.7799
0
3DFACE
8
C2
10
370.000
20
450.000
30
-303.4881
11
380.000
21
450.000
31
-302.9484
12
380.000
22
460.000
32
-303.5679
13
370.000
23
460.000
33
-304.0322
0
3DFACE
8
C2
10
380.000
20
450.000
30
-302.9484
11
390.000
21
450.000
31
-302.6503
12
390.000
22
460.000
32
-303.4257
13
380.000
23
460.000
33
-303.5679
0
3DFACE
8
C2
10
390.000
20
450.000
30
-302.6503
11
400.000
21
450.000
31
-301.8448
12
400.000
22
460.000
32
-302.6799
13
390.000
23
460.000
33
-303.4257
0
3DFACE
8
C2
10
400.000
20
450.000
30
-301.8448
11
410.000
21
450.000
31
-300.8398
12
410.000
22
460.000
32
-301.6901
13
400.000
23
460.000
33
-302.6799
0
3DFACE
8
C2
10
410.000
20
450.000
30
-300.8398
11
420.000
21
450.000
31
-299.2223
12
420.000
22
460.000
32
-299.9483
13
410.000
23
460.000
33
-301.6901
0
3DFACE
8
C2
10
420.000
20
450.000
30
-299.2223
11
430.000
21
450.000
31
-298.1924
12
430.000
22
460.000
32
-298.9769
13
420.000
23
460.000
33
-299.9483
0
3DFACE
8
C2
10
430.000
20
450.000
30
-298.1924
11
440.000
21
450.000
31
-297.5503
12
440.000
22
460.000
32
-298.4999
13
430.000
23
460.000
33
-298.9769
0
3DFACE
8
C2
10
440.000
20
450.000
30
-297.5503
11
450.000
21
450.000
31
-296.8041
12
450.000
22
460.000
32
-297.7304
13
440.000
23
460.000
33
-298.4999
0
3DFACE
8
C2
10
450.000
20
450.000
30
-296.8041
11
460.000
21
450.000
31
-296.1612
12
460.000
22
460.000
32
-296.9323
13
450.000
23
460.000
33
-297.7304
0
3DFACE
8
C2
10
460.000
20
450.000
30
-296.1612
11
470.000
21
450.000
31
-295.2200
12
470.000
22
460.000
32
-295.5500
13
460.000
23
460.000
33
-296.9323
0
3DFACE
8
C2
10
470.000
20
450.000
30
-295.2200
11
480.000
21
450.000
31
-294.7537
12
480.000
22
460.000
32
-294.9894
13
470.000
23
460.000
33
-295.5500
0
3DFACE
8
C2
10
480.000
20
450.000
30
-294.7537
11
490.000
21
450.000
31
-294.8785
12
490.000
22
460.000
32
-295.3571
13
480.000
23
460.000
33
-294.9894
0
3DFACE
8
C2
10
490.000
20
450.000
30
-294.8785
11
500.000
21
450.000
31
-294.6824
12
500.000
22
460.000
32
-295.3605
13
490.000
23
460.000
33
-295.3571
0
3DFACE
8
C2
10
500.000
20
450.000
30
-294.6824
11
510.000
21
450.000
31
-294.9881
12
510.000
22
460.000
32
-295.8362
13
500.000
23
460.000
33
-295.3605
0
3DFACE
8
C2
10
510.000
20
450.000
30
-294.9881
11
520.000
21
450.000
31
-295.8728
12
520.000
22
460.000
32
-296.9230
13
510.000
23
460.000
33
-295.8362
0
3DFACE
8
C2
10
520.000
20
450.000
30
-295.8728
11
530.000
21
450.000
31
-296.0331
12
530.000
22
460.000
32
-297.3839
13
520.000
23
460.000
33
-296.9230
0
3DFACE
8
C2
10
530.000
20
450.000
30
-296.0331
11
540.000
21
450.000
31
-295.8120
12
540.000
22
460.000
32
-297.7793
13
530.000
23
460.000
33
-297.3839
0
3DFACE
8
C2
10
540.000
20
450.000
30
-295.8120
11
550.000
21
450.000
31
-295.2010
12
550.000
22
460.000
32
-297.4376
13
540.000
23
460.000
33
-297.7793
0
3DFACE
8
C2
10
550.000
20
450.000
30
-295.2010
11
560.000
21
450.000
31
-295.4670
12
560.000
22
460.000
32
-297.6921
13
550.000
23
460.000
33
-297.4376
0
3DFACE
8
C2
10
560.000
20
450.000
30
-295.4670
11
570.000
21
450.000
31
-296.4200
12
570.000
22
460.000
32
-298.4312
13
560.000
23
460.000
33
-297.6921
0
3DFACE
8
C2
10
570.000
20
450.000
30
-296.4200
11
580.000
21
450.000
31
-295.9629
12
580.000
22
460.000
32
-297.8665
13
570.000
23
460.000
33
-298.4312
0
3DFACE
8
C2
10
580.000
20
450.000
30
-295.9629
11
590.000
21
450.000
31
-294.0450
12
590.000
22
460.000
32
-295.9476
13
580.000
23
460.000
33
-297.8665
0
3DFACE
8
C2
10
590.000
20
450.000
30
-294.0450
11
600.000
21
450.000
31
-292.7402
12
600.000
22
460.000
32
-294.5771
13
590.000
23
460.000
33
-295.9476
0
3DFACE
8
C2
10
600.000
20
450.000
30
-292.7402
11
610.000
21
450.000
31
-292.9616
12
610.000
22
460.000
32
-294.5205
13
600.000
23
460.000
33
-294.5771
0
3DFACE
8
C2
10
610.000
20
450.000
30
-292.9616
11
620.000
21
450.000
31
-294.0916
12
620.000
22
460.000
32
-295.1684
13
610.000
23
460.000
33
-294.5205
0
3DFACE
8
C2
10
620.000
20
450.000
30
-294.0916
11
630.000
21
450.000
31
-293.5551
12
630.000
22
460.000
32
-294.4729
13
620.000
23
460.000
33
-295.1684
0
3DFACE
8
C2
10
630.000
20
450.000
30
-293.5551
11
640.000
21
450.000
31
-291.5293
12
640.000
22
460.000
32
-292.5752
13
630.000
23
460.000
33
-294.4729
0
3DFACE
8
C2
10
640.000
20
450.000
30
-291.5293
11
650.000
21
450.000
31
-290.3748
12
650.000
22
460.000
32
-291.4766
13
640.000
23
460.000
33
-292.5752
0
3DFACE
8
C2
10
650.000
20
450.000
30
-290.3748
11
660.000
21
450.000
31
-290.7023
12
660.000
22
460.000
32
-291.6006
13
650.000
23
460.000
33
-291.4766
0
3DFACE
8
C2
10
660.000
20
450.000
30
-290.7023
11
670.000
21
450.000
31
-291.9289
12
670.000
22
460.000
32
-292.4719
13
660.000
23
460.000
33
-291.6006
0
3DFACE
8
C2
10
670.000
20
450.000
30
-291.9289
11
680.000
21
450.000
31
-292.5098
12
680.000
22
460.000
32
-292.8790
13
670.000
23
460.000
33
-292.4719
0
3DFACE
8
C2
10
680.000
20
450.000
30
-292.5098
11
690.000
21
450.000
31
-292.2971
12
690.000
22
460.000
32
-292.7261
13
680.000
23
460.000
33
-292.8790
0
3DFACE
8
C2
10
690.000
20
450.000
30
-292.2971
11
700.000
21
450.000
31
-292.9286
12
700.000
22
460.000
32
-293.1803
13
690.000
23
460.000
33
-292.7261
0
3DFACE
8
C2
10
0.000
20
460.000
30
-305.5465
11
10.000
21
460.000
31
-305.3325
12
10.000
22
470.000
32
-305.1665
13
0.000
23
470.000
33
-305.4349
0
3DFACE
8
C2
10
10.000
20
460.000
30
-305.3325
11
20.000
21
460.000
31
-305.4612
12
20.000
22
470.000
32
-305.2594
13
10.000
23
470.000
33
-305.1665
0
3DFACE
8
C2
10
20.000
20
460.000
30
-305.4612
11
30.000
21
460.000
31
-305.3441
12
30.000
22
470.000
32
-305.0741
13
20.000
23
470.000
33
-305.2594
0
3DFACE
8
C2
10
30.000
20
460.000
30
-305.3441
11
40.000
21
460.000
31
-305.2216
12
40.000
22
470.000
32
-304.8454
13
30.000
23
470.000
33
-305.0741
0
3DFACE
8
C2
10
40.000
20
460.000
30
-305.2216
11
50.000
21
460.000
31
-305.4669
12
50.000
22
470.000
32
-305.0278
13
40.000
23
470.000
33
-304.8454
0
3DFACE
8
C2
10
50.000
20
460.000
30
-305.4669
11
60.000
21
460.000
31
-306.1594
12
60.000
22
470.000
32
-305.7863
13
50.000
23
470.000
33
-305.0278
0
3DFACE
8
C2
10
60.000
20
460.000
30
-306.1594
11
70.000
21
460.000
31
-307.3222
12
70.000
22
470.000
32
-307.0086
13
60.000
23
470.000
33
-305.7863
0
3DFACE
8
C2
10
70.000
20
460.000
30
-307.3222
11
80.000
21
460.000
31
-307.9698
12
80.000
22
470.000
32
-307.7037
13
70.000
23
470.000
33
-307.0086
0
3DFACE
8
C2
10
80.000
20
460.000
30
-307.9698
11
90.000
21
460.000
31
-308.0948
12
90.000
22
470.000
32
-307.8216
13
80.000
23
470.000
33
-307.7037
0
3DFACE
8
C2
10
90.000
20
460.000
30
-308.0948
11
100.000
21
460.000
31
-308.3785
12
100.000
22
470.000
32
-308.1591
13
90.000
23
470.000
33
-307.8216
0
3DFACE
8
C2
10
100.000
20
460.000
30
-308.3785
11
110.000
21
460.000
31
-308.6123
12
110.000
22
470.000
32
-308.5652
13
100.000
23
470.000
33
-308.1591
0
3DFACE
8
C2
10
110.000
20
460.000
30
-308.6123
11
120.000
21
460.000
31
-308.8062
12
120.000
22
470.000
32
-309.1000
13
110.000
23
470.000
33
-308.5652
0
3DFACE
8
C2
10
120.000
20
460.000
30
-308.8062
11
130.000
21
460.000
31
-308.4496
12
130.000
22
470.000
32
-308.8670
13
120.000
23
470.000
33
-309.1000
0
3DFACE
8
C2
10
130.000
20
460.000
30
-308.4496
11
140.000
21
460.000
31
-307.5174
12
140.000
22
470.000
32
-307.9965
13
130.000
23
470.000
33
-308.8670
0
3DFACE
8
C2
10
140.000
20
460.000
30
-307.5174
11
150.000
21
460.000
31
-306.6882
12
150.000
22
470.000
32
-307.2194
13
140.000
23
470.000
33
-307.9965
0
3DFACE
8
C2
10
150.000
20
460.000
30
-306.6882
11
160.000
21
460.000
31
-305.7239
12
160.000
22
470.000
32
-306.4313
13
150.000
23
470.000
33
-307.2194
0
3DFACE
8
C2
10
160.000
20
460.000
30
-305.7239
11
170.000
21
460.000
31
-304.2402
12
170.000
22
470.000
32
-304.9477
13
160.000
23
470.000
33
-306.4313
0
3DFACE
8
C2
10
170.000
20
460.000
30
-304.2402
11
180.000
21
460.000
31
-303.4883
12
180.000
22
470.000
32
-304.3554
13
170.000
23
470.000
33
-304.9477
0
3DFACE
8
C2
10
180.000
20
460.000
30
-303.4883
11
190.000
21
460.000
31
-302.7129
12
190.000
22
470.000
32
-303.5310
13
180.000
23
470.000
33
-304.3554
0
3DFACE
8
C2
10
190.000
20
460.000
30
-302.7129
11
200.000
21
460.000
31
-302.1952
12
200.000
22
470.000
32
-303.1422
13
190.000
23
470.000
33
-303.5310
0
3DFACE
8
C2
10
200.000
20
460.000
30
-302.1952
11
210.000
21
460.000
31
-301.7386
12
210.000
22
470.000
32
-302.8714
13
200.000
23
470.000
33
-303.1422
0
3DFACE
8
C2
10
210.000
20
460.000
30
-301.7386
11
220.000
21
460.000
31
-300.9783
12
220.000
22
470.000
32
-302.0365
13
210.000
23
470.000
33
-302.8714
0
3DFACE
8
C2
10
220.000
20
460.000
30
-300.9783
11
230.000
21
460.000
31
-301.2039
12
230.000
22
470.000
32
-302.3328
13
220.000
23
470.000
33
-302.0365
0
3DFACE
8
C2
10
230.000
20
460.000
30
-301.2039
11
240.000
21
460.000
31
-302.2373
12
240.000
22
470.000
32
-303.6110
13
230.000
23
470.000
33
-302.3328
0
3DFACE
8
C2
10
240.000
20
460.000
30
-302.2373
11
250.000
21
460.000
31
-302.7604
12
250.000
22
470.000
32
-304.1171
13
240.000
23
470.000
33
-303.6110
0
3DFACE
8
C2
10
250.000
20
460.000
30
-302.7604
11
260.000
21
460.000
31
-303.2861
12
260.000
22
470.000
32
-304.6099
13
250.000
23
470.000
33
-304.1171
0
3DFACE
8
C2
10
260.000
20
460.000
30
-303.2861
11
270.000
21
460.000
31
-303.5491
12
270.000
22
470.000
32
-304.6744
13
260.000
23
470.000
33
-304.6099
0
3DFACE
8
C2
10
270.000
20
460.000
30
-303.5491
11
280.000
21
460.000
31
-304.1255
12
280.000
22
470.000
32
-305.2174
13
270.000
23
470.000
33
-304.6744
0
3DFACE
8
C2
10
280.000
20
460.000
30
-304.1255
11
290.000
21
460.000
31
-305.2937
12
290.000
22
470.000
32
-306.5383
13
280.000
23
470.000
33
-305.2174
0
3DFACE
8
C2
10
290.000
20
460.000
30
-305.2937
11
300.000
21
460.000
31
-305.7268
12
300.000
22
470.000
32
-306.8995
13
290.000
23
470.000
33
-306.5383
0
3DFACE
8
C2
10
300.000
20
460.000
30
-305.7268
11
310.000
21
460.000
31
-305.8629
12
310.000
22
470.000
32
-306.9461
13
300.000
23
470.000
33
-306.8995
0
3DFACE
8
C2
10
310.000
20
460.000
30
-305.8629
11
320.000
21
460.000
31
-305.3831
12
320.000
22
470.000
32
-306.2580
13
310.000
23
470.000
33
-306.9461
0
3DFACE
8
C2
10
320.000
20
460.000
30
-305.3831
11
330.000
21
460.000
31
-305.2155
12
330.000
22
470.000
32
-306.0219
13
320.000
23
470.000
33
-306.2580
0
3DFACE
8
C2
10
330.000
20
460.000
30
-305.2155
11
340.000
21
460.000
31
-305.3022
12
340.000
22
470.000
32
-306.2158
13
330.000
23
470.000
33
-306.0219
0
3DFACE
8
C2
10
340.000
20
460.000
30
-305.3022
11
350.000
21
460.000
31
-305.0865
12
350.000
22
470.000
32
-305.9520
13
340.000
23
470.000
33
-306.2158
0
3DFACE
8
C2
10
350.000
20
460.000
30
-305.0865
11
360.000
21
460.000
31
-304.7799
12
360.000
22
470.000
32
-305.6335
13
350.000
23
470.000
33
-305.9520
0
3DFACE
8
C2
10
360.000
20
460.000
30
-304.7799
11
370.000
21
460.000
31
-304.0322
12
370.000
22
470.000
32
-304.7273
13
360.000
23
470.000
33
-305.6335
0
3DFACE
8
C2
10
370.000
20
460.000
30
-304.0322
11
380.000
21
460.000
31
-303.5679
12
380.000
22
470.000
32
-304.2324
13
370.000
23
470.000
33
-304.7273
0
3DFACE
8
C2
10
380.000
20
460.000
30
-303.5679
11
390.000
21
460.000
31
-303.4257
12
390.000
22
470.000
32
-304.2388
13
380.000
23
470.000
33
-304.2324
0
3DFACE
8
C2
10
390.000
20
460.000
30
-303.4257
11
400.000
21
460.000
31
-302.6799
12
400.000
22
470.000
32
-303.5426
13
390.000
23
470.000
33
-304.2388
0
3DFACE
8
C2
10
400.000
20
460.000
30
-302.6799
11
410.000
21
460.000
31
-301.6901
12
410.000
22
470.000
32
-302.6100
13
400.000
23
470.000
33
-303.5426
0
3DFACE
8
C2
10
410.000
20
460.000
30
-301.6901
11
420.000
21
460.000
31
-299.9483
12
420.000
22
470.000
32
-300.7272
13
410.000
23
470.000
33
-302.6100
0
3DFACE
8
C2
10
420.000
20
460.000
30
-299.9483
11
430.000
21
460.000
31
-298.9769
12
430.000
22
470.000
32
-299.8349
13
420.000
23
470.000
33
-300.7272
0
3DFACE
8
C2
10
430.000
20
460.000
30
-298.9769
11
440.000
21
460.000
31
-298.4999
12
440.000
22
470.000
32
-299.5666
13
430.000
23
470.000
33
-299.8349
0
3DFACE
8
C2
10
440.000
20
460.000
30
-298.4999
11
450.000
21
460.000
31
-297.7304
12
450.000
22
470.000
32
-298.8288
13
440.000
23
470.000
33
-299.5666
0
3DFACE
8
C2
10
450.000
20
460.000
30
-297.7304
11
460.000
21
460.000
31
-296.9323
12
460.000
22
470.000
32
-297.9024
13
450.000
23
470.000
33
-298.8288
0
3DFACE
8
C2
10
460.000
20
460.000
30
-296.9323
11
470.000
21
460.000
31
-295.5500
12
470.000
22
470.000
32
-296.3287
13
460.000
23
470.000
33
-297.9024
0
3DFACE
8
C2
10
470.000
20
460.000
30
-295.5500
11
480.000
21
460.000
31
-294.9894
12
480.000
22
470.000
32
-295.6221
13
470.000
23
470.000
33
-296.3287
0
3DFACE
8
C2
10
480.000
20
460.000
30
-294.9894
11
490.000
21
460.000
31
-295.3571
12
490.000
22
470.000
32
-296.1509
13
480.000
23
470.000
33
-295.6221
0
3DFACE
8
C2
10
490.000
20
460.000
30
-295.3571
11
500.000
21
460.000
31
-295.3605
12
500.000
22
470.000
32
-296.1164
13
490.000
23
470.000
33
-296.1509
0
3DFACE
8
C2
10
500.000
20
460.000
30
-295.3605
11
510.000
21
460.000
31
-295.8362
12
510.000
22
470.000
32
-296.4305
13
500.000
23
470.000
33
-296.1164
0
3DFACE
8
C2
10
510.000
20
460.000
30
-295.8362
11
520.000
21
460.000
31
-296.9230
12
520.000
22
470.000
32
-297.2613
13
510.000
23
470.000
33
-296.4305
0
3DFACE
8
C2
10
520.000
20
460.000
30
-296.9230
11
530.000
21
460.000
31
-297.3839
12
530.000
22
470.000
32
-297.7096
13
520.000
23
470.000
33
-297.2613
0
3DFACE
8
C2
10
530.000
20
460.000
30
-297.3839
11
540.000
21
460.000
31
-297.7793
12
540.000
22
470.000
32
-298.2894
13
530.000
23
470.000
33
-297.7096
0
3DFACE
8
C2
10
540.000
20
460.000
30
-297.7793
11
550.000
21
460.000
31
-297.4376
12
550.000
22
470.000
32
-298.0625
13
540.000
23
470.000
33
-298.2894
0
3DFACE
8
C2
10
550.000
20
460.000
30
-297.4376
11
560.000
21
460.000
31
-297.6921
12
560.000
22
470.000
32
-298.1271
13
550.000
23
470.000
33
-298.0625
0
3DFACE
8
C2
10
560.000
20
460.000
30
-297.6921
11
570.000
21
460.000
31
-298.4312
12
570.000
22
470.000
32
-298.5189
13
560.000
23
470.000
33
-298.1271
0
3DFACE
8
C2
10
570.000
20
460.000
30
-298.4312
11
580.000
21
460.000
31
-297.8665
12
580.000
22
470.000
32
-297.9028
13
570.000
23
470.000
33
-298.5189
0
3DFACE
8
C2
10
580.000
20
460.000
30
-297.8665
11
590.000
21
460.000
31
-295.9476
12
590.000
22
470.000
32
-296.2642
13
580.000
23
470.000
33
-297.9028
0
3DFACE
8
C2
10
590.000
20
460.000
30
-295.9476
11
600.000
21
460.000
31
-294.5771
12
600.000
22
470.000
32
-295.0487
13
590.000
23
470.000
33
-296.2642
0
3DFACE
8
C2
10
600.000
20
460.000
30
-294.5771
11
610.000
21
460.000
31
-294.5205
12
610.000
22
470.000
32
-294.7914
13
600.000
23
470.000
33
-295.0487
0
3DFACE
8
C2
10
610.000
20
460.000
30
-294.5205
11
620.000
21
460.000
31
-295.1684
12
620.000
22
470.000
32
-295.0815
13
610.000
23
470.000
33
-294.7914
0
3DFACE
8
C2
10
620.000
20
460.000
30
-295.1684
11
630.000
21
460.000
31
-294.4729
12
630.000
22
470.000
32
-294.4004
13
620.000
23
470.000
33
-295.0815
0
3DFACE
8
C2
10
630.000
20
460.000
30
-294.4729
11
640.000
21
460.000
31
-292.5752
12
640.000
22
470.000
32
-292.8797
13
630.000
23
470.000
33
-294.4004
0
3DFACE
8
C2
10
640.000
20
460.000
30
-292.5752
11
650.000
21
460.000
31
-291.4766
12
650.000
22
470.000
32
-292.0064
13
640.000
23
470.000
33
-292.8797
0
3DFACE
8
C2
10
650.000
20
460.000
30
-291.4766
11
660.000
21
460.000
31
-291.6006
12
660.000
22
470.000
32
-291.9865
13
650.000
23
470.000
33
-292.0064
0
3DFACE
8
C2
10
660.000
20
460.000
30
-291.6006
11
670.000
21
460.000
31
-292.4719
12
670.000
22
470.000
32
-292.5753
13
660.000
23
470.000
33
-291.9865
0
3DFACE
8
C2
10
670.000
20
460.000
30
-292.4719
11
680.000
21
460.000
31
-292.8790
12
680.000
22
470.000
32
-292.9026
13
670.000
23
470.000
33
-292.5753
0
3DFACE
8
C2
10
680.000
20
460.000
30
-292.8790
11
690.000
21
460.000
31
-292.7261
12
690.000
22
470.000
32
-292.8395
13
680.000
23
470.000
33
-292.9026
0
3DFACE
8
C2
10
690.000
20
460.000
30
-292.7261
11
700.000
21
460.000
31
-293.1803
12
700.000
22
470.000
32
-293.2033
13
690.000
23
470.000
33
-292.8395
0
3DFACE
8
C2
10
0.000
20
470.000
30
-305.4349
11
10.000
21
470.000
31
-305.1665
12
10.000
22
480.000
32
-305.5205
13
0.000
23
480.000
33
-305.7581
0
3DFACE
8
C2
10
10.000
20
470.000
30
-305.1665
11
20.000
21
470.000
31
-305.2594
12
20.000
22
480.000
32
-305.6883
13
10.000
23
480.000
33
-305.5205
0
3DFACE
8
C2
10
20.000
20
470.000
30
-305.2594
11
30.000
21
470.000
31
-305.0741
12
30.000
22
480.000
32
-305.5245
13
20.000
23
480.000
33
-305.6883
0
3DFACE
8
C2
10
30.000
20
470.000
30
-305.0741
11
40.000
21
470.000
31
-304.8454
12
40.000
22
480.000
32
-305.2056
13
30.000
23
480.000
33
-305.5245
0
3DFACE
8
C2
10
40.000
20
470.000
30
-304.8454
11
50.000
21
470.000
31
-305.0278
12
50.000
22
480.000
32
-305.3743
13
40.000
23
480.000
33
-305.2056
0
3DFACE
8
C2
10
50.000
20
470.000
30
-305.0278
11
60.000
21
470.000
31
-305.7863
12
60.000
22
480.000
32
-306.3085
13
50.000
23
480.000
33
-305.3743
0
3DFACE
8
C2
10
60.000
20
470.000
30
-305.7863
11
70.000
21
470.000
31
-307.0086
12
70.000
22
480.000
32
-307.7501
13
60.000
23
480.000
33
-306.3085
0
3DFACE
8
C2
10
70.000
20
470.000
30
-307.0086
11
80.000
21
470.000
31
-307.7037
12
80.000
22
480.000
32
-308.4988
13
70.000
23
480.000
33
-307.7501
0
3DFACE
8
C2
10
80.000
20
470.000
30
-307.7037
11
90.000
21
470.000
31
-307.8216
12
90.000
22
480.000
32
-308.6176
13
80.000
23
480.000
33
-308.4988
0
3DFACE
8
C2
10
90.000
20
470.000
30
-307.8216
11
100.000
21
470.000
31
-308.1591
12
100.000
22
480.000
32
-309.0471
13
90.000
23
480.000
33
-308.6176
0
3DFACE
8
C2
10
100.000
20
470.000
30
-308.1591
11
110.000
21
470.000
31
-308.5652
12
110.000
22
480.000
32
-309.7370
13
100.000
23
480.000
33
-309.0471
0
3DFACE
8
C2
10
110.000
20
470.000
30
-308.5652
11
120.000
21
470.000
31
-309.1000
12
120.000
22
480.000
32
-310.5720
13
110.000
23
480.000
33
-309.7370
0
3DFACE
8
C2
10
120.000
20
470.000
30
-309.1000
11
130.000
21
470.000
31
-308.8670
12
130.000
22
480.000
32
-310.4873
13
120.000
23
480.000
33
-310.5720
0
3DFACE
8
C2
10
130.000
20
470.000
30
-308.8670
11
140.000
21
470.000
31
-307.9965
12
140.000
22
480.000
32
-309.5627
13
130.000
23
480.000
33
-310.4873
0
3DFACE
8
C2
10
140.000
20
470.000
30
-307.9965
11
150.000
21
470.000
31
-307.2194
12
150.000
22
480.000
32
-308.6948
13
140.000
23
480.000
33
-309.5627
0
3DFACE
8
C2
10
150.000
20
470.000
30
-307.2194
11
160.000
21
470.000
31
-306.4313
12
160.000
22
480.000
32
-307.8056
13
150.000
23
480.000
33
-308.6948
0
3DFACE
8
C2
10
160.000
20
470.000
30
-306.4313
11
170.000
21
470.000
31
-304.9477
12
170.000
22
480.000
32
-306.1337
13
160.000
23
480.000
33
-307.8056
0
3DFACE
8
C2
10
170.000
20
470.000
30
-304.9477
11
180.000
21
470.000
31
-304.3554
12
180.000
22
480.000
32
-305.3176
13
170.000
23
480.000
33
-306.1337
0
3DFACE
8
C2
10
180.000
20
470.000
30
-304.3554
11
190.000
21
470.000
31
-303.5310
12
190.000
22
480.000
32
-304.2094
13
180.000
23
480.000
33
-305.3176
0
3DFACE
8
C2
10
190.000
20
470.000
30
-303.5310
11
200.000
21
470.000
31
-303.1422
12
200.000
22
480.000
32
-303.5657
13
190.000
23
480.000
33
-304.2094
0
3DFACE
8
C2
10
200.000
20
470.000
30
-303.1422
11
210.000
21
470.000
31
-302.8714
12
210.000
22
480.000
32
-303.1639
13
200.000
23
480.000
33
-303.5657
0
3DFACE
8
C2
10
210.000
20
470.000
30
-302.8714
11
220.000
21
470.000
31
-302.0365
12
220.000
22
480.000
32
-302.2457
13
210.000
23
480.000
33
-303.1639
0
3DFACE
8
C2
10
220.000
20
470.000
30
-302.0365
11
230.000
21
470.000
31
-302.3328
12
230.000
22
480.000
32
-302.5595
13
220.000
23
480.000
33
-302.2457
0
3DFACE
8
C2
10
230.000
20
470.000
30
-302.3328
11
240.000
21
470.000
31
-303.6110
12
240.000
22
480.000
32
-303.9231
13
230.000
23
480.000
33
-302.5595
0
3DFACE
8
C2
10
240.000
20
470.000
30
-303.6110
11
250.000
21
470.000
31
-304.1171
12
250.000
22
480.000
32
-304.4817
13
240.000
23
480.000
33
-303.9231
0
3DFACE
8
C2
10
250.000
20
470.000
30
-304.1171
11
260.000
21
470.000
31
-304.6099
12
260.000
22
480.000
32
-305.0124
13
250.000
23
480.000
33
-304.4817
0
3DFACE
8
C2
10
260.000
20
470.000
30
-304.6099
11
270.000
21
470.000
31
-304.6744
12
270.000
22
480.000
32
-305.0616
13
260.000
23
480.000
33
-305.0124
0
3DFACE
8
C2
10
270.000
20
470.000
30
-304.6744
11
280.000
21
470.000
31
-305.2174
12
280.000
22
480.000
32
-305.6090
13
270.000
23
480.000
33
-305.0616
0
3DFACE
8
C2
10
280.000
20
470.000
30
-305.2174
11
290.000
21
470.000
31
-306.5383
12
290.000
22
480.000
32
-306.9901
13
280.000
23
480.000
33
-305.6090
0
3DFACE
8
C2
10
290.000
20
470.000
30
-306.5383
11
300.000
21
470.000
31
-306.8995
12
300.000
22
480.000
32
-307.3234
13
290.000
23
480.000
33
-306.9901
0
3DFACE
8
C2
10
300.000
20
470.000
30
-306.8995
11
310.000
21
470.000
31
-306.9461
12
310.000
22
480.000
32
-307.3196
13
300.000
23
480.000
33
-307.3234
0
3DFACE
8
C2
10
310.000
20
470.000
30
-306.9461
11
320.000
21
470.000
31
-306.2580
12
320.000
22
480.000
32
-306.5491
13
310.000
23
480.000
33
-307.3196
0
3DFACE
8
C2
10
320.000
20
470.000
30
-306.2580
11
330.000
21
470.000
31
-306.0219
12
330.000
22
480.000
32
-306.2469
13
320.000
23
480.000
33
-306.5491
0
3DFACE
8
C2
10
330.000
20
470.000
30
-306.0219
11
340.000
21
470.000
31
-306.2158
12
340.000
22
480.000
32
-306.4182
13
330.000
23
480.000
33
-306.2469
0
3DFACE
8
C2
10
340.000
20
470.000
30
-306.2158
11
350.000
21
470.000
31
-305.9520
12
350.000
22
480.000
32
-306.0937
13
340.000
23
480.000
33
-306.4182
0
3DFACE
8
C2
10
350.000
20
470.000
30
-305.9520
11
360.000
21
470.000
31
-305.6335
12
360.000
22
480.000
32
-305.7136
13
350.000
23
480.000
33
-306.0937
0
3DFACE
8
C2
10
360.000
20
470.000
30
-305.6335
11
370.000
21
470.000
31
-304.7273
12
370.000
22
480.000
32
-304.7112
13
360.000
23
480.000
33
-305.7136
0
3DFACE
8
C2
10
370.000
20
470.000
30
-304.7273
11
380.000
21
470.000
31
-304.2324
12
380.000
22
480.000
32
-304.1774
13
370.000
23
480.000
33
-304.7112
0
3DFACE
8
C2
10
380.000
20
470.000
30
-304.2324
11
390.000
21
470.000
31
-304.2388
12
390.000
22
480.000
32
-304.1673
13
380.000
23
480.000
33
-304.1774
0
3DFACE
8
C2
10
390.000
20
470.000
30
-304.2388
11
400.000
21
470.000
31
-303.5426
12
400.000
22
480.000
32
-303.4774
13
390.000
23
480.000
33
-304.1673
0
3DFACE
8
C2
10
400.000
20
470.000
30
-303.5426
11
410.000
21
470.000
31
-302.6100
12
410.000
22
480.000
32
-302.5679
13
400.000
23
480.000
33
-303.4774
0
3DFACE
8
C2
10
410.000
20
470.000
30
-302.6100
11
420.000
21
470.000
31
-300.7272
12
420.000
22
480.000
32
-300.7048
13
410.000
23
480.000
33
-302.5679
0
3DFACE
8
C2
10
420.000
20
470.000
30
-300.7272
11
430.000
21
470.000
31
-299.8349
12
430.000
22
480.000
32
-299.8499
13
420.000
23
480.000
33
-300.7048
0
3DFACE
8
C2
10
430.000
20
470.000
30
-299.8349
11
440.000
21
470.000
31
-299.5666
12
440.000
22
480.000
32
-299.6387
13
430.000
23
480.000
33
-299.8499
0
3DFACE
8
C2
10
440.000
20
470.000
30
-299.5666
11
450.000
21
470.000
31
-298.8288
12
450.000
22
480.000
32
-298.8522
13
440.000
23
480.000
33
-299.6387
0
3DFACE
8
C2
10
450.000
20
470.000
30
-298.8288
11
460.000
21
470.000
31
-297.9024
12
460.000
22
480.000
32
-297.7960
13
450.000
23
480.000
33
-298.8522
0
3DFACE
8
C2
10
460.000
20
470.000
30
-297.9024
11
470.000
21
470.000
31
-296.3287
12
470.000
22
480.000
32
-296.0232
13
460.000
23
480.000
33
-297.7960
0
3DFACE
8
C2
10
470.000
20
470.000
30
-296.3287
11
480.000
21
470.000
31
-295.6221
12
480.000
22
480.000
32
-295.1103
13
470.000
23
480.000
33
-296.0232
0
3DFACE
8
C2
10
480.000
20
470.000
30
-295.6221
11
490.000
21
470.000
31
-296.1509
12
490.000
22
480.000
32
-295.6508
13
480.000
23
480.000
33
-295.1103
0
3DFACE
8
C2
10
490.000
20
470.000
30
-296.1509
11
500.000
21
470.000
31
-296.1164
12
500.000
22
480.000
32
-295.7013
13
490.000
23
480.000
33
-295.6508
0
3DFACE
8
C2
10
500.000
20
470.000
30
-296.1164
11
510.000
21
470.000
31
-296.4305
12
510.000
22
480.000
32
-296.1223
13
500.000
23
480.000
33
-295.7013
0
3DFACE
8
C2
10
510.000
20
470.000
30
-296.4305
11
520.000
21
470.000
31
-297.2613
12
520.000
22
480.000
32
-297.2495
13
510.000
23
480.000
33
-296.1223
0
3DFACE
8
C2
10
520.000
20
470.000
30
-297.2613
11
530.000
21
470.000
31
-297.7096
12
530.000
22
480.000
32
-297.9409
13
520.000
23
480.000
33
-297.2495
0
3DFACE
8
C2
10
530.000
20
470.000
30
-297.7096
11
540.000
21
470.000
31
-298.2894
12
540.000
22
480.000
32
-298.8733
13
530.000
23
480.000
33
-297.9409
0
3DFACE
8
C2
10
540.000
20
470.000
30
-298.2894
11
550.000
21
470.000
31
-298.0625
12
550.000
22
480.000
32
-299.0072
13
540.000
23
480.000
33
-298.8733
0
3DFACE
8
C2
10
550.000
20
470.000
30
-298.0625
11
560.000
21
470.000
31
-298.1271
12
560.000
22
480.000
32
-299.1953
13
550.000
23
480.000
33
-299.0072
0
3DFACE
8
C2
10
560.000
20
470.000
30
-298.1271
11
570.000
21
470.000
31
-298.5189
12
570.000
22
480.000
32
-299.6308
13
560.000
23
480.000
33
-299.1953
0
3DFACE
8
C2
10
570.000
20
470.000
30
-298.5189
11
580.000
21
470.000
31
-297.9028
12
580.000
22
480.000
32
-299.0428
13
570.000
23
480.000
33
-299.6308
0
3DFACE
8
C2
10
580.000
20
470.000
30
-297.9028
11
590.000
21
470.000
31
-296.2642
12
590.000
22
480.000
32
-297.3973
13
580.000
23
480.000
33
-299.0428
0
3DFACE
8
C2
10
590.000
20
470.000
30
-296.2642
11
600.000
21
470.000
31
-295.0487
12
600.000
22
480.000
32
-296.2441
13
590.000
23
480.000
33
-297.3973
0
3DFACE
8
C2
10
600.000
20
470.000
30
-295.0487
11
610.000
21
470.000
31
-294.7914
12
610.000
22
480.000
32
-295.7855
13
600.000
23
480.000
33
-296.2441
0
3DFACE
8
C2
10
610.000
20
470.000
30
-294.7914
11
620.000
21
470.000
31
-295.0815
12
620.000
22
480.000
32
-295.7261
13
610.000
23
480.000
33
-295.7855
0
3DFACE
8
C2
10
620.000
20
470.000
30
-295.0815
11
630.000
21
470.000
31
-294.4004
12
630.000
22
480.000
32
-294.9028
13
620.000
23
480.000
33
-295.7261
0
3DFACE
8
C2
10
630.000
20
470.000
30
-294.4004
11
640.000
21
470.000
31
-292.8797
12
640.000
22
480.000
32
-293.3630
13
630.000
23
480.000
33
-294.9028
0
3DFACE
8
C2
10
640.000
20
470.000
30
-292.8797
11
650.000
21
470.000
31
-292.0064
12
650.000
22
480.000
32
-292.4910
13
640.000
23
480.000
33
-293.3630
0
3DFACE
8
C2
10
650.000
20
470.000
30
-292.0064
11
660.000
21
470.000
31
-291.9865
12
660.000
22
480.000
32
-292.2569
13
650.000
23
480.000
33
-292.4910
0
3DFACE
8
C2
10
660.000
20
470.000
30
-291.9865
11
670.000
21
470.000
31
-292.5753
12
670.000
22
480.000
32
-292.5667
13
660.000
23
480.000
33
-292.2569
0
3DFACE
8
C2
10
670.000
20
470.000
30
-292.5753
11
680.000
21
470.000
31
-292.9026
12
680.000
22
480.000
32
-292.8111
13
670.000
23
480.000
33
-292.5667
0
3DFACE
8
C2
10
680.000
20
470.000
30
-292.9026
11
690.000
21
470.000
31
-292.8395
12
690.000
22
480.000
32
-292.8078
13
680.000
23
480.000
33
-292.8111
0
3DFACE
8
C2
10
690.000
20
470.000
30
-292.8395
11
700.000
21
470.000
31
-293.2033
12
700.000
22
480.000
32
-293.0737
13
690.000
23
480.000
33
-292.8078
0
3DFACE
8
C2
10
0.000
20
480.000
30
-305.7581
11
10.000
21
480.000
31
-305.5205
12
10.000
22
490.000
32
-306.1113
13
0.000
23
490.000
33
-306.3576
0
3DFACE
8
C2
10
10.000
20
480.000
30
-305.5205
11
20.000
21
480.000
31
-305.6883
12
20.000
22
490.000
32
-306.3747
13
10.000
23
490.000
33
-306.1113
0
3DFACE
8
C2
10
20.000
20
480.000
30
-305.6883
11
30.000
21
480.000
31
-305.5245
12
30.000
22
490.000
32
-306.1873
13
20.000
23
490.000
33
-306.3747
0
3DFACE
8
C2
10
30.000
20
480.000
30
-305.5245
11
40.000
21
480.000
31
-305.2056
12
40.000
22
490.000
32
-305.6854
13
30.000
23
490.000
33
-306.1873
0
3DFACE
8
C2
10
40.000
20
480.000
30
-305.2056
11
50.000
21
480.000
31
-305.3743
12
50.000
22
490.000
32
-305.7641
13
40.000
23
490.000
33
-305.6854
0
3DFACE
8
C2
10
50.000
20
480.000
30
-305.3743
11
60.000
21
480.000
31
-306.3085
12
60.000
22
490.000
32
-306.9002
13
50.000
23
490.000
33
-305.7641
0
3DFACE
8
C2
10
60.000
20
480.000
30
-306.3085
11
70.000
21
480.000
31
-307.7501
12
70.000
22
490.000
32
-308.6696
13
60.000
23
490.000
33
-306.9002
0
3DFACE
8
C2
10
70.000
20
480.000
30
-307.7501
11
80.000
21
480.000
31
-308.4988
12
80.000
22
490.000
32
-309.5991
13
70.000
23
490.000
33
-308.6696
0
3DFACE
8
C2
10
80.000
20
480.000
30
-308.4988
11
90.000
21
480.000
31
-308.6176
12
90.000
22
490.000
32
-309.8040
13
80.000
23
490.000
33
-309.5991
0
3DFACE
8
C2
10
90.000
20
480.000
30
-308.6176
11
100.000
21
480.000
31
-309.0471
12
100.000
22
490.000
32
-310.4480
13
90.000
23
490.000
33
-309.8040
0
3DFACE
8
C2
10
100.000
20
480.000
30
-309.0471
11
110.000
21
480.000
31
-309.7370
12
110.000
22
490.000
32
-311.5811
13
100.000
23
490.000
33
-310.4480
0
3DFACE
8
C2
10
110.000
20
480.000
30
-309.7370
11
120.000
21
480.000
31
-310.5720
12
120.000
22
490.000
32
-312.9036
13
110.000
23
490.000
33
-311.5811
0
3DFACE
8
C2
10
120.000
20
480.000
30
-310.5720
11
130.000
21
480.000
31
-310.4873
12
130.000
22
490.000
32
-312.9766
13
120.000
23
490.000
33
-312.9036
0
3DFACE
8
C2
10
130.000
20
480.000
30
-310.4873
11
140.000
21
480.000
31
-309.5627
12
140.000
22
490.000
32
-311.9406
13
130.000
23
490.000
33
-312.9766
0
3DFACE
8
C2
10
140.000
20
480.000
30
-309.5627
11
150.000
21
480.000
31
-308.6948
12
150.000
22
490.000
32
-310.8522
13
140.000
23
490.000
33
-311.9406
0
3DFACE
8
C2
10
150.000
20
480.000
30
-308.6948
11
160.000
21
480.000
31
-307.8056
12
160.000
22
490.000
32
-309.5795
13
150.000
23
490.000
33
-310.8522
0
3DFACE
8
C2
10
160.000
20
480.000
30
-307.8056
11
170.000
21
480.000
31
-306.1337
12
170.000
22
490.000
32
-307.5803
13
160.000
23
490.000
33
-309.5795
0
3DFACE
8
C2
10
170.000
20
480.000
30
-306.1337
11
180.000
21
480.000
31
-305.3176
12
180.000
22
490.000
32
-306.2254
13
170.000
23
490.000
33
-307.5803
0
3DFACE
8
C2
10
180.000
20
480.000
30
-305.3176
11
190.000
21
480.000
31
-304.2094
12
190.000
22
490.000
32
-304.5107
13
180.000
23
490.000
33
-306.2254
0
3DFACE
8
C2
10
190.000
20
480.000
30
-304.2094
11
200.000
21
480.000
31
-303.5657
12
200.000
22
490.000
32
-303.3888
13
190.000
23
490.000
33
-304.5107
0
3DFACE
8
C2
10
200.000
20
480.000
30
-303.5657
11
210.000
21
480.000
31
-303.1639
12
210.000
22
490.000
32
-302.6343
13
200.000
23
490.000
33
-303.3888
0
3DFACE
8
C2
10
210.000
20
480.000
30
-303.1639
11
220.000
21
480.000
31
-302.2457
12
220.000
22
490.000
32
-301.6132
13
210.000
23
490.000
33
-302.6343
0
3DFACE
8
C2
10
220.000
20
480.000
30
-302.2457
11
230.000
21
480.000
31
-302.5595
12
230.000
22
490.000
32
-301.8894
13
220.000
23
490.000
33
-301.6132
0
3DFACE
8
C2
10
230.000
20
480.000
30
-302.5595
11
240.000
21
480.000
31
-303.9231
12
240.000
22
490.000
32
-303.1836
13
230.000
23
490.000
33
-301.8894
0
3DFACE
8
C2
10
240.000
20
480.000
30
-303.9231
11
250.000
21
480.000
31
-304.4817
12
250.000
22
490.000
32
-303.8489
13
240.000
23
490.000
33
-303.1836
0
3DFACE
8
C2
10
250.000
20
480.000
30
-304.4817
11
260.000
21
480.000
31
-305.0124
12
260.000
22
490.000
32
-304.5170
13
250.000
23
490.000
33
-303.8489
0
3DFACE
8
C2
10
260.000
20
480.000
30
-305.0124
11
270.000
21
480.000
31
-305.0616
12
270.000
22
490.000
32
-304.7326
13
260.000
23
490.000
33
-304.5170
0
3DFACE
8
C2
10
270.000
20
480.000
30
-305.0616
11
280.000
21
480.000
31
-305.6090
12
280.000
22
490.000
32
-305.4073
13
270.000
23
490.000
33
-304.7326
0
3DFACE
8
C2
10
280.000
20
480.000
30
-305.6090
11
290.000
21
480.000
31
-306.9901
12
290.000
22
490.000
32
-306.7525
13
280.000
23
490.000
33
-305.4073
0
3DFACE
8
C2
10
290.000
20
480.000
30
-306.9901
11
300.000
21
480.000
31
-307.3234
12
300.000
22
490.000
32
-307.1232
13
290.000
23
490.000
33
-306.7525
0
3DFACE
8
C2
10
300.000
20
480.000
30
-307.3234
11
310.000
21
480.000
31
-307.3196
12
310.000
22
490.000
32
-307.1084
13
300.000
23
490.000
33
-307.1232
0
3DFACE
8
C2
10
310.000
20
480.000
30
-307.3196
11
320.000
21
480.000
31
-306.5491
12
320.000
22
490.000
32
-306.3886
13
310.000
23
490.000
33
-307.1084
0
3DFACE
8
C2
10
320.000
20
480.000
30
-306.5491
11
330.000
21
480.000
31
-306.2469
12
330.000
22
490.000
32
-305.9806
13
320.000
23
490.000
33
-306.3886
0
3DFACE
8
C2
10
330.000
20
480.000
30
-306.2469
11
340.000
21
480.000
31
-306.4182
12
340.000
22
490.000
32
-305.9832
13
330.000
23
490.000
33
-305.9806
0
3DFACE
8
C2
10
340.000
20
480.000
30
-306.4182
11
350.000
21
480.000
31
-306.0937
12
350.000
22
490.000
32
-305.4952
13
340.000
23
490.000
33
-305.9832
0
3DFACE
8
C2
10
350.000
20
480.000
30
-306.0937
11
360.000
21
480.000
31
-305.7136
12
360.000
22
490.000
32
-304.9651
13
350.000
23
490.000
33
-305.4952
0
3DFACE
8
C2
10
360.000
20
480.000
30
-305.7136
11
370.000
21
480.000
31
-304.7112
12
370.000
22
490.000
32
-303.9685
13
360.000
23
490.000
33
-304.9651
0
3DFACE
8
C2
10
370.000
20
480.000
30
-304.7112
11
380.000
21
480.000
31
-304.1774
12
380.000
22
490.000
32
-303.3733
13
370.000
23
490.000
33
-303.9685
0
3DFACE
8
C2
10
380.000
20
480.000
30
-304.1774
11
390.000
21
480.000
31
-304.1673
12
390.000
22
490.000
32
-303.2003
13
380.000
23
490.000
33
-303.3733
0
3DFACE
8
C2
10
390.000
20
480.000
30
-304.1673
11
400.000
21
480.000
31
-303.4774
12
400.000
22
490.000
32
-302.4642
13
390.000
23
490.000
33
-303.2003
0
3DFACE
8
C2
10
400.000
20
480.000
30
-303.4774
11
410.000
21
480.000
31
-302.5679
12
410.000
22
490.000
32
-301.5334
13
400.000
23
490.000
33
-302.4642
0
3DFACE
8
C2
10
410.000
20
480.000
30
-302.5679
11
420.000
21
480.000
31
-300.7048
12
420.000
22
490.000
32
-299.8527
13
410.000
23
490.000
33
-301.5334
0
3DFACE
8
C2
10
420.000
20
480.000
30
-300.7048
11
430.000
21
480.000
31
-299.8499
12
430.000
22
490.000
32
-299.0132
13
420.000
23
490.000
33
-299.8527
0
3DFACE
8
C2
10
430.000
20
480.000
30
-299.8499
11
440.000
21
480.000
31
-299.6387
12
440.000
22
490.000
32
-298.6413
13
430.000
23
490.000
33
-299.0132
0
3DFACE
8
C2
10
440.000
20
480.000
30
-299.6387
11
450.000
21
480.000
31
-298.8522
12
450.000
22
490.000
32
-297.7410
13
440.000
23
490.000
33
-298.6413
0
3DFACE
8
C2
10
450.000
20
480.000
30
-298.8522
11
460.000
21
480.000
31
-297.7960
12
460.000
22
490.000
32
-296.5423
13
450.000
23
490.000
33
-297.7410
0
3DFACE
8
C2
10
460.000
20
480.000
30
-297.7960
11
470.000
21
480.000
31
-296.0232
12
470.000
22
490.000
32
-294.5437
13
460.000
23
490.000
33
-296.5423
0
3DFACE
8
C2
10
470.000
20
480.000
30
-296.0232
11
480.000
21
480.000
31
-295.1103
12
480.000
22
490.000
32
-293.5440
13
470.000
23
490.000
33
-294.5437
0
3DFACE
8
C2
10
480.000
20
480.000
30
-295.1103
11
490.000
21
480.000
31
-295.6508
12
490.000
22
490.000
32
-294.0254
13
480.000
23
490.000
33
-293.5440
0
3DFACE
8
C2
10
490.000
20
480.000
30
-295.6508
11
500.000
21
480.000
31
-295.7013
12
500.000
22
490.000
32
-294.4228
13
490.000
23
490.000
33
-294.0254
0
3DFACE
8
C2
10
500.000
20
480.000
30
-295.7013
11
510.000
21
480.000
31
-296.1223
12
510.000
22
490.000
32
-295.2614
13
500.000
23
490.000
33
-294.4228
0
3DFACE
8
C2
10
510.000
20
480.000
30
-296.1223
11
520.000
21
480.000
31
-297.2495
12
520.000
22
490.000
32
-296.9606
13
510.000
23
490.000
33
-295.2614
0
3DFACE
8
C2
10
520.000
20
480.000
30
-297.2495
11
530.000
21
480.000
31
-297.9409
12
530.000
22
490.000
32
-298.1537
13
520.000
23
490.000
33
-296.9606
0
3DFACE
8
C2
10
530.000
20
480.000
30
-297.9409
11
540.000
21
480.000
31
-298.8733
12
540.000
22
490.000
32
-299.6913
13
530.000
23
490.000
33
-298.1537
0
3DFACE
8
C2
10
540.000
20
480.000
30
-298.8733
11
550.000
21
480.000
31
-299.0072
12
550.000
22
490.000
32
-300.4176
13
540.000
23
490.000
33
-299.6913
0
3DFACE
8
C2
10
550.000
20
480.000
30
-299.0072
11
560.000
21
480.000
31
-299.1953
12
560.000
22
490.000
32
-301.0223
13
550.000
23
490.000
33
-300.4176
0
3DFACE
8
C2
10
560.000
20
480.000
30
-299.1953
11
570.000
21
480.000
31
-299.6308
12
570.000
22
490.000
32
-301.7470
13
560.000
23
490.000
33
-301.0223
0
3DFACE
8
C2
10
570.000
20
480.000
30
-299.6308
11
580.000
21
480.000
31
-299.0428
12
580.000
22
490.000
32
-301.3479
13
570.000
23
490.000
33
-301.7470
0
3DFACE
8
C2
10
580.000
20
480.000
30
-299.0428
11
590.000
21
480.000
31
-297.3973
12
590.000
22
490.000
32
-299.7833
13
580.000
23
490.000
33
-301.3479
0
3DFACE
8
C2
10
590.000
20
480.000
30
-297.3973
11
600.000
21
480.000
31
-296.2441
12
600.000
22
490.000
32
-298.7564
13
590.000
23
490.000
33
-299.7833
0
3DFACE
8
C2
10
600.000
20
480.000
30
-296.2441
11
610.000
21
480.000
31
-295.7855
12
610.000
22
490.000
32
-298.2784
13
600.000
23
490.000
33
-298.7564
0
3DFACE
8
C2
10
610.000
20
480.000
30
-295.7855
11
620.000
21
480.000
31
-295.7261
12
620.000
22
490.000
32
-298.0543
13
610.000
23
490.000
33
-298.2784
0
3DFACE
8
C2
10
620.000
20
480.000
30
-295.7261
11
630.000
21
480.000
31
-294.9028
12
630.000
22
490.000
32
-297.0366
13
620.000
23
490.000
33
-298.0543
0
3DFACE
8
C2
10
630.000
20
480.000
30
-294.9028
11
640.000
21
480.000
31
-293.3630
12
640.000
22
490.000
32
-295.2165
13
630.000
23
490.000
33
-297.0366
0
3DFACE
8
C2
10
640.000
20
480.000
30
-293.3630
11
650.000
21
480.000
31
-292.4910
12
650.000
22
490.000
32
-294.1235
13
640.000
23
490.000
33
-295.2165
0
3DFACE
8
C2
10
650.000
20
480.000
30
-292.4910
11
660.000
21
480.000
31
-292.2569
12
660.000
22
490.000
32
-293.5679
13
650.000
23
490.000
33
-294.1235
0
3DFACE
8
C2
10
660.000
20
480.000
30
-292.2569
11
670.000
21
480.000
31
-292.5667
12
670.000
22
490.000
32
-293.5020
13
660.000
23
490.000
33
-293.5679
0
3DFACE
8
C2
10
670.000
20
480.000
30
-292.5667
11
680.000
21
480.000
31
-292.8111
12
680.000
22
490.000
32
-293.5019
13
670.000
23
490.000
33
-293.5020
0
3DFACE
8
C2
10
680.000
20
480.000
30
-292.8111
11
690.000
21
480.000
31
-292.8078
12
690.000
22
490.000
32
-293.2795
13
680.000
23
490.000
33
-293.5019
0
3DFACE
8
C2
10
690.000
20
480.000
30
-292.8078
11
700.000
21
480.000
31
-293.0737
12
700.000
22
490.000
32
-293.3315
13
690.000
23
490.000
33
-293.2795
0
3DFACE
8
C2
10
0.000
20
490.000
30
-306.3576
11
10.000
21
490.000
31
-306.1113
12
10.000
22
500.000
32
-306.0566
13
0.000
23
500.000
33
-306.3234
0
3DFACE
8
C2
10
10.000
20
490.000
30
-306.1113
11
20.000
21
490.000
31
-306.3747
12
20.000
22
500.000
32
-306.4140
13
10.000
23
500.000
33
-306.0566
0
3DFACE
8
C2
10
20.000
20
490.000
30
-306.3747
11
30.000
21
490.000
31
-306.1873
12
30.000
22
500.000
32
-306.1594
13
20.000
23
500.000
33
-306.4140
0
3DFACE
8
C2
10
30.000
20
490.000
30
-306.1873
11
40.000
21
490.000
31
-305.6854
12
40.000
22
500.000
32
-305.4678
13
30.000
23
500.000
33
-306.1594
0
3DFACE
8
C2
10
40.000
20
490.000
30
-305.6854
11
50.000
21
490.000
31
-305.7641
12
50.000
22
500.000
32
-305.4621
13
40.000
23
500.000
33
-305.4678
0
3DFACE
8
C2
10
50.000
20
490.000
30
-305.7641
11
60.000
21
490.000
31
-306.9002
12
60.000
22
500.000
32
-306.7428
13
50.000
23
500.000
33
-305.4621
0
3DFACE
8
C2
10
60.000
20
490.000
30
-306.9002
11
70.000
21
490.000
31
-308.6696
12
70.000
22
500.000
32
-308.9177
13
60.000
23
500.000
33
-306.7428
0
3DFACE
8
C2
10
70.000
20
490.000
30
-308.6696
11
80.000
21
490.000
31
-309.5991
12
80.000
22
500.000
32
-309.9910
13
70.000
23
500.000
33
-308.9177
0
3DFACE
8
C2
10
80.000
20
490.000
30
-309.5991
11
90.000
21
490.000
31
-309.8040
12
90.000
22
500.000
32
-310.2676
13
80.000
23
500.000
33
-309.9910
0
3DFACE
8
C2
10
90.000
20
490.000
30
-309.8040
11
100.000
21
490.000
31
-310.4480
12
100.000
22
500.000
32
-311.1614
13
90.000
23
500.000
33
-310.2676
0
3DFACE
8
C2
10
100.000
20
490.000
30
-310.4480
11
110.000
21
490.000
31
-311.5811
12
110.000
22
500.000
32
-312.6463
13
100.000
23
500.000
33
-311.1614
0
3DFACE
8
C2
10
110.000
20
490.000
30
-311.5811
11
120.000
21
490.000
31
-312.9036
12
120.000
22
500.000
32
-314.4638
13
110.000
23
500.000
33
-312.6463
0
3DFACE
8
C2
10
120.000
20
490.000
30
-312.9036
11
130.000
21
490.000
31
-312.9766
12
130.000
22
500.000
32
-314.6493
13
120.000
23
500.000
33
-314.4638
0
3DFACE
8
C2
10
130.000
20
490.000
30
-312.9766
11
140.000
21
490.000
31
-311.9406
12
140.000
22
500.000
32
-313.3708
13
130.000
23
500.000
33
-314.6493
0
3DFACE
8
C2
10
140.000
20
490.000
30
-311.9406
11
150.000
21
490.000
31
-310.8522
12
150.000
22
500.000
32
-312.1547
13
140.000
23
500.000
33
-313.3708
0
3DFACE
8
C2
10
150.000
20
490.000
30
-310.8522
11
160.000
21
490.000
31
-309.5795
12
160.000
22
500.000
32
-310.6196
13
150.000
23
500.000
33
-312.1547
0
3DFACE
8
C2
10
160.000
20
490.000
30
-309.5795
11
170.000
21
490.000
31
-307.5803
12
170.000
22
500.000
32
-308.3993
13
160.000
23
500.000
33
-310.6196
0
3DFACE
8
C2
10
170.000
20
490.000
30
-307.5803
11
180.000
21
490.000
31
-306.2254
12
180.000
22
500.000
32
-306.7152
13
170.000
23
500.000
33
-308.3993
0
3DFACE
8
C2
10
180.000
20
490.000
30
-306.2254
11
190.000
21
490.000
31
-304.5107
12
190.000
22
500.000
32
-304.4801
13
180.000
23
500.000
33
-306.7152
0
3DFACE
8
C2
10
190.000
20
490.000
30
-304.5107
11
200.000
21
490.000
31
-303.3888
12
200.000
22
500.000
32
-303.0393
13
190.000
23
500.000
33
-304.4801
0
3DFACE
8
C2
10
200.000
20
490.000
30
-303.3888
11
210.000
21
490.000
31
-302.6343
12
210.000
22
500.000
32
-302.0609
13
200.000
23
500.000
33
-303.0393
0
3DFACE
8
C2
10
210.000
20
490.000
30
-302.6343
11
220.000
21
490.000
31
-301.6132
12
220.000
22
500.000
32
-300.9908
13
210.000
23
500.000
33
-302.0609
0
3DFACE
8
C2
10
220.000
20
490.000
30
-301.6132
11
230.000
21
490.000
31
-301.8894
12
230.000
22
500.000
32
-301.2493
13
220.000
23
500.000
33
-300.9908
0
3DFACE
8
C2
10
230.000
20
490.000
30
-301.8894
11
240.000
21
490.000
31
-303.1836
12
240.000
22
500.000
32
-302.4665
13
230.000
23
500.000
33
-301.2493
0
3DFACE
8
C2
10
240.000
20
490.000
30
-303.1836
11
250.000
21
490.000
31
-303.8489
12
250.000
22
500.000
32
-303.1865
13
240.000
23
500.000
33
-302.4665
0
3DFACE
8
C2
10
250.000
20
490.000
30
-303.8489
11
260.000
21
490.000
31
-304.5170
12
260.000
22
500.000
32
-303.9516
13
250.000
23
500.000
33
-303.1865
0
3DFACE
8
C2
10
260.000
20
490.000
30
-304.5170
11
270.000
21
490.000
31
-304.7326
12
270.000
22
500.000
32
-304.3737
13
260.000
23
500.000
33
-303.9516
0
3DFACE
8
C2
10
270.000
20
490.000
30
-304.7326
11
280.000
21
490.000
31
-305.4073
12
280.000
22
500.000
32
-305.1147
13
270.000
23
500.000
33
-304.3737
0
3DFACE
8
C2
10
280.000
20
490.000
30
-305.4073
11
290.000
21
490.000
31
-306.7525
12
290.000
22
500.000
32
-306.3979
13
280.000
23
500.000
33
-305.1147
0
3DFACE
8
C2
10
290.000
20
490.000
30
-306.7525
11
300.000
21
490.000
31
-307.1232
12
300.000
22
500.000
32
-306.7648
13
290.000
23
500.000
33
-306.3979
0
3DFACE
8
C2
10
300.000
20
490.000
30
-307.1232
11
310.000
21
490.000
31
-307.1084
12
310.000
22
500.000
32
-306.7505
13
300.000
23
500.000
33
-306.7648
0
3DFACE
8
C2
10
310.000
20
490.000
30
-307.1084
11
320.000
21
490.000
31
-306.3886
12
320.000
22
500.000
32
-306.1047
13
310.000
23
500.000
33
-306.7505
0
3DFACE
8
C2
10
320.000
20
490.000
30
-306.3886
11
330.000
21
490.000
31
-305.9806
12
330.000
22
500.000
32
-305.6344
13
320.000
23
500.000
33
-306.1047
0
3DFACE
8
C2
10
330.000
20
490.000
30
-305.9806
11
340.000
21
490.000
31
-305.9832
12
340.000
22
500.000
32
-305.4256
13
330.000
23
500.000
33
-305.6344
0
3DFACE
8
C2
10
340.000
20
490.000
30
-305.9832
11
350.000
21
490.000
31
-305.4952
12
350.000
22
500.000
32
-304.8228
13
340.000
23
500.000
33
-305.4256
0
3DFACE
8
C2
10
350.000
20
490.000
30
-305.4952
11
360.000
21
490.000
31
-304.9651
12
360.000
22
500.000
32
-304.1819
13
350.000
23
500.000
33
-304.8228
0
3DFACE
8
C2
10
360.000
20
490.000
30
-304.9651
11
370.000
21
490.000
31
-303.9685
12
370.000
22
500.000
32
-303.0904
13
360.000
23
500.000
33
-304.1819
0
3DFACE
8
C2
10
370.000
20
490.000
30
-303.9685
11
380.000
21
490.000
31
-303.3733
12
380.000
22
500.000
32
-302.4435
13
370.000
23
500.000
33
-303.0904
0
3DFACE
8
C2
10
380.000
20
490.000
30
-303.3733
11
390.000
21
490.000
31
-303.2003
12
390.000
22
500.000
32
-302.1437
13
380.000
23
500.000
33
-302.4435
0
3DFACE
8
C2
10
390.000
20
490.000
30
-303.2003
11
400.000
21
490.000
31
-302.4642
12
400.000
22
500.000
32
-301.4196
13
390.000
23
500.000
33
-302.1437
0
3DFACE
8
C2
10
400.000
20
490.000
30
-302.4642
11
410.000
21
490.000
31
-301.5334
12
410.000
22
500.000
32
-300.5741
13
400.000
23
500.000
33
-301.4196
0
3DFACE
8
C2
10
410.000
20
490.000
30
-301.5334
11
420.000
21
490.000
31
-299.8527
12
420.000
22
500.000
32
-299.0839
13
410.000
23
500.000
33
-300.5741
0
3DFACE
8
C2
10
420.000
20
490.000
30
-299.8527
11
430.000
21
490.000
31
-299.0132
12
430.000
22
500.000
32
-298.3763
13
420.000
23
500.000
33
-299.0839
0
3DFACE
8
C2
10
430.000
20
490.000
30
-299.0132
11
440.000
21
490.000
31
-298.6413
12
440.000
22
500.000
32
-298.0745
13
430.000
23
500.000
33
-298.3763
0
3DFACE
8
C2
10
440.000
20
490.000
30
-298.6413
11
450.000
21
490.000
31
-297.7410
12
450.000
22
500.000
32
-297.1979
13
440.000
23
500.000
33
-298.0745
0
3DFACE
8
C2
10
450.000
20
490.000
30
-297.7410
11
460.000
21
490.000
31
-296.5423
12
460.000
22
500.000
32
-296.0432
13
450.000
23
500.000
33
-297.1979
0
3DFACE
8
C2
10
460.000
20
490.000
30
-296.5423
11
470.000
21
490.000
31
-294.5437
12
470.000
22
500.000
32
-294.1509
13
460.000
23
500.000
33
-296.0432
0
3DFACE
8
C2
10
470.000
20
490.000
30
-294.5437
11
480.000
21
490.000
31
-293.5440
12
480.000
22
500.000
32
-293.2649
13
470.000
23
500.000
33
-294.1509
0
3DFACE
8
C2
10
480.000
20
490.000
30
-293.5440
11
490.000
21
490.000
31
-294.0254
12
490.000
22
500.000
32
-293.8965
13
480.000
23
500.000
33
-293.2649
0
3DFACE
8
C2
10
490.000
20
490.000
30
-294.0254
11
500.000
21
490.000
31
-294.4228
12
500.000
22
500.000
32
-294.4883
13
490.000
23
500.000
33
-293.8965
0
3DFACE
8
C2
10
500.000
20
490.000
30
-294.4228
11
510.000
21
490.000
31
-295.2614
12
510.000
22
500.000
32
-295.5297
13
500.000
23
500.000
33
-294.4883
0
3DFACE
8
C2
10
510.000
20
490.000
30
-295.2614
11
520.000
21
490.000
31
-296.9606
12
520.000
22
500.000
32
-297.2718
13
510.000
23
500.000
33
-295.5297
0
3DFACE
8
C2
10
520.000
20
490.000
30
-296.9606
11
530.000
21
490.000
31
-298.1537
12
530.000
22
500.000
32
-298.6927
13
520.000
23
500.000
33
-297.2718
0
3DFACE
8
C2
10
530.000
20
490.000
30
-298.1537
11
540.000
21
490.000
31
-299.6913
12
540.000
22
500.000
32
-300.5036
13
530.000
23
500.000
33
-298.6927
0
3DFACE
8
C2
10
540.000
20
490.000
30
-299.6913
11
550.000
21
490.000
31
-300.4176
12
550.000
22
500.000
32
-301.4972
13
540.000
23
500.000
33
-300.5036
0
3DFACE
8
C2
10
550.000
20
490.000
30
-300.4176
11
560.000
21
490.000
31
-301.0223
12
560.000
22
500.000
32
-302.2166
13
550.000
23
500.000
33
-301.4972
0
3DFACE
8
C2
10
560.000
20
490.000
30
-301.0223
11
570.000
21
490.000
31
-301.7470
12
570.000
22
500.000
32
-302.9525
13
560.000
23
500.000
33
-302.2166
0
3DFACE
8
C2
10
570.000
20
490.000
30
-301.7470
11
580.000
21
490.000
31
-301.3479
12
580.000
22
500.000
32
-302.7830
13
570.000
23
500.000
33
-302.9525
0
3DFACE
8
C2
10
580.000
20
490.000
30
-301.3479
11
590.000
21
490.000
31
-299.7833
12
590.000
22
500.000
32
-301.7168
13
580.000
23
500.000
33
-302.7830
0
3DFACE
8
C2
10
590.000
20
490.000
30
-299.7833
11
600.000
21
490.000
31
-298.7564
12
600.000
22
500.000
32
-300.9816
13
590.000
23
500.000
33
-301.7168
0
3DFACE
8
C2
10
600.000
20
490.000
30
-298.7564
11
610.000
21
490.000
31
-298.2784
12
610.000
22
500.000
32
-300.4956
13
600.000
23
500.000
33
-300.9816
0
3DFACE
8
C2
10
610.000
20
490.000
30
-298.2784
11
620.000
21
490.000
31
-298.0543
12
620.000
22
500.000
32
-299.8588
13
610.000
23
500.000
33
-300.4956
0
3DFACE
8
C2
10
620.000
20
490.000
30
-298.0543
11
630.000
21
490.000
31
-297.0366
12
630.000
22
500.000
32
-298.7949
13
620.000
23
500.000
33
-299.8588
0
3DFACE
8
C2
10
630.000
20
490.000
30
-297.0366
11
640.000
21
490.000
31
-295.2165
12
640.000
22
500.000
32
-297.0749
13
630.000
23
500.000
33
-298.7949
0
3DFACE
8
C2
10
640.000
20
490.000
30
-295.2165
11
650.000
21
490.000
31
-294.1235
12
650.000
22
500.000
32
-295.9040
13
640.000
23
500.000
33
-297.0749
0
3DFACE
8
C2
10
650.000
20
490.000
30
-294.1235
11
660.000
21
490.000
31
-293.5679
12
660.000
22
500.000
32
-295.1411
13
650.000
23
500.000
33
-295.9040
0
3DFACE
8
C2
10
660.000
20
490.000
30
-293.5679
11
670.000
21
490.000
31
-293.5020
12
670.000
22
500.000
32
-294.6085
13
660.000
23
500.000
33
-295.1411
0
3DFACE
8
C2
10
670.000
20
490.000
30
-293.5020
11
680.000
21
490.000
31
-293.5019
12
680.000
22
500.000
32
-294.3067
13
670.000
23
500.000
33
-294.6085
0
3DFACE
8
C2
10
680.000
20
490.000
30
-293.5019
11
690.000
21
490.000
31
-293.2795
12
690.000
22
500.000
32
-294.1524
13
680.000
23
500.000
33
-294.3067
0
3DFACE
8
C2
10
690.000
20
490.000
30
-293.2795
11
700.000
21
490.000
31
-293.3315
12
700.000
22
500.000
32
-293.9407
13
690.000
23
500.000
33
-294.1524
0
3DFACE
8
C2
10
0.000
20
500.000
30
-306.3234
11
10.000
21
500.000
31
-306.0566
12
10.000
22
510.000
32
-305.8092
13
0.000
23
510.000
33
-306.1648
0
3DFACE
8
C2
10
10.000
20
500.000
30
-306.0566
11
20.000
21
500.000
31
-306.4140
12
20.000
22
510.000
32
-306.2846
13
10.000
23
510.000
33
-305.8092
0
3DFACE
8
C2
10
20.000
20
500.000
30
-306.4140
11
30.000
21
500.000
31
-306.1594
12
30.000
22
510.000
32
-305.8877
13
20.000
23
510.000
33
-306.2846
0
3DFACE
8
C2
10
30.000
20
500.000
30
-306.1594
11
40.000
21
500.000
31
-305.4678
12
40.000
22
510.000
32
-304.9253
13
30.000
23
510.000
33
-305.8877
0
3DFACE
8
C2
10
40.000
20
500.000
30
-305.4678
11
50.000
21
500.000
31
-305.4621
12
50.000
22
510.000
32
-304.8277
13
40.000
23
510.000
33
-304.9253
0
3DFACE
8
C2
10
50.000
20
500.000
30
-305.4621
11
60.000
21
500.000
31
-306.7428
12
60.000
22
510.000
32
-306.1513
13
50.000
23
510.000
33
-304.8277
0
3DFACE
8
C2
10
60.000
20
500.000
30
-306.7428
11
70.000
21
500.000
31
-308.9177
12
70.000
22
510.000
32
-308.8533
13
60.000
23
510.000
33
-306.1513
0
3DFACE
8
C2
10
70.000
20
500.000
30
-308.9177
11
80.000
21
500.000
31
-309.9910
12
80.000
22
510.000
32
-309.8729
13
70.000
23
510.000
33
-308.8533
0
3DFACE
8
C2
10
80.000
20
500.000
30
-309.9910
11
90.000
21
500.000
31
-310.2676
12
90.000
22
510.000
32
-309.8402
13
80.000
23
510.000
33
-309.8729
0
3DFACE
8
C2
10
90.000
20
500.000
30
-310.2676
11
100.000
21
500.000
31
-311.1614
12
100.000
22
510.000
32
-310.7021
13
90.000
23
510.000
33
-309.8402
0
3DFACE
8
C2
10
100.000
20
500.000
30
-311.1614
11
110.000
21
500.000
31
-312.6463
12
110.000
22
510.000
32
-312.3643
13
100.000
23
510.000
33
-310.7021
0
3DFACE
8
C2
10
110.000
20
500.000
30
-312.6463
11
120.000
21
500.000
31
-314.4638
12
120.000
22
510.000
32
-314.8531
13
110.000
23
510.000
33
-312.3643
0
3DFACE
8
C2
10
120.000
20
500.000
30
-314.4638
11
130.000
21
500.000
31
-314.6493
12
130.000
22
510.000
32
-315.0984
13
120.000
23
510.000
33
-314.8531
0
3DFACE
8
C2
10
130.000
20
500.000
30
-314.6493
11
140.000
21
500.000
31
-313.3708
12
140.000
22
510.000
32
-313.2548
13
130.000
23
510.000
33
-315.0984
0
3DFACE
8
C2
10
140.000
20
500.000
30
-313.3708
11
150.000
21
500.000
31
-312.1547
12
150.000
22
510.000
32
-311.9276
13
140.000
23
510.000
33
-313.2548
0
3DFACE
8
C2
10
150.000
20
500.000
30
-312.1547
11
160.000
21
500.000
31
-310.6196
12
160.000
22
510.000
32
-310.3584
13
150.000
23
510.000
33
-311.9276
0
3DFACE
8
C2
10
160.000
20
500.000
30
-310.6196
11
170.000
21
500.000
31
-308.3993
12
170.000
22
510.000
32
-308.2675
13
160.000
23
510.000
33
-310.3584
0
3DFACE
8
C2
10
170.000
20
500.000
30
-308.3993
11
180.000
21
500.000
31
-306.7152
12
180.000
22
510.000
32
-306.5184
13
170.000
23
510.000
33
-308.2675
0
3DFACE
8
C2
10
180.000
20
500.000
30
-306.7152
11
190.000
21
500.000
31
-304.4801
12
190.000
22
510.000
32
-303.6787
13
180.000
23
510.000
33
-306.5184
0
3DFACE
8
C2
10
190.000
20
500.000
30
-304.4801
11
200.000
21
500.000
31
-303.0393
12
200.000
22
510.000
32
-302.1328
13
190.000
23
510.000
33
-303.6787
0
3DFACE
8
C2
10
200.000
20
500.000
30
-303.0393
11
210.000
21
500.000
31
-302.0609
12
210.000
22
510.000
32
-301.2015
13
200.000
23
510.000
33
-302.1328
0
3DFACE
8
C2
10
210.000
20
500.000
30
-302.0609
11
220.000
21
500.000
31
-300.9908
12
220.000
22
510.000
32
-300.3402
13
210.000
23
510.000
33
-301.2015
0
3DFACE
8
C2
10
220.000
20
500.000
30
-300.9908
11
230.000
21
500.000
31
-301.2493
12
230.000
22
510.000
32
-300.7144
13
220.000
23
510.000
33
-300.3402
0
3DFACE
8
C2
10
230.000
20
500.000
30
-301.2493
11
240.000
21
500.000
31
-302.4665
12
240.000
22
510.000
32
-301.8718
13
230.000
23
510.000
33
-300.7144
0
3DFACE
8
C2
10
240.000
20
500.000
30
-302.4665
11
250.000
21
500.000
31
-303.1865
12
250.000
22
510.000
32
-302.6485
13
240.000
23
510.000
33
-301.8718
0
3DFACE
8
C2
10
250.000
20
500.000
30
-303.1865
11
260.000
21
500.000
31
-303.9516
12
260.000
22
510.000
32
-303.4943
13
250.000
23
510.000
33
-302.6485
0
3DFACE
8
C2
10
260.000
20
500.000
30
-303.9516
11
270.000
21
500.000
31
-304.3737
12
270.000
22
510.000
32
-304.0789
13
260.000
23
510.000
33
-303.4943
0
3DFACE
8
C2
10
270.000
20
500.000
30
-304.3737
11
280.000
21
500.000
31
-305.1147
12
280.000
22
510.000
32
-304.8555
13
270.000
23
510.000
33
-304.0789
0
3DFACE
8
C2
10
280.000
20
500.000
30
-305.1147
11
290.000
21
500.000
31
-306.3979
12
290.000
22
510.000
32
-306.0391
13
280.000
23
510.000
33
-304.8555
0
3DFACE
8
C2
10
290.000
20
500.000
30
-306.3979
11
300.000
21
500.000
31
-306.7648
12
300.000
22
510.000
32
-306.3681
13
290.000
23
510.000
33
-306.0391
0
3DFACE
8
C2
10
300.000
20
500.000
30
-306.7648
11
310.000
21
500.000
31
-306.7505
12
310.000
22
510.000
32
-306.3060
13
300.000
23
510.000
33
-306.3681
0
3DFACE
8
C2
10
310.000
20
500.000
30
-306.7505
11
320.000
21
500.000
31
-306.1047
12
320.000
22
510.000
32
-305.7169
13
310.000
23
510.000
33
-306.3060
0
3DFACE
8
C2
10
320.000
20
500.000
30
-306.1047
11
330.000
21
500.000
31
-305.6344
12
330.000
22
510.000
32
-305.1867
13
320.000
23
510.000
33
-305.7169
0
3DFACE
8
C2
10
330.000
20
500.000
30
-305.6344
11
340.000
21
500.000
31
-305.4256
12
340.000
22
510.000
32
-304.8108
13
330.000
23
510.000
33
-305.1867
0
3DFACE
8
C2
10
340.000
20
500.000
30
-305.4256
11
350.000
21
500.000
31
-304.8228
12
350.000
22
510.000
32
-304.1136
13
340.000
23
510.000
33
-304.8108
0
3DFACE
8
C2
10
350.000
20
500.000
30
-304.8228
11
360.000
21
500.000
31
-304.1819
12
360.000
22
510.000
32
-303.3753
13
350.000
23
510.000
33
-304.1136
0
3DFACE
8
C2
10
360.000
20
500.000
30
-304.1819
11
370.000
21
500.000
31
-303.0904
12
370.000
22
510.000
32
-302.1769
13
360.000
23
510.000
33
-303.3753
0
3DFACE
8
C2
10
370.000
20
500.000
30
-303.0904
11
380.000
21
500.000
31
-302.4435
12
380.000
22
510.000
32
-301.5576
13
370.000
23
510.000
33
-302.1769
0
3DFACE
8
C2
10
380.000
20
500.000
30
-302.4435
11
390.000
21
500.000
31
-302.1437
12
390.000
22
510.000
32
-301.2638
13
380.000
23
510.000
33
-301.5576
0
3DFACE
8
C2
10
390.000
20
500.000
30
-302.1437
11
400.000
21
500.000
31
-301.4196
12
400.000
22
510.000
32
-300.6811
13
390.000
23
510.000
33
-301.2638
0
3DFACE
8
C2
10
400.000
20
500.000
30
-301.4196
11
410.000
21
500.000
31
-300.5741
12
410.000
22
510.000
32
-300.0116
13
400.000
23
510.000
33
-300.6811
0
3DFACE
8
C2
10
410.000
20
500.000
30
-300.5741
11
420.000
21
500.000
31
-299.0839
12
420.000
22
510.000
32
-298.7237
13
410.000
23
510.000
33
-300.0116
0
3DFACE
8
C2
10
420.000
20
500.000
30
-299.0839
11
430.000
21
500.000
31
-298.3763
12
430.000
22
510.000
32
-298.3525
13
420.000
23
510.000
33
-298.7237
0
3DFACE
8
C2
10
430.000
20
500.000
30
-298.3763
11
440.000
21
500.000
31
-298.0745
12
440.000
22
510.000
32
-298.4521
13
430.000
23
510.000
33
-298.3525
0
3DFACE
8
C2
10
440.000
20
500.000
30
-298.0745
11
450.000
21
500.000
31
-297.1979
12
450.000
22
510.000
32
-297.8472
13
440.000
23
510.000
33
-298.4521
0
3DFACE
8
C2
10
450.000
20
500.000
30
-297.1979
11
460.000
21
500.000
31
-296.0432
12
460.000
22
510.000
32
-296.8417
13
450.000
23
510.000
33
-297.8472
0
3DFACE
8
C2
10
460.000
20
500.000
30
-296.0432
11
470.000
21
500.000
31
-294.1509
12
470.000
22
510.000
32
-294.9314
13
460.000
23
510.000
33
-296.8417
0
3DFACE
8
C2
10
470.000
20
500.000
30
-294.1509
11
480.000
21
500.000
31
-293.2649
12
480.000
22
510.000
32
-294.2143
13
470.000
23
510.000
33
-294.9314
0
3DFACE
8
C2
10
480.000
20
500.000
30
-293.2649
11
490.000
21
500.000
31
-293.8965
12
490.000
22
510.000
32
-295.0533
13
480.000
23
510.000
33
-294.2143
0
3DFACE
8
C2
10
490.000
20
500.000
30
-293.8965
11
500.000
21
500.000
31
-294.4883
12
500.000
22
510.000
32
-295.7313
13
490.000
23
510.000
33
-295.0533
0
3DFACE
8
C2
10
500.000
20
500.000
30
-294.4883
11
510.000
21
500.000
31
-295.5297
12
510.000
22
510.000
32
-296.6259
13
500.000
23
510.000
33
-295.7313
0
3DFACE
8
C2
10
510.000
20
500.000
30
-295.5297
11
520.000
21
500.000
31
-297.2718
12
520.000
22
510.000
32
-298.0116
13
510.000
23
510.000
33
-296.6259
0
3DFACE
8
C2
10
520.000
20
500.000
30
-297.2718
11
530.000
21
500.000
31
-298.6927
12
530.000
22
510.000
32
-299.3914
13
520.000
23
510.000
33
-298.0116
0
3DFACE
8
C2
10
530.000
20
500.000
30
-298.6927
11
540.000
21
500.000
31
-300.5036
12
540.000
22
510.000
32
-301.5631
13
530.000
23
510.000
33
-299.3914
0
3DFACE
8
C2
10
540.000
20
500.000
30
-300.5036
11
550.000
21
500.000
31
-301.4972
12
550.000
22
510.000
32
-302.7560
13
540.000
23
510.000
33
-301.5631
0
3DFACE
8
C2
10
550.000
20
500.000
30
-301.4972
11
560.000
21
500.000
31
-302.2166
12
560.000
22
510.000
32
-303.5119
13
550.000
23
510.000
33
-302.7560
0
3DFACE
8
C2
10
560.000
20
500.000
30
-302.2166
11
570.000
21
500.000
31
-302.9525
12
570.000
22
510.000
32
-304.0179
13
560.000
23
510.000
33
-303.5119
0
3DFACE
8
C2
10
570.000
20
500.000
30
-302.9525
11
580.000
21
500.000
31
-302.7830
12
580.000
22
510.000
32
-304.1605
13
570.000
23
510.000
33
-304.0179
0
3DFACE
8
C2
10
580.000
20
500.000
30
-302.7830
11
590.000
21
500.000
31
-301.7168
12
590.000
22
510.000
32
-303.8127
13
580.000
23
510.000
33
-304.1605
0
3DFACE
8
C2
10
590.000
20
500.000
30
-301.7168
11
600.000
21
500.000
31
-300.9816
12
600.000
22
510.000
32
-303.5171
13
590.000
23
510.000
33
-303.8127
0
3DFACE
8
C2
10
600.000
20
500.000
30
-300.9816
11
610.000
21
500.000
31
-300.4956
12
610.000
22
510.000
32
-303.0424
13
600.000
23
510.000
33
-303.5171
0
3DFACE
8
C2
10
610.000
20
500.000
30
-300.4956
11
620.000
21
500.000
31
-299.8588
12
620.000
22
510.000
32
-301.9949
13
610.000
23
510.000
33
-303.0424
0
3DFACE
8
C2
10
620.000
20
500.000
30
-299.8588
11
630.000
21
500.000
31
-298.7949
12
630.000
22
510.000
32
-301.1354
13
620.000
23
510.000
33
-301.9949
0
3DFACE
8
C2
10
630.000
20
500.000
30
-298.7949
11
640.000
21
500.000
31
-297.0749
12
640.000
22
510.000
32
-299.9251
13
630.000
23
510.000
33
-301.1354
0
3DFACE
8
C2
10
640.000
20
500.000
30
-297.0749
11
650.000
21
500.000
31
-295.9040
12
650.000
22
510.000
32
-298.9025
13
640.000
23
510.000
33
-299.9251
0
3DFACE
8
C2
10
650.000
20
500.000
30
-295.9040
11
660.000
21
500.000
31
-295.1411
12
660.000
22
510.000
32
-297.8641
13
650.000
23
510.000
33
-298.9025
0
3DFACE
8
C2
10
660.000
20
500.000
30
-295.1411
11
670.000
21
500.000
31
-294.6085
12
670.000
22
510.000
32
-296.7777
13
660.000
23
510.000
33
-297.8641
0
3DFACE
8
C2
10
670.000
20
500.000
30
-294.6085
11
680.000
21
500.000
31
-294.3067
12
680.000
22
510.000
32
-296.0889
13
670.000
23
510.000
33
-296.7777
0
3DFACE
8
C2
10
680.000
20
500.000
30
-294.3067
11
690.000
21
500.000
31
-294.1524
12
690.000
22
510.000
32
-295.9346
13
680.000
23
510.000
33
-296.0889
0
3DFACE
8
C2
10
690.000
20
500.000
30
-294.1524
11
700.000
21
500.000
31
-293.9407
12
700.000
22
510.000
32
-295.2297
13
690.000
23
510.000
33
-295.9346
0
3DFACE
8
C2
10
0.000
20
510.000
30
-306.1648
11
10.000
21
510.000
31
-305.8092
12
10.000
22
520.000
32
-303.9180
13
0.000
23
520.000
33
-304.2275
0
3DFACE
8
C2
10
10.000
20
510.000
30
-305.8092
11
20.000
21
510.000
31
-306.2846
12
20.000
22
520.000
32
-304.3613
13
10.000
23
520.000
33
-303.9180
0
3DFACE
8
C2
10
20.000
20
510.000
30
-306.2846
11
30.000
21
510.000
31
-305.8877
12
30.000
22
520.000
32
-303.9485
13
20.000
23
520.000
33
-304.3613
0
3DFACE
8
C2
10
30.000
20
510.000
30
-305.8877
11
40.000
21
510.000
31
-304.9253
12
40.000
22
520.000
32
-302.9874
13
30.000
23
520.000
33
-303.9485
0
3DFACE
8
C2
10
40.000
20
510.000
30
-304.9253
11
50.000
21
510.000
31
-304.8277
12
50.000
22
520.000
32
-302.6989
13
40.000
23
520.000
33
-302.9874
0
3DFACE
8
C2
10
50.000
20
510.000
30
-304.8277
11
60.000
21
510.000
31
-306.1513
12
60.000
22
520.000
32
-303.6992
13
50.000
23
520.000
33
-302.6989
0
3DFACE
8
C2
10
60.000
20
510.000
30
-306.1513
11
70.000
21
510.000
31
-308.8533
12
70.000
22
520.000
32
-307.0407
13
60.000
23
520.000
33
-303.6992
0
3DFACE
8
C2
10
70.000
20
510.000
30
-308.8533
11
80.000
21
510.000
31
-309.8729
12
80.000
22
520.000
32
-307.7721
13
70.000
23
520.000
33
-307.0407
0
3DFACE
8
C2
10
80.000
20
510.000
30
-309.8729
11
90.000
21
510.000
31
-309.8402
12
90.000
22
520.000
32
-307.5917
13
80.000
23
520.000
33
-307.7721
0
3DFACE
8
C2
10
90.000
20
510.000
30
-309.8402
11
100.000
21
510.000
31
-310.7021
12
100.000
22
520.000
32
-308.2973
13
90.000
23
520.000
33
-307.5917
0
3DFACE
8
C2
10
100.000
20
510.000
30
-310.7021
11
110.000
21
510.000
31
-312.3643
12
110.000
22
520.000
32
-309.7490
13
100.000
23
520.000
33
-308.2973
0
3DFACE
8
C2
10
110.000
20
510.000
30
-312.3643
11
120.000
21
510.000
31
-314.8531
12
120.000
22
520.000
32
-313.1705
13
110.000
23
520.000
33
-309.7490
0
3DFACE
8
C2
10
120.000
20
510.000
30
-314.8531
11
130.000
21
510.000
31
-315.0984
12
130.000
22
520.000
32
-313.4419
13
120.000
23
520.000
33
-313.1705
0
3DFACE
8
C2
10
130.000
20
510.000
30
-315.0984
11
140.000
21
510.000
31
-313.2548
12
140.000
22
520.000
32
-310.7230
13
130.000
23
520.000
33
-313.4419
0
3DFACE
8
C2
10
140.000
20
510.000
30
-313.2548
11
150.000
21
510.000
31
-311.9276
12
150.000
22
520.000
32
-309.5614
13
140.000
23
520.000
33
-310.7230
0
3DFACE
8
C2
10
150.000
20
510.000
30
-311.9276
11
160.000
21
510.000
31
-310.3584
12
160.000
22
520.000
32
-308.1900
13
150.000
23
520.000
33
-309.5614
0
3DFACE
8
C2
10
160.000
20
510.000
30
-310.3584
11
170.000
21
510.000
31
-308.2675
12
170.000
22
520.000
32
-306.6271
13
160.000
23
520.000
33
-308.1900
0
3DFACE
8
C2
10
170.000
20
510.000
30
-308.2675
11
180.000
21
510.000
31
-306.5184
12
180.000
22
520.000
32
-305.2098
13
170.000
23
520.000
33
-306.6271
0
3DFACE
8
C2
10
180.000
20
510.000
30
-306.5184
11
190.000
21
510.000
31
-303.6787
12
190.000
22
520.000
32
-301.6980
13
180.000
23
520.000
33
-305.2098
0
3DFACE
8
C2
10
190.000
20
510.000
30
-303.6787
11
200.000
21
510.000
31
-302.1328
12
200.000
22
520.000
32
-300.4999
13
190.000
23
520.000
33
-301.6980
0
3DFACE
8
C2
10
200.000
20
510.000
30
-302.1328
11
210.000
21
510.000
31
-301.2015
12
210.000
22
520.000
32
-299.8994
13
200.000
23
520.000
33
-300.4999
0
3DFACE
8
C2
10
210.000
20
510.000
30
-301.2015
11
220.000
21
510.000
31
-300.3402
12
220.000
22
520.000
32
-299.4271
13
210.000
23
520.000
33
-299.8994
0
3DFACE
8
C2
10
220.000
20
510.000
30
-300.3402
11
230.000
21
510.000
31
-300.7144
12
230.000
22
520.000
32
-300.0022
13
220.000
23
520.000
33
-299.4271
0
3DFACE
8
C2
10
230.000
20
510.000
30
-300.7144
11
240.000
21
510.000
31
-301.8718
12
240.000
22
520.000
32
-300.9919
13
230.000
23
520.000
33
-300.0022
0
3DFACE
8
C2
10
240.000
20
510.000
30
-301.8718
11
250.000
21
510.000
31
-302.6485
12
250.000
22
520.000
32
-301.8335
13
240.000
23
520.000
33
-300.9919
0
3DFACE
8
C2
10
250.000
20
510.000
30
-302.6485
11
260.000
21
510.000
31
-303.4943
12
260.000
22
520.000
32
-302.7164
13
250.000
23
520.000
33
-301.8335
0
3DFACE
8
C2
10
260.000
20
510.000
30
-303.4943
11
270.000
21
510.000
31
-304.0789
12
270.000
22
520.000
32
-303.5929
13
260.000
23
520.000
33
-302.7164
0
3DFACE
8
C2
10
270.000
20
510.000
30
-304.0789
11
280.000
21
510.000
31
-304.8555
12
280.000
22
520.000
32
-304.3323
13
270.000
23
520.000
33
-303.5929
0
3DFACE
8
C2
10
280.000
20
510.000
30
-304.8555
11
290.000
21
510.000
31
-306.0391
12
290.000
22
520.000
32
-305.3725
13
280.000
23
520.000
33
-304.3323
0
3DFACE
8
C2
10
290.000
20
510.000
30
-306.0391
11
300.000
21
510.000
31
-306.3681
12
300.000
22
520.000
32
-305.5884
13
290.000
23
520.000
33
-305.3725
0
3DFACE
8
C2
10
300.000
20
510.000
30
-306.3681
11
310.000
21
510.000
31
-306.3060
12
310.000
22
520.000
32
-305.4111
13
300.000
23
520.000
33
-305.5884
0
3DFACE
8
C2
10
310.000
20
510.000
30
-306.3060
11
320.000
21
510.000
31
-305.7169
12
320.000
22
520.000
32
-304.9472
13
310.000
23
520.000
33
-305.4111
0
3DFACE
8
C2
10
320.000
20
510.000
30
-305.7169
11
330.000
21
510.000
31
-305.1867
12
330.000
22
520.000
32
-304.3573
13
320.000
23
520.000
33
-304.9472
0
3DFACE
8
C2
10
330.000
20
510.000
30
-305.1867
11
340.000
21
510.000
31
-304.8108
12
340.000
22
520.000
32
-303.6633
13
330.000
23
520.000
33
-304.3573
0
3DFACE
8
C2
10
340.000
20
510.000
30
-304.8108
11
350.000
21
510.000
31
-304.1136
12
350.000
22
520.000
32
-302.9414
13
340.000
23
520.000
33
-303.6633
0
3DFACE
8
C2
10
350.000
20
510.000
30
-304.1136
11
360.000
21
510.000
31
-303.3753
12
360.000
22
520.000
32
-302.1887
13
350.000
23
520.000
33
-302.9414
0
3DFACE
8
C2
10
360.000
20
510.000
30
-303.3753
11
370.000
21
510.000
31
-302.1769
12
370.000
22
520.000
32
-300.9877
13
360.000
23
520.000
33
-302.1887
0
3DFACE
8
C2
10
370.000
20
510.000
30
-302.1769
11
380.000
21
510.000
31
-301.5576
12
380.000
22
520.000
32
-300.5620
13
370.000
23
520.000
33
-300.9877
0
3DFACE
8
C2
10
380.000
20
510.000
30
-301.5576
11
390.000
21
510.000
31
-301.2638
12
390.000
22
520.000
32
-300.3210
13
380.000
23
520.000
33
-300.5620
0
3DFACE
8
C2
10
390.000
20
510.000
30
-301.2638
11
400.000
21
510.000
31
-300.6811
12
400.000
22
520.000
32
-300.0592
13
390.000
23
520.000
33
-300.3210
0
3DFACE
8
C2
10
400.000
20
510.000
30
-300.6811
11
410.000
21
510.000
31
-300.0116
12
410.000
22
520.000
32
-299.7708
13
400.000
23
520.000
33
-300.0592
0
3DFACE
8
C2
10
410.000
20
510.000
30
-300.0116
11
420.000
21
510.000
31
-298.7237
12
420.000
22
520.000
32
-298.7376
13
410.000
23
520.000
33
-299.7708
0
3DFACE
8
C2
10
420.000
20
510.000
30
-298.7237
11
430.000
21
510.000
31
-298.3525
12
430.000
22
520.000
32
-298.8406
13
420.000
23
520.000
33
-298.7376
0
3DFACE
8
C2
10
430.000
20
510.000
30
-298.3525
11
440.000
21
510.000
31
-298.4521
12
440.000
22
520.000
32
-299.5012
13
430.000
23
520.000
33
-298.8406
0
3DFACE
8
C2
10
440.000
20
510.000
30
-298.4521
11
450.000
21
510.000
31
-297.8472
12
450.000
22
520.000
32
-299.3288
13
440.000
23
520.000
33
-299.5012
0
3DFACE
8
C2
10
450.000
20
510.000
30
-297.8472
11
460.000
21
510.000
31
-296.8417
12
460.000
22
520.000
32
-298.6920
13
450.000
23
520.000
33
-299.3288
0
3DFACE
8
C2
10
460.000
20
510.000
30
-296.8417
11
470.000
21
510.000
31
-294.9314
12
470.000
22
520.000
32
-296.6911
13
460.000
23
520.000
33
-298.6920
0
3DFACE
8
C2
10
470.000
20
510.000
30
-294.9314
11
480.000
21
510.000
31
-294.2143
12
480.000
22
520.000
32
-296.3188
13
470.000
23
520.000
33
-296.6911
0
3DFACE
8
C2
10
480.000
20
510.000
30
-294.2143
11
490.000
21
510.000
31
-295.0533
12
490.000
22
520.000
32
-297.5169
13
480.000
23
520.000
33
-296.3188
0
3DFACE
8
C2
10
490.000
20
510.000
30
-295.0533
11
500.000
21
510.000
31
-295.7313
12
500.000
22
520.000
32
-298.1978
13
490.000
23
520.000
33
-297.5169
0
3DFACE
8
C2
10
500.000
20
510.000
30
-295.7313
11
510.000
21
510.000
31
-296.6259
12
510.000
22
520.000
32
-298.9413
13
500.000
23
520.000
33
-298.1978
0
3DFACE
8
C2
10
510.000
20
510.000
30
-296.6259
11
520.000
21
510.000
31
-298.0116
12
520.000
22
520.000
32
-299.7161
13
510.000
23
520.000
33
-298.9413
0
3DFACE
8
C2
10
520.000
20
510.000
30
-298.0116
11
530.000
21
510.000
31
-299.3914
12
530.000
22
520.000
32
-300.9126
13
520.000
23
520.000
33
-299.7161
0
3DFACE
8
C2
10
530.000
20
510.000
30
-299.3914
11
540.000
21
510.000
31
-301.5631
12
540.000
22
520.000
32
-303.4875
13
530.000
23
520.000
33
-300.9126
0
3DFACE
8
C2
10
540.000
20
510.000
30
-301.5631
11
550.000
21
510.000
31
-302.7560
12
550.000
22
520.000
32
-304.6947
13
540.000
23
520.000
33
-303.4875
0
3DFACE
8
C2
10
550.000
20
510.000
30
-302.7560
11
560.000
21
510.000
31
-303.5119
12
560.000
22
520.000
32
-305.5460
13
550.000
23
520.000
33
-304.6947
0
3DFACE
8
C2
10
560.000
20
510.000
30
-303.5119
11
570.000
21
510.000
31
-304.0179
12
570.000
22
520.000
32
-306.1237
13
560.000
23
520.000
33
-305.5460
0
3DFACE
8
C2
10
570.000
20
510.000
30
-304.0179
11
580.000
21
510.000
31
-304.1605
12
580.000
22
520.000
32
-306.6020
13
570.000
23
520.000
33
-306.1237
0
3DFACE
8
C2
10
580.000
20
510.000
30
-304.1605
11
590.000
21
510.000
31
-303.8127
12
590.000
22
520.000
32
-307.1551
13
580.000
23
520.000
33
-306.6020
0
3DFACE
8
C2
10
590.000
20
510.000
30
-303.8127
11
600.000
21
510.000
31
-303.5171
12
600.000
22
520.000
32
-307.3578
13
590.000
23
520.000
33
-307.1551
0
3DFACE
8
C2
10
600.000
20
510.000
30
-303.5171
11
610.000
21
510.000
31
-303.0424
12
610.000
22
520.000
32
-307.1660
13
600.000
23
520.000
33
-307.3578
0
3DFACE
8
C2
10
610.000
20
510.000
30
-303.0424
11
620.000
21
510.000
31
-301.9949
12
620.000
22
520.000
32
-306.3158
13
610.000
23
520.000
33
-307.1660
0
3DFACE
8
C2
10
620.000
20
510.000
30
-301.9949
11
630.000
21
510.000
31
-301.1354
12
630.000
22
520.000
32
-305.7128
13
620.000
23
520.000
33
-306.3158
0
3DFACE
8
C2
10
630.000
20
510.000
30
-301.1354
11
640.000
21
510.000
31
-299.9251
12
640.000
22
520.000
32
-304.8360
13
630.000
23
520.000
33
-305.7128
0
3DFACE
8
C2
10
640.000
20
510.000
30
-299.9251
11
650.000
21
510.000
31
-298.9025
12
650.000
22
520.000
32
-303.7605
13
640.000
23
520.000
33
-304.8360
0
3DFACE
8
C2
10
650.000
20
510.000
30
-298.9025
11
660.000
21
510.000
31
-297.8641
12
660.000
22
520.000
32
-302.2871
13
650.000
23
520.000
33
-303.7605
0
3DFACE
8
C2
10
660.000
20
510.000
30
-297.8641
11
670.000
21
510.000
31
-296.7777
12
670.000
22
520.000
32
-300.4643
13
660.000
23
520.000
33
-302.2871
0
3DFACE
8
C2
10
670.000
20
510.000
30
-296.7777
11
680.000
21
510.000
31
-296.0889
12
680.000
22
520.000
32
-299.0746
13
670.000
23
520.000
33
-300.4643
0
3DFACE
8
C2
10
680.000
20
510.000
30
-296.0889
11
690.000
21
510.000
31
-295.9346
12
690.000
22
520.000
32
-298.1695
13
680.000
23
520.000
33
-299.0746
0
3DFACE
8
C2
10
690.000
20
510.000
30
-295.9346
11
700.000
21
510.000
31
-295.2297
12
700.000
22
520.000
32
-296.6787
13
690.000
23
520.000
33
-298.1695
0
3DFACE
8
C2
10
0.000
20
520.000
30
-304.2275
11
10.000
21
520.000
31
-303.9180
12
10.000
22
530.000
32
-303.7684
13
0.000
23
530.000
33
-304.1200
0
3DFACE
8
C2
10
10.000
20
520.000
30
-303.9180
11
20.000
21
520.000
31
-304.3613
12
20.000
22
530.000
32
-304.3166
13
10.000
23
530.000
33
-303.7684
0
3DFACE
8
C2
10
20.000
20
520.000
30
-304.3613
11
30.000
21
520.000
31
-303.9485
12
30.000
22
530.000
32
-303.8226
13
20.000
23
530.000
33
-304.3166
0
3DFACE
8
C2
10
30.000
20
520.000
30
-303.9485
11
40.000
21
520.000
31
-302.9874
12
40.000
22
530.000
32
-302.7452
13
30.000
23
530.000
33
-303.8226
0
3DFACE
8
C2
10
40.000
20
520.000
30
-302.9874
11
50.000
21
520.000
31
-302.6989
12
50.000
22
530.000
32
-302.5046
13
40.000
23
530.000
33
-302.7452
0
3DFACE
8
C2
10
50.000
20
520.000
30
-302.6989
11
60.000
21
520.000
31
-303.6992
12
60.000
22
530.000
32
-303.6185
13
50.000
23
530.000
33
-302.5046
0
3DFACE
8
C2
10
60.000
20
520.000
30
-303.6992
11
70.000
21
520.000
31
-307.0407
12
70.000
22
530.000
32
-307.4220
13
60.000
23
530.000
33
-303.6185
0
3DFACE
8
C2
10
70.000
20
520.000
30
-307.0407
11
80.000
21
520.000
31
-307.7721
12
80.000
22
530.000
32
-308.1255
13
70.000
23
530.000
33
-307.4220
0
3DFACE
8
C2
10
80.000
20
520.000
30
-307.7721
11
90.000
21
520.000
31
-307.5917
12
90.000
22
530.000
32
-307.7200
13
80.000
23
530.000
33
-308.1255
0
3DFACE
8
C2
10
90.000
20
520.000
30
-307.5917
11
100.000
21
520.000
31
-308.2973
12
100.000
22
530.000
32
-308.3856
13
90.000
23
530.000
33
-307.7200
0
3DFACE
8
C2
10
100.000
20
520.000
30
-308.2973
11
110.000
21
520.000
31
-309.7490
12
110.000
22
530.000
32
-309.9038
13
100.000
23
530.000
33
-308.3856
0
3DFACE
8
C2
10
110.000
20
520.000
30
-309.7490
11
120.000
21
520.000
31
-313.1705
12
120.000
22
530.000
32
-313.8307
13
110.000
23
530.000
33
-309.9038
0
3DFACE
8
C2
10
120.000
20
520.000
30
-313.1705
11
130.000
21
520.000
31
-313.4419
12
130.000
22
530.000
32
-314.1084
13
120.000
23
530.000
33
-313.8307
0
3DFACE
8
C2
10
130.000
20
520.000
30
-313.4419
11
140.000
21
520.000
31
-310.7230
12
140.000
22
530.000
32
-310.8786
13
130.000
23
530.000
33
-314.1084
0
3DFACE
8
C2
10
140.000
20
520.000
30
-310.7230
11
150.000
21
520.000
31
-309.5614
12
150.000
22
530.000
32
-309.5306
13
140.000
23
530.000
33
-310.8786
0
3DFACE
8
C2
10
150.000
20
520.000
30
-309.5614
11
160.000
21
520.000
31
-308.1900
12
160.000
22
530.000
32
-308.0500
13
150.000
23
530.000
33
-309.5306
0
3DFACE
8
C2
10
160.000
20
520.000
30
-308.1900
11
170.000
21
520.000
31
-306.6271
12
170.000
22
530.000
32
-306.6667
13
160.000
23
530.000
33
-308.0500
0
3DFACE
8
C2
10
170.000
20
520.000
30
-306.6271
11
180.000
21
520.000
31
-305.2098
12
180.000
22
530.000
32
-305.1014
13
170.000
23
530.000
33
-306.6667
0
3DFACE
8
C2
10
180.000
20
520.000
30
-305.2098
11
190.000
21
520.000
31
-301.6980
12
190.000
22
530.000
32
-300.9089
13
180.000
23
530.000
33
-305.1014
0
3DFACE
8
C2
10
190.000
20
520.000
30
-301.6980
11
200.000
21
520.000
31
-300.4999
12
200.000
22
530.000
32
-299.5236
13
190.000
23
530.000
33
-300.9089
0
3DFACE
8
C2
10
200.000
20
520.000
30
-300.4999
11
210.000
21
520.000
31
-299.8994
12
210.000
22
530.000
32
-298.9397
13
200.000
23
530.000
33
-299.5236
0
3DFACE
8
C2
10
210.000
20
520.000
30
-299.8994
11
220.000
21
520.000
31
-299.4271
12
220.000
22
530.000
32
-298.7515
13
210.000
23
530.000
33
-298.9397
0
3DFACE
8
C2
10
220.000
20
520.000
30
-299.4271
11
230.000
21
520.000
31
-300.0022
12
230.000
22
530.000
32
-299.4116
13
220.000
23
530.000
33
-298.7515
0
3DFACE
8
C2
10
230.000
20
520.000
30
-300.0022
11
240.000
21
520.000
31
-300.9919
12
240.000
22
530.000
32
-300.1706
13
230.000
23
530.000
33
-299.4116
0
3DFACE
8
C2
10
240.000
20
520.000
30
-300.9919
11
250.000
21
520.000
31
-301.8335
12
250.000
22
530.000
32
-301.0349
13
240.000
23
530.000
33
-300.1706
0
3DFACE
8
C2
10
250.000
20
520.000
30
-301.8335
11
260.000
21
520.000
31
-302.7164
12
260.000
22
530.000
32
-302.0319
13
250.000
23
530.000
33
-301.0349
0
3DFACE
8
C2
10
260.000
20
520.000
30
-302.7164
11
270.000
21
520.000
31
-303.5929
12
270.000
22
530.000
32
-303.2357
13
260.000
23
530.000
33
-302.0319
0
3DFACE
8
C2
10
270.000
20
520.000
30
-303.5929
11
280.000
21
520.000
31
-304.3323
12
280.000
22
530.000
32
-304.0368
13
270.000
23
530.000
33
-303.2357
0
3DFACE
8
C2
10
280.000
20
520.000
30
-304.3323
11
290.000
21
520.000
31
-305.3725
12
290.000
22
530.000
32
-304.8810
13
280.000
23
530.000
33
-304.0368
0
3DFACE
8
C2
10
290.000
20
520.000
30
-305.3725
11
300.000
21
520.000
31
-305.5884
12
300.000
22
530.000
32
-305.0517
13
290.000
23
530.000
33
-304.8810
0
3DFACE
8
C2
10
300.000
20
520.000
30
-305.5884
11
310.000
21
520.000
31
-305.4111
12
310.000
22
530.000
32
-304.8534
13
300.000
23
530.000
33
-305.0517
0
3DFACE
8
C2
10
310.000
20
520.000
30
-305.4111
11
320.000
21
520.000
31
-304.9472
12
320.000
22
530.000
32
-304.5197
13
310.000
23
530.000
33
-304.8534
0
3DFACE
8
C2
10
320.000
20
520.000
30
-304.9472
11
330.000
21
520.000
31
-304.3573
12
330.000
22
530.000
32
-303.8773
13
320.000
23
530.000
33
-304.5197
0
3DFACE
8
C2
10
330.000
20
520.000
30
-304.3573
11
340.000
21
520.000
31
-303.6633
12
340.000
22
530.000
32
-302.8585
13
330.000
23
530.000
33
-303.8773
0
3DFACE
8
C2
10
340.000
20
520.000
30
-303.6633
11
350.000
21
520.000
31
-302.9414
12
350.000
22
530.000
32
-301.9691
13
340.000
23
530.000
33
-302.8585
0
3DFACE
8
C2
10
350.000
20
520.000
30
-302.9414
11
360.000
21
520.000
31
-302.1887
12
360.000
22
530.000
32
-301.0822
13
350.000
23
530.000
33
-301.9691
0
3DFACE
8
C2
10
360.000
20
520.000
30
-302.1887
11
370.000
21
520.000
31
-300.9877
12
370.000
22
530.000
32
-299.8163
13
360.000
23
530.000
33
-301.0822
0
3DFACE
8
C2
10
370.000
20
520.000
30
-300.9877
11
380.000
21
520.000
31
-300.5620
12
380.000
22
530.000
32
-299.3903
13
370.000
23
530.000
33
-299.8163
0
3DFACE
8
C2
10
380.000
20
520.000
30
-300.5620
11
390.000
21
520.000
31
-300.3210
12
390.000
22
530.000
32
-299.0779
13
380.000
23
530.000
33
-299.3903
0
3DFACE
8
C2
10
390.000
20
520.000
30
-300.3210
11
400.000
21
520.000
31
-300.0592
12
400.000
22
530.000
32
-298.9505
13
390.000
23
530.000
33
-299.0779
0
3DFACE
8
C2
10
400.000
20
520.000
30
-300.0592
11
410.000
21
520.000
31
-299.7708
12
410.000
22
530.000
32
-298.9099
13
400.000
23
530.000
33
-298.9505
0
3DFACE
8
C2
10
410.000
20
520.000
30
-299.7708
11
420.000
21
520.000
31
-298.7376
12
420.000
22
530.000
32
-298.1923
13
410.000
23
530.000
33
-298.9099
0
3DFACE
8
C2
10
420.000
20
520.000
30
-298.7376
11
430.000
21
520.000
31
-298.8406
12
430.000
22
530.000
32
-298.6861
13
420.000
23
530.000
33
-298.1923
0
3DFACE
8
C2
10
430.000
20
520.000
30
-298.8406
11
440.000
21
520.000
31
-299.5012
12
440.000
22
530.000
32
-299.6726
13
430.000
23
530.000
33
-298.6861
0
3DFACE
8
C2
10
440.000
20
520.000
30
-299.5012
11
450.000
21
520.000
31
-299.3288
12
450.000
22
530.000
32
-299.7322
13
440.000
23
530.000
33
-299.6726
0
3DFACE
8
C2
10
450.000
20
520.000
30
-299.3288
11
460.000
21
520.000
31
-298.6920
12
460.000
22
530.000
32
-299.2316
13
450.000
23
530.000
33
-299.7322
0
3DFACE
8
C2
10
460.000
20
520.000
30
-298.6920
11
470.000
21
520.000
31
-296.6911
12
470.000
22
530.000
32
-297.2511
13
460.000
23
530.000
33
-299.2316
0
3DFACE
8
C2
10
470.000
20
520.000
30
-296.6911
11
480.000
21
520.000
31
-296.3188
12
480.000
22
530.000
32
-297.0300
13
470.000
23
530.000
33
-297.2511
0
3DFACE
8
C2
10
480.000
20
520.000
30
-296.3188
11
490.000
21
520.000
31
-297.5169
12
490.000
22
530.000
32
-298.3596
13
480.000
23
530.000
33
-297.0300
0
3DFACE
8
C2
10
490.000
20
520.000
30
-297.5169
11
500.000
21
520.000
31
-298.1978
12
500.000
22
530.000
32
-299.0811
13
490.000
23
530.000
33
-298.3596
0
3DFACE
8
C2
10
500.000
20
520.000
30
-298.1978
11
510.000
21
520.000
31
-298.9413
12
510.000
22
530.000
32
-299.7966
13
500.000
23
530.000
33
-299.0811
0
3DFACE
8
C2
10
510.000
20
520.000
30
-298.9413
11
520.000
21
520.000
31
-299.7161
12
520.000
22
530.000
32
-300.2635
13
510.000
23
530.000
33
-299.7966
0
3DFACE
8
C2
10
520.000
20
520.000
30
-299.7161
11
530.000
21
520.000
31
-300.9126
12
530.000
22
530.000
32
-301.5220
13
520.000
23
530.000
33
-300.2635
0
3DFACE
8
C2
10
530.000
20
520.000
30
-300.9126
11
540.000
21
520.000
31
-303.4875
12
540.000
22
530.000
32
-304.4044
13
530.000
23
530.000
33
-301.5220
0
3DFACE
8
C2
10
540.000
20
520.000
30
-303.4875
11
550.000
21
520.000
31
-304.6947
12
550.000
22
530.000
32
-305.7104
13
540.000
23
530.000
33
-304.4044
0
3DFACE
8
C2
10
550.000
20
520.000
30
-304.6947
11
560.000
21
520.000
31
-305.5460
12
560.000
22
530.000
32
-306.4809
13
550.000
23
530.000
33
-305.7104
0
3DFACE
8
C2
10
560.000
20
520.000
30
-305.5460
11
570.000
21
520.000
31
-306.1237
12
570.000
22
530.000
32
-306.5879
13
560.000
23
530.000
33
-306.4809
0
3DFACE
8
C2
10
570.000
20
520.000
30
-306.1237
11
580.000
21
520.000
31
-306.6020
12
580.000
22
530.000
32
-307.1661
13
570.000
23
530.000
33
-306.5879
0
3DFACE
8
C2
10
580.000
20
520.000
30
-306.6020
11
590.000
21
520.000
31
-307.1551
12
590.000
22
530.000
32
-308.3815
13
580.000
23
530.000
33
-307.1661
0
3DFACE
8
C2
10
590.000
20
520.000
30
-307.1551
11
600.000
21
520.000
31
-307.3578
12
600.000
22
530.000
32
-308.9849
13
590.000
23
530.000
33
-308.3815
0
3DFACE
8
C2
10
600.000
20
520.000
30
-307.3578
11
610.000
21
520.000
31
-307.1660
12
610.000
22
530.000
32
-308.8835
13
600.000
23
530.000
33
-308.9849
0
3DFACE
8
C2
10
610.000
20
520.000
30
-307.1660
11
620.000
21
520.000
31
-306.3158
12
620.000
22
530.000
32
-307.8453
13
610.000
23
530.000
33
-308.8835
0
3DFACE
8
C2
10
620.000
20
520.000
30
-306.3158
11
630.000
21
520.000
31
-305.7128
12
630.000
22
530.000
32
-307.6058
13
620.000
23
530.000
33
-307.8453
0
3DFACE
8
C2
10
630.000
20
520.000
30
-305.7128
11
640.000
21
520.000
31
-304.8360
12
640.000
22
530.000
32
-307.4912
13
630.000
23
530.000
33
-307.6058
0
3DFACE
8
C2
10
640.000
20
520.000
30
-304.8360
11
650.000
21
520.000
31
-303.7605
12
650.000
22
530.000
32
-306.6536
13
640.000
23
530.000
33
-307.4912
0
3DFACE
8
C2
10
650.000
20
520.000
30
-303.7605
11
660.000
21
520.000
31
-302.2871
12
660.000
22
530.000
32
-304.9414
13
650.000
23
530.000
33
-306.6536
0
3DFACE
8
C2
10
660.000
20
520.000
30
-302.2871
11
670.000
21
520.000
31
-300.4643
12
670.000
22
530.000
32
-302.5636
13
660.000
23
530.000
33
-304.9414
0
3DFACE
8
C2
10
670.000
20
520.000
30
-300.4643
11
680.000
21
520.000
31
-299.0746
12
680.000
22
530.000
32
-300.7335
13
670.000
23
530.000
33
-302.5636
0
3DFACE
8
C2
10
680.000
20
520.000
30
-299.0746
11
690.000
21
520.000
31
-298.1695
12
690.000
22
530.000
32
-299.6811
13
680.000
23
530.000
33
-300.7335
0
3DFACE
8
C2
10
690.000
20
520.000
30
-298.1695
11
700.000
21
520.000
31
-296.6787
12
700.000
22
530.000
32
-297.6588
13
690.000
23
530.000
33
-299.6811
0
3DFACE
8
C2
10
0.000
20
530.000
30
-304.1200
11
10.000
21
530.000
31
-303.7684
12
10.000
22
540.000
32
-304.1251
13
0.000
23
540.000
33
-304.4296
0
3DFACE
8
C2
10
10.000
20
530.000
30
-303.7684
11
20.000
21
530.000
31
-304.3166
12
20.000
22
540.000
32
-304.9174
13
10.000
23
540.000
33
-304.1251
0
3DFACE
8
C2
10
20.000
20
530.000
30
-304.3166
11
30.000
21
530.000
31
-303.8226
12
30.000
22
540.000
32
-304.5668
13
20.000
23
540.000
33
-304.9174
0
3DFACE
8
C2
10
30.000
20
530.000
30
-303.8226
11
40.000
21
530.000
31
-302.7452
12
40.000
22
540.000
32
-303.6871
13
30.000
23
540.000
33
-304.5668
0
3DFACE
8
C2
10
40.000
20
530.000
30
-302.7452
11
50.000
21
530.000
31
-302.5046
12
50.000
22
540.000
32
-303.7975
13
40.000
23
540.000
33
-303.6871
0
3DFACE
8
C2
10
50.000
20
530.000
30
-302.5046
11
60.000
21
530.000
31
-303.6185
12
60.000
22
540.000
32
-305.3767
13
50.000
23
540.000
33
-303.7975
0
3DFACE
8
C2
10
60.000
20
530.000
30
-303.6185
11
70.000
21
530.000
31
-307.4220
12
70.000
22
540.000
32
-309.8204
13
60.000
23
540.000
33
-305.3767
0
3DFACE
8
C2
10
70.000
20
530.000
30
-307.4220
11
80.000
21
530.000
31
-308.1255
12
80.000
22
540.000
32
-310.7461
13
70.000
23
540.000
33
-309.8204
0
3DFACE
8
C2
10
80.000
20
530.000
30
-308.1255
11
90.000
21
530.000
31
-307.7200
12
90.000
22
540.000
32
-310.3572
13
80.000
23
540.000
33
-310.7461
0
3DFACE
8
C2
10
90.000
20
530.000
30
-307.7200
11
100.000
21
530.000
31
-308.3856
12
100.000
22
540.000
32
-311.1315
13
90.000
23
540.000
33
-310.3572
0
3DFACE
8
C2
10
100.000
20
530.000
30
-308.3856
11
110.000
21
530.000
31
-309.9038
12
110.000
22
540.000
32
-312.6955
13
100.000
23
540.000
33
-311.1315
0
3DFACE
8
C2
10
110.000
20
530.000
30
-309.9038
11
120.000
21
530.000
31
-313.8307
12
120.000
22
540.000
32
-316.7017
13
110.000
23
540.000
33
-312.6955
0
3DFACE
8
C2
10
120.000
20
530.000
30
-313.8307
11
130.000
21
530.000
31
-314.1084
12
130.000
22
540.000
32
-316.8572
13
120.000
23
540.000
33
-316.7017
0
3DFACE
8
C2
10
130.000
20
530.000
30
-314.1084
11
140.000
21
530.000
31
-310.8786
12
140.000
22
540.000
32
-313.1566
13
130.000
23
540.000
33
-316.8572
0
3DFACE
8
C2
10
140.000
20
530.000
30
-310.8786
11
150.000
21
530.000
31
-309.5306
12
150.000
22
540.000
32
-311.4426
13
140.000
23
540.000
33
-313.1566
0
3DFACE
8
C2
10
150.000
20
530.000
30
-309.5306
11
160.000
21
530.000
31
-308.0500
12
160.000
22
540.000
32
-309.4699
13
150.000
23
540.000
33
-311.4426
0
3DFACE
8
C2
10
160.000
20
530.000
30
-308.0500
11
170.000
21
530.000
31
-306.6667
12
170.000
22
540.000
32
-307.8340
13
160.000
23
540.000
33
-309.4699
0
3DFACE
8
C2
10
170.000
20
530.000
30
-306.6667
11
180.000
21
530.000
31
-305.1014
12
180.000
22
540.000
32
-305.7016
13
170.000
23
540.000
33
-307.8340
0
3DFACE
8
C2
10
180.000
20
530.000
30
-305.1014
11
190.000
21
530.000
31
-300.9089
12
190.000
22
540.000
32
-300.8926
13
180.000
23
540.000
33
-305.7016
0
3DFACE
8
C2
10
190.000
20
530.000
30
-300.9089
11
200.000
21
530.000
31
-299.5236
12
200.000
22
540.000
32
-299.0352
13
190.000
23
540.000
33
-300.8926
0
3DFACE
8
C2
10
200.000
20
530.000
30
-299.5236
11
210.000
21
530.000
31
-298.9397
12
210.000
22
540.000
32
-298.1258
13
200.000
23
540.000
33
-299.0352
0
3DFACE
8
C2
10
210.000
20
530.000
30
-298.9397
11
220.000
21
530.000
31
-298.7515
12
220.000
22
540.000
32
-298.0636
13
210.000
23
540.000
33
-298.1258
0
3DFACE
8
C2
10
220.000
20
530.000
30
-298.7515
11
230.000
21
530.000
31
-299.4116
12
230.000
22
540.000
32
-298.7088
13
220.000
23
540.000
33
-298.0636
0
3DFACE
8
C2
10
230.000
20
530.000
30
-299.4116
11
240.000
21
530.000
31
-300.1706
12
240.000
22
540.000
32
-299.2018
13
230.000
23
540.000
33
-298.7088
0
3DFACE
8
C2
10
240.000
20
530.000
30
-300.1706
11
250.000
21
530.000
31
-301.0349
12
250.000
22
540.000
32
-300.1508
13
240.000
23
540.000
33
-299.2018
0
3DFACE
8
C2
10
250.000
20
530.000
30
-301.0349
11
260.000
21
530.000
31
-302.0319
12
260.000
22
540.000
32
-301.2482
13
250.000
23
540.000
33
-300.1508
0
3DFACE
8
C2
10
260.000
20
530.000
30
-302.0319
11
270.000
21
530.000
31
-303.2357
12
270.000
22
540.000
32
-302.7813
13
260.000
23
540.000
33
-301.2482
0
3DFACE
8
C2
10
270.000
20
530.000
30
-303.2357
11
280.000
21
530.000
31
-304.0368
12
280.000
22
540.000
32
-303.6506
13
270.000
23
540.000
33
-302.7813
0
3DFACE
8
C2
10
280.000
20
530.000
30
-304.0368
11
290.000
21
530.000
31
-304.8810
12
290.000
22
540.000
32
-304.2730
13
280.000
23
540.000
33
-303.6506
0
3DFACE
8
C2
10
290.000
20
530.000
30
-304.8810
11
300.000
21
530.000
31
-305.0517
12
300.000
22
540.000
32
-304.4649
13
290.000
23
540.000
33
-304.2730
0
3DFACE
8
C2
10
300.000
20
530.000
30
-305.0517
11
310.000
21
530.000
31
-304.8534
12
310.000
22
540.000
32
-304.2755
13
300.000
23
540.000
33
-304.4649
0
3DFACE
8
C2
10
310.000
20
530.000
30
-304.8534
11
320.000
21
530.000
31
-304.5197
12
320.000
22
540.000
32
-304.1054
13
310.000
23
540.000
33
-304.2755
0
3DFACE
8
C2
10
320.000
20
530.000
30
-304.5197
11
330.000
21
530.000
31
-303.8773
12
330.000
22
540.000
32
-303.3973
13
320.000
23
540.000
33
-304.1054
0
3DFACE
8
C2
10
330.000
20
530.000
30
-303.8773
11
340.000
21
530.000
31
-302.8585
12
340.000
22
540.000
32
-302.0291
13
330.000
23
540.000
33
-303.3973
0
3DFACE
8
C2
10
340.000
20
530.000
30
-302.8585
11
350.000
21
530.000
31
-301.9691
12
350.000
22
540.000
32
-300.9966
13
340.000
23
540.000
33
-302.0291
0
3DFACE
8
C2
10
350.000
20
530.000
30
-301.9691
11
360.000
21
530.000
31
-301.0822
12
360.000
22
540.000
32
-299.9155
13
350.000
23
540.000
33
-300.9966
0
3DFACE
8
C2
10
360.000
20
530.000
30
-301.0822
11
370.000
21
530.000
31
-299.8163
12
370.000
22
540.000
32
-298.5716
13
360.000
23
540.000
33
-299.9155
0
3DFACE
8
C2
10
370.000
20
530.000
30
-299.8163
11
380.000
21
530.000
31
-299.3903
12
380.000
22
540.000
32
-298.0882
13
370.000
23
540.000
33
-298.5716
0
3DFACE
8
C2
10
380.000
20
530.000
30
-299.3903
11
390.000
21
530.000
31
-299.0779
12
390.000
22
540.000
32
-297.5689
13
380.000
23
540.000
33
-298.0882
0
3DFACE
8
C2
10
390.000
20
530.000
30
-299.0779
11
400.000
21
530.000
31
-298.9505
12
400.000
22
540.000
32
-297.4837
13
390.000
23
540.000
33
-297.5689
0
3DFACE
8
C2
10
400.000
20
530.000
30
-298.9505
11
410.000
21
530.000
31
-298.9099
12
410.000
22
540.000
32
-297.5761
13
400.000
23
540.000
33
-297.4837
0
3DFACE
8
C2
10
410.000
20
530.000
30
-298.9099
11
420.000
21
530.000
31
-298.1923
12
420.000
22
540.000
32
-297.2794
13
410.000
23
540.000
33
-297.5761
0
3DFACE
8
C2
10
420.000
20
530.000
30
-298.1923
11
430.000
21
530.000
31
-298.6861
12
430.000
22
540.000
32
-297.9853
13
420.000
23
540.000
33
-297.2794
0
3DFACE
8
C2
10
430.000
20
530.000
30
-298.6861
11
440.000
21
530.000
31
-299.6726
12
440.000
22
540.000
32
-299.0322
13
430.000
23
540.000
33
-297.9853
0
3DFACE
8
C2
10
440.000
20
530.000
30
-299.6726
11
450.000
21
530.000
31
-299.7322
12
450.000
22
540.000
32
-299.1191
13
440.000
23
540.000
33
-299.0322
0
3DFACE
8
C2
10
450.000
20
530.000
30
-299.7322
11
460.000
21
530.000
31
-299.2316
12
460.000
22
540.000
32
-298.6360
13
450.000
23
540.000
33
-299.1191
0
3DFACE
8
C2
10
460.000
20
530.000
30
-299.2316
11
470.000
21
530.000
31
-297.2511
12
470.000
22
540.000
32
-296.5389
13
460.000
23
540.000
33
-298.6360
0
3DFACE
8
C2
10
470.000
20
530.000
30
-297.2511
11
480.000
21
530.000
31
-297.0300
12
480.000
22
540.000
32
-296.3167
13
470.000
23
540.000
33
-296.5389
0
3DFACE
8
C2
10
480.000
20
530.000
30
-297.0300
11
490.000
21
530.000
31
-298.3596
12
490.000
22
540.000
32
-297.4676
13
480.000
23
540.000
33
-296.3167
0
3DFACE
8
C2
10
490.000
20
530.000
30
-298.3596
11
500.000
21
530.000
31
-299.0811
12
500.000
22
540.000
32
-298.3102
13
490.000
23
540.000
33
-297.4676
0
3DFACE
8
C2
10
500.000
20
530.000
30
-299.0811
11
510.000
21
530.000
31
-299.7966
12
510.000
22
540.000
32
-299.2950
13
500.000
23
540.000
33
-298.3102
0
3DFACE
8
C2
10
510.000
20
530.000
30
-299.7966
11
520.000
21
530.000
31
-300.2635
12
520.000
22
540.000
32
-300.1090
13
510.000
23
540.000
33
-299.2950
0
3DFACE
8
C2
10
520.000
20
530.000
30
-300.2635
11
530.000
21
530.000
31
-301.5220
12
530.000
22
540.000
32
-301.7741
13
520.000
23
540.000
33
-300.1090
0
3DFACE
8
C2
10
530.000
20
530.000
30
-301.5220
11
540.000
21
530.000
31
-304.4044
12
540.000
22
540.000
32
-305.1598
13
530.000
23
540.000
33
-301.7741
0
3DFACE
8
C2
10
540.000
20
530.000
30
-304.4044
11
550.000
21
530.000
31
-305.7104
12
550.000
22
540.000
32
-306.7741
13
540.000
23
540.000
33
-305.1598
0
3DFACE
8
C2
10
550.000
20
530.000
30
-305.7104
11
560.000
21
530.000
31
-306.4809
12
560.000
22
540.000
32
-307.7093
13
550.000
23
540.000
33
-306.7741
0
3DFACE
8
C2
10
560.000
20
530.000
30
-306.4809
11
570.000
21
530.000
31
-306.5879
12
570.000
22
540.000
32
-307.7648
13
560.000
23
540.000
33
-307.7093
0
3DFACE
8
C2
10
570.000
20
530.000
30
-306.5879
11
580.000
21
530.000
31
-307.1661
12
580.000
22
540.000
32
-308.4211
13
570.000
23
540.000
33
-307.7648
0
3DFACE
8
C2
10
580.000
20
530.000
30
-307.1661
11
590.000
21
530.000
31
-308.3815
12
590.000
22
540.000
32
-309.8151
13
580.000
23
540.000
33
-308.4211
0
3DFACE
8
C2
10
590.000
20
530.000
30
-308.3815
11
600.000
21
530.000
31
-308.9849
12
600.000
22
540.000
32
-310.5443
13
590.000
23
540.000
33
-309.8151
0
3DFACE
8
C2
10
600.000
20
530.000
30
-308.9849
11
610.000
21
530.000
31
-308.8835
12
610.000
22
540.000
32
-310.4853
13
600.000
23
540.000
33
-310.5443
0
3DFACE
8
C2
10
610.000
20
530.000
30
-308.8835
11
620.000
21
530.000
31
-307.8453
12
620.000
22
540.000
32
-309.3711
13
610.000
23
540.000
33
-310.4853
0
3DFACE
8
C2
10
620.000
20
530.000
30
-307.8453
11
630.000
21
530.000
31
-307.6058
12
630.000
22
540.000
32
-309.1752
13
620.000
23
540.000
33
-309.3711
0
3DFACE
8
C2
10
630.000
20
530.000
30
-307.6058
11
640.000
21
530.000
31
-307.4912
12
640.000
22
540.000
32
-309.2082
13
630.000
23
540.000
33
-309.1752
0
3DFACE
8
C2
10
640.000
20
530.000
30
-307.4912
11
650.000
21
530.000
31
-306.6536
12
650.000
22
540.000
32
-308.2633
13
640.000
23
540.000
33
-309.2082
0
3DFACE
8
C2
10
650.000
20
530.000
30
-306.6536
11
660.000
21
530.000
31
-304.9414
12
660.000
22
540.000
32
-306.2659
13
650.000
23
540.000
33
-308.2633
0
3DFACE
8
C2
10
660.000
20
530.000
30
-304.9414
11
670.000
21
530.000
31
-302.5636
12
670.000
22
540.000
32
-303.4403
13
660.000
23
540.000
33
-306.2659
0
3DFACE
8
C2
10
670.000
20
530.000
30
-302.5636
11
680.000
21
530.000
31
-300.7335
12
680.000
22
540.000
32
-301.2354
13
670.000
23
540.000
33
-303.4403
0
3DFACE
8
C2
10
680.000
20
530.000
30
-300.7335
11
690.000
21
530.000
31
-299.6811
12
690.000
22
540.000
32
-299.9583
13
680.000
23
540.000
33
-301.2354
0
3DFACE
8
C2
10
690.000
20
530.000
30
-299.6811
11
700.000
21
530.000
31
-297.6588
12
700.000
22
540.000
32
-297.6680
13
690.000
23
540.000
33
-299.9583
0
3DFACE
8
C2
10
0.000
20
540.000
30
-304.4296
11
10.000
21
540.000
31
-304.1251
12
10.000
22
550.000
32
-304.4021
13
0.000
23
550.000
33
-304.7001
0
3DFACE
8
C2
10
10.000
20
540.000
30
-304.1251
11
20.000
21
540.000
31
-304.9174
12
20.000
22
550.000
32
-305.2542
13
10.000
23
550.000
33
-304.4021
0
3DFACE
8
C2
10
20.000
20
540.000
30
-304.9174
11
30.000
21
540.000
31
-304.5668
12
30.000
22
550.000
32
-305.0626
13
20.000
23
550.000
33
-305.2542
0
3DFACE
8
C2
10
30.000
20
540.000
30
-304.5668
11
40.000
21
540.000
31
-303.6871
12
40.000
22
550.000
32
-304.4864
13
30.000
23
550.000
33
-305.0626
0
3DFACE
8
C2
10
40.000
20
540.000
30
-303.6871
11
50.000
21
540.000
31
-303.7975
12
50.000
22
550.000
32
-304.9726
13
40.000
23
550.000
33
-304.4864
0
3DFACE
8
C2
10
50.000
20
540.000
30
-303.7975
11
60.000
21
540.000
31
-305.3767
12
60.000
22
550.000
32
-306.9119
13
50.000
23
550.000
33
-304.9726
0
3DFACE
8
C2
10
60.000
20
540.000
30
-305.3767
11
70.000
21
540.000
31
-309.8204
12
70.000
22
550.000
32
-311.6445
13
60.000
23
550.000
33
-306.9119
0
3DFACE
8
C2
10
70.000
20
540.000
30
-309.8204
11
80.000
21
540.000
31
-310.7461
12
80.000
22
550.000
32
-312.8754
13
70.000
23
550.000
33
-311.6445
0
3DFACE
8
C2
10
80.000
20
540.000
30
-310.7461
11
90.000
21
540.000
31
-310.3572
12
90.000
22
550.000
32
-312.7364
13
80.000
23
550.000
33
-312.8754
0
3DFACE
8
C2
10
90.000
20
540.000
30
-310.3572
11
100.000
21
540.000
31
-311.1315
12
100.000
22
550.000
32
-313.6434
13
90.000
23
550.000
33
-312.7364
0
3DFACE
8
C2
10
100.000
20
540.000
30
-311.1315
11
110.000
21
540.000
31
-312.6955
12
110.000
22
550.000
32
-315.1520
13
100.000
23
550.000
33
-313.6434
0
3DFACE
8
C2
10
110.000
20
540.000
30
-312.6955
11
120.000
21
540.000
31
-316.7017
12
120.000
22
550.000
32
-319.0552
13
110.000
23
550.000
33
-315.1520
0
3DFACE
8
C2
10
120.000
20
540.000
30
-316.7017
11
130.000
21
540.000
31
-316.8572
12
130.000
22
550.000
32
-319.1511
13
120.000
23
550.000
33
-319.0552
0
3DFACE
8
C2
10
130.000
20
540.000
30
-316.8572
11
140.000
21
540.000
31
-313.1566
12
140.000
22
550.000
32
-315.4041
13
130.000
23
550.000
33
-319.1511
0
3DFACE
8
C2
10
140.000
20
540.000
30
-313.1566
11
150.000
21
540.000
31
-311.4426
12
150.000
22
550.000
32
-313.5199
13
140.000
23
550.000
33
-315.4041
0
3DFACE
8
C2
10
150.000
20
540.000
30
-311.4426
11
160.000
21
540.000
31
-309.4699
12
160.000
22
550.000
32
-311.3198
13
150.000
23
550.000
33
-313.5199
0
3DFACE
8
C2
10
160.000
20
540.000
30
-309.4699
11
170.000
21
540.000
31
-307.8340
12
170.000
22
550.000
32
-309.4371
13
160.000
23
550.000
33
-311.3198
0
3DFACE
8
C2
10
170.000
20
540.000
30
-307.8340
11
180.000
21
540.000
31
-305.7016
12
180.000
22
550.000
32
-307.0557
13
170.000
23
550.000
33
-309.4371
0
3DFACE
8
C2
10
180.000
20
540.000
30
-305.7016
11
190.000
21
540.000
31
-300.8926
12
190.000
22
550.000
32
-302.0137
13
180.000
23
550.000
33
-307.0557
0
3DFACE
8
C2
10
190.000
20
540.000
30
-300.8926
11
200.000
21
540.000
31
-299.0352
12
200.000
22
550.000
32
-299.9551
13
190.000
23
550.000
33
-302.0137
0
3DFACE
8
C2
10
200.000
20
540.000
30
-299.0352
11
210.000
21
540.000
31
-298.1258
12
210.000
22
550.000
32
-298.9200
13
200.000
23
550.000
33
-299.9551
0
3DFACE
8
C2
10
210.000
20
540.000
30
-298.1258
11
220.000
21
540.000
31
-298.0636
12
220.000
22
550.000
32
-298.8050
13
210.000
23
550.000
33
-298.9200
0
3DFACE
8
C2
10
220.000
20
540.000
30
-298.0636
11
230.000
21
540.000
31
-298.7088
12
230.000
22
550.000
32
-299.3686
13
220.000
23
550.000
33
-298.8050
0
3DFACE
8
C2
10
230.000
20
540.000
30
-298.7088
11
240.000
21
540.000
31
-299.2018
12
240.000
22
550.000
32
-299.7952
13
230.000
23
550.000
33
-299.3686
0
3DFACE
8
C2
10
240.000
20
540.000
30
-299.2018
11
250.000
21
540.000
31
-300.1508
12
250.000
22
550.000
32
-300.7176
13
240.000
23
550.000
33
-299.7952
0
3DFACE
8
C2
10
250.000
20
540.000
30
-300.1508
11
260.000
21
540.000
31
-301.2482
12
260.000
22
550.000
32
-301.8409
13
250.000
23
550.000
33
-300.7176
0
3DFACE
8
C2
10
260.000
20
540.000
30
-301.2482
11
270.000
21
540.000
31
-302.7813
12
270.000
22
550.000
32
-303.4423
13
260.000
23
550.000
33
-301.8409
0
3DFACE
8
C2
10
270.000
20
540.000
30
-302.7813
11
280.000
21
540.000
31
-303.6506
12
280.000
22
550.000
32
-304.3030
13
270.000
23
550.000
33
-303.4423
0
3DFACE
8
C2
10
280.000
20
540.000
30
-303.6506
11
290.000
21
540.000
31
-304.2730
12
290.000
22
550.000
32
-304.8130
13
280.000
23
550.000
33
-304.3030
0
3DFACE
8
C2
10
290.000
20
540.000
30
-304.2730
11
300.000
21
540.000
31
-304.4649
12
300.000
22
550.000
32
-304.9622
13
290.000
23
550.000
33
-304.8130
0
3DFACE
8
C2
10
300.000
20
540.000
30
-304.4649
11
310.000
21
540.000
31
-304.2755
12
310.000
22
550.000
32
-304.7442
13
300.000
23
550.000
33
-304.9622
0
3DFACE
8
C2
10
310.000
20
540.000
30
-304.2755
11
320.000
21
540.000
31
-304.1054
12
320.000
22
550.000
32
-304.5567
13
310.000
23
550.000
33
-304.7442
0
3DFACE
8
C2
10
320.000
20
540.000
30
-304.1054
11
330.000
21
540.000
31
-303.3973
12
330.000
22
550.000
32
-303.7430
13
320.000
23
550.000
33
-304.5567
0
3DFACE
8
C2
10
330.000
20
540.000
30
-303.3973
11
340.000
21
540.000
31
-302.0291
12
340.000
22
550.000
32
-302.1745
13
330.000
23
550.000
33
-303.7430
0
3DFACE
8
C2
10
340.000
20
540.000
30
-302.0291
11
350.000
21
540.000
31
-300.9966
12
350.000
22
550.000
32
-300.9704
13
340.000
23
550.000
33
-302.1745
0
3DFACE
8
C2
10
350.000
20
540.000
30
-300.9966
11
360.000
21
540.000
31
-299.9155
12
360.000
22
550.000
32
-299.7338
13
350.000
23
550.000
33
-300.9704
0
3DFACE
8
C2
10
360.000
20
540.000
30
-299.9155
11
370.000
21
540.000
31
-298.5716
12
370.000
22
550.000
32
-298.3079
13
360.000
23
550.000
33
-299.7338
0
3DFACE
8
C2
10
370.000
20
540.000
30
-298.5716
11
380.000
21
540.000
31
-298.0882
12
380.000
22
550.000
32
-297.6961
13
370.000
23
550.000
33
-298.3079
0
3DFACE
8
C2
10
380.000
20
540.000
30
-298.0882
11
390.000
21
540.000
31
-297.5689
12
390.000
22
550.000
32
-297.0853
13
380.000
23
550.000
33
-297.6961
0
3DFACE
8
C2
10
390.000
20
540.000
30
-297.5689
11
400.000
21
540.000
31
-297.4837
12
400.000
22
550.000
32
-296.9997
13
390.000
23
550.000
33
-297.0853
0
3DFACE
8
C2
10
400.000
20
540.000
30
-297.4837
11
410.000
21
540.000
31
-297.5761
12
410.000
22
550.000
32
-297.2043
13
400.000
23
550.000
33
-296.9997
0
3DFACE
8
C2
10
410.000
20
540.000
30
-297.5761
11
420.000
21
540.000
31
-297.2794
12
420.000
22
550.000
32
-297.1646
13
410.000
23
550.000
33
-297.2043
0
3DFACE
8
C2
10
420.000
20
540.000
30
-297.2794
11
430.000
21
540.000
31
-297.9853
12
430.000
22
550.000
32
-297.9661
13
420.000
23
550.000
33
-297.1646
0
3DFACE
8
C2
10
430.000
20
540.000
30
-297.9853
11
440.000
21
540.000
31
-299.0322
12
440.000
22
550.000
32
-298.9783
13
430.000
23
550.000
33
-297.9661
0
3DFACE
8
C2
10
440.000
20
540.000
30
-299.0322
11
450.000
21
540.000
31
-299.1191
12
450.000
22
550.000
32
-299.0520
13
440.000
23
550.000
33
-298.9783
0
3DFACE
8
C2
10
450.000
20
540.000
30
-299.1191
11
460.000
21
540.000
31
-298.6360
12
460.000
22
550.000
32
-298.5174
13
450.000
23
550.000
33
-299.0520
0
3DFACE
8
C2
10
460.000
20
540.000
30
-298.6360
11
470.000
21
540.000
31
-296.5389
12
470.000
22
550.000
32
-296.4428
13
460.000
23
550.000
33
-298.5174
0
3DFACE
8
C2
10
470.000
20
540.000
30
-296.5389
11
480.000
21
540.000
31
-296.3167
12
480.000
22
550.000
32
-296.0801
13
470.000
23
550.000
33
-296.4428
0
3DFACE
8
C2
10
480.000
20
540.000
30
-296.3167
11
490.000
21
540.000
31
-297.4676
12
490.000
22
550.000
32
-296.9203
13
480.000
23
550.000
33
-296.0801
0
3DFACE
8
C2
10
490.000
20
540.000
30
-297.4676
11
500.000
21
540.000
31
-298.3102
12
500.000
22
550.000
32
-297.6197
13
490.000
23
550.000
33
-296.9203
0
3DFACE
8
C2
10
500.000
20
540.000
30
-298.3102
11
510.000
21
540.000
31
-299.2950
12
510.000
22
550.000
32
-298.5653
13
500.000
23
550.000
33
-297.6197
0
3DFACE
8
C2
10
510.000
20
540.000
30
-299.2950
11
520.000
21
540.000
31
-300.1090
12
520.000
22
550.000
32
-299.2715
13
510.000
23
550.000
33
-298.5653
0
3DFACE
8
C2
10
520.000
20
540.000
30
-300.1090
11
530.000
21
540.000
31
-301.7741
12
530.000
22
550.000
32
-301.0027
13
520.000
23
550.000
33
-299.2715
0
3DFACE
8
C2
10
530.000
20
540.000
30
-301.7741
11
540.000
21
540.000
31
-305.1598
12
540.000
22
550.000
32
-304.4056
13
530.000
23
550.000
33
-301.0027
0
3DFACE
8
C2
10
540.000
20
540.000
30
-305.1598
11
550.000
21
540.000
31
-306.7741
12
550.000
22
550.000
32
-306.0817
13
540.000
23
550.000
33
-304.4056
0
3DFACE
8
C2
10
550.000
20
540.000
30
-306.7741
11
560.000
21
540.000
31
-307.7093
12
560.000
22
550.000
32
-306.9948
13
550.000
23
550.000
33
-306.0817
0
3DFACE
8
C2
10
560.000
20
540.000
30
-307.7093
11
570.000
21
540.000
31
-307.7648
12
570.000
22
550.000
32
-306.8729
13
560.000
23
550.000
33
-306.9948
0
3DFACE
8
C2
10
570.000
20
540.000
30
-307.7648
11
580.000
21
540.000
31
-308.4211
12
580.000
22
550.000
32
-307.5495
13
570.000
23
550.000
33
-306.8729
0
3DFACE
8
C2
10
580.000
20
540.000
30
-308.4211
11
590.000
21
540.000
31
-309.8151
12
590.000
22
550.000
32
-309.2273
13
580.000
23
550.000
33
-307.5495
0
3DFACE
8
C2
10
590.000
20
540.000
30
-309.8151
11
600.000
21
540.000
31
-310.5443
12
600.000
22
550.000
32
-310.1525
13
590.000
23
550.000
33
-309.2273
0
3DFACE
8
C2
10
600.000
20
540.000
30
-310.5443
11
610.000
21
540.000
31
-310.4853
12
610.000
22
550.000
32
-310.2130
13
600.000
23
550.000
33
-310.1525
0
3DFACE
8
C2
10
610.000
20
540.000
30
-310.4853
11
620.000
21
540.000
31
-309.3711
12
620.000
22
550.000
32
-309.2507
13
610.000
23
550.000
33
-310.2130
0
3DFACE
8
C2
10
620.000
20
540.000
30
-309.3711
11
630.000
21
540.000
31
-309.1752
12
630.000
22
550.000
32
-309.3061
13
620.000
23
550.000
33
-309.2507
0
3DFACE
8
C2
10
630.000
20
540.000
30
-309.1752
11
640.000
21
540.000
31
-309.2082
12
640.000
22
550.000
32
-309.7276
13
630.000
23
550.000
33
-309.3061
0
3DFACE
8
C2
10
640.000
20
540.000
30
-309.2082
11
650.000
21
540.000
31
-308.2633
12
650.000
22
550.000
32
-308.9057
13
640.000
23
550.000
33
-309.7276
0
3DFACE
8
C2
10
650.000
20
540.000
30
-308.2633
11
660.000
21
540.000
31
-306.2659
12
660.000
22
550.000
32
-306.8248
13
650.000
23
550.000
33
-308.9057
0
3DFACE
8
C2
10
660.000
20
540.000
30
-306.2659
11
670.000
21
540.000
31
-303.4403
12
670.000
22
550.000
32
-303.7751
13
660.000
23
550.000
33
-306.8248
0
3DFACE
8
C2
10
670.000
20
540.000
30
-303.4403
11
680.000
21
540.000
31
-301.2354
12
680.000
22
550.000
32
-301.3586
13
670.000
23
550.000
33
-303.7751
0
3DFACE
8
C2
10
680.000
20
540.000
30
-301.2354
11
690.000
21
540.000
31
-299.9583
12
690.000
22
550.000
32
-299.8868
13
680.000
23
550.000
33
-301.3586
0
3DFACE
8
C2
10
690.000
20
540.000
30
-299.9583
11
700.000
21
540.000
31
-297.6680
12
700.000
22
550.000
32
-297.4236
13
690.000
23
550.000
33
-299.8868
0
3DFACE
8
C2
10
0.000
20
550.000
30
-304.7001
11
10.000
21
550.000
31
-304.4021
12
10.000
22
560.000
32
-304.8700
13
0.000
23
560.000
33
-305.1879
0
3DFACE
8
C2
10
10.000
20
550.000
30
-304.4021
11
20.000
21
550.000
31
-305.2542
12
20.000
22
560.000
32
-305.7676
13
10.000
23
560.000
33
-304.8700
0
3DFACE
8
C2
10
20.000
20
550.000
30
-305.2542
11
30.000
21
550.000
31
-305.0626
12
30.000
22
560.000
32
-305.6236
13
20.000
23
560.000
33
-305.7676
0
3DFACE
8
C2
10
30.000
20
550.000
30
-305.0626
11
40.000
21
550.000
31
-304.4864
12
40.000
22
560.000
32
-305.2540
13
30.000
23
560.000
33
-305.6236
0
3DFACE
8
C2
10
40.000
20
550.000
30
-304.4864
11
50.000
21
550.000
31
-304.9726
12
50.000
22
560.000
32
-306.0251
13
40.000
23
560.000
33
-305.2540
0
3DFACE
8
C2
10
50.000
20
550.000
30
-304.9726
11
60.000
21
550.000
31
-306.9119
12
60.000
22
560.000
32
-308.0614
13
50.000
23
560.000
33
-306.0251
0
3DFACE
8
C2
10
60.000
20
550.000
30
-306.9119
11
70.000
21
550.000
31
-311.6445
12
70.000
22
560.000
32
-312.8993
13
60.000
23
560.000
33
-308.0614
0
3DFACE
8
C2
10
70.000
20
550.000
30
-311.6445
11
80.000
21
550.000
31
-312.8754
12
80.000
22
560.000
32
-314.1801
13
70.000
23
560.000
33
-312.8993
0
3DFACE
8
C2
10
80.000
20
550.000
30
-312.8754
11
90.000
21
550.000
31
-312.7364
12
90.000
22
560.000
32
-314.0240
13
80.000
23
560.000
33
-314.1801
0
3DFACE
8
C2
10
90.000
20
550.000
30
-312.7364
11
100.000
21
550.000
31
-313.6434
12
100.000
22
560.000
32
-314.8938
13
90.000
23
560.000
33
-314.0240
0
3DFACE
8
C2
10
100.000
20
550.000
30
-313.6434
11
110.000
21
550.000
31
-315.1520
12
110.000
22
560.000
32
-316.2285
13
100.000
23
560.000
33
-314.8938
0
3DFACE
8
C2
10
110.000
20
550.000
30
-315.1520
11
120.000
21
550.000
31
-319.0552
12
120.000
22
560.000
32
-320.0030
13
110.000
23
560.000
33
-316.2285
0
3DFACE
8
C2
10
120.000
20
550.000
30
-319.0552
11
130.000
21
550.000
31
-319.1511
12
130.000
22
560.000
32
-320.1726
13
120.000
23
560.000
33
-320.0030
0
3DFACE
8
C2
10
130.000
20
550.000
30
-319.1511
11
140.000
21
550.000
31
-315.4041
12
140.000
22
560.000
32
-316.5106
13
130.000
23
560.000
33
-320.1726
0
3DFACE
8
C2
10
140.000
20
550.000
30
-315.4041
11
150.000
21
550.000
31
-313.5199
12
150.000
22
560.000
32
-314.7474
13
140.000
23
560.000
33
-316.5106
0
3DFACE
8
C2
10
150.000
20
550.000
30
-313.5199
11
160.000
21
550.000
31
-311.3198
12
160.000
22
560.000
32
-312.6865
13
150.000
23
560.000
33
-314.7474
0
3DFACE
8
C2
10
160.000
20
550.000
30
-311.3198
11
170.000
21
550.000
31
-309.4371
12
170.000
22
560.000
32
-310.9275
13
160.000
23
560.000
33
-312.6865
0
3DFACE
8
C2
10
170.000
20
550.000
30
-309.4371
11
180.000
21
550.000
31
-307.0557
12
180.000
22
560.000
32
-308.7448
13
170.000
23
560.000
33
-310.9275
0
3DFACE
8
C2
10
180.000
20
550.000
30
-307.0557
11
190.000
21
550.000
31
-302.0137
12
190.000
22
560.000
32
-303.8926
13
180.000
23
560.000
33
-308.7448
0
3DFACE
8
C2
10
190.000
20
550.000
30
-302.0137
11
200.000
21
550.000
31
-299.9551
12
200.000
22
560.000
32
-302.0012
13
190.000
23
560.000
33
-303.8926
0
3DFACE
8
C2
10
200.000
20
550.000
30
-299.9551
11
210.000
21
550.000
31
-298.9200
12
210.000
22
560.000
32
-301.0558
13
200.000
23
560.000
33
-302.0012
0
3DFACE
8
C2
10
210.000
20
550.000
30
-298.9200
11
220.000
21
550.000
31
-298.8050
12
220.000
22
560.000
32
-300.8652
13
210.000
23
560.000
33
-301.0558
0
3DFACE
8
C2
10
220.000
20
550.000
30
-298.8050
11
230.000
21
550.000
31
-299.3686
12
230.000
22
560.000
32
-301.4387
13
220.000
23
560.000
33
-300.8652
0
3DFACE
8
C2
10
230.000
20
550.000
30
-299.3686
11
240.000
21
550.000
31
-299.7952
12
240.000
22
560.000
32
-301.9237
13
230.000
23
560.000
33
-301.4387
0
3DFACE
8
C2
10
240.000
20
550.000
30
-299.7952
11
250.000
21
550.000
31
-300.7176
12
250.000
22
560.000
32
-302.8010
13
240.000
23
560.000
33
-301.9237
0
3DFACE
8
C2
10
250.000
20
550.000
30
-300.7176
11
260.000
21
550.000
31
-301.8409
12
260.000
22
560.000
32
-303.7777
13
250.000
23
560.000
33
-302.8010
0
3DFACE
8
C2
10
260.000
20
550.000
30
-301.8409
11
270.000
21
550.000
31
-303.4423
12
270.000
22
560.000
32
-305.1330
13
260.000
23
560.000
33
-303.7777
0
3DFACE
8
C2
10
270.000
20
550.000
30
-303.4423
11
280.000
21
550.000
31
-304.3030
12
280.000
22
560.000
32
-305.8398
13
270.000
23
560.000
33
-305.1330
0
3DFACE
8
C2
10
280.000
20
550.000
30
-304.3030
11
290.000
21
550.000
31
-304.8130
12
290.000
22
560.000
32
-306.3902
13
280.000
23
560.000
33
-305.8398
0
3DFACE
8
C2
10
290.000
20
550.000
30
-304.8130
11
300.000
21
550.000
31
-304.9622
12
300.000
22
560.000
32
-306.4599
13
290.000
23
560.000
33
-306.3902
0
3DFACE
8
C2
10
300.000
20
550.000
30
-304.9622
11
310.000
21
550.000
31
-304.7442
12
310.000
22
560.000
32
-306.1098
13
300.000
23
560.000
33
-306.4599
0
3DFACE
8
C2
10
310.000
20
550.000
30
-304.7442
11
320.000
21
550.000
31
-304.5567
12
320.000
22
560.000
32
-305.6768
13
310.000
23
560.000
33
-306.1098
0
3DFACE
8
C2
10
320.000
20
550.000
30
-304.5567
11
330.000
21
550.000
31
-303.7430
12
330.000
22
560.000
32
-304.7554
13
320.000
23
560.000
33
-305.6768
0
3DFACE
8
C2
10
330.000
20
550.000
30
-303.7430
11
340.000
21
550.000
31
-302.1745
12
340.000
22
560.000
32
-303.2027
13
330.000
23
560.000
33
-304.7554
0
3DFACE
8
C2
10
340.000
20
550.000
30
-302.1745
11
350.000
21
550.000
31
-300.9704
12
350.000
22
560.000
32
-301.9494
13
340.000
23
560.000
33
-303.2027
0
3DFACE
8
C2
10
350.000
20
550.000
30
-300.9704
11
360.000
21
550.000
31
-299.7338
12
360.000
22
560.000
32
-300.6326
13
350.000
23
560.000
33
-301.9494
0
3DFACE
8
C2
10
360.000
20
550.000
30
-299.7338
11
370.000
21
550.000
31
-298.3079
12
370.000
22
560.000
32
-299.0483
13
360.000
23
560.000
33
-300.6326
0
3DFACE
8
C2
10
370.000
20
550.000
30
-298.3079
11
380.000
21
550.000
31
-297.6961
12
380.000
22
560.000
32
-298.3869
13
370.000
23
560.000
33
-299.0483
0
3DFACE
8
C2
10
380.000
20
550.000
30
-297.6961
11
390.000
21
550.000
31
-297.0853
12
390.000
22
560.000
32
-297.8721
13
380.000
23
560.000
33
-298.3869
0
3DFACE
8
C2
10
390.000
20
550.000
30
-297.0853
11
400.000
21
550.000
31
-296.9997
12
400.000
22
560.000
32
-297.8336
13
390.000
23
560.000
33
-297.8721
0
3DFACE
8
C2
10
400.000
20
550.000
30
-296.9997
11
410.000
21
550.000
31
-297.2043
12
410.000
22
560.000
32
-298.0624
13
400.000
23
560.000
33
-297.8336
0
3DFACE
8
C2
10
410.000
20
550.000
30
-297.2043
11
420.000
21
550.000
31
-297.1646
12
420.000
22
560.000
32
-298.0510
13
410.000
23
560.000
33
-298.0624
0
3DFACE
8
C2
10
420.000
20
550.000
30
-297.1646
11
430.000
21
550.000
31
-297.9661
12
430.000
22
560.000
32
-298.8263
13
420.000
23
560.000
33
-298.0510
0
3DFACE
8
C2
10
430.000
20
550.000
30
-297.9661
11
440.000
21
550.000
31
-298.9783
12
440.000
22
560.000
32
-299.8842
13
430.000
23
560.000
33
-298.8263
0
3DFACE
8
C2
10
440.000
20
550.000
30
-298.9783
11
450.000
21
550.000
31
-299.0520
12
450.000
22
560.000
32
-299.8994
13
440.000
23
560.000
33
-299.8842
0
3DFACE
8
C2
10
450.000
20
550.000
30
-299.0520
11
460.000
21
550.000
31
-298.5174
12
460.000
22
560.000
32
-299.2539
13
450.000
23
560.000
33
-299.8994
0
3DFACE
8
C2
10
460.000
20
550.000
30
-298.5174
11
470.000
21
550.000
31
-296.4428
12
470.000
22
560.000
32
-297.0144
13
460.000
23
560.000
33
-299.2539
0
3DFACE
8
C2
10
470.000
20
550.000
30
-296.4428
11
480.000
21
550.000
31
-296.0801
12
480.000
22
560.000
32
-296.3680
13
470.000
23
560.000
33
-297.0144
0
3DFACE
8
C2
10
480.000
20
550.000
30
-296.0801
11
490.000
21
550.000
31
-296.9203
12
490.000
22
560.000
32
-296.7575
13
480.000
23
560.000
33
-296.3680
0
3DFACE
8
C2
10
490.000
20
550.000
30
-296.9203
11
500.000
21
550.000
31
-297.6197
12
500.000
22
560.000
32
-297.0535
13
490.000
23
560.000
33
-296.7575
0
3DFACE
8
C2
10
500.000
20
550.000
30
-297.6197
11
510.000
21
550.000
31
-298.5653
12
510.000
22
560.000
32
-297.6791
13
500.000
23
560.000
33
-297.0535
0
3DFACE
8
C2
10
510.000
20
550.000
30
-298.5653
11
520.000
21
550.000
31
-299.2715
12
520.000
22
560.000
32
-298.2341
13
510.000
23
560.000
33
-297.6791
0
3DFACE
8
C2
10
520.000
20
550.000
30
-299.2715
11
530.000
21
550.000
31
-301.0027
12
530.000
22
560.000
32
-299.7319
13
520.000
23
560.000
33
-298.2341
0
3DFACE
8
C2
10
530.000
20
550.000
30
-301.0027
11
540.000
21
550.000
31
-304.4056
12
540.000
22
560.000
32
-302.9045
13
530.000
23
560.000
33
-299.7319
0
3DFACE
8
C2
10
540.000
20
550.000
30
-304.4056
11
550.000
21
550.000
31
-306.0817
12
550.000
22
560.000
32
-304.4097
13
540.000
23
560.000
33
-302.9045
0
3DFACE
8
C2
10
550.000
20
550.000
30
-306.0817
11
560.000
21
550.000
31
-306.9948
12
560.000
22
560.000
32
-305.3080
13
550.000
23
560.000
33
-304.4097
0
3DFACE
8
C2
10
560.000
20
550.000
30
-306.9948
11
570.000
21
550.000
31
-306.8729
12
570.000
22
560.000
32
-305.1614
13
560.000
23
560.000
33
-305.3080
0
3DFACE
8
C2
10
570.000
20
550.000
30
-306.8729
11
580.000
21
550.000
31
-307.5495
12
580.000
22
560.000
32
-305.8010
13
570.000
23
560.000
33
-305.1614
0
3DFACE
8
C2
10
580.000
20
550.000
30
-307.5495
11
590.000
21
550.000
31
-309.2273
12
590.000
22
560.000
32
-307.3584
13
580.000
23
560.000
33
-305.8010
0
3DFACE
8
C2
10
590.000
20
550.000
30
-309.2273
11
600.000
21
550.000
31
-310.1525
12
600.000
22
560.000
32
-308.3618
13
590.000
23
560.000
33
-307.3584
0
3DFACE
8
C2
10
600.000
20
550.000
30
-310.1525
11
610.000
21
550.000
31
-310.2130
12
610.000
22
560.000
32
-308.6397
13
600.000
23
560.000
33
-308.3618
0
3DFACE
8
C2
10
610.000
20
550.000
30
-310.2130
11
620.000
21
550.000
31
-309.2507
12
620.000
22
560.000
32
-308.0769
13
610.000
23
560.000
33
-308.6397
0
3DFACE
8
C2
10
620.000
20
550.000
30
-309.2507
11
630.000
21
550.000
31
-309.3061
12
630.000
22
560.000
32
-308.5161
13
620.000
23
560.000
33
-308.0769
0
3DFACE
8
C2
10
630.000
20
550.000
30
-309.3061
11
640.000
21
550.000
31
-309.7276
12
640.000
22
560.000
32
-309.3265
13
630.000
23
560.000
33
-308.5161
0
3DFACE
8
C2
10
640.000
20
550.000
30
-309.7276
11
650.000
21
550.000
31
-308.9057
12
650.000
22
560.000
32
-308.8077
13
640.000
23
560.000
33
-309.3265
0
3DFACE
8
C2
10
650.000
20
550.000
30
-308.9057
11
660.000
21
550.000
31
-306.8248
12
660.000
22
560.000
32
-306.9387
13
650.000
23
560.000
33
-308.8077
0
3DFACE
8
C2
10
660.000
20
550.000
30
-306.8248
11
670.000
21
550.000
31
-303.7751
12
670.000
22
560.000
32
-303.9543
13
660.000
23
560.000
33
-306.9387
0
3DFACE
8
C2
10
670.000
20
550.000
30
-303.7751
11
680.000
21
550.000
31
-301.3586
12
680.000
22
560.000
32
-301.4759
13
670.000
23
560.000
33
-303.9543
0
3DFACE
8
C2
10
680.000
20
550.000
30
-301.3586
11
690.000
21
550.000
31
-299.8868
12
690.000
22
560.000
32
-299.8094
13
680.000
23
560.000
33
-301.4759
0
3DFACE
8
C2
10
690.000
20
550.000
30
-299.8868
11
700.000
21
550.000
31
-297.4236
12
700.000
22
560.000
32
-297.1859
13
690.000
23
560.000
33
-299.8094
0
3DFACE
8
C2
10
0.000
20
560.000
30
-305.1879
11
10.000
21
560.000
31
-304.8700
12
10.000
22
570.000
32
-304.1055
13
0.000
23
570.000
33
-304.2416
0
3DFACE
8
C2
10
10.000
20
560.000
30
-304.8700
11
20.000
21
560.000
31
-305.7676
12
20.000
22
570.000
32
-305.3407
13
10.000
23
570.000
33
-304.1055
0
3DFACE
8
C2
10
20.000
20
560.000
30
-305.7676
11
30.000
21
560.000
31
-305.6236
12
30.000
22
570.000
32
-305.4725
13
20.000
23
570.000
33
-305.3407
0
3DFACE
8
C2
10
30.000
20
560.000
30
-305.6236
11
40.000
21
560.000
31
-305.2540
12
40.000
22
570.000
32
-305.5801
13
30.000
23
570.000
33
-305.4725
0
3DFACE
8
C2
10
40.000
20
560.000
30
-305.2540
11
50.000
21
560.000
31
-306.0251
12
50.000
22
570.000
32
-306.6669
13
40.000
23
570.000
33
-305.5801
0
3DFACE
8
C2
10
50.000
20
560.000
30
-306.0251
11
60.000
21
560.000
31
-308.0614
12
60.000
22
570.000
32
-308.6875
13
50.000
23
570.000
33
-306.6669
0
3DFACE
8
C2
10
60.000
20
560.000
30
-308.0614
11
70.000
21
560.000
31
-312.8993
12
70.000
22
570.000
32
-313.5280
13
60.000
23
570.000
33
-308.6875
0
3DFACE
8
C2
10
70.000
20
560.000
30
-312.8993
11
80.000
21
560.000
31
-314.1801
12
80.000
22
570.000
32
-314.8814
13
70.000
23
570.000
33
-313.5280
0
3DFACE
8
C2
10
80.000
20
560.000
30
-314.1801
11
90.000
21
560.000
31
-314.0240
12
90.000
22
570.000
32
-314.6602
13
80.000
23
570.000
33
-314.8814
0
3DFACE
8
C2
10
90.000
20
560.000
30
-314.0240
11
100.000
21
560.000
31
-314.8938
12
100.000
22
570.000
32
-315.5620
13
90.000
23
570.000
33
-314.6602
0
3DFACE
8
C2
10
100.000
20
560.000
30
-314.8938
11
110.000
21
560.000
31
-316.2285
12
110.000
22
570.000
32
-316.7181
13
100.000
23
570.000
33
-315.5620
0
3DFACE
8
C2
10
110.000
20
560.000
30
-316.2285
11
120.000
21
560.000
31
-320.0030
12
120.000
22
570.000
32
-320.4267
13
110.000
23
570.000
33
-316.7181
0
3DFACE
8
C2
10
120.000
20
560.000
30
-320.0030
11
130.000
21
560.000
31
-320.1726
12
130.000
22
570.000
32
-320.7485
13
120.000
23
570.000
33
-320.4267
0
3DFACE
8
C2
10
130.000
20
560.000
30
-320.1726
11
140.000
21
560.000
31
-316.5106
12
140.000
22
570.000
32
-317.3495
13
130.000
23
570.000
33
-320.7485
0
3DFACE
8
C2
10
140.000
20
560.000
30
-316.5106
11
150.000
21
560.000
31
-314.7474
12
150.000
22
570.000
32
-316.0273
13
140.000
23
570.000
33
-317.3495
0
3DFACE
8
C2
10
150.000
20
560.000
30
-314.7474
11
160.000
21
560.000
31
-312.6865
12
160.000
22
570.000
32
-314.5122
13
150.000
23
570.000
33
-316.0273
0
3DFACE
8
C2
10
160.000
20
560.000
30
-312.6865
11
170.000
21
560.000
31
-310.9275
12
170.000
22
570.000
32
-312.9744
13
160.000
23
570.000
33
-314.5122
0
3DFACE
8
C2
10
170.000
20
560.000
30
-310.9275
11
180.000
21
560.000
31
-308.7448
12
180.000
22
570.000
32
-311.3958
13
170.000
23
570.000
33
-312.9744
0
3DFACE
8
C2
10
180.000
20
560.000
30
-308.7448
11
190.000
21
560.000
31
-303.8926
12
190.000
22
570.000
32
-307.0883
13
180.000
23
570.000
33
-311.3958
0
3DFACE
8
C2
10
190.000
20
560.000
30
-303.8926
11
200.000
21
560.000
31
-302.0012
12
200.000
22
570.000
32
-305.6881
13
190.000
23
570.000
33
-307.0883
0
3DFACE
8
C2
10
200.000
20
560.000
30
-302.0012
11
210.000
21
560.000
31
-301.0558
12
210.000
22
570.000
32
-305.0367
13
200.000
23
570.000
33
-305.6881
0
3DFACE
8
C2
10
210.000
20
560.000
30
-301.0558
11
220.000
21
560.000
31
-300.8652
12
220.000
22
570.000
32
-304.5458
13
210.000
23
570.000
33
-305.0367
0
3DFACE
8
C2
10
220.000
20
560.000
30
-300.8652
11
230.000
21
560.000
31
-301.4387
12
230.000
22
570.000
32
-305.0842
13
220.000
23
570.000
33
-304.5458
0
3DFACE
8
C2
10
230.000
20
560.000
30
-301.4387
11
240.000
21
560.000
31
-301.9237
12
240.000
22
570.000
32
-305.7595
13
230.000
23
570.000
33
-305.0842
0
3DFACE
8
C2
10
240.000
20
560.000
30
-301.9237
11
250.000
21
560.000
31
-302.8010
12
250.000
22
570.000
32
-306.4134
13
240.000
23
570.000
33
-305.7595
0
3DFACE
8
C2
10
250.000
20
560.000
30
-302.8010
11
260.000
21
560.000
31
-303.7777
12
260.000
22
570.000
32
-307.0605
13
250.000
23
570.000
33
-306.4134
0
3DFACE
8
C2
10
260.000
20
560.000
30
-303.7777
11
270.000
21
560.000
31
-305.1330
12
270.000
22
570.000
32
-307.7655
13
260.000
23
570.000
33
-307.0605
0
3DFACE
8
C2
10
270.000
20
560.000
30
-305.1330
11
280.000
21
560.000
31
-305.8398
12
280.000
22
570.000
32
-308.1784
13
270.000
23
570.000
33
-307.7655
0
3DFACE
8
C2
10
280.000
20
560.000
30
-305.8398
11
290.000
21
560.000
31
-306.3902
12
290.000
22
570.000
32
-308.9065
13
280.000
23
570.000
33
-308.1784
0
3DFACE
8
C2
10
290.000
20
560.000
30
-306.3902
11
300.000
21
560.000
31
-306.4599
12
300.000
22
570.000
32
-308.7807
13
290.000
23
570.000
33
-308.9065
0
3DFACE
8
C2
10
300.000
20
560.000
30
-306.4599
11
310.000
21
560.000
31
-306.1098
12
310.000
22
570.000
32
-308.2967
13
300.000
23
570.000
33
-308.7807
0
3DFACE
8
C2
10
310.000
20
560.000
30
-306.1098
11
320.000
21
560.000
31
-305.6768
12
320.000
22
570.000
32
-307.4449
13
310.000
23
570.000
33
-308.2967
0
3DFACE
8
C2
10
320.000
20
560.000
30
-305.6768
11
330.000
21
560.000
31
-304.7554
12
330.000
22
570.000
32
-306.4712
13
320.000
23
570.000
33
-307.4449
0
3DFACE
8
C2
10
330.000
20
560.000
30
-304.7554
11
340.000
21
560.000
31
-303.2027
12
340.000
22
570.000
32
-305.2208
13
330.000
23
570.000
33
-306.4712
0
3DFACE
8
C2
10
340.000
20
560.000
30
-303.2027
11
350.000
21
560.000
31
-301.9494
12
350.000
22
570.000
32
-303.9893
13
340.000
23
570.000
33
-305.2208
0
3DFACE
8
C2
10
350.000
20
560.000
30
-301.9494
11
360.000
21
560.000
31
-300.6326
12
360.000
22
570.000
32
-302.7106
13
350.000
23
570.000
33
-303.9893
0
3DFACE
8
C2
10
360.000
20
560.000
30
-300.6326
11
370.000
21
560.000
31
-299.0483
12
370.000
22
570.000
32
-300.9140
13
360.000
23
570.000
33
-302.7106
0
3DFACE
8
C2
10
370.000
20
560.000
30
-299.0483
11
380.000
21
560.000
31
-298.3869
12
380.000
22
570.000
32
-300.2551
13
370.000
23
570.000
33
-300.9140
0
3DFACE
8
C2
10
380.000
20
560.000
30
-298.3869
11
390.000
21
560.000
31
-297.8721
12
390.000
22
570.000
32
-299.9734
13
380.000
23
570.000
33
-300.2551
0
3DFACE
8
C2
10
390.000
20
560.000
30
-297.8721
11
400.000
21
560.000
31
-297.8336
12
400.000
22
570.000
32
-299.9074
13
390.000
23
570.000
33
-299.9734
0
3DFACE
8
C2
10
400.000
20
560.000
30
-297.8336
11
410.000
21
560.000
31
-298.0624
12
410.000
22
570.000
32
-300.0836
13
400.000
23
570.000
33
-299.9074
0
3DFACE
8
C2
10
410.000
20
560.000
30
-298.0624
11
420.000
21
560.000
31
-298.0510
12
420.000
22
570.000
32
-299.9169
13
410.000
23
570.000
33
-300.0836
0
3DFACE
8
C2
10
420.000
20
560.000
30
-298.0510
11
430.000
21
560.000
31
-298.8263
12
430.000
22
570.000
32
-300.4285
13
420.000
23
570.000
33
-299.9169
0
3DFACE
8
C2
10
430.000
20
560.000
30
-298.8263
11
440.000
21
560.000
31
-299.8842
12
440.000
22
570.000
32
-301.4360
13
430.000
23
570.000
33
-300.4285
0
3DFACE
8
C2
10
440.000
20
560.000
30
-299.8842
11
450.000
21
560.000
31
-299.8994
12
450.000
22
570.000
32
-301.1864
13
440.000
23
570.000
33
-301.4360
0
3DFACE
8
C2
10
450.000
20
560.000
30
-299.8994
11
460.000
21
560.000
31
-299.2539
12
460.000
22
570.000
32
-300.4054
13
450.000
23
570.000
33
-301.1864
0
3DFACE
8
C2
10
460.000
20
560.000
30
-299.2539
11
470.000
21
560.000
31
-297.0144
12
470.000
22
570.000
32
-297.9502
13
460.000
23
570.000
33
-300.4054
0
3DFACE
8
C2
10
470.000
20
560.000
30
-297.0144
11
480.000
21
560.000
31
-296.3680
12
480.000
22
570.000
32
-296.9385
13
470.000
23
570.000
33
-297.9502
0
3DFACE
8
C2
10
480.000
20
560.000
30
-296.3680
11
490.000
21
560.000
31
-296.7575
12
490.000
22
570.000
32
-296.7986
13
480.000
23
570.000
33
-296.9385
0
3DFACE
8
C2
10
490.000
20
560.000
30
-296.7575
11
500.000
21
560.000
31
-297.0535
12
500.000
22
570.000
32
-296.4346
13
490.000
23
570.000
33
-296.7986
0
3DFACE
8
C2
10
500.000
20
560.000
30
-297.0535
11
510.000
21
560.000
31
-297.6791
12
510.000
22
570.000
32
-296.4312
13
500.000
23
570.000
33
-296.4346
0
3DFACE
8
C2
10
510.000
20
560.000
30
-297.6791
11
520.000
21
560.000
31
-298.2341
12
520.000
22
570.000
32
-296.9036
13
510.000
23
570.000
33
-296.4312
0
3DFACE
8
C2
10
520.000
20
560.000
30
-298.2341
11
530.000
21
560.000
31
-299.7319
12
530.000
22
570.000
32
-297.7255
13
520.000
23
570.000
33
-296.9036
0
3DFACE
8
C2
10
530.000
20
560.000
30
-299.7319
11
540.000
21
560.000
31
-302.9045
12
540.000
22
570.000
32
-300.3195
13
530.000
23
570.000
33
-297.7255
0
3DFACE
8
C2
10
540.000
20
560.000
30
-302.9045
11
550.000
21
560.000
31
-304.4097
12
550.000
22
570.000
32
-301.4911
13
540.000
23
570.000
33
-300.3195
0
3DFACE
8
C2
10
550.000
20
560.000
30
-304.4097
11
560.000
21
560.000
31
-305.3080
12
560.000
22
570.000
32
-302.3170
13
550.000
23
570.000
33
-301.4911
0
3DFACE
8
C2
10
560.000
20
560.000
30
-305.3080
11
570.000
21
560.000
31
-305.1614
12
570.000
22
570.000
32
-302.3845
13
560.000
23
570.000
33
-302.3170
0
3DFACE
8
C2
10
570.000
20
560.000
30
-305.1614
11
580.000
21
560.000
31
-305.8010
12
580.000
22
570.000
32
-303.1018
13
570.000
23
570.000
33
-302.3845
0
3DFACE
8
C2
10
580.000
20
560.000
30
-305.8010
11
590.000
21
560.000
31
-307.3584
12
590.000
22
570.000
32
-304.1961
13
580.000
23
570.000
33
-303.1018
0
3DFACE
8
C2
10
590.000
20
560.000
30
-307.3584
11
600.000
21
560.000
31
-308.3618
12
600.000
22
570.000
32
-305.3845
13
590.000
23
570.000
33
-304.1961
0
3DFACE
8
C2
10
600.000
20
560.000
30
-308.3618
11
610.000
21
560.000
31
-308.6397
12
610.000
22
570.000
32
-306.0252
13
600.000
23
570.000
33
-305.3845
0
3DFACE
8
C2
10
610.000
20
560.000
30
-308.6397
11
620.000
21
560.000
31
-308.0769
12
620.000
22
570.000
32
-306.0438
13
610.000
23
570.000
33
-306.0252
0
3DFACE
8
C2
10
620.000
20
560.000
30
-308.0769
11
630.000
21
560.000
31
-308.5161
12
630.000
22
570.000
32
-306.7879
13
620.000
23
570.000
33
-306.0438
0
3DFACE
8
C2
10
630.000
20
560.000
30
-308.5161
11
640.000
21
560.000
31
-309.3265
12
640.000
22
570.000
32
-307.8301
13
630.000
23
570.000
33
-306.7879
0
3DFACE
8
C2
10
640.000
20
560.000
30
-309.3265
11
650.000
21
560.000
31
-308.8077
12
650.000
22
570.000
32
-307.6587
13
640.000
23
570.000
33
-307.8301
0
3DFACE
8
C2
10
650.000
20
560.000
30
-308.8077
11
660.000
21
560.000
31
-306.9387
12
660.000
22
570.000
32
-306.0771
13
650.000
23
570.000
33
-307.6587
0
3DFACE
8
C2
10
660.000
20
560.000
30
-306.9387
11
670.000
21
560.000
31
-303.9543
12
670.000
22
570.000
32
-303.3809
13
660.000
23
570.000
33
-306.0771
0
3DFACE
8
C2
10
670.000
20
560.000
30
-303.9543
11
680.000
21
560.000
31
-301.4759
12
680.000
22
570.000
32
-300.9995
13
670.000
23
570.000
33
-303.3809
0
3DFACE
8
C2
10
680.000
20
560.000
30
-301.4759
11
690.000
21
560.000
31
-299.8094
12
690.000
22
570.000
32
-299.1095
13
680.000
23
570.000
33
-300.9995
0
3DFACE
8
C2
10
690.000
20
560.000
30
-299.8094
11
700.000
21
560.000
31
-297.1859
12
700.000
22
570.000
32
-296.5139
13
690.000
23
570.000
33
-299.1095
0
3DFACE
8
C2
10
0.000
20
570.000
30
-304.2416
11
10.000
21
570.000
31
-304.1055
12
10.000
22
580.000
32
-305.0022
13
0.000
23
580.000
33
-305.0446
0
3DFACE
8
C2
10
10.000
20
570.000
30
-304.1055
11
20.000
21
570.000
31
-305.3407
12
20.000
22
580.000
32
-306.2392
13
10.000
23
580.000
33
-305.0022
0
3DFACE
8
C2
10
20.000
20
570.000
30
-305.3407
11
30.000
21
570.000
31
-305.4725
12
30.000
22
580.000
32
-306.5679
13
20.000
23
580.000
33
-306.2392
0
3DFACE
8
C2
10
30.000
20
570.000
30
-305.4725
11
40.000
21
570.000
31
-305.5801
12
40.000
22
580.000
32
-307.0435
13
30.000
23
580.000
33
-306.5679
0
3DFACE
8
C2
10
40.000
20
570.000
30
-305.5801
11
50.000
21
570.000
31
-306.6669
12
50.000
22
580.000
32
-308.4109
13
40.000
23
580.000
33
-307.0435
0
3DFACE
8
C2
10
50.000
20
570.000
30
-306.6669
11
60.000
21
570.000
31
-308.6875
12
60.000
22
580.000
32
-310.5017
13
50.000
23
580.000
33
-308.4109
0
3DFACE
8
C2
10
60.000
20
570.000
30
-308.6875
11
70.000
21
570.000
31
-313.5280
12
70.000
22
580.000
32
-315.0664
13
60.000
23
580.000
33
-310.5017
0
3DFACE
8
C2
10
70.000
20
570.000
30
-313.5280
11
80.000
21
570.000
31
-314.8814
12
80.000
22
580.000
32
-316.6503
13
70.000
23
580.000
33
-315.0664
0
3DFACE
8
C2
10
80.000
20
570.000
30
-314.8814
11
90.000
21
570.000
31
-314.6602
12
90.000
22
580.000
32
-316.8682
13
80.000
23
580.000
33
-316.6503
0
3DFACE
8
C2
10
90.000
20
570.000
30
-314.6602
11
100.000
21
570.000
31
-315.5620
12
100.000
22
580.000
32
-318.0233
13
90.000
23
580.000
33
-316.8682
0
3DFACE
8
C2
10
100.000
20
570.000
30
-315.5620
11
110.000
21
570.000
31
-316.7181
12
110.000
22
580.000
32
-319.1876
13
100.000
23
580.000
33
-318.0233
0
3DFACE
8
C2
10
110.000
20
570.000
30
-316.7181
11
120.000
21
570.000
31
-320.4267
12
120.000
22
580.000
32
-322.4868
13
110.000
23
580.000
33
-319.1876
0
3DFACE
8
C2
10
120.000
20
570.000
30
-320.4267
11
130.000
21
570.000
31
-320.7485
12
130.000
22
580.000
32
-322.9999
13
120.000
23
580.000
33
-322.4868
0
3DFACE
8
C2
10
130.000
20
570.000
30
-320.7485
11
140.000
21
570.000
31
-317.3495
12
140.000
22
580.000
32
-320.2685
13
130.000
23
580.000
33
-322.9999
0
3DFACE
8
C2
10
140.000
20
570.000
30
-317.3495
11
150.000
21
570.000
31
-316.0273
12
150.000
22
580.000
32
-319.2335
13
140.000
23
580.000
33
-320.2685
0
3DFACE
8
C2
10
150.000
20
570.000
30
-316.0273
11
160.000
21
570.000
31
-314.5122
12
160.000
22
580.000
32
-317.8475
13
150.000
23
580.000
33
-319.2335
0
3DFACE
8
C2
10
160.000
20
570.000
30
-314.5122
11
170.000
21
570.000
31
-312.9744
12
170.000
22
580.000
32
-316.1142
13
160.000
23
580.000
33
-317.8475
0
3DFACE
8
C2
10
170.000
20
570.000
30
-312.9744
11
180.000
21
570.000
31
-311.3958
12
180.000
22
580.000
32
-314.6933
13
170.000
23
580.000
33
-316.1142
0
3DFACE
8
C2
10
180.000
20
570.000
30
-311.3958
11
190.000
21
570.000
31
-307.0883
12
190.000
22
580.000
32
-311.0055
13
180.000
23
580.000
33
-314.6933
0
3DFACE
8
C2
10
190.000
20
570.000
30
-307.0883
11
200.000
21
570.000
31
-305.6881
12
200.000
22
580.000
32
-309.6951
13
190.000
23
580.000
33
-311.0055
0
3DFACE
8
C2
10
200.000
20
570.000
30
-305.6881
11
210.000
21
570.000
31
-305.0367
12
210.000
22
580.000
32
-308.8902
13
200.000
23
580.000
33
-309.6951
0
3DFACE
8
C2
10
210.000
20
570.000
30
-305.0367
11
220.000
21
570.000
31
-304.5458
12
220.000
22
580.000
32
-307.8928
13
210.000
23
580.000
33
-308.8902
0
3DFACE
8
C2
10
220.000
20
570.000
30
-304.5458
11
230.000
21
570.000
31
-305.0842
12
230.000
22
580.000
32
-308.1642
13
220.000
23
580.000
33
-307.8928
0
3DFACE
8
C2
10
230.000
20
570.000
30
-305.0842
11
240.000
21
570.000
31
-305.7595
12
240.000
22
580.000
32
-308.8943
13
230.000
23
580.000
33
-308.1642
0
3DFACE
8
C2
10
240.000
20
570.000
30
-305.7595
11
250.000
21
570.000
31
-306.4134
12
250.000
22
580.000
32
-309.2967
13
240.000
23
580.000
33
-308.8943
0
3DFACE
8
C2
10
250.000
20
570.000
30
-306.4134
11
260.000
21
570.000
31
-307.0605
12
260.000
22
580.000
32
-309.5887
13
250.000
23
580.000
33
-309.2967
0
3DFACE
8
C2
10
260.000
20
570.000
30
-307.0605
11
270.000
21
570.000
31
-307.7655
12
270.000
22
580.000
32
-309.7453
13
260.000
23
580.000
33
-309.5887
0
3DFACE
8
C2
10
270.000
20
570.000
30
-307.7655
11
280.000
21
570.000
31
-308.1784
12
280.000
22
580.000
32
-309.9270
13
270.000
23
580.000
33
-309.7453
0
3DFACE
8
C2
10
280.000
20
570.000
30
-308.1784
11
290.000
21
570.000
31
-308.9065
12
290.000
22
580.000
32
-310.7843
13
280.000
23
580.000
33
-309.9270
0
3DFACE
8
C2
10
290.000
20
570.000
30
-308.9065
11
300.000
21
570.000
31
-308.7807
12
300.000
22
580.000
32
-310.5896
13
290.000
23
580.000
33
-310.7843
0
3DFACE
8
C2
10
300.000
20
570.000
30
-308.7807
11
310.000
21
570.000
31
-308.2967
12
310.000
22
580.000
32
-310.0059
13
300.000
23
580.000
33
-310.5896
0
3DFACE
8
C2
10
310.000
20
570.000
30
-308.2967
11
320.000
21
570.000
31
-307.4449
12
320.000
22
580.000
32
-308.8419
13
310.000
23
580.000
33
-310.0059
0
3DFACE
8
C2
10
320.000
20
570.000
30
-307.4449
11
330.000
21
570.000
31
-306.4712
12
330.000
22
580.000
32
-307.8191
13
320.000
23
580.000
33
-308.8419
0
3DFACE
8
C2
10
330.000
20
570.000
30
-306.4712
11
340.000
21
570.000
31
-305.2208
12
340.000
22
580.000
32
-306.8293
13
330.000
23
580.000
33
-307.8191
0
3DFACE
8
C2
10
340.000
20
570.000
30
-305.2208
11
350.000
21
570.000
31
-303.9893
12
350.000
22
580.000
32
-305.6858
13
340.000
23
580.000
33
-306.8293
0
3DFACE
8
C2
10
350.000
20
570.000
30
-303.9893
11
360.000
21
570.000
31
-302.7106
12
360.000
22
580.000
32
-304.4391
13
350.000
23
580.000
33
-305.6858
0
3DFACE
8
C2
10
360.000
20
570.000
30
-302.7106
11
370.000
21
570.000
31
-300.9140
12
370.000
22
580.000
32
-302.5284
13
360.000
23
580.000
33
-304.4391
0
3DFACE
8
C2
10
370.000
20
570.000
30
-300.9140
11
380.000
21
570.000
31
-300.2551
12
380.000
22
580.000
32
-301.7914
13
370.000
23
580.000
33
-302.5284
0
3DFACE
8
C2
10
380.000
20
570.000
30
-300.2551
11
390.000
21
570.000
31
-299.9734
12
390.000
22
580.000
32
-301.6423
13
380.000
23
580.000
33
-301.7914
0
3DFACE
8
C2
10
390.000
20
570.000
30
-299.9734
11
400.000
21
570.000
31
-299.9074
12
400.000
22
580.000
32
-301.5288
13
390.000
23
580.000
33
-301.6423
0
3DFACE
8
C2
10
400.000
20
570.000
30
-299.9074
11
410.000
21
570.000
31
-300.0836
12
410.000
22
580.000
32
-301.6225
13
400.000
23
580.000
33
-301.5288
0
3DFACE
8
C2
10
410.000
20
570.000
30
-300.0836
11
420.000
21
570.000
31
-299.9169
12
420.000
22
580.000
32
-301.3809
13
410.000
23
580.000
33
-301.6225
0
3DFACE
8
C2
10
420.000
20
570.000
30
-299.9169
11
430.000
21
570.000
31
-300.4285
12
430.000
22
580.000
32
-301.5920
13
420.000
23
580.000
33
-301.3809
0
3DFACE
8
C2
10
430.000
20
570.000
30
-300.4285
11
440.000
21
570.000
31
-301.4360
12
440.000
22
580.000
32
-302.3620
13
430.000
23
580.000
33
-301.5920
0
3DFACE
8
C2
10
440.000
20
570.000
30
-301.4360
11
450.000
21
570.000
31
-301.1864
12
450.000
22
580.000
32
-301.8392
13
440.000
23
580.000
33
-302.3620
0
3DFACE
8
C2
10
450.000
20
570.000
30
-301.1864
11
460.000
21
570.000
31
-300.4054
12
460.000
22
580.000
32
-300.8446
13
450.000
23
580.000
33
-301.8392
0
3DFACE
8
C2
10
460.000
20
570.000
30
-300.4054
11
470.000
21
570.000
31
-297.9502
12
470.000
22
580.000
32
-298.2629
13
460.000
23
580.000
33
-300.8446
0
3DFACE
8
C2
10
470.000
20
570.000
30
-297.9502
11
480.000
21
570.000
31
-296.9385
12
480.000
22
580.000
32
-296.8462
13
470.000
23
580.000
33
-298.2629
0
3DFACE
8
C2
10
480.000
20
570.000
30
-296.9385
11
490.000
21
570.000
31
-296.7986
12
490.000
22
580.000
32
-296.0742
13
480.000
23
580.000
33
-296.8462
0
3DFACE
8
C2
10
490.000
20
570.000
30
-296.7986
11
500.000
21
570.000
31
-296.4346
12
500.000
22
580.000
32
-295.2472
13
490.000
23
580.000
33
-296.0742
0
3DFACE
8
C2
10
500.000
20
570.000
30
-296.4346
11
510.000
21
570.000
31
-296.4312
12
510.000
22
580.000
32
-294.9587
13
500.000
23
580.000
33
-295.2472
0
3DFACE
8
C2
10
510.000
20
570.000
30
-296.4312
11
520.000
21
570.000
31
-296.9036
12
520.000
22
580.000
32
-295.5426
13
510.000
23
580.000
33
-294.9587
0
3DFACE
8
C2
10
520.000
20
570.000
30
-296.9036
11
530.000
21
570.000
31
-297.7255
12
530.000
22
580.000
32
-296.0740
13
520.000
23
580.000
33
-295.5426
0
3DFACE
8
C2
10
530.000
20
570.000
30
-297.7255
11
540.000
21
570.000
31
-300.3195
12
540.000
22
580.000
32
-298.1747
13
530.000
23
580.000
33
-296.0740
0
3DFACE
8
C2
10
540.000
20
570.000
30
-300.3195
11
550.000
21
570.000
31
-301.4911
12
550.000
22
580.000
32
-299.0775
13
540.000
23
580.000
33
-298.1747
0
3DFACE
8
C2
10
550.000
20
570.000
30
-301.4911
11
560.000
21
570.000
31
-302.3170
12
560.000
22
580.000
32
-299.8404
13
550.000
23
580.000
33
-299.0775
0
3DFACE
8
C2
10
560.000
20
570.000
30
-302.3170
11
570.000
21
570.000
31
-302.3845
12
570.000
22
580.000
32
-300.1909
13
560.000
23
580.000
33
-299.8404
0
3DFACE
8
C2
10
570.000
20
570.000
30
-302.3845
11
580.000
21
570.000
31
-303.1018
12
580.000
22
580.000
32
-300.7756
13
570.000
23
580.000
33
-300.1909
0
3DFACE
8
C2
10
580.000
20
570.000
30
-303.1018
11
590.000
21
570.000
31
-304.1961
12
590.000
22
580.000
32
-301.2362
13
580.000
23
580.000
33
-300.7756
0
3DFACE
8
C2
10
590.000
20
570.000
30
-304.1961
11
600.000
21
570.000
31
-305.3845
12
600.000
22
580.000
32
-302.2461
13
590.000
23
580.000
33
-301.2362
0
3DFACE
8
C2
10
600.000
20
570.000
30
-305.3845
11
610.000
21
570.000
31
-306.0252
12
610.000
22
580.000
32
-303.0842
13
600.000
23
580.000
33
-302.2461
0
3DFACE
8
C2
10
610.000
20
570.000
30
-306.0252
11
620.000
21
570.000
31
-306.0438
12
620.000
22
580.000
32
-303.7928
13
610.000
23
580.000
33
-303.0842
0
3DFACE
8
C2
10
620.000
20
570.000
30
-306.0438
11
630.000
21
570.000
31
-306.7879
12
630.000
22
580.000
32
-304.6657
13
620.000
23
580.000
33
-303.7928
0
3DFACE
8
C2
10
630.000
20
570.000
30
-306.7879
11
640.000
21
570.000
31
-307.8301
12
640.000
22
580.000
32
-305.4937
13
630.000
23
580.000
33
-304.6657
0
3DFACE
8
C2
10
640.000
20
570.000
30
-307.8301
11
650.000
21
570.000
31
-307.6587
12
650.000
22
580.000
32
-305.3992
13
640.000
23
580.000
33
-305.4937
0
3DFACE
8
C2
10
650.000
20
570.000
30
-307.6587
11
660.000
21
570.000
31
-306.0771
12
660.000
22
580.000
32
-304.1894
13
650.000
23
580.000
33
-305.3992
0
3DFACE
8
C2
10
660.000
20
570.000
30
-306.0771
11
670.000
21
570.000
31
-303.3809
12
670.000
22
580.000
32
-301.9384
13
660.000
23
580.000
33
-304.1894
0
3DFACE
8
C2
10
670.000
20
570.000
30
-303.3809
11
680.000
21
570.000
31
-300.9995
12
680.000
22
580.000
32
-299.7329
13
670.000
23
580.000
33
-301.9384
0
3DFACE
8
C2
10
680.000
20
570.000
30
-300.9995
11
690.000
21
570.000
31
-299.1095
12
690.000
22
580.000
32
-297.5590
13
680.000
23
580.000
33
-299.7329
0
3DFACE
8
C2
10
690.000
20
570.000
30
-299.1095
11
700.000
21
570.000
31
-296.5139
12
700.000
22
580.000
32
-295.2152
13
690.000
23
580.000
33
-297.5590
0
3DFACE
8
C2
10
0.000
20
580.000
30
-305.0446
11
10.000
21
580.000
31
-305.0022
12
10.000
22
590.000
32
-307.9647
13
0.000
23
590.000
33
-307.9547
0
3DFACE
8
C2
10
10.000
20
580.000
30
-305.0022
11
20.000
21
580.000
31
-306.2392
12
20.000
22
590.000
32
-309.3272
13
10.000
23
590.000
33
-307.9647
0
3DFACE
8
C2
10
20.000
20
580.000
30
-306.2392
11
30.000
21
580.000
31
-306.5679
12
30.000
22
590.000
32
-309.8179
13
20.000
23
590.000
33
-309.3272
0
3DFACE
8
C2
10
30.000
20
580.000
30
-306.5679
11
40.000
21
580.000
31
-307.0435
12
40.000
22
590.000
32
-310.5155
13
30.000
23
590.000
33
-309.8179
0
3DFACE
8
C2
10
40.000
20
580.000
30
-307.0435
11
50.000
21
580.000
31
-308.4109
12
50.000
22
590.000
32
-312.2941
13
40.000
23
590.000
33
-310.5155
0
3DFACE
8
C2
10
50.000
20
580.000
30
-308.4109
11
60.000
21
580.000
31
-310.5017
12
60.000
22
590.000
32
-314.8091
13
50.000
23
590.000
33
-312.2941
0
3DFACE
8
C2
10
60.000
20
580.000
30
-310.5017
11
70.000
21
580.000
31
-315.0664
12
70.000
22
590.000
32
-318.7972
13
60.000
23
590.000
33
-314.8091
0
3DFACE
8
C2
10
70.000
20
580.000
30
-315.0664
11
80.000
21
580.000
31
-316.6503
12
80.000
22
590.000
32
-320.8267
13
70.000
23
590.000
33
-318.7972
0
3DFACE
8
C2
10
80.000
20
580.000
30
-316.6503
11
90.000
21
580.000
31
-316.8682
12
90.000
22
590.000
32
-321.4355
13
80.000
23
590.000
33
-320.8267
0
3DFACE
8
C2
10
90.000
20
580.000
30
-316.8682
11
100.000
21
580.000
31
-318.0233
12
100.000
22
590.000
32
-322.9633
13
90.000
23
590.000
33
-321.4355
0
3DFACE
8
C2
10
100.000
20
580.000
30
-318.0233
11
110.000
21
580.000
31
-319.1876
12
110.000
22
590.000
32
-324.4587
13
100.000
23
590.000
33
-322.9633
0
3DFACE
8
C2
10
110.000
20
580.000
30
-319.1876
11
120.000
21
580.000
31
-322.4868
12
120.000
22
590.000
32
-326.9614
13
110.000
23
590.000
33
-324.4587
0
3DFACE
8
C2
10
120.000
20
580.000
30
-322.4868
11
130.000
21
580.000
31
-322.9999
12
130.000
22
590.000
32
-327.6049
13
120.000
23
590.000
33
-326.9614
0
3DFACE
8
C2
10
130.000
20
580.000
30
-322.9999
11
140.000
21
580.000
31
-320.2685
12
140.000
22
590.000
32
-325.9140
13
130.000
23
590.000
33
-327.6049
0
3DFACE
8
C2
10
140.000
20
580.000
30
-320.2685
11
150.000
21
580.000
31
-319.2335
12
150.000
22
590.000
32
-324.8066
13
140.000
23
590.000
33
-325.9140
0
3DFACE
8
C2
10
150.000
20
580.000
30
-319.2335
11
160.000
21
580.000
31
-317.8475
12
160.000
22
590.000
32
-323.2324
13
150.000
23
590.000
33
-324.8066
0
3DFACE
8
C2
10
160.000
20
580.000
30
-317.8475
11
170.000
21
580.000
31
-316.1142
12
170.000
22
590.000
32
-320.9082
13
160.000
23
590.000
33
-323.2324
0
3DFACE
8
C2
10
170.000
20
580.000
30
-316.1142
11
180.000
21
580.000
31
-314.6933
12
180.000
22
590.000
32
-319.1263
13
170.000
23
590.000
33
-320.9082
0
3DFACE
8
C2
10
180.000
20
580.000
30
-314.6933
11
190.000
21
580.000
31
-311.0055
12
190.000
22
590.000
32
-315.9910
13
180.000
23
590.000
33
-319.1263
0
3DFACE
8
C2
10
190.000
20
580.000
30
-311.0055
11
200.000
21
580.000
31
-309.6951
12
200.000
22
590.000
32
-314.1725
13
190.000
23
590.000
33
-315.9910
0
3DFACE
8
C2
10
200.000
20
580.000
30
-309.6951
11
210.000
21
580.000
31
-308.8902
12
210.000
22
590.000
32
-312.8197
13
200.000
23
590.000
33
-314.1725
0
3DFACE
8
C2
10
210.000
20
580.000
30
-308.8902
11
220.000
21
580.000
31
-307.8928
12
220.000
22
590.000
32
-311.1442
13
210.000
23
590.000
33
-312.8197
0
3DFACE
8
C2
10
220.000
20
580.000
30
-307.8928
11
230.000
21
580.000
31
-308.1642
12
230.000
22
590.000
32
-310.9320
13
220.000
23
590.000
33
-311.1442
0
3DFACE
8
C2
10
230.000
20
580.000
30
-308.1642
11
240.000
21
580.000
31
-308.8943
12
240.000
22
590.000
32
-311.5695
13
230.000
23
590.000
33
-310.9320
0
3DFACE
8
C2
10
240.000
20
580.000
30
-308.8943
11
250.000
21
580.000
31
-309.2967
12
250.000
22
590.000
32
-311.6077
13
240.000
23
590.000
33
-311.5695
0
3DFACE
8
C2
10
250.000
20
580.000
30
-309.2967
11
260.000
21
580.000
31
-309.5887
12
260.000
22
590.000
32
-311.5992
13
250.000
23
590.000
33
-311.6077
0
3DFACE
8
C2
10
260.000
20
580.000
30
-309.5887
11
270.000
21
580.000
31
-309.7453
12
270.000
22
590.000
32
-311.2092
13
260.000
23
590.000
33
-311.5992
0
3DFACE
8
C2
10
270.000
20
580.000
30
-309.7453
11
280.000
21
580.000
31
-309.9270
12
280.000
22
590.000
32
-311.2634
13
270.000
23
590.000
33
-311.2092
0
3DFACE
8
C2
10
280.000
20
580.000
30
-309.9270
11
290.000
21
580.000
31
-310.7843
12
290.000
22
590.000
32
-312.1716
13
280.000
23
590.000
33
-311.2634
0
3DFACE
8
C2
10
290.000
20
580.000
30
-310.7843
11
300.000
21
580.000
31
-310.5896
12
300.000
22
590.000
32
-311.9912
13
290.000
23
590.000
33
-312.1716
0
3DFACE
8
C2
10
300.000
20
580.000
30
-310.5896
11
310.000
21
580.000
31
-310.0059
12
310.000
22
590.000
32
-311.4448
13
300.000
23
590.000
33
-311.9912
0
3DFACE
8
C2
10
310.000
20
580.000
30
-310.0059
11
320.000
21
580.000
31
-308.8419
12
320.000
22
590.000
32
-310.0654
13
310.000
23
590.000
33
-311.4448
0
3DFACE
8
C2
10
320.000
20
580.000
30
-308.8419
11
330.000
21
580.000
31
-307.8191
12
330.000
22
590.000
32
-309.0603
13
320.000
23
590.000
33
-310.0654
0
3DFACE
8
C2
10
330.000
20
580.000
30
-307.8191
11
340.000
21
580.000
31
-306.8293
12
340.000
22
590.000
32
-308.4129
13
330.000
23
590.000
33
-309.0603
0
3DFACE
8
C2
10
340.000
20
580.000
30
-306.8293
11
350.000
21
580.000
31
-305.6858
12
350.000
22
590.000
32
-307.3030
13
340.000
23
590.000
33
-308.4129
0
3DFACE
8
C2
10
350.000
20
580.000
30
-305.6858
11
360.000
21
580.000
31
-304.4391
12
360.000
22
590.000
32
-306.0978
13
350.000
23
590.000
33
-307.3030
0
3DFACE
8
C2
10
360.000
20
580.000
30
-304.4391
11
370.000
21
580.000
31
-302.5284
12
370.000
22
590.000
32
-304.1804
13
360.000
23
590.000
33
-306.0978
0
3DFACE
8
C2
10
370.000
20
580.000
30
-302.5284
11
380.000
21
580.000
31
-301.7914
12
380.000
22
590.000
32
-303.2968
13
370.000
23
590.000
33
-304.1804
0
3DFACE
8
C2
10
380.000
20
580.000
30
-301.7914
11
390.000
21
580.000
31
-301.6423
12
390.000
22
590.000
32
-303.2141
13
380.000
23
590.000
33
-303.2968
0
3DFACE
8
C2
10
390.000
20
580.000
30
-301.6423
11
400.000
21
580.000
31
-301.5288
12
400.000
22
590.000
32
-302.9105
13
390.000
23
590.000
33
-303.2141
0
3DFACE
8
C2
10
400.000
20
580.000
30
-301.5288
11
410.000
21
580.000
31
-301.6225
12
410.000
22
590.000
32
-302.7748
13
400.000
23
590.000
33
-302.9105
0
3DFACE
8
C2
10
410.000
20
580.000
30
-301.6225
11
420.000
21
580.000
31
-301.3809
12
420.000
22
590.000
32
-302.4789
13
410.000
23
590.000
33
-302.7748
0
3DFACE
8
C2
10
420.000
20
580.000
30
-301.3809
11
430.000
21
580.000
31
-301.5920
12
430.000
22
590.000
32
-302.3053
13
420.000
23
590.000
33
-302.4789
0
3DFACE
8
C2
10
430.000
20
580.000
30
-301.5920
11
440.000
21
580.000
31
-302.3620
12
440.000
22
590.000
32
-302.6190
13
430.000
23
590.000
33
-302.3053
0
3DFACE
8
C2
10
440.000
20
580.000
30
-302.3620
11
450.000
21
580.000
31
-301.8392
12
450.000
22
590.000
32
-301.6912
13
440.000
23
590.000
33
-302.6190
0
3DFACE
8
C2
10
450.000
20
580.000
30
-301.8392
11
460.000
21
580.000
31
-300.8446
12
460.000
22
590.000
32
-300.2957
13
450.000
23
590.000
33
-301.6912
0
3DFACE
8
C2
10
460.000
20
580.000
30
-300.8446
11
470.000
21
580.000
31
-298.2629
12
470.000
22
590.000
32
-297.7842
13
460.000
23
590.000
33
-300.2957
0
3DFACE
8
C2
10
470.000
20
580.000
30
-298.2629
11
480.000
21
580.000
31
-296.8462
12
480.000
22
590.000
32
-295.8476
13
470.000
23
590.000
33
-297.7842
0
3DFACE
8
C2
10
480.000
20
580.000
30
-296.8462
11
490.000
21
580.000
31
-296.0742
12
490.000
22
590.000
32
-294.4100
13
480.000
23
590.000
33
-295.8476
0
3DFACE
8
C2
10
490.000
20
580.000
30
-296.0742
11
500.000
21
580.000
31
-295.2472
12
500.000
22
590.000
32
-293.2977
13
490.000
23
590.000
33
-294.4100
0
3DFACE
8
C2
10
500.000
20
580.000
30
-295.2472
11
510.000
21
580.000
31
-294.9587
12
510.000
22
590.000
32
-292.8262
13
500.000
23
590.000
33
-293.2977
0
3DFACE
8
C2
10
510.000
20
580.000
30
-294.9587
11
520.000
21
580.000
31
-295.5426
12
520.000
22
590.000
32
-293.6855
13
510.000
23
590.000
33
-292.8262
0
3DFACE
8
C2
10
520.000
20
580.000
30
-295.5426
11
530.000
21
580.000
31
-296.0740
12
530.000
22
590.000
32
-294.1723
13
520.000
23
590.000
33
-293.6855
0
3DFACE
8
C2
10
530.000
20
580.000
30
-296.0740
11
540.000
21
580.000
31
-298.1747
12
540.000
22
590.000
32
-295.7454
13
530.000
23
590.000
33
-294.1723
0
3DFACE
8
C2
10
540.000
20
580.000
30
-298.1747
11
550.000
21
580.000
31
-299.0775
12
550.000
22
590.000
32
-296.6302
13
540.000
23
590.000
33
-295.7454
0
3DFACE
8
C2
10
550.000
20
580.000
30
-299.0775
11
560.000
21
580.000
31
-299.8404
12
560.000
22
590.000
32
-297.2022
13
550.000
23
590.000
33
-296.6302
0
3DFACE
8
C2
10
560.000
20
580.000
30
-299.8404
11
570.000
21
580.000
31
-300.1909
12
570.000
22
590.000
32
-297.3650
13
560.000
23
590.000
33
-297.2022
0
3DFACE
8
C2
10
570.000
20
580.000
30
-300.1909
11
580.000
21
580.000
31
-300.7756
12
580.000
22
590.000
32
-297.6160
13
570.000
23
590.000
33
-297.3650
0
3DFACE
8
C2
10
580.000
20
580.000
30
-300.7756
11
590.000
21
580.000
31
-301.2362
12
590.000
22
590.000
32
-297.2145
13
580.000
23
590.000
33
-297.6160
0
3DFACE
8
C2
10
590.000
20
580.000
30
-301.2362
11
600.000
21
580.000
31
-302.2461
12
600.000
22
590.000
32
-297.7653
13
590.000
23
590.000
33
-297.2145
0
3DFACE
8
C2
10
600.000
20
580.000
30
-302.2461
11
610.000
21
580.000
31
-303.0842
12
610.000
22
590.000
32
-298.3642
13
600.000
23
590.000
33
-297.7653
0
3DFACE
8
C2
10
610.000
20
580.000
30
-303.0842
11
620.000
21
580.000
31
-303.7928
12
620.000
22
590.000
32
-299.0428
13
610.000
23
590.000
33
-298.3642
0
3DFACE
8
C2
10
620.000
20
580.000
30
-303.7928
11
630.000
21
580.000
31
-304.6657
12
630.000
22
590.000
32
-299.9399
13
620.000
23
590.000
33
-299.0428
0
3DFACE
8
C2
10
630.000
20
580.000
30
-304.6657
11
640.000
21
580.000
31
-305.4937
12
640.000
22
590.000
32
-300.7771
13
630.000
23
590.000
33
-299.9399
0
3DFACE
8
C2
10
640.000
20
580.000
30
-305.4937
11
650.000
21
580.000
31
-305.3992
12
650.000
22
590.000
32
-301.0063
13
640.000
23
590.000
33
-300.7771
0
3DFACE
8
C2
10
650.000
20
580.000
30
-305.3992
11
660.000
21
580.000
31
-304.1894
12
660.000
22
590.000
32
-300.4605
13
650.000
23
590.000
33
-301.0063
0
3DFACE
8
C2
10
660.000
20
580.000
30
-304.1894
11
670.000
21
580.000
31
-301.9384
12
670.000
22
590.000
32
-299.0179
13
660.000
23
590.000
33
-300.4605
0
3DFACE
8
C2
10
670.000
20
580.000
30
-301.9384
11
680.000
21
580.000
31
-299.7329
12
680.000
22
590.000
32
-297.4294
13
670.000
23
590.000
33
-299.0179
0
3DFACE
8
C2
10
680.000
20
580.000
30
-299.7329
11
690.000
21
580.000
31
-297.5590
12
690.000
22
590.000
32
-295.7968
13
680.000
23
590.000
33
-297.4294
0
3DFACE
8
C2
10
690.000
20
580.000
30
-297.5590
11
700.000
21
580.000
31
-295.2152
12
700.000
22
590.000
32
-294.0757
13
690.000
23
590.000
33
-295.7968
0
3DFACE
8
C2
10
0.000
20
590.000
30
-307.9547
11
10.000
21
590.000
31
-307.9647
12
10.000
22
600.000
32
-309.2683
13
0.000
23
600.000
33
-309.0998
0
3DFACE
8
C2
10
10.000
20
590.000
30
-307.9647
11
20.000
21
590.000
31
-309.3272
12
20.000
22
600.000
32
-310.6009
13
10.000
23
600.000
33
-309.2683
0
3DFACE
8
C2
10
20.000
20
590.000
30
-309.3272
11
30.000
21
590.000
31
-309.8179
12
30.000
22
600.000
32
-311.3759
13
20.000
23
600.000
33
-310.6009
0
3DFACE
8
C2
10
30.000
20
590.000
30
-309.8179
11
40.000
21
590.000
31
-310.5155
12
40.000
22
600.000
32
-312.4573
13
30.000
23
600.000
33
-311.3759
0
3DFACE
8
C2
10
40.000
20
590.000
30
-310.5155
11
50.000
21
590.000
31
-312.2941
12
50.000
22
600.000
32
-314.4215
13
40.000
23
600.000
33
-312.4573
0
3DFACE
8
C2
10
50.000
20
590.000
30
-312.2941
11
60.000
21
590.000
31
-314.8091
12
60.000
22
600.000
32
-316.9431
13
50.000
23
600.000
33
-314.4215
0
3DFACE
8
C2
10
60.000
20
590.000
30
-314.8091
11
70.000
21
590.000
31
-318.7972
12
70.000
22
600.000
32
-320.4628
13
60.000
23
600.000
33
-316.9431
0
3DFACE
8
C2
10
70.000
20
590.000
30
-318.7972
11
80.000
21
590.000
31
-320.8267
12
80.000
22
600.000
32
-322.6939
13
70.000
23
600.000
33
-320.4628
0
3DFACE
8
C2
10
80.000
20
590.000
30
-320.8267
11
90.000
21
590.000
31
-321.4355
12
90.000
22
600.000
32
-323.8214
13
80.000
23
600.000
33
-322.6939
0
3DFACE
8
C2
10
90.000
20
590.000
30
-321.4355
11
100.000
21
590.000
31
-322.9633
12
100.000
22
600.000
32
-325.5807
13
90.000
23
600.000
33
-323.8214
0
3DFACE
8
C2
10
100.000
20
590.000
30
-322.9633
11
110.000
21
590.000
31
-324.4587
12
110.000
22
600.000
32
-327.1289
13
100.000
23
600.000
33
-325.5807
0
3DFACE
8
C2
10
110.000
20
590.000
30
-324.4587
11
120.000
21
590.000
31
-326.9614
12
120.000
22
600.000
32
-329.2181
13
110.000
23
600.000
33
-327.1289
0
3DFACE
8
C2
10
120.000
20
590.000
30
-326.9614
11
130.000
21
590.000
31
-327.6049
12
130.000
22
600.000
32
-330.0074
13
120.000
23
600.000
33
-329.2181
0
3DFACE
8
C2
10
130.000
20
590.000
30
-327.6049
11
140.000
21
590.000
31
-325.9140
12
140.000
22
600.000
32
-329.0593
13
130.000
23
600.000
33
-330.0074
0
3DFACE
8
C2
10
140.000
20
590.000
30
-325.9140
11
150.000
21
590.000
31
-324.8066
12
150.000
22
600.000
32
-328.2119
13
140.000
23
600.000
33
-329.0593
0
3DFACE
8
C2
10
150.000
20
590.000
30
-324.8066
11
160.000
21
590.000
31
-323.2324
12
160.000
22
600.000
32
-326.7311
13
150.000
23
600.000
33
-328.2119
0
3DFACE
8
C2
10
160.000
20
590.000
30
-323.2324
11
170.000
21
590.000
31
-320.9082
12
170.000
22
600.000
32
-324.1919
13
160.000
23
600.000
33
-326.7311
0
3DFACE
8
C2
10
170.000
20
590.000
30
-320.9082
11
180.000
21
590.000
31
-319.1263
12
180.000
22
600.000
32
-322.4414
13
170.000
23
600.000
33
-324.1919
0
3DFACE
8
C2
10
180.000
20
590.000
30
-319.1263
11
190.000
21
590.000
31
-315.9910
12
190.000
22
600.000
32
-319.7940
13
180.000
23
600.000
33
-322.4414
0
3DFACE
8
C2
10
190.000
20
590.000
30
-315.9910
11
200.000
21
590.000
31
-314.1725
12
200.000
22
600.000
32
-317.8976
13
190.000
23
600.000
33
-319.7940
0
3DFACE
8
C2
10
200.000
20
590.000
30
-314.1725
11
210.000
21
590.000
31
-312.8197
12
210.000
22
600.000
32
-316.2531
13
200.000
23
600.000
33
-317.8976
0
3DFACE
8
C2
10
210.000
20
590.000
30
-312.8197
11
220.000
21
590.000
31
-311.1442
12
220.000
22
600.000
32
-313.9900
13
210.000
23
600.000
33
-316.2531
0
3DFACE
8
C2
10
220.000
20
590.000
30
-311.1442
11
230.000
21
590.000
31
-310.9320
12
230.000
22
600.000
32
-313.3604
13
220.000
23
600.000
33
-313.9900
0
3DFACE
8
C2
10
230.000
20
590.000
30
-310.9320
11
240.000
21
590.000
31
-311.5695
12
240.000
22
600.000
32
-313.8442
13
230.000
23
600.000
33
-313.3604
0
3DFACE
8
C2
10
240.000
20
590.000
30
-311.5695
11
250.000
21
590.000
31
-311.6077
12
250.000
22
600.000
32
-313.5406
13
240.000
23
600.000
33
-313.8442
0
3DFACE
8
C2
10
250.000
20
590.000
30
-311.6077
11
260.000
21
590.000
31
-311.5992
12
260.000
22
600.000
32
-313.1979
13
250.000
23
600.000
33
-313.5406
0
3DFACE
8
C2
10
260.000
20
590.000
30
-311.5992
11
270.000
21
590.000
31
-311.2092
12
270.000
22
600.000
32
-312.2988
13
260.000
23
600.000
33
-313.1979
0
3DFACE
8
C2
10
270.000
20
590.000
30
-311.2092
11
280.000
21
590.000
31
-311.2634
12
280.000
22
600.000
32
-312.1627
13
270.000
23
600.000
33
-312.2988
0
3DFACE
8
C2
10
280.000
20
590.000
30
-311.2634
11
290.000
21
590.000
31
-312.1716
12
290.000
22
600.000
32
-313.1487
13
280.000
23
600.000
33
-312.1627
0
3DFACE
8
C2
10
290.000
20
590.000
30
-312.1716
11
300.000
21
590.000
31
-311.9912
12
300.000
22
600.000
32
-312.9318
13
290.000
23
600.000
33
-313.1487
0
3DFACE
8
C2
10
300.000
20
590.000
30
-311.9912
11
310.000
21
590.000
31
-311.4448
12
310.000
22
600.000
32
-312.3805
13
300.000
23
600.000
33
-312.9318
0
3DFACE
8
C2
10
310.000
20
590.000
30
-311.4448
11
320.000
21
590.000
31
-310.0654
12
320.000
22
600.000
32
-310.8453
13
310.000
23
600.000
33
-312.3805
0
3DFACE
8
C2
10
320.000
20
590.000
30
-310.0654
11
330.000
21
590.000
31
-309.0603
12
330.000
22
600.000
32
-309.8547
13
320.000
23
600.000
33
-310.8453
0
3DFACE
8
C2
10
330.000
20
590.000
30
-309.0603
11
340.000
21
590.000
31
-308.4129
12
340.000
22
600.000
32
-309.5119
13
330.000
23
600.000
33
-309.8547
0
3DFACE
8
C2
10
340.000
20
590.000
30
-308.4129
11
350.000
21
590.000
31
-307.3030
12
350.000
22
600.000
32
-308.5416
13
340.000
23
600.000
33
-309.5119
0
3DFACE
8
C2
10
350.000
20
590.000
30
-307.3030
11
360.000
21
590.000
31
-306.0978
12
360.000
22
600.000
32
-307.4943
13
350.000
23
600.000
33
-308.5416
0
3DFACE
8
C2
10
360.000
20
590.000
30
-306.0978
11
370.000
21
590.000
31
-304.1804
12
370.000
22
600.000
32
-305.7033
13
360.000
23
600.000
33
-307.4943
0
3DFACE
8
C2
10
370.000
20
590.000
30
-304.1804
11
380.000
21
590.000
31
-303.2968
12
380.000
22
600.000
32
-304.8471
13
370.000
23
600.000
33
-305.7033
0
3DFACE
8
C2
10
380.000
20
590.000
30
-303.2968
11
390.000
21
590.000
31
-303.2141
12
390.000
22
600.000
32
-304.8931
13
380.000
23
600.000
33
-304.8471
0
3DFACE
8
C2
10
390.000
20
590.000
30
-303.2141
11
400.000
21
590.000
31
-302.9105
12
400.000
22
600.000
32
-304.5500
13
390.000
23
600.000
33
-304.8931
0
3DFACE
8
C2
10
400.000
20
590.000
30
-302.9105
11
410.000
21
590.000
31
-302.7748
12
410.000
22
600.000
32
-304.3238
13
400.000
23
600.000
33
-304.5500
0
3DFACE
8
C2
10
410.000
20
590.000
30
-302.7748
11
420.000
21
590.000
31
-302.4789
12
420.000
22
600.000
32
-303.9571
13
410.000
23
600.000
33
-304.3238
0
3DFACE
8
C2
10
420.000
20
590.000
30
-302.4789
11
430.000
21
590.000
31
-302.3053
12
430.000
22
600.000
32
-303.4542
13
420.000
23
600.000
33
-303.9571
0
3DFACE
8
C2
10
430.000
20
590.000
30
-302.3053
11
440.000
21
590.000
31
-302.6190
12
440.000
22
600.000
32
-303.4007
13
430.000
23
600.000
33
-303.4542
0
3DFACE
8
C2
10
440.000
20
590.000
30
-302.6190
11
450.000
21
590.000
31
-301.6912
12
450.000
22
600.000
32
-302.1997
13
440.000
23
600.000
33
-303.4007
0
3DFACE
8
C2
10
450.000
20
590.000
30
-301.6912
11
460.000
21
590.000
31
-300.2957
12
460.000
22
600.000
32
-300.6281
13
450.000
23
600.000
33
-302.1997
0
3DFACE
8
C2
10
460.000
20
590.000
30
-300.2957
11
470.000
21
590.000
31
-297.7842
12
470.000
22
600.000
32
-298.1676
13
460.000
23
600.000
33
-300.6281
0
3DFACE
8
C2
10
470.000
20
590.000
30
-297.7842
11
480.000
21
590.000
31
-295.8476
12
480.000
22
600.000
32
-295.9467
13
470.000
23
600.000
33
-298.1676
0
3DFACE
8
C2
10
480.000
20
590.000
30
-295.8476
11
490.000
21
590.000
31
-294.4100
12
490.000
22
600.000
32
-294.1033
13
480.000
23
600.000
33
-295.9467
0
3DFACE
8
C2
10
490.000
20
590.000
30
-294.4100
11
500.000
21
590.000
31
-293.2977
12
500.000
22
600.000
32
-292.7571
13
490.000
23
600.000
33
-294.1033
0
3DFACE
8
C2
10
500.000
20
590.000
30
-293.2977
11
510.000
21
590.000
31
-292.8262
12
510.000
22
600.000
32
-292.1413
13
500.000
23
600.000
33
-292.7571
0
3DFACE
8
C2
10
510.000
20
590.000
30
-292.8262
11
520.000
21
590.000
31
-293.6855
12
520.000
22
600.000
32
-293.0742
13
510.000
23
600.000
33
-292.1413
0
3DFACE
8
C2
10
520.000
20
590.000
30
-293.6855
11
530.000
21
590.000
31
-294.1723
12
530.000
22
600.000
32
-293.3595
13
520.000
23
600.000
33
-293.0742
0
3DFACE
8
C2
10
530.000
20
590.000
30
-294.1723
11
540.000
21
590.000
31
-295.7454
12
540.000
22
600.000
32
-294.4459
13
530.000
23
600.000
33
-293.3595
0
3DFACE
8
C2
10
540.000
20
590.000
30
-295.7454
11
550.000
21
590.000
31
-296.6302
12
550.000
22
600.000
32
-295.2006
13
540.000
23
600.000
33
-294.4459
0
3DFACE
8
C2
10
550.000
20
590.000
30
-296.6302
11
560.000
21
590.000
31
-297.2022
12
560.000
22
600.000
32
-295.7401
13
550.000
23
600.000
33
-295.2006
0
3DFACE
8
C2
10
560.000
20
590.000
30
-297.2022
11
570.000
21
590.000
31
-297.3650
12
570.000
22
600.000
32
-296.2256
13
560.000
23
600.000
33
-295.7401
0
3DFACE
8
C2
10
570.000
20
590.000
30
-297.3650
11
580.000
21
590.000
31
-297.6160
12
580.000
22
600.000
32
-296.2563
13
570.000
23
600.000
33
-296.2256
0
3DFACE
8
C2
10
580.000
20
590.000
30
-297.6160
11
590.000
21
590.000
31
-297.2145
12
590.000
22
600.000
32
-295.1260
13
580.000
23
600.000
33
-296.2563
0
3DFACE
8
C2
10
590.000
20
590.000
30
-297.2145
11
600.000
21
590.000
31
-297.7653
12
600.000
22
600.000
32
-295.1905
13
590.000
23
600.000
33
-295.1260
0
3DFACE
8
C2
10
600.000
20
590.000
30
-297.7653
11
610.000
21
590.000
31
-298.3642
12
610.000
22
600.000
32
-295.6759
13
600.000
23
600.000
33
-295.1905
0
3DFACE
8
C2
10
610.000
20
590.000
30
-298.3642
11
620.000
21
590.000
31
-299.0428
12
620.000
22
600.000
32
-296.7347
13
610.000
23
600.000
33
-295.6759
0
3DFACE
8
C2
10
620.000
20
590.000
30
-299.0428
11
630.000
21
590.000
31
-299.9399
12
630.000
22
600.000
32
-297.4093
13
620.000
23
600.000
33
-296.7347
0
3DFACE
8
C2
10
630.000
20
590.000
30
-299.9399
11
640.000
21
590.000
31
-300.7771
12
640.000
22
600.000
32
-297.7018
13
630.000
23
600.000
33
-297.4093
0
3DFACE
8
C2
10
640.000
20
590.000
30
-300.7771
11
650.000
21
590.000
31
-301.0063
12
650.000
22
600.000
32
-297.9002
13
640.000
23
600.000
33
-297.7018
0
3DFACE
8
C2
10
650.000
20
590.000
30
-301.0063
11
660.000
21
590.000
31
-300.4605
12
660.000
22
600.000
32
-297.7980
13
650.000
23
600.000
33
-297.9002
0
3DFACE
8
C2
10
660.000
20
590.000
30
-300.4605
11
670.000
21
590.000
31
-299.0179
12
670.000
22
600.000
32
-297.1477
13
660.000
23
600.000
33
-297.7980
0
3DFACE
8
C2
10
670.000
20
590.000
30
-299.0179
11
680.000
21
590.000
31
-297.4294
12
680.000
22
600.000
32
-296.0669
13
670.000
23
600.000
33
-297.1477
0
3DFACE
8
C2
10
680.000
20
590.000
30
-297.4294
11
690.000
21
590.000
31
-295.7968
12
690.000
22
600.000
32
-294.4317
13
680.000
23
600.000
33
-296.0669
0
3DFACE
8
C2
10
690.000
20
590.000
30
-295.7968
11
700.000
21
590.000
31
-294.0757
12
700.000
22
600.000
32
-293.2641
13
690.000
23
600.000
33
-294.4317
0
3DFACE
8
C2
10
0.000
20
600.000
30
-309.0998
11
10.000
21
600.000
31
-309.2683
12
10.000
22
610.000
32
-310.1219
13
0.000
23
610.000
33
-309.9040
0
3DFACE
8
C2
10
10.000
20
600.000
30
-309.2683
11
20.000
21
600.000
31
-310.6009
12
20.000
22
610.000
32
-311.4123
13
10.000
23
610.000
33
-310.1219
0
3DFACE
8
C2
10
20.000
20
600.000
30
-310.6009
11
30.000
21
600.000
31
-311.3759
12
30.000
22
610.000
32
-312.2315
13
20.000
23
610.000
33
-311.4123
0
3DFACE
8
C2
10
30.000
20
600.000
30
-311.3759
11
40.000
21
600.000
31
-312.4573
12
40.000
22
610.000
32
-313.3293
13
30.000
23
610.000
33
-312.2315
0
3DFACE
8
C2
10
40.000
20
600.000
30
-312.4573
11
50.000
21
600.000
31
-314.4215
12
50.000
22
610.000
32
-315.2192
13
40.000
23
610.000
33
-313.3293
0
3DFACE
8
C2
10
50.000
20
600.000
30
-314.4215
11
60.000
21
600.000
31
-316.9431
12
60.000
22
610.000
32
-317.5429
13
50.000
23
610.000
33
-315.2192
0
3DFACE
8
C2
10
60.000
20
600.000
30
-316.9431
11
70.000
21
600.000
31
-320.4628
12
70.000
22
610.000
32
-320.7112
13
60.000
23
610.000
33
-317.5429
0
3DFACE
8
C2
10
70.000
20
600.000
30
-320.4628
11
80.000
21
600.000
31
-322.6939
12
80.000
22
610.000
32
-322.9270
13
70.000
23
610.000
33
-320.7112
0
3DFACE
8
C2
10
80.000
20
600.000
30
-322.6939
11
90.000
21
600.000
31
-323.8214
12
90.000
22
610.000
32
-324.1498
13
80.000
23
610.000
33
-322.9270
0
3DFACE
8
C2
10
90.000
20
600.000
30
-323.8214
11
100.000
21
600.000
31
-325.5807
12
100.000
22
610.000
32
-325.9450
13
90.000
23
610.000
33
-324.1498
0
3DFACE
8
C2
10
100.000
20
600.000
30
-325.5807
11
110.000
21
600.000
31
-327.1289
12
110.000
22
610.000
32
-327.5826
13
100.000
23
610.000
33
-325.9450
0
3DFACE
8
C2
10
110.000
20
600.000
30
-327.1289
11
120.000
21
600.000
31
-329.2181
12
120.000
22
610.000
32
-329.6404
13
110.000
23
610.000
33
-327.5826
0
3DFACE
8
C2
10
120.000
20
600.000
30
-329.2181
11
130.000
21
600.000
31
-330.0074
12
130.000
22
610.000
32
-330.6858
13
120.000
23
610.000
33
-329.6404
0
3DFACE
8
C2
10
130.000
20
600.000
30
-330.0074
11
140.000
21
600.000
31
-329.0593
12
140.000
22
610.000
32
-330.2732
13
130.000
23
610.000
33
-330.6858
0
3DFACE
8
C2
10
140.000
20
600.000
30
-329.0593
11
150.000
21
600.000
31
-328.2119
12
150.000
22
610.000
32
-329.8043
13
140.000
23
610.000
33
-330.2732
0
3DFACE
8
C2
10
150.000
20
600.000
30
-328.2119
11
160.000
21
600.000
31
-326.7311
12
160.000
22
610.000
32
-328.7545
13
150.000
23
610.000
33
-329.8043
0
3DFACE
8
C2
10
160.000
20
600.000
30
-326.7311
11
170.000
21
600.000
31
-324.1919
12
170.000
22
610.000
32
-326.4349
13
160.000
23
610.000
33
-328.7545
0
3DFACE
8
C2
10
170.000
20
600.000
30
-324.1919
11
180.000
21
600.000
31
-322.4414
12
180.000
22
610.000
32
-325.1099
13
170.000
23
610.000
33
-326.4349
0
3DFACE
8
C2
10
180.000
20
600.000
30
-322.4414
11
190.000
21
600.000
31
-319.7940
12
190.000
22
610.000
32
-323.0329
13
180.000
23
610.000
33
-325.1099
0
3DFACE
8
C2
10
190.000
20
600.000
30
-319.7940
11
200.000
21
600.000
31
-317.8976
12
200.000
22
610.000
32
-321.3669
13
190.000
23
610.000
33
-323.0329
0
3DFACE
8
C2
10
200.000
20
600.000
30
-317.8976
11
210.000
21
600.000
31
-316.2531
12
210.000
22
610.000
32
-319.7349
13
200.000
23
610.000
33
-321.3669
0
3DFACE
8
C2
10
210.000
20
600.000
30
-316.2531
11
220.000
21
600.000
31
-313.9900
12
220.000
22
610.000
32
-317.0292
13
210.000
23
610.000
33
-319.7349
0
3DFACE
8
C2
10
220.000
20
600.000
30
-313.9900
11
230.000
21
600.000
31
-313.3604
12
230.000
22
610.000
32
-316.1788
13
220.000
23
610.000
33
-317.0292
0
3DFACE
8
C2
10
230.000
20
600.000
30
-313.3604
11
240.000
21
600.000
31
-313.8442
12
240.000
22
610.000
32
-316.6510
13
230.000
23
610.000
33
-316.1788
0
3DFACE
8
C2
10
240.000
20
600.000
30
-313.8442
11
250.000
21
600.000
31
-313.5406
12
250.000
22
610.000
32
-316.0830
13
240.000
23
610.000
33
-316.6510
0
3DFACE
8
C2
10
250.000
20
600.000
30
-313.5406
11
260.000
21
600.000
31
-313.1979
12
260.000
22
610.000
32
-315.4032
13
250.000
23
610.000
33
-316.0830
0
3DFACE
8
C2
10
260.000
20
600.000
30
-313.1979
11
270.000
21
600.000
31
-312.2988
12
270.000
22
610.000
32
-313.8977
13
260.000
23
610.000
33
-315.4032
0
3DFACE
8
C2
10
270.000
20
600.000
30
-312.2988
11
280.000
21
600.000
31
-312.1627
12
280.000
22
610.000
32
-313.5825
13
270.000
23
610.000
33
-313.8977
0
3DFACE
8
C2
10
280.000
20
600.000
30
-312.1627
11
290.000
21
600.000
31
-313.1487
12
290.000
22
610.000
32
-314.8035
13
280.000
23
610.000
33
-313.5825
0
3DFACE
8
C2
10
290.000
20
600.000
30
-313.1487
11
300.000
21
600.000
31
-312.9318
12
300.000
22
610.000
32
-314.5466
13
290.000
23
610.000
33
-314.8035
0
3DFACE
8
C2
10
300.000
20
600.000
30
-312.9318
11
310.000
21
600.000
31
-312.3805
12
310.000
22
610.000
32
-313.8908
13
300.000
23
610.000
33
-314.5466
0
3DFACE
8
C2
10
310.000
20
600.000
30
-312.3805
11
320.000
21
600.000
31
-310.8453
12
320.000
22
610.000
32
-312.0294
13
310.000
23
610.000
33
-313.8908
0
3DFACE
8
C2
10
320.000
20
600.000
30
-310.8453
11
330.000
21
600.000
31
-309.8547
12
330.000
22
610.000
32
-311.0227
13
320.000
23
610.000
33
-312.0294
0
3DFACE
8
C2
10
330.000
20
600.000
30
-309.8547
11
340.000
21
600.000
31
-309.5119
12
340.000
22
610.000
32
-311.0646
13
330.000
23
610.000
33
-311.0227
0
3DFACE
8
C2
10
340.000
20
600.000
30
-309.5119
11
350.000
21
600.000
31
-308.5416
12
350.000
22
610.000
32
-310.2061
13
340.000
23
610.000
33
-311.0646
0
3DFACE
8
C2
10
350.000
20
600.000
30
-308.5416
11
360.000
21
600.000
31
-307.4943
12
360.000
22
610.000
32
-309.2448
13
350.000
23
610.000
33
-310.2061
0
3DFACE
8
C2
10
360.000
20
600.000
30
-307.4943
11
370.000
21
600.000
31
-305.7033
12
370.000
22
610.000
32
-307.5008
13
360.000
23
610.000
33
-309.2448
0
3DFACE
8
C2
10
370.000
20
600.000
30
-305.7033
11
380.000
21
600.000
31
-304.8471
12
380.000
22
610.000
32
-306.6768
13
370.000
23
610.000
33
-307.5008
0
3DFACE
8
C2
10
380.000
20
600.000
30
-304.8471
11
390.000
21
600.000
31
-304.8931
12
390.000
22
610.000
32
-306.9812
13
380.000
23
610.000
33
-306.6768
0
3DFACE
8
C2
10
390.000
20
600.000
30
-304.8931
11
400.000
21
600.000
31
-304.5500
12
400.000
22
610.000
32
-306.6350
13
390.000
23
610.000
33
-306.9812
0
3DFACE
8
C2
10
400.000
20
600.000
30
-304.5500
11
410.000
21
600.000
31
-304.3238
12
410.000
22
610.000
32
-306.2982
13
400.000
23
610.000
33
-306.6350
0
3DFACE
8
C2
10
410.000
20
600.000
30
-304.3238
11
420.000
21
600.000
31
-303.9571
12
420.000
22
610.000
32
-305.7068
13
410.000
23
610.000
33
-306.2982
0
3DFACE
8
C2
10
420.000
20
600.000
30
-303.9571
11
430.000
21
600.000
31
-303.4542
12
430.000
22
610.000
32
-304.9536
13
420.000
23
610.000
33
-305.7068
0
3DFACE
8
C2
10
430.000
20
600.000
30
-303.4542
11
440.000
21
600.000
31
-303.4007
12
440.000
22
610.000
32
-304.7067
13
430.000
23
610.000
33
-304.9536
0
3DFACE
8
C2
10
440.000
20
600.000
30
-303.4007
11
450.000
21
600.000
31
-302.1997
12
450.000
22
610.000
32
-303.3759
13
440.000
23
610.000
33
-304.7067
0
3DFACE
8
C2
10
450.000
20
600.000
30
-302.1997
11
460.000
21
600.000
31
-300.6281
12
460.000
22
610.000
32
-301.7138
13
450.000
23
610.000
33
-303.3759
0
3DFACE
8
C2
10
460.000
20
600.000
30
-300.6281
11
470.000
21
600.000
31
-298.1676
12
470.000
22
610.000
32
-299.2639
13
460.000
23
610.000
33
-301.7138
0
3DFACE
8
C2
10
470.000
20
600.000
30
-298.1676
11
480.000
21
600.000
31
-295.9467
12
480.000
22
610.000
32
-296.8367
13
470.000
23
610.000
33
-299.2639
0
3DFACE
8
C2
10
480.000
20
600.000
30
-295.9467
11
490.000
21
600.000
31
-294.1033
12
490.000
22
610.000
32
-294.7839
13
480.000
23
610.000
33
-296.8367
0
3DFACE
8
C2
10
490.000
20
600.000
30
-294.1033
11
500.000
21
600.000
31
-292.7571
12
500.000
22
610.000
32
-293.2246
13
490.000
23
610.000
33
-294.7839
0
3DFACE
8
C2
10
500.000
20
600.000
30
-292.7571
11
510.000
21
600.000
31
-292.1413
12
510.000
22
610.000
32
-292.3215
13
500.000
23
610.000
33
-293.2246
0
3DFACE
8
C2
10
510.000
20
600.000
30
-292.1413
11
520.000
21
600.000
31
-293.0742
12
520.000
22
610.000
32
-293.1386
13
510.000
23
610.000
33
-292.3215
0
3DFACE
8
C2
10
520.000
20
600.000
30
-293.0742
11
530.000
21
600.000
31
-293.3595
12
530.000
22
610.000
32
-292.9964
13
520.000
23
610.000
33
-293.1386
0
3DFACE
8
C2
10
530.000
20
600.000
30
-293.3595
11
540.000
21
600.000
31
-294.4459
12
540.000
22
610.000
32
-293.5255
13
530.000
23
610.000
33
-292.9964
0
3DFACE
8
C2
10
540.000
20
600.000
30
-294.4459
11
550.000
21
600.000
31
-295.2006
12
550.000
22
610.000
32
-294.0013
13
540.000
23
610.000
33
-293.5255
0
3DFACE
8
C2
10
550.000
20
600.000
30
-295.2006
11
560.000
21
600.000
31
-295.7401
12
560.000
22
610.000
32
-294.4309
13
550.000
23
610.000
33
-294.0013
0
3DFACE
8
C2
10
560.000
20
600.000
30
-295.7401
11
570.000
21
600.000
31
-296.2256
12
570.000
22
610.000
32
-295.1485
13
560.000
23
610.000
33
-294.4309
0
3DFACE
8
C2
10
570.000
20
600.000
30
-296.2256
11
580.000
21
600.000
31
-296.2563
12
580.000
22
610.000
32
-294.9660
13
570.000
23
610.000
33
-295.1485
0
3DFACE
8
C2
10
580.000
20
600.000
30
-296.2563
11
590.000
21
600.000
31
-295.1260
12
590.000
22
610.000
32
-293.1736
13
580.000
23
610.000
33
-294.9660
0
3DFACE
8
C2
10
590.000
20
600.000
30
-295.1260
11
600.000
21
600.000
31
-295.1905
12
600.000
22
610.000
32
-292.8588
13
590.000
23
610.000
33
-293.1736
0
3DFACE
8
C2
10
600.000
20
600.000
30
-295.1905
11
610.000
21
600.000
31
-295.6759
12
610.000
22
610.000
32
-293.2607
13
600.000
23
610.000
33
-292.8588
0
3DFACE
8
C2
10
610.000
20
600.000
30
-295.6759
11
620.000
21
600.000
31
-296.7347
12
620.000
22
610.000
32
-294.6492
13
610.000
23
610.000
33
-293.2607
0
3DFACE
8
C2
10
620.000
20
600.000
30
-296.7347
11
630.000
21
600.000
31
-297.4093
12
630.000
22
610.000
32
-295.1483
13
620.000
23
610.000
33
-294.6492
0
3DFACE
8
C2
10
630.000
20
600.000
30
-297.4093
11
640.000
21
600.000
31
-297.7018
12
640.000
22
610.000
32
-294.8839
13
630.000
23
610.000
33
-295.1483
0
3DFACE
8
C2
10
640.000
20
600.000
30
-297.7018
11
650.000
21
600.000
31
-297.9002
12
650.000
22
610.000
32
-295.0179
13
640.000
23
610.000
33
-294.8839
0
3DFACE
8
C2
10
650.000
20
600.000
30
-297.9002
11
660.000
21
600.000
31
-297.7980
12
660.000
22
610.000
32
-295.3336
13
650.000
23
610.000
33
-295.0179
0
3DFACE
8
C2
10
660.000
20
600.000
30
-297.7980
11
670.000
21
600.000
31
-297.1477
12
670.000
22
610.000
32
-295.4575
13
660.000
23
610.000
33
-295.3336
0
3DFACE
8
C2
10
670.000
20
600.000
30
-297.1477
11
680.000
21
600.000
31
-296.0669
12
680.000
22
610.000
32
-294.9139
13
670.000
23
610.000
33
-295.4575
0
3DFACE
8
C2
10
680.000
20
600.000
30
-296.0669
11
690.000
21
600.000
31
-294.4317
12
690.000
22
610.000
32
-293.3858
13
680.000
23
610.000
33
-294.9139
0
3DFACE
8
C2
10
690.000
20
600.000
30
-294.4317
11
700.000
21
600.000
31
-293.2641
12
700.000
22
610.000
32
-292.7279
13
690.000
23
610.000
33
-293.3858
0
3DFACE
8
C2
10
0.000
20
610.000
30
-309.9040
11
10.000
21
610.000
31
-310.1219
12
10.000
22
620.000
32
-310.1423
13
0.000
23
620.000
33
-309.7991
0
3DFACE
8
C2
10
10.000
20
610.000
30
-310.1219
11
20.000
21
610.000
31
-311.4123
12
20.000
22
620.000
32
-311.6063
13
10.000
23
620.000
33
-310.1423
0
3DFACE
8
C2
10
20.000
20
610.000
30
-311.4123
11
30.000
21
610.000
31
-312.2315
12
30.000
22
620.000
32
-312.4527
13
20.000
23
620.000
33
-311.6063
0
3DFACE
8
C2
10
30.000
20
610.000
30
-312.2315
11
40.000
21
610.000
31
-313.3293
12
40.000
22
620.000
32
-313.5701
13
30.000
23
620.000
33
-312.4527
0
3DFACE
8
C2
10
40.000
20
610.000
30
-313.3293
11
50.000
21
610.000
31
-315.2192
12
50.000
22
620.000
32
-315.3636
13
40.000
23
620.000
33
-313.5701
0
3DFACE
8
C2
10
50.000
20
610.000
30
-315.2192
11
60.000
21
610.000
31
-317.5429
12
60.000
22
620.000
32
-317.4424
13
50.000
23
620.000
33
-315.3636
0
3DFACE
8
C2
10
60.000
20
610.000
30
-317.5429
11
70.000
21
610.000
31
-320.7112
12
70.000
22
620.000
32
-320.3869
13
60.000
23
620.000
33
-317.4424
0
3DFACE
8
C2
10
70.000
20
610.000
30
-320.7112
11
80.000
21
610.000
31
-322.9270
12
80.000
22
620.000
32
-322.4725
13
70.000
23
620.000
33
-320.3869
0
3DFACE
8
C2
10
80.000
20
610.000
30
-322.9270
11
90.000
21
610.000
31
-324.1498
12
90.000
22
620.000
32
-323.5653
13
80.000
23
620.000
33
-322.4725
0
3DFACE
8
C2
10
90.000
20
610.000
30
-324.1498
11
100.000
21
610.000
31
-325.9450
12
100.000
22
620.000
32
-325.3854
13
90.000
23
620.000
33
-323.5653
0
3DFACE
8
C2
10
100.000
20
610.000
30
-325.9450
11
110.000
21
610.000
31
-327.5826
12
110.000
22
620.000
32
-327.0645
13
100.000
23
620.000
33
-325.3854
0
3DFACE
8
C2
10
110.000
20
610.000
30
-327.5826
11
120.000
21
610.000
31
-329.6404
12
120.000
22
620.000
32
-329.2144
13
110.000
23
620.000
33
-327.0645
0
3DFACE
8
C2
10
120.000
20
610.000
30
-329.6404
11
130.000
21
610.000
31
-330.6858
12
130.000
22
620.000
32
-330.4874
13
120.000
23
620.000
33
-329.2144
0
3DFACE
8
C2
10
130.000
20
610.000
30
-330.6858
11
140.000
21
610.000
31
-330.2732
12
140.000
22
620.000
32
-330.4023
13
130.000
23
620.000
33
-330.4874
0
3DFACE
8
C2
10
140.000
20
610.000
30
-330.2732
11
150.000
21
610.000
31
-329.8043
12
150.000
22
620.000
32
-330.4434
13
140.000
23
620.000
33
-330.4023
0
3DFACE
8
C2
10
150.000
20
610.000
30
-329.8043
11
160.000
21
610.000
31
-328.7545
12
160.000
22
620.000
32
-330.0196
13
150.000
23
620.000
33
-330.4434
0
3DFACE
8
C2
10
160.000
20
610.000
30
-328.7545
11
170.000
21
610.000
31
-326.4349
12
170.000
22
620.000
32
-328.0908
13
160.000
23
620.000
33
-330.0196
0
3DFACE
8
C2
10
170.000
20
610.000
30
-326.4349
11
180.000
21
610.000
31
-325.1099
12
180.000
22
620.000
32
-327.4270
13
170.000
23
620.000
33
-328.0908
0
3DFACE
8
C2
10
180.000
20
610.000
30
-325.1099
11
190.000
21
610.000
31
-323.0329
12
190.000
22
620.000
32
-325.9466
13
180.000
23
620.000
33
-327.4270
0
3DFACE
8
C2
10
190.000
20
610.000
30
-323.0329
11
200.000
21
610.000
31
-321.3669
12
200.000
22
620.000
32
-324.7729
13
190.000
23
620.000
33
-325.9466
0
3DFACE
8
C2
10
200.000
20
610.000
30
-321.3669
11
210.000
21
610.000
31
-319.7349
12
210.000
22
620.000
32
-323.4783
13
200.000
23
620.000
33
-324.7729
0
3DFACE
8
C2
10
210.000
20
610.000
30
-319.7349
11
220.000
21
610.000
31
-317.0292
12
220.000
22
620.000
32
-320.3676
13
210.000
23
620.000
33
-323.4783
0
3DFACE
8
C2
10
220.000
20
610.000
30
-317.0292
11
230.000
21
610.000
31
-316.1788
12
230.000
22
620.000
32
-319.5186
13
220.000
23
620.000
33
-320.3676
0
3DFACE
8
C2
10
230.000
20
610.000
30
-316.1788
11
240.000
21
610.000
31
-316.6510
12
240.000
22
620.000
32
-320.1299
13
230.000
23
620.000
33
-319.5186
0
3DFACE
8
C2
10
240.000
20
610.000
30
-316.6510
11
250.000
21
610.000
31
-316.0830
12
250.000
22
620.000
32
-319.3775
13
240.000
23
620.000
33
-320.1299
0
3DFACE
8
C2
10
250.000
20
610.000
30
-316.0830
11
260.000
21
610.000
31
-315.4032
12
260.000
22
620.000
32
-318.4977
13
250.000
23
620.000
33
-319.3775
0
3DFACE
8
C2
10
260.000
20
610.000
30
-315.4032
11
270.000
21
610.000
31
-313.8977
12
270.000
22
620.000
32
-316.3177
13
260.000
23
620.000
33
-318.4977
0
3DFACE
8
C2
10
270.000
20
610.000
30
-313.8977
11
280.000
21
610.000
31
-313.5825
12
280.000
22
620.000
32
-315.8310
13
270.000
23
620.000
33
-316.3177
0
3DFACE
8
C2
10
280.000
20
610.000
30
-313.5825
11
290.000
21
610.000
31
-314.8035
12
290.000
22
620.000
32
-317.4691
13
280.000
23
620.000
33
-315.8310
0
3DFACE
8
C2
10
290.000
20
610.000
30
-314.8035
11
300.000
21
610.000
31
-314.5466
12
300.000
22
620.000
32
-316.9868
13
290.000
23
620.000
33
-317.4691
0
3DFACE
8
C2
10
300.000
20
610.000
30
-314.5466
11
310.000
21
610.000
31
-313.8908
12
310.000
22
620.000
32
-316.1671
13
300.000
23
620.000
33
-316.9868
0
3DFACE
8
C2
10
310.000
20
610.000
30
-313.8908
11
320.000
21
610.000
31
-312.0294
12
320.000
22
620.000
32
-313.8972
13
310.000
23
620.000
33
-316.1671
0
3DFACE
8
C2
10
320.000
20
610.000
30
-312.0294
11
330.000
21
610.000
31
-311.0227
12
330.000
22
620.000
32
-312.8441
13
320.000
23
620.000
33
-313.8972
0
3DFACE
8
C2
10
330.000
20
610.000
30
-311.0227
11
340.000
21
610.000
31
-311.0646
12
340.000
22
620.000
32
-313.3259
13
330.000
23
620.000
33
-312.8441
0
3DFACE
8
C2
10
340.000
20
610.000
30
-311.0646
11
350.000
21
610.000
31
-310.2061
12
350.000
22
620.000
32
-312.3992
13
340.000
23
620.000
33
-313.3259
0
3DFACE
8
C2
10
350.000
20
610.000
30
-310.2061
11
360.000
21
610.000
31
-309.2448
12
360.000
22
620.000
32
-311.3614
13
350.000
23
620.000
33
-312.3992
0
3DFACE
8
C2
10
360.000
20
610.000
30
-309.2448
11
370.000
21
610.000
31
-307.5008
12
370.000
22
620.000
32
-309.6012
13
360.000
23
620.000
33
-311.3614
0
3DFACE
8
C2
10
370.000
20
610.000
30
-307.5008
11
380.000
21
610.000
31
-306.6768
12
380.000
22
620.000
32
-308.7885
13
370.000
23
620.000
33
-309.6012
0
3DFACE
8
C2
10
380.000
20
610.000
30
-306.6768
11
390.000
21
610.000
31
-306.9812
12
390.000
22
620.000
32
-309.3603
13
380.000
23
620.000
33
-308.7885
0
3DFACE
8
C2
10
390.000
20
610.000
30
-306.9812
11
400.000
21
610.000
31
-306.6350
12
400.000
22
620.000
32
-308.9143
13
390.000
23
620.000
33
-309.3603
0
3DFACE
8
C2
10
400.000
20
610.000
30
-306.6350
11
410.000
21
610.000
31
-306.2982
12
410.000
22
620.000
32
-308.4451
13
400.000
23
620.000
33
-308.9143
0
3DFACE
8
C2
10
410.000
20
610.000
30
-306.2982
11
420.000
21
610.000
31
-305.7068
12
420.000
22
620.000
32
-307.6106
13
410.000
23
620.000
33
-308.4451
0
3DFACE
8
C2
10
420.000
20
610.000
30
-305.7068
11
430.000
21
610.000
31
-304.9536
12
430.000
22
620.000
32
-306.7214
13
420.000
23
620.000
33
-307.6106
0
3DFACE
8
C2
10
430.000
20
610.000
30
-304.9536
11
440.000
21
610.000
31
-304.7067
12
440.000
22
620.000
32
-306.3651
13
430.000
23
620.000
33
-306.7214
0
3DFACE
8
C2
10
440.000
20
610.000
30
-304.7067
11
450.000
21
610.000
31
-303.3759
12
450.000
22
620.000
32
-304.9856
13
440.000
23
620.000
33
-306.3651
0
3DFACE
8
C2
10
450.000
20
610.000
30
-303.3759
11
460.000
21
610.000
31
-301.7138
12
460.000
22
620.000
32
-303.3215
13
450.000
23
620.000
33
-304.9856
0
3DFACE
8
C2
10
460.000
20
610.000
30
-301.7138
11
470.000
21
610.000
31
-299.2639
12
470.000
22
620.000
32
-300.9371
13
460.000
23
620.000
33
-303.3215
0
3DFACE
8
C2
10
470.000
20
610.000
30
-299.2639
11
480.000
21
610.000
31
-296.8367
12
480.000
22
620.000
32
-298.4448
13
470.000
23
620.000
33
-300.9371
0
3DFACE
8
C2
10
480.000
20
610.000
30
-296.8367
11
490.000
21
610.000
31
-294.7839
12
490.000
22
620.000
32
-296.2915
13
480.000
23
620.000
33
-298.4448
0
3DFACE
8
C2
10
490.000
20
610.000
30
-294.7839
11
500.000
21
610.000
31
-293.2246
12
500.000
22
620.000
32
-294.4236
13
490.000
23
620.000
33
-296.2915
0
3DFACE
8
C2
10
500.000
20
610.000
30
-293.2246
11
510.000
21
610.000
31
-292.3215
12
510.000
22
620.000
32
-293.0214
13
500.000
23
620.000
33
-294.4236
0
3DFACE
8
C2
10
510.000
20
610.000
30
-292.3215
11
520.000
21
610.000
31
-293.1386
12
520.000
22
620.000
32
-293.5863
13
510.000
23
620.000
33
-293.0214
0
3DFACE
8
C2
10
520.000
20
610.000
30
-293.1386
11
530.000
21
610.000
31
-292.9964
12
530.000
22
620.000
32
-292.8223
13
520.000
23
620.000
33
-293.5863
0
3DFACE
8
C2
10
530.000
20
610.000
30
-292.9964
11
540.000
21
610.000
31
-293.5255
12
540.000
22
620.000
32
-292.6845
13
530.000
23
620.000
33
-292.8223
0
3DFACE
8
C2
10
540.000
20
610.000
30
-293.5255
11
550.000
21
610.000
31
-294.0013
12
550.000
22
620.000
32
-292.6882
13
540.000
23
620.000
33
-292.6845
0
3DFACE
8
C2
10
550.000
20
610.000
30
-294.0013
11
560.000
21
610.000
31
-294.4309
12
560.000
22
620.000
32
-292.8853
13
550.000
23
620.000
33
-292.6882
0
3DFACE
8
C2
10
560.000
20
610.000
30
-294.4309
11
570.000
21
610.000
31
-295.1485
12
570.000
22
620.000
32
-293.4276
13
560.000
23
620.000
33
-292.8853
0
3DFACE
8
C2
10
570.000
20
610.000
30
-295.1485
11
580.000
21
610.000
31
-294.9660
12
580.000
22
620.000
32
-293.1545
13
570.000
23
620.000
33
-293.4276
0
3DFACE
8
C2
10
580.000
20
610.000
30
-294.9660
11
590.000
21
610.000
31
-293.1736
12
590.000
22
620.000
32
-290.7099
13
580.000
23
620.000
33
-293.1545
0
3DFACE
8
C2
10
590.000
20
610.000
30
-293.1736
11
600.000
21
610.000
31
-292.8588
12
600.000
22
620.000
32
-290.0538
13
590.000
23
620.000
33
-290.7099
0
3DFACE
8
C2
10
600.000
20
610.000
30
-292.8588
11
610.000
21
610.000
31
-293.2607
12
610.000
22
620.000
32
-290.1964
13
600.000
23
620.000
33
-290.0538
0
3DFACE
8
C2
10
610.000
20
610.000
30
-293.2607
11
620.000
21
610.000
31
-294.6492
12
620.000
22
620.000
32
-291.7986
13
610.000
23
620.000
33
-290.1964
0
3DFACE
8
C2
10
620.000
20
610.000
30
-294.6492
11
630.000
21
610.000
31
-295.1483
12
630.000
22
620.000
32
-291.8223
13
620.000
23
620.000
33
-291.7986
0
3DFACE
8
C2
10
630.000
20
610.000
30
-295.1483
11
640.000
21
610.000
31
-294.8839
12
640.000
22
620.000
32
-291.1812
13
630.000
23
620.000
33
-291.8223
0
3DFACE
8
C2
10
640.000
20
610.000
30
-294.8839
11
650.000
21
610.000
31
-295.0179
12
650.000
22
620.000
32
-291.3005
13
640.000
23
620.000
33
-291.1812
0
3DFACE
8
C2
10
650.000
20
610.000
30
-295.0179
11
660.000
21
610.000
31
-295.3336
12
660.000
22
620.000
32
-292.1267
13
650.000
23
620.000
33
-291.3005
0
3DFACE
8
C2
10
660.000
20
610.000
30
-295.3336
11
670.000
21
610.000
31
-295.4575
12
670.000
22
620.000
32
-293.0830
13
660.000
23
620.000
33
-292.1267
0
3DFACE
8
C2
10
670.000
20
610.000
30
-295.4575
11
680.000
21
610.000
31
-294.9139
12
680.000
22
620.000
32
-293.3000
13
670.000
23
620.000
33
-293.0830
0
3DFACE
8
C2
10
680.000
20
610.000
30
-294.9139
11
690.000
21
610.000
31
-293.3858
12
690.000
22
620.000
32
-292.0282
13
680.000
23
620.000
33
-293.3000
0
3DFACE
8
C2
10
690.000
20
610.000
30
-293.3858
11
700.000
21
610.000
31
-292.7279
12
700.000
22
620.000
32
-292.2392
13
690.000
23
620.000
33
-292.0282
0
3DFACE
8
C2
10
0.000
20
620.000
30
-309.7991
11
10.000
21
620.000
31
-310.1423
12
10.000
22
630.000
32
-310.8428
13
0.000
23
630.000
33
-310.3894
0
3DFACE
8
C2
10
10.000
20
620.000
30
-310.1423
11
20.000
21
620.000
31
-311.6063
12
20.000
22
630.000
32
-312.3662
13
10.000
23
630.000
33
-310.8428
0
3DFACE
8
C2
10
20.000
20
620.000
30
-311.6063
11
30.000
21
620.000
31
-312.4527
12
30.000
22
630.000
32
-313.3482
13
20.000
23
630.000
33
-312.3662
0
3DFACE
8
C2
10
30.000
20
620.000
30
-312.4527
11
40.000
21
620.000
31
-313.5701
12
40.000
22
630.000
32
-314.5977
13
30.000
23
630.000
33
-313.3482
0
3DFACE
8
C2
10
40.000
20
620.000
30
-313.5701
11
50.000
21
620.000
31
-315.3636
12
50.000
22
630.000
32
-316.4011
13
40.000
23
630.000
33
-314.5977
0
3DFACE
8
C2
10
50.000
20
620.000
30
-315.3636
11
60.000
21
620.000
31
-317.4424
12
60.000
22
630.000
32
-318.4296
13
50.000
23
630.000
33
-316.4011
0
3DFACE
8
C2
10
60.000
20
620.000
30
-317.4424
11
70.000
21
620.000
31
-320.3869
12
70.000
22
630.000
32
-321.2213
13
60.000
23
630.000
33
-318.4296
0
3DFACE
8
C2
10
70.000
20
620.000
30
-320.3869
11
80.000
21
620.000
31
-322.4725
12
80.000
22
630.000
32
-323.2230
13
70.000
23
630.000
33
-321.2213
0
3DFACE
8
C2
10
80.000
20
620.000
30
-322.4725
11
90.000
21
620.000
31
-323.5653
12
90.000
22
630.000
32
-324.2914
13
80.000
23
630.000
33
-323.2230
0
3DFACE
8
C2
10
90.000
20
620.000
30
-323.5653
11
100.000
21
620.000
31
-325.3854
12
100.000
22
630.000
32
-326.0381
13
90.000
23
630.000
33
-324.2914
0
3DFACE
8
C2
10
100.000
20
620.000
30
-325.3854
11
110.000
21
620.000
31
-327.0645
12
110.000
22
630.000
32
-327.6345
13
100.000
23
630.000
33
-326.0381
0
3DFACE
8
C2
10
110.000
20
620.000
30
-327.0645
11
120.000
21
620.000
31
-329.2144
12
120.000
22
630.000
32
-329.6786
13
110.000
23
630.000
33
-327.6345
0
3DFACE
8
C2
10
120.000
20
620.000
30
-329.2144
11
130.000
21
620.000
31
-330.4874
12
130.000
22
630.000
32
-330.9649
13
120.000
23
630.000
33
-329.6786
0
3DFACE
8
C2
10
130.000
20
620.000
30
-330.4874
11
140.000
21
620.000
31
-330.4023
12
140.000
22
630.000
32
-331.0453
13
130.000
23
630.000
33
-330.9649
0
3DFACE
8
C2
10
140.000
20
620.000
30
-330.4023
11
150.000
21
620.000
31
-330.4434
12
150.000
22
630.000
32
-331.2460
13
140.000
23
630.000
33
-331.0453
0
3DFACE
8
C2
10
150.000
20
620.000
30
-330.4434
11
160.000
21
620.000
31
-330.0196
12
160.000
22
630.000
32
-331.0102
13
150.000
23
630.000
33
-331.2460
0
3DFACE
8
C2
10
160.000
20
620.000
30
-330.0196
11
170.000
21
620.000
31
-328.0908
12
170.000
22
630.000
32
-329.2147
13
160.000
23
630.000
33
-331.0102
0
3DFACE
8
C2
10
170.000
20
620.000
30
-328.0908
11
180.000
21
620.000
31
-327.4270
12
180.000
22
630.000
32
-328.7171
13
170.000
23
630.000
33
-329.2147
0
3DFACE
8
C2
10
180.000
20
620.000
30
-327.4270
11
190.000
21
620.000
31
-325.9466
12
190.000
22
630.000
32
-327.4448
13
180.000
23
630.000
33
-328.7171
0
3DFACE
8
C2
10
190.000
20
620.000
30
-325.9466
11
200.000
21
620.000
31
-324.7729
12
200.000
22
630.000
32
-326.3324
13
190.000
23
630.000
33
-327.4448
0
3DFACE
8
C2
10
200.000
20
620.000
30
-324.7729
11
210.000
21
620.000
31
-323.4783
12
210.000
22
630.000
32
-324.9823
13
200.000
23
630.000
33
-326.3324
0
3DFACE
8
C2
10
210.000
20
620.000
30
-323.4783
11
220.000
21
620.000
31
-320.3676
12
220.000
22
630.000
32
-321.6550
13
210.000
23
630.000
33
-324.9823
0
3DFACE
8
C2
10
220.000
20
620.000
30
-320.3676
11
230.000
21
620.000
31
-319.5186
12
230.000
22
630.000
32
-320.6545
13
220.000
23
630.000
33
-321.6550
0
3DFACE
8
C2
10
230.000
20
620.000
30
-319.5186
11
240.000
21
620.000
31
-320.1299
12
240.000
22
630.000
32
-321.1592
13
230.000
23
630.000
33
-320.6545
0
3DFACE
8
C2
10
240.000
20
620.000
30
-320.1299
11
250.000
21
620.000
31
-319.3775
12
250.000
22
630.000
32
-320.2618
13
240.000
23
630.000
33
-321.1592
0
3DFACE
8
C2
10
250.000
20
620.000
30
-319.3775
11
260.000
21
620.000
31
-318.4977
12
260.000
22
630.000
32
-319.2337
13
250.000
23
630.000
33
-320.2618
0
3DFACE
8
C2
10
260.000
20
620.000
30
-318.4977
11
270.000
21
620.000
31
-316.3177
12
270.000
22
630.000
32
-316.8248
13
260.000
23
630.000
33
-319.2337
0
3DFACE
8
C2
10
270.000
20
620.000
30
-316.3177
11
280.000
21
620.000
31
-315.8310
12
280.000
22
630.000
32
-316.3209
13
270.000
23
630.000
33
-316.8248
0
3DFACE
8
C2
10
280.000
20
620.000
30
-315.8310
11
290.000
21
620.000
31
-317.4691
12
290.000
22
630.000
32
-318.0491
13
280.000
23
630.000
33
-316.3209
0
3DFACE
8
C2
10
290.000
20
620.000
30
-317.4691
11
300.000
21
620.000
31
-316.9868
12
300.000
22
630.000
32
-317.5876
13
290.000
23
630.000
33
-318.0491
0
3DFACE
8
C2
10
300.000
20
620.000
30
-316.9868
11
310.000
21
620.000
31
-316.1671
12
310.000
22
630.000
32
-316.7594
13
300.000
23
630.000
33
-317.5876
0
3DFACE
8
C2
10
310.000
20
620.000
30
-316.1671
11
320.000
21
620.000
31
-313.8972
12
320.000
22
630.000
32
-314.4488
13
310.000
23
630.000
33
-316.7594
0
3DFACE
8
C2
10
320.000
20
620.000
30
-313.8972
11
330.000
21
620.000
31
-312.8441
12
330.000
22
630.000
32
-313.4467
13
320.000
23
630.000
33
-314.4488
0
3DFACE
8
C2
10
330.000
20
620.000
30
-312.8441
11
340.000
21
620.000
31
-313.3259
12
340.000
22
630.000
32
-314.1298
13
330.000
23
630.000
33
-313.4467
0
3DFACE
8
C2
10
340.000
20
620.000
30
-313.3259
11
350.000
21
620.000
31
-312.3992
12
350.000
22
630.000
32
-313.2965
13
340.000
23
630.000
33
-314.1298
0
3DFACE
8
C2
10
350.000
20
620.000
30
-312.3992
11
360.000
21
620.000
31
-311.3614
12
360.000
22
630.000
32
-312.3559
13
350.000
23
630.000
33
-313.2965
0
3DFACE
8
C2
10
360.000
20
620.000
30
-311.3614
11
370.000
21
620.000
31
-309.6012
12
370.000
22
630.000
32
-310.7134
13
360.000
23
630.000
33
-312.3559
0
3DFACE
8
C2
10
370.000
20
620.000
30
-309.6012
11
380.000
21
620.000
31
-308.7885
12
380.000
22
630.000
32
-309.9881
13
370.000
23
630.000
33
-310.7134
0
3DFACE
8
C2
10
380.000
20
620.000
30
-308.7885
11
390.000
21
620.000
31
-309.3603
12
390.000
22
630.000
32
-310.6712
13
380.000
23
630.000
33
-309.9881
0
3DFACE
8
C2
10
390.000
20
620.000
30
-309.3603
11
400.000
21
620.000
31
-308.9143
12
400.000
22
630.000
32
-310.2324
13
390.000
23
630.000
33
-310.6712
0
3DFACE
8
C2
10
400.000
20
620.000
30
-308.9143
11
410.000
21
620.000
31
-308.4451
12
410.000
22
630.000
32
-309.7251
13
400.000
23
630.000
33
-310.2324
0
3DFACE
8
C2
10
410.000
20
620.000
30
-308.4451
11
420.000
21
620.000
31
-307.6106
12
420.000
22
630.000
32
-308.8093
13
410.000
23
630.000
33
-309.7251
0
3DFACE
8
C2
10
420.000
20
620.000
30
-307.6106
11
430.000
21
620.000
31
-306.7214
12
430.000
22
630.000
32
-307.8512
13
420.000
23
630.000
33
-308.8093
0
3DFACE
8
C2
10
430.000
20
620.000
30
-306.7214
11
440.000
21
620.000
31
-306.3651
12
440.000
22
630.000
32
-307.4439
13
430.000
23
630.000
33
-307.8512
0
3DFACE
8
C2
10
440.000
20
620.000
30
-306.3651
11
450.000
21
620.000
31
-304.9856
12
450.000
22
630.000
32
-306.1578
13
440.000
23
630.000
33
-307.4439
0
3DFACE
8
C2
10
450.000
20
620.000
30
-304.9856
11
460.000
21
620.000
31
-303.3215
12
460.000
22
630.000
32
-304.6891
13
450.000
23
630.000
33
-306.1578
0
3DFACE
8
C2
10
460.000
20
620.000
30
-303.3215
11
470.000
21
620.000
31
-300.9371
12
470.000
22
630.000
32
-302.6222
13
460.000
23
630.000
33
-304.6891
0
3DFACE
8
C2
10
470.000
20
620.000
30
-300.9371
11
480.000
21
620.000
31
-298.4448
12
480.000
22
630.000
32
-300.3411
13
470.000
23
630.000
33
-302.6222
0
3DFACE
8
C2
10
480.000
20
620.000
30
-298.4448
11
490.000
21
620.000
31
-296.2915
12
490.000
22
630.000
32
-298.3363
13
480.000
23
630.000
33
-300.3411
0
3DFACE
8
C2
10
490.000
20
620.000
30
-296.2915
11
500.000
21
620.000
31
-294.4236
12
500.000
22
630.000
32
-296.4569
13
490.000
23
630.000
33
-298.3363
0
3DFACE
8
C2
10
500.000
20
620.000
30
-294.4236
11
510.000
21
620.000
31
-293.0214
12
510.000
22
630.000
32
-294.8925
13
500.000
23
630.000
33
-296.4569
0
3DFACE
8
C2
10
510.000
20
620.000
30
-293.0214
11
520.000
21
620.000
31
-293.5863
12
520.000
22
630.000
32
-295.0911
13
510.000
23
630.000
33
-294.8925
0
3DFACE
8
C2
10
520.000
20
620.000
30
-293.5863
11
530.000
21
620.000
31
-292.8223
12
530.000
22
630.000
32
-293.9207
13
520.000
23
630.000
33
-295.0911
0
3DFACE
8
C2
10
530.000
20
620.000
30
-292.8223
11
540.000
21
620.000
31
-292.6845
12
540.000
22
630.000
32
-293.2818
13
530.000
23
630.000
33
-293.9207
0
3DFACE
8
C2
10
540.000
20
620.000
30
-292.6845
11
550.000
21
620.000
31
-292.6882
12
550.000
22
630.000
32
-292.9583
13
540.000
23
630.000
33
-293.2818
0
3DFACE
8
C2
10
550.000
20
620.000
30
-292.6882
11
560.000
21
620.000
31
-292.8853
12
560.000
22
630.000
32
-292.9031
13
550.000
23
630.000
33
-292.9583
0
3DFACE
8
C2
10
560.000
20
620.000
30
-292.8853
11
570.000
21
620.000
31
-293.4276
12
570.000
22
630.000
32
-293.4435
13
560.000
23
630.000
33
-292.9031
0
3DFACE
8
C2
10
570.000
20
620.000
30
-293.4276
11
580.000
21
620.000
31
-293.1545
12
580.000
22
630.000
32
-292.9928
13
570.000
23
630.000
33
-293.4435
0
3DFACE
8
C2
10
580.000
20
620.000
30
-293.1545
11
590.000
21
620.000
31
-290.7099
12
590.000
22
630.000
32
-290.3466
13
580.000
23
630.000
33
-292.9928
0
3DFACE
8
C2
10
590.000
20
620.000
30
-290.7099
11
600.000
21
620.000
31
-290.0538
12
600.000
22
630.000
32
-289.3694
13
590.000
23
630.000
33
-290.3466
0
3DFACE
8
C2
10
600.000
20
620.000
30
-290.0538
11
610.000
21
620.000
31
-290.1964
12
610.000
22
630.000
32
-289.2095
13
600.000
23
630.000
33
-289.3694
0
3DFACE
8
C2
10
610.000
20
620.000
30
-290.1964
11
620.000
21
620.000
31
-291.7986
12
620.000
22
630.000
32
-290.6136
13
610.000
23
630.000
33
-289.2095
0
3DFACE
8
C2
10
620.000
20
620.000
30
-291.7986
11
630.000
21
620.000
31
-291.8223
12
630.000
22
630.000
32
-290.1678
13
620.000
23
630.000
33
-290.6136
0
3DFACE
8
C2
10
630.000
20
620.000
30
-291.8223
11
640.000
21
620.000
31
-291.1812
12
640.000
22
630.000
32
-288.9735
13
630.000
23
630.000
33
-290.1678
0
3DFACE
8
C2
10
640.000
20
620.000
30
-291.1812
11
650.000
21
620.000
31
-291.3005
12
650.000
22
630.000
32
-288.8961
13
640.000
23
630.000
33
-288.9735
0
3DFACE
8
C2
10
650.000
20
620.000
30
-291.3005
11
660.000
21
620.000
31
-292.1267
12
660.000
22
630.000
32
-289.9001
13
650.000
23
630.000
33
-288.8961
0
3DFACE
8
C2
10
660.000
20
620.000
30
-292.1267
11
670.000
21
620.000
31
-293.0830
12
670.000
22
630.000
32
-291.4119
13
660.000
23
630.000
33
-289.9001
0
3DFACE
8
C2
10
670.000
20
620.000
30
-293.0830
11
680.000
21
620.000
31
-293.3000
12
680.000
22
630.000
32
-292.1924
13
670.000
23
630.000
33
-291.4119
0
3DFACE
8
C2
10
680.000
20
620.000
30
-293.3000
11
690.000
21
620.000
31
-292.0282
12
690.000
22
630.000
32
-291.3417
13
680.000
23
630.000
33
-292.1924
0
3DFACE
8
C2
10
690.000
20
620.000
30
-292.0282
11
700.000
21
620.000
31
-292.2392
12
700.000
22
630.000
32
-292.2312
13
690.000
23
630.000
33
-291.3417
0
3DFACE
8
C2
10
0.000
20
630.000
30
-310.3894
11
10.000
21
630.000
31
-310.8428
12
10.000
22
640.000
32
-313.1703
13
0.000
23
640.000
33
-312.7680
0
3DFACE
8
C2
10
10.000
20
630.000
30
-310.8428
11
20.000
21
630.000
31
-312.3662
12
20.000
22
640.000
32
-314.4633
13
10.000
23
640.000
33
-313.1703
0
3DFACE
8
C2
10
20.000
20
630.000
30
-312.3662
11
30.000
21
630.000
31
-313.3482
12
30.000
22
640.000
32
-315.4610
13
20.000
23
640.000
33
-314.4633
0
3DFACE
8
C2
10
30.000
20
630.000
30
-313.3482
11
40.000
21
630.000
31
-314.5977
12
40.000
22
640.000
32
-316.6819
13
30.000
23
640.000
33
-315.4610
0
3DFACE
8
C2
10
40.000
20
630.000
30
-314.5977
11
50.000
21
630.000
31
-316.4011
12
50.000
22
640.000
32
-318.5263
13
40.000
23
640.000
33
-316.6819
0
3DFACE
8
C2
10
50.000
20
630.000
30
-316.4011
11
60.000
21
630.000
31
-318.4296
12
60.000
22
640.000
32
-320.6573
13
50.000
23
640.000
33
-318.5263
0
3DFACE
8
C2
10
60.000
20
630.000
30
-318.4296
11
70.000
21
630.000
31
-321.2213
12
70.000
22
640.000
32
-323.2183
13
60.000
23
640.000
33
-320.6573
0
3DFACE
8
C2
10
70.000
20
630.000
30
-321.2213
11
80.000
21
630.000
31
-323.2230
12
80.000
22
640.000
32
-325.1434
13
70.000
23
640.000
33
-323.2183
0
3DFACE
8
C2
10
80.000
20
630.000
30
-323.2230
11
90.000
21
630.000
31
-324.2914
12
90.000
22
640.000
32
-326.3055
13
80.000
23
640.000
33
-325.1434
0
3DFACE
8
C2
10
90.000
20
630.000
30
-324.2914
11
100.000
21
630.000
31
-326.0381
12
100.000
22
640.000
32
-327.8731
13
90.000
23
640.000
33
-326.3055
0
3DFACE
8
C2
10
100.000
20
630.000
30
-326.0381
11
110.000
21
630.000
31
-327.6345
12
110.000
22
640.000
32
-329.3530
13
100.000
23
640.000
33
-327.8731
0
3DFACE
8
C2
10
110.000
20
630.000
30
-327.6345
11
120.000
21
630.000
31
-329.6786
12
120.000
22
640.000
32
-331.0313
13
110.000
23
640.000
33
-329.3530
0
3DFACE
8
C2
10
120.000
20
630.000
30
-329.6786
11
130.000
21
630.000
31
-330.9649
12
130.000
22
640.000
32
-332.1885
13
120.000
23
640.000
33
-331.0313
0
3DFACE
8
C2
10
130.000
20
630.000
30
-330.9649
11
140.000
21
630.000
31
-331.0453
12
140.000
22
640.000
32
-332.3715
13
130.000
23
640.000
33
-332.1885
0
3DFACE
8
C2
10
140.000
20
630.000
30
-331.0453
11
150.000
21
630.000
31
-331.2460
12
150.000
22
640.000
32
-332.3238
13
140.000
23
640.000
33
-332.3715
0
3DFACE
8
C2
10
150.000
20
630.000
30
-331.2460
11
160.000
21
630.000
31
-331.0102
12
160.000
22
640.000
32
-331.7801
13
150.000
23
640.000
33
-332.3238
0
3DFACE
8
C2
10
160.000
20
630.000
30
-331.0102
11
170.000
21
630.000
31
-329.2147
12
170.000
22
640.000
32
-329.9032
13
160.000
23
640.000
33
-331.7801
0
3DFACE
8
C2
10
170.000
20
630.000
30
-329.2147
11
180.000
21
630.000
31
-328.7171
12
180.000
22
640.000
32
-329.0099
13
170.000
23
640.000
33
-329.9032
0
3DFACE
8
C2
10
180.000
20
630.000
30
-328.7171
11
190.000
21
630.000
31
-327.4448
12
190.000
22
640.000
32
-327.5350
13
180.000
23
640.000
33
-329.0099
0
3DFACE
8
C2
10
190.000
20
630.000
30
-327.4448
11
200.000
21
630.000
31
-326.3324
12
200.000
22
640.000
32
-325.9917
13
190.000
23
640.000
33
-327.5350
0
3DFACE
8
C2
10
200.000
20
630.000
30
-326.3324
11
210.000
21
630.000
31
-324.9823
12
210.000
22
640.000
32
-324.3092
13
200.000
23
640.000
33
-325.9917
0
3DFACE
8
C2
10
210.000
20
630.000
30
-324.9823
11
220.000
21
630.000
31
-321.6550
12
220.000
22
640.000
32
-320.9930
13
210.000
23
640.000
33
-324.3092
0
3DFACE
8
C2
10
220.000
20
630.000
30
-321.6550
11
230.000
21
630.000
31
-320.6545
12
230.000
22
640.000
32
-319.7972
13
220.000
23
640.000
33
-320.9930
0
3DFACE
8
C2
10
230.000
20
630.000
30
-320.6545
11
240.000
21
630.000
31
-321.1592
12
240.000
22
640.000
32
-319.9461
13
230.000
23
640.000
33
-319.7972
0
3DFACE
8
C2
10
240.000
20
630.000
30
-321.1592
11
250.000
21
630.000
31
-320.2618
12
250.000
22
640.000
32
-319.0053
13
240.000
23
640.000
33
-319.9461
0
3DFACE
8
C2
10
250.000
20
630.000
30
-320.2618
11
260.000
21
630.000
31
-319.2337
12
260.000
22
640.000
32
-318.0612
13
250.000
23
640.000
33
-319.0053
0
3DFACE
8
C2
10
260.000
20
630.000
30
-319.2337
11
270.000
21
630.000
31
-316.8248
12
270.000
22
640.000
32
-315.9280
13
260.000
23
640.000
33
-318.0612
0
3DFACE
8
C2
10
270.000
20
630.000
30
-316.8248
11
280.000
21
630.000
31
-316.3209
12
280.000
22
640.000
32
-315.5397
13
270.000
23
640.000
33
-315.9280
0
3DFACE
8
C2
10
280.000
20
630.000
30
-316.3209
11
290.000
21
630.000
31
-318.0491
12
290.000
22
640.000
32
-317.1240
13
280.000
23
640.000
33
-315.5397
0
3DFACE
8
C2
10
290.000
20
630.000
30
-318.0491
11
300.000
21
630.000
31
-317.5876
12
300.000
22
640.000
32
-316.7937
13
290.000
23
640.000
33
-317.1240
0
3DFACE
8
C2
10
300.000
20
630.000
30
-317.5876
11
310.000
21
630.000
31
-316.7594
12
310.000
22
640.000
32
-316.0743
13
300.000
23
640.000
33
-316.7937
0
3DFACE
8
C2
10
310.000
20
630.000
30
-316.7594
11
320.000
21
630.000
31
-314.4488
12
320.000
22
640.000
32
-314.0750
13
310.000
23
640.000
33
-316.0743
0
3DFACE
8
C2
10
320.000
20
630.000
30
-314.4488
11
330.000
21
630.000
31
-313.4467
12
330.000
22
640.000
32
-313.1494
13
320.000
23
640.000
33
-314.0750
0
3DFACE
8
C2
10
330.000
20
630.000
30
-313.4467
11
340.000
21
630.000
31
-314.1298
12
340.000
22
640.000
32
-313.7611
13
330.000
23
640.000
33
-313.1494
0
3DFACE
8
C2
10
340.000
20
630.000
30
-314.1298
11
350.000
21
630.000
31
-313.2965
12
350.000
22
640.000
32
-313.0186
13
340.000
23
640.000
33
-313.7611
0
3DFACE
8
C2
10
350.000
20
630.000
30
-313.2965
11
360.000
21
630.000
31
-312.3559
12
360.000
22
640.000
32
-312.1704
13
350.000
23
640.000
33
-313.0186
0
3DFACE
8
C2
10
360.000
20
630.000
30
-312.3559
11
370.000
21
630.000
31
-310.7134
12
370.000
22
640.000
32
-310.8961
13
360.000
23
640.000
33
-312.1704
0
3DFACE
8
C2
10
370.000
20
630.000
30
-310.7134
11
380.000
21
630.000
31
-309.9881
12
380.000
22
640.000
32
-310.2227
13
370.000
23
640.000
33
-310.8961
0
3DFACE
8
C2
10
380.000
20
630.000
30
-309.9881
11
390.000
21
630.000
31
-310.6712
12
390.000
22
640.000
32
-310.8183
13
380.000
23
640.000
33
-310.2227
0
3DFACE
8
C2
10
390.000
20
630.000
30
-310.6712
11
400.000
21
630.000
31
-310.2324
12
400.000
22
640.000
32
-310.4300
13
390.000
23
640.000
33
-310.8183
0
3DFACE
8
C2
10
400.000
20
630.000
30
-310.2324
11
410.000
21
630.000
31
-309.7251
12
410.000
22
640.000
32
-309.9501
13
400.000
23
640.000
33
-310.4300
0
3DFACE
8
C2
10
410.000
20
630.000
30
-309.7251
11
420.000
21
630.000
31
-308.8093
12
420.000
22
640.000
32
-309.1332
13
410.000
23
640.000
33
-309.9501
0
3DFACE
8
C2
10
420.000
20
630.000
30
-308.8093
11
430.000
21
630.000
31
-307.8512
12
430.000
22
640.000
32
-308.3212
13
420.000
23
640.000
33
-309.1332
0
3DFACE
8
C2
10
430.000
20
630.000
30
-307.8512
11
440.000
21
630.000
31
-307.4439
12
440.000
22
640.000
32
-307.8748
13
430.000
23
640.000
33
-308.3212
0
3DFACE
8
C2
10
440.000
20
630.000
30
-307.4439
11
450.000
21
630.000
31
-306.1578
12
450.000
22
640.000
32
-306.9196
13
440.000
23
640.000
33
-307.8748
0
3DFACE
8
C2
10
450.000
20
630.000
30
-306.1578
11
460.000
21
630.000
31
-304.6891
12
460.000
22
640.000
32
-305.7363
13
450.000
23
640.000
33
-306.9196
0
3DFACE
8
C2
10
460.000
20
630.000
30
-304.6891
11
470.000
21
630.000
31
-302.6222
12
470.000
22
640.000
32
-304.1737
13
460.000
23
640.000
33
-305.7363
0
3DFACE
8
C2
10
470.000
20
630.000
30
-302.6222
11
480.000
21
630.000
31
-300.3411
12
480.000
22
640.000
32
-302.2607
13
470.000
23
640.000
33
-304.1737
0
3DFACE
8
C2
10
480.000
20
630.000
30
-300.3411
11
490.000
21
630.000
31
-298.3363
12
490.000
22
640.000
32
-300.5470
13
480.000
23
640.000
33
-302.2607
0
3DFACE
8
C2
10
490.000
20
630.000
30
-298.3363
11
500.000
21
630.000
31
-296.4569
12
500.000
22
640.000
32
-298.9648
13
490.000
23
640.000
33
-300.5470
0
3DFACE
8
C2
10
500.000
20
630.000
30
-296.4569
11
510.000
21
630.000
31
-294.8925
12
510.000
22
640.000
32
-297.5470
13
500.000
23
640.000
33
-298.9648
0
3DFACE
8
C2
10
510.000
20
630.000
30
-294.8925
11
520.000
21
630.000
31
-295.0911
12
520.000
22
640.000
32
-297.3847
13
510.000
23
640.000
33
-297.5470
0
3DFACE
8
C2
10
520.000
20
630.000
30
-295.0911
11
530.000
21
630.000
31
-293.9207
12
530.000
22
640.000
32
-296.2036
13
520.000
23
640.000
33
-297.3847
0
3DFACE
8
C2
10
530.000
20
630.000
30
-293.9207
11
540.000
21
630.000
31
-293.2818
12
540.000
22
640.000
32
-295.3391
13
530.000
23
640.000
33
-296.2036
0
3DFACE
8
C2
10
540.000
20
630.000
30
-293.2818
11
550.000
21
630.000
31
-292.9583
12
550.000
22
640.000
32
-294.8340
13
540.000
23
640.000
33
-295.3391
0
3DFACE
8
C2
10
550.000
20
630.000
30
-292.9583
11
560.000
21
630.000
31
-292.9031
12
560.000
22
640.000
32
-294.5454
13
550.000
23
640.000
33
-294.8340
0
3DFACE
8
C2
10
560.000
20
630.000
30
-292.9031
11
570.000
21
630.000
31
-293.4435
12
570.000
22
640.000
32
-294.7862
13
560.000
23
640.000
33
-294.5454
0
3DFACE
8
C2
10
570.000
20
630.000
30
-293.4435
11
580.000
21
630.000
31
-292.9928
12
580.000
22
640.000
32
-294.0474
13
570.000
23
640.000
33
-294.7862
0
3DFACE
8
C2
10
580.000
20
630.000
30
-292.9928
11
590.000
21
630.000
31
-290.3466
12
590.000
22
640.000
32
-291.5127
13
580.000
23
640.000
33
-294.0474
0
3DFACE
8
C2
10
590.000
20
630.000
30
-290.3466
11
600.000
21
630.000
31
-289.3694
12
600.000
22
640.000
32
-290.1789
13
590.000
23
640.000
33
-291.5127
0
3DFACE
8
C2
10
600.000
20
630.000
30
-289.3694
11
610.000
21
630.000
31
-289.2095
12
610.000
22
640.000
32
-289.5247
13
600.000
23
640.000
33
-290.1789
0
3DFACE
8
C2
10
610.000
20
630.000
30
-289.2095
11
620.000
21
630.000
31
-290.6136
12
620.000
22
640.000
32
-290.4420
13
610.000
23
640.000
33
-289.5247
0
3DFACE
8
C2
10
620.000
20
630.000
30
-290.6136
11
630.000
21
630.000
31
-290.1678
12
630.000
22
640.000
32
-289.6178
13
620.000
23
640.000
33
-290.4420
0
3DFACE
8
C2
10
630.000
20
630.000
30
-290.1678
11
640.000
21
630.000
31
-288.9735
12
640.000
22
640.000
32
-288.1137
13
630.000
23
640.000
33
-289.6178
0
3DFACE
8
C2
10
640.000
20
630.000
30
-288.9735
11
650.000
21
630.000
31
-288.8961
12
650.000
22
640.000
32
-287.8492
13
640.000
23
640.000
33
-288.1137
0
3DFACE
8
C2
10
650.000
20
630.000
30
-288.8961
11
660.000
21
630.000
31
-289.9001
12
660.000
22
640.000
32
-288.8229
13
650.000
23
640.000
33
-287.8492
0
3DFACE
8
C2
10
660.000
20
630.000
30
-289.9001
11
670.000
21
630.000
31
-291.4119
12
670.000
22
640.000
32
-290.6214
13
660.000
23
640.000
33
-288.8229
0
3DFACE
8
C2
10
670.000
20
630.000
30
-291.4119
11
680.000
21
630.000
31
-292.1924
12
680.000
22
640.000
32
-291.8339
13
670.000
23
640.000
33
-290.6214
0
3DFACE
8
C2
10
680.000
20
630.000
30
-292.1924
11
690.000
21
630.000
31
-291.3417
12
690.000
22
640.000
32
-291.5210
13
680.000
23
640.000
33
-291.8339
0
3DFACE
8
C2
10
690.000
20
630.000
30
-291.3417
11
700.000
21
630.000
31
-292.2312
12
700.000
22
640.000
32
-292.8952
13
690.000
23
640.000
33
-291.5210
0
3DFACE
8
C2
10
0.000
20
640.000
30
-312.7680
11
10.000
21
640.000
31
-313.1703
12
10.000
22
650.000
32
-314.1255
13
0.000
23
650.000
33
-313.5851
0
3DFACE
8
C2
10
10.000
20
640.000
30
-313.1703
11
20.000
21
640.000
31
-314.4633
12
20.000
22
650.000
32
-315.4934
13
10.000
23
650.000
33
-314.1255
0
3DFACE
8
C2
10
20.000
20
640.000
30
-314.4633
11
30.000
21
640.000
31
-315.4610
12
30.000
22
650.000
32
-316.6152
13
20.000
23
650.000
33
-315.4934
0
3DFACE
8
C2
10
30.000
20
640.000
30
-315.4610
11
40.000
21
640.000
31
-316.6819
12
40.000
22
650.000
32
-317.9677
13
30.000
23
650.000
33
-316.6152
0
3DFACE
8
C2
10
40.000
20
640.000
30
-316.6819
11
50.000
21
640.000
31
-318.5263
12
50.000
22
650.000
32
-319.8325
13
40.000
23
650.000
33
-317.9677
0
3DFACE
8
C2
10
50.000
20
640.000
30
-318.5263
11
60.000
21
640.000
31
-320.6573
12
60.000
22
650.000
32
-321.9774
13
50.000
23
650.000
33
-319.8325
0
3DFACE
8
C2
10
60.000
20
640.000
30
-320.6573
11
70.000
21
640.000
31
-323.2183
12
70.000
22
650.000
32
-324.4020
13
60.000
23
650.000
33
-321.9774
0
3DFACE
8
C2
10
70.000
20
640.000
30
-323.2183
11
80.000
21
640.000
31
-325.1434
12
80.000
22
650.000
32
-326.1658
13
70.000
23
650.000
33
-324.4020
0
3DFACE
8
C2
10
80.000
20
640.000
30
-325.1434
11
90.000
21
640.000
31
-326.3055
12
90.000
22
650.000
32
-327.2420
13
80.000
23
650.000
33
-326.1658
0
3DFACE
8
C2
10
90.000
20
640.000
30
-326.3055
11
100.000
21
640.000
31
-327.8731
12
100.000
22
650.000
32
-328.6745
13
90.000
23
650.000
33
-327.2420
0
3DFACE
8
C2
10
100.000
20
640.000
30
-327.8731
11
110.000
21
640.000
31
-329.3530
12
110.000
22
650.000
32
-329.9863
13
100.000
23
650.000
33
-328.6745
0
3DFACE
8
C2
10
110.000
20
640.000
30
-329.3530
11
120.000
21
640.000
31
-331.0313
12
120.000
22
650.000
32
-331.4849
13
110.000
23
650.000
33
-329.9863
0
3DFACE
8
C2
10
120.000
20
640.000
30
-331.0313
11
130.000
21
640.000
31
-332.1885
12
130.000
22
650.000
32
-332.4768
13
120.000
23
650.000
33
-331.4849
0
3DFACE
8
C2
10
130.000
20
640.000
30
-332.1885
11
140.000
21
640.000
31
-332.3715
12
140.000
22
650.000
32
-332.6009
13
130.000
23
650.000
33
-332.4768
0
3DFACE
8
C2
10
140.000
20
640.000
30
-332.3715
11
150.000
21
640.000
31
-332.3238
12
150.000
22
650.000
32
-332.4369
13
140.000
23
650.000
33
-332.6009
0
3DFACE
8
C2
10
150.000
20
640.000
30
-332.3238
11
160.000
21
640.000
31
-331.7801
12
160.000
22
650.000
32
-331.7683
13
150.000
23
650.000
33
-332.4369
0
3DFACE
8
C2
10
160.000
20
640.000
30
-331.7801
11
170.000
21
640.000
31
-329.9032
12
170.000
22
650.000
32
-329.9475
13
160.000
23
650.000
33
-331.7683
0
3DFACE
8
C2
10
170.000
20
640.000
30
-329.9032
11
180.000
21
640.000
31
-329.0099
12
180.000
22
650.000
32
-328.8731
13
170.000
23
650.000
33
-329.9475
0
3DFACE
8
C2
10
180.000
20
640.000
30
-329.0099
11
190.000
21
640.000
31
-327.5350
12
190.000
22
650.000
32
-327.1966
13
180.000
23
650.000
33
-328.8731
0
3DFACE
8
C2
10
190.000
20
640.000
30
-327.5350
11
200.000
21
640.000
31
-325.9917
12
200.000
22
650.000
32
-325.5007
13
190.000
23
650.000
33
-327.1966
0
3DFACE
8
C2
10
200.000
20
640.000
30
-325.9917
11
210.000
21
640.000
31
-324.3092
12
210.000
22
650.000
32
-323.7205
13
200.000
23
650.000
33
-325.5007
0
3DFACE
8
C2
10
210.000
20
640.000
30
-324.3092
11
220.000
21
640.000
31
-320.9930
12
220.000
22
650.000
32
-320.5438
13
210.000
23
650.000
33
-323.7205
0
3DFACE
8
C2
10
220.000
20
640.000
30
-320.9930
11
230.000
21
640.000
31
-319.7972
12
230.000
22
650.000
32
-319.2827
13
220.000
23
650.000
33
-320.5438
0
3DFACE
8
C2
10
230.000
20
640.000
30
-319.7972
11
240.000
21
640.000
31
-319.9461
12
240.000
22
650.000
32
-319.1535
13
230.000
23
650.000
33
-319.2827
0
3DFACE
8
C2
10
240.000
20
640.000
30
-319.9461
11
250.000
21
640.000
31
-319.0053
12
250.000
22
650.000
32
-318.2005
13
240.000
23
650.000
33
-319.1535
0
3DFACE
8
C2
10
250.000
20
640.000
30
-319.0053
11
260.000
21
640.000
31
-318.0612
12
260.000
22
650.000
32
-317.3475
13
250.000
23
650.000
33
-318.2005
0
3DFACE
8
C2
10
260.000
20
640.000
30
-318.0612
11
270.000
21
640.000
31
-315.9280
12
270.000
22
650.000
32
-315.4773
13
260.000
23
650.000
33
-317.3475
0
3DFACE
8
C2
10
270.000
20
640.000
30
-315.9280
11
280.000
21
640.000
31
-315.5397
12
280.000
22
650.000
32
-315.1843
13
270.000
23
650.000
33
-315.4773
0
3DFACE
8
C2
10
280.000
20
640.000
30
-315.5397
11
290.000
21
640.000
31
-317.1240
12
290.000
22
650.000
32
-316.6137
13
280.000
23
650.000
33
-315.1843
0
3DFACE
8
C2
10
290.000
20
640.000
30
-317.1240
11
300.000
21
640.000
31
-316.7937
12
300.000
22
650.000
32
-316.3445
13
290.000
23
650.000
33
-316.6137
0
3DFACE
8
C2
10
300.000
20
640.000
30
-316.7937
11
310.000
21
640.000
31
-316.0743
12
310.000
22
650.000
32
-315.7598
13
300.000
23
650.000
33
-316.3445
0
3DFACE
8
C2
10
310.000
20
640.000
30
-316.0743
11
320.000
21
640.000
31
-314.0750
12
320.000
22
650.000
32
-314.0504
13
310.000
23
650.000
33
-315.7598
0
3DFACE
8
C2
10
320.000
20
640.000
30
-314.0750
11
330.000
21
640.000
31
-313.1494
12
330.000
22
650.000
32
-313.2821
13
320.000
23
650.000
33
-314.0504
0
3DFACE
8
C2
10
330.000
20
640.000
30
-313.1494
11
340.000
21
640.000
31
-313.7611
12
340.000
22
650.000
32
-313.8417
13
330.000
23
650.000
33
-313.2821
0
3DFACE
8
C2
10
340.000
20
640.000
30
-313.7611
11
350.000
21
640.000
31
-313.0186
12
350.000
22
650.000
32
-313.1786
13
340.000
23
650.000
33
-313.8417
0
3DFACE
8
C2
10
350.000
20
640.000
30
-313.0186
11
360.000
21
640.000
31
-312.1704
12
360.000
22
650.000
32
-312.4656
13
350.000
23
650.000
33
-313.1786
0
3DFACE
8
C2
10
360.000
20
640.000
30
-312.1704
11
370.000
21
640.000
31
-310.8961
12
370.000
22
650.000
32
-311.4796
13
360.000
23
650.000
33
-312.4656
0
3DFACE
8
C2
10
370.000
20
640.000
30
-310.8961
11
380.000
21
640.000
31
-310.2227
12
380.000
22
650.000
32
-310.9341
13
370.000
23
650.000
33
-311.4796
0
3DFACE
8
C2
10
380.000
20
640.000
30
-310.2227
11
390.000
21
640.000
31
-310.8183
12
390.000
22
650.000
32
-311.4542
13
380.000
23
650.000
33
-310.9341
0
3DFACE
8
C2
10
390.000
20
640.000
30
-310.8183
11
400.000
21
640.000
31
-310.4300
12
400.000
22
650.000
32
-311.0544
13
390.000
23
650.000
33
-311.4542
0
3DFACE
8
C2
10
400.000
20
640.000
30
-310.4300
11
410.000
21
640.000
31
-309.9501
12
410.000
22
650.000
32
-310.5665
13
400.000
23
650.000
33
-311.0544
0
3DFACE
8
C2
10
410.000
20
640.000
30
-309.9501
11
420.000
21
640.000
31
-309.1332
12
420.000
22
650.000
32
-309.7164
13
410.000
23
650.000
33
-310.5665
0
3DFACE
8
C2
10
420.000
20
640.000
30
-309.1332
11
430.000
21
640.000
31
-308.3212
12
430.000
22
650.000
32
-308.9721
13
420.000
23
650.000
33
-309.7164
0
3DFACE
8
C2
10
430.000
20
640.000
30
-308.3212
11
440.000
21
640.000
31
-307.8748
12
440.000
22
650.000
32
-308.5255
13
430.000
23
650.000
33
-308.9721
0
3DFACE
8
C2
10
440.000
20
640.000
30
-307.8748
11
450.000
21
640.000
31
-306.9196
12
450.000
22
650.000
32
-307.7817
13
440.000
23
650.000
33
-308.5255
0
3DFACE
8
C2
10
450.000
20
640.000
30
-306.9196
11
460.000
21
640.000
31
-305.7363
12
460.000
22
650.000
32
-306.9295
13
450.000
23
650.000
33
-307.7817
0
3DFACE
8
C2
10
460.000
20
640.000
30
-305.7363
11
470.000
21
640.000
31
-304.1737
12
470.000
22
650.000
32
-305.8855
13
460.000
23
650.000
33
-306.9295
0
3DFACE
8
C2
10
470.000
20
640.000
30
-304.1737
11
480.000
21
640.000
31
-302.2607
12
480.000
22
650.000
32
-304.4307
13
470.000
23
650.000
33
-305.8855
0
3DFACE
8
C2
10
480.000
20
640.000
30
-302.2607
11
490.000
21
640.000
31
-300.5470
12
490.000
22
650.000
32
-303.1699
13
480.000
23
650.000
33
-304.4307
0
3DFACE
8
C2
10
490.000
20
640.000
30
-300.5470
11
500.000
21
640.000
31
-298.9648
12
500.000
22
650.000
32
-301.7950
13
490.000
23
650.000
33
-303.1699
0
3DFACE
8
C2
10
500.000
20
640.000
30
-298.9648
11
510.000
21
640.000
31
-297.5470
12
510.000
22
650.000
32
-300.3868
13
500.000
23
650.000
33
-301.7950
0
3DFACE
8
C2
10
510.000
20
640.000
30
-297.5470
11
520.000
21
640.000
31
-297.3847
12
520.000
22
650.000
32
-299.8190
13
510.000
23
650.000
33
-300.3868
0
3DFACE
8
C2
10
520.000
20
640.000
30
-297.3847
11
530.000
21
640.000
31
-296.2036
12
530.000
22
650.000
32
-298.4652
13
520.000
23
650.000
33
-299.8190
0
3DFACE
8
C2
10
530.000
20
640.000
30
-296.2036
11
540.000
21
640.000
31
-295.3391
12
540.000
22
650.000
32
-297.2955
13
530.000
23
650.000
33
-298.4652
0
3DFACE
8
C2
10
540.000
20
640.000
30
-295.3391
11
550.000
21
640.000
31
-294.8340
12
550.000
22
650.000
32
-296.5861
13
540.000
23
650.000
33
-297.2955
0
3DFACE
8
C2
10
550.000
20
640.000
30
-294.8340
11
560.000
21
640.000
31
-294.5454
12
560.000
22
650.000
32
-296.0727
13
550.000
23
650.000
33
-296.5861
0
3DFACE
8
C2
10
560.000
20
640.000
30
-294.5454
11
570.000
21
640.000
31
-294.7862
12
570.000
22
650.000
32
-296.0318
13
560.000
23
650.000
33
-296.0727
0
3DFACE
8
C2
10
570.000
20
640.000
30
-294.7862
11
580.000
21
640.000
31
-294.0474
12
580.000
22
650.000
32
-295.2432
13
570.000
23
650.000
33
-296.0318
0
3DFACE
8
C2
10
580.000
20
640.000
30
-294.0474
11
590.000
21
640.000
31
-291.5127
12
590.000
22
650.000
32
-293.0459
13
580.000
23
650.000
33
-295.2432
0
3DFACE
8
C2
10
590.000
20
640.000
30
-291.5127
11
600.000
21
640.000
31
-290.1789
12
600.000
22
650.000
32
-291.6645
13
590.000
23
650.000
33
-293.0459
0
3DFACE
8
C2
10
600.000
20
640.000
30
-290.1789
11
610.000
21
640.000
31
-289.5247
12
610.000
22
650.000
32
-290.7079
13
600.000
23
650.000
33
-291.6645
0
3DFACE
8
C2
10
610.000
20
640.000
30
-289.5247
11
620.000
21
640.000
31
-290.4420
12
620.000
22
650.000
32
-290.9816
13
610.000
23
650.000
33
-290.7079
0
3DFACE
8
C2
10
620.000
20
640.000
30
-290.4420
11
630.000
21
640.000
31
-289.6178
12
630.000
22
650.000
32
-289.8090
13
620.000
23
650.000
33
-290.9816
0
3DFACE
8
C2
10
630.000
20
640.000
30
-289.6178
11
640.000
21
640.000
31
-288.1137
12
640.000
22
650.000
32
-288.2138
13
630.000
23
650.000
33
-289.8090
0
3DFACE
8
C2
10
640.000
20
640.000
30
-288.1137
11
650.000
21
640.000
31
-287.8492
12
650.000
22
650.000
32
-287.8167
13
640.000
23
650.000
33
-288.2138
0
3DFACE
8
C2
10
650.000
20
640.000
30
-287.8492
11
660.000
21
640.000
31
-288.8229
12
660.000
22
650.000
32
-288.7162
13
650.000
23
650.000
33
-287.8167
0
3DFACE
8
C2
10
660.000
20
640.000
30
-288.8229
11
670.000
21
640.000
31
-290.6214
12
670.000
22
650.000
32
-290.5694
13
660.000
23
650.000
33
-288.7162
0
3DFACE
8
C2
10
670.000
20
640.000
30
-290.6214
11
680.000
21
640.000
31
-291.8339
12
680.000
22
650.000
32
-292.0602
13
670.000
23
650.000
33
-290.5694
0
3DFACE
8
C2
10
680.000
20
640.000
30
-291.8339
11
690.000
21
640.000
31
-291.5210
12
690.000
22
650.000
32
-292.3455
13
680.000
23
650.000
33
-292.0602
0
3DFACE
8
C2
10
690.000
20
640.000
30
-291.5210
11
700.000
21
640.000
31
-292.8952
12
700.000
22
650.000
32
-294.0797
13
690.000
23
650.000
33
-292.3455
0
3DFACE
8
C2
10
0.000
20
650.000
30
-313.5851
11
10.000
21
650.000
31
-314.1255
12
10.000
22
660.000
32
-314.7690
13
0.000
23
660.000
33
-314.1937
0
3DFACE
8
C2
10
10.000
20
650.000
30
-314.1255
11
20.000
21
650.000
31
-315.4934
12
20.000
22
660.000
32
-316.2082
13
10.000
23
660.000
33
-314.7690
0
3DFACE
8
C2
10
20.000
20
650.000
30
-315.4934
11
30.000
21
650.000
31
-316.6152
12
30.000
22
660.000
32
-317.2607
13
20.000
23
660.000
33
-316.2082
0
3DFACE
8
C2
10
30.000
20
650.000
30
-316.6152
11
40.000
21
650.000
31
-317.9677
12
40.000
22
660.000
32
-318.4811
13
30.000
23
660.000
33
-317.2607
0
3DFACE
8
C2
10
40.000
20
650.000
30
-317.9677
11
50.000
21
650.000
31
-319.8325
12
50.000
22
660.000
32
-320.1684
13
40.000
23
660.000
33
-318.4811
0
3DFACE
8
C2
10
50.000
20
650.000
30
-319.8325
11
60.000
21
650.000
31
-321.9774
12
60.000
22
660.000
32
-322.1973
13
50.000
23
660.000
33
-320.1684
0
3DFACE
8
C2
10
60.000
20
650.000
30
-321.9774
11
70.000
21
650.000
31
-324.4020
12
70.000
22
660.000
32
-324.5658
13
60.000
23
660.000
33
-322.1973
0
3DFACE
8
C2
10
70.000
20
650.000
30
-324.4020
11
80.000
21
650.000
31
-326.1658
12
80.000
22
660.000
32
-326.0823
13
70.000
23
660.000
33
-324.5658
0
3DFACE
8
C2
10
80.000
20
650.000
30
-326.1658
11
90.000
21
650.000
31
-327.2420
12
90.000
22
660.000
32
-326.8345
13
80.000
23
660.000
33
-326.0823
0
3DFACE
8
C2
10
90.000
20
650.000
30
-327.2420
11
100.000
21
650.000
31
-328.6745
12
100.000
22
660.000
32
-328.0835
13
90.000
23
660.000
33
-326.8345
0
3DFACE
8
C2
10
100.000
20
650.000
30
-328.6745
11
110.000
21
650.000
31
-329.9863
12
110.000
22
660.000
32
-329.3052
13
100.000
23
660.000
33
-328.0835
0
3DFACE
8
C2
10
110.000
20
650.000
30
-329.9863
11
120.000
21
650.000
31
-331.4849
12
120.000
22
660.000
32
-330.9444
13
110.000
23
660.000
33
-329.3052
0
3DFACE
8
C2
10
120.000
20
650.000
30
-331.4849
11
130.000
21
650.000
31
-332.4768
12
130.000
22
660.000
32
-331.8512
13
120.000
23
660.000
33
-330.9444
0
3DFACE
8
C2
10
130.000
20
650.000
30
-332.4768
11
140.000
21
650.000
31
-332.6009
12
140.000
22
660.000
32
-331.7920
13
130.000
23
660.000
33
-331.8512
0
3DFACE
8
C2
10
140.000
20
650.000
30
-332.6009
11
150.000
21
650.000
31
-332.4369
12
150.000
22
660.000
32
-331.5728
13
140.000
23
660.000
33
-331.7920
0
3DFACE
8
C2
10
150.000
20
650.000
30
-332.4369
11
160.000
21
650.000
31
-331.7683
12
160.000
22
660.000
32
-330.9326
13
150.000
23
660.000
33
-331.5728
0
3DFACE
8
C2
10
160.000
20
650.000
30
-331.7683
11
170.000
21
650.000
31
-329.9475
12
170.000
22
660.000
32
-329.3160
13
160.000
23
660.000
33
-330.9326
0
3DFACE
8
C2
10
170.000
20
650.000
30
-329.9475
11
180.000
21
650.000
31
-328.8731
12
180.000
22
660.000
32
-328.2752
13
170.000
23
660.000
33
-329.3160
0
3DFACE
8
C2
10
180.000
20
650.000
30
-328.8731
11
190.000
21
650.000
31
-327.1966
12
190.000
22
660.000
32
-326.4484
13
180.000
23
660.000
33
-328.2752
0
3DFACE
8
C2
10
190.000
20
650.000
30
-327.1966
11
200.000
21
650.000
31
-325.5007
12
200.000
22
660.000
32
-324.8411
13
190.000
23
660.000
33
-326.4484
0
3DFACE
8
C2
10
200.000
20
650.000
30
-325.5007
11
210.000
21
650.000
31
-323.7205
12
210.000
22
660.000
32
-323.2156
13
200.000
23
660.000
33
-324.8411
0
3DFACE
8
C2
10
210.000
20
650.000
30
-323.7205
11
220.000
21
650.000
31
-320.5438
12
220.000
22
660.000
32
-320.3478
13
210.000
23
660.000
33
-323.2156
0
3DFACE
8
C2
10
220.000
20
650.000
30
-320.5438
11
230.000
21
650.000
31
-319.2827
12
230.000
22
660.000
32
-319.2461
13
220.000
23
660.000
33
-320.3478
0
3DFACE
8
C2
10
230.000
20
650.000
30
-319.2827
11
240.000
21
650.000
31
-319.1535
12
240.000
22
660.000
32
-319.0908
13
230.000
23
660.000
33
-319.2461
0
3DFACE
8
C2
10
240.000
20
650.000
30
-319.1535
11
250.000
21
650.000
31
-318.2005
12
250.000
22
660.000
32
-318.2548
13
240.000
23
660.000
33
-319.0908
0
3DFACE
8
C2
10
250.000
20
650.000
30
-318.2005
11
260.000
21
650.000
31
-317.3475
12
260.000
22
660.000
32
-317.5097
13
250.000
23
660.000
33
-318.2548
0
3DFACE
8
C2
10
260.000
20
650.000
30
-317.3475
11
270.000
21
650.000
31
-315.4773
12
270.000
22
660.000
32
-315.8367
13
260.000
23
660.000
33
-317.5097
0
3DFACE
8
C2
10
270.000
20
650.000
30
-315.4773
11
280.000
21
650.000
31
-315.1843
12
280.000
22
660.000
32
-315.6116
13
270.000
23
660.000
33
-315.8367
0
3DFACE
8
C2
10
280.000
20
650.000
30
-315.1843
11
290.000
21
650.000
31
-316.6137
12
290.000
22
660.000
32
-316.9710
13
280.000
23
660.000
33
-315.6116
0
3DFACE
8
C2
10
290.000
20
650.000
30
-316.6137
11
300.000
21
650.000
31
-316.3445
12
300.000
22
660.000
32
-316.7532
13
290.000
23
660.000
33
-316.9710
0
3DFACE
8
C2
10
300.000
20
650.000
30
-316.3445
11
310.000
21
650.000
31
-315.7598
12
310.000
22
660.000
32
-316.2414
13
300.000
23
660.000
33
-316.7532
0
3DFACE
8
C2
10
310.000
20
650.000
30
-315.7598
11
320.000
21
650.000
31
-314.0504
12
320.000
22
660.000
32
-314.6636
13
310.000
23
660.000
33
-316.2414
0
3DFACE
8
C2
10
320.000
20
650.000
30
-314.0504
11
330.000
21
650.000
31
-313.2821
12
330.000
22
660.000
32
-314.0050
13
320.000
23
660.000
33
-314.6636
0
3DFACE
8
C2
10
330.000
20
650.000
30
-313.2821
11
340.000
21
650.000
31
-313.8417
12
340.000
22
660.000
32
-314.5706
13
330.000
23
660.000
33
-314.0050
0
3DFACE
8
C2
10
340.000
20
650.000
30
-313.8417
11
350.000
21
650.000
31
-313.1786
12
350.000
22
660.000
32
-313.9898
13
340.000
23
660.000
33
-314.5706
0
3DFACE
8
C2
10
350.000
20
650.000
30
-313.1786
11
360.000
21
650.000
31
-312.4656
12
360.000
22
660.000
32
-313.3277
13
350.000
23
660.000
33
-313.9898
0
3DFACE
8
C2
10
360.000
20
650.000
30
-312.4656
11
370.000
21
650.000
31
-311.4796
12
370.000
22
660.000
32
-312.3967
13
360.000
23
660.000
33
-313.3277
0
3DFACE
8
C2
10
370.000
20
650.000
30
-311.4796
11
380.000
21
650.000
31
-310.9341
12
380.000
22
660.000
32
-311.9013
13
370.000
23
660.000
33
-312.3967
0
3DFACE
8
C2
10
380.000
20
650.000
30
-310.9341
11
390.000
21
650.000
31
-311.4542
12
390.000
22
660.000
32
-312.4129
13
380.000
23
660.000
33
-311.9013
0
3DFACE
8
C2
10
390.000
20
650.000
30
-311.4542
11
400.000
21
650.000
31
-311.0544
12
400.000
22
660.000
32
-311.9917
13
390.000
23
660.000
33
-312.4129
0
3DFACE
8
C2
10
400.000
20
650.000
30
-311.0544
11
410.000
21
650.000
31
-310.5665
12
410.000
22
660.000
32
-311.4496
13
400.000
23
660.000
33
-311.9917
0
3DFACE
8
C2
10
410.000
20
650.000
30
-310.5665
11
420.000
21
650.000
31
-309.7164
12
420.000
22
660.000
32
-310.4629
13
410.000
23
660.000
33
-311.4496
0
3DFACE
8
C2
10
420.000
20
650.000
30
-309.7164
11
430.000
21
650.000
31
-308.9721
12
430.000
22
660.000
32
-309.7665
13
420.000
23
660.000
33
-310.4629
0
3DFACE
8
C2
10
430.000
20
650.000
30
-308.9721
11
440.000
21
650.000
31
-308.5255
12
440.000
22
660.000
32
-309.4416
13
430.000
23
660.000
33
-309.7665
0
3DFACE
8
C2
10
440.000
20
650.000
30
-308.5255
11
450.000
21
650.000
31
-307.7817
12
450.000
22
660.000
32
-308.9052
13
440.000
23
660.000
33
-309.4416
0
3DFACE
8
C2
10
450.000
20
650.000
30
-307.7817
11
460.000
21
650.000
31
-306.9295
12
460.000
22
660.000
32
-308.3399
13
450.000
23
660.000
33
-308.9052
0
3DFACE
8
C2
10
460.000
20
650.000
30
-306.9295
11
470.000
21
650.000
31
-305.8855
12
470.000
22
660.000
32
-307.6390
13
460.000
23
660.000
33
-308.3399
0
3DFACE
8
C2
10
470.000
20
650.000
30
-305.8855
11
480.000
21
650.000
31
-304.4307
12
480.000
22
660.000
32
-306.5875
13
470.000
23
660.000
33
-307.6390
0
3DFACE
8
C2
10
480.000
20
650.000
30
-304.4307
11
490.000
21
650.000
31
-303.1699
12
490.000
22
660.000
32
-305.7482
13
480.000
23
660.000
33
-306.5875
0
3DFACE
8
C2
10
490.000
20
650.000
30
-303.1699
11
500.000
21
650.000
31
-301.7950
12
500.000
22
660.000
32
-304.5234
13
490.000
23
660.000
33
-305.7482
0
3DFACE
8
C2
10
500.000
20
650.000
30
-301.7950
11
510.000
21
650.000
31
-300.3868
12
510.000
22
660.000
32
-303.0613
13
500.000
23
660.000
33
-304.5234
0
3DFACE
8
C2
10
510.000
20
650.000
30
-300.3868
11
520.000
21
650.000
31
-299.8190
12
520.000
22
660.000
32
-302.0696
13
510.000
23
660.000
33
-303.0613
0
3DFACE
8
C2
10
520.000
20
650.000
30
-299.8190
11
530.000
21
650.000
31
-298.4652
12
530.000
22
660.000
32
-300.4960
13
520.000
23
660.000
33
-302.0696
0
3DFACE
8
C2
10
530.000
20
650.000
30
-298.4652
11
540.000
21
650.000
31
-297.2955
12
540.000
22
660.000
32
-299.1576
13
530.000
23
660.000
33
-300.4960
0
3DFACE
8
C2
10
540.000
20
650.000
30
-297.2955
11
550.000
21
650.000
31
-296.5861
12
550.000
22
660.000
32
-298.2732
13
540.000
23
660.000
33
-299.1576
0
3DFACE
8
C2
10
550.000
20
650.000
30
-296.5861
11
560.000
21
650.000
31
-296.0727
12
560.000
22
660.000
32
-297.6550
13
550.000
23
660.000
33
-298.2732
0
3DFACE
8
C2
10
560.000
20
650.000
30
-296.0727
11
570.000
21
650.000
31
-296.0318
12
570.000
22
660.000
32
-297.3937
13
560.000
23
660.000
33
-297.6550
0
3DFACE
8
C2
10
570.000
20
650.000
30
-296.0318
11
580.000
21
650.000
31
-295.2432
12
580.000
22
660.000
32
-296.7814
13
570.000
23
660.000
33
-297.3937
0
3DFACE
8
C2
10
580.000
20
650.000
30
-295.2432
11
590.000
21
650.000
31
-293.0459
12
590.000
22
660.000
32
-295.2193
13
580.000
23
660.000
33
-296.7814
0
3DFACE
8
C2
10
590.000
20
650.000
30
-293.0459
11
600.000
21
650.000
31
-291.6645
12
600.000
22
660.000
32
-294.1086
13
590.000
23
660.000
33
-295.2193
0
3DFACE
8
C2
10
600.000
20
650.000
30
-291.6645
11
610.000
21
650.000
31
-290.7079
12
610.000
22
660.000
32
-293.0276
13
600.000
23
660.000
33
-294.1086
0
3DFACE
8
C2
10
610.000
20
650.000
30
-290.7079
11
620.000
21
650.000
31
-290.9816
12
620.000
22
660.000
32
-292.6553
13
610.000
23
660.000
33
-293.0276
0
3DFACE
8
C2
10
620.000
20
650.000
30
-290.9816
11
630.000
21
650.000
31
-289.8090
12
630.000
22
660.000
32
-291.1964
13
620.000
23
660.000
33
-292.6553
0
3DFACE
8
C2
10
630.000
20
650.000
30
-289.8090
11
640.000
21
650.000
31
-288.2138
12
640.000
22
660.000
32
-289.6323
13
630.000
23
660.000
33
-291.1964
0
3DFACE
8
C2
10
640.000
20
650.000
30
-288.2138
11
650.000
21
650.000
31
-287.8167
12
650.000
22
660.000
32
-289.0736
13
640.000
23
660.000
33
-289.6323
0
3DFACE
8
C2
10
650.000
20
650.000
30
-287.8167
11
660.000
21
650.000
31
-288.7162
12
660.000
22
660.000
32
-289.6284
13
650.000
23
660.000
33
-289.0736
0
3DFACE
8
C2
10
660.000
20
650.000
30
-288.7162
11
670.000
21
650.000
31
-290.5694
12
670.000
22
660.000
32
-291.1635
13
660.000
23
660.000
33
-289.6284
0
3DFACE
8
C2
10
670.000
20
650.000
30
-290.5694
11
680.000
21
650.000
31
-292.0602
12
680.000
22
660.000
32
-292.6481
13
670.000
23
660.000
33
-291.1635
0
3DFACE
8
C2
10
680.000
20
650.000
30
-292.0602
11
690.000
21
650.000
31
-292.3455
12
690.000
22
660.000
32
-293.4274
13
680.000
23
660.000
33
-292.6481
0
3DFACE
8
C2
10
690.000
20
650.000
30
-292.3455
11
700.000
21
650.000
31
-294.0797
12
700.000
22
660.000
32
-295.2959
13
690.000
23
660.000
33
-293.4274
0
3DFACE
8
C2
10
0.000
20
660.000
30
-314.1937
11
10.000
21
660.000
31
-314.7690
12
10.000
22
670.000
32
-315.0769
13
0.000
23
670.000
33
-314.6355
0
3DFACE
8
C2
10
10.000
20
660.000
30
-314.7690
11
20.000
21
660.000
31
-316.2082
12
20.000
22
670.000
32
-316.3006
13
10.000
23
670.000
33
-315.0769
0
3DFACE
8
C2
10
20.000
20
660.000
30
-316.2082
11
30.000
21
660.000
31
-317.2607
12
30.000
22
670.000
32
-317.1137
13
20.000
23
670.000
33
-316.3006
0
3DFACE
8
C2
10
30.000
20
660.000
30
-317.2607
11
40.000
21
660.000
31
-318.4811
12
40.000
22
670.000
32
-318.0535
13
30.000
23
670.000
33
-317.1137
0
3DFACE
8
C2
10
40.000
20
660.000
30
-318.4811
11
50.000
21
660.000
31
-320.1684
12
50.000
22
670.000
32
-319.4075
13
40.000
23
670.000
33
-318.0535
0
3DFACE
8
C2
10
50.000
20
660.000
30
-320.1684
11
60.000
21
660.000
31
-322.1973
12
60.000
22
670.000
32
-321.1202
13
50.000
23
670.000
33
-319.4075
0
3DFACE
8
C2
10
60.000
20
660.000
30
-322.1973
11
70.000
21
660.000
31
-324.5658
12
70.000
22
670.000
32
-323.5081
13
60.000
23
670.000
33
-321.1202
0
3DFACE
8
C2
10
70.000
20
660.000
30
-324.5658
11
80.000
21
660.000
31
-326.0823
12
80.000
22
670.000
32
-324.7719
13
70.000
23
670.000
33
-323.5081
0
3DFACE
8
C2
10
80.000
20
660.000
30
-326.0823
11
90.000
21
660.000
31
-326.8345
12
90.000
22
670.000
32
-325.3347
13
80.000
23
670.000
33
-324.7719
0
3DFACE
8
C2
10
90.000
20
660.000
30
-326.8345
11
100.000
21
660.000
31
-328.0835
12
100.000
22
670.000
32
-326.3998
13
90.000
23
670.000
33
-325.3347
0
3DFACE
8
C2
10
100.000
20
660.000
30
-328.0835
11
110.000
21
660.000
31
-329.3052
12
110.000
22
670.000
32
-327.4604
13
100.000
23
670.000
33
-326.3998
0
3DFACE
8
C2
10
110.000
20
660.000
30
-329.3052
11
120.000
21
660.000
31
-330.9444
12
120.000
22
670.000
32
-329.4558
13
110.000
23
670.000
33
-327.4604
0
3DFACE
8
C2
10
120.000
20
660.000
30
-330.9444
11
130.000
21
660.000
31
-331.8512
12
130.000
22
670.000
32
-330.2081
13
120.000
23
670.000
33
-329.4558
0
3DFACE
8
C2
10
130.000
20
660.000
30
-331.8512
11
140.000
21
660.000
31
-331.7920
12
140.000
22
670.000
32
-329.7496
13
130.000
23
670.000
33
-330.2081
0
3DFACE
8
C2
10
140.000
20
660.000
30
-331.7920
11
150.000
21
660.000
31
-331.5728
12
150.000
22
670.000
32
-329.5549
13
140.000
23
670.000
33
-329.7496
0
3DFACE
8
C2
10
150.000
20
660.000
30
-331.5728
11
160.000
21
660.000
31
-330.9326
12
160.000
22
670.000
32
-329.0202
13
150.000
23
670.000
33
-329.5549
0
3DFACE
8
C2
10
160.000
20
660.000
30
-330.9326
11
170.000
21
660.000
31
-329.3160
12
170.000
22
670.000
32
-327.7419
13
160.000
23
670.000
33
-329.0202
0
3DFACE
8
C2
10
170.000
20
660.000
30
-329.3160
11
180.000
21
660.000
31
-328.2752
12
180.000
22
670.000
32
-326.8673
13
170.000
23
670.000
33
-327.7419
0
3DFACE
8
C2
10
180.000
20
660.000
30
-328.2752
11
190.000
21
660.000
31
-326.4484
12
190.000
22
670.000
32
-324.7876
13
180.000
23
670.000
33
-326.8673
0
3DFACE
8
C2
10
190.000
20
660.000
30
-326.4484
11
200.000
21
660.000
31
-324.8411
12
200.000
22
670.000
32
-323.5062
13
190.000
23
670.000
33
-324.7876
0
3DFACE
8
C2
10
200.000
20
660.000
30
-324.8411
11
210.000
21
660.000
31
-323.2156
12
210.000
22
670.000
32
-322.2009
13
200.000
23
670.000
33
-323.5062
0
3DFACE
8
C2
10
210.000
20
660.000
30
-323.2156
11
220.000
21
660.000
31
-320.3478
12
220.000
22
670.000
32
-319.7896
13
210.000
23
670.000
33
-322.2009
0
3DFACE
8
C2
10
220.000
20
660.000
30
-320.3478
11
230.000
21
660.000
31
-319.2461
12
230.000
22
670.000
32
-318.9248
13
220.000
23
670.000
33
-319.7896
0
3DFACE
8
C2
10
230.000
20
660.000
30
-319.2461
11
240.000
21
660.000
31
-319.0908
12
240.000
22
670.000
32
-318.7853
13
230.000
23
670.000
33
-318.9248
0
3DFACE
8
C2
10
240.000
20
660.000
30
-319.0908
11
250.000
21
660.000
31
-318.2548
12
250.000
22
670.000
32
-318.1637
13
240.000
23
670.000
33
-318.7853
0
3DFACE
8
C2
10
250.000
20
660.000
30
-318.2548
11
260.000
21
660.000
31
-317.5097
12
260.000
22
670.000
32
-317.5693
13
250.000
23
670.000
33
-318.1637
0
3DFACE
8
C2
10
260.000
20
660.000
30
-317.5097
11
270.000
21
660.000
31
-315.8367
12
270.000
22
670.000
32
-316.1691
13
260.000
23
670.000
33
-317.5693
0
3DFACE
8
C2
10
270.000
20
660.000
30
-315.8367
11
280.000
21
660.000
31
-315.6116
12
280.000
22
670.000
32
-316.0085
13
270.000
23
670.000
33
-316.1691
0
3DFACE
8
C2
10
280.000
20
660.000
30
-315.6116
11
290.000
21
660.000
31
-316.9710
12
290.000
22
670.000
32
-317.2482
13
280.000
23
670.000
33
-316.0085
0
3DFACE
8
C2
10
290.000
20
660.000
30
-316.9710
11
300.000
21
660.000
31
-316.7532
12
300.000
22
670.000
32
-317.0824
13
290.000
23
670.000
33
-317.2482
0
3DFACE
8
C2
10
300.000
20
660.000
30
-316.7532
11
310.000
21
660.000
31
-316.2414
12
310.000
22
670.000
32
-316.6890
13
300.000
23
670.000
33
-317.0824
0
3DFACE
8
C2
10
310.000
20
660.000
30
-316.2414
11
320.000
21
660.000
31
-314.6636
12
320.000
22
670.000
32
-315.3452
13
310.000
23
670.000
33
-316.6890
0
3DFACE
8
C2
10
320.000
20
660.000
30
-314.6636
11
330.000
21
660.000
31
-314.0050
12
330.000
22
670.000
32
-314.8434
13
320.000
23
670.000
33
-315.3452
0
3DFACE
8
C2
10
330.000
20
660.000
30
-314.0050
11
340.000
21
660.000
31
-314.5706
12
340.000
22
670.000
32
-315.3787
13
330.000
23
670.000
33
-314.8434
0
3DFACE
8
C2
10
340.000
20
660.000
30
-314.5706
11
350.000
21
660.000
31
-313.9898
12
350.000
22
670.000
32
-314.9111
13
340.000
23
670.000
33
-315.3787
0
3DFACE
8
C2
10
350.000
20
660.000
30
-313.9898
11
360.000
21
660.000
31
-313.3277
12
360.000
22
670.000
32
-314.3397
13
350.000
23
670.000
33
-314.9111
0
3DFACE
8
C2
10
360.000
20
660.000
30
-313.3277
11
370.000
21
660.000
31
-312.3967
12
370.000
22
670.000
32
-313.4388
13
360.000
23
670.000
33
-314.3397
0
3DFACE
8
C2
10
370.000
20
660.000
30
-312.3967
11
380.000
21
660.000
31
-311.9013
12
380.000
22
670.000
32
-312.9779
13
370.000
23
670.000
33
-313.4388
0
3DFACE
8
C2
10
380.000
20
660.000
30
-311.9013
11
390.000
21
660.000
31
-312.4129
12
390.000
22
670.000
32
-313.4124
13
380.000
23
670.000
33
-312.9779
0
3DFACE
8
C2
10
390.000
20
660.000
30
-312.4129
11
400.000
21
660.000
31
-311.9917
12
400.000
22
670.000
32
-312.9952
13
390.000
23
670.000
33
-313.4124
0
3DFACE
8
C2
10
400.000
20
660.000
30
-311.9917
11
410.000
21
660.000
31
-311.4496
12
410.000
22
670.000
32
-312.4620
13
400.000
23
670.000
33
-312.9952
0
3DFACE
8
C2
10
410.000
20
660.000
30
-311.4496
11
420.000
21
660.000
31
-310.4629
12
420.000
22
670.000
32
-311.3319
13
410.000
23
670.000
33
-312.4620
0
3DFACE
8
C2
10
420.000
20
660.000
30
-310.4629
11
430.000
21
660.000
31
-309.7665
12
430.000
22
670.000
32
-310.7174
13
420.000
23
670.000
33
-311.3319
0
3DFACE
8
C2
10
430.000
20
660.000
30
-309.7665
11
440.000
21
660.000
31
-309.4416
12
440.000
22
670.000
32
-310.5792
13
430.000
23
670.000
33
-310.7174
0
3DFACE
8
C2
10
440.000
20
660.000
30
-309.4416
11
450.000
21
660.000
31
-308.9052
12
450.000
22
670.000
32
-310.2393
13
440.000
23
670.000
33
-310.5792
0
3DFACE
8
C2
10
450.000
20
660.000
30
-308.9052
11
460.000
21
660.000
31
-308.3399
12
460.000
22
670.000
32
-309.9174
13
450.000
23
670.000
33
-310.2393
0
3DFACE
8
C2
10
460.000
20
660.000
30
-308.3399
11
470.000
21
660.000
31
-307.6390
12
470.000
22
670.000
32
-309.4873
13
460.000
23
670.000
33
-309.9174
0
3DFACE
8
C2
10
470.000
20
660.000
30
-307.6390
11
480.000
21
660.000
31
-306.5875
12
480.000
22
670.000
32
-308.7598
13
470.000
23
670.000
33
-309.4873
0
3DFACE
8
C2
10
480.000
20
660.000
30
-306.5875
11
490.000
21
660.000
31
-305.7482
12
490.000
22
670.000
32
-308.3616
13
480.000
23
670.000
33
-308.7598
0
3DFACE
8
C2
10
490.000
20
660.000
30
-305.7482
11
500.000
21
660.000
31
-304.5234
12
500.000
22
670.000
32
-307.3171
13
490.000
23
670.000
33
-308.3616
0
3DFACE
8
C2
10
500.000
20
660.000
30
-304.5234
11
510.000
21
660.000
31
-303.0613
12
510.000
22
670.000
32
-305.9764
13
500.000
23
670.000
33
-307.3171
0
3DFACE
8
C2
10
510.000
20
660.000
30
-303.0613
11
520.000
21
660.000
31
-302.0696
12
520.000
22
670.000
32
-304.5596
13
510.000
23
670.000
33
-305.9764
0
3DFACE
8
C2
10
520.000
20
660.000
30
-302.0696
11
530.000
21
660.000
31
-300.4960
12
530.000
22
670.000
32
-303.0069
13
520.000
23
670.000
33
-304.5596
0
3DFACE
8
C2
10
530.000
20
660.000
30
-300.4960
11
540.000
21
660.000
31
-299.1576
12
540.000
22
670.000
32
-301.6794
13
530.000
23
670.000
33
-303.0069
0
3DFACE
8
C2
10
540.000
20
660.000
30
-299.1576
11
550.000
21
660.000
31
-298.2732
12
550.000
22
670.000
32
-300.8291
13
540.000
23
670.000
33
-301.6794
0
3DFACE
8
C2
10
550.000
20
660.000
30
-298.2732
11
560.000
21
660.000
31
-297.6550
12
560.000
22
670.000
32
-300.3194
13
550.000
23
670.000
33
-300.8291
0
3DFACE
8
C2
10
560.000
20
660.000
30
-297.6550
11
570.000
21
660.000
31
-297.3937
12
570.000
22
670.000
32
-300.1495
13
560.000
23
670.000
33
-300.3194
0
3DFACE
8
C2
10
570.000
20
660.000
30
-297.3937
11
580.000
21
660.000
31
-296.7814
12
580.000
22
670.000
32
-299.8131
13
570.000
23
670.000
33
-300.1495
0
3DFACE
8
C2
10
580.000
20
660.000
30
-296.7814
11
590.000
21
660.000
31
-295.2193
12
590.000
22
670.000
32
-299.1430
13
580.000
23
670.000
33
-299.8131
0
3DFACE
8
C2
10
590.000
20
660.000
30
-295.2193
11
600.000
21
660.000
31
-294.1086
12
600.000
22
670.000
32
-298.4254
13
590.000
23
670.000
33
-299.1430
0
3DFACE
8
C2
10
600.000
20
660.000
30
-294.1086
11
610.000
21
660.000
31
-293.0276
12
610.000
22
670.000
32
-297.5313
13
600.000
23
670.000
33
-298.4254
0
3DFACE
8
C2
10
610.000
20
660.000
30
-293.0276
11
620.000
21
660.000
31
-292.6553
12
620.000
22
670.000
32
-297.0403
13
610.000
23
670.000
33
-297.5313
0
3DFACE
8
C2
10
620.000
20
660.000
30
-292.6553
11
630.000
21
660.000
31
-291.1964
12
630.000
22
670.000
32
-295.6193
13
620.000
23
670.000
33
-297.0403
0
3DFACE
8
C2
10
630.000
20
660.000
30
-291.1964
11
640.000
21
660.000
31
-289.6323
12
640.000
22
670.000
32
-294.0962
13
630.000
23
670.000
33
-295.6193
0
3DFACE
8
C2
10
640.000
20
660.000
30
-289.6323
11
650.000
21
660.000
31
-289.0736
12
650.000
22
670.000
32
-293.3098
13
640.000
23
670.000
33
-294.0962
0
3DFACE
8
C2
10
650.000
20
660.000
30
-289.0736
11
660.000
21
660.000
31
-289.6284
12
660.000
22
670.000
32
-293.5007
13
650.000
23
670.000
33
-293.3098
0
3DFACE
8
C2
10
660.000
20
660.000
30
-289.6284
11
670.000
21
660.000
31
-291.1635
12
670.000
22
670.000
32
-294.5489
13
660.000
23
670.000
33
-293.5007
0
3DFACE
8
C2
10
670.000
20
660.000
30
-291.1635
11
680.000
21
660.000
31
-292.6481
12
680.000
22
670.000
32
-295.7378
13
670.000
23
670.000
33
-294.5489
0
3DFACE
8
C2
10
680.000
20
660.000
30
-292.6481
11
690.000
21
660.000
31
-293.4274
12
690.000
22
670.000
32
-296.4537
13
680.000
23
670.000
33
-295.7378
0
3DFACE
8
C2
10
690.000
20
660.000
30
-293.4274
11
700.000
21
660.000
31
-295.2959
12
700.000
22
670.000
32
-298.0710
13
690.000
23
670.000
33
-296.4537
0
3DFACE
8
C2
10
0.000
20
670.000
30
-314.6355
11
10.000
21
670.000
31
-315.0769
12
10.000
22
680.000
32
-317.1678
13
0.000
23
680.000
33
-316.7781
0
3DFACE
8
C2
10
10.000
20
670.000
30
-315.0769
11
20.000
21
670.000
31
-316.3006
12
20.000
22
680.000
32
-318.3603
13
10.000
23
680.000
33
-317.1678
0
3DFACE
8
C2
10
20.000
20
670.000
30
-316.3006
11
30.000
21
670.000
31
-317.1137
12
30.000
22
680.000
32
-318.9901
13
20.000
23
680.000
33
-318.3603
0
3DFACE
8
C2
10
30.000
20
670.000
30
-317.1137
11
40.000
21
670.000
31
-318.0535
12
40.000
22
680.000
32
-319.5424
13
30.000
23
680.000
33
-318.9901
0
3DFACE
8
C2
10
40.000
20
670.000
30
-318.0535
11
50.000
21
670.000
31
-319.4075
12
50.000
22
680.000
32
-320.4518
13
40.000
23
680.000
33
-319.5424
0
3DFACE
8
C2
10
50.000
20
670.000
30
-319.4075
11
60.000
21
670.000
31
-321.1202
12
60.000
22
680.000
32
-321.8626
13
50.000
23
680.000
33
-320.4518
0
3DFACE
8
C2
10
60.000
20
670.000
30
-321.1202
11
70.000
21
670.000
31
-323.5081
12
70.000
22
680.000
32
-324.0730
13
60.000
23
680.000
33
-321.8626
0
3DFACE
8
C2
10
70.000
20
670.000
30
-323.5081
11
80.000
21
670.000
31
-324.7719
12
80.000
22
680.000
32
-324.9416
13
70.000
23
680.000
33
-324.0730
0
3DFACE
8
C2
10
80.000
20
670.000
30
-324.7719
11
90.000
21
670.000
31
-325.3347
12
90.000
22
680.000
32
-325.0538
13
80.000
23
680.000
33
-324.9416
0
3DFACE
8
C2
10
90.000
20
670.000
30
-325.3347
11
100.000
21
670.000
31
-326.3998
12
100.000
22
680.000
32
-325.8294
13
90.000
23
680.000
33
-325.0538
0
3DFACE
8
C2
10
100.000
20
670.000
30
-326.3998
11
110.000
21
670.000
31
-327.4604
12
110.000
22
680.000
32
-326.8544
13
100.000
23
680.000
33
-325.8294
0
3DFACE
8
C2
10
110.000
20
670.000
30
-327.4604
11
120.000
21
670.000
31
-329.4558
12
120.000
22
680.000
32
-329.0597
13
110.000
23
680.000
33
-326.8544
0
3DFACE
8
C2
10
120.000
20
670.000
30
-329.4558
11
130.000
21
670.000
31
-330.2081
12
130.000
22
680.000
32
-329.7065
13
120.000
23
680.000
33
-329.0597
0
3DFACE
8
C2
10
130.000
20
670.000
30
-330.2081
11
140.000
21
670.000
31
-329.7496
12
140.000
22
680.000
32
-328.9433
13
130.000
23
680.000
33
-329.7065
0
3DFACE
8
C2
10
140.000
20
670.000
30
-329.7496
11
150.000
21
670.000
31
-329.5549
12
150.000
22
680.000
32
-328.6047
13
140.000
23
680.000
33
-328.9433
0
3DFACE
8
C2
10
150.000
20
670.000
30
-329.5549
11
160.000
21
670.000
31
-329.0202
12
160.000
22
680.000
32
-327.9900
13
150.000
23
680.000
33
-328.6047
0
3DFACE
8
C2
10
160.000
20
670.000
30
-329.0202
11
170.000
21
670.000
31
-327.7419
12
170.000
22
680.000
32
-326.8364
13
160.000
23
680.000
33
-327.9900
0
3DFACE
8
C2
10
170.000
20
670.000
30
-327.7419
11
180.000
21
670.000
31
-326.8673
12
180.000
22
680.000
32
-325.7935
13
170.000
23
680.000
33
-326.8364
0
3DFACE
8
C2
10
180.000
20
670.000
30
-326.8673
11
190.000
21
670.000
31
-324.7876
12
190.000
22
680.000
32
-323.3503
13
180.000
23
680.000
33
-325.7935
0
3DFACE
8
C2
10
190.000
20
670.000
30
-324.7876
11
200.000
21
670.000
31
-323.5062
12
200.000
22
680.000
32
-322.0073
13
190.000
23
680.000
33
-323.3503
0
3DFACE
8
C2
10
200.000
20
670.000
30
-323.5062
11
210.000
21
670.000
31
-322.2009
12
210.000
22
680.000
32
-320.8058
13
200.000
23
680.000
33
-322.0073
0
3DFACE
8
C2
10
210.000
20
670.000
30
-322.2009
11
220.000
21
670.000
31
-319.7896
12
220.000
22
680.000
32
-318.8470
13
210.000
23
680.000
33
-320.8058
0
3DFACE
8
C2
10
220.000
20
670.000
30
-319.7896
11
230.000
21
670.000
31
-318.9248
12
230.000
22
680.000
32
-318.1084
13
220.000
23
680.000
33
-318.8470
0
3DFACE
8
C2
10
230.000
20
670.000
30
-318.9248
11
240.000
21
670.000
31
-318.7853
12
240.000
22
680.000
32
-317.8394
13
230.000
23
680.000
33
-318.1084
0
3DFACE
8
C2
10
240.000
20
670.000
30
-318.7853
11
250.000
21
670.000
31
-318.1637
12
250.000
22
680.000
32
-317.3347
13
240.000
23
680.000
33
-317.8394
0
3DFACE
8
C2
10
250.000
20
670.000
30
-318.1637
11
260.000
21
670.000
31
-317.5693
12
260.000
22
680.000
32
-316.9352
13
250.000
23
680.000
33
-317.3347
0
3DFACE
8
C2
10
260.000
20
670.000
30
-317.5693
11
270.000
21
670.000
31
-316.1691
12
270.000
22
680.000
32
-315.9843
13
260.000
23
680.000
33
-316.9352
0
3DFACE
8
C2
10
270.000
20
670.000
30
-316.1691
11
280.000
21
670.000
31
-316.0085
12
280.000
22
680.000
32
-315.9068
13
270.000
23
680.000
33
-315.9843
0
3DFACE
8
C2
10
280.000
20
670.000
30
-316.0085
11
290.000
21
670.000
31
-317.2482
12
290.000
22
680.000
32
-316.8936
13
280.000
23
680.000
33
-315.9068
0
3DFACE
8
C2
10
290.000
20
670.000
30
-317.2482
11
300.000
21
670.000
31
-317.0824
12
300.000
22
680.000
32
-316.7751
13
290.000
23
680.000
33
-316.8936
0
3DFACE
8
C2
10
300.000
20
670.000
30
-317.0824
11
310.000
21
670.000
31
-316.6890
12
310.000
22
680.000
32
-316.5367
13
300.000
23
680.000
33
-316.7751
0
3DFACE
8
C2
10
310.000
20
670.000
30
-316.6890
11
320.000
21
670.000
31
-315.3452
12
320.000
22
680.000
32
-315.6331
13
310.000
23
680.000
33
-316.5367
0
3DFACE
8
C2
10
320.000
20
670.000
30
-315.3452
11
330.000
21
670.000
31
-314.8434
12
330.000
22
680.000
32
-315.3027
13
320.000
23
680.000
33
-315.6331
0
3DFACE
8
C2
10
330.000
20
670.000
30
-314.8434
11
340.000
21
670.000
31
-315.3787
12
340.000
22
680.000
32
-315.6707
13
330.000
23
680.000
33
-315.3027
0
3DFACE
8
C2
10
340.000
20
670.000
30
-315.3787
11
350.000
21
670.000
31
-314.9111
12
350.000
22
680.000
32
-315.2704
13
340.000
23
680.000
33
-315.6707
0
3DFACE
8
C2
10
350.000
20
670.000
30
-314.9111
11
360.000
21
670.000
31
-314.3397
12
360.000
22
680.000
32
-314.7730
13
350.000
23
680.000
33
-315.2704
0
3DFACE
8
C2
10
360.000
20
670.000
30
-314.3397
11
370.000
21
670.000
31
-313.4388
12
370.000
22
680.000
32
-314.0016
13
360.000
23
680.000
33
-314.7730
0
3DFACE
8
C2
10
370.000
20
670.000
30
-313.4388
11
380.000
21
670.000
31
-312.9779
12
380.000
22
680.000
32
-313.5984
13
370.000
23
680.000
33
-314.0016
0
3DFACE
8
C2
10
380.000
20
670.000
30
-312.9779
11
390.000
21
670.000
31
-313.4124
12
390.000
22
680.000
32
-313.7903
13
380.000
23
680.000
33
-313.5984
0
3DFACE
8
C2
10
390.000
20
670.000
30
-313.4124
11
400.000
21
670.000
31
-312.9952
12
400.000
22
680.000
32
-313.3187
13
390.000
23
680.000
33
-313.7903
0
3DFACE
8
C2
10
400.000
20
670.000
30
-312.9952
11
410.000
21
670.000
31
-312.4620
12
410.000
22
680.000
32
-312.7489
13
400.000
23
680.000
33
-313.3187
0
3DFACE
8
C2
10
410.000
20
670.000
30
-312.4620
11
420.000
21
670.000
31
-311.3319
12
420.000
22
680.000
32
-311.6074
13
410.000
23
680.000
33
-312.7489
0
3DFACE
8
C2
10
420.000
20
670.000
30
-311.3319
11
430.000
21
670.000
31
-310.7174
12
430.000
22
680.000
32
-311.0709
13
420.000
23
680.000
33
-311.6074
0
3DFACE
8
C2
10
430.000
20
670.000
30
-310.7174
11
440.000
21
670.000
31
-310.5792
12
440.000
22
680.000
32
-311.0199
13
430.000
23
680.000
33
-311.0709
0
3DFACE
8
C2
10
440.000
20
670.000
30
-310.5792
11
450.000
21
670.000
31
-310.2393
12
450.000
22
680.000
32
-310.8661
13
440.000
23
680.000
33
-311.0199
0
3DFACE
8
C2
10
450.000
20
670.000
30
-310.2393
11
460.000
21
670.000
31
-309.9174
12
460.000
22
680.000
32
-310.8114
13
450.000
23
680.000
33
-310.8661
0
3DFACE
8
C2
10
460.000
20
670.000
30
-309.9174
11
470.000
21
670.000
31
-309.4873
12
470.000
22
680.000
32
-310.7174
13
460.000
23
680.000
33
-310.8114
0
3DFACE
8
C2
10
470.000
20
670.000
30
-309.4873
11
480.000
21
670.000
31
-308.7598
12
480.000
22
680.000
32
-310.4554
13
470.000
23
680.000
33
-310.7174
0
3DFACE
8
C2
10
480.000
20
670.000
30
-308.7598
11
490.000
21
670.000
31
-308.3616
12
490.000
22
680.000
32
-310.5686
13
480.000
23
680.000
33
-310.4554
0
3DFACE
8
C2
10
490.000
20
670.000
30
-308.3616
11
500.000
21
670.000
31
-307.3171
12
500.000
22
680.000
32
-309.8550
13
490.000
23
680.000
33
-310.5686
0
3DFACE
8
C2
10
500.000
20
670.000
30
-307.3171
11
510.000
21
670.000
31
-305.9764
12
510.000
22
680.000
32
-308.6184
13
500.000
23
680.000
33
-309.8550
0
3DFACE
8
C2
10
510.000
20
670.000
30
-305.9764
11
520.000
21
670.000
31
-304.5596
12
520.000
22
680.000
32
-306.8763
13
510.000
23
680.000
33
-308.6184
0
3DFACE
8
C2
10
520.000
20
670.000
30
-304.5596
11
530.000
21
670.000
31
-303.0069
12
530.000
22
680.000
32
-305.3526
13
520.000
23
680.000
33
-306.8763
0
3DFACE
8
C2
10
530.000
20
670.000
30
-303.0069
11
540.000
21
670.000
31
-301.6794
12
540.000
22
680.000
32
-304.2144
13
530.000
23
680.000
33
-305.3526
0
3DFACE
8
C2
10
540.000
20
670.000
30
-301.6794
11
550.000
21
670.000
31
-300.8291
12
550.000
22
680.000
32
-303.5064
13
540.000
23
680.000
33
-304.2144
0
3DFACE
8
C2
10
550.000
20
670.000
30
-300.8291
11
560.000
21
670.000
31
-300.3194
12
560.000
22
680.000
32
-303.0438
13
550.000
23
680.000
33
-303.5064
0
3DFACE
8
C2
10
560.000
20
670.000
30
-300.3194
11
570.000
21
670.000
31
-300.1495
12
570.000
22
680.000
32
-302.6888
13
560.000
23
680.000
33
-303.0438
0
3DFACE
8
C2
10
570.000
20
670.000
30
-300.1495
11
580.000
21
670.000
31
-299.8131
12
580.000
22
680.000
32
-302.7561
13
570.000
23
680.000
33
-302.6888
0
3DFACE
8
C2
10
580.000
20
670.000
30
-299.8131
11
590.000
21
670.000
31
-299.1430
12
590.000
22
680.000
32
-303.0799
13
580.000
23
680.000
33
-302.7561
0
3DFACE
8
C2
10
590.000
20
670.000
30
-299.1430
11
600.000
21
670.000
31
-298.4254
12
600.000
22
680.000
32
-302.8099
13
590.000
23
680.000
33
-303.0799
0
3DFACE
8
C2
10
600.000
20
670.000
30
-298.4254
11
610.000
21
670.000
31
-297.5313
12
610.000
22
680.000
32
-301.7285
13
600.000
23
680.000
33
-302.8099
0
3DFACE
8
C2
10
610.000
20
670.000
30
-297.5313
11
620.000
21
670.000
31
-297.0403
12
620.000
22
680.000
32
-300.3387
13
610.000
23
680.000
33
-301.7285
0
3DFACE
8
C2
10
620.000
20
670.000
30
-297.0403
11
630.000
21
670.000
31
-295.6193
12
630.000
22
680.000
32
-298.7728
13
620.000
23
680.000
33
-300.3387
0
3DFACE
8
C2
10
630.000
20
670.000
30
-295.6193
11
640.000
21
670.000
31
-294.0962
12
640.000
22
680.000
32
-297.5889
13
630.000
23
680.000
33
-298.7728
0
3DFACE
8
C2
10
640.000
20
670.000
30
-294.0962
11
650.000
21
670.000
31
-293.3098
12
650.000
22
680.000
32
-296.7925
13
640.000
23
680.000
33
-297.5889
0
3DFACE
8
C2
10
650.000
20
670.000
30
-293.3098
11
660.000
21
670.000
31
-293.5007
12
660.000
22
680.000
32
-296.5119
13
650.000
23
680.000
33
-296.7925
0
3DFACE
8
C2
10
660.000
20
670.000
30
-293.5007
11
670.000
21
670.000
31
-294.5489
12
670.000
22
680.000
32
-296.8635
13
660.000
23
680.000
33
-296.5119
0
3DFACE
8
C2
10
670.000
20
670.000
30
-294.5489
11
680.000
21
670.000
31
-295.7378
12
680.000
22
680.000
32
-297.7800
13
670.000
23
680.000
33
-296.8635
0
3DFACE
8
C2
10
680.000
20
670.000
30
-295.7378
11
690.000
21
670.000
31
-296.4537
12
690.000
22
680.000
32
-298.8680
13
680.000
23
680.000
33
-297.7800
0
3DFACE
8
C2
10
690.000
20
670.000
30
-296.4537
11
700.000
21
670.000
31
-298.0710
12
700.000
22
680.000
32
-300.1753
13
690.000
23
680.000
33
-298.8680
0
3DFACE
8
C2
10
0.000
20
680.000
30
-316.7781
11
10.000
21
680.000
31
-317.1678
12
10.000
22
690.000
32
-320.5113
13
0.000
23
690.000
33
-320.2804
0
3DFACE
8
C2
10
10.000
20
680.000
30
-317.1678
11
20.000
21
680.000
31
-318.3603
12
20.000
22
690.000
32
-321.4879
13
10.000
23
690.000
33
-320.5113
0
3DFACE
8
C2
10
20.000
20
680.000
30
-318.3603
11
30.000
21
680.000
31
-318.9901
12
30.000
22
690.000
32
-321.8438
13
20.000
23
690.000
33
-321.4879
0
3DFACE
8
C2
10
30.000
20
680.000
30
-318.9901
11
40.000
21
680.000
31
-319.5424
12
40.000
22
690.000
32
-321.8337
13
30.000
23
690.000
33
-321.8438
0
3DFACE
8
C2
10
40.000
20
680.000
30
-319.5424
11
50.000
21
680.000
31
-320.4518
12
50.000
22
690.000
32
-322.1803
13
40.000
23
690.000
33
-321.8337
0
3DFACE
8
C2
10
50.000
20
680.000
30
-320.4518
11
60.000
21
680.000
31
-321.8626
12
60.000
22
690.000
32
-323.2667
13
50.000
23
690.000
33
-322.1803
0
3DFACE
8
C2
10
60.000
20
680.000
30
-321.8626
11
70.000
21
680.000
31
-324.0730
12
70.000
22
690.000
32
-325.2226
13
60.000
23
690.000
33
-323.2667
0
3DFACE
8
C2
10
70.000
20
680.000
30
-324.0730
11
80.000
21
680.000
31
-324.9416
12
80.000
22
690.000
32
-325.7239
13
70.000
23
690.000
33
-325.2226
0
3DFACE
8
C2
10
80.000
20
680.000
30
-324.9416
11
90.000
21
680.000
31
-325.0538
12
90.000
22
690.000
32
-325.5135
13
80.000
23
690.000
33
-325.7239
0
3DFACE
8
C2
10
90.000
20
680.000
30
-325.0538
11
100.000
21
680.000
31
-325.8294
12
100.000
22
690.000
32
-326.0518
13
90.000
23
690.000
33
-325.5135
0
3DFACE
8
C2
10
100.000
20
680.000
30
-325.8294
11
110.000
21
680.000
31
-326.8544
12
110.000
22
690.000
32
-327.1552
13
100.000
23
690.000
33
-326.0518
0
3DFACE
8
C2
10
110.000
20
680.000
30
-326.8544
11
120.000
21
680.000
31
-329.0597
12
120.000
22
690.000
32
-329.5454
13
110.000
23
690.000
33
-327.1552
0
3DFACE
8
C2
10
120.000
20
680.000
30
-329.0597
11
130.000
21
680.000
31
-329.7065
12
130.000
22
690.000
32
-330.1172
13
120.000
23
690.000
33
-329.5454
0
3DFACE
8
C2
10
130.000
20
680.000
30
-329.7065
11
140.000
21
680.000
31
-328.9433
12
140.000
22
690.000
32
-329.1630
13
130.000
23
690.000
33
-330.1172
0
3DFACE
8
C2
10
140.000
20
680.000
30
-328.9433
11
150.000
21
680.000
31
-328.6047
12
150.000
22
690.000
32
-328.5549
13
140.000
23
690.000
33
-329.1630
0
3DFACE
8
C2
10
150.000
20
680.000
30
-328.6047
11
160.000
21
680.000
31
-327.9900
12
160.000
22
690.000
32
-327.5757
13
150.000
23
690.000
33
-328.5549
0
3DFACE
8
C2
10
160.000
20
680.000
30
-327.9900
11
170.000
21
680.000
31
-326.8364
12
170.000
22
690.000
32
-326.3681
13
160.000
23
690.000
33
-327.5757
0
3DFACE
8
C2
10
170.000
20
680.000
30
-326.8364
11
180.000
21
680.000
31
-325.7935
12
180.000
22
690.000
32
-324.8568
13
170.000
23
690.000
33
-326.3681
0
3DFACE
8
C2
10
180.000
20
680.000
30
-325.7935
11
190.000
21
680.000
31
-323.3503
12
190.000
22
690.000
32
-321.9305
13
180.000
23
690.000
33
-324.8568
0
3DFACE
8
C2
10
190.000
20
680.000
30
-323.3503
11
200.000
21
680.000
31
-322.0073
12
200.000
22
690.000
32
-320.2331
13
190.000
23
690.000
33
-321.9305
0
3DFACE
8
C2
10
200.000
20
680.000
30
-322.0073
11
210.000
21
680.000
31
-320.8058
12
210.000
22
690.000
32
-318.7572
13
200.000
23
690.000
33
-320.2331
0
3DFACE
8
C2
10
210.000
20
680.000
30
-320.8058
11
220.000
21
680.000
31
-318.8470
12
220.000
22
690.000
32
-317.2706
13
210.000
23
690.000
33
-318.7572
0
3DFACE
8
C2
10
220.000
20
680.000
30
-318.8470
11
230.000
21
680.000
31
-318.1084
12
230.000
22
690.000
32
-316.4787
13
220.000
23
690.000
33
-317.2706
0
3DFACE
8
C2
10
230.000
20
680.000
30
-318.1084
11
240.000
21
680.000
31
-317.8394
12
240.000
22
690.000
32
-315.8895
13
230.000
23
690.000
33
-316.4787
0
3DFACE
8
C2
10
240.000
20
680.000
30
-317.8394
11
250.000
21
680.000
31
-317.3347
12
250.000
22
690.000
32
-315.4780
13
240.000
23
690.000
33
-315.8895
0
3DFACE
8
C2
10
250.000
20
680.000
30
-317.3347
11
260.000
21
680.000
31
-316.9352
12
260.000
22
690.000
32
-315.1875
13
250.000
23
690.000
33
-315.4780
0
3DFACE
8
C2
10
260.000
20
680.000
30
-316.9352
11
270.000
21
680.000
31
-315.9843
12
270.000
22
690.000
32
-314.8779
13
260.000
23
690.000
33
-315.1875
0
3DFACE
8
C2
10
270.000
20
680.000
30
-315.9843
11
280.000
21
680.000
31
-315.9068
12
280.000
22
690.000
32
-314.9384
13
270.000
23
690.000
33
-314.8779
0
3DFACE
8
C2
10
280.000
20
680.000
30
-315.9068
11
290.000
21
680.000
31
-316.8936
12
290.000
22
690.000
32
-315.4347
13
280.000
23
690.000
33
-314.9384
0
3DFACE
8
C2
10
290.000
20
680.000
30
-316.8936
11
300.000
21
680.000
31
-316.7751
12
300.000
22
690.000
32
-315.5513
13
290.000
23
690.000
33
-315.4347
0
3DFACE
8
C2
10
300.000
20
680.000
30
-316.7751
11
310.000
21
680.000
31
-316.5367
12
310.000
22
690.000
32
-315.5254
13
300.000
23
690.000
33
-315.5513
0
3DFACE
8
C2
10
310.000
20
680.000
30
-316.5367
11
320.000
21
680.000
31
-315.6331
12
320.000
22
690.000
32
-315.1744
13
310.000
23
690.000
33
-315.5254
0
3DFACE
8
C2
10
320.000
20
680.000
30
-315.6331
11
330.000
21
680.000
31
-315.3027
12
330.000
22
690.000
32
-315.0185
13
320.000
23
690.000
33
-315.1744
0
3DFACE
8
C2
10
330.000
20
680.000
30
-315.3027
11
340.000
21
680.000
31
-315.6707
12
340.000
22
690.000
32
-315.0380
13
330.000
23
690.000
33
-315.0185
0
3DFACE
8
C2
10
340.000
20
680.000
30
-315.6707
11
350.000
21
680.000
31
-315.2704
12
350.000
22
690.000
32
-314.8182
13
340.000
23
690.000
33
-315.0380
0
3DFACE
8
C2
10
350.000
20
680.000
30
-315.2704
11
360.000
21
680.000
31
-314.7730
12
360.000
22
690.000
32
-314.4918
13
350.000
23
690.000
33
-314.8182
0
3DFACE
8
C2
10
360.000
20
680.000
30
-314.7730
11
370.000
21
680.000
31
-314.0016
12
370.000
22
690.000
32
-313.8314
13
360.000
23
690.000
33
-314.4918
0
3DFACE
8
C2
10
370.000
20
680.000
30
-314.0016
11
380.000
21
680.000
31
-313.5984
12
380.000
22
690.000
32
-313.4721
13
370.000
23
690.000
33
-313.8314
0
3DFACE
8
C2
10
380.000
20
680.000
30
-313.5984
11
390.000
21
680.000
31
-313.7903
12
390.000
22
690.000
32
-313.3264
13
380.000
23
690.000
33
-313.4721
0
3DFACE
8
C2
10
390.000
20
680.000
30
-313.7903
11
400.000
21
680.000
31
-313.3187
12
400.000
22
690.000
32
-312.8705
13
390.000
23
690.000
33
-313.3264
0
3DFACE
8
C2
10
400.000
20
680.000
30
-313.3187
11
410.000
21
680.000
31
-312.7489
12
410.000
22
690.000
32
-312.2981
13
400.000
23
690.000
33
-312.8705
0
3DFACE
8
C2
10
410.000
20
680.000
30
-312.7489
11
420.000
21
680.000
31
-311.6074
12
420.000
22
690.000
32
-311.2284
13
410.000
23
690.000
33
-312.2981
0
3DFACE
8
C2
10
420.000
20
680.000
30
-311.6074
11
430.000
21
680.000
31
-311.0709
12
430.000
22
690.000
32
-310.7595
13
420.000
23
690.000
33
-311.2284
0
3DFACE
8
C2
10
430.000
20
680.000
30
-311.0709
11
440.000
21
680.000
31
-311.0199
12
440.000
22
690.000
32
-310.8299
13
430.000
23
690.000
33
-310.7595
0
3DFACE
8
C2
10
440.000
20
680.000
30
-311.0199
11
450.000
21
680.000
31
-310.8661
12
450.000
22
690.000
32
-310.8574
13
440.000
23
690.000
33
-310.8299
0
3DFACE
8
C2
10
450.000
20
680.000
30
-310.8661
11
460.000
21
680.000
31
-310.8114
12
460.000
22
690.000
32
-311.0870
13
450.000
23
690.000
33
-310.8574
0
3DFACE
8
C2
10
460.000
20
680.000
30
-310.8114
11
470.000
21
680.000
31
-310.7174
12
470.000
22
690.000
32
-311.3552
13
460.000
23
690.000
33
-311.0870
0
3DFACE
8
C2
10
470.000
20
680.000
30
-310.7174
11
480.000
21
680.000
31
-310.4554
12
480.000
22
690.000
32
-311.6307
13
470.000
23
690.000
33
-311.3552
0
3DFACE
8
C2
10
480.000
20
680.000
30
-310.4554
11
490.000
21
680.000
31
-310.5686
12
490.000
22
690.000
32
-312.3252
13
480.000
23
690.000
33
-311.6307
0
3DFACE
8
C2
10
490.000
20
680.000
30
-310.5686
11
500.000
21
680.000
31
-309.8550
12
500.000
22
690.000
32
-312.1843
13
490.000
23
690.000
33
-312.3252
0
3DFACE
8
C2
10
500.000
20
680.000
30
-309.8550
11
510.000
21
680.000
31
-308.6184
12
510.000
22
690.000
32
-311.3972
13
500.000
23
690.000
33
-312.1843
0
3DFACE
8
C2
10
510.000
20
680.000
30
-308.6184
11
520.000
21
680.000
31
-306.8763
12
520.000
22
690.000
32
-309.4802
13
510.000
23
690.000
33
-311.3972
0
3DFACE
8
C2
10
520.000
20
680.000
30
-306.8763
11
530.000
21
680.000
31
-305.3526
12
530.000
22
690.000
32
-308.3113
13
520.000
23
690.000
33
-309.4802
0
3DFACE
8
C2
10
530.000
20
680.000
30
-305.3526
11
540.000
21
680.000
31
-304.2144
12
540.000
22
690.000
32
-307.6417
13
530.000
23
690.000
33
-308.3113
0
3DFACE
8
C2
10
540.000
20
680.000
30
-304.2144
11
550.000
21
680.000
31
-303.5064
12
550.000
22
690.000
32
-307.2945
13
540.000
23
690.000
33
-307.6417
0
3DFACE
8
C2
10
550.000
20
680.000
30
-303.5064
11
560.000
21
680.000
31
-303.0438
12
560.000
22
690.000
32
-306.9718
13
550.000
23
690.000
33
-307.2945
0
3DFACE
8
C2
10
560.000
20
680.000
30
-303.0438
11
570.000
21
680.000
31
-302.6888
12
570.000
22
690.000
32
-306.7388
13
560.000
23
690.000
33
-306.9718
0
3DFACE
8
C2
10
570.000
20
680.000
30
-302.6888
11
580.000
21
680.000
31
-302.7561
12
580.000
22
690.000
32
-307.1245
13
570.000
23
690.000
33
-306.7388
0
3DFACE
8
C2
10
580.000
20
680.000
30
-302.7561
11
590.000
21
680.000
31
-303.0799
12
590.000
22
690.000
32
-308.6218
13
580.000
23
690.000
33
-307.1245
0
3DFACE
8
C2
10
590.000
20
680.000
30
-303.0799
11
600.000
21
680.000
31
-302.8099
12
600.000
22
690.000
32
-308.8237
13
590.000
23
690.000
33
-308.6218
0
3DFACE
8
C2
10
600.000
20
680.000
30
-302.8099
11
610.000
21
680.000
31
-301.7285
12
610.000
22
690.000
32
-307.6905
13
600.000
23
690.000
33
-308.8237
0
3DFACE
8
C2
10
610.000
20
680.000
30
-301.7285
11
620.000
21
680.000
31
-300.3387
12
620.000
22
690.000
32
-305.3482
13
610.000
23
690.000
33
-307.6905
0
3DFACE
8
C2
10
620.000
20
680.000
30
-300.3387
11
630.000
21
680.000
31
-298.7728
12
630.000
22
690.000
32
-303.7208
13
620.000
23
690.000
33
-305.3482
0
3DFACE
8
C2
10
630.000
20
680.000
30
-298.7728
11
640.000
21
680.000
31
-297.5889
12
640.000
22
690.000
32
-302.5380
13
630.000
23
690.000
33
-303.7208
0
3DFACE
8
C2
10
640.000
20
680.000
30
-297.5889
11
650.000
21
680.000
31
-296.7925
12
650.000
22
690.000
32
-301.4012
13
640.000
23
690.000
33
-302.5380
0
3DFACE
8
C2
10
650.000
20
680.000
30
-296.7925
11
660.000
21
680.000
31
-296.5119
12
660.000
22
690.000
32
-300.3273
13
650.000
23
690.000
33
-301.4012
0
3DFACE
8
C2
10
660.000
20
680.000
30
-296.5119
11
670.000
21
680.000
31
-296.8635
12
670.000
22
690.000
32
-299.7063
13
660.000
23
690.000
33
-300.3273
0
3DFACE
8
C2
10
670.000
20
680.000
30
-296.8635
11
680.000
21
680.000
31
-297.7800
12
680.000
22
690.000
32
-299.9971
13
670.000
23
690.000
33
-299.7063
0
3DFACE
8
C2
10
680.000
20
680.000
30
-297.7800
11
690.000
21
680.000
31
-298.8680
12
690.000
22
690.000
32
-301.3080
13
680.000
23
690.000
33
-299.9971
0
3DFACE
8
C2
10
690.000
20
680.000
30
-298.8680
11
700.000
21
680.000
31
-300.1753
12
700.000
22
690.000
32
-302.0300
13
690.000
23
690.000
33
-301.3080
0
3DFACE
8
C2
10
0.000
20
690.000
30
-320.2804
11
10.000
21
690.000
31
-320.5113
12
10.000
22
700.000
32
-323.6013
13
0.000
23
700.000
33
-323.5359
0
3DFACE
8
C2
10
10.000
20
690.000
30
-320.5113
11
20.000
21
690.000
31
-321.4879
12
20.000
22
700.000
32
-324.4131
13
10.000
23
700.000
33
-323.6013
0
3DFACE
8
C2
10
20.000
20
690.000
30
-321.4879
11
30.000
21
690.000
31
-321.8438
12
30.000
22
700.000
32
-324.4136
13
20.000
23
700.000
33
-324.4131
0
3DFACE
8
C2
10
30.000
20
690.000
30
-321.8438
11
40.000
21
690.000
31
-321.8337
12
40.000
22
700.000
32
-323.8098
13
30.000
23
700.000
33
-324.4136
0
3DFACE
8
C2
10
40.000
20
690.000
30
-321.8337
11
50.000
21
690.000
31
-322.1803
12
50.000
22
700.000
32
-323.6015
13
40.000
23
700.000
33
-323.8098
0
3DFACE
8
C2
10
50.000
20
690.000
30
-322.1803
11
60.000
21
690.000
31
-323.2667
12
60.000
22
700.000
32
-324.3279
13
50.000
23
700.000
33
-323.6015
0
3DFACE
8
C2
10
60.000
20
690.000
30
-323.2667
11
70.000
21
690.000
31
-325.2226
12
70.000
22
700.000
32
-326.0501
13
60.000
23
700.000
33
-324.3279
0
3DFACE
8
C2
10
70.000
20
690.000
30
-325.2226
11
80.000
21
690.000
31
-325.7239
12
80.000
22
700.000
32
-326.2208
13
70.000
23
700.000
33
-326.0501
0
3DFACE
8
C2
10
80.000
20
690.000
30
-325.7239
11
90.000
21
690.000
31
-325.5135
12
90.000
22
700.000
32
-325.6898
13
80.000
23
700.000
33
-326.2208
0
3DFACE
8
C2
10
90.000
20
690.000
30
-325.5135
11
100.000
21
690.000
31
-326.0518
12
100.000
22
700.000
32
-326.1072
13
90.000
23
700.000
33
-325.6898
0
3DFACE
8
C2
10
100.000
20
690.000
30
-326.0518
11
110.000
21
690.000
31
-327.1552
12
110.000
22
700.000
32
-327.3362
13
100.000
23
700.000
33
-326.1072
0
3DFACE
8
C2
10
110.000
20
690.000
30
-327.1552
11
120.000
21
690.000
31
-329.5454
12
120.000
22
700.000
32
-329.9397
13
110.000
23
700.000
33
-327.3362
0
3DFACE
8
C2
10
120.000
20
690.000
30
-329.5454
11
130.000
21
690.000
31
-330.1172
12
130.000
22
700.000
32
-330.4833
13
120.000
23
700.000
33
-329.9397
0
3DFACE
8
C2
10
130.000
20
690.000
30
-330.1172
11
140.000
21
690.000
31
-329.1630
12
140.000
22
700.000
32
-329.3495
13
130.000
23
700.000
33
-330.4833
0
3DFACE
8
C2
10
140.000
20
690.000
30
-329.1630
11
150.000
21
690.000
31
-328.5549
12
150.000
22
700.000
32
-328.6345
13
140.000
23
700.000
33
-329.3495
0
3DFACE
8
C2
10
150.000
20
690.000
30
-328.5549
11
160.000
21
690.000
31
-327.5757
12
160.000
22
700.000
32
-327.5285
13
150.000
23
700.000
33
-328.6345
0
3DFACE
8
C2
10
160.000
20
690.000
30
-327.5757
11
170.000
21
690.000
31
-326.3681
12
170.000
22
700.000
32
-326.3379
13
160.000
23
700.000
33
-327.5285
0
3DFACE
8
C2
10
170.000
20
690.000
30
-326.3681
11
180.000
21
690.000
31
-324.8568
12
180.000
22
700.000
32
-324.6296
13
170.000
23
700.000
33
-326.3379
0
3DFACE
8
C2
10
180.000
20
690.000
30
-324.8568
11
190.000
21
690.000
31
-321.9305
12
190.000
22
700.000
32
-321.4352
13
180.000
23
700.000
33
-324.6296
0
3DFACE
8
C2
10
190.000
20
690.000
30
-321.9305
11
200.000
21
690.000
31
-320.2331
12
200.000
22
700.000
32
-319.6294
13
190.000
23
700.000
33
-321.4352
0
3DFACE
8
C2
10
200.000
20
690.000
30
-320.2331
11
210.000
21
690.000
31
-318.7572
12
210.000
22
700.000
32
-318.1855
13
200.000
23
700.000
33
-319.6294
0
3DFACE
8
C2
10
210.000
20
690.000
30
-318.7572
11
220.000
21
690.000
31
-317.2706
12
220.000
22
700.000
32
-317.0823
13
210.000
23
700.000
33
-318.1855
0
3DFACE
8
C2
10
220.000
20
690.000
30
-317.2706
11
230.000
21
690.000
31
-316.4787
12
230.000
22
700.000
32
-316.3861
13
220.000
23
700.000
33
-317.0823
0
3DFACE
8
C2
10
230.000
20
690.000
30
-316.4787
11
240.000
21
690.000
31
-315.8895
12
240.000
22
700.000
32
-315.6840
13
230.000
23
700.000
33
-316.3861
0
3DFACE
8
C2
10
240.000
20
690.000
30
-315.8895
11
250.000
21
690.000
31
-315.4780
12
250.000
22
700.000
32
-315.3654
13
240.000
23
700.000
33
-315.6840
0
3DFACE
8
C2
10
250.000
20
690.000
30
-315.4780
11
260.000
21
690.000
31
-315.1875
12
260.000
22
700.000
32
-315.2578
13
250.000
23
700.000
33
-315.3654
0
3DFACE
8
C2
10
260.000
20
690.000
30
-315.1875
11
270.000
21
690.000
31
-314.8779
12
270.000
22
700.000
32
-315.3622
13
260.000
23
700.000
33
-315.2578
0
3DFACE
8
C2
10
270.000
20
690.000
30
-314.8779
11
280.000
21
690.000
31
-314.9384
12
280.000
22
700.000
32
-315.5128
13
270.000
23
700.000
33
-315.3622
0
3DFACE
8
C2
10
280.000
20
690.000
30
-314.9384
11
290.000
21
690.000
31
-315.4347
12
290.000
22
700.000
32
-315.7304
13
280.000
23
700.000
33
-315.5128
0
3DFACE
8
C2
10
290.000
20
690.000
30
-315.4347
11
300.000
21
690.000
31
-315.5513
12
300.000
22
700.000
32
-315.8528
13
290.000
23
700.000
33
-315.7304
0
3DFACE
8
C2
10
300.000
20
690.000
30
-315.5513
11
310.000
21
690.000
31
-315.5254
12
310.000
22
700.000
32
-315.9416
13
300.000
23
700.000
33
-315.8528
0
3DFACE
8
C2
10
310.000
20
690.000
30
-315.5254
11
320.000
21
690.000
31
-315.1744
12
320.000
22
700.000
32
-315.9075
13
310.000
23
700.000
33
-315.9416
0
3DFACE
8
C2
10
320.000
20
690.000
30
-315.1744
11
330.000
21
690.000
31
-315.0185
12
330.000
22
700.000
32
-315.8341
13
320.000
23
700.000
33
-315.9075
0
3DFACE
8
C2
10
330.000
20
690.000
30
-315.0185
11
340.000
21
690.000
31
-315.0380
12
340.000
22
700.000
32
-315.6113
13
330.000
23
700.000
33
-315.8341
0
3DFACE
8
C2
10
340.000
20
690.000
30
-315.0380
11
350.000
21
690.000
31
-314.8182
12
350.000
22
700.000
32
-315.3420
13
340.000
23
700.000
33
-315.6113
0
3DFACE
8
C2
10
350.000
20
690.000
30
-314.8182
11
360.000
21
690.000
31
-314.4918
12
360.000
22
700.000
32
-314.9817
13
350.000
23
700.000
33
-315.3420
0
3DFACE
8
C2
10
360.000
20
690.000
30
-314.4918
11
370.000
21
690.000
31
-313.8314
12
370.000
22
700.000
32
-314.2777
13
360.000
23
700.000
33
-314.9817
0
3DFACE
8
C2
10
370.000
20
690.000
30
-313.8314
11
380.000
21
690.000
31
-313.4721
12
380.000
22
700.000
32
-313.8904
13
370.000
23
700.000
33
-314.2777
0
3DFACE
8
C2
10
380.000
20
690.000
30
-313.4721
11
390.000
21
690.000
31
-313.3264
12
390.000
22
700.000
32
-313.5058
13
380.000
23
700.000
33
-313.8904
0
3DFACE
8
C2
10
390.000
20
690.000
30
-313.3264
11
400.000
21
690.000
31
-312.8705
12
400.000
22
700.000
32
-312.9836
13
390.000
23
700.000
33
-313.5058
0
3DFACE
8
C2
10
400.000
20
690.000
30
-312.8705
11
410.000
21
690.000
31
-312.2981
12
410.000
22
700.000
32
-312.4131
13
400.000
23
700.000
33
-312.9836
0
3DFACE
8
C2
10
410.000
20
690.000
30
-312.2981
11
420.000
21
690.000
31
-311.2284
12
420.000
22
700.000
32
-311.3061
13
410.000
23
700.000
33
-312.4131
0
3DFACE
8
C2
10
420.000
20
690.000
30
-311.2284
11
430.000
21
690.000
31
-310.7595
12
430.000
22
700.000
32
-310.9271
13
420.000
23
700.000
33
-311.3061
0
3DFACE
8
C2
10
430.000
20
690.000
30
-310.7595
11
440.000
21
690.000
31
-310.8299
12
440.000
22
700.000
32
-311.1307
13
430.000
23
700.000
33
-310.9271
0
3DFACE
8
C2
10
440.000
20
690.000
30
-310.8299
11
450.000
21
690.000
31
-310.8574
12
450.000
22
700.000
32
-311.2229
13
440.000
23
700.000
33
-311.1307
0
3DFACE
8
C2
10
450.000
20
690.000
30
-310.8574
11
460.000
21
690.000
31
-311.0870
12
460.000
22
700.000
32
-311.5453
13
450.000
23
700.000
33
-311.2229
0
3DFACE
8
C2
10
460.000
20
690.000
30
-311.0870
11
470.000
21
690.000
31
-311.3552
12
470.000
22
700.000
32
-311.9411
13
460.000
23
700.000
33
-311.5453
0
3DFACE
8
C2
10
470.000
20
690.000
30
-311.3552
11
480.000
21
690.000
31
-311.6307
12
480.000
22
700.000
32
-312.5044
13
470.000
23
700.000
33
-311.9411
0
3DFACE
8
C2
10
480.000
20
690.000
30
-311.6307
11
490.000
21
690.000
31
-312.3252
12
490.000
22
700.000
32
-313.6709
13
480.000
23
700.000
33
-312.5044
0
3DFACE
8
C2
10
490.000
20
690.000
30
-312.3252
11
500.000
21
690.000
31
-312.1843
12
500.000
22
700.000
32
-313.9064
13
490.000
23
700.000
33
-313.6709
0
3DFACE
8
C2
10
500.000
20
690.000
30
-312.1843
11
510.000
21
690.000
31
-311.3972
12
510.000
22
700.000
32
-313.3636
13
500.000
23
700.000
33
-313.9064
0
3DFACE
8
C2
10
510.000
20
690.000
30
-311.3972
11
520.000
21
690.000
31
-309.4802
12
520.000
22
700.000
32
-311.4531
13
510.000
23
700.000
33
-313.3636
0
3DFACE
8
C2
10
520.000
20
690.000
30
-309.4802
11
530.000
21
690.000
31
-308.3113
12
530.000
22
700.000
32
-310.5966
13
520.000
23
700.000
33
-311.4531
0
3DFACE
8
C2
10
530.000
20
690.000
30
-308.3113
11
540.000
21
690.000
31
-307.6417
12
540.000
22
700.000
32
-310.3998
13
530.000
23
700.000
33
-310.5966
0
3DFACE
8
C2
10
540.000
20
690.000
30
-307.6417
11
550.000
21
690.000
31
-307.2945
12
550.000
22
700.000
32
-310.4002
13
540.000
23
700.000
33
-310.3998
0
3DFACE
8
C2
10
550.000
20
690.000
30
-307.2945
11
560.000
21
690.000
31
-306.9718
12
560.000
22
700.000
32
-310.2223
13
550.000
23
700.000
33
-310.4002
0
3DFACE
8
C2
10
560.000
20
690.000
30
-306.9718
11
570.000
21
690.000
31
-306.7388
12
570.000
22
700.000
32
-309.8654
13
560.000
23
700.000
33
-310.2223
0
3DFACE
8
C2
10
570.000
20
690.000
30
-306.7388
11
580.000
21
690.000
31
-307.1245
12
580.000
22
700.000
32
-310.6787
13
570.000
23
700.000
33
-309.8654
0
3DFACE
8
C2
10
580.000
20
690.000
30
-307.1245
11
590.000
21
690.000
31
-308.6218
12
590.000
22
700.000
32
-313.0540
13
580.000
23
700.000
33
-310.6787
0
3DFACE
8
C2
10
590.000
20
690.000
30
-308.6218
11
600.000
21
690.000
31
-308.8237
12
600.000
22
700.000
32
-313.7636
13
590.000
23
700.000
33
-313.0540
0
3DFACE
8
C2
10
600.000
20
690.000
30
-308.8237
11
610.000
21
690.000
31
-307.6905
12
610.000
22
700.000
32
-312.6010
13
600.000
23
700.000
33
-313.7636
0
3DFACE
8
C2
10
610.000
20
690.000
30
-307.6905
11
620.000
21
690.000
31
-305.3482
12
620.000
22
700.000
32
-309.5953
13
610.000
23
700.000
33
-312.6010
0
3DFACE
8
C2
10
620.000
20
690.000
30
-305.3482
11
630.000
21
690.000
31
-303.7208
12
630.000
22
700.000
32
-307.9334
13
620.000
23
700.000
33
-309.5953
0
3DFACE
8
C2
10
630.000
20
690.000
30
-303.7208
11
640.000
21
690.000
31
-302.5380
12
640.000
22
700.000
32
-307.0058
13
630.000
23
700.000
33
-307.9334
0
3DFACE
8
C2
10
640.000
20
690.000
30
-302.5380
11
650.000
21
690.000
31
-301.4012
12
650.000
22
700.000
32
-305.6715
13
640.000
23
700.000
33
-307.0058
0
3DFACE
8
C2
10
650.000
20
690.000
30
-301.4012
11
660.000
21
690.000
31
-300.3273
12
660.000
22
700.000
32
-304.0288
13
650.000
23
700.000
33
-305.6715
0
3DFACE
8
C2
10
660.000
20
690.000
30
-300.3273
11
670.000
21
690.000
31
-299.7063
12
670.000
22
700.000
32
-302.4298
13
660.000
23
700.000
33
-304.0288
0
3DFACE
8
C2
10
670.000
20
690.000
30
-299.7063
11
680.000
21
690.000
31
-299.9971
12
680.000
22
700.000
32
-302.0785
13
670.000
23
700.000
33
-302.4298
0
3DFACE
8
C2
10
680.000
20
690.000
30
-299.9971
11
690.000
21
690.000
31
-301.3080
12
690.000
22
700.000
32
-303.3356
13
680.000
23
700.000
33
-302.0785
0
3DFACE
8
C2
10
690.000
20
690.000
30
-301.3080
11
700.000
21
690.000
31
-302.0300
12
700.000
22
700.000
32
-303.4748
13
690.000
23
700.000
33
-303.3356
0
3DFACE
8
C2
10
0.000
20
700.000
30
-323.5359
11
10.000
21
700.000
31
-323.6013
12
10.000
22
710.000
32
-326.7026
13
0.000
23
710.000
33
-326.8303
0
3DFACE
8
C2
10
10.000
20
700.000
30
-323.6013
11
20.000
21
700.000
31
-324.4131
12
20.000
22
710.000
32
-327.2902
13
10.000
23
710.000
33
-326.7026
0
3DFACE
8
C2
10
20.000
20
700.000
30
-324.4131
11
30.000
21
700.000
31
-324.4136
12
30.000
22
710.000
32
-326.8531
13
20.000
23
710.000
33
-327.2902
0
3DFACE
8
C2
10
30.000
20
700.000
30
-324.4136
11
40.000
21
700.000
31
-323.8098
12
40.000
22
710.000
32
-325.6033
13
30.000
23
710.000
33
-326.8531
0
3DFACE
8
C2
10
40.000
20
700.000
30
-323.8098
11
50.000
21
700.000
31
-323.6015
12
50.000
22
710.000
32
-324.7832
13
40.000
23
710.000
33
-325.6033
0
3DFACE
8
C2
10
50.000
20
700.000
30
-323.6015
11
60.000
21
700.000
31
-324.3279
12
60.000
22
710.000
32
-325.0625
13
50.000
23
710.000
33
-324.7832
0
3DFACE
8
C2
10
60.000
20
700.000
30
-324.3279
11
70.000
21
700.000
31
-326.0501
12
70.000
22
710.000
32
-326.6065
13
60.000
23
710.000
33
-325.0625
0
3DFACE
8
C2
10
70.000
20
700.000
30
-326.0501
11
80.000
21
700.000
31
-326.2208
12
80.000
22
710.000
32
-326.3741
13
70.000
23
710.000
33
-326.6065
0
3DFACE
8
C2
10
80.000
20
700.000
30
-326.2208
11
90.000
21
700.000
31
-325.6898
12
90.000
22
710.000
32
-325.4260
13
80.000
23
710.000
33
-326.3741
0
3DFACE
8
C2
10
90.000
20
700.000
30
-325.6898
11
100.000
21
700.000
31
-326.1072
12
100.000
22
710.000
32
-325.6485
13
90.000
23
710.000
33
-325.4260
0
3DFACE
8
C2
10
100.000
20
700.000
30
-326.1072
11
110.000
21
700.000
31
-327.3362
12
110.000
22
710.000
32
-326.9248
13
100.000
23
710.000
33
-325.6485
0
3DFACE
8
C2
10
110.000
20
700.000
30
-327.3362
11
120.000
21
700.000
31
-329.9397
12
120.000
22
710.000
32
-329.8092
13
110.000
23
710.000
33
-326.9248
0
3DFACE
8
C2
10
120.000
20
700.000
30
-329.9397
11
130.000
21
700.000
31
-330.4833
12
130.000
22
710.000
32
-330.3416
13
120.000
23
710.000
33
-329.8092
0
3DFACE
8
C2
10
130.000
20
700.000
30
-330.4833
11
140.000
21
700.000
31
-329.3495
12
140.000
22
710.000
32
-328.9421
13
130.000
23
710.000
33
-330.3416
0
3DFACE
8
C2
10
140.000
20
700.000
30
-329.3495
11
150.000
21
700.000
31
-328.6345
12
150.000
22
710.000
32
-328.2075
13
140.000
23
710.000
33
-328.9421
0
3DFACE
8
C2
10
150.000
20
700.000
30
-328.6345
11
160.000
21
700.000
31
-327.5285
12
160.000
22
710.000
32
-327.1710
13
150.000
23
710.000
33
-328.2075
0
3DFACE
8
C2
10
160.000
20
700.000
30
-327.5285
11
170.000
21
700.000
31
-326.3379
12
170.000
22
710.000
32
-326.2237
13
160.000
23
710.000
33
-327.1710
0
3DFACE
8
C2
10
170.000
20
700.000
30
-326.3379
11
180.000
21
700.000
31
-324.6296
12
180.000
22
710.000
32
-324.5933
13
170.000
23
710.000
33
-326.2237
0
3DFACE
8
C2
10
180.000
20
700.000
30
-324.6296
11
190.000
21
700.000
31
-321.4352
12
190.000
22
710.000
32
-321.3114
13
180.000
23
710.000
33
-324.5933
0
3DFACE
8
C2
10
190.000
20
700.000
30
-321.4352
11
200.000
21
700.000
31
-319.6294
12
200.000
22
710.000
32
-319.6449
13
190.000
23
710.000
33
-321.3114
0
3DFACE
8
C2
10
200.000
20
700.000
30
-319.6294
11
210.000
21
700.000
31
-318.1855
12
210.000
22
710.000
32
-318.4134
13
200.000
23
710.000
33
-319.6449
0
3DFACE
8
C2
10
210.000
20
700.000
30
-318.1855
11
220.000
21
700.000
31
-317.0823
12
220.000
22
710.000
32
-317.7463
13
210.000
23
710.000
33
-318.4134
0
3DFACE
8
C2
10
220.000
20
700.000
30
-317.0823
11
230.000
21
700.000
31
-316.3861
12
230.000
22
710.000
32
-317.2610
13
220.000
23
710.000
33
-317.7463
0
3DFACE
8
C2
10
230.000
20
700.000
30
-316.3861
11
240.000
21
700.000
31
-315.6840
12
240.000
22
710.000
32
-316.5788
13
230.000
23
710.000
33
-317.2610
0
3DFACE
8
C2
10
240.000
20
700.000
30
-315.6840
11
250.000
21
700.000
31
-315.3654
12
250.000
22
710.000
32
-316.4118
13
240.000
23
710.000
33
-316.5788
0
3DFACE
8
C2
10
250.000
20
700.000
30
-315.3654
11
260.000
21
700.000
31
-315.2578
12
260.000
22
710.000
32
-316.4218
13
250.000
23
710.000
33
-316.4118
0
3DFACE
8
C2
10
260.000
20
700.000
30
-315.2578
11
270.000
21
700.000
31
-315.3622
12
270.000
22
710.000
32
-316.7880
13
260.000
23
710.000
33
-316.4218
0
3DFACE
8
C2
10
270.000
20
700.000
30
-315.3622
11
280.000
21
700.000
31
-315.5128
12
280.000
22
710.000
32
-317.0000
13
270.000
23
710.000
33
-316.7880
0
3DFACE
8
C2
10
280.000
20
700.000
30
-315.5128
11
290.000
21
700.000
31
-315.7304
12
290.000
22
710.000
32
-317.0628
13
280.000
23
710.000
33
-317.0000
0
3DFACE
8
C2
10
290.000
20
700.000
30
-315.7304
11
300.000
21
700.000
31
-315.8528
12
300.000
22
710.000
32
-317.1999
13
290.000
23
710.000
33
-317.0628
0
3DFACE
8
C2
10
300.000
20
700.000
30
-315.8528
11
310.000
21
700.000
31
-315.9416
12
310.000
22
710.000
32
-317.3028
13
300.000
23
710.000
33
-317.1999
0
3DFACE
8
C2
10
310.000
20
700.000
30
-315.9416
11
320.000
21
700.000
31
-315.9075
12
320.000
22
710.000
32
-317.3512
13
310.000
23
710.000
33
-317.3028
0
3DFACE
8
C2
10
320.000
20
700.000
30
-315.9075
11
330.000
21
700.000
31
-315.8341
12
330.000
22
710.000
32
-317.3303
13
320.000
23
710.000
33
-317.3512
0
3DFACE
8
C2
10
330.000
20
700.000
30
-315.8341
11
340.000
21
700.000
31
-315.6113
12
340.000
22
710.000
32
-316.9629
13
330.000
23
710.000
33
-317.3303
0
3DFACE
8
C2
10
340.000
20
700.000
30
-315.6113
11
350.000
21
700.000
31
-315.3420
12
350.000
22
710.000
32
-316.6460
13
340.000
23
710.000
33
-316.9629
0
3DFACE
8
C2
10
350.000
20
700.000
30
-315.3420
11
360.000
21
700.000
31
-314.9817
12
360.000
22
710.000
32
-316.1878
13
350.000
23
710.000
33
-316.6460
0
3DFACE
8
C2
10
360.000
20
700.000
30
-314.9817
11
370.000
21
700.000
31
-314.2777
12
370.000
22
710.000
32
-315.2764
13
360.000
23
710.000
33
-316.1878
0
3DFACE
8
C2
10
370.000
20
700.000
30
-314.2777
11
380.000
21
700.000
31
-313.8904
12
380.000
22
710.000
32
-314.9131
13
370.000
23
710.000
33
-315.2764
0
3DFACE
8
C2
10
380.000
20
700.000
30
-313.8904
11
390.000
21
700.000
31
-313.5058
12
390.000
22
710.000
32
-314.5399
13
380.000
23
710.000
33
-314.9131
0
3DFACE
8
C2
10
390.000
20
700.000
30
-313.5058
11
400.000
21
700.000
31
-312.9836
12
400.000
22
710.000
32
-314.0699
13
390.000
23
710.000
33
-314.5399
0
3DFACE
8
C2
10
400.000
20
700.000
30
-312.9836
11
410.000
21
700.000
31
-312.4131
12
410.000
22
710.000
32
-313.5057
13
400.000
23
710.000
33
-314.0699
0
3DFACE
8
C2
10
410.000
20
700.000
30
-312.4131
11
420.000
21
700.000
31
-311.3061
12
420.000
22
710.000
32
-312.1654
13
410.000
23
710.000
33
-313.5057
0
3DFACE
8
C2
10
420.000
20
700.000
30
-311.3061
11
430.000
21
700.000
31
-310.9271
12
430.000
22
710.000
32
-311.8157
13
420.000
23
710.000
33
-312.1654
0
3DFACE
8
C2
10
430.000
20
700.000
30
-310.9271
11
440.000
21
700.000
31
-311.1307
12
440.000
22
710.000
32
-312.1943
13
430.000
23
710.000
33
-311.8157
0
3DFACE
8
C2
10
440.000
20
700.000
30
-311.1307
11
450.000
21
700.000
31
-311.2229
12
450.000
22
710.000
32
-312.2388
13
440.000
23
710.000
33
-312.1943
0
3DFACE
8
C2
10
450.000
20
700.000
30
-311.2229
11
460.000
21
700.000
31
-311.5453
12
460.000
22
710.000
32
-312.4293
13
450.000
23
710.000
33
-312.2388
0
3DFACE
8
C2
10
460.000
20
700.000
30
-311.5453
11
470.000
21
700.000
31
-311.9411
12
470.000
22
710.000
32
-312.6130
13
460.000
23
710.000
33
-312.4293
0
3DFACE
8
C2
10
470.000
20
700.000
30
-311.9411
11
480.000
21
700.000
31
-312.5044
12
480.000
22
710.000
32
-313.2070
13
470.000
23
710.000
33
-312.6130
0
3DFACE
8
C2
10
480.000
20
700.000
30
-312.5044
11
490.000
21
700.000
31
-313.6709
12
490.000
22
710.000
32
-314.7913
13
480.000
23
710.000
33
-313.2070
0
3DFACE
8
C2
10
490.000
20
700.000
30
-313.6709
11
500.000
21
700.000
31
-313.9064
12
500.000
22
710.000
32
-315.2551
13
490.000
23
710.000
33
-314.7913
0
3DFACE
8
C2
10
500.000
20
700.000
30
-313.9064
11
510.000
21
700.000
31
-313.3636
12
510.000
22
710.000
32
-314.8875
13
500.000
23
710.000
33
-315.2551
0
3DFACE
8
C2
10
510.000
20
700.000
30
-313.3636
11
520.000
21
700.000
31
-311.4531
12
520.000
22
710.000
32
-313.0176
13
510.000
23
710.000
33
-314.8875
0
3DFACE
8
C2
10
520.000
20
700.000
30
-311.4531
11
530.000
21
700.000
31
-310.5966
12
530.000
22
710.000
32
-312.4595
13
520.000
23
710.000
33
-313.0176
0
3DFACE
8
C2
10
530.000
20
700.000
30
-310.5966
11
540.000
21
700.000
31
-310.3998
12
540.000
22
710.000
32
-312.7306
13
530.000
23
710.000
33
-312.4595
0
3DFACE
8
C2
10
540.000
20
700.000
30
-310.3998
11
550.000
21
700.000
31
-310.4002
12
550.000
22
710.000
32
-313.0647
13
540.000
23
710.000
33
-312.7306
0
3DFACE
8
C2
10
550.000
20
700.000
30
-310.4002
11
560.000
21
700.000
31
-310.2223
12
560.000
22
710.000
32
-313.0619
13
550.000
23
710.000
33
-313.0647
0
3DFACE
8
C2
10
560.000
20
700.000
30
-310.2223
11
570.000
21
700.000
31
-309.8654
12
570.000
22
710.000
32
-312.7428
13
560.000
23
710.000
33
-313.0619
0
3DFACE
8
C2
10
570.000
20
700.000
30
-309.8654
11
580.000
21
700.000
31
-310.6787
12
580.000
22
710.000
32
-313.9327
13
570.000
23
710.000
33
-312.7428
0
3DFACE
8
C2
10
580.000
20
700.000
30
-310.6787
11
590.000
21
700.000
31
-313.0540
12
590.000
22
710.000
32
-316.9634
13
580.000
23
710.000
33
-313.9327
0
3DFACE
8
C2
10
590.000
20
700.000
30
-313.0540
11
600.000
21
700.000
31
-313.7636
12
600.000
22
710.000
32
-318.0538
13
590.000
23
710.000
33
-316.9634
0
3DFACE
8
C2
10
600.000
20
700.000
30
-313.7636
11
610.000
21
700.000
31
-312.6010
12
610.000
22
710.000
32
-316.9911
13
600.000
23
710.000
33
-318.0538
0
3DFACE
8
C2
10
610.000
20
700.000
30
-312.6010
11
620.000
21
700.000
31
-309.5953
12
620.000
22
710.000
32
-313.5191
13
610.000
23
710.000
33
-316.9911
0
3DFACE
8
C2
10
620.000
20
700.000
30
-309.5953
11
630.000
21
700.000
31
-307.9334
12
630.000
22
710.000
32
-312.0066
13
620.000
23
710.000
33
-313.5191
0
3DFACE
8
C2
10
630.000
20
700.000
30
-307.9334
11
640.000
21
700.000
31
-307.0058
12
640.000
22
710.000
32
-311.4216
13
630.000
23
710.000
33
-312.0066
0
3DFACE
8
C2
10
640.000
20
700.000
30
-307.0058
11
650.000
21
700.000
31
-305.6715
12
650.000
22
710.000
32
-310.1078
13
640.000
23
710.000
33
-311.4216
0
3DFACE
8
C2
10
650.000
20
700.000
30
-305.6715
11
660.000
21
700.000
31
-304.0288
12
660.000
22
710.000
32
-307.9826
13
650.000
23
710.000
33
-310.1078
0
3DFACE
8
C2
10
660.000
20
700.000
30
-304.0288
11
670.000
21
700.000
31
-302.4298
12
670.000
22
710.000
32
-305.4378
13
660.000
23
710.000
33
-307.9826
0
3DFACE
8
C2
10
670.000
20
700.000
30
-302.4298
11
680.000
21
700.000
31
-302.0785
12
680.000
22
710.000
32
-304.3264
13
670.000
23
710.000
33
-305.4378
0
3DFACE
8
C2
10
680.000
20
700.000
30
-302.0785
11
690.000
21
700.000
31
-303.3356
12
690.000
22
710.000
32
-305.3439
13
680.000
23
710.000
33
-304.3264
0
3DFACE
8
C2
10
690.000
20
700.000
30
-303.3356
11
700.000
21
700.000
31
-303.4748
12
700.000
22
710.000
32
-304.6808
13
690.000
23
710.000
33
-305.3439
0
3DFACE
8
C2
10
0.000
20
710.000
30
-326.8303
11
10.000
21
710.000
31
-326.7026
12
10.000
22
720.000
32
-328.6431
13
0.000
23
720.000
33
-328.8667
0
3DFACE
8
C2
10
10.000
20
710.000
30
-326.7026
11
20.000
21
710.000
31
-327.2902
12
20.000
22
720.000
32
-328.9981
13
10.000
23
720.000
33
-328.6431
0
3DFACE
8
C2
10
20.000
20
710.000
30
-327.2902
11
30.000
21
710.000
31
-326.8531
12
30.000
22
720.000
32
-328.2649
13
20.000
23
720.000
33
-328.9981
0
3DFACE
8
C2
10
30.000
20
710.000
30
-326.8531
11
40.000
21
710.000
31
-325.6033
12
40.000
22
720.000
32
-326.6262
13
30.000
23
720.000
33
-328.2649
0
3DFACE
8
C2
10
40.000
20
710.000
30
-325.6033
11
50.000
21
710.000
31
-324.7832
12
50.000
22
720.000
32
-325.2715
13
40.000
23
720.000
33
-326.6262
0
3DFACE
8
C2
10
50.000
20
710.000
30
-324.7832
11
60.000
21
710.000
31
-325.0625
12
60.000
22
720.000
32
-324.9659
13
50.000
23
720.000
33
-325.2715
0
3DFACE
8
C2
10
60.000
20
710.000
30
-325.0625
11
70.000
21
710.000
31
-326.6065
12
70.000
22
720.000
32
-325.9222
13
60.000
23
720.000
33
-324.9659
0
3DFACE
8
C2
10
70.000
20
710.000
30
-326.6065
11
80.000
21
710.000
31
-326.3741
12
80.000
22
720.000
32
-325.3618
13
70.000
23
720.000
33
-325.9222
0
3DFACE
8
C2
10
80.000
20
710.000
30
-326.3741
11
90.000
21
710.000
31
-325.4260
12
90.000
22
720.000
32
-324.2039
13
80.000
23
720.000
33
-325.3618
0
3DFACE
8
C2
10
90.000
20
710.000
30
-325.4260
11
100.000
21
710.000
31
-325.6485
12
100.000
22
720.000
32
-324.2619
13
90.000
23
720.000
33
-324.2039
0
3DFACE
8
C2
10
100.000
20
710.000
30
-325.6485
11
110.000
21
710.000
31
-326.9248
12
110.000
22
720.000
32
-325.4481
13
100.000
23
720.000
33
-324.2619
0
3DFACE
8
C2
10
110.000
20
710.000
30
-326.9248
11
120.000
21
710.000
31
-329.8092
12
120.000
22
720.000
32
-328.6737
13
110.000
23
720.000
33
-325.4481
0
3DFACE
8
C2
10
120.000
20
710.000
30
-329.8092
11
130.000
21
710.000
31
-330.3416
12
130.000
22
720.000
32
-329.2655
13
120.000
23
720.000
33
-328.6737
0
3DFACE
8
C2
10
130.000
20
710.000
30
-330.3416
11
140.000
21
710.000
31
-328.9421
12
140.000
22
720.000
32
-328.0439
13
130.000
23
720.000
33
-329.2655
0
3DFACE
8
C2
10
140.000
20
710.000
30
-328.9421
11
150.000
21
710.000
31
-328.2075
12
150.000
22
720.000
32
-327.4263
13
140.000
23
720.000
33
-328.0439
0
3DFACE
8
C2
10
150.000
20
710.000
30
-328.2075
11
160.000
21
710.000
31
-327.1710
12
160.000
22
720.000
32
-326.5939
13
150.000
23
720.000
33
-327.4263
0
3DFACE
8
C2
10
160.000
20
710.000
30
-327.1710
11
170.000
21
710.000
31
-326.2237
12
170.000
22
720.000
32
-325.9888
13
160.000
23
720.000
33
-326.5939
0
3DFACE
8
C2
10
170.000
20
710.000
30
-326.2237
11
180.000
21
710.000
31
-324.5933
12
180.000
22
720.000
32
-324.6586
13
170.000
23
720.000
33
-325.9888
0
3DFACE
8
C2
10
180.000
20
710.000
30
-324.5933
11
190.000
21
710.000
31
-321.3114
12
190.000
22
720.000
32
-321.3881
13
180.000
23
720.000
33
-324.6586
0
3DFACE
8
C2
10
190.000
20
710.000
30
-321.3114
11
200.000
21
710.000
31
-319.6449
12
200.000
22
720.000
32
-320.1011
13
190.000
23
720.000
33
-321.3881
0
3DFACE
8
C2
10
200.000
20
710.000
30
-319.6449
11
210.000
21
710.000
31
-318.4134
12
210.000
22
720.000
32
-319.2225
13
200.000
23
720.000
33
-320.1011
0
3DFACE
8
C2
10
210.000
20
710.000
30
-318.4134
11
220.000
21
710.000
31
-317.7463
12
220.000
22
720.000
32
-318.8789
13
210.000
23
720.000
33
-319.2225
0
3DFACE
8
C2
10
220.000
20
710.000
30
-317.7463
11
230.000
21
710.000
31
-317.2610
12
230.000
22
720.000
32
-318.6238
13
220.000
23
720.000
33
-318.8789
0
3DFACE
8
C2
10
230.000
20
710.000
30
-317.2610
11
240.000
21
710.000
31
-316.5788
12
240.000
22
720.000
32
-318.0423
13
230.000
23
720.000
33
-318.6238
0
3DFACE
8
C2
10
240.000
20
710.000
30
-316.5788
11
250.000
21
710.000
31
-316.4118
12
250.000
22
720.000
32
-318.0266
13
240.000
23
720.000
33
-318.0423
0
3DFACE
8
C2
10
250.000
20
710.000
30
-316.4118
11
260.000
21
710.000
31
-316.4218
12
260.000
22
720.000
32
-318.1511
13
250.000
23
720.000
33
-318.0266
0
3DFACE
8
C2
10
260.000
20
710.000
30
-316.4218
11
270.000
21
710.000
31
-316.7880
12
270.000
22
720.000
32
-318.6601
13
260.000
23
720.000
33
-318.1511
0
3DFACE
8
C2
10
270.000
20
710.000
30
-316.7880
11
280.000
21
710.000
31
-317.0000
12
280.000
22
720.000
32
-318.8949
13
270.000
23
720.000
33
-318.6601
0
3DFACE
8
C2
10
280.000
20
710.000
30
-317.0000
11
290.000
21
710.000
31
-317.0628
12
290.000
22
720.000
32
-318.9408
13
280.000
23
720.000
33
-318.8949
0
3DFACE
8
C2
10
290.000
20
710.000
30
-317.0628
11
300.000
21
710.000
31
-317.1999
12
300.000
22
720.000
32
-319.0854
13
290.000
23
720.000
33
-318.9408
0
3DFACE
8
C2
10
300.000
20
710.000
30
-317.1999
11
310.000
21
710.000
31
-317.3028
12
310.000
22
720.000
32
-319.2053
13
300.000
23
720.000
33
-319.0854
0
3DFACE
8
C2
10
310.000
20
710.000
30
-317.3028
11
320.000
21
710.000
31
-317.3512
12
320.000
22
720.000
32
-319.2228
13
310.000
23
720.000
33
-319.2053
0
3DFACE
8
C2
10
320.000
20
710.000
30
-317.3512
11
330.000
21
710.000
31
-317.3303
12
330.000
22
720.000
32
-319.2130
13
320.000
23
720.000
33
-319.2228
0
3DFACE
8
C2
10
330.000
20
710.000
30
-317.3303
11
340.000
21
710.000
31
-316.9629
12
340.000
22
720.000
32
-318.7544
13
330.000
23
720.000
33
-319.2130
0
3DFACE
8
C2
10
340.000
20
710.000
30
-316.9629
11
350.000
21
710.000
31
-316.6460
12
350.000
22
720.000
32
-318.4225
13
340.000
23
720.000
33
-318.7544
0
3DFACE
8
C2
10
350.000
20
710.000
30
-316.6460
11
360.000
21
710.000
31
-316.1878
12
360.000
22
720.000
32
-317.9476
13
350.000
23
720.000
33
-318.4225
0
3DFACE
8
C2
10
360.000
20
710.000
30
-316.1878
11
370.000
21
710.000
31
-315.2764
12
370.000
22
720.000
32
-316.7551
13
360.000
23
720.000
33
-317.9476
0
3DFACE
8
C2
10
370.000
20
710.000
30
-315.2764
11
380.000
21
710.000
31
-314.9131
12
380.000
22
720.000
32
-316.4905
13
370.000
23
720.000
33
-316.7551
0
3DFACE
8
C2
10
380.000
20
710.000
30
-314.9131
11
390.000
21
710.000
31
-314.5399
12
390.000
22
720.000
32
-316.3204
13
380.000
23
720.000
33
-316.4905
0
3DFACE
8
C2
10
390.000
20
710.000
30
-314.5399
11
400.000
21
710.000
31
-314.0699
12
400.000
22
720.000
32
-316.0071
13
390.000
23
720.000
33
-316.3204
0
3DFACE
8
C2
10
400.000
20
710.000
30
-314.0699
11
410.000
21
710.000
31
-313.5057
12
410.000
22
720.000
32
-315.5615
13
400.000
23
720.000
33
-316.0071
0
3DFACE
8
C2
10
410.000
20
710.000
30
-313.5057
11
420.000
21
710.000
31
-312.1654
12
420.000
22
720.000
32
-313.8785
13
410.000
23
720.000
33
-315.5615
0
3DFACE
8
C2
10
420.000
20
710.000
30
-312.1654
11
430.000
21
710.000
31
-311.8157
12
430.000
22
720.000
32
-313.5175
13
420.000
23
720.000
33
-313.8785
0
3DFACE
8
C2
10
430.000
20
710.000
30
-311.8157
11
440.000
21
710.000
31
-312.1943
12
440.000
22
720.000
32
-314.1159
13
430.000
23
720.000
33
-313.5175
0
3DFACE
8
C2
10
440.000
20
710.000
30
-312.1943
11
450.000
21
710.000
31
-312.2388
12
450.000
22
720.000
32
-313.9667
13
440.000
23
720.000
33
-314.1159
0
3DFACE
8
C2
10
450.000
20
710.000
30
-312.2388
11
460.000
21
710.000
31
-312.4293
12
460.000
22
720.000
32
-313.8830
13
450.000
23
720.000
33
-313.9667
0
3DFACE
8
C2
10
460.000
20
710.000
30
-312.4293
11
470.000
21
710.000
31
-312.6130
12
470.000
22
720.000
32
-313.8352
13
460.000
23
720.000
33
-313.8830
0
3DFACE
8
C2
10
470.000
20
710.000
30
-312.6130
11
480.000
21
710.000
31
-313.2070
12
480.000
22
720.000
32
-314.2650
13
470.000
23
720.000
33
-313.8352
0
3DFACE
8
C2
10
480.000
20
710.000
30
-313.2070
11
490.000
21
710.000
31
-314.7913
12
490.000
22
720.000
32
-316.2129
13
480.000
23
720.000
33
-314.2650
0
3DFACE
8
C2
10
490.000
20
710.000
30
-314.7913
11
500.000
21
710.000
31
-315.2551
12
500.000
22
720.000
32
-316.7753
13
490.000
23
720.000
33
-316.2129
0
3DFACE
8
C2
10
500.000
20
710.000
30
-315.2551
11
510.000
21
710.000
31
-314.8875
12
510.000
22
720.000
32
-316.6048
13
500.000
23
720.000
33
-316.7753
0
3DFACE
8
C2
10
510.000
20
710.000
30
-314.8875
11
520.000
21
710.000
31
-313.0176
12
520.000
22
720.000
32
-315.1008
13
510.000
23
720.000
33
-316.6048
0
3DFACE
8
C2
10
520.000
20
710.000
30
-313.0176
11
530.000
21
710.000
31
-312.4595
12
530.000
22
720.000
32
-314.8708
13
520.000
23
720.000
33
-315.1008
0
3DFACE
8
C2
10
530.000
20
710.000
30
-312.4595
11
540.000
21
710.000
31
-312.7306
12
540.000
22
720.000
32
-315.4340
13
530.000
23
720.000
33
-314.8708
0
3DFACE
8
C2
10
540.000
20
710.000
30
-312.7306
11
550.000
21
710.000
31
-313.0647
12
550.000
22
720.000
32
-316.0287
13
540.000
23
720.000
33
-315.4340
0
3DFACE
8
C2
10
550.000
20
710.000
30
-313.0647
11
560.000
21
710.000
31
-313.0619
12
560.000
22
720.000
32
-316.2302
13
550.000
23
720.000
33
-316.0287
0
3DFACE
8
C2
10
560.000
20
710.000
30
-313.0619
11
570.000
21
710.000
31
-312.7428
12
570.000
22
720.000
32
-316.2115
13
560.000
23
720.000
33
-316.2302
0
3DFACE
8
C2
10
570.000
20
710.000
30
-312.7428
11
580.000
21
710.000
31
-313.9327
12
580.000
22
720.000
32
-317.6990
13
570.000
23
720.000
33
-316.2115
0
3DFACE
8
C2
10
580.000
20
710.000
30
-313.9327
11
590.000
21
710.000
31
-316.9634
12
590.000
22
720.000
32
-320.9608
13
580.000
23
720.000
33
-317.6990
0
3DFACE
8
C2
10
590.000
20
710.000
30
-316.9634
11
600.000
21
710.000
31
-318.0538
12
600.000
22
720.000
32
-322.4080
13
590.000
23
720.000
33
-320.9608
0
3DFACE
8
C2
10
600.000
20
710.000
30
-318.0538
11
610.000
21
710.000
31
-316.9911
12
610.000
22
720.000
32
-321.7799
13
600.000
23
720.000
33
-322.4080
0
3DFACE
8
C2
10
610.000
20
710.000
30
-316.9911
11
620.000
21
710.000
31
-313.5191
12
620.000
22
720.000
32
-318.9447
13
610.000
23
720.000
33
-321.7799
0
3DFACE
8
C2
10
620.000
20
710.000
30
-313.5191
11
630.000
21
710.000
31
-312.0066
12
630.000
22
720.000
32
-317.9070
13
620.000
23
720.000
33
-318.9447
0
3DFACE
8
C2
10
630.000
20
710.000
30
-312.0066
11
640.000
21
710.000
31
-311.4216
12
640.000
22
720.000
32
-317.5721
13
630.000
23
720.000
33
-317.9070
0
3DFACE
8
C2
10
640.000
20
710.000
30
-311.4216
11
650.000
21
710.000
31
-310.1078
12
650.000
22
720.000
32
-316.0681
13
640.000
23
720.000
33
-317.5721
0
3DFACE
8
C2
10
650.000
20
710.000
30
-310.1078
11
660.000
21
710.000
31
-307.9826
12
660.000
22
720.000
32
-313.3058
13
650.000
23
720.000
33
-316.0681
0
3DFACE
8
C2
10
660.000
20
710.000
30
-307.9826
11
670.000
21
710.000
31
-305.4378
12
670.000
22
720.000
32
-309.7880
13
660.000
23
720.000
33
-313.3058
0
3DFACE
8
C2
10
670.000
20
710.000
30
-305.4378
11
680.000
21
710.000
31
-304.3264
12
680.000
22
720.000
32
-307.6181
13
670.000
23
720.000
33
-309.7880
0
3DFACE
8
C2
10
680.000
20
710.000
30
-304.3264
11
690.000
21
710.000
31
-305.3439
12
690.000
22
720.000
32
-307.3790
13
680.000
23
720.000
33
-307.6181
0
3DFACE
8
C2
10
690.000
20
710.000
30
-305.3439
11
700.000
21
710.000
31
-304.6808
12
700.000
22
720.000
32
-305.6133
13
690.000
23
720.000
33
-307.3790
0
3DFACE
8
C2
10
0.000
20
720.000
30
-328.8667
11
10.000
21
720.000
31
-328.6431
12
10.000
22
730.000
32
-331.3468
13
0.000
23
730.000
33
-331.7721
0
3DFACE
8
C2
10
10.000
20
720.000
30
-328.6431
11
20.000
21
720.000
31
-328.9981
12
20.000
22
730.000
32
-331.4958
13
10.000
23
730.000
33
-331.3468
0
3DFACE
8
C2
10
20.000
20
720.000
30
-328.9981
11
30.000
21
720.000
31
-328.2649
12
30.000
22
730.000
32
-330.4862
13
20.000
23
730.000
33
-331.4958
0
3DFACE
8
C2
10
30.000
20
720.000
30
-328.2649
11
40.000
21
720.000
31
-326.6262
12
40.000
22
730.000
32
-328.3839
13
30.000
23
730.000
33
-330.4862
0
3DFACE
8
C2
10
40.000
20
720.000
30
-326.6262
11
50.000
21
720.000
31
-325.2715
12
50.000
22
730.000
32
-326.6748
13
40.000
23
730.000
33
-328.3839
0
3DFACE
8
C2
10
50.000
20
720.000
30
-325.2715
11
60.000
21
720.000
31
-324.9659
12
60.000
22
730.000
32
-326.2220
13
50.000
23
730.000
33
-326.6748
0
3DFACE
8
C2
10
60.000
20
720.000
30
-324.9659
11
70.000
21
720.000
31
-325.9222
12
70.000
22
730.000
32
-327.1725
13
60.000
23
730.000
33
-326.2220
0
3DFACE
8
C2
10
70.000
20
720.000
30
-325.9222
11
80.000
21
720.000
31
-325.3618
12
80.000
22
730.000
32
-326.5000
13
70.000
23
730.000
33
-327.1725
0
3DFACE
8
C2
10
80.000
20
720.000
30
-325.3618
11
90.000
21
720.000
31
-324.2039
12
90.000
22
730.000
32
-325.1198
13
80.000
23
730.000
33
-326.5000
0
3DFACE
8
C2
10
90.000
20
720.000
30
-324.2039
11
100.000
21
720.000
31
-324.2619
12
100.000
22
730.000
32
-325.0129
13
90.000
23
730.000
33
-325.1198
0
3DFACE
8
C2
10
100.000
20
720.000
30
-324.2619
11
110.000
21
720.000
31
-325.4481
12
110.000
22
730.000
32
-326.2933
13
100.000
23
730.000
33
-325.0129
0
3DFACE
8
C2
10
110.000
20
720.000
30
-325.4481
11
120.000
21
720.000
31
-328.6737
12
120.000
22
730.000
32
-329.5427
13
110.000
23
730.000
33
-326.2933
0
3DFACE
8
C2
10
120.000
20
720.000
30
-328.6737
11
130.000
21
720.000
31
-329.2655
12
130.000
22
730.000
32
-330.1223
13
120.000
23
730.000
33
-329.5427
0
3DFACE
8
C2
10
130.000
20
720.000
30
-329.2655
11
140.000
21
720.000
31
-328.0439
12
140.000
22
730.000
32
-328.7689
13
130.000
23
730.000
33
-330.1223
0
3DFACE
8
C2
10
140.000
20
720.000
30
-328.0439
11
150.000
21
720.000
31
-327.4263
12
150.000
22
730.000
32
-328.1231
13
140.000
23
730.000
33
-328.7689
0
3DFACE
8
C2
10
150.000
20
720.000
30
-327.4263
11
160.000
21
720.000
31
-326.5939
12
160.000
22
730.000
32
-327.4207
13
150.000
23
730.000
33
-328.1231
0
3DFACE
8
C2
10
160.000
20
720.000
30
-326.5939
11
170.000
21
720.000
31
-325.9888
12
170.000
22
730.000
32
-326.9191
13
160.000
23
730.000
33
-327.4207
0
3DFACE
8
C2
10
170.000
20
720.000
30
-325.9888
11
180.000
21
720.000
31
-324.6586
12
180.000
22
730.000
32
-325.6751
13
170.000
23
730.000
33
-326.9191
0
3DFACE
8
C2
10
180.000
20
720.000
30
-324.6586
11
190.000
21
720.000
31
-321.3881
12
190.000
22
730.000
32
-322.5914
13
180.000
23
730.000
33
-325.6751
0
3DFACE
8
C2
10
190.000
20
720.000
30
-321.3881
11
200.000
21
720.000
31
-320.1011
12
200.000
22
730.000
32
-321.4538
13
190.000
23
730.000
33
-322.5914
0
3DFACE
8
C2
10
200.000
20
720.000
30
-320.1011
11
210.000
21
720.000
31
-319.2225
12
210.000
22
730.000
32
-320.7828
13
200.000
23
730.000
33
-321.4538
0
3DFACE
8
C2
10
210.000
20
720.000
30
-319.2225
11
220.000
21
720.000
31
-318.8789
12
220.000
22
730.000
32
-320.5514
13
210.000
23
730.000
33
-320.7828
0
3DFACE
8
C2
10
220.000
20
720.000
30
-318.8789
11
230.000
21
720.000
31
-318.6238
12
230.000
22
730.000
32
-320.4227
13
220.000
23
730.000
33
-320.5514
0
3DFACE
8
C2
10
230.000
20
720.000
30
-318.6238
11
240.000
21
720.000
31
-318.0423
12
240.000
22
730.000
32
-320.0134
13
230.000
23
730.000
33
-320.4227
0
3DFACE
8
C2
10
240.000
20
720.000
30
-318.0423
11
250.000
21
720.000
31
-318.0266
12
250.000
22
730.000
32
-320.1004
13
240.000
23
730.000
33
-320.0134
0
3DFACE
8
C2
10
250.000
20
720.000
30
-318.0266
11
260.000
21
720.000
31
-318.1511
12
260.000
22
730.000
32
-320.2821
13
250.000
23
730.000
33
-320.1004
0
3DFACE
8
C2
10
260.000
20
720.000
30
-318.1511
11
270.000
21
720.000
31
-318.6601
12
270.000
22
730.000
32
-320.8242
13
260.000
23
730.000
33
-320.2821
0
3DFACE
8
C2
10
270.000
20
720.000
30
-318.6601
11
280.000
21
720.000
31
-318.8949
12
280.000
22
730.000
32
-321.0661
13
270.000
23
730.000
33
-320.8242
0
3DFACE
8
C2
10
280.000
20
720.000
30
-318.8949
11
290.000
21
720.000
31
-318.9408
12
290.000
22
730.000
32
-321.1545
13
280.000
23
730.000
33
-321.0661
0
3DFACE
8
C2
10
290.000
20
720.000
30
-318.9408
11
300.000
21
720.000
31
-319.0854
12
300.000
22
730.000
32
-321.2449
13
290.000
23
730.000
33
-321.1545
0
3DFACE
8
C2
10
300.000
20
720.000
30
-319.0854
11
310.000
21
720.000
31
-319.2053
12
310.000
22
730.000
32
-321.2802
13
300.000
23
730.000
33
-321.2449
0
3DFACE
8
C2
10
310.000
20
720.000
30
-319.2053
11
320.000
21
720.000
31
-319.2228
12
320.000
22
730.000
32
-321.2087
13
310.000
23
730.000
33
-321.2802
0
3DFACE
8
C2
10
320.000
20
720.000
30
-319.2228
11
330.000
21
720.000
31
-319.2130
12
330.000
22
730.000
32
-321.1128
13
320.000
23
730.000
33
-321.2087
0
3DFACE
8
C2
10
330.000
20
720.000
30
-319.2130
11
340.000
21
720.000
31
-318.7544
12
340.000
22
730.000
32
-320.5153
13
330.000
23
730.000
33
-321.1128
0
3DFACE
8
C2
10
340.000
20
720.000
30
-318.7544
11
350.000
21
720.000
31
-318.4225
12
350.000
22
730.000
32
-319.9928
13
340.000
23
730.000
33
-320.5153
0
3DFACE
8
C2
10
350.000
20
720.000
30
-318.4225
11
360.000
21
720.000
31
-317.9476
12
360.000
22
730.000
32
-319.3011
13
350.000
23
730.000
33
-319.9928
0
3DFACE
8
C2
10
360.000
20
720.000
30
-317.9476
11
370.000
21
720.000
31
-316.7551
12
370.000
22
730.000
32
-317.8444
13
360.000
23
730.000
33
-319.3011
0
3DFACE
8
C2
10
370.000
20
720.000
30
-316.7551
11
380.000
21
720.000
31
-316.4905
12
380.000
22
730.000
32
-317.4836
13
370.000
23
730.000
33
-317.8444
0
3DFACE
8
C2
10
380.000
20
720.000
30
-316.4905
11
390.000
21
720.000
31
-316.3204
12
390.000
22
730.000
32
-317.2616
13
380.000
23
730.000
33
-317.4836
0
3DFACE
8
C2
10
390.000
20
720.000
30
-316.3204
11
400.000
21
720.000
31
-316.0071
12
400.000
22
730.000
32
-316.8907
13
390.000
23
730.000
33
-317.2616
0
3DFACE
8
C2
10
400.000
20
720.000
30
-316.0071
11
410.000
21
720.000
31
-315.5615
12
410.000
22
730.000
32
-316.3617
13
400.000
23
730.000
33
-316.8907
0
3DFACE
8
C2
10
410.000
20
720.000
30
-315.5615
11
420.000
21
720.000
31
-313.8785
12
420.000
22
730.000
32
-314.4538
13
410.000
23
730.000
33
-316.3617
0
3DFACE
8
C2
10
420.000
20
720.000
30
-313.8785
11
430.000
21
720.000
31
-313.5175
12
430.000
22
730.000
32
-314.0167
13
420.000
23
730.000
33
-314.4538
0
3DFACE
8
C2
10
430.000
20
720.000
30
-313.5175
11
440.000
21
720.000
31
-314.1159
12
440.000
22
730.000
32
-314.7373
13
430.000
23
730.000
33
-314.0167
0
3DFACE
8
C2
10
440.000
20
720.000
30
-314.1159
11
450.000
21
720.000
31
-313.9667
12
450.000
22
730.000
32
-314.6113
13
440.000
23
730.000
33
-314.7373
0
3DFACE
8
C2
10
450.000
20
720.000
30
-313.9667
11
460.000
21
720.000
31
-313.8830
12
460.000
22
730.000
32
-314.4432
13
450.000
23
730.000
33
-314.6113
0
3DFACE
8
C2
10
460.000
20
720.000
30
-313.8830
11
470.000
21
720.000
31
-313.8352
12
470.000
22
730.000
32
-314.3102
13
460.000
23
730.000
33
-314.4432
0
3DFACE
8
C2
10
470.000
20
720.000
30
-313.8352
11
480.000
21
720.000
31
-314.2650
12
480.000
22
730.000
32
-314.7474
13
470.000
23
730.000
33
-314.3102
0
3DFACE
8
C2
10
480.000
20
720.000
30
-314.2650
11
490.000
21
720.000
31
-316.2129
12
490.000
22
730.000
32
-316.9810
13
480.000
23
730.000
33
-314.7474
0
3DFACE
8
C2
10
490.000
20
720.000
30
-316.2129
11
500.000
21
720.000
31
-316.7753
12
500.000
22
730.000
32
-317.8006
13
490.000
23
730.000
33
-316.9810
0
3DFACE
8
C2
10
500.000
20
720.000
30
-316.7753
11
510.000
21
720.000
31
-316.6048
12
510.000
22
730.000
32
-317.7814
13
500.000
23
730.000
33
-317.8006
0
3DFACE
8
C2
10
510.000
20
720.000
30
-316.6048
11
520.000
21
720.000
31
-315.1008
12
520.000
22
730.000
32
-316.4605
13
510.000
23
730.000
33
-317.7814
0
3DFACE
8
C2
10
520.000
20
720.000
30
-315.1008
11
530.000
21
720.000
31
-314.8708
12
530.000
22
730.000
32
-316.4301
13
520.000
23
730.000
33
-316.4605
0
3DFACE
8
C2
10
530.000
20
720.000
30
-314.8708
11
540.000
21
720.000
31
-315.4340
12
540.000
22
730.000
32
-317.2327
13
530.000
23
730.000
33
-316.4301
0
3DFACE
8
C2
10
540.000
20
720.000
30
-315.4340
11
550.000
21
720.000
31
-316.0287
12
550.000
22
730.000
32
-318.0651
13
540.000
23
730.000
33
-317.2327
0
3DFACE
8
C2
10
550.000
20
720.000
30
-316.0287
11
560.000
21
720.000
31
-316.2302
12
560.000
22
730.000
32
-318.3996
13
550.000
23
730.000
33
-318.0651
0
3DFACE
8
C2
10
560.000
20
720.000
30
-316.2302
11
570.000
21
720.000
31
-316.2115
12
570.000
22
730.000
32
-318.5920
13
560.000
23
730.000
33
-318.3996
0
3DFACE
8
C2
10
570.000
20
720.000
30
-316.2115
11
580.000
21
720.000
31
-317.6990
12
580.000
22
730.000
32
-320.2630
13
570.000
23
730.000
33
-318.5920
0
3DFACE
8
C2
10
580.000
20
720.000
30
-317.6990
11
590.000
21
720.000
31
-320.9608
12
590.000
22
730.000
32
-323.6999
13
580.000
23
730.000
33
-320.2630
0
3DFACE
8
C2
10
590.000
20
720.000
30
-320.9608
11
600.000
21
720.000
31
-322.4080
12
600.000
22
730.000
32
-325.2867
13
590.000
23
730.000
33
-323.6999
0
3DFACE
8
C2
10
600.000
20
720.000
30
-322.4080
11
610.000
21
720.000
31
-321.7799
12
610.000
22
730.000
32
-324.5481
13
600.000
23
730.000
33
-325.2867
0
3DFACE
8
C2
10
610.000
20
720.000
30
-321.7799
11
620.000
21
720.000
31
-318.9447
12
620.000
22
730.000
32
-321.4225
13
610.000
23
730.000
33
-324.5481
0
3DFACE
8
C2
10
620.000
20
720.000
30
-318.9447
11
630.000
21
720.000
31
-317.9070
12
630.000
22
730.000
32
-320.3065
13
620.000
23
730.000
33
-321.4225
0
3DFACE
8
C2
10
630.000
20
720.000
30
-317.9070
11
640.000
21
720.000
31
-317.5721
12
640.000
22
730.000
32
-319.7945
13
630.000
23
730.000
33
-320.3065
0
3DFACE
8
C2
10
640.000
20
720.000
30
-317.5721
11
650.000
21
720.000
31
-316.0681
12
650.000
22
730.000
32
-318.1022
13
640.000
23
730.000
33
-319.7945
0
3DFACE
8
C2
10
650.000
20
720.000
30
-316.0681
11
660.000
21
720.000
31
-313.3058
12
660.000
22
730.000
32
-314.8778
13
650.000
23
730.000
33
-318.1022
0
3DFACE
8
C2
10
660.000
20
720.000
30
-313.3058
11
670.000
21
720.000
31
-309.7880
12
670.000
22
730.000
32
-310.7896
13
660.000
23
730.000
33
-314.8778
0
3DFACE
8
C2
10
670.000
20
720.000
30
-309.7880
11
680.000
21
720.000
31
-307.6181
12
680.000
22
730.000
32
-308.2692
13
670.000
23
730.000
33
-310.7896
0
3DFACE
8
C2
10
680.000
20
720.000
30
-307.6181
11
690.000
21
720.000
31
-307.3790
12
690.000
22
730.000
32
-307.8235
13
680.000
23
730.000
33
-308.2692
0
3DFACE
8
C2
10
690.000
20
720.000
30
-307.3790
11
700.000
21
720.000
31
-305.6133
12
700.000
22
730.000
32
-305.6605
13
690.000
23
730.000
33
-307.8235
0
3DFACE
8
C2
10
0.000
20
730.000
30
-331.7721
11
10.000
21
730.000
31
-331.3468
12
10.000
22
740.000
32
-334.0249
13
0.000
23
740.000
33
-334.5640
0
3DFACE
8
C2
10
10.000
20
730.000
30
-331.3468
11
20.000
21
730.000
31
-331.4958
12
20.000
22
740.000
32
-334.2254
13
10.000
23
740.000
33
-334.0249
0
3DFACE
8
C2
10
20.000
20
730.000
30
-331.4958
11
30.000
21
730.000
31
-330.4862
12
30.000
22
740.000
32
-333.0486
13
20.000
23
740.000
33
-334.2254
0
3DFACE
8
C2
10
30.000
20
730.000
30
-330.4862
11
40.000
21
730.000
31
-328.3839
12
40.000
22
740.000
32
-330.5483
13
30.000
23
740.000
33
-333.0486
0
3DFACE
8
C2
10
40.000
20
730.000
30
-328.3839
11
50.000
21
730.000
31
-326.6748
12
50.000
22
740.000
32
-328.6068
13
40.000
23
740.000
33
-330.5483
0
3DFACE
8
C2
10
50.000
20
730.000
30
-326.6748
11
60.000
21
730.000
31
-326.2220
12
60.000
22
740.000
32
-328.3244
13
50.000
23
740.000
33
-328.6068
0
3DFACE
8
C2
10
60.000
20
730.000
30
-326.2220
11
70.000
21
730.000
31
-327.1725
12
70.000
22
740.000
32
-329.3210
13
60.000
23
740.000
33
-328.3244
0
3DFACE
8
C2
10
70.000
20
730.000
30
-327.1725
11
80.000
21
730.000
31
-326.5000
12
80.000
22
740.000
32
-328.6388
13
70.000
23
740.000
33
-329.3210
0
3DFACE
8
C2
10
80.000
20
730.000
30
-326.5000
11
90.000
21
730.000
31
-325.1198
12
90.000
22
740.000
32
-326.9019
13
80.000
23
740.000
33
-328.6388
0
3DFACE
8
C2
10
90.000
20
730.000
30
-325.1198
11
100.000
21
730.000
31
-325.0129
12
100.000
22
740.000
32
-326.6627
13
90.000
23
740.000
33
-326.9019
0
3DFACE
8
C2
10
100.000
20
730.000
30
-325.0129
11
110.000
21
730.000
31
-326.2933
12
110.000
22
740.000
32
-328.1998
13
100.000
23
740.000
33
-326.6627
0
3DFACE
8
C2
10
110.000
20
730.000
30
-326.2933
11
120.000
21
730.000
31
-329.5427
12
120.000
22
740.000
32
-331.3403
13
110.000
23
740.000
33
-328.1998
0
3DFACE
8
C2
10
120.000
20
730.000
30
-329.5427
11
130.000
21
730.000
31
-330.1223
12
130.000
22
740.000
32
-331.9974
13
120.000
23
740.000
33
-331.3403
0
3DFACE
8
C2
10
130.000
20
730.000
30
-330.1223
11
140.000
21
730.000
31
-328.7689
12
140.000
22
740.000
32
-330.7206
13
130.000
23
740.000
33
-331.9974
0
3DFACE
8
C2
10
140.000
20
730.000
30
-328.7689
11
150.000
21
730.000
31
-328.1231
12
150.000
22
740.000
32
-329.9551
13
140.000
23
740.000
33
-330.7206
0
3DFACE
8
C2
10
150.000
20
730.000
30
-328.1231
11
160.000
21
730.000
31
-327.4207
12
160.000
22
740.000
32
-329.3613
13
150.000
23
740.000
33
-329.9551
0
3DFACE
8
C2
10
160.000
20
730.000
30
-327.4207
11
170.000
21
730.000
31
-326.9191
12
170.000
22
740.000
32
-328.8773
13
160.000
23
740.000
33
-329.3613
0
3DFACE
8
C2
10
170.000
20
730.000
30
-326.9191
11
180.000
21
730.000
31
-325.6751
12
180.000
22
740.000
32
-327.6366
13
170.000
23
740.000
33
-328.8773
0
3DFACE
8
C2
10
180.000
20
730.000
30
-325.6751
11
190.000
21
730.000
31
-322.5914
12
190.000
22
740.000
32
-324.9045
13
180.000
23
740.000
33
-327.6366
0
3DFACE
8
C2
10
190.000
20
730.000
30
-322.5914
11
200.000
21
730.000
31
-321.4538
12
200.000
22
740.000
32
-323.7194
13
190.000
23
740.000
33
-324.9045
0
3DFACE
8
C2
10
200.000
20
730.000
30
-321.4538
11
210.000
21
730.000
31
-320.7828
12
210.000
22
740.000
32
-323.1406
13
200.000
23
740.000
33
-323.7194
0
3DFACE
8
C2
10
210.000
20
730.000
30
-320.7828
11
220.000
21
730.000
31
-320.5514
12
220.000
22
740.000
32
-322.9903
13
210.000
23
740.000
33
-323.1406
0
3DFACE
8
C2
10
220.000
20
730.000
30
-320.5514
11
230.000
21
730.000
31
-320.4227
12
230.000
22
740.000
32
-322.9434
13
220.000
23
740.000
33
-322.9903
0
3DFACE
8
C2
10
230.000
20
730.000
30
-320.4227
11
240.000
21
730.000
31
-320.0134
12
240.000
22
740.000
32
-322.6961
13
230.000
23
740.000
33
-322.9434
0
3DFACE
8
C2
10
240.000
20
730.000
30
-320.0134
11
250.000
21
730.000
31
-320.1004
12
250.000
22
740.000
32
-322.7810
13
240.000
23
740.000
33
-322.6961
0
3DFACE
8
C2
10
250.000
20
730.000
30
-320.1004
11
260.000
21
730.000
31
-320.2821
12
260.000
22
740.000
32
-322.9495
13
250.000
23
740.000
33
-322.7810
0
3DFACE
8
C2
10
260.000
20
730.000
30
-320.2821
11
270.000
21
730.000
31
-320.8242
12
270.000
22
740.000
32
-323.4201
13
260.000
23
740.000
33
-322.9495
0
3DFACE
8
C2
10
270.000
20
730.000
30
-320.8242
11
280.000
21
730.000
31
-321.0661
12
280.000
22
740.000
32
-323.6218
13
270.000
23
740.000
33
-323.4201
0
3DFACE
8
C2
10
280.000
20
730.000
30
-321.0661
11
290.000
21
730.000
31
-321.1545
12
290.000
22
740.000
32
-323.6733
13
280.000
23
740.000
33
-323.6218
0
3DFACE
8
C2
10
290.000
20
730.000
30
-321.1545
11
300.000
21
730.000
31
-321.2449
12
300.000
22
740.000
32
-323.6404
13
290.000
23
740.000
33
-323.6733
0
3DFACE
8
C2
10
300.000
20
730.000
30
-321.2449
11
310.000
21
730.000
31
-321.2802
12
310.000
22
740.000
32
-323.4741
13
300.000
23
740.000
33
-323.6404
0
3DFACE
8
C2
10
310.000
20
730.000
30
-321.2802
11
320.000
21
730.000
31
-321.2087
12
320.000
22
740.000
32
-323.1749
13
310.000
23
740.000
33
-323.4741
0
3DFACE
8
C2
10
320.000
20
730.000
30
-321.2087
11
330.000
21
730.000
31
-321.1128
12
330.000
22
740.000
32
-322.8530
13
320.000
23
740.000
33
-323.1749
0
3DFACE
8
C2
10
330.000
20
730.000
30
-321.1128
11
340.000
21
730.000
31
-320.5153
12
340.000
22
740.000
32
-322.0299
13
330.000
23
740.000
33
-322.8530
0
3DFACE
8
C2
10
340.000
20
730.000
30
-320.5153
11
350.000
21
730.000
31
-319.9928
12
350.000
22
740.000
32
-321.1926
13
340.000
23
740.000
33
-322.0299
0
3DFACE
8
C2
10
350.000
20
730.000
30
-319.9928
11
360.000
21
730.000
31
-319.3011
12
360.000
22
740.000
32
-320.1729
13
350.000
23
740.000
33
-321.1926
0
3DFACE
8
C2
10
360.000
20
730.000
30
-319.3011
11
370.000
21
730.000
31
-317.8444
12
370.000
22
740.000
32
-318.4403
13
360.000
23
740.000
33
-320.1729
0
3DFACE
8
C2
10
370.000
20
730.000
30
-317.8444
11
380.000
21
730.000
31
-317.4836
12
380.000
22
740.000
32
-317.8526
13
370.000
23
740.000
33
-318.4403
0
3DFACE
8
C2
10
380.000
20
730.000
30
-317.4836
11
390.000
21
730.000
31
-317.2616
12
390.000
22
740.000
32
-317.4049
13
380.000
23
740.000
33
-317.8526
0
3DFACE
8
C2
10
390.000
20
730.000
30
-317.2616
11
400.000
21
730.000
31
-316.8907
12
400.000
22
740.000
32
-316.7818
13
390.000
23
740.000
33
-317.4049
0
3DFACE
8
C2
10
400.000
20
730.000
30
-316.8907
11
410.000
21
730.000
31
-316.3617
12
410.000
22
740.000
32
-316.0224
13
400.000
23
740.000
33
-316.7818
0
3DFACE
8
C2
10
410.000
20
730.000
30
-316.3617
11
420.000
21
730.000
31
-314.4538
12
420.000
22
740.000
32
-314.0012
13
410.000
23
740.000
33
-316.0224
0
3DFACE
8
C2
10
420.000
20
730.000
30
-314.4538
11
430.000
21
730.000
31
-314.0167
12
430.000
22
740.000
32
-313.5008
13
420.000
23
740.000
33
-314.0012
0
3DFACE
8
C2
10
430.000
20
730.000
30
-314.0167
11
440.000
21
730.000
31
-314.7373
12
440.000
22
740.000
32
-314.3635
13
430.000
23
740.000
33
-313.5008
0
3DFACE
8
C2
10
440.000
20
730.000
30
-314.7373
11
450.000
21
730.000
31
-314.6113
12
450.000
22
740.000
32
-314.4786
13
440.000
23
740.000
33
-314.3635
0
3DFACE
8
C2
10
450.000
20
730.000
30
-314.6113
11
460.000
21
730.000
31
-314.4432
12
460.000
22
740.000
32
-314.4974
13
450.000
23
740.000
33
-314.4786
0
3DFACE
8
C2
10
460.000
20
730.000
30
-314.4432
11
470.000
21
730.000
31
-314.3102
12
470.000
22
740.000
32
-314.5492
13
460.000
23
740.000
33
-314.4974
0
3DFACE
8
C2
10
470.000
20
730.000
30
-314.3102
11
480.000
21
730.000
31
-314.7474
12
480.000
22
740.000
32
-315.2377
13
470.000
23
740.000
33
-314.5492
0
3DFACE
8
C2
10
480.000
20
730.000
30
-314.7474
11
490.000
21
730.000
31
-316.9810
12
490.000
22
740.000
32
-317.7476
13
480.000
23
740.000
33
-315.2377
0
3DFACE
8
C2
10
490.000
20
730.000
30
-316.9810
11
500.000
21
730.000
31
-317.8006
12
500.000
22
740.000
32
-318.8523
13
490.000
23
740.000
33
-317.7476
0
3DFACE
8
C2
10
500.000
20
730.000
30
-317.8006
11
510.000
21
730.000
31
-317.7814
12
510.000
22
740.000
32
-318.7659
13
500.000
23
740.000
33
-318.8523
0
3DFACE
8
C2
10
510.000
20
730.000
30
-317.7814
11
520.000
21
730.000
31
-316.4605
12
520.000
22
740.000
32
-317.6315
13
510.000
23
740.000
33
-318.7659
0
3DFACE
8
C2
10
520.000
20
730.000
30
-316.4605
11
530.000
21
730.000
31
-316.4301
12
530.000
22
740.000
32
-317.5963
13
520.000
23
740.000
33
-317.6315
0
3DFACE
8
C2
10
530.000
20
730.000
30
-316.4301
11
540.000
21
730.000
31
-317.2327
12
540.000
22
740.000
32
-318.5708
13
530.000
23
740.000
33
-317.5963
0
3DFACE
8
C2
10
540.000
20
730.000
30
-317.2327
11
550.000
21
730.000
31
-318.0651
12
550.000
22
740.000
32
-319.5222
13
540.000
23
740.000
33
-318.5708
0
3DFACE
8
C2
10
550.000
20
730.000
30
-318.0651
11
560.000
21
730.000
31
-318.3996
12
560.000
22
740.000
32
-319.8019
13
550.000
23
740.000
33
-319.5222
0
3DFACE
8
C2
10
560.000
20
730.000
30
-318.3996
11
570.000
21
730.000
31
-318.5920
12
570.000
22
740.000
32
-319.8954
13
560.000
23
740.000
33
-319.8019
0
3DFACE
8
C2
10
570.000
20
730.000
30
-318.5920
11
580.000
21
730.000
31
-320.2630
12
580.000
22
740.000
32
-321.7357
13
570.000
23
740.000
33
-319.8954
0
3DFACE
8
C2
10
580.000
20
730.000
30
-320.2630
11
590.000
21
730.000
31
-323.6999
12
590.000
22
740.000
32
-325.1815
13
580.000
23
740.000
33
-321.7357
0
3DFACE
8
C2
10
590.000
20
730.000
30
-323.6999
11
600.000
21
730.000
31
-325.2867
12
600.000
22
740.000
32
-326.8818
13
590.000
23
740.000
33
-325.1815
0
3DFACE
8
C2
10
600.000
20
730.000
30
-325.2867
11
610.000
21
730.000
31
-324.5481
12
610.000
22
740.000
32
-325.6435
13
600.000
23
740.000
33
-326.8818
0
3DFACE
8
C2
10
610.000
20
730.000
30
-324.5481
11
620.000
21
730.000
31
-321.4225
12
620.000
22
740.000
32
-321.5883
13
610.000
23
740.000
33
-325.6435
0
3DFACE
8
C2
10
620.000
20
730.000
30
-321.4225
11
630.000
21
730.000
31
-320.3065
12
630.000
22
740.000
32
-319.8312
13
620.000
23
740.000
33
-321.5883
0
3DFACE
8
C2
10
630.000
20
730.000
30
-320.3065
11
640.000
21
730.000
31
-319.7945
12
640.000
22
740.000
32
-318.8321
13
630.000
23
740.000
33
-319.8312
0
3DFACE
8
C2
10
640.000
20
730.000
30
-319.7945
11
650.000
21
730.000
31
-318.1022
12
650.000
22
740.000
32
-316.6623
13
640.000
23
740.000
33
-318.8321
0
3DFACE
8
C2
10
650.000
20
730.000
30
-318.1022
11
660.000
21
730.000
31
-314.8778
12
660.000
22
740.000
32
-312.8554
13
650.000
23
740.000
33
-316.6623
0
3DFACE
8
C2
10
660.000
20
730.000
30
-314.8778
11
670.000
21
730.000
31
-310.7896
12
670.000
22
740.000
32
-308.2147
13
660.000
23
740.000
33
-312.8554
0
3DFACE
8
C2
10
670.000
20
730.000
30
-310.7896
11
680.000
21
730.000
31
-308.2692
12
680.000
22
740.000
32
-305.6109
13
670.000
23
740.000
33
-308.2147
0
3DFACE
8
C2
10
680.000
20
730.000
30
-308.2692
11
690.000
21
730.000
31
-307.8235
12
690.000
22
740.000
32
-305.5280
13
680.000
23
740.000
33
-305.6109
0
3DFACE
8
C2
10
690.000
20
730.000
30
-307.8235
11
700.000
21
730.000
31
-305.6605
12
700.000
22
740.000
32
-303.5232
13
690.000
23
740.000
33
-305.5280
0
3DFACE
8
C2
10
0.000
20
740.000
30
-334.5640
11
10.000
21
740.000
31
-334.0249
12
10.000
22
750.000
32
-334.7865
13
0.000
23
750.000
33
-335.5808
0
3DFACE
8
C2
10
10.000
20
740.000
30
-334.0249
11
20.000
21
740.000
31
-334.2254
12
20.000
22
750.000
32
-334.6166
13
10.000
23
750.000
33
-334.7865
0
3DFACE
8
C2
10
20.000
20
740.000
30
-334.2254
11
30.000
21
740.000
31
-333.0486
12
30.000
22
750.000
32
-333.2179
13
20.000
23
750.000
33
-334.6166
0
3DFACE
8
C2
10
30.000
20
740.000
30
-333.0486
11
40.000
21
740.000
31
-330.5483
12
40.000
22
750.000
32
-330.4256
13
30.000
23
750.000
33
-333.2179
0
3DFACE
8
C2
10
40.000
20
740.000
30
-330.5483
11
50.000
21
740.000
31
-328.6068
12
50.000
22
750.000
32
-328.4048
13
40.000
23
750.000
33
-330.4256
0
3DFACE
8
C2
10
50.000
20
740.000
30
-328.6068
11
60.000
21
740.000
31
-328.3244
12
60.000
22
750.000
32
-328.2797
13
50.000
23
750.000
33
-328.4048
0
3DFACE
8
C2
10
60.000
20
740.000
30
-328.3244
11
70.000
21
740.000
31
-329.3210
12
70.000
22
750.000
32
-329.5350
13
60.000
23
750.000
33
-328.2797
0
3DFACE
8
C2
10
70.000
20
740.000
30
-329.3210
11
80.000
21
740.000
31
-328.6388
12
80.000
22
750.000
32
-329.0624
13
70.000
23
750.000
33
-329.5350
0
3DFACE
8
C2
10
80.000
20
740.000
30
-328.6388
11
90.000
21
740.000
31
-326.9019
12
90.000
22
750.000
32
-327.4936
13
80.000
23
750.000
33
-329.0624
0
3DFACE
8
C2
10
90.000
20
740.000
30
-326.9019
11
100.000
21
740.000
31
-326.6627
12
100.000
22
750.000
32
-327.2519
13
90.000
23
750.000
33
-327.4936
0
3DFACE
8
C2
10
100.000
20
740.000
30
-326.6627
11
110.000
21
740.000
31
-328.1998
12
110.000
22
750.000
32
-328.9481
13
100.000
23
750.000
33
-327.2519
0
3DFACE
8
C2
10
110.000
20
740.000
30
-328.1998
11
120.000
21
740.000
31
-331.3403
12
120.000
22
750.000
32
-332.0549
13
110.000
23
750.000
33
-328.9481
0
3DFACE
8
C2
10
120.000
20
740.000
30
-331.3403
11
130.000
21
740.000
31
-331.9974
12
130.000
22
750.000
32
-332.7694
13
120.000
23
750.000
33
-332.0549
0
3DFACE
8
C2
10
130.000
20
740.000
30
-331.9974
11
140.000
21
740.000
31
-330.7206
12
140.000
22
750.000
32
-331.4461
13
130.000
23
750.000
33
-332.7694
0
3DFACE
8
C2
10
140.000
20
740.000
30
-330.7206
11
150.000
21
740.000
31
-329.9551
12
150.000
22
750.000
32
-330.6835
13
140.000
23
750.000
33
-331.4461
0
3DFACE
8
C2
10
150.000
20
740.000
30
-329.9551
11
160.000
21
740.000
31
-329.3613
12
160.000
22
750.000
32
-330.3303
13
150.000
23
750.000
33
-330.6835
0
3DFACE
8
C2
10
160.000
20
740.000
30
-329.3613
11
170.000
21
740.000
31
-328.8773
12
170.000
22
750.000
32
-330.0893
13
160.000
23
750.000
33
-330.3303
0
3DFACE
8
C2
10
170.000
20
740.000
30
-328.8773
11
180.000
21
740.000
31
-327.6366
12
180.000
22
750.000
32
-329.0709
13
170.000
23
750.000
33
-330.0893
0
3DFACE
8
C2
10
180.000
20
740.000
30
-327.6366
11
190.000
21
740.000
31
-324.9045
12
190.000
22
750.000
32
-326.7211
13
180.000
23
750.000
33
-329.0709
0
3DFACE
8
C2
10
190.000
20
740.000
30
-324.9045
11
200.000
21
740.000
31
-323.7194
12
200.000
22
750.000
32
-325.7099
13
190.000
23
750.000
33
-326.7211
0
3DFACE
8
C2
10
200.000
20
740.000
30
-323.7194
11
210.000
21
740.000
31
-323.1406
12
210.000
22
750.000
32
-325.3508
13
200.000
23
750.000
33
-325.7099
0
3DFACE
8
C2
10
210.000
20
740.000
30
-323.1406
11
220.000
21
740.000
31
-322.9903
12
220.000
22
750.000
32
-325.4337
13
210.000
23
750.000
33
-325.3508
0
3DFACE
8
C2
10
220.000
20
740.000
30
-322.9903
11
230.000
21
740.000
31
-322.9434
12
230.000
22
750.000
32
-325.4919
13
220.000
23
750.000
33
-325.4337
0
3DFACE
8
C2
10
230.000
20
740.000
30
-322.9434
11
240.000
21
740.000
31
-322.6961
12
240.000
22
750.000
32
-325.3536
13
230.000
23
750.000
33
-325.4919
0
3DFACE
8
C2
10
240.000
20
740.000
30
-322.6961
11
250.000
21
740.000
31
-322.7810
12
250.000
22
750.000
32
-325.4617
13
240.000
23
750.000
33
-325.3536
0
3DFACE
8
C2
10
250.000
20
740.000
30
-322.7810
11
260.000
21
740.000
31
-322.9495
12
260.000
22
750.000
32
-325.6210
13
250.000
23
750.000
33
-325.4617
0
3DFACE
8
C2
10
260.000
20
740.000
30
-322.9495
11
270.000
21
740.000
31
-323.4201
12
270.000
22
750.000
32
-326.0218
13
260.000
23
750.000
33
-325.6210
0
3DFACE
8
C2
10
270.000
20
740.000
30
-323.4201
11
280.000
21
740.000
31
-323.6218
12
280.000
22
750.000
32
-326.1667
13
270.000
23
750.000
33
-326.0218
0
3DFACE
8
C2
10
280.000
20
740.000
30
-323.6218
11
290.000
21
740.000
31
-323.6733
12
290.000
22
750.000
32
-326.0663
13
280.000
23
750.000
33
-326.1667
0
3DFACE
8
C2
10
290.000
20
740.000
30
-323.6733
11
300.000
21
740.000
31
-323.6404
12
300.000
22
750.000
32
-325.9017
13
290.000
23
750.000
33
-326.0663
0
3DFACE
8
C2
10
300.000
20
740.000
30
-323.6404
11
310.000
21
740.000
31
-323.4741
12
310.000
22
750.000
32
-325.5874
13
300.000
23
750.000
33
-325.9017
0
3DFACE
8
C2
10
310.000
20
740.000
30
-323.4741
11
320.000
21
740.000
31
-323.1749
12
320.000
22
750.000
32
-325.0147
13
310.000
23
750.000
33
-325.5874
0
3DFACE
8
C2
10
320.000
20
740.000
30
-323.1749
11
330.000
21
740.000
31
-322.8530
12
330.000
22
750.000
32
-324.5303
13
320.000
23
750.000
33
-325.0147
0
3DFACE
8
C2
10
330.000
20
740.000
30
-322.8530
11
340.000
21
740.000
31
-322.0299
12
340.000
22
750.000
32
-323.5551
13
330.000
23
750.000
33
-324.5303
0
3DFACE
8
C2
10
340.000
20
740.000
30
-322.0299
11
350.000
21
740.000
31
-321.1926
12
350.000
22
750.000
32
-322.5271
13
340.000
23
750.000
33
-323.5551
0
3DFACE
8
C2
10
350.000
20
740.000
30
-321.1926
11
360.000
21
740.000
31
-320.1729
12
360.000
22
750.000
32
-321.3326
13
350.000
23
750.000
33
-322.5271
0
3DFACE
8
C2
10
360.000
20
740.000
30
-320.1729
11
370.000
21
740.000
31
-318.4403
12
370.000
22
750.000
32
-319.3559
13
360.000
23
750.000
33
-321.3326
0
3DFACE
8
C2
10
370.000
20
740.000
30
-318.4403
11
380.000
21
740.000
31
-317.8526
12
380.000
22
750.000
32
-318.6073
13
370.000
23
750.000
33
-319.3559
0
3DFACE
8
C2
10
380.000
20
740.000
30
-317.8526
11
390.000
21
740.000
31
-317.4049
12
390.000
22
750.000
32
-318.1047
13
380.000
23
750.000
33
-318.6073
0
3DFACE
8
C2
10
390.000
20
740.000
30
-317.4049
11
400.000
21
740.000
31
-316.7818
12
400.000
22
750.000
32
-317.3179
13
390.000
23
750.000
33
-318.1047
0
3DFACE
8
C2
10
400.000
20
740.000
30
-316.7818
11
410.000
21
740.000
31
-316.0224
12
410.000
22
750.000
32
-316.4308
13
400.000
23
750.000
33
-317.3179
0
3DFACE
8
C2
10
410.000
20
740.000
30
-316.0224
11
420.000
21
740.000
31
-314.0012
12
420.000
22
750.000
32
-314.2012
13
410.000
23
750.000
33
-316.4308
0
3DFACE
8
C2
10
420.000
20
740.000
30
-314.0012
11
430.000
21
740.000
31
-313.5008
12
430.000
22
750.000
32
-313.6828
13
420.000
23
750.000
33
-314.2012
0
3DFACE
8
C2
10
430.000
20
740.000
30
-313.5008
11
440.000
21
740.000
31
-314.3635
12
440.000
22
750.000
32
-314.8073
13
430.000
23
750.000
33
-313.6828
0
3DFACE
8
C2
10
440.000
20
740.000
30
-314.3635
11
450.000
21
740.000
31
-314.4786
12
450.000
22
750.000
32
-315.1781
13
440.000
23
750.000
33
-314.8073
0
3DFACE
8
C2
10
450.000
20
740.000
30
-314.4786
11
460.000
21
740.000
31
-314.4974
12
460.000
22
750.000
32
-315.3640
13
450.000
23
750.000
33
-315.1781
0
3DFACE
8
C2
10
460.000
20
740.000
30
-314.4974
11
470.000
21
740.000
31
-314.5492
12
470.000
22
750.000
32
-315.4707
13
460.000
23
750.000
33
-315.3640
0
3DFACE
8
C2
10
470.000
20
740.000
30
-314.5492
11
480.000
21
740.000
31
-315.2377
12
480.000
22
750.000
32
-316.3177
13
470.000
23
750.000
33
-315.4707
0
3DFACE
8
C2
10
480.000
20
740.000
30
-315.2377
11
490.000
21
740.000
31
-317.7476
12
490.000
22
750.000
32
-319.1444
13
480.000
23
750.000
33
-316.3177
0
3DFACE
8
C2
10
490.000
20
740.000
30
-317.7476
11
500.000
21
740.000
31
-318.8523
12
500.000
22
750.000
32
-320.4452
13
490.000
23
750.000
33
-319.1444
0
3DFACE
8
C2
10
500.000
20
740.000
30
-318.8523
11
510.000
21
740.000
31
-318.7659
12
510.000
22
750.000
32
-320.4112
13
500.000
23
750.000
33
-320.4452
0
3DFACE
8
C2
10
510.000
20
740.000
30
-318.7659
11
520.000
21
740.000
31
-317.6315
12
520.000
22
750.000
32
-319.3671
13
510.000
23
750.000
33
-320.4112
0
3DFACE
8
C2
10
520.000
20
740.000
30
-317.6315
11
530.000
21
740.000
31
-317.5963
12
530.000
22
750.000
32
-319.4957
13
520.000
23
750.000
33
-319.3671
0
3DFACE
8
C2
10
530.000
20
740.000
30
-317.5963
11
540.000
21
740.000
31
-318.5708
12
540.000
22
750.000
32
-320.7429
13
530.000
23
750.000
33
-319.4957
0
3DFACE
8
C2
10
540.000
20
740.000
30
-318.5708
11
550.000
21
740.000
31
-319.5222
12
550.000
22
750.000
32
-321.8560
13
540.000
23
750.000
33
-320.7429
0
3DFACE
8
C2
10
550.000
20
740.000
30
-319.5222
11
560.000
21
740.000
31
-319.8019
12
560.000
22
750.000
32
-322.2096
13
550.000
23
750.000
33
-321.8560
0
3DFACE
8
C2
10
560.000
20
740.000
30
-319.8019
11
570.000
21
740.000
31
-319.8954
12
570.000
22
750.000
32
-322.3698
13
560.000
23
750.000
33
-322.2096
0
3DFACE
8
C2
10
570.000
20
740.000
30
-319.8954
11
580.000
21
740.000
31
-321.7357
12
580.000
22
750.000
32
-324.2671
13
570.000
23
750.000
33
-322.3698
0
3DFACE
8
C2
10
580.000
20
740.000
30
-321.7357
11
590.000
21
740.000
31
-325.1815
12
590.000
22
750.000
32
-327.7263
13
580.000
23
750.000
33
-324.2671
0
3DFACE
8
C2
10
590.000
20
740.000
30
-325.1815
11
600.000
21
740.000
31
-326.8818
12
600.000
22
750.000
32
-329.4326
13
590.000
23
750.000
33
-327.7263
0
3DFACE
8
C2
10
600.000
20
740.000
30
-326.8818
11
610.000
21
740.000
31
-325.6435
12
610.000
22
750.000
32
-328.0099
13
600.000
23
750.000
33
-329.4326
0
3DFACE
8
C2
10
610.000
20
740.000
30
-325.6435
11
620.000
21
740.000
31
-321.5883
12
620.000
22
750.000
32
-323.6468
13
610.000
23
750.000
33
-328.0099
0
3DFACE
8
C2
10
620.000
20
740.000
30
-321.5883
11
630.000
21
740.000
31
-319.8312
12
630.000
22
750.000
32
-321.5316
13
620.000
23
750.000
33
-323.6468
0
3DFACE
8
C2
10
630.000
20
740.000
30
-319.8312
11
640.000
21
740.000
31
-318.8321
12
640.000
22
750.000
32
-320.0982
13
630.000
23
750.000
33
-321.5316
0
3DFACE
8
C2
10
640.000
20
740.000
30
-318.8321
11
650.000
21
740.000
31
-316.6623
12
650.000
22
750.000
32
-317.4431
13
640.000
23
750.000
33
-320.0982
0
3DFACE
8
C2
10
650.000
20
740.000
30
-316.6623
11
660.000
21
740.000
31
-312.8554
12
660.000
22
750.000
32
-313.1743
13
650.000
23
750.000
33
-317.4431
0
3DFACE
8
C2
10
660.000
20
740.000
30
-312.8554
11
670.000
21
740.000
31
-308.2147
12
670.000
22
750.000
32
-308.0568
13
660.000
23
750.000
33
-313.1743
0
3DFACE
8
C2
10
670.000
20
740.000
30
-308.2147
11
680.000
21
740.000
31
-305.6109
12
680.000
22
750.000
32
-305.1849
13
670.000
23
750.000
33
-308.0568
0
3DFACE
8
C2
10
680.000
20
740.000
30
-305.6109
11
690.000
21
740.000
31
-305.5280
12
690.000
22
750.000
32
-304.9672
13
680.000
23
750.000
33
-305.1849
0
3DFACE
8
C2
10
690.000
20
740.000
30
-305.5280
11
700.000
21
740.000
31
-303.5232
12
700.000
22
750.000
32
-302.8997
13
690.000
23
750.000
33
-304.9672
0
3DFACE
8
C2
10
0.000
20
750.000
30
-335.5808
11
10.000
21
750.000
31
-334.7865
12
10.000
22
760.000
32
-333.8459
13
0.000
23
760.000
33
-334.9272
0
3DFACE
8
C2
10
10.000
20
750.000
30
-334.7865
11
20.000
21
750.000
31
-334.6166
12
20.000
22
760.000
32
-333.2371
13
10.000
23
760.000
33
-333.8459
0
3DFACE
8
C2
10
20.000
20
750.000
30
-334.6166
11
30.000
21
750.000
31
-333.2179
12
30.000
22
760.000
32
-331.6067
13
20.000
23
760.000
33
-333.2371
0
3DFACE
8
C2
10
30.000
20
750.000
30
-333.2179
11
40.000
21
750.000
31
-330.4256
12
40.000
22
760.000
32
-328.7602
13
30.000
23
760.000
33
-331.6067
0
3DFACE
8
C2
10
40.000
20
750.000
30
-330.4256
11
50.000
21
750.000
31
-328.4048
12
50.000
22
760.000
32
-326.8184
13
40.000
23
760.000
33
-328.7602
0
3DFACE
8
C2
10
50.000
20
750.000
30
-328.4048
11
60.000
21
750.000
31
-328.2797
12
60.000
22
760.000
32
-326.8677
13
50.000
23
760.000
33
-326.8184
0
3DFACE
8
C2
10
60.000
20
750.000
30
-328.2797
11
70.000
21
750.000
31
-329.5350
12
70.000
22
760.000
32
-328.2409
13
60.000
23
760.000
33
-326.8677
0
3DFACE
8
C2
10
70.000
20
750.000
30
-329.5350
11
80.000
21
750.000
31
-329.0624
12
80.000
22
760.000
32
-328.0982
13
70.000
23
760.000
33
-328.2409
0
3DFACE
8
C2
10
80.000
20
750.000
30
-329.0624
11
90.000
21
750.000
31
-327.4936
12
90.000
22
760.000
32
-326.8820
13
80.000
23
760.000
33
-328.0982
0
3DFACE
8
C2
10
90.000
20
750.000
30
-327.4936
11
100.000
21
750.000
31
-327.2519
12
100.000
22
760.000
32
-326.7640
13
90.000
23
760.000
33
-326.8820
0
3DFACE
8
C2
10
100.000
20
750.000
30
-327.2519
11
110.000
21
750.000
31
-328.9481
12
110.000
22
760.000
32
-328.4645
13
100.000
23
760.000
33
-326.7640
0
3DFACE
8
C2
10
110.000
20
750.000
30
-328.9481
11
120.000
21
750.000
31
-332.0549
12
120.000
22
760.000
32
-331.5033
13
110.000
23
760.000
33
-328.4645
0
3DFACE
8
C2
10
120.000
20
750.000
30
-332.0549
11
130.000
21
750.000
31
-332.7694
12
130.000
22
760.000
32
-332.2526
13
120.000
23
760.000
33
-331.5033
0
3DFACE
8
C2
10
130.000
20
750.000
30
-332.7694
11
140.000
21
750.000
31
-331.4461
12
140.000
22
760.000
32
-331.0701
13
130.000
23
760.000
33
-332.2526
0
3DFACE
8
C2
10
140.000
20
750.000
30
-331.4461
11
150.000
21
750.000
31
-330.6835
12
150.000
22
760.000
32
-330.4040
13
140.000
23
760.000
33
-331.0701
0
3DFACE
8
C2
10
150.000
20
750.000
30
-330.6835
11
160.000
21
750.000
31
-330.3303
12
160.000
22
760.000
32
-330.3865
13
150.000
23
760.000
33
-330.4040
0
3DFACE
8
C2
10
160.000
20
750.000
30
-330.3303
11
170.000
21
750.000
31
-330.0893
12
170.000
22
760.000
32
-330.5697
13
160.000
23
760.000
33
-330.3865
0
3DFACE
8
C2
10
170.000
20
750.000
30
-330.0893
11
180.000
21
750.000
31
-329.0709
12
180.000
22
760.000
32
-329.9192
13
170.000
23
760.000
33
-330.5697
0
3DFACE
8
C2
10
180.000
20
750.000
30
-329.0709
11
190.000
21
750.000
31
-326.7211
12
190.000
22
760.000
32
-327.9762
13
180.000
23
760.000
33
-329.9192
0
3DFACE
8
C2
10
190.000
20
750.000
30
-326.7211
11
200.000
21
750.000
31
-325.7099
12
200.000
22
760.000
32
-327.2363
13
190.000
23
760.000
33
-327.9762
0
3DFACE
8
C2
10
200.000
20
750.000
30
-325.7099
11
210.000
21
750.000
31
-325.3508
12
210.000
22
760.000
32
-327.1763
13
200.000
23
760.000
33
-327.2363
0
3DFACE
8
C2
10
210.000
20
750.000
30
-325.3508
11
220.000
21
750.000
31
-325.4337
12
220.000
22
760.000
32
-327.5596
13
210.000
23
760.000
33
-327.1763
0
3DFACE
8
C2
10
220.000
20
750.000
30
-325.4337
11
230.000
21
750.000
31
-325.4919
12
230.000
22
760.000
32
-327.7980
13
220.000
23
760.000
33
-327.5596
0
3DFACE
8
C2
10
230.000
20
750.000
30
-325.4919
11
240.000
21
750.000
31
-325.3536
12
240.000
22
760.000
32
-327.7183
13
230.000
23
760.000
33
-327.7980
0
3DFACE
8
C2
10
240.000
20
750.000
30
-325.3536
11
250.000
21
750.000
31
-325.4617
12
250.000
22
760.000
32
-327.8683
13
240.000
23
760.000
33
-327.7183
0
3DFACE
8
C2
10
250.000
20
750.000
30
-325.4617
11
260.000
21
750.000
31
-325.6210
12
260.000
22
760.000
32
-328.0318
13
250.000
23
760.000
33
-327.8683
0
3DFACE
8
C2
10
260.000
20
750.000
30
-325.6210
11
270.000
21
750.000
31
-326.0218
12
270.000
22
760.000
32
-328.4166
13
260.000
23
760.000
33
-328.0318
0
3DFACE
8
C2
10
270.000
20
750.000
30
-326.0218
11
280.000
21
750.000
31
-326.1667
12
280.000
22
760.000
32
-328.5047
13
270.000
23
760.000
33
-328.4166
0
3DFACE
8
C2
10
280.000
20
750.000
30
-326.1667
11
290.000
21
750.000
31
-326.0663
12
290.000
22
760.000
32
-328.2975
13
280.000
23
760.000
33
-328.5047
0
3DFACE
8
C2
10
290.000
20
750.000
30
-326.0663
11
300.000
21
750.000
31
-325.9017
12
300.000
22
760.000
32
-328.0094
13
290.000
23
760.000
33
-328.2975
0
3DFACE
8
C2
10
300.000
20
750.000
30
-325.9017
11
310.000
21
750.000
31
-325.5874
12
310.000
22
760.000
32
-327.5894
13
300.000
23
760.000
33
-328.0094
0
3DFACE
8
C2
10
310.000
20
750.000
30
-325.5874
11
320.000
21
750.000
31
-325.0147
12
320.000
22
760.000
32
-326.8845
13
310.000
23
760.000
33
-327.5894
0
3DFACE
8
C2
10
320.000
20
750.000
30
-325.0147
11
330.000
21
750.000
31
-324.5303
12
330.000
22
760.000
32
-326.3816
13
320.000
23
760.000
33
-326.8845
0
3DFACE
8
C2
10
330.000
20
750.000
30
-324.5303
11
340.000
21
750.000
31
-323.5551
12
340.000
22
760.000
32
-325.4570
13
330.000
23
760.000
33
-326.3816
0
3DFACE
8
C2
10
340.000
20
750.000
30
-323.5551
11
350.000
21
750.000
31
-322.5271
12
350.000
22
760.000
32
-324.4612
13
340.000
23
760.000
33
-325.4570
0
3DFACE
8
C2
10
350.000
20
750.000
30
-322.5271
11
360.000
21
750.000
31
-321.3326
12
360.000
22
760.000
32
-323.2535
13
350.000
23
760.000
33
-324.4612
0
3DFACE
8
C2
10
360.000
20
750.000
30
-321.3326
11
370.000
21
750.000
31
-319.3559
12
370.000
22
760.000
32
-321.3305
13
360.000
23
760.000
33
-323.2535
0
3DFACE
8
C2
10
370.000
20
750.000
30
-319.3559
11
380.000
21
750.000
31
-318.6073
12
380.000
22
760.000
32
-320.6600
13
370.000
23
760.000
33
-321.3305
0
3DFACE
8
C2
10
380.000
20
750.000
30
-318.6073
11
390.000
21
750.000
31
-318.1047
12
390.000
22
760.000
32
-320.3384
13
380.000
23
760.000
33
-320.6600
0
3DFACE
8
C2
10
390.000
20
750.000
30
-318.1047
11
400.000
21
750.000
31
-317.3179
12
400.000
22
760.000
32
-319.6268
13
390.000
23
760.000
33
-320.3384
0
3DFACE
8
C2
10
400.000
20
750.000
30
-317.3179
11
410.000
21
750.000
31
-316.4308
12
410.000
22
760.000
32
-318.6722
13
400.000
23
760.000
33
-319.6268
0
3DFACE
8
C2
10
410.000
20
750.000
30
-316.4308
11
420.000
21
750.000
31
-314.2012
12
420.000
22
760.000
32
-316.0884
13
410.000
23
760.000
33
-318.6722
0
3DFACE
8
C2
10
420.000
20
750.000
30
-314.2012
11
430.000
21
750.000
31
-313.6828
12
430.000
22
760.000
32
-315.5302
13
420.000
23
760.000
33
-316.0884
0
3DFACE
8
C2
10
430.000
20
750.000
30
-313.6828
11
440.000
21
750.000
31
-314.8073
12
440.000
22
760.000
32
-316.7317
13
430.000
23
760.000
33
-315.5302
0
3DFACE
8
C2
10
440.000
20
750.000
30
-314.8073
11
450.000
21
750.000
31
-315.1781
12
450.000
22
760.000
32
-317.2375
13
440.000
23
760.000
33
-316.7317
0
3DFACE
8
C2
10
450.000
20
750.000
30
-315.1781
11
460.000
21
750.000
31
-315.3640
12
460.000
22
760.000
32
-317.4012
13
450.000
23
760.000
33
-317.2375
0
3DFACE
8
C2
10
460.000
20
750.000
30
-315.3640
11
470.000
21
750.000
31
-315.4707
12
470.000
22
760.000
32
-317.3489
13
460.000
23
760.000
33
-317.4012
0
3DFACE
8
C2
10
470.000
20
750.000
30
-315.4707
11
480.000
21
750.000
31
-316.3177
12
480.000
22
760.000
32
-318.1418
13
470.000
23
760.000
33
-317.3489
0
3DFACE
8
C2
10
480.000
20
750.000
30
-316.3177
11
490.000
21
750.000
31
-319.1444
12
490.000
22
760.000
32
-321.2533
13
480.000
23
760.000
33
-318.1418
0
3DFACE
8
C2
10
490.000
20
750.000
30
-319.1444
11
500.000
21
750.000
31
-320.4452
12
500.000
22
760.000
32
-322.6225
13
490.000
23
760.000
33
-321.2533
0
3DFACE
8
C2
10
500.000
20
750.000
30
-320.4452
11
510.000
21
750.000
31
-320.4112
12
510.000
22
760.000
32
-322.5725
13
500.000
23
760.000
33
-322.6225
0
3DFACE
8
C2
10
510.000
20
750.000
30
-320.4112
11
520.000
21
750.000
31
-319.3671
12
520.000
22
760.000
32
-321.4713
13
510.000
23
760.000
33
-322.5725
0
3DFACE
8
C2
10
520.000
20
750.000
30
-319.3671
11
530.000
21
750.000
31
-319.4957
12
530.000
22
760.000
32
-321.6789
13
520.000
23
760.000
33
-321.4713
0
3DFACE
8
C2
10
530.000
20
750.000
30
-319.4957
11
540.000
21
750.000
31
-320.7429
12
540.000
22
760.000
32
-323.1158
13
530.000
23
760.000
33
-321.6789
0
3DFACE
8
C2
10
540.000
20
750.000
30
-320.7429
11
550.000
21
750.000
31
-321.8560
12
550.000
22
760.000
32
-324.3862
13
540.000
23
760.000
33
-323.1158
0
3DFACE
8
C2
10
550.000
20
750.000
30
-321.8560
11
560.000
21
750.000
31
-322.2096
12
560.000
22
760.000
32
-324.8703
13
550.000
23
760.000
33
-324.3862
0
3DFACE
8
C2
10
560.000
20
750.000
30
-322.2096
11
570.000
21
750.000
31
-322.3698
12
570.000
22
760.000
32
-325.0171
13
560.000
23
760.000
33
-324.8703
0
3DFACE
8
C2
10
570.000
20
750.000
30
-322.3698
11
580.000
21
750.000
31
-324.2671
12
580.000
22
760.000
32
-326.9602
13
570.000
23
760.000
33
-325.0171
0
3DFACE
8
C2
10
580.000
20
750.000
30
-324.2671
11
590.000
21
750.000
31
-327.7263
12
590.000
22
760.000
32
-330.4431
13
580.000
23
760.000
33
-326.9602
0
3DFACE
8
C2
10
590.000
20
750.000
30
-327.7263
11
600.000
21
750.000
31
-329.4326
12
600.000
22
760.000
32
-332.0761
13
590.000
23
760.000
33
-330.4431
0
3DFACE
8
C2
10
600.000
20
750.000
30
-329.4326
11
610.000
21
750.000
31
-328.0099
12
610.000
22
760.000
32
-330.6028
13
600.000
23
760.000
33
-332.0761
0
3DFACE
8
C2
10
610.000
20
750.000
30
-328.0099
11
620.000
21
750.000
31
-323.6468
12
620.000
22
760.000
32
-325.8930
13
610.000
23
760.000
33
-330.6028
0
3DFACE
8
C2
10
620.000
20
750.000
30
-323.6468
11
630.000
21
750.000
31
-321.5316
12
630.000
22
760.000
32
-323.8281
13
620.000
23
760.000
33
-325.8930
0
3DFACE
8
C2
10
630.000
20
750.000
30
-321.5316
11
640.000
21
750.000
31
-320.0982
12
640.000
22
760.000
32
-322.6038
13
630.000
23
760.000
33
-323.8281
0
3DFACE
8
C2
10
640.000
20
750.000
30
-320.0982
11
650.000
21
750.000
31
-317.4431
12
650.000
22
760.000
32
-320.0050
13
640.000
23
760.000
33
-322.6038
0
3DFACE
8
C2
10
650.000
20
750.000
30
-317.4431
11
660.000
21
750.000
31
-313.1743
12
660.000
22
760.000
32
-315.6580
13
650.000
23
760.000
33
-320.0050
0
3DFACE
8
C2
10
660.000
20
750.000
30
-313.1743
11
670.000
21
750.000
31
-308.0568
12
670.000
22
760.000
32
-310.0818
13
660.000
23
760.000
33
-315.6580
0
3DFACE
8
C2
10
670.000
20
750.000
30
-308.0568
11
680.000
21
750.000
31
-305.1849
12
680.000
22
760.000
32
-306.7692
13
670.000
23
760.000
33
-310.0818
0
3DFACE
8
C2
10
680.000
20
750.000
30
-305.1849
11
690.000
21
750.000
31
-304.9672
12
690.000
22
760.000
32
-306.4166
13
680.000
23
760.000
33
-306.7692
0
3DFACE
8
C2
10
690.000
20
750.000
30
-304.9672
11
700.000
21
750.000
31
-302.8997
12
700.000
22
760.000
32
-303.8036
13
690.000
23
760.000
33
-306.4166
0
3DFACE
8
C2
10
0.000
20
760.000
30
-334.9272
11
10.000
21
760.000
31
-333.8459
12
10.000
22
770.000
32
-329.7925
13
0.000
23
770.000
33
-330.8199
0
3DFACE
8
C2
10
10.000
20
760.000
30
-333.8459
11
20.000
21
760.000
31
-333.2371
12
20.000
22
770.000
32
-329.1180
13
10.000
23
770.000
33
-329.7925
0
3DFACE
8
C2
10
20.000
20
760.000
30
-333.2371
11
30.000
21
760.000
31
-331.6067
12
30.000
22
770.000
32
-327.6385
13
20.000
23
770.000
33
-329.1180
0
3DFACE
8
C2
10
30.000
20
760.000
30
-331.6067
11
40.000
21
760.000
31
-328.7602
12
40.000
22
770.000
32
-325.1831
13
30.000
23
770.000
33
-327.6385
0
3DFACE
8
C2
10
40.000
20
760.000
30
-328.7602
11
50.000
21
760.000
31
-326.8184
12
50.000
22
770.000
32
-323.5446
13
40.000
23
770.000
33
-325.1831
0
3DFACE
8
C2
10
50.000
20
760.000
30
-326.8184
11
60.000
21
760.000
31
-326.8677
12
60.000
22
770.000
32
-323.7206
13
50.000
23
770.000
33
-323.5446
0
3DFACE
8
C2
10
60.000
20
760.000
30
-326.8677
11
70.000
21
760.000
31
-328.2409
12
70.000
22
770.000
32
-325.0946
13
60.000
23
770.000
33
-323.7206
0
3DFACE
8
C2
10
70.000
20
760.000
30
-328.2409
11
80.000
21
760.000
31
-328.0982
12
80.000
22
770.000
32
-325.2153
13
70.000
23
770.000
33
-325.0946
0
3DFACE
8
C2
10
80.000
20
760.000
30
-328.0982
11
90.000
21
760.000
31
-326.8820
12
90.000
22
770.000
32
-324.4758
13
80.000
23
770.000
33
-325.2153
0
3DFACE
8
C2
10
90.000
20
760.000
30
-326.8820
11
100.000
21
760.000
31
-326.7640
12
100.000
22
770.000
32
-324.6893
13
90.000
23
770.000
33
-324.4758
0
3DFACE
8
C2
10
100.000
20
760.000
30
-326.7640
11
110.000
21
760.000
31
-328.4645
12
110.000
22
770.000
32
-326.5059
13
100.000
23
770.000
33
-324.6893
0
3DFACE
8
C2
10
110.000
20
760.000
30
-328.4645
11
120.000
21
760.000
31
-331.5033
12
120.000
22
770.000
32
-329.5893
13
110.000
23
770.000
33
-326.5059
0
3DFACE
8
C2
10
120.000
20
760.000
30
-331.5033
11
130.000
21
760.000
31
-332.2526
12
130.000
22
770.000
32
-330.5710
13
120.000
23
770.000
33
-329.5893
0
3DFACE
8
C2
10
130.000
20
760.000
30
-332.2526
11
140.000
21
760.000
31
-331.0701
12
140.000
22
770.000
32
-329.8756
13
130.000
23
770.000
33
-330.5710
0
3DFACE
8
C2
10
140.000
20
760.000
30
-331.0701
11
150.000
21
760.000
31
-330.4040
12
150.000
22
770.000
32
-329.6815
13
140.000
23
770.000
33
-329.8756
0
3DFACE
8
C2
10
150.000
20
760.000
30
-330.4040
11
160.000
21
760.000
31
-330.3865
12
160.000
22
770.000
32
-330.1608
13
150.000
23
770.000
33
-329.6815
0
3DFACE
8
C2
10
160.000
20
760.000
30
-330.3865
11
170.000
21
760.000
31
-330.5697
12
170.000
22
770.000
32
-330.8439
13
160.000
23
770.000
33
-330.1608
0
3DFACE
8
C2
10
170.000
20
760.000
30
-330.5697
11
180.000
21
760.000
31
-329.9192
12
180.000
22
770.000
32
-330.6320
13
170.000
23
770.000
33
-330.8439
0
3DFACE
8
C2
10
180.000
20
760.000
30
-329.9192
11
190.000
21
760.000
31
-327.9762
12
190.000
22
770.000
32
-329.1509
13
180.000
23
770.000
33
-330.6320
0
3DFACE
8
C2
10
190.000
20
760.000
30
-327.9762
11
200.000
21
760.000
31
-327.2363
12
200.000
22
770.000
32
-328.7744
13
190.000
23
770.000
33
-329.1509
0
3DFACE
8
C2
10
200.000
20
760.000
30
-327.2363
11
210.000
21
760.000
31
-327.1763
12
210.000
22
770.000
32
-329.0819
13
200.000
23
770.000
33
-328.7744
0
3DFACE
8
C2
10
210.000
20
760.000
30
-327.1763
11
220.000
21
760.000
31
-327.5596
12
220.000
22
770.000
32
-329.6883
13
210.000
23
770.000
33
-329.0819
0
3DFACE
8
C2
10
220.000
20
760.000
30
-327.5596
11
230.000
21
760.000
31
-327.7980
12
230.000
22
770.000
32
-330.0794
13
220.000
23
770.000
33
-329.6883
0
3DFACE
8
C2
10
230.000
20
760.000
30
-327.7980
11
240.000
21
760.000
31
-327.7183
12
240.000
22
770.000
32
-330.0616
13
230.000
23
770.000
33
-330.0794
0
3DFACE
8
C2
10
240.000
20
760.000
30
-327.7183
11
250.000
21
760.000
31
-327.8683
12
250.000
22
770.000
32
-330.2468
13
240.000
23
770.000
33
-330.0616
0
3DFACE
8
C2
10
250.000
20
760.000
30
-327.8683
11
260.000
21
760.000
31
-328.0318
12
260.000
22
770.000
32
-330.4298
13
250.000
23
770.000
33
-330.2468
0
3DFACE
8
C2
10
260.000
20
760.000
30
-328.0318
11
270.000
21
760.000
31
-328.4166
12
270.000
22
770.000
32
-330.7764
13
260.000
23
770.000
33
-330.4298
0
3DFACE
8
C2
10
270.000
20
760.000
30
-328.4166
11
280.000
21
760.000
31
-328.5047
12
280.000
22
770.000
32
-330.7674
13
270.000
23
770.000
33
-330.7764
0
3DFACE
8
C2
10
280.000
20
760.000
30
-328.5047
11
290.000
21
760.000
31
-328.2975
12
290.000
22
770.000
32
-330.5223
13
280.000
23
770.000
33
-330.7674
0
3DFACE
8
C2
10
290.000
20
760.000
30
-328.2975
11
300.000
21
760.000
31
-328.0094
12
300.000
22
770.000
32
-330.1600
13
290.000
23
770.000
33
-330.5223
0
3DFACE
8
C2
10
300.000
20
760.000
30
-328.0094
11
310.000
21
760.000
31
-327.5894
12
310.000
22
770.000
32
-329.6938
13
300.000
23
770.000
33
-330.1600
0
3DFACE
8
C2
10
310.000
20
760.000
30
-327.5894
11
320.000
21
760.000
31
-326.8845
12
320.000
22
770.000
32
-329.0164
13
310.000
23
770.000
33
-329.6938
0
3DFACE
8
C2
10
320.000
20
760.000
30
-326.8845
11
330.000
21
760.000
31
-326.3816
12
330.000
22
770.000
32
-328.6103
13
320.000
23
770.000
33
-329.0164
0
3DFACE
8
C2
10
330.000
20
760.000
30
-326.3816
11
340.000
21
760.000
31
-325.4570
12
340.000
22
770.000
32
-327.8671
13
330.000
23
770.000
33
-328.6103
0
3DFACE
8
C2
10
340.000
20
760.000
30
-325.4570
11
350.000
21
760.000
31
-324.4612
12
350.000
22
770.000
32
-327.0848
13
340.000
23
770.000
33
-327.8671
0
3DFACE
8
C2
10
350.000
20
760.000
30
-324.4612
11
360.000
21
760.000
31
-323.2535
12
360.000
22
770.000
32
-326.1189
13
350.000
23
770.000
33
-327.0848
0
3DFACE
8
C2
10
360.000
20
760.000
30
-323.2535
11
370.000
21
760.000
31
-321.3305
12
370.000
22
770.000
32
-324.5080
13
360.000
23
770.000
33
-326.1189
0
3DFACE
8
C2
10
370.000
20
760.000
30
-321.3305
11
380.000
21
760.000
31
-320.6600
12
380.000
22
770.000
32
-324.0536
13
370.000
23
770.000
33
-324.5080
0
3DFACE
8
C2
10
380.000
20
760.000
30
-320.6600
11
390.000
21
760.000
31
-320.3384
12
390.000
22
770.000
32
-323.9525
13
380.000
23
770.000
33
-324.0536
0
3DFACE
8
C2
10
390.000
20
760.000
30
-320.3384
11
400.000
21
760.000
31
-319.6268
12
400.000
22
770.000
32
-323.4020
13
390.000
23
770.000
33
-323.9525
0
3DFACE
8
C2
10
400.000
20
760.000
30
-319.6268
11
410.000
21
760.000
31
-318.6722
12
410.000
22
770.000
32
-322.5705
13
400.000
23
770.000
33
-323.4020
0
3DFACE
8
C2
10
410.000
20
760.000
30
-318.6722
11
420.000
21
760.000
31
-316.0884
12
420.000
22
770.000
32
-320.2042
13
410.000
23
770.000
33
-322.5705
0
3DFACE
8
C2
10
420.000
20
760.000
30
-316.0884
11
430.000
21
760.000
31
-315.5302
12
430.000
22
770.000
32
-319.7106
13
420.000
23
770.000
33
-320.2042
0
3DFACE
8
C2
10
430.000
20
760.000
30
-315.5302
11
440.000
21
760.000
31
-316.7317
12
440.000
22
770.000
32
-320.8609
13
430.000
23
770.000
33
-319.7106
0
3DFACE
8
C2
10
440.000
20
760.000
30
-316.7317
11
450.000
21
760.000
31
-317.2375
12
450.000
22
770.000
32
-321.4187
13
440.000
23
770.000
33
-320.8609
0
3DFACE
8
C2
10
450.000
20
760.000
30
-317.2375
11
460.000
21
760.000
31
-317.4012
12
460.000
22
770.000
32
-321.5927
13
450.000
23
770.000
33
-321.4187
0
3DFACE
8
C2
10
460.000
20
760.000
30
-317.4012
11
470.000
21
760.000
31
-317.3489
12
470.000
22
770.000
32
-321.5608
13
460.000
23
770.000
33
-321.5927
0
3DFACE
8
C2
10
470.000
20
760.000
30
-317.3489
11
480.000
21
760.000
31
-318.1418
12
480.000
22
770.000
32
-322.1863
13
470.000
23
770.000
33
-321.5608
0
3DFACE
8
C2
10
480.000
20
760.000
30
-318.1418
11
490.000
21
760.000
31
-321.2533
12
490.000
22
770.000
32
-324.9030
13
480.000
23
770.000
33
-322.1863
0
3DFACE
8
C2
10
490.000
20
760.000
30
-321.2533
11
500.000
21
760.000
31
-322.6225
12
500.000
22
770.000
32
-326.0338
13
490.000
23
770.000
33
-324.9030
0
3DFACE
8
C2
10
500.000
20
760.000
30
-322.6225
11
510.000
21
760.000
31
-322.5725
12
510.000
22
770.000
32
-325.9239
13
500.000
23
770.000
33
-326.0338
0
3DFACE
8
C2
10
510.000
20
760.000
30
-322.5725
11
520.000
21
760.000
31
-321.4713
12
520.000
22
770.000
32
-324.9562
13
510.000
23
770.000
33
-325.9239
0
3DFACE
8
C2
10
520.000
20
760.000
30
-321.4713
11
530.000
21
760.000
31
-321.6789
12
530.000
22
770.000
32
-325.1992
13
520.000
23
770.000
33
-324.9562
0
3DFACE
8
C2
10
530.000
20
760.000
30
-321.6789
11
540.000
21
760.000
31
-323.1158
12
540.000
22
770.000
32
-326.5280
13
530.000
23
770.000
33
-325.1992
0
3DFACE
8
C2
10
540.000
20
760.000
30
-323.1158
11
550.000
21
760.000
31
-324.3862
12
550.000
22
770.000
32
-327.8420
13
540.000
23
770.000
33
-326.5280
0
3DFACE
8
C2
10
550.000
20
760.000
30
-324.3862
11
560.000
21
760.000
31
-324.8703
12
560.000
22
770.000
32
-328.5899
13
550.000
23
770.000
33
-327.8420
0
3DFACE
8
C2
10
560.000
20
760.000
30
-324.8703
11
570.000
21
760.000
31
-325.0171
12
570.000
22
770.000
32
-329.1105
13
560.000
23
770.000
33
-328.5899
0
3DFACE
8
C2
10
570.000
20
760.000
30
-325.0171
11
580.000
21
760.000
31
-326.9602
12
580.000
22
770.000
32
-331.1609
13
570.000
23
770.000
33
-329.1105
0
3DFACE
8
C2
10
580.000
20
760.000
30
-326.9602
11
590.000
21
760.000
31
-330.4431
12
590.000
22
770.000
32
-334.3883
13
580.000
23
770.000
33
-331.1609
0
3DFACE
8
C2
10
590.000
20
760.000
30
-330.4431
11
600.000
21
760.000
31
-332.0761
12
600.000
22
770.000
32
-335.9894
13
590.000
23
770.000
33
-334.3883
0
3DFACE
8
C2
10
600.000
20
760.000
30
-332.0761
11
610.000
21
760.000
31
-330.6028
12
610.000
22
770.000
32
-334.9654
13
600.000
23
770.000
33
-335.9894
0
3DFACE
8
C2
10
610.000
20
760.000
30
-330.6028
11
620.000
21
760.000
31
-325.8930
12
620.000
22
770.000
32
-331.0943
13
610.000
23
770.000
33
-334.9654
0
3DFACE
8
C2
10
620.000
20
760.000
30
-325.8930
11
630.000
21
760.000
31
-323.8281
12
630.000
22
770.000
32
-329.4033
13
620.000
23
770.000
33
-331.0943
0
3DFACE
8
C2
10
630.000
20
760.000
30
-323.8281
11
640.000
21
760.000
31
-322.6038
12
640.000
22
770.000
32
-328.2650
13
630.000
23
770.000
33
-329.4033
0
3DFACE
8
C2
10
640.000
20
760.000
30
-322.6038
11
650.000
21
760.000
31
-320.0050
12
650.000
22
770.000
32
-325.7837
13
640.000
23
770.000
33
-328.2650
0
3DFACE
8
C2
10
650.000
20
760.000
30
-320.0050
11
660.000
21
760.000
31
-315.6580
12
660.000
22
770.000
32
-321.6589
13
650.000
23
770.000
33
-325.7837
0
3DFACE
8
C2
10
660.000
20
760.000
30
-315.6580
11
670.000
21
760.000
31
-310.0818
12
670.000
22
770.000
32
-316.4284
13
660.000
23
770.000
33
-321.6589
0
3DFACE
8
C2
10
670.000
20
760.000
30
-310.0818
11
680.000
21
760.000
31
-306.7692
12
680.000
22
770.000
32
-313.1135
13
670.000
23
770.000
33
-316.4284
0
3DFACE
8
C2
10
680.000
20
760.000
30
-306.7692
11
690.000
21
760.000
31
-306.4166
12
690.000
22
770.000
32
-312.3901
13
680.000
23
770.000
33
-313.1135
0
3DFACE
8
C2
10
690.000
20
760.000
30
-306.4166
11
700.000
21
760.000
31
-303.8036
12
700.000
22
770.000
32
-309.7292
13
690.000
23
770.000
33
-312.3901
0
3DFACE
8
C2
10
0.000
20
770.000
30
-330.8199
11
10.000
21
770.000
31
-329.7925
12
10.000
22
780.000
32
-325.4867
13
0.000
23
780.000
33
-326.4346
0
3DFACE
8
C2
10
10.000
20
770.000
30
-329.7925
11
20.000
21
770.000
31
-329.1180
12
20.000
22
780.000
32
-324.7763
13
10.000
23
780.000
33
-325.4867
0
3DFACE
8
C2
10
20.000
20
770.000
30
-329.1180
11
30.000
21
770.000
31
-327.6385
12
30.000
22
780.000
32
-323.4926
13
20.000
23
780.000
33
-324.7763
0
3DFACE
8
C2
10
30.000
20
770.000
30
-327.6385
11
40.000
21
770.000
31
-325.1831
12
40.000
22
780.000
32
-321.4426
13
30.000
23
780.000
33
-323.4926
0
3DFACE
8
C2
10
40.000
20
770.000
30
-325.1831
11
50.000
21
770.000
31
-323.5446
12
50.000
22
780.000
32
-320.1355
13
40.000
23
780.000
33
-321.4426
0
3DFACE
8
C2
10
50.000
20
770.000
30
-323.5446
11
60.000
21
770.000
31
-323.7206
12
60.000
22
780.000
32
-320.5176
13
50.000
23
780.000
33
-320.1355
0
3DFACE
8
C2
10
60.000
20
770.000
30
-323.7206
11
70.000
21
770.000
31
-325.0946
12
70.000
22
780.000
32
-321.8768
13
60.000
23
780.000
33
-320.5176
0
3DFACE
8
C2
10
70.000
20
770.000
30
-325.0946
11
80.000
21
770.000
31
-325.2153
12
80.000
22
780.000
32
-322.3447
13
70.000
23
780.000
33
-321.8768
0
3DFACE
8
C2
10
80.000
20
770.000
30
-325.2153
11
90.000
21
770.000
31
-324.4758
12
90.000
22
780.000
32
-322.2157
13
80.000
23
780.000
33
-322.3447
0
3DFACE
8
C2
10
90.000
20
770.000
30
-324.4758
11
100.000
21
770.000
31
-324.6893
12
100.000
22
780.000
32
-322.8795
13
90.000
23
780.000
33
-322.2157
0
3DFACE
8
C2
10
100.000
20
770.000
30
-324.6893
11
110.000
21
770.000
31
-326.5059
12
110.000
22
780.000
32
-324.9371
13
100.000
23
780.000
33
-322.8795
0
3DFACE
8
C2
10
110.000
20
770.000
30
-326.5059
11
120.000
21
770.000
31
-329.5893
12
120.000
22
780.000
32
-328.0659
13
110.000
23
780.000
33
-324.9371
0
3DFACE
8
C2
10
120.000
20
770.000
30
-329.5893
11
130.000
21
770.000
31
-330.5710
12
130.000
22
780.000
32
-329.3422
13
120.000
23
780.000
33
-328.0659
0
3DFACE
8
C2
10
130.000
20
770.000
30
-330.5710
11
140.000
21
770.000
31
-329.8756
12
140.000
22
780.000
32
-329.2942
13
130.000
23
780.000
33
-329.3422
0
3DFACE
8
C2
10
140.000
20
770.000
30
-329.8756
11
150.000
21
770.000
31
-329.6815
12
150.000
22
780.000
32
-329.5796
13
140.000
23
780.000
33
-329.2942
0
3DFACE
8
C2
10
150.000
20
770.000
30
-329.6815
11
160.000
21
770.000
31
-330.1608
12
160.000
22
780.000
32
-330.4560
13
150.000
23
780.000
33
-329.5796
0
3DFACE
8
C2
10
160.000
20
770.000
30
-330.1608
11
170.000
21
770.000
31
-330.8439
12
170.000
22
780.000
32
-331.4500
13
160.000
23
780.000
33
-330.4560
0
3DFACE
8
C2
10
170.000
20
770.000
30
-330.8439
11
180.000
21
770.000
31
-330.6320
12
180.000
22
780.000
32
-331.5636
13
170.000
23
780.000
33
-331.4500
0
3DFACE
8
C2
10
180.000
20
770.000
30
-330.6320
11
190.000
21
770.000
31
-329.1509
12
190.000
22
780.000
32
-330.5620
13
180.000
23
780.000
33
-331.5636
0
3DFACE
8
C2
10
190.000
20
770.000
30
-329.1509
11
200.000
21
770.000
31
-328.7744
12
200.000
22
780.000
32
-330.4675
13
190.000
23
780.000
33
-330.5620
0
3DFACE
8
C2
10
200.000
20
770.000
30
-328.7744
11
210.000
21
770.000
31
-329.0819
12
210.000
22
780.000
32
-331.0328
13
200.000
23
780.000
33
-330.4675
0
3DFACE
8
C2
10
210.000
20
770.000
30
-329.0819
11
220.000
21
770.000
31
-329.6883
12
220.000
22
780.000
32
-331.7202
13
210.000
23
780.000
33
-331.0328
0
3DFACE
8
C2
10
220.000
20
770.000
30
-329.6883
11
230.000
21
770.000
31
-330.0794
12
230.000
22
780.000
32
-332.2156
13
220.000
23
780.000
33
-331.7202
0
3DFACE
8
C2
10
230.000
20
770.000
30
-330.0794
11
240.000
21
770.000
31
-330.0616
12
240.000
22
780.000
32
-332.3085
13
230.000
23
780.000
33
-332.2156
0
3DFACE
8
C2
10
240.000
20
770.000
30
-330.0616
11
250.000
21
770.000
31
-330.2468
12
250.000
22
780.000
32
-332.5268
13
240.000
23
780.000
33
-332.3085
0
3DFACE
8
C2
10
250.000
20
770.000
30
-330.2468
11
260.000
21
770.000
31
-330.4298
12
260.000
22
780.000
32
-332.7252
13
250.000
23
780.000
33
-332.5268
0
3DFACE
8
C2
10
260.000
20
770.000
30
-330.4298
11
270.000
21
770.000
31
-330.7764
12
270.000
22
780.000
32
-332.9702
13
260.000
23
780.000
33
-332.7252
0
3DFACE
8
C2
10
270.000
20
770.000
30
-330.7764
11
280.000
21
770.000
31
-330.7674
12
280.000
22
780.000
32
-332.8711
13
270.000
23
780.000
33
-332.9702
0
3DFACE
8
C2
10
280.000
20
770.000
30
-330.7674
11
290.000
21
770.000
31
-330.5223
12
290.000
22
780.000
32
-332.6173
13
280.000
23
780.000
33
-332.8711
0
3DFACE
8
C2
10
290.000
20
770.000
30
-330.5223
11
300.000
21
770.000
31
-330.1600
12
300.000
22
780.000
32
-332.1691
13
290.000
23
780.000
33
-332.6173
0
3DFACE
8
C2
10
300.000
20
770.000
30
-330.1600
11
310.000
21
770.000
31
-329.6938
12
310.000
22
780.000
32
-331.6334
13
300.000
23
780.000
33
-332.1691
0
3DFACE
8
C2
10
310.000
20
770.000
30
-329.6938
11
320.000
21
770.000
31
-329.0164
12
320.000
22
780.000
32
-330.9746
13
310.000
23
780.000
33
-331.6334
0
3DFACE
8
C2
10
320.000
20
770.000
30
-329.0164
11
330.000
21
770.000
31
-328.6103
12
330.000
22
780.000
32
-330.6137
13
320.000
23
780.000
33
-330.9746
0
3DFACE
8
C2
10
330.000
20
770.000
30
-328.6103
11
340.000
21
770.000
31
-327.8671
12
340.000
22
780.000
32
-330.0344
13
330.000
23
780.000
33
-330.6137
0
3DFACE
8
C2
10
340.000
20
770.000
30
-327.8671
11
350.000
21
770.000
31
-327.0848
12
350.000
22
780.000
32
-329.4034
13
340.000
23
780.000
33
-330.0344
0
3DFACE
8
C2
10
350.000
20
770.000
30
-327.0848
11
360.000
21
770.000
31
-326.1189
12
360.000
22
780.000
32
-328.6375
13
350.000
23
780.000
33
-329.4034
0
3DFACE
8
C2
10
360.000
20
770.000
30
-326.1189
11
370.000
21
770.000
31
-324.5080
12
370.000
22
780.000
32
-327.3647
13
360.000
23
780.000
33
-328.6375
0
3DFACE
8
C2
10
370.000
20
770.000
30
-324.5080
11
380.000
21
770.000
31
-324.0536
12
380.000
22
780.000
32
-327.0216
13
370.000
23
780.000
33
-327.3647
0
3DFACE
8
C2
10
380.000
20
770.000
30
-324.0536
11
390.000
21
770.000
31
-323.9525
12
390.000
22
780.000
32
-326.9721
13
380.000
23
780.000
33
-327.0216
0
3DFACE
8
C2
10
390.000
20
770.000
30
-323.9525
11
400.000
21
770.000
31
-323.4020
12
400.000
22
780.000
32
-326.4519
13
390.000
23
780.000
33
-326.9721
0
3DFACE
8
C2
10
400.000
20
770.000
30
-323.4020
11
410.000
21
770.000
31
-322.5705
12
410.000
22
780.000
32
-325.7062
13
400.000
23
780.000
33
-326.4519
0
3DFACE
8
C2
10
410.000
20
770.000
30
-322.5705
11
420.000
21
770.000
31
-320.2042
12
420.000
22
780.000
32
-323.6901
13
410.000
23
780.000
33
-325.7062
0
3DFACE
8
C2
10
420.000
20
770.000
30
-320.2042
11
430.000
21
770.000
31
-319.7106
12
430.000
22
780.000
32
-323.2715
13
420.000
23
780.000
33
-323.6901
0
3DFACE
8
C2
10
430.000
20
770.000
30
-319.7106
11
440.000
21
770.000
31
-320.8609
12
440.000
22
780.000
32
-324.2888
13
430.000
23
780.000
33
-323.2715
0
3DFACE
8
C2
10
440.000
20
770.000
30
-320.8609
11
450.000
21
770.000
31
-321.4187
12
450.000
22
780.000
32
-324.9511
13
440.000
23
780.000
33
-324.2888
0
3DFACE
8
C2
10
450.000
20
770.000
30
-321.4187
11
460.000
21
770.000
31
-321.5927
12
460.000
22
780.000
32
-325.2658
13
450.000
23
780.000
33
-324.9511
0
3DFACE
8
C2
10
460.000
20
770.000
30
-321.5927
11
470.000
21
770.000
31
-321.5608
12
470.000
22
780.000
32
-325.4383
13
460.000
23
780.000
33
-325.2658
0
3DFACE
8
C2
10
470.000
20
770.000
30
-321.5608
11
480.000
21
770.000
31
-322.1863
12
480.000
22
780.000
32
-325.9795
13
470.000
23
780.000
33
-325.4383
0
3DFACE
8
C2
10
480.000
20
770.000
30
-322.1863
11
490.000
21
770.000
31
-324.9030
12
490.000
22
780.000
32
-328.2158
13
480.000
23
780.000
33
-325.9795
0
3DFACE
8
C2
10
490.000
20
770.000
30
-324.9030
11
500.000
21
770.000
31
-326.0338
12
500.000
22
780.000
32
-329.1349
13
490.000
23
780.000
33
-328.2158
0
3DFACE
8
C2
10
500.000
20
770.000
30
-326.0338
11
510.000
21
770.000
31
-325.9239
12
510.000
22
780.000
32
-328.9649
13
500.000
23
780.000
33
-329.1349
0
3DFACE
8
C2
10
510.000
20
770.000
30
-325.9239
11
520.000
21
770.000
31
-324.9562
12
520.000
22
780.000
32
-328.1514
13
510.000
23
780.000
33
-328.9649
0
3DFACE
8
C2
10
520.000
20
770.000
30
-324.9562
11
530.000
21
770.000
31
-325.1992
12
530.000
22
780.000
32
-328.3912
13
520.000
23
780.000
33
-328.1514
0
3DFACE
8
C2
10
530.000
20
770.000
30
-325.1992
11
540.000
21
770.000
31
-326.5280
12
540.000
22
780.000
32
-329.5814
13
530.000
23
780.000
33
-328.3912
0
3DFACE
8
C2
10
540.000
20
770.000
30
-326.5280
11
550.000
21
770.000
31
-327.8420
12
550.000
22
780.000
32
-330.9403
13
540.000
23
780.000
33
-329.5814
0
3DFACE
8
C2
10
550.000
20
770.000
30
-327.8420
11
560.000
21
770.000
31
-328.5899
12
560.000
22
780.000
32
-331.9303
13
550.000
23
780.000
33
-330.9403
0
3DFACE
8
C2
10
560.000
20
770.000
30
-328.5899
11
570.000
21
770.000
31
-329.1105
12
570.000
22
780.000
32
-332.8004
13
560.000
23
780.000
33
-331.9303
0
3DFACE
8
C2
10
570.000
20
770.000
30
-329.1105
11
580.000
21
770.000
31
-331.1609
12
580.000
22
780.000
32
-334.9417
13
570.000
23
780.000
33
-332.8004
0
3DFACE
8
C2
10
580.000
20
770.000
30
-331.1609
11
590.000
21
770.000
31
-334.3883
12
590.000
22
780.000
32
-337.9050
13
580.000
23
780.000
33
-334.9417
0
3DFACE
8
C2
10
590.000
20
770.000
30
-334.3883
11
600.000
21
770.000
31
-335.9894
12
600.000
22
780.000
32
-339.4967
13
590.000
23
780.000
33
-337.9050
0
3DFACE
8
C2
10
600.000
20
770.000
30
-335.9894
11
610.000
21
770.000
31
-334.9654
12
610.000
22
780.000
32
-338.8062
13
600.000
23
780.000
33
-339.4967
0
3DFACE
8
C2
10
610.000
20
770.000
30
-334.9654
11
620.000
21
770.000
31
-331.0943
12
620.000
22
780.000
32
-335.7917
13
610.000
23
780.000
33
-338.8062
0
3DFACE
8
C2
10
620.000
20
770.000
30
-331.0943
11
630.000
21
770.000
31
-329.4033
12
630.000
22
780.000
32
-334.2392
13
620.000
23
780.000
33
-335.7917
0
3DFACE
8
C2
10
630.000
20
770.000
30
-329.4033
11
640.000
21
770.000
31
-328.2650
12
640.000
22
780.000
32
-332.8653
13
630.000
23
780.000
33
-334.2392
0
3DFACE
8
C2
10
640.000
20
770.000
30
-328.2650
11
650.000
21
770.000
31
-325.7837
12
650.000
22
780.000
32
-330.2232
13
640.000
23
780.000
33
-332.8653
0
3DFACE
8
C2
10
650.000
20
770.000
30
-325.7837
11
660.000
21
770.000
31
-321.6589
12
660.000
22
780.000
32
-326.3608
13
650.000
23
780.000
33
-330.2232
0
3DFACE
8
C2
10
660.000
20
770.000
30
-321.6589
11
670.000
21
770.000
31
-316.4284
12
670.000
22
780.000
32
-321.6308
13
660.000
23
780.000
33
-326.3608
0
3DFACE
8
C2
10
670.000
20
770.000
30
-316.4284
11
680.000
21
770.000
31
-313.1135
12
680.000
22
780.000
32
-318.5451
13
670.000
23
780.000
33
-321.6308
0
3DFACE
8
C2
10
680.000
20
770.000
30
-313.1135
11
690.000
21
770.000
31
-312.3901
12
690.000
22
780.000
32
-317.5488
13
680.000
23
780.000
33
-318.5451
0
3DFACE
8
C2
10
690.000
20
770.000
30
-312.3901
11
700.000
21
770.000
31
-309.7292
12
700.000
22
780.000
32
-315.2128
13
690.000
23
780.000
33
-317.5488
0
3DFACE
8
C2
10
0.000
20
780.000
30
-326.4346
11
10.000
21
780.000
31
-325.4867
12
10.000
22
790.000
32
-322.0934
13
0.000
23
790.000
33
-323.0689
0
3DFACE
8
C2
10
10.000
20
780.000
30
-325.4867
11
20.000
21
780.000
31
-324.7763
12
20.000
22
790.000
32
-321.3852
13
10.000
23
790.000
33
-322.0934
0
3DFACE
8
C2
10
20.000
20
780.000
30
-324.7763
11
30.000
21
780.000
31
-323.4926
12
30.000
22
790.000
32
-320.2211
13
20.000
23
790.000
33
-321.3852
0
3DFACE
8
C2
10
30.000
20
780.000
30
-323.4926
11
40.000
21
780.000
31
-321.4426
12
40.000
22
790.000
32
-318.3843
13
30.000
23
790.000
33
-320.2211
0
3DFACE
8
C2
10
40.000
20
780.000
30
-321.4426
11
50.000
21
780.000
31
-320.1355
12
50.000
22
790.000
32
-317.4063
13
40.000
23
790.000
33
-318.3843
0
3DFACE
8
C2
10
50.000
20
780.000
30
-320.1355
11
60.000
21
780.000
31
-320.5176
12
60.000
22
790.000
32
-318.2076
13
50.000
23
790.000
33
-317.4063
0
3DFACE
8
C2
10
60.000
20
780.000
30
-320.5176
11
70.000
21
780.000
31
-321.8768
12
70.000
22
790.000
32
-319.9860
13
60.000
23
790.000
33
-318.2076
0
3DFACE
8
C2
10
70.000
20
780.000
30
-321.8768
11
80.000
21
780.000
31
-322.3447
12
80.000
22
790.000
32
-320.8306
13
70.000
23
790.000
33
-319.9860
0
3DFACE
8
C2
10
80.000
20
780.000
30
-322.3447
11
90.000
21
780.000
31
-322.2157
12
90.000
22
790.000
32
-321.1695
13
80.000
23
790.000
33
-320.8306
0
3DFACE
8
C2
10
90.000
20
780.000
30
-322.2157
11
100.000
21
780.000
31
-322.8795
12
100.000
22
790.000
32
-322.2827
13
90.000
23
790.000
33
-321.1695
0
3DFACE
8
C2
10
100.000
20
780.000
30
-322.8795
11
110.000
21
780.000
31
-324.9371
12
110.000
22
790.000
32
-324.7482
13
100.000
23
790.000
33
-322.2827
0
3DFACE
8
C2
10
110.000
20
780.000
30
-324.9371
11
120.000
21
780.000
31
-328.0659
12
120.000
22
790.000
32
-327.8267
13
110.000
23
790.000
33
-324.7482
0
3DFACE
8
C2
10
120.000
20
780.000
30
-328.0659
11
130.000
21
780.000
31
-329.3422
12
130.000
22
790.000
32
-329.3876
13
120.000
23
790.000
33
-327.8267
0
3DFACE
8
C2
10
130.000
20
780.000
30
-329.3422
11
140.000
21
780.000
31
-329.2942
12
140.000
22
790.000
32
-329.6540
13
130.000
23
790.000
33
-329.3876
0
3DFACE
8
C2
10
140.000
20
780.000
30
-329.2942
11
150.000
21
780.000
31
-329.5796
12
150.000
22
790.000
32
-330.3131
13
140.000
23
790.000
33
-329.6540
0
3DFACE
8
C2
10
150.000
20
780.000
30
-329.5796
11
160.000
21
780.000
31
-330.4560
12
160.000
22
790.000
32
-331.4832
13
150.000
23
790.000
33
-330.3131
0
3DFACE
8
C2
10
160.000
20
780.000
30
-330.4560
11
170.000
21
780.000
31
-331.4500
12
170.000
22
790.000
32
-332.6243
13
160.000
23
790.000
33
-331.4832
0
3DFACE
8
C2
10
170.000
20
780.000
30
-331.4500
11
180.000
21
780.000
31
-331.5636
12
180.000
22
790.000
32
-332.8805
13
170.000
23
790.000
33
-332.6243
0
3DFACE
8
C2
10
180.000
20
780.000
30
-331.5636
11
190.000
21
780.000
31
-330.5620
12
190.000
22
790.000
32
-332.3635
13
180.000
23
790.000
33
-332.8805
0
3DFACE
8
C2
10
190.000
20
780.000
30
-330.5620
11
200.000
21
780.000
31
-330.4675
12
200.000
22
790.000
32
-332.3193
13
190.000
23
790.000
33
-332.3635
0
3DFACE
8
C2
10
200.000
20
780.000
30
-330.4675
11
210.000
21
780.000
31
-331.0328
12
210.000
22
790.000
32
-333.0104
13
200.000
23
790.000
33
-332.3193
0
3DFACE
8
C2
10
210.000
20
780.000
30
-331.0328
11
220.000
21
780.000
31
-331.7202
12
220.000
22
790.000
32
-333.7360
13
210.000
23
790.000
33
-333.0104
0
3DFACE
8
C2
10
220.000
20
780.000
30
-331.7202
11
230.000
21
780.000
31
-332.2156
12
230.000
22
790.000
32
-334.3061
13
220.000
23
790.000
33
-333.7360
0
3DFACE
8
C2
10
230.000
20
780.000
30
-332.2156
11
240.000
21
780.000
31
-332.3085
12
240.000
22
790.000
32
-334.5147
13
230.000
23
790.000
33
-334.3061
0
3DFACE
8
C2
10
240.000
20
780.000
30
-332.3085
11
250.000
21
780.000
31
-332.5268
12
250.000
22
790.000
32
-334.7479
13
240.000
23
790.000
33
-334.5147
0
3DFACE
8
C2
10
250.000
20
780.000
30
-332.5268
11
260.000
21
780.000
31
-332.7252
12
260.000
22
790.000
32
-334.9463
13
250.000
23
790.000
33
-334.7479
0
3DFACE
8
C2
10
260.000
20
780.000
30
-332.7252
11
270.000
21
780.000
31
-332.9702
12
270.000
22
790.000
32
-335.0607
13
260.000
23
790.000
33
-334.9463
0
3DFACE
8
C2
10
270.000
20
780.000
30
-332.9702
11
280.000
21
780.000
31
-332.8711
12
280.000
22
790.000
32
-334.8658
13
270.000
23
790.000
33
-335.0607
0
3DFACE
8
C2
10
280.000
20
780.000
30
-332.8711
11
290.000
21
780.000
31
-332.6173
12
290.000
22
790.000
32
-334.5847
13
280.000
23
790.000
33
-334.8658
0
3DFACE
8
C2
10
290.000
20
780.000
30
-332.6173
11
300.000
21
780.000
31
-332.1691
12
300.000
22
790.000
32
-334.0318
13
290.000
23
790.000
33
-334.5847
0
3DFACE
8
C2
10
300.000
20
780.000
30
-332.1691
11
310.000
21
780.000
31
-331.6334
12
310.000
22
790.000
32
-333.3980
13
300.000
23
790.000
33
-334.0318
0
3DFACE
8
C2
10
310.000
20
780.000
30
-331.6334
11
320.000
21
780.000
31
-330.9746
12
320.000
22
790.000
32
-332.7580
13
310.000
23
790.000
33
-333.3980
0
3DFACE
8
C2
10
320.000
20
780.000
30
-330.9746
11
330.000
21
780.000
31
-330.6137
12
330.000
22
790.000
32
-332.4136
13
320.000
23
790.000
33
-332.7580
0
3DFACE
8
C2
10
330.000
20
780.000
30
-330.6137
11
340.000
21
780.000
31
-330.0344
12
340.000
22
790.000
32
-332.0045
13
330.000
23
790.000
33
-332.4136
0
3DFACE
8
C2
10
340.000
20
780.000
30
-330.0344
11
350.000
21
780.000
31
-329.4034
12
350.000
22
790.000
32
-331.4482
13
340.000
23
790.000
33
-332.0045
0
3DFACE
8
C2
10
350.000
20
780.000
30
-329.4034
11
360.000
21
780.000
31
-328.6375
12
360.000
22
790.000
32
-330.7570
13
350.000
23
790.000
33
-331.4482
0
3DFACE
8
C2
10
360.000
20
780.000
30
-328.6375
11
370.000
21
780.000
31
-327.3647
12
370.000
22
790.000
32
-329.8525
13
360.000
23
790.000
33
-330.7570
0
3DFACE
8
C2
10
370.000
20
780.000
30
-327.3647
11
380.000
21
780.000
31
-327.0216
12
380.000
22
790.000
32
-329.4751
13
370.000
23
790.000
33
-329.8525
0
3DFACE
8
C2
10
380.000
20
780.000
30
-327.0216
11
390.000
21
780.000
31
-326.9721
12
390.000
22
790.000
32
-329.3019
13
380.000
23
790.000
33
-329.4751
0
3DFACE
8
C2
10
390.000
20
780.000
30
-326.9721
11
400.000
21
780.000
31
-326.4519
12
400.000
22
790.000
32
-328.6805
13
390.000
23
790.000
33
-329.3019
0
3DFACE
8
C2
10
400.000
20
780.000
30
-326.4519
11
410.000
21
780.000
31
-325.7062
12
410.000
22
790.000
32
-327.8815
13
400.000
23
790.000
33
-328.6805
0
3DFACE
8
C2
10
410.000
20
780.000
30
-325.7062
11
420.000
21
780.000
31
-323.6901
12
420.000
22
790.000
32
-326.3095
13
410.000
23
790.000
33
-327.8815
0
3DFACE
8
C2
10
420.000
20
780.000
30
-323.6901
11
430.000
21
780.000
31
-323.2715
12
430.000
22
790.000
32
-325.9509
13
420.000
23
790.000
33
-326.3095
0
3DFACE
8
C2
10
430.000
20
780.000
30
-323.2715
11
440.000
21
780.000
31
-324.2888
12
440.000
22
790.000
32
-326.7346
13
430.000
23
790.000
33
-325.9509
0
3DFACE
8
C2
10
440.000
20
780.000
30
-324.2888
11
450.000
21
780.000
31
-324.9511
12
450.000
22
790.000
32
-327.6186
13
440.000
23
790.000
33
-326.7346
0
3DFACE
8
C2
10
450.000
20
780.000
30
-324.9511
11
460.000
21
780.000
31
-325.2658
12
460.000
22
790.000
32
-328.1880
13
450.000
23
790.000
33
-327.6186
0
3DFACE
8
C2
10
460.000
20
780.000
30
-325.2658
11
470.000
21
780.000
31
-325.4383
12
470.000
22
790.000
32
-328.5528
13
460.000
23
790.000
33
-328.1880
0
3DFACE
8
C2
10
470.000
20
780.000
30
-325.4383
11
480.000
21
780.000
31
-325.9795
12
480.000
22
790.000
32
-329.1084
13
470.000
23
790.000
33
-328.5528
0
3DFACE
8
C2
10
480.000
20
780.000
30
-325.9795
11
490.000
21
780.000
31
-328.2158
12
490.000
22
790.000
32
-330.8108
13
480.000
23
790.000
33
-329.1084
0
3DFACE
8
C2
10
490.000
20
780.000
30
-328.2158
11
500.000
21
780.000
31
-329.1349
12
500.000
22
790.000
32
-331.5802
13
490.000
23
790.000
33
-330.8108
0
3DFACE
8
C2
10
500.000
20
780.000
30
-329.1349
11
510.000
21
780.000
31
-328.9649
12
510.000
22
790.000
32
-331.2604
13
500.000
23
790.000
33
-331.5802
0
3DFACE
8
C2
10
510.000
20
780.000
30
-328.9649
11
520.000
21
780.000
31
-328.1514
12
520.000
22
790.000
32
-330.3154
13
510.000
23
790.000
33
-331.2604
0
3DFACE
8
C2
10
520.000
20
780.000
30
-328.1514
11
530.000
21
780.000
31
-328.3912
12
530.000
22
790.000
32
-330.4053
13
520.000
23
790.000
33
-330.3154
0
3DFACE
8
C2
10
530.000
20
780.000
30
-328.3912
11
540.000
21
780.000
31
-329.5814
12
540.000
22
790.000
32
-331.5189
13
530.000
23
790.000
33
-330.4053
0
3DFACE
8
C2
10
540.000
20
780.000
30
-329.5814
11
550.000
21
780.000
31
-330.9403
12
550.000
22
790.000
32
-332.9467
13
540.000
23
790.000
33
-331.5189
0
3DFACE
8
C2
10
550.000
20
780.000
30
-330.9403
11
560.000
21
780.000
31
-331.9303
12
560.000
22
790.000
32
-334.1008
13
550.000
23
790.000
33
-332.9467
0
3DFACE
8
C2
10
560.000
20
780.000
30
-331.9303
11
570.000
21
780.000
31
-332.8004
12
570.000
22
790.000
32
-335.1056
13
560.000
23
790.000
33
-334.1008
0
3DFACE
8
C2
10
570.000
20
780.000
30
-332.8004
11
580.000
21
780.000
31
-334.9417
12
580.000
22
790.000
32
-337.3081
13
570.000
23
790.000
33
-335.1056
0
3DFACE
8
C2
10
580.000
20
780.000
30
-334.9417
11
590.000
21
780.000
31
-337.9050
12
590.000
22
790.000
32
-340.2151
13
580.000
23
790.000
33
-337.3081
0
3DFACE
8
C2
10
590.000
20
780.000
30
-337.9050
11
600.000
21
780.000
31
-339.4967
12
600.000
22
790.000
32
-341.7618
13
590.000
23
790.000
33
-340.2151
0
3DFACE
8
C2
10
600.000
20
780.000
30
-339.4967
11
610.000
21
780.000
31
-338.8062
12
610.000
22
790.000
32
-341.0101
13
600.000
23
790.000
33
-341.7618
0
3DFACE
8
C2
10
610.000
20
780.000
30
-338.8062
11
620.000
21
780.000
31
-335.7917
12
620.000
22
790.000
32
-337.9055
13
610.000
23
790.000
33
-341.0101
0
3DFACE
8
C2
10
620.000
20
780.000
30
-335.7917
11
630.000
21
780.000
31
-334.2392
12
630.000
22
790.000
32
-336.1129
13
620.000
23
790.000
33
-337.9055
0
3DFACE
8
C2
10
630.000
20
780.000
30
-334.2392
11
640.000
21
780.000
31
-332.8653
12
640.000
22
790.000
32
-334.4460
13
630.000
23
790.000
33
-336.1129
0
3DFACE
8
C2
10
640.000
20
780.000
30
-332.8653
11
650.000
21
780.000
31
-330.2232
12
650.000
22
790.000
32
-331.8602
13
640.000
23
790.000
33
-334.4460
0
3DFACE
8
C2
10
650.000
20
780.000
30
-330.2232
11
660.000
21
780.000
31
-326.3608
12
660.000
22
790.000
32
-328.4211
13
650.000
23
790.000
33
-331.8602
0
3DFACE
8
C2
10
660.000
20
780.000
30
-326.3608
11
670.000
21
780.000
31
-321.6308
12
670.000
22
790.000
32
-324.4352
13
660.000
23
790.000
33
-328.4211
0
3DFACE
8
C2
10
670.000
20
780.000
30
-321.6308
11
680.000
21
780.000
31
-318.5451
12
680.000
22
790.000
32
-322.0936
13
670.000
23
790.000
33
-324.4352
0
3DFACE
8
C2
10
680.000
20
780.000
30
-318.5451
11
690.000
21
780.000
31
-317.5488
12
690.000
22
790.000
32
-321.8414
13
680.000
23
790.000
33
-322.0936
0
3DFACE
8
C2
10
690.000
20
780.000
30
-317.5488
11
700.000
21
780.000
31
-315.2128
12
700.000
22
790.000
32
-320.3405
13
690.000
23
790.000
33
-321.8414
0
3DFACE
8
C2
10
0.000
20
790.000
30
-323.0689
11
10.000
21
790.000
31
-322.0934
12
10.000
22
800.000
32
-317.8137
13
0.000
23
800.000
33
-318.7049
0
3DFACE
8
C2
10
10.000
20
790.000
30
-322.0934
11
20.000
21
790.000
31
-321.3852
12
20.000
22
800.000
32
-317.0847
13
10.000
23
800.000
33
-317.8137
0
3DFACE
8
C2
10
20.000
20
790.000
30
-321.3852
11
30.000
21
790.000
31
-320.2211
12
30.000
22
800.000
32
-316.1191
13
20.000
23
800.000
33
-317.0847
0
3DFACE
8
C2
10
30.000
20
790.000
30
-320.2211
11
40.000
21
790.000
31
-318.3843
12
40.000
22
800.000
32
-314.7048
13
30.000
23
800.000
33
-316.1191
0
3DFACE
8
C2
10
40.000
20
790.000
30
-318.3843
11
50.000
21
790.000
31
-317.4063
12
50.000
22
800.000
32
-314.0422
13
40.000
23
800.000
33
-314.7048
0
3DFACE
8
C2
10
50.000
20
790.000
30
-317.4063
11
60.000
21
790.000
31
-318.2076
12
60.000
22
800.000
32
-314.9672
13
50.000
23
800.000
33
-314.0422
0
3DFACE
8
C2
10
60.000
20
790.000
30
-318.2076
11
70.000
21
790.000
31
-319.9860
12
70.000
22
800.000
32
-316.6228
13
60.000
23
800.000
33
-314.9672
0
3DFACE
8
C2
10
70.000
20
790.000
30
-319.9860
11
80.000
21
790.000
31
-320.8306
12
80.000
22
800.000
32
-317.7304
13
70.000
23
800.000
33
-316.6228
0
3DFACE
8
C2
10
80.000
20
790.000
30
-320.8306
11
90.000
21
790.000
31
-321.1695
12
90.000
22
800.000
32
-318.6952
13
80.000
23
800.000
33
-317.7304
0
3DFACE
8
C2
10
90.000
20
790.000
30
-321.1695
11
100.000
21
790.000
31
-322.2827
12
100.000
22
800.000
32
-320.3084
13
90.000
23
800.000
33
-318.6952
0
3DFACE
8
C2
10
100.000
20
790.000
30
-322.2827
11
110.000
21
790.000
31
-324.7482
12
110.000
22
800.000
32
-322.9811
13
100.000
23
800.000
33
-320.3084
0
3DFACE
8
C2
10
110.000
20
790.000
30
-324.7482
11
120.000
21
790.000
31
-327.8267
12
120.000
22
800.000
32
-326.1357
13
110.000
23
800.000
33
-322.9811
0
3DFACE
8
C2
10
120.000
20
790.000
30
-327.8267
11
130.000
21
790.000
31
-329.3876
12
130.000
22
800.000
32
-328.0526
13
120.000
23
800.000
33
-326.1357
0
3DFACE
8
C2
10
130.000
20
790.000
30
-329.3876
11
140.000
21
790.000
31
-329.6540
12
140.000
22
800.000
32
-329.0588
13
130.000
23
800.000
33
-328.0526
0
3DFACE
8
C2
10
140.000
20
790.000
30
-329.6540
11
150.000
21
790.000
31
-330.3131
12
150.000
22
800.000
32
-330.2473
13
140.000
23
800.000
33
-329.0588
0
3DFACE
8
C2
10
150.000
20
790.000
30
-330.3131
11
160.000
21
790.000
31
-331.4832
12
160.000
22
800.000
32
-331.7061
13
150.000
23
800.000
33
-330.2473
0
3DFACE
8
C2
10
160.000
20
790.000
30
-331.4832
11
170.000
21
790.000
31
-332.6243
12
170.000
22
800.000
32
-333.0878
13
160.000
23
800.000
33
-331.7061
0
3DFACE
8
C2
10
170.000
20
790.000
30
-332.6243
11
180.000
21
790.000
31
-332.8805
12
180.000
22
800.000
32
-333.6081
13
170.000
23
800.000
33
-333.0878
0
3DFACE
8
C2
10
180.000
20
790.000
30
-332.8805
11
190.000
21
790.000
31
-332.3635
12
190.000
22
800.000
32
-333.4777
13
180.000
23
800.000
33
-333.6081
0
3DFACE
8
C2
10
190.000
20
790.000
30
-332.3635
11
200.000
21
790.000
31
-332.3193
12
200.000
22
800.000
32
-333.6285
13
190.000
23
800.000
33
-333.4777
0
3DFACE
8
C2
10
200.000
20
790.000
30
-332.3193
11
210.000
21
790.000
31
-333.0104
12
210.000
22
800.000
32
-334.4603
13
200.000
23
800.000
33
-333.6285
0
3DFACE
8
C2
10
210.000
20
790.000
30
-333.0104
11
220.000
21
790.000
31
-333.7360
12
220.000
22
800.000
32
-335.2751
13
210.000
23
800.000
33
-334.4603
0
3DFACE
8
C2
10
220.000
20
790.000
30
-333.7360
11
230.000
21
790.000
31
-334.3061
12
230.000
22
800.000
32
-335.9279
13
220.000
23
800.000
33
-335.2751
0
3DFACE
8
C2
10
230.000
20
790.000
30
-334.3061
11
240.000
21
790.000
31
-334.5147
12
240.000
22
800.000
32
-336.1638
13
230.000
23
800.000
33
-335.9279
0
3DFACE
8
C2
10
240.000
20
790.000
30
-334.5147
11
250.000
21
790.000
31
-334.7479
12
250.000
22
800.000
32
-336.4217
13
240.000
23
800.000
33
-336.1638
0
3DFACE
8
C2
10
250.000
20
790.000
30
-334.7479
11
260.000
21
790.000
31
-334.9463
12
260.000
22
800.000
32
-336.6356
13
250.000
23
800.000
33
-336.4217
0
3DFACE
8
C2
10
260.000
20
790.000
30
-334.9463
11
270.000
21
790.000
31
-335.0607
12
270.000
22
800.000
32
-336.6665
13
260.000
23
800.000
33
-336.6356
0
3DFACE
8
C2
10
270.000
20
790.000
30
-335.0607
11
280.000
21
790.000
31
-334.8658
12
280.000
22
800.000
32
-336.3894
13
270.000
23
800.000
33
-336.6665
0
3DFACE
8
C2
10
280.000
20
790.000
30
-334.8658
11
290.000
21
790.000
31
-334.5847
12
290.000
22
800.000
32
-336.0543
13
280.000
23
800.000
33
-336.3894
0
3DFACE
8
C2
10
290.000
20
790.000
30
-334.5847
11
300.000
21
790.000
31
-334.0318
12
300.000
22
800.000
32
-335.4756
13
290.000
23
800.000
33
-336.0543
0
3DFACE
8
C2
10
300.000
20
790.000
30
-334.0318
11
310.000
21
790.000
31
-333.3980
12
310.000
22
800.000
32
-334.8526
13
300.000
23
800.000
33
-335.4756
0
3DFACE
8
C2
10
310.000
20
790.000
30
-333.3980
11
320.000
21
790.000
31
-332.7580
12
320.000
22
800.000
32
-334.3027
13
310.000
23
800.000
33
-334.8526
0
3DFACE
8
C2
10
320.000
20
790.000
30
-332.7580
11
330.000
21
790.000
31
-332.4136
12
330.000
22
800.000
32
-334.0751
13
320.000
23
800.000
33
-334.3027
0
3DFACE
8
C2
10
330.000
20
790.000
30
-332.4136
11
340.000
21
790.000
31
-332.0045
12
340.000
22
800.000
32
-333.9012
13
330.000
23
800.000
33
-334.0751
0
3DFACE
8
C2
10
340.000
20
790.000
30
-332.0045
11
350.000
21
790.000
31
-331.4482
12
350.000
22
800.000
32
-333.5841
13
340.000
23
800.000
33
-333.9012
0
3DFACE
8
C2
10
350.000
20
790.000
30
-331.4482
11
360.000
21
790.000
31
-330.7570
12
360.000
22
800.000
32
-333.1668
13
350.000
23
800.000
33
-333.5841
0
3DFACE
8
C2
10
360.000
20
790.000
30
-330.7570
11
370.000
21
790.000
31
-329.8525
12
370.000
22
800.000
32
-332.6398
13
360.000
23
800.000
33
-333.1668
0
3DFACE
8
C2
10
370.000
20
790.000
30
-329.8525
11
380.000
21
790.000
31
-329.4751
12
380.000
22
800.000
32
-332.4058
13
370.000
23
800.000
33
-332.6398
0
3DFACE
8
C2
10
380.000
20
790.000
30
-329.4751
11
390.000
21
790.000
31
-329.3019
12
390.000
22
800.000
32
-332.3138
13
380.000
23
800.000
33
-332.4058
0
3DFACE
8
C2
10
390.000
20
790.000
30
-329.3019
11
400.000
21
790.000
31
-328.6805
12
400.000
22
800.000
32
-331.7733
13
390.000
23
800.000
33
-332.3138
0
3DFACE
8
C2
10
400.000
20
790.000
30
-328.6805
11
410.000
21
790.000
31
-327.8815
12
410.000
22
800.000
32
-331.1061
13
400.000
23
800.000
33
-331.7733
0
3DFACE
8
C2
10
410.000
20
790.000
30
-327.8815
11
420.000
21
790.000
31
-326.3095
12
420.000
22
800.000
32
-329.8881
13
410.000
23
800.000
33
-331.1061
0
3DFACE
8
C2
10
420.000
20
790.000
30
-326.3095
11
430.000
21
790.000
31
-325.9509
12
430.000
22
800.000
32
-329.6281
13
420.000
23
800.000
33
-329.8881
0
3DFACE
8
C2
10
430.000
20
790.000
30
-325.9509
11
440.000
21
790.000
31
-326.7346
12
440.000
22
800.000
32
-330.2223
13
430.000
23
800.000
33
-329.6281
0
3DFACE
8
C2
10
440.000
20
790.000
30
-326.7346
11
450.000
21
790.000
31
-327.6186
12
450.000
22
800.000
32
-331.0982
13
440.000
23
800.000
33
-330.2223
0
3DFACE
8
C2
10
450.000
20
790.000
30
-327.6186
11
460.000
21
790.000
31
-328.1880
12
460.000
22
800.000
32
-331.7567
13
450.000
23
800.000
33
-331.0982
0
3DFACE
8
C2
10
460.000
20
790.000
30
-328.1880
11
470.000
21
790.000
31
-328.5528
12
470.000
22
800.000
32
-332.2214
13
460.000
23
800.000
33
-331.7567
0
3DFACE
8
C2
10
470.000
20
790.000
30
-328.5528
11
480.000
21
790.000
31
-329.1084
12
480.000
22
800.000
32
-332.6244
13
470.000
23
800.000
33
-332.2214
0
3DFACE
8
C2
10
480.000
20
790.000
30
-329.1084
11
490.000
21
790.000
31
-330.8108
12
490.000
22
800.000
32
-333.7930
13
480.000
23
800.000
33
-332.6244
0
3DFACE
8
C2
10
490.000
20
790.000
30
-330.8108
11
500.000
21
790.000
31
-331.5802
12
500.000
22
800.000
32
-334.2158
13
490.000
23
800.000
33
-333.7930
0
3DFACE
8
C2
10
500.000
20
790.000
30
-331.5802
11
510.000
21
790.000
31
-331.2604
12
510.000
22
800.000
32
-333.7573
13
500.000
23
800.000
33
-334.2158
0
3DFACE
8
C2
10
510.000
20
790.000
30
-331.2604
11
520.000
21
790.000
31
-330.3154
12
520.000
22
800.000
32
-332.9033
13
510.000
23
800.000
33
-333.7573
0
3DFACE
8
C2
10
520.000
20
790.000
30
-330.3154
11
530.000
21
790.000
31
-330.4053
12
530.000
22
800.000
32
-332.8933
13
520.000
23
800.000
33
-332.9033
0
3DFACE
8
C2
10
530.000
20
790.000
30
-330.4053
11
540.000
21
790.000
31
-331.5189
12
540.000
22
800.000
32
-333.8261
13
530.000
23
800.000
33
-332.8933
0
3DFACE
8
C2
10
540.000
20
790.000
30
-331.5189
11
550.000
21
790.000
31
-332.9467
12
550.000
22
800.000
32
-335.2298
13
540.000
23
800.000
33
-333.8261
0
3DFACE
8
C2
10
550.000
20
790.000
30
-332.9467
11
560.000
21
790.000
31
-334.1008
12
560.000
22
800.000
32
-336.5472
13
550.000
23
800.000
33
-335.2298
0
3DFACE
8
C2
10
560.000
20
790.000
30
-334.1008
11
570.000
21
790.000
31
-335.1056
12
570.000
22
800.000
32
-337.8226
13
560.000
23
800.000
33
-336.5472
0
3DFACE
8
C2
10
570.000
20
790.000
30
-335.1056
11
580.000
21
790.000
31
-337.3081
12
580.000
22
800.000
32
-340.1188
13
570.000
23
800.000
33
-337.8226
0
3DFACE
8
C2
10
580.000
20
790.000
30
-337.3081
11
590.000
21
790.000
31
-340.2151
12
590.000
22
800.000
32
-342.8093
13
580.000
23
800.000
33
-340.1188
0
3DFACE
8
C2
10
590.000
20
790.000
30
-340.2151
11
600.000
21
790.000
31
-341.7618
12
600.000
22
800.000
32
-344.4197
13
590.000
23
800.000
33
-342.8093
0
3DFACE
8
C2
10
600.000
20
790.000
30
-341.7618
11
610.000
21
790.000
31
-341.0101
12
610.000
22
800.000
32
-344.1271
13
600.000
23
800.000
33
-344.4197
0
3DFACE
8
C2
10
610.000
20
790.000
30
-341.0101
11
620.000
21
790.000
31
-337.9055
12
620.000
22
800.000
32
-341.9864
13
610.000
23
800.000
33
-344.1271
0
3DFACE
8
C2
10
620.000
20
790.000
30
-337.9055
11
630.000
21
790.000
31
-336.1129
12
630.000
22
800.000
32
-340.4724
13
620.000
23
800.000
33
-341.9864
0
3DFACE
8
C2
10
630.000
20
790.000
30
-336.1129
11
640.000
21
790.000
31
-334.4460
12
640.000
22
800.000
32
-338.7856
13
630.000
23
800.000
33
-340.4724
0
3DFACE
8
C2
10
640.000
20
790.000
30
-334.4460
11
650.000
21
790.000
31
-331.8602
12
650.000
22
800.000
32
-336.2252
13
640.000
23
800.000
33
-338.7856
0
3DFACE
8
C2
10
650.000
20
790.000
30
-331.8602
11
660.000
21
790.000
31
-328.4211
12
660.000
22
800.000
32
-333.1598
13
650.000
23
800.000
33
-336.2252
0
3DFACE
8
C2
10
660.000
20
790.000
30
-328.4211
11
670.000
21
790.000
31
-324.4352
12
670.000
22
800.000
32
-329.7318
13
660.000
23
800.000
33
-333.1598
0
3DFACE
8
C2
10
670.000
20
790.000
30
-324.4352
11
680.000
21
790.000
31
-322.0936
12
680.000
22
800.000
32
-327.6076
13
670.000
23
800.000
33
-329.7318
0
3DFACE
8
C2
10
680.000
20
790.000
30
-322.0936
11
690.000
21
790.000
31
-321.8414
12
690.000
22
800.000
32
-327.0795
13
680.000
23
800.000
33
-327.6076
0
3DFACE
8
C2
10
690.000
20
790.000
30
-321.8414
11
700.000
21
790.000
31
-320.3405
12
700.000
22
800.000
32
-325.8924
13
690.000
23
800.000
33
-327.0795
0
ENDSEC
0
EOF
