0
SECTION
2
ENTITIES
0
3DFACE
8
A1
10
-3.44990
20
3.47965
30
-7.07441
11
-3.32037
21
3.52996
31
-7.08088
12
-3.27593
22
3.40700
32
-7.02581
13
-3.40546
23
3.35677
33
-7.01923
0
3DFACE
8
A1
10
-3.32037
20
3.52996
30
-7.08088
11
-3.19108
21
3.58483
31
-7.08168
12
-3.14664
22
3.46187
32
-7.02660
13
-3.27593
23
3.40700
33
-7.02581
0
3DFACE
8
A1
10
-3.19108
20
3.58483
30
-7.08168
11
-3.06205
21
3.64426
31
-7.07680
12
-3.01761
22
3.52139
32
-7.02162
13
-3.14664
23
3.46187
33
-7.02660
0
3DFACE
8
A1
10
-3.06205
20
3.64426
30
-7.07680
11
-2.93301
21
3.70377
31
-7.07182
12
-2.88857
22
3.58082
32
-7.01674
13
-3.01761
23
3.52139
33
-7.02162
0
3DFACE
8
A1
10
-2.93301
20
3.70377
30
-7.07182
11
-2.80397
21
3.76320
31
-7.06694
12
-2.75954
22
3.64033
32
-7.01176
13
-2.88857
23
3.58082
33
-7.01674
0
3DFACE
8
A1
10
-2.80397
20
3.76320
30
-7.06694
11
-2.67494
21
3.82272
31
-7.06196
12
-2.63050
22
3.69976
32
-7.00689
13
-2.75954
23
3.64033
33
-7.01176
0
3DFACE
8
A1
10
-2.67494
20
3.82272
30
-7.06196
11
-2.54590
21
3.88215
31
-7.05709
12
-2.50146
22
3.75919
32
-7.00201
13
-2.63050
23
3.69976
33
-7.00689
0
3DFACE
8
A1
10
-2.54590
20
3.88215
30
-7.05709
11
-2.41687
21
3.94166
31
-7.05210
12
-2.37243
22
3.81870
32
-6.99703
13
-2.50146
23
3.75919
33
-7.00201
0
3DFACE
8
A1
10
-2.41687
20
3.94166
30
-7.05210
11
-2.28783
21
4.00109
31
-7.04723
12
-2.24339
22
3.87813
32
-6.99215
13
-2.37243
23
3.81870
33
-6.99703
0
3DFACE
8
A1
10
-2.28783
20
4.00109
30
-7.04723
11
-2.15879
21
4.06060
31
-7.04225
12
-2.11435
22
3.93764
32
-6.98717
13
-2.24339
23
3.87813
33
-6.99215
0
3DFACE
8
A1
10
-2.15879
20
4.06060
30
-7.04225
11
-2.02975
21
4.12003
31
-7.03737
12
-1.98532
22
3.99707
32
-6.98230
13
-2.11435
23
3.93764
33
-6.98717
0
3DFACE
8
A1
10
-2.02975
20
4.12003
30
-7.03737
11
-1.90072
21
4.17955
31
-7.03239
12
-1.85628
22
4.05659
32
-6.97731
13
-1.98532
23
3.99707
33
-6.98230
0
3DFACE
8
A1
10
-1.90072
20
4.17955
30
-7.03239
11
-1.77168
21
4.23897
31
-7.02751
12
-1.72724
22
4.11601
32
-6.97244
13
-1.85628
23
4.05659
33
-6.97731
0
3DFACE
8
A1
10
-1.77168
20
4.23897
30
-7.02751
11
-1.64265
21
4.29849
31
-7.02253
12
-1.59821
22
4.17553
32
-6.96746
13
-1.72724
23
4.11601
33
-6.97244
0
3DFACE
8
A1
10
-1.64265
20
4.29849
30
-7.02253
11
-1.51361
21
4.35792
31
-7.01766
12
-1.46917
22
4.23496
32
-6.96258
13
-1.59821
23
4.17553
33
-6.96746
0
3DFACE
8
A1
10
-1.51361
20
4.35792
30
-7.01766
11
-1.38457
21
4.41743
31
-7.01268
12
-1.34014
22
4.29447
32
-6.95760
13
-1.46917
23
4.23496
33
-6.96258
0
3DFACE
8
A1
10
-1.38457
20
4.41743
30
-7.01268
11
-1.25554
21
4.47686
31
-7.00780
12
-1.21110
22
4.35390
32
-6.95273
13
-1.34014
23
4.29447
33
-6.95760
0
3DFACE
8
A1
10
-1.25554
20
4.47686
30
-7.00780
11
-1.12650
21
4.53637
31
-7.00282
12
-1.08206
22
4.41341
32
-6.94774
13
-1.21110
23
4.35390
33
-6.95273
0
3DFACE
8
A1
10
-1.12650
20
4.53637
30
-7.00282
11
-0.99746
21
4.59580
31
-6.99794
12
-0.95302
22
4.47284
32
-6.94287
13
-1.08206
23
4.41341
33
-6.94774
0
3DFACE
8
A1
10
-0.99746
20
4.59580
30
-6.99794
11
-0.86843
21
4.65532
31
-6.99296
12
-0.82399
22
4.53236
32
-6.93789
13
-0.95302
23
4.47284
33
-6.94287
0
3DFACE
8
A1
10
-0.86843
20
4.65532
30
-6.99296
11
-0.73939
21
4.71474
31
-6.98809
12
-0.69495
22
4.59178
32
-6.93301
13
-0.82399
23
4.53236
33
-6.93789
0
3DFACE
8
A1
10
-0.73939
20
4.71474
30
-6.98809
11
-0.61036
21
4.77426
31
-6.98310
12
-0.56592
22
4.65130
32
-6.92803
13
-0.69495
23
4.59178
33
-6.93301
0
3DFACE
8
A1
10
-0.61036
20
4.77426
30
-6.98310
11
-0.48132
21
4.83369
31
-6.97823
12
-0.43688
22
4.71073
32
-6.92315
13
-0.56592
23
4.65130
33
-6.92803
0
3DFACE
8
A1
10
-0.48132
20
4.83369
30
-6.97823
11
-0.35228
21
4.89320
31
-6.97325
12
-0.30784
22
4.77024
32
-6.91817
13
-0.43688
23
4.71073
33
-6.92315
0
3DFACE
8
A1
10
-0.35228
20
4.89320
30
-6.97325
11
-0.22325
21
4.95263
31
-6.96837
12
-0.17881
22
4.82967
32
-6.91330
13
-0.30784
23
4.77024
33
-6.91817
0
3DFACE
8
A1
10
-0.22325
20
4.95263
30
-6.96837
11
-0.09421
21
5.01214
31
-6.96339
12
-0.04977
22
4.88918
32
-6.90831
13
-0.17881
23
4.82967
33
-6.91330
0
3DFACE
8
A1
10
-0.09421
20
5.01214
30
-6.96339
11
0.03483
21
5.07157
31
-6.95851
12
0.07927
22
4.94861
32
-6.90344
13
-0.04977
23
4.88918
33
-6.90831
0
3DFACE
8
A1
10
0.03483
20
5.07157
30
-6.95851
11
0.16386
21
5.13109
31
-6.95353
12
0.20830
22
5.00813
32
-6.89846
13
0.07927
23
4.94861
33
-6.90344
0
3DFACE
8
A1
10
0.16386
20
5.13109
30
-6.95353
11
0.29290
21
5.19051
31
-6.94866
12
0.33734
22
5.06755
32
-6.89358
13
0.20830
23
5.00813
33
-6.89846
0
3DFACE
8
A1
10
-3.40546
20
3.35677
30
-7.01923
11
-3.27593
21
3.40700
31
-7.02581
12
-3.23109
22
3.27665
32
-6.97993
13
-3.36062
23
3.22642
33
-6.97336
0
3DFACE
8
A1
10
-3.27593
20
3.40700
30
-7.02581
11
-3.14664
21
3.46187
31
-7.02660
12
-3.10181
22
3.33152
32
-6.98073
13
-3.23109
23
3.27665
33
-6.97993
0
3DFACE
8
A1
10
-3.14664
20
3.46187
30
-7.02660
11
-3.01761
21
3.52139
31
-7.02162
12
-2.97277
22
3.39103
32
-6.97574
13
-3.10181
23
3.33152
33
-6.98073
0
3DFACE
8
A1
10
-3.01761
20
3.52139
30
-7.02162
11
-2.88857
21
3.58082
31
-7.01674
12
-2.84374
22
3.45046
32
-6.97087
13
-2.97277
23
3.39103
33
-6.97574
0
3DFACE
8
A1
10
-2.88857
20
3.58082
30
-7.01674
11
-2.75954
21
3.64033
31
-7.01176
12
-2.71470
22
3.50998
32
-6.96589
13
-2.84374
23
3.45046
33
-6.97087
0
3DFACE
8
A1
10
-2.75954
20
3.64033
30
-7.01176
11
-2.63050
21
3.69976
31
-7.00689
12
-2.58566
22
3.56940
32
-6.96101
13
-2.71470
23
3.50998
33
-6.96589
0
3DFACE
8
A1
10
-2.63050
20
3.69976
30
-7.00689
11
-2.50146
21
3.75919
31
-7.00201
12
-2.45663
22
3.62892
32
-6.95603
13
-2.58566
23
3.56940
33
-6.96101
0
3DFACE
8
A1
10
-2.50146
20
3.75919
30
-7.00201
11
-2.37243
21
3.81870
31
-6.99703
12
-2.32759
22
3.68835
32
-6.95116
13
-2.45663
23
3.62892
33
-6.95603
0
3DFACE
8
A1
10
-2.37243
20
3.81870
30
-6.99703
11
-2.24339
21
3.87813
31
-6.99215
12
-2.19856
22
3.74786
32
-6.94617
13
-2.32759
23
3.68835
33
-6.95116
0
3DFACE
8
A1
10
-2.24339
20
3.87813
30
-6.99215
11
-2.11435
21
3.93764
31
-6.98717
12
-2.06952
22
3.80729
32
-6.94130
13
-2.19856
23
3.74786
33
-6.94617
0
3DFACE
8
A1
10
-2.11435
20
3.93764
30
-6.98717
11
-1.98532
21
3.99707
31
-6.98230
12
-1.94048
22
3.86680
32
-6.93632
13
-2.06952
23
3.80729
33
-6.94130
0
3DFACE
8
A1
10
-1.98532
20
3.99707
30
-6.98230
11
-1.85628
21
4.05659
31
-6.97731
12
-1.81144
22
3.92623
32
-6.93144
13
-1.94048
23
3.86680
33
-6.93632
0
3DFACE
8
A1
10
-1.85628
20
4.05659
30
-6.97731
11
-1.72724
21
4.11601
31
-6.97244
12
-1.68241
22
3.98575
32
-6.92646
13
-1.81144
23
3.92623
33
-6.93144
0
3DFACE
8
A1
10
-1.72724
20
4.11601
30
-6.97244
11
-1.59821
21
4.17553
31
-6.96746
12
-1.55337
22
4.04517
32
-6.92158
13
-1.68241
23
3.98575
33
-6.92646
0
3DFACE
8
A1
10
-1.59821
20
4.17553
30
-6.96746
11
-1.46917
21
4.23496
31
-6.96258
12
-1.42434
22
4.10469
32
-6.91660
13
-1.55337
23
4.04517
33
-6.92158
0
3DFACE
8
A1
10
-1.46917
20
4.23496
30
-6.96258
11
-1.34014
21
4.29447
31
-6.95760
12
-1.29530
22
4.16412
32
-6.91173
13
-1.42434
23
4.10469
33
-6.91660
0
3DFACE
8
A1
10
-1.34014
20
4.29447
30
-6.95760
11
-1.21110
21
4.35390
31
-6.95273
12
-1.16626
22
4.22355
32
-6.90685
13
-1.29530
23
4.16412
33
-6.91173
0
3DFACE
8
A1
10
-1.21110
20
4.35390
30
-6.95273
11
-1.08206
21
4.41341
31
-6.94774
12
-1.03723
22
4.28306
32
-6.90187
13
-1.16626
23
4.22355
33
-6.90685
0
3DFACE
8
A1
10
-1.08206
20
4.41341
30
-6.94774
11
-0.95302
21
4.47284
31
-6.94287
12
-0.90819
22
4.34249
32
-6.89699
13
-1.03723
23
4.28306
33
-6.90187
0
3DFACE
8
A1
10
-0.95302
20
4.47284
30
-6.94287
11
-0.82399
21
4.53236
31
-6.93789
12
-0.77915
22
4.40200
32
-6.89201
13
-0.90819
23
4.34249
33
-6.89699
0
3DFACE
8
A1
10
-0.82399
20
4.53236
30
-6.93789
11
-0.69495
21
4.59178
31
-6.93301
12
-0.65011
22
4.46143
32
-6.88714
13
-0.77915
23
4.40200
33
-6.89201
0
3DFACE
8
A1
10
-0.69495
20
4.59178
30
-6.93301
11
-0.56592
21
4.65130
31
-6.92803
12
-0.52108
22
4.52094
32
-6.88216
13
-0.65011
23
4.46143
33
-6.88714
0
3DFACE
8
A1
10
-0.56592
20
4.65130
30
-6.92803
11
-0.43688
21
4.71073
31
-6.92315
12
-0.39204
22
4.58037
32
-6.87728
13
-0.52108
23
4.52094
33
-6.88216
0
3DFACE
8
A1
10
-0.43688
20
4.71073
30
-6.92315
11
-0.30784
21
4.77024
31
-6.91817
12
-0.26301
22
4.63989
32
-6.87230
13
-0.39204
23
4.58037
33
-6.87728
0
3DFACE
8
A1
10
-0.30784
20
4.77024
30
-6.91817
11
-0.17881
21
4.82967
31
-6.91330
12
-0.13397
22
4.69932
32
-6.86742
13
-0.26301
23
4.63989
33
-6.87230
0
3DFACE
8
A1
10
-0.17881
20
4.82967
30
-6.91330
11
-0.04977
21
4.88918
31
-6.90831
12
-0.00494
22
4.75883
32
-6.86244
13
-0.13397
23
4.69932
33
-6.86742
0
3DFACE
8
A1
10
-0.04977
20
4.88918
30
-6.90831
11
0.07927
21
4.94861
31
-6.90344
12
0.12410
22
4.81826
32
-6.85757
13
-0.00494
23
4.75883
33
-6.86244
0
3DFACE
8
A1
10
0.07927
20
4.94861
30
-6.90344
11
0.20830
21
5.00813
31
-6.89846
12
0.25314
22
4.87777
32
-6.85258
13
0.12410
23
4.81826
33
-6.85757
0
3DFACE
8
A1
10
0.20830
20
5.00813
30
-6.89846
11
0.33734
21
5.06755
31
-6.89358
12
0.38218
22
4.93720
32
-6.84771
13
0.25314
23
4.87777
33
-6.85258
0
3DFACE
8
A1
10
0.33734
20
5.06755
30
-6.89358
11
0.46637
21
5.12707
31
-6.88860
12
0.51121
22
4.99671
32
-6.84273
13
0.38218
23
4.93720
33
-6.84771
0
3DFACE
8
A1
10
-3.36062
20
3.22642
30
-6.97336
11
-3.23109
21
3.27665
31
-6.97993
12
-3.18624
22
3.14595
32
-6.93449
13
-3.31582
23
3.09667
33
-6.92674
0
3DFACE
8
A1
10
-3.23109
20
3.27665
30
-6.97993
11
-3.10181
21
3.33152
31
-6.98073
12
-3.05689
22
3.19970
32
-6.93667
13
-3.18624
23
3.14595
33
-6.93449
0
3DFACE
8
A1
10
-3.10181
20
3.33152
30
-6.98073
11
-2.97277
21
3.39103
31
-6.97574
12
-2.92778
22
3.25767
32
-6.93362
13
-3.05689
23
3.19970
33
-6.93667
0
3DFACE
8
A1
10
-2.97277
20
3.39103
30
-6.97574
11
-2.84374
21
3.45046
31
-6.97087
12
-2.79867
22
3.31589
32
-6.93024
13
-2.92778
23
3.25767
33
-6.93362
0
3DFACE
8
A1
10
-2.84374
20
3.45046
30
-6.97087
11
-2.71470
21
3.50998
31
-6.96589
12
-2.66957
22
3.37420
32
-6.92675
13
-2.79867
23
3.31589
33
-6.93024
0
3DFACE
8
A1
10
-2.71470
20
3.50998
30
-6.96589
11
-2.58566
21
3.56940
31
-6.96101
12
-2.54049
22
3.43277
32
-6.92295
13
-2.66957
23
3.37420
33
-6.92675
0
3DFACE
8
A1
10
-2.58566
20
3.56940
30
-6.96101
11
-2.45663
21
3.62892
31
-6.95603
12
-2.41141
22
3.49151
32
-6.91893
13
-2.54049
23
3.43277
33
-6.92295
0
3DFACE
8
A1
10
-2.45663
20
3.62892
30
-6.95603
11
-2.32759
21
3.68835
31
-6.95116
12
-2.28236
22
3.55060
32
-6.91448
13
-2.41141
23
3.49151
33
-6.91893
0
3DFACE
8
A1
10
-2.32759
20
3.68835
30
-6.95116
11
-2.19856
21
3.74786
31
-6.94617
12
-2.15332
22
3.61003
32
-6.90961
13
-2.28236
23
3.55060
33
-6.91448
0
3DFACE
8
A1
10
-2.19856
20
3.74786
30
-6.94617
11
-2.06952
21
3.80729
31
-6.94130
12
-2.02428
22
3.66954
32
-6.90463
13
-2.15332
23
3.61003
33
-6.90961
0
3DFACE
8
A1
10
-2.06952
20
3.80729
30
-6.94130
11
-1.94048
21
3.86680
31
-6.93632
12
-1.89525
22
3.72897
32
-6.89975
13
-2.02428
23
3.66954
33
-6.90463
0
3DFACE
8
A1
10
-1.94048
20
3.86680
30
-6.93632
11
-1.81144
21
3.92623
31
-6.93144
12
-1.76621
22
3.78848
32
-6.89477
13
-1.89525
23
3.72897
33
-6.89975
0
3DFACE
8
A1
10
-1.81144
20
3.92623
30
-6.93144
11
-1.68241
21
3.98575
31
-6.92646
12
-1.63717
22
3.84791
32
-6.88989
13
-1.76621
23
3.78848
33
-6.89477
0
3DFACE
8
A1
10
-1.68241
20
3.98575
30
-6.92646
11
-1.55337
21
4.04517
31
-6.92158
12
-1.50814
22
3.90743
32
-6.88491
13
-1.63717
23
3.84791
33
-6.88989
0
3DFACE
8
A1
10
-1.55337
20
4.04517
30
-6.92158
11
-1.42434
21
4.10469
31
-6.91660
12
-1.37910
22
3.96685
32
-6.88004
13
-1.50814
23
3.90743
33
-6.88491
0
3DFACE
8
A1
10
-1.42434
20
4.10469
30
-6.91660
11
-1.29530
21
4.16412
31
-6.91173
12
-1.25007
22
4.02637
32
-6.87505
13
-1.37910
23
3.96685
33
-6.88004
0
3DFACE
8
A1
10
-1.29530
20
4.16412
30
-6.91173
11
-1.16626
21
4.22355
31
-6.90685
12
-1.12103
22
4.08580
32
-6.87018
13
-1.25007
23
4.02637
33
-6.87505
0
3DFACE
8
A1
10
-1.16626
20
4.22355
30
-6.90685
11
-1.03723
21
4.28306
31
-6.90187
12
-0.99199
22
4.14531
32
-6.86520
13
-1.12103
23
4.08580
33
-6.87018
0
3DFACE
8
A1
10
-1.03723
20
4.28306
30
-6.90187
11
-0.90819
21
4.34249
31
-6.89699
12
-0.86295
22
4.20474
32
-6.86032
13
-0.99199
23
4.14531
33
-6.86520
0
3DFACE
8
A1
10
-0.90819
20
4.34249
30
-6.89699
11
-0.77915
21
4.40200
31
-6.89201
12
-0.73392
22
4.26425
32
-6.85534
13
-0.86295
23
4.20474
33
-6.86032
0
3DFACE
8
A1
10
-0.77915
20
4.40200
30
-6.89201
11
-0.65011
21
4.46143
31
-6.88714
12
-0.60488
22
4.32368
32
-6.85047
13
-0.73392
23
4.26425
33
-6.85534
0
3DFACE
8
A1
10
-0.65011
20
4.46143
30
-6.88714
11
-0.52108
21
4.52094
31
-6.88216
12
-0.47585
22
4.38320
32
-6.84548
13
-0.60488
23
4.32368
33
-6.85047
0
3DFACE
8
A1
10
-0.52108
20
4.52094
30
-6.88216
11
-0.39204
21
4.58037
31
-6.87728
12
-0.34681
22
4.44262
32
-6.84061
13
-0.47585
23
4.38320
33
-6.84548
0
3DFACE
8
A1
10
-0.39204
20
4.58037
30
-6.87728
11
-0.26301
21
4.63989
31
-6.87230
12
-0.21777
22
4.50214
32
-6.83563
13
-0.34681
23
4.44262
33
-6.84061
0
3DFACE
8
A1
10
-0.26301
20
4.63989
30
-6.87230
11
-0.13397
21
4.69932
31
-6.86742
12
-0.08874
22
4.56157
32
-6.83075
13
-0.21777
23
4.50214
33
-6.83563
0
3DFACE
8
A1
10
-0.13397
20
4.69932
30
-6.86742
11
-0.00494
21
4.75883
31
-6.86244
12
0.04030
22
4.62108
32
-6.82577
13
-0.08874
23
4.56157
33
-6.83075
0
3DFACE
8
A1
10
-0.00494
20
4.75883
30
-6.86244
11
0.12410
21
4.81826
31
-6.85757
12
0.16934
22
4.68051
32
-6.82089
13
0.04030
23
4.62108
33
-6.82577
0
3DFACE
8
A1
10
0.12410
20
4.81826
30
-6.85757
11
0.25314
21
4.87777
31
-6.85258
12
0.29837
22
4.74002
32
-6.81591
13
0.16934
23
4.68051
33
-6.82089
0
3DFACE
8
A1
10
0.25314
20
4.87777
30
-6.85258
11
0.38218
21
4.93720
31
-6.84771
12
0.42741
22
4.79945
32
-6.81104
13
0.29837
23
4.74002
33
-6.81591
0
3DFACE
8
A1
10
0.38218
20
4.93720
30
-6.84771
11
0.51121
21
4.99671
31
-6.84273
12
0.55644
22
4.85897
32
-6.80605
13
0.42741
23
4.79945
33
-6.81104
0
3DFACE
8
A1
10
0.51121
20
4.99671
30
-6.84273
11
0.64025
21
5.05614
31
-6.83785
12
0.68548
22
4.91839
32
-6.80118
13
0.55644
23
4.85897
33
-6.80605
0
3DFACE
8
A1
10
-3.31582
20
3.09667
30
-6.92674
11
-3.18624
21
3.14595
31
-6.93449
12
-3.14118
22
3.01147
32
-6.89375
13
-3.27072
23
2.96133
33
-6.88707
0
3DFACE
8
A1
10
-3.18624
20
3.14595
30
-6.93449
11
-3.05689
21
3.19970
31
-6.93667
12
-3.01187
22
3.06591
32
-6.89508
13
-3.14118
23
3.01147
33
-6.89375
0
3DFACE
8
A1
10
-3.05689
20
3.19970
30
-6.93667
11
-2.92778
21
3.25767
31
-6.93362
12
-2.88277
22
3.12422
32
-6.89159
13
-3.01187
23
3.06591
33
-6.89508
0
3DFACE
8
A1
10
-2.92778
20
3.25767
30
-6.93362
11
-2.79867
21
3.31589
31
-6.93024
12
-2.75362
22
3.18150
32
-6.88939
13
-2.88277
23
3.12422
33
-6.89159
0
3DFACE
8
A1
10
-2.79867
20
3.31589
30
-6.93024
11
-2.66957
21
3.37420
31
-6.92675
12
-2.62449
22
3.23921
32
-6.88666
13
-2.75362
23
3.18150
33
-6.88939
0
3DFACE
8
A1
10
-2.66957
20
3.37420
30
-6.92675
11
-2.54049
21
3.43277
31
-6.92295
12
-2.49537
22
3.29717
32
-6.88360
13
-2.62449
23
3.23921
33
-6.88666
0
3DFACE
8
A1
10
-2.54049
20
3.43277
30
-6.92295
11
-2.41141
21
3.49151
31
-6.91893
12
-2.36626
22
3.35523
32
-6.88044
13
-2.49537
23
3.29717
33
-6.88360
0
3DFACE
8
A1
10
-2.41141
20
3.49151
30
-6.91893
11
-2.28236
21
3.55060
31
-6.91448
12
-2.23718
22
3.41397
32
-6.87642
13
-2.36626
23
3.35523
33
-6.88044
0
3DFACE
8
A1
10
-2.28236
20
3.55060
30
-6.91448
11
-2.15332
21
3.61003
31
-6.90961
12
-2.10813
22
3.47305
32
-6.87197
13
-2.23718
23
3.41397
33
-6.87642
0
3DFACE
8
A1
10
-2.15332
20
3.61003
30
-6.90961
11
-2.02428
21
3.66954
31
-6.90463
12
-1.97907
22
3.53214
32
-6.86753
13
-2.10813
23
3.47305
33
-6.87197
0
3DFACE
8
A1
10
-2.02428
20
3.66954
30
-6.90463
11
-1.89525
21
3.72897
31
-6.89975
12
-1.85001
22
3.59122
32
-6.86308
13
-1.97907
23
3.53214
33
-6.86753
0
3DFACE
8
A1
10
-1.89525
20
3.72897
30
-6.89975
11
-1.76621
21
3.78848
31
-6.89477
12
-1.72098
22
3.65073
32
-6.85810
13
-1.85001
23
3.59122
33
-6.86308
0
3DFACE
8
A1
10
-1.76621
20
3.78848
30
-6.89477
11
-1.63717
21
3.84791
31
-6.88989
12
-1.59194
22
3.71016
32
-6.85322
13
-1.72098
23
3.65073
33
-6.85810
0
3DFACE
8
A1
10
-1.63717
20
3.84791
30
-6.88989
11
-1.50814
21
3.90743
31
-6.88491
12
-1.46291
22
3.76968
32
-6.84824
13
-1.59194
23
3.71016
33
-6.85322
0
3DFACE
8
A1
10
-1.50814
20
3.90743
30
-6.88491
11
-1.37910
21
3.96685
31
-6.88004
12
-1.33387
22
3.82910
32
-6.84336
13
-1.46291
23
3.76968
33
-6.84824
0
3DFACE
8
A1
10
-1.37910
20
3.96685
30
-6.88004
11
-1.25007
21
4.02637
31
-6.87505
12
-1.20483
22
3.88862
32
-6.83838
13
-1.33387
23
3.82910
33
-6.84336
0
3DFACE
8
A1
10
-1.25007
20
4.02637
30
-6.87505
11
-1.12103
21
4.08580
31
-6.87018
12
-1.07579
22
3.94805
32
-6.83351
13
-1.20483
23
3.88862
33
-6.83838
0
3DFACE
8
A1
10
-1.12103
20
4.08580
30
-6.87018
11
-0.99199
21
4.14531
31
-6.86520
12
-0.94676
22
4.00756
32
-6.82853
13
-1.07579
23
3.94805
33
-6.83351
0
3DFACE
8
A1
10
-0.99199
20
4.14531
30
-6.86520
11
-0.86295
21
4.20474
31
-6.86032
12
-0.81772
22
4.06699
32
-6.82365
13
-0.94676
23
4.00756
33
-6.82853
0
3DFACE
8
A1
10
-0.86295
20
4.20474
30
-6.86032
11
-0.73392
21
4.26425
31
-6.85534
12
-0.68869
22
4.12650
32
-6.81867
13
-0.81772
23
4.06699
33
-6.82365
0
3DFACE
8
A1
10
-0.73392
20
4.26425
30
-6.85534
11
-0.60488
21
4.32368
31
-6.85047
12
-0.55965
22
4.18593
32
-6.81379
13
-0.68869
23
4.12650
33
-6.81867
0
3DFACE
8
A1
10
-0.60488
20
4.32368
30
-6.85047
11
-0.47585
21
4.38320
31
-6.84548
12
-0.43061
22
4.24545
32
-6.80881
13
-0.55965
23
4.18593
33
-6.81379
0
3DFACE
8
A1
10
-0.47585
20
4.38320
30
-6.84548
11
-0.34681
21
4.44262
31
-6.84061
12
-0.30158
22
4.30488
32
-6.80394
13
-0.43061
23
4.24545
33
-6.80881
0
3DFACE
8
A1
10
-0.34681
20
4.44262
30
-6.84061
11
-0.21777
21
4.50214
31
-6.83563
12
-0.17254
22
4.36439
32
-6.79895
13
-0.30158
23
4.30488
33
-6.80394
0
3DFACE
8
A1
10
-0.21777
20
4.50214
30
-6.83563
11
-0.08874
21
4.56157
31
-6.83075
12
-0.04350
22
4.42382
32
-6.79408
13
-0.17254
23
4.36439
33
-6.79895
0
3DFACE
8
A1
10
-0.08874
20
4.56157
30
-6.83075
11
0.04030
21
4.62108
31
-6.82577
12
0.08553
22
4.48333
32
-6.78910
13
-0.04350
23
4.42382
33
-6.79408
0
3DFACE
8
A1
10
0.04030
20
4.62108
30
-6.82577
11
0.16934
21
4.68051
31
-6.82089
12
0.21457
22
4.54276
32
-6.78422
13
0.08553
23
4.48333
33
-6.78910
0
3DFACE
8
A1
10
0.16934
20
4.68051
30
-6.82089
11
0.29837
21
4.74002
31
-6.81591
12
0.34360
22
4.60227
32
-6.77924
13
0.21457
23
4.54276
33
-6.78422
0
3DFACE
8
A1
10
0.29837
20
4.74002
30
-6.81591
11
0.42741
21
4.79945
31
-6.81104
12
0.47264
22
4.66170
32
-6.77436
13
0.34360
23
4.60227
33
-6.77924
0
3DFACE
8
A1
10
0.42741
20
4.79945
30
-6.81104
11
0.55644
21
4.85897
31
-6.80605
12
0.60168
22
4.72122
32
-6.76938
13
0.47264
23
4.66170
33
-6.77436
0
3DFACE
8
A1
10
0.55644
20
4.85897
30
-6.80605
11
0.68548
21
4.91839
31
-6.80118
12
0.73072
22
4.78065
32
-6.76451
13
0.60168
23
4.72122
33
-6.76938
0
3DFACE
8
A1
10
0.68548
20
4.91839
30
-6.80118
11
0.81452
21
4.97791
31
-6.79620
12
0.85975
22
4.84016
32
-6.75953
13
0.73072
23
4.78065
33
-6.76451
0
3DFACE
8
A1
10
-3.27072
20
2.96133
30
-6.88707
11
-3.14118
21
3.01147
31
-6.89375
12
-3.09612
22
2.87690
32
-6.85312
13
-3.22561
23
2.82599
33
-6.84740
0
3DFACE
8
A1
10
-3.14118
20
3.01147
30
-6.89375
11
-3.01187
21
3.06591
31
-6.89508
12
-2.96685
22
2.93203
32
-6.85359
13
-3.09612
23
2.87690
33
-6.85312
0
3DFACE
8
A1
10
-3.01187
20
3.06591
30
-6.89508
11
-2.88277
21
3.12422
31
-6.89159
12
-2.83777
22
2.99068
32
-6.84968
13
-2.96685
23
2.93203
33
-6.85359
0
3DFACE
8
A1
10
-2.88277
20
3.12422
30
-6.89159
11
-2.75362
21
3.18150
31
-6.88939
12
-2.70855
22
3.04685
32
-6.84887
13
-2.83777
23
2.99068
33
-6.84968
0
3DFACE
8
A1
10
-2.75362
20
3.18150
30
-6.88939
11
-2.62449
21
3.23921
31
-6.88666
12
-2.57940
22
3.10412
32
-6.84667
13
-2.70855
23
3.04685
33
-6.84887
0
3DFACE
8
A1
10
-2.62449
20
3.23921
30
-6.88666
11
-2.49537
21
3.29717
31
-6.88360
12
-2.45026
22
3.16175
32
-6.84404
13
-2.57940
23
3.10412
33
-6.84667
0
3DFACE
8
A1
10
-2.49537
20
3.29717
30
-6.88360
11
-2.36626
21
3.35523
31
-6.88044
12
-2.32113
22
3.21946
32
-6.84131
13
-2.45026
23
3.16175
33
-6.84404
0
3DFACE
8
A1
10
-2.36626
20
3.35523
30
-6.88044
11
-2.23718
21
3.41397
31
-6.87642
12
-2.19206
22
3.27820
32
-6.83729
13
-2.32113
23
3.21946
33
-6.84131
0
3DFACE
8
A1
10
-2.23718
20
3.41397
30
-6.87642
11
-2.10813
21
3.47305
31
-6.87197
12
-2.06299
22
3.33719
32
-6.83295
13
-2.19206
23
3.27820
33
-6.83729
0
3DFACE
8
A1
10
-2.10813
20
3.47305
30
-6.87197
11
-1.97907
21
3.53214
31
-6.86753
12
-1.93391
22
3.39576
32
-6.82914
13
-2.06299
23
3.33719
33
-6.83295
0
3DFACE
8
A1
10
-1.97907
20
3.53214
30
-6.86753
11
-1.85001
21
3.59122
31
-6.86308
12
-1.80483
22
3.45450
32
-6.82512
13
-1.93391
23
3.39576
33
-6.82914
0
3DFACE
8
A1
10
-1.85001
20
3.59122
30
-6.86308
11
-1.72098
21
3.65073
31
-6.85810
12
-1.67577
22
3.51350
32
-6.82078
13
-1.80483
23
3.45450
33
-6.82512
0
3DFACE
8
A1
10
-1.72098
20
3.65073
30
-6.85810
11
-1.59194
21
3.71016
31
-6.85322
12
-1.54672
22
3.57267
32
-6.81623
13
-1.67577
23
3.51350
33
-6.82078
0
3DFACE
8
A1
10
-1.59194
20
3.71016
30
-6.85322
11
-1.46291
21
3.76968
31
-6.84824
12
-1.41767
22
3.63184
32
-6.81167
13
-1.54672
23
3.57267
33
-6.81623
0
3DFACE
8
A1
10
-1.46291
20
3.76968
30
-6.84824
11
-1.33387
21
3.82910
31
-6.84336
12
-1.28863
22
3.69136
32
-6.80669
13
-1.41767
23
3.63184
33
-6.81167
0
3DFACE
8
A1
10
-1.33387
20
3.82910
30
-6.84336
11
-1.20483
21
3.88862
31
-6.83838
12
-1.15959
22
3.75078
32
-6.80182
13
-1.28863
23
3.69136
33
-6.80669
0
3DFACE
8
A1
10
-1.20483
20
3.88862
30
-6.83838
11
-1.07579
21
3.94805
31
-6.83351
12
-1.03056
22
3.81030
32
-6.79684
13
-1.15959
23
3.75078
33
-6.80182
0
3DFACE
8
A1
10
-1.07579
20
3.94805
30
-6.83351
11
-0.94676
21
4.00756
31
-6.82853
12
-0.90152
22
3.86973
32
-6.79196
13
-1.03056
23
3.81030
33
-6.79684
0
3DFACE
8
A1
10
-0.94676
20
4.00756
30
-6.82853
11
-0.81772
21
4.06699
31
-6.82365
12
-0.77249
22
3.92924
32
-6.78698
13
-0.90152
23
3.86973
33
-6.79196
0
3DFACE
8
A1
10
-0.81772
20
4.06699
30
-6.82365
11
-0.68869
21
4.12650
31
-6.81867
12
-0.64345
22
3.98867
32
-6.78210
13
-0.77249
23
3.92924
33
-6.78698
0
3DFACE
8
A1
10
-0.68869
20
4.12650
30
-6.81867
11
-0.55965
21
4.18593
31
-6.81379
12
-0.51442
22
4.04818
32
-6.77712
13
-0.64345
23
3.98867
33
-6.78210
0
3DFACE
8
A1
10
-0.55965
20
4.18593
30
-6.81379
11
-0.43061
21
4.24545
31
-6.80881
12
-0.38538
22
4.10761
32
-6.77225
13
-0.51442
23
4.04818
33
-6.77712
0
3DFACE
8
A1
10
-0.43061
20
4.24545
30
-6.80881
11
-0.30158
21
4.30488
31
-6.80394
12
-0.25634
22
4.16713
32
-6.76726
13
-0.38538
23
4.10761
33
-6.77225
0
3DFACE
8
A1
10
-0.30158
20
4.30488
30
-6.80394
11
-0.17254
21
4.36439
31
-6.79895
12
-0.12730
22
4.22655
32
-6.76239
13
-0.25634
23
4.16713
33
-6.76726
0
3DFACE
8
A1
10
-0.17254
20
4.36439
30
-6.79895
11
-0.04350
21
4.42382
31
-6.79408
12
0.00173
22
4.28607
32
-6.75741
13
-0.12730
23
4.22655
33
-6.76239
0
3DFACE
8
A1
10
-0.04350
20
4.42382
30
-6.79408
11
0.08553
21
4.48333
31
-6.78910
12
0.13077
22
4.34550
32
-6.75253
13
0.00173
23
4.28607
33
-6.75741
0
3DFACE
8
A1
10
0.08553
20
4.48333
30
-6.78910
11
0.21457
21
4.54276
31
-6.78422
12
0.25980
22
4.40501
32
-6.74755
13
0.13077
23
4.34550
33
-6.75253
0
3DFACE
8
A1
10
0.21457
20
4.54276
30
-6.78422
11
0.34360
21
4.60227
31
-6.77924
12
0.38884
22
4.46444
32
-6.74267
13
0.25980
23
4.40501
33
-6.74755
0
3DFACE
8
A1
10
0.34360
20
4.60227
30
-6.77924
11
0.47264
21
4.66170
31
-6.77436
12
0.51788
22
4.52395
32
-6.73769
13
0.38884
23
4.46444
33
-6.74267
0
3DFACE
8
A1
10
0.47264
20
4.66170
30
-6.77436
11
0.60168
21
4.72122
31
-6.76938
12
0.64691
22
4.58338
32
-6.73282
13
0.51788
23
4.52395
33
-6.73769
0
3DFACE
8
A1
10
0.60168
20
4.72122
30
-6.76938
11
0.73072
21
4.78065
31
-6.76451
12
0.77595
22
4.64290
32
-6.72784
13
0.64691
23
4.58338
33
-6.73282
0
3DFACE
8
A1
10
0.73072
20
4.78065
30
-6.76451
11
0.85975
21
4.84016
31
-6.75953
12
0.90499
22
4.70232
32
-6.72296
13
0.77595
23
4.64290
33
-6.72784
0
3DFACE
8
A1
10
0.85975
20
4.84016
30
-6.75953
11
0.98879
21
4.89959
31
-6.75465
12
1.03402
22
4.76184
32
-6.71798
13
0.90499
23
4.70232
33
-6.72296
0
3DFACE
8
A1
10
0.98879
20
4.89959
30
-6.75465
11
1.11782
21
4.95910
31
-6.74967
12
1.16306
22
4.82127
32
-6.71310
13
1.03402
23
4.76184
33
-6.71798
0
3DFACE
8
A1
10
-3.22561
20
2.82599
30
-6.84740
11
-3.09612
21
2.87690
31
-6.85312
12
-3.05106
22
2.74251
32
-6.81227
13
-3.18051
23
2.69073
33
-6.80763
0
3DFACE
8
A1
10
-3.09612
20
2.87690
30
-6.85312
11
-2.96685
21
2.93203
31
-6.85359
12
-2.92183
22
2.79824
32
-6.81200
13
-3.05106
23
2.74251
33
-6.81227
0
3DFACE
8
A1
10
-2.96685
20
2.93203
30
-6.85359
11
-2.83777
21
2.99068
31
-6.84968
12
-2.79276
22
2.85715
32
-6.80776
13
-2.92183
23
2.79824
33
-6.81200
0
3DFACE
8
A1
10
-2.83777
20
2.99068
30
-6.84968
11
-2.70855
21
3.04685
31
-6.84887
12
-2.66349
22
2.91219
32
-6.80835
13
-2.79276
23
2.85715
33
-6.80776
0
3DFACE
8
A1
10
-2.70855
20
3.04685
30
-6.84887
11
-2.57940
21
3.10412
31
-6.84667
12
-2.53429
22
2.96878
32
-6.80700
13
-2.66349
23
2.91219
33
-6.80835
0
3DFACE
8
A1
10
-2.57940
20
3.10412
30
-6.84667
11
-2.45026
21
3.16175
31
-6.84404
12
-2.40515
22
3.02615
32
-6.80469
13
-2.53429
23
2.96878
33
-6.80700
0
3DFACE
8
A1
10
-2.45026
20
3.16175
30
-6.84404
11
-2.32113
21
3.21946
31
-6.84131
12
-2.27601
22
3.08368
32
-6.80217
13
-2.40515
23
3.02615
33
-6.80469
0
3DFACE
8
A1
10
-2.32113
20
3.21946
30
-6.84131
11
-2.19206
21
3.27820
31
-6.83729
12
-2.14694
22
3.14268
32
-6.79783
13
-2.27601
23
3.08368
33
-6.80217
0
3DFACE
8
A1
10
-2.19206
20
3.27820
30
-6.83729
11
-2.06299
21
3.33719
31
-6.83295
12
-2.01788
22
3.20168
32
-6.79349
13
-2.14694
23
3.14268
33
-6.79783
0
3DFACE
8
A1
10
-2.06299
20
3.33719
30
-6.83295
11
-1.93391
21
3.39576
31
-6.82914
12
-1.88880
22
3.26025
32
-6.78969
13
-2.01788
23
3.20168
33
-6.79349
0
3DFACE
8
A1
10
-1.93391
20
3.39576
30
-6.82914
11
-1.80483
21
3.45450
31
-6.82512
12
-1.75970
22
3.31865
32
-6.78610
13
-1.88880
23
3.26025
33
-6.78969
0
3DFACE
8
A1
10
-1.80483
20
3.45450
30
-6.82512
11
-1.67577
21
3.51350
31
-6.82078
12
-1.63063
22
3.37747
32
-6.78197
13
-1.75970
23
3.31865
33
-6.78610
0
3DFACE
8
A1
10
-1.67577
20
3.51350
30
-6.82078
11
-1.54672
21
3.57267
31
-6.81623
12
-1.50155
22
3.43613
32
-6.77806
13
-1.63063
23
3.37747
33
-6.78197
0
3DFACE
8
A1
10
-1.54672
20
3.57267
30
-6.81623
11
-1.41767
21
3.63184
31
-6.81167
12
-1.37248
22
3.49487
32
-6.77404
13
-1.50155
23
3.43613
33
-6.77806
0
3DFACE
8
A1
10
-1.41767
20
3.63184
30
-6.81167
11
-1.28863
21
3.69136
31
-6.80669
12
-1.24342
22
3.55404
32
-6.76949
13
-1.37248
23
3.49487
33
-6.77404
0
3DFACE
8
A1
10
-1.28863
20
3.69136
30
-6.80669
11
-1.15959
21
3.75078
31
-6.80182
12
-1.11438
22
3.61329
32
-6.76482
13
-1.24342
23
3.55404
33
-6.76949
0
3DFACE
8
A1
10
-1.15959
20
3.75078
30
-6.80182
11
-1.03056
21
3.81030
31
-6.79684
12
-0.98533
22
3.67255
32
-6.76016
13
-1.11438
23
3.61329
33
-6.76482
0
3DFACE
8
A1
10
-1.03056
20
3.81030
30
-6.79684
11
-0.90152
21
3.86973
31
-6.79196
12
-0.85629
22
3.73198
32
-6.75529
13
-0.98533
23
3.67255
33
-6.76016
0
3DFACE
8
A1
10
-0.90152
20
3.86973
30
-6.79196
11
-0.77249
21
3.92924
31
-6.78698
12
-0.72725
22
3.79149
32
-6.75031
13
-0.85629
23
3.73198
33
-6.75529
0
3DFACE
8
A1
10
-0.77249
20
3.92924
30
-6.78698
11
-0.64345
21
3.98867
31
-6.78210
12
-0.59822
22
3.85092
32
-6.74543
13
-0.72725
23
3.79149
33
-6.75031
0
3DFACE
8
A1
10
-0.64345
20
3.98867
30
-6.78210
11
-0.51442
21
4.04818
31
-6.77712
12
-0.46918
22
3.91043
32
-6.74045
13
-0.59822
23
3.85092
33
-6.74543
0
3DFACE
8
A1
10
-0.51442
20
4.04818
30
-6.77712
11
-0.38538
21
4.10761
31
-6.77225
12
-0.34014
22
3.96986
32
-6.73557
13
-0.46918
23
3.91043
33
-6.74045
0
3DFACE
8
A1
10
-0.38538
20
4.10761
30
-6.77225
11
-0.25634
21
4.16713
31
-6.76726
12
-0.21111
22
4.02938
32
-6.73059
13
-0.34014
23
3.96986
33
-6.73557
0
3DFACE
8
A1
10
-0.25634
20
4.16713
30
-6.76726
11
-0.12730
21
4.22655
31
-6.76239
12
-0.08207
22
4.08881
32
-6.72572
13
-0.21111
23
4.02938
33
-6.73059
0
3DFACE
8
A1
10
-0.12730
20
4.22655
30
-6.76239
11
0.00173
21
4.28607
31
-6.75741
12
0.04696
22
4.14832
32
-6.72073
13
-0.08207
23
4.08881
33
-6.72572
0
3DFACE
8
A1
10
0.00173
20
4.28607
30
-6.75741
11
0.13077
21
4.34550
31
-6.75253
12
0.17600
22
4.20775
32
-6.71586
13
0.04696
23
4.14832
33
-6.72073
0
3DFACE
8
A1
10
0.13077
20
4.34550
30
-6.75253
11
0.25980
21
4.40501
31
-6.74755
12
0.30504
22
4.26726
32
-6.71088
13
0.17600
23
4.20775
33
-6.71586
0
3DFACE
8
A1
10
0.25980
20
4.40501
30
-6.74755
11
0.38884
21
4.46444
31
-6.74267
12
0.43408
22
4.32669
32
-6.70600
13
0.30504
23
4.26726
33
-6.71088
0
3DFACE
8
A1
10
0.38884
20
4.46444
30
-6.74267
11
0.51788
21
4.52395
31
-6.73769
12
0.56311
22
4.38621
32
-6.70102
13
0.43408
23
4.32669
33
-6.70600
0
3DFACE
8
A1
10
0.51788
20
4.52395
30
-6.73769
11
0.64691
21
4.58338
31
-6.73282
12
0.69215
22
4.44563
32
-6.69615
13
0.56311
23
4.38621
33
-6.70102
0
3DFACE
8
A1
10
0.64691
20
4.58338
30
-6.73282
11
0.77595
21
4.64290
31
-6.72784
12
0.82118
22
4.50515
32
-6.69116
13
0.69215
23
4.44563
33
-6.69615
0
3DFACE
8
A1
10
0.77595
20
4.64290
30
-6.72784
11
0.90499
21
4.70232
31
-6.72296
12
0.95022
22
4.56458
32
-6.68629
13
0.82118
23
4.50515
33
-6.69116
0
3DFACE
8
A1
10
0.90499
20
4.70232
30
-6.72296
11
1.03402
21
4.76184
31
-6.71798
12
1.07925
22
4.62409
32
-6.68131
13
0.95022
23
4.56458
33
-6.68629
0
3DFACE
8
A1
10
1.03402
20
4.76184
30
-6.71798
11
1.16306
21
4.82127
31
-6.71310
12
1.20829
22
4.68352
32
-6.67643
13
1.07925
23
4.62409
33
-6.68131
0
3DFACE
8
A1
10
1.16306
20
4.82127
30
-6.71310
11
1.29209
21
4.88078
31
-6.70812
12
1.33733
22
4.74303
32
-6.67145
13
1.20829
23
4.68352
33
-6.67643
0
3DFACE
8
A1
10
1.29209
20
4.88078
30
-6.70812
11
1.42113
21
4.94021
31
-6.70325
12
1.46637
22
4.80246
32
-6.66657
13
1.33733
23
4.74303
33
-6.67145
0
3DFACE
8
A1
10
-3.18051
20
2.69073
30
-6.80763
11
-3.05106
21
2.74251
31
-6.81227
12
-3.00600
22
2.60794
32
-6.77164
13
-3.13541
23
2.55539
33
-6.76796
0
3DFACE
8
A1
10
-3.05106
20
2.74251
30
-6.81227
11
-2.92183
21
2.79824
31
-6.81200
12
-2.87680
22
2.66436
32
-6.77051
13
-3.00600
23
2.60794
33
-6.77164
0
3DFACE
8
A1
10
-2.92183
20
2.79824
30
-6.81200
11
-2.79276
21
2.85715
31
-6.80776
12
-2.74775
22
2.72353
32
-6.76596
13
-2.87680
23
2.66436
33
-6.77051
0
3DFACE
8
A1
10
-2.79276
20
2.85715
30
-6.80776
11
-2.66349
21
2.91219
31
-6.80835
12
-2.61842
22
2.77754
32
-6.76782
13
-2.74775
23
2.72353
33
-6.76596
0
3DFACE
8
A1
10
-2.66349
20
2.91219
30
-6.80835
11
-2.53429
21
2.96878
31
-6.80700
12
-2.48919
22
2.83344
32
-6.76733
13
-2.61842
23
2.77754
33
-6.76782
0
3DFACE
8
A1
10
-2.53429
20
2.96878
30
-6.80700
11
-2.40515
21
3.02615
31
-6.80469
12
-2.36002
22
2.89038
32
-6.76556
13
-2.48919
23
2.83344
33
-6.76733
0
3DFACE
8
A1
10
-2.40515
20
3.02615
30
-6.80469
11
-2.27601
21
3.08368
31
-6.80217
12
-2.23087
22
2.94783
32
-6.76315
13
-2.36002
23
2.89038
33
-6.76556
0
3DFACE
8
A1
10
-2.27601
20
3.08368
30
-6.80217
11
-2.14694
21
3.14268
31
-6.79783
12
-2.10183
22
3.00708
32
-6.75849
13
-2.23087
23
2.94783
33
-6.76315
0
3DFACE
8
A1
10
-2.14694
20
3.14268
30
-6.79783
11
-2.01788
21
3.20168
31
-6.79349
12
-1.97278
22
3.06634
32
-6.75383
13
-2.10183
23
3.00708
33
-6.75849
0
3DFACE
8
A1
10
-2.01788
20
3.20168
30
-6.79349
11
-1.88880
21
3.26025
31
-6.78969
12
-1.84370
22
3.12499
32
-6.74991
13
-1.97278
23
3.06634
33
-6.75383
0
3DFACE
8
A1
10
-1.88880
20
3.26025
30
-6.78969
11
-1.75970
21
3.31865
31
-6.78610
12
-1.71460
22
3.18339
32
-6.74632
13
-1.84370
23
3.12499
33
-6.74991
0
3DFACE
8
A1
10
-1.75970
20
3.31865
30
-6.78610
11
-1.63063
21
3.37747
31
-6.78197
12
-1.58552
22
3.24204
32
-6.74241
13
-1.71460
23
3.18339
33
-6.74632
0
3DFACE
8
A1
10
-1.63063
20
3.37747
30
-6.78197
11
-1.50155
21
3.43613
31
-6.77806
12
-1.45642
22
3.30036
32
-6.73893
13
-1.58552
23
3.24204
33
-6.74241
0
3DFACE
8
A1
10
-1.50155
20
3.43613
30
-6.77806
11
-1.37248
21
3.49487
31
-6.77404
12
-1.32733
22
3.35875
32
-6.73533
13
-1.45642
23
3.30036
33
-6.73893
0
3DFACE
8
A1
10
-1.37248
20
3.49487
30
-6.77404
11
-1.24342
21
3.55404
31
-6.76949
12
-1.19826
22
3.41758
32
-6.73121
13
-1.32733
23
3.35875
33
-6.73533
0
3DFACE
8
A1
10
-1.24342
20
3.55404
30
-6.76949
11
-1.11438
21
3.61329
31
-6.76482
12
-1.06919
22
3.47640
32
-6.72708
13
-1.19826
23
3.41758
33
-6.73121
0
3DFACE
8
A1
10
-1.11438
20
3.61329
30
-6.76482
11
-0.98533
21
3.67255
31
-6.76016
12
-0.94012
22
3.53532
32
-6.72285
13
-1.06919
23
3.47640
33
-6.72708
0
3DFACE
8
A1
10
-0.98533
20
3.67255
30
-6.76016
11
-0.85629
21
3.73198
31
-6.75529
12
-0.81107
22
3.59457
32
-6.71819
13
-0.94012
23
3.53532
33
-6.72285
0
3DFACE
8
A1
10
-0.85629
20
3.73198
30
-6.75529
11
-0.72725
21
3.79149
31
-6.75031
12
-0.68203
22
3.65383
32
-6.71353
13
-0.81107
23
3.59457
33
-6.71819
0
3DFACE
8
A1
10
-0.72725
20
3.79149
30
-6.75031
11
-0.59822
21
3.85092
31
-6.74543
12
-0.55298
22
3.71317
32
-6.70876
13
-0.68203
23
3.65383
33
-6.71353
0
3DFACE
8
A1
10
-0.59822
20
3.85092
30
-6.74543
11
-0.46918
21
3.91043
31
-6.74045
12
-0.42395
22
3.77269
32
-6.70378
13
-0.55298
23
3.71317
33
-6.70876
0
3DFACE
8
A1
10
-0.46918
20
3.91043
30
-6.74045
11
-0.34014
21
3.96986
31
-6.73557
12
-0.29491
22
3.83211
32
-6.69890
13
-0.42395
23
3.77269
33
-6.70378
0
3DFACE
8
A1
10
-0.34014
20
3.96986
30
-6.73557
11
-0.21111
21
4.02938
31
-6.73059
12
-0.16588
22
3.89163
32
-6.69392
13
-0.29491
23
3.83211
33
-6.69890
0
3DFACE
8
A1
10
-0.21111
20
4.02938
30
-6.73059
11
-0.08207
21
4.08881
31
-6.72572
12
-0.03684
22
3.95106
32
-6.68904
13
-0.16588
23
3.89163
33
-6.69392
0
3DFACE
8
A1
10
-0.08207
20
4.08881
30
-6.72572
11
0.04696
21
4.14832
31
-6.72073
12
0.09220
22
4.01057
32
-6.68406
13
-0.03684
23
3.95106
33
-6.68904
0
3DFACE
8
A1
10
0.04696
20
4.14832
30
-6.72073
11
0.17600
21
4.20775
31
-6.71586
12
0.22124
22
4.07000
32
-6.67919
13
0.09220
23
4.01057
33
-6.68406
0
3DFACE
8
A1
10
0.17600
20
4.20775
30
-6.71586
11
0.30504
21
4.26726
31
-6.71088
12
0.35027
22
4.12951
32
-6.67421
13
0.22124
23
4.07000
33
-6.67919
0
3DFACE
8
A1
10
0.30504
20
4.26726
30
-6.71088
11
0.43408
21
4.32669
31
-6.70600
12
0.47931
22
4.18894
32
-6.66933
13
0.35027
23
4.12951
33
-6.67421
0
3DFACE
8
A1
10
0.43408
20
4.32669
30
-6.70600
11
0.56311
21
4.38621
31
-6.70102
12
0.60834
22
4.24846
32
-6.66435
13
0.47931
23
4.18894
33
-6.66933
0
3DFACE
8
A1
10
0.56311
20
4.38621
30
-6.70102
11
0.69215
21
4.44563
31
-6.69615
12
0.73738
22
4.30788
32
-6.65947
13
0.60834
23
4.24846
33
-6.66435
0
3DFACE
8
A1
10
0.69215
20
4.44563
30
-6.69615
11
0.82118
21
4.50515
31
-6.69116
12
0.86642
22
4.36740
32
-6.65449
13
0.73738
23
4.30788
33
-6.65947
0
3DFACE
8
A1
10
0.82118
20
4.50515
30
-6.69116
11
0.95022
21
4.56458
31
-6.68629
12
0.99545
22
4.42683
32
-6.64962
13
0.86642
23
4.36740
33
-6.65449
0
3DFACE
8
A1
10
0.95022
20
4.56458
30
-6.68629
11
1.07925
21
4.62409
31
-6.68131
12
1.12449
22
4.48626
32
-6.64474
13
0.99545
23
4.42683
33
-6.64962
0
3DFACE
8
A1
10
1.07925
20
4.62409
30
-6.68131
11
1.20829
21
4.68352
31
-6.67643
12
1.25353
22
4.54577
32
-6.63976
13
1.12449
23
4.48626
33
-6.64474
0
3DFACE
8
A1
10
1.20829
20
4.68352
30
-6.67643
11
1.33733
21
4.74303
31
-6.67145
12
1.38257
22
4.60520
32
-6.63488
13
1.25353
23
4.54577
33
-6.63976
0
3DFACE
8
A1
10
1.33733
20
4.74303
30
-6.67145
11
1.46637
21
4.80246
31
-6.66657
12
1.51160
22
4.66471
32
-6.62990
13
1.38257
23
4.60520
33
-6.63488
0
3DFACE
8
A1
10
1.46637
20
4.80246
30
-6.66657
11
1.59540
21
4.86198
31
-6.66159
12
1.64064
22
4.72414
32
-6.62503
13
1.51160
23
4.66471
33
-6.62990
0
3DFACE
8
A1
10
-3.13541
20
2.55539
30
-6.76796
11
-3.00600
21
2.60794
31
-6.77164
12
-2.96056
22
2.46641
32
-6.73968
13
-3.08987
23
2.41196
33
-6.73835
0
3DFACE
8
A1
10
-3.00600
20
2.60794
30
-6.77164
11
-2.87680
21
2.66436
31
-6.77051
12
-2.83145
22
2.52446
32
-6.73651
13
-2.96056
23
2.46641
33
-6.73968
0
3DFACE
8
A1
10
-2.87680
20
2.66436
30
-6.77051
11
-2.74775
21
2.72353
31
-6.76596
12
-2.70250
22
2.58543
32
-6.72971
13
-2.83145
23
2.52446
33
-6.73651
0
3DFACE
8
A1
10
-2.74775
20
2.72353
30
-6.76596
11
-2.61842
21
2.77754
31
-6.76782
12
-2.57317
22
2.63953
32
-6.73147
13
-2.70250
23
2.58543
33
-6.72971
0
3DFACE
8
A1
10
-2.61842
20
2.77754
30
-6.76782
11
-2.48919
21
2.83344
31
-6.76733
12
-2.44397
22
2.69595
32
-6.73034
13
-2.57317
23
2.63953
33
-6.73147
0
3DFACE
8
A1
10
-2.48919
20
2.83344
30
-6.76733
11
-2.36002
21
2.89038
31
-6.76556
12
-2.31482
22
2.75332
32
-6.72803
13
-2.44397
23
2.69595
33
-6.73034
0
3DFACE
8
A1
10
-2.36002
20
2.89038
30
-6.76556
11
-2.23087
21
2.94783
31
-6.76315
12
-2.18571
22
2.81145
32
-6.72476
13
-2.31482
23
2.75332
33
-6.72803
0
3DFACE
8
A1
10
-2.23087
20
2.94783
30
-6.76315
11
-2.10183
21
3.00708
31
-6.75849
12
-2.05670
22
2.87131
32
-6.71935
13
-2.18571
23
2.81145
33
-6.72476
0
3DFACE
8
A1
10
-2.10183
20
3.00708
30
-6.75849
11
-1.97278
21
3.06634
31
-6.75383
12
-1.92767
22
2.93091
32
-6.71426
13
-2.05670
23
2.87131
33
-6.71935
0
3DFACE
8
A1
10
-1.97278
20
3.06634
30
-6.75383
11
-1.84370
21
3.12499
31
-6.74991
12
-1.79860
22
2.98982
32
-6.71003
13
-1.92767
23
2.93091
33
-6.71426
0
3DFACE
8
A1
10
-1.84370
20
3.12499
30
-6.74991
11
-1.71460
21
3.18339
31
-6.74632
12
-1.66952
22
3.04839
32
-6.70623
13
-1.79860
23
2.98982
33
-6.71003
0
3DFACE
8
A1
10
-1.71460
20
3.18339
30
-6.74632
11
-1.58552
21
3.24204
31
-6.74241
12
-1.54044
22
3.10705
32
-6.70231
13
-1.66952
23
3.04839
33
-6.70623
0
3DFACE
8
A1
10
-1.58552
20
3.24204
30
-6.74241
11
-1.45642
21
3.30036
31
-6.73893
12
-1.41133
22
3.16527
32
-6.69894
13
-1.54044
23
3.10705
33
-6.70231
0
3DFACE
8
A1
10
-1.45642
20
3.30036
30
-6.73893
11
-1.32733
21
3.35875
31
-6.73533
12
-1.28223
22
3.22350
32
-6.69556
13
-1.41133
23
3.16527
33
-6.69894
0
3DFACE
8
A1
10
-1.32733
20
3.35875
30
-6.73533
11
-1.19826
21
3.41758
31
-6.73121
12
-1.15314
22
3.28189
32
-6.69197
13
-1.28223
23
3.22350
33
-6.69556
0
3DFACE
8
A1
10
-1.19826
20
3.41758
30
-6.73121
11
-1.06919
21
3.47640
31
-6.72708
12
-1.02404
22
3.34029
32
-6.68838
13
-1.15314
23
3.28189
33
-6.69197
0
3DFACE
8
A1
10
-1.06919
20
3.47640
30
-6.72708
11
-0.94012
21
3.53532
31
-6.72285
12
-0.89496
22
3.39886
32
-6.68457
13
-1.02404
23
3.34029
33
-6.68838
0
3DFACE
8
A1
10
-0.94012
20
3.53532
30
-6.72285
11
-0.81107
21
3.59457
31
-6.71819
12
-0.76589
22
3.45777
32
-6.68034
13
-0.89496
23
3.39886
33
-6.68457
0
3DFACE
8
A1
10
-0.81107
20
3.59457
30
-6.71819
11
-0.68203
21
3.65383
31
-6.71353
12
-0.63683
22
3.51668
32
-6.67611
13
-0.76589
23
3.45777
33
-6.68034
0
3DFACE
8
A1
10
-0.68203
20
3.65383
30
-6.71353
11
-0.55298
21
3.71317
31
-6.70876
12
-0.50777
22
3.57577
32
-6.67166
13
-0.63683
23
3.51668
33
-6.67611
0
3DFACE
8
A1
10
-0.55298
20
3.71317
30
-6.70876
11
-0.42395
21
3.77269
31
-6.70378
12
-0.37872
22
3.63511
32
-6.66689
13
-0.50777
23
3.57577
33
-6.67166
0
3DFACE
8
A1
10
-0.42395
20
3.77269
30
-6.70378
11
-0.29491
21
3.83211
31
-6.69890
12
-0.24968
22
3.69445
32
-6.66212
13
-0.37872
23
3.63511
33
-6.66689
0
3DFACE
8
A1
10
-0.29491
20
3.83211
30
-6.69890
11
-0.16588
21
3.89163
31
-6.69392
12
-0.12064
22
3.75379
32
-6.65735
13
-0.24968
23
3.69445
33
-6.66212
0
3DFACE
8
A1
10
-0.16588
20
3.89163
30
-6.69392
11
-0.03684
21
3.95106
31
-6.68904
12
0.00840
22
3.81331
32
-6.65237
13
-0.12064
23
3.75379
33
-6.65735
0
3DFACE
8
A1
10
-0.03684
20
3.95106
30
-6.68904
11
0.09220
21
4.01057
31
-6.68406
12
0.13743
22
3.87274
32
-6.64750
13
0.00840
23
3.81331
33
-6.65237
0
3DFACE
8
A1
10
0.09220
20
4.01057
30
-6.68406
11
0.22124
21
4.07000
31
-6.67919
12
0.26647
22
3.93225
32
-6.64251
13
0.13743
23
3.87274
33
-6.64750
0
3DFACE
8
A1
10
0.22124
20
4.07000
30
-6.67919
11
0.35027
21
4.12951
31
-6.67421
12
0.39551
22
3.99168
32
-6.63764
13
0.26647
23
3.93225
33
-6.64251
0
3DFACE
8
A1
10
0.35027
20
4.12951
30
-6.67421
11
0.47931
21
4.18894
31
-6.66933
12
0.52454
22
4.05119
32
-6.63266
13
0.39551
23
3.99168
33
-6.63764
0
3DFACE
8
A1
10
0.47931
20
4.18894
30
-6.66933
11
0.60834
21
4.24846
31
-6.66435
12
0.65358
22
4.11062
32
-6.62778
13
0.52454
23
4.05119
33
-6.63266
0
3DFACE
8
A1
10
0.60834
20
4.24846
30
-6.66435
11
0.73738
21
4.30788
31
-6.65947
12
0.78261
22
4.17014
32
-6.62280
13
0.65358
23
4.11062
33
-6.62778
0
3DFACE
8
A1
10
0.73738
20
4.30788
30
-6.65947
11
0.86642
21
4.36740
31
-6.65449
12
0.91165
22
4.22956
32
-6.61793
13
0.78261
23
4.17014
33
-6.62280
0
3DFACE
8
A1
10
0.86642
20
4.36740
30
-6.65449
11
0.99545
21
4.42683
31
-6.64962
12
1.04069
22
4.28908
32
-6.61294
13
0.91165
23
4.22956
33
-6.61793
0
3DFACE
8
A1
10
0.99545
20
4.42683
30
-6.64962
11
1.12449
21
4.48626
31
-6.64474
12
1.16973
22
4.34851
32
-6.60807
13
1.04069
23
4.28908
33
-6.61294
0
3DFACE
8
A1
10
1.12449
20
4.48626
30
-6.64474
11
1.25353
21
4.54577
31
-6.63976
12
1.29876
22
4.40802
32
-6.60309
13
1.16973
23
4.34851
33
-6.60807
0
3DFACE
8
A1
10
1.25353
20
4.54577
30
-6.63976
11
1.38257
21
4.60520
31
-6.63488
12
1.42780
22
4.46745
32
-6.59821
13
1.29876
23
4.40802
33
-6.60309
0
3DFACE
8
A1
10
1.38257
20
4.60520
30
-6.63488
11
1.51160
21
4.66471
31
-6.62990
12
1.55683
22
4.52696
32
-6.59323
13
1.42780
23
4.46745
33
-6.59821
0
3DFACE
8
A1
10
1.51160
20
4.66471
30
-6.62990
11
1.64064
21
4.72414
31
-6.62503
12
1.68587
22
4.58639
32
-6.58835
13
1.55683
23
4.52696
33
-6.59323
0
3DFACE
8
A1
10
1.64064
20
4.72414
30
-6.62503
11
1.76967
21
4.78365
31
-6.62004
12
1.81491
22
4.64591
32
-6.58337
13
1.68587
23
4.58639
33
-6.58835
0
3DFACE
8
A1
10
1.76967
20
4.78365
30
-6.62004
11
1.89871
21
4.84308
31
-6.61517
12
1.94394
22
4.70533
32
-6.57850
13
1.81491
23
4.64591
33
-6.58337
0
3DFACE
8
A1
10
-3.08987
20
2.41196
30
-6.73835
11
-2.96056
21
2.46641
31
-6.73968
12
-2.91525
22
2.32711
32
-6.70493
13
-3.04456
23
2.27275
33
-6.70349
0
3DFACE
8
A1
10
-2.96056
20
2.46641
30
-6.73968
11
-2.83145
21
2.52446
31
-6.73651
12
-2.78613
22
2.38499
32
-6.70198
13
-2.91525
23
2.32711
33
-6.70493
0
3DFACE
8
A1
10
-2.83145
20
2.52446
30
-6.73651
11
-2.70250
21
2.58543
31
-6.72971
12
-2.65716
22
2.44579
32
-6.69539
13
-2.78613
23
2.38499
33
-6.70198
0
3DFACE
8
A1
10
-2.70250
20
2.58543
30
-6.72971
11
-2.57317
21
2.63953
31
-6.73147
12
-2.52790
22
2.50110
32
-6.69565
13
-2.65716
23
2.44579
33
-6.69539
0
3DFACE
8
A1
10
-2.57317
20
2.63953
30
-6.73147
11
-2.44397
21
2.69595
31
-6.73034
12
-2.39871
22
2.55760
32
-6.69442
13
-2.52790
23
2.50110
33
-6.69565
0
3DFACE
8
A1
10
-2.44397
20
2.69595
30
-6.73034
11
-2.31482
21
2.75332
31
-6.72803
12
-2.26957
22
2.61514
32
-6.69190
13
-2.39871
23
2.55760
33
-6.69442
0
3DFACE
8
A1
10
-2.31482
20
2.75332
30
-6.72803
11
-2.18571
21
2.81145
31
-6.72476
12
-2.14049
22
2.67388
32
-6.68788
13
-2.26957
23
2.61514
33
-6.69190
0
3DFACE
8
A1
10
-2.18571
20
2.81145
30
-6.72476
11
-2.05670
21
2.87131
31
-6.71935
12
-2.01151
22
2.73442
32
-6.68161
13
-2.14049
23
2.67388
33
-6.68788
0
3DFACE
8
A1
10
-2.05670
20
2.87131
30
-6.71935
11
-1.92767
21
2.93091
31
-6.71426
12
-1.88251
22
2.79454
32
-6.67588
13
-2.01151
23
2.73442
33
-6.68161
0
3DFACE
8
A1
10
-1.92767
20
2.93091
30
-6.71426
11
-1.79860
21
2.98982
31
-6.71003
12
-1.75348
22
2.85414
32
-6.67079
13
-1.88251
23
2.79454
33
-6.67588
0
3DFACE
8
A1
10
-1.79860
20
2.98982
30
-6.71003
11
-1.66952
21
3.04839
31
-6.70623
12
-1.62443
22
2.91340
32
-6.66613
13
-1.75348
23
2.85414
33
-6.67079
0
3DFACE
8
A1
10
-1.66952
20
3.04839
30
-6.70623
11
-1.54044
21
3.10705
31
-6.70231
12
-1.49536
22
2.97222
32
-6.66200
13
-1.62443
23
2.91340
33
-6.66613
0
3DFACE
8
A1
10
-1.54044
20
3.10705
30
-6.70231
11
-1.41133
21
3.16527
31
-6.69894
12
-1.36627
22
3.03062
32
-6.65841
13
-1.49536
23
2.97222
33
-6.66200
0
3DFACE
8
A1
10
-1.41133
20
3.16527
30
-6.69894
11
-1.28223
21
3.22350
31
-6.69556
12
-1.23715
22
3.08867
32
-6.65525
13
-1.36627
23
3.03062
33
-6.65841
0
3DFACE
8
A1
10
-1.28223
20
3.22350
30
-6.69556
11
-1.15314
21
3.28189
31
-6.69197
12
-1.10806
22
3.14698
32
-6.65177
13
-1.23715
23
3.08867
33
-6.65525
0
3DFACE
8
A1
10
-1.15314
20
3.28189
30
-6.69197
11
-1.02404
21
3.34029
31
-6.68838
12
-0.97894
22
3.20503
32
-6.64860
13
-1.10806
23
3.14698
33
-6.65177
0
3DFACE
8
A1
10
-1.02404
20
3.34029
30
-6.68838
11
-0.89496
21
3.39886
31
-6.68457
12
-0.84984
22
3.26317
32
-6.64533
13
-0.97894
23
3.20503
33
-6.64860
0
3DFACE
8
A1
10
-0.89496
20
3.39886
30
-6.68457
11
-0.76589
21
3.45777
31
-6.68034
12
-0.72075
22
3.32166
32
-6.64163
13
-0.84984
23
3.26317
33
-6.64533
0
3DFACE
8
A1
10
-0.76589
20
3.45777
30
-6.68034
11
-0.63683
21
3.51668
31
-6.67611
12
-0.59166
22
3.38022
32
-6.63783
13
-0.72075
23
3.32166
33
-6.64163
0
3DFACE
8
A1
10
-0.63683
20
3.51668
30
-6.67611
11
-0.50777
21
3.57577
31
-6.67166
12
-0.46258
22
3.43888
32
-6.63392
13
-0.59166
23
3.38022
33
-6.63783
0
3DFACE
8
A1
10
-0.50777
20
3.57577
30
-6.67166
11
-0.37872
21
3.63511
31
-6.66689
12
-0.33352
22
3.49788
32
-6.62958
13
-0.46258
23
3.43888
33
-6.63392
0
3DFACE
8
A1
10
-0.37872
20
3.63511
30
-6.66689
11
-0.24968
21
3.69445
31
-6.66212
12
-0.20446
22
3.55696
32
-6.62513
13
-0.33352
23
3.49788
33
-6.62958
0
3DFACE
8
A1
10
-0.24968
20
3.69445
30
-6.66212
11
-0.12064
21
3.75379
31
-6.65735
12
-0.07541
22
3.61622
32
-6.62047
13
-0.20446
23
3.55696
33
-6.62513
0
3DFACE
8
A1
10
-0.12064
20
3.75379
30
-6.65735
11
0.00840
21
3.81331
31
-6.65237
12
0.05363
22
3.67556
32
-6.61570
13
-0.07541
23
3.61622
33
-6.62047
0
3DFACE
8
A1
10
0.00840
20
3.81331
30
-6.65237
11
0.13743
21
3.87274
31
-6.64750
12
0.18267
22
3.73499
32
-6.61082
13
0.05363
23
3.67556
33
-6.61570
0
3DFACE
8
A1
10
0.13743
20
3.87274
30
-6.64750
11
0.26647
21
3.93225
31
-6.64251
12
0.31171
22
3.79442
32
-6.60595
13
0.18267
23
3.73499
33
-6.61082
0
3DFACE
8
A1
10
0.26647
20
3.93225
30
-6.64251
11
0.39551
21
3.99168
31
-6.63764
12
0.44074
22
3.85393
32
-6.60097
13
0.31171
23
3.79442
33
-6.60595
0
3DFACE
8
A1
10
0.39551
20
3.99168
30
-6.63764
11
0.52454
21
4.05119
31
-6.63266
12
0.56977
22
3.91344
32
-6.59599
13
0.44074
23
3.85393
33
-6.60097
0
3DFACE
8
A1
10
0.52454
20
4.05119
30
-6.63266
11
0.65358
21
4.11062
31
-6.62778
12
0.69881
22
3.97287
32
-6.59111
13
0.56977
23
3.91344
33
-6.59599
0
3DFACE
8
A1
10
0.65358
20
4.11062
30
-6.62778
11
0.78261
21
4.17014
31
-6.62280
12
0.82785
22
4.03239
32
-6.58613
13
0.69881
23
3.97287
33
-6.59111
0
3DFACE
8
A1
10
0.78261
20
4.17014
30
-6.62280
11
0.91165
21
4.22956
31
-6.61793
12
0.95689
22
4.09182
32
-6.58125
13
0.82785
23
4.03239
33
-6.58613
0
3DFACE
8
A1
10
0.91165
20
4.22956
30
-6.61793
11
1.04069
21
4.28908
31
-6.61294
12
1.08592
22
4.15133
32
-6.57627
13
0.95689
23
4.09182
33
-6.58125
0
3DFACE
8
A1
10
1.04069
20
4.28908
30
-6.61294
11
1.16973
21
4.34851
31
-6.60807
12
1.21496
22
4.21076
32
-6.57140
13
1.08592
23
4.15133
33
-6.57627
0
3DFACE
8
A1
10
1.16973
20
4.34851
30
-6.60807
11
1.29876
21
4.40802
31
-6.60309
12
1.34399
22
4.27027
32
-6.56641
13
1.21496
23
4.21076
33
-6.57140
0
3DFACE
8
A1
10
1.29876
20
4.40802
30
-6.60309
11
1.42780
21
4.46745
31
-6.59821
12
1.47303
22
4.32970
32
-6.56154
13
1.34399
23
4.27027
33
-6.56641
0
3DFACE
8
A1
10
1.42780
20
4.46745
30
-6.59821
11
1.55683
21
4.52696
31
-6.59323
12
1.60207
22
4.38921
32
-6.55656
13
1.47303
23
4.32970
33
-6.56154
0
3DFACE
8
A1
10
1.55683
20
4.52696
30
-6.59323
11
1.68587
21
4.58639
31
-6.58835
12
1.73110
22
4.44864
32
-6.55168
13
1.60207
23
4.38921
33
-6.55656
0
3DFACE
8
A1
10
1.68587
20
4.58639
30
-6.58835
11
1.81491
21
4.64591
31
-6.58337
12
1.86014
22
4.50816
32
-6.54670
13
1.73110
23
4.44864
33
-6.55168
0
3DFACE
8
A1
10
1.81491
20
4.64591
30
-6.58337
11
1.94394
21
4.70533
31
-6.57850
12
1.98918
22
4.56759
32
-6.54182
13
1.86014
23
4.50816
33
-6.54670
0
3DFACE
8
A1
10
1.94394
20
4.70533
30
-6.57850
11
2.07298
21
4.76485
31
-6.57351
12
2.11821
22
4.62710
32
-6.53684
13
1.98918
23
4.56759
33
-6.54182
0
3DFACE
8
A1
10
-3.04456
20
2.27275
30
-6.70349
11
-2.91525
21
2.32711
31
-6.70493
12
-2.86993
22
2.18781
32
-6.67018
13
-2.99925
23
2.13354
33
-6.66864
0
3DFACE
8
A1
10
-2.91525
20
2.32711
30
-6.70493
11
-2.78613
21
2.38499
31
-6.70198
12
-2.74081
22
2.24561
32
-6.66734
13
-2.86993
23
2.18781
33
-6.67018
0
3DFACE
8
A1
10
-2.78613
20
2.38499
30
-6.70198
11
-2.65716
21
2.44579
31
-6.69539
12
-2.61183
22
2.30624
32
-6.66097
13
-2.74081
23
2.24561
33
-6.66734
0
3DFACE
8
A1
10
-2.65716
20
2.44579
30
-6.69539
11
-2.52790
21
2.50110
31
-6.69565
12
-2.48265
22
2.36292
32
-6.65952
13
-2.61183
23
2.30624
33
-6.66097
0
3DFACE
8
A1
10
-2.52790
20
2.50110
30
-6.69565
11
-2.39871
21
2.55760
31
-6.69442
12
-2.35344
22
2.41925
32
-6.65849
13
-2.48265
23
2.36292
33
-6.65952
0
3DFACE
8
A1
10
-2.39871
20
2.55760
30
-6.69442
11
-2.26957
21
2.61514
31
-6.69190
12
-2.22430
22
2.47679
32
-6.65597
13
-2.35344
23
2.41925
33
-6.65849
0
3DFACE
8
A1
10
-2.26957
20
2.61514
30
-6.69190
11
-2.14049
21
2.67388
31
-6.68788
12
-2.09523
22
2.53570
32
-6.65174
13
-2.22430
23
2.47679
33
-6.65597
0
3DFACE
8
A1
10
-2.14049
20
2.67388
30
-6.68788
11
-2.01151
21
2.73442
31
-6.68161
12
-1.96626
22
2.59642
32
-6.64526
13
-2.09523
23
2.53570
33
-6.65174
0
3DFACE
8
A1
10
-2.01151
20
2.73442
30
-6.68161
11
-1.88251
21
2.79454
31
-6.67588
12
-1.83729
22
2.65696
32
-6.63899
13
-1.96626
23
2.59642
33
-6.64526
0
3DFACE
8
A1
10
-1.88251
20
2.79454
30
-6.67588
11
-1.75348
21
2.85414
31
-6.67079
12
-1.70829
22
2.71725
32
-6.63305
13
-1.83729
23
2.65696
33
-6.63899
0
3DFACE
8
A1
10
-1.75348
20
2.85414
30
-6.67079
11
-1.62443
21
2.91340
31
-6.66613
12
-1.57928
22
2.77719
32
-6.62753
13
-1.70829
23
2.71725
33
-6.63305
0
3DFACE
8
A1
10
-1.62443
20
2.91340
30
-6.66613
11
-1.49536
21
2.97222
31
-6.66200
12
-1.45025
22
2.83671
32
-6.62255
13
-1.57928
23
2.77719
33
-6.62753
0
3DFACE
8
A1
10
-1.49536
20
2.97222
30
-6.66200
11
-1.36627
21
3.03062
31
-6.65841
12
-1.32119
22
2.89571
32
-6.61821
13
-1.45025
23
2.83671
33
-6.62255
0
3DFACE
8
A1
10
-1.36627
20
3.03062
30
-6.65841
11
-1.23715
21
3.08867
31
-6.65525
12
-1.19210
22
2.95419
32
-6.61451
13
-1.32119
23
2.89571
33
-6.61821
0
3DFACE
8
A1
10
-1.23715
20
3.08867
30
-6.65525
11
-1.10806
21
3.14698
31
-6.65177
12
-1.06300
22
3.01250
32
-6.61103
13
-1.19210
23
2.95419
33
-6.61451
0
3DFACE
8
A1
10
-1.10806
20
3.14698
30
-6.65177
11
-0.97894
21
3.20503
31
-6.64860
12
-0.93388
22
3.07047
32
-6.60797
13
-1.06300
23
3.01250
33
-6.61103
0
3DFACE
8
A1
10
-0.97894
20
3.20503
30
-6.64860
11
-0.84984
21
3.26317
31
-6.64533
12
-0.80476
22
3.12835
32
-6.60502
13
-0.93388
23
3.07047
33
-6.60797
0
3DFACE
8
A1
10
-0.84984
20
3.26317
30
-6.64533
11
-0.72075
21
3.32166
31
-6.64163
12
-0.67565
22
3.18649
32
-6.60175
13
-0.80476
23
3.12835
33
-6.60502
0
3DFACE
8
A1
10
-0.72075
20
3.32166
30
-6.64163
11
-0.59166
21
3.38022
31
-6.63783
12
-0.54654
22
3.24454
32
-6.59859
13
-0.67565
23
3.18649
33
-6.60175
0
3DFACE
8
A1
10
-0.59166
20
3.38022
30
-6.63783
11
-0.46258
21
3.43888
31
-6.63392
12
-0.41744
22
3.30285
32
-6.59510
13
-0.54654
23
3.24454
33
-6.59859
0
3DFACE
8
A1
10
-0.46258
20
3.43888
30
-6.63392
11
-0.33352
21
3.49788
31
-6.62958
12
-0.28836
22
3.36142
32
-6.59130
13
-0.41744
23
3.30285
33
-6.59510
0
3DFACE
8
A1
10
-0.33352
20
3.49788
30
-6.62958
11
-0.20446
21
3.55696
31
-6.62513
12
-0.15928
22
3.42007
32
-6.58739
13
-0.28836
23
3.36142
33
-6.59130
0
3DFACE
8
A1
10
-0.20446
20
3.55696
30
-6.62513
11
-0.07541
21
3.61622
31
-6.62047
12
-0.03021
22
3.47898
32
-6.58315
13
-0.15928
23
3.42007
33
-6.58739
0
3DFACE
8
A1
10
-0.07541
20
3.61622
30
-6.62047
11
0.05363
21
3.67556
31
-6.61570
12
0.09885
22
3.53807
32
-6.57871
13
-0.03021
23
3.47898
33
-6.58315
0
3DFACE
8
A1
10
0.05363
20
3.67556
30
-6.61570
11
0.18267
21
3.73499
31
-6.61082
12
0.22790
22
3.59724
32
-6.57415
13
0.09885
23
3.53807
33
-6.57871
0
3DFACE
8
A1
10
0.18267
20
3.73499
30
-6.61082
11
0.31171
21
3.79442
31
-6.60595
12
0.35694
22
3.65658
32
-6.56938
13
0.22790
23
3.59724
33
-6.57415
0
3DFACE
8
A1
10
0.31171
20
3.79442
30
-6.60595
11
0.44074
21
3.85393
31
-6.60097
12
0.48598
22
3.71601
32
-6.56451
13
0.35694
23
3.65658
33
-6.56938
0
3DFACE
8
A1
10
0.44074
20
3.85393
30
-6.60097
11
0.56977
21
3.91344
31
-6.59599
12
0.61502
22
3.77552
32
-6.55953
13
0.48598
23
3.71601
33
-6.56451
0
3DFACE
8
A1
10
0.56977
20
3.91344
30
-6.59599
11
0.69881
21
3.97287
31
-6.59111
12
0.74405
22
3.83504
32
-6.55455
13
0.61502
23
3.77552
33
-6.55953
0
3DFACE
8
A1
10
0.69881
20
3.97287
30
-6.59111
11
0.82785
21
4.03239
31
-6.58613
12
0.87309
22
3.89455
32
-6.54956
13
0.74405
23
3.83504
33
-6.55455
0
3DFACE
8
A1
10
0.82785
20
4.03239
30
-6.58613
11
0.95689
21
4.09182
31
-6.58125
12
1.00212
22
3.95407
32
-6.54458
13
0.87309
23
3.89455
33
-6.54956
0
3DFACE
8
A1
10
0.95689
20
4.09182
30
-6.58125
11
1.08592
21
4.15133
31
-6.57627
12
1.13116
22
4.01349
32
-6.53971
13
1.00212
23
3.95407
33
-6.54458
0
3DFACE
8
A1
10
1.08592
20
4.15133
30
-6.57627
11
1.21496
21
4.21076
31
-6.57140
12
1.26019
22
4.07301
32
-6.53472
13
1.13116
23
4.01349
33
-6.53971
0
3DFACE
8
A1
10
1.21496
20
4.21076
30
-6.57140
11
1.34399
21
4.27027
31
-6.56641
12
1.38923
22
4.13244
32
-6.52985
13
1.26019
23
4.07301
33
-6.53472
0
3DFACE
8
A1
10
1.34399
20
4.27027
30
-6.56641
11
1.47303
21
4.32970
31
-6.56154
12
1.51826
22
4.19195
32
-6.52487
13
1.38923
23
4.13244
33
-6.52985
0
3DFACE
8
A1
10
1.47303
20
4.32970
30
-6.56154
11
1.60207
21
4.38921
31
-6.55656
12
1.64730
22
4.25138
32
-6.51999
13
1.51826
23
4.19195
33
-6.52487
0
3DFACE
8
A1
10
1.60207
20
4.38921
30
-6.55656
11
1.73110
21
4.44864
31
-6.55168
12
1.77634
22
4.31089
32
-6.51501
13
1.64730
23
4.25138
33
-6.51999
0
3DFACE
8
A1
10
1.73110
20
4.44864
30
-6.55168
11
1.86014
21
4.50816
31
-6.54670
12
1.90538
22
4.37032
32
-6.51013
13
1.77634
23
4.31089
33
-6.51501
0
3DFACE
8
A1
10
1.86014
20
4.50816
30
-6.54670
11
1.98918
21
4.56759
31
-6.54182
12
2.03441
22
4.42984
32
-6.50515
13
1.90538
23
4.37032
33
-6.51013
0
3DFACE
8
A1
10
1.98918
20
4.56759
30
-6.54182
11
2.11821
21
4.62710
31
-6.53684
12
2.16345
22
4.48927
32
-6.50028
13
2.03441
23
4.42984
33
-6.50515
0
3DFACE
8
A1
10
2.11821
20
4.62710
30
-6.53684
11
2.24725
21
4.68653
31
-6.53197
12
2.29248
22
4.54878
32
-6.49530
13
2.16345
23
4.48927
33
-6.50028
0
3DFACE
8
A1
10
2.24725
20
4.68653
30
-6.53197
11
2.37628
21
4.74604
31
-6.52699
12
2.42152
22
4.60821
32
-6.49042
13
2.29248
23
4.54878
33
-6.49530
0
3DFACE
8
A1
10
-2.99925
20
2.13354
30
-6.66864
11
-2.86993
21
2.18781
31
-6.67018
12
-2.82461
22
2.04843
32
-6.63554
13
-2.95394
23
1.99433
33
-6.63379
0
3DFACE
8
A1
10
-2.86993
20
2.18781
30
-6.67018
11
-2.74081
21
2.24561
31
-6.66734
12
-2.69549
22
2.10623
32
-6.63270
13
-2.82461
23
2.04843
33
-6.63554
0
3DFACE
8
A1
10
-2.74081
20
2.24561
30
-6.66734
11
-2.61183
21
2.30624
31
-6.66097
12
-2.56651
22
2.16677
32
-6.62644
13
-2.69549
23
2.10623
33
-6.63270
0
3DFACE
8
A1
10
-2.61183
20
2.30624
30
-6.66097
11
-2.48265
21
2.36292
31
-6.65952
12
-2.43739
22
2.22474
32
-6.62338
13
-2.56651
23
2.16677
33
-6.62644
0
3DFACE
8
A1
10
-2.48265
20
2.36292
30
-6.65952
11
-2.35344
21
2.41925
31
-6.65849
12
-2.30818
22
2.28090
32
-6.62257
13
-2.43739
23
2.22474
33
-6.62338
0
3DFACE
8
A1
10
-2.35344
20
2.41925
30
-6.65849
11
-2.22430
21
2.47679
31
-6.65597
12
-2.17903
22
2.33844
32
-6.62005
13
-2.30818
23
2.28090
33
-6.62257
0
3DFACE
8
A1
10
-2.22430
20
2.47679
30
-6.65597
11
-2.09523
21
2.53570
31
-6.65174
12
-2.04996
22
2.39726
32
-6.61592
13
-2.17903
23
2.33844
33
-6.62005
0
3DFACE
8
A1
10
-2.09523
20
2.53570
30
-6.65174
11
-1.96626
21
2.59642
31
-6.64526
12
-1.92100
22
2.45815
32
-6.60923
13
-2.04996
23
2.39726
33
-6.61592
0
3DFACE
8
A1
10
-1.96626
20
2.59642
30
-6.64526
11
-1.83729
21
2.65696
31
-6.63899
12
-1.79203
22
2.51887
32
-6.60275
13
-1.92100
23
2.45815
33
-6.60923
0
3DFACE
8
A1
10
-1.83729
20
2.65696
30
-6.63899
11
-1.70829
21
2.71725
31
-6.63305
12
-1.66306
22
2.57950
32
-6.59638
13
-1.79203
23
2.51887
33
-6.60275
0
3DFACE
8
A1
10
-1.70829
20
2.71725
30
-6.63305
11
-1.57928
21
2.77719
31
-6.62753
12
-1.53408
22
2.63996
32
-6.59022
13
-1.66306
23
2.57950
33
-6.59638
0
3DFACE
8
A1
10
-1.57928
20
2.77719
30
-6.62753
11
-1.45025
21
2.83671
31
-6.62255
12
-1.40507
22
2.70008
32
-6.58449
13
-1.53408
23
2.63996
33
-6.59022
0
3DFACE
8
A1
10
-1.45025
20
2.83671
30
-6.62255
11
-1.32119
21
2.89571
31
-6.61821
12
-1.27605
22
2.75976
32
-6.57929
13
-1.40507
23
2.70008
33
-6.58449
0
3DFACE
8
A1
10
-1.32119
20
2.89571
30
-6.61821
11
-1.19210
21
2.95419
31
-6.61451
12
-1.14700
22
2.81893
32
-6.57474
13
-1.27605
23
2.75976
33
-6.57929
0
3DFACE
8
A1
10
-1.19210
20
2.95419
30
-6.61451
11
-1.06300
21
3.01250
31
-6.61103
12
-1.01793
22
2.87776
32
-6.57061
13
-1.14700
23
2.81893
33
-6.57474
0
3DFACE
8
A1
10
-1.06300
20
3.01250
30
-6.61103
11
-0.93388
21
3.07047
31
-6.60797
12
-0.88882
22
2.93599
32
-6.56723
13
-1.01793
23
2.87776
33
-6.57061
0
3DFACE
8
A1
10
-0.93388
20
3.07047
30
-6.60797
11
-0.80476
21
3.12835
31
-6.60502
12
-0.75971
22
2.99404
32
-6.56407
13
-0.88882
23
2.93599
33
-6.56723
0
3DFACE
8
A1
10
-0.80476
20
3.12835
30
-6.60502
11
-0.67565
21
3.18649
31
-6.60175
12
-0.63059
22
3.05192
32
-6.56112
13
-0.75971
23
2.99404
33
-6.56407
0
3DFACE
8
A1
10
-0.67565
20
3.18649
30
-6.60175
11
-0.54654
21
3.24454
31
-6.59859
12
-0.50146
22
3.10971
32
-6.55828
13
-0.63059
23
3.05192
33
-6.56112
0
3DFACE
8
A1
10
-0.54654
20
3.24454
30
-6.59859
11
-0.41744
21
3.30285
31
-6.59510
12
-0.37234
22
3.16759
32
-6.55533
13
-0.50146
23
3.10971
33
-6.55828
0
3DFACE
8
A1
10
-0.41744
20
3.30285
30
-6.59510
11
-0.28836
21
3.36142
31
-6.59130
12
-0.24324
22
3.22582
32
-6.55195
13
-0.37234
23
3.16759
33
-6.55533
0
3DFACE
8
A1
10
-0.28836
20
3.36142
30
-6.59130
11
-0.15928
21
3.42007
31
-6.58739
12
-0.11413
22
3.28404
32
-6.54857
13
-0.24324
23
3.22582
33
-6.55195
0
3DFACE
8
A1
10
-0.15928
20
3.42007
30
-6.58739
11
-0.03021
21
3.47898
31
-6.58315
12
0.01496
22
3.34253
32
-6.54488
13
-0.11413
23
3.28404
33
-6.54857
0
3DFACE
8
A1
10
-0.03021
20
3.47898
30
-6.58315
11
0.09885
21
3.53807
31
-6.57871
12
0.14404
22
3.40118
32
-6.54096
13
0.01496
23
3.34253
33
-6.54488
0
3DFACE
8
A1
10
0.09885
20
3.53807
30
-6.57871
11
0.22790
21
3.59724
31
-6.57415
12
0.27311
22
3.46001
32
-6.53684
13
0.14404
23
3.40118
33
-6.54096
0
3DFACE
8
A1
10
0.22790
20
3.59724
30
-6.57415
11
0.35694
21
3.65658
31
-6.56938
12
0.40217
22
3.51900
32
-6.53250
13
0.27311
23
3.46001
33
-6.53684
0
3DFACE
8
A1
10
0.35694
20
3.65658
30
-6.56938
11
0.48598
21
3.71601
31
-6.56451
12
0.53122
22
3.57817
32
-6.52794
13
0.40217
23
3.51900
33
-6.53250
0
3DFACE
8
A1
10
0.48598
20
3.71601
30
-6.56451
11
0.61502
21
3.77552
31
-6.55953
12
0.66027
22
3.63743
32
-6.52328
13
0.53122
23
3.57817
33
-6.52794
0
3DFACE
8
A1
10
0.61502
20
3.77552
30
-6.55953
11
0.74405
21
3.83504
31
-6.55455
12
0.78931
22
3.69686
32
-6.51841
13
0.66027
23
3.63743
33
-6.52328
0
3DFACE
8
A1
10
0.74405
20
3.83504
30
-6.55455
11
0.87309
21
3.89455
31
-6.54956
12
0.91834
22
3.75646
32
-6.51332
13
0.78931
23
3.69686
33
-6.51841
0
3DFACE
8
A1
10
0.87309
20
3.89455
30
-6.54956
11
1.00212
21
3.95407
31
-6.54458
12
1.04737
22
3.81606
32
-6.50823
13
0.91834
23
3.75646
33
-6.51332
0
3DFACE
8
A1
10
1.00212
20
3.95407
30
-6.54458
11
1.13116
21
4.01349
31
-6.53971
12
1.17640
22
3.87557
32
-6.50325
13
1.04737
23
3.81606
33
-6.50823
0
3DFACE
8
A1
10
1.13116
20
4.01349
30
-6.53971
11
1.26019
21
4.07301
31
-6.53472
12
1.30543
22
3.93526
32
-6.49805
13
1.17640
23
3.87557
33
-6.50325
0
3DFACE
8
A1
10
1.26019
20
4.07301
30
-6.53472
11
1.38923
21
4.13244
31
-6.52985
12
1.43446
22
3.99469
32
-6.49318
13
1.30543
23
3.93526
33
-6.49805
0
3DFACE
8
A1
10
1.38923
20
4.13244
30
-6.52985
11
1.51826
21
4.19195
31
-6.52487
12
1.56350
22
4.05420
32
-6.48819
13
1.43446
23
3.99469
33
-6.49318
0
3DFACE
8
A1
10
1.51826
20
4.19195
30
-6.52487
11
1.64730
21
4.25138
31
-6.51999
12
1.69254
22
4.11363
32
-6.48332
13
1.56350
23
4.05420
33
-6.48819
0
3DFACE
8
A1
10
1.64730
20
4.25138
30
-6.51999
11
1.77634
21
4.31089
31
-6.51501
12
1.82157
22
4.17315
32
-6.47834
13
1.69254
23
4.11363
33
-6.48332
0
3DFACE
8
A1
10
1.77634
20
4.31089
30
-6.51501
11
1.90538
21
4.37032
31
-6.51013
12
1.95061
22
4.23257
32
-6.47346
13
1.82157
23
4.17315
33
-6.47834
0
3DFACE
8
A1
10
1.90538
20
4.37032
30
-6.51013
11
2.03441
21
4.42984
31
-6.50515
12
2.07964
22
4.29209
32
-6.46848
13
1.95061
23
4.23257
33
-6.47346
0
3DFACE
8
A1
10
2.03441
20
4.42984
30
-6.50515
11
2.16345
21
4.48927
31
-6.50028
12
2.20868
22
4.35152
32
-6.46361
13
2.07964
23
4.29209
33
-6.46848
0
3DFACE
8
A1
10
2.16345
20
4.48927
30
-6.50028
11
2.29248
21
4.54878
31
-6.49530
12
2.33772
22
4.41103
32
-6.45862
13
2.20868
23
4.35152
33
-6.46361
0
3DFACE
8
A1
10
2.29248
20
4.54878
30
-6.49530
11
2.42152
21
4.60821
31
-6.49042
12
2.46676
22
4.47046
32
-6.45375
13
2.33772
23
4.41103
33
-6.45862
0
3DFACE
8
A1
10
2.42152
20
4.60821
30
-6.49042
11
2.55056
21
4.66772
31
-6.48544
12
2.59579
22
4.52997
32
-6.44877
13
2.46676
23
4.47046
33
-6.45375
0
3DFACE
8
A1
10
2.55056
20
4.66772
30
-6.48544
11
2.67959
21
4.72715
31
-6.48056
12
2.72483
22
4.58940
32
-6.44389
13
2.59579
23
4.52997
33
-6.44877
0
3DFACE
8
A1
10
-2.95394
20
1.99433
30
-6.63379
11
-2.82461
21
2.04843
31
-6.63554
12
-2.77929
22
1.90905
32
-6.60091
13
-2.90862
23
1.85512
33
-6.59893
0
3DFACE
8
A1
10
-2.82461
20
2.04843
30
-6.63554
11
-2.69549
21
2.10623
31
-6.63270
12
-2.65016
22
1.96667
32
-6.59828
13
-2.77929
23
1.90905
33
-6.60091
0
3DFACE
8
A1
10
-2.69549
20
2.10623
30
-6.63270
11
-2.56651
21
2.16677
31
-6.62644
12
-2.52117
22
2.02713
32
-6.59212
13
-2.65016
23
1.96667
33
-6.59828
0
3DFACE
8
A1
10
-2.56651
20
2.16677
30
-6.62644
11
-2.43739
21
2.22474
31
-6.62338
12
-2.39212
22
2.08639
32
-6.58746
13
-2.52117
23
2.02713
33
-6.59212
0
3DFACE
8
A1
10
-2.43739
20
2.22474
30
-6.62338
11
-2.30818
21
2.28090
31
-6.62257
12
-2.26291
22
2.14255
32
-6.58665
13
-2.39212
23
2.08639
33
-6.58746
0
3DFACE
8
A1
10
-2.30818
20
2.28090
30
-6.62257
11
-2.17903
21
2.33844
31
-6.62005
12
-2.13377
22
2.20017
32
-6.58402
13
-2.26291
23
2.14255
33
-6.58665
0
3DFACE
8
A1
10
-2.17903
20
2.33844
30
-6.62005
11
-2.04996
21
2.39726
31
-6.61592
12
-2.00470
22
2.25891
32
-6.58000
13
-2.13377
23
2.20017
33
-6.58402
0
3DFACE
8
A1
10
-2.04996
20
2.39726
30
-6.61592
11
-1.92100
21
2.45815
31
-6.60923
12
-1.87573
22
2.31971
32
-6.57341
13
-2.00470
23
2.25891
33
-6.58000
0
3DFACE
8
A1
10
-1.92100
20
2.45815
30
-6.60923
11
-1.79203
21
2.51887
31
-6.60275
12
-1.74677
22
2.38052
32
-6.56683
13
-1.87573
23
2.31971
33
-6.57341
0
3DFACE
8
A1
10
-1.79203
20
2.51887
30
-6.60275
11
-1.66306
21
2.57950
31
-6.59638
12
-1.61780
22
2.44132
32
-6.56024
13
-1.74677
23
2.38052
33
-6.56683
0
3DFACE
8
A1
10
-1.66306
20
2.57950
30
-6.59638
11
-1.53408
21
2.63996
31
-6.59022
12
-1.48883
22
2.50204
32
-6.55376
13
-1.61780
23
2.44132
33
-6.56024
0
3DFACE
8
A1
10
-1.53408
20
2.63996
30
-6.59022
11
-1.40507
21
2.70008
31
-6.58449
12
-1.35986
22
2.56259
32
-6.54749
13
-1.48883
23
2.50204
33
-6.55376
0
3DFACE
8
A1
10
-1.40507
20
2.70008
30
-6.58449
11
-1.27605
21
2.75976
31
-6.57929
12
-1.23086
22
2.62279
32
-6.54166
13
-1.35986
23
2.56259
33
-6.54749
0
3DFACE
8
A1
10
-1.27605
20
2.75976
30
-6.57929
11
-1.14700
21
2.81893
31
-6.57474
12
-1.10184
22
2.68265
32
-6.53625
13
-1.23086
23
2.62279
33
-6.54166
0
3DFACE
8
A1
10
-1.14700
20
2.81893
30
-6.57474
11
-1.01793
21
2.87776
31
-6.57061
12
-0.97280
22
2.74208
32
-6.53137
13
-1.10184
23
2.68265
33
-6.53625
0
3DFACE
8
A1
10
-1.01793
20
2.87776
30
-6.57061
11
-0.88882
21
2.93599
31
-6.56723
12
-0.84374
22
2.80099
32
-6.52714
13
-0.97280
23
2.74208
33
-6.53137
0
3DFACE
8
A1
10
-0.88882
20
2.93599
30
-6.56723
11
-0.75971
21
2.99404
31
-6.56407
12
-0.71465
22
2.85947
32
-6.52344
13
-0.84374
23
2.80099
33
-6.52714
0
3DFACE
8
A1
10
-0.75971
20
2.99404
30
-6.56407
11
-0.63059
21
3.05192
31
-6.56112
12
-0.58554
22
2.91761
32
-6.52017
13
-0.71465
23
2.85947
33
-6.52344
0
3DFACE
8
A1
10
-0.63059
20
3.05192
30
-6.56112
11
-0.50146
21
3.10971
31
-6.55828
12
-0.45642
22
2.97549
32
-6.51722
13
-0.58554
23
2.91761
33
-6.52017
0
3DFACE
8
A1
10
-0.50146
20
3.10971
30
-6.55828
11
-0.37234
21
3.16759
31
-6.55533
12
-0.32729
22
3.03320
32
-6.51448
13
-0.45642
23
2.97549
33
-6.51722
0
3DFACE
8
A1
10
-0.37234
20
3.16759
30
-6.55533
11
-0.24324
21
3.22582
31
-6.55195
12
-0.19816
22
3.09099
32
-6.51164
13
-0.32729
23
3.03320
33
-6.51448
0
3DFACE
8
A1
10
-0.24324
20
3.22582
30
-6.55195
11
-0.11413
21
3.28404
31
-6.54857
12
-0.06904
22
3.14887
32
-6.50869
13
-0.19816
23
3.09099
33
-6.51164
0
3DFACE
8
A1
10
-0.11413
20
3.28404
30
-6.54857
11
0.01496
21
3.34253
31
-6.54488
12
0.06008
22
3.20684
32
-6.50564
13
-0.06904
23
3.14887
33
-6.50869
0
3DFACE
8
A1
10
0.01496
20
3.34253
30
-6.54488
11
0.14404
21
3.40118
31
-6.54096
12
0.18918
22
3.26515
32
-6.50215
13
0.06008
23
3.20684
33
-6.50564
0
3DFACE
8
A1
10
0.14404
20
3.40118
30
-6.54096
11
0.27311
21
3.46001
31
-6.53684
12
0.31827
22
3.32355
32
-6.49856
13
0.18918
23
3.26515
33
-6.50215
0
3DFACE
8
A1
10
0.27311
20
3.46001
30
-6.53684
11
0.40217
21
3.51900
31
-6.53250
12
0.44736
22
3.38212
32
-6.49476
13
0.31827
23
3.32355
33
-6.49856
0
3DFACE
8
A1
10
0.40217
20
3.51900
30
-6.53250
11
0.53122
21
3.57817
31
-6.52794
12
0.57643
22
3.44094
32
-6.49063
13
0.44736
23
3.38212
33
-6.49476
0
3DFACE
8
A1
10
0.53122
20
3.57817
30
-6.52794
11
0.66027
21
3.63743
31
-6.52328
12
0.70550
22
3.49977
32
-6.48650
13
0.57643
23
3.44094
33
-6.49063
0
3DFACE
8
A1
10
0.66027
20
3.63743
30
-6.52328
11
0.78931
21
3.69686
31
-6.51841
12
0.83455
22
3.55902
32
-6.48184
13
0.70550
23
3.49977
33
-6.48650
0
3DFACE
8
A1
10
0.78931
20
3.69686
30
-6.51841
11
0.91834
21
3.75646
31
-6.51332
12
0.96359
22
3.61837
32
-6.47707
13
0.83455
23
3.55902
33
-6.48184
0
3DFACE
8
A1
10
0.91834
20
3.75646
30
-6.51332
11
1.04737
21
3.81606
31
-6.50823
12
1.09264
22
3.67762
32
-6.47241
13
0.96359
23
3.61837
33
-6.47707
0
3DFACE
8
A1
10
1.04737
20
3.81606
30
-6.50823
11
1.17640
21
3.87557
31
-6.50325
12
1.22167
22
3.73722
32
-6.46732
13
1.09264
23
3.67762
33
-6.47241
0
3DFACE
8
A1
10
1.17640
20
3.87557
30
-6.50325
11
1.30543
21
3.93526
31
-6.49805
12
1.35069
22
3.79700
32
-6.46202
13
1.22167
23
3.73722
33
-6.46732
0
3DFACE
8
A1
10
1.30543
20
3.93526
30
-6.49805
11
1.43446
21
3.99469
31
-6.49318
12
1.47972
22
3.85651
32
-6.45704
13
1.35069
23
3.79700
33
-6.46202
0
3DFACE
8
A1
10
1.43446
20
3.99469
30
-6.49318
11
1.56350
21
4.05420
31
-6.48819
12
1.60875
22
3.91620
32
-6.45184
13
1.47972
23
3.85651
33
-6.45704
0
3DFACE
8
A1
10
1.56350
20
4.05420
30
-6.48819
11
1.69254
21
4.11363
31
-6.48332
12
1.73777
22
3.97588
32
-6.44665
13
1.60875
23
3.91620
33
-6.45184
0
3DFACE
8
A1
10
1.69254
20
4.11363
30
-6.48332
11
1.82157
21
4.17315
31
-6.47834
12
1.86680
22
4.03540
32
-6.44167
13
1.73777
23
3.97588
33
-6.44665
0
3DFACE
8
A1
10
1.82157
20
4.17315
30
-6.47834
11
1.95061
21
4.23257
31
-6.47346
12
1.99584
22
4.09482
32
-6.43679
13
1.86680
23
4.03540
33
-6.44167
0
3DFACE
8
A1
10
1.95061
20
4.23257
30
-6.47346
11
2.07964
21
4.29209
31
-6.46848
12
2.12488
22
4.15434
32
-6.43181
13
1.99584
23
4.09482
33
-6.43679
0
3DFACE
8
A1
10
2.07964
20
4.29209
30
-6.46848
11
2.20868
21
4.35152
31
-6.46361
12
2.25392
22
4.21377
32
-6.42693
13
2.12488
23
4.15434
33
-6.43181
0
3DFACE
8
A1
10
2.20868
20
4.35152
30
-6.46361
11
2.33772
21
4.41103
31
-6.45862
12
2.38295
22
4.27328
32
-6.42195
13
2.25392
23
4.21377
33
-6.42693
0
3DFACE
8
A1
10
2.33772
20
4.41103
30
-6.45862
11
2.46676
21
4.47046
31
-6.45375
12
2.51199
22
4.33271
32
-6.41708
13
2.38295
23
4.27328
33
-6.42195
0
3DFACE
8
A1
10
2.46676
20
4.47046
30
-6.45375
11
2.59579
21
4.52997
31
-6.44877
12
2.64102
22
4.39222
32
-6.41209
13
2.51199
23
4.33271
33
-6.41708
0
3DFACE
8
A1
10
2.59579
20
4.52997
30
-6.44877
11
2.72483
21
4.58940
31
-6.44389
12
2.77006
22
4.45165
32
-6.40722
13
2.64102
23
4.39222
33
-6.41209
0
3DFACE
8
A1
10
2.72483
20
4.58940
30
-6.44389
11
2.85386
21
4.64892
31
-6.43891
12
2.89910
22
4.51117
32
-6.40224
13
2.77006
23
4.45165
33
-6.40722
0
3DFACE
8
A1
10
-2.90862
20
1.85512
30
-6.59893
11
-2.77929
21
1.90905
31
-6.60091
12
-2.73397
22
1.76967
32
-6.56627
13
-2.86332
23
1.71600
33
-6.56397
0
3DFACE
8
A1
10
-2.77929
20
1.90905
30
-6.60091
11
-2.65016
21
1.96667
31
-6.59828
12
-2.60483
22
1.82720
32
-6.56374
13
-2.73397
23
1.76967
33
-6.56627
0
3DFACE
8
A1
10
-2.65016
20
1.96667
30
-6.59828
11
-2.52117
21
2.02713
31
-6.59212
12
-2.47584
22
1.88758
32
-6.55769
13
-2.60483
23
1.82720
33
-6.56374
0
3DFACE
8
A1
10
-2.52117
20
2.02713
30
-6.59212
11
-2.39212
21
2.08639
31
-6.58746
12
-2.34687
22
1.94821
32
-6.55132
13
-2.47584
23
1.88758
33
-6.55769
0
3DFACE
8
A1
10
-2.39212
20
2.08639
30
-6.58746
11
-2.26291
21
2.14255
31
-6.58665
12
-2.21764
22
2.00411
32
-6.55083
13
-2.34687
23
1.94821
33
-6.55132
0
3DFACE
8
A1
10
-2.26291
20
2.14255
30
-6.58665
11
-2.13377
21
2.20017
31
-6.58402
12
-2.08851
22
2.06182
32
-6.54810
13
-2.21764
23
2.00411
33
-6.55083
0
3DFACE
8
A1
10
-2.13377
20
2.20017
30
-6.58402
11
-2.00470
21
2.25891
31
-6.58000
12
-1.95943
22
2.12056
32
-6.54408
13
-2.08851
23
2.06182
33
-6.54810
0
3DFACE
8
A1
10
-2.00470
20
2.25891
30
-6.58000
11
-1.87573
21
2.31971
31
-6.57341
12
-1.83047
22
2.18136
32
-6.53749
13
-1.95943
23
2.12056
33
-6.54408
0
3DFACE
8
A1
10
-1.87573
20
2.31971
30
-6.57341
11
-1.74677
21
2.38052
31
-6.56683
12
-1.70150
22
2.24217
32
-6.53090
13
-1.83047
23
2.18136
33
-6.53749
0
3DFACE
8
A1
10
-1.74677
20
2.38052
30
-6.56683
11
-1.61780
21
2.44132
31
-6.56024
12
-1.57254
22
2.30297
32
-6.52432
13
-1.70150
23
2.24217
33
-6.53090
0
3DFACE
8
A1
10
-1.61780
20
2.44132
30
-6.56024
11
-1.48883
21
2.50204
31
-6.55376
12
-1.44357
22
2.36378
32
-6.51773
13
-1.57254
23
2.30297
33
-6.52432
0
3DFACE
8
A1
10
-1.48883
20
2.50204
30
-6.55376
11
-1.35986
21
2.56259
31
-6.54749
12
-1.31460
22
2.42449
32
-6.51125
13
-1.44357
23
2.36378
33
-6.51773
0
3DFACE
8
A1
10
-1.35986
20
2.56259
30
-6.54749
11
-1.23086
21
2.62279
31
-6.54166
12
-1.18563
22
2.48513
32
-6.50488
13
-1.31460
23
2.42449
33
-6.51125
0
3DFACE
8
A1
10
-1.23086
20
2.62279
30
-6.54166
11
-1.10184
21
2.68265
31
-6.53625
12
-1.05664
22
2.54550
32
-6.49882
13
-1.18563
23
2.48513
33
-6.50488
0
3DFACE
8
A1
10
-1.10184
20
2.68265
30
-6.53625
11
-0.97280
21
2.74208
31
-6.53137
12
-0.92764
22
2.60553
32
-6.49320
13
-1.05664
23
2.54550
33
-6.49882
0
3DFACE
8
A1
10
-0.97280
20
2.74208
30
-6.53137
11
-0.84374
21
2.80099
31
-6.52714
12
-0.79861
22
2.66513
32
-6.48811
13
-0.92764
23
2.60553
33
-6.49320
0
3DFACE
8
A1
10
-0.84374
20
2.80099
30
-6.52714
11
-0.71465
21
2.85947
31
-6.52344
12
-0.66955
22
2.72430
32
-6.48356
13
-0.79861
23
2.66513
33
-6.48811
0
3DFACE
8
A1
10
-0.71465
20
2.85947
30
-6.52344
11
-0.58554
21
2.91761
31
-6.52017
12
-0.54047
22
2.78287
32
-6.47975
13
-0.66955
23
2.72430
33
-6.48356
0
3DFACE
8
A1
10
-0.58554
20
2.91761
30
-6.52017
11
-0.45642
21
2.97549
31
-6.51722
12
-0.41137
22
2.84109
32
-6.47637
13
-0.54047
23
2.78287
33
-6.47975
0
3DFACE
8
A1
10
-0.45642
20
2.97549
30
-6.51722
11
-0.32729
21
3.03320
31
-6.51448
12
-0.28224
22
2.89897
32
-6.47343
13
-0.41137
23
2.84109
33
-6.47637
0
3DFACE
8
A1
10
-0.32729
20
3.03320
30
-6.51448
11
-0.19816
21
3.09099
31
-6.51164
12
-0.15312
22
2.95677
32
-6.47058
13
-0.28224
23
2.89897
33
-6.47343
0
3DFACE
8
A1
10
-0.19816
20
3.09099
30
-6.51164
11
-0.06904
21
3.14887
31
-6.50869
12
-0.02398
22
3.01439
32
-6.46795
13
-0.15312
23
2.95677
33
-6.47058
0
3DFACE
8
A1
10
-0.06904
20
3.14887
30
-6.50869
11
0.06008
21
3.20684
31
-6.50564
12
0.10515
22
3.07210
32
-6.46522
13
-0.02398
23
3.01439
33
-6.46795
0
3DFACE
8
A1
10
0.06008
20
3.20684
30
-6.50564
11
0.18918
21
3.26515
31
-6.50215
12
0.23427
22
3.12998
32
-6.46227
13
0.10515
23
3.07210
33
-6.46522
0
3DFACE
8
A1
10
0.18918
20
3.26515
30
-6.50215
11
0.31827
21
3.32355
31
-6.49856
12
0.36339
22
3.18795
32
-6.45921
13
0.23427
23
3.12998
33
-6.46227
0
3DFACE
8
A1
10
0.31827
20
3.32355
30
-6.49856
11
0.44736
21
3.38212
31
-6.49476
12
0.49250
22
3.24609
32
-6.45594
13
0.36339
23
3.18795
33
-6.45921
0
3DFACE
8
A1
10
0.44736
20
3.38212
30
-6.49476
11
0.57643
21
3.44094
31
-6.49063
12
0.62159
22
3.30448
32
-6.45235
13
0.49250
23
3.24609
33
-6.45594
0
3DFACE
8
A1
10
0.57643
20
3.44094
30
-6.49063
11
0.70550
21
3.49977
31
-6.48650
12
0.75068
22
3.36297
32
-6.44865
13
0.62159
23
3.30448
33
-6.45235
0
3DFACE
8
A1
10
0.70550
20
3.49977
30
-6.48650
11
0.83455
21
3.55902
31
-6.48184
12
0.87975
22
3.42179
32
-6.44453
13
0.75068
23
3.36297
33
-6.44865
0
3DFACE
8
A1
10
0.83455
20
3.55902
30
-6.48184
11
0.96359
21
3.61837
31
-6.47707
12
1.00882
22
3.48070
32
-6.44030
13
0.87975
23
3.42179
33
-6.44453
0
3DFACE
8
A1
10
0.96359
20
3.61837
30
-6.47707
11
1.09264
21
3.67762
31
-6.47241
12
1.13788
22
3.53962
32
-6.43606
13
1.00882
23
3.48070
33
-6.44030
0
3DFACE
8
A1
10
1.09264
20
3.67762
30
-6.47241
11
1.22167
21
3.73722
31
-6.46732
12
1.26693
22
3.59887
32
-6.43140
13
1.13788
23
3.53962
33
-6.43606
0
3DFACE
8
A1
10
1.22167
20
3.73722
30
-6.46732
11
1.35069
21
3.79700
31
-6.46202
12
1.39597
22
3.65839
32
-6.42642
13
1.26693
23
3.59887
33
-6.43140
0
3DFACE
8
A1
10
1.35069
20
3.79700
30
-6.46202
11
1.47972
21
3.85651
31
-6.45704
12
1.52501
22
3.71773
32
-6.42165
13
1.39597
23
3.65839
33
-6.42642
0
3DFACE
8
A1
10
1.47972
20
3.85651
30
-6.45704
11
1.60875
21
3.91620
31
-6.45184
12
1.65406
22
3.77699
32
-6.41699
13
1.52501
23
3.71773
33
-6.42165
0
3DFACE
8
A1
10
1.60875
20
3.91620
30
-6.45184
11
1.73777
21
3.97588
31
-6.44665
12
1.78307
22
3.83693
32
-6.41147
13
1.65406
23
3.77699
33
-6.41699
0
3DFACE
8
A1
10
1.73777
20
3.97588
30
-6.44665
11
1.86680
21
4.03540
31
-6.44167
12
1.91209
22
3.89662
32
-6.40628
13
1.78307
23
3.83693
33
-6.41147
0
3DFACE
8
A1
10
1.86680
20
4.03540
30
-6.44167
11
1.99584
21
4.09482
31
-6.43679
12
2.04112
22
3.95630
32
-6.40108
13
1.91209
23
3.89662
33
-6.40628
0
3DFACE
8
A1
10
1.99584
20
4.09482
30
-6.43679
11
2.12488
21
4.15434
31
-6.43181
12
2.17014
22
4.01607
32
-6.39578
13
2.04112
23
3.95630
33
-6.40108
0
3DFACE
8
A1
10
2.12488
20
4.15434
30
-6.43181
11
2.25392
21
4.21377
31
-6.42693
12
2.29915
22
4.07602
32
-6.39026
13
2.17014
23
4.01607
33
-6.39578
0
3DFACE
8
A1
10
2.25392
20
4.21377
30
-6.42693
11
2.38295
21
4.27328
31
-6.42195
12
2.42819
22
4.13545
32
-6.38539
13
2.29915
23
4.07602
33
-6.39026
0
3DFACE
8
A1
10
2.38295
20
4.27328
30
-6.42195
11
2.51199
21
4.33271
31
-6.41708
12
2.55722
22
4.19496
32
-6.38040
13
2.42819
23
4.13545
33
-6.38539
0
3DFACE
8
A1
10
2.51199
20
4.33271
30
-6.41708
11
2.64102
21
4.39222
31
-6.41209
12
2.68626
22
4.25439
32
-6.37553
13
2.55722
23
4.19496
33
-6.38040
0
3DFACE
8
A1
10
2.64102
20
4.39222
30
-6.41209
11
2.77006
21
4.45165
31
-6.40722
12
2.81529
22
4.31390
32
-6.37055
13
2.68626
23
4.25439
33
-6.37553
0
3DFACE
8
A1
10
2.77006
20
4.45165
30
-6.40722
11
2.89910
21
4.51117
31
-6.40224
12
2.94433
22
4.37333
32
-6.36567
13
2.81529
23
4.31390
33
-6.37055
0
3DFACE
8
A1
10
2.89910
20
4.51117
30
-6.40224
11
3.02813
21
4.57060
31
-6.39736
12
3.07337
22
4.43285
32
-6.36069
13
2.94433
23
4.37333
33
-6.36567
0
3DFACE
8
A1
10
3.02813
20
4.57060
30
-6.39736
11
3.15717
21
4.63011
31
-6.39238
12
3.20241
22
4.49227
32
-6.35581
13
3.07337
23
4.43285
33
-6.36069
0
3DFACE
8
A1
10
-2.86332
20
1.71600
30
-6.56397
11
-2.73397
21
1.76967
31
-6.56627
12
-2.68875
22
1.63217
32
-6.52927
13
-2.81811
23
1.57877
33
-6.52666
0
3DFACE
8
A1
10
-2.73397
20
1.76967
30
-6.56627
11
-2.60483
21
1.82720
31
-6.56374
12
-2.55961
22
1.68963
32
-6.52686
13
-2.68875
23
1.63217
33
-6.52927
0
3DFACE
8
A1
10
-2.60483
20
1.82720
30
-6.56374
11
-2.47584
21
1.88758
31
-6.55769
12
-2.43061
22
1.74983
32
-6.52102
13
-2.55961
23
1.68963
33
-6.52686
0
3DFACE
8
A1
10
-2.47584
20
1.88758
30
-6.55769
11
-2.34687
21
1.94821
31
-6.55132
12
-2.30163
22
1.81037
32
-6.51475
13
-2.43061
23
1.74983
33
-6.52102
0
3DFACE
8
A1
10
-2.34687
20
1.94821
30
-6.55132
11
-2.21764
21
2.00411
31
-6.55083
12
-2.17237
22
1.86567
32
-6.51501
13
-2.30163
23
1.81037
33
-6.51475
0
3DFACE
8
A1
10
-2.21764
20
2.00411
30
-6.55083
11
-2.08851
21
2.06182
31
-6.54810
12
-2.04324
22
1.92347
32
-6.51217
13
-2.17237
23
1.86567
33
-6.51501
0
3DFACE
8
A1
10
-2.08851
20
2.06182
30
-6.54810
11
-1.95943
21
2.12056
31
-6.54408
12
-1.91417
22
1.98221
32
-6.50815
13
-2.04324
23
1.92347
33
-6.51217
0
3DFACE
8
A1
10
-1.95943
20
2.12056
30
-6.54408
11
-1.83047
21
2.18136
31
-6.53749
12
-1.78520
22
2.04301
32
-6.50157
13
-1.91417
23
1.98221
33
-6.50815
0
3DFACE
8
A1
10
-1.83047
20
2.18136
30
-6.53749
11
-1.70150
21
2.24217
31
-6.53090
12
-1.65624
22
2.10382
32
-6.49498
13
-1.78520
23
2.04301
33
-6.50157
0
3DFACE
8
A1
10
-1.70150
20
2.24217
30
-6.53090
11
-1.57254
21
2.30297
31
-6.52432
12
-1.52727
22
2.16462
32
-6.48839
13
-1.65624
23
2.10382
33
-6.49498
0
3DFACE
8
A1
10
-1.57254
20
2.30297
30
-6.52432
11
-1.44357
21
2.36378
31
-6.51773
12
-1.39831
22
2.22543
32
-6.48181
13
-1.52727
23
2.16462
33
-6.48839
0
3DFACE
8
A1
10
-1.44357
20
2.36378
30
-6.51773
11
-1.31460
21
2.42449
31
-6.51125
12
-1.26934
22
2.28623
32
-6.47522
13
-1.39831
23
2.22543
33
-6.48181
0
3DFACE
8
A1
10
-1.31460
20
2.42449
30
-6.51125
11
-1.18563
21
2.48513
31
-6.50488
12
-1.14037
22
2.34695
32
-6.46874
13
-1.26934
23
2.28623
33
-6.47522
0
3DFACE
8
A1
10
-1.18563
20
2.48513
30
-6.50488
11
-1.05664
21
2.54550
31
-6.49882
12
-1.01140
22
2.40767
32
-6.46226
13
-1.14037
23
2.34695
33
-6.46874
0
3DFACE
8
A1
10
-1.05664
20
2.54550
30
-6.49882
11
-0.92764
21
2.60553
31
-6.49320
12
-0.88242
22
2.46813
32
-6.45610
13
-1.01140
23
2.40767
33
-6.46226
0
3DFACE
8
A1
10
-0.92764
20
2.60553
30
-6.49320
11
-0.79861
21
2.66513
31
-6.48811
12
-0.75342
22
2.52833
32
-6.45026
13
-0.88242
23
2.46813
33
-6.45610
0
3DFACE
8
A1
10
-0.79861
20
2.66513
30
-6.48811
11
-0.66955
21
2.72430
31
-6.48356
12
-0.62440
22
2.58810
32
-6.44496
13
-0.75342
23
2.52833
33
-6.45026
0
3DFACE
8
A1
10
-0.66955
20
2.72430
30
-6.48356
11
-0.54047
21
2.78287
31
-6.47975
12
-0.49536
22
2.64744
32
-6.44019
13
-0.62440
23
2.58810
33
-6.44496
0
3DFACE
8
A1
10
-0.54047
20
2.78287
30
-6.47975
11
-0.41137
21
2.84109
31
-6.47637
12
-0.36629
22
2.70627
32
-6.43606
13
-0.49536
23
2.64744
33
-6.44019
0
3DFACE
8
A1
10
-0.41137
20
2.84109
30
-6.47637
11
-0.28224
21
2.89897
31
-6.47343
12
-0.23719
22
2.76467
32
-6.43247
13
-0.36629
23
2.70627
33
-6.43606
0
3DFACE
8
A1
10
-0.28224
20
2.89897
30
-6.47343
11
-0.15312
21
2.95677
31
-6.47058
12
-0.10808
22
2.82263
32
-6.42942
13
-0.23719
23
2.76467
33
-6.43247
0
3DFACE
8
A1
10
-0.15312
20
2.95677
30
-6.47058
11
-0.02398
21
3.01439
31
-6.46795
12
0.02105
22
2.88034
32
-6.42668
13
-0.10808
23
2.82263
33
-6.42942
0
3DFACE
8
A1
10
-0.02398
20
3.01439
30
-6.46795
11
0.10515
21
3.07210
31
-6.46522
12
0.15019
22
2.93796
32
-6.42405
13
0.02105
23
2.88034
33
-6.42668
0
3DFACE
8
A1
10
0.10515
20
3.07210
30
-6.46522
11
0.23427
21
3.12998
31
-6.46227
12
0.27933
22
2.99550
32
-6.42153
13
0.15019
23
2.93796
33
-6.42405
0
3DFACE
8
A1
10
0.23427
20
3.12998
30
-6.46227
11
0.36339
21
3.18795
31
-6.45921
12
0.40846
22
3.05312
32
-6.41890
13
0.27933
23
2.99550
33
-6.42153
0
3DFACE
8
A1
10
0.36339
20
3.18795
30
-6.45921
11
0.49250
21
3.24609
31
-6.45594
12
0.53759
22
3.11092
32
-6.41606
13
0.40846
23
3.05312
33
-6.41890
0
3DFACE
8
A1
10
0.49250
20
3.24609
30
-6.45594
11
0.62159
21
3.30448
31
-6.45235
12
0.66671
22
3.16888
32
-6.41301
13
0.53759
23
3.11092
33
-6.41606
0
3DFACE
8
A1
10
0.62159
20
3.30448
30
-6.45235
11
0.75068
21
3.36297
31
-6.44865
12
0.79582
22
3.22694
32
-6.40984
13
0.66671
23
3.16888
33
-6.41301
0
3DFACE
8
A1
10
0.75068
20
3.36297
30
-6.44865
11
0.87975
21
3.42179
31
-6.44453
12
0.92491
22
3.28533
32
-6.40625
13
0.79582
23
3.22694
33
-6.40984
0
3DFACE
8
A1
10
0.87975
20
3.42179
30
-6.44453
11
1.00882
21
3.48070
31
-6.44030
12
1.05400
22
3.34390
32
-6.40245
13
0.92491
23
3.28533
33
-6.40625
0
3DFACE
8
A1
10
1.00882
20
3.48070
30
-6.44030
11
1.13788
21
3.53962
31
-6.43606
12
1.18308
22
3.40247
32
-6.39864
13
1.05400
23
3.34390
33
-6.40245
0
3DFACE
8
A1
10
1.13788
20
3.53962
30
-6.43606
11
1.26693
21
3.59887
31
-6.43140
12
1.31214
22
3.46155
32
-6.39419
13
1.18308
23
3.40247
33
-6.39864
0
3DFACE
8
A1
10
1.26693
20
3.59887
30
-6.43140
11
1.39597
21
3.65839
31
-6.42642
12
1.44119
22
3.52081
32
-6.38953
13
1.31214
23
3.46155
33
-6.39419
0
3DFACE
8
A1
10
1.39597
20
3.65839
30
-6.42642
11
1.52501
21
3.71773
31
-6.42165
12
1.57025
22
3.57981
32
-6.38519
13
1.44119
23
3.52081
33
-6.38953
0
3DFACE
8
A1
10
1.52501
20
3.71773
30
-6.42165
11
1.65406
21
3.77699
31
-6.41699
12
1.69933
22
3.63855
32
-6.38117
13
1.57025
23
3.57981
33
-6.38519
0
3DFACE
8
A1
10
1.65406
20
3.77699
30
-6.41699
11
1.78307
21
3.83693
31
-6.41147
12
1.82837
22
3.69789
32
-6.37641
13
1.69933
23
3.63855
33
-6.38117
0
3DFACE
8
A1
10
1.78307
20
3.83693
30
-6.41147
11
1.91209
21
3.89662
31
-6.40628
12
1.95740
22
3.75749
32
-6.37132
13
1.82837
23
3.69789
33
-6.37641
0
3DFACE
8
A1
10
1.91209
20
3.89662
30
-6.40628
11
2.04112
21
3.95630
31
-6.40108
12
2.08642
22
3.81726
32
-6.36601
13
1.95740
23
3.75749
33
-6.37132
0
3DFACE
8
A1
10
2.04112
20
3.95630
30
-6.40108
11
2.17014
21
4.01607
31
-6.39578
12
2.21543
22
3.87721
32
-6.36050
13
2.08642
23
3.81726
33
-6.36601
0
3DFACE
8
A1
10
2.17014
20
4.01607
30
-6.39578
11
2.29915
21
4.07602
31
-6.39026
12
2.34441
22
3.93775
32
-6.35423
13
2.21543
23
3.87721
33
-6.36050
0
3DFACE
8
A1
10
2.29915
20
4.07602
30
-6.39026
11
2.42819
21
4.13545
31
-6.38539
12
2.47342
22
3.99770
32
-6.34871
13
2.34441
23
3.93775
33
-6.35423
0
3DFACE
8
A1
10
2.42819
20
4.13545
30
-6.38539
11
2.55722
21
4.19496
31
-6.38040
12
2.60245
22
4.05721
32
-6.34373
13
2.47342
23
3.99770
33
-6.34871
0
3DFACE
8
A1
10
2.55722
20
4.19496
30
-6.38040
11
2.68626
21
4.25439
31
-6.37553
12
2.73149
22
4.11664
32
-6.33886
13
2.60245
23
4.05721
33
-6.34373
0
3DFACE
8
A1
10
2.68626
20
4.25439
30
-6.37553
11
2.81529
21
4.31390
31
-6.37055
12
2.86053
22
4.17616
32
-6.33387
13
2.73149
23
4.11664
33
-6.33886
0
3DFACE
8
A1
10
2.81529
20
4.31390
30
-6.37055
11
2.94433
21
4.37333
31
-6.36567
12
2.98957
22
4.23558
32
-6.32900
13
2.86053
23
4.17616
33
-6.33387
0
3DFACE
8
A1
10
2.94433
20
4.37333
30
-6.36567
11
3.07337
21
4.43285
31
-6.36069
12
3.11860
22
4.29510
32
-6.32402
13
2.98957
23
4.23558
33
-6.32900
0
3DFACE
8
A1
10
3.07337
20
4.43285
30
-6.36069
11
3.20241
21
4.49227
31
-6.35581
12
3.24764
22
4.35453
32
-6.31914
13
3.11860
23
4.29510
33
-6.32402
0
3DFACE
8
A1
10
3.20241
20
4.49227
30
-6.35581
11
3.33144
21
4.55179
31
-6.35083
12
3.37667
22
4.41404
32
-6.31416
13
3.24764
23
4.35453
33
-6.31914
0
3DFACE
8
A1
10
3.33144
20
4.55179
30
-6.35083
11
3.46048
21
4.61122
31
-6.34596
12
3.50571
22
4.47347
32
-6.30928
13
3.37667
23
4.41404
33
-6.31416
0
3DFACE
8
A1
10
-2.81811
20
1.57877
30
-6.52666
11
-2.68875
21
1.63217
31
-6.52927
12
-2.64346
22
1.49331
32
-6.49399
13
-2.77282
23
1.43998
33
-6.49127
0
3DFACE
8
A1
10
-2.68875
20
1.63217
30
-6.52927
11
-2.55961
21
1.68963
31
-6.52686
12
-2.51430
22
1.55050
32
-6.49190
13
-2.64346
23
1.49331
33
-6.49399
0
3DFACE
8
A1
10
-2.55961
20
1.68963
30
-6.52686
11
-2.43061
21
1.74983
31
-6.52102
12
-2.38530
22
1.61062
32
-6.48617
13
-2.51430
23
1.55050
33
-6.49190
0
3DFACE
8
A1
10
-2.43061
20
1.74983
30
-6.52102
11
-2.30163
21
1.81037
31
-6.51475
12
-2.25631
22
1.67099
32
-6.48011
13
-2.38530
23
1.61062
33
-6.48617
0
3DFACE
8
A1
10
-2.30163
20
1.81037
30
-6.51475
11
-2.17237
21
1.86567
31
-6.51501
12
-2.12709
22
1.72715
32
-6.47931
13
-2.25631
23
1.67099
33
-6.48011
0
3DFACE
8
A1
10
-2.17237
20
1.86567
30
-6.51501
11
-2.04324
21
1.92347
31
-6.51217
12
-1.99797
22
1.78503
32
-6.47636
13
-2.12709
23
1.72715
33
-6.47931
0
3DFACE
8
A1
10
-2.04324
20
1.92347
30
-6.51217
11
-1.91417
21
1.98221
31
-6.50815
12
-1.86890
22
1.84386
32
-6.47223
13
-1.99797
23
1.78503
33
-6.47636
0
3DFACE
8
A1
10
-1.91417
20
1.98221
30
-6.50815
11
-1.78520
21
2.04301
31
-6.50157
12
-1.73994
22
1.90466
32
-6.46564
13
-1.86890
23
1.84386
33
-6.47223
0
3DFACE
8
A1
10
-1.78520
20
2.04301
30
-6.50157
11
-1.65624
21
2.10382
31
-6.49498
12
-1.61097
22
1.96547
32
-6.45906
13
-1.73994
23
1.90466
33
-6.46564
0
3DFACE
8
A1
10
-1.65624
20
2.10382
30
-6.49498
11
-1.52727
21
2.16462
31
-6.48839
12
-1.48201
22
2.02627
32
-6.45247
13
-1.61097
23
1.96547
33
-6.45906
0
3DFACE
8
A1
10
-1.52727
20
2.16462
30
-6.48839
11
-1.39831
21
2.22543
31
-6.48181
12
-1.35304
22
2.08699
32
-6.44599
13
-1.48201
23
2.02627
33
-6.45247
0
3DFACE
8
A1
10
-1.39831
20
2.22543
30
-6.48181
11
-1.26934
21
2.28623
31
-6.47522
12
-1.22407
22
2.14779
32
-6.43940
13
-1.35304
23
2.08699
33
-6.44599
0
3DFACE
8
A1
10
-1.26934
20
2.28623
30
-6.47522
11
-1.14037
21
2.34695
31
-6.46874
12
-1.09511
22
2.20860
32
-6.43282
13
-1.22407
23
2.14779
33
-6.43940
0
3DFACE
8
A1
10
-1.14037
20
2.34695
30
-6.46874
11
-1.01140
21
2.40767
31
-6.46226
12
-0.96614
22
2.26940
32
-6.42623
13
-1.09511
23
2.20860
33
-6.43282
0
3DFACE
8
A1
10
-1.01140
20
2.40767
30
-6.46226
11
-0.88242
21
2.46813
31
-6.45610
12
-0.83717
22
2.33012
32
-6.41975
13
-0.96614
23
2.26940
33
-6.42623
0
3DFACE
8
A1
10
-0.88242
20
2.46813
30
-6.45610
11
-0.75342
21
2.52833
31
-6.45026
12
-0.70820
22
2.39075
32
-6.41338
13
-0.83717
23
2.33012
33
-6.41975
0
3DFACE
8
A1
10
-0.75342
20
2.52833
30
-6.45026
11
-0.62440
21
2.58810
31
-6.44496
12
-0.57921
22
2.45104
32
-6.40743
13
-0.70820
23
2.39075
33
-6.41338
0
3DFACE
8
A1
10
-0.62440
20
2.58810
30
-6.44496
11
-0.49536
21
2.64744
31
-6.44019
12
-0.45020
22
2.51098
32
-6.40191
13
-0.57921
23
2.45104
33
-6.40743
0
3DFACE
8
A1
10
-0.49536
20
2.64744
30
-6.44019
11
-0.36629
21
2.70627
31
-6.43606
12
-0.32116
22
2.57050
32
-6.39693
13
-0.45020
23
2.51098
33
-6.40191
0
3DFACE
8
A1
10
-0.36629
20
2.70627
30
-6.43606
11
-0.23719
21
2.76467
31
-6.43247
12
-0.19210
22
2.62958
32
-6.39248
13
-0.32116
23
2.57050
33
-6.39693
0
3DFACE
8
A1
10
-0.23719
20
2.76467
30
-6.43247
11
-0.10808
21
2.82263
31
-6.42942
12
-0.06302
22
2.68815
32
-6.38868
13
-0.19210
23
2.62958
33
-6.39248
0
3DFACE
8
A1
10
-0.10808
20
2.82263
30
-6.42942
11
0.02105
21
2.88034
31
-6.42668
12
0.06609
22
2.74629
32
-6.38541
13
-0.06302
23
2.68815
33
-6.38868
0
3DFACE
8
A1
10
0.02105
20
2.88034
30
-6.42668
11
0.15019
21
2.93796
31
-6.42405
12
0.19521
22
2.80408
32
-6.38257
13
0.06609
23
2.74629
33
-6.38541
0
3DFACE
8
A1
10
0.15019
20
2.93796
30
-6.42405
11
0.27933
21
2.99550
31
-6.42153
12
0.32435
22
2.86171
32
-6.37994
13
0.19521
23
2.80408
33
-6.38257
0
3DFACE
8
A1
10
0.27933
20
2.99550
30
-6.42153
11
0.40846
21
3.05312
31
-6.41890
12
0.45349
22
2.91916
32
-6.37752
13
0.32435
23
2.86171
33
-6.37994
0
3DFACE
8
A1
10
0.40846
20
3.05312
30
-6.41890
11
0.53759
21
3.11092
31
-6.41606
12
0.58263
22
2.97669
32
-6.37500
13
0.45349
23
2.91916
33
-6.37752
0
3DFACE
8
A1
10
0.53759
20
3.11092
30
-6.41606
11
0.66671
21
3.16888
31
-6.41301
12
0.71177
22
3.03432
32
-6.37237
13
0.58263
23
2.97669
33
-6.37500
0
3DFACE
8
A1
10
0.66671
20
3.16888
30
-6.41301
11
0.79582
21
3.22694
31
-6.40984
12
0.84091
22
3.09194
32
-6.36975
13
0.71177
23
3.03432
33
-6.37237
0
3DFACE
8
A1
10
0.79582
20
3.22694
30
-6.40984
11
0.92491
21
3.28533
31
-6.40625
12
0.97003
22
3.14982
32
-6.36680
13
0.84091
23
3.09194
33
-6.36975
0
3DFACE
8
A1
10
0.92491
20
3.28533
30
-6.40625
11
1.05400
21
3.34390
31
-6.40245
12
1.09914
22
3.20796
32
-6.36353
13
0.97003
23
3.14982
33
-6.36680
0
3DFACE
8
A1
10
1.05400
20
3.34390
30
-6.40245
11
1.18308
21
3.40247
31
-6.39864
12
1.22823
22
3.26627
32
-6.36004
13
1.09914
23
3.20796
33
-6.36353
0
3DFACE
8
A1
10
1.18308
20
3.40247
30
-6.39864
11
1.31214
21
3.46155
31
-6.39419
12
1.35731
22
3.32509
32
-6.35592
13
1.22823
23
3.26627
33
-6.36004
0
3DFACE
8
A1
10
1.31214
20
3.46155
30
-6.39419
11
1.44119
21
3.52081
31
-6.38953
12
1.48637
22
3.38409
32
-6.35158
13
1.35731
23
3.32509
33
-6.35592
0
3DFACE
8
A1
10
1.44119
20
3.52081
30
-6.38953
11
1.57025
21
3.57981
31
-6.38519
12
1.61545
22
3.44266
32
-6.34777
13
1.48637
23
3.38409
33
-6.35158
0
3DFACE
8
A1
10
1.57025
20
3.57981
30
-6.38519
11
1.69933
21
3.63855
31
-6.38117
12
1.74457
22
3.50063
32
-6.34472
13
1.61545
23
3.44266
33
-6.34777
0
3DFACE
8
A1
10
1.69933
20
3.63855
30
-6.38117
11
1.82837
21
3.69789
31
-6.37641
12
1.87366
22
3.55911
32
-6.34102
13
1.74457
23
3.50063
33
-6.34472
0
3DFACE
8
A1
10
1.82837
20
3.69789
30
-6.37641
11
1.95740
21
3.75749
31
-6.37132
12
2.00273
22
3.61794
32
-6.33689
13
1.87366
23
3.55911
33
-6.34102
0
3DFACE
8
A1
10
1.95740
20
3.75749
30
-6.37132
11
2.08642
21
3.81726
31
-6.36601
12
2.13175
22
3.67762
32
-6.33169
13
2.00273
23
3.61794
33
-6.33689
0
3DFACE
8
A1
10
2.08642
20
3.81726
30
-6.36601
11
2.21543
21
3.87721
31
-6.36050
12
2.26076
22
3.73774
32
-6.32596
13
2.13175
23
3.67762
33
-6.33169
0
3DFACE
8
A1
10
2.21543
20
3.87721
30
-6.36050
11
2.34441
21
3.93775
31
-6.35423
12
2.38971
22
3.79880
32
-6.31906
13
2.26076
23
3.73774
33
-6.32596
0
3DFACE
8
A1
10
2.34441
20
3.93775
30
-6.35423
11
2.47342
21
3.99770
31
-6.34871
12
2.51869
22
3.85935
32
-6.31279
13
2.38971
23
3.79880
33
-6.31906
0
3DFACE
8
A1
10
2.47342
20
3.99770
30
-6.34871
11
2.60245
21
4.05721
31
-6.34373
12
2.64769
22
3.91938
32
-6.30717
13
2.51869
23
3.85935
33
-6.31279
0
3DFACE
8
A1
10
2.60245
20
4.05721
30
-6.34373
11
2.73149
21
4.11664
31
-6.33886
12
2.77673
22
3.97889
32
-6.30218
13
2.64769
23
3.91938
33
-6.30717
0
3DFACE
8
A1
10
2.73149
20
4.11664
30
-6.33886
11
2.86053
21
4.17616
31
-6.33387
12
2.90577
22
4.03832
32
-6.29731
13
2.77673
23
3.97889
33
-6.30218
0
3DFACE
8
A1
10
2.86053
20
4.17616
30
-6.33387
11
2.98957
21
4.23558
31
-6.32900
12
3.03480
22
4.09783
32
-6.29233
13
2.90577
23
4.03832
33
-6.29731
0
3DFACE
8
A1
10
2.98957
20
4.23558
30
-6.32900
11
3.11860
21
4.29510
31
-6.32402
12
3.16384
22
4.15726
32
-6.28745
13
3.03480
23
4.09783
33
-6.29233
0
3DFACE
8
A1
10
3.11860
20
4.29510
30
-6.32402
11
3.24764
21
4.35453
31
-6.31914
12
3.29287
22
4.21678
32
-6.28247
13
3.16384
23
4.15726
33
-6.28745
0
3DFACE
8
A1
10
3.24764
20
4.35453
30
-6.31914
11
3.37667
21
4.41404
31
-6.31416
12
3.42191
22
4.27621
32
-6.27759
13
3.29287
23
4.21678
33
-6.28247
0
3DFACE
8
A1
10
3.37667
20
4.41404
30
-6.31416
11
3.50571
21
4.47347
31
-6.30928
12
3.55095
22
4.33572
32
-6.27261
13
3.42191
23
4.27621
33
-6.27759
0
3DFACE
8
A1
10
3.50571
20
4.47347
30
-6.30928
11
3.63475
21
4.53298
31
-6.30430
12
3.67998
22
4.39515
32
-6.26774
13
3.55095
23
4.33572
33
-6.27261
0
3DFACE
8
A1
10
-2.77282
20
1.43998
30
-6.49127
11
-2.64346
21
1.49331
31
-6.49399
12
-2.59816
22
1.35436
32
-6.45882
13
-2.72753
23
1.30112
33
-6.45599
0
3DFACE
8
A1
10
-2.64346
20
1.49331
30
-6.49399
11
-2.51430
21
1.55050
31
-6.49190
12
-2.46899
22
1.41138
32
-6.45694
13
-2.59816
23
1.35436
33
-6.45882
0
3DFACE
8
A1
10
-2.51430
20
1.55050
30
-6.49190
11
-2.38530
21
1.61062
31
-6.48617
12
-2.33998
22
1.47132
32
-6.45142
13
-2.46899
23
1.41138
33
-6.45694
0
3DFACE
8
A1
10
-2.38530
20
1.61062
30
-6.48617
11
-2.25631
21
1.67099
31
-6.48011
12
-2.21099
22
1.53161
32
-6.44548
13
-2.33998
23
1.47132
33
-6.45142
0
3DFACE
8
A1
10
-2.25631
20
1.67099
30
-6.48011
11
-2.12709
21
1.72715
31
-6.47931
12
-2.08182
22
1.58863
32
-6.44360
13
-2.21099
23
1.53161
33
-6.44548
0
3DFACE
8
A1
10
-2.12709
20
1.72715
30
-6.47931
11
-1.99797
21
1.78503
31
-6.47636
12
-1.95270
22
1.64651
32
-6.44065
13
-2.08182
23
1.58863
33
-6.44360
0
3DFACE
8
A1
10
-1.99797
20
1.78503
30
-6.47636
11
-1.86890
21
1.84386
31
-6.47223
12
-1.82364
22
1.70551
32
-6.43631
13
-1.95270
23
1.64651
33
-6.44065
0
3DFACE
8
A1
10
-1.86890
20
1.84386
30
-6.47223
11
-1.73994
21
1.90466
31
-6.46564
12
-1.69467
22
1.76631
32
-6.42972
13
-1.82364
23
1.70551
33
-6.43631
0
3DFACE
8
A1
10
-1.73994
20
1.90466
30
-6.46564
11
-1.61097
21
1.96547
31
-6.45906
12
-1.56571
22
1.82712
32
-6.42313
13
-1.69467
23
1.76631
33
-6.42972
0
3DFACE
8
A1
10
-1.61097
20
1.96547
30
-6.45906
11
-1.48201
21
2.02627
31
-6.45247
12
-1.43674
22
1.88783
32
-6.41665
13
-1.56571
23
1.82712
33
-6.42313
0
3DFACE
8
A1
10
-1.48201
20
2.02627
30
-6.45247
11
-1.35304
21
2.08699
31
-6.44599
12
-1.30777
22
1.94864
32
-6.41007
13
-1.43674
23
1.88783
33
-6.41665
0
3DFACE
8
A1
10
-1.35304
20
2.08699
30
-6.44599
11
-1.22407
21
2.14779
31
-6.43940
12
-1.17881
22
2.00944
32
-6.40348
13
-1.30777
23
1.94864
33
-6.41007
0
3DFACE
8
A1
10
-1.22407
20
2.14779
30
-6.43940
11
-1.09511
21
2.20860
31
-6.43282
12
-1.04984
22
2.07025
32
-6.39689
13
-1.17881
23
2.00944
33
-6.40348
0
3DFACE
8
A1
10
-1.09511
20
2.20860
30
-6.43282
11
-0.96614
21
2.26940
31
-6.42623
12
-0.92088
22
2.13105
32
-6.39031
13
-1.04984
23
2.07025
33
-6.39689
0
3DFACE
8
A1
10
-0.96614
20
2.26940
30
-6.42623
11
-0.83717
21
2.33012
31
-6.41975
12
-0.79191
22
2.19185
32
-6.38372
13
-0.92088
23
2.13105
33
-6.39031
0
3DFACE
8
A1
10
-0.83717
20
2.33012
30
-6.41975
11
-0.70820
21
2.39075
31
-6.41338
12
-0.66295
22
2.25266
32
-6.37713
13
-0.79191
23
2.19185
33
-6.38372
0
3DFACE
8
A1
10
-0.70820
20
2.39075
30
-6.41338
11
-0.57921
21
2.45104
31
-6.40743
12
-0.53397
22
2.31329
32
-6.37076
13
-0.66295
23
2.25266
33
-6.37713
0
3DFACE
8
A1
10
-0.57921
20
2.45104
30
-6.40743
11
-0.45020
21
2.51098
31
-6.40191
12
-0.40499
22
2.37366
32
-6.36471
13
-0.53397
23
2.31329
33
-6.37076
0
3DFACE
8
A1
10
-0.45020
20
2.51098
30
-6.40191
11
-0.32116
21
2.57050
31
-6.39693
12
-0.27598
22
2.43378
32
-6.35898
13
-0.40499
23
2.37366
33
-6.36471
0
3DFACE
8
A1
10
-0.32116
20
2.57050
30
-6.39693
11
-0.19210
21
2.62958
31
-6.39248
12
-0.14696
22
2.49355
32
-6.35367
13
-0.27598
23
2.43378
33
-6.35898
0
3DFACE
8
A1
10
-0.19210
20
2.62958
30
-6.39248
11
-0.06302
21
2.68815
31
-6.38868
12
-0.01791
22
2.55272
32
-6.34912
13
-0.14696
23
2.49355
33
-6.35367
0
3DFACE
8
A1
10
-0.06302
20
2.68815
30
-6.38868
11
0.06609
21
2.74629
31
-6.38541
12
0.11116
22
2.61155
32
-6.34499
13
-0.01791
23
2.55272
33
-6.34912
0
3DFACE
8
A1
10
0.06609
20
2.74629
30
-6.38541
11
0.19521
21
2.80408
31
-6.38257
12
0.24026
22
2.66986
32
-6.34151
13
0.11116
23
2.61155
33
-6.34499
0
3DFACE
8
A1
10
0.19521
20
2.80408
30
-6.38257
11
0.32435
21
2.86171
31
-6.37994
12
0.36938
22
2.72774
32
-6.33856
13
0.24026
23
2.66986
33
-6.34151
0
3DFACE
8
A1
10
0.32435
20
2.86171
30
-6.37994
11
0.45349
21
2.91916
31
-6.37752
12
0.49851
22
2.78545
32
-6.33582
13
0.36938
23
2.72774
33
-6.33856
0
3DFACE
8
A1
10
0.45349
20
2.91916
30
-6.37752
11
0.58263
21
2.97669
31
-6.37500
12
0.62765
22
2.84299
32
-6.33330
13
0.49851
23
2.78545
33
-6.33582
0
3DFACE
8
A1
10
0.58263
20
2.97669
30
-6.37500
11
0.71177
21
3.03432
31
-6.37237
12
0.75680
22
2.90035
32
-6.33099
13
0.62765
23
2.84299
33
-6.33330
0
3DFACE
8
A1
10
0.71177
20
3.03432
30
-6.37237
11
0.84091
21
3.09194
31
-6.36975
12
0.88594
22
2.95789
32
-6.32847
13
0.75680
23
2.90035
33
-6.33099
0
3DFACE
8
A1
10
0.84091
20
3.09194
30
-6.36975
11
0.97003
21
3.14982
31
-6.36680
12
1.01508
22
3.01542
32
-6.32595
13
0.88594
23
2.95789
33
-6.32847
0
3DFACE
8
A1
10
0.97003
20
3.14982
30
-6.36680
11
1.09914
21
3.20796
31
-6.36353
12
1.14421
22
3.07322
32
-6.32311
13
1.01508
23
3.01542
33
-6.32595
0
3DFACE
8
A1
10
1.09914
20
3.20796
30
-6.36353
11
1.22823
21
3.26627
31
-6.36004
12
1.27332
22
3.13127
32
-6.31995
13
1.14421
23
3.07322
33
-6.32311
0
3DFACE
8
A1
10
1.22823
20
3.26627
30
-6.36004
11
1.35731
21
3.32509
31
-6.35592
12
1.40241
22
3.18967
32
-6.31636
13
1.27332
23
3.13127
33
-6.31995
0
3DFACE
8
A1
10
1.35731
20
3.32509
30
-6.35592
11
1.48637
21
3.38409
31
-6.35158
12
1.53151
22
3.24806
32
-6.31276
13
1.40241
23
3.18967
33
-6.31636
0
3DFACE
8
A1
10
1.48637
20
3.38409
30
-6.35158
11
1.61545
21
3.44266
31
-6.34777
12
1.66062
22
3.30612
32
-6.30960
13
1.53151
23
3.24806
33
-6.31276
0
3DFACE
8
A1
10
1.61545
20
3.44266
30
-6.34777
11
1.74457
21
3.50063
31
-6.34472
12
1.78979
22
3.36305
32
-6.30783
13
1.66062
23
3.30612
33
-6.30960
0
3DFACE
8
A1
10
1.74457
20
3.50063
30
-6.34472
11
1.87366
21
3.55911
31
-6.34102
12
1.91894
22
3.42042
32
-6.30552
13
1.78979
23
3.36305
33
-6.30783
0
3DFACE
8
A1
10
1.87366
20
3.55911
30
-6.34102
11
2.00273
21
3.61794
31
-6.33689
12
2.04806
22
3.47830
32
-6.30257
13
1.91894
23
3.42042
33
-6.30552
0
3DFACE
8
A1
10
2.00273
20
3.61794
30
-6.33689
11
2.13175
21
3.67762
31
-6.33169
12
2.17713
22
3.53729
32
-6.29823
13
2.04806
23
3.47830
33
-6.30257
0
3DFACE
8
A1
10
2.13175
20
3.67762
30
-6.33169
11
2.26076
21
3.73774
31
-6.32596
12
2.30612
22
3.59750
32
-6.29239
13
2.17713
23
3.53729
33
-6.29823
0
3DFACE
8
A1
10
2.26076
20
3.73774
30
-6.32596
11
2.38971
21
3.79880
31
-6.31906
12
2.43505
22
3.65907
32
-6.28484
13
2.30612
23
3.59750
33
-6.29239
0
3DFACE
8
A1
10
2.38971
20
3.79880
30
-6.31906
11
2.51869
21
3.85935
31
-6.31279
12
2.56399
22
3.72031
32
-6.27772
13
2.43505
23
3.65907
33
-6.28484
0
3DFACE
8
A1
10
2.51869
20
3.85935
30
-6.31279
11
2.64769
21
3.91938
31
-6.30717
12
2.69296
22
3.78103
32
-6.27124
13
2.56399
23
3.72031
33
-6.27772
0
3DFACE
8
A1
10
2.64769
20
3.91938
30
-6.30717
11
2.77673
21
3.97889
31
-6.30218
12
2.82196
22
3.84114
32
-6.26551
13
2.69296
23
3.78103
33
-6.27124
0
3DFACE
8
A1
10
2.77673
20
3.97889
30
-6.30218
11
2.90577
21
4.03832
31
-6.29731
12
2.95100
22
3.90057
32
-6.26064
13
2.82196
23
3.84114
33
-6.26551
0
3DFACE
8
A1
10
2.90577
20
4.03832
30
-6.29731
11
3.03480
21
4.09783
31
-6.29233
12
3.08003
22
3.96009
32
-6.25565
13
2.95100
23
3.90057
33
-6.26064
0
3DFACE
8
A1
10
3.03480
20
4.09783
30
-6.29233
11
3.16384
21
4.15726
31
-6.28745
12
3.20907
22
4.01951
32
-6.25078
13
3.08003
23
3.96009
33
-6.25565
0
3DFACE
8
A1
10
3.16384
20
4.15726
30
-6.28745
11
3.29287
21
4.21678
31
-6.28247
12
3.33811
22
4.07903
32
-6.24580
13
3.20907
23
4.01951
33
-6.25078
0
3DFACE
8
A1
10
3.29287
20
4.21678
30
-6.28247
11
3.42191
21
4.27621
31
-6.27759
12
3.46714
22
4.13846
32
-6.24092
13
3.33811
23
4.07903
33
-6.24580
0
3DFACE
8
A1
10
3.42191
20
4.27621
30
-6.27759
11
3.55095
21
4.33572
31
-6.27261
12
3.59618
22
4.19797
32
-6.23594
13
3.46714
23
4.13846
33
-6.24092
0
3DFACE
8
A1
10
3.55095
20
4.33572
30
-6.27261
11
3.67998
21
4.39515
31
-6.26774
12
3.72522
22
4.25740
32
-6.23107
13
3.59618
23
4.19797
33
-6.23594
0
3DFACE
8
A1
10
3.67998
20
4.39515
30
-6.26774
11
3.80902
21
4.45466
31
-6.26276
12
3.85425
22
4.31691
32
-6.22608
13
3.72522
23
4.25740
33
-6.23107
0
3DFACE
8
A1
10
3.80902
20
4.45466
30
-6.26276
11
3.93806
21
4.51409
31
-6.25788
12
3.98329
22
4.37634
32
-6.22121
13
3.85425
23
4.31691
33
-6.22608
0
3DFACE
8
A1
10
-2.72753
20
1.30112
30
-6.45599
11
-2.59816
21
1.35436
31
-6.45882
12
-2.55287
22
1.21557
32
-6.42343
13
-2.68225
23
1.16242
33
-6.42049
0
3DFACE
8
A1
10
-2.59816
20
1.35436
30
-6.45882
11
-2.46899
21
1.41138
31
-6.45694
12
-2.42369
22
1.27234
32
-6.42187
13
-2.55287
23
1.21557
33
-6.42343
0
3DFACE
8
A1
10
-2.46899
20
1.41138
30
-6.45694
11
-2.33998
21
1.47132
31
-6.45142
12
-2.29467
22
1.33220
32
-6.41646
13
-2.42369
23
1.27234
33
-6.42187
0
3DFACE
8
A1
10
-2.33998
20
1.47132
30
-6.45142
11
-2.21099
21
1.53161
31
-6.44548
12
-2.16568
22
1.39240
32
-6.41062
13
-2.29467
23
1.33220
33
-6.41646
0
3DFACE
8
A1
10
-2.21099
20
1.53161
30
-6.44548
11
-2.08182
21
1.58863
31
-6.44360
12
-2.03655
22
1.45028
32
-6.40767
13
-2.16568
23
1.39240
33
-6.41062
0
3DFACE
8
A1
10
-2.08182
20
1.58863
30
-6.44360
11
-1.95270
21
1.64651
31
-6.44065
12
-1.90743
22
1.50807
32
-6.40483
13
-2.03655
23
1.45028
33
-6.40767
0
3DFACE
8
A1
10
-1.95270
20
1.64651
30
-6.44065
11
-1.82364
21
1.70551
31
-6.43631
12
-1.77837
22
1.56707
32
-6.40049
13
-1.90743
23
1.50807
33
-6.40483
0
3DFACE
8
A1
10
-1.82364
20
1.70551
30
-6.43631
11
-1.69467
21
1.76631
31
-6.42972
12
-1.64941
22
1.62796
32
-6.39380
13
-1.77837
23
1.56707
33
-6.40049
0
3DFACE
8
A1
10
-1.69467
20
1.76631
30
-6.42972
11
-1.56571
21
1.82712
31
-6.42313
12
-1.52044
22
1.68868
32
-6.38732
13
-1.64941
23
1.62796
33
-6.39380
0
3DFACE
8
A1
10
-1.56571
20
1.82712
30
-6.42313
11
-1.43674
21
1.88783
31
-6.41665
12
-1.39147
22
1.74948
32
-6.38073
13
-1.52044
23
1.68868
33
-6.38732
0
3DFACE
8
A1
10
-1.43674
20
1.88783
30
-6.41665
11
-1.30777
21
1.94864
31
-6.41007
12
-1.26251
22
1.81029
32
-6.37414
13
-1.39147
23
1.74948
33
-6.38073
0
3DFACE
8
A1
10
-1.30777
20
1.94864
30
-6.41007
11
-1.17881
21
2.00944
31
-6.40348
12
-1.13354
22
1.87109
32
-6.36756
13
-1.26251
23
1.81029
33
-6.37414
0
3DFACE
8
A1
10
-1.17881
20
2.00944
30
-6.40348
11
-1.04984
21
2.07025
31
-6.39689
12
-1.00458
22
1.93190
32
-6.36097
13
-1.13354
23
1.87109
33
-6.36756
0
3DFACE
8
A1
10
-1.04984
20
2.07025
30
-6.39689
11
-0.92088
21
2.13105
31
-6.39031
12
-0.87561
22
1.99270
32
-6.35438
13
-1.00458
23
1.93190
33
-6.36097
0
3DFACE
8
A1
10
-0.92088
20
2.13105
30
-6.39031
11
-0.79191
21
2.19185
31
-6.38372
12
-0.74665
22
2.05350
32
-6.34779
13
-0.87561
23
1.99270
33
-6.35438
0
3DFACE
8
A1
10
-0.79191
20
2.19185
30
-6.38372
11
-0.66295
21
2.25266
31
-6.37713
12
-0.61768
22
2.11422
32
-6.34132
13
-0.74665
23
2.05350
33
-6.34779
0
3DFACE
8
A1
10
-0.66295
20
2.25266
30
-6.37713
11
-0.53397
21
2.31329
31
-6.37076
12
-0.48871
22
2.17503
32
-6.33473
13
-0.61768
23
2.11422
33
-6.34132
0
3DFACE
8
A1
10
-0.53397
20
2.31329
30
-6.37076
11
-0.40499
21
2.37366
31
-6.36471
12
-0.35974
22
2.23574
32
-6.32825
13
-0.48871
23
2.17503
33
-6.33473
0
3DFACE
8
A1
10
-0.40499
20
2.37366
30
-6.36471
11
-0.27598
21
2.43378
31
-6.35898
12
-0.23076
22
2.29629
32
-6.32198
13
-0.35974
23
2.23574
33
-6.32825
0
3DFACE
8
A1
10
-0.27598
20
2.43378
30
-6.35898
11
-0.14696
21
2.49355
31
-6.35367
12
-0.10177
22
2.35658
32
-6.31604
13
-0.23076
23
2.29629
33
-6.32198
0
3DFACE
8
A1
10
-0.14696
20
2.49355
30
-6.35367
11
-0.01791
21
2.55272
31
-6.34912
12
0.02724
22
2.41644
32
-6.31063
13
-0.10177
23
2.35658
33
-6.31604
0
3DFACE
8
A1
10
-0.01791
20
2.55272
30
-6.34912
11
0.11116
21
2.61155
31
-6.34499
12
0.15628
22
2.47586
32
-6.30575
13
0.02724
23
2.41644
33
-6.31063
0
3DFACE
8
A1
10
0.11116
20
2.61155
30
-6.34499
11
0.24026
21
2.66986
31
-6.34151
12
0.28534
22
2.53486
32
-6.30141
13
0.15628
23
2.47586
33
-6.30575
0
3DFACE
8
A1
10
0.24026
20
2.66986
30
-6.34151
11
0.36938
21
2.72774
31
-6.33856
12
0.41443
22
2.59335
32
-6.29771
13
0.28534
23
2.53486
33
-6.30141
0
3DFACE
8
A1
10
0.36938
20
2.72774
30
-6.33856
11
0.49851
21
2.78545
31
-6.33582
12
0.54355
22
2.65140
32
-6.29455
13
0.41443
23
2.59335
33
-6.29771
0
3DFACE
8
A1
10
0.49851
20
2.78545
30
-6.33582
11
0.62765
21
2.84299
31
-6.33330
12
0.67268
22
2.70911
32
-6.29182
13
0.54355
23
2.65140
33
-6.29455
0
3DFACE
8
A1
10
0.62765
20
2.84299
30
-6.33330
11
0.75680
21
2.90035
31
-6.33099
12
0.80182
22
2.76656
32
-6.28940
13
0.67268
23
2.70911
33
-6.29182
0
3DFACE
8
A1
10
0.75680
20
2.90035
30
-6.33099
11
0.88594
21
2.95789
31
-6.32847
12
0.93097
22
2.82401
32
-6.28699
13
0.80182
23
2.76656
33
-6.28940
0
3DFACE
8
A1
10
0.88594
20
2.95789
30
-6.32847
11
1.01508
21
3.01542
31
-6.32595
12
1.06011
22
2.88154
32
-6.28447
13
0.93097
23
2.82401
33
-6.28699
0
3DFACE
8
A1
10
1.01508
20
3.01542
30
-6.32595
11
1.14421
21
3.07322
31
-6.32311
12
1.18923
22
2.93934
32
-6.28162
13
1.06011
23
2.88154
33
-6.28447
0
3DFACE
8
A1
10
1.14421
20
3.07322
30
-6.32311
11
1.27332
21
3.13127
31
-6.31995
12
1.31835
22
2.99739
32
-6.27846
13
1.18923
23
2.93934
33
-6.28162
0
3DFACE
8
A1
10
1.27332
20
3.13127
30
-6.31995
11
1.40241
21
3.18967
31
-6.31636
12
1.44746
22
3.05544
32
-6.27530
13
1.31835
23
2.99739
33
-6.27846
0
3DFACE
8
A1
10
1.40241
20
3.18967
30
-6.31636
11
1.53151
21
3.24806
31
-6.31276
12
1.57658
22
3.11324
32
-6.27245
13
1.44746
23
3.05544
33
-6.27530
0
3DFACE
8
A1
10
1.53151
20
3.24806
30
-6.31276
11
1.66062
21
3.30612
31
-6.30960
12
1.70574
22
3.17043
32
-6.27036
13
1.57658
23
3.11324
33
-6.27245
0
3DFACE
8
A1
10
1.66062
20
3.30612
30
-6.30960
11
1.78979
21
3.36305
31
-6.30783
12
1.83499
22
3.22599
32
-6.27030
13
1.70574
23
3.17043
33
-6.27036
0
3DFACE
8
A1
10
1.78979
20
3.36305
30
-6.30783
11
1.91894
21
3.42042
31
-6.30552
12
1.96422
22
3.28181
32
-6.26992
13
1.83499
23
3.22599
33
-6.27030
0
3DFACE
8
A1
10
1.91894
20
3.42042
30
-6.30552
11
2.04806
21
3.47830
31
-6.30257
12
2.09340
22
3.33866
32
-6.26825
13
1.96422
23
3.28181
33
-6.26992
0
3DFACE
8
A1
10
2.04806
20
3.47830
30
-6.30257
11
2.17713
21
3.53729
31
-6.29823
12
2.22251
22
3.39671
32
-6.26509
13
2.09340
23
3.33866
33
-6.26825
0
3DFACE
8
A1
10
2.17713
20
3.53729
30
-6.29823
11
2.30612
21
3.59750
31
-6.29239
12
2.35154
22
3.45639
32
-6.25989
13
2.22251
23
3.39671
33
-6.26509
0
3DFACE
8
A1
10
2.30612
20
3.59750
30
-6.29239
11
2.43505
21
3.65907
31
-6.28484
12
2.48043
22
3.51849
32
-6.25170
13
2.35154
23
3.45639
33
-6.25989
0
3DFACE
8
A1
10
2.43505
20
3.65907
30
-6.28484
11
2.56399
21
3.72031
31
-6.27772
12
2.60933
22
3.58050
32
-6.24362
13
2.48043
23
3.51849
33
-6.25170
0
3DFACE
8
A1
10
2.56399
20
3.72031
30
-6.27772
11
2.69296
21
3.78103
31
-6.27124
12
2.73827
22
3.64190
32
-6.23628
13
2.60933
23
3.58050
33
-6.24362
0
3DFACE
8
A1
10
2.69296
20
3.78103
30
-6.27124
11
2.82196
21
3.84114
31
-6.26551
12
2.86723
22
3.70271
32
-6.22970
13
2.73827
23
3.64190
33
-6.23628
0
3DFACE
8
A1
10
2.82196
20
3.84114
30
-6.26551
11
2.95100
21
3.90057
31
-6.26064
12
2.99623
22
3.76282
32
-6.22396
13
2.86723
23
3.70271
33
-6.22970
0
3DFACE
8
A1
10
2.95100
20
3.90057
30
-6.26064
11
3.08003
21
3.96009
31
-6.25565
12
3.12527
22
3.82234
32
-6.21898
13
2.99623
23
3.76282
33
-6.22396
0
3DFACE
8
A1
10
3.08003
20
3.96009
30
-6.25565
11
3.20907
21
4.01951
31
-6.25078
12
3.25430
22
3.88177
32
-6.21411
13
3.12527
23
3.82234
33
-6.21898
0
3DFACE
8
A1
10
3.20907
20
4.01951
30
-6.25078
11
3.33811
21
4.07903
31
-6.24580
12
3.38334
22
3.94128
32
-6.20913
13
3.25430
23
3.88177
33
-6.21411
0
3DFACE
8
A1
10
3.33811
20
4.07903
30
-6.24580
11
3.46714
21
4.13846
31
-6.24092
12
3.51238
22
4.00071
32
-6.20425
13
3.38334
23
3.94128
33
-6.20913
0
3DFACE
8
A1
10
3.46714
20
4.13846
30
-6.24092
11
3.59618
21
4.19797
31
-6.23594
12
3.64141
22
4.06022
32
-6.19927
13
3.51238
23
4.00071
33
-6.20425
0
3DFACE
8
A1
10
3.59618
20
4.19797
30
-6.23594
11
3.72522
21
4.25740
31
-6.23107
12
3.77045
22
4.11965
32
-6.19439
13
3.64141
23
4.06022
33
-6.19927
0
3DFACE
8
A1
10
3.72522
20
4.25740
30
-6.23107
11
3.85425
21
4.31691
31
-6.22608
12
3.89948
22
4.17916
32
-6.18941
13
3.77045
23
4.11965
33
-6.19439
0
3DFACE
8
A1
10
3.85425
20
4.31691
30
-6.22608
11
3.98329
21
4.37634
31
-6.22121
12
4.02852
22
4.23859
32
-6.18454
13
3.89948
23
4.17916
33
-6.18941
0
3DFACE
8
A1
10
3.98329
20
4.37634
30
-6.22121
11
4.11232
21
4.43586
31
-6.21623
12
4.15756
22
4.29811
32
-6.17955
13
4.02852
23
4.23859
33
-6.18454
0
3DFACE
8
A1
10
4.11232
20
4.43586
30
-6.21623
11
4.24161
21
4.49073
31
-6.21702
12
4.28684
22
4.35298
32
-6.18035
13
4.15756
23
4.29811
33
-6.17955
0
3DFACE
8
A1
10
-2.68225
20
1.16242
30
-6.42049
11
-2.55287
21
1.21557
31
-6.42343
12
-2.50758
22
1.07679
32
-6.38804
13
-2.63695
23
1.02356
33
-6.38521
0
3DFACE
8
A1
10
-2.55287
20
1.21557
30
-6.42343
11
-2.42369
21
1.27234
31
-6.42187
12
-2.37839
22
1.13339
32
-6.38670
13
-2.50758
23
1.07679
33
-6.38804
0
3DFACE
8
A1
10
-2.42369
20
1.27234
30
-6.42187
11
-2.29467
21
1.33220
31
-6.41646
12
-2.24937
22
1.19316
32
-6.38139
13
-2.37839
23
1.13339
33
-6.38670
0
3DFACE
8
A1
10
-2.29467
20
1.33220
30
-6.41646
11
-2.16568
21
1.39240
31
-6.41062
12
-2.12036
22
1.25319
32
-6.37577
13
-2.24937
23
1.19316
33
-6.38139
0
3DFACE
8
A1
10
-2.16568
20
1.39240
30
-6.41062
11
-2.03655
21
1.45028
31
-6.40767
12
-1.99129
22
1.31201
32
-6.37164
13
-2.12036
23
1.25319
33
-6.37577
0
3DFACE
8
A1
10
-2.03655
20
1.45028
30
-6.40767
11
-1.90743
21
1.50807
31
-6.40483
12
-1.86216
22
1.36964
32
-6.36901
13
-1.99129
23
1.31201
33
-6.37164
0
3DFACE
8
A1
10
-1.90743
20
1.50807
30
-6.40483
11
-1.77837
21
1.56707
31
-6.40049
12
-1.73310
22
1.42872
32
-6.36457
13
-1.86216
23
1.36964
33
-6.36901
0
3DFACE
8
A1
10
-1.77837
20
1.56707
30
-6.40049
11
-1.64941
21
1.62796
31
-6.39380
12
-1.60414
22
1.48952
32
-6.35798
13
-1.73310
23
1.42872
33
-6.36457
0
3DFACE
8
A1
10
-1.64941
20
1.62796
30
-6.39380
11
-1.52044
21
1.68868
31
-6.38732
12
-1.47517
22
1.55033
32
-6.35139
13
-1.60414
23
1.48952
33
-6.35798
0
3DFACE
8
A1
10
-1.52044
20
1.68868
30
-6.38732
11
-1.39147
21
1.74948
31
-6.38073
12
-1.34621
22
1.61113
32
-6.34481
13
-1.47517
23
1.55033
33
-6.35139
0
3DFACE
8
A1
10
-1.39147
20
1.74948
30
-6.38073
11
-1.26251
21
1.81029
31
-6.37414
12
-1.21724
22
1.67194
32
-6.33822
13
-1.34621
23
1.61113
33
-6.34481
0
3DFACE
8
A1
10
-1.26251
20
1.81029
30
-6.37414
11
-1.13354
21
1.87109
31
-6.36756
12
-1.08828
22
1.73274
32
-6.33163
13
-1.21724
23
1.67194
33
-6.33822
0
3DFACE
8
A1
10
-1.13354
20
1.87109
30
-6.36756
11
-1.00458
21
1.93190
31
-6.36097
12
-0.95931
22
1.79355
32
-6.32505
13
-1.08828
23
1.73274
33
-6.33163
0
3DFACE
8
A1
10
-1.00458
20
1.93190
30
-6.36097
11
-0.87561
21
1.99270
31
-6.35438
12
-0.83035
22
1.85435
32
-6.31846
13
-0.95931
23
1.79355
33
-6.32505
0
3DFACE
8
A1
10
-0.87561
20
1.99270
30
-6.35438
11
-0.74665
21
2.05350
31
-6.34779
12
-0.70138
22
1.91507
32
-6.31198
13
-0.83035
23
1.85435
33
-6.31846
0
3DFACE
8
A1
10
-0.74665
20
2.05350
30
-6.34779
11
-0.61768
21
2.11422
31
-6.34132
12
-0.57241
22
1.97587
32
-6.30539
13
-0.70138
23
1.91507
33
-6.31198
0
3DFACE
8
A1
10
-0.61768
20
2.11422
30
-6.34132
11
-0.48871
21
2.17503
31
-6.33473
12
-0.44345
22
2.03668
32
-6.29880
13
-0.57241
23
1.97587
33
-6.30539
0
3DFACE
8
A1
10
-0.48871
20
2.17503
30
-6.33473
11
-0.35974
21
2.23574
31
-6.32825
12
-0.31448
22
2.09748
32
-6.29222
13
-0.44345
23
2.03668
33
-6.29880
0
3DFACE
8
A1
10
-0.35974
20
2.23574
30
-6.32825
11
-0.23076
21
2.29629
31
-6.32198
12
-0.18552
22
2.15828
32
-6.28563
13
-0.31448
23
2.09748
33
-6.29222
0
3DFACE
8
A1
10
-0.23076
20
2.29629
30
-6.32198
11
-0.10177
21
2.35658
31
-6.31604
12
-0.05654
22
2.21883
32
-6.27936
13
-0.18552
23
2.15828
33
-6.28563
0
3DFACE
8
A1
10
-0.10177
20
2.35658
30
-6.31604
11
0.02724
21
2.41644
31
-6.31063
12
0.07244
22
2.27929
32
-6.27321
13
-0.05654
23
2.21883
33
-6.27936
0
3DFACE
8
A1
10
0.02724
20
2.41644
30
-6.31063
11
0.15628
21
2.47586
31
-6.30575
12
0.20145
22
2.33932
32
-6.26758
13
0.07244
23
2.27929
33
-6.27321
0
3DFACE
8
A1
10
0.15628
20
2.47586
30
-6.30575
11
0.28534
21
2.53486
31
-6.30141
12
0.33048
22
2.39892
32
-6.26249
13
0.20145
23
2.33932
33
-6.26758
0
3DFACE
8
A1
10
0.28534
20
2.53486
30
-6.30141
11
0.41443
21
2.59335
31
-6.29771
12
0.45953
22
2.45809
32
-6.25794
13
0.33048
23
2.39892
33
-6.26249
0
3DFACE
8
A1
10
0.41443
20
2.59335
30
-6.29771
11
0.54355
21
2.65140
31
-6.29455
12
0.58862
22
2.51657
32
-6.25424
13
0.45953
23
2.45809
33
-6.25794
0
3DFACE
8
A1
10
0.54355
20
2.65140
30
-6.29455
11
0.67268
21
2.70911
31
-6.29182
12
0.71773
22
2.57463
32
-6.25108
13
0.58862
23
2.51657
33
-6.25424
0
3DFACE
8
A1
10
0.67268
20
2.70911
30
-6.29182
11
0.80182
21
2.76656
31
-6.28940
12
0.84687
22
2.63233
32
-6.24834
13
0.71773
23
2.57463
33
-6.25108
0
3DFACE
8
A1
10
0.80182
20
2.76656
30
-6.28940
11
0.93097
21
2.82401
31
-6.28699
12
0.97600
22
2.68996
32
-6.24571
13
0.84687
23
2.63233
33
-6.24834
0
3DFACE
8
A1
10
0.93097
20
2.82401
30
-6.28699
11
1.06011
21
2.88154
31
-6.28447
12
1.10513
22
2.74767
32
-6.24298
13
0.97600
23
2.68996
33
-6.24571
0
3DFACE
8
A1
10
1.06011
20
2.88154
30
-6.28447
11
1.18923
21
2.93934
31
-6.28162
12
1.23424
22
2.80572
32
-6.23982
13
1.10513
23
2.74767
33
-6.24298
0
3DFACE
8
A1
10
1.18923
20
2.93934
30
-6.28162
11
1.31835
21
2.99739
31
-6.27846
12
1.36335
22
2.86386
32
-6.23655
13
1.23424
23
2.80572
33
-6.23982
0
3DFACE
8
A1
10
1.31835
20
2.99739
30
-6.27846
11
1.44746
21
3.05544
31
-6.27530
12
1.49247
22
2.92174
32
-6.23360
13
1.36335
23
2.86386
33
-6.23655
0
3DFACE
8
A1
10
1.44746
20
3.05544
30
-6.27530
11
1.57658
21
3.11324
31
-6.27245
12
1.62161
22
2.97927
32
-6.23107
13
1.49247
23
2.92174
33
-6.23360
0
3DFACE
8
A1
10
1.57658
20
3.11324
30
-6.27245
11
1.70574
21
3.17043
31
-6.27036
12
1.75081
22
3.03578
32
-6.22984
13
1.62161
23
2.97927
33
-6.23107
0
3DFACE
8
A1
10
1.70574
20
3.17043
30
-6.27036
11
1.83499
21
3.22599
31
-6.27030
12
1.88011
22
3.09031
32
-6.23106
13
1.75081
23
3.03578
33
-6.22984
0
3DFACE
8
A1
10
1.83499
20
3.22599
30
-6.27030
11
1.96422
21
3.28181
31
-6.26992
12
2.00943
22
3.14457
32
-6.23261
13
1.88011
23
3.09031
33
-6.23106
0
3DFACE
8
A1
10
1.96422
20
3.28181
30
-6.26992
11
2.09340
21
3.33866
31
-6.26825
12
2.13868
22
3.20005
32
-6.23265
13
2.00943
23
3.14457
33
-6.23261
0
3DFACE
8
A1
10
2.09340
20
3.33866
30
-6.26825
11
2.22251
21
3.39671
31
-6.26509
12
2.26786
22
3.25681
32
-6.23109
13
2.13868
23
3.20005
33
-6.23265
0
3DFACE
8
A1
10
2.22251
20
3.39671
30
-6.26509
11
2.35154
21
3.45639
31
-6.25989
12
2.39695
22
3.31538
32
-6.22729
13
2.26786
23
3.25681
33
-6.23109
0
3DFACE
8
A1
10
2.35154
20
3.45639
30
-6.25989
11
2.48043
21
3.51849
31
-6.25170
12
2.52587
22
3.37687
32
-6.21985
13
2.39695
23
3.31538
33
-6.22729
0
3DFACE
8
A1
10
2.48043
20
3.51849
30
-6.25170
11
2.60933
21
3.58050
31
-6.24362
12
2.65473
22
3.43974
32
-6.21069
13
2.52587
23
3.37687
33
-6.21985
0
3DFACE
8
A1
10
2.60933
20
3.58050
30
-6.24362
11
2.73827
21
3.64190
31
-6.23628
12
2.78362
22
3.50192
32
-6.20239
13
2.65473
23
3.43974
33
-6.21069
0
3DFACE
8
A1
10
2.73827
20
3.64190
30
-6.23628
11
2.86723
21
3.70271
31
-6.22970
12
2.91254
22
3.56350
32
-6.19484
13
2.78362
23
3.50192
33
-6.20239
0
3DFACE
8
A1
10
2.86723
20
3.70271
30
-6.22970
11
2.99623
21
3.76282
31
-6.22396
12
3.04150
22
3.62439
32
-6.18815
13
2.91254
23
3.56350
33
-6.19484
0
3DFACE
8
A1
10
2.99623
20
3.76282
30
-6.22396
11
3.12527
21
3.82234
31
-6.21898
12
3.17050
22
3.68450
32
-6.18242
13
3.04150
23
3.62439
33
-6.18815
0
3DFACE
8
A1
10
3.12527
20
3.82234
30
-6.21898
11
3.25430
21
3.88177
31
-6.21411
12
3.29954
22
3.74402
32
-6.17743
13
3.17050
23
3.68450
33
-6.18242
0
3DFACE
8
A1
10
3.25430
20
3.88177
30
-6.21411
11
3.38334
21
3.94128
31
-6.20913
12
3.42858
22
3.80344
32
-6.17256
13
3.29954
23
3.74402
33
-6.17743
0
3DFACE
8
A1
10
3.38334
20
3.94128
30
-6.20913
11
3.51238
21
4.00071
31
-6.20425
12
3.55761
22
3.86296
32
-6.16758
13
3.42858
23
3.80344
33
-6.17256
0
3DFACE
8
A1
10
3.51238
20
4.00071
30
-6.20425
11
3.64141
21
4.06022
31
-6.19927
12
3.68665
22
3.92239
32
-6.16270
13
3.55761
23
3.86296
33
-6.16758
0
3DFACE
8
A1
10
3.64141
20
4.06022
30
-6.19927
11
3.77045
21
4.11965
31
-6.19439
12
3.81568
22
3.98190
32
-6.15772
13
3.68665
23
3.92239
33
-6.16270
0
3DFACE
8
A1
10
3.77045
20
4.11965
30
-6.19439
11
3.89948
21
4.17916
31
-6.18941
12
3.94472
22
4.04133
32
-6.15285
13
3.81568
23
3.98190
33
-6.15772
0
3DFACE
8
A1
10
3.89948
20
4.17916
30
-6.18941
11
4.02852
21
4.23859
31
-6.18454
12
4.07376
22
4.10084
32
-6.14786
13
3.94472
23
4.04133
33
-6.15285
0
3DFACE
8
A1
10
4.02852
20
4.23859
30
-6.18454
11
4.15756
21
4.29811
31
-6.17955
12
4.20279
22
4.16027
32
-6.14299
13
4.07376
23
4.10084
33
-6.14786
0
3DFACE
8
A1
10
4.15756
20
4.29811
30
-6.17955
11
4.28684
21
4.35298
31
-6.18035
12
4.33208
22
4.21514
32
-6.14378
13
4.20279
23
4.16027
33
-6.14299
0
3DFACE
8
A1
10
4.28684
20
4.35298
30
-6.18035
11
4.41637
21
4.40321
31
-6.18692
12
4.46161
22
4.26546
32
-6.15025
13
4.33208
23
4.21514
33
-6.14378
0
3DFACE
8
A1
10
-2.63695
20
1.02356
30
-6.38521
11
-2.50758
21
1.07679
31
-6.38804
12
-2.46230
22
0.93819
32
-6.35244
13
-2.59164
23
0.88435
33
-6.35036
0
3DFACE
8
A1
10
-2.50758
20
1.07679
30
-6.38804
11
-2.37839
21
1.13339
31
-6.38670
12
-2.33310
22
0.99460
32
-6.35131
13
-2.46230
23
0.93819
33
-6.35244
0
3DFACE
8
A1
10
-2.37839
20
1.13339
30
-6.38670
11
-2.24937
21
1.19316
31
-6.38139
12
-2.20407
22
1.05420
32
-6.34622
13
-2.33310
23
0.99460
33
-6.35131
0
3DFACE
8
A1
10
-2.24937
20
1.19316
30
-6.38139
11
-2.12036
21
1.25319
31
-6.37577
12
-2.07506
22
1.11415
32
-6.34070
13
-2.20407
23
1.05420
33
-6.34622
0
3DFACE
8
A1
10
-2.12036
20
1.25319
30
-6.37577
11
-1.99129
21
1.31201
31
-6.37164
12
-1.94607
22
1.17435
32
-6.33486
13
-2.07506
23
1.11415
33
-6.34070
0
3DFACE
8
A1
10
-1.99129
20
1.31201
30
-6.37164
11
-1.86216
21
1.36964
31
-6.36901
12
-1.81689
22
1.23120
32
-6.33320
13
-1.94607
23
1.17435
33
-6.33486
0
3DFACE
8
A1
10
-1.86216
20
1.36964
30
-6.36901
11
-1.73310
21
1.42872
31
-6.36457
12
-1.68784
22
1.29037
32
-6.32864
13
-1.81689
23
1.23120
33
-6.33320
0
3DFACE
8
A1
10
-1.73310
20
1.42872
30
-6.36457
11
-1.60414
21
1.48952
31
-6.35798
12
-1.55887
22
1.35117
32
-6.32206
13
-1.68784
23
1.29037
33
-6.32864
0
3DFACE
8
A1
10
-1.60414
20
1.48952
30
-6.35798
11
-1.47517
21
1.55033
31
-6.35139
12
-1.42991
22
1.41198
32
-6.31547
13
-1.55887
23
1.35117
33
-6.32206
0
3DFACE
8
A1
10
-1.47517
20
1.55033
30
-6.35139
11
-1.34621
21
1.61113
31
-6.34481
12
-1.30094
22
1.47278
32
-6.30888
13
-1.42991
23
1.41198
33
-6.31547
0
3DFACE
8
A1
10
-1.34621
20
1.61113
30
-6.34481
11
-1.21724
21
1.67194
31
-6.33822
12
-1.17198
22
1.53359
32
-6.30230
13
-1.30094
23
1.47278
33
-6.30888
0
3DFACE
8
A1
10
-1.21724
20
1.67194
30
-6.33822
11
-1.08828
21
1.73274
31
-6.33163
12
-1.04301
22
1.59439
32
-6.29571
13
-1.17198
23
1.53359
33
-6.30230
0
3DFACE
8
A1
10
-1.08828
20
1.73274
30
-6.33163
11
-0.95931
21
1.79355
31
-6.32505
12
-0.91405
22
1.65519
32
-6.28912
13
-1.04301
23
1.59439
33
-6.29571
0
3DFACE
8
A1
10
-0.95931
20
1.79355
30
-6.32505
11
-0.83035
21
1.85435
31
-6.31846
12
-0.78508
22
1.71591
32
-6.28264
13
-0.91405
23
1.65519
33
-6.28912
0
3DFACE
8
A1
10
-0.83035
20
1.85435
30
-6.31846
11
-0.70138
21
1.91507
31
-6.31198
12
-0.65611
22
1.77672
32
-6.27606
13
-0.78508
23
1.71591
33
-6.28264
0
3DFACE
8
A1
10
-0.70138
20
1.91507
30
-6.31198
11
-0.57241
21
1.97587
31
-6.30539
12
-0.52715
22
1.83752
32
-6.26947
13
-0.65611
23
1.77672
33
-6.27606
0
3DFACE
8
A1
10
-0.57241
20
1.97587
30
-6.30539
11
-0.44345
21
2.03668
31
-6.29880
12
-0.39818
22
1.89832
32
-6.26288
13
-0.52715
23
1.83752
33
-6.26947
0
3DFACE
8
A1
10
-0.44345
20
2.03668
30
-6.29880
11
-0.31448
21
2.09748
31
-6.29222
12
-0.26922
22
1.95913
32
-6.25629
13
-0.39818
23
1.89832
33
-6.26288
0
3DFACE
8
A1
10
-0.31448
20
2.09748
30
-6.29222
11
-0.18552
21
2.15828
31
-6.28563
12
-0.14025
22
2.01993
32
-6.24971
13
-0.26922
23
1.95913
33
-6.25629
0
3DFACE
8
A1
10
-0.18552
20
2.15828
30
-6.28563
11
-0.05654
21
2.21883
31
-6.27936
12
-0.01129
22
2.08074
32
-6.24312
13
-0.14025
23
2.01993
33
-6.24971
0
3DFACE
8
A1
10
-0.05654
20
2.21883
30
-6.27936
11
0.07244
21
2.27929
31
-6.27321
12
0.11769
22
2.14137
32
-6.23675
13
-0.01129
23
2.08074
33
-6.24312
0
3DFACE
8
A1
10
0.07244
20
2.27929
30
-6.27321
11
0.20145
21
2.33932
31
-6.26758
12
0.24667
22
2.20191
32
-6.23048
13
0.11769
23
2.14137
33
-6.23675
0
3DFACE
8
A1
10
0.20145
20
2.33932
30
-6.26758
11
0.33048
21
2.39892
31
-6.26249
12
0.37567
22
2.26203
32
-6.22475
13
0.24667
23
2.20191
33
-6.23048
0
3DFACE
8
A1
10
0.33048
20
2.39892
30
-6.26249
11
0.45953
21
2.45809
31
-6.25794
12
0.50469
22
2.32172
32
-6.21955
13
0.37567
23
2.26203
33
-6.22475
0
3DFACE
8
A1
10
0.45953
20
2.45809
30
-6.25794
11
0.58862
21
2.51657
31
-6.25424
12
0.63376
22
2.38063
32
-6.21532
13
0.50469
23
2.32172
33
-6.21955
0
3DFACE
8
A1
10
0.58862
20
2.51657
30
-6.25424
11
0.71773
21
2.57463
31
-6.25108
12
0.76286
22
2.43885
32
-6.21194
13
0.63376
23
2.38063
33
-6.21532
0
3DFACE
8
A1
10
0.71773
20
2.57463
30
-6.25108
11
0.84687
21
2.63233
31
-6.24834
12
0.89198
22
2.49673
32
-6.20900
13
0.76286
23
2.43885
33
-6.21194
0
3DFACE
8
A1
10
0.84687
20
2.63233
30
-6.24834
11
0.97600
21
2.68996
31
-6.24571
12
1.02110
22
2.55470
32
-6.20594
13
0.89198
23
2.49673
33
-6.20900
0
3DFACE
8
A1
10
0.97600
20
2.68996
30
-6.24571
11
1.10513
21
2.74767
31
-6.24298
12
1.15021
22
2.61284
32
-6.20267
13
1.02110
23
2.55470
33
-6.20594
0
3DFACE
8
A1
10
1.10513
20
2.74767
30
-6.24298
11
1.23424
21
2.80572
31
-6.23982
12
1.27931
22
2.67115
32
-6.19918
13
1.15021
23
2.61284
33
-6.20267
0
3DFACE
8
A1
10
1.23424
20
2.80572
30
-6.23982
11
1.36335
21
2.86386
31
-6.23655
12
1.40840
22
2.72955
32
-6.19559
13
1.27931
23
2.67115
33
-6.19918
0
3DFACE
8
A1
10
1.36335
20
2.86386
30
-6.23655
11
1.49247
21
2.92174
31
-6.23360
12
1.53752
22
2.78751
32
-6.19254
13
1.40840
23
2.72955
33
-6.19559
0
3DFACE
8
A1
10
1.49247
20
2.92174
30
-6.23360
11
1.62161
21
2.97927
31
-6.23107
12
1.66669
22
2.84453
32
-6.19066
13
1.53752
23
2.78751
33
-6.19254
0
3DFACE
8
A1
10
1.62161
20
2.97927
30
-6.23107
11
1.75081
21
3.03578
31
-6.22984
12
1.79591
22
2.90052
32
-6.19006
13
1.66669
23
2.84453
33
-6.19066
0
3DFACE
8
A1
10
1.75081
20
3.03578
30
-6.22984
11
1.88011
21
3.09031
31
-6.23106
12
1.92526
22
2.95419
32
-6.19236
13
1.79591
23
2.90052
33
-6.19006
0
3DFACE
8
A1
10
1.88011
20
3.09031
30
-6.23106
11
2.00943
21
3.14457
31
-6.23261
12
2.05462
22
3.00751
32
-6.19508
13
1.92526
23
2.95419
33
-6.19236
0
3DFACE
8
A1
10
2.00943
20
3.14457
30
-6.23261
11
2.13868
21
3.20005
31
-6.23265
12
2.18395
22
3.06161
32
-6.19684
13
2.05462
23
3.00751
33
-6.19508
0
3DFACE
8
A1
10
2.13868
20
3.20005
30
-6.23265
11
2.26786
21
3.25681
31
-6.23109
12
2.31319
22
3.11717
32
-6.19677
13
2.18395
23
3.06161
33
-6.19684
0
3DFACE
8
A1
10
2.26786
20
3.25681
30
-6.23109
11
2.39695
21
3.31538
31
-6.22729
12
2.44234
22
3.17462
32
-6.19436
13
2.31319
23
3.11717
33
-6.19677
0
3DFACE
8
A1
10
2.39695
20
3.31538
30
-6.22729
11
2.52587
21
3.37687
31
-6.21985
12
2.57130
22
3.23542
32
-6.18777
13
2.44234
23
3.17462
33
-6.19436
0
3DFACE
8
A1
10
2.52587
20
3.37687
30
-6.21985
11
2.65473
21
3.43974
31
-6.21069
12
2.70018
22
3.29786
32
-6.17915
13
2.57130
23
3.23542
33
-6.18777
0
3DFACE
8
A1
10
2.65473
20
3.43974
30
-6.21069
11
2.78362
21
3.50192
31
-6.20239
12
2.82902
22
3.36099
32
-6.16968
13
2.70018
23
3.29786
33
-6.17915
0
3DFACE
8
A1
10
2.78362
20
3.50192
30
-6.20239
11
2.91254
21
3.56350
31
-6.19484
12
2.95790
22
3.42334
32
-6.16117
13
2.82902
23
3.36099
33
-6.16968
0
3DFACE
8
A1
10
2.91254
20
3.56350
30
-6.19484
11
3.04150
21
3.62439
31
-6.18815
12
3.08682
22
3.48500
32
-6.15351
13
2.95790
23
3.42334
33
-6.16117
0
3DFACE
8
A1
10
3.04150
20
3.62439
30
-6.18815
11
3.17050
21
3.68450
31
-6.18242
12
3.21578
22
3.54598
32
-6.14671
13
3.08682
23
3.48500
33
-6.15351
0
3DFACE
8
A1
10
3.17050
20
3.68450
30
-6.18242
11
3.29954
21
3.74402
31
-6.17743
12
3.34477
22
3.60627
32
-6.14076
13
3.21578
23
3.54598
33
-6.14671
0
3DFACE
8
A1
10
3.29954
20
3.74402
30
-6.17743
11
3.42858
21
3.80344
31
-6.17256
12
3.47381
22
3.66570
32
-6.13589
13
3.34477
23
3.60627
33
-6.14076
0
3DFACE
8
A1
10
3.42858
20
3.80344
30
-6.17256
11
3.55761
21
3.86296
31
-6.16758
12
3.60284
22
3.72521
32
-6.13091
13
3.47381
23
3.66570
33
-6.13589
0
3DFACE
8
A1
10
3.55761
20
3.86296
30
-6.16758
11
3.68665
21
3.92239
31
-6.16270
12
3.73188
22
3.78464
32
-6.12603
13
3.60284
23
3.72521
33
-6.13091
0
3DFACE
8
A1
10
3.68665
20
3.92239
30
-6.16270
11
3.81568
21
3.98190
31
-6.15772
12
3.86092
22
3.84415
32
-6.12105
13
3.73188
23
3.78464
33
-6.12603
0
3DFACE
8
A1
10
3.81568
20
3.98190
30
-6.15772
11
3.94472
21
4.04133
31
-6.15285
12
3.98996
22
3.90358
32
-6.11617
13
3.86092
23
3.84415
33
-6.12105
0
3DFACE
8
A1
10
3.94472
20
4.04133
30
-6.15285
11
4.07376
21
4.10084
31
-6.14786
12
4.11899
22
3.96310
32
-6.11119
13
3.98996
23
3.90358
33
-6.11617
0
3DFACE
8
A1
10
4.07376
20
4.10084
30
-6.14786
11
4.20279
21
4.16027
31
-6.14299
12
4.24803
22
4.02252
32
-6.10632
13
4.11899
23
3.96310
33
-6.11119
0
3DFACE
8
A1
10
4.20279
20
4.16027
30
-6.14299
11
4.33208
21
4.21514
31
-6.14378
12
4.37731
22
4.07739
32
-6.10711
13
4.24803
23
4.02252
33
-6.10632
0
3DFACE
8
A1
10
4.33208
20
4.21514
30
-6.14378
11
4.46161
21
4.26546
31
-6.15025
12
4.50684
22
4.12771
32
-6.11358
13
4.37731
23
4.07739
33
-6.10711
0
3DFACE
8
A1
10
-2.59164
20
0.88435
30
-6.35036
11
-2.46230
21
0.93819
31
-6.35244
12
-2.41711
22
0.80112
32
-6.31491
13
-2.54641
23
0.74660
33
-6.31369
0
3DFACE
8
A1
10
-2.46230
20
0.93819
30
-6.35244
11
-2.33310
21
0.99460
31
-6.35131
12
-2.28790
22
0.85737
32
-6.31399
13
-2.41711
23
0.80112
33
-6.31491
0
3DFACE
8
A1
10
-2.33310
20
0.99460
30
-6.35131
11
-2.20407
21
1.05420
31
-6.34622
12
-2.15886
22
0.91689
32
-6.30901
13
-2.28790
23
0.85737
33
-6.31399
0
3DFACE
8
A1
10
-2.20407
20
1.05420
30
-6.34622
11
-2.07506
21
1.11415
31
-6.34070
12
-2.02984
22
0.97666
32
-6.30371
13
-2.15886
23
0.91689
33
-6.30901
0
3DFACE
8
A1
10
-2.07506
20
1.11415
30
-6.34070
11
-1.94607
21
1.17435
31
-6.33486
12
-1.90084
22
1.03669
32
-6.29808
13
-2.02984
23
0.97666
33
-6.30371
0
3DFACE
8
A1
10
-1.94607
20
1.17435
30
-6.33486
11
-1.81689
21
1.23120
31
-6.33320
12
-1.77162
22
1.09276
32
-6.29738
13
-1.90084
23
1.03669
33
-6.29808
0
3DFACE
8
A1
10
-1.81689
20
1.23120
30
-6.33320
11
-1.68784
21
1.29037
31
-6.32864
12
-1.64257
22
1.15202
32
-6.29272
13
-1.77162
23
1.09276
33
-6.29738
0
3DFACE
8
A1
10
-1.68784
20
1.29037
30
-6.32864
11
-1.55887
21
1.35117
31
-6.32206
12
-1.51361
22
1.21282
32
-6.28613
13
-1.64257
23
1.15202
33
-6.29272
0
3DFACE
8
A1
10
-1.55887
20
1.35117
30
-6.32206
11
-1.42991
21
1.41198
31
-6.31547
12
-1.38464
22
1.27363
32
-6.27955
13
-1.51361
23
1.21282
33
-6.28613
0
3DFACE
8
A1
10
-1.42991
20
1.41198
30
-6.31547
11
-1.30094
21
1.47278
31
-6.30888
12
-1.25568
22
1.33443
32
-6.27296
13
-1.38464
23
1.27363
33
-6.27955
0
3DFACE
8
A1
10
-1.30094
20
1.47278
30
-6.30888
11
-1.17198
21
1.53359
31
-6.30230
12
-1.12671
22
1.39524
32
-6.26637
13
-1.25568
23
1.33443
33
-6.27296
0
3DFACE
8
A1
10
-1.17198
20
1.53359
30
-6.30230
11
-1.04301
21
1.59439
31
-6.29571
12
-0.99775
22
1.45604
32
-6.25979
13
-1.12671
23
1.39524
33
-6.26637
0
3DFACE
8
A1
10
-1.04301
20
1.59439
30
-6.29571
11
-0.91405
21
1.65519
31
-6.28912
12
-0.86878
22
1.51676
32
-6.25331
13
-0.99775
23
1.45604
33
-6.25979
0
3DFACE
8
A1
10
-0.91405
20
1.65519
30
-6.28912
11
-0.78508
21
1.71591
31
-6.28264
12
-0.73981
22
1.57756
32
-6.24672
13
-0.86878
23
1.51676
33
-6.25331
0
3DFACE
8
A1
10
-0.78508
20
1.71591
30
-6.28264
11
-0.65611
21
1.77672
31
-6.27606
12
-0.61085
22
1.63837
32
-6.24013
13
-0.73981
23
1.57756
33
-6.24672
0
3DFACE
8
A1
10
-0.65611
20
1.77672
30
-6.27606
11
-0.52715
21
1.83752
31
-6.26947
12
-0.48188
22
1.69917
32
-6.23355
13
-0.61085
23
1.63837
33
-6.24013
0
3DFACE
8
A1
10
-0.52715
20
1.83752
30
-6.26947
11
-0.39818
21
1.89832
31
-6.26288
12
-0.35292
22
1.75997
32
-6.22696
13
-0.48188
23
1.69917
33
-6.23355
0
3DFACE
8
A1
10
-0.39818
20
1.89832
30
-6.26288
11
-0.26922
21
1.95913
31
-6.25629
12
-0.22395
22
1.82078
32
-6.22037
13
-0.35292
23
1.75997
33
-6.22696
0
3DFACE
8
A1
10
-0.26922
20
1.95913
30
-6.25629
11
-0.14025
21
2.01993
31
-6.24971
12
-0.09499
22
1.88158
32
-6.21378
13
-0.22395
23
1.82078
33
-6.22037
0
3DFACE
8
A1
10
-0.14025
20
2.01993
30
-6.24971
11
-0.01129
21
2.08074
31
-6.24312
12
0.03398
22
1.94230
32
-6.20730
13
-0.09499
23
1.88158
33
-6.21378
0
3DFACE
8
A1
10
-0.01129
20
2.08074
30
-6.24312
11
0.11769
21
2.14137
31
-6.23675
12
0.16295
22
2.00302
32
-6.20082
13
0.03398
23
1.94230
33
-6.20730
0
3DFACE
8
A1
10
0.11769
20
2.14137
30
-6.23675
11
0.24667
21
2.20191
31
-6.23048
12
0.29193
22
2.06365
32
-6.19445
13
0.16295
23
2.00302
33
-6.20082
0
3DFACE
8
A1
10
0.24667
20
2.20191
30
-6.23048
11
0.37567
21
2.26203
31
-6.22475
12
0.42091
22
2.12402
32
-6.18840
13
0.29193
23
2.06365
33
-6.19445
0
3DFACE
8
A1
10
0.37567
20
2.26203
30
-6.22475
11
0.50469
21
2.32172
31
-6.21955
12
0.54992
22
2.18405
32
-6.18278
13
0.42091
23
2.12402
33
-6.18840
0
3DFACE
8
A1
10
0.50469
20
2.32172
30
-6.21955
11
0.63376
21
2.38063
31
-6.21532
12
0.67897
22
2.24322
32
-6.17822
13
0.54992
23
2.18405
33
-6.18278
0
3DFACE
8
A1
10
0.63376
20
2.38063
30
-6.21532
11
0.76286
21
2.43885
31
-6.21194
12
0.80808
22
2.30145
32
-6.17484
13
0.67897
23
2.24322
33
-6.17822
0
3DFACE
8
A1
10
0.76286
20
2.43885
30
-6.21194
11
0.89198
21
2.49673
31
-6.20900
12
0.93720
22
2.35933
32
-6.17189
13
0.80808
23
2.30145
33
-6.17484
0
3DFACE
8
A1
10
0.89198
20
2.49673
30
-6.20900
11
1.02110
21
2.55470
31
-6.20594
12
1.06629
22
2.41773
32
-6.16830
13
0.93720
23
2.35933
33
-6.17189
0
3DFACE
8
A1
10
1.02110
20
2.55470
30
-6.20594
11
1.15021
21
2.61284
31
-6.20267
12
1.19537
22
2.47638
32
-6.16439
13
1.06629
23
2.41773
33
-6.16830
0
3DFACE
8
A1
10
1.15021
20
2.61284
30
-6.20267
11
1.27931
21
2.67115
31
-6.19918
12
1.32443
22
2.53547
32
-6.15994
13
1.19537
23
2.47638
33
-6.16439
0
3DFACE
8
A1
10
1.27931
20
2.67115
30
-6.19918
11
1.40840
21
2.72955
31
-6.19559
12
1.45350
22
2.59429
32
-6.15582
13
1.32443
23
2.53547
33
-6.15994
0
3DFACE
8
A1
10
1.40840
20
2.72955
30
-6.19559
11
1.53752
21
2.78751
31
-6.19254
12
1.58260
22
2.65260
32
-6.15233
13
1.45350
23
2.59429
33
-6.15582
0
3DFACE
8
A1
10
1.53752
20
2.78751
30
-6.19254
11
1.66669
21
2.84453
31
-6.19066
12
1.71177
22
2.70954
32
-6.15056
13
1.58260
23
2.65260
33
-6.15233
0
3DFACE
8
A1
10
1.66669
20
2.84453
30
-6.19066
11
1.79591
21
2.90052
31
-6.19006
12
1.84102
22
2.76501
32
-6.15061
13
1.71177
23
2.70954
33
-6.15056
0
3DFACE
8
A1
10
1.79591
20
2.90052
30
-6.19006
11
1.92526
21
2.95419
31
-6.19236
12
1.97042
22
2.81782
32
-6.15397
13
1.84102
23
2.76501
33
-6.15061
0
3DFACE
8
A1
10
1.92526
20
2.95419
30
-6.19236
11
2.05462
21
3.00751
31
-6.19508
12
2.09983
22
2.87028
32
-6.15776
13
1.97042
23
2.81782
33
-6.15397
0
3DFACE
8
A1
10
2.05462
20
3.00751
30
-6.19508
11
2.18395
21
3.06161
31
-6.19684
12
2.22919
22
2.92369
32
-6.16038
13
2.09983
23
2.87028
33
-6.15776
0
3DFACE
8
A1
10
2.18395
20
3.06161
30
-6.19684
11
2.31319
21
3.11717
31
-6.19677
12
2.35851
22
2.97796
32
-6.16192
13
2.22919
23
2.92369
33
-6.16038
0
3DFACE
8
A1
10
2.31319
20
3.11717
30
-6.19677
11
2.44234
21
3.17462
31
-6.19436
12
2.48771
22
3.03429
32
-6.16090
13
2.35851
23
2.97796
33
-6.16192
0
3DFACE
8
A1
10
2.44234
20
3.17462
30
-6.19436
11
2.57130
21
3.23542
31
-6.18777
12
2.61672
22
3.09432
32
-6.15527
13
2.48771
23
3.03429
33
-6.16090
0
3DFACE
8
A1
10
2.57130
20
3.23542
30
-6.18777
11
2.70018
21
3.29786
31
-6.17915
12
2.74562
22
3.15624
32
-6.14730
13
2.61672
23
3.09432
33
-6.15527
0
3DFACE
8
A1
10
2.70018
20
3.29786
30
-6.17915
11
2.82902
21
3.36099
31
-6.16968
12
2.87449
22
3.21885
32
-6.13846
13
2.74562
23
3.15624
33
-6.14730
0
3DFACE
8
A1
10
2.82902
20
3.36099
30
-6.16968
11
2.95790
21
3.42334
31
-6.16117
12
3.00332
22
3.28215
32
-6.12877
13
2.87449
23
3.21885
33
-6.13846
0
3DFACE
8
A1
10
2.95790
20
3.42334
30
-6.16117
11
3.08682
21
3.48500
31
-6.15351
12
3.13219
22
3.34476
32
-6.11994
13
3.00332
23
3.28215
33
-6.12877
0
3DFACE
8
A1
10
3.08682
20
3.48500
30
-6.15351
11
3.21578
21
3.54598
31
-6.14671
12
3.26110
22
3.40660
32
-6.11207
13
3.13219
23
3.34476
33
-6.11994
0
3DFACE
8
A1
10
3.21578
20
3.54598
30
-6.14671
11
3.34477
21
3.60627
31
-6.14076
12
3.39005
22
3.46766
32
-6.10516
13
3.26110
23
3.40660
33
-6.11207
0
3DFACE
8
A1
10
3.34477
20
3.60627
30
-6.14076
11
3.47381
21
3.66570
31
-6.13589
12
3.51904
22
3.52795
32
-6.09922
13
3.39005
23
3.46766
33
-6.10516
0
3DFACE
8
A1
10
3.47381
20
3.66570
30
-6.13589
11
3.60284
21
3.72521
31
-6.13091
12
3.64808
22
3.58746
32
-6.09423
13
3.51904
23
3.52795
33
-6.09922
0
3DFACE
8
A1
10
3.60284
20
3.72521
30
-6.13091
11
3.73188
21
3.78464
31
-6.12603
12
3.77712
22
3.64689
32
-6.08936
13
3.64808
23
3.58746
33
-6.09423
0
3DFACE
8
A1
10
3.73188
20
3.78464
30
-6.12603
11
3.86092
21
3.84415
31
-6.12105
12
3.90615
22
3.70640
32
-6.08438
13
3.77712
23
3.64689
33
-6.08936
0
3DFACE
8
A1
10
3.86092
20
3.84415
30
-6.12105
11
3.98996
21
3.90358
31
-6.11617
12
4.03519
22
3.76583
32
-6.07950
13
3.90615
23
3.70640
33
-6.08438
0
3DFACE
8
A1
10
3.98996
20
3.90358
30
-6.11617
11
4.11899
21
3.96310
31
-6.11119
12
4.16422
22
3.82535
32
-6.07452
13
4.03519
23
3.76583
33
-6.07950
0
3DFACE
8
A1
10
4.11899
20
3.96310
30
-6.11119
11
4.24803
21
4.02252
31
-6.10632
12
4.29326
22
3.88477
32
-6.06964
13
4.16422
23
3.82535
33
-6.07452
0
3DFACE
8
A1
10
4.24803
20
4.02252
30
-6.10632
11
4.37731
21
4.07739
31
-6.10711
12
4.42254
22
3.93965
32
-6.07044
13
4.29326
23
3.88477
33
-6.06964
0
3DFACE
8
A1
10
4.37731
20
4.07739
30
-6.10711
11
4.50684
21
4.12771
31
-6.11358
12
4.55208
22
3.98987
32
-6.07701
13
4.42254
23
3.93965
33
-6.07044
0
3DFACE
8
A1
10
-2.54641
20
0.74660
30
-6.31369
11
-2.41711
21
0.80112
31
-6.31491
12
-2.37184
22
0.66277
32
-6.27899
13
-2.50118
23
0.60885
33
-6.27701
0
3DFACE
8
A1
10
-2.41711
20
0.80112
30
-6.31491
11
-2.28790
21
0.85737
31
-6.31399
12
-2.24262
22
0.71885
32
-6.27828
13
-2.37184
23
0.66277
33
-6.27899
0
3DFACE
8
A1
10
-2.28790
20
0.85737
30
-6.31399
11
-2.15886
21
0.91689
31
-6.30901
12
-2.11358
22
0.77828
32
-6.27341
13
-2.24262
23
0.71885
33
-6.27828
0
3DFACE
8
A1
10
-2.15886
20
0.91689
30
-6.30901
11
-2.02984
21
0.97666
31
-6.30371
12
-1.98455
22
0.83788
32
-6.26832
13
-2.11358
23
0.77828
33
-6.27341
0
3DFACE
8
A1
10
-2.02984
20
0.97666
30
-6.30371
11
-1.90084
21
1.03669
31
-6.29808
12
-1.85554
22
0.89782
32
-6.26280
13
-1.98455
23
0.83788
33
-6.26832
0
3DFACE
8
A1
10
-1.90084
20
1.03669
30
-6.29808
11
-1.77162
21
1.09276
31
-6.29738
12
-1.72635
22
0.95441
32
-6.26146
13
-1.85554
23
0.89782
33
-6.26280
0
3DFACE
8
A1
10
-1.77162
20
1.09276
30
-6.29738
11
-1.64257
21
1.15202
31
-6.29272
12
-1.59730
22
1.01367
32
-6.25680
13
-1.72635
23
0.95441
33
-6.26146
0
3DFACE
8
A1
10
-1.64257
20
1.15202
30
-6.29272
11
-1.51361
21
1.21282
31
-6.28613
12
-1.46834
22
1.07447
32
-6.25021
13
-1.59730
23
1.01367
33
-6.25680
0
3DFACE
8
A1
10
-1.51361
20
1.21282
30
-6.28613
11
-1.38464
21
1.27363
31
-6.27955
12
-1.33937
22
1.13528
32
-6.24362
13
-1.46834
23
1.07447
33
-6.25021
0
3DFACE
8
A1
10
-1.38464
20
1.27363
30
-6.27955
11
-1.25568
21
1.33443
31
-6.27296
12
-1.21041
22
1.19608
32
-6.23704
13
-1.33937
23
1.13528
33
-6.24362
0
3DFACE
8
A1
10
-1.25568
20
1.33443
30
-6.27296
11
-1.12671
21
1.39524
31
-6.26637
12
-1.08144
22
1.25680
32
-6.23056
13
-1.21041
23
1.19608
33
-6.23704
0
3DFACE
8
A1
10
-1.12671
20
1.39524
30
-6.26637
11
-0.99775
21
1.45604
31
-6.25979
12
-0.95248
22
1.31760
32
-6.22397
13
-1.08144
23
1.25680
33
-6.23056
0
3DFACE
8
A1
10
-0.99775
20
1.45604
30
-6.25979
11
-0.86878
21
1.51676
31
-6.25331
12
-0.82351
22
1.37841
32
-6.21738
13
-0.95248
23
1.31760
33
-6.22397
0
3DFACE
8
A1
10
-0.86878
20
1.51676
30
-6.25331
11
-0.73981
21
1.57756
31
-6.24672
12
-0.69455
22
1.43921
32
-6.21080
13
-0.82351
23
1.37841
33
-6.21738
0
3DFACE
8
A1
10
-0.73981
20
1.57756
30
-6.24672
11
-0.61085
21
1.63837
31
-6.24013
12
-0.56558
22
1.50002
32
-6.20421
13
-0.69455
23
1.43921
33
-6.21080
0
3DFACE
8
A1
10
-0.61085
20
1.63837
30
-6.24013
11
-0.48188
21
1.69917
31
-6.23355
12
-0.43662
22
1.56082
32
-6.19762
13
-0.56558
23
1.50002
33
-6.20421
0
3DFACE
8
A1
10
-0.48188
20
1.69917
30
-6.23355
11
-0.35292
21
1.75997
31
-6.22696
12
-0.30765
22
1.62162
32
-6.19103
13
-0.43662
23
1.56082
33
-6.19762
0
3DFACE
8
A1
10
-0.35292
20
1.75997
30
-6.22696
11
-0.22395
21
1.82078
31
-6.22037
12
-0.17868
22
1.68234
32
-6.18455
13
-0.30765
23
1.62162
33
-6.19103
0
3DFACE
8
A1
10
-0.22395
20
1.82078
30
-6.22037
11
-0.09499
21
1.88158
31
-6.21378
12
-0.04971
22
1.74306
32
-6.17807
13
-0.17868
23
1.68234
33
-6.18455
0
3DFACE
8
A1
10
-0.09499
20
1.88158
30
-6.21378
11
0.03398
21
1.94230
31
-6.20730
12
0.07926
22
1.80369
32
-6.17170
13
-0.04971
23
1.74306
33
-6.17807
0
3DFACE
8
A1
10
0.03398
20
1.94230
30
-6.20730
11
0.16295
21
2.00302
31
-6.20082
12
0.20824
22
1.86424
32
-6.16544
13
0.07926
23
1.80369
33
-6.17170
0
3DFACE
8
A1
10
0.16295
20
2.00302
30
-6.20082
11
0.29193
21
2.06365
31
-6.19445
12
0.33722
22
1.92470
32
-6.15928
13
0.20824
23
1.86424
33
-6.16544
0
3DFACE
8
A1
10
0.29193
20
2.06365
30
-6.19445
11
0.42091
21
2.12402
31
-6.18840
12
0.46622
22
1.98499
32
-6.15333
13
0.33722
23
1.92470
33
-6.15928
0
3DFACE
8
A1
10
0.42091
20
2.12402
30
-6.18840
11
0.54992
21
2.18405
31
-6.18278
12
0.59522
22
2.04502
32
-6.14771
13
0.46622
23
1.98499
33
-6.15333
0
3DFACE
8
A1
10
0.54992
20
2.18405
30
-6.18278
11
0.67897
21
2.24322
31
-6.17822
12
0.72428
22
2.10419
32
-6.14315
13
0.59522
23
2.04502
33
-6.14771
0
3DFACE
8
A1
10
0.67897
20
2.24322
30
-6.17822
11
0.80808
21
2.30145
31
-6.17484
12
0.85338
22
2.16241
32
-6.13978
13
0.72428
23
2.10419
33
-6.14315
0
3DFACE
8
A1
10
0.80808
20
2.30145
30
-6.17484
11
0.93720
21
2.35933
31
-6.17189
12
0.98251
22
2.22021
32
-6.13693
13
0.85338
23
2.16241
33
-6.13978
0
3DFACE
8
A1
10
0.93720
20
2.35933
30
-6.17189
11
1.06629
21
2.41773
31
-6.16830
12
1.11159
22
2.27886
32
-6.13302
13
0.98251
23
2.22021
33
-6.13693
0
3DFACE
8
A1
10
1.06629
20
2.41773
30
-6.16830
11
1.19537
21
2.47638
31
-6.16439
12
1.24062
22
2.33837
32
-6.12804
13
1.11159
23
2.27886
33
-6.13302
0
3DFACE
8
A1
10
1.19537
20
2.47638
30
-6.16439
11
1.32443
21
2.53547
31
-6.15994
12
1.36963
22
2.39832
32
-6.12252
13
1.24062
23
2.33837
33
-6.12804
0
3DFACE
8
A1
10
1.32443
20
2.53547
30
-6.15994
11
1.45350
21
2.59429
31
-6.15582
12
1.49865
22
2.45809
32
-6.11722
13
1.36963
23
2.39832
33
-6.12252
0
3DFACE
8
A1
10
1.45350
20
2.59429
30
-6.15582
11
1.58260
21
2.65260
31
-6.15233
12
1.62771
22
2.51717
32
-6.11277
13
1.49865
23
2.45809
33
-6.11722
0
3DFACE
8
A1
10
1.58260
20
2.65260
30
-6.15233
11
1.71177
21
2.70954
31
-6.15056
12
1.75686
22
2.57445
32
-6.11057
13
1.62771
23
2.51717
33
-6.11277
0
3DFACE
8
A1
10
1.71177
20
2.70954
30
-6.15056
11
1.84102
21
2.76501
31
-6.15061
12
1.88614
22
2.62950
32
-6.11115
13
1.75686
23
2.57445
33
-6.11057
0
3DFACE
8
A1
10
1.84102
20
2.76501
30
-6.15061
11
1.97042
21
2.81782
31
-6.15397
12
2.01557
22
2.68162
32
-6.11537
13
1.88614
23
2.62950
33
-6.11115
0
3DFACE
8
A1
10
1.97042
20
2.81782
30
-6.15397
11
2.09983
21
2.87028
31
-6.15776
12
2.14503
22
2.73313
32
-6.12034
13
2.01557
23
2.68162
33
-6.11537
0
3DFACE
8
A1
10
2.09983
20
2.87028
30
-6.15776
11
2.22919
21
2.92369
31
-6.16038
12
2.27443
22
2.78577
32
-6.12392
13
2.14503
23
2.73313
33
-6.12034
0
3DFACE
8
A1
10
2.22919
20
2.92369
30
-6.16038
11
2.35851
21
2.97796
31
-6.16192
12
2.40378
22
2.83944
32
-6.12621
13
2.27443
23
2.78577
33
-6.12392
0
3DFACE
8
A1
10
2.35851
20
2.97796
30
-6.16192
11
2.48771
21
3.03429
31
-6.16090
12
2.53306
22
2.89448
32
-6.12679
13
2.40378
23
2.83944
33
-6.12621
0
3DFACE
8
A1
10
2.48771
20
3.03429
30
-6.16090
11
2.61672
21
3.09432
31
-6.15527
12
2.66211
22
2.95356
32
-6.12235
13
2.53306
23
2.89448
33
-6.12679
0
3DFACE
8
A1
10
2.61672
20
3.09432
30
-6.15527
11
2.74562
21
3.15624
31
-6.14730
12
2.79105
22
3.01497
32
-6.11501
13
2.66211
23
2.95356
33
-6.12235
0
3DFACE
8
A1
10
2.74562
20
3.15624
30
-6.14730
11
2.87449
21
3.21885
31
-6.13846
12
2.91994
22
3.07706
32
-6.10682
13
2.79105
23
3.01497
33
-6.11501
0
3DFACE
8
A1
10
2.87449
20
3.21885
30
-6.13846
11
3.00332
21
3.28215
31
-6.12877
12
3.04879
22
3.13993
32
-6.09766
13
2.91994
23
3.07706
33
-6.10682
0
3DFACE
8
A1
10
3.00332
20
3.28215
30
-6.12877
11
3.13219
21
3.34476
31
-6.11994
12
3.17762
22
3.20340
32
-6.08776
13
3.04879
23
3.13993
33
-6.09766
0
3DFACE
8
A1
10
3.13219
20
3.34476
30
-6.11994
11
3.26110
21
3.40660
31
-6.11207
12
3.30648
22
3.26618
32
-6.07871
13
3.17762
23
3.20340
33
-6.08776
0
3DFACE
8
A1
10
3.26110
20
3.40660
30
-6.11207
11
3.39005
21
3.46766
31
-6.10516
12
3.43538
22
3.32819
32
-6.07063
13
3.30648
23
3.26618
33
-6.07871
0
3DFACE
8
A1
10
3.39005
20
3.46766
30
-6.10516
11
3.51904
21
3.52795
31
-6.09922
12
3.56432
22
3.38934
32
-6.06361
13
3.43538
23
3.32819
33
-6.07063
0
3DFACE
8
A1
10
3.51904
20
3.52795
30
-6.09922
11
3.64808
21
3.58746
31
-6.09423
12
3.69331
22
3.44963
32
-6.05767
13
3.56432
23
3.38934
33
-6.06361
0
3DFACE
8
A1
10
3.64808
20
3.58746
30
-6.09423
11
3.77712
21
3.64689
31
-6.08936
12
3.82235
22
3.50914
32
-6.05269
13
3.69331
23
3.44963
33
-6.05767
0
3DFACE
8
A1
10
3.77712
20
3.64689
30
-6.08936
11
3.90615
21
3.70640
31
-6.08438
12
3.95139
22
3.56857
32
-6.04781
13
3.82235
23
3.50914
33
-6.05269
0
3DFACE
8
A1
10
3.90615
20
3.70640
30
-6.08438
11
4.03519
21
3.76583
31
-6.07950
12
4.08042
22
3.62808
32
-6.04283
13
3.95139
23
3.56857
33
-6.04781
0
3DFACE
8
A1
10
4.03519
20
3.76583
30
-6.07950
11
4.16422
21
3.82535
31
-6.07452
12
4.20946
22
3.68751
32
-6.03795
13
4.08042
23
3.62808
33
-6.04283
0
3DFACE
8
A1
10
4.16422
20
3.82535
30
-6.07452
11
4.29326
21
3.88477
31
-6.06964
12
4.33849
22
3.74703
32
-6.03297
13
4.20946
23
3.68751
33
-6.03795
0
3DFACE
8
A1
10
4.29326
20
3.88477
30
-6.06964
11
4.42254
21
3.93965
31
-6.07044
12
4.46778
22
3.80190
32
-6.03377
13
4.33849
23
3.74703
33
-6.03297
0
3DFACE
8
A1
10
4.42254
20
3.93965
30
-6.07044
11
4.55208
21
3.98987
31
-6.07701
12
4.59731
22
3.85212
32
-6.04034
13
4.46778
23
3.80190
33
-6.03377
0
3DFACE
8
A1
10
-2.50118
20
0.60885
30
-6.27701
11
-2.37184
21
0.66277
31
-6.27899
12
-2.32658
22
0.52442
32
-6.24306
13
-2.45594
23
0.47110
33
-6.24034
0
3DFACE
8
A1
10
-2.37184
20
0.66277
30
-6.27899
11
-2.24262
21
0.71885
31
-6.27828
12
-2.19735
22
0.58041
32
-6.24247
13
-2.32658
23
0.52442
33
-6.24306
0
3DFACE
8
A1
10
-2.24262
20
0.71885
30
-6.27828
11
-2.11358
21
0.77828
31
-6.27341
12
-2.06830
22
0.63967
32
-6.23781
13
-2.19735
23
0.58041
33
-6.24247
0
3DFACE
8
A1
10
-2.11358
20
0.77828
30
-6.27341
11
-1.98455
21
0.83788
31
-6.26832
12
-1.93927
22
0.69918
32
-6.23282
13
-2.06830
23
0.63967
33
-6.23781
0
3DFACE
8
A1
10
-1.98455
20
0.83788
30
-6.26832
11
-1.85554
21
0.89782
31
-6.26280
12
-1.81025
22
0.75904
32
-6.22741
13
-1.93927
23
0.69918
33
-6.23282
0
3DFACE
8
A1
10
-1.85554
20
0.89782
30
-6.26280
11
-1.72635
21
0.95441
31
-6.26146
12
-1.68109
22
0.81606
32
-6.22554
13
-1.81025
23
0.75904
33
-6.22741
0
3DFACE
8
A1
10
-1.72635
20
0.95441
30
-6.26146
11
-1.59730
21
1.01367
31
-6.25680
12
-1.55204
22
0.87532
32
-6.22087
13
-1.68109
23
0.81606
33
-6.22554
0
3DFACE
8
A1
10
-1.59730
20
1.01367
30
-6.25680
11
-1.46834
21
1.07447
31
-6.25021
12
-1.42307
22
0.93612
32
-6.21429
13
-1.55204
23
0.87532
33
-6.22087
0
3DFACE
8
A1
10
-1.46834
20
1.07447
30
-6.25021
11
-1.33937
21
1.13528
31
-6.24362
12
-1.29411
22
0.99693
32
-6.20770
13
-1.42307
23
0.93612
33
-6.21429
0
3DFACE
8
A1
10
-1.33937
20
1.13528
30
-6.24362
11
-1.21041
21
1.19608
31
-6.23704
12
-1.16514
22
1.05764
32
-6.20122
13
-1.29411
23
0.99693
33
-6.20770
0
3DFACE
8
A1
10
-1.21041
20
1.19608
30
-6.23704
11
-1.08144
21
1.25680
31
-6.23056
12
-1.03617
22
1.11845
32
-6.19463
13
-1.16514
23
1.05764
33
-6.20122
0
3DFACE
8
A1
10
-1.08144
20
1.25680
30
-6.23056
11
-0.95248
21
1.31760
31
-6.22397
12
-0.90721
22
1.17925
32
-6.18805
13
-1.03617
23
1.11845
33
-6.19463
0
3DFACE
8
A1
10
-0.95248
20
1.31760
30
-6.22397
11
-0.82351
21
1.37841
31
-6.21738
12
-0.77825
22
1.24006
32
-6.18146
13
-0.90721
23
1.17925
33
-6.18805
0
3DFACE
8
A1
10
-0.82351
20
1.37841
30
-6.21738
11
-0.69455
21
1.43921
31
-6.21080
12
-0.64928
22
1.30086
32
-6.17487
13
-0.77825
23
1.24006
33
-6.18146
0
3DFACE
8
A1
10
-0.69455
20
1.43921
30
-6.21080
11
-0.56558
21
1.50002
31
-6.20421
12
-0.52032
22
1.36166
32
-6.16829
13
-0.64928
23
1.30086
33
-6.17487
0
3DFACE
8
A1
10
-0.56558
20
1.50002
30
-6.20421
11
-0.43662
21
1.56082
31
-6.19762
12
-0.39135
22
1.42238
32
-6.16181
13
-0.52032
23
1.36166
33
-6.16829
0
3DFACE
8
A1
10
-0.43662
20
1.56082
30
-6.19762
11
-0.30765
21
1.62162
31
-6.19103
12
-0.26238
22
1.48310
32
-6.15533
13
-0.39135
23
1.42238
33
-6.16181
0
3DFACE
8
A1
10
-0.30765
20
1.62162
30
-6.19103
11
-0.17868
21
1.68234
31
-6.18455
12
-0.13340
22
1.54365
32
-6.14906
13
-0.26238
23
1.48310
33
-6.15533
0
3DFACE
8
A1
10
-0.17868
20
1.68234
30
-6.18455
11
-0.04971
21
1.74306
31
-6.17807
12
-0.00442
22
1.60419
32
-6.14279
13
-0.13340
23
1.54365
33
-6.14906
0
3DFACE
8
A1
10
-0.04971
20
1.74306
30
-6.17807
11
0.07926
21
1.80369
31
-6.17170
12
0.12457
22
1.66457
32
-6.13674
13
-0.00442
23
1.60419
33
-6.14279
0
3DFACE
8
A1
10
0.07926
20
1.80369
30
-6.17170
11
0.20824
21
1.86424
31
-6.16544
12
0.25356
22
1.72485
32
-6.13080
13
0.12457
23
1.66457
33
-6.13674
0
3DFACE
8
A1
10
0.20824
20
1.86424
30
-6.16544
11
0.33722
21
1.92470
31
-6.15928
12
0.38256
22
1.78506
32
-6.12496
13
0.25356
23
1.72485
33
-6.13080
0
3DFACE
8
A1
10
0.33722
20
1.92470
30
-6.15928
11
0.46622
21
1.98499
31
-6.15333
12
0.51157
22
1.84509
32
-6.11933
13
0.38256
23
1.78506
33
-6.12496
0
3DFACE
8
A1
10
0.46622
20
1.98499
30
-6.15333
11
0.59522
21
2.04502
31
-6.14771
12
0.64058
22
1.90495
32
-6.11392
13
0.51157
23
1.84509
33
-6.11933
0
3DFACE
8
A1
10
0.59522
20
2.04502
30
-6.14771
11
0.72428
21
2.10419
31
-6.14315
12
0.76964
22
1.96394
32
-6.10958
13
0.64058
23
1.90495
33
-6.11392
0
3DFACE
8
A1
10
0.72428
20
2.10419
30
-6.14315
11
0.85338
21
2.16241
31
-6.13978
12
0.89876
22
2.02200
32
-6.10642
13
0.76964
23
1.96394
33
-6.10958
0
3DFACE
8
A1
10
0.85338
20
2.16241
30
-6.13978
11
0.98251
21
2.22021
31
-6.13693
12
1.02789
22
2.07962
32
-6.10379
13
0.89876
23
2.02200
33
-6.10642
0
3DFACE
8
A1
10
0.98251
20
2.22021
30
-6.13693
11
1.11159
21
2.27886
31
-6.13302
12
1.15697
22
2.13827
32
-6.09988
13
1.02789
23
2.07962
33
-6.10379
0
3DFACE
8
A1
10
1.11159
20
2.27886
30
-6.13302
11
1.24062
21
2.33837
31
-6.12804
12
1.28597
22
2.19839
32
-6.09415
13
1.15697
23
2.13827
33
-6.09988
0
3DFACE
8
A1
10
1.24062
20
2.33837
30
-6.12804
11
1.36963
21
2.39832
31
-6.12252
12
1.41492
22
2.25954
32
-6.08713
13
1.28597
23
2.19839
33
-6.09415
0
3DFACE
8
A1
10
1.36963
20
2.39832
30
-6.12252
11
1.49865
21
2.45809
31
-6.11722
12
1.54387
22
2.32051
32
-6.08033
13
1.41492
23
2.25954
33
-6.08713
0
3DFACE
8
A1
10
1.49865
20
2.45809
30
-6.11722
11
1.62771
21
2.51717
31
-6.11277
12
1.67286
22
2.38089
32
-6.07428
13
1.54387
23
2.32051
33
-6.08033
0
3DFACE
8
A1
10
1.62771
20
2.51717
30
-6.11277
11
1.75686
21
2.57445
31
-6.11057
12
1.80197
22
2.43903
32
-6.07101
13
1.67286
23
2.38089
33
-6.07428
0
3DFACE
8
A1
10
1.75686
20
2.57445
30
-6.11057
11
1.88614
21
2.62950
31
-6.11115
12
1.93124
22
2.49424
32
-6.07138
13
1.80197
23
2.43903
33
-6.07101
0
3DFACE
8
A1
10
1.88614
20
2.62950
30
-6.11115
11
2.01557
21
2.68162
31
-6.11537
12
2.06069
22
2.54584
32
-6.07624
13
1.93124
23
2.49424
33
-6.07138
0
3DFACE
8
A1
10
2.01557
20
2.68162
30
-6.11537
11
2.14503
21
2.73313
31
-6.12034
12
2.19022
22
2.59624
32
-6.08260
13
2.06069
23
2.54584
33
-6.07624
0
3DFACE
8
A1
10
2.14503
20
2.73313
30
-6.12034
11
2.27443
21
2.78577
31
-6.12392
12
2.31967
22
2.64793
32
-6.08735
13
2.19022
23
2.59624
33
-6.08260
0
3DFACE
8
A1
10
2.27443
20
2.78577
30
-6.12392
11
2.40378
21
2.83944
31
-6.12621
12
2.44906
22
2.70083
32
-6.09061
13
2.31967
23
2.64793
33
-6.08735
0
3DFACE
8
A1
10
2.40378
20
2.83944
30
-6.12621
11
2.53306
21
2.89448
31
-6.12679
12
2.57837
22
2.75518
32
-6.09205
13
2.44906
23
2.70083
33
-6.09061
0
3DFACE
8
A1
10
2.53306
20
2.89448
30
-6.12679
11
2.66211
21
2.95356
31
-6.12235
12
2.70748
22
2.81332
32
-6.08878
13
2.57837
23
2.75518
33
-6.09205
0
3DFACE
8
A1
10
2.66211
20
2.95356
30
-6.12235
11
2.79105
21
3.01497
31
-6.11501
12
2.83644
22
2.87413
32
-6.08219
13
2.70748
23
2.81332
33
-6.08878
0
3DFACE
8
A1
10
2.79105
20
3.01497
30
-6.11501
11
2.91994
21
3.07706
31
-6.10682
12
2.96537
22
2.93570
32
-6.07464
13
2.83644
23
2.87413
33
-6.08219
0
3DFACE
8
A1
10
2.91994
20
3.07706
30
-6.10682
11
3.04879
21
3.13993
31
-6.09766
12
3.09426
22
2.99788
32
-6.06634
13
2.96537
23
2.93570
33
-6.07464
0
3DFACE
8
A1
10
3.04879
20
3.13993
30
-6.09766
11
3.17762
21
3.20340
31
-6.08776
12
3.22310
22
3.06092
32
-6.05697
13
3.09426
23
2.99788
33
-6.06634
0
3DFACE
8
A1
10
3.17762
20
3.20340
30
-6.08776
11
3.30648
21
3.26618
31
-6.07871
12
3.35191
22
3.12465
32
-6.04675
13
3.22310
23
3.06092
33
-6.05697
0
3DFACE
8
A1
10
3.30648
20
3.26618
30
-6.07871
11
3.43538
21
3.32819
31
-6.07063
12
3.48076
22
3.18760
32
-6.03749
13
3.35191
23
3.12465
33
-6.04675
0
3DFACE
8
A1
10
3.43538
20
3.32819
30
-6.07063
11
3.56432
21
3.38934
31
-6.06361
12
3.60966
22
3.24970
32
-6.02929
13
3.48076
23
3.18760
33
-6.03749
0
3DFACE
8
A1
10
3.56432
20
3.38934
30
-6.06361
11
3.69331
21
3.44963
31
-6.05767
12
3.73859
22
3.31102
32
-6.02207
13
3.60966
23
3.24970
33
-6.02929
0
3DFACE
8
A1
10
3.69331
20
3.44963
30
-6.05767
11
3.82235
21
3.50914
31
-6.05269
12
3.86758
22
3.37139
32
-6.01601
13
3.73859
23
3.31102
33
-6.02207
0
3DFACE
8
A1
10
3.82235
20
3.50914
30
-6.05269
11
3.95139
21
3.56857
31
-6.04781
12
3.99662
22
3.43082
32
-6.01114
13
3.86758
23
3.37139
33
-6.01601
0
3DFACE
8
A1
10
3.95139
20
3.56857
30
-6.04781
11
4.08042
21
3.62808
31
-6.04283
12
4.12565
22
3.49033
32
-6.00616
13
3.99662
23
3.43082
33
-6.01114
0
3DFACE
8
A1
10
4.08042
20
3.62808
30
-6.04283
11
4.20946
21
3.68751
31
-6.03795
12
4.25469
22
3.54976
32
-6.00128
13
4.12565
23
3.49033
33
-6.00616
0
3DFACE
8
A1
10
4.20946
20
3.68751
30
-6.03795
11
4.33849
21
3.74703
31
-6.03297
12
4.38373
22
3.60928
32
-5.99630
13
4.25469
23
3.54976
33
-6.00128
0
3DFACE
8
A1
10
4.33849
20
3.74703
30
-6.03297
11
4.46778
21
3.80190
31
-6.03377
12
4.51301
22
3.66415
32
-5.99709
13
4.38373
23
3.60928
33
-5.99630
0
3DFACE
8
A1
10
4.46778
20
3.80190
30
-6.03377
11
4.59731
21
3.85212
31
-6.04034
12
4.64254
22
3.71438
32
-6.00367
13
4.51301
23
3.66415
33
-5.99709
0
3DFACE
8
A1
10
-2.45594
20
0.47110
30
-6.24034
11
-2.32658
21
0.52442
31
-6.24306
12
-2.28131
22
0.38599
32
-6.20725
13
-2.41071
23
0.33335
33
-6.20367
0
3DFACE
8
A1
10
-2.32658
20
0.52442
30
-6.24306
11
-2.19735
21
0.58041
31
-6.24247
12
-2.15208
22
0.44189
32
-6.20676
13
-2.28131
23
0.38599
33
-6.20725
0
3DFACE
8
A1
10
-2.19735
20
0.58041
30
-6.24247
11
-2.06830
21
0.63967
31
-6.23781
12
-2.02303
22
0.50106
32
-6.20220
13
-2.15208
23
0.44189
33
-6.20676
0
3DFACE
8
A1
10
-2.06830
20
0.63967
30
-6.23781
11
-1.93927
21
0.69918
31
-6.23282
12
-1.89399
22
0.56049
32
-6.19733
13
-2.02303
23
0.50106
33
-6.20220
0
3DFACE
8
A1
10
-1.93927
20
0.69918
30
-6.23282
11
-1.81025
21
0.75904
31
-6.22741
12
-1.76496
22
0.62017
32
-6.19213
13
-1.89399
23
0.56049
33
-6.19733
0
3DFACE
8
A1
10
-1.81025
20
0.75904
30
-6.22741
11
-1.68109
21
0.81606
31
-6.22554
12
-1.63582
22
0.67771
32
-6.18961
13
-1.76496
23
0.62017
33
-6.19213
0
3DFACE
8
A1
10
-1.68109
20
0.81606
30
-6.22554
11
-1.55204
21
0.87532
31
-6.22087
12
-1.50677
22
0.73697
32
-6.18495
13
-1.63582
23
0.67771
33
-6.18961
0
3DFACE
8
A1
10
-1.55204
20
0.87532
30
-6.22087
11
-1.42307
21
0.93612
31
-6.21429
12
-1.37781
22
0.79777
32
-6.17836
13
-1.50677
23
0.73697
33
-6.18495
0
3DFACE
8
A1
10
-1.42307
20
0.93612
30
-6.21429
11
-1.29411
21
0.99693
31
-6.20770
12
-1.24884
22
0.85849
32
-6.17188
13
-1.37781
23
0.79777
33
-6.17836
0
3DFACE
8
A1
10
-1.29411
20
0.99693
30
-6.20770
11
-1.16514
21
1.05764
31
-6.20122
12
-1.11987
22
0.91929
32
-6.16530
13
-1.24884
23
0.85849
33
-6.17188
0
3DFACE
8
A1
10
-1.16514
20
1.05764
30
-6.20122
11
-1.03617
21
1.11845
31
-6.19463
12
-0.99091
22
0.98010
32
-6.15871
13
-1.11987
23
0.91929
33
-6.16530
0
3DFACE
8
A1
10
-1.03617
20
1.11845
30
-6.19463
11
-0.90721
21
1.17925
31
-6.18805
12
-0.86194
22
1.04090
32
-6.15212
13
-0.99091
23
0.98010
33
-6.15871
0
3DFACE
8
A1
10
-0.90721
20
1.17925
30
-6.18805
11
-0.77825
21
1.24006
31
-6.18146
12
-0.73298
22
1.10171
32
-6.14554
13
-0.86194
23
1.04090
33
-6.15212
0
3DFACE
8
A1
10
-0.77825
20
1.24006
30
-6.18146
11
-0.64928
21
1.30086
31
-6.17487
12
-0.60401
22
1.16242
32
-6.13906
13
-0.73298
23
1.10171
33
-6.14554
0
3DFACE
8
A1
10
-0.64928
20
1.30086
30
-6.17487
11
-0.52032
21
1.36166
31
-6.16829
12
-0.47504
22
1.22306
32
-6.13268
13
-0.60401
23
1.16242
33
-6.13906
0
3DFACE
8
A1
10
-0.52032
20
1.36166
30
-6.16829
11
-0.39135
21
1.42238
31
-6.16181
12
-0.34606
22
1.28369
32
-6.12631
13
-0.47504
23
1.22306
33
-6.13268
0
3DFACE
8
A1
10
-0.39135
20
1.42238
30
-6.16181
11
-0.26238
21
1.48310
31
-6.15533
12
-0.21708
22
1.34415
32
-6.12015
13
-0.34606
23
1.28369
33
-6.12631
0
3DFACE
8
A1
10
-0.26238
20
1.48310
30
-6.15533
11
-0.13340
21
1.54365
31
-6.14906
12
-0.08809
22
1.40444
32
-6.11421
13
-0.21708
23
1.34415
33
-6.12015
0
3DFACE
8
A1
10
-0.13340
20
1.54365
30
-6.14906
11
-0.00442
21
1.60419
31
-6.14279
12
0.04091
22
1.46472
32
-6.10826
13
-0.08809
23
1.40444
33
-6.11421
0
3DFACE
8
A1
10
-0.00442
20
1.60419
30
-6.14279
11
0.12457
21
1.66457
31
-6.13674
12
0.16991
22
1.52484
32
-6.10253
13
0.04091
23
1.46472
33
-6.10826
0
3DFACE
8
A1
10
0.12457
20
1.66457
30
-6.13674
11
0.25356
21
1.72485
31
-6.13080
12
0.29891
22
1.58487
32
-6.09691
13
0.16991
23
1.52484
33
-6.10253
0
3DFACE
8
A1
10
0.25356
20
1.72485
30
-6.13080
11
0.38256
21
1.78506
31
-6.12496
12
0.42793
22
1.64473
32
-6.09150
13
0.29891
23
1.58487
33
-6.09691
0
3DFACE
8
A1
10
0.38256
20
1.78506
30
-6.12496
11
0.51157
21
1.84509
31
-6.11933
12
0.55695
22
1.70450
32
-6.08619
13
0.42793
23
1.64473
33
-6.09150
0
3DFACE
8
A1
10
0.51157
20
1.84509
30
-6.11933
11
0.64058
21
1.90495
31
-6.11392
12
0.68598
22
1.76410
32
-6.08110
13
0.55695
23
1.70450
33
-6.08619
0
3DFACE
8
A1
10
0.64058
20
1.90495
30
-6.11392
11
0.76964
21
1.96394
31
-6.10958
12
0.81506
22
1.82284
32
-6.07708
13
0.68598
23
1.76410
33
-6.08110
0
3DFACE
8
A1
10
0.76964
20
1.96394
30
-6.10958
11
0.89876
21
2.02200
31
-6.10642
12
0.94419
22
1.88055
32
-6.07435
13
0.81506
23
1.82284
33
-6.07708
0
3DFACE
8
A1
10
0.89876
20
2.02200
30
-6.10642
11
1.02789
21
2.07962
31
-6.10379
12
1.07335
22
1.93766
32
-6.07236
13
0.94419
23
1.88055
33
-6.07435
0
3DFACE
8
A1
10
1.02789
20
2.07962
30
-6.10379
11
1.15697
21
2.13827
31
-6.09988
12
1.20244
22
1.99605
32
-6.06877
13
1.07335
23
1.93766
33
-6.07236
0
3DFACE
8
A1
10
1.15697
20
2.13827
30
-6.09988
11
1.28597
21
2.19839
31
-6.09415
12
1.33142
22
2.05660
32
-6.06251
13
1.20244
23
1.99605
33
-6.06877
0
3DFACE
8
A1
10
1.28597
20
2.19839
30
-6.09415
11
1.41492
21
2.25954
31
-6.08713
12
1.46031
22
2.11887
32
-6.05410
13
1.33142
23
2.05660
33
-6.06251
0
3DFACE
8
A1
10
1.41492
20
2.25954
30
-6.08713
11
1.54387
21
2.32051
31
-6.08033
12
1.58918
22
2.18148
32
-6.04527
13
1.46031
23
2.11887
33
-6.05410
0
3DFACE
8
A1
10
1.54387
20
2.32051
30
-6.08033
11
1.67286
21
2.38089
31
-6.07428
12
1.71807
22
2.24365
32
-6.03697
13
1.58918
23
2.18148
33
-6.04527
0
3DFACE
8
A1
10
1.67286
20
2.38089
30
-6.07428
11
1.80197
21
2.43903
31
-6.07101
12
1.84710
22
2.30326
32
-6.03188
13
1.71807
23
2.24365
33
-6.03697
0
3DFACE
8
A1
10
1.80197
20
2.43903
30
-6.07101
11
1.93124
21
2.49424
31
-6.07138
12
1.97632
22
2.35924
32
-6.03128
13
1.84710
23
2.30326
33
-6.03188
0
3DFACE
8
A1
10
1.93124
20
2.49424
30
-6.07138
11
2.06069
21
2.54584
31
-6.07624
12
2.10581
22
2.41033
32
-6.03679
13
1.97632
23
2.35924
33
-6.03128
0
3DFACE
8
A1
10
2.06069
20
2.54584
30
-6.07624
11
2.19022
21
2.59624
31
-6.08260
12
2.23539
22
2.45970
32
-6.04443
13
2.10581
23
2.41033
33
-6.03679
0
3DFACE
8
A1
10
2.19022
20
2.59624
30
-6.08260
11
2.31967
21
2.64793
31
-6.08735
12
2.36490
22
2.51036
32
-6.05047
13
2.23539
23
2.45970
33
-6.04443
0
3DFACE
8
A1
10
2.31967
20
2.64793
30
-6.08735
11
2.44906
21
2.70083
31
-6.09061
12
2.49433
22
2.56239
32
-6.05479
13
2.36490
23
2.51036
33
-6.05047
0
3DFACE
8
A1
10
2.44906
20
2.70083
30
-6.09061
11
2.57837
21
2.75518
31
-6.09205
12
2.62368
22
2.61597
32
-6.05719
13
2.49433
23
2.56239
33
-6.05479
0
3DFACE
8
A1
10
2.57837
20
2.75518
30
-6.09205
11
2.70748
21
2.81332
31
-6.08878
12
2.75281
22
2.67377
32
-6.05435
13
2.62368
23
2.61597
33
-6.05719
0
3DFACE
8
A1
10
2.70748
20
2.81332
30
-6.08878
11
2.83644
21
2.87413
31
-6.08219
12
2.88181
22
2.73388
32
-6.04862
13
2.75281
23
2.67377
33
-6.05435
0
3DFACE
8
A1
10
2.83644
20
2.87413
30
-6.08219
11
2.96537
21
2.93570
31
-6.07464
12
3.01077
22
2.79477
32
-6.04193
13
2.88181
23
2.73388
33
-6.04862
0
3DFACE
8
A1
10
2.96537
20
2.93570
30
-6.07464
11
3.09426
21
2.99788
31
-6.06634
12
3.13970
22
2.85635
32
-6.03438
13
3.01077
23
2.79477
33
-6.04193
0
3DFACE
8
A1
10
3.09426
20
2.99788
30
-6.06634
11
3.22310
21
3.06092
31
-6.05697
12
3.26858
22
2.91870
32
-6.02586
13
3.13970
23
2.85635
33
-6.03438
0
3DFACE
8
A1
10
3.22310
20
3.06092
30
-6.05697
11
3.35191
21
3.12465
31
-6.04675
12
3.39741
22
2.98191
32
-6.01628
13
3.26858
23
2.91870
33
-6.02586
0
3DFACE
8
A1
10
3.35191
20
3.12465
30
-6.04675
11
3.48076
21
3.18760
31
-6.03749
12
3.52621
22
3.04590
32
-6.00574
13
3.39741
23
2.98191
33
-6.01628
0
3DFACE
8
A1
10
3.48076
20
3.18760
30
-6.03749
11
3.60966
21
3.24970
31
-6.02929
12
3.65505
22
3.10903
32
-5.99626
13
3.52621
23
3.04590
33
-6.00574
0
3DFACE
8
A1
10
3.60966
20
3.24970
30
-6.02929
11
3.73859
21
3.31102
31
-6.02207
12
3.78393
22
3.17129
32
-5.98785
13
3.65505
23
3.10903
33
-5.99626
0
3DFACE
8
A1
10
3.73859
20
3.31102
30
-6.02207
11
3.86758
21
3.37139
31
-6.01601
12
3.91287
22
3.23261
32
-5.98063
13
3.78393
23
3.17129
33
-5.98785
0
3DFACE
8
A1
10
3.86758
20
3.37139
30
-6.01601
11
3.99662
21
3.43082
31
-6.01114
12
4.04185
22
3.29307
32
-5.97447
13
3.91287
23
3.23261
33
-5.98063
0
3DFACE
8
A1
10
3.99662
20
3.43082
30
-6.01114
11
4.12565
21
3.49033
31
-6.00616
12
4.17089
22
3.35250
32
-5.96959
13
4.04185
23
3.29307
33
-5.97447
0
3DFACE
8
A1
10
4.12565
20
3.49033
30
-6.00616
11
4.25469
21
3.54976
31
-6.00128
12
4.29993
22
3.41201
32
-5.96461
13
4.17089
23
3.35250
33
-5.96959
0
3DFACE
8
A1
10
4.25469
20
3.54976
30
-6.00128
11
4.38373
21
3.60928
31
-5.99630
12
4.42897
22
3.47144
32
-5.95973
13
4.29993
23
3.41201
33
-5.96461
0
3DFACE
8
A1
10
4.38373
20
3.60928
30
-5.99630
11
4.51301
21
3.66415
31
-5.99709
12
4.55825
22
3.52631
32
-5.96053
13
4.42897
23
3.47144
33
-5.95973
0
3DFACE
8
A1
10
4.51301
20
3.66415
30
-5.99709
11
4.64254
21
3.71438
31
-6.00367
12
4.68778
22
3.57663
32
-5.96700
13
4.55825
23
3.52631
33
-5.96053
0
3DFACE
8
A1
10
-2.41071
20
0.33335
30
-6.20367
11
-2.28131
21
0.38599
31
-6.20725
12
-2.23601
22
0.24703
32
-6.17207
13
-2.36548
23
0.19560
33
-6.16700
0
3DFACE
8
A1
10
-2.28131
20
0.38599
30
-6.20725
11
-2.15208
21
0.44189
31
-6.20676
12
-2.10681
22
0.30345
32
-6.17094
13
-2.23601
23
0.24703
33
-6.17207
0
3DFACE
8
A1
10
-2.15208
20
0.44189
30
-6.20676
11
-2.02303
21
0.50106
31
-6.20220
12
-1.97775
22
0.36245
32
-6.16660
13
-2.10681
23
0.30345
33
-6.17094
0
3DFACE
8
A1
10
-2.02303
20
0.50106
30
-6.20220
11
-1.89399
21
0.56049
31
-6.19733
12
-1.84870
22
0.42179
32
-6.16183
13
-1.97775
23
0.36245
33
-6.16660
0
3DFACE
8
A1
10
-1.89399
20
0.56049
30
-6.19733
11
-1.76496
21
0.62017
31
-6.19213
12
-1.71967
22
0.48139
32
-6.15674
13
-1.84870
23
0.42179
33
-6.16183
0
3DFACE
8
A1
10
-1.76496
20
0.62017
30
-6.19213
11
-1.63582
21
0.67771
31
-6.18961
12
-1.59059
22
0.53996
32
-6.15294
13
-1.71967
23
0.48139
33
-6.15674
0
3DFACE
8
A1
10
-1.63582
20
0.67771
30
-6.18961
11
-1.50677
21
0.73697
31
-6.18495
12
-1.46150
22
0.59853
32
-6.14913
13
-1.59059
23
0.53996
33
-6.15294
0
3DFACE
8
A1
10
-1.50677
20
0.73697
30
-6.18495
11
-1.37781
21
0.79777
31
-6.17836
12
-1.33254
22
0.65933
32
-6.14255
13
-1.46150
23
0.59853
33
-6.14913
0
3DFACE
8
A1
10
-1.37781
20
0.79777
30
-6.17836
11
-1.24884
21
0.85849
31
-6.17188
12
-1.20357
22
0.72014
32
-6.13596
13
-1.33254
23
0.65933
33
-6.14255
0
3DFACE
8
A1
10
-1.24884
20
0.85849
30
-6.17188
11
-1.11987
21
0.91929
31
-6.16530
12
-1.07461
22
0.78094
32
-6.12937
13
-1.20357
23
0.72014
33
-6.13596
0
3DFACE
8
A1
10
-1.11987
20
0.91929
30
-6.16530
11
-0.99091
21
0.98010
31
-6.15871
12
-0.94564
22
0.84175
32
-6.12279
13
-1.07461
23
0.78094
33
-6.12937
0
3DFACE
8
A1
10
-0.99091
20
0.98010
30
-6.15871
11
-0.86194
21
1.04090
31
-6.15212
12
-0.81667
22
0.90238
32
-6.11641
13
-0.94564
23
0.84175
33
-6.12279
0
3DFACE
8
A1
10
-0.86194
20
1.04090
30
-6.15212
11
-0.73298
21
1.10171
31
-6.14554
12
-0.68770
22
0.96310
32
-6.10993
13
-0.81667
23
0.90238
33
-6.11641
0
3DFACE
8
A1
10
-0.73298
20
1.10171
30
-6.14554
11
-0.60401
21
1.16242
31
-6.13906
12
-0.55872
22
1.02356
32
-6.10377
13
-0.68770
23
0.96310
33
-6.10993
0
3DFACE
8
A1
10
-0.60401
20
1.16242
30
-6.13906
11
-0.47504
21
1.22306
31
-6.13268
12
-0.42973
22
1.08402
32
-6.09762
13
-0.55872
23
1.02356
33
-6.10377
0
3DFACE
8
A1
10
-0.47504
20
1.22306
30
-6.13268
11
-0.34606
21
1.28369
31
-6.12631
12
-0.30074
22
1.14431
32
-6.09167
13
-0.42973
23
1.08402
33
-6.09762
0
3DFACE
8
A1
10
-0.34606
20
1.28369
30
-6.12631
11
-0.21708
21
1.34415
31
-6.12015
12
-0.17174
22
1.20451
32
-6.08583
13
-0.30074
23
1.14431
33
-6.09167
0
3DFACE
8
A1
10
-0.21708
20
1.34415
30
-6.12015
11
-0.08809
21
1.40444
31
-6.11421
12
-0.04274
22
1.26462
32
-6.08010
13
-0.17174
23
1.20451
33
-6.08583
0
3DFACE
8
A1
10
-0.08809
20
1.40444
30
-6.11421
11
0.04091
21
1.46472
31
-6.10826
12
0.08627
22
1.32457
32
-6.07458
13
-0.04274
23
1.26462
33
-6.08010
0
3DFACE
8
A1
10
0.04091
20
1.46472
30
-6.10826
11
0.16991
21
1.52484
31
-6.10253
12
0.21528
22
1.38443
32
-6.06917
13
0.08627
23
1.32457
33
-6.07458
0
3DFACE
8
A1
10
0.16991
20
1.52484
30
-6.10253
11
0.29891
21
1.58487
31
-6.09691
12
0.34430
22
1.44420
32
-6.06387
13
0.21528
23
1.38443
33
-6.06917
0
3DFACE
8
A1
10
0.29891
20
1.58487
30
-6.09691
11
0.42793
21
1.64473
31
-6.09150
12
0.47333
22
1.50388
32
-6.05868
13
0.34430
23
1.44420
33
-6.06387
0
3DFACE
8
A1
10
0.42793
20
1.64473
30
-6.09150
11
0.55695
21
1.70450
31
-6.08619
12
0.60236
22
1.56348
32
-6.05359
13
0.47333
23
1.50388
33
-6.05868
0
3DFACE
8
A1
10
0.55695
20
1.70450
30
-6.08619
11
0.68598
21
1.76410
31
-6.08110
12
0.73140
22
1.62283
32
-6.04882
13
0.60236
23
1.56348
33
-6.05359
0
3DFACE
8
A1
10
0.68598
20
1.76410
30
-6.08110
11
0.81506
21
1.82284
31
-6.07708
12
0.86050
22
1.68122
32
-6.04523
13
0.73140
23
1.62283
33
-6.04882
0
3DFACE
8
A1
10
0.81506
20
1.82284
30
-6.07708
11
0.94419
21
1.88055
31
-6.07435
12
0.98964
22
1.73876
32
-6.04271
13
0.86050
23
1.68122
33
-6.04523
0
3DFACE
8
A1
10
0.94419
20
1.88055
30
-6.07435
11
1.07335
21
1.93766
31
-6.07236
12
1.11881
22
1.79561
32
-6.04104
13
0.98964
23
1.73876
33
-6.04271
0
3DFACE
8
A1
10
1.07335
20
1.93766
30
-6.07236
11
1.20244
21
1.99605
31
-6.06877
12
1.24795
22
1.85323
32
-6.03841
13
1.11881
23
1.79561
33
-6.04104
0
3DFACE
8
A1
10
1.20244
20
1.99605
30
-6.06877
11
1.33142
21
2.05660
31
-6.06251
12
1.37692
22
1.91386
32
-6.03204
13
1.24795
23
1.85323
33
-6.03841
0
3DFACE
8
A1
10
1.33142
20
2.05660
30
-6.06251
11
1.46031
21
2.11887
31
-6.05410
12
1.50578
22
1.97665
32
-6.02299
13
1.37692
23
1.91386
33
-6.03204
0
3DFACE
8
A1
10
1.46031
20
2.11887
30
-6.05410
11
1.58918
21
2.18148
31
-6.04527
12
1.63462
22
2.03986
32
-6.01341
13
1.50578
23
1.97665
33
-6.02299
0
3DFACE
8
A1
10
1.58918
20
2.18148
30
-6.04527
11
1.71807
21
2.24365
31
-6.03697
12
1.76348
22
2.10255
32
-6.00447
13
1.63462
23
2.03986
33
-6.01341
0
3DFACE
8
A1
10
1.71807
20
2.24365
30
-6.03697
11
1.84710
21
2.30326
31
-6.03188
12
1.89247
22
2.16293
32
-5.99842
13
1.76348
23
2.10255
33
-6.00447
0
3DFACE
8
A1
10
1.84710
20
2.30326
30
-6.03188
11
1.97632
21
2.35924
31
-6.03128
12
2.02171
22
2.21866
32
-5.99814
13
1.89247
23
2.16293
33
-5.99842
0
3DFACE
8
A1
10
1.97632
20
2.35924
30
-6.03128
11
2.10581
21
2.41033
31
-6.03679
12
2.15120
22
2.26957
32
-6.00386
13
2.02171
23
2.21866
33
-5.99814
0
3DFACE
8
A1
10
2.10581
20
2.41033
30
-6.03679
11
2.23539
21
2.45970
31
-6.04443
12
2.28077
22
2.31920
32
-6.01118
13
2.15120
23
2.26957
33
-6.00386
0
3DFACE
8
A1
10
2.23539
20
2.45970
30
-6.04443
11
2.36490
21
2.51036
31
-6.05047
12
2.41026
22
2.37012
32
-6.01690
13
2.28077
23
2.31920
33
-6.01118
0
3DFACE
8
A1
10
2.36490
20
2.51036
30
-6.05047
11
2.49433
21
2.56239
31
-6.05479
12
2.53966
22
2.42284
32
-6.02037
13
2.41026
23
2.37012
33
-6.01690
0
3DFACE
8
A1
10
2.49433
20
2.56239
30
-6.05479
11
2.62368
21
2.61597
31
-6.05719
12
2.66896
22
2.47745
32
-6.02148
13
2.53966
23
2.42284
33
-6.02037
0
3DFACE
8
A1
10
2.62368
20
2.61597
30
-6.05719
11
2.75281
21
2.67377
31
-6.05435
12
2.79807
22
2.53559
32
-6.01821
13
2.66896
23
2.47745
33
-6.02148
0
3DFACE
8
A1
10
2.75281
20
2.67377
30
-6.05435
11
2.88181
21
2.73388
31
-6.04862
12
2.92708
22
2.59545
32
-6.01280
13
2.79807
23
2.53559
33
-6.01821
0
3DFACE
8
A1
10
2.88181
20
2.73388
30
-6.04862
11
3.01077
21
2.79477
31
-6.04193
12
3.05610
22
2.65530
32
-6.00739
13
2.92708
23
2.59545
33
-6.01280
0
3DFACE
8
A1
10
3.01077
20
2.79477
30
-6.04193
11
3.13970
21
2.85635
31
-6.03438
12
3.18508
22
2.71585
32
-6.00113
13
3.05610
23
2.65530
33
-6.00739
0
3DFACE
8
A1
10
3.13970
20
2.85635
30
-6.03438
11
3.26858
21
2.91870
31
-6.02586
12
3.31401
22
2.77726
32
-5.99379
13
3.18508
23
2.71585
33
-6.00113
0
3DFACE
8
A1
10
3.26858
20
2.91870
30
-6.02586
11
3.39741
21
2.98191
31
-6.01628
12
3.44289
22
2.83961
32
-5.98528
13
3.31401
23
2.77726
33
-5.99379
0
3DFACE
8
A1
10
3.39741
20
2.98191
30
-6.01628
11
3.52621
21
3.04590
31
-6.00574
12
3.57172
22
2.90291
32
-5.97559
13
3.44289
23
2.83961
33
-5.98528
0
3DFACE
8
A1
10
3.52621
20
3.04590
30
-6.00574
11
3.65505
21
3.10903
31
-5.99626
12
3.70050
22
2.96715
32
-5.96472
13
3.57172
23
2.90291
33
-5.97559
0
3DFACE
8
A1
10
3.65505
20
3.10903
30
-5.99626
11
3.78393
21
3.17129
31
-5.98785
12
3.82933
22
3.03045
32
-5.95503
13
3.70050
23
2.96715
33
-5.96472
0
3DFACE
8
A1
10
3.78393
20
3.17129
30
-5.98785
11
3.91287
21
3.23261
31
-5.98063
12
3.95821
22
3.09288
32
-5.94641
13
3.82933
23
3.03045
33
-5.95503
0
3DFACE
8
A1
10
3.91287
20
3.23261
30
-5.98063
11
4.04185
21
3.29307
31
-5.97447
12
4.08714
22
3.15429
32
-5.93908
13
3.95821
23
3.09288
33
-5.94641
0
3DFACE
8
A1
10
4.04185
20
3.29307
30
-5.97447
11
4.17089
21
3.35250
31
-5.96959
12
4.21613
22
3.21475
32
-5.93292
13
4.08714
23
3.15429
33
-5.93908
0
3DFACE
8
A1
10
4.17089
20
3.35250
30
-5.96959
11
4.29993
21
3.41201
31
-5.96461
12
4.34516
22
3.27427
32
-5.92794
13
4.21613
23
3.21475
33
-5.93292
0
3DFACE
8
A1
10
4.29993
20
3.41201
30
-5.96461
11
4.42897
21
3.47144
31
-5.95973
12
4.47420
22
3.33369
32
-5.92306
13
4.34516
23
3.27427
33
-5.92794
0
3DFACE
8
A1
10
4.42897
20
3.47144
30
-5.95973
11
4.55825
21
3.52631
31
-5.96053
12
4.60348
22
3.38856
32
-5.92386
13
4.47420
23
3.33369
33
-5.92306
0
3DFACE
8
A1
10
4.55825
20
3.52631
30
-5.96053
11
4.68778
21
3.57663
31
-5.96700
12
4.73301
22
3.43888
32
-5.93032
13
4.60348
23
3.38856
33
-5.92386
0
3DFACE
8
A1
10
-2.36548
20
0.19560
30
-6.16700
11
-2.23601
21
0.24703
31
-6.17207
12
-2.19071
22
0.10808
32
-6.13690
13
-2.32024
23
0.05777
33
-6.13043
0
3DFACE
8
A1
10
-2.23601
20
0.24703
30
-6.17207
11
-2.10681
21
0.30345
31
-6.17094
12
-2.06154
22
0.16510
32
-6.13502
13
-2.19071
23
0.10808
33
-6.13690
0
3DFACE
8
A1
10
-2.10681
20
0.30345
30
-6.17094
11
-1.97775
21
0.36245
31
-6.16660
12
-1.93248
22
0.22410
32
-6.13068
13
-2.06154
23
0.16510
33
-6.13502
0
3DFACE
8
A1
10
-1.97775
20
0.36245
30
-6.16660
11
-1.84870
21
0.42179
31
-6.16183
12
-1.80343
22
0.28327
32
-6.12612
13
-1.93248
23
0.22410
33
-6.13068
0
3DFACE
8
A1
10
-1.84870
20
0.42179
30
-6.16183
11
-1.71967
21
0.48139
31
-6.15674
12
-1.67439
22
0.34270
32
-6.12125
13
-1.80343
23
0.28327
33
-6.12612
0
3DFACE
8
A1
10
-1.71967
20
0.48139
30
-6.15674
11
-1.59059
21
0.53996
31
-6.15294
12
-1.54536
22
0.40239
32
-6.11605
13
-1.67439
23
0.34270
33
-6.12125
0
3DFACE
8
A1
10
-1.59059
20
0.53996
30
-6.15294
11
-1.46150
21
0.59853
31
-6.14913
12
-1.41624
22
0.46018
32
-6.11321
13
-1.54536
23
0.40239
33
-6.11605
0
3DFACE
8
A1
10
-1.46150
20
0.59853
30
-6.14913
11
-1.33254
21
0.65933
31
-6.14255
12
-1.28727
22
0.52098
32
-6.10662
13
-1.41624
23
0.46018
33
-6.11321
0
3DFACE
8
A1
10
-1.33254
20
0.65933
30
-6.14255
11
-1.20357
21
0.72014
31
-6.13596
12
-1.15830
22
0.58170
32
-6.10014
13
-1.28727
23
0.52098
33
-6.10662
0
3DFACE
8
A1
10
-1.20357
20
0.72014
30
-6.13596
11
-1.07461
21
0.78094
31
-6.12937
12
-1.02933
22
0.64242
32
-6.09366
13
-1.15830
23
0.58170
33
-6.10014
0
3DFACE
8
A1
10
-1.07461
20
0.78094
30
-6.12937
11
-0.94564
21
0.84175
31
-6.12279
12
-0.90036
22
0.70305
32
-6.08729
13
-1.02933
23
0.64242
33
-6.09366
0
3DFACE
8
A1
10
-0.94564
20
0.84175
30
-6.12279
11
-0.81667
21
0.90238
31
-6.11641
12
-0.77138
22
0.76351
32
-6.08113
13
-0.90036
23
0.70305
33
-6.08729
0
3DFACE
8
A1
10
-0.81667
20
0.90238
30
-6.11641
11
-0.68770
21
0.96310
31
-6.10993
12
-0.64239
22
0.82389
32
-6.07508
13
-0.77138
23
0.76351
33
-6.08113
0
3DFACE
8
A1
10
-0.68770
20
0.96310
30
-6.10993
11
-0.55872
21
1.02356
31
-6.10377
12
-0.51340
22
0.88417
32
-6.06914
13
-0.64239
23
0.82389
33
-6.07508
0
3DFACE
8
A1
10
-0.55872
20
1.02356
30
-6.10377
11
-0.42973
21
1.08402
31
-6.09762
12
-0.38440
22
0.94438
32
-6.06330
13
-0.51340
23
0.88417
33
-6.06914
0
3DFACE
8
A1
10
-0.42973
20
1.08402
30
-6.09762
11
-0.30074
21
1.14431
31
-6.09167
12
-0.25539
22
1.00441
32
-6.05767
13
-0.38440
23
0.94438
33
-6.06330
0
3DFACE
8
A1
10
-0.30074
20
1.14431
30
-6.09167
11
-0.17174
21
1.20451
31
-6.08583
12
-0.12638
22
1.06435
32
-6.05216
13
-0.25539
23
1.00441
33
-6.05767
0
3DFACE
8
A1
10
-0.17174
20
1.20451
30
-6.08583
11
-0.04274
21
1.26462
31
-6.08010
12
0.00263
22
1.12421
32
-6.04675
13
-0.12638
23
1.06435
33
-6.05216
0
3DFACE
8
A1
10
-0.04274
20
1.26462
30
-6.08010
11
0.08627
21
1.32457
31
-6.07458
12
0.13166
22
1.18390
32
-6.04155
13
0.00263
23
1.12421
33
-6.04675
0
3DFACE
8
A1
10
0.08627
20
1.32457
30
-6.07458
11
0.21528
21
1.38443
31
-6.06917
12
0.26069
22
1.24350
32
-6.03646
13
0.13166
23
1.18390
33
-6.04155
0
3DFACE
8
A1
10
0.21528
20
1.38443
30
-6.06917
11
0.34430
21
1.44420
31
-6.06387
12
0.38972
22
1.30310
32
-6.03137
13
0.26069
23
1.24350
33
-6.03646
0
3DFACE
8
A1
10
0.34430
20
1.44420
30
-6.06387
11
0.47333
21
1.50388
31
-6.05868
12
0.51875
22
1.36261
32
-6.02639
13
0.38972
23
1.30310
33
-6.03137
0
3DFACE
8
A1
10
0.47333
20
1.50388
30
-6.05868
11
0.60236
21
1.56348
31
-6.05359
12
0.64779
22
1.42212
32
-6.02141
13
0.51875
23
1.36261
33
-6.02639
0
3DFACE
8
A1
10
0.60236
20
1.56348
30
-6.05359
11
0.73140
21
1.62283
31
-6.04882
12
0.77684
22
1.48129
32
-6.01685
13
0.64779
23
1.42212
33
-6.02141
0
3DFACE
8
A1
10
0.73140
20
1.62283
30
-6.04882
11
0.86050
21
1.68122
31
-6.04523
12
0.90594
22
1.53961
32
-6.01337
13
0.77684
23
1.48129
33
-6.01685
0
3DFACE
8
A1
10
0.86050
20
1.68122
30
-6.04523
11
0.98964
21
1.73876
31
-6.04271
12
1.03509
22
1.59697
32
-6.01106
13
0.90594
23
1.53961
33
-6.01337
0
3DFACE
8
A1
10
0.98964
20
1.73876
30
-6.04271
11
1.11881
21
1.79561
31
-6.04104
12
1.16427
22
1.65365
32
-6.00961
13
1.03509
23
1.59697
33
-6.01106
0
3DFACE
8
A1
10
1.11881
20
1.79561
30
-6.04104
11
1.24795
21
1.85323
31
-6.03841
12
1.29345
22
1.71050
32
-6.00795
13
1.16427
23
1.65365
33
-6.00961
0
3DFACE
8
A1
10
1.24795
20
1.85323
30
-6.03841
11
1.37692
21
1.91386
31
-6.03204
12
1.42246
22
1.77053
32
-6.00232
13
1.29345
23
1.71050
33
-6.00795
0
3DFACE
8
A1
10
1.37692
20
1.91386
30
-6.03204
11
1.50578
21
1.97665
31
-6.02299
12
1.55135
22
1.83262
32
-5.99413
13
1.42246
23
1.77053
33
-6.00232
0
3DFACE
8
A1
10
1.50578
20
1.97665
30
-6.02299
11
1.63462
21
2.03986
31
-6.01341
12
1.68022
22
1.89532
32
-5.98519
13
1.55135
23
1.83262
33
-5.99413
0
3DFACE
8
A1
10
1.63462
20
2.03986
30
-6.01341
11
1.76348
21
2.10255
31
-6.00447
12
1.80909
22
1.95775
32
-5.97657
13
1.68022
23
1.89532
33
-5.98519
0
3DFACE
8
A1
10
1.76348
20
2.10255
30
-6.00447
11
1.89247
21
2.16293
31
-5.99842
12
1.93808
22
2.01813
32
-5.97052
13
1.80909
23
1.95775
33
-5.97657
0
3DFACE
8
A1
10
1.89247
20
2.16293
30
-5.99842
11
2.02171
21
2.21866
31
-5.99814
12
2.06731
22
2.07403
32
-5.97003
13
1.93808
23
2.01813
33
-5.97052
0
3DFACE
8
A1
10
2.02171
20
2.21866
30
-5.99814
11
2.15120
21
2.26957
31
-6.00386
12
2.19673
22
2.12632
32
-5.97403
13
2.06731
23
2.07403
33
-5.97003
0
3DFACE
8
A1
10
2.15120
20
2.26957
30
-6.00386
11
2.28077
21
2.31920
31
-6.01118
12
2.32622
22
2.17741
32
-5.97954
13
2.19673
23
2.12632
33
-5.97403
0
3DFACE
8
A1
10
2.28077
20
2.31920
30
-6.01118
11
2.41026
21
2.37012
31
-6.01690
12
2.45562
22
2.22996
32
-5.98322
13
2.32622
23
2.17741
33
-5.97954
0
3DFACE
8
A1
10
2.41026
20
2.37012
30
-6.01690
11
2.53966
21
2.42284
31
-6.02037
12
2.58493
22
2.28440
32
-5.98455
13
2.45562
23
2.22996
33
-5.98322
0
3DFACE
8
A1
10
2.53966
20
2.42284
30
-6.02037
11
2.66896
21
2.47745
31
-6.02148
12
2.71415
22
2.34047
32
-5.98385
13
2.58493
23
2.28440
33
-5.98455
0
3DFACE
8
A1
10
2.66896
20
2.47745
30
-6.02148
11
2.79807
21
2.53559
31
-6.01821
12
2.84323
22
2.39913
32
-5.97994
13
2.71415
23
2.34047
33
-5.98385
0
3DFACE
8
A1
10
2.79807
20
2.53559
30
-6.01821
11
2.92708
21
2.59545
31
-6.01280
12
2.97225
22
2.45899
32
-5.97453
13
2.84323
23
2.39913
33
-5.97994
0
3DFACE
8
A1
10
2.92708
20
2.59545
30
-6.01280
11
3.05610
21
2.65530
31
-6.00739
12
3.10126
22
2.51885
32
-5.96912
13
2.97225
23
2.45899
33
-5.97453
0
3DFACE
8
A1
10
3.05610
20
2.65530
30
-6.00739
11
3.18508
21
2.71585
31
-6.00113
12
3.23028
22
2.57862
32
-5.96381
13
3.10126
23
2.51885
33
-5.96912
0
3DFACE
8
A1
10
3.18508
20
2.71585
30
-6.00113
11
3.31401
21
2.77726
31
-5.99379
12
3.35927
22
2.63891
32
-5.95787
13
3.23028
23
2.57862
33
-5.96381
0
3DFACE
8
A1
10
3.31401
20
2.77726
30
-5.99379
11
3.44289
21
2.83961
31
-5.98528
12
3.48822
22
2.69997
32
-5.95096
13
3.35927
23
2.63891
33
-5.95787
0
3DFACE
8
A1
10
3.44289
20
2.83961
30
-5.98528
11
3.57172
21
2.90291
31
-5.97559
12
3.61713
22
2.76198
32
-5.94288
13
3.48822
23
2.69997
33
-5.95096
0
3DFACE
8
A1
10
3.57172
20
2.90291
30
-5.97559
11
3.70050
21
2.96715
31
-5.96472
12
3.74597
22
2.82493
32
-5.93361
13
3.61713
23
2.76198
33
-5.94288
0
3DFACE
8
A1
10
3.70050
20
2.96715
30
-5.96472
11
3.82933
21
3.03045
31
-5.95503
12
3.87478
22
2.88874
32
-5.92328
13
3.74597
23
2.82493
33
-5.93361
0
3DFACE
8
A1
10
3.82933
20
3.03045
30
-5.95503
11
3.95821
21
3.09288
31
-5.94641
12
4.00361
22
2.95204
32
-5.91359
13
3.87478
23
2.88874
33
-5.92328
0
3DFACE
8
A1
10
3.95821
20
3.09288
30
-5.94641
11
4.08714
21
3.15429
31
-5.93908
12
4.13249
22
3.01448
32
-5.90497
13
4.00361
23
2.95204
33
-5.91359
0
3DFACE
8
A1
10
4.08714
20
3.15429
30
-5.93908
11
4.21613
21
3.21475
31
-5.93292
12
4.26141
22
3.07597
32
-5.89753
13
4.13249
23
3.01448
33
-5.90497
0
3DFACE
8
A1
10
4.21613
20
3.21475
30
-5.93292
11
4.34516
21
3.27427
31
-5.92794
12
4.39039
22
3.13652
32
-5.89126
13
4.26141
23
3.07597
33
-5.89753
0
3DFACE
8
A1
10
4.34516
20
3.27427
30
-5.92794
11
4.47420
21
3.33369
31
-5.92306
12
4.51943
22
3.19594
32
-5.88639
13
4.39039
23
3.13652
33
-5.89126
0
3DFACE
8
A1
10
4.47420
20
3.33369
30
-5.92306
11
4.60348
21
3.38856
31
-5.92386
12
4.64872
22
3.25082
32
-5.88719
13
4.51943
23
3.19594
33
-5.88639
0
3DFACE
8
A1
10
4.60348
20
3.38856
30
-5.92386
11
4.73301
21
3.43888
31
-5.93032
12
4.77824
22
3.30113
32
-5.89365
13
4.64872
23
3.25082
33
-5.88719
0
3DFACE
8
A1
10
-2.32024
20
0.05777
30
-6.13043
11
-2.19071
21
0.10808
31
-6.13690
12
-2.14548
22
-0.02967
32
-6.10023
13
-2.27500
23
-0.07998
33
-6.09376
0
3DFACE
8
A1
10
-2.19071
20
0.10808
30
-6.13690
11
-2.06154
21
0.16510
31
-6.13502
12
-2.01635
22
0.02813
32
-6.09738
13
-2.14548
23
-0.02967
33
-6.10023
0
3DFACE
8
A1
10
-2.06154
20
0.16510
30
-6.13502
11
-1.93248
21
0.22410
31
-6.13068
12
-1.88728
22
0.08695
32
-6.09326
13
-2.01635
23
0.02813
33
-6.09738
0
3DFACE
8
A1
10
-1.93248
20
0.22410
30
-6.13068
11
-1.80343
21
0.28327
31
-6.12612
12
-1.75822
22
0.14604
32
-6.08881
13
-1.88728
23
0.08695
33
-6.09326
0
3DFACE
8
A1
10
-1.80343
20
0.28327
30
-6.12612
11
-1.67439
21
0.34270
31
-6.12125
12
-1.62918
22
0.20538
32
-6.08404
13
-1.75822
23
0.14604
33
-6.08881
0
3DFACE
8
A1
10
-1.67439
20
0.34270
30
-6.12125
11
-1.54536
21
0.40239
31
-6.11605
12
-1.50015
22
0.26498
32
-6.07895
13
-1.62918
23
0.20538
33
-6.08404
0
3DFACE
8
A1
10
-1.54536
20
0.40239
30
-6.11605
11
-1.41624
21
0.46018
31
-6.11321
12
-1.37097
22
0.32174
32
-6.07739
13
-1.50015
23
0.26498
33
-6.07895
0
3DFACE
8
A1
10
-1.41624
20
0.46018
30
-6.11321
11
-1.28727
21
0.52098
31
-6.10662
12
-1.24200
22
0.38246
32
-6.07091
13
-1.37097
23
0.32174
33
-6.07739
0
3DFACE
8
A1
10
-1.28727
20
0.52098
30
-6.10662
11
-1.15830
21
0.58170
31
-6.10014
12
-1.11302
22
0.44301
32
-6.06465
13
-1.24200
23
0.38246
33
-6.07091
0
3DFACE
8
A1
10
-1.15830
20
0.58170
30
-6.10014
11
-1.02933
21
0.64242
31
-6.09366
12
-0.98404
22
0.50347
32
-6.05849
13
-1.11302
23
0.44301
33
-6.06465
0
3DFACE
8
A1
10
-1.02933
20
0.64242
30
-6.09366
11
-0.90036
21
0.70305
31
-6.08729
12
-0.85504
22
0.56376
32
-6.05254
13
-0.98404
23
0.50347
33
-6.05849
0
3DFACE
8
A1
10
-0.90036
20
0.70305
30
-6.08729
11
-0.77138
21
0.76351
31
-6.08113
12
-0.72605
22
0.62404
32
-6.04660
13
-0.85504
23
0.56376
33
-6.05254
0
3DFACE
8
A1
10
-0.77138
20
0.76351
30
-6.08113
11
-0.64239
21
0.82389
31
-6.07508
12
-0.59705
22
0.68416
32
-6.04087
13
-0.72605
23
0.62404
33
-6.04660
0
3DFACE
8
A1
10
-0.64239
20
0.82389
30
-6.07508
11
-0.51340
21
0.88417
31
-6.06914
12
-0.46804
22
0.74419
32
-6.03524
13
-0.59705
23
0.68416
33
-6.04087
0
3DFACE
8
A1
10
-0.51340
20
0.88417
30
-6.06914
11
-0.38440
21
0.94438
31
-6.06330
12
-0.33903
22
0.80405
32
-6.02983
13
-0.46804
23
0.74419
33
-6.03524
0
3DFACE
8
A1
10
-0.38440
20
0.94438
30
-6.06330
11
-0.25539
21
1.00441
31
-6.05767
12
-0.21001
22
0.86391
32
-6.02442
13
-0.33903
23
0.80405
33
-6.02983
0
3DFACE
8
A1
10
-0.25539
20
1.00441
30
-6.05767
11
-0.12638
21
1.06435
31
-6.05216
12
-0.08099
22
0.92359
32
-6.01923
13
-0.21001
23
0.86391
33
-6.02442
0
3DFACE
8
A1
10
-0.12638
20
1.06435
30
-6.05216
11
0.00263
21
1.12421
31
-6.04675
12
0.04804
22
0.98319
32
-6.01414
13
-0.08099
23
0.92359
33
-6.01923
0
3DFACE
8
A1
10
0.00263
20
1.12421
30
-6.04675
11
0.13166
21
1.18390
31
-6.04155
12
0.17708
22
1.04271
32
-6.00916
13
0.04804
23
0.98319
33
-6.01414
0
3DFACE
8
A1
10
0.13166
20
1.18390
30
-6.04155
11
0.26069
21
1.24350
31
-6.03646
12
0.30611
22
1.10222
32
-6.00418
13
0.17708
23
1.04271
33
-6.00916
0
3DFACE
8
A1
10
0.26069
20
1.24350
30
-6.03646
11
0.38972
21
1.30310
31
-6.03137
12
0.43515
22
1.16165
32
-5.99930
13
0.30611
23
1.10222
33
-6.00418
0
3DFACE
8
A1
10
0.38972
20
1.30310
30
-6.03137
11
0.51875
21
1.36261
31
-6.02639
12
0.56418
22
1.22116
32
-5.99432
13
0.43515
23
1.16165
33
-5.99930
0
3DFACE
8
A1
10
0.51875
20
1.36261
30
-6.02639
11
0.64779
21
1.42212
31
-6.02141
12
0.69322
22
1.28068
32
-5.98934
13
0.56418
23
1.22116
33
-5.99432
0
3DFACE
8
A1
10
0.64779
20
1.42212
30
-6.02141
11
0.77684
21
1.48129
31
-6.01685
12
0.82227
22
1.33976
32
-5.98489
13
0.69322
23
1.28068
33
-5.98934
0
3DFACE
8
A1
10
0.77684
20
1.48129
30
-6.01685
11
0.90594
21
1.53961
31
-6.01337
12
0.95138
22
1.39790
32
-5.98162
13
0.82227
23
1.33976
33
-5.98489
0
3DFACE
8
A1
10
0.90594
20
1.53961
30
-6.01337
11
1.03509
21
1.59697
31
-6.01106
12
1.08053
22
1.45527
32
-5.97931
13
0.95138
23
1.39790
33
-5.98162
0
3DFACE
8
A1
10
1.03509
20
1.59697
30
-6.01106
11
1.16427
21
1.65365
31
-6.00961
12
1.20973
22
1.51168
32
-5.97818
13
1.08053
23
1.45527
33
-5.97931
0
3DFACE
8
A1
10
1.16427
20
1.65365
30
-6.00961
11
1.29345
21
1.71050
31
-6.00795
12
1.33894
22
1.56802
32
-5.97716
13
1.20973
23
1.51168
33
-5.97818
0
3DFACE
8
A1
10
1.29345
20
1.71050
30
-6.00795
11
1.42246
21
1.77053
31
-6.00232
12
1.46800
22
1.62702
32
-5.97282
13
1.33894
23
1.56802
33
-5.97716
0
3DFACE
8
A1
10
1.42246
20
1.77053
30
-6.00232
11
1.55135
21
1.83262
31
-5.99413
12
1.59695
22
1.68799
32
-5.96602
13
1.46800
23
1.62702
33
-5.97282
0
3DFACE
8
A1
10
1.55135
20
1.83262
30
-5.99413
11
1.68022
21
1.89532
31
-5.98519
12
1.72587
22
1.74966
32
-5.95836
13
1.59695
23
1.68799
33
-5.96602
0
3DFACE
8
A1
10
1.68022
20
1.89532
30
-5.98519
11
1.80909
21
1.95775
31
-5.97657
12
1.85479
22
1.81132
32
-5.95070
13
1.72587
23
1.74966
33
-5.95836
0
3DFACE
8
A1
10
1.80909
20
1.95775
30
-5.97657
11
1.93808
21
2.01813
31
-5.97052
12
1.98380
22
1.87135
32
-5.94508
13
1.85479
23
1.81132
33
-5.95070
0
3DFACE
8
A1
10
1.93808
20
2.01813
30
-5.97052
11
2.06731
21
2.07403
31
-5.97003
12
2.11297
22
1.92837
32
-5.94320
13
1.98380
23
1.87135
33
-5.94508
0
3DFACE
8
A1
10
2.06731
20
2.07403
30
-5.97003
11
2.19673
21
2.12632
31
-5.97403
12
2.24228
22
1.98264
32
-5.94474
13
2.11297
23
1.92837
33
-5.94320
0
3DFACE
8
A1
10
2.19673
20
2.12632
30
-5.97403
11
2.32622
21
2.17741
31
-5.97954
12
2.37163
22
2.03631
32
-5.94704
13
2.24228
23
1.98264
33
-5.94474
0
3DFACE
8
A1
10
2.32622
20
2.17741
30
-5.97954
11
2.45562
21
2.22996
31
-5.98322
12
2.50092
22
2.09101
32
-5.94805
13
2.37163
23
2.03631
33
-5.94704
0
3DFACE
8
A1
10
2.45562
20
2.22996
30
-5.98322
11
2.58493
21
2.28440
31
-5.98455
12
2.63012
22
2.14751
32
-5.94681
13
2.50092
23
2.09101
33
-5.94805
0
3DFACE
8
A1
10
2.58493
20
2.28440
30
-5.98455
11
2.71415
21
2.34047
31
-5.98385
12
2.75926
22
2.20496
32
-5.94440
13
2.63012
23
2.14751
33
-5.94681
0
3DFACE
8
A1
10
2.71415
20
2.34047
30
-5.98385
11
2.84323
21
2.39913
31
-5.97994
12
2.88832
22
2.26413
32
-5.93984
13
2.75926
23
2.20496
33
-5.94440
0
3DFACE
8
A1
10
2.84323
20
2.39913
30
-5.97994
11
2.97225
21
2.45899
31
-5.97453
12
3.01733
22
2.32408
32
-5.93432
13
2.88832
23
2.26413
33
-5.93984
0
3DFACE
8
A1
10
2.97225
20
2.45899
30
-5.97453
11
3.10126
21
2.51885
31
-5.96912
12
3.14634
22
2.38393
32
-5.92891
13
3.01733
23
2.32408
33
-5.93432
0
3DFACE
8
A1
10
3.10126
20
2.51885
30
-5.96912
11
3.23028
21
2.57862
31
-5.96381
12
3.27536
22
2.44379
32
-5.92350
13
3.14634
23
2.38393
33
-5.92891
0
3DFACE
8
A1
10
3.23028
20
2.57862
30
-5.96381
11
3.35927
21
2.63891
31
-5.95787
12
3.40440
22
2.50322
32
-5.91863
13
3.27536
23
2.44379
33
-5.92350
0
3DFACE
8
A1
10
3.35927
20
2.63891
30
-5.95787
11
3.48822
21
2.69997
31
-5.95096
12
3.53339
22
2.56351
32
-5.91268
13
3.40440
23
2.50322
33
-5.91863
0
3DFACE
8
A1
10
3.48822
20
2.69997
30
-5.95096
11
3.61713
21
2.76198
31
-5.94288
12
3.66233
22
2.62483
32
-5.90546
13
3.53339
23
2.56351
33
-5.91268
0
3DFACE
8
A1
10
3.61713
20
2.76198
30
-5.94288
11
3.74597
21
2.82493
31
-5.93361
12
3.79124
22
2.68658
32
-5.89769
13
3.66233
23
2.62483
33
-5.90546
0
3DFACE
8
A1
10
3.74597
20
2.82493
30
-5.93361
11
3.87478
21
2.88874
31
-5.92328
12
3.92011
22
2.74919
32
-5.88886
13
3.79124
23
2.68658
33
-5.89769
0
3DFACE
8
A1
10
3.87478
20
2.88874
30
-5.92328
11
4.00361
21
2.95204
31
-5.91359
12
4.04893
22
2.81266
32
-5.87895
13
3.92011
23
2.74919
33
-5.88886
0
3DFACE
8
A1
10
4.00361
20
2.95204
30
-5.91359
11
4.13249
21
3.01448
31
-5.90497
12
4.17780
22
2.87527
32
-5.87012
13
4.04893
23
2.81266
33
-5.87895
0
3DFACE
8
A1
10
4.13249
20
3.01448
30
-5.90497
11
4.26141
21
3.07597
31
-5.89753
12
4.30671
22
2.93702
32
-5.86236
13
4.17780
23
2.87527
33
-5.87012
0
3DFACE
8
A1
10
4.26141
20
3.07597
30
-5.89753
11
4.39039
21
3.13652
31
-5.89126
12
4.43567
22
2.99799
32
-5.85556
13
4.30671
23
2.93702
33
-5.86236
0
3DFACE
8
A1
10
4.39039
20
3.13652
30
-5.89126
11
4.51943
21
3.19594
31
-5.88639
12
4.56466
22
3.05820
32
-5.84972
13
4.43567
23
2.99799
33
-5.85556
0
3DFACE
8
A1
10
4.51943
20
3.19594
30
-5.88639
11
4.64872
21
3.25082
31
-5.88719
12
4.69395
22
3.11307
32
-5.85051
13
4.56466
23
3.05820
33
-5.84972
0
3DFACE
8
A1
10
4.64872
20
3.25082
30
-5.88719
11
4.77824
21
3.30113
31
-5.89365
12
4.82348
22
3.16329
32
-5.85709
13
4.69395
23
3.11307
33
-5.85051
0
3DFACE
8
A1
10
-2.27500
20
-0.07998
30
-6.09376
11
-2.14548
21
-0.02967
31
-6.10023
12
-2.10024
22
-0.16750
32
-6.06366
13
-2.22977
23
-0.21773
33
-6.05709
0
3DFACE
8
A1
10
-2.14548
20
-0.02967
30
-6.10023
11
-2.01635
21
0.02813
31
-6.09738
12
-1.97111
22
-0.10979
32
-6.06093
13
-2.10024
23
-0.16750
33
-6.06366
0
3DFACE
8
A1
10
-2.01635
20
0.02813
30
-6.09738
11
-1.88728
21
0.08695
31
-6.09326
12
-1.84203
22
-0.05114
32
-6.05701
13
-1.97111
23
-0.10979
33
-6.06093
0
3DFACE
8
A1
10
-1.88728
20
0.08695
30
-6.09326
11
-1.75822
21
0.14604
31
-6.08881
12
-1.71296
22
0.00777
32
-6.05278
13
-1.84203
23
-0.05114
33
-6.05701
0
3DFACE
8
A1
10
-1.75822
20
0.14604
30
-6.08881
11
-1.62918
21
0.20538
31
-6.08404
12
-1.58391
22
0.06694
32
-6.04823
13
-1.71296
23
0.00777
33
-6.05278
0
3DFACE
8
A1
10
-1.62918
20
0.20538
30
-6.08404
11
-1.50015
21
0.26498
31
-6.07895
12
-1.45486
22
0.12620
32
-6.04356
13
-1.58391
23
0.06694
33
-6.04823
0
3DFACE
8
A1
10
-1.50015
20
0.26498
30
-6.07895
11
-1.37097
21
0.32174
31
-6.07739
12
-1.32568
22
0.18296
32
-6.04201
13
-1.45486
23
0.12620
33
-6.04356
0
3DFACE
8
A1
10
-1.37097
20
0.32174
30
-6.07739
11
-1.24200
21
0.38246
31
-6.07091
12
-1.19669
22
0.24334
32
-6.03595
13
-1.32568
23
0.18296
33
-6.04201
0
3DFACE
8
A1
10
-1.24200
20
0.38246
30
-6.07091
11
-1.11302
21
0.44301
31
-6.06465
12
-1.06770
22
0.30371
32
-6.02990
13
-1.19669
23
0.24334
33
-6.03595
0
3DFACE
8
A1
10
-1.11302
20
0.44301
30
-6.06465
11
-0.98404
21
0.50347
31
-6.05849
12
-0.93871
22
0.36391
32
-6.02406
13
-1.06770
23
0.30371
33
-6.02990
0
3DFACE
8
A1
10
-0.98404
20
0.50347
30
-6.05849
11
-0.85504
21
0.56376
31
-6.05254
12
-0.80970
22
0.42394
32
-6.01844
13
-0.93871
23
0.36391
33
-6.02406
0
3DFACE
8
A1
10
-0.85504
20
0.56376
30
-6.05254
11
-0.72605
21
0.62404
31
-6.04660
12
-0.68069
22
0.48397
32
-6.01282
13
-0.80970
23
0.42394
33
-6.01844
0
3DFACE
8
A1
10
-0.72605
20
0.62404
30
-6.04660
11
-0.59705
21
0.68416
31
-6.04087
12
-0.55168
22
0.54383
32
-6.00741
13
-0.68069
23
0.48397
33
-6.01282
0
3DFACE
8
A1
10
-0.59705
20
0.68416
30
-6.04087
11
-0.46804
21
0.74419
31
-6.03524
12
-0.42265
22
0.60352
32
-6.00221
13
-0.55168
23
0.54383
33
-6.00741
0
3DFACE
8
A1
10
-0.46804
20
0.74419
30
-6.03524
11
-0.33903
21
0.80405
31
-6.02983
12
-0.29363
22
0.66320
32
-5.99701
13
-0.42265
23
0.60352
33
-6.00221
0
3DFACE
8
A1
10
-0.33903
20
0.80405
30
-6.02983
11
-0.21001
21
0.86391
31
-6.02442
12
-0.16460
22
0.72280
32
-5.99193
13
-0.29363
23
0.66320
33
-5.99701
0
3DFACE
8
A1
10
-0.21001
20
0.86391
30
-6.02442
11
-0.08099
21
0.92359
31
-6.01923
12
-0.03556
22
0.78232
32
-5.98694
13
-0.16460
23
0.72280
33
-5.99193
0
3DFACE
8
A1
10
-0.08099
20
0.92359
30
-6.01923
11
0.04804
21
0.98319
31
-6.01414
12
0.09347
22
0.84183
32
-5.98196
13
-0.03556
23
0.78232
33
-5.98694
0
3DFACE
8
A1
10
0.04804
20
0.98319
30
-6.01414
11
0.17708
21
1.04271
31
-6.00916
12
0.22251
22
0.90126
32
-5.97709
13
0.09347
23
0.84183
33
-5.98196
0
3DFACE
8
A1
10
0.17708
20
1.04271
30
-6.00916
11
0.30611
21
1.10222
31
-6.00418
12
0.35154
22
0.96078
32
-5.97210
13
0.22251
23
0.90126
33
-5.97709
0
3DFACE
8
A1
10
0.30611
20
1.10222
30
-6.00418
11
0.43515
21
1.16165
31
-5.99930
12
0.48058
22
1.02029
32
-5.96712
13
0.35154
23
0.96078
33
-5.97210
0
3DFACE
8
A1
10
0.43515
20
1.16165
30
-5.99930
11
0.56418
21
1.22116
31
-5.99432
12
0.60961
22
1.07980
32
-5.96214
13
0.48058
23
1.02029
33
-5.96712
0
3DFACE
8
A1
10
0.56418
20
1.22116
30
-5.99432
11
0.69322
21
1.28068
31
-5.98934
12
0.73865
22
1.13923
32
-5.95726
13
0.60961
23
1.07980
33
-5.96214
0
3DFACE
8
A1
10
0.69322
20
1.28068
30
-5.98934
11
0.82227
21
1.33976
31
-5.98489
12
0.86771
22
1.19823
32
-5.95292
13
0.73865
23
1.13923
33
-5.95726
0
3DFACE
8
A1
10
0.82227
20
1.33976
30
-5.98489
11
0.95138
21
1.39790
31
-5.98162
12
0.99682
22
1.25628
32
-5.94976
13
0.86771
23
1.19823
33
-5.95292
0
3DFACE
8
A1
10
0.95138
20
1.39790
30
-5.98162
11
1.08053
21
1.45527
31
-5.97931
12
1.12599
22
1.31339
32
-5.94778
13
0.99682
23
1.25628
33
-5.94976
0
3DFACE
8
A1
10
1.08053
20
1.45527
30
-5.97931
11
1.20973
21
1.51168
31
-5.97818
12
1.25519
22
1.36981
32
-5.94664
13
1.12599
23
1.31339
33
-5.94778
0
3DFACE
8
A1
10
1.20973
20
1.51168
30
-5.97818
11
1.33894
21
1.56802
31
-5.97716
12
1.38441
22
1.42588
32
-5.94594
13
1.25519
23
1.36981
33
-5.94664
0
3DFACE
8
A1
10
1.33894
20
1.56802
30
-5.97716
11
1.46800
21
1.62702
31
-5.97282
12
1.51350
22
1.48419
32
-5.94246
13
1.38441
23
1.42588
33
-5.94594
0
3DFACE
8
A1
10
1.46800
20
1.62702
30
-5.97282
11
1.59695
21
1.68799
31
-5.96602
12
1.64252
22
1.54414
32
-5.93694
13
1.51350
23
1.48419
33
-5.94246
0
3DFACE
8
A1
10
1.59695
20
1.68799
30
-5.96602
11
1.72587
21
1.74966
31
-5.95836
12
1.77149
22
1.60486
32
-5.93046
13
1.64252
23
1.54414
33
-5.93694
0
3DFACE
8
A1
10
1.72587
20
1.74966
30
-5.95836
11
1.85479
21
1.81132
31
-5.95070
12
1.90043
22
1.66600
32
-5.92345
13
1.77149
23
1.60486
33
-5.93046
0
3DFACE
8
A1
10
1.85479
20
1.81132
30
-5.95070
11
1.98380
21
1.87135
31
-5.94508
12
2.02943
22
1.72621
32
-5.91761
13
1.90043
23
1.66600
33
-5.92345
0
3DFACE
8
A1
10
1.98380
20
1.87135
30
-5.94508
11
2.11297
21
1.92837
31
-5.94320
12
2.15855
22
1.78409
32
-5.91466
13
2.02943
23
1.72621
33
-5.91761
0
3DFACE
8
A1
10
2.11297
20
1.92837
30
-5.94320
11
2.24228
21
1.98264
31
-5.94474
12
2.28776
22
1.84042
32
-5.91364
13
2.15855
23
1.78409
33
-5.91466
0
3DFACE
8
A1
10
2.24228
20
1.98264
30
-5.94474
11
2.37163
21
2.03631
31
-5.94704
12
2.41696
22
1.89667
32
-5.91272
13
2.28776
23
1.84042
33
-5.91364
0
3DFACE
8
A1
10
2.37163
20
2.03631
30
-5.94704
11
2.50092
21
2.09101
31
-5.94805
12
2.54614
22
1.95360
32
-5.91095
13
2.41696
23
1.89667
33
-5.91272
0
3DFACE
8
A1
10
2.50092
20
2.09101
30
-5.94805
11
2.63012
21
2.14751
31
-5.94681
12
2.67531
22
2.01054
32
-5.90917
13
2.54614
23
1.95360
33
-5.91095
0
3DFACE
8
A1
10
2.63012
20
2.14751
30
-5.94681
11
2.75926
21
2.20496
31
-5.94440
12
2.80437
22
2.06953
32
-5.90483
13
2.67531
23
2.01054
33
-5.90917
0
3DFACE
8
A1
10
2.75926
20
2.20496
30
-5.94440
11
2.88832
21
2.26413
31
-5.93984
12
2.93339
22
2.12939
32
-5.89942
13
2.80437
23
2.06953
33
-5.90483
0
3DFACE
8
A1
10
2.88832
20
2.26413
30
-5.93984
11
3.01733
21
2.32408
31
-5.93432
12
3.06240
22
2.18934
32
-5.89391
13
2.93339
23
2.12939
33
-5.89942
0
3DFACE
8
A1
10
3.01733
20
2.32408
30
-5.93432
11
3.14634
21
2.38393
31
-5.92891
12
3.19141
22
2.24920
32
-5.88850
13
3.06240
23
2.18934
33
-5.89391
0
3DFACE
8
A1
10
3.14634
20
2.38393
30
-5.92891
11
3.27536
21
2.44379
31
-5.92350
12
3.32036
22
2.31034
32
-5.88148
13
3.19141
23
2.24920
33
-5.88850
0
3DFACE
8
A1
10
3.27536
20
2.44379
30
-5.92350
11
3.40440
21
2.50322
31
-5.91863
12
3.44939
22
2.36986
32
-5.87650
13
3.32036
23
2.31034
33
-5.88148
0
3DFACE
8
A1
10
3.40440
20
2.50322
30
-5.91863
11
3.53339
21
2.56351
31
-5.91268
12
3.57843
22
2.42929
32
-5.87163
13
3.44939
23
2.36986
33
-5.87650
0
3DFACE
8
A1
10
3.53339
20
2.56351
30
-5.91268
11
3.66233
21
2.62483
31
-5.90546
12
3.70741
22
2.48983
32
-5.86536
13
3.57843
23
2.42929
33
-5.87163
0
3DFACE
8
A1
10
3.66233
20
2.62483
30
-5.90546
11
3.79124
21
2.68658
31
-5.89769
12
3.83637
22
2.55081
32
-5.85856
13
3.70741
23
2.48983
33
-5.86536
0
3DFACE
8
A1
10
3.79124
20
2.68658
30
-5.89769
11
3.92011
21
2.74919
31
-5.88886
12
3.96525
22
2.61316
32
-5.85005
13
3.83637
23
2.55081
33
-5.85856
0
3DFACE
8
A1
10
3.92011
20
2.74919
30
-5.88886
11
4.04893
21
2.81266
31
-5.87895
12
4.09412
22
2.67568
32
-5.84132
13
3.96525
23
2.61316
33
-5.85005
0
3DFACE
8
A1
10
4.04893
20
2.81266
30
-5.87895
11
4.17780
21
2.87527
31
-5.87012
12
4.22299
22
2.73829
32
-5.83249
13
4.09412
23
2.67568
33
-5.84132
0
3DFACE
8
A1
10
4.17780
20
2.87527
30
-5.87012
11
4.30671
21
2.93702
31
-5.86236
12
4.35191
22
2.79996
32
-5.82483
13
4.22299
23
2.73829
33
-5.83249
0
3DFACE
8
A1
10
4.30671
20
2.93702
30
-5.86236
11
4.43567
21
2.99799
31
-5.85556
12
4.48087
22
2.86085
32
-5.81813
13
4.35191
23
2.79996
33
-5.82483
0
3DFACE
8
A1
10
4.43567
20
2.99799
30
-5.85556
11
4.56466
21
3.05820
31
-5.84972
12
4.60990
22
2.92045
32
-5.81305
13
4.48087
23
2.86085
33
-5.81813
0
3DFACE
8
A1
10
4.56466
20
3.05820
30
-5.84972
11
4.69395
21
3.11307
31
-5.85051
12
4.73918
22
2.97532
32
-5.81384
13
4.60990
23
2.92045
33
-5.81305
0
3DFACE
8
A1
10
4.69395
20
3.11307
30
-5.85051
11
4.82348
21
3.16329
31
-5.85709
12
4.86871
22
3.02555
32
-5.82041
13
4.73918
23
2.97532
33
-5.81384
0
3DFACE
8
A1
10
-2.22977
20
-0.21773
30
-6.05709
11
-2.10024
21
-0.16750
31
-6.06366
12
-2.05501
22
-0.30525
32
-6.02699
13
-2.18454
23
-0.35548
33
-6.02042
0
3DFACE
8
A1
10
-2.10024
20
-0.16750
30
-6.06366
11
-1.97111
21
-0.10979
31
-6.06093
12
-1.92586
22
-0.24780
32
-6.02457
13
-2.05501
23
-0.30525
33
-6.02699
0
3DFACE
8
A1
10
-1.97111
20
-0.10979
30
-6.06093
11
-1.84203
21
-0.05114
31
-6.05701
12
-1.79678
22
-0.18923
32
-6.02077
13
-1.92586
23
-0.24780
33
-6.02457
0
3DFACE
8
A1
10
-1.84203
20
-0.05114
30
-6.05701
11
-1.71296
21
0.00777
31
-6.05278
12
-1.66770
22
-0.13049
32
-6.01675
13
-1.79678
23
-0.18923
33
-6.02077
0
3DFACE
8
A1
10
-1.71296
20
0.00777
30
-6.05278
11
-1.58391
21
0.06694
31
-6.04823
12
-1.53863
22
-0.07158
32
-6.01252
13
-1.66770
23
-0.13049
33
-6.01675
0
3DFACE
8
A1
10
-1.58391
20
0.06694
30
-6.04823
11
-1.45486
21
0.12620
31
-6.04356
12
-1.40957
22
-0.01258
32
-6.00818
13
-1.53863
23
-0.07158
33
-6.01252
0
3DFACE
8
A1
10
-1.45486
20
0.12620
30
-6.04356
11
-1.32568
21
0.18296
31
-6.04201
12
-1.28038
22
0.04392
32
-6.00694
13
-1.40957
23
-0.01258
33
-6.00818
0
3DFACE
8
A1
10
-1.32568
20
0.18296
30
-6.04201
11
-1.19669
21
0.24334
31
-6.03595
12
-1.15137
22
0.10387
32
-6.00142
13
-1.28038
23
0.04392
33
-6.00694
0
3DFACE
8
A1
10
-1.19669
20
0.24334
30
-6.03595
11
-1.06770
21
0.30371
31
-6.02990
12
-1.02236
22
0.16390
32
-5.99580
13
-1.15137
23
0.10387
33
-6.00142
0
3DFACE
8
A1
10
-1.06770
20
0.30371
30
-6.02990
11
-0.93871
21
0.36391
31
-6.02406
12
-0.89334
22
0.22367
32
-5.99049
13
-1.02236
23
0.16390
33
-5.99580
0
3DFACE
8
A1
10
-0.93871
20
0.36391
30
-6.02406
11
-0.80970
21
0.42394
31
-6.01844
12
-0.76432
22
0.28353
32
-5.98508
13
-0.89334
23
0.22367
33
-5.99049
0
3DFACE
8
A1
10
-0.80970
20
0.42394
30
-6.01844
11
-0.68069
21
0.48397
31
-6.01282
12
-0.63530
22
0.34322
32
-5.97989
13
-0.76432
23
0.28353
33
-5.98508
0
3DFACE
8
A1
10
-0.68069
20
0.48397
30
-6.01282
11
-0.55168
21
0.54383
31
-6.00741
12
-0.50627
22
0.40282
32
-5.97480
13
-0.63530
23
0.34322
33
-5.97989
0
3DFACE
8
A1
10
-0.55168
20
0.54383
30
-6.00741
11
-0.42265
21
0.60352
31
-6.00221
12
-0.37724
22
0.46242
32
-5.96971
13
-0.50627
23
0.40282
33
-5.97480
0
3DFACE
8
A1
10
-0.42265
20
0.60352
30
-6.00221
11
-0.29363
21
0.66320
31
-5.99701
12
-0.24821
22
0.52193
32
-5.96473
13
-0.37724
23
0.46242
33
-5.96971
0
3DFACE
8
A1
10
-0.29363
20
0.66320
30
-5.99701
11
-0.16460
21
0.72280
31
-5.99193
12
-0.11917
22
0.58144
32
-5.95975
13
-0.24821
23
0.52193
33
-5.96473
0
3DFACE
8
A1
10
-0.16460
20
0.72280
30
-5.99193
11
-0.03556
21
0.78232
31
-5.98694
12
0.00987
22
0.64087
32
-5.95487
13
-0.11917
23
0.58144
33
-5.95975
0
3DFACE
8
A1
10
-0.03556
20
0.78232
30
-5.98694
11
0.09347
21
0.84183
31
-5.98196
12
0.13890
22
0.70039
32
-5.94989
13
0.00987
23
0.64087
33
-5.95487
0
3DFACE
8
A1
10
0.09347
20
0.84183
30
-5.98196
11
0.22251
21
0.90126
31
-5.97709
12
0.26794
22
0.75990
32
-5.94491
13
0.13890
23
0.70039
33
-5.94989
0
3DFACE
8
A1
10
0.22251
20
0.90126
30
-5.97709
11
0.35154
21
0.96078
31
-5.97210
12
0.39697
22
0.81942
32
-5.93993
13
0.26794
23
0.75990
33
-5.94491
0
3DFACE
8
A1
10
0.35154
20
0.96078
30
-5.97210
11
0.48058
21
1.02029
31
-5.96712
12
0.52601
22
0.87884
32
-5.93505
13
0.39697
23
0.81942
33
-5.93993
0
3DFACE
8
A1
10
0.48058
20
1.02029
30
-5.96712
11
0.60961
21
1.07980
31
-5.96214
12
0.65504
22
0.93836
32
-5.93007
13
0.52601
23
0.87884
33
-5.93505
0
3DFACE
8
A1
10
0.60961
20
1.07980
30
-5.96214
11
0.73865
21
1.13923
31
-5.95726
12
0.78408
22
0.99787
32
-5.92509
13
0.65504
23
0.93836
33
-5.93007
0
3DFACE
8
A1
10
0.73865
20
1.13923
30
-5.95726
11
0.86771
21
1.19823
31
-5.95292
12
0.91315
22
1.05661
32
-5.92107
13
0.78408
23
0.99787
33
-5.92509
0
3DFACE
8
A1
10
0.86771
20
1.19823
30
-5.95292
11
0.99682
21
1.25628
31
-5.94976
12
1.04227
22
1.11458
32
-5.91801
13
0.91315
23
1.05661
33
-5.92107
0
3DFACE
8
A1
10
0.99682
20
1.25628
30
-5.94976
11
1.12599
21
1.31339
31
-5.94778
12
1.17143
22
1.17169
32
-5.91602
13
1.04227
23
1.11458
33
-5.91801
0
3DFACE
8
A1
10
1.12599
20
1.31339
30
-5.94778
11
1.25519
21
1.36981
31
-5.94664
12
1.30063
22
1.22810
32
-5.91489
13
1.17143
23
1.17169
33
-5.91602
0
3DFACE
8
A1
10
1.25519
20
1.36981
30
-5.94664
11
1.38441
21
1.42588
31
-5.94594
12
1.42986
22
1.28409
32
-5.91430
13
1.30063
23
1.22810
33
-5.91489
0
3DFACE
8
A1
10
1.38441
20
1.42588
30
-5.94594
11
1.51350
21
1.48419
31
-5.94246
12
1.55898
22
1.34189
32
-5.91146
13
1.42986
23
1.28409
33
-5.91430
0
3DFACE
8
A1
10
1.51350
20
1.48419
30
-5.94246
11
1.64252
21
1.54414
31
-5.93694
12
1.68804
22
1.40089
32
-5.90712
13
1.55898
23
1.34189
33
-5.91146
0
3DFACE
8
A1
10
1.64252
20
1.54414
30
-5.93694
11
1.77149
21
1.60486
31
-5.93046
12
1.81707
22
1.46057
32
-5.90192
13
1.68804
23
1.40089
33
-5.90712
0
3DFACE
8
A1
10
1.77149
20
1.60486
30
-5.93046
11
1.90043
21
1.66600
31
-5.92345
12
1.94607
22
1.52077
32
-5.89608
13
1.81707
23
1.46057
33
-5.90192
0
3DFACE
8
A1
10
1.90043
20
1.66600
30
-5.92345
11
2.02943
21
1.72621
31
-5.91761
12
2.07508
22
1.58063
32
-5.89067
13
1.94607
23
1.52077
33
-5.89608
0
3DFACE
8
A1
10
2.02943
20
1.72621
30
-5.91761
11
2.15855
21
1.78409
31
-5.91466
12
2.20416
22
1.63937
32
-5.88665
13
2.07508
23
1.58063
33
-5.89067
0
3DFACE
8
A1
10
2.15855
20
1.78409
30
-5.91466
11
2.28776
21
1.84042
31
-5.91364
12
2.33324
22
1.69803
32
-5.88274
13
2.20416
23
1.63937
33
-5.88665
0
3DFACE
8
A1
10
2.28776
20
1.84042
30
-5.91364
11
2.41696
21
1.89667
31
-5.91272
12
2.46229
22
1.75720
32
-5.87819
13
2.33324
23
1.69803
33
-5.88274
0
3DFACE
8
A1
10
2.41696
20
1.89667
30
-5.91272
11
2.54614
21
1.95360
31
-5.91095
12
2.59131
22
1.81697
32
-5.87288
13
2.46229
23
1.75720
33
-5.87819
0
3DFACE
8
A1
10
2.54614
20
1.95360
30
-5.91095
11
2.67531
21
2.01054
31
-5.90917
12
2.72036
22
1.87623
32
-5.86822
13
2.59131
23
1.81697
33
-5.87288
0
3DFACE
8
A1
10
2.67531
20
2.01054
30
-5.90917
11
2.80437
21
2.06953
31
-5.90483
12
2.84933
22
1.93694
32
-5.86174
13
2.72036
23
1.87623
33
-5.86822
0
3DFACE
8
A1
10
2.80437
20
2.06953
30
-5.90483
11
2.93339
21
2.12939
31
-5.89942
12
2.97831
22
1.99749
32
-5.85548
13
2.84933
23
1.93694
33
-5.86174
0
3DFACE
8
A1
10
2.93339
20
2.12939
30
-5.89942
11
3.06240
21
2.18934
31
-5.89391
12
3.10731
22
2.05752
32
-5.84985
13
2.97831
23
1.99749
33
-5.85548
0
3DFACE
8
A1
10
3.06240
20
2.18934
30
-5.89391
11
3.19141
21
2.24920
31
-5.88850
12
3.23633
22
2.11729
32
-5.84455
13
3.10731
23
2.05752
33
-5.84985
0
3DFACE
8
A1
10
3.19141
20
2.24920
30
-5.88850
11
3.32036
21
2.31034
31
-5.88148
12
3.36528
22
2.17844
32
-5.83753
13
3.23633
23
2.11729
33
-5.84455
0
3DFACE
8
A1
10
3.32036
20
2.31034
30
-5.88148
11
3.44939
21
2.36986
31
-5.87650
12
3.49431
22
2.23796
32
-5.83255
13
3.36528
23
2.17844
33
-5.83753
0
3DFACE
8
A1
10
3.44939
20
2.36986
30
-5.87650
11
3.57843
21
2.42929
31
-5.87163
12
3.62335
22
2.29747
32
-5.82757
13
3.49431
23
2.23796
33
-5.83255
0
3DFACE
8
A1
10
3.57843
20
2.42929
30
-5.87163
11
3.70741
21
2.48983
31
-5.86536
12
3.75238
22
2.35707
32
-5.82248
13
3.62335
23
2.29747
33
-5.82757
0
3DFACE
8
A1
10
3.70741
20
2.48983
30
-5.86536
11
3.83637
21
2.55081
31
-5.85856
12
3.88136
22
2.41762
32
-5.81622
13
3.75238
23
2.35707
33
-5.82248
0
3DFACE
8
A1
10
3.83637
20
2.55081
30
-5.85856
11
3.96525
21
2.61316
31
-5.85005
12
4.01026
22
2.47954
32
-5.80824
13
3.88136
23
2.41762
33
-5.81622
0
3DFACE
8
A1
10
3.96525
20
2.61316
30
-5.85005
11
4.09412
21
2.67568
31
-5.84132
12
4.13920
22
2.54086
32
-5.80101
13
4.01026
23
2.47954
33
-5.80824
0
3DFACE
8
A1
10
4.09412
20
2.67568
30
-5.84132
11
4.22299
21
2.73829
31
-5.83249
12
4.26813
22
2.60226
32
-5.79367
13
4.13920
23
2.54086
33
-5.80101
0
3DFACE
8
A1
10
4.22299
20
2.73829
30
-5.83249
11
4.35191
21
2.79996
31
-5.82483
12
4.39707
22
2.66358
32
-5.78644
13
4.26813
23
2.60226
33
-5.79367
0
3DFACE
8
A1
10
4.35191
20
2.79996
30
-5.82483
11
4.48087
21
2.86085
31
-5.81813
12
4.52606
22
2.72387
32
-5.78050
13
4.39707
23
2.66358
33
-5.78644
0
3DFACE
8
A1
10
4.48087
20
2.86085
30
-5.81813
11
4.60990
21
2.92045
31
-5.81305
12
4.65513
22
2.78270
32
-5.77637
13
4.52606
23
2.72387
33
-5.78050
0
3DFACE
8
A1
10
4.60990
20
2.92045
30
-5.81305
11
4.73918
21
2.97532
31
-5.81384
12
4.78441
22
2.83757
32
-5.77717
13
4.65513
23
2.78270
33
-5.77637
0
3DFACE
8
A1
10
4.73918
20
2.97532
30
-5.81384
11
4.86871
21
3.02555
31
-5.82041
12
4.91395
22
2.88780
32
-5.78374
13
4.78441
23
2.83757
33
-5.77717
0
3DFACE
8
A1
10
-2.18454
20
-0.35548
30
-6.02042
11
-2.05501
21
-0.30525
31
-6.02699
12
-2.00977
22
-0.44300
32
-5.99032
13
-2.13931
23
-0.49323
33
-5.98374
0
3DFACE
8
A1
10
-2.05501
20
-0.30525
30
-6.02699
11
-1.92586
21
-0.24780
31
-6.02457
12
-1.88059
22
-0.38632
32
-5.98886
13
-2.00977
23
-0.44300
33
-5.99032
0
3DFACE
8
A1
10
-1.92586
20
-0.24780
30
-6.02457
11
-1.79678
21
-0.18923
31
-6.02077
12
-1.75152
22
-0.32750
32
-5.98474
13
-1.88059
23
-0.38632
33
-5.98886
0
3DFACE
8
A1
10
-1.79678
20
-0.18923
30
-6.02077
11
-1.66770
21
-0.13049
31
-6.01675
12
-1.62244
22
-0.26884
32
-5.98083
13
-1.75152
23
-0.32750
33
-5.98474
0
3DFACE
8
A1
10
-1.66770
20
-0.13049
30
-6.01675
11
-1.53863
21
-0.07158
31
-6.01252
12
-1.49336
22
-0.21010
32
-5.97681
13
-1.62244
23
-0.26884
33
-5.98083
0
3DFACE
8
A1
10
-1.53863
20
-0.07158
30
-6.01252
11
-1.40957
21
-0.01258
31
-6.00818
12
-1.36428
22
-0.15145
32
-5.97289
13
-1.49336
23
-0.21010
33
-5.97681
0
3DFACE
8
A1
10
-1.40957
20
-0.01258
30
-6.00818
11
-1.28038
21
0.04392
31
-6.00694
12
-1.23510
22
-0.09468
32
-5.97134
13
-1.36428
23
-0.15145
33
-5.97289
0
3DFACE
8
A1
10
-1.28038
20
0.04392
30
-6.00694
11
-1.15137
21
0.10387
31
-6.00142
12
-1.10605
22
-0.03543
32
-5.96668
13
-1.23510
23
-0.09468
33
-5.97134
0
3DFACE
8
A1
10
-1.15137
20
0.10387
30
-6.00142
11
-1.02236
21
0.16390
31
-5.99580
12
-0.97701
22
0.02400
32
-5.96180
13
-1.10605
23
-0.03543
33
-5.96668
0
3DFACE
8
A1
10
-1.02236
20
0.16390
30
-5.99580
11
-0.89334
21
0.22367
31
-5.99049
12
-0.84796
22
0.08326
32
-5.95714
13
-0.97701
23
0.02400
33
-5.96180
0
3DFACE
8
A1
10
-0.89334
20
0.22367
30
-5.99049
11
-0.76432
21
0.28353
31
-5.98508
12
-0.71892
22
0.14268
32
-5.95226
13
-0.84796
23
0.08326
33
-5.95714
0
3DFACE
8
A1
10
-0.76432
20
0.28353
30
-5.98508
11
-0.63530
21
0.34322
31
-5.97989
12
-0.58989
22
0.20211
32
-5.94739
13
-0.71892
23
0.14268
33
-5.95226
0
3DFACE
8
A1
10
-0.63530
20
0.34322
30
-5.97989
11
-0.50627
21
0.40282
31
-5.97480
12
-0.46085
22
0.26154
32
-5.94251
13
-0.58989
23
0.20211
33
-5.94739
0
3DFACE
8
A1
10
-0.50627
20
0.40282
30
-5.97480
11
-0.37724
21
0.46242
31
-5.96971
12
-0.33181
22
0.32097
32
-5.93764
13
-0.46085
23
0.26154
33
-5.94251
0
3DFACE
8
A1
10
-0.37724
20
0.46242
30
-5.96971
11
-0.24821
21
0.52193
31
-5.96473
12
-0.20277
22
0.38048
32
-5.93266
13
-0.33181
23
0.32097
33
-5.93764
0
3DFACE
8
A1
10
-0.24821
20
0.52193
30
-5.96473
11
-0.11917
21
0.58144
31
-5.95975
12
-0.07374
22
0.44000
32
-5.92767
13
-0.20277
23
0.38048
33
-5.93266
0
3DFACE
8
A1
10
-0.11917
20
0.58144
30
-5.95975
11
0.00987
21
0.64087
31
-5.95487
12
0.05529
22
0.49951
32
-5.92269
13
-0.07374
23
0.44000
33
-5.92767
0
3DFACE
8
A1
10
0.00987
20
0.64087
30
-5.95487
11
0.13890
21
0.70039
31
-5.94989
12
0.18433
22
0.55903
32
-5.91771
13
0.05529
23
0.49951
33
-5.92269
0
3DFACE
8
A1
10
0.13890
20
0.70039
30
-5.94989
11
0.26794
21
0.75990
31
-5.94491
12
0.31337
22
0.61845
32
-5.91284
13
0.18433
23
0.55903
33
-5.91771
0
3DFACE
8
A1
10
0.26794
20
0.75990
30
-5.94491
11
0.39697
21
0.81942
31
-5.93993
12
0.44240
22
0.67797
32
-5.90785
13
0.31337
23
0.61845
33
-5.91284
0
3DFACE
8
A1
10
0.39697
20
0.81942
30
-5.93993
11
0.52601
21
0.87884
31
-5.93505
12
0.57144
22
0.73748
32
-5.90287
13
0.44240
23
0.67797
33
-5.90785
0
3DFACE
8
A1
10
0.52601
20
0.87884
30
-5.93505
11
0.65504
21
0.93836
31
-5.93007
12
0.70047
22
0.79700
32
-5.89789
13
0.57144
23
0.73748
33
-5.90287
0
3DFACE
8
A1
10
0.65504
20
0.93836
30
-5.93007
11
0.78408
21
0.99787
31
-5.92509
12
0.82951
22
0.85643
32
-5.89301
13
0.70047
23
0.79700
33
-5.89789
0
3DFACE
8
A1
10
0.78408
20
0.99787
30
-5.92509
11
0.91315
21
1.05661
31
-5.92107
12
0.95859
22
0.91508
32
-5.88910
13
0.82951
23
0.85643
33
-5.89301
0
3DFACE
8
A1
10
0.91315
20
1.05661
30
-5.92107
11
1.04227
21
1.11458
31
-5.91801
12
1.08771
22
0.97287
32
-5.88626
13
0.95859
23
0.91508
33
-5.88910
0
3DFACE
8
A1
10
1.04227
20
1.11458
30
-5.91801
11
1.17143
21
1.17169
31
-5.91602
12
1.21688
22
1.02990
32
-5.88438
13
1.08771
23
0.97287
33
-5.88626
0
3DFACE
8
A1
10
1.17143
20
1.17169
30
-5.91602
11
1.30063
21
1.22810
31
-5.91489
12
1.34608
22
1.08640
32
-5.88314
13
1.21688
23
1.02990
33
-5.88438
0
3DFACE
8
A1
10
1.30063
20
1.22810
30
-5.91489
11
1.42986
21
1.28409
31
-5.91430
12
1.47528
22
1.14273
32
-5.88212
13
1.34608
23
1.08640
33
-5.88314
0
3DFACE
8
A1
10
1.42986
20
1.28409
30
-5.91430
11
1.55898
21
1.34189
31
-5.91146
12
1.60441
22
1.20044
32
-5.87938
13
1.47528
23
1.14273
33
-5.88212
0
3DFACE
8
A1
10
1.55898
20
1.34189
30
-5.91146
11
1.68804
21
1.40089
31
-5.90712
12
1.73348
22
1.25927
32
-5.87526
13
1.60441
23
1.20044
33
-5.87938
0
3DFACE
8
A1
10
1.68804
20
1.40089
30
-5.90712
11
1.81707
21
1.46057
31
-5.90192
12
1.86250
22
1.31913
32
-5.86985
13
1.73348
23
1.25927
33
-5.87526
0
3DFACE
8
A1
10
1.81707
20
1.46057
30
-5.90192
11
1.94607
21
1.52077
31
-5.89608
12
1.99148
22
1.37967
32
-5.86358
13
1.86250
23
1.31913
33
-5.86985
0
3DFACE
8
A1
10
1.94607
20
1.52077
30
-5.89608
11
2.07508
21
1.58063
31
-5.89067
12
2.12045
22
1.44039
32
-5.85710
13
1.99148
23
1.37967
33
-5.86358
0
3DFACE
8
A1
10
2.07508
20
1.58063
30
-5.89067
11
2.20416
21
1.63937
31
-5.88665
12
2.24943
22
1.50094
32
-5.85084
13
2.12045
23
1.44039
33
-5.85710
0
3DFACE
8
A1
10
2.20416
20
1.63937
30
-5.88665
11
2.33324
21
1.69803
31
-5.88274
12
2.37839
22
1.56174
32
-5.84425
13
2.24943
23
1.50094
33
-5.85084
0
3DFACE
8
A1
10
2.33324
20
1.69803
30
-5.88274
11
2.46229
21
1.75720
31
-5.87819
12
2.50734
22
1.62280
32
-5.83734
13
2.37839
23
1.56174
33
-5.84425
0
3DFACE
8
A1
10
2.46229
20
1.75720
30
-5.87819
11
2.59131
21
1.81697
31
-5.87288
12
2.63629
22
1.68404
32
-5.83022
13
2.50734
23
1.62280
33
-5.83734
0
3DFACE
8
A1
10
2.59131
20
1.81697
30
-5.87288
11
2.72036
21
1.87623
31
-5.86822
12
2.76528
22
1.74424
32
-5.82438
13
2.63629
23
1.68404
33
-5.83022
0
3DFACE
8
A1
10
2.72036
20
1.87623
30
-5.86822
11
2.84933
21
1.93694
31
-5.86174
12
2.89424
22
1.80513
32
-5.81769
13
2.76528
23
1.74424
33
-5.82438
0
3DFACE
8
A1
10
2.84933
20
1.93694
30
-5.86174
11
2.97831
21
1.99749
31
-5.85548
12
3.02323
22
1.86559
32
-5.81153
13
2.89424
23
1.80513
33
-5.81769
0
3DFACE
8
A1
10
2.97831
20
1.99749
30
-5.85548
11
3.10731
21
2.05752
31
-5.84985
12
3.15222
22
1.92588
32
-5.80558
13
3.02323
23
1.86559
33
-5.81153
0
3DFACE
8
A1
10
3.10731
20
2.05752
30
-5.84985
11
3.23633
21
2.11729
31
-5.84455
12
3.28122
22
1.98599
32
-5.79985
13
3.15222
23
1.92588
33
-5.80558
0
3DFACE
8
A1
10
3.23633
20
2.11729
30
-5.84455
11
3.36528
21
2.17844
31
-5.83753
12
3.41016
22
2.04731
32
-5.79262
13
3.28122
23
1.98599
33
-5.79985
0
3DFACE
8
A1
10
3.36528
20
2.17844
30
-5.83753
11
3.49431
21
2.23796
31
-5.83255
12
3.53916
22
2.10734
32
-5.78700
13
3.41016
23
2.04731
33
-5.79262
0
3DFACE
8
A1
10
3.49431
20
2.23796
30
-5.83255
11
3.62335
21
2.29747
31
-5.82757
12
3.66818
22
2.16712
32
-5.78170
13
3.53916
23
2.10734
33
-5.78700
0
3DFACE
8
A1
10
3.62335
20
2.29747
30
-5.82757
11
3.75238
21
2.35707
31
-5.82248
12
3.79720
22
2.22706
32
-5.77618
13
3.66818
23
2.16712
33
-5.78170
0
3DFACE
8
A1
10
3.75238
20
2.35707
30
-5.82248
11
3.88136
21
2.41762
31
-5.81622
12
3.92621
22
2.28700
32
-5.77066
13
3.79720
23
2.22706
33
-5.77618
0
3DFACE
8
A1
10
3.88136
20
2.41762
30
-5.81622
11
4.01026
21
2.47954
31
-5.80824
12
4.05513
22
2.34850
32
-5.76322
13
3.92621
23
2.28700
33
-5.77066
0
3DFACE
8
A1
10
4.01026
20
2.47954
30
-5.80824
11
4.13920
21
2.54086
31
-5.80101
12
4.18422
22
2.40698
32
-5.75952
13
4.05513
23
2.34850
33
-5.76322
0
3DFACE
8
A1
10
4.13920
20
2.54086
30
-5.80101
11
4.26813
21
2.60226
31
-5.79367
12
4.31324
22
2.46684
32
-5.75411
13
4.18422
23
2.40698
33
-5.75952
0
3DFACE
8
A1
10
4.26813
20
2.60226
30
-5.79367
11
4.39707
21
2.66358
31
-5.78644
12
4.44227
22
2.52644
32
-5.74902
13
4.31324
23
2.46684
33
-5.75411
0
3DFACE
8
A1
10
4.39707
20
2.66358
30
-5.78644
11
4.52606
21
2.72387
31
-5.78050
12
4.57131
22
2.58578
32
-5.74425
13
4.44227
23
2.52644
33
-5.74902
0
3DFACE
8
A1
10
4.52606
20
2.72387
30
-5.78050
11
4.65513
21
2.78270
31
-5.77637
12
4.70044
22
2.64349
32
-5.74152
13
4.57131
23
2.58578
33
-5.74425
0
3DFACE
8
A1
10
4.65513
20
2.78270
30
-5.77637
11
4.78441
21
2.83757
31
-5.77717
12
4.82965
22
2.69973
32
-5.74060
13
4.70044
23
2.64349
33
-5.74152
0
3DFACE
8
A1
10
4.78441
20
2.83757
30
-5.77717
11
4.91395
21
2.88780
31
-5.78374
12
4.95918
22
2.75005
32
-5.74707
13
4.82965
23
2.69973
33
-5.74060
0
3DFACE
8
A1
10
-2.13931
20
-0.49323
30
-5.98374
11
-2.00977
21
-0.44300
31
-5.99032
12
-1.96454
22
-0.58075
32
-5.95364
13
-2.09407
23
-0.63106
33
-5.94718
0
3DFACE
8
A1
10
-2.00977
20
-0.44300
30
-5.99032
11
-1.88059
21
-0.38632
31
-5.98886
12
-1.83531
22
-0.52493
32
-5.95326
13
-1.96454
23
-0.58075
33
-5.95364
0
3DFACE
8
A1
10
-1.88059
20
-0.38632
30
-5.98886
11
-1.75152
21
-0.32750
31
-5.98474
12
-1.70628
22
-0.46533
32
-5.94817
13
-1.83531
23
-0.52493
33
-5.95326
0
3DFACE
8
A1
10
-1.75152
20
-0.32750
30
-5.98474
11
-1.62244
21
-0.26884
31
-5.98083
12
-1.57721
22
-0.40651
32
-5.94405
13
-1.70628
23
-0.46533
33
-5.94817
0
3DFACE
8
A1
10
-1.62244
20
-0.26884
30
-5.98083
11
-1.49336
21
-0.21010
31
-5.97681
12
-1.44813
22
-0.34776
32
-5.94003
13
-1.57721
23
-0.40651
33
-5.94405
0
3DFACE
8
A1
10
-1.49336
20
-0.21010
30
-5.97681
11
-1.36428
21
-0.15145
31
-5.97289
12
-1.31904
22
-0.28928
32
-5.93633
13
-1.44813
23
-0.34776
33
-5.94003
0
3DFACE
8
A1
10
-1.36428
20
-0.15145
30
-5.97289
11
-1.23510
21
-0.09468
31
-5.97134
12
-1.18989
22
-0.23192
32
-5.93402
13
-1.31904
23
-0.28928
33
-5.93633
0
3DFACE
8
A1
10
-1.23510
20
-0.09468
30
-5.97134
11
-1.10605
21
-0.03543
31
-5.96668
12
-1.06078
22
-0.17386
32
-5.93086
13
-1.18989
23
-0.23192
33
-5.93402
0
3DFACE
8
A1
10
-1.10605
20
-0.03543
30
-5.96668
11
-0.97701
21
0.02400
31
-5.96180
12
-0.93170
22
-0.11521
32
-5.92695
13
-1.06078
23
-0.17386
33
-5.93086
0
3DFACE
8
A1
10
-0.97701
20
0.02400
30
-5.96180
11
-0.84796
21
0.08326
31
-5.95714
12
-0.80262
22
-0.05647
32
-5.92293
13
-0.93170
23
-0.11521
33
-5.92695
0
3DFACE
8
A1
10
-0.84796
20
0.08326
30
-5.95714
11
-0.71892
21
0.14268
31
-5.95226
12
-0.67356
22
0.00244
32
-5.91869
13
-0.80262
23
-0.05647
33
-5.92293
0
3DFACE
8
A1
10
-0.71892
20
0.14268
30
-5.95226
11
-0.58989
21
0.20211
31
-5.94739
12
-0.54450
22
0.06153
32
-5.91425
13
-0.67356
23
0.00244
33
-5.91869
0
3DFACE
8
A1
10
-0.58989
20
0.20211
30
-5.94739
11
-0.46085
21
0.26154
31
-5.94251
12
-0.41544
22
0.12061
32
-5.90980
13
-0.54450
23
0.06153
33
-5.91425
0
3DFACE
8
A1
10
-0.46085
20
0.26154
30
-5.94251
11
-0.33181
21
0.32097
31
-5.93764
12
-0.28639
22
0.17987
32
-5.90514
13
-0.41544
23
0.12061
33
-5.90980
0
3DFACE
8
A1
10
-0.33181
20
0.32097
30
-5.93764
11
-0.20277
21
0.38048
31
-5.93266
12
-0.15735
22
0.23921
32
-5.90037
13
-0.28639
23
0.17987
33
-5.90514
0
3DFACE
8
A1
10
-0.20277
20
0.38048
30
-5.93266
11
-0.07374
21
0.44000
31
-5.92767
12
-0.02831
22
0.29864
32
-5.89550
13
-0.15735
23
0.23921
33
-5.90037
0
3DFACE
8
A1
10
-0.07374
20
0.44000
30
-5.92767
11
0.05529
21
0.49951
31
-5.92269
12
0.10073
22
0.35807
32
-5.89062
13
-0.02831
23
0.29864
33
-5.89550
0
3DFACE
8
A1
10
0.05529
20
0.49951
30
-5.92269
11
0.18433
21
0.55903
31
-5.91771
12
0.22976
22
0.41758
32
-5.88564
13
0.10073
23
0.35807
33
-5.89062
0
3DFACE
8
A1
10
0.18433
20
0.55903
30
-5.91771
11
0.31337
21
0.61845
31
-5.91284
12
0.35879
22
0.47709
32
-5.88066
13
0.22976
23
0.41758
33
-5.88564
0
3DFACE
8
A1
10
0.31337
20
0.61845
30
-5.91284
11
0.44240
21
0.67797
31
-5.90785
12
0.48783
22
0.53661
32
-5.87568
13
0.35879
23
0.47709
33
-5.88066
0
3DFACE
8
A1
10
0.44240
20
0.67797
30
-5.90785
11
0.57144
21
0.73748
31
-5.90287
12
0.61687
22
0.59604
32
-5.87080
13
0.48783
23
0.53661
33
-5.87568
0
3DFACE
8
A1
10
0.57144
20
0.73748
30
-5.90287
11
0.70047
21
0.79700
31
-5.89789
12
0.74590
22
0.65555
32
-5.86582
13
0.61687
23
0.59604
33
-5.87080
0
3DFACE
8
A1
10
0.70047
20
0.79700
30
-5.89789
11
0.82951
21
0.85643
31
-5.89301
12
0.87494
22
0.71489
32
-5.86105
13
0.74590
23
0.65555
33
-5.86582
0
3DFACE
8
A1
10
0.82951
20
0.85643
30
-5.89301
11
0.95859
21
0.91508
31
-5.88910
12
1.00403
22
0.77346
32
-5.85724
13
0.87494
23
0.71489
33
-5.86105
0
3DFACE
8
A1
10
0.95859
20
0.91508
30
-5.88910
11
1.08771
21
0.97287
31
-5.88626
12
1.13316
22
0.83117
32
-5.85451
13
1.00403
23
0.77346
33
-5.85724
0
3DFACE
8
A1
10
1.08771
20
0.97287
30
-5.88626
11
1.21688
21
1.02990
31
-5.88438
12
1.26232
22
0.88828
32
-5.85252
13
1.13316
23
0.83117
33
-5.85451
0
3DFACE
8
A1
10
1.21688
20
1.02990
30
-5.88438
11
1.34608
21
1.08640
31
-5.88314
12
1.39151
22
0.94504
32
-5.85096
13
1.26232
23
0.88828
33
-5.85252
0
3DFACE
8
A1
10
1.34608
20
1.08640
30
-5.88314
11
1.47528
21
1.14273
31
-5.88212
12
1.52069
22
1.00180
32
-5.84941
13
1.39151
23
0.94504
33
-5.85096
0
3DFACE
8
A1
10
1.47528
20
1.14273
30
-5.88212
11
1.60441
21
1.20044
31
-5.87938
12
1.64978
22
1.06029
32
-5.84571
13
1.52069
23
1.00180
33
-5.84941
0
3DFACE
8
A1
10
1.60441
20
1.20044
30
-5.87938
11
1.73348
21
1.25927
31
-5.87526
12
1.77878
22
1.12032
32
-5.84008
13
1.64978
23
1.06029
33
-5.84571
0
3DFACE
8
A1
10
1.73348
20
1.25927
30
-5.87526
11
1.86250
21
1.31913
31
-5.86985
12
1.90772
22
1.18172
32
-5.83275
13
1.77878
23
1.12032
33
-5.84008
0
3DFACE
8
A1
10
1.86250
20
1.31913
30
-5.86985
11
1.99148
21
1.37967
31
-5.86358
12
2.03659
22
1.24416
32
-5.82413
13
1.90772
23
1.18172
33
-5.83275
0
3DFACE
8
A1
10
1.99148
20
1.37967
30
-5.86358
11
2.12045
21
1.44039
31
-5.85710
12
2.16543
22
1.30728
32
-5.81465
13
2.03659
23
1.24416
33
-5.82413
0
3DFACE
8
A1
10
2.12045
20
1.44039
30
-5.85710
11
2.24943
21
1.50094
31
-5.85084
12
2.29431
22
1.36972
32
-5.80603
13
2.16543
23
1.30728
33
-5.81465
0
3DFACE
8
A1
10
2.24943
20
1.50094
30
-5.85084
11
2.37839
21
1.56174
31
-5.84425
12
2.42324
22
1.43121
32
-5.79859
13
2.29431
23
1.36972
33
-5.80603
0
3DFACE
8
A1
10
2.37839
20
1.56174
30
-5.84425
11
2.50734
21
1.62280
31
-5.83734
12
2.55218
22
1.49253
32
-5.79136
13
2.42324
23
1.43121
33
-5.79859
0
3DFACE
8
A1
10
2.50734
20
1.62280
30
-5.83734
11
2.63629
21
1.68404
31
-5.83022
12
2.68113
22
1.55360
32
-5.78445
13
2.55218
23
1.49253
33
-5.79136
0
3DFACE
8
A1
10
2.63629
20
1.68404
30
-5.83022
11
2.76528
21
1.74424
31
-5.82438
12
2.81017
22
1.61294
32
-5.77969
13
2.68113
23
1.55360
33
-5.78445
0
3DFACE
8
A1
10
2.76528
20
1.74424
30
-5.82438
11
2.89424
21
1.80513
31
-5.81769
12
2.93927
22
1.67116
32
-5.77631
13
2.81017
23
1.61294
33
-5.77969
0
3DFACE
8
A1
10
2.89424
20
1.80513
30
-5.81769
11
3.02323
21
1.86559
31
-5.81153
12
3.06825
22
1.73180
32
-5.76994
13
2.93927
23
1.67116
33
-5.77631
0
3DFACE
8
A1
10
3.02323
20
1.86559
30
-5.81153
11
3.15222
21
1.92588
31
-5.80558
12
3.19724
22
1.79200
32
-5.76410
13
3.06825
23
1.73180
33
-5.76994
0
3DFACE
8
A1
10
3.15222
20
1.92588
30
-5.80558
11
3.28122
21
1.98599
31
-5.79985
12
3.32625
22
1.85203
32
-5.75847
13
3.19724
23
1.79200
33
-5.76410
0
3DFACE
8
A1
10
3.28122
20
1.98599
30
-5.79985
11
3.41016
21
2.04731
31
-5.79262
12
3.45519
22
1.91335
32
-5.75124
13
3.32625
23
1.85203
33
-5.75847
0
3DFACE
8
A1
10
3.41016
20
2.04731
30
-5.79262
11
3.53916
21
2.10734
31
-5.78700
12
3.58407
22
1.97570
32
-5.74273
13
3.45519
23
1.91335
33
-5.75124
0
3DFACE
8
A1
10
3.53916
20
2.10734
30
-5.78700
11
3.66818
21
2.16712
31
-5.78170
12
3.71305
22
2.03625
32
-5.73647
13
3.58407
23
1.97570
33
-5.74273
0
3DFACE
8
A1
10
3.66818
20
2.16712
30
-5.78170
11
3.79720
21
2.22706
31
-5.77618
12
3.84201
22
2.09705
32
-5.72988
13
3.71305
23
2.03625
33
-5.73647
0
3DFACE
8
A1
10
3.79720
20
2.22706
30
-5.77618
11
3.92621
21
2.28700
31
-5.77066
12
3.97097
22
2.15803
32
-5.72308
13
3.84201
23
2.09705
33
-5.72988
0
3DFACE
8
A1
10
3.92621
20
2.28700
30
-5.77066
11
4.05513
21
2.34850
31
-5.76322
12
4.09990
22
2.21952
32
-5.71563
13
3.97097
23
2.15803
33
-5.72308
0
3DFACE
8
A1
10
4.05513
20
2.34850
30
-5.76322
11
4.18422
21
2.40698
31
-5.75952
12
4.22909
22
2.27602
32
-5.71440
13
4.09990
23
2.21952
33
-5.71563
0
3DFACE
8
A1
10
4.18422
20
2.40698
30
-5.75952
11
4.31324
21
2.46684
31
-5.75411
12
4.35821
22
2.33399
32
-5.71134
13
4.22909
23
2.27602
33
-5.71440
0
3DFACE
8
A1
10
4.31324
20
2.46684
30
-5.75411
11
4.44227
21
2.52644
31
-5.74902
12
4.48735
22
2.39153
32
-5.70882
13
4.35821
23
2.33399
33
-5.71134
0
3DFACE
8
A1
10
4.44227
20
2.52644
30
-5.74902
11
4.57131
21
2.58578
31
-5.74425
12
4.61651
22
2.44872
32
-5.70673
13
4.48735
23
2.39153
33
-5.70882
0
3DFACE
8
A1
10
4.57131
20
2.58578
30
-5.74425
11
4.70044
21
2.64349
31
-5.74152
12
4.74570
22
2.50522
32
-5.70549
13
4.61651
23
2.44872
33
-5.70673
0
3DFACE
8
A1
10
4.70044
20
2.64349
30
-5.74152
11
4.82965
21
2.69973
31
-5.74060
12
4.87489
22
2.56199
32
-5.70393
13
4.74570
23
2.50522
33
-5.70549
0
3DFACE
8
A1
10
4.82965
20
2.69973
30
-5.74060
11
4.95918
21
2.75005
31
-5.74707
12
5.00441
22
2.61230
32
-5.71040
13
4.87489
23
2.56199
33
-5.70393
0
3DFACE
8
A1
10
-2.09407
20
-0.63106
30
-5.94718
11
-1.96454
21
-0.58075
31
-5.95364
12
-1.91931
22
-0.71850
32
-5.91697
13
-2.04883
23
-0.76881
33
-5.91051
0
3DFACE
8
A1
10
-1.96454
20
-0.58075
30
-5.95364
11
-1.83531
21
-0.52493
31
-5.95326
12
-1.79002
22
-0.66363
32
-5.91777
13
-1.91931
23
-0.71850
33
-5.91697
0
3DFACE
8
A1
10
-1.83531
20
-0.52493
30
-5.95326
11
-1.70628
21
-0.46533
31
-5.94817
12
-1.66104
22
-0.60317
32
-5.91161
13
-1.79002
23
-0.66363
33
-5.91777
0
3DFACE
8
A1
10
-1.70628
20
-0.46533
30
-5.94817
11
-1.57721
21
-0.40651
31
-5.94405
12
-1.53201
22
-0.54357
32
-5.90652
13
-1.66104
23
-0.60317
33
-5.91161
0
3DFACE
8
A1
10
-1.57721
20
-0.40651
30
-5.94405
11
-1.44813
21
-0.34776
31
-5.94003
12
-1.40294
22
-0.48465
32
-5.90229
13
-1.53201
23
-0.54357
33
-5.90652
0
3DFACE
8
A1
10
-1.44813
20
-0.34776
30
-5.94003
11
-1.31904
21
-0.28928
31
-5.93633
12
-1.27386
22
-0.42609
32
-5.89848
13
-1.40294
23
-0.48465
33
-5.90229
0
3DFACE
8
A1
10
-1.31904
20
-0.28928
30
-5.93633
11
-1.18989
21
-0.23192
31
-5.93402
12
-1.14476
22
-0.36786
32
-5.89510
13
-1.27386
23
-0.42609
33
-5.89848
0
3DFACE
8
A1
10
-1.18989
20
-0.23192
30
-5.93402
11
-1.06078
21
-0.17386
31
-5.93086
12
-1.01558
22
-0.31093
32
-5.89333
13
-1.14476
23
-0.36786
33
-5.89510
0
3DFACE
8
A1
10
-1.06078
20
-0.17386
30
-5.93086
11
-0.93170
21
-0.11521
31
-5.92695
12
-0.88645
22
-0.25322
32
-5.89060
13
-1.01558
23
-0.31093
33
-5.89333
0
3DFACE
8
A1
10
-0.93170
20
-0.11521
30
-5.92695
11
-0.80262
21
-0.05647
31
-5.92293
12
-0.75735
22
-0.19499
32
-5.88722
13
-0.88645
23
-0.25322
33
-5.89060
0
3DFACE
8
A1
10
-0.80262
20
-0.05647
30
-5.92293
11
-0.67356
21
0.00244
31
-5.91869
12
-0.62825
22
-0.13660
32
-5.88363
13
-0.75735
23
-0.19499
33
-5.88722
0
3DFACE
8
A1
10
-0.67356
20
0.00244
30
-5.91869
11
-0.54450
21
0.06153
31
-5.91425
12
-0.49918
22
-0.07786
32
-5.87961
13
-0.62825
23
-0.13660
33
-5.88363
0
3DFACE
8
A1
10
-0.54450
20
0.06153
30
-5.91425
11
-0.41544
21
0.12061
31
-5.90980
12
-0.37010
22
-0.01912
32
-5.87559
13
-0.49918
23
-0.07786
33
-5.87961
0
3DFACE
8
A1
10
-0.41544
20
0.12061
30
-5.90980
11
-0.28639
21
0.17987
31
-5.90514
12
-0.24103
22
0.03971
32
-5.87146
13
-0.37010
23
-0.01912
33
-5.87559
0
3DFACE
8
A1
10
-0.28639
20
0.17987
30
-5.90514
11
-0.15735
21
0.23921
31
-5.90037
12
-0.11197
22
0.09871
32
-5.86712
13
-0.24103
23
0.03971
33
-5.87146
0
3DFACE
8
A1
10
-0.15735
20
0.23921
30
-5.90037
11
-0.02831
21
0.29864
31
-5.89550
12
0.01709
22
0.15779
32
-5.86268
13
-0.11197
23
0.09871
33
-5.86712
0
3DFACE
8
A1
10
-0.02831
20
0.29864
30
-5.89550
11
0.10073
21
0.35807
31
-5.89062
12
0.14614
22
0.21696
32
-5.85812
13
0.01709
23
0.15779
33
-5.86268
0
3DFACE
8
A1
10
0.10073
20
0.35807
30
-5.89062
11
0.22976
21
0.41758
31
-5.88564
12
0.27518
22
0.27631
32
-5.85335
13
0.14614
23
0.21696
33
-5.85812
0
3DFACE
8
A1
10
0.22976
20
0.41758
30
-5.88564
11
0.35879
21
0.47709
31
-5.88066
12
0.40423
22
0.33565
32
-5.84859
13
0.27518
23
0.27631
33
-5.85335
0
3DFACE
8
A1
10
0.35879
20
0.47709
30
-5.88066
11
0.48783
21
0.53661
31
-5.87568
12
0.53326
22
0.39516
32
-5.84360
13
0.40423
23
0.33565
33
-5.84859
0
3DFACE
8
A1
10
0.48783
20
0.53661
30
-5.87568
11
0.61687
21
0.59604
31
-5.87080
12
0.66229
22
0.45468
32
-5.83862
13
0.53326
23
0.39516
33
-5.84360
0
3DFACE
8
A1
10
0.61687
20
0.59604
30
-5.87080
11
0.74590
21
0.65555
31
-5.86582
12
0.79133
22
0.51411
32
-5.83375
13
0.66229
23
0.45468
33
-5.83862
0
3DFACE
8
A1
10
0.74590
20
0.65555
30
-5.86582
11
0.87494
21
0.71489
31
-5.86105
12
0.92038
22
0.57345
32
-5.82898
13
0.79133
23
0.51411
33
-5.83375
0
3DFACE
8
A1
10
0.87494
20
0.71489
30
-5.86105
11
1.00403
21
0.77346
31
-5.85724
12
1.04947
22
0.63184
32
-5.82539
13
0.92038
23
0.57345
33
-5.82898
0
3DFACE
8
A1
10
1.00403
20
0.77346
30
-5.85724
11
1.13316
21
0.83117
31
-5.85451
12
1.17860
22
0.68955
32
-5.82265
13
1.04947
23
0.63184
33
-5.82539
0
3DFACE
8
A1
10
1.13316
20
0.83117
30
-5.85451
11
1.26232
21
0.88828
31
-5.85252
12
1.30775
22
0.74683
32
-5.82045
13
1.17860
23
0.68955
33
-5.82265
0
3DFACE
8
A1
10
1.26232
20
0.88828
30
-5.85252
11
1.39151
21
0.94504
31
-5.85096
12
1.43692
22
0.80385
32
-5.81857
13
1.30775
23
0.74683
33
-5.82045
0
3DFACE
8
A1
10
1.39151
20
0.94504
30
-5.85096
11
1.52069
21
1.00180
31
-5.84941
12
1.56606
22
0.86139
32
-5.81605
13
1.43692
23
0.80385
33
-5.81857
0
3DFACE
8
A1
10
1.52069
20
1.00180
30
-5.84941
11
1.64978
21
1.06029
31
-5.84571
12
1.69513
22
0.92022
32
-5.81192
13
1.56606
23
0.86139
33
-5.81605
0
3DFACE
8
A1
10
1.64978
20
1.06029
30
-5.84571
11
1.77878
21
1.12032
31
-5.84008
12
1.82409
22
0.98111
32
-5.80523
13
1.69513
23
0.92022
33
-5.81192
0
3DFACE
8
A1
10
1.77878
20
1.12032
30
-5.84008
11
1.90772
21
1.18172
31
-5.83275
12
1.95296
22
1.04371
32
-5.79640
13
1.82409
23
0.98111
33
-5.80523
0
3DFACE
8
A1
10
1.90772
20
1.18172
30
-5.83275
11
2.03659
21
1.24416
31
-5.82413
12
2.08176
22
1.10770
32
-5.78585
13
1.95296
23
1.04371
33
-5.79640
0
3DFACE
8
A1
10
2.03659
20
1.24416
30
-5.82413
11
2.16543
21
1.30728
31
-5.81465
12
2.21053
22
1.17212
32
-5.77477
13
2.08176
23
1.10770
33
-5.78585
0
3DFACE
8
A1
10
2.16543
20
1.30728
30
-5.81465
11
2.29431
21
1.36972
31
-5.80603
12
2.33931
22
1.23636
32
-5.76390
13
2.21053
23
1.17212
33
-5.77477
0
3DFACE
8
A1
10
2.29431
20
1.36972
30
-5.80603
11
2.42324
21
1.43121
31
-5.79859
12
2.46815
22
1.29948
32
-5.75443
13
2.33931
23
1.23636
33
-5.76390
0
3DFACE
8
A1
10
2.42324
20
1.43121
30
-5.79859
11
2.55218
21
1.49253
31
-5.79136
12
2.59706
22
1.36132
32
-5.74656
13
2.46815
23
1.29948
33
-5.75443
0
3DFACE
8
A1
10
2.55218
20
1.49253
30
-5.79136
11
2.68113
21
1.55360
31
-5.78445
12
2.72600
22
1.42247
32
-5.73954
13
2.59706
23
1.36132
33
-5.74656
0
3DFACE
8
A1
10
2.68113
20
1.55360
30
-5.78445
11
2.81017
21
1.61294
31
-5.77969
12
2.85505
22
1.48173
32
-5.73488
13
2.72600
23
1.42247
33
-5.73954
0
3DFACE
8
A1
10
2.81017
20
1.61294
30
-5.77969
11
2.93927
21
1.67116
31
-5.77631
12
2.98416
22
1.53986
32
-5.73161
13
2.85505
23
1.48173
33
-5.73488
0
3DFACE
8
A1
10
2.93927
20
1.67116
30
-5.77631
11
3.06825
21
1.73180
31
-5.76994
12
3.11330
22
1.59731
32
-5.72920
13
2.98416
23
1.53986
33
-5.73161
0
3DFACE
8
A1
10
3.06825
20
1.73180
30
-5.76994
11
3.19724
21
1.79200
31
-5.76410
12
3.24230
22
1.65760
32
-5.72325
13
3.11330
23
1.59731
33
-5.72920
0
3DFACE
8
A1
10
3.19724
20
1.79200
30
-5.76410
11
3.32625
21
1.85203
31
-5.75847
12
3.37131
22
1.71746
32
-5.71784
13
3.24230
23
1.65760
33
-5.72325
0
3DFACE
8
A1
10
3.32625
20
1.85203
30
-5.75847
11
3.45519
21
1.91335
31
-5.75124
12
3.50025
22
1.77869
32
-5.71072
13
3.37131
23
1.71746
33
-5.71784
0
3DFACE
8
A1
10
3.45519
20
1.91335
30
-5.75124
11
3.58407
21
1.97570
31
-5.74273
12
3.62913
22
1.84113
32
-5.70210
13
3.50025
23
1.77869
33
-5.71072
0
3DFACE
8
A1
10
3.58407
20
1.97570
30
-5.74273
11
3.71305
21
2.03625
31
-5.73647
12
3.75797
22
1.90434
32
-5.69252
13
3.62913
23
1.84113
33
-5.70210
0
3DFACE
8
A1
10
3.71305
20
2.03625
30
-5.73647
11
3.84201
21
2.09705
31
-5.72988
12
3.88692
22
1.96541
32
-5.68561
13
3.75797
23
1.90434
33
-5.69252
0
3DFACE
8
A1
10
3.84201
20
2.09705
30
-5.72988
11
3.97097
21
2.15803
31
-5.72308
12
4.01586
22
2.02673
32
-5.67838
13
3.88692
23
1.96541
33
-5.68561
0
3DFACE
8
A1
10
3.97097
20
2.15803
30
-5.72308
11
4.09990
21
2.21952
31
-5.71563
12
4.14477
22
2.08848
32
-5.67062
13
4.01586
23
2.02673
33
-5.67838
0
3DFACE
8
A1
10
4.09990
20
2.21952
30
-5.71563
11
4.22909
21
2.27602
31
-5.71440
12
4.27403
22
2.14378
32
-5.67088
13
4.14477
23
2.08848
33
-5.67062
0
3DFACE
8
A1
10
4.22909
20
2.27602
30
-5.71440
11
4.35821
21
2.33399
31
-5.71134
12
4.40321
22
2.20054
32
-5.66932
13
4.27403
23
2.14378
33
-5.67088
0
3DFACE
8
A1
10
4.35821
20
2.33399
30
-5.71134
11
4.48735
21
2.39153
31
-5.70882
12
4.53243
22
2.25670
32
-5.66851
13
4.40321
23
2.20054
33
-5.66932
0
3DFACE
8
A1
10
4.48735
20
2.39153
30
-5.70882
11
4.61651
21
2.44872
31
-5.70673
12
4.66166
22
2.31243
32
-5.66824
13
4.53243
23
2.25670
33
-5.66851
0
3DFACE
8
A1
10
4.61651
20
2.44872
30
-5.70673
11
4.74570
21
2.50522
31
-5.70549
12
4.79093
22
2.36756
32
-5.66871
13
4.66166
23
2.31243
33
-5.66824
0
3DFACE
8
A1
10
4.74570
20
2.50522
30
-5.70549
11
4.87489
21
2.56199
31
-5.70393
12
4.92012
22
2.42424
32
-5.66726
13
4.79093
23
2.36756
33
-5.66871
0
3DFACE
8
A1
10
4.87489
20
2.56199
30
-5.70393
11
5.00441
21
2.61230
31
-5.71040
12
5.04965
22
2.47446
32
-5.67383
13
4.92012
23
2.42424
33
-5.66726
0
3DFACE
8
A1
10
-2.04883
20
-0.76881
30
-5.91051
11
-1.91931
21
-0.71850
31
-5.91697
12
-1.87407
22
-0.85625
32
-5.88030
13
-2.00360
23
-0.90656
33
-5.87383
0
3DFACE
8
A1
10
-1.91931
20
-0.71850
30
-5.91697
11
-1.79002
21
-0.66363
31
-5.91777
12
-1.74479
22
-0.80138
32
-5.88109
13
-1.87407
23
-0.85625
33
-5.88030
0
3DFACE
8
A1
10
-1.79002
20
-0.66363
30
-5.91777
11
-1.66104
21
-0.60317
31
-5.91161
12
-1.61585
22
-0.74006
32
-5.87387
13
-1.74479
23
-0.80138
33
-5.88109
0
3DFACE
8
A1
10
-1.66104
20
-0.60317
30
-5.91161
11
-1.53201
21
-0.54357
31
-5.90652
12
-1.48687
22
-0.67960
32
-5.86771
13
-1.61585
23
-0.74006
33
-5.87387
0
3DFACE
8
A1
10
-1.53201
20
-0.54357
30
-5.90652
11
-1.40294
21
-0.48465
31
-5.90229
12
-1.35784
22
-0.61991
32
-5.86251
13
-1.48687
23
-0.67960
33
-5.86771
0
3DFACE
8
A1
10
-1.40294
20
-0.48465
30
-5.90229
11
-1.27386
21
-0.42609
31
-5.89848
12
-1.22877
22
-0.56108
32
-5.85838
13
-1.35784
23
-0.61991
33
-5.86251
0
3DFACE
8
A1
10
-1.27386
20
-0.42609
30
-5.89848
11
-1.14476
21
-0.36786
31
-5.89510
12
-1.09968
22
-0.50260
32
-5.85469
13
-1.22877
23
-0.56108
33
-5.85838
0
3DFACE
8
A1
10
-1.14476
20
-0.36786
30
-5.89510
11
-1.01558
21
-0.31093
31
-5.89333
12
-0.97047
22
-0.44644
32
-5.85388
13
-1.09968
23
-0.50260
33
-5.85469
0
3DFACE
8
A1
10
-1.01558
20
-0.31093
30
-5.89333
11
-0.88645
21
-0.25322
31
-5.89060
12
-0.84130
22
-0.38950
32
-5.85210
13
-0.97047
23
-0.44644
33
-5.85388
0
3DFACE
8
A1
10
-0.88645
20
-0.25322
30
-5.89060
11
-0.75735
21
-0.19499
31
-5.88722
12
-0.71215
22
-0.33214
32
-5.84980
13
-0.84130
23
-0.38950
33
-5.85210
0
3DFACE
8
A1
10
-0.75735
20
-0.19499
30
-5.88722
11
-0.62825
21
-0.13660
31
-5.88363
12
-0.58304
22
-0.27409
32
-5.84663
13
-0.71215
23
-0.33214
33
-5.84980
0
3DFACE
8
A1
10
-0.62825
20
-0.13660
30
-5.88363
11
-0.49918
21
-0.07786
31
-5.87961
12
-0.45393
22
-0.21595
32
-5.84336
13
-0.58304
23
-0.27409
33
-5.84663
0
3DFACE
8
A1
10
-0.49918
20
-0.07786
30
-5.87961
11
-0.37010
21
-0.01912
31
-5.87559
12
-0.32483
22
-0.15755
32
-5.83977
13
-0.45393
23
-0.21595
33
-5.84336
0
3DFACE
8
A1
10
-0.37010
20
-0.01912
30
-5.87559
11
-0.24103
21
0.03971
31
-5.87146
12
-0.19574
22
-0.09907
32
-5.83607
13
-0.32483
23
-0.15755
33
-5.83977
0
3DFACE
8
A1
10
-0.24103
20
0.03971
30
-5.87146
11
-0.11197
21
0.09871
31
-5.86712
12
-0.06666
22
-0.04050
32
-5.83227
13
-0.19574
23
-0.09907
33
-5.83607
0
3DFACE
8
A1
10
-0.11197
20
0.09871
30
-5.86712
11
0.01709
21
0.15779
31
-5.86268
12
0.06242
22
0.01824
32
-5.82825
13
-0.06666
23
-0.04050
33
-5.83227
0
3DFACE
8
A1
10
0.01709
20
0.15779
30
-5.86268
11
0.14614
21
0.21696
31
-5.85812
12
0.19149
22
0.07698
32
-5.82423
13
0.06242
23
0.01824
33
-5.82825
0
3DFACE
8
A1
10
0.14614
20
0.21696
30
-5.85812
11
0.27518
21
0.27631
31
-5.85335
12
0.32055
22
0.13598
32
-5.81989
13
0.19149
23
0.07698
33
-5.82423
0
3DFACE
8
A1
10
0.27518
20
0.27631
30
-5.85335
11
0.40423
21
0.33565
31
-5.84859
12
0.44962
22
0.19498
32
-5.81555
13
0.32055
23
0.13598
33
-5.81989
0
3DFACE
8
A1
10
0.40423
20
0.33565
30
-5.84859
11
0.53326
21
0.39516
31
-5.84360
12
0.57867
22
0.25415
32
-5.81100
13
0.44962
23
0.19498
33
-5.81555
0
3DFACE
8
A1
10
0.53326
20
0.39516
30
-5.84360
11
0.66229
21
0.45468
31
-5.83862
12
0.70772
22
0.31340
32
-5.80634
13
0.57867
23
0.25415
33
-5.81100
0
3DFACE
8
A1
10
0.66229
20
0.45468
30
-5.83862
11
0.79133
21
0.51411
31
-5.83375
12
0.83675
22
0.37283
32
-5.80146
13
0.70772
23
0.31340
33
-5.80634
0
3DFACE
8
A1
10
0.79133
20
0.51411
30
-5.83375
11
0.92038
21
0.57345
31
-5.82898
12
0.96581
22
0.43192
32
-5.79701
13
0.83675
23
0.37283
33
-5.80146
0
3DFACE
8
A1
10
0.92038
20
0.57345
30
-5.82898
11
1.04947
21
0.63184
31
-5.82539
12
1.09491
22
0.49023
32
-5.79353
13
0.96581
23
0.43192
33
-5.79701
0
3DFACE
8
A1
10
1.04947
20
0.63184
30
-5.82539
11
1.17860
21
0.68955
31
-5.82265
12
1.22403
22
0.54811
32
-5.79058
13
1.09491
23
0.49023
33
-5.79353
0
3DFACE
8
A1
10
1.17860
20
0.68955
30
-5.82265
11
1.30775
21
0.74683
31
-5.82045
12
1.35318
22
0.60547
32
-5.78827
13
1.22403
23
0.54811
33
-5.79058
0
3DFACE
8
A1
10
1.30775
20
0.74683
30
-5.82045
11
1.43692
21
0.80385
31
-5.81857
12
1.48235
22
0.66258
32
-5.78629
13
1.35318
23
0.60547
33
-5.78827
0
3DFACE
8
A1
10
1.43692
20
0.80385
30
-5.81857
11
1.56606
21
0.86139
31
-5.81605
12
1.61143
22
0.72106
32
-5.78259
13
1.48235
23
0.66258
33
-5.78629
0
3DFACE
8
A1
10
1.56606
20
0.86139
30
-5.81605
11
1.69513
21
0.92022
31
-5.81192
12
1.74049
22
0.78014
32
-5.77814
13
1.61143
23
0.72106
33
-5.78259
0
3DFACE
8
A1
10
1.69513
20
0.92022
30
-5.81192
11
1.82409
21
0.98111
31
-5.80523
12
1.86947
22
0.84069
32
-5.77188
13
1.74049
23
0.78014
33
-5.77814
0
3DFACE
8
A1
10
1.82409
20
0.98111
30
-5.80523
11
1.95296
21
1.04371
31
-5.79640
12
1.99833
22
0.90339
32
-5.76293
13
1.86947
23
0.84069
33
-5.77188
0
3DFACE
8
A1
10
1.95296
20
1.04371
30
-5.79640
11
2.08176
21
1.10770
31
-5.78585
12
2.12713
22
0.96737
32
-5.75239
13
1.99833
23
0.90339
33
-5.76293
0
3DFACE
8
A1
10
2.08176
20
1.10770
30
-5.78585
11
2.21053
21
1.17212
31
-5.77477
12
2.25594
22
1.03101
32
-5.74227
13
2.12713
23
0.96737
33
-5.75239
0
3DFACE
8
A1
10
2.21053
20
1.17212
30
-5.77477
11
2.33931
21
1.23636
31
-5.76390
12
2.38469
22
1.09586
32
-5.73066
13
2.25594
23
1.03101
33
-5.74227
0
3DFACE
8
A1
10
2.33931
20
1.23636
30
-5.76390
11
2.46815
21
1.29948
31
-5.75443
12
2.51345
22
1.16045
32
-5.71936
13
2.38469
23
1.09586
33
-5.73066
0
3DFACE
8
A1
10
2.46815
20
1.29948
30
-5.75443
11
2.59706
21
1.36132
31
-5.74656
12
2.64227
22
1.22392
32
-5.70946
13
2.51345
23
1.16045
33
-5.71936
0
3DFACE
8
A1
10
2.59706
20
1.36132
30
-5.74656
11
2.72600
21
1.42247
31
-5.73954
12
2.77111
22
1.28704
32
-5.69998
13
2.64227
23
1.22392
33
-5.70946
0
3DFACE
8
A1
10
2.72600
20
1.42247
30
-5.73954
11
2.85505
21
1.48173
31
-5.73488
12
2.89998
22
1.34974
32
-5.69104
13
2.77111
23
1.28704
33
-5.69998
0
3DFACE
8
A1
10
2.85505
20
1.48173
30
-5.73488
11
2.98416
21
1.53986
31
-5.73161
12
3.02902
22
1.40908
32
-5.68627
13
2.89998
23
1.34974
33
-5.69104
0
3DFACE
8
A1
10
2.98416
20
1.53986
30
-5.73161
11
3.11330
21
1.59731
31
-5.72920
12
3.15813
22
1.46713
32
-5.68311
13
3.02902
23
1.40908
33
-5.68627
0
3DFACE
8
A1
10
3.11330
20
1.59731
30
-5.72920
11
3.24230
21
1.65760
31
-5.72325
12
3.28712
22
1.52742
32
-5.67716
13
3.15813
23
1.46713
33
-5.68311
0
3DFACE
8
A1
10
3.24230
20
1.65760
30
-5.72325
11
3.37131
21
1.71746
31
-5.71784
12
3.41615
22
1.58711
32
-5.67197
13
3.28712
23
1.52742
33
-5.67716
0
3DFACE
8
A1
10
3.37131
20
1.71746
30
-5.71784
11
3.50025
21
1.77869
31
-5.71072
12
3.54517
22
1.64688
32
-5.66667
13
3.41615
23
1.58711
33
-5.67197
0
3DFACE
8
A1
10
3.50025
20
1.77869
30
-5.71072
11
3.62913
21
1.84113
31
-5.70210
12
3.67405
22
1.70923
32
-5.65815
13
3.54517
23
1.64688
33
-5.66667
0
3DFACE
8
A1
10
3.62913
20
1.84113
30
-5.70210
11
3.75797
21
1.90434
31
-5.69252
12
3.80289
22
1.77244
32
-5.64857
13
3.67405
23
1.70923
33
-5.65815
0
3DFACE
8
A1
10
3.75797
20
1.90434
30
-5.69252
11
3.88692
21
1.96541
31
-5.68561
12
3.93187
22
1.83290
32
-5.64241
13
3.80289
23
1.77244
33
-5.64857
0
3DFACE
8
A1
10
3.88692
20
1.96541
30
-5.68561
11
4.01586
21
2.02673
31
-5.67838
12
4.06085
22
1.89345
32
-5.63615
13
3.93187
23
1.83290
33
-5.64241
0
3DFACE
8
A1
10
4.01586
20
2.02673
30
-5.67838
11
4.14477
21
2.08848
31
-5.67062
12
4.18983
22
1.95391
32
-5.62999
13
4.06085
23
1.89345
33
-5.63615
0
3DFACE
8
A1
10
4.14477
20
2.08848
30
-5.67062
11
4.27403
21
2.14378
31
-5.67088
12
4.31914
22
2.00835
32
-5.63132
13
4.18983
23
1.95391
33
-5.62999
0
3DFACE
8
A1
10
4.27403
20
2.14378
30
-5.67088
11
4.40321
21
2.20054
31
-5.66932
12
4.44839
22
2.06391
32
-5.63126
13
4.31914
23
2.00835
33
-5.63132
0
3DFACE
8
A1
10
4.40321
20
2.20054
30
-5.66932
11
4.53243
21
2.25670
31
-5.66851
12
4.57763
22
2.11955
32
-5.63109
13
4.44839
23
2.06391
33
-5.63126
0
3DFACE
8
A1
10
4.53243
20
2.25670
30
-5.66851
11
4.66166
21
2.31243
31
-5.66824
12
4.70689
22
2.17485
32
-5.63135
13
4.57763
23
2.11955
33
-5.63109
0
3DFACE
8
A1
10
4.66166
20
2.31243
30
-5.66824
11
4.79093
21
2.36756
31
-5.66871
12
4.83615
22
2.23007
32
-5.63172
13
4.70689
23
2.17485
33
-5.63135
0
3DFACE
8
A1
10
4.79093
20
2.36756
30
-5.66871
11
4.92012
21
2.42424
31
-5.66726
12
4.96535
22
2.28649
32
-5.63059
13
4.83615
23
2.23007
33
-5.63172
0
3DFACE
8
A1
10
4.92012
20
2.42424
30
-5.66726
11
5.04965
21
2.47446
31
-5.67383
12
5.09488
22
2.33672
32
-5.63716
13
4.96535
23
2.28649
33
-5.63059
0
3DFACE
8
A1
10
-2.00360
20
-0.90656
30
-5.87383
11
-1.87407
21
-0.85625
31
-5.88030
12
-1.82884
22
-0.99408
32
-5.84373
13
-1.95837
23
-1.04431
33
-5.83716
0
3DFACE
8
A1
10
-1.87407
20
-0.85625
30
-5.88030
11
-1.74479
21
-0.80138
31
-5.88109
12
-1.69955
22
-0.93921
32
-5.84453
13
-1.82884
23
-0.99408
33
-5.84373
0
3DFACE
8
A1
10
-1.74479
20
-0.80138
30
-5.88109
11
-1.61585
21
-0.74006
31
-5.87387
12
-1.57063
22
-0.87763
32
-5.83698
13
-1.69955
23
-0.93921
33
-5.84453
0
3DFACE
8
A1
10
-1.61585
20
-0.74006
30
-5.87387
11
-1.48687
21
-0.67960
31
-5.86771
12
-1.44169
22
-0.81640
32
-5.82986
13
-1.57063
23
-0.87763
33
-5.83698
0
3DFACE
8
A1
10
-1.48687
20
-0.67960
30
-5.86771
11
-1.35784
21
-0.61991
31
-5.86251
12
-1.31270
22
-0.75594
32
-5.82370
13
-1.44169
23
-0.81640
33
-5.82986
0
3DFACE
8
A1
10
-1.35784
20
-0.61991
30
-5.86251
11
-1.22877
21
-0.56108
31
-5.85838
12
-1.18368
22
-0.69625
32
-5.81850
13
-1.31270
23
-0.75594
33
-5.82370
0
3DFACE
8
A1
10
-1.22877
20
-0.56108
30
-5.85838
11
-1.09968
21
-0.50260
31
-5.85469
12
-1.05462
22
-0.63725
32
-5.81416
13
-1.18368
23
-0.69625
33
-5.81850
0
3DFACE
8
A1
10
-1.09968
20
-0.50260
30
-5.85469
11
-0.97047
21
-0.44644
31
-5.85388
12
-0.92542
22
-0.58075
32
-5.81293
13
-1.05462
23
-0.63725
33
-5.81416
0
3DFACE
8
A1
10
-0.97047
20
-0.44644
30
-5.85388
11
-0.84130
21
-0.38950
31
-5.85210
12
-0.79622
22
-0.52442
32
-5.81190
13
-0.92542
23
-0.58075
33
-5.81293
0
3DFACE
8
A1
10
-0.84130
20
-0.38950
30
-5.85210
11
-0.71215
21
-0.33214
31
-5.84980
12
-0.66704
22
-0.46757
32
-5.81024
13
-0.79622
23
-0.52442
33
-5.81190
0
3DFACE
8
A1
10
-0.71215
20
-0.33214
30
-5.84980
11
-0.58304
21
-0.27409
31
-5.84663
12
-0.53789
22
-0.41029
32
-5.80804
13
-0.66704
23
-0.46757
33
-5.81024
0
3DFACE
8
A1
10
-0.58304
20
-0.27409
30
-5.84663
11
-0.45393
21
-0.21595
31
-5.84336
12
-0.40876
22
-0.35249
32
-5.80519
13
-0.53789
23
-0.41029
33
-5.80804
0
3DFACE
8
A1
10
-0.45393
20
-0.21595
30
-5.84336
11
-0.32483
21
-0.15755
31
-5.83977
12
-0.27963
22
-0.29470
32
-5.80235
13
-0.40876
23
-0.35249
33
-5.80519
0
3DFACE
8
A1
10
-0.32483
20
-0.15755
30
-5.83977
11
-0.19574
21
-0.09907
31
-5.83607
12
-0.15052
22
-0.23656
32
-5.79908
13
-0.27963
23
-0.29470
33
-5.80235
0
3DFACE
8
A1
10
-0.19574
20
-0.09907
30
-5.83607
11
-0.06666
21
-0.04050
31
-5.83227
12
-0.02142
22
-0.17834
32
-5.79570
13
-0.15052
23
-0.23656
33
-5.79908
0
3DFACE
8
A1
10
-0.06666
20
-0.04050
30
-5.83227
11
0.06242
21
0.01824
31
-5.82825
12
0.10768
22
-0.12003
32
-5.79222
13
-0.02142
23
-0.17834
33
-5.79570
0
3DFACE
8
A1
10
0.06242
20
0.01824
30
-5.82825
11
0.19149
21
0.07698
31
-5.82423
12
0.23677
22
-0.06163
32
-5.78863
13
0.10768
23
-0.12003
33
-5.79222
0
3DFACE
8
A1
10
0.19149
20
0.07698
30
-5.82423
11
0.32055
21
0.13598
31
-5.81989
12
0.36586
22
-0.00306
32
-5.78482
13
0.23677
23
-0.06163
33
-5.78863
0
3DFACE
8
A1
10
0.32055
20
0.13598
30
-5.81989
11
0.44962
21
0.19498
31
-5.81555
12
0.49494
22
0.05551
32
-5.78102
13
0.36586
23
-0.00306
33
-5.78482
0
3DFACE
8
A1
10
0.44962
20
0.19498
30
-5.81555
11
0.57867
21
0.25415
31
-5.81100
12
0.62401
22
0.11433
32
-5.77689
13
0.49494
23
0.05551
33
-5.78102
0
3DFACE
8
A1
10
0.57867
20
0.25415
30
-5.81100
11
0.70772
21
0.31340
31
-5.80634
12
0.75308
22
0.17325
32
-5.77266
13
0.62401
23
0.11433
33
-5.77689
0
3DFACE
8
A1
10
0.70772
20
0.31340
30
-5.80634
11
0.83675
21
0.37283
31
-5.80146
12
0.88214
22
0.23224
32
-5.76832
13
0.75308
23
0.17325
33
-5.77266
0
3DFACE
8
A1
10
0.83675
20
0.37283
30
-5.80146
11
0.96581
21
0.43192
31
-5.79701
12
1.01123
22
0.29081
32
-5.76451
13
0.88214
23
0.23224
33
-5.76832
0
3DFACE
8
A1
10
0.96581
20
0.43192
30
-5.79701
11
1.09491
21
0.49023
31
-5.79353
12
1.14033
22
0.34904
32
-5.76114
13
1.01123
23
0.29081
33
-5.76451
0
3DFACE
8
A1
10
1.09491
20
0.49023
30
-5.79353
11
1.22403
21
0.54811
31
-5.79058
12
1.26947
22
0.40657
32
-5.75862
13
1.14033
23
0.34904
33
-5.76114
0
3DFACE
8
A1
10
1.22403
20
0.54811
30
-5.79058
11
1.35318
21
0.60547
31
-5.78827
12
1.39865
22
0.46342
32
-5.75695
13
1.26947
23
0.40657
33
-5.75862
0
3DFACE
8
A1
10
1.35318
20
0.60547
30
-5.78827
11
1.48235
21
0.66258
31
-5.78629
12
1.52783
22
0.52010
32
-5.75550
13
1.39865
23
0.46342
33
-5.75695
0
3DFACE
8
A1
10
1.48235
20
0.66258
30
-5.78629
11
1.61143
21
0.72106
31
-5.78259
12
1.65694
22
0.57815
32
-5.75234
13
1.52783
23
0.52010
33
-5.75550
0
3DFACE
8
A1
10
1.61143
20
0.72106
30
-5.78259
11
1.74049
21
0.78014
31
-5.77814
12
1.78605
22
0.63638
32
-5.74896
13
1.65694
23
0.57815
33
-5.75234
0
3DFACE
8
A1
10
1.74049
20
0.78014
30
-5.77814
11
1.86947
21
0.84069
31
-5.77188
12
1.91505
22
0.69649
32
-5.74323
13
1.78605
23
0.63638
33
-5.74896
0
3DFACE
8
A1
10
1.86947
20
0.84069
30
-5.77188
11
1.99833
21
0.90339
31
-5.76293
12
2.04395
22
0.75859
32
-5.73504
13
1.91505
23
0.69649
33
-5.74323
0
3DFACE
8
A1
10
1.99833
20
0.90339
30
-5.76293
11
2.12713
21
0.96737
31
-5.75239
12
2.17276
22
0.82214
32
-5.72502
13
2.04395
23
0.75859
33
-5.73504
0
3DFACE
8
A1
10
2.12713
20
0.96737
30
-5.75239
11
2.25594
21
1.03101
31
-5.74227
12
2.30161
22
0.88518
32
-5.71566
13
2.17276
23
0.82214
33
-5.72502
0
3DFACE
8
A1
10
2.25594
20
1.03101
30
-5.74227
11
2.38469
21
1.09586
31
-5.73066
12
2.43036
22
0.95003
32
-5.70404
13
2.30161
23
0.88518
33
-5.71566
0
3DFACE
8
A1
10
2.38469
20
1.09586
30
-5.73066
11
2.51345
21
1.16045
31
-5.71936
12
2.55909
22
1.01513
32
-5.69210
13
2.43036
23
0.95003
33
-5.70404
0
3DFACE
8
A1
10
2.51345
20
1.16045
30
-5.71936
11
2.64227
21
1.22392
31
-5.70946
12
2.68784
22
1.07998
32
-5.68049
13
2.55909
23
1.01513
33
-5.69210
0
3DFACE
8
A1
10
2.64227
20
1.22392
30
-5.70946
11
2.77111
21
1.28704
31
-5.69998
12
2.81658
22
1.14499
32
-5.66866
13
2.68784
23
1.07998
33
-5.68049
0
3DFACE
8
A1
10
2.77111
20
1.28704
30
-5.69998
11
2.89998
21
1.34974
31
-5.69104
12
2.94530
22
1.21027
32
-5.65651
13
2.81658
23
1.14499
33
-5.66866
0
3DFACE
8
A1
10
2.89998
20
1.34974
30
-5.69104
11
3.02902
21
1.40908
31
-5.68627
12
3.07420
22
1.27236
32
-5.64832
13
2.94530
23
1.21027
33
-5.65651
0
3DFACE
8
A1
10
3.02902
20
1.40908
30
-5.68627
11
3.15813
21
1.46713
31
-5.68311
12
3.20333
22
1.32999
32
-5.64569
13
3.07420
23
1.27236
33
-5.64832
0
3DFACE
8
A1
10
3.15813
20
1.46713
30
-5.68311
11
3.28712
21
1.52742
31
-5.67716
12
3.33230
22
1.39070
32
-5.63921
13
3.20333
23
1.32999
33
-5.64569
0
3DFACE
8
A1
10
3.28712
20
1.52742
30
-5.67716
11
3.41615
21
1.58711
31
-5.67197
12
3.46128
22
1.45134
32
-5.63284
13
3.33230
23
1.39070
33
-5.63921
0
3DFACE
8
A1
10
3.41615
20
1.58711
30
-5.67197
11
3.54517
21
1.64688
31
-5.66667
12
3.59028
22
1.51145
32
-5.62710
13
3.46128
23
1.45134
33
-5.63284
0
3DFACE
8
A1
10
3.54517
20
1.64688
30
-5.66667
11
3.67405
21
1.70923
31
-5.65815
12
3.71918
22
1.57346
32
-5.61902
13
3.59028
23
1.51145
33
-5.62710
0
3DFACE
8
A1
10
3.67405
20
1.70923
30
-5.65815
11
3.80289
21
1.77244
31
-5.64857
12
3.84794
22
1.63813
32
-5.60762
13
3.71918
23
1.57346
33
-5.61902
0
3DFACE
8
A1
10
3.80289
20
1.77244
30
-5.64857
11
3.93187
21
1.83290
31
-5.64241
12
3.97693
22
1.69842
32
-5.60167
13
3.84794
23
1.63813
33
-5.60762
0
3DFACE
8
A1
10
3.93187
20
1.83290
30
-5.64241
11
4.06085
21
1.89345
31
-5.63615
12
4.10600
22
1.75716
32
-5.59765
13
3.97693
23
1.69842
33
-5.60167
0
3DFACE
8
A1
10
4.06085
20
1.89345
30
-5.63615
11
4.18983
21
1.95391
31
-5.62999
12
4.23508
22
1.81590
32
-5.59364
13
4.10600
23
1.75716
33
-5.59765
0
3DFACE
8
A1
10
4.18983
20
1.95391
30
-5.62999
11
4.31914
21
2.00835
31
-5.63132
12
4.36443
22
1.86957
32
-5.59593
13
4.23508
23
1.81590
33
-5.59364
0
3DFACE
8
A1
10
4.31914
20
2.00835
30
-5.63132
11
4.44839
21
2.06391
31
-5.63126
12
4.49377
22
1.92341
32
-5.59801
13
4.36443
23
1.86957
33
-5.59593
0
3DFACE
8
A1
10
4.44839
20
2.06391
30
-5.63126
11
4.57763
21
2.11955
31
-5.63109
12
4.62300
22
1.97923
32
-5.59763
13
4.49377
23
1.92341
33
-5.59801
0
3DFACE
8
A1
10
4.57763
20
2.11955
30
-5.63109
11
4.70689
21
2.17485
31
-5.63135
12
4.75222
22
2.03521
32
-5.59703
13
4.62300
23
1.97923
33
-5.59763
0
3DFACE
8
A1
10
4.70689
20
2.17485
30
-5.63135
11
4.83615
21
2.23007
31
-5.63172
12
4.88145
22
2.09103
32
-5.59665
13
4.75222
23
2.03521
33
-5.59703
0
3DFACE
8
A1
10
4.83615
20
2.23007
30
-5.63172
11
4.96535
21
2.28649
31
-5.63059
12
5.01067
22
2.14719
32
-5.59584
13
4.88145
23
2.09103
33
-5.59665
0
3DFACE
8
A1
10
4.96535
20
2.28649
30
-5.63059
11
5.09488
21
2.33672
31
-5.63716
12
5.14012
22
2.19897
32
-5.60049
13
5.01067
23
2.14719
33
-5.59584
0
3DFACE
8
A1
10
-1.95837
20
-1.04431
30
-5.83716
11
-1.82884
21
-0.99408
31
-5.84373
12
-1.78360
22
-1.13183
32
-5.80706
13
-1.91313
23
-1.18206
33
-5.80049
0
3DFACE
8
A1
10
-1.82884
20
-0.99408
30
-5.84373
11
-1.69955
21
-0.93921
31
-5.84453
12
-1.65432
22
-1.07696
32
-5.80786
13
-1.78360
23
-1.13183
33
-5.80706
0
3DFACE
8
A1
10
-1.69955
20
-0.93921
30
-5.84453
11
-1.57063
21
-0.87763
31
-5.83698
12
-1.52539
22
-1.01547
32
-5.80041
13
-1.65432
23
-1.07696
33
-5.80786
0
3DFACE
8
A1
10
-1.57063
20
-0.87763
30
-5.83698
11
-1.44169
21
-0.81640
31
-5.82986
12
-1.39648
22
-0.95363
32
-5.79254
13
-1.52539
23
-1.01547
33
-5.80041
0
3DFACE
8
A1
10
-1.44169
20
-0.81640
30
-5.82986
11
-1.31270
21
-0.75594
31
-5.82370
12
-1.26753
22
-0.89248
32
-5.78553
13
-1.39648
23
-0.95363
33
-5.79254
0
3DFACE
8
A1
10
-1.31270
20
-0.75594
30
-5.82370
11
-1.18368
21
-0.69625
31
-5.81850
12
-1.13855
22
-0.83202
32
-5.77937
13
-1.26753
23
-0.89248
33
-5.78553
0
3DFACE
8
A1
10
-1.18368
20
-0.69625
30
-5.81850
11
-1.05462
21
-0.63725
31
-5.81416
12
-1.00953
22
-0.77225
32
-5.77407
13
-1.13855
23
-0.83202
33
-5.77937
0
3DFACE
8
A1
10
-1.05462
20
-0.63725
30
-5.81416
11
-0.92542
21
-0.58075
31
-5.81293
12
-0.88037
22
-0.71514
32
-5.77208
13
-1.00953
23
-0.77225
33
-5.77407
0
3DFACE
8
A1
10
-0.92542
20
-0.58075
30
-5.81293
11
-0.79622
21
-0.52442
31
-5.81190
12
-0.75117
22
-0.65864
32
-5.77084
13
-0.88037
23
-0.71514
33
-5.77208
0
3DFACE
8
A1
10
-0.79622
20
-0.52442
30
-5.81190
11
-0.66704
21
-0.46757
31
-5.81024
12
-0.62198
22
-0.60205
32
-5.76950
13
-0.75117
23
-0.65864
33
-5.77084
0
3DFACE
8
A1
10
-0.66704
20
-0.46757
30
-5.81024
11
-0.53789
21
-0.41029
31
-5.80804
12
-0.49281
22
-0.54511
32
-5.76773
13
-0.62198
23
-0.60205
33
-5.76950
0
3DFACE
8
A1
10
-0.53789
20
-0.41029
30
-5.80804
11
-0.40876
21
-0.35249
31
-5.80519
12
-0.36365
22
-0.48783
32
-5.76553
13
-0.49281
23
-0.54511
33
-5.76773
0
3DFACE
8
A1
10
-0.40876
20
-0.35249
30
-5.80519
11
-0.27963
21
-0.29470
31
-5.80235
12
-0.23451
22
-0.43030
32
-5.76300
13
-0.36365
23
-0.48783
33
-5.76553
0
3DFACE
8
A1
10
-0.27963
20
-0.29470
30
-5.80235
11
-0.15052
21
-0.23656
31
-5.79908
12
-0.10537
22
-0.37276
32
-5.76048
13
-0.23451
23
-0.43030
33
-5.76300
0
3DFACE
8
A1
10
-0.15052
20
-0.23656
30
-5.79908
11
-0.02142
21
-0.17834
31
-5.79570
12
0.02375
22
-0.31497
32
-5.75764
13
-0.10537
23
-0.37276
33
-5.76048
0
3DFACE
8
A1
10
-0.02142
20
-0.17834
30
-5.79570
11
0.10768
21
-0.12003
31
-5.79222
12
0.15287
22
-0.25700
32
-5.75458
13
0.02375
23
-0.31497
33
-5.75764
0
3DFACE
8
A1
10
0.10768
20
-0.12003
30
-5.79222
11
0.23677
21
-0.06163
31
-5.78863
12
0.28198
22
-0.19895
32
-5.75142
13
0.15287
23
-0.25700
33
-5.75458
0
3DFACE
8
A1
10
0.23677
20
-0.06163
30
-5.78863
11
0.36586
21
-0.00306
31
-5.78482
12
0.41109
22
-0.14081
32
-5.74815
13
0.28198
23
-0.19895
33
-5.75142
0
3DFACE
8
A1
10
0.36586
20
-0.00306
30
-5.78482
11
0.49494
21
0.05551
31
-5.78102
12
0.54019
22
-0.08259
32
-5.74477
13
0.41109
23
-0.14081
33
-5.74815
0
3DFACE
8
A1
10
0.49494
20
0.05551
30
-5.78102
11
0.62401
21
0.11433
31
-5.77689
12
0.66928
22
-0.02410
32
-5.74108
13
0.54019
23
-0.08259
33
-5.74477
0
3DFACE
8
A1
10
0.62401
20
0.11433
30
-5.77689
11
0.75308
21
0.17325
31
-5.77266
12
0.79838
22
0.03429
32
-5.73748
13
0.66928
23
-0.02410
33
-5.74108
0
3DFACE
8
A1
10
0.75308
20
0.17325
30
-5.77266
11
0.88214
21
0.23224
31
-5.76832
12
0.92746
22
0.09286
32
-5.73368
13
0.79838
23
0.03429
33
-5.73748
0
3DFACE
8
A1
10
0.88214
20
0.23224
30
-5.76832
11
1.01123
21
0.29081
31
-5.76451
12
1.05656
22
0.15117
32
-5.73020
13
0.92746
23
0.09286
33
-5.73368
0
3DFACE
8
A1
10
1.01123
20
0.29081
30
-5.76451
11
1.14033
21
0.34904
31
-5.76114
12
1.18567
22
0.20923
32
-5.72703
13
1.05656
23
0.15117
33
-5.73020
0
3DFACE
8
A1
10
1.14033
20
0.34904
30
-5.76114
11
1.26947
21
0.40657
31
-5.75862
12
1.31481
22
0.26685
32
-5.72440
13
1.18567
23
0.20923
33
-5.72703
0
3DFACE
8
A1
10
1.26947
20
0.40657
30
-5.75862
11
1.39865
21
0.46342
31
-5.75695
12
1.44398
22
0.32387
32
-5.72252
13
1.31481
23
0.26685
33
-5.72440
0
3DFACE
8
A1
10
1.39865
20
0.46342
30
-5.75695
11
1.52783
21
0.52010
31
-5.75550
12
1.57317
22
0.38037
32
-5.72129
13
1.44398
23
0.32387
33
-5.72252
0
3DFACE
8
A1
10
1.52783
20
0.52010
30
-5.75550
11
1.65694
21
0.57815
31
-5.75234
12
1.70231
22
0.43791
32
-5.71877
13
1.57317
23
0.38037
33
-5.72129
0
3DFACE
8
A1
10
1.65694
20
0.57815
30
-5.75234
11
1.78605
21
0.63638
31
-5.74896
12
1.83146
22
0.49527
32
-5.71646
13
1.70231
23
0.43791
33
-5.71877
0
3DFACE
8
A1
10
1.78605
20
0.63638
30
-5.74896
11
1.91505
21
0.69649
31
-5.74323
12
1.96054
22
0.55402
32
-5.71244
13
1.83146
23
0.49527
33
-5.71646
0
3DFACE
8
A1
10
1.91505
20
0.69649
30
-5.74323
11
2.04395
21
0.75859
31
-5.73504
12
2.08950
22
0.61482
32
-5.70585
13
1.96054
23
0.55402
33
-5.71244
0
3DFACE
8
A1
10
2.04395
20
0.75859
30
-5.73504
11
2.17276
21
0.82214
31
-5.72502
12
2.21839
22
0.67700
32
-5.69755
13
2.08950
23
0.61482
33
-5.70585
0
3DFACE
8
A1
10
2.17276
20
0.82214
30
-5.72502
11
2.30161
21
0.88518
31
-5.71566
12
2.34729
22
0.73909
32
-5.68936
13
2.21839
23
0.67700
33
-5.69755
0
3DFACE
8
A1
10
2.30161
20
0.88518
30
-5.71566
11
2.43036
21
0.95003
31
-5.70404
12
2.47606
22
0.80342
32
-5.67839
13
2.34729
23
0.73909
33
-5.68936
0
3DFACE
8
A1
10
2.43036
20
0.95003
30
-5.70404
11
2.55909
21
1.01513
31
-5.69210
12
2.60478
22
0.86878
32
-5.66613
13
2.47606
23
0.80342
33
-5.67839
0
3DFACE
8
A1
10
2.55909
20
1.01513
30
-5.69210
11
2.68784
21
1.07998
31
-5.68049
12
2.73349
22
0.93449
32
-5.65345
13
2.60478
23
0.86878
33
-5.66613
0
3DFACE
8
A1
10
2.68784
20
1.07998
30
-5.68049
11
2.81658
21
1.14499
31
-5.66866
12
2.86213
22
1.00123
32
-5.63948
13
2.73349
23
0.93449
33
-5.65345
0
3DFACE
8
A1
10
2.81658
20
1.14499
30
-5.66866
11
2.94530
21
1.21027
31
-5.65651
12
2.99074
22
1.06874
32
-5.62454
13
2.86213
23
1.00123
33
-5.63948
0
3DFACE
8
A1
10
2.94530
20
1.21027
30
-5.65651
11
3.07420
21
1.27236
31
-5.64832
12
3.11949
22
1.13341
32
-5.61314
13
2.99074
23
1.06874
33
-5.62454
0
3DFACE
8
A1
10
3.07420
20
1.27236
30
-5.64832
11
3.20333
21
1.32999
31
-5.64569
12
3.24863
22
1.19103
32
-5.61051
13
3.11949
23
1.13341
33
-5.61314
0
3DFACE
8
A1
10
3.20333
20
1.32999
30
-5.64569
11
3.33230
21
1.39070
31
-5.63921
12
3.37753
22
1.25304
32
-5.60243
13
3.24863
23
1.19103
33
-5.61051
0
3DFACE
8
A1
10
3.33230
20
1.39070
30
-5.63921
11
3.46128
21
1.45134
31
-5.63284
12
3.50649
22
1.31402
32
-5.59563
13
3.37753
23
1.25304
33
-5.60243
0
3DFACE
8
A1
10
3.46128
20
1.45134
30
-5.63284
11
3.59028
21
1.51145
31
-5.62710
12
3.63549
22
1.37413
32
-5.58990
13
3.50649
23
1.31402
33
-5.59563
0
3DFACE
8
A1
10
3.59028
20
1.51145
30
-5.62710
11
3.71918
21
1.57346
31
-5.61902
12
3.76444
22
1.43519
32
-5.58299
13
3.63549
23
1.37413
33
-5.58990
0
3DFACE
8
A1
10
3.71918
20
1.57346
30
-5.61902
11
3.84794
21
1.63813
31
-5.60762
12
3.89315
22
1.50073
32
-5.57052
13
3.76444
23
1.43519
33
-5.58299
0
3DFACE
8
A1
10
3.84794
20
1.63813
30
-5.60762
11
3.97693
21
1.69842
31
-5.60167
12
4.02221
22
1.55973
32
-5.56618
13
3.89315
23
1.50073
33
-5.57052
0
3DFACE
8
A1
10
3.97693
20
1.69842
30
-5.60167
11
4.10600
21
1.75716
31
-5.59765
12
4.15134
22
1.61752
32
-5.56334
13
4.02221
23
1.55973
33
-5.56618
0
3DFACE
8
A1
10
4.10600
20
1.75716
30
-5.59765
11
4.23508
21
1.81590
31
-5.59364
12
4.28049
22
1.67489
32
-5.56103
13
4.15134
23
1.61752
33
-5.56334
0
3DFACE
8
A1
10
4.23508
20
1.81590
30
-5.59364
11
4.36443
21
1.86957
31
-5.59593
12
4.40976
22
1.73001
32
-5.56150
13
4.28049
23
1.67489
33
-5.56103
0
3DFACE
8
A1
10
4.36443
20
1.86957
30
-5.59593
11
4.49377
21
1.92341
31
-5.59801
12
4.53911
22
1.78368
32
-5.56380
13
4.40976
23
1.73001
33
-5.56150
0
3DFACE
8
A1
10
4.49377
20
1.92341
30
-5.59801
11
4.62300
21
1.97923
31
-5.59763
12
4.66830
22
1.84019
32
-5.56256
13
4.53911
23
1.78368
33
-5.56380
0
3DFACE
8
A1
10
4.62300
20
1.97923
30
-5.59763
11
4.75222
21
2.03521
31
-5.59703
12
4.79748
22
1.89704
32
-5.56089
13
4.66830
23
1.84019
33
-5.56256
0
3DFACE
8
A1
10
4.75222
20
2.03521
30
-5.59703
11
4.88145
21
2.09103
31
-5.59665
12
4.92665
22
1.95397
32
-5.55912
13
4.79748
23
1.89704
33
-5.56089
0
3DFACE
8
A1
10
4.88145
20
2.09103
30
-5.59665
11
5.01067
21
2.14719
31
-5.59584
12
5.05594
22
2.00876
32
-5.56002
13
4.92665
23
1.95397
33
-5.55912
0
3DFACE
8
A1
10
5.01067
20
2.14719
30
-5.59584
11
5.14012
21
2.19897
31
-5.60049
12
5.18535
22
2.06122
32
-5.56381
13
5.05594
23
2.00876
33
-5.56002
0
3DFACE
8
A1
10
-1.91313
20
-1.18206
30
-5.80049
11
-1.78360
21
-1.13183
31
-5.80706
12
-1.73837
22
-1.26958
32
-5.77039
13
-1.86790
23
-1.31989
33
-5.76392
0
3DFACE
8
A1
10
-1.78360
20
-1.13183
30
-5.80706
11
-1.65432
21
-1.07696
31
-5.80786
12
-1.60909
22
-1.21471
32
-5.77118
13
-1.73837
23
-1.26958
33
-5.77039
0
3DFACE
8
A1
10
-1.65432
20
-1.07696
30
-5.80786
11
-1.52539
21
-1.01547
31
-5.80041
12
-1.48013
22
-1.15382
32
-5.76449
13
-1.60909
23
-1.21471
33
-5.77118
0
3DFACE
8
A1
10
-1.52539
20
-1.01547
30
-5.80041
11
-1.39648
21
-0.95363
31
-5.79254
12
-1.35121
22
-1.09207
32
-5.75673
13
-1.48013
23
-1.15382
33
-5.76449
0
3DFACE
8
A1
10
-1.39648
20
-0.95363
30
-5.79254
11
-1.26753
21
-0.89248
31
-5.78553
12
-1.22228
22
-1.03066
32
-5.74939
13
-1.35121
23
-1.09207
33
-5.75673
0
3DFACE
8
A1
10
-1.26753
20
-0.89248
30
-5.78553
11
-1.13855
21
-0.83202
31
-5.77937
12
-1.09332
22
-0.96969
32
-5.74259
13
-1.22228
23
-1.03066
33
-5.74939
0
3DFACE
8
A1
10
-1.13855
20
-0.83202
30
-5.77937
11
-1.00953
21
-0.77225
31
-5.77407
12
-0.96434
22
-0.90923
32
-5.73643
13
-1.09332
23
-0.96969
33
-5.74259
0
3DFACE
8
A1
10
-1.00953
20
-0.77225
30
-5.77407
11
-0.88037
21
-0.71514
31
-5.77208
12
-0.83525
22
-0.85066
32
-5.73263
13
-0.96434
23
-0.90923
33
-5.73643
0
3DFACE
8
A1
10
-0.88037
20
-0.71514
30
-5.77208
11
-0.75117
21
-0.65864
31
-5.77084
12
-0.70609
22
-0.79355
32
-5.73064
13
-0.83525
23
-0.85066
33
-5.73263
0
3DFACE
8
A1
10
-0.75117
20
-0.65864
30
-5.77084
11
-0.62198
21
-0.60205
31
-5.76950
12
-0.57693
22
-0.73644
32
-5.72865
13
-0.70609
23
-0.79355
33
-5.73064
0
3DFACE
8
A1
10
-0.62198
20
-0.60205
30
-5.76950
11
-0.49281
21
-0.54511
31
-5.76773
12
-0.44776
22
-0.67951
32
-5.72688
13
-0.57693
23
-0.73644
33
-5.72865
0
3DFACE
8
A1
10
-0.49281
20
-0.54511
30
-5.76773
11
-0.36365
21
-0.48783
31
-5.76553
12
-0.31859
22
-0.62240
32
-5.72489
13
-0.44776
23
-0.67951
33
-5.72688
0
3DFACE
8
A1
10
-0.36365
20
-0.48783
30
-5.76553
11
-0.23451
21
-0.43030
31
-5.76300
12
-0.18944
22
-0.56512
32
-5.72269
13
-0.31859
23
-0.62240
33
-5.72489
0
3DFACE
8
A1
10
-0.23451
20
-0.43030
30
-5.76300
11
-0.10537
21
-0.37276
31
-5.76048
12
-0.06029
22
-0.50767
32
-5.72028
13
-0.18944
23
-0.56512
33
-5.72269
0
3DFACE
8
A1
10
-0.10537
20
-0.37276
30
-5.76048
11
0.02375
21
-0.31497
31
-5.75764
12
0.06886
22
-0.45031
32
-5.71797
13
-0.06029
23
-0.50767
33
-5.72028
0
3DFACE
8
A1
10
0.02375
20
-0.31497
30
-5.75764
11
0.15287
21
-0.25700
31
-5.75458
12
0.19799
22
-0.39269
32
-5.71534
13
0.06886
23
-0.45031
33
-5.71797
0
3DFACE
8
A1
10
0.15287
20
-0.25700
30
-5.75458
11
0.28198
21
-0.19895
31
-5.75142
12
0.32712
22
-0.33498
32
-5.71261
13
0.19799
23
-0.39269
33
-5.71534
0
3DFACE
8
A1
10
0.28198
20
-0.19895
30
-5.75142
11
0.41109
21
-0.14081
31
-5.74815
12
0.45625
22
-0.27718
32
-5.70977
13
0.32712
23
-0.33498
33
-5.71261
0
3DFACE
8
A1
10
0.41109
20
-0.14081
30
-5.74815
11
0.54019
21
-0.08259
31
-5.74477
12
0.58538
22
-0.21939
32
-5.70693
13
0.45625
23
-0.27718
33
-5.70977
0
3DFACE
8
A1
10
0.54019
20
-0.08259
30
-5.74477
11
0.66928
21
-0.02410
31
-5.74108
12
0.71449
22
-0.16134
32
-5.70376
13
0.58538
23
-0.21939
33
-5.70693
0
3DFACE
8
A1
10
0.66928
20
-0.02410
30
-5.74108
11
0.79838
21
0.03429
31
-5.73748
12
0.84360
22
-0.10328
32
-5.70060
13
0.71449
23
-0.16134
33
-5.70376
0
3DFACE
8
A1
10
0.79838
20
0.03429
30
-5.73748
11
0.92746
21
0.09286
31
-5.73368
12
0.97270
22
-0.04506
32
-5.69722
13
0.84360
23
-0.10328
33
-5.70060
0
3DFACE
8
A1
10
0.92746
20
0.09286
30
-5.73368
11
1.05656
21
0.15117
31
-5.73020
12
1.10182
22
0.01291
32
-5.69417
13
0.97270
23
-0.04506
33
-5.69722
0
3DFACE
8
A1
10
1.05656
20
0.15117
30
-5.73020
11
1.18567
21
0.20923
31
-5.72703
12
1.23093
22
0.07096
32
-5.69100
13
1.10182
23
0.01291
33
-5.69417
0
3DFACE
8
A1
10
1.18567
20
0.20923
30
-5.72703
11
1.31481
21
0.26685
31
-5.72440
12
1.36008
22
0.12841
32
-5.68859
13
1.23093
23
0.07096
33
-5.69100
0
3DFACE
8
A1
10
1.31481
20
0.26685
30
-5.72440
11
1.44398
21
0.32387
31
-5.72252
12
1.48924
22
0.18552
32
-5.68660
13
1.36008
23
0.12841
33
-5.68859
0
3DFACE
8
A1
10
1.44398
20
0.32387
30
-5.72252
11
1.57317
21
0.38037
31
-5.72129
12
1.61844
22
0.24194
32
-5.68547
13
1.48924
23
0.18552
33
-5.68660
0
3DFACE
8
A1
10
1.57317
20
0.38037
30
-5.72129
11
1.70231
21
0.43791
31
-5.71877
12
1.74759
22
0.29939
32
-5.68306
13
1.61844
23
0.24194
33
-5.68547
0
3DFACE
8
A1
10
1.70231
20
0.43791
30
-5.71877
11
1.83146
21
0.49527
31
-5.71646
12
1.87678
22
0.35589
32
-5.68182
13
1.74759
23
0.29939
33
-5.68306
0
3DFACE
8
A1
10
1.83146
20
0.49527
30
-5.71646
11
1.96054
21
0.55402
31
-5.71244
12
2.00595
22
0.41291
32
-5.67994
13
1.87678
23
0.35589
33
-5.68182
0
3DFACE
8
A1
10
1.96054
20
0.55402
30
-5.71244
11
2.08950
21
0.61482
31
-5.70585
12
2.13503
22
0.47148
32
-5.67613
13
2.00595
23
0.41291
33
-5.67994
0
3DFACE
8
A1
10
2.08950
20
0.61482
30
-5.70585
11
2.21839
21
0.67700
31
-5.69755
12
2.26405
22
0.53143
32
-5.67062
13
2.13503
23
0.47148
33
-5.67613
0
3DFACE
8
A1
10
2.21839
20
0.67700
30
-5.69755
11
2.34729
21
0.73909
31
-5.68936
12
2.39309
22
0.59077
32
-5.66585
13
2.26405
23
0.53143
33
-5.67062
0
3DFACE
8
A1
10
2.34729
20
0.73909
30
-5.68936
11
2.47606
21
0.80342
31
-5.67839
12
2.52195
22
0.65346
32
-5.65691
13
2.39309
23
0.59077
33
-5.66585
0
3DFACE
8
A1
10
2.47606
20
0.80342
30
-5.67839
11
2.60478
21
0.86878
31
-5.66613
12
2.65066
22
0.71908
32
-5.64433
13
2.52195
23
0.65346
33
-5.65691
0
3DFACE
8
A1
10
2.60478
20
0.86878
30
-5.66613
11
2.73349
21
0.93449
31
-5.65345
12
2.77931
22
0.78582
32
-5.63036
13
2.65066
23
0.71908
33
-5.64433
0
3DFACE
8
A1
10
2.73349
20
0.93449
30
-5.65345
11
2.86213
21
1.00123
31
-5.63948
12
2.90785
22
0.85436
32
-5.61415
13
2.77931
23
0.78582
33
-5.63036
0
3DFACE
8
A1
10
2.86213
20
1.00123
30
-5.63948
11
2.99074
21
1.06874
31
-5.62454
12
3.03632
22
0.92454
32
-5.59590
13
2.90785
23
0.85436
33
-5.61415
0
3DFACE
8
A1
10
2.99074
20
1.06874
30
-5.62454
11
3.11949
21
1.13341
31
-5.61314
12
3.16483
22
0.99368
32
-5.57893
13
3.03632
23
0.92454
33
-5.59590
0
3DFACE
8
A1
10
3.11949
20
1.13341
30
-5.61314
11
3.24863
21
1.19103
31
-5.61051
12
3.29395
22
1.05174
32
-5.57577
13
3.16483
23
0.99368
33
-5.57893
0
3DFACE
8
A1
10
3.24863
20
1.19103
30
-5.61051
11
3.37753
21
1.25304
31
-5.60243
12
3.42279
22
1.11486
32
-5.56629
13
3.29395
23
1.05174
33
-5.57577
0
3DFACE
8
A1
10
3.37753
20
1.25304
30
-5.60243
11
3.50649
21
1.31402
31
-5.59563
12
3.55172
22
1.17618
32
-5.55906
13
3.42279
23
1.11486
33
-5.56629
0
3DFACE
8
A1
10
3.50649
20
1.31402
30
-5.59563
11
3.63549
21
1.37413
31
-5.58990
12
3.68074
22
1.23604
32
-5.55365
13
3.55172
23
1.17618
33
-5.55906
0
3DFACE
8
A1
10
3.63549
20
1.37413
30
-5.58990
11
3.76444
21
1.43519
31
-5.58299
12
3.80983
22
1.29444
32
-5.55006
13
3.68074
23
1.23604
33
-5.55365
0
3DFACE
8
A1
10
3.76444
20
1.43519
30
-5.58299
11
3.89315
21
1.50073
31
-5.57052
12
3.93854
22
1.36014
32
-5.53738
13
3.80983
23
1.29444
33
-5.55006
0
3DFACE
8
A1
10
3.89315
20
1.50073
30
-5.57052
11
4.02221
21
1.55973
31
-5.56618
12
4.06765
22
1.41819
32
-5.53421
13
3.93854
23
1.36014
33
-5.53738
0
3DFACE
8
A1
10
4.02221
20
1.55973
30
-5.56618
11
4.15134
21
1.61752
31
-5.56334
12
4.19683
22
1.47504
32
-5.53255
13
4.06765
23
1.41819
33
-5.53421
0
3DFACE
8
A1
10
4.15134
20
1.61752
30
-5.56334
11
4.28049
21
1.67489
31
-5.56103
12
4.32602
22
1.53163
32
-5.53120
13
4.19683
23
1.47504
33
-5.53255
0
3DFACE
8
A1
10
4.28049
20
1.67489
30
-5.56103
11
4.40976
21
1.73001
31
-5.56150
12
4.45524
22
1.58771
32
-5.53050
13
4.32602
23
1.53163
33
-5.53120
0
3DFACE
8
A1
10
4.40976
20
1.73001
30
-5.56150
11
4.53911
21
1.78368
31
-5.56380
12
4.58456
22
1.64181
32
-5.53226
13
4.45524
23
1.58771
33
-5.53050
0
3DFACE
8
A1
10
4.53911
20
1.78368
30
-5.56380
11
4.66830
21
1.84019
31
-5.56256
12
4.71370
22
1.69943
32
-5.52963
13
4.58456
23
1.64181
33
-5.53226
0
3DFACE
8
A1
10
4.66830
20
1.84019
30
-5.56256
11
4.79748
21
1.89704
31
-5.56089
12
4.84280
22
1.75757
32
-5.52636
13
4.71370
23
1.69943
33
-5.52963
0
3DFACE
8
A1
10
4.79748
20
1.89704
30
-5.56089
11
4.92665
21
1.95397
31
-5.55912
12
4.97191
22
1.81579
32
-5.52298
13
4.84280
23
1.75757
33
-5.52636
0
3DFACE
8
A1
10
4.92665
20
1.95397
30
-5.55912
11
5.05594
21
2.00876
31
-5.56002
12
5.10119
22
1.87058
32
-5.52389
13
4.97191
23
1.81579
33
-5.52298
0
3DFACE
8
A1
10
5.05594
20
2.00876
30
-5.56002
11
5.18535
21
2.06122
31
-5.56381
12
5.23058
22
1.92347
32
-5.52714
13
5.10119
23
1.87058
33
-5.52389
0
3DFACE
8
A1
10
-1.86790
20
-1.31989
30
-5.76392
11
-1.73837
21
-1.26958
31
-5.77039
12
-1.69314
22
-1.40733
32
-5.73372
13
-1.82266
23
-1.45764
33
-5.72725
0
3DFACE
8
A1
10
-1.73837
20
-1.26958
30
-5.77039
11
-1.60909
21
-1.21471
31
-5.77118
12
-1.56385
22
-1.35246
32
-5.73451
13
-1.69314
23
-1.40733
33
-5.73372
0
3DFACE
8
A1
10
-1.60909
20
-1.21471
30
-5.77118
11
-1.48013
21
-1.15382
31
-5.76449
12
-1.43485
22
-1.29234
32
-5.72878
13
-1.56385
23
-1.35246
33
-5.73451
0
3DFACE
8
A1
10
-1.48013
20
-1.15382
30
-5.76449
11
-1.35121
21
-1.09207
31
-5.75673
12
-1.30590
22
-1.23119
32
-5.72177
13
-1.43485
23
-1.29234
33
-5.72878
0
3DFACE
8
A1
10
-1.35121
20
-1.09207
30
-5.75673
11
-1.22228
21
-1.03066
31
-5.74939
12
-1.17698
22
-1.16961
32
-5.71422
13
-1.30590
23
-1.23119
33
-5.72177
0
3DFACE
8
A1
10
-1.22228
20
-1.03066
30
-5.74939
11
-1.09332
21
-0.96969
31
-5.74259
12
-1.04804
22
-1.10838
32
-5.70709
13
-1.17698
23
-1.16961
33
-5.71422
0
3DFACE
8
A1
10
-1.09332
20
-0.96969
30
-5.74259
11
-0.96434
21
-0.90923
31
-5.73643
12
-0.91907
22
-1.04758
32
-5.70051
13
-1.04804
23
-1.10838
33
-5.70709
0
3DFACE
8
A1
10
-0.96434
20
-0.90923
30
-5.73643
11
-0.83525
21
-0.85066
31
-5.73263
12
-0.79006
22
-0.98772
32
-5.69510
13
-0.91907
23
-1.04758
33
-5.70051
0
3DFACE
8
A1
10
-0.83525
20
-0.85066
30
-5.73263
11
-0.70609
21
-0.79355
31
-5.73064
12
-0.66096
22
-0.92941
32
-5.69161
13
-0.79006
23
-0.98772
33
-5.69510
0
3DFACE
8
A1
10
-0.70609
20
-0.79355
30
-5.73064
11
-0.57693
21
-0.73644
31
-5.72865
12
-0.53182
22
-0.87187
32
-5.68909
13
-0.66096
23
-0.92941
33
-5.69161
0
3DFACE
8
A1
10
-0.57693
20
-0.73644
30
-5.72865
11
-0.44776
21
-0.67951
31
-5.72688
12
-0.40268
22
-0.81425
32
-5.68646
13
-0.53182
23
-0.87187
33
-5.68909
0
3DFACE
8
A1
10
-0.44776
20
-0.67951
30
-5.72688
11
-0.31859
21
-0.62240
31
-5.72489
12
-0.27353
22
-0.75697
32
-5.68426
13
-0.40268
23
-0.81425
33
-5.68646
0
3DFACE
8
A1
10
-0.31859
20
-0.62240
30
-5.72489
11
-0.18944
21
-0.56512
31
-5.72269
12
-0.14438
22
-0.69969
32
-5.68206
13
-0.27353
23
-0.75697
33
-5.68426
0
3DFACE
8
A1
10
-0.18944
20
-0.56512
30
-5.72269
11
-0.06029
21
-0.50767
31
-5.72028
12
-0.01523
22
-0.64233
32
-5.67976
13
-0.14438
23
-0.69969
33
-5.68206
0
3DFACE
8
A1
10
-0.06029
20
-0.50767
30
-5.72028
11
0.06886
21
-0.45031
31
-5.71797
12
0.11392
22
-0.58496
32
-5.67745
13
-0.01523
23
-0.64233
33
-5.67976
0
3DFACE
8
A1
10
0.06886
20
-0.45031
30
-5.71797
11
0.19799
21
-0.39269
31
-5.71534
12
0.24307
22
-0.52751
32
-5.67503
13
0.11392
23
-0.58496
33
-5.67745
0
3DFACE
8
A1
10
0.19799
20
-0.39269
30
-5.71534
11
0.32712
21
-0.33498
31
-5.71261
12
0.37221
22
-0.47006
32
-5.67262
13
0.24307
23
-0.52751
33
-5.67503
0
3DFACE
8
A1
10
0.32712
20
-0.33498
30
-5.71261
11
0.45625
21
-0.27718
31
-5.70977
12
0.50135
22
-0.41244
32
-5.66999
13
0.37221
23
-0.47006
33
-5.67262
0
3DFACE
8
A1
10
0.45625
20
-0.27718
30
-5.70977
11
0.58538
21
-0.21939
31
-5.70693
12
0.63049
22
-0.35490
32
-5.66747
13
0.50135
23
-0.41244
33
-5.66999
0
3DFACE
8
A1
10
0.58538
20
-0.21939
30
-5.70693
11
0.71449
21
-0.16134
31
-5.70376
12
0.75962
22
-0.29728
32
-5.66484
13
0.63049
23
-0.35490
33
-5.66747
0
3DFACE
8
A1
10
0.71449
20
-0.16134
30
-5.70376
11
0.84360
21
-0.10328
31
-5.70060
12
0.88875
22
-0.23957
32
-5.66211
13
0.75962
23
-0.29728
33
-5.66484
0
3DFACE
8
A1
10
0.84360
20
-0.10328
30
-5.70060
11
0.97270
21
-0.04506
31
-5.69722
12
1.01788
22
-0.18169
32
-5.65916
13
0.88875
23
-0.23957
33
-5.66211
0
3DFACE
8
A1
10
0.97270
20
-0.04506
30
-5.69722
11
1.10182
21
0.01291
31
-5.69417
12
1.14701
22
-0.12398
32
-5.65642
13
1.01788
23
-0.18169
33
-5.65916
0
3DFACE
8
A1
10
1.10182
20
0.01291
30
-5.69417
11
1.23093
21
0.07096
31
-5.69100
12
1.27613
22
-0.06619
32
-5.65358
13
1.14701
23
-0.12398
33
-5.65642
0
3DFACE
8
A1
10
1.23093
20
0.07096
30
-5.69100
11
1.36008
21
0.12841
31
-5.68859
12
1.40528
22
-0.00874
32
-5.65117
13
1.27613
23
-0.06619
33
-5.65358
0
3DFACE
8
A1
10
1.36008
20
0.12841
30
-5.68859
11
1.48924
21
0.18552
31
-5.68660
12
1.53445
22
0.04820
32
-5.64939
13
1.40528
23
-0.00874
33
-5.65117
0
3DFACE
8
A1
10
1.48924
20
0.18552
30
-5.68660
11
1.61844
21
0.24194
31
-5.68547
12
1.66365
22
0.10462
32
-5.64826
13
1.53445
23
0.04820
33
-5.64939
0
3DFACE
8
A1
10
1.61844
20
0.24194
30
-5.68547
11
1.74759
21
0.29939
31
-5.68306
12
1.79282
22
0.16164
32
-5.64638
13
1.66365
23
0.10462
33
-5.64826
0
3DFACE
8
A1
10
1.74759
20
0.29939
30
-5.68306
11
1.87678
21
0.35589
31
-5.68182
12
1.92203
22
0.21789
32
-5.64547
13
1.79282
23
0.16164
33
-5.64638
0
3DFACE
8
A1
10
1.87678
20
0.35589
30
-5.68182
11
2.00595
21
0.41291
31
-5.67994
12
2.05124
22
0.27413
32
-5.64455
13
1.92203
23
0.21789
33
-5.64547
0
3DFACE
8
A1
10
2.00595
20
0.41291
30
-5.67994
11
2.13503
21
0.47148
31
-5.67613
12
2.18039
22
0.33150
32
-5.64224
13
2.05124
23
0.27413
33
-5.64455
0
3DFACE
8
A1
10
2.13503
20
0.47148
30
-5.67613
11
2.26405
21
0.53143
31
-5.67062
12
2.30951
22
0.38938
32
-5.63930
13
2.18039
23
0.33150
33
-5.64224
0
3DFACE
8
A1
10
2.26405
20
0.53143
30
-5.67062
11
2.39309
21
0.59077
31
-5.66585
12
2.43863
22
0.44726
32
-5.63635
13
2.30951
23
0.38938
33
-5.63930
0
3DFACE
8
A1
10
2.39309
20
0.59077
30
-5.66585
11
2.52195
21
0.65346
31
-5.65691
12
2.56763
22
0.50746
32
-5.63051
13
2.43863
23
0.44726
33
-5.63635
0
3DFACE
8
A1
10
2.52195
20
0.65346
30
-5.65691
11
2.65066
21
0.71908
31
-5.64433
12
2.69645
22
0.57093
32
-5.62060
13
2.56763
23
0.50746
33
-5.63051
0
3DFACE
8
A1
10
2.65066
20
0.71908
30
-5.64433
11
2.77931
21
0.78582
31
-5.63036
12
2.82512
22
0.63732
32
-5.60706
13
2.69645
23
0.57093
33
-5.62060
0
3DFACE
8
A1
10
2.77931
20
0.78582
30
-5.63036
11
2.90785
21
0.85436
31
-5.61415
12
2.95362
22
0.70673
32
-5.58978
13
2.82512
23
0.63732
33
-5.60706
0
3DFACE
8
A1
10
2.90785
20
0.85436
30
-5.61415
11
3.03632
21
0.92454
31
-5.59590
12
3.08203
22
0.77785
32
-5.57035
13
2.95362
23
0.70673
33
-5.58978
0
3DFACE
8
A1
10
3.03632
20
0.92454
30
-5.59590
11
3.16483
21
0.99368
31
-5.57893
12
3.21046
22
0.84854
32
-5.55146
13
3.08203
23
0.77785
33
-5.57035
0
3DFACE
8
A1
10
3.16483
20
0.99368
30
-5.57893
11
3.29395
21
1.05174
31
-5.57577
12
3.33935
22
0.91081
32
-5.54305
13
3.21046
23
0.84854
33
-5.55146
0
3DFACE
8
A1
10
3.29395
20
1.05174
30
-5.57577
11
3.42279
21
1.11486
31
-5.56629
12
3.46816
22
0.97453
32
-5.53283
13
3.33935
23
0.91081
33
-5.54305
0
3DFACE
8
A1
10
3.42279
20
1.11486
30
-5.56629
11
3.55172
21
1.17618
31
-5.55906
12
3.59709
22
1.03603
32
-5.52539
13
3.46816
23
0.97453
33
-5.53283
0
3DFACE
8
A1
10
3.55172
20
1.17618
30
-5.55906
11
3.68074
21
1.23604
31
-5.55365
12
3.72612
22
1.09563
32
-5.52030
13
3.59709
23
1.03603
33
-5.52539
0
3DFACE
8
A1
10
3.68074
20
1.23604
30
-5.55365
11
3.80983
21
1.29444
31
-5.55006
12
3.85523
22
1.15359
32
-5.51724
13
3.72612
23
1.09563
33
-5.52030
0
3DFACE
8
A1
10
3.80983
20
1.29444
30
-5.55006
11
3.93854
21
1.36014
31
-5.53738
12
3.98409
22
1.21646
32
-5.50809
13
3.85523
23
1.15359
33
-5.51724
0
3DFACE
8
A1
10
3.93854
20
1.36014
30
-5.53738
11
4.06765
21
1.41819
31
-5.53421
12
4.11323
22
1.27400
32
-5.50557
13
3.98409
23
1.21646
33
-5.50809
0
3DFACE
8
A1
10
4.06765
20
1.41819
30
-5.53421
11
4.19683
21
1.47504
31
-5.53255
12
4.24243
22
1.33042
32
-5.50444
13
4.11323
23
1.27400
33
-5.50557
0
3DFACE
8
A1
10
4.19683
20
1.47504
30
-5.53255
11
4.32602
21
1.53163
31
-5.53120
12
4.37161
22
1.38718
32
-5.50288
13
4.24243
23
1.33042
33
-5.50444
0
3DFACE
8
A1
10
4.32602
20
1.53163
30
-5.53120
11
4.45524
21
1.58771
31
-5.53050
12
4.50075
22
1.44463
32
-5.50046
13
4.37161
23
1.38718
33
-5.50288
0
3DFACE
8
A1
10
4.45524
20
1.58771
30
-5.53050
11
4.58456
21
1.64181
31
-5.53226
12
4.63003
22
1.49959
32
-5.50115
13
4.50075
23
1.44463
33
-5.50046
0
3DFACE
8
A1
10
4.58456
20
1.64181
30
-5.53226
11
4.71370
21
1.69943
31
-5.52963
12
4.75909
22
1.55858
32
-5.49681
13
4.63003
23
1.49959
33
-5.50115
0
3DFACE
8
A1
10
4.71370
20
1.69943
30
-5.52963
11
4.84280
21
1.75757
31
-5.52636
12
4.88814
22
1.61793
32
-5.49204
13
4.75909
23
1.55858
33
-5.49681
0
3DFACE
8
A1
10
4.84280
20
1.75757
30
-5.52636
11
4.97191
21
1.81579
31
-5.52298
12
5.01718
22
1.67727
32
-5.48727
13
4.88814
23
1.61793
33
-5.49204
0
3DFACE
8
A1
10
4.97191
20
1.81579
30
-5.52298
11
5.10119
21
1.87058
31
-5.52389
12
5.14646
22
1.73214
32
-5.48807
13
5.01718
23
1.67727
33
-5.48727
0
3DFACE
8
A1
10
5.10119
20
1.87058
30
-5.52389
11
5.23058
21
1.92347
31
-5.52714
12
5.27582
22
1.78572
32
-5.49047
13
5.14646
23
1.73214
33
-5.48807
0
3DFACE
8
A1
10
-1.82266
20
-1.45764
30
-5.72725
11
-1.69314
21
-1.40733
31
-5.73372
12
-1.64790
22
-1.54508
32
-5.69704
13
-1.77743
23
-1.59539
33
-5.69058
0
3DFACE
8
A1
10
-1.69314
20
-1.40733
30
-5.73372
11
-1.56385
21
-1.35246
31
-5.73451
12
-1.51862
22
-1.49021
32
-5.69784
13
-1.64790
23
-1.54508
33
-5.69704
0
3DFACE
8
A1
10
-1.56385
20
-1.35246
30
-5.73451
11
-1.43485
21
-1.29234
31
-5.72878
12
-1.38958
22
-1.43078
32
-5.69297
13
-1.51862
23
-1.49021
33
-5.69784
0
3DFACE
8
A1
10
-1.43485
20
-1.29234
30
-5.72878
11
-1.30590
21
-1.23119
31
-5.72177
12
-1.26060
22
-1.37023
32
-5.68670
13
-1.38958
23
-1.43078
33
-5.69297
0
3DFACE
8
A1
10
-1.30590
20
-1.23119
30
-5.72177
11
-1.17698
21
-1.16961
31
-5.71422
12
-1.13165
22
-1.30925
32
-5.67990
13
-1.26060
23
-1.37023
33
-5.68670
0
3DFACE
8
A1
10
-1.17698
20
-1.16961
30
-5.71422
11
-1.04804
21
-1.10838
31
-5.70709
12
-1.00271
22
-1.24793
32
-5.67267
13
-1.13165
23
-1.30925
33
-5.67990
0
3DFACE
8
A1
10
-1.04804
20
-1.10838
30
-5.70709
11
-0.91907
21
-1.04758
31
-5.70051
12
-0.87374
22
-1.18713
32
-5.66608
13
-1.00271
23
-1.24793
33
-5.67267
0
3DFACE
8
A1
10
-0.91907
20
-1.04758
30
-5.70051
11
-0.79006
21
-0.98772
31
-5.69510
12
-0.74478
22
-1.12633
32
-5.65950
13
-0.87374
23
-1.18713
33
-5.66608
0
3DFACE
8
A1
10
-0.79006
20
-0.98772
30
-5.69510
11
-0.66096
21
-0.92941
31
-5.69161
12
-0.61574
22
-1.06690
32
-5.65462
13
-0.74478
23
-1.12633
33
-5.65950
0
3DFACE
8
A1
10
-0.66096
20
-0.92941
30
-5.69161
11
-0.53182
21
-0.87187
31
-5.68909
12
-0.48666
22
-1.00824
32
-5.65071
13
-0.61574
23
-1.06690
33
-5.65462
0
3DFACE
8
A1
10
-0.53182
20
-0.87187
30
-5.68909
11
-0.40268
21
-0.81425
31
-5.68646
12
-0.35755
22
-0.95019
32
-5.64755
13
-0.48666
23
-1.00824
33
-5.65071
0
3DFACE
8
A1
10
-0.40268
20
-0.81425
30
-5.68646
11
-0.27353
21
-0.75697
31
-5.68426
12
-0.22844
22
-0.89214
32
-5.64438
13
-0.35755
23
-0.95019
33
-5.64755
0
3DFACE
8
A1
10
-0.27353
20
-0.75697
30
-5.68426
11
-0.14438
21
-0.69969
31
-5.68206
12
-0.09930
22
-0.83443
32
-5.64165
13
-0.22844
23
-0.89214
33
-5.64438
0
3DFACE
8
A1
10
-0.14438
20
-0.69969
30
-5.68206
11
-0.01523
21
-0.64233
31
-5.67976
12
0.02984
22
-0.77698
32
-5.63923
13
-0.09930
23
-0.83443
33
-5.64165
0
3DFACE
8
A1
10
-0.01523
20
-0.64233
30
-5.67976
11
0.11392
21
-0.58496
31
-5.67745
12
0.15899
22
-0.71953
32
-5.63682
13
0.02984
23
-0.77698
33
-5.63923
0
3DFACE
8
A1
10
0.11392
20
-0.58496
30
-5.67745
11
0.24307
21
-0.52751
31
-5.67503
12
0.28813
22
-0.66216
32
-5.63451
13
0.15899
23
-0.71953
33
-5.63682
0
3DFACE
8
A1
10
0.24307
20
-0.52751
30
-5.67503
11
0.37221
21
-0.47006
31
-5.67262
12
0.41729
22
-0.60489
32
-5.63231
13
0.28813
23
-0.66216
33
-5.63451
0
3DFACE
8
A1
10
0.37221
20
-0.47006
30
-5.67262
11
0.50135
21
-0.41244
31
-5.66999
12
0.54642
22
-0.54726
32
-5.62968
13
0.41729
23
-0.60489
33
-5.63231
0
3DFACE
8
A1
10
0.50135
20
-0.41244
30
-5.66999
11
0.63049
21
-0.35490
31
-5.66747
12
0.67557
22
-0.48981
32
-5.62727
13
0.54642
23
-0.54726
33
-5.62968
0
3DFACE
8
A1
10
0.63049
20
-0.35490
30
-5.66747
11
0.75962
21
-0.29728
31
-5.66484
12
0.80470
22
-0.43219
32
-5.62464
13
0.67557
23
-0.48981
33
-5.62727
0
3DFACE
8
A1
10
0.75962
20
-0.29728
30
-5.66484
11
0.88875
21
-0.23957
31
-5.66211
12
0.93385
22
-0.37474
32
-5.62223
13
0.80470
23
-0.43219
33
-5.62464
0
3DFACE
8
A1
10
0.88875
20
-0.23957
30
-5.66211
11
1.01788
21
-0.18169
31
-5.65916
12
1.06299
22
-0.31712
32
-5.61960
13
0.93385
23
-0.37474
33
-5.62223
0
3DFACE
8
A1
10
1.01788
20
-0.18169
30
-5.65916
11
1.14701
21
-0.12398
31
-5.65642
12
1.19213
22
-0.25967
32
-5.61718
13
1.06299
23
-0.31712
33
-5.61960
0
3DFACE
8
A1
10
1.14701
20
-0.12398
30
-5.65642
11
1.27613
21
-0.06619
31
-5.65358
12
1.32127
22
-0.20204
32
-5.61455
13
1.19213
23
-0.25967
33
-5.61718
0
3DFACE
8
A1
10
1.27613
20
-0.06619
30
-5.65358
11
1.40528
21
-0.00874
31
-5.65117
12
1.45042
22
-0.14476
32
-5.61235
13
1.32127
23
-0.20204
33
-5.61455
0
3DFACE
8
A1
10
1.40528
20
-0.00874
30
-5.65117
11
1.53445
21
0.04820
31
-5.64939
12
1.57959
22
-0.08783
32
-5.61058
13
1.45042
23
-0.14476
33
-5.61235
0
3DFACE
8
A1
10
1.53445
20
0.04820
30
-5.64939
11
1.66365
21
0.10462
31
-5.64826
12
1.70879
22
-0.03133
32
-5.60934
13
1.57959
23
-0.08783
33
-5.61058
0
3DFACE
8
A1
10
1.66365
20
0.10462
30
-5.64826
11
1.79282
21
0.16164
31
-5.64638
12
1.83799
22
0.02509
32
-5.60821
13
1.70879
23
-0.03133
33
-5.60934
0
3DFACE
8
A1
10
1.79282
20
0.16164
30
-5.64638
11
1.92203
21
0.21789
31
-5.64547
12
1.96721
22
0.08108
32
-5.60762
13
1.83799
23
0.02509
33
-5.60821
0
3DFACE
8
A1
10
1.92203
20
0.21789
30
-5.64547
11
2.05124
21
0.27413
31
-5.64455
12
2.09642
22
0.13742
32
-5.60660
13
1.96721
23
0.08108
33
-5.60762
0
3DFACE
8
A1
10
2.05124
20
0.27413
30
-5.64455
11
2.18039
21
0.33150
31
-5.64224
12
2.22560
22
0.19409
32
-5.60514
13
2.09642
23
0.13742
33
-5.60660
0
3DFACE
8
A1
10
2.18039
20
0.33150
30
-5.64224
11
2.30951
21
0.38938
31
-5.63930
12
2.35477
22
0.25120
32
-5.60316
13
2.22560
23
0.19409
33
-5.60514
0
3DFACE
8
A1
10
2.30951
20
0.38938
30
-5.63930
11
2.43863
21
0.44726
31
-5.63635
12
2.48390
22
0.30882
32
-5.60053
13
2.35477
23
0.25120
33
-5.60316
0
3DFACE
8
A1
10
2.43863
20
0.44726
30
-5.63635
11
2.56763
21
0.50746
31
-5.63051
12
2.61297
22
0.36765
32
-5.59640
13
2.48390
23
0.30882
33
-5.60053
0
3DFACE
8
A1
10
2.56763
20
0.50746
30
-5.63051
11
2.69645
21
0.57093
31
-5.62060
12
2.74191
22
0.42897
32
-5.58917
13
2.61297
23
0.36765
33
-5.59640
0
3DFACE
8
A1
10
2.69645
20
0.57093
30
-5.62060
11
2.82512
21
0.63732
31
-5.60706
12
2.87067
22
0.49364
32
-5.57777
13
2.74191
23
0.42897
33
-5.58917
0
3DFACE
8
A1
10
2.82512
20
0.63732
30
-5.60706
11
2.95362
21
0.70673
31
-5.58978
12
2.99926
22
0.56132
32
-5.56263
13
2.87067
23
0.49364
33
-5.57777
0
3DFACE
8
A1
10
2.95362
20
0.70673
30
-5.58978
11
3.08203
21
0.77785
31
-5.57035
12
3.12774
22
0.63116
32
-5.54481
13
2.99926
23
0.56132
33
-5.56263
0
3DFACE
8
A1
10
3.08203
20
0.77785
30
-5.57035
11
3.21046
21
0.84854
31
-5.55146
12
3.25620
22
0.70133
32
-5.52656
13
3.12774
23
0.63116
33
-5.54481
0
3DFACE
8
A1
10
3.21046
20
0.84854
30
-5.55146
11
3.33935
21
0.91081
31
-5.54305
12
3.38508
22
0.76386
32
-5.51783
13
3.25620
23
0.70133
33
-5.52656
0
3DFACE
8
A1
10
3.33935
20
0.91081
30
-5.54305
11
3.46816
21
0.97453
31
-5.53283
12
3.51389
22
0.82758
32
-5.50761
13
3.38508
23
0.76386
33
-5.51783
0
3DFACE
8
A1
10
3.46816
20
0.97453
30
-5.53283
11
3.59709
21
1.03603
31
-5.52539
12
3.64280
22
0.88933
32
-5.49984
13
3.51389
23
0.82758
33
-5.50761
0
3DFACE
8
A1
10
3.59709
20
1.03603
30
-5.52539
11
3.72612
21
1.09563
31
-5.52030
12
3.77183
22
0.94893
32
-5.49475
13
3.64280
23
0.88933
33
-5.49984
0
3DFACE
8
A1
10
3.72612
20
1.09563
30
-5.52030
11
3.85523
21
1.15359
31
-5.51724
12
3.90095
22
1.00681
32
-5.49180
13
3.77183
23
0.94893
33
-5.49475
0
3DFACE
8
A1
10
3.85523
20
1.15359
30
-5.51724
11
3.98409
21
1.21646
31
-5.50809
12
4.02981
22
1.06960
32
-5.48276
13
3.90095
23
1.00681
33
-5.49180
0
3DFACE
8
A1
10
3.98409
20
1.21646
30
-5.50809
11
4.11323
21
1.27400
31
-5.50557
12
4.15890
22
1.12799
32
-5.47916
13
4.02981
23
1.06960
33
-5.48276
0
3DFACE
8
A1
10
4.11323
20
1.27400
30
-5.50557
11
4.24243
21
1.33042
31
-5.50444
12
4.28807
22
1.18510
32
-5.47718
13
4.15890
23
1.12799
33
-5.47916
0
3DFACE
8
A1
10
4.24243
20
1.33042
30
-5.50444
11
4.37161
21
1.38718
31
-5.50288
12
4.41720
22
1.24272
32
-5.47455
13
4.28807
23
1.18510
33
-5.47718
0
3DFACE
8
A1
10
4.37161
20
1.38718
30
-5.50288
11
4.50075
21
1.44463
31
-5.50046
12
4.54628
22
1.30146
32
-5.47053
13
4.41720
23
1.24272
33
-5.47455
0
3DFACE
8
A1
10
4.50075
20
1.44463
30
-5.50046
11
4.63003
21
1.49959
31
-5.50115
12
4.67552
22
1.35711
32
-5.47036
13
4.54628
23
1.30146
33
-5.47053
0
3DFACE
8
A1
10
4.63003
20
1.49959
30
-5.50115
11
4.75909
21
1.55858
31
-5.49681
12
4.80460
22
1.41585
32
-5.46634
13
4.67552
23
1.35711
33
-5.47036
0
3DFACE
8
A1
10
4.75909
20
1.55858
30
-5.49681
11
4.88814
21
1.61793
31
-5.49204
12
4.93357
22
1.47639
32
-5.46008
13
4.80460
23
1.41585
33
-5.46634
0
3DFACE
8
A1
10
4.88814
20
1.61793
30
-5.49204
11
5.01718
21
1.67727
31
-5.48727
12
5.06256
22
1.53677
32
-5.45403
13
4.93357
23
1.47639
33
-5.46008
0
3DFACE
8
A1
10
5.01718
20
1.67727
30
-5.48727
11
5.14646
21
1.73214
31
-5.48807
12
5.19183
22
1.59198
32
-5.45439
13
5.06256
23
1.53677
33
-5.45403
0
3DFACE
8
A1
10
5.14646
20
1.73214
30
-5.48807
11
5.27582
21
1.78572
31
-5.49047
12
5.32112
22
1.64660
32
-5.45551
13
5.19183
23
1.59198
33
-5.45439
0
3DFACE
8
A1
10
-1.77743
20
-1.59539
30
-5.69058
11
-1.64790
21
-1.54508
31
-5.69704
12
-1.60266
22
-1.68291
32
-5.66048
13
-1.73220
23
-1.73314
33
-5.65391
0
3DFACE
8
A1
10
-1.64790
20
-1.54508
30
-5.69704
11
-1.51862
21
-1.49021
31
-5.69784
12
-1.47338
22
-1.62804
32
-5.66128
13
-1.60266
23
-1.68291
33
-5.66048
0
3DFACE
8
A1
10
-1.51862
20
-1.49021
30
-5.69784
11
-1.38958
21
-1.43078
31
-5.69297
12
-1.34435
22
-1.56853
32
-5.65629
13
-1.47338
23
-1.62804
33
-5.66128
0
3DFACE
8
A1
10
-1.38958
20
-1.43078
30
-5.69297
11
-1.26060
21
-1.37023
31
-5.68670
12
-1.21534
22
-1.50858
32
-5.65078
13
-1.34435
23
-1.56853
33
-5.65629
0
3DFACE
8
A1
10
-1.26060
20
-1.37023
30
-5.68670
11
-1.13165
21
-1.30925
31
-5.67990
12
-1.08635
22
-1.44812
32
-5.64462
13
-1.21534
23
-1.50858
33
-5.65078
0
3DFACE
8
A1
10
-1.13165
20
-1.30925
30
-5.67990
11
-1.00271
21
-1.24793
31
-5.67267
12
-0.95739
22
-1.38732
32
-5.63803
13
-1.08635
23
-1.44812
33
-5.64462
0
3DFACE
8
A1
10
-1.00271
20
-1.24793
30
-5.67267
11
-0.87374
21
-1.18713
31
-5.66608
12
-0.82841
22
-1.32669
32
-5.63166
13
-0.95739
23
-1.38732
33
-5.63803
0
3DFACE
8
A1
10
-0.87374
20
-1.18713
30
-5.66608
11
-0.74478
21
-1.12633
31
-5.65950
12
-0.69944
22
-1.26614
32
-5.62539
13
-0.82841
23
-1.32669
33
-5.63166
0
3DFACE
8
A1
10
-0.74478
20
-1.12633
30
-5.65950
11
-0.61574
21
-1.06690
31
-5.65462
12
-0.57044
22
-1.20594
32
-5.61955
13
-0.69944
23
-1.26614
33
-5.62539
0
3DFACE
8
A1
10
-0.61574
20
-1.06690
30
-5.65462
11
-0.48666
21
-1.00824
31
-5.65071
12
-0.44140
22
-1.14642
32
-5.61457
13
-0.57044
23
-1.20594
33
-5.61955
0
3DFACE
8
A1
10
-0.48666
20
-1.00824
30
-5.65071
11
-0.35755
21
-0.95019
31
-5.64755
12
-0.31234
22
-1.08742
32
-5.61023
13
-0.44140
23
-1.14642
33
-5.61457
0
3DFACE
8
A1
10
-0.35755
20
-0.95019
30
-5.64755
11
-0.22844
21
-0.89214
31
-5.64438
12
-0.18328
22
-1.02851
32
-5.60600
13
-0.31234
23
-1.08742
33
-5.61023
0
3DFACE
8
A1
10
-0.22844
20
-0.89214
30
-5.64438
11
-0.09930
21
-0.83443
31
-5.64165
12
-0.05419
22
-0.96994
32
-5.60219
13
-0.18328
23
-1.02851
33
-5.60600
0
3DFACE
8
A1
10
-0.09930
20
-0.83443
30
-5.64165
11
0.02984
21
-0.77698
31
-5.63923
12
0.07493
22
-0.91198
32
-5.59914
13
-0.05419
23
-0.96994
33
-5.60219
0
3DFACE
8
A1
10
0.02984
20
-0.77698
30
-5.63923
11
0.15899
21
-0.71953
31
-5.63682
12
0.20406
22
-0.85427
32
-5.59640
13
0.07493
23
-0.91198
33
-5.59914
0
3DFACE
8
A1
10
0.15899
20
-0.71953
30
-5.63682
11
0.28813
21
-0.66216
31
-5.63451
12
0.33320
22
-0.79682
32
-5.59399
13
0.20406
23
-0.85427
33
-5.59640
0
3DFACE
8
A1
10
0.28813
20
-0.66216
30
-5.63451
11
0.41729
21
-0.60489
31
-5.63231
12
0.46236
22
-0.73954
32
-5.59179
13
0.33320
23
-0.79682
33
-5.59399
0
3DFACE
8
A1
10
0.41729
20
-0.60489
30
-5.63231
11
0.54642
21
-0.54726
31
-5.62968
12
0.59151
22
-0.68217
32
-5.58948
13
0.46236
23
-0.73954
33
-5.59179
0
3DFACE
8
A1
10
0.54642
20
-0.54726
30
-5.62968
11
0.67557
21
-0.48981
31
-5.62727
12
0.72065
22
-0.62472
32
-5.58707
13
0.59151
23
-0.68217
33
-5.58948
0
3DFACE
8
A1
10
0.67557
20
-0.48981
30
-5.62727
11
0.80470
21
-0.43219
31
-5.62464
12
0.84979
22
-0.56710
32
-5.58444
13
0.72065
23
-0.62472
33
-5.58707
0
3DFACE
8
A1
10
0.80470
20
-0.43219
30
-5.62464
11
0.93385
21
-0.37474
31
-5.62223
12
0.97894
22
-0.50974
32
-5.58213
13
0.84979
23
-0.56710
33
-5.58444
0
3DFACE
8
A1
10
0.93385
20
-0.37474
30
-5.62223
11
1.06299
21
-0.31712
31
-5.61960
12
1.10807
22
-0.45211
32
-5.57950
13
0.97894
23
-0.50974
33
-5.58213
0
3DFACE
8
A1
10
1.06299
20
-0.31712
30
-5.61960
11
1.19213
21
-0.25967
31
-5.61718
12
1.23721
22
-0.39458
32
-5.57698
13
1.10807
23
-0.45211
33
-5.57950
0
3DFACE
8
A1
10
1.19213
20
-0.25967
30
-5.61718
11
1.32127
21
-0.20204
31
-5.61455
12
1.36635
22
-0.33695
32
-5.57435
13
1.23721
23
-0.39458
33
-5.57698
0
3DFACE
8
A1
10
1.32127
20
-0.20204
30
-5.61455
11
1.45042
21
-0.14476
31
-5.61235
12
1.49549
22
-0.27950
32
-5.57194
13
1.36635
23
-0.33695
33
-5.57435
0
3DFACE
8
A1
10
1.45042
20
-0.14476
30
-5.61235
11
1.57959
21
-0.08783
31
-5.61058
12
1.62463
22
-0.22197
32
-5.56942
13
1.49549
23
-0.27950
33
-5.57194
0
3DFACE
8
A1
10
1.57959
20
-0.08783
30
-5.61058
11
1.70879
21
-0.03133
31
-5.60934
12
1.75379
22
-0.16477
32
-5.56732
13
1.62463
23
-0.22197
33
-5.56942
0
3DFACE
8
A1
10
1.70879
20
-0.03133
30
-5.60934
11
1.83799
21
0.02509
31
-5.60821
12
1.88296
22
-0.10775
32
-5.56544
13
1.75379
23
-0.16477
33
-5.56732
0
3DFACE
8
A1
10
1.83799
20
0.02509
30
-5.60821
11
1.96721
21
0.08108
31
-5.60762
12
2.01214
22
-0.05108
32
-5.56399
13
1.88296
23
-0.10775
33
-5.56544
0
3DFACE
8
A1
10
1.96721
20
0.08108
30
-5.60762
11
2.09642
21
0.13742
31
-5.60660
12
2.14134
22
0.00534
32
-5.56286
13
2.01214
23
-0.05108
33
-5.56399
0
3DFACE
8
A1
10
2.09642
20
0.13742
30
-5.60660
11
2.22560
21
0.19409
31
-5.60514
12
2.27054
22
0.06185
32
-5.56162
13
2.14134
23
0.00534
33
-5.56286
0
3DFACE
8
A1
10
2.22560
20
0.19409
30
-5.60514
11
2.35477
21
0.25120
31
-5.60316
12
2.39972
22
0.11861
32
-5.56007
13
2.27054
23
0.06185
33
-5.56162
0
3DFACE
8
A1
10
2.35477
20
0.25120
30
-5.60316
11
2.48390
21
0.30882
31
-5.60053
12
2.52888
22
0.17580
32
-5.55797
13
2.39972
23
0.11861
33
-5.56007
0
3DFACE
8
A1
10
2.48390
20
0.30882
30
-5.60053
11
2.61297
21
0.36765
31
-5.59640
12
2.65800
22
0.23368
32
-5.55502
13
2.52888
23
0.17580
33
-5.55797
0
3DFACE
8
A1
10
2.61297
20
0.36765
30
-5.59640
11
2.74191
21
0.42897
31
-5.58917
12
2.78702
22
0.29354
32
-5.54961
13
2.65800
23
0.23368
33
-5.55502
0
3DFACE
8
A1
10
2.74191
20
0.42897
30
-5.58917
11
2.87067
21
0.49364
31
-5.57777
12
2.91589
22
0.35615
32
-5.54078
13
2.78702
23
0.29354
33
-5.54961
0
3DFACE
8
A1
10
2.87067
20
0.49364
30
-5.57777
11
2.99926
21
0.56132
31
-5.56263
12
3.04461
22
0.42143
32
-5.52863
13
2.91589
23
0.35615
33
-5.54078
0
3DFACE
8
A1
10
2.99926
20
0.56132
30
-5.56263
11
3.12774
21
0.63116
31
-5.54481
12
3.17325
22
0.48833
32
-5.51445
13
3.04461
23
0.42143
33
-5.52863
0
3DFACE
8
A1
10
3.12774
20
0.63116
30
-5.54481
11
3.25620
21
0.70133
31
-5.52656
12
3.30186
22
0.55576
32
-5.49962
13
3.17325
23
0.48833
33
-5.51445
0
3DFACE
8
A1
10
3.25620
20
0.70133
30
-5.52656
11
3.38508
21
0.76386
31
-5.51783
12
3.43069
22
0.61897
32
-5.49004
13
3.30186
23
0.55576
33
-5.49962
0
3DFACE
8
A1
10
3.38508
20
0.76386
30
-5.51783
11
3.51389
21
0.82758
31
-5.50761
12
3.55951
22
0.68261
32
-5.47992
13
3.43069
23
0.61897
33
-5.49004
0
3DFACE
8
A1
10
3.51389
20
0.82758
30
-5.50761
11
3.64280
21
0.88933
31
-5.49984
12
3.68845
22
0.74376
32
-5.47291
13
3.55951
23
0.68261
33
-5.47992
0
3DFACE
8
A1
10
3.64280
20
0.88933
30
-5.49984
11
3.77183
21
0.94893
31
-5.49475
12
3.81749
22
0.80327
32
-5.46792
13
3.68845
23
0.74376
33
-5.47291
0
3DFACE
8
A1
10
3.77183
20
0.94893
30
-5.49475
11
3.90095
21
1.00681
31
-5.49180
12
3.94658
22
0.86167
32
-5.46433
13
3.81749
23
0.80327
33
-5.46792
0
3DFACE
8
A1
10
3.90095
20
1.00681
30
-5.49180
11
4.02981
21
1.06960
31
-5.48276
12
4.07552
22
0.92299
32
-5.45710
13
3.94658
23
0.86167
33
-5.46433
0
3DFACE
8
A1
10
4.02981
20
1.06960
30
-5.48276
11
4.15890
21
1.12799
31
-5.47916
12
4.20459
22
0.98173
32
-5.45308
13
4.07552
23
0.92299
33
-5.45710
0
3DFACE
8
A1
10
4.15890
20
1.12799
30
-5.47916
11
4.28807
21
1.18510
31
-5.47718
12
4.33367
22
1.04039
32
-5.44917
13
4.20459
23
0.98173
33
-5.45308
0
3DFACE
8
A1
10
4.28807
20
1.18510
30
-5.47718
11
4.41720
21
1.24272
31
-5.47455
12
4.46274
22
1.09921
32
-5.44505
13
4.33367
23
1.04039
33
-5.44917
0
3DFACE
8
A1
10
4.41720
20
1.24272
30
-5.47455
11
4.54628
21
1.30146
31
-5.47053
12
4.59174
22
1.15941
32
-5.43921
13
4.46274
23
1.09921
33
-5.44505
0
3DFACE
8
A1
10
4.54628
20
1.30146
30
-5.47053
11
4.67552
21
1.35711
31
-5.47036
12
4.72084
22
1.21781
32
-5.43562
13
4.59174
23
1.15941
33
-5.43921
0
3DFACE
8
A1
10
4.67552
20
1.35711
30
-5.47036
11
4.80460
21
1.41585
31
-5.46634
12
4.84993
22
1.27629
32
-5.43192
13
4.72084
23
1.21781
33
-5.43562
0
3DFACE
8
A1
10
4.80460
20
1.41585
30
-5.46634
11
4.93357
21
1.47639
31
-5.46008
12
4.97887
22
1.33753
32
-5.42480
13
4.84993
23
1.27629
33
-5.43192
0
3DFACE
8
A1
10
4.93357
20
1.47639
30
-5.46008
11
5.06256
21
1.53677
31
-5.45403
12
5.10781
22
1.39868
32
-5.41778
13
4.97887
23
1.33753
33
-5.42480
0
3DFACE
8
A1
10
5.06256
20
1.53677
30
-5.45403
11
5.19183
21
1.59198
31
-5.45439
12
5.23704
22
1.45458
32
-5.41729
13
5.10781
23
1.39868
33
-5.41778
0
3DFACE
8
A1
10
5.19183
20
1.59198
30
-5.45439
11
5.32112
21
1.64660
31
-5.45551
12
5.36643
22
1.50756
32
-5.42044
13
5.23704
23
1.45458
33
-5.41729
0
3DFACE
8
A1
10
-1.73220
20
-1.73314
30
-5.65391
11
-1.60266
21
-1.68291
31
-5.66048
12
-1.55743
22
-1.82066
32
-5.62381
13
-1.68696
23
-1.87089
33
-5.61723
0
3DFACE
8
A1
10
-1.60266
20
-1.68291
30
-5.66048
11
-1.47338
21
-1.62804
31
-5.66128
12
-1.42815
22
-1.76579
32
-5.62460
13
-1.55743
23
-1.82066
33
-5.62381
0
3DFACE
8
A1
10
-1.47338
20
-1.62804
30
-5.66128
11
-1.34435
21
-1.56853
31
-5.65629
12
-1.29911
22
-1.70627
32
-5.61962
13
-1.42815
23
-1.76579
33
-5.62460
0
3DFACE
8
A1
10
-1.34435
20
-1.56853
30
-5.65629
11
-1.21534
21
-1.50858
31
-5.65078
12
-1.17008
22
-1.64685
32
-5.61475
13
-1.29911
23
-1.70627
33
-5.61962
0
3DFACE
8
A1
10
-1.21534
20
-1.50858
30
-5.65078
11
-1.08635
21
-1.44812
31
-5.64462
12
-1.04107
22
-1.58682
32
-5.60912
13
-1.17008
23
-1.64685
33
-5.61475
0
3DFACE
8
A1
10
-1.08635
20
-1.44812
30
-5.64462
11
-0.95739
21
-1.38732
31
-5.63803
12
-0.91208
22
-1.52653
32
-5.60318
13
-1.04107
23
-1.58682
33
-5.60912
0
3DFACE
8
A1
10
-0.95739
20
-1.38732
30
-5.63803
11
-0.82841
21
-1.32669
31
-5.63166
12
-0.78308
22
-1.46633
32
-5.59734
13
-0.91208
23
-1.52653
33
-5.60318
0
3DFACE
8
A1
10
-0.82841
20
-1.32669
30
-5.63166
11
-0.69944
21
-1.26614
31
-5.62539
12
-0.65409
22
-1.40595
32
-5.59129
13
-0.78308
23
-1.46633
33
-5.59734
0
3DFACE
8
A1
10
-0.69944
20
-1.26614
30
-5.62539
11
-0.57044
21
-1.20594
31
-5.61955
12
-0.52510
22
-1.34558
32
-5.58523
13
-0.65409
23
-1.40595
33
-5.59129
0
3DFACE
8
A1
10
-0.57044
20
-1.20594
30
-5.61955
11
-0.44140
21
-1.14642
31
-5.61457
12
-0.39611
22
-1.28529
32
-5.57929
13
-0.52510
23
-1.34558
33
-5.58523
0
3DFACE
8
A1
10
-0.44140
20
-1.14642
30
-5.61457
11
-0.31234
21
-1.08742
31
-5.61023
12
-0.26710
22
-1.22543
32
-5.57388
13
-0.39611
23
-1.28529
33
-5.57929
0
3DFACE
8
A1
10
-0.31234
20
-1.08742
30
-5.61023
11
-0.18328
21
-1.02851
31
-5.60600
12
-0.13808
22
-1.16566
32
-5.56858
13
-0.26710
23
-1.22543
33
-5.57388
0
3DFACE
8
A1
10
-0.18328
20
-1.02851
30
-5.60600
11
-0.05419
21
-0.96994
31
-5.60219
12
-0.00903
22
-1.10640
32
-5.56392
13
-0.13808
23
-1.16566
33
-5.56858
0
3DFACE
8
A1
10
-0.05419
20
-0.96994
30
-5.60219
11
0.07493
21
-0.91198
31
-5.59914
12
0.12003
22
-1.04740
32
-5.55958
13
-0.00903
23
-1.10640
33
-5.56392
0
3DFACE
8
A1
10
0.07493
20
-0.91198
30
-5.59914
11
0.20406
21
-0.85427
31
-5.59640
12
0.24913
22
-0.98909
32
-5.55609
13
0.12003
23
-1.04740
33
-5.55958
0
3DFACE
8
A1
10
0.20406
20
-0.85427
30
-5.59640
11
0.33320
21
-0.79682
31
-5.59399
12
0.37824
22
-0.93087
32
-5.55271
13
0.24913
23
-0.98909
33
-5.55609
0
3DFACE
8
A1
10
0.33320
20
-0.79682
30
-5.59399
11
0.46236
21
-0.73954
31
-5.59179
12
0.50736
22
-0.87299
32
-5.54976
13
0.37824
23
-0.93087
33
-5.55271
0
3DFACE
8
A1
10
0.46236
20
-0.73954
30
-5.59179
11
0.59151
21
-0.68217
31
-5.58948
12
0.63647
22
-0.81494
32
-5.54660
13
0.50736
23
-0.87299
33
-5.54976
0
3DFACE
8
A1
10
0.59151
20
-0.68217
30
-5.58948
11
0.72065
21
-0.62472
31
-5.58707
12
0.76559
22
-0.75697
32
-5.54355
13
0.63647
23
-0.81494
33
-5.54660
0
3DFACE
8
A1
10
0.72065
20
-0.62472
30
-5.58707
11
0.84979
21
-0.56710
31
-5.58444
12
0.89471
22
-0.69900
32
-5.54049
13
0.76559
23
-0.75697
33
-5.54355
0
3DFACE
8
A1
10
0.84979
20
-0.56710
30
-5.58444
11
0.97894
21
-0.50974
31
-5.58213
12
1.02383
22
-0.64121
32
-5.53765
13
0.89471
23
-0.69900
33
-5.54049
0
3DFACE
8
A1
10
0.97894
20
-0.50974
30
-5.58213
11
1.10807
21
-0.45211
31
-5.57950
12
1.15296
22
-0.58341
32
-5.53480
13
1.02383
23
-0.64121
33
-5.53765
0
3DFACE
8
A1
10
1.10807
20
-0.45211
30
-5.57950
11
1.23721
21
-0.39458
31
-5.57698
12
1.28210
22
-0.52588
32
-5.53228
13
1.15296
23
-0.58341
33
-5.53480
0
3DFACE
8
A1
10
1.23721
20
-0.39458
30
-5.57698
11
1.36635
21
-0.33695
31
-5.57435
12
1.41123
22
-0.46825
32
-5.52966
13
1.28210
23
-0.52588
33
-5.53228
0
3DFACE
8
A1
10
1.36635
20
-0.33695
30
-5.57435
11
1.49549
21
-0.27950
31
-5.57194
12
1.54038
22
-0.41089
32
-5.52735
13
1.41123
23
-0.46825
33
-5.52966
0
3DFACE
8
A1
10
1.49549
20
-0.27950
30
-5.57194
11
1.62463
21
-0.22197
31
-5.56942
12
1.66953
22
-0.35344
32
-5.52493
13
1.54038
23
-0.41089
33
-5.52735
0
3DFACE
8
A1
10
1.62463
20
-0.22197
30
-5.56942
11
1.75379
21
-0.16477
31
-5.56732
12
1.79867
22
-0.29599
32
-5.52252
13
1.66953
23
-0.35344
33
-5.52493
0
3DFACE
8
A1
10
1.75379
20
-0.16477
30
-5.56732
11
1.88296
21
-0.10775
31
-5.56544
12
1.92782
22
-0.23854
32
-5.52011
13
1.79867
23
-0.29599
33
-5.52252
0
3DFACE
8
A1
10
1.88296
20
-0.10775
30
-5.56544
11
2.01214
21
-0.05108
31
-5.56399
12
2.05697
22
-0.18126
32
-5.51790
13
1.92782
23
-0.23854
33
-5.52011
0
3DFACE
8
A1
10
2.01214
20
-0.05108
30
-5.56399
11
2.14134
21
0.00534
31
-5.56286
12
2.18614
22
-0.12432
32
-5.51613
13
2.05697
23
-0.18126
33
-5.51790
0
3DFACE
8
A1
10
2.14134
20
0.00534
30
-5.56286
11
2.27054
21
0.06185
31
-5.56162
12
2.31532
22
-0.06739
32
-5.51436
13
2.18614
23
-0.12432
33
-5.51613
0
3DFACE
8
A1
10
2.27054
20
0.06185
30
-5.56162
11
2.39972
21
0.11861
31
-5.56007
12
2.44449
22
-0.01054
32
-5.51269
13
2.31532
23
-0.06739
33
-5.51436
0
3DFACE
8
A1
10
2.39972
20
0.11861
30
-5.56007
11
2.52888
21
0.17580
31
-5.55797
12
2.57367
22
0.04639
32
-5.51092
13
2.44449
23
-0.01054
33
-5.51269
0
3DFACE
8
A1
10
2.52888
20
0.17580
30
-5.55797
11
2.65800
21
0.23368
31
-5.55502
12
2.70283
22
0.10359
32
-5.50883
13
2.57367
23
0.04639
33
-5.51092
0
3DFACE
8
A1
10
2.65800
20
0.23368
30
-5.55502
11
2.78702
21
0.29354
31
-5.54961
12
2.83191
22
0.16215
32
-5.50502
13
2.70283
23
0.10359
33
-5.50883
0
3DFACE
8
A1
10
2.78702
20
0.29354
30
-5.54961
11
2.91589
21
0.35615
31
-5.54078
12
2.96087
22
0.22296
32
-5.49844
13
2.83191
23
0.16215
33
-5.50502
0
3DFACE
8
A1
10
2.91589
20
0.35615
30
-5.54078
11
3.04461
21
0.42143
31
-5.52863
12
3.08972
22
0.28600
32
-5.48907
13
2.96087
23
0.22296
33
-5.49844
0
3DFACE
8
A1
10
3.04461
20
0.42143
30
-5.52863
11
3.17325
21
0.48833
31
-5.51445
12
3.21851
22
0.35007
32
-5.47842
13
3.08972
23
0.28600
33
-5.48907
0
3DFACE
8
A1
10
3.17325
20
0.48833
30
-5.51445
11
3.30186
21
0.55576
31
-5.49962
12
3.34725
22
0.41500
32
-5.46669
13
3.21851
23
0.35007
33
-5.47842
0
3DFACE
8
A1
10
3.30186
20
0.55576
30
-5.49962
11
3.43069
21
0.61897
31
-5.49004
12
3.47608
22
0.47830
32
-5.45700
13
3.34725
23
0.41500
33
-5.46669
0
3DFACE
8
A1
10
3.43069
20
0.61897
30
-5.49004
11
3.55951
21
0.68261
31
-5.47992
12
3.60496
22
0.54074
32
-5.44838
13
3.47608
23
0.47830
33
-5.45700
0
3DFACE
8
A1
10
3.55951
20
0.68261
30
-5.47992
11
3.68845
21
0.74376
31
-5.47291
12
3.73394
22
0.60137
32
-5.44201
13
3.60496
23
0.54074
33
-5.44838
0
3DFACE
8
A1
10
3.68845
20
0.74376
30
-5.47291
11
3.81749
21
0.80327
31
-5.46792
12
3.86300
22
0.66028
32
-5.43778
13
3.73394
23
0.60137
33
-5.44201
0
3DFACE
8
A1
10
3.81749
20
0.80327
30
-5.46792
11
3.94658
21
0.86167
31
-5.46433
12
3.99210
22
0.71868
32
-5.43419
13
3.86300
23
0.66028
33
-5.43778
0
3DFACE
8
A1
10
3.94658
20
0.86167
30
-5.46433
11
4.07552
21
0.92299
31
-5.45710
12
4.12112
22
0.77845
32
-5.42888
13
3.99210
23
0.71868
33
-5.43419
0
3DFACE
8
A1
10
4.07552
20
0.92299
30
-5.45710
11
4.20459
21
0.98173
31
-5.45308
12
4.25018
22
0.83745
32
-5.42454
13
4.12112
23
0.77845
33
-5.42888
0
3DFACE
8
A1
10
4.20459
20
0.98173
30
-5.45308
11
4.33367
21
1.04039
31
-5.44917
12
4.37924
22
0.89645
32
-5.42020
13
4.25018
23
0.83745
33
-5.42454
0
3DFACE
8
A1
10
4.33367
20
1.04039
30
-5.44917
11
4.46274
21
1.09921
31
-5.44505
12
4.50826
22
0.95622
32
-5.41490
13
4.37924
23
0.89645
33
-5.42020
0
3DFACE
8
A1
10
4.46274
20
1.09921
30
-5.44505
11
4.59174
21
1.15941
31
-5.43921
12
4.63721
22
1.01728
32
-5.40799
13
4.50826
23
0.95622
33
-5.41490
0
3DFACE
8
A1
10
4.59174
20
1.15941
30
-5.43921
11
4.72084
21
1.21781
31
-5.43562
12
4.76622
22
1.07722
32
-5.40248
13
4.63721
23
1.01728
33
-5.40799
0
3DFACE
8
A1
10
4.72084
20
1.21781
30
-5.43562
11
4.84993
21
1.27629
31
-5.43192
12
4.89534
22
1.13511
32
-5.39953
13
4.76622
23
1.07722
33
-5.40248
0
3DFACE
8
A1
10
4.84993
20
1.27629
30
-5.43192
11
4.97887
21
1.33753
31
-5.42480
12
5.02423
22
1.19729
32
-5.39123
13
4.89534
23
1.13511
33
-5.39953
0
3DFACE
8
A1
10
4.97887
20
1.33753
30
-5.42480
11
5.10781
21
1.39868
31
-5.41778
12
5.15313
22
1.25946
32
-5.38293
13
5.02423
23
1.19729
33
-5.39123
0
3DFACE
8
A1
10
5.10781
20
1.39868
30
-5.41778
11
5.23704
21
1.45458
31
-5.41729
12
5.28233
22
1.31571
32
-5.38201
13
5.15313
23
1.25946
33
-5.38293
0
3DFACE
8
A1
10
5.23704
20
1.45458
30
-5.41729
11
5.36643
21
1.50756
31
-5.42044
12
5.41174
22
1.36826
32
-5.38570
13
5.28233
23
1.31571
33
-5.38201
0
3DFACE
8
A1
10
-1.68696
20
-1.87089
30
-5.61723
11
-1.55743
21
-1.82066
31
-5.62381
12
-1.51220
22
-1.95841
32
-5.58714
13
-1.64173
23
-2.00864
33
-5.58056
0
3DFACE
8
A1
10
-1.55743
20
-1.82066
30
-5.62381
11
-1.42815
21
-1.76579
31
-5.62460
12
-1.38292
22
-1.90354
32
-5.58793
13
-1.51220
23
-1.95841
33
-5.58714
0
3DFACE
8
A1
10
-1.42815
20
-1.76579
30
-5.62460
11
-1.29911
21
-1.70627
31
-5.61962
12
-1.25388
22
-1.84402
32
-5.58295
13
-1.38292
23
-1.90354
33
-5.58793
0
3DFACE
8
A1
10
-1.29911
20
-1.70627
30
-5.61962
11
-1.17008
21
-1.64685
31
-5.61475
12
-1.12484
22
-1.78459
32
-5.57807
13
-1.25388
23
-1.84402
33
-5.58295
0
3DFACE
8
A1
10
-1.17008
20
-1.64685
30
-5.61475
11
-1.04107
21
-1.58682
31
-5.60912
12
-0.99582
22
-1.72491
32
-5.57288
13
-1.12484
23
-1.78459
33
-5.57807
0
3DFACE
8
A1
10
-1.04107
20
-1.58682
30
-5.60912
11
-0.91208
21
-1.52653
31
-5.60318
12
-0.86681
22
-1.66496
32
-5.56736
13
-0.99582
23
-1.72491
33
-5.57288
0
3DFACE
8
A1
10
-0.91208
20
-1.52653
30
-5.60318
11
-0.78308
21
-1.46633
31
-5.59734
12
-0.73779
22
-1.60519
32
-5.56206
13
-0.86681
23
-1.66496
33
-5.56736
0
3DFACE
8
A1
10
-0.78308
20
-1.46633
30
-5.59734
11
-0.65409
21
-1.40595
31
-5.59129
12
-0.60878
22
-1.54516
32
-5.55643
13
-0.73779
23
-1.60519
33
-5.56206
0
3DFACE
8
A1
10
-0.65409
20
-1.40595
30
-5.59129
11
-0.52510
21
-1.34558
31
-5.58523
12
-0.47978
22
-1.48496
32
-5.55060
13
-0.60878
23
-1.54516
33
-5.55643
0
3DFACE
8
A1
10
-0.52510
20
-1.34558
30
-5.58523
11
-0.39611
21
-1.28529
31
-5.57929
12
-0.35079
22
-1.42476
32
-5.54476
13
-0.47978
23
-1.48496
33
-5.55060
0
3DFACE
8
A1
10
-0.39611
20
-1.28529
30
-5.57929
11
-0.26710
21
-1.22543
31
-5.57388
12
-0.22179
22
-1.36456
32
-5.53892
13
-0.35079
23
-1.42476
33
-5.54476
0
3DFACE
8
A1
10
-0.26710
20
-1.22543
30
-5.57388
11
-0.13808
21
-1.16566
31
-5.56858
12
-0.09279
22
-1.30435
32
-5.53308
13
-0.22179
23
-1.36456
33
-5.53892
0
3DFACE
8
A1
10
-0.13808
20
-1.16566
30
-5.56858
11
-0.00903
21
-1.10640
31
-5.56392
12
0.03622
22
-1.24450
32
-5.52767
13
-0.09279
23
-1.30435
33
-5.53308
0
3DFACE
8
A1
10
-0.00903
20
-1.10640
30
-5.56392
11
0.12003
21
-1.04740
31
-5.55958
12
0.16527
22
-1.18515
32
-5.52290
13
0.03622
23
-1.24450
33
-5.52767
0
3DFACE
8
A1
10
0.12003
20
-1.04740
30
-5.55958
11
0.24913
21
-0.98909
31
-5.55609
12
0.29431
22
-1.12581
32
-5.51814
13
0.16527
23
-1.18515
33
-5.52290
0
3DFACE
8
A1
10
0.24913
20
-0.98909
30
-5.55609
11
0.37824
21
-0.93087
31
-5.55271
12
0.42336
22
-1.06664
32
-5.51358
13
0.29431
23
-1.12581
33
-5.51814
0
3DFACE
8
A1
10
0.37824
20
-0.93087
30
-5.55271
11
0.50736
21
-0.87299
31
-5.54976
12
0.55243
22
-1.00773
32
-5.50935
13
0.42336
23
-1.06664
33
-5.51358
0
3DFACE
8
A1
10
0.50736
20
-0.87299
30
-5.54976
11
0.63647
21
-0.81494
31
-5.54660
12
0.68149
22
-0.94864
32
-5.50490
13
0.55243
23
-1.00773
33
-5.50935
0
3DFACE
8
A1
10
0.63647
20
-0.81494
30
-5.54660
11
0.76559
21
-0.75697
31
-5.54355
12
0.81054
22
-0.88939
32
-5.50024
13
0.68149
23
-0.94864
33
-5.50490
0
3DFACE
8
A1
10
0.76559
20
-0.75697
30
-5.54355
11
0.89471
21
-0.69900
31
-5.54049
12
0.93962
22
-0.83082
32
-5.49643
13
0.81054
23
-0.88939
33
-5.50024
0
3DFACE
8
A1
10
0.89471
20
-0.69900
30
-5.54049
11
1.02383
21
-0.64121
31
-5.53765
12
1.06872
22
-0.77251
32
-5.49295
13
0.93962
23
-0.83082
33
-5.49643
0
3DFACE
8
A1
10
1.02383
20
-0.64121
30
-5.53765
11
1.15296
21
-0.58341
31
-5.53480
12
1.19781
22
-0.71403
32
-5.48925
13
1.06872
23
-0.77251
33
-5.49295
0
3DFACE
8
A1
10
1.15296
20
-0.58341
30
-5.53480
11
1.28210
21
-0.52588
31
-5.53228
12
1.32691
22
-0.65572
32
-5.48577
13
1.19781
23
-0.71403
33
-5.48925
0
3DFACE
8
A1
10
1.28210
20
-0.52588
30
-5.53228
11
1.41123
21
-0.46825
31
-5.52966
12
1.45602
22
-0.59766
32
-5.48260
13
1.32691
23
-0.65572
33
-5.48577
0
3DFACE
8
A1
10
1.41123
20
-0.46825
30
-5.52966
11
1.54038
21
-0.41089
31
-5.52735
12
1.58513
22
-0.53961
32
-5.47944
13
1.45602
23
-0.59766
33
-5.48260
0
3DFACE
8
A1
10
1.54038
20
-0.41089
30
-5.52735
11
1.66953
21
-0.35344
31
-5.52493
12
1.71425
22
-0.48164
32
-5.47639
13
1.58513
23
-0.53961
33
-5.47944
0
3DFACE
8
A1
10
1.66953
20
-0.35344
30
-5.52493
11
1.79867
21
-0.29599
31
-5.52252
12
1.84338
22
-0.42385
32
-5.47354
13
1.71425
23
-0.48164
33
-5.47639
0
3DFACE
8
A1
10
1.79867
20
-0.29599
30
-5.52252
11
1.92782
21
-0.23854
31
-5.52011
12
1.97251
22
-0.36623
32
-5.47091
13
1.84338
23
-0.42385
33
-5.47354
0
3DFACE
8
A1
10
1.92782
20
-0.23854
30
-5.52011
11
2.05697
21
-0.18126
31
-5.51790
12
2.10166
22
-0.30878
32
-5.46850
13
1.97251
23
-0.36623
33
-5.47091
0
3DFACE
8
A1
10
2.05697
20
-0.18126
30
-5.51790
11
2.18614
21
-0.12432
31
-5.51613
12
2.23080
22
-0.25133
32
-5.46609
13
2.10166
23
-0.30878
33
-5.46850
0
3DFACE
8
A1
10
2.18614
20
-0.12432
30
-5.51613
11
2.31532
21
-0.06739
31
-5.51436
12
2.35995
22
-0.19405
32
-5.46389
13
2.23080
23
-0.25133
33
-5.46609
0
3DFACE
8
A1
10
2.31532
20
-0.06739
30
-5.51436
11
2.44449
21
-0.01054
31
-5.51269
12
2.48912
22
-0.13694
32
-5.46190
13
2.35995
23
-0.19405
33
-5.46389
0
3DFACE
8
A1
10
2.44449
20
-0.01054
30
-5.51269
11
2.57367
21
0.04639
31
-5.51092
12
2.61828
22
-0.07975
32
-5.45981
13
2.48912
23
-0.13694
33
-5.46190
0
3DFACE
8
A1
10
2.57367
20
0.04639
30
-5.51092
11
2.70283
21
0.10359
31
-5.50883
12
2.74743
22
-0.02247
32
-5.45761
13
2.61828
23
-0.07975
33
-5.45981
0
3DFACE
8
A1
10
2.70283
20
0.10359
30
-5.50883
11
2.83191
21
0.16215
31
-5.50502
12
2.87657
22
0.03515
32
-5.45498
13
2.74743
23
-0.02247
33
-5.45761
0
3DFACE
8
A1
10
2.83191
20
0.16215
30
-5.50502
11
2.96087
21
0.22296
31
-5.49844
12
3.00561
22
0.09441
32
-5.45032
13
2.87657
23
0.03515
33
-5.45498
0
3DFACE
8
A1
10
2.96087
20
0.22296
30
-5.49844
11
3.08972
21
0.28600
31
-5.48907
12
3.13458
22
0.15521
32
-5.44373
13
3.00561
23
0.09441
33
-5.45032
0
3DFACE
8
A1
10
3.08972
20
0.28600
30
-5.48907
11
3.21851
21
0.35007
31
-5.47842
12
3.26349
22
0.21696
32
-5.43597
13
3.13458
23
0.15521
33
-5.44373
0
3DFACE
8
A1
10
3.21851
20
0.35007
30
-5.47842
11
3.34725
21
0.41500
31
-5.46669
12
3.39237
22
0.27949
32
-5.42724
13
3.26349
23
0.21696
33
-5.43597
0
3DFACE
8
A1
10
3.34725
20
0.41500
30
-5.46669
11
3.47608
21
0.47830
31
-5.45700
12
3.52123
22
0.34218
32
-5.41830
13
3.39237
23
0.27949
33
-5.42724
0
3DFACE
8
A1
10
3.47608
20
0.47830
30
-5.45700
11
3.60496
21
0.54074
31
-5.44838
12
3.65016
22
0.40359
32
-5.41096
13
3.52123
23
0.34218
33
-5.41830
0
3DFACE
8
A1
10
3.60496
20
0.54074
30
-5.44838
11
3.73394
21
0.60137
31
-5.44201
12
3.77917
22
0.46353
32
-5.40545
13
3.65016
23
0.40359
33
-5.41096
0
3DFACE
8
A1
10
3.73394
20
0.60137
30
-5.44201
11
3.86300
21
0.66028
31
-5.43778
12
3.90825
22
0.52219
32
-5.40153
13
3.77917
23
0.46353
33
-5.40545
0
3DFACE
8
A1
10
3.86300
20
0.66028
30
-5.43778
11
3.99210
21
0.71868
31
-5.43419
12
4.03737
22
0.58015
32
-5.39848
13
3.90825
23
0.52219
33
-5.40153
0
3DFACE
8
A1
10
3.99210
20
0.71868
30
-5.43419
11
4.12112
21
0.77845
31
-5.42888
12
4.16650
22
0.63786
32
-5.39574
13
4.03737
23
0.58015
33
-5.39848
0
3DFACE
8
A1
10
4.12112
20
0.77845
30
-5.42888
11
4.25018
21
0.83745
31
-5.42454
12
4.29562
22
0.69583
32
-5.39269
13
4.16650
23
0.63786
33
-5.39574
0
3DFACE
8
A1
10
4.25018
20
0.83745
30
-5.42454
11
4.37924
21
0.89645
31
-5.42020
12
4.42470
22
0.75440
32
-5.38888
13
4.29562
23
0.69583
33
-5.39269
0
3DFACE
8
A1
10
4.37924
20
0.89645
30
-5.42020
11
4.50826
21
0.95622
31
-5.41490
12
4.55375
22
0.81365
32
-5.38422
13
4.42470
23
0.75440
33
-5.38888
0
3DFACE
8
A1
10
4.50826
20
0.95622
30
-5.41490
11
4.63721
21
1.01728
31
-5.40799
12
4.68268
22
0.87506
32
-5.37688
13
4.55375
23
0.81365
33
-5.38422
0
3DFACE
8
A1
10
4.63721
20
1.01728
30
-5.40799
11
4.76622
21
1.07722
31
-5.40248
12
4.81163
22
0.93621
32
-5.36987
13
4.68268
23
0.87506
33
-5.37688
0
3DFACE
8
A1
10
4.76622
20
1.07722
30
-5.40248
11
4.89534
21
1.13511
31
-5.39953
12
4.94069
22
0.99521
32
-5.36553
13
4.81163
23
0.93621
33
-5.36987
0
3DFACE
8
A1
10
4.89534
20
1.13511
30
-5.39953
11
5.02423
21
1.19729
31
-5.39123
12
5.06965
22
1.05618
32
-5.35873
13
4.94069
23
0.99521
33
-5.36553
0
3DFACE
8
A1
10
5.02423
20
1.19729
30
-5.39123
11
5.15313
21
1.25946
31
-5.38293
12
5.19849
22
1.11931
32
-5.34925
13
5.06965
23
1.05618
33
-5.35873
0
3DFACE
8
A1
10
5.15313
20
1.25946
30
-5.38293
11
5.28233
21
1.31571
31
-5.38201
12
5.32768
22
1.17590
32
-5.34791
13
5.19849
23
1.11931
33
-5.34925
0
3DFACE
8
A1
10
5.28233
20
1.31571
30
-5.38201
11
5.41174
21
1.36826
31
-5.38570
12
5.45709
22
1.22836
32
-5.35170
13
5.32768
23
1.17590
33
-5.34791
0
3DFACE
8
A1
10
-1.64173
20
-2.00864
30
-5.58056
11
-1.51220
21
-1.95841
31
-5.58714
12
-1.46697
22
-2.09616
32
-5.55046
13
-1.59649
23
-2.14647
33
-5.54400
0
3DFACE
8
A1
10
-1.51220
20
-1.95841
30
-5.58714
11
-1.38292
21
-1.90354
31
-5.58793
12
-1.33768
22
-2.04129
32
-5.55126
13
-1.46697
23
-2.09616
33
-5.55046
0
3DFACE
8
A1
10
-1.38292
20
-1.90354
30
-5.58793
11
-1.25388
21
-1.84402
31
-5.58295
12
-1.20864
22
-1.98186
32
-5.54638
13
-1.33768
23
-2.04129
33
-5.55126
0
3DFACE
8
A1
10
-1.25388
20
-1.84402
30
-5.58295
11
-1.12484
21
-1.78459
31
-5.57807
12
-1.07961
22
-1.92234
32
-5.54140
13
-1.20864
23
-1.98186
33
-5.54638
0
3DFACE
8
A1
10
-1.12484
20
-1.78459
30
-5.57807
11
-0.99582
21
-1.72491
31
-5.57288
12
-0.95057
22
-1.86292
32
-5.53653
13
-1.07961
23
-1.92234
33
-5.54140
0
3DFACE
8
A1
10
-0.99582
20
-1.72491
30
-5.57288
11
-0.86681
21
-1.66496
31
-5.56736
12
-0.82155
22
-1.80314
32
-5.53122
13
-0.95057
23
-1.86292
33
-5.53653
0
3DFACE
8
A1
10
-0.86681
20
-1.66496
30
-5.56736
11
-0.73779
21
-1.60519
31
-5.56206
12
-0.69251
22
-1.74371
32
-5.52635
13
-0.82155
23
-1.80314
33
-5.53122
0
3DFACE
8
A1
10
-0.73779
20
-1.60519
30
-5.56206
11
-0.60878
21
-1.54516
31
-5.55643
12
-0.56349
22
-1.68403
32
-5.52115
13
-0.69251
23
-1.74371
33
-5.52635
0
3DFACE
8
A1
10
-0.60878
20
-1.54516
30
-5.55643
11
-0.47978
21
-1.48496
31
-5.55060
12
-0.43447
22
-1.62417
32
-5.51574
13
-0.56349
23
-1.68403
33
-5.52115
0
3DFACE
8
A1
10
-0.47978
20
-1.48496
30
-5.55060
11
-0.35079
21
-1.42476
31
-5.54476
12
-0.30547
22
-1.56397
32
-5.50990
13
-0.43447
23
-1.62417
33
-5.51574
0
3DFACE
8
A1
10
-0.35079
20
-1.42476
30
-5.54476
11
-0.22179
21
-1.36456
31
-5.53892
12
-0.17647
22
-1.50394
32
-5.50428
13
-0.30547
23
-1.56397
33
-5.50990
0
3DFACE
8
A1
10
-0.22179
20
-1.36456
30
-5.53892
11
-0.09279
21
-1.30435
31
-5.53308
12
-0.04748
22
-1.44348
32
-5.49812
13
-0.17647
23
-1.50394
33
-5.50428
0
3DFACE
8
A1
10
-0.09279
20
-1.30435
30
-5.53308
11
0.03622
21
-1.24450
31
-5.52767
12
0.08151
22
-1.38328
32
-5.49228
13
-0.04748
23
-1.44348
33
-5.49812
0
3DFACE
8
A1
10
0.03622
20
-1.24450
30
-5.52767
11
0.16527
21
-1.18515
31
-5.52290
12
0.21053
22
-1.32350
32
-5.48698
13
0.08151
23
-1.38328
33
-5.49228
0
3DFACE
8
A1
10
0.16527
20
-1.18515
30
-5.52290
11
0.29431
21
-1.12581
31
-5.51814
12
0.33955
22
-1.26373
32
-5.48168
13
0.21053
23
-1.32350
33
-5.48698
0
3DFACE
8
A1
10
0.29431
20
-1.12581
30
-5.51814
11
0.42336
21
-1.06664
31
-5.51358
12
0.46858
22
-1.20405
32
-5.47648
13
0.33955
23
-1.26373
33
-5.48168
0
3DFACE
8
A1
10
0.42336
20
-1.06664
30
-5.51358
11
0.55243
21
-1.00773
31
-5.50935
12
0.59762
22
-1.14470
32
-5.47171
13
0.46858
23
-1.20405
33
-5.47648
0
3DFACE
8
A1
10
0.55243
20
-1.00773
30
-5.50935
11
0.68149
21
-0.94864
31
-5.50490
12
0.72666
22
-1.08527
32
-5.46684
13
0.59762
23
-1.14470
33
-5.47171
0
3DFACE
8
A1
10
0.68149
20
-0.94864
30
-5.50490
11
0.81054
21
-0.88939
31
-5.50024
12
0.85564
22
-1.02481
32
-5.46068
13
0.72666
23
-1.08527
33
-5.46684
0
3DFACE
8
A1
10
0.81054
20
-0.88939
30
-5.50024
11
0.93962
21
-0.83082
31
-5.49643
12
0.98467
22
-0.96513
32
-5.45548
13
0.85564
23
-1.02481
33
-5.46068
0
3DFACE
8
A1
10
0.93962
20
-0.83082
30
-5.49643
11
1.06872
21
-0.77251
31
-5.49295
12
1.11369
22
-0.90544
32
-5.45029
13
0.98467
23
-0.96513
33
-5.45548
0
3DFACE
8
A1
10
1.06872
20
-0.77251
30
-5.49295
11
1.19781
21
-0.71403
31
-5.48925
12
1.24272
22
-0.84576
32
-5.44509
13
1.11369
23
-0.90544
33
-5.45029
0
3DFACE
8
A1
10
1.19781
20
-0.71403
30
-5.48925
11
1.32691
21
-0.65572
31
-5.48577
12
1.37174
22
-0.78607
32
-5.43989
13
1.24272
23
-0.84576
33
-5.44509
0
3DFACE
8
A1
10
1.32691
20
-0.65572
30
-5.48577
11
1.45602
21
-0.59766
31
-5.48260
12
1.50082
22
-0.72742
32
-5.43598
13
1.37174
23
-0.78607
33
-5.43989
0
3DFACE
8
A1
10
1.45602
20
-0.59766
30
-5.48260
11
1.58513
21
-0.53961
31
-5.47944
12
1.62990
22
-0.66867
32
-5.43196
13
1.50082
23
-0.72742
33
-5.43598
0
3DFACE
8
A1
10
1.58513
20
-0.53961
30
-5.47944
11
1.71425
21
-0.48164
31
-5.47639
12
1.75897
22
-0.60993
32
-5.42794
13
1.62990
23
-0.66867
33
-5.43196
0
3DFACE
8
A1
10
1.71425
20
-0.48164
30
-5.47639
11
1.84338
21
-0.42385
31
-5.47354
12
1.88806
22
-0.55145
32
-5.42425
13
1.75897
23
-0.60993
33
-5.42794
0
3DFACE
8
A1
10
1.84338
20
-0.42385
30
-5.47354
11
1.97251
21
-0.36623
31
-5.47091
12
2.01716
22
-0.49314
32
-5.42076
13
1.88806
23
-0.55145
33
-5.42425
0
3DFACE
8
A1
10
1.97251
20
-0.36623
30
-5.47091
11
2.10166
21
-0.30878
31
-5.46850
12
2.14626
22
-0.43474
32
-5.41717
13
2.01716
23
-0.49314
33
-5.42076
0
3DFACE
8
A1
10
2.10166
20
-0.30878
30
-5.46850
11
2.23080
21
-0.25133
31
-5.46609
12
2.27536
22
-0.37652
32
-5.41379
13
2.14626
23
-0.43474
33
-5.41717
0
3DFACE
8
A1
10
2.23080
20
-0.25133
30
-5.46609
11
2.35995
21
-0.19405
31
-5.46389
12
2.40448
22
-0.31855
32
-5.41074
13
2.27536
23
-0.37652
33
-5.41379
0
3DFACE
8
A1
10
2.35995
20
-0.19405
30
-5.46389
11
2.48912
21
-0.13694
31
-5.46190
12
2.53360
22
-0.26067
32
-5.40779
13
2.40448
23
-0.31855
33
-5.41074
0
3DFACE
8
A1
10
2.48912
20
-0.13694
30
-5.46190
11
2.61828
21
-0.07975
31
-5.45981
12
2.66273
22
-0.20305
32
-5.40516
13
2.53360
23
-0.26067
33
-5.40779
0
3DFACE
8
A1
10
2.61828
20
-0.07975
30
-5.45981
11
2.74743
21
-0.02247
31
-5.45761
12
2.79188
22
-0.14560
32
-5.40275
13
2.66273
23
-0.20305
33
-5.40516
0
3DFACE
8
A1
10
2.74743
20
-0.02247
30
-5.45761
11
2.87657
21
0.03515
31
-5.45498
12
2.92102
22
-0.08815
32
-5.40033
13
2.79188
23
-0.14560
33
-5.40275
0
3DFACE
8
A1
10
2.87657
20
0.03515
30
-5.45498
11
3.00561
21
0.09441
31
-5.45032
12
3.05013
22
-0.02992
32
-5.39695
13
2.92102
23
-0.08815
33
-5.40033
0
3DFACE
8
A1
10
3.00561
20
0.09441
30
-5.45032
11
3.13458
21
0.15521
31
-5.44373
12
3.17919
22
0.02907
32
-5.39261
13
3.05013
23
-0.02992
33
-5.39695
0
3DFACE
8
A1
10
3.13458
20
0.15521
30
-5.44373
11
3.26349
21
0.21696
31
-5.43597
12
3.30821
22
0.08885
32
-5.38731
13
3.17919
23
0.02907
33
-5.39261
0
3DFACE
8
A1
10
3.26349
20
0.21696
30
-5.43597
11
3.39237
21
0.27949
31
-5.42724
12
3.43718
22
0.14948
32
-5.38094
13
3.30821
23
0.08885
33
-5.38731
0
3DFACE
8
A1
10
3.39237
20
0.27949
30
-5.42724
11
3.52123
21
0.34218
31
-5.41830
12
3.56612
22
0.21088
32
-5.37360
13
3.43718
23
0.14948
33
-5.38094
0
3DFACE
8
A1
10
3.52123
20
0.34218
30
-5.41830
11
3.65016
21
0.40359
31
-5.41096
12
3.69510
22
0.27143
32
-5.36734
13
3.56612
23
0.21088
33
-5.37360
0
3DFACE
8
A1
10
3.65016
20
0.40359
30
-5.41096
11
3.77917
21
0.46353
31
-5.40545
12
3.82414
22
0.33069
32
-5.36267
13
3.69510
23
0.27143
33
-5.36734
0
3DFACE
8
A1
10
3.77917
20
0.46353
30
-5.40545
11
3.90825
21
0.52219
31
-5.40153
12
3.95324
22
0.38908
32
-5.35908
13
3.82414
23
0.33069
33
-5.36267
0
3DFACE
8
A1
10
3.90825
20
0.52219
30
-5.40153
11
4.03737
21
0.58015
31
-5.39848
12
4.08239
22
0.44636
32
-5.35688
13
3.95324
23
0.38908
33
-5.35908
0
3DFACE
8
A1
10
4.03737
20
0.58015
30
-5.39848
11
4.16650
21
0.63786
31
-5.39574
12
4.21160
22
0.50261
32
-5.35597
13
4.08239
23
0.44636
33
-5.35688
0
3DFACE
8
A1
10
4.16650
20
0.63786
30
-5.39574
11
4.29562
21
0.69583
31
-5.39269
12
4.34080
22
0.55903
32
-5.35484
13
4.21160
23
0.50261
33
-5.35597
0
3DFACE
8
A1
10
4.29562
20
0.69583
30
-5.39269
11
4.42470
21
0.75440
31
-5.38888
12
4.46996
22
0.61613
32
-5.35285
13
4.34080
23
0.55903
33
-5.35484
0
3DFACE
8
A1
10
4.42470
20
0.75440
30
-5.38888
11
4.55375
21
0.81365
31
-5.38422
12
4.59910
22
0.67367
32
-5.35033
13
4.46996
23
0.61613
33
-5.35285
0
3DFACE
8
A1
10
4.55375
20
0.81365
30
-5.38422
11
4.68268
21
0.87506
31
-5.37688
12
4.72811
22
0.73379
32
-5.34460
13
4.59910
23
0.67367
33
-5.35033
0
3DFACE
8
A1
10
4.68268
20
0.87506
30
-5.37688
11
4.81163
21
0.93621
31
-5.36987
12
4.85703
22
0.79528
32
-5.33716
13
4.72811
23
0.73379
33
-5.34460
0
3DFACE
8
A1
10
4.81163
20
0.93621
30
-5.36987
11
4.94069
21
0.99521
31
-5.36553
12
4.98608
22
0.85462
32
-5.33239
13
4.85703
23
0.79528
33
-5.33716
0
3DFACE
8
A1
10
4.94069
20
0.99521
30
-5.36553
11
5.06965
21
1.05618
31
-5.35873
12
5.11510
22
0.91431
32
-5.32719
13
4.98608
23
0.85462
33
-5.33239
0
3DFACE
8
A1
10
5.06965
20
1.05618
30
-5.35873
11
5.19849
21
1.11931
31
-5.34925
12
5.24389
22
0.97838
32
-5.31654
13
5.11510
23
0.91431
33
-5.32719
0
3DFACE
8
A1
10
5.19849
20
1.11931
30
-5.34925
11
5.32768
21
1.17590
31
-5.34791
12
5.37303
22
1.03600
32
-5.31391
13
5.24389
23
0.97838
33
-5.31654
0
3DFACE
8
A1
10
5.32768
20
1.17590
30
-5.34791
11
5.45709
21
1.22836
31
-5.35170
12
5.50245
22
1.08829
32
-5.31792
13
5.37303
23
1.03600
33
-5.31391
0
3DFACE
8
A1
10
-1.59649
20
-2.14647
30
-5.54400
11
-1.46697
21
-2.09616
31
-5.55046
12
-1.42173
22
-2.23391
32
-5.51379
13
-1.55126
23
-2.28422
33
-5.50732
0
3DFACE
8
A1
10
-1.46697
20
-2.09616
30
-5.55046
11
-1.33768
21
-2.04129
31
-5.55126
12
-1.29245
22
-2.17904
32
-5.51459
13
-1.42173
23
-2.23391
33
-5.51379
0
3DFACE
8
A1
10
-1.33768
20
-2.04129
30
-5.55126
11
-1.20864
21
-1.98186
31
-5.54638
12
-1.16341
22
-2.11961
32
-5.50971
13
-1.29245
23
-2.17904
33
-5.51459
0
3DFACE
8
A1
10
-1.20864
20
-1.98186
30
-5.54638
11
-1.07961
21
-1.92234
31
-5.54140
12
-1.03438
22
-2.06009
32
-5.50473
13
-1.16341
23
-2.11961
33
-5.50971
0
3DFACE
8
A1
10
-1.07961
20
-1.92234
30
-5.54140
11
-0.95057
21
-1.86292
31
-5.53653
12
-0.90534
22
-2.00066
32
-5.49985
13
-1.03438
23
-2.06009
33
-5.50473
0
3DFACE
8
A1
10
-0.95057
20
-1.86292
30
-5.53653
11
-0.82155
21
-1.80314
31
-5.53122
12
-0.77630
22
-1.94115
32
-5.49487
13
-0.90534
23
-2.00066
33
-5.49985
0
3DFACE
8
A1
10
-0.82155
20
-1.80314
30
-5.53122
11
-0.69251
21
-1.74371
31
-5.52635
12
-0.64726
22
-1.88172
32
-5.49000
13
-0.77630
23
-1.94115
33
-5.49487
0
3DFACE
8
A1
10
-0.69251
20
-1.74371
30
-5.52635
11
-0.56349
21
-1.68403
31
-5.52115
12
-0.51823
22
-1.82229
32
-5.48512
13
-0.64726
23
-1.88172
33
-5.49000
0
3DFACE
8
A1
10
-0.56349
20
-1.68403
30
-5.52115
11
-0.43447
21
-1.62417
31
-5.51574
12
-0.38920
22
-1.76269
32
-5.48003
13
-0.51823
23
-1.82229
33
-5.48512
0
3DFACE
8
A1
10
-0.43447
20
-1.62417
30
-5.51574
11
-0.30547
21
-1.56397
31
-5.50990
12
-0.26019
22
-1.70275
32
-5.47452
13
-0.38920
23
-1.76269
33
-5.48003
0
3DFACE
8
A1
10
-0.30547
20
-1.56397
30
-5.50990
11
-0.17647
21
-1.50394
31
-5.50428
12
-0.13117
22
-1.64289
32
-5.46911
13
-0.26019
23
-1.70275
33
-5.47452
0
3DFACE
8
A1
10
-0.17647
20
-1.50394
30
-5.50428
11
-0.04748
21
-1.44348
31
-5.49812
12
-0.00217
22
-1.58269
32
-5.46327
13
-0.13117
23
-1.64289
33
-5.46911
0
3DFACE
8
A1
10
-0.04748
20
-1.44348
30
-5.49812
11
0.08151
21
-1.38328
31
-5.49228
12
0.12682
22
-1.52249
32
-5.45743
13
-0.00217
23
-1.58269
33
-5.46327
0
3DFACE
8
A1
10
0.08151
20
-1.38328
30
-5.49228
11
0.21053
21
-1.32350
31
-5.48698
12
0.25583
22
-1.46246
32
-5.45181
13
0.12682
23
-1.52249
33
-5.45743
0
3DFACE
8
A1
10
0.21053
20
-1.32350
30
-5.48698
11
0.33955
21
-1.26373
31
-5.48168
12
0.38483
22
-1.40234
32
-5.44607
13
0.25583
23
-1.46246
33
-5.45181
0
3DFACE
8
A1
10
0.33955
20
-1.26373
30
-5.48168
11
0.46858
21
-1.20405
31
-5.47648
12
0.51383
22
-1.34222
32
-5.44034
13
0.38483
23
-1.40234
33
-5.44607
0
3DFACE
8
A1
10
0.46858
20
-1.20405
30
-5.47648
11
0.59762
21
-1.14470
31
-5.47171
12
0.64285
22
-1.28237
32
-5.43493
13
0.51383
23
-1.34222
33
-5.44034
0
3DFACE
8
A1
10
0.59762
20
-1.14470
30
-5.47171
11
0.72666
21
-1.08527
31
-5.46684
12
0.77187
22
-1.22251
32
-5.42952
13
0.64285
23
-1.28237
33
-5.43493
0
3DFACE
8
A1
10
0.72666
20
-1.08527
30
-5.46684
11
0.85564
21
-1.02481
31
-5.46068
12
0.90083
22
-1.16162
32
-5.42283
13
0.77187
23
-1.22251
33
-5.42952
0
3DFACE
8
A1
10
0.85564
20
-1.02481
30
-5.46068
11
0.98467
21
-0.96513
31
-5.45548
12
1.02983
22
-1.10159
32
-5.41721
13
0.90083
23
-1.16162
33
-5.42283
0
3DFACE
8
A1
10
0.98467
20
-0.96513
30
-5.45548
11
1.11369
21
-0.90544
31
-5.45029
12
1.15884
22
-1.04156
32
-5.41158
13
1.02983
23
-1.10159
33
-5.41721
0
3DFACE
8
A1
10
1.11369
20
-0.90544
30
-5.45029
11
1.24272
21
-0.84576
31
-5.44509
12
1.28784
22
-0.98135
32
-5.40574
13
1.15884
23
-1.04156
33
-5.41158
0
3DFACE
8
A1
10
1.24272
20
-0.84576
30
-5.44509
11
1.37174
21
-0.78607
31
-5.43989
12
1.41678
22
-0.92021
32
-5.39873
13
1.28784
23
-0.98135
33
-5.40574
0
3DFACE
8
A1
10
1.37174
20
-0.78607
30
-5.43989
11
1.50082
21
-0.72742
31
-5.43598
12
1.54578
22
-0.86009
32
-5.39300
13
1.41678
23
-0.92021
33
-5.39873
0
3DFACE
8
A1
10
1.50082
20
-0.72742
30
-5.43598
11
1.62990
21
-0.66867
31
-5.43196
12
1.67478
22
-0.79989
32
-5.38716
13
1.54578
23
-0.86009
33
-5.39300
0
3DFACE
8
A1
10
1.62990
20
-0.66867
30
-5.43196
11
1.75897
21
-0.60993
31
-5.42794
12
1.80377
22
-0.73960
32
-5.38121
13
1.67478
23
-0.79989
33
-5.38716
0
3DFACE
8
A1
10
1.75897
20
-0.60993
30
-5.42794
11
1.88806
21
-0.55145
31
-5.42425
12
1.93278
22
-0.67948
32
-5.37548
13
1.80377
23
-0.73960
33
-5.38121
0
3DFACE
8
A1
10
1.88806
20
-0.55145
30
-5.42425
11
2.01716
21
-0.49314
31
-5.42076
12
2.06184
22
-0.62057
32
-5.37125
13
1.93278
23
-0.67948
33
-5.37548
0
3DFACE
8
A1
10
2.01716
20
-0.49314
30
-5.42076
11
2.14626
21
-0.43474
31
-5.41717
12
2.19090
22
-0.56149
32
-5.36680
13
2.06184
23
-0.62057
33
-5.37125
0
3DFACE
8
A1
10
2.14626
20
-0.43474
30
-5.41717
11
2.27536
21
-0.37652
31
-5.41379
12
2.31996
22
-0.50249
32
-5.36246
13
2.19090
23
-0.56149
33
-5.36680
0
3DFACE
8
A1
10
2.27536
20
-0.37652
30
-5.41379
11
2.40448
21
-0.31855
31
-5.41074
12
2.44904
22
-0.44375
32
-5.35844
13
2.31996
23
-0.50249
33
-5.36246
0
3DFACE
8
A1
10
2.40448
20
-0.31855
30
-5.41074
11
2.53360
21
-0.26067
31
-5.40779
12
2.57811
22
-0.38501
32
-5.35443
13
2.44904
23
-0.44375
33
-5.35844
0
3DFACE
8
A1
10
2.53360
20
-0.26067
30
-5.40779
11
2.66273
21
-0.20305
31
-5.40516
12
2.70720
22
-0.32644
32
-5.35062
13
2.57811
23
-0.38501
33
-5.35443
0
3DFACE
8
A1
10
2.66273
20
-0.20305
30
-5.40516
11
2.79188
21
-0.14560
31
-5.40275
12
2.83629
22
-0.26804
32
-5.34703
13
2.70720
23
-0.32644
33
-5.35062
0
3DFACE
8
A1
10
2.79188
20
-0.14560
30
-5.40275
11
2.92102
21
-0.08815
31
-5.40033
12
2.96539
22
-0.20973
32
-5.34354
13
2.83629
23
-0.26804
33
-5.34703
0
3DFACE
8
A1
10
2.92102
20
-0.08815
30
-5.40033
11
3.05013
21
-0.02992
31
-5.39695
12
3.09449
22
-0.15142
32
-5.34006
13
2.96539
23
-0.20973
33
-5.34354
0
3DFACE
8
A1
10
3.05013
20
-0.02992
30
-5.39695
11
3.17919
21
0.02907
31
-5.39261
12
3.22357
22
-0.09285
32
-5.33626
13
3.09449
23
-0.15142
33
-5.34006
0
3DFACE
8
A1
10
3.17919
20
0.02907
30
-5.39261
11
3.30821
21
0.08885
31
-5.38731
12
3.35264
22
-0.03403
32
-5.33213
13
3.22357
23
-0.09285
33
-5.33626
0
3DFACE
8
A1
10
3.30821
20
0.08885
30
-5.38731
11
3.43718
21
0.14948
31
-5.38094
12
3.48169
22
0.02531
32
-5.32736
13
3.35264
23
-0.03403
33
-5.33213
0
3DFACE
8
A1
10
3.43718
20
0.14948
30
-5.38094
11
3.56612
21
0.21088
31
-5.37360
12
3.61069
22
0.08543
32
-5.32163
13
3.48169
23
0.02531
33
-5.32736
0
3DFACE
8
A1
10
3.56612
20
0.21088
30
-5.37360
11
3.69510
21
0.27143
31
-5.36734
12
3.73969
22
0.14555
32
-5.31590
13
3.61069
23
0.08543
33
-5.32163
0
3DFACE
8
A1
10
3.69510
20
0.27143
30
-5.36734
11
3.82414
21
0.33069
31
-5.36267
12
3.86876
22
0.20437
32
-5.31177
13
3.73969
23
0.14555
33
-5.31590
0
3DFACE
8
A1
10
3.82414
20
0.33069
30
-5.36267
11
3.95324
21
0.38908
31
-5.35908
12
3.99791
22
0.26174
32
-5.30947
13
3.86876
23
0.20437
33
-5.31177
0
3DFACE
8
A1
10
3.95324
20
0.38908
30
-5.35908
11
4.08239
21
0.44636
31
-5.35688
12
4.12711
22
0.31816
32
-5.30834
13
3.99791
23
0.26174
33
-5.30947
0
3DFACE
8
A1
10
4.08239
20
0.44636
30
-5.35688
11
4.21160
21
0.50261
31
-5.35597
12
4.25640
22
0.37294
32
-5.30924
13
4.12711
23
0.31816
33
-5.30834
0
3DFACE
8
A1
10
4.21160
20
0.50261
30
-5.35597
11
4.34080
21
0.55903
31
-5.35484
12
4.38571
22
0.42738
32
-5.31057
13
4.25640
23
0.37294
33
-5.30924
0
3DFACE
8
A1
10
4.34080
20
0.55903
30
-5.35484
11
4.46996
21
0.61613
31
-5.35285
12
4.51498
22
0.48251
32
-5.31104
13
4.38571
23
0.42738
33
-5.31057
0
3DFACE
8
A1
10
4.46996
20
0.61613
30
-5.35285
11
4.59910
21
0.67367
31
-5.35033
12
4.64422
22
0.53816
32
-5.31087
13
4.51498
23
0.48251
33
-5.31104
0
3DFACE
8
A1
10
4.59910
20
0.67367
30
-5.35033
11
4.72811
21
0.73379
31
-5.34460
12
4.77333
22
0.59630
32
-5.30760
13
4.64422
23
0.53816
33
-5.31087
0
3DFACE
8
A1
10
4.72811
20
0.73379
30
-5.34460
11
4.85703
21
0.79528
31
-5.33716
12
4.90229
22
0.65710
32
-5.30102
13
4.77333
23
0.59630
33
-5.30760
0
3DFACE
8
A1
10
4.85703
20
0.79528
30
-5.33716
11
4.98608
21
0.85462
31
-5.33239
12
5.03130
22
0.71713
32
-5.29539
13
4.90229
23
0.65710
33
-5.30102
0
3DFACE
8
A1
10
4.98608
20
0.85462
30
-5.33239
11
5.11510
21
0.91431
31
-5.32719
12
5.16034
22
0.77656
32
-5.29052
13
5.03130
23
0.71713
33
-5.29539
0
3DFACE
8
A1
10
5.11510
20
0.91431
30
-5.32719
11
5.24389
21
0.97838
31
-5.31654
12
5.28909
22
0.84123
32
-5.27912
13
5.16034
23
0.77656
33
-5.29052
0
3DFACE
8
A1
10
5.24389
20
0.97838
30
-5.31654
11
5.37303
21
1.03600
31
-5.31391
12
5.41820
22
0.89946
32
-5.27574
13
5.28909
23
0.84123
33
-5.27912
0
3DFACE
8
A1
10
5.37303
20
1.03600
30
-5.31391
11
5.50245
21
1.08829
31
-5.31792
12
5.54763
22
0.95149
32
-5.28007
13
5.41820
23
0.89946
33
-5.27574
0
3DFACE
8
A1
10
-1.55126
20
-2.28422
30
-5.50732
11
-1.42173
21
-2.23391
31
-5.51379
12
-1.37650
22
-2.37165
32
-5.47712
13
-1.50603
23
-2.42197
33
-5.47065
0
3DFACE
8
A1
10
-1.42173
20
-2.23391
30
-5.51379
11
-1.29245
21
-2.17904
31
-5.51459
12
-1.24722
22
-2.31678
32
-5.47791
13
-1.37650
23
-2.37165
33
-5.47712
0
3DFACE
8
A1
10
-1.29245
20
-2.17904
30
-5.51459
11
-1.16341
21
-2.11961
31
-5.50971
12
-1.11818
22
-2.25736
32
-5.47304
13
-1.24722
23
-2.31678
33
-5.47791
0
3DFACE
8
A1
10
-1.16341
20
-2.11961
30
-5.50971
11
-1.03438
21
-2.06009
31
-5.50473
12
-0.98914
22
-2.19784
32
-5.46806
13
-1.11818
23
-2.25736
33
-5.47304
0
3DFACE
8
A1
10
-1.03438
20
-2.06009
30
-5.50473
11
-0.90534
21
-2.00066
31
-5.49985
12
-0.86010
22
-2.13841
32
-5.46318
13
-0.98914
23
-2.19784
33
-5.46806
0
3DFACE
8
A1
10
-0.90534
20
-2.00066
30
-5.49985
11
-0.77630
21
-1.94115
31
-5.49487
12
-0.73107
22
-2.07898
32
-5.45831
13
-0.86010
23
-2.13841
33
-5.46318
0
3DFACE
8
A1
10
-0.77630
20
-1.94115
30
-5.49487
11
-0.64726
21
-1.88172
31
-5.49000
12
-0.60203
22
-2.01947
32
-5.45332
13
-0.73107
23
-2.07898
33
-5.45831
0
3DFACE
8
A1
10
-0.64726
20
-1.88172
30
-5.49000
11
-0.51823
21
-1.82229
31
-5.48512
12
-0.47299
22
-1.96004
32
-5.44845
13
-0.60203
23
-2.01947
33
-5.45332
0
3DFACE
8
A1
10
-0.51823
20
-1.82229
30
-5.48512
11
-0.38920
21
-1.76269
31
-5.48003
12
-0.34396
22
-1.90053
32
-5.44347
13
-0.47299
23
-1.96004
33
-5.44845
0
3DFACE
8
A1
10
-0.38920
20
-1.76269
30
-5.48003
11
-0.26019
21
-1.70275
31
-5.47452
12
-0.21494
22
-1.84076
32
-5.43816
13
-0.34396
23
-1.90053
33
-5.44347
0
3DFACE
8
A1
10
-0.26019
20
-1.70275
30
-5.47452
11
-0.13117
21
-1.64289
31
-5.46911
12
-0.08591
22
-1.78107
32
-5.43297
13
-0.21494
23
-1.84076
33
-5.43816
0
3DFACE
8
A1
10
-0.13117
20
-1.64289
30
-5.46911
11
-0.00217
21
-1.58269
31
-5.46327
12
0.04311
22
-1.72138
32
-5.42777
13
-0.08591
23
-1.78107
33
-5.43297
0
3DFACE
8
A1
10
-0.00217
20
-1.58269
30
-5.46327
11
0.12682
21
-1.52249
31
-5.45743
12
0.17213
22
-1.66152
32
-5.42236
13
0.04311
23
-1.72138
33
-5.42777
0
3DFACE
8
A1
10
0.12682
20
-1.52249
30
-5.45743
11
0.25583
21
-1.46246
31
-5.45181
12
0.30114
22
-1.60167
32
-5.41695
13
0.17213
23
-1.66152
33
-5.42236
0
3DFACE
8
A1
10
0.25583
20
-1.46246
30
-5.45181
11
0.38483
21
-1.40234
31
-5.44607
12
0.43014
22
-1.54138
32
-5.41101
13
0.30114
23
-1.60167
33
-5.41695
0
3DFACE
8
A1
10
0.38483
20
-1.40234
30
-5.44607
11
0.51383
21
-1.34222
31
-5.44034
12
0.55912
22
-1.48100
32
-5.40496
13
0.43014
23
-1.54138
33
-5.41101
0
3DFACE
8
A1
10
0.51383
20
-1.34222
30
-5.44034
11
0.64285
21
-1.28237
31
-5.43493
12
0.68812
22
-1.42072
32
-5.39901
13
0.55912
23
-1.48100
33
-5.40496
0
3DFACE
8
A1
10
0.64285
20
-1.28237
30
-5.43493
11
0.77187
21
-1.22251
31
-5.42952
12
0.81710
22
-1.36026
32
-5.39285
13
0.68812
23
-1.42072
33
-5.39901
0
3DFACE
8
A1
10
0.77187
20
-1.22251
30
-5.42952
11
0.90083
21
-1.16162
31
-5.42283
12
0.94604
22
-1.29902
32
-5.38573
13
0.81710
23
-1.36026
33
-5.39285
0
3DFACE
8
A1
10
0.90083
20
-1.16162
30
-5.42283
11
1.02983
21
-1.10159
31
-5.41721
12
1.07502
22
-1.23848
32
-5.37946
13
0.94604
23
-1.29902
33
-5.38573
0
3DFACE
8
A1
10
1.02983
20
-1.10159
30
-5.41721
11
1.15884
21
-1.04156
31
-5.41158
12
1.20401
22
-1.17810
32
-5.37341
13
1.07502
23
-1.23848
33
-5.37946
0
3DFACE
8
A1
10
1.15884
20
-1.04156
30
-5.41158
11
1.28784
21
-0.98135
31
-5.40574
12
1.33298
22
-1.11747
32
-5.36704
13
1.20401
23
-1.17810
33
-5.37341
0
3DFACE
8
A1
10
1.28784
20
-0.98135
30
-5.40574
11
1.41678
21
-0.92021
31
-5.39873
12
1.46191
22
-1.05598
32
-5.35960
13
1.33298
23
-1.11747
33
-5.36704
0
3DFACE
8
A1
10
1.41678
20
-0.92021
30
-5.39873
11
1.54578
21
-0.86009
31
-5.39300
12
1.59089
22
-0.99543
32
-5.35333
13
1.46191
23
-1.05598
33
-5.35960
0
3DFACE
8
A1
10
1.54578
20
-0.86009
30
-5.39300
11
1.67478
21
-0.79989
31
-5.38716
12
1.71986
22
-0.93480
32
-5.34696
13
1.59089
23
-0.99543
33
-5.35333
0
3DFACE
8
A1
10
1.67478
20
-0.79989
30
-5.38716
11
1.80377
21
-0.73960
31
-5.38121
12
1.84883
22
-0.87408
32
-5.34048
13
1.71986
23
-0.93480
33
-5.34696
0
3DFACE
8
A1
10
1.80377
20
-0.73960
30
-5.38121
11
1.93278
21
-0.67948
31
-5.37548
12
1.97774
22
-0.81225
32
-5.33261
13
1.84883
23
-0.87408
33
-5.34048
0
3DFACE
8
A1
10
1.93278
20
-0.67948
30
-5.37548
11
2.06184
21
-0.62057
31
-5.37125
12
2.10672
22
-0.75170
32
-5.32634
13
1.97774
23
-0.81225
33
-5.33261
0
3DFACE
8
A1
10
2.06184
20
-0.62057
30
-5.37125
11
2.19090
21
-0.56149
31
-5.36680
12
2.23568
22
-0.69081
32
-5.31965
13
2.10672
23
-0.75170
33
-5.32634
0
3DFACE
8
A1
10
2.19090
20
-0.56149
30
-5.36680
11
2.31996
21
-0.50249
31
-5.36246
12
2.36465
22
-0.63001
32
-5.31306
13
2.23568
23
-0.69081
33
-5.31965
0
3DFACE
8
A1
10
2.31996
20
-0.50249
30
-5.36246
11
2.44904
21
-0.44375
31
-5.35844
12
2.49362
22
-0.56937
32
-5.30669
13
2.36465
23
-0.63001
33
-5.31306
0
3DFACE
8
A1
10
2.44904
20
-0.44375
30
-5.35844
11
2.57811
21
-0.38501
31
-5.35443
12
2.62266
22
-0.51003
32
-5.30192
13
2.49362
23
-0.56937
33
-5.30669
0
3DFACE
8
A1
10
2.57811
20
-0.38501
30
-5.35443
11
2.70720
21
-0.32644
31
-5.35062
12
2.75171
22
-0.45069
32
-5.29715
13
2.62266
23
-0.51003
33
-5.30192
0
3DFACE
8
A1
10
2.70720
20
-0.32644
30
-5.35062
11
2.83629
21
-0.26804
31
-5.34703
12
2.88076
22
-0.39152
32
-5.29260
13
2.75171
23
-0.45069
33
-5.29715
0
3DFACE
8
A1
10
2.83629
20
-0.26804
30
-5.34703
11
2.96539
21
-0.20973
31
-5.34354
12
3.00982
22
-0.33243
32
-5.28815
13
2.88076
23
-0.39152
33
-5.29260
0
3DFACE
8
A1
10
2.96539
20
-0.20973
30
-5.34354
11
3.09449
21
-0.15142
31
-5.34006
12
3.13888
22
-0.27344
32
-5.28381
13
3.00982
23
-0.33243
33
-5.28815
0
3DFACE
8
A1
10
3.09449
20
-0.15142
30
-5.34006
11
3.22357
21
-0.09285
31
-5.33626
12
3.26794
22
-0.21444
32
-5.27947
13
3.13888
23
-0.27344
33
-5.28381
0
3DFACE
8
A1
10
3.22357
20
-0.09285
30
-5.33626
11
3.35264
21
-0.03403
31
-5.33213
12
3.39699
22
-0.15518
32
-5.27481
13
3.26794
23
-0.21444
33
-5.27947
0
3DFACE
8
A1
10
3.35264
20
-0.03403
30
-5.33213
11
3.48169
21
0.02531
31
-5.32736
12
3.52602
22
-0.09567
32
-5.26983
13
3.39699
23
-0.15518
33
-5.27481
0
3DFACE
8
A1
10
3.48169
20
0.02531
30
-5.32736
11
3.61069
21
0.08543
31
-5.32163
12
3.65502
22
-0.03555
32
-5.26409
13
3.52602
23
-0.09567
33
-5.26983
0
3DFACE
8
A1
10
3.61069
20
0.08543
30
-5.32163
11
3.73969
21
0.14555
31
-5.31590
12
3.78403
22
0.02439
32
-5.25858
13
3.65502
23
-0.03555
33
-5.26409
0
3DFACE
8
A1
10
3.73969
20
0.14555
30
-5.31590
11
3.86876
21
0.20437
31
-5.31177
12
3.91311
22
0.08305
32
-5.25467
13
3.78403
23
0.02439
33
-5.25858
0
3DFACE
8
A1
10
3.86876
20
0.20437
30
-5.31177
11
3.99791
21
0.26174
31
-5.30947
12
4.04232
22
0.13929
32
-5.25375
13
3.91311
23
0.08305
33
-5.25467
0
3DFACE
8
A1
10
3.99791
20
0.26174
30
-5.30947
11
4.12711
21
0.31816
31
-5.30834
12
4.17160
22
0.19434
32
-5.25433
13
4.04232
23
0.13929
33
-5.25375
0
3DFACE
8
A1
10
4.12711
20
0.31816
30
-5.30834
11
4.25640
21
0.37294
31
-5.30924
12
4.30095
22
0.24783
32
-5.25684
13
4.17160
23
0.19434
33
-5.25433
0
3DFACE
8
A1
10
4.25640
20
0.37294
30
-5.30924
11
4.38571
21
0.42738
31
-5.31057
12
4.43034
22
0.30090
32
-5.25988
13
4.30095
23
0.24783
33
-5.25684
0
3DFACE
8
A1
10
4.38571
20
0.42738
30
-5.31057
11
4.51498
21
0.48251
31
-5.31104
12
4.55967
22
0.35482
32
-5.26185
13
4.43034
23
0.30090
33
-5.25988
0
3DFACE
8
A1
10
4.51498
20
0.48251
30
-5.31104
11
4.64422
21
0.53816
31
-5.31087
12
4.68895
22
0.40978
32
-5.26254
13
4.55967
23
0.35482
33
-5.26185
0
3DFACE
8
A1
10
4.64422
20
0.53816
30
-5.31087
11
4.77333
21
0.59630
31
-5.30760
12
4.81810
22
0.46715
32
-5.26023
13
4.68895
23
0.40978
33
-5.26254
0
3DFACE
8
A1
10
4.77333
20
0.59630
30
-5.30760
11
4.90229
21
0.65710
31
-5.30102
12
4.94715
22
0.52640
32
-5.25557
13
4.81810
23
0.46715
33
-5.26023
0
3DFACE
8
A1
10
4.90229
20
0.65710
30
-5.30102
11
5.03130
21
0.71713
31
-5.29539
12
5.07618
22
0.58583
32
-5.25070
13
4.94715
23
0.52640
33
-5.25557
0
3DFACE
8
A1
10
5.03130
20
0.71713
30
-5.29539
11
5.16034
21
0.77656
31
-5.29052
12
5.20533
22
0.64328
32
-5.24828
13
5.07618
23
0.58583
33
-5.25070
0
3DFACE
8
A1
10
5.16034
20
0.77656
30
-5.29052
11
5.28909
21
0.84123
31
-5.27912
12
5.33417
22
0.70641
32
-5.23881
13
5.20533
23
0.64328
33
-5.24828
0
3DFACE
8
A1
10
5.28909
20
0.84123
30
-5.27912
11
5.41820
21
0.89946
31
-5.27574
12
5.46334
22
0.76343
32
-5.23693
13
5.33417
23
0.70641
33
-5.23881
0
3DFACE
8
A1
10
5.41820
20
0.89946
30
-5.27574
11
5.54763
21
0.95149
31
-5.28007
12
5.59280
22
0.81494
32
-5.24190
13
5.46334
23
0.76343
33
-5.23693
0
3DFACE
8
A1
10
-1.50603
20
-2.42197
30
-5.47065
11
-1.37650
21
-2.37165
31
-5.47712
12
-1.33126
22
-2.50949
32
-5.44055
13
-1.46079
23
-2.55972
33
-5.43398
0
3DFACE
8
A1
10
-1.37650
20
-2.37165
30
-5.47712
11
-1.24722
21
-2.31678
31
-5.47791
12
-1.20198
22
-2.45462
32
-5.44135
13
-1.33126
23
-2.50949
33
-5.44055
0
3DFACE
8
A1
10
-1.24722
20
-2.31678
30
-5.47791
11
-1.11818
21
-2.25736
31
-5.47304
12
-1.07294
22
-2.39510
32
-5.43637
13
-1.20198
23
-2.45462
33
-5.44135
0
3DFACE
8
A1
10
-1.11818
20
-2.25736
30
-5.47304
11
-0.98914
21
-2.19784
31
-5.46806
12
-0.94390
22
-2.33568
32
-5.43149
13
-1.07294
23
-2.39510
33
-5.43637
0
3DFACE
8
A1
10
-0.98914
20
-2.19784
30
-5.46806
11
-0.86010
21
-2.13841
31
-5.46318
12
-0.81487
22
-2.27616
32
-5.42651
13
-0.94390
23
-2.33568
33
-5.43149
0
3DFACE
8
A1
10
-0.86010
20
-2.13841
30
-5.46318
11
-0.73107
21
-2.07898
31
-5.45831
12
-0.68583
22
-2.21673
32
-5.42163
13
-0.81487
23
-2.27616
33
-5.42651
0
3DFACE
8
A1
10
-0.73107
20
-2.07898
30
-5.45831
11
-0.60203
21
-2.01947
31
-5.45332
12
-0.55680
22
-2.15722
32
-5.41665
13
-0.68583
23
-2.21673
33
-5.42163
0
3DFACE
8
A1
10
-0.60203
20
-2.01947
30
-5.45332
11
-0.47299
21
-1.96004
31
-5.44845
12
-0.42776
22
-2.09779
32
-5.41178
13
-0.55680
23
-2.15722
33
-5.41665
0
3DFACE
8
A1
10
-0.47299
20
-1.96004
30
-5.44845
11
-0.34396
21
-1.90053
31
-5.44347
12
-0.29873
22
-2.03828
32
-5.40680
13
-0.42776
23
-2.09779
33
-5.41178
0
3DFACE
8
A1
10
-0.34396
20
-1.90053
30
-5.44347
11
-0.21494
21
-1.84076
31
-5.43816
12
-0.16969
22
-1.97885
32
-5.40192
13
-0.29873
23
-2.03828
33
-5.40680
0
3DFACE
8
A1
10
-0.21494
20
-1.84076
30
-5.43816
11
-0.08591
21
-1.78107
31
-5.43297
12
-0.04065
22
-1.91933
32
-5.39694
13
-0.16969
23
-1.97885
33
-5.40192
0
3DFACE
8
A1
10
-0.08591
20
-1.78107
30
-5.43297
11
0.04311
21
-1.72138
31
-5.42777
12
0.08839
22
-1.85991
32
-5.39206
13
-0.04065
23
-1.91933
33
-5.39694
0
3DFACE
8
A1
10
0.04311
20
-1.72138
30
-5.42777
11
0.17213
21
-1.66152
31
-5.42236
12
0.21742
22
-1.80039
32
-5.38708
13
0.08839
23
-1.85991
33
-5.39206
0
3DFACE
8
A1
10
0.17213
20
-1.66152
30
-5.42236
11
0.30114
21
-1.60167
31
-5.41695
12
0.34646
22
-1.74096
32
-5.38221
13
0.21742
23
-1.80039
33
-5.38708
0
3DFACE
8
A1
10
0.30114
20
-1.60167
30
-5.41695
11
0.43014
21
-1.54138
31
-5.41101
12
0.47547
22
-1.68093
32
-5.37658
13
0.34646
23
-1.74096
33
-5.38221
0
3DFACE
8
A1
10
0.43014
20
-1.54138
30
-5.41101
11
0.55912
21
-1.48100
31
-5.40496
12
0.60447
22
-1.62090
32
-5.37096
13
0.47547
23
-1.68093
33
-5.37658
0
3DFACE
8
A1
10
0.55912
20
-1.48100
30
-5.40496
11
0.68812
21
-1.42072
31
-5.39901
12
0.73348
22
-1.56087
32
-5.36533
13
0.60447
23
-1.62090
33
-5.37096
0
3DFACE
8
A1
10
0.68812
20
-1.42072
30
-5.39901
11
0.81710
21
-1.36026
31
-5.39285
12
0.86248
22
-1.50067
32
-5.35950
13
0.73348
23
-1.56087
33
-5.36533
0
3DFACE
8
A1
10
0.81710
20
-1.36026
30
-5.39285
11
0.94604
21
-1.29902
31
-5.38573
12
0.99143
22
-1.43961
32
-5.35259
13
0.86248
23
-1.50067
33
-5.35950
0
3DFACE
8
A1
10
0.94604
20
-1.29902
30
-5.38573
11
1.07502
21
-1.23848
31
-5.37946
12
1.12041
22
-1.37915
32
-5.34643
13
0.99143
23
-1.43961
33
-5.35259
0
3DFACE
8
A1
10
1.07502
20
-1.23848
30
-5.37946
11
1.20401
21
-1.17810
31
-5.37341
12
1.24938
22
-1.31852
32
-5.34006
13
1.12041
23
-1.37915
33
-5.34643
0
3DFACE
8
A1
10
1.20401
20
-1.17810
30
-5.37341
11
1.33298
21
-1.11747
31
-5.36704
12
1.37835
22
-1.25780
32
-5.33358
13
1.24938
23
-1.31852
33
-5.34006
0
3DFACE
8
A1
10
1.33298
20
-1.11747
30
-5.36704
11
1.46191
21
-1.05598
31
-5.35960
12
1.50726
22
-1.19596
32
-5.32571
13
1.37835
23
-1.25780
33
-5.33358
0
3DFACE
8
A1
10
1.46191
20
-1.05598
30
-5.35960
11
1.59089
21
-0.99543
31
-5.35333
12
1.63622
22
-1.13507
32
-5.31901
13
1.50726
23
-1.19596
33
-5.32571
0
3DFACE
8
A1
10
1.59089
20
-0.99543
30
-5.35333
11
1.71986
21
-0.93480
31
-5.34696
12
1.76517
22
-1.07401
32
-5.31210
13
1.63622
23
-1.13507
33
-5.31901
0
3DFACE
8
A1
10
1.71986
20
-0.93480
30
-5.34696
11
1.84883
21
-0.87408
31
-5.34048
12
1.89413
22
-1.01295
32
-5.30520
13
1.76517
23
-1.07401
33
-5.31210
0
3DFACE
8
A1
10
1.84883
20
-0.87408
30
-5.34048
11
1.97774
21
-0.81225
31
-5.33261
12
2.02301
22
-0.95068
32
-5.29679
13
1.89413
23
-1.01295
33
-5.30520
0
3DFACE
8
A1
10
1.97774
20
-0.81225
30
-5.33261
11
2.10672
21
-0.75170
31
-5.32634
12
2.15197
22
-0.88971
32
-5.28999
13
2.02301
23
-0.95068
33
-5.29679
0
3DFACE
8
A1
10
2.10672
20
-0.75170
30
-5.32634
11
2.23568
21
-0.69081
31
-5.31965
12
2.28091
22
-0.82847
32
-5.28287
13
2.15197
23
-0.88971
33
-5.28999
0
3DFACE
8
A1
10
2.23568
20
-0.69081
30
-5.31965
11
2.36465
21
-0.63001
31
-5.31306
12
2.40985
22
-0.76724
32
-5.27574
13
2.28091
23
-0.82847
33
-5.28287
0
3DFACE
8
A1
10
2.36465
20
-0.63001
30
-5.31306
11
2.49362
21
-0.56937
31
-5.30669
12
2.53872
22
-0.70463
32
-5.26691
13
2.40985
23
-0.76724
33
-5.27574
0
3DFACE
8
A1
10
2.49362
20
-0.56937
30
-5.30669
11
2.62266
21
-0.51003
31
-5.30192
12
2.66766
22
-0.64339
32
-5.25979
13
2.53872
23
-0.70463
33
-5.26691
0
3DFACE
8
A1
10
2.62266
20
-0.51003
30
-5.30192
11
2.75171
21
-0.45069
31
-5.29715
12
2.79659
22
-0.58199
32
-5.25245
13
2.66766
23
-0.64339
33
-5.25979
0
3DFACE
8
A1
10
2.75171
20
-0.45069
30
-5.29715
11
2.88076
21
-0.39152
31
-5.29260
12
2.92554
22
-0.52084
32
-5.24544
13
2.79659
23
-0.58199
33
-5.25245
0
3DFACE
8
A1
10
2.88076
20
-0.39152
30
-5.29260
11
3.00982
21
-0.33243
31
-5.28815
12
3.05448
22
-0.45961
32
-5.23832
13
2.92554
23
-0.52084
33
-5.24544
0
3DFACE
8
A1
10
3.00982
20
-0.33243
30
-5.28815
11
3.13888
21
-0.27344
31
-5.28381
12
3.18351
22
-0.39992
32
-5.23312
13
3.05448
23
-0.45961
33
-5.23832
0
3DFACE
8
A1
10
3.13888
20
-0.27344
30
-5.28381
11
3.26794
21
-0.21444
31
-5.27947
12
3.31254
22
-0.34032
32
-5.22803
13
3.18351
23
-0.39992
33
-5.23312
0
3DFACE
8
A1
10
3.26794
20
-0.21444
30
-5.27947
11
3.39699
21
-0.15518
31
-5.27481
12
3.44156
22
-0.28063
32
-5.22284
13
3.31254
23
-0.34032
33
-5.22803
0
3DFACE
8
A1
10
3.39699
20
-0.15518
30
-5.27481
11
3.52602
21
-0.09567
31
-5.26983
12
3.57058
22
-0.22078
32
-5.21743
13
3.44156
23
-0.28063
33
-5.22284
0
3DFACE
8
A1
10
3.52602
20
-0.09567
30
-5.26983
11
3.65502
21
-0.03555
31
-5.26409
12
3.69956
22
-0.16040
32
-5.21137
13
3.57058
23
-0.22078
33
-5.21743
0
3DFACE
8
A1
10
3.65502
20
-0.03555
30
-5.26409
11
3.78403
21
0.02439
31
-5.25858
12
3.82857
22
-0.10029
32
-5.20564
13
3.69956
23
-0.16040
33
-5.21137
0
3DFACE
8
A1
10
3.78403
20
0.02439
30
-5.25858
11
3.91311
21
0.08305
31
-5.25467
12
3.95761
22
-0.04103
32
-5.20098
13
3.82857
23
-0.10029
33
-5.20564
0
3DFACE
8
A1
10
3.91311
20
0.08305
30
-5.25467
11
4.04232
21
0.13929
31
-5.25375
12
4.08678
22
0.01608
32
-5.19900
13
3.95761
23
-0.04103
33
-5.20098
0
3DFACE
8
A1
10
4.04232
20
0.13929
30
-5.25375
11
4.17160
21
0.19434
31
-5.25433
12
4.21605
22
0.07112
32
-5.19958
13
4.08678
23
0.01608
33
-5.19900
0
3DFACE
8
A1
10
4.17160
20
0.19434
30
-5.25433
11
4.30095
21
0.24783
31
-5.25684
12
4.34541
22
0.12462
32
-5.20208
13
4.21605
23
0.07112
33
-5.19958
0
3DFACE
8
A1
10
4.30095
20
0.24783
30
-5.25684
11
4.43034
21
0.30090
31
-5.25988
12
4.47481
22
0.17734
32
-5.20555
13
4.34541
23
0.12462
33
-5.20208
0
3DFACE
8
A1
10
4.43034
20
0.30090
30
-5.25988
11
4.55967
21
0.35482
31
-5.26185
12
4.60421
22
0.23006
32
-5.20902
13
4.47481
23
0.17734
33
-5.20555
0
3DFACE
8
A1
10
4.55967
20
0.35482
30
-5.26185
11
4.68895
21
0.40978
31
-5.26254
12
4.73361
22
0.28269
32
-5.21260
13
4.60421
23
0.23006
33
-5.20902
0
3DFACE
8
A1
10
4.68895
20
0.40978
30
-5.26254
11
4.81810
21
0.46715
31
-5.26023
12
4.86283
22
0.33877
32
-5.21190
13
4.73361
23
0.28269
33
-5.21260
0
3DFACE
8
A1
10
4.81810
20
0.46715
30
-5.26023
11
4.94715
21
0.52640
31
-5.25557
12
4.99197
22
0.39622
32
-5.20948
13
4.86283
23
0.33877
33
-5.21190
0
3DFACE
8
A1
10
4.94715
20
0.52640
30
-5.25557
11
5.07618
21
0.58583
31
-5.25070
12
5.12107
22
0.45462
32
-5.20589
13
4.99197
23
0.39622
33
-5.20948
0
3DFACE
8
A1
10
5.07618
20
0.58583
30
-5.25070
11
5.20533
21
0.64328
31
-5.24828
12
5.25034
22
0.50966
32
-5.20648
13
5.12107
23
0.45462
33
-5.20589
0
3DFACE
8
A1
10
5.20533
20
0.64328
30
-5.24828
11
5.33417
21
0.70641
31
-5.23881
12
5.37935
22
0.56969
32
-5.20085
13
5.25034
23
0.50966
33
-5.20648
0
3DFACE
8
A1
10
5.33417
20
0.70641
30
-5.23881
11
5.46334
21
0.76343
31
-5.23693
12
5.50869
22
0.62344
32
-5.20304
13
5.37935
23
0.56969
33
-5.20085
0
3DFACE
8
A1
10
5.46334
20
0.76343
30
-5.23693
11
5.59280
21
0.81494
31
-5.24190
12
5.63829
22
0.67238
32
-5.21122
13
5.50869
23
0.62344
33
-5.20304
0
3DFACE
8
A1
10
-1.46079
20
-2.55972
30
-5.43398
11
-1.33126
21
-2.50949
31
-5.44055
12
-1.28603
22
-2.64724
32
-5.40388
13
-1.41556
23
-2.69747
33
-5.39731
0
3DFACE
8
A1
10
-1.33126
20
-2.50949
30
-5.44055
11
-1.20198
21
-2.45462
31
-5.44135
12
-1.15674
22
-2.59237
32
-5.40468
13
-1.28603
23
-2.64724
33
-5.40388
0
3DFACE
8
A1
10
-1.20198
20
-2.45462
30
-5.44135
11
-1.07294
21
-2.39510
31
-5.43637
12
-1.02771
22
-2.53285
32
-5.39969
13
-1.15674
23
-2.59237
33
-5.40468
0
3DFACE
8
A1
10
-1.07294
20
-2.39510
30
-5.43637
11
-0.94390
21
-2.33568
31
-5.43149
12
-0.89867
22
-2.47342
32
-5.39482
13
-1.02771
23
-2.53285
33
-5.39969
0
3DFACE
8
A1
10
-0.94390
20
-2.33568
30
-5.43149
11
-0.81487
21
-2.27616
31
-5.42651
12
-0.76964
22
-2.41391
32
-5.38984
13
-0.89867
23
-2.47342
33
-5.39482
0
3DFACE
8
A1
10
-0.81487
20
-2.27616
30
-5.42651
11
-0.68583
21
-2.21673
31
-5.42163
12
-0.64060
22
-2.35448
32
-5.38496
13
-0.76964
23
-2.41391
33
-5.38984
0
3DFACE
8
A1
10
-0.68583
20
-2.21673
30
-5.42163
11
-0.55680
21
-2.15722
31
-5.41665
12
-0.51156
22
-2.29497
32
-5.37998
13
-0.64060
23
-2.35448
33
-5.38496
0
3DFACE
8
A1
10
-0.55680
20
-2.15722
30
-5.41665
11
-0.42776
21
-2.09779
31
-5.41178
12
-0.38253
22
-2.23554
32
-5.37510
13
-0.51156
23
-2.29497
33
-5.37998
0
3DFACE
8
A1
10
-0.42776
20
-2.09779
30
-5.41178
11
-0.29873
21
-2.03828
31
-5.40680
12
-0.25349
22
-2.17603
32
-5.37012
13
-0.38253
23
-2.23554
33
-5.37510
0
3DFACE
8
A1
10
-0.29873
20
-2.03828
30
-5.40680
11
-0.16969
21
-1.97885
31
-5.40192
12
-0.12445
22
-2.11660
32
-5.36525
13
-0.25349
23
-2.17603
33
-5.37012
0
3DFACE
8
A1
10
-0.16969
20
-1.97885
30
-5.40192
11
-0.04065
21
-1.91933
31
-5.39694
12
0.00458
22
-2.05708
32
-5.36027
13
-0.12445
23
-2.11660
33
-5.36525
0
3DFACE
8
A1
10
-0.04065
20
-1.91933
30
-5.39694
11
0.08839
21
-1.85991
31
-5.39206
12
0.13362
22
-1.99765
32
-5.35539
13
0.00458
23
-2.05708
33
-5.36027
0
3DFACE
8
A1
10
0.08839
20
-1.85991
30
-5.39206
11
0.21742
21
-1.80039
31
-5.38708
12
0.26265
22
-1.93814
32
-5.35041
13
0.13362
23
-1.99765
33
-5.35539
0
3DFACE
8
A1
10
0.21742
20
-1.80039
30
-5.38708
11
0.34646
21
-1.74096
31
-5.38221
12
0.39169
22
-1.87871
32
-5.34553
13
0.26265
23
-1.93814
33
-5.35041
0
3DFACE
8
A1
10
0.34646
20
-1.74096
30
-5.38221
11
0.47547
21
-1.68093
31
-5.37658
12
0.52073
22
-1.81920
32
-5.34055
13
0.39169
23
-1.87871
33
-5.34553
0
3DFACE
8
A1
10
0.47547
20
-1.68093
30
-5.37658
11
0.60447
21
-1.62090
31
-5.37096
12
0.64976
22
-1.75977
32
-5.33568
13
0.52073
23
-1.81920
33
-5.34055
0
3DFACE
8
A1
10
0.60447
20
-1.62090
30
-5.37096
11
0.73348
21
-1.56087
31
-5.36533
12
0.77880
22
-1.70026
32
-5.33069
13
0.64976
23
-1.75977
33
-5.33568
0
3DFACE
8
A1
10
0.73348
20
-1.56087
30
-5.36533
11
0.86248
21
-1.50067
31
-5.35950
12
0.90784
22
-1.64083
32
-5.32582
13
0.77880
23
-1.70026
33
-5.33069
0
3DFACE
8
A1
10
0.86248
20
-1.50067
30
-5.35950
11
0.99143
21
-1.43961
31
-5.35259
12
1.03683
22
-1.58054
32
-5.31987
13
0.90784
23
-1.64083
33
-5.32582
0
3DFACE
8
A1
10
0.99143
20
-1.43961
30
-5.35259
11
1.12041
21
-1.37915
31
-5.34643
12
1.16582
22
-1.52025
32
-5.31393
13
1.03683
23
-1.58054
33
-5.31987
0
3DFACE
8
A1
10
1.12041
20
-1.37915
30
-5.34643
11
1.24938
21
-1.31852
31
-5.34006
12
1.29482
22
-1.45996
32
-5.30798
13
1.16582
23
-1.52025
33
-5.31393
0
3DFACE
8
A1
10
1.24938
20
-1.31852
30
-5.34006
11
1.37835
21
-1.25780
31
-5.33358
12
1.42380
22
-1.39950
32
-5.30183
13
1.29482
23
-1.45996
33
-5.30798
0
3DFACE
8
A1
10
1.37835
20
-1.25780
30
-5.33358
11
1.50726
21
-1.19596
31
-5.32571
12
1.55272
22
-1.33792
32
-5.29428
13
1.42380
23
-1.39950
33
-5.30183
0
3DFACE
8
A1
10
1.50726
20
-1.19596
30
-5.32571
11
1.63622
21
-1.13507
31
-5.31901
12
1.68170
22
-1.27738
32
-5.28801
13
1.55272
23
-1.33792
33
-5.29428
0
3DFACE
8
A1
10
1.63622
20
-1.13507
30
-5.31901
11
1.76517
21
-1.07401
31
-5.31210
12
1.81066
22
-1.21649
32
-5.28132
13
1.68170
23
-1.27738
33
-5.28801
0
3DFACE
8
A1
10
1.76517
20
-1.07401
30
-5.31210
11
1.89413
21
-1.01295
31
-5.30520
12
1.93962
22
-1.15551
32
-5.27451
13
1.81066
23
-1.21649
33
-5.28132
0
3DFACE
8
A1
10
1.89413
20
-1.01295
30
-5.30520
11
2.02301
21
-0.95068
31
-5.29679
12
2.06850
22
-1.09325
32
-5.26611
13
1.93962
23
-1.15551
33
-5.27451
0
3DFACE
8
A1
10
2.02301
20
-0.95068
30
-5.29679
11
2.15197
21
-0.88971
31
-5.28999
12
2.19745
22
-1.03201
32
-5.25899
13
2.06850
23
-1.09325
33
-5.26611
0
3DFACE
8
A1
10
2.15197
20
-0.88971
30
-5.28999
11
2.28091
21
-0.82847
31
-5.28287
12
2.32636
22
-0.97035
32
-5.25133
13
2.19745
23
-1.03201
33
-5.25899
0
3DFACE
8
A1
10
2.28091
20
-0.82847
30
-5.28287
11
2.40985
21
-0.76724
31
-5.27574
12
2.45528
22
-0.90868
32
-5.24367
13
2.32636
23
-0.97035
33
-5.25133
0
3DFACE
8
A1
10
2.40985
20
-0.76724
30
-5.27574
11
2.53872
21
-0.70463
31
-5.26691
12
2.58413
22
-0.84573
32
-5.23441
13
2.45528
23
-0.90868
33
-5.24367
0
3DFACE
8
A1
10
2.53872
20
-0.70463
30
-5.26691
11
2.66766
21
-0.64339
31
-5.25979
12
2.71305
22
-0.78398
32
-5.22665
13
2.58413
23
-0.84573
33
-5.23441
0
3DFACE
8
A1
10
2.66766
20
-0.64339
30
-5.25979
11
2.79659
21
-0.58199
31
-5.25245
12
2.84196
22
-0.72223
32
-5.21888
13
2.71305
23
-0.78398
33
-5.22665
0
3DFACE
8
A1
10
2.79659
20
-0.58199
30
-5.25245
11
2.92554
21
-0.52084
31
-5.24544
12
2.97088
22
-0.66065
32
-5.21133
13
2.84196
23
-0.72223
33
-5.21888
0
3DFACE
8
A1
10
2.92554
20
-0.52084
30
-5.24544
11
3.05448
21
-0.45961
31
-5.23832
12
3.09981
22
-0.59908
32
-5.20378
13
2.97088
23
-0.66065
33
-5.21133
0
3DFACE
8
A1
10
3.05448
20
-0.45961
30
-5.23832
11
3.18351
21
-0.39992
31
-5.23312
12
3.22871
22
-0.53715
32
-5.19581
13
3.09981
23
-0.59908
33
-5.20378
0
3DFACE
8
A1
10
3.18351
20
-0.39992
30
-5.23312
11
3.31254
21
-0.34032
31
-5.22803
12
3.35762
22
-0.47523
32
-5.18783
13
3.22871
23
-0.53715
33
-5.19581
0
3DFACE
8
A1
10
3.31254
20
-0.34032
30
-5.22803
11
3.44156
21
-0.28063
31
-5.22284
12
3.48653
22
-0.41348
32
-5.18006
13
3.35762
23
-0.47523
33
-5.18783
0
3DFACE
8
A1
10
3.44156
20
-0.28063
30
-5.22284
11
3.57058
21
-0.22078
31
-5.21743
12
3.61544
22
-0.35156
32
-5.17209
13
3.48653
23
-0.41348
33
-5.18006
0
3DFACE
8
A1
10
3.57058
20
-0.22078
30
-5.21743
11
3.69956
21
-0.16040
31
-5.21137
12
3.74432
22
-0.28929
32
-5.16368
13
3.61544
23
-0.35156
33
-5.17209
0
3DFACE
8
A1
10
3.69956
20
-0.16040
30
-5.21137
11
3.82857
21
-0.10029
31
-5.20564
12
3.87331
22
-0.22901
32
-5.15774
13
3.74432
23
-0.28929
33
-5.16368
0
3DFACE
8
A1
10
3.82857
20
-0.10029
30
-5.20564
11
3.95761
21
-0.04103
31
-5.20098
12
4.00233
22
-0.16906
32
-5.15222
13
3.87331
23
-0.22901
33
-5.15774
0
3DFACE
8
A1
10
3.95761
20
-0.04103
30
-5.20098
11
4.08678
21
0.01608
31
-5.19900
12
4.13144
22
-0.11101
32
-5.14906
13
4.00233
23
-0.16906
33
-5.15222
0
3DFACE
8
A1
10
4.08678
20
0.01608
30
-5.19900
11
4.21605
21
0.07112
31
-5.19958
12
4.26064
22
-0.05459
32
-5.14793
13
4.13144
23
-0.11101
33
-5.14906
0
3DFACE
8
A1
10
4.21605
20
0.07112
30
-5.19958
11
4.34541
21
0.12462
31
-5.20208
12
4.38993
22
0.00011
32
-5.14893
13
4.26064
23
-0.05459
33
-5.14793
0
3DFACE
8
A1
10
4.34541
20
0.12462
30
-5.20208
11
4.47481
21
0.17734
31
-5.20555
12
4.51926
22
0.05403
32
-5.15091
13
4.38993
23
0.00011
33
-5.14893
0
3DFACE
8
A1
10
4.47481
20
0.17734
30
-5.20555
11
4.60421
21
0.23006
31
-5.20902
12
4.64865
22
0.10710
32
-5.15395
13
4.51926
23
0.05403
33
-5.15091
0
3DFACE
8
A1
10
4.60421
20
0.23006
30
-5.20902
11
4.73361
21
0.28269
31
-5.21260
12
4.77808
22
0.15913
32
-5.15828
13
4.64865
23
0.10710
33
-5.15395
0
3DFACE
8
A1
10
4.73361
20
0.28269
30
-5.21260
11
4.86283
21
0.33877
31
-5.21190
12
4.90736
22
0.21400
32
-5.15907
13
4.77808
23
0.15913
33
-5.15828
0
3DFACE
8
A1
10
4.86283
20
0.33877
30
-5.21190
11
4.99197
21
0.39622
31
-5.20948
12
5.03662
22
0.26939
32
-5.15922
13
4.90736
23
0.21400
33
-5.15907
0
3DFACE
8
A1
10
4.99197
20
0.39622
30
-5.20948
11
5.12107
21
0.45462
31
-5.20589
12
5.16587
22
0.32486
32
-5.15927
13
5.03662
23
0.26939
33
-5.15922
0
3DFACE
8
A1
10
5.12107
20
0.45462
30
-5.20589
11
5.25034
21
0.50966
31
-5.20648
12
5.29520
22
0.37879
32
-5.16124
13
5.16587
23
0.32486
33
-5.15927
0
3DFACE
8
A1
10
5.25034
20
0.50966
30
-5.20648
11
5.37935
21
0.56969
31
-5.20085
12
5.42438
22
0.43564
32
-5.15958
13
5.29520
23
0.37879
33
-5.16124
0
3DFACE
8
A1
10
5.37935
20
0.56969
30
-5.20085
11
5.50869
21
0.62344
31
-5.20304
12
5.55389
22
0.48638
32
-5.16551
13
5.42438
23
0.43564
33
-5.15958
0
3DFACE
8
A1
10
5.50869
20
0.62344
30
-5.20304
11
5.63829
21
0.67238
31
-5.21122
12
5.68360
22
0.53326
32
-5.17625
13
5.55389
23
0.48638
33
-5.16551
0
3DFACE
8
A1
10
-1.41556
20
-2.69747
30
-5.39731
11
-1.28603
21
-2.64724
31
-5.40388
12
-1.24079
22
-2.78499
32
-5.36721
13
-1.37032
23
-2.83530
33
-5.36074
0
3DFACE
8
A1
10
-1.28603
20
-2.64724
30
-5.40388
11
-1.15674
21
-2.59237
31
-5.40468
12
-1.11151
22
-2.73012
32
-5.36800
13
-1.24079
23
-2.78499
33
-5.36721
0
3DFACE
8
A1
10
-1.15674
20
-2.59237
30
-5.40468
11
-1.02771
21
-2.53285
31
-5.39969
12
-0.98247
22
-2.67069
32
-5.36313
13
-1.11151
23
-2.73012
33
-5.36800
0
3DFACE
8
A1
10
-1.02771
20
-2.53285
30
-5.39969
11
-0.89867
21
-2.47342
31
-5.39482
12
-0.85344
22
-2.61117
32
-5.35815
13
-0.98247
23
-2.67069
33
-5.36313
0
3DFACE
8
A1
10
-0.89867
20
-2.47342
30
-5.39482
11
-0.76964
21
-2.41391
31
-5.38984
12
-0.72440
22
-2.55175
32
-5.35327
13
-0.85344
23
-2.61117
33
-5.35815
0
3DFACE
8
A1
10
-0.76964
20
-2.41391
30
-5.38984
11
-0.64060
21
-2.35448
31
-5.38496
12
-0.59537
22
-2.49223
32
-5.34829
13
-0.72440
23
-2.55175
33
-5.35327
0
3DFACE
8
A1
10
-0.64060
20
-2.35448
30
-5.38496
11
-0.51156
21
-2.29497
31
-5.37998
12
-0.46633
22
-2.43280
32
-5.34341
13
-0.59537
23
-2.49223
33
-5.34829
0
3DFACE
8
A1
10
-0.51156
20
-2.29497
30
-5.37998
11
-0.38253
21
-2.23554
31
-5.37510
12
-0.33729
22
-2.37329
32
-5.33843
13
-0.46633
23
-2.43280
33
-5.34341
0
3DFACE
8
A1
10
-0.38253
20
-2.23554
30
-5.37510
11
-0.25349
21
-2.17603
31
-5.37012
12
-0.20825
22
-2.31386
32
-5.33356
13
-0.33729
23
-2.37329
33
-5.33843
0
3DFACE
8
A1
10
-0.25349
20
-2.17603
30
-5.37012
11
-0.12445
21
-2.11660
31
-5.36525
12
-0.07922
22
-2.25435
32
-5.32858
13
-0.20825
23
-2.31386
33
-5.33356
0
3DFACE
8
A1
10
-0.12445
20
-2.11660
30
-5.36525
11
0.00458
21
-2.05708
31
-5.36027
12
0.04982
22
-2.19492
32
-5.32370
13
-0.07922
23
-2.25435
33
-5.32858
0
3DFACE
8
A1
10
0.00458
20
-2.05708
30
-5.36027
11
0.13362
21
-1.99765
31
-5.35539
12
0.17885
22
-2.13540
32
-5.31872
13
0.04982
23
-2.19492
33
-5.32370
0
3DFACE
8
A1
10
0.13362
20
-1.99765
30
-5.35539
11
0.26265
21
-1.93814
31
-5.35041
12
0.30789
22
-2.07598
32
-5.31384
13
0.17885
23
-2.13540
33
-5.31872
0
3DFACE
8
A1
10
0.26265
20
-1.93814
30
-5.35041
11
0.39169
21
-1.87871
31
-5.34553
12
0.43693
22
-2.01646
32
-5.30886
13
0.30789
23
-2.07598
33
-5.31384
0
3DFACE
8
A1
10
0.39169
20
-1.87871
30
-5.34553
11
0.52073
21
-1.81920
31
-5.34055
12
0.56596
22
-1.95703
32
-5.30399
13
0.43693
23
-2.01646
33
-5.30886
0
3DFACE
8
A1
10
0.52073
20
-1.81920
30
-5.34055
11
0.64976
21
-1.75977
31
-5.33568
12
0.69500
22
-1.89752
32
-5.29900
13
0.56596
23
-1.95703
33
-5.30399
0
3DFACE
8
A1
10
0.64976
20
-1.75977
30
-5.33568
11
0.77880
21
-1.70026
31
-5.33069
12
0.82404
22
-1.83809
32
-5.29413
13
0.69500
23
-1.89752
33
-5.29900
0
3DFACE
8
A1
10
0.77880
20
-1.70026
30
-5.33069
11
0.90784
21
-1.64083
31
-5.32582
12
0.95307
22
-1.77858
32
-5.28915
13
0.82404
23
-1.83809
33
-5.29413
0
3DFACE
8
A1
10
0.90784
20
-1.64083
30
-5.32582
11
1.03683
21
-1.58054
31
-5.31987
12
1.08211
22
-1.71915
32
-5.28427
13
0.95307
23
-1.77858
33
-5.28915
0
3DFACE
8
A1
10
1.03683
20
-1.58054
30
-5.31987
11
1.16582
21
-1.52025
31
-5.31393
12
1.21114
22
-1.65963
32
-5.27929
13
1.08211
23
-1.71915
33
-5.28427
0
3DFACE
8
A1
10
1.16582
20
-1.52025
30
-5.31393
11
1.29482
21
-1.45996
31
-5.30798
12
1.34018
22
-1.60020
32
-5.27441
13
1.21114
23
-1.65963
33
-5.27929
0
3DFACE
8
A1
10
1.29482
20
-1.45996
30
-5.30798
11
1.42380
21
-1.39950
31
-5.30183
12
1.46922
22
-1.54069
32
-5.26943
13
1.34018
23
-1.60020
33
-5.27441
0
3DFACE
8
A1
10
1.42380
20
-1.39950
30
-5.30183
11
1.55272
21
-1.33792
31
-5.29428
12
1.59820
22
-1.48014
32
-5.26317
13
1.46922
23
-1.54069
33
-5.26943
0
3DFACE
8
A1
10
1.55272
20
-1.33792
30
-5.29428
11
1.68170
21
-1.27738
31
-5.28801
12
1.72718
22
-1.41968
32
-5.25701
13
1.59820
23
-1.48014
33
-5.26317
0
3DFACE
8
A1
10
1.68170
20
-1.27738
30
-5.28801
11
1.81066
21
-1.21649
31
-5.28132
12
1.85615
22
-1.35905
32
-5.25063
13
1.72718
23
-1.41968
33
-5.25701
0
3DFACE
8
A1
10
1.81066
20
-1.21649
30
-5.28132
11
1.93962
21
-1.15551
31
-5.27451
12
1.98513
22
-1.29842
32
-5.24426
13
1.85615
23
-1.35905
33
-5.25063
0
3DFACE
8
A1
10
1.93962
20
-1.15551
30
-5.27451
11
2.06850
21
-1.09325
31
-5.26611
12
2.11403
22
-1.23650
32
-5.23628
13
1.98513
23
-1.29842
33
-5.24426
0
3DFACE
8
A1
10
2.06850
20
-1.09325
30
-5.26611
11
2.19745
21
-1.03201
31
-5.25899
12
2.24299
22
-1.17552
32
-5.22948
13
2.11403
23
-1.23650
33
-5.23628
0
3DFACE
8
A1
10
2.19745
20
-1.03201
30
-5.25899
11
2.32636
21
-0.97035
31
-5.25133
12
2.37193
22
-1.11437
32
-5.22247
13
2.24299
23
-1.17552
33
-5.22948
0
3DFACE
8
A1
10
2.32636
20
-0.97035
30
-5.25133
11
2.45528
21
-0.90868
31
-5.24367
12
2.50088
22
-1.05314
32
-5.21535
13
2.37193
23
-1.11437
33
-5.22247
0
3DFACE
8
A1
10
2.45528
20
-0.90868
30
-5.24367
11
2.58413
21
-0.84573
31
-5.23441
12
2.62973
22
-0.99036
32
-5.20630
13
2.50088
23
-1.05314
33
-5.21535
0
3DFACE
8
A1
10
2.58413
20
-0.84573
30
-5.23441
11
2.71305
21
-0.78398
31
-5.22665
12
2.75865
22
-0.92869
32
-5.19864
13
2.62973
23
-0.99036
33
-5.20630
0
3DFACE
8
A1
10
2.71305
20
-0.78398
30
-5.22665
11
2.84196
21
-0.72223
31
-5.21888
12
2.88755
22
-0.86669
32
-5.19056
13
2.75865
23
-0.92869
33
-5.19864
0
3DFACE
8
A1
10
2.84196
20
-0.72223
30
-5.21888
11
2.97088
21
-0.66065
31
-5.21133
12
3.01646
22
-0.80477
32
-5.18258
13
2.88755
23
-0.86669
33
-5.19056
0
3DFACE
8
A1
10
2.97088
20
-0.66065
30
-5.21133
11
3.09981
21
-0.59908
31
-5.20378
12
3.14536
22
-0.74276
32
-5.17449
13
3.01646
23
-0.80477
33
-5.18258
0
3DFACE
8
A1
10
3.09981
20
-0.59908
30
-5.20378
11
3.22871
21
-0.53715
31
-5.19581
12
3.27424
22
-0.68049
32
-5.16609
13
3.14536
23
-0.74276
33
-5.17449
0
3DFACE
8
A1
10
3.22871
20
-0.53715
30
-5.19581
11
3.35762
21
-0.47523
31
-5.18783
12
3.40313
22
-0.61823
32
-5.15768
13
3.27424
23
-0.68049
33
-5.16609
0
3DFACE
8
A1
10
3.35762
20
-0.47523
30
-5.18783
11
3.48653
21
-0.41348
31
-5.18006
12
3.53202
22
-0.55605
32
-5.14938
13
3.40313
23
-0.61823
33
-5.15768
0
3DFACE
8
A1
10
3.48653
20
-0.41348
30
-5.18006
11
3.61544
21
-0.35156
31
-5.17209
12
3.66091
22
-0.49387
32
-5.14109
13
3.53202
23
-0.55605
33
-5.14938
0
3DFACE
8
A1
10
3.61544
20
-0.35156
30
-5.17209
11
3.74432
21
-0.28929
31
-5.16368
12
3.78968
22
-0.42945
32
-5.13000
13
3.66091
23
-0.49387
33
-5.14109
0
3DFACE
8
A1
10
3.74432
20
-0.28929
30
-5.16368
11
3.87331
21
-0.22901
31
-5.15774
12
3.91857
22
-0.36710
32
-5.12149
13
3.78968
23
-0.42945
33
-5.13000
0
3DFACE
8
A1
10
3.87331
20
-0.22901
30
-5.15774
11
4.00233
21
-0.16906
31
-5.15222
12
4.04744
22
-0.30458
32
-5.11277
13
3.91857
23
-0.36710
33
-5.12149
0
3DFACE
8
A1
10
4.00233
20
-0.16906
30
-5.15222
11
4.13144
21
-0.11101
31
-5.14906
12
4.17640
22
-0.24369
32
-5.10607
13
4.04744
23
-0.30458
33
-5.11277
0
3DFACE
8
A1
10
4.13144
20
-0.11101
30
-5.14906
11
4.26064
21
-0.05459
31
-5.14793
12
4.30542
22
-0.18400
32
-5.10088
13
4.17640
23
-0.24369
33
-5.10607
0
3DFACE
8
A1
10
4.26064
20
-0.05459
30
-5.14793
11
4.38993
21
0.00011
31
-5.14893
12
4.43462
22
-0.12741
32
-5.09953
13
4.30542
23
-0.18400
33
-5.10088
0
3DFACE
8
A1
10
4.38993
20
0.00011
30
-5.14893
11
4.51926
21
0.05403
31
-5.15091
12
4.56386
22
-0.07176
32
-5.09936
13
4.43462
23
-0.12741
33
-5.09953
0
3DFACE
8
A1
10
4.51926
20
0.05403
30
-5.15091
11
4.64865
21
0.10710
31
-5.15395
12
4.69315
22
-0.01706
32
-5.10037
13
4.56386
23
-0.07176
33
-5.09936
0
3DFACE
8
A1
10
4.64865
20
0.10710
30
-5.15395
11
4.77808
21
0.15913
31
-5.15828
12
4.82252
22
0.03617
32
-5.10320
13
4.69315
23
-0.01706
33
-5.10037
0
3DFACE
8
A1
10
4.77808
20
0.15913
30
-5.15828
11
4.90736
21
0.21400
31
-5.15907
12
4.95182
22
0.09079
32
-5.10432
13
4.82252
23
0.03617
33
-5.10320
0
3DFACE
8
A1
10
4.90736
20
0.21400
30
-5.15907
11
5.03662
21
0.26939
31
-5.15922
12
5.08116
22
0.14463
32
-5.10640
13
4.95182
23
0.09079
33
-5.10432
0
3DFACE
8
A1
10
5.03662
20
0.26939
30
-5.15922
11
5.16587
21
0.32486
31
-5.15927
12
5.21053
22
0.19778
32
-5.10933
13
5.08116
23
0.14463
33
-5.10640
0
3DFACE
8
A1
10
5.16587
20
0.32486
30
-5.15927
11
5.29520
21
0.37879
31
-5.16124
12
5.33994
22
0.25033
32
-5.11302
13
5.21053
23
0.19778
33
-5.10933
0
3DFACE
8
A1
10
5.29520
20
0.37879
30
-5.16124
11
5.42438
21
0.43564
31
-5.15958
12
5.46931
22
0.30348
32
-5.11595
13
5.33994
23
0.25033
33
-5.11302
0
3DFACE
8
A1
10
5.42438
20
0.43564
30
-5.15958
11
5.55389
21
0.48638
31
-5.16551
12
5.59897
22
0.35147
32
-5.12531
13
5.46931
23
0.30348
33
-5.11595
0
3DFACE
8
A1
10
5.55389
20
0.48638
30
-5.16551
11
5.68360
21
0.53326
31
-5.17625
12
5.72879
22
0.39637
32
-5.13851
13
5.59897
23
0.35147
33
-5.12531
0
3DFACE
8
A1
10
-1.37032
20
-2.83530
30
-5.36074
11
-1.24079
21
-2.78499
31
-5.36721
12
-1.19556
22
-2.92274
32
-5.33054
13
-1.32509
23
-2.97305
33
-5.32407
0
3DFACE
8
A1
10
-1.24079
20
-2.78499
30
-5.36721
11
-1.11151
21
-2.73012
31
-5.36800
12
-1.06628
22
-2.86787
32
-5.33133
13
-1.19556
23
-2.92274
33
-5.33054
0
3DFACE
8
A1
10
-1.11151
20
-2.73012
30
-5.36800
11
-0.98247
21
-2.67069
31
-5.36313
12
-0.93724
22
-2.80844
32
-5.32646
13
-1.06628
23
-2.86787
33
-5.33133
0
3DFACE
8
A1
10
-0.98247
20
-2.67069
30
-5.36313
11
-0.85344
21
-2.61117
31
-5.35815
12
-0.80821
22
-2.74892
32
-5.32147
13
-0.93724
23
-2.80844
33
-5.32646
0
3DFACE
8
A1
10
-0.85344
20
-2.61117
30
-5.35815
11
-0.72440
21
-2.55175
31
-5.35327
12
-0.67917
22
-2.68949
32
-5.31660
13
-0.80821
23
-2.74892
33
-5.32147
0
3DFACE
8
A1
10
-0.72440
20
-2.55175
30
-5.35327
11
-0.59537
21
-2.49223
31
-5.34829
12
-0.55013
22
-2.62998
32
-5.31162
13
-0.67917
23
-2.68949
33
-5.31660
0
3DFACE
8
A1
10
-0.59537
20
-2.49223
30
-5.34829
11
-0.46633
21
-2.43280
31
-5.34341
12
-0.42109
22
-2.57055
32
-5.30674
13
-0.55013
23
-2.62998
33
-5.31162
0
3DFACE
8
A1
10
-0.46633
20
-2.43280
30
-5.34341
11
-0.33729
21
-2.37329
31
-5.33843
12
-0.29206
22
-2.51104
32
-5.30176
13
-0.42109
23
-2.57055
33
-5.30674
0
3DFACE
8
A1
10
-0.33729
20
-2.37329
30
-5.33843
11
-0.20825
21
-2.31386
31
-5.33356
12
-0.16302
22
-2.45161
32
-5.29689
13
-0.29206
23
-2.51104
33
-5.30176
0
3DFACE
8
A1
10
-0.20825
20
-2.31386
30
-5.33356
11
-0.07922
21
-2.25435
31
-5.32858
12
-0.03399
22
-2.39209
32
-5.29190
13
-0.16302
23
-2.45161
33
-5.29689
0
3DFACE
8
A1
10
-0.07922
20
-2.25435
30
-5.32858
11
0.04982
21
-2.19492
31
-5.32370
12
0.09505
22
-2.33267
32
-5.28703
13
-0.03399
23
-2.39209
33
-5.29190
0
3DFACE
8
A1
10
0.04982
20
-2.19492
30
-5.32370
11
0.17885
21
-2.13540
31
-5.31872
12
0.22409
22
-2.27315
32
-5.28205
13
0.09505
23
-2.33267
33
-5.28703
0
3DFACE
8
A1
10
0.17885
20
-2.13540
30
-5.31872
11
0.30789
21
-2.07598
31
-5.31384
12
0.35312
22
-2.21372
32
-5.27717
13
0.22409
23
-2.27315
33
-5.28205
0
3DFACE
8
A1
10
0.30789
20
-2.07598
30
-5.31384
11
0.43693
21
-2.01646
31
-5.30886
12
0.48216
22
-2.15421
32
-5.27219
13
0.35312
23
-2.21372
33
-5.27717
0
3DFACE
8
A1
10
0.43693
20
-2.01646
30
-5.30886
11
0.56596
21
-1.95703
31
-5.30399
12
0.61120
22
-2.09478
32
-5.26731
13
0.48216
23
-2.15421
33
-5.27219
0
3DFACE
8
A1
10
0.56596
20
-1.95703
30
-5.30399
11
0.69500
21
-1.89752
31
-5.29900
12
0.74023
22
-2.03527
32
-5.26233
13
0.61120
23
-2.09478
33
-5.26731
0
3DFACE
8
A1
10
0.69500
20
-1.89752
30
-5.29900
11
0.82404
21
-1.83809
31
-5.29413
12
0.86927
22
-1.97584
32
-5.25746
13
0.74023
23
-2.03527
33
-5.26233
0
3DFACE
8
A1
10
0.82404
20
-1.83809
30
-5.29413
11
0.95307
21
-1.77858
31
-5.28915
12
0.99830
22
-1.91632
32
-5.25247
13
0.86927
23
-1.97584
33
-5.25746
0
3DFACE
8
A1
10
0.95307
20
-1.77858
30
-5.28915
11
1.08211
21
-1.71915
31
-5.28427
12
1.12734
22
-1.85690
32
-5.24760
13
0.99830
23
-1.91632
33
-5.25247
0
3DFACE
8
A1
10
1.08211
20
-1.71915
30
-5.28427
11
1.21114
21
-1.65963
31
-5.27929
12
1.25638
22
-1.79738
32
-5.24262
13
1.12734
23
-1.85690
33
-5.24760
0
3DFACE
8
A1
10
1.21114
20
-1.65963
30
-5.27929
11
1.34018
21
-1.60020
31
-5.27441
12
1.38542
22
-1.73795
32
-5.23774
13
1.25638
23
-1.79738
33
-5.24262
0
3DFACE
8
A1
10
1.34018
20
-1.60020
30
-5.27441
11
1.46922
21
-1.54069
31
-5.26943
12
1.51445
22
-1.67844
32
-5.23276
13
1.38542
23
-1.73795
33
-5.23774
0
3DFACE
8
A1
10
1.46922
20
-1.54069
30
-5.26943
11
1.59820
21
-1.48014
31
-5.26317
12
1.64349
22
-1.61901
32
-5.22789
13
1.51445
23
-1.67844
33
-5.23276
0
3DFACE
8
A1
10
1.59820
20
-1.48014
30
-5.26317
11
1.72718
21
-1.41968
31
-5.25701
12
1.77252
22
-1.55950
32
-5.22290
13
1.64349
23
-1.61901
33
-5.22789
0
3DFACE
8
A1
10
1.72718
20
-1.41968
30
-5.25701
11
1.85615
21
-1.35905
31
-5.25063
12
1.90156
22
-1.50007
32
-5.21803
13
1.77252
23
-1.55950
33
-5.22290
0
3DFACE
8
A1
10
1.85615
20
-1.35905
30
-5.25063
11
1.98513
21
-1.29842
31
-5.24426
12
2.03060
22
-1.44055
32
-5.21305
13
1.90156
23
-1.50007
33
-5.21803
0
3DFACE
8
A1
10
1.98513
20
-1.29842
30
-5.24426
11
2.11403
21
-1.23650
31
-5.23628
12
2.15956
22
-1.37984
32
-5.20657
13
2.03060
23
-1.44055
33
-5.21305
0
3DFACE
8
A1
10
2.11403
20
-1.23650
30
-5.23628
11
2.24299
21
-1.17552
31
-5.22948
12
2.28853
22
-1.31903
32
-5.19998
13
2.15956
23
-1.37984
33
-5.20657
0
3DFACE
8
A1
10
2.24299
20
-1.17552
30
-5.22948
11
2.37193
21
-1.11437
31
-5.22247
12
2.41749
22
-1.25823
32
-5.19339
13
2.28853
23
-1.31903
33
-5.19998
0
3DFACE
8
A1
10
2.37193
20
-1.11437
30
-5.22247
11
2.50088
21
-1.05314
31
-5.21535
12
2.54645
22
-1.19734
32
-5.18670
13
2.41749
23
-1.25823
33
-5.19339
0
3DFACE
8
A1
10
2.50088
20
-1.05314
30
-5.21535
11
2.62973
21
-0.99036
31
-5.20630
12
2.67533
22
-1.13490
32
-5.17808
13
2.54645
23
-1.19734
33
-5.18670
0
3DFACE
8
A1
10
2.62973
20
-0.99036
30
-5.20630
11
2.75865
21
-0.92869
31
-5.19864
12
2.80427
22
-1.07367
32
-5.17096
13
2.67533
23
-1.13490
33
-5.17808
0
3DFACE
8
A1
10
2.75865
20
-0.92869
30
-5.19864
11
2.88755
21
-0.86669
31
-5.19056
12
2.93320
22
-1.01217
32
-5.16351
13
2.80427
23
-1.07367
33
-5.17096
0
3DFACE
8
A1
10
2.88755
20
-0.86669
30
-5.19056
11
3.01646
21
-0.80477
31
-5.18258
12
3.06213
22
-0.95077
32
-5.15618
13
2.93320
23
-1.01217
33
-5.16351
0
3DFACE
8
A1
10
3.01646
20
-0.80477
30
-5.18258
11
3.14536
21
-0.74276
31
-5.17449
12
3.19106
22
-0.88919
32
-5.14863
13
3.06213
23
-0.95077
33
-5.15618
0
3DFACE
8
A1
10
3.14536
20
-0.74276
30
-5.17449
11
3.27424
21
-0.68049
31
-5.16609
12
3.31996
22
-0.82718
32
-5.14054
13
3.19106
23
-0.88919
33
-5.14863
0
3DFACE
8
A1
10
3.27424
20
-0.68049
30
-5.16609
11
3.40313
21
-0.61823
31
-5.15768
12
3.44885
22
-0.76500
32
-5.13224
13
3.31996
23
-0.82718
33
-5.14054
0
3DFACE
8
A1
10
3.40313
20
-0.61823
30
-5.15768
11
3.53202
21
-0.55605
31
-5.14938
12
3.57774
22
-0.70274
32
-5.12384
13
3.44885
23
-0.76500
33
-5.13224
0
3DFACE
8
A1
10
3.53202
20
-0.55605
30
-5.14938
11
3.66091
21
-0.49387
31
-5.14109
12
3.70661
22
-0.64021
32
-5.11511
13
3.57774
23
-0.70274
33
-5.12384
0
3DFACE
8
A1
10
3.66091
20
-0.49387
30
-5.14109
11
3.78968
21
-0.42945
31
-5.13000
12
3.83537
22
-0.57563
32
-5.10382
13
3.70661
23
-0.64021
33
-5.11511
0
3DFACE
8
A1
10
3.78968
20
-0.42945
30
-5.13000
11
3.91857
21
-0.36710
31
-5.12149
12
3.96423
22
-0.51293
32
-5.09488
13
3.83537
23
-0.57563
33
-5.10382
0
3DFACE
8
A1
10
3.91857
20
-0.36710
30
-5.12149
11
4.04744
21
-0.30458
31
-5.11277
12
4.09309
22
-0.45015
32
-5.08583
13
3.96423
23
-0.51293
33
-5.09488
0
3DFACE
8
A1
10
4.04744
20
-0.30458
30
-5.11277
11
4.17640
21
-0.24369
31
-5.10607
12
4.22201
22
-0.38840
32
-5.07807
13
4.09309
23
-0.45015
33
-5.08583
0
3DFACE
8
A1
10
4.17640
20
-0.24369
30
-5.10607
11
4.30542
21
-0.18400
31
-5.10088
12
4.35086
22
-0.32553
32
-5.06891
13
4.22201
23
-0.38840
33
-5.07807
0
3DFACE
8
A1
10
4.30542
20
-0.18400
30
-5.10088
11
4.43462
21
-0.12741
31
-5.09953
12
4.47985
22
-0.26524
32
-5.06297
13
4.35086
23
-0.32553
33
-5.06891
0
3DFACE
8
A1
10
4.43462
20
-0.12741
30
-5.09953
11
4.56386
21
-0.07176
31
-5.09936
12
4.60888
22
-0.20556
32
-5.05777
13
4.47985
23
-0.26524
33
-5.06297
0
3DFACE
8
A1
10
4.56386
20
-0.07176
30
-5.09936
11
4.69315
21
-0.01706
31
-5.10037
12
4.73795
22
-0.14673
32
-5.05364
13
4.60888
23
-0.20556
33
-5.05777
0
3DFACE
8
A1
10
4.69315
20
-0.01706
30
-5.10037
11
4.82252
21
0.03617
31
-5.10320
12
4.86708
22
-0.08911
32
-5.05102
13
4.73795
23
-0.14673
33
-5.05364
0
3DFACE
8
A1
10
4.82252
20
0.03617
30
-5.10320
11
4.95182
21
0.09079
31
-5.10432
12
4.99631
22
-0.03312
32
-5.05042
13
4.86708
23
-0.08911
33
-5.05102
0
3DFACE
8
A1
10
4.95182
20
0.09079
30
-5.10432
11
5.08116
21
0.14463
31
-5.10640
12
5.12561
22
0.02132
32
-5.05175
13
4.99631
23
-0.03312
33
-5.05042
0
3DFACE
8
A1
10
5.08116
20
0.14463
30
-5.10640
11
5.21053
21
0.19778
31
-5.10933
12
5.25503
22
0.07379
32
-5.05554
13
5.12561
23
0.02132
33
-5.05175
0
3DFACE
8
A1
10
5.21053
20
0.19778
30
-5.10933
11
5.33994
21
0.25033
31
-5.11302
12
5.38451
22
0.12496
32
-5.06094
13
5.25503
23
0.07379
33
-5.05554
0
3DFACE
8
A1
10
5.33994
20
0.25033
30
-5.11302
11
5.46931
21
0.30348
31
-5.11595
12
5.51403
22
0.17536
32
-5.06730
13
5.38451
23
0.12496
33
-5.06094
0
3DFACE
8
A1
10
5.46931
20
0.30348
30
-5.11595
11
5.59897
21
0.35147
31
-5.12531
12
5.64379
22
0.22129
32
-5.07922
13
5.51403
23
0.17536
33
-5.06730
0
3DFACE
8
A1
10
5.59897
20
0.35147
30
-5.12531
11
5.72879
21
0.39637
31
-5.13851
12
5.77370
22
0.26455
32
-5.09446
13
5.64379
23
0.22129
33
-5.07922
0
3DFACE
8
A1
10
-1.32509
20
-2.97305
30
-5.32407
11
-1.19556
21
-2.92274
31
-5.33054
12
-1.15033
22
-3.06048
32
-5.29386
13
-1.27986
23
-3.11080
33
-5.28740
0
3DFACE
8
A1
10
-1.19556
20
-2.92274
30
-5.33054
11
-1.06628
21
-2.86787
31
-5.33133
12
-1.02105
22
-3.00561
32
-5.29466
13
-1.15033
23
-3.06048
33
-5.29386
0
3DFACE
8
A1
10
-1.06628
20
-2.86787
30
-5.33133
11
-0.93724
21
-2.80844
31
-5.32646
12
-0.89201
22
-2.94619
32
-5.28978
13
-1.02105
23
-3.00561
33
-5.29466
0
3DFACE
8
A1
10
-0.93724
20
-2.80844
30
-5.32646
11
-0.80821
21
-2.74892
31
-5.32147
12
-0.76297
22
-2.88667
32
-5.28480
13
-0.89201
23
-2.94619
33
-5.28978
0
3DFACE
8
A1
10
-0.80821
20
-2.74892
30
-5.32147
11
-0.67917
21
-2.68949
31
-5.31660
12
-0.63393
22
-2.82724
32
-5.27993
13
-0.76297
23
-2.88667
33
-5.28480
0
3DFACE
8
A1
10
-0.67917
20
-2.68949
30
-5.31660
11
-0.55013
21
-2.62998
31
-5.31162
12
-0.50490
22
-2.76773
32
-5.27495
13
-0.63393
23
-2.82724
33
-5.27993
0
3DFACE
8
A1
10
-0.55013
20
-2.62998
30
-5.31162
11
-0.42109
21
-2.57055
31
-5.30674
12
-0.37586
22
-2.70830
32
-5.27007
13
-0.50490
23
-2.76773
33
-5.27495
0
3DFACE
8
A1
10
-0.42109
20
-2.57055
30
-5.30674
11
-0.29206
21
-2.51104
31
-5.30176
12
-0.24683
22
-2.64879
32
-5.26509
13
-0.37586
23
-2.70830
33
-5.27007
0
3DFACE
8
A1
10
-0.29206
20
-2.51104
30
-5.30176
11
-0.16302
21
-2.45161
31
-5.29689
12
-0.11779
22
-2.58936
32
-5.26021
13
-0.24683
23
-2.64879
33
-5.26509
0
3DFACE
8
A1
10
-0.16302
20
-2.45161
30
-5.29689
11
-0.03399
21
-2.39209
31
-5.29190
12
0.01125
22
-2.52984
32
-5.25523
13
-0.11779
23
-2.58936
33
-5.26021
0
3DFACE
8
A1
10
-0.03399
20
-2.39209
30
-5.29190
11
0.09505
21
-2.33267
31
-5.28703
12
0.14028
22
-2.47042
32
-5.25036
13
0.01125
23
-2.52984
33
-5.25523
0
3DFACE
8
A1
10
0.09505
20
-2.33267
30
-5.28703
11
0.22409
21
-2.27315
31
-5.28205
12
0.26932
22
-2.41090
32
-5.24537
13
0.14028
23
-2.47042
33
-5.25036
0
3DFACE
8
A1
10
0.22409
20
-2.27315
30
-5.28205
11
0.35312
21
-2.21372
31
-5.27717
12
0.39836
22
-2.35147
32
-5.24050
13
0.26932
23
-2.41090
33
-5.24537
0
3DFACE
8
A1
10
0.35312
20
-2.21372
30
-5.27717
11
0.48216
21
-2.15421
31
-5.27219
12
0.52739
22
-2.29196
32
-5.23552
13
0.39836
23
-2.35147
33
-5.24050
0
3DFACE
8
A1
10
0.48216
20
-2.15421
30
-5.27219
11
0.61120
21
-2.09478
31
-5.26731
12
0.65643
22
-2.23253
32
-5.23064
13
0.52739
23
-2.29196
33
-5.23552
0
3DFACE
8
A1
10
0.61120
20
-2.09478
30
-5.26731
11
0.74023
21
-2.03527
31
-5.26233
12
0.78546
22
-2.17302
32
-5.22566
13
0.65643
23
-2.23253
33
-5.23064
0
3DFACE
8
A1
10
0.74023
20
-2.03527
30
-5.26233
11
0.86927
21
-1.97584
31
-5.25746
12
0.91450
22
-2.11359
32
-5.22078
13
0.78546
23
-2.17302
33
-5.22566
0
3DFACE
8
A1
10
0.86927
20
-1.97584
30
-5.25746
11
0.99830
21
-1.91632
31
-5.25247
12
1.04354
22
-2.05407
32
-5.21580
13
0.91450
23
-2.11359
33
-5.22078
0
3DFACE
8
A1
10
0.99830
20
-1.91632
30
-5.25247
11
1.12734
21
-1.85690
31
-5.24760
12
1.17258
22
-1.99465
32
-5.21093
13
1.04354
23
-2.05407
33
-5.21580
0
3DFACE
8
A1
10
1.12734
20
-1.85690
30
-5.24760
11
1.25638
21
-1.79738
31
-5.24262
12
1.30161
22
-1.93513
32
-5.20595
13
1.17258
23
-1.99465
33
-5.21093
0
3DFACE
8
A1
10
1.25638
20
-1.79738
30
-5.24262
11
1.38542
21
-1.73795
31
-5.23774
12
1.43065
22
-1.87570
32
-5.20107
13
1.30161
23
-1.93513
33
-5.20595
0
3DFACE
8
A1
10
1.38542
20
-1.73795
30
-5.23774
11
1.51445
21
-1.67844
31
-5.23276
12
1.55969
22
-1.81627
32
-5.19620
13
1.43065
23
-1.87570
33
-5.20107
0
3DFACE
8
A1
10
1.51445
20
-1.67844
30
-5.23276
11
1.64349
21
-1.61901
31
-5.22789
12
1.68872
22
-1.75676
32
-5.19121
13
1.55969
23
-1.81627
33
-5.19620
0
3DFACE
8
A1
10
1.64349
20
-1.61901
30
-5.22789
11
1.77252
21
-1.55950
31
-5.22290
12
1.81776
22
-1.69733
32
-5.18634
13
1.68872
23
-1.75676
33
-5.19121
0
3DFACE
8
A1
10
1.77252
20
-1.55950
30
-5.22290
11
1.90156
21
-1.50007
31
-5.21803
12
1.94679
22
-1.63782
32
-5.18136
13
1.81776
23
-1.69733
33
-5.18634
0
3DFACE
8
A1
10
1.90156
20
-1.50007
30
-5.21803
11
2.03060
21
-1.44055
31
-5.21305
12
2.07583
22
-1.57839
32
-5.17648
13
1.94679
23
-1.63782
33
-5.18136
0
3DFACE
8
A1
10
2.03060
20
-1.44055
30
-5.21305
11
2.15956
21
-1.37984
31
-5.20657
12
2.20487
22
-1.51887
32
-5.17150
13
2.07583
23
-1.57839
33
-5.17648
0
3DFACE
8
A1
10
2.15956
20
-1.37984
30
-5.20657
11
2.28853
21
-1.31903
31
-5.19998
12
2.33391
22
-1.45945
32
-5.16662
13
2.20487
23
-1.51887
33
-5.17150
0
3DFACE
8
A1
10
2.28853
20
-1.31903
30
-5.19998
11
2.41749
21
-1.25823
31
-5.19339
12
2.46294
22
-1.39993
32
-5.16164
13
2.33391
23
-1.45945
33
-5.16662
0
3DFACE
8
A1
10
2.41749
20
-1.25823
30
-5.19339
11
2.54645
21
-1.19734
31
-5.18670
12
2.59198
22
-1.34050
32
-5.15677
13
2.46294
23
-1.39993
33
-5.16164
0
3DFACE
8
A1
10
2.54645
20
-1.19734
30
-5.18670
11
2.67533
21
-1.13490
31
-5.17808
12
2.72093
22
-1.27944
32
-5.14986
13
2.59198
23
-1.34050
33
-5.15677
0
3DFACE
8
A1
10
2.67533
20
-1.13490
30
-5.17808
11
2.80427
21
-1.07367
31
-5.17096
12
2.84989
22
-1.21847
32
-5.14306
13
2.72093
23
-1.27944
33
-5.14986
0
3DFACE
8
A1
10
2.80427
20
-1.07367
30
-5.17096
11
2.93320
21
-1.01217
31
-5.16351
12
2.97884
22
-1.15740
32
-5.13615
13
2.84989
23
-1.21847
33
-5.14306
0
3DFACE
8
A1
10
2.93320
20
-1.01217
30
-5.16351
11
3.06213
21
-0.95077
31
-5.15618
12
3.10778
22
-1.09626
32
-5.12914
13
2.97884
23
-1.15740
33
-5.13615
0
3DFACE
8
A1
10
3.06213
20
-0.95077
30
-5.15618
11
3.19106
21
-0.88919
31
-5.14863
12
3.23673
22
-1.03511
32
-5.12212
13
3.10778
23
-1.09626
33
-5.12914
0
3DFACE
8
A1
10
3.19106
20
-0.88919
30
-5.14863
11
3.31996
21
-0.82718
31
-5.14054
12
3.36566
22
-0.97362
32
-5.11468
13
3.23673
23
-1.03511
33
-5.12212
0
3DFACE
8
A1
10
3.31996
20
-0.82718
30
-5.14054
11
3.44885
21
-0.76500
31
-5.13224
12
3.49457
22
-0.91187
32
-5.10691
13
3.36566
23
-0.97362
33
-5.11468
0
3DFACE
8
A1
10
3.44885
20
-0.76500
30
-5.13224
11
3.57774
21
-0.70274
31
-5.12384
12
3.62349
22
-0.85012
32
-5.09915
13
3.49457
23
-0.91187
33
-5.10691
0
3DFACE
8
A1
10
3.57774
20
-0.70274
30
-5.12384
11
3.70661
21
-0.64021
31
-5.11511
12
3.75239
22
-0.78811
32
-5.09106
13
3.62349
23
-0.85012
33
-5.09915
0
3DFACE
8
A1
10
3.70661
20
-0.64021
30
-5.11511
11
3.83537
21
-0.57563
31
-5.10382
12
3.88118
22
-0.72404
32
-5.08041
13
3.75239
23
-0.78811
33
-5.09106
0
3DFACE
8
A1
10
3.83537
20
-0.57563
30
-5.10382
11
3.96423
21
-0.51293
31
-5.09488
12
4.01005
22
-0.66160
32
-5.07179
13
3.88118
23
-0.72404
33
-5.08041
0
3DFACE
8
A1
10
3.96423
20
-0.51293
30
-5.09488
11
4.09309
21
-0.45015
31
-5.08583
12
4.13892
22
-0.59899
32
-5.06296
13
4.01005
23
-0.66160
33
-5.07179
0
3DFACE
8
A1
10
4.09309
20
-0.45015
30
-5.08583
11
4.22201
21
-0.38840
31
-5.07807
12
4.26779
22
-0.53647
32
-5.05423
13
4.13892
23
-0.59899
33
-5.06296
0
3DFACE
8
A1
10
4.22201
20
-0.38840
30
-5.07807
11
4.35086
21
-0.32553
31
-5.06891
12
4.39659
22
-0.47257
32
-5.04379
13
4.26779
23
-0.53647
33
-5.05423
0
3DFACE
8
A1
10
4.35086
20
-0.32553
30
-5.06891
11
4.47985
21
-0.26524
31
-5.06297
12
4.52553
22
-0.41125
32
-5.03656
13
4.39659
23
-0.47257
33
-5.04379
0
3DFACE
8
A1
10
4.47985
20
-0.26524
30
-5.06297
11
4.60888
21
-0.20556
31
-5.05777
12
4.65450
22
-0.35053
32
-5.03008
13
4.52553
23
-0.41125
33
-5.03656
0
3DFACE
8
A1
10
4.60888
20
-0.20556
30
-5.05777
11
4.73795
21
-0.14673
31
-5.05364
12
4.78351
22
-0.29058
32
-5.02457
13
4.65450
23
-0.35053
33
-5.03008
0
3DFACE
8
A1
10
4.73795
20
-0.14673
30
-5.05364
11
4.86708
21
-0.08911
31
-5.05102
12
4.91248
22
-0.22995
32
-5.01819
13
4.78351
23
-0.29058
33
-5.02457
0
3DFACE
8
A1
10
4.86708
20
-0.08911
30
-5.05102
11
4.99631
21
-0.03312
31
-5.05042
12
5.04156
22
-0.17121
32
-5.01418
13
4.91248
23
-0.22995
33
-5.01819
0
3DFACE
8
A1
10
4.99631
20
-0.03312
30
-5.05042
11
5.12561
21
0.02132
31
-5.05175
12
5.17070
22
-0.11367
32
-5.01165
13
5.04156
23
-0.17121
33
-5.01418
0
3DFACE
8
A1
10
5.12561
20
0.02132
30
-5.05175
11
5.25503
21
0.07379
31
-5.05554
12
5.29994
22
-0.05794
32
-5.01138
13
5.17070
23
-0.11367
33
-5.01165
0
3DFACE
8
A1
10
5.25503
20
0.07379
30
-5.05554
11
5.38451
21
0.12496
31
-5.06094
12
5.42924
22
-0.00342
32
-5.01260
13
5.29994
23
-0.05794
33
-5.01138
0
3DFACE
8
A1
10
5.38451
20
0.12496
30
-5.06094
11
5.51403
21
0.17536
31
-5.06730
12
5.55874
22
0.04733
32
-5.01853
13
5.42924
23
-0.00342
33
-5.01260
0
3DFACE
8
A1
10
5.51403
20
0.17536
30
-5.06730
11
5.64379
21
0.22129
31
-5.07922
12
5.68848
22
0.09369
32
-5.02992
13
5.55874
23
0.04733
33
-5.01853
0
3DFACE
8
A1
10
5.64379
20
0.22129
30
-5.07922
11
5.77370
21
0.26455
31
-5.09446
12
5.81838
22
0.13712
32
-5.04495
13
5.68848
23
0.09369
33
-5.02992
0
3DFACE
8
A1
10
-1.27986
20
-3.11080
30
-5.28740
11
-1.15033
21
-3.06048
31
-5.29386
12
-1.10509
22
-3.19832
32
-5.25730
13
-1.23462
23
-3.24855
33
-5.25073
0
3DFACE
8
A1
10
-1.15033
20
-3.06048
30
-5.29386
11
-1.02105
21
-3.00561
31
-5.29466
12
-0.97581
22
-3.14345
32
-5.25809
13
-1.10509
23
-3.19832
33
-5.25730
0
3DFACE
8
A1
10
-1.02105
20
-3.00561
30
-5.29466
11
-0.89201
21
-2.94619
31
-5.28978
12
-0.84677
22
-3.08393
32
-5.25311
13
-0.97581
23
-3.14345
33
-5.25809
0
3DFACE
8
A1
10
-0.89201
20
-2.94619
30
-5.28978
11
-0.76297
21
-2.88667
31
-5.28480
12
-0.71773
22
-3.02451
32
-5.24824
13
-0.84677
23
-3.08393
33
-5.25311
0
3DFACE
8
A1
10
-0.76297
20
-2.88667
30
-5.28480
11
-0.63393
21
-2.82724
31
-5.27993
12
-0.58870
22
-2.96499
32
-5.24326
13
-0.71773
23
-3.02451
33
-5.24824
0
3DFACE
8
A1
10
-0.63393
20
-2.82724
30
-5.27993
11
-0.50490
21
-2.76773
31
-5.27495
12
-0.45966
22
-2.90556
32
-5.23838
13
-0.58870
23
-2.96499
33
-5.24326
0
3DFACE
8
A1
10
-0.50490
20
-2.76773
30
-5.27495
11
-0.37586
21
-2.70830
31
-5.27007
12
-0.33063
22
-2.84605
32
-5.23340
13
-0.45966
23
-2.90556
33
-5.23838
0
3DFACE
8
A1
10
-0.37586
20
-2.70830
30
-5.27007
11
-0.24683
21
-2.64879
31
-5.26509
12
-0.20159
22
-2.78662
32
-5.22852
13
-0.33063
23
-2.84605
33
-5.23340
0
3DFACE
8
A1
10
-0.24683
20
-2.64879
30
-5.26509
11
-0.11779
21
-2.58936
31
-5.26021
12
-0.07255
22
-2.72711
32
-5.22354
13
-0.20159
23
-2.78662
33
-5.22852
0
3DFACE
8
A1
10
-0.11779
20
-2.58936
30
-5.26021
11
0.01125
21
-2.52984
31
-5.25523
12
0.05648
22
-2.66768
32
-5.21867
13
-0.07255
23
-2.72711
33
-5.22354
0
3DFACE
8
A1
10
0.01125
20
-2.52984
30
-5.25523
11
0.14028
21
-2.47042
31
-5.25036
12
0.18552
22
-2.60816
32
-5.21368
13
0.05648
23
-2.66768
33
-5.21867
0
3DFACE
8
A1
10
0.14028
20
-2.47042
30
-5.25036
11
0.26932
21
-2.41090
31
-5.24537
12
0.31456
22
-2.54874
32
-5.20881
13
0.18552
23
-2.60816
33
-5.21368
0
3DFACE
8
A1
10
0.26932
20
-2.41090
30
-5.24537
11
0.39836
21
-2.35147
31
-5.24050
12
0.44359
22
-2.48922
32
-5.20383
13
0.31456
23
-2.54874
33
-5.20881
0
3DFACE
8
A1
10
0.39836
20
-2.35147
30
-5.24050
11
0.52739
21
-2.29196
31
-5.23552
12
0.57263
22
-2.42979
32
-5.19895
13
0.44359
23
-2.48922
33
-5.20383
0
3DFACE
8
A1
10
0.52739
20
-2.29196
30
-5.23552
11
0.65643
21
-2.23253
31
-5.23064
12
0.70166
22
-2.37028
32
-5.19397
13
0.57263
23
-2.42979
33
-5.19895
0
3DFACE
8
A1
10
0.65643
20
-2.23253
30
-5.23064
11
0.78546
21
-2.17302
31
-5.22566
12
0.83070
22
-2.31085
32
-5.18909
13
0.70166
23
-2.37028
33
-5.19397
0
3DFACE
8
A1
10
0.78546
20
-2.17302
30
-5.22566
11
0.91450
21
-2.11359
31
-5.22078
12
0.95974
22
-2.25134
32
-5.18411
13
0.83070
23
-2.31085
33
-5.18909
0
3DFACE
8
A1
10
0.91450
20
-2.11359
30
-5.22078
11
1.04354
21
-2.05407
31
-5.21580
12
1.08878
22
-2.19191
32
-5.17924
13
0.95974
23
-2.25134
33
-5.18411
0
3DFACE
8
A1
10
1.04354
20
-2.05407
30
-5.21580
11
1.17258
21
-1.99465
31
-5.21093
12
1.21781
22
-2.13239
32
-5.17426
13
1.08878
23
-2.19191
33
-5.17924
0
3DFACE
8
A1
10
1.17258
20
-1.99465
30
-5.21093
11
1.30161
21
-1.93513
31
-5.20595
12
1.34685
22
-2.07297
32
-5.16938
13
1.21781
23
-2.13239
33
-5.17426
0
3DFACE
8
A1
10
1.30161
20
-1.93513
30
-5.20595
11
1.43065
21
-1.87570
31
-5.20107
12
1.47588
22
-2.01345
32
-5.16440
13
1.34685
23
-2.07297
33
-5.16938
0
3DFACE
8
A1
10
1.43065
20
-1.87570
30
-5.20107
11
1.55969
21
-1.81627
31
-5.19620
12
1.60492
22
-1.95402
32
-5.15952
13
1.47588
23
-2.01345
33
-5.16440
0
3DFACE
8
A1
10
1.55969
20
-1.81627
30
-5.19620
11
1.68872
21
-1.75676
31
-5.19121
12
1.73395
22
-1.89451
32
-5.15454
13
1.60492
23
-1.95402
33
-5.15952
0
3DFACE
8
A1
10
1.68872
20
-1.75676
30
-5.19121
11
1.81776
21
-1.69733
31
-5.18634
12
1.86299
22
-1.83508
32
-5.14967
13
1.73395
23
-1.89451
33
-5.15454
0
3DFACE
8
A1
10
1.81776
20
-1.69733
30
-5.18634
11
1.94679
21
-1.63782
31
-5.18136
12
1.99203
22
-1.77557
32
-5.14468
13
1.86299
23
-1.83508
33
-5.14967
0
3DFACE
8
A1
10
1.94679
20
-1.63782
30
-5.18136
11
2.07583
21
-1.57839
31
-5.17648
12
2.12107
22
-1.71614
32
-5.13981
13
1.99203
23
-1.77557
33
-5.14468
0
3DFACE
8
A1
10
2.07583
20
-1.57839
30
-5.17648
11
2.20487
21
-1.51887
31
-5.17150
12
2.25010
22
-1.65662
32
-5.13483
13
2.12107
23
-1.71614
33
-5.13981
0
3DFACE
8
A1
10
2.20487
20
-1.51887
30
-5.17150
11
2.33391
21
-1.45945
31
-5.16662
12
2.37914
22
-1.59720
32
-5.12995
13
2.25010
23
-1.65662
33
-5.13483
0
3DFACE
8
A1
10
2.33391
20
-1.45945
30
-5.16662
11
2.46294
21
-1.39993
31
-5.16164
12
2.50817
22
-1.53768
32
-5.12497
13
2.37914
23
-1.59720
33
-5.12995
0
3DFACE
8
A1
10
2.46294
20
-1.39993
30
-5.16164
11
2.59198
21
-1.34050
31
-5.15677
12
2.63721
22
-1.47825
32
-5.12009
13
2.50817
23
-1.53768
33
-5.12497
0
3DFACE
8
A1
10
2.59198
20
-1.34050
30
-5.15677
11
2.72093
21
-1.27944
31
-5.14986
12
2.76625
22
-1.41874
32
-5.11511
13
2.63721
23
-1.47825
33
-5.12009
0
3DFACE
8
A1
10
2.72093
20
-1.27944
30
-5.14986
11
2.84989
21
-1.21847
31
-5.14306
12
2.89528
22
-1.35931
32
-5.11024
13
2.76625
23
-1.41874
33
-5.11511
0
3DFACE
8
A1
10
2.84989
20
-1.21847
30
-5.14306
11
2.97884
21
-1.15740
31
-5.13615
12
3.02432
22
-1.29980
32
-5.10526
13
2.89528
23
-1.35931
33
-5.11024
0
3DFACE
8
A1
10
2.97884
20
-1.15740
30
-5.13615
11
3.10778
21
-1.09626
31
-5.12914
12
3.15336
22
-1.24037
32
-5.10038
13
3.02432
23
-1.29980
33
-5.10526
0
3DFACE
8
A1
10
3.10778
20
-1.09626
30
-5.12914
11
3.23673
21
-1.03511
31
-5.12212
12
3.28239
22
-1.18085
32
-5.09540
13
3.15336
23
-1.24037
33
-5.10038
0
3DFACE
8
A1
10
3.23673
20
-1.03511
30
-5.12212
11
3.36566
21
-0.97362
31
-5.11468
12
3.41133
22
-1.11962
32
-5.08828
13
3.28239
23
-1.18085
33
-5.09540
0
3DFACE
8
A1
10
3.36566
20
-0.97362
30
-5.11468
11
3.49457
21
-0.91187
31
-5.10691
12
3.54027
22
-1.05830
32
-5.08105
13
3.41133
23
-1.11962
33
-5.08828
0
3DFACE
8
A1
10
3.49457
20
-0.91187
30
-5.10691
11
3.62349
21
-0.85012
31
-5.09915
12
3.66920
22
-0.99689
32
-5.07371
13
3.54027
23
-1.05830
33
-5.08105
0
3DFACE
8
A1
10
3.62349
20
-0.85012
30
-5.09915
11
3.75239
21
-0.78811
31
-5.09106
12
3.79814
22
-0.93549
32
-5.06638
13
3.66920
23
-0.99689
33
-5.07371
0
3DFACE
8
A1
10
3.75239
20
-0.78811
30
-5.09106
11
3.88118
21
-0.72404
31
-5.08041
12
3.92695
22
-0.87185
32
-5.05626
13
3.79814
23
-0.93549
33
-5.06638
0
3DFACE
8
A1
10
3.88118
20
-0.72404
30
-5.08041
11
4.01005
21
-0.66160
31
-5.07179
12
4.05585
22
-0.80992
32
-5.04828
13
3.92695
23
-0.87185
33
-5.05626
0
3DFACE
8
A1
10
4.01005
20
-0.66160
30
-5.07179
11
4.13892
21
-0.59899
31
-5.06296
12
4.18475
22
-0.74783
32
-5.04009
13
4.05585
23
-0.80992
33
-5.04828
0
3DFACE
8
A1
10
4.13892
20
-0.59899
30
-5.06296
11
4.26779
21
-0.53647
31
-5.05423
12
4.31364
22
-0.68556
32
-5.03168
13
4.18475
23
-0.74783
33
-5.04009
0
3DFACE
8
A1
10
4.26779
20
-0.53647
30
-5.05423
11
4.39659
21
-0.47257
31
-5.04379
12
4.44241
22
-0.62115
32
-5.02060
13
4.31364
23
-0.68556
33
-5.03168
0
3DFACE
8
A1
10
4.39659
20
-0.47257
30
-5.04379
11
4.52553
21
-0.41125
31
-5.03656
12
4.57131
22
-0.55914
32
-5.01252
13
4.44241
23
-0.62115
33
-5.02060
0
3DFACE
8
A1
10
4.52553
20
-0.41125
30
-5.03656
11
4.65450
21
-0.35053
31
-5.03008
12
4.70023
22
-0.49756
32
-5.00497
13
4.57131
23
-0.55914
33
-5.01252
0
3DFACE
8
A1
10
4.65450
20
-0.35053
30
-5.03008
11
4.78351
21
-0.29058
31
-5.02457
12
4.82918
22
-0.43642
32
-4.99795
13
4.70023
23
-0.49756
33
-5.00497
0
3DFACE
8
A1
10
4.78351
20
-0.29058
30
-5.02457
11
4.91248
21
-0.22995
31
-5.01819
12
4.95804
22
-0.37363
32
-4.98890
13
4.82918
23
-0.43642
33
-4.99795
0
3DFACE
8
A1
10
4.91248
20
-0.22995
30
-5.01819
11
5.04156
21
-0.17121
31
-5.01418
12
5.08706
22
-0.31403
32
-4.98382
13
4.95804
23
-0.37363
33
-4.98890
0
3DFACE
8
A1
10
5.04156
20
-0.17121
30
-5.01418
11
5.17070
21
-0.11367
31
-5.01165
12
5.21615
22
-0.25547
32
-4.98001
13
5.08706
23
-0.31403
33
-4.98382
0
3DFACE
8
A1
10
5.17070
20
-0.11367
30
-5.01165
11
5.29994
21
-0.05794
31
-5.01138
12
5.34530
22
-0.19819
32
-4.97781
13
5.21615
23
-0.25547
33
-4.98001
0
3DFACE
8
A1
10
5.29994
20
-0.05794
30
-5.01138
11
5.42924
21
-0.00342
31
-5.01260
12
5.47452
22
-0.14211
32
-4.97711
13
5.34530
23
-0.19819
33
-4.97781
0
3DFACE
8
A1
10
5.42924
20
-0.00342
30
-5.01260
11
5.55874
21
0.04733
31
-5.01853
12
5.60391
22
-0.08922
32
-4.98036
13
5.47452
23
-0.14211
33
-4.97711
0
3DFACE
8
A1
10
5.55874
20
0.04733
30
-5.01853
11
5.68848
21
0.09369
31
-5.02992
12
5.73351
22
-0.04019
32
-4.98843
13
5.60391
23
-0.08922
33
-4.98036
0
3DFACE
8
A1
10
5.68848
20
0.09369
30
-5.02992
11
5.81838
21
0.13712
31
-5.04495
12
5.86327
22
0.00573
32
-5.00036
13
5.73351
23
-0.04019
33
-4.98843
0
3DFACE
8
A1
10
-1.23462
20
-3.24855
30
-5.25073
11
-1.10509
21
-3.19832
31
-5.25730
12
-1.05986
22
-3.33607
32
-5.22063
13
-1.18939
23
-3.38630
33
-5.21405
0
3DFACE
8
A1
10
-1.10509
20
-3.19832
30
-5.25730
11
-0.97581
21
-3.14345
31
-5.25809
12
-0.93057
22
-3.28120
32
-5.22142
13
-1.05986
23
-3.33607
33
-5.22063
0
3DFACE
8
A1
10
-0.97581
20
-3.14345
30
-5.25809
11
-0.84677
21
-3.08393
31
-5.25311
12
-0.80154
22
-3.22168
32
-5.21644
13
-0.93057
23
-3.28120
33
-5.22142
0
3DFACE
8
A1
10
-0.84677
20
-3.08393
30
-5.25311
11
-0.71773
21
-3.02451
31
-5.24824
12
-0.67250
22
-3.16225
32
-5.21157
13
-0.80154
23
-3.22168
33
-5.21644
0
3DFACE
8
A1
10
-0.71773
20
-3.02451
30
-5.24824
11
-0.58870
21
-2.96499
31
-5.24326
12
-0.54347
22
-3.10274
32
-5.20658
13
-0.67250
23
-3.16225
33
-5.21157
0
3DFACE
8
A1
10
-0.58870
20
-2.96499
30
-5.24326
11
-0.45966
21
-2.90556
31
-5.23838
12
-0.41443
22
-3.04331
32
-5.20171
13
-0.54347
23
-3.10274
33
-5.20658
0
3DFACE
8
A1
10
-0.45966
20
-2.90556
30
-5.23838
11
-0.33063
21
-2.84605
31
-5.23340
12
-0.28539
22
-2.98380
32
-5.19673
13
-0.41443
23
-3.04331
33
-5.20171
0
3DFACE
8
A1
10
-0.33063
20
-2.84605
30
-5.23340
11
-0.20159
21
-2.78662
31
-5.22852
12
-0.15636
22
-2.92437
32
-5.19185
13
-0.28539
23
-2.98380
33
-5.19673
0
3DFACE
8
A1
10
-0.20159
20
-2.78662
30
-5.22852
11
-0.07255
21
-2.72711
31
-5.22354
12
-0.02732
22
-2.86486
32
-5.18687
13
-0.15636
23
-2.92437
33
-5.19185
0
3DFACE
8
A1
10
-0.07255
20
-2.72711
30
-5.22354
11
0.05648
21
-2.66768
31
-5.21867
12
0.10172
22
-2.80543
32
-5.18199
13
-0.02732
23
-2.86486
33
-5.18687
0
3DFACE
8
A1
10
0.05648
20
-2.66768
30
-5.21867
11
0.18552
21
-2.60816
31
-5.21368
12
0.23075
22
-2.74591
32
-5.17701
13
0.10172
23
-2.80543
33
-5.18199
0
3DFACE
8
A1
10
0.18552
20
-2.60816
30
-5.21368
11
0.31456
21
-2.54874
31
-5.20881
12
0.35979
22
-2.68648
32
-5.17214
13
0.23075
23
-2.74591
33
-5.17701
0
3DFACE
8
A1
10
0.31456
20
-2.54874
30
-5.20881
11
0.44359
21
-2.48922
31
-5.20383
12
0.48882
22
-2.62697
32
-5.16715
13
0.35979
23
-2.68648
33
-5.17214
0
3DFACE
8
A1
10
0.44359
20
-2.48922
30
-5.20383
11
0.57263
21
-2.42979
31
-5.19895
12
0.61786
22
-2.56754
32
-5.16228
13
0.48882
23
-2.62697
33
-5.16715
0
3DFACE
8
A1
10
0.57263
20
-2.42979
30
-5.19895
11
0.70166
21
-2.37028
31
-5.19397
12
0.74690
22
-2.50803
32
-5.15730
13
0.61786
23
-2.56754
33
-5.16228
0
3DFACE
8
A1
10
0.70166
20
-2.37028
30
-5.19397
11
0.83070
21
-2.31085
31
-5.18909
12
0.87594
22
-2.44860
32
-5.15242
13
0.74690
23
-2.50803
33
-5.15730
0
3DFACE
8
A1
10
0.83070
20
-2.31085
30
-5.18909
11
0.95974
21
-2.25134
31
-5.18411
12
1.00497
22
-2.38909
32
-5.14744
13
0.87594
23
-2.44860
33
-5.15242
0
3DFACE
8
A1
10
0.95974
20
-2.25134
30
-5.18411
11
1.08878
21
-2.19191
31
-5.17924
12
1.13401
22
-2.32966
32
-5.14257
13
1.00497
23
-2.38909
33
-5.14744
0
3DFACE
8
A1
10
1.08878
20
-2.19191
30
-5.17924
11
1.21781
21
-2.13239
31
-5.17426
12
1.26304
22
-2.27014
32
-5.13758
13
1.13401
23
-2.32966
33
-5.14257
0
3DFACE
8
A1
10
1.21781
20
-2.13239
30
-5.17426
11
1.34685
21
-2.07297
31
-5.16938
12
1.39208
22
-2.21071
32
-5.13271
13
1.26304
23
-2.27014
33
-5.13758
0
3DFACE
8
A1
10
1.34685
20
-2.07297
30
-5.16938
11
1.47588
21
-2.01345
31
-5.16440
12
1.52112
22
-2.15120
32
-5.12773
13
1.39208
23
-2.21071
33
-5.13271
0
3DFACE
8
A1
10
1.47588
20
-2.01345
30
-5.16440
11
1.60492
21
-1.95402
31
-5.15952
12
1.65015
22
-2.09177
32
-5.12285
13
1.52112
23
-2.15120
33
-5.12773
0
3DFACE
8
A1
10
1.60492
20
-1.95402
30
-5.15952
11
1.73395
21
-1.89451
31
-5.15454
12
1.77919
22
-2.03226
32
-5.11787
13
1.65015
23
-2.09177
33
-5.12285
0
3DFACE
8
A1
10
1.73395
20
-1.89451
30
-5.15454
11
1.86299
21
-1.83508
31
-5.14967
12
1.90823
22
-1.97283
32
-5.11299
13
1.77919
23
-2.03226
33
-5.11787
0
3DFACE
8
A1
10
1.86299
20
-1.83508
30
-5.14967
11
1.99203
21
-1.77557
31
-5.14468
12
2.03726
22
-1.91332
32
-5.10801
13
1.90823
23
-1.97283
33
-5.11299
0
3DFACE
8
A1
10
1.99203
20
-1.77557
30
-5.14468
11
2.12107
21
-1.71614
31
-5.13981
12
2.16630
22
-1.85389
32
-5.10314
13
2.03726
23
-1.91332
33
-5.10801
0
3DFACE
8
A1
10
2.12107
20
-1.71614
30
-5.13981
11
2.25010
21
-1.65662
31
-5.13483
12
2.29533
22
-1.79437
32
-5.09815
13
2.16630
23
-1.85389
33
-5.10314
0
3DFACE
8
A1
10
2.25010
20
-1.65662
30
-5.13483
11
2.37914
21
-1.59720
31
-5.12995
12
2.42437
22
-1.73494
32
-5.09328
13
2.29533
23
-1.79437
33
-5.09815
0
3DFACE
8
A1
10
2.37914
20
-1.59720
30
-5.12995
11
2.50817
21
-1.53768
31
-5.12497
12
2.55341
22
-1.67543
32
-5.08830
13
2.42437
23
-1.73494
33
-5.09328
0
3DFACE
8
A1
10
2.50817
20
-1.53768
30
-5.12497
11
2.63721
21
-1.47825
31
-5.12009
12
2.68245
22
-1.61600
32
-5.08342
13
2.55341
23
-1.67543
33
-5.08830
0
3DFACE
8
A1
10
2.63721
20
-1.47825
30
-5.12009
11
2.76625
21
-1.41874
31
-5.11511
12
2.81148
22
-1.55649
32
-5.07844
13
2.68245
23
-1.61600
33
-5.08342
0
3DFACE
8
A1
10
2.76625
20
-1.41874
30
-5.11511
11
2.89528
21
-1.35931
31
-5.11024
12
2.94052
22
-1.49706
32
-5.07357
13
2.81148
23
-1.55649
33
-5.07844
0
3DFACE
8
A1
10
2.89528
20
-1.35931
30
-5.11024
11
3.02432
21
-1.29980
31
-5.10526
12
3.06955
22
-1.43754
32
-5.06858
13
2.94052
23
-1.49706
33
-5.07357
0
3DFACE
8
A1
10
3.02432
20
-1.29980
30
-5.10526
11
3.15336
21
-1.24037
31
-5.10038
12
3.19859
22
-1.37812
32
-5.06371
13
3.06955
23
-1.43754
33
-5.06858
0
3DFACE
8
A1
10
3.15336
20
-1.24037
30
-5.10038
11
3.28239
21
-1.18085
31
-5.09540
12
3.32762
22
-1.31860
32
-5.05873
13
3.19859
23
-1.37812
33
-5.06371
0
3DFACE
8
A1
10
3.28239
20
-1.18085
30
-5.09540
11
3.41133
21
-1.11962
31
-5.08828
12
3.45666
22
-1.25917
32
-5.05385
13
3.32762
23
-1.31860
33
-5.05873
0
3DFACE
8
A1
10
3.41133
20
-1.11962
30
-5.08828
11
3.54027
21
-1.05830
31
-5.08105
12
3.58570
22
-1.19966
32
-5.04887
13
3.45666
23
-1.25917
33
-5.05385
0
3DFACE
8
A1
10
3.54027
20
-1.05830
30
-5.08105
11
3.66920
21
-0.99689
31
-5.07371
12
3.71474
22
-1.14023
32
-5.04399
13
3.58570
23
-1.19966
33
-5.04887
0
3DFACE
8
A1
10
3.66920
20
-0.99689
30
-5.07371
11
3.79814
21
-0.93549
31
-5.06638
12
3.84377
22
-1.08072
32
-5.03901
13
3.71474
23
-1.14023
33
-5.04399
0
3DFACE
8
A1
10
3.79814
20
-0.93549
30
-5.06638
11
3.92695
21
-0.87185
31
-5.05626
12
3.97270
22
-1.01923
32
-5.03157
13
3.84377
23
-1.08072
33
-5.03901
0
3DFACE
8
A1
10
3.92695
20
-0.87185
30
-5.05626
11
4.05585
21
-0.80992
31
-5.04828
12
4.10163
22
-0.95773
32
-5.02413
13
3.97270
23
-1.01923
33
-5.03157
0
3DFACE
8
A1
10
4.05585
20
-0.80992
30
-5.04828
11
4.18475
21
-0.74783
31
-5.04009
12
4.23055
22
-0.89607
32
-5.01647
13
4.10163
23
-0.95773
33
-5.02413
0
3DFACE
8
A1
10
4.18475
20
-0.74783
30
-5.04009
11
4.31364
21
-0.68556
31
-5.03168
12
4.35946
22
-0.83432
32
-5.00871
13
4.23055
23
-0.89607
33
-5.01647
0
3DFACE
8
A1
10
4.31364
20
-0.68556
30
-5.03168
11
4.44241
21
-0.62115
31
-5.02060
12
4.48824
22
-0.77016
32
-4.99795
13
4.35946
23
-0.83432
33
-5.00871
0
3DFACE
8
A1
10
4.44241
20
-0.62115
30
-5.02060
11
4.57131
21
-0.55914
31
-5.01252
12
4.61713
22
-0.70790
32
-4.98954
13
4.48824
23
-0.77016
33
-4.99795
0
3DFACE
8
A1
10
4.57131
20
-0.55914
30
-5.01252
11
4.70023
21
-0.49756
31
-5.00497
12
4.74604
22
-0.64597
32
-4.98156
13
4.61713
23
-0.70790
33
-4.98954
0
3DFACE
8
A1
10
4.70023
20
-0.49756
30
-5.00497
11
4.82918
21
-0.43642
31
-4.99795
12
4.87495
22
-0.58422
32
-4.97380
13
4.74604
23
-0.64597
33
-4.98156
0
3DFACE
8
A1
10
4.82918
20
-0.43642
30
-4.99795
11
4.95804
21
-0.37363
31
-4.98890
12
5.00374
22
-0.52015
32
-4.96315
13
4.87495
23
-0.58422
33
-4.97380
0
3DFACE
8
A1
10
4.95804
20
-0.37363
30
-4.98890
11
5.08706
21
-0.31403
31
-4.98382
12
5.13270
22
-0.45935
32
-4.95656
13
5.00374
23
-0.52015
33
-4.96315
0
3DFACE
8
A1
10
5.08706
20
-0.31403
30
-4.98382
11
5.21615
21
-0.25547
31
-4.98001
12
5.26173
22
-0.39966
32
-4.95136
13
5.13270
23
-0.45935
33
-4.95656
0
3DFACE
8
A1
10
5.21615
20
-0.25547
30
-4.98001
11
5.34530
21
-0.19819
31
-4.97781
12
5.39079
22
-0.34058
32
-4.94692
13
5.26173
23
-0.39966
33
-4.95136
0
3DFACE
8
A1
10
5.34530
20
-0.19819
30
-4.97781
11
5.47452
21
-0.14211
31
-4.97711
12
5.51989
22
-0.28235
32
-4.94354
13
5.39079
23
-0.34058
33
-4.94692
0
3DFACE
8
A1
10
5.47452
20
-0.14211
30
-4.97711
11
5.60391
21
-0.08922
31
-4.98036
12
5.64917
22
-0.22740
32
-4.94423
13
5.51989
23
-0.28235
33
-4.94354
0
3DFACE
8
A1
10
5.60391
20
-0.08922
30
-4.98036
11
5.73351
21
-0.04019
31
-4.98843
12
5.77864
22
-0.17614
32
-4.94952
13
5.64917
23
-0.22740
33
-4.94423
0
3DFACE
8
A1
10
5.73351
20
-0.04019
30
-4.98843
11
5.86327
21
0.00573
31
-5.00036
12
5.90832
22
-0.12849
32
-4.95930
13
5.77864
23
-0.17614
33
-4.94952
0
3DFACE
8
A1
10
-1.18939
20
-3.38630
30
-5.21405
11
-1.05986
21
-3.33607
31
-5.22063
12
-1.01462
22
-3.47382
32
-5.18395
13
-1.14416
23
-3.52405
33
-5.17738
0
3DFACE
8
A1
10
-1.05986
20
-3.33607
30
-5.22063
11
-0.93057
21
-3.28120
31
-5.22142
12
-0.88534
22
-3.41895
32
-5.18475
13
-1.01462
23
-3.47382
33
-5.18395
0
3DFACE
8
A1
10
-0.93057
20
-3.28120
30
-5.22142
11
-0.80154
21
-3.22168
31
-5.21644
12
-0.75631
22
-3.35943
32
-5.17977
13
-0.88534
23
-3.41895
33
-5.18475
0
3DFACE
8
A1
10
-0.80154
20
-3.22168
30
-5.21644
11
-0.67250
21
-3.16225
31
-5.21157
12
-0.62727
22
-3.30000
32
-5.17489
13
-0.75631
23
-3.35943
33
-5.17977
0
3DFACE
8
A1
10
-0.67250
20
-3.16225
30
-5.21157
11
-0.54347
21
-3.10274
31
-5.20658
12
-0.49823
22
-3.24049
32
-5.16991
13
-0.62727
23
-3.30000
33
-5.17489
0
3DFACE
8
A1
10
-0.54347
20
-3.10274
30
-5.20658
11
-0.41443
21
-3.04331
31
-5.20171
12
-0.36920
22
-3.18106
32
-5.16504
13
-0.49823
23
-3.24049
33
-5.16991
0
3DFACE
8
A1
10
-0.41443
20
-3.04331
30
-5.20171
11
-0.28539
21
-2.98380
31
-5.19673
12
-0.24016
22
-3.12155
32
-5.16005
13
-0.36920
23
-3.18106
33
-5.16504
0
3DFACE
8
A1
10
-0.28539
20
-2.98380
30
-5.19673
11
-0.15636
21
-2.92437
31
-5.19185
12
-0.11112
22
-3.06212
32
-5.15518
13
-0.24016
23
-3.12155
33
-5.16005
0
3DFACE
8
A1
10
-0.15636
20
-2.92437
30
-5.19185
11
-0.02732
21
-2.86486
31
-5.18687
12
0.01791
22
-3.00260
32
-5.15020
13
-0.11112
23
-3.06212
33
-5.15518
0
3DFACE
8
A1
10
-0.02732
20
-2.86486
30
-5.18687
11
0.10172
21
-2.80543
31
-5.18199
12
0.14695
22
-2.94318
32
-5.14532
13
0.01791
23
-3.00260
33
-5.15020
0
3DFACE
8
A1
10
0.10172
20
-2.80543
30
-5.18199
11
0.23075
21
-2.74591
31
-5.17701
12
0.27598
22
-2.88366
32
-5.14034
13
0.14695
23
-2.94318
33
-5.14532
0
3DFACE
8
A1
10
0.23075
20
-2.74591
30
-5.17701
11
0.35979
21
-2.68648
31
-5.17214
12
0.40502
22
-2.82423
32
-5.13546
13
0.27598
23
-2.88366
33
-5.14034
0
3DFACE
8
A1
10
0.35979
20
-2.68648
30
-5.17214
11
0.48882
21
-2.62697
31
-5.16715
12
0.53406
22
-2.76481
32
-5.13059
13
0.40502
23
-2.82423
33
-5.13546
0
3DFACE
8
A1
10
0.48882
20
-2.62697
30
-5.16715
11
0.61786
21
-2.56754
31
-5.16228
12
0.66310
22
-2.70529
32
-5.12561
13
0.53406
23
-2.76481
33
-5.13059
0
3DFACE
8
A1
10
0.61786
20
-2.56754
30
-5.16228
11
0.74690
21
-2.50803
31
-5.15730
12
0.79213
22
-2.64586
32
-5.12073
13
0.66310
23
-2.70529
33
-5.12561
0
3DFACE
8
A1
10
0.74690
20
-2.50803
30
-5.15730
11
0.87594
21
-2.44860
31
-5.15242
12
0.92117
22
-2.58635
32
-5.11575
13
0.79213
23
-2.64586
33
-5.12073
0
3DFACE
8
A1
10
0.87594
20
-2.44860
30
-5.15242
11
1.00497
21
-2.38909
31
-5.14744
12
1.05021
22
-2.52692
32
-5.11087
13
0.92117
23
-2.58635
33
-5.11575
0
3DFACE
8
A1
10
1.00497
20
-2.38909
30
-5.14744
11
1.13401
21
-2.32966
31
-5.14257
12
1.17924
22
-2.46741
32
-5.10589
13
1.05021
23
-2.52692
33
-5.11087
0
3DFACE
8
A1
10
1.13401
20
-2.32966
30
-5.14257
11
1.26304
21
-2.27014
31
-5.13758
12
1.30828
22
-2.40798
32
-5.10102
13
1.17924
23
-2.46741
33
-5.10589
0
3DFACE
8
A1
10
1.26304
20
-2.27014
30
-5.13758
11
1.39208
21
-2.21071
31
-5.13271
12
1.43731
22
-2.34846
32
-5.09604
13
1.30828
23
-2.40798
33
-5.10102
0
3DFACE
8
A1
10
1.39208
20
-2.21071
30
-5.13271
11
1.52112
21
-2.15120
31
-5.12773
12
1.56635
22
-2.28903
32
-5.09116
13
1.43731
23
-2.34846
33
-5.09604
0
3DFACE
8
A1
10
1.52112
20
-2.15120
30
-5.12773
11
1.65015
21
-2.09177
31
-5.12285
12
1.69539
22
-2.22952
32
-5.08618
13
1.56635
23
-2.28903
33
-5.09116
0
3DFACE
8
A1
10
1.65015
20
-2.09177
30
-5.12285
11
1.77919
21
-2.03226
31
-5.11787
12
1.82443
22
-2.17009
32
-5.08130
13
1.69539
23
-2.22952
33
-5.08618
0
3DFACE
8
A1
10
1.77919
20
-2.03226
30
-5.11787
11
1.90823
21
-1.97283
31
-5.11299
12
1.95346
22
-2.11058
32
-5.07632
13
1.82443
23
-2.17009
33
-5.08130
0
3DFACE
8
A1
10
1.90823
20
-1.97283
30
-5.11299
11
2.03726
21
-1.91332
31
-5.10801
12
2.08250
22
-2.05115
32
-5.07145
13
1.95346
23
-2.11058
33
-5.07632
0
3DFACE
8
A1
10
2.03726
20
-1.91332
30
-5.10801
11
2.16630
21
-1.85389
31
-5.10314
12
2.21153
22
-1.99164
32
-5.06646
13
2.08250
23
-2.05115
33
-5.07145
0
3DFACE
8
A1
10
2.16630
20
-1.85389
30
-5.10314
11
2.29533
21
-1.79437
31
-5.09815
12
2.34057
22
-1.93221
32
-5.06159
13
2.21153
23
-1.99164
33
-5.06646
0
3DFACE
8
A1
10
2.29533
20
-1.79437
30
-5.09815
11
2.42437
21
-1.73494
31
-5.09328
12
2.46961
22
-1.87269
32
-5.05661
13
2.34057
23
-1.93221
33
-5.06159
0
3DFACE
8
A1
10
2.42437
20
-1.73494
30
-5.09328
11
2.55341
21
-1.67543
31
-5.08830
12
2.59864
22
-1.81326
32
-5.05173
13
2.46961
23
-1.87269
33
-5.05661
0
3DFACE
8
A1
10
2.55341
20
-1.67543
30
-5.08830
11
2.68245
21
-1.61600
31
-5.08342
12
2.72768
22
-1.75375
32
-5.04675
13
2.59864
23
-1.81326
33
-5.05173
0
3DFACE
8
A1
10
2.68245
20
-1.61600
30
-5.08342
11
2.81148
21
-1.55649
31
-5.07844
12
2.85672
22
-1.69432
32
-5.04187
13
2.72768
23
-1.75375
33
-5.04675
0
3DFACE
8
A1
10
2.81148
20
-1.55649
30
-5.07844
11
2.94052
21
-1.49706
31
-5.07357
12
2.98575
22
-1.63481
32
-5.03689
13
2.85672
23
-1.69432
33
-5.04187
0
3DFACE
8
A1
10
2.94052
20
-1.49706
30
-5.07357
11
3.06955
21
-1.43754
31
-5.06858
12
3.11479
22
-1.57538
32
-5.03202
13
2.98575
23
-1.63481
33
-5.03689
0
3DFACE
8
A1
10
3.06955
20
-1.43754
30
-5.06858
11
3.19859
21
-1.37812
31
-5.06371
12
3.24382
22
-1.51587
32
-5.02704
13
3.11479
23
-1.57538
33
-5.03202
0
3DFACE
8
A1
10
3.19859
20
-1.37812
30
-5.06371
11
3.32762
21
-1.31860
31
-5.05873
12
3.37286
22
-1.45644
32
-5.02216
13
3.24382
23
-1.51587
33
-5.02704
0
3DFACE
8
A1
10
3.32762
20
-1.31860
30
-5.05873
11
3.45666
21
-1.25917
31
-5.05385
12
3.50190
22
-1.39692
32
-5.01718
13
3.37286
23
-1.45644
33
-5.02216
0
3DFACE
8
A1
10
3.45666
20
-1.25917
30
-5.05385
11
3.58570
21
-1.19966
31
-5.04887
12
3.63094
22
-1.33749
32
-5.01230
13
3.50190
23
-1.39692
33
-5.01718
0
3DFACE
8
A1
10
3.58570
20
-1.19966
30
-5.04887
11
3.71474
21
-1.14023
31
-5.04399
12
3.75997
22
-1.27798
32
-5.00732
13
3.63094
23
-1.33749
33
-5.01230
0
3DFACE
8
A1
10
3.71474
20
-1.14023
30
-5.04399
11
3.84377
21
-1.08072
31
-5.03901
12
3.88901
22
-1.21855
32
-5.00245
13
3.75997
23
-1.27798
33
-5.00732
0
3DFACE
8
A1
10
3.84377
20
-1.08072
30
-5.03901
11
3.97270
21
-1.01923
31
-5.03157
12
4.01804
22
-1.15904
32
-4.99746
13
3.88901
23
-1.21855
33
-5.00245
0
3DFACE
8
A1
10
3.97270
20
-1.01923
30
-5.03157
11
4.10163
21
-0.95773
31
-5.02413
12
4.14708
22
-1.09961
32
-4.99259
13
4.01804
23
-1.15904
33
-4.99746
0
3DFACE
8
A1
10
4.10163
20
-0.95773
30
-5.02413
11
4.23055
21
-0.89607
31
-5.01647
12
4.27612
22
-1.04010
32
-4.98761
13
4.14708
23
-1.09961
33
-4.99259
0
3DFACE
8
A1
10
4.23055
20
-0.89607
30
-5.01647
11
4.35946
21
-0.83432
31
-5.00871
12
4.40515
22
-0.98067
32
-4.98273
13
4.27612
23
-1.04010
33
-4.98761
0
3DFACE
8
A1
10
4.35946
20
-0.83432
30
-5.00871
11
4.48824
21
-0.77016
31
-4.99795
12
4.53407
22
-0.91892
32
-4.97497
13
4.40515
23
-0.98067
33
-4.98273
0
3DFACE
8
A1
10
4.48824
20
-0.77016
30
-4.99795
11
4.61713
21
-0.70790
31
-4.98954
12
4.66298
22
-0.85708
32
-4.96710
13
4.53407
23
-0.91892
33
-4.97497
0
3DFACE
8
A1
10
4.61713
20
-0.70790
30
-4.98954
11
4.74604
21
-0.64597
31
-4.98156
12
4.79188
22
-0.79516
32
-4.95912
13
4.66298
23
-0.85708
33
-4.96710
0
3DFACE
8
A1
10
4.74604
20
-0.64597
30
-4.98156
11
4.87495
21
-0.58422
31
-4.97380
12
4.92079
22
-0.73332
32
-4.95125
13
4.79188
23
-0.79516
33
-4.95912
0
3DFACE
8
A1
10
4.87495
20
-0.58422
30
-4.97380
11
5.00374
21
-0.52015
31
-4.96315
12
5.04956
22
-0.66882
32
-4.94006
13
4.92079
23
-0.73332
33
-4.95125
0
3DFACE
8
A1
10
5.00374
20
-0.52015
30
-4.96315
11
5.13270
21
-0.45935
31
-4.95656
12
5.17847
22
-0.60699
32
-4.93219
13
5.04956
23
-0.66882
33
-4.94006
0
3DFACE
8
A1
10
5.13270
20
-0.45935
30
-4.95656
11
5.26173
21
-0.39966
31
-4.95136
12
5.30740
22
-0.54567
32
-4.92496
13
5.17847
23
-0.60699
33
-4.93219
0
3DFACE
8
A1
10
5.26173
20
-0.39966
30
-4.95136
11
5.39079
21
-0.34058
31
-4.94692
12
5.43637
22
-0.48486
32
-4.91837
13
5.30740
23
-0.54567
33
-4.92496
0
3DFACE
8
A1
10
5.39079
20
-0.34058
30
-4.94692
11
5.51989
21
-0.28235
31
-4.94354
12
5.56535
22
-0.42440
32
-4.91222
13
5.43637
23
-0.48486
33
-4.91837
0
3DFACE
8
A1
10
5.51989
20
-0.28235
30
-4.94354
11
5.64917
21
-0.22740
31
-4.94423
12
5.69450
22
-0.36704
32
-4.90991
13
5.56535
23
-0.42440
33
-4.91222
0
3DFACE
8
A1
10
5.64917
20
-0.22740
30
-4.94423
11
5.77864
21
-0.17614
31
-4.94952
12
5.82388
22
-0.31389
32
-4.91284
13
5.69450
23
-0.36704
33
-4.90991
0
3DFACE
8
A1
10
5.77864
20
-0.17614
30
-4.94952
11
5.90832
21
-0.12849
31
-4.95930
12
5.95348
22
-0.26486
32
-4.92091
13
5.82388
23
-0.31389
33
-4.91284
0
3DFACE
8
A1
10
-1.14416
20
-3.52405
30
-5.17738
11
-1.01462
21
-3.47382
31
-5.18395
12
-0.96939
22
-3.61157
32
-5.14728
13
-1.09892
23
-3.66188
33
-5.14082
0
3DFACE
8
A1
10
-1.01462
20
-3.47382
30
-5.18395
11
-0.88534
21
-3.41895
31
-5.18475
12
-0.84011
22
-3.55670
32
-5.14808
13
-0.96939
23
-3.61157
33
-5.14728
0
3DFACE
8
A1
10
-0.88534
20
-3.41895
30
-5.18475
11
-0.75631
21
-3.35943
31
-5.17977
12
-0.71107
22
-3.49727
32
-5.14320
13
-0.84011
23
-3.55670
33
-5.14808
0
3DFACE
8
A1
10
-0.75631
20
-3.35943
30
-5.17977
11
-0.62727
21
-3.30000
31
-5.17489
12
-0.58203
22
-3.43775
32
-5.13822
13
-0.71107
23
-3.49727
33
-5.14320
0
3DFACE
8
A1
10
-0.62727
20
-3.30000
30
-5.17489
11
-0.49823
21
-3.24049
31
-5.16991
12
-0.45300
22
-3.37832
32
-5.13335
13
-0.58203
23
-3.43775
33
-5.13822
0
3DFACE
8
A1
10
-0.49823
20
-3.24049
30
-5.16991
11
-0.36920
21
-3.18106
31
-5.16504
12
-0.32396
22
-3.31881
32
-5.12836
13
-0.45300
23
-3.37832
33
-5.13335
0
3DFACE
8
A1
10
-0.36920
20
-3.18106
30
-5.16504
11
-0.24016
21
-3.12155
31
-5.16005
12
-0.19492
22
-3.25938
32
-5.12349
13
-0.32396
23
-3.31881
33
-5.12836
0
3DFACE
8
A1
10
-0.24016
20
-3.12155
30
-5.16005
11
-0.11112
21
-3.06212
31
-5.15518
12
-0.06589
22
-3.19987
32
-5.11851
13
-0.19492
23
-3.25938
33
-5.12349
0
3DFACE
8
A1
10
-0.11112
20
-3.06212
30
-5.15518
11
0.01791
21
-3.00260
31
-5.15020
12
0.06315
22
-3.14044
32
-5.11363
13
-0.06589
23
-3.19987
33
-5.11851
0
3DFACE
8
A1
10
0.01791
20
-3.00260
30
-5.15020
11
0.14695
21
-2.94318
31
-5.14532
12
0.19218
22
-3.08092
32
-5.10865
13
0.06315
23
-3.14044
33
-5.11363
0
3DFACE
8
A1
10
0.14695
20
-2.94318
30
-5.14532
11
0.27598
21
-2.88366
31
-5.14034
12
0.32122
22
-3.02150
32
-5.10377
13
0.19218
23
-3.08092
33
-5.10865
0
3DFACE
8
A1
10
0.27598
20
-2.88366
30
-5.14034
11
0.40502
21
-2.82423
31
-5.13546
12
0.45026
22
-2.96198
32
-5.09879
13
0.32122
23
-3.02150
33
-5.10377
0
3DFACE
8
A1
10
0.40502
20
-2.82423
30
-5.13546
11
0.53406
21
-2.76481
31
-5.13059
12
0.57930
22
-2.90255
32
-5.09392
13
0.45026
23
-2.96198
33
-5.09879
0
3DFACE
8
A1
10
0.53406
20
-2.76481
30
-5.13059
11
0.66310
21
-2.70529
31
-5.12561
12
0.70833
22
-2.84304
32
-5.08893
13
0.57930
23
-2.90255
33
-5.09392
0
3DFACE
8
A1
10
0.66310
20
-2.70529
30
-5.12561
11
0.79213
21
-2.64586
31
-5.12073
12
0.83737
22
-2.78361
32
-5.08406
13
0.70833
23
-2.84304
33
-5.08893
0
3DFACE
8
A1
10
0.79213
20
-2.64586
30
-5.12073
11
0.92117
21
-2.58635
31
-5.11575
12
0.96640
22
-2.72410
32
-5.07908
13
0.83737
23
-2.78361
33
-5.08406
0
3DFACE
8
A1
10
0.92117
20
-2.58635
30
-5.11575
11
1.05021
21
-2.52692
31
-5.11087
12
1.09544
22
-2.66467
32
-5.07420
13
0.96640
23
-2.72410
33
-5.07908
0
3DFACE
8
A1
10
1.05021
20
-2.52692
30
-5.11087
11
1.17924
21
-2.46741
31
-5.10589
12
1.22447
22
-2.60515
32
-5.06922
13
1.09544
23
-2.66467
33
-5.07420
0
3DFACE
8
A1
10
1.17924
20
-2.46741
30
-5.10589
11
1.30828
21
-2.40798
31
-5.10102
12
1.35351
22
-2.54573
32
-5.06435
13
1.22447
23
-2.60515
33
-5.06922
0
3DFACE
8
A1
10
1.30828
20
-2.40798
30
-5.10102
11
1.43731
21
-2.34846
31
-5.09604
12
1.48255
22
-2.48621
32
-5.05936
13
1.35351
23
-2.54573
33
-5.06435
0
3DFACE
8
A1
10
1.43731
20
-2.34846
30
-5.09604
11
1.56635
21
-2.28903
31
-5.09116
12
1.61159
22
-2.42678
32
-5.05449
13
1.48255
23
-2.48621
33
-5.05936
0
3DFACE
8
A1
10
1.56635
20
-2.28903
30
-5.09116
11
1.69539
21
-2.22952
31
-5.08618
12
1.74062
22
-2.36727
32
-5.04951
13
1.61159
23
-2.42678
33
-5.05449
0
3DFACE
8
A1
10
1.69539
20
-2.22952
30
-5.08618
11
1.82443
21
-2.17009
31
-5.08130
12
1.86966
22
-2.30784
32
-5.04463
13
1.74062
23
-2.36727
33
-5.04951
0
3DFACE
8
A1
10
1.82443
20
-2.17009
30
-5.08130
11
1.95346
21
-2.11058
31
-5.07632
12
1.99869
22
-2.24833
32
-5.03965
13
1.86966
23
-2.30784
33
-5.04463
0
3DFACE
8
A1
10
1.95346
20
-2.11058
30
-5.07632
11
2.08250
21
-2.05115
31
-5.07145
12
2.12773
22
-2.18890
32
-5.03477
13
1.99869
23
-2.24833
33
-5.03965
0
3DFACE
8
A1
10
2.08250
20
-2.05115
30
-5.07145
11
2.21153
21
-1.99164
31
-5.06646
12
2.25677
22
-2.12938
32
-5.02979
13
2.12773
23
-2.18890
33
-5.03477
0
3DFACE
8
A1
10
2.21153
20
-1.99164
30
-5.06646
11
2.34057
21
-1.93221
31
-5.06159
12
2.38580
22
-2.06996
32
-5.02492
13
2.25677
23
-2.12938
33
-5.02979
0
3DFACE
8
A1
10
2.34057
20
-1.93221
30
-5.06159
11
2.46961
21
-1.87269
31
-5.05661
12
2.51484
22
-2.01044
32
-5.01993
13
2.38580
23
-2.06996
33
-5.02492
0
3DFACE
8
A1
10
2.46961
20
-1.87269
30
-5.05661
11
2.59864
21
-1.81326
31
-5.05173
12
2.64388
22
-1.95101
32
-5.01506
13
2.51484
23
-2.01044
33
-5.01993
0
3DFACE
8
A1
10
2.59864
20
-1.81326
30
-5.05173
11
2.72768
21
-1.75375
31
-5.04675
12
2.77291
22
-1.89150
32
-5.01008
13
2.64388
23
-1.95101
33
-5.01506
0
3DFACE
8
A1
10
2.72768
20
-1.75375
30
-5.04675
11
2.85672
21
-1.69432
31
-5.04187
12
2.90195
22
-1.83207
32
-5.00520
13
2.77291
23
-1.89150
33
-5.01008
0
3DFACE
8
A1
10
2.85672
20
-1.69432
30
-5.04187
11
2.98575
21
-1.63481
31
-5.03689
12
3.03098
22
-1.77256
32
-5.00022
13
2.90195
23
-1.83207
33
-5.00520
0
3DFACE
8
A1
10
2.98575
20
-1.63481
30
-5.03689
11
3.11479
21
-1.57538
31
-5.03202
12
3.16002
22
-1.71313
32
-4.99535
13
3.03098
23
-1.77256
33
-5.00022
0
3DFACE
8
A1
10
3.11479
20
-1.57538
30
-5.03202
11
3.24382
21
-1.51587
31
-5.02704
12
3.28906
22
-1.65361
32
-4.99036
13
3.16002
23
-1.71313
33
-4.99535
0
3DFACE
8
A1
10
3.24382
20
-1.51587
30
-5.02704
11
3.37286
21
-1.45644
31
-5.02216
12
3.41810
22
-1.59419
32
-4.98549
13
3.28906
23
-1.65361
33
-4.99036
0
3DFACE
8
A1
10
3.37286
20
-1.45644
30
-5.02216
11
3.50190
21
-1.39692
31
-5.01718
12
3.54713
22
-1.53467
32
-4.98051
13
3.41810
23
-1.59419
33
-4.98549
0
3DFACE
8
A1
10
3.50190
20
-1.39692
30
-5.01718
11
3.63094
21
-1.33749
31
-5.01230
12
3.67617
22
-1.47524
32
-4.97563
13
3.54713
23
-1.53467
33
-4.98051
0
3DFACE
8
A1
10
3.63094
20
-1.33749
30
-5.01230
11
3.75997
21
-1.27798
31
-5.00732
12
3.80520
22
-1.41573
32
-4.97065
13
3.67617
23
-1.47524
33
-4.97563
0
3DFACE
8
A1
10
3.75997
20
-1.27798
30
-5.00732
11
3.88901
21
-1.21855
31
-5.00245
12
3.93424
22
-1.35630
32
-4.96577
13
3.80520
23
-1.41573
33
-4.97065
0
3DFACE
8
A1
10
3.88901
20
-1.21855
30
-5.00245
11
4.01804
21
-1.15904
31
-4.99746
12
4.06328
22
-1.29679
32
-4.96079
13
3.93424
23
-1.35630
33
-4.96577
0
3DFACE
8
A1
10
4.01804
20
-1.15904
30
-4.99746
11
4.14708
21
-1.09961
31
-4.99259
12
4.19231
22
-1.23736
32
-4.95592
13
4.06328
23
-1.29679
33
-4.96079
0
3DFACE
8
A1
10
4.14708
20
-1.09961
30
-4.99259
11
4.27612
21
-1.04010
31
-4.98761
12
4.32135
22
-1.17784
32
-4.95093
13
4.19231
23
-1.23736
33
-4.95592
0
3DFACE
8
A1
10
4.27612
20
-1.04010
30
-4.98761
11
4.40515
21
-0.98067
31
-4.98273
12
4.45039
22
-1.11842
32
-4.94606
13
4.32135
23
-1.17784
33
-4.95093
0
3DFACE
8
A1
10
4.40515
20
-0.98067
30
-4.98273
11
4.53407
21
-0.91892
31
-4.97497
12
4.57942
22
-1.05890
32
-4.94108
13
4.45039
23
-1.11842
33
-4.94606
0
3DFACE
8
A1
10
4.53407
20
-0.91892
30
-4.97497
11
4.66298
21
-0.85708
31
-4.96710
12
4.70846
22
-0.99947
32
-4.93620
13
4.57942
23
-1.05890
33
-4.94108
0
3DFACE
8
A1
10
4.66298
20
-0.85708
30
-4.96710
11
4.79188
21
-0.79516
31
-4.95912
12
4.83749
22
-0.93996
32
-4.93122
13
4.70846
23
-0.99947
33
-4.93620
0
3DFACE
8
A1
10
4.79188
20
-0.79516
30
-4.95912
11
4.92079
21
-0.73332
31
-4.95125
12
4.96653
22
-0.88053
32
-4.92635
13
4.83749
23
-0.93996
33
-4.93122
0
3DFACE
8
A1
10
4.92079
20
-0.73332
30
-4.95125
11
5.04956
21
-0.66882
31
-4.94006
12
5.09543
22
-0.81852
32
-4.91826
13
4.96653
23
-0.88053
33
-4.92635
0
3DFACE
8
A1
10
5.04956
20
-0.66882
30
-4.94006
11
5.17847
21
-0.60699
31
-4.93219
12
5.22434
22
-0.75660
32
-4.91028
13
5.09543
23
-0.81852
33
-4.91826
0
3DFACE
8
A1
10
5.17847
20
-0.60699
30
-4.93219
11
5.30740
21
-0.54567
31
-4.92496
12
5.35325
22
-0.69476
32
-4.90241
13
5.22434
23
-0.75660
33
-4.91028
0
3DFACE
8
A1
10
5.30740
20
-0.54567
30
-4.92496
11
5.43637
21
-0.48486
31
-4.91837
12
5.48216
22
-0.63301
32
-4.89465
13
5.35325
23
-0.69476
33
-4.90241
0
3DFACE
8
A1
10
5.43637
20
-0.48486
30
-4.91837
11
5.56535
21
-0.42440
31
-4.91222
12
5.61108
22
-0.57144
32
-4.88710
13
5.48216
23
-0.63301
33
-4.89465
0
3DFACE
8
A1
10
5.56535
20
-0.42440
30
-4.91222
11
5.69450
21
-0.36704
31
-4.90991
12
5.74015
22
-0.51252
32
-4.88287
13
5.61108
23
-0.57144
33
-4.88710
0
3DFACE
8
A1
10
5.69450
20
-0.36704
30
-4.90991
11
5.82388
21
-0.31389
31
-4.91284
12
5.86946
22
-0.45817
32
-4.88430
13
5.74015
23
-0.51252
33
-4.88287
0
3DFACE
8
A1
10
5.82388
20
-0.31389
30
-4.91284
11
5.95348
21
-0.26486
31
-4.92091
12
5.99901
22
-0.40820
32
-4.89120
13
5.86946
23
-0.45817
33
-4.88430
0
3DFACE
8
A1
10
-1.09892
20
-3.66188
30
-5.14082
11
-0.96939
21
-3.61157
31
-5.14728
12
-0.92416
22
-3.74931
32
-5.11061
13
-1.05369
23
-3.79963
33
-5.10414
0
3DFACE
8
A1
10
-0.96939
20
-3.61157
30
-5.14728
11
-0.84011
21
-3.55670
31
-5.14808
12
-0.79487
22
-3.69444
32
-5.11141
13
-0.92416
23
-3.74931
33
-5.11061
0
3DFACE
8
A1
10
-0.84011
20
-3.55670
30
-5.14808
11
-0.71107
21
-3.49727
31
-5.14320
12
-0.66584
22
-3.63502
32
-5.10653
13
-0.79487
23
-3.69444
33
-5.11141
0
3DFACE
8
A1
10
-0.71107
20
-3.49727
30
-5.14320
11
-0.58203
21
-3.43775
31
-5.13822
12
-0.53680
22
-3.57550
32
-5.10155
13
-0.66584
23
-3.63502
33
-5.10653
0
3DFACE
8
A1
10
-0.58203
20
-3.43775
30
-5.13822
11
-0.45300
21
-3.37832
31
-5.13335
12
-0.40776
22
-3.51607
32
-5.09667
13
-0.53680
23
-3.57550
33
-5.10155
0
3DFACE
8
A1
10
-0.45300
20
-3.37832
30
-5.13335
11
-0.32396
21
-3.31881
31
-5.12836
12
-0.27873
22
-3.45656
32
-5.09169
13
-0.40776
23
-3.51607
33
-5.09667
0
3DFACE
8
A1
10
-0.32396
20
-3.31881
30
-5.12836
11
-0.19492
21
-3.25938
31
-5.12349
12
-0.14969
22
-3.39713
32
-5.08682
13
-0.27873
23
-3.45656
33
-5.09169
0
3DFACE
8
A1
10
-0.19492
20
-3.25938
30
-5.12349
11
-0.06589
21
-3.19987
31
-5.11851
12
-0.02066
22
-3.33762
32
-5.08183
13
-0.14969
23
-3.39713
33
-5.08682
0
3DFACE
8
A1
10
-0.06589
20
-3.19987
30
-5.11851
11
0.06315
21
-3.14044
31
-5.11363
12
0.10838
22
-3.27819
32
-5.07696
13
-0.02066
23
-3.33762
33
-5.08183
0
3DFACE
8
A1
10
0.06315
20
-3.14044
30
-5.11363
11
0.19218
21
-3.08092
31
-5.10865
12
0.23742
22
-3.21867
32
-5.07198
13
0.10838
23
-3.27819
33
-5.07696
0
3DFACE
8
A1
10
0.19218
20
-3.08092
30
-5.10865
11
0.32122
21
-3.02150
31
-5.10377
12
0.36646
22
-3.15925
32
-5.06710
13
0.23742
23
-3.21867
33
-5.07198
0
3DFACE
8
A1
10
0.32122
20
-3.02150
30
-5.10377
11
0.45026
21
-2.96198
31
-5.09879
12
0.49549
22
-3.09973
32
-5.06212
13
0.36646
23
-3.15925
33
-5.06710
0
3DFACE
8
A1
10
0.45026
20
-2.96198
30
-5.09879
11
0.57930
21
-2.90255
31
-5.09392
12
0.62453
22
-3.04030
32
-5.05724
13
0.49549
23
-3.09973
33
-5.06212
0
3DFACE
8
A1
10
0.57930
20
-2.90255
30
-5.09392
11
0.70833
21
-2.84304
31
-5.08893
12
0.75356
22
-2.98079
32
-5.05226
13
0.62453
23
-3.04030
33
-5.05724
0
3DFACE
8
A1
10
0.70833
20
-2.84304
30
-5.08893
11
0.83737
21
-2.78361
31
-5.08406
12
0.88260
22
-2.92136
32
-5.04739
13
0.75356
23
-2.98079
33
-5.05226
0
3DFACE
8
A1
10
0.83737
20
-2.78361
30
-5.08406
11
0.96640
21
-2.72410
31
-5.07908
12
1.01164
22
-2.86185
32
-5.04241
13
0.88260
23
-2.92136
33
-5.04739
0
3DFACE
8
A1
10
0.96640
20
-2.72410
30
-5.07908
11
1.09544
21
-2.66467
31
-5.07420
12
1.14067
22
-2.80242
32
-5.03753
13
1.01164
23
-2.86185
33
-5.04241
0
3DFACE
8
A1
10
1.09544
20
-2.66467
30
-5.07420
11
1.22447
21
-2.60515
31
-5.06922
12
1.26971
22
-2.74290
32
-5.03255
13
1.14067
23
-2.80242
33
-5.03753
0
3DFACE
8
A1
10
1.22447
20
-2.60515
30
-5.06922
11
1.35351
21
-2.54573
31
-5.06435
12
1.39875
22
-2.68348
32
-5.02767
13
1.26971
23
-2.74290
33
-5.03255
0
3DFACE
8
A1
10
1.35351
20
-2.54573
30
-5.06435
11
1.48255
21
-2.48621
31
-5.05936
12
1.52778
22
-2.62396
32
-5.02269
13
1.39875
23
-2.68348
33
-5.02767
0
3DFACE
8
A1
10
1.48255
20
-2.48621
30
-5.05936
11
1.61159
21
-2.42678
31
-5.05449
12
1.65682
22
-2.56453
32
-5.01782
13
1.52778
23
-2.62396
33
-5.02269
0
3DFACE
8
A1
10
1.61159
20
-2.42678
30
-5.05449
11
1.74062
21
-2.36727
31
-5.04951
12
1.78585
22
-2.50502
32
-5.01283
13
1.65682
23
-2.56453
33
-5.01782
0
3DFACE
8
A1
10
1.74062
20
-2.36727
30
-5.04951
11
1.86966
21
-2.30784
31
-5.04463
12
1.91489
22
-2.44559
32
-5.00796
13
1.78585
23
-2.50502
33
-5.01283
0
3DFACE
8
A1
10
1.86966
20
-2.30784
30
-5.04463
11
1.99869
21
-2.24833
31
-5.03965
12
2.04393
22
-2.38608
32
-5.00298
13
1.91489
23
-2.44559
33
-5.00796
0
3DFACE
8
A1
10
1.99869
20
-2.24833
30
-5.03965
11
2.12773
21
-2.18890
31
-5.03477
12
2.17296
22
-2.32665
32
-4.99810
13
2.04393
23
-2.38608
33
-5.00298
0
3DFACE
8
A1
10
2.12773
20
-2.18890
30
-5.03477
11
2.25677
21
-2.12938
31
-5.02979
12
2.30200
22
-2.26713
32
-4.99312
13
2.17296
23
-2.32665
33
-4.99810
0
3DFACE
8
A1
10
2.25677
20
-2.12938
30
-5.02979
11
2.38580
21
-2.06996
31
-5.02492
12
2.43104
22
-2.20770
32
-4.98824
13
2.30200
23
-2.26713
33
-4.99312
0
3DFACE
8
A1
10
2.38580
20
-2.06996
30
-5.02492
11
2.51484
21
-2.01044
31
-5.01993
12
2.56007
22
-2.14819
32
-4.98326
13
2.43104
23
-2.20770
33
-4.98824
0
3DFACE
8
A1
10
2.51484
20
-2.01044
30
-5.01993
11
2.64388
21
-1.95101
31
-5.01506
12
2.68911
22
-2.08876
32
-4.97839
13
2.56007
23
-2.14819
33
-4.98326
0
3DFACE
8
A1
10
2.64388
20
-1.95101
30
-5.01506
11
2.77291
21
-1.89150
31
-5.01008
12
2.81814
22
-2.02925
32
-4.97341
13
2.68911
23
-2.08876
33
-4.97839
0
3DFACE
8
A1
10
2.77291
20
-1.89150
30
-5.01008
11
2.90195
21
-1.83207
31
-5.00520
12
2.94718
22
-1.96982
32
-4.96853
13
2.81814
23
-2.02925
33
-4.97341
0
3DFACE
8
A1
10
2.90195
20
-1.83207
30
-5.00520
11
3.03098
21
-1.77256
31
-5.00022
12
3.07622
22
-1.91031
32
-4.96355
13
2.94718
23
-1.96982
33
-4.96853
0
3DFACE
8
A1
10
3.03098
20
-1.77256
30
-5.00022
11
3.16002
21
-1.71313
31
-4.99535
12
3.20526
22
-1.85088
32
-4.95867
13
3.07622
23
-1.91031
33
-4.96355
0
3DFACE
8
A1
10
3.16002
20
-1.71313
30
-4.99535
11
3.28906
21
-1.65361
31
-4.99036
12
3.33429
22
-1.79136
32
-4.95369
13
3.20526
23
-1.85088
33
-4.95867
0
3DFACE
8
A1
10
3.28906
20
-1.65361
30
-4.99036
11
3.41810
21
-1.59419
31
-4.98549
12
3.46333
22
-1.73193
32
-4.94882
13
3.33429
23
-1.79136
33
-4.95369
0
3DFACE
8
A1
10
3.41810
20
-1.59419
30
-4.98549
11
3.54713
21
-1.53467
31
-4.98051
12
3.59236
22
-1.67242
32
-4.94383
13
3.46333
23
-1.73193
33
-4.94882
0
3DFACE
8
A1
10
3.54713
20
-1.53467
30
-4.98051
11
3.67617
21
-1.47524
31
-4.97563
12
3.72140
22
-1.61299
32
-4.93896
13
3.59236
23
-1.67242
33
-4.94383
0
3DFACE
8
A1
10
3.67617
20
-1.47524
30
-4.97563
11
3.80520
21
-1.41573
31
-4.97065
12
3.85044
22
-1.55356
32
-4.93408
13
3.72140
23
-1.61299
33
-4.93896
0
3DFACE
8
A1
10
3.80520
20
-1.41573
30
-4.97065
11
3.93424
21
-1.35630
31
-4.96577
12
3.97947
22
-1.49405
32
-4.92910
13
3.85044
23
-1.55356
33
-4.93408
0
3DFACE
8
A1
10
3.93424
20
-1.35630
30
-4.96577
11
4.06328
21
-1.29679
31
-4.96079
12
4.10851
22
-1.43462
32
-4.92423
13
3.97947
23
-1.49405
33
-4.92910
0
3DFACE
8
A1
10
4.06328
20
-1.29679
30
-4.96079
11
4.19231
21
-1.23736
31
-4.95592
12
4.23755
22
-1.37511
32
-4.91924
13
4.10851
23
-1.43462
33
-4.92423
0
3DFACE
8
A1
10
4.19231
20
-1.23736
30
-4.95592
11
4.32135
21
-1.17784
31
-4.95093
12
4.36659
22
-1.31568
32
-4.91437
13
4.23755
23
-1.37511
33
-4.91924
0
3DFACE
8
A1
10
4.32135
20
-1.17784
30
-4.95093
11
4.45039
21
-1.11842
31
-4.94606
12
4.49562
22
-1.25616
32
-4.90939
13
4.36659
23
-1.31568
33
-4.91437
0
3DFACE
8
A1
10
4.45039
20
-1.11842
30
-4.94606
11
4.57942
21
-1.05890
31
-4.94108
12
4.62466
22
-1.19674
32
-4.90451
13
4.49562
23
-1.25616
33
-4.90939
0
3DFACE
8
A1
10
4.57942
20
-1.05890
30
-4.94108
11
4.70846
21
-0.99947
31
-4.93620
12
4.75369
22
-1.13722
32
-4.89953
13
4.62466
23
-1.19674
33
-4.90451
0
3DFACE
8
A1
10
4.70846
20
-0.99947
30
-4.93620
11
4.83749
21
-0.93996
31
-4.93122
12
4.88273
22
-1.07779
32
-4.89466
13
4.75369
23
-1.13722
33
-4.89953
0
3DFACE
8
A1
10
4.83749
20
-0.93996
30
-4.93122
11
4.96653
21
-0.88053
31
-4.92635
12
5.01177
22
-1.01828
32
-4.88967
13
4.88273
23
-1.07779
33
-4.89466
0
3DFACE
8
A1
10
4.96653
20
-0.88053
30
-4.92635
11
5.09543
21
-0.81852
31
-4.91826
12
5.14080
22
-0.95885
32
-4.88480
13
5.01177
23
-1.01828
33
-4.88967
0
3DFACE
8
A1
10
5.09543
20
-0.81852
30
-4.91826
11
5.22434
21
-0.75660
31
-4.91028
12
5.26984
22
-0.89934
32
-4.87982
13
5.14080
23
-0.95885
33
-4.88480
0
3DFACE
8
A1
10
5.22434
20
-0.75660
30
-4.91028
11
5.35325
21
-0.69476
31
-4.90241
12
5.39888
22
-0.83991
32
-4.87494
13
5.26984
23
-0.89934
33
-4.87982
0
3DFACE
8
A1
10
5.35325
20
-0.69476
30
-4.90241
11
5.48216
21
-0.63301
31
-4.89465
12
5.52791
22
-0.78039
32
-4.86996
13
5.39888
23
-0.83991
33
-4.87494
0
3DFACE
8
A1
10
5.48216
20
-0.63301
30
-4.89465
11
5.61108
21
-0.57144
31
-4.88710
12
5.65695
22
-0.72097
32
-4.86508
13
5.52791
23
-0.78039
33
-4.86996
0
3DFACE
8
A1
10
5.61108
20
-0.57144
30
-4.88710
11
5.74015
21
-0.51252
31
-4.88287
12
5.78598
22
-0.66145
32
-4.86010
13
5.65695
23
-0.72097
33
-4.86508
0
3DFACE
8
A1
10
5.74015
20
-0.51252
30
-4.88287
11
5.86946
21
-0.45817
31
-4.88430
12
5.91527
22
-0.60658
32
-4.86090
13
5.78598
23
-0.66145
33
-4.86010
0
3DFACE
8
A1
10
5.86946
20
-0.45817
30
-4.88430
11
5.99901
21
-0.40820
31
-4.89120
12
6.04480
22
-0.55635
32
-4.86747
13
5.91527
23
-0.60658
33
-4.86090
0
3DFACE
8
A1
10
-1.05369
20
-3.79963
30
-5.10414
11
-0.92416
21
-3.74931
31
-5.11061
12
-0.87932
22
-3.87967
32
-5.06474
13
-1.00885
23
-3.92998
33
-5.05827
0
3DFACE
8
A1
10
-0.92416
20
-3.74931
30
-5.11061
11
-0.79487
21
-3.69444
31
-5.11141
12
-0.75004
22
-3.82480
32
-5.06553
13
-0.87932
23
-3.87967
33
-5.06474
0
3DFACE
8
A1
10
-0.79487
20
-3.69444
30
-5.11141
11
-0.66584
21
-3.63502
31
-5.10653
12
-0.62100
22
-3.76537
32
-5.06066
13
-0.75004
23
-3.82480
33
-5.06553
0
3DFACE
8
A1
10
-0.66584
20
-3.63502
30
-5.10653
11
-0.53680
21
-3.57550
31
-5.10155
12
-0.49197
22
-3.70586
32
-5.05567
13
-0.62100
23
-3.76537
33
-5.06066
0
3DFACE
8
A1
10
-0.53680
20
-3.57550
30
-5.10155
11
-0.40776
21
-3.51607
31
-5.09667
12
-0.36293
22
-3.64643
32
-5.05080
13
-0.49197
23
-3.70586
33
-5.05567
0
3DFACE
8
A1
10
-0.40776
20
-3.51607
30
-5.09667
11
-0.27873
21
-3.45656
31
-5.09169
12
-0.23389
22
-3.58691
32
-5.04582
13
-0.36293
23
-3.64643
33
-5.05080
0
3DFACE
8
A1
10
-0.27873
20
-3.45656
30
-5.09169
11
-0.14969
21
-3.39713
31
-5.08682
12
-0.10485
22
-3.52748
32
-5.04094
13
-0.23389
23
-3.58691
33
-5.04582
0
3DFACE
8
A1
10
-0.14969
20
-3.39713
30
-5.08682
11
-0.02066
21
-3.33762
31
-5.08183
12
0.02418
22
-3.46797
32
-5.03596
13
-0.10485
23
-3.52748
33
-5.04094
0
3DFACE
8
A1
10
-0.02066
20
-3.33762
30
-5.08183
11
0.10838
21
-3.27819
31
-5.07696
12
0.15322
22
-3.40854
32
-5.03109
13
0.02418
23
-3.46797
33
-5.03596
0
3DFACE
8
A1
10
0.10838
20
-3.27819
30
-5.07696
11
0.23742
21
-3.21867
31
-5.07198
12
0.28225
22
-3.34903
32
-5.02610
13
0.15322
23
-3.40854
33
-5.03109
0
3DFACE
8
A1
10
0.23742
20
-3.21867
30
-5.07198
11
0.36646
21
-3.15925
31
-5.06710
12
0.41129
22
-3.28960
32
-5.02123
13
0.28225
23
-3.34903
33
-5.02610
0
3DFACE
8
A1
10
0.36646
20
-3.15925
30
-5.06710
11
0.49549
21
-3.09973
31
-5.06212
12
0.54033
22
-3.23009
32
-5.01625
13
0.41129
23
-3.28960
33
-5.02123
0
3DFACE
8
A1
10
0.49549
20
-3.09973
30
-5.06212
11
0.62453
21
-3.04030
31
-5.05724
12
0.66936
22
-3.17066
32
-5.01137
13
0.54033
23
-3.23009
33
-5.01625
0
3DFACE
8
A1
10
0.62453
20
-3.04030
30
-5.05724
11
0.75356
21
-2.98079
31
-5.05226
12
0.79840
22
-3.11114
32
-5.00639
13
0.66936
23
-3.17066
33
-5.01137
0
3DFACE
8
A1
10
0.75356
20
-2.98079
30
-5.05226
11
0.88260
21
-2.92136
31
-5.04739
12
0.92744
22
-3.05171
32
-5.00151
13
0.79840
23
-3.11114
33
-5.00639
0
3DFACE
8
A1
10
0.88260
20
-2.92136
30
-5.04739
11
1.01164
21
-2.86185
31
-5.04241
12
1.05647
22
-2.99220
32
-4.99653
13
0.92744
23
-3.05171
33
-5.00151
0
3DFACE
8
A1
10
1.01164
20
-2.86185
30
-5.04241
11
1.14067
21
-2.80242
31
-5.03753
12
1.18551
22
-2.93277
32
-4.99166
13
1.05647
23
-2.99220
33
-4.99653
0
3DFACE
8
A1
10
1.14067
20
-2.80242
30
-5.03753
11
1.26971
21
-2.74290
31
-5.03255
12
1.31454
22
-2.87326
32
-4.98667
13
1.18551
23
-2.93277
33
-4.99166
0
3DFACE
8
A1
10
1.26971
20
-2.74290
30
-5.03255
11
1.39875
21
-2.68348
31
-5.02767
12
1.44358
22
-2.81383
32
-4.98180
13
1.31454
23
-2.87326
33
-4.98667
0
3DFACE
8
A1
10
1.39875
20
-2.68348
30
-5.02767
11
1.52778
21
-2.62396
31
-5.02269
12
1.57262
22
-2.75431
32
-4.97682
13
1.44358
23
-2.81383
33
-4.98180
0
3DFACE
8
A1
10
1.52778
20
-2.62396
30
-5.02269
11
1.65682
21
-2.56453
31
-5.01782
12
1.70166
22
-2.69489
32
-4.97194
13
1.57262
23
-2.75431
33
-4.97682
0
3DFACE
8
A1
10
1.65682
20
-2.56453
30
-5.01782
11
1.78585
21
-2.50502
31
-5.01283
12
1.83069
22
-2.63537
32
-4.96696
13
1.70166
23
-2.69489
33
-4.97194
0
3DFACE
8
A1
10
1.78585
20
-2.50502
30
-5.01283
11
1.91489
21
-2.44559
31
-5.00796
12
1.95973
22
-2.57594
32
-4.96209
13
1.83069
23
-2.63537
33
-4.96696
0
3DFACE
8
A1
10
1.91489
20
-2.44559
30
-5.00796
11
2.04393
21
-2.38608
31
-5.00298
12
2.08876
22
-2.51643
32
-4.95710
13
1.95973
23
-2.57594
33
-4.96209
0
3DFACE
8
A1
10
2.04393
20
-2.38608
30
-5.00298
11
2.17296
21
-2.32665
31
-4.99810
12
2.21780
22
-2.45700
32
-4.95223
13
2.08876
23
-2.51643
33
-4.95710
0
3DFACE
8
A1
10
2.17296
20
-2.32665
30
-4.99810
11
2.30200
21
-2.26713
31
-4.99312
12
2.34684
22
-2.39749
32
-4.94725
13
2.21780
23
-2.45700
33
-4.95223
0
3DFACE
8
A1
10
2.30200
20
-2.26713
30
-4.99312
11
2.43104
21
-2.20770
31
-4.98824
12
2.47587
22
-2.33806
32
-4.94237
13
2.34684
23
-2.39749
33
-4.94725
0
3DFACE
8
A1
10
2.43104
20
-2.20770
30
-4.98824
11
2.56007
21
-2.14819
31
-4.98326
12
2.60491
22
-2.27854
32
-4.93739
13
2.47587
23
-2.33806
33
-4.94237
0
3DFACE
8
A1
10
2.56007
20
-2.14819
30
-4.98326
11
2.68911
21
-2.08876
31
-4.97839
12
2.73395
22
-2.21912
32
-4.93251
13
2.60491
23
-2.27854
33
-4.93739
0
3DFACE
8
A1
10
2.68911
20
-2.08876
30
-4.97839
11
2.81814
21
-2.02925
31
-4.97341
12
2.86298
22
-2.15960
32
-4.92753
13
2.73395
23
-2.21912
33
-4.93251
0
3DFACE
8
A1
10
2.81814
20
-2.02925
30
-4.97341
11
2.94718
21
-1.96982
31
-4.96853
12
2.99202
22
-2.10017
32
-4.92266
13
2.86298
23
-2.15960
33
-4.92753
0
3DFACE
8
A1
10
2.94718
20
-1.96982
30
-4.96853
11
3.07622
21
-1.91031
31
-4.96355
12
3.12105
22
-2.04066
32
-4.91767
13
2.99202
23
-2.10017
33
-4.92266
0
3DFACE
8
A1
10
3.07622
20
-1.91031
30
-4.96355
11
3.20526
21
-1.85088
31
-4.95867
12
3.25009
22
-1.98123
32
-4.91280
13
3.12105
23
-2.04066
33
-4.91767
0
3DFACE
8
A1
10
3.20526
20
-1.85088
30
-4.95867
11
3.33429
21
-1.79136
31
-4.95369
12
3.37913
22
-1.92172
32
-4.90782
13
3.25009
23
-1.98123
33
-4.91280
0
3DFACE
8
A1
10
3.33429
20
-1.79136
30
-4.95369
11
3.46333
21
-1.73193
31
-4.94882
12
3.50817
22
-1.86229
32
-4.90294
13
3.37913
23
-1.92172
33
-4.90782
0
3DFACE
8
A1
10
3.46333
20
-1.73193
30
-4.94882
11
3.59236
21
-1.67242
31
-4.94383
12
3.63720
22
-1.80277
32
-4.89796
13
3.50817
23
-1.86229
33
-4.90294
0
3DFACE
8
A1
10
3.59236
20
-1.67242
30
-4.94383
11
3.72140
21
-1.61299
31
-4.93896
12
3.76624
22
-1.74335
32
-4.89309
13
3.63720
23
-1.80277
33
-4.89796
0
3DFACE
8
A1
10
3.72140
20
-1.61299
30
-4.93896
11
3.85044
21
-1.55356
31
-4.93408
12
3.89527
22
-1.68383
32
-4.88810
13
3.76624
23
-1.74335
33
-4.89309
0
3DFACE
8
A1
10
3.85044
20
-1.55356
30
-4.93408
11
3.97947
21
-1.49405
31
-4.92910
12
4.02431
22
-1.62440
32
-4.88323
13
3.89527
23
-1.68383
33
-4.88810
0
3DFACE
8
A1
10
3.97947
20
-1.49405
30
-4.92910
11
4.10851
21
-1.43462
31
-4.92423
12
4.15334
22
-1.56489
32
-4.87825
13
4.02431
23
-1.62440
33
-4.88323
0
3DFACE
8
A1
10
4.10851
20
-1.43462
30
-4.92423
11
4.23755
21
-1.37511
31
-4.91924
12
4.28238
22
-1.50546
32
-4.87337
13
4.15334
23
-1.56489
33
-4.87825
0
3DFACE
8
A1
10
4.23755
20
-1.37511
30
-4.91924
11
4.36659
21
-1.31568
31
-4.91437
12
4.41142
22
-1.44595
32
-4.86839
13
4.28238
23
-1.50546
33
-4.87337
0
3DFACE
8
A1
10
4.36659
20
-1.31568
30
-4.91437
11
4.49562
21
-1.25616
31
-4.90939
12
4.54046
22
-1.38652
32
-4.86351
13
4.41142
23
-1.44595
33
-4.86839
0
3DFACE
8
A1
10
4.49562
20
-1.25616
30
-4.90939
11
4.62466
21
-1.19674
31
-4.90451
12
4.66949
22
-1.32700
32
-4.85853
13
4.54046
23
-1.38652
33
-4.86351
0
3DFACE
8
A1
10
4.62466
20
-1.19674
30
-4.90451
11
4.75369
21
-1.13722
31
-4.89953
12
4.79853
22
-1.26758
32
-4.85366
13
4.66949
23
-1.32700
33
-4.85853
0
3DFACE
8
A1
10
4.75369
20
-1.13722
30
-4.89953
11
4.88273
21
-1.07779
31
-4.89466
12
4.92756
22
-1.20806
32
-4.84867
13
4.79853
23
-1.26758
33
-4.85366
0
3DFACE
8
A1
10
4.88273
20
-1.07779
30
-4.89466
11
5.01177
21
-1.01828
31
-4.88967
12
5.05660
22
-1.14863
32
-4.84380
13
4.92756
23
-1.20806
33
-4.84867
0
3DFACE
8
A1
10
5.01177
20
-1.01828
30
-4.88967
11
5.14080
21
-0.95885
31
-4.88480
12
5.18564
22
-1.08912
32
-4.83882
13
5.05660
23
-1.14863
33
-4.84380
0
3DFACE
8
A1
10
5.14080
20
-0.95885
30
-4.88480
11
5.26984
21
-0.89934
31
-4.87982
12
5.31467
22
-1.02969
32
-4.83394
13
5.18564
23
-1.08912
33
-4.83882
0
3DFACE
8
A1
10
5.26984
20
-0.89934
30
-4.87982
11
5.39888
21
-0.83991
31
-4.87494
12
5.44371
22
-0.97026
32
-4.82907
13
5.31467
23
-1.02969
33
-4.83394
0
3DFACE
8
A1
10
5.39888
20
-0.83991
30
-4.87494
11
5.52791
21
-0.78039
31
-4.86996
12
5.57275
22
-0.91075
32
-4.82409
13
5.44371
23
-0.97026
33
-4.82907
0
3DFACE
8
A1
10
5.52791
20
-0.78039
30
-4.86996
11
5.65695
21
-0.72097
31
-4.86508
12
5.70179
22
-0.85132
32
-4.81921
13
5.57275
23
-0.91075
33
-4.82409
0
3DFACE
8
A1
10
5.65695
20
-0.72097
30
-4.86508
11
5.78598
21
-0.66145
31
-4.86010
12
5.83082
22
-0.79181
32
-4.81423
13
5.70179
23
-0.85132
33
-4.81921
0
3DFACE
8
A1
10
5.78598
20
-0.66145
30
-4.86010
11
5.91527
21
-0.60658
31
-4.86090
12
5.96010
22
-0.73693
32
-4.81502
13
5.83082
23
-0.79181
33
-4.81423
0
3DFACE
8
A1
10
5.91527
20
-0.60658
30
-4.86090
11
6.04480
21
-0.55635
31
-4.86747
12
6.08964
22
-0.68671
32
-4.82160
13
5.96010
23
-0.73693
33
-4.81502
0
3DFACE
8
A1
10
-1.00885
20
-3.92998
30
-5.05827
11
-0.87932
21
-3.87967
31
-5.06474
12
-0.83488
22
-4.00263
32
-5.00966
13
-0.96441
23
-4.05286
33
-5.00309
0
3DFACE
8
A1
10
-0.87932
20
-3.87967
30
-5.06474
11
-0.75004
21
-3.82480
31
-5.06553
12
-0.70560
22
-3.94776
32
-5.01046
13
-0.83488
23
-4.00263
33
-5.00966
0
3DFACE
8
A1
10
-0.75004
20
-3.82480
30
-5.06553
11
-0.62100
21
-3.76537
31
-5.06066
12
-0.57656
22
-3.88824
32
-5.00548
13
-0.70560
23
-3.94776
33
-5.01046
0
3DFACE
8
A1
10
-0.62100
20
-3.76537
30
-5.06066
11
-0.49197
21
-3.70586
31
-5.05567
12
-0.44753
22
-3.82881
32
-5.00060
13
-0.57656
23
-3.88824
33
-5.00548
0
3DFACE
8
A1
10
-0.49197
20
-3.70586
30
-5.05567
11
-0.36293
21
-3.64643
31
-5.05080
12
-0.31849
22
-3.76930
32
-4.99562
13
-0.44753
23
-3.82881
33
-5.00060
0
3DFACE
8
A1
10
-0.36293
20
-3.64643
30
-5.05080
11
-0.23389
21
-3.58691
31
-5.04582
12
-0.18945
22
-3.70987
32
-4.99074
13
-0.31849
23
-3.76930
33
-4.99562
0
3DFACE
8
A1
10
-0.23389
20
-3.58691
30
-5.04582
11
-0.10485
21
-3.52748
31
-5.04094
12
-0.06041
22
-3.65044
32
-4.98587
13
-0.18945
23
-3.70987
33
-4.99074
0
3DFACE
8
A1
10
-0.10485
20
-3.52748
30
-5.04094
11
0.02418
21
-3.46797
31
-5.03596
12
0.06862
22
-3.59093
32
-4.98089
13
-0.06041
23
-3.65044
33
-4.98587
0
3DFACE
8
A1
10
0.02418
20
-3.46797
30
-5.03596
11
0.15322
21
-3.40854
31
-5.03109
12
0.19766
22
-3.53150
32
-4.97601
13
0.06862
23
-3.59093
33
-4.98089
0
3DFACE
8
A1
10
0.15322
20
-3.40854
30
-5.03109
11
0.28225
21
-3.34903
31
-5.02610
12
0.32669
22
-3.47199
32
-4.97103
13
0.19766
23
-3.53150
33
-4.97601
0
3DFACE
8
A1
10
0.28225
20
-3.34903
30
-5.02610
11
0.41129
21
-3.28960
31
-5.02123
12
0.45573
22
-3.41256
32
-4.96615
13
0.32669
23
-3.47199
33
-4.97103
0
3DFACE
8
A1
10
0.41129
20
-3.28960
30
-5.02123
11
0.54033
21
-3.23009
31
-5.01625
12
0.58477
22
-3.35304
32
-4.96117
13
0.45573
23
-3.41256
33
-4.96615
0
3DFACE
8
A1
10
0.54033
20
-3.23009
30
-5.01625
11
0.66936
21
-3.17066
31
-5.01137
12
0.71380
22
-3.29362
32
-4.95630
13
0.58477
23
-3.35304
33
-4.96117
0
3DFACE
8
A1
10
0.66936
20
-3.17066
30
-5.01137
11
0.79840
21
-3.11114
31
-5.00639
12
0.84284
22
-3.23410
32
-4.95131
13
0.71380
23
-3.29362
33
-4.95630
0
3DFACE
8
A1
10
0.79840
20
-3.11114
30
-5.00639
11
0.92744
21
-3.05171
31
-5.00151
12
0.97188
22
-3.17467
32
-4.94644
13
0.84284
23
-3.23410
33
-4.95131
0
3DFACE
8
A1
10
0.92744
20
-3.05171
30
-5.00151
11
1.05647
21
-2.99220
31
-4.99653
12
1.10091
22
-3.11516
32
-4.94146
13
0.97188
23
-3.17467
33
-4.94644
0
3DFACE
8
A1
10
1.05647
20
-2.99220
30
-4.99653
11
1.18551
21
-2.93277
31
-4.99166
12
1.22995
22
-3.05573
32
-4.93658
13
1.10091
23
-3.11516
33
-4.94146
0
3DFACE
8
A1
10
1.18551
20
-2.93277
30
-4.99166
11
1.31454
21
-2.87326
31
-4.98667
12
1.35898
22
-2.99622
32
-4.93160
13
1.22995
23
-3.05573
33
-4.93658
0
3DFACE
8
A1
10
1.31454
20
-2.87326
30
-4.98667
11
1.44358
21
-2.81383
31
-4.98180
12
1.48802
22
-2.93679
32
-4.92673
13
1.35898
23
-2.99622
33
-4.93160
0
3DFACE
8
A1
10
1.44358
20
-2.81383
30
-4.98180
11
1.57262
21
-2.75431
31
-4.97682
12
1.61706
22
-2.87727
32
-4.92174
13
1.48802
23
-2.93679
33
-4.92673
0
3DFACE
8
A1
10
1.57262
20
-2.75431
30
-4.97682
11
1.70166
21
-2.69489
31
-4.97194
12
1.74610
22
-2.81785
32
-4.91687
13
1.61706
23
-2.87727
33
-4.92174
0
3DFACE
8
A1
10
1.70166
20
-2.69489
30
-4.97194
11
1.83069
21
-2.63537
31
-4.96696
12
1.87513
22
-2.75833
32
-4.91189
13
1.74610
23
-2.81785
33
-4.91687
0
3DFACE
8
A1
10
1.83069
20
-2.63537
30
-4.96696
11
1.95973
21
-2.57594
31
-4.96209
12
2.00417
22
-2.69890
32
-4.90701
13
1.87513
23
-2.75833
33
-4.91189
0
3DFACE
8
A1
10
1.95973
20
-2.57594
30
-4.96209
11
2.08876
21
-2.51643
31
-4.95710
12
2.13320
22
-2.63939
32
-4.90203
13
2.00417
23
-2.69890
33
-4.90701
0
3DFACE
8
A1
10
2.08876
20
-2.51643
30
-4.95710
11
2.21780
21
-2.45700
31
-4.95223
12
2.26224
22
-2.57996
32
-4.89715
13
2.13320
23
-2.63939
33
-4.90203
0
3DFACE
8
A1
10
2.21780
20
-2.45700
30
-4.95223
11
2.34684
21
-2.39749
31
-4.94725
12
2.39127
22
-2.52045
32
-4.89217
13
2.26224
23
-2.57996
33
-4.89715
0
3DFACE
8
A1
10
2.34684
20
-2.39749
30
-4.94725
11
2.47587
21
-2.33806
31
-4.94237
12
2.52031
22
-2.46102
32
-4.88730
13
2.39127
23
-2.52045
33
-4.89217
0
3DFACE
8
A1
10
2.47587
20
-2.33806
30
-4.94237
11
2.60491
21
-2.27854
31
-4.93739
12
2.64935
22
-2.40150
32
-4.88231
13
2.52031
23
-2.46102
33
-4.88730
0
3DFACE
8
A1
10
2.60491
20
-2.27854
30
-4.93739
11
2.73395
21
-2.21912
31
-4.93251
12
2.77839
22
-2.34208
32
-4.87744
13
2.64935
23
-2.40150
33
-4.88231
0
3DFACE
8
A1
10
2.73395
20
-2.21912
30
-4.93251
11
2.86298
21
-2.15960
31
-4.92753
12
2.90742
22
-2.28256
32
-4.87246
13
2.77839
23
-2.34208
33
-4.87744
0
3DFACE
8
A1
10
2.86298
20
-2.15960
30
-4.92753
11
2.99202
21
-2.10017
31
-4.92266
12
3.03646
22
-2.22313
32
-4.86758
13
2.90742
23
-2.28256
33
-4.87246
0
3DFACE
8
A1
10
2.99202
20
-2.10017
30
-4.92266
11
3.12105
21
-2.04066
31
-4.91767
12
3.16549
22
-2.16362
32
-4.86260
13
3.03646
23
-2.22313
33
-4.86758
0
3DFACE
8
A1
10
3.12105
20
-2.04066
30
-4.91767
11
3.25009
21
-1.98123
31
-4.91280
12
3.29453
22
-2.10419
32
-4.85773
13
3.16549
23
-2.16362
33
-4.86260
0
3DFACE
8
A1
10
3.25009
20
-1.98123
30
-4.91280
11
3.37913
21
-1.92172
31
-4.90782
12
3.42357
22
-2.04468
32
-4.85274
13
3.29453
23
-2.10419
33
-4.85773
0
3DFACE
8
A1
10
3.37913
20
-1.92172
30
-4.90782
11
3.50817
21
-1.86229
31
-4.90294
12
3.55260
22
-1.98525
32
-4.84787
13
3.42357
23
-2.04468
33
-4.85274
0
3DFACE
8
A1
10
3.50817
20
-1.86229
30
-4.90294
11
3.63720
21
-1.80277
31
-4.89796
12
3.68164
22
-1.92573
32
-4.84289
13
3.55260
23
-1.98525
33
-4.84787
0
3DFACE
8
A1
10
3.63720
20
-1.80277
30
-4.89796
11
3.76624
21
-1.74335
31
-4.89309
12
3.81068
22
-1.86631
32
-4.83801
13
3.68164
23
-1.92573
33
-4.84289
0
3DFACE
8
A1
10
3.76624
20
-1.74335
30
-4.89309
11
3.89527
21
-1.68383
31
-4.88810
12
3.93971
22
-1.80679
32
-4.83303
13
3.81068
23
-1.86631
33
-4.83801
0
3DFACE
8
A1
10
3.89527
20
-1.68383
30
-4.88810
11
4.02431
21
-1.62440
31
-4.88323
12
4.06875
22
-1.74736
32
-4.82815
13
3.93971
23
-1.80679
33
-4.83303
0
3DFACE
8
A1
10
4.02431
20
-1.62440
30
-4.88323
11
4.15334
21
-1.56489
31
-4.87825
12
4.19778
22
-1.68785
32
-4.82317
13
4.06875
23
-1.74736
33
-4.82815
0
3DFACE
8
A1
10
4.15334
20
-1.56489
30
-4.87825
11
4.28238
21
-1.50546
31
-4.87337
12
4.32682
22
-1.62842
32
-4.81830
13
4.19778
23
-1.68785
33
-4.82317
0
3DFACE
8
A1
10
4.28238
20
-1.50546
30
-4.87337
11
4.41142
21
-1.44595
31
-4.86839
12
4.45586
22
-1.56891
32
-4.81331
13
4.32682
23
-1.62842
33
-4.81830
0
3DFACE
8
A1
10
4.41142
20
-1.44595
30
-4.86839
11
4.54046
21
-1.38652
31
-4.86351
12
4.58490
22
-1.50948
32
-4.80844
13
4.45586
23
-1.56891
33
-4.81331
0
3DFACE
8
A1
10
4.54046
20
-1.38652
30
-4.86351
11
4.66949
21
-1.32700
31
-4.85853
12
4.71393
22
-1.44996
32
-4.80346
13
4.58490
23
-1.50948
33
-4.80844
0
3DFACE
8
A1
10
4.66949
20
-1.32700
30
-4.85853
11
4.79853
21
-1.26758
31
-4.85366
12
4.84297
22
-1.39054
32
-4.79858
13
4.71393
23
-1.44996
33
-4.80346
0
3DFACE
8
A1
10
4.79853
20
-1.26758
30
-4.85366
11
4.92756
21
-1.20806
31
-4.84867
12
4.97200
22
-1.33102
32
-4.79360
13
4.84297
23
-1.39054
33
-4.79858
0
3DFACE
8
A1
10
4.92756
20
-1.20806
30
-4.84867
11
5.05660
21
-1.14863
31
-4.84380
12
5.10104
22
-1.27159
32
-4.78873
13
4.97200
23
-1.33102
33
-4.79360
0
3DFACE
8
A1
10
5.05660
20
-1.14863
30
-4.84380
11
5.18564
21
-1.08912
31
-4.83882
12
5.23008
22
-1.21208
32
-4.78374
13
5.10104
23
-1.27159
33
-4.78873
0
3DFACE
8
A1
10
5.18564
20
-1.08912
30
-4.83882
11
5.31467
21
-1.02969
31
-4.83394
12
5.35911
22
-1.15265
32
-4.77887
13
5.23008
23
-1.21208
33
-4.78374
0
3DFACE
8
A1
10
5.31467
20
-1.02969
30
-4.83394
11
5.44371
21
-0.97026
31
-4.82907
12
5.48815
22
-1.09314
32
-4.77389
13
5.35911
23
-1.15265
33
-4.77887
0
3DFACE
8
A1
10
5.44371
20
-0.97026
30
-4.82907
11
5.57275
21
-0.91075
31
-4.82409
12
5.61719
22
-1.03371
32
-4.76901
13
5.48815
23
-1.09314
33
-4.77389
0
3DFACE
8
A1
10
5.57275
20
-0.91075
30
-4.82409
11
5.70179
21
-0.85132
31
-4.81921
12
5.74622
22
-0.97419
32
-4.76403
13
5.61719
23
-1.03371
33
-4.76901
0
3DFACE
8
A1
10
5.70179
20
-0.85132
30
-4.81921
11
5.83082
21
-0.79181
31
-4.81423
12
5.87526
22
-0.91477
32
-4.75915
13
5.74622
23
-0.97419
33
-4.76403
0
3DFACE
8
A1
10
5.83082
20
-0.79181
30
-4.81423
11
5.96010
21
-0.73693
31
-4.81502
12
6.00454
22
-0.85989
32
-4.75995
13
5.87526
23
-0.91477
33
-4.75915
0
3DFACE
8
A1
10
5.96010
20
-0.73693
30
-4.81502
11
6.08964
21
-0.68671
31
-4.82160
12
6.13407
22
-0.80958
32
-4.76642
13
6.00454
23
-0.85989
33
-4.75995
0
ENDSEC
0
EOF
