0
SECTION
2
ENTITIES
0
3DFACE
8
C1
10
-6.80997
20
4.87764
30
-10.55683
11
-6.83159
21
4.77403
31
-10.45287
12
-6.68479
22
4.76247
32
-10.43336
13
-6.66317
23
4.86608
33
-10.53732
0
3DFACE
8
C1
10
-6.83159
20
4.77403
30
-10.45287
11
-6.85305
21
4.66909
31
-10.35009
12
-6.70625
22
4.65754
32
-10.33058
13
-6.68479
23
4.76247
33
-10.43336
0
3DFACE
8
C1
10
-6.85305
20
4.66909
30
-10.35009
11
-6.87434
21
4.56284
31
-10.24849
12
-6.72754
22
4.55129
32
-10.22898
13
-6.70625
23
4.65754
33
-10.33058
0
3DFACE
8
C1
10
-6.87434
20
4.56284
30
-10.24849
11
-6.89563
21
4.45659
31
-10.14690
12
-6.74882
22
4.44493
32
-10.12749
13
-6.72754
23
4.55129
33
-10.22898
0
3DFACE
8
C1
10
-6.89563
20
4.45659
30
-10.14690
11
-6.91691
21
4.35023
31
-10.04540
12
-6.77011
22
4.33867
32
-10.02589
13
-6.74882
23
4.44493
33
-10.12749
0
3DFACE
8
C1
10
-6.91691
20
4.35023
30
-10.04540
11
-6.93821
21
4.24398
31
-9.94381
12
-6.79139
22
4.23231
32
-9.92439
13
-6.77011
23
4.33867
33
-10.02589
0
3DFACE
8
C1
10
-6.93821
20
4.24398
30
-9.94381
11
-6.95949
21
4.13762
31
-9.84231
12
-6.81269
22
4.12606
32
-9.82280
13
-6.79139
23
4.23231
33
-9.92439
0
3DFACE
8
C1
10
-6.95949
20
4.13762
30
-9.84231
11
-6.98078
21
4.03137
31
-9.74072
12
-6.83398
22
4.01981
32
-9.72120
13
-6.81269
23
4.12606
33
-9.82280
0
3DFACE
8
C1
10
-6.98078
20
4.03137
30
-9.74072
11
-7.00206
21
3.92501
31
-9.63922
12
-6.85526
22
3.91345
32
-9.61971
13
-6.83398
23
4.01981
33
-9.72120
0
3DFACE
8
C1
10
-7.00206
20
3.92501
30
-9.63922
11
-7.02335
21
3.81876
31
-9.53762
12
-6.87655
22
3.80720
32
-9.51811
13
-6.85526
23
3.91345
33
-9.61971
0
3DFACE
8
C1
10
-7.02335
20
3.81876
30
-9.53762
11
-7.04465
21
3.71251
31
-9.43603
12
-6.89783
22
3.70084
32
-9.41662
13
-6.87655
23
3.80720
33
-9.51811
0
3DFACE
8
C1
10
-7.04465
20
3.71251
30
-9.43603
11
-7.06593
21
3.60615
31
-9.33453
12
-6.91913
22
3.59459
32
-9.31502
13
-6.89783
23
3.70084
33
-9.41662
0
3DFACE
8
C1
10
-7.06593
20
3.60615
30
-9.33453
11
-7.08722
21
3.49989
31
-9.23294
12
-6.94041
22
3.48823
32
-9.21352
13
-6.91913
23
3.59459
33
-9.31502
0
3DFACE
8
C1
10
-7.08722
20
3.49989
30
-9.23294
11
-7.10850
21
3.39353
31
-9.13144
12
-6.96170
22
3.38198
32
-9.11193
13
-6.94041
23
3.48823
33
-9.21352
0
3DFACE
8
C1
10
-7.10850
20
3.39353
30
-9.13144
11
-7.12979
21
3.28728
31
-9.02985
12
-6.98299
22
3.27573
32
-9.01033
13
-6.96170
23
3.38198
33
-9.11193
0
3DFACE
8
C1
10
-7.12979
20
3.28728
30
-9.02985
11
-7.15107
21
3.18092
31
-8.92835
12
-7.00427
22
3.16937
32
-8.90884
13
-6.98299
23
3.27573
33
-9.01033
0
3DFACE
8
C1
10
-7.15107
20
3.18092
30
-8.92835
11
-7.17236
21
3.07467
31
-8.82675
12
-7.02556
22
3.06311
32
-8.80724
13
-7.00427
23
3.16937
33
-8.90884
0
3DFACE
8
C1
10
-7.17236
20
3.07467
30
-8.82675
11
-7.19366
21
2.96842
31
-8.72516
12
-7.04684
22
2.95675
32
-8.70575
13
-7.02556
23
3.06311
33
-8.80724
0
3DFACE
8
C1
10
-7.19366
20
2.96842
30
-8.72516
11
-7.21494
21
2.86206
31
-8.62366
12
-7.06814
22
2.85050
32
-8.60415
13
-7.04684
23
2.95675
33
-8.70575
0
3DFACE
8
C1
10
-7.21494
20
2.86206
30
-8.62366
11
-7.23623
21
2.75581
31
-8.52207
12
-7.08942
22
2.74414
32
-8.50265
13
-7.06814
23
2.85050
33
-8.60415
0
3DFACE
8
C1
10
-7.23623
20
2.75581
30
-8.52207
11
-7.25751
21
2.64945
31
-8.42057
12
-7.11071
22
2.63789
32
-8.40106
13
-7.08942
23
2.74414
33
-8.50265
0
3DFACE
8
C1
10
-7.25751
20
2.64945
30
-8.42057
11
-7.27880
21
2.54320
31
-8.31898
12
-7.13200
22
2.53164
32
-8.29946
13
-7.11071
23
2.63789
33
-8.40106
0
3DFACE
8
C1
10
-7.27880
20
2.54320
30
-8.31898
11
-7.30008
21
2.43684
31
-8.21748
12
-7.15328
22
2.42528
32
-8.19797
13
-7.13200
23
2.53164
33
-8.29946
0
3DFACE
8
C1
10
-7.30008
20
2.43684
30
-8.21748
11
-7.32137
21
2.33058
31
-8.11588
12
-7.17458
22
2.31903
32
-8.09637
13
-7.15328
23
2.42528
33
-8.19797
0
3DFACE
8
C1
10
-7.32137
20
2.33058
30
-8.11588
11
-7.34267
21
2.22433
31
-8.01429
12
-7.19586
22
2.21267
32
-7.99488
13
-7.17458
23
2.31903
33
-8.09637
0
3DFACE
8
C1
10
-7.34267
20
2.22433
30
-8.01429
11
-7.36395
21
2.11797
31
-7.91279
12
-7.21715
22
2.10642
32
-7.89328
13
-7.19586
23
2.21267
33
-7.99488
0
3DFACE
8
C1
10
-7.36395
20
2.11797
30
-7.91279
11
-7.38524
21
2.01172
31
-7.81120
12
-7.23843
22
2.00006
32
-7.79178
13
-7.21715
23
2.10642
33
-7.89328
0
3DFACE
8
C1
10
-7.38524
20
2.01172
30
-7.81120
11
-7.40652
21
1.90536
31
-7.70970
12
-7.25972
22
1.89380
32
-7.69019
13
-7.23843
23
2.00006
33
-7.79178
0
3DFACE
8
C1
10
-7.40652
20
1.90536
30
-7.70970
11
-7.42781
21
1.79911
31
-7.60811
12
-7.28101
22
1.78755
32
-7.58859
13
-7.25972
23
1.89380
33
-7.69019
0
3DFACE
8
C1
10
-7.42781
20
1.79911
30
-7.60811
11
-7.44909
21
1.69275
31
-7.50661
12
-7.30229
22
1.68119
32
-7.48710
13
-7.28101
23
1.78755
33
-7.58859
0
3DFACE
8
C1
10
-7.44909
20
1.69275
30
-7.50661
11
-7.47039
21
1.58650
31
-7.40501
12
-7.32359
22
1.57494
32
-7.38550
13
-7.30229
23
1.68119
33
-7.48710
0
3DFACE
8
C1
10
-7.47039
20
1.58650
30
-7.40501
11
-7.49168
21
1.48025
31
-7.30342
12
-7.34487
22
1.46858
32
-7.28401
13
-7.32359
23
1.57494
33
-7.38550
0
3DFACE
8
C1
10
-7.49168
20
1.48025
30
-7.30342
11
-7.51296
21
1.37389
31
-7.20192
12
-7.36616
22
1.36233
32
-7.18241
13
-7.34487
23
1.46858
33
-7.28401
0
3DFACE
8
C1
10
-7.51296
20
1.37389
30
-7.20192
11
-7.53425
21
1.26764
31
-7.10033
12
-7.38744
22
1.25597
32
-7.08091
13
-7.36616
23
1.36233
33
-7.18241
0
3DFACE
8
C1
10
-7.53425
20
1.26764
30
-7.10033
11
-7.55553
21
1.16127
31
-6.99883
12
-7.40873
22
1.14972
32
-6.97932
13
-7.38744
23
1.25597
33
-7.08091
0
3DFACE
8
C1
10
-7.55553
20
1.16127
30
-6.99883
11
-7.57682
21
1.05502
31
-6.89724
12
-7.43003
22
1.04347
32
-6.87772
13
-7.40873
23
1.14972
33
-6.97932
0
3DFACE
8
C1
10
-7.57682
20
1.05502
30
-6.89724
11
-7.59810
21
0.94866
31
-6.79574
12
-7.45130
22
0.93711
32
-6.77623
13
-7.43003
23
1.04347
33
-6.87772
0
3DFACE
8
C1
10
-7.59810
20
0.94866
30
-6.79574
11
-7.61940
21
0.84241
31
-6.69414
12
-7.47260
22
0.83086
32
-6.67463
13
-7.45130
23
0.93711
33
-6.77623
0
3DFACE
8
C1
10
-7.61940
20
0.84241
30
-6.69414
11
-7.64086
21
0.73748
31
-6.59137
12
-7.49406
22
0.72592
32
-6.57185
13
-7.47260
23
0.83086
33
-6.67463
0
3DFACE
8
C1
10
-7.64086
20
0.73748
30
-6.59137
11
-7.66249
21
0.63397
31
-6.48731
12
-7.51568
22
0.62231
32
-6.46789
13
-7.49406
23
0.72592
33
-6.57185
0
3DFACE
8
C1
10
-6.66317
20
4.86608
30
-10.53732
11
-6.68479
21
4.76247
31
-10.43336
12
-6.53770
22
4.74861
32
-10.41591
13
-6.51608
23
4.85222
33
-10.51987
0
3DFACE
8
C1
10
-6.68479
20
4.76247
30
-10.43336
11
-6.70625
21
4.65754
31
-10.33058
12
-6.55916
22
4.64367
32
-10.31314
13
-6.53770
23
4.74861
33
-10.41591
0
3DFACE
8
C1
10
-6.70625
20
4.65754
30
-10.33058
11
-6.72754
21
4.55129
31
-10.22898
12
-6.58045
22
4.53742
32
-10.21154
13
-6.55916
23
4.64367
33
-10.31314
0
3DFACE
8
C1
10
-6.72754
20
4.55129
30
-10.22898
11
-6.74882
21
4.44493
31
-10.12749
12
-6.60173
22
4.43106
32
-10.11004
13
-6.58045
23
4.53742
33
-10.21154
0
3DFACE
8
C1
10
-6.74882
20
4.44493
30
-10.12749
11
-6.77011
21
4.33867
31
-10.02589
12
-6.62303
22
4.32481
32
-10.00845
13
-6.60173
23
4.43106
33
-10.11004
0
3DFACE
8
C1
10
-6.77011
20
4.33867
30
-10.02589
11
-6.79139
21
4.23231
31
-9.92439
12
-6.64431
22
4.21845
32
-9.90695
13
-6.62303
23
4.32481
33
-10.00845
0
3DFACE
8
C1
10
-6.79139
20
4.23231
30
-9.92439
11
-6.81269
21
4.12606
31
-9.82280
12
-6.66560
22
4.11220
32
-9.80536
13
-6.64431
23
4.21845
33
-9.90695
0
3DFACE
8
C1
10
-6.81269
20
4.12606
30
-9.82280
11
-6.83398
21
4.01981
31
-9.72120
12
-6.68689
22
4.00595
32
-9.70376
13
-6.66560
23
4.11220
33
-9.80536
0
3DFACE
8
C1
10
-6.83398
20
4.01981
30
-9.72120
11
-6.85526
21
3.91345
31
-9.61971
12
-6.70817
22
3.89959
32
-9.60227
13
-6.68689
23
4.00595
33
-9.70376
0
3DFACE
8
C1
10
-6.85526
20
3.91345
30
-9.61971
11
-6.87655
21
3.80720
31
-9.51811
12
-6.72947
22
3.79334
32
-9.50067
13
-6.70817
23
3.89959
33
-9.60227
0
3DFACE
8
C1
10
-6.87655
20
3.80720
30
-9.51811
11
-6.89783
21
3.70084
31
-9.41662
12
-6.75075
22
3.68698
32
-9.39917
13
-6.72947
23
3.79334
33
-9.50067
0
3DFACE
8
C1
10
-6.89783
20
3.70084
30
-9.41662
11
-6.91913
21
3.59459
31
-9.31502
12
-6.77204
22
3.58072
32
-9.29758
13
-6.75075
23
3.68698
33
-9.39917
0
3DFACE
8
C1
10
-6.91913
20
3.59459
30
-9.31502
11
-6.94041
21
3.48823
31
-9.21352
12
-6.79332
22
3.47436
32
-9.19608
13
-6.77204
23
3.58072
33
-9.29758
0
3DFACE
8
C1
10
-6.94041
20
3.48823
30
-9.21352
11
-6.96170
21
3.38198
31
-9.11193
12
-6.81461
22
3.36811
32
-9.09449
13
-6.79332
23
3.47436
33
-9.19608
0
3DFACE
8
C1
10
-6.96170
20
3.38198
30
-9.11193
11
-6.98299
21
3.27573
31
-9.01033
12
-6.83590
22
3.26186
32
-8.99289
13
-6.81461
23
3.36811
33
-9.09449
0
3DFACE
8
C1
10
-6.98299
20
3.27573
30
-9.01033
11
-7.00427
21
3.16937
31
-8.90884
12
-6.85718
22
3.15550
32
-8.89140
13
-6.83590
23
3.26186
33
-8.99289
0
3DFACE
8
C1
10
-7.00427
20
3.16937
30
-8.90884
11
-7.02556
21
3.06311
31
-8.80724
12
-6.87848
22
3.04925
32
-8.78980
13
-6.85718
23
3.15550
33
-8.89140
0
3DFACE
8
C1
10
-7.02556
20
3.06311
30
-8.80724
11
-7.04684
21
2.95675
31
-8.70575
12
-6.89976
22
2.94289
32
-8.68830
13
-6.87848
23
3.04925
33
-8.78980
0
3DFACE
8
C1
10
-7.04684
20
2.95675
30
-8.70575
11
-7.06814
21
2.85050
31
-8.60415
12
-6.92105
22
2.83664
32
-8.58671
13
-6.89976
23
2.94289
33
-8.68830
0
3DFACE
8
C1
10
-7.06814
20
2.85050
30
-8.60415
11
-7.08942
21
2.74414
31
-8.50265
12
-6.94233
22
2.73028
32
-8.48521
13
-6.92105
23
2.83664
33
-8.58671
0
3DFACE
8
C1
10
-7.08942
20
2.74414
30
-8.50265
11
-7.11071
21
2.63789
31
-8.40106
12
-6.96362
22
2.62403
32
-8.38362
13
-6.94233
23
2.73028
33
-8.48521
0
3DFACE
8
C1
10
-7.11071
20
2.63789
30
-8.40106
11
-7.13200
21
2.53164
31
-8.29946
12
-6.98492
22
2.51778
32
-8.28202
13
-6.96362
23
2.62403
33
-8.38362
0
3DFACE
8
C1
10
-7.13200
20
2.53164
30
-8.29946
11
-7.15328
21
2.42528
31
-8.19797
12
-7.00620
22
2.41141
32
-8.18053
13
-6.98492
23
2.51778
33
-8.28202
0
3DFACE
8
C1
10
-7.15328
20
2.42528
30
-8.19797
11
-7.17458
21
2.31903
31
-8.09637
12
-7.02749
22
2.30516
32
-8.07893
13
-7.00620
23
2.41141
33
-8.18053
0
3DFACE
8
C1
10
-7.17458
20
2.31903
30
-8.09637
11
-7.19586
21
2.21267
31
-7.99488
12
-7.04877
22
2.19880
32
-7.97743
13
-7.02749
23
2.30516
33
-8.07893
0
3DFACE
8
C1
10
-7.19586
20
2.21267
30
-7.99488
11
-7.21715
21
2.10642
31
-7.89328
12
-7.07006
22
2.09255
32
-7.87584
13
-7.04877
23
2.19880
33
-7.97743
0
3DFACE
8
C1
10
-7.21715
20
2.10642
30
-7.89328
11
-7.23843
21
2.00006
31
-7.79178
12
-7.09134
22
1.98619
32
-7.77434
13
-7.07006
23
2.09255
33
-7.87584
0
3DFACE
8
C1
10
-7.23843
20
2.00006
30
-7.79178
11
-7.25972
21
1.89380
31
-7.69019
12
-7.11263
22
1.87994
32
-7.67275
13
-7.09134
23
1.98619
33
-7.77434
0
3DFACE
8
C1
10
-7.25972
20
1.89380
30
-7.69019
11
-7.28101
21
1.78755
31
-7.58859
12
-7.13391
22
1.77358
32
-7.57125
13
-7.11263
23
1.87994
33
-7.67275
0
3DFACE
8
C1
10
-7.28101
20
1.78755
30
-7.58859
11
-7.30229
21
1.68119
31
-7.48710
12
-7.15521
22
1.66733
32
-7.46966
13
-7.13391
23
1.77358
33
-7.57125
0
3DFACE
8
C1
10
-7.30229
20
1.68119
30
-7.48710
11
-7.32359
21
1.57494
31
-7.38550
12
-7.17650
22
1.56108
32
-7.36806
13
-7.15521
23
1.66733
33
-7.46966
0
3DFACE
8
C1
10
-7.32359
20
1.57494
30
-7.38550
11
-7.34487
21
1.46858
31
-7.28401
12
-7.19778
22
1.45472
32
-7.26656
13
-7.17650
23
1.56108
33
-7.36806
0
3DFACE
8
C1
10
-7.34487
20
1.46858
30
-7.28401
11
-7.36616
21
1.36233
31
-7.18241
12
-7.21907
22
1.34847
32
-7.16497
13
-7.19778
23
1.45472
33
-7.26656
0
3DFACE
8
C1
10
-7.36616
20
1.36233
30
-7.18241
11
-7.38744
21
1.25597
31
-7.08091
12
-7.24035
22
1.24210
32
-7.06347
13
-7.21907
23
1.34847
33
-7.16497
0
3DFACE
8
C1
10
-7.38744
20
1.25597
30
-7.08091
11
-7.40873
21
1.14972
31
-6.97932
12
-7.26164
22
1.13585
32
-6.96188
13
-7.24035
23
1.24210
33
-7.06347
0
3DFACE
8
C1
10
-7.40873
20
1.14972
30
-6.97932
11
-7.43003
21
1.04347
31
-6.87772
12
-7.28292
22
1.02949
32
-6.86038
13
-7.26164
23
1.13585
33
-6.96188
0
3DFACE
8
C1
10
-7.43003
20
1.04347
30
-6.87772
11
-7.45130
21
0.93711
31
-6.77623
12
-7.30422
22
0.92324
32
-6.75879
13
-7.28292
23
1.02949
33
-6.86038
0
3DFACE
8
C1
10
-7.45130
20
0.93711
30
-6.77623
11
-7.47260
21
0.83086
31
-6.67463
12
-7.32551
22
0.81699
32
-6.65719
13
-7.30422
23
0.92324
33
-6.75879
0
3DFACE
8
C1
10
-7.47260
20
0.83086
30
-6.67463
11
-7.49406
21
0.72592
31
-6.57185
12
-7.34697
22
0.71206
32
-6.55441
13
-7.32551
23
0.81699
33
-6.65719
0
3DFACE
8
C1
10
-7.49406
20
0.72592
30
-6.57185
11
-7.51568
21
0.62231
31
-6.46789
12
-7.36859
22
0.60844
32
-6.45045
13
-7.34697
23
0.71206
33
-6.55441
0
3DFACE
8
C1
10
-6.51608
20
4.85222
30
-10.51987
11
-6.53770
21
4.74861
31
-10.41591
12
-6.39033
22
4.73244
32
-10.40054
13
-6.36870
23
4.83605
33
-10.50450
0
3DFACE
8
C1
10
-6.53770
20
4.74861
30
-10.41591
11
-6.55916
21
4.64367
31
-10.31314
12
-6.41179
22
4.62750
32
-10.29776
13
-6.39033
23
4.73244
33
-10.40054
0
3DFACE
8
C1
10
-6.55916
20
4.64367
30
-10.31314
11
-6.58045
21
4.53742
31
-10.21154
12
-6.43316
22
4.52191
32
-10.19558
13
-6.41179
23
4.62750
33
-10.29776
0
3DFACE
8
C1
10
-6.58045
20
4.53742
30
-10.21154
11
-6.60173
21
4.43106
31
-10.11004
12
-6.45458
22
4.41665
32
-10.09309
13
-6.43316
23
4.52191
33
-10.19558
0
3DFACE
8
C1
10
-6.60173
20
4.43106
30
-10.11004
11
-6.62303
21
4.32481
31
-10.00845
12
-6.47602
22
4.31161
32
-9.99041
13
-6.45458
23
4.41665
33
-10.09309
0
3DFACE
8
C1
10
-6.62303
20
4.32481
30
-10.00845
11
-6.64431
21
4.21845
31
-9.90695
12
-6.49749
22
4.20678
32
-9.88754
13
-6.47602
23
4.31161
33
-9.99041
0
3DFACE
8
C1
10
-6.64431
20
4.21845
30
-9.90695
11
-6.66560
21
4.11220
31
-9.80536
12
-6.51899
22
4.10218
32
-9.78446
13
-6.49749
23
4.20678
33
-9.88754
0
3DFACE
8
C1
10
-6.66560
20
4.11220
30
-9.80536
11
-6.68689
21
4.00595
31
-9.70376
12
-6.54044
22
3.99714
32
-9.68178
13
-6.51899
23
4.10218
33
-9.78446
0
3DFACE
8
C1
10
-6.68689
20
4.00595
30
-9.70376
11
-6.70817
21
3.89959
31
-9.60227
12
-6.56159
22
3.88979
32
-9.58118
13
-6.54044
23
3.99714
33
-9.68178
0
3DFACE
8
C1
10
-6.70817
20
3.89959
30
-9.60227
11
-6.72947
21
3.79334
31
-9.50067
12
-6.58274
22
3.78233
32
-9.48066
13
-6.56159
23
3.88979
33
-9.58118
0
3DFACE
8
C1
10
-6.72947
20
3.79334
30
-9.50067
11
-6.75075
21
3.68698
31
-9.39917
12
-6.60384
22
3.67454
32
-9.38045
13
-6.58274
23
3.78233
33
-9.48066
0
3DFACE
8
C1
10
-6.75075
20
3.68698
30
-9.39917
11
-6.77204
21
3.58072
31
-9.29758
12
-6.62491
22
3.56653
32
-9.28043
13
-6.60384
23
3.67454
33
-9.38045
0
3DFACE
8
C1
10
-6.77204
20
3.58072
30
-9.29758
11
-6.79332
21
3.47436
31
-9.19608
12
-6.64596
22
3.45830
32
-9.18061
13
-6.62491
23
3.56653
33
-9.28043
0
3DFACE
8
C1
10
-6.79332
20
3.47436
30
-9.19608
11
-6.81461
21
3.36811
31
-9.09449
12
-6.66724
22
3.35194
32
-9.07912
13
-6.64596
23
3.45830
33
-9.18061
0
3DFACE
8
C1
10
-6.81461
20
3.36811
30
-9.09449
11
-6.83590
21
3.26186
31
-8.99289
12
-6.68853
22
3.24569
32
-8.97752
13
-6.66724
23
3.35194
33
-9.07912
0
3DFACE
8
C1
10
-6.83590
20
3.26186
30
-8.99289
11
-6.85718
21
3.15550
31
-8.89140
12
-6.70981
22
3.13933
32
-8.87602
13
-6.68853
23
3.24569
33
-8.97752
0
3DFACE
8
C1
10
-6.85718
20
3.15550
30
-8.89140
11
-6.87848
21
3.04925
31
-8.78980
12
-6.73110
22
3.03308
32
-8.77443
13
-6.70981
23
3.13933
33
-8.87602
0
3DFACE
8
C1
10
-6.87848
20
3.04925
30
-8.78980
11
-6.89976
21
2.94289
31
-8.68830
12
-6.75238
22
2.92672
32
-8.67293
13
-6.73110
23
3.03308
33
-8.77443
0
3DFACE
8
C1
10
-6.89976
20
2.94289
30
-8.68830
11
-6.92105
21
2.83664
31
-8.58671
12
-6.77367
22
2.82047
32
-8.57134
13
-6.75238
23
2.92672
33
-8.67293
0
3DFACE
8
C1
10
-6.92105
20
2.83664
30
-8.58671
11
-6.94233
21
2.73028
31
-8.48521
12
-6.79497
22
2.71422
32
-8.46974
13
-6.77367
23
2.82047
33
-8.57134
0
3DFACE
8
C1
10
-6.94233
20
2.73028
30
-8.48521
11
-6.96362
21
2.62403
31
-8.38362
12
-6.81625
22
2.60786
32
-8.36825
13
-6.79497
23
2.71422
33
-8.46974
0
3DFACE
8
C1
10
-6.96362
20
2.62403
30
-8.38362
11
-6.98492
21
2.51778
31
-8.28202
12
-6.83754
22
2.50160
32
-8.26665
13
-6.81625
23
2.60786
33
-8.36825
0
3DFACE
8
C1
10
-6.98492
20
2.51778
30
-8.28202
11
-7.00620
21
2.41141
31
-8.18053
12
-6.85882
22
2.39524
32
-8.16515
13
-6.83754
23
2.50160
33
-8.26665
0
3DFACE
8
C1
10
-7.00620
20
2.41141
30
-8.18053
11
-7.02749
21
2.30516
31
-8.07893
12
-6.88011
22
2.28899
32
-8.06356
13
-6.85882
23
2.39524
33
-8.16515
0
3DFACE
8
C1
10
-7.02749
20
2.30516
30
-8.07893
11
-7.04877
21
2.19880
31
-7.97743
12
-6.90139
22
2.18263
32
-7.96206
13
-6.88011
23
2.28899
33
-8.06356
0
3DFACE
8
C1
10
-7.04877
20
2.19880
30
-7.97743
11
-7.07006
21
2.09255
31
-7.87584
12
-6.92268
22
2.07638
32
-7.86047
13
-6.90139
23
2.18263
33
-7.96206
0
3DFACE
8
C1
10
-7.07006
20
2.09255
30
-7.87584
11
-7.09134
21
1.98619
31
-7.77434
12
-6.94398
22
1.97013
32
-7.75887
13
-6.92268
23
2.07638
33
-7.86047
0
3DFACE
8
C1
10
-7.09134
20
1.98619
30
-7.77434
11
-7.11263
21
1.87994
31
-7.67275
12
-6.96526
22
1.86377
32
-7.65738
13
-6.94398
23
1.97013
33
-7.75887
0
3DFACE
8
C1
10
-7.11263
20
1.87994
30
-7.67275
11
-7.13391
21
1.77358
31
-7.57125
12
-6.98655
22
1.75752
32
-7.55578
13
-6.96526
23
1.86377
33
-7.65738
0
3DFACE
8
C1
10
-7.13391
20
1.77358
30
-7.57125
11
-7.15521
21
1.66733
31
-7.46966
12
-7.00783
22
1.65116
32
-7.45428
13
-6.98655
23
1.75752
33
-7.55578
0
3DFACE
8
C1
10
-7.15521
20
1.66733
30
-7.46966
11
-7.17650
21
1.56108
31
-7.36806
12
-7.02912
22
1.54491
32
-7.35269
13
-7.00783
23
1.65116
33
-7.45428
0
3DFACE
8
C1
10
-7.17650
20
1.56108
30
-7.36806
11
-7.19778
21
1.45472
31
-7.26656
12
-7.05040
22
1.43855
32
-7.25119
13
-7.02912
23
1.54491
33
-7.35269
0
3DFACE
8
C1
10
-7.19778
20
1.45472
30
-7.26656
11
-7.21907
21
1.34847
31
-7.16497
12
-7.07170
22
1.33229
32
-7.14960
13
-7.05040
23
1.43855
33
-7.25119
0
3DFACE
8
C1
10
-7.21907
20
1.34847
30
-7.16497
11
-7.24035
21
1.24210
31
-7.06347
12
-7.09298
22
1.22593
32
-7.04810
13
-7.07170
23
1.33229
33
-7.14960
0
3DFACE
8
C1
10
-7.24035
20
1.24210
30
-7.06347
11
-7.26164
21
1.13585
31
-6.96188
12
-7.11427
22
1.11968
32
-6.94651
13
-7.09298
23
1.22593
33
-7.04810
0
3DFACE
8
C1
10
-7.26164
20
1.13585
30
-6.96188
11
-7.28292
21
1.02949
31
-6.86038
12
-7.13556
22
1.01343
32
-6.84491
13
-7.11427
23
1.11968
33
-6.94651
0
3DFACE
8
C1
10
-7.28292
20
1.02949
30
-6.86038
11
-7.30422
21
0.92324
31
-6.75879
12
-7.15684
22
0.90707
32
-6.74341
13
-7.13556
23
1.01343
33
-6.84491
0
3DFACE
8
C1
10
-7.30422
20
0.92324
30
-6.75879
11
-7.32551
21
0.81699
31
-6.65719
12
-7.17813
22
0.80082
32
-6.64182
13
-7.15684
23
0.90707
33
-6.74341
0
3DFACE
8
C1
10
-7.32551
20
0.81699
30
-6.65719
11
-7.34697
21
0.71206
31
-6.55441
12
-7.19959
22
0.69589
32
-6.53904
13
-7.17813
23
0.80082
33
-6.64182
0
3DFACE
8
C1
10
-7.34697
20
0.71206
30
-6.55441
11
-7.36859
21
0.60844
31
-6.45045
12
-7.22122
22
0.59227
32
-6.43508
13
-7.19959
23
0.69589
33
-6.53904
0
3DFACE
8
C1
10
-6.36870
20
4.83605
30
-10.50450
11
-6.39033
21
4.73244
31
-10.40054
12
-6.24295
22
4.71626
32
-10.38517
13
-6.22133
23
4.81988
33
-10.48913
0
3DFACE
8
C1
10
-6.39033
20
4.73244
30
-10.40054
11
-6.41179
21
4.62750
31
-10.29776
12
-6.26413
22
4.60913
32
-10.28436
13
-6.24295
23
4.71626
33
-10.38517
0
3DFACE
8
C1
10
-6.41179
20
4.62750
30
-10.29776
11
-6.43316
21
4.52191
31
-10.19558
12
-6.28557
22
4.50398
32
-10.18178
13
-6.26413
23
4.60913
33
-10.28436
0
3DFACE
8
C1
10
-6.43316
20
4.52191
30
-10.19558
11
-6.45458
21
4.41665
31
-10.09309
12
-6.30705
22
4.39927
32
-10.07881
13
-6.28557
23
4.50398
33
-10.18178
0
3DFACE
8
C1
10
-6.45458
20
4.41665
30
-10.09309
11
-6.47602
21
4.31161
31
-9.99041
12
-6.32859
22
4.29500
32
-9.97544
13
-6.30705
23
4.39927
33
-10.07881
0
3DFACE
8
C1
10
-6.47602
20
4.31161
30
-9.99041
11
-6.49749
21
4.20678
31
-9.88754
12
-6.35020
22
4.19127
32
-9.87158
13
-6.32859
23
4.29500
33
-9.97544
0
3DFACE
8
C1
10
-6.49749
20
4.20678
30
-9.88754
11
-6.51899
21
4.10218
31
-9.78446
12
-6.37215
22
4.09029
32
-9.76525
13
-6.35020
23
4.19127
33
-9.87158
0
3DFACE
8
C1
10
-6.51899
20
4.10218
30
-9.78446
11
-6.54044
21
3.99714
31
-9.68178
12
-6.39375
22
3.98646
32
-9.66148
13
-6.37215
23
4.09029
33
-9.76525
0
3DFACE
8
C1
10
-6.54044
20
3.99714
30
-9.68178
11
-6.56159
21
3.88979
31
-9.58118
12
-6.41514
22
3.88098
32
-9.55920
13
-6.39375
23
3.98646
33
-9.66148
0
3DFACE
8
C1
10
-6.56159
20
3.88979
30
-9.58118
11
-6.58274
21
3.78233
31
-9.48066
12
-6.43657
22
3.77583
32
-9.45662
13
-6.41514
23
3.88098
33
-9.55920
0
3DFACE
8
C1
10
-6.58274
20
3.78233
30
-9.48066
11
-6.60384
21
3.67454
31
-9.38045
12
-6.45794
22
3.67023
32
-9.35443
13
-6.43657
23
3.77583
33
-9.45662
0
3DFACE
8
C1
10
-6.60384
20
3.67454
30
-9.38045
11
-6.62491
21
3.56653
31
-9.28043
12
-6.47931
22
3.56453
32
-9.25234
13
-6.45794
23
3.67023
33
-9.35443
0
3DFACE
8
C1
10
-6.62491
20
3.56653
30
-9.28043
11
-6.64596
21
3.45830
31
-9.18061
12
-6.50061
22
3.45839
32
-9.15065
13
-6.47931
23
3.56453
33
-9.25234
0
3DFACE
8
C1
10
-6.64596
20
3.45830
30
-9.18061
11
-6.66724
21
3.35194
31
-9.07912
12
-6.52210
22
3.35368
32
-9.04767
13
-6.50061
23
3.45839
33
-9.15065
0
3DFACE
8
C1
10
-6.66724
20
3.35194
30
-9.07912
11
-6.68853
21
3.24569
31
-8.97752
12
-6.54354
22
3.24864
32
-8.94499
13
-6.52210
23
3.35368
33
-9.04767
0
3DFACE
8
C1
10
-6.68853
20
3.24569
30
-8.97752
11
-6.70981
21
3.13933
31
-8.87602
12
-6.56499
22
3.14359
32
-8.84231
13
-6.54354
23
3.24864
33
-8.94499
0
3DFACE
8
C1
10
-6.70981
20
3.13933
30
-8.87602
11
-6.73110
21
3.03308
31
-8.77443
12
-6.58643
22
3.03855
32
-8.73963
13
-6.56499
23
3.14359
33
-8.84231
0
3DFACE
8
C1
10
-6.73110
20
3.03308
30
-8.77443
11
-6.75238
21
2.92672
31
-8.67293
12
-6.60789
22
2.93362
32
-8.63686
13
-6.58643
23
3.03855
33
-8.73963
0
3DFACE
8
C1
10
-6.75238
20
2.92672
30
-8.67293
11
-6.77367
21
2.82047
31
-8.57134
12
-6.62887
22
2.82484
32
-8.53753
13
-6.60789
23
2.93362
33
-8.63686
0
3DFACE
8
C1
10
-6.77367
20
2.82047
30
-8.57134
11
-6.79497
21
2.71422
31
-8.46974
12
-6.64961
22
2.71419
32
-8.43988
13
-6.62887
23
2.82484
33
-8.53753
0
3DFACE
8
C1
10
-6.79497
20
2.71422
30
-8.46974
11
-6.81625
21
2.60786
31
-8.36825
12
-6.67031
22
2.60322
32
-8.34252
13
-6.64961
23
2.71419
33
-8.43988
0
3DFACE
8
C1
10
-6.81625
20
2.60786
30
-8.36825
11
-6.83754
21
2.50160
31
-8.26665
12
-6.69099
22
2.49202
32
-8.24536
13
-6.67031
23
2.60322
33
-8.34252
0
3DFACE
8
C1
10
-6.83754
20
2.50160
30
-8.26665
11
-6.85882
21
2.39524
31
-8.16515
12
-6.71164
22
2.38061
32
-8.14840
13
-6.69099
23
2.49202
33
-8.24536
0
3DFACE
8
C1
10
-6.85882
20
2.39524
30
-8.16515
11
-6.88011
21
2.28899
31
-8.06356
12
-6.73274
22
2.27282
32
-8.04819
13
-6.71164
23
2.38061
33
-8.14840
0
3DFACE
8
C1
10
-6.88011
20
2.28899
30
-8.06356
11
-6.90139
21
2.18263
31
-7.96206
12
-6.75403
22
2.16657
32
-7.94659
13
-6.73274
23
2.27282
33
-8.04819
0
3DFACE
8
C1
10
-6.90139
20
2.18263
30
-7.96206
11
-6.92268
21
2.07638
31
-7.86047
12
-6.77531
22
2.06021
32
-7.84510
13
-6.75403
23
2.16657
33
-7.94659
0
3DFACE
8
C1
10
-6.92268
20
2.07638
30
-7.86047
11
-6.94398
21
1.97013
31
-7.75887
12
-6.79660
22
1.95396
32
-7.74350
13
-6.77531
23
2.06021
33
-7.84510
0
3DFACE
8
C1
10
-6.94398
20
1.97013
30
-7.75887
11
-6.96526
21
1.86377
31
-7.65738
12
-6.81788
22
1.84760
32
-7.64200
13
-6.79660
23
1.95396
33
-7.74350
0
3DFACE
8
C1
10
-6.96526
20
1.86377
30
-7.65738
11
-6.98655
21
1.75752
31
-7.55578
12
-6.83917
22
1.74135
32
-7.54041
13
-6.81788
23
1.84760
33
-7.64200
0
3DFACE
8
C1
10
-6.98655
20
1.75752
30
-7.55578
11
-7.00783
21
1.65116
31
-7.45428
12
-6.86045
22
1.63499
32
-7.43891
13
-6.83917
23
1.74135
33
-7.54041
0
3DFACE
8
C1
10
-7.00783
20
1.65116
30
-7.45428
11
-7.02912
21
1.54491
31
-7.35269
12
-6.88175
22
1.52874
32
-7.33732
13
-6.86045
23
1.63499
33
-7.43891
0
3DFACE
8
C1
10
-7.02912
20
1.54491
30
-7.35269
11
-7.05040
21
1.43855
31
-7.25119
12
-6.90304
22
1.42248
32
-7.23572
13
-6.88175
23
1.52874
33
-7.33732
0
3DFACE
8
C1
10
-7.05040
20
1.43855
30
-7.25119
11
-7.07170
21
1.33229
31
-7.14960
12
-6.92432
22
1.31612
32
-7.13423
13
-6.90304
23
1.42248
33
-7.23572
0
3DFACE
8
C1
10
-7.07170
20
1.33229
30
-7.14960
11
-7.09298
21
1.22593
31
-7.04810
12
-6.94561
22
1.20987
32
-7.03263
13
-6.92432
23
1.31612
33
-7.13423
0
3DFACE
8
C1
10
-7.09298
20
1.22593
30
-7.04810
11
-7.11427
21
1.11968
31
-6.94651
12
-6.96689
22
1.10351
32
-6.93114
13
-6.94561
23
1.20987
33
-7.03263
0
3DFACE
8
C1
10
-7.11427
20
1.11968
30
-6.94651
11
-7.13556
21
1.01343
31
-6.84491
12
-6.98819
22
0.99726
32
-6.82954
13
-6.96689
23
1.10351
33
-6.93114
0
3DFACE
8
C1
10
-7.13556
20
1.01343
30
-6.84491
11
-7.15684
21
0.90707
31
-6.74341
12
-7.00947
22
0.89090
32
-6.72804
13
-6.98819
23
0.99726
33
-6.82954
0
3DFACE
8
C1
10
-7.15684
20
0.90707
30
-6.74341
11
-7.17813
21
0.80082
31
-6.64182
12
-7.03076
22
0.78465
32
-6.62645
13
-7.00947
23
0.89090
33
-6.72804
0
3DFACE
8
C1
10
-7.17813
20
0.80082
30
-6.64182
11
-7.19959
21
0.69589
31
-6.53904
12
-7.05222
22
0.67972
32
-6.52367
13
-7.03076
23
0.78465
33
-6.62645
0
3DFACE
8
C1
10
-7.19959
20
0.69589
30
-6.53904
11
-7.22122
21
0.59227
31
-6.43508
12
-7.07385
22
0.57621
32
-6.41961
13
-7.05222
23
0.67972
33
-6.52367
0
3DFACE
8
C1
10
-6.22133
20
4.81988
30
-10.48913
11
-6.24295
21
4.71626
31
-10.38517
12
-6.09402
22
4.68768
32
-10.38094
13
-6.07302
23
4.79624
33
-10.48047
0
3DFACE
8
C1
10
-6.24295
20
4.71626
30
-10.38517
11
-6.26413
21
4.60913
31
-10.28436
12
-6.11489
22
4.57802
32
-10.28240
13
-6.09402
23
4.68768
33
-10.38094
0
3DFACE
8
C1
10
-6.26413
20
4.60913
30
-10.28436
11
-6.28557
21
4.50398
31
-10.18178
12
-6.13632
22
4.47287
32
-10.17982
13
-6.11489
23
4.57802
33
-10.28240
0
3DFACE
8
C1
10
-6.28557
20
4.50398
30
-10.18178
11
-6.30705
21
4.39927
31
-10.07881
12
-6.15783
22
4.36838
32
-10.07665
13
-6.13632
23
4.47287
33
-10.17982
0
3DFACE
8
C1
10
-6.30705
20
4.39927
30
-10.07881
11
-6.32859
21
4.29500
31
-9.97544
12
-6.18038
22
4.27212
32
-9.96608
13
-6.15783
23
4.36838
33
-10.07665
0
3DFACE
8
C1
10
-6.32859
20
4.29500
30
-9.97544
11
-6.35020
21
4.19127
31
-9.87158
12
-6.20269
22
4.17400
32
-9.85719
13
-6.18038
23
4.27212
33
-9.96608
0
3DFACE
8
C1
10
-6.35020
20
4.19127
30
-9.87158
11
-6.37215
21
4.09029
31
-9.76525
12
-6.22505
22
4.07632
32
-9.74790
13
-6.20269
23
4.17400
33
-9.85719
0
3DFACE
8
C1
10
-6.37215
20
4.09029
30
-9.76525
11
-6.39375
21
3.98646
31
-9.66148
12
-6.24679
22
3.97358
32
-9.64315
13
-6.22505
23
4.07632
33
-9.74790
0
3DFACE
8
C1
10
-6.39375
20
3.98646
30
-9.66148
11
-6.41514
21
3.88098
31
-9.55920
12
-6.26839
22
3.86986
32
-9.53929
13
-6.24679
23
3.97358
33
-9.64315
0
3DFACE
8
C1
10
-6.41514
20
3.88098
30
-9.55920
11
-6.43657
21
3.77583
31
-9.45662
12
-6.29011
22
3.76701
32
-9.43464
13
-6.26839
23
3.86986
33
-9.53929
0
3DFACE
8
C1
10
-6.43657
20
3.77583
30
-9.45662
11
-6.45794
21
3.67023
31
-9.35443
12
-6.31187
22
3.66450
32
-9.32969
13
-6.29011
23
3.76701
33
-9.43464
0
3DFACE
8
C1
10
-6.45794
20
3.67023
30
-9.35443
11
-6.47931
21
3.56453
31
-9.25234
12
-6.33366
22
3.56220
32
-9.22455
13
-6.31187
23
3.66450
33
-9.32969
0
3DFACE
8
C1
10
-6.47931
20
3.56453
30
-9.25234
11
-6.50061
21
3.45839
31
-9.15065
12
-6.35541
22
3.45958
32
-9.11970
13
-6.33366
23
3.56220
33
-9.22455
0
3DFACE
8
C1
10
-6.50061
20
3.45839
30
-9.15065
11
-6.52210
21
3.35368
31
-9.04767
12
-6.37724
22
3.35761
32
-9.01426
13
-6.35541
23
3.45958
33
-9.11970
0
3DFACE
8
C1
10
-6.52210
20
3.35368
30
-9.04767
11
-6.54354
21
3.24864
31
-8.94499
12
-6.39894
22
3.25466
32
-8.90970
13
-6.37724
23
3.35761
33
-9.01426
0
3DFACE
8
C1
10
-6.54354
20
3.24864
30
-8.94499
11
-6.56499
21
3.14359
31
-8.84231
12
-6.42058
22
3.15115
32
-8.80564
13
-6.39894
23
3.25466
33
-8.90970
0
3DFACE
8
C1
10
-6.56499
20
3.14359
30
-8.84231
11
-6.58643
21
3.03855
31
-8.73963
12
-6.44216
22
3.04721
32
-8.70198
13
-6.42058
23
3.15115
33
-8.80564
0
3DFACE
8
C1
10
-6.58643
20
3.03855
30
-8.73963
11
-6.60789
21
2.93362
31
-8.63686
12
-6.46376
22
2.94337
32
-8.59821
13
-6.44216
23
3.04721
33
-8.70198
0
3DFACE
8
C1
10
-6.60789
20
2.93362
30
-8.63686
11
-6.62887
21
2.82484
31
-8.53753
12
-6.48487
22
2.83569
32
-8.49790
13
-6.46376
23
2.94337
33
-8.59821
0
3DFACE
8
C1
10
-6.62887
20
2.82484
30
-8.53753
11
-6.64961
21
2.71419
31
-8.43988
12
-6.50577
22
2.72626
32
-8.39917
13
-6.48487
23
2.83569
33
-8.49790
0
3DFACE
8
C1
10
-6.64961
20
2.71419
30
-8.43988
11
-6.67031
21
2.60322
31
-8.34252
12
-6.52663
22
2.61660
32
-8.30063
13
-6.50577
23
2.72626
33
-8.39917
0
3DFACE
8
C1
10
-6.67031
20
2.60322
30
-8.34252
11
-6.69099
21
2.49202
31
-8.24536
12
-6.54747
22
2.50672
32
-8.20229
13
-6.52663
23
2.61660
33
-8.30063
0
3DFACE
8
C1
10
-6.69099
20
2.49202
30
-8.24536
11
-6.71164
21
2.38061
31
-8.14840
12
-6.56829
22
2.39663
32
-8.10414
13
-6.54747
23
2.50672
33
-8.20229
0
3DFACE
8
C1
10
-6.71164
20
2.38061
30
-8.14840
11
-6.73274
21
2.27282
31
-8.04819
12
-6.58955
22
2.29016
32
-8.00274
13
-6.56829
23
2.39663
33
-8.10414
0
3DFACE
8
C1
10
-6.73274
20
2.27282
30
-8.04819
11
-6.75403
21
2.16657
31
-7.94659
12
-6.61101
22
2.18522
32
-7.89997
13
-6.58955
23
2.29016
33
-8.00274
0
3DFACE
8
C1
10
-6.75403
20
2.16657
30
-7.94659
11
-6.77531
21
2.06021
31
-7.84510
12
-6.63248
22
2.08040
32
-7.79709
13
-6.61101
23
2.18522
33
-7.89997
0
3DFACE
8
C1
10
-6.77531
20
2.06021
30
-7.84510
11
-6.79660
21
1.95396
31
-7.74350
12
-6.65394
22
1.97547
32
-7.69431
13
-6.63248
23
2.08040
33
-7.79709
0
3DFACE
8
C1
10
-6.79660
20
1.95396
30
-7.74350
11
-6.81788
21
1.84760
31
-7.64200
12
-6.67538
22
1.87043
32
-7.59163
13
-6.65394
23
1.97547
33
-7.69431
0
3DFACE
8
C1
10
-6.81788
20
1.84760
30
-7.64200
11
-6.83917
21
1.74135
31
-7.54041
12
-6.69639
22
1.76187
32
-7.49211
13
-6.67538
23
1.87043
33
-7.59163
0
3DFACE
8
C1
10
-6.83917
20
1.74135
30
-7.54041
11
-6.86045
21
1.63499
31
-7.43891
12
-6.71673
22
1.64804
32
-7.39731
13
-6.69639
23
1.76187
33
-7.49211
0
3DFACE
8
C1
10
-6.86045
20
1.63499
30
-7.43891
11
-6.88175
21
1.52874
31
-7.33732
12
-6.73705
22
1.53399
32
-7.30272
13
-6.71673
23
1.64804
33
-7.39731
0
3DFACE
8
C1
10
-6.88175
20
1.52874
30
-7.33732
11
-6.90304
21
1.42248
31
-7.23572
12
-6.75733
22
1.41961
32
-7.20842
13
-6.73705
23
1.53399
33
-7.30272
0
3DFACE
8
C1
10
-6.90304
20
1.42248
30
-7.23572
11
-6.92432
21
1.31612
31
-7.13423
12
-6.77758
22
1.30501
32
-7.11432
13
-6.75733
23
1.41961
33
-7.20842
0
3DFACE
8
C1
10
-6.92432
20
1.31612
30
-7.13423
11
-6.94561
21
1.20987
31
-7.03263
12
-6.79824
22
1.19370
32
-7.01726
13
-6.77758
23
1.30501
33
-7.11432
0
3DFACE
8
C1
10
-6.94561
20
1.20987
30
-7.03263
11
-6.96689
21
1.10351
31
-6.93114
12
-6.81952
22
1.08734
32
-6.91576
13
-6.79824
23
1.19370
33
-7.01726
0
3DFACE
8
C1
10
-6.96689
20
1.10351
30
-6.93114
11
-6.98819
21
0.99726
31
-6.82954
12
-6.84081
22
0.98109
32
-6.81417
13
-6.81952
23
1.08734
33
-6.91576
0
3DFACE
8
C1
10
-6.98819
20
0.99726
30
-6.82954
11
-7.00947
21
0.89090
31
-6.72804
12
-6.86210
22
0.87484
32
-6.71257
13
-6.84081
23
0.98109
33
-6.81417
0
3DFACE
8
C1
10
-7.00947
20
0.89090
30
-6.72804
11
-7.03076
21
0.78465
31
-6.62645
12
-6.88338
22
0.76848
32
-6.61108
13
-6.86210
23
0.87484
33
-6.71257
0
3DFACE
8
C1
10
-7.03076
20
0.78465
30
-6.62645
11
-7.05222
21
0.67972
31
-6.52367
12
-6.90484
22
0.66354
32
-6.50830
13
-6.88338
23
0.76848
33
-6.61108
0
3DFACE
8
C1
10
-7.05222
20
0.67972
30
-6.52367
11
-7.07385
21
0.57621
31
-6.41961
12
-6.92648
22
0.56004
32
-6.40424
13
-6.90484
23
0.66354
33
-6.50830
0
3DFACE
8
C1
10
-6.07302
20
4.79624
30
-10.48047
11
-6.09402
21
4.68768
31
-10.38094
12
-5.94049
22
4.62229
32
-10.40974
13
-5.91855
23
4.72338
33
-10.51597
0
3DFACE
8
C1
10
-6.09402
20
4.68768
30
-10.38094
11
-6.11489
21
4.57802
31
-10.28240
12
-5.96258
22
4.52241
32
-10.30243
13
-5.94049
23
4.62229
33
-10.40974
0
3DFACE
8
C1
10
-6.11489
20
4.57802
30
-10.28240
11
-6.13632
21
4.47287
31
-10.17982
12
-5.98555
22
4.42956
32
-10.18881
13
-5.96258
23
4.52241
33
-10.30243
0
3DFACE
8
C1
10
-6.13632
20
4.47287
30
-10.17982
11
-6.15783
21
4.36838
31
-10.07665
12
-6.00833
22
4.33518
32
-10.07656
13
-5.98555
23
4.42956
33
-10.18881
0
3DFACE
8
C1
10
-6.15783
20
4.36838
30
-10.07665
11
-6.18038
21
4.27212
31
-9.96608
12
-6.03186
22
4.24683
32
-9.95889
13
-6.00833
23
4.33518
33
-10.07656
0
3DFACE
8
C1
10
-6.18038
20
4.27212
30
-9.96608
11
-6.20269
21
4.17400
31
-9.85719
12
-6.05487
22
4.15431
32
-9.84497
13
-6.03186
23
4.24683
33
-9.95889
0
3DFACE
8
C1
10
-6.20269
20
4.17400
30
-9.85719
11
-6.22505
21
4.07632
31
-9.74790
12
-6.07768
22
4.06015
32
-9.73253
13
-6.05487
23
4.15431
33
-9.84497
0
3DFACE
8
C1
10
-6.22505
20
4.07632
30
-9.74790
11
-6.24679
21
3.97358
31
-9.64315
12
-6.09955
22
3.95851
32
-9.62680
13
-6.07768
23
4.06015
33
-9.73253
0
3DFACE
8
C1
10
-6.24679
20
3.97358
30
-9.64315
11
-6.26839
21
3.86986
31
-9.53929
12
-6.12139
22
3.85665
32
-9.52126
13
-6.09955
23
3.95851
33
-9.62680
0
3DFACE
8
C1
10
-6.26839
20
3.86986
30
-9.53929
11
-6.29011
21
3.76701
31
-9.43464
12
-6.14341
22
3.75623
32
-9.41444
13
-6.12139
23
3.85665
33
-9.52126
0
3DFACE
8
C1
10
-6.29011
20
3.76701
30
-9.43464
11
-6.31187
21
3.66450
31
-9.32969
12
-6.16556
22
3.65679
32
-9.30673
13
-6.14341
23
3.75623
33
-9.41444
0
3DFACE
8
C1
10
-6.31187
20
3.66450
30
-9.32969
11
-6.33366
21
3.56220
31
-9.22455
12
-6.18780
22
3.55812
32
-9.19833
13
-6.16556
23
3.65679
33
-9.30673
0
3DFACE
8
C1
10
-6.33366
20
3.56220
30
-9.22455
11
-6.35541
21
3.45958
31
-9.11970
12
-6.21008
22
3.45977
32
-9.08964
13
-6.18780
23
3.55812
33
-9.19833
0
3DFACE
8
C1
10
-6.35541
20
3.45958
30
-9.11970
11
-6.37724
21
3.35761
31
-9.01426
12
-6.23220
22
3.36012
32
-8.98212
13
-6.21008
23
3.45977
33
-9.08964
0
3DFACE
8
C1
10
-6.37724
20
3.35761
30
-9.01426
11
-6.39894
21
3.25466
31
-8.90970
12
-6.25407
22
3.25848
32
-8.87639
13
-6.23220
23
3.36012
33
-8.98212
0
3DFACE
8
C1
10
-6.39894
20
3.25466
30
-8.90970
11
-6.42058
21
3.15115
31
-8.80564
12
-6.27580
22
3.15574
32
-8.77164
13
-6.25407
23
3.25848
33
-8.87639
0
3DFACE
8
C1
10
-6.42058
20
3.15115
30
-8.80564
11
-6.44216
21
3.04721
31
-8.70198
12
-6.29744
22
3.05224
32
-8.66758
13
-6.27580
23
3.15574
33
-8.77164
0
3DFACE
8
C1
10
-6.44216
20
3.04721
30
-8.70198
11
-6.46376
21
2.94337
31
-8.59821
12
-6.31903
22
2.94840
32
-8.56381
13
-6.29744
23
3.05224
33
-8.66758
0
3DFACE
8
C1
10
-6.46376
20
2.94337
30
-8.59821
11
-6.48487
21
2.83569
31
-8.49790
12
-6.34034
22
2.84226
32
-8.46212
13
-6.31903
23
2.94840
33
-8.56381
0
3DFACE
8
C1
10
-6.48487
20
2.83569
30
-8.49790
11
-6.50577
21
2.72626
31
-8.39917
12
-6.36151
22
2.73502
32
-8.36141
13
-6.34034
23
2.84226
33
-8.46212
0
3DFACE
8
C1
10
-6.50577
20
2.72626
30
-8.39917
11
-6.52663
21
2.61660
31
-8.30063
12
-6.38265
22
2.62756
32
-8.26090
13
-6.36151
23
2.73502
33
-8.36141
0
3DFACE
8
C1
10
-6.52663
20
2.61660
30
-8.30063
11
-6.54747
21
2.50672
31
-8.20229
12
-6.40377
22
2.51989
32
-8.16059
13
-6.38265
23
2.62756
33
-8.26090
0
3DFACE
8
C1
10
-6.54747
20
2.50672
30
-8.20229
11
-6.56829
21
2.39663
31
-8.10414
12
-6.42488
22
2.41221
32
-8.06028
13
-6.40377
23
2.51989
33
-8.16059
0
3DFACE
8
C1
10
-6.56829
20
2.39663
30
-8.10414
11
-6.58955
21
2.29016
31
-8.00274
12
-6.44641
22
2.30782
32
-7.95700
13
-6.42488
23
2.41221
33
-8.06028
0
3DFACE
8
C1
10
-6.58955
20
2.29016
30
-8.00274
11
-6.61101
21
2.18522
31
-7.89997
12
-6.46807
22
2.20454
32
-7.85275
13
-6.44641
23
2.30782
33
-7.95700
0
3DFACE
8
C1
10
-6.61101
20
2.18522
30
-7.89997
11
-6.63248
21
2.08040
31
-7.79709
12
-6.48969
22
2.10092
32
-7.74878
13
-6.46807
23
2.20454
33
-7.85275
0
3DFACE
8
C1
10
-6.63248
20
2.08040
30
-7.79709
11
-6.65394
21
1.97547
31
-7.69431
12
-6.51126
22
1.99687
32
-7.64522
13
-6.48969
23
2.10092
33
-7.74878
0
3DFACE
8
C1
10
-6.65394
20
1.97547
30
-7.69431
11
-6.67538
21
1.87043
31
-7.59163
12
-6.53275
22
1.89216
32
-7.54224
13
-6.51126
23
1.99687
33
-7.64522
0
3DFACE
8
C1
10
-6.67538
20
1.87043
30
-7.59163
11
-6.69639
21
1.76187
31
-7.49211
12
-6.55352
22
1.78173
32
-7.44439
13
-6.53275
23
1.89216
33
-7.54224
0
3DFACE
8
C1
10
-6.69639
20
1.76187
30
-7.49211
11
-6.71673
21
1.64804
31
-7.39731
12
-6.57338
22
1.66405
32
-7.35305
13
-6.55352
23
1.78173
33
-7.44439
0
3DFACE
8
C1
10
-6.71673
20
1.64804
30
-7.39731
11
-6.73705
21
1.53399
31
-7.30272
12
-6.59307
22
1.54495
32
-7.26299
13
-6.57338
23
1.66405
33
-7.35305
0
3DFACE
8
C1
10
-6.73705
20
1.53399
30
-7.30272
11
-6.75733
21
1.41961
31
-7.20842
12
-6.61263
22
1.42486
32
-7.17382
13
-6.59307
23
1.54495
33
-7.26299
0
3DFACE
8
C1
10
-6.75733
20
1.41961
30
-7.20842
11
-6.77758
21
1.30501
31
-7.11432
12
-6.63205
22
1.30367
32
-7.08564
13
-6.61263
23
1.42486
33
-7.17382
0
3DFACE
8
C1
10
-6.77758
20
1.30501
30
-7.11432
11
-6.79824
21
1.19370
31
-7.01726
12
-6.65206
22
1.18709
32
-6.99331
13
-6.63205
23
1.30367
33
-7.08564
0
3DFACE
8
C1
10
-6.79824
20
1.19370
30
-7.01726
11
-6.81952
21
1.08734
31
-6.91576
12
-6.67286
22
1.07688
32
-6.89527
13
-6.65206
23
1.18709
33
-6.99331
0
3DFACE
8
C1
10
-6.81952
20
1.08734
30
-6.91576
11
-6.84081
21
0.98109
31
-6.81417
12
-6.69369
22
0.96701
32
-6.79692
13
-6.67286
23
1.07688
33
-6.89527
0
3DFACE
8
C1
10
-6.84081
20
0.98109
30
-6.81417
11
-6.86210
21
0.87484
31
-6.71257
12
-6.71453
22
0.85713
32
-6.69858
13
-6.69369
23
0.96701
33
-6.79692
0
3DFACE
8
C1
10
-6.86210
20
0.87484
30
-6.71257
11
-6.88338
21
0.76848
31
-6.61108
12
-6.73551
22
0.74835
32
-6.59926
13
-6.71453
23
0.85713
33
-6.69858
0
3DFACE
8
C1
10
-6.88338
20
0.76848
30
-6.61108
11
-6.90484
21
0.66354
31
-6.50830
12
-6.75675
22
0.64166
32
-6.49805
13
-6.73551
23
0.74835
33
-6.59926
0
3DFACE
8
C1
10
-6.90484
20
0.66354
30
-6.50830
11
-6.92648
21
0.56004
31
-6.40424
12
-6.77825
22
0.53706
32
-6.39498
13
-6.75675
23
0.64166
33
-6.49805
0
3DFACE
8
C1
10
-5.91855
20
4.72338
30
-10.51597
11
-5.94049
21
4.62229
31
-10.40974
12
-5.78686
22
4.55613
32
-10.43924
13
-5.76399
23
4.64975
33
-10.55217
0
3DFACE
8
C1
10
-5.94049
20
4.62229
30
-10.40974
11
-5.96258
21
4.52241
31
-10.30243
12
-5.81022
22
4.46636
32
-10.32285
13
-5.78686
23
4.55613
33
-10.43924
0
3DFACE
8
C1
10
-5.96258
20
4.52241
30
-10.30243
11
-5.98555
21
4.42956
31
-10.18881
12
-5.83474
22
4.38593
32
-10.19808
13
-5.81022
23
4.46636
33
-10.32285
0
3DFACE
8
C1
10
-5.98555
20
4.42956
30
-10.18881
11
-6.00833
21
4.33518
31
-10.07656
12
-5.85879
22
4.30176
32
-10.07667
13
-5.83474
23
4.38593
33
-10.19808
0
3DFACE
8
C1
10
-6.00833
20
4.33518
30
-10.07656
11
-6.03186
21
4.24683
31
-9.95889
12
-5.88329
22
4.22110
32
-9.95210
13
-5.85879
23
4.30176
33
-10.07667
0
3DFACE
8
C1
10
-6.03186
20
4.24683
30
-9.95889
11
-6.05487
21
4.15431
31
-9.84497
12
-5.90699
22
4.13408
32
-9.83325
13
-5.88329
23
4.22110
33
-9.95210
0
3DFACE
8
C1
10
-6.05487
20
4.15431
30
-9.84497
11
-6.07768
21
4.06015
31
-9.73253
12
-5.93016
22
4.04288
32
-9.71815
13
-5.90699
23
4.13408
33
-9.83325
0
3DFACE
8
C1
10
-6.07768
20
4.06015
30
-9.73253
11
-6.09955
21
3.95851
31
-9.62680
12
-5.95213
22
3.94201
32
-9.61172
13
-5.93016
23
4.04288
33
-9.71815
0
3DFACE
8
C1
10
-6.09955
20
3.95851
30
-9.62680
11
-6.12139
21
3.85665
31
-9.52126
12
-5.97415
22
3.84158
32
-9.50490
13
-5.95213
23
3.94201
33
-9.61172
0
3DFACE
8
C1
10
-6.12139
20
3.85665
30
-9.52126
11
-6.14341
21
3.75623
31
-9.41444
12
-5.99646
22
3.74346
32
-9.39601
13
-5.97415
23
3.84158
33
-9.50490
0
3DFACE
8
C1
10
-6.14341
20
3.75623
30
-9.41444
11
-6.16556
21
3.65679
31
-9.30673
12
-6.01898
22
3.64699
32
-9.28564
13
-5.99646
23
3.74346
33
-9.39601
0
3DFACE
8
C1
10
-6.16556
20
3.65679
30
-9.30673
11
-6.18780
21
3.55812
31
-9.19833
12
-6.04168
22
3.55205
32
-9.17389
13
-6.01898
23
3.64699
33
-9.28564
0
3DFACE
8
C1
10
-6.18780
20
3.55812
30
-9.19833
11
-6.21008
21
3.45977
31
-9.08964
12
-6.06454
22
3.45832
32
-9.06105
13
-6.04168
23
3.55205
33
-9.17389
0
3DFACE
8
C1
10
-6.21008
20
3.45977
30
-9.08964
11
-6.23220
21
3.36012
31
-8.98212
12
-6.08699
22
3.36130
32
-8.95117
13
-6.06454
23
3.45832
33
-9.06105
0
3DFACE
8
C1
10
-6.23220
20
3.36012
30
-8.98212
11
-6.25407
21
3.25848
31
-8.87639
12
-6.10892
22
3.26010
32
-8.84504
13
-6.08699
23
3.36130
33
-8.95117
0
3DFACE
8
C1
10
-6.25407
20
3.25848
30
-8.87639
11
-6.27580
21
3.15574
31
-8.77164
12
-6.13044
22
3.15572
32
-8.74177
13
-6.10892
23
3.26010
33
-8.84504
0
3DFACE
8
C1
10
-6.27580
20
3.15574
30
-8.77164
11
-6.29744
21
3.05224
31
-8.66758
12
-6.15164
22
3.04870
32
-8.64087
13
-6.13044
23
3.15572
33
-8.74177
0
3DFACE
8
C1
10
-6.29744
20
3.05224
30
-8.66758
11
-6.31903
21
2.94840
31
-8.56381
12
-6.17251
22
2.93904
32
-8.54233
13
-6.15164
23
3.04870
33
-8.64087
0
3DFACE
8
C1
10
-6.31903
20
2.94840
30
-8.56381
11
-6.34034
21
2.84226
31
-8.46212
12
-6.19346
22
2.83005
32
-8.44320
13
-6.17251
23
2.93904
33
-8.54233
0
3DFACE
8
C1
10
-6.34034
20
2.84226
30
-8.46212
11
-6.36151
21
2.73502
31
-8.36141
12
-6.21461
22
2.72270
32
-8.34259
13
-6.19346
23
2.83005
33
-8.44320
0
3DFACE
8
C1
10
-6.36151
20
2.73502
30
-8.36141
11
-6.38265
21
2.62756
31
-8.26090
12
-6.23609
22
2.61787
32
-8.23971
13
-6.21461
23
2.72270
33
-8.34259
0
3DFACE
8
C1
10
-6.38265
20
2.62756
30
-8.26090
11
-6.40377
21
2.51989
31
-8.16059
12
-6.25790
22
2.51580
32
-8.13437
13
-6.23609
23
2.61787
33
-8.23971
0
3DFACE
8
C1
10
-6.40377
20
2.51989
30
-8.16059
11
-6.42488
21
2.41221
31
-8.06028
12
-6.28005
22
2.41636
32
-8.02666
13
-6.25790
23
2.51580
33
-8.13437
0
3DFACE
8
C1
10
-6.42488
20
2.41221
30
-8.06028
11
-6.44641
21
2.30782
31
-7.95700
12
-6.30240
22
2.31857
32
-7.91748
13
-6.28005
23
2.41636
33
-8.02666
0
3DFACE
8
C1
10
-6.44641
20
2.30782
30
-7.95700
11
-6.46807
21
2.20454
31
-7.85275
12
-6.32467
22
2.22012
32
-7.80888
13
-6.30240
23
2.31857
33
-7.91748
0
3DFACE
8
C1
10
-6.46807
20
2.20454
30
-7.85275
11
-6.48969
21
2.10092
31
-7.74878
12
-6.34666
22
2.11947
32
-7.70226
13
-6.32467
23
2.22012
33
-7.80888
0
3DFACE
8
C1
10
-6.48969
20
2.10092
30
-7.74878
11
-6.51126
21
1.99687
31
-7.64522
12
-6.36839
22
2.01673
32
-7.59751
13
-6.34666
23
2.11947
33
-7.70226
0
3DFACE
8
C1
10
-6.51126
20
1.99687
30
-7.64522
11
-6.53275
21
1.89216
31
-7.54224
12
-6.38982
22
1.91158
32
-7.49492
13
-6.36839
23
2.01673
33
-7.59751
0
3DFACE
8
C1
10
-6.53275
20
1.89216
30
-7.54224
11
-6.55352
21
1.78173
31
-7.44439
12
-6.41031
22
1.79885
32
-7.39915
13
-6.38982
23
1.91158
33
-7.49492
0
3DFACE
8
C1
10
-6.55352
20
1.78173
30
-7.44439
11
-6.57338
21
1.66405
31
-7.35305
12
-6.42965
22
1.67700
32
-7.31155
13
-6.41031
23
1.79885
33
-7.39915
0
3DFACE
8
C1
10
-6.57338
20
1.66405
30
-7.35305
11
-6.59307
21
1.54495
31
-7.26299
12
-6.44856
22
1.55174
32
-7.22702
13
-6.42965
23
1.67700
33
-7.31155
0
3DFACE
8
C1
10
-6.59307
20
1.54495
30
-7.26299
11
-6.61263
21
1.42486
31
-7.17382
12
-6.46712
22
1.42363
32
-7.14504
13
-6.44856
23
1.55174
33
-7.22702
0
3DFACE
8
C1
10
-6.61263
20
1.42486
30
-7.17382
11
-6.63205
21
1.30367
31
-7.08564
12
-6.48538
22
1.29310
32
-7.06524
13
-6.46712
23
1.42363
33
-7.14504
0
3DFACE
8
C1
10
-6.63205
20
1.30367
30
-7.08564
11
-6.65206
21
1.18709
31
-6.99331
12
-6.50442
22
1.16883
32
-6.97981
13
-6.48538
23
1.29310
33
-7.06524
0
3DFACE
8
C1
10
-6.65206
20
1.18709
30
-6.99331
11
-6.67286
21
1.07688
31
-6.89527
12
-6.52456
22
1.05335
32
-6.88650
13
-6.50442
23
1.16883
33
-6.97981
0
3DFACE
8
C1
10
-6.67286
20
1.07688
30
-6.89527
11
-6.69369
21
0.96701
31
-6.79692
12
-6.54505
22
0.94073
32
-6.79062
13
-6.52456
23
1.05335
33
-6.88650
0
3DFACE
8
C1
10
-6.69369
20
0.96701
30
-6.79692
11
-6.71453
21
0.85713
31
-6.69858
12
-6.56587
22
0.83063
32
-6.69248
13
-6.54505
23
0.94073
33
-6.79062
0
3DFACE
8
C1
10
-6.71453
20
0.85713
30
-6.69858
11
-6.73551
21
0.74835
31
-6.59926
12
-6.58705
22
0.72350
32
-6.59167
13
-6.56587
23
0.83063
33
-6.69248
0
3DFACE
8
C1
10
-6.73551
20
0.74835
30
-6.59926
11
-6.75675
21
0.64166
31
-6.49805
12
-6.60855
22
0.61890
32
-6.48860
13
-6.58705
23
0.72350
33
-6.59167
0
3DFACE
8
C1
10
-6.75675
20
0.64166
30
-6.49805
11
-6.77825
21
0.53706
31
-6.39498
12
-6.63024
22
0.51583
32
-6.38415
13
-6.60855
23
0.61890
33
-6.48860
0
3DFACE
8
C1
10
-5.76399
20
4.64975
30
-10.55217
11
-5.78686
21
4.55613
31
-10.43924
12
-5.63344
22
4.49163
32
-10.46725
13
-5.60962
23
4.57766
33
-10.58699
0
3DFACE
8
C1
10
-5.78686
20
4.55613
30
-10.43924
11
-5.81022
21
4.46636
31
-10.32285
12
-5.65806
22
4.41196
32
-10.34179
13
-5.63344
23
4.49163
33
-10.46725
0
3DFACE
8
C1
10
-5.81022
20
4.46636
30
-10.32285
11
-5.83474
21
4.38593
31
-10.19808
12
-5.68408
22
4.34350
32
-10.20628
13
-5.65806
23
4.41196
33
-10.34179
0
3DFACE
8
C1
10
-5.83474
20
4.38593
30
-10.19808
11
-5.85879
21
4.30176
31
-10.07667
12
-5.70926
22
4.26834
32
-10.07678
13
-5.68408
23
4.34350
33
-10.20628
0
3DFACE
8
C1
10
-5.85879
20
4.30176
30
-10.07667
11
-5.88329
21
4.22110
31
-9.95210
12
-5.73454
22
4.19395
32
-9.94659
13
-5.70926
23
4.26834
33
-10.07678
0
3DFACE
8
C1
10
-5.88329
20
4.22110
30
-9.95210
11
-5.90699
21
4.13408
31
-9.83325
12
-5.75866
22
4.11033
32
-9.82468
13
-5.73454
23
4.19395
33
-9.94659
0
3DFACE
8
C1
10
-5.90699
20
4.13408
30
-9.83325
11
-5.93016
21
4.04288
31
-9.71815
12
-5.78192
22
4.01979
32
-9.70899
13
-5.75866
23
4.11033
33
-9.82468
0
3DFACE
8
C1
10
-5.93016
20
4.04288
30
-9.71815
11
-5.95213
21
3.94201
31
-9.61172
12
-5.80370
22
3.91738
32
-9.60394
13
-5.78192
23
4.01979
33
-9.70899
0
3DFACE
8
C1
10
-5.95213
20
3.94201
30
-9.61172
11
-5.97415
21
3.84158
31
-9.50490
12
-5.82595
22
3.81882
32
-9.49545
13
-5.80370
23
3.91738
33
-9.60394
0
3DFACE
8
C1
10
-5.97415
20
3.84158
30
-9.50490
11
-5.99646
21
3.74346
31
-9.39601
12
-5.84863
22
3.72366
32
-9.38389
13
-5.82595
23
3.81882
33
-9.49545
0
3DFACE
8
C1
10
-5.99646
20
3.74346
30
-9.39601
11
-6.01898
21
3.64699
31
-9.28564
12
-5.87170
22
3.63159
32
-9.26958
13
-5.84863
23
3.72366
33
-9.38389
0
3DFACE
8
C1
10
-6.01898
20
3.64699
30
-9.28564
11
-6.04168
21
3.55205
31
-9.17389
12
-5.89511
22
3.54225
32
-9.15280
13
-5.87170
23
3.63159
33
-9.26958
0
3DFACE
8
C1
10
-6.04168
20
3.55205
30
-9.17389
11
-6.06454
21
3.45832
31
-9.06105
12
-5.91883
22
3.45545
32
-9.03375
13
-5.89511
23
3.54225
33
-9.15280
0
3DFACE
8
C1
10
-6.06454
20
3.45832
30
-9.06105
11
-6.08699
21
3.36130
31
-8.95117
12
-5.94164
22
3.36128
32
-8.92131
13
-5.91883
23
3.45545
33
-9.03375
0
3DFACE
8
C1
10
-6.08699
20
3.36130
30
-8.95117
11
-6.10892
21
3.26010
31
-8.84504
12
-5.96366
22
3.26085
32
-8.81449
13
-5.94164
23
3.36128
33
-8.92131
0
3DFACE
8
C1
10
-6.10892
20
3.26010
30
-8.84504
11
-6.13044
21
3.15572
31
-8.74177
12
-5.98506
22
3.15548
32
-8.71210
13
-5.96366
23
3.26085
33
-8.81449
0
3DFACE
8
C1
10
-6.13044
20
3.15572
30
-8.74177
11
-6.15164
21
3.04870
31
-8.64087
12
-6.00585
22
3.04516
32
-8.61416
13
-5.98506
23
3.15548
33
-8.71210
0
3DFACE
8
C1
10
-6.15164
20
3.04870
30
-8.64087
11
-6.17251
21
2.93904
31
-8.54233
12
-6.02607
22
2.93034
32
-8.52025
13
-6.00585
23
3.04516
33
-8.61416
0
3DFACE
8
C1
10
-6.17251
20
2.93904
30
-8.54233
11
-6.19346
21
2.83005
31
-8.44320
12
-6.04667
22
2.81860
32
-8.42359
13
-6.02607
23
2.93034
33
-8.52025
0
3DFACE
8
C1
10
-6.19346
20
2.83005
30
-8.44320
11
-6.21461
21
2.72270
31
-8.34259
12
-6.06783
22
2.71125
32
-8.32298
13
-6.04667
23
2.81860
33
-8.42359
0
3DFACE
8
C1
10
-6.21461
20
2.72270
30
-8.34259
11
-6.23609
21
2.61787
31
-8.23971
12
-6.08962
22
2.60895
32
-8.21783
13
-6.06783
23
2.71125
33
-8.32298
0
3DFACE
8
C1
10
-6.23609
20
2.61787
30
-8.23971
11
-6.25790
21
2.51580
31
-8.13437
12
-6.11206
22
2.51193
32
-8.10796
13
-6.08962
23
2.60895
33
-8.21783
0
3DFACE
8
C1
10
-6.25790
20
2.51580
30
-8.13437
11
-6.28005
21
2.41636
31
-8.02666
12
-6.13517
22
2.42018
32
-7.99335
13
-6.11206
23
2.51193
33
-8.10796
0
3DFACE
8
C1
10
-6.28005
20
2.41636
30
-8.02666
11
-6.30240
21
2.31857
31
-7.91748
12
-6.15826
22
2.32832
32
-7.87883
13
-6.13517
23
2.42018
33
-7.99335
0
3DFACE
8
C1
10
-6.30240
20
2.31857
30
-7.91748
11
-6.32467
21
2.22012
31
-7.80888
12
-6.18105
22
2.23405
32
-7.76649
13
-6.15826
23
2.32832
33
-7.87883
0
3DFACE
8
C1
10
-6.32467
20
2.22012
30
-7.80888
11
-6.34666
21
2.11947
31
-7.70226
12
-6.20338
22
2.13603
32
-7.65750
13
-6.18105
23
2.23405
33
-7.76649
0
3DFACE
8
C1
10
-6.34666
20
2.11947
30
-7.70226
11
-6.36839
21
2.01673
31
-7.59751
12
-6.22522
22
2.03418
32
-7.55196
13
-6.20338
23
2.13603
33
-7.65750
0
3DFACE
8
C1
10
-6.36839
20
2.01673
30
-7.59751
11
-6.38982
21
1.91158
31
-7.49492
12
-6.24656
22
1.92826
32
-7.45007
13
-6.22522
23
2.03418
33
-7.55196
0
3DFACE
8
C1
10
-6.38982
20
1.91158
30
-7.49492
11
-6.41031
21
1.79885
31
-7.39915
12
-6.26674
22
1.81311
32
-7.35646
13
-6.24656
23
1.92826
33
-7.45007
0
3DFACE
8
C1
10
-6.41031
20
1.79885
30
-7.39915
11
-6.42965
21
1.67700
31
-7.31155
12
-6.28554
22
1.68697
32
-7.27272
13
-6.26674
23
1.81311
33
-7.35646
0
3DFACE
8
C1
10
-6.42965
20
1.67700
30
-7.31155
11
-6.44856
21
1.55174
31
-7.22702
12
-6.30370
22
1.55567
32
-7.19360
13
-6.28554
23
1.68697
33
-7.27272
0
3DFACE
8
C1
10
-6.44856
20
1.55174
30
-7.22702
11
-6.46712
21
1.42363
31
-7.14504
12
-6.32129
22
1.41976
32
-7.11863
13
-6.30370
23
1.55567
33
-7.19360
0
3DFACE
8
C1
10
-6.46712
20
1.42363
30
-7.14504
11
-6.48538
21
1.29310
31
-7.06524
12
-6.33835
22
1.27967
32
-7.04740
13
-6.32129
23
1.41976
33
-7.11863
0
3DFACE
8
C1
10
-6.48538
20
1.29310
30
-7.06524
11
-6.50442
21
1.16883
31
-6.97981
12
-6.35651
22
1.14837
32
-6.96829
13
-6.33835
23
1.27967
33
-7.04740
0
3DFACE
8
C1
10
-6.50442
20
1.16883
30
-6.97981
11
-6.52456
21
1.05335
31
-6.88650
12
-6.37608
22
1.02839
32
-6.87902
13
-6.35651
23
1.14837
33
-6.96829
0
3DFACE
8
C1
10
-6.52456
20
1.05335
30
-6.88650
11
-6.54505
21
0.94073
31
-6.79062
12
-6.39632
22
0.91368
32
-6.78501
13
-6.37608
23
1.02839
33
-6.87902
0
3DFACE
8
C1
10
-6.54505
20
0.94073
30
-6.79062
11
-6.56587
21
0.83063
31
-6.69248
12
-6.41720
22
0.80413
32
-6.68638
13
-6.39632
23
0.91368
33
-6.78501
0
3DFACE
8
C1
10
-6.56587
20
0.83063
30
-6.69248
11
-6.58705
21
0.72350
31
-6.59167
12
-6.43875
22
0.69997
32
-6.58291
13
-6.41720
23
0.80413
33
-6.68638
0
3DFACE
8
C1
10
-6.58705
20
0.72350
30
-6.59167
11
-6.60855
21
0.61890
31
-6.48860
12
-6.46056
22
0.59778
32
-6.47767
13
-6.43875
23
0.69997
33
-6.58291
0
3DFACE
8
C1
10
-6.60855
20
0.61890
30
-6.48860
11
-6.63024
21
0.51583
31
-6.38415
12
-6.48247
22
0.49648
32
-6.37163
13
-6.46056
23
0.59778
33
-6.47767
0
3DFACE
8
C1
10
-5.60962
20
4.57766
30
-10.58699
11
-5.63344
21
4.49163
31
-10.46725
12
-5.48002
22
4.42712
32
-10.49526
13
-5.45520
23
4.50513
33
-10.62220
0
3DFACE
8
C1
10
-5.63344
20
4.49163
30
-10.46725
11
-5.65806
21
4.41196
31
-10.34179
12
-5.50627
22
4.36052
32
-10.35807
13
-5.48002
23
4.42712
33
-10.49526
0
3DFACE
8
C1
10
-5.65806
20
4.41196
30
-10.34179
11
-5.68408
21
4.34350
31
-10.20628
12
-5.53394
22
4.30525
32
-10.21073
13
-5.50627
23
4.36052
33
-10.35807
0
3DFACE
8
C1
10
-5.68408
20
4.34350
30
-10.20628
11
-5.70926
21
4.26834
31
-10.07678
12
-5.56037
22
4.24008
32
-10.07225
13
-5.53394
23
4.30525
33
-10.21073
0
3DFACE
8
C1
10
-5.70926
20
4.26834
30
-10.07678
11
-5.73454
21
4.19395
31
-9.94659
12
-5.58652
22
4.17261
32
-9.93585
13
-5.56037
23
4.24008
33
-10.07225
0
3DFACE
8
C1
10
-5.73454
20
4.19395
30
-9.94659
11
-5.75866
21
4.11033
31
-9.82468
12
-5.61112
22
4.09284
32
-9.81050
13
-5.58652
23
4.17261
33
-9.93585
0
3DFACE
8
C1
10
-5.75866
20
4.11033
30
-9.82468
11
-5.78192
21
4.01979
31
-9.70899
12
-5.63420
22
4.00087
32
-9.69608
13
-5.61112
23
4.09284
33
-9.81050
0
3DFACE
8
C1
10
-5.78192
20
4.01979
30
-9.70899
11
-5.80370
21
3.91738
31
-9.60394
12
-5.65573
22
3.89649
32
-9.59281
13
-5.63420
23
4.00087
33
-9.69608
0
3DFACE
8
C1
10
-5.80370
20
3.91738
30
-9.60394
11
-5.82595
21
3.81882
31
-9.49545
12
-5.67779
22
3.79639
32
-9.48569
13
-5.65573
23
3.89649
33
-9.59281
0
3DFACE
8
C1
10
-5.82595
20
3.81882
30
-9.49545
11
-5.84863
21
3.72366
31
-9.38389
12
-5.70036
22
3.70035
32
-9.37493
13
-5.67779
23
3.79639
33
-9.48569
0
3DFACE
8
C1
10
-5.84863
20
3.72366
30
-9.38389
11
-5.87170
21
3.63159
31
-9.26958
12
-5.72346
22
3.60849
32
-9.26042
13
-5.70036
23
3.70035
33
-9.37493
0
3DFACE
8
C1
10
-5.87170
20
3.63159
30
-9.26958
11
-5.89511
21
3.54225
31
-9.15280
12
-5.74703
22
3.52048
32
-9.14245
13
-5.72346
23
3.60849
33
-9.26042
0
3DFACE
8
C1
10
-5.89511
20
3.54225
30
-9.15280
11
-5.91883
21
3.45545
31
-9.03375
12
-5.77106
22
3.43609
32
-9.02124
13
-5.74703
23
3.52048
33
-9.14245
0
3DFACE
8
C1
10
-5.91883
20
3.45545
30
-9.03375
11
-5.94164
21
3.36128
31
-8.92131
12
-5.79401
22
3.34313
32
-8.90771
13
-5.77106
23
3.43609
33
-9.02124
0
3DFACE
8
C1
10
-5.94164
20
3.36128
30
-8.92131
11
-5.96366
21
3.26085
31
-8.81449
12
-5.81605
22
3.24281
32
-8.80079
13
-5.79401
23
3.34313
33
-8.90771
0
3DFACE
8
C1
10
-5.96366
20
3.26085
30
-8.81449
11
-5.98506
21
3.15548
31
-8.71210
12
-5.83722
22
3.13557
32
-8.70009
13
-5.81605
23
3.24281
33
-8.80079
0
3DFACE
8
C1
10
-5.98506
20
3.15548
30
-8.71210
11
-6.00585
21
3.04516
31
-8.61416
12
-5.85755
22
3.02163
32
-8.60539
13
-5.83722
23
3.13557
33
-8.70009
0
3DFACE
8
C1
10
-6.00585
20
3.04516
30
-8.61416
11
-6.02607
21
2.93034
31
-8.52025
12
-5.87711
22
2.90154
32
-8.51622
13
-5.85755
23
3.02163
33
-8.60539
0
3DFACE
8
C1
10
-6.02607
20
2.93034
30
-8.52025
11
-6.04667
21
2.81860
31
-8.42359
12
-5.89780
22
2.79045
32
-8.41896
13
-5.87711
23
2.90154
33
-8.51622
0
3DFACE
8
C1
10
-6.04667
20
2.81860
30
-8.42359
11
-6.06783
21
2.71125
31
-8.32298
12
-5.91952
22
2.68761
32
-8.31431
13
-5.89780
23
2.79045
33
-8.41896
0
3DFACE
8
C1
10
-6.06783
20
2.71125
30
-8.32298
11
-6.08962
21
2.60895
31
-8.21783
12
-5.94216
22
2.59212
32
-8.20305
13
-5.91952
23
2.68761
33
-8.31431
0
3DFACE
8
C1
10
-6.08962
20
2.60895
30
-8.21783
11
-6.11206
21
2.51193
31
-8.10796
12
-5.96573
22
2.50411
32
-8.08509
13
-5.94216
23
2.59212
33
-8.20305
0
3DFACE
8
C1
10
-6.11206
20
2.51193
30
-8.10796
11
-6.13517
21
2.42018
31
-7.99335
12
-5.99025
22
2.42368
32
-7.96033
13
-5.96573
23
2.50411
33
-8.08509
0
3DFACE
8
C1
10
-6.13517
20
2.42018
30
-7.99335
11
-6.15826
21
2.32832
31
-7.87883
12
-6.01412
22
2.33797
32
-7.84029
13
-5.99025
23
2.42368
33
-7.96033
0
3DFACE
8
C1
10
-6.15826
20
2.32832
30
-7.87883
11
-6.18105
21
2.23405
31
-7.76649
12
-6.03732
22
2.24699
32
-7.72499
13
-6.01412
23
2.33797
33
-7.84029
0
3DFACE
8
C1
10
-6.18105
20
2.23405
30
-7.76649
11
-6.20338
21
2.13603
31
-7.65750
12
-6.05985
22
2.15062
32
-7.61452
13
-6.03732
23
2.24699
33
-7.72499
0
3DFACE
8
C1
10
-6.20338
20
2.13603
30
-7.65750
11
-6.22522
21
2.03418
31
-7.55196
12
-6.08173
22
2.04910
32
-7.50869
13
-6.05985
23
2.15062
33
-7.61452
0
3DFACE
8
C1
10
-6.22522
20
2.03418
30
-7.55196
11
-6.24656
21
1.92826
31
-7.45007
12
-6.10292
22
1.94197
32
-7.40788
13
-6.08173
23
2.04910
33
-7.50869
0
3DFACE
8
C1
10
-6.24656
20
1.92826
30
-7.45007
11
-6.26674
21
1.81311
31
-7.35646
12
-6.12275
22
1.82407
32
-7.31674
13
-6.10292
23
1.94197
33
-7.40788
0
3DFACE
8
C1
10
-6.26674
20
1.81311
30
-7.35646
11
-6.28554
21
1.68697
31
-7.27272
12
-6.14101
22
1.69354
32
-7.23693
13
-6.12275
23
1.82407
33
-7.31674
0
3DFACE
8
C1
10
-6.28554
20
1.68697
30
-7.27272
11
-6.30370
21
1.55567
31
-7.19360
12
-6.15844
22
1.55642
32
-7.16305
13
-6.14101
23
1.69354
33
-7.23693
0
3DFACE
8
C1
10
-6.30370
20
1.55567
30
-7.19360
11
-6.32129
21
1.41976
31
-7.11863
12
-6.17509
22
1.41304
32
-7.09478
13
-6.15844
23
1.55642
33
-7.16305
0
3DFACE
8
C1
10
-6.32129
20
1.41976
30
-7.11863
11
-6.33835
21
1.27967
31
-7.04740
12
-6.19104
22
1.26405
32
-7.03154
13
-6.17509
23
1.41304
33
-7.09478
0
3DFACE
8
C1
10
-6.33835
20
1.27967
30
-7.04740
11
-6.35651
21
1.14837
31
-6.96829
12
-6.20843
22
1.12660
32
-6.95794
13
-6.19104
23
1.26405
33
-7.03154
0
3DFACE
8
C1
10
-6.35651
20
1.14837
30
-6.96829
11
-6.37608
21
1.02839
31
-6.87902
12
-6.22757
22
1.00310
32
-6.87183
13
-6.20843
23
1.12660
33
-6.95794
0
3DFACE
8
C1
10
-6.37608
20
1.02839
30
-6.87902
11
-6.39632
21
0.91368
31
-6.78501
12
-6.24772
22
0.88773
32
-6.77842
13
-6.22757
23
1.00310
33
-6.87183
0
3DFACE
8
C1
10
-6.39632
20
0.91368
30
-6.78501
11
-6.41720
21
0.80413
31
-6.68638
12
-6.26883
22
0.78005
32
-6.67811
13
-6.24772
23
0.88773
33
-6.77842
0
3DFACE
8
C1
10
-6.41720
20
0.80413
30
-6.68638
11
-6.43875
21
0.69997
31
-6.58291
12
-6.29097
22
0.68050
32
-6.57050
13
-6.26883
23
0.78005
33
-6.67811
0
3DFACE
8
C1
10
-6.43875
20
0.69997
30
-6.58291
11
-6.46056
21
0.59778
31
-6.47767
12
-6.31322
22
0.58194
32
-6.46200
13
-6.29097
23
0.68050
33
-6.57050
0
3DFACE
8
C1
10
-6.46056
20
0.59778
30
-6.47767
11
-6.48247
21
0.49648
31
-6.37163
12
-6.33549
22
0.48349
32
-6.35340
13
-6.31322
23
0.58194
33
-6.46200
0
3DFACE
8
C1
10
-5.45520
20
4.50513
30
-10.62220
11
-5.48002
21
4.42712
31
-10.49526
12
-5.32823
22
4.37568
32
-10.51154
13
-5.30172
23
4.44019
33
-10.65060
0
3DFACE
8
C1
10
-5.48002
20
4.42712
30
-10.49526
11
-5.50627
21
4.36052
31
-10.35807
12
-5.35620
22
4.32282
32
-10.36203
13
-5.32823
23
4.37568
33
-10.51154
0
3DFACE
8
C1
10
-5.50627
20
4.36052
30
-10.35807
11
-5.53394
21
4.30525
31
-10.21073
12
-5.38565
22
4.28172
32
-10.20196
13
-5.35620
23
4.32282
33
-10.36203
0
3DFACE
8
C1
10
-5.53394
20
4.30525
30
-10.21073
11
-5.56037
21
4.24008
31
-10.07225
12
-5.41344
22
4.22743
32
-10.05373
13
-5.38565
23
4.28172
33
-10.20196
0
3DFACE
8
C1
10
-5.56037
20
4.24008
30
-10.07225
11
-5.58652
21
4.17261
31
-9.93585
12
-5.43962
22
4.16029
32
-9.91703
13
-5.41344
23
4.22743
33
-10.05373
0
3DFACE
8
C1
10
-5.58652
20
4.17261
30
-9.93585
11
-5.61112
21
4.09284
31
-9.81050
12
-5.46417
22
4.08007
32
-9.79207
13
-5.43962
23
4.16029
33
-9.91703
0
3DFACE
8
C1
10
-5.61112
20
4.09284
30
-9.81050
11
-5.63420
21
4.00087
31
-9.69608
12
-5.48711
22
3.98700
32
-9.67864
13
-5.46417
23
4.08007
33
-9.79207
0
3DFACE
8
C1
10
-5.63420
20
4.00087
30
-9.69608
11
-5.65573
21
3.89649
31
-9.59281
12
-5.50842
22
3.88086
32
-9.57695
13
-5.48711
23
3.98700
33
-9.67864
0
3DFACE
8
C1
10
-5.65573
20
3.89649
30
-9.59281
11
-5.67779
21
3.79639
31
-9.48569
12
-5.53029
22
3.77923
32
-9.47121
13
-5.50842
23
3.88086
33
-9.57695
0
3DFACE
8
C1
10
-5.67779
20
3.79639
30
-9.48569
11
-5.70036
21
3.70035
31
-9.37493
12
-5.55272
22
3.68209
32
-9.36143
13
-5.53029
23
3.77923
33
-9.47121
0
3DFACE
8
C1
10
-5.70036
20
3.70035
30
-9.37493
11
-5.72346
21
3.60849
31
-9.26042
12
-5.57569
22
3.58925
32
-9.24781
13
-5.55272
23
3.68209
33
-9.36143
0
3DFACE
8
C1
10
-5.72346
20
3.60849
30
-9.26042
11
-5.74703
21
3.52048
31
-9.14245
12
-5.59923
22
3.50090
32
-9.13014
13
-5.57569
23
3.58925
33
-9.24781
0
3DFACE
8
C1
10
-5.74703
20
3.52048
30
-9.14245
11
-5.77106
21
3.43609
31
-9.02124
12
-5.62331
22
3.41695
32
-9.00853
13
-5.59923
23
3.50090
33
-9.13014
0
3DFACE
8
C1
10
-5.77106
20
3.43609
30
-9.02124
11
-5.79401
21
3.34313
31
-8.90771
12
-5.64624
22
3.32377
32
-8.89520
13
-5.62331
23
3.41695
33
-9.00853
0
3DFACE
8
C1
10
-5.79401
20
3.34313
30
-8.90771
11
-5.81605
21
3.24281
31
-8.80079
12
-5.66815
22
3.22247
32
-8.78917
13
-5.64624
23
3.32377
33
-8.89520
0
3DFACE
8
C1
10
-5.81605
20
3.24281
30
-8.80079
11
-5.83722
21
3.13557
31
-8.70009
12
-5.68910
22
3.11347
32
-8.69004
13
-5.66815
23
3.22247
33
-8.78917
0
3DFACE
8
C1
10
-5.83722
20
3.13557
30
-8.70009
11
-5.85755
21
3.02163
31
-8.60539
12
-5.70911
22
2.99700
32
-8.59761
13
-5.68910
23
3.11347
33
-8.69004
0
3DFACE
8
C1
10
-5.85755
20
3.02163
30
-8.60539
11
-5.87711
21
2.90154
31
-8.51622
12
-5.72817
22
2.87284
32
-8.51209
13
-5.70911
23
2.99700
33
-8.59761
0
3DFACE
8
C1
10
-5.87711
20
2.90154
30
-8.51622
11
-5.89780
21
2.79045
31
-8.41896
12
-5.74854
22
2.75923
32
-8.41710
13
-5.72817
23
2.87284
33
-8.51209
0
3DFACE
8
C1
10
-5.89780
20
2.79045
30
-8.41896
11
-5.91952
21
2.68761
31
-8.31431
12
-5.77011
22
2.65518
32
-8.31353
13
-5.74854
23
2.75923
33
-8.41710
0
3DFACE
8
C1
10
-5.91952
20
2.68761
30
-8.31431
11
-5.94216
21
2.59212
31
-8.20305
12
-5.79280
22
2.56013
32
-8.20188
13
-5.77011
23
2.65518
33
-8.31353
0
3DFACE
8
C1
10
-5.94216
20
2.59212
30
-8.20305
11
-5.96573
21
2.50411
31
-8.08509
12
-5.81662
22
2.47410
32
-8.08214
13
-5.79280
23
2.56013
33
-8.20188
0
3DFACE
8
C1
10
-5.96573
20
2.50411
30
-8.08509
11
-5.99025
21
2.42368
31
-7.96033
12
-5.84159
22
2.39718
32
-7.95422
13
-5.81662
23
2.47410
33
-8.08214
0
3DFACE
8
C1
10
-5.99025
20
2.42368
30
-7.96033
11
-6.01412
21
2.33797
31
-7.84029
12
-5.86574
22
2.31378
32
-7.83212
13
-5.84159
23
2.39718
33
-7.95422
0
3DFACE
8
C1
10
-6.01412
20
2.33797
30
-7.84029
11
-6.03732
21
2.24699
31
-7.72499
12
-5.88905
22
2.22368
32
-7.71603
13
-5.86574
23
2.31378
33
-7.83212
0
3DFACE
8
C1
10
-6.03732
20
2.24699
30
-7.72499
11
-6.05985
21
2.15062
31
-7.61452
12
-5.91155
22
2.12709
32
-7.60576
13
-5.88905
23
2.22368
33
-7.71603
0
3DFACE
8
C1
10
-6.05985
20
2.15062
30
-7.61452
11
-6.08173
21
2.04910
31
-7.50869
12
-5.93323
22
2.02392
32
-7.50140
13
-5.91155
23
2.12709
33
-7.60576
0
3DFACE
8
C1
10
-6.08173
20
2.04910
30
-7.50869
11
-6.10292
21
1.94197
31
-7.40788
12
-5.95406
22
1.91393
32
-7.40316
13
-5.93323
23
2.02392
33
-7.50140
0
3DFACE
8
C1
10
-6.10292
20
1.94197
30
-7.40788
11
-6.12275
21
1.82407
31
-7.31674
12
-5.97381
22
1.79538
32
-7.31261
13
-5.95406
23
1.91393
33
-7.40316
0
3DFACE
8
C1
10
-6.12275
20
1.82407
30
-7.31674
11
-6.14101
21
1.69354
31
-7.23693
12
-5.99249
22
1.66825
32
-7.22975
13
-5.97381
23
1.79538
33
-7.31261
0
3DFACE
8
C1
10
-6.14101
20
1.69354
30
-7.23693
11
-6.15844
21
1.55642
31
-7.16305
12
-6.01023
22
1.53355
32
-7.15369
13
-5.99249
23
1.66825
33
-7.22975
0
3DFACE
8
C1
10
-6.15844
20
1.55642
30
-7.16305
11
-6.17509
21
1.41304
31
-7.09478
12
-6.02703
22
1.39137
32
-7.08434
13
-6.01023
23
1.53355
33
-7.15369
0
3DFACE
8
C1
10
-6.17509
20
1.41304
30
-7.09478
11
-6.19104
21
1.26405
31
-7.03154
12
-6.04300
22
1.24261
32
-7.02090
13
-6.02703
23
1.39137
33
-7.08434
0
3DFACE
8
C1
10
-6.19104
20
1.26405
30
-7.03154
11
-6.20843
21
1.12660
31
-6.95794
12
-6.06033
22
1.10461
32
-6.94780
13
-6.04300
23
1.24261
33
-7.02090
0
3DFACE
8
C1
10
-6.20843
20
1.12660
30
-6.95794
11
-6.22757
21
1.00310
31
-6.87183
12
-6.07913
22
0.97847
32
-6.86405
13
-6.06033
23
1.10461
33
-6.94780
0
3DFACE
8
C1
10
-6.22757
20
1.00310
30
-6.87183
11
-6.24772
21
0.88773
31
-6.77842
12
-6.09929
22
0.86310
32
-6.77064
13
-6.07913
23
0.97847
33
-6.86405
0
3DFACE
8
C1
10
-6.24772
20
0.88773
30
-6.77842
11
-6.26883
21
0.78005
31
-6.67811
12
-6.12074
22
0.75817
32
-6.66786
13
-6.09929
23
0.86310
33
-6.77064
0
3DFACE
8
C1
10
-6.26883
20
0.78005
30
-6.67811
11
-6.29097
21
0.68050
31
-6.57050
12
-6.14356
22
0.66411
32
-6.55532
13
-6.12074
23
0.75817
33
-6.66786
0
3DFACE
8
C1
10
-6.29097
20
0.68050
30
-6.57050
11
-6.31322
21
0.58194
31
-6.46200
12
-6.16635
22
0.56984
32
-6.44298
13
-6.14356
23
0.66411
33
-6.55532
0
3DFACE
8
C1
10
-6.31322
20
0.58194
30
-6.46200
11
-6.33549
21
0.48349
31
-6.35340
12
-6.18902
22
0.47457
32
-6.33152
13
-6.16635
23
0.56984
33
-6.44298
0
3DFACE
8
C1
10
-5.30172
20
4.44019
30
-10.65060
11
-5.32823
21
4.37568
31
-10.51154
12
-5.18127
22
4.36281
32
-10.49321
13
-5.15466
23
4.42654
33
-10.63296
0
3DFACE
8
C1
10
-5.32823
20
4.37568
30
-10.51154
11
-5.35620
21
4.32282
31
-10.36203
12
-5.20939
22
4.31115
32
-10.34261
13
-5.18127
23
4.36281
33
-10.49321
0
3DFACE
8
C1
10
-5.35620
20
4.32282
30
-10.36203
11
-5.38565
21
4.28172
31
-10.20196
12
-5.23900
22
4.27137
32
-10.18136
13
-5.20939
23
4.31115
33
-10.34261
0
3DFACE
8
C1
10
-5.38565
20
4.28172
30
-10.20196
11
-5.41344
21
4.22743
31
-10.05373
12
-5.26693
22
4.21818
32
-10.03214
13
-5.23900
23
4.27137
33
-10.18136
0
3DFACE
8
C1
10
-5.41344
20
4.22743
30
-10.05373
11
-5.43962
21
4.16029
31
-9.91703
12
-5.29317
22
4.15148
32
-9.89505
13
-5.26693
23
4.21818
33
-10.03214
0
3DFACE
8
C1
10
-5.43962
20
4.16029
30
-9.91703
11
-5.46417
21
4.08007
31
-9.79207
12
-5.31773
22
4.07137
32
-9.76999
13
-5.29317
23
4.15148
33
-9.89505
0
3DFACE
8
C1
10
-5.46417
20
4.08007
30
-9.79207
11
-5.48711
21
3.98700
31
-9.67864
12
-5.34060
22
3.97775
32
-9.65706
13
-5.31773
23
4.07137
33
-9.76999
0
3DFACE
8
C1
10
-5.48711
20
3.98700
30
-9.67864
11
-5.50842
21
3.88086
31
-9.57695
12
-5.36180
22
3.87073
32
-9.55615
13
-5.34060
23
3.97775
33
-9.65706
0
3DFACE
8
C1
10
-5.50842
20
3.88086
30
-9.57695
11
-5.53029
21
3.77923
31
-9.47121
12
-5.38355
22
3.76811
32
-9.45130
13
-5.36180
23
3.87073
33
-9.55615
0
3DFACE
8
C1
10
-5.53029
20
3.77923
30
-9.47121
11
-5.55272
21
3.68209
31
-9.36143
12
-5.40583
22
3.66977
32
-9.34261
13
-5.38355
23
3.76811
33
-9.45130
0
3DFACE
8
C1
10
-5.55272
20
3.68209
30
-9.36143
11
-5.57569
21
3.58925
31
-9.24781
12
-5.42863
22
3.57560
32
-9.23017
13
-5.40583
23
3.66977
33
-9.34261
0
3DFACE
8
C1
10
-5.57569
20
3.58925
30
-9.24781
11
-5.59923
21
3.50090
31
-9.13014
12
-5.45199
22
3.48583
32
-9.11378
13
-5.42863
23
3.57560
33
-9.23017
0
3DFACE
8
C1
10
-5.59923
20
3.50090
30
-9.13014
11
-5.62331
21
3.41695
31
-9.00853
12
-5.47586
22
3.40023
32
-8.99365
13
-5.45199
23
3.48583
33
-9.11378
0
3DFACE
8
C1
10
-5.62331
20
3.41695
30
-9.00853
11
-5.64624
21
3.32377
31
-8.89520
12
-5.49874
22
3.30661
32
-8.88072
13
-5.47586
23
3.40023
33
-8.99365
0
3DFACE
8
C1
10
-5.64624
20
3.32377
30
-8.89520
11
-5.66815
21
3.22247
31
-8.78917
12
-5.52062
22
3.20509
32
-8.77488
13
-5.49874
23
3.30661
33
-8.88072
0
3DFACE
8
C1
10
-5.66815
20
3.22247
30
-8.78917
11
-5.68910
21
3.11347
31
-8.69004
12
-5.54150
22
3.09554
32
-8.67625
13
-5.52062
23
3.20509
33
-8.77488
0
3DFACE
8
C1
10
-5.68910
20
3.11347
30
-8.69004
11
-5.70911
21
2.99700
31
-8.59761
12
-5.56138
22
2.97797
32
-8.58481
13
-5.54150
23
3.09554
33
-8.67625
0
3DFACE
8
C1
10
-5.70911
20
2.99700
30
-8.59761
11
-5.72817
21
2.87284
31
-8.51209
12
-5.58027
22
2.85250
32
-8.50047
13
-5.56138
23
2.97797
33
-8.58481
0
3DFACE
8
C1
10
-5.72817
20
2.87284
30
-8.51209
11
-5.74854
21
2.75923
31
-8.41710
12
-5.60038
22
2.73680
32
-8.40735
13
-5.58027
23
2.85250
33
-8.50047
0
3DFACE
8
C1
10
-5.74854
20
2.75923
30
-8.41710
11
-5.77011
21
2.65518
31
-8.31353
12
-5.62174
22
2.63110
32
-8.30526
13
-5.60038
23
2.73680
33
-8.40735
0
3DFACE
8
C1
10
-5.77011
20
2.65518
30
-8.31353
11
-5.79280
21
2.56013
31
-8.20188
12
-5.64433
22
2.53517
32
-8.19440
13
-5.62174
23
2.63110
33
-8.30526
0
3DFACE
8
C1
10
-5.79280
20
2.56013
30
-8.20188
11
-5.81662
21
2.47410
31
-8.08214
12
-5.66815
22
2.44914
32
-8.07466
13
-5.64433
23
2.53517
33
-8.19440
0
3DFACE
8
C1
10
-5.81662
20
2.47410
30
-8.08214
11
-5.84159
21
2.39718
31
-7.95422
12
-5.69319
22
2.37288
32
-7.94615
13
-5.66815
23
2.44914
33
-8.07466
0
3DFACE
8
C1
10
-5.84159
20
2.39718
30
-7.95422
11
-5.86574
21
2.31378
31
-7.83212
12
-5.71736
22
2.28959
32
-7.82395
13
-5.69319
23
2.37288
33
-7.94615
0
3DFACE
8
C1
10
-5.86574
20
2.31378
30
-7.83212
11
-5.88905
21
2.22368
31
-7.71603
12
-5.74062
22
2.19905
32
-7.70825
13
-5.71736
23
2.28959
33
-7.82395
0
3DFACE
8
C1
10
-5.88905
20
2.22368
30
-7.71603
11
-5.91155
21
2.12709
31
-7.60576
12
-5.76298
22
2.10136
32
-7.59896
13
-5.74062
23
2.19905
33
-7.70825
0
3DFACE
8
C1
10
-5.91155
20
2.12709
30
-7.60576
11
-5.93323
21
2.02392
31
-7.50140
12
-5.78444
22
1.99643
32
-7.49619
13
-5.76298
23
2.10136
33
-7.59896
0
3DFACE
8
C1
10
-5.93323
20
2.02392
30
-7.50140
11
-5.95406
21
1.91393
31
-7.40316
12
-5.80502
22
1.88447
32
-7.39972
13
-5.78444
23
1.99643
33
-7.49619
0
3DFACE
8
C1
10
-5.95406
20
1.91393
30
-7.40316
11
-5.97381
21
1.79538
31
-7.31261
12
-5.82464
22
1.76481
32
-7.31015
13
-5.80502
23
1.88447
33
-7.39972
0
3DFACE
8
C1
10
-5.97381
20
1.79538
30
-7.31261
11
-5.99249
21
1.66825
31
-7.22975
12
-5.84332
22
1.63769
32
-7.22729
13
-5.82464
23
1.76481
33
-7.31015
0
3DFACE
8
C1
10
-5.99249
20
1.66825
30
-7.22975
11
-6.01023
21
1.53355
31
-7.15369
12
-5.86105
22
1.50299
32
-7.15123
13
-5.84332
23
1.63769
33
-7.22729
0
3DFACE
8
C1
10
-6.01023
20
1.53355
30
-7.15369
11
-6.02703
21
1.39137
31
-7.08434
12
-5.87782
22
1.36059
32
-7.08208
13
-5.86105
23
1.50299
33
-7.15123
0
3DFACE
8
C1
10
-6.02703
20
1.39137
30
-7.08434
11
-6.04300
21
1.24261
31
-7.02090
12
-5.89373
22
1.21127
32
-7.01913
13
-5.87782
23
1.36059
33
-7.08208
0
3DFACE
8
C1
10
-6.04300
20
1.24261
30
-7.02090
11
-6.06033
21
1.10461
31
-6.94780
12
-5.91116
22
1.07415
32
-6.94525
13
-5.89373
23
1.21127
33
-7.01913
0
3DFACE
8
C1
10
-6.06033
20
1.10461
30
-6.94780
11
-6.07913
21
0.97847
31
-6.86405
12
-5.93020
22
0.94989
32
-6.85982
13
-5.91116
23
1.07415
33
-6.94525
0
3DFACE
8
C1
10
-6.07913
20
0.97847
30
-6.86405
11
-6.09929
21
0.86310
31
-6.77064
12
-5.95085
22
0.83847
32
-6.76286
13
-5.93020
23
0.94989
33
-6.85982
0
3DFACE
8
C1
10
-6.09929
20
0.86310
30
-6.77064
11
-6.12074
21
0.75817
31
-6.66786
12
-5.97312
22
0.74002
32
-6.65426
13
-5.95085
23
0.83847
33
-6.76286
0
3DFACE
8
C1
10
-6.12074
20
0.75817
30
-6.66786
11
-6.14356
21
0.66411
31
-6.55532
12
-5.99693
22
0.65387
32
-6.53463
13
-5.97312
23
0.74002
33
-6.65426
0
3DFACE
8
C1
10
-6.14356
20
0.66411
30
-6.55532
11
-6.16635
21
0.56984
31
-6.44298
12
-6.02049
22
0.56575
32
-6.41676
13
-5.99693
23
0.65387
33
-6.53463
0
3DFACE
8
C1
10
-6.16635
20
0.56984
30
-6.44298
11
-6.18902
21
0.47457
31
-6.33152
12
-6.04369
22
0.47477
32
-6.30146
13
-6.02049
23
0.56575
33
-6.41676
0
3DFACE
8
C1
10
-5.15466
20
4.42654
30
-10.63296
11
-5.18127
21
4.36281
31
-10.49321
12
-5.03442
22
4.35081
32
-10.47409
13
-5.00775
23
4.41410
33
-10.61424
0
3DFACE
8
C1
10
-5.18127
20
4.36281
30
-10.49321
11
-5.20939
21
4.31115
31
-10.34261
12
-5.06259
22
4.29960
32
-10.32310
13
-5.03442
23
4.35081
33
-10.47409
0
3DFACE
8
C1
10
-5.20939
20
4.31115
30
-10.34261
11
-5.23900
21
4.27137
31
-10.18136
12
-5.09228
22
4.26047
32
-10.16126
13
-5.06259
23
4.29960
33
-10.32310
0
3DFACE
8
C1
10
-5.23900
20
4.27137
30
-10.18136
11
-5.26693
21
4.21818
31
-10.03214
12
-5.12028
22
4.20783
32
-10.01155
13
-5.09228
23
4.26047
33
-10.16126
0
3DFACE
8
C1
10
-5.26693
20
4.21818
30
-10.03214
11
-5.29317
21
4.15148
31
-9.89505
12
-5.14662
22
4.14190
32
-9.87377
13
-5.12028
23
4.20783
33
-10.01155
0
3DFACE
8
C1
10
-5.29317
20
4.15148
30
-9.89505
11
-5.31773
21
4.07137
31
-9.76999
12
-5.17127
22
4.06256
32
-9.74801
13
-5.14662
23
4.14190
33
-9.87377
0
3DFACE
8
C1
10
-5.31773
20
4.07137
30
-9.76999
11
-5.34060
21
3.97775
31
-9.65706
12
-5.19424
22
3.96971
32
-9.63439
13
-5.17127
23
4.06256
33
-9.74801
0
3DFACE
8
C1
10
-5.34060
20
3.97775
30
-9.65706
11
-5.36180
21
3.87073
31
-9.55615
12
-5.21556
22
3.86368
32
-9.53260
13
-5.19424
23
3.96971
33
-9.63439
0
3DFACE
8
C1
10
-5.36180
20
3.87073
30
-9.55615
11
-5.38355
21
3.76811
31
-9.45130
12
-5.23733
22
3.76117
32
-9.42765
13
-5.21556
23
3.86368
33
-9.53260
0
3DFACE
8
C1
10
-5.38355
20
3.76811
30
-9.45130
11
-5.40583
21
3.66977
31
-9.34261
12
-5.25953
22
3.66217
32
-9.31955
13
-5.23733
23
3.76117
33
-9.42765
0
3DFACE
8
C1
10
-5.40583
20
3.66977
30
-9.34261
11
-5.42863
21
3.57560
31
-9.23017
12
-5.28217
22
3.56668
32
-9.20829
13
-5.25953
23
3.66217
33
-9.31955
0
3DFACE
8
C1
10
-5.42863
20
3.57560
30
-9.23017
11
-5.45199
21
3.48583
31
-9.11378
12
-5.30524
22
3.47471
32
-9.09388
13
-5.28217
23
3.56668
33
-9.20829
0
3DFACE
8
C1
10
-5.45199
20
3.48583
30
-9.11378
11
-5.47586
21
3.40023
31
-8.99365
12
-5.32875
22
3.38615
32
-8.97641
13
-5.30524
23
3.47471
33
-9.09388
0
3DFACE
8
C1
10
-5.47586
20
3.40023
30
-8.99365
11
-5.49874
21
3.30661
31
-8.88072
12
-5.35146
22
3.29121
32
-8.86466
13
-5.32875
23
3.38615
33
-8.97641
0
3DFACE
8
C1
10
-5.49874
20
3.30661
30
-8.88072
11
-5.52062
21
3.20509
31
-8.77488
12
-5.37337
22
3.18991
32
-8.75862
13
-5.35146
23
3.29121
33
-8.86466
0
3DFACE
8
C1
10
-5.52062
20
3.20509
30
-8.77488
11
-5.54150
21
3.09554
31
-8.67625
12
-5.39448
22
3.08223
32
-8.65831
13
-5.37337
23
3.18991
33
-8.75862
0
3DFACE
8
C1
10
-5.54150
20
3.09554
30
-8.67625
11
-5.56138
21
2.97797
31
-8.58481
12
-5.41480
22
2.96818
32
-8.56372
13
-5.39448
23
3.08223
33
-8.65831
0
3DFACE
8
C1
10
-5.56138
20
2.97797
30
-8.58481
11
-5.58027
21
2.85250
31
-8.50047
12
-5.43434
22
2.84786
32
-8.47474
13
-5.41480
23
2.96818
33
-8.56372
0
3DFACE
8
C1
10
-5.58027
20
2.85250
30
-8.50047
11
-5.60038
21
2.73680
31
-8.40735
12
-5.45482
22
2.73513
32
-8.37896
13
-5.43434
23
2.84786
33
-8.47474
0
3DFACE
8
C1
10
-5.60038
20
2.73680
30
-8.40735
11
-5.62174
21
2.63110
31
-8.30526
12
-5.47624
22
2.62987
32
-8.27648
13
-5.45482
23
2.73513
33
-8.37896
0
3DFACE
8
C1
10
-5.62174
20
2.63110
30
-8.30526
11
-5.64433
21
2.53517
31
-8.19440
12
-5.49861
22
2.53230
32
-8.16710
13
-5.47624
23
2.62987
33
-8.27648
0
3DFACE
8
C1
10
-5.64433
20
2.53517
30
-8.19440
11
-5.66815
21
2.44914
31
-8.07466
12
-5.52194
22
2.44230
32
-8.05091
13
-5.49861
23
2.53230
33
-8.16710
0
3DFACE
8
C1
10
-5.66815
20
2.44914
30
-8.07466
11
-5.69319
21
2.37288
31
-7.94615
12
-5.54619
22
2.35967
32
-7.92811
13
-5.52194
23
2.44230
33
-8.05091
0
3DFACE
8
C1
10
-5.69319
20
2.37288
30
-7.94615
11
-5.71736
21
2.28959
31
-7.82395
12
-5.56969
22
2.27111
32
-7.81065
13
-5.54619
23
2.35967
33
-7.92811
0
3DFACE
8
C1
10
-5.71736
20
2.28959
30
-7.82395
11
-5.74062
21
2.19905
31
-7.70825
12
-5.59242
22
2.17628
32
-7.69880
13
-5.56969
23
2.27111
33
-7.81065
0
3DFACE
8
C1
10
-5.74062
20
2.19905
30
-7.70825
11
-5.76298
21
2.10136
31
-7.59896
12
-5.61437
22
2.07531
32
-7.59247
13
-5.59242
23
2.17628
33
-7.69880
0
3DFACE
8
C1
10
-5.76298
20
2.10136
30
-7.59896
11
-5.78444
21
1.99643
31
-7.49619
12
-5.63554
22
1.96807
32
-7.49176
13
-5.61437
23
2.07531
33
-7.59247
0
3DFACE
8
C1
10
-5.78444
20
1.99643
30
-7.49619
11
-5.80502
21
1.88447
31
-7.39972
12
-5.65595
22
1.85478
32
-7.39648
13
-5.63554
23
1.96807
33
-7.49176
0
3DFACE
8
C1
10
-5.80502
20
1.88447
30
-7.39972
11
-5.82464
21
1.76481
31
-7.31015
12
-5.67553
22
1.73480
32
-7.30721
13
-5.65595
23
1.85478
33
-7.39648
0
3DFACE
8
C1
10
-5.82464
20
1.76481
30
-7.31015
11
-5.84332
21
1.63769
31
-7.22729
12
-5.69428
22
1.60823
32
-7.22385
13
-5.67553
23
1.73480
33
-7.30721
0
3DFACE
8
C1
10
-5.84332
20
1.63769
30
-7.22729
11
-5.86105
21
1.50299
31
-7.15123
12
-5.71219
22
1.47495
32
-7.14651
13
-5.69428
23
1.60823
33
-7.22385
0
3DFACE
8
C1
10
-5.86105
20
1.50299
30
-7.15123
11
-5.87782
21
1.36059
31
-7.08208
12
-5.72928
22
1.33508
32
-7.07509
13
-5.71219
23
1.47495
33
-7.14651
0
3DFACE
8
C1
10
-5.87782
20
1.36059
30
-7.08208
11
-5.89373
21
1.21127
31
-7.01913
12
-5.74556
22
1.18873
32
-7.00948
13
-5.72928
23
1.33508
33
-7.07509
0
3DFACE
8
C1
10
-5.89373
20
1.21127
30
-7.01913
11
-5.91116
21
1.07415
31
-6.94525
12
-5.76343
22
1.05513
32
-6.93244
13
-5.74556
23
1.18873
33
-7.00948
0
3DFACE
8
C1
10
-5.91116
20
1.07415
30
-6.94525
11
-5.93020
21
0.94989
31
-6.85982
12
-5.78292
22
0.93448
32
-6.84376
13
-5.76343
23
1.05513
33
-6.93244
0
3DFACE
8
C1
10
-5.93020
20
0.94989
30
-6.85982
11
-5.95085
21
0.83847
31
-6.76286
12
-5.80401
22
0.82658
32
-6.74364
13
-5.78292
23
0.93448
33
-6.84376
0
3DFACE
8
C1
10
-5.95085
20
0.83847
30
-6.76286
11
-5.97312
21
0.74002
31
-6.65426
12
-5.82671
22
0.73154
32
-6.63199
13
-5.80401
23
0.82658
33
-6.74364
0
3DFACE
8
C1
10
-5.97312
20
0.74002
30
-6.65426
11
-5.99693
21
0.65387
31
-6.53463
12
-5.85101
22
0.64935
32
-6.50880
13
-5.82671
23
0.73154
33
-6.63199
0
3DFACE
8
C1
10
-5.99693
20
0.65387
30
-6.53463
11
-6.02049
21
0.56575
31
-6.41676
12
-5.87487
22
0.56364
32
-6.38877
13
-5.85101
23
0.64935
33
-6.50880
0
3DFACE
8
C1
10
-6.02049
20
0.56575
30
-6.41676
11
-6.04369
21
0.47477
31
-6.30146
12
-5.89831
22
0.47453
32
-6.27179
13
-5.87487
23
0.56364
33
-6.38877
0
3DFACE
8
C1
10
-5.00775
20
4.41410
30
-10.61424
11
-5.03442
21
4.35081
31
-10.47409
12
-4.88748
22
4.33815
32
-10.45557
13
-4.86086
23
4.40178
33
-10.59542
0
3DFACE
8
C1
10
-5.03442
20
4.35081
30
-10.47409
11
-5.06259
21
4.29960
31
-10.32310
12
-4.91560
22
4.28650
32
-10.30497
13
-4.88748
23
4.33815
33
-10.45557
0
3DFACE
8
C1
10
-5.06259
20
4.29960
30
-10.32310
11
-5.09228
21
4.26047
31
-10.16126
12
-4.94521
22
4.24672
32
-10.14372
13
-4.91560
23
4.28650
33
-10.30497
0
3DFACE
8
C1
10
-5.09228
20
4.26047
30
-10.16126
11
-5.12028
21
4.20783
31
-10.01155
12
-4.97323
22
4.19430
32
-9.99381
13
-4.94521
23
4.24672
33
-10.14372
0
3DFACE
8
C1
10
-5.12028
20
4.20783
30
-10.01155
11
-5.14662
21
4.14190
31
-9.87377
12
-4.99967
22
4.12913
32
-9.85534
13
-4.97323
23
4.19430
33
-9.99381
0
3DFACE
8
C1
10
-5.14662
20
4.14190
30
-9.87377
11
-5.17127
21
4.06256
31
-9.74801
12
-5.02449
22
4.05111
32
-9.72840
13
-4.99967
23
4.12913
33
-9.85534
0
3DFACE
8
C1
10
-5.17127
20
4.06256
30
-9.74801
11
-5.19424
21
3.96971
31
-9.63439
12
-5.04771
22
3.96024
32
-9.61300
13
-5.02449
23
4.05111
33
-9.72840
0
3DFACE
8
C1
10
-5.19424
20
3.96971
30
-9.63439
11
-5.21556
21
3.86368
31
-9.53260
12
-5.06936
22
3.85685
32
-9.50885
13
-5.04771
23
3.96024
33
-9.61300
0
3DFACE
8
C1
10
-5.21556
20
3.86368
30
-9.53260
11
-5.23733
21
3.76117
31
-9.42765
12
-5.09130
22
3.75576
32
-9.40262
13
-5.06936
23
3.85685
33
-9.50885
0
3DFACE
8
C1
10
-5.23733
20
3.76117
30
-9.42765
11
-5.25953
21
3.66217
31
-9.31955
12
-5.11352
22
3.65698
32
-9.29432
13
-5.09130
23
3.75576
33
-9.40262
0
3DFACE
8
C1
10
-5.25953
20
3.66217
30
-9.31955
11
-5.28217
21
3.56668
31
-9.20829
12
-5.13605
22
3.56062
32
-9.18385
13
-5.11352
23
3.65698
33
-9.29432
0
3DFACE
8
C1
10
-5.28217
20
3.56668
30
-9.20829
11
-5.30524
21
3.47471
31
-9.09388
12
-5.15887
22
3.46656
32
-9.07131
13
-5.13605
23
3.56062
33
-9.18385
0
3DFACE
8
C1
10
-5.30524
20
3.47471
30
-9.09388
11
-5.32875
21
3.38615
31
-8.97641
12
-5.18198
22
3.37481
32
-8.95670
13
-5.15887
23
3.46656
33
-9.07131
0
3DFACE
8
C1
10
-5.32875
20
3.38615
30
-8.97641
11
-5.35146
21
3.29121
31
-8.86466
12
-5.20447
22
3.27812
32
-8.84652
13
-5.18198
23
3.37481
33
-8.95670
0
3DFACE
8
C1
10
-5.35146
20
3.29121
30
-8.86466
11
-5.37337
21
3.18991
31
-8.75862
12
-5.22635
22
3.17659
32
-8.74069
13
-5.20447
23
3.27812
33
-8.84652
0
3DFACE
8
C1
10
-5.37337
20
3.18991
30
-8.75862
11
-5.39448
21
3.08223
31
-8.65831
12
-5.24760
22
3.07001
32
-8.63939
13
-5.22635
23
3.17659
33
-8.74069
0
3DFACE
8
C1
10
-5.39448
20
3.08223
30
-8.65831
11
-5.41480
21
2.96818
31
-8.56372
12
-5.26824
22
2.95849
32
-8.54253
13
-5.24760
23
3.07001
33
-8.63939
0
3DFACE
8
C1
10
-5.41480
20
2.96818
30
-8.56372
11
-5.43434
21
2.84786
31
-8.47474
12
-5.28828
22
2.84224
32
-8.44990
13
-5.26824
23
2.95849
33
-8.54253
0
3DFACE
8
C1
10
-5.43434
20
2.84786
30
-8.47474
11
-5.45482
21
2.73513
31
-8.37896
12
-5.30902
22
2.73159
32
-8.35225
13
-5.28828
23
2.84224
33
-8.44990
0
3DFACE
8
C1
10
-5.45482
20
2.73513
30
-8.37896
11
-5.47624
21
2.62987
31
-8.27648
12
-5.33049
22
2.62677
32
-8.24938
13
-5.30902
23
2.73159
33
-8.35225
0
3DFACE
8
C1
10
-5.47624
20
2.62987
30
-8.27648
11
-5.49861
21
2.53230
31
-8.16710
12
-5.35268
22
2.52766
32
-8.14137
13
-5.33049
23
2.62677
33
-8.24938
0
3DFACE
8
C1
10
-5.49861
20
2.53230
30
-8.16710
11
-5.52194
21
2.44230
31
-8.05091
12
-5.37560
22
2.43437
32
-8.02814
13
-5.35268
23
2.52766
33
-8.14137
0
3DFACE
8
C1
10
-5.52194
20
2.44230
30
-8.05091
11
-5.54619
21
2.35967
31
-7.92811
12
-5.39922
22
2.34680
32
-7.90979
13
-5.37560
23
2.43437
33
-8.02814
0
3DFACE
8
C1
10
-5.54619
20
2.35967
30
-7.92811
11
-5.56969
21
2.27111
31
-7.81065
12
-5.42217
22
2.25373
32
-7.79636
13
-5.39922
23
2.34680
33
-7.90979
0
3DFACE
8
C1
10
-5.56969
20
2.27111
30
-7.81065
11
-5.59242
21
2.17628
31
-7.69880
12
-5.44442
22
2.15517
32
-7.68786
13
-5.42217
23
2.25373
33
-7.79636
0
3DFACE
8
C1
10
-5.59242
20
2.17628
30
-7.69880
11
-5.61437
21
2.07531
31
-7.59247
12
-5.46599
22
2.05111
32
-7.58429
13
-5.44442
23
2.15517
33
-7.68786
0
3DFACE
8
C1
10
-5.61437
20
2.07531
30
-7.59247
11
-5.63554
21
1.96807
31
-7.49176
12
-5.48686
22
1.94146
32
-7.48576
13
-5.46599
23
2.05111
33
-7.58429
0
3DFACE
8
C1
10
-5.63554
20
1.96807
30
-7.49176
11
-5.65595
21
1.85478
31
-7.39648
12
-5.50704
22
1.82631
32
-7.39215
13
-5.48686
23
1.94146
33
-7.48576
0
3DFACE
8
C1
10
-5.65595
20
1.85478
30
-7.39648
11
-5.67553
21
1.73480
31
-7.30721
12
-5.52653
22
1.70567
32
-7.30347
13
-5.50704
23
1.82631
33
-7.39215
0
3DFACE
8
C1
10
-5.67553
20
1.73480
30
-7.30721
11
-5.69428
21
1.60823
31
-7.22385
12
-5.54532
22
1.57942
32
-7.21982
13
-5.52653
23
1.70567
33
-7.30347
0
3DFACE
8
C1
10
-5.69428
20
1.60823
30
-7.22385
11
-5.71219
21
1.47495
31
-7.14651
12
-5.56343
22
1.44768
32
-7.14110
13
-5.54532
23
1.57942
33
-7.21982
0
3DFACE
8
C1
10
-5.71219
20
1.47495
30
-7.14651
11
-5.72928
21
1.33508
31
-7.07509
12
-5.58085
22
1.31045
32
-7.06731
13
-5.56343
23
1.44768
33
-7.14110
0
3DFACE
8
C1
10
-5.72928
20
1.33508
30
-7.07509
11
-5.74556
21
1.18873
31
-7.00948
12
-5.59758
22
1.16773
32
-6.99845
13
-5.58085
23
1.31045
33
-7.06731
0
3DFACE
8
C1
10
-5.74556
20
1.18873
30
-7.00948
11
-5.76343
21
1.05513
31
-6.93244
12
-5.61589
22
1.03764
32
-6.91825
13
-5.59758
23
1.16773
33
-6.99845
0
3DFACE
8
C1
10
-5.76343
20
1.05513
30
-6.93244
11
-5.78292
21
0.93448
31
-6.84376
12
-5.63580
22
0.92029
32
-6.82661
13
-5.61589
23
1.03764
33
-6.91825
0
3DFACE
8
C1
10
-5.78292
20
0.93448
30
-6.84376
11
-5.80401
21
0.82658
31
-6.74364
12
-5.65727
22
0.81547
32
-6.72374
13
-5.63580
23
0.92029
33
-6.82661
0
3DFACE
8
C1
10
-5.80401
20
0.82658
30
-6.74364
11
-5.82671
21
0.73154
31
-6.63199
12
-5.68033
22
0.72339
32
-6.60942
13
-5.65727
23
0.81547
33
-6.72374
0
3DFACE
8
C1
10
-5.82671
20
0.73154
30
-6.63199
11
-5.85101
21
0.64935
31
-6.50880
12
-5.70498
22
0.64394
32
-6.48377
13
-5.68033
23
0.72339
33
-6.60942
0
3DFACE
8
C1
10
-5.85101
20
0.64935
30
-6.50880
11
-5.87487
21
0.56364
31
-6.38877
12
-5.72912
22
0.56043
32
-6.36176
13
-5.70498
23
0.64394
33
-6.48377
0
3DFACE
8
C1
10
-5.87487
20
0.56364
30
-6.38877
11
-5.89831
21
0.47453
31
-6.27179
12
-5.75276
22
0.47297
32
-6.24331
13
-5.72912
23
0.56043
33
-6.36176
0
3DFACE
8
C1
10
-4.86086
20
4.40178
30
-10.59542
11
-4.88748
21
4.33815
31
-10.45557
12
-4.74082
22
4.32769
32
-10.43507
13
-4.71440
23
4.39297
33
-10.57344
0
3DFACE
8
C1
10
-4.88748
20
4.33815
30
-10.45557
11
-4.91560
21
4.28650
31
-10.30497
12
-4.76867
22
4.27385
32
-10.28644
13
-4.74082
23
4.32769
33
-10.43507
0
3DFACE
8
C1
10
-4.91560
20
4.28650
30
-10.30497
11
-4.94521
21
4.24672
31
-10.14372
12
-4.79794
22
4.23142
32
-10.12756
13
-4.76867
23
4.27385
33
-10.28644
0
3DFACE
8
C1
10
-4.94521
20
4.24672
30
-10.14372
11
-4.97323
21
4.19430
31
-9.99381
12
-4.82579
22
4.17758
32
-9.97893
13
-4.79794
23
4.23142
33
-10.12756
0
3DFACE
8
C1
10
-4.97323
20
4.19430
30
-9.99381
11
-4.99967
21
4.12913
31
-9.85534
12
-4.85217
22
4.11197
32
-9.84085
13
-4.82579
23
4.17758
33
-9.97893
0
3DFACE
8
C1
10
-4.99967
20
4.12913
30
-9.85534
11
-5.02449
21
4.05111
31
-9.72840
12
-4.87710
22
4.03483
32
-9.71313
13
-4.85217
23
4.11197
33
-9.84085
0
3DFACE
8
C1
10
-5.02449
20
4.05111
30
-9.72840
11
-5.04771
21
3.96024
31
-9.61300
12
-4.90056
22
3.94594
32
-9.59596
13
-4.87710
23
4.03483
33
-9.71313
0
3DFACE
8
C1
10
-5.04771
20
3.96024
30
-9.61300
11
-5.06936
21
3.85685
31
-9.50885
12
-4.92260
22
3.84562
32
-9.48904
13
-4.90056
23
3.94594
33
-9.59596
0
3DFACE
8
C1
10
-5.06936
20
3.85685
30
-9.50885
11
-5.09130
21
3.75576
31
-9.40262
12
-4.94481
22
3.74673
32
-9.38084
13
-4.92260
23
3.84562
33
-9.48904
0
3DFACE
8
C1
10
-5.09130
20
3.75576
30
-9.40262
11
-5.11352
21
3.65698
31
-9.29432
12
-4.96721
22
3.64927
32
-9.27135
13
-4.94481
23
3.74673
33
-9.38084
0
3DFACE
8
C1
10
-5.11352
20
3.65698
30
-9.29432
11
-5.13605
21
3.56062
31
-9.18385
12
-4.98978
22
3.55323
32
-9.16059
13
-4.96721
23
3.64927
33
-9.27135
0
3DFACE
8
C1
10
-5.13605
20
3.56062
30
-9.18385
11
-5.15887
21
3.46656
31
-9.07131
12
-5.01254
22
3.45874
32
-9.04844
13
-4.98978
23
3.55323
33
-9.16059
0
3DFACE
8
C1
10
-5.15887
20
3.46656
30
-9.07131
11
-5.18198
21
3.37481
31
-8.95670
12
-5.03547
22
3.36556
32
-8.93511
13
-5.01254
23
3.45874
33
-9.04844
0
3DFACE
8
C1
10
-5.18198
20
3.37481
30
-8.95670
11
-5.20447
21
3.27812
31
-8.84652
12
-5.05785
22
3.26799
32
-8.82573
13
-5.03547
23
3.36556
33
-8.93511
0
3DFACE
8
C1
10
-5.20447
20
3.27812
30
-8.84652
11
-5.22635
21
3.17659
31
-8.74069
12
-5.07969
22
3.16613
32
-8.72019
13
-5.05785
23
3.26799
33
-8.82573
0
3DFACE
8
C1
10
-5.22635
20
3.17659
30
-8.74069
11
-5.24760
21
3.07001
31
-8.63939
12
-5.10098
22
3.05988
32
-8.61860
13
-5.07969
23
3.16613
33
-8.72019
0
3DFACE
8
C1
10
-5.24760
20
3.07001
30
-8.63939
11
-5.26824
21
2.95849
31
-8.54253
12
-5.12173
22
2.94924
32
-8.52094
13
-5.10098
23
3.05988
33
-8.61860
0
3DFACE
8
C1
10
-5.26824
20
2.95849
30
-8.54253
11
-5.28828
21
2.84224
31
-8.44990
12
-5.14195
22
2.83442
32
-8.42704
13
-5.12173
23
2.94924
33
-8.52094
0
3DFACE
8
C1
10
-5.28828
20
2.84224
30
-8.44990
11
-5.30902
21
2.73159
31
-8.35225
12
-5.16277
22
2.72443
32
-8.32880
13
-5.14195
23
2.83442
33
-8.42704
0
3DFACE
8
C1
10
-5.30902
20
2.73159
30
-8.35225
11
-5.33049
21
2.62677
31
-8.24938
12
-5.18422
22
2.61939
32
-8.22612
13
-5.16277
23
2.72443
33
-8.32880
0
3DFACE
8
C1
10
-5.33049
20
2.62677
30
-8.24938
11
-5.35268
21
2.52766
31
-8.14137
12
-5.20628
22
2.51929
32
-8.11900
13
-5.18422
23
2.61939
33
-8.22612
0
3DFACE
8
C1
10
-5.35268
20
2.52766
30
-8.14137
11
-5.37560
21
2.43437
31
-8.02814
12
-5.22896
22
2.42413
32
-8.00745
13
-5.20628
23
2.51929
33
-8.11900
0
3DFACE
8
C1
10
-5.37560
20
2.43437
30
-8.02814
11
-5.39922
21
2.34680
31
-7.90979
12
-5.25225
22
2.33381
32
-7.89156
13
-5.22896
23
2.42413
33
-8.00745
0
3DFACE
8
C1
10
-5.39922
20
2.34680
30
-7.90979
11
-5.42217
21
2.25373
31
-7.79636
12
-5.27486
22
2.23811
32
-7.78049
13
-5.25225
23
2.33381
33
-7.89156
0
3DFACE
8
C1
10
-5.42217
20
2.25373
30
-7.79636
11
-5.44442
21
2.15517
31
-7.68786
12
-5.29677
22
2.13680
32
-7.67446
13
-5.27486
23
2.23811
33
-7.78049
0
3DFACE
8
C1
10
-5.44442
20
2.15517
30
-7.68786
11
-5.46599
21
2.05111
31
-7.58429
12
-5.31800
22
2.03000
32
-7.57336
13
-5.29677
23
2.13680
33
-7.67446
0
3DFACE
8
C1
10
-5.46599
20
2.05111
30
-7.58429
11
-5.48686
21
1.94146
31
-7.48576
12
-5.33853
22
1.91771
32
-7.47719
13
-5.31800
23
2.03000
33
-7.57336
0
3DFACE
8
C1
10
-5.48686
20
1.94146
30
-7.48576
11
-5.50704
21
1.82631
31
-7.39215
12
-5.35838
22
1.79992
32
-7.38595
13
-5.33853
23
1.91771
33
-7.47719
0
3DFACE
8
C1
10
-5.50704
20
1.82631
30
-7.39215
11
-5.52653
21
1.70567
31
-7.30347
12
-5.37770
22
1.67785
32
-7.29855
13
-5.35838
23
1.79992
33
-7.38595
0
3DFACE
8
C1
10
-5.52653
20
1.70567
30
-7.30347
11
-5.54532
21
1.57942
31
-7.21982
12
-5.39648
22
1.55149
32
-7.21500
13
-5.37770
23
1.67785
33
-7.29855
0
3DFACE
8
C1
10
-5.54532
20
1.57942
30
-7.21982
11
-5.56343
21
1.44768
31
-7.14110
12
-5.41472
22
1.42085
32
-7.13529
13
-5.39648
23
1.55149
33
-7.21500
0
3DFACE
8
C1
10
-5.56343
20
1.44768
30
-7.14110
11
-5.58085
21
1.31045
31
-7.06731
12
-5.43243
22
1.28593
32
-7.05943
13
-5.41472
23
1.42085
33
-7.13529
0
3DFACE
8
C1
10
-5.58085
20
1.31045
30
-7.06731
11
-5.59758
21
1.16773
31
-6.99845
12
-5.44961
22
1.14683
32
-6.98732
13
-5.43243
23
1.28593
33
-7.05943
0
3DFACE
8
C1
10
-5.59758
20
1.16773
30
-6.99845
11
-5.61589
21
1.03764
31
-6.91825
12
-5.46831
22
1.01982
32
-6.90436
13
-5.44961
23
1.14683
33
-6.98732
0
3DFACE
8
C1
10
-5.61589
20
1.03764
30
-6.91825
11
-5.63580
21
0.92029
31
-6.82661
12
-5.48854
22
0.90511
32
-6.81036
13
-5.46831
23
1.01982
33
-6.90436
0
3DFACE
8
C1
10
-5.63580
20
0.92029
30
-6.82661
11
-5.65727
21
0.81547
31
-6.72374
12
-5.51029
22
0.80248
32
-6.70551
13
-5.48854
23
0.90511
33
-6.81036
0
3DFACE
8
C1
10
-5.65727
20
0.81547
30
-6.72374
11
-5.68033
21
0.72339
31
-6.60942
12
-5.53356
22
0.71205
32
-6.58971
13
-5.51029
23
0.80248
33
-6.70551
0
3DFACE
8
C1
10
-5.68033
20
0.72339
30
-6.60942
11
-5.70498
21
0.64394
31
-6.48377
12
-5.55836
22
0.63381
32
-6.46298
13
-5.53356
23
0.71205
33
-6.58971
0
3DFACE
8
C1
10
-5.70498
20
0.64394
30
-6.48377
11
-5.72912
21
0.56043
31
-6.36176
12
-5.58263
22
0.55140
32
-6.33998
13
-5.55836
23
0.63381
33
-6.46298
0
3DFACE
8
C1
10
-5.72912
20
0.56043
30
-6.36176
11
-5.75276
21
0.47297
31
-6.24331
12
-5.60637
22
0.46471
32
-6.22084
13
-5.58263
23
0.55140
33
-6.33998
0
3DFACE
8
C1
10
-4.71440
20
4.39297
30
-10.57344
11
-4.74082
21
4.32769
31
-10.43507
12
-4.59416
22
4.31724
32
-10.41457
13
-4.56805
23
4.38504
33
-10.55068
0
3DFACE
8
C1
10
-4.74082
20
4.32769
30
-10.43507
11
-4.76867
21
4.27385
31
-10.28644
12
-4.62159
22
4.26009
32
-10.26890
13
-4.59416
23
4.31724
33
-10.41457
0
3DFACE
8
C1
10
-4.76867
20
4.27385
30
-10.28644
11
-4.79794
21
4.23142
31
-10.12756
12
-4.65035
22
4.21349
32
-10.11377
13
-4.62159
23
4.26009
33
-10.26890
0
3DFACE
8
C1
10
-4.79794
20
4.23142
30
-10.12756
11
-4.82579
21
4.17758
31
-9.97893
12
-4.67785
22
4.15690
32
-9.96760
13
-4.65035
23
4.21349
33
-10.11377
0
3DFACE
8
C1
10
-4.82579
20
4.17758
30
-9.97893
11
-4.85217
21
4.11197
31
-9.84085
12
-4.70409
22
4.09020
32
-9.83051
13
-4.67785
23
4.15690
33
-9.96760
0
3DFACE
8
C1
10
-4.85217
20
4.11197
30
-9.84085
11
-4.87710
21
4.03483
31
-9.71313
12
-4.72904
22
4.01317
32
-9.70269
13
-4.70409
23
4.09020
33
-9.83051
0
3DFACE
8
C1
10
-4.87710
20
4.03483
30
-9.71313
11
-4.90056
21
3.94594
31
-9.59596
12
-4.75271
22
3.92592
32
-9.58404
13
-4.72904
23
4.01317
33
-9.70269
0
3DFACE
8
C1
10
-4.90056
20
3.94594
30
-9.59596
11
-4.92260
21
3.84562
31
-9.48904
12
-4.77513
22
3.82868
32
-9.47436
13
-4.75271
23
3.92592
33
-9.58404
0
3DFACE
8
C1
10
-4.92260
20
3.84562
30
-9.48904
11
-4.94481
21
3.74673
31
-9.38084
12
-4.79766
22
3.73232
32
-9.36389
13
-4.77513
23
3.82868
33
-9.47436
0
3DFACE
8
C1
10
-4.94481
20
3.74673
30
-9.38084
11
-4.96721
21
3.64927
31
-9.27135
12
-4.82031
22
3.63694
32
-9.25253
13
-4.79766
23
3.73232
33
-9.36389
0
3DFACE
8
C1
10
-4.96721
20
3.64927
30
-9.27135
11
-4.98978
21
3.55323
31
-9.16059
12
-4.84309
22
3.54256
32
-9.14029
13
-4.82031
23
3.63694
33
-9.25253
0
3DFACE
8
C1
10
-4.98978
20
3.55323
30
-9.16059
11
-5.01254
21
3.45874
31
-9.04844
12
-4.86599
22
3.44916
32
-9.02716
13
-4.84309
23
3.54256
33
-9.14029
0
3DFACE
8
C1
10
-5.01254
20
3.45874
30
-9.04844
11
-5.03547
21
3.36556
31
-8.93511
12
-4.88899
22
3.35653
32
-8.91333
13
-4.86599
23
3.44916
33
-9.02716
0
3DFACE
8
C1
10
-5.03547
20
3.36556
30
-8.93511
11
-5.05785
21
3.26799
31
-8.82573
12
-4.91139
22
3.25918
32
-8.80375
13
-4.88899
23
3.35653
33
-8.91333
0
3DFACE
8
C1
10
-5.05785
20
3.26799
30
-8.82573
11
-5.07969
21
3.16613
31
-8.72019
12
-4.93322
22
3.15721
32
-8.69831
13
-4.91139
23
3.25918
33
-8.80375
0
3DFACE
8
C1
10
-5.07969
20
3.16613
30
-8.72019
11
-5.10098
21
3.05988
31
-8.61860
12
-4.95447
22
3.05063
32
-8.59701
13
-4.93322
23
3.15721
33
-8.69831
0
3DFACE
8
C1
10
-5.10098
20
3.05988
30
-8.61860
11
-5.12173
21
2.94924
31
-8.52094
12
-4.97512
22
2.93922
32
-8.50005
13
-4.95447
23
3.05063
33
-8.59701
0
3DFACE
8
C1
10
-5.12173
20
2.94924
30
-8.52094
11
-5.14195
21
2.83442
31
-8.42704
12
-4.99520
22
2.82330
32
-8.40713
13
-4.97512
23
2.93922
33
-8.50005
0
3DFACE
8
C1
10
-5.14195
20
2.83442
30
-8.42704
11
-5.16277
21
2.72443
31
-8.32880
12
-5.01592
22
2.71243
32
-8.30968
13
-4.99520
23
2.82330
33
-8.40713
0
3DFACE
8
C1
10
-5.16277
20
2.72443
30
-8.32880
11
-5.18422
21
2.61939
31
-8.22612
12
-5.03725
22
2.60651
32
-8.20779
13
-5.01592
23
2.71243
33
-8.30968
0
3DFACE
8
C1
10
-5.18422
20
2.61939
30
-8.22612
11
-5.20628
21
2.51929
31
-8.11900
12
-5.05923
22
2.50575
32
-8.10126
13
-5.03725
23
2.60651
33
-8.20779
0
3DFACE
8
C1
10
-5.20628
20
2.51929
30
-8.11900
11
-5.22896
21
2.42413
31
-8.00745
12
-5.08185
22
2.41005
32
-7.99020
13
-5.05923
23
2.50575
33
-8.10126
0
3DFACE
8
C1
10
-5.22896
20
2.42413
30
-8.00745
11
-5.25225
21
2.33381
31
-7.89156
12
-5.10508
22
2.31929
32
-7.87470
13
-5.08185
23
2.41005
33
-7.99020
0
3DFACE
8
C1
10
-5.25225
20
2.33381
30
-7.89156
11
-5.27486
21
2.23811
31
-7.78049
12
-5.12755
22
2.22249
32
-7.76463
13
-5.10508
23
2.31929
33
-7.87470
0
3DFACE
8
C1
10
-5.27486
20
2.23811
30
-7.78049
11
-5.29677
21
2.13680
31
-7.67446
12
-5.14927
22
2.11964
32
-7.65998
13
-5.12755
23
2.22249
33
-7.76463
0
3DFACE
8
C1
10
-5.29677
20
2.13680
30
-7.67446
11
-5.31800
21
2.03000
31
-7.57336
12
-5.17023
22
2.01075
32
-7.56075
13
-5.14927
23
2.11964
33
-7.65998
0
3DFACE
8
C1
10
-5.31800
20
2.03000
30
-7.57336
11
-5.33853
21
1.91771
31
-7.47719
12
-5.19043
22
1.89571
32
-7.46704
13
-5.17023
23
2.01075
33
-7.56075
0
3DFACE
8
C1
10
-5.33853
20
1.91771
30
-7.47719
11
-5.35838
21
1.79992
31
-7.38595
12
-5.20988
22
1.77474
32
-7.37866
13
-5.19043
23
1.89571
33
-7.46704
0
3DFACE
8
C1
10
-5.35838
20
1.79992
30
-7.38595
11
-5.37770
21
1.67785
31
-7.29855
12
-5.22895
22
1.65069
32
-7.29304
13
-5.20988
23
1.77474
33
-7.37866
0
3DFACE
8
C1
10
-5.37770
20
1.67785
30
-7.29855
11
-5.39648
21
1.55149
31
-7.21500
12
-5.24766
22
1.52379
32
-7.20998
13
-5.22895
23
1.65069
33
-7.29304
0
3DFACE
8
C1
10
-5.39648
20
1.55149
30
-7.21500
11
-5.41472
21
1.42085
31
-7.13529
12
-5.26597
22
1.39370
32
-7.12978
13
-5.24766
23
1.52379
33
-7.20998
0
3DFACE
8
C1
10
-5.41472
20
1.42085
30
-7.13529
11
-5.43243
21
1.28593
31
-7.05943
12
-5.28392
22
1.26075
32
-7.05215
13
-5.26597
23
1.39370
33
-7.12978
0
3DFACE
8
C1
10
-5.43243
20
1.28593
30
-7.05943
11
-5.44961
21
1.14683
31
-6.98732
12
-5.30151
22
1.12484
32
-6.97717
13
-5.28392
23
1.26075
33
-7.05215
0
3DFACE
8
C1
10
-5.44961
20
1.14683
30
-6.98732
11
-5.46831
21
1.01982
31
-6.90436
12
-5.32053
22
1.00046
32
-6.89185
13
-5.30151
23
1.12484
33
-6.97717
0
3DFACE
8
C1
10
-5.46831
20
1.01982
30
-6.90436
11
-5.48854
21
0.90511
31
-6.81036
12
-5.34102
22
0.88773
32
-6.79607
13
-5.32053
23
1.00046
33
-6.89185
0
3DFACE
8
C1
10
-5.48854
20
0.90511
30
-6.81036
11
-5.51029
21
0.80248
31
-6.70551
12
-5.36294
22
0.78653
32
-6.68994
13
-5.34102
23
0.88773
33
-6.79607
0
3DFACE
8
C1
10
-5.51029
20
0.80248
30
-6.70551
11
-5.53356
21
0.71205
31
-6.58971
12
-5.38634
22
0.69709
32
-6.57326
13
-5.36294
23
0.78653
33
-6.68994
0
3DFACE
8
C1
10
-5.53356
20
0.71205
30
-6.58971
11
-5.55836
21
0.63381
31
-6.46298
12
-5.41116
22
0.61907
32
-6.44632
13
-5.38634
23
0.69709
33
-6.57326
0
3DFACE
8
C1
10
-5.55836
20
0.63381
30
-6.46298
11
-5.58263
21
0.55140
31
-6.33998
12
-5.43546
22
0.53688
32
-6.32313
13
-5.41116
23
0.61907
33
-6.44632
0
3DFACE
8
C1
10
-5.58263
20
0.55140
30
-6.33998
11
-5.60637
21
0.46471
31
-6.22084
12
-5.45923
22
0.45040
32
-6.20379
13
-5.43546
23
0.53688
33
-6.32313
0
3DFACE
8
C1
10
-4.56805
20
4.38504
30
-10.55068
11
-4.59416
21
4.31724
31
-10.41457
12
-4.44740
22
4.30601
32
-10.39476
13
-4.42167
23
4.37678
33
-10.52820
0
3DFACE
8
C1
10
-4.59416
20
4.31724
30
-10.41457
11
-4.62159
21
4.26009
31
-10.26890
12
-4.47435
22
4.24502
32
-10.25254
13
-4.44740
23
4.30601
33
-10.39476
0
3DFACE
8
C1
10
-4.62159
20
4.26009
30
-10.26890
11
-4.65035
21
4.21349
31
-10.11377
12
-4.50250
22
4.19359
32
-10.10175
13
-4.47435
23
4.24502
33
-10.25254
0
3DFACE
8
C1
10
-4.65035
20
4.21349
30
-10.11377
11
-4.67785
21
4.15690
31
-9.96760
12
-4.52958
22
4.13359
32
-9.95864
13
-4.50250
23
4.19359
33
-10.10175
0
3DFACE
8
C1
10
-4.67785
20
4.15690
30
-9.96760
11
-4.70409
21
4.09020
31
-9.83051
12
-4.55556
22
4.06480
32
-9.82342
13
-4.52958
23
4.13359
33
-9.95864
0
3DFACE
8
C1
10
-4.70409
20
4.09020
30
-9.83051
11
-4.72904
21
4.01317
31
-9.70269
12
-4.58044
22
3.98722
32
-9.69609
13
-4.55556
23
4.06480
33
-9.82342
0
3DFACE
8
C1
10
-4.72904
20
4.01317
30
-9.70269
11
-4.75271
21
3.92592
31
-9.58404
12
-4.60422
22
3.90085
32
-9.57665
13
-4.58044
23
3.98722
33
-9.69609
0
3DFACE
8
C1
10
-4.75271
20
3.92592
30
-9.58404
11
-4.77513
21
3.82868
31
-9.47436
12
-4.62691
22
3.80581
32
-9.46500
13
-4.60422
23
3.90085
33
-9.57665
0
3DFACE
8
C1
10
-4.77513
20
3.82868
30
-9.47436
11
-4.79766
21
3.73232
31
-9.36389
12
-4.64973
22
3.71175
32
-9.35246
13
-4.62691
23
3.80581
33
-9.46500
0
3DFACE
8
C1
10
-4.79766
20
3.73232
30
-9.36389
11
-4.82031
21
3.63694
31
-9.25253
12
-4.67270
22
3.61890
32
-9.23884
13
-4.64973
23
3.71175
33
-9.35246
0
3DFACE
8
C1
10
-4.82031
20
3.63694
30
-9.25253
11
-4.84309
21
3.54256
31
-9.14029
12
-4.69581
22
3.52715
32
-9.12423
13
-4.67270
23
3.61890
33
-9.23884
0
3DFACE
8
C1
10
-4.84309
20
3.54256
30
-9.14029
11
-4.86599
21
3.44916
31
-9.02716
12
-4.71907
22
3.43661
32
-9.00853
13
-4.69581
23
3.52715
33
-9.12423
0
3DFACE
8
C1
10
-4.86599
20
3.44916
30
-9.02716
11
-4.88899
21
3.35653
31
-8.91333
12
-4.74247
22
3.34728
32
-8.89175
13
-4.71907
23
3.43661
33
-9.00853
0
3DFACE
8
C1
10
-4.88899
20
3.35653
30
-8.91333
11
-4.91139
21
3.25918
31
-8.80375
12
-4.76510
22
3.25169
32
-8.78059
13
-4.74247
23
3.34728
33
-8.89175
0
3DFACE
8
C1
10
-4.91139
20
3.25918
30
-8.80375
11
-4.93322
21
3.15721
31
-8.69831
12
-4.78697
22
3.15005
32
-8.67486
13
-4.76510
23
3.25169
33
-8.78059
0
3DFACE
8
C1
10
-4.93322
20
3.15721
30
-8.69831
11
-4.95447
21
3.05063
31
-8.59701
12
-4.80807
22
3.04226
32
-8.57464
13
-4.78697
23
3.15005
33
-8.67486
0
3DFACE
8
C1
10
-4.95447
20
3.05063
30
-8.59701
11
-4.97512
21
2.93922
31
-8.50005
12
-4.82843
22
2.92854
32
-8.47975
13
-4.80807
23
3.04226
33
-8.57464
0
3DFACE
8
C1
10
-4.97512
20
2.93922
30
-8.50005
11
-4.99520
21
2.82330
31
-8.40713
12
-4.84799
22
2.80845
32
-8.39058
13
-4.82843
23
2.92854
33
-8.47975
0
3DFACE
8
C1
10
-4.99520
20
2.82330
30
-8.40713
11
-5.01592
21
2.71243
31
-8.30968
12
-4.86835
22
2.69472
32
-8.29569
13
-4.84799
23
2.80845
33
-8.39058
0
3DFACE
8
C1
10
-5.01592
20
2.71243
30
-8.30968
11
-5.03725
21
2.60651
31
-8.20779
12
-4.88947
22
2.58705
32
-8.19538
13
-4.86835
23
2.69472
33
-8.29569
0
3DFACE
8
C1
10
-5.03725
20
2.60651
30
-8.20779
11
-5.05923
21
2.50575
31
-8.10126
12
-4.91135
22
2.48552
32
-8.08954
13
-4.88947
23
2.58705
33
-8.19538
0
3DFACE
8
C1
10
-5.05923
20
2.50575
30
-8.10126
11
-5.08185
21
2.41005
31
-7.99020
12
-4.93400
22
2.39014
32
-7.97818
13
-4.91135
23
2.48552
33
-8.08954
0
3DFACE
8
C1
10
-5.08185
20
2.41005
30
-7.99020
11
-5.10508
21
2.31929
31
-7.87470
12
-4.95743
22
2.30092
32
-7.86131
13
-4.93400
23
2.39014
33
-7.97818
0
3DFACE
8
C1
10
-5.10508
20
2.31929
30
-7.87470
11
-5.12755
21
2.22249
31
-7.76463
12
-4.97996
22
2.20456
32
-7.75084
13
-4.95743
23
2.30092
33
-7.86131
0
3DFACE
8
C1
10
-5.12755
20
2.22249
30
-7.76463
11
-5.14927
21
2.11964
31
-7.65998
12
-5.00161
22
2.10116
32
-7.64668
13
-4.97996
23
2.20456
33
-7.75084
0
3DFACE
8
C1
10
-5.14927
20
2.11964
30
-7.65998
11
-5.17023
21
2.01075
31
-7.56075
12
-5.02241
22
1.99096
32
-7.54863
13
-5.00161
23
2.10116
33
-7.64668
0
3DFACE
8
C1
10
-5.17023
20
2.01075
30
-7.56075
11
-5.19043
21
1.89571
31
-7.46704
12
-5.04231
22
1.87361
32
-7.45700
13
-5.02241
23
1.99096
33
-7.54863
0
3DFACE
8
C1
10
-5.19043
20
1.89571
30
-7.46704
11
-5.20988
21
1.77474
31
-7.37866
12
-5.06135
22
1.74934
32
-7.37157
13
-5.04231
23
1.87361
33
-7.45700
0
3DFACE
8
C1
10
-5.20988
20
1.77474
30
-7.37866
11
-5.22895
21
1.65069
31
-7.29304
12
-5.08016
22
1.62321
32
-7.28782
13
-5.06135
23
1.74934
33
-7.37157
0
3DFACE
8
C1
10
-5.22895
20
1.65069
30
-7.29304
11
-5.24766
21
1.52379
31
-7.20998
12
-5.09872
22
1.49509
32
-7.20585
13
-5.08016
23
1.62321
33
-7.28782
0
3DFACE
8
C1
10
-5.24766
20
1.52379
30
-7.20998
11
-5.26597
21
1.39370
31
-7.12978
12
-5.11701
22
1.36489
32
-7.12575
13
-5.09872
23
1.49509
33
-7.20585
0
3DFACE
8
C1
10
-5.26597
20
1.39370
30
-7.12978
11
-5.28392
21
1.26075
31
-7.05215
12
-5.13508
22
1.23283
32
-7.04732
13
-5.11701
23
1.36489
33
-7.12575
0
3DFACE
8
C1
10
-5.28392
20
1.26075
30
-7.05215
11
-5.30151
21
1.12484
31
-6.97717
12
-5.15289
22
1.09878
32
-6.97068
13
-5.13508
23
1.23283
33
-7.04732
0
3DFACE
8
C1
10
-5.30151
20
1.12484
30
-6.97717
11
-5.32053
21
1.00046
31
-6.89185
12
-5.17213
22
0.97605
32
-6.88387
13
-5.15289
23
1.09878
33
-6.97068
0
3DFACE
8
C1
10
-5.32053
20
1.00046
30
-6.89185
11
-5.34102
21
0.88773
31
-6.79607
12
-5.19277
22
0.86464
32
-6.78691
13
-5.17213
23
0.97605
33
-6.88387
0
3DFACE
8
C1
10
-5.34102
20
0.88773
30
-6.79607
11
-5.36294
21
0.78653
31
-6.68994
12
-5.21482
22
0.76443
32
-6.67989
13
-5.19277
23
0.86464
33
-6.78691
0
3DFACE
8
C1
10
-5.36294
20
0.78653
30
-6.68994
11
-5.38634
21
0.69709
31
-6.57326
12
-5.23829
22
0.67553
32
-6.56272
13
-5.21482
23
0.76443
33
-6.67989
0
3DFACE
8
C1
10
-5.38634
20
0.69709
30
-6.57326
11
-5.41116
21
0.61907
31
-6.44632
12
-5.26317
22
0.59796
32
-6.43539
13
-5.23829
23
0.67553
33
-6.56272
0
3DFACE
8
C1
10
-5.41116
20
0.61907
30
-6.44632
11
-5.43546
21
0.53688
31
-6.32313
12
-5.28750
22
0.51598
32
-6.31200
13
-5.26317
23
0.59796
33
-6.43539
0
3DFACE
8
C1
10
-5.43546
20
0.53688
30
-6.32313
11
-5.45923
21
0.45040
31
-6.20379
12
-5.31129
22
0.42973
32
-6.19246
13
-5.28750
23
0.51598
33
-6.31200
0
3DFACE
8
C1
10
-4.42167
20
4.37678
30
-10.52820
11
-4.44740
21
4.30601
31
-10.39476
12
-4.30060
22
4.29445
32
-10.37525
13
-4.27523
23
4.36807
33
-10.50613
0
3DFACE
8
C1
10
-4.44740
20
4.30601
30
-10.39476
11
-4.47435
21
4.24502
31
-10.25254
12
-4.32706
22
4.22951
32
-10.23658
13
-4.30060
23
4.29445
33
-10.37525
0
3DFACE
8
C1
10
-4.47435
20
4.24502
30
-10.25254
11
-4.50250
21
4.19359
31
-10.10175
12
-4.35462
22
4.17335
32
-10.09002
13
-4.32706
23
4.22951
33
-10.23658
0
3DFACE
8
C1
10
-4.50250
20
4.19359
30
-10.10175
11
-4.52958
21
4.13359
31
-9.95864
12
-4.38124
22
4.10973
32
-9.95017
13
-4.35462
23
4.17335
33
-10.09002
0
3DFACE
8
C1
10
-4.52958
20
4.13359
30
-9.95864
11
-4.55556
21
4.06480
31
-9.82342
12
-4.40692
22
4.03852
32
-9.81712
13
-4.38124
23
4.10973
33
-9.95017
0
3DFACE
8
C1
10
-4.55556
20
4.06480
30
-9.82342
11
-4.58044
21
3.98722
31
-9.69609
12
-4.43163
22
3.95962
32
-9.69098
13
-4.40692
23
4.03852
33
-9.81712
0
3DFACE
8
C1
10
-4.58044
20
3.98722
30
-9.69609
11
-4.60422
21
3.90085
31
-9.57665
12
-4.45540
22
3.87315
32
-9.57163
13
-4.43163
23
3.95962
33
-9.69098
0
3DFACE
8
C1
10
-4.60422
20
3.90085
30
-9.57665
11
-4.62691
21
3.80581
31
-9.46500
12
-4.47822
22
3.77909
32
-9.45909
13
-4.45540
23
3.87315
33
-9.57163
0
3DFACE
8
C1
10
-4.62691
20
3.80581
30
-9.46500
11
-4.64973
21
3.71175
31
-9.35246
12
-4.50130
22
3.68712
32
-9.34468
13
-4.47822
23
3.77909
33
-9.45909
0
3DFACE
8
C1
10
-4.64973
20
3.71175
30
-9.35246
11
-4.67270
21
3.61890
31
-9.23884
12
-4.52464
22
3.59724
32
-9.22839
13
-4.50130
23
3.68712
33
-9.34468
0
3DFACE
8
C1
10
-4.67270
20
3.61890
30
-9.23884
11
-4.69581
21
3.52715
31
-9.12423
12
-4.54823
22
3.50934
32
-9.11033
13
-4.52464
23
3.59724
33
-9.22839
0
3DFACE
8
C1
10
-4.69581
20
3.52715
30
-9.12423
11
-4.71907
21
3.43661
31
-9.00853
12
-4.57207
22
3.42352
32
-8.99040
13
-4.54823
23
3.50934
33
-9.11033
0
3DFACE
8
C1
10
-4.71907
20
3.43661
30
-9.00853
11
-4.74247
21
3.34728
31
-8.89175
12
-4.59618
22
3.33979
32
-8.86859
13
-4.57207
23
3.42352
33
-8.99040
0
3DFACE
8
C1
10
-4.74247
20
3.34728
30
-8.89175
11
-4.76510
21
3.25169
31
-8.78059
12
-4.61922
22
3.24749
32
-8.75447
13
-4.59618
23
3.33979
33
-8.86859
0
3DFACE
8
C1
10
-4.76510
20
3.25169
30
-8.78059
11
-4.78697
21
3.15005
31
-8.67486
12
-4.64120
22
3.14673
32
-8.64795
13
-4.61922
23
3.24749
33
-8.75447
0
3DFACE
8
C1
10
-4.78697
20
3.15005
30
-8.67486
11
-4.80807
21
3.04226
31
-8.57464
12
-4.66215
22
3.03773
32
-8.54882
13
-4.64120
23
3.14673
33
-8.64795
0
3DFACE
8
C1
10
-4.80807
20
3.04226
30
-8.57464
11
-4.82843
21
2.92854
31
-8.47975
12
-4.68204
22
2.92028
32
-8.45728
13
-4.66215
23
3.03773
33
-8.54882
0
3DFACE
8
C1
10
-4.82843
20
2.92854
30
-8.47975
11
-4.84799
21
2.80845
31
-8.39058
12
-4.70088
22
2.79436
32
-8.37333
13
-4.68204
23
2.92028
33
-8.45728
0
3DFACE
8
C1
10
-4.84799
20
2.80845
30
-8.39058
11
-4.86835
21
2.69472
31
-8.29569
12
-4.72069
22
2.67625
32
-8.28239
13
-4.70088
23
2.79436
33
-8.37333
0
3DFACE
8
C1
10
-4.86835
20
2.69472
30
-8.29569
11
-4.88947
21
2.58705
31
-8.19538
12
-4.74146
22
2.56582
32
-8.18454
13
-4.72069
23
2.67625
33
-8.28239
0
3DFACE
8
C1
10
-4.88947
20
2.58705
30
-8.19538
11
-4.91135
21
2.48552
31
-8.08954
12
-4.76319
22
2.46309
32
-8.07979
13
-4.74146
23
2.56582
33
-8.18454
0
3DFACE
8
C1
10
-4.91135
20
2.48552
30
-8.08954
11
-4.93400
21
2.39014
31
-7.97818
12
-4.78587
22
2.36793
32
-7.96824
13
-4.76319
23
2.46309
33
-8.07979
0
3DFACE
8
C1
10
-4.93400
20
2.39014
30
-7.97818
11
-4.95743
21
2.30092
31
-7.86131
12
-4.80950
22
2.28035
32
-7.84988
13
-4.78587
23
2.36793
33
-7.96824
0
3DFACE
8
C1
10
-4.95743
20
2.30092
30
-7.86131
11
-4.97996
21
2.20456
31
-7.75084
12
-4.83213
22
2.18476
32
-7.73872
13
-4.80950
23
2.28035
33
-7.84988
0
3DFACE
8
C1
10
-4.97996
20
2.20456
30
-7.75084
11
-5.00161
21
2.10116
31
-7.64668
12
-4.85375
22
2.08115
32
-7.63476
13
-4.83213
23
2.18476
33
-7.73872
0
3DFACE
8
C1
10
-5.00161
20
2.10116
30
-7.64668
11
-5.02241
21
1.99096
31
-7.54863
12
-4.87438
22
1.96962
32
-7.53790
13
-4.85375
23
2.08115
33
-7.63476
0
3DFACE
8
C1
10
-5.02241
20
1.99096
30
-7.54863
11
-5.04231
21
1.87361
31
-7.45700
12
-4.89401
22
1.85008
32
-7.44823
13
-4.87438
23
1.96962
33
-7.53790
0
3DFACE
8
C1
10
-5.04231
20
1.87361
30
-7.45700
11
-5.06135
21
1.74934
31
-7.37157
12
-4.91264
22
1.72251
32
-7.36576
13
-4.89401
23
1.85008
33
-7.44823
0
3DFACE
8
C1
10
-5.06135
20
1.74934
30
-7.37157
11
-5.08016
21
1.62321
31
-7.28782
12
-4.93115
22
1.59396
32
-7.28418
13
-4.91264
23
1.72251
33
-7.36576
0
3DFACE
8
C1
10
-5.08016
20
1.62321
30
-7.28782
11
-5.09872
21
1.49509
31
-7.20585
12
-4.94953
22
1.46442
32
-7.20349
13
-4.93115
23
1.59396
33
-7.28418
0
3DFACE
8
C1
10
-5.09872
20
1.49509
30
-7.20585
11
-5.11701
21
1.36489
31
-7.12575
12
-4.96778
22
1.33389
32
-7.12369
13
-4.94953
23
1.46442
33
-7.20349
0
3DFACE
8
C1
10
-5.11701
20
1.36489
30
-7.12575
11
-5.13508
21
1.23283
31
-7.04732
12
-4.98592
22
1.20237
32
-7.04477
13
-4.96778
23
1.33389
33
-7.12369
0
3DFACE
8
C1
10
-5.13508
20
1.23283
30
-7.04732
11
-5.15289
21
1.09878
31
-6.97068
12
-5.00394
22
1.06998
32
-6.96664
13
-4.98592
23
1.20237
33
-7.04477
0
3DFACE
8
C1
10
-5.15289
20
1.09878
30
-6.97068
11
-5.17213
21
0.97605
31
-6.88387
12
-5.02332
22
0.94845
32
-6.87875
13
-5.00394
23
1.06998
33
-6.96664
0
3DFACE
8
C1
10
-5.17213
20
0.97605
30
-6.88387
11
-5.19277
21
0.86464
31
-6.78691
12
-5.04408
22
0.83792
32
-6.78100
13
-5.02332
23
0.94845
33
-6.87875
0
3DFACE
8
C1
10
-5.19277
20
0.86464
30
-6.78691
11
-5.21482
21
0.76443
31
-6.67989
12
-5.06620
22
0.73826
32
-6.67349
13
-5.04408
23
0.83792
33
-6.78100
0
3DFACE
8
C1
10
-5.21482
20
0.76443
30
-6.67989
11
-5.23829
21
0.67553
31
-6.56272
12
-5.08969
22
0.64959
32
-6.55612
13
-5.06620
23
0.73826
33
-6.67349
0
3DFACE
8
C1
10
-5.23829
20
0.67553
30
-6.56272
11
-5.26317
21
0.59796
31
-6.43539
12
-5.11455
22
0.57190
32
-6.42889
13
-5.08969
23
0.64959
33
-6.55612
0
3DFACE
8
C1
10
-5.26317
20
0.59796
30
-6.43539
11
-5.28750
21
0.51598
31
-6.31200
12
-5.13888
22
0.48993
32
-6.30550
13
-5.11455
23
0.57190
33
-6.42889
0
3DFACE
8
C1
10
-5.28750
20
0.51598
30
-6.31200
11
-5.31129
21
0.42973
31
-6.19246
12
-5.16266
22
0.40356
32
-6.18606
13
-5.13888
23
0.48993
33
-6.30550
0
3DFACE
8
C1
10
-4.27523
20
4.36807
30
-10.50613
11
-4.30060
21
4.29445
31
-10.37525
12
-4.15351
22
4.28059
32
-10.35781
13
-4.12844
23
4.35663
33
-10.48652
0
3DFACE
8
C1
10
-4.30060
20
4.29445
30
-10.37525
11
-4.32706
21
4.22951
31
-10.23658
12
-4.17957
22
4.21246
32
-10.22200
13
-4.15351
23
4.28059
33
-10.35781
0
3DFACE
8
C1
10
-4.32706
20
4.22951
30
-10.23658
11
-4.35462
21
4.17335
31
-10.09002
12
-4.20661
22
4.15213
32
-10.07919
13
-4.17957
23
4.21246
33
-10.22200
0
3DFACE
8
C1
10
-4.35462
20
4.17335
30
-10.09002
11
-4.38124
21
4.10973
31
-9.95017
12
-4.23282
22
4.08521
32
-9.94229
13
-4.20661
23
4.15213
33
-10.07919
0
3DFACE
8
C1
10
-4.38124
20
4.10973
30
-9.95017
11
-4.40692
21
4.03852
31
-9.81712
12
-4.25820
22
4.01158
32
-9.81141
13
-4.23282
23
4.08521
33
-9.94229
0
3DFACE
8
C1
10
-4.40692
20
4.03852
30
-9.81712
11
-4.43163
21
3.95962
31
-9.69098
12
-4.28273
22
3.93126
32
-9.68655
13
-4.25820
23
4.01158
33
-9.81141
0
3DFACE
8
C1
10
-4.43163
20
3.95962
30
-9.69098
11
-4.45540
21
3.87315
31
-9.57163
12
-4.30643
22
3.84423
32
-9.56770
13
-4.28273
23
3.93126
33
-9.68655
0
3DFACE
8
C1
10
-4.45540
20
3.87315
30
-9.57163
11
-4.47822
21
3.77909
31
-9.45909
12
-4.32928
22
3.75040
32
-9.45496
13
-4.30643
23
3.84423
33
-9.56770
0
3DFACE
8
C1
10
-4.47822
20
3.77909
30
-9.45909
11
-4.50130
21
3.68712
31
-9.34468
12
-4.35256
22
3.66008
32
-9.33907
13
-4.32928
23
3.75040
33
-9.45496
0
3DFACE
8
C1
10
-4.50130
20
3.68712
30
-9.34468
11
-4.52464
21
3.59724
31
-9.22839
12
-4.37627
22
3.57316
32
-9.22012
13
-4.35256
23
3.66008
33
-9.33907
0
3DFACE
8
C1
10
-4.52464
20
3.59724
30
-9.22839
11
-4.54823
21
3.50934
31
-9.11033
12
-4.40038
22
3.48943
32
-9.09831
13
-4.37627
23
3.57316
33
-9.22012
0
3DFACE
8
C1
10
-4.54823
20
3.50934
30
-9.11033
11
-4.57207
21
3.42352
31
-8.99040
12
-4.42493
22
3.40921
32
-8.97335
13
-4.40038
23
3.48943
33
-9.09831
0
3DFACE
8
C1
10
-4.57207
20
3.42352
30
-8.99040
11
-4.59618
21
3.33979
31
-8.86859
12
-4.44989
22
3.33230
32
-8.84543
13
-4.42493
23
3.40921
33
-8.97335
0
3DFACE
8
C1
10
-4.59618
20
3.33979
30
-8.86859
11
-4.61922
21
3.24749
31
-8.75447
12
-4.47347
22
3.24428
32
-8.72747
13
-4.44989
23
3.33230
33
-8.84543
0
3DFACE
8
C1
10
-4.61922
20
3.24749
30
-8.75447
11
-4.64120
21
3.14673
31
-8.64795
12
-4.49567
22
3.14528
32
-8.61936
13
-4.47347
23
3.24428
33
-8.72747
0
3DFACE
8
C1
10
-4.64120
20
3.14673
30
-8.64795
11
-4.66215
21
3.03773
31
-8.54882
12
-4.51652
22
3.03552
32
-8.52092
13
-4.49567
23
3.14528
33
-8.61936
0
3DFACE
8
C1
10
-4.66215
20
3.03773
30
-8.54882
11
-4.68204
21
2.92028
31
-8.45728
12
-4.53601
22
2.91487
32
-8.43225
13
-4.51652
23
3.03552
33
-8.52092
0
3DFACE
8
C1
10
-4.68204
20
2.92028
30
-8.45728
11
-4.70088
21
2.79436
31
-8.37333
12
-4.55415
22
2.78335
32
-8.35333
13
-4.53601
23
2.91487
33
-8.43225
0
3DFACE
8
C1
10
-4.70088
20
2.79436
30
-8.37333
11
-4.72069
21
2.67625
31
-8.28239
12
-4.57339
22
2.66073
32
-8.26643
13
-4.55415
23
2.78335
33
-8.35333
0
3DFACE
8
C1
10
-4.72069
20
2.67625
30
-8.28239
11
-4.74146
21
2.56582
31
-8.18454
12
-4.59375
22
2.54701
32
-8.17153
13
-4.57339
23
2.66073
33
-8.26643
0
3DFACE
8
C1
10
-4.74146
20
2.56582
30
-8.18454
11
-4.76319
21
2.46309
31
-8.07979
12
-4.61522
22
2.44219
32
-8.06866
13
-4.59375
23
2.54701
33
-8.17153
0
3DFACE
8
C1
10
-4.76319
20
2.46309
30
-8.07979
11
-4.78587
21
2.36793
31
-7.96824
12
-4.63778
22
2.34605
32
-7.95799
13
-4.61522
23
2.44219
33
-8.06866
0
3DFACE
8
C1
10
-4.78587
20
2.36793
30
-7.96824
11
-4.80950
21
2.28035
31
-7.84988
12
-4.66144
22
2.25869
32
-7.83944
13
-4.63778
23
2.34605
33
-7.95799
0
3DFACE
8
C1
10
-4.80950
20
2.28035
30
-7.84988
11
-4.83213
21
2.18476
31
-7.73872
12
-4.68402
22
2.16277
32
-7.72857
13
-4.66144
23
2.25869
33
-7.83944
0
3DFACE
8
C1
10
-4.83213
20
2.18476
30
-7.73872
11
-4.85375
21
2.08115
31
-7.63476
12
-4.70554
22
2.05827
32
-7.62540
13
-4.68402
23
2.16277
33
-7.72857
0
3DFACE
8
C1
10
-4.85375
20
2.08115
30
-7.63476
11
-4.87438
21
1.96962
31
-7.53790
12
-4.72599
22
1.94532
32
-7.52982
13
-4.70554
23
2.05827
33
-7.62540
0
3DFACE
8
C1
10
-4.87438
20
1.96962
30
-7.53790
11
-4.89401
21
1.85008
31
-7.44823
12
-4.74536
22
1.82369
32
-7.44203
13
-4.72599
23
1.94532
33
-7.52982
0
3DFACE
8
C1
10
-4.89401
20
1.85008
30
-7.44823
11
-4.91264
21
1.72251
31
-7.36576
12
-4.76369
22
1.69371
32
-7.36173
13
-4.74536
23
1.82369
33
-7.44203
0
3DFACE
8
C1
10
-4.91264
20
1.72251
30
-7.36576
11
-4.93115
21
1.59396
31
-7.28418
12
-4.78197
22
1.56340
32
-7.28173
13
-4.76369
23
1.69371
33
-7.36173
0
3DFACE
8
C1
10
-4.93115
20
1.59396
30
-7.28418
11
-4.94953
21
1.46442
31
-7.20349
12
-4.80024
22
1.43298
32
-7.20183
13
-4.78197
23
1.56340
33
-7.28173
0
3DFACE
8
C1
10
-4.94953
20
1.46442
30
-7.20349
11
-4.96778
21
1.33389
31
-7.12369
12
-4.81848
22
1.30234
32
-7.12212
13
-4.80024
23
1.43298
33
-7.20183
0
3DFACE
8
C1
10
-4.96778
20
1.33389
30
-7.12369
11
-4.98592
21
1.20237
31
-7.04477
12
-4.83670
22
1.17148
32
-7.04261
13
-4.81848
23
1.30234
33
-7.12212
0
3DFACE
8
C1
10
-4.98592
20
1.20237
30
-7.04477
11
-5.00394
21
1.06998
31
-6.96664
12
-4.85490
22
1.04051
32
-6.96320
13
-4.83670
23
1.17148
33
-7.04261
0
3DFACE
8
C1
10
-5.00394
20
1.06998
30
-6.96664
11
-5.02332
21
0.94845
31
-6.87875
12
-4.87442
22
0.92009
32
-6.87433
13
-4.85490
23
1.04051
33
-6.96320
0
3DFACE
8
C1
10
-5.02332
20
0.94845
30
-6.87875
11
-5.04408
21
0.83792
31
-6.78100
12
-4.89525
22
0.81010
32
-6.77608
13
-4.87442
23
0.92009
33
-6.87433
0
3DFACE
8
C1
10
-5.04408
20
0.83792
30
-6.78100
11
-5.06620
21
0.73826
31
-6.67349
12
-4.91742
22
0.71088
32
-6.66818
13
-4.89525
23
0.81010
33
-6.77608
0
3DFACE
8
C1
10
-5.06620
20
0.73826
30
-6.67349
11
-5.08969
21
0.64959
31
-6.55612
12
-4.94090
22
0.62210
32
-6.55091
13
-4.91742
23
0.71088
33
-6.66818
0
3DFACE
8
C1
10
-5.08969
20
0.64959
30
-6.55612
11
-5.11455
21
0.57190
31
-6.42889
12
-4.96569
22
0.54386
32
-6.42417
13
-4.94090
23
0.62210
33
-6.55091
0
3DFACE
8
C1
10
-5.11455
20
0.57190
30
-6.42889
11
-5.13888
21
0.48993
31
-6.30550
12
-4.98997
22
0.46145
32
-6.30118
13
-4.96569
23
0.54386
33
-6.42417
0
3DFACE
8
C1
10
-5.13888
20
0.48993
30
-6.30550
11
-5.16266
21
0.40356
31
-6.18606
12
-5.01371
22
0.37475
32
-6.18203
13
-4.98997
23
0.46145
33
-6.30118
0
3DFACE
8
C1
10
-4.12844
20
4.35663
30
-10.48652
11
-4.15351
21
4.28059
31
-10.35781
12
-4.00597
22
4.26310
32
-10.34362
13
-3.98113
23
4.34101
33
-10.47065
0
3DFACE
8
C1
10
-4.15351
20
4.28059
30
-10.35781
11
-4.17957
21
4.21246
31
-10.22200
12
-4.03170
22
4.19233
32
-10.21018
13
-4.00597
23
4.26310
33
-10.34362
0
3DFACE
8
C1
10
-4.17957
20
4.21246
30
-10.22200
11
-4.20661
21
4.15213
31
-10.07919
12
-4.05835
22
4.12893
32
-10.07013
13
-4.03170
23
4.19233
33
-10.21018
0
3DFACE
8
C1
10
-4.20661
20
4.15213
30
-10.07919
11
-4.23282
21
4.08521
31
-9.94229
12
-4.08425
22
4.05948
32
-9.93550
13
-4.05835
23
4.12893
33
-10.07013
0
3DFACE
8
C1
10
-4.23282
20
4.08521
30
-9.94229
11
-4.25820
21
4.01158
31
-9.81141
12
-4.10940
22
3.98410
32
-9.80620
13
-4.08425
23
4.05948
33
-9.93550
0
3DFACE
8
C1
10
-4.25820
20
4.01158
30
-9.81141
11
-4.28273
21
3.93126
31
-9.68655
12
-4.13379
22
3.90256
32
-9.68242
13
-4.10940
23
3.98410
33
-9.80620
0
3DFACE
8
C1
10
-4.28273
20
3.93126
30
-9.68655
11
-4.30643
21
3.84423
31
-9.56770
12
-4.15743
22
3.81510
32
-9.56396
13
-4.13379
23
3.90256
33
-9.68242
0
3DFACE
8
C1
10
-4.30643
20
3.84423
30
-9.56770
11
-4.32928
21
3.75040
31
-9.45496
12
-4.18031
22
3.72148
32
-9.45103
13
-4.15743
23
3.81510
33
-9.56396
0
3DFACE
8
C1
10
-4.32928
20
3.75040
30
-9.45496
11
-4.35256
21
3.66008
31
-9.33907
12
-4.20377
22
3.63259
32
-9.33386
13
-4.18031
23
3.72148
33
-9.45103
0
3DFACE
8
C1
10
-4.35256
20
3.66008
30
-9.33907
11
-4.37627
21
3.57316
31
-9.22012
12
-4.22780
22
3.54820
32
-9.21264
13
-4.20377
23
3.63259
33
-9.33386
0
3DFACE
8
C1
10
-4.37627
20
3.57316
30
-9.22012
11
-4.40038
21
3.48943
31
-9.09831
12
-4.25239
22
3.46831
32
-9.08738
13
-4.22780
23
3.54820
33
-9.21264
0
3DFACE
8
C1
10
-4.40038
20
3.48943
30
-9.09831
11
-4.42493
21
3.40921
31
-8.97335
12
-4.27754
22
3.39293
32
-8.95808
13
-4.25239
23
3.46831
33
-9.08738
0
3DFACE
8
C1
10
-4.42493
20
3.40921
30
-8.97335
11
-4.44989
21
3.33230
31
-8.84543
12
-4.30329
22
3.32228
32
-8.82454
13
-4.27754
23
3.39293
33
-8.95808
0
3DFACE
8
C1
10
-4.44989
20
3.33230
30
-8.84543
11
-4.47347
21
3.24428
31
-8.72747
12
-4.32737
22
3.23833
32
-8.70293
13
-4.30329
23
3.32228
33
-8.82454
0
3DFACE
8
C1
10
-4.47347
20
3.24428
30
-8.72747
11
-4.49567
21
3.14528
31
-8.61936
12
-4.34982
22
3.14130
32
-8.59305
13
-4.32737
23
3.23833
33
-8.70293
0
3DFACE
8
C1
10
-4.49567
20
3.14528
30
-8.61936
11
-4.51652
21
3.03552
31
-8.52092
12
-4.37067
22
3.03154
32
-8.49461
13
-4.34982
23
3.14130
33
-8.59305
0
3DFACE
8
C1
10
-4.51652
20
3.03552
30
-8.52092
11
-4.53601
21
2.91487
31
-8.43225
12
-4.38992
22
2.90892
32
-8.40770
13
-4.37067
23
3.03154
33
-8.49461
0
3DFACE
8
C1
10
-4.53601
20
2.91487
30
-8.43225
11
-4.55415
21
2.78335
31
-8.35333
12
-4.40751
22
2.77312
32
-8.33263
13
-4.38992
23
2.90892
33
-8.40770
0
3DFACE
8
C1
10
-4.55415
20
2.78335
30
-8.35333
11
-4.57339
21
2.66073
31
-8.26643
12
-4.42631
22
2.64687
32
-8.24898
13
-4.40751
23
2.77312
33
-8.33263
0
3DFACE
8
C1
10
-4.57339
20
2.66073
30
-8.26643
11
-4.59375
21
2.54701
31
-8.17153
12
-4.44627
22
2.52996
32
-8.15695
13
-4.42631
23
2.64687
33
-8.24898
0
3DFACE
8
C1
10
-4.59375
20
2.54701
30
-8.17153
11
-4.61522
21
2.44219
31
-8.06866
12
-4.46738
22
2.42228
32
-8.05664
13
-4.44627
23
2.52996
33
-8.15695
0
3DFACE
8
C1
10
-4.61522
20
2.44219
30
-8.06866
11
-4.63778
21
2.34605
31
-7.95799
12
-4.48966
22
2.32394
32
-7.94794
13
-4.46738
23
2.42228
33
-8.05664
0
3DFACE
8
C1
10
-4.63778
20
2.34605
30
-7.95799
11
-4.66144
21
2.25869
31
-7.83944
12
-4.51311
22
2.23494
32
-7.83087
13
-4.48966
23
2.32394
33
-7.94794
0
3DFACE
8
C1
10
-4.66144
20
2.25869
30
-7.83944
11
-4.68402
21
2.16277
31
-7.72857
12
-4.53551
22
2.13748
32
-7.72139
13
-4.51311
23
2.23494
33
-7.83087
0
3DFACE
8
C1
10
-4.68402
20
2.16277
30
-7.72857
11
-4.70554
21
2.05827
31
-7.62540
12
-4.55684
22
2.03156
32
-7.61950
13
-4.53551
23
2.13748
33
-7.72139
0
3DFACE
8
C1
10
-4.70554
20
2.05827
30
-7.62540
11
-4.72599
21
1.94532
31
-7.52982
12
-4.57710
22
1.91707
32
-7.52530
13
-4.55684
23
2.03156
33
-7.61950
0
3DFACE
8
C1
10
-4.72599
20
1.94532
30
-7.52982
11
-4.74536
21
1.82369
31
-7.44203
12
-4.59629
22
1.79401
32
-7.43879
13
-4.57710
23
1.91707
33
-7.52530
0
3DFACE
8
C1
10
-4.74536
20
1.82369
30
-7.44203
11
-4.76369
21
1.69371
31
-7.36173
12
-4.61444
22
1.66260
32
-7.35977
13
-4.59629
23
1.79401
33
-7.43879
0
3DFACE
8
C1
10
-4.76369
20
1.69371
30
-7.36173
11
-4.78197
21
1.56340
31
-7.28173
12
-4.63264
22
1.53163
32
-7.28036
13
-4.61444
23
1.66260
33
-7.35977
0
3DFACE
8
C1
10
-4.78197
20
1.56340
30
-7.28173
11
-4.80024
21
1.43298
31
-7.20183
12
-4.65087
22
1.40088
32
-7.20075
13
-4.63264
23
1.53163
33
-7.28036
0
3DFACE
8
C1
10
-4.80024
20
1.43298
30
-7.20183
11
-4.81848
21
1.30234
31
-7.12212
12
-4.66916
22
1.27057
32
-7.12075
13
-4.65087
23
1.40088
33
-7.20075
0
3DFACE
8
C1
10
-4.81848
20
1.30234
30
-7.12212
11
-4.83670
21
1.17148
31
-7.04261
12
-4.68749
22
1.14070
32
-7.04036
13
-4.66916
23
1.27057
33
-7.12075
0
3DFACE
8
C1
10
-4.83670
20
1.17148
30
-7.04261
11
-4.85490
21
1.04051
31
-6.96320
12
-4.70588
22
1.01116
32
-6.95966
13
-4.68749
23
1.14070
33
-7.04036
0
3DFACE
8
C1
10
-4.85490
20
1.04051
30
-6.96320
11
-4.87442
21
0.92009
31
-6.87433
12
-4.72552
22
0.89172
32
-6.86990
13
-4.70588
23
1.01116
33
-6.95966
0
3DFACE
8
C1
10
-4.87442
20
0.92009
30
-6.87433
11
-4.89525
21
0.81010
31
-6.77608
12
-4.74643
22
0.78240
32
-6.77107
13
-4.72552
23
0.89172
33
-6.86990
0
3DFACE
8
C1
10
-4.89525
20
0.81010
30
-6.77608
11
-4.91742
21
0.71088
31
-6.66818
12
-4.76860
22
0.68318
32
-6.66316
13
-4.74643
23
0.78240
33
-6.77107
0
3DFACE
8
C1
10
-4.91742
20
0.71088
30
-6.66818
11
-4.94090
21
0.62210
31
-6.55091
12
-4.79205
22
0.59417
32
-6.54609
13
-4.76860
23
0.68318
33
-6.66316
0
3DFACE
8
C1
10
-4.94090
20
0.62210
30
-6.55091
11
-4.96569
21
0.54386
31
-6.42417
12
-4.81678
22
0.51539
32
-6.41984
13
-4.79205
23
0.59417
33
-6.54609
0
3DFACE
8
C1
10
-4.96569
20
0.54386
30
-6.42417
11
-4.98997
21
0.46145
31
-6.30118
12
-4.84099
22
0.43243
32
-6.29734
13
-4.81678
23
0.51539
33
-6.41984
0
3DFACE
8
C1
10
-4.98997
20
0.46145
30
-6.30118
11
-5.01371
21
0.37475
31
-6.18203
12
-4.86467
22
0.34529
32
-6.17859
13
-4.84099
23
0.43243
33
-6.29734
0
3DFACE
8
C1
10
-3.98113
20
4.34101
30
-10.47065
11
-4.00597
21
4.26310
31
-10.34362
12
-3.85824
22
4.24407
32
-10.33081
13
-3.83356
23
4.32330
33
-10.45666
0
3DFACE
8
C1
10
-4.00597
20
4.26310
30
-10.34362
11
-4.03170
21
4.19233
31
-10.21018
12
-3.88374
22
4.17144
32
-10.19905
13
-3.85824
23
4.24407
33
-10.33081
0
3DFACE
8
C1
10
-4.03170
20
4.19233
30
-10.21018
11
-4.05835
21
4.12893
31
-10.07013
12
-3.91007
22
4.10550
32
-10.06126
13
-3.88374
23
4.17144
33
-10.19905
0
3DFACE
8
C1
10
-4.05835
20
4.12893
30
-10.07013
11
-4.08425
21
4.05948
31
-9.93550
12
-3.93572
22
4.03408
32
-9.92841
13
-3.91007
23
4.10550
33
-10.06126
0
3DFACE
8
C1
10
-4.08425
20
4.05948
30
-9.93550
11
-4.10940
21
3.98410
31
-9.80620
12
-3.96068
22
3.95716
32
-9.80049
13
-3.93572
23
4.03408
33
-9.92841
0
3DFACE
8
C1
10
-4.10940
20
3.98410
30
-9.80620
11
-4.13379
21
3.90256
31
-9.68242
12
-3.98494
22
3.87464
32
-9.67760
13
-3.96068
23
3.95716
33
-9.80049
0
3DFACE
8
C1
10
-4.13379
20
3.90256
30
-9.68242
11
-4.15743
21
3.81510
31
-9.56396
12
-4.00852
22
3.78662
32
-9.55964
13
-3.98494
23
3.87464
33
-9.67760
0
3DFACE
8
C1
10
-4.15743
20
3.81510
30
-9.56396
11
-4.18031
21
3.72148
31
-9.45103
12
-4.03140
22
3.69312
32
-9.44660
13
-4.00852
23
3.78662
33
-9.55964
0
3DFACE
8
C1
10
-4.18031
20
3.72148
30
-9.45103
11
-4.20377
21
3.63259
31
-9.33386
12
-4.05499
22
3.60521
32
-9.32854
13
-4.03140
23
3.69312
33
-9.44660
0
3DFACE
8
C1
10
-4.20377
20
3.63259
30
-9.33386
11
-4.22780
21
3.54820
31
-9.21264
12
-4.07928
22
3.52291
32
-9.20545
13
-4.05499
23
3.60521
33
-9.32854
0
3DFACE
8
C1
10
-4.22780
20
3.54820
30
-9.21264
11
-4.25239
21
3.46831
31
-9.08738
12
-4.10424
22
3.44599
32
-9.07753
13
-4.07928
23
3.52291
33
-9.20545
0
3DFACE
8
C1
10
-4.25239
20
3.46831
30
-9.08738
11
-4.27754
21
3.39293
31
-8.95808
12
-4.12989
22
3.37457
32
-8.94468
13
-4.10424
23
3.44599
33
-9.07753
0
3DFACE
8
C1
10
-4.27754
20
3.39293
30
-8.95808
11
-4.30329
21
3.32228
31
-8.82454
12
-4.15624
22
3.30874
32
-8.80680
13
-4.12989
23
3.37457
33
-8.94468
0
3DFACE
8
C1
10
-4.30329
20
3.32228
30
-8.82454
11
-4.32737
21
3.23833
31
-8.70293
12
-4.18076
22
3.22831
32
-8.68203
13
-4.15624
23
3.30874
33
-8.80680
0
3DFACE
8
C1
10
-4.32737
20
3.23833
30
-8.70293
11
-4.34982
21
3.14130
31
-8.59305
12
-4.20347
22
3.13337
32
-8.57028
13
-4.18076
23
3.22831
33
-8.68203
0
3DFACE
8
C1
10
-4.34982
20
3.14130
30
-8.59305
11
-4.37067
21
3.03154
31
-8.49461
12
-4.22438
22
3.02405
32
-8.47145
13
-4.20347
23
3.13337
33
-8.57028
0
3DFACE
8
C1
10
-4.37067
20
3.03154
30
-8.49461
11
-4.38992
21
2.90892
31
-8.40770
12
-4.24350
22
2.90044
32
-8.38543
13
-4.22438
23
3.02405
33
-8.47145
0
3DFACE
8
C1
10
-4.38992
20
2.90892
30
-8.40770
11
-4.40751
21
2.77312
31
-8.33263
12
-4.26081
22
2.76233
32
-8.31243
13
-4.24350
23
2.90044
33
-8.38543
0
3DFACE
8
C1
10
-4.40751
20
2.77312
30
-8.33263
11
-4.42631
21
2.64687
31
-8.24898
12
-4.27929
22
2.63356
32
-8.23105
13
-4.26081
23
2.76233
33
-8.31243
0
3DFACE
8
C1
10
-4.42631
20
2.64687
30
-8.24898
11
-4.44627
21
2.52996
31
-8.15695
12
-4.29892
22
2.51401
32
-8.14138
13
-4.27929
23
2.63356
33
-8.23105
0
3DFACE
8
C1
10
-4.44627
20
2.52996
30
-8.15695
11
-4.46738
21
2.42228
31
-8.05664
12
-4.31970
22
2.40370
32
-8.04344
13
-4.29892
23
2.51401
33
-8.14138
0
3DFACE
8
C1
10
-4.46738
20
2.42228
30
-8.05664
11
-4.48966
21
2.32394
31
-7.94794
12
-4.34166
22
2.30272
32
-7.93711
13
-4.31970
23
2.40370
33
-8.04344
0
3DFACE
8
C1
10
-4.48966
20
2.32394
30
-7.94794
11
-4.51311
21
2.23494
31
-7.83087
12
-4.36475
22
2.21086
32
-7.82260
13
-4.34166
23
2.30272
33
-7.93711
0
3DFACE
8
C1
10
-4.51311
20
2.23494
30
-7.83087
11
-4.53551
21
2.13748
31
-7.72139
12
-4.38684
22
2.11098
32
-7.71528
13
-4.36475
23
2.21086
33
-7.82260
0
3DFACE
8
C1
10
-4.53551
20
2.13748
30
-7.72139
11
-4.55684
21
2.03156
31
-7.61950
12
-4.40791
22
2.00297
32
-7.61527
13
-4.38684
23
2.11098
33
-7.71528
0
3DFACE
8
C1
10
-4.55684
20
2.03156
30
-7.61950
11
-4.57710
21
1.91707
31
-7.52530
12
-4.42795
22
1.88672
32
-7.52264
13
-4.40791
23
2.00297
33
-7.61527
0
3DFACE
8
C1
10
-4.57710
20
1.91707
30
-7.52530
11
-4.59629
21
1.79401
31
-7.43879
12
-4.44698
22
1.76234
32
-7.43732
13
-4.42795
23
1.88672
33
-7.52264
0
3DFACE
8
C1
10
-4.59629
20
1.79401
30
-7.43879
11
-4.61444
21
1.66260
31
-7.35977
12
-4.46500
22
1.62995
32
-7.35919
13
-4.44698
23
1.76234
33
-7.43732
0
3DFACE
8
C1
10
-4.61444
20
1.66260
30
-7.35977
11
-4.63264
21
1.53163
31
-7.28036
12
-4.48312
22
1.49832
32
-7.28037
13
-4.46500
23
1.62995
33
-7.35919
0
3DFACE
8
C1
10
-4.63264
20
1.53163
30
-7.28036
11
-4.65087
21
1.40088
31
-7.20075
12
-4.50138
22
1.36779
32
-7.20057
13
-4.48312
23
1.49832
33
-7.28037
0
3DFACE
8
C1
10
-4.65087
20
1.40088
30
-7.20075
11
-4.66916
21
1.27057
31
-7.12075
12
-4.51973
22
1.23803
32
-7.12007
13
-4.50138
23
1.36779
33
-7.20057
0
3DFACE
8
C1
10
-4.66916
20
1.27057
30
-7.12075
11
-4.68749
21
1.14070
31
-7.04036
12
-4.53821
22
1.10926
32
-7.03869
13
-4.51973
23
1.23803
33
-7.12007
0
3DFACE
8
C1
10
-4.68749
20
1.14070
30
-7.04036
11
-4.70588
21
1.01116
31
-6.95966
12
-4.55680
22
0.98136
32
-6.95652
13
-4.53821
23
1.10926
33
-7.03869
0
3DFACE
8
C1
10
-4.70588
20
1.01116
30
-6.95966
11
-4.72552
21
0.89172
31
-6.86990
12
-4.57659
22
0.86314
32
-6.86567
13
-4.55680
23
0.98136
33
-6.95652
0
3DFACE
8
C1
10
-4.72552
20
0.89172
30
-6.86990
11
-4.74643
21
0.78240
31
-6.77107
12
-4.59758
22
0.75447
32
-6.76625
13
-4.57659
23
0.86314
33
-6.86567
0
3DFACE
8
C1
10
-4.74643
20
0.78240
30
-6.77107
11
-4.76860
21
0.68318
31
-6.66316
12
-4.61980
22
0.65558
32
-6.65804
13
-4.59758
23
0.75447
33
-6.76625
0
3DFACE
8
C1
10
-4.76860
20
0.68318
30
-6.66316
11
-4.79205
21
0.59417
31
-6.54609
12
-4.64320
22
0.56625
32
-6.54126
13
-4.61980
23
0.65558
33
-6.65804
0
3DFACE
8
C1
10
-4.79205
20
0.59417
30
-6.54609
11
-4.81678
21
0.51539
31
-6.41984
12
-4.66782
22
0.48658
32
-6.41581
13
-4.64320
23
0.56625
33
-6.54126
0
3DFACE
8
C1
10
-4.81678
20
0.51539
30
-6.41984
11
-4.84099
21
0.43243
31
-6.29734
12
-4.69195
22
0.40296
32
-6.29390
13
-4.66782
23
0.48658
33
-6.41581
0
3DFACE
8
C1
10
-4.84099
20
0.43243
30
-6.29734
11
-4.86467
21
0.34529
31
-6.17859
12
-4.71559
22
0.31550
32
-6.17545
13
-4.69195
23
0.40296
33
-6.29390
0
3DFACE
8
C1
10
-3.83356
20
4.32330
30
-10.45666
11
-3.85824
21
4.24407
31
-10.33081
12
-3.71035
22
4.22384
32
-10.31909
13
-3.68574
23
4.30350
33
-10.44455
0
3DFACE
8
C1
10
-3.85824
20
4.24407
30
-10.33081
11
-3.88374
21
4.17144
31
-10.19905
12
-3.73580
22
4.15076
32
-10.18772
13
-3.71035
23
4.22384
33
-10.31909
0
3DFACE
8
C1
10
-3.88374
20
4.17144
30
-10.19905
11
-3.91007
21
4.10550
31
-10.06126
12
-3.76208
22
4.08439
32
-10.05033
13
-3.73580
23
4.15076
33
-10.18772
0
3DFACE
8
C1
10
-3.91007
20
4.10550
30
-10.06126
11
-3.93572
21
4.03408
31
-9.92841
12
-3.78764
22
4.01230
32
-9.91807
13
-3.76208
23
4.08439
33
-10.05033
0
3DFACE
8
C1
10
-3.93572
20
4.03408
30
-9.92841
11
-3.96068
21
3.95716
31
-9.80049
12
-3.81250
22
3.93451
32
-9.79094
13
-3.78764
23
4.01230
33
-9.91807
0
3DFACE
8
C1
10
-3.96068
20
3.95716
30
-9.80049
11
-3.98494
21
3.87464
31
-9.67760
12
-3.83665
22
3.85111
32
-9.66883
13
-3.81250
23
3.93451
33
-9.79094
0
3DFACE
8
C1
10
-3.98494
20
3.87464
30
-9.67760
11
-4.00852
21
3.78662
31
-9.55964
12
-3.86010
22
3.76210
32
-9.55176
13
-3.83665
23
3.85111
33
-9.66883
0
3DFACE
8
C1
10
-4.00852
20
3.78662
30
-9.55964
11
-4.03140
21
3.69312
31
-9.44660
12
-3.88283
22
3.66739
32
-9.43981
13
-3.86010
23
3.76210
33
-9.55176
0
3DFACE
8
C1
10
-4.03140
20
3.69312
30
-9.44660
11
-4.05499
21
3.60521
31
-9.32854
12
-3.90641
22
3.57937
32
-9.32185
13
-3.88283
23
3.66739
33
-9.43981
0
3DFACE
8
C1
10
-4.05499
20
3.60521
30
-9.32854
11
-4.07928
21
3.52291
31
-9.20545
12
-3.93079
22
3.49784
32
-9.19807
13
-3.90641
23
3.57937
33
-9.32185
0
3DFACE
8
C1
10
-4.07928
20
3.52291
30
-9.20545
11
-4.10424
21
3.44599
31
-9.07753
12
-3.95597
22
3.42268
32
-9.06857
13
-3.93079
23
3.49784
33
-9.19807
0
3DFACE
8
C1
10
-4.10424
20
3.44599
30
-9.07753
11
-4.12989
21
3.37457
31
-8.94468
12
-3.98198
22
3.35411
32
-8.93315
13
-3.95597
23
3.42268
33
-9.06857
0
3DFACE
8
C1
10
-4.12989
20
3.37457
30
-8.94468
11
-4.15624
21
3.30874
31
-8.80680
12
-4.00880
22
3.29202
32
-8.79192
13
-3.98198
23
3.35411
33
-8.93315
0
3DFACE
8
C1
10
-4.15624
20
3.30874
30
-8.80680
11
-4.18076
21
3.22831
31
-8.68203
12
-4.03368
22
3.21444
32
-8.66459
13
-4.00880
23
3.29202
33
-8.79192
0
3DFACE
8
C1
10
-4.18076
20
3.22831
30
-8.68203
11
-4.20347
21
3.13337
31
-8.57028
12
-4.05662
22
3.12138
32
-8.55116
13
-4.03368
23
3.21444
33
-8.66459
0
3DFACE
8
C1
10
-4.20347
20
3.13337
30
-8.57028
11
-4.22438
21
3.02405
31
-8.47145
12
-4.07766
22
3.01315
32
-8.45134
13
-4.05662
23
3.12138
33
-8.55116
0
3DFACE
8
C1
10
-4.22438
20
3.02405
30
-8.47145
11
-4.24350
21
2.90044
31
-8.38543
12
-4.09679
22
2.88954
32
-8.36533
13
-4.07766
23
3.01315
33
-8.45134
0
3DFACE
8
C1
10
-4.24350
20
2.90044
30
-8.38543
11
-4.26081
21
2.76233
31
-8.31243
12
-4.11398
22
2.75055
32
-8.29312
13
-4.09679
23
2.88954
33
-8.36533
0
3DFACE
8
C1
10
-4.26081
20
2.76233
30
-8.31243
11
-4.27929
21
2.63356
31
-8.23105
12
-4.13228
22
2.62035
32
-8.21302
13
-4.11398
23
2.75055
33
-8.29312
0
3DFACE
8
C1
10
-4.27929
20
2.63356
30
-8.23105
11
-4.29892
21
2.51401
31
-8.14138
12
-4.15168
22
2.49894
32
-8.12503
13
-4.13228
23
2.62035
33
-8.21302
0
3DFACE
8
C1
10
-4.29892
20
2.51401
30
-8.14138
11
-4.31970
21
2.40370
31
-8.04344
12
-4.17219
22
2.38643
32
-8.02905
13
-4.15168
23
2.49894
33
-8.12503
0
3DFACE
8
C1
10
-4.31970
20
2.40370
30
-8.04344
11
-4.34166
21
2.30272
31
-7.93711
12
-4.19380
22
2.28270
32
-7.92519
13
-4.17219
23
2.38643
33
-8.02905
0
3DFACE
8
C1
10
-4.34166
20
2.30272
30
-7.93711
11
-4.36475
21
2.21086
31
-7.82260
12
-4.21649
22
2.18766
32
-7.81354
13
-4.19380
23
2.28270
33
-7.92519
0
3DFACE
8
C1
10
-4.36475
20
2.21086
30
-7.82260
11
-4.38684
21
2.11098
31
-7.71528
12
-4.23824
22
2.08503
32
-7.70869
13
-4.21649
23
2.18766
33
-7.81354
0
3DFACE
8
C1
10
-4.38684
20
2.11098
30
-7.71528
11
-4.40791
21
2.00297
31
-7.61527
12
-4.25901
22
1.97461
32
-7.61084
13
-4.23824
23
2.08503
33
-7.70869
0
3DFACE
8
C1
10
-4.40791
20
2.00297
30
-7.61527
11
-4.42795
21
1.88672
31
-7.52264
12
-4.27881
22
1.85638
32
-7.51999
13
-4.25901
23
1.97461
33
-7.61084
0
3DFACE
8
C1
10
-4.42795
20
1.88672
30
-7.52264
11
-4.44698
21
1.76234
31
-7.43732
12
-4.29764
22
1.73046
32
-7.43605
13
-4.27881
23
1.85638
33
-7.51999
0
3DFACE
8
C1
10
-4.44698
20
1.76234
30
-7.43732
11
-4.46500
21
1.62995
31
-7.35919
12
-4.31551
22
1.59686
32
-7.35900
13
-4.29764
23
1.73046
33
-7.43605
0
3DFACE
8
C1
10
-4.46500
20
1.62995
30
-7.35919
11
-4.48312
21
1.49832
31
-7.28037
12
-4.33359
22
1.46490
32
-7.28048
13
-4.31551
23
1.59686
33
-7.35900
0
3DFACE
8
C1
10
-4.48312
20
1.49832
30
-7.28037
11
-4.50138
21
1.36779
31
-7.20057
12
-4.35187
22
1.33459
32
-7.20048
13
-4.33359
23
1.46490
33
-7.28048
0
3DFACE
8
C1
10
-4.50138
20
1.36779
30
-7.20057
11
-4.51973
21
1.23803
31
-7.12007
12
-4.37035
22
1.20582
32
-7.11910
13
-4.35187
23
1.33459
33
-7.20048
0
3DFACE
8
C1
10
-4.51973
20
1.23803
30
-7.12007
11
-4.53821
21
1.10926
31
-7.03869
12
-4.38905
22
1.07880
32
-7.03614
13
-4.37035
23
1.20582
33
-7.11910
0
3DFACE
8
C1
10
-4.53821
20
1.10926
30
-7.03869
11
-4.55680
21
0.98136
31
-6.95652
12
-4.40795
22
0.95344
32
-6.95170
13
-4.38905
23
1.07880
33
-7.03614
0
3DFACE
8
C1
10
-4.55680
20
0.98136
30
-6.95652
11
-4.57659
21
0.86314
31
-6.86567
12
-4.42795
22
0.83686
32
-6.85937
13
-4.40795
23
0.95344
33
-6.95170
0
3DFACE
8
C1
10
-4.57659
20
0.86314
30
-6.86567
11
-4.59758
21
0.75447
31
-6.76625
12
-4.44908
22
0.72929
32
-6.75896
13
-4.42795
23
0.83686
33
-6.85937
0
3DFACE
8
C1
10
-4.59758
20
0.75447
30
-6.76625
11
-4.61980
21
0.65558
31
-6.65804
12
-4.47133
22
0.63073
32
-6.65046
13
-4.44908
23
0.72929
33
-6.75896
0
3DFACE
8
C1
10
-4.61980
20
0.65558
30
-6.65804
11
-4.64320
21
0.56625
31
-6.54126
12
-4.49472
22
0.54118
32
-6.53388
13
-4.47133
23
0.63073
33
-6.65046
0
3DFACE
8
C1
10
-4.64320
20
0.56625
30
-6.54126
11
-4.66782
21
0.48658
31
-6.41581
12
-4.51921
22
0.46052
32
-6.40931
13
-4.49472
23
0.54118
33
-6.53388
0
3DFACE
8
C1
10
-4.66782
20
0.48658
30
-6.41581
11
-4.69195
21
0.40296
31
-6.29390
12
-4.54324
22
0.37613
32
-6.28809
13
-4.51921
23
0.46052
33
-6.40931
0
3DFACE
8
C1
10
-4.69195
20
0.40296
30
-6.29390
11
-4.71559
21
0.31550
31
-6.17545
12
-4.56680
22
0.28801
32
-6.17023
13
-4.54324
23
0.37613
33
-6.28809
0
3DFACE
8
C1
10
-3.68574
20
4.30350
30
-10.44455
11
-3.71035
21
4.22384
31
-10.31909
12
-3.56529
22
4.22612
32
-10.28715
13
-3.54201
23
4.31655
33
-10.40295
0
3DFACE
8
C1
10
-3.71035
20
4.22384
30
-10.31909
11
-3.73580
21
4.15076
31
-10.18772
12
-3.58938
22
4.14228
32
-10.16544
13
-3.56529
23
4.22612
33
-10.28715
0
3DFACE
8
C1
10
-3.73580
20
4.15076
30
-10.18772
11
-3.76208
21
4.08439
31
-10.05033
12
-3.61433
22
4.06525
32
-10.03762
13
-3.58938
23
4.14228
33
-10.16544
0
3DFACE
8
C1
10
-3.76208
20
4.08439
30
-10.05033
11
-3.78764
21
4.01230
31
-9.91807
12
-3.63990
22
3.99317
32
-9.90536
13
-3.61433
23
4.06525
33
-10.03762
0
3DFACE
8
C1
10
-3.78764
20
4.01230
30
-9.91807
11
-3.81250
21
3.93451
31
-9.79094
12
-3.66469
22
3.91493
32
-9.77862
13
-3.63990
23
3.99317
33
-9.90536
0
3DFACE
8
C1
10
-3.81250
20
3.93451
30
-9.79094
11
-3.83665
21
3.85111
31
-9.66883
12
-3.68873
22
3.83065
32
-9.65731
13
-3.66469
23
3.91493
33
-9.77862
0
3DFACE
8
C1
10
-3.83665
20
3.85111
30
-9.66883
11
-3.86010
21
3.76210
31
-9.55176
12
-3.71202
22
3.74033
32
-9.54142
13
-3.68873
23
3.83065
33
-9.65731
0
3DFACE
8
C1
10
-3.86010
20
3.76210
30
-9.55176
11
-3.88283
21
3.66739
31
-9.43981
12
-3.73454
22
3.64386
32
-9.43105
13
-3.71202
23
3.74033
33
-9.54142
0
3DFACE
8
C1
10
-3.88283
20
3.66739
30
-9.43981
11
-3.90641
21
3.57937
31
-9.32185
12
-3.75797
22
3.55474
32
-9.31407
13
-3.73454
23
3.64386
33
-9.43105
0
3DFACE
8
C1
10
-3.90641
20
3.57937
30
-9.32185
11
-3.93079
21
3.49784
31
-9.19807
12
-3.78233
22
3.47299
32
-9.19049
13
-3.75797
23
3.55474
33
-9.31407
0
3DFACE
8
C1
10
-3.93079
20
3.49784
30
-9.19807
11
-3.95597
21
3.42268
31
-9.06857
12
-3.80761
22
3.39860
32
-9.06030
13
-3.78233
23
3.47299
33
-9.19049
0
3DFACE
8
C1
10
-3.95597
20
3.42268
30
-9.06857
11
-3.98198
21
3.35411
31
-8.93315
12
-3.83378
22
3.33135
32
-8.92370
13
-3.80761
23
3.39860
33
-9.06030
0
3DFACE
8
C1
10
-3.98198
20
3.35411
30
-8.93315
11
-4.00880
21
3.29202
31
-8.79192
12
-3.86087
22
3.27146
32
-8.78049
13
-3.83378
23
3.33135
33
-8.92370
0
3DFACE
8
C1
10
-4.00880
20
3.29202
30
-8.79192
11
-4.03368
21
3.21444
31
-8.66459
12
-3.88598
22
3.19575
32
-8.65149
13
-3.86087
23
3.27146
33
-8.78049
0
3DFACE
8
C1
10
-4.03368
20
3.21444
30
-8.66459
11
-4.05662
21
3.12138
31
-8.55116
12
-3.90915
22
3.10444
32
-8.53648
13
-3.88598
23
3.19575
33
-8.65149
0
3DFACE
8
C1
10
-4.05662
20
3.12138
30
-8.55116
11
-4.07766
21
3.01315
31
-8.45134
12
-3.93033
22
2.99731
32
-8.43568
13
-3.90915
23
3.10444
33
-8.53648
0
3DFACE
8
C1
10
-4.07766
20
3.01315
30
-8.45134
11
-4.09679
21
2.88954
31
-8.36533
12
-3.94952
22
2.87425
32
-8.34917
13
-3.93033
23
2.99731
33
-8.43568
0
3DFACE
8
C1
10
-4.09679
20
2.88954
30
-8.36533
11
-4.11398
21
2.75055
31
-8.29312
12
-3.96675
22
2.73548
32
-8.27676
13
-3.94952
23
2.87425
33
-8.34917
0
3DFACE
8
C1
10
-4.11398
20
2.75055
30
-8.29312
11
-4.13228
21
2.62035
31
-8.21302
12
-3.98499
22
2.60484
32
-8.19705
13
-3.96675
23
2.73548
33
-8.27676
0
3DFACE
8
C1
10
-4.13228
20
2.62035
30
-8.21302
11
-4.15168
21
2.49894
31
-8.12503
12
-4.00428
22
2.48255
32
-8.10985
13
-3.98499
23
2.60484
33
-8.19705
0
3DFACE
8
C1
10
-4.15168
20
2.49894
30
-8.12503
11
-4.17219
21
2.38643
31
-8.02905
12
-4.02459
22
2.36850
32
-8.01526
13
-4.00428
23
2.48255
33
-8.10985
0
3DFACE
8
C1
10
-4.17219
20
2.38643
30
-8.02905
11
-4.19380
21
2.28270
31
-7.92519
12
-4.04597
22
2.26291
32
-7.91307
13
-4.02459
23
2.36850
33
-8.01526
0
3DFACE
8
C1
10
-4.19380
20
2.28270
30
-7.92519
11
-4.21649
21
2.18766
31
-7.81354
12
-4.06837
22
2.16555
32
-7.80349
13
-4.04597
23
2.26291
33
-7.91307
0
3DFACE
8
C1
10
-4.21649
20
2.18766
30
-7.81354
11
-4.23824
21
2.08503
31
-7.70869
12
-4.08983
22
2.06062
32
-7.70071
13
-4.06837
23
2.16555
33
-7.80349
0
3DFACE
8
C1
10
-4.23824
20
2.08503
30
-7.70869
11
-4.25901
21
1.97461
31
-7.61084
12
-4.11036
22
1.94822
32
-7.60464
13
-4.08983
23
2.06062
33
-7.70071
0
3DFACE
8
C1
10
-4.25901
20
1.97461
30
-7.61084
11
-4.27881
21
1.85638
31
-7.51999
12
-4.12993
22
1.82823
32
-7.51537
13
-4.11036
23
1.94822
33
-7.60464
0
3DFACE
8
C1
10
-4.27881
20
1.85638
30
-7.51999
11
-4.29764
21
1.73046
31
-7.43605
12
-4.14855
22
1.70056
32
-7.43300
13
-4.12993
23
1.82823
33
-7.51537
0
3DFACE
8
C1
10
-4.29764
20
1.73046
30
-7.43605
11
-4.31551
21
1.59686
31
-7.35900
12
-4.16621
22
1.56531
32
-7.35744
13
-4.14855
23
1.70056
33
-7.43300
0
3DFACE
8
C1
10
-4.31551
20
1.59686
30
-7.35900
11
-4.33359
21
1.46490
31
-7.28048
12
-4.18419
22
1.43258
32
-7.27960
13
-4.16621
23
1.56531
33
-7.35744
0
3DFACE
8
C1
10
-4.33359
20
1.46490
30
-7.28048
11
-4.35187
21
1.33459
31
-7.20048
12
-4.20249
22
1.30238
32
-7.19950
13
-4.18419
23
1.43258
33
-7.27960
0
3DFACE
8
C1
10
-4.35187
20
1.33459
30
-7.20048
11
-4.37035
21
1.20582
31
-7.11910
12
-4.22111
22
1.17471
32
-7.11713
13
-4.20249
23
1.30238
33
-7.19950
0
3DFACE
8
C1
10
-4.37035
20
1.20582
30
-7.11910
11
-4.38905
21
1.07880
31
-7.03614
12
-4.24004
22
1.04956
32
-7.03250
13
-4.22111
23
1.17471
33
-7.11713
0
3DFACE
8
C1
10
-4.38905
20
1.07880
30
-7.03614
11
-4.40795
21
0.95344
31
-6.95170
12
-4.25928
22
0.92694
32
-6.94560
13
-4.24004
23
1.04956
33
-7.03250
0
3DFACE
8
C1
10
-4.40795
20
0.95344
30
-6.95170
11
-4.42795
21
0.83686
31
-6.85937
12
-4.27954
22
0.81245
32
-6.85139
13
-4.25928
23
0.92694
33
-6.94560
0
3DFACE
8
C1
10
-4.42795
20
0.83686
30
-6.85937
11
-4.44908
21
0.72929
31
-6.75896
12
-4.30082
22
0.70609
32
-6.74990
13
-4.27954
23
0.81245
33
-6.85139
0
3DFACE
8
C1
10
-4.44908
20
0.72929
30
-6.75896
11
-4.47133
21
0.63073
31
-6.65046
12
-4.32312
22
0.60786
32
-6.64111
13
-4.30082
23
0.70609
33
-6.74990
0
3DFACE
8
C1
10
-4.47133
20
0.63073
30
-6.65046
11
-4.49472
21
0.54118
31
-6.53388
12
-4.34645
22
0.51787
32
-6.52492
13
-4.32312
23
0.60786
33
-6.64111
0
3DFACE
8
C1
10
-4.49472
20
0.54118
30
-6.53388
11
-4.51921
21
0.46052
31
-6.40931
12
-4.37078
22
0.43589
32
-6.40153
13
-4.34645
23
0.51787
33
-6.52492
0
3DFACE
8
C1
10
-4.51921
20
0.46052
30
-6.40931
11
-4.54324
21
0.37613
31
-6.28809
12
-4.39467
22
0.35041
32
-6.28130
13
-4.37078
23
0.43589
33
-6.40153
0
3DFACE
8
C1
10
-4.54324
20
0.37613
30
-6.28809
11
-4.56680
21
0.28801
31
-6.17023
12
-4.41813
22
0.26151
32
-6.16413
13
-4.39467
23
0.35041
33
-6.28130
0
3DFACE
8
C1
10
-3.54201
20
4.31655
30
-10.40295
11
-3.56529
21
4.22612
31
-10.28715
12
-3.42018
22
4.22808
32
-10.25551
13
-3.39832
23
4.32982
33
-10.36115
0
3DFACE
8
C1
10
-3.56529
20
4.22612
30
-10.28715
11
-3.58938
21
4.14228
31
-10.16544
12
-3.44290
22
4.13325
32
-10.14366
13
-3.42018
23
4.22808
33
-10.25551
0
3DFACE
8
C1
10
-3.58938
20
4.14228
30
-10.16544
11
-3.61433
21
4.06525
31
-10.03762
12
-3.46649
22
4.04535
32
-10.02560
13
-3.44290
23
4.13325
33
-10.14366
0
3DFACE
8
C1
10
-3.61433
20
4.06525
30
-10.03762
11
-3.63990
21
3.99317
31
-9.90536
12
-3.49209
22
3.97359
32
-9.89305
13
-3.46649
23
4.04535
33
-10.02560
0
3DFACE
8
C1
10
-3.63990
20
3.99317
30
-9.90536
11
-3.66469
21
3.91493
31
-9.77862
12
-3.51688
22
3.89524
32
-9.76641
13
-3.49209
23
3.97359
33
-9.89305
0
3DFACE
8
C1
10
-3.66469
20
3.91493
30
-9.77862
11
-3.68873
21
3.83065
31
-9.65731
12
-3.54085
22
3.81041
32
-9.64558
13
-3.51688
23
3.89524
33
-9.76641
0
3DFACE
8
C1
10
-3.68873
20
3.83065
30
-9.65731
11
-3.71202
21
3.74033
31
-9.54142
12
-3.56401
22
3.71910
32
-9.53058
13
-3.54085
23
3.81041
33
-9.64558
0
3DFACE
8
C1
10
-3.71202
20
3.74033
30
-9.54142
11
-3.73454
21
3.64386
31
-9.43105
12
-3.58634
22
3.62109
32
-9.42159
13
-3.56401
23
3.71910
33
-9.53058
0
3DFACE
8
C1
10
-3.73454
20
3.64386
30
-9.43105
11
-3.75797
21
3.55474
31
-9.31407
12
-3.60963
22
3.53088
32
-9.30560
13
-3.58634
23
3.62109
33
-9.42159
0
3DFACE
8
C1
10
-3.75797
20
3.55474
30
-9.31407
11
-3.78233
21
3.47299
31
-9.19049
12
-3.63392
22
3.44858
32
-9.18251
13
-3.60963
23
3.53088
33
-9.30560
0
3DFACE
8
C1
10
-3.78233
20
3.47299
30
-9.19049
11
-3.80761
21
3.39860
31
-9.06030
12
-3.65919
22
3.37408
32
-9.05242
13
-3.63392
23
3.44858
33
-9.18251
0
3DFACE
8
C1
10
-3.80761
20
3.39860
30
-9.06030
11
-3.83378
21
3.33135
31
-8.92370
12
-3.68541
22
3.30727
32
-8.91543
13
-3.65919
23
3.37408
33
-9.05242
0
3DFACE
8
C1
10
-3.83378
20
3.33135
30
-8.92370
11
-3.86087
21
3.27146
31
-8.78049
12
-3.71263
22
3.24836
32
-8.77133
13
-3.68541
23
3.30727
33
-8.91543
0
3DFACE
8
C1
10
-3.86087
20
3.27146
30
-8.78049
11
-3.88598
21
3.19575
31
-8.65149
12
-3.73787
22
3.17364
32
-8.64144
13
-3.71263
23
3.24836
33
-8.77133
0
3DFACE
8
C1
10
-3.88598
20
3.19575
30
-8.65149
11
-3.90915
21
3.10444
31
-8.53648
12
-3.76112
22
3.08310
32
-8.52575
13
-3.73787
23
3.17364
33
-8.64144
0
3DFACE
8
C1
10
-3.90915
20
3.10444
30
-8.53648
11
-3.93033
21
2.99731
31
-8.43568
12
-3.78242
22
2.97685
32
-8.42415
13
-3.76112
23
3.08310
33
-8.52575
0
3DFACE
8
C1
10
-3.93033
20
2.99731
30
-8.43568
11
-3.94952
21
2.87425
31
-8.34917
12
-3.80172
22
2.85467
32
-8.33685
13
-3.78242
23
2.97685
33
-8.42415
0
3DFACE
8
C1
10
-3.94952
20
2.87425
30
-8.34917
11
-3.96675
21
2.73548
31
-8.27676
12
-3.81904
22
2.71667
32
-8.26375
13
-3.80172
23
2.85467
33
-8.33685
0
3DFACE
8
C1
10
-3.96675
20
2.73548
30
-8.27676
11
-3.98499
21
2.60484
31
-8.19705
12
-3.83735
22
2.58658
32
-8.18355
13
-3.81904
23
2.71667
33
-8.26375
0
3DFACE
8
C1
10
-3.98499
20
2.60484
30
-8.19705
11
-4.00428
21
2.48255
31
-8.10985
12
-3.85665
22
2.46440
32
-8.09626
13
-3.83735
23
2.58658
33
-8.18355
0
3DFACE
8
C1
10
-4.00428
20
2.48255
30
-8.10985
11
-4.02459
21
2.36850
31
-8.01526
12
-3.87696
22
2.35024
32
-8.00176
13
-3.85665
23
2.46440
33
-8.09626
0
3DFACE
8
C1
10
-4.02459
20
2.36850
30
-8.01526
11
-4.04597
21
2.26291
31
-7.91307
12
-3.89826
22
2.24410
32
-7.90007
13
-3.87696
23
2.35024
33
-8.00176
0
3DFACE
8
C1
10
-4.04597
20
2.26291
30
-7.91307
11
-4.06837
21
2.16555
31
-7.80349
12
-3.92056
22
2.14587
32
-7.79127
13
-3.89826
23
2.24410
33
-7.90007
0
3DFACE
8
C1
10
-4.06837
20
2.16555
30
-7.80349
11
-4.08983
21
2.06062
31
-7.70071
12
-3.94188
22
2.03984
32
-7.68948
13
-3.92056
23
2.14587
33
-7.79127
0
3DFACE
8
C1
10
-4.08983
20
2.06062
30
-7.70071
11
-4.11036
21
1.94822
31
-7.60464
12
-3.96218
22
1.92567
32
-7.59499
13
-3.94188
23
2.03984
33
-7.68948
0
3DFACE
8
C1
10
-4.11036
20
1.94822
30
-7.60464
11
-4.12993
21
1.82823
31
-7.51537
12
-3.98150
22
1.80360
32
-7.50759
13
-3.96218
23
1.92567
33
-7.59499
0
3DFACE
8
C1
10
-4.12993
20
1.82823
30
-7.51537
11
-4.14855
21
1.70056
31
-7.43300
12
-3.99982
22
1.67362
32
-7.42729
13
-3.98150
23
1.80360
33
-7.50759
0
3DFACE
8
C1
10
-4.14855
20
1.70056
30
-7.43300
11
-4.16621
21
1.56531
31
-7.35744
12
-4.01715
22
1.53562
32
-7.35419
13
-3.99982
23
1.67362
33
-7.42729
0
3DFACE
8
C1
10
-4.16621
20
1.56531
30
-7.35744
11
-4.18419
21
1.43258
31
-7.27960
12
-4.03494
22
1.40136
32
-7.27774
13
-4.01715
23
1.53562
33
-7.35419
0
3DFACE
8
C1
10
-4.18419
20
1.43258
30
-7.27960
11
-4.20249
21
1.30238
31
-7.19950
12
-4.05318
22
1.27072
32
-7.19803
13
-4.03494
23
1.40136
33
-7.27774
0
3DFACE
8
C1
10
-4.20249
20
1.30238
30
-7.19950
11
-4.22111
21
1.17471
31
-7.11713
12
-4.07187
22
1.14370
32
-7.11507
13
-4.05318
23
1.27072
33
-7.19803
0
3DFACE
8
C1
10
-4.22111
20
1.17471
30
-7.11713
11
-4.24004
21
1.04956
31
-7.03250
12
-4.09104
22
1.02043
32
-7.02876
13
-4.07187
23
1.14370
33
-7.11507
0
3DFACE
8
C1
10
-4.24004
20
1.04956
30
-7.03250
11
-4.25928
21
0.92694
31
-6.94560
12
-4.11066
22
0.90077
32
-6.93920
13
-4.09104
23
1.02043
33
-7.02876
0
3DFACE
8
C1
10
-4.25928
20
0.92694
30
-6.94560
11
-4.27954
21
0.81245
31
-6.85139
12
-4.13118
22
0.78837
32
-6.84312
13
-4.11066
23
0.90077
33
-6.93920
0
3DFACE
8
C1
10
-4.27954
20
0.81245
30
-6.85139
11
-4.30082
21
0.70609
31
-6.74990
12
-4.15261
22
0.68322
32
-6.74054
13
-4.13118
23
0.78837
33
-6.84312
0
3DFACE
8
C1
10
-4.30082
20
0.70609
30
-6.74990
11
-4.32312
21
0.60786
31
-6.64111
12
-4.17496
22
0.58542
32
-6.63135
13
-4.15261
23
0.68322
33
-6.74054
0
3DFACE
8
C1
10
-4.32312
20
0.60786
30
-6.64111
11
-4.34645
21
0.51787
31
-6.52492
12
-4.19820
22
0.49477
32
-6.51576
13
-4.17496
23
0.58542
33
-6.63135
0
3DFACE
8
C1
10
-4.34645
20
0.51787
30
-6.52492
11
-4.37078
21
0.43589
31
-6.40153
12
-4.22236
22
0.41137
32
-6.39365
13
-4.19820
23
0.49477
33
-6.51576
0
3DFACE
8
C1
10
-4.37078
20
0.43589
30
-6.40153
11
-4.39467
21
0.35041
31
-6.28130
12
-4.24611
22
0.32479
32
-6.27441
13
-4.22236
23
0.41137
33
-6.39365
0
3DFACE
8
C1
10
-4.39467
20
0.35041
30
-6.28130
11
-4.41813
21
0.26151
31
-6.16413
12
-4.26946
22
0.23501
32
-6.15802
13
-4.24611
23
0.32479
33
-6.27441
0
3DFACE
8
C1
10
-3.39832
20
4.32982
30
-10.36115
11
-3.42018
21
4.22808
31
-10.25551
12
-3.27635
22
4.24025
32
-10.21470
13
-3.25593
23
4.35353
33
-10.30999
0
3DFACE
8
C1
10
-3.42018
20
4.22808
30
-10.25551
11
-3.44290
21
4.13325
31
-10.14366
12
-3.29765
22
4.13411
32
-10.11301
13
-3.27635
23
4.24025
33
-10.21470
0
3DFACE
8
C1
10
-3.44290
20
4.13325
30
-10.14366
11
-3.46649
21
4.04535
31
-10.02560
12
-3.31985
22
4.03511
32
-10.00491
13
-3.29765
23
4.13411
33
-10.11301
0
3DFACE
8
C1
10
-3.46649
20
4.04535
30
-10.02560
11
-3.49209
21
3.97359
31
-9.89305
12
-3.34424
22
3.95357
32
-9.88113
13
-3.31985
23
4.03511
33
-10.00491
0
3DFACE
8
C1
10
-3.49209
20
3.97359
30
-9.89305
11
-3.51688
21
3.89524
31
-9.76641
12
-3.36903
22
3.87534
32
-9.75439
13
-3.34424
23
3.95357
33
-9.88113
0
3DFACE
8
C1
10
-3.51688
20
3.89524
30
-9.76641
11
-3.54085
21
3.81041
31
-9.64558
12
-3.39297
22
3.79018
32
-9.63386
13
-3.36903
23
3.87534
33
-9.75439
0
3DFACE
8
C1
10
-3.54085
20
3.81041
30
-9.64558
11
-3.56401
21
3.71910
31
-9.53058
12
-3.41600
22
3.69788
32
-9.51974
13
-3.39297
23
3.79018
33
-9.63386
0
3DFACE
8
C1
10
-3.56401
20
3.71910
30
-9.53058
11
-3.58634
21
3.62109
31
-9.42159
12
-3.43814
22
3.59833
32
-9.41213
13
-3.41600
23
3.69788
33
-9.51974
0
3DFACE
8
C1
10
-3.58634
20
3.62109
30
-9.42159
11
-3.60963
21
3.53088
31
-9.30560
12
-3.46131
22
3.50713
32
-9.29703
13
-3.43814
23
3.59833
33
-9.41213
0
3DFACE
8
C1
10
-3.60963
20
3.53088
30
-9.30560
11
-3.63392
21
3.44858
31
-9.18251
12
-3.48550
22
3.42406
32
-9.17463
13
-3.46131
23
3.50713
33
-9.29703
0
3DFACE
8
C1
10
-3.63392
20
3.44858
30
-9.18251
11
-3.65919
21
3.37408
31
-9.05242
12
-3.51074
22
3.34934
32
-9.04474
13
-3.48550
23
3.42406
33
-9.17463
0
3DFACE
8
C1
10
-3.65919
20
3.37408
30
-9.05242
11
-3.68541
21
3.30727
31
-8.91543
12
-3.53698
22
3.28264
32
-8.90765
13
-3.51074
23
3.34934
33
-9.04474
0
3DFACE
8
C1
10
-3.68541
20
3.30727
30
-8.91543
11
-3.71263
21
3.24836
31
-8.77133
12
-3.56425
22
3.22417
32
-8.76316
13
-3.53698
23
3.28264
33
-8.90765
0
3DFACE
8
C1
10
-3.71263
20
3.24836
30
-8.77133
11
-3.73787
21
3.17364
31
-8.64144
12
-3.58954
22
3.14989
32
-8.63287
13
-3.56425
23
3.22417
33
-8.76316
0
3DFACE
8
C1
10
-3.73787
20
3.17364
30
-8.64144
11
-3.76112
21
3.08310
31
-8.52575
12
-3.61287
22
3.05990
32
-8.51669
13
-3.58954
23
3.14989
33
-8.63287
0
3DFACE
8
C1
10
-3.76112
20
3.08310
30
-8.52575
11
-3.78242
21
2.97685
31
-8.42415
12
-3.63422
22
2.95409
32
-8.41470
13
-3.61287
23
3.05990
33
-8.51669
0
3DFACE
8
C1
10
-3.78242
20
2.97685
30
-8.42415
11
-3.80172
21
2.85467
31
-8.33685
12
-3.65357
22
2.83235
32
-8.32700
13
-3.63422
23
2.95409
33
-8.41470
0
3DFACE
8
C1
10
-3.80172
20
2.85467
30
-8.33685
11
-3.81904
21
2.71667
31
-8.26375
12
-3.67095
22
2.69479
32
-8.25351
13
-3.65357
23
2.83235
33
-8.32700
0
3DFACE
8
C1
10
-3.81904
20
2.71667
30
-8.26375
11
-3.83735
21
2.58658
31
-8.18355
12
-3.68932
22
2.56514
32
-8.17292
13
-3.67095
23
2.69479
33
-8.25351
0
3DFACE
8
C1
10
-3.83735
20
2.58658
30
-8.18355
11
-3.85665
21
2.46440
31
-8.09626
12
-3.70867
22
2.44339
32
-8.08522
13
-3.68932
23
2.56514
33
-8.17292
0
3DFACE
8
C1
10
-3.85665
20
2.46440
30
-8.09626
11
-3.87696
21
2.35024
31
-8.00176
12
-3.72902
22
2.32956
32
-7.99043
13
-3.70867
23
2.44339
33
-8.08522
0
3DFACE
8
C1
10
-3.87696
20
2.35024
30
-8.00176
11
-3.89826
21
2.24410
31
-7.90007
12
-3.75035
22
2.22364
32
-7.88854
13
-3.72902
23
2.32956
33
-7.99043
0
3DFACE
8
C1
10
-3.89826
20
2.24410
30
-7.90007
11
-3.92056
21
2.14587
31
-7.79127
12
-3.77269
22
2.12574
32
-7.77945
13
-3.75035
23
2.22364
33
-7.88854
0
3DFACE
8
C1
10
-3.92056
20
2.14587
30
-7.79127
11
-3.94188
21
2.03984
31
-7.68948
12
-3.79394
22
2.01916
32
-7.67815
13
-3.77269
23
2.12574
33
-7.77945
0
3DFACE
8
C1
10
-3.94188
20
2.03984
30
-7.68948
11
-3.96218
21
1.92567
31
-7.59499
12
-3.81411
22
1.90390
32
-7.58464
13
-3.79394
23
2.01916
33
-7.67815
0
3DFACE
8
C1
10
-3.96218
20
1.92567
30
-7.59499
11
-3.98150
21
1.80360
31
-7.50759
12
-3.83320
22
1.78007
32
-7.49882
13
-3.81411
23
1.90390
33
-7.58464
0
3DFACE
8
C1
10
-3.98150
20
1.80360
30
-7.50759
11
-3.99982
21
1.67362
31
-7.42729
12
-3.85122
22
1.64767
32
-7.42070
13
-3.83320
23
1.78007
33
-7.49882
0
3DFACE
8
C1
10
-3.99982
20
1.67362
30
-7.42729
11
-4.01715
21
1.53562
31
-7.35419
12
-3.86816
22
1.50660
32
-7.35036
13
-3.85122
23
1.64767
33
-7.42070
0
3DFACE
8
C1
10
-4.01715
20
1.53562
30
-7.35419
11
-4.03494
21
1.40136
31
-7.27774
12
-3.88572
22
1.37047
32
-7.27558
13
-3.86816
23
1.50660
33
-7.35036
0
3DFACE
8
C1
10
-4.03494
20
1.40136
30
-7.27774
11
-4.05318
21
1.27072
31
-7.19803
12
-3.90388
22
1.23917
32
-7.19647
13
-3.88572
23
1.37047
33
-7.27558
0
3DFACE
8
C1
10
-4.05318
20
1.27072
30
-7.19803
11
-4.07187
21
1.14370
31
-7.11507
12
-3.92264
22
1.11270
32
-7.11301
13
-3.90388
23
1.23917
33
-7.19647
0
3DFACE
8
C1
10
-4.07187
20
1.14370
30
-7.11507
11
-4.09104
21
1.02043
31
-7.02876
12
-3.94203
22
0.99118
32
-7.02512
13
-3.92264
23
1.11270
33
-7.11301
0
3DFACE
8
C1
10
-4.09104
20
1.02043
30
-7.02876
11
-4.11066
21
0.90077
31
-6.93920
12
-3.96203
22
0.87460
32
-6.93280
13
-3.94203
23
0.99118
33
-7.02512
0
3DFACE
8
C1
10
-4.11066
20
0.90077
30
-6.93920
11
-4.13118
21
0.78837
31
-6.84312
12
-3.98283
22
0.76440
32
-6.83475
13
-3.96203
23
0.87460
33
-6.93280
0
3DFACE
8
C1
10
-4.13118
20
0.78837
30
-6.84312
11
-4.15261
21
0.68322
31
-6.74054
12
-4.00442
22
0.66056
32
-6.73099
13
-3.98283
23
0.76440
33
-6.83475
0
3DFACE
8
C1
10
-4.15261
20
0.68322
30
-6.74054
11
-4.17496
21
0.58542
31
-6.63135
12
-4.02682
22
0.56310
32
-6.62151
13
-4.00442
23
0.66056
33
-6.73099
0
3DFACE
8
C1
10
-4.17496
20
0.58542
30
-6.63135
11
-4.19820
21
0.49477
31
-6.51576
12
-4.05002
22
0.47212
32
-6.50620
13
-4.02682
23
0.56310
33
-6.62151
0
3DFACE
8
C1
10
-4.19820
20
0.49477
30
-6.51576
11
-4.22236
21
0.41137
31
-6.39365
12
-4.07400
22
0.38740
32
-6.38528
13
-4.05002
23
0.47212
33
-6.50620
0
3DFACE
8
C1
10
-4.22236
20
0.41137
30
-6.39365
11
-4.24611
21
0.32479
31
-6.27441
12
-4.09763
22
0.29983
32
-6.26693
13
-4.07400
23
0.38740
33
-6.38528
0
3DFACE
8
C1
10
-4.24611
20
0.32479
30
-6.27441
11
-4.26946
21
0.23501
31
-6.15802
12
-4.12088
22
0.20918
32
-6.15133
13
-4.09763
23
0.29983
33
-6.26693
0
3DFACE
8
C1
10
-3.25593
20
4.35353
30
-10.30999
11
-3.27635
21
4.24025
31
-10.21470
12
-3.13257
22
4.25286
32
-10.17350
13
-3.11364
23
4.37801
33
-10.25813
0
3DFACE
8
C1
10
-3.27635
20
4.24025
30
-10.21470
11
-3.29765
21
4.13411
31
-10.11301
12
-3.15239
22
4.13485
32
-10.08245
13
-3.13257
23
4.25286
33
-10.17350
0
3DFACE
8
C1
10
-3.29765
20
4.13411
30
-10.11301
11
-3.31985
21
4.03511
31
-10.00491
12
-3.17316
22
4.02443
32
-9.98461
13
-3.15239
23
4.13485
33
-10.08245
0
3DFACE
8
C1
10
-3.31985
20
4.03511
30
-10.00491
11
-3.34424
21
3.95357
31
-9.88113
12
-3.19626
22
3.93257
32
-9.87009
13
-3.17316
23
4.02443
33
-9.98461
0
3DFACE
8
C1
10
-3.34424
20
3.95357
30
-9.88113
11
-3.36903
21
3.87534
31
-9.75439
12
-3.22105
22
3.85433
32
-9.74336
13
-3.19626
23
3.93257
33
-9.87009
0
3DFACE
8
C1
10
-3.36903
20
3.87534
30
-9.75439
11
-3.39297
21
3.79018
31
-9.63386
12
-3.24494
22
3.76884
32
-9.62312
13
-3.22105
23
3.85433
33
-9.74336
0
3DFACE
8
C1
10
-3.39297
20
3.79018
30
-9.63386
11
-3.41600
21
3.69788
31
-9.51974
12
-3.26790
22
3.67589
32
-9.50960
13
-3.24494
23
3.76884
33
-9.62312
0
3DFACE
8
C1
10
-3.41600
20
3.69788
30
-9.51974
11
-3.43814
21
3.59833
31
-9.41213
12
-3.28988
22
3.57513
32
-9.40307
13
-3.26790
23
3.67589
33
-9.50960
0
3DFACE
8
C1
10
-3.43814
20
3.59833
30
-9.41213
11
-3.46131
21
3.50713
31
-9.29703
12
-3.31295
22
3.48305
32
-9.28876
13
-3.28988
23
3.57513
33
-9.40307
0
3DFACE
8
C1
10
-3.46131
20
3.50713
30
-9.29703
11
-3.48550
21
3.42406
31
-9.17463
12
-3.33708
22
3.39954
32
-9.16675
13
-3.31295
23
3.48305
33
-9.28876
0
3DFACE
8
C1
10
-3.48550
20
3.42406
30
-9.17463
11
-3.51074
21
3.34934
31
-9.04474
12
-3.36229
22
3.32460
32
-9.03706
13
-3.33708
23
3.39954
33
-9.16675
0
3DFACE
8
C1
10
-3.51074
20
3.34934
30
-9.04474
11
-3.53698
21
3.28264
31
-8.90765
12
-3.38857
22
3.25823
32
-8.89967
13
-3.36229
23
3.32460
33
-9.03706
0
3DFACE
8
C1
10
-3.53698
20
3.28264
30
-8.90765
11
-3.56425
21
3.22417
31
-8.76316
12
-3.41594
22
3.20053
32
-8.75449
13
-3.38857
23
3.25823
33
-8.89967
0
3DFACE
8
C1
10
-3.56425
20
3.22417
30
-8.76316
11
-3.58954
21
3.14989
31
-8.63287
12
-3.44133
22
3.12702
32
-8.62352
13
-3.41594
23
3.20053
33
-8.75449
0
3DFACE
8
C1
10
-3.58954
20
3.14989
30
-8.63287
11
-3.61287
21
3.05990
31
-8.51669
12
-3.46472
22
3.03758
32
-8.50684
13
-3.44133
23
3.12702
33
-8.62352
0
3DFACE
8
C1
10
-3.61287
20
3.05990
30
-8.51669
11
-3.63422
21
2.95409
31
-8.41470
12
-3.48613
22
2.93220
32
-8.40445
13
-3.46472
23
3.03758
33
-8.50684
0
3DFACE
8
C1
10
-3.63422
20
2.95409
30
-8.41470
11
-3.65357
21
2.83235
31
-8.32700
12
-3.50555
22
2.81101
32
-8.31627
13
-3.48613
23
2.93220
33
-8.40445
0
3DFACE
8
C1
10
-3.65357
20
2.83235
30
-8.32700
11
-3.67095
21
2.69479
31
-8.25351
12
-3.52297
22
2.67378
32
-8.24248
13
-3.50555
23
2.81101
33
-8.31627
0
3DFACE
8
C1
10
-3.67095
20
2.69479
30
-8.25351
11
-3.68932
21
2.56514
31
-8.17292
12
-3.54138
22
2.54446
32
-8.16159
13
-3.52297
23
2.67378
33
-8.24248
0
3DFACE
8
C1
10
-3.68932
20
2.56514
30
-8.17292
11
-3.70867
21
2.44339
31
-8.08522
12
-3.56079
22
2.42316
32
-8.07350
13
-3.54138
23
2.54446
33
-8.16159
0
3DFACE
8
C1
10
-3.70867
20
2.44339
30
-8.08522
11
-3.72902
21
2.32956
31
-7.99043
12
-3.58119
22
2.30977
32
-7.97831
13
-3.56079
23
2.42316
33
-8.07350
0
3DFACE
8
C1
10
-3.72902
20
2.32956
30
-7.99043
11
-3.75035
21
2.22364
31
-7.88854
12
-3.60260
22
2.20450
32
-7.87583
13
-3.58119
23
2.30977
33
-7.97831
0
3DFACE
8
C1
10
-3.75035
20
2.22364
30
-7.88854
11
-3.77269
21
2.12574
31
-7.77945
12
-3.62501
22
2.10715
32
-7.76625
13
-3.60260
23
2.20450
33
-7.87583
0
3DFACE
8
C1
10
-3.77269
20
2.12574
30
-7.77945
11
-3.79394
21
2.01916
31
-7.67815
12
-3.64623
22
2.00035
32
-7.66515
13
-3.62501
23
2.10715
33
-7.76625
0
3DFACE
8
C1
10
-3.79394
20
2.01916
30
-7.67815
11
-3.81411
21
1.90390
31
-7.58464
12
-3.66628
22
1.88410
32
-7.57253
13
-3.64623
23
2.00035
33
-7.66515
0
3DFACE
8
C1
10
-3.81411
20
1.90390
30
-7.58464
11
-3.83320
21
1.78007
31
-7.49882
12
-3.68515
22
1.75852
32
-7.48828
13
-3.66628
23
1.88410
33
-7.57253
0
3DFACE
8
C1
10
-3.83320
20
1.78007
30
-7.49882
11
-3.85122
21
1.64767
31
-7.42070
12
-3.70285
22
1.62348
32
-7.41252
13
-3.68515
23
1.75852
33
-7.48828
0
3DFACE
8
C1
10
-3.85122
20
1.64767
30
-7.42070
11
-3.86816
21
1.50660
31
-7.35036
12
-3.71936
22
1.47900
32
-7.34524
13
-3.70285
23
1.62348
33
-7.41252
0
3DFACE
8
C1
10
-3.86816
20
1.50660
30
-7.35036
11
-3.88572
21
1.37047
31
-7.27558
12
-3.73665
22
1.34078
32
-7.27234
13
-3.71936
23
1.47900
33
-7.34524
0
3DFACE
8
C1
10
-3.88572
20
1.37047
30
-7.27558
11
-3.90388
21
1.23917
31
-7.19647
12
-3.75470
22
1.20860
32
-7.19401
13
-3.73665
23
1.34078
33
-7.27234
0
3DFACE
8
C1
10
-3.90388
20
1.23917
30
-7.19647
11
-3.92264
21
1.11270
31
-7.11301
12
-3.77352
22
1.08258
32
-7.11017
13
-3.75470
23
1.20860
33
-7.19401
0
3DFACE
8
C1
10
-3.92264
20
1.11270
30
-7.11301
11
-3.94203
21
0.99118
31
-7.02512
12
-3.79310
22
0.96260
32
-7.02090
13
-3.77352
23
1.08258
33
-7.11017
0
3DFACE
8
C1
10
-3.94203
20
0.99118
30
-7.02512
11
-3.96203
21
0.87460
31
-6.93280
12
-3.81346
22
0.84887
32
-6.92600
13
-3.79310
23
0.96260
33
-7.02090
0
3DFACE
8
C1
10
-3.96203
20
0.87460
30
-6.93280
11
-3.98283
21
0.76440
31
-6.83475
12
-3.83452
22
0.74076
32
-6.82609
13
-3.81346
23
0.84887
33
-6.92600
0
3DFACE
8
C1
10
-3.98283
20
0.76440
30
-6.83475
11
-4.00442
21
0.66056
31
-6.73099
12
-3.85626
22
0.63813
32
-6.72124
13
-3.83452
23
0.74076
33
-6.82609
0
3DFACE
8
C1
10
-4.00442
20
0.66056
30
-6.73099
11
-4.02682
21
0.56310
31
-6.62151
12
-3.87874
22
0.54133
32
-6.61116
13
-3.85626
23
0.63813
33
-6.72124
0
3DFACE
8
C1
10
-4.02682
20
0.56310
30
-6.62151
11
-4.05002
21
0.47212
31
-6.50620
12
-3.90190
22
0.45002
32
-6.49616
13
-3.87874
23
0.54133
33
-6.61116
0
3DFACE
8
C1
10
-4.05002
20
0.47212
30
-6.50620
11
-4.07400
21
0.38740
31
-6.38528
12
-3.92578
22
0.36442
32
-6.37603
13
-3.90190
23
0.45002
33
-6.49616
0
3DFACE
8
C1
10
-4.07400
20
0.38740
30
-6.38528
11
-4.09763
21
0.29983
31
-6.26693
12
-3.94930
22
0.27597
32
-6.25846
13
-3.92578
23
0.36442
33
-6.37603
0
3DFACE
8
C1
10
-4.09763
20
0.29983
30
-6.26693
11
-4.12088
21
0.20918
31
-6.15133
12
-3.97247
22
0.18477
32
-6.14335
13
-3.94930
23
0.27597
33
-6.25846
0
3DFACE
8
C1
10
-3.11364
20
4.37801
30
-10.25813
11
-3.13257
21
4.25286
31
-10.17350
12
-2.98871
22
4.26481
32
-10.13289
13
-2.97138
23
4.40270
33
-10.20608
0
3DFACE
8
C1
10
-3.13257
20
4.25286
30
-10.17350
11
-3.15239
21
4.13485
31
-10.08245
12
-3.00694
22
4.13406
32
-10.05328
13
-2.98871
23
4.26481
33
-10.13289
0
3DFACE
8
C1
10
-3.15239
20
4.13485
30
-10.08245
11
-3.17316
21
4.02443
31
-9.98461
12
-3.02610
22
4.01078
32
-9.96697
13
-3.00694
23
4.13406
33
-10.05328
0
3DFACE
8
C1
10
-3.17316
20
4.02443
30
-9.98461
11
-3.19626
21
3.93257
31
-9.87009
12
-3.04781
22
3.90783
32
-9.86241
13
-3.02610
23
4.01078
33
-9.96697
0
3DFACE
8
C1
10
-3.19626
20
3.93257
30
-9.87009
11
-3.22105
21
3.85433
31
-9.74336
12
-3.07255
22
3.82915
32
-9.73607
13
-3.04781
23
3.90783
33
-9.86241
0
3DFACE
8
C1
10
-3.22105
20
3.85433
30
-9.74336
11
-3.24494
21
3.76884
31
-9.62312
12
-3.09640
22
3.74334
32
-9.61613
13
-3.07255
23
3.82915
33
-9.73607
0
3DFACE
8
C1
10
-3.24494
20
3.76884
30
-9.62312
11
-3.26790
21
3.67589
31
-9.50960
12
-3.11934
22
3.65027
32
-9.50271
13
-3.09640
23
3.74334
33
-9.61613
0
3DFACE
8
C1
10
-3.26790
20
3.67589
30
-9.50960
11
-3.28988
21
3.57513
31
-9.40307
12
-3.14132
22
3.54951
32
-9.39618
13
-3.11934
23
3.65027
33
-9.50271
0
3DFACE
8
C1
10
-3.28988
20
3.57513
30
-9.40307
11
-3.31295
21
3.48305
31
-9.28876
12
-3.16440
22
3.45754
32
-9.28177
13
-3.14132
23
3.54951
33
-9.39618
0
3DFACE
8
C1
10
-3.31295
20
3.48305
30
-9.28876
11
-3.33708
21
3.39954
31
-9.16675
12
-3.18859
22
3.37447
32
-9.15937
13
-3.16440
23
3.45754
33
-9.28177
0
3DFACE
8
C1
10
-3.33708
20
3.39954
30
-9.16675
11
-3.36229
21
3.32460
31
-9.03706
12
-3.21389
22
3.30019
32
-9.02908
13
-3.18859
23
3.37447
33
-9.15937
0
3DFACE
8
C1
10
-3.36229
20
3.32460
30
-9.03706
11
-3.38857
21
3.25823
31
-8.89967
12
-3.24028
22
3.23469
32
-8.89091
13
-3.21389
23
3.30019
33
-9.02908
0
3DFACE
8
C1
10
-3.38857
20
3.25823
30
-8.89967
11
-3.41594
21
3.20053
31
-8.75449
12
-3.26779
22
3.17821
32
-8.74465
13
-3.24028
23
3.23469
33
-8.89091
0
3DFACE
8
C1
10
-3.41594
20
3.20053
30
-8.75449
11
-3.44133
21
3.12702
31
-8.62352
12
-3.29328
22
3.10547
32
-8.61298
13
-3.26779
23
3.17821
33
-8.74465
0
3DFACE
8
C1
10
-3.44133
20
3.12702
30
-8.62352
11
-3.46472
21
3.03758
31
-8.50684
12
-3.31674
22
3.01657
32
-8.49580
13
-3.29328
23
3.10547
33
-8.61298
0
3DFACE
8
C1
10
-3.46472
20
3.03758
30
-8.50684
11
-3.48613
21
2.93220
31
-8.40445
12
-3.33819
22
2.91153
32
-8.39312
13
-3.31674
23
3.01657
33
-8.49580
0
3DFACE
8
C1
10
-3.48613
20
2.93220
30
-8.40445
11
-3.50555
21
2.81101
31
-8.31627
12
-3.35760
22
2.79023
32
-8.30504
13
-3.33819
23
2.91153
33
-8.39312
0
3DFACE
8
C1
10
-3.50555
20
2.81101
30
-8.31627
11
-3.52297
21
2.67378
31
-8.24248
12
-3.37499
22
2.65278
32
-8.23144
13
-3.35760
23
2.79023
33
-8.30504
0
3DFACE
8
C1
10
-3.52297
20
2.67378
30
-8.24248
11
-3.54138
21
2.54446
31
-8.16159
12
-3.39341
22
2.52357
32
-8.15046
13
-3.37499
23
2.65278
33
-8.23144
0
3DFACE
8
C1
10
-3.54138
20
2.54446
30
-8.16159
11
-3.56079
21
2.42316
31
-8.07350
12
-3.41288
22
2.40270
32
-8.06197
13
-3.39341
23
2.52357
33
-8.15046
0
3DFACE
8
C1
10
-3.56079
20
2.42316
30
-8.07350
11
-3.58119
21
2.30977
31
-7.97831
12
-3.43339
22
2.29019
32
-7.96600
13
-3.41288
23
2.40270
33
-8.06197
0
3DFACE
8
C1
10
-3.58119
20
2.30977
30
-7.97831
11
-3.60260
21
2.20450
31
-7.87583
12
-3.45494
22
2.18603
32
-7.86253
13
-3.43339
23
2.29019
33
-7.96600
0
3DFACE
8
C1
10
-3.60260
20
2.20450
30
-7.87583
11
-3.62501
21
2.10715
31
-7.76625
12
-3.47755
22
2.09032
32
-7.75147
13
-3.45494
23
2.18603
33
-7.86253
0
3DFACE
8
C1
10
-3.62501
20
2.10715
30
-7.76625
11
-3.64623
21
2.00035
31
-7.66515
12
-3.49883
22
1.98396
32
-7.64997
13
-3.47755
23
2.09032
33
-7.75147
0
3DFACE
8
C1
10
-3.64623
20
2.00035
30
-7.66515
11
-3.66628
21
1.88410
31
-7.57253
12
-3.51878
22
1.86694
32
-7.55804
13
-3.49883
23
1.98396
33
-7.64997
0
3DFACE
8
C1
10
-3.66628
20
1.88410
30
-7.57253
11
-3.68515
21
1.75852
31
-7.48828
12
-3.53742
22
1.73949
32
-7.47548
13
-3.51878
23
1.86694
33
-7.55804
0
3DFACE
8
C1
10
-3.68515
20
1.75852
30
-7.48828
11
-3.70285
21
1.62348
31
-7.41252
12
-3.55474
22
1.60149
32
-7.40238
13
-3.53742
23
1.73949
33
-7.47548
0
3DFACE
8
C1
10
-3.70285
20
1.62348
30
-7.41252
11
-3.71936
21
1.47900
31
-7.34524
12
-3.57076
22
1.45305
32
-7.33864
13
-3.55474
23
1.60149
33
-7.40238
0
3DFACE
8
C1
10
-3.71936
20
1.47900
30
-7.34524
11
-3.73665
21
1.34078
31
-7.27234
12
-3.58771
22
1.31209
32
-7.26821
13
-3.57076
23
1.45305
33
-7.33864
0
3DFACE
8
C1
10
-3.73665
20
1.34078
30
-7.27234
11
-3.75470
21
1.20860
31
-7.19401
12
-3.60560
22
1.17859
32
-7.19106
13
-3.58771
23
1.31209
33
-7.26821
0
3DFACE
8
C1
10
-3.75470
20
1.20860
30
-7.19401
11
-3.77352
21
1.08258
31
-7.11017
12
-3.62442
22
1.05257
32
-7.10722
13
-3.60560
23
1.17859
33
-7.19106
0
3DFACE
8
C1
10
-3.77352
20
1.08258
30
-7.11017
11
-3.79310
21
0.96260
31
-7.02090
12
-3.64418
22
0.93412
32
-7.01657
13
-3.62442
23
1.05257
33
-7.10722
0
3DFACE
8
C1
10
-3.79310
20
0.96260
30
-7.02090
11
-3.81346
21
0.84887
31
-6.92600
12
-3.66487
22
0.82304
32
-6.91931
13
-3.64418
23
0.93412
33
-7.01657
0
3DFACE
8
C1
10
-3.81346
20
0.84887
30
-6.92600
11
-3.83452
21
0.74076
31
-6.82609
12
-3.68619
22
0.71700
32
-6.81752
13
-3.66487
23
0.82304
33
-6.91931
0
3DFACE
8
C1
10
-3.83452
20
0.74076
30
-6.82609
11
-3.85626
21
0.63813
31
-6.72124
12
-3.70815
22
0.61603
32
-6.71119
13
-3.68619
23
0.71700
33
-6.81752
0
3DFACE
8
C1
10
-3.85626
20
0.63813
30
-6.72124
11
-3.87874
21
0.54133
31
-6.61116
12
-3.73072
22
0.51999
32
-6.60043
13
-3.70815
23
0.61603
33
-6.71119
0
3DFACE
8
C1
10
-3.87874
20
0.54133
30
-6.61116
11
-3.90190
21
0.45002
31
-6.49616
12
-3.75392
22
0.42901
32
-6.48512
13
-3.73072
23
0.51999
33
-6.60043
0
3DFACE
8
C1
10
-3.90190
20
0.45002
30
-6.49616
11
-3.92578
21
0.36442
31
-6.37603
12
-3.77774
22
0.34298
32
-6.36539
13
-3.75392
23
0.42901
33
-6.48512
0
3DFACE
8
C1
10
-3.92578
20
0.36442
30
-6.37603
11
-3.94930
21
0.27597
31
-6.25846
12
-3.80122
22
0.25419
32
-6.24811
13
-3.77774
23
0.34298
33
-6.36539
0
3DFACE
8
C1
10
-3.94930
20
0.27597
30
-6.25846
11
-3.97247
21
0.18477
31
-6.14335
12
-3.82438
22
0.16288
32
-6.13311
13
-3.80122
23
0.25419
33
-6.24811
0
3DFACE
8
C1
10
-2.97138
20
4.40270
30
-10.20608
11
-2.98871
21
4.26481
31
-10.13289
12
-2.84323
22
4.26380
32
-10.10391
13
-2.82613
23
4.40356
33
-10.17543
0
3DFACE
8
C1
10
-2.98871
20
4.26481
30
-10.13289
11
-3.00694
21
4.13406
31
-10.05328
12
-2.86116
22
4.13064
32
-10.02647
13
-2.84323
23
4.26380
33
-10.10391
0
3DFACE
8
C1
10
-3.00694
20
4.13406
30
-10.05328
11
-3.02610
21
4.01078
31
-9.96697
12
-2.87998
22
4.00461
32
-9.94262
13
-2.86116
23
4.13064
33
-10.02647
0
3DFACE
8
C1
10
-3.02610
20
4.01078
30
-9.96697
11
-3.04781
21
3.90783
31
-9.86241
12
-2.90021
22
3.88990
32
-9.84862
13
-2.87998
23
4.00461
33
-9.94262
0
3DFACE
8
C1
10
-3.04781
20
3.90783
30
-9.86241
11
-3.07255
21
3.82915
31
-9.73607
12
-2.92373
22
3.80145
32
-9.73105
13
-2.90021
23
3.88990
33
-9.84862
0
3DFACE
8
C1
10
-3.07255
20
3.82915
30
-9.73607
11
-3.09640
21
3.74334
31
-9.61613
12
-2.94759
22
3.71574
32
-9.61102
13
-2.92373
23
3.80145
33
-9.73105
0
3DFACE
8
C1
10
-3.09640
20
3.74334
30
-9.61613
11
-3.11934
21
3.65027
31
-9.50271
12
-2.97062
22
3.62333
32
-9.49700
13
-2.94759
23
3.71574
33
-9.61102
0
3DFACE
8
C1
10
-3.11934
20
3.65027
30
-9.50271
11
-3.14132
21
3.54951
31
-9.39618
12
-2.99274
22
3.52367
32
-9.38949
13
-2.97062
23
3.62333
33
-9.49700
0
3DFACE
8
C1
10
-3.14132
20
3.54951
30
-9.39618
11
-3.16440
21
3.45754
31
-9.28177
12
-3.01595
22
3.43280
32
-9.27409
13
-2.99274
23
3.52367
33
-9.38949
0
3DFACE
8
C1
10
-3.16440
20
3.45754
30
-9.28177
11
-3.18859
21
3.37447
31
-9.15937
12
-3.04027
22
3.35072
32
-9.15080
13
-3.01595
23
3.43280
33
-9.27409
0
3DFACE
8
C1
10
-3.18859
20
3.37447
30
-9.15937
11
-3.21389
21
3.30019
31
-9.02908
12
-3.06569
22
3.27742
32
-9.01963
13
-3.04027
23
3.35072
33
-9.15080
0
3DFACE
8
C1
10
-3.21389
20
3.30019
30
-9.02908
11
-3.24028
21
3.23469
31
-8.89091
12
-3.09220
22
3.21292
32
-8.88056
13
-3.06569
23
3.27742
33
-9.01963
0
3DFACE
8
C1
10
-3.24028
20
3.23469
30
-8.89091
11
-3.26779
21
3.17821
31
-8.74465
12
-3.11981
22
3.15720
32
-8.73361
13
-3.09220
23
3.21292
33
-8.88056
0
3DFACE
8
C1
10
-3.26779
20
3.17821
30
-8.74465
11
-3.29328
21
3.10547
31
-8.61298
12
-3.14537
22
3.08501
32
-8.60145
13
-3.11981
23
3.15720
33
-8.73361
0
3DFACE
8
C1
10
-3.29328
20
3.10547
30
-8.61298
11
-3.31674
21
3.01657
31
-8.49580
12
-3.16886
22
2.99634
32
-8.48408
13
-3.14537
23
3.08501
33
-8.60145
0
3DFACE
8
C1
10
-3.31674
20
3.01657
30
-8.49580
11
-3.33819
21
2.91153
31
-8.39312
12
-3.19030
22
2.89129
32
-8.38140
13
-3.16886
23
2.99634
33
-8.48408
0
3DFACE
8
C1
10
-3.33819
20
2.91153
30
-8.39312
11
-3.35760
21
2.79023
31
-8.30504
12
-3.20967
22
2.76966
32
-8.29361
13
-3.19030
23
2.89129
33
-8.38140
0
3DFACE
8
C1
10
-3.35760
20
2.79023
30
-8.30504
11
-3.37499
21
2.65278
31
-8.23144
12
-3.22699
22
2.63166
32
-8.22051
13
-3.20967
23
2.76966
33
-8.29361
0
3DFACE
8
C1
10
-3.37499
20
2.65278
30
-8.23144
11
-3.39341
21
2.52357
31
-8.15046
12
-3.24542
22
2.50245
32
-8.13952
13
-3.22699
23
2.63166
33
-8.22051
0
3DFACE
8
C1
10
-3.39341
20
2.52357
30
-8.15046
11
-3.41288
21
2.40270
31
-8.06197
12
-3.26492
22
2.38192
32
-8.05074
13
-3.24542
23
2.50245
33
-8.13952
0
3DFACE
8
C1
10
-3.41288
20
2.40270
30
-8.06197
11
-3.43339
21
2.29019
31
-7.96600
12
-3.28553
22
2.27017
32
-7.95408
13
-3.26492
23
2.38192
33
-8.05074
0
3DFACE
8
C1
10
-3.43339
20
2.29019
30
-7.96600
11
-3.45494
21
2.18603
31
-7.86253
12
-3.30723
22
2.16722
32
-7.84953
13
-3.28553
23
2.27017
33
-7.95408
0
3DFACE
8
C1
10
-3.45494
20
2.18603
30
-7.86253
11
-3.47755
21
2.09032
31
-7.75147
12
-3.33004
22
2.07305
32
-7.73709
13
-3.30723
23
2.16722
33
-7.84953
0
3DFACE
8
C1
10
-3.47755
20
2.09032
30
-7.75147
11
-3.49883
21
1.98396
31
-7.64997
12
-3.35137
22
1.96713
32
-7.63519
13
-3.33004
23
2.07305
33
-7.73709
0
3DFACE
8
C1
10
-3.49883
20
1.98396
30
-7.64997
11
-3.51878
21
1.86694
31
-7.55804
12
-3.37124
22
1.84945
32
-7.54385
13
-3.35137
23
1.96713
33
-7.63519
0
3DFACE
8
C1
10
-3.51878
20
1.86694
30
-7.55804
11
-3.53742
21
1.73949
31
-7.47548
12
-3.38964
22
1.72013
32
-7.46296
13
-3.37124
23
1.84945
33
-7.54385
0
3DFACE
8
C1
10
-3.53742
20
1.73949
30
-7.47548
11
-3.55474
21
1.60149
31
-7.40238
12
-3.40661
22
1.57928
32
-7.39243
13
-3.38964
23
1.72013
33
-7.46296
0
3DFACE
8
C1
10
-3.55474
20
1.60149
30
-7.40238
11
-3.57076
21
1.45305
31
-7.33864
12
-3.42212
22
1.42678
32
-7.33234
13
-3.40661
23
1.57928
33
-7.39243
0
3DFACE
8
C1
10
-3.57076
20
1.45305
30
-7.33864
11
-3.58771
21
1.31209
31
-7.26821
12
-3.43875
22
1.28328
32
-7.26417
13
-3.42212
23
1.42678
33
-7.33234
0
3DFACE
8
C1
10
-3.58771
20
1.31209
30
-7.26821
11
-3.60560
21
1.17859
31
-7.19106
12
-3.45652
22
1.14880
32
-7.18792
13
-3.43875
23
1.28328
33
-7.26417
0
3DFACE
8
C1
10
-3.60560
20
1.17859
30
-7.19106
11
-3.62442
21
1.05257
31
-7.10722
12
-3.47539
22
1.02321
32
-7.10368
13
-3.45652
23
1.14880
33
-7.18792
0
3DFACE
8
C1
10
-3.62442
20
1.05257
30
-7.10722
11
-3.64418
21
0.93412
31
-7.01657
12
-3.49538
22
0.90652
32
-7.01145
13
-3.47539
23
1.02321
33
-7.10368
0
3DFACE
8
C1
10
-3.64418
20
0.93412
30
-7.01657
11
-3.66487
21
0.82304
31
-6.91931
12
-3.51649
22
0.79884
32
-6.91114
13
-3.49538
23
0.90652
33
-7.01145
0
3DFACE
8
C1
10
-3.66487
20
0.82304
30
-6.91931
11
-3.68619
21
0.71700
31
-6.81752
12
-3.53814
22
0.69545
32
-6.80698
13
-3.51649
23
0.79884
33
-6.91114
0
3DFACE
8
C1
10
-3.68619
20
0.71700
30
-6.81752
11
-3.70815
21
0.61603
31
-6.71119
12
-3.56033
22
0.59634
32
-6.69897
13
-3.53814
23
0.69545
33
-6.80698
0
3DFACE
8
C1
10
-3.70815
20
0.61603
30
-6.71119
11
-3.73072
21
0.51999
31
-6.60043
12
-3.58304
22
0.50140
32
-6.58722
13
-3.56033
23
0.59634
33
-6.69897
0
3DFACE
8
C1
10
-3.73072
20
0.51999
30
-6.60043
11
-3.75392
21
0.42901
31
-6.48512
12
-3.60630
22
0.41086
32
-6.47153
13
-3.58304
23
0.50140
33
-6.58722
0
3DFACE
8
C1
10
-3.75392
20
0.42901
30
-6.48512
11
-3.77774
21
0.34298
31
-6.36539
12
-3.63008
22
0.32450
32
-6.35209
13
-3.60630
23
0.41086
33
-6.47153
0
3DFACE
8
C1
10
-3.77774
20
0.34298
30
-6.36539
11
-3.80122
21
0.25419
31
-6.24811
12
-3.65353
22
0.23549
32
-6.23501
13
-3.63008
23
0.32450
33
-6.35209
0
3DFACE
8
C1
10
-3.80122
20
0.25419
30
-6.24811
11
-3.82438
21
0.16288
31
-6.13311
12
-3.67666
22
0.14396
32
-6.12020
13
-3.65353
23
0.23549
33
-6.23501
0
3DFACE
8
C1
10
-2.82613
20
4.40356
30
-10.17543
11
-2.84323
21
4.26380
31
-10.10391
12
-2.69792
22
4.26411
32
-10.07375
13
-2.68101
23
4.40541
33
-10.14389
0
3DFACE
8
C1
10
-2.84323
20
4.26380
30
-10.10391
11
-2.86116
21
4.13064
31
-10.02647
12
-2.71560
22
4.12897
32
-9.99808
13
-2.69792
23
4.26411
33
-10.07375
0
3DFACE
8
C1
10
-2.86116
20
4.13064
30
-10.02647
11
-2.87998
21
4.00461
31
-9.94262
12
-2.73411
22
4.00052
32
-9.91641
13
-2.71560
23
4.12897
33
-9.99808
0
3DFACE
8
C1
10
-2.87998
20
4.00461
30
-9.94262
11
-2.90021
21
3.88990
31
-9.84862
12
-2.75292
22
3.87439
32
-9.83266
13
-2.73411
23
4.00052
33
-9.91641
0
3DFACE
8
C1
10
-2.90021
20
3.88990
30
-9.84862
11
-2.92373
21
3.80145
31
-9.73105
12
-2.77526
22
3.77649
32
-9.72357
13
-2.75292
23
3.87439
33
-9.83266
0
3DFACE
8
C1
10
-2.92373
20
3.80145
30
-9.73105
11
-2.94759
21
3.71574
31
-9.61102
12
-2.79915
22
3.69100
32
-9.60334
13
-2.77526
23
3.77649
33
-9.72357
0
3DFACE
8
C1
10
-2.94759
20
3.71574
30
-9.61102
11
-2.97062
21
3.62333
31
-9.49700
12
-2.82228
22
3.59947
32
-9.48853
13
-2.79915
23
3.69100
33
-9.60334
0
3DFACE
8
C1
10
-2.97062
20
3.62333
30
-9.49700
11
-2.99274
21
3.52367
31
-9.38949
12
-2.84458
22
3.50124
32
-9.37974
13
-2.82228
23
3.59947
33
-9.48853
0
3DFACE
8
C1
10
-2.99274
20
3.52367
30
-9.38949
11
-3.01595
21
3.43280
31
-9.27409
12
-2.86782
22
3.41059
32
-9.26414
13
-2.84458
23
3.50124
33
-9.37974
0
3DFACE
8
C1
10
-3.01595
20
3.43280
30
-9.27409
11
-3.04027
21
3.35072
31
-9.15080
12
-2.89217
22
3.32872
32
-9.14066
13
-2.86782
23
3.41059
33
-9.26414
0
3DFACE
8
C1
10
-3.04027
20
3.35072
30
-9.15080
11
-3.06569
21
3.27742
31
-9.01963
12
-2.91762
22
3.25576
32
-9.00919
13
-2.89217
23
3.32872
33
-9.14066
0
3DFACE
8
C1
10
-3.06569
20
3.27742
30
-9.01963
11
-3.09220
21
3.21292
31
-8.88056
12
-2.94419
22
3.19170
32
-8.86973
13
-2.91762
23
3.25576
33
-9.00919
0
3DFACE
8
C1
10
-3.09220
20
3.21292
30
-8.88056
11
-3.11981
21
3.15720
31
-8.73361
12
-2.97187
22
3.13653
32
-8.72228
13
-2.94419
23
3.19170
33
-8.86973
0
3DFACE
8
C1
10
-3.11981
20
3.15720
30
-8.73361
11
-3.14537
21
3.08501
31
-8.60145
12
-2.99752
22
3.06510
32
-8.58943
13
-2.97187
23
3.13653
33
-8.72228
0
3DFACE
8
C1
10
-3.14537
20
3.08501
30
-8.60145
11
-3.16886
21
2.99634
31
-8.48408
12
-3.02107
22
2.97687
32
-8.47167
13
-2.99752
23
3.06510
33
-8.58943
0
3DFACE
8
C1
10
-3.16886
20
2.99634
30
-8.48408
11
-3.19030
21
2.89129
31
-8.38140
12
-3.04253
22
2.87194
32
-8.36889
13
-3.02107
23
2.97687
33
-8.47167
0
3DFACE
8
C1
10
-3.19030
20
2.89129
30
-8.38140
11
-3.20967
21
2.76966
31
-8.29361
12
-3.06188
22
2.75020
32
-8.28120
13
-3.04253
23
2.87194
33
-8.36889
0
3DFACE
8
C1
10
-3.20967
20
2.76966
30
-8.29361
11
-3.22699
21
2.63166
31
-8.22051
12
-3.07915
22
2.61176
32
-8.20849
13
-3.06188
23
2.75020
33
-8.28120
0
3DFACE
8
C1
10
-3.22699
20
2.63166
30
-8.22051
11
-3.24542
21
2.50245
31
-8.13952
12
-3.09752
22
2.48210
32
-8.12790
13
-3.07915
23
2.61176
33
-8.20849
0
3DFACE
8
C1
10
-3.24542
20
2.50245
30
-8.13952
11
-3.26492
21
2.38192
31
-8.05074
12
-3.11702
22
2.36157
32
-8.03912
13
-3.09752
23
2.48210
33
-8.12790
0
3DFACE
8
C1
10
-3.26492
20
2.38192
30
-8.05074
11
-3.28553
21
2.27017
31
-7.95408
12
-3.13764
22
2.24994
32
-7.94236
13
-3.11702
23
2.36157
33
-8.03912
0
3DFACE
8
C1
10
-3.28553
20
2.27017
30
-7.95408
11
-3.30723
21
2.16722
31
-7.84953
12
-3.15939
22
2.14731
32
-7.83751
13
-3.13764
23
2.24994
33
-7.94236
0
3DFACE
8
C1
10
-3.30723
20
2.16722
30
-7.84953
11
-3.33004
21
2.07305
31
-7.73709
12
-3.18228
22
2.05381
32
-7.72448
13
-3.15939
23
2.14731
33
-7.83751
0
3DFACE
8
C1
10
-3.33004
20
2.07305
30
-7.73709
11
-3.35137
21
1.96713
31
-7.63519
12
-3.20360
22
1.94777
32
-7.62268
13
-3.18228
23
2.05381
33
-7.72448
0
3DFACE
8
C1
10
-3.35137
20
1.96713
30
-7.63519
11
-3.37124
21
1.84945
31
-7.54385
12
-3.22335
22
1.82922
32
-7.53213
13
-3.20360
23
1.94777
33
-7.62268
0
3DFACE
8
C1
10
-3.37124
20
1.84945
30
-7.54385
11
-3.38964
21
1.72013
31
-7.46296
12
-3.24155
22
1.69825
32
-7.45272
13
-3.22335
23
1.82922
33
-7.53213
0
3DFACE
8
C1
10
-3.38964
20
1.72013
30
-7.46296
11
-3.40661
21
1.57928
31
-7.39243
12
-3.25822
22
1.55498
32
-7.38435
13
-3.24155
23
1.69825
33
-7.45272
0
3DFACE
8
C1
10
-3.40661
20
1.57928
30
-7.39243
11
-3.42212
21
1.42678
31
-7.33234
12
-3.27334
22
1.39940
32
-7.32703
13
-3.25822
23
1.55498
33
-7.38435
0
3DFACE
8
C1
10
-3.42212
20
1.42678
30
-7.33234
11
-3.43875
21
1.28328
31
-7.26417
12
-3.28974
22
1.25404
32
-7.26054
13
-3.27334
23
1.39940
33
-7.32703
0
3DFACE
8
C1
10
-3.43875
20
1.28328
30
-7.26417
11
-3.45652
21
1.14880
31
-7.18792
12
-3.30744
22
1.11900
32
-7.18478
13
-3.28974
23
1.25404
33
-7.26054
0
3DFACE
8
C1
10
-3.45652
20
1.14880
30
-7.18792
11
-3.47539
21
1.02321
31
-7.10368
12
-3.32641
22
0.99419
32
-7.09984
13
-3.30744
23
1.11900
33
-7.18478
0
3DFACE
8
C1
10
-3.47539
20
1.02321
30
-7.10368
11
-3.49538
21
0.90652
31
-7.01145
12
-3.34667
22
0.87970
32
-7.00564
13
-3.32641
23
0.99419
33
-7.09984
0
3DFACE
8
C1
10
-3.49538
20
0.90652
30
-7.01145
11
-3.51649
21
0.79884
31
-6.91114
12
-3.36824
22
0.77564
32
-6.90208
13
-3.34667
23
0.87970
33
-7.00564
0
3DFACE
8
C1
10
-3.51649
20
0.79884
30
-6.91114
11
-3.53814
21
0.69545
31
-6.80698
12
-3.39023
22
0.67499
32
-6.79545
13
-3.36824
23
0.77564
33
-6.90208
0
3DFACE
8
C1
10
-3.53814
20
0.69545
30
-6.80698
11
-3.56033
21
0.59634
31
-6.69897
12
-3.41267
22
0.57786
32
-6.68567
13
-3.39023
23
0.67499
33
-6.79545
0
3DFACE
8
C1
10
-3.56033
20
0.59634
30
-6.69897
11
-3.58304
21
0.50140
31
-6.58722
12
-3.43554
22
0.48424
32
-6.57274
13
-3.41267
23
0.57786
33
-6.68567
0
3DFACE
8
C1
10
-3.58304
20
0.50140
30
-6.58722
11
-3.60630
21
0.41086
31
-6.47153
12
-3.45884
22
0.39403
32
-6.45675
13
-3.43554
23
0.48424
33
-6.57274
0
3DFACE
8
C1
10
-3.60630
20
0.41086
30
-6.47153
11
-3.63008
21
0.32450
31
-6.35209
12
-3.48256
22
0.30723
32
-6.33770
13
-3.45884
23
0.39403
33
-6.45675
0
3DFACE
8
C1
10
-3.63008
20
0.32450
30
-6.35209
11
-3.65353
21
0.23549
31
-6.23501
12
-3.50597
22
0.21789
32
-6.22092
13
-3.48256
23
0.30723
33
-6.33770
0
3DFACE
8
C1
10
-3.65353
20
0.23549
30
-6.23501
11
-3.67666
21
0.14396
31
-6.12020
12
-3.52908
22
0.12614
32
-6.10631
13
-3.50597
23
0.21789
33
-6.22092
0
3DFACE
8
C1
10
-2.68101
20
4.40541
30
-10.14389
11
-2.69792
21
4.26411
31
-10.07375
12
-2.55249
22
4.26354
32
-10.04437
13
-2.53472
23
4.39791
33
-10.12073
0
3DFACE
8
C1
10
-2.69792
20
4.26411
30
-10.07375
11
-2.71560
21
4.12897
31
-9.99808
12
-2.56998
22
4.12686
32
-9.97009
13
-2.55249
23
4.26354
33
-10.04437
0
3DFACE
8
C1
10
-2.71560
20
4.12897
30
-9.99808
11
-2.73411
21
4.00052
31
-9.91641
12
-2.58825
22
3.99644
32
-9.89019
13
-2.56998
23
4.12686
33
-9.97009
0
3DFACE
8
C1
10
-2.73411
20
4.00052
30
-9.91641
11
-2.75292
21
3.87439
31
-9.83266
12
-2.60693
22
3.86931
32
-9.80733
13
-2.58825
23
3.99644
33
-9.89019
0
3DFACE
8
C1
10
-2.75292
20
3.87439
30
-9.83266
11
-2.77526
21
3.77649
31
-9.72357
12
-2.62820
22
3.76284
32
-9.70593
13
-2.60693
23
3.86931
33
-9.80733
0
3DFACE
8
C1
10
-2.77526
20
3.77649
30
-9.72357
11
-2.79915
21
3.69100
31
-9.60334
12
-2.65129
22
3.67098
32
-9.59142
13
-2.62820
23
3.76284
33
-9.70593
0
3DFACE
8
C1
10
-2.79915
20
3.69100
30
-9.60334
11
-2.82228
21
3.59947
31
-9.48853
12
-2.67469
22
3.58154
32
-9.47474
13
-2.65129
23
3.67098
33
-9.59142
0
3DFACE
8
C1
10
-2.82228
20
3.59947
30
-9.48853
11
-2.84458
21
3.50124
31
-9.37974
12
-2.69734
22
3.48617
32
-9.36338
13
-2.67469
23
3.58154
33
-9.47474
0
3DFACE
8
C1
10
-2.84458
20
3.50124
30
-9.37974
11
-2.86782
21
3.41059
31
-9.26414
12
-2.72058
22
3.39551
32
-9.24778
13
-2.69734
23
3.48617
33
-9.36338
0
3DFACE
8
C1
10
-2.86782
20
3.41059
30
-9.26414
11
-2.89217
21
3.32872
31
-9.14066
12
-2.74484
22
3.31299
32
-9.12489
13
-2.72058
23
3.39551
33
-9.24778
0
3DFACE
8
C1
10
-2.89217
20
3.32872
30
-9.14066
11
-2.91762
21
3.25576
31
-9.00919
12
-2.77016
22
3.23893
32
-8.99441
13
-2.74484
23
3.31299
33
-9.12489
0
3DFACE
8
C1
10
-2.91762
20
3.25576
30
-9.00919
11
-2.94419
21
3.19170
31
-8.86973
12
-2.79658
22
3.17366
32
-8.85603
13
-2.77016
23
3.23893
33
-8.99441
0
3DFACE
8
C1
10
-2.94419
20
3.19170
30
-8.86973
11
-2.97187
21
3.13653
31
-8.72228
12
-2.82411
22
3.11728
32
-8.70967
13
-2.79658
23
3.17366
33
-8.85603
0
3DFACE
8
C1
10
-2.97187
20
3.13653
30
-8.72228
11
-2.99752
21
3.06510
31
-8.58943
12
-2.84980
22
3.04619
32
-8.57653
13
-2.82411
23
3.11728
33
-8.70967
0
3DFACE
8
C1
10
-2.99752
20
3.06510
30
-8.58943
11
-3.02107
21
2.97687
31
-8.47167
12
-2.87335
22
2.95795
32
-8.45876
13
-2.84980
23
3.04619
33
-8.57653
0
3DFACE
8
C1
10
-3.02107
20
2.97687
30
-8.47167
11
-3.04253
21
2.87194
31
-8.36889
12
-2.89481
22
2.85302
32
-8.35598
13
-2.87335
23
2.95795
33
-8.45876
0
3DFACE
8
C1
10
-3.04253
20
2.87194
30
-8.36889
11
-3.06188
21
2.75020
31
-8.28120
12
-2.91418
22
2.73139
32
-8.26819
13
-2.89481
23
2.85302
33
-8.35598
0
3DFACE
8
C1
10
-3.06188
20
2.75020
30
-8.28120
11
-3.07915
21
2.61176
31
-8.20849
12
-2.93142
22
2.59273
32
-8.19568
13
-2.91418
23
2.73139
33
-8.26819
0
3DFACE
8
C1
10
-3.07915
20
2.61176
30
-8.20849
11
-3.09752
21
2.48210
31
-8.12790
12
-2.94978
22
2.46308
32
-8.11509
13
-2.93142
23
2.59273
33
-8.19568
0
3DFACE
8
C1
10
-3.09752
20
2.48210
30
-8.12790
11
-3.11702
21
2.36157
31
-8.03912
12
-2.96928
22
2.34244
32
-8.02641
13
-2.94978
23
2.46308
33
-8.11509
0
3DFACE
8
C1
10
-3.11702
20
2.36157
30
-8.03912
11
-3.13764
21
2.24994
31
-7.94236
12
-2.98990
22
2.23080
32
-7.92965
13
-2.96928
23
2.34244
33
-8.02641
0
3DFACE
8
C1
10
-3.13764
20
2.24994
30
-7.94236
11
-3.15939
21
2.14731
31
-7.83751
12
-3.01166
22
2.12829
32
-7.82470
13
-2.98990
23
2.23080
33
-7.92965
0
3DFACE
8
C1
10
-3.15939
20
2.14731
30
-7.83751
11
-3.18228
21
2.05381
31
-7.72448
12
-3.03456
22
2.03489
32
-7.71157
13
-3.01166
23
2.12829
33
-7.82470
0
3DFACE
8
C1
10
-3.18228
20
2.05381
30
-7.72448
11
-3.20360
21
1.94777
31
-7.62268
12
-3.05582
22
1.92842
32
-7.61017
13
-3.03456
23
2.03489
33
-7.71157
0
3DFACE
8
C1
10
-3.20360
20
1.94777
30
-7.62268
11
-3.22335
21
1.82922
31
-7.53213
12
-3.07545
22
1.80887
32
-7.52051
13
-3.05582
23
1.92842
33
-7.61017
0
3DFACE
8
C1
10
-3.22335
20
1.82922
30
-7.53213
11
-3.24155
21
1.69825
31
-7.45272
12
-3.09345
22
1.67626
32
-7.44258
13
-3.07545
23
1.80887
33
-7.52051
0
3DFACE
8
C1
10
-3.24155
20
1.69825
30
-7.45272
11
-3.25822
21
1.55498
31
-7.38435
12
-3.10981
22
1.53057
32
-7.37638
13
-3.09345
23
1.67626
33
-7.44258
0
3DFACE
8
C1
10
-3.25822
20
1.55498
30
-7.38435
11
-3.27334
21
1.39940
31
-7.32703
12
-3.12455
22
1.37191
32
-7.32182
13
-3.10981
23
1.53057
33
-7.37638
0
3DFACE
8
C1
10
-3.27334
20
1.39940
30
-7.32703
11
-3.28974
21
1.25404
31
-7.26054
12
-3.14075
22
1.22490
32
-7.25680
13
-3.12455
23
1.37191
33
-7.32182
0
3DFACE
8
C1
10
-3.28974
20
1.25404
30
-7.26054
11
-3.30744
21
1.11900
31
-7.18478
12
-3.15840
22
1.08954
32
-7.18133
13
-3.14075
23
1.22490
33
-7.25680
0
3DFACE
8
C1
10
-3.30744
20
1.11900
30
-7.18478
11
-3.32641
21
0.99419
31
-7.09984
12
-3.17751
22
0.96582
32
-7.09542
13
-3.15840
23
1.08954
33
-7.18133
0
3DFACE
8
C1
10
-3.32641
20
0.99419
30
-7.09984
11
-3.34667
21
0.87970
31
-7.00564
12
-3.19806
22
0.85364
32
-6.99915
13
-3.17751
23
0.96582
33
-7.09542
0
3DFACE
8
C1
10
-3.34667
20
0.87970
30
-7.00564
11
-3.36824
21
0.77564
31
-6.90208
12
-3.22006
22
0.75310
32
-6.89242
13
-3.19806
23
0.85364
33
-6.99915
0
3DFACE
8
C1
10
-3.36824
20
0.77564
30
-6.90208
11
-3.39023
21
0.67499
31
-6.79545
12
-3.24240
22
0.65520
32
-6.78334
13
-3.22006
23
0.75310
33
-6.89242
0
3DFACE
8
C1
10
-3.39023
20
0.67499
30
-6.79545
11
-3.41267
21
0.57786
31
-6.68567
12
-3.26507
22
0.55993
32
-6.67188
13
-3.24240
23
0.65520
33
-6.78334
0
3DFACE
8
C1
10
-3.41267
20
0.57786
30
-6.68567
11
-3.43554
21
0.48424
31
-6.57274
12
-3.28807
22
0.46730
32
-6.55806
13
-3.26507
23
0.55993
33
-6.67188
0
3DFACE
8
C1
10
-3.43554
20
0.48424
30
-6.57274
11
-3.45884
21
0.39403
31
-6.45675
12
-3.31137
22
0.37709
32
-6.44207
13
-3.28807
23
0.46730
33
-6.55806
0
3DFACE
8
C1
10
-3.45884
20
0.39403
30
-6.45675
11
-3.48256
21
0.30723
31
-6.33770
12
-3.33499
22
0.28952
32
-6.32371
13
-3.31137
23
0.37709
33
-6.44207
0
3DFACE
8
C1
10
-3.48256
20
0.30723
30
-6.33770
11
-3.50597
21
0.21789
31
-6.22092
12
-3.35832
22
0.19953
32
-6.20752
13
-3.33499
23
0.28952
33
-6.32371
0
3DFACE
8
C1
10
-3.50597
20
0.21789
30
-6.22092
11
-3.52908
21
0.12614
31
-6.10631
12
-3.38136
22
0.10723
32
-6.09341
13
-3.35832
23
0.19953
33
-6.20752
0
3DFACE
8
C1
10
-2.53472
20
4.39791
30
-10.12073
11
-2.55249
21
4.26354
31
-10.04437
12
-2.40715
22
4.26363
32
-10.01441
13
-2.38845
23
4.39064
33
-10.09737
0
3DFACE
8
C1
10
-2.55249
20
4.26354
30
-10.04437
11
-2.56998
21
4.12686
31
-9.97009
12
-2.42448
22
4.12574
32
-9.94121
13
-2.40715
23
4.26363
33
-10.01441
0
3DFACE
8
C1
10
-2.56998
20
4.12686
30
-9.97009
11
-2.58825
21
3.99644
31
-9.89019
12
-2.44255
22
3.99367
32
-9.86279
13
-2.42448
23
4.12574
33
-9.94121
0
3DFACE
8
C1
10
-2.58825
20
3.99644
30
-9.89019
11
-2.60693
21
3.86931
31
-9.80733
12
-2.46116
22
3.86600
32
-9.78042
13
-2.44255
23
3.99367
33
-9.86279
0
3DFACE
8
C1
10
-2.60693
20
3.86931
30
-9.80733
11
-2.62820
21
3.76284
31
-9.70593
12
-2.48140
22
3.75129
32
-9.68642
13
-2.46116
23
3.86600
33
-9.78042
0
3DFACE
8
C1
10
-2.62820
20
3.76284
30
-9.70593
11
-2.65129
21
3.67098
31
-9.59142
12
-2.50376
22
3.65360
32
-9.57713
13
-2.48140
23
3.75129
33
-9.68642
0
3DFACE
8
C1
10
-2.65129
20
3.67098
30
-9.59142
11
-2.67469
21
3.58154
31
-9.47474
12
-2.52760
22
3.56768
32
-9.45729
13
-2.50376
23
3.65360
33
-9.57713
0
3DFACE
8
C1
10
-2.67469
20
3.58154
30
-9.47474
11
-2.69734
21
3.48617
31
-9.36338
12
-2.55075
22
3.47626
32
-9.34239
13
-2.52760
23
3.56768
33
-9.45729
0
3DFACE
8
C1
10
-2.69734
20
3.48617
30
-9.36338
11
-2.72058
21
3.39551
31
-9.24778
12
-2.57417
22
3.38703
32
-9.22551
13
-2.55075
23
3.47626
33
-9.34239
0
3DFACE
8
C1
10
-2.72058
20
3.39551
30
-9.24778
11
-2.74484
21
3.31299
31
-9.12489
12
-2.59832
22
3.30363
32
-9.10341
13
-2.57417
23
3.38703
33
-9.22551
0
3DFACE
8
C1
10
-2.74484
20
3.31299
30
-9.12489
11
-2.77016
21
3.23893
31
-8.99441
12
-2.62343
22
3.22792
32
-8.97440
13
-2.59832
23
3.30363
33
-9.10341
0
3DFACE
8
C1
10
-2.77016
20
3.23893
30
-8.99441
11
-2.79658
21
3.17366
31
-8.85603
12
-2.64956
22
3.16034
32
-8.83810
13
-2.62343
23
3.22792
33
-8.97440
0
3DFACE
8
C1
10
-2.79658
20
3.17366
30
-8.85603
11
-2.82411
21
3.11728
31
-8.70967
12
-2.67678
22
3.10144
32
-8.69401
13
-2.64956
23
3.16034
33
-8.83810
0
3DFACE
8
C1
10
-2.82411
20
3.11728
30
-8.70967
11
-2.84980
21
3.04619
31
-8.57653
12
-2.70236
22
3.02947
32
-8.56165
13
-2.67678
23
3.10144
33
-8.69401
0
3DFACE
8
C1
10
-2.84980
20
3.04619
30
-8.57653
11
-2.87335
21
2.95795
31
-8.45876
12
-2.72590
22
2.94123
32
-8.44388
13
-2.70236
23
3.02947
33
-8.56165
0
3DFACE
8
C1
10
-2.87335
20
2.95795
30
-8.45876
11
-2.89481
21
2.85302
31
-8.35598
12
-2.74732
22
2.83597
32
-8.34140
13
-2.72590
23
2.94123
33
-8.44388
0
3DFACE
8
C1
10
-2.89481
20
2.85302
30
-8.35598
11
-2.91418
21
2.73139
31
-8.26819
12
-2.76664
22
2.71390
32
-8.25400
13
-2.74732
23
2.83597
33
-8.34140
0
3DFACE
8
C1
10
-2.91418
20
2.73139
30
-8.26819
11
-2.93142
21
2.59273
31
-8.19568
12
-2.78385
22
2.57502
32
-8.18169
13
-2.76664
23
2.71390
33
-8.25400
0
3DFACE
8
C1
10
-2.93142
20
2.59273
30
-8.19568
11
-2.94978
21
2.46308
31
-8.11509
12
-2.80219
22
2.44515
32
-8.10130
13
-2.78385
23
2.57502
33
-8.18169
0
3DFACE
8
C1
10
-2.94978
20
2.46308
30
-8.11509
11
-2.96928
21
2.34244
31
-8.02641
12
-2.82165
22
2.32429
32
-8.01282
13
-2.80219
23
2.44515
33
-8.10130
0
3DFACE
8
C1
10
-2.96928
20
2.34244
30
-8.02641
11
-2.98990
21
2.23080
31
-7.92965
12
-2.84226
22
2.21254
32
-7.91615
13
-2.82165
23
2.32429
33
-8.01282
0
3DFACE
8
C1
10
-2.98990
20
2.23080
30
-7.92965
11
-3.01166
21
2.12829
31
-7.82470
12
-2.86401
22
2.10992
32
-7.81130
13
-2.84226
23
2.21254
33
-7.91615
0
3DFACE
8
C1
10
-3.01166
20
2.12829
30
-7.82470
11
-3.03456
21
2.03489
31
-7.71157
12
-2.88687
22
2.01619
32
-7.69847
13
-2.86401
23
2.10992
33
-7.81130
0
3DFACE
8
C1
10
-3.03456
20
2.03489
30
-7.71157
11
-3.05582
21
1.92842
31
-7.61017
12
-2.90805
22
1.90906
32
-7.59766
13
-2.88687
23
2.01619
33
-7.69847
0
3DFACE
8
C1
10
-3.05582
20
1.92842
30
-7.61017
11
-3.07545
21
1.80887
31
-7.52051
12
-2.92753
22
1.78831
32
-7.50908
13
-2.90805
23
1.90906
33
-7.59766
0
3DFACE
8
C1
10
-3.07545
20
1.80887
30
-7.52051
11
-3.09345
21
1.67626
31
-7.44258
12
-2.94533
22
1.65415
32
-7.43253
13
-2.92753
23
1.78831
33
-7.50908
0
3DFACE
8
C1
10
-3.09345
20
1.67626
30
-7.44258
11
-3.10981
21
1.53057
31
-7.37638
12
-2.96145
22
1.50648
32
-7.36811
13
-2.94533
23
1.65415
33
-7.43253
0
3DFACE
8
C1
10
-3.10981
20
1.53057
30
-7.37638
11
-3.12455
21
1.37191
31
-7.32182
12
-2.97587
22
1.34530
32
-7.31581
13
-2.96145
23
1.50648
33
-7.36811
0
3DFACE
8
C1
10
-3.12455
20
1.37191
30
-7.32182
11
-3.14075
21
1.22490
31
-7.25680
12
-2.99190
22
1.19698
32
-7.25198
13
-2.97587
23
1.34530
33
-7.31581
0
3DFACE
8
C1
10
-3.14075
20
1.22490
30
-7.25680
11
-3.15840
21
1.08954
31
-7.18133
12
-3.00952
22
1.06139
32
-7.17671
13
-2.99190
23
1.19698
33
-7.25198
0
3DFACE
8
C1
10
-3.15840
20
1.08954
30
-7.18133
11
-3.17751
21
0.96582
31
-7.09542
12
-3.02874
22
0.93855
32
-7.09000
13
-3.00952
23
1.06139
33
-7.17671
0
3DFACE
8
C1
10
-3.17751
20
0.96582
30
-7.09542
11
-3.19806
21
0.85364
31
-6.99915
12
-3.04957
22
0.82857
32
-6.99176
13
-3.02874
23
0.93855
33
-7.09000
0
3DFACE
8
C1
10
-3.19806
20
0.85364
30
-6.99915
11
-3.22006
21
0.75310
31
-6.89242
12
-3.07199
22
0.73133
32
-6.88208
13
-3.04957
23
0.82857
33
-6.99176
0
3DFACE
8
C1
10
-3.22006
20
0.75310
30
-6.89242
11
-3.24240
21
0.65520
31
-6.78334
12
-3.09464
22
0.63595
32
-6.77072
13
-3.07199
23
0.73133
33
-6.88208
0
3DFACE
8
C1
10
-3.24240
20
0.65520
30
-6.78334
11
-3.26507
21
0.55993
31
-6.67188
12
-3.11750
22
0.54222
32
-6.65789
13
-3.09464
23
0.63595
33
-6.77072
0
3DFACE
8
C1
10
-3.26507
20
0.55993
30
-6.67188
11
-3.28807
21
0.46730
31
-6.55806
12
-3.14059
22
0.45036
32
-6.54338
13
-3.11750
23
0.54222
33
-6.65789
0
3DFACE
8
C1
10
-3.28807
20
0.46730
30
-6.55806
11
-3.31137
21
0.37709
31
-6.44207
12
-3.16391
22
0.36026
32
-6.42729
13
-3.14059
23
0.45036
33
-6.54338
0
3DFACE
8
C1
10
-3.31137
20
0.37709
30
-6.44207
11
-3.33499
21
0.28952
31
-6.32371
12
-3.18743
22
0.27181
32
-6.30972
13
-3.16391
23
0.36026
33
-6.42729
0
3DFACE
8
C1
10
-3.33499
20
0.28952
30
-6.32371
11
-3.35832
21
0.19953
31
-6.20752
12
-3.21068
22
0.18127
32
-6.19403
13
-3.18743
23
0.27181
33
-6.30972
0
3DFACE
8
C1
10
-3.35832
20
0.19953
30
-6.20752
11
-3.38136
21
0.10723
31
-6.09341
12
-3.23365
22
0.08842
32
-6.08040
13
-3.21068
23
0.18127
33
-6.19403
0
3DFACE
8
C1
10
-2.38845
20
4.39064
30
-10.09737
11
-2.40715
21
4.26363
31
-10.01441
12
-2.26189
22
4.26437
32
-9.98385
13
-2.24223
23
4.38370
33
-10.07372
0
3DFACE
8
C1
10
-2.40715
20
4.26363
30
-10.01441
11
-2.42448
21
4.12574
31
-9.94121
12
-2.27999
22
4.13264
32
-9.90513
13
-2.26189
23
4.26437
33
-9.98385
0
3DFACE
8
C1
10
-2.42448
20
4.12574
30
-9.94121
11
-2.44255
21
3.99367
31
-9.86279
12
-2.29789
22
3.99925
32
-9.82789
13
-2.27999
23
4.13264
33
-9.90513
0
3DFACE
8
C1
10
-2.44255
20
3.99367
30
-9.86279
11
-2.46116
21
3.86600
31
-9.78042
12
-2.31649
22
3.87147
32
-9.74562
13
-2.29789
23
3.99925
33
-9.82789
0
3DFACE
8
C1
10
-2.46116
20
3.86600
30
-9.78042
11
-2.48140
21
3.75129
31
-9.68642
12
-2.33566
22
3.74819
32
-9.65931
13
-2.31649
23
3.87147
33
-9.74562
0
3DFACE
8
C1
10
-2.48140
20
3.75129
30
-9.68642
11
-2.50376
21
3.65360
31
-9.57713
12
-2.35732
22
3.64490
32
-9.55505
13
-2.33566
23
3.74819
33
-9.65931
0
3DFACE
8
C1
10
-2.50376
20
3.65360
30
-9.57713
11
-2.52760
21
3.56768
31
-9.45729
12
-2.38076
22
3.55579
32
-9.43808
13
-2.35732
23
3.64490
33
-9.55505
0
3DFACE
8
C1
10
-2.52760
20
3.56768
30
-9.45729
11
-2.55075
21
3.47626
31
-9.34239
12
-2.40458
22
3.46975
32
-9.31834
13
-2.38076
23
3.55579
33
-9.43808
0
3DFACE
8
C1
10
-2.55075
20
3.47626
30
-9.34239
11
-2.57417
21
3.38703
31
-9.22551
12
-2.42832
22
3.38306
32
-9.19919
13
-2.40458
23
3.46975
33
-9.31834
0
3DFACE
8
C1
10
-2.57417
20
3.38703
30
-9.22551
11
-2.59832
21
3.30363
31
-9.10341
12
-2.45244
22
3.29944
32
-9.07729
13
-2.42832
23
3.38306
33
-9.19919
0
3DFACE
8
C1
10
-2.59832
20
3.30363
30
-9.10341
11
-2.62343
21
3.22792
31
-8.97440
12
-2.47731
22
3.22175
32
-8.95006
13
-2.45244
23
3.29944
33
-9.07729
0
3DFACE
8
C1
10
-2.62343
20
3.22792
30
-8.97440
11
-2.64956
21
3.16034
31
-8.83810
12
-2.50307
22
3.15120
32
-8.81642
13
-2.47731
23
3.22175
33
-8.95006
0
3DFACE
8
C1
10
-2.64956
20
3.16034
30
-8.83810
11
-2.67678
21
3.10144
31
-8.69401
12
-2.52980
22
3.08846
32
-8.67578
13
-2.50307
23
3.15120
33
-8.81642
0
3DFACE
8
C1
10
-2.67678
20
3.10144
30
-8.69401
11
-2.70236
21
3.02947
31
-8.56165
12
-2.55512
22
3.01439
32
-8.54529
13
-2.52980
23
3.08846
33
-8.67578
0
3DFACE
8
C1
10
-2.70236
20
3.02947
30
-8.56165
11
-2.72590
21
2.94123
31
-8.44388
12
-2.57862
22
2.92583
32
-8.42782
13
-2.55512
23
3.01439
33
-8.54529
0
3DFACE
8
C1
10
-2.72590
20
2.94123
30
-8.44388
11
-2.74732
21
2.83597
31
-8.34140
12
-2.60007
22
2.82079
32
-8.32514
13
-2.57862
23
2.92583
33
-8.42782
0
3DFACE
8
C1
10
-2.74732
20
2.83597
30
-8.34140
11
-2.76664
21
2.71390
31
-8.25400
12
-2.61938
22
2.69872
32
-8.23774
13
-2.60007
23
2.82079
33
-8.32514
0
3DFACE
8
C1
10
-2.76664
20
2.71390
30
-8.25400
11
-2.78385
21
2.57502
31
-8.18169
12
-2.63656
22
2.55951
32
-8.16573
13
-2.61938
23
2.69872
33
-8.23774
0
3DFACE
8
C1
10
-2.78385
20
2.57502
30
-8.18169
11
-2.80219
21
2.44515
31
-8.10130
12
-2.65485
22
2.42931
32
-8.08563
13
-2.63656
23
2.55951
33
-8.16573
0
3DFACE
8
C1
10
-2.80219
20
2.44515
30
-8.10130
11
-2.82165
21
2.32429
31
-8.01282
12
-2.67428
22
2.30812
32
-7.99744
13
-2.65485
23
2.42931
33
-8.08563
0
3DFACE
8
C1
10
-2.82165
20
2.32429
30
-8.01282
11
-2.84226
21
2.21254
31
-7.91615
12
-2.69483
22
2.19593
32
-7.90117
13
-2.67428
23
2.30812
33
-7.99744
0
3DFACE
8
C1
10
-2.84226
20
2.21254
30
-7.91615
11
-2.86401
21
2.10992
31
-7.81130
12
-2.71651
22
2.09276
32
-7.79682
13
-2.69483
23
2.19593
33
-7.90117
0
3DFACE
8
C1
10
-2.86401
20
2.10992
30
-7.81130
11
-2.88687
21
2.01619
31
-7.69847
12
-2.73931
22
1.99859
32
-7.68438
13
-2.71651
23
2.09276
33
-7.79682
0
3DFACE
8
C1
10
-2.88687
20
2.01619
30
-7.69847
11
-2.90805
21
1.90906
31
-7.59766
12
-2.76040
22
1.89069
32
-7.58426
13
-2.73931
23
1.99859
33
-7.68438
0
3DFACE
8
C1
10
-2.90805
20
1.90906
30
-7.59766
11
-2.92753
21
1.78831
31
-7.50908
12
-2.77977
22
1.76906
32
-7.49647
13
-2.76040
23
1.89069
33
-7.58426
0
3DFACE
8
C1
10
-2.92753
20
1.78831
30
-7.50908
11
-2.94533
21
1.65415
31
-7.43253
12
-2.79743
22
1.63381
32
-7.42090
13
-2.77977
23
1.76906
33
-7.49647
0
3DFACE
8
C1
10
-2.94533
20
1.65415
30
-7.43253
11
-2.96145
21
1.50648
31
-7.36811
12
-2.81340
22
1.48493
32
-7.35757
13
-2.79743
23
1.63381
33
-7.42090
0
3DFACE
8
C1
10
-2.96145
20
1.50648
30
-7.36811
11
-2.97587
21
1.34530
31
-7.31581
12
-2.82764
22
1.32232
32
-7.30655
13
-2.81340
23
1.48493
33
-7.35757
0
3DFACE
8
C1
10
-2.97587
20
1.34530
30
-7.31581
11
-2.99190
21
1.19698
31
-7.25198
12
-2.84359
22
1.17334
32
-7.24331
13
-2.82764
23
1.32232
33
-7.30655
0
3DFACE
8
C1
10
-2.99190
20
1.19698
30
-7.25198
11
-3.00952
21
1.06139
31
-7.17671
12
-2.86121
22
1.03775
32
-7.16804
13
-2.84359
23
1.17334
33
-7.24331
0
3DFACE
8
C1
10
-3.00952
20
1.06139
30
-7.17671
11
-3.02874
21
0.93855
31
-7.09000
12
-2.88053
22
0.91568
32
-7.08065
13
-2.86121
23
1.03775
33
-7.16804
0
3DFACE
8
C1
10
-3.02874
20
0.93855
30
-7.09000
11
-3.04957
21
0.82857
31
-6.99176
12
-2.90153
22
0.80712
32
-6.98112
13
-2.88053
23
0.91568
33
-7.08065
0
3DFACE
8
C1
10
-3.04957
20
0.82857
30
-6.99176
11
-3.07199
21
0.73133
31
-6.88208
12
-2.92420
22
0.71186
32
-6.86967
13
-2.90153
23
0.80712
33
-6.98112
0
3DFACE
8
C1
10
-3.07199
20
0.73133
30
-6.88208
11
-3.09464
21
0.63595
31
-6.77072
12
-2.94702
22
0.61780
32
-6.75713
13
-2.92420
23
0.71186
33
-6.86967
0
3DFACE
8
C1
10
-3.09464
20
0.63595
30
-6.77072
11
-3.11750
21
0.54222
31
-6.65789
12
-2.96997
22
0.52484
32
-6.64360
13
-2.94702
23
0.61780
33
-6.75713
0
3DFACE
8
C1
10
-3.11750
20
0.54222
30
-6.65789
11
-3.14059
21
0.45036
31
-6.54338
12
-2.99305
22
0.43288
32
-6.52919
13
-2.96997
23
0.52484
33
-6.64360
0
3DFACE
8
C1
10
-3.14059
20
0.45036
30
-6.54338
11
-3.16391
21
0.36026
31
-6.42729
12
-3.01628
22
0.34211
32
-6.41369
13
-2.99305
23
0.43288
33
-6.52919
0
3DFACE
8
C1
10
-3.16391
20
0.36026
30
-6.42729
11
-3.18743
21
0.27181
31
-6.30972
12
-3.03965
22
0.25245
32
-6.29721
13
-3.01628
23
0.34211
33
-6.41369
0
3DFACE
8
C1
10
-3.18743
20
0.27181
30
-6.30972
11
-3.21068
21
0.18127
31
-6.19403
12
-3.06277
22
0.16081
32
-6.18250
13
-3.03965
23
0.25245
33
-6.29721
0
3DFACE
8
C1
10
-3.21068
20
0.18127
30
-6.19403
11
-3.23365
21
0.08842
31
-6.08040
12
-3.08565
22
0.06720
32
-6.06957
13
-3.06277
23
0.16081
33
-6.18250
0
3DFACE
8
C1
10
-2.24223
20
4.38370
30
-10.07372
11
-2.26189
21
4.26437
31
-9.98385
12
-2.11549
22
4.25600
32
-9.96148
13
-2.09485
23
4.36753
33
-10.05834
0
3DFACE
8
C1
10
-2.26189
20
4.26437
30
-9.98385
11
-2.27999
21
4.13264
31
-9.90513
12
-2.13440
22
4.13075
32
-9.87695
13
-2.11549
23
4.25600
33
-9.96148
0
3DFACE
8
C1
10
-2.27999
20
4.13264
30
-9.90513
11
-2.29789
21
3.99925
31
-9.82789
12
-2.15219
22
3.99648
32
-9.80049
13
-2.13440
23
4.13075
33
-9.87695
0
3DFACE
8
C1
10
-2.29789
20
3.99925
30
-9.82789
11
-2.31649
21
3.87147
31
-9.74562
12
-2.17079
22
3.86870
32
-9.71822
13
-2.15219
23
3.99648
33
-9.80049
0
3DFACE
8
C1
10
-2.31649
20
3.87147
30
-9.74562
11
-2.33566
21
3.74819
31
-9.65931
12
-2.19007
22
3.74630
32
-9.63112
13
-2.17079
23
3.86870
33
-9.71822
0
3DFACE
8
C1
10
-2.33566
20
3.74819
30
-9.65931
11
-2.35732
21
3.64490
31
-9.55505
12
-2.21098
22
3.63697
32
-9.53229
13
-2.19007
23
3.74630
33
-9.63112
0
3DFACE
8
C1
10
-2.35732
20
3.64490
30
-9.55505
11
-2.38076
21
3.55579
31
-9.43808
12
-2.23396
22
3.54423
32
-9.41857
13
-2.21098
23
3.63697
33
-9.53229
0
3DFACE
8
C1
10
-2.38076
20
3.55579
30
-9.43808
11
-2.40458
21
3.46975
31
-9.31834
12
-2.25836
22
3.46281
32
-9.29469
13
-2.23396
23
3.54423
33
-9.41857
0
3DFACE
8
C1
10
-2.40458
20
3.46975
30
-9.31834
11
-2.42832
21
3.38306
31
-9.19919
12
-2.28247
22
3.37908
32
-9.17288
13
-2.25836
23
3.46281
33
-9.29469
0
3DFACE
8
C1
10
-2.42832
20
3.38306
30
-9.19919
11
-2.45244
21
3.29944
31
-9.07729
12
-2.30669
22
3.29623
32
-9.05028
13
-2.28247
23
3.37908
33
-9.17288
0
3DFACE
8
C1
10
-2.45244
20
3.29944
30
-9.07729
11
-2.47731
21
3.22175
31
-8.95006
12
-2.33131
22
3.21656
32
-8.92483
13
-2.30669
23
3.29623
33
-9.05028
0
3DFACE
8
C1
10
-2.47731
20
3.22175
30
-8.95006
11
-2.50307
21
3.15120
31
-8.81642
12
-2.35671
22
3.14316
32
-8.79375
13
-2.33131
23
3.21656
33
-8.92483
0
3DFACE
8
C1
10
-2.50307
20
3.15120
30
-8.81642
11
-2.52980
21
3.08846
31
-8.67578
12
-2.38300
22
3.07690
32
-8.65626
13
-2.35671
23
3.14316
33
-8.79375
0
3DFACE
8
C1
10
-2.52980
20
3.08846
30
-8.67578
11
-2.55512
21
3.01439
31
-8.54529
12
-2.40794
22
2.99976
32
-8.52854
13
-2.38300
23
3.07690
33
-8.65626
0
3DFACE
8
C1
10
-2.55512
20
3.01439
30
-8.54529
11
-2.57862
21
2.92583
31
-8.42782
12
-2.43128
22
2.90988
32
-8.41225
13
-2.40794
23
2.99976
33
-8.52854
0
3DFACE
8
C1
10
-2.57862
20
2.92583
30
-8.42782
11
-2.60007
21
2.82079
31
-8.32514
12
-2.45275
22
2.80505
32
-8.30938
13
-2.43128
23
2.90988
33
-8.41225
0
3DFACE
8
C1
10
-2.60007
20
2.82079
30
-8.32514
11
-2.61938
21
2.69872
31
-8.23774
12
-2.47208
22
2.68309
32
-8.22188
13
-2.45275
23
2.80505
33
-8.30938
0
3DFACE
8
C1
10
-2.61938
20
2.69872
30
-8.23774
11
-2.63656
21
2.55951
31
-8.16573
12
-2.48923
22
2.54378
32
-8.14996
13
-2.47208
23
2.68309
33
-8.22188
0
3DFACE
8
C1
10
-2.63656
20
2.55951
30
-8.16573
11
-2.65485
21
2.42931
31
-8.08563
12
-2.50752
22
2.41347
32
-8.06996
13
-2.48923
23
2.54378
33
-8.14996
0
3DFACE
8
C1
10
-2.65485
20
2.42931
30
-8.08563
11
-2.67428
21
2.30812
31
-7.99744
12
-2.52694
22
2.29227
32
-7.98178
13
-2.50752
23
2.41347
33
-8.06996
0
3DFACE
8
C1
10
-2.67428
20
2.30812
30
-7.99744
11
-2.69483
21
2.19593
31
-7.90117
12
-2.54749
22
2.18009
32
-7.88551
13
-2.52694
23
2.29227
33
-7.98178
0
3DFACE
8
C1
10
-2.69483
20
2.19593
30
-7.90117
11
-2.71651
21
2.09276
31
-7.79682
12
-2.56919
22
2.07703
32
-7.78105
13
-2.54749
23
2.18009
33
-7.88551
0
3DFACE
8
C1
10
-2.71651
20
2.09276
30
-7.79682
11
-2.73931
21
1.99859
31
-7.68438
12
-2.59200
22
1.98297
32
-7.66851
13
-2.56919
23
2.07703
33
-7.78105
0
3DFACE
8
C1
10
-2.73931
20
1.99859
30
-7.68438
11
-2.76040
21
1.89069
31
-7.58426
12
-2.61308
22
1.87496
32
-7.56849
13
-2.59200
23
1.98297
33
-7.66851
0
3DFACE
8
C1
10
-2.76040
20
1.89069
30
-7.58426
11
-2.77977
21
1.76906
31
-7.49647
12
-2.63239
22
1.75289
32
-7.48110
13
-2.61308
23
1.87496
33
-7.56849
0
3DFACE
8
C1
10
-2.77977
20
1.76906
30
-7.49647
11
-2.79743
21
1.63381
31
-7.42090
12
-2.64996
22
1.61687
32
-7.40622
13
-2.63239
23
1.75289
33
-7.48110
0
3DFACE
8
C1
10
-2.79743
20
1.63381
30
-7.42090
11
-2.81340
21
1.48493
31
-7.35757
12
-2.66580
22
1.46700
32
-7.34377
13
-2.64996
23
1.61687
33
-7.40622
0
3DFACE
8
C1
10
-2.81340
20
1.48493
30
-7.35757
11
-2.82764
21
1.32232
31
-7.30655
12
-2.67988
22
1.30308
32
-7.29394
13
-2.66580
23
1.46700
33
-7.34377
0
3DFACE
8
C1
10
-2.82764
20
1.32232
30
-7.30655
11
-2.84359
21
1.17334
31
-7.24331
12
-2.69570
22
1.15310
32
-7.23159
13
-2.67988
23
1.30308
33
-7.29394
0
3DFACE
8
C1
10
-2.84359
20
1.17334
30
-7.24331
11
-2.86121
21
1.03775
31
-7.16804
12
-2.71326
22
1.01697
32
-7.15681
13
-2.69570
23
1.15310
33
-7.23159
0
3DFACE
8
C1
10
-2.86121
20
1.03775
30
-7.16804
11
-2.88053
21
0.91568
31
-7.08065
12
-2.73256
22
0.89479
32
-7.06952
13
-2.71326
23
1.01697
33
-7.15681
0
3DFACE
8
C1
10
-2.88053
20
0.91568
30
-7.08065
11
-2.90153
21
0.80712
31
-6.98112
12
-2.75359
22
0.78645
32
-6.96979
13
-2.73256
23
0.89479
33
-7.06952
0
3DFACE
8
C1
10
-2.90153
20
0.80712
30
-6.98112
11
-2.92420
21
0.71186
31
-6.86967
12
-2.77634
22
0.69184
32
-6.85775
13
-2.75359
23
0.78645
33
-6.96979
0
3DFACE
8
C1
10
-2.92420
20
0.71186
30
-6.86967
11
-2.94702
21
0.61780
31
-6.75713
12
-2.79922
22
0.59823
32
-6.74481
13
-2.77634
23
0.69184
33
-6.85775
0
3DFACE
8
C1
10
-2.94702
20
0.61780
30
-6.75713
11
-2.96997
21
0.52484
31
-6.64360
12
-2.82219
22
0.50538
32
-6.63119
13
-2.79922
23
0.59823
33
-6.74481
0
3DFACE
8
C1
10
-2.96997
20
0.52484
30
-6.64360
11
-2.99305
21
0.43288
31
-6.52919
12
-2.84528
22
0.41352
32
-6.51668
13
-2.82219
23
0.50538
33
-6.63119
0
3DFACE
8
C1
10
-2.99305
20
0.43288
30
-6.52919
11
-3.01628
21
0.34211
31
-6.41369
12
-2.86850
22
0.32265
32
-6.40128
13
-2.84528
23
0.41352
33
-6.51668
0
3DFACE
8
C1
10
-3.01628
20
0.34211
30
-6.41369
11
-3.03965
21
0.25245
31
-6.29721
12
-2.89182
22
0.23266
32
-6.28509
13
-2.86850
23
0.32265
33
-6.40128
0
3DFACE
8
C1
10
-3.03965
20
0.25245
30
-6.29721
11
-3.06277
21
0.16081
31
-6.18250
12
-2.91492
22
0.14080
32
-6.17058
13
-2.89182
23
0.23266
33
-6.28509
0
3DFACE
8
C1
10
-3.06277
20
0.16081
30
-6.18250
11
-3.08565
21
0.06720
31
-6.06957
12
-2.93776
22
0.04696
32
-6.05784
13
-2.91492
23
0.14080
33
-6.17058
0
3DFACE
8
C1
10
-2.09485
20
4.36753
30
-10.05834
11
-2.11549
21
4.25600
31
-9.96148
12
-1.96912
22
4.24785
32
-9.93891
13
-1.94748
23
4.35136
33
-10.04297
0
3DFACE
8
C1
10
-2.11549
20
4.25600
30
-9.96148
11
-2.13440
21
4.13075
31
-9.87695
12
-1.98886
22
4.12919
32
-9.84846
13
-1.96912
23
4.24785
33
-9.93891
0
3DFACE
8
C1
10
-2.13440
20
4.13075
30
-9.87695
11
-2.15219
21
3.99648
31
-9.80049
12
-2.00636
22
3.99261
32
-9.77408
13
-1.98886
23
4.12919
33
-9.84846
0
3DFACE
8
C1
10
-2.15219
20
3.99648
30
-9.80049
11
-2.17079
21
3.86870
31
-9.71822
12
-2.02487
22
3.86417
32
-9.69240
13
-2.00636
23
3.99261
33
-9.77408
0
3DFACE
8
C1
10
-2.17079
20
3.86870
30
-9.71822
11
-2.19007
21
3.74630
31
-9.63112
12
-2.04419
22
3.74210
32
-9.60500
13
-2.02487
23
3.86417
33
-9.69240
0
3DFACE
8
C1
10
-2.19007
20
3.74630
30
-9.63112
11
-2.21098
21
3.63697
31
-9.53229
12
-2.06425
22
3.62596
32
-9.51228
13
-2.04419
23
3.74210
33
-9.60500
0
3DFACE
8
C1
10
-2.21098
20
3.63697
30
-9.53229
11
-2.23396
21
3.54423
31
-9.41857
12
-2.08669
22
3.52894
32
-9.40241
13
-2.06425
23
3.62596
33
-9.51228
0
3DFACE
8
C1
10
-2.23396
20
3.54423
30
-9.41857
11
-2.25836
21
3.46281
31
-9.29469
12
-2.11182
22
3.45334
32
-9.27330
13
-2.08669
23
3.52894
33
-9.40241
0
3DFACE
8
C1
10
-2.25836
20
3.46281
30
-9.29469
11
-2.28247
21
3.37908
31
-9.17288
12
-2.13640
22
3.37335
32
-9.14814
13
-2.11182
23
3.45334
33
-9.27330
0
3DFACE
8
C1
10
-2.28247
20
3.37908
30
-9.17288
11
-2.30669
21
3.29623
31
-9.05028
12
-2.16088
22
3.29258
32
-9.02367
13
-2.13640
23
3.37335
33
-9.14814
0
3DFACE
8
C1
10
-2.30669
20
3.29623
30
-9.05028
11
-2.33131
21
3.21656
31
-8.92483
12
-2.18551
22
3.21303
32
-8.89812
13
-2.16088
23
3.29258
33
-9.02367
0
3DFACE
8
C1
10
-2.33131
20
3.21656
30
-8.92483
11
-2.35671
21
3.14316
31
-8.79375
12
-2.21064
22
3.13743
32
-8.76901
13
-2.18551
23
3.21303
33
-8.89812
0
3DFACE
8
C1
10
-2.35671
20
3.14316
30
-8.79375
11
-2.38300
21
3.07690
31
-8.65626
12
-2.23652
22
3.06787
32
-8.63448
13
-2.21064
23
3.13743
33
-8.76901
0
3DFACE
8
C1
10
-2.38300
20
3.07690
30
-8.65626
11
-2.40794
21
2.99976
31
-8.52854
12
-2.26108
22
2.98776
32
-8.50942
13
-2.23652
23
3.06787
33
-8.63448
0
3DFACE
8
C1
10
-2.40794
20
2.99976
30
-8.52854
11
-2.43128
21
2.90988
31
-8.41225
12
-2.28409
22
2.89524
32
-8.39550
13
-2.26108
23
2.98776
33
-8.50942
0
3DFACE
8
C1
10
-2.43128
20
2.90988
30
-8.41225
11
-2.45275
21
2.80505
31
-8.30938
12
-2.30540
22
2.78910
32
-8.29381
13
-2.28409
23
2.89524
33
-8.39550
0
3DFACE
8
C1
10
-2.45275
20
2.80505
30
-8.30938
11
-2.47208
21
2.68309
31
-8.22188
12
-2.32469
22
2.66681
32
-8.20661
13
-2.30540
23
2.78910
33
-8.29381
0
3DFACE
8
C1
10
-2.47208
20
2.68309
30
-8.22188
11
-2.48923
21
2.54378
31
-8.14996
12
-2.34178
22
2.52695
32
-8.13518
13
-2.32469
23
2.66681
33
-8.20661
0
3DFACE
8
C1
10
-2.48923
20
2.54378
30
-8.14996
11
-2.50752
21
2.41347
31
-8.06996
12
-2.36003
22
2.39642
32
-8.05538
13
-2.34178
23
2.52695
33
-8.13518
0
3DFACE
8
C1
10
-2.50752
20
2.41347
30
-8.06996
11
-2.52694
21
2.29227
31
-7.98178
12
-2.37946
22
2.27522
32
-7.96719
13
-2.36003
23
2.39642
33
-8.05538
0
3DFACE
8
C1
10
-2.52694
20
2.29227
30
-7.98178
11
-2.54749
21
2.18009
31
-7.88551
12
-2.40004
22
2.16326
32
-7.87073
13
-2.37946
23
2.27522
33
-7.96719
0
3DFACE
8
C1
10
-2.54749
20
2.18009
30
-7.88551
11
-2.56919
21
2.07703
31
-7.78105
12
-2.42177
22
2.06052
32
-7.76598
13
-2.40004
23
2.16326
33
-7.87073
0
3DFACE
8
C1
10
-2.56919
20
2.07703
30
-7.78105
11
-2.59200
21
1.98297
31
-7.66851
12
-2.44466
22
1.96702
32
-7.65294
13
-2.42177
23
2.06052
33
-7.76598
0
3DFACE
8
C1
10
-2.59200
20
1.98297
30
-7.66851
11
-2.61308
21
1.87496
31
-7.56849
12
-2.46574
22
1.85912
32
-7.55283
13
-2.44466
23
1.96702
33
-7.65294
0
3DFACE
8
C1
10
-2.61308
20
1.87496
30
-7.56849
11
-2.63239
21
1.75289
31
-7.48110
12
-2.48504
22
1.73694
32
-7.46553
13
-2.46574
23
1.85912
33
-7.55283
0
3DFACE
8
C1
10
-2.63239
20
1.75289
30
-7.48110
11
-2.64996
21
1.61687
31
-7.40622
12
-2.50253
22
1.60026
32
-7.39125
13
-2.48504
23
1.73694
33
-7.46553
0
3DFACE
8
C1
10
-2.64996
20
1.61687
30
-7.40622
11
-2.66580
21
1.46700
31
-7.34377
12
-2.51823
22
1.44929
32
-7.32978
13
-2.50253
23
1.60026
33
-7.39125
0
3DFACE
8
C1
10
-2.66580
20
1.46700
30
-7.34377
11
-2.67988
21
1.30308
31
-7.29394
12
-2.53213
22
1.28394
32
-7.28123
13
-2.51823
23
1.44929
33
-7.32978
0
3DFACE
8
C1
10
-2.67988
20
1.30308
30
-7.29394
11
-2.69570
21
1.15310
31
-7.23159
12
-2.54782
22
1.13286
32
-7.21987
13
-2.53213
23
1.28394
33
-7.28123
0
3DFACE
8
C1
10
-2.69570
20
1.15310
30
-7.23159
11
-2.71326
21
1.01697
31
-7.15681
12
-2.56528
22
0.99596
32
-7.14578
13
-2.54782
23
1.13286
33
-7.21987
0
3DFACE
8
C1
10
-2.71326
20
1.01697
30
-7.15681
11
-2.73256
21
0.89479
31
-7.06952
12
-2.58453
22
0.87334
32
-7.05888
13
-2.56528
23
0.99596
33
-7.14578
0
3DFACE
8
C1
10
-2.73256
20
0.89479
30
-7.06952
11
-2.75359
21
0.78645
31
-6.96979
12
-2.60554
22
0.76489
32
-6.95925
13
-2.58453
23
0.87334
33
-7.05888
0
3DFACE
8
C1
10
-2.75359
20
0.78645
30
-6.96979
11
-2.77634
21
0.69184
31
-6.85775
12
-2.62833
22
0.67062
32
-6.84691
13
-2.60554
23
0.76489
33
-6.95925
0
3DFACE
8
C1
10
-2.77634
20
0.69184
30
-6.85775
11
-2.79922
21
0.59823
31
-6.74481
12
-2.65124
22
0.57722
32
-6.73378
13
-2.62833
23
0.67062
33
-6.84691
0
3DFACE
8
C1
10
-2.79922
20
0.59823
30
-6.74481
11
-2.82219
21
0.50538
31
-6.63119
12
-2.67429
22
0.48503
32
-6.61957
13
-2.65124
23
0.57722
33
-6.73378
0
3DFACE
8
C1
10
-2.82219
20
0.50538
30
-6.63119
11
-2.84528
21
0.41352
31
-6.51668
12
-2.69746
22
0.39383
32
-6.50446
13
-2.67429
23
0.48503
33
-6.61957
0
3DFACE
8
C1
10
-2.84528
20
0.41352
30
-6.51668
11
-2.86850
21
0.32265
31
-6.40128
12
-2.72078
22
0.30373
32
-6.38837
13
-2.69746
23
0.39383
33
-6.50446
0
3DFACE
8
C1
10
-2.86850
20
0.32265
30
-6.40128
11
-2.89182
21
0.23266
31
-6.28509
12
-2.74425
22
0.21495
32
-6.27110
13
-2.72078
23
0.30373
33
-6.38837
0
3DFACE
8
C1
10
-2.89182
20
0.23266
30
-6.28509
11
-2.91492
21
0.14080
31
-6.17058
12
-2.76746
22
0.12397
32
-6.15580
13
-2.74425
23
0.21495
33
-6.27110
0
3DFACE
8
C1
10
-2.91492
20
0.14080
30
-6.17058
11
-2.93776
21
0.04696
31
-6.05784
12
-2.79040
22
0.03090
32
-6.04237
13
-2.76746
23
0.12397
33
-6.15580
0
3DFACE
8
C1
10
-1.94748
20
4.35136
30
-10.04297
11
-1.96912
21
4.24785
31
-9.93891
12
-1.82174
22
4.23168
32
-9.92354
13
-1.80012
23
4.33529
33
-10.02750
0
3DFACE
8
C1
10
-1.96912
20
4.24785
30
-9.93891
11
-1.98886
21
4.12919
31
-9.84846
12
-1.84233
22
4.11983
32
-9.82698
13
-1.82174
23
4.23168
33
-9.92354
0
3DFACE
8
C1
10
-1.98886
20
4.12919
30
-9.84846
11
-2.00636
21
3.99261
31
-9.77408
12
-1.86051
22
3.98864
32
-9.74776
13
-1.84233
23
4.11983
33
-9.82698
0
3DFACE
8
C1
10
-2.00636
20
3.99261
30
-9.77408
11
-2.02487
21
3.86417
31
-9.69240
12
-1.87893
22
3.85943
32
-9.66678
13
-1.86051
23
3.98864
33
-9.74776
0
3DFACE
8
C1
10
-2.02487
20
3.86417
30
-9.69240
11
-2.04419
21
3.74210
31
-9.60500
12
-1.89816
22
3.73670
32
-9.57997
13
-1.87893
23
3.85943
33
-9.66678
0
3DFACE
8
C1
10
-2.04419
20
3.74210
30
-9.60500
11
-2.06425
21
3.62596
31
-9.51228
12
-1.91819
22
3.62034
32
-9.48745
13
-1.89816
23
3.73670
33
-9.57997
0
3DFACE
8
C1
10
-2.06425
20
3.62596
30
-9.51228
11
-2.08669
21
3.52894
31
-9.40241
12
-1.93989
22
3.51738
32
-9.38289
13
-1.91819
23
3.62034
33
-9.48745
0
3DFACE
8
C1
10
-2.08669
20
3.52894
30
-9.40241
11
-2.11182
21
3.45334
31
-9.27330
12
-1.96459
22
3.43838
32
-9.25685
13
-1.93989
23
3.51738
33
-9.38289
0
3DFACE
8
C1
10
-2.11182
20
3.45334
30
-9.27330
11
-2.13640
21
3.37335
31
-9.14814
12
-1.98961
22
3.36190
32
-9.12853
13
-1.96459
23
3.43838
33
-9.25685
0
3DFACE
8
C1
10
-2.13640
20
3.37335
30
-9.14814
11
-2.16088
21
3.29258
31
-9.02367
12
-2.01445
22
3.28399
32
-9.00150
13
-1.98961
23
3.36190
33
-9.12853
0
3DFACE
8
C1
10
-2.16088
20
3.29258
30
-9.02367
11
-2.18551
21
3.21303
31
-8.89812
12
-2.03930
22
3.20619
32
-8.87436
13
-2.01445
23
3.28399
33
-9.00150
0
3DFACE
8
C1
10
-2.18551
20
3.21303
30
-8.89812
11
-2.21064
21
3.13743
31
-8.76901
12
-2.06443
22
3.13059
32
-8.74526
13
-2.03930
23
3.20619
33
-8.87436
0
3DFACE
8
C1
10
-2.21064
20
3.13743
30
-8.76901
11
-2.23652
21
3.06787
31
-8.63448
12
-2.09010
22
3.05939
32
-8.61221
13
-2.06443
23
3.13059
33
-8.74526
0
3DFACE
8
C1
10
-2.23652
20
3.06787
30
-8.63448
11
-2.26108
21
2.98776
31
-8.50942
12
-2.11432
22
2.97654
32
-8.48961
13
-2.09010
23
3.05939
33
-8.61221
0
3DFACE
8
C1
10
-2.26108
20
2.98776
30
-8.50942
11
-2.28409
21
2.89524
31
-8.39550
12
-2.13709
22
2.88204
32
-8.37747
13
-2.11432
23
2.97654
33
-8.48961
0
3DFACE
8
C1
10
-2.28409
20
2.89524
30
-8.39550
11
-2.30540
21
2.78910
31
-8.29381
12
-2.15816
22
2.77403
32
-8.27745
13
-2.13709
23
2.88204
33
-8.37747
0
3DFACE
8
C1
10
-2.30540
20
2.78910
30
-8.29381
11
-2.32469
21
2.66681
31
-8.20661
12
-2.17728
22
2.65042
32
-8.19143
13
-2.15816
23
2.77403
33
-8.27745
0
3DFACE
8
C1
10
-2.32469
20
2.66681
30
-8.20661
11
-2.34178
21
2.52695
31
-8.13518
12
-2.19425
22
2.50957
32
-8.12090
13
-2.17728
23
2.65042
33
-8.19143
0
3DFACE
8
C1
10
-2.34178
20
2.52695
30
-8.13518
11
-2.36003
21
2.39642
31
-8.05538
12
-2.21244
22
2.37849
32
-8.04159
13
-2.19425
23
2.50957
33
-8.12090
0
3DFACE
8
C1
10
-2.36003
20
2.39642
30
-8.05538
11
-2.37946
21
2.27522
31
-7.96719
12
-2.23183
22
2.25708
32
-7.95360
13
-2.21244
23
2.37849
33
-8.04159
0
3DFACE
8
C1
10
-2.37946
20
2.27522
30
-7.96719
11
-2.40004
21
2.16326
31
-7.87073
12
-2.25243
22
2.14522
32
-7.85703
13
-2.23183
23
2.25708
33
-7.95360
0
3DFACE
8
C1
10
-2.40004
20
2.16326
30
-7.87073
11
-2.42177
21
2.06052
31
-7.76598
12
-2.27423
22
2.04304
32
-7.75179
13
-2.25243
23
2.14522
33
-7.85703
0
3DFACE
8
C1
10
-2.42177
20
2.06052
30
-7.76598
11
-2.44466
21
1.96702
31
-7.65294
12
-2.29722
22
1.95041
32
-7.63797
13
-2.27423
23
2.04304
33
-7.75179
0
3DFACE
8
C1
10
-2.44466
20
1.96702
30
-7.65294
11
-2.46574
21
1.85912
31
-7.55283
12
-2.31837
22
1.84295
32
-7.53746
13
-2.29722
23
1.95041
33
-7.63797
0
3DFACE
8
C1
10
-2.46574
20
1.85912
30
-7.55283
11
-2.48504
21
1.73694
31
-7.46553
12
-2.33764
22
1.72055
32
-7.45036
13
-2.31837
23
1.84295
33
-7.53746
0
3DFACE
8
C1
10
-2.48504
20
1.73694
30
-7.46553
11
-2.50253
21
1.60026
31
-7.39125
12
-2.35506
22
1.58332
32
-7.37657
13
-2.33764
23
1.72055
33
-7.45036
0
3DFACE
8
C1
10
-2.50253
20
1.60026
30
-7.39125
11
-2.51823
21
1.44929
31
-7.32978
12
-2.37062
22
1.43125
32
-7.31609
13
-2.35506
23
1.58332
33
-7.37657
0
3DFACE
8
C1
10
-2.51823
20
1.44929
30
-7.32978
11
-2.53213
21
1.28394
31
-7.28123
12
-2.38433
22
1.26436
32
-7.26892
13
-2.37062
23
1.43125
33
-7.31609
0
3DFACE
8
C1
10
-2.53213
20
1.28394
30
-7.28123
11
-2.54782
21
1.13286
31
-7.21987
12
-2.39987
22
1.11208
32
-7.20864
13
-2.38433
23
1.26436
33
-7.26892
0
3DFACE
8
C1
10
-2.54782
20
1.13286
30
-7.21987
11
-2.56528
21
0.99596
31
-7.14578
12
-2.41723
22
0.97441
32
-7.13524
13
-2.39987
23
1.11208
33
-7.20864
0
3DFACE
8
C1
10
-2.56528
20
0.99596
30
-7.14578
11
-2.58453
21
0.87334
31
-7.05888
12
-2.43641
22
0.85124
32
-7.04883
13
-2.41723
23
0.97441
33
-7.13524
0
3DFACE
8
C1
10
-2.58453
20
0.87334
30
-7.05888
11
-2.60554
21
0.76489
31
-6.95925
12
-2.45743
22
0.74279
32
-6.94921
13
-2.43641
23
0.85124
33
-7.04883
0
3DFACE
8
C1
10
-2.60554
20
0.76489
30
-6.95925
11
-2.62833
21
0.67062
31
-6.84691
12
-2.48027
22
0.64895
32
-6.83647
13
-2.45743
23
0.74279
33
-6.94921
0
3DFACE
8
C1
10
-2.62833
20
0.67062
30
-6.84691
11
-2.65124
21
0.57722
31
-6.73378
12
-2.50328
22
0.55644
32
-6.72255
13
-2.48027
23
0.64895
33
-6.83647
0
3DFACE
8
C1
10
-2.65124
20
0.57722
30
-6.73378
11
-2.67429
21
0.48503
31
-6.61957
12
-2.52646
22
0.46524
32
-6.60745
13
-2.50328
23
0.55644
33
-6.72255
0
3DFACE
8
C1
10
-2.67429
20
0.48503
30
-6.61957
11
-2.69746
21
0.39383
31
-6.50446
12
-2.54983
22
0.37557
32
-6.49096
13
-2.52646
23
0.46524
33
-6.60745
0
3DFACE
8
C1
10
-2.69746
20
0.39383
30
-6.50446
11
-2.72078
21
0.30373
31
-6.38837
12
-2.57336
22
0.28723
32
-6.37330
13
-2.54983
23
0.37557
33
-6.49096
0
3DFACE
8
C1
10
-2.72078
20
0.30373
30
-6.38837
11
-2.74425
21
0.21495
31
-6.27110
12
-2.59706
22
0.20020
32
-6.25445
13
-2.57336
23
0.28723
33
-6.37330
0
3DFACE
8
C1
10
-2.74425
20
0.21495
30
-6.27110
11
-2.76746
21
0.12397
31
-6.15580
12
-2.62047
22
0.11087
32
-6.13767
13
-2.59706
23
0.20020
33
-6.25445
0
3DFACE
8
C1
10
-2.76746
20
0.12397
30
-6.15580
11
-2.79040
21
0.03090
31
-6.04237
12
-2.64355
22
0.01890
32
-6.02325
13
-2.62047
23
0.11087
33
-6.13767
0
3DFACE
8
C1
10
-1.80012
20
4.33529
30
-10.02750
11
-1.82174
21
4.23168
31
-9.92354
12
-1.67436
22
4.21551
32
-9.90817
13
-1.65274
23
4.31912
33
-10.01213
0
3DFACE
8
C1
10
-1.82174
20
4.23168
30
-9.92354
11
-1.84233
21
4.11983
31
-9.82698
12
-1.69582
22
4.11058
32
-9.80539
13
-1.67436
23
4.21551
33
-9.90817
0
3DFACE
8
C1
10
-1.84233
20
4.11983
30
-9.82698
11
-1.86051
21
3.98864
31
-9.74776
12
-1.71470
22
3.98499
32
-9.72115
13
-1.69582
23
4.11058
33
-9.80539
0
3DFACE
8
C1
10
-1.86051
20
3.98864
30
-9.74776
11
-1.87893
21
3.85943
31
-9.66678
12
-1.73286
22
3.85369
32
-9.64204
13
-1.71470
23
3.98499
33
-9.72115
0
3DFACE
8
C1
10
-1.87893
20
3.85943
30
-9.66678
11
-1.89816
21
3.73670
31
-9.57997
12
-1.75199
22
3.73019
32
-9.55592
13
-1.73286
23
3.85369
33
-9.64204
0
3DFACE
8
C1
10
-1.89816
20
3.73670
30
-9.57997
11
-1.91819
21
3.62034
31
-9.48745
12
-1.77190
22
3.61285
32
-9.46429
13
-1.75199
23
3.73019
33
-9.55592
0
3DFACE
8
C1
10
-1.91819
20
3.62034
30
-9.48745
11
-1.93989
21
3.51738
31
-9.38289
12
-1.79266
22
3.50231
32
-9.36654
13
-1.77190
23
3.61285
33
-9.46429
0
3DFACE
8
C1
10
-1.93989
20
3.51738
30
-9.38289
11
-1.96459
21
3.43838
31
-9.25685
12
-1.81672
22
3.41825
32
-9.24502
13
-1.79266
23
3.50231
33
-9.36654
0
3DFACE
8
C1
10
-1.96459
20
3.43838
30
-9.25685
11
-1.98961
21
3.36190
31
-9.12853
12
-1.84224
22
3.34573
32
-9.11316
13
-1.81672
23
3.41825
33
-9.24502
0
3DFACE
8
C1
10
-1.98961
20
3.36190
30
-9.12853
11
-2.01445
21
3.28399
31
-9.00150
12
-1.86739
22
3.27035
32
-8.98386
13
-1.84224
23
3.34573
33
-9.11316
0
3DFACE
8
C1
10
-2.01445
20
3.28399
30
-9.00150
11
-2.03930
21
3.20619
31
-8.87436
12
-1.89249
22
3.19453
32
-8.85495
13
-1.86739
23
3.27035
33
-8.98386
0
3DFACE
8
C1
10
-2.03930
20
3.20619
30
-8.87436
11
-2.06443
21
3.13059
31
-8.74526
12
-1.91775
22
3.12002
32
-8.72486
13
-1.89249
23
3.19453
33
-8.85495
0
3DFACE
8
C1
10
-2.06443
20
3.13059
30
-8.74526
11
-2.09010
21
3.05939
31
-8.61221
12
-1.94335
22
3.04816
32
-8.59240
13
-1.91775
23
3.12002
33
-8.72486
0
3DFACE
8
C1
10
-2.09010
20
3.05939
30
-8.61221
11
-2.11432
21
2.97654
31
-8.48961
12
-1.96732
22
2.96333
32
-8.47158
13
-1.94335
23
3.04816
33
-8.59240
0
3DFACE
8
C1
10
-2.11432
20
2.97654
30
-8.48961
11
-2.13709
21
2.88204
31
-8.37747
12
-1.98981
22
2.86664
32
-8.36141
13
-1.96732
23
2.96333
33
-8.47158
0
3DFACE
8
C1
10
-2.13709
20
2.88204
30
-8.37747
11
-2.15816
21
2.77403
31
-8.27745
12
-2.01069
22
2.75709
32
-8.26277
13
-1.98981
23
2.86664
33
-8.36141
0
3DFACE
8
C1
10
-2.15816
20
2.77403
30
-8.27745
11
-2.17728
21
2.65042
31
-8.19143
12
-2.02966
22
2.63227
32
-8.17784
13
-2.01069
23
2.75709
33
-8.26277
0
3DFACE
8
C1
10
-2.17728
20
2.65042
30
-8.19143
11
-2.19425
21
2.50957
31
-8.12090
12
-2.04653
22
2.49065
32
-8.10799
13
-2.02966
23
2.63227
33
-8.17784
0
3DFACE
8
C1
10
-2.19425
20
2.50957
30
-8.12090
11
-2.21244
21
2.37849
31
-8.04159
12
-2.06466
22
2.35913
32
-8.02907
13
-2.04653
23
2.49065
33
-8.10799
0
3DFACE
8
C1
10
-2.21244
20
2.37849
30
-8.04159
11
-2.23183
21
2.25708
31
-7.95360
12
-2.08405
22
2.23761
32
-7.94118
13
-2.06466
23
2.35913
33
-8.02907
0
3DFACE
8
C1
10
-2.23183
20
2.25708
30
-7.95360
11
-2.25243
21
2.14522
31
-7.85703
12
-2.10469
22
2.12619
32
-7.84422
13
-2.08405
23
2.23761
33
-7.94118
0
3DFACE
8
C1
10
-2.25243
20
2.14522
30
-7.85703
11
-2.27423
21
2.04304
31
-7.75179
12
-2.12658
22
2.02467
32
-7.73839
13
-2.10469
23
2.12619
33
-7.84422
0
3DFACE
8
C1
10
-2.27423
20
2.04304
30
-7.75179
11
-2.29722
21
1.95041
31
-7.63797
12
-2.14971
22
1.93314
32
-7.62358
13
-2.12658
23
2.02467
33
-7.73839
0
3DFACE
8
C1
10
-2.29722
20
1.95041
30
-7.63797
11
-2.31837
21
1.84295
31
-7.53746
12
-2.17091
22
1.82612
32
-7.52268
13
-2.14971
23
1.93314
33
-7.62358
0
3DFACE
8
C1
10
-2.31837
20
1.84295
30
-7.53746
11
-2.33764
21
1.72055
31
-7.45036
12
-2.19018
22
1.70372
32
-7.43558
13
-2.17091
23
1.82612
33
-7.52268
0
3DFACE
8
C1
10
-2.33764
20
1.72055
30
-7.45036
11
-2.35506
21
1.58332
31
-7.37657
12
-2.20752
22
1.56583
32
-7.36238
13
-2.19018
23
1.70372
33
-7.43558
0
3DFACE
8
C1
10
-2.35506
20
1.58332
30
-7.37657
11
-2.37062
21
1.43125
31
-7.31609
12
-2.22293
22
1.41256
32
-7.30298
13
-2.20752
23
1.56583
33
-7.36238
0
3DFACE
8
C1
10
-2.37062
20
1.43125
30
-7.31609
11
-2.38433
21
1.26436
31
-7.26892
12
-2.23642
22
1.24391
32
-7.25739
13
-2.22293
23
1.41256
33
-7.30298
0
3DFACE
8
C1
10
-2.38433
20
1.26436
30
-7.26892
11
-2.39987
21
1.11208
31
-7.20864
12
-2.25179
22
1.09031
32
-7.19829
13
-2.23642
23
1.24391
33
-7.25739
0
3DFACE
8
C1
10
-2.39987
20
1.11208
30
-7.20864
11
-2.41723
21
0.97441
31
-7.13524
12
-2.26907
22
0.95198
32
-7.12549
13
-2.25179
23
1.09031
33
-7.19829
0
3DFACE
8
C1
10
-2.41723
20
0.97441
30
-7.13524
11
-2.43641
21
0.85124
31
-7.04883
12
-2.28825
22
0.82881
32
-7.03908
13
-2.26907
23
0.95198
33
-7.12549
0
3DFACE
8
C1
10
-2.43641
20
0.85124
30
-7.04883
11
-2.45743
21
0.74279
31
-6.94921
12
-2.30936
22
0.72113
32
-6.93877
13
-2.28825
23
0.82881
33
-7.03908
0
3DFACE
8
C1
10
-2.45743
20
0.74279
30
-6.94921
11
-2.48027
21
0.64895
31
-6.83647
12
-2.33237
22
0.62861
32
-6.82485
13
-2.30936
23
0.72113
33
-6.93877
0
3DFACE
8
C1
10
-2.48027
20
0.64895
30
-6.83647
11
-2.50328
21
0.55644
31
-6.72255
12
-2.35558
22
0.53763
32
-6.70955
13
-2.33237
23
0.62861
33
-6.82485
0
3DFACE
8
C1
10
-2.50328
20
0.55644
30
-6.72255
11
-2.52646
21
0.46524
31
-6.60745
12
-2.37899
22
0.44830
32
-6.59277
13
-2.35558
23
0.53763
33
-6.70955
0
3DFACE
8
C1
10
-2.52646
20
0.46524
30
-6.60745
11
-2.54983
21
0.37557
31
-6.49096
12
-2.40256
22
0.36028
32
-6.47480
13
-2.37899
23
0.44830
33
-6.59277
0
3DFACE
8
C1
10
-2.54983
20
0.37557
30
-6.49096
11
-2.57336
21
0.28723
31
-6.37330
12
-2.42633
22
0.27380
32
-6.35546
13
-2.40256
23
0.36028
33
-6.47480
0
3DFACE
8
C1
10
-2.57336
20
0.28723
30
-6.37330
11
-2.59706
21
0.20020
31
-6.25445
12
-2.45028
22
0.18887
32
-6.23474
13
-2.42633
23
0.27380
33
-6.35546
0
3DFACE
8
C1
10
-2.59706
20
0.20020
30
-6.25445
11
-2.62047
21
0.11087
31
-6.13767
12
-2.47387
22
0.10096
32
-6.11668
13
-2.45028
23
0.18887
33
-6.23474
0
3DFACE
8
C1
10
-2.62047
20
0.11087
30
-6.13767
11
-2.64355
21
0.01890
31
-6.02325
12
-2.49710
22
0.01020
32
-6.00118
13
-2.47387
23
0.10096
33
-6.11668
0
3DFACE
8
C1
10
-1.65274
20
4.31912
30
-10.01213
11
-1.67436
21
4.21551
31
-9.90817
12
-1.52699
22
4.19934
32
-9.89280
13
-1.50536
23
4.30295
33
-9.99676
0
3DFACE
8
C1
10
-1.67436
20
4.21551
30
-9.90817
11
-1.69582
21
4.11058
31
-9.80539
12
-1.54845
22
4.09441
32
-9.79002
13
-1.52699
23
4.19934
33
-9.89280
0
3DFACE
8
C1
10
-1.69582
20
4.11058
30
-9.80539
11
-1.71470
21
3.98499
31
-9.72115
12
-1.56803
22
3.97453
32
-9.70065
13
-1.54845
23
4.09441
33
-9.79002
0
3DFACE
8
C1
10
-1.71470
20
3.98499
30
-9.72115
11
-1.73286
21
3.85369
31
-9.64204
12
-1.58676
22
3.84774
32
-9.61750
13
-1.56803
23
3.97453
33
-9.70065
0
3DFACE
8
C1
10
-1.73286
20
3.85369
30
-9.64204
11
-1.75199
21
3.73019
31
-9.55592
12
-1.60581
22
3.72358
32
-9.53197
13
-1.58676
23
3.84774
33
-9.61750
0
3DFACE
8
C1
10
-1.75199
20
3.73019
30
-9.55592
11
-1.77190
21
3.61285
31
-9.46429
12
-1.62563
22
3.60557
32
-9.44093
13
-1.60581
23
3.72358
33
-9.53197
0
3DFACE
8
C1
10
-1.77190
20
3.61285
30
-9.46429
11
-1.79266
21
3.50231
31
-9.36654
12
-1.64625
22
3.49394
32
-9.34416
13
-1.62563
23
3.60557
33
-9.44093
0
3DFACE
8
C1
10
-1.79266
20
3.50231
30
-9.36654
11
-1.81672
21
3.41825
31
-9.24502
12
-1.66946
22
3.40296
32
-9.22886
13
-1.64625
23
3.49394
33
-9.34416
0
3DFACE
8
C1
10
-1.81672
20
3.41825
30
-9.24502
11
-1.84224
21
3.34573
31
-9.11316
12
-1.69445
22
3.32626
32
-9.10075
13
-1.66946
23
3.40296
33
-9.22886
0
3DFACE
8
C1
10
-1.84224
20
3.34573
30
-9.11316
11
-1.86739
21
3.27035
31
-8.98386
12
-1.71983
22
3.25275
32
-8.96977
13
-1.69445
23
3.32626
33
-9.10075
0
3DFACE
8
C1
10
-1.86739
20
3.27035
30
-8.98386
11
-1.89249
21
3.19453
31
-8.85495
12
-1.74513
22
3.17847
32
-8.83948
13
-1.71983
23
3.25275
33
-8.96977
0
3DFACE
8
C1
10
-1.89249
20
3.19453
30
-8.85495
11
-1.91775
21
3.12002
31
-8.72486
12
-1.77054
22
3.10517
32
-8.70830
13
-1.74513
23
3.17847
33
-8.83948
0
3DFACE
8
C1
10
-1.91775
20
3.12002
30
-8.72486
11
-1.94335
21
3.04816
31
-8.59240
12
-1.79619
22
3.03375
32
-8.57545
13
-1.77054
23
3.10517
33
-8.70830
0
3DFACE
8
C1
10
-1.94335
20
3.04816
30
-8.59240
11
-1.96732
21
2.96333
31
-8.47158
12
-1.82004
22
2.94793
32
-8.45552
13
-1.79619
23
3.03375
33
-8.57545
0
3DFACE
8
C1
10
-1.96732
20
2.96333
30
-8.47158
11
-1.98981
21
2.86664
31
-8.36141
12
-1.84225
22
2.84904
32
-8.34732
13
-1.82004
23
2.94793
33
-8.45552
0
3DFACE
8
C1
10
-1.98981
20
2.86664
30
-8.36141
11
-2.01069
21
2.75709
31
-8.26277
12
-1.86289
22
2.73751
32
-8.25045
13
-1.84225
23
2.84904
33
-8.34732
0
3DFACE
8
C1
10
-2.01069
20
2.75709
30
-8.26277
11
-2.02966
21
2.63227
31
-8.17784
12
-1.88173
22
2.61171
32
-8.16641
13
-1.86289
23
2.73751
33
-8.25045
0
3DFACE
8
C1
10
-2.02966
20
2.63227
30
-8.17784
11
-2.04653
21
2.49065
31
-8.10799
12
-1.89858
22
2.46986
32
-8.09676
13
-1.88173
23
2.61171
33
-8.16641
0
3DFACE
8
C1
10
-2.04653
20
2.49065
30
-8.10799
11
-2.06466
21
2.35913
31
-8.02907
12
-1.91669
22
2.33823
32
-8.01794
13
-1.89858
23
2.46986
33
-8.09676
0
3DFACE
8
C1
10
-2.06466
20
2.35913
30
-8.02907
11
-2.08405
21
2.23761
31
-7.94118
12
-1.93609
22
2.21682
32
-7.92995
13
-1.91669
23
2.33823
33
-8.01794
0
3DFACE
8
C1
10
-2.08405
20
2.23761
30
-7.94118
11
-2.10469
21
2.12619
31
-7.84422
12
-1.95678
22
2.10574
32
-7.83270
13
-1.93609
23
2.21682
33
-7.92995
0
3DFACE
8
C1
10
-2.10469
20
2.12619
30
-7.84422
11
-2.12658
21
2.02467
31
-7.73839
12
-1.97875
22
2.00487
32
-7.72627
13
-1.95678
23
2.10574
33
-7.83270
0
3DFACE
8
C1
10
-2.12658
20
2.02467
30
-7.73839
11
-2.14971
21
1.93314
31
-7.62358
12
-2.00198
22
1.91411
32
-7.61077
13
-1.97875
23
2.00487
33
-7.72627
0
3DFACE
8
C1
10
-2.14971
20
1.93314
30
-7.62358
11
-2.17091
21
1.82612
31
-7.52268
12
-2.02322
22
1.80742
32
-7.50957
13
-2.00198
23
1.91411
33
-7.61077
0
3DFACE
8
C1
10
-2.17091
20
1.82612
30
-7.52268
11
-2.19018
21
1.70372
31
-7.43558
12
-2.04243
22
1.68458
32
-7.42287
13
-2.02322
23
1.80742
33
-7.50957
0
3DFACE
8
C1
10
-2.19018
20
1.70372
30
-7.43558
11
-2.20752
21
1.56583
31
-7.36238
12
-2.05966
22
1.54581
32
-7.35046
13
-2.04243
23
1.68458
33
-7.42287
0
3DFACE
8
C1
10
-2.20752
20
1.56583
30
-7.36238
11
-2.22293
21
1.41256
31
-7.30298
12
-2.07487
22
1.39089
32
-7.29254
13
-2.05966
23
1.54581
33
-7.35046
0
3DFACE
8
C1
10
-2.22293
20
1.41256
30
-7.30298
11
-2.23642
21
1.24391
31
-7.25739
12
-2.08808
22
1.22004
32
-7.24892
13
-2.07487
23
1.39089
33
-7.29254
0
3DFACE
8
C1
10
-2.23642
20
1.24391
30
-7.25739
11
-2.25179
21
1.09031
31
-7.19829
12
-2.10330
22
1.06524
32
-7.19091
13
-2.08808
23
1.22004
33
-7.24892
0
3DFACE
8
C1
10
-2.25179
20
1.09031
30
-7.19829
11
-2.26907
21
0.95198
31
-7.12549
12
-2.12055
22
0.92669
32
-7.11830
13
-2.10330
23
1.06524
33
-7.19091
0
3DFACE
8
C1
10
-2.26907
20
0.95198
30
-7.12549
11
-2.28825
21
0.82881
31
-7.03908
12
-2.13986
22
0.80451
32
-7.03101
13
-2.12055
23
0.92669
33
-7.11830
0
3DFACE
8
C1
10
-2.28825
20
0.82881
30
-7.03908
11
-2.30936
21
0.72113
31
-6.93877
12
-2.16119
22
0.69858
32
-6.92911
13
-2.13986
23
0.80451
33
-7.03101
0
3DFACE
8
C1
10
-2.30936
20
0.72113
30
-6.93877
11
-2.33237
21
0.62861
31
-6.82485
12
-2.18457
22
0.60903
32
-6.81253
13
-2.16119
23
0.69858
33
-6.92911
0
3DFACE
8
C1
10
-2.33237
20
0.62861
30
-6.82485
11
-2.35558
21
0.53763
31
-6.70955
12
-2.20812
22
0.52080
32
-6.69477
13
-2.18457
23
0.60903
33
-6.81253
0
3DFACE
8
C1
10
-2.35558
20
0.53763
30
-6.70955
11
-2.37899
21
0.44830
31
-6.59277
12
-2.23184
22
0.43399
32
-6.57572
13
-2.20812
23
0.52080
33
-6.69477
0
3DFACE
8
C1
10
-2.37899
20
0.44830
30
-6.59277
11
-2.40256
21
0.36028
31
-6.47480
12
-2.25572
22
0.34839
32
-6.45559
13
-2.23184
23
0.43399
33
-6.57572
0
3DFACE
8
C1
10
-2.40256
20
0.36028
30
-6.47480
11
-2.42633
21
0.27380
31
-6.35546
12
-2.27976
22
0.26412
32
-6.33427
13
-2.25572
23
0.34839
33
-6.45559
0
3DFACE
8
C1
10
-2.42633
20
0.27380
30
-6.35546
11
-2.45028
21
0.18887
31
-6.23474
12
-2.30397
22
0.18115
32
-6.21177
13
-2.27976
23
0.26412
33
-6.33427
0
3DFACE
8
C1
10
-2.45028
20
0.18887
30
-6.23474
11
-2.47387
21
0.10096
31
-6.11668
12
-2.32776
22
0.09490
32
-6.09223
13
-2.30397
23
0.18115
33
-6.21177
0
3DFACE
8
C1
10
-2.47387
20
0.10096
30
-6.11668
11
-2.49710
21
0.01020
31
-6.00118
12
-2.35116
22
0.00545
32
-5.97555
13
-2.32776
23
0.09490
33
-6.09223
0
3DFACE
8
C1
10
-1.50536
20
4.30295
30
-9.99676
11
-1.52699
21
4.19934
31
-9.89280
12
-1.37962
22
4.18328
32
-9.87733
13
-1.35799
23
4.28678
33
-9.98139
0
3DFACE
8
C1
10
-1.52699
20
4.19934
30
-9.89280
11
-1.54845
21
4.09441
31
-9.79002
12
-1.40108
22
4.07834
32
-9.77455
13
-1.37962
23
4.18328
33
-9.87733
0
3DFACE
8
C1
10
-1.54845
20
4.09441
30
-9.79002
11
-1.56803
21
3.97453
31
-9.70065
12
-1.42140
22
3.96429
32
-9.67996
13
-1.40108
23
4.07834
33
-9.77455
0
3DFACE
8
C1
10
-1.56803
20
3.97453
30
-9.70065
11
-1.58676
21
3.84774
31
-9.61750
12
-1.44069
22
3.84200
32
-9.59276
13
-1.42140
23
3.96429
33
-9.67996
0
3DFACE
8
C1
10
-1.58676
20
3.84774
30
-9.61750
11
-1.60581
21
3.72358
31
-9.53197
12
-1.45951
22
3.71598
32
-9.50891
13
-1.44069
23
3.84200
33
-9.59276
0
3DFACE
8
C1
10
-1.60581
20
3.72358
30
-9.53197
11
-1.62563
21
3.60557
31
-9.44093
12
-1.47925
22
3.59731
32
-9.41846
13
-1.45951
23
3.71598
33
-9.50891
0
3DFACE
8
C1
10
-1.62563
20
3.60557
30
-9.44093
11
-1.64625
21
3.49394
31
-9.34416
12
-1.49976
22
3.48480
32
-9.32248
13
-1.47925
23
3.59731
33
-9.41846
0
3DFACE
8
C1
10
-1.64625
20
3.49394
30
-9.34416
11
-1.66946
21
3.40296
31
-9.22886
12
-1.52208
22
3.38679
32
-9.21349
13
-1.49976
23
3.48480
33
-9.32248
0
3DFACE
8
C1
10
-1.66946
20
3.40296
30
-9.22886
11
-1.69445
21
3.32626
31
-9.10075
12
-1.54637
22
3.30449
32
-9.09040
13
-1.52208
23
3.38679
33
-9.21349
0
3DFACE
8
C1
10
-1.69445
20
3.32626
30
-9.10075
11
-1.71983
21
3.25275
31
-8.96977
12
-1.57198
22
3.23273
32
-8.95785
13
-1.54637
23
3.30449
33
-9.09040
0
3DFACE
8
C1
10
-1.71983
20
3.25275
30
-8.96977
11
-1.74513
21
3.17847
31
-8.83948
12
-1.59746
22
3.15999
32
-8.82618
13
-1.57198
23
3.23273
33
-8.95785
0
3DFACE
8
C1
10
-1.74513
20
3.17847
30
-8.83948
11
-1.77054
21
3.10517
31
-8.70830
12
-1.62299
22
3.08757
32
-8.69421
13
-1.59746
23
3.15999
33
-8.82618
0
3DFACE
8
C1
10
-1.77054
20
3.10517
30
-8.70830
11
-1.79619
21
3.03375
31
-8.57545
12
-1.64866
22
3.01637
32
-8.56117
13
-1.62299
23
3.08757
33
-8.69421
0
3DFACE
8
C1
10
-1.79619
20
3.03375
30
-8.57545
11
-1.82004
21
2.94793
31
-8.45552
12
-1.67251
22
2.93055
32
-8.44123
13
-1.64866
23
3.01637
33
-8.56117
0
3DFACE
8
C1
10
-1.82004
20
2.94793
30
-8.45552
11
-1.84225
21
2.84904
31
-8.34732
12
-1.69463
22
2.83089
32
-8.33372
13
-1.67251
23
2.93055
33
-8.44123
0
3DFACE
8
C1
10
-1.84225
20
2.84904
30
-8.34732
11
-1.86289
21
2.73751
31
-8.25045
12
-1.71507
22
2.71783
32
-8.23824
13
-1.69463
23
2.83089
33
-8.33372
0
3DFACE
8
C1
10
-1.86289
20
2.73751
30
-8.25045
11
-1.88173
21
2.61171
31
-8.16641
12
-1.73382
22
2.59125
32
-8.15488
13
-1.71507
23
2.71783
33
-8.23824
0
3DFACE
8
C1
10
-1.88173
20
2.61171
30
-8.16641
11
-1.89858
21
2.46986
31
-8.09676
12
-1.75069
22
2.44963
32
-8.08504
13
-1.73382
23
2.59125
33
-8.15488
0
3DFACE
8
C1
10
-1.89858
20
2.46986
30
-8.09676
11
-1.91669
21
2.33823
31
-8.01794
12
-1.76884
22
2.31822
32
-8.00602
13
-1.75069
23
2.44963
33
-8.08504
0
3DFACE
8
C1
10
-1.91669
20
2.33823
30
-8.01794
11
-1.93609
21
2.21682
31
-7.92995
12
-1.78826
22
2.19703
32
-7.91784
13
-1.76884
23
2.31822
33
-8.00602
0
3DFACE
8
C1
10
-1.93609
20
2.21682
30
-7.92995
11
-1.95678
21
2.10574
31
-7.83270
12
-1.80896
22
2.08605
32
-7.82048
13
-1.78826
23
2.19703
33
-7.91784
0
3DFACE
8
C1
10
-1.95678
20
2.10574
30
-7.83270
11
-1.97875
21
2.00487
31
-7.72627
12
-1.83095
22
1.98529
32
-7.71396
13
-1.80896
23
2.08605
33
-7.82048
0
3DFACE
8
C1
10
-1.97875
20
2.00487
30
-7.72627
11
-2.00198
21
1.91411
31
-7.61077
12
-1.85420
22
1.89475
32
-7.59826
13
-1.83095
23
1.98529
33
-7.71396
0
3DFACE
8
C1
10
-2.00198
20
1.91411
30
-7.61077
11
-2.02322
21
1.80742
31
-7.50957
12
-1.87539
22
1.78762
32
-7.49746
13
-1.85420
23
1.89475
33
-7.59826
0
3DFACE
8
C1
10
-2.02322
20
1.80742
30
-7.50957
11
-2.04243
21
1.68458
31
-7.42287
12
-1.89449
22
1.66390
32
-7.41154
13
-1.87539
23
1.78762
33
-7.49746
0
3DFACE
8
C1
10
-2.04243
20
1.68458
30
-7.42287
11
-2.05966
21
1.54581
31
-7.35046
12
-1.91156
22
1.52382
32
-7.34031
13
-1.89449
23
1.66390
33
-7.41154
0
3DFACE
8
C1
10
-2.05966
20
1.54581
30
-7.35046
11
-2.07487
21
1.39089
31
-7.29254
12
-1.92653
22
1.36703
32
-7.28407
13
-1.91156
23
1.52382
33
-7.34031
0
3DFACE
8
C1
10
-2.07487
20
1.39089
30
-7.29254
11
-2.08808
21
1.22004
31
-7.24892
12
-1.93944
22
1.19377
32
-7.24262
13
-1.92653
23
1.36703
33
-7.28407
0
3DFACE
8
C1
10
-2.08808
20
1.22004
30
-7.24892
11
-2.10330
21
1.06524
31
-7.19091
12
-1.95452
22
1.03786
32
-7.18560
13
-1.93944
23
1.19377
33
-7.24262
0
3DFACE
8
C1
10
-2.10330
20
1.06524
30
-7.19091
11
-2.12055
21
0.92669
31
-7.11830
12
-1.97180
22
0.89953
32
-7.11279
13
-1.95452
23
1.03786
33
-7.18560
0
3DFACE
8
C1
10
-2.12055
20
0.92669
30
-7.11830
11
-2.13986
21
0.80451
31
-7.03101
12
-1.99128
22
0.77878
32
-7.02421
13
-1.97180
23
0.89953
33
-7.11279
0
3DFACE
8
C1
10
-2.13986
20
0.80451
30
-7.03101
11
-2.16119
21
0.69858
31
-6.92911
12
-2.01298
22
0.67571
32
-6.91976
13
-1.99128
23
0.77878
33
-7.02421
0
3DFACE
8
C1
10
-2.16119
20
0.69858
30
-6.92911
11
-2.18457
21
0.60903
31
-6.81253
12
-2.03689
22
0.59044
32
-6.79933
13
-2.01298
23
0.67571
33
-6.91976
0
3DFACE
8
C1
10
-2.18457
20
0.60903
30
-6.81253
11
-2.20812
21
0.52080
31
-6.69477
12
-2.06091
22
0.50594
32
-6.67821
13
-2.03689
23
0.59044
33
-6.79933
0
3DFACE
8
C1
10
-2.20812
20
0.52080
30
-6.69477
11
-2.23184
21
0.43399
31
-6.57572
12
-2.08503
22
0.42232
32
-6.55631
13
-2.06091
23
0.50594
33
-6.67821
0
3DFACE
8
C1
10
-2.23184
20
0.43399
30
-6.57572
11
-2.25572
21
0.34839
31
-6.45559
12
-2.10924
22
0.33936
32
-6.43381
13
-2.08503
23
0.42232
33
-6.55631
0
3DFACE
8
C1
10
-2.25572
20
0.34839
30
-6.45559
11
-2.27976
21
0.26412
31
-6.33427
12
-2.13353
22
0.25706
32
-6.31072
13
-2.10924
23
0.33936
33
-6.43381
0
3DFACE
8
C1
10
-2.27976
20
0.26412
30
-6.33427
11
-2.30397
21
0.18115
31
-6.21177
12
-2.15790
22
0.17542
32
-6.18704
13
-2.13353
23
0.25706
33
-6.31072
0
3DFACE
8
C1
10
-2.30397
20
0.18115
30
-6.21177
11
-2.32776
21
0.09490
31
-6.09223
12
-2.18183
22
0.09026
32
-6.06651
13
-2.15790
23
0.17542
33
-6.18704
0
3DFACE
8
C1
10
-2.32776
20
0.09490
30
-6.09223
11
-2.35116
21
0.00545
31
-5.97555
12
-2.20531
22
0.00148
32
-5.94924
13
-2.18183
23
0.09026
33
-6.06651
0
3DFACE
8
C1
10
-1.35799
20
4.28678
30
-9.98139
11
-1.37962
21
4.18328
31
-9.87733
12
-1.23225
22
4.16711
32
-9.86196
13
-1.21061
23
4.27061
33
-9.96602
0
3DFACE
8
C1
10
-1.37962
20
4.18328
30
-9.87733
11
-1.40108
21
4.07834
31
-9.77455
12
-1.25371
22
4.06217
32
-9.75918
13
-1.23225
23
4.16711
33
-9.86196
0
3DFACE
8
C1
10
-1.40108
20
4.07834
30
-9.77455
11
-1.42140
21
3.96429
31
-9.67996
12
-1.27499
22
3.95581
32
-9.65768
13
-1.25371
23
4.06217
33
-9.75918
0
3DFACE
8
C1
10
-1.42140
20
3.96429
30
-9.67996
11
-1.44069
21
3.84200
31
-9.59276
12
-1.29486
22
3.83825
32
-9.56624
13
-1.27499
23
3.95581
33
-9.65768
0
3DFACE
8
C1
10
-1.44069
20
3.84200
30
-9.59276
11
-1.45951
21
3.71598
31
-9.50891
12
-1.31412
22
3.71574
32
-9.47924
13
-1.29486
23
3.83825
33
-9.56624
0
3DFACE
8
C1
10
-1.45951
20
3.71598
30
-9.50891
11
-1.47925
21
3.59731
31
-9.41846
12
-1.33380
22
3.59652
32
-9.38928
13
-1.31412
23
3.71574
33
-9.47924
0
3DFACE
8
C1
10
-1.47925
20
3.59731
30
-9.41846
11
-1.49976
21
3.48480
31
-9.32248
12
-1.35421
22
3.48324
32
-9.29400
13
-1.33380
23
3.59652
33
-9.38928
0
3DFACE
8
C1
10
-1.49976
20
3.48480
30
-9.32248
11
-1.52208
21
3.38679
31
-9.21349
12
-1.37542
22
3.37633
32
-9.19299
13
-1.35421
23
3.48324
33
-9.29400
0
3DFACE
8
C1
10
-1.52208
20
3.38679
30
-9.21349
11
-1.54637
21
3.30449
31
-9.09040
12
-1.39897
22
3.28810
32
-9.07523
13
-1.37542
23
3.37633
33
-9.19299
0
3DFACE
8
C1
10
-1.54637
20
3.30449
30
-9.09040
11
-1.57198
21
3.23273
31
-8.95785
12
-1.42402
22
3.21195
32
-8.94662
13
-1.39897
23
3.28810
33
-9.07523
0
3DFACE
8
C1
10
-1.57198
20
3.23273
30
-8.95785
11
-1.59746
21
3.15999
31
-8.82618
12
-1.44951
22
3.13920
32
-8.81495
13
-1.42402
23
3.21195
33
-8.94662
0
3DFACE
8
C1
10
-1.59746
20
3.15999
30
-8.82618
11
-1.62299
21
3.08757
31
-8.69421
12
-1.47512
22
3.06745
32
-8.68239
13
-1.44951
23
3.13920
33
-8.81495
0
3DFACE
8
C1
10
-1.62299
20
3.08757
30
-8.69421
11
-1.64866
21
3.01637
31
-8.56117
12
-1.50082
22
2.99646
32
-8.54915
13
-1.47512
23
3.06745
33
-8.68239
0
3DFACE
8
C1
10
-1.64866
20
3.01637
30
-8.56117
11
-1.67251
21
2.93055
31
-8.44123
12
-1.52474
22
2.91119
32
-8.42872
13
-1.50082
23
2.99646
33
-8.54915
0
3DFACE
8
C1
10
-1.67251
20
2.93055
30
-8.44123
11
-1.69463
21
2.83089
31
-8.33372
12
-1.54688
22
2.81175
32
-8.32101
13
-1.52474
23
2.91119
33
-8.42872
0
3DFACE
8
C1
10
-1.69463
20
2.83089
30
-8.33372
11
-1.71507
21
2.71783
31
-8.23824
12
-1.56732
22
2.69869
32
-8.22553
13
-1.54688
23
2.81175
33
-8.32101
0
3DFACE
8
C1
10
-1.71507
20
2.71783
30
-8.23824
11
-1.73382
21
2.59125
31
-8.15488
12
-1.58605
22
2.57190
32
-8.14237
13
-1.56732
23
2.69869
33
-8.22553
0
3DFACE
8
C1
10
-1.73382
20
2.59125
30
-8.15488
11
-1.75069
21
2.44963
31
-8.08504
12
-1.60301
22
2.43104
32
-8.07184
13
-1.58605
23
2.57190
33
-8.14237
0
3DFACE
8
C1
10
-1.75069
20
2.44963
30
-8.08504
11
-1.76884
21
2.31822
31
-8.00602
12
-1.62121
22
2.30007
32
-7.99243
13
-1.60301
23
2.43104
33
-8.07184
0
3DFACE
8
C1
10
-1.76884
20
2.31822
30
-8.00602
11
-1.78826
21
2.19703
31
-7.91784
12
-1.64068
22
2.17921
32
-7.90395
13
-1.62121
23
2.30007
33
-7.99243
0
3DFACE
8
C1
10
-1.78826
20
2.19703
30
-7.91784
11
-1.80896
21
2.08605
31
-7.82048
12
-1.66138
22
2.06823
32
-7.80659
13
-1.64068
23
2.17921
33
-7.90395
0
3DFACE
8
C1
10
-1.80896
20
2.08605
30
-7.82048
11
-1.83095
21
1.98529
31
-7.71396
12
-1.68334
22
1.96726
32
-7.70026
13
-1.66138
23
2.06823
33
-7.80659
0
3DFACE
8
C1
10
-1.83095
20
1.98529
30
-7.71396
11
-1.85420
21
1.89475
31
-7.59826
12
-1.70654
22
1.87627
32
-7.58496
13
-1.68334
23
1.96726
33
-7.70026
0
3DFACE
8
C1
10
-1.85420
20
1.89475
30
-7.59826
11
-1.87539
21
1.78762
31
-7.49746
12
-1.72764
22
1.76849
32
-7.48475
13
-1.70654
23
1.87627
33
-7.58496
0
3DFACE
8
C1
10
-1.87539
20
1.78762
30
-7.49746
11
-1.89449
21
1.66390
31
-7.41154
12
-1.74662
22
1.64378
32
-7.39972
13
-1.72764
23
1.76849
33
-7.48475
0
3DFACE
8
C1
10
-1.89449
20
1.66390
30
-7.41154
11
-1.91156
21
1.52382
31
-7.34031
12
-1.76349
22
1.50215
32
-7.32987
13
-1.74662
23
1.64378
33
-7.39972
0
3DFACE
8
C1
10
-1.91156
20
1.52382
30
-7.34031
11
-1.92653
21
1.36703
31
-7.28407
12
-1.77826
22
1.34372
32
-7.27511
13
-1.76349
23
1.50215
33
-7.32987
0
3DFACE
8
C1
10
-1.92653
20
1.36703
30
-7.28407
11
-1.93944
21
1.19377
31
-7.24262
12
-1.79117
22
1.17045
32
-7.23366
13
-1.77826
23
1.34372
33
-7.27511
0
3DFACE
8
C1
10
-1.93944
20
1.19377
30
-7.24262
11
-1.95452
21
1.03786
31
-7.18560
12
-1.80623
22
1.01433
32
-7.17683
13
-1.79117
23
1.17045
33
-7.23366
0
3DFACE
8
C1
10
-1.95452
20
1.03786
30
-7.18560
11
-1.97180
21
0.89953
31
-7.11279
12
-1.82366
22
0.87721
32
-7.10294
13
-1.80623
23
1.01433
33
-7.17683
0
3DFACE
8
C1
10
-1.97180
20
0.89953
30
-7.11279
11
-1.99128
21
0.77878
31
-7.02421
12
-1.84350
22
0.75931
32
-7.01180
13
-1.82366
23
0.87721
33
-7.10294
0
3DFACE
8
C1
10
-1.99128
20
0.77878
30
-7.02421
11
-2.01298
21
0.67571
31
-6.91976
12
-1.86571
22
0.66042
32
-6.90360
13
-1.84350
23
0.75931
33
-7.01180
0
3DFACE
8
C1
10
-2.01298
20
0.67571
30
-6.91976
11
-2.03689
21
0.59044
31
-6.79933
12
-1.89004
22
0.57845
32
-6.78021
13
-1.86571
23
0.66042
33
-6.90360
0
3DFACE
8
C1
10
-2.03689
20
0.59044
30
-6.79933
11
-2.06091
21
0.50594
31
-6.67821
12
-1.91456
22
0.49801
32
-6.65545
13
-1.89004
23
0.57845
33
-6.78021
0
3DFACE
8
C1
10
-2.06091
20
0.50594
30
-6.67821
11
-2.08503
21
0.42232
31
-6.55631
12
-1.93904
22
0.41725
32
-6.53098
13
-1.91456
23
0.49801
33
-6.65545
0
3DFACE
8
C1
10
-2.08503
20
0.42232
30
-6.55631
11
-2.10924
21
0.33936
31
-6.43381
12
-1.96344
22
0.33583
32
-6.40710
13
-1.93904
23
0.41725
33
-6.53098
0
3DFACE
8
C1
10
-2.10924
20
0.33936
30
-6.43381
11
-2.13353
21
0.25706
31
-6.31072
12
-1.98780
22
0.25407
32
-6.28351
13
-1.96344
23
0.33583
33
-6.40710
0
3DFACE
8
C1
10
-2.13353
20
0.25706
30
-6.31072
11
-2.15790
21
0.17542
31
-6.18704
12
-2.01210
22
0.17188
32
-6.16033
13
-1.98780
23
0.25407
33
-6.28351
0
3DFACE
8
C1
10
-2.15790
20
0.17542
30
-6.18704
11
-2.18183
21
0.09026
31
-6.06651
12
-2.03598
22
0.08628
32
-6.04019
13
-2.01210
23
0.17188
33
-6.16033
0
3DFACE
8
C1
10
-2.18183
20
0.09026
30
-6.06651
11
-2.20531
21
0.00148
31
-5.94924
12
-2.05941
22
-0.00283
32
-5.92322
13
-2.03598
23
0.08628
33
-6.04019
0
3DFACE
8
C1
10
-1.21061
20
4.27061
30
-9.96602
11
-1.23225
21
4.16711
31
-9.86196
12
-1.08487
22
4.15093
32
-9.84659
13
-1.06324
23
4.25444
33
-9.95065
0
3DFACE
8
C1
10
-1.23225
20
4.16711
30
-9.86196
11
-1.25371
21
4.06217
31
-9.75918
12
-1.10633
22
4.04600
32
-9.74381
13
-1.08487
23
4.15093
33
-9.84659
0
3DFACE
8
C1
10
-1.25371
20
4.06217
30
-9.75918
11
-1.27499
21
3.95581
31
-9.65768
12
-1.12761
22
3.93964
32
-9.64231
13
-1.10633
23
4.04600
33
-9.74381
0
3DFACE
8
C1
10
-1.27499
20
3.95581
30
-9.65768
11
-1.29486
21
3.83825
31
-9.56624
12
-1.14809
22
3.82691
32
-9.54654
13
-1.12761
23
3.93964
33
-9.64231
0
3DFACE
8
C1
10
-1.29486
20
3.83825
30
-9.56624
11
-1.31412
21
3.71574
31
-9.47924
12
-1.16779
22
3.70791
32
-9.45638
13
-1.14809
23
3.82691
33
-9.54654
0
3DFACE
8
C1
10
-1.31412
20
3.71574
30
-9.47924
11
-1.33380
21
3.59652
31
-9.38928
12
-1.18729
22
3.58727
32
-9.36770
13
-1.16779
23
3.70791
33
-9.45638
0
3DFACE
8
C1
10
-1.33380
20
3.59652
30
-9.38928
11
-1.35421
21
3.48324
31
-9.29400
12
-1.20763
22
3.47344
32
-9.27291
13
-1.18729
23
3.58727
33
-9.36770
0
3DFACE
8
C1
10
-1.35421
20
3.48324
30
-9.29400
11
-1.37542
21
3.37633
31
-9.19299
12
-1.22872
22
3.36554
32
-9.17279
13
-1.20763
23
3.47344
33
-9.27291
0
3DFACE
8
C1
10
-1.37542
20
3.37633
30
-9.19299
11
-1.39897
21
3.28810
31
-9.07523
12
-1.25149
22
3.27116
32
-9.06055
13
-1.22872
23
3.36554
33
-9.17279
0
3DFACE
8
C1
10
-1.39897
20
3.28810
30
-9.07523
11
-1.42402
21
3.21195
31
-8.94662
12
-1.27598
22
3.19039
32
-8.93608
13
-1.25149
23
3.27116
33
-9.06055
0
3DFACE
8
C1
10
-1.42402
20
3.21195
30
-8.94662
11
-1.44951
21
3.13920
31
-8.81495
12
-1.30154
22
3.11831
32
-8.80382
13
-1.27598
23
3.19039
33
-8.93608
0
3DFACE
8
C1
10
-1.44951
20
3.13920
30
-8.81495
11
-1.47512
21
3.06745
31
-8.68239
12
-1.32711
22
3.04622
32
-8.67156
13
-1.30154
23
3.11831
33
-8.80382
0
3DFACE
8
C1
10
-1.47512
20
3.06745
30
-8.68239
11
-1.50082
21
2.99646
31
-8.54915
12
-1.35280
22
2.97513
32
-8.53841
13
-1.32711
23
3.04622
33
-8.67156
0
3DFACE
8
C1
10
-1.50082
20
2.99646
30
-8.54915
11
-1.52474
21
2.91119
31
-8.42872
12
-1.37677
22
2.89030
32
-8.41759
13
-1.35280
23
2.97513
33
-8.53841
0
3DFACE
8
C1
10
-1.52474
20
2.91119
30
-8.42872
11
-1.54688
21
2.81175
31
-8.32101
12
-1.39900
22
2.79152
32
-8.30929
13
-1.37677
23
2.89030
33
-8.41759
0
3DFACE
8
C1
10
-1.54688
20
2.81175
30
-8.32101
11
-1.56732
21
2.69869
31
-8.22553
12
-1.41954
22
2.67922
32
-8.21312
13
-1.39900
23
2.79152
33
-8.30929
0
3DFACE
8
C1
10
-1.56732
20
2.69869
30
-8.22553
11
-1.58605
21
2.57190
31
-8.14237
12
-1.43840
22
2.55353
32
-8.12897
13
-1.41954
23
2.67922
33
-8.21312
0
3DFACE
8
C1
10
-1.58605
20
2.57190
30
-8.14237
11
-1.60301
21
2.43104
31
-8.07184
12
-1.45557
22
2.41432
32
-8.05696
13
-1.43840
23
2.55353
33
-8.12897
0
3DFACE
8
C1
10
-1.60301
20
2.43104
30
-8.07184
11
-1.62121
21
2.30007
31
-7.99243
12
-1.47392
22
2.28456
32
-7.97646
13
-1.45557
23
2.41432
33
-8.05696
0
3DFACE
8
C1
10
-1.62121
20
2.30007
30
-7.99243
11
-1.64068
21
2.17921
31
-7.90395
12
-1.49347
22
2.16436
32
-7.88739
13
-1.47392
23
2.28456
33
-7.97646
0
3DFACE
8
C1
10
-1.64068
20
2.17921
30
-7.90395
11
-1.66138
21
2.06823
31
-7.80659
12
-1.51417
22
2.05338
32
-7.79004
13
-1.49347
23
2.16436
33
-7.88739
0
3DFACE
8
C1
10
-1.66138
20
2.06823
30
-7.80659
11
-1.68334
21
1.96726
31
-7.70026
12
-1.53604
22
1.95174
32
-7.68430
13
-1.51417
23
2.05338
33
-7.79004
0
3DFACE
8
C1
10
-1.68334
20
1.96726
30
-7.70026
11
-1.70654
21
1.87627
31
-7.58496
12
-1.55912
22
1.85977
32
-7.56989
13
-1.53604
23
1.95174
33
-7.68430
0
3DFACE
8
C1
10
-1.70654
20
1.87627
30
-7.58496
11
-1.72764
21
1.76849
31
-7.48475
12
-1.58004
22
1.75056
32
-7.47095
13
-1.55912
23
1.85977
33
-7.56989
0
3DFACE
8
C1
10
-1.72764
20
1.76849
30
-7.48475
11
-1.74662
21
1.64378
31
-7.39972
12
-1.59885
22
1.62442
32
-7.38720
13
-1.58004
23
1.75056
33
-7.47095
0
3DFACE
8
C1
10
-1.74662
20
1.64378
30
-7.39972
11
-1.76349
21
1.50215
31
-7.32987
12
-1.61555
22
1.48148
32
-7.31854
13
-1.59885
23
1.62442
33
-7.38720
0
3DFACE
8
C1
10
-1.76349
20
1.50215
30
-7.32987
11
-1.77826
21
1.34372
31
-7.27511
12
-1.63042
22
1.32381
32
-7.26309
13
-1.61555
23
1.48148
33
-7.31854
0
3DFACE
8
C1
10
-1.77826
20
1.34372
30
-7.27511
11
-1.79117
21
1.17045
31
-7.23366
12
-1.64369
22
1.15340
32
-7.21908
13
-1.63042
23
1.32381
33
-7.26309
0
3DFACE
8
C1
10
-1.79117
20
1.17045
30
-7.23366
11
-1.80623
21
1.01433
31
-7.17683
12
-1.65902
22
0.99947
32
-7.16028
13
-1.64369
23
1.15340
33
-7.21908
0
3DFACE
8
C1
10
-1.80623
20
1.01433
30
-7.17683
11
-1.82366
21
0.87721
31
-7.10294
12
-1.67665
22
0.86400
32
-7.08491
13
-1.65902
23
0.99947
33
-7.16028
0
3DFACE
8
C1
10
-1.82366
20
0.87721
30
-7.10294
11
-1.84350
21
0.75931
31
-7.01180
12
-1.69682
22
0.74874
32
-6.99140
13
-1.67665
23
0.86400
33
-7.08491
0
3DFACE
8
C1
10
-1.84350
20
0.75931
30
-7.01180
11
-1.86571
21
0.66042
31
-6.90360
12
-1.71925
22
0.65161
32
-6.88162
13
-1.69682
23
0.74874
33
-6.99140
0
3DFACE
8
C1
10
-1.86571
20
0.66042
30
-6.90360
11
-1.89004
21
0.57845
31
-6.78021
12
-1.74368
22
0.57041
32
-6.75754
13
-1.71925
23
0.65161
33
-6.88162
0
3DFACE
8
C1
10
-1.89004
20
0.57845
30
-6.78021
11
-1.91456
21
0.49801
31
-6.65545
12
-1.76841
22
0.49162
32
-6.63130
13
-1.74368
23
0.57041
33
-6.75754
0
3DFACE
8
C1
10
-1.91456
20
0.49801
30
-6.65545
11
-1.93904
21
0.41725
31
-6.53098
12
-1.79316
22
0.41305
32
-6.50486
13
-1.76841
23
0.49162
33
-6.63130
0
3DFACE
8
C1
10
-1.93904
20
0.41725
30
-6.53098
11
-1.96344
21
0.33583
31
-6.40710
12
-1.81770
22
0.33273
32
-6.37999
13
-1.79316
23
0.41305
33
-6.50486
0
3DFACE
8
C1
10
-1.96344
20
0.33583
30
-6.40710
11
-1.98780
21
0.25407
31
-6.28351
12
-1.84203
22
0.25076
32
-6.25661
13
-1.81770
23
0.33273
33
-6.37999
0
3DFACE
8
C1
10
-1.98780
20
0.25407
30
-6.28351
11
-2.01210
21
0.17188
31
-6.16033
12
-1.86615
22
0.16714
32
-6.13470
13
-1.84203
23
0.25076
33
-6.25661
0
3DFACE
8
C1
10
-2.01210
20
0.17188
30
-6.16033
11
-2.03598
21
0.08628
31
-6.04019
12
-1.88988
22
0.08033
32
-6.01565
13
-1.86615
23
0.16714
33
-6.13470
0
3DFACE
8
C1
10
-2.03598
20
0.08628
30
-6.04019
11
-2.05941
21
-0.00283
31
-5.92322
12
-1.91321
22
-0.00966
32
-5.89946
13
-1.88988
23
0.08033
33
-6.01565
0
3DFACE
8
C1
10
-1.06324
20
4.25444
30
-9.95065
11
-1.08487
21
4.15093
31
-9.84659
12
-0.93750
22
4.13476
32
-9.83122
13
-0.91586
23
4.23827
33
-9.93528
0
3DFACE
8
C1
10
-1.08487
20
4.15093
30
-9.84659
11
-1.10633
21
4.04600
31
-9.74381
12
-0.95895
22
4.02983
32
-9.72844
13
-0.93750
23
4.13476
33
-9.83122
0
3DFACE
8
C1
10
-1.10633
20
4.04600
30
-9.74381
11
-1.12761
21
3.93964
31
-9.64231
12
-0.98025
22
3.92358
32
-9.62684
13
-0.95895
23
4.02983
33
-9.72844
0
3DFACE
8
C1
10
-1.12761
20
3.93964
30
-9.64231
11
-1.14809
21
3.82691
31
-9.54654
12
-1.00153
22
3.81722
32
-9.52535
13
-0.98025
23
3.92358
33
-9.62684
0
3DFACE
8
C1
10
-1.14809
20
3.82691
30
-9.54654
11
-1.16779
21
3.70791
31
-9.45638
12
-1.02169
22
3.70196
32
-9.43184
13
-1.00153
23
3.81722
33
-9.52535
0
3DFACE
8
C1
10
-1.16779
20
3.70791
30
-9.45638
11
-1.18729
21
3.58727
31
-9.36770
12
-1.04071
22
3.57747
32
-9.34661
13
-1.02169
23
3.70196
33
-9.43184
0
3DFACE
8
C1
10
-1.18729
20
3.58727
30
-9.36770
11
-1.20763
21
3.47344
31
-9.27291
12
-1.06101
22
3.46331
32
-9.25211
13
-1.04071
23
3.57747
33
-9.34661
0
3DFACE
8
C1
10
-1.20763
20
3.47344
30
-9.27291
11
-1.22872
21
3.36554
31
-9.17279
12
-1.08200
22
3.35464
32
-9.15269
13
-1.06101
23
3.46331
33
-9.25211
0
3DFACE
8
C1
10
-1.22872
20
3.36554
30
-9.17279
11
-1.25149
21
3.27116
31
-9.06055
12
-1.10380
22
3.25246
32
-9.04744
13
-1.08200
23
3.35464
33
-9.15269
0
3DFACE
8
C1
10
-1.25149
20
3.27116
30
-9.06055
11
-1.27598
21
3.19039
31
-8.93608
12
-1.12765
22
3.16664
32
-8.92751
13
-1.10380
23
3.25246
33
-9.04744
0
3DFACE
8
C1
10
-1.27598
20
3.19039
30
-8.93608
11
-1.30154
21
3.11831
31
-8.80382
12
-1.15356
22
3.09730
32
-8.79278
13
-1.12765
23
3.16664
33
-8.92751
0
3DFACE
8
C1
10
-1.30154
20
3.11831
30
-8.80382
11
-1.32711
21
3.04622
31
-8.67156
12
-1.17906
22
3.02467
32
-8.66102
13
-1.15356
23
3.09730
33
-8.79278
0
3DFACE
8
C1
10
-1.32711
20
3.04622
30
-8.67156
11
-1.35280
21
2.97513
31
-8.53841
12
-1.20472
22
2.95335
32
-8.52807
13
-1.17906
23
3.02467
33
-8.66102
0
3DFACE
8
C1
10
-1.35280
20
2.97513
30
-8.53841
11
-1.37677
21
2.89030
31
-8.41759
12
-1.22878
22
2.86918
32
-8.40665
13
-1.20472
23
2.95335
33
-8.52807
0
3DFACE
8
C1
10
-1.37677
20
2.89030
30
-8.41759
11
-1.39900
21
2.79152
31
-8.30929
12
-1.25113
22
2.77139
32
-8.29747
13
-1.22878
23
2.86918
33
-8.40665
0
3DFACE
8
C1
10
-1.39900
20
2.79152
30
-8.30929
11
-1.41954
21
2.67922
31
-8.21312
12
-1.27178
22
2.65998
32
-8.20051
13
-1.25113
23
2.77139
33
-8.29747
0
3DFACE
8
C1
10
-1.41954
20
2.67922
30
-8.21312
11
-1.43840
21
2.55353
31
-8.12897
12
-1.29080
22
2.53560
32
-8.11518
13
-1.27178
23
2.65998
33
-8.20051
0
3DFACE
8
C1
10
-1.43840
20
2.55353
30
-8.12897
11
-1.45557
21
2.41432
31
-8.05696
12
-1.30818
22
2.39804
32
-8.04169
13
-1.29080
23
2.53560
33
-8.11518
0
3DFACE
8
C1
10
-1.45557
20
2.41432
30
-8.05696
11
-1.47392
21
2.28456
31
-7.97646
12
-1.32667
22
2.26938
32
-7.96021
13
-1.30818
23
2.39804
33
-8.04169
0
3DFACE
8
C1
10
-1.47392
20
2.28456
30
-7.97646
11
-1.49347
21
2.16436
31
-7.88739
12
-1.34624
22
2.14939
32
-7.87094
13
-1.32667
23
2.26938
33
-7.96021
0
3DFACE
8
C1
10
-1.49347
20
2.16436
30
-7.88739
11
-1.51417
21
2.05338
31
-7.79004
12
-1.36692
22
2.03820
32
-7.77378
13
-1.34624
23
2.14939
33
-7.87094
0
3DFACE
8
C1
10
-1.51417
20
2.05338
30
-7.79004
11
-1.53604
21
1.95174
31
-7.68430
12
-1.38868
22
1.93568
32
-7.66883
13
-1.36692
23
2.03820
33
-7.77378
0
3DFACE
8
C1
10
-1.53604
20
1.95174
30
-7.68430
11
-1.55912
21
1.85977
31
-7.56989
12
-1.41157
22
1.84217
32
-7.55580
13
-1.38868
23
1.93568
33
-7.66883
0
3DFACE
8
C1
10
-1.55912
20
1.85977
30
-7.56989
11
-1.58004
21
1.75056
31
-7.47095
12
-1.43232
22
1.73164
32
-7.45805
13
-1.41157
23
1.84217
33
-7.55580
0
3DFACE
8
C1
10
-1.58004
20
1.75056
30
-7.47095
11
-1.59885
21
1.62442
31
-7.38720
12
-1.45099
22
1.60441
32
-7.37528
13
-1.43232
23
1.73164
33
-7.45805
0
3DFACE
8
C1
10
-1.59885
20
1.62442
30
-7.38720
11
-1.61555
21
1.48148
31
-7.31854
12
-1.46783
22
1.46256
32
-7.30564
13
-1.45099
23
1.60441
33
-7.37528
0
3DFACE
8
C1
10
-1.61555
20
1.48148
30
-7.31854
11
-1.63042
21
1.32381
31
-7.26309
12
-1.48315
22
1.30852
32
-7.24693
13
-1.46783
23
1.46256
33
-7.30564
0
3DFACE
8
C1
10
-1.63042
20
1.32381
30
-7.26309
11
-1.64369
21
1.15340
31
-7.21908
12
-1.49719
22
1.14426
32
-7.19740
13
-1.48315
23
1.30852
33
-7.24693
0
3DFACE
8
C1
10
-1.64369
20
1.15340
30
-7.21908
11
-1.65902
21
0.99947
31
-7.16028
12
-1.51311
22
0.99506
32
-7.13436
13
-1.49719
23
1.14426
33
-7.19740
0
3DFACE
8
C1
10
-1.65902
20
0.99947
30
-7.16028
11
-1.67665
21
0.86400
31
-7.08491
12
-1.53119
22
0.86310
32
-7.05583
13
-1.51311
23
0.99506
33
-7.13436
0
3DFACE
8
C1
10
-1.67665
20
0.86400
30
-7.08491
11
-1.69682
21
0.74874
31
-6.99140
12
-1.55140
22
0.74817
32
-6.96203
13
-1.53119
23
0.86310
33
-7.05583
0
3DFACE
8
C1
10
-1.69682
20
0.74874
30
-6.99140
11
-1.71925
21
0.65161
31
-6.88162
12
-1.57368
22
0.64983
32
-6.85333
13
-1.55140
23
0.74817
33
-6.96203
0
3DFACE
8
C1
10
-1.71925
20
0.65161
30
-6.88162
11
-1.74368
21
0.57041
31
-6.75754
12
-1.59779
22
0.56610
32
-6.73152
13
-1.57368
23
0.64983
33
-6.85333
0
3DFACE
8
C1
10
-1.74368
20
0.57041
30
-6.75754
11
-1.76841
21
0.49162
31
-6.63130
12
-1.62234
22
0.48589
32
-6.60656
13
-1.59779
23
0.56610
33
-6.73152
0
3DFACE
8
C1
10
-1.76841
20
0.49162
30
-6.63130
11
-1.79316
21
0.41305
31
-6.50486
12
-1.64705
22
0.40699
32
-6.48041
13
-1.62234
23
0.48589
33
-6.60656
0
3DFACE
8
C1
10
-1.79316
20
0.41305
30
-6.50486
11
-1.81770
21
0.33273
31
-6.37999
12
-1.67166
22
0.32721
32
-6.35506
13
-1.64705
23
0.40699
33
-6.48041
0
3DFACE
8
C1
10
-1.81770
20
0.33273
30
-6.37999
11
-1.84203
21
0.25076
31
-6.25661
12
-1.69592
22
0.24469
32
-6.23216
13
-1.67166
23
0.32721
33
-6.35506
0
3DFACE
8
C1
10
-1.84203
20
0.25076
30
-6.25661
11
-1.86615
21
0.16714
31
-6.13470
12
-1.71984
22
0.15942
32
-6.11174
13
-1.69592
23
0.24469
33
-6.23216
0
3DFACE
8
C1
10
-1.86615
20
0.16714
30
-6.13470
11
-1.88988
21
0.08033
31
-6.01565
12
-1.74340
22
0.07130
32
-5.99387
13
-1.71984
23
0.15942
33
-6.11174
0
3DFACE
8
C1
10
-1.88988
20
0.08033
30
-6.01565
11
-1.91321
21
-0.00966
31
-5.89946
12
-1.76661
22
-0.01957
32
-5.87847
13
-1.74340
23
0.07130
33
-5.99387
0
3DFACE
8
C1
10
-0.91586
20
4.23827
30
-9.93528
11
-0.93750
21
4.13476
31
-9.83122
12
-0.79012
22
4.11859
32
-9.81585
13
-0.76850
23
4.22221
33
-9.91981
0
3DFACE
8
C1
10
-0.93750
20
4.13476
30
-9.83122
11
-0.95895
21
4.02983
31
-9.72844
12
-0.81158
22
4.01366
32
-9.71307
13
-0.79012
23
4.11859
33
-9.81585
0
3DFACE
8
C1
10
-0.95895
20
4.02983
30
-9.72844
11
-0.98025
21
3.92358
31
-9.62684
12
-0.83287
22
3.90741
32
-9.61147
13
-0.81158
23
4.01366
33
-9.71307
0
3DFACE
8
C1
10
-0.98025
20
3.92358
30
-9.62684
11
-1.00153
21
3.81722
31
-9.52535
12
-0.85415
22
3.80105
32
-9.50998
13
-0.83287
23
3.90741
33
-9.61147
0
3DFACE
8
C1
10
-1.00153
20
3.81722
30
-9.52535
11
-1.02169
21
3.70196
31
-9.43184
12
-0.87480
22
3.68963
32
-9.41301
13
-0.85415
23
3.80105
33
-9.50998
0
3DFACE
8
C1
10
-1.02169
20
3.70196
30
-9.43184
11
-1.04071
21
3.57747
31
-9.34661
12
-0.89413
22
3.56767
32
-9.32552
13
-0.87480
23
3.68963
33
-9.41301
0
3DFACE
8
C1
10
-1.04071
20
3.57747
30
-9.34661
11
-1.06101
21
3.46331
31
-9.25211
12
-0.91429
22
3.45241
32
-9.23201
13
-0.89413
23
3.56767
33
-9.32552
0
3DFACE
8
C1
10
-1.06101
20
3.46331
30
-9.25211
11
-1.08200
21
3.35464
31
-9.15269
12
-0.93523
22
3.34331
32
-9.13298
13
-0.91429
23
3.45241
33
-9.23201
0
3DFACE
8
C1
10
-1.08200
20
3.35464
30
-9.15269
11
-1.10380
21
3.25246
31
-9.04744
12
-0.95691
22
3.24013
32
-9.02862
13
-0.93523
23
3.34331
33
-9.13298
0
3DFACE
8
C1
10
-1.10380
20
3.25246
30
-9.04744
11
-1.12765
21
3.16664
31
-8.92751
12
-0.98012
22
3.14926
32
-8.91322
13
-0.95691
23
3.24013
33
-9.02862
0
3DFACE
8
C1
10
-1.12765
20
3.16664
30
-8.92751
11
-1.15356
21
3.09730
31
-8.79278
12
-1.00557
22
3.07619
32
-8.78185
13
-0.98012
23
3.14926
33
-8.91322
0
3DFACE
8
C1
10
-1.15356
20
3.09730
30
-8.79278
11
-1.17906
21
3.02467
31
-8.66102
12
-1.03111
22
3.00388
32
-8.64979
13
-1.00557
23
3.07619
33
-8.78185
0
3DFACE
8
C1
10
-1.17906
20
3.02467
30
-8.66102
11
-1.20472
21
2.95335
31
-8.52807
12
-1.05669
22
2.93191
32
-8.51743
13
-1.03111
23
3.00388
33
-8.64979
0
3DFACE
8
C1
10
-1.20472
20
2.95335
30
-8.52807
11
-1.22878
21
2.86918
31
-8.40665
12
-1.08080
22
2.84818
32
-8.39562
13
-1.05669
23
2.93191
33
-8.51743
0
3DFACE
8
C1
10
-1.22878
20
2.86918
30
-8.40665
11
-1.25113
21
2.77139
31
-8.29747
12
-1.10327
22
2.75137
32
-8.28555
13
-1.08080
23
2.84818
33
-8.39562
0
3DFACE
8
C1
10
-1.25113
20
2.77139
30
-8.29747
11
-1.27178
21
2.65998
31
-8.20051
12
-1.12410
22
2.64139
32
-8.18730
13
-1.10327
23
2.75137
33
-8.28555
0
3DFACE
8
C1
10
-1.27178
20
2.65998
30
-8.20051
11
-1.29080
21
2.53560
31
-8.11518
12
-1.14326
22
2.51811
32
-8.10099
13
-1.12410
23
2.64139
33
-8.18730
0
3DFACE
8
C1
10
-1.29080
20
2.53560
30
-8.11518
11
-1.30818
21
2.39804
31
-8.04169
12
-1.16086
22
2.38231
32
-8.02592
13
-1.14326
23
2.51811
33
-8.10099
0
3DFACE
8
C1
10
-1.30818
20
2.39804
30
-8.04169
11
-1.32667
21
2.26938
31
-7.96021
12
-1.17947
22
2.25463
32
-7.94355
13
-1.16086
23
2.38231
33
-8.02592
0
3DFACE
8
C1
10
-1.32667
20
2.26938
30
-7.96021
11
-1.34624
21
2.14939
31
-7.87094
12
-1.19910
22
2.13509
32
-7.85389
13
-1.17947
23
2.25463
33
-7.94355
0
3DFACE
8
C1
10
-1.34624
20
2.14939
30
-7.87094
11
-1.36692
21
2.03820
31
-7.77378
12
-1.21974
22
2.02356
32
-7.75703
13
-1.19910
23
2.13509
33
-7.85389
0
3DFACE
8
C1
10
-1.36692
20
2.03820
30
-7.77378
11
-1.38868
21
1.93568
31
-7.66883
12
-1.24139
22
1.92017
32
-7.65287
13
-1.21974
23
2.02356
33
-7.75703
0
3DFACE
8
C1
10
-1.38868
20
1.93568
30
-7.66883
11
-1.41157
21
1.84217
31
-7.55580
12
-1.26407
22
1.82501
32
-7.54131
13
-1.24139
23
1.92017
33
-7.65287
0
3DFACE
8
C1
10
-1.41157
20
1.84217
30
-7.55580
11
-1.43232
21
1.73164
31
-7.45805
12
-1.28463
22
1.71294
32
-7.44494
13
-1.26407
23
1.82501
33
-7.54131
0
3DFACE
8
C1
10
-1.43232
20
1.73164
30
-7.45805
11
-1.45099
21
1.60441
31
-7.37528
12
-1.30341
22
1.58659
32
-7.36139
13
-1.28463
23
1.71294
33
-7.44494
0
3DFACE
8
C1
10
-1.45099
20
1.60441
30
-7.37528
11
-1.46783
21
1.46256
31
-7.30564
12
-1.32069
22
1.44826
32
-7.28859
13
-1.30341
23
1.58659
33
-7.36139
0
3DFACE
8
C1
10
-1.46783
20
1.46256
30
-7.30564
11
-1.48315
21
1.30852
31
-7.24693
12
-1.33674
22
1.30004
32
-7.22466
13
-1.32069
23
1.44826
33
-7.28859
0
3DFACE
8
C1
10
-1.48315
20
1.30852
30
-7.24693
11
-1.49719
21
1.14426
31
-7.19740
12
-1.35185
22
1.14435
32
-7.16743
13
-1.33674
23
1.30004
33
-7.22466
0
3DFACE
8
C1
10
-1.49719
20
1.14426
30
-7.19740
11
-1.51311
21
0.99506
31
-7.13436
12
-1.36865
22
1.00218
32
-7.09808
13
-1.35185
23
1.14435
33
-7.16743
0
3DFACE
8
C1
10
-1.51311
20
0.99506
30
-7.13436
11
-1.53119
21
0.86310
31
-7.05583
12
-1.38715
22
0.87363
32
-7.01650
13
-1.36865
23
1.00218
33
-7.09808
0
3DFACE
8
C1
10
-1.53119
20
0.86310
30
-7.05583
11
-1.55140
21
0.74817
31
-6.96203
12
-1.40732
22
0.75837
32
-6.92299
13
-1.38715
23
0.87363
33
-7.01650
0
3DFACE
8
C1
10
-1.55140
20
0.74817
30
-6.96203
11
-1.57368
21
0.64983
31
-6.85333
12
-1.42912
22
0.65618
32
-6.81775
13
-1.40732
23
0.75837
33
-6.92299
0
3DFACE
8
C1
10
-1.57368
20
0.64983
30
-6.85333
11
-1.59779
21
0.56610
31
-6.73152
12
-1.45251
22
0.56674
32
-6.70107
13
-1.42912
23
0.65618
33
-6.81775
0
3DFACE
8
C1
10
-1.59779
20
0.56610
30
-6.73152
11
-1.62234
21
0.48589
31
-6.60656
12
-1.47653
22
0.48224
32
-6.57995
13
-1.45251
23
0.56674
33
-6.70107
0
3DFACE
8
C1
10
-1.62234
20
0.48589
30
-6.60656
11
-1.64705
21
0.40699
31
-6.48041
12
-1.50086
22
0.40027
32
-6.45656
13
-1.47653
23
0.48224
33
-6.57995
0
3DFACE
8
C1
10
-1.64705
20
0.40699
30
-6.48041
11
-1.67166
21
0.32721
31
-6.35506
12
-1.52524
22
0.31873
32
-6.33278
13
-1.50086
23
0.40027
33
-6.45656
0
3DFACE
8
C1
10
-1.67166
20
0.32721
30
-6.35506
11
-1.69592
21
0.24469
31
-6.23216
12
-1.54943
22
0.23566
32
-6.21038
13
-1.52524
23
0.31873
33
-6.33278
0
3DFACE
8
C1
10
-1.69592
20
0.24469
30
-6.23216
11
-1.71984
21
0.15942
31
-6.11174
12
-1.57317
22
0.14897
32
-6.09124
13
-1.54943
23
0.23566
33
-6.21038
0
3DFACE
8
C1
10
-1.71984
20
0.15942
30
-6.11174
11
-1.74340
21
0.07130
31
-5.99387
12
-1.59660
22
0.05974
32
-5.97436
13
-1.57317
23
0.14897
33
-6.09124
0
3DFACE
8
C1
10
-1.74340
20
0.07130
30
-5.99387
11
-1.76661
21
-0.01957
31
-5.87847
12
-1.61969
22
-0.03212
32
-5.85985
13
-1.59660
23
0.05974
33
-5.97436
0
3DFACE
8
C1
10
-0.76850
20
4.22221
30
-9.91981
11
-0.79012
21
4.11859
31
-9.81585
12
-0.64274
22
4.10242
32
-9.80047
13
-0.62112
23
4.20604
33
-9.90444
0
3DFACE
8
C1
10
-0.79012
20
4.11859
30
-9.81585
11
-0.81158
21
4.01366
31
-9.71307
12
-0.66420
22
3.99749
32
-9.69770
13
-0.64274
23
4.10242
33
-9.80047
0
3DFACE
8
C1
10
-0.81158
20
4.01366
30
-9.71307
11
-0.83287
21
3.90741
31
-9.61147
12
-0.68550
22
3.89124
32
-9.59610
13
-0.66420
23
3.99749
33
-9.69770
0
3DFACE
8
C1
10
-0.83287
20
3.90741
30
-9.61147
11
-0.85415
21
3.80105
31
-9.50998
12
-0.70679
22
3.78499
32
-9.49451
13
-0.68550
23
3.89124
33
-9.59610
0
3DFACE
8
C1
10
-0.85415
20
3.80105
30
-9.50998
11
-0.87480
21
3.68963
31
-9.41301
12
-0.72807
22
3.67863
32
-9.39301
13
-0.70679
23
3.78499
33
-9.49451
0
3DFACE
8
C1
10
-0.87480
20
3.68963
30
-9.41301
11
-0.89413
21
3.56767
31
-9.32552
12
-0.74774
22
3.55941
32
-9.30305
13
-0.72807
23
3.67863
33
-9.39301
0
3DFACE
8
C1
10
-0.89413
20
3.56767
30
-9.32552
11
-0.91429
21
3.45241
31
-9.23201
12
-0.76747
22
3.44064
32
-9.21269
13
-0.74774
23
3.55941
33
-9.30305
0
3DFACE
8
C1
10
-0.91429
20
3.45241
30
-9.23201
11
-0.93523
21
3.34331
31
-9.13298
12
-0.78836
22
3.33120
32
-9.11396
13
-0.76747
23
3.44064
33
-9.21269
0
3DFACE
8
C1
10
-0.93523
20
3.34331
30
-9.13298
11
-0.95691
21
3.24013
31
-9.02862
12
-0.80996
22
3.22737
32
-9.01019
13
-0.78836
23
3.33120
33
-9.11396
0
3DFACE
8
C1
10
-0.95691
20
3.24013
30
-9.02862
11
-0.98012
21
3.14926
31
-8.91322
12
-0.83235
22
3.12990
32
-8.90071
13
-0.80996
23
3.22737
33
-9.01019
0
3DFACE
8
C1
10
-0.98012
20
3.14926
30
-8.91322
11
-1.00557
21
3.07619
31
-8.78185
12
-0.85728
22
3.05277
32
-8.77299
13
-0.83235
23
3.12990
33
-8.90071
0
3DFACE
8
C1
10
-1.00557
20
3.07619
30
-8.78185
11
-1.03111
21
3.00388
31
-8.64979
12
-0.88313
22
2.98288
32
-8.63876
13
-0.85728
23
3.05277
33
-8.77299
0
3DFACE
8
C1
10
-1.03111
20
3.00388
30
-8.64979
11
-1.05669
21
2.93191
31
-8.51743
12
-0.90865
22
2.91046
32
-8.50679
13
-0.88313
23
2.98288
33
-8.63876
0
3DFACE
8
C1
10
-1.05669
20
2.93191
30
-8.51743
11
-1.08080
21
2.84818
31
-8.39562
12
-0.93279
22
2.82695
32
-8.38479
13
-0.90865
23
2.91046
33
-8.50679
0
3DFACE
8
C1
10
-1.08080
20
2.84818
30
-8.39562
11
-1.10327
21
2.75137
31
-8.28555
12
-0.95543
22
2.73147
32
-8.27353
13
-0.93279
23
2.82695
33
-8.38479
0
3DFACE
8
C1
10
-1.10327
20
2.75137
30
-8.28555
11
-1.12410
21
2.64139
31
-8.18730
12
-0.97643
22
2.62291
32
-8.17400
13
-0.95543
23
2.73147
33
-8.27353
0
3DFACE
8
C1
10
-1.12410
20
2.64139
30
-8.18730
11
-1.14326
21
2.51811
31
-8.10099
12
-0.99577
22
2.50106
32
-8.08641
13
-0.97643
23
2.62291
33
-8.17400
0
3DFACE
8
C1
10
-1.14326
20
2.51811
30
-8.10099
11
-1.16086
21
2.38231
31
-8.02592
12
-1.01356
22
2.36679
32
-8.00996
13
-0.99577
23
2.50106
33
-8.08641
0
3DFACE
8
C1
10
-1.16086
20
2.38231
30
-8.02592
11
-1.17947
21
2.25463
31
-7.94355
12
-1.03227
22
2.23989
32
-7.92690
13
-1.01356
23
2.36679
33
-8.00996
0
3DFACE
8
C1
10
-1.17947
20
2.25463
30
-7.94355
11
-1.19910
21
2.13509
31
-7.85389
12
-1.05193
22
2.12057
32
-7.83704
13
-1.03227
23
2.23989
33
-7.92690
0
3DFACE
8
C1
10
-1.19910
20
2.13509
30
-7.85389
11
-1.21974
21
2.02356
31
-7.75703
12
-1.07251
22
2.00860
32
-7.74057
13
-1.05193
23
2.12057
33
-7.83704
0
3DFACE
8
C1
10
-1.21974
20
2.02356
30
-7.75703
11
-1.24139
21
1.92017
31
-7.65287
12
-1.09401
22
1.90400
32
-7.63750
13
-1.07251
23
2.00860
33
-7.74057
0
3DFACE
8
C1
10
-1.24139
20
1.92017
30
-7.65287
11
-1.26407
21
1.82501
31
-7.54131
12
-1.11644
22
1.80687
32
-7.52772
13
-1.09401
23
1.90400
33
-7.63750
0
3DFACE
8
C1
10
-1.26407
20
1.82501
30
-7.54131
11
-1.28463
21
1.71294
31
-7.44494
12
-1.13710
22
1.69556
32
-7.43066
13
-1.11644
23
1.80687
33
-7.52772
0
3DFACE
8
C1
10
-1.28463
20
1.71294
30
-7.44494
11
-1.30341
21
1.58659
31
-7.36139
12
-1.15630
22
1.57250
32
-7.34415
13
-1.13710
23
1.69556
33
-7.43066
0
3DFACE
8
C1
10
-1.30341
20
1.58659
30
-7.36139
11
-1.32069
21
1.44826
31
-7.28859
12
-1.17432
22
1.44011
32
-7.26602
13
-1.15630
23
1.57250
33
-7.34415
0
3DFACE
8
C1
10
-1.32069
20
1.44826
30
-7.28859
11
-1.33674
21
1.30004
31
-7.22466
12
-1.19145
22
1.30057
32
-7.19430
13
-1.17432
23
1.44011
33
-7.26602
0
3DFACE
8
C1
10
-1.33674
20
1.30004
30
-7.22466
11
-1.35185
21
1.14435
31
-7.16743
12
-1.20799
22
1.15630
32
-7.12682
13
-1.19145
23
1.30057
33
-7.19430
0
3DFACE
8
C1
10
-1.35185
20
1.14435
30
-7.16743
11
-1.36865
21
1.00218
31
-7.09808
12
-1.22575
22
1.02182
32
-7.05057
13
-1.20799
23
1.15630
33
-7.12682
0
3DFACE
8
C1
10
-1.36865
20
1.00218
30
-7.09808
11
-1.38715
21
0.87363
31
-7.01650
12
-1.24468
22
0.89667
32
-6.96593
13
-1.22575
23
1.02182
33
-7.05057
0
3DFACE
8
C1
10
-1.38715
20
0.87363
30
-7.01650
11
-1.40732
21
0.75837
31
-6.92299
12
-1.26476
22
0.78075
32
-6.87301
13
-1.24468
23
0.89667
33
-6.96593
0
3DFACE
8
C1
10
-1.40732
20
0.75837
30
-6.92299
11
-1.42912
21
0.65618
31
-6.81775
12
-1.28596
22
0.67373
32
-6.77211
13
-1.26476
23
0.78075
33
-6.87301
0
3DFACE
8
C1
10
-1.42912
20
0.65618
30
-6.81775
11
-1.45251
21
0.56674
31
-6.70107
12
-1.30827
22
0.57561
32
-6.66322
13
-1.28596
23
0.67373
33
-6.77211
0
3DFACE
8
C1
10
-1.45251
20
0.56674
30
-6.70107
11
-1.47653
21
0.48224
31
-6.57995
12
-1.33136
22
0.48375
32
-6.54870
13
-1.30827
23
0.57561
33
-6.66322
0
3DFACE
8
C1
10
-1.47653
20
0.48224
30
-6.57995
11
-1.50086
21
0.40027
31
-6.45656
12
-1.35497
22
0.39596
32
-6.43054
13
-1.33136
23
0.48375
33
-6.54870
0
3DFACE
8
C1
10
-1.50086
20
0.40027
30
-6.45656
11
-1.52524
21
0.31873
31
-6.33278
12
-1.37881
22
0.31014
32
-6.31061
13
-1.35497
23
0.39596
33
-6.43054
0
3DFACE
8
C1
10
-1.52524
20
0.31873
30
-6.33278
11
-1.54943
21
0.23566
31
-6.21038
12
-1.40266
22
0.22432
32
-6.19067
13
-1.37881
23
0.31014
33
-6.31061
0
3DFACE
8
C1
10
-1.54943
20
0.23566
30
-6.21038
11
-1.57317
21
0.14897
31
-6.09124
12
-1.42624
22
0.13631
32
-6.07271
13
-1.40266
23
0.22432
33
-6.19067
0
3DFACE
8
C1
10
-1.57317
20
0.14897
30
-6.09124
11
-1.59660
21
0.05974
31
-5.97436
12
-1.44954
22
0.04610
32
-5.95672
13
-1.42624
23
0.13631
33
-6.07271
0
3DFACE
8
C1
10
-1.59660
20
0.05974
30
-5.97436
11
-1.61969
21
-0.03212
31
-5.85985
12
-1.47255
22
-0.04642
32
-5.84280
13
-1.44954
23
0.04610
33
-5.95672
0
3DFACE
8
C1
10
-0.62112
20
4.20604
30
-9.90444
11
-0.64274
21
4.10242
31
-9.80047
12
-0.49537
22
4.08625
32
-9.78510
13
-0.47375
23
4.18986
33
-9.88906
0
3DFACE
8
C1
10
-0.64274
20
4.10242
30
-9.80047
11
-0.66420
21
3.99749
31
-9.69770
12
-0.51684
22
3.98143
32
-9.68223
13
-0.49537
23
4.08625
33
-9.78510
0
3DFACE
8
C1
10
-0.66420
20
3.99749
30
-9.69770
11
-0.68550
21
3.89124
31
-9.59610
12
-0.53812
22
3.87507
32
-9.58073
13
-0.51684
23
3.98143
33
-9.68223
0
3DFACE
8
C1
10
-0.68550
20
3.89124
30
-9.59610
11
-0.70679
21
3.78499
31
-9.49451
12
-0.55941
22
3.76882
32
-9.47913
13
-0.53812
23
3.87507
33
-9.58073
0
3DFACE
8
C1
10
-0.70679
20
3.78499
30
-9.49451
11
-0.72807
21
3.67863
31
-9.39301
12
-0.58069
22
3.66246
32
-9.37764
13
-0.55941
23
3.76882
33
-9.47913
0
3DFACE
8
C1
10
-0.72807
20
3.67863
30
-9.39301
11
-0.74774
21
3.55941
31
-9.30305
12
-0.60072
22
3.54610
32
-9.28511
13
-0.58069
23
3.66246
33
-9.37764
0
3DFACE
8
C1
10
-0.74774
20
3.55941
30
-9.30305
11
-0.76747
21
3.44064
31
-9.21269
12
-0.62063
22
3.42875
32
-9.19348
13
-0.60072
23
3.54610
33
-9.28511
0
3DFACE
8
C1
10
-0.76747
20
3.44064
30
-9.21269
11
-0.78836
21
3.33120
31
-9.11396
12
-0.64143
22
3.31854
32
-9.09543
13
-0.62063
23
3.42875
33
-9.19348
0
3DFACE
8
C1
10
-0.78836
20
3.33120
30
-9.11396
11
-0.80996
21
3.22737
31
-9.01019
12
-0.66298
22
3.21438
32
-8.99196
13
-0.64143
23
3.31854
33
-9.09543
0
3DFACE
8
C1
10
-0.80996
20
3.22737
30
-9.01019
11
-0.83235
21
3.12990
31
-8.90071
12
-0.68523
22
3.11582
32
-8.88347
13
-0.66298
23
3.21438
33
-8.99196
0
3DFACE
8
C1
10
-0.83235
20
3.12990
30
-8.90071
11
-0.85728
21
3.05277
31
-8.77299
12
-0.70963
22
3.03440
32
-8.75959
13
-0.68523
23
3.11582
33
-8.88347
0
3DFACE
8
C1
10
-0.85728
20
3.05277
30
-8.77299
11
-0.88313
21
2.98288
31
-8.63876
12
-0.73512
22
2.96165
32
-8.62792
13
-0.70963
23
3.03440
33
-8.75959
0
3DFACE
8
C1
10
-0.88313
20
2.98288
30
-8.63876
11
-0.90865
21
2.91046
31
-8.50679
12
-0.76063
22
2.88913
32
-8.49605
13
-0.73512
23
2.96165
33
-8.62792
0
3DFACE
8
C1
10
-0.90865
20
2.91046
30
-8.50679
11
-0.93279
21
2.82695
31
-8.38479
12
-0.78471
22
2.80518
32
-8.37444
13
-0.76063
23
2.88913
33
-8.49605
0
3DFACE
8
C1
10
-0.93279
20
2.82695
30
-8.38479
11
-0.95543
21
2.73147
31
-8.27353
12
-0.80743
22
2.71035
32
-8.26259
13
-0.78471
23
2.80518
33
-8.37444
0
3DFACE
8
C1
10
-0.95543
20
2.73147
30
-8.27353
11
-0.97643
21
2.62291
31
-8.17400
12
-0.82860
22
2.60311
32
-8.16189
13
-0.80743
23
2.71035
33
-8.26259
0
3DFACE
8
C1
10
-0.97643
20
2.62291
30
-8.17400
11
-0.99577
21
2.50106
31
-8.08641
12
-0.84812
22
2.48269
32
-8.07301
13
-0.82860
23
2.60311
33
-8.16189
0
3DFACE
8
C1
10
-0.99577
20
2.50106
30
-8.08641
11
-1.01356
21
2.36679
31
-8.00996
12
-0.86608
22
2.34974
32
-7.99538
13
-0.84812
23
2.48269
33
-8.07301
0
3DFACE
8
C1
10
-1.01356
20
2.36679
30
-8.00996
11
-1.03227
21
2.23989
31
-7.92690
12
-0.88490
22
2.22372
32
-7.91153
13
-0.86608
23
2.34974
33
-7.99538
0
3DFACE
8
C1
10
-1.03227
20
2.23989
30
-7.92690
11
-1.05193
21
2.12057
31
-7.83704
12
-0.90456
22
2.10439
32
-7.82167
13
-0.88490
23
2.22372
33
-7.91153
0
3DFACE
8
C1
10
-1.05193
20
2.12057
30
-7.83704
11
-1.07251
21
2.00860
31
-7.74057
12
-0.92508
22
1.99199
32
-7.72559
13
-0.90456
23
2.10439
33
-7.82167
0
3DFACE
8
C1
10
-1.07251
20
2.00860
30
-7.74057
11
-1.09401
21
1.90400
31
-7.63750
12
-0.94644
22
1.88629
32
-7.62350
13
-0.92508
23
1.99199
33
-7.72559
0
3DFACE
8
C1
10
-1.09401
20
1.90400
30
-7.63750
11
-1.11644
21
1.80687
31
-7.52772
12
-0.96864
22
1.78729
32
-7.51540
13
-0.94644
23
1.88629
33
-7.62350
0
3DFACE
8
C1
10
-1.11644
20
1.80687
30
-7.52772
11
-1.13710
21
1.69556
31
-7.43066
12
-0.98943
22
1.67697
32
-7.41746
13
-0.96864
23
1.78729
33
-7.51540
0
3DFACE
8
C1
10
-1.13710
20
1.69556
30
-7.43066
11
-1.15630
21
1.57250
31
-7.34415
12
-1.00907
22
1.55754
32
-7.32769
13
-0.98943
23
1.67697
33
-7.41746
0
3DFACE
8
C1
10
-1.15630
20
1.57250
30
-7.34415
11
-1.17432
21
1.44011
31
-7.26602
12
-1.02792
22
1.43173
32
-7.24365
13
-1.00907
23
1.55754
33
-7.32769
0
3DFACE
8
C1
10
-1.17432
20
1.44011
30
-7.26602
11
-1.19145
21
1.30057
31
-7.19430
12
-1.04620
22
1.30142
32
-7.16365
13
-1.02792
23
1.43173
33
-7.24365
0
3DFACE
8
C1
10
-1.19145
20
1.30057
30
-7.19430
11
-1.20799
21
1.15630
31
-7.12682
12
-1.06398
22
1.16705
32
-7.08729
13
-1.04620
23
1.30142
33
-7.16365
0
3DFACE
8
C1
10
-1.20799
20
1.15630
30
-7.12682
11
-1.22575
21
1.02182
31
-7.05057
12
-1.08265
22
1.03982
32
-7.00453
13
-1.06398
23
1.16705
33
-7.08729
0
3DFACE
8
C1
10
-1.22575
20
1.02182
30
-7.05057
11
-1.24468
21
0.89667
31
-6.96593
12
-1.10193
22
0.91752
32
-6.91733
13
-1.08265
23
1.03982
33
-7.00453
0
3DFACE
8
C1
10
-1.24468
20
0.89667
30
-6.96593
11
-1.26476
21
0.78075
31
-6.87301
12
-1.12180
22
0.79985
32
-6.82599
13
-1.10193
23
0.91752
33
-6.91733
0
3DFACE
8
C1
10
-1.26476
20
0.78075
30
-6.87301
11
-1.28596
21
0.67373
31
-6.77211
12
-1.14227
22
0.68701
32
-6.73031
13
-1.12180
23
0.79985
33
-6.82599
0
3DFACE
8
C1
10
-1.28596
20
0.67373
30
-6.77211
11
-1.30827
21
0.57561
31
-6.66322
12
-1.16356
22
0.58076
32
-6.62872
13
-1.14227
23
0.68701
33
-6.73031
0
3DFACE
8
C1
10
-1.30827
20
0.57561
30
-6.66322
11
-1.33136
21
0.48375
31
-6.54870
12
-1.18565
22
0.48088
32
-6.52140
13
-1.16356
23
0.58076
33
-6.62872
0
3DFACE
8
C1
10
-1.33136
20
0.48375
30
-6.54870
11
-1.35497
21
0.39596
31
-6.43054
12
-1.20851
22
0.38715
32
-6.40857
13
-1.18565
23
0.48088
33
-6.52140
0
3DFACE
8
C1
10
-1.35497
20
0.39596
30
-6.43054
11
-1.37881
21
0.31014
31
-6.31061
12
-1.23188
22
0.29749
32
-6.29208
13
-1.20851
23
0.38715
33
-6.40857
0
3DFACE
8
C1
10
-1.37881
20
0.31014
30
-6.31061
11
-1.40266
21
0.22432
31
-6.19067
12
-1.25548
22
0.20969
32
-6.17392
13
-1.23188
23
0.29749
33
-6.29208
0
3DFACE
8
C1
10
-1.40266
20
0.22432
30
-6.19067
11
-1.42624
21
0.13631
31
-6.07271
12
-1.27898
22
0.12113
32
-6.05645
13
-1.25548
23
0.20969
33
-6.17392
0
3DFACE
8
C1
10
-1.42624
20
0.13631
30
-6.07271
11
-1.44954
21
0.04610
31
-5.95672
12
-1.30222
22
0.03037
32
-5.94096
13
-1.27898
23
0.12113
33
-6.05645
0
3DFACE
8
C1
10
-1.44954
20
0.04610
30
-5.95672
11
-1.47255
21
-0.04642
31
-5.84280
12
-1.32517
22
-0.06259
32
-5.82743
13
-1.30222
23
0.03037
33
-5.94096
0
3DFACE
8
C1
10
-0.47375
20
4.18986
30
-9.88906
11
-0.49537
21
4.08625
31
-9.78510
12
-0.34801
22
4.07019
32
-9.76963
13
-0.32637
23
4.17369
33
-9.87369
0
3DFACE
8
C1
10
-0.49537
20
4.08625
30
-9.78510
11
-0.51684
21
3.98143
31
-9.68223
12
-0.36946
22
3.96526
32
-9.66685
13
-0.34801
23
4.07019
33
-9.76963
0
3DFACE
8
C1
10
-0.51684
20
3.98143
30
-9.68223
11
-0.53812
21
3.87507
31
-9.58073
12
-0.39074
22
3.85890
32
-9.56536
13
-0.36946
23
3.96526
33
-9.66685
0
3DFACE
8
C1
10
-0.53812
20
3.87507
30
-9.58073
11
-0.55941
21
3.76882
31
-9.47913
12
-0.41204
22
3.75264
32
-9.46376
13
-0.39074
23
3.85890
33
-9.56536
0
3DFACE
8
C1
10
-0.55941
20
3.76882
30
-9.47913
11
-0.58069
21
3.66246
31
-9.37764
12
-0.43332
22
3.64628
32
-9.36227
13
-0.41204
23
3.75264
33
-9.46376
0
3DFACE
8
C1
10
-0.58069
20
3.66246
30
-9.37764
11
-0.60072
21
3.54610
31
-9.28511
12
-0.45384
22
3.53388
32
-9.26619
13
-0.43332
23
3.64628
33
-9.36227
0
3DFACE
8
C1
10
-0.60072
20
3.54610
30
-9.28511
11
-0.62063
21
3.42875
31
-9.19348
12
-0.47395
22
3.41818
32
-9.17308
13
-0.45384
23
3.53388
33
-9.26619
0
3DFACE
8
C1
10
-0.62063
20
3.42875
30
-9.19348
11
-0.64143
21
3.31854
31
-9.09543
12
-0.49435
22
3.30479
32
-9.07789
13
-0.47395
23
3.41818
33
-9.17308
0
3DFACE
8
C1
10
-0.64143
20
3.31854
30
-9.09543
11
-0.66298
21
3.21438
31
-8.99196
12
-0.51588
22
3.20041
32
-8.97462
13
-0.49435
23
3.30479
33
-9.07789
0
3DFACE
8
C1
10
-0.66298
20
3.21438
30
-8.99196
11
-0.68523
21
3.11582
31
-8.88347
12
-0.53805
22
3.10119
32
-8.86671
13
-0.51588
23
3.20041
33
-8.97462
0
3DFACE
8
C1
10
-0.68523
20
3.11582
30
-8.88347
11
-0.70963
21
3.03440
31
-8.75959
12
-0.56178
22
3.01438
32
-8.74767
13
-0.53805
23
3.10119
33
-8.86671
0
3DFACE
8
C1
10
-0.70963
20
3.03440
30
-8.75959
11
-0.73512
21
2.96165
31
-8.62792
12
-0.58686
22
2.93845
32
-8.61886
13
-0.56178
23
3.01438
33
-8.74767
0
3DFACE
8
C1
10
-0.73512
20
2.96165
30
-8.62792
11
-0.76063
21
2.88913
31
-8.49605
12
-0.61263
22
2.86801
32
-8.48512
13
-0.58686
23
2.93845
33
-8.61886
0
3DFACE
8
C1
10
-0.76063
20
2.88913
30
-8.49605
11
-0.78471
21
2.80518
31
-8.37444
12
-0.63663
22
2.78341
32
-8.36410
13
-0.61263
23
2.86801
33
-8.48512
0
3DFACE
8
C1
10
-0.78471
20
2.80518
30
-8.37444
11
-0.80743
21
2.71035
31
-8.26259
12
-0.65934
22
2.68847
32
-8.25235
13
-0.63663
23
2.78341
33
-8.36410
0
3DFACE
8
C1
10
-0.80743
20
2.71035
30
-8.26259
11
-0.82860
21
2.60311
31
-8.16189
12
-0.68064
22
2.58222
32
-8.15075
13
-0.65934
23
2.68847
33
-8.25235
0
3DFACE
8
C1
10
-0.82860
20
2.60311
30
-8.16189
11
-0.84812
21
2.48269
31
-8.07301
12
-0.70032
22
2.46311
32
-8.06070
13
-0.68064
23
2.58222
33
-8.15075
0
3DFACE
8
C1
10
-0.84812
20
2.48269
30
-8.07301
11
-0.86608
21
2.34974
31
-7.99538
12
-0.71840
22
2.33116
32
-7.98217
13
-0.70032
23
2.46311
33
-8.06070
0
3DFACE
8
C1
10
-0.86608
20
2.34974
30
-7.99538
11
-0.88490
21
2.22372
31
-7.91153
12
-0.73727
22
2.20557
32
-7.89793
13
-0.71840
23
2.33116
33
-7.98217
0
3DFACE
8
C1
10
-0.88490
20
2.22372
30
-7.91153
11
-0.90456
21
2.10439
31
-7.82167
12
-0.75695
22
2.08636
32
-7.80797
13
-0.73727
23
2.20557
33
-7.89793
0
3DFACE
8
C1
10
-0.90456
20
2.10439
30
-7.82167
11
-0.92508
21
1.99199
31
-7.72559
12
-0.77740
22
1.97340
32
-7.71239
13
-0.75695
23
2.08636
33
-7.80797
0
3DFACE
8
C1
10
-0.92508
20
1.99199
30
-7.72559
11
-0.94644
21
1.88629
31
-7.62350
12
-0.79865
22
1.86682
32
-7.61109
13
-0.77740
23
1.97340
33
-7.71239
0
3DFACE
8
C1
10
-0.94644
20
1.88629
30
-7.62350
11
-0.96864
21
1.78729
31
-7.51540
12
-0.82069
22
1.76650
32
-7.50417
13
-0.79865
23
1.86682
33
-7.61109
0
3DFACE
8
C1
10
-0.96864
20
1.78729
30
-7.51540
11
-0.98943
21
1.67697
31
-7.41746
12
-0.84167
22
1.65773
32
-7.40484
13
-0.82069
23
1.76650
33
-7.50417
0
3DFACE
8
C1
10
-0.98943
20
1.67697
30
-7.41746
11
-1.00907
21
1.55754
31
-7.32769
12
-0.86185
22
1.54258
32
-7.31124
13
-0.84167
23
1.65773
33
-7.40484
0
3DFACE
8
C1
10
-1.00907
20
1.55754
30
-7.32769
11
-1.02792
21
1.43173
31
-7.24365
12
-0.88155
22
1.42358
32
-7.22108
13
-0.86185
23
1.54258
33
-7.31124
0
3DFACE
8
C1
10
-1.02792
20
1.43173
30
-7.24365
11
-1.04620
21
1.30142
31
-7.16365
12
-0.90076
22
1.30074
32
-7.13437
13
-0.88155
23
1.42358
33
-7.22108
0
3DFACE
8
C1
10
-1.04620
20
1.30142
30
-7.16365
11
-1.06398
21
1.16705
31
-7.08729
12
-0.91950
22
1.17406
32
-7.05112
13
-0.90076
23
1.30074
33
-7.13437
0
3DFACE
8
C1
10
-1.06398
20
1.16705
30
-7.08729
11
-1.08265
21
1.03982
31
-7.00453
12
-0.93884
22
1.05221
32
-6.96352
13
-0.91950
23
1.17406
33
-7.05112
0
3DFACE
8
C1
10
-1.08265
20
1.03982
30
-7.00453
11
-1.10193
21
0.91752
31
-6.91733
12
-0.95850
22
0.93288
32
-6.87366
13
-0.93884
23
1.05221
33
-6.96352
0
3DFACE
8
C1
10
-1.10193
20
0.91752
30
-6.91733
11
-1.12180
21
0.79985
31
-6.82599
12
-0.97820
22
0.81389
32
-6.78350
13
-0.95850
23
0.93288
33
-6.87366
0
3DFACE
8
C1
10
-1.12180
20
0.79985
30
-6.82599
11
-1.14227
21
0.68701
31
-6.73031
12
-0.99819
22
0.69720
32
-6.69128
13
-0.97820
23
0.81389
33
-6.78350
0
3DFACE
8
C1
10
-1.14227
20
0.68701
30
-6.73031
11
-1.16356
21
0.58076
31
-6.62872
12
-1.01874
22
0.58502
32
-6.59501
13
-0.99819
23
0.69720
33
-6.69128
0
3DFACE
8
C1
10
-1.16356
20
0.58076
30
-6.62872
11
-1.18565
21
0.48088
31
-6.52140
12
-1.04009
22
0.47921
32
-6.49302
13
-1.01874
23
0.58502
33
-6.59501
0
3DFACE
8
C1
10
-1.18565
20
0.48088
30
-6.52140
11
-1.20851
21
0.38715
31
-6.40857
12
-1.06221
22
0.37955
32
-6.38550
13
-1.04009
23
0.47921
33
-6.49302
0
3DFACE
8
C1
10
-1.20851
20
0.38715
30
-6.40857
11
-1.23188
21
0.29749
31
-6.29208
12
-1.08511
22
0.28615
32
-6.27237
13
-1.06221
23
0.37955
33
-6.38550
0
3DFACE
8
C1
10
-1.23188
20
0.29749
30
-6.29208
11
-1.25548
21
0.20969
31
-6.17392
12
-1.10846
22
0.19638
32
-6.15599
13
-1.08511
23
0.28615
33
-6.27237
0
3DFACE
8
C1
10
-1.25548
20
0.20969
30
-6.17392
11
-1.27898
21
0.12113
31
-6.05645
12
-1.13188
22
0.10715
32
-6.03911
13
-1.10846
23
0.19638
33
-6.15599
0
3DFACE
8
C1
10
-1.27898
20
0.12113
30
-6.05645
11
-1.30222
21
0.03037
31
-5.94096
12
-1.15502
22
0.01562
32
-5.92430
13
-1.13188
23
0.10715
33
-6.03911
0
3DFACE
8
C1
10
-1.30222
20
0.03037
30
-5.94096
11
-1.32517
21
-0.06259
31
-5.82743
12
-1.17786
22
-0.07821
32
-5.81157
13
-1.15502
23
0.01562
33
-5.92430
0
3DFACE
8
C1
10
-0.32637
20
4.17369
30
-9.87369
11
-0.34801
21
4.07019
31
-9.76963
12
-0.20063
22
4.05402
32
-9.75426
13
-0.17899
23
4.15752
33
-9.85832
0
3DFACE
8
C1
10
-0.34801
20
4.07019
30
-9.76963
11
-0.36946
21
3.96526
31
-9.66685
12
-0.22209
22
3.94909
32
-9.65148
13
-0.20063
23
4.05402
33
-9.75426
0
3DFACE
8
C1
10
-0.36946
20
3.96526
30
-9.66685
11
-0.39074
21
3.85890
31
-9.56536
12
-0.24337
22
3.84272
32
-9.54999
13
-0.22209
23
3.94909
33
-9.65148
0
3DFACE
8
C1
10
-0.39074
20
3.85890
30
-9.56536
11
-0.41204
21
3.75264
31
-9.46376
12
-0.26466
22
3.73647
32
-9.44839
13
-0.24337
23
3.84272
33
-9.54999
0
3DFACE
8
C1
10
-0.41204
20
3.75264
30
-9.46376
11
-0.43332
21
3.64628
31
-9.36227
12
-0.28595
22
3.63022
32
-9.34680
13
-0.26466
23
3.73647
33
-9.44839
0
3DFACE
8
C1
10
-0.43332
20
3.64628
30
-9.36227
11
-0.45384
21
3.53388
31
-9.26619
12
-0.30723
22
3.52386
32
-9.24530
13
-0.28595
23
3.63022
33
-9.34680
0
3DFACE
8
C1
10
-0.45384
20
3.53388
30
-9.26619
11
-0.47395
21
3.41818
31
-9.17308
12
-0.32758
22
3.41003
32
-9.15051
13
-0.30723
23
3.52386
33
-9.24530
0
3DFACE
8
C1
10
-0.47395
20
3.41818
30
-9.17308
11
-0.49435
21
3.30479
31
-9.07789
12
-0.34805
22
3.29719
32
-9.05483
13
-0.32758
23
3.41003
33
-9.15051
0
3DFACE
8
C1
10
-0.49435
20
3.30479
30
-9.07789
11
-0.51588
21
3.20041
31
-8.97462
12
-0.36952
22
3.19237
32
-8.95195
13
-0.34805
23
3.29719
33
-9.05483
0
3DFACE
8
C1
10
-0.51588
20
3.20041
30
-8.97462
11
-0.53805
21
3.10119
31
-8.86671
12
-0.39164
22
3.09271
32
-8.84444
13
-0.36952
23
3.19237
33
-8.95195
0
3DFACE
8
C1
10
-0.53805
20
3.10119
30
-8.86671
11
-0.56178
21
3.01438
31
-8.74767
12
-0.41444
22
2.99854
32
-8.73200
13
-0.39164
23
3.09271
33
-8.84444
0
3DFACE
8
C1
10
-0.56178
20
3.01438
30
-8.74767
11
-0.58686
21
2.93845
31
-8.61886
12
-0.43913
22
2.91942
32
-8.60605
13
-0.41444
23
2.99854
33
-8.73200
0
3DFACE
8
C1
10
-0.58686
20
2.93845
30
-8.61886
11
-0.61263
21
2.86801
31
-8.48512
12
-0.46463
22
2.84679
32
-8.47428
13
-0.43913
23
2.91942
33
-8.60605
0
3DFACE
8
C1
10
-0.61263
20
2.86801
30
-8.48512
11
-0.63663
21
2.78341
31
-8.36410
12
-0.48853
22
2.76141
32
-8.35396
13
-0.46463
23
2.84679
33
-8.47428
0
3DFACE
8
C1
10
-0.63663
20
2.78341
30
-8.36410
11
-0.65934
21
2.68847
31
-8.25235
12
-0.51117
22
2.66593
32
-8.24270
13
-0.48853
23
2.76141
33
-8.35396
0
3DFACE
8
C1
10
-0.65934
20
2.68847
30
-8.25235
11
-0.68064
21
2.58222
31
-8.15075
12
-0.53252
22
2.56012
32
-8.14071
13
-0.51117
23
2.66593
33
-8.24270
0
3DFACE
8
C1
10
-0.68064
20
2.58222
30
-8.15075
11
-0.70032
21
2.46311
31
-8.06070
12
-0.55234
22
2.44211
32
-8.04966
13
-0.53252
23
2.56012
33
-8.14071
0
3DFACE
8
C1
10
-0.70032
20
2.46311
30
-8.06070
11
-0.71840
21
2.33116
31
-7.98217
12
-0.57060
22
2.31158
32
-7.96986
13
-0.55234
23
2.44211
33
-8.04966
0
3DFACE
8
C1
10
-0.71840
20
2.33116
30
-7.98217
11
-0.73727
21
2.20557
31
-7.89793
12
-0.58957
22
2.18676
32
-7.88493
13
-0.57060
23
2.31158
33
-7.96986
0
3DFACE
8
C1
10
-0.73727
20
2.20557
30
-7.89793
11
-0.75695
21
2.08636
31
-7.80797
12
-0.60928
22
2.06788
32
-7.79467
13
-0.58957
23
2.18676
33
-7.88493
0
3DFACE
8
C1
10
-0.75695
20
2.08636
30
-7.80797
11
-0.77740
21
1.97340
31
-7.71239
12
-0.62971
22
1.95471
32
-7.69929
13
-0.60928
23
2.06788
33
-7.79467
0
3DFACE
8
C1
10
-0.77740
20
1.97340
30
-7.71239
11
-0.79865
21
1.86682
31
-7.61109
12
-0.65087
22
1.84736
32
-7.59868
13
-0.62971
23
1.95471
33
-7.69929
0
3DFACE
8
C1
10
-0.79865
20
1.86682
30
-7.61109
11
-0.82069
21
1.76650
31
-7.50417
12
-0.67275
22
1.74583
32
-7.49284
13
-0.65087
23
1.84736
33
-7.59868
0
3DFACE
8
C1
10
-0.82069
20
1.76650
30
-7.50417
11
-0.84167
21
1.65773
31
-7.40484
12
-0.69388
22
1.63826
32
-7.39243
13
-0.67275
23
1.74583
33
-7.49284
0
3DFACE
8
C1
10
-0.84167
20
1.65773
30
-7.40484
11
-0.86185
21
1.54258
31
-7.31124
12
-0.71457
22
1.52718
32
-7.29517
13
-0.69388
23
1.63826
33
-7.39243
0
3DFACE
8
C1
10
-0.86185
20
1.54258
30
-7.31124
11
-0.88155
21
1.42358
31
-7.22108
12
-0.73484
22
1.41279
32
-7.20088
13
-0.71457
23
1.52718
33
-7.29517
0
3DFACE
8
C1
10
-0.88155
20
1.42358
30
-7.22108
11
-0.90076
21
1.30074
31
-7.13437
12
-0.75469
22
1.29501
32
-7.10963
13
-0.73484
23
1.41279
33
-7.20088
0
3DFACE
8
C1
10
-0.90076
20
1.30074
30
-7.13437
11
-0.91950
21
1.17406
31
-7.05112
12
-0.77413
22
1.17393
32
-7.02135
13
-0.75469
23
1.29501
33
-7.10963
0
3DFACE
8
C1
10
-0.91950
20
1.17406
30
-7.05112
11
-0.93884
21
1.05221
31
-6.96352
12
-0.79391
22
1.05559
32
-6.93060
13
-0.77413
23
1.17393
33
-7.02135
0
3DFACE
8
C1
10
-0.93884
20
1.05221
30
-6.96352
11
-0.95850
21
0.93288
31
-6.87366
12
-0.81369
22
0.93726
32
-6.83985
13
-0.79391
23
1.05559
33
-6.93060
0
3DFACE
8
C1
10
-0.95850
20
0.93288
30
-6.87366
11
-0.97820
21
0.81389
31
-6.78350
12
-0.83349
22
0.81903
32
-6.74900
13
-0.81369
23
0.93726
33
-6.83985
0
3DFACE
8
C1
10
-0.97820
20
0.81389
30
-6.78350
11
-0.99819
21
0.69720
31
-6.69128
12
-0.85329
22
0.70080
32
-6.65816
13
-0.83349
23
0.81903
33
-6.74900
0
3DFACE
8
C1
10
-0.99819
20
0.69720
30
-6.69128
11
-1.01874
21
0.58502
31
-6.59501
12
-0.87347
22
0.58566
32
-6.56455
13
-0.85329
23
0.70080
33
-6.65816
0
3DFACE
8
C1
10
-1.01874
20
0.58502
30
-6.59501
11
-1.04009
21
0.47921
31
-6.49302
12
-0.89442
22
0.47666
32
-6.46542
13
-0.87347
23
0.58566
33
-6.56455
0
3DFACE
8
C1
10
-1.04009
20
0.47921
30
-6.49302
11
-1.06221
21
0.37955
31
-6.38550
12
-0.91615
22
0.37392
32
-6.36067
13
-0.89442
23
0.47666
33
-6.46542
0
3DFACE
8
C1
10
-1.06221
20
0.37955
30
-6.38550
11
-1.08511
21
0.28615
31
-6.27237
12
-0.93865
22
0.27734
32
-6.25040
13
-0.91615
23
0.37392
33
-6.36067
0
3DFACE
8
C1
10
-1.08511
20
0.28615
30
-6.27237
11
-1.10846
21
0.19638
31
-6.15599
12
-0.96179
22
0.18581
32
-6.13559
13
-0.93865
23
0.27734
33
-6.25040
0
3DFACE
8
C1
10
-1.10846
20
0.19638
30
-6.15599
11
-1.13188
21
0.10715
31
-6.03911
12
-0.98507
22
0.09549
32
-6.01970
13
-0.96179
23
0.18581
33
-6.13559
0
3DFACE
8
C1
10
-1.13188
20
0.10715
30
-6.03911
11
-1.15502
21
0.01562
31
-5.92430
12
-1.00805
22
0.00275
32
-5.90597
13
-0.98507
23
0.09549
33
-6.01970
0
3DFACE
8
C1
10
-1.15502
20
0.01562
30
-5.92430
11
-1.17786
21
-0.07821
31
-5.81157
12
-1.03074
22
-0.09241
32
-5.79442
13
-1.00805
23
0.00275
33
-5.90597
0
3DFACE
8
C1
10
-0.17899
20
4.15752
30
-9.85832
11
-0.20063
21
4.05402
31
-9.75426
12
-0.05325
22
4.03785
32
-9.73889
13
-0.03162
23
4.14135
33
-9.84295
0
3DFACE
8
C1
10
-0.20063
20
4.05402
30
-9.75426
11
-0.22209
21
3.94909
31
-9.65148
12
-0.07471
22
3.93291
32
-9.63611
13
-0.05325
23
4.03785
33
-9.73889
0
3DFACE
8
C1
10
-0.22209
20
3.94909
30
-9.65148
11
-0.24337
21
3.84272
31
-9.54999
12
-0.09601
22
3.82666
32
-9.53452
13
-0.07471
23
3.93291
33
-9.63611
0
3DFACE
8
C1
10
-0.24337
20
3.84272
30
-9.54999
11
-0.26466
21
3.73647
31
-9.44839
12
-0.11728
22
3.72030
32
-9.43302
13
-0.09601
23
3.82666
33
-9.53452
0
3DFACE
8
C1
10
-0.26466
20
3.73647
30
-9.44839
11
-0.28595
21
3.63022
31
-9.34680
12
-0.13858
22
3.61405
32
-9.33143
13
-0.11728
23
3.72030
33
-9.43302
0
3DFACE
8
C1
10
-0.28595
20
3.63022
30
-9.34680
11
-0.30723
21
3.52386
31
-9.24530
12
-0.15986
22
3.50769
32
-9.22993
13
-0.13858
23
3.61405
33
-9.33143
0
3DFACE
8
C1
10
-0.30723
20
3.52386
30
-9.24530
11
-0.32758
21
3.41003
31
-9.15051
12
-0.18053
22
3.39650
32
-9.13277
13
-0.15986
23
3.50769
33
-9.22993
0
3DFACE
8
C1
10
-0.32758
20
3.41003
30
-9.15051
11
-0.34805
21
3.29719
31
-9.05483
12
-0.20108
22
3.28431
32
-9.03650
13
-0.18053
23
3.39650
33
-9.13277
0
3DFACE
8
C1
10
-0.34805
20
3.29719
30
-9.05483
11
-0.36952
21
3.19237
31
-8.95195
12
-0.22218
22
3.17652
32
-8.93629
13
-0.20108
23
3.28431
33
-9.03650
0
3DFACE
8
C1
10
-0.36952
20
3.19237
30
-8.95195
11
-0.39164
21
3.09271
31
-8.84444
12
-0.24430
22
3.07686
32
-8.82877
13
-0.22218
23
3.17652
33
-8.93629
0
3DFACE
8
C1
10
-0.39164
20
3.09271
30
-8.84444
11
-0.41444
21
2.99854
31
-8.73200
12
-0.26705
22
2.98226
32
-8.71673
13
-0.24430
23
3.07686
33
-8.82877
0
3DFACE
8
C1
10
-0.41444
20
2.99854
30
-8.73200
11
-0.43913
21
2.91942
31
-8.60605
12
-0.29119
22
2.89875
32
-8.59472
13
-0.26705
23
2.98226
33
-8.71673
0
3DFACE
8
C1
10
-0.43913
20
2.91942
30
-8.60605
11
-0.46463
21
2.84679
31
-8.47428
12
-0.31641
22
2.82392
32
-8.46493
13
-0.29119
23
2.89875
33
-8.59472
0
3DFACE
8
C1
10
-0.46463
20
2.84679
30
-8.47428
11
-0.48853
21
2.76141
31
-8.35396
12
-0.34052
22
2.74019
32
-8.34312
13
-0.31641
23
2.82392
33
-8.46493
0
3DFACE
8
C1
10
-0.48853
20
2.76141
30
-8.35396
11
-0.51117
21
2.66593
31
-8.24270
12
-0.36305
22
2.64382
32
-8.23265
13
-0.34052
23
2.74019
33
-8.34312
0
3DFACE
8
C1
10
-0.51117
20
2.66593
30
-8.24270
11
-0.53252
21
2.56012
31
-8.14071
12
-0.38437
22
2.53779
32
-8.13086
13
-0.36305
23
2.64382
33
-8.23265
0
3DFACE
8
C1
10
-0.53252
20
2.56012
30
-8.14071
11
-0.55234
21
2.44211
31
-8.04966
12
-0.40433
22
2.42088
32
-8.03883
13
-0.38437
23
2.53779
33
-8.13086
0
3DFACE
8
C1
10
-0.55234
20
2.44211
30
-8.04966
11
-0.57060
21
2.31158
31
-7.96986
12
-0.42277
22
2.29178
32
-7.95774
13
-0.40433
23
2.42088
33
-8.03883
0
3DFACE
8
C1
10
-0.57060
20
2.31158
30
-7.96986
11
-0.58957
21
2.18676
31
-7.88493
12
-0.44185
22
2.16785
32
-7.87202
13
-0.42277
23
2.29178
33
-7.95774
0
3DFACE
8
C1
10
-0.58957
20
2.18676
30
-7.88493
11
-0.60928
21
2.06788
31
-7.79467
12
-0.46159
22
2.04918
32
-7.78157
13
-0.44185
23
2.16785
33
-7.87202
0
3DFACE
8
C1
10
-0.60928
20
2.06788
30
-7.79467
11
-0.62971
21
1.95471
31
-7.69929
12
-0.48198
22
1.93568
32
-7.68648
13
-0.46159
23
2.04918
33
-7.78157
0
3DFACE
8
C1
10
-0.62971
20
1.95471
30
-7.69929
11
-0.65087
21
1.84736
31
-7.59868
12
-0.50302
22
1.82745
32
-7.58666
13
-0.48198
23
1.93568
33
-7.68648
0
3DFACE
8
C1
10
-0.65087
20
1.84736
30
-7.59868
11
-0.67275
21
1.74583
31
-7.49284
12
-0.52471
22
1.72438
32
-7.48221
13
-0.50302
23
1.82745
33
-7.58666
0
3DFACE
8
C1
10
-0.67275
20
1.74583
30
-7.49284
11
-0.69388
21
1.63826
31
-7.39243
12
-0.54603
22
1.61835
32
-7.38041
13
-0.52471
23
1.72438
33
-7.48221
0
3DFACE
8
C1
10
-0.69388
20
1.63826
30
-7.39243
11
-0.71457
21
1.52718
31
-7.29517
12
-0.56698
22
1.50936
32
-7.28128
13
-0.54603
23
1.61835
33
-7.38041
0
3DFACE
8
C1
10
-0.71457
20
1.52718
30
-7.29517
11
-0.73484
21
1.41279
31
-7.20088
12
-0.58756
22
1.39739
32
-7.18481
13
-0.56698
23
1.50936
33
-7.28128
0
3DFACE
8
C1
10
-0.73484
20
1.41279
30
-7.20088
11
-0.75469
21
1.29501
31
-7.10963
12
-0.60777
22
1.28246
32
-7.09101
13
-0.58756
23
1.39739
33
-7.18481
0
3DFACE
8
C1
10
-0.75469
20
1.29501
30
-7.10963
11
-0.77413
21
1.17393
31
-7.02135
12
-0.62762
22
1.16468
32
-6.99977
13
-0.60777
23
1.28246
33
-7.09101
0
3DFACE
8
C1
10
-0.77413
20
1.17393
30
-7.02135
11
-0.79391
21
1.05559
31
-6.93060
12
-0.64749
22
1.04700
32
-6.90843
13
-0.62762
23
1.16468
33
-6.99977
0
3DFACE
8
C1
10
-0.79391
20
1.05559
30
-6.93060
11
-0.81369
21
0.93726
31
-6.83985
12
-0.66736
22
0.92943
32
-6.81699
13
-0.64749
23
1.04700
33
-6.90843
0
3DFACE
8
C1
10
-0.81369
20
0.93726
30
-6.83985
11
-0.83349
21
0.81903
31
-6.74900
12
-0.68724
22
0.81187
32
-6.72555
13
-0.66736
23
0.92943
33
-6.81699
0
3DFACE
8
C1
10
-0.83349
20
0.81903
30
-6.74900
11
-0.85329
21
0.70080
31
-6.65816
12
-0.70717
22
0.69474
32
-6.63371
13
-0.68724
23
0.81187
33
-6.72555
0
3DFACE
8
C1
10
-0.85329
20
0.70080
30
-6.65816
11
-0.87347
21
0.58566
31
-6.56455
12
-0.72738
22
0.57981
32
-6.53991
13
-0.70717
23
0.69474
33
-6.63371
0
3DFACE
8
C1
10
-0.87347
20
0.58566
30
-6.56455
11
-0.89442
21
0.47666
31
-6.46542
12
-0.74835
22
0.47092
32
-6.44068
13
-0.72738
23
0.57981
33
-6.53991
0
3DFACE
8
C1
10
-0.89442
20
0.47666
30
-6.46542
11
-0.91615
21
0.37392
31
-6.36067
12
-0.77012
22
0.36852
32
-6.33563
13
-0.74835
23
0.47092
33
-6.44068
0
3DFACE
8
C1
10
-0.91615
20
0.37392
30
-6.36067
11
-0.93865
21
0.27734
31
-6.25040
12
-0.79253
22
0.27116
32
-6.22605
13
-0.77012
23
0.36852
33
-6.33563
0
3DFACE
8
C1
10
-0.93865
20
0.27734
30
-6.25040
11
-0.96179
21
0.18581
31
-6.13559
12
-0.81544
22
0.17788
32
-6.11282
13
-0.79253
23
0.27116
33
-6.22605
0
3DFACE
8
C1
10
-0.96179
20
0.18581
30
-6.13559
11
-0.98507
21
0.09549
31
-6.01970
12
-0.83849
22
0.08569
32
-5.99861
13
-0.81544
23
0.17788
33
-6.11282
0
3DFACE
8
C1
10
-0.98507
20
0.09549
30
-6.01970
11
-1.00805
21
0.00275
31
-5.90597
12
-0.86121
22
-0.00914
32
-5.88676
13
-0.83849
23
0.08569
33
-5.99861
0
3DFACE
8
C1
10
-1.00805
20
0.00275
30
-5.90597
11
-1.03074
21
-0.09241
31
-5.79442
12
-0.88362
22
-0.10649
32
-5.77718
13
-0.86121
23
-0.00914
33
-5.88676
0
3DFACE
8
C1
10
-0.03162
20
4.14135
30
-9.84295
11
-0.05325
21
4.03785
31
-9.73889
12
0.09412
22
4.02168
32
-9.72352
13
0.11574
23
4.12529
33
-9.82748
0
3DFACE
8
C1
10
-0.05325
20
4.03785
30
-9.73889
11
-0.07471
21
3.93291
31
-9.63611
12
0.07266
22
3.91674
32
-9.62074
13
0.09412
23
4.02168
33
-9.72352
0
3DFACE
8
C1
10
-0.07471
20
3.93291
30
-9.63611
11
-0.09601
21
3.82666
31
-9.53452
12
0.05137
22
3.81049
32
-9.51915
13
0.07266
23
3.91674
33
-9.62074
0
3DFACE
8
C1
10
-0.09601
20
3.82666
30
-9.53452
11
-0.11728
21
3.72030
31
-9.43302
12
0.03009
22
3.70413
32
-9.41765
13
0.05137
23
3.81049
33
-9.51915
0
3DFACE
8
C1
10
-0.11728
20
3.72030
30
-9.43302
11
-0.13858
21
3.61405
31
-9.33143
12
0.00880
22
3.59788
32
-9.31605
13
0.03009
23
3.70413
33
-9.41765
0
3DFACE
8
C1
10
-0.13858
20
3.61405
30
-9.33143
11
-0.15986
21
3.50769
31
-9.22993
12
-0.01248
22
3.49152
32
-9.21456
13
0.00880
23
3.59788
33
-9.31605
0
3DFACE
8
C1
10
-0.15986
20
3.50769
30
-9.22993
11
-0.18053
21
3.39650
31
-9.13277
12
-0.03377
22
3.38527
32
-9.11296
13
-0.01248
23
3.49152
33
-9.21456
0
3DFACE
8
C1
10
-0.18053
20
3.39650
30
-9.13277
11
-0.20108
21
3.28431
31
-9.03650
12
-0.05442
22
3.27385
32
-9.01600
13
-0.03377
23
3.38527
33
-9.11296
0
3DFACE
8
C1
10
-0.20108
20
3.28431
30
-9.03650
11
-0.22218
21
3.17652
31
-8.93629
12
-0.07489
22
3.16101
32
-8.92032
13
-0.05442
23
3.27385
33
-9.01600
0
3DFACE
8
C1
10
-0.22218
20
3.17652
30
-8.93629
11
-0.24430
21
3.07686
31
-8.82877
12
-0.09698
22
3.06113
32
-8.81301
13
-0.07489
23
3.16101
33
-8.92032
0
3DFACE
8
C1
10
-0.24430
20
3.07686
30
-8.82877
11
-0.26705
21
2.98226
31
-8.71673
12
-0.11969
22
2.96620
32
-8.70126
13
-0.09698
23
3.06113
33
-8.81301
0
3DFACE
8
C1
10
-0.26705
20
2.98226
30
-8.71673
11
-0.29119
21
2.89875
31
-8.59472
12
-0.14306
22
2.87653
32
-8.58477
13
-0.11969
23
2.96620
33
-8.70126
0
3DFACE
8
C1
10
-0.29119
20
2.89875
30
-8.59472
11
-0.31641
21
2.82392
31
-8.46493
12
-0.16799
22
2.79940
32
-8.45705
13
-0.14306
23
2.87653
33
-8.58477
0
3DFACE
8
C1
10
-0.31641
20
2.82392
30
-8.46493
11
-0.34052
21
2.74019
31
-8.34312
12
-0.19257
22
2.71940
32
-8.33189
13
-0.16799
23
2.79940
33
-8.45705
0
3DFACE
8
C1
10
-0.34052
20
2.74019
30
-8.34312
11
-0.36305
21
2.64382
31
-8.23265
12
-0.21499
22
2.62216
32
-8.22221
13
-0.19257
23
2.71940
33
-8.33189
0
3DFACE
8
C1
10
-0.36305
20
2.64382
30
-8.23265
11
-0.38437
21
2.53779
31
-8.13086
12
-0.23625
22
2.51569
32
-8.12081
13
-0.21499
23
2.62216
33
-8.22221
0
3DFACE
8
C1
10
-0.38437
20
2.53779
30
-8.13086
11
-0.40433
21
2.42088
31
-8.03883
12
-0.25632
22
2.39966
32
-8.02799
13
-0.23625
23
2.51569
33
-8.12081
0
3DFACE
8
C1
10
-0.40433
20
2.42088
30
-8.03883
11
-0.42277
21
2.29178
31
-7.95774
12
-0.27494
22
2.27199
32
-7.94562
13
-0.25632
23
2.39966
33
-8.02799
0
3DFACE
8
C1
10
-0.42277
20
2.29178
30
-7.95774
11
-0.44185
21
2.16785
31
-7.87202
12
-0.29413
22
2.14893
32
-7.85911
13
-0.27494
23
2.27199
33
-7.94562
0
3DFACE
8
C1
10
-0.44185
20
2.16785
30
-7.87202
11
-0.46159
21
2.04918
31
-7.78157
12
-0.31393
22
2.03070
32
-7.76827
13
-0.29413
23
2.14893
33
-7.85911
0
3DFACE
8
C1
10
-0.46159
20
2.04918
30
-7.78157
11
-0.48198
21
1.93568
31
-7.68648
12
-0.33430
22
1.91709
32
-7.67328
13
-0.31393
23
2.03070
33
-7.76827
0
3DFACE
8
C1
10
-0.48198
20
1.93568
30
-7.68648
11
-0.50302
21
1.82745
31
-7.58666
12
-0.35525
22
1.80809
32
-7.57415
13
-0.33430
23
1.91709
33
-7.67328
0
3DFACE
8
C1
10
-0.50302
20
1.82745
30
-7.58666
11
-0.52471
21
1.72438
31
-7.48221
12
-0.37675
22
1.70349
32
-7.47107
13
-0.35525
23
1.80809
33
-7.57415
0
3DFACE
8
C1
10
-0.52471
20
1.72438
30
-7.48221
11
-0.54603
21
1.61835
31
-7.38041
12
-0.39793
22
1.59636
32
-7.37027
13
-0.37675
23
1.70349
33
-7.47107
0
3DFACE
8
C1
10
-0.54603
20
1.61835
30
-7.38041
11
-0.56698
21
1.50936
31
-7.28128
12
-0.41878
22
1.48659
32
-7.27183
13
-0.39793
23
1.59636
33
-7.37027
0
3DFACE
8
C1
10
-0.56698
20
1.50936
30
-7.28128
11
-0.58756
21
1.39739
31
-7.18481
12
-0.43932
22
1.37430
32
-7.17566
13
-0.41878
23
1.48659
33
-7.27183
0
3DFACE
8
C1
10
-0.58756
20
1.39739
30
-7.18481
11
-0.60777
21
1.28246
31
-7.09101
12
-0.45954
22
1.25948
32
-7.08175
13
-0.43932
23
1.37430
33
-7.17566
0
3DFACE
8
C1
10
-0.60777
20
1.28246
30
-7.09101
11
-0.62762
21
1.16468
31
-6.99977
12
-0.47949
22
1.14246
32
-6.98982
13
-0.45954
23
1.25948
33
-7.08175
0
3DFACE
8
C1
10
-0.62762
20
1.16468
30
-6.99977
11
-0.64749
21
1.04700
31
-6.90843
12
-0.49944
22
1.02545
32
-6.89789
13
-0.47949
23
1.14246
33
-6.98982
0
3DFACE
8
C1
10
-0.64749
20
1.04700
30
-6.90843
11
-0.66736
21
0.92943
31
-6.81699
12
-0.51942
22
0.90876
32
-6.80566
13
-0.49944
23
1.02545
33
-6.89789
0
3DFACE
8
C1
10
-0.66736
20
0.92943
30
-6.81699
11
-0.68724
21
0.81187
31
-6.72555
12
-0.53949
22
0.79273
32
-6.71284
13
-0.51942
23
0.90876
33
-6.80566
0
3DFACE
8
C1
10
-0.68724
20
0.81187
30
-6.72555
11
-0.70717
21
0.69474
31
-6.63371
12
-0.55973
22
0.67802
32
-6.61884
13
-0.53949
23
0.79273
33
-6.71284
0
3DFACE
8
C1
10
-0.70717
20
0.69474
30
-6.63371
11
-0.72738
21
0.57981
31
-6.53991
12
-0.58038
22
0.56661
32
-6.52188
13
-0.55973
23
0.67802
33
-6.61884
0
3DFACE
8
C1
10
-0.72738
20
0.57981
30
-6.53991
11
-0.74835
21
0.47092
31
-6.44068
12
-0.60178
22
0.46123
32
-6.41949
13
-0.58038
23
0.56661
33
-6.52188
0
3DFACE
8
C1
10
-0.74835
20
0.47092
30
-6.44068
11
-0.77012
21
0.36852
31
-6.33563
12
-0.62387
22
0.36135
32
-6.31218
13
-0.60178
23
0.46123
33
-6.41949
0
3DFACE
8
C1
10
-0.77012
20
0.36852
30
-6.33563
11
-0.79253
21
0.27116
31
-6.22605
12
-0.64644
22
0.26532
32
-6.20141
13
-0.62387
23
0.36135
33
-6.31218
0
3DFACE
8
C1
10
-0.79253
20
0.27116
30
-6.22605
11
-0.81544
21
0.17788
31
-6.11282
12
-0.66929
22
0.17148
32
-6.08868
13
-0.64644
23
0.26532
33
-6.20141
0
3DFACE
8
C1
10
-0.81544
20
0.17788
30
-6.11282
11
-0.83849
21
0.08569
31
-5.99861
12
-0.69202
22
0.07677
32
-5.97673
13
-0.66929
23
0.17148
33
-6.08868
0
3DFACE
8
C1
10
-0.83849
20
0.08569
30
-5.99861
11
-0.86121
21
-0.00914
31
-5.88676
12
-0.71443
22
-0.02058
32
-5.86715
13
-0.69202
23
0.07677
33
-5.97673
0
3DFACE
8
C1
10
-0.86121
20
-0.00914
30
-5.88676
11
-0.88362
21
-0.10649
31
-5.77718
12
-0.73655
22
-0.12024
32
-5.75963
13
-0.71443
23
-0.02058
33
-5.86715
0
3DFACE
8
C1
10
0.11574
20
4.12529
30
-9.82748
11
0.09412
21
4.02168
31
-9.72352
12
0.24150
22
4.00550
32
-9.70815
13
0.26312
23
4.10912
33
-9.81211
0
3DFACE
8
C1
10
0.09412
20
4.02168
30
-9.72352
11
0.07266
21
3.91674
31
-9.62074
12
0.22004
22
3.90057
32
-9.60537
13
0.24150
23
4.00550
33
-9.70815
0
3DFACE
8
C1
10
0.07266
20
3.91674
30
-9.62074
11
0.05137
21
3.81049
31
-9.51915
12
0.19875
22
3.79432
32
-9.50377
13
0.22004
23
3.90057
33
-9.60537
0
3DFACE
8
C1
10
0.05137
20
3.81049
30
-9.51915
11
0.03009
21
3.70413
31
-9.41765
12
0.17747
22
3.68796
32
-9.40228
13
0.19875
23
3.79432
33
-9.50377
0
3DFACE
8
C1
10
0.03009
20
3.70413
30
-9.41765
11
0.00880
21
3.59788
31
-9.31605
12
0.15617
22
3.58171
32
-9.30068
13
0.17747
23
3.68796
33
-9.40228
0
3DFACE
8
C1
10
0.00880
20
3.59788
30
-9.31605
11
-0.01248
21
3.49152
31
-9.21456
12
0.13488
22
3.47546
32
-9.19909
13
0.15617
23
3.58171
33
-9.30068
0
3DFACE
8
C1
10
-0.01248
20
3.49152
30
-9.21456
11
-0.03377
21
3.38527
31
-9.11296
12
0.11360
22
3.36910
32
-9.09759
13
0.13488
23
3.47546
33
-9.19909
0
3DFACE
8
C1
10
-0.03377
20
3.38527
30
-9.11296
11
-0.05442
21
3.27385
31
-9.01600
12
0.09278
22
3.25911
32
-8.99935
13
0.11360
23
3.36910
33
-9.09759
0
3DFACE
8
C1
10
-0.05442
20
3.27385
30
-9.01600
11
-0.07489
21
3.16101
31
-8.92032
12
0.07235
22
3.14594
32
-8.90397
13
0.09278
23
3.25911
33
-8.99935
0
3DFACE
8
C1
10
-0.07489
20
3.16101
30
-8.92032
11
-0.09698
21
3.06113
31
-8.81301
12
0.05059
22
3.04342
32
-8.79902
13
0.07235
23
3.14594
33
-8.90397
0
3DFACE
8
C1
10
-0.09698
20
3.06113
30
-8.81301
11
-0.11969
21
2.96620
31
-8.70126
12
0.02788
22
2.94849
32
-8.68727
13
0.05059
23
3.04342
33
-8.79902
0
3DFACE
8
C1
10
-0.11969
20
2.96620
30
-8.70126
11
-0.14306
21
2.87653
31
-8.58477
12
0.00455
22
2.85850
32
-8.57108
13
0.02788
23
2.94849
33
-8.68727
0
3DFACE
8
C1
10
-0.14306
20
2.87653
30
-8.58477
11
-0.16799
21
2.79940
31
-8.45705
12
-0.02001
22
2.77839
32
-8.44602
13
0.00455
23
2.85850
33
-8.57108
0
3DFACE
8
C1
10
-0.16799
20
2.79940
30
-8.45705
11
-0.19257
21
2.71940
31
-8.33189
12
-0.04449
22
2.69763
32
-8.32155
13
-0.02001
23
2.77839
33
-8.44602
0
3DFACE
8
C1
10
-0.19257
20
2.71940
30
-8.33189
11
-0.21499
21
2.62216
31
-8.22221
12
-0.06710
22
2.60192
32
-8.21049
13
-0.04449
23
2.69763
33
-8.32155
0
3DFACE
8
C1
10
-0.21499
20
2.62216
30
-8.22221
11
-0.23625
21
2.51569
31
-8.12081
12
-0.08830
22
2.49490
32
-8.10958
13
-0.06710
23
2.60192
33
-8.21049
0
3DFACE
8
C1
10
-0.23625
20
2.51569
30
-8.12081
11
-0.25632
21
2.39966
31
-8.02799
12
-0.10837
22
2.37888
32
-8.01676
13
-0.08830
23
2.49490
33
-8.10958
0
3DFACE
8
C1
10
-0.25632
20
2.39966
30
-8.02799
11
-0.27494
21
2.27199
31
-7.94562
12
-0.12715
22
2.25252
32
-7.93321
13
-0.10837
23
2.37888
33
-8.01676
0
3DFACE
8
C1
10
-0.27494
20
2.27199
30
-7.94562
11
-0.29413
21
2.14893
31
-7.85911
12
-0.14645
22
2.13034
32
-7.84591
13
-0.12715
23
2.25252
33
-7.93321
0
3DFACE
8
C1
10
-0.29413
20
2.14893
30
-7.85911
11
-0.31393
21
2.03070
31
-7.76827
12
-0.16627
22
2.01233
32
-7.75487
13
-0.14645
23
2.13034
33
-7.84591
0
3DFACE
8
C1
10
-0.31393
20
2.03070
30
-7.76827
11
-0.33430
21
1.91709
31
-7.67328
12
-0.18663
22
1.89861
32
-7.65998
13
-0.16627
23
2.01233
33
-7.75487
0
3DFACE
8
C1
10
-0.33430
20
1.91709
30
-7.67328
11
-0.35525
21
1.80809
31
-7.57415
12
-0.20749
22
1.78885
32
-7.56154
13
-0.18663
23
1.89861
33
-7.65998
0
3DFACE
8
C1
10
-0.35525
20
1.80809
30
-7.57415
11
-0.37675
21
1.70349
31
-7.47107
12
-0.22879
22
1.68270
32
-7.45984
13
-0.20749
23
1.78885
33
-7.56154
0
3DFACE
8
C1
10
-0.37675
20
1.70349
30
-7.47107
11
-0.39793
21
1.59636
31
-7.37027
12
-0.24981
22
1.57426
32
-7.36022
13
-0.22879
23
1.68270
33
-7.45984
0
3DFACE
8
C1
10
-0.39793
20
1.59636
30
-7.37027
11
-0.41878
21
1.48659
31
-7.27183
12
-0.27054
22
1.46350
32
-7.26267
13
-0.24981
23
1.57426
33
-7.36022
0
3DFACE
8
C1
10
-0.41878
20
1.48659
30
-7.27183
11
-0.43932
21
1.37430
31
-7.17566
12
-0.29098
22
1.35044
32
-7.16719
13
-0.27054
23
1.46350
33
-7.26267
0
3DFACE
8
C1
10
-0.43932
20
1.37430
30
-7.17566
11
-0.45954
21
1.25948
31
-7.08175
12
-0.31115
22
1.23518
32
-7.07368
13
-0.29098
23
1.35044
33
-7.16719
0
3DFACE
8
C1
10
-0.45954
20
1.25948
30
-7.08175
11
-0.47949
21
1.14246
31
-6.98982
12
-0.33112
22
1.11838
32
-6.98155
13
-0.31115
23
1.23518
33
-7.07368
0
3DFACE
8
C1
10
-0.47949
20
1.14246
30
-6.98982
11
-0.49944
21
1.02545
31
-6.89789
12
-0.35118
22
1.00224
32
-6.88883
13
-0.33112
23
1.11838
33
-6.98155
0
3DFACE
8
C1
10
-0.49944
20
1.02545
30
-6.89789
11
-0.51942
21
0.90876
31
-6.80566
12
-0.37136
22
0.88709
32
-6.79522
13
-0.35118
23
1.00224
33
-6.88883
0
3DFACE
8
C1
10
-0.51942
20
0.90876
30
-6.80566
11
-0.53949
21
0.79273
31
-6.71284
12
-0.39165
22
0.77282
32
-6.70082
13
-0.37136
23
0.88709
33
-6.79522
0
3DFACE
8
C1
10
-0.53949
20
0.79273
30
-6.71284
11
-0.55973
21
0.67802
31
-6.61884
12
-0.41227
22
0.66119
32
-6.60406
13
-0.39165
23
0.77282
33
-6.70082
0
3DFACE
8
C1
10
-0.55973
20
0.67802
30
-6.61884
11
-0.58038
21
0.56661
31
-6.52188
12
-0.43347
22
0.55417
32
-6.50315
13
-0.41227
23
0.66119
33
-6.60406
0
3DFACE
8
C1
10
-0.58038
20
0.56661
30
-6.52188
11
-0.60178
21
0.46123
31
-6.41949
12
-0.45531
22
0.45231
32
-6.39761
13
-0.43347
23
0.55417
33
-6.50315
0
3DFACE
8
C1
10
-0.60178
20
0.46123
30
-6.41949
11
-0.62387
21
0.36135
31
-6.31218
12
-0.47765
22
0.35441
32
-6.28852
13
-0.45531
23
0.45231
33
-6.39761
0
3DFACE
8
C1
10
-0.62387
20
0.36135
30
-6.31218
11
-0.64644
21
0.26532
31
-6.20141
12
-0.50033
22
0.25926
32
-6.17697
13
-0.47765
23
0.35441
33
-6.28852
0
3DFACE
8
C1
10
-0.64644
20
0.26532
30
-6.20141
11
-0.66929
21
0.17148
31
-6.08868
12
-0.52301
22
0.16410
32
-6.06542
13
-0.50033
23
0.25926
33
-6.17697
0
3DFACE
8
C1
10
-0.66929
20
0.17148
30
-6.08868
11
-0.69202
21
0.07677
31
-5.97673
12
-0.54539
22
0.06653
32
-5.95603
13
-0.52301
23
0.16410
33
-6.06542
0
3DFACE
8
C1
10
-0.69202
20
0.07677
30
-5.97673
11
-0.71443
21
-0.02058
31
-5.86715
12
-0.56745
22
-0.03357
32
-5.84892
13
-0.54539
23
0.06653
33
-5.95603
0
3DFACE
8
C1
10
-0.71443
20
-0.02058
30
-5.86715
11
-0.73655
21
-0.12024
31
-5.75963
12
-0.58934
22
-0.13510
32
-5.74308
13
-0.56745
23
-0.03357
33
-5.84892
0
3DFACE
8
C1
10
0.26312
20
4.10912
30
-9.81211
11
0.24150
21
4.00550
31
-9.70815
12
0.38887
22
3.98933
32
-9.69278
13
0.41050
23
4.09295
33
-9.79674
0
3DFACE
8
C1
10
0.24150
20
4.00550
30
-9.70815
11
0.22004
21
3.90057
31
-9.60537
12
0.36742
22
3.88440
32
-9.59000
13
0.38887
23
3.98933
33
-9.69278
0
3DFACE
8
C1
10
0.22004
20
3.90057
30
-9.60537
11
0.19875
21
3.79432
31
-9.50377
12
0.34612
22
3.77815
32
-9.48840
13
0.36742
23
3.88440
33
-9.59000
0
3DFACE
8
C1
10
0.19875
20
3.79432
30
-9.50377
11
0.17747
21
3.68796
31
-9.40228
12
0.32483
22
3.67190
32
-9.38681
13
0.34612
23
3.77815
33
-9.48840
0
3DFACE
8
C1
10
0.17747
20
3.68796
30
-9.40228
11
0.15617
21
3.58171
31
-9.30068
12
0.30355
22
3.56554
32
-9.28531
13
0.32483
23
3.67190
33
-9.38681
0
3DFACE
8
C1
10
0.15617
20
3.58171
30
-9.30068
11
0.13488
21
3.47546
31
-9.19909
12
0.28226
22
3.45929
32
-9.18372
13
0.30355
23
3.56554
33
-9.28531
0
3DFACE
8
C1
10
0.13488
20
3.47546
30
-9.19909
11
0.11360
21
3.36910
31
-9.09759
12
0.26098
22
3.35293
32
-9.08222
13
0.28226
23
3.45929
33
-9.18372
0
3DFACE
8
C1
10
0.11360
20
3.36910
30
-9.09759
11
0.09278
21
3.25911
31
-8.99935
12
0.23968
22
3.24668
32
-8.98063
13
0.26098
23
3.35293
33
-9.08222
0
3DFACE
8
C1
10
0.09278
20
3.25911
30
-8.99935
11
0.07235
21
3.14594
31
-8.90397
12
0.21930
22
3.13317
32
-8.88554
13
0.23968
23
3.24668
33
-8.98063
0
3DFACE
8
C1
10
0.07235
20
3.14594
30
-8.90397
11
0.05059
21
3.04342
31
-8.79902
12
0.19813
22
3.02593
32
-8.78483
13
0.21930
23
3.13317
33
-8.88554
0
3DFACE
8
C1
10
0.05059
20
3.04342
30
-8.79902
11
0.02788
21
2.94849
31
-8.68727
12
0.17543
22
2.93089
32
-8.67318
13
0.19813
23
3.02593
33
-8.78483
0
3DFACE
8
C1
10
0.02788
20
2.94849
30
-8.68727
11
0.00455
21
2.85850
31
-8.57108
12
0.15213
22
2.84068
32
-8.55719
13
0.17543
23
2.93089
33
-8.67318
0
3DFACE
8
C1
10
0.00455
20
2.85850
30
-8.57108
11
-0.02001
21
2.77839
31
-8.44602
12
0.12819
22
2.75563
32
-8.43656
13
0.15213
23
2.84068
33
-8.55719
0
3DFACE
8
C1
10
-0.02001
20
2.77839
30
-8.44602
11
-0.04449
21
2.69763
31
-8.32155
12
0.10382
22
2.67399
32
-8.31288
13
0.12819
23
2.75563
33
-8.43656
0
3DFACE
8
C1
10
-0.04449
20
2.69763
30
-8.32155
11
-0.06710
21
2.60192
31
-8.21049
12
0.08071
22
2.58224
32
-8.19827
13
0.10382
23
2.67399
33
-8.31288
0
3DFACE
8
C1
10
-0.06710
20
2.60192
30
-8.21049
11
-0.08830
21
2.49490
31
-8.10958
12
0.05961
22
2.47445
32
-8.09806
13
0.08071
23
2.58224
33
-8.19827
0
3DFACE
8
C1
10
-0.08830
20
2.49490
30
-8.10958
11
-0.10837
21
2.37888
31
-8.01676
12
0.03961
22
2.35787
32
-8.00573
13
0.05961
23
2.47445
33
-8.09806
0
3DFACE
8
C1
10
-0.10837
20
2.37888
30
-8.01676
11
-0.12715
21
2.25252
31
-7.93321
12
0.02072
22
2.23239
32
-7.92139
13
0.03961
23
2.35787
33
-8.00573
0
3DFACE
8
C1
10
-0.12715
20
2.25252
30
-7.93321
11
-0.14645
21
2.13034
31
-7.84591
12
0.00136
22
2.11065
32
-7.83370
13
0.02072
23
2.23239
33
-7.92139
0
3DFACE
8
C1
10
-0.14645
20
2.13034
30
-7.84591
11
-0.16627
21
2.01233
31
-7.75487
12
-0.01849
22
1.99287
32
-7.74245
13
0.00136
23
2.11065
33
-7.83370
0
3DFACE
8
C1
10
-0.16627
20
2.01233
30
-7.75487
11
-0.18663
21
1.89861
31
-7.65998
12
-0.03882
22
1.87893
32
-7.64776
13
-0.01849
23
1.99287
33
-7.74245
0
3DFACE
8
C1
10
-0.18663
20
1.89861
30
-7.65998
11
-0.20749
21
1.78885
31
-7.56154
12
-0.05959
22
1.76850
32
-7.54991
13
-0.03882
23
1.87893
33
-7.64776
0
3DFACE
8
C1
10
-0.20749
20
1.78885
30
-7.56154
11
-0.22879
21
1.68270
31
-7.45984
12
-0.08072
22
1.66093
32
-7.44950
13
-0.05959
23
1.76850
33
-7.54991
0
3DFACE
8
C1
10
-0.22879
20
1.68270
30
-7.45984
11
-0.24981
21
1.57426
31
-7.36022
12
-0.10158
22
1.55127
32
-7.35096
13
-0.08072
23
1.66093
33
-7.44950
0
3DFACE
8
C1
10
-0.24981
20
1.57426
30
-7.36022
11
-0.27054
21
1.46350
31
-7.26267
12
-0.12216
22
1.43931
32
-7.25449
13
-0.10158
23
1.55127
33
-7.35096
0
3DFACE
8
C1
10
-0.27054
20
1.46350
30
-7.26267
11
-0.29098
21
1.35044
31
-7.16719
12
-0.14248
22
1.32526
32
-7.15990
13
-0.12216
23
1.43931
33
-7.25449
0
3DFACE
8
C1
10
-0.29098
20
1.35044
30
-7.16719
11
-0.31115
21
1.23518
31
-7.07368
12
-0.16258
22
1.20945
32
-7.06688
13
-0.14248
23
1.32526
33
-7.15990
0
3DFACE
8
C1
10
-0.31115
20
1.23518
30
-7.07368
11
-0.33112
21
1.11838
31
-6.98155
12
-0.18263
22
1.09331
32
-6.97416
13
-0.16258
23
1.20945
33
-7.06688
0
3DFACE
8
C1
10
-0.33112
20
1.11838
30
-6.98155
11
-0.35118
21
1.00224
31
-6.88883
12
-0.20286
22
0.97849
32
-6.88026
13
-0.18263
23
1.09331
33
-6.97416
0
3DFACE
8
C1
10
-0.35118
20
1.00224
30
-6.88883
11
-0.37136
21
0.88709
31
-6.79522
12
-0.22320
22
0.86466
32
-6.78547
13
-0.20286
23
0.97849
33
-6.88026
0
3DFACE
8
C1
10
-0.37136
20
0.88709
30
-6.79522
11
-0.39165
21
0.77282
31
-6.70082
12
-0.24382
22
0.75303
32
-6.68870
13
-0.22320
23
0.86466
33
-6.78547
0
3DFACE
8
C1
10
-0.39165
20
0.77282
30
-6.70082
11
-0.41227
21
0.66119
31
-6.60406
12
-0.26491
22
0.64513
32
-6.58859
13
-0.24382
23
0.75303
33
-6.68870
0
3DFACE
8
C1
10
-0.41227
20
0.66119
30
-6.60406
11
-0.43347
21
0.55417
31
-6.50315
12
-0.28661
22
0.54217
32
-6.48403
13
-0.26491
23
0.64513
33
-6.58859
0
3DFACE
8
C1
10
-0.43347
20
0.55417
30
-6.50315
11
-0.45531
21
0.45231
31
-6.39761
12
-0.30880
22
0.44306
32
-6.37603
13
-0.28661
23
0.54217
33
-6.48403
0
3DFACE
8
C1
10
-0.45531
20
0.45231
30
-6.39761
11
-0.47765
21
0.35441
31
-6.28852
12
-0.33138
22
0.34714
32
-6.26517
13
-0.30880
23
0.44306
33
-6.37603
0
3DFACE
8
C1
10
-0.47765
20
0.35441
30
-6.28852
11
-0.50033
21
0.25926
31
-6.17697
12
-0.35405
22
0.25187
32
-6.15371
13
-0.33138
23
0.34714
33
-6.26517
0
3DFACE
8
C1
10
-0.50033
20
0.25926
30
-6.17697
11
-0.52301
21
0.16410
31
-6.06542
12
-0.37650
22
0.15485
32
-6.04383
13
-0.35405
23
0.25187
33
-6.15371
0
3DFACE
8
C1
10
-0.52301
20
0.16410
30
-6.06542
11
-0.54539
21
0.06653
31
-5.95603
12
-0.39851
22
0.05431
32
-5.93711
13
-0.37650
23
0.15485
33
-6.04383
0
3DFACE
8
C1
10
-0.54539
20
0.06653
30
-5.95603
11
-0.56745
21
-0.03357
31
-5.84892
12
-0.42031
22
-0.04787
32
-5.83187
13
-0.39851
23
0.05431
33
-5.93711
0
3DFACE
8
C1
10
-0.56745
20
-0.03357
30
-5.84892
11
-0.58934
21
-0.13510
31
-5.74308
12
-0.44203
22
-0.15072
32
-5.72722
13
-0.42031
23
-0.04787
33
-5.83187
0
3DFACE
8
C1
10
0.41050
20
4.09295
30
-9.79674
11
0.38887
21
3.98933
31
-9.69278
12
0.53624
22
3.97327
32
-9.67731
13
0.55787
23
4.07678
33
-9.78137
0
3DFACE
8
C1
10
0.38887
20
3.98933
30
-9.69278
11
0.36742
21
3.88440
31
-9.59000
12
0.51478
22
3.86834
32
-9.57453
13
0.53624
23
3.97327
33
-9.67731
0
3DFACE
8
C1
10
0.36742
20
3.88440
30
-9.59000
11
0.34612
21
3.77815
31
-9.48840
12
0.49350
22
3.76198
32
-9.47303
13
0.51478
23
3.86834
33
-9.57453
0
3DFACE
8
C1
10
0.34612
20
3.77815
30
-9.48840
11
0.32483
21
3.67190
31
-9.38681
12
0.47221
22
3.65573
32
-9.37144
13
0.49350
23
3.76198
33
-9.47303
0
3DFACE
8
C1
10
0.32483
20
3.67190
30
-9.38681
11
0.30355
21
3.56554
31
-9.28531
12
0.45093
22
3.54937
32
-9.26994
13
0.47221
23
3.65573
33
-9.37144
0
3DFACE
8
C1
10
0.30355
20
3.56554
30
-9.28531
11
0.28226
21
3.45929
31
-9.18372
12
0.42963
22
3.44312
32
-9.16835
13
0.45093
23
3.54937
33
-9.26994
0
3DFACE
8
C1
10
0.28226
20
3.45929
30
-9.18372
11
0.26098
21
3.35293
31
-9.08222
12
0.40835
22
3.33676
32
-9.06685
13
0.42963
23
3.44312
33
-9.16835
0
3DFACE
8
C1
10
0.26098
20
3.35293
30
-9.08222
11
0.23968
21
3.24668
31
-8.98063
12
0.38706
22
3.23050
32
-8.96525
13
0.40835
23
3.33676
33
-9.06685
0
3DFACE
8
C1
10
0.23968
20
3.24668
30
-8.98063
11
0.21930
21
3.13317
31
-8.88554
12
0.36665
22
3.11722
32
-8.86997
13
0.38706
23
3.23050
33
-8.96525
0
3DFACE
8
C1
10
0.21930
20
3.13317
30
-8.88554
11
0.19813
21
3.02593
31
-8.78483
12
0.34564
22
3.00866
32
-8.77045
13
0.36665
23
3.11722
33
-8.86997
0
3DFACE
8
C1
10
0.19813
20
3.02593
30
-8.78483
11
0.17543
21
2.93089
31
-8.67318
12
0.32321
22
2.91153
32
-8.66067
13
0.34564
23
3.00866
33
-8.77045
0
3DFACE
8
C1
10
0.17543
20
2.93089
30
-8.67318
11
0.15213
21
2.84068
31
-8.55719
12
0.29994
22
2.82110
32
-8.54487
13
0.32321
23
2.91153
33
-8.66067
0
3DFACE
8
C1
10
0.15213
20
2.84068
30
-8.55719
11
0.12819
21
2.75563
31
-8.43656
12
0.27603
22
2.73572
32
-8.42454
13
0.29994
23
2.82110
33
-8.54487
0
3DFACE
8
C1
10
0.12819
20
2.75563
30
-8.43656
11
0.10382
21
2.67399
31
-8.31288
12
0.25173
22
2.65353
32
-8.30135
13
0.27603
23
2.73572
33
-8.42454
0
3DFACE
8
C1
10
0.10382
20
2.67399
30
-8.31288
11
0.08071
21
2.58224
31
-8.19827
12
0.22853
22
2.56255
32
-8.18605
13
0.25173
23
2.65353
33
-8.30135
0
3DFACE
8
C1
10
0.08071
20
2.58224
30
-8.19827
11
0.05961
21
2.47445
31
-8.09806
12
0.20725
22
2.45619
32
-8.08456
13
0.22853
23
2.56255
33
-8.18605
0
3DFACE
8
C1
10
0.05961
20
2.47445
30
-8.09806
11
0.03961
21
2.35787
31
-8.00573
12
0.18730
22
2.33917
32
-7.99263
13
0.20725
23
2.45619
33
-8.08456
0
3DFACE
8
C1
10
0.03961
20
2.35787
30
-8.00573
11
0.02072
21
2.23239
31
-7.92139
12
0.16848
22
2.21315
32
-7.90878
13
0.18730
23
2.33917
33
-7.99263
0
3DFACE
8
C1
10
0.02072
20
2.23239
30
-7.92139
11
0.00136
21
2.11065
31
-7.83370
12
0.14917
22
2.09108
32
-7.82138
13
0.16848
23
2.21315
33
-7.90878
0
3DFACE
8
C1
10
0.00136
20
2.11065
30
-7.83370
11
-0.01849
21
1.99287
31
-7.74245
12
0.12936
22
1.97296
32
-7.73044
13
0.14917
23
2.09108
33
-7.82138
0
3DFACE
8
C1
10
-0.01849
20
1.99287
30
-7.74245
11
-0.03882
21
1.87893
31
-7.64776
12
0.10908
22
1.85858
32
-7.63614
13
0.12936
23
1.97296
33
-7.73044
0
3DFACE
8
C1
10
-0.03882
20
1.87893
30
-7.64776
11
-0.05959
21
1.76850
31
-7.54991
12
0.08842
22
1.74728
32
-7.53908
13
0.10908
23
1.85858
33
-7.63614
0
3DFACE
8
C1
10
-0.05959
20
1.76850
30
-7.54991
11
-0.08072
21
1.66093
31
-7.44950
12
0.06746
22
1.63839
32
-7.43985
13
0.08842
23
1.74728
33
-7.53908
0
3DFACE
8
C1
10
-0.08072
20
1.66093
30
-7.44950
11
-0.10158
21
1.55127
31
-7.35096
12
0.04675
22
1.52741
32
-7.34249
13
0.06746
23
1.63839
33
-7.43985
0
3DFACE
8
C1
10
-0.10158
20
1.55127
30
-7.35096
11
-0.12216
21
1.43931
31
-7.25449
12
0.02634
22
1.41413
32
-7.24721
13
0.04675
23
1.52741
33
-7.34249
0
3DFACE
8
C1
10
-0.12216
20
1.43931
30
-7.25449
11
-0.14248
21
1.32526
31
-7.15990
12
0.00613
22
1.29920
32
-7.15340
13
0.02634
23
1.41413
33
-7.24721
0
3DFACE
8
C1
10
-0.14248
20
1.32526
30
-7.15990
11
-0.16258
21
1.20945
31
-7.06688
12
-0.01401
22
1.18372
32
-7.06009
13
0.00613
23
1.29920
33
-7.15340
0
3DFACE
8
C1
10
-0.16258
20
1.20945
30
-7.06688
11
-0.18263
21
1.09331
31
-6.97416
12
-0.03426
22
1.06912
32
-6.96599
13
-0.01401
23
1.18372
33
-7.06009
0
3DFACE
8
C1
10
-0.18263
20
1.09331
30
-6.97416
11
-0.20286
21
0.97849
31
-6.88026
12
-0.05466
22
0.95573
32
-6.87080
13
-0.03426
23
1.06912
33
-6.96599
0
3DFACE
8
C1
10
-0.20286
20
0.97849
30
-6.88026
11
-0.22320
21
0.86466
31
-6.78547
12
-0.07528
22
0.84410
32
-6.77404
13
-0.05466
23
0.95573
33
-6.87080
0
3DFACE
8
C1
10
-0.22320
20
0.86466
30
-6.78547
11
-0.24382
21
0.75303
31
-6.68870
12
-0.09629
22
0.73565
32
-6.67442
13
-0.07528
23
0.84410
33
-6.77404
0
3DFACE
8
C1
10
-0.24382
20
0.75303
30
-6.68870
11
-0.26491
21
0.64513
31
-6.58859
12
-0.11788
22
0.63170
32
-6.57075
13
-0.09629
23
0.73565
33
-6.67442
0
3DFACE
8
C1
10
-0.26491
20
0.64513
30
-6.58859
11
-0.28661
21
0.54217
31
-6.48403
12
-0.13995
22
0.53171
32
-6.46354
13
-0.11788
23
0.63170
33
-6.57075
0
3DFACE
8
C1
10
-0.28661
20
0.54217
30
-6.48403
11
-0.30880
21
0.44306
31
-6.37603
12
-0.16241
22
0.43480
32
-6.35356
13
-0.13995
23
0.53171
33
-6.46354
0
3DFACE
8
C1
10
-0.30880
20
0.44306
30
-6.37603
11
-0.33138
21
0.34714
31
-6.26517
12
-0.18509
22
0.33965
32
-6.24201
13
-0.16241
23
0.43480
33
-6.35356
0
3DFACE
8
C1
10
-0.33138
20
0.34714
30
-6.26517
11
-0.35405
21
0.25187
31
-6.15371
12
-0.20758
22
0.24295
32
-6.13183
13
-0.18509
23
0.33965
33
-6.24201
0
3DFACE
8
C1
10
-0.35405
20
0.25187
30
-6.15371
11
-0.37650
21
0.15485
31
-6.04383
12
-0.22970
22
0.14329
32
-6.02432
13
-0.20758
23
0.24295
33
-6.13183
0
3DFACE
8
C1
10
-0.37650
20
0.15485
30
-6.04383
11
-0.39851
21
0.05431
31
-5.93711
12
-0.25141
22
0.04034
32
-5.91977
13
-0.22970
23
0.14329
33
-6.02432
0
3DFACE
8
C1
10
-0.39851
20
0.05431
30
-5.93711
11
-0.42031
21
-0.04787
31
-5.83187
12
-0.27302
22
-0.06339
32
-5.81590
13
-0.25141
23
0.04034
33
-5.91977
0
3DFACE
8
C1
10
-0.42031
20
-0.04787
30
-5.83187
11
-0.44203
21
-0.15072
31
-5.72722
12
-0.29465
22
-0.16689
32
-5.71184
13
-0.27302
23
-0.06339
33
-5.81590
0
3DFACE
8
C1
10
0.55787
20
4.07678
30
-9.78137
11
0.53624
21
3.97327
31
-9.67731
12
0.68361
22
3.95710
32
-9.66194
13
0.70525
23
4.06061
33
-9.76600
0
3DFACE
8
C1
10
0.53624
20
3.97327
30
-9.67731
11
0.51478
21
3.86834
31
-9.57453
12
0.66215
22
3.85217
32
-9.55916
13
0.68361
23
3.95710
33
-9.66194
0
3DFACE
8
C1
10
0.51478
20
3.86834
30
-9.57453
11
0.49350
21
3.76198
31
-9.47303
12
0.64087
22
3.74581
32
-9.45766
13
0.66215
23
3.85217
33
-9.55916
0
3DFACE
8
C1
10
0.49350
20
3.76198
30
-9.47303
11
0.47221
21
3.65573
31
-9.37144
12
0.61958
22
3.63956
32
-9.35607
13
0.64087
23
3.74581
33
-9.45766
0
3DFACE
8
C1
10
0.47221
20
3.65573
30
-9.37144
11
0.45093
21
3.54937
31
-9.26994
12
0.59829
22
3.53331
32
-9.25447
13
0.61958
23
3.63956
33
-9.35607
0
3DFACE
8
C1
10
0.45093
20
3.54937
30
-9.26994
11
0.42963
21
3.44312
31
-9.16835
12
0.57701
22
3.42695
32
-9.15297
13
0.59829
23
3.53331
33
-9.25447
0
3DFACE
8
C1
10
0.42963
20
3.44312
30
-9.16835
11
0.40835
21
3.33676
31
-9.06685
12
0.55572
22
3.32069
32
-9.05138
13
0.57701
23
3.42695
33
-9.15297
0
3DFACE
8
C1
10
0.40835
20
3.33676
30
-9.06685
11
0.38706
21
3.23050
31
-8.96525
12
0.53444
22
3.21433
32
-8.94988
13
0.55572
23
3.32069
33
-9.05138
0
3DFACE
8
C1
10
0.38706
20
3.23050
30
-8.96525
11
0.36665
21
3.11722
31
-8.86997
12
0.51372
22
3.10347
32
-8.85243
13
0.53444
23
3.21433
33
-8.94988
0
3DFACE
8
C1
10
0.36665
20
3.11722
30
-8.86997
11
0.34564
21
3.00866
31
-8.77045
12
0.49287
22
2.99370
32
-8.75399
13
0.51372
23
3.10347
33
-8.85243
0
3DFACE
8
C1
10
0.34564
20
3.00866
30
-8.77045
11
0.32321
21
2.91153
31
-8.66067
12
0.47100
22
2.89207
32
-8.64825
13
0.49287
23
2.99370
33
-8.75399
0
3DFACE
8
C1
10
0.32321
20
2.91153
30
-8.66067
11
0.29994
21
2.82110
31
-8.54487
12
0.44772
22
2.80163
32
-8.53246
13
0.47100
23
2.89207
33
-8.64825
0
3DFACE
8
C1
10
0.29994
20
2.82110
30
-8.54487
11
0.27603
21
2.73572
31
-8.42454
12
0.42383
22
2.71615
32
-8.41223
13
0.44772
23
2.80163
33
-8.53246
0
3DFACE
8
C1
10
0.27603
20
2.73572
30
-8.42454
11
0.25173
21
2.65353
31
-8.30135
12
0.39988
22
2.63121
32
-8.29151
13
0.42383
23
2.71615
33
-8.41223
0
3DFACE
8
C1
10
0.25173
20
2.65353
30
-8.30135
11
0.22853
21
2.56255
31
-8.18605
12
0.37658
22
2.54100
32
-8.17551
13
0.39988
23
2.63121
33
-8.29151
0
3DFACE
8
C1
10
0.22853
20
2.56255
30
-8.18605
11
0.20725
21
2.45619
31
-8.08456
12
0.35482
22
2.43848
32
-8.07057
13
0.37658
23
2.54100
33
-8.17551
0
3DFACE
8
C1
10
0.20725
20
2.45619
30
-8.08456
11
0.18730
21
2.33917
31
-7.99263
12
0.33497
22
2.32069
32
-7.97933
13
0.35482
23
2.43848
33
-8.07057
0
3DFACE
8
C1
10
0.18730
20
2.33917
30
-7.99263
11
0.16848
21
2.21315
31
-7.90878
12
0.31624
22
2.19390
32
-7.89617
13
0.33497
23
2.32069
33
-7.97933
0
3DFACE
8
C1
10
0.16848
20
2.21315
30
-7.90878
11
0.14917
21
2.09108
31
-7.82138
12
0.29702
22
2.07106
32
-7.80946
13
0.31624
23
2.19390
33
-7.89617
0
3DFACE
8
C1
10
0.14917
20
2.09108
30
-7.82138
11
0.12936
21
1.97296
31
-7.73044
12
0.27731
22
1.95218
32
-7.71921
13
0.29702
23
2.07106
33
-7.80946
0
3DFACE
8
C1
10
0.12936
20
1.97296
30
-7.73044
11
0.10908
21
1.85858
31
-7.63614
12
0.25714
22
1.83692
32
-7.62570
13
0.27731
23
1.95218
33
-7.71921
0
3DFACE
8
C1
10
0.10908
20
1.85858
30
-7.63614
11
0.08842
21
1.74728
31
-7.53908
12
0.23663
22
1.72440
32
-7.52972
13
0.25714
23
1.83692
33
-7.62570
0
3DFACE
8
C1
10
0.08842
20
1.74728
30
-7.53908
11
0.06746
21
1.63839
31
-7.43985
12
0.21586
22
1.61398
32
-7.43187
13
0.23663
23
1.72440
33
-7.52972
0
3DFACE
8
C1
10
0.06746
20
1.63839
30
-7.43985
11
0.04675
21
1.52741
31
-7.34249
12
0.19535
22
1.50146
32
-7.33590
13
0.21586
23
1.61398
33
-7.43187
0
3DFACE
8
C1
10
0.04675
20
1.52741
30
-7.34249
11
0.02634
21
1.41413
31
-7.24721
12
0.17504
22
1.38741
32
-7.24130
13
0.19535
23
1.50146
33
-7.33590
0
3DFACE
8
C1
10
0.02634
20
1.41413
30
-7.24721
11
0.00613
21
1.29920
31
-7.15340
12
0.15479
22
1.27281
32
-7.14720
13
0.17504
23
1.38741
33
-7.24130
0
3DFACE
8
C1
10
0.00613
20
1.29920
30
-7.15340
11
-0.01401
21
1.18372
31
-7.06009
12
0.13447
22
1.15876
32
-7.05261
13
0.15479
23
1.27281
33
-7.14720
0
3DFACE
8
C1
10
-0.01401
20
1.18372
30
-7.06009
11
-0.03426
21
1.06912
31
-6.96599
12
0.11394
22
1.04636
32
-6.95653
13
0.13447
23
1.15876
33
-7.05261
0
3DFACE
8
C1
10
-0.03426
20
1.06912
30
-6.96599
11
-0.05466
21
0.95573
31
-6.87080
12
0.09324
22
0.93538
32
-6.85918
13
0.11394
23
1.04636
33
-6.95653
0
3DFACE
8
C1
10
-0.05466
20
0.95573
30
-6.87080
11
-0.07528
21
0.84410
31
-6.77404
12
0.07222
22
0.82694
32
-6.75956
13
0.09324
23
0.93538
33
-6.85918
0
3DFACE
8
C1
10
-0.07528
20
0.84410
30
-6.77404
11
-0.09629
21
0.73565
31
-6.67442
12
0.05075
22
0.72211
32
-6.65668
13
0.07222
23
0.82694
33
-6.75956
0
3DFACE
8
C1
10
-0.09629
20
0.73565
30
-6.67442
11
-0.11788
21
0.63170
31
-6.57075
12
0.02879
22
0.62125
32
-6.55025
13
0.05075
23
0.72211
33
-6.65668
0
3DFACE
8
C1
10
-0.11788
20
0.63170
30
-6.57075
11
-0.13995
21
0.53171
31
-6.46354
12
0.00645
22
0.52334
32
-6.44116
13
0.02879
23
0.62125
33
-6.55025
0
3DFACE
8
C1
10
-0.13995
20
0.53171
30
-6.46354
11
-0.16241
21
0.43480
31
-6.35356
12
-0.01614
22
0.42742
32
-6.33030
13
0.00645
23
0.52334
33
-6.44116
0
3DFACE
8
C1
10
-0.16241
20
0.43480
30
-6.35356
11
-0.18509
21
0.33965
31
-6.24201
12
-0.03865
22
0.33095
32
-6.21993
13
-0.01614
23
0.42742
33
-6.33030
0
3DFACE
8
C1
10
-0.18509
20
0.33965
30
-6.24201
11
-0.20758
21
0.24295
31
-6.13183
12
-0.06087
22
0.23206
32
-6.11173
13
-0.03865
23
0.33095
33
-6.21993
0
3DFACE
8
C1
10
-0.20758
20
0.24295
30
-6.13183
11
-0.22970
21
0.14329
31
-6.02432
12
-0.08265
22
0.12976
32
-6.00658
13
-0.06087
23
0.23206
33
-6.11173
0
3DFACE
8
C1
10
-0.22970
20
0.14329
30
-6.02432
11
-0.25141
21
0.04034
31
-5.91977
12
-0.10415
22
0.02516
32
-5.90351
13
-0.08265
23
0.12976
33
-6.00658
0
3DFACE
8
C1
10
-0.25141
20
0.04034
30
-5.91977
11
-0.27302
21
-0.06339
31
-5.81590
12
-0.12564
22
-0.07956
32
-5.80053
13
-0.10415
23
0.02516
33
-5.90351
0
3DFACE
8
C1
10
-0.27302
20
-0.06339
30
-5.81590
11
-0.29465
21
-0.16689
31
-5.71184
12
-0.14728
22
-0.18306
32
-5.69647
13
-0.12564
23
-0.07956
33
-5.80053
0
3DFACE
8
C1
10
0.70525
20
4.06061
30
-9.76600
11
0.68361
21
3.95710
31
-9.66194
12
0.83099
22
3.94093
32
-9.64656
13
0.85263
23
4.04443
33
-9.75062
0
3DFACE
8
C1
10
0.68361
20
3.95710
30
-9.66194
11
0.66215
21
3.85217
31
-9.55916
12
0.80953
22
3.83600
32
-9.54379
13
0.83099
23
3.94093
33
-9.64656
0
3DFACE
8
C1
10
0.66215
20
3.85217
30
-9.55916
11
0.64087
21
3.74581
31
-9.45766
12
0.78824
22
3.72975
32
-9.44219
13
0.80953
23
3.83600
33
-9.54379
0
3DFACE
8
C1
10
0.64087
20
3.74581
30
-9.45766
11
0.61958
21
3.63956
31
-9.35607
12
0.76696
22
3.62339
32
-9.34069
13
0.78824
23
3.72975
33
-9.44219
0
3DFACE
8
C1
10
0.61958
20
3.63956
30
-9.35607
11
0.59829
21
3.53331
31
-9.25447
12
0.74566
22
3.51713
32
-9.23910
13
0.76696
23
3.62339
33
-9.34069
0
3DFACE
8
C1
10
0.59829
20
3.53331
30
-9.25447
11
0.57701
21
3.42695
31
-9.15297
12
0.72438
22
3.41077
32
-9.13760
13
0.74566
23
3.51713
33
-9.23910
0
3DFACE
8
C1
10
0.57701
20
3.42695
30
-9.15297
11
0.55572
21
3.32069
31
-9.05138
12
0.70309
22
3.30452
32
-9.03601
13
0.72438
23
3.41077
33
-9.13760
0
3DFACE
8
C1
10
0.55572
20
3.32069
30
-9.05138
11
0.53444
21
3.21433
31
-8.94988
12
0.68181
22
3.19816
32
-8.93451
13
0.70309
23
3.30452
33
-9.03601
0
3DFACE
8
C1
10
0.53444
20
3.21433
30
-8.94988
11
0.51372
21
3.10347
31
-8.85243
12
0.66052
22
3.09191
32
-8.83292
13
0.68181
23
3.19816
33
-8.93451
0
3DFACE
8
C1
10
0.51372
20
3.10347
30
-8.85243
11
0.49287
21
2.99370
31
-8.75399
12
0.63980
22
2.98105
32
-8.73546
13
0.66052
23
3.09191
33
-8.83292
0
3DFACE
8
C1
10
0.49287
20
2.99370
30
-8.75399
11
0.47100
21
2.89207
31
-8.64825
12
0.61821
22
2.87721
32
-8.63170
13
0.63980
23
2.98105
33
-8.73546
0
3DFACE
8
C1
10
0.47100
20
2.89207
30
-8.64825
11
0.44772
21
2.80163
31
-8.53246
12
0.59514
22
2.78513
32
-8.51738
13
0.61821
23
2.87721
33
-8.63170
0
3DFACE
8
C1
10
0.44772
20
2.80163
30
-8.53246
11
0.42383
21
2.71615
31
-8.41223
12
0.57128
22
2.69943
32
-8.39735
13
0.59514
23
2.78513
33
-8.51738
0
3DFACE
8
C1
10
0.42383
20
2.71615
30
-8.41223
11
0.39988
21
2.63121
31
-8.29151
12
0.54794
22
2.60954
32
-8.28106
13
0.57128
23
2.69943
33
-8.39735
0
3DFACE
8
C1
10
0.39988
20
2.63121
30
-8.29151
11
0.37658
21
2.54100
31
-8.17551
12
0.52458
22
2.51977
32
-8.16468
13
0.54794
23
2.60954
33
-8.28106
0
3DFACE
8
C1
10
0.37658
20
2.54100
30
-8.17551
11
0.35482
21
2.43848
31
-8.07057
12
0.50263
22
2.41879
32
-8.05835
13
0.52458
23
2.51977
33
-8.16468
0
3DFACE
8
C1
10
0.35482
20
2.43848
30
-8.07057
11
0.33497
21
2.32069
31
-7.97933
12
0.48271
22
2.30156
32
-7.96662
13
0.50263
23
2.41879
33
-8.05835
0
3DFACE
8
C1
10
0.33497
20
2.32069
30
-7.97933
11
0.31624
21
2.19390
31
-7.89617
12
0.46414
22
2.17355
32
-7.88454
13
0.48271
23
2.30156
33
-7.96662
0
3DFACE
8
C1
10
0.31624
20
2.19390
30
-7.89617
11
0.29702
21
2.07106
31
-7.80946
12
0.44503
22
2.04984
32
-7.79863
13
0.46414
23
2.17355
33
-7.88454
0
3DFACE
8
C1
10
0.29702
20
2.07106
30
-7.80946
11
0.27731
21
1.95218
31
-7.71921
12
0.42544
22
1.92996
32
-7.70926
13
0.44503
23
2.04984
33
-7.79863
0
3DFACE
8
C1
10
0.27731
20
1.95218
30
-7.71921
11
0.25714
21
1.83692
31
-7.62570
12
0.40543
22
1.81349
32
-7.61683
13
0.42544
23
1.92996
33
-7.70926
0
3DFACE
8
C1
10
0.25714
20
1.83692
30
-7.62570
11
0.23663
21
1.72440
31
-7.52972
12
0.38508
22
1.69966
32
-7.52204
13
0.40543
23
1.81349
33
-7.61683
0
3DFACE
8
C1
10
0.23663
20
1.72440
30
-7.52972
11
0.21586
21
1.61398
31
-7.43187
12
0.36446
22
1.58803
32
-7.42528
13
0.38508
23
1.69966
33
-7.52204
0
3DFACE
8
C1
10
0.21586
20
1.61398
30
-7.43187
11
0.19535
21
1.50146
31
-7.33590
12
0.34401
22
1.47508
32
-7.32970
13
0.36446
23
1.58803
33
-7.42528
0
3DFACE
8
C1
10
0.19535
20
1.50146
30
-7.33590
11
0.17504
21
1.38741
31
-7.24130
12
0.32362
22
1.36157
32
-7.23461
13
0.34401
23
1.47508
33
-7.32970
0
3DFACE
8
C1
10
0.17504
20
1.38741
30
-7.24130
11
0.15479
21
1.27281
31
-7.14720
12
0.30317
22
1.24862
32
-7.13903
13
0.32362
23
1.36157
33
-7.23461
0
3DFACE
8
C1
10
0.15479
20
1.27281
30
-7.14720
11
0.13447
21
1.15876
31
-7.05261
12
0.28253
22
1.13710
32
-7.04217
13
0.30317
23
1.24862
33
-7.13903
0
3DFACE
8
C1
10
0.13447
20
1.15876
30
-7.05261
11
0.11394
21
1.04636
31
-6.95653
12
0.26173
22
1.02689
32
-6.94412
13
0.28253
23
1.13710
33
-7.04217
0
3DFACE
8
C1
10
0.11394
20
1.04636
30
-6.95653
11
0.09324
21
0.93538
31
-6.85918
12
0.24067
22
0.91877
32
-6.84420
13
0.26173
23
1.02689
33
-6.94412
0
3DFACE
8
C1
10
0.09324
20
0.93538
30
-6.85918
11
0.07222
21
0.82694
31
-6.75956
12
0.21928
22
0.81329
32
-6.74192
13
0.24067
23
0.91877
33
-6.84420
0
3DFACE
8
C1
10
0.07222
20
0.82694
30
-6.75956
11
0.05075
21
0.72211
31
-6.65668
12
0.19748
22
0.71111
32
-6.63667
13
0.21928
23
0.81329
33
-6.74192
0
3DFACE
8
C1
10
0.05075
20
0.72211
30
-6.65668
11
0.02879
21
0.62125
31
-6.55025
12
0.17527
22
0.61222
32
-6.52847
13
0.19748
23
0.71111
33
-6.63667
0
3DFACE
8
C1
10
0.02879
20
0.62125
30
-6.55025
11
0.00645
21
0.52334
31
-6.44116
12
0.15277
22
0.51563
32
-6.41820
13
0.17527
23
0.61222
33
-6.52847
0
3DFACE
8
C1
10
0.00645
20
0.52334
30
-6.44116
11
-0.01614
21
0.42742
31
-6.33030
12
0.13028
22
0.41894
32
-6.30803
13
0.15277
23
0.51563
33
-6.41820
0
3DFACE
8
C1
10
-0.01614
20
0.42742
30
-6.33030
11
-0.03865
21
0.33095
31
-6.21993
12
0.10800
22
0.32060
32
-6.19933
13
0.13028
23
0.41894
33
-6.30803
0
3DFACE
8
C1
10
-0.03865
20
0.33095
30
-6.21993
11
-0.06087
21
0.23206
31
-6.11173
12
0.08608
22
0.21929
32
-6.09330
13
0.10800
23
0.32060
33
-6.19933
0
3DFACE
8
C1
10
-0.06087
20
0.23206
30
-6.11173
11
-0.08265
21
0.12976
31
-6.00658
12
0.06454
22
0.11502
32
-5.98993
13
0.08608
23
0.21929
33
-6.09330
0
3DFACE
8
C1
10
-0.08265
20
0.12976
30
-6.00658
11
-0.10415
21
0.02516
31
-5.90351
12
0.04319
22
0.00921
32
-5.88794
13
0.06454
23
0.11502
33
-5.98993
0
3DFACE
8
C1
10
-0.10415
20
0.02516
30
-5.90351
11
-0.12564
21
-0.07956
31
-5.80053
12
0.02172
22
-0.09562
32
-5.78506
13
0.04319
23
0.00921
33
-5.88794
0
3DFACE
8
C1
10
-0.12564
20
-0.07956
30
-5.80053
11
-0.14728
21
-0.18306
31
-5.69647
12
0.00010
22
-0.19923
32
-5.68110
13
0.02172
23
-0.09562
33
-5.78506
0
3DFACE
8
C1
10
0.85263
20
4.04443
30
-9.75062
11
0.83099
21
3.94093
31
-9.64656
12
0.97836
22
3.92476
32
-9.63119
13
0.99999
23
4.02837
33
-9.73516
0
3DFACE
8
C1
10
0.83099
20
3.94093
30
-9.64656
11
0.80953
21
3.83600
31
-9.54379
12
0.95691
22
3.81983
32
-9.52842
13
0.97836
23
3.92476
33
-9.63119
0
3DFACE
8
C1
10
0.80953
20
3.83600
30
-9.54379
11
0.78824
21
3.72975
31
-9.44219
12
0.93561
22
3.71358
32
-9.42682
13
0.95691
23
3.81983
33
-9.52842
0
3DFACE
8
C1
10
0.78824
20
3.72975
30
-9.44219
11
0.76696
21
3.62339
31
-9.34069
12
0.91433
22
3.60721
32
-9.32532
13
0.93561
23
3.71358
33
-9.42682
0
3DFACE
8
C1
10
0.76696
20
3.62339
30
-9.34069
11
0.74566
21
3.51713
31
-9.23910
12
0.89304
22
3.50096
32
-9.22373
13
0.91433
23
3.60721
33
-9.32532
0
3DFACE
8
C1
10
0.74566
20
3.51713
30
-9.23910
11
0.72438
21
3.41077
31
-9.13760
12
0.87176
22
3.39460
32
-9.12223
13
0.89304
23
3.50096
33
-9.22373
0
3DFACE
8
C1
10
0.72438
20
3.41077
30
-9.13760
11
0.70309
21
3.30452
31
-9.03601
12
0.85047
22
3.28835
32
-9.02064
13
0.87176
23
3.39460
33
-9.12223
0
3DFACE
8
C1
10
0.70309
20
3.30452
30
-9.03601
11
0.68181
21
3.19816
31
-8.93451
12
0.82917
22
3.18210
32
-8.91904
13
0.85047
23
3.28835
33
-9.02064
0
3DFACE
8
C1
10
0.68181
20
3.19816
30
-8.93451
11
0.66052
21
3.09191
31
-8.83292
12
0.80790
22
3.07574
32
-8.81755
13
0.82917
23
3.18210
33
-8.91904
0
3DFACE
8
C1
10
0.66052
20
3.09191
30
-8.83292
11
0.63980
21
2.98105
31
-8.73546
12
0.78703
22
2.96608
32
-8.71901
13
0.80790
23
3.07574
33
-8.81755
0
3DFACE
8
C1
10
0.63980
20
2.98105
30
-8.73546
11
0.61821
21
2.87721
31
-8.63170
12
0.76572
22
2.85994
32
-8.61731
13
0.78703
23
2.96608
33
-8.71901
0
3DFACE
8
C1
10
0.61821
20
2.87721
30
-8.63170
11
0.59514
21
2.78513
31
-8.51738
12
0.74318
22
2.76369
32
-8.50675
13
0.76572
23
2.85994
33
-8.61731
0
3DFACE
8
C1
10
0.59514
20
2.78513
30
-8.51738
11
0.57128
21
2.69943
31
-8.39735
12
0.71931
22
2.67798
32
-8.38671
13
0.74318
23
2.76369
33
-8.50675
0
3DFACE
8
C1
10
0.57128
20
2.69943
30
-8.39735
11
0.54794
21
2.60954
31
-8.28106
12
0.69602
22
2.58777
32
-8.27072
13
0.71931
23
2.67798
33
-8.38671
0
3DFACE
8
C1
10
0.54794
20
2.60954
30
-8.28106
11
0.52458
21
2.51977
31
-8.16468
12
0.67288
22
2.49624
32
-8.15591
13
0.69602
23
2.58777
33
-8.27072
0
3DFACE
8
C1
10
0.52458
20
2.51977
30
-8.16468
11
0.50263
21
2.41879
31
-8.05835
12
0.65076
22
2.39658
32
-8.04840
13
0.67288
23
2.49624
33
-8.15591
0
3DFACE
8
C1
10
0.50263
20
2.41879
30
-8.05835
11
0.48271
21
2.30156
31
-7.96662
12
0.63047
22
2.28231
32
-7.95401
13
0.65076
23
2.39658
33
-8.04840
0
3DFACE
8
C1
10
0.48271
20
2.30156
30
-7.96662
11
0.46414
21
2.17355
31
-7.88454
12
0.61209
22
2.15277
32
-7.87331
13
0.63047
23
2.28231
33
-7.95401
0
3DFACE
8
C1
10
0.46414
20
2.17355
30
-7.88454
11
0.44503
21
2.04984
31
-7.79863
12
0.59316
22
2.02762
32
-7.78868
13
0.61209
23
2.15277
33
-7.87331
0
3DFACE
8
C1
10
0.44503
20
2.04984
30
-7.79863
11
0.42544
21
1.92996
31
-7.70926
12
0.57371
22
1.90665
32
-7.70030
13
0.59316
23
2.02762
33
-7.78868
0
3DFACE
8
C1
10
0.42544
20
1.92996
30
-7.70926
11
0.40543
21
1.81349
31
-7.61683
12
0.55386
22
1.78886
32
-7.60905
13
0.57371
23
1.90665
33
-7.70030
0
3DFACE
8
C1
10
0.40543
20
1.81349
30
-7.61683
11
0.38508
21
1.69966
31
-7.52204
12
0.53364
22
1.67404
32
-7.51515
13
0.55386
23
1.78886
33
-7.60905
0
3DFACE
8
C1
10
0.38508
20
1.69966
30
-7.52204
11
0.36446
21
1.58803
31
-7.42528
12
0.51301
22
1.56252
32
-7.41829
13
0.53364
23
1.67404
33
-7.51515
0
3DFACE
8
C1
10
0.36446
20
1.58803
30
-7.42528
11
0.34401
21
1.47508
31
-7.32970
12
0.49245
22
1.45034
32
-7.32202
13
0.51301
23
1.56252
33
-7.41829
0
3DFACE
8
C1
10
0.34401
20
1.47508
30
-7.32970
11
0.32362
21
1.36157
31
-7.23461
12
0.47185
22
1.33859
32
-7.22535
13
0.49245
23
1.45034
33
-7.32202
0
3DFACE
8
C1
10
0.32362
20
1.36157
30
-7.23461
11
0.30317
21
1.24862
31
-7.13903
12
0.45106
22
1.22828
32
-7.12740
13
0.47185
23
1.33859
33
-7.22535
0
3DFACE
8
C1
10
0.30317
20
1.24862
30
-7.13903
11
0.28253
21
1.13710
31
-7.04217
12
0.43013
22
1.11917
32
-7.02837
13
0.45106
23
1.22828
33
-7.12740
0
3DFACE
8
C1
10
0.28253
20
1.13710
30
-7.04217
11
0.26173
21
1.02689
31
-6.94412
12
0.40903
22
1.01138
32
-6.92816
13
0.43013
23
1.11917
33
-7.02837
0
3DFACE
8
C1
10
0.26173
20
1.02689
30
-6.94412
11
0.24067
21
0.91877
31
-6.84420
12
0.38766
22
0.90568
32
-6.82607
13
0.40903
23
1.01138
33
-6.92816
0
3DFACE
8
C1
10
0.24067
20
0.91877
30
-6.84420
11
0.21928
21
0.81329
31
-6.74192
12
0.36601
22
0.80228
32
-6.72191
13
0.38766
23
0.90568
33
-6.82607
0
3DFACE
8
C1
10
0.21928
20
0.81329
30
-6.74192
11
0.19748
21
0.71111
31
-6.63667
12
0.34399
22
0.70186
32
-6.61509
13
0.36601
23
0.80228
33
-6.72191
0
3DFACE
8
C1
10
0.19748
20
0.71111
30
-6.63667
11
0.17527
21
0.61222
31
-6.52847
12
0.32164
22
0.60406
32
-6.50590
13
0.34399
23
0.70186
33
-6.61509
0
3DFACE
8
C1
10
0.17527
20
0.61222
30
-6.52847
11
0.15277
21
0.51563
31
-6.41820
12
0.29918
22
0.50715
32
-6.39593
13
0.32164
23
0.60406
33
-6.50590
0
3DFACE
8
C1
10
0.15277
20
0.51563
30
-6.41820
11
0.13028
21
0.41894
31
-6.30803
12
0.27688
22
0.40892
32
-6.28713
13
0.29918
23
0.50715
33
-6.39593
0
3DFACE
8
C1
10
0.13028
20
0.41894
30
-6.30803
11
0.10800
21
0.32060
31
-6.19933
12
0.25486
22
0.30849
32
-6.18031
13
0.27688
23
0.40892
33
-6.28713
0
3DFACE
8
C1
10
0.10800
20
0.32060
30
-6.19933
11
0.08608
21
0.21929
31
-6.09330
12
0.23323
22
0.20499
32
-6.07625
13
0.25486
23
0.30849
33
-6.18031
0
3DFACE
8
C1
10
0.08608
20
0.21929
30
-6.09330
11
0.06454
21
0.11502
31
-5.98993
12
0.21185
22
0.09939
32
-5.97407
13
0.23323
23
0.20499
33
-6.07625
0
3DFACE
8
C1
10
0.06454
20
0.11502
30
-5.98993
11
0.04319
21
0.00921
31
-5.88794
12
0.19056
22
-0.00686
32
-5.87247
13
0.21185
23
0.09939
33
-5.97407
0
3DFACE
8
C1
10
0.04319
20
0.00921
30
-5.88794
11
0.02172
21
-0.09562
31
-5.78506
12
0.16910
22
-0.11179
32
-5.76969
13
0.19056
23
-0.00686
33
-5.87247
0
3DFACE
8
C1
10
0.02172
20
-0.09562
30
-5.78506
11
0.00010
21
-0.19923
31
-5.68110
12
0.14748
22
-0.21540
32
-5.66573
13
0.16910
23
-0.11179
33
-5.76969
0
3DFACE
8
C1
10
0.99999
20
4.02837
30
-9.73516
11
0.97836
21
3.92476
31
-9.63119
12
1.12574
22
3.90859
32
-9.61582
13
1.14736
23
4.01220
33
-9.71978
0
3DFACE
8
C1
10
0.97836
20
3.92476
30
-9.63119
11
0.95691
21
3.81983
31
-9.52842
12
1.10428
22
3.80366
32
-9.51304
13
1.12574
23
3.90859
33
-9.61582
0
3DFACE
8
C1
10
0.95691
20
3.81983
30
-9.52842
11
0.93561
21
3.71358
31
-9.42682
12
1.08299
22
3.69740
32
-9.41145
13
1.10428
23
3.80366
33
-9.51304
0
3DFACE
8
C1
10
0.93561
20
3.71358
30
-9.42682
11
0.91433
21
3.60721
31
-9.32532
12
1.06171
22
3.59104
32
-9.30995
13
1.08299
23
3.69740
33
-9.41145
0
3DFACE
8
C1
10
0.91433
20
3.60721
30
-9.32532
11
0.89304
21
3.50096
31
-9.22373
12
1.04042
22
3.48479
32
-9.20836
13
1.06171
23
3.59104
33
-9.30995
0
3DFACE
8
C1
10
0.89304
20
3.50096
30
-9.22373
11
0.87176
21
3.39460
31
-9.12223
12
1.01912
22
3.37854
32
-9.10676
13
1.04042
23
3.48479
33
-9.20836
0
3DFACE
8
C1
10
0.87176
20
3.39460
30
-9.12223
11
0.85047
21
3.28835
31
-9.02064
12
0.99784
22
3.27218
32
-9.00527
13
1.01912
23
3.37854
33
-9.10676
0
3DFACE
8
C1
10
0.85047
20
3.28835
30
-9.02064
11
0.82917
21
3.18210
31
-8.91904
12
0.97655
22
3.16593
32
-8.90367
13
0.99784
23
3.27218
33
-9.00527
0
3DFACE
8
C1
10
0.82917
20
3.18210
30
-8.91904
11
0.80790
21
3.07574
31
-8.81755
12
0.95527
22
3.05957
32
-8.80217
13
0.97655
23
3.16593
33
-8.90367
0
3DFACE
8
C1
10
0.80790
20
3.07574
30
-8.81755
11
0.78703
21
2.96608
31
-8.71901
12
0.93398
22
2.95332
32
-8.70058
13
0.95527
23
3.05957
33
-8.80217
0
3DFACE
8
C1
10
0.78703
20
2.96608
30
-8.71901
11
0.76572
21
2.85994
31
-8.61731
12
0.91295
22
2.84498
32
-8.60086
13
0.93398
23
2.95332
33
-8.70058
0
3DFACE
8
C1
10
0.76572
20
2.85994
30
-8.61731
11
0.74318
21
2.76369
31
-8.50675
12
0.89120
22
2.74235
32
-8.49601
13
0.91295
23
2.84498
33
-8.60086
0
3DFACE
8
C1
10
0.74318
20
2.76369
30
-8.50675
11
0.71931
21
2.67798
31
-8.38671
12
0.86749
22
2.65544
32
-8.37706
13
0.89120
23
2.74235
33
-8.49601
0
3DFACE
8
C1
10
0.71931
20
2.67798
30
-8.38671
11
0.69602
21
2.58777
31
-8.27072
12
0.84420
22
2.56512
32
-8.26117
13
0.86749
23
2.65544
33
-8.37706
0
3DFACE
8
C1
10
0.69602
20
2.58777
30
-8.27072
11
0.67288
21
2.49624
31
-8.15591
12
0.82156
22
2.46963
32
-8.14991
13
0.84420
23
2.56512
33
-8.26117
0
3DFACE
8
C1
10
0.67288
20
2.49624
30
-8.15591
11
0.65076
21
2.39658
31
-8.04840
12
0.79929
22
2.37118
32
-8.04131
13
0.82156
23
2.46963
33
-8.14991
0
3DFACE
8
C1
10
0.65076
20
2.39658
30
-8.04840
11
0.63047
21
2.28231
31
-7.95401
12
0.77836
22
2.26207
32
-7.94228
13
0.79929
23
2.37118
33
-8.04131
0
3DFACE
8
C1
10
0.63047
20
2.28231
30
-7.95401
11
0.61209
21
2.15277
31
-7.87331
12
0.76002
22
2.13220
32
-7.86189
13
0.77836
23
2.26207
33
-7.94228
0
3DFACE
8
C1
10
0.61209
20
2.15277
30
-7.87331
11
0.59316
21
2.02762
31
-7.78868
12
0.74127
22
2.00563
32
-7.77853
13
0.76002
23
2.13220
33
-7.86189
0
3DFACE
8
C1
10
0.59316
20
2.02762
30
-7.78868
11
0.57371
21
1.90665
31
-7.70030
12
0.72199
22
1.88323
32
-7.69143
13
0.74127
23
2.00563
33
-7.77853
0
3DFACE
8
C1
10
0.57371
20
1.90665
30
-7.70030
11
0.55386
21
1.78886
31
-7.60905
12
0.70227
22
1.76445
32
-7.60108
13
0.72199
23
1.88323
33
-7.69143
0
3DFACE
8
C1
10
0.55386
20
1.78886
30
-7.60905
11
0.53364
21
1.67404
31
-7.51515
12
0.68205
22
1.64963
32
-7.50717
13
0.70227
23
1.76445
33
-7.60108
0
3DFACE
8
C1
10
0.53364
20
1.67404
30
-7.51515
11
0.51301
21
1.56252
31
-7.41829
12
0.66130
22
1.53899
32
-7.40952
13
0.68205
23
1.64963
33
-7.50717
0
3DFACE
8
C1
10
0.51301
20
1.56252
30
-7.41829
11
0.49245
21
1.45034
31
-7.32202
12
0.64053
22
1.42856
32
-7.31167
13
0.66130
23
1.53899
33
-7.40952
0
3DFACE
8
C1
10
0.49245
20
1.45034
30
-7.32202
11
0.47185
21
1.33859
31
-7.22535
12
0.61957
22
1.31967
32
-7.21244
13
0.64053
23
1.42856
33
-7.31167
0
3DFACE
8
C1
10
0.47185
20
1.33859
30
-7.22535
11
0.45106
21
1.22828
31
-7.12740
12
0.59847
22
1.21189
32
-7.11223
13
0.61957
23
1.31967
33
-7.21244
0
3DFACE
8
C1
10
0.45106
20
1.22828
30
-7.12740
11
0.43013
21
1.11917
31
-7.02837
12
0.57728
22
1.10476
32
-7.01142
13
0.59847
23
1.21189
33
-7.11223
0
3DFACE
8
C1
10
0.43013
20
1.11917
30
-7.02837
11
0.40903
21
1.01138
31
-6.92816
12
0.55596
22
0.99872
32
-6.90963
13
0.57728
23
1.10476
33
-7.01142
0
3DFACE
8
C1
10
0.40903
20
1.01138
30
-6.92816
11
0.38766
21
0.90568
31
-6.82607
12
0.53441
22
0.89456
32
-6.80616
13
0.55596
23
0.99872
33
-6.90963
0
3DFACE
8
C1
10
0.38766
20
0.90568
30
-6.82607
11
0.36601
21
0.80228
31
-6.72191
12
0.51255
22
0.79281
32
-6.70053
13
0.53441
23
0.89456
33
-6.80616
0
3DFACE
8
C1
10
0.36601
20
0.80228
30
-6.72191
11
0.34399
21
0.70186
31
-6.61509
12
0.49042
22
0.69326
32
-6.59292
13
0.51255
23
0.79281
33
-6.70053
0
3DFACE
8
C1
10
0.34399
20
0.70186
30
-6.61509
11
0.32164
21
0.60406
31
-6.50590
12
0.46806
22
0.59558
32
-6.48363
13
0.49042
23
0.69326
33
-6.59292
0
3DFACE
8
C1
10
0.32164
20
0.60406
30
-6.50590
11
0.29918
21
0.50715
31
-6.39593
12
0.44575
22
0.49746
32
-6.37474
13
0.46806
23
0.59558
33
-6.48363
0
3DFACE
8
C1
10
0.29918
20
0.50715
30
-6.39593
11
0.27688
21
0.40892
31
-6.28713
12
0.42367
22
0.39747
32
-6.26752
13
0.44575
23
0.49746
33
-6.37474
0
3DFACE
8
C1
10
0.27688
20
0.40892
30
-6.28713
11
0.25486
21
0.30849
31
-6.18031
12
0.40195
22
0.29463
32
-6.16287
13
0.42367
23
0.39747
33
-6.26752
0
3DFACE
8
C1
10
0.25486
20
0.30849
30
-6.18031
11
0.23323
21
0.20499
31
-6.07625
12
0.38051
22
0.18958
32
-6.06019
13
0.40195
23
0.29463
33
-6.16287
0
3DFACE
8
C1
10
0.23323
20
0.20499
30
-6.07625
11
0.21185
21
0.09939
31
-5.97407
12
0.35923
22
0.08322
32
-5.95869
13
0.38051
23
0.18958
33
-6.06019
0
3DFACE
8
C1
10
0.21185
20
0.09939
30
-5.97407
11
0.19056
21
-0.00686
31
-5.87247
12
0.33793
22
-0.02303
32
-5.85710
13
0.35923
23
0.08322
33
-5.95869
0
3DFACE
8
C1
10
0.19056
20
-0.00686
30
-5.87247
11
0.16910
21
-0.11179
31
-5.76969
12
0.31648
22
-0.12796
32
-5.75432
13
0.33793
23
-0.02303
33
-5.85710
0
3DFACE
8
C1
10
0.16910
20
-0.11179
30
-5.76969
11
0.14748
21
-0.21540
31
-5.66573
12
0.29485
22
-0.23157
32
-5.65036
13
0.31648
23
-0.12796
33
-5.75432
0
3DFACE
8
C1
10
1.14736
20
4.01220
30
-9.71978
11
1.12574
21
3.90859
31
-9.61582
12
1.27312
22
3.89242
32
-9.60045
13
1.29474
23
3.99603
33
-9.70441
0
3DFACE
8
C1
10
1.12574
20
3.90859
30
-9.61582
11
1.10428
21
3.80366
31
-9.51304
12
1.25166
22
3.78748
32
-9.49767
13
1.27312
23
3.89242
33
-9.60045
0
3DFACE
8
C1
10
1.10428
20
3.80366
30
-9.51304
11
1.08299
21
3.69740
31
-9.41145
12
1.23037
22
3.68123
32
-9.39608
13
1.25166
23
3.78748
33
-9.49767
0
3DFACE
8
C1
10
1.08299
20
3.69740
30
-9.41145
11
1.06171
21
3.59104
31
-9.30995
12
1.20907
22
3.57498
32
-9.29448
13
1.23037
23
3.68123
33
-9.39608
0
3DFACE
8
C1
10
1.06171
20
3.59104
30
-9.30995
11
1.04042
21
3.48479
31
-9.20836
12
1.18779
22
3.46862
32
-9.19299
13
1.20907
23
3.57498
33
-9.29448
0
3DFACE
8
C1
10
1.04042
20
3.48479
30
-9.20836
11
1.01912
21
3.37854
31
-9.10676
12
1.16650
22
3.36237
32
-9.09139
13
1.18779
23
3.46862
33
-9.19299
0
3DFACE
8
C1
10
1.01912
20
3.37854
30
-9.10676
11
0.99784
21
3.27218
31
-9.00527
12
1.14522
22
3.25601
32
-8.98989
13
1.16650
23
3.36237
33
-9.09139
0
3DFACE
8
C1
10
0.99784
20
3.27218
30
-9.00527
11
0.97655
21
3.16593
31
-8.90367
12
1.12393
22
3.14976
32
-8.88830
13
1.14522
23
3.25601
33
-8.98989
0
3DFACE
8
C1
10
0.97655
20
3.16593
30
-8.90367
11
0.95527
21
3.05957
31
-8.80217
12
1.10265
22
3.04340
32
-8.78680
13
1.12393
23
3.14976
33
-8.88830
0
3DFACE
8
C1
10
0.95527
20
3.05957
30
-8.80217
11
0.93398
21
2.95332
31
-8.70058
12
1.08135
22
2.93715
32
-8.68521
13
1.10265
23
3.04340
33
-8.78680
0
3DFACE
8
C1
10
0.93398
20
2.95332
30
-8.70058
11
0.91295
21
2.84498
31
-8.60086
12
1.06034
22
2.82870
32
-8.58558
13
1.08135
23
2.93715
33
-8.68521
0
3DFACE
8
C1
10
0.91295
20
2.84498
30
-8.60086
11
0.89120
21
2.74235
31
-8.49601
12
1.03897
22
2.72300
32
-8.48350
13
1.06034
23
2.82870
33
-8.58558
0
3DFACE
8
C1
10
0.89120
20
2.74235
30
-8.49601
11
0.86749
21
2.65544
31
-8.37706
12
1.01576
22
2.63213
32
-8.36810
13
1.03897
23
2.72300
33
-8.48350
0
3DFACE
8
C1
10
0.86749
20
2.65544
30
-8.37706
11
0.84420
21
2.56512
31
-8.26117
12
0.99246
22
2.54191
32
-8.25211
13
1.01576
23
2.63213
33
-8.36810
0
3DFACE
8
C1
10
0.84420
20
2.56512
30
-8.26117
11
0.82156
21
2.46963
31
-8.14991
12
0.96987
22
2.44599
32
-8.14124
13
0.99246
23
2.54191
33
-8.25211
0
3DFACE
8
C1
10
0.82156
20
2.46963
30
-8.14991
11
0.79929
21
2.37118
31
-8.04131
12
0.94771
22
2.34666
32
-8.03344
13
0.96987
23
2.44599
33
-8.14124
0
3DFACE
8
C1
10
0.79929
20
2.37118
30
-8.04131
11
0.77836
21
2.26207
31
-7.94228
12
0.92657
22
2.23920
32
-7.93293
13
0.94771
23
2.34666
33
-8.03344
0
3DFACE
8
C1
10
0.77836
20
2.26207
30
-7.94228
11
0.76002
21
2.13220
31
-7.86189
12
0.90793
22
2.11175
32
-7.85036
13
0.92657
23
2.23920
33
-7.93293
0
3DFACE
8
C1
10
0.76002
20
2.13220
30
-7.86189
11
0.74127
21
2.00563
31
-7.77853
12
0.88943
22
1.98320
32
-7.76878
13
0.90793
23
2.11175
33
-7.85036
0
3DFACE
8
C1
10
0.74127
20
2.00563
30
-7.77853
11
0.72199
21
1.88323
31
-7.69143
12
0.87029
22
1.85970
32
-7.68267
13
0.88943
23
1.98320
33
-7.76878
0
3DFACE
8
C1
10
0.72199
20
1.88323
30
-7.69143
11
0.70227
21
1.76445
31
-7.60108
12
0.85056
22
1.74092
32
-7.59231
13
0.87029
23
1.85970
33
-7.68267
0
3DFACE
8
C1
10
0.70227
20
1.76445
30
-7.60108
11
0.68205
21
1.64963
31
-7.50717
12
0.83022
22
1.62709
32
-7.49752
13
0.85056
23
1.74092
33
-7.59231
0
3DFACE
8
C1
10
0.68205
20
1.64963
30
-7.50717
11
0.66130
21
1.53899
31
-7.40952
12
0.80923
22
1.51842
32
-7.39809
13
0.83022
23
1.62709
33
-7.49752
0
3DFACE
8
C1
10
0.66130
20
1.53899
30
-7.40952
11
0.64053
21
1.42856
31
-7.31167
12
0.78809
22
1.41096
32
-7.29758
13
0.80923
23
1.51842
33
-7.39809
0
3DFACE
8
C1
10
0.64053
20
1.42856
30
-7.31167
11
0.61957
21
1.31967
31
-7.21244
12
0.76681
22
1.30460
32
-7.19609
13
0.78809
23
1.41096
33
-7.29758
0
3DFACE
8
C1
10
0.61957
20
1.31967
30
-7.21244
11
0.59847
21
1.21189
31
-7.11223
12
0.74553
22
1.19824
32
-7.09459
13
0.76681
23
1.30460
33
-7.19609
0
3DFACE
8
C1
10
0.59847
20
1.21189
30
-7.11223
11
0.57728
21
1.10476
31
-7.01142
12
0.72421
22
1.09221
32
-6.99280
13
0.74553
23
1.19824
33
-7.09459
0
3DFACE
8
C1
10
0.57728
20
1.10476
30
-7.01142
11
0.55596
21
0.99872
31
-6.90963
12
0.70276
22
0.98717
32
-6.89012
13
0.72421
23
1.09221
33
-6.99280
0
3DFACE
8
C1
10
0.55596
20
0.99872
30
-6.90963
11
0.53441
21
0.89456
31
-6.80616
12
0.68107
22
0.88410
32
-6.78566
13
0.70276
23
0.98717
33
-6.89012
0
3DFACE
8
C1
10
0.53441
20
0.89456
30
-6.80616
11
0.51255
21
0.79281
31
-6.70053
12
0.65913
22
0.78302
32
-6.67944
13
0.68107
23
0.88410
33
-6.78566
0
3DFACE
8
C1
10
0.51255
20
0.79281
30
-6.70053
11
0.49042
21
0.69326
31
-6.59292
12
0.63692
22
0.68412
32
-6.57123
13
0.65913
23
0.78302
33
-6.67944
0
3DFACE
8
C1
10
0.49042
20
0.69326
30
-6.59292
11
0.46806
21
0.59558
31
-6.48363
12
0.61465
22
0.58567
32
-6.46264
13
0.63692
23
0.68412
33
-6.57123
0
3DFACE
8
C1
10
0.46806
20
0.59558
30
-6.48363
11
0.44575
21
0.49746
31
-6.37474
12
0.59252
22
0.48612
32
-6.35503
13
0.61465
23
0.58567
33
-6.46264
0
3DFACE
8
C1
10
0.44575
20
0.49746
30
-6.37474
11
0.42367
21
0.39747
31
-6.26752
12
0.57072
22
0.38394
32
-6.24979
13
0.59252
23
0.48612
33
-6.35503
0
3DFACE
8
C1
10
0.42367
20
0.39747
30
-6.26752
11
0.40195
21
0.29463
31
-6.16287
12
0.54922
22
0.27933
32
-6.14671
13
0.57072
23
0.38394
33
-6.24979
0
3DFACE
8
C1
10
0.40195
20
0.29463
30
-6.16287
11
0.38051
21
0.18958
31
-6.06019
12
0.52788
22
0.17341
32
-6.04482
13
0.54922
23
0.27933
33
-6.14671
0
3DFACE
8
C1
10
0.38051
20
0.18958
30
-6.06019
11
0.35923
21
0.08322
31
-5.95869
12
0.50660
22
0.06705
32
-5.94332
13
0.52788
23
0.17341
33
-6.04482
0
3DFACE
8
C1
10
0.35923
20
0.08322
30
-5.95869
11
0.33793
21
-0.02303
31
-5.85710
12
0.48531
22
-0.03920
32
-5.84173
13
0.50660
23
0.06705
33
-5.94332
0
3DFACE
8
C1
10
0.33793
20
-0.02303
30
-5.85710
11
0.31648
21
-0.12796
31
-5.75432
12
0.46385
22
-0.14413
32
-5.73895
13
0.48531
23
-0.03920
33
-5.84173
0
3DFACE
8
C1
10
0.31648
20
-0.12796
30
-5.75432
11
0.29485
21
-0.23157
31
-5.65036
12
0.44221
22
-0.24764
32
-5.63489
13
0.46385
23
-0.14413
33
-5.73895
0
3DFACE
8
C1
10
1.29474
20
3.99603
30
-9.70441
11
1.27312
21
3.89242
31
-9.60045
12
1.42048
22
3.87636
32
-9.58498
13
1.44212
23
3.97986
33
-9.68904
0
3DFACE
8
C1
10
1.27312
20
3.89242
30
-9.60045
11
1.25166
21
3.78748
31
-9.49767
12
1.39902
22
3.77142
32
-9.48220
13
1.42048
23
3.87636
33
-9.58498
0
3DFACE
8
C1
10
1.25166
20
3.78748
30
-9.49767
11
1.23037
21
3.68123
31
-9.39608
12
1.37774
22
3.66506
32
-9.38071
13
1.39902
23
3.77142
33
-9.48220
0
3DFACE
8
C1
10
1.23037
20
3.68123
30
-9.39608
11
1.20907
21
3.57498
31
-9.29448
12
1.35645
22
3.55881
32
-9.27911
13
1.37774
23
3.66506
33
-9.38071
0
3DFACE
8
C1
10
1.20907
20
3.57498
30
-9.29448
11
1.18779
21
3.46862
31
-9.19299
12
1.33517
22
3.45245
32
-9.17762
13
1.35645
23
3.55881
33
-9.27911
0
3DFACE
8
C1
10
1.18779
20
3.46862
30
-9.19299
11
1.16650
21
3.36237
31
-9.09139
12
1.31388
22
3.34620
32
-9.07602
13
1.33517
23
3.45245
33
-9.17762
0
3DFACE
8
C1
10
1.16650
20
3.36237
30
-9.09139
11
1.14522
21
3.25601
31
-8.98989
12
1.29260
22
3.23984
32
-8.97452
13
1.31388
23
3.34620
33
-9.07602
0
3DFACE
8
C1
10
1.14522
20
3.25601
30
-8.98989
11
1.12393
21
3.14976
31
-8.88830
12
1.27130
22
3.13359
32
-8.87293
13
1.29260
23
3.23984
33
-8.97452
0
3DFACE
8
C1
10
1.12393
20
3.14976
30
-8.88830
11
1.10265
21
3.04340
31
-8.78680
12
1.25001
22
3.02734
32
-8.77133
13
1.27130
23
3.13359
33
-8.87293
0
3DFACE
8
C1
10
1.10265
20
3.04340
30
-8.78680
11
1.08135
21
2.93715
31
-8.68521
12
1.22873
22
2.92098
32
-8.66984
13
1.25001
23
3.02734
33
-8.77133
0
3DFACE
8
C1
10
1.08135
20
2.93715
30
-8.68521
11
1.06034
21
2.82870
31
-8.58558
12
1.20744
22
2.81473
32
-8.56824
13
1.22873
23
2.92098
33
-8.66984
0
3DFACE
8
C1
10
1.06034
20
2.82870
30
-8.58558
11
1.03897
21
2.72300
31
-8.48350
12
1.18649
22
2.70573
32
-8.46911
13
1.20744
23
2.81473
33
-8.56824
0
3DFACE
8
C1
10
1.03897
20
2.72300
30
-8.48350
11
1.01576
21
2.63213
31
-8.36810
12
1.16404
22
2.60870
32
-8.35923
13
1.18649
23
2.70573
33
-8.46911
0
3DFACE
8
C1
10
1.01576
20
2.63213
30
-8.36810
11
0.99246
21
2.54191
31
-8.25211
12
1.14075
22
2.51838
32
-8.24334
13
1.16404
23
2.60870
33
-8.35923
0
3DFACE
8
C1
10
0.99246
20
2.54191
30
-8.25211
11
0.96987
21
2.44599
31
-8.14124
12
1.11817
22
2.42246
32
-8.13248
13
1.14075
23
2.51838
33
-8.24334
0
3DFACE
8
C1
10
0.96987
20
2.44599
30
-8.14124
11
0.94771
21
2.34666
31
-8.03344
12
1.09633
22
2.32060
32
-8.02694
13
1.11817
23
2.42246
33
-8.13248
0
3DFACE
8
C1
10
0.94771
20
2.34666
30
-8.03344
11
0.92657
21
2.23920
31
-7.93293
12
1.07490
22
2.21545
32
-7.92436
13
1.09633
23
2.32060
33
-8.02694
0
3DFACE
8
C1
10
0.92657
20
2.23920
30
-7.93293
11
0.90793
21
2.11175
31
-7.85036
12
1.05566
22
2.09272
32
-7.83755
13
1.07490
23
2.21545
33
-7.92436
0
3DFACE
8
C1
10
0.90793
20
2.11175
30
-7.85036
11
0.88943
21
1.98320
31
-7.76878
12
1.03727
22
1.96329
32
-7.75676
13
1.05566
23
2.09272
33
-7.83755
0
3DFACE
8
C1
10
0.88943
20
1.98320
30
-7.76878
11
0.87029
21
1.85970
31
-7.68267
12
1.01823
22
1.83902
32
-7.67134
13
1.03727
23
1.96329
33
-7.75676
0
3DFACE
8
C1
10
0.87029
20
1.85970
30
-7.68267
11
0.85056
21
1.74092
31
-7.59231
12
0.99846
22
1.72058
32
-7.58069
13
1.01823
23
1.83902
33
-7.67134
0
3DFACE
8
C1
10
0.85056
20
1.74092
30
-7.59231
11
0.83022
21
1.62709
31
-7.49752
12
0.97794
22
1.60817
32
-7.48461
13
0.99846
23
1.72058
33
-7.58069
0
3DFACE
8
C1
10
0.83022
20
1.62709
30
-7.49752
11
0.80923
21
1.51842
31
-7.39809
12
0.95658
22
1.50247
32
-7.38253
13
0.97794
23
1.60817
33
-7.48461
0
3DFACE
8
C1
10
0.80923
20
1.51842
30
-7.39809
11
0.78809
21
1.41096
31
-7.29758
12
0.93513
22
1.39743
32
-7.27985
13
0.95658
23
1.50247
33
-7.38253
0
3DFACE
8
C1
10
0.78809
20
1.41096
30
-7.29758
11
0.76681
21
1.30460
31
-7.19609
12
0.91370
22
1.29228
32
-7.17727
13
0.93513
23
1.39743
33
-7.27985
0
3DFACE
8
C1
10
0.76681
20
1.30460
30
-7.19609
11
0.74553
21
1.19824
31
-7.09459
12
0.89235
22
1.18646
32
-7.07528
13
0.91370
23
1.29228
33
-7.17727
0
3DFACE
8
C1
10
0.74553
20
1.19824
30
-7.09459
11
0.72421
21
1.09221
31
-6.99280
12
0.87099
22
1.08076
32
-6.97319
13
0.89235
23
1.18646
33
-7.07528
0
3DFACE
8
C1
10
0.72421
20
1.09221
30
-6.99280
11
0.70276
21
0.98717
31
-6.89012
12
0.84951
22
0.97605
32
-6.87021
13
0.87099
23
1.08076
33
-6.97319
0
3DFACE
8
C1
10
0.70276
20
0.98717
30
-6.89012
11
0.68107
21
0.88410
31
-6.78566
12
0.82773
22
0.87364
32
-6.76517
13
0.84951
23
0.97605
33
-6.87021
0
3DFACE
8
C1
10
0.68107
20
0.88410
30
-6.78566
11
0.65913
21
0.78302
31
-6.67944
12
0.80572
22
0.77311
32
-6.65844
13
0.82773
23
0.87364
33
-6.76517
0
3DFACE
8
C1
10
0.65913
20
0.78302
30
-6.67944
11
0.63692
21
0.68412
31
-6.57123
12
0.78352
22
0.67411
32
-6.55034
13
0.80572
23
0.77311
33
-6.65844
0
3DFACE
8
C1
10
0.63692
20
0.68412
30
-6.57123
11
0.61465
21
0.58567
31
-6.46264
12
0.76138
22
0.57467
32
-6.44263
13
0.78352
23
0.67411
33
-6.55034
0
3DFACE
8
C1
10
0.61465
20
0.58567
30
-6.46264
11
0.59252
21
0.48612
31
-6.35503
12
0.73945
22
0.47347
32
-6.33650
13
0.76138
23
0.57467
33
-6.44263
0
3DFACE
8
C1
10
0.59252
20
0.48612
30
-6.35503
11
0.57072
21
0.38394
31
-6.24979
12
0.71790
22
0.36930
32
-6.23303
13
0.73945
23
0.47347
33
-6.33650
0
3DFACE
8
C1
10
0.57072
20
0.38394
30
-6.24979
11
0.54922
21
0.27933
31
-6.14671
12
0.69655
22
0.26349
32
-6.13104
13
0.71790
23
0.36930
33
-6.23303
0
3DFACE
8
C1
10
0.54922
20
0.27933
30
-6.14671
11
0.52788
21
0.17341
31
-6.04482
12
0.67526
22
0.15724
32
-6.02945
13
0.69655
23
0.26349
33
-6.13104
0
3DFACE
8
C1
10
0.52788
20
0.17341
30
-6.04482
11
0.50660
21
0.06705
31
-5.94332
12
0.65396
22
0.05099
32
-5.92785
13
0.67526
23
0.15724
33
-6.02945
0
3DFACE
8
C1
10
0.50660
20
0.06705
30
-5.94332
11
0.48531
21
-0.03920
31
-5.84173
12
0.63269
22
-0.05537
32
-5.82636
13
0.65396
23
0.05099
33
-5.92785
0
3DFACE
8
C1
10
0.48531
20
-0.03920
30
-5.84173
11
0.46385
21
-0.14413
31
-5.73895
12
0.61123
22
-0.16030
32
-5.72358
13
0.63269
23
-0.05537
33
-5.82636
0
3DFACE
8
C1
10
0.46385
20
-0.14413
30
-5.73895
11
0.44221
21
-0.24764
31
-5.63489
12
0.58959
22
-0.26381
32
-5.61952
13
0.61123
23
-0.16030
33
-5.72358
0
3DFACE
8
C1
10
1.44212
20
3.97986
30
-9.68904
11
1.42048
21
3.87636
31
-9.58498
12
1.56785
22
3.86018
32
-9.56961
13
1.58949
23
3.96369
33
-9.67367
0
3DFACE
8
C1
10
1.42048
20
3.87636
30
-9.58498
11
1.39902
21
3.77142
31
-9.48220
12
1.54640
22
3.75525
32
-9.46683
13
1.56785
23
3.86018
33
-9.56961
0
3DFACE
8
C1
10
1.39902
20
3.77142
30
-9.48220
11
1.37774
21
3.66506
31
-9.38071
12
1.52512
22
3.64889
32
-9.36534
13
1.54640
23
3.75525
33
-9.46683
0
3DFACE
8
C1
10
1.37774
20
3.66506
30
-9.38071
11
1.35645
21
3.55881
31
-9.27911
12
1.50382
22
3.54264
32
-9.26374
13
1.52512
23
3.64889
33
-9.36534
0
3DFACE
8
C1
10
1.35645
20
3.55881
30
-9.27911
11
1.33517
21
3.45245
31
-9.17762
12
1.48254
22
3.43628
32
-9.16224
13
1.50382
23
3.54264
33
-9.26374
0
3DFACE
8
C1
10
1.33517
20
3.45245
30
-9.17762
11
1.31388
21
3.34620
31
-9.07602
12
1.46125
22
3.33003
32
-9.06065
13
1.48254
23
3.43628
33
-9.16224
0
3DFACE
8
C1
10
1.31388
20
3.34620
30
-9.07602
11
1.29260
21
3.23984
31
-8.97452
12
1.43996
22
3.22378
32
-8.95905
13
1.46125
23
3.33003
33
-9.06065
0
3DFACE
8
C1
10
1.29260
20
3.23984
30
-8.97452
11
1.27130
21
3.13359
31
-8.87293
12
1.41868
22
3.11742
32
-8.85756
13
1.43996
23
3.22378
33
-8.95905
0
3DFACE
8
C1
10
1.27130
20
3.13359
30
-8.87293
11
1.25001
21
3.02734
31
-8.77133
12
1.39739
22
3.01117
32
-8.75596
13
1.41868
23
3.11742
33
-8.85756
0
3DFACE
8
C1
10
1.25001
20
3.02734
30
-8.77133
11
1.22873
21
2.92098
31
-8.66984
12
1.37611
22
2.90480
32
-8.65447
13
1.39739
23
3.01117
33
-8.75596
0
3DFACE
8
C1
10
1.22873
20
2.92098
30
-8.66984
11
1.20744
21
2.81473
31
-8.56824
12
1.35481
22
2.79855
32
-8.55287
13
1.37611
23
2.90480
33
-8.65447
0
3DFACE
8
C1
10
1.20744
20
2.81473
30
-8.56824
11
1.18649
21
2.70573
31
-8.46911
12
1.33403
22
2.68824
32
-8.45492
13
1.35481
23
2.79855
33
-8.55287
0
3DFACE
8
C1
10
1.18649
20
2.70573
30
-8.46911
11
1.16404
21
2.60870
31
-8.35923
12
1.31209
22
2.58715
32
-8.34869
13
1.33403
23
2.68824
33
-8.45492
0
3DFACE
8
C1
10
1.16404
20
2.60870
30
-8.35923
11
1.14075
21
2.51838
31
-8.24334
12
1.28900
22
2.49529
32
-8.23418
13
1.31209
23
2.58715
33
-8.34869
0
3DFACE
8
C1
10
1.14075
20
2.51838
30
-8.24334
11
1.11817
21
2.42246
31
-8.13248
12
1.26631
22
2.40014
32
-8.12263
13
1.28900
23
2.49529
33
-8.23418
0
3DFACE
8
C1
10
1.11817
20
2.42246
30
-8.13248
11
1.09633
21
2.32060
31
-8.02694
12
1.24443
22
2.29861
32
-8.01679
13
1.26631
23
2.40014
33
-8.12263
0
3DFACE
8
C1
10
1.09633
20
2.32060
30
-8.02694
11
1.07490
21
2.21545
31
-7.92436
12
1.22285
22
2.19466
32
-7.91313
13
1.24443
23
2.29861
33
-8.01679
0
3DFACE
8
C1
10
1.07490
20
2.21545
30
-7.92436
11
1.05566
21
2.09272
31
-7.83755
12
1.20319
22
2.07534
32
-7.82327
13
1.22285
23
2.19466
33
-7.91313
0
3DFACE
8
C1
10
1.05566
20
2.09272
30
-7.83755
11
1.03727
21
1.96329
31
-7.75676
12
1.18465
22
1.94712
32
-7.74139
13
1.20319
23
2.07534
33
-7.82327
0
3DFACE
8
C1
10
1.03727
20
1.96329
30
-7.75676
11
1.01823
21
1.83902
31
-7.67134
12
1.16569
22
1.82219
32
-7.65656
13
1.18465
23
1.94712
33
-7.74139
0
3DFACE
8
C1
10
1.01823
20
1.83902
30
-7.67134
11
0.99846
21
1.72058
31
-7.58069
12
1.14585
22
1.70430
32
-7.56542
13
1.16569
23
1.82219
33
-7.65656
0
3DFACE
8
C1
10
0.99846
20
1.72058
30
-7.58069
11
0.97794
21
1.60817
31
-7.48461
12
1.12511
22
1.59365
32
-7.46776
13
1.14585
23
1.70430
33
-7.56542
0
3DFACE
8
C1
10
0.97794
20
1.60817
30
-7.48461
11
0.95658
21
1.50247
31
-7.38253
12
1.10346
22
1.49026
32
-7.36361
13
1.12511
23
1.59365
33
-7.46776
0
3DFACE
8
C1
10
0.95658
20
1.50247
30
-7.38253
11
0.93513
21
1.39743
31
-7.27985
12
1.08188
22
1.38631
32
-7.25994
13
1.10346
23
1.49026
33
-7.36361
0
3DFACE
8
C1
10
0.93513
20
1.39743
30
-7.27985
11
0.91370
21
1.29228
31
-7.17727
12
1.06045
22
1.28116
32
-7.15736
13
1.08188
23
1.38631
33
-7.25994
0
3DFACE
8
C1
10
0.91370
20
1.29228
30
-7.17727
11
0.89235
21
1.18646
31
-7.07528
12
1.03914
22
1.17502
32
-7.05566
13
1.06045
23
1.28116
33
-7.15736
0
3DFACE
8
C1
10
0.89235
20
1.18646
30
-7.07528
11
0.87099
21
1.08076
31
-6.97319
12
1.01779
22
1.06921
32
-6.95368
13
1.03914
23
1.17502
33
-7.05566
0
3DFACE
8
C1
10
0.87099
20
1.08076
30
-6.97319
11
0.84951
21
0.97605
31
-6.87021
12
0.99625
22
0.96493
32
-6.85031
13
1.01779
23
1.06921
33
-6.95368
0
3DFACE
8
C1
10
0.84951
20
0.97605
30
-6.87021
11
0.82773
21
0.87364
31
-6.76517
12
0.97441
22
0.86308
32
-6.74477
13
0.99625
23
0.96493
33
-6.85031
0
3DFACE
8
C1
10
0.82773
20
0.87364
30
-6.76517
11
0.80572
21
0.77311
31
-6.65844
12
0.95233
22
0.76309
32
-6.63755
13
0.97441
23
0.86308
33
-6.74477
0
3DFACE
8
C1
10
0.80572
20
0.77311
30
-6.65844
11
0.78352
21
0.67411
31
-6.55034
12
0.93020
22
0.66354
32
-6.52994
13
0.95233
23
0.76309
33
-6.63755
0
3DFACE
8
C1
10
0.78352
20
0.67411
30
-6.55034
11
0.76138
21
0.57467
31
-6.44263
12
0.90823
22
0.56267
32
-6.42351
13
0.93020
23
0.66354
33
-6.52994
0
3DFACE
8
C1
10
0.76138
20
0.57467
30
-6.44263
11
0.73945
21
0.47347
31
-6.33650
12
0.88658
22
0.45927
32
-6.31936
13
0.90823
23
0.56267
33
-6.42351
0
3DFACE
8
C1
10
0.73945
20
0.47347
30
-6.33650
11
0.71790
21
0.36930
31
-6.23303
12
0.86521
22
0.35368
32
-6.21717
13
0.88658
23
0.45927
33
-6.31936
0
3DFACE
8
C1
10
0.71790
20
0.36930
30
-6.23303
11
0.69655
21
0.26349
31
-6.13104
12
0.84391
22
0.24743
32
-6.11557
13
0.86521
23
0.35368
33
-6.21717
0
3DFACE
8
C1
10
0.69655
20
0.26349
30
-6.13104
11
0.67526
21
0.15724
31
-6.02945
12
0.82263
22
0.14107
32
-6.01408
13
0.84391
23
0.24743
33
-6.11557
0
3DFACE
8
C1
10
0.67526
20
0.15724
30
-6.02945
11
0.65396
21
0.05099
31
-5.92785
12
0.80134
22
0.03482
32
-5.91248
13
0.82263
23
0.14107
33
-6.01408
0
3DFACE
8
C1
10
0.65396
20
0.05099
30
-5.92785
11
0.63269
21
-0.05537
31
-5.82636
12
0.78006
22
-0.07154
32
-5.81099
13
0.80134
23
0.03482
33
-5.91248
0
3DFACE
8
C1
10
0.63269
20
-0.05537
30
-5.82636
11
0.61123
21
-0.16030
31
-5.72358
12
0.75860
22
-0.17647
32
-5.70821
13
0.78006
23
-0.07154
33
-5.81099
0
3DFACE
8
C1
10
0.61123
20
-0.16030
30
-5.72358
11
0.58959
21
-0.26381
31
-5.61952
12
0.73697
22
-0.27998
32
-5.60415
13
0.75860
23
-0.17647
33
-5.70821
0
3DFACE
8
C1
10
1.58949
20
3.96369
30
-9.67367
11
1.56785
21
3.86018
31
-9.56961
12
1.71523
22
3.84401
32
-9.55424
13
1.73687
23
3.94752
33
-9.65830
0
3DFACE
8
C1
10
1.56785
20
3.86018
30
-9.56961
11
1.54640
21
3.75525
31
-9.46683
12
1.69377
22
3.73908
32
-9.45146
13
1.71523
23
3.84401
33
-9.55424
0
3DFACE
8
C1
10
1.54640
20
3.75525
30
-9.46683
11
1.52512
21
3.64889
31
-9.36534
12
1.67249
22
3.63272
32
-9.34996
13
1.69377
23
3.73908
33
-9.45146
0
3DFACE
8
C1
10
1.52512
20
3.64889
30
-9.36534
11
1.50382
21
3.54264
31
-9.26374
12
1.65120
22
3.52647
32
-9.24837
13
1.67249
23
3.63272
33
-9.34996
0
3DFACE
8
C1
10
1.50382
20
3.54264
30
-9.26374
11
1.48254
21
3.43628
31
-9.16224
12
1.62991
22
3.42022
32
-9.14677
13
1.65120
23
3.52647
33
-9.24837
0
3DFACE
8
C1
10
1.48254
20
3.43628
30
-9.16224
11
1.46125
21
3.33003
31
-9.06065
12
1.60863
22
3.31386
32
-9.04528
13
1.62991
23
3.42022
33
-9.14677
0
3DFACE
8
C1
10
1.46125
20
3.33003
30
-9.06065
11
1.43996
21
3.22378
31
-8.95905
12
1.58733
22
3.20761
32
-8.94368
13
1.60863
23
3.31386
33
-9.04528
0
3DFACE
8
C1
10
1.43996
20
3.22378
30
-8.95905
11
1.41868
21
3.11742
31
-8.85756
12
1.56605
22
3.10125
32
-8.84219
13
1.58733
23
3.20761
33
-8.94368
0
3DFACE
8
C1
10
1.41868
20
3.11742
30
-8.85756
11
1.39739
21
3.01117
31
-8.75596
12
1.54476
22
2.99499
32
-8.74059
13
1.56605
23
3.10125
33
-8.84219
0
3DFACE
8
C1
10
1.39739
20
3.01117
30
-8.75596
11
1.37611
21
2.90480
31
-8.65447
12
1.52348
22
2.88863
32
-8.63909
13
1.54476
23
2.99499
33
-8.74059
0
3DFACE
8
C1
10
1.37611
20
2.90480
30
-8.65447
11
1.35481
21
2.79855
31
-8.55287
12
1.50219
22
2.78238
32
-8.53750
13
1.52348
23
2.88863
33
-8.63909
0
3DFACE
8
C1
10
1.35481
20
2.79855
30
-8.55287
11
1.33403
21
2.68824
31
-8.45492
12
1.48129
22
2.67295
32
-8.43876
13
1.50219
23
2.78238
33
-8.53750
0
3DFACE
8
C1
10
1.33403
20
2.68824
30
-8.45492
11
1.31209
21
2.58715
31
-8.34869
12
1.45986
22
2.56779
32
-8.33618
13
1.48129
23
2.67295
33
-8.43876
0
3DFACE
8
C1
10
1.31209
20
2.58715
30
-8.34869
11
1.28900
21
2.49529
31
-8.23418
12
1.43722
22
2.47231
32
-8.22492
13
1.45986
23
2.56779
33
-8.33618
0
3DFACE
8
C1
10
1.28900
20
2.49529
30
-8.23418
11
1.26631
21
2.40014
31
-8.12263
12
1.41447
22
2.37770
32
-8.11288
13
1.43722
23
2.47231
33
-8.22492
0
3DFACE
8
C1
10
1.26631
20
2.40014
30
-8.12263
11
1.24443
21
2.29861
31
-8.01679
12
1.39247
22
2.27716
32
-8.00616
13
1.41447
23
2.37770
33
-8.11288
0
3DFACE
8
C1
10
1.24443
20
2.29861
30
-8.01679
11
1.22285
21
2.19466
31
-7.91313
12
1.37093
22
2.17289
32
-7.90279
13
1.39247
23
2.27716
33
-8.00616
0
3DFACE
8
C1
10
1.22285
20
2.19466
30
-7.91313
11
1.20319
21
2.07534
31
-7.82327
12
1.35075
22
2.05774
32
-7.80918
13
1.37093
23
2.17289
33
-7.90279
0
3DFACE
8
C1
10
1.20319
20
2.07534
30
-7.82327
11
1.18465
21
1.94712
31
-7.74139
12
1.33168
22
1.93369
32
-7.72356
13
1.35075
23
2.05774
33
-7.80918
0
3DFACE
8
C1
10
1.18465
20
1.94712
30
-7.74139
11
1.16569
21
1.82219
31
-7.65656
12
1.31265
22
1.80932
32
-7.63823
13
1.33168
23
1.93369
33
-7.72356
0
3DFACE
8
C1
10
1.16569
20
1.82219
30
-7.65656
11
1.14585
21
1.70430
31
-7.56542
12
1.29272
22
1.69219
32
-7.54640
13
1.31265
23
1.80932
33
-7.63823
0
3DFACE
8
C1
10
1.14585
20
1.70430
30
-7.56542
11
1.12511
21
1.59365
31
-7.46776
12
1.27180
22
1.58297
32
-7.44746
13
1.29272
23
1.69219
33
-7.54640
0
3DFACE
8
C1
10
1.12511
20
1.59365
30
-7.46776
11
1.10346
21
1.49026
31
-7.36361
12
1.25004
22
1.48046
32
-7.34252
13
1.27180
23
1.58297
33
-7.44746
0
3DFACE
8
C1
10
1.10346
20
1.49026
30
-7.36361
11
1.08188
21
1.38631
31
-7.25994
12
1.22855
22
1.37574
32
-7.23954
13
1.25004
23
1.48046
33
-7.34252
0
3DFACE
8
C1
10
1.08188
20
1.38631
30
-7.25994
11
1.06045
21
1.28116
31
-7.15736
12
1.20723
22
1.26971
32
-7.13775
13
1.22855
23
1.37574
33
-7.23954
0
3DFACE
8
C1
10
1.06045
20
1.28116
30
-7.15736
11
1.03914
21
1.17502
31
-7.05566
12
1.18601
22
1.16291
32
-7.03665
13
1.20723
23
1.26971
33
-7.13775
0
3DFACE
8
C1
10
1.03914
20
1.17502
30
-7.05566
11
1.01779
21
1.06921
31
-6.95368
12
1.16467
22
1.05699
32
-6.93475
13
1.18601
23
1.16291
33
-7.03665
0
3DFACE
8
C1
10
1.01779
20
1.06921
30
-6.95368
11
0.99625
21
0.96493
31
-6.85031
12
1.14305
22
0.95338
32
-6.83079
13
1.16467
23
1.05699
33
-6.93475
0
3DFACE
8
C1
10
0.99625
20
0.96493
30
-6.85031
11
0.97441
21
0.86308
31
-6.74477
12
1.12110
22
0.85240
32
-6.72447
13
1.14305
23
0.95338
33
-6.83079
0
3DFACE
8
C1
10
0.97441
20
0.86308
30
-6.74477
11
0.95233
21
0.76309
31
-6.63755
12
1.09903
22
0.75230
32
-6.61735
13
1.12110
23
0.85240
33
-6.72447
0
3DFACE
8
C1
10
0.95233
20
0.76309
30
-6.63755
11
0.93020
21
0.66354
31
-6.52994
12
1.07705
22
0.65154
32
-6.51082
13
1.09903
23
0.75230
33
-6.61735
0
3DFACE
8
C1
10
0.93020
20
0.66354
30
-6.52994
11
0.90823
21
0.56267
31
-6.42351
12
1.05532
22
0.54881
32
-6.40607
13
1.07705
23
0.65154
33
-6.51082
0
3DFACE
8
C1
10
0.90823
20
0.56267
30
-6.42351
11
0.88658
21
0.45927
31
-6.31936
12
1.03386
22
0.44387
32
-6.30329
13
1.05532
23
0.54881
33
-6.40607
0
3DFACE
8
C1
10
0.88658
20
0.45927
30
-6.31936
11
0.86521
21
0.35368
31
-6.21717
12
1.01258
22
0.33751
32
-6.20180
13
1.03386
23
0.44387
33
-6.30329
0
3DFACE
8
C1
10
0.86521
20
0.35368
30
-6.21717
11
0.84391
21
0.24743
31
-6.11557
12
0.99129
22
0.23126
32
-6.10020
13
1.01258
23
0.33751
33
-6.20180
0
3DFACE
8
C1
10
0.84391
20
0.24743
30
-6.11557
11
0.82263
21
0.14107
31
-6.01408
12
0.97001
22
0.12490
32
-5.99871
13
0.99129
23
0.23126
33
-6.10020
0
3DFACE
8
C1
10
0.82263
20
0.14107
30
-6.01408
11
0.80134
21
0.03482
31
-5.91248
12
0.94872
22
0.01865
32
-5.89711
13
0.97001
23
0.12490
33
-5.99871
0
3DFACE
8
C1
10
0.80134
20
0.03482
30
-5.91248
11
0.78006
21
-0.07154
31
-5.81099
12
0.92744
22
-0.08771
32
-5.79562
13
0.94872
23
0.01865
33
-5.89711
0
3DFACE
8
C1
10
0.78006
20
-0.07154
30
-5.81099
11
0.75860
21
-0.17647
31
-5.70821
12
0.90598
22
-0.19264
32
-5.69284
13
0.92744
23
-0.08771
33
-5.79562
0
3DFACE
8
C1
10
0.75860
20
-0.17647
30
-5.70821
11
0.73697
21
-0.27998
31
-5.60415
12
0.88434
22
-0.29615
32
-5.58878
13
0.90598
23
-0.19264
33
-5.69284
0
3DFACE
8
C1
10
1.73687
20
3.94752
30
-9.65830
11
1.71523
21
3.84401
31
-9.55424
12
1.86261
22
3.82784
32
-9.53887
13
1.88424
23
3.93135
33
-9.64293
0
3DFACE
8
C1
10
1.71523
20
3.84401
30
-9.55424
11
1.69377
21
3.73908
31
-9.45146
12
1.84115
22
3.72291
32
-9.43609
13
1.86261
23
3.82784
33
-9.53887
0
3DFACE
8
C1
10
1.69377
20
3.73908
30
-9.45146
11
1.67249
21
3.63272
31
-9.34996
12
1.81986
22
3.61666
32
-9.33449
13
1.84115
23
3.72291
33
-9.43609
0
3DFACE
8
C1
10
1.67249
20
3.63272
30
-9.34996
11
1.65120
21
3.52647
31
-9.24837
12
1.79858
22
3.51030
32
-9.23300
13
1.81986
23
3.61666
33
-9.33449
0
3DFACE
8
C1
10
1.65120
20
3.52647
30
-9.24837
11
1.62991
21
3.42022
31
-9.14677
12
1.77728
22
3.40405
32
-9.13140
13
1.79858
23
3.51030
33
-9.23300
0
3DFACE
8
C1
10
1.62991
20
3.42022
30
-9.14677
11
1.60863
21
3.31386
31
-9.04528
12
1.75600
22
3.29769
32
-9.02991
13
1.77728
23
3.40405
33
-9.13140
0
3DFACE
8
C1
10
1.60863
20
3.31386
30
-9.04528
11
1.58733
21
3.20761
31
-8.94368
12
1.73471
22
3.19144
32
-8.92831
13
1.75600
23
3.29769
33
-9.02991
0
3DFACE
8
C1
10
1.58733
20
3.20761
30
-8.94368
11
1.56605
21
3.10125
31
-8.84219
12
1.71343
22
3.08507
32
-8.82681
13
1.73471
23
3.19144
33
-8.92831
0
3DFACE
8
C1
10
1.56605
20
3.10125
30
-8.84219
11
1.54476
21
2.99499
31
-8.74059
12
1.69214
22
2.97882
32
-8.72522
13
1.71343
23
3.08507
33
-8.82681
0
3DFACE
8
C1
10
1.54476
20
2.99499
30
-8.74059
11
1.52348
21
2.88863
31
-8.63909
12
1.67084
22
2.87257
32
-8.62362
13
1.69214
23
2.97882
33
-8.72522
0
3DFACE
8
C1
10
1.52348
20
2.88863
30
-8.63909
11
1.50219
21
2.78238
31
-8.53750
12
1.64956
22
2.76621
32
-8.52213
13
1.67084
23
2.87257
33
-8.62362
0
3DFACE
8
C1
10
1.50219
20
2.78238
30
-8.53750
11
1.48129
21
2.67295
31
-8.43876
12
1.62827
22
2.65996
32
-8.42053
13
1.64956
23
2.76621
33
-8.52213
0
3DFACE
8
C1
10
1.48129
20
2.67295
30
-8.43876
11
1.45986
21
2.56779
31
-8.33618
12
1.60717
22
2.55217
32
-8.32032
13
1.62827
23
2.65996
33
-8.42053
0
3DFACE
8
C1
10
1.45986
20
2.56779
30
-8.33618
11
1.43722
21
2.47231
31
-8.22492
12
1.58492
22
2.45361
32
-8.21182
13
1.60717
23
2.55217
33
-8.32032
0
3DFACE
8
C1
10
1.43722
20
2.47231
30
-8.22492
11
1.41447
21
2.37770
31
-8.11288
12
1.56211
22
2.35944
32
-8.09938
13
1.58492
23
2.45361
33
-8.21182
0
3DFACE
8
C1
10
1.41447
20
2.37770
30
-8.11288
11
1.39247
21
2.27716
31
-8.00616
12
1.53992
22
2.26033
32
-7.99138
13
1.56211
23
2.35944
33
-8.09938
0
3DFACE
8
C1
10
1.39247
20
2.27716
30
-8.00616
11
1.37093
21
2.17289
31
-7.90279
12
1.51860
22
2.15430
32
-7.88958
13
1.53992
23
2.26033
33
-7.99138
0
3DFACE
8
C1
10
1.37093
20
2.17289
30
-7.90279
11
1.35075
21
2.05774
31
-7.80918
12
1.49797
22
2.04278
32
-7.79272
13
1.51860
23
2.15430
33
-7.88958
0
3DFACE
8
C1
10
1.35075
20
2.05774
30
-7.80918
11
1.33168
21
1.93369
31
-7.72356
12
1.47837
22
1.92302
32
-7.70325
13
1.49797
23
2.04278
33
-7.79272
0
3DFACE
8
C1
10
1.33168
20
1.93369
30
-7.72356
11
1.31265
21
1.80932
31
-7.63823
12
1.45914
22
1.80029
32
-7.61645
13
1.47837
23
1.92302
33
-7.70325
0
3DFACE
8
C1
10
1.31265
20
1.80932
30
-7.63823
11
1.29272
21
1.69219
31
-7.54640
12
1.43913
22
1.68371
32
-7.52412
13
1.45914
23
1.80029
33
-7.61645
0
3DFACE
8
C1
10
1.29272
20
1.69219
30
-7.54640
11
1.27180
21
1.58297
31
-7.44746
12
1.41823
22
1.57438
32
-7.42529
13
1.43913
23
1.68371
33
-7.52412
0
3DFACE
8
C1
10
1.27180
20
1.58297
30
-7.44746
11
1.25004
21
1.48046
31
-7.34252
12
1.39659
22
1.47088
32
-7.32123
13
1.41823
23
1.57438
33
-7.42529
0
3DFACE
8
C1
10
1.25004
20
1.48046
30
-7.34252
11
1.22855
21
1.37574
31
-7.23954
12
1.37528
22
1.36474
32
-7.21953
13
1.39659
23
1.47088
33
-7.32123
0
3DFACE
8
C1
10
1.22855
20
1.37574
30
-7.23954
11
1.20723
21
1.26971
31
-7.13775
12
1.35411
22
1.25750
32
-7.11883
13
1.37528
23
1.36474
33
-7.21953
0
3DFACE
8
C1
10
1.20723
20
1.26971
30
-7.13775
11
1.18601
21
1.16291
31
-7.03665
12
1.33297
22
1.15004
32
-7.01832
13
1.35411
23
1.25750
33
-7.11883
0
3DFACE
8
C1
10
1.18601
20
1.16291
30
-7.03665
11
1.16467
21
1.05699
31
-6.93475
12
1.31155
22
1.04477
32
-6.91583
13
1.33297
23
1.15004
33
-7.01832
0
3DFACE
8
C1
10
1.16467
20
1.05699
30
-6.93475
11
1.14305
21
0.95338
31
-6.83079
12
1.28982
22
0.94204
32
-6.81108
13
1.31155
23
1.04477
33
-6.91583
0
3DFACE
8
C1
10
1.14305
20
0.95338
30
-6.83079
11
1.12110
21
0.85240
31
-6.72447
12
1.26783
22
0.84139
32
-6.70446
13
1.28982
23
0.94204
33
-6.81108
0
3DFACE
8
C1
10
1.12110
20
0.85240
30
-6.72447
11
1.09903
21
0.75230
31
-6.61735
12
1.24589
22
0.74030
32
-6.59823
13
1.26783
23
0.84139
33
-6.70446
0
3DFACE
8
C1
10
1.09903
20
0.75230
30
-6.61735
11
1.07705
21
0.65154
31
-6.51082
12
1.22407
22
0.63823
32
-6.49289
13
1.24589
23
0.74030
33
-6.59823
0
3DFACE
8
C1
10
1.07705
20
0.65154
30
-6.51082
11
1.05532
21
0.54881
31
-6.40607
12
1.20257
22
0.53362
32
-6.38981
13
1.22407
23
0.63823
33
-6.49289
0
3DFACE
8
C1
10
1.05532
20
0.54881
30
-6.40607
11
1.03386
21
0.44387
31
-6.30329
12
1.18124
22
0.42770
32
-6.28792
13
1.20257
23
0.53362
33
-6.38981
0
3DFACE
8
C1
10
1.03386
20
0.44387
30
-6.30329
11
1.01258
21
0.33751
31
-6.20180
12
1.15996
22
0.32134
32
-6.18643
13
1.18124
23
0.42770
33
-6.28792
0
3DFACE
8
C1
10
1.01258
20
0.33751
30
-6.20180
11
0.99129
21
0.23126
31
-6.10020
12
1.13867
22
0.21509
32
-6.08483
13
1.15996
23
0.32134
33
-6.18643
0
3DFACE
8
C1
10
0.99129
20
0.23126
30
-6.10020
11
0.97001
21
0.12490
31
-5.99871
12
1.11739
22
0.10873
32
-5.98334
13
1.13867
23
0.21509
33
-6.08483
0
3DFACE
8
C1
10
0.97001
20
0.12490
30
-5.99871
11
0.94872
21
0.01865
31
-5.89711
12
1.09609
22
0.00248
32
-5.88174
13
1.11739
23
0.10873
33
-5.98334
0
3DFACE
8
C1
10
0.94872
20
0.01865
30
-5.89711
11
0.92744
21
-0.08771
31
-5.79562
12
1.07480
22
-0.10377
32
-5.78015
13
1.09609
23
0.00248
33
-5.88174
0
3DFACE
8
C1
10
0.92744
20
-0.08771
30
-5.79562
11
0.90598
21
-0.19264
31
-5.69284
12
1.05334
22
-0.20871
32
-5.67737
13
1.07480
23
-0.10377
33
-5.78015
0
3DFACE
8
C1
10
0.90598
20
-0.19264
30
-5.69284
11
0.88434
21
-0.29615
31
-5.58878
12
1.03172
22
-0.31232
32
-5.57341
13
1.05334
23
-0.20871
33
-5.67737
0
3DFACE
8
C1
10
1.88424
20
3.93135
30
-9.64293
11
1.86261
21
3.82784
31
-9.53887
12
2.00998
22
3.81167
32
-9.52350
13
2.03161
23
3.91529
33
-9.62746
0
3DFACE
8
C1
10
1.86261
20
3.82784
30
-9.53887
11
1.84115
21
3.72291
31
-9.43609
12
1.98852
22
3.70674
32
-9.42072
13
2.00998
23
3.81167
33
-9.52350
0
3DFACE
8
C1
10
1.84115
20
3.72291
30
-9.43609
11
1.81986
21
3.61666
31
-9.33449
12
1.96723
22
3.60049
32
-9.31912
13
1.98852
23
3.70674
33
-9.42072
0
3DFACE
8
C1
10
1.81986
20
3.61666
30
-9.33449
11
1.79858
21
3.51030
31
-9.23300
12
1.94595
22
3.49413
32
-9.21763
13
1.96723
23
3.60049
33
-9.31912
0
3DFACE
8
C1
10
1.79858
20
3.51030
30
-9.23300
11
1.77728
21
3.40405
31
-9.13140
12
1.92466
22
3.38788
32
-9.11603
13
1.94595
23
3.49413
33
-9.21763
0
3DFACE
8
C1
10
1.77728
20
3.40405
30
-9.13140
11
1.75600
21
3.29769
31
-9.02991
12
1.90338
22
3.28152
32
-9.01454
13
1.92466
23
3.38788
33
-9.11603
0
3DFACE
8
C1
10
1.75600
20
3.29769
30
-9.02991
11
1.73471
21
3.19144
31
-8.92831
12
1.88209
22
3.17526
32
-8.91294
13
1.90338
23
3.28152
33
-9.01454
0
3DFACE
8
C1
10
1.73471
20
3.19144
30
-8.92831
11
1.71343
21
3.08507
31
-8.82681
12
1.86079
22
3.06901
32
-8.81135
13
1.88209
23
3.17526
33
-8.91294
0
3DFACE
8
C1
10
1.71343
20
3.08507
30
-8.82681
11
1.69214
21
2.97882
31
-8.72522
12
1.83951
22
2.96265
32
-8.70985
13
1.86079
23
3.06901
33
-8.81135
0
3DFACE
8
C1
10
1.69214
20
2.97882
30
-8.72522
11
1.67084
21
2.87257
31
-8.62362
12
1.81822
22
2.85640
32
-8.60825
13
1.83951
23
2.96265
33
-8.70985
0
3DFACE
8
C1
10
1.67084
20
2.87257
30
-8.62362
11
1.64956
21
2.76621
31
-8.52213
12
1.79694
22
2.75004
32
-8.50676
13
1.81822
23
2.85640
33
-8.60825
0
3DFACE
8
C1
10
1.64956
20
2.76621
30
-8.52213
11
1.62827
21
2.65996
31
-8.42053
12
1.77565
22
2.64379
32
-8.40516
13
1.79694
23
2.75004
33
-8.50676
0
3DFACE
8
C1
10
1.62827
20
2.65996
30
-8.42053
11
1.60717
21
2.55217
31
-8.32032
12
1.75459
22
2.53567
32
-8.30524
13
1.77565
23
2.64379
33
-8.40516
0
3DFACE
8
C1
10
1.60717
20
2.55217
30
-8.32032
11
1.58492
21
2.45361
31
-8.21182
12
1.73279
22
2.43348
32
-8.20000
13
1.75459
23
2.53567
33
-8.30524
0
3DFACE
8
C1
10
1.58492
20
2.45361
30
-8.21182
11
1.56211
21
2.35944
31
-8.09938
12
1.71015
22
2.33800
32
-8.08874
13
1.73279
23
2.43348
33
-8.20000
0
3DFACE
8
C1
10
1.56211
20
2.35944
30
-8.09938
11
1.53992
21
2.26033
31
-7.99138
12
1.68780
22
2.24021
32
-7.97955
13
1.71015
23
2.33800
33
-8.08874
0
3DFACE
8
C1
10
1.53992
20
2.26033
30
-7.99138
11
1.51860
21
2.15430
31
-7.88958
12
1.66621
22
2.13626
32
-7.87589
13
1.68780
23
2.24021
33
-7.97955
0
3DFACE
8
C1
10
1.51860
20
2.15430
30
-7.88958
11
1.49797
21
2.04278
31
-7.79272
12
1.64531
22
2.02694
32
-7.77705
13
1.66621
23
2.13626
33
-7.87589
0
3DFACE
8
C1
10
1.49797
20
2.04278
30
-7.79272
11
1.47837
21
1.92302
31
-7.70325
12
1.62499
22
1.91289
32
-7.68246
13
1.64531
23
2.02694
33
-7.77705
0
3DFACE
8
C1
10
1.47837
20
1.92302
30
-7.70325
11
1.45914
21
1.80029
31
-7.61645
12
1.60530
22
1.79378
32
-7.59240
13
1.62499
23
1.91289
33
-7.68246
0
3DFACE
8
C1
10
1.45914
20
1.80029
30
-7.61645
11
1.43913
21
1.68371
31
-7.52412
12
1.58530
22
1.67720
32
-7.50007
13
1.60530
23
1.79378
33
-7.59240
0
3DFACE
8
C1
10
1.43913
20
1.68371
30
-7.52412
11
1.41823
21
1.57438
31
-7.42529
12
1.56464
22
1.56590
32
-7.40302
13
1.58530
23
1.67720
33
-7.50007
0
3DFACE
8
C1
10
1.41823
20
1.57438
30
-7.42529
11
1.39659
21
1.47088
31
-7.32123
12
1.54329
22
1.46009
32
-7.30103
13
1.56464
23
1.56590
33
-7.40302
0
3DFACE
8
C1
10
1.39659
20
1.47088
30
-7.32123
11
1.37528
21
1.36474
31
-7.21953
12
1.52226
22
1.35175
32
-7.20130
13
1.54329
23
1.46009
33
-7.30103
0
3DFACE
8
C1
10
1.37528
20
1.36474
30
-7.21953
11
1.35411
21
1.25750
31
-7.11883
12
1.50123
22
1.24341
32
-7.10158
13
1.52226
23
1.35175
33
-7.20130
0
3DFACE
8
C1
10
1.35411
20
1.25750
30
-7.11883
11
1.33297
21
1.15004
31
-7.01832
12
1.48000
22
1.13661
32
-7.00048
13
1.50123
23
1.24341
33
-7.10158
0
3DFACE
8
C1
10
1.33297
20
1.15004
30
-7.01832
11
1.31155
21
1.04477
31
-6.91583
12
1.45846
22
1.03234
32
-6.89711
13
1.48000
23
1.13661
33
-7.00048
0
3DFACE
8
C1
10
1.31155
20
1.04477
30
-6.91583
11
1.28982
21
0.94204
31
-6.81108
12
1.43661
22
0.93059
32
-6.79147
13
1.45846
23
1.03234
33
-6.89711
0
3DFACE
8
C1
10
1.28982
20
0.94204
30
-6.81108
11
1.26783
21
0.84139
31
-6.70446
12
1.41463
22
0.82983
32
-6.68495
13
1.43661
23
0.93059
33
-6.79147
0
3DFACE
8
C1
10
1.26783
20
0.84139
30
-6.70446
11
1.24589
21
0.74030
31
-6.59823
12
1.39282
22
0.72765
32
-6.57970
13
1.41463
23
0.82983
33
-6.68495
0
3DFACE
8
C1
10
1.24589
20
0.74030
30
-6.59823
11
1.22407
21
0.63823
31
-6.49289
12
1.37126
22
0.62359
32
-6.47614
13
1.39282
23
0.72765
33
-6.57970
0
3DFACE
8
C1
10
1.22407
20
0.63823
30
-6.49289
11
1.20257
21
0.53362
31
-6.38981
12
1.34991
22
0.51778
32
-6.37415
13
1.37126
23
0.62359
33
-6.47614
0
3DFACE
8
C1
10
1.20257
20
0.53362
30
-6.38981
11
1.18124
21
0.42770
31
-6.28792
12
1.32861
22
0.41153
32
-6.27255
13
1.34991
23
0.51778
33
-6.37415
0
3DFACE
8
C1
10
1.18124
20
0.42770
30
-6.28792
11
1.15996
21
0.32134
31
-6.18643
12
1.30733
22
0.30517
32
-6.17106
13
1.32861
23
0.41153
33
-6.27255
0
3DFACE
8
C1
10
1.15996
20
0.32134
30
-6.18643
11
1.13867
21
0.21509
31
-6.08483
12
1.28604
22
0.19892
32
-6.06946
13
1.30733
23
0.30517
33
-6.17106
0
3DFACE
8
C1
10
1.13867
20
0.21509
30
-6.08483
11
1.11739
21
0.10873
31
-5.98334
12
1.26475
22
0.09267
32
-5.96787
13
1.28604
23
0.19892
33
-6.06946
0
3DFACE
8
C1
10
1.11739
20
0.10873
30
-5.98334
11
1.09609
21
0.00248
31
-5.88174
12
1.24347
22
-0.01369
32
-5.86637
13
1.26475
23
0.09267
33
-5.96787
0
3DFACE
8
C1
10
1.09609
20
0.00248
30
-5.88174
11
1.07480
21
-0.10377
31
-5.78015
12
1.22218
22
-0.11994
32
-5.76477
13
1.24347
23
-0.01369
33
-5.86637
0
3DFACE
8
C1
10
1.07480
20
-0.10377
30
-5.78015
11
1.05334
21
-0.20871
31
-5.67737
12
1.20072
22
-0.22488
32
-5.66200
13
1.22218
23
-0.11994
33
-5.76477
0
3DFACE
8
C1
10
1.05334
20
-0.20871
30
-5.67737
11
1.03172
21
-0.31232
31
-5.57341
12
1.17909
22
-0.32849
32
-5.55803
13
1.20072
23
-0.22488
33
-5.66200
0
3DFACE
8
C1
10
2.03161
20
3.91529
30
-9.62746
11
2.00998
21
3.81167
31
-9.52350
12
2.15736
22
3.79550
32
-9.50813
13
2.17898
23
3.89911
33
-9.61209
0
3DFACE
8
C1
10
2.00998
20
3.81167
30
-9.52350
11
1.98852
21
3.70674
31
-9.42072
12
2.13590
22
3.69057
32
-9.40535
13
2.15736
23
3.79550
33
-9.50813
0
3DFACE
8
C1
10
1.98852
20
3.70674
30
-9.42072
11
1.96723
21
3.60049
31
-9.31912
12
2.11461
22
3.58432
32
-9.30375
13
2.13590
23
3.69057
33
-9.40535
0
3DFACE
8
C1
10
1.96723
20
3.60049
30
-9.31912
11
1.94595
21
3.49413
31
-9.21763
12
2.09331
22
3.47807
32
-9.20216
13
2.11461
23
3.58432
33
-9.30375
0
3DFACE
8
C1
10
1.94595
20
3.49413
30
-9.21763
11
1.92466
21
3.38788
31
-9.11603
12
2.07203
22
3.37170
32
-9.10066
13
2.09331
23
3.47807
33
-9.20216
0
3DFACE
8
C1
10
1.92466
20
3.38788
30
-9.11603
11
1.90338
21
3.28152
31
-9.01454
12
2.05074
22
3.26545
32
-8.99907
13
2.07203
23
3.37170
33
-9.10066
0
3DFACE
8
C1
10
1.90338
20
3.28152
30
-9.01454
11
1.88209
21
3.17526
31
-8.91294
12
2.02946
22
3.15909
32
-8.89757
13
2.05074
23
3.26545
33
-8.99907
0
3DFACE
8
C1
10
1.88209
20
3.17526
30
-8.91294
11
1.86079
21
3.06901
31
-8.81135
12
2.00817
22
3.05284
32
-8.79597
13
2.02946
23
3.15909
33
-8.89757
0
3DFACE
8
C1
10
1.86079
20
3.06901
30
-8.81135
11
1.83951
21
2.96265
31
-8.70985
12
1.98689
22
2.94648
32
-8.69448
13
2.00817
23
3.05284
33
-8.79597
0
3DFACE
8
C1
10
1.83951
20
2.96265
30
-8.70985
11
1.81822
21
2.85640
31
-8.60825
12
1.96560
22
2.84023
32
-8.59288
13
1.98689
23
2.94648
33
-8.69448
0
3DFACE
8
C1
10
1.81822
20
2.85640
30
-8.60825
11
1.79694
21
2.75004
31
-8.50676
12
1.94432
22
2.73387
32
-8.49139
13
1.96560
23
2.84023
33
-8.59288
0
3DFACE
8
C1
10
1.79694
20
2.75004
30
-8.50676
11
1.77565
21
2.64379
31
-8.40516
12
1.92302
22
2.62762
32
-8.38979
13
1.94432
23
2.73387
33
-8.49139
0
3DFACE
8
C1
10
1.77565
20
2.64379
30
-8.40516
11
1.75459
21
2.53567
31
-8.30524
12
1.90173
22
2.52137
32
-8.28820
13
1.92302
23
2.62762
33
-8.38979
0
3DFACE
8
C1
10
1.75459
20
2.53567
30
-8.30524
11
1.73279
21
2.43348
31
-8.20000
12
1.88031
22
2.41611
32
-8.18571
13
1.90173
23
2.52137
33
-8.28820
0
3DFACE
8
C1
10
1.73279
20
2.43348
30
-8.20000
11
1.71015
21
2.33800
31
-8.08874
12
1.85820
22
2.31645
32
-8.07820
13
1.88031
23
2.41611
33
-8.18571
0
3DFACE
8
C1
10
1.71015
20
2.33800
30
-8.08874
11
1.68780
21
2.24021
31
-7.97955
12
1.83579
22
2.21909
32
-7.96862
13
1.85820
23
2.31645
33
-8.07820
0
3DFACE
8
C1
10
1.68780
20
2.24021
30
-7.97955
11
1.66621
21
2.13626
31
-7.87589
12
1.81397
22
2.11702
32
-7.86328
13
1.83579
23
2.21909
33
-7.96862
0
3DFACE
8
C1
10
1.66621
20
2.13626
30
-7.87589
11
1.64531
21
2.02694
31
-7.77705
12
1.79301
22
2.00813
32
-7.76405
13
1.81397
23
2.11702
33
-7.86328
0
3DFACE
8
C1
10
1.64531
20
2.02694
30
-7.77705
11
1.62499
21
1.91289
31
-7.68246
12
1.77202
22
1.89946
32
-7.66462
13
1.79301
23
2.00813
33
-7.76405
0
3DFACE
8
C1
10
1.62499
20
1.91289
30
-7.68246
11
1.60530
21
1.79378
31
-7.59240
12
1.75166
22
1.78574
32
-7.56973
13
1.77202
23
1.89946
33
-7.66462
0
3DFACE
8
C1
10
1.60530
20
1.79378
30
-7.59240
11
1.58530
21
1.67720
31
-7.50007
12
1.73165
22
1.66927
32
-7.47731
13
1.75166
23
1.78574
33
-7.56973
0
3DFACE
8
C1
10
1.58530
20
1.67720
30
-7.50007
11
1.56464
21
1.56590
31
-7.40302
12
1.71131
22
1.55533
32
-7.38262
13
1.73165
23
1.66927
33
-7.47731
0
3DFACE
8
C1
10
1.56464
20
1.56590
30
-7.40302
11
1.54329
21
1.46009
31
-7.30103
12
1.69030
22
1.44688
32
-7.28299
13
1.71131
23
1.55533
33
-7.38262
0
3DFACE
8
C1
10
1.54329
20
1.46009
30
-7.30103
11
1.52226
21
1.35175
31
-7.20130
12
1.66943
22
1.33723
32
-7.18445
13
1.69030
23
1.44688
33
-7.28299
0
3DFACE
8
C1
10
1.52226
20
1.35175
30
-7.20130
11
1.50123
21
1.24341
31
-7.10158
12
1.64838
22
1.22900
32
-7.08463
13
1.66943
23
1.33723
33
-7.18445
0
3DFACE
8
C1
10
1.50123
20
1.24341
30
-7.10158
11
1.48000
21
1.13661
31
-7.00048
12
1.62704
22
1.12319
32
-6.98264
13
1.64838
23
1.22900
33
-7.08463
0
3DFACE
8
C1
10
1.48000
20
1.13661
30
-7.00048
11
1.45846
21
1.03234
31
-6.89711
12
1.60533
22
1.02023
32
-6.87809
13
1.62704
23
1.12319
33
-6.98264
0
3DFACE
8
C1
10
1.45846
20
1.03234
30
-6.89711
11
1.43661
21
0.93059
31
-6.79147
12
1.58345
22
0.91870
32
-6.77226
13
1.60533
23
1.02023
33
-6.87809
0
3DFACE
8
C1
10
1.43661
20
0.93059
30
-6.79147
11
1.41463
21
0.82983
31
-6.68495
12
1.56156
22
0.81718
32
-6.66642
13
1.58345
23
0.91870
33
-6.77226
0
3DFACE
8
C1
10
1.41463
20
0.82983
30
-6.68495
11
1.39282
21
0.72765
31
-6.57970
12
1.53995
22
0.71345
32
-6.56256
13
1.56156
23
0.81718
33
-6.66642
0
3DFACE
8
C1
10
1.39282
20
0.72765
30
-6.57970
11
1.37126
21
0.62359
31
-6.47614
12
1.51856
22
0.60797
32
-6.46027
13
1.53995
23
0.71345
33
-6.56256
0
3DFACE
8
C1
10
1.37126
20
0.62359
30
-6.47614
11
1.34991
21
0.51778
31
-6.37415
12
1.49728
22
0.50161
32
-6.35878
13
1.51856
23
0.60797
33
-6.46027
0
3DFACE
8
C1
10
1.34991
20
0.51778
30
-6.37415
11
1.32861
21
0.41153
31
-6.27255
12
1.47599
22
0.39536
32
-6.25718
13
1.49728
23
0.50161
33
-6.35878
0
3DFACE
8
C1
10
1.32861
20
0.41153
30
-6.27255
11
1.30733
21
0.30517
31
-6.17106
12
1.45470
22
0.28911
32
-6.15559
13
1.47599
23
0.39536
33
-6.25718
0
3DFACE
8
C1
10
1.30733
20
0.30517
30
-6.17106
11
1.28604
21
0.19892
31
-6.06946
12
1.43342
22
0.18275
32
-6.05409
13
1.45470
23
0.28911
33
-6.15559
0
3DFACE
8
C1
10
1.28604
20
0.19892
30
-6.06946
11
1.26475
21
0.09267
31
-5.96787
12
1.41212
22
0.07650
32
-5.95249
13
1.43342
23
0.18275
33
-6.05409
0
3DFACE
8
C1
10
1.26475
20
0.09267
30
-5.96787
11
1.24347
21
-0.01369
31
-5.86637
12
1.39085
22
-0.02986
32
-5.85100
13
1.41212
23
0.07650
33
-5.95249
0
3DFACE
8
C1
10
1.24347
20
-0.01369
30
-5.86637
11
1.22218
21
-0.11994
31
-5.76477
12
1.36955
22
-0.13612
32
-5.74940
13
1.39085
23
-0.02986
33
-5.85100
0
3DFACE
8
C1
10
1.22218
20
-0.11994
30
-5.76477
11
1.20072
21
-0.22488
31
-5.66200
12
1.34809
22
-0.24105
32
-5.64662
13
1.36955
23
-0.13612
33
-5.74940
0
3DFACE
8
C1
10
1.20072
20
-0.22488
30
-5.66200
11
1.17909
21
-0.32849
31
-5.55803
12
1.32647
22
-0.34466
32
-5.54266
13
1.34809
23
-0.24105
33
-5.64662
0
3DFACE
8
C1
10
2.17898
20
3.89911
30
-9.61209
11
2.15736
21
3.79550
31
-9.50813
12
2.30473
22
3.77933
32
-9.49275
13
2.32636
23
3.88294
33
-9.59672
0
3DFACE
8
C1
10
2.15736
20
3.79550
30
-9.50813
11
2.13590
21
3.69057
31
-9.40535
12
2.28326
22
3.67451
32
-9.38988
13
2.30473
23
3.77933
33
-9.49275
0
3DFACE
8
C1
10
2.13590
20
3.69057
30
-9.40535
11
2.11461
21
3.58432
31
-9.30375
12
2.26198
22
3.56815
32
-9.28838
13
2.28326
23
3.67451
33
-9.38988
0
3DFACE
8
C1
10
2.11461
20
3.58432
30
-9.30375
11
2.09331
21
3.47807
31
-9.20216
12
2.24069
22
3.46189
32
-9.18679
13
2.26198
23
3.56815
33
-9.28838
0
3DFACE
8
C1
10
2.09331
20
3.47807
30
-9.20216
11
2.07203
21
3.37170
31
-9.10066
12
2.21941
22
3.35553
32
-9.08529
13
2.24069
23
3.46189
33
-9.18679
0
3DFACE
8
C1
10
2.07203
20
3.37170
30
-9.10066
11
2.05074
21
3.26545
31
-8.99907
12
2.19812
22
3.24928
32
-8.98369
13
2.21941
23
3.35553
33
-9.08529
0
3DFACE
8
C1
10
2.05074
20
3.26545
30
-8.99907
11
2.02946
21
3.15909
31
-8.89757
12
2.17684
22
3.14292
32
-8.88220
13
2.19812
23
3.24928
33
-8.98369
0
3DFACE
8
C1
10
2.02946
20
3.15909
30
-8.89757
11
2.00817
21
3.05284
31
-8.79597
12
2.15555
22
3.03667
32
-8.78060
13
2.17684
23
3.14292
33
-8.88220
0
3DFACE
8
C1
10
2.00817
20
3.05284
30
-8.79597
11
1.98689
21
2.94648
31
-8.69448
12
2.13425
22
2.93042
32
-8.67901
13
2.15555
23
3.03667
33
-8.78060
0
3DFACE
8
C1
10
1.98689
20
2.94648
30
-8.69448
11
1.96560
21
2.84023
31
-8.59288
12
2.11297
22
2.82406
32
-8.57751
13
2.13425
23
2.93042
33
-8.67901
0
3DFACE
8
C1
10
1.96560
20
2.84023
30
-8.59288
11
1.94432
21
2.73387
31
-8.49139
12
2.09168
22
2.71781
32
-8.47592
13
2.11297
23
2.82406
33
-8.57751
0
3DFACE
8
C1
10
1.94432
20
2.73387
30
-8.49139
11
1.92302
21
2.62762
31
-8.38979
12
2.07040
22
2.61145
32
-8.37442
13
2.09168
23
2.71781
33
-8.47592
0
3DFACE
8
C1
10
1.92302
20
2.62762
30
-8.38979
11
1.90173
21
2.52137
31
-8.28820
12
2.04911
22
2.50520
32
-8.27282
13
2.07040
23
2.61145
33
-8.37442
0
3DFACE
8
C1
10
1.90173
20
2.52137
30
-8.28820
11
1.88031
21
2.41611
31
-8.18571
12
2.02790
22
2.39829
32
-8.17182
13
2.04911
23
2.50520
33
-8.27282
0
3DFACE
8
C1
10
1.88031
20
2.41611
30
-8.18571
11
1.85820
21
2.31645
31
-8.07820
12
2.00614
22
2.29577
32
-8.06687
13
2.02790
23
2.39829
33
-8.17182
0
3DFACE
8
C1
10
1.85820
20
2.31645
30
-8.07820
11
1.83579
21
2.21909
31
-7.96862
12
1.98376
22
2.19820
32
-7.95749
13
2.00614
23
2.29577
33
-8.06687
0
3DFACE
8
C1
10
1.83579
20
2.21909
30
-7.96862
11
1.81397
21
2.11702
31
-7.86328
12
1.96179
22
2.09733
32
-7.85106
13
1.98376
23
2.19820
33
-7.95749
0
3DFACE
8
C1
10
1.81397
20
2.11702
30
-7.86328
11
1.79301
21
2.00813
31
-7.76405
12
1.94055
22
1.99064
32
-7.74986
13
1.96179
23
2.09733
33
-7.85106
0
3DFACE
8
C1
10
1.79301
20
2.00813
30
-7.76405
11
1.77202
21
1.89946
31
-7.66462
12
1.91915
22
1.88527
32
-7.64748
13
1.94055
23
1.99064
33
-7.74986
0
3DFACE
8
C1
10
1.77202
20
1.89946
30
-7.66462
11
1.75166
21
1.78574
31
-7.56973
12
1.89835
22
1.77506
32
-7.54943
13
1.91915
23
1.88527
33
-7.64748
0
3DFACE
8
C1
10
1.75166
20
1.78574
30
-7.56973
11
1.73165
21
1.66927
31
-7.47731
12
1.87836
22
1.65837
32
-7.45720
13
1.89835
23
1.77506
33
-7.54943
0
3DFACE
8
C1
10
1.73165
20
1.66927
30
-7.47731
11
1.71131
21
1.55533
31
-7.38262
12
1.85828
22
1.54246
32
-7.36429
13
1.87836
23
1.65837
33
-7.45720
0
3DFACE
8
C1
10
1.71131
20
1.55533
30
-7.38262
11
1.69030
21
1.44688
31
-7.28299
12
1.83748
22
1.43225
32
-7.26624
13
1.85828
23
1.54246
33
-7.36429
0
3DFACE
8
C1
10
1.69030
20
1.44688
30
-7.28299
11
1.66943
21
1.33723
31
-7.18445
12
1.81668
22
1.32204
32
-7.16820
13
1.83748
23
1.43225
33
-7.26624
0
3DFACE
8
C1
10
1.66943
20
1.33723
30
-7.18445
11
1.64838
21
1.22900
31
-7.08463
12
1.79550
22
1.21491
32
-7.06739
13
1.81668
23
1.32204
33
-7.16820
0
3DFACE
8
C1
10
1.64838
20
1.22900
30
-7.08463
11
1.62704
21
1.12319
31
-6.98264
12
1.77400
22
1.11031
32
-6.96431
13
1.79550
23
1.21491
33
-7.06739
0
3DFACE
8
C1
10
1.62704
20
1.12319
30
-6.98264
11
1.60533
21
1.02023
31
-6.87809
12
1.75220
22
1.00813
32
-6.85907
13
1.77400
23
1.11031
33
-6.96431
0
3DFACE
8
C1
10
1.60533
20
1.02023
30
-6.87809
11
1.58345
21
0.91870
31
-6.77226
12
1.73037
22
0.90616
32
-6.75363
13
1.75220
23
1.00813
33
-6.85907
0
3DFACE
8
C1
10
1.58345
20
0.91870
30
-6.77226
11
1.56156
21
0.81718
31
-6.66642
12
1.70864
22
0.80342
32
-6.64888
13
1.73037
23
0.90616
33
-6.75363
0
3DFACE
8
C1
10
1.56156
20
0.81718
30
-6.66642
11
1.53995
21
0.71345
31
-6.56256
12
1.68723
22
0.69805
32
-6.54650
13
1.70864
23
0.80342
33
-6.64888
0
3DFACE
8
C1
10
1.53995
20
0.71345
30
-6.56256
11
1.51856
21
0.60797
31
-6.46027
12
1.66594
22
0.59180
32
-6.44490
13
1.68723
23
0.69805
33
-6.54650
0
3DFACE
8
C1
10
1.51856
20
0.60797
30
-6.46027
11
1.49728
21
0.50161
31
-6.35878
12
1.64465
22
0.48555
32
-6.34331
13
1.66594
23
0.59180
33
-6.44490
0
3DFACE
8
C1
10
1.49728
20
0.50161
30
-6.35878
11
1.47599
21
0.39536
31
-6.25718
12
1.62337
22
0.37919
32
-6.24181
13
1.64465
23
0.48555
33
-6.34331
0
3DFACE
8
C1
10
1.47599
20
0.39536
30
-6.25718
11
1.45470
21
0.28911
31
-6.15559
12
1.60207
22
0.27294
32
-6.14021
13
1.62337
23
0.37919
33
-6.24181
0
3DFACE
8
C1
10
1.45470
20
0.28911
30
-6.15559
11
1.43342
21
0.18275
31
-6.05409
12
1.58079
22
0.16658
32
-6.03872
13
1.60207
23
0.27294
33
-6.14021
0
3DFACE
8
C1
10
1.43342
20
0.18275
30
-6.05409
11
1.41212
21
0.07650
31
-5.95249
12
1.55950
22
0.06033
32
-5.93712
13
1.58079
23
0.16658
33
-6.03872
0
3DFACE
8
C1
10
1.41212
20
0.07650
30
-5.95249
11
1.39085
21
-0.02986
31
-5.85100
12
1.53822
22
-0.04604
32
-5.83563
13
1.55950
23
0.06033
33
-5.93712
0
3DFACE
8
C1
10
1.39085
20
-0.02986
30
-5.85100
11
1.36955
21
-0.13612
31
-5.74940
12
1.51693
22
-0.15229
32
-5.73403
13
1.53822
23
-0.04604
33
-5.83563
0
3DFACE
8
C1
10
1.36955
20
-0.13612
30
-5.74940
11
1.34809
21
-0.24105
31
-5.64662
12
1.49547
22
-0.25722
32
-5.63125
13
1.51693
23
-0.15229
33
-5.73403
0
3DFACE
8
C1
10
1.34809
20
-0.24105
30
-5.64662
11
1.32647
21
-0.34466
31
-5.54266
12
1.47383
22
-0.36072
32
-5.52719
13
1.49547
23
-0.25722
33
-5.63125
0
3DFACE
8
C1
10
2.32636
20
3.88294
30
-9.59672
11
2.30473
21
3.77933
31
-9.49275
12
2.45210
22
3.76327
32
-9.47728
13
2.47373
23
3.86677
33
-9.58134
0
3DFACE
8
C1
10
2.30473
20
3.77933
30
-9.49275
11
2.28326
21
3.67451
31
-9.38988
12
2.43064
22
3.65834
32
-9.37451
13
2.45210
23
3.76327
33
-9.47728
0
3DFACE
8
C1
10
2.28326
20
3.67451
30
-9.38988
11
2.26198
21
3.56815
31
-9.28838
12
2.40936
22
3.55197
32
-9.27301
13
2.43064
23
3.65834
33
-9.37451
0
3DFACE
8
C1
10
2.26198
20
3.56815
30
-9.28838
11
2.24069
21
3.46189
31
-9.18679
12
2.38807
22
3.44572
32
-9.17141
13
2.40936
23
3.55197
33
-9.27301
0
3DFACE
8
C1
10
2.24069
20
3.46189
30
-9.18679
11
2.21941
21
3.35553
31
-9.08529
12
2.36679
22
3.33936
32
-9.06992
13
2.38807
23
3.44572
33
-9.17141
0
3DFACE
8
C1
10
2.21941
20
3.35553
30
-9.08529
11
2.19812
21
3.24928
31
-8.98369
12
2.34549
22
3.23311
32
-8.96832
13
2.36679
23
3.33936
33
-9.06992
0
3DFACE
8
C1
10
2.19812
20
3.24928
30
-8.98369
11
2.17684
21
3.14292
31
-8.88220
12
2.32420
22
3.12686
32
-8.86673
13
2.34549
23
3.23311
33
-8.96832
0
3DFACE
8
C1
10
2.17684
20
3.14292
30
-8.88220
11
2.15555
21
3.03667
31
-8.78060
12
2.30292
22
3.02050
32
-8.76523
13
2.32420
23
3.12686
33
-8.86673
0
3DFACE
8
C1
10
2.15555
20
3.03667
30
-8.78060
11
2.13425
21
2.93042
31
-8.67901
12
2.28163
22
2.91425
32
-8.66364
13
2.30292
23
3.02050
33
-8.76523
0
3DFACE
8
C1
10
2.13425
20
2.93042
30
-8.67901
11
2.11297
21
2.82406
31
-8.57751
12
2.26035
22
2.80789
32
-8.56214
13
2.28163
23
2.91425
33
-8.66364
0
3DFACE
8
C1
10
2.11297
20
2.82406
30
-8.57751
11
2.09168
21
2.71781
31
-8.47592
12
2.23906
22
2.70164
32
-8.46054
13
2.26035
23
2.80789
33
-8.56214
0
3DFACE
8
C1
10
2.09168
20
2.71781
30
-8.47592
11
2.07040
21
2.61145
31
-8.37442
12
2.21778
22
2.59528
32
-8.35905
13
2.23906
23
2.70164
33
-8.46054
0
3DFACE
8
C1
10
2.07040
20
2.61145
30
-8.37442
11
2.04911
21
2.50520
31
-8.27282
12
2.19648
22
2.48903
32
-8.25745
13
2.21778
23
2.59528
33
-8.35905
0
3DFACE
8
C1
10
2.04911
20
2.50520
30
-8.27282
11
2.02790
21
2.39829
31
-8.17182
12
2.17519
22
2.38277
32
-8.15586
13
2.19648
23
2.48903
33
-8.25745
0
3DFACE
8
C1
10
2.02790
20
2.39829
30
-8.17182
11
2.00614
21
2.29577
31
-8.06687
12
2.15375
22
2.27773
32
-8.05318
13
2.17519
23
2.38277
33
-8.15586
0
3DFACE
8
C1
10
2.00614
20
2.29577
30
-8.06687
11
1.98376
21
2.19820
31
-7.95749
12
2.13166
22
2.17785
32
-7.94586
13
2.15375
23
2.27773
33
-8.05318
0
3DFACE
8
C1
10
1.98376
20
2.19820
30
-7.95749
11
1.96179
21
2.09733
31
-7.85106
12
2.10966
22
2.07720
32
-7.83924
13
2.13166
23
2.17785
33
-7.94586
0
3DFACE
8
C1
10
1.96179
20
2.09733
30
-7.85106
11
1.94055
21
1.99064
31
-7.74986
12
2.08819
22
1.97238
32
-7.73636
13
2.10966
23
2.07720
33
-7.83924
0
3DFACE
8
C1
10
1.94055
20
1.99064
30
-7.74986
11
1.91915
21
1.88527
31
-7.64748
12
2.06676
22
1.86723
32
-7.63378
13
2.08819
23
1.97238
33
-7.73636
0
3DFACE
8
C1
10
1.91915
20
1.88527
30
-7.64748
11
1.89835
21
1.77506
31
-7.54943
12
2.04569
22
1.75922
32
-7.53377
13
2.06676
23
1.86723
33
-7.63378
0
3DFACE
8
C1
10
1.89835
20
1.77506
30
-7.54943
11
1.87836
21
1.65837
31
-7.45720
12
2.02555
22
1.64374
32
-7.44045
13
2.04569
23
1.75922
33
-7.53377
0
3DFACE
8
C1
10
1.87836
20
1.65837
30
-7.45720
11
1.85828
21
1.54246
31
-7.36429
12
2.00548
22
1.52771
32
-7.34763
13
2.02555
23
1.64374
33
-7.44045
0
3DFACE
8
C1
10
1.85828
20
1.54246
30
-7.36429
11
1.83748
21
1.43225
31
-7.26624
12
1.98480
22
1.41652
32
-7.25047
13
2.00548
23
1.52771
33
-7.34763
0
3DFACE
8
C1
10
1.83748
20
1.43225
30
-7.26624
11
1.81668
21
1.32204
31
-7.16820
12
1.96389
22
1.30719
32
-7.15164
13
1.98480
23
1.41652
33
-7.25047
0
3DFACE
8
C1
10
1.81668
20
1.32204
30
-7.16820
11
1.79550
21
1.21491
31
-7.06739
12
1.94254
22
1.20138
32
-7.04965
13
1.96389
23
1.30719
33
-7.15164
0
3DFACE
8
C1
10
1.79550
20
1.21491
30
-7.06739
11
1.77400
21
1.11031
31
-6.96431
12
1.92091
22
1.09788
32
-6.94559
13
1.94254
23
1.20138
33
-7.04965
0
3DFACE
8
C1
10
1.77400
20
1.11031
30
-6.96431
11
1.75220
21
1.00813
31
-6.85907
12
1.89913
22
0.99547
32
-6.84054
13
1.92091
23
1.09788
33
-6.94559
0
3DFACE
8
C1
10
1.75220
20
1.00813
30
-6.85907
11
1.73037
21
0.90616
31
-6.75363
12
1.87740
22
0.89273
32
-6.73579
13
1.89913
23
0.99547
33
-6.84054
0
3DFACE
8
C1
10
1.73037
20
0.90616
30
-6.75363
11
1.70864
21
0.80342
31
-6.64888
12
1.85589
22
0.78824
32
-6.63262
13
1.87740
23
0.89273
33
-6.73579
0
3DFACE
8
C1
10
1.70864
20
0.80342
30
-6.64888
11
1.68723
21
0.69805
31
-6.54650
12
1.83459
22
0.68199
32
-6.53103
13
1.85589
23
0.78824
33
-6.63262
0
3DFACE
8
C1
10
1.68723
20
0.69805
30
-6.54650
11
1.66594
21
0.59180
31
-6.44490
12
1.81332
22
0.57563
32
-6.42953
13
1.83459
23
0.68199
33
-6.53103
0
3DFACE
8
C1
10
1.66594
20
0.59180
30
-6.44490
11
1.64465
21
0.48555
31
-6.34331
12
1.79202
22
0.46938
32
-6.32794
13
1.81332
23
0.57563
33
-6.42953
0
3DFACE
8
C1
10
1.64465
20
0.48555
30
-6.34331
11
1.62337
21
0.37919
31
-6.24181
12
1.77074
22
0.36302
32
-6.22644
13
1.79202
23
0.46938
33
-6.32794
0
3DFACE
8
C1
10
1.62337
20
0.37919
30
-6.24181
11
1.60207
21
0.27294
31
-6.14021
12
1.74945
22
0.25677
32
-6.12484
13
1.77074
23
0.36302
33
-6.22644
0
3DFACE
8
C1
10
1.60207
20
0.27294
30
-6.14021
11
1.58079
21
0.16658
31
-6.03872
12
1.72817
22
0.15041
32
-6.02335
13
1.74945
23
0.25677
33
-6.12484
0
3DFACE
8
C1
10
1.58079
20
0.16658
30
-6.03872
11
1.55950
21
0.06033
31
-5.93712
12
1.70688
22
0.04415
32
-5.92175
13
1.72817
23
0.15041
33
-6.02335
0
3DFACE
8
C1
10
1.55950
20
0.06033
30
-5.93712
11
1.53822
21
-0.04604
31
-5.83563
12
1.68558
22
-0.06210
32
-5.82016
13
1.70688
23
0.04415
33
-5.92175
0
3DFACE
8
C1
10
1.53822
20
-0.04604
30
-5.83563
11
1.51693
21
-0.15229
31
-5.73403
12
1.66430
22
-0.16846
32
-5.71866
13
1.68558
23
-0.06210
33
-5.82016
0
3DFACE
8
C1
10
1.51693
20
-0.15229
30
-5.73403
11
1.49547
21
-0.25722
31
-5.63125
12
1.64285
22
-0.27339
32
-5.61588
13
1.66430
23
-0.16846
33
-5.71866
0
3DFACE
8
C1
10
1.49547
20
-0.25722
30
-5.63125
11
1.47383
21
-0.36072
31
-5.52719
12
1.62121
22
-0.37689
32
-5.51182
13
1.64285
23
-0.27339
33
-5.61588
0
3DFACE
8
C1
10
2.47373
20
3.86677
30
-9.58134
11
2.45210
21
3.76327
31
-9.47728
12
2.59947
22
3.74710
32
-9.46191
13
2.62111
23
3.85060
33
-9.56597
0
3DFACE
8
C1
10
2.45210
20
3.76327
30
-9.47728
11
2.43064
21
3.65834
31
-9.37451
12
2.57802
22
3.64216
32
-9.35914
13
2.59947
23
3.74710
33
-9.46191
0
3DFACE
8
C1
10
2.43064
20
3.65834
30
-9.37451
11
2.40936
21
3.55197
31
-9.27301
12
2.55674
22
3.53580
32
-9.25764
13
2.57802
23
3.64216
33
-9.35914
0
3DFACE
8
C1
10
2.40936
20
3.55197
30
-9.27301
11
2.38807
21
3.44572
31
-9.17141
12
2.53544
22
3.42955
32
-9.15604
13
2.55674
23
3.53580
33
-9.25764
0
3DFACE
8
C1
10
2.38807
20
3.44572
30
-9.17141
11
2.36679
21
3.33936
31
-9.06992
12
2.51415
22
3.32330
32
-9.05445
13
2.53544
23
3.42955
33
-9.15604
0
3DFACE
8
C1
10
2.36679
20
3.33936
30
-9.06992
11
2.34549
21
3.23311
31
-8.96832
12
2.49287
22
3.21694
32
-8.95295
13
2.51415
23
3.32330
33
-9.05445
0
3DFACE
8
C1
10
2.34549
20
3.23311
30
-8.96832
11
2.32420
21
3.12686
31
-8.86673
12
2.47158
22
3.11069
32
-8.85136
13
2.49287
23
3.21694
33
-8.95295
0
3DFACE
8
C1
10
2.32420
20
3.12686
30
-8.86673
11
2.30292
21
3.02050
31
-8.76523
12
2.45030
22
3.00433
32
-8.74986
13
2.47158
23
3.11069
33
-8.85136
0
3DFACE
8
C1
10
2.30292
20
3.02050
30
-8.76523
11
2.28163
21
2.91425
31
-8.66364
12
2.42900
22
2.89808
32
-8.64827
13
2.45030
23
3.00433
33
-8.74986
0
3DFACE
8
C1
10
2.28163
20
2.91425
30
-8.66364
11
2.26035
21
2.80789
31
-8.56214
12
2.40772
22
2.79172
32
-8.54677
13
2.42900
23
2.89808
33
-8.64827
0
3DFACE
8
C1
10
2.26035
20
2.80789
30
-8.56214
11
2.23906
21
2.70164
31
-8.46054
12
2.38643
22
2.68547
32
-8.44517
13
2.40772
23
2.79172
33
-8.54677
0
3DFACE
8
C1
10
2.23906
20
2.70164
30
-8.46054
11
2.21778
21
2.59528
31
-8.35905
12
2.36514
22
2.57922
32
-8.34358
13
2.38643
23
2.68547
33
-8.44517
0
3DFACE
8
C1
10
2.21778
20
2.59528
30
-8.35905
11
2.19648
21
2.48903
31
-8.25745
12
2.34386
22
2.47285
32
-8.24208
13
2.36514
23
2.57922
33
-8.34358
0
3DFACE
8
C1
10
2.19648
20
2.48903
30
-8.25745
11
2.17519
21
2.38277
31
-8.15586
12
2.32257
22
2.36660
32
-8.14049
13
2.34386
23
2.47285
33
-8.24208
0
3DFACE
8
C1
10
2.17519
20
2.38277
30
-8.15586
11
2.15375
21
2.27773
31
-8.05318
12
2.30140
22
2.25936
32
-8.03978
13
2.32257
23
2.36660
33
-8.14049
0
3DFACE
8
C1
10
2.15375
20
2.27773
30
-8.05318
11
2.13166
21
2.17785
31
-7.94586
12
2.27958
22
2.15729
32
-7.93444
13
2.30140
23
2.25936
33
-8.03978
0
3DFACE
8
C1
10
2.13166
20
2.17785
30
-7.94586
11
2.10966
21
2.07720
31
-7.83924
12
2.25767
22
2.05598
32
-7.82841
13
2.27958
23
2.15729
33
-7.93444
0
3DFACE
8
C1
10
2.10966
20
2.07720
30
-7.83924
11
2.08819
21
1.97238
31
-7.73636
12
2.23609
22
1.95204
32
-7.72474
13
2.25767
23
2.05598
33
-7.82841
0
3DFACE
8
C1
10
2.08819
20
1.97238
30
-7.73636
11
2.06676
21
1.86723
31
-7.63378
12
2.21466
22
1.84688
32
-7.62216
13
2.23609
23
1.95204
33
-7.72474
0
3DFACE
8
C1
10
2.06676
20
1.86723
30
-7.63378
11
2.04569
21
1.75922
31
-7.53377
12
2.19346
22
1.73986
32
-7.52125
13
2.21466
23
1.84688
33
-7.62216
0
3DFACE
8
C1
10
2.04569
20
1.75922
30
-7.53377
11
2.02555
21
1.64374
31
-7.44045
12
2.17316
22
1.62570
32
-7.42676
13
2.19346
23
1.73986
33
-7.52125
0
3DFACE
8
C1
10
2.02555
20
1.64374
30
-7.44045
11
2.00548
21
1.52771
31
-7.34763
12
2.15292
22
1.51099
32
-7.33275
13
2.17316
23
1.62570
33
-7.42676
0
3DFACE
8
C1
10
2.00548
20
1.52771
30
-7.34763
11
1.98480
21
1.41652
31
-7.25047
12
2.13220
22
1.40013
32
-7.23530
13
2.15292
23
1.51099
33
-7.33275
0
3DFACE
8
C1
10
1.98480
20
1.41652
30
-7.25047
11
1.96389
21
1.30719
31
-7.15164
12
2.11113
22
1.29212
32
-7.13528
13
2.13220
23
1.40013
33
-7.23530
0
3DFACE
8
C1
10
1.96389
20
1.30719
30
-7.15164
11
1.94254
21
1.20138
31
-7.04965
12
2.08965
22
1.18741
32
-7.03231
13
2.11113
23
1.29212
33
-7.13528
0
3DFACE
8
C1
10
1.94254
20
1.20138
30
-7.04965
11
1.92091
21
1.09788
31
-6.94559
12
2.06791
22
1.08467
32
-6.92756
13
2.08965
23
1.18741
33
-7.03231
0
3DFACE
8
C1
10
1.92091
20
1.09788
30
-6.94559
11
1.89913
21
0.99547
31
-6.84054
12
2.04618
22
0.98194
32
-6.82281
13
2.06791
23
1.08467
33
-6.92756
0
3DFACE
8
C1
10
1.89913
20
0.99547
30
-6.84054
11
1.87740
21
0.89273
31
-6.73579
12
2.02463
22
0.87777
32
-6.71934
13
2.04618
23
0.98194
33
-6.82281
0
3DFACE
8
C1
10
1.87740
20
0.89273
30
-6.73579
11
1.85589
21
0.78824
31
-6.63262
12
2.00326
22
0.77207
32
-6.61725
13
2.02463
23
0.87777
33
-6.71934
0
3DFACE
8
C1
10
1.85589
20
0.78824
30
-6.63262
11
1.83459
21
0.68199
31
-6.53103
12
1.98197
22
0.66582
32
-6.51566
13
2.00326
23
0.77207
33
-6.61725
0
3DFACE
8
C1
10
1.83459
20
0.68199
30
-6.53103
11
1.81332
21
0.57563
31
-6.42953
12
1.96069
22
0.55946
32
-6.41416
13
1.98197
23
0.66582
33
-6.51566
0
3DFACE
8
C1
10
1.81332
20
0.57563
30
-6.42953
11
1.79202
21
0.46938
31
-6.32794
12
1.93940
22
0.45321
32
-6.31256
13
1.96069
23
0.55946
33
-6.41416
0
3DFACE
8
C1
10
1.79202
20
0.46938
30
-6.32794
11
1.77074
21
0.36302
31
-6.22644
12
1.91812
22
0.34685
32
-6.21107
13
1.93940
23
0.45321
33
-6.31256
0
3DFACE
8
C1
10
1.77074
20
0.36302
30
-6.22644
11
1.74945
21
0.25677
31
-6.12484
12
1.89683
22
0.24060
32
-6.10947
13
1.91812
23
0.34685
33
-6.21107
0
3DFACE
8
C1
10
1.74945
20
0.25677
30
-6.12484
11
1.72817
21
0.15041
31
-6.02335
12
1.87553
22
0.13434
32
-6.00788
13
1.89683
23
0.24060
33
-6.10947
0
3DFACE
8
C1
10
1.72817
20
0.15041
30
-6.02335
11
1.70688
21
0.04415
31
-5.92175
12
1.85425
22
0.02798
32
-5.90638
13
1.87553
23
0.13434
33
-6.00788
0
3DFACE
8
C1
10
1.70688
20
0.04415
30
-5.92175
11
1.68558
21
-0.06210
31
-5.82016
12
1.83296
22
-0.07827
32
-5.80479
13
1.85425
23
0.02798
33
-5.90638
0
3DFACE
8
C1
10
1.68558
20
-0.06210
30
-5.82016
11
1.66430
21
-0.16846
31
-5.71866
12
1.81168
22
-0.18463
32
-5.70329
13
1.83296
23
-0.07827
33
-5.80479
0
3DFACE
8
C1
10
1.66430
20
-0.16846
30
-5.71866
11
1.64285
21
-0.27339
31
-5.61588
12
1.79022
22
-0.28956
32
-5.60051
13
1.81168
23
-0.18463
33
-5.70329
0
3DFACE
8
C1
10
1.64285
20
-0.27339
30
-5.61588
11
1.62121
21
-0.37689
31
-5.51182
12
1.76859
22
-0.39307
32
-5.49645
13
1.79022
23
-0.28956
33
-5.60051
0
3DFACE
8
C1
10
2.62111
20
3.85060
30
-9.56597
11
2.59947
21
3.74710
31
-9.46191
12
2.74685
22
3.73093
32
-9.44654
13
2.76849
23
3.83443
33
-9.55060
0
3DFACE
8
C1
10
2.59947
20
3.74710
30
-9.46191
11
2.57802
21
3.64216
31
-9.35914
12
2.72539
22
3.62599
32
-9.34376
13
2.74685
23
3.73093
33
-9.44654
0
3DFACE
8
C1
10
2.57802
20
3.64216
30
-9.35914
11
2.55674
21
3.53580
31
-9.25764
12
2.70410
22
3.51974
32
-9.24217
13
2.72539
23
3.62599
33
-9.34376
0
3DFACE
8
C1
10
2.55674
20
3.53580
30
-9.25764
11
2.53544
21
3.42955
31
-9.15604
12
2.68282
22
3.41338
32
-9.14067
13
2.70410
23
3.51974
33
-9.24217
0
3DFACE
8
C1
10
2.53544
20
3.42955
30
-9.15604
11
2.51415
21
3.32330
31
-9.05445
12
2.66153
22
3.30713
32
-9.03908
13
2.68282
23
3.41338
33
-9.14067
0
3DFACE
8
C1
10
2.51415
20
3.32330
30
-9.05445
11
2.49287
21
3.21694
31
-8.95295
12
2.64025
22
3.20077
32
-8.93758
13
2.66153
23
3.30713
33
-9.03908
0
3DFACE
8
C1
10
2.49287
20
3.21694
30
-8.95295
11
2.47158
21
3.11069
31
-8.85136
12
2.61895
22
3.09452
32
-8.83599
13
2.64025
23
3.20077
33
-8.93758
0
3DFACE
8
C1
10
2.47158
20
3.11069
30
-8.85136
11
2.45030
21
3.00433
31
-8.74986
12
2.59767
22
2.98816
32
-8.73449
13
2.61895
23
3.09452
33
-8.83599
0
3DFACE
8
C1
10
2.45030
20
3.00433
30
-8.74986
11
2.42900
21
2.89808
31
-8.64827
12
2.57638
22
2.88191
32
-8.63289
13
2.59767
23
2.98816
33
-8.73449
0
3DFACE
8
C1
10
2.42900
20
2.89808
30
-8.64827
11
2.40772
21
2.79172
31
-8.54677
12
2.55509
22
2.77566
32
-8.53130
13
2.57638
23
2.88191
33
-8.63289
0
3DFACE
8
C1
10
2.40772
20
2.79172
30
-8.54677
11
2.38643
21
2.68547
31
-8.44517
12
2.53381
22
2.66930
32
-8.42980
13
2.55509
23
2.77566
33
-8.53130
0
3DFACE
8
C1
10
2.38643
20
2.68547
30
-8.44517
11
2.36514
21
2.57922
31
-8.34358
12
2.51251
22
2.56304
32
-8.32821
13
2.53381
23
2.66930
33
-8.42980
0
3DFACE
8
C1
10
2.36514
20
2.57922
30
-8.34358
11
2.34386
21
2.47285
31
-8.24208
12
2.49123
22
2.45668
32
-8.22671
13
2.51251
23
2.56304
33
-8.32821
0
3DFACE
8
C1
10
2.34386
20
2.47285
30
-8.24208
11
2.32257
21
2.36660
31
-8.14049
12
2.46994
22
2.35043
32
-8.12512
13
2.49123
23
2.45668
33
-8.22671
0
3DFACE
8
C1
10
2.32257
20
2.36660
30
-8.14049
11
2.30140
21
2.25936
31
-8.03978
12
2.44885
22
2.24253
32
-8.02500
13
2.46994
23
2.35043
33
-8.12512
0
3DFACE
8
C1
10
2.30140
20
2.25936
30
-8.03978
11
2.27958
21
2.15729
31
-7.93444
12
2.42727
22
2.13859
32
-7.92133
13
2.44885
23
2.24253
33
-8.02500
0
3DFACE
8
C1
10
2.27958
20
2.15729
30
-7.93444
11
2.25767
21
2.05598
31
-7.82841
12
2.40550
22
2.03618
32
-7.81629
13
2.42727
23
2.13859
33
-7.92133
0
3DFACE
8
C1
10
2.25767
20
2.05598
30
-7.82841
11
2.23609
21
1.95204
31
-7.72474
12
2.38389
22
1.93246
32
-7.71242
13
2.40550
23
2.03618
33
-7.81629
0
3DFACE
8
C1
10
2.23609
20
1.95204
30
-7.72474
11
2.21466
21
1.84688
31
-7.62216
12
2.36258
22
1.82632
32
-7.61073
13
2.38389
23
1.93246
33
-7.71242
0
3DFACE
8
C1
10
2.21466
20
1.84688
30
-7.62216
11
2.19346
21
1.73986
31
-7.52125
12
2.34147
22
1.71864
32
-7.51042
13
2.36258
23
1.82632
33
-7.61073
0
3DFACE
8
C1
10
2.19346
20
1.73986
30
-7.52125
11
2.17316
21
1.62570
31
-7.42676
12
2.32089
22
1.60668
32
-7.41395
13
2.34147
23
1.71864
33
-7.51042
0
3DFACE
8
C1
10
2.17316
20
1.62570
30
-7.42676
11
2.15292
21
1.51099
31
-7.33275
12
2.30041
22
1.49394
32
-7.31817
13
2.32089
23
1.60668
33
-7.41395
0
3DFACE
8
C1
10
2.15292
20
1.51099
30
-7.33275
11
2.13220
21
1.40013
31
-7.23530
12
2.27954
22
1.38429
32
-7.21963
13
2.30041
23
1.49394
33
-7.31817
0
3DFACE
8
C1
10
2.13220
20
1.40013
30
-7.23530
11
2.11113
21
1.29212
31
-7.13528
12
2.25826
22
1.27793
32
-7.11814
13
2.27954
23
1.38429
33
-7.21963
0
3DFACE
8
C1
10
2.11113
20
1.29212
30
-7.13528
11
2.08965
21
1.18741
31
-7.03231
12
2.23661
22
1.17453
32
-7.01398
13
2.25826
23
1.27793
33
-7.11814
0
3DFACE
8
C1
10
2.08965
20
1.18741
30
-7.03231
11
2.06791
21
1.08467
31
-6.92756
12
2.21490
22
1.07158
32
-6.90943
13
2.23661
23
1.17453
33
-7.01398
0
3DFACE
8
C1
10
2.06791
20
1.08467
30
-6.92756
11
2.04618
21
0.98194
31
-6.82281
12
2.19331
22
0.96774
32
-6.80566
13
2.21490
23
1.07158
33
-6.90943
0
3DFACE
8
C1
10
2.04618
20
0.98194
30
-6.82281
11
2.02463
21
0.87777
31
-6.71934
12
2.17192
22
0.86226
32
-6.70338
13
2.19331
23
0.96774
33
-6.80566
0
3DFACE
8
C1
10
2.02463
20
0.87777
30
-6.71934
11
2.00326
21
0.77207
31
-6.61725
12
2.15064
22
0.75590
32
-6.60188
13
2.17192
23
0.86226
33
-6.70338
0
3DFACE
8
C1
10
2.00326
20
0.77207
30
-6.61725
11
1.98197
21
0.66582
31
-6.51566
12
2.12935
22
0.64965
32
-6.50028
13
2.15064
23
0.75590
33
-6.60188
0
3DFACE
8
C1
10
1.98197
20
0.66582
30
-6.51566
11
1.96069
21
0.55946
31
-6.41416
12
2.10805
22
0.54340
32
-6.39869
13
2.12935
23
0.64965
33
-6.50028
0
3DFACE
8
C1
10
1.96069
20
0.55946
30
-6.41416
11
1.93940
21
0.45321
31
-6.31256
12
2.08677
22
0.43704
32
-6.29719
13
2.10805
23
0.54340
33
-6.39869
0
3DFACE
8
C1
10
1.93940
20
0.45321
30
-6.31256
11
1.91812
21
0.34685
31
-6.21107
12
2.06548
22
0.33079
32
-6.19560
13
2.08677
23
0.43704
33
-6.29719
0
3DFACE
8
C1
10
1.91812
20
0.34685
30
-6.21107
11
1.89683
21
0.24060
31
-6.10947
12
2.04420
22
0.22442
32
-6.09410
13
2.06548
23
0.33079
33
-6.19560
0
3DFACE
8
C1
10
1.89683
20
0.24060
30
-6.10947
11
1.87553
21
0.13434
31
-6.00788
12
2.02291
22
0.11817
32
-5.99251
13
2.04420
23
0.22442
33
-6.09410
0
3DFACE
8
C1
10
1.87553
20
0.13434
30
-6.00788
11
1.85425
21
0.02798
31
-5.90638
12
2.00163
22
0.01181
32
-5.89101
13
2.02291
23
0.11817
33
-5.99251
0
3DFACE
8
C1
10
1.85425
20
0.02798
30
-5.90638
11
1.83296
21
-0.07827
31
-5.80479
12
1.98034
22
-0.09444
32
-5.78941
13
2.00163
23
0.01181
33
-5.89101
0
3DFACE
8
C1
10
1.83296
20
-0.07827
30
-5.80479
11
1.81168
21
-0.18463
31
-5.70329
12
1.95906
22
-0.20080
32
-5.68792
13
1.98034
23
-0.09444
33
-5.78941
0
3DFACE
8
C1
10
1.81168
20
-0.18463
30
-5.70329
11
1.79022
21
-0.28956
31
-5.60051
12
1.93758
22
-0.30562
32
-5.58504
13
1.95906
23
-0.20080
33
-5.68792
0
3DFACE
8
C1
10
1.79022
20
-0.28956
30
-5.60051
11
1.76859
21
-0.39307
31
-5.49645
12
1.91596
22
-0.40924
32
-5.48108
13
1.93758
23
-0.30562
33
-5.58504
0
3DFACE
8
C1
10
2.76849
20
3.83443
30
-9.55060
11
2.74685
21
3.73093
31
-9.44654
12
2.89423
22
3.71475
32
-9.43117
13
2.91585
23
3.81837
33
-9.53513
0
3DFACE
8
C1
10
2.74685
20
3.73093
30
-9.44654
11
2.72539
21
3.62599
31
-9.34376
12
2.87277
22
3.60982
32
-9.32839
13
2.89423
23
3.71475
33
-9.43117
0
3DFACE
8
C1
10
2.72539
20
3.62599
30
-9.34376
11
2.70410
21
3.51974
31
-9.24217
12
2.85147
22
3.50357
32
-9.22680
13
2.87277
23
3.60982
33
-9.32839
0
3DFACE
8
C1
10
2.70410
20
3.51974
30
-9.24217
11
2.68282
21
3.41338
31
-9.14067
12
2.83019
22
3.39721
32
-9.12530
13
2.85147
23
3.50357
33
-9.22680
0
3DFACE
8
C1
10
2.68282
20
3.41338
30
-9.14067
11
2.66153
21
3.30713
31
-9.03908
12
2.80890
22
3.29096
32
-9.02371
13
2.83019
23
3.39721
33
-9.12530
0
3DFACE
8
C1
10
2.66153
20
3.30713
30
-9.03908
11
2.64025
21
3.20077
31
-8.93758
12
2.78762
22
3.18460
32
-8.92221
13
2.80890
23
3.29096
33
-9.02371
0
3DFACE
8
C1
10
2.64025
20
3.20077
30
-8.93758
11
2.61895
21
3.09452
31
-8.83599
12
2.76633
22
3.07835
32
-8.82061
13
2.78762
23
3.18460
33
-8.92221
0
3DFACE
8
C1
10
2.61895
20
3.09452
30
-8.83599
11
2.59767
21
2.98816
31
-8.73449
12
2.74504
22
2.97210
32
-8.71902
13
2.76633
23
3.07835
33
-8.82061
0
3DFACE
8
C1
10
2.59767
20
2.98816
30
-8.73449
11
2.57638
21
2.88191
31
-8.63289
12
2.72376
22
2.86574
32
-8.61752
13
2.74504
23
2.97210
33
-8.71902
0
3DFACE
8
C1
10
2.57638
20
2.88191
30
-8.63289
11
2.55509
21
2.77566
31
-8.53130
12
2.70246
22
2.75948
32
-8.51593
13
2.72376
23
2.86574
33
-8.61752
0
3DFACE
8
C1
10
2.55509
20
2.77566
30
-8.53130
11
2.53381
21
2.66930
31
-8.42980
12
2.68118
22
2.65312
32
-8.41443
13
2.70246
23
2.75948
33
-8.51593
0
3DFACE
8
C1
10
2.53381
20
2.66930
30
-8.42980
11
2.51251
21
2.56304
31
-8.32821
12
2.65989
22
2.54687
32
-8.31284
13
2.68118
23
2.65312
33
-8.41443
0
3DFACE
8
C1
10
2.51251
20
2.56304
30
-8.32821
11
2.49123
21
2.45668
31
-8.22671
12
2.63861
22
2.44051
32
-8.21134
13
2.65989
23
2.54687
33
-8.31284
0
3DFACE
8
C1
10
2.49123
20
2.45668
30
-8.22671
11
2.46994
21
2.35043
31
-8.12512
12
2.61732
22
2.33426
32
-8.10974
13
2.63861
23
2.44051
33
-8.21134
0
3DFACE
8
C1
10
2.46994
20
2.35043
30
-8.12512
11
2.44885
21
2.24253
31
-8.02500
12
2.59602
22
2.22801
32
-8.00815
13
2.61732
23
2.33426
33
-8.10974
0
3DFACE
8
C1
10
2.44885
20
2.24253
30
-8.02500
11
2.42727
21
2.13859
31
-7.92133
12
2.57462
22
2.12264
32
-7.90577
13
2.59602
23
2.22801
33
-8.00815
0
3DFACE
8
C1
10
2.42727
20
2.13859
30
-7.92133
11
2.40550
21
2.03618
31
-7.81629
12
2.55304
22
2.01869
32
-7.80210
13
2.57462
23
2.12264
33
-7.90577
0
3DFACE
8
C1
10
2.40550
20
2.03618
30
-7.81629
11
2.38389
21
1.93246
31
-7.71242
12
2.53153
22
1.91420
32
-7.69893
13
2.55304
23
2.01869
33
-7.80210
0
3DFACE
8
C1
10
2.38389
20
1.93246
30
-7.71242
11
2.36258
21
1.82632
31
-7.61073
12
2.51041
22
1.80652
32
-7.59861
13
2.53153
23
1.91420
33
-7.69893
0
3DFACE
8
C1
10
2.36258
20
1.82632
30
-7.61073
11
2.34147
21
1.71864
31
-7.51042
12
2.48950
22
1.69719
32
-7.49978
13
2.51041
23
1.80652
33
-7.59861
0
3DFACE
8
C1
10
2.34147
20
1.71864
30
-7.51042
11
2.32089
21
1.60668
31
-7.41395
12
2.46869
22
1.58710
32
-7.40164
13
2.48950
23
1.69719
33
-7.49978
0
3DFACE
8
C1
10
2.32089
20
1.60668
30
-7.41395
11
2.30041
21
1.49394
31
-7.31817
12
2.44784
22
1.47733
32
-7.30320
13
2.46869
23
1.58710
33
-7.40164
0
3DFACE
8
C1
10
2.30041
20
1.49394
30
-7.31817
11
2.27954
21
1.38429
31
-7.21963
12
2.42676
22
1.36932
32
-7.20318
13
2.44784
23
1.47733
33
-7.30320
0
3DFACE
8
C1
10
2.27954
20
1.38429
30
-7.21963
11
2.25826
21
1.27793
31
-7.11814
12
2.40531
22
1.26439
32
-7.10040
13
2.42676
23
1.36932
33
-7.20318
0
3DFACE
8
C1
10
2.25826
20
1.27793
30
-7.11814
11
2.23661
21
1.17453
31
-7.01398
12
2.38364
22
1.16111
32
-6.99614
13
2.40531
23
1.26439
33
-7.10040
0
3DFACE
8
C1
10
2.23661
20
1.17453
30
-7.01398
11
2.21490
21
1.07158
31
-6.90943
12
2.36201
22
1.05760
32
-6.89208
13
2.38364
23
1.16111
33
-6.99614
0
3DFACE
8
C1
10
2.21490
20
1.07158
30
-6.90943
11
2.19331
21
0.96774
31
-6.80566
12
2.34059
22
0.95234
32
-6.78960
13
2.36201
23
1.05760
33
-6.89208
0
3DFACE
8
C1
10
2.19331
20
0.96774
30
-6.80566
11
2.17192
21
0.86226
31
-6.70338
12
2.31930
22
0.84609
32
-6.68800
13
2.34059
23
0.95234
33
-6.78960
0
3DFACE
8
C1
10
2.17192
20
0.86226
30
-6.70338
11
2.15064
21
0.75590
31
-6.60188
12
2.29800
22
0.73984
32
-6.58641
13
2.31930
23
0.84609
33
-6.68800
0
3DFACE
8
C1
10
2.15064
20
0.75590
30
-6.60188
11
2.12935
21
0.64965
31
-6.50028
12
2.27672
22
0.63348
32
-6.48491
13
2.29800
23
0.73984
33
-6.58641
0
3DFACE
8
C1
10
2.12935
20
0.64965
30
-6.50028
11
2.10805
21
0.54340
31
-6.39869
12
2.25543
22
0.52723
32
-6.38332
13
2.27672
23
0.63348
33
-6.48491
0
3DFACE
8
C1
10
2.10805
20
0.54340
30
-6.39869
11
2.08677
21
0.43704
31
-6.29719
12
2.23415
22
0.42086
32
-6.28182
13
2.25543
23
0.52723
33
-6.38332
0
3DFACE
8
C1
10
2.08677
20
0.43704
30
-6.29719
11
2.06548
21
0.33079
31
-6.19560
12
2.21286
22
0.31461
32
-6.18023
13
2.23415
23
0.42086
33
-6.28182
0
3DFACE
8
C1
10
2.06548
20
0.33079
30
-6.19560
11
2.04420
21
0.22442
31
-6.09410
12
2.19158
22
0.20825
32
-6.07873
13
2.21286
23
0.31461
33
-6.18023
0
3DFACE
8
C1
10
2.04420
20
0.22442
30
-6.09410
11
2.02291
21
0.11817
31
-5.99251
12
2.17028
22
0.10200
32
-5.97714
13
2.19158
23
0.20825
33
-6.07873
0
3DFACE
8
C1
10
2.02291
20
0.11817
30
-5.99251
11
2.00163
21
0.01181
31
-5.89101
12
2.14899
22
-0.00425
32
-5.87554
13
2.17028
23
0.10200
33
-5.97714
0
3DFACE
8
C1
10
2.00163
20
0.01181
30
-5.89101
11
1.98034
21
-0.09444
31
-5.78941
12
2.12771
22
-0.11061
32
-5.77404
13
2.14899
23
-0.00425
33
-5.87554
0
3DFACE
8
C1
10
1.98034
20
-0.09444
30
-5.78941
11
1.95906
21
-0.20080
31
-5.68792
12
2.10642
22
-0.21686
32
-5.67245
13
2.12771
23
-0.11061
33
-5.77404
0
3DFACE
8
C1
10
1.95906
20
-0.20080
30
-5.68792
11
1.93758
21
-0.30562
31
-5.58504
12
2.08496
22
-0.32179
32
-5.56967
13
2.10642
23
-0.21686
33
-5.67245
0
3DFACE
8
C1
10
1.93758
20
-0.30562
30
-5.58504
11
1.91596
21
-0.40924
31
-5.48108
12
2.06334
22
-0.42541
32
-5.46571
13
2.08496
23
-0.32179
33
-5.56967
0
3DFACE
8
C1
10
2.91585
20
3.81837
30
-9.53513
11
2.89423
21
3.71475
31
-9.43117
12
3.04160
22
3.69858
32
-9.41580
13
3.06322
23
3.80220
33
-9.51976
0
3DFACE
8
C1
10
2.89423
20
3.71475
30
-9.43117
11
2.87277
21
3.60982
31
-9.32839
12
3.02014
22
3.59365
32
-9.31302
13
3.04160
23
3.69858
33
-9.41580
0
3DFACE
8
C1
10
2.87277
20
3.60982
30
-9.32839
11
2.85147
21
3.50357
31
-9.22680
12
2.99885
22
3.48740
32
-9.21143
13
3.02014
23
3.59365
33
-9.31302
0
3DFACE
8
C1
10
2.85147
20
3.50357
30
-9.22680
11
2.83019
21
3.39721
31
-9.12530
12
2.97757
22
3.38104
32
-9.10993
13
2.99885
23
3.48740
33
-9.21143
0
3DFACE
8
C1
10
2.83019
20
3.39721
30
-9.12530
11
2.80890
21
3.29096
31
-9.02371
12
2.95628
22
3.27479
32
-9.00833
13
2.97757
23
3.38104
33
-9.10993
0
3DFACE
8
C1
10
2.80890
20
3.29096
30
-9.02371
11
2.78762
21
3.18460
31
-8.92221
12
2.93498
22
3.16854
32
-8.90674
13
2.95628
23
3.27479
33
-9.00833
0
3DFACE
8
C1
10
2.78762
20
3.18460
30
-8.92221
11
2.76633
21
3.07835
31
-8.82061
12
2.91370
22
3.06218
32
-8.80524
13
2.93498
23
3.16854
33
-8.90674
0
3DFACE
8
C1
10
2.76633
20
3.07835
30
-8.82061
11
2.74504
21
2.97210
31
-8.71902
12
2.89241
22
2.95593
32
-8.70365
13
2.91370
23
3.06218
33
-8.80524
0
3DFACE
8
C1
10
2.74504
20
2.97210
30
-8.71902
11
2.72376
21
2.86574
31
-8.61752
12
2.87113
22
2.84956
32
-8.60215
13
2.89241
23
2.95593
33
-8.70365
0
3DFACE
8
C1
10
2.72376
20
2.86574
30
-8.61752
11
2.70246
21
2.75948
31
-8.51593
12
2.84984
22
2.74331
32
-8.50056
13
2.87113
23
2.84956
33
-8.60215
0
3DFACE
8
C1
10
2.70246
20
2.75948
30
-8.51593
11
2.68118
21
2.65312
31
-8.41443
12
2.82856
22
2.63695
32
-8.39906
13
2.84984
23
2.74331
33
-8.50056
0
3DFACE
8
C1
10
2.68118
20
2.65312
30
-8.41443
11
2.65989
21
2.54687
31
-8.31284
12
2.80727
22
2.53070
32
-8.29746
13
2.82856
23
2.63695
33
-8.39906
0
3DFACE
8
C1
10
2.65989
20
2.54687
30
-8.31284
11
2.63861
21
2.44051
31
-8.21134
12
2.78597
22
2.42445
32
-8.19587
13
2.80727
23
2.53070
33
-8.29746
0
3DFACE
8
C1
10
2.63861
20
2.44051
30
-8.21134
11
2.61732
21
2.33426
31
-8.10974
12
2.76469
22
2.31809
32
-8.09437
13
2.78597
23
2.42445
33
-8.19587
0
3DFACE
8
C1
10
2.61732
20
2.33426
30
-8.10974
11
2.59602
21
2.22801
31
-8.00815
12
2.74340
22
2.21184
32
-7.99278
13
2.76469
23
2.31809
33
-8.09437
0
3DFACE
8
C1
10
2.59602
20
2.22801
30
-8.00815
11
2.57462
21
2.12264
31
-7.90577
12
2.72216
22
2.10515
32
-7.89158
13
2.74340
23
2.21184
33
-7.99278
0
3DFACE
8
C1
10
2.57462
20
2.12264
30
-7.90577
11
2.55304
21
2.01869
31
-7.80210
12
2.70072
22
2.00011
32
-7.78890
13
2.72216
23
2.10515
33
-7.89158
0
3DFACE
8
C1
10
2.55304
20
2.01869
30
-7.80210
11
2.53153
21
1.91420
31
-7.69893
12
2.67942
22
1.89386
32
-7.68730
13
2.70072
23
2.00011
33
-7.78890
0
3DFACE
8
C1
10
2.53153
20
1.91420
30
-7.69893
11
2.51041
21
1.80652
31
-7.59861
12
2.65838
22
1.78563
32
-7.58748
13
2.67942
23
1.89386
33
-7.68730
0
3DFACE
8
C1
10
2.51041
20
1.80652
30
-7.59861
11
2.48950
21
1.69719
31
-7.49978
12
2.63743
22
1.67663
32
-7.48835
13
2.65838
23
1.78563
33
-7.58748
0
3DFACE
8
C1
10
2.48950
20
1.69719
30
-7.49978
11
2.46869
21
1.58710
31
-7.40164
12
2.61633
22
1.56884
32
-7.38814
13
2.63743
23
1.67663
33
-7.48835
0
3DFACE
8
C1
10
2.46869
20
1.58710
30
-7.40164
11
2.44784
21
1.47733
31
-7.30320
12
2.59520
22
1.46127
32
-7.28773
13
2.61633
23
1.56884
33
-7.38814
0
3DFACE
8
C1
10
2.44784
20
1.47733
30
-7.30320
11
2.42676
21
1.36932
31
-7.20318
12
2.57391
22
1.35502
32
-7.18613
13
2.59520
23
1.46127
33
-7.28773
0
3DFACE
8
C1
10
2.42676
20
1.36932
30
-7.20318
11
2.40531
21
1.26439
31
-7.10040
12
2.55238
22
1.25064
32
-7.08286
13
2.57391
23
1.35502
33
-7.18613
0
3DFACE
8
C1
10
2.40531
20
1.26439
30
-7.10040
11
2.38364
21
1.16111
31
-6.99614
12
2.53076
22
1.14702
32
-6.97890
13
2.55238
23
1.25064
33
-7.08286
0
3DFACE
8
C1
10
2.38364
20
1.16111
30
-6.99614
11
2.36201
21
1.05760
31
-6.89208
12
2.50924
22
1.04253
32
-6.87573
13
2.53076
23
1.14702
33
-6.97890
0
3DFACE
8
C1
10
2.36201
20
1.05760
30
-6.89208
11
2.34059
21
0.95234
31
-6.78960
12
2.48795
22
0.93628
32
-6.77413
13
2.50924
23
1.04253
33
-6.87573
0
3DFACE
8
C1
10
2.34059
20
0.95234
30
-6.78960
11
2.31930
21
0.84609
31
-6.68800
12
2.46667
22
0.82992
32
-6.67263
13
2.48795
23
0.93628
33
-6.77413
0
3DFACE
8
C1
10
2.31930
20
0.84609
30
-6.68800
11
2.29800
21
0.73984
31
-6.58641
12
2.44538
22
0.72367
32
-6.57104
13
2.46667
23
0.82992
33
-6.67263
0
3DFACE
8
C1
10
2.29800
20
0.73984
30
-6.58641
11
2.27672
21
0.63348
31
-6.48491
12
2.42410
22
0.61731
32
-6.46954
13
2.44538
23
0.72367
33
-6.57104
0
3DFACE
8
C1
10
2.27672
20
0.63348
30
-6.48491
11
2.25543
21
0.52723
31
-6.38332
12
2.40281
22
0.51105
32
-6.36795
13
2.42410
23
0.61731
33
-6.46954
0
3DFACE
8
C1
10
2.25543
20
0.52723
30
-6.38332
11
2.23415
21
0.42086
31
-6.28182
12
2.38153
22
0.40469
32
-6.26645
13
2.40281
23
0.51105
33
-6.36795
0
3DFACE
8
C1
10
2.23415
20
0.42086
30
-6.28182
11
2.21286
21
0.31461
31
-6.18023
12
2.36023
22
0.29844
32
-6.16486
13
2.38153
23
0.40469
33
-6.26645
0
3DFACE
8
C1
10
2.21286
20
0.31461
30
-6.18023
11
2.19158
21
0.20825
31
-6.07873
12
2.33894
22
0.19219
32
-6.06326
13
2.36023
23
0.29844
33
-6.16486
0
3DFACE
8
C1
10
2.19158
20
0.20825
30
-6.07873
11
2.17028
21
0.10200
31
-5.97714
12
2.31766
22
0.08583
32
-5.96176
13
2.33894
23
0.19219
33
-6.06326
0
3DFACE
8
C1
10
2.17028
20
0.10200
30
-5.97714
11
2.14899
21
-0.00425
31
-5.87554
12
2.29637
22
-0.02042
32
-5.86017
13
2.31766
23
0.08583
33
-5.96176
0
3DFACE
8
C1
10
2.14899
20
-0.00425
30
-5.87554
11
2.12771
21
-0.11061
31
-5.77404
12
2.27509
22
-0.12678
32
-5.75867
13
2.29637
23
-0.02042
33
-5.86017
0
3DFACE
8
C1
10
2.12771
20
-0.11061
30
-5.77404
11
2.10642
21
-0.21686
31
-5.67245
12
2.25379
22
-0.23303
32
-5.65708
13
2.27509
23
-0.12678
33
-5.75867
0
3DFACE
8
C1
10
2.10642
20
-0.21686
30
-5.67245
11
2.08496
21
-0.32179
31
-5.56967
12
2.23234
22
-0.33796
32
-5.55430
13
2.25379
23
-0.23303
33
-5.65708
0
3DFACE
8
C1
10
2.08496
20
-0.32179
30
-5.56967
11
2.06334
21
-0.42541
31
-5.46571
12
2.21071
22
-0.44158
32
-5.45034
13
2.23234
23
-0.33796
33
-5.55430
0
3DFACE
8
C1
10
3.06322
20
3.80220
30
-9.51976
11
3.04160
21
3.69858
31
-9.41580
12
3.18898
22
3.68241
32
-9.40043
13
3.21060
23
3.78603
33
-9.50439
0
3DFACE
8
C1
10
3.04160
20
3.69858
30
-9.41580
11
3.02014
21
3.59365
31
-9.31302
12
3.16752
22
3.57748
32
-9.29765
13
3.18898
23
3.68241
33
-9.40043
0
3DFACE
8
C1
10
3.02014
20
3.59365
30
-9.31302
11
2.99885
21
3.48740
31
-9.21143
12
3.14623
22
3.47123
32
-9.19606
13
3.16752
23
3.57748
33
-9.29765
0
3DFACE
8
C1
10
2.99885
20
3.48740
30
-9.21143
11
2.97757
21
3.38104
31
-9.10993
12
3.12493
22
3.36498
32
-9.09446
13
3.14623
23
3.47123
33
-9.19606
0
3DFACE
8
C1
10
2.97757
20
3.38104
30
-9.10993
11
2.95628
21
3.27479
31
-9.00833
12
3.10365
22
3.25862
32
-8.99296
13
3.12493
23
3.36498
33
-9.09446
0
3DFACE
8
C1
10
2.95628
20
3.27479
30
-9.00833
11
2.93498
21
3.16854
31
-8.90674
12
3.08236
22
3.15237
32
-8.89137
13
3.10365
23
3.25862
33
-8.99296
0
3DFACE
8
C1
10
2.93498
20
3.16854
30
-8.90674
11
2.91370
21
3.06218
31
-8.80524
12
3.06108
22
3.04601
32
-8.78987
13
3.08236
23
3.15237
33
-8.89137
0
3DFACE
8
C1
10
2.91370
20
3.06218
30
-8.80524
11
2.89241
21
2.95593
31
-8.70365
12
3.03979
22
2.93975
32
-8.68828
13
3.06108
23
3.04601
33
-8.78987
0
3DFACE
8
C1
10
2.89241
20
2.95593
30
-8.70365
11
2.87113
21
2.84956
31
-8.60215
12
3.01851
22
2.83339
32
-8.58678
13
3.03979
23
2.93975
33
-8.68828
0
3DFACE
8
C1
10
2.87113
20
2.84956
30
-8.60215
11
2.84984
21
2.74331
31
-8.50056
12
2.99721
22
2.72714
32
-8.48519
13
3.01851
23
2.83339
33
-8.58678
0
3DFACE
8
C1
10
2.84984
20
2.74331
30
-8.50056
11
2.82856
21
2.63695
31
-8.39906
12
2.97592
22
2.62089
32
-8.38359
13
2.99721
23
2.72714
33
-8.48519
0
3DFACE
8
C1
10
2.82856
20
2.63695
30
-8.39906
11
2.80727
21
2.53070
31
-8.29746
12
2.95464
22
2.51453
32
-8.28209
13
2.97592
23
2.62089
33
-8.38359
0
3DFACE
8
C1
10
2.80727
20
2.53070
30
-8.29746
11
2.78597
21
2.42445
31
-8.19587
12
2.93335
22
2.40828
32
-8.18050
13
2.95464
23
2.51453
33
-8.28209
0
3DFACE
8
C1
10
2.78597
20
2.42445
30
-8.19587
11
2.76469
21
2.31809
31
-8.09437
12
2.91207
22
2.30192
32
-8.07900
13
2.93335
23
2.40828
33
-8.18050
0
3DFACE
8
C1
10
2.76469
20
2.31809
30
-8.09437
11
2.74340
21
2.21184
31
-7.99278
12
2.89078
22
2.19567
32
-7.97741
13
2.91207
23
2.30192
33
-8.07900
0
3DFACE
8
C1
10
2.74340
20
2.21184
30
-7.99278
11
2.72216
21
2.10515
31
-7.89158
12
2.86950
22
2.08931
32
-7.87591
13
2.89078
23
2.19567
33
-7.97741
0
3DFACE
8
C1
10
2.72216
20
2.10515
30
-7.89158
11
2.70072
21
2.00011
31
-7.78890
12
2.84815
22
1.98350
32
-7.77392
13
2.86950
23
2.08931
33
-7.87591
0
3DFACE
8
C1
10
2.70072
20
2.00011
30
-7.78890
11
2.67942
21
1.89386
31
-7.68730
12
2.82703
22
1.87582
32
-7.67361
13
2.84815
23
1.98350
33
-7.77392
0
3DFACE
8
C1
10
2.67942
20
1.89386
30
-7.68730
11
2.65838
21
1.78563
31
-7.58748
12
2.80600
22
1.76748
32
-7.57389
13
2.82703
23
1.87582
33
-7.67361
0
3DFACE
8
C1
10
2.65838
20
1.78563
30
-7.58748
11
2.63743
21
1.67663
31
-7.48835
12
2.78497
22
1.65914
32
-7.47416
13
2.80600
23
1.76748
33
-7.57389
0
3DFACE
8
C1
10
2.63743
20
1.67663
30
-7.48835
11
2.61633
21
1.56884
31
-7.38814
12
2.76376
22
1.55223
32
-7.37316
13
2.78497
23
1.65914
33
-7.47416
0
3DFACE
8
C1
10
2.61633
20
1.56884
30
-7.38814
11
2.59520
21
1.46127
31
-7.28773
12
2.74253
22
1.44543
32
-7.27206
13
2.76376
23
1.55223
33
-7.37316
0
3DFACE
8
C1
10
2.59520
20
1.46127
30
-7.28773
11
2.57391
21
1.35502
31
-7.18613
12
2.72106
22
1.34061
32
-7.16918
13
2.74253
23
1.44543
33
-7.27206
0
3DFACE
8
C1
10
2.57391
20
1.35502
30
-7.18613
11
2.55238
21
1.25064
31
-7.08286
12
2.69952
22
1.23633
32
-7.06581
13
2.72106
23
1.34061
33
-7.16918
0
3DFACE
8
C1
10
2.55238
20
1.25064
30
-7.08286
11
2.53076
21
1.14702
31
-6.97890
12
2.67798
22
1.13206
32
-6.96244
13
2.69952
23
1.23633
33
-7.06581
0
3DFACE
8
C1
10
2.53076
20
1.14702
30
-6.97890
11
2.50924
21
1.04253
31
-6.87573
12
2.65662
22
1.02636
32
-6.86035
13
2.67798
23
1.13206
33
-6.96244
0
3DFACE
8
C1
10
2.50924
20
1.04253
30
-6.87573
11
2.48795
21
0.93628
31
-6.77413
12
2.63533
22
0.92011
32
-6.75876
13
2.65662
23
1.02636
33
-6.86035
0
3DFACE
8
C1
10
2.48795
20
0.93628
30
-6.77413
11
2.46667
21
0.82992
31
-6.67263
12
2.61405
22
0.81375
32
-6.65726
13
2.63533
23
0.92011
33
-6.75876
0
3DFACE
8
C1
10
2.46667
20
0.82992
30
-6.67263
11
2.44538
21
0.72367
31
-6.57104
12
2.59275
22
0.70750
32
-6.55567
13
2.61405
23
0.81375
33
-6.65726
0
3DFACE
8
C1
10
2.44538
20
0.72367
30
-6.57104
11
2.42410
21
0.61731
31
-6.46954
12
2.57147
22
0.60113
32
-6.45417
13
2.59275
23
0.70750
33
-6.55567
0
3DFACE
8
C1
10
2.42410
20
0.61731
30
-6.46954
11
2.40281
21
0.51105
31
-6.36795
12
2.55018
22
0.49488
32
-6.35258
13
2.57147
23
0.60113
33
-6.45417
0
3DFACE
8
C1
10
2.40281
20
0.51105
30
-6.36795
11
2.38153
21
0.40469
31
-6.26645
12
2.52889
22
0.38863
32
-6.25098
13
2.55018
23
0.49488
33
-6.35258
0
3DFACE
8
C1
10
2.38153
20
0.40469
30
-6.26645
11
2.36023
21
0.29844
31
-6.16486
12
2.50761
22
0.28227
32
-6.14948
13
2.52889
23
0.38863
33
-6.25098
0
3DFACE
8
C1
10
2.36023
20
0.29844
30
-6.16486
11
2.33894
21
0.19219
31
-6.06326
12
2.48632
22
0.17602
32
-6.04789
13
2.50761
23
0.28227
33
-6.14948
0
3DFACE
8
C1
10
2.33894
20
0.19219
30
-6.06326
11
2.31766
21
0.08583
31
-5.96176
12
2.46504
22
0.06966
32
-5.94639
13
2.48632
23
0.17602
33
-6.04789
0
3DFACE
8
C1
10
2.31766
20
0.08583
30
-5.96176
11
2.29637
21
-0.02042
31
-5.86017
12
2.44374
22
-0.03659
32
-5.84480
13
2.46504
23
0.06966
33
-5.94639
0
3DFACE
8
C1
10
2.29637
20
-0.02042
30
-5.86017
11
2.27509
21
-0.12678
31
-5.75867
12
2.42246
22
-0.14295
32
-5.74330
13
2.44374
23
-0.03659
33
-5.84480
0
3DFACE
8
C1
10
2.27509
20
-0.12678
30
-5.75867
11
2.25379
21
-0.23303
31
-5.65708
12
2.40117
22
-0.24920
32
-5.64171
13
2.42246
23
-0.14295
33
-5.74330
0
3DFACE
8
C1
10
2.25379
20
-0.23303
30
-5.65708
11
2.23234
21
-0.33796
31
-5.55430
12
2.37971
22
-0.35414
32
-5.53893
13
2.40117
23
-0.24920
33
-5.64171
0
3DFACE
8
C1
10
2.23234
20
-0.33796
30
-5.55430
11
2.21071
21
-0.44158
31
-5.45034
12
2.35808
22
-0.45764
32
-5.43487
13
2.37971
23
-0.35414
33
-5.53893
0
3DFACE
8
C1
10
3.21060
20
3.78603
30
-9.50439
11
3.18898
21
3.68241
31
-9.40043
12
3.33634
22
3.66635
32
-9.38496
13
3.35798
23
3.76986
33
-9.48902
0
3DFACE
8
C1
10
3.18898
20
3.68241
30
-9.40043
11
3.16752
21
3.57748
31
-9.29765
12
3.31488
22
3.56142
32
-9.28218
13
3.33634
23
3.66635
33
-9.38496
0
3DFACE
8
C1
10
3.16752
20
3.57748
30
-9.29765
11
3.14623
21
3.47123
31
-9.19606
12
3.29360
22
3.45506
32
-9.18068
13
3.31488
23
3.56142
33
-9.28218
0
3DFACE
8
C1
10
3.14623
20
3.47123
30
-9.19606
11
3.12493
21
3.36498
31
-9.09446
12
3.27231
22
3.34881
32
-9.07909
13
3.29360
23
3.45506
33
-9.18068
0
3DFACE
8
C1
10
3.12493
20
3.36498
30
-9.09446
11
3.10365
21
3.25862
31
-8.99296
12
3.25103
22
3.24245
32
-8.97759
13
3.27231
23
3.34881
33
-9.07909
0
3DFACE
8
C1
10
3.10365
20
3.25862
30
-8.99296
11
3.08236
21
3.15237
31
-8.89137
12
3.22974
22
3.13620
32
-8.87600
13
3.25103
23
3.24245
33
-8.97759
0
3DFACE
8
C1
10
3.08236
20
3.15237
30
-8.89137
11
3.06108
21
3.04601
31
-8.78987
12
3.20846
22
3.02983
32
-8.77450
13
3.22974
23
3.13620
33
-8.87600
0
3DFACE
8
C1
10
3.06108
20
3.04601
30
-8.78987
11
3.03979
21
2.93975
31
-8.68828
12
3.18716
22
2.92358
32
-8.67291
13
3.20846
23
3.02983
33
-8.77450
0
3DFACE
8
C1
10
3.03979
20
2.93975
30
-8.68828
11
3.01851
21
2.83339
31
-8.58678
12
3.16587
22
2.81733
32
-8.57131
13
3.18716
23
2.92358
33
-8.67291
0
3DFACE
8
C1
10
3.01851
20
2.83339
30
-8.58678
11
2.99721
21
2.72714
31
-8.48519
12
3.14459
22
2.71097
32
-8.46981
13
3.16587
23
2.81733
33
-8.57131
0
3DFACE
8
C1
10
2.99721
20
2.72714
30
-8.48519
11
2.97592
21
2.62089
31
-8.38359
12
3.12330
22
2.60472
32
-8.36822
13
3.14459
23
2.71097
33
-8.46981
0
3DFACE
8
C1
10
2.97592
20
2.62089
30
-8.38359
11
2.95464
21
2.51453
31
-8.28209
12
3.10202
22
2.49836
32
-8.26672
13
3.12330
23
2.60472
33
-8.36822
0
3DFACE
8
C1
10
2.95464
20
2.51453
30
-8.28209
11
2.93335
21
2.40828
31
-8.18050
12
3.08073
22
2.39211
32
-8.16513
13
3.10202
23
2.49836
33
-8.26672
0
3DFACE
8
C1
10
2.93335
20
2.40828
30
-8.18050
11
2.91207
21
2.30192
31
-8.07900
12
3.05945
22
2.28575
32
-8.06363
13
3.08073
23
2.39211
33
-8.16513
0
3DFACE
8
C1
10
2.91207
20
2.30192
30
-8.07900
11
2.89078
21
2.19567
31
-7.97741
12
3.03815
22
2.17950
32
-7.96204
13
3.05945
23
2.28575
33
-8.06363
0
3DFACE
8
C1
10
2.89078
20
2.19567
30
-7.97741
11
2.86950
21
2.08931
31
-7.87591
12
3.01686
22
2.07325
32
-7.86044
13
3.03815
23
2.17950
33
-7.96204
0
3DFACE
8
C1
10
2.86950
20
2.08931
30
-7.87591
11
2.84815
21
1.98350
31
-7.77392
12
2.99554
22
1.96721
32
-7.75865
13
3.01686
23
2.07325
33
-7.86044
0
3DFACE
8
C1
10
2.84815
20
1.98350
30
-7.77392
11
2.82703
21
1.87582
31
-7.67361
12
2.97448
22
1.85910
32
-7.65873
13
2.99554
23
1.96721
33
-7.75865
0
3DFACE
8
C1
10
2.82703
20
1.87582
30
-7.67361
11
2.80600
21
1.76748
31
-7.57389
12
2.95342
22
1.75098
32
-7.55881
13
2.97448
23
1.85910
33
-7.65873
0
3DFACE
8
C1
10
2.80600
20
1.76748
30
-7.57389
11
2.78497
21
1.65914
31
-7.47416
12
2.93224
22
1.64385
32
-7.45800
13
2.95342
23
1.75098
33
-7.55881
0
3DFACE
8
C1
10
2.78497
20
1.65914
30
-7.47416
11
2.76376
21
1.55223
31
-7.37316
12
2.91094
22
1.53760
32
-7.35641
13
2.93224
23
1.64385
33
-7.45800
0
3DFACE
8
C1
10
2.76376
20
1.55223
30
-7.37316
11
2.74253
21
1.44543
31
-7.27206
12
2.88970
22
1.43091
32
-7.25521
13
2.91094
23
1.53760
33
-7.35641
0
3DFACE
8
C1
10
2.74253
20
1.44543
30
-7.27206
11
2.72106
21
1.34061
31
-7.16918
12
2.86818
22
1.32652
32
-7.15194
13
2.88970
23
1.43091
33
-7.25521
0
3DFACE
8
C1
10
2.72106
20
1.34061
30
-7.16918
11
2.69952
21
1.23633
31
-7.06581
12
2.84666
22
1.22203
32
-7.04876
13
2.86818
23
1.32652
33
-7.15194
0
3DFACE
8
C1
10
2.69952
20
1.23633
30
-7.06581
11
2.67798
21
1.13206
31
-6.96244
12
2.82528
22
1.11655
32
-6.94648
13
2.84666
23
1.22203
33
-7.04876
0
3DFACE
8
C1
10
2.67798
20
1.13206
30
-6.96244
11
2.65662
21
1.02636
31
-6.86035
12
2.80400
22
1.01019
32
-6.84498
13
2.82528
23
1.11655
33
-6.94648
0
3DFACE
8
C1
10
2.65662
20
1.02636
30
-6.86035
11
2.63533
21
0.92011
31
-6.75876
12
2.78270
22
0.90394
32
-6.74339
13
2.80400
23
1.01019
33
-6.84498
0
3DFACE
8
C1
10
2.63533
20
0.92011
30
-6.75876
11
2.61405
21
0.81375
31
-6.65726
12
2.76142
22
0.79758
32
-6.64189
13
2.78270
23
0.90394
33
-6.74339
0
3DFACE
8
C1
10
2.61405
20
0.81375
30
-6.65726
11
2.59275
21
0.70750
31
-6.55567
12
2.74013
22
0.69132
32
-6.54030
13
2.76142
23
0.79758
33
-6.64189
0
3DFACE
8
C1
10
2.59275
20
0.70750
30
-6.55567
11
2.57147
21
0.60113
31
-6.45417
12
2.71884
22
0.58507
32
-6.43870
13
2.74013
23
0.69132
33
-6.54030
0
3DFACE
8
C1
10
2.57147
20
0.60113
30
-6.45417
11
2.55018
21
0.49488
31
-6.35258
12
2.69756
22
0.47871
32
-6.33720
13
2.71884
23
0.58507
33
-6.43870
0
3DFACE
8
C1
10
2.55018
20
0.49488
30
-6.35258
11
2.52889
21
0.38863
31
-6.25098
12
2.67626
22
0.37246
32
-6.23561
13
2.69756
23
0.47871
33
-6.33720
0
3DFACE
8
C1
10
2.52889
20
0.38863
30
-6.25098
11
2.50761
21
0.28227
31
-6.14948
12
2.65498
22
0.26610
32
-6.13411
13
2.67626
23
0.37246
33
-6.23561
0
3DFACE
8
C1
10
2.50761
20
0.28227
30
-6.14948
11
2.48632
21
0.17602
31
-6.04789
12
2.63369
22
0.15985
32
-6.03252
13
2.65498
23
0.26610
33
-6.13411
0
3DFACE
8
C1
10
2.48632
20
0.17602
30
-6.04789
11
2.46504
21
0.06966
31
-5.94639
12
2.61241
22
0.05349
32
-5.93102
13
2.63369
23
0.15985
33
-6.03252
0
3DFACE
8
C1
10
2.46504
20
0.06966
30
-5.94639
11
2.44374
21
-0.03659
31
-5.84480
12
2.59112
22
-0.05276
32
-5.82943
13
2.61241
23
0.05349
33
-5.93102
0
3DFACE
8
C1
10
2.44374
20
-0.03659
30
-5.84480
11
2.42246
21
-0.14295
31
-5.74330
12
2.56983
22
-0.15901
32
-5.72783
13
2.59112
23
-0.05276
33
-5.82943
0
3DFACE
8
C1
10
2.42246
20
-0.14295
30
-5.74330
11
2.40117
21
-0.24920
31
-5.64171
12
2.54855
22
-0.26537
32
-5.62633
13
2.56983
23
-0.15901
33
-5.72783
0
3DFACE
8
C1
10
2.40117
20
-0.24920
30
-5.64171
11
2.37971
21
-0.35414
31
-5.53893
12
2.52709
22
-0.37031
32
-5.52356
13
2.54855
23
-0.26537
33
-5.62633
0
3DFACE
8
C1
10
2.37971
20
-0.35414
30
-5.53893
11
2.35808
21
-0.45764
31
-5.43487
12
2.50545
22
-0.47381
32
-5.41950
13
2.52709
23
-0.37031
33
-5.52356
0
3DFACE
8
C1
10
3.35798
20
3.76986
30
-9.48902
11
3.33634
21
3.66635
31
-9.38496
12
3.48372
22
3.65018
32
-9.36959
13
3.50535
23
3.75368
33
-9.47365
0
3DFACE
8
C1
10
3.33634
20
3.66635
30
-9.38496
11
3.31488
21
3.56142
31
-9.28218
12
3.46226
22
3.54525
32
-9.26681
13
3.48372
23
3.65018
33
-9.36959
0
3DFACE
8
C1
10
3.31488
20
3.56142
30
-9.28218
11
3.29360
21
3.45506
31
-9.18068
12
3.44098
22
3.43889
32
-9.16531
13
3.46226
23
3.54525
33
-9.26681
0
3DFACE
8
C1
10
3.29360
20
3.45506
30
-9.18068
11
3.27231
21
3.34881
31
-9.07909
12
3.41969
22
3.33264
32
-9.06372
13
3.44098
23
3.43889
33
-9.16531
0
3DFACE
8
C1
10
3.27231
20
3.34881
30
-9.07909
11
3.25103
21
3.24245
31
-8.97759
12
3.39841
22
3.22627
32
-8.96222
13
3.41969
23
3.33264
33
-9.06372
0
3DFACE
8
C1
10
3.25103
20
3.24245
30
-8.97759
11
3.22974
21
3.13620
31
-8.87600
12
3.37711
22
3.12002
32
-8.86063
13
3.39841
23
3.22627
33
-8.96222
0
3DFACE
8
C1
10
3.22974
20
3.13620
30
-8.87600
11
3.20846
21
3.02983
31
-8.77450
12
3.35582
22
3.01377
32
-8.75903
13
3.37711
23
3.12002
33
-8.86063
0
3DFACE
8
C1
10
3.20846
20
3.02983
30
-8.77450
11
3.18716
21
2.92358
31
-8.67291
12
3.33454
22
2.90741
32
-8.65753
13
3.35582
23
3.01377
33
-8.75903
0
3DFACE
8
C1
10
3.18716
20
2.92358
30
-8.67291
11
3.16587
21
2.81733
31
-8.57131
12
3.31325
22
2.80116
32
-8.55594
13
3.33454
23
2.90741
33
-8.65753
0
3DFACE
8
C1
10
3.16587
20
2.81733
30
-8.57131
11
3.14459
21
2.71097
31
-8.46981
12
3.29197
22
2.69480
32
-8.45444
13
3.31325
23
2.80116
33
-8.55594
0
3DFACE
8
C1
10
3.14459
20
2.71097
30
-8.46981
11
3.12330
21
2.60472
31
-8.36822
12
3.27067
22
2.58855
32
-8.35285
13
3.29197
23
2.69480
33
-8.45444
0
3DFACE
8
C1
10
3.12330
20
2.60472
30
-8.36822
11
3.10202
21
2.49836
31
-8.26672
12
3.24939
22
2.48219
32
-8.25135
13
3.27067
23
2.58855
33
-8.35285
0
3DFACE
8
C1
10
3.10202
20
2.49836
30
-8.26672
11
3.08073
21
2.39211
31
-8.16513
12
3.22810
22
2.37594
32
-8.14976
13
3.24939
23
2.48219
33
-8.25135
0
3DFACE
8
C1
10
3.08073
20
2.39211
30
-8.16513
11
3.05945
21
2.28575
31
-8.06363
12
3.20681
22
2.26969
32
-8.04816
13
3.22810
23
2.37594
33
-8.14976
0
3DFACE
8
C1
10
3.05945
20
2.28575
30
-8.06363
11
3.03815
21
2.17950
31
-7.96204
12
3.18553
22
2.16333
32
-7.94666
13
3.20681
23
2.26969
33
-8.04816
0
3DFACE
8
C1
10
3.03815
20
2.17950
30
-7.96204
11
3.01686
21
2.07325
31
-7.86044
12
3.16424
22
2.05707
32
-7.84507
13
3.18553
23
2.16333
33
-7.94666
0
3DFACE
8
C1
10
3.01686
20
2.07325
30
-7.86044
11
2.99554
21
1.96721
31
-7.75865
12
3.14296
22
1.95071
32
-7.74357
13
3.16424
23
2.05707
33
-7.84507
0
3DFACE
8
C1
10
2.99554
20
1.96721
30
-7.75865
11
2.97448
21
1.85910
31
-7.65873
12
3.12191
22
1.84249
32
-7.64375
13
3.14296
23
1.95071
33
-7.74357
0
3DFACE
8
C1
10
2.97448
20
1.85910
30
-7.65873
11
2.95342
21
1.75098
31
-7.55881
12
3.10074
22
1.73525
32
-7.54305
13
3.12191
23
1.84249
33
-7.64375
0
3DFACE
8
C1
10
2.95342
20
1.75098
30
-7.55881
11
2.93224
21
1.64385
31
-7.45800
12
3.07946
22
1.62889
32
-7.44155
13
3.10074
23
1.73525
33
-7.54305
0
3DFACE
8
C1
10
2.93224
20
1.64385
30
-7.45800
11
2.91094
21
1.53760
31
-7.35641
12
3.05817
22
1.52263
32
-7.33995
13
3.07946
23
1.62889
33
-7.44155
0
3DFACE
8
C1
10
2.91094
20
1.53760
30
-7.35641
11
2.88970
21
1.43091
31
-7.25521
12
3.03687
22
1.41638
32
-7.23836
13
3.05817
23
1.52263
33
-7.33995
0
3DFACE
8
C1
10
2.88970
20
1.43091
30
-7.25521
11
2.86818
21
1.32652
31
-7.15194
12
3.01535
22
1.31200
32
-7.13509
13
3.03687
23
1.41638
33
-7.23836
0
3DFACE
8
C1
10
2.86818
20
1.32652
30
-7.15194
11
2.84666
21
1.22203
31
-7.04876
12
2.99394
22
1.20663
32
-7.03270
13
3.01535
23
1.31200
33
-7.13509
0
3DFACE
8
C1
10
2.84666
20
1.22203
30
-7.04876
11
2.82528
21
1.11655
31
-6.94648
12
2.97265
22
1.10038
32
-6.93111
13
2.99394
23
1.20663
33
-7.03270
0
3DFACE
8
C1
10
2.82528
20
1.11655
30
-6.94648
11
2.80400
21
1.01019
31
-6.84498
12
2.95137
22
0.99402
32
-6.82961
13
2.97265
23
1.10038
33
-6.93111
0
3DFACE
8
C1
10
2.80400
20
1.01019
30
-6.84498
11
2.78270
21
0.90394
31
-6.74339
12
2.93008
22
0.88776
32
-6.72802
13
2.95137
23
0.99402
33
-6.82961
0
3DFACE
8
C1
10
2.78270
20
0.90394
30
-6.74339
11
2.76142
21
0.79758
31
-6.64189
12
2.90879
22
0.78151
32
-6.62642
13
2.93008
23
0.88776
33
-6.72802
0
3DFACE
8
C1
10
2.76142
20
0.79758
30
-6.64189
11
2.74013
21
0.69132
31
-6.54030
12
2.88751
22
0.67515
32
-6.52493
13
2.90879
23
0.78151
33
-6.62642
0
3DFACE
8
C1
10
2.74013
20
0.69132
30
-6.54030
11
2.71884
21
0.58507
31
-6.43870
12
2.86621
22
0.56890
32
-6.42333
13
2.88751
23
0.67515
33
-6.52493
0
3DFACE
8
C1
10
2.71884
20
0.58507
30
-6.43870
11
2.69756
21
0.47871
31
-6.33720
12
2.84493
22
0.46254
32
-6.32183
13
2.86621
23
0.56890
33
-6.42333
0
3DFACE
8
C1
10
2.69756
20
0.47871
30
-6.33720
11
2.67626
21
0.37246
31
-6.23561
12
2.82364
22
0.35629
32
-6.22024
13
2.84493
23
0.46254
33
-6.32183
0
3DFACE
8
C1
10
2.67626
20
0.37246
30
-6.23561
11
2.65498
21
0.26610
31
-6.13411
12
2.80236
22
0.24993
32
-6.11874
13
2.82364
23
0.35629
33
-6.22024
0
3DFACE
8
C1
10
2.65498
20
0.26610
30
-6.13411
11
2.63369
21
0.15985
31
-6.03252
12
2.78107
22
0.14368
32
-6.01715
13
2.80236
23
0.24993
33
-6.11874
0
3DFACE
8
C1
10
2.63369
20
0.15985
30
-6.03252
11
2.61241
21
0.05349
31
-5.93102
12
2.75977
22
0.03743
32
-5.91555
13
2.78107
23
0.14368
33
-6.01715
0
3DFACE
8
C1
10
2.61241
20
0.05349
30
-5.93102
11
2.59112
21
-0.05276
31
-5.82943
12
2.73850
22
-0.06893
32
-5.81406
13
2.75977
23
0.03743
33
-5.91555
0
3DFACE
8
C1
10
2.59112
20
-0.05276
30
-5.82943
11
2.56983
21
-0.15901
31
-5.72783
12
2.71720
22
-0.17518
32
-5.71246
13
2.73850
23
-0.06893
33
-5.81406
0
3DFACE
8
C1
10
2.56983
20
-0.15901
30
-5.72783
11
2.54855
21
-0.26537
31
-5.62633
12
2.69592
22
-0.28155
32
-5.61096
13
2.71720
23
-0.17518
33
-5.71246
0
3DFACE
8
C1
10
2.54855
20
-0.26537
30
-5.62633
11
2.52709
21
-0.37031
31
-5.52356
12
2.67446
22
-0.38648
32
-5.50819
13
2.69592
23
-0.28155
33
-5.61096
0
3DFACE
8
C1
10
2.52709
20
-0.37031
30
-5.52356
11
2.50545
21
-0.47381
31
-5.41950
12
2.65283
22
-0.48998
32
-5.40413
13
2.67446
23
-0.38648
33
-5.50819
0
3DFACE
8
C1
10
3.50535
20
3.75368
30
-9.47365
11
3.48372
21
3.65018
31
-9.36959
12
3.63109
22
3.63401
32
-9.35422
13
3.65273
23
3.73751
33
-9.45828
0
3DFACE
8
C1
10
3.48372
20
3.65018
30
-9.36959
11
3.46226
21
3.54525
31
-9.26681
12
3.60963
22
3.52908
32
-9.25144
13
3.63109
23
3.63401
33
-9.35422
0
3DFACE
8
C1
10
3.46226
20
3.54525
30
-9.26681
11
3.44098
21
3.43889
31
-9.16531
12
3.58834
22
3.42283
32
-9.14984
13
3.60963
23
3.52908
33
-9.25144
0
3DFACE
8
C1
10
3.44098
20
3.43889
30
-9.16531
11
3.41969
21
3.33264
31
-9.06372
12
3.56706
22
3.31646
32
-9.04835
13
3.58834
23
3.42283
33
-9.14984
0
3DFACE
8
C1
10
3.41969
20
3.33264
30
-9.06372
11
3.39841
21
3.22627
31
-8.96222
12
3.54577
22
3.21021
32
-8.94675
13
3.56706
23
3.31646
33
-9.04835
0
3DFACE
8
C1
10
3.39841
20
3.22627
30
-8.96222
11
3.37711
21
3.12002
31
-8.86063
12
3.52449
22
3.10385
32
-8.84525
13
3.54577
23
3.21021
33
-8.94675
0
3DFACE
8
C1
10
3.37711
20
3.12002
30
-8.86063
11
3.35582
21
3.01377
31
-8.75903
12
3.50320
22
2.99760
32
-8.74366
13
3.52449
23
3.10385
33
-8.84525
0
3DFACE
8
C1
10
3.35582
20
3.01377
30
-8.75903
11
3.33454
21
2.90741
31
-8.65753
12
3.48192
22
2.89124
32
-8.64216
13
3.50320
23
2.99760
33
-8.74366
0
3DFACE
8
C1
10
3.33454
20
2.90741
30
-8.65753
11
3.31325
21
2.80116
31
-8.55594
12
3.46062
22
2.78499
32
-8.54057
13
3.48192
23
2.89124
33
-8.64216
0
3DFACE
8
C1
10
3.31325
20
2.80116
30
-8.55594
11
3.29197
21
2.69480
31
-8.45444
12
3.43934
22
2.67863
32
-8.43907
13
3.46062
23
2.78499
33
-8.54057
0
3DFACE
8
C1
10
3.29197
20
2.69480
30
-8.45444
11
3.27067
21
2.58855
31
-8.35285
12
3.41805
22
2.57238
32
-8.33748
13
3.43934
23
2.67863
33
-8.43907
0
3DFACE
8
C1
10
3.27067
20
2.58855
30
-8.35285
11
3.24939
21
2.48219
31
-8.25135
12
3.39676
22
2.46613
32
-8.23588
13
3.41805
23
2.57238
33
-8.33748
0
3DFACE
8
C1
10
3.24939
20
2.48219
30
-8.25135
11
3.22810
21
2.37594
31
-8.14976
12
3.37548
22
2.35977
32
-8.13439
13
3.39676
23
2.46613
33
-8.23588
0
3DFACE
8
C1
10
3.22810
20
2.37594
30
-8.14976
11
3.20681
21
2.26969
31
-8.04816
12
3.35418
22
2.25352
32
-8.03279
13
3.37548
23
2.35977
33
-8.13439
0
3DFACE
8
C1
10
3.20681
20
2.26969
30
-8.04816
11
3.18553
21
2.16333
31
-7.94666
12
3.33290
22
2.14715
32
-7.93129
13
3.35418
23
2.25352
33
-8.03279
0
3DFACE
8
C1
10
3.18553
20
2.16333
30
-7.94666
11
3.16424
21
2.05707
31
-7.84507
12
3.31161
22
2.04090
32
-7.82970
13
3.33290
23
2.14715
33
-7.93129
0
3DFACE
8
C1
10
3.16424
20
2.05707
30
-7.84507
11
3.14296
21
1.95071
31
-7.74357
12
3.29033
22
1.93454
32
-7.72820
13
3.31161
23
2.04090
33
-7.82970
0
3DFACE
8
C1
10
3.14296
20
1.95071
30
-7.74357
11
3.12191
21
1.84249
31
-7.64375
12
3.26923
22
1.82675
32
-7.62799
13
3.29033
23
1.93454
33
-7.72820
0
3DFACE
8
C1
10
3.12191
20
1.84249
30
-7.64375
11
3.10074
21
1.73525
31
-7.54305
12
3.24795
22
1.72039
32
-7.52649
13
3.26923
23
1.82675
33
-7.62799
0
3DFACE
8
C1
10
3.10074
20
1.73525
30
-7.54305
11
3.07946
21
1.62889
31
-7.44155
12
3.22666
22
1.61414
32
-7.42490
13
3.24795
23
1.72039
33
-7.52649
0
3DFACE
8
C1
10
3.07946
20
1.62889
30
-7.44155
11
3.05817
21
1.52263
31
-7.33995
12
3.20537
22
1.50789
32
-7.32330
13
3.22666
23
1.61414
33
-7.42490
0
3DFACE
8
C1
10
3.05817
20
1.52263
30
-7.33995
11
3.03687
21
1.41638
31
-7.23836
12
3.18409
22
1.40153
32
-7.22180
13
3.20537
23
1.50789
33
-7.32330
0
3DFACE
8
C1
10
3.03687
20
1.41638
30
-7.23836
11
3.01535
21
1.31200
31
-7.13509
12
3.16260
22
1.29682
32
-7.11883
13
3.18409
23
1.40153
33
-7.22180
0
3DFACE
8
C1
10
3.01535
20
1.31200
30
-7.13509
11
2.99394
21
1.20663
31
-7.03270
12
3.14132
22
1.19046
32
-7.01733
13
3.16260
23
1.29682
33
-7.11883
0
3DFACE
8
C1
10
2.99394
20
1.20663
30
-7.03270
11
2.97265
21
1.10038
31
-6.93111
12
3.12003
22
1.08421
32
-6.91574
13
3.14132
23
1.19046
33
-7.01733
0
3DFACE
8
C1
10
2.97265
20
1.10038
30
-6.93111
11
2.95137
21
0.99402
31
-6.82961
12
3.09873
22
0.97795
32
-6.81414
13
3.12003
23
1.08421
33
-6.91574
0
3DFACE
8
C1
10
2.95137
20
0.99402
30
-6.82961
11
2.93008
21
0.88776
31
-6.72802
12
3.07745
22
0.87159
32
-6.71265
13
3.09873
23
0.97795
33
-6.81414
0
3DFACE
8
C1
10
2.93008
20
0.88776
30
-6.72802
11
2.90879
21
0.78151
31
-6.62642
12
3.05616
22
0.76534
32
-6.61105
13
3.07745
23
0.87159
33
-6.71265
0
3DFACE
8
C1
10
2.90879
20
0.78151
30
-6.62642
11
2.88751
21
0.67515
31
-6.52493
12
3.03488
22
0.65898
32
-6.50955
13
3.05616
23
0.76534
33
-6.61105
0
3DFACE
8
C1
10
2.88751
20
0.67515
30
-6.52493
11
2.86621
21
0.56890
31
-6.42333
12
3.01359
22
0.55273
32
-6.40796
13
3.03488
23
0.65898
33
-6.50955
0
3DFACE
8
C1
10
2.86621
20
0.56890
30
-6.42333
11
2.84493
21
0.46254
31
-6.32183
12
2.99231
22
0.44637
32
-6.30646
13
3.01359
23
0.55273
33
-6.40796
0
3DFACE
8
C1
10
2.84493
20
0.46254
30
-6.32183
11
2.82364
21
0.35629
31
-6.22024
12
2.97102
22
0.34012
32
-6.20487
13
2.99231
23
0.44637
33
-6.30646
0
3DFACE
8
C1
10
2.82364
20
0.35629
30
-6.22024
11
2.80236
21
0.24993
31
-6.11874
12
2.94972
22
0.23387
32
-6.10327
13
2.97102
23
0.34012
33
-6.20487
0
3DFACE
8
C1
10
2.80236
20
0.24993
30
-6.11874
11
2.78107
21
0.14368
31
-6.01715
12
2.92844
22
0.12751
32
-6.00178
13
2.94972
23
0.23387
33
-6.10327
0
3DFACE
8
C1
10
2.78107
20
0.14368
30
-6.01715
11
2.75977
21
0.03743
31
-5.91555
12
2.90715
22
0.02126
32
-5.90018
13
2.92844
23
0.12751
33
-6.00178
0
3DFACE
8
C1
10
2.75977
20
0.03743
30
-5.91555
11
2.73850
21
-0.06893
31
-5.81406
12
2.88587
22
-0.08510
32
-5.79868
13
2.90715
23
0.02126
33
-5.90018
0
3DFACE
8
C1
10
2.73850
20
-0.06893
30
-5.81406
11
2.71720
21
-0.17518
31
-5.71246
12
2.86458
22
-0.19136
32
-5.69709
13
2.88587
23
-0.08510
33
-5.79868
0
3DFACE
8
C1
10
2.71720
20
-0.17518
30
-5.71246
11
2.69592
21
-0.28155
31
-5.61096
12
2.84330
22
-0.29772
32
-5.59559
13
2.86458
23
-0.19136
33
-5.69709
0
3DFACE
8
C1
10
2.69592
20
-0.28155
30
-5.61096
11
2.67446
21
-0.38648
31
-5.50819
12
2.82184
22
-0.40265
32
-5.49281
13
2.84330
23
-0.29772
33
-5.59559
0
3DFACE
8
C1
10
2.67446
20
-0.38648
30
-5.50819
11
2.65283
21
-0.48998
31
-5.40413
12
2.80020
22
-0.50615
32
-5.38875
13
2.82184
23
-0.40265
33
-5.49281
0
3DFACE
8
C1
10
3.65273
20
3.73751
30
-9.45828
11
3.63109
21
3.63401
31
-9.35422
12
3.77847
22
3.61784
32
-9.33885
13
3.80010
23
3.72134
33
-9.44291
0
3DFACE
8
C1
10
3.63109
20
3.63401
30
-9.35422
11
3.60963
21
3.52908
31
-9.25144
12
3.75701
22
3.51291
32
-9.23607
13
3.77847
23
3.61784
33
-9.33885
0
3DFACE
8
C1
10
3.60963
20
3.52908
30
-9.25144
11
3.58834
21
3.42283
31
-9.14984
12
3.73572
22
3.40665
32
-9.13447
13
3.75701
23
3.51291
33
-9.23607
0
3DFACE
8
C1
10
3.58834
20
3.42283
30
-9.14984
11
3.56706
21
3.31646
31
-9.04835
12
3.71444
22
3.30029
32
-9.03298
13
3.73572
23
3.40665
33
-9.13447
0
3DFACE
8
C1
10
3.56706
20
3.31646
30
-9.04835
11
3.54577
21
3.21021
31
-8.94675
12
3.69314
22
3.19404
32
-8.93138
13
3.71444
23
3.30029
33
-9.03298
0
3DFACE
8
C1
10
3.54577
20
3.21021
30
-8.94675
11
3.52449
21
3.10385
31
-8.84525
12
3.67186
22
3.08768
32
-8.82988
13
3.69314
23
3.19404
33
-8.93138
0
3DFACE
8
C1
10
3.52449
20
3.10385
30
-8.84525
11
3.50320
21
2.99760
31
-8.74366
12
3.65057
22
2.98143
32
-8.72829
13
3.67186
23
3.08768
33
-8.82988
0
3DFACE
8
C1
10
3.50320
20
2.99760
30
-8.74366
11
3.48192
21
2.89124
31
-8.64216
12
3.62928
22
2.87518
32
-8.62669
13
3.65057
23
2.98143
33
-8.72829
0
3DFACE
8
C1
10
3.48192
20
2.89124
30
-8.64216
11
3.46062
21
2.78499
31
-8.54057
12
3.60800
22
2.76882
32
-8.52520
13
3.62928
23
2.87518
33
-8.62669
0
3DFACE
8
C1
10
3.46062
20
2.78499
30
-8.54057
11
3.43934
21
2.67863
31
-8.43907
12
3.58671
22
2.66257
32
-8.42360
13
3.60800
23
2.76882
33
-8.52520
0
3DFACE
8
C1
10
3.43934
20
2.67863
30
-8.43907
11
3.41805
21
2.57238
31
-8.33748
12
3.56543
22
2.55621
32
-8.32211
13
3.58671
23
2.66257
33
-8.42360
0
3DFACE
8
C1
10
3.41805
20
2.57238
30
-8.33748
11
3.39676
21
2.46613
31
-8.23588
12
3.54413
22
2.44996
32
-8.22051
13
3.56543
23
2.55621
33
-8.32211
0
3DFACE
8
C1
10
3.39676
20
2.46613
30
-8.23588
11
3.37548
21
2.35977
31
-8.13439
12
3.52285
22
2.34360
32
-8.11901
13
3.54413
23
2.44996
33
-8.22051
0
3DFACE
8
C1
10
3.37548
20
2.35977
30
-8.13439
11
3.35418
21
2.25352
31
-8.03279
12
3.50156
22
2.23734
32
-8.01742
13
3.52285
23
2.34360
33
-8.11901
0
3DFACE
8
C1
10
3.35418
20
2.25352
30
-8.03279
11
3.33290
21
2.14715
31
-7.93129
12
3.48028
22
2.13098
32
-7.91592
13
3.50156
23
2.23734
33
-8.01742
0
3DFACE
8
C1
10
3.33290
20
2.14715
30
-7.93129
11
3.31161
21
2.04090
31
-7.82970
12
3.45899
22
2.02473
32
-7.81433
13
3.48028
23
2.13098
33
-7.91592
0
3DFACE
8
C1
10
3.31161
20
2.04090
30
-7.82970
11
3.29033
21
1.93454
31
-7.72820
12
3.43769
22
1.91848
32
-7.71273
13
3.45899
23
2.02473
33
-7.81433
0
3DFACE
8
C1
10
3.29033
20
1.93454
30
-7.72820
11
3.26923
21
1.82675
31
-7.62799
12
3.41648
22
1.81157
32
-7.61173
13
3.43769
23
1.91848
33
-7.71273
0
3DFACE
8
C1
10
3.26923
20
1.82675
30
-7.62799
11
3.24795
21
1.72039
31
-7.52649
12
3.39520
22
1.70521
32
-7.51023
13
3.41648
23
1.81157
33
-7.61173
0
3DFACE
8
C1
10
3.24795
20
1.72039
30
-7.52649
11
3.22666
21
1.61414
31
-7.42490
12
3.37391
22
1.59896
32
-7.40864
13
3.39520
23
1.70521
33
-7.51023
0
3DFACE
8
C1
10
3.22666
20
1.61414
30
-7.42490
11
3.20537
21
1.50789
31
-7.32330
12
3.35263
22
1.49260
32
-7.30714
13
3.37391
23
1.59896
33
-7.40864
0
3DFACE
8
C1
10
3.20537
20
1.50789
30
-7.32330
11
3.18409
21
1.40153
31
-7.22180
12
3.33134
22
1.38635
32
-7.20555
13
3.35263
23
1.49260
33
-7.30714
0
3DFACE
8
C1
10
3.18409
20
1.40153
30
-7.22180
11
3.16260
21
1.29682
31
-7.11883
12
3.30998
22
1.28065
32
-7.10346
13
3.33134
23
1.38635
33
-7.20555
0
3DFACE
8
C1
10
3.16260
20
1.29682
30
-7.11883
11
3.14132
21
1.19046
31
-7.01733
12
3.28868
22
1.17440
32
-7.00186
13
3.30998
23
1.28065
33
-7.10346
0
3DFACE
8
C1
10
3.14132
20
1.19046
30
-7.01733
11
3.12003
21
1.08421
31
-6.91574
12
3.26740
22
1.06803
32
-6.90037
13
3.28868
23
1.17440
33
-7.00186
0
3DFACE
8
C1
10
3.12003
20
1.08421
30
-6.91574
11
3.09873
21
0.97795
31
-6.81414
12
3.24611
22
0.96178
32
-6.79877
13
3.26740
23
1.06803
33
-6.90037
0
3DFACE
8
C1
10
3.09873
20
0.97795
30
-6.81414
11
3.07745
21
0.87159
31
-6.71265
12
3.22483
22
0.85542
32
-6.69727
13
3.24611
23
0.96178
33
-6.79877
0
3DFACE
8
C1
10
3.07745
20
0.87159
30
-6.71265
11
3.05616
21
0.76534
31
-6.61105
12
3.20354
22
0.74917
32
-6.59568
13
3.22483
23
0.85542
33
-6.69727
0
3DFACE
8
C1
10
3.05616
20
0.76534
30
-6.61105
11
3.03488
21
0.65898
31
-6.50955
12
3.18226
22
0.64281
32
-6.49418
13
3.20354
23
0.74917
33
-6.59568
0
3DFACE
8
C1
10
3.03488
20
0.65898
30
-6.50955
11
3.01359
21
0.55273
31
-6.40796
12
3.16097
22
0.53656
32
-6.39259
13
3.18226
23
0.64281
33
-6.49418
0
3DFACE
8
C1
10
3.01359
20
0.55273
30
-6.40796
11
2.99231
21
0.44637
31
-6.30646
12
3.13967
22
0.43031
32
-6.29099
13
3.16097
23
0.53656
33
-6.39259
0
3DFACE
8
C1
10
2.99231
20
0.44637
30
-6.30646
11
2.97102
21
0.34012
31
-6.20487
12
3.11839
22
0.32395
32
-6.18950
13
3.13967
23
0.43031
33
-6.29099
0
3DFACE
8
C1
10
2.97102
20
0.34012
30
-6.20487
11
2.94972
21
0.23387
31
-6.10327
12
3.09710
22
0.21770
32
-6.08790
13
3.11839
23
0.32395
33
-6.18950
0
3DFACE
8
C1
10
2.94972
20
0.23387
30
-6.10327
11
2.92844
21
0.12751
31
-6.00178
12
3.07582
22
0.11134
32
-5.98640
13
3.09710
23
0.21770
33
-6.08790
0
3DFACE
8
C1
10
2.92844
20
0.12751
30
-6.00178
11
2.90715
21
0.02126
31
-5.90018
12
3.05453
22
0.00509
32
-5.88481
13
3.07582
23
0.11134
33
-5.98640
0
3DFACE
8
C1
10
2.90715
20
0.02126
30
-5.90018
11
2.88587
21
-0.08510
31
-5.79868
12
3.03325
22
-0.10128
32
-5.78331
13
3.05453
23
0.00509
33
-5.88481
0
3DFACE
8
C1
10
2.88587
20
-0.08510
30
-5.79868
11
2.86458
21
-0.19136
31
-5.69709
12
3.01195
22
-0.20753
32
-5.68172
13
3.03325
23
-0.10128
33
-5.78331
0
3DFACE
8
C1
10
2.86458
20
-0.19136
30
-5.69709
11
2.84330
21
-0.29772
31
-5.59559
12
2.99066
22
-0.31378
32
-5.58012
13
3.01195
23
-0.20753
33
-5.68172
0
3DFACE
8
C1
10
2.84330
20
-0.29772
30
-5.59559
11
2.82184
21
-0.40265
31
-5.49281
12
2.96920
22
-0.41871
32
-5.47734
13
2.99066
23
-0.31378
33
-5.58012
0
3DFACE
8
C1
10
2.82184
20
-0.40265
30
-5.49281
11
2.80020
21
-0.50615
31
-5.38875
12
2.94758
22
-0.52232
32
-5.37338
13
2.96920
23
-0.41871
33
-5.47734
0
3DFACE
8
C1
10
3.80010
20
3.72134
30
-9.44291
11
3.77847
21
3.61784
31
-9.33885
12
3.92584
22
3.60167
32
-9.32347
13
3.94747
23
3.70528
33
-9.42744
0
3DFACE
8
C1
10
3.77847
20
3.61784
30
-9.33885
11
3.75701
21
3.51291
31
-9.23607
12
3.90439
22
3.49673
32
-9.22070
13
3.92584
23
3.60167
33
-9.32347
0
3DFACE
8
C1
10
3.75701
20
3.51291
30
-9.23607
11
3.73572
21
3.40665
31
-9.13447
12
3.88309
22
3.39048
32
-9.11910
13
3.90439
23
3.49673
33
-9.22070
0
3DFACE
8
C1
10
3.73572
20
3.40665
30
-9.13447
11
3.71444
21
3.30029
31
-9.03298
12
3.86181
22
3.28412
32
-9.01760
13
3.88309
23
3.39048
33
-9.11910
0
3DFACE
8
C1
10
3.71444
20
3.30029
30
-9.03298
11
3.69314
21
3.19404
31
-8.93138
12
3.84052
22
3.17787
32
-8.91601
13
3.86181
23
3.28412
33
-9.01760
0
3DFACE
8
C1
10
3.69314
20
3.19404
30
-8.93138
11
3.67186
21
3.08768
31
-8.82988
12
3.81923
22
3.07162
32
-8.81441
13
3.84052
23
3.17787
33
-8.91601
0
3DFACE
8
C1
10
3.67186
20
3.08768
30
-8.82988
11
3.65057
21
2.98143
31
-8.72829
12
3.79795
22
2.96526
32
-8.71292
13
3.81923
23
3.07162
33
-8.81441
0
3DFACE
8
C1
10
3.65057
20
2.98143
30
-8.72829
11
3.62928
21
2.87518
31
-8.62669
12
3.77665
22
2.85901
32
-8.61132
13
3.79795
23
2.96526
33
-8.71292
0
3DFACE
8
C1
10
3.62928
20
2.87518
30
-8.62669
11
3.60800
21
2.76882
31
-8.52520
12
3.75537
22
2.75265
32
-8.50983
13
3.77665
23
2.85901
33
-8.61132
0
3DFACE
8
C1
10
3.60800
20
2.76882
30
-8.52520
11
3.58671
21
2.66257
31
-8.42360
12
3.73408
22
2.64640
32
-8.40823
13
3.75537
23
2.75265
33
-8.50983
0
3DFACE
8
C1
10
3.58671
20
2.66257
30
-8.42360
11
3.56543
21
2.55621
31
-8.32211
12
3.71280
22
2.54004
32
-8.30673
13
3.73408
23
2.64640
33
-8.40823
0
3DFACE
8
C1
10
3.56543
20
2.55621
30
-8.32211
11
3.54413
21
2.44996
31
-8.22051
12
3.69151
22
2.43379
32
-8.20514
13
3.71280
23
2.54004
33
-8.30673
0
3DFACE
8
C1
10
3.54413
20
2.44996
30
-8.22051
11
3.52285
21
2.34360
31
-8.11901
12
3.67022
22
2.32753
32
-8.10354
13
3.69151
23
2.43379
33
-8.20514
0
3DFACE
8
C1
10
3.52285
20
2.34360
30
-8.11901
11
3.50156
21
2.23734
31
-8.01742
12
3.64894
22
2.22117
32
-8.00205
13
3.67022
23
2.32753
33
-8.10354
0
3DFACE
8
C1
10
3.50156
20
2.23734
30
-8.01742
11
3.48028
21
2.13098
31
-7.91592
12
3.62764
22
2.11492
32
-7.90045
13
3.64894
23
2.22117
33
-8.00205
0
3DFACE
8
C1
10
3.48028
20
2.13098
30
-7.91592
11
3.45899
21
2.02473
31
-7.81433
12
3.60636
22
2.00856
32
-7.79896
13
3.62764
23
2.11492
33
-7.90045
0
3DFACE
8
C1
10
3.45899
20
2.02473
30
-7.81433
11
3.43769
21
1.91848
31
-7.71273
12
3.58507
22
1.90231
32
-7.69736
13
3.60636
23
2.00856
33
-7.79896
0
3DFACE
8
C1
10
3.43769
20
1.91848
30
-7.71273
11
3.41648
21
1.81157
31
-7.61173
12
3.56379
22
1.79595
32
-7.59586
13
3.58507
23
1.90231
33
-7.69736
0
3DFACE
8
C1
10
3.41648
20
1.81157
30
-7.61173
11
3.39520
21
1.70521
31
-7.51023
12
3.54250
22
1.68970
32
-7.49427
13
3.56379
23
1.79595
33
-7.59586
0
3DFACE
8
C1
10
3.39520
20
1.70521
30
-7.51023
11
3.37391
21
1.59896
31
-7.40864
12
3.52122
22
1.58334
32
-7.39277
13
3.54250
23
1.68970
33
-7.49427
0
3DFACE
8
C1
10
3.37391
20
1.59896
30
-7.40864
11
3.35263
21
1.49260
31
-7.30714
12
3.49992
22
1.47709
32
-7.29118
13
3.52122
23
1.58334
33
-7.39277
0
3DFACE
8
C1
10
3.35263
20
1.49260
30
-7.30714
11
3.33134
21
1.38635
31
-7.20555
12
3.47863
22
1.37084
32
-7.18958
13
3.49992
23
1.47709
33
-7.29118
0
3DFACE
8
C1
10
3.33134
20
1.38635
30
-7.20555
11
3.30998
21
1.28065
31
-7.10346
12
3.45735
22
1.26448
32
-7.08809
13
3.47863
23
1.37084
33
-7.18958
0
3DFACE
8
C1
10
3.30998
20
1.28065
30
-7.10346
11
3.28868
21
1.17440
31
-7.00186
12
3.43606
22
1.15822
32
-6.98649
13
3.45735
23
1.26448
33
-7.08809
0
3DFACE
8
C1
10
3.28868
20
1.17440
30
-7.00186
11
3.26740
21
1.06803
31
-6.90037
12
3.41478
22
1.05186
32
-6.88499
13
3.43606
23
1.15822
33
-6.98649
0
3DFACE
8
C1
10
3.26740
20
1.06803
30
-6.90037
11
3.24611
21
0.96178
31
-6.79877
12
3.39349
22
0.94561
32
-6.78340
13
3.41478
23
1.05186
33
-6.88499
0
3DFACE
8
C1
10
3.24611
20
0.96178
30
-6.79877
11
3.22483
21
0.85542
31
-6.69727
12
3.37221
22
0.83925
32
-6.68190
13
3.39349
23
0.94561
33
-6.78340
0
3DFACE
8
C1
10
3.22483
20
0.85542
30
-6.69727
11
3.20354
21
0.74917
31
-6.59568
12
3.35091
22
0.73300
32
-6.58031
13
3.37221
23
0.83925
33
-6.68190
0
3DFACE
8
C1
10
3.20354
20
0.74917
30
-6.59568
11
3.18226
21
0.64281
31
-6.49418
12
3.32962
22
0.62675
32
-6.47871
13
3.35091
23
0.73300
33
-6.58031
0
3DFACE
8
C1
10
3.18226
20
0.64281
30
-6.49418
11
3.16097
21
0.53656
31
-6.39259
12
3.30834
22
0.52039
32
-6.37722
13
3.32962
23
0.62675
33
-6.47871
0
3DFACE
8
C1
10
3.16097
20
0.53656
30
-6.39259
11
3.13967
21
0.43031
31
-6.29099
12
3.28705
22
0.41414
32
-6.27562
13
3.30834
23
0.52039
33
-6.37722
0
3DFACE
8
C1
10
3.13967
20
0.43031
30
-6.29099
11
3.11839
21
0.32395
31
-6.18950
12
3.26577
22
0.30778
32
-6.17412
13
3.28705
23
0.41414
33
-6.27562
0
3DFACE
8
C1
10
3.11839
20
0.32395
30
-6.18950
11
3.09710
21
0.21770
31
-6.08790
12
3.24448
22
0.20153
32
-6.07253
13
3.26577
23
0.30778
33
-6.17412
0
3DFACE
8
C1
10
3.09710
20
0.21770
30
-6.08790
11
3.07582
21
0.11134
31
-5.98640
12
3.22320
22
0.09517
32
-5.97103
13
3.24448
23
0.20153
33
-6.07253
0
3DFACE
8
C1
10
3.07582
20
0.11134
30
-5.98640
11
3.05453
21
0.00509
31
-5.88481
12
3.20190
22
-0.01109
32
-5.86944
13
3.22320
23
0.09517
33
-5.97103
0
3DFACE
8
C1
10
3.05453
20
0.00509
30
-5.88481
11
3.03325
21
-0.10128
31
-5.78331
12
3.18061
22
-0.11734
32
-5.76784
13
3.20190
23
-0.01109
33
-5.86944
0
3DFACE
8
C1
10
3.03325
20
-0.10128
30
-5.78331
11
3.01195
21
-0.20753
31
-5.68172
12
3.15933
22
-0.22370
32
-5.66635
13
3.18061
23
-0.11734
33
-5.76784
0
3DFACE
8
C1
10
3.01195
20
-0.20753
30
-5.68172
11
2.99066
21
-0.31378
31
-5.58012
12
3.13804
22
-0.32995
32
-5.56475
13
3.15933
23
-0.22370
33
-5.66635
0
3DFACE
8
C1
10
2.99066
20
-0.31378
30
-5.58012
11
2.96920
21
-0.41871
31
-5.47734
12
3.11658
22
-0.43488
32
-5.46197
13
3.13804
23
-0.32995
33
-5.56475
0
3DFACE
8
C1
10
2.96920
20
-0.41871
30
-5.47734
11
2.94758
21
-0.52232
31
-5.37338
12
3.09496
22
-0.53850
32
-5.35801
13
3.11658
23
-0.43488
33
-5.46197
0
3DFACE
8
C1
10
3.94747
20
3.70528
30
-9.42744
11
3.92584
21
3.60167
31
-9.32347
12
4.07322
22
3.58550
32
-9.30810
13
4.09484
23
3.68911
33
-9.41206
0
3DFACE
8
C1
10
3.92584
20
3.60167
30
-9.32347
11
3.90439
21
3.49673
31
-9.22070
12
4.05176
22
3.48056
32
-9.20532
13
4.07322
23
3.58550
33
-9.30810
0
3DFACE
8
C1
10
3.90439
20
3.49673
30
-9.22070
11
3.88309
21
3.39048
31
-9.11910
12
4.03047
22
3.37431
32
-9.10373
13
4.05176
23
3.48056
33
-9.20532
0
3DFACE
8
C1
10
3.88309
20
3.39048
30
-9.11910
11
3.86181
21
3.28412
31
-9.01760
12
4.00918
22
3.26806
32
-9.00213
13
4.03047
23
3.37431
33
-9.10373
0
3DFACE
8
C1
10
3.86181
20
3.28412
30
-9.01760
11
3.84052
21
3.17787
31
-8.91601
12
3.98790
22
3.16170
32
-8.90064
13
4.00918
23
3.26806
33
-9.00213
0
3DFACE
8
C1
10
3.84052
20
3.17787
30
-8.91601
11
3.81923
21
3.07162
31
-8.81441
12
3.96660
22
3.05545
32
-8.79904
13
3.98790
23
3.16170
33
-8.90064
0
3DFACE
8
C1
10
3.81923
20
3.07162
30
-8.81441
11
3.79795
21
2.96526
31
-8.71292
12
3.94532
22
2.94909
32
-8.69755
13
3.96660
23
3.05545
33
-8.79904
0
3DFACE
8
C1
10
3.79795
20
2.96526
30
-8.71292
11
3.77665
21
2.85901
31
-8.61132
12
3.92403
22
2.84284
32
-8.59595
13
3.94532
23
2.94909
33
-8.69755
0
3DFACE
8
C1
10
3.77665
20
2.85901
30
-8.61132
11
3.75537
21
2.75265
31
-8.50983
12
3.90275
22
2.73648
32
-8.49445
13
3.92403
23
2.84284
33
-8.59595
0
3DFACE
8
C1
10
3.75537
20
2.75265
30
-8.50983
11
3.73408
21
2.64640
31
-8.40823
12
3.88146
22
2.63023
32
-8.39286
13
3.90275
23
2.73648
33
-8.49445
0
3DFACE
8
C1
10
3.73408
20
2.64640
30
-8.40823
11
3.71280
21
2.54004
31
-8.30673
12
3.86016
22
2.52397
32
-8.29126
13
3.88146
23
2.63023
33
-8.39286
0
3DFACE
8
C1
10
3.71280
20
2.54004
30
-8.30673
11
3.69151
21
2.43379
31
-8.20514
12
3.83888
22
2.41761
32
-8.18977
13
3.86016
23
2.52397
33
-8.29126
0
3DFACE
8
C1
10
3.69151
20
2.43379
30
-8.20514
11
3.67022
21
2.32753
31
-8.10354
12
3.81759
22
2.31136
32
-8.08817
13
3.83888
23
2.41761
33
-8.18977
0
3DFACE
8
C1
10
3.67022
20
2.32753
30
-8.10354
11
3.64894
21
2.22117
31
-8.00205
12
3.79631
22
2.20500
32
-7.98668
13
3.81759
23
2.31136
33
-8.08817
0
3DFACE
8
C1
10
3.64894
20
2.22117
30
-8.00205
11
3.62764
21
2.11492
31
-7.90045
12
3.77502
22
2.09875
32
-7.88508
13
3.79631
23
2.20500
33
-7.98668
0
3DFACE
8
C1
10
3.62764
20
2.11492
30
-7.90045
11
3.60636
21
2.00856
31
-7.79896
12
3.75374
22
1.99239
32
-7.78358
13
3.77502
23
2.09875
33
-7.88508
0
3DFACE
8
C1
10
3.60636
20
2.00856
30
-7.79896
11
3.58507
21
1.90231
31
-7.69736
12
3.73245
22
1.88614
32
-7.68199
13
3.75374
23
1.99239
33
-7.78358
0
3DFACE
8
C1
10
3.58507
20
1.90231
30
-7.69736
11
3.56379
21
1.79595
31
-7.59586
12
3.71115
22
1.77989
32
-7.58039
13
3.73245
23
1.88614
33
-7.68199
0
3DFACE
8
C1
10
3.56379
20
1.79595
30
-7.59586
11
3.54250
21
1.68970
31
-7.49427
12
3.68987
22
1.67353
32
-7.47890
13
3.71115
23
1.77989
33
-7.58039
0
3DFACE
8
C1
10
3.54250
20
1.68970
30
-7.49427
11
3.52122
21
1.58334
31
-7.39277
12
3.66858
22
1.56728
32
-7.37730
13
3.68987
23
1.67353
33
-7.47890
0
3DFACE
8
C1
10
3.52122
20
1.58334
30
-7.39277
11
3.49992
21
1.47709
31
-7.29118
12
3.64730
22
1.46092
32
-7.27581
13
3.66858
23
1.56728
33
-7.37730
0
3DFACE
8
C1
10
3.49992
20
1.47709
30
-7.29118
11
3.47863
21
1.37084
31
-7.18958
12
3.62601
22
1.35466
32
-7.17421
13
3.64730
23
1.46092
33
-7.27581
0
3DFACE
8
C1
10
3.47863
20
1.37084
30
-7.18958
11
3.45735
21
1.26448
31
-7.08809
12
3.60473
22
1.24830
32
-7.07271
13
3.62601
23
1.35466
33
-7.17421
0
3DFACE
8
C1
10
3.45735
20
1.26448
30
-7.08809
11
3.43606
21
1.15822
31
-6.98649
12
3.58344
22
1.14205
32
-6.97112
13
3.60473
23
1.24830
33
-7.07271
0
3DFACE
8
C1
10
3.43606
20
1.15822
30
-6.98649
11
3.41478
21
1.05186
31
-6.88499
12
3.56214
22
1.03580
32
-6.86952
13
3.58344
23
1.14205
33
-6.97112
0
3DFACE
8
C1
10
3.41478
20
1.05186
30
-6.88499
11
3.39349
21
0.94561
31
-6.78340
12
3.54086
22
0.92944
32
-6.76803
13
3.56214
23
1.03580
33
-6.86952
0
3DFACE
8
C1
10
3.39349
20
0.94561
30
-6.78340
11
3.37221
21
0.83925
31
-6.68190
12
3.51957
22
0.82319
32
-6.66643
13
3.54086
23
0.92944
33
-6.76803
0
3DFACE
8
C1
10
3.37221
20
0.83925
30
-6.68190
11
3.35091
21
0.73300
31
-6.58031
12
3.49829
22
0.71683
32
-6.56494
13
3.51957
23
0.82319
33
-6.66643
0
3DFACE
8
C1
10
3.35091
20
0.73300
30
-6.58031
11
3.32962
21
0.62675
31
-6.47871
12
3.47700
22
0.61058
32
-6.46334
13
3.49829
23
0.71683
33
-6.56494
0
3DFACE
8
C1
10
3.32962
20
0.62675
30
-6.47871
11
3.30834
21
0.52039
31
-6.37722
12
3.45572
22
0.50422
32
-6.36185
13
3.47700
23
0.61058
33
-6.46334
0
3DFACE
8
C1
10
3.30834
20
0.52039
30
-6.37722
11
3.28705
21
0.41414
31
-6.27562
12
3.43442
22
0.39797
32
-6.26025
13
3.45572
23
0.50422
33
-6.36185
0
3DFACE
8
C1
10
3.28705
20
0.41414
30
-6.27562
11
3.26577
21
0.30778
31
-6.17412
12
3.41314
22
0.29161
32
-6.15875
13
3.43442
23
0.39797
33
-6.26025
0
3DFACE
8
C1
10
3.26577
20
0.30778
30
-6.17412
11
3.24448
21
0.20153
31
-6.07253
12
3.39185
22
0.18536
32
-6.05716
13
3.41314
23
0.29161
33
-6.15875
0
3DFACE
8
C1
10
3.24448
20
0.20153
30
-6.07253
11
3.22320
21
0.09517
31
-5.97103
12
3.37056
22
0.07910
32
-5.95556
13
3.39185
23
0.18536
33
-6.05716
0
3DFACE
8
C1
10
3.22320
20
0.09517
30
-5.97103
11
3.20190
21
-0.01109
31
-5.86944
12
3.34928
22
-0.02726
32
-5.85407
13
3.37056
23
0.07910
33
-5.95556
0
3DFACE
8
C1
10
3.20190
20
-0.01109
30
-5.86944
11
3.18061
21
-0.11734
31
-5.76784
12
3.32799
22
-0.13351
32
-5.75247
13
3.34928
23
-0.02726
33
-5.85407
0
3DFACE
8
C1
10
3.18061
20
-0.11734
30
-5.76784
11
3.15933
21
-0.22370
31
-5.66635
12
3.30671
22
-0.23987
32
-5.65098
13
3.32799
23
-0.13351
33
-5.75247
0
3DFACE
8
C1
10
3.15933
20
-0.22370
30
-5.66635
11
3.13804
21
-0.32995
31
-5.56475
12
3.28541
22
-0.34612
32
-5.54938
13
3.30671
23
-0.23987
33
-5.65098
0
3DFACE
8
C1
10
3.13804
20
-0.32995
30
-5.56475
11
3.11658
21
-0.43488
31
-5.46197
12
3.26395
22
-0.45105
32
-5.44660
13
3.28541
23
-0.34612
33
-5.54938
0
3DFACE
8
C1
10
3.11658
20
-0.43488
30
-5.46197
11
3.09496
21
-0.53850
31
-5.35801
12
3.24233
22
-0.55467
32
-5.34264
13
3.26395
23
-0.45105
33
-5.44660
0
3DFACE
8
C1
10
4.09484
20
3.68911
30
-9.41206
11
4.07322
21
3.58550
31
-9.30810
12
4.22031
22
3.57163
32
-9.29066
13
4.24193
23
3.67525
33
-9.39462
0
3DFACE
8
C1
10
4.07322
20
3.58550
30
-9.30810
11
4.05176
21
3.48056
31
-9.20532
12
4.19885
22
3.46670
32
-9.18788
13
4.22031
23
3.57163
33
-9.29066
0
3DFACE
8
C1
10
4.05176
20
3.48056
30
-9.20532
11
4.03047
21
3.37431
31
-9.10373
12
4.17756
22
3.36045
32
-9.08629
13
4.19885
23
3.46670
33
-9.18788
0
3DFACE
8
C1
10
4.03047
20
3.37431
30
-9.10373
11
4.00918
21
3.26806
31
-9.00213
12
4.15628
22
3.25409
32
-8.98479
13
4.17756
23
3.36045
33
-9.08629
0
3DFACE
8
C1
10
4.00918
20
3.26806
30
-9.00213
11
3.98790
21
3.16170
31
-8.90064
12
4.13498
22
3.14784
32
-8.88320
13
4.15628
23
3.25409
33
-8.98479
0
3DFACE
8
C1
10
3.98790
20
3.16170
30
-8.90064
11
3.96660
21
3.05545
31
-8.79904
12
4.11369
22
3.04159
32
-8.78160
13
4.13498
23
3.14784
33
-8.88320
0
3DFACE
8
C1
10
3.96660
20
3.05545
30
-8.79904
11
3.94532
21
2.94909
31
-8.69755
12
4.09241
22
2.93522
32
-8.68010
13
4.11369
23
3.04159
33
-8.78160
0
3DFACE
8
C1
10
3.94532
20
2.94909
30
-8.69755
11
3.92403
21
2.84284
31
-8.59595
12
4.07112
22
2.82897
32
-8.57851
13
4.09241
23
2.93522
33
-8.68010
0
3DFACE
8
C1
10
3.92403
20
2.84284
30
-8.59595
11
3.90275
21
2.73648
31
-8.49445
12
4.04984
22
2.72261
32
-8.47701
13
4.07112
23
2.82897
33
-8.57851
0
3DFACE
8
C1
10
3.90275
20
2.73648
30
-8.49445
11
3.88146
21
2.63023
31
-8.39286
12
4.02854
22
2.61636
32
-8.37542
13
4.04984
23
2.72261
33
-8.47701
0
3DFACE
8
C1
10
3.88146
20
2.63023
30
-8.39286
11
3.86016
21
2.52397
31
-8.29126
12
4.00727
22
2.51000
32
-8.27392
13
4.02854
23
2.61636
33
-8.37542
0
3DFACE
8
C1
10
3.86016
20
2.52397
30
-8.29126
11
3.83888
21
2.41761
31
-8.18977
12
3.98597
22
2.40375
32
-8.17233
13
4.00727
23
2.51000
33
-8.27392
0
3DFACE
8
C1
10
3.83888
20
2.41761
30
-8.18977
11
3.81759
21
2.31136
31
-8.08817
12
3.96468
22
2.29750
32
-8.07073
13
3.98597
23
2.40375
33
-8.17233
0
3DFACE
8
C1
10
3.81759
20
2.31136
30
-8.08817
11
3.79631
21
2.20500
31
-7.98668
12
3.94340
22
2.19114
32
-7.96923
13
3.96468
23
2.29750
33
-8.07073
0
3DFACE
8
C1
10
3.79631
20
2.20500
30
-7.98668
11
3.77502
21
2.09875
31
-7.88508
12
3.92211
22
2.08489
32
-7.86764
13
3.94340
23
2.19114
33
-7.96923
0
3DFACE
8
C1
10
3.77502
20
2.09875
30
-7.88508
11
3.75374
21
1.99239
31
-7.78358
12
3.90083
22
1.97853
32
-7.76614
13
3.92211
23
2.08489
33
-7.86764
0
3DFACE
8
C1
10
3.75374
20
1.99239
30
-7.78358
11
3.73245
21
1.88614
31
-7.68199
12
3.87953
22
1.87228
32
-7.66455
13
3.90083
23
1.97853
33
-7.76614
0
3DFACE
8
C1
10
3.73245
20
1.88614
30
-7.68199
11
3.71115
21
1.77989
31
-7.58039
12
3.85825
22
1.76591
32
-7.56305
13
3.87953
23
1.87228
33
-7.66455
0
3DFACE
8
C1
10
3.71115
20
1.77989
30
-7.58039
11
3.68987
21
1.67353
31
-7.47890
12
3.83696
22
1.65966
32
-7.46146
13
3.85825
23
1.76591
33
-7.56305
0
3DFACE
8
C1
10
3.68987
20
1.67353
30
-7.47890
11
3.66858
21
1.56728
31
-7.37730
12
3.81567
22
1.55341
32
-7.35986
13
3.83696
23
1.65966
33
-7.46146
0
3DFACE
8
C1
10
3.66858
20
1.56728
30
-7.37730
11
3.64730
21
1.46092
31
-7.27581
12
3.79439
22
1.44705
32
-7.25836
13
3.81567
23
1.55341
33
-7.35986
0
3DFACE
8
C1
10
3.64730
20
1.46092
30
-7.27581
11
3.62601
21
1.35466
31
-7.17421
12
3.77310
22
1.34080
32
-7.15677
13
3.79439
23
1.44705
33
-7.25836
0
3DFACE
8
C1
10
3.62601
20
1.35466
30
-7.17421
11
3.60473
21
1.24830
31
-7.07271
12
3.75182
22
1.23444
32
-7.05527
13
3.77310
23
1.34080
33
-7.15677
0
3DFACE
8
C1
10
3.60473
20
1.24830
30
-7.07271
11
3.58344
21
1.14205
31
-6.97112
12
3.73052
22
1.12819
32
-6.95368
13
3.75182
23
1.23444
33
-7.05527
0
3DFACE
8
C1
10
3.58344
20
1.14205
30
-6.97112
11
3.56214
21
1.03580
31
-6.86952
12
3.70924
22
1.02183
32
-6.85218
13
3.73052
23
1.12819
33
-6.95368
0
3DFACE
8
C1
10
3.56214
20
1.03580
30
-6.86952
11
3.54086
21
0.92944
31
-6.76803
12
3.68795
22
0.91558
32
-6.75059
13
3.70924
23
1.02183
33
-6.85218
0
3DFACE
8
C1
10
3.54086
20
0.92944
30
-6.76803
11
3.51957
21
0.82319
31
-6.66643
12
3.66666
22
0.80933
32
-6.64899
13
3.68795
23
0.91558
33
-6.75059
0
3DFACE
8
C1
10
3.51957
20
0.82319
30
-6.66643
11
3.49829
21
0.71683
31
-6.56494
12
3.64538
22
0.70297
32
-6.54749
13
3.66666
23
0.80933
33
-6.64899
0
3DFACE
8
C1
10
3.49829
20
0.71683
30
-6.56494
11
3.47700
21
0.61058
31
-6.46334
12
3.62408
22
0.59671
32
-6.44590
13
3.64538
23
0.70297
33
-6.54749
0
3DFACE
8
C1
10
3.47700
20
0.61058
30
-6.46334
11
3.45572
21
0.50422
31
-6.36185
12
3.60280
22
0.49035
32
-6.34440
13
3.62408
23
0.59671
33
-6.44590
0
3DFACE
8
C1
10
3.45572
20
0.50422
30
-6.36185
11
3.43442
21
0.39797
31
-6.26025
12
3.58151
22
0.38410
32
-6.24281
13
3.60280
23
0.49035
33
-6.34440
0
3DFACE
8
C1
10
3.43442
20
0.39797
30
-6.26025
11
3.41314
21
0.29161
31
-6.15875
12
3.56023
22
0.27774
32
-6.14131
13
3.58151
23
0.38410
33
-6.24281
0
3DFACE
8
C1
10
3.41314
20
0.29161
30
-6.15875
11
3.39185
21
0.18536
31
-6.05716
12
3.53894
22
0.17149
32
-6.03972
13
3.56023
23
0.27774
33
-6.14131
0
3DFACE
8
C1
10
3.39185
20
0.18536
30
-6.05716
11
3.37056
21
0.07910
31
-5.95556
12
3.51765
22
0.06524
32
-5.93812
13
3.53894
23
0.17149
33
-6.03972
0
3DFACE
8
C1
10
3.37056
20
0.07910
30
-5.95556
11
3.34928
21
-0.02726
31
-5.85407
12
3.49637
22
-0.04112
32
-5.83663
13
3.51765
23
0.06524
33
-5.93812
0
3DFACE
8
C1
10
3.34928
20
-0.02726
30
-5.85407
11
3.32799
21
-0.13351
31
-5.75247
12
3.47507
22
-0.14737
32
-5.73503
13
3.49637
23
-0.04112
33
-5.83663
0
3DFACE
8
C1
10
3.32799
20
-0.13351
30
-5.75247
11
3.30671
21
-0.23987
31
-5.65098
12
3.45379
22
-0.25373
32
-5.63353
13
3.47507
23
-0.14737
33
-5.73503
0
3DFACE
8
C1
10
3.30671
20
-0.23987
30
-5.65098
11
3.28541
21
-0.34612
31
-5.54938
12
3.43250
22
-0.35998
32
-5.53194
13
3.45379
23
-0.25373
33
-5.63353
0
3DFACE
8
C1
10
3.28541
20
-0.34612
30
-5.54938
11
3.26395
21
-0.45105
31
-5.44660
12
3.41104
22
-0.46492
32
-5.42916
13
3.43250
23
-0.35998
33
-5.53194
0
3DFACE
8
C1
10
3.26395
20
-0.45105
30
-5.44660
11
3.24233
21
-0.55467
31
-5.34264
12
3.38942
22
-0.56853
32
-5.32520
13
3.41104
23
-0.46492
33
-5.42916
0
3DFACE
8
C1
10
4.24193
20
3.67525
30
-9.39462
11
4.22031
21
3.57163
31
-9.29066
12
4.36711
22
3.56007
32
-9.27115
13
4.38874
23
3.66358
33
-9.37521
0
3DFACE
8
C1
10
4.22031
20
3.57163
30
-9.29066
11
4.19885
21
3.46670
31
-9.18788
12
4.34565
22
3.45514
32
-9.16837
13
4.36711
23
3.56007
33
-9.27115
0
3DFACE
8
C1
10
4.19885
20
3.46670
30
-9.18788
11
4.17756
21
3.36045
31
-9.08629
12
4.32436
22
3.34889
32
-9.06678
13
4.34565
23
3.45514
33
-9.16837
0
3DFACE
8
C1
10
4.17756
20
3.36045
30
-9.08629
11
4.15628
21
3.25409
31
-8.98479
12
4.30308
22
3.24253
32
-8.96528
13
4.32436
23
3.34889
33
-9.06678
0
3DFACE
8
C1
10
4.15628
20
3.25409
30
-8.98479
11
4.13498
21
3.14784
31
-8.88320
12
4.28178
22
3.13628
32
-8.86368
13
4.30308
23
3.24253
33
-8.96528
0
3DFACE
8
C1
10
4.13498
20
3.14784
30
-8.88320
11
4.11369
21
3.04159
31
-8.78160
12
4.26050
22
3.02992
32
-8.76219
13
4.28178
23
3.13628
33
-8.86368
0
3DFACE
8
C1
10
4.11369
20
3.04159
30
-8.78160
11
4.09241
21
2.93522
31
-8.68010
12
4.23921
22
2.92367
32
-8.66059
13
4.26050
23
3.02992
33
-8.76219
0
3DFACE
8
C1
10
4.09241
20
2.93522
30
-8.68010
11
4.07112
21
2.82897
31
-8.57851
12
4.21793
22
2.81731
32
-8.55910
13
4.23921
23
2.92367
33
-8.66059
0
3DFACE
8
C1
10
4.07112
20
2.82897
30
-8.57851
11
4.04984
21
2.72261
31
-8.47701
12
4.19664
22
2.71106
32
-8.45750
13
4.21793
23
2.81731
33
-8.55910
0
3DFACE
8
C1
10
4.04984
20
2.72261
30
-8.47701
11
4.02854
21
2.61636
31
-8.37542
12
4.17534
22
2.60480
32
-8.35591
13
4.19664
23
2.71106
33
-8.45750
0
3DFACE
8
C1
10
4.02854
20
2.61636
30
-8.37542
11
4.00727
21
2.51000
31
-8.27392
12
4.15406
22
2.49844
32
-8.25441
13
4.17534
23
2.60480
33
-8.35591
0
3DFACE
8
C1
10
4.00727
20
2.51000
30
-8.27392
11
3.98597
21
2.40375
31
-8.17233
12
4.13277
22
2.39219
32
-8.15281
13
4.15406
23
2.49844
33
-8.25441
0
3DFACE
8
C1
10
3.98597
20
2.40375
30
-8.17233
11
3.96468
21
2.29750
31
-8.07073
12
4.11149
22
2.28583
32
-8.05132
13
4.13277
23
2.39219
33
-8.15281
0
3DFACE
8
C1
10
3.96468
20
2.29750
30
-8.07073
11
3.94340
21
2.19114
31
-7.96923
12
4.09020
22
2.17958
32
-7.94972
13
4.11149
23
2.28583
33
-8.05132
0
3DFACE
8
C1
10
3.94340
20
2.19114
30
-7.96923
11
3.92211
21
2.08489
31
-7.86764
12
4.06892
22
2.07322
32
-7.84823
13
4.09020
23
2.17958
33
-7.94972
0
3DFACE
8
C1
10
3.92211
20
2.08489
30
-7.86764
11
3.90083
21
1.97853
31
-7.76614
12
4.04763
22
1.96697
32
-7.74663
13
4.06892
23
2.07322
33
-7.84823
0
3DFACE
8
C1
10
3.90083
20
1.97853
30
-7.76614
11
3.87953
21
1.87228
31
-7.66455
12
4.02633
22
1.86072
32
-7.64504
13
4.04763
23
1.96697
33
-7.74663
0
3DFACE
8
C1
10
3.87953
20
1.87228
30
-7.66455
11
3.85825
21
1.76591
31
-7.56305
12
4.00505
22
1.75436
32
-7.54354
13
4.02633
23
1.86072
33
-7.64504
0
3DFACE
8
C1
10
3.85825
20
1.76591
30
-7.56305
11
3.83696
21
1.65966
31
-7.46146
12
3.98376
22
1.64811
32
-7.44194
13
4.00505
23
1.75436
33
-7.54354
0
3DFACE
8
C1
10
3.83696
20
1.65966
30
-7.46146
11
3.81567
21
1.55341
31
-7.35986
12
3.96248
22
1.54175
32
-7.34045
13
3.98376
23
1.64811
33
-7.44194
0
3DFACE
8
C1
10
3.81567
20
1.55341
30
-7.35986
11
3.79439
21
1.44705
31
-7.25836
12
3.94119
22
1.43549
32
-7.23885
13
3.96248
23
1.54175
33
-7.34045
0
3DFACE
8
C1
10
3.79439
20
1.44705
30
-7.25836
11
3.77310
21
1.34080
31
-7.15677
12
3.91991
22
1.32913
32
-7.13736
13
3.94119
23
1.43549
33
-7.23885
0
3DFACE
8
C1
10
3.77310
20
1.34080
30
-7.15677
11
3.75182
21
1.23444
31
-7.05527
12
3.89861
22
1.22288
32
-7.03576
13
3.91991
23
1.32913
33
-7.13736
0
3DFACE
8
C1
10
3.75182
20
1.23444
30
-7.05527
11
3.73052
21
1.12819
31
-6.95368
12
3.87732
22
1.11663
32
-6.93417
13
3.89861
23
1.22288
33
-7.03576
0
3DFACE
8
C1
10
3.73052
20
1.12819
30
-6.95368
11
3.70924
21
1.02183
31
-6.85218
12
3.85604
22
1.01027
32
-6.83267
13
3.87732
23
1.11663
33
-6.93417
0
3DFACE
8
C1
10
3.70924
20
1.02183
30
-6.85218
11
3.68795
21
0.91558
31
-6.75059
12
3.83475
22
0.90402
32
-6.73107
13
3.85604
23
1.01027
33
-6.83267
0
3DFACE
8
C1
10
3.68795
20
0.91558
30
-6.75059
11
3.66666
21
0.80933
31
-6.64899
12
3.81347
22
0.79766
32
-6.62958
13
3.83475
23
0.90402
33
-6.73107
0
3DFACE
8
C1
10
3.66666
20
0.80933
30
-6.64899
11
3.64538
21
0.70297
31
-6.54749
12
3.79218
22
0.69141
32
-6.52798
13
3.81347
23
0.79766
33
-6.62958
0
3DFACE
8
C1
10
3.64538
20
0.70297
30
-6.54749
11
3.62408
21
0.59671
31
-6.44590
12
3.77090
22
0.58505
32
-6.42649
13
3.79218
23
0.69141
33
-6.52798
0
3DFACE
8
C1
10
3.62408
20
0.59671
30
-6.44590
11
3.60280
21
0.49035
31
-6.34440
12
3.74960
22
0.47880
32
-6.32489
13
3.77090
23
0.58505
33
-6.42649
0
3DFACE
8
C1
10
3.60280
20
0.49035
30
-6.34440
11
3.58151
21
0.38410
31
-6.24281
12
3.72831
22
0.37255
32
-6.22330
13
3.74960
23
0.47880
33
-6.32489
0
3DFACE
8
C1
10
3.58151
20
0.38410
30
-6.24281
11
3.56023
21
0.27774
31
-6.14131
12
3.70703
22
0.26618
32
-6.12180
13
3.72831
23
0.37255
33
-6.22330
0
3DFACE
8
C1
10
3.56023
20
0.27774
30
-6.14131
11
3.53894
21
0.17149
31
-6.03972
12
3.68574
22
0.15993
32
-6.02020
13
3.70703
23
0.26618
33
-6.12180
0
3DFACE
8
C1
10
3.53894
20
0.17149
30
-6.03972
11
3.51765
21
0.06524
31
-5.93812
12
3.66446
22
0.05357
32
-5.91871
13
3.68574
23
0.15993
33
-6.02020
0
3DFACE
8
C1
10
3.51765
20
0.06524
30
-5.93812
11
3.49637
21
-0.04112
31
-5.83663
12
3.64317
22
-0.05268
32
-5.81711
13
3.66446
23
0.05357
33
-5.91871
0
3DFACE
8
C1
10
3.49637
20
-0.04112
30
-5.83663
11
3.47507
21
-0.14737
31
-5.73503
12
3.62189
22
-0.15904
32
-5.71562
13
3.64317
23
-0.05268
33
-5.81711
0
3DFACE
8
C1
10
3.47507
20
-0.14737
30
-5.73503
11
3.45379
21
-0.25373
31
-5.63353
12
3.60059
22
-0.26529
32
-5.61402
13
3.62189
23
-0.15904
33
-5.71562
0
3DFACE
8
C1
10
3.45379
20
-0.25373
30
-5.63353
11
3.43250
21
-0.35998
31
-5.53194
12
3.57930
22
-0.37154
32
-5.51243
13
3.60059
23
-0.26529
33
-5.61402
0
3DFACE
8
C1
10
3.43250
20
-0.35998
30
-5.53194
11
3.41104
21
-0.46492
31
-5.42916
12
3.55784
22
-0.47647
32
-5.40965
13
3.57930
23
-0.37154
33
-5.51243
0
3DFACE
8
C1
10
3.41104
20
-0.46492
30
-5.42916
11
3.38942
21
-0.56853
31
-5.32520
12
3.53622
22
-0.58009
32
-5.30569
13
3.55784
23
-0.47647
33
-5.40965
0
ENDSEC
0
EOF
