0
SECTION
2
ENTITIES
0
3DFACE
8
C2
10
-6.12394
20
2.15749
30
-14.96778
11
-6.14590
21
2.05662
31
-14.86135
12
-6.00456
22
2.08868
32
-14.80270
13
-5.98280
23
2.19120
33
-14.90764
0
3DFACE
8
C2
10
-6.14590
20
2.05662
30
-14.86135
11
-6.17187
21
1.98773
31
-14.72623
12
-6.02978
22
2.01385
32
-14.67290
13
-6.00456
23
2.08868
33
-14.80270
0
3DFACE
8
C2
10
-6.17187
20
1.98773
30
-14.72623
11
-6.19462
21
1.89312
31
-14.61419
12
-6.05227
22
1.91716
32
-14.56273
13
-6.02978
23
2.01385
33
-14.67290
0
3DFACE
8
C2
10
-6.19462
20
1.89312
30
-14.61419
11
-6.21730
21
1.79796
31
-14.50263
12
-6.07466
22
1.81969
32
-14.45325
13
-6.05227
23
1.91716
33
-14.56273
0
3DFACE
8
C2
10
-6.21730
20
1.79796
30
-14.50263
11
-6.24065
21
1.70819
31
-14.38625
12
-6.09793
22
1.72926
32
-14.33745
13
-6.07466
23
1.81969
33
-14.45325
0
3DFACE
8
C2
10
-6.24065
20
1.70819
30
-14.38625
11
-6.26465
21
1.62358
31
-14.26523
12
-6.12203
22
1.64542
32
-14.21574
13
-6.09793
23
1.72926
33
-14.33745
0
3DFACE
8
C2
10
-6.26465
20
1.62358
30
-14.26523
11
-6.29141
21
1.56106
31
-14.12439
12
-6.14855
22
1.58092
32
-14.07668
13
-6.12203
23
1.64542
33
-14.21574
0
3DFACE
8
C2
10
-6.29141
20
1.56106
30
-14.12439
11
-6.31510
21
1.47392
31
-14.00564
12
-6.17208
22
1.49258
32
-13.95901
13
-6.14855
23
1.58092
33
-14.07668
0
3DFACE
8
C2
10
-6.31510
20
1.47392
30
-14.00564
11
-6.33506
21
1.35701
31
-13.91361
12
-6.19240
22
1.37852
32
-13.86442
13
-6.17208
23
1.49258
33
-13.95901
0
3DFACE
8
C2
10
-6.33506
20
1.35701
30
-13.91361
11
-6.35855
21
1.26834
31
-13.79624
12
-6.21589
22
1.28985
32
-13.74705
13
-6.19240
23
1.37852
33
-13.86442
0
3DFACE
8
C2
10
-6.35855
20
1.26834
30
-13.79624
11
-6.38251
21
1.18340
31
-13.67552
12
-6.24001
22
1.20623
32
-13.62514
13
-6.21589
23
1.28985
33
-13.74705
0
3DFACE
8
C2
10
-6.38251
20
1.18340
30
-13.67552
11
-6.41205
21
1.14307
31
-13.51476
12
-6.26903
22
1.16172
32
-13.46813
13
-6.24001
23
1.20623
33
-13.62514
0
3DFACE
8
C2
10
-6.41205
20
1.14307
30
-13.51476
11
-6.43605
21
1.05846
31
-13.39374
12
-6.29316
22
1.07821
32
-13.34613
13
-6.26903
23
1.16172
33
-13.46813
0
3DFACE
8
C2
10
-6.43605
20
1.05846
30
-13.39374
11
-6.45727
21
0.95166
31
-13.29264
12
-6.31457
22
0.97284
32
-13.24374
13
-6.29316
23
1.07821
33
-13.34613
0
3DFACE
8
C2
10
-6.45727
20
0.95166
30
-13.29264
11
-6.48058
21
0.86156
31
-13.17655
12
-6.33748
22
0.87955
32
-13.13051
13
-6.31457
23
0.97284
33
-13.24374
0
3DFACE
8
C2
10
-6.48058
20
0.86156
30
-13.17655
11
-6.50329
21
0.76662
31
-13.06480
12
-6.35968
22
0.78055
32
-13.02241
13
-6.33748
23
0.87955
33
-13.13051
0
3DFACE
8
C2
10
-6.50329
20
0.76662
30
-13.06480
11
-6.52405
21
0.65608
31
-12.96705
12
-6.37989
22
0.66562
32
-12.92860
13
-6.35968
23
0.78055
33
-13.02241
0
3DFACE
8
C2
10
-6.52405
20
0.65608
30
-12.96705
11
-6.54602
21
0.55522
31
-12.86062
12
-6.40128
22
0.56014
32
-12.82632
13
-6.37989
23
0.66562
33
-12.92860
0
3DFACE
8
C2
10
-6.54602
20
0.55522
30
-12.86062
11
-6.56262
21
0.41150
31
-12.79265
12
-6.41808
22
0.41796
32
-12.75697
13
-6.40128
23
0.56014
33
-12.82632
0
3DFACE
8
C2
10
-6.56262
20
0.41150
30
-12.79265
11
-6.58491
21
0.31316
31
-12.68396
12
-6.43991
22
0.31600
32
-12.65153
13
-6.41808
23
0.41796
33
-12.75697
0
3DFACE
8
C2
10
-6.58491
20
0.31316
30
-12.68396
11
-6.60786
21
0.22020
31
-12.57043
12
-6.46259
22
0.22084
32
-12.53997
13
-6.43991
23
0.31600
33
-12.65153
0
3DFACE
8
C2
10
-6.60786
20
0.22020
30
-12.57043
11
-6.63050
21
0.12472
31
-12.45917
12
-6.48519
22
0.12503
32
-12.42901
13
-6.46259
23
0.22084
33
-12.53997
0
3DFACE
8
C2
10
-6.63050
20
0.12472
30
-12.45917
11
-6.65505
21
0.04451
31
-12.33421
12
-6.50979
22
0.04525
32
-12.30365
13
-6.48519
23
0.12503
33
-12.42901
0
3DFACE
8
C2
10
-6.65505
20
0.04451
30
-12.33421
11
-6.68179
21
-0.01824
31
-12.19357
12
-6.53653
22
-0.01749
32
-12.16301
13
-6.50979
23
0.04525
33
-12.30365
0
3DFACE
8
C2
10
-6.68179
20
-0.01824
30
-12.19357
11
-6.70726
21
-0.09110
31
-12.06200
12
-6.56194
22
-0.09079
32
-12.03184
13
-6.53653
23
-0.01749
33
-12.16301
0
3DFACE
8
C2
10
-6.70726
20
-0.09110
30
-12.06200
11
-6.73269
21
-0.16428
31
-11.93072
12
-6.58719
22
-0.16540
32
-11.90184
13
-6.56194
23
-0.09079
33
-12.03184
0
3DFACE
8
C2
10
-6.73269
20
-0.16428
30
-11.93072
11
-6.75739
21
-0.24329
31
-11.80468
12
-6.61163
22
-0.24649
32
-11.77767
13
-6.58719
23
-0.16540
33
-11.90184
0
3DFACE
8
C2
10
-6.75739
20
-0.24329
30
-11.80468
11
-6.78214
21
-0.32185
31
-11.67823
12
-6.63630
22
-0.32572
32
-11.65182
13
-6.61163
23
-0.24649
33
-11.77767
0
3DFACE
8
C2
10
-6.78214
20
-0.32185
30
-11.67823
11
-6.80765
21
-0.39438
31
-11.54637
12
-6.66186
22
-0.39791
32
-11.51966
13
-6.63630
23
-0.32572
33
-11.65182
0
3DFACE
8
C2
10
-6.80765
20
-0.39438
30
-11.54637
11
-6.83194
21
-0.47668
31
-11.42328
12
-6.68615
22
-0.48021
32
-11.39657
13
-6.66186
23
-0.39791
33
-11.51966
0
3DFACE
8
C2
10
-6.83194
20
-0.47668
30
-11.42328
11
-6.85580
21
-0.56238
31
-11.30325
12
-6.70998
22
-0.56614
32
-11.27673
13
-6.68615
23
-0.48021
33
-11.39657
0
3DFACE
8
C2
10
-6.85580
20
-0.56238
30
-11.30325
11
-6.87807
21
-0.66084
31
-11.19465
12
-6.73233
22
-0.66393
32
-11.16755
13
-6.70998
23
-0.56614
33
-11.27673
0
3DFACE
8
C2
10
-6.87807
20
-0.66084
30
-11.19465
11
-6.90203
21
-0.74577
31
-11.07393
12
-6.75622
22
-0.74942
32
-11.04731
13
-6.73233
23
-0.66393
33
-11.16755
0
3DFACE
8
C2
10
-6.90203
20
-0.74577
30
-11.07393
11
-6.92702
21
-0.82247
31
-10.94581
12
-6.78118
22
-0.82634
32
-10.91939
13
-6.75622
23
-0.74942
33
-11.04731
0
3DFACE
8
C2
10
-6.92702
20
-0.82247
30
-10.94581
11
-6.95194
21
-0.89972
31
-10.81818
12
-6.80595
22
-0.90480
32
-10.79285
13
-6.78118
23
-0.82634
33
-10.91939
0
3DFACE
8
C2
10
-6.95194
20
-0.89972
30
-10.81818
11
-6.97715
21
-0.97466
31
-10.68849
12
-6.83093
22
-0.98161
32
-10.66483
13
-6.80595
23
-0.90480
33
-10.79285
0
3DFACE
8
C2
10
-6.97715
20
-0.97466
30
-10.68849
11
-7.00107
21
-1.05993
31
-10.56806
12
-6.85485
22
-1.06687
32
-10.54440
13
-6.83093
23
-0.98161
33
-10.66483
0
3DFACE
8
C2
10
-7.00107
20
-1.05993
30
-10.56806
11
-7.02705
21
-1.12872
31
-10.43284
12
-6.88048
22
-1.13841
32
-10.41165
13
-6.85485
23
-1.06687
33
-10.54440
0
3DFACE
8
C2
10
-7.02705
20
-1.12872
30
-10.43284
11
-7.05410
21
-1.18894
31
-10.28993
12
-6.90705
22
-1.20247
32
-10.27219
13
-6.88048
23
-1.13841
33
-10.41165
0
3DFACE
8
C2
10
-7.05410
20
-1.18894
30
-10.28993
11
-7.07905
21
-1.26597
31
-10.16211
12
-6.93156
22
-1.28302
32
-10.14753
13
-6.90705
23
-1.20247
33
-10.27219
0
3DFACE
8
C2
10
-7.07905
20
-1.26597
30
-10.16211
11
-7.10315
21
-1.34970
31
-10.04030
12
-6.95513
22
-1.37103
32
-10.02956
13
-6.93156
23
-1.28302
33
-10.14753
0
3DFACE
8
C2
10
-7.10315
20
-1.34970
30
-10.04030
11
-7.12197
21
-1.47572
31
-9.95645
12
-6.97420
22
-1.49508
32
-9.94394
13
-6.95513
23
-1.37103
33
-10.02956
0
3DFACE
8
C2
10
-7.12197
20
-1.47572
30
-9.95645
11
-7.14463
21
-1.57110
31
-9.84510
12
-6.99654
22
-1.59298
32
-9.83485
13
-6.97420
23
-1.49508
33
-9.94394
0
3DFACE
8
C2
10
-7.14463
20
-1.57110
30
-9.84510
11
-7.16850
21
-1.65670
31
-9.72497
12
-7.01999
22
-1.68199
32
-9.71778
13
-6.99654
23
-1.59298
33
-9.83485
0
3DFACE
8
C2
10
-7.16850
20
-1.65670
30
-9.72497
11
-7.19038
21
-1.75833
31
-9.61923
12
-7.04187
22
-1.78351
32
-9.61194
13
-7.01999
23
-1.68199
33
-9.71778
0
3DFACE
8
C2
10
-7.19038
20
-1.75833
30
-9.61923
11
-7.21252
21
-1.85777
31
-9.51152
12
-7.06406
22
-1.88262
32
-9.50394
13
-7.04187
23
-1.78351
33
-9.61194
0
3DFACE
8
C2
10
-7.21252
20
-1.85777
30
-9.51152
11
-7.23218
21
-1.97710
31
-9.42166
12
-7.08423
22
-1.99788
32
-9.41043
13
-7.06406
23
-1.88262
33
-9.50394
0
3DFACE
8
C2
10
-7.23218
20
-1.97710
30
-9.42166
11
-7.25516
21
-2.06984
31
-9.30794
12
-7.10747
22
-2.08853
32
-9.29483
13
-7.08423
23
-1.99788
33
-9.41043
0
3DFACE
8
C2
10
-7.25516
20
-2.06984
30
-9.30794
11
-7.28316
21
-2.12248
31
-9.15822
12
-7.13515
22
-2.14370
32
-9.14739
13
-7.10747
23
-2.08853
33
-9.29483
0
3DFACE
8
C2
10
-7.28316
20
-2.12248
30
-9.15822
11
-7.30710
21
-2.20752
31
-9.03760
12
-7.15958
22
-2.22490
32
-9.02331
13
-7.13515
23
-2.14370
33
-9.14739
0
3DFACE
8
C2
10
-7.30710
20
-2.20752
30
-9.03760
11
-7.33121
21
-2.29125
31
-8.91579
12
-7.18421
22
-2.30446
32
-8.89776
13
-7.15958
23
-2.22490
33
-9.02331
0
3DFACE
8
C2
10
-7.33121
20
-2.29125
30
-8.91579
11
-7.35651
21
-2.36554
31
-8.78550
12
-7.20986
22
-2.37588
32
-8.76491
13
-7.18421
23
-2.30446
33
-8.89776
0
3DFACE
8
C2
10
-7.35651
20
-2.36554
30
-8.78550
11
-7.38053
21
-2.44992
31
-8.66429
12
-7.23437
22
-2.45643
32
-8.64024
13
-7.20986
23
-2.37588
33
-8.76491
0
3DFACE
8
C2
10
-7.38053
20
-2.44992
30
-8.66429
11
-7.40768
21
-2.50938
31
-8.52069
12
-7.26146
22
-2.51632
32
-8.49703
13
-7.23437
23
-2.45643
33
-8.64024
0
3DFACE
8
C2
10
-7.40768
20
-2.50938
30
-8.52069
11
-7.43197
21
-2.59168
31
-8.39760
12
-7.28595
22
-2.59697
32
-8.37247
13
-7.26146
23
-2.51632
33
-8.49703
0
3DFACE
8
C2
10
-7.43197
20
-2.59168
30
-8.39760
11
-7.45589
21
-2.67695
31
-8.27717
12
-7.30988
22
-2.68213
32
-8.25194
13
-7.28595
23
-2.59697
33
-8.37247
0
3DFACE
8
C2
10
-7.45589
20
-2.67695
30
-8.27717
11
-7.47886
21
-2.76979
31
-8.16355
12
-7.33287
22
-2.77487
32
-8.13822
13
-7.30988
23
-2.68213
33
-8.25194
0
3DFACE
8
C2
10
-7.47886
20
-2.76979
30
-8.16355
11
-7.50258
21
-2.85660
31
-8.04450
12
-7.35625
22
-2.86442
32
-8.02163
13
-7.33287
23
-2.77487
33
-8.13822
0
3DFACE
8
C2
10
-7.50258
20
-2.85660
30
-8.04450
11
-7.52514
21
-2.95274
31
-7.93383
12
-7.37855
22
-2.96265
32
-7.91284
13
-7.35625
23
-2.86442
33
-8.02163
0
3DFACE
8
C2
10
-7.52514
20
-2.95274
30
-7.93383
11
-7.54910
21
-3.03768
31
-7.81311
12
-7.40217
22
-3.05023
32
-7.79448
13
-7.37855
23
-2.96265
33
-7.91284
0
3DFACE
8
C2
10
-7.54910
20
-3.03768
30
-7.81311
11
-7.57295
21
-3.12350
31
-7.69317
12
-7.42594
22
-3.13670
32
-7.67514
13
-7.40217
23
-3.05023
33
-7.79448
0
3DFACE
8
C2
10
-7.57295
20
-3.12350
30
-7.69317
11
-7.59732
21
-3.20514
31
-7.56949
12
-7.45042
22
-3.21747
32
-7.55067
13
-7.42594
23
-3.13670
33
-7.67514
0
3DFACE
8
C2
10
-7.59732
20
-3.20514
30
-7.56949
11
-7.62088
21
-3.29327
31
-7.45163
12
-7.47401
22
-3.30537
32
-7.43261
13
-7.45042
23
-3.21747
33
-7.55067
0
3DFACE
8
C2
10
-7.62088
20
-3.29327
30
-7.45163
11
-7.64452
21
-3.38073
31
-7.33317
12
-7.49742
22
-3.39470
32
-7.31583
13
-7.47401
23
-3.30537
33
-7.43261
0
3DFACE
8
C2
10
-7.64452
20
-3.38073
30
-7.33317
11
-7.66656
21
-3.48105
31
-7.22625
12
-7.51934
22
-3.49590
32
-7.20970
13
-7.49742
23
-3.39470
33
-7.31583
0
3DFACE
8
C2
10
-7.66656
20
-3.48105
30
-7.22625
11
-7.68811
21
-3.58521
31
-7.12279
12
-7.54064
22
-3.60215
32
-7.10810
13
-7.51934
23
-3.49590
33
-7.20970
0
3DFACE
8
C2
10
-7.68811
20
-3.58521
30
-7.12279
11
-7.70627
21
-3.71651
31
-7.04367
12
-7.55900
22
-3.73180
32
-7.02751
13
-7.54064
23
-3.60215
33
-7.10810
0
3DFACE
8
C2
10
-7.70627
20
-3.71651
30
-7.04367
11
-7.72416
21
-3.85001
31
-6.96653
12
-7.57701
22
-3.86431
32
-6.94948
13
-7.55900
23
-3.73180
33
-7.02751
0
3DFACE
8
C2
10
-7.72416
20
-3.85001
30
-6.96653
11
-7.74138
21
-3.98878
31
-6.89412
12
-7.59424
22
-4.00308
32
-6.87707
13
-7.57701
23
-3.86431
33
-6.94948
0
3DFACE
8
C2
10
-7.74138
20
-3.98878
30
-6.89412
11
-7.75932
21
-4.12183
31
-6.81658
12
-7.61232
22
-4.13504
32
-6.79855
13
-7.59424
23
-4.00308
33
-6.87707
0
3DFACE
8
C2
10
-5.98280
20
2.19120
30
-14.90764
11
-6.00456
21
2.08868
31
-14.80270
12
-5.86180
22
2.10942
32
-14.75420
13
-5.84009
23
2.21238
33
-14.85875
0
3DFACE
8
C2
10
-6.00456
20
2.08868
30
-14.80270
11
-6.02978
21
2.01385
31
-14.67290
12
-5.88618
22
2.02789
32
-14.63042
13
-5.86180
23
2.10942
33
-14.75420
0
3DFACE
8
C2
10
-6.02978
20
2.01385
30
-14.67290
11
-6.05227
21
1.91716
31
-14.56273
12
-5.90859
22
1.93054
32
-14.52083
13
-5.88618
23
2.02789
33
-14.63042
0
3DFACE
8
C2
10
-6.05227
20
1.91716
30
-14.56273
11
-6.07466
21
1.81969
31
-14.45325
12
-5.93090
22
1.83242
32
-14.41194
13
-5.90859
23
1.93054
33
-14.52083
0
3DFACE
8
C2
10
-6.07466
20
1.81969
30
-14.45325
11
-6.09793
21
1.72926
31
-14.33745
12
-5.95408
22
1.74122
32
-14.29684
13
-5.93090
23
1.83242
33
-14.41194
0
3DFACE
8
C2
10
-6.09793
20
1.72926
30
-14.33745
11
-6.12203
21
1.64542
31
-14.21574
12
-5.97810
22
1.65683
32
-14.17562
13
-5.95408
23
1.74122
33
-14.29684
0
3DFACE
8
C2
10
-6.12203
20
1.64542
30
-14.21574
11
-6.14855
21
1.58092
31
-14.07668
12
-6.00438
22
1.59045
32
-14.03824
13
-5.97810
23
1.65683
33
-14.17562
0
3DFACE
8
C2
10
-6.14855
20
1.58092
30
-14.07668
11
-6.17208
21
1.49258
31
-13.95901
12
-6.02775
22
1.50079
32
-13.92175
13
-6.00438
23
1.59045
33
-14.03824
0
3DFACE
8
C2
10
-6.17208
20
1.49258
30
-13.95901
11
-6.19240
21
1.37852
31
-13.86442
12
-6.04869
22
1.39169
32
-13.82272
13
-6.02775
23
1.50079
33
-13.92175
0
3DFACE
8
C2
10
-6.19240
20
1.37852
30
-13.86442
11
-6.21589
21
1.28985
31
-13.74705
12
-6.07203
22
1.30180
32
-13.70643
13
-6.04869
23
1.39169
33
-13.82272
0
3DFACE
8
C2
10
-6.21589
20
1.28985
30
-13.74705
11
-6.24001
21
1.20623
31
-13.62514
12
-6.09602
22
1.21708
32
-13.58551
13
-6.07203
23
1.30180
33
-13.70643
0
3DFACE
8
C2
10
-6.24001
20
1.20623
30
-13.62514
11
-6.26903
21
1.16172
31
-13.46813
12
-6.12465
22
1.16950
32
-13.43127
13
-6.09602
23
1.21708
33
-13.58551
0
3DFACE
8
C2
10
-6.26903
20
1.16172
30
-13.46813
11
-6.29316
21
1.07821
31
-13.34613
12
-6.14866
22
1.08500
32
-13.31015
13
-6.12465
23
1.16950
33
-13.43127
0
3DFACE
8
C2
10
-6.29316
20
1.07821
30
-13.34613
11
-6.31457
21
0.97284
31
-13.24374
12
-6.16998
22
0.97897
32
-13.20836
13
-6.14866
23
1.08500
33
-13.31015
0
3DFACE
8
C2
10
-6.31457
20
0.97284
30
-13.24374
11
-6.33748
21
0.87955
31
-13.13051
12
-6.19284
22
0.88524
32
-13.09552
13
-6.16998
23
0.97897
33
-13.20836
0
3DFACE
8
C2
10
-6.33748
20
0.87955
30
-13.13051
11
-6.35968
21
0.78055
31
-13.02241
12
-6.21505
22
0.78635
32
-12.98732
13
-6.19284
23
0.88524
33
-13.09552
0
3DFACE
8
C2
10
-6.35968
20
0.78055
30
-13.02241
11
-6.37989
21
0.66562
31
-12.92860
12
-6.23504
22
0.66966
32
-12.89509
13
-6.21505
23
0.78635
33
-12.98732
0
3DFACE
8
C2
10
-6.37989
20
0.66562
30
-12.92860
11
-6.40128
21
0.56014
31
-12.82632
12
-6.25658
22
0.56539
32
-12.79172
13
-6.23504
23
0.66966
33
-12.89509
0
3DFACE
8
C2
10
-6.40128
20
0.56014
30
-12.82632
11
-6.41808
21
0.41796
31
-12.75697
12
-6.27384
22
0.42684
32
-12.71911
13
-6.25658
23
0.56539
33
-12.79172
0
3DFACE
8
C2
10
-6.41808
20
0.41796
30
-12.75697
11
-6.43991
21
0.31600
31
-12.65153
12
-6.29594
22
0.32707
32
-12.61170
13
-6.27384
23
0.42684
33
-12.71911
0
3DFACE
8
C2
10
-6.43991
20
0.31600
30
-12.65153
11
-6.46259
21
0.22084
31
-12.53997
12
-6.31881
22
0.23345
32
-12.49877
13
-6.29594
23
0.32707
33
-12.61170
0
3DFACE
8
C2
10
-6.46259
20
0.22084
30
-12.53997
11
-6.48519
21
0.12503
31
-12.42901
12
-6.34122
22
0.13610
32
-12.38919
13
-6.31881
23
0.23345
33
-12.49877
0
3DFACE
8
C2
10
-6.48519
20
0.12503
30
-12.42901
11
-6.50979
21
0.04525
31
-12.30365
12
-6.36578
22
0.05600
32
-12.26412
13
-6.34122
23
0.13610
33
-12.38919
0
3DFACE
8
C2
10
-6.50979
20
0.04525
30
-12.30365
11
-6.53653
21
-0.01749
31
-12.16301
12
-6.39268
22
-0.00543
32
-12.12230
13
-6.36578
23
0.05600
33
-12.26412
0
3DFACE
8
C2
10
-6.53653
20
-0.01749
30
-12.16301
11
-6.56194
21
-0.09079
31
-12.03184
12
-6.41788
22
-0.08048
32
-11.99270
13
-6.39268
23
-0.00543
33
-12.12230
0
3DFACE
8
C2
10
-6.56194
20
-0.09079
30
-12.03184
11
-6.58719
21
-0.16540
31
-11.90184
12
-6.44291
22
-0.15685
32
-11.86429
13
-6.41788
23
-0.08048
33
-11.99270
0
3DFACE
8
C2
10
-6.58719
20
-0.16540
30
-11.90184
11
-6.61163
21
-0.24649
31
-11.77767
12
-6.46682
22
-0.24212
32
-11.74386
13
-6.44291
23
-0.15685
33
-11.86429
0
3DFACE
8
C2
10
-6.61163
20
-0.24649
30
-11.77767
11
-6.63630
21
-0.32572
31
-11.65182
12
-6.49140
22
-0.32211
32
-11.61870
13
-6.46682
23
-0.24212
33
-11.74386
0
3DFACE
8
C2
10
-6.63630
20
-0.32572
30
-11.65182
11
-6.66186
21
-0.39791
31
-11.51966
12
-6.51712
22
-0.39299
32
-11.48536
13
-6.49140
23
-0.32211
33
-11.61870
0
3DFACE
8
C2
10
-6.66186
20
-0.39791
30
-11.51966
11
-6.68615
21
-0.48021
31
-11.39657
12
-6.54131
22
-0.47606
32
-11.36296
13
-6.51712
23
-0.39299
33
-11.48536
0
3DFACE
8
C2
10
-6.68615
20
-0.48021
30
-11.39657
11
-6.70998
21
-0.56614
31
-11.27673
12
-6.56508
22
-0.56254
32
-11.24361
13
-6.54131
23
-0.47606
33
-11.36296
0
3DFACE
8
C2
10
-6.70998
20
-0.56614
30
-11.27673
11
-6.73233
21
-0.66393
31
-11.16755
12
-6.58743
22
-0.66033
32
-11.13443
13
-6.56508
23
-0.56254
33
-11.24361
0
3DFACE
8
C2
10
-6.73233
20
-0.66393
30
-11.16755
11
-6.75622
21
-0.74942
31
-11.04731
12
-6.61120
22
-0.74681
32
-11.01508
13
-6.58743
23
-0.66033
33
-11.13443
0
3DFACE
8
C2
10
-6.75622
20
-0.74942
30
-11.04731
11
-6.78118
21
-0.82634
31
-10.91939
12
-6.63627
22
-0.82285
32
-10.88637
13
-6.61120
23
-0.74681
33
-11.01508
0
3DFACE
8
C2
10
-6.78118
20
-0.82634
30
-10.91939
11
-6.80595
21
-0.90480
31
-10.79285
12
-6.66075
22
-0.90361
32
-10.76190
13
-6.63627
23
-0.82285
33
-10.88637
0
3DFACE
8
C2
10
-6.80595
20
-0.90480
30
-10.79285
11
-6.83093
21
-0.98161
31
-10.66483
12
-6.68539
22
-0.98306
32
-10.63625
13
-6.66075
23
-0.90361
33
-10.76190
0
3DFACE
8
C2
10
-6.83093
20
-0.98161
30
-10.66483
11
-6.85485
21
-1.06687
31
-10.54440
12
-6.70920
22
-1.06920
32
-10.51661
13
-6.68539
23
-0.98306
33
-10.63625
0
3DFACE
8
C2
10
-6.85485
20
-1.06687
30
-10.54440
11
-6.88048
21
-1.13841
31
-10.41165
12
-6.73442
22
-1.14403
32
-10.38682
13
-6.70920
23
-1.06920
33
-10.51661
0
3DFACE
8
C2
10
-6.88048
20
-1.13841
30
-10.41165
11
-6.90705
21
-1.20247
31
-10.27219
12
-6.76057
22
-1.21150
32
-10.25041
13
-6.73442
23
-1.14403
33
-10.38682
0
3DFACE
8
C2
10
-6.90705
20
-1.20247
30
-10.27219
11
-6.93156
21
-1.28302
31
-10.14753
12
-6.78471
22
-1.29501
32
-10.12841
13
-6.76057
23
-1.21150
33
-10.25041
0
3DFACE
8
C2
10
-6.93156
20
-1.28302
30
-10.14753
11
-6.95513
21
-1.37103
31
-10.02956
12
-6.80792
22
-1.38589
32
-10.01301
13
-6.78471
23
-1.29501
33
-10.12841
0
3DFACE
8
C2
10
-6.95513
20
-1.37103
30
-10.02956
11
-6.97420
21
-1.49508
31
-9.94394
12
-6.82732
22
-1.50730
32
-9.92502
13
-6.80792
23
-1.38589
33
-10.01301
0
3DFACE
8
C2
10
-6.97420
20
-1.49508
30
-9.94394
11
-6.99654
21
-1.59298
31
-9.83485
12
-6.84956
22
-1.60597
32
-9.81662
13
-6.82732
23
-1.50730
33
-9.92502
0
3DFACE
8
C2
10
-6.99654
20
-1.59298
30
-9.83485
11
-7.01999
21
-1.68199
31
-9.71778
12
-6.87285
22
-1.69629
32
-9.70073
13
-6.84956
23
-1.60597
33
-9.81662
0
3DFACE
8
C2
10
-7.01999
20
-1.68199
30
-9.71778
11
-7.04187
21
-1.78351
31
-9.61194
12
-6.89491
22
-1.79639
32
-9.59361
13
-6.87285
23
-1.69629
33
-9.70073
0
3DFACE
8
C2
10
-7.04187
20
-1.78351
30
-9.61194
11
-7.06406
21
-1.88262
31
-9.50394
12
-6.91719
22
-1.89473
32
-9.48492
13
-6.89491
23
-1.79639
33
-9.59361
0
3DFACE
8
C2
10
-7.06406
20
-1.88262
30
-9.50394
11
-7.08423
21
-1.99788
31
-9.41043
12
-6.93766
22
-2.00757
32
-9.38924
13
-6.91719
23
-1.89473
33
-9.48492
0
3DFACE
8
C2
10
-7.08423
20
-1.99788
30
-9.41043
11
-7.10747
21
-2.08853
31
-9.29483
12
-6.96108
22
-2.09679
32
-9.27236
13
-6.93766
23
-2.00757
33
-9.38924
0
3DFACE
8
C2
10
-7.10747
20
-2.08853
30
-9.29483
11
-7.13515
21
-2.14370
31
-9.14739
12
-6.98839
22
-2.15493
32
-9.12758
13
-6.96108
23
-2.09679
33
-9.27236
0
3DFACE
8
C2
10
-7.13515
20
-2.14370
30
-9.14739
11
-7.15958
21
-2.22490
31
-9.02331
12
-7.01304
22
-2.23437
32
-9.00193
13
-6.98839
23
-2.15493
33
-9.12758
0
3DFACE
8
C2
10
-7.15958
20
-2.22490
30
-9.02331
11
-7.18421
21
-2.30446
31
-8.89776
12
-7.03780
22
-2.31294
32
-8.87548
13
-7.01304
23
-2.23437
33
-9.00193
0
3DFACE
8
C2
10
-7.18421
20
-2.30446
30
-8.89776
11
-7.20986
21
-2.37588
31
-8.76491
12
-7.06361
22
-2.38305
32
-8.74145
13
-7.03780
23
-2.31294
33
-8.87548
0
3DFACE
8
C2
10
-7.20986
20
-2.37588
30
-8.76491
11
-7.23437
21
-2.45643
31
-8.64024
12
-7.08828
22
-2.46227
32
-8.61560
13
-7.06361
23
-2.38305
33
-8.74145
0
3DFACE
8
C2
10
-7.23437
20
-2.45643
30
-8.64024
11
-7.26146
21
-2.51632
31
-8.49703
12
-7.11524
22
-2.52326
32
-8.47338
13
-7.08828
23
-2.46227
33
-8.61560
0
3DFACE
8
C2
10
-7.26146
20
-2.51632
30
-8.49703
11
-7.28595
21
-2.59697
31
-8.37247
12
-7.13965
22
-2.60457
32
-8.34940
13
-7.11524
23
-2.52326
33
-8.47338
0
3DFACE
8
C2
10
-7.28595
20
-2.59697
30
-8.37247
11
-7.30988
21
-2.68213
31
-8.25194
12
-7.16344
22
-2.69083
32
-8.22986
13
-7.13965
23
-2.60457
33
-8.34940
0
3DFACE
8
C2
10
-7.30988
20
-2.68213
30
-8.25194
11
-7.33287
21
-2.77487
31
-8.13822
12
-7.18643
22
-2.78357
32
-8.11614
13
-7.16344
23
-2.69083
33
-8.22986
0
3DFACE
8
C2
10
-7.33287
20
-2.77487
30
-8.13822
11
-7.35625
21
-2.86442
31
-8.02163
12
-7.20953
22
-2.87532
32
-8.00153
13
-7.18643
23
-2.78357
33
-8.11614
0
3DFACE
8
C2
10
-7.35625
20
-2.86442
30
-8.02163
11
-7.37855
21
-2.96265
31
-7.91284
12
-7.23154
22
-2.97586
32
-7.89481
13
-7.20953
23
-2.87532
33
-8.00153
0
3DFACE
8
C2
10
-7.37855
20
-2.96265
30
-7.91284
11
-7.40217
21
-3.05023
31
-7.79448
12
-7.25487
22
-3.06585
32
-7.77862
13
-7.23154
23
-2.97586
33
-7.89481
0
3DFACE
8
C2
10
-7.40217
20
-3.05023
30
-7.79448
11
-7.42594
21
-3.13670
31
-7.67514
12
-7.27839
22
-3.15430
32
-7.66105
13
-7.25487
23
-3.06585
33
-7.77862
0
3DFACE
8
C2
10
-7.42594
20
-3.13670
30
-7.67514
11
-7.45042
21
-3.21747
31
-7.55067
12
-7.30256
22
-3.23748
32
-7.53875
13
-7.27839
23
-3.15430
33
-7.66105
0
3DFACE
8
C2
10
-7.45042
20
-3.21747
30
-7.55067
11
-7.47401
21
-3.30537
31
-7.43261
12
-7.32602
22
-3.32649
32
-7.42168
13
-7.30256
23
-3.23748
33
-7.53875
0
3DFACE
8
C2
10
-7.47401
20
-3.30537
30
-7.43261
11
-7.49742
21
-3.39470
31
-7.31583
12
-7.34914
22
-3.41813
32
-7.30697
13
-7.32602
23
-3.32649
33
-7.42168
0
3DFACE
8
C2
10
-7.49742
20
-3.39470
30
-7.31583
11
-7.51934
21
-3.49590
31
-7.20970
12
-7.37098
22
-3.51998
32
-7.20143
13
-7.34914
23
-3.41813
33
-7.30697
0
3DFACE
8
C2
10
-7.51934
20
-3.49590
30
-7.20970
11
-7.54064
21
-3.60215
31
-7.10810
12
-7.39216
22
-3.62711
32
-7.10062
13
-7.37098
23
-3.51998
33
-7.20143
0
3DFACE
8
C2
10
-7.54064
20
-3.60215
30
-7.10810
11
-7.55900
21
-3.73180
31
-7.02751
12
-7.41084
22
-3.75424
32
-7.01776
13
-7.39216
23
-3.62711
33
-7.10062
0
3DFACE
8
C2
10
-7.55900
20
-3.73180
30
-7.02751
11
-7.57701
21
-3.86431
31
-6.94948
12
-7.42921
22
-3.88389
32
-6.93717
13
-7.41084
23
-3.75424
33
-7.01776
0
3DFACE
8
C2
10
-7.57701
20
-3.86431
30
-6.94948
11
-7.59424
21
-4.00308
31
-6.87707
12
-7.44692
22
-4.01881
32
-6.86131
13
-7.42921
23
-3.88389
33
-6.93717
0
3DFACE
8
C2
10
-7.59424
20
-4.00308
30
-6.87707
11
-7.61232
21
-4.13504
31
-6.79855
12
-7.46535
22
-4.14791
32
-6.78022
13
-7.44692
23
-4.01881
33
-6.86131
0
3DFACE
8
C2
10
-5.84009
20
2.21238
30
-14.85875
11
-5.86180
21
2.10942
31
-14.75420
12
-5.72131
22
2.14829
32
-14.68943
13
-5.69975
23
2.25245
33
-14.79290
0
3DFACE
8
C2
10
-5.86180
20
2.10942
30
-14.75420
11
-5.88618
21
2.02789
31
-14.63042
12
-5.74498
22
2.06105
32
-14.57077
13
-5.72131
23
2.14829
33
-14.68943
0
3DFACE
8
C2
10
-5.88618
20
2.02789
30
-14.63042
11
-5.90859
21
1.93054
31
-14.52083
12
-5.76719
22
1.96216
32
-14.46257
13
-5.74498
23
2.06105
33
-14.57077
0
3DFACE
8
C2
10
-5.90859
20
1.93054
30
-14.52083
11
-5.93090
21
1.83242
31
-14.41194
12
-5.78916
22
1.86129
32
-14.35615
13
-5.76719
23
1.96216
33
-14.46257
0
3DFACE
8
C2
10
-5.93090
20
1.83242
30
-14.41194
11
-5.95408
21
1.74122
31
-14.29684
12
-5.81220
22
1.76899
32
-14.24203
13
-5.78916
23
1.86129
33
-14.35615
0
3DFACE
8
C2
10
-5.95408
20
1.74122
30
-14.29684
11
-5.97810
21
1.65683
31
-14.17562
12
-5.83635
22
1.68559
32
-14.11992
13
-5.81220
23
1.76899
33
-14.24203
0
3DFACE
8
C2
10
-5.97810
20
1.65683
30
-14.17562
11
-6.00438
21
1.59045
31
-14.03824
12
-5.86231
22
1.61669
32
-13.98481
13
-5.83635
23
1.68559
33
-14.11992
0
3DFACE
8
C2
10
-6.00438
20
1.59045
30
-14.03824
11
-6.02775
21
1.50079
31
-13.92175
12
-5.88552
22
1.52571
32
-13.86951
13
-5.86231
23
1.61669
33
-13.98481
0
3DFACE
8
C2
10
-6.02775
20
1.50079
30
-13.92175
11
-6.04869
21
1.39169
31
-13.82272
12
-5.90682
22
1.41957
32
-13.76781
13
-5.88552
23
1.52571
33
-13.86951
0
3DFACE
8
C2
10
-6.04869
20
1.39169
30
-13.82272
11
-6.07203
21
1.30180
31
-13.70643
12
-5.93005
22
1.32881
32
-13.65231
13
-5.90682
23
1.41957
33
-13.76781
0
3DFACE
8
C2
10
-6.07203
20
1.30180
30
-13.70643
11
-6.09602
21
1.21708
31
-13.58551
12
-5.95416
22
1.24508
32
-13.53051
13
-5.93005
23
1.32881
33
-13.65231
0
3DFACE
8
C2
10
-6.09602
20
1.21708
30
-13.58551
11
-6.12465
21
1.16950
31
-13.43127
12
-5.98222
22
1.19288
32
-13.38040
13
-5.95416
23
1.24508
33
-13.53051
0
3DFACE
8
C2
10
-6.12465
20
1.16950
30
-13.43127
11
-6.14866
21
1.08500
31
-13.31015
12
-6.00622
22
1.10827
32
-13.25938
13
-5.98222
23
1.19288
33
-13.38040
0
3DFACE
8
C2
10
-6.14866
20
1.08500
30
-13.31015
11
-6.16998
21
0.97897
31
-13.20836
12
-6.02765
22
1.00312
32
-13.15680
13
-6.00622
23
1.10827
33
-13.25938
0
3DFACE
8
C2
10
-6.16998
20
0.97897
30
-13.20836
11
-6.19284
21
0.88524
31
-13.09552
12
-6.05003
22
0.90554
32
-13.04741
13
-6.02765
23
1.00312
33
-13.15680
0
3DFACE
8
C2
10
-6.19284
20
0.88524
30
-13.09552
11
-6.21505
21
0.78635
31
-12.98732
12
-6.07168
22
0.80215
32
-12.94326
13
-6.05003
23
0.90554
33
-13.04741
0
3DFACE
8
C2
10
-6.21505
20
0.78635
30
-12.98732
11
-6.23504
21
0.66966
31
-12.89509
12
-6.09111
22
0.68107
32
-12.85497
13
-6.07168
23
0.80215
33
-12.94326
0
3DFACE
8
C2
10
-6.23504
20
0.66966
30
-12.89509
11
-6.25658
21
0.56539
31
-12.79172
12
-6.11213
22
0.57262
32
-12.75535
13
-6.09111
23
0.68107
33
-12.85497
0
3DFACE
8
C2
10
-6.25658
20
0.56539
30
-12.79172
11
-6.27384
21
0.42684
31
-12.71911
12
-6.12966
22
0.43627
32
-12.68077
13
-6.11213
23
0.57262
33
-12.75535
0
3DFACE
8
C2
10
-6.27384
20
0.42684
30
-12.71911
11
-6.29594
21
0.32707
31
-12.61170
12
-6.15137
22
0.33331
32
-12.57622
13
-6.12966
23
0.43627
33
-12.68077
0
3DFACE
8
C2
10
-6.29594
20
0.32707
30
-12.61170
11
-6.31881
21
0.23345
31
-12.49877
12
-6.17399
22
0.23772
32
-12.46506
13
-6.15137
23
0.33331
33
-12.57622
0
3DFACE
8
C2
10
-6.31881
20
0.23345
30
-12.49877
11
-6.34122
21
0.13610
31
-12.38919
12
-6.19634
22
0.13992
32
-12.35587
13
-6.17399
23
0.23772
33
-12.46506
0
3DFACE
8
C2
10
-6.34122
20
0.13610
30
-12.38919
11
-6.36578
21
0.05600
31
-12.26412
12
-6.22095
22
0.06015
32
-12.23051
13
-6.19634
23
0.13992
33
-12.35587
0
3DFACE
8
C2
10
-6.36578
20
0.05600
30
-12.26412
11
-6.39268
21
-0.00543
31
-12.12230
12
-6.24785
22
-0.00128
32
-12.08869
13
-6.22095
23
0.06015
33
-12.23051
0
3DFACE
8
C2
10
-6.39268
20
-0.00543
30
-12.12230
11
-6.41788
21
-0.08048
31
-11.99270
12
-6.27292
22
-0.07732
32
-11.95998
13
-6.24785
23
-0.00128
33
-12.08869
0
3DFACE
8
C2
10
-6.41788
20
-0.08048
30
-11.99270
11
-6.44291
21
-0.15685
31
-11.86429
12
-6.29769
22
-0.15578
32
-11.83344
13
-6.27292
23
-0.07732
33
-11.95998
0
3DFACE
8
C2
10
-6.44291
20
-0.15685
30
-11.86429
11
-6.46682
21
-0.24212
31
-11.74386
12
-6.32129
22
-0.24357
32
-11.71528
13
-6.29769
23
-0.15578
33
-11.83344
0
3DFACE
8
C2
10
-6.46682
20
-0.24212
30
-11.74386
11
-6.49140
21
-0.32211
31
-11.61870
12
-6.34572
22
-0.32477
32
-11.59120
13
-6.32129
23
-0.24357
33
-11.71528
0
3DFACE
8
C2
10
-6.49140
20
-0.32211
30
-11.61870
11
-6.51712
21
-0.39299
31
-11.48536
12
-6.37143
22
-0.39565
32
-11.45786
13
-6.34572
23
-0.32477
33
-11.59120
0
3DFACE
8
C2
10
-6.51712
20
-0.39299
30
-11.48536
11
-6.54131
21
-0.47606
31
-11.36296
12
-6.39564
22
-0.47861
32
-11.33536
13
-6.37143
23
-0.39565
33
-11.45786
0
3DFACE
8
C2
10
-6.54131
20
-0.47606
30
-11.36296
11
-6.56508
21
-0.56254
31
-11.24361
12
-6.41941
22
-0.56509
32
-11.21602
13
-6.39564
23
-0.47861
33
-11.33536
0
3DFACE
8
C2
10
-6.56508
20
-0.56254
30
-11.24361
11
-6.58743
21
-0.66033
31
-11.13443
12
-6.44196
22
-0.66123
32
-11.10535
13
-6.41941
23
-0.56509
33
-11.21602
0
3DFACE
8
C2
10
-6.58743
20
-0.66033
30
-11.13443
11
-6.61120
21
-0.74681
31
-11.01508
12
-6.46577
22
-0.74738
32
-10.98571
13
-6.44196
23
-0.66123
33
-11.10535
0
3DFACE
8
C2
10
-6.61120
20
-0.74681
30
-11.01508
11
-6.63627
21
-0.82285
31
-10.88637
12
-6.49088
22
-0.82309
32
-10.85670
13
-6.46577
23
-0.74738
33
-10.98571
0
3DFACE
8
C2
10
-6.63627
20
-0.82285
30
-10.88637
11
-6.66075
21
-0.90361
31
-10.76190
12
-6.51524
22
-0.90484
32
-10.73312
13
-6.49088
23
-0.82309
33
-10.85670
0
3DFACE
8
C2
10
-6.66075
20
-0.90361
30
-10.76190
11
-6.68539
21
-0.98306
31
-10.63625
12
-6.53964
22
-0.98626
32
-10.60924
13
-6.51524
23
-0.90484
33
-10.73312
0
3DFACE
8
C2
10
-6.68539
20
-0.98306
30
-10.63625
11
-6.70920
21
-1.06920
31
-10.51661
12
-6.56339
22
-1.07285
32
-10.49000
13
-6.53964
23
-0.98626
33
-10.60924
0
3DFACE
8
C2
10
-6.70920
20
-1.06920
30
-10.51661
11
-6.73442
21
-1.14403
31
-10.38682
12
-6.58818
22
-1.15120
32
-10.36336
13
-6.56339
23
-1.07285
33
-10.49000
0
3DFACE
8
C2
10
-6.73442
20
-1.14403
30
-10.38682
11
-6.76057
21
-1.21150
31
-10.25041
12
-6.61373
22
-1.22339
32
-10.23120
13
-6.58818
23
-1.15120
33
-10.36336
0
3DFACE
8
C2
10
-6.76057
20
-1.21150
30
-10.25041
11
-6.78471
21
-1.29501
31
-10.12841
12
-6.63744
22
-1.31031
32
-10.11225
13
-6.61373
23
-1.22339
33
-10.23120
0
3DFACE
8
C2
10
-6.78471
20
-1.29501
30
-10.12841
11
-6.80792
21
-1.38589
31
-10.01301
12
-6.66020
22
-1.40480
32
-10.00010
13
-6.63744
23
-1.31031
33
-10.11225
0
3DFACE
8
C2
10
-6.80792
20
-1.38589
30
-10.01301
11
-6.82732
21
-1.50730
31
-9.92502
12
-6.68004
22
-1.52270
32
-9.90896
13
-6.66020
23
-1.40480
33
-10.00010
0
3DFACE
8
C2
10
-6.82732
20
-1.50730
30
-9.92502
11
-6.84956
21
-1.60597
31
-9.81662
12
-6.70213
22
-1.62258
32
-9.80165
13
-6.68004
23
-1.52270
33
-9.90896
0
3DFACE
8
C2
10
-6.84956
20
-1.60597
30
-9.81662
11
-6.87285
21
-1.69629
31
-9.70073
12
-6.72511
22
-1.71532
32
-9.68792
13
-6.70213
23
-1.62258
33
-9.80165
0
3DFACE
8
C2
10
-6.87285
20
-1.69629
30
-9.70073
11
-6.89491
21
-1.79639
31
-9.59361
12
-6.74723
22
-1.81498
32
-9.58041
13
-6.72511
23
-1.71532
33
-9.68792
0
3DFACE
8
C2
10
-6.89491
20
-1.79639
30
-9.59361
11
-6.91719
21
-1.89473
31
-9.48492
12
-6.76953
22
-1.91321
32
-9.47162
13
-6.74723
23
-1.81498
33
-9.58041
0
3DFACE
8
C2
10
-6.91719
20
-1.89473
30
-9.48492
11
-6.93766
21
-2.00757
31
-9.38924
12
-6.79038
22
-2.02297
32
-9.37318
13
-6.76953
23
-1.91321
33
-9.47162
0
3DFACE
8
C2
10
-6.93766
20
-2.00757
30
-9.38924
11
-6.96108
21
-2.09679
31
-9.27236
12
-6.81391
22
-2.11132
32
-9.25551
13
-6.79038
23
-2.02297
33
-9.37318
0
3DFACE
8
C2
10
-6.96108
20
-2.09679
30
-9.27236
11
-6.98839
21
-2.15493
31
-9.12758
12
-6.84070
22
-2.17363
32
-9.11448
13
-6.81391
23
-2.11132
33
-9.25551
0
3DFACE
8
C2
10
-6.98839
20
-2.15493
30
-9.12758
11
-7.01304
21
-2.23437
31
-9.00193
12
-6.86568
22
-2.25043
32
-8.98646
13
-6.84070
23
-2.17363
33
-9.11448
0
3DFACE
8
C2
10
-7.01304
20
-2.23437
30
-9.00193
11
-7.03780
21
-2.31294
31
-8.87548
12
-6.89086
22
-2.32559
32
-8.85696
13
-6.86568
23
-2.25043
33
-8.98646
0
3DFACE
8
C2
10
-7.03780
20
-2.31294
30
-8.87548
11
-7.06361
21
-2.38305
31
-8.74145
12
-6.91698
22
-2.39329
32
-8.72075
13
-6.89086
23
-2.32559
33
-8.85696
0
3DFACE
8
C2
10
-7.06361
20
-2.38305
30
-8.74145
11
-7.08828
21
-2.46227
31
-8.61560
12
-6.94213
22
-2.46867
32
-8.59145
13
-6.91698
23
-2.39329
33
-8.72075
0
3DFACE
8
C2
10
-7.08828
20
-2.46227
30
-8.61560
11
-7.11524
21
-2.52326
31
-8.47338
12
-6.96900
22
-2.53031
32
-8.44983
13
-6.94213
23
-2.46867
33
-8.59145
0
3DFACE
8
C2
10
-7.11524
20
-2.52326
30
-8.47338
11
-7.13965
21
-2.60457
31
-8.34940
12
-6.99359
22
-2.61020
32
-8.32457
13
-6.96900
23
-2.53031
33
-8.44983
0
3DFACE
8
C2
10
-7.13965
20
-2.60457
30
-8.34940
11
-7.16344
21
-2.69083
31
-8.22986
12
-7.01743
22
-2.69613
32
-8.20473
13
-6.99359
23
-2.61020
33
-8.32457
0
3DFACE
8
C2
10
-7.16344
20
-2.69083
30
-8.22986
11
-7.18643
21
-2.78357
31
-8.11614
12
-7.04047
22
-2.78843
32
-8.09061
13
-7.01743
23
-2.69613
33
-8.20473
0
3DFACE
8
C2
10
-7.18643
20
-2.78357
30
-8.11614
11
-7.20953
21
-2.87532
31
-8.00153
12
-7.06323
22
-2.88292
32
-7.97847
13
-7.04047
23
-2.78843
33
-8.09061
0
3DFACE
8
C2
10
-7.20953
20
-2.87532
30
-8.00153
11
-7.23154
21
-2.97586
31
-7.89481
12
-7.08496
22
-2.98566
32
-7.87372
13
-7.06323
23
-2.88292
33
-7.97847
0
3DFACE
8
C2
10
-7.23154
20
-2.97586
30
-7.89481
11
-7.25487
21
-3.06585
31
-7.77862
12
-7.10794
22
-3.07840
32
-7.76000
13
-7.08496
23
-2.98566
33
-7.87372
0
3DFACE
8
C2
10
-7.25487
20
-3.06585
30
-7.77862
11
-7.27839
21
-3.15430
31
-7.66105
12
-7.13139
22
-3.16740
32
-7.64292
13
-7.10794
23
-3.07840
33
-7.76000
0
3DFACE
8
C2
10
-7.27839
20
-3.15430
30
-7.66105
11
-7.30256
21
-3.23748
31
-7.53875
12
-7.15568
22
-3.24970
32
-7.51983
13
-7.13139
23
-3.16740
33
-7.64292
0
3DFACE
8
C2
10
-7.30256
20
-3.23748
30
-7.53875
11
-7.32602
21
-3.32649
31
-7.42168
12
-7.17912
22
-3.33881
32
-7.40285
13
-7.15568
23
-3.24970
33
-7.51983
0
3DFACE
8
C2
10
-7.32602
20
-3.32649
30
-7.42168
11
-7.34914
21
-3.41813
31
-7.30697
12
-7.20197
22
-3.43265
32
-7.29012
13
-7.17912
23
-3.33881
33
-7.40285
0
3DFACE
8
C2
10
-7.34914
20
-3.41813
30
-7.30697
11
-7.37098
21
-3.51998
31
-7.20143
12
-7.22364
22
-3.53582
32
-7.18576
13
-7.20197
23
-3.43265
33
-7.29012
0
3DFACE
8
C2
10
-7.37098
20
-3.51998
30
-7.20143
11
-7.39216
21
-3.62711
31
-7.10062
12
-7.24455
22
-3.64515
32
-7.08693
13
-7.22364
23
-3.53582
33
-7.18576
0
3DFACE
8
C2
10
-7.39216
20
-3.62711
30
-7.10062
11
-7.41084
21
-3.75424
31
-7.01776
12
-7.26348
22
-3.77030
32
-7.00229
13
-7.24455
23
-3.64515
33
-7.08693
0
3DFACE
8
C2
10
-7.41084
20
-3.75424
30
-7.01776
11
-7.42921
21
-3.88389
31
-6.93717
12
-7.28197
22
-3.89896
32
-6.92081
13
-7.26348
23
-3.77030
33
-7.00229
0
3DFACE
8
C2
10
-7.42921
20
-3.88389
30
-6.93717
11
-7.44692
21
-4.01881
31
-6.86131
12
-7.29971
22
-4.03367
32
-6.84475
13
-7.28197
23
-3.89896
33
-6.92081
0
3DFACE
8
C2
10
-7.44692
20
-4.01881
30
-6.86131
11
-7.46535
21
-4.14791
31
-6.78022
12
-7.31831
22
-4.16145
32
-6.76248
13
-7.29971
23
-4.03367
33
-6.84475
0
3DFACE
8
C2
10
-5.69975
20
2.25245
30
-14.79290
11
-5.72131
21
2.14829
31
-14.68943
12
-5.58142
22
2.19199
32
-14.62032
13
-5.55995
23
2.29682
33
-14.72320
0
3DFACE
8
C2
10
-5.72131
20
2.14829
30
-14.68943
11
-5.74498
21
2.06105
31
-14.57077
12
-5.60446
22
2.09969
32
-14.50620
13
-5.58142
23
2.19199
33
-14.62032
0
3DFACE
8
C2
10
-5.74498
20
2.06105
30
-14.57077
11
-5.76719
21
1.96216
31
-14.46257
12
-5.62652
22
1.99960
32
-14.39908
13
-5.60446
23
2.09969
33
-14.50620
0
3DFACE
8
C2
10
-5.76719
20
1.96216
30
-14.46257
11
-5.78916
21
1.86129
31
-14.35615
12
-5.64814
22
1.89598
32
-14.29512
13
-5.62652
23
1.99960
33
-14.39908
0
3DFACE
8
C2
10
-5.78916
20
1.86129
30
-14.35615
11
-5.81220
21
1.76899
31
-14.24203
12
-5.67103
22
1.80247
32
-14.18209
13
-5.64814
23
1.89598
33
-14.29512
0
3DFACE
8
C2
10
-5.81220
20
1.76899
30
-14.24203
11
-5.83635
21
1.68559
31
-14.11992
12
-5.69543
22
1.72105
32
-14.05821
13
-5.67103
23
1.80247
33
-14.18209
0
3DFACE
8
C2
10
-5.83635
20
1.68559
30
-14.11992
11
-5.86231
21
1.61669
31
-13.98481
12
-5.72119
22
1.65050
32
-13.92457
13
-5.69543
23
1.72105
33
-14.05821
0
3DFACE
8
C2
10
-5.86231
20
1.61669
30
-13.98481
11
-5.88552
21
1.52571
31
-13.86951
12
-5.74438
22
1.55941
32
-13.80937
13
-5.72119
23
1.65050
33
-13.92457
0
3DFACE
8
C2
10
-5.88552
20
1.52571
30
-13.86951
11
-5.90682
21
1.41957
31
-13.76781
12
-5.76623
22
1.45767
32
-13.70373
13
-5.74438
23
1.55941
33
-13.80937
0
3DFACE
8
C2
10
-5.90682
20
1.41957
30
-13.76781
11
-5.93005
21
1.32881
31
-13.65231
12
-5.78953
22
1.36746
32
-13.58774
13
-5.76623
23
1.45767
33
-13.70373
0
3DFACE
8
C2
10
-5.93005
20
1.32881
30
-13.65231
11
-5.95416
21
1.24508
31
-13.53051
12
-5.81395
22
1.28614
32
-13.46376
13
-5.78953
23
1.36746
33
-13.58774
0
3DFACE
8
C2
10
-5.95416
20
1.24508
30
-13.53051
11
-5.98222
21
1.19288
31
-13.38040
12
-5.84133
22
1.22856
32
-13.31849
13
-5.81395
23
1.28614
33
-13.46376
0
3DFACE
8
C2
10
-5.98222
20
1.19288
30
-13.38040
11
-6.00622
21
1.10827
31
-13.25938
12
-5.86534
22
1.14406
32
-13.19737
13
-5.84133
23
1.22856
33
-13.31849
0
3DFACE
8
C2
10
-6.00622
20
1.10827
30
-13.25938
11
-6.02765
21
1.00312
31
-13.15680
12
-5.88682
22
1.03935
32
-13.09440
13
-5.86534
23
1.14406
33
-13.19737
0
3DFACE
8
C2
10
-6.02765
20
1.00312
30
-13.15680
11
-6.05003
21
0.90554
31
-13.04741
12
-5.90854
22
0.93650
32
-12.98974
13
-5.88682
23
1.03935
33
-13.09440
0
3DFACE
8
C2
10
-6.05003
20
0.90554
30
-13.04741
11
-6.07168
21
0.80215
31
-12.94326
12
-5.92931
22
0.82608
32
-12.89190
13
-5.90854
23
0.93650
33
-12.98974
0
3DFACE
8
C2
10
-6.07168
20
0.80215
30
-12.94326
11
-6.09111
21
0.68107
31
-12.85497
12
-5.94798
22
0.69884
32
-12.80913
13
-5.92931
23
0.82608
33
-12.89190
0
3DFACE
8
C2
10
-6.09111
20
0.68107
30
-12.85497
11
-6.11213
21
0.57262
31
-12.75535
12
-5.96810
22
0.58314
32
-12.71602
13
-5.94798
23
0.69884
33
-12.80913
0
3DFACE
8
C2
10
-6.11213
20
0.57262
30
-12.75535
11
-6.12966
21
0.43627
31
-12.68077
12
-5.98575
22
0.44778
32
-12.64055
13
-5.96810
23
0.58314
33
-12.71602
0
3DFACE
8
C2
10
-6.12966
20
0.43627
30
-12.68077
11
-6.15137
21
0.33331
31
-12.57622
12
-6.00674
22
0.33911
32
-12.54113
13
-5.98575
23
0.44778
33
-12.64055
0
3DFACE
8
C2
10
-6.15137
20
0.33331
30
-12.57622
11
-6.17399
21
0.23772
31
-12.46506
12
-6.02890
22
0.23978
32
-12.43332
13
-6.00674
23
0.33911
33
-12.54113
0
3DFACE
8
C2
10
-6.17399
20
0.23772
30
-12.46506
11
-6.19634
21
0.13992
31
-12.35587
12
-6.05114
22
0.14111
32
-12.32492
13
-6.02890
23
0.23978
33
-12.43332
0
3DFACE
8
C2
10
-6.19634
20
0.13992
30
-12.35587
11
-6.22095
21
0.06015
31
-12.23051
12
-6.07570
22
0.06101
32
-12.19986
13
-6.05114
23
0.14111
33
-12.32492
0
3DFACE
8
C2
10
-6.22095
20
0.06015
30
-12.23051
11
-6.24785
21
-0.00128
31
-12.08869
12
-6.10235
22
-0.00240
32
-12.05981
13
-6.07570
23
0.06101
33
-12.19986
0
3DFACE
8
C2
10
-6.24785
20
-0.00128
30
-12.08869
11
-6.27292
21
-0.07732
31
-11.95998
12
-6.12726
22
-0.07976
32
-11.93228
13
-6.10235
23
-0.00240
33
-12.05981
0
3DFACE
8
C2
10
-6.27292
20
-0.07732
30
-11.95998
11
-6.29769
21
-0.15578
31
-11.83344
12
-6.15185
22
-0.15964
32
-11.80702
13
-6.12726
23
-0.07976
33
-11.93228
0
3DFACE
8
C2
10
-6.29769
20
-0.15578
30
-11.83344
11
-6.32129
21
-0.24357
31
-11.71528
12
-6.17526
22
-0.24898
32
-11.69024
13
-6.15185
23
-0.15964
33
-11.80702
0
3DFACE
8
C2
10
-6.32129
20
-0.24357
30
-11.71528
11
-6.34572
21
-0.32477
31
-11.59120
12
-6.19958
22
-0.33106
32
-11.56696
13
-6.17526
23
-0.24898
33
-11.69024
0
3DFACE
8
C2
10
-6.34572
20
-0.32477
30
-11.59120
11
-6.37143
21
-0.39565
31
-11.45786
12
-6.22513
22
-0.40325
32
-11.43480
13
-6.19958
23
-0.33106
33
-11.56696
0
3DFACE
8
C2
10
-6.37143
20
-0.39565
30
-11.45786
11
-6.39564
21
-0.47861
31
-11.33536
12
-6.24931
22
-0.48643
32
-11.31249
13
-6.22513
23
-0.40325
33
-11.43480
0
3DFACE
8
C2
10
-6.39564
20
-0.47861
30
-11.33536
11
-6.41941
21
-0.56509
31
-11.21602
12
-6.27318
22
-0.57203
32
-11.19236
13
-6.24931
23
-0.48643
33
-11.31249
0
3DFACE
8
C2
10
-6.41941
20
-0.56509
30
-11.21602
11
-6.44196
21
-0.66123
31
-11.10535
12
-6.29613
22
-0.66510
32
-11.07893
13
-6.27318
23
-0.57203
33
-11.19236
0
3DFACE
8
C2
10
-6.44196
20
-0.66123
30
-11.10535
11
-6.46577
21
-0.74738
31
-10.98571
12
-6.32002
22
-0.75059
32
-10.95870
13
-6.29613
23
-0.66510
33
-11.07893
0
3DFACE
8
C2
10
-6.46577
20
-0.74738
30
-10.98571
11
-6.49088
21
-0.82309
31
-10.85670
12
-6.34509
22
-0.82663
32
-10.82999
13
-6.32002
23
-0.75059
33
-10.95870
0
3DFACE
8
C2
10
-6.49088
20
-0.82309
30
-10.85670
11
-6.51524
21
-0.90484
31
-10.73312
12
-6.36935
22
-0.90915
32
-10.70710
13
-6.34509
23
-0.82663
33
-10.82999
0
3DFACE
8
C2
10
-6.51524
20
-0.90484
30
-10.73312
11
-6.53964
21
-0.98626
31
-10.60924
12
-6.39355
22
-0.99211
32
-10.58460
13
-6.36935
23
-0.90915
33
-10.70710
0
3DFACE
8
C2
10
-6.53964
20
-0.98626
30
-10.60924
11
-6.56339
21
-1.07285
31
-10.49000
12
-6.41735
22
-1.07836
32
-10.46506
13
-6.39355
23
-0.99211
33
-10.58460
0
3DFACE
8
C2
10
-6.56339
20
-1.07285
30
-10.49000
11
-6.58818
21
-1.15120
31
-10.36336
12
-6.44169
22
-1.16023
32
-10.34158
13
-6.41735
23
-1.07836
33
-10.46506
0
3DFACE
8
C2
10
-6.58818
20
-1.15120
30
-10.36336
11
-6.61373
21
-1.22339
31
-10.23120
12
-6.46649
22
-1.23846
32
-10.21484
13
-6.44169
23
-1.16023
33
-10.34158
0
3DFACE
8
C2
10
-6.61373
20
-1.22339
30
-10.23120
11
-6.63744
21
-1.31031
31
-10.11225
12
-6.48973
22
-1.32911
32
-10.09924
13
-6.46649
23
-1.23846
33
-10.21484
0
3DFACE
8
C2
10
-6.63744
20
-1.31031
30
-10.11225
11
-6.66020
21
-1.40480
31
-10.00010
12
-6.51206
22
-1.42713
32
-9.99025
13
-6.48973
23
-1.32911
33
-10.09924
0
3DFACE
8
C2
10
-6.66020
20
-1.40480
30
-10.00010
11
-6.68004
21
-1.52270
31
-9.90896
12
-6.53239
22
-1.54107
32
-9.89556
13
-6.51206
23
-1.42713
33
-9.99025
0
3DFACE
8
C2
10
-6.68004
20
-1.52270
30
-9.90896
11
-6.70213
21
-1.62258
31
-9.80165
12
-6.55424
22
-1.64281
32
-9.78992
13
-6.53239
23
-1.54107
33
-9.89556
0
3DFACE
8
C2
10
-6.70213
20
-1.62258
30
-9.80165
11
-6.72511
21
-1.71532
31
-9.68792
12
-6.57677
22
-1.73918
32
-9.67945
13
-6.55424
23
-1.64281
33
-9.78992
0
3DFACE
8
C2
10
-6.72511
20
-1.71532
30
-9.68792
11
-6.74723
21
-1.81498
31
-9.58041
12
-6.59888
22
-1.83895
32
-9.57204
13
-6.57677
23
-1.73918
33
-9.67945
0
3DFACE
8
C2
10
-6.74723
20
-1.81498
30
-9.58041
11
-6.76953
21
-1.91321
31
-9.47162
12
-6.62116
22
-1.93729
32
-9.46335
13
-6.59888
23
-1.83895
33
-9.57204
0
3DFACE
8
C2
10
-6.76953
20
-1.91321
30
-9.47162
11
-6.79038
21
-2.02297
31
-9.37318
12
-6.64254
22
-2.04288
32
-9.36116
13
-6.62116
23
-1.93729
33
-9.46335
0
3DFACE
8
C2
10
-6.79038
20
-2.02297
30
-9.37318
11
-6.81391
21
-2.11132
31
-9.25551
12
-6.66619
22
-2.13024
32
-9.24261
13
-6.64254
23
-2.04288
33
-9.36116
0
3DFACE
8
C2
10
-6.81391
20
-2.11132
30
-9.25551
11
-6.84070
21
-2.17363
31
-9.11448
12
-6.69241
22
-2.19716
32
-9.10571
13
-6.66619
23
-2.13024
33
-9.24261
0
3DFACE
8
C2
10
-6.84070
20
-2.17363
30
-9.11448
11
-6.86568
21
-2.25043
31
-8.98646
12
-6.71781
22
-2.27056
32
-8.97464
13
-6.69241
23
-2.19716
33
-9.10571
0
3DFACE
8
C2
10
-6.86568
20
-2.25043
30
-8.98646
11
-6.89086
21
-2.32559
31
-8.85696
12
-6.74355
22
-2.34122
32
-8.84109
13
-6.71781
23
-2.27056
33
-8.97464
0
3DFACE
8
C2
10
-6.89086
20
-2.32559
30
-8.85696
11
-6.91698
21
-2.39329
31
-8.72075
12
-6.77012
22
-2.40528
32
-8.70164
13
-6.74355
23
-2.34122
33
-8.84109
0
3DFACE
8
C2
10
-6.91698
20
-2.39329
30
-8.72075
11
-6.94213
21
-2.46867
31
-8.59145
12
-6.79589
22
-2.47572
32
-8.56790
13
-6.77012
23
-2.40528
33
-8.70164
0
3DFACE
8
C2
10
-6.94213
20
-2.46867
30
-8.59145
11
-6.96900
21
-2.53031
31
-8.44983
12
-6.82267
22
-2.53814
32
-8.42696
13
-6.79589
23
-2.47572
33
-8.56790
0
3DFACE
8
C2
10
-6.96900
20
-2.53031
30
-8.44983
11
-6.99359
21
-2.61020
31
-8.32457
12
-6.84751
22
-2.61604
32
-8.29993
13
-6.82267
23
-2.53814
33
-8.42696
0
3DFACE
8
C2
10
-6.99359
20
-2.61020
30
-8.32457
11
-7.01743
21
-2.69613
31
-8.20473
12
-6.87145
22
-2.70109
32
-8.17930
13
-6.84751
23
-2.61604
33
-8.29993
0
3DFACE
8
C2
10
-7.01743
20
-2.69613
30
-8.20473
11
-7.04047
21
-2.78843
31
-8.09061
12
-6.89457
22
-2.79273
32
-8.06459
13
-6.87145
23
-2.70109
33
-8.17930
0
3DFACE
8
C2
10
-7.04047
20
-2.78843
30
-8.09061
11
-7.06323
21
-2.88292
31
-7.97847
12
-6.91702
22
-2.88975
32
-7.95472
13
-6.89457
23
-2.79273
33
-8.06459
0
3DFACE
8
C2
10
-7.06323
20
-2.88292
30
-7.97847
11
-7.08496
21
-2.98566
31
-7.87372
12
-6.93849
22
-2.99458
32
-7.85184
13
-6.91702
23
-2.88975
33
-7.95472
0
3DFACE
8
C2
10
-7.08496
20
-2.98566
30
-7.87372
11
-7.10794
21
-3.07840
31
-7.76000
12
-6.96110
22
-3.09028
32
-7.74078
13
-6.93849
23
-2.99458
33
-7.85184
0
3DFACE
8
C2
10
-7.10794
20
-3.07840
30
-7.76000
11
-7.13139
21
-3.16740
31
-7.64292
12
-6.98454
22
-3.17939
32
-7.62380
13
-6.96110
23
-3.09028
33
-7.74078
0
3DFACE
8
C2
10
-7.13139
20
-3.16740
30
-7.64292
11
-7.15568
21
-3.24970
31
-7.51983
12
-7.00893
22
-3.26093
32
-7.50002
13
-6.98454
23
-3.17939
33
-7.62380
0
3DFACE
8
C2
10
-7.15568
20
-3.24970
30
-7.51983
11
-7.17912
21
-3.33881
31
-7.40285
12
-7.03238
22
-3.34993
32
-7.38295
13
-7.00893
23
-3.26093
33
-7.50002
0
3DFACE
8
C2
10
-7.17912
20
-3.33881
30
-7.40285
11
-7.20197
21
-3.43265
31
-7.29012
12
-7.05495
22
-3.44596
32
-7.27218
13
-7.03238
23
-3.34993
33
-7.38295
0
3DFACE
8
C2
10
-7.20197
20
-3.43265
30
-7.29012
11
-7.22364
21
-3.53582
31
-7.18576
12
-7.07645
22
-3.55057
32
-7.16911
13
-7.05495
23
-3.44596
33
-7.27218
0
3DFACE
8
C2
10
-7.22364
20
-3.53582
30
-7.18576
11
-7.24455
21
-3.64515
31
-7.08693
12
-7.09707
22
-3.66220
32
-7.07234
13
-7.07645
23
-3.55057
33
-7.16911
0
3DFACE
8
C2
10
-7.24455
20
-3.64515
30
-7.08693
11
-7.26348
21
-3.77030
31
-7.00229
12
-7.11616
22
-3.78603
32
-6.98652
13
-7.09707
23
-3.66220
33
-7.07234
0
3DFACE
8
C2
10
-7.26348
20
-3.77030
30
-7.00229
11
-7.28197
21
-3.89896
31
-6.92081
12
-7.13468
22
-3.91447
32
-6.90485
13
-7.11616
23
-3.78603
33
-6.98652
0
3DFACE
8
C2
10
-7.28197
20
-3.89896
30
-6.92081
11
-7.29971
21
-4.03367
31
-6.84475
12
-7.15240
22
-4.04929
32
-6.82889
13
-7.13468
23
-3.91447
33
-6.90485
0
3DFACE
8
C2
10
-7.29971
20
-4.03367
30
-6.84475
11
-7.31831
21
-4.16145
31
-6.76248
12
-7.17103
22
-4.17685
32
-6.74642
13
-7.15240
23
-4.04929
33
-6.82889
0
3DFACE
8
C2
10
-5.55995
20
2.29682
30
-14.72320
11
-5.58142
21
2.19199
31
-14.62032
12
-5.43873
22
2.21328
32
-14.57132
13
-5.41704
23
2.31635
33
-14.67578
0
3DFACE
8
C2
10
-5.58142
20
2.19199
30
-14.62032
11
-5.60446
21
2.09969
31
-14.50620
12
-5.46185
22
2.12164
32
-14.45662
13
-5.43873
23
2.21328
33
-14.57132
0
3DFACE
8
C2
10
-5.60446
20
2.09969
30
-14.50620
11
-5.62652
21
1.99960
31
-14.39908
12
-5.48413
22
2.02330
32
-14.34792
13
-5.46185
23
2.12164
33
-14.45662
0
3DFACE
8
C2
10
-5.62652
20
1.99960
30
-14.39908
11
-5.64814
21
1.89598
31
-14.29512
12
-5.50581
22
1.92013
32
-14.24357
13
-5.48413
23
2.02330
33
-14.34792
0
3DFACE
8
C2
10
-5.64814
20
1.89598
30
-14.29512
11
-5.67103
21
1.80247
31
-14.18209
12
-5.52864
22
1.82618
32
-14.13093
13
-5.50581
23
1.92013
33
-14.24357
0
3DFACE
8
C2
10
-5.67103
20
1.80247
30
-14.18209
11
-5.69543
21
1.72105
31
-14.05821
12
-5.55319
22
1.74597
32
-14.00596
13
-5.52864
23
1.82618
33
-14.13093
0
3DFACE
8
C2
10
-5.69543
20
1.72105
30
-14.05821
11
-5.72119
21
1.65050
31
-13.92457
12
-5.57902
22
1.67597
32
-13.87183
13
-5.55319
23
1.74597
33
-14.00596
0
3DFACE
8
C2
10
-5.72119
20
1.65050
30
-13.92457
11
-5.74438
21
1.55941
31
-13.80937
12
-5.60239
22
1.58631
32
-13.75535
13
-5.57902
23
1.67597
33
-13.87183
0
3DFACE
8
C2
10
-5.74438
20
1.55941
30
-13.80937
11
-5.76623
21
1.45767
31
-13.70373
12
-5.62455
22
1.48698
32
-13.64754
13
-5.60239
23
1.58631
33
-13.75535
0
3DFACE
8
C2
10
-5.76623
20
1.45767
30
-13.70373
11
-5.78953
21
1.36746
31
-13.58774
12
-5.64793
22
1.39742
32
-13.53096
13
-5.62455
23
1.48698
33
-13.64754
0
3DFACE
8
C2
10
-5.78953
20
1.36746
30
-13.58774
11
-5.81395
21
1.28614
31
-13.46376
12
-5.67241
22
1.31666
32
-13.40649
13
-5.64793
23
1.39742
33
-13.53096
0
3DFACE
8
C2
10
-5.81395
20
1.28614
30
-13.46376
11
-5.84133
21
1.22856
31
-13.31849
12
-5.69934
22
1.25545
32
-13.26447
13
-5.67241
23
1.31666
33
-13.40649
0
3DFACE
8
C2
10
-5.84133
20
1.22856
30
-13.31849
11
-5.86534
21
1.14406
31
-13.19737
12
-5.72302
22
1.16832
32
-13.14571
13
-5.69934
23
1.25545
33
-13.26447
0
3DFACE
8
C2
10
-5.86534
20
1.14406
30
-13.19737
11
-5.88682
21
1.03935
31
-13.09440
12
-5.74424
22
1.06152
32
-13.04461
13
-5.72302
23
1.16832
33
-13.14571
0
3DFACE
8
C2
10
-5.88682
20
1.03935
30
-13.09440
11
-5.90854
21
0.93650
31
-12.98974
12
-5.76558
22
0.95560
32
-12.94272
13
-5.74424
23
1.06152
33
-13.04461
0
3DFACE
8
C2
10
-5.90854
20
0.93650
30
-12.98974
11
-5.92931
21
0.82608
31
-12.89190
12
-5.78588
22
0.84143
32
-12.84823
13
-5.76558
23
0.95560
33
-12.94272
0
3DFACE
8
C2
10
-5.92931
20
0.82608
30
-12.89190
11
-5.94798
21
0.69884
31
-12.80913
12
-5.80410
22
0.71057
32
-12.76872
13
-5.78588
23
0.84143
33
-12.84823
0
3DFACE
8
C2
10
-5.94798
20
0.69884
30
-12.80913
11
-5.96810
21
0.58314
31
-12.71602
12
-5.82395
22
0.59279
32
-12.67748
13
-5.80410
23
0.71057
33
-12.76872
0
3DFACE
8
C2
10
-5.96810
20
0.58314
30
-12.71602
11
-5.98575
21
0.44778
31
-12.64055
12
-5.84183
22
0.45929
32
-12.60033
13
-5.82395
23
0.59279
33
-12.67748
0
3DFACE
8
C2
10
-5.98575
20
0.44778
30
-12.64055
11
-6.00674
21
0.33911
31
-12.54113
12
-5.86271
22
0.34975
32
-12.50170
13
-5.84183
23
0.45929
33
-12.60033
0
3DFACE
8
C2
10
-6.00674
20
0.33911
30
-12.54113
11
-6.02890
21
0.23978
31
-12.43332
12
-5.88479
22
0.24976
32
-12.39448
13
-5.86271
23
0.34975
33
-12.50170
0
3DFACE
8
C2
10
-6.02890
20
0.23978
30
-12.43332
11
-6.05114
21
0.14111
31
-12.32492
12
-5.90681
22
0.14933
32
-12.28766
13
-5.88479
23
0.24976
33
-12.39448
0
3DFACE
8
C2
10
-6.05114
20
0.14111
30
-12.32492
11
-6.07570
21
0.06101
31
-12.19986
12
-5.93116
22
0.06747
32
-12.16418
13
-5.90681
23
0.14933
33
-12.28766
0
3DFACE
8
C2
10
-6.07570
20
0.06101
30
-12.19986
11
-6.10235
21
-0.00240
31
-12.05981
12
-5.95763
22
0.00263
32
-12.02541
13
-5.93116
23
0.06747
33
-12.16418
0
3DFACE
8
C2
10
-6.10235
20
-0.00240
30
-12.05981
11
-6.12726
21
-0.07976
31
-11.93228
12
-5.98229
22
-0.07670
32
-11.89966
13
-5.95763
23
0.00263
33
-12.02541
0
3DFACE
8
C2
10
-6.12726
20
-0.07976
30
-11.93228
11
-6.15185
21
-0.15964
31
-11.80702
12
-6.00663
22
-0.15857
32
-11.77617
13
-5.98229
23
-0.07670
33
-11.89966
0
3DFACE
8
C2
10
-6.15185
20
-0.15964
30
-11.80702
11
-6.17526
21
-0.24898
31
-11.69024
12
-6.02981
22
-0.24977
32
-11.66107
13
-6.00663
23
-0.15857
33
-11.77617
0
3DFACE
8
C2
10
-6.17526
20
-0.24898
30
-11.69024
11
-6.19958
21
-0.33106
31
-11.56696
12
-6.05385
22
-0.33405
32
-11.53975
13
-6.02981
23
-0.24977
33
-11.66107
0
3DFACE
8
C2
10
-6.19958
20
-0.33106
30
-11.56696
11
-6.22513
21
-0.40325
31
-11.43480
12
-6.07922
22
-0.40767
32
-11.40887
13
-6.05385
23
-0.33405
33
-11.53975
0
3DFACE
8
C2
10
-6.22513
20
-0.40325
30
-11.43480
11
-6.24931
21
-0.48643
31
-11.31249
12
-6.10335
22
-0.49129
32
-11.28697
13
-6.07922
23
-0.40767
33
-11.40887
0
3DFACE
8
C2
10
-6.24931
20
-0.48643
30
-11.31249
11
-6.27318
21
-0.57203
31
-11.19236
12
-6.12726
22
-0.57656
32
-11.16654
13
-6.10335
23
-0.49129
33
-11.28697
0
3DFACE
8
C2
10
-6.27318
20
-0.57203
30
-11.19236
11
-6.29613
21
-0.66510
31
-11.07893
12
-6.15058
22
-0.66666
32
-11.05045
13
-6.12726
23
-0.57656
33
-11.16654
0
3DFACE
8
C2
10
-6.29613
20
-0.66510
30
-11.07893
11
-6.32002
21
-0.75059
31
-10.95870
12
-6.17459
22
-0.75116
32
-10.92933
13
-6.15058
23
-0.66666
33
-11.05045
0
3DFACE
8
C2
10
-6.32002
20
-0.75059
30
-10.95870
11
-6.34509
21
-0.82663
31
-10.82999
12
-6.19970
22
-0.82687
32
-10.80033
13
-6.17459
23
-0.75116
33
-10.92933
0
3DFACE
8
C2
10
-6.34509
20
-0.82663
30
-10.82999
11
-6.36935
21
-0.90915
31
-10.70710
12
-6.22396
22
-0.90939
32
-10.67743
13
-6.19970
23
-0.82687
33
-10.80033
0
3DFACE
8
C2
10
-6.36935
20
-0.90915
30
-10.70710
11
-6.39355
21
-0.99211
31
-10.58460
12
-6.24816
22
-0.99246
32
-10.55503
13
-6.22396
23
-0.90939
33
-10.67743
0
3DFACE
8
C2
10
-6.39355
20
-0.99211
30
-10.58460
11
-6.41735
21
-1.07836
31
-10.46506
12
-6.27194
22
-1.07883
32
-10.43559
13
-6.24816
23
-0.99246
33
-10.55503
0
3DFACE
8
C2
10
-6.41735
20
-1.07836
30
-10.46506
11
-6.44169
21
-1.16023
31
-10.34158
12
-6.29602
22
-1.16278
32
-10.31398
13
-6.27194
23
-1.07883
33
-10.43559
0
3DFACE
8
C2
10
-6.44169
20
-1.16023
30
-10.34158
11
-6.46649
21
-1.23846
31
-10.21484
12
-6.32027
22
-1.24541
32
-10.19119
13
-6.29602
23
-1.16278
33
-10.31398
0
3DFACE
8
C2
10
-6.46649
20
-1.23846
30
-10.21484
11
-6.48973
21
-1.32911
31
-10.09924
12
-6.34325
22
-1.33815
32
-10.07746
13
-6.32027
23
-1.24541
33
-10.19119
0
3DFACE
8
C2
10
-6.48973
20
-1.32911
30
-10.09924
11
-6.51206
21
-1.42713
31
-9.99025
12
-6.36556
22
-1.43627
32
-9.96857
13
-6.34325
23
-1.33815
33
-10.07746
0
3DFACE
8
C2
10
-6.51206
20
-1.42713
30
-9.99025
11
-6.53239
21
-1.54107
31
-9.89556
12
-6.38629
22
-1.54702
32
-9.87102
13
-6.36556
23
-1.43627
33
-9.96857
0
3DFACE
8
C2
10
-6.53239
20
-1.54107
30
-9.89556
11
-6.55424
21
-1.64281
31
-9.78992
12
-6.40815
22
-1.64877
32
-9.76538
13
-6.38629
23
-1.54702
33
-9.87102
0
3DFACE
8
C2
10
-6.55424
20
-1.64281
30
-9.78992
11
-6.57677
21
-1.73918
31
-9.67945
12
-6.43053
22
-1.74634
32
-9.65600
13
-6.40815
23
-1.64877
33
-9.76538
0
3DFACE
8
C2
10
-6.57677
20
-1.73918
30
-9.67945
11
-6.59888
21
-1.83895
31
-9.57204
12
-6.45259
22
-1.84644
32
-9.54888
13
-6.43053
23
-1.74634
33
-9.65600
0
3DFACE
8
C2
10
-6.59888
20
-1.83895
30
-9.57204
11
-6.62116
21
-1.93729
31
-9.46335
12
-6.47490
22
-1.94456
32
-9.43999
13
-6.45259
23
-1.84644
33
-9.54888
0
3DFACE
8
C2
10
-6.62116
20
-1.93729
30
-9.46335
11
-6.64254
21
-2.04288
31
-9.36116
12
-6.49647
22
-2.04861
32
-9.33642
13
-6.47490
23
-1.94456
33
-9.43999
0
3DFACE
8
C2
10
-6.64254
20
-2.04288
30
-9.36116
11
-6.66619
21
-2.13024
31
-9.24261
12
-6.52005
22
-2.13652
32
-9.21836
13
-6.49647
23
-2.04861
33
-9.33642
0
3DFACE
8
C2
10
-6.66619
20
-2.13024
30
-9.24261
11
-6.69241
21
-2.19716
31
-9.10571
12
-6.54584
22
-2.20685
32
-9.08452
13
-6.52005
23
-2.13652
33
-9.21836
0
3DFACE
8
C2
10
-6.69241
20
-2.19716
30
-9.10571
11
-6.71781
21
-2.27056
31
-8.97464
12
-6.57121
22
-2.28047
32
-8.95364
13
-6.54584
23
-2.20685
33
-9.08452
0
3DFACE
8
C2
10
-6.71781
20
-2.27056
30
-8.97464
11
-6.74355
21
-2.34122
31
-8.84109
12
-6.59711
22
-2.34992
32
-8.81902
13
-6.57121
23
-2.28047
33
-8.95364
0
3DFACE
8
C2
10
-6.74355
20
-2.34122
30
-8.84109
11
-6.77012
21
-2.40528
31
-8.70164
12
-6.62391
22
-2.41212
32
-8.67788
13
-6.59711
23
-2.34992
33
-8.81902
0
3DFACE
8
C2
10
-6.77012
20
-2.40528
30
-8.70164
11
-6.79589
21
-2.47572
31
-8.56790
12
-6.64984
22
-2.48134
32
-8.54306
13
-6.62391
23
-2.41212
33
-8.67788
0
3DFACE
8
C2
10
-6.79589
20
-2.47572
30
-8.56790
11
-6.82267
21
-2.53814
31
-8.42696
12
-6.67643
22
-2.54519
32
-8.40341
13
-6.64984
23
-2.48134
33
-8.54306
0
3DFACE
8
C2
10
-6.82267
20
-2.53814
30
-8.42696
11
-6.84751
21
-2.61604
31
-8.29993
12
-6.70120
22
-2.62365
32
-8.27687
13
-6.67643
23
-2.54519
33
-8.40341
0
3DFACE
8
C2
10
-6.84751
20
-2.61604
30
-8.29993
11
-6.87145
21
-2.70109
31
-8.17930
12
-6.72516
22
-2.70858
32
-8.15614
13
-6.70120
23
-2.62365
33
-8.27687
0
3DFACE
8
C2
10
-6.87145
20
-2.70109
30
-8.17930
11
-6.89457
21
-2.79273
31
-8.06459
12
-6.74846
22
-2.79880
32
-8.04015
13
-6.72516
23
-2.70858
33
-8.15614
0
3DFACE
8
C2
10
-6.89457
20
-2.79273
30
-8.06459
11
-6.91702
21
-2.88975
31
-7.95472
12
-6.77084
22
-2.89637
32
-7.93077
13
-6.74846
23
-2.79880
33
-8.04015
0
3DFACE
8
C2
10
-6.91702
20
-2.88975
30
-7.95472
11
-6.93849
21
-2.99458
31
-7.85184
12
-6.79213
22
-3.00262
32
-7.82917
13
-6.77084
23
-2.89637
33
-7.93077
0
3DFACE
8
C2
10
-6.93849
20
-2.99458
30
-7.85184
11
-6.96110
21
-3.09028
31
-7.74078
12
-6.81458
22
-3.09964
32
-7.71929
13
-6.79213
23
-3.00262
33
-7.82917
0
3DFACE
8
C2
10
-6.96110
20
-3.09028
30
-7.74078
11
-6.98454
21
-3.17939
31
-7.62380
12
-6.83803
22
-3.18864
32
-7.60222
13
-6.81458
23
-3.09964
33
-7.71929
0
3DFACE
8
C2
10
-6.98454
20
-3.17939
30
-7.62380
11
-7.00893
21
-3.26093
31
-7.50002
12
-6.86250
22
-3.26952
32
-7.47785
13
-6.83803
23
-3.18864
33
-7.60222
0
3DFACE
8
C2
10
-7.00893
20
-3.26093
30
-7.50002
11
-7.03238
21
-3.34993
31
-7.38295
12
-6.88587
22
-3.35918
32
-7.36136
13
-6.86250
23
-3.26952
33
-7.47785
0
3DFACE
8
C2
10
-7.03238
20
-3.34993
30
-7.38295
11
-7.05495
21
-3.44596
31
-7.27218
12
-6.90811
22
-3.45785
32
-7.25296
13
-6.88587
23
-3.35918
33
-7.36136
0
3DFACE
8
C2
10
-7.05495
20
-3.44596
30
-7.27218
11
-7.07645
21
-3.55057
31
-7.16911
12
-6.92951
22
-3.56322
32
-7.15058
13
-6.90811
23
-3.45785
33
-7.25296
0
3DFACE
8
C2
10
-7.07645
20
-3.55057
30
-7.16911
11
-7.09707
21
-3.66220
31
-7.07234
12
-6.95012
22
-3.67497
32
-7.05392
13
-6.92951
23
-3.56322
33
-7.15058
0
3DFACE
8
C2
10
-7.09707
20
-3.66220
30
-7.07234
11
-7.11616
21
-3.78603
31
-6.98652
12
-6.96935
22
-3.79770
32
-6.96711
13
-6.95012
23
-3.67497
33
-7.05392
0
3DFACE
8
C2
10
-7.11616
20
-3.78603
30
-6.98652
11
-7.13468
21
-3.91447
31
-6.90485
12
-6.98793
22
-3.92559
32
-6.88494
13
-6.96935
23
-3.79770
33
-6.96711
0
3DFACE
8
C2
10
-7.13468
20
-3.91447
30
-6.90485
11
-7.15240
21
-4.04929
31
-6.82889
12
-7.00564
22
-4.06051
32
-6.80908
13
-6.98793
23
-3.92559
33
-6.88494
0
3DFACE
8
C2
10
-7.15240
20
-4.04929
30
-6.82889
11
-7.17103
21
-4.17685
31
-6.74642
12
-7.02434
22
-4.18753
32
-6.72612
13
-7.00564
23
-4.06051
33
-6.80908
0
3DFACE
8
C2
10
-5.41704
20
2.31635
30
-14.67578
11
-5.43873
21
2.21328
31
-14.57132
12
-5.29571
22
2.23194
32
-14.52470
13
-5.27392
23
2.33423
33
-14.62984
0
3DFACE
8
C2
10
-5.43873
20
2.21328
30
-14.57132
11
-5.46185
21
2.12164
31
-14.45662
12
-5.31899
22
2.14162
32
-14.40880
13
-5.29571
23
2.23194
33
-14.52470
0
3DFACE
8
C2
10
-5.46185
20
2.12164
30
-14.45662
11
-5.48413
21
2.02330
31
-14.34792
12
-5.34126
22
2.04317
32
-14.30021
13
-5.31899
23
2.14162
33
-14.40880
0
3DFACE
8
C2
10
-5.48413
20
2.02330
30
-14.34792
11
-5.50581
21
1.92013
31
-14.24357
12
-5.36280
22
1.93889
32
-14.19684
13
-5.34126
23
2.04317
33
-14.30021
0
3DFACE
8
C2
10
-5.50581
20
1.92013
30
-14.24357
11
-5.52864
21
1.82618
31
-14.13093
12
-5.38551
22
1.84396
32
-14.08509
13
-5.36280
23
1.93889
33
-14.19684
0
3DFACE
8
C2
10
-5.52864
20
1.82618
30
-14.13093
11
-5.55319
21
1.74597
31
-14.00596
12
-5.41002
22
1.76341
32
-13.96042
13
-5.38551
23
1.84396
33
-14.08509
0
3DFACE
8
C2
10
-5.55319
20
1.74597
30
-14.00596
11
-5.57902
21
1.67597
31
-13.87183
12
-5.43599
22
1.69451
32
-13.82530
13
-5.41002
23
1.76341
33
-13.96042
0
3DFACE
8
C2
10
-5.57902
20
1.67597
30
-13.87183
11
-5.60239
21
1.58631
31
-13.75535
12
-5.45935
22
1.60485
32
-13.70882
13
-5.43599
23
1.69451
33
-13.82530
0
3DFACE
8
C2
10
-5.60239
20
1.58631
30
-13.75535
11
-5.62455
21
1.48698
31
-13.64754
12
-5.48132
22
1.50398
32
-13.60239
13
-5.45935
23
1.60485
33
-13.70882
0
3DFACE
8
C2
10
-5.62455
20
1.48698
30
-13.64754
11
-5.64793
21
1.39742
31
-13.53096
12
-5.50461
22
1.41366
32
-13.48650
13
-5.48132
23
1.50398
33
-13.60239
0
3DFACE
8
C2
10
-5.64793
20
1.39742
30
-13.53096
11
-5.67241
21
1.31666
31
-13.40649
12
-5.52903
22
1.33246
32
-13.36242
13
-5.50461
23
1.41366
33
-13.48650
0
3DFACE
8
C2
10
-5.67241
20
1.31666
30
-13.40649
11
-5.69934
21
1.25545
31
-13.26447
12
-5.55570
22
1.26916
32
-13.22228
13
-5.52903
23
1.33246
33
-13.36242
0
3DFACE
8
C2
10
-5.69934
20
1.25545
30
-13.26447
11
-5.72302
21
1.16832
31
-13.14571
12
-5.57913
22
1.18005
32
-13.10530
13
-5.55570
23
1.26916
33
-13.22228
0
3DFACE
8
C2
10
-5.72302
20
1.16832
30
-13.14571
11
-5.74424
21
1.06152
31
-13.04461
12
-5.59999
22
1.07028
32
-13.00686
13
-5.57913
23
1.18005
33
-13.10530
0
3DFACE
8
C2
10
-5.74424
20
1.06152
30
-13.04461
11
-5.76558
21
0.95560
31
-12.94272
12
-5.62114
22
0.96293
32
-12.90625
13
-5.59999
23
1.07028
33
-13.00686
0
3DFACE
8
C2
10
-5.76558
20
0.95560
30
-12.94272
11
-5.78588
21
0.84143
31
-12.84823
12
-5.64147
22
0.84899
32
-12.81156
13
-5.62114
23
0.96293
33
-12.90625
0
3DFACE
8
C2
10
-5.78588
20
0.84143
30
-12.84823
11
-5.80410
21
0.71057
31
-12.76872
12
-5.65969
22
0.71813
32
-12.73205
13
-5.64147
23
0.84899
33
-12.81156
0
3DFACE
8
C2
10
-5.80410
20
0.71057
30
-12.76872
11
-5.82395
21
0.59279
31
-12.67748
12
-5.67983
22
0.60265
32
-12.63874
13
-5.65969
23
0.71813
33
-12.73205
0
3DFACE
8
C2
10
-5.82395
20
0.59279
30
-12.67748
11
-5.84183
21
0.45929
31
-12.60033
12
-5.69824
22
0.47333
32
-12.55785
13
-5.67983
23
0.60265
33
-12.63874
0
3DFACE
8
C2
10
-5.84183
20
0.45929
30
-12.60033
11
-5.86271
21
0.34975
31
-12.50170
12
-5.71945
22
0.36642
32
-12.45684
13
-5.69824
23
0.47333
33
-12.55785
0
3DFACE
8
C2
10
-5.86271
20
0.34975
30
-12.50170
11
-5.88479
21
0.24976
31
-12.39448
12
-5.74169
22
0.26775
32
-12.34844
13
-5.71945
23
0.36642
33
-12.45684
0
3DFACE
8
C2
10
-5.88479
20
0.24976
30
-12.39448
11
-5.90681
21
0.14933
31
-12.28766
12
-5.76365
22
0.16688
32
-12.24202
13
-5.74169
23
0.26775
33
-12.34844
0
3DFACE
8
C2
10
-5.90681
20
0.14933
30
-12.28766
11
-5.93116
21
0.06747
31
-12.16418
12
-5.78789
22
0.08414
32
-12.11932
13
-5.76365
23
0.16688
33
-12.24202
0
3DFACE
8
C2
10
-5.93116
20
0.06747
30
-12.16418
11
-5.95763
21
0.00263
31
-12.02541
12
-5.81435
22
0.01920
32
-11.98065
13
-5.78789
23
0.08414
33
-12.11932
0
3DFACE
8
C2
10
-5.95763
20
0.00263
30
-12.02541
11
-5.98229
21
-0.07670
31
-11.89966
12
-5.83875
22
-0.06222
32
-11.85678
13
-5.81435
23
0.01920
33
-11.98065
0
3DFACE
8
C2
10
-5.98229
20
-0.07670
30
-11.89966
11
-6.00663
21
-0.15857
31
-11.77617
12
-5.86270
22
-0.14716
32
-11.73605
13
-5.83875
23
-0.06222
33
-11.85678
0
3DFACE
8
C2
10
-6.00663
20
-0.15857
30
-11.77617
11
-6.02981
21
-0.24977
31
-11.66107
12
-5.88529
22
-0.24309
32
-11.62519
13
-5.86270
23
-0.14716
33
-11.73605
0
3DFACE
8
C2
10
-6.02981
20
-0.24977
30
-11.66107
11
-6.05385
21
-0.33405
31
-11.53975
12
-5.90895
22
-0.33044
32
-11.50663
13
-5.88529
23
-0.24309
33
-11.62519
0
3DFACE
8
C2
10
-6.05385
20
-0.33405
30
-11.53975
11
-6.07922
21
-0.40767
31
-11.40887
12
-5.93417
22
-0.40527
32
-11.37684
13
-5.90895
23
-0.33044
33
-11.50663
0
3DFACE
8
C2
10
-6.07922
20
-0.40767
30
-11.40887
11
-6.10335
21
-0.49129
31
-11.28697
12
-5.95818
22
-0.48977
32
-11.25572
13
-5.93417
23
-0.40527
33
-11.37684
0
3DFACE
8
C2
10
-6.10335
20
-0.49129
30
-11.28697
11
-6.12726
21
-0.57656
31
-11.16654
12
-5.98206
22
-0.57537
32
-11.13559
13
-5.95818
23
-0.48977
33
-11.25572
0
3DFACE
8
C2
10
-6.12726
20
-0.57656
30
-11.16654
11
-6.15058
21
-0.66666
31
-11.05045
12
-6.00544
22
-0.66492
32
-11.01901
13
-5.98206
23
-0.57537
33
-11.13559
0
3DFACE
8
C2
10
-6.15058
20
-0.66666
30
-11.05045
11
-6.17459
21
-0.75116
31
-10.92933
12
-6.02959
22
-0.74832
32
-10.89690
13
-6.00544
23
-0.66492
33
-11.01901
0
3DFACE
8
C2
10
-6.17459
20
-0.75116
30
-10.92933
11
-6.19970
21
-0.82687
31
-10.80033
12
-6.05499
22
-0.82173
32
-10.76583
13
-6.02959
23
-0.74832
33
-10.89690
0
3DFACE
8
C2
10
-6.19970
20
-0.82687
30
-10.80033
11
-6.22396
21
-0.90939
31
-10.67743
12
-6.07939
22
-0.90315
32
-10.64195
13
-6.05499
23
-0.82173
33
-10.76583
0
3DFACE
8
C2
10
-6.22396
20
-0.90939
30
-10.67743
11
-6.24816
21
-0.99246
31
-10.55503
12
-6.10363
22
-0.98589
32
-10.51925
13
-6.07939
23
-0.90315
33
-10.64195
0
3DFACE
8
C2
10
-6.24816
20
-0.99246
30
-10.55503
11
-6.27194
21
-1.07883
31
-10.43559
12
-6.12719
22
-1.07401
32
-10.40139
13
-6.10363
23
-0.98589
33
-10.51925
0
3DFACE
8
C2
10
-6.27194
20
-1.07883
30
-10.43559
11
-6.29602
21
-1.16278
31
-10.31398
12
-6.15116
22
-1.15884
32
-10.28057
13
-6.12719
23
-1.07401
33
-10.40139
0
3DFACE
8
C2
10
-6.29602
20
-1.16278
30
-10.31398
11
-6.32027
21
-1.24541
31
-10.19119
12
-6.17531
22
-1.24224
32
-10.15846
13
-6.15116
23
-1.15884
33
-10.28057
0
3DFACE
8
C2
10
-6.32027
20
-1.24541
30
-10.19119
11
-6.34325
21
-1.33815
31
-10.07746
12
-6.19832
22
-1.33476
32
-10.04454
13
-6.17531
23
-1.24224
33
-10.15846
0
3DFACE
8
C2
10
-6.34325
20
-1.33815
30
-10.07746
11
-6.36556
21
-1.43627
31
-9.96857
12
-6.22073
22
-1.43211
32
-9.93496
13
-6.19832
23
-1.33476
33
-10.04454
0
3DFACE
8
C2
10
-6.36556
20
-1.43627
30
-9.96857
11
-6.38629
21
-1.54702
31
-9.87102
12
-6.24168
22
-1.54111
32
-9.83583
13
-6.22073
23
-1.43211
33
-9.93496
0
3DFACE
8
C2
10
-6.38629
20
-1.54702
30
-9.87102
11
-6.40815
21
-1.64877
31
-9.76538
12
-6.26363
22
-1.64209
32
-9.72950
13
-6.24168
23
-1.54111
33
-9.83583
0
3DFACE
8
C2
10
-6.40815
20
-1.64877
30
-9.76538
11
-6.43053
21
-1.74634
31
-9.65600
12
-6.28631
22
-1.73724
32
-9.61795
13
-6.26363
23
-1.64209
33
-9.72950
0
3DFACE
8
C2
10
-6.43053
20
-1.74634
30
-9.65600
11
-6.45259
21
-1.84644
31
-9.54888
12
-6.30845
22
-1.83668
32
-9.51024
13
-6.28631
23
-1.73724
33
-9.61795
0
3DFACE
8
C2
10
-6.45259
20
-1.84644
30
-9.54888
11
-6.47490
21
-1.94456
31
-9.43999
12
-6.33064
22
-1.93579
32
-9.40224
13
-6.30845
23
-1.83668
33
-9.51024
0
3DFACE
8
C2
10
-6.47490
20
-1.94456
30
-9.43999
11
-6.49647
21
-2.04861
31
-9.33642
12
-6.35199
22
-2.04161
32
-9.30025
13
-6.33064
23
-1.93579
33
-9.40224
0
3DFACE
8
C2
10
-6.49647
20
-2.04861
30
-9.33642
11
-6.52005
21
-2.13652
31
-9.21836
12
-6.37538
22
-2.13105
32
-9.18357
13
-6.35199
23
-2.04161
33
-9.30025
0
3DFACE
8
C2
10
-6.52005
20
-2.13652
30
-9.21836
11
-6.54584
21
-2.20685
31
-9.08452
12
-6.40084
22
-2.20401
32
-9.05209
13
-6.37538
23
-2.13105
33
-9.18357
0
3DFACE
8
C2
10
-6.54584
20
-2.20685
30
-9.08452
11
-6.57121
21
-2.28047
31
-8.95364
12
-6.42602
22
-2.27917
32
-8.92260
13
-6.40084
23
-2.20401
33
-9.05209
0
3DFACE
8
C2
10
-6.57121
20
-2.28047
30
-8.95364
11
-6.59711
21
-2.34992
31
-8.81902
12
-6.45170
22
-2.35038
32
-8.78955
13
-6.42602
23
-2.27917
33
-8.92260
0
3DFACE
8
C2
10
-6.59711
20
-2.34992
30
-8.81902
11
-6.62391
21
-2.41212
31
-8.67788
12
-6.47834
22
-2.41389
32
-8.64960
13
-6.45170
23
-2.35038
33
-8.78955
0
3DFACE
8
C2
10
-6.62391
20
-2.41212
30
-8.67788
11
-6.64984
21
-2.48134
31
-8.54306
12
-6.50410
22
-2.48444
32
-8.51596
13
-6.47834
23
-2.41389
33
-8.64960
0
3DFACE
8
C2
10
-6.64984
20
-2.48134
30
-8.54306
11
-6.67643
21
-2.54519
31
-8.40341
12
-6.53050
22
-2.54982
32
-8.37768
13
-6.50410
23
-2.48444
33
-8.51596
0
3DFACE
8
C2
10
-6.67643
20
-2.54519
30
-8.40341
11
-6.70120
21
-2.62365
31
-8.27687
12
-6.55504
22
-2.63015
32
-8.25282
13
-6.53050
23
-2.54982
33
-8.37768
0
3DFACE
8
C2
10
-6.70120
20
-2.62365
30
-8.27687
11
-6.72516
21
-2.70858
31
-8.15614
12
-6.57893
22
-2.71564
32
-8.13259
13
-6.55504
23
-2.63015
33
-8.25282
0
3DFACE
8
C2
10
-6.72516
20
-2.70858
30
-8.15614
11
-6.74846
21
-2.79880
31
-8.04015
12
-6.60235
22
-2.80486
32
-8.01571
13
-6.57893
23
-2.71564
33
-8.13259
0
3DFACE
8
C2
10
-6.74846
20
-2.79880
30
-8.04015
11
-6.77084
21
-2.89637
31
-7.93077
12
-6.62471
22
-2.90254
32
-7.90642
13
-6.60235
23
-2.80486
33
-8.01571
0
3DFACE
8
C2
10
-6.77084
20
-2.89637
30
-7.93077
11
-6.79213
21
-3.00262
31
-7.82917
12
-6.64590
22
-3.00967
32
-7.80562
13
-6.62471
23
-2.90254
33
-7.90642
0
3DFACE
8
C2
10
-6.79213
20
-3.00262
30
-7.82917
11
-6.81458
21
-3.09964
31
-7.71929
12
-6.66830
22
-3.10702
32
-7.69603
13
-6.64590
23
-3.00967
33
-7.80562
0
3DFACE
8
C2
10
-6.81458
20
-3.09964
30
-7.71929
11
-6.83803
21
-3.18864
31
-7.60222
12
-6.69177
22
-3.19592
32
-7.57886
13
-6.66830
23
-3.10702
33
-7.69603
0
3DFACE
8
C2
10
-6.83803
20
-3.18864
30
-7.60222
11
-6.86250
21
-3.26952
31
-7.47785
12
-6.71634
22
-3.27591
32
-7.45370
13
-6.69177
23
-3.19592
33
-7.57886
0
3DFACE
8
C2
10
-6.86250
20
-3.26952
30
-7.47785
11
-6.88587
21
-3.35918
31
-7.36136
12
-6.73964
22
-3.36612
32
-7.33771
13
-6.71634
23
-3.27591
33
-7.45370
0
3DFACE
8
C2
10
-6.88587
20
-3.35918
30
-7.36136
11
-6.90811
21
-3.45785
31
-7.25296
12
-6.76164
22
-3.46677
32
-7.23109
13
-6.73964
23
-3.36612
33
-7.33771
0
3DFACE
8
C2
10
-6.90811
20
-3.45785
30
-7.25296
11
-6.92951
21
-3.56322
31
-7.15058
12
-6.78297
22
-3.57269
32
-7.12920
13
-6.76164
23
-3.46677
33
-7.23109
0
3DFACE
8
C2
10
-6.92951
20
-3.56322
30
-7.15058
11
-6.95012
21
-3.67497
31
-7.05392
12
-6.80363
22
-3.68400
32
-7.03214
13
-6.78297
23
-3.57269
33
-7.12920
0
3DFACE
8
C2
10
-6.95012
20
-3.67497
30
-7.05392
11
-6.96935
21
-3.79770
31
-6.96711
12
-6.82296
22
-3.80596
32
-6.94464
13
-6.80363
23
-3.68400
33
-7.03214
0
3DFACE
8
C2
10
-6.96935
20
-3.79770
30
-6.96711
11
-6.98793
21
-3.92559
31
-6.88494
12
-6.84163
22
-3.93319
32
-6.86188
13
-6.82296
23
-3.80596
33
-6.94464
0
3DFACE
8
C2
10
-6.98793
20
-3.92559
30
-6.88494
11
-7.00564
21
-4.06051
31
-6.80908
12
-6.85931
22
-4.06834
32
-6.78621
13
-6.84163
23
-3.93319
33
-6.86188
0
3DFACE
8
C2
10
-7.00564
20
-4.06051
30
-6.80908
11
-7.02434
21
-4.18753
31
-6.72612
12
-6.87803
22
-4.19513
32
-6.70306
13
-6.85931
23
-4.06834
33
-6.78621
0
3DFACE
8
C2
10
-5.27392
20
2.33423
30
-14.62984
11
-5.29571
21
2.23194
31
-14.52470
12
-5.15064
22
2.23422
32
-14.49276
13
-5.12859
23
2.33443
33
-14.59978
0
3DFACE
8
C2
10
-5.29571
20
2.23194
30
-14.52470
11
-5.31899
21
2.14162
31
-14.40880
12
-5.17401
22
2.14456
32
-14.37628
13
-5.15064
23
2.23422
33
-14.49276
0
3DFACE
8
C2
10
-5.31899
20
2.14162
30
-14.40880
11
-5.34126
21
2.04317
31
-14.30021
12
-5.19643
22
2.04732
32
-14.26660
13
-5.17401
23
2.14456
33
-14.37628
0
3DFACE
8
C2
10
-5.34126
20
2.04317
30
-14.30021
11
-5.36280
21
1.93889
31
-14.19684
12
-5.21813
22
1.94436
32
-14.16204
13
-5.19643
23
2.04732
33
-14.26660
0
3DFACE
8
C2
10
-5.36280
20
1.93889
30
-14.19684
11
-5.38551
21
1.84396
31
-14.08509
12
-5.24087
22
1.84965
32
-14.05010
13
-5.21813
23
1.94436
33
-14.16204
0
3DFACE
8
C2
10
-5.38551
20
1.84396
30
-14.08509
11
-5.41002
21
1.76341
31
-13.96042
12
-5.26517
22
1.76746
32
-13.92691
13
-5.24087
23
1.84965
33
-14.05010
0
3DFACE
8
C2
10
-5.41002
20
1.76341
30
-13.96042
11
-5.43599
21
1.69451
31
-13.82530
12
-5.29130
22
1.69987
32
-13.79060
13
-5.26517
23
1.76746
33
-13.92691
0
3DFACE
8
C2
10
-5.43599
20
1.69451
30
-13.82530
11
-5.45935
21
1.60485
31
-13.70882
12
-5.31479
22
1.61120
32
-13.67323
13
-5.29130
23
1.69987
33
-13.79060
0
3DFACE
8
C2
10
-5.45935
20
1.60485
30
-13.70882
11
-5.48132
21
1.50398
31
-13.60239
12
-5.33699
22
1.51220
32
-13.56513
13
-5.31479
23
1.61120
33
-13.67323
0
3DFACE
8
C2
10
-5.48132
20
1.50398
30
-13.60239
11
-5.50461
21
1.41366
31
-13.48650
12
-5.36032
22
1.42221
32
-13.44894
13
-5.33699
23
1.51220
33
-13.56513
0
3DFACE
8
C2
10
-5.50461
20
1.41366
30
-13.48650
11
-5.52903
21
1.33246
31
-13.36242
12
-5.38469
22
1.34057
32
-13.32526
13
-5.36032
23
1.42221
33
-13.44894
0
3DFACE
8
C2
10
-5.52903
20
1.33246
30
-13.36242
11
-5.55570
21
1.26916
31
-13.22228
12
-5.41111
22
1.27529
32
-13.18689
13
-5.38469
23
1.34057
33
-13.32526
0
3DFACE
8
C2
10
-5.55570
20
1.26916
30
-13.22228
11
-5.57913
21
1.18005
31
-13.10530
12
-5.43446
22
1.18552
32
-13.07050
13
-5.41111
23
1.27529
33
-13.18689
0
3DFACE
8
C2
10
-5.57913
20
1.18005
30
-13.10530
11
-5.59999
21
1.07028
31
-13.00686
12
-5.45500
22
1.07323
32
-12.97433
13
-5.43446
23
1.18552
33
-13.07050
0
3DFACE
8
C2
10
-5.59999
20
1.07028
30
-13.00686
11
-5.62114
21
0.96293
31
-12.90625
12
-5.47625
22
0.96665
32
-12.87303
13
-5.45500
23
1.07323
33
-12.97433
0
3DFACE
8
C2
10
-5.62114
20
0.96293
30
-12.90625
11
-5.64147
21
0.84899
31
-12.81156
12
-5.49697
22
0.85578
32
-12.77558
13
-5.47625
23
0.96665
33
-12.87303
0
3DFACE
8
C2
10
-5.64147
20
0.84899
30
-12.81156
11
-5.65969
21
0.71813
31
-12.73205
12
-5.51532
22
0.72602
32
-12.69508
13
-5.49697
23
0.85578
33
-12.77558
0
3DFACE
8
C2
10
-5.65969
20
0.71813
30
-12.73205
11
-5.67983
21
0.60265
31
-12.63874
12
-5.53608
22
0.61549
32
-12.59733
13
-5.51532
23
0.72602
33
-12.69508
0
3DFACE
8
C2
10
-5.67983
20
0.60265
30
-12.63874
11
-5.69824
21
0.47333
31
-12.55785
12
-5.55522
22
0.49199
32
-12.51122
13
-5.53608
23
0.61549
33
-12.59733
0
3DFACE
8
C2
10
-5.69824
20
0.47333
30
-12.55785
11
-5.71945
21
0.36642
31
-12.45684
12
-5.57699
22
0.38958
32
-12.40617
13
-5.55522
23
0.49199
33
-12.51122
0
3DFACE
8
C2
10
-5.71945
20
0.36642
30
-12.45684
11
-5.74169
21
0.26775
31
-12.34844
12
-5.59955
22
0.29344
32
-12.29551
13
-5.57699
23
0.38958
33
-12.40617
0
3DFACE
8
C2
10
-5.74169
20
0.26775
30
-12.34844
11
-5.76365
21
0.16688
31
-12.24202
12
-5.62138
22
0.19147
32
-12.19007
13
-5.59955
23
0.29344
33
-12.29551
0
3DFACE
8
C2
10
-5.76365
20
0.16688
30
-12.24202
11
-5.78789
21
0.08414
31
-12.11932
12
-5.64539
22
0.10697
32
-12.06895
13
-5.62138
23
0.19147
33
-12.19007
0
3DFACE
8
C2
10
-5.78789
20
0.08414
30
-12.11932
11
-5.81435
21
0.01920
31
-11.98065
12
-5.67190
22
0.04247
32
-11.92989
13
-5.64539
23
0.10697
33
-12.06895
0
3DFACE
8
C2
10
-5.81435
20
0.01920
30
-11.98065
11
-5.83875
21
-0.06222
31
-11.85678
12
-5.69592
22
-0.04203
32
-11.80877
13
-5.67190
23
0.04247
33
-11.92989
0
3DFACE
8
C2
10
-5.83875
20
-0.06222
30
-11.85678
11
-5.86270
21
-0.14716
31
-11.73605
12
-5.71942
22
-0.13060
32
-11.69130
13
-5.69592
23
-0.04203
33
-11.80877
0
3DFACE
8
C2
10
-5.86270
20
-0.14716
30
-11.73605
11
-5.88529
21
-0.24309
31
-11.62519
12
-5.74132
22
-0.23201
32
-11.58536
13
-5.71942
23
-0.13060
33
-11.69130
0
3DFACE
8
C2
10
-5.88529
20
-0.24309
30
-11.62519
11
-5.90895
21
-0.33044
31
-11.50663
12
-5.76458
22
-0.32255
32
-11.46967
13
-5.74132
23
-0.23201
33
-11.58536
0
3DFACE
8
C2
10
-5.90895
20
-0.33044
30
-11.50663
11
-5.93417
21
-0.40527
31
-11.37684
12
-5.78961
22
-0.39892
32
-11.34125
13
-5.76458
23
-0.32255
33
-11.46967
0
3DFACE
8
C2
10
-5.93417
20
-0.40527
30
-11.37684
11
-5.95818
21
-0.48977
31
-11.25572
12
-5.81335
22
-0.48562
32
-11.22211
13
-5.78961
23
-0.39892
33
-11.34125
0
3DFACE
8
C2
10
-5.95818
20
-0.48977
30
-11.25572
11
-5.98206
21
-0.57537
31
-11.13559
12
-5.83721
22
-0.57133
32
-11.10208
13
-5.81335
23
-0.48562
33
-11.22211
0
3DFACE
8
C2
10
-5.98206
20
-0.57537
30
-11.13559
11
-6.00544
21
-0.66492
31
-11.01901
12
-5.86062
22
-0.66066
32
-10.98530
13
-5.83721
23
-0.57133
33
-11.10208
0
3DFACE
8
C2
10
-6.00544
20
-0.66492
30
-11.01901
11
-6.02959
21
-0.74832
31
-10.89690
12
-5.88488
22
-0.74318
32
-10.86240
13
-5.86062
23
-0.66066
33
-10.98530
0
3DFACE
8
C2
10
-6.02959
20
-0.74832
30
-10.89690
11
-6.05499
21
-0.82173
31
-10.76583
12
-5.91065
22
-0.81362
32
-10.72866
13
-5.88488
23
-0.74318
33
-10.86240
0
3DFACE
8
C2
10
-6.05499
20
-0.82173
30
-10.76583
11
-6.07939
21
-0.90315
31
-10.64195
12
-5.93524
22
-0.89350
32
-10.60341
13
-5.91065
23
-0.81362
33
-10.72866
0
3DFACE
8
C2
10
-6.07939
20
-0.90315
30
-10.64195
11
-6.10363
21
-0.98589
31
-10.51925
12
-5.95967
22
-0.97471
32
-10.47933
13
-5.93524
23
-0.89350
33
-10.60341
0
3DFACE
8
C2
10
-6.10363
20
-0.98589
30
-10.51925
11
-6.12719
21
-1.07401
31
-10.40139
12
-5.98280
22
-1.06624
32
-10.36452
13
-5.95967
23
-0.97471
33
-10.47933
0
3DFACE
8
C2
10
-6.12719
20
-1.07401
30
-10.40139
11
-6.15116
21
-1.15884
31
-10.28057
12
-6.00671
22
-1.15161
32
-10.24419
13
-5.98280
23
-1.06624
33
-10.36452
0
3DFACE
8
C2
10
-6.15116
20
-1.15884
30
-10.28057
11
-6.17531
21
-1.24224
31
-10.15846
12
-6.03093
22
-1.23446
32
-10.12160
13
-6.00671
23
-1.15161
33
-10.24419
0
3DFACE
8
C2
10
-6.17531
20
-1.24224
30
-10.15846
11
-6.19832
21
-1.33476
31
-10.04454
12
-6.05409
22
-1.32577
32
-10.00659
13
-6.03093
23
-1.23446
33
-10.12160
0
3DFACE
8
C2
10
-6.19832
20
-1.33476
30
-10.04454
11
-6.22073
21
-1.43211
31
-9.93496
12
-6.07662
22
-1.42214
32
-9.89612
13
-6.05409
23
-1.32577
33
-10.00659
0
3DFACE
8
C2
10
-6.22073
20
-1.43211
30
-9.93496
11
-6.24168
21
-1.54111
31
-9.83583
12
-6.09757
22
-1.53114
32
-9.79699
13
-6.07662
23
-1.42214
33
-9.89612
0
3DFACE
8
C2
10
-6.24168
20
-1.54111
30
-9.83583
11
-6.26363
21
-1.64209
31
-9.72950
12
-6.11961
22
-1.63145
32
-9.69007
13
-6.09757
23
-1.53114
33
-9.79699
0
3DFACE
8
C2
10
-6.26363
20
-1.64209
30
-9.72950
11
-6.28631
21
-1.73724
31
-9.61795
12
-6.14282
22
-1.72233
32
-9.57467
13
-6.11961
23
-1.63145
33
-9.69007
0
3DFACE
8
C2
10
-6.28631
20
-1.73724
30
-9.61795
11
-6.30845
21
-1.83668
31
-9.51024
12
-6.16501
22
-1.82144
32
-9.46667
13
-6.14282
23
-1.72233
33
-9.57467
0
3DFACE
8
C2
10
-6.30845
20
-1.83668
30
-9.51024
11
-6.33064
21
-1.93579
31
-9.40224
12
-6.18718
22
-1.92066
32
-9.35876
13
-6.16501
23
-1.82144
33
-9.46667
0
3DFACE
8
C2
10
-6.33064
20
-1.93579
30
-9.40224
11
-6.35199
21
-2.04161
31
-9.30025
12
-6.20812
22
-2.02976
32
-9.25973
13
-6.18718
23
-1.92066
33
-9.35876
0
3DFACE
8
C2
10
-6.35199
20
-2.04161
30
-9.30025
11
-6.37538
21
-2.13105
31
-9.18357
12
-6.23143
22
-2.11986
32
-9.14364
13
-6.20812
23
-2.02976
33
-9.25973
0
3DFACE
8
C2
10
-6.37538
20
-2.13105
30
-9.18357
11
-6.40084
21
-2.20401
31
-9.05209
12
-6.25676
22
-2.19382
32
-9.01306
13
-6.23143
23
-2.11986
33
-9.14364
0
3DFACE
8
C2
10
-6.40084
20
-2.20401
30
-9.05209
11
-6.42602
21
-2.27917
31
-8.92260
12
-6.28164
22
-2.27139
32
-8.88573
13
-6.25676
23
-2.19382
33
-9.01306
0
3DFACE
8
C2
10
-6.42602
20
-2.27917
30
-8.92260
11
-6.45170
21
-2.35038
31
-8.78955
12
-6.30691
22
-2.34590
32
-8.75564
13
-6.28164
23
-2.27139
33
-8.88573
0
3DFACE
8
C2
10
-6.45170
20
-2.35038
30
-8.78955
11
-6.47834
21
-2.41389
31
-8.64960
12
-6.33298
22
-2.41392
32
-8.61973
13
-6.30691
23
-2.34590
33
-8.75564
0
3DFACE
8
C2
10
-6.47834
20
-2.41389
30
-8.64960
11
-6.50410
21
-2.48444
31
-8.51596
12
-6.35819
22
-2.48886
32
-8.49004
13
-6.33298
23
-2.41392
33
-8.61973
0
3DFACE
8
C2
10
-6.50410
20
-2.48444
30
-8.51596
11
-6.53050
21
-2.54982
31
-8.37768
12
-6.38442
22
-2.55567
32
-8.35304
13
-6.35819
23
-2.48886
33
-8.49004
0
3DFACE
8
C2
10
-6.53050
20
-2.54982
30
-8.37768
11
-6.55504
21
-2.63015
31
-8.25282
12
-6.40848
22
-2.63973
32
-8.23153
13
-6.38442
23
-2.55567
33
-8.35304
0
3DFACE
8
C2
10
-6.55504
20
-2.63015
30
-8.25282
11
-6.57893
21
-2.71564
31
-8.13259
12
-6.43207
22
-2.72763
32
-8.11347
13
-6.40848
23
-2.63973
33
-8.23153
0
3DFACE
8
C2
10
-6.57893
20
-2.71564
30
-8.13259
11
-6.60235
21
-2.80486
31
-8.01571
12
-6.45536
22
-2.81795
32
-7.99758
13
-6.43207
23
-2.72763
33
-8.11347
0
3DFACE
8
C2
10
-6.60235
20
-2.80486
30
-8.01571
11
-6.62471
21
-2.90254
31
-7.90642
12
-6.47783
22
-2.91476
32
-7.88750
13
-6.45536
23
-2.81795
33
-7.99758
0
3DFACE
8
C2
10
-6.62471
20
-2.90254
30
-7.90642
11
-6.64590
21
-3.00967
31
-7.80562
12
-6.49922
22
-3.02024
32
-7.78522
13
-6.47783
23
-2.91476
33
-7.88750
0
3DFACE
8
C2
10
-6.64590
20
-3.00967
30
-7.80562
11
-6.66830
21
-3.10702
31
-7.69603
12
-6.52170
22
-3.11704
32
-7.67514
13
-6.49922
23
-3.02024
33
-7.78522
0
3DFACE
8
C2
10
-6.66830
20
-3.10702
30
-7.69603
11
-6.69177
21
-3.19592
31
-7.57886
12
-6.54509
22
-3.20649
32
-7.55846
13
-6.52170
23
-3.11704
33
-7.67514
0
3DFACE
8
C2
10
-6.69177
20
-3.19592
30
-7.57886
11
-6.71634
21
-3.27591
31
-7.45370
12
-6.56953
22
-3.28758
32
-7.43429
13
-6.54509
23
-3.20649
33
-7.55846
0
3DFACE
8
C2
10
-6.71634
20
-3.27591
30
-7.45370
11
-6.73964
21
-3.36612
31
-7.33771
12
-6.59282
22
-3.37790
32
-7.31839
13
-6.56953
23
-3.28758
33
-7.43429
0
3DFACE
8
C2
10
-6.73964
20
-3.36612
30
-7.33771
11
-6.76164
21
-3.46677
31
-7.23109
12
-6.61491
22
-3.47778
32
-7.21108
13
-6.59282
23
-3.37790
33
-7.31839
0
3DFACE
8
C2
10
-6.76164
20
-3.46677
30
-7.23109
11
-6.78297
21
-3.57269
31
-7.12920
12
-6.63632
22
-3.58304
32
-7.10860
13
-6.61491
23
-3.47778
33
-7.21108
0
3DFACE
8
C2
10
-6.78297
20
-3.57269
30
-7.12920
11
-6.80363
21
-3.68400
31
-7.03214
12
-6.65726
22
-3.69215
32
-7.00957
13
-6.63632
23
-3.58304
33
-7.10860
0
3DFACE
8
C2
10
-6.80363
20
-3.68400
30
-7.03214
11
-6.82296
21
-3.80596
31
-6.94464
12
-6.67668
22
-3.81334
32
-6.92138
13
-6.65726
23
-3.69215
33
-7.00957
0
3DFACE
8
C2
10
-6.82296
20
-3.80596
30
-6.94464
11
-6.84163
21
-3.93319
31
-6.86188
12
-6.69552
22
-3.93926
32
-6.83744
13
-6.67668
23
-3.81334
33
-6.92138
0
3DFACE
8
C2
10
-6.84163
20
-3.93319
30
-6.86188
11
-6.85931
21
-4.06834
31
-6.78621
12
-6.71342
22
-4.07264
32
-6.76019
13
-6.69552
23
-3.93926
33
-6.83744
0
3DFACE
8
C2
10
-6.85931
20
-4.06834
30
-6.78621
11
-6.87803
21
-4.19513
31
-6.70306
12
-6.73221
22
-4.19889
32
-6.67654
13
-6.71342
23
-4.07264
33
-6.76019
0
3DFACE
8
C2
10
-5.12859
20
2.33443
30
-14.59978
11
-5.15064
21
2.23422
31
-14.49276
12
-5.00787
22
2.25485
32
-14.44436
13
-4.98574
23
2.35440
33
-14.55197
0
3DFACE
8
C2
10
-5.15064
20
2.23422
30
-14.49276
11
-5.17401
21
2.14456
31
-14.37628
12
-5.03144
22
2.16684
32
-14.32640
13
-5.00787
23
2.25485
33
-14.44436
0
3DFACE
8
C2
10
-5.17401
20
2.14456
30
-14.37628
11
-5.19643
21
2.04732
31
-14.26660
12
-5.05399
22
2.07059
32
-14.21583
13
-5.03144
23
2.16684
33
-14.32640
0
3DFACE
8
C2
10
-5.19643
20
2.04732
30
-14.26660
11
-5.21813
21
1.94436
31
-14.16204
12
-5.07579
22
1.96840
32
-14.11059
13
-5.05399
23
2.07059
33
-14.21583
0
3DFACE
8
C2
10
-5.21813
20
1.94436
30
-14.16204
11
-5.24087
21
1.84965
31
-14.05010
12
-5.09863
22
1.87456
32
-13.99785
13
-5.07579
23
1.96840
33
-14.11059
0
3DFACE
8
C2
10
-5.24087
20
1.84965
30
-14.05010
11
-5.26517
21
1.76746
31
-13.92691
12
-5.12292
22
1.79226
32
-13.87476
13
-5.09863
23
1.87456
33
-13.99785
0
3DFACE
8
C2
10
-5.26517
20
1.76746
30
-13.92691
11
-5.29130
21
1.69987
31
-13.79060
12
-5.14901
22
1.72435
32
-13.73875
13
-5.12292
23
1.79226
33
-13.87476
0
3DFACE
8
C2
10
-5.29130
20
1.69987
30
-13.79060
11
-5.31479
21
1.61120
31
-13.67323
12
-5.17264
22
1.63678
32
-13.62039
13
-5.14901
23
1.72435
33
-13.73875
0
3DFACE
8
C2
10
-5.31479
20
1.61120
30
-13.67323
11
-5.33699
21
1.51220
31
-13.56513
12
-5.19485
22
1.53789
32
-13.51219
13
-5.17264
23
1.63678
33
-13.62039
0
3DFACE
8
C2
10
-5.33699
20
1.51220
30
-13.56513
11
-5.36032
21
1.42221
31
-13.44894
12
-5.21814
22
1.44756
32
-13.39630
13
-5.19485
23
1.53789
33
-13.51219
0
3DFACE
8
C2
10
-5.36032
20
1.42221
30
-13.44894
11
-5.38469
21
1.34057
31
-13.32526
12
-5.24229
22
1.36416
32
-13.27420
13
-5.21814
23
1.44756
33
-13.39630
0
3DFACE
8
C2
10
-5.38469
20
1.34057
30
-13.32526
11
-5.41111
21
1.27529
31
-13.18689
12
-5.26812
22
1.29417
32
-13.14006
13
-5.24229
23
1.36416
33
-13.27420
0
3DFACE
8
C2
10
-5.41111
20
1.27529
30
-13.18689
11
-5.43446
21
1.18552
31
-13.07050
12
-5.29118
22
1.20209
32
-13.02575
13
-5.26812
23
1.29417
33
-13.14006
0
3DFACE
8
C2
10
-5.43446
20
1.18552
30
-13.07050
11
-5.45500
21
1.07323
31
-12.97433
12
-5.31156
22
1.08848
32
-12.93076
13
-5.29118
23
1.20209
33
-13.02575
0
3DFACE
8
C2
10
-5.45500
20
1.07323
30
-12.97433
11
-5.47625
21
0.96665
31
-12.87303
12
-5.33259
22
0.98014
32
-12.83104
13
-5.31156
23
1.08848
33
-12.93076
0
3DFACE
8
C2
10
-5.47625
20
0.96665
30
-12.87303
11
-5.49697
21
0.85578
31
-12.77558
12
-5.35306
22
0.86730
32
-12.73536
13
-5.33259
23
0.98014
33
-12.83104
0
3DFACE
8
C2
10
-5.49697
20
0.85578
30
-12.77558
11
-5.51532
21
0.72602
31
-12.69508
12
-5.37129
22
0.73655
32
-12.65575
13
-5.35306
23
0.86730
33
-12.73536
0
3DFACE
8
C2
10
-5.51532
20
0.72602
30
-12.69508
11
-5.53608
21
0.61549
31
-12.59733
12
-5.39200
22
0.62568
32
-12.55830
13
-5.37129
23
0.73655
33
-12.65575
0
3DFACE
8
C2
10
-5.53608
20
0.61549
30
-12.59733
11
-5.55522
21
0.49199
31
-12.51122
12
-5.41152
22
0.50526
32
-12.46942
13
-5.39200
23
0.62568
33
-12.55830
0
3DFACE
8
C2
10
-5.55522
20
0.49199
30
-12.51122
11
-5.57699
21
0.38958
31
-12.40617
12
-5.43330
22
0.40285
32
-12.36438
13
-5.41152
23
0.50526
33
-12.46942
0
3DFACE
8
C2
10
-5.57699
20
0.38958
30
-12.40617
11
-5.59955
21
0.29344
31
-12.29551
12
-5.45574
22
0.30583
32
-12.25450
13
-5.43330
23
0.40285
33
-12.36438
0
3DFACE
8
C2
10
-5.59955
20
0.29344
30
-12.29551
11
-5.62138
21
0.19147
31
-12.19007
12
-5.47744
22
0.20276
32
-12.15005
13
-5.45574
23
0.30583
33
-12.25450
0
3DFACE
8
C2
10
-5.62138
20
0.19147
30
-12.19007
11
-5.64539
21
0.10697
31
-12.06895
12
-5.50122
22
0.11640
32
-12.03060
13
-5.47744
23
0.20276
33
-12.15005
0
3DFACE
8
C2
10
-5.64539
20
0.10697
30
-12.06895
11
-5.67190
21
0.04247
31
-11.92989
12
-5.52743
22
0.04948
32
-11.89371
13
-5.50122
23
0.11640
33
-12.03060
0
3DFACE
8
C2
10
-5.67190
20
0.04247
30
-11.92989
11
-5.69592
21
-0.04203
31
-11.80877
12
-5.55115
22
-0.03733
32
-11.77466
13
-5.52743
23
0.04948
33
-11.89371
0
3DFACE
8
C2
10
-5.69592
20
-0.04203
30
-11.80877
11
-5.71942
21
-0.13060
31
-11.69130
12
-5.57431
22
-0.12864
32
-11.65966
13
-5.55115
23
-0.03733
33
-11.77466
0
3DFACE
8
C2
10
-5.71942
20
-0.13060
30
-11.69130
11
-5.74132
21
-0.23201
31
-11.58536
12
-5.59590
22
-0.23258
32
-11.55599
13
-5.57431
23
-0.12864
33
-11.65966
0
3DFACE
8
C2
10
-5.74132
20
-0.23201
30
-11.58536
11
-5.76458
21
-0.32255
31
-11.46967
12
-5.61881
22
-0.32587
32
-11.44276
13
-5.59590
23
-0.23258
33
-11.55599
0
3DFACE
8
C2
10
-5.76458
20
-0.32255
30
-11.46967
11
-5.78961
21
-0.39892
31
-11.34125
12
-5.64347
22
-0.40521
32
-11.31701
13
-5.61881
23
-0.32587
33
-11.44276
0
3DFACE
8
C2
10
-5.78961
20
-0.39892
30
-11.34125
11
-5.81335
21
-0.48562
31
-11.22211
12
-5.66707
22
-0.49300
32
-11.19885
13
-5.64347
23
-0.40521
33
-11.31701
0
3DFACE
8
C2
10
-5.81335
20
-0.48562
30
-11.22211
11
-5.83721
21
-0.57133
31
-11.10208
12
-5.69098
22
-0.57838
32
-11.07852
13
-5.66707
23
-0.49300
33
-11.19885
0
3DFACE
8
C2
10
-5.83721
20
-0.57133
30
-11.10208
11
-5.86062
21
-0.66066
31
-10.98530
12
-5.71470
22
-0.66519
32
-10.95947
13
-5.69098
23
-0.57838
33
-11.07852
0
3DFACE
8
C2
10
-5.86062
20
-0.66066
30
-10.98530
11
-5.88488
21
-0.74318
31
-10.86240
12
-5.73921
22
-0.74573
32
-10.83481
13
-5.71470
23
-0.66519
33
-10.95947
0
3DFACE
8
C2
10
-5.88488
20
-0.74318
30
-10.86240
11
-5.91065
21
-0.81362
31
-10.72866
12
-5.76519
22
-0.81452
32
-10.69959
13
-5.73921
23
-0.74573
33
-10.83481
0
3DFACE
8
C2
10
-5.91065
20
-0.81362
30
-10.72866
11
-5.93524
21
-0.89350
31
-10.60341
12
-5.78993
22
-0.89319
32
-10.57324
13
-5.76519
23
-0.81452
33
-10.69959
0
3DFACE
8
C2
10
-5.93524
20
-0.89350
30
-10.60341
11
-5.95967
21
-0.97471
31
-10.47933
12
-5.81437
22
-0.97429
32
-10.44907
13
-5.78993
23
-0.89319
33
-10.57324
0
3DFACE
8
C2
10
-5.95967
20
-0.97471
30
-10.47933
11
-5.98280
21
-1.06624
31
-10.36452
12
-5.83727
22
-1.06769
32
-10.33594
13
-5.81437
23
-0.97429
33
-10.44907
0
3DFACE
8
C2
10
-5.98280
20
-1.06624
30
-10.36452
11
-6.00671
21
-1.15161
31
-10.24419
12
-5.86095
22
-1.15482
32
-10.21719
13
-5.83727
23
-1.06769
33
-10.33594
0
3DFACE
8
C2
10
-6.00671
20
-1.15161
30
-10.24419
11
-6.03093
21
-1.23446
31
-10.12160
12
-5.88489
22
-1.23998
32
-10.09666
13
-5.86095
23
-1.15482
33
-10.21719
0
3DFACE
8
C2
10
-6.03093
20
-1.23446
30
-10.12160
11
-6.05409
21
-1.32577
31
-10.00659
12
-5.90798
22
-1.33184
32
-9.98215
13
-5.88489
23
-1.23998
33
-10.09666
0
3DFACE
8
C2
10
-6.05409
20
-1.32577
30
-10.00659
11
-6.07662
21
-1.42214
31
-9.89612
12
-5.93058
22
-1.42765
32
-9.87119
13
-5.90798
23
-1.33184
33
-9.98215
0
3DFACE
8
C2
10
-6.07662
20
-1.42214
30
-9.89612
11
-6.09757
21
-1.53114
31
-9.79699
12
-5.95176
22
-1.53478
32
-9.77038
13
-5.93058
23
-1.42765
33
-9.87119
0
3DFACE
8
C2
10
-6.09757
20
-1.53114
30
-9.79699
11
-6.11961
21
-1.63145
31
-9.69007
12
-5.97391
22
-1.63422
32
-9.66267
13
-5.95176
23
-1.53478
33
-9.77038
0
3DFACE
8
C2
10
-6.11961
20
-1.63145
30
-9.69007
11
-6.14282
21
-1.72233
31
-9.57467
12
-5.99740
22
-1.72290
32
-9.54530
13
-5.97391
23
-1.63422
33
-9.66267
0
3DFACE
8
C2
10
-6.14282
20
-1.72233
30
-9.57467
11
-6.16501
21
-1.82144
31
-9.46667
12
-6.01969
22
-1.82113
32
-9.43651
13
-5.99740
23
-1.72290
33
-9.54530
0
3DFACE
8
C2
10
-6.16501
20
-1.82144
30
-9.46667
11
-6.18718
21
-1.92066
31
-9.35876
12
-6.04192
22
-1.91991
32
-9.32821
13
-6.01969
23
-1.82113
33
-9.43651
0
3DFACE
8
C2
10
-6.18718
20
-1.92066
30
-9.35876
11
-6.20812
21
-2.02976
31
-9.25973
12
-6.06291
22
-2.02858
32
-9.22878
13
-6.04192
23
-1.91991
33
-9.32821
0
3DFACE
8
C2
10
-6.20812
20
-2.02976
30
-9.25973
11
-6.23143
21
-2.11986
31
-9.14364
12
-6.08616
22
-2.11923
32
-9.11319
13
-6.06291
23
-2.02858
33
-9.22878
0
3DFACE
8
C2
10
-6.23143
20
-2.11986
30
-9.14364
11
-6.25676
21
-2.19382
31
-9.01306
12
-6.11132
22
-2.19450
32
-8.98379
13
-6.08616
23
-2.11923
33
-9.11319
0
3DFACE
8
C2
10
-6.25676
20
-2.19382
30
-9.01306
11
-6.28164
21
-2.27139
31
-8.88573
12
-6.13618
22
-2.27230
32
-8.85665
13
-6.11132
23
-2.19450
33
-8.98379
0
3DFACE
8
C2
10
-6.28164
20
-2.27139
30
-8.88573
11
-6.30691
21
-2.34590
31
-8.75564
12
-6.16143
22
-2.34691
32
-8.72666
13
-6.13618
23
-2.27230
33
-8.85665
0
3DFACE
8
C2
10
-6.30691
20
-2.34590
30
-8.75564
11
-6.33298
21
-2.41392
31
-8.61973
12
-6.18749
22
-2.41504
32
-8.59085
13
-6.16143
23
-2.34691
33
-8.72666
0
3DFACE
8
C2
10
-6.33298
20
-2.41392
30
-8.61973
11
-6.35819
21
-2.48886
31
-8.49004
12
-6.21265
22
-2.49031
32
-8.46145
13
-6.18749
23
-2.41504
33
-8.59085
0
3DFACE
8
C2
10
-6.35819
20
-2.48886
30
-8.49004
11
-6.38442
21
-2.55567
31
-8.35304
12
-6.23866
22
-2.55888
32
-8.32604
13
-6.21265
23
-2.49031
33
-8.46145
0
3DFACE
8
C2
10
-6.38442
20
-2.55567
30
-8.35304
11
-6.40848
21
-2.63973
31
-8.23153
12
-6.26258
22
-2.64415
32
-8.20561
13
-6.23866
23
-2.55888
33
-8.32604
0
3DFACE
8
C2
10
-6.40848
20
-2.63973
30
-8.23153
11
-6.43207
21
-2.72763
31
-8.11347
12
-6.28617
22
-2.73205
32
-8.08755
13
-6.26258
23
-2.64415
33
-8.20561
0
3DFACE
8
C2
10
-6.43207
20
-2.72763
30
-8.11347
11
-6.45536
21
-2.81795
31
-7.99758
12
-6.30960
22
-2.82116
32
-7.97057
13
-6.28617
23
-2.73205
33
-8.08755
0
3DFACE
8
C2
10
-6.45536
20
-2.81795
30
-7.99758
11
-6.47783
21
-2.91476
31
-7.88750
12
-6.33217
22
-2.91720
32
-7.85981
13
-6.30960
23
-2.82116
33
-7.97057
0
3DFACE
8
C2
10
-6.47783
20
-2.91476
30
-7.88750
11
-6.49922
21
-3.02024
31
-7.78522
12
-6.35354
22
-3.02290
32
-7.75772
13
-6.33217
23
-2.91720
33
-7.85981
0
3DFACE
8
C2
10
-6.49922
20
-3.02024
30
-7.78522
11
-6.52170
21
-3.11704
31
-7.67514
12
-6.37593
22
-3.12036
32
-7.64823
13
-6.35354
23
-3.02290
33
-7.75772
0
3DFACE
8
C2
10
-6.52170
20
-3.11704
30
-7.67514
11
-6.54509
21
-3.20649
31
-7.55846
12
-6.39941
22
-3.20914
32
-7.53096
13
-6.37593
23
-3.12036
33
-7.64823
0
3DFACE
8
C2
10
-6.54509
20
-3.20649
30
-7.55846
11
-6.56953
21
-3.28758
31
-7.43429
12
-6.42385
22
-3.29024
32
-7.40679
13
-6.39941
23
-3.20914
33
-7.53096
0
3DFACE
8
C2
10
-6.56953
20
-3.28758
30
-7.43429
11
-6.59282
21
-3.37790
31
-7.31839
12
-6.44712
22
-3.38067
32
-7.29099
13
-6.42385
23
-3.29024
33
-7.40679
0
3DFACE
8
C2
10
-6.59282
20
-3.37790
30
-7.31839
11
-6.61491
21
-3.47778
31
-7.21108
12
-6.46902
22
-3.48209
32
-7.18506
13
-6.44712
23
-3.38067
33
-7.29099
0
3DFACE
8
C2
10
-6.61491
20
-3.47778
30
-7.21108
11
-6.63632
21
-3.58304
31
-7.10860
12
-6.49029
22
-3.58845
32
-7.08356
13
-6.46902
23
-3.48209
33
-7.18506
0
3DFACE
8
C2
10
-6.63632
20
-3.58304
30
-7.10860
11
-6.65726
21
-3.69215
31
-7.00957
12
-6.51129
22
-3.69711
32
-6.98414
13
-6.49029
23
-3.58845
33
-7.08356
0
3DFACE
8
C2
10
-6.65726
20
-3.69215
30
-7.00957
11
-6.67668
21
-3.81334
31
-6.92138
12
-6.53071
22
-3.81831
32
-6.89595
13
-6.51129
23
-3.69711
33
-6.98414
0
3DFACE
8
C2
10
-6.67668
20
-3.81334
30
-6.92138
11
-6.69552
21
-3.93926
31
-6.83744
12
-6.54948
22
-3.94477
32
-6.81250
13
-6.53071
23
-3.81831
33
-6.89595
0
3DFACE
8
C2
10
-6.69552
20
-3.93926
30
-6.83744
11
-6.71342
21
-4.07264
31
-6.76019
12
-6.56733
22
-4.07849
32
-6.73556
13
-6.54948
23
-3.94477
33
-6.81250
0
3DFACE
8
C2
10
-6.71342
20
-4.07264
30
-6.76019
11
-6.73221
21
-4.19889
31
-6.67654
12
-6.58600
22
-4.20572
32
-6.65279
13
-6.56733
23
-4.07849
33
-6.73556
0
3DFACE
8
C2
10
-4.98574
20
2.35440
30
-14.55197
11
-5.00787
21
2.25485
31
-14.44436
12
-4.86773
22
2.29658
32
-14.37703
13
-4.84551
23
2.39536
33
-14.48533
0
3DFACE
8
C2
10
-5.00787
20
2.25485
30
-14.44436
11
-5.03144
21
2.16684
31
-14.32640
12
-4.89157
22
2.21065
32
-14.25719
13
-4.86773
23
2.29658
33
-14.37703
0
3DFACE
8
C2
10
-5.03144
20
2.16684
30
-14.32640
11
-5.05399
21
2.07059
31
-14.21583
12
-4.91418
22
2.11495
32
-14.14613
13
-4.89157
23
2.21065
33
-14.25719
0
3DFACE
8
C2
10
-5.05399
20
2.07059
30
-14.21583
11
-5.07579
21
1.96840
31
-14.11059
12
-4.93598
22
2.01276
32
-14.04089
13
-4.91418
23
2.11495
33
-14.14613
0
3DFACE
8
C2
10
-5.07579
20
1.96840
30
-14.11059
11
-5.09863
21
1.87456
31
-13.99785
12
-4.95891
22
1.91958
32
-13.92756
13
-4.93598
23
2.01276
33
-14.04089
0
3DFACE
8
C2
10
-5.09863
20
1.87456
30
-13.99785
11
-5.12292
21
1.79226
31
-13.87476
12
-4.98334
22
1.83838
32
-13.80348
13
-4.95891
23
1.91958
33
-13.92756
0
3DFACE
8
C2
10
-5.12292
20
1.79226
30
-13.87476
11
-5.14901
21
1.72435
31
-13.73875
12
-5.00915
22
1.76827
32
-13.66945
13
-4.98334
23
1.83838
33
-13.80348
0
3DFACE
8
C2
10
-5.14901
20
1.72435
30
-13.73875
11
-5.17264
21
1.63678
31
-13.62039
12
-5.03281
22
1.68092
32
-13.55089
13
-5.00915
23
1.76827
33
-13.66945
0
3DFACE
8
C2
10
-5.17264
20
1.63678
30
-13.62039
11
-5.19485
21
1.53789
31
-13.51219
12
-5.05486
22
1.58071
32
-13.44387
13
-5.03281
23
1.68092
33
-13.55089
0
3DFACE
8
C2
10
-5.19485
20
1.53789
30
-13.51219
11
-5.21814
21
1.44756
31
-13.39630
12
-5.07814
22
1.49039
32
-13.32798
13
-5.05486
23
1.58071
33
-13.44387
0
3DFACE
8
C2
10
-5.21814
20
1.44756
30
-13.39630
11
-5.24229
21
1.36416
31
-13.27420
12
-5.10231
22
1.40710
32
-13.20578
13
-5.07814
23
1.49039
33
-13.32798
0
3DFACE
8
C2
10
-5.24229
20
1.36416
30
-13.27420
11
-5.26812
21
1.29417
31
-13.14006
12
-5.12717
22
1.32941
32
-13.07855
13
-5.10231
23
1.40710
33
-13.20578
0
3DFACE
8
C2
10
-5.26812
20
1.29417
30
-13.14006
11
-5.29118
21
1.20209
31
-13.02575
12
-5.15011
22
1.23634
32
-12.96512
13
-5.12717
23
1.32941
33
-13.07855
0
3DFACE
8
C2
10
-5.29118
20
1.20209
30
-13.02575
11
-5.31156
21
1.08848
31
-12.93076
12
-5.17047
22
1.12262
32
-12.87023
13
-5.15011
23
1.23634
33
-12.96512
0
3DFACE
8
C2
10
-5.31156
20
1.08848
30
-12.93076
11
-5.33259
21
0.98014
31
-12.83104
12
-5.19080
22
1.00868
32
-12.77554
13
-5.17047
23
1.12262
33
-12.87023
0
3DFACE
8
C2
10
-5.33259
20
0.98014
30
-12.83104
11
-5.35306
21
0.86730
31
-12.73536
12
-5.21037
22
0.88859
32
-12.68637
13
-5.19080
23
1.00868
33
-12.77554
0
3DFACE
8
C2
10
-5.35306
20
0.86730
30
-12.73536
11
-5.37129
21
0.73655
31
-12.65575
12
-5.22810
22
0.75388
32
-12.61031
13
-5.21037
23
0.88859
33
-12.68637
0
3DFACE
8
C2
10
-5.37129
20
0.73655
30
-12.65575
11
-5.39200
21
0.62568
31
-12.55830
12
-5.24783
22
0.63511
32
-12.51995
13
-5.22810
23
0.75388
33
-12.61031
0
3DFACE
8
C2
10
-5.39200
20
0.62568
30
-12.55830
11
-5.41152
21
0.50526
31
-12.46942
12
-5.26729
22
0.51424
32
-12.43147
13
-5.24783
23
0.63511
33
-12.51995
0
3DFACE
8
C2
10
-5.41152
20
0.50526
30
-12.46942
11
-5.43330
21
0.40285
31
-12.36438
12
-5.28815
22
0.40448
32
-12.33303
13
-5.26729
23
0.51424
33
-12.43147
0
3DFACE
8
C2
10
-5.43330
20
0.40285
30
-12.36438
11
-5.45574
21
0.30583
31
-12.25450
12
-5.30993
22
0.30218
32
-12.22789
13
-5.28815
23
0.40448
33
-12.33303
0
3DFACE
8
C2
10
-5.45574
20
0.30583
30
-12.25450
11
-5.47744
21
0.20276
31
-12.15005
12
-5.33165
22
0.19934
32
-12.12324
13
-5.30993
23
0.30218
33
-12.22789
0
3DFACE
8
C2
10
-5.47744
20
0.20276
30
-12.15005
11
-5.50122
21
0.11640
31
-12.03060
12
-5.35524
22
0.11143
32
-12.00517
13
-5.33165
23
0.19934
33
-12.12324
0
3DFACE
8
C2
10
-5.50122
20
0.11640
30
-12.03060
11
-5.52743
21
0.04948
31
-11.89371
12
-5.38081
22
0.03935
32
-11.87292
13
-5.35524
23
0.11143
33
-12.00517
0
3DFACE
8
C2
10
-5.52743
20
0.04948
30
-11.89371
11
-5.55115
21
-0.03733
31
-11.77466
12
-5.40437
22
-0.04878
32
-11.75505
13
-5.38081
23
0.03935
33
-11.87292
0
3DFACE
8
C2
10
-5.55115
20
-0.03733
30
-11.77466
11
-5.57431
21
-0.12864
31
-11.65966
12
-5.42732
22
-0.14173
32
-11.64153
13
-5.40437
23
-0.04878
33
-11.75505
0
3DFACE
8
C2
10
-5.57431
20
-0.12864
30
-11.65966
11
-5.59590
21
-0.23258
31
-11.55599
12
-5.44899
22
-0.24502
32
-11.53727
13
-5.42732
23
-0.14173
33
-11.64153
0
3DFACE
8
C2
10
-5.59590
20
-0.23258
30
-11.55599
11
-5.61881
21
-0.32587
31
-11.44276
12
-5.47167
22
-0.34017
32
-11.42571
13
-5.44899
23
-0.24502
33
-11.53727
0
3DFACE
8
C2
10
-5.61881
20
-0.32587
30
-11.44276
11
-5.64347
21
-0.40521
31
-11.31701
12
-5.49579
22
-0.42379
32
-11.30381
13
-5.47167
23
-0.34017
33
-11.42571
0
3DFACE
8
C2
10
-5.64347
20
-0.40521
30
-11.31701
11
-5.66707
21
-0.49300
31
-11.19885
12
-5.51941
22
-0.51148
32
-11.18555
13
-5.49579
23
-0.42379
33
-11.30381
0
3DFACE
8
C2
10
-5.66707
20
-0.49300
30
-11.19885
11
-5.69098
21
-0.57838
31
-11.07852
12
-5.54349
22
-0.59543
32
-11.06394
13
-5.51941
23
-0.51148
33
-11.18555
0
3DFACE
8
C2
10
-5.69098
20
-0.57838
30
-11.07852
11
-5.71470
21
-0.66519
31
-10.95947
12
-5.56772
22
-0.67817
32
-10.94124
13
-5.54349
23
-0.59543
33
-11.06394
0
3DFACE
8
C2
10
-5.71470
20
-0.66519
30
-10.95947
11
-5.73921
21
-0.74573
31
-10.83481
12
-5.59255
22
-0.75619
32
-10.81431
13
-5.56772
23
-0.67817
33
-10.94124
0
3DFACE
8
C2
10
-5.73921
20
-0.74573
30
-10.83481
11
-5.76519
21
-0.81452
31
-10.69959
12
-5.61847
22
-0.82542
32
-10.67948
13
-5.59255
23
-0.75619
33
-10.81431
0
3DFACE
8
C2
10
-5.76519
20
-0.81452
30
-10.69959
11
-5.78993
21
-0.89319
31
-10.57324
12
-5.64338
22
-0.90277
32
-10.55196
13
-5.61847
23
-0.82542
33
-10.67948
0
3DFACE
8
C2
10
-5.78993
20
-0.89319
30
-10.57324
11
-5.81437
21
-0.97429
31
-10.44907
12
-5.66786
22
-0.98354
32
-10.42749
13
-5.64338
23
-0.90277
33
-10.55196
0
3DFACE
8
C2
10
-5.81437
20
-0.97429
30
-10.44907
11
-5.83727
21
-1.06769
31
-10.33594
12
-5.69065
22
-1.07781
32
-10.31514
13
-5.66786
23
-0.98354
33
-10.42749
0
3DFACE
8
C2
10
-5.83727
20
-1.06769
30
-10.33594
11
-5.86095
21
-1.15482
31
-10.21719
12
-5.71411
22
-1.16671
32
-10.19797
13
-5.69065
23
-1.07781
33
-10.31514
0
3DFACE
8
C2
10
-5.86095
20
-1.15482
30
-10.21719
11
-5.88489
21
-1.23998
31
-10.09666
12
-5.73750
22
-1.25626
32
-10.08139
13
-5.71411
23
-1.16671
33
-10.19797
0
3DFACE
8
C2
10
-5.88489
20
-1.23998
30
-10.09666
11
-5.90798
21
-1.33184
31
-9.98215
12
-5.76036
22
-1.34999
32
-9.96855
13
-5.73750
23
-1.25626
33
-10.08139
0
3DFACE
8
C2
10
-5.90798
20
-1.33184
30
-9.98215
11
-5.93058
21
-1.42765
31
-9.87119
12
-5.78286
22
-1.44657
32
-9.85828
13
-5.76036
23
-1.34999
33
-9.96855
0
3DFACE
8
C2
10
-5.93058
20
-1.42765
30
-9.87119
11
-5.95176
21
-1.53478
31
-9.77038
12
-5.80430
22
-1.55161
32
-9.75560
13
-5.78286
23
-1.44657
33
-9.85828
0
3DFACE
8
C2
10
-5.95176
20
-1.53478
30
-9.77038
11
-5.97391
21
-1.63422
31
-9.66267
12
-5.82646
22
-1.65094
32
-9.64779
13
-5.80430
23
-1.55161
33
-9.75560
0
3DFACE
8
C2
10
-5.97391
20
-1.63422
30
-9.66267
11
-5.99740
21
-1.72290
31
-9.54530
12
-5.84994
22
-1.73973
32
-9.53052
13
-5.82646
23
-1.65094
33
-9.64779
0
3DFACE
8
C2
10
-5.99740
20
-1.72290
30
-9.54530
11
-6.01969
21
-1.82113
31
-9.43651
12
-5.87229
22
-1.83752
32
-9.42133
13
-5.84994
23
-1.73973
33
-9.53052
0
3DFACE
8
C2
10
-6.01969
20
-1.82113
30
-9.43651
11
-6.04192
21
-1.91991
31
-9.32821
12
-5.89465
22
-1.93520
32
-9.31205
13
-5.87229
23
-1.83752
33
-9.42133
0
3DFACE
8
C2
10
-6.04192
20
-1.91991
30
-9.32821
11
-6.06291
21
-2.02858
31
-9.22878
12
-5.91613
22
-2.04002
32
-9.20917
13
-5.89465
23
-1.93520
33
-9.31205
0
3DFACE
8
C2
10
-6.06291
20
-2.02858
30
-9.22878
11
-6.08616
21
-2.11923
31
-9.11319
12
-5.93948
22
-2.12980
32
-9.09279
13
-5.91613
23
-2.04002
33
-9.20917
0
3DFACE
8
C2
10
-6.08616
20
-2.11923
30
-9.11319
11
-6.11132
21
-2.19450
31
-8.98379
12
-5.96451
22
-2.20616
32
-8.96437
13
-5.93948
23
-2.12980
33
-9.09279
0
3DFACE
8
C2
10
-6.11132
20
-2.19450
30
-8.98379
11
-6.13618
21
-2.27230
31
-8.85665
12
-5.98961
22
-2.28198
32
-8.83546
13
-5.96451
23
-2.20616
33
-8.96437
0
3DFACE
8
C2
10
-6.13618
20
-2.27230
30
-8.85665
11
-6.16143
21
-2.34691
31
-8.72666
12
-6.01526
22
-2.35341
32
-8.70261
13
-5.98961
23
-2.28198
33
-8.83546
0
3DFACE
8
C2
10
-6.16143
20
-2.34691
30
-8.72666
11
-6.18749
21
-2.41504
31
-8.59085
12
-6.04155
22
-2.41967
32
-8.56513
13
-6.01526
23
-2.35341
33
-8.70261
0
3DFACE
8
C2
10
-6.18749
20
-2.41504
30
-8.59085
11
-6.21265
21
-2.49031
31
-8.46145
12
-6.06700
22
-2.49275
32
-8.43376
13
-6.04155
23
-2.41967
33
-8.56513
0
3DFACE
8
C2
10
-6.21265
20
-2.49031
30
-8.46145
11
-6.23866
21
-2.55888
31
-8.32604
12
-6.09274
22
-2.56340
32
-8.30021
13
-6.06700
23
-2.49275
33
-8.43376
0
3DFACE
8
C2
10
-6.23866
20
-2.55888
30
-8.32604
11
-6.26258
21
-2.64415
31
-8.20561
12
-6.11674
22
-2.64801
32
-8.17919
13
-6.09274
23
-2.56340
33
-8.30021
0
3DFACE
8
C2
10
-6.26258
20
-2.64415
30
-8.20561
11
-6.28617
21
-2.73205
31
-8.08755
12
-6.14054
22
-2.73427
32
-8.05965
13
-6.11674
23
-2.64801
33
-8.17919
0
3DFACE
8
C2
10
-6.28617
20
-2.73205
30
-8.08755
11
-6.30960
21
-2.82116
31
-7.97057
12
-6.16416
22
-2.82184
32
-7.94130
13
-6.14054
23
-2.73427
33
-8.05965
0
3DFACE
8
C2
10
-6.30960
20
-2.82116
30
-7.97057
11
-6.33217
21
-2.91720
31
-7.85981
12
-6.18668
22
-2.91832
32
-7.83093
13
-6.16416
23
-2.82184
33
-7.94130
0
3DFACE
8
C2
10
-6.33217
20
-2.91720
30
-7.85981
11
-6.35354
21
-3.02290
31
-7.75772
12
-6.20790
22
-3.02512
32
-7.72982
13
-6.18668
23
-2.91832
33
-7.83093
0
3DFACE
8
C2
10
-6.35354
20
-3.02290
30
-7.75772
11
-6.37593
21
-3.12036
31
-7.64823
12
-6.23010
22
-3.12412
32
-7.62172
13
-6.20790
23
-3.02512
33
-7.72982
0
3DFACE
8
C2
10
-6.37593
20
-3.12036
30
-7.64823
11
-6.39941
21
-3.20914
31
-7.53096
12
-6.25384
22
-3.21081
32
-7.50258
13
-6.23010
23
-3.12412
33
-7.62172
0
3DFACE
8
C2
10
-6.39941
20
-3.20914
30
-7.53096
11
-6.42385
21
-3.29024
31
-7.40679
12
-6.27876
22
-3.28806
32
-7.37495
13
-6.25384
23
-3.21081
33
-7.50258
0
3DFACE
8
C2
10
-6.42385
20
-3.29024
30
-7.40679
11
-6.44712
21
-3.38067
31
-7.29099
12
-6.30213
22
-3.37772
32
-7.25847
13
-6.27876
23
-3.28806
33
-7.37495
0
3DFACE
8
C2
10
-6.44712
20
-3.38067
30
-7.29099
11
-6.46902
21
-3.48209
31
-7.18506
12
-6.32381
22
-3.48090
32
-7.15411
13
-6.30213
23
-3.37772
33
-7.25847
0
3DFACE
8
C2
10
-6.46902
20
-3.48209
30
-7.18506
11
-6.49029
21
-3.58845
31
-7.08356
12
-6.34491
22
-3.58869
32
-7.05390
13
-6.32381
23
-3.48090
33
-7.15411
0
3DFACE
8
C2
10
-6.49029
20
-3.58845
30
-7.08356
11
-6.51129
21
-3.69711
31
-6.98414
12
-6.36582
22
-3.69802
32
-6.95506
13
-6.34491
23
-3.58869
33
-7.05390
0
3DFACE
8
C2
10
-6.51129
20
-3.69711
30
-6.98414
11
-6.53071
21
-3.81831
31
-6.89595
12
-6.38526
22
-3.81910
32
-6.86678
13
-6.36582
23
-3.69802
33
-6.95506
0
3DFACE
8
C2
10
-6.53071
20
-3.81831
30
-6.89595
11
-6.54948
21
-3.94477
31
-6.81250
12
-6.40373
22
-3.94787
32
-6.78540
13
-6.38526
23
-3.81910
33
-6.86678
0
3DFACE
8
C2
10
-6.54948
20
-3.94477
30
-6.81250
11
-6.56733
21
-4.07849
31
-6.73556
12
-6.42108
22
-4.08565
32
-6.71210
13
-6.40373
23
-3.94787
33
-6.78540
0
3DFACE
8
C2
10
-6.56733
20
-4.07849
30
-6.73556
11
-6.58600
21
-4.20572
31
-6.65279
12
-6.43942
22
-4.21552
32
-6.63170
13
-6.42108
23
-4.08565
33
-6.71210
0
3DFACE
8
C2
10
-4.84551
20
2.39536
30
-14.48533
11
-4.86773
21
2.29658
31
-14.37703
12
-4.72655
22
2.32995
32
-14.31719
13
-4.70397
23
2.42588
33
-14.42805
0
3DFACE
8
C2
10
-4.86773
20
2.29658
30
-14.37703
11
-4.89157
21
2.21065
31
-14.25719
12
-4.75058
22
2.24557
32
-14.19597
13
-4.72655
23
2.32995
33
-14.31719
0
3DFACE
8
C2
10
-4.89157
20
2.21065
30
-14.25719
11
-4.91418
21
2.11495
31
-14.14613
12
-4.77352
22
2.15250
32
-14.08254
13
-4.75058
23
2.24557
33
-14.19597
0
3DFACE
8
C2
10
-4.91418
20
2.11495
30
-14.14613
11
-4.93598
21
2.01276
31
-14.04089
12
-4.79574
22
2.05361
32
-13.97434
13
-4.77352
23
2.15250
33
-14.08254
0
3DFACE
8
C2
10
-4.93598
20
2.01276
30
-14.04089
11
-4.95891
21
1.91958
31
-13.92756
12
-4.81876
22
1.96120
32
-13.86032
13
-4.79574
23
2.05361
33
-13.97434
0
3DFACE
8
C2
10
-4.95891
20
1.91958
30
-13.92756
11
-4.98334
21
1.83838
31
-13.80348
12
-4.84305
22
1.87890
32
-13.73723
13
-4.81876
23
1.96120
33
-13.86032
0
3DFACE
8
C2
10
-4.98334
20
1.83838
30
-13.80348
11
-5.00915
21
1.76827
31
-13.66945
12
-4.86849
22
1.80582
32
-13.60586
13
-4.84305
23
1.87890
33
-13.73723
0
3DFACE
8
C2
10
-5.00915
20
1.76827
30
-13.66945
11
-5.03281
21
1.68092
31
-13.55089
12
-4.89205
22
1.71770
32
-13.48800
13
-4.86849
23
1.80582
33
-13.60586
0
3DFACE
8
C2
10
-5.03281
20
1.68092
30
-13.55089
11
-5.05486
21
1.58071
31
-13.44387
12
-4.91416
22
1.61793
32
-13.38058
13
-4.89205
23
1.71770
33
-13.48800
0
3DFACE
8
C2
10
-5.05486
20
1.58071
30
-13.44387
11
-5.07814
21
1.49039
31
-13.32798
12
-4.93732
22
1.52662
32
-13.26558
13
-4.91416
23
1.61793
33
-13.38058
0
3DFACE
8
C2
10
-5.07814
20
1.49039
30
-13.32798
11
-5.10231
21
1.40710
31
-13.20578
12
-4.96113
22
1.44047
32
-13.14594
13
-4.93732
23
1.52662
33
-13.26558
0
3DFACE
8
C2
10
-5.10231
20
1.40710
30
-13.20578
11
-5.12717
21
1.32941
31
-13.07855
12
-4.98518
22
1.35630
32
-13.02453
13
-4.96113
23
1.44047
33
-13.14594
0
3DFACE
8
C2
10
-5.12717
20
1.32941
30
-13.07855
11
-5.15011
21
1.23634
31
-12.96512
12
-5.00774
22
1.26016
32
-12.91386
13
-4.98518
23
1.35630
33
-13.02453
0
3DFACE
8
C2
10
-5.15011
20
1.23634
30
-12.96512
11
-5.17047
21
1.12262
31
-12.87023
12
-5.02795
22
1.14523
32
-12.82005
13
-5.00774
23
1.26016
33
-12.91386
0
3DFACE
8
C2
10
-5.17047
20
1.12262
30
-12.87023
11
-5.19080
21
1.00868
31
-12.77554
12
-5.04798
22
1.02887
32
-12.72753
13
-5.02795
23
1.14523
33
-12.82005
0
3DFACE
8
C2
10
-5.19080
20
1.00868
30
-12.77554
11
-5.21037
21
0.88859
31
-12.68637
12
-5.06719
22
0.90603
32
-12.64082
13
-5.04798
23
1.02887
33
-12.72753
0
3DFACE
8
C2
10
-5.21037
20
0.88859
30
-12.68637
11
-5.22810
21
0.75388
31
-12.61031
12
-5.08472
22
0.76968
32
-12.56624
13
-5.06719
23
0.90603
33
-12.64082
0
3DFACE
8
C2
10
-5.22810
20
0.75388
30
-12.61031
11
-5.24783
21
0.63511
31
-12.51995
12
-5.10406
22
0.64783
32
-12.47865
13
-5.08472
23
0.76968
33
-12.56624
0
3DFACE
8
C2
10
-5.24783
20
0.63511
30
-12.51995
11
-5.26729
21
0.51424
31
-12.43147
12
-5.12354
22
0.52708
32
-12.39007
13
-5.10406
23
0.64783
33
-12.47865
0
3DFACE
8
C2
10
-5.26729
20
0.51424
30
-12.43147
11
-5.28815
21
0.40448
31
-12.33303
12
-5.14410
22
0.41489
32
-12.29380
13
-5.12354
23
0.52708
33
-12.39007
0
3DFACE
8
C2
10
-5.28815
20
0.40448
30
-12.33303
11
-5.30993
21
0.30218
31
-12.22789
12
-5.16557
22
0.31007
32
-12.19092
13
-5.14410
23
0.41489
33
-12.29380
0
3DFACE
8
C2
10
-5.30993
20
0.30218
30
-12.22789
11
-5.33165
21
0.19934
31
-12.12324
12
-5.18713
22
0.20602
32
-12.08736
13
-5.16557
23
0.31007
33
-12.19092
0
3DFACE
8
C2
10
-5.33165
20
0.19934
30
-12.12324
11
-5.35524
21
0.11143
31
-12.00517
12
-5.21037
22
0.11526
32
-11.97186
13
-5.18713
23
0.20602
33
-12.08736
0
3DFACE
8
C2
10
-5.35524
20
0.11143
30
-12.00517
11
-5.38081
21
0.03935
31
-11.87292
12
-5.23541
22
0.03900
32
-11.84335
13
-5.21037
23
0.11526
33
-11.97186
0
3DFACE
8
C2
10
-5.38081
20
0.03935
30
-11.87292
11
-5.40437
21
-0.04878
31
-11.75505
12
-5.25872
22
-0.05111
32
-11.72726
13
-5.23541
23
0.03900
33
-11.84335
0
3DFACE
8
C2
10
-5.40437
20
-0.04878
30
-11.75505
11
-5.42732
21
-0.14173
31
-11.64153
12
-5.28150
22
-0.14549
32
-11.61501
13
-5.25872
23
-0.05111
33
-11.72726
0
3DFACE
8
C2
10
-5.42732
20
-0.14173
30
-11.64153
11
-5.44899
21
-0.24502
31
-11.53727
12
-5.30312
22
-0.24911
32
-11.51105
13
-5.28150
23
-0.14549
33
-11.61501
0
3DFACE
8
C2
10
-5.44899
20
-0.24502
30
-11.53727
11
-5.47167
21
-0.34017
31
-11.42571
12
-5.32560
22
-0.34591
32
-11.40098
13
-5.30312
23
-0.24911
33
-11.51105
0
3DFACE
8
C2
10
-5.47167
20
-0.34017
30
-11.42571
11
-5.49579
21
-0.42379
31
-11.30381
12
-5.34936
22
-0.43239
32
-11.28163
13
-5.32560
23
-0.34591
33
-11.40098
0
3DFACE
8
C2
10
-5.49579
20
-0.42379
30
-11.30381
11
-5.51941
21
-0.51148
31
-11.18555
12
-5.37287
22
-0.52095
32
-11.16416
13
-5.34936
23
-0.43239
33
-11.28163
0
3DFACE
8
C2
10
-5.51941
20
-0.51148
30
-11.18555
11
-5.54349
21
-0.59543
31
-11.06394
12
-5.39703
22
-0.60424
32
-11.04196
13
-5.37287
23
-0.52095
33
-11.16416
0
3DFACE
8
C2
10
-5.54349
20
-0.59543
30
-11.06394
11
-5.56772
21
-0.67817
31
-10.94124
12
-5.42153
22
-0.68489
32
-10.91739
13
-5.39703
23
-0.60424
33
-11.04196
0
3DFACE
8
C2
10
-5.56772
20
-0.67817
30
-10.94124
11
-5.59255
21
-0.75619
31
-10.81431
12
-5.44644
22
-0.76225
32
-10.78986
13
-5.42153
23
-0.68489
33
-10.91739
0
3DFACE
8
C2
10
-5.59255
20
-0.75619
30
-10.81431
11
-5.61847
21
-0.82542
31
-10.67948
12
-5.47224
22
-0.83247
32
-10.65593
13
-5.44644
23
-0.76225
33
-10.78986
0
3DFACE
8
C2
10
-5.61847
20
-0.82542
30
-10.67948
11
-5.64338
21
-0.90277
31
-10.55196
12
-5.49710
22
-0.91016
32
-10.52870
13
-5.47224
23
-0.83247
33
-10.65593
0
3DFACE
8
C2
10
-5.64338
20
-0.90277
30
-10.55196
11
-5.66786
21
-0.98354
31
-10.42749
12
-5.52144
22
-0.99202
32
-10.40521
13
-5.49710
23
-0.91016
33
-10.52870
0
3DFACE
8
C2
10
-5.66786
20
-0.98354
30
-10.42749
11
-5.69065
21
-1.07781
31
-10.31514
12
-5.54406
22
-1.08772
32
-10.29415
13
-5.52144
23
-0.99202
33
-10.40521
0
3DFACE
8
C2
10
-5.69065
20
-1.07781
30
-10.31514
11
-5.71411
21
-1.16671
31
-10.19797
12
-5.56715
22
-1.17958
32
-10.17964
13
-5.54406
23
-1.08772
33
-10.29415
0
3DFACE
8
C2
10
-5.71411
20
-1.16671
30
-10.19797
11
-5.73750
21
-1.25626
31
-10.08139
12
-5.59006
22
-1.27287
32
-10.06641
13
-5.56715
23
-1.17958
33
-10.17964
0
3DFACE
8
C2
10
-5.73750
20
-1.25626
30
-10.08139
11
-5.76036
21
-1.34999
31
-9.96855
12
-5.61269
22
-1.36847
32
-9.95525
13
-5.59006
23
-1.27287
33
-10.06641
0
3DFACE
8
C2
10
-5.76036
20
-1.34999
30
-9.96855
11
-5.78286
21
-1.44657
31
-9.85828
12
-5.63511
22
-1.46571
32
-9.84557
13
-5.61269
23
-1.36847
33
-9.95525
0
3DFACE
8
C2
10
-5.78286
20
-1.44657
30
-9.85828
11
-5.80430
21
-1.55161
31
-9.75560
12
-5.65675
22
-1.56921
32
-9.74151
13
-5.63511
23
-1.46571
33
-9.84557
0
3DFACE
8
C2
10
-5.80430
20
-1.55161
30
-9.75560
11
-5.82646
21
-1.65094
31
-9.64779
12
-5.67902
22
-1.66766
32
-9.63292
13
-5.65675
23
-1.56921
33
-9.74151
0
3DFACE
8
C2
10
-5.82646
20
-1.65094
30
-9.64779
11
-5.84994
21
-1.73973
31
-9.53052
12
-5.70262
22
-1.75546
32
-9.51476
13
-5.67902
23
-1.66766
33
-9.63292
0
3DFACE
8
C2
10
-5.84994
20
-1.73973
30
-9.53052
11
-5.87229
21
-1.83752
31
-9.42133
12
-5.72524
22
-1.85105
32
-9.40360
13
-5.70262
23
-1.75546
33
-9.51476
0
3DFACE
8
C2
10
-5.87229
20
-1.83752
30
-9.42133
11
-5.89465
21
-1.93520
31
-9.31205
12
-5.74795
22
-1.94599
32
-9.29185
13
-5.72524
23
-1.85105
33
-9.40360
0
3DFACE
8
C2
10
-5.89465
20
-1.93520
30
-9.31205
11
-5.91613
21
-2.04002
31
-9.20917
12
-5.76996
22
-2.04653
32
-9.18512
13
-5.74795
23
-1.94599
33
-9.29185
0
3DFACE
8
C2
10
-5.91613
20
-2.04002
30
-9.20917
11
-5.93948
21
-2.12980
31
-9.09279
12
-5.79357
22
-2.13421
32
-9.06686
13
-5.76996
23
-2.04653
33
-9.18512
0
3DFACE
8
C2
10
-5.93948
20
-2.12980
30
-9.09279
11
-5.96451
21
-2.20616
31
-8.96437
12
-5.81858
22
-2.21080
32
-8.93865
13
-5.79357
23
-2.13421
33
-9.06686
0
3DFACE
8
C2
10
-5.96451
20
-2.20616
30
-8.96437
11
-5.98961
21
-2.28198
31
-8.83546
12
-5.84376
22
-2.28596
32
-8.80915
13
-5.81858
23
-2.21080
33
-8.93865
0
3DFACE
8
C2
10
-5.98961
20
-2.28198
30
-8.83546
11
-6.01526
21
-2.35341
31
-8.70261
12
-5.86952
22
-2.35651
32
-8.67551
13
-5.84376
23
-2.28596
33
-8.80915
0
3DFACE
8
C2
10
-6.01526
20
-2.35341
30
-8.70261
11
-6.04155
21
-2.41967
31
-8.56513
12
-5.89588
22
-2.42222
32
-8.53753
13
-5.86952
23
-2.35651
33
-8.67551
0
3DFACE
8
C2
10
-6.04155
20
-2.41967
30
-8.56513
11
-6.06700
21
-2.49275
31
-8.43376
12
-5.92124
22
-2.49595
32
-8.40675
13
-5.89588
23
-2.42222
33
-8.53753
0
3DFACE
8
C2
10
-6.06700
20
-2.49275
30
-8.43376
11
-6.09274
21
-2.56340
31
-8.30021
12
-5.94656
22
-2.57002
32
-8.27626
13
-5.92124
23
-2.49595
33
-8.40675
0
3DFACE
8
C2
10
-6.09274
20
-2.56340
30
-8.30021
11
-6.11674
21
-2.64801
31
-8.17919
12
-5.97035
22
-2.65627
32
-8.15672
13
-5.94656
23
-2.57002
33
-8.27626
0
3DFACE
8
C2
10
-6.11674
20
-2.64801
30
-8.17919
11
-6.14054
21
-2.73427
31
-8.05965
12
-5.99413
22
-2.74264
32
-8.03728
13
-5.97035
23
-2.65627
33
-8.15672
0
3DFACE
8
C2
10
-6.14054
20
-2.73427
30
-8.05965
11
-6.16416
21
-2.82184
31
-7.94130
12
-6.01797
22
-2.82857
32
-7.91745
13
-5.99413
23
-2.74264
33
-8.03728
0
3DFACE
8
C2
10
-6.16416
20
-2.82184
30
-7.94130
11
-6.18668
21
-2.91832
31
-7.83093
12
-6.04039
22
-2.92581
32
-7.80777
13
-6.01797
23
-2.82857
33
-7.91745
0
3DFACE
8
C2
10
-6.18668
20
-2.91832
30
-7.83093
11
-6.20790
21
-3.02512
31
-7.72982
12
-6.06134
22
-3.03481
32
-7.70864
13
-6.04039
23
-2.92581
33
-7.80777
0
3DFACE
8
C2
10
-6.20790
20
-3.02512
30
-7.72982
11
-6.23010
21
-3.12412
31
-7.62172
12
-6.08329
22
-3.13578
32
-7.60231
13
-6.06134
23
-3.03481
33
-7.70864
0
3DFACE
8
C2
10
-6.23010
20
-3.12412
30
-7.62172
11
-6.25384
21
-3.21081
31
-7.50258
12
-6.10704
22
-3.22237
32
-7.48306
13
-6.08329
23
-3.13578
33
-7.60231
0
3DFACE
8
C2
10
-6.25384
20
-3.21081
30
-7.50258
11
-6.27876
21
-3.28806
31
-7.37495
12
-6.13205
22
-3.29896
32
-7.35485
13
-6.10704
23
-3.22237
33
-7.48306
0
3DFACE
8
C2
10
-6.27876
20
-3.28806
30
-7.37495
11
-6.30213
21
-3.37772
31
-7.25847
12
-6.15536
22
-3.38906
32
-7.23876
13
-6.13205
23
-3.29896
33
-7.35485
0
3DFACE
8
C2
10
-6.30213
20
-3.37772
30
-7.25847
11
-6.32381
21
-3.48090
31
-7.15411
12
-6.17672
22
-3.49476
32
-7.13667
13
-6.15536
23
-3.38906
33
-7.23876
0
3DFACE
8
C2
10
-6.32381
20
-3.48090
30
-7.15411
11
-6.34491
21
-3.58869
31
-7.05390
12
-6.19775
22
-3.60310
32
-7.03695
13
-6.17672
23
-3.49476
33
-7.13667
0
3DFACE
8
C2
10
-6.34491
20
-3.58869
30
-7.05390
11
-6.36582
21
-3.69802
31
-6.95506
12
-6.21883
22
-3.71111
32
-6.93693
13
-6.19775
23
-3.60310
33
-7.03695
0
3DFACE
8
C2
10
-6.36582
20
-3.69802
30
-6.95506
11
-6.38526
21
-3.81910
31
-6.86678
12
-6.23839
22
-3.83120
32
-6.84776
13
-6.21883
23
-3.71111
33
-6.93693
0
3DFACE
8
C2
10
-6.38526
20
-3.81910
30
-6.86678
11
-6.40373
21
-3.94787
31
-6.78540
12
-6.25683
22
-3.96030
32
-6.76667
13
-6.23839
23
-3.83120
33
-6.84776
0
3DFACE
8
C2
10
-6.40373
20
-3.94787
30
-6.78540
11
-6.42108
21
-4.08565
31
-6.71210
12
-6.27404
22
-4.09918
32
-6.69436
13
-6.25683
23
-3.96030
33
-6.76667
0
3DFACE
8
C2
10
-6.42108
20
-4.08565
30
-6.71210
11
-6.43942
21
-4.21552
31
-6.63170
12
-6.29225
22
-4.23004
32
-6.61485
13
-6.27404
23
-4.09918
33
-6.69436
0
3DFACE
8
C2
10
-4.70397
20
2.42588
30
-14.42805
11
-4.72655
21
2.32995
31
-14.31719
12
-4.58579
22
2.36663
32
-14.25439
13
-4.56278
23
2.45914
33
-14.36831
0
3DFACE
8
C2
10
-4.72655
20
2.32995
30
-14.31719
11
-4.75058
21
2.24557
31
-14.19597
12
-4.60991
22
2.28301
32
-14.13248
13
-4.58579
23
2.36663
33
-14.25439
0
3DFACE
8
C2
10
-4.75058
20
2.24557
30
-14.19597
11
-4.77352
21
2.15250
31
-14.08254
12
-4.63324
22
2.19301
32
-14.01629
13
-4.60991
23
2.28301
33
-14.13248
0
3DFACE
8
C2
10
-4.77352
20
2.15250
30
-14.08254
11
-4.79574
21
2.05361
31
-13.97434
12
-4.65603
22
2.09874
32
-13.90395
13
-4.63324
23
2.19301
33
-14.01629
0
3DFACE
8
C2
10
-4.79574
20
2.05361
30
-13.97434
11
-4.81876
21
1.96120
31
-13.86032
12
-4.67918
22
2.00732
32
-13.78904
13
-4.65603
23
2.09874
33
-13.90395
0
3DFACE
8
C2
10
-4.81876
20
1.96120
30
-13.86032
11
-4.84305
21
1.87890
31
-13.73723
12
-4.70312
22
1.92227
32
-13.66842
13
-4.67918
23
2.00732
33
-13.78904
0
3DFACE
8
C2
10
-4.84305
20
1.87890
30
-13.73723
11
-4.86849
21
1.80582
31
-13.60586
12
-4.72793
22
1.84414
32
-13.54158
13
-4.70312
23
1.92227
33
-13.66842
0
3DFACE
8
C2
10
-4.86849
20
1.80582
30
-13.60586
11
-4.89205
21
1.71770
31
-13.48800
12
-4.75115
22
1.75327
32
-13.42618
13
-4.72793
23
1.84414
33
-13.54158
0
3DFACE
8
C2
10
-4.89205
20
1.71770
30
-13.48800
11
-4.91416
21
1.61793
31
-13.38058
12
-4.77324
22
1.65339
32
-13.31887
13
-4.75115
23
1.75327
33
-13.42618
0
3DFACE
8
C2
10
-4.91416
20
1.61793
30
-13.38058
11
-4.93732
21
1.52662
31
-13.26558
12
-4.79602
22
1.55901
32
-13.20663
13
-4.77324
23
1.65339
33
-13.31887
0
3DFACE
8
C2
10
-4.93732
20
1.52662
30
-13.26558
11
-4.96113
21
1.44047
31
-13.14594
12
-4.81920
22
1.46792
32
-13.09142
13
-4.79602
23
1.55901
33
-13.20663
0
3DFACE
8
C2
10
-4.96113
20
1.44047
30
-13.14594
11
-4.98518
21
1.35630
31
-13.02453
12
-4.84238
22
1.37672
32
-12.97632
13
-4.81920
23
1.46792
33
-13.09142
0
3DFACE
8
C2
10
-4.98518
20
1.35630
30
-13.02453
11
-5.00774
21
1.26016
31
-12.91386
12
-4.86455
22
1.27750
32
-12.86842
13
-4.84238
23
1.37672
33
-12.97632
0
3DFACE
8
C2
10
-5.00774
20
1.26016
30
-12.91386
11
-5.02795
21
1.14523
31
-12.82005
12
-4.88477
22
1.16268
32
-12.77451
13
-4.86455
23
1.27750
33
-12.86842
0
3DFACE
8
C2
10
-5.02795
20
1.14523
30
-12.82005
11
-5.04798
21
1.02887
31
-12.72753
12
-4.90479
22
1.04621
32
-12.68209
13
-4.88477
23
1.16268
33
-12.77451
0
3DFACE
8
C2
10
-5.04798
20
1.02887
30
-12.72753
11
-5.06719
21
0.90603
31
-12.64082
12
-4.92408
22
0.92392
32
-12.59489
13
-4.90479
23
1.04621
33
-12.68209
0
3DFACE
8
C2
10
-5.06719
20
0.90603
30
-12.64082
11
-5.08472
21
0.76968
31
-12.56624
12
-4.94166
22
0.78800
32
-12.51991
13
-4.92408
23
0.92392
33
-12.59489
0
3DFACE
8
C2
10
-5.08472
20
0.76968
30
-12.56624
11
-5.10406
21
0.64783
31
-12.47865
12
-4.96104
22
0.66648
32
-12.43202
13
-4.94166
23
0.78800
33
-12.51991
0
3DFACE
8
C2
10
-5.10406
20
0.64783
30
-12.47865
11
-5.12354
21
0.52708
31
-12.39007
12
-4.98084
22
0.54826
32
-12.34118
13
-4.96104
23
0.66648
33
-12.43202
0
3DFACE
8
C2
10
-5.12354
20
0.52708
30
-12.39007
11
-5.14410
21
0.41489
31
-12.29380
12
-5.00142
22
0.43629
32
-12.24471
13
-4.98084
23
0.54826
33
-12.34118
0
3DFACE
8
C2
10
-5.14410
20
0.41489
30
-12.29380
11
-5.16557
21
0.31007
31
-12.19092
12
-5.02275
22
0.33037
32
-12.14282
13
-5.00142
23
0.43629
33
-12.24471
0
3DFACE
8
C2
10
-5.16557
20
0.31007
30
-12.19092
11
-5.18713
21
0.20602
31
-12.08736
12
-5.04399
22
0.22368
32
-12.04162
13
-5.02275
23
0.33037
33
-12.14282
0
3DFACE
8
C2
10
-5.18713
20
0.20602
30
-12.08736
11
-5.21037
21
0.11526
31
-11.97186
12
-5.06691
22
0.13039
32
-11.92839
13
-5.04399
23
0.22368
33
-12.04162
0
3DFACE
8
C2
10
-5.21037
20
0.11526
30
-11.97186
11
-5.23541
21
0.03900
31
-11.84335
12
-5.09166
22
0.05183
32
-11.80194
13
-5.06691
23
0.13039
33
-11.92839
0
3DFACE
8
C2
10
-5.23541
20
0.03900
30
-11.84335
11
-5.25872
21
-0.05111
31
-11.72726
12
-5.11474
22
-0.04014
32
-11.68753
13
-5.09166
23
0.05183
33
-11.80194
0
3DFACE
8
C2
10
-5.25872
20
-0.05111
30
-11.72726
11
-5.28150
21
-0.14549
31
-11.61501
12
-5.13726
22
-0.13662
32
-11.57716
13
-5.11474
23
-0.04014
33
-11.68753
0
3DFACE
8
C2
10
-5.28150
20
-0.14549
30
-11.61501
11
-5.30312
21
-0.24911
31
-11.51105
12
-5.15867
22
-0.24188
32
-11.47468
13
-5.13726
23
-0.13662
33
-11.57716
0
3DFACE
8
C2
10
-5.30312
20
-0.24911
30
-11.51105
11
-5.32560
21
-0.34591
31
-11.40098
12
-5.18091
22
-0.34055
32
-11.36628
13
-5.15867
23
-0.24188
33
-11.47468
0
3DFACE
8
C2
10
-5.32560
20
-0.34591
30
-11.40098
11
-5.34936
21
-0.43239
31
-11.28163
12
-5.20456
22
-0.42801
32
-11.24782
13
-5.18091
23
-0.34055
33
-11.36628
0
3DFACE
8
C2
10
-5.34936
20
-0.43239
30
-11.28163
11
-5.37287
21
-0.52095
31
-11.16416
12
-5.22793
22
-0.51768
32
-11.13134
13
-5.20456
23
-0.42801
33
-11.24782
0
3DFACE
8
C2
10
-5.37287
20
-0.52095
30
-11.16416
11
-5.39703
21
-0.60424
31
-11.04196
12
-5.25195
22
-0.60206
32
-11.01012
13
-5.22793
23
-0.51768
33
-11.13134
0
3DFACE
8
C2
10
-5.39703
20
-0.60424
30
-11.04196
11
-5.42153
21
-0.68489
31
-10.91739
12
-5.27635
22
-0.68349
32
-10.88624
13
-5.25195
23
-0.60206
33
-11.01012
0
3DFACE
8
C2
10
-5.42153
20
-0.68489
30
-10.91739
11
-5.44644
21
-0.76225
31
-10.78986
12
-5.30113
22
-0.76183
32
-10.75961
13
-5.27635
23
-0.68349
33
-10.88624
0
3DFACE
8
C2
10
-5.44644
20
-0.76225
30
-10.78986
11
-5.47224
21
-0.83247
31
-10.65593
12
-5.32673
22
-0.83370
32
-10.62715
13
-5.30113
23
-0.76183
33
-10.75961
0
3DFACE
8
C2
10
-5.47224
20
-0.83247
30
-10.65593
11
-5.49710
21
-0.91016
31
-10.52870
12
-5.35142
22
-0.91282
32
-10.50120
13
-5.32673
23
-0.83370
33
-10.62715
0
3DFACE
8
C2
10
-5.49710
20
-0.91016
30
-10.52870
11
-5.52144
21
-0.99202
31
-10.40521
12
-5.37554
22
-0.99644
32
-10.37929
13
-5.35142
23
-0.91282
33
-10.50120
0
3DFACE
8
C2
10
-5.52144
20
-0.99202
30
-10.40521
11
-5.54406
21
-1.08772
31
-10.29415
12
-5.39781
22
-1.09489
32
-10.27070
13
-5.37554
23
-0.99644
33
-10.37929
0
3DFACE
8
C2
10
-5.54406
20
-1.08772
30
-10.29415
11
-5.56715
21
-1.17958
31
-10.17964
12
-5.42050
22
-1.18993
32
-10.15904
13
-5.39781
23
-1.09489
33
-10.27070
0
3DFACE
8
C2
10
-5.56715
20
-1.17958
30
-10.17964
11
-5.59006
21
-1.27287
31
-10.06641
12
-5.44303
22
-1.28630
32
-10.04857
13
-5.42050
23
-1.18993
33
-10.15904
0
3DFACE
8
C2
10
-5.59006
20
-1.27287
30
-10.06641
11
-5.61269
21
-1.36847
31
-9.95525
12
-5.46540
22
-1.38398
32
-9.93929
13
-5.44303
23
-1.28630
33
-10.04857
0
3DFACE
8
C2
10
-5.61269
20
-1.36847
30
-9.95525
11
-5.63511
21
-1.46571
31
-9.84557
12
-5.48767
22
-1.48243
32
-9.83069
13
-5.46540
23
-1.38398
33
-9.93929
0
3DFACE
8
C2
10
-5.63511
20
-1.46571
30
-9.84557
11
-5.65675
21
-1.56921
31
-9.74151
12
-5.50945
22
-1.58472
32
-9.72555
13
-5.48767
23
-1.48243
33
-9.83069
0
3DFACE
8
C2
10
-5.65675
20
-1.56921
30
-9.74151
11
-5.67902
21
-1.66766
31
-9.63292
12
-5.53190
22
-1.68175
32
-9.61567
13
-5.50945
23
-1.58472
33
-9.72555
0
3DFACE
8
C2
10
-5.67902
20
-1.66766
30
-9.63292
11
-5.70262
21
-1.75546
31
-9.51476
12
-5.55580
22
-1.76713
32
-9.49534
13
-5.53190
23
-1.68175
33
-9.61567
0
3DFACE
8
C2
10
-5.70262
20
-1.75546
30
-9.51476
11
-5.72524
21
-1.85105
31
-9.40360
12
-5.57883
22
-1.85953
32
-9.38132
13
-5.55580
23
-1.76713
33
-9.49534
0
3DFACE
8
C2
10
-5.72524
20
-1.85105
30
-9.40360
11
-5.74795
21
-1.94599
31
-9.29185
12
-5.60195
22
-1.95117
32
-9.26661
13
-5.57883
23
-1.85953
33
-9.38132
0
3DFACE
8
C2
10
-5.74795
20
-1.94599
30
-9.29185
11
-5.76996
21
-2.04653
31
-9.18512
12
-5.62442
22
-2.04798
32
-9.15654
13
-5.60195
23
-1.95117
33
-9.26661
0
3DFACE
8
C2
10
-5.76996
20
-2.04653
30
-9.18512
11
-5.79357
21
-2.13421
31
-9.06686
12
-5.64833
22
-2.13335
32
-9.03621
13
-5.62442
23
-2.04798
33
-9.15654
0
3DFACE
8
C2
10
-5.79357
20
-2.13421
30
-9.06686
11
-5.81858
21
-2.21080
31
-8.93865
12
-5.67326
22
-2.21049
32
-8.90849
13
-5.64833
23
-2.13335
33
-9.03621
0
3DFACE
8
C2
10
-5.81858
20
-2.21080
30
-8.93865
11
-5.84376
21
-2.28596
31
-8.80915
12
-5.69839
22
-2.28609
32
-8.77938
13
-5.67326
23
-2.21049
33
-8.90849
0
3DFACE
8
C2
10
-5.84376
20
-2.28596
30
-8.80915
11
-5.86952
21
-2.35651
31
-8.67551
12
-5.72401
22
-2.35774
32
-8.64673
13
-5.69839
23
-2.28609
33
-8.77938
0
3DFACE
8
C2
10
-5.86952
20
-2.35651
30
-8.67551
11
-5.89588
21
-2.42222
31
-8.53753
12
-5.75028
22
-2.42422
32
-8.50944
13
-5.72401
23
-2.35774
33
-8.64673
0
3DFACE
8
C2
10
-5.89588
20
-2.42222
30
-8.53753
11
-5.92124
21
-2.49595
31
-8.40675
12
-5.77536
22
-2.50015
32
-8.38063
13
-5.75028
23
-2.42422
33
-8.50944
0
3DFACE
8
C2
10
-5.92124
20
-2.49595
30
-8.40675
11
-5.94656
21
-2.57002
31
-8.27626
12
-5.80022
22
-2.57795
32
-8.25350
13
-5.77536
23
-2.50015
33
-8.38063
0
3DFACE
8
C2
10
-5.94656
20
-2.57002
30
-8.27626
11
-5.97035
21
-2.65627
31
-8.15672
12
-5.82369
22
-2.66673
32
-8.13623
13
-5.80022
23
-2.57795
33
-8.25350
0
3DFACE
8
C2
10
-5.97035
20
-2.65627
30
-8.15672
11
-5.99413
21
-2.74264
31
-8.03728
12
-5.84731
22
-2.75442
32
-8.01797
13
-5.82369
23
-2.66673
33
-8.13623
0
3DFACE
8
C2
10
-5.99413
20
-2.74264
30
-8.03728
11
-6.01797
21
-2.82857
31
-7.91745
12
-5.87136
22
-2.83859
32
-7.89655
13
-5.84731
23
-2.75442
33
-8.01797
0
3DFACE
8
C2
10
-6.01797
20
-2.82857
30
-7.91745
11
-6.04039
21
-2.92581
31
-7.80777
12
-5.89359
22
-2.93737
32
-7.78825
13
-5.87136
23
-2.83859
33
-7.89655
0
3DFACE
8
C2
10
-6.04039
20
-2.92581
30
-7.80777
11
-6.06134
21
-3.03481
31
-7.70864
12
-5.91410
22
-3.04988
32
-7.69228
13
-5.89359
23
-2.93737
33
-7.78825
0
3DFACE
8
C2
10
-6.06134
20
-3.03481
30
-7.70864
11
-6.08329
21
-3.13578
31
-7.60231
12
-5.93575
22
-3.15327
32
-7.58812
13
-5.91410
23
-3.04988
33
-7.69228
0
3DFACE
8
C2
10
-6.08329
20
-3.13578
30
-7.60231
11
-6.10704
21
-3.22237
31
-7.48306
12
-5.95934
22
-3.24118
32
-7.47006
13
-5.93575
23
-3.15327
33
-7.58812
0
3DFACE
8
C2
10
-6.10704
20
-3.22237
30
-7.48306
11
-6.13205
21
-3.29896
31
-7.35485
12
-5.98436
22
-3.31766
32
-7.34174
13
-5.95934
23
-3.24118
33
-7.47006
0
3DFACE
8
C2
10
-6.13205
20
-3.29896
30
-7.35485
11
-6.15536
21
-3.38906
31
-7.23876
12
-6.00759
22
-3.40842
32
-7.22625
13
-5.98436
23
-3.31766
33
-7.34174
0
3DFACE
8
C2
10
-6.15536
20
-3.38906
30
-7.23876
11
-6.17672
21
-3.49476
31
-7.13667
12
-6.02851
22
-3.51764
32
-7.12731
13
-6.00759
23
-3.40842
33
-7.22625
0
3DFACE
8
C2
10
-6.17672
20
-3.49476
30
-7.13667
11
-6.19775
21
-3.60310
31
-7.03695
12
-6.04955
22
-3.62586
32
-7.02749
13
-6.02851
23
-3.51764
33
-7.12731
0
3DFACE
8
C2
10
-6.19775
20
-3.60310
30
-7.03695
11
-6.21883
21
-3.71111
31
-6.93693
12
-6.07085
22
-3.73212
32
-6.92590
13
-6.04955
23
-3.62586
33
-7.02749
0
3DFACE
8
C2
10
-6.21883
20
-3.71111
30
-6.93693
11
-6.23839
21
-3.83120
31
-6.84776
12
-6.09071
22
-3.84979
32
-6.83456
13
-6.07085
23
-3.73212
33
-6.92590
0
3DFACE
8
C2
10
-6.23839
20
-3.83120
30
-6.84776
11
-6.25683
21
-3.96030
31
-6.76667
12
-6.10939
22
-3.97692
32
-6.75170
13
-6.09071
23
-3.84979
33
-6.83456
0
3DFACE
8
C2
10
-6.25683
20
-3.96030
30
-6.76667
11
-6.27404
21
-4.09918
31
-6.69436
12
-6.12666
22
-4.11536
32
-6.67899
13
-6.10939
23
-3.97692
33
-6.75170
0
3DFACE
8
C2
10
-6.27404
20
-4.09918
30
-6.69436
11
-6.29225
21
-4.23004
31
-6.61485
12
-6.14499
22
-4.24534
32
-6.59869
13
-6.12666
23
-4.11536
33
-6.67899
0
3DFACE
8
C2
10
-4.56278
20
2.45914
30
-14.36831
11
-4.58579
21
2.36663
31
-14.25439
12
-4.44694
22
2.41868
32
-14.17779
13
-4.42384
23
2.51043
33
-14.29240
0
3DFACE
8
C2
10
-4.58579
20
2.36663
30
-14.25439
11
-4.60991
21
2.28301
31
-14.13248
12
-4.47089
22
2.33363
32
-14.05716
13
-4.44694
23
2.41868
33
-14.17779
0
3DFACE
8
C2
10
-4.60991
20
2.28301
30
-14.13248
11
-4.63324
21
2.19301
31
-14.01629
12
-4.49423
22
2.24375
32
-13.94087
13
-4.47089
23
2.33363
33
-14.05716
0
3DFACE
8
C2
10
-4.63324
20
2.19301
30
-14.01629
11
-4.65603
21
2.09874
31
-13.90395
12
-4.51724
22
2.15123
32
-13.82695
13
-4.49423
23
2.24375
33
-13.94087
0
3DFACE
8
C2
10
-4.65603
20
2.09874
30
-13.90395
11
-4.67918
21
2.00732
31
-13.78904
12
-4.54043
22
2.06014
32
-13.71175
13
-4.51724
23
2.15123
33
-13.82695
0
3DFACE
8
C2
10
-4.67918
20
2.00732
30
-13.78904
11
-4.70312
21
1.92227
31
-13.66842
12
-4.56396
22
1.97179
32
-13.59409
13
-4.54043
23
2.06014
33
-13.71175
0
3DFACE
8
C2
10
-4.70312
20
1.92227
30
-13.66842
11
-4.72793
21
1.84414
31
-13.54158
12
-4.58809
22
1.88817
32
-13.47218
13
-4.56396
23
1.97179
33
-13.59409
0
3DFACE
8
C2
10
-4.72793
20
1.84414
30
-13.54158
11
-4.75115
21
1.75327
31
-13.42618
12
-4.61089
22
1.79401
32
-13.35974
13
-4.58809
23
1.88817
33
-13.47218
0
3DFACE
8
C2
10
-4.75115
20
1.75327
30
-13.42618
11
-4.77324
21
1.65339
31
-13.31887
12
-4.63275
22
1.69226
32
-13.25410
13
-4.61089
23
1.79401
33
-13.35974
0
3DFACE
8
C2
10
-4.77324
20
1.65339
30
-13.31887
11
-4.79602
21
1.55901
31
-13.20663
12
-4.65510
22
1.59447
32
-13.14491
13
-4.63275
23
1.69226
33
-13.25410
0
3DFACE
8
C2
10
-4.79602
20
1.55901
30
-13.20663
11
-4.81920
21
1.46792
31
-13.09142
12
-4.67753
22
1.49734
32
-13.03513
13
-4.65510
23
1.59447
33
-13.14491
0
3DFACE
8
C2
10
-4.81920
20
1.46792
30
-13.09142
11
-4.84238
21
1.37672
31
-12.97632
12
-4.69980
22
1.39888
32
-12.92654
13
-4.67753
23
1.49734
33
-13.03513
0
3DFACE
8
C2
10
-4.84238
20
1.37672
30
-12.97632
11
-4.86455
21
1.27750
31
-12.86842
12
-4.72149
22
1.29582
32
-12.82208
13
-4.69980
23
1.39888
33
-12.92654
0
3DFACE
8
C2
10
-4.86455
20
1.27750
30
-12.86842
11
-4.88477
21
1.16268
31
-12.77451
12
-4.74169
22
1.18078
32
-12.72838
13
-4.72149
23
1.29582
33
-12.82208
0
3DFACE
8
C2
10
-4.88477
20
1.16268
30
-12.77451
11
-4.90479
21
1.04621
31
-12.68209
12
-4.76185
22
1.06552
32
-12.63487
13
-4.74169
23
1.18078
33
-12.72838
0
3DFACE
8
C2
10
-4.90479
20
1.04621
30
-12.68209
11
-4.92408
21
0.92392
31
-12.59489
12
-4.78140
22
0.94532
32
-12.54579
13
-4.76185
23
1.06552
33
-12.63487
0
3DFACE
8
C2
10
-4.92408
20
0.92392
30
-12.59489
11
-4.94166
21
0.78800
31
-12.51991
12
-4.79908
22
0.81017
32
-12.47013
13
-4.78140
23
0.94532
33
-12.54579
0
3DFACE
8
C2
10
-4.94166
20
0.78800
30
-12.51991
11
-4.96104
21
0.66648
31
-12.43202
12
-4.81878
22
0.69118
32
-12.37997
13
-4.79908
23
0.81017
33
-12.47013
0
3DFACE
8
C2
10
-4.96104
20
0.66648
30
-12.43202
11
-4.98084
21
0.54826
31
-12.34118
12
-4.83900
22
0.57636
32
-12.28607
13
-4.81878
23
0.69118
33
-12.37997
0
3DFACE
8
C2
10
-4.98084
20
0.54826
30
-12.34118
11
-5.00142
21
0.43629
31
-12.24471
12
-4.85973
22
0.46560
32
-12.18852
13
-4.83900
23
0.57636
33
-12.28607
0
3DFACE
8
C2
10
-5.00142
20
0.43629
30
-12.24471
11
-5.02275
21
0.33037
31
-12.14282
12
-4.88100
22
0.35913
32
-12.08712
13
-4.85973
23
0.46560
33
-12.18852
0
3DFACE
8
C2
10
-5.02275
20
0.33037
30
-12.14282
11
-5.04399
21
0.22368
31
-12.04162
12
-4.90170
22
0.24816
32
-11.98976
13
-4.88100
23
0.35913
33
-12.08712
0
3DFACE
8
C2
10
-5.04399
20
0.22368
30
-12.04162
11
-5.06691
21
0.13039
31
-11.92839
12
-4.92428
22
0.15223
32
-11.87890
13
-4.90170
23
0.24816
33
-11.98976
0
3DFACE
8
C2
10
-5.06691
20
0.13039
30
-11.92839
11
-5.09166
21
0.05183
31
-11.80194
12
-4.94889
22
0.07246
32
-11.75354
13
-4.92428
23
0.15223
33
-11.87890
0
3DFACE
8
C2
10
-5.09166
20
0.05183
30
-11.80194
11
-5.11474
21
-0.04014
31
-11.68753
12
-4.97165
22
-0.02204
32
-11.64140
13
-4.94889
23
0.07246
33
-11.75354
0
3DFACE
8
C2
10
-5.11474
20
-0.04014
30
-11.68753
11
-5.13726
21
-0.13662
31
-11.57716
12
-4.99393
22
-0.12038
32
-11.53270
13
-4.97165
23
-0.02204
33
-11.64140
0
3DFACE
8
C2
10
-5.13726
20
-0.13662
30
-11.57716
11
-5.15867
21
-0.24188
31
-11.47468
12
-5.01508
22
-0.22784
32
-11.43219
13
-4.99393
23
-0.12038
33
-11.53270
0
3DFACE
8
C2
10
-5.15867
20
-0.24188
30
-11.47468
11
-5.18091
21
-0.34055
31
-11.36628
12
-5.03715
22
-0.32783
32
-11.32498
13
-5.01508
23
-0.22784
33
-11.43219
0
3DFACE
8
C2
10
-5.18091
20
-0.34055
30
-11.36628
11
-5.20456
21
-0.42801
31
-11.24782
12
-5.06088
22
-0.41463
32
-11.20593
13
-5.03715
23
-0.32783
33
-11.32498
0
3DFACE
8
C2
10
-5.20456
20
-0.42801
30
-11.24782
11
-5.22793
21
-0.51768
31
-11.13134
12
-5.08398
22
-0.50638
32
-11.09132
13
-5.06088
23
-0.41463
33
-11.20593
0
3DFACE
8
C2
10
-5.22793
20
-0.51768
30
-11.13134
11
-5.25195
21
-0.60206
31
-11.01012
12
-5.10772
22
-0.59308
32
-10.97217
13
-5.08398
23
-0.50638
33
-11.09132
0
3DFACE
8
C2
10
-5.25195
20
-0.60206
30
-11.01012
11
-5.27635
21
-0.68349
31
-10.88624
12
-5.13179
22
-0.67714
32
-10.85066
13
-5.10772
23
-0.59308
33
-10.97217
0
3DFACE
8
C2
10
-5.27635
20
-0.68349
30
-10.88624
11
-5.30113
21
-0.76183
31
-10.75961
12
-5.15622
22
-0.75834
32
-10.72658
13
-5.13179
23
-0.67714
33
-10.85066
0
3DFACE
8
C2
10
-5.30113
20
-0.76183
30
-10.75961
11
-5.32673
21
-0.83370
31
-10.62715
12
-5.18151
22
-0.83262
32
-10.59630
13
-5.15622
23
-0.75834
33
-10.72658
0
3DFACE
8
C2
10
-5.32673
20
-0.83370
30
-10.62715
11
-5.35142
21
-0.91282
31
-10.50120
12
-5.20584
22
-0.91459
32
-10.47291
13
-5.18151
23
-0.83262
33
-10.59630
0
3DFACE
8
C2
10
-5.35142
20
-0.91282
30
-10.50120
11
-5.37554
21
-0.99644
31
-10.37929
12
-5.22952
22
-1.00173
32
-10.35416
13
-5.20584
23
-0.91459
33
-10.47291
0
3DFACE
8
C2
10
-5.37554
20
-0.99644
30
-10.37929
11
-5.39781
21
-1.09489
31
-10.27070
12
-5.25143
22
-1.10304
32
-10.24813
13
-5.22952
23
-1.00173
33
-10.35416
0
3DFACE
8
C2
10
-5.39781
20
-1.09489
30
-10.27070
11
-5.42050
21
-1.18993
31
-10.15904
12
-5.27369
22
-1.20160
32
-10.13963
13
-5.25143
23
-1.10304
33
-10.24813
0
3DFACE
8
C2
10
-5.42050
20
-1.18993
30
-10.15904
11
-5.44303
21
-1.28630
31
-10.04857
12
-5.29585
22
-1.30093
32
-10.03182
13
-5.27369
23
-1.20160
33
-10.13963
0
3DFACE
8
C2
10
-5.44303
20
-1.28630
30
-10.04857
11
-5.46540
21
-1.38398
31
-9.93929
12
-5.31792
22
-1.40092
32
-9.92461
13
-5.29585
23
-1.30093
33
-10.03182
0
3DFACE
8
C2
10
-5.46540
20
-1.38398
30
-9.93929
11
-5.48767
21
-1.48243
31
-9.83069
12
-5.34006
22
-1.50047
32
-9.81700
13
-5.31792
23
-1.40092
33
-9.92461
0
3DFACE
8
C2
10
-5.48767
20
-1.48243
30
-9.83069
11
-5.50945
21
-1.58472
31
-9.72555
12
-5.36205
22
-1.60112
32
-9.71037
13
-5.34006
23
-1.50047
33
-9.81700
0
3DFACE
8
C2
10
-5.50945
20
-1.58472
30
-9.72555
11
-5.53190
21
-1.68175
31
-9.61567
12
-5.38470
22
-1.69649
32
-9.59902
13
-5.36205
23
-1.60112
33
-9.71037
0
3DFACE
8
C2
10
-5.53190
20
-1.68175
30
-9.61567
11
-5.55580
21
-1.76713
31
-9.49534
12
-5.40894
22
-1.77923
32
-9.47632
13
-5.38470
23
-1.69649
33
-9.59902
0
3DFACE
8
C2
10
-5.55580
20
-1.76713
30
-9.49534
11
-5.57883
21
-1.85953
31
-9.38132
12
-5.43243
22
-1.86790
32
-9.35895
13
-5.40894
23
-1.77923
33
-9.47632
0
3DFACE
8
C2
10
-5.57883
20
-1.85953
30
-9.38132
11
-5.60195
21
-1.95117
31
-9.26661
12
-5.45607
22
-1.95537
32
-9.24050
13
-5.43243
23
-1.86790
33
-9.35895
0
3DFACE
8
C2
10
-5.60195
20
-1.95117
30
-9.26661
11
-5.62442
21
-2.04798
31
-9.15654
12
-5.47918
22
-2.04712
32
-9.12589
13
-5.45607
23
-1.95537
33
-9.24050
0
3DFACE
8
C2
10
-5.62442
20
-2.04798
30
-9.15654
11
-5.64833
21
-2.13335
31
-9.03621
12
-5.50337
22
-2.13019
32
-9.00349
13
-5.47918
23
-2.04712
33
-9.12589
0
3DFACE
8
C2
10
-5.64833
20
-2.13335
30
-9.03621
11
-5.67326
21
-2.21049
31
-8.90849
12
-5.52818
22
-2.20832
32
-8.87665
13
-5.50337
23
-2.13019
33
-9.00349
0
3DFACE
8
C2
10
-5.67326
20
-2.21049
30
-8.90849
11
-5.69839
21
-2.28609
31
-8.77938
12
-5.55314
22
-2.28524
32
-8.74873
13
-5.52818
23
-2.20832
33
-8.87665
0
3DFACE
8
C2
10
-5.69839
20
-2.28609
30
-8.77938
11
-5.72401
21
-2.35774
31
-8.64673
12
-5.57832
22
-2.36040
32
-8.61923
13
-5.55314
23
-2.28524
33
-8.74873
0
3DFACE
8
C2
10
-5.72401
20
-2.35774
30
-8.64673
11
-5.75028
21
-2.42422
31
-8.50944
12
-5.60401
22
-2.43149
32
-8.48608
13
-5.57832
23
-2.36040
33
-8.61923
0
3DFACE
8
C2
10
-5.75028
20
-2.42422
30
-8.50944
11
-5.77536
21
-2.50015
31
-8.38063
12
-5.62858
22
-2.51160
32
-8.36102
13
-5.60401
23
-2.43149
33
-8.48608
0
3DFACE
8
C2
10
-5.77536
20
-2.50015
30
-8.38063
11
-5.80022
21
-2.57795
31
-8.25350
12
-5.65283
22
-2.59423
32
-8.23823
13
-5.62858
23
-2.51160
33
-8.36102
0
3DFACE
8
C2
10
-5.80022
20
-2.57795
30
-8.25350
11
-5.82369
21
-2.66673
31
-8.13623
12
-5.67574
22
-2.68752
32
-8.12500
13
-5.65283
23
-2.59423
33
-8.23823
0
3DFACE
8
C2
10
-5.82369
20
-2.66673
30
-8.13623
11
-5.84731
21
-2.75442
31
-8.01797
12
-5.69875
22
-2.78004
32
-8.01108
13
-5.67574
23
-2.68752
33
-8.12500
0
3DFACE
8
C2
10
-5.84731
20
-2.75442
30
-8.01797
11
-5.87136
21
-2.83859
31
-7.89655
12
-5.72217
22
-2.86926
32
-7.89420
13
-5.69875
23
-2.78004
33
-8.01108
0
3DFACE
8
C2
10
-5.87136
20
-2.83859
30
-7.89655
11
-5.89359
21
-2.93737
31
-7.78825
12
-5.74399
22
-2.97133
32
-7.78886
13
-5.72217
23
-2.86926
33
-7.89420
0
3DFACE
8
C2
10
-5.89359
20
-2.93737
30
-7.78825
11
-5.91410
21
-3.04988
31
-7.69228
12
-5.76427
22
-3.08572
32
-7.69456
13
-5.74399
23
-2.97133
33
-7.78886
0
3DFACE
8
C2
10
-5.91410
20
-3.04988
30
-7.69228
11
-5.93575
21
-3.15327
31
-7.58812
12
-5.78553
22
-3.19219
32
-7.59316
13
-5.76427
23
-3.08572
33
-7.69456
0
3DFACE
8
C2
10
-5.93575
20
-3.15327
30
-7.58812
11
-5.95934
21
-3.24118
31
-7.47006
12
-5.80854
22
-3.28470
32
-7.47924
13
-5.78553
23
-3.19219
33
-7.59316
0
3DFACE
8
C2
10
-5.95934
20
-3.24118
30
-7.47006
11
-5.98436
21
-3.31766
31
-7.34174
12
-5.83305
22
-3.36525
32
-7.35457
13
-5.80854
23
-3.28470
33
-7.47924
0
3DFACE
8
C2
10
-5.98436
20
-3.31766
30
-7.34174
11
-6.00759
21
-3.40842
31
-7.22625
12
-5.85629
22
-3.45590
32
-7.23898
13
-5.83305
23
-3.36525
33
-7.35457
0
3DFACE
8
C2
10
-6.00759
20
-3.40842
30
-7.22625
11
-6.02851
21
-3.51764
31
-7.12731
12
-5.87755
22
-3.56248
32
-7.13768
13
-5.85629
23
-3.45590
33
-7.23898
0
3DFACE
8
C2
10
-6.02851
20
-3.51764
30
-7.12731
11
-6.04955
21
-3.62586
31
-7.02749
12
-5.89898
22
-3.66763
32
-7.03509
13
-5.87755
23
-3.56248
33
-7.13768
0
3DFACE
8
C2
10
-6.04955
20
-3.62586
30
-7.02749
11
-6.07085
21
-3.73212
31
-6.92590
12
-5.92075
22
-3.77004
32
-6.93005
13
-5.89898
23
-3.66763
33
-7.03509
0
3DFACE
8
C2
10
-6.07085
20
-3.73212
30
-6.92590
11
-6.09071
21
-3.84979
31
-6.83456
12
-5.94132
22
-3.88211
32
-6.83368
13
-5.92075
23
-3.77004
33
-6.93005
0
3DFACE
8
C2
10
-6.09071
20
-3.84979
30
-6.83456
11
-6.10939
21
-3.97692
31
-6.75170
12
-5.96081
22
-4.00275
32
-6.74500
13
-5.94132
23
-3.88211
33
-6.83368
0
3DFACE
8
C2
10
-6.10939
20
-3.97692
30
-6.75170
11
-6.12666
21
-4.11536
31
-6.67899
12
-5.97898
22
-4.13394
32
-6.66579
13
-5.96081
23
-4.00275
33
-6.74500
0
3DFACE
8
C2
10
-6.12666
20
-4.11536
30
-6.67899
11
-6.14499
21
-4.24534
31
-6.59869
12
-5.99789
22
-4.25931
32
-6.58135
13
-5.97898
23
-4.13394
33
-6.66579
0
3DFACE
8
C2
10
-4.42384
20
2.51043
30
-14.29240
11
-4.44694
21
2.41868
31
-14.17779
12
-4.30655
22
2.45831
32
-14.11233
13
-4.28310
23
2.54732
33
-14.22940
0
3DFACE
8
C2
10
-4.44694
20
2.41868
30
-14.17779
11
-4.47089
21
2.33363
31
-14.05716
12
-4.33034
22
2.37206
32
-13.99279
13
-4.30655
23
2.45831
33
-14.11233
0
3DFACE
8
C2
10
-4.47089
20
2.33363
30
-14.05716
11
-4.49423
21
2.24375
31
-13.94087
12
-4.35398
22
2.28459
32
-13.87433
13
-4.33034
23
2.37206
33
-13.99279
0
3DFACE
8
C2
10
-4.49423
20
2.24375
30
-13.94087
11
-4.51724
21
2.15123
31
-13.82695
12
-4.37749
22
2.19603
32
-13.75686
13
-4.35398
23
2.28459
33
-13.87433
0
3DFACE
8
C2
10
-4.51724
20
2.15123
30
-13.82695
11
-4.54043
21
2.06014
31
-13.71175
12
-4.40076
22
2.10560
32
-13.64107
13
-4.37749
23
2.19603
33
-13.75686
0
3DFACE
8
C2
10
-4.54043
20
2.06014
30
-13.71175
11
-4.56396
21
1.97179
31
-13.59409
12
-4.42390
22
2.01407
32
-13.52626
13
-4.40076
23
2.10560
33
-13.64107
0
3DFACE
8
C2
10
-4.56396
20
1.97179
30
-13.59409
11
-4.58809
21
1.88817
31
-13.47218
12
-4.44728
22
1.92451
32
-13.40968
13
-4.42390
23
2.01407
33
-13.52626
0
3DFACE
8
C2
10
-4.58809
20
1.88817
30
-13.47218
11
-4.61089
21
1.79401
31
-13.35974
12
-4.46981
22
1.82815
32
-13.29921
13
-4.44728
23
1.92451
33
-13.40968
0
3DFACE
8
C2
10
-4.61089
20
1.79401
30
-13.35974
11
-4.63275
21
1.69226
31
-13.25410
12
-4.49191
22
1.72838
32
-13.19179
13
-4.46981
23
1.82815
33
-13.29921
0
3DFACE
8
C2
10
-4.63275
20
1.69226
30
-13.25410
11
-4.65510
21
1.59447
31
-13.14491
12
-4.51396
22
1.62817
32
-13.08478
13
-4.49191
23
1.72838
33
-13.19179
0
3DFACE
8
C2
10
-4.65510
20
1.59447
30
-13.14491
11
-4.67753
21
1.49734
31
-13.03513
12
-4.53577
22
1.52610
32
-12.97943
13
-4.51396
23
1.62817
33
-13.08478
0
3DFACE
8
C2
10
-4.67753
20
1.49734
30
-13.03513
11
-4.69980
21
1.39888
31
-12.92654
12
-4.55722
22
1.42105
32
-12.87676
13
-4.53577
23
1.52610
33
-12.97943
0
3DFACE
8
C2
10
-4.69980
20
1.39888
30
-12.92654
11
-4.72149
21
1.29582
31
-12.82208
12
-4.57843
22
1.31414
32
-12.77575
13
-4.55722
23
1.42105
33
-12.87676
0
3DFACE
8
C2
10
-4.72149
20
1.29582
30
-12.82208
11
-4.74169
21
1.18078
31
-12.72838
12
-4.59868
22
1.19954
32
-12.68165
13
-4.57843
23
1.31414
33
-12.77575
0
3DFACE
8
C2
10
-4.74169
20
1.18078
30
-12.72838
11
-4.76185
21
1.06552
31
-12.63487
12
-4.61880
22
1.08396
32
-12.58844
13
-4.59868
23
1.19954
33
-12.68165
0
3DFACE
8
C2
10
-4.76185
20
1.06552
30
-12.63487
11
-4.78140
21
0.94532
31
-12.54579
12
-4.63832
22
0.96353
32
-12.49956
13
-4.61880
23
1.08396
33
-12.58844
0
3DFACE
8
C2
10
-4.78140
20
0.94532
30
-12.54579
11
-4.79908
21
0.81017
31
-12.47013
12
-4.65606
22
0.82883
32
-12.42350
13
-4.63832
23
0.96353
33
-12.49956
0
3DFACE
8
C2
10
-4.79908
20
0.81017
30
-12.47013
11
-4.81878
21
0.69118
31
-12.37997
12
-4.67577
22
0.70994
32
-12.33325
13
-4.65606
23
0.82883
33
-12.42350
0
3DFACE
8
C2
10
-4.81878
20
0.69118
30
-12.37997
11
-4.83900
21
0.57636
31
-12.28607
12
-4.69608
22
0.59578
32
-12.23875
13
-4.67577
23
0.70994
33
-12.33325
0
3DFACE
8
C2
10
-4.83900
20
0.57636
30
-12.28607
11
-4.85973
21
0.46560
31
-12.18852
12
-4.71666
22
0.48382
32
-12.14228
13
-4.69608
23
0.59578
33
-12.23875
0
3DFACE
8
C2
10
-4.85973
20
0.46560
30
-12.18852
11
-4.88100
21
0.35913
31
-12.08712
12
-4.73756
22
0.37449
32
-12.04345
13
-4.71666
23
0.48382
33
-12.14228
0
3DFACE
8
C2
10
-4.88100
20
0.35913
30
-12.08712
11
-4.90170
21
0.24816
31
-11.98976
12
-4.75778
22
0.25967
32
-11.94954
13
-4.73756
23
0.37449
33
-12.04345
0
3DFACE
8
C2
10
-4.90170
20
0.24816
30
-11.98976
11
-4.92428
21
0.15223
31
-11.87890
12
-4.77997
22
0.16056
32
-11.84154
13
-4.75778
23
0.25967
33
-11.94954
0
3DFACE
8
C2
10
-4.92428
20
0.15223
30
-11.87890
11
-4.94889
21
0.07246
31
-11.75354
12
-4.80418
22
0.07760
32
-11.71904
13
-4.77997
23
0.16056
33
-11.84154
0
3DFACE
8
C2
10
-4.94889
20
0.07246
30
-11.75354
11
-4.97165
21
-0.02204
31
-11.64140
12
-4.82678
22
-0.01821
32
-11.60808
13
-4.80418
23
0.07760
33
-11.71904
0
3DFACE
8
C2
10
-4.97165
20
-0.02204
30
-11.64140
11
-4.99393
21
-0.12038
31
-11.53270
12
-4.84900
22
-0.11699
32
-11.49978
13
-4.82678
23
-0.01821
33
-11.60808
0
3DFACE
8
C2
10
-4.99393
20
-0.12038
30
-11.53270
11
-5.01508
21
-0.22784
31
-11.43219
12
-4.87034
22
-0.22292
32
-11.39789
13
-4.84900
23
-0.11699
33
-11.49978
0
3DFACE
8
C2
10
-5.01508
20
-0.22784
30
-11.43219
11
-5.03715
21
-0.32783
31
-11.32498
12
-4.89252
22
-0.32203
32
-11.28989
13
-4.87034
23
-0.22292
33
-11.39789
0
3DFACE
8
C2
10
-5.03715
20
-0.32783
30
-11.32498
11
-5.06088
21
-0.41463
31
-11.20593
12
-4.91639
22
-0.40773
32
-11.16985
13
-4.89252
23
-0.32203
33
-11.28989
0
3DFACE
8
C2
10
-5.06088
20
-0.41463
30
-11.20593
11
-5.08398
21
-0.50638
31
-11.09132
12
-4.93953
22
-0.49915
32
-11.05495
13
-4.91639
23
-0.40773
33
-11.16985
0
3DFACE
8
C2
10
-5.08398
20
-0.50638
30
-11.09132
11
-5.10772
21
-0.59308
31
-10.97217
12
-4.96315
22
-0.58684
32
-10.93669
13
-4.93953
23
-0.49915
33
-11.05495
0
3DFACE
8
C2
10
-5.10772
20
-0.59308
30
-10.97217
11
-5.13179
21
-0.67714
31
-10.85066
12
-4.98703
22
-0.67244
32
-10.81656
13
-4.96315
23
-0.58684
33
-10.93669
0
3DFACE
8
C2
10
-5.13179
20
-0.67714
30
-10.85066
11
-5.15622
21
-0.75834
31
-10.72658
12
-5.01115
22
-0.75606
32
-10.69465
13
-4.98703
23
-0.67244
33
-10.81656
0
3DFACE
8
C2
10
-5.15622
20
-0.75834
30
-10.72658
11
-5.18151
21
-0.83262
31
-10.59630
12
-5.03603
22
-0.83363
32
-10.56732
13
-5.01115
23
-0.75606
33
-10.69465
0
3DFACE
8
C2
10
-5.18151
20
-0.83262
30
-10.59630
11
-5.20584
21
-0.91459
31
-10.47291
12
-5.05996
22
-0.91879
32
-10.44679
13
-5.03603
23
-0.83363
33
-10.56732
0
3DFACE
8
C2
10
-5.20584
20
-0.91459
30
-10.47291
11
-5.22952
21
-1.00173
31
-10.35416
12
-5.08323
22
-1.00922
32
-10.33100
13
-5.05996
23
-0.91879
33
-10.44679
0
3DFACE
8
C2
10
-5.22952
20
-1.00173
30
-10.35416
11
-5.25143
21
-1.10304
31
-10.24813
12
-5.10495
22
-1.11207
32
-10.22635
13
-5.08323
23
-1.00922
33
-10.33100
0
3DFACE
8
C2
10
-5.25143
20
-1.10304
30
-10.24813
11
-5.27369
21
-1.20160
31
-10.13963
12
-5.12684
22
-1.21360
32
-10.12051
13
-5.10495
23
-1.11207
33
-10.22635
0
3DFACE
8
C2
10
-5.27369
20
-1.20160
30
-10.13963
11
-5.29585
21
-1.30093
31
-10.03182
12
-5.14864
22
-1.31578
32
-10.01527
13
-5.12684
23
-1.21360
33
-10.12051
0
3DFACE
8
C2
10
-5.29585
20
-1.30093
30
-10.03182
11
-5.31792
21
-1.40092
31
-9.92461
12
-5.17048
22
-1.41764
32
-9.90973
13
-5.14864
23
-1.31578
33
-10.01527
0
3DFACE
8
C2
10
-5.31792
20
-1.40092
30
-9.92461
11
-5.34006
21
-1.50047
31
-9.81700
12
-5.19253
22
-1.51785
32
-9.80271
13
-5.17048
23
-1.41764
33
-9.90973
0
3DFACE
8
C2
10
-5.34006
20
-1.50047
30
-9.81700
11
-5.36205
21
-1.60112
31
-9.71037
12
-5.21480
22
-1.61630
32
-9.69412
13
-5.19253
23
-1.51785
33
-9.80271
0
3DFACE
8
C2
10
-5.36205
20
-1.60112
30
-9.71037
11
-5.38470
21
-1.69649
31
-9.59902
12
-5.23777
22
-1.70915
32
-9.58049
13
-5.21480
23
-1.61630
33
-9.69412
0
3DFACE
8
C2
10
-5.38470
20
-1.69649
30
-9.59902
11
-5.40894
21
-1.77923
31
-9.47632
12
-5.26204
22
-1.79156
32
-9.45750
13
-5.23777
23
-1.70915
33
-9.58049
0
3DFACE
8
C2
10
-5.40894
20
-1.77923
30
-9.47632
11
-5.43243
21
-1.86790
31
-9.35895
12
-5.28593
22
-1.87705
32
-9.33727
13
-5.26204
23
-1.79156
33
-9.45750
0
3DFACE
8
C2
10
-5.43243
20
-1.86790
30
-9.35895
11
-5.45607
21
-1.95537
31
-9.24050
12
-5.31000
22
-1.96110
32
-9.21576
13
-5.28593
23
-1.87705
33
-9.33727
0
3DFACE
8
C2
10
-5.45607
20
-1.95537
30
-9.24050
11
-5.47918
21
-2.04712
31
-9.12589
12
-5.33366
22
-2.04846
32
-9.09720
13
-5.31000
23
-1.96110
33
-9.21576
0
3DFACE
8
C2
10
-5.47918
20
-2.04712
30
-9.12589
11
-5.50337
21
-2.13019
31
-9.00349
12
-5.35806
22
-2.12988
32
-8.97332
13
-5.33366
23
-2.04846
33
-9.09720
0
3DFACE
8
C2
10
-5.50337
20
-2.13019
30
-9.00349
11
-5.52818
21
-2.20832
31
-8.87665
12
-5.38266
22
-2.20966
32
-8.84797
13
-5.35806
23
-2.12988
33
-8.97332
0
3DFACE
8
C2
10
-5.52818
20
-2.20832
30
-8.87665
11
-5.55314
21
-2.28524
31
-8.74873
12
-5.40736
22
-2.28866
32
-8.72192
13
-5.38266
23
-2.20966
33
-8.84797
0
3DFACE
8
C2
10
-5.55314
20
-2.28524
30
-8.74873
11
-5.57832
21
-2.36040
31
-8.61923
12
-5.43243
22
-2.36470
32
-8.59321
13
-5.40736
23
-2.28866
33
-8.72192
0
3DFACE
8
C2
10
-5.57832
20
-2.36040
30
-8.61923
11
-5.60401
21
-2.43149
31
-8.48608
12
-5.45807
22
-2.43624
32
-8.46046
13
-5.43243
23
-2.36470
33
-8.59321
0
3DFACE
8
C2
10
-5.60401
20
-2.43149
30
-8.48608
11
-5.62858
21
-2.51160
31
-8.36102
12
-5.48242
22
-2.51799
32
-8.33687
13
-5.45807
23
-2.43624
33
-8.46046
0
3DFACE
8
C2
10
-5.62858
20
-2.51160
30
-8.36102
11
-5.65283
21
-2.59423
31
-8.23823
12
-5.50615
22
-2.60480
32
-8.21783
13
-5.48242
23
-2.51799
33
-8.33687
0
3DFACE
8
C2
10
-5.65283
20
-2.59423
30
-8.23823
11
-5.67574
21
-2.68752
31
-8.12500
12
-5.52880
22
-2.70017
32
-8.10647
13
-5.50615
23
-2.60480
33
-8.21783
0
3DFACE
8
C2
10
-5.67574
20
-2.68752
30
-8.12500
11
-5.69875
21
-2.78004
31
-8.01108
12
-5.55175
22
-2.79324
32
-7.99304
13
-5.52880
23
-2.70017
33
-8.10647
0
3DFACE
8
C2
10
-5.69875
20
-2.78004
30
-8.01108
11
-5.72217
21
-2.86926
31
-7.89420
12
-5.57537
22
-2.88082
32
-7.87469
13
-5.55175
23
-2.79324
33
-7.99304
0
3DFACE
8
C2
10
-5.72217
20
-2.86926
30
-7.89420
11
-5.74399
21
-2.97133
31
-7.78886
12
-5.59700
22
-2.98443
32
-7.77072
13
-5.57537
23
-2.88082
33
-7.87469
0
3DFACE
8
C2
10
-5.74399
20
-2.97133
30
-7.78886
11
-5.76427
21
-3.08572
31
-7.69456
12
-5.61681
22
-3.10255
32
-7.67978
13
-5.59700
23
-2.98443
33
-7.77072
0
3DFACE
8
C2
10
-5.76427
20
-3.08572
30
-7.69456
11
-5.78553
21
-3.19219
31
-7.59316
12
-5.63759
22
-3.21286
32
-7.58183
13
-5.61681
23
-3.10255
33
-7.67978
0
3DFACE
8
C2
10
-5.78553
20
-3.19219
30
-7.59316
11
-5.80854
21
-3.28470
31
-7.47924
12
-5.66030
22
-3.30780
32
-7.47008
13
-5.63759
23
-3.21286
33
-7.58183
0
3DFACE
8
C2
10
-5.80854
20
-3.28470
30
-7.47924
11
-5.83305
21
-3.36525
31
-7.35457
12
-5.68463
22
-3.38977
32
-7.34669
13
-5.66030
23
-3.30780
33
-7.47008
0
3DFACE
8
C2
10
-5.83305
20
-3.36525
30
-7.35457
11
-5.85629
21
-3.45590
31
-7.23898
12
-5.70756
22
-3.48295
32
-7.23337
13
-5.68463
23
-3.38977
33
-7.34669
0
3DFACE
8
C2
10
-5.85629
20
-3.45590
30
-7.23898
11
-5.87755
21
-3.56248
31
-7.13768
12
-5.72836
22
-3.59315
32
-7.13532
13
-5.70756
23
-3.48295
33
-7.23337
0
3DFACE
8
C2
10
-5.87755
20
-3.56248
30
-7.13768
11
-5.89898
21
-3.66763
31
-7.03509
12
-5.74975
22
-3.69863
32
-7.03303
13
-5.72836
23
-3.59315
33
-7.13532
0
3DFACE
8
C2
10
-5.89898
20
-3.66763
30
-7.03509
11
-5.92075
21
-3.77004
31
-6.93005
12
-5.77173
22
-3.79939
32
-6.92651
13
-5.74975
23
-3.69863
33
-7.03303
0
3DFACE
8
C2
10
-5.92075
20
-3.77004
30
-6.93005
11
-5.94132
21
-3.88211
31
-6.83368
12
-5.79273
22
-3.90795
32
-6.82698
13
-5.77173
23
-3.79939
33
-6.92651
0
3DFACE
8
C2
10
-5.94132
20
-3.88211
30
-6.83368
11
-5.96081
21
-4.00275
31
-6.74500
12
-5.81266
22
-4.02508
32
-6.73515
13
-5.79273
23
-3.90795
33
-6.82698
0
3DFACE
8
C2
10
-5.96081
20
-4.00275
30
-6.74500
11
-5.97898
21
-4.13394
31
-6.66579
12
-5.83113
22
-4.15396
32
-6.65387
13
-5.81266
23
-4.02508
33
-6.73515
0
3DFACE
8
C2
10
-5.97898
20
-4.13394
30
-6.66579
11
-5.99789
21
-4.25931
31
-6.58135
12
-5.85037
22
-4.27658
32
-6.56696
13
-5.83113
23
-4.15396
33
-6.65387
0
3DFACE
8
C2
10
-4.28310
20
2.54732
30
-14.22940
11
-4.30655
21
2.45831
31
-14.11233
12
-4.16796
22
2.51245
32
-14.03385
13
-4.14443
23
2.60080
33
-14.15152
0
3DFACE
8
C2
10
-4.30655
20
2.45831
30
-14.11233
11
-4.33034
21
2.37206
31
-13.99279
12
-4.19169
22
2.42565
32
-13.91480
13
-4.16796
23
2.51245
33
-14.03385
0
3DFACE
8
C2
10
-4.33034
20
2.37206
30
-13.99279
11
-4.35398
21
2.28459
31
-13.87433
12
-4.21536
22
2.33840
32
-13.79615
13
-4.19169
23
2.42565
33
-13.91480
0
3DFACE
8
C2
10
-4.35398
20
2.28459
30
-13.87433
11
-4.37749
21
2.19603
31
-13.75686
12
-4.23903
22
2.25116
32
-13.67750
13
-4.21536
23
2.33840
33
-13.79615
0
3DFACE
8
C2
10
-4.37749
20
2.19603
30
-13.75686
11
-4.40076
21
2.10560
31
-13.64107
12
-4.26226
22
2.16039
32
-13.56200
13
-4.23903
23
2.25116
33
-13.67750
0
3DFACE
8
C2
10
-4.40076
20
2.10560
30
-13.64107
11
-4.42390
21
2.01407
31
-13.52626
12
-4.28513
22
2.06678
32
-13.44907
13
-4.26226
23
2.16039
33
-13.56200
0
3DFACE
8
C2
10
-4.42390
20
2.01407
30
-13.52626
11
-4.44728
21
1.92451
31
-13.40968
12
-4.30771
22
1.97074
32
-13.33830
13
-4.28513
23
2.06678
33
-13.44907
0
3DFACE
8
C2
10
-4.44728
20
1.92451
30
-13.40968
11
-4.46981
21
1.82815
31
-13.29921
12
-4.32992
22
1.87185
32
-13.23010
13
-4.30771
23
1.97074
33
-13.33830
0
3DFACE
8
C2
10
-4.46981
20
1.82815
30
-13.29921
11
-4.49191
21
1.72838
31
-13.19179
12
-4.35183
22
1.77055
32
-13.12407
13
-4.32992
23
1.87185
33
-13.23010
0
3DFACE
8
C2
10
-4.49191
20
1.72838
30
-13.19179
11
-4.51396
21
1.62817
31
-13.08478
12
-4.37351
22
1.66737
32
-13.01971
13
-4.35183
23
1.77055
33
-13.12407
0
3DFACE
8
C2
10
-4.51396
20
1.62817
30
-13.08478
11
-4.53577
21
1.52610
31
-12.97943
12
-4.39473
22
1.56057
32
-12.91861
13
-4.37351
23
1.66737
33
-13.01971
0
3DFACE
8
C2
10
-4.53577
20
1.52610
30
-12.97943
11
-4.55722
21
1.42105
31
-12.87676
12
-4.41538
22
1.44916
32
-12.82165
13
-4.39473
23
1.56057
33
-12.91861
0
3DFACE
8
C2
10
-4.55722
20
1.42105
30
-12.87676
11
-4.57843
21
1.31414
31
-12.77575
12
-4.43597
22
1.33730
32
-12.72508
13
-4.41538
23
1.44916
33
-12.82165
0
3DFACE
8
C2
10
-4.57843
20
1.31414
30
-12.77575
11
-4.59868
21
1.19954
31
-12.68165
12
-4.45629
22
1.22325
32
-12.63049
13
-4.43597
23
1.33730
33
-12.72508
0
3DFACE
8
C2
10
-4.59868
20
1.19954
30
-12.68165
11
-4.61880
21
1.08396
31
-12.58844
12
-4.47611
22
1.10525
32
-12.53944
13
-4.45629
23
1.22325
33
-12.63049
0
3DFACE
8
C2
10
-4.61880
20
1.08396
30
-12.58844
11
-4.63832
21
0.96353
31
-12.49956
12
-4.49518
22
0.98120
32
-12.45382
13
-4.47611
23
1.10525
33
-12.53944
0
3DFACE
8
C2
10
-4.63832
20
0.96353
30
-12.49956
11
-4.65606
21
0.82883
31
-12.42350
12
-4.51292
22
0.84649
32
-12.37776
13
-4.49518
23
0.98120
33
-12.45382
0
3DFACE
8
C2
10
-4.65606
20
0.82883
30
-12.42350
11
-4.67577
21
0.70994
31
-12.33325
12
-4.53219
22
0.72409
32
-12.29066
13
-4.51292
23
0.84649
33
-12.37776
0
3DFACE
8
C2
10
-4.67577
20
0.70994
30
-12.33325
11
-4.69608
21
0.59578
31
-12.23875
12
-4.55215
22
0.60719
32
-12.19863
13
-4.53219
23
0.72409
33
-12.29066
0
3DFACE
8
C2
10
-4.69608
20
0.59578
30
-12.23875
11
-4.71666
21
0.48382
31
-12.14228
12
-4.57218
22
0.49083
32
-12.10611
13
-4.55215
23
0.60719
33
-12.19863
0
3DFACE
8
C2
10
-4.71666
20
0.48382
30
-12.14228
11
-4.73756
21
0.37449
31
-12.04345
12
-4.59243
22
0.37623
32
-12.01201
13
-4.57218
23
0.49083
33
-12.10611
0
3DFACE
8
C2
10
-4.73756
20
0.37449
30
-12.04345
11
-4.75778
21
0.25967
31
-11.94954
12
-4.61226
22
0.25833
32
-11.92086
13
-4.59243
23
0.37623
33
-12.01201
0
3DFACE
8
C2
10
-4.75778
20
0.25967
30
-11.94954
11
-4.77997
21
0.16056
31
-11.84154
12
-4.63405
22
0.15604
32
-11.81572
13
-4.61226
23
0.25833
33
-11.92086
0
3DFACE
8
C2
10
-4.77997
20
0.16056
30
-11.84154
11
-4.80418
21
0.07760
31
-11.71904
12
-4.65764
22
0.06813
32
-11.69766
13
-4.63405
23
0.15604
33
-11.81572
0
3DFACE
8
C2
10
-4.80418
20
0.07760
30
-11.71904
11
-4.82678
21
-0.01821
31
-11.60808
12
-4.68024
22
-0.02768
32
-11.58669
13
-4.65764
23
0.06813
33
-11.69766
0
3DFACE
8
C2
10
-4.82678
20
-0.01821
30
-11.60808
11
-4.84900
21
-0.11699
31
-11.49978
12
-4.70266
22
-0.12493
32
-11.47701
13
-4.68024
23
-0.02768
33
-11.58669
0
3DFACE
8
C2
10
-4.84900
20
-0.11699
30
-11.49978
11
-4.87034
21
-0.22292
31
-11.39789
12
-4.72451
22
-0.22667
32
-11.37138
13
-4.70266
23
-0.12493
33
-11.47701
0
3DFACE
8
C2
10
-4.87034
20
-0.22292
30
-11.39789
11
-4.89252
21
-0.32203
31
-11.28989
12
-4.74706
22
-0.32293
32
-11.26081
13
-4.72451
23
-0.22667
33
-11.37138
0
3DFACE
8
C2
10
-4.89252
20
-0.32203
30
-11.28989
11
-4.91639
21
-0.40773
31
-11.16985
12
-4.77110
22
-0.40721
32
-11.13949
13
-4.74706
23
-0.32293
33
-11.26081
0
3DFACE
8
C2
10
-4.91639
20
-0.40773
30
-11.16985
11
-4.93953
21
-0.49915
31
-11.05495
12
-4.79455
22
-0.49621
32
-11.02242
13
-4.77110
23
-0.40721
33
-11.13949
0
3DFACE
8
C2
10
-4.93953
20
-0.49915
30
-11.05495
11
-4.96315
21
-0.58684
31
-10.93669
12
-4.81822
22
-0.58345
32
-10.90377
13
-4.79455
23
-0.49621
33
-11.02242
0
3DFACE
8
C2
10
-4.96315
20
-0.58684
30
-10.93669
11
-4.98703
21
-0.67244
31
-10.81656
12
-4.84210
22
-0.66905
32
-10.78363
13
-4.81822
23
-0.58345
33
-10.90377
0
3DFACE
8
C2
10
-4.98703
20
-0.67244
30
-10.81656
11
-5.01115
21
-0.75606
31
-10.69465
12
-4.86603
22
-0.75421
32
-10.66311
13
-4.84210
23
-0.66905
33
-10.78363
0
3DFACE
8
C2
10
-5.01115
20
-0.75606
30
-10.69465
11
-5.03603
21
-0.83363
31
-10.56732
12
-4.89036
22
-0.83618
32
-10.53972
13
-4.86603
23
-0.75421
33
-10.66311
0
3DFACE
8
C2
10
-5.03603
20
-0.83363
30
-10.56732
11
-5.05996
21
-0.91879
31
-10.44679
12
-4.91385
22
-0.92486
32
-10.42235
13
-4.89036
23
-0.83618
33
-10.53972
0
3DFACE
8
C2
10
-5.05996
20
-0.91879
30
-10.44679
11
-5.08323
21
-1.00922
31
-10.33100
12
-4.93657
22
-1.01968
32
-10.31050
13
-4.91385
23
-0.92486
33
-10.42235
0
3DFACE
8
C2
10
-5.08323
20
-1.00922
30
-10.33100
11
-5.10495
21
-1.11207
31
-10.22635
12
-4.95832
22
-1.12231
32
-10.20565
13
-4.93657
23
-1.01968
33
-10.31050
0
3DFACE
8
C2
10
-5.10495
20
-1.11207
30
-10.22635
11
-5.12684
21
-1.21360
31
-10.12051
12
-4.97982
22
-1.22691
32
-10.10258
13
-4.95832
23
-1.12231
33
-10.20565
0
3DFACE
8
C2
10
-5.12684
20
-1.21360
30
-10.12051
11
-5.14864
21
-1.31578
31
-10.01527
12
-5.00126
22
-1.33195
32
-9.99990
13
-4.97982
23
-1.22691
33
-10.10258
0
3DFACE
8
C2
10
-5.14864
20
-1.31578
30
-10.01527
11
-5.17048
21
-1.41764
31
-9.90973
12
-5.02288
22
-1.43557
32
-9.89594
13
-5.00126
23
-1.33195
33
-9.99990
0
3DFACE
8
C2
10
-5.17048
20
-1.41764
30
-9.90973
11
-5.19253
21
-1.51785
31
-9.80271
12
-5.04495
22
-1.53567
32
-9.78882
13
-5.02288
23
-1.43557
33
-9.89594
0
3DFACE
8
C2
10
-5.19253
20
-1.51785
30
-9.80271
11
-5.21480
21
-1.61630
31
-9.69412
12
-5.06767
22
-1.63049
32
-9.67697
13
-5.04495
23
-1.53567
33
-9.78882
0
3DFACE
8
C2
10
-5.21480
20
-1.61630
30
-9.69412
11
-5.23777
21
-1.70915
31
-9.58049
12
-5.09097
22
-1.72070
32
-9.56098
13
-5.06767
23
-1.63049
33
-9.67697
0
3DFACE
8
C2
10
-5.23777
20
-1.70915
30
-9.58049
11
-5.26204
21
-1.79156
31
-9.45750
12
-5.11506
22
-1.80454
32
-9.43927
13
-5.09097
23
-1.72070
33
-9.56098
0
3DFACE
8
C2
10
-5.26204
20
-1.79156
30
-9.45750
11
-5.28593
21
-1.87705
31
-9.33727
12
-5.13922
22
-1.88794
32
-9.31717
13
-5.11506
23
-1.80454
33
-9.43927
0
3DFACE
8
C2
10
-5.28593
20
-1.87705
30
-9.33727
11
-5.31000
21
-1.96110
31
-9.21576
12
-5.16346
22
-1.97057
32
-9.19437
13
-5.13922
23
-1.88794
33
-9.31717
0
3DFACE
8
C2
10
-5.31000
20
-1.96110
30
-9.21576
11
-5.33366
21
-2.04846
31
-9.09720
12
-5.18767
22
-2.05354
32
-9.07187
13
-5.16346
23
-1.97057
33
-9.19437
0
3DFACE
8
C2
10
-5.33366
20
-2.04846
30
-9.09720
11
-5.35806
21
-2.12988
31
-8.97332
12
-5.21197
22
-2.13573
32
-8.94868
13
-5.18767
23
-2.05354
33
-9.07187
0
3DFACE
8
C2
10
-5.35806
20
-2.12988
30
-8.97332
11
-5.38266
21
-2.20966
31
-8.84797
12
-5.23611
22
-2.21924
32
-8.82668
13
-5.21197
23
-2.13573
33
-8.94868
0
3DFACE
8
C2
10
-5.38266
20
-2.20966
30
-8.84797
11
-5.40736
21
-2.28866
31
-8.72192
12
-5.26063
22
-2.29967
32
-8.70191
13
-5.23611
23
-2.21924
33
-8.82668
0
3DFACE
8
C2
10
-5.40736
20
-2.28866
30
-8.72192
11
-5.43243
21
-2.36470
31
-8.59321
12
-5.28577
22
-2.37516
32
-8.57271
13
-5.26063
23
-2.29967
33
-8.70191
0
3DFACE
8
C2
10
-5.43243
20
-2.36470
30
-8.59321
11
-5.45807
21
-2.43624
31
-8.46046
12
-5.31178
22
-2.44373
32
-8.43730
13
-5.28577
23
-2.37516
33
-8.57271
0
3DFACE
8
C2
10
-5.45807
20
-2.43624
30
-8.46046
11
-5.48242
21
-2.51799
31
-8.33687
12
-5.33630
22
-2.52417
32
-8.31253
13
-5.31178
23
-2.44373
33
-8.43730
0
3DFACE
8
C2
10
-5.48242
20
-2.51799
30
-8.33687
11
-5.50615
21
-2.60480
31
-8.21783
12
-5.35952
22
-2.61504
32
-8.19713
13
-5.33630
23
-2.52417
33
-8.31253
0
3DFACE
8
C2
10
-5.50615
20
-2.60480
30
-8.21783
11
-5.52880
21
-2.70017
31
-8.10647
12
-5.38216
22
-2.71052
32
-8.08587
13
-5.35952
23
-2.61504
33
-8.19713
0
3DFACE
8
C2
10
-5.52880
20
-2.70017
30
-8.10647
11
-5.55175
21
-2.79324
31
-7.99304
12
-5.40543
22
-2.80095
32
-7.97008
13
-5.38216
23
-2.71052
33
-8.08587
0
3DFACE
8
C2
10
-5.55175
20
-2.79324
30
-7.99304
11
-5.57537
21
-2.88082
31
-7.87469
12
-5.42956
22
-2.88446
32
-7.84807
13
-5.40543
23
-2.80095
33
-7.97008
0
3DFACE
8
C2
10
-5.57537
20
-2.88082
30
-7.87469
11
-5.59700
21
-2.98443
31
-7.77072
12
-5.45106
22
-2.98907
32
-7.74500
13
-5.42956
23
-2.88446
33
-7.84807
0
3DFACE
8
C2
10
-5.59700
20
-2.98443
30
-7.77072
11
-5.61681
21
-3.10255
31
-7.67978
12
-5.47021
22
-3.11245
32
-7.65879
13
-5.45106
23
-2.98907
33
-7.74500
0
3DFACE
8
C2
10
-5.61681
20
-3.10255
30
-7.67978
11
-5.63759
21
-3.21286
31
-7.58183
12
-5.49055
22
-3.22640
32
-7.56409
13
-5.47021
23
-3.11245
33
-7.65879
0
3DFACE
8
C2
10
-5.63759
20
-3.21286
30
-7.58183
11
-5.66030
21
-3.30780
31
-7.47008
12
-5.51319
22
-3.32188
32
-7.45283
13
-5.49055
23
-3.22640
33
-7.56409
0
3DFACE
8
C2
10
-5.66030
20
-3.30780
30
-7.47008
11
-5.68463
21
-3.38977
31
-7.34669
12
-5.53754
22
-3.40363
32
-7.32925
13
-5.51319
23
-3.32188
33
-7.45283
0
3DFACE
8
C2
10
-5.68463
20
-3.38977
30
-7.34669
11
-5.70756
21
-3.48295
31
-7.23337
12
-5.56010
22
-3.49978
32
-7.21859
13
-5.53754
23
-3.40363
33
-7.32925
0
3DFACE
8
C2
10
-5.70756
20
-3.48295
30
-7.23337
11
-5.72836
21
-3.59315
31
-7.13532
12
-5.58022
22
-3.61537
32
-7.12537
13
-5.56010
23
-3.49978
33
-7.21859
0
3DFACE
8
C2
10
-5.72836
20
-3.59315
30
-7.13532
11
-5.74975
21
-3.69863
31
-7.03303
12
-5.60135
22
-3.72294
32
-7.02496
13
-5.58022
23
-3.61537
33
-7.12537
0
3DFACE
8
C2
10
-5.74975
20
-3.69863
30
-7.03303
11
-5.77173
21
-3.79939
31
-6.92651
12
-5.62326
22
-3.82424
32
-6.91893
13
-5.60135
23
-3.72294
33
-7.02496
0
3DFACE
8
C2
10
-5.77173
20
-3.79939
30
-6.92651
11
-5.79273
21
-3.90795
31
-6.82698
12
-5.64460
22
-3.93016
32
-6.81704
13
-5.62326
23
-3.82424
33
-6.91893
0
3DFACE
8
C2
10
-5.79273
20
-3.90795
30
-6.82698
11
-5.81266
21
-4.02508
31
-6.73515
12
-5.66475
22
-4.04553
32
-6.72363
13
-5.64460
23
-3.93016
33
-6.81704
0
3DFACE
8
C2
10
-5.81266
20
-4.02508
30
-6.73515
11
-5.83113
21
-4.15396
31
-6.65387
12
-5.68332
22
-4.17354
32
-6.64155
13
-5.66475
23
-4.04553
33
-6.72363
0
3DFACE
8
C2
10
-5.83113
20
-4.15396
30
-6.65387
11
-5.85037
21
-4.27658
31
-6.56696
12
-5.70276
22
-4.29462
32
-6.55327
13
-5.68332
23
-4.17354
33
-6.64155
0
3DFACE
8
C2
10
-4.14443
20
2.60080
30
-14.15152
11
-4.16796
21
2.51245
31
-14.03385
12
-4.02696
22
2.54726
32
-13.97273
13
-4.00307
23
2.63274
33
-14.09296
0
3DFACE
8
C2
10
-4.16796
20
2.51245
30
-14.03385
11
-4.19169
21
2.42565
31
-13.91480
12
-4.05058
22
2.45957
32
-13.85447
13
-4.02696
23
2.54726
33
-13.97273
0
3DFACE
8
C2
10
-4.19169
20
2.42565
30
-13.91480
11
-4.21536
21
2.33840
31
-13.79615
12
-4.07450
22
2.37430
32
-13.73404
13
-4.05058
23
2.45957
33
-13.85447
0
3DFACE
8
C2
10
-4.21536
20
2.33840
30
-13.79615
11
-4.23903
21
2.25116
31
-13.67750
12
-4.09855
22
2.29013
32
-13.61263
13
-4.07450
23
2.37430
33
-13.73404
0
3DFACE
8
C2
10
-4.23903
20
2.25116
30
-13.67750
11
-4.26226
21
2.16039
31
-13.56200
12
-4.12181
22
2.19959
32
-13.49693
13
-4.09855
23
2.29013
33
-13.61263
0
3DFACE
8
C2
10
-4.26226
20
2.16039
30
-13.56200
11
-4.28513
21
2.06678
31
-13.44907
12
-4.14435
22
2.10334
32
-13.38637
13
-4.12181
23
2.19959
33
-13.49693
0
3DFACE
8
C2
10
-4.28513
20
2.06678
30
-13.44907
11
-4.30771
21
1.97074
31
-13.33830
12
-4.16632
22
2.00247
32
-13.27994
13
-4.14435
23
2.10334
33
-13.38637
0
3DFACE
8
C2
10
-4.30771
20
1.97074
30
-13.33830
11
-4.32992
21
1.87185
31
-13.23010
12
-4.18834
22
1.90204
32
-13.17312
13
-4.16632
23
2.00247
33
-13.27994
0
3DFACE
8
C2
10
-4.32992
20
1.87185
30
-13.23010
11
-4.35183
21
1.77055
31
-13.12407
12
-4.21051
22
1.80282
32
-13.06521
13
-4.18834
23
1.90204
33
-13.17312
0
3DFACE
8
C2
10
-4.35183
20
1.77055
30
-13.12407
11
-4.37351
21
1.66737
31
-13.01971
12
-4.23207
22
1.69866
32
-12.96174
13
-4.21051
23
1.80282
33
-13.06521
0
3DFACE
8
C2
10
-4.37351
20
1.66737
30
-13.01971
11
-4.39473
21
1.56057
31
-12.91861
12
-4.25294
22
1.58900
32
-12.86321
13
-4.23207
23
1.69866
33
-12.96174
0
3DFACE
8
C2
10
-4.39473
20
1.56057
30
-12.91861
11
-4.41538
21
1.44916
31
-12.82165
12
-4.27301
22
1.47297
32
-12.77039
13
-4.25294
23
1.58900
33
-12.86321
0
3DFACE
8
C2
10
-4.41538
20
1.44916
30
-12.82165
11
-4.43597
21
1.33730
31
-12.72508
12
-4.29324
22
1.35826
32
-12.67638
13
-4.27301
23
1.47297
33
-12.77039
0
3DFACE
8
C2
10
-4.43597
20
1.33730
30
-12.72508
11
-4.45629
21
1.22325
31
-12.63049
12
-4.31357
22
1.24432
32
-12.58169
13
-4.29324
23
1.35826
33
-12.67638
0
3DFACE
8
C2
10
-4.45629
20
1.22325
30
-12.63049
11
-4.47611
21
1.10525
31
-12.53944
12
-4.33337
22
1.12610
32
-12.49084
13
-4.31357
23
1.24432
33
-12.58169
0
3DFACE
8
C2
10
-4.47611
20
1.10525
30
-12.53944
11
-4.49518
21
0.98120
31
-12.45382
12
-4.35231
22
1.00106
32
-12.40611
13
-4.33337
23
1.12610
33
-12.49084
0
3DFACE
8
C2
10
-4.49518
20
0.98120
30
-12.45382
11
-4.51292
21
0.84649
31
-12.37776
12
-4.37002
22
0.86614
32
-12.33025
13
-4.35231
23
1.00106
33
-12.40611
0
3DFACE
8
C2
10
-4.51292
20
0.84649
30
-12.37776
11
-4.53219
21
0.72409
31
-12.29066
12
-4.38910
22
0.74220
32
-12.24453
13
-4.37002
23
0.86614
33
-12.33025
0
3DFACE
8
C2
10
-4.53219
20
0.72409
30
-12.29066
11
-4.55215
21
0.60719
31
-12.19863
12
-4.40891
22
0.62408
32
-12.15358
13
-4.38910
23
0.74220
33
-12.24453
0
3DFACE
8
C2
10
-4.55215
20
0.60719
30
-12.19863
11
-4.57218
21
0.49083
31
-12.10611
12
-4.42858
22
0.50487
32
-12.06362
13
-4.40891
23
0.62408
33
-12.15358
0
3DFACE
8
C2
10
-4.57218
20
0.49083
30
-12.10611
11
-4.59243
21
0.37623
31
-12.01201
12
-4.44835
22
0.38642
32
-11.97297
13
-4.42858
23
0.50487
33
-12.06362
0
3DFACE
8
C2
10
-4.59243
20
0.37623
30
-12.01201
11
-4.61226
21
0.25833
31
-11.92086
12
-4.46770
22
0.26468
32
-11.88528
13
-4.44835
23
0.38642
33
-11.97297
0
3DFACE
8
C2
10
-4.61226
20
0.25833
30
-11.92086
11
-4.63405
21
0.15604
31
-11.81572
12
-4.48909
22
0.15920
32
-11.78299
13
-4.46770
23
0.26468
33
-11.88528
0
3DFACE
8
C2
10
-4.63405
20
0.15604
30
-11.81572
11
-4.65764
21
0.06813
31
-11.69766
12
-4.51226
22
0.06789
32
-11.66799
13
-4.48909
23
0.15920
33
-11.78299
0
3DFACE
8
C2
10
-4.65764
20
0.06813
30
-11.69766
11
-4.68024
21
-0.02768
31
-11.58669
12
-4.53477
22
-0.02858
32
-11.55762
13
-4.51226
23
0.06789
33
-11.66799
0
3DFACE
8
C2
10
-4.68024
20
-0.02768
30
-11.58669
11
-4.70266
21
-0.12493
31
-11.47701
12
-4.55738
22
-0.12429
32
-11.44656
13
-4.53477
23
-0.02858
33
-11.55762
0
3DFACE
8
C2
10
-4.70266
20
-0.12493
30
-11.47701
11
-4.72451
21
-0.22667
31
-11.37138
12
-4.57971
22
-0.22230
32
-11.33757
13
-4.55738
23
-0.12429
33
-11.44656
0
3DFACE
8
C2
10
-4.72451
20
-0.22667
30
-11.37138
11
-4.74706
21
-0.32293
31
-11.26081
12
-4.60259
22
-0.31581
32
-11.22453
13
-4.57971
23
-0.22230
33
-11.33757
0
3DFACE
8
C2
10
-4.74706
20
-0.32293
30
-11.26081
11
-4.77110
21
-0.40721
31
-11.13949
12
-4.62690
22
-0.39800
32
-11.10135
13
-4.60259
23
-0.31581
33
-11.22453
0
3DFACE
8
C2
10
-4.77110
20
-0.40721
30
-11.13949
11
-4.79455
21
-0.49621
31
-11.02242
12
-4.65051
22
-0.48568
32
-10.98309
13
-4.62690
23
-0.39800
33
-11.10135
0
3DFACE
8
C2
10
-4.79455
20
-0.49621
30
-11.02242
11
-4.81822
21
-0.58345
31
-10.90377
12
-4.67424
22
-0.57249
32
-10.86404
13
-4.65051
23
-0.48568
33
-10.98309
0
3DFACE
8
C2
10
-4.81822
20
-0.58345
30
-10.90377
11
-4.84210
21
-0.66905
31
-10.78363
12
-4.69802
22
-0.65886
32
-10.74460
13
-4.67424
23
-0.57249
33
-10.86404
0
3DFACE
8
C2
10
-4.84210
20
-0.66905
30
-10.78363
11
-4.86603
21
-0.75421
31
-10.66311
12
-4.72161
22
-0.74676
32
-10.62654
13
-4.69802
23
-0.65886
33
-10.74460
0
3DFACE
8
C2
10
-4.86603
20
-0.75421
30
-10.66311
11
-4.89036
21
-0.83618
31
-10.53972
12
-4.74534
22
-0.83346
32
-10.50739
13
-4.72161
23
-0.74676
33
-10.62654
0
3DFACE
8
C2
10
-4.89036
20
-0.83618
30
-10.53972
11
-4.91385
21
-0.92486
31
-10.42235
12
-4.76837
22
-0.92587
32
-10.39337
13
-4.74534
23
-0.83346
33
-10.50739
0
3DFACE
8
C2
10
-4.91385
20
-0.92486
30
-10.42235
11
-4.93657
21
-1.01968
31
-10.31050
12
-4.79073
22
-1.02355
32
-10.28409
13
-4.76837
23
-0.92587
33
-10.39337
0
3DFACE
8
C2
10
-4.93657
20
-1.01968
30
-10.31050
11
-4.95832
21
-1.12231
31
-10.20565
12
-4.81241
22
-1.12672
32
-10.17973
13
-4.79073
23
-1.02355
33
-10.28409
0
3DFACE
8
C2
10
-4.95832
20
-1.12231
30
-10.20565
11
-4.97982
21
-1.22691
31
-10.10258
12
-4.83366
22
-1.23330
32
-10.07843
13
-4.81241
23
-1.12672
33
-10.17973
0
3DFACE
8
C2
10
-4.97982
20
-1.22691
30
-10.10258
11
-5.00126
21
-1.33195
31
-9.99990
12
-4.85486
22
-1.34032
32
-9.97753
13
-4.83366
23
-1.23330
33
-10.07843
0
3DFACE
8
C2
10
-5.00126
20
-1.33195
30
-9.99990
11
-5.02288
21
-1.43557
31
-9.89594
12
-4.87640
22
-1.44460
32
-9.87416
13
-4.85486
23
-1.34032
33
-9.97753
0
3DFACE
8
C2
10
-5.02288
20
-1.43557
30
-9.89594
11
-5.04495
21
-1.53567
31
-9.78882
12
-4.89849
22
-1.54448
32
-9.76684
13
-4.87640
23
-1.44460
33
-9.87416
0
3DFACE
8
C2
10
-5.04495
20
-1.53567
30
-9.78882
11
-5.06767
21
-1.63049
31
-9.67697
12
-4.92153
22
-1.63678
32
-9.65272
13
-4.89849
23
-1.54448
33
-9.76684
0
3DFACE
8
C2
10
-5.06767
20
-1.63049
30
-9.67697
11
-5.09097
21
-1.72070
31
-9.56098
12
-4.94497
22
-1.72589
32
-9.53575
13
-4.92153
23
-1.63678
33
-9.65272
0
3DFACE
8
C2
10
-5.09097
20
-1.72070
30
-9.56098
11
-5.11506
21
-1.80454
31
-9.43927
12
-4.96888
22
-1.81116
32
-9.41532
13
-4.94497
23
-1.72589
33
-9.53575
0
3DFACE
8
C2
10
-5.11506
20
-1.80454
30
-9.43927
11
-5.13922
21
-1.88794
31
-9.31717
12
-4.99306
22
-1.89434
32
-9.29302
13
-4.96888
23
-1.81116
33
-9.41532
0
3DFACE
8
C2
10
-5.13922
20
-1.88794
30
-9.31717
11
-5.16346
21
-1.97057
31
-9.19437
12
-5.01742
22
-1.97609
32
-9.16944
13
-4.99306
23
-1.89434
33
-9.29302
0
3DFACE
8
C2
10
-5.16346
20
-1.97057
30
-9.19437
11
-5.18767
21
-2.05354
31
-9.07187
12
-5.04187
22
-2.05707
32
-9.04516
13
-5.01742
23
-1.97609
33
-9.16944
0
3DFACE
8
C2
10
-5.18767
20
-2.05354
30
-9.07187
11
-5.21197
21
-2.13573
31
-8.94868
12
-5.06609
22
-2.13992
32
-8.92257
13
-5.04187
23
-2.05707
33
-9.04516
0
3DFACE
8
C2
10
-5.21197
20
-2.13573
30
-8.94868
11
-5.23611
21
-2.21924
31
-8.82668
12
-5.08975
22
-2.22728
32
-8.80401
13
-5.06609
23
-2.13992
33
-8.92257
0
3DFACE
8
C2
10
-5.23611
20
-2.21924
30
-8.82668
11
-5.26063
21
-2.29967
31
-8.70191
12
-5.11393
22
-2.31046
32
-8.68171
13
-5.08975
23
-2.22728
33
-8.80401
0
3DFACE
8
C2
10
-5.26063
20
-2.29967
30
-8.70191
11
-5.28577
21
-2.37516
31
-8.57271
12
-5.13894
22
-2.38694
32
-8.55340
13
-5.11393
23
-2.31046
33
-8.68171
0
3DFACE
8
C2
10
-5.28577
20
-2.37516
30
-8.57271
11
-5.31178
21
-2.44373
31
-8.43730
12
-5.16498
22
-2.45529
32
-8.41778
13
-5.13894
23
-2.38694
33
-8.55340
0
3DFACE
8
C2
10
-5.31178
20
-2.44373
30
-8.43730
11
-5.33630
21
-2.52417
31
-8.31253
12
-5.18936
22
-2.53682
32
-8.29400
13
-5.16498
23
-2.45529
33
-8.41778
0
3DFACE
8
C2
10
-5.33630
20
-2.52417
30
-8.31253
11
-5.35952
21
-2.61504
31
-8.19713
12
-5.21214
22
-2.63121
32
-8.18176
13
-5.18936
23
-2.53682
33
-8.29400
0
3DFACE
8
C2
10
-5.35952
20
-2.61504
30
-8.19713
11
-5.38216
21
-2.71052
31
-8.08587
12
-5.23461
22
-2.72801
32
-8.07168
13
-5.21214
23
-2.63121
33
-8.18176
0
3DFACE
8
C2
10
-5.38216
20
-2.71052
30
-8.08587
11
-5.40543
21
-2.80095
31
-7.97008
12
-5.25802
22
-2.81734
32
-7.95490
13
-5.23461
23
-2.72801
33
-8.07168
0
3DFACE
8
C2
10
-5.40543
20
-2.80095
30
-7.97008
11
-5.42956
21
-2.88446
31
-7.84807
12
-5.28245
22
-2.89855
32
-7.83083
13
-5.25802
23
-2.81734
33
-7.95490
0
3DFACE
8
C2
10
-5.42956
20
-2.88446
30
-7.84807
11
-5.45106
21
-2.98907
31
-7.74500
12
-5.30398
22
-3.00293
32
-7.72756
13
-5.28245
23
-2.89855
33
-7.83083
0
3DFACE
8
C2
10
-5.45106
20
-2.98907
30
-7.74500
11
-5.47021
21
-3.11245
31
-7.65879
12
-5.32291
22
-3.12808
32
-7.64292
13
-5.30398
23
-3.00293
33
-7.72756
0
3DFACE
8
C2
10
-5.47021
20
-3.11245
30
-7.65879
11
-5.49055
21
-3.22640
31
-7.56409
12
-5.34302
22
-3.24378
32
-7.54981
13
-5.32291
23
-3.12808
33
-7.64292
0
3DFACE
8
C2
10
-5.49055
20
-3.22640
30
-7.56409
11
-5.51319
21
-3.32188
31
-7.45283
12
-5.36558
22
-3.33992
32
-7.43914
13
-5.34302
23
-3.24378
33
-7.54981
0
3DFACE
8
C2
10
-5.51319
20
-3.32188
30
-7.45283
11
-5.53754
21
-3.40363
31
-7.32925
12
-5.38973
22
-3.42332
32
-7.31704
13
-5.36558
23
-3.33992
33
-7.43914
0
3DFACE
8
C2
10
-5.53754
20
-3.40363
30
-7.32925
11
-5.56010
21
-3.49978
31
-7.21859
12
-5.41204
22
-3.52144
32
-7.20814
13
-5.38973
23
-3.42332
33
-7.31704
0
3DFACE
8
C2
10
-5.56010
20
-3.49978
30
-7.21859
11
-5.58022
21
-3.61537
31
-7.12537
12
-5.43191
22
-3.63901
32
-7.11671
13
-5.41204
23
-3.52144
33
-7.20814
0
3DFACE
8
C2
10
-5.58022
20
-3.61537
30
-7.12537
11
-5.60135
21
-3.72294
31
-7.02496
12
-5.45297
22
-3.74713
32
-7.01679
13
-5.43191
23
-3.63901
33
-7.11671
0
3DFACE
8
C2
10
-5.60135
20
-3.72294
30
-7.02496
11
-5.62326
21
-3.82424
31
-6.91893
12
-5.47497
22
-3.84777
32
-6.91016
13
-5.45297
23
-3.74713
33
-7.01679
0
3DFACE
8
C2
10
-5.62326
20
-3.82424
30
-6.91893
11
-5.64460
21
-3.93016
31
-6.81704
12
-5.49659
22
-3.95139
32
-6.80620
13
-5.47497
23
-3.84777
33
-6.91016
0
3DFACE
8
C2
10
-5.64460
20
-3.93016
30
-6.81704
11
-5.66475
21
-4.04553
31
-6.72363
12
-5.51702
22
-4.06456
32
-6.71082
13
-5.49659
23
-3.95139
33
-6.80620
0
3DFACE
8
C2
10
-5.66475
20
-4.04553
30
-6.72363
11
-5.68332
21
-4.17354
31
-6.64155
12
-5.53599
22
-4.18938
32
-6.62589
13
-5.51702
23
-4.06456
33
-6.71082
0
3DFACE
8
C2
10
-5.68332
20
-4.17354
30
-6.64155
11
-5.70276
21
-4.29462
31
-6.55327
12
-5.55569
22
-4.30837
32
-6.53573
13
-5.53599
23
-4.18938
33
-6.62589
0
3DFACE
8
C2
10
-4.00307
20
2.63274
30
-14.09296
11
-4.02696
21
2.54726
31
-13.97273
12
-3.88517
22
2.57569
32
-13.91733
13
-3.86100
23
2.65898
33
-14.03953
0
3DFACE
8
C2
10
-4.02696
20
2.54726
30
-13.97273
11
-4.05058
21
2.45957
31
-13.85447
12
-3.90873
22
2.48756
32
-13.79946
13
-3.88517
23
2.57569
33
-13.91733
0
3DFACE
8
C2
10
-4.05058
20
2.45957
30
-13.85447
11
-4.07450
21
2.37430
31
-13.73404
12
-3.93278
22
2.40339
32
-13.67805
13
-3.90873
23
2.48756
33
-13.79946
0
3DFACE
8
C2
10
-4.07450
20
2.37430
30
-13.73404
11
-4.09855
21
2.29013
31
-13.61263
12
-3.95713
22
2.32153
32
-13.55456
13
-3.93278
23
2.40339
33
-13.67805
0
3DFACE
8
C2
10
-4.09855
20
2.29013
30
-13.61263
11
-4.12181
21
2.19959
31
-13.49693
12
-3.98033
22
2.23055
32
-13.43926
13
-3.95713
23
2.32153
33
-13.55456
0
3DFACE
8
C2
10
-4.12181
20
2.19959
30
-13.49693
11
-4.14435
21
2.10334
31
-13.38637
12
-4.00257
22
2.13188
32
-13.33086
13
-3.98033
23
2.23055
33
-13.43926
0
3DFACE
8
C2
10
-4.14435
20
2.10334
30
-13.38637
11
-4.16632
21
2.00247
31
-13.27994
12
-4.02415
22
2.02794
32
-13.22720
13
-4.00257
23
2.13188
33
-13.33086
0
3DFACE
8
C2
10
-4.16632
20
2.00247
30
-13.27994
11
-4.18834
21
1.90204
31
-13.17312
12
-4.04599
22
1.92608
32
-13.12166
13
-4.02415
23
2.02794
33
-13.22720
0
3DFACE
8
C2
10
-4.18834
20
1.90204
30
-13.17312
11
-4.21051
21
1.80282
31
-13.06521
12
-4.06835
22
1.82829
32
-13.01247
13
-4.04599
23
1.92608
33
-13.12166
0
3DFACE
8
C2
10
-4.21051
20
1.80282
30
-13.06521
11
-4.23207
21
1.69866
31
-12.96174
12
-4.08986
22
1.72379
32
-12.90930
13
-4.06835
23
1.82829
33
-13.01247
0
3DFACE
8
C2
10
-4.23207
20
1.69866
30
-12.96174
11
-4.25294
21
1.58900
31
-12.86321
12
-4.11046
22
1.61205
32
-12.81263
13
-4.08986
23
1.72379
33
-12.90930
0
3DFACE
8
C2
10
-4.25294
20
1.58900
30
-12.86321
11
-4.27301
21
1.47297
31
-12.77039
12
-4.13012
22
1.49273
32
-12.72277
13
-4.11046
23
1.61205
33
-12.81263
0
3DFACE
8
C2
10
-4.27301
20
1.47297
30
-12.77039
11
-4.29324
21
1.35826
31
-12.67638
12
-4.15019
22
1.37670
32
-12.62995
13
-4.13012
23
1.49273
33
-12.72277
0
3DFACE
8
C2
10
-4.29324
20
1.35826
30
-12.67638
11
-4.31357
21
1.24432
31
-12.58169
12
-4.17061
22
1.26342
32
-12.53467
13
-4.15019
23
1.37670
33
-12.62995
0
3DFACE
8
C2
10
-4.31357
20
1.24432
30
-12.58169
11
-4.33337
21
1.12610
31
-12.49084
12
-4.19048
22
1.14585
32
-12.44323
13
-4.17061
23
1.26342
33
-12.53467
0
3DFACE
8
C2
10
-4.33337
20
1.12610
30
-12.49084
11
-4.35231
21
1.00106
31
-12.40611
12
-4.20943
22
1.02081
32
-12.35849
13
-4.19048
23
1.14585
33
-12.44323
0
3DFACE
8
C2
10
-4.35231
20
1.00106
30
-12.40611
11
-4.37002
21
0.86614
31
-12.33025
12
-4.22714
22
0.88589
32
-12.28263
13
-4.20943
23
1.02081
33
-12.35849
0
3DFACE
8
C2
10
-4.37002
20
0.86614
30
-12.33025
11
-4.38910
21
0.74220
31
-12.24453
12
-4.24630
22
0.76261
32
-12.19632
13
-4.22714
23
0.88589
33
-12.28263
0
3DFACE
8
C2
10
-4.38910
20
0.74220
30
-12.24453
11
-4.40891
21
0.62408
31
-12.15358
12
-4.26627
22
0.64581
32
-12.10419
13
-4.24630
23
0.76261
33
-12.19632
0
3DFACE
8
C2
10
-4.40891
20
0.62408
30
-12.15358
11
-4.42858
21
0.50487
31
-12.06362
12
-4.28589
22
0.52616
32
-12.01463
13
-4.26627
23
0.64581
33
-12.10419
0
3DFACE
8
C2
10
-4.42858
20
0.50487
30
-12.06362
11
-4.44835
21
0.38642
31
-11.97297
12
-4.30538
22
0.40552
32
-11.92595
13
-4.28589
23
0.52616
33
-12.01463
0
3DFACE
8
C2
10
-4.44835
20
0.38642
30
-11.97297
11
-4.46770
21
0.26468
31
-11.88528
12
-4.32420
22
0.27949
32
-11.84210
13
-4.30538
23
0.40552
33
-11.92595
0
3DFACE
8
C2
10
-4.46770
20
0.26468
30
-11.88528
11
-4.48909
21
0.15920
31
-11.78299
12
-4.34535
22
0.17203
32
-11.74159
13
-4.32420
23
0.27949
33
-11.84210
0
3DFACE
8
C2
10
-4.48909
20
0.15920
30
-11.78299
11
-4.51226
21
0.06789
31
-11.66799
12
-4.36841
22
0.07995
32
-11.62728
13
-4.34535
23
0.17203
33
-11.74159
0
3DFACE
8
C2
10
-4.51226
20
0.06789
30
-11.66799
11
-4.53477
21
-0.02858
31
-11.55762
12
-4.39090
22
-0.01674
32
-11.51710
13
-4.36841
23
0.07995
33
-11.62728
0
3DFACE
8
C2
10
-4.53477
20
-0.02858
30
-11.55762
11
-4.55738
21
-0.12429
31
-11.44656
12
-4.41355
22
-0.11212
32
-11.40575
13
-4.39090
23
-0.01674
33
-11.51710
0
3DFACE
8
C2
10
-4.55738
20
-0.12429
30
-11.44656
11
-4.57971
21
-0.22230
31
-11.33757
12
-4.43603
22
-0.20892
32
-11.29567
13
-4.41355
23
-0.11212
33
-11.40575
0
3DFACE
8
C2
10
-4.57971
20
-0.22230
30
-11.33757
11
-4.60259
21
-0.31581
31
-11.22453
12
-4.45909
22
-0.30100
32
-11.18136
13
-4.43603
23
-0.20892
33
-11.29567
0
3DFACE
8
C2
10
-4.60259
20
-0.31581
30
-11.22453
11
-4.62690
21
-0.39800
31
-11.10135
12
-4.48370
22
-0.38077
32
-11.05600
13
-4.45909
23
-0.30100
33
-11.18136
0
3DFACE
8
C2
10
-4.62690
20
-0.39800
30
-11.10135
11
-4.65051
21
-0.48568
31
-10.98309
12
-4.50734
22
-0.46824
32
-10.93754
13
-4.48370
23
-0.38077
33
-11.05600
0
3DFACE
8
C2
10
-4.65051
20
-0.48568
30
-10.98309
11
-4.67424
21
-0.57249
31
-10.86404
12
-4.53090
22
-0.55636
32
-10.81968
13
-4.50734
23
-0.46824
33
-10.93754
0
3DFACE
8
C2
10
-4.67424
20
-0.57249
30
-10.86404
11
-4.69802
21
-0.65886
31
-10.74460
12
-4.55441
22
-0.64493
32
-10.70221
13
-4.53090
23
-0.55636
33
-10.81968
0
3DFACE
8
C2
10
-4.69802
20
-0.65886
30
-10.74460
11
-4.72161
21
-0.74676
31
-10.62654
12
-4.57750
22
-0.73679
32
-10.58770
13
-4.55441
23
-0.64493
33
-10.70221
0
3DFACE
8
C2
10
-4.72161
20
-0.74676
30
-10.62654
11
-4.74534
21
-0.83346
31
-10.50739
12
-4.60072
22
-0.82766
32
-10.47230
13
-4.57750
23
-0.73679
33
-10.58770
0
3DFACE
8
C2
10
-4.74534
20
-0.83346
30
-10.50739
11
-4.76837
21
-0.92587
31
-10.39337
12
-4.62330
22
-0.92358
32
-10.36144
13
-4.60072
23
-0.82766
33
-10.47230
0
3DFACE
8
C2
10
-4.76837
20
-0.92587
30
-10.39337
11
-4.79073
21
-1.02355
31
-10.28409
12
-4.64534
22
-1.02390
32
-10.25452
13
-4.62330
23
-0.92358
33
-10.36144
0
3DFACE
8
C2
10
-4.79073
20
-1.02355
30
-10.28409
11
-4.81241
21
-1.12672
31
-10.17973
12
-4.66690
22
-1.12795
32
-10.15095
13
-4.64534
23
-1.02390
33
-10.25452
0
3DFACE
8
C2
10
-4.81241
20
-1.12672
30
-10.17973
11
-4.83366
21
-1.23330
31
-10.07843
12
-4.68796
22
-1.23607
32
-10.05103
13
-4.66690
23
-1.12795
33
-10.15095
0
3DFACE
8
C2
10
-4.83366
20
-1.23330
30
-10.07843
11
-4.85486
21
-1.34032
31
-9.97753
12
-4.70895
22
-1.34474
32
-9.95160
13
-4.68796
23
-1.23607
33
-10.05103
0
3DFACE
8
C2
10
-4.85486
20
-1.34032
30
-9.97753
11
-4.87640
21
-1.44460
31
-9.87416
12
-4.73047
22
-1.44923
32
-9.84843
13
-4.70895
23
-1.34474
33
-9.95160
0
3DFACE
8
C2
10
-4.87640
20
-1.44460
30
-9.87416
11
-4.89849
21
-1.54448
31
-9.76684
12
-4.75259
22
-1.54889
32
-9.74092
13
-4.73047
23
-1.44923
33
-9.84843
0
3DFACE
8
C2
10
-4.89849
20
-1.54448
30
-9.76684
11
-4.92153
21
-1.63678
31
-9.65272
12
-4.77584
22
-1.63943
32
-9.62523
13
-4.75259
23
-1.54889
33
-9.74092
0
3DFACE
8
C2
10
-4.92153
20
-1.63678
30
-9.65272
11
-4.94497
21
-1.72589
31
-9.53575
12
-4.79934
22
-1.72811
32
-9.50785
13
-4.77584
23
-1.63943
33
-9.62523
0
3DFACE
8
C2
10
-4.94497
20
-1.72589
30
-9.53575
11
-4.96888
21
-1.81116
31
-9.41532
12
-4.82306
22
-1.81491
32
-9.38881
13
-4.79934
23
-1.72811
33
-9.50785
0
3DFACE
8
C2
10
-4.96888
20
-1.81116
30
-9.41532
11
-4.99306
21
-1.89434
31
-9.29302
12
-4.84718
22
-1.89853
32
-9.26690
13
-4.82306
23
-1.81491
33
-9.38881
0
3DFACE
8
C2
10
-4.99306
20
-1.89434
30
-9.29302
11
-5.01742
21
-1.97609
31
-9.16944
12
-4.87153
22
-1.98040
32
-9.14342
13
-4.84718
23
-1.89853
33
-9.26690
0
3DFACE
8
C2
10
-5.01742
20
-1.97609
30
-9.16944
11
-5.04187
21
-2.05707
31
-9.04516
12
-4.89612
22
-2.06028
32
-9.01816
13
-4.87153
23
-1.98040
33
-9.14342
0
3DFACE
8
C2
10
-5.04187
20
-2.05707
30
-9.04516
11
-5.06609
21
-2.13992
31
-8.92257
12
-4.92017
22
-2.14445
32
-8.89674
13
-4.89612
23
-2.06028
33
-9.01816
0
3DFACE
8
C2
10
-5.06609
20
-2.13992
30
-8.92257
11
-5.08975
21
-2.22728
31
-8.80401
12
-4.94332
22
-2.23587
32
-8.78184
13
-4.92017
23
-2.14445
33
-8.89674
0
3DFACE
8
C2
10
-5.08975
20
-2.22728
30
-8.80401
11
-5.11393
21
-2.31046
31
-8.68171
12
-4.96713
22
-2.32202
32
-8.66220
13
-4.94332
23
-2.23587
33
-8.78184
0
3DFACE
8
C2
10
-5.11393
20
-2.31046
30
-8.68171
11
-5.13894
21
-2.38694
31
-8.55340
12
-4.99190
22
-2.40047
32
-8.53566
13
-4.96713
23
-2.32202
33
-8.66220
0
3DFACE
8
C2
10
-5.13894
20
-2.38694
30
-8.55340
11
-5.16498
21
-2.45529
31
-8.41778
12
-5.01784
22
-2.46959
32
-8.40074
13
-4.99190
23
-2.40047
33
-8.53566
0
3DFACE
8
C2
10
-5.16498
20
-2.45529
30
-8.41778
11
-5.18936
21
-2.53682
31
-8.29400
12
-5.04200
22
-2.55288
32
-8.27853
13
-5.01784
23
-2.46959
33
-8.40074
0
3DFACE
8
C2
10
-5.18936
20
-2.53682
30
-8.29400
11
-5.21214
21
-2.63121
31
-8.18176
12
-5.06438
22
-2.65045
32
-8.16915
13
-5.04200
23
-2.55288
33
-8.27853
0
3DFACE
8
C2
10
-5.21214
20
-2.63121
30
-8.18176
11
-5.23461
21
-2.72801
31
-8.07168
12
-5.08674
22
-2.74814
32
-8.05986
13
-5.06438
23
-2.65045
33
-8.16915
0
3DFACE
8
C2
10
-5.23461
20
-2.72801
30
-8.07168
11
-5.25802
21
-2.81734
31
-7.95490
12
-5.11021
22
-2.83703
32
-7.94269
13
-5.08674
23
-2.74814
33
-8.05986
0
3DFACE
8
C2
10
-5.25802
20
-2.81734
30
-7.95490
11
-5.28245
21
-2.89855
31
-7.83083
12
-5.13479
22
-2.91702
32
-7.81753
13
-5.11021
23
-2.83703
33
-7.94269
0
3DFACE
8
C2
10
-5.28245
20
-2.89855
30
-7.83083
11
-5.30398
21
-3.00293
31
-7.72756
12
-5.15645
22
-3.02031
32
-7.71327
13
-5.13479
23
-2.91702
33
-7.81753
0
3DFACE
8
C2
10
-5.30398
20
-3.00293
30
-7.72756
11
-5.32291
21
-3.12808
31
-7.64292
12
-5.17546
22
-3.14480
32
-7.62804
13
-5.15645
23
-3.02031
33
-7.71327
0
3DFACE
8
C2
10
-5.32291
20
-3.12808
30
-7.64292
11
-5.34302
21
-3.24378
31
-7.54981
12
-5.19566
22
-3.25984
32
-7.53434
13
-5.17546
23
-3.14480
33
-7.62804
0
3DFACE
8
C2
10
-5.34302
20
-3.24378
30
-7.54981
11
-5.36558
21
-3.33992
31
-7.43914
12
-5.21816
22
-3.35642
32
-7.42406
13
-5.19566
23
-3.25984
33
-7.53434
0
3DFACE
8
C2
10
-5.36558
20
-3.33992
30
-7.43914
11
-5.38973
21
-3.42332
31
-7.31704
12
-5.24209
22
-3.44158
32
-7.30354
13
-5.21816
23
-3.35642
33
-7.42406
0
3DFACE
8
C2
10
-5.38973
20
-3.42332
30
-7.31704
11
-5.41204
21
-3.52144
31
-7.20814
12
-5.26432
22
-3.54036
32
-7.19524
13
-5.24209
23
-3.44158
33
-7.30354
0
3DFACE
8
C2
10
-5.41204
20
-3.52144
30
-7.20814
11
-5.43191
21
-3.63901
31
-7.11671
12
-5.28421
22
-3.65781
32
-7.10370
13
-5.26432
23
-3.54036
33
-7.19524
0
3DFACE
8
C2
10
-5.43191
20
-3.63901
30
-7.11671
11
-5.45297
21
-3.74713
31
-7.01679
12
-5.30536
22
-3.76516
32
-7.00309
13
-5.28421
23
-3.65781
33
-7.10370
0
3DFACE
8
C2
10
-5.45297
20
-3.74713
30
-7.01679
11
-5.47497
21
-3.84777
31
-6.91016
12
-5.32740
22
-3.86548
32
-6.89617
13
-5.30536
23
-3.76516
33
-7.00309
0
3DFACE
8
C2
10
-5.47497
20
-3.84777
30
-6.91016
11
-5.49659
21
-3.95139
31
-6.80620
12
-5.34919
22
-3.96778
32
-6.79103
13
-5.32740
23
-3.86548
33
-6.89617
0
3DFACE
8
C2
10
-5.49659
20
-3.95139
30
-6.80620
11
-5.51702
21
-4.06456
31
-6.71082
12
-5.36997
22
-4.07809
32
-6.69308
13
-5.34919
23
-3.96778
33
-6.79103
0
3DFACE
8
C2
10
-5.51702
20
-4.06456
30
-6.71082
11
-5.53599
21
-4.18938
31
-6.62589
12
-5.38944
22
-4.19896
32
-6.60460
13
-5.36997
23
-4.07809
33
-6.69308
0
3DFACE
8
C2
10
-5.53599
20
-4.18938
30
-6.62589
11
-5.55569
21
-4.30837
31
-6.53573
12
-5.40947
22
-4.31532
32
-6.51208
13
-5.38944
23
-4.19896
33
-6.60460
0
3DFACE
8
C2
10
-3.86100
20
2.65898
30
-14.03953
11
-3.88517
21
2.57569
31
-13.91733
12
-3.74469
22
2.61467
32
-13.85246
13
-3.72081
23
2.70026
33
-13.97259
0
3DFACE
8
C2
10
-3.88517
20
2.57569
30
-13.91733
11
-3.90873
21
2.48756
31
-13.79946
12
-3.76781
22
2.52303
32
-13.73775
13
-3.74469
23
2.61467
33
-13.85246
0
3DFACE
8
C2
10
-3.90873
20
2.48756
30
-13.79946
11
-3.93278
21
2.40339
31
-13.67805
12
-3.79145
22
2.43556
32
-13.61929
13
-3.76781
23
2.52303
33
-13.73775
0
3DFACE
8
C2
10
-3.93278
20
2.40339
30
-13.67805
11
-3.95713
21
2.32153
31
-13.55456
12
-3.81542
22
2.35073
32
-13.49847
13
-3.79145
23
2.43556
33
-13.61929
0
3DFACE
8
C2
10
-3.95713
20
2.32153
30
-13.55456
11
-3.98033
21
2.23055
31
-13.43926
12
-3.83834
22
2.25744
32
-13.38524
13
-3.81542
23
2.35073
33
-13.49847
0
3DFACE
8
C2
10
-3.98033
20
2.23055
30
-13.43926
11
-4.00257
21
2.13188
31
-13.33086
12
-3.86025
22
2.15614
32
-13.27921
13
-3.83834
23
2.25744
33
-13.38524
0
3DFACE
8
C2
10
-4.00257
20
2.13188
30
-13.33086
11
-4.02415
21
2.02794
31
-13.22720
12
-3.88158
22
2.05022
32
-13.17732
13
-3.86025
23
2.15614
33
-13.27921
0
3DFACE
8
C2
10
-4.02415
20
2.02794
30
-13.22720
11
-4.04599
21
1.92608
31
-13.12166
12
-3.90322
22
1.94671
32
-13.07326
13
-3.88158
23
2.05022
33
-13.17732
0
3DFACE
8
C2
10
-4.04599
20
1.92608
30
-13.12166
11
-4.06835
21
1.82829
31
-13.01247
12
-3.92554
22
1.84870
32
-12.96427
13
-3.90322
23
1.94671
33
-13.07326
0
3DFACE
8
C2
10
-4.06835
20
1.82829
30
-13.01247
11
-4.08986
21
1.72379
31
-12.90930
12
-3.94699
22
1.74366
32
-12.86159
13
-3.92554
23
1.84870
33
-12.96427
0
3DFACE
8
C2
10
-4.08986
20
1.72379
30
-12.90930
11
-4.11046
21
1.61205
31
-12.81263
12
-3.96753
22
1.63136
32
-12.76542
13
-3.94699
23
1.74366
33
-12.86159
0
3DFACE
8
C2
10
-4.11046
20
1.61205
30
-12.81263
11
-4.13012
21
1.49273
31
-12.72277
12
-3.98718
22
1.51204
32
-12.67555
13
-3.96753
23
1.63136
33
-12.76542
0
3DFACE
8
C2
10
-4.13012
20
1.49273
30
-12.72277
11
-4.15019
21
1.37670
31
-12.62995
12
-4.00730
22
1.39634
32
-12.58244
13
-3.98718
23
1.51204
33
-12.67555
0
3DFACE
8
C2
10
-4.15019
20
1.37670
30
-12.62995
11
-4.17061
21
1.26342
31
-12.53467
12
-4.02778
22
1.28361
32
-12.48666
13
-4.00730
23
1.39634
33
-12.58244
0
3DFACE
8
C2
10
-4.17061
20
1.26342
30
-12.53467
11
-4.19048
21
1.14585
31
-12.44323
12
-4.04775
22
1.16681
32
-12.39453
13
-4.02778
23
1.28361
33
-12.48666
0
3DFACE
8
C2
10
-4.19048
20
1.14585
30
-12.44323
11
-4.20943
21
1.02081
31
-12.35849
12
-4.06685
22
1.04298
32
-12.30871
13
-4.04775
23
1.16681
33
-12.39453
0
3DFACE
8
C2
10
-4.20943
20
1.02081
30
-12.35849
11
-4.22714
21
0.88589
31
-12.28263
12
-4.08482
22
0.91015
32
-12.23098
13
-4.06685
23
1.04298
33
-12.30871
0
3DFACE
8
C2
10
-4.22714
20
0.88589
30
-12.28263
11
-4.24630
21
0.76261
31
-12.19632
12
-4.10412
22
0.78797
32
-12.14368
13
-4.08482
23
0.91015
33
-12.23098
0
3DFACE
8
C2
10
-4.24630
20
0.76261
30
-12.19632
11
-4.26627
21
0.64581
31
-12.10419
12
-4.12415
22
0.67161
32
-12.05116
13
-4.10412
23
0.78797
33
-12.14368
0
3DFACE
8
C2
10
-4.26627
20
0.64581
30
-12.10419
11
-4.28589
21
0.52616
31
-12.01463
12
-4.14379
22
0.55217
32
-11.96139
13
-4.12415
23
0.67161
33
-12.05116
0
3DFACE
8
C2
10
-4.28589
20
0.52616
30
-12.01463
11
-4.30538
21
0.40552
31
-11.92595
12
-4.16321
22
0.43098
32
-11.87321
13
-4.14379
23
0.55217
33
-11.96139
0
3DFACE
8
C2
10
-4.30538
20
0.40552
30
-11.92595
11
-4.32420
21
0.27949
31
-11.84210
12
-4.18157
22
0.30122
32
-11.79271
13
-4.16321
23
0.43098
33
-11.87321
0
3DFACE
8
C2
10
-4.32420
20
0.27949
30
-11.84210
11
-4.34535
21
0.17203
31
-11.74159
12
-4.20260
22
0.19288
32
-11.69299
13
-4.18157
23
0.30122
33
-11.79271
0
3DFACE
8
C2
10
-4.34535
20
0.17203
30
-11.74159
11
-4.36841
21
0.07995
31
-11.62728
12
-4.22547
22
0.09927
32
-11.58006
13
-4.20260
23
0.19288
33
-11.69299
0
3DFACE
8
C2
10
-4.36841
20
0.07995
30
-11.62728
11
-4.39090
21
-0.01674
31
-11.51710
12
-4.24787
22
0.00180
32
-11.47057
13
-4.22547
23
0.09927
33
-11.58006
0
3DFACE
8
C2
10
-4.39090
20
-0.01674
30
-11.51710
11
-4.41355
21
-0.11212
31
-11.40575
12
-4.27048
22
-0.09390
32
-11.35951
13
-4.24787
23
0.00180
33
-11.47057
0
3DFACE
8
C2
10
-4.41355
20
-0.11212
30
-11.40575
11
-4.43603
21
-0.20892
31
-11.29567
12
-4.29284
22
-0.19158
32
-11.25023
13
-4.27048
23
-0.09390
33
-11.35951
0
3DFACE
8
C2
10
-4.43603
20
-0.20892
30
-11.29567
11
-4.45909
21
-0.30100
31
-11.18136
12
-4.31591
22
-0.28366
32
-11.13591
13
-4.29284
23
-0.19158
33
-11.25023
0
3DFACE
8
C2
10
-4.45909
20
-0.30100
30
-11.18136
11
-4.48370
21
-0.38077
31
-11.05600
12
-4.34086
22
-0.36069
32
-11.00809
13
-4.31591
23
-0.28366
33
-11.13591
0
3DFACE
8
C2
10
-4.48370
20
-0.38077
30
-11.05600
11
-4.50734
21
-0.46824
31
-10.93754
12
-4.36428
22
-0.44991
32
-10.89121
13
-4.34086
23
-0.36069
33
-11.00809
0
3DFACE
8
C2
10
-4.50734
20
-0.46824
30
-10.93754
11
-4.53090
21
-0.55636
31
-10.81968
12
-4.38752
22
-0.54056
32
-10.77562
13
-4.36428
23
-0.44991
33
-10.89121
0
3DFACE
8
C2
10
-4.53090
20
-0.55636
30
-10.81968
11
-4.55441
21
-0.64493
31
-10.70221
12
-4.41074
22
-0.63144
32
-10.66022
13
-4.38752
23
-0.54056
33
-10.77562
0
3DFACE
8
C2
10
-4.55441
20
-0.64493
30
-10.70221
11
-4.57750
21
-0.73679
31
-10.58770
12
-4.43339
22
-0.72681
32
-10.54886
13
-4.41074
23
-0.63144
33
-10.66022
0
3DFACE
8
C2
10
-4.57750
20
-0.73679
30
-10.58770
11
-4.60072
21
-0.82766
31
-10.47230
12
-4.45620
22
-0.82098
32
-10.43642
13
-4.43339
23
-0.72681
33
-10.54886
0
3DFACE
8
C2
10
-4.60072
20
-0.82766
30
-10.47230
11
-4.62330
21
-0.92358
31
-10.36144
12
-4.47832
22
-0.92064
32
-10.32891
13
-4.45620
23
-0.82098
33
-10.43642
0
3DFACE
8
C2
10
-4.62330
20
-0.92358
30
-10.36144
11
-4.64534
21
-1.02390
31
-10.25452
12
-4.49999
22
-1.02381
32
-10.22455
13
-4.47832
23
-0.92064
33
-10.32891
0
3DFACE
8
C2
10
-4.64534
20
-1.02390
30
-10.25452
11
-4.66690
21
-1.12795
31
-10.15095
12
-4.52158
22
-1.12776
32
-10.12089
13
-4.49999
23
-1.02381
33
-10.22455
0
3DFACE
8
C2
10
-4.66690
20
-1.12795
30
-10.15095
11
-4.68796
21
-1.23607
31
-10.05103
12
-4.54254
22
-1.23664
32
-10.02166
13
-4.52158
23
-1.12776
33
-10.12089
0
3DFACE
8
C2
10
-4.68796
20
-1.23607
30
-10.05103
11
-4.70895
21
-1.34474
31
-9.95160
12
-4.56337
22
-1.34663
32
-9.92342
13
-4.54254
23
-1.23664
33
-10.02166
0
3DFACE
8
C2
10
-4.70895
20
-1.34474
30
-9.95160
11
-4.73047
21
-1.44923
31
-9.84843
12
-4.58481
22
-1.45167
32
-9.82074
13
-4.56337
23
-1.34663
33
-9.92342
0
3DFACE
8
C2
10
-4.73047
20
-1.44923
30
-9.84843
11
-4.75259
21
-1.54889
31
-9.74092
12
-4.60686
22
-1.55188
32
-9.71372
13
-4.58481
23
-1.45167
33
-9.82074
0
3DFACE
8
C2
10
-4.75259
20
-1.54889
30
-9.74092
11
-4.77584
21
-1.63943
31
-9.62523
12
-4.63003
22
-1.64308
32
-9.59861
13
-4.60686
23
-1.55188
33
-9.71372
0
3DFACE
8
C2
10
-4.77584
20
-1.63943
30
-9.62523
11
-4.79934
21
-1.72811
31
-9.50785
12
-4.65350
22
-1.73197
32
-9.48144
13
-4.63003
23
-1.64308
33
-9.59861
0
3DFACE
8
C2
10
-4.79934
20
-1.72811
30
-9.50785
11
-4.82306
21
-1.81491
31
-9.38881
12
-4.67689
22
-1.82142
32
-9.36476
13
-4.65350
23
-1.73197
33
-9.48144
0
3DFACE
8
C2
10
-4.82306
20
-1.81491
30
-9.38881
11
-4.84718
21
-1.89853
31
-9.26690
12
-4.70085
22
-1.90635
32
-9.24404
13
-4.67689
23
-1.82142
33
-9.36476
0
3DFACE
8
C2
10
-4.84718
20
-1.89853
30
-9.26690
11
-4.87153
21
-1.98040
31
-9.14342
12
-4.72502
22
-1.98965
32
-9.12183
13
-4.70085
23
-1.90635
33
-9.24404
0
3DFACE
8
C2
10
-4.87153
20
-1.98040
30
-9.14342
11
-4.89612
21
-2.06028
31
-9.01816
12
-4.74942
22
-2.07107
32
-8.99795
13
-4.72502
23
-1.98965
33
-9.12183
0
3DFACE
8
C2
10
-4.89612
20
-2.06028
30
-9.01816
11
-4.92017
21
-2.14445
31
-8.89674
12
-4.77326
22
-2.15689
32
-8.87802
13
-4.74942
23
-2.07107
33
-8.99795
0
3DFACE
8
C2
10
-4.92017
20
-2.14445
30
-8.89674
11
-4.94332
21
-2.23587
31
-8.78184
12
-4.79617
22
-2.25028
32
-8.76489
13
-4.77326
23
-2.15689
33
-8.87802
0
3DFACE
8
C2
10
-4.94332
20
-2.23587
30
-8.78184
11
-4.96713
21
-2.32202
31
-8.66220
12
-4.81955
22
-2.33984
32
-8.64831
13
-4.79617
23
-2.25028
33
-8.76489
0
3DFACE
8
C2
10
-4.96713
20
-2.32202
30
-8.66220
11
-4.99190
21
-2.40047
31
-8.53566
12
-4.84379
22
-2.42247
32
-8.52551
13
-4.81955
23
-2.33984
33
-8.64831
0
3DFACE
8
C2
10
-4.99190
20
-2.40047
30
-8.53566
11
-5.01784
21
-2.46959
31
-8.40074
12
-4.86910
22
-2.49664
32
-8.39513
13
-4.84379
23
-2.42247
33
-8.52551
0
3DFACE
8
C2
10
-5.01784
20
-2.46959
30
-8.40074
11
-5.04200
21
-2.55288
31
-8.27853
12
-4.89289
22
-2.58290
32
-8.27559
13
-4.86910
23
-2.49664
33
-8.39513
0
3DFACE
8
C2
10
-5.04200
20
-2.55288
30
-8.27853
11
-5.06438
21
-2.65045
31
-8.16915
12
-4.91508
22
-2.68201
32
-8.16758
13
-4.89289
23
-2.58290
33
-8.27559
0
3DFACE
8
C2
10
-5.06438
20
-2.65045
30
-8.16915
11
-5.08674
21
-2.74814
31
-8.05986
12
-4.93729
22
-2.78090
32
-8.05938
13
-4.91508
23
-2.68201
33
-8.16758
0
3DFACE
8
C2
10
-5.08674
20
-2.74814
30
-8.05986
11
-5.11021
21
-2.83703
31
-7.94269
12
-4.96061
22
-2.87100
32
-7.94329
13
-4.93729
23
-2.78090
33
-8.05938
0
3DFACE
8
C2
10
-5.11021
20
-2.83703
30
-7.94269
11
-5.13479
21
-2.91702
31
-7.81753
12
-4.98499
22
-2.95253
32
-7.81951
13
-4.96061
23
-2.87100
33
-7.94329
0
3DFACE
8
C2
10
-5.13479
20
-2.91702
30
-7.81753
11
-5.15645
21
-3.02031
31
-7.71327
12
-5.00688
22
-3.05406
32
-7.71368
13
-4.98499
23
-2.95253
33
-7.81951
0
3DFACE
8
C2
10
-5.15645
20
-3.02031
30
-7.71327
11
-5.17546
21
-3.14480
31
-7.62804
12
-5.02652
22
-3.17349
32
-7.62391
13
-5.00688
23
-3.05406
33
-7.71368
0
3DFACE
8
C2
10
-5.17546
20
-3.14480
30
-7.62804
11
-5.19566
21
-3.25984
31
-7.53434
12
-5.04728
22
-3.28403
32
-7.52616
13
-5.02652
23
-3.17349
33
-7.62391
0
3DFACE
8
C2
10
-5.19566
20
-3.25984
30
-7.53434
11
-5.21816
21
-3.35642
31
-7.42406
12
-5.06992
22
-3.37951
32
-7.41491
13
-5.04728
23
-3.28403
33
-7.52616
0
3DFACE
8
C2
10
-5.21816
20
-3.35642
30
-7.42406
11
-5.24209
21
-3.44158
31
-7.30354
12
-5.09377
22
-3.46533
32
-7.29497
13
-5.06992
23
-3.37951
33
-7.41491
0
3DFACE
8
C2
10
-5.24209
20
-3.44158
30
-7.30354
11
-5.26432
21
-3.54036
31
-7.19524
12
-5.11621
22
-3.56235
32
-7.18509
13
-5.09377
23
-3.46533
33
-7.29497
0
3DFACE
8
C2
10
-5.26432
20
-3.54036
30
-7.19524
11
-5.28421
21
-3.65781
31
-7.10370
12
-5.13672
22
-3.67486
32
-7.08912
13
-5.11621
23
-3.56235
33
-7.18509
0
3DFACE
8
C2
10
-5.28421
20
-3.65781
30
-7.10370
11
-5.30536
21
-3.76516
31
-7.00309
12
-5.15837
22
-3.77826
32
-6.98496
13
-5.13672
23
-3.67486
33
-7.08912
0
3DFACE
8
C2
10
-5.30536
20
-3.76516
30
-7.00309
11
-5.32740
21
-3.86548
31
-6.89617
12
-5.18074
22
-3.87594
32
-6.87567
13
-5.15837
23
-3.77826
33
-6.98496
0
3DFACE
8
C2
10
-5.32740
20
-3.86548
30
-6.89617
11
-5.34919
21
-3.96778
31
-6.79103
12
-5.20273
22
-3.97659
32
-6.76905
13
-5.18074
23
-3.87594
33
-6.87567
0
3DFACE
8
C2
10
-5.34919
20
-3.96778
30
-6.79103
11
-5.36997
21
-4.07809
31
-6.69308
12
-5.22400
22
-4.08306
32
-6.66765
13
-5.20273
23
-3.97659
33
-6.76905
0
3DFACE
8
C2
10
-5.36997
20
-4.07809
30
-6.69308
11
-5.38944
21
-4.19896
31
-6.60460
12
-5.24415
22
-4.19843
32
-6.57424
13
-5.22400
23
-4.08306
33
-6.66765
0
3DFACE
8
C2
10
-5.38944
20
-4.19896
30
-6.60460
11
-5.40947
21
-4.31532
31
-6.51208
12
-5.26467
22
-4.31083
32
-6.47817
13
-5.24415
23
-4.19843
33
-6.57424
0
3DFACE
8
C2
10
-3.72081
20
2.70026
30
-13.97259
11
-3.74469
21
2.61467
31
-13.85246
12
-3.60076
22
2.62607
32
-13.81234
13
-3.57684
23
2.71134
33
-13.93277
0
3DFACE
8
C2
10
-3.74469
20
2.61467
30
-13.85246
11
-3.76781
21
2.52303
31
-13.73775
12
-3.62391
22
2.53465
32
-13.69743
13
-3.60076
23
2.62607
33
-13.81234
0
3DFACE
8
C2
10
-3.76781
20
2.52303
30
-13.73775
11
-3.79145
21
2.43556
31
-13.61929
12
-3.64751
22
2.44685
32
-13.57927
13
-3.62391
23
2.53465
33
-13.69743
0
3DFACE
8
C2
10
-3.79145
20
2.43556
30
-13.61929
11
-3.81542
21
2.35073
31
-13.49847
12
-3.67146
22
2.36181
32
-13.45865
13
-3.64751
23
2.44685
33
-13.57927
0
3DFACE
8
C2
10
-3.81542
20
2.35073
30
-13.49847
11
-3.83834
21
2.25744
31
-13.38524
12
-3.69431
22
2.26808
32
-13.34581
13
-3.67146
23
2.36181
33
-13.45865
0
3DFACE
8
C2
10
-3.83834
20
2.25744
30
-13.38524
11
-3.86025
21
2.15614
31
-13.27921
12
-3.71613
22
2.16600
32
-13.24047
13
-3.69431
23
2.26808
33
-13.34581
0
3DFACE
8
C2
10
-3.86025
20
2.15614
30
-13.27921
11
-3.88158
21
2.05022
31
-13.17732
12
-3.73745
22
2.05997
32
-13.13868
13
-3.71613
23
2.16600
33
-13.24047
0
3DFACE
8
C2
10
-3.88158
20
2.05022
30
-13.17732
11
-3.90322
21
1.94671
31
-13.07326
12
-3.75909
22
1.95647
32
-13.03462
13
-3.73745
23
2.05997
33
-13.13868
0
3DFACE
8
C2
10
-3.90322
20
1.94671
30
-13.07326
11
-3.92554
21
1.84870
31
-12.96427
12
-3.78141
22
1.85846
32
-12.92563
13
-3.75909
23
1.95647
33
-13.03462
0
3DFACE
8
C2
10
-3.92554
20
1.84870
30
-12.96427
11
-3.94699
21
1.74366
31
-12.86159
12
-3.80288
22
1.75363
32
-12.82275
13
-3.78141
23
1.85846
33
-12.92563
0
3DFACE
8
C2
10
-3.94699
20
1.74366
30
-12.86159
11
-3.96753
21
1.63136
31
-12.76542
12
-3.82335
22
1.64079
32
-12.72707
13
-3.80288
23
1.75363
33
-12.82275
0
3DFACE
8
C2
10
-3.96753
20
1.63136
30
-12.76542
11
-3.98718
21
1.51204
31
-12.67555
12
-3.84286
22
1.52026
32
-12.63829
13
-3.82335
23
1.64079
33
-12.72707
0
3DFACE
8
C2
10
-3.98718
20
1.51204
30
-12.67555
11
-4.00730
21
1.39634
31
-12.58244
12
-3.86289
22
1.40390
32
-12.54577
13
-3.84286
23
1.52026
33
-12.63829
0
3DFACE
8
C2
10
-4.00730
20
1.39634
30
-12.58244
11
-4.02778
21
1.28361
31
-12.48666
12
-3.88330
22
1.29062
32
-12.45049
13
-3.86289
23
1.40390
33
-12.54577
0
3DFACE
8
C2
10
-4.02778
20
1.28361
30
-12.48666
11
-4.04775
21
1.16681
31
-12.39453
12
-3.90334
22
1.17437
32
-12.35786
13
-3.88330
23
1.29062
33
-12.45049
0
3DFACE
8
C2
10
-4.04775
20
1.16681
30
-12.39453
11
-4.06685
21
1.04298
31
-12.30871
12
-3.92254
22
1.05131
32
-12.27135
13
-3.90334
23
1.17437
33
-12.35786
0
3DFACE
8
C2
10
-4.06685
20
1.04298
30
-12.30871
11
-4.08482
21
0.91015
31
-12.23098
12
-3.94072
22
0.92023
32
-12.19204
13
-3.92254
23
1.05131
33
-12.27135
0
3DFACE
8
C2
10
-4.08482
20
0.91015
30
-12.23098
11
-4.10412
21
0.78797
31
-12.14368
12
-3.96027
22
0.80003
32
-12.10297
13
-3.94072
23
0.92023
33
-12.19204
0
3DFACE
8
C2
10
-4.10412
20
0.78797
30
-12.14368
11
-4.12415
21
0.67161
31
-12.05116
12
-3.98053
22
0.68554
32
-12.00877
13
-3.96027
23
0.80003
33
-12.10297
0
3DFACE
8
C2
10
-4.12415
20
0.67161
30
-12.05116
11
-4.14379
21
0.55217
31
-11.96139
12
-4.00017
22
0.56599
32
-11.91910
13
-3.98053
23
0.68554
33
-12.00877
0
3DFACE
8
C2
10
-4.14379
20
0.55217
30
-11.96139
11
-4.16321
21
0.43098
31
-11.87321
12
-4.01944
22
0.44359
32
-11.83200
13
-4.00017
23
0.56599
33
-11.91910
0
3DFACE
8
C2
10
-4.16321
20
0.43098
30
-11.87321
11
-4.18157
21
0.30122
31
-11.79271
12
-4.03750
22
0.31153
32
-11.75358
13
-4.01944
23
0.44359
33
-11.83200
0
3DFACE
8
C2
10
-4.18157
20
0.30122
30
-11.79271
11
-4.20260
21
0.19288
31
-11.69299
12
-4.05826
22
0.20099
32
-11.65583
13
-4.03750
23
0.31153
33
-11.75358
0
3DFACE
8
C2
10
-4.20260
20
0.19288
30
-11.69299
11
-4.22547
21
0.09927
31
-11.58006
12
-4.08083
22
0.10496
32
-11.54506
13
-4.05826
23
0.20099
33
-11.65583
0
3DFACE
8
C2
10
-4.22547
20
0.09927
30
-11.58006
11
-4.24787
21
0.00180
31
-11.47057
12
-4.10303
22
0.00596
32
-11.43696
13
-4.08083
23
0.10496
33
-11.54506
0
3DFACE
8
C2
10
-4.24787
20
0.00180
30
-11.47057
11
-4.27048
21
-0.09390
31
-11.35951
12
-4.12559
22
-0.09019
32
-11.32630
13
-4.10303
23
0.00596
33
-11.43696
0
3DFACE
8
C2
10
-4.27048
20
-0.09390
30
-11.35951
11
-4.29284
21
-0.19158
31
-11.25023
12
-4.14799
22
-0.18754
32
-11.21671
13
-4.12559
23
-0.09019
33
-11.32630
0
3DFACE
8
C2
10
-4.29284
20
-0.19158
30
-11.25023
11
-4.31591
21
-0.28366
31
-11.13591
12
-4.17123
22
-0.27830
32
-11.10122
13
-4.14799
23
-0.18754
33
-11.21671
0
3DFACE
8
C2
10
-4.31591
20
-0.28366
30
-11.13591
11
-4.34086
21
-0.36069
31
-11.00809
12
-4.19635
22
-0.35390
32
-10.97211
13
-4.17123
23
-0.27830
33
-11.10122
0
3DFACE
8
C2
10
-4.34086
20
-0.36069
30
-11.00809
11
-4.36428
21
-0.44991
31
-10.89121
12
-4.21988
22
-0.44225
32
-10.85445
13
-4.19635
23
-0.35390
33
-10.97211
0
3DFACE
8
C2
10
-4.36428
20
-0.44991
30
-10.89121
11
-4.38752
21
-0.54056
31
-10.77562
12
-4.24313
22
-0.53290
32
-10.73885
13
-4.21988
23
-0.44225
33
-10.85445
0
3DFACE
8
C2
10
-4.38752
20
-0.54056
30
-10.77562
11
-4.41074
21
-0.63144
31
-10.66022
12
-4.26629
22
-0.62421
32
-10.62384
13
-4.24313
23
-0.53290
33
-10.73885
0
3DFACE
8
C2
10
-4.41074
20
-0.63144
30
-10.66022
11
-4.43339
21
-0.72681
31
-10.54886
12
-4.28877
22
-0.72101
32
-10.51377
13
-4.26629
23
-0.62421
33
-10.62384
0
3DFACE
8
C2
10
-4.43339
20
-0.72681
30
-10.54886
11
-4.45620
21
-0.82098
31
-10.43642
12
-4.31138
22
-0.81671
32
-10.40271
13
-4.28877
23
-0.72101
33
-10.51377
0
3DFACE
8
C2
10
-4.45620
20
-0.82098
30
-10.43642
11
-4.47832
21
-0.92064
31
-10.32891
12
-4.33329
22
-0.91802
32
-10.29668
13
-4.31138
23
-0.81671
33
-10.40271
0
3DFACE
8
C2
10
-4.47832
20
-0.92064
30
-10.32891
11
-4.49999
21
-1.02381
31
-10.22455
12
-4.35483
22
-1.02230
32
-10.19331
13
-4.33329
23
-0.91802
33
-10.29668
0
3DFACE
8
C2
10
-4.49999
20
-1.02381
30
-10.22455
11
-4.52158
21
-1.12776
31
-10.12089
12
-4.37652
22
-1.12536
32
-10.08885
13
-4.35483
23
-1.02230
33
-10.19331
0
3DFACE
8
C2
10
-4.52158
20
-1.12776
30
-10.12089
11
-4.54254
21
-1.23664
31
-10.02166
12
-4.39751
22
-1.23403
32
-9.98943
13
-4.37652
23
-1.12536
33
-10.08885
0
3DFACE
8
C2
10
-4.54254
20
-1.23664
30
-10.02166
11
-4.56337
21
-1.34663
31
-9.92342
12
-4.41831
22
-1.34423
32
-9.89138
13
-4.39751
23
-1.23403
33
-9.98943
0
3DFACE
8
C2
10
-4.56337
20
-1.34663
30
-9.92342
11
-4.58481
21
-1.45167
31
-9.82074
12
-4.43976
22
-1.44928
32
-9.78870
13
-4.41831
23
-1.34423
33
-9.89138
0
3DFACE
8
C2
10
-4.58481
20
-1.45167
30
-9.82074
11
-4.60686
21
-1.55188
31
-9.71372
12
-4.46183
22
-1.54927
32
-9.68149
13
-4.43976
23
-1.44928
33
-9.78870
0
3DFACE
8
C2
10
-4.60686
20
-1.55188
30
-9.71372
11
-4.63003
21
-1.64308
31
-9.59861
12
-4.48499
22
-1.64058
32
-9.56648
13
-4.46183
23
-1.54927
33
-9.68149
0
3DFACE
8
C2
10
-4.63003
20
-1.64308
30
-9.59861
11
-4.65350
21
-1.73197
31
-9.48144
12
-4.50828
22
-1.73090
32
-9.45059
13
-4.48499
23
-1.64058
33
-9.56648
0
3DFACE
8
C2
10
-4.65350
20
-1.73197
30
-9.48144
11
-4.67689
21
-1.82142
31
-9.36476
12
-4.53128
22
-1.82353
32
-9.33677
13
-4.50828
23
-1.73090
33
-9.45059
0
3DFACE
8
C2
10
-4.67689
20
-1.82142
30
-9.36476
11
-4.70085
21
-1.90635
31
-9.24404
12
-4.55499
22
-1.91044
32
-9.21782
13
-4.53128
23
-1.82353
33
-9.33677
0
3DFACE
8
C2
10
-4.70085
20
-1.90635
30
-9.24404
11
-4.72502
21
-1.98965
31
-9.12183
12
-4.57900
22
-1.99494
32
-9.09670
13
-4.55499
23
-1.91044
33
-9.21782
0
3DFACE
8
C2
10
-4.72502
20
-1.98965
30
-9.12183
11
-4.74942
21
-2.07107
31
-8.99795
12
-4.60348
22
-2.07570
32
-8.97223
13
-4.57900
23
-1.99494
33
-9.09670
0
3DFACE
8
C2
10
-4.74942
20
-2.07107
30
-8.99795
11
-4.77326
21
-2.15689
31
-8.87802
12
-4.62722
22
-2.16240
32
-8.85308
13
-4.60348
23
-2.07570
33
-8.97223
0
3DFACE
8
C2
10
-4.77326
20
-2.15689
30
-8.87802
11
-4.79617
21
-2.25028
31
-8.76489
12
-4.64989
22
-2.25767
32
-8.74163
13
-4.62722
23
-2.16240
33
-8.85308
0
3DFACE
8
C2
10
-4.79617
20
-2.25028
30
-8.76489
11
-4.81955
21
-2.33984
31
-8.64831
12
-4.67305
22
-2.34898
32
-8.62662
13
-4.64989
23
-2.25767
33
-8.74163
0
3DFACE
8
C2
10
-4.81955
20
-2.33984
30
-8.64831
11
-4.84379
21
-2.42247
31
-8.52551
12
-4.69713
22
-2.43293
32
-8.50501
13
-4.67305
23
-2.34898
33
-8.62662
0
3DFACE
8
C2
10
-4.84379
20
-2.42247
30
-8.52551
11
-4.86910
21
-2.49664
31
-8.39513
12
-4.72230
22
-2.50820
32
-8.37561
13
-4.69713
23
-2.43293
33
-8.50501
0
3DFACE
8
C2
10
-4.86910
20
-2.49664
30
-8.39513
11
-4.89289
21
-2.58290
31
-8.27559
12
-4.74585
22
-2.59643
32
-8.25785
13
-4.72230
23
-2.50820
33
-8.37561
0
3DFACE
8
C2
10
-4.89289
20
-2.58290
30
-8.27559
11
-4.91508
21
-2.68201
31
-8.16758
12
-4.76768
22
-2.69840
32
-8.15241
13
-4.74585
23
-2.59643
33
-8.25785
0
3DFACE
8
C2
10
-4.91508
20
-2.68201
30
-8.16758
11
-4.93729
21
-2.78090
31
-8.05938
12
-4.78975
22
-2.79839
32
-8.04519
13
-4.76768
23
-2.69840
33
-8.15241
0
3DFACE
8
C2
10
-4.93729
20
-2.78090
30
-8.05938
11
-4.96061
21
-2.87100
31
-7.94329
12
-4.81311
22
-2.88816
32
-7.92881
13
-4.78975
23
-2.79839
33
-8.04519
0
3DFACE
8
C2
10
-4.96061
20
-2.87100
30
-7.94329
11
-4.98499
21
-2.95253
31
-7.81951
12
-4.83755
22
-2.96925
32
-7.80463
13
-4.81311
23
-2.88816
33
-7.92881
0
3DFACE
8
C2
10
-4.98499
20
-2.95253
30
-7.81951
11
-5.00688
21
-3.05406
31
-7.71368
12
-4.85972
22
-3.06847
32
-7.69673
13
-4.83755
23
-2.96925
33
-7.80463
0
3DFACE
8
C2
10
-5.00688
20
-3.05406
30
-7.71368
11
-5.02652
21
-3.17349
31
-7.62391
12
-4.87978
22
-3.18461
32
-7.60401
13
-4.85972
23
-3.06847
33
-7.69673
0
3DFACE
8
C2
10
-5.02652
20
-3.17349
30
-7.62391
11
-5.04728
21
-3.28403
31
-7.52616
12
-4.90092
22
-3.29207
32
-7.50350
13
-4.87978
23
-3.18461
33
-7.60401
0
3DFACE
8
C2
10
-5.04728
20
-3.28403
30
-7.52616
11
-5.06992
21
-3.37951
31
-7.41491
12
-4.92374
22
-3.38613
32
-7.39096
13
-4.90092
23
-3.29207
33
-7.50350
0
3DFACE
8
C2
10
-5.06992
20
-3.37951
30
-7.41491
11
-5.09377
21
-3.46533
31
-7.29497
12
-4.94746
22
-3.47293
32
-7.27191
13
-4.92374
23
-3.38613
33
-7.39096
0
3DFACE
8
C2
10
-5.09377
20
-3.46533
30
-7.29497
11
-5.11621
21
-3.56235
31
-7.18509
12
-4.96998
22
-3.56940
32
-7.16154
13
-4.94746
23
-3.47293
33
-7.27191
0
3DFACE
8
C2
10
-5.11621
20
-3.56235
30
-7.18509
11
-5.13672
21
-3.67486
31
-7.08912
12
-4.99080
22
-3.67939
32
-7.06330
13
-4.96998
23
-3.56940
33
-7.16154
0
3DFACE
8
C2
10
-5.13672
20
-3.67486
30
-7.08912
11
-5.15837
21
-3.77826
31
-6.98496
12
-5.01265
22
-3.78125
32
-6.95776
13
-4.99080
23
-3.67939
33
-7.06330
0
3DFACE
8
C2
10
-5.15837
20
-3.77826
30
-6.98496
11
-5.18074
21
-3.87594
31
-6.87567
12
-5.03505
22
-3.87860
32
-6.84817
13
-5.01265
23
-3.78125
33
-6.95776
0
3DFACE
8
C2
10
-5.18074
20
-3.87594
30
-6.87567
11
-5.20273
21
-3.97659
31
-6.76905
12
-5.05714
22
-3.97848
32
-6.74086
13
-5.03505
23
-3.87860
33
-6.84817
0
3DFACE
8
C2
10
-5.20273
20
-3.97659
30
-6.76905
11
-5.22400
21
-4.08306
31
-6.66765
12
-5.07867
22
-4.08286
32
-6.63759
13
-5.05714
23
-3.97848
33
-6.74086
0
3DFACE
8
C2
10
-5.22400
20
-4.08306
30
-6.66765
11
-5.24415
21
-4.19843
31
-6.57424
12
-5.09940
22
-4.19362
32
-6.54004
13
-5.07867
23
-4.08286
33
-6.63759
0
3DFACE
8
C2
10
-5.24415
20
-4.19843
30
-6.57424
11
-5.26467
21
-4.31083
31
-6.47817
12
-5.12027
22
-4.30327
32
-6.44150
13
-5.09940
23
-4.19362
33
-6.54004
0
3DFACE
8
C2
10
-3.57684
20
2.71134
30
-13.93277
11
-3.60076
21
2.62607
31
-13.81234
12
-3.45422
22
2.61660
32
-13.79095
13
-3.43009
23
2.70011
33
-13.91296
0
3DFACE
8
C2
10
-3.60076
20
2.62607
30
-13.81234
11
-3.62391
21
2.53465
31
-13.69743
12
-3.47758
22
2.52683
32
-13.67457
13
-3.45422
23
2.61660
33
-13.79095
0
3DFACE
8
C2
10
-3.62391
20
2.53465
30
-13.69743
11
-3.64751
21
2.44685
31
-13.57927
12
-3.50137
22
2.44057
32
-13.55503
13
-3.47758
23
2.52683
33
-13.67457
0
3DFACE
8
C2
10
-3.64751
20
2.44685
30
-13.57927
11
-3.67146
21
2.36181
31
-13.45865
12
-3.52549
22
2.35695
32
-13.43312
13
-3.50137
23
2.44057
33
-13.55503
0
3DFACE
8
C2
10
-3.67146
20
2.36181
30
-13.45865
11
-3.69431
21
2.26808
31
-13.34581
12
-3.54837
22
2.26333
32
-13.32019
13
-3.52549
23
2.35695
33
-13.43312
0
3DFACE
8
C2
10
-3.69431
20
2.26808
30
-13.34581
11
-3.71613
21
2.16600
31
-13.24047
12
-3.57022
22
2.16159
32
-13.21455
13
-3.54837
23
2.26333
33
-13.32019
0
3DFACE
8
C2
10
-3.71613
20
2.16600
30
-13.24047
11
-3.73745
21
2.05997
31
-13.13868
12
-3.59167
22
2.05654
32
-13.11187
13
-3.57022
23
2.16159
33
-13.21455
0
3DFACE
8
C2
10
-3.73745
20
2.05997
30
-13.13868
11
-3.75909
21
1.95647
31
-13.03462
12
-3.61342
22
1.95392
32
-13.00702
13
-3.59167
23
2.05654
33
-13.11187
0
3DFACE
8
C2
10
-3.75909
20
1.95647
30
-13.03462
11
-3.78141
21
1.85846
31
-12.92563
12
-3.63585
22
1.85679
32
-12.89724
13
-3.61342
23
1.95392
33
-13.00702
0
3DFACE
8
C2
10
-3.78141
20
1.85846
30
-12.92563
11
-3.80288
21
1.75363
31
-12.82275
12
-3.65736
22
1.75229
32
-12.79407
13
-3.63585
23
1.85679
33
-12.89724
0
3DFACE
8
C2
10
-3.80288
20
1.75363
30
-12.82275
11
-3.82335
21
1.64079
31
-12.72707
12
-3.67791
22
1.64011
32
-12.69780
13
-3.65736
23
1.75229
33
-12.79407
0
3DFACE
8
C2
10
-3.82335
20
1.64079
30
-12.72707
11
-3.84286
21
1.52026
31
-12.63829
12
-3.69750
22
1.52024
32
-12.60843
13
-3.67791
23
1.64011
33
-12.69780
0
3DFACE
8
C2
10
-3.84286
20
1.52026
30
-12.63829
11
-3.86289
21
1.40390
31
-12.54577
12
-3.71756
22
1.40410
32
-12.51571
13
-3.69750
23
1.52024
33
-12.60843
0
3DFACE
8
C2
10
-3.86289
20
1.40390
30
-12.54577
11
-3.88330
21
1.29062
31
-12.45049
12
-3.73795
22
1.29060
32
-12.42062
13
-3.71756
23
1.40410
33
-12.51571
0
3DFACE
8
C2
10
-3.88330
20
1.29062
30
-12.45049
11
-3.90334
21
1.17437
31
-12.35786
12
-3.75793
22
1.17391
32
-12.32839
13
-3.73795
23
1.29060
33
-12.42062
0
3DFACE
8
C2
10
-3.90334
20
1.17437
30
-12.35786
11
-3.92254
21
1.05131
31
-12.27135
12
-3.77719
22
1.05140
32
-12.24139
13
-3.75793
23
1.17391
33
-12.32839
0
3DFACE
8
C2
10
-3.92254
20
1.05131
30
-12.27135
11
-3.94072
21
0.92023
31
-12.19204
12
-3.79578
22
0.92350
32
-12.15922
13
-3.77719
23
1.05140
33
-12.24139
0
3DFACE
8
C2
10
-3.94072
20
0.92023
30
-12.19204
11
-3.96027
21
0.80003
31
-12.10297
12
-3.81540
22
0.80385
32
-12.06965
13
-3.79578
23
0.92350
33
-12.15922
0
3DFACE
8
C2
10
-3.96027
20
0.80003
30
-12.10297
11
-3.98053
21
0.68554
31
-12.00877
12
-3.83565
22
0.68925
32
-11.97555
13
-3.81540
23
0.80385
33
-12.06965
0
3DFACE
8
C2
10
-3.98053
20
0.68554
30
-12.00877
11
-4.00017
21
0.56599
31
-11.91910
12
-3.85515
22
0.56872
32
-11.88677
13
-3.83565
23
0.68925
33
-11.97555
0
3DFACE
8
C2
10
-4.00017
20
0.56599
30
-11.91910
11
-4.01944
21
0.44359
31
-11.83200
12
-3.87415
22
0.44412
32
-11.80165
13
-3.85515
23
0.56872
33
-11.88677
0
3DFACE
8
C2
10
-4.01944
20
0.44359
30
-11.83200
11
-4.03750
21
0.31153
31
-11.75358
12
-3.89217
22
0.31172
32
-11.72352
13
-3.87415
23
0.44412
33
-11.80165
0
3DFACE
8
C2
10
-4.03750
20
0.31153
30
-11.75358
11
-4.05826
21
0.20099
31
-11.65583
12
-3.91259
22
0.19844
32
-11.62823
13
-3.89217
23
0.31172
33
-11.72352
0
3DFACE
8
C2
10
-4.05826
20
0.20099
30
-11.65583
11
-4.08083
21
0.10496
31
-11.54506
12
-3.93458
22
0.09779
32
-11.52161
13
-3.91259
23
0.19844
33
-11.62823
0
3DFACE
8
C2
10
-4.08083
20
0.10496
30
-11.54506
11
-4.10303
21
0.00596
31
-11.43696
12
-3.95659
22
-0.00274
32
-11.41489
13
-3.93458
23
0.09779
33
-11.52161
0
3DFACE
8
C2
10
-4.10303
20
0.00596
30
-11.43696
11
-4.12559
21
-0.09019
31
-11.32630
12
-3.97909
22
-0.09933
32
-11.30461
13
-3.95659
23
-0.00274
33
-11.41489
0
3DFACE
8
C2
10
-4.12559
20
-0.09019
30
-11.32630
11
-4.14799
21
-0.18754
31
-11.21671
12
-4.00170
22
-0.19503
32
-11.19355
13
-3.97909
23
-0.09933
33
-11.30461
0
3DFACE
8
C2
10
-4.14799
20
-0.18754
30
-11.21671
11
-4.17123
21
-0.27830
31
-11.10122
12
-4.02517
22
-0.28393
32
-11.07638
13
-4.00170
23
-0.19503
33
-11.19355
0
3DFACE
8
C2
10
-4.17123
20
-0.27830
30
-11.10122
11
-4.19635
21
-0.35390
31
-10.97211
12
-4.05032
22
-0.35931
32
-10.94708
13
-4.02517
23
-0.28393
33
-11.07638
0
3DFACE
8
C2
10
-4.19635
20
-0.35390
30
-10.97211
11
-4.21988
21
-0.44225
31
-10.85445
12
-4.07417
22
-0.44512
32
-10.82714
13
-4.05032
23
-0.35931
33
-10.94708
0
3DFACE
8
C2
10
-4.21988
20
-0.44225
30
-10.85445
11
-4.24313
21
-0.53290
31
-10.73885
12
-4.09772
22
-0.53336
32
-10.70938
13
-4.07417
23
-0.44512
33
-10.82714
0
3DFACE
8
C2
10
-4.24313
20
-0.53290
30
-10.73885
11
-4.26629
21
-0.62421
31
-10.62384
12
-4.12113
22
-0.62269
32
-10.59260
13
-4.09772
23
-0.53336
33
-10.70938
0
3DFACE
8
C2
10
-4.26629
20
-0.62421
30
-10.62384
11
-4.28877
21
-0.72101
31
-10.51377
12
-4.14374
22
-0.71840
32
-10.48154
13
-4.12113
23
-0.62269
33
-10.59260
0
3DFACE
8
C2
10
-4.28877
20
-0.72101
30
-10.51377
11
-4.31138
21
-0.81671
31
-10.40271
12
-4.16632
22
-0.81432
32
-10.37067
13
-4.14374
23
-0.71840
33
-10.48154
0
3DFACE
8
C2
10
-4.31138
20
-0.81671
30
-10.40271
11
-4.33329
21
-0.91802
31
-10.29668
12
-4.18829
22
-0.91519
32
-10.26425
13
-4.16632
23
-0.81432
33
-10.37067
0
3DFACE
8
C2
10
-4.33329
20
-0.91802
30
-10.29668
11
-4.35483
21
-1.02230
31
-10.19331
12
-4.20994
22
-1.01858
32
-10.16009
13
-4.18829
23
-0.91519
33
-10.26425
0
3DFACE
8
C2
10
-4.35483
20
-1.02230
30
-10.19331
11
-4.37652
21
-1.12536
31
-10.08885
12
-4.23173
22
-1.12088
32
-10.05494
13
-4.20994
23
-1.01858
33
-10.16009
0
3DFACE
8
C2
10
-4.37652
20
-1.12536
30
-10.08885
11
-4.39751
21
-1.23403
31
-9.98943
12
-4.25283
22
-1.22867
32
-9.95473
13
-4.23173
23
-1.12088
33
-10.05494
0
3DFACE
8
C2
10
-4.39751
20
-1.23403
30
-9.98943
11
-4.41831
21
-1.34423
31
-9.89138
12
-4.27368
22
-1.33843
32
-9.85629
13
-4.25283
23
-1.22867
33
-9.95473
0
3DFACE
8
C2
10
-4.41831
20
-1.34423
30
-9.89138
11
-4.43976
21
-1.44928
31
-9.78870
12
-4.29521
22
-1.44282
32
-9.75302
13
-4.27368
23
-1.33843
33
-9.85629
0
3DFACE
8
C2
10
-4.43976
20
-1.44928
30
-9.78870
11
-4.46183
21
-1.54927
31
-9.68149
12
-4.31722
22
-1.54336
32
-9.64630
13
-4.29521
23
-1.44282
33
-9.75302
0
3DFACE
8
C2
10
-4.46183
20
-1.54927
30
-9.68149
11
-4.48499
21
-1.64058
31
-9.56648
12
-4.34017
22
-1.63631
32
-9.53277
13
-4.31722
23
-1.54336
33
-9.64630
0
3DFACE
8
C2
10
-4.48499
20
-1.64058
30
-9.56648
11
-4.50828
21
-1.73090
31
-9.45059
12
-4.36320
22
-1.72872
32
-9.41875
13
-4.34017
23
-1.63631
33
-9.53277
0
3DFACE
8
C2
10
-4.50828
20
-1.73090
30
-9.45059
11
-4.53128
21
-1.82353
31
-9.33677
12
-4.38586
22
-1.82399
32
-9.30730
13
-4.36320
23
-1.72872
33
-9.41875
0
3DFACE
8
C2
10
-4.53128
20
-1.82353
30
-9.33677
11
-4.55499
21
-1.91044
31
-9.21782
12
-4.40926
22
-1.91343
32
-9.19062
13
-4.38586
23
-1.82399
33
-9.30730
0
3DFACE
8
C2
10
-4.55499
20
-1.91044
30
-9.21782
11
-4.57900
21
-1.99494
31
-9.09670
12
-4.43307
22
-1.99958
32
-9.07098
13
-4.40926
23
-1.91343
33
-9.19062
0
3DFACE
8
C2
10
-4.57900
20
-1.99494
30
-9.09670
11
-4.60348
21
-2.07570
31
-8.97223
12
-4.45741
22
-2.08144
32
-8.94749
13
-4.43307
23
-1.99958
33
-9.07098
0
3DFACE
8
C2
10
-4.60348
20
-2.07570
30
-8.97223
11
-4.62722
21
-2.16240
31
-8.85308
12
-4.48105
22
-2.16890
32
-8.82904
13
-4.45741
23
-2.08144
33
-8.94749
0
3DFACE
8
C2
10
-4.62722
20
-2.16240
30
-8.85308
11
-4.64989
21
-2.25767
31
-8.74163
12
-4.50368
22
-2.26450
32
-8.71788
13
-4.48105
23
-2.16890
33
-8.82904
0
3DFACE
8
C2
10
-4.64989
20
-2.25767
30
-8.74163
11
-4.67305
21
-2.34898
31
-8.62662
12
-4.52673
22
-2.35669
32
-8.60366
13
-4.50368
23
-2.26450
33
-8.71788
0
3DFACE
8
C2
10
-4.67305
20
-2.34898
30
-8.62662
11
-4.69713
21
-2.43293
31
-8.50501
12
-4.55095
22
-2.43954
32
-8.48106
13
-4.52673
23
-2.35669
33
-8.60366
0
3DFACE
8
C2
10
-4.69713
20
-2.43293
30
-8.50501
11
-4.72230
21
-2.50820
31
-8.37561
12
-4.57638
22
-2.51272
32
-8.34979
13
-4.55095
23
-2.43954
33
-8.48106
0
3DFACE
8
C2
10
-4.72230
20
-2.50820
30
-8.37561
11
-4.74585
21
-2.59643
31
-8.25785
12
-4.59993
22
-2.60096
32
-8.23203
13
-4.57638
23
-2.51272
33
-8.34979
0
3DFACE
8
C2
10
-4.74585
20
-2.59643
30
-8.25785
11
-4.76768
21
-2.69840
31
-8.15241
12
-4.62162
22
-2.70402
32
-8.12757
13
-4.59993
23
-2.60096
33
-8.23203
0
3DFACE
8
C2
10
-4.76768
20
-2.69840
30
-8.15241
11
-4.78975
21
-2.79839
31
-8.04519
12
-4.64385
22
-2.80280
32
-8.01927
13
-4.62162
23
-2.70402
33
-8.12757
0
3DFACE
8
C2
10
-4.78975
20
-2.79839
30
-8.04519
11
-4.81311
21
-2.88816
31
-7.92881
12
-4.66770
22
-2.88862
32
-7.89934
13
-4.64385
23
-2.80280
33
-8.01927
0
3DFACE
8
C2
10
-4.81311
20
-2.88816
30
-7.92881
11
-4.83755
21
-2.96925
31
-7.80463
12
-4.69293
22
-2.96334
32
-7.76944
13
-4.66770
23
-2.88862
33
-7.89934
0
3DFACE
8
C2
10
-4.83755
20
-2.96925
30
-7.80463
11
-4.85972
21
-3.06847
31
-7.69673
12
-4.71560
22
-3.05861
32
-7.65799
13
-4.69293
23
-2.96334
33
-7.76944
0
3DFACE
8
C2
10
-4.85972
20
-3.06847
30
-7.69673
11
-4.87978
21
-3.18461
31
-7.60401
12
-4.73594
22
-3.17244
32
-7.56320
13
-4.71560
23
-3.05861
33
-7.65799
0
3DFACE
8
C2
10
-4.87978
20
-3.18461
30
-7.60401
11
-4.90092
21
-3.29207
31
-7.50350
12
-4.75757
22
-3.27605
32
-7.45923
13
-4.73594
23
-3.17244
33
-7.56320
0
3DFACE
8
C2
10
-4.90092
20
-3.29207
30
-7.50350
11
-4.92374
21
-3.38613
31
-7.39096
12
-4.78092
22
-3.36582
32
-7.34285
13
-4.75757
23
-3.27605
33
-7.45923
0
3DFACE
8
C2
10
-4.92374
20
-3.38613
30
-7.39096
11
-4.94746
21
-3.47293
31
-7.27191
12
-4.80498
22
-3.44999
32
-7.22144
13
-4.78092
23
-3.36582
33
-7.34285
0
3DFACE
8
C2
10
-4.94746
20
-3.47293
30
-7.27191
11
-4.96998
21
-3.56940
31
-7.16154
12
-4.82744
22
-3.54691
32
-7.11146
13
-4.80498
23
-3.44999
33
-7.22144
0
3DFACE
8
C2
10
-4.96998
20
-3.56940
30
-7.16154
11
-4.99080
21
-3.67939
31
-7.06330
12
-4.84800
22
-3.65898
32
-7.01509
13
-4.82744
23
-3.54691
33
-7.11146
0
3DFACE
8
C2
10
-4.99080
20
-3.67939
30
-7.06330
11
-5.01265
21
-3.78125
31
-6.95776
12
-4.86965
22
-3.76237
32
-6.91093
13
-4.84800
23
-3.65898
33
-7.01509
0
3DFACE
8
C2
10
-5.01265
20
-3.78125
30
-6.95776
11
-5.03505
21
-3.87860
31
-6.84817
12
-4.89176
22
-3.86214
32
-6.80352
13
-4.86965
23
-3.76237
33
-6.91093
0
3DFACE
8
C2
10
-5.03505
20
-3.87860
30
-6.84817
11
-5.05714
21
-3.97848
31
-6.74086
12
-4.91349
22
-3.96488
32
-6.69877
13
-4.89176
23
-3.86214
33
-6.80352
0
3DFACE
8
C2
10
-5.05714
20
-3.97848
30
-6.74086
11
-5.07867
21
-4.08286
31
-6.63759
12
-4.93467
22
-4.07201
32
-6.59796
13
-4.91349
23
-3.96488
33
-6.69877
0
3DFACE
8
C2
10
-5.07867
20
-4.08286
30
-6.63759
11
-5.09940
21
-4.19362
31
-6.54004
12
-4.95513
22
-4.18496
32
-6.50238
13
-4.93467
23
-4.07201
33
-6.59796
0
3DFACE
8
C2
10
-5.09940
20
-4.19362
30
-6.54004
11
-5.12027
21
-4.30327
31
-6.44150
12
-4.97584
22
-4.29583
32
-6.40493
13
-4.95513
23
-4.18496
33
-6.50238
0
3DFACE
8
C2
10
-3.43009
20
2.70011
30
-13.91296
11
-3.45422
21
2.61660
31
-13.79095
12
-3.30881
22
2.61614
32
-13.76148
13
-3.28494
23
2.70174
33
-13.88161
0
3DFACE
8
C2
10
-3.45422
20
2.61660
30
-13.79095
11
-3.47758
21
2.52683
31
-13.67457
12
-3.33211
22
2.52593
32
-13.64549
13
-3.30881
23
2.61614
33
-13.76148
0
3DFACE
8
C2
10
-3.47758
20
2.52683
30
-13.67457
11
-3.50137
21
2.44057
31
-13.55503
12
-3.35567
22
2.43780
32
-13.52763
13
-3.33211
23
2.52593
33
-13.64549
0
3DFACE
8
C2
10
-3.50137
20
2.44057
30
-13.55503
11
-3.52549
21
2.35695
31
-13.43312
12
-3.37945
22
2.35144
32
-13.40818
13
-3.35567
23
2.43780
33
-13.52763
0
3DFACE
8
C2
10
-3.52549
20
2.35695
30
-13.43312
11
-3.54837
21
2.26333
31
-13.32019
12
-3.40228
22
2.25749
32
-13.29555
13
-3.37945
23
2.35144
33
-13.40818
0
3DFACE
8
C2
10
-3.54837
20
2.26333
30
-13.32019
11
-3.57022
21
2.16159
31
-13.21455
12
-3.42428
22
2.15684
32
-13.18892
13
-3.40228
23
2.25749
33
-13.29555
0
3DFACE
8
C2
10
-3.57022
20
2.16159
30
-13.21455
11
-3.59167
21
2.05654
31
-13.11187
12
-3.44600
22
2.05400
32
-13.08427
13
-3.42428
23
2.15684
33
-13.18892
0
3DFACE
8
C2
10
-3.59167
20
2.05654
30
-13.11187
11
-3.61342
21
1.95392
31
-13.00702
12
-3.46783
22
1.95203
32
-12.97883
13
-3.44600
23
2.05400
33
-13.08427
0
3DFACE
8
C2
10
-3.61342
20
1.95392
30
-13.00702
11
-3.63585
21
1.85679
31
-12.89724
12
-3.49004
22
1.85314
32
-12.87063
13
-3.46783
23
1.95203
33
-12.97883
0
3DFACE
8
C2
10
-3.63585
20
1.85679
30
-12.89724
11
-3.65736
21
1.75229
31
-12.79407
12
-3.51154
22
1.74854
32
-12.76755
13
-3.49004
23
1.85314
33
-12.87063
0
3DFACE
8
C2
10
-3.65736
20
1.75229
30
-12.79407
11
-3.67791
21
1.64011
31
-12.69780
12
-3.53221
22
1.63734
32
-12.67040
13
-3.51154
23
1.74854
33
-12.76755
0
3DFACE
8
C2
10
-3.67791
20
1.64011
30
-12.69780
11
-3.69750
21
1.52024
31
-12.60843
12
-3.55209
22
1.51977
32
-12.57896
13
-3.53221
23
1.63734
33
-12.67040
0
3DFACE
8
C2
10
-3.69750
20
1.52024
30
-12.60843
11
-3.71756
21
1.40410
31
-12.51571
12
-3.57226
22
1.40451
32
-12.48545
13
-3.55209
23
1.51977
33
-12.57896
0
3DFACE
8
C2
10
-3.71756
20
1.40410
30
-12.51571
11
-3.73795
21
1.29060
31
-12.42062
12
-3.59255
22
1.29024
32
-12.39105
13
-3.57226
23
1.40451
33
-12.48545
0
3DFACE
8
C2
10
-3.73795
20
1.29060
30
-12.42062
11
-3.75793
21
1.17391
31
-12.32839
12
-3.61265
22
1.17444
32
-12.29803
13
-3.59255
23
1.29024
33
-12.39105
0
3DFACE
8
C2
10
-3.75793
20
1.17391
30
-12.32839
11
-3.77719
21
1.05140
31
-12.24139
12
-3.63214
22
1.05379
32
-12.20935
13
-3.61265
23
1.17444
33
-12.29803
0
3DFACE
8
C2
10
-3.77719
20
1.05140
30
-12.24139
11
-3.79578
21
0.92350
31
-12.15922
12
-3.65119
22
0.92964
32
-12.12383
13
-3.63214
23
1.05379
33
-12.20935
0
3DFACE
8
C2
10
-3.79578
20
0.92350
30
-12.15922
11
-3.81540
21
0.80385
31
-12.06965
12
-3.67106
22
0.81196
32
-12.03249
13
-3.65119
23
0.92964
33
-12.12383
0
3DFACE
8
C2
10
-3.81540
20
0.80385
30
-12.06965
11
-3.83565
21
0.68925
31
-11.97555
12
-3.69129
22
0.69725
32
-11.93849
13
-3.67106
23
0.81196
33
-12.03249
0
3DFACE
8
C2
10
-3.83565
20
0.68925
30
-11.97555
11
-3.85515
21
0.56872
31
-11.88677
12
-3.71081
22
0.57683
32
-11.84961
13
-3.69129
23
0.69725
33
-11.93849
0
3DFACE
8
C2
10
-3.85515
20
0.56872
30
-11.88677
11
-3.87415
21
0.44412
31
-11.80165
12
-3.72978
22
0.45201
32
-11.76468
13
-3.71081
23
0.57683
33
-11.84961
0
3DFACE
8
C2
10
-3.87415
20
0.44412
30
-11.80165
11
-3.89217
21
0.31172
31
-11.72352
12
-3.74770
22
0.31873
32
-11.68734
13
-3.72978
23
0.45201
33
-11.76468
0
3DFACE
8
C2
10
-3.89217
20
0.31172
30
-11.72352
11
-3.91259
21
0.19844
31
-11.62823
12
-3.76789
22
0.20369
32
-11.59363
13
-3.74770
23
0.31873
33
-11.68734
0
3DFACE
8
C2
10
-3.91259
20
0.19844
30
-11.62823
11
-3.93458
21
0.09779
31
-11.52161
12
-3.78943
22
0.09942
32
-11.49026
13
-3.76789
23
0.20369
33
-11.59363
0
3DFACE
8
C2
10
-3.93458
20
0.09779
30
-11.52161
11
-3.95659
21
-0.00274
31
-11.41489
12
-3.81118
22
-0.00321
32
-11.38542
13
-3.78943
23
0.09942
33
-11.49026
0
3DFACE
8
C2
10
-3.95659
20
-0.00274
30
-11.41489
11
-3.97909
21
-0.09933
31
-11.30461
12
-3.83358
22
-0.10056
32
-11.27583
13
-3.81118
23
-0.00321
33
-11.38542
0
3DFACE
8
C2
10
-3.97909
20
-0.09933
30
-11.30461
11
-4.00170
21
-0.19503
31
-11.19355
12
-3.85622
22
-0.19604
32
-11.16458
13
-3.83358
23
-0.10056
33
-11.27583
0
3DFACE
8
C2
10
-4.00170
20
-0.19503
30
-11.19355
11
-4.02517
21
-0.28393
31
-11.07638
12
-3.87973
22
-0.28461
32
-11.04711
13
-3.85622
23
-0.19604
33
-11.16458
0
3DFACE
8
C2
10
-4.02517
20
-0.28393
30
-11.07638
11
-4.05032
21
-0.35931
31
-10.94708
12
-3.90490
22
-0.35988
32
-10.91771
13
-3.87973
23
-0.28461
33
-11.04711
0
3DFACE
8
C2
10
-4.05032
20
-0.35931
30
-10.94708
11
-4.07417
21
-0.44512
31
-10.82714
12
-3.92879
22
-0.44537
32
-10.79748
13
-3.90490
23
-0.35988
33
-10.91771
0
3DFACE
8
C2
10
-4.07417
20
-0.44512
30
-10.82714
11
-4.09772
21
-0.53336
31
-10.70938
12
-3.95244
22
-0.53272
32
-10.67892
13
-3.92879
23
-0.44537
33
-10.79748
0
3DFACE
8
C2
10
-4.09772
20
-0.53336
30
-10.70938
11
-4.12113
21
-0.62269
31
-10.59260
12
-3.97587
22
-0.62194
32
-10.56204
13
-3.95244
23
-0.53272
33
-10.67892
0
3DFACE
8
C2
10
-4.12113
20
-0.62269
30
-10.59260
11
-4.14374
21
-0.71840
31
-10.48154
12
-3.99853
22
-0.71721
32
-10.45059
13
-3.97587
23
-0.62194
33
-10.56204
0
3DFACE
8
C2
10
-4.14374
20
-0.71840
30
-10.48154
11
-4.16632
21
-0.81432
31
-10.37067
12
-4.02111
22
-0.81324
32
-10.33982
13
-3.99853
23
-0.71721
33
-10.45059
0
3DFACE
8
C2
10
-4.16632
20
-0.81432
30
-10.37067
11
-4.18829
21
-0.91519
31
-10.26425
12
-4.04311
22
-0.91378
32
-10.23310
13
-4.02111
23
-0.81324
33
-10.33982
0
3DFACE
8
C2
10
-4.18829
20
-0.91519
30
-10.26425
11
-4.20994
21
-1.01858
31
-10.16009
12
-4.06483
22
-1.01663
32
-10.12845
13
-4.04311
23
-0.91378
33
-10.23310
0
3DFACE
8
C2
10
-4.20994
20
-1.01858
30
-10.16009
11
-4.23173
21
-1.12088
31
-10.05494
12
-4.08669
22
-1.11837
32
-10.02281
13
-4.06483
23
-1.01663
33
-10.12845
0
3DFACE
8
C2
10
-4.23173
20
-1.12088
30
-10.05494
11
-4.25283
21
-1.22867
31
-9.95473
12
-4.10790
22
-1.22528
32
-9.92181
13
-4.08669
23
-1.11837
33
-10.02281
0
3DFACE
8
C2
10
-4.25283
20
-1.22867
30
-9.95473
11
-4.27368
21
-1.33843
31
-9.85629
12
-4.12892
22
-1.33373
32
-9.82218
13
-4.10790
23
-1.22528
33
-9.92181
0
3DFACE
8
C2
10
-4.27368
20
-1.33843
30
-9.85629
11
-4.29521
21
-1.44282
31
-9.75302
12
-4.15044
22
-1.43811
32
-9.71891
13
-4.12892
23
-1.33373
33
-9.82218
0
3DFACE
8
C2
10
-4.29521
20
-1.44282
30
-9.75302
11
-4.31722
21
-1.54336
31
-9.64630
12
-4.17237
22
-1.53931
32
-9.61278
13
-4.15044
23
-1.43811
33
-9.71891
0
3DFACE
8
C2
10
-4.31722
20
-1.54336
30
-9.64630
11
-4.34017
21
-1.63631
31
-9.53277
12
-4.19501
22
-1.63480
32
-9.50152
13
-4.17237
23
-1.53931
33
-9.61278
0
3DFACE
8
C2
10
-4.34017
20
-1.63631
30
-9.53277
11
-4.36320
21
-1.72872
31
-9.41875
12
-4.21775
22
-1.72951
32
-9.38958
13
-4.19501
23
-1.63480
33
-9.50152
0
3DFACE
8
C2
10
-4.36320
20
-1.72872
30
-9.41875
11
-4.38586
21
-1.82399
31
-9.30730
12
-4.24019
22
-1.82654
32
-9.27970
13
-4.21775
23
-1.72951
33
-9.38958
0
3DFACE
8
C2
10
-4.38586
20
-1.82399
30
-9.30730
11
-4.40926
21
-1.91343
31
-9.19062
12
-4.26335
22
-1.91785
32
-9.16469
13
-4.24019
23
-1.82654
33
-9.27970
0
3DFACE
8
C2
10
-4.40926
20
-1.91343
30
-9.19062
11
-4.43307
21
-1.99958
31
-9.07098
12
-4.28702
22
-2.00509
32
-9.04604
13
-4.26335
23
-1.91785
33
-9.16469
0
3DFACE
8
C2
10
-4.43307
20
-1.99958
30
-9.07098
11
-4.45741
21
-2.08144
31
-8.94749
12
-4.31137
22
-2.08695
32
-8.92256
13
-4.28702
23
-2.00509
33
-9.04604
0
3DFACE
8
C2
10
-4.45741
20
-2.08144
30
-8.94749
11
-4.48105
21
-2.16890
31
-8.82904
12
-4.33500
22
-2.17453
32
-8.80420
13
-4.31137
23
-2.08695
33
-8.92256
0
3DFACE
8
C2
10
-4.48105
20
-2.16890
30
-8.82904
11
-4.50368
21
-2.26450
31
-8.71788
12
-4.35771
22
-2.26946
32
-8.69245
13
-4.33500
23
-2.17453
33
-8.80420
0
3DFACE
8
C2
10
-4.50368
20
-2.26450
30
-8.71788
11
-4.52673
21
-2.35669
31
-8.60366
12
-4.38074
22
-2.36176
32
-8.57833
13
-4.35771
23
-2.26946
33
-8.69245
0
3DFACE
8
C2
10
-4.52673
20
-2.35669
30
-8.60366
11
-4.55095
21
-2.43954
31
-8.48106
12
-4.40488
22
-2.44527
32
-8.45633
13
-4.38074
23
-2.36176
33
-8.57833
0
3DFACE
8
C2
10
-4.55095
20
-2.43954
30
-8.48106
11
-4.57638
21
-2.51272
31
-8.34979
12
-4.43008
22
-2.52032
32
-8.32673
13
-4.40488
23
-2.44527
33
-8.45633
0
3DFACE
8
C2
10
-4.57638
20
-2.51272
30
-8.34979
11
-4.59993
21
-2.60096
31
-8.23203
12
-4.45346
22
-2.60988
32
-8.21015
13
-4.43008
23
-2.52032
33
-8.32673
0
3DFACE
8
C2
10
-4.59993
20
-2.60096
30
-8.23203
11
-4.62162
21
-2.70402
31
-8.12757
12
-4.47500
22
-2.71415
32
-8.10678
13
-4.45346
23
-2.60988
33
-8.21015
0
3DFACE
8
C2
10
-4.62162
20
-2.70402
30
-8.12757
11
-4.64385
21
-2.80280
31
-8.01927
12
-4.49717
22
-2.81337
32
-7.99887
13
-4.47500
23
-2.71415
33
-8.10678
0
3DFACE
8
C2
10
-4.64385
20
-2.80280
30
-8.01927
11
-4.66770
21
-2.88862
31
-7.89934
12
-4.52105
22
-2.89897
32
-7.87874
13
-4.49717
23
-2.81337
33
-7.99887
0
3DFACE
8
C2
10
-4.66770
20
-2.88862
30
-7.89934
11
-4.69293
21
-2.96334
31
-7.76944
12
-4.54611
22
-2.97512
32
-7.75013
13
-4.52105
23
-2.89897
33
-7.87874
0
3DFACE
8
C2
10
-4.69293
20
-2.96334
30
-7.76944
11
-4.71560
21
-3.05861
31
-7.65799
12
-4.56910
22
-3.06775
32
-7.63631
13
-4.54611
23
-2.97512
33
-7.75013
0
3DFACE
8
C2
10
-4.71560
20
-3.05861
30
-7.65799
11
-4.73594
21
-3.17244
31
-7.56320
12
-4.59008
22
-3.17652
32
-7.53698
13
-4.56910
23
-3.06775
33
-7.63631
0
3DFACE
8
C2
10
-4.73594
20
-3.17244
30
-7.56320
11
-4.75757
21
-3.27605
31
-7.45923
12
-4.61225
22
-3.27574
32
-7.42907
13
-4.59008
23
-3.17652
33
-7.53698
0
3DFACE
8
C2
10
-4.75757
20
-3.27605
30
-7.45923
11
-4.78092
21
-3.36582
31
-7.34285
12
-4.63591
22
-3.36310
32
-7.31052
13
-4.61225
23
-3.27574
33
-7.42907
0
3DFACE
8
C2
10
-4.78092
20
-3.36582
30
-7.34285
11
-4.80498
21
-3.44999
31
-7.22144
12
-4.65991
22
-3.44771
32
-7.18950
13
-4.63591
23
-3.36310
33
-7.31052
0
3DFACE
8
C2
10
-4.80498
20
-3.44999
30
-7.22144
11
-4.82744
21
-3.54691
31
-7.11146
12
-4.68264
22
-3.54242
32
-7.07755
13
-4.65991
23
-3.44771
33
-7.18950
0
3DFACE
8
C2
10
-4.82744
20
-3.54691
30
-7.11146
11
-4.84800
21
-3.65898
31
-7.01509
12
-4.70390
22
-3.64900
32
-6.97625
13
-4.68264
23
-3.54242
33
-7.07755
0
3DFACE
8
C2
10
-4.84800
20
-3.65898
30
-7.01509
11
-4.86965
21
-3.76237
31
-6.91093
12
-4.72579
22
-3.75042
32
-6.87032
13
-4.70390
23
-3.64900
33
-6.97625
0
3DFACE
8
C2
10
-4.86965
20
-3.76237
30
-6.91093
11
-4.89176
21
-3.86214
31
-6.80352
12
-4.74784
22
-3.85063
32
-6.76330
13
-4.72579
23
-3.75042
33
-6.87032
0
3DFACE
8
C2
10
-4.89176
20
-3.86214
30
-6.80352
11
-4.91349
21
-3.96488
31
-6.69877
12
-4.76936
22
-3.95512
32
-6.66013
13
-4.74784
23
-3.85063
33
-6.76330
0
3DFACE
8
C2
10
-4.91349
20
-3.96488
30
-6.69877
11
-4.93467
21
-4.07201
31
-6.59796
12
-4.79047
22
-4.06280
32
-6.55981
13
-4.76936
23
-3.95512
33
-6.66013
0
3DFACE
8
C2
10
-4.93467
20
-4.07201
30
-6.59796
11
-4.95513
21
-4.18496
31
-6.50238
12
-4.81126
22
-4.17312
32
-6.46187
13
-4.79047
23
-4.06280
33
-6.55981
0
3DFACE
8
C2
10
-4.95513
20
-4.18496
30
-6.50238
11
-4.97584
21
-4.29583
31
-6.40493
12
-4.83199
22
-4.28387
32
-6.36432
13
-4.81126
23
-4.17312
33
-6.46187
0
3DFACE
8
C2
10
-3.28494
20
2.70174
30
-13.88161
11
-3.30881
21
2.61614
31
-13.76148
12
-3.16273
22
2.61029
32
-13.73684
13
-3.13918
23
2.69853
33
-13.85461
0
3DFACE
8
C2
10
-3.30881
20
2.61614
30
-13.76148
11
-3.33211
21
2.52593
31
-13.64549
12
-3.18605
22
2.52030
32
-13.62065
13
-3.16273
23
2.61029
33
-13.73684
0
3DFACE
8
C2
10
-3.33211
20
2.52593
30
-13.64549
11
-3.35567
21
2.43780
31
-13.52763
12
-3.20937
22
2.43020
32
-13.50456
13
-3.18605
23
2.52030
33
-13.62065
0
3DFACE
8
C2
10
-3.35567
20
2.43780
30
-13.52763
11
-3.37945
21
2.35144
31
-13.40818
12
-3.23275
22
2.34065
32
-13.38798
13
-3.20937
23
2.43020
33
-13.50456
0
3DFACE
8
C2
10
-3.37945
20
2.35144
30
-13.40818
11
-3.40228
21
2.25749
31
-13.29555
12
-3.25547
22
2.24582
32
-13.27613
13
-3.23275
23
2.34065
33
-13.38798
0
3DFACE
8
C2
10
-3.40228
20
2.25749
30
-13.29555
11
-3.42428
21
2.15684
31
-13.18892
12
-3.27770
22
2.14704
32
-13.16783
13
-3.25547
23
2.24582
33
-13.27613
0
3DFACE
8
C2
10
-3.42428
20
2.15684
30
-13.18892
11
-3.44600
21
2.05400
31
-13.08427
12
-3.29984
22
2.04760
32
-13.06012
13
-3.27770
23
2.14704
33
-13.16783
0
3DFACE
8
C2
10
-3.44600
20
2.05400
30
-13.08427
11
-3.46783
21
1.95203
31
-12.97883
12
-3.32175
22
1.94629
32
-12.95409
13
-3.29984
23
2.04760
33
-13.06012
0
3DFACE
8
C2
10
-3.46783
20
1.95203
30
-12.97883
11
-3.49004
21
1.85314
31
-12.87063
12
-3.34367
22
1.84499
32
-12.84806
13
-3.32175
23
1.94629
33
-12.95409
0
3DFACE
8
C2
10
-3.49004
20
1.85314
30
-12.87063
11
-3.51154
21
1.74854
31
-12.76755
12
-3.36512
22
1.74005
32
-12.74528
13
-3.34367
23
1.84499
33
-12.84806
0
3DFACE
8
C2
10
-3.51154
20
1.74854
30
-12.76755
11
-3.53221
21
1.63734
31
-12.67040
12
-3.38605
22
1.63084
32
-12.64635
13
-3.36512
23
1.74005
33
-12.74528
0
3DFACE
8
C2
10
-3.53221
20
1.63734
30
-12.67040
11
-3.55209
21
1.51977
31
-12.57896
12
-3.40649
22
1.51778
32
-12.55087
13
-3.38605
23
1.63084
33
-12.64635
0
3DFACE
8
C2
10
-3.55209
20
1.51977
30
-12.57896
11
-3.57226
21
1.40451
31
-12.48545
12
-3.42689
22
1.40438
32
-12.45568
13
-3.40649
23
1.51778
33
-12.55087
0
3DFACE
8
C2
10
-3.57226
20
1.40451
30
-12.48545
11
-3.59255
21
1.29024
31
-12.39105
12
-3.44715
22
1.28989
32
-12.36148
13
-3.42689
23
1.40438
33
-12.45568
0
3DFACE
8
C2
10
-3.59255
20
1.29024
30
-12.39105
11
-3.61265
21
1.17444
31
-12.29803
12
-3.46740
22
1.17529
32
-12.26738
13
-3.44715
23
1.28989
33
-12.36148
0
3DFACE
8
C2
10
-3.61265
20
1.17444
30
-12.29803
11
-3.63214
21
1.05379
31
-12.20935
12
-3.48728
22
1.05773
32
-12.17594
13
-3.46740
23
1.17529
33
-12.26738
0
3DFACE
8
C2
10
-3.63214
20
1.05379
30
-12.20935
11
-3.65119
21
0.92964
31
-12.12383
12
-3.50684
22
0.93763
32
-12.08677
13
-3.48728
23
1.05773
33
-12.17594
0
3DFACE
8
C2
10
-3.65119
20
0.92964
30
-12.12383
11
-3.67106
21
0.81196
31
-12.03249
12
-3.52706
22
0.82281
32
-11.99286
13
-3.50684
23
0.93763
33
-12.08677
0
3DFACE
8
C2
10
-3.67106
20
0.81196
30
-12.03249
11
-3.69129
21
0.69725
31
-11.93849
12
-3.54734
22
0.70843
32
-11.89857
13
-3.52706
23
0.82281
33
-11.99286
0
3DFACE
8
C2
10
-3.69129
20
0.69725
30
-11.93849
11
-3.71081
21
0.57683
31
-11.84961
12
-3.56705
22
0.58955
32
-11.80831
13
-3.54734
23
0.70843
33
-11.89857
0
3DFACE
8
C2
10
-3.71081
20
0.57683
30
-11.84961
11
-3.72978
21
0.45201
31
-11.76468
12
-3.58621
22
0.46627
32
-11.72200
13
-3.56705
23
0.58955
33
-11.80831
0
3DFACE
8
C2
10
-3.72978
20
0.45201
30
-11.76468
11
-3.74770
21
0.31873
31
-11.68734
12
-3.60404
22
0.33233
32
-11.64525
13
-3.58621
23
0.46627
33
-11.72200
0
3DFACE
8
C2
10
-3.74770
20
0.31873
30
-11.68734
11
-3.76789
21
0.20369
31
-11.59363
12
-3.62417
22
0.21674
32
-11.55204
13
-3.60404
23
0.33233
33
-11.64525
0
3DFACE
8
C2
10
-3.76789
20
0.20369
30
-11.59363
11
-3.78943
21
0.09942
31
-11.49026
12
-3.64555
22
0.11115
32
-11.44985
13
-3.62417
23
0.21674
33
-11.55204
0
3DFACE
8
C2
10
-3.78943
20
0.09942
30
-11.49026
11
-3.81118
21
-0.00321
31
-11.38542
12
-3.66713
22
0.00721
32
-11.34618
13
-3.64555
23
0.11115
33
-11.44985
0
3DFACE
8
C2
10
-3.81118
20
-0.00321
30
-11.38542
11
-3.83358
21
-0.10056
31
-11.27583
12
-3.68933
22
-0.09179
32
-11.23808
13
-3.66713
23
0.00721
33
-11.34618
0
3DFACE
8
C2
10
-3.83358
20
-0.10056
30
-11.27583
11
-3.85622
21
-0.19604
31
-11.16458
12
-3.71172
22
-0.18925
32
-11.12860
13
-3.68933
23
-0.09179
33
-11.23808
0
3DFACE
8
C2
10
-3.85622
20
-0.19604
30
-11.16458
11
-3.87973
21
-0.28461
31
-11.04711
12
-3.73501
22
-0.27958
32
-11.01270
13
-3.71172
23
-0.18925
33
-11.12860
0
3DFACE
8
C2
10
-3.87973
20
-0.28461
30
-11.04711
11
-3.90490
21
-0.35988
31
-10.91771
12
-3.76017
22
-0.35485
32
-10.88330
13
-3.73501
23
-0.27958
33
-11.01270
0
3DFACE
8
C2
10
-3.90490
20
-0.35988
30
-10.91771
11
-3.92879
21
-0.44537
31
-10.79748
12
-3.78387
22
-0.44187
32
-10.76445
13
-3.76017
23
-0.35485
33
-10.88330
0
3DFACE
8
C2
10
-3.92879
20
-0.44537
30
-10.79748
11
-3.95244
21
-0.53272
31
-10.67892
12
-3.80725
22
-0.53142
32
-10.64787
13
-3.78387
23
-0.44187
33
-10.76445
0
3DFACE
8
C2
10
-3.95244
20
-0.53272
30
-10.67892
11
-3.97587
21
-0.62194
31
-10.56204
12
-3.83033
22
-0.62339
32
-10.53346
13
-3.80725
23
-0.53142
33
-10.64787
0
3DFACE
8
C2
10
-3.97587
20
-0.62194
30
-10.56204
11
-3.99853
21
-0.71721
31
-10.45059
12
-3.85282
22
-0.72009
32
-10.42329
13
-3.83033
23
-0.62339
33
-10.53346
0
3DFACE
8
C2
10
-3.99853
20
-0.71721
30
-10.45059
11
-4.02111
21
-0.81324
31
-10.33982
12
-3.87543
22
-0.81579
32
-10.31222
13
-3.85282
23
-0.72009
33
-10.42329
0
3DFACE
8
C2
10
-4.02111
20
-0.81324
30
-10.33982
11
-4.04311
21
-0.91378
31
-10.23310
12
-3.89751
22
-0.91578
32
-10.20501
13
-3.87543
23
-0.81579
33
-10.31222
0
3DFACE
8
C2
10
-4.04311
20
-0.91378
30
-10.23310
11
-4.06483
21
-1.01663
31
-10.12845
12
-3.91934
22
-1.01775
32
-10.09957
13
-3.89751
23
-0.91578
33
-10.20501
0
3DFACE
8
C2
10
-4.06483
20
-1.01663
30
-10.12845
11
-4.08669
21
-1.11837
31
-10.02281
12
-3.94128
22
-1.11883
32
-9.99334
13
-3.91934
23
-1.01775
33
-10.09957
0
3DFACE
8
C2
10
-4.08669
20
-1.11837
30
-10.02281
11
-4.10790
21
-1.22528
31
-9.92181
12
-3.96268
22
-1.22421
32
-9.89096
13
-3.94128
23
-1.11883
33
-9.99334
0
3DFACE
8
C2
10
-4.10790
20
-1.22528
30
-9.92181
11
-4.12892
21
-1.33373
31
-9.82218
12
-3.98395
22
-1.33068
32
-9.78956
13
-3.96268
23
-1.22421
33
-9.89096
0
3DFACE
8
C2
10
-4.12892
20
-1.33373
30
-9.82218
11
-4.15044
21
-1.43811
31
-9.71891
12
-4.00550
22
-1.43484
32
-9.68609
13
-3.98395
23
-1.33068
33
-9.78956
0
3DFACE
8
C2
10
-4.15044
20
-1.43811
30
-9.71891
11
-4.17237
21
-1.53931
31
-9.61278
12
-4.02732
22
-1.53692
32
-9.58075
13
-4.00550
23
-1.43484
33
-9.68609
0
3DFACE
8
C2
10
-4.17237
20
-1.53931
30
-9.61278
11
-4.19501
21
-1.63480
31
-9.50152
12
-4.04960
22
-1.63526
32
-9.47205
13
-4.02732
23
-1.53692
33
-9.58075
0
3DFACE
8
C2
10
-4.19501
20
-1.63480
30
-9.50152
11
-4.21775
21
-1.72951
31
-9.38958
12
-4.07207
22
-1.73206
32
-9.36198
13
-4.04960
23
-1.63526
33
-9.47205
0
3DFACE
8
C2
10
-4.21775
20
-1.72951
30
-9.38958
11
-4.24019
21
-1.82654
31
-9.27970
12
-4.09437
22
-1.83029
32
-9.25319
13
-4.07207
23
-1.73206
33
-9.36198
0
3DFACE
8
C2
10
-4.24019
20
-1.82654
30
-9.27970
11
-4.26335
21
-1.91785
31
-9.16469
12
-4.11739
22
-1.92270
32
-9.13917
13
-4.09437
23
-1.83029
33
-9.25319
0
3DFACE
8
C2
10
-4.26335
20
-1.91785
30
-9.16469
11
-4.28702
21
-2.00509
31
-9.04604
12
-4.14101
22
-2.01039
32
-9.02091
13
-4.11739
23
-1.92270
33
-9.13917
0
3DFACE
8
C2
10
-4.28702
20
-2.00509
30
-9.04604
11
-4.31137
21
-2.08695
31
-8.92256
12
-4.16541
22
-2.09181
32
-8.89703
13
-4.14101
23
-2.01039
33
-9.02091
0
3DFACE
8
C2
10
-4.31137
20
-2.08695
30
-8.92256
11
-4.33500
21
-2.17453
31
-8.80420
12
-4.18909
22
-2.17894
32
-8.77828
13
-4.16541
23
-2.09181
33
-8.89703
0
3DFACE
8
C2
10
-4.33500
20
-2.17453
30
-8.80420
11
-4.35771
21
-2.26946
31
-8.69245
12
-4.21202
22
-2.27212
32
-8.66495
13
-4.18909
23
-2.17894
33
-8.77828
0
3DFACE
8
C2
10
-4.35771
20
-2.26946
30
-8.69245
11
-4.38074
21
-2.36176
31
-8.57833
12
-4.23511
22
-2.36398
32
-8.55044
13
-4.21202
23
-2.27212
33
-8.66495
0
3DFACE
8
C2
10
-4.38074
20
-2.36176
30
-8.57833
11
-4.40488
21
-2.44527
31
-8.45633
12
-4.25909
22
-2.44881
32
-8.42962
13
-4.23511
23
-2.36398
33
-8.55044
0
3DFACE
8
C2
10
-4.40488
20
-2.44527
30
-8.45633
11
-4.43008
21
-2.52032
31
-8.32673
12
-4.28399
22
-2.52617
32
-8.30209
13
-4.25909
23
-2.44881
33
-8.42962
0
3DFACE
8
C2
10
-4.43008
20
-2.52032
30
-8.32673
11
-4.45346
21
-2.60988
31
-8.21015
12
-4.30722
22
-2.61693
32
-8.18659
13
-4.28399
23
-2.52617
33
-8.30209
0
3DFACE
8
C2
10
-4.45346
20
-2.60988
30
-8.21015
11
-4.47500
21
-2.71415
31
-8.10678
12
-4.32874
22
-2.72142
32
-8.08342
13
-4.30722
23
-2.61693
33
-8.18659
0
3DFACE
8
C2
10
-4.47500
20
-2.71415
30
-8.10678
11
-4.49717
21
-2.81337
31
-7.99887
12
-4.35094
22
-2.82042
32
-7.97532
13
-4.32874
23
-2.72142
33
-8.08342
0
3DFACE
8
C2
10
-4.49717
20
-2.81337
30
-7.99887
11
-4.52105
21
-2.89897
31
-7.87874
12
-4.37467
22
-2.90712
32
-7.85617
13
-4.35094
23
-2.82042
33
-7.97532
0
3DFACE
8
C2
10
-4.52105
20
-2.89897
30
-7.87874
11
-4.54611
21
-2.97512
31
-7.75013
12
-4.39946
22
-2.98547
32
-7.72953
13
-4.37467
23
-2.90712
33
-7.85617
0
3DFACE
8
C2
10
-4.54611
20
-2.97512
30
-7.75013
11
-4.56910
21
-3.06775
31
-7.63631
12
-4.42269
22
-3.07623
32
-7.61403
13
-4.39946
23
-2.98547
33
-7.72953
0
3DFACE
8
C2
10
-4.56910
20
-3.06775
30
-7.63631
11
-4.59008
21
-3.17652
31
-7.53698
12
-4.44433
22
-3.17973
32
-7.50997
13
-4.42269
23
-3.07623
33
-7.61403
0
3DFACE
8
C2
10
-4.59008
20
-3.17652
30
-7.53698
11
-4.61225
21
-3.27574
31
-7.42907
12
-4.46703
22
-3.27467
32
-7.39822
13
-4.44433
23
-3.17973
33
-7.50997
0
3DFACE
8
C2
10
-4.61225
20
-3.27574
30
-7.42907
11
-4.63591
21
-3.36310
31
-7.31052
12
-4.49090
22
-3.36037
32
-7.27819
13
-4.46703
23
-3.27467
33
-7.39822
0
3DFACE
8
C2
10
-4.63591
20
-3.36310
30
-7.31052
11
-4.65991
21
-3.44771
31
-7.18950
12
-4.51476
22
-3.44608
32
-7.15816
13
-4.49090
23
-3.36037
33
-7.27819
0
3DFACE
8
C2
10
-4.65991
20
-3.44771
30
-7.18950
11
-4.68264
21
-3.54242
31
-7.07755
12
-4.53787
22
-3.53783
32
-7.04354
13
-4.51476
23
-3.44608
33
-7.15816
0
3DFACE
8
C2
10
-4.68264
20
-3.54242
30
-7.07755
11
-4.70390
21
-3.64900
31
-6.97625
12
-4.55985
22
-3.63859
32
-6.93702
13
-4.53787
23
-3.53783
33
-7.04354
0
3DFACE
8
C2
10
-4.70390
20
-3.64900
30
-6.97625
11
-4.72579
21
-3.75042
31
-6.87032
12
-4.58209
22
-3.73726
32
-6.82862
13
-4.55985
23
-3.63859
33
-6.93702
0
3DFACE
8
C2
10
-4.72579
20
-3.75042
30
-6.87032
11
-4.74784
21
-3.85063
31
-6.76330
12
-4.60412
22
-3.83758
32
-6.72170
13
-4.58209
23
-3.73726
33
-6.82862
0
3DFACE
8
C2
10
-4.74784
20
-3.85063
30
-6.76330
11
-4.76936
21
-3.95512
31
-6.66013
12
-4.62537
22
-3.94416
32
-6.62040
13
-4.60412
23
-3.83758
33
-6.72170
0
3DFACE
8
C2
10
-4.76936
20
-3.95512
30
-6.66013
11
-4.79047
21
-4.06280
31
-6.55981
12
-4.64642
22
-4.05239
32
-6.52058
13
-4.62537
23
-3.94416
33
-6.62040
0
3DFACE
8
C2
10
-4.79047
20
-4.06280
30
-6.55981
11
-4.81126
21
-4.17312
31
-6.46187
12
-4.66747
22
-4.16062
32
-6.42076
13
-4.64642
23
-4.05239
33
-6.52058
0
3DFACE
8
C2
10
-4.81126
20
-4.17312
30
-6.46187
11
-4.83199
21
-4.28387
31
-6.36432
12
-4.68818
22
-4.27148
32
-6.32331
13
-4.66747
23
-4.16062
33
-6.42076
0
3DFACE
8
C2
10
-3.13918
20
2.69853
30
-13.85461
11
-3.16273
21
2.61029
31
-13.73684
12
-3.01505
22
2.59171
32
-13.72364
13
-2.99175
23
2.68192
33
-13.83963
0
3DFACE
8
C2
10
-3.16273
20
2.61029
30
-13.73684
11
-3.18605
21
2.52030
31
-13.62065
12
-3.03833
22
2.50138
32
-13.60775
13
-3.01505
23
2.59171
33
-13.72364
0
3DFACE
8
C2
10
-3.18605
20
2.52030
30
-13.62065
11
-3.20937
21
2.43020
31
-13.50456
12
-3.06152
22
2.41029
32
-13.49255
13
-3.03833
23
2.50138
33
-13.60775
0
3DFACE
8
C2
10
-3.20937
20
2.43020
30
-13.50456
11
-3.23275
21
2.34065
31
-13.38798
12
-3.08467
22
2.31887
32
-13.37764
13
-3.06152
23
2.41029
33
-13.49255
0
3DFACE
8
C2
10
-3.23275
20
2.34065
30
-13.38798
11
-3.25547
21
2.24582
31
-13.27613
12
-3.10735
22
2.22372
32
-13.26609
13
-3.08467
23
2.31887
33
-13.37764
0
3DFACE
8
C2
10
-3.25547
20
2.24582
30
-13.27613
11
-3.27770
21
2.14704
31
-13.16783
12
-3.12979
22
2.12659
32
-13.15631
13
-3.10735
23
2.22372
33
-13.26609
0
3DFACE
8
C2
10
-3.27770
20
2.14704
30
-13.16783
11
-3.29984
21
2.04760
31
-13.06012
12
-3.15225
22
2.02967
32
-13.04633
13
-3.12979
23
2.12659
33
-13.15631
0
3DFACE
8
C2
10
-3.29984
20
2.04760
30
-13.06012
11
-3.32175
21
1.94629
31
-12.95409
12
-3.17427
22
1.92924
32
-12.93951
13
-3.15225
23
2.02967
33
-13.04633
0
3DFACE
8
C2
10
-3.32175
20
1.94629
30
-12.95409
11
-3.34367
21
1.84499
31
-12.84806
12
-3.19610
22
1.82728
32
-12.83407
13
-3.17427
23
1.92924
33
-12.93951
0
3DFACE
8
C2
10
-3.34367
20
1.84499
30
-12.84806
11
-3.36512
21
1.74005
31
-12.74528
12
-3.21764
22
1.72300
32
-12.73070
13
-3.19610
23
1.82728
33
-12.83407
0
3DFACE
8
C2
10
-3.36512
20
1.74005
30
-12.74528
11
-3.38605
21
1.63084
31
-12.64635
12
-3.23889
22
1.61642
32
-12.62940
13
-3.21764
23
1.72300
33
-12.73070
0
3DFACE
8
C2
10
-3.38605
20
1.63084
30
-12.64635
11
-3.40649
21
1.51778
31
-12.55087
12
-3.25983
22
1.50732
32
-12.53037
13
-3.23889
23
1.61642
33
-12.62940
0
3DFACE
8
C2
10
-3.40649
20
1.51778
30
-12.55087
11
-3.42689
21
1.40438
31
-12.45568
12
-3.28062
22
1.39711
32
-12.43232
13
-3.25983
23
1.50732
33
-12.53037
0
3DFACE
8
C2
10
-3.42689
20
1.40438
30
-12.45568
11
-3.44715
21
1.28989
31
-12.36148
12
-3.30115
22
1.28471
32
-12.33625
13
-3.28062
23
1.39711
33
-12.43232
0
3DFACE
8
C2
10
-3.44715
20
1.28989
30
-12.36148
11
-3.46740
21
1.17529
31
-12.26738
12
-3.32180
22
1.17329
32
-12.23929
13
-3.30115
23
1.28471
33
-12.33625
0
3DFACE
8
C2
10
-3.46740
20
1.17529
30
-12.26738
11
-3.48728
21
1.05773
31
-12.17594
12
-3.34224
22
1.06023
32
-12.14381
13
-3.32180
23
1.17329
33
-12.23929
0
3DFACE
8
C2
10
-3.48728
20
1.05773
30
-12.17594
11
-3.50684
21
0.93763
31
-12.08677
12
-3.36246
22
0.94541
32
-12.04990
13
-3.34224
23
1.06023
33
-12.14381
0
3DFACE
8
C2
10
-3.50684
20
0.93763
30
-12.08677
11
-3.52706
21
0.82281
31
-11.99286
12
-3.38304
22
0.83345
32
-11.95343
13
-3.36246
23
0.94541
33
-12.04990
0
3DFACE
8
C2
10
-3.52706
20
0.82281
30
-11.99286
11
-3.54734
21
0.70843
31
-11.89857
12
-3.40358
22
0.72115
32
-11.85726
13
-3.38304
23
0.83345
33
-11.95343
0
3DFACE
8
C2
10
-3.54734
20
0.70843
30
-11.89857
11
-3.56705
21
0.58955
31
-11.80831
12
-3.42365
22
0.60513
32
-11.76444
13
-3.40358
23
0.72115
33
-11.85726
0
3DFACE
8
C2
10
-3.56705
20
0.58955
30
-11.80831
11
-3.58621
21
0.46627
31
-11.72200
12
-3.44326
22
0.48547
32
-11.67488
13
-3.42365
23
0.60513
33
-11.76444
0
3DFACE
8
C2
10
-3.58621
20
0.46627
30
-11.72200
11
-3.60404
21
0.33233
31
-11.64525
12
-3.46153
22
0.35505
32
-11.59497
13
-3.44326
23
0.48547
33
-11.67488
0
3DFACE
8
C2
10
-3.60404
20
0.33233
30
-11.64525
11
-3.62417
21
0.21674
31
-11.55204
12
-3.48178
22
0.24045
32
-11.50087
13
-3.46153
23
0.35505
33
-11.59497
0
3DFACE
8
C2
10
-3.62417
20
0.21674
30
-11.55204
11
-3.64555
21
0.11115
31
-11.44985
12
-3.50302
22
0.13376
32
-11.39967
13
-3.48178
23
0.24045
33
-11.50087
0
3DFACE
8
C2
10
-3.64555
20
0.11115
30
-11.44985
11
-3.66713
21
0.00721
31
-11.34618
12
-3.52457
22
0.02960
32
-11.29620
13
-3.50302
23
0.13376
33
-11.39967
0
3DFACE
8
C2
10
-3.66713
20
0.00721
30
-11.34618
11
-3.68933
21
-0.09179
31
-11.23808
12
-3.54649
22
-0.07171
32
-11.19017
13
-3.52457
23
0.02960
33
-11.29620
0
3DFACE
8
C2
10
-3.68933
20
-0.09179
30
-11.23808
11
-3.71172
21
-0.18925
31
-11.12860
12
-3.56838
22
-0.17313
32
-11.08424
13
-3.54649
23
-0.07171
33
-11.19017
0
3DFACE
8
C2
10
-3.71172
20
-0.18925
30
-11.12860
11
-3.73501
21
-0.27958
31
-11.01270
12
-3.59124
22
-0.26685
32
-10.97140
13
-3.56838
23
-0.17313
33
-11.08424
0
3DFACE
8
C2
10
-3.73501
20
-0.27958
30
-11.01270
11
-3.76017
21
-0.35485
31
-10.88330
12
-3.61583
22
-0.34674
32
-10.84614
13
-3.59124
23
-0.26685
33
-10.97140
0
3DFACE
8
C2
10
-3.76017
20
-0.35485
30
-10.88330
11
-3.78387
21
-0.44187
31
-10.76445
12
-3.63904
22
-0.43772
32
-10.73084
13
-3.61583
23
-0.34674
33
-10.84614
0
3DFACE
8
C2
10
-3.78387
20
-0.44187
30
-10.76445
11
-3.80725
21
-0.53142
31
-10.64787
12
-3.66203
22
-0.53035
32
-10.61702
13
-3.63904
23
-0.43772
33
-10.73084
0
3DFACE
8
C2
10
-3.80725
20
-0.53142
30
-10.64787
11
-3.83033
21
-0.62339
31
-10.53346
12
-3.68459
22
-0.62649
32
-10.50635
13
-3.66203
23
-0.53035
33
-10.61702
0
3DFACE
8
C2
10
-3.83033
20
-0.62339
30
-10.53346
11
-3.85282
21
-0.72009
31
-10.42329
12
-3.70701
22
-0.72373
32
-10.39667
13
-3.68459
23
-0.62649
33
-10.50635
0
3DFACE
8
C2
10
-3.85282
20
-0.72009
30
-10.42329
11
-3.87543
21
-0.81579
31
-10.31222
12
-3.72975
22
-0.81845
32
-10.28473
13
-3.70701
23
-0.72373
33
-10.39667
0
3DFACE
8
C2
10
-3.87543
20
-0.81579
30
-10.31222
11
-3.89751
21
-0.91578
31
-10.20501
12
-3.75193
22
-0.91756
32
-10.17672
13
-3.72975
23
-0.81845
33
-10.28473
0
3DFACE
8
C2
10
-3.89751
20
-0.91578
30
-10.20501
11
-3.91934
21
-1.01775
31
-10.09957
12
-3.77394
22
-1.01810
32
-10.07000
13
-3.75193
23
-0.91756
33
-10.17672
0
3DFACE
8
C2
10
-3.91934
20
-1.01775
30
-10.09957
11
-3.94128
21
-1.11883
31
-9.99334
12
-3.79609
22
-1.11754
32
-9.96229
13
-3.77394
23
-1.01810
33
-10.07000
0
3DFACE
8
C2
10
-3.94128
20
-1.11883
30
-9.99334
11
-3.96268
21
-1.22421
31
-9.89096
12
-3.81768
22
-1.22137
32
-9.85853
13
-3.79609
23
-1.11754
33
-9.96229
0
3DFACE
8
C2
10
-3.96268
20
-1.22421
30
-9.89096
11
-3.98395
21
-1.33068
31
-9.78956
12
-3.83932
22
-1.32488
32
-9.75447
13
-3.81768
23
-1.22137
33
-9.85853
0
3DFACE
8
C2
10
-3.98395
20
-1.33068
30
-9.78956
11
-4.00550
21
-1.43484
31
-9.68609
12
-3.86094
22
-1.42849
32
-9.65051
13
-3.83932
23
-1.32488
33
-9.75447
0
3DFACE
8
C2
10
-4.00550
20
-1.43484
30
-9.68609
11
-4.02732
21
-1.53692
31
-9.58075
12
-3.88274
22
-1.53068
32
-9.54526
13
-3.86094
23
-1.42849
33
-9.65051
0
3DFACE
8
C2
10
-4.02732
20
-1.53692
30
-9.58075
11
-4.04960
21
-1.63526
31
-9.47205
12
-3.90481
22
-1.63078
32
-9.43815
13
-3.88274
23
-1.53068
33
-9.54526
0
3DFACE
8
C2
10
-4.04960
20
-1.63526
30
-9.47205
11
-4.07207
21
-1.73206
31
-9.36198
12
-3.92710
22
-1.72901
32
-9.32935
13
-3.90481
23
-1.63078
33
-9.43815
0
3DFACE
8
C2
10
-4.07207
20
-1.73206
30
-9.36198
11
-4.09437
21
-1.83029
31
-9.25319
12
-3.94925
22
-1.82845
32
-9.22164
13
-3.92710
23
-1.72901
33
-9.32935
0
3DFACE
8
C2
10
-4.09437
20
-1.83029
30
-9.25319
11
-4.11739
21
-1.92270
31
-9.13917
12
-3.97211
22
-1.92217
32
-9.10881
13
-3.94925
23
-1.82845
33
-9.22164
0
3DFACE
8
C2
10
-4.11739
20
-1.92270
30
-9.13917
11
-4.14101
21
-2.01039
31
-9.02091
12
-3.99554
22
-2.01129
32
-8.99183
13
-3.97211
23
-1.92217
33
-9.10881
0
3DFACE
8
C2
10
-4.14101
20
-2.01039
30
-9.02091
11
-4.16541
21
-2.09181
31
-8.89703
12
-4.01972
22
-2.09447
32
-8.86953
13
-3.99554
23
-2.01129
33
-8.99183
0
3DFACE
8
C2
10
-4.16541
20
-2.09181
30
-8.89703
11
-4.18909
21
-2.17894
31
-8.77828
12
-4.04331
22
-2.18237
32
-8.75147
13
-4.01972
23
-2.09447
33
-8.86953
0
3DFACE
8
C2
10
-4.18909
20
-2.17894
30
-8.77828
11
-4.21202
21
-2.27212
31
-8.66495
12
-4.06629
22
-2.27511
32
-8.63775
13
-4.04331
23
-2.18237
33
-8.75147
0
3DFACE
8
C2
10
-4.21202
20
-2.27212
30
-8.66495
11
-4.23511
21
-2.36398
31
-8.55044
12
-4.08929
22
-2.36774
32
-8.52393
13
-4.06629
23
-2.27511
33
-8.63775
0
3DFACE
8
C2
10
-4.23511
20
-2.36398
30
-8.55044
11
-4.25909
21
-2.44881
31
-8.42962
12
-4.11299
22
-2.45476
32
-8.40507
13
-4.08929
23
-2.36774
33
-8.52393
0
3DFACE
8
C2
10
-4.25909
20
-2.44881
30
-8.42962
11
-4.28399
21
-2.52617
31
-8.30209
12
-4.13739
22
-2.53619
32
-8.28120
13
-4.11299
23
-2.45476
33
-8.40507
0
3DFACE
8
C2
10
-4.28399
20
-2.52617
30
-8.30209
11
-4.30722
21
-2.61693
31
-8.18659
12
-4.16041
22
-2.62860
32
-8.16718
13
-4.13739
23
-2.53619
33
-8.28120
0
3DFACE
8
C2
10
-4.30722
20
-2.61693
30
-8.18659
11
-4.32874
21
-2.72142
31
-8.08342
12
-4.18214
22
-2.73133
32
-8.06243
13
-4.16041
23
-2.62860
33
-8.16718
0
3DFACE
8
C2
10
-4.32874
20
-2.72142
30
-8.08342
11
-4.35094
21
-2.82042
31
-7.97532
12
-4.20447
22
-2.82934
32
-7.95344
13
-4.18214
23
-2.73133
33
-8.06243
0
3DFACE
8
C2
10
-4.35094
20
-2.82042
30
-7.97532
11
-4.37467
21
-2.90712
31
-7.85617
12
-4.22799
22
-2.91780
32
-7.83587
13
-4.20447
23
-2.82934
33
-7.95344
0
3DFACE
8
C2
10
-4.37467
20
-2.90712
30
-7.85617
11
-4.39946
21
-2.98547
31
-7.72953
12
-4.25237
22
-2.99933
32
-7.71209
13
-4.22799
23
-2.91780
33
-7.83587
0
3DFACE
8
C2
10
-4.39946
20
-2.98547
30
-7.72953
11
-4.42269
21
-3.07623
31
-7.61403
12
-4.27577
22
-3.08877
32
-7.59541
13
-4.25237
23
-2.99933
33
-7.71209
0
3DFACE
8
C2
10
-4.42269
20
-3.07623
30
-7.61403
11
-4.44433
21
-3.17973
31
-7.50997
12
-4.29821
22
-3.18580
32
-7.48553
13
-4.27577
23
-3.08877
33
-7.59541
0
3DFACE
8
C2
10
-4.44433
20
-3.17973
30
-7.50997
11
-4.46703
21
-3.27467
31
-7.39822
12
-4.32168
22
-3.27469
32
-7.36836
13
-4.29821
23
-3.18580
33
-7.48553
0
3DFACE
8
C2
10
-4.46703
20
-3.27467
30
-7.39822
11
-4.49090
21
-3.36037
31
-7.27819
12
-4.34584
22
-3.35798
32
-7.24615
13
-4.32168
23
-3.27469
33
-7.36836
0
3DFACE
8
C2
10
-4.49090
20
-3.36037
30
-7.27819
11
-4.51476
21
-3.44608
31
-7.15816
12
-4.36997
22
-3.44160
32
-7.12425
13
-4.34584
23
-3.35798
33
-7.24615
0
3DFACE
8
C2
10
-4.51476
20
-3.44608
30
-7.15816
11
-4.53787
21
-3.53783
31
-7.04354
12
-4.39362
22
-3.52895
32
-7.00569
13
-4.36997
23
-3.44160
33
-7.12425
0
3DFACE
8
C2
10
-4.53787
20
-3.53783
30
-7.04354
11
-4.55985
21
-3.63859
31
-6.93702
12
-4.41645
22
-3.62290
32
-6.89305
13
-4.39362
23
-3.52895
33
-7.00569
0
3DFACE
8
C2
10
-4.55985
20
-3.63859
30
-6.93702
11
-4.58209
21
-3.73726
31
-6.82862
12
-4.43929
22
-3.71685
32
-6.78042
13
-4.41645
23
-3.62290
33
-6.89305
0
3DFACE
8
C2
10
-4.58209
20
-3.73726
30
-6.82862
11
-4.60412
21
-3.83758
31
-6.72170
12
-4.46151
22
-3.81563
32
-6.67212
13
-4.43929
23
-3.71685
33
-6.78042
0
3DFACE
8
C2
10
-4.60412
20
-3.83758
30
-6.72170
11
-4.62537
21
-3.94416
31
-6.62040
12
-4.48240
22
-3.92518
32
-6.57348
13
-4.46151
23
-3.81563
33
-6.67212
0
3DFACE
8
C2
10
-4.62537
20
-3.94416
30
-6.62040
11
-4.64642
21
-4.05239
31
-6.52058
12
-4.50317
22
-4.03560
32
-6.47563
13
-4.48240
23
-3.92518
33
-6.57348
0
3DFACE
8
C2
10
-4.64642
20
-4.05239
30
-6.52058
11
-4.66747
21
-4.16062
31
-6.42076
12
-4.52402
22
-4.14537
32
-6.37719
13
-4.50317
23
-4.03560
33
-6.47563
0
3DFACE
8
C2
10
-4.66747
20
-4.16062
30
-6.42076
11
-4.68818
21
-4.27148
31
-6.32331
12
-4.54454
22
-4.25777
32
-6.28112
13
-4.52402
23
-4.14537
33
-6.37719
0
3DFACE
8
C2
10
-2.99175
20
2.68192
30
-13.83963
11
-3.01505
21
2.59171
31
-13.72364
12
-2.86828
22
2.58037
32
-13.70393
13
-2.84540
23
2.67399
33
-13.81686
0
3DFACE
8
C2
10
-3.01505
20
2.59171
30
-13.72364
11
-3.03833
21
2.50138
31
-13.60775
12
-2.89151
22
2.48961
32
-13.58843
13
-2.86828
23
2.58037
33
-13.70393
0
3DFACE
8
C2
10
-3.03833
20
2.50138
30
-13.60775
11
-3.06152
21
2.41029
31
-13.49255
12
-2.91442
22
2.39632
32
-13.47520
13
-2.89151
23
2.48961
33
-13.58843
0
3DFACE
8
C2
10
-3.06152
20
2.41029
30
-13.49255
11
-3.08467
21
2.31887
31
-13.37764
12
-2.93713
22
2.30138
32
-13.36345
13
-2.91442
23
2.39632
33
-13.47520
0
3DFACE
8
C2
10
-3.08467
20
2.31887
30
-13.37764
11
-3.10735
21
2.22372
31
-13.26609
12
-2.95977
22
2.20590
32
-13.25219
13
-2.93713
23
2.30138
33
-13.36345
0
3DFACE
8
C2
10
-3.10735
20
2.22372
30
-13.26609
11
-3.12979
21
2.12659
31
-13.15631
12
-2.98253
22
2.11140
32
-13.14005
13
-2.95977
23
2.20590
33
-13.25219
0
3DFACE
8
C2
10
-3.12979
20
2.12659
30
-13.15631
11
-3.15225
21
2.02967
31
-13.04633
12
-3.00548
22
2.01834
32
-13.02662
13
-2.98253
23
2.11140
33
-13.14005
0
3DFACE
8
C2
10
-3.15225
20
2.02967
30
-13.04633
11
-3.17427
21
1.92924
31
-12.93951
12
-3.02766
22
1.91923
32
-12.91862
13
-3.00548
23
2.01834
33
-13.02662
0
3DFACE
8
C2
10
-3.17427
20
1.92924
30
-12.93951
11
-3.19610
21
1.82728
31
-12.83407
12
-3.04919
22
1.81484
32
-12.81535
13
-3.02766
23
1.91923
33
-12.91862
0
3DFACE
8
C2
10
-3.19610
20
1.82728
30
-12.83407
11
-3.21764
21
1.72300
31
-12.73070
12
-3.07077
22
1.71090
32
-12.71168
13
-3.04919
23
1.81484
33
-12.81535
0
3DFACE
8
C2
10
-3.21764
20
1.72300
30
-12.73070
11
-3.23889
21
1.61642
31
-12.62940
12
-3.09248
22
1.60794
32
-12.60713
13
-3.07077
23
1.71090
33
-12.71168
0
3DFACE
8
C2
10
-3.23889
20
1.61642
30
-12.62940
11
-3.25983
21
1.50732
31
-12.53037
12
-3.11422
22
1.50532
32
-12.50228
13
-3.09248
23
1.60794
33
-12.60713
0
3DFACE
8
C2
10
-3.25983
20
1.50732
30
-12.53037
11
-3.28062
21
1.39711
31
-12.43232
12
-3.13539
22
1.39808
32
-12.40157
13
-3.11422
23
1.50532
33
-12.50228
0
3DFACE
8
C2
10
-3.28062
20
1.39711
30
-12.43232
11
-3.30115
21
1.28471
31
-12.33625
12
-3.15601
22
1.28644
32
-12.30481
13
-3.13539
23
1.39808
33
-12.40157
0
3DFACE
8
C2
10
-3.30115
20
1.28471
30
-12.33625
11
-3.32180
21
1.17329
31
-12.23929
12
-3.17691
22
1.17701
32
-12.20607
13
-3.15601
23
1.28644
33
-12.30481
0
3DFACE
8
C2
10
-3.32180
20
1.17329
30
-12.23929
11
-3.34224
21
1.06023
31
-12.14381
12
-3.19786
22
1.06801
32
-12.10694
13
-3.17691
23
1.17701
33
-12.20607
0
3DFACE
8
C2
10
-3.34224
20
1.06023
30
-12.14381
11
-3.36246
21
0.94541
31
-12.04990
12
-3.21867
22
0.95791
32
-12.00880
13
-3.19786
23
1.06801
33
-12.10694
0
3DFACE
8
C2
10
-3.36246
20
0.94541
30
-12.04990
11
-3.38304
21
0.83345
31
-11.95343
12
-3.23940
22
0.84716
32
-11.91124
13
-3.21867
23
0.95791
33
-12.00880
0
3DFACE
8
C2
10
-3.38304
20
0.83345
30
-11.95343
11
-3.40358
21
0.72115
31
-11.85726
12
-3.25969
22
0.73289
32
-11.81685
13
-3.23940
23
0.84716
33
-11.91124
0
3DFACE
8
C2
10
-3.40358
20
0.72115
30
-11.85726
11
-3.42365
21
0.60513
31
-11.76444
12
-3.27973
22
0.61664
32
-11.72422
13
-3.25969
23
0.73289
33
-11.81685
0
3DFACE
8
C2
10
-3.42365
20
0.60513
30
-11.76444
11
-3.44326
21
0.48547
31
-11.67488
12
-3.29932
22
0.49677
32
-11.63486
13
-3.27973
23
0.61664
33
-11.72422
0
3DFACE
8
C2
10
-3.44326
20
0.48547
30
-11.67488
11
-3.46153
21
0.35505
31
-11.59497
12
-3.31752
22
0.36580
32
-11.55545
13
-3.29932
23
0.49677
33
-11.63486
0
3DFACE
8
C2
10
-3.46153
20
0.35505
30
-11.59497
11
-3.48178
21
0.24045
31
-11.50087
12
-3.33752
22
0.24922
32
-11.46312
13
-3.31752
23
0.36580
33
-11.55545
0
3DFACE
8
C2
10
-3.48178
20
0.24045
30
-11.50087
11
-3.50302
21
0.13376
31
-11.39967
12
-3.35832
22
0.13901
32
-11.36507
13
-3.33752
23
0.24922
33
-11.46312
0
3DFACE
8
C2
10
-3.50302
20
0.13376
30
-11.39967
11
-3.52457
21
0.02960
31
-11.29620
12
-3.37962
22
0.03276
32
-11.26348
13
-3.35832
23
0.13901
33
-11.36507
0
3DFACE
8
C2
10
-3.52457
20
0.02960
30
-11.29620
11
-3.54649
21
-0.07171
31
-11.19017
12
-3.40128
22
-0.07052
32
-11.15922
13
-3.37962
23
0.03276
33
-11.26348
0
3DFACE
8
C2
10
-3.54649
20
-0.07171
30
-11.19017
11
-3.56838
21
-0.17313
31
-11.08424
12
-3.42294
22
-0.17381
32
-11.05496
13
-3.40128
23
-0.07052
33
-11.15922
0
3DFACE
8
C2
10
-3.56838
20
-0.17313
30
-11.08424
11
-3.59124
21
-0.26685
31
-10.97140
12
-3.44568
22
-0.26852
32
-10.94302
13
-3.42294
23
-0.17381
33
-11.05496
0
3DFACE
8
C2
10
-3.59124
20
-0.26685
30
-10.97140
11
-3.61583
21
-0.34674
31
-10.84614
12
-3.47020
22
-0.34896
32
-10.81825
13
-3.44568
23
-0.26852
33
-10.94302
0
3DFACE
8
C2
10
-3.61583
20
-0.34674
30
-10.84614
11
-3.63904
21
-0.43772
31
-10.73084
12
-3.49332
22
-0.44060
32
-10.70354
13
-3.47020
23
-0.34896
33
-10.81825
0
3DFACE
8
C2
10
-3.63904
20
-0.43772
30
-10.73084
11
-3.66203
21
-0.53035
31
-10.61702
12
-3.51620
22
-0.53421
32
-10.59061
13
-3.49332
23
-0.44060
33
-10.70354
0
3DFACE
8
C2
10
-3.66203
20
-0.53035
30
-10.61702
11
-3.68459
21
-0.62649
31
-10.50635
12
-3.53845
22
-0.63278
32
-10.48211
13
-3.51620
23
-0.53421
33
-10.59061
0
3DFACE
8
C2
10
-3.68459
20
-0.62649
30
-10.50635
11
-3.70701
21
-0.72373
31
-10.39667
12
-3.56089
22
-0.72991
32
-10.37233
13
-3.53845
23
-0.63278
33
-10.48211
0
3DFACE
8
C2
10
-3.70701
20
-0.72373
30
-10.39667
11
-3.72975
21
-0.81845
31
-10.28473
12
-3.58387
22
-0.82265
32
-10.25861
13
-3.56089
23
-0.72991
33
-10.37233
0
3DFACE
8
C2
10
-3.72975
20
-0.81845
30
-10.28473
11
-3.75193
21
-0.91756
31
-10.17672
12
-3.60633
22
-0.91956
32
-10.14863
13
-3.58387
23
-0.82265
33
-10.25861
0
3DFACE
8
C2
10
-3.75193
20
-0.91756
30
-10.17672
11
-3.77394
21
-1.01810
31
-10.07000
12
-3.62858
22
-1.01812
32
-10.04013
13
-3.60633
23
-0.91956
33
-10.14863
0
3DFACE
8
C2
10
-3.77394
20
-1.01810
30
-10.07000
11
-3.79609
21
-1.11754
31
-9.96229
12
-3.65084
22
-1.11668
32
-9.93164
13
-3.62858
23
-1.01812
33
-10.04013
0
3DFACE
8
C2
10
-3.79609
20
-1.11754
30
-9.96229
11
-3.81768
21
-1.22137
31
-9.85853
12
-3.67271
22
-1.21832
32
-9.82590
13
-3.65084
23
-1.11668
33
-9.93164
0
3DFACE
8
C2
10
-3.81768
20
-1.22137
30
-9.85853
11
-3.83932
21
-1.32488
31
-9.75447
12
-3.69481
22
-1.31809
32
-9.71849
13
-3.67271
23
-1.21832
33
-9.82590
0
3DFACE
8
C2
10
-3.83932
20
-1.32488
30
-9.75447
11
-3.86094
21
-1.42849
31
-9.65051
12
-3.71659
22
-1.42049
32
-9.61344
13
-3.69481
23
-1.31809
33
-9.71849
0
3DFACE
8
C2
10
-3.86094
20
-1.42849
30
-9.65051
11
-3.88274
21
-1.53068
31
-9.54526
12
-3.73821
22
-1.52411
32
-9.50948
13
-3.71659
23
-1.42049
33
-9.61344
0
3DFACE
8
C2
10
-3.88274
20
-1.53068
30
-9.54526
11
-3.90481
21
-1.63078
31
-9.43815
12
-3.75978
22
-1.62816
32
-9.40591
13
-3.73821
23
-1.52411
33
-9.50948
0
3DFACE
8
C2
10
-3.90481
20
-1.63078
30
-9.43815
11
-3.92710
21
-1.72901
31
-9.32935
12
-3.78179
22
-1.72870
32
-9.29919
13
-3.75978
23
-1.62816
33
-9.40591
0
3DFACE
8
C2
10
-3.92710
20
-1.72901
30
-9.32935
11
-3.94925
21
-1.82845
31
-9.22164
12
-3.80386
22
-1.82869
32
-9.19198
13
-3.78179
23
-1.72870
33
-9.29919
0
3DFACE
8
C2
10
-3.94925
20
-1.82845
30
-9.22164
11
-3.97211
21
-1.92217
31
-9.10881
12
-3.82665
22
-1.92296
32
-9.07963
13
-3.80386
23
-1.82869
33
-9.19198
0
3DFACE
8
C2
10
-3.97211
20
-1.92217
30
-9.10881
11
-3.99554
21
-2.01129
31
-8.99183
12
-3.84995
22
-2.01318
32
-8.96364
13
-3.82665
23
-1.92296
33
-9.07963
0
3DFACE
8
C2
10
-3.99554
20
-2.01129
30
-8.99183
11
-4.01972
21
-2.09447
31
-8.86953
12
-3.87402
22
-2.09724
32
-8.84213
13
-3.84995
23
-2.01318
33
-8.96364
0
3DFACE
8
C2
10
-4.01972
20
-2.09447
30
-8.86953
11
-4.04331
21
-2.18237
31
-8.75147
12
-3.89772
22
-2.18426
32
-8.72328
13
-3.87402
23
-2.09724
33
-8.84213
0
3DFACE
8
C2
10
-4.04331
20
-2.18237
30
-8.75147
11
-4.06629
21
-2.27511
31
-8.63775
12
-3.92110
22
-2.27381
32
-8.60670
13
-3.89772
23
-2.18426
33
-8.72328
0
3DFACE
8
C2
10
-4.06629
20
-2.27511
30
-8.63775
11
-4.08929
21
-2.36774
31
-8.52393
12
-3.94418
22
-2.36578
32
-8.49228
13
-3.92110
23
-2.27381
33
-8.60670
0
3DFACE
8
C2
10
-4.08929
20
-2.36774
30
-8.52393
11
-4.11299
21
-2.45476
31
-8.40507
12
-3.96770
22
-2.45424
32
-8.37472
13
-3.94418
23
-2.36578
33
-8.49228
0
3DFACE
8
C2
10
-4.11299
20
-2.45476
30
-8.40507
11
-4.13739
21
-2.53619
31
-8.28120
12
-3.99164
22
-2.53929
32
-8.25409
13
-3.96770
23
-2.45424
33
-8.37472
0
3DFACE
8
C2
10
-4.13739
20
-2.53619
30
-8.28120
11
-4.16041
21
-2.62860
31
-8.16718
12
-4.01449
22
-2.63312
32
-8.14135
13
-3.99164
23
-2.53929
33
-8.25409
0
3DFACE
8
C2
10
-4.16041
20
-2.62860
30
-8.16718
11
-4.18214
21
-2.73133
31
-8.06243
12
-4.03628
22
-2.73542
32
-8.03621
13
-4.01449
23
-2.63312
33
-8.14135
0
3DFACE
8
C2
10
-4.18214
20
-2.73133
30
-8.06243
11
-4.20447
21
-2.82934
31
-7.95344
12
-4.05859
22
-2.83354
32
-7.92732
13
-4.03628
23
-2.73542
33
-8.03621
0
3DFACE
8
C2
10
-4.20447
20
-2.82934
30
-7.95344
11
-4.22799
21
-2.91780
31
-7.83587
12
-4.08189
22
-2.92375
32
-7.81133
13
-4.05859
23
-2.83354
33
-7.92732
0
3DFACE
8
C2
10
-4.22799
20
-2.91780
30
-7.83587
11
-4.25237
21
-2.99933
31
-7.71209
12
-4.10598
22
-3.00759
32
-7.68962
13
-4.08189
23
-2.92375
33
-7.81133
0
3DFACE
8
C2
10
-4.25237
20
-2.99933
30
-7.71209
11
-4.27577
21
-3.08877
31
-7.59541
12
-4.12946
22
-3.09637
32
-7.57235
13
-4.10598
23
-3.00759
33
-7.68962
0
3DFACE
8
C2
10
-4.27577
20
-3.08877
30
-7.59541
11
-4.29821
21
-3.18580
31
-7.48553
12
-4.15249
22
-3.18878
32
-7.45833
13
-4.12946
23
-3.09637
33
-7.57235
0
3DFACE
8
C2
10
-4.29821
20
-3.18580
30
-7.48553
11
-4.32168
21
-3.27469
31
-7.36836
12
-4.17636
22
-3.27438
32
-7.33820
13
-4.15249
23
-3.18878
33
-7.45833
0
3DFACE
8
C2
10
-4.32168
20
-3.27469
30
-7.36836
11
-4.34584
21
-3.35798
31
-7.24615
12
-4.20064
22
-3.35679
32
-7.21520
13
-4.17636
23
-3.27438
33
-7.33820
0
3DFACE
8
C2
10
-4.34584
20
-3.35798
30
-7.24615
11
-4.36997
21
-3.44160
31
-7.12425
12
-4.22469
22
-3.44096
32
-7.09379
13
-4.20064
23
-3.35679
33
-7.21520
0
3DFACE
8
C2
10
-4.36997
20
-3.44160
30
-7.12425
11
-4.39362
21
-3.52895
31
-7.00569
12
-4.24865
22
-3.52590
32
-6.97307
13
-4.22469
23
-3.44096
33
-7.09379
0
3DFACE
8
C2
10
-4.39362
20
-3.52895
30
-7.00569
11
-4.41645
21
-3.62290
31
-6.89305
12
-4.27206
22
-3.61523
32
-6.85629
13
-4.24865
23
-3.52590
33
-6.97307
0
3DFACE
8
C2
10
-4.41645
20
-3.62290
30
-6.89305
11
-4.43929
21
-3.71685
31
-6.78042
12
-4.29521
22
-3.70665
32
-6.74138
13
-4.27206
23
-3.61523
33
-6.85629
0
3DFACE
8
C2
10
-4.43929
20
-3.71685
30
-6.78042
11
-4.46151
21
-3.81563
31
-6.67212
12
-4.31742
22
-3.80554
32
-6.63318
13
-4.29521
23
-3.70665
33
-6.74138
0
3DFACE
8
C2
10
-4.46151
20
-3.81563
30
-6.67212
11
-4.48240
21
-3.92518
31
-6.57348
12
-4.33799
22
-3.91762
32
-6.53681
13
-4.31742
23
-3.80554
33
-6.63318
0
3DFACE
8
C2
10
-4.48240
20
-3.92518
30
-6.57348
11
-4.50317
21
-4.03560
31
-6.47563
12
-4.35858
22
-4.02947
32
-6.44024
13
-4.33799
23
-3.91762
33
-6.53681
0
3DFACE
8
C2
10
-4.50317
20
-4.03560
30
-6.47563
11
-4.52402
21
-4.14537
31
-6.37719
12
-4.37942
22
-4.13935
32
-6.34190
13
-4.35858
23
-4.02947
33
-6.44024
0
3DFACE
8
C2
10
-4.52402
20
-4.14537
30
-6.37719
11
-4.54454
21
-4.25777
31
-6.28112
12
-4.39978
22
-4.25307
32
-6.24701
13
-4.37942
23
-4.13935
33
-6.34190
0
3DFACE
8
C2
10
-2.84540
20
2.67399
30
-13.81686
11
-2.86828
21
2.58037
31
-13.70393
12
-2.71913
22
2.55003
32
-13.70128
13
-2.69624
23
2.64353
33
-13.81431
0
3DFACE
8
C2
10
-2.86828
20
2.58037
30
-13.70393
11
-2.89151
21
2.48961
31
-13.58843
12
-2.74263
22
2.46146
32
-13.58381
13
-2.71913
23
2.55003
33
-13.70128
0
3DFACE
8
C2
10
-2.89151
20
2.48961
30
-13.58843
11
-2.91442
21
2.39632
31
-13.47520
12
-2.76571
22
2.36949
32
-13.46939
13
-2.74263
23
2.46146
33
-13.58381
0
3DFACE
8
C2
10
-2.91442
20
2.39632
30
-13.47520
11
-2.93713
21
2.30138
31
-13.36345
12
-2.78852
22
2.27533
32
-13.35695
13
-2.76571
23
2.36949
33
-13.46939
0
3DFACE
8
C2
10
-2.93713
20
2.30138
30
-13.36345
11
-2.95977
21
2.20590
31
-13.25219
12
-2.81138
22
2.18160
32
-13.24412
13
-2.78852
23
2.27533
33
-13.35695
0
3DFACE
8
C2
10
-2.95977
20
2.20590
30
-13.25219
11
-2.98253
21
2.11140
31
-13.14005
12
-2.83455
22
2.09040
32
-13.12901
13
-2.81138
23
2.18160
33
-13.24412
0
3DFACE
8
C2
10
-2.98253
20
2.11140
30
-13.14005
11
-3.00548
21
2.01834
31
-13.02662
12
-2.85799
22
2.00129
32
-13.01204
13
-2.83455
23
2.09040
33
-13.12901
0
3DFACE
8
C2
10
-3.00548
20
2.01834
30
-13.02662
11
-3.02766
21
1.91923
31
-12.91862
12
-2.88048
22
1.90459
32
-12.90186
13
-2.85799
23
2.00129
33
-13.01204
0
3DFACE
8
C2
10
-3.02766
20
1.91923
30
-12.91862
11
-3.04919
21
1.81484
31
-12.81535
12
-2.90195
22
1.79977
32
-12.79899
13
-2.88048
23
1.90459
33
-12.90186
0
3DFACE
8
C2
10
-3.04919
20
1.81484
30
-12.81535
11
-3.07077
21
1.71090
31
-12.71168
12
-2.92366
22
1.69681
32
-12.69443
13
-2.90195
23
1.79977
33
-12.79899
0
3DFACE
8
C2
10
-3.07077
20
1.71090
30
-12.71168
11
-3.09248
21
1.60794
31
-12.60713
12
-2.94570
22
1.59661
32
-12.58742
13
-2.92366
23
1.69681
33
-12.69443
0
3DFACE
8
C2
10
-3.09248
20
1.60794
30
-12.60713
11
-3.11422
21
1.50532
31
-12.50228
12
-2.96793
22
1.49783
32
-12.47912
13
-2.94570
23
1.59661
33
-12.58742
0
3DFACE
8
C2
10
-3.11422
20
1.50532
30
-12.50228
11
-3.13539
21
1.39808
31
-12.40157
12
-2.98939
22
1.39289
32
-12.37634
13
-2.96793
23
1.49783
33
-12.47912
0
3DFACE
8
C2
10
-3.13539
20
1.39808
30
-12.40157
11
-3.15601
21
1.28644
31
-12.30481
12
-3.01009
22
1.28192
32
-12.27898
13
-2.98939
23
1.39289
33
-12.37634
0
3DFACE
8
C2
10
-3.15601
20
1.28644
30
-12.30481
11
-3.17691
21
1.17701
31
-12.20607
12
-3.03119
22
1.17413
32
-12.17877
13
-3.01009
23
1.28192
33
-12.27898
0
3DFACE
8
C2
10
-3.17691
20
1.17701
30
-12.20607
11
-3.19786
21
1.06801
31
-12.10694
12
-3.05250
22
1.06799
32
-12.07708
13
-3.03119
23
1.17413
33
-12.17877
0
3DFACE
8
C2
10
-3.19786
20
1.06801
30
-12.10694
11
-3.21867
21
0.95791
31
-12.00880
12
-3.07367
22
0.96075
32
-11.97637
13
-3.05250
23
1.06799
33
-12.07708
0
3DFACE
8
C2
10
-3.21867
20
0.95791
30
-12.00880
11
-3.23940
21
0.84716
31
-11.91124
12
-3.09458
22
0.85142
32
-11.87753
13
-3.07367
23
0.96075
33
-11.97637
0
3DFACE
8
C2
10
-3.23940
20
0.84716
30
-11.91124
11
-3.25969
21
0.73289
31
-11.81685
12
-3.11488
22
0.73726
32
-11.78304
13
-3.09458
23
0.85142
33
-11.87753
0
3DFACE
8
C2
10
-3.25969
20
0.73289
30
-11.81685
11
-3.27973
21
0.61664
31
-11.72422
12
-3.13484
22
0.62035
32
-11.69101
13
-3.11488
23
0.73726
33
-11.78304
0
3DFACE
8
C2
10
-3.27973
20
0.61664
30
-11.72422
11
-3.29932
21
0.49677
31
-11.63486
12
-3.15421
22
0.49872
32
-11.60322
13
-3.13484
23
0.62035
33
-11.69101
0
3DFACE
8
C2
10
-3.29932
20
0.49677
30
-11.63486
11
-3.31752
21
0.36580
31
-11.55545
12
-3.17236
22
0.36731
32
-11.52420
13
-3.15421
23
0.49872
33
-11.60322
0
3DFACE
8
C2
10
-3.31752
20
0.36580
30
-11.55545
11
-3.33752
21
0.24922
31
-11.46312
12
-3.19189
22
0.24700
32
-11.43523
13
-3.17236
23
0.36731
33
-11.52420
0
3DFACE
8
C2
10
-3.33752
20
0.24922
30
-11.46312
11
-3.35832
21
0.13901
31
-11.36507
12
-3.21222
22
0.13306
32
-11.34053
13
-3.19189
23
0.24700
33
-11.43523
0
3DFACE
8
C2
10
-3.35832
20
0.13901
30
-11.36507
11
-3.37962
21
0.03276
31
-11.26348
12
-3.23312
22
0.02362
32
-11.24180
13
-3.21222
23
0.13306
33
-11.34053
0
3DFACE
8
C2
10
-3.37962
20
0.03276
30
-11.26348
11
-3.40128
21
-0.07052
31
-11.15922
12
-3.25448
22
-0.08208
32
-11.13971
13
-3.23312
23
0.02362
33
-11.24180
0
3DFACE
8
C2
10
-3.40128
20
-0.07052
30
-11.15922
11
-3.42294
21
-0.17381
31
-11.05496
12
-3.27608
22
-0.18591
32
-11.03594
13
-3.25448
23
-0.08208
33
-11.13971
0
3DFACE
8
C2
10
-3.42294
20
-0.17381
30
-11.05496
11
-3.44568
21
-0.26852
31
-10.94302
12
-3.29892
22
-0.27975
32
-10.92321
13
-3.27608
23
-0.18591
33
-11.03594
0
3DFACE
8
C2
10
-3.44568
20
-0.26852
30
-10.94302
11
-3.47020
21
-0.34896
31
-10.81825
12
-3.32331
22
-0.36128
32
-10.79943
13
-3.29892
23
-0.27975
33
-10.92321
0
3DFACE
8
C2
10
-3.47020
20
-0.34896
30
-10.81825
11
-3.49332
21
-0.44060
31
-10.70354
12
-3.34672
22
-0.45062
32
-10.68265
13
-3.32331
23
-0.36128
33
-10.79943
0
3DFACE
8
C2
10
-3.49332
20
-0.44060
30
-10.70354
11
-3.51620
21
-0.53421
31
-10.59061
12
-3.36984
22
-0.54226
32
-10.56794
13
-3.34672
23
-0.45062
33
-10.68265
0
3DFACE
8
C2
10
-3.51620
20
-0.53421
30
-10.59061
11
-3.53845
21
-0.63278
31
-10.48211
12
-3.39215
22
-0.64038
32
-10.45905
13
-3.36984
23
-0.54226
33
-10.56794
0
3DFACE
8
C2
10
-3.53845
20
-0.63278
30
-10.48211
11
-3.56089
21
-0.72991
31
-10.37233
12
-3.41486
22
-0.73531
32
-10.34730
13
-3.39215
23
-0.64038
33
-10.45905
0
3DFACE
8
C2
10
-3.56089
20
-0.72991
30
-10.37233
11
-3.58387
21
-0.82265
31
-10.25861
12
-3.43813
22
-0.82574
32
-10.23150
13
-3.41486
23
-0.73531
33
-10.34730
0
3DFACE
8
C2
10
-3.58387
20
-0.82265
30
-10.25861
11
-3.60633
21
-0.91956
31
-10.14863
12
-3.46100
22
-0.91936
32
-10.11857
13
-3.43813
23
-0.82574
33
-10.23150
0
3DFACE
8
C2
10
-3.60633
20
-0.91956
30
-10.14863
11
-3.62858
21
-1.01812
31
-10.04013
12
-3.48360
22
-1.01518
32
-10.00761
13
-3.46100
23
-0.91936
33
-10.11857
0
3DFACE
8
C2
10
-3.62858
20
-1.01812
30
-10.04013
11
-3.65084
21
-1.11668
31
-9.93164
12
-3.50592
22
-1.11319
32
-9.89862
13
-3.48360
23
-1.01518
33
-10.00761
0
3DFACE
8
C2
10
-3.65084
20
-1.11668
30
-9.93164
11
-3.67271
21
-1.21832
31
-9.82590
12
-3.52807
22
-1.21263
32
-9.79091
13
-3.50592
23
-1.11319
33
-9.89862
0
3DFACE
8
C2
10
-3.67271
20
-1.21832
30
-9.82590
11
-3.69481
21
-1.31809
31
-9.71849
12
-3.55067
22
-1.30844
32
-9.67995
13
-3.52807
23
-1.21263
33
-9.79091
0
3DFACE
8
C2
10
-3.69481
20
-1.31809
30
-9.71849
11
-3.71659
21
-1.42049
31
-9.61344
12
-3.57265
22
-1.40920
32
-9.57342
13
-3.55067
23
-1.30844
33
-9.67995
0
3DFACE
8
C2
10
-3.71659
20
-1.42049
30
-9.61344
11
-3.73821
21
-1.52411
31
-9.50948
12
-3.59421
22
-1.51325
32
-9.46985
13
-3.57265
23
-1.40920
33
-9.57342
0
3DFACE
8
C2
10
-3.73821
20
-1.52411
30
-9.50948
11
-3.75978
21
-1.62816
31
-9.40591
12
-3.61549
22
-1.61961
32
-9.36836
13
-3.59421
23
-1.51325
33
-9.46985
0
3DFACE
8
C2
10
-3.75978
20
-1.62816
30
-9.40591
11
-3.78179
21
-1.72870
31
-9.29919
12
-3.63723
22
-1.72235
32
-9.26361
13
-3.61549
23
-1.61961
33
-9.36836
0
3DFACE
8
C2
10
-3.78179
20
-1.72870
30
-9.29919
11
-3.80386
21
-1.82869
31
-9.19198
12
-3.65944
22
-1.82124
32
-9.15541
13
-3.63723
23
-1.72235
33
-9.26361
0
3DFACE
8
C2
10
-3.80386
20
-1.82869
30
-9.19198
11
-3.82665
21
-1.92296
31
-9.07963
12
-3.68216
22
-1.91607
32
-9.04356
13
-3.65944
23
-1.82124
33
-9.15541
0
3DFACE
8
C2
10
-3.82665
20
-1.92296
30
-9.07963
11
-3.84995
21
-2.01318
31
-8.96364
12
-3.70538
22
-2.00694
32
-8.92816
13
-3.68216
23
-1.91607
33
-9.04356
0
3DFACE
8
C2
10
-3.84995
20
-2.01318
30
-8.96364
11
-3.87402
21
-2.09724
31
-8.84213
12
-3.72946
22
-2.09089
32
-8.80655
13
-3.70538
23
-2.00694
33
-8.92816
0
3DFACE
8
C2
10
-3.87402
20
-2.09724
30
-8.84213
11
-3.89772
21
-2.18426
31
-8.72328
12
-3.75324
22
-2.17725
32
-8.68710
13
-3.72946
23
-2.09089
33
-8.80655
0
3DFACE
8
C2
10
-3.89772
20
-2.18426
30
-8.72328
11
-3.92110
21
-2.27381
31
-8.60670
12
-3.77680
22
-2.26538
32
-8.56924
13
-3.75324
23
-2.17725
33
-8.68710
0
3DFACE
8
C2
10
-3.92110
20
-2.27381
30
-8.60670
11
-3.94418
21
-2.36578
31
-8.49228
12
-3.80003
22
-2.35614
32
-8.45374
13
-3.77680
23
-2.26538
33
-8.56924
0
3DFACE
8
C2
10
-3.94418
20
-2.36578
30
-8.49228
11
-3.96770
21
-2.45424
31
-8.37472
12
-3.82363
22
-2.44393
32
-8.33558
13
-3.80003
23
-2.35614
33
-8.45374
0
3DFACE
8
C2
10
-3.96770
20
-2.45424
30
-8.37472
11
-3.99164
21
-2.53929
31
-8.25409
12
-3.84761
22
-2.52876
32
-8.21476
13
-3.82363
23
-2.44393
33
-8.33558
0
3DFACE
8
C2
10
-3.99164
20
-2.53929
30
-8.25409
11
-4.01449
21
-2.63312
31
-8.14135
12
-3.87044
22
-2.62271
32
-8.10212
13
-3.84761
23
-2.52876
33
-8.21476
0
3DFACE
8
C2
10
-4.01449
20
-2.63312
30
-8.14135
11
-4.03628
21
-2.73542
31
-8.03621
12
-3.89214
22
-2.72566
32
-7.99757
13
-3.87044
23
-2.62271
33
-8.10212
0
3DFACE
8
C2
10
-4.03628
20
-2.73542
30
-8.03621
11
-4.05859
21
-2.83354
31
-7.92732
12
-3.91445
22
-2.82378
32
-7.88868
13
-3.89214
23
-2.72566
33
-7.99757
0
3DFACE
8
C2
10
-4.05859
20
-2.83354
30
-7.92732
11
-4.08189
21
-2.92375
31
-7.81133
12
-3.93777
22
-2.91389
32
-7.77259
13
-3.91445
23
-2.82378
33
-7.88868
0
3DFACE
8
C2
10
-4.08189
20
-2.92375
30
-7.81133
11
-4.10598
21
-3.00759
31
-7.68962
12
-3.96184
22
-2.99795
32
-7.65108
13
-3.93777
23
-2.91389
33
-7.77259
0
3DFACE
8
C2
10
-4.10598
20
-3.00759
30
-7.68962
11
-4.12946
21
-3.09637
31
-7.57235
12
-3.98538
22
-3.08618
32
-7.53331
13
-3.96184
23
-2.99795
33
-7.65108
0
3DFACE
8
C2
10
-4.12946
20
-3.09637
30
-7.57235
11
-4.15249
21
-3.18878
31
-7.45833
12
-4.00850
22
-3.17782
32
-7.41860
13
-3.98538
23
-3.08618
33
-7.53331
0
3DFACE
8
C2
10
-4.15249
20
-3.18878
30
-7.45833
11
-4.17636
21
-3.27438
31
-7.33820
12
-4.03238
22
-3.26342
32
-7.29847
13
-4.00850
23
-3.17782
33
-7.41860
0
3DFACE
8
C2
10
-4.17636
20
-3.27438
30
-7.33820
11
-4.20064
21
-3.35679
31
-7.21520
12
-4.05661
22
-3.34616
32
-7.17577
13
-4.03238
23
-3.26342
33
-7.29847
0
3DFACE
8
C2
10
-4.20064
20
-3.35679
30
-7.21520
11
-4.22469
21
-3.44096
31
-7.09379
12
-4.08048
22
-3.43187
32
-7.05574
13
-4.05661
23
-3.34616
33
-7.17577
0
3DFACE
8
C2
10
-4.22469
20
-3.44096
30
-7.09379
11
-4.24865
21
-3.52590
31
-6.97307
12
-4.10441
22
-3.51702
32
-6.93521
13
-4.08048
23
-3.43187
33
-7.05574
0
3DFACE
8
C2
10
-4.24865
20
-3.52590
30
-6.97307
11
-4.27206
21
-3.61523
31
-6.85629
12
-4.12793
22
-3.60548
32
-6.81765
13
-4.10441
23
-3.51702
33
-6.93521
0
3DFACE
8
C2
10
-4.27206
20
-3.61523
30
-6.85629
11
-4.29521
21
-3.70665
31
-6.74138
12
-4.15094
22
-3.69800
32
-6.70373
13
-4.12793
23
-3.60548
33
-6.81765
0
3DFACE
8
C2
10
-4.29521
20
-3.70665
30
-6.74138
11
-4.31742
21
-3.80554
31
-6.63318
12
-4.17273
22
-3.80029
32
-6.59858
13
-4.15094
23
-3.69800
33
-6.70373
0
3DFACE
8
C2
10
-4.31742
20
-3.80554
30
-6.63318
11
-4.33799
21
-3.91762
31
-6.53681
12
-4.19293
22
-3.91522
32
-6.50478
13
-4.17273
23
-3.80029
33
-6.59858
0
3DFACE
8
C2
10
-4.33799
20
-3.91762
30
-6.53681
11
-4.35858
21
-4.02947
31
-6.44024
12
-4.21321
22
-4.02960
32
-6.41048
13
-4.19293
23
-3.91522
33
-6.50478
0
3DFACE
8
C2
10
-4.35858
20
-4.02947
30
-6.44024
11
-4.37942
21
-4.13935
31
-6.34190
12
-4.23386
22
-4.14102
32
-6.31352
13
-4.21321
23
-4.02960
33
-6.41048
0
3DFACE
8
C2
10
-4.37942
20
-4.13935
30
-6.34190
11
-4.39978
21
-4.25307
31
-6.24701
12
-4.25394
22
-4.25694
32
-6.22060
13
-4.23386
23
-4.14102
33
-6.31352
0
3DFACE
8
C2
10
-2.69624
20
2.64353
30
-13.81431
11
-2.71913
21
2.55003
31
-13.70128
12
-2.57254
22
2.54012
32
-13.68029
13
-2.55007
23
2.63703
33
-13.79026
0
3DFACE
8
C2
10
-2.71913
20
2.55003
30
-13.70128
11
-2.74263
21
2.46146
31
-13.58381
12
-2.59589
22
2.45034
32
-13.56390
13
-2.57254
23
2.54012
33
-13.68029
0
3DFACE
8
C2
10
-2.74263
20
2.46146
30
-13.58381
11
-2.76571
21
2.36949
31
-13.46939
12
-2.61865
22
2.35585
32
-13.45176
13
-2.59589
23
2.45034
33
-13.56390
0
3DFACE
8
C2
10
-2.76571
20
2.36949
30
-13.46939
11
-2.78852
21
2.27533
31
-13.35695
12
-2.64105
22
2.25839
32
-13.34227
13
-2.61865
23
2.35585
33
-13.45176
0
3DFACE
8
C2
10
-2.78852
20
2.27533
30
-13.35695
11
-2.81138
21
2.18160
31
-13.24412
12
-2.66388
22
2.16444
32
-13.22963
13
-2.64105
23
2.25839
33
-13.34227
0
3DFACE
8
C2
10
-2.81138
20
2.18160
30
-13.24412
11
-2.83455
21
2.09040
31
-13.12901
12
-2.68730
22
2.07522
32
-13.11276
13
-2.66388
23
2.16444
33
-13.22963
0
3DFACE
8
C2
10
-2.83455
20
2.09040
30
-13.12901
11
-2.85799
21
2.00129
31
-13.01204
12
-2.71114
22
1.98929
32
-12.99292
13
-2.68730
23
2.07522
33
-13.11276
0
3DFACE
8
C2
10
-2.85799
20
2.00129
30
-13.01204
11
-2.88048
21
1.90459
31
-12.90186
12
-2.73379
22
1.89391
32
-12.88156
13
-2.71114
23
1.98929
33
-12.99292
0
3DFACE
8
C2
10
-2.88048
20
1.90459
30
-12.90186
11
-2.90195
21
1.79977
31
-12.79899
12
-2.75508
22
1.78766
32
-12.77997
13
-2.73379
23
1.89391
33
-12.88156
0
3DFACE
8
C2
10
-2.90195
20
1.79977
30
-12.79899
11
-2.92366
21
1.69681
31
-12.69443
12
-2.77688
22
1.68548
32
-12.67473
13
-2.75508
23
1.78766
33
-12.77997
0
3DFACE
8
C2
10
-2.92366
20
1.69681
30
-12.69443
11
-2.94570
21
1.59661
31
-12.58742
12
-2.79936
22
1.58867
32
-12.56465
13
-2.77688
23
1.68548
33
-12.67473
0
3DFACE
8
C2
10
-2.94570
20
1.59661
30
-12.58742
11
-2.96793
21
1.49783
31
-12.47912
12
-2.82234
22
1.49594
32
-12.45093
13
-2.79936
23
1.58867
33
-12.56465
0
3DFACE
8
C2
10
-2.96793
20
1.49783
30
-12.47912
11
-2.98939
21
1.39289
31
-12.37634
12
-2.84419
22
1.39408
32
-12.34539
13
-2.82234
23
1.49594
33
-12.45093
0
3DFACE
8
C2
10
-2.98939
20
1.39289
30
-12.37634
11
-3.01009
21
1.28192
31
-12.27898
12
-2.86497
22
1.28376
32
-12.24744
13
-2.84419
23
1.39408
33
-12.34539
0
3DFACE
8
C2
10
-3.01009
20
1.28192
30
-12.27898
11
-3.03119
21
1.17413
31
-12.17877
12
-2.88622
22
1.17718
32
-12.14614
13
-2.86497
23
1.28376
33
-12.24744
0
3DFACE
8
C2
10
-3.03119
20
1.17413
30
-12.17877
11
-3.05250
21
1.06799
31
-12.07708
12
-2.90787
22
1.07379
32
-12.04198
13
-2.88622
23
1.17718
33
-12.14614
0
3DFACE
8
C2
10
-3.05250
20
1.06799
30
-12.07708
11
-3.07367
21
0.96075
31
-11.97637
12
-2.92940
22
0.96940
32
-11.93871
13
-2.90787
23
1.07379
33
-12.04198
0
3DFACE
8
C2
10
-3.07367
20
0.96075
30
-11.97637
11
-3.09458
21
0.85142
31
-11.87753
12
-2.95034
22
0.86030
32
-11.83968
13
-2.92940
23
0.96940
33
-11.93871
0
3DFACE
8
C2
10
-3.09458
20
0.85142
30
-11.87753
11
-3.11488
21
0.73726
31
-11.78304
12
-2.97032
22
0.74361
32
-11.74745
13
-2.95034
23
0.86030
33
-11.83968
0
3DFACE
8
C2
10
-3.11488
20
0.73726
30
-11.78304
11
-3.13484
21
0.62035
31
-11.69101
12
-2.99021
22
0.62615
32
-11.65592
13
-2.97032
23
0.74361
33
-11.74745
0
3DFACE
8
C2
10
-3.13484
20
0.62035
30
-11.69101
11
-3.15421
21
0.49872
31
-11.60322
12
-3.00953
22
0.50408
32
-11.56852
13
-2.99021
23
0.62615
33
-11.65592
0
3DFACE
8
C2
10
-3.15421
20
0.49872
30
-11.60322
11
-3.17236
21
0.36731
31
-11.52420
12
-3.02774
22
0.37322
32
-11.48901
13
-3.00953
23
0.50408
33
-11.56852
0
3DFACE
8
C2
10
-3.17236
20
0.36731
30
-11.52420
11
-3.19189
21
0.24700
31
-11.43523
12
-3.04709
22
0.25137
32
-11.40142
13
-3.02774
23
0.37322
33
-11.48901
0
3DFACE
8
C2
10
-3.19189
20
0.24700
30
-11.43523
11
-3.21222
21
0.13306
31
-11.34053
12
-3.06706
22
0.13457
32
-11.30929
13
-3.04709
23
0.25137
33
-11.40142
0
3DFACE
8
C2
10
-3.21222
20
0.13306
30
-11.34053
11
-3.23312
21
0.02362
31
-11.24180
12
-3.08769
22
0.02305
32
-11.21242
13
-3.06706
23
0.13457
33
-11.30929
0
3DFACE
8
C2
10
-3.23312
20
0.02362
30
-11.24180
11
-3.25448
21
-0.08208
31
-11.13971
12
-3.10882
22
-0.08452
32
-11.11201
13
-3.08769
23
0.02305
33
-11.21242
0
3DFACE
8
C2
10
-3.25448
20
-0.08208
30
-11.13971
11
-3.27608
21
-0.18591
31
-11.03594
12
-3.13027
22
-0.18956
32
-11.00933
13
-3.10882
23
-0.08452
33
-11.11201
0
3DFACE
8
C2
10
-3.27608
20
-0.18591
30
-11.03594
11
-3.29892
21
-0.27975
31
-10.92321
12
-3.15309
22
-0.28362
32
-10.89679
13
-3.13027
23
-0.18956
33
-11.00933
0
3DFACE
8
C2
10
-3.29892
20
-0.27975
30
-10.92321
11
-3.32331
21
-0.36128
31
-10.79943
12
-3.17739
22
-0.36581
32
-10.77360
13
-3.15309
23
-0.28362
33
-10.89679
0
3DFACE
8
C2
10
-3.32331
20
-0.36128
30
-10.79943
11
-3.34672
21
-0.45062
31
-10.68265
12
-3.20082
22
-0.45492
32
-10.65663
13
-3.17739
23
-0.36581
33
-10.77360
0
3DFACE
8
C2
10
-3.34672
20
-0.45062
30
-10.68265
11
-3.36984
21
-0.54226
31
-10.56794
12
-3.22401
22
-0.54601
32
-10.54143
13
-3.20082
23
-0.45492
33
-10.65663
0
3DFACE
8
C2
10
-3.36984
20
-0.54226
30
-10.56794
11
-3.39215
21
-0.64038
31
-10.45905
12
-3.24632
22
-0.64413
32
-10.43253
13
-3.22401
23
-0.54601
33
-10.54143
0
3DFACE
8
C2
10
-3.39215
20
-0.64038
30
-10.45905
11
-3.41486
21
-0.73531
31
-10.34730
12
-3.26917
22
-0.73797
32
-10.31980
13
-3.24632
23
-0.64413
33
-10.43253
0
3DFACE
8
C2
10
-3.41486
20
-0.73531
30
-10.34730
11
-3.43813
21
-0.82574
31
-10.23150
12
-3.29268
22
-0.82654
32
-10.20233
13
-3.26917
23
-0.73797
33
-10.31980
0
3DFACE
8
C2
10
-3.43813
20
-0.82574
30
-10.23150
11
-3.46100
21
-0.91936
31
-10.11857
12
-3.31578
22
-0.91828
32
-10.08772
13
-3.29268
23
-0.82654
33
-10.20233
0
3DFACE
8
C2
10
-3.46100
20
-0.91936
30
-10.11857
11
-3.48360
21
-1.01518
31
-10.00761
12
-3.33855
22
-1.01278
32
-9.97557
13
-3.31578
23
-0.91828
33
-10.08772
0
3DFACE
8
C2
10
-3.48360
20
-1.01518
30
-10.00761
11
-3.50592
21
-1.11319
31
-9.89862
12
-3.36094
22
-1.11024
32
-9.86609
13
-3.33855
23
-1.01278
33
-9.97557
0
3DFACE
8
C2
10
-3.50592
20
-1.11319
30
-9.89862
11
-3.52807
21
-1.21263
31
-9.79091
12
-3.38330
22
-1.20792
32
-9.75680
13
-3.36094
23
-1.11024
33
-9.86609
0
3DFACE
8
C2
10
-3.52807
20
-1.21263
30
-9.79091
11
-3.55067
21
-1.30844
31
-9.67995
12
-3.40629
22
-1.30066
32
-9.64308
13
-3.38330
23
-1.20792
33
-9.75680
0
3DFACE
8
C2
10
-3.55067
20
-1.30844
30
-9.67995
11
-3.57265
21
-1.40920
31
-9.57342
12
-3.42847
22
-1.39977
32
-9.53508
13
-3.40629
23
-1.30066
33
-9.64308
0
3DFACE
8
C2
10
-3.57265
20
-1.40920
30
-9.57342
11
-3.59421
21
-1.51325
31
-9.46985
12
-3.44999
22
-1.50427
32
-9.43190
13
-3.42847
23
-1.39977
33
-9.53508
0
3DFACE
8
C2
10
-3.59421
20
-1.51325
30
-9.46985
11
-3.61549
21
-1.61961
31
-9.36836
12
-3.47088
22
-1.61370
32
-9.33317
13
-3.44999
23
-1.50427
33
-9.43190
0
3DFACE
8
C2
10
-3.61549
20
-1.61961
30
-9.36836
11
-3.63723
21
-1.72235
31
-9.26361
12
-3.49250
22
-1.71732
32
-9.22921
13
-3.47088
23
-1.61370
33
-9.33317
0
3DFACE
8
C2
10
-3.63723
20
-1.72235
30
-9.26361
11
-3.65944
21
-1.82124
31
-9.15541
12
-3.51479
22
-1.81566
32
-9.12051
13
-3.49250
23
-1.71732
33
-9.22921
0
3DFACE
8
C2
10
-3.65944
20
-1.82124
30
-9.15541
11
-3.68216
21
-1.91607
31
-9.04356
12
-3.53748
22
-1.91070
32
-9.00886
13
-3.51479
23
-1.81566
33
-9.12051
0
3DFACE
8
C2
10
-3.68216
20
-1.91607
30
-9.04356
11
-3.70538
21
-2.00694
31
-8.92816
12
-3.56052
22
-2.00300
32
-8.89474
13
-3.53748
23
-1.91070
33
-9.00886
0
3DFACE
8
C2
10
-3.70538
20
-2.00694
30
-8.92816
11
-3.72946
21
-2.09089
31
-8.80655
12
-3.58423
22
-2.08992
32
-8.77579
13
-3.56052
23
-2.00300
33
-8.89474
0
3DFACE
8
C2
10
-3.72946
20
-2.09089
30
-8.80655
11
-3.75324
21
-2.17725
31
-8.68710
12
-3.60791
22
-2.17705
32
-8.65704
13
-3.58423
23
-2.08992
33
-8.77579
0
3DFACE
8
C2
10
-3.75324
20
-2.17725
30
-8.68710
11
-3.77680
21
-2.26538
31
-8.56924
12
-3.63167
22
-2.26364
32
-8.53780
13
-3.60791
23
-2.17705
33
-8.65704
0
3DFACE
8
C2
10
-3.77680
20
-2.26538
30
-8.56924
11
-3.80003
21
-2.35614
31
-8.45374
12
-3.65486
22
-2.35473
32
-8.42260
13
-3.63167
23
-2.26364
33
-8.53780
0
3DFACE
8
C2
10
-3.80003
20
-2.35614
30
-8.45374
11
-3.82363
21
-2.44393
31
-8.33558
12
-3.67821
22
-2.44450
32
-8.30621
13
-3.65486
23
-2.35473
33
-8.42260
0
3DFACE
8
C2
10
-3.82363
20
-2.44393
30
-8.33558
11
-3.84761
21
-2.52876
31
-8.21476
12
-3.70165
22
-2.53362
32
-8.18923
13
-3.67821
23
-2.44450
33
-8.30621
0
3DFACE
8
C2
10
-3.84761
20
-2.52876
30
-8.21476
11
-3.87044
21
-2.62271
31
-8.10212
12
-3.72431
22
-2.62888
32
-8.07778
13
-3.70165
23
-2.53362
33
-8.18923
0
3DFACE
8
C2
10
-3.87044
20
-2.62271
30
-8.10212
11
-3.89214
21
-2.72566
31
-7.99757
12
-3.74617
22
-2.73063
32
-7.97214
13
-3.72431
23
-2.62888
33
-8.07778
0
3DFACE
8
C2
10
-3.89214
20
-2.72566
30
-7.99757
11
-3.91445
21
-2.82378
31
-7.88868
12
-3.76854
22
-2.82831
32
-7.86285
13
-3.74617
23
-2.73063
33
-7.97214
0
3DFACE
8
C2
10
-3.91445
20
-2.82378
30
-7.88868
11
-3.93777
21
-2.91389
31
-7.77259
12
-3.79175
22
-2.91918
32
-7.74746
13
-3.76854
23
-2.82831
33
-7.86285
0
3DFACE
8
C2
10
-3.93777
20
-2.91389
30
-7.77259
11
-3.96184
21
-2.99795
31
-7.65108
12
-3.81545
22
-3.00621
32
-7.62861
13
-3.79175
23
-2.91918
33
-7.74746
0
3DFACE
8
C2
10
-3.96184
20
-2.99795
30
-7.65108
11
-3.98538
21
-3.08618
31
-7.53331
12
-3.83908
22
-3.09378
32
-7.51025
13
-3.81545
23
-3.00621
33
-7.62861
0
3DFACE
8
C2
10
-3.98538
20
-3.08618
30
-7.53331
11
-4.00850
21
-3.17782
31
-7.41860
12
-3.86272
22
-3.18125
32
-7.39179
13
-3.83908
23
-3.09378
33
-7.51025
0
3DFACE
8
C2
10
-4.00850
20
-3.17782
30
-7.41860
11
-4.03238
21
-3.26342
31
-7.29847
12
-3.88685
22
-3.26487
32
-7.26989
13
-3.86272
23
-3.18125
33
-7.39179
0
3DFACE
8
C2
10
-4.03238
20
-3.26342
30
-7.29847
11
-4.05661
21
-3.34616
31
-7.17577
12
-3.91111
22
-3.34739
32
-7.14699
13
-3.88685
23
-3.26487
33
-7.26989
0
3DFACE
8
C2
10
-4.05661
20
-3.34616
30
-7.17577
11
-4.08048
21
-3.43187
31
-7.05574
12
-3.93491
22
-3.43354
32
-7.02735
13
-3.91111
23
-3.34739
33
-7.14699
0
3DFACE
8
C2
10
-4.08048
20
-3.43187
30
-7.05574
11
-4.10441
21
-3.51702
31
-6.93521
12
-3.95898
22
-3.51759
32
-6.90584
13
-3.93491
23
-3.43354
33
-7.02735
0
3DFACE
8
C2
10
-4.10441
20
-3.51702
30
-6.93521
11
-4.12793
21
-3.60548
31
-6.81765
12
-3.98294
22
-3.60253
32
-6.78512
13
-3.95898
23
-3.51759
33
-6.90584
0
3DFACE
8
C2
10
-4.12793
20
-3.60548
30
-6.81765
11
-4.15094
21
-3.69800
31
-6.70373
12
-4.00603
22
-3.69439
32
-6.67061
13
-3.98294
23
-3.60253
33
-6.78512
0
3DFACE
8
C2
10
-4.15094
20
-3.69800
30
-6.70373
11
-4.17273
21
-3.80029
31
-6.59858
12
-4.02763
22
-3.79823
32
-6.56684
13
-4.00603
23
-3.69439
33
-6.67061
0
3DFACE
8
C2
10
-4.17273
20
-3.80029
30
-6.59858
11
-4.19293
21
-3.91522
31
-6.50478
12
-4.04743
22
-3.91645
32
-6.47599
13
-4.02763
23
-3.79823
33
-6.56684
0
3DFACE
8
C2
10
-4.19293
20
-3.91522
30
-6.50478
11
-4.21321
21
-4.02960
31
-6.41048
12
-4.06737
22
-4.03347
32
-6.38406
13
-4.04743
23
-3.91645
33
-6.47599
0
3DFACE
8
C2
10
-4.21321
20
-4.02960
30
-6.41048
11
-4.23386
21
-4.14102
31
-6.31352
12
-4.08779
22
-4.14675
32
-6.28878
13
-4.06737
23
-4.03347
33
-6.38406
0
3DFACE
8
C2
10
-4.23386
20
-4.14102
30
-6.31352
11
-4.25394
21
-4.25694
31
-6.22060
12
-4.10758
22
-4.26498
32
-6.19793
13
-4.08779
23
-4.14675
33
-6.28878
0
3DFACE
8
C2
10
-2.55007
20
2.63703
30
-13.79026
11
-2.57254
21
2.54012
31
-13.68029
12
-2.42634
22
2.53339
32
-13.65644
13
-2.40416
23
2.63250
33
-13.76444
0
3DFACE
8
C2
10
-2.57254
20
2.54012
30
-13.68029
11
-2.59589
21
2.45034
31
-13.56390
12
-2.44956
22
2.44252
32
-13.54104
13
-2.42634
23
2.53339
33
-13.65644
0
3DFACE
8
C2
10
-2.59589
20
2.45034
30
-13.56390
11
-2.61865
21
2.35585
31
-13.45176
12
-2.47210
22
2.34627
32
-13.43047
13
-2.44956
23
2.44252
33
-13.54104
0
3DFACE
8
C2
10
-2.61865
20
2.35585
30
-13.45176
11
-2.64105
21
2.25839
31
-13.34227
12
-2.49422
22
2.24661
32
-13.32296
13
-2.47210
23
2.34627
33
-13.43047
0
3DFACE
8
C2
10
-2.64105
20
2.25839
30
-13.34227
11
-2.66388
21
2.16444
31
-13.22963
12
-2.51707
22
2.15277
32
-13.21022
13
-2.49422
23
2.24661
33
-13.32296
0
3DFACE
8
C2
10
-2.66388
20
2.16444
30
-13.22963
11
-2.68730
21
2.07522
31
-13.11276
12
-2.54058
22
2.06432
32
-13.09265
13
-2.51707
23
2.15277
33
-13.21022
0
3DFACE
8
C2
10
-2.68730
20
2.07522
30
-13.11276
11
-2.71114
21
1.98929
31
-12.99292
12
-2.56465
22
1.98026
32
-12.97114
13
-2.54058
23
2.06432
33
-13.09265
0
3DFACE
8
C2
10
-2.71114
20
1.98929
30
-12.99292
11
-2.73379
21
1.89391
31
-12.88156
12
-2.58736
22
1.88532
32
-12.85939
13
-2.56465
23
1.98026
33
-12.97114
0
3DFACE
8
C2
10
-2.73379
20
1.89391
30
-12.88156
11
-2.75508
21
1.78766
31
-12.77997
12
-2.60854
22
1.77819
32
-12.75858
13
-2.58736
23
1.88532
33
-12.85939
0
3DFACE
8
C2
10
-2.75508
20
1.78766
30
-12.77997
11
-2.77688
21
1.68548
31
-12.67473
12
-2.63044
22
1.67678
32
-12.65265
13
-2.60854
23
1.77819
33
-12.75858
0
3DFACE
8
C2
10
-2.77688
20
1.68548
30
-12.67473
11
-2.79936
21
1.58867
31
-12.56465
12
-2.65323
22
1.58250
32
-12.54031
13
-2.63044
23
1.67678
33
-12.65265
0
3DFACE
8
C2
10
-2.79936
20
1.58867
30
-12.56465
11
-2.82234
21
1.49594
31
-12.45093
12
-2.67683
22
1.49471
32
-12.42215
13
-2.65323
23
1.58250
33
-12.54031
0
3DFACE
8
C2
10
-2.82234
20
1.49594
30
-12.45093
11
-2.84419
21
1.39408
31
-12.34539
12
-2.69902
22
1.39560
32
-12.31414
13
-2.67683
23
1.49471
33
-12.42215
0
3DFACE
8
C2
10
-2.84419
20
1.39408
30
-12.34539
11
-2.86497
21
1.28376
31
-12.24744
12
-2.71993
22
1.28627
32
-12.21531
13
-2.69902
23
1.39560
33
-12.31414
0
3DFACE
8
C2
10
-2.86497
20
1.28376
30
-12.24744
11
-2.88622
21
1.17718
31
-12.14614
12
-2.74132
22
1.18079
32
-12.11302
13
-2.71993
23
1.28627
33
-12.21531
0
3DFACE
8
C2
10
-2.88622
20
1.17718
30
-12.14614
11
-2.90787
21
1.07379
31
-12.04198
12
-2.76318
22
1.07904
32
-12.00739
13
-2.74132
23
1.18079
33
-12.11302
0
3DFACE
8
C2
10
-2.90787
20
1.07379
30
-12.04198
11
-2.92940
21
0.96940
31
-11.93871
12
-2.78492
22
0.97641
32
-11.90254
13
-2.76318
23
1.07904
33
-12.00739
0
3DFACE
8
C2
10
-2.92940
20
0.96940
30
-11.93871
11
-2.95034
21
0.86030
31
-11.83968
12
-2.80589
22
0.86753
32
-11.80331
13
-2.78492
23
0.97641
33
-11.90254
0
3DFACE
8
C2
10
-2.95034
20
0.86030
30
-11.83968
11
-2.97032
21
0.74361
31
-11.74745
12
-2.82568
22
0.74930
32
-11.71246
13
-2.80589
23
0.86753
33
-11.80331
0
3DFACE
8
C2
10
-2.97032
20
0.74361
30
-11.74745
11
-2.99021
21
0.62615
31
-11.65592
12
-2.84559
22
0.63195
32
-11.62082
13
-2.82568
23
0.74930
33
-11.71246
0
3DFACE
8
C2
10
-2.99021
20
0.62615
30
-11.65592
11
-3.00953
21
0.50408
31
-11.56852
12
-2.86505
22
0.51109
32
-11.53234
13
-2.84559
23
0.63195
33
-11.62082
0
3DFACE
8
C2
10
-3.00953
20
0.50408
30
-11.56852
11
-3.02774
21
0.37322
31
-11.48901
12
-2.88347
22
0.38188
32
-11.45135
13
-2.86505
23
0.51109
33
-11.53234
0
3DFACE
8
C2
10
-3.02774
20
0.37322
30
-11.48901
11
-3.04709
21
0.25137
31
-11.40142
12
-2.90298
22
0.26135
32
-11.36258
13
-2.88347
23
0.38188
33
-11.45135
0
3DFACE
8
C2
10
-3.04709
20
0.25137
30
-11.40142
11
-3.06706
21
0.13457
31
-11.30929
12
-2.92301
22
0.14499
32
-11.27005
13
-2.90298
23
0.26135
33
-11.36258
0
3DFACE
8
C2
10
-3.06706
20
0.13457
30
-11.30929
11
-3.08769
21
0.02305
31
-11.21242
12
-2.94368
22
0.03380
32
-11.17290
13
-2.92301
23
0.14499
33
-11.27005
0
3DFACE
8
C2
10
-3.08769
20
0.02305
30
-11.21242
11
-3.10882
21
-0.08452
31
-11.11201
12
-2.96470
22
-0.07465
32
-11.07327
13
-2.94368
23
0.03380
33
-11.17290
0
3DFACE
8
C2
10
-3.10882
20
-0.08452
30
-11.11201
11
-3.13027
21
-0.18956
31
-11.00933
12
-2.98602
22
-0.18068
32
-10.97148
13
-2.96470
23
-0.07465
33
-11.07327
0
3DFACE
8
C2
10
-3.13027
20
-0.18956
30
-11.00933
11
-3.15309
21
-0.28362
31
-10.89679
12
-3.00873
22
-0.27562
32
-10.85973
13
-2.98602
23
-0.18068
33
-10.97148
0
3DFACE
8
C2
10
-3.15309
20
-0.28362
30
-10.89679
11
-3.17739
21
-0.36581
31
-10.77360
12
-3.03290
22
-0.35891
32
-10.73753
13
-3.00873
23
-0.27562
33
-10.85973
0
3DFACE
8
C2
10
-3.17739
20
-0.36581
30
-10.77360
11
-3.20082
21
-0.45492
31
-10.65663
12
-3.05620
22
-0.44912
32
-10.62154
13
-3.03290
23
-0.35891
33
-10.73753
0
3DFACE
8
C2
10
-3.20082
20
-0.45492
30
-10.65663
11
-3.22401
21
-0.54601
31
-10.54143
12
-3.07922
22
-0.54153
32
-10.50752
13
-3.05620
23
-0.44912
33
-10.62154
0
3DFACE
8
C2
10
-3.22401
20
-0.54601
30
-10.54143
11
-3.24632
21
-0.64413
31
-10.43253
12
-3.10123
22
-0.64207
32
-10.40080
13
-3.07922
23
-0.54153
33
-10.50752
0
3DFACE
8
C2
10
-3.24632
20
-0.64413
30
-10.43253
11
-3.26917
21
-0.73797
31
-10.31980
12
-3.12401
22
-0.73646
32
-10.28855
13
-3.10123
23
-0.64207
33
-10.40080
0
3DFACE
8
C2
10
-3.26917
20
-0.73797
30
-10.31980
11
-3.29268
21
-0.82654
31
-10.20233
12
-3.14755
22
-0.82469
32
-10.17079
13
-3.12401
23
-0.73646
33
-10.28855
0
3DFACE
8
C2
10
-3.29268
20
-0.82654
30
-10.20233
11
-3.31578
21
-0.91828
31
-10.08772
12
-3.17073
22
-0.91589
32
-10.05568
13
-3.14755
23
-0.82469
33
-10.17079
0
3DFACE
8
C2
10
-3.31578
20
-0.91828
30
-10.08772
11
-3.33855
21
-1.01278
31
-9.97557
12
-3.19355
22
-1.00995
32
-9.94314
13
-3.17073
23
-0.91589
33
-10.05568
0
3DFACE
8
C2
10
-3.33855
20
-1.01278
30
-9.97557
11
-3.36094
21
-1.11024
31
-9.86609
12
-3.21591
22
-1.10763
32
-9.83386
13
-3.19355
23
-1.00995
33
-9.94314
0
3DFACE
8
C2
10
-3.36094
20
-1.11024
30
-9.86609
11
-3.38330
21
-1.20792
31
-9.75680
12
-3.23843
22
-1.20410
32
-9.72349
13
-3.21591
23
-1.10763
33
-9.83386
0
3DFACE
8
C2
10
-3.38330
20
-1.20792
30
-9.75680
11
-3.40629
21
-1.30066
31
-9.64308
12
-3.26177
22
-1.29398
32
-9.60720
13
-3.23843
23
-1.20410
33
-9.72349
0
3DFACE
8
C2
10
-3.40629
20
-1.30066
30
-9.64308
11
-3.42847
21
-1.39977
31
-9.53508
12
-3.28413
22
-1.39167
32
-9.49791
13
-3.26177
23
-1.29398
33
-9.60720
0
3DFACE
8
C2
10
-3.42847
20
-1.39977
30
-9.53508
11
-3.44999
21
-1.50427
31
-9.43190
12
-3.30570
22
-1.49572
32
-9.39435
13
-3.28413
23
-1.39167
33
-9.49791
0
3DFACE
8
C2
10
-3.44999
20
-1.50427
30
-9.43190
11
-3.47088
21
-1.61370
31
-9.33317
12
-3.32636
22
-1.60702
32
-9.29729
13
-3.30570
23
-1.49572
33
-9.39435
0
3DFACE
8
C2
10
-3.47088
20
-1.61370
30
-9.33317
11
-3.49250
21
-1.71732
31
-9.22921
12
-3.34793
22
-1.71108
32
-9.19372
13
-3.32636
23
-1.60702
33
-9.29729
0
3DFACE
8
C2
10
-3.49250
20
-1.71732
30
-9.22921
11
-3.51479
21
-1.81566
31
-9.12051
12
-3.37031
22
-1.80865
32
-9.08434
13
-3.34793
23
-1.71108
33
-9.19372
0
3DFACE
8
C2
10
-3.51479
20
-1.81566
30
-9.12051
11
-3.53748
21
-1.91070
31
-9.00886
12
-3.39295
22
-1.90413
32
-8.97308
13
-3.37031
23
-1.80865
33
-9.08434
0
3DFACE
8
C2
10
-3.53748
20
-1.91070
30
-9.00886
11
-3.56052
21
-2.00300
31
-8.89474
12
-3.41577
22
-1.99819
32
-8.86054
13
-3.39295
23
-1.90413
33
-8.97308
0
3DFACE
8
C2
10
-3.56052
20
-2.00300
30
-8.89474
11
-3.58423
21
-2.08992
31
-8.77579
12
-3.43905
22
-2.08851
32
-8.74465
13
-3.41577
23
-1.99819
33
-8.86054
0
3DFACE
8
C2
10
-3.58423
20
-2.08992
30
-8.77579
11
-3.60791
21
-2.17705
31
-8.65704
12
-3.46248
22
-2.17774
32
-8.62777
13
-3.43905
23
-2.08851
33
-8.74465
0
3DFACE
8
C2
10
-3.60791
20
-2.17705
30
-8.65704
11
-3.63167
21
-2.26364
31
-8.53780
12
-3.48631
22
-2.26366
32
-8.50793
13
-3.46248
23
-2.17774
33
-8.62777
0
3DFACE
8
C2
10
-3.63167
20
-2.26364
30
-8.53780
11
-3.65486
21
-2.35473
31
-8.42260
12
-3.50933
22
-2.35607
32
-8.39391
13
-3.48631
23
-2.26366
33
-8.50793
0
3DFACE
8
C2
10
-3.65486
20
-2.35473
30
-8.42260
11
-3.67821
21
-2.44450
31
-8.30621
12
-3.53232
22
-2.44881
32
-8.28019
13
-3.50933
23
-2.35607
33
-8.39391
0
3DFACE
8
C2
10
-3.67821
20
-2.44450
30
-8.30621
11
-3.70165
21
-2.53362
31
-8.18923
12
-3.55518
22
-2.54254
32
-8.16735
13
-3.53232
23
-2.44881
33
-8.28019
0
3DFACE
8
C2
10
-3.70165
20
-2.53362
30
-8.18923
11
-3.72431
21
-2.62888
31
-8.07778
12
-3.57756
22
-2.64011
32
-8.05797
13
-3.55518
23
-2.54254
33
-8.16735
0
3DFACE
8
C2
10
-3.72431
20
-2.62888
30
-8.07778
11
-3.74617
21
-2.73063
31
-7.97214
12
-3.59955
22
-2.74076
32
-7.95135
13
-3.57756
23
-2.64011
33
-8.05797
0
3DFACE
8
C2
10
-3.74617
20
-2.73063
30
-7.97214
11
-3.76854
21
-2.82831
31
-7.86285
12
-3.62197
22
-2.83800
32
-7.84167
13
-3.59955
23
-2.74076
33
-7.95135
0
3DFACE
8
C2
10
-3.76854
20
-2.82831
30
-7.86285
11
-3.79175
21
-2.91918
31
-7.74746
12
-3.64510
22
-2.92953
32
-7.72686
13
-3.62197
23
-2.83800
33
-7.84167
0
3DFACE
8
C2
10
-3.79175
20
-2.91918
30
-7.74746
11
-3.81545
21
-3.00621
31
-7.62861
12
-3.66851
22
-3.01886
32
-7.61008
13
-3.64510
23
-2.92953
33
-7.72686
0
3DFACE
8
C2
10
-3.81545
20
-3.00621
30
-7.62861
11
-3.83908
21
-3.09378
31
-7.51025
12
-3.69228
22
-3.10534
32
-7.49074
13
-3.66851
23
-3.01886
33
-7.61008
0
3DFACE
8
C2
10
-3.83908
20
-3.09378
30
-7.51025
11
-3.86272
21
-3.18125
31
-7.39179
12
-3.71635
22
-3.18940
32
-7.36922
13
-3.69228
23
-3.10534
33
-7.49074
0
3DFACE
8
C2
10
-3.86272
20
-3.18125
30
-7.39179
11
-3.88685
21
-3.26487
31
-7.26989
12
-3.74079
22
-3.27049
32
-7.24505
13
-3.71635
23
-3.18940
33
-7.36922
0
3DFACE
8
C2
10
-3.88685
20
-3.26487
30
-7.26989
11
-3.91111
21
-3.34739
31
-7.14699
12
-3.76513
22
-3.35235
32
-7.12156
13
-3.74079
23
-3.27049
33
-7.24505
0
3DFACE
8
C2
10
-3.91111
20
-3.34739
30
-7.14699
11
-3.93491
21
-3.43354
31
-7.02735
12
-3.78898
22
-3.43817
32
-7.00163
13
-3.76513
23
-3.35235
33
-7.12156
0
3DFACE
8
C2
10
-3.93491
20
-3.43354
30
-7.02735
11
-3.95898
21
-3.51759
31
-6.90584
12
-3.81315
22
-3.52146
32
-6.87943
13
-3.78898
23
-3.43817
33
-7.00163
0
3DFACE
8
C2
10
-3.95898
20
-3.51759
30
-6.90584
11
-3.98294
21
-3.60253
31
-6.78512
12
-3.83742
22
-3.60387
32
-6.75644
13
-3.81315
23
-3.52146
33
-6.87943
0
3DFACE
8
C2
10
-3.98294
20
-3.60253
30
-6.78512
11
-4.00603
21
-3.69439
31
-6.67061
12
-3.86051
22
-3.69573
32
-6.64192
13
-3.83742
23
-3.60387
33
-6.75644
0
3DFACE
8
C2
10
-4.00603
20
-3.69439
30
-6.67061
11
-4.02763
21
-3.79823
31
-6.56684
12
-3.88199
22
-3.80056
32
-6.53905
13
-3.86051
23
-3.69573
33
-6.64192
0
3DFACE
8
C2
10
-4.02763
20
-3.79823
30
-6.56684
11
-4.04743
21
-3.91645
31
-6.47599
12
-3.90134
22
-3.92230
32
-6.45136
13
-3.88199
23
-3.80056
33
-6.53905
0
3DFACE
8
C2
10
-4.04743
20
-3.91645
30
-6.47599
11
-4.06737
21
-4.03347
31
-6.38406
12
-3.92085
22
-4.04283
32
-6.36258
13
-3.90134
23
-3.92230
33
-6.45136
0
3DFACE
8
C2
10
-4.06737
20
-4.03347
30
-6.38406
11
-4.08779
21
-4.14675
31
-6.28878
12
-3.94085
22
-4.15941
32
-6.27025
13
-3.92085
23
-4.04283
33
-6.36258
0
3DFACE
8
C2
10
-4.08779
20
-4.14675
30
-6.28878
11
-4.10758
21
-4.26498
31
-6.19793
12
-3.96026
22
-4.28071
32
-6.18216
13
-3.94085
23
-4.15941
33
-6.27025
0
3DFACE
8
C2
10
-2.40416
20
2.63250
30
-13.76444
11
-2.42634
21
2.53339
31
-13.65644
12
-2.27923
22
2.51931
32
-13.63919
13
-2.25689
23
2.61721
33
-13.74828
0
3DFACE
8
C2
10
-2.42634
20
2.53339
30
-13.65644
11
-2.44956
21
2.44252
31
-13.54104
12
-2.30251
22
2.42899
32
-13.52330
13
-2.27923
23
2.51931
33
-13.63919
0
3DFACE
8
C2
10
-2.44956
20
2.44252
30
-13.54104
11
-2.47210
21
2.34627
31
-13.43047
12
-2.32518
22
2.33372
32
-13.41184
13
-2.30251
23
2.42899
33
-13.52330
0
3DFACE
8
C2
10
-2.47210
20
2.34627
30
-13.43047
11
-2.49422
21
2.24661
31
-13.32296
12
-2.34746
22
2.23538
32
-13.30315
13
-2.32518
23
2.33372
33
-13.41184
0
3DFACE
8
C2
10
-2.49422
20
2.24661
30
-13.32296
11
-2.51707
21
2.15277
31
-13.21022
12
-2.37035
22
2.14187
32
-13.19012
13
-2.34746
23
2.23538
33
-13.30315
0
3DFACE
8
C2
10
-2.51707
20
2.15277
30
-13.21022
11
-2.54058
21
2.06432
31
-13.09265
12
-2.39391
22
2.05375
32
-13.07225
13
-2.37035
23
2.14187
33
-13.19012
0
3DFACE
8
C2
10
-2.54058
20
2.06432
30
-13.09265
11
-2.56465
21
1.98026
31
-12.97114
12
-2.41784
22
1.96859
32
-12.95173
13
-2.39391
23
2.05375
33
-13.07225
0
3DFACE
8
C2
10
-2.56465
20
1.98026
30
-12.97114
11
-2.58736
21
1.88532
31
-12.85939
12
-2.44048
22
1.87311
32
-12.84047
13
-2.41784
23
1.96859
33
-12.95173
0
3DFACE
8
C2
10
-2.58736
20
1.88532
30
-12.85939
11
-2.60854
21
1.77819
31
-12.75858
12
-2.46177
22
1.76686
32
-12.73887
13
-2.44048
23
1.87311
33
-12.84047
0
3DFACE
8
C2
10
-2.60854
20
1.77819
30
-12.75858
11
-2.63044
21
1.67678
31
-12.65265
12
-2.48375
22
1.66610
32
-12.63235
13
-2.46177
23
1.76686
33
-12.73887
0
3DFACE
8
C2
10
-2.63044
20
1.67678
30
-12.65265
11
-2.65323
21
1.58250
31
-12.54031
12
-2.50670
22
1.57303
32
-12.51892
13
-2.48375
23
1.66610
33
-12.63235
0
3DFACE
8
C2
10
-2.65323
20
1.58250
30
-12.54031
11
-2.67683
21
1.49471
31
-12.42215
12
-2.53039
22
1.48600
32
-12.40007
13
-2.50670
23
1.57303
33
-12.51892
0
3DFACE
8
C2
10
-2.67683
20
1.49471
30
-12.42215
11
-2.69902
21
1.39560
31
-12.31414
12
-2.55279
22
1.38854
32
-12.29059
13
-2.53039
23
1.48600
33
-12.40007
0
3DFACE
8
C2
10
-2.69902
20
1.39560
30
-12.31414
11
-2.71993
21
1.28627
31
-12.21531
12
-2.57397
22
1.28141
32
-12.18978
13
-2.55279
23
1.38854
33
-12.29059
0
3DFACE
8
C2
10
-2.71993
20
1.28627
30
-12.21531
11
-2.74132
21
1.18079
31
-12.11302
12
-2.59556
22
1.17758
32
-12.08602
13
-2.57397
23
1.28141
33
-12.18978
0
3DFACE
8
C2
10
-2.74132
20
1.18079
30
-12.11302
11
-2.76318
21
1.07904
31
-12.00739
12
-2.61760
22
1.07726
32
-11.97910
13
-2.59556
23
1.17758
33
-12.08602
0
3DFACE
8
C2
10
-2.76318
20
1.07904
30
-12.00739
11
-2.78492
21
0.97641
31
-11.90254
12
-2.63950
22
0.97584
32
-11.87316
13
-2.61760
23
1.07726
33
-11.97910
0
3DFACE
8
C2
10
-2.78492
20
0.97641
30
-11.90254
11
-2.80589
21
0.86753
31
-11.80331
12
-2.66056
22
0.86772
32
-11.77325
13
-2.63950
23
0.97584
33
-11.87316
0
3DFACE
8
C2
10
-2.80589
20
0.86753
30
-11.80331
11
-2.82568
21
0.74930
31
-11.71246
12
-2.68060
22
0.75148
32
-11.68062
13
-2.66056
23
0.86772
33
-11.77325
0
3DFACE
8
C2
10
-2.82568
20
0.74930
30
-11.71246
11
-2.84559
21
0.63195
31
-11.62082
12
-2.70079
22
0.63644
32
-11.58692
13
-2.68060
23
0.75148
33
-11.68062
0
3DFACE
8
C2
10
-2.84559
20
0.63195
30
-11.62082
11
-2.86505
21
0.51109
31
-11.53234
12
-2.72069
22
0.51898
32
-11.49538
13
-2.70079
23
0.63644
33
-11.58692
0
3DFACE
8
C2
10
-2.86505
20
0.51109
30
-11.53234
11
-2.88347
21
0.38188
31
-11.45135
12
-2.73971
22
0.39460
32
-11.41005
13
-2.72069
23
0.51898
33
-11.49538
0
3DFACE
8
C2
10
-2.88347
20
0.38188
30
-11.45135
11
-2.90298
21
0.26135
31
-11.36258
12
-2.75962
22
0.27726
32
-11.31842
13
-2.73971
23
0.39460
33
-11.41005
0
3DFACE
8
C2
10
-2.90298
20
0.26135
30
-11.36258
11
-2.92301
21
0.14499
31
-11.27005
12
-2.77992
22
0.16309
32
-11.22392
13
-2.75962
23
0.27726
33
-11.31842
0
3DFACE
8
C2
10
-2.92301
20
0.14499
30
-11.27005
11
-2.94368
21
0.03380
31
-11.17290
12
-2.80083
22
0.05377
32
-11.12509
13
-2.77992
23
0.16309
33
-11.22392
0
3DFACE
8
C2
10
-2.94368
20
0.03380
30
-11.17290
11
-2.96470
21
-0.07465
31
-11.07327
12
-2.82189
22
-0.05435
32
-11.02517
13
-2.80083
23
0.05377
33
-11.12509
0
3DFACE
8
C2
10
-2.96470
20
-0.07465
30
-11.07327
11
-2.98602
21
-0.18068
31
-10.97148
12
-2.84318
22
-0.16060
32
-10.92357
13
-2.82189
23
-0.05435
33
-11.02517
0
3DFACE
8
C2
10
-2.98602
20
-0.18068
30
-10.97148
11
-3.00873
21
-0.27562
31
-10.85973
12
-2.86570
22
-0.25708
32
-10.81320
13
-2.84318
23
-0.16060
33
-10.92357
0
3DFACE
8
C2
10
-3.00873
20
-0.27562
30
-10.85973
11
-3.03290
21
-0.35891
31
-10.73753
12
-2.88945
22
-0.34366
32
-10.69396
13
-2.86570
23
-0.25708
33
-10.81320
0
3DFACE
8
C2
10
-3.03290
20
-0.35891
30
-10.73753
11
-3.05620
21
-0.44912
31
-10.62154
12
-2.91249
22
-0.43596
32
-10.57984
13
-2.88945
23
-0.34366
33
-10.69396
0
3DFACE
8
C2
10
-3.05620
20
-0.44912
30
-10.62154
11
-3.07922
21
-0.54153
31
-10.50752
12
-2.93525
22
-0.53046
32
-10.46769
13
-2.91249
23
-0.43596
33
-10.57984
0
3DFACE
8
C2
10
-3.07922
20
-0.54153
30
-10.50752
11
-3.10123
21
-0.64207
31
-10.40080
12
-2.95716
22
-0.63176
32
-10.36166
13
-2.93525
23
-0.53046
33
-10.46769
0
3DFACE
8
C2
10
-3.10123
20
-0.64207
30
-10.40080
11
-3.12401
21
-0.73646
31
-10.28855
12
-2.97983
22
-0.72703
32
-10.25021
13
-2.95716
23
-0.63176
33
-10.36166
0
3DFACE
8
C2
10
-3.12401
20
-0.73646
30
-10.28855
11
-3.14755
21
-0.82469
31
-10.17079
12
-3.00321
22
-0.81658
32
-10.13362
13
-2.97983
23
-0.72703
33
-10.25021
0
3DFACE
8
C2
10
-3.14755
20
-0.82469
30
-10.17079
11
-3.17073
21
-0.91589
31
-10.05568
12
-3.02628
22
-0.90866
32
-10.01931
13
-3.00321
23
-0.81658
33
-10.13362
0
3DFACE
8
C2
10
-3.17073
20
-0.91589
30
-10.05568
11
-3.19355
21
-1.00995
31
-9.94314
12
-3.04906
22
-1.00305
32
-9.90707
13
-3.02628
23
-0.90866
33
-10.01931
0
3DFACE
8
C2
10
-3.19355
20
-1.00995
30
-9.94314
11
-3.21591
21
-1.10763
31
-9.83386
12
-3.07150
22
-1.10007
32
-9.79719
13
-3.04906
23
-1.00305
33
-9.90707
0
3DFACE
8
C2
10
-3.21591
20
-1.10763
30
-9.83386
11
-3.23843
21
-1.20410
31
-9.72349
12
-3.09413
22
-1.19566
32
-9.68603
13
-3.07150
23
-1.10007
33
-9.79719
0
3DFACE
8
C2
10
-3.23843
20
-1.20410
30
-9.72349
11
-3.26177
21
-1.29398
31
-9.60720
12
-3.11754
22
-1.28500
32
-9.56925
13
-3.09413
23
-1.19566
33
-9.68603
0
3DFACE
8
C2
10
-3.26177
20
-1.29398
30
-9.60720
11
-3.28413
21
-1.39167
31
-9.49791
12
-3.14008
22
-1.38125
32
-9.45868
13
-3.11754
23
-1.28500
33
-9.56925
0
3DFACE
8
C2
10
-3.28413
20
-1.39167
30
-9.49791
11
-3.30570
21
-1.49572
31
-9.39435
12
-3.16186
22
-1.48366
32
-9.35364
13
-3.14008
23
-1.38125
33
-9.45868
0
3DFACE
8
C2
10
-3.30570
20
-1.49572
30
-9.39435
11
-3.32636
21
-1.60702
31
-9.29729
12
-3.18274
22
-1.59320
32
-9.25500
13
-3.16186
23
-1.48366
33
-9.35364
0
3DFACE
8
C2
10
-3.32636
20
-1.60702
30
-9.29729
11
-3.34793
21
-1.71108
31
-9.19372
12
-3.20443
22
-1.69627
32
-9.15054
13
-3.18274
23
-1.59320
33
-9.25500
0
3DFACE
8
C2
10
-3.34793
20
-1.71108
30
-9.19372
11
-3.37031
21
-1.80865
31
-9.08434
12
-3.22678
22
-1.79406
32
-9.04136
13
-3.20443
23
-1.69627
33
-9.15054
0
3DFACE
8
C2
10
-3.37031
20
-1.80865
30
-9.08434
11
-3.39295
21
-1.90413
31
-8.97308
12
-3.24930
22
-1.89053
32
-8.93099
13
-3.22678
23
-1.79406
33
-9.04136
0
3DFACE
8
C2
10
-3.39295
20
-1.90413
30
-8.97308
11
-3.41577
21
-1.99819
31
-8.86054
12
-3.27178
22
-1.98723
32
-8.82081
13
-3.24930
23
-1.89053
33
-8.93099
0
3DFACE
8
C2
10
-3.41577
20
-1.99819
30
-8.86054
11
-3.43905
21
-2.08851
31
-8.74465
12
-3.29445
22
-2.08249
32
-8.70936
13
-3.27178
23
-1.98723
33
-8.82081
0
3DFACE
8
C2
10
-3.43905
20
-2.08851
30
-8.74465
11
-3.46248
21
-2.17774
31
-8.62777
12
-3.31731
22
-2.17622
32
-8.59652
13
-3.29445
23
-2.08249
33
-8.70936
0
3DFACE
8
C2
10
-3.46248
20
-2.17774
30
-8.62777
11
-3.48631
21
-2.26366
31
-8.50793
12
-3.34067
22
-2.26599
32
-8.48014
13
-3.31731
23
-2.17622
33
-8.59652
0
3DFACE
8
C2
10
-3.48631
20
-2.26366
30
-8.50793
11
-3.50933
21
-2.35607
31
-8.39391
12
-3.36328
22
-2.36170
32
-8.36908
13
-3.34067
23
-2.26599
33
-8.48014
0
3DFACE
8
C2
10
-3.50933
20
-2.35607
30
-8.39391
11
-3.53232
21
-2.44881
31
-8.28019
12
-3.38571
22
-2.45883
32
-8.25930
13
-3.36328
23
-2.36170
33
-8.36908
0
3DFACE
8
C2
10
-3.53232
20
-2.44881
30
-8.28019
11
-3.55518
21
-2.54254
31
-8.16735
12
-3.40797
22
-2.55739
32
-8.15080
13
-3.38571
23
-2.45883
33
-8.25930
0
3DFACE
8
C2
10
-3.55518
20
-2.54254
30
-8.16735
11
-3.57756
21
-2.64011
31
-8.05797
12
-3.43006
22
-2.65727
32
-8.04349
13
-3.40797
23
-2.55739
33
-8.15080
0
3DFACE
8
C2
10
-3.57756
20
-2.64011
30
-8.05797
11
-3.59955
21
-2.74076
31
-7.95135
12
-3.45216
22
-2.75704
32
-7.93607
13
-3.43006
23
-2.65727
33
-8.04349
0
3DFACE
8
C2
10
-3.59955
20
-2.74076
30
-7.95135
11
-3.62197
21
-2.83800
31
-7.84167
12
-3.47477
22
-2.85274
32
-7.82501
13
-3.45216
23
-2.75704
33
-7.93607
0
3DFACE
8
C2
10
-3.62197
20
-2.83800
30
-7.84167
11
-3.64510
21
-2.92953
31
-7.72686
12
-3.49791
22
-2.94427
32
-7.71021
13
-3.47477
23
-2.85274
33
-7.82501
0
3DFACE
8
C2
10
-3.64510
20
-2.92953
30
-7.72686
11
-3.66851
21
-3.01886
31
-7.61008
12
-3.52134
22
-3.03339
32
-7.59323
13
-3.49791
23
-2.94427
33
-7.71021
0
3DFACE
8
C2
10
-3.66851
20
-3.01886
30
-7.61008
11
-3.69228
21
-3.10534
31
-7.49074
12
-3.54538
22
-3.11766
32
-7.47191
13
-3.52134
23
-3.03339
33
-7.59323
0
3DFACE
8
C2
10
-3.69228
20
-3.10534
30
-7.49074
11
-3.71635
21
-3.18940
31
-7.36922
12
-3.56987
22
-3.19843
32
-7.34744
13
-3.54538
23
-3.11766
33
-7.47191
0
3DFACE
8
C2
10
-3.71635
20
-3.18940
30
-7.36922
11
-3.74079
21
-3.27049
31
-7.24505
12
-3.59461
22
-3.27710
32
-7.22110
13
-3.56987
23
-3.19843
33
-7.34744
0
3DFACE
8
C2
10
-3.74079
20
-3.27049
30
-7.24505
11
-3.76513
21
-3.35235
31
-7.12156
12
-3.61914
22
-3.35743
32
-7.09624
13
-3.59461
23
-3.27710
33
-7.22110
0
3DFACE
8
C2
10
-3.76513
20
-3.35235
30
-7.12156
11
-3.78898
21
-3.43817
31
-7.00163
12
-3.64310
22
-3.44237
32
-6.97551
13
-3.61914
23
-3.35743
33
-7.09624
0
3DFACE
8
C2
10
-3.78898
20
-3.43817
30
-7.00163
11
-3.81315
21
-3.52146
31
-6.87943
12
-3.66734
22
-3.52511
32
-6.85282
13
-3.64310
23
-3.44237
33
-6.97551
0
3DFACE
8
C2
10
-3.81315
20
-3.52146
30
-6.87943
11
-3.83742
21
-3.60387
31
-6.75644
12
-3.69161
22
-3.60752
32
-6.72982
13
-3.66734
23
-3.52511
33
-6.85282
0
3DFACE
8
C2
10
-3.83742
20
-3.60387
30
-6.75644
11
-3.86051
21
-3.69573
31
-6.64192
12
-3.71465
22
-3.69982
32
-6.61571
13
-3.69161
23
-3.60752
33
-6.72982
0
3DFACE
8
C2
10
-3.86051
20
-3.69573
30
-6.64192
11
-3.88199
21
-3.80056
31
-6.53905
12
-3.73616
22
-3.80431
32
-6.51253
13
-3.71465
23
-3.69982
33
-6.61571
0
3DFACE
8
C2
10
-3.88199
20
-3.80056
30
-6.53905
11
-3.90134
21
-3.92230
31
-6.45136
12
-3.75505
22
-3.92979
32
-6.42819
13
-3.73616
23
-3.80431
33
-6.51253
0
3DFACE
8
C2
10
-3.90134
20
-3.92230
30
-6.45136
11
-3.92085
21
-4.04283
31
-6.36258
12
-3.77409
22
-4.05406
32
-6.34277
13
-3.75505
23
-3.92979
33
-6.42819
0
3DFACE
8
C2
10
-3.92085
20
-4.04283
30
-6.36258
11
-3.94085
21
-4.15941
31
-6.27025
12
-3.79354
22
-4.17503
32
-6.25439
13
-3.77409
23
-4.05406
33
-6.34277
0
3DFACE
8
C2
10
-3.94085
20
-4.15941
30
-6.27025
11
-3.96026
21
-4.28071
31
-6.18216
12
-3.81250
22
-4.29996
32
-6.16955
13
-3.79354
23
-4.17503
33
-6.25439
0
3DFACE
8
C2
10
-2.25689
20
2.61721
30
-13.74828
11
-2.27923
21
2.51931
31
-13.63919
12
-2.13351
22
2.51643
32
-13.61189
13
-2.11105
23
2.61334
33
-13.72187
0
3DFACE
8
C2
10
-2.27923
20
2.51931
30
-13.63919
11
-2.30251
21
2.42899
31
-13.52330
12
-2.15678
22
2.42600
32
-13.49610
13
-2.13351
23
2.51643
33
-13.61189
0
3DFACE
8
C2
10
-2.30251
20
2.42899
30
-13.52330
11
-2.32518
21
2.33372
31
-13.41184
12
-2.17952
22
2.33128
32
-13.38415
13
-2.15678
23
2.42600
33
-13.49610
0
3DFACE
8
C2
10
-2.32518
20
2.33372
30
-13.41184
11
-2.34746
21
2.23538
31
-13.30315
12
-2.20179
22
2.23283
32
-13.27555
13
-2.17952
23
2.33128
33
-13.38415
0
3DFACE
8
C2
10
-2.34746
20
2.23538
30
-13.30315
11
-2.37035
21
2.14187
31
-13.19012
12
-2.22461
22
2.13878
32
-13.16301
13
-2.20179
23
2.23283
33
-13.27555
0
3DFACE
8
C2
10
-2.37035
20
2.14187
30
-13.19012
11
-2.39391
21
2.05375
31
-13.07225
12
-2.24815
22
2.05054
32
-13.04525
13
-2.22461
23
2.13878
33
-13.16301
0
3DFACE
8
C2
10
-2.39391
20
2.05375
30
-13.07225
11
-2.41784
21
1.96859
31
-12.95173
12
-2.27206
22
1.96516
32
-12.92492
13
-2.24815
23
2.05054
33
-13.04525
0
3DFACE
8
C2
10
-2.41784
20
1.96859
30
-12.95173
11
-2.44048
21
1.87311
31
-12.84047
12
-2.29460
22
1.86891
32
-12.81435
13
-2.27206
23
1.96516
33
-12.92492
0
3DFACE
8
C2
10
-2.44048
20
1.87311
30
-12.84047
11
-2.46177
21
1.76686
31
-12.73887
12
-2.31585
22
1.76233
32
-12.71305
13
-2.29460
23
1.86891
33
-12.81435
0
3DFACE
8
C2
10
-2.46177
20
1.76686
30
-12.73887
11
-2.48375
21
1.66610
31
-12.63235
12
-2.33786
22
1.66179
32
-12.60633
13
-2.31585
23
1.76233
33
-12.71305
0
3DFACE
8
C2
10
-2.48375
20
1.66610
30
-12.63235
11
-2.50670
21
1.57303
31
-12.51892
12
-2.36100
22
1.57026
32
-12.49152
13
-2.33786
23
1.66179
33
-12.60633
0
3DFACE
8
C2
10
-2.50670
20
1.57303
30
-12.51892
11
-2.53039
21
1.48600
31
-12.40007
12
-2.38490
22
1.48488
32
-12.37119
13
-2.36100
23
1.57026
33
-12.49152
0
3DFACE
8
C2
10
-2.53039
20
1.48600
30
-12.40007
11
-2.55279
21
1.38854
31
-12.29059
12
-2.40746
22
1.38874
32
-12.26053
13
-2.38490
23
1.48488
33
-12.37119
0
3DFACE
8
C2
10
-2.55279
20
1.38854
30
-12.29059
11
-2.57397
21
1.28141
31
-12.18978
12
-2.42872
22
1.28227
32
-12.15913
13
-2.40746
23
1.38874
33
-12.26053
0
3DFACE
8
C2
10
-2.57397
20
1.28141
30
-12.18978
11
-2.59556
21
1.17758
31
-12.08602
12
-2.45036
22
1.17877
32
-12.05507
13
-2.42872
23
1.28227
33
-12.15913
0
3DFACE
8
C2
10
-2.59556
20
1.17758
30
-12.08602
11
-2.61760
21
1.07726
31
-11.97910
12
-2.47256
22
1.07976
32
-11.94696
13
-2.45036
23
1.17877
33
-12.05507
0
3DFACE
8
C2
10
-2.61760
20
1.07726
30
-11.97910
11
-2.63950
21
0.97584
31
-11.87316
12
-2.49457
22
0.97923
32
-11.84024
13
-2.47256
23
1.07976
33
-11.94696
0
3DFACE
8
C2
10
-2.63950
20
0.97584
30
-11.87316
11
-2.66056
21
0.86772
31
-11.77325
12
-2.51559
22
0.87078
32
-11.74062
13
-2.49457
23
0.97923
33
-11.84024
0
3DFACE
8
C2
10
-2.66056
20
0.86772
30
-11.77325
11
-2.68060
21
0.75148
31
-11.68062
12
-2.53557
22
0.75409
32
-11.64839
13
-2.51559
23
0.87078
33
-11.74062
0
3DFACE
8
C2
10
-2.68060
20
0.75148
30
-11.68062
11
-2.70079
21
0.63644
31
-11.58692
12
-2.55579
22
0.63927
32
-11.55449
13
-2.53557
23
0.75409
33
-11.64839
0
3DFACE
8
C2
10
-2.70079
20
0.63644
30
-11.58692
11
-2.72069
21
0.51898
31
-11.49538
12
-2.57595
22
0.52390
32
-11.46108
13
-2.55579
23
0.63927
33
-11.55449
0
3DFACE
8
C2
10
-2.72069
20
0.51898
30
-11.49538
11
-2.73971
21
0.39460
31
-11.41005
12
-2.59552
22
0.40392
32
-11.37181
13
-2.57595
23
0.52390
33
-11.46108
0
3DFACE
8
C2
10
-2.73971
20
0.39460
30
-11.41005
11
-2.75962
21
0.27726
31
-11.31842
12
-2.61563
22
0.28822
32
-11.27869
13
-2.59552
23
0.40392
33
-11.37181
0
3DFACE
8
C2
10
-2.75962
20
0.27726
30
-11.31842
11
-2.77992
21
0.16309
31
-11.22392
12
-2.63597
22
0.17428
32
-11.18400
13
-2.61563
23
0.28822
33
-11.27869
0
3DFACE
8
C2
10
-2.77992
20
0.16309
30
-11.22392
11
-2.80083
21
0.05377
31
-11.12509
12
-2.65687
22
0.06495
32
-11.08516
13
-2.63597
23
0.17428
33
-11.18400
0
3DFACE
8
C2
10
-2.80083
20
0.05377
30
-11.12509
11
-2.82189
21
-0.05435
31
-11.02517
12
-2.67795
22
-0.04306
32
-10.98515
13
-2.65687
23
0.06495
33
-11.08516
0
3DFACE
8
C2
10
-2.82189
20
-0.05435
30
-11.02517
11
-2.84318
21
-0.16060
31
-10.92357
12
-2.69923
22
-0.14942
32
-10.88365
13
-2.67795
23
-0.04306
33
-10.98515
0
3DFACE
8
C2
10
-2.84318
20
-0.16060
30
-10.92357
11
-2.86570
21
-0.25708
31
-10.81320
12
-2.72165
22
-0.24666
32
-10.77397
13
-2.69923
23
-0.14942
33
-10.88365
0
3DFACE
8
C2
10
-2.86570
20
-0.25708
30
-10.81320
11
-2.88945
21
-0.34366
31
-10.69396
12
-2.74502
22
-0.33632
32
-10.65748
13
-2.72165
23
-0.24666
33
-10.77397
0
3DFACE
8
C2
10
-2.88945
20
-0.34366
30
-10.69396
11
-2.91249
21
-0.43596
31
-10.57984
12
-2.76790
22
-0.42983
32
-10.54445
13
-2.74502
23
-0.33632
33
-10.65748
0
3DFACE
8
C2
10
-2.91249
20
-0.43596
30
-10.57984
11
-2.93525
21
-0.53046
31
-10.46769
12
-2.79064
22
-0.52455
32
-10.43250
13
-2.76790
23
-0.42983
33
-10.54445
0
3DFACE
8
C2
10
-2.93525
20
-0.53046
30
-10.46769
11
-2.95716
21
-0.63176
31
-10.36166
12
-2.81260
22
-0.62541
32
-10.32608
13
-2.79064
23
-0.52455
33
-10.43250
0
3DFACE
8
C2
10
-2.95716
20
-0.63176
30
-10.36166
11
-2.97983
21
-0.72703
31
-10.25021
12
-2.83526
22
-0.72079
32
-10.21472
13
-2.81260
23
-0.62541
33
-10.32608
0
3DFACE
8
C2
10
-2.97983
20
-0.72703
30
-10.25021
11
-3.00321
21
-0.81658
31
-10.13362
12
-2.85861
22
-0.81056
32
-10.09834
13
-2.83526
23
-0.72079
33
-10.21472
0
3DFACE
8
C2
10
-3.00321
20
-0.81658
30
-10.13362
11
-3.02628
21
-0.90866
31
-10.01931
12
-2.88164
22
-0.90297
32
-9.98432
13
-2.85861
23
-0.81056
33
-10.09834
0
3DFACE
8
C2
10
-3.02628
20
-0.90866
30
-10.01931
11
-3.04906
21
-1.00305
31
-9.90707
12
-2.90432
22
-0.99813
32
-9.87276
13
-2.88164
23
-0.90297
33
-9.98432
0
3DFACE
8
C2
10
-3.04906
20
-1.00305
30
-9.90707
11
-3.07150
21
-1.10007
31
-9.79719
12
-2.92670
22
-1.09570
32
-9.76338
13
-2.90432
23
-0.99813
33
-9.87276
0
3DFACE
8
C2
10
-3.07150
20
-1.10007
30
-9.79719
11
-3.09413
21
-1.19566
31
-9.68603
12
-2.94932
22
-1.19129
32
-9.65222
13
-2.92670
23
-1.09570
33
-9.76338
0
3DFACE
8
C2
10
-3.09413
20
-1.19566
30
-9.68603
11
-3.11754
21
-1.28500
31
-9.56925
12
-2.97276
22
-1.28040
32
-9.53524
13
-2.94932
23
-1.19129
33
-9.65222
0
3DFACE
8
C2
10
-3.11754
20
-1.28500
30
-9.56925
11
-3.14008
21
-1.38125
31
-9.45868
12
-2.99543
22
-1.37567
32
-9.42379
13
-2.97276
23
-1.28040
33
-9.53524
0
3DFACE
8
C2
10
-3.14008
20
-1.38125
30
-9.45868
11
-3.16186
21
-1.48366
31
-9.35364
12
-3.01716
22
-1.47841
32
-9.31904
13
-2.99543
23
-1.37567
33
-9.42379
0
3DFACE
8
C2
10
-3.16186
20
-1.48366
30
-9.35364
11
-3.18274
21
-1.59320
31
-9.25500
12
-3.03786
22
-1.58938
32
-9.22168
13
-3.01716
23
-1.47841
33
-9.31904
0
3DFACE
8
C2
10
-3.18274
20
-1.59320
30
-9.25500
11
-3.20443
21
-1.69627
31
-9.15054
12
-3.05953
22
-1.69267
32
-9.11742
13
-3.03786
23
-1.58938
33
-9.22168
0
3DFACE
8
C2
10
-3.20443
20
-1.69627
30
-9.15054
11
-3.22678
21
-1.79406
31
-9.04136
12
-3.08195
22
-1.78991
32
-9.00774
13
-3.05953
23
-1.69267
33
-9.11742
0
3DFACE
8
C2
10
-3.22678
20
-1.79406
30
-9.04136
11
-3.24930
21
-1.89053
31
-8.93099
12
-3.10448
22
-1.88627
32
-8.89728
13
-3.08195
23
-1.78991
33
-9.00774
0
3DFACE
8
C2
10
-3.24930
20
-1.89053
30
-8.93099
11
-3.27178
21
-1.98723
31
-8.82081
12
-3.12674
22
-1.98472
32
-8.78868
13
-3.10448
23
-1.88627
33
-8.89728
0
3DFACE
8
C2
10
-3.27178
20
-1.98723
30
-8.82081
11
-3.29445
21
-2.08249
31
-8.70936
12
-3.14903
22
-2.08306
32
-8.67999
13
-3.12674
23
-1.98472
33
-8.78868
0
3DFACE
8
C2
10
-3.29445
20
-2.08249
30
-8.70936
11
-3.31731
21
-2.17622
31
-8.59652
12
-3.17165
22
-2.17866
32
-8.56883
13
-3.14903
23
-2.08306
33
-8.67999
0
3DFACE
8
C2
10
-3.31731
20
-2.17622
30
-8.59652
11
-3.34067
21
-2.26599
31
-8.48014
12
-3.19498
22
-2.26865
32
-8.45264
13
-3.17165
23
-2.17866
33
-8.56883
0
3DFACE
8
C2
10
-3.34067
20
-2.26599
30
-8.48014
11
-3.36328
21
-2.36170
31
-8.36908
12
-3.21751
22
-2.36501
32
-8.34217
13
-3.19498
23
-2.26865
33
-8.45264
0
3DFACE
8
C2
10
-3.36328
20
-2.36170
30
-8.36908
11
-3.38571
21
-2.45883
31
-8.25930
12
-3.23961
22
-2.46478
32
-8.23476
13
-3.21751
23
-2.36501
33
-8.34217
0
3DFACE
8
C2
10
-3.38571
20
-2.45883
30
-8.25930
11
-3.40797
21
-2.55739
31
-8.15080
12
-3.26136
22
-2.56741
32
-8.12991
13
-3.23961
23
-2.46478
33
-8.23476
0
3DFACE
8
C2
10
-3.40797
20
-2.55739
30
-8.15080
11
-3.43006
21
-2.65727
31
-8.04349
12
-3.28322
22
-2.66916
32
-8.02427
13
-3.26136
23
-2.56741
33
-8.12991
0
3DFACE
8
C2
10
-3.43006
20
-2.65727
30
-8.04349
11
-3.45216
21
-2.75704
31
-7.93607
12
-3.30546
22
-2.76783
32
-7.91587
13
-3.28322
23
-2.66916
33
-8.02427
0
3DFACE
8
C2
10
-3.45216
20
-2.75704
30
-7.93607
11
-3.47477
21
-2.85274
31
-7.82501
12
-3.32815
22
-2.86287
32
-7.80422
13
-3.30546
23
-2.76783
33
-7.91587
0
3DFACE
8
C2
10
-3.47477
20
-2.85274
30
-7.82501
11
-3.49791
21
-2.94427
31
-7.71021
12
-3.35116
22
-2.95539
32
-7.69030
13
-3.32815
23
-2.86287
33
-7.80422
0
3DFACE
8
C2
10
-3.49791
20
-2.94427
30
-7.71021
11
-3.52134
21
-3.03339
31
-7.59323
12
-3.37435
22
-3.04648
32
-7.57510
13
-3.35116
23
-2.95539
33
-7.69030
0
3DFACE
8
C2
10
-3.52134
20
-3.03339
30
-7.59323
11
-3.54538
21
-3.11766
31
-7.47191
12
-3.39835
22
-3.13109
32
-7.45408
13
-3.37435
23
-3.04648
33
-7.57510
0
3DFACE
8
C2
10
-3.54538
20
-3.11766
30
-7.47191
11
-3.56987
21
-3.19843
31
-7.34744
12
-3.42309
22
-3.20977
32
-7.32773
13
-3.39835
23
-3.13109
33
-7.45408
0
3DFACE
8
C2
10
-3.56987
20
-3.19843
30
-7.34744
11
-3.59461
21
-3.27710
31
-7.22110
12
-3.44803
22
-3.28690
32
-7.20001
13
-3.42309
23
-3.20977
33
-7.32773
0
3DFACE
8
C2
10
-3.59461
20
-3.27710
30
-7.22110
11
-3.61914
21
-3.35743
31
-7.09624
12
-3.47254
22
-3.36745
32
-7.07534
13
-3.44803
23
-3.28690
33
-7.20001
0
3DFACE
8
C2
10
-3.61914
20
-3.35743
30
-7.09624
11
-3.64310
21
-3.44237
31
-6.97551
12
-3.49666
22
-3.45107
32
-6.95344
13
-3.47254
23
-3.36745
33
-7.07534
0
3DFACE
8
C2
10
-3.64310
20
-3.44237
30
-6.97551
11
-3.66734
21
-3.52511
31
-6.85282
12
-3.52099
22
-3.53304
32
-6.83005
13
-3.49666
23
-3.45107
33
-6.95344
0
3DFACE
8
C2
10
-3.66734
20
-3.52511
30
-6.85282
11
-3.69161
21
-3.60752
31
-6.72982
12
-3.54540
22
-3.61435
32
-6.70607
13
-3.52099
23
-3.53304
33
-6.83005
0
3DFACE
8
C2
10
-3.69161
20
-3.60752
30
-6.72982
11
-3.71465
21
-3.69982
31
-6.61571
12
-3.56839
22
-3.70709
32
-6.59235
13
-3.54540
23
-3.61435
33
-6.70607
0
3DFACE
8
C2
10
-3.71465
20
-3.69982
30
-6.61571
11
-3.73616
21
-3.80431
31
-6.51253
12
-3.58964
22
-3.81367
32
-6.49105
13
-3.56839
23
-3.70709
33
-6.59235
0
3DFACE
8
C2
10
-3.73616
20
-3.80431
30
-6.51253
11
-3.75505
21
-3.92979
31
-6.42819
12
-3.60810
22
-3.94255
32
-6.40977
13
-3.58964
23
-3.81367
33
-6.49105
0
3DFACE
8
C2
10
-3.75505
20
-3.92979
30
-6.42819
11
-3.77409
21
-4.05406
31
-6.34277
12
-3.62673
22
-4.07012
32
-6.32730
13
-3.60810
23
-3.94255
33
-6.40977
0
3DFACE
8
C2
10
-3.77409
20
-4.05406
30
-6.34277
11
-3.79354
21
-4.17503
31
-6.25439
12
-3.64559
22
-4.19581
32
-6.24316
13
-3.62673
23
-4.07012
33
-6.32730
0
3DFACE
8
C2
10
-3.79354
20
-4.17503
30
-6.25439
11
-3.81250
21
-4.29996
31
-6.16955
12
-3.66418
22
-4.32371
32
-6.16099
13
-3.64559
23
-4.19581
33
-6.24316
0
3DFACE
8
C2
10
-2.11105
20
2.61334
30
-13.72187
11
-2.13351
21
2.51643
31
-13.61189
12
-1.98901
22
2.52322
32
-13.57591
13
-1.96660
23
2.62057
33
-13.68549
0
3DFACE
8
C2
10
-2.13351
20
2.51643
30
-13.61189
11
-2.15678
21
2.42600
31
-13.49610
12
-2.01229
22
2.43290
32
-13.46002
13
-1.98901
23
2.52322
33
-13.57591
0
3DFACE
8
C2
10
-2.15678
20
2.42600
30
-13.49610
11
-2.17952
21
2.33128
31
-13.38415
12
-2.03491
22
2.33719
32
-13.34896
13
-2.01229
23
2.43290
33
-13.46002
0
3DFACE
8
C2
10
-2.17952
20
2.33128
30
-13.38415
11
-2.20179
21
2.23283
31
-13.27555
12
-2.05690
22
2.23655
32
-13.24233
13
-2.03491
23
2.33719
33
-13.34896
0
3DFACE
8
C2
10
-2.20179
20
2.23283
30
-13.27555
11
-2.22461
21
2.13878
31
-13.16301
12
-2.07951
22
2.14084
32
-13.13127
13
-2.05690
23
2.23655
33
-13.24233
0
3DFACE
8
C2
10
-2.22461
20
2.13878
30
-13.16301
11
-2.24815
21
2.05054
31
-13.04525
12
-2.10313
22
2.05316
32
-13.01301
13
-2.07951
23
2.14084
33
-13.13127
0
3DFACE
8
C2
10
-2.24815
20
2.05054
30
-13.04525
11
-2.27206
21
1.96516
31
-12.92492
12
-2.12717
22
1.96888
32
-12.89170
13
-2.10313
23
2.05316
33
-13.01301
0
3DFACE
8
C2
10
-2.27206
20
1.96516
30
-12.92492
11
-2.29460
21
1.86891
31
-12.81435
12
-2.14959
22
1.87164
32
-12.78202
13
-2.12717
23
1.96888
33
-12.89170
0
3DFACE
8
C2
10
-2.29460
20
1.86891
30
-12.81435
11
-2.31585
21
1.76233
31
-12.71305
12
-2.17050
22
1.76231
32
-12.68319
13
-2.14959
23
1.87164
33
-12.78202
0
3DFACE
8
C2
10
-2.31585
20
1.76233
30
-12.71305
11
-2.33786
21
1.66179
31
-12.60633
12
-2.19233
22
1.66034
32
-12.57774
13
-2.17050
23
1.76231
33
-12.68319
0
3DFACE
8
C2
10
-2.33786
20
1.66179
30
-12.60633
11
-2.36100
21
1.57026
31
-12.49152
12
-2.21567
22
1.57046
32
-12.46146
13
-2.19233
23
1.66034
33
-12.57774
0
3DFACE
8
C2
10
-2.36100
20
1.57026
30
-12.49152
11
-2.38490
21
1.48488
31
-12.37119
12
-2.23996
22
1.48816
32
-12.33837
13
-2.21567
23
1.57046
33
-12.46146
0
3DFACE
8
C2
10
-2.38490
20
1.48488
30
-12.37119
11
-2.40746
21
1.38874
31
-12.26053
12
-2.26257
22
1.39245
32
-12.22731
13
-2.23996
23
1.48816
33
-12.33837
0
3DFACE
8
C2
10
-2.40746
20
1.38874
30
-12.26053
11
-2.42872
21
1.28227
31
-12.15913
12
-2.28357
22
1.28390
32
-12.12778
13
-2.26257
23
1.39245
33
-12.22731
0
3DFACE
8
C2
10
-2.42872
20
1.28227
30
-12.15913
11
-2.45036
21
1.17877
31
-12.05507
12
-2.30503
22
1.17896
32
-12.02500
13
-2.28357
23
1.28390
33
-12.12778
0
3DFACE
8
C2
10
-2.45036
20
1.17877
30
-12.05507
11
-2.47256
21
1.07976
31
-11.94696
12
-2.32730
22
1.08051
32
-11.91641
13
-2.30503
23
1.17896
33
-12.02500
0
3DFACE
8
C2
10
-2.47256
20
1.07976
30
-11.94696
11
-2.49457
21
0.97923
31
-11.84024
12
-2.34942
22
0.98085
32
-11.80890
13
-2.32730
23
1.08051
33
-11.91641
0
3DFACE
8
C2
10
-2.49457
20
0.97923
30
-11.84024
11
-2.51559
21
0.87078
31
-11.74062
12
-2.37035
22
0.87175
32
-11.70987
13
-2.34942
23
0.98085
33
-11.80890
0
3DFACE
8
C2
10
-2.51559
20
0.87078
30
-11.74062
11
-2.53557
21
0.75409
31
-11.64839
12
-2.38996
22
0.75198
32
-11.62040
13
-2.37035
23
0.87175
33
-11.70987
0
3DFACE
8
C2
10
-2.53557
20
0.75409
30
-11.64839
11
-2.55579
21
0.63927
31
-11.55449
12
-2.40994
22
0.63529
32
-11.52817
13
-2.38996
23
0.75198
33
-11.62040
0
3DFACE
8
C2
10
-2.55579
20
0.63927
30
-11.55449
11
-2.57595
21
0.52390
31
-11.46108
12
-2.43012
22
0.52014
32
-11.43456
13
-2.40994
23
0.63529
33
-11.52817
0
3DFACE
8
C2
10
-2.57595
20
0.52390
30
-11.46108
11
-2.59552
21
0.40392
31
-11.37181
12
-2.44980
22
0.40093
32
-11.34460
13
-2.43012
23
0.52014
33
-11.43456
0
3DFACE
8
C2
10
-2.59552
20
0.40392
30
-11.37181
11
-2.61563
21
0.28822
31
-11.27869
12
-2.46991
22
0.28523
32
-11.25149
13
-2.44980
23
0.40093
33
-11.34460
0
3DFACE
8
C2
10
-2.61563
20
0.28822
30
-11.27869
11
-2.63597
21
0.17428
31
-11.18400
12
-2.49010
22
0.17019
32
-11.15778
13
-2.46991
23
0.28523
33
-11.25149
0
3DFACE
8
C2
10
-2.63597
20
0.17428
30
-11.18400
11
-2.65687
21
0.06495
31
-11.08516
12
-2.51083
22
0.05944
32
-11.06023
13
-2.49010
23
0.17019
33
-11.15778
0
3DFACE
8
C2
10
-2.65687
20
0.06495
30
-11.08516
11
-2.67795
21
-0.04306
31
-10.98515
12
-2.53204
22
-0.04747
32
-10.95922
13
-2.51083
23
0.05944
33
-11.06023
0
3DFACE
8
C2
10
-2.67795
20
-0.04306
30
-10.98515
11
-2.69923
21
-0.14942
31
-10.88365
12
-2.55360
22
-0.15164
32
-10.85576
13
-2.53204
23
-0.04747
33
-10.95922
0
3DFACE
8
C2
10
-2.69923
20
-0.14942
30
-10.88365
11
-2.72165
21
-0.24666
31
-10.77397
12
-2.57615
22
-0.24778
32
-10.74509
13
-2.55360
23
-0.15164
33
-10.85576
0
3DFACE
8
C2
10
-2.72165
20
-0.24666
30
-10.77397
11
-2.74502
21
-0.33632
31
-10.65748
12
-2.59967
22
-0.33624
32
-10.62752
13
-2.57615
23
-0.24778
33
-10.74509
0
3DFACE
8
C2
10
-2.74502
20
-0.33632
30
-10.65748
11
-2.76790
21
-0.42983
31
-10.54445
12
-2.62270
22
-0.42864
32
-10.51350
13
-2.59967
23
-0.33624
33
-10.62752
0
3DFACE
8
C2
10
-2.76790
20
-0.42983
30
-10.54445
11
-2.79064
21
-0.52455
31
-10.43250
12
-2.64563
22
-0.52182
32
-10.40017
13
-2.62270
23
-0.42864
33
-10.51350
0
3DFACE
8
C2
10
-2.79064
20
-0.52455
30
-10.43250
11
-2.81260
21
-0.62541
31
-10.32608
12
-2.66788
22
-0.62038
32
-10.29168
13
-2.64563
23
-0.52182
33
-10.40017
0
3DFACE
8
C2
10
-2.81260
20
-0.62541
30
-10.32608
11
-2.83526
21
-0.72079
31
-10.21472
12
-2.69059
22
-0.71532
32
-10.17993
13
-2.66788
23
-0.62038
33
-10.29168
0
3DFACE
8
C2
10
-2.83526
20
-0.72079
30
-10.21472
11
-2.85861
21
-0.81056
31
-10.09834
12
-2.71393
22
-0.80520
32
-10.06364
13
-2.69059
23
-0.71532
33
-10.17993
0
3DFACE
8
C2
10
-2.85861
20
-0.81056
30
-10.09834
11
-2.88164
21
-0.90297
31
-9.98432
12
-2.73698
22
-0.89739
32
-9.94942
13
-2.71393
23
-0.80520
33
-10.06364
0
3DFACE
8
C2
10
-2.88164
20
-0.90297
30
-9.98432
11
-2.90432
21
-0.99813
31
-9.87276
12
-2.75961
22
-0.99298
32
-9.83826
13
-2.73698
23
-0.89739
33
-9.94942
0
3DFACE
8
C2
10
-2.90432
20
-0.99813
30
-9.87276
11
-2.92670
21
-1.09570
31
-9.76338
12
-2.78185
22
-1.09165
32
-9.72987
13
-2.75961
23
-0.99298
33
-9.83826
0
3DFACE
8
C2
10
-2.92670
20
-1.09570
30
-9.76338
11
-2.94932
21
-1.19129
31
-9.65222
12
-2.80447
22
-1.18725
32
-9.61871
13
-2.78185
23
-1.09165
33
-9.72987
0
3DFACE
8
C2
10
-2.94932
20
-1.19129
30
-9.65222
11
-2.97276
21
-1.28040
31
-9.53524
12
-2.82792
22
-1.27625
32
-9.50163
13
-2.80447
23
-1.18725
33
-9.61871
0
3DFACE
8
C2
10
-2.97276
20
-1.28040
30
-9.53524
11
-2.99543
21
-1.37567
31
-9.42379
12
-2.85065
22
-1.37108
32
-9.38978
13
-2.82792
23
-1.27625
33
-9.50163
0
3DFACE
8
C2
10
-2.99543
20
-1.37567
30
-9.42379
11
-3.01716
21
-1.47841
31
-9.31904
12
-2.87215
22
-1.47568
32
-9.28671
13
-2.85065
23
-1.37108
33
-9.38978
0
3DFACE
8
C2
10
-3.01716
20
-1.47841
30
-9.31904
11
-3.03786
21
-1.58938
31
-9.22168
12
-2.89248
22
-1.58962
32
-9.19201
13
-2.87215
23
-1.47568
33
-9.28671
0
3DFACE
8
C2
10
-3.03786
20
-1.58938
30
-9.22168
11
-3.05953
21
-1.69267
31
-9.11742
12
-2.91402
22
-1.69390
32
-9.08864
13
-2.89248
23
-1.58962
33
-9.19201
0
3DFACE
8
C2
10
-3.05953
20
-1.69267
30
-9.11742
11
-3.08195
21
-1.78991
31
-9.00774
12
-2.93659
22
-1.78993
32
-8.97788
13
-2.91402
23
-1.69390
33
-9.08864
0
3DFACE
8
C2
10
-3.08195
20
-1.78991
30
-9.00774
11
-3.10448
21
-1.88627
31
-8.89728
12
-2.95924
22
-1.88530
32
-8.86652
13
-2.93659
23
-1.78993
33
-8.97788
0
3DFACE
8
C2
10
-3.10448
20
-1.88627
30
-8.89728
11
-3.12674
21
-1.98472
31
-8.78868
12
-2.98140
22
-1.98463
32
-8.75872
13
-2.95924
23
-1.88530
33
-8.86652
0
3DFACE
8
C2
10
-3.12674
20
-1.98472
30
-8.78868
11
-3.14903
21
-2.08306
31
-8.67999
12
-3.00355
22
-2.08407
32
-8.65101
13
-2.98140
23
-1.98463
33
-8.75872
0
3DFACE
8
C2
10
-3.14903
20
-2.08306
30
-8.67999
11
-3.17165
21
-2.17866
31
-8.56883
12
-3.02624
22
-2.17912
32
-8.53935
13
-3.00355
23
-2.08407
33
-8.65101
0
3DFACE
8
C2
10
-3.17165
20
-2.17866
30
-8.56883
11
-3.19498
21
-2.26865
31
-8.45264
12
-3.04995
22
-2.26604
32
-8.42041
13
-3.02624
23
-2.17912
33
-8.53935
0
3DFACE
8
C2
10
-3.19498
20
-2.26865
30
-8.45264
11
-3.21751
21
-2.36501
31
-8.34217
12
-3.07272
22
-2.36053
32
-8.30826
13
-3.04995
23
-2.26604
33
-8.42041
0
3DFACE
8
C2
10
-3.21751
20
-2.36501
30
-8.34217
11
-3.23961
21
-2.46478
31
-8.23476
12
-3.09475
22
-2.46085
32
-8.20134
13
-3.07272
23
-2.36053
33
-8.30826
0
3DFACE
8
C2
10
-3.23961
20
-2.46478
30
-8.23476
11
-3.26136
21
-2.56741
31
-8.12991
12
-3.11632
22
-2.56490
32
-8.09777
13
-3.09475
23
-2.46085
33
-8.20134
0
3DFACE
8
C2
10
-3.26136
20
-2.56741
30
-8.12991
11
-3.28322
21
-2.66916
31
-8.02427
12
-3.13820
22
-2.66643
32
-7.99194
13
-3.11632
23
-2.56490
33
-8.09777
0
3DFACE
8
C2
10
-3.28322
20
-2.66916
30
-8.02427
11
-3.30546
21
-2.76783
31
-7.91587
12
-3.16058
22
-2.76400
32
-7.88255
13
-3.13820
23
-2.66643
33
-7.99194
0
3DFACE
8
C2
10
-3.30546
20
-2.76783
30
-7.91587
11
-3.32815
21
-2.86287
31
-7.80422
12
-3.18340
22
-2.85806
32
-7.77002
13
-3.16058
23
-2.76400
33
-7.88255
0
3DFACE
8
C2
10
-3.32815
20
-2.86287
30
-7.80422
11
-3.35116
21
-2.95539
31
-7.69030
12
-3.20622
22
-2.95212
32
-7.65748
13
-3.18340
23
-2.85806
33
-7.77002
0
3DFACE
8
C2
10
-3.35116
20
-2.95539
30
-7.69030
11
-3.37435
21
-3.04648
31
-7.57510
12
-3.22911
22
-3.04562
32
-7.54444
13
-3.20622
23
-2.95212
33
-7.65748
0
3DFACE
8
C2
10
-3.37435
20
-3.04648
30
-7.57510
11
-3.39835
21
-3.13109
31
-7.45408
12
-3.25291
22
-3.13177
32
-7.42480
13
-3.22911
23
-3.04562
33
-7.54444
0
3DFACE
8
C2
10
-3.39835
20
-3.13109
30
-7.45408
11
-3.42309
21
-3.20977
31
-7.32773
12
-3.27757
22
-3.21111
32
-7.29905
13
-3.25291
23
-3.13177
33
-7.42480
0
3DFACE
8
C2
10
-3.42309
20
-3.20977
30
-7.32773
11
-3.44803
21
-3.28690
31
-7.20001
12
-3.30230
22
-3.28989
32
-7.17281
13
-3.27757
23
-3.21111
33
-7.29905
0
3DFACE
8
C2
10
-3.44803
20
-3.28690
30
-7.20001
11
-3.47254
21
-3.36745
31
-7.07534
12
-3.32640
22
-3.37373
32
-7.05110
13
-3.30230
23
-3.28989
33
-7.17281
0
3DFACE
8
C2
10
-3.47254
20
-3.36745
30
-7.07534
11
-3.49666
21
-3.45107
31
-6.95344
12
-3.35011
22
-3.46065
32
-6.93215
13
-3.32640
23
-3.37373
33
-7.05110
0
3DFACE
8
C2
10
-3.49666
20
-3.45107
30
-6.95344
11
-3.52099
21
-3.53304
31
-6.83005
12
-3.37426
22
-3.54405
32
-6.81004
13
-3.35011
23
-3.46065
33
-6.93215
0
3DFACE
8
C2
10
-3.52099
20
-3.53304
30
-6.83005
11
-3.54540
21
-3.61435
31
-6.70607
12
-3.39869
22
-3.62525
32
-6.68597
13
-3.37426
23
-3.54405
33
-6.81004
0
3DFACE
8
C2
10
-3.54540
20
-3.61435
30
-6.70607
11
-3.56839
21
-3.70709
31
-6.59235
12
-3.42153
22
-3.71909
32
-6.57323
13
-3.39869
23
-3.62525
33
-6.68597
0
3DFACE
8
C2
10
-3.56839
20
-3.70709
30
-6.59235
11
-3.58964
21
-3.81367
31
-6.49105
12
-3.44219
22
-3.83039
32
-6.47617
13
-3.42153
23
-3.71909
33
-6.57323
0
3DFACE
8
C2
10
-3.58964
20
-3.81367
30
-6.49105
11
-3.60810
21
-3.94255
31
-6.40977
12
-3.46030
22
-3.96213
32
-6.39745
13
-3.44219
23
-3.83039
33
-6.47617
0
3DFACE
8
C2
10
-3.60810
20
-3.94255
30
-6.40977
11
-3.62673
21
-4.07012
31
-6.32730
12
-3.47871
22
-4.09145
32
-6.31656
13
-3.46030
23
-3.96213
33
-6.39745
0
3DFACE
8
C2
10
-3.62673
20
-4.07012
30
-6.32730
11
-3.64559
21
-4.19581
31
-6.24316
12
-3.49739
22
-4.21858
32
-6.23370
13
-3.47871
23
-4.09145
33
-6.31656
0
3DFACE
8
C2
10
-3.64559
20
-4.19581
30
-6.24316
11
-3.66418
21
-4.32371
31
-6.16099
12
-3.51577
22
-4.34812
32
-6.15301
13
-3.49739
23
-4.21858
33
-6.23370
0
3DFACE
8
C2
10
-1.96660
20
2.62057
30
-13.68549
11
-1.98901
21
2.52322
31
-13.57591
12
-1.84283
22
2.51661
32
-13.55196
13
-1.82042
23
2.61396
33
-13.66154
0
3DFACE
8
C2
10
-1.98901
20
2.52322
30
-13.57591
11
-2.01229
21
2.43290
31
-13.46002
12
-1.86609
22
2.42607
32
-13.43627
13
-1.84283
23
2.51661
33
-13.55196
0
3DFACE
8
C2
10
-2.01229
20
2.43290
30
-13.46002
11
-2.03491
21
2.33719
31
-13.34896
12
-1.88866
22
2.33003
32
-13.32550
13
-1.86609
23
2.42607
33
-13.43627
0
3DFACE
8
C2
10
-2.03491
20
2.33719
30
-13.34896
11
-2.05690
21
2.23655
31
-13.24233
12
-1.91050
22
2.22818
32
-13.21996
13
-1.88866
23
2.33003
33
-13.32550
0
3DFACE
8
C2
10
-2.05690
20
2.23655
30
-13.24233
11
-2.07951
21
2.14084
31
-13.13127
12
-1.93297
22
2.13137
32
-13.10989
13
-1.91050
23
2.22818
33
-13.21996
0
3DFACE
8
C2
10
-2.07951
20
2.14084
30
-13.13127
11
-2.10313
21
2.05316
31
-13.01301
12
-1.95654
22
2.04325
32
-12.99202
13
-1.93297
23
2.13137
33
-13.10989
0
3DFACE
8
C2
10
-2.10313
20
2.05316
30
-13.01301
11
-2.12717
21
1.96888
31
-12.89170
12
-1.98058
22
1.95897
32
-12.87071
13
-1.95654
23
2.04325
33
-12.99202
0
3DFACE
8
C2
10
-2.12717
20
1.96888
30
-12.89170
11
-2.14959
21
1.87164
31
-12.78202
12
-2.00289
22
1.86085
32
-12.76182
13
-1.98058
23
1.95897
33
-12.87071
0
3DFACE
8
C2
10
-2.14959
20
1.87164
30
-12.78202
11
-2.17050
21
1.76231
31
-12.68319
12
-2.02366
22
1.75042
32
-12.66397
13
-2.00289
23
1.86085
33
-12.76182
0
3DFACE
8
C2
10
-2.17050
20
1.76231
30
-12.68319
11
-2.19233
21
1.66034
31
-12.57774
12
-2.04539
22
1.64769
32
-12.55922
13
-2.02366
23
1.75042
33
-12.66397
0
3DFACE
8
C2
10
-2.19233
20
1.66034
30
-12.57774
11
-2.21567
21
1.57046
31
-12.46146
12
-2.06880
22
1.55835
32
-12.44244
13
-2.04539
23
1.64769
33
-12.55922
0
3DFACE
8
C2
10
-2.21567
20
1.57046
30
-12.46146
11
-2.23996
21
1.48816
31
-12.33837
12
-2.09324
22
1.47726
32
-12.31826
13
-2.06880
23
1.55835
33
-12.44244
0
3DFACE
8
C2
10
-2.23996
20
1.48816
30
-12.33837
11
-2.26257
21
1.39245
31
-12.22731
12
-2.11591
22
1.38200
32
-12.20681
13
-2.09324
23
1.47726
33
-12.31826
0
3DFACE
8
C2
10
-2.26257
20
1.39245
30
-12.22731
11
-2.28357
21
1.28390
31
-12.12778
12
-2.13684
22
1.27289
32
-12.10778
13
-2.11591
23
1.38200
33
-12.20681
0
3DFACE
8
C2
10
-2.28357
20
1.28390
30
-12.12778
11
-2.30503
21
1.17896
31
-12.02500
12
-2.15831
22
1.16807
32
-12.00490
13
-2.13684
23
1.27289
33
-12.10778
0
3DFACE
8
C2
10
-2.30503
20
1.17896
30
-12.02500
11
-2.32730
21
1.08051
31
-11.91641
12
-2.18076
22
1.07104
32
-11.89502
13
-2.15831
23
1.16807
33
-12.00490
0
3DFACE
8
C2
10
-2.32730
20
1.08051
30
-11.91641
11
-2.34942
21
0.98085
31
-11.80890
12
-2.20318
22
0.97380
32
-11.78534
13
-2.18076
23
1.07104
33
-11.89502
0
3DFACE
8
C2
10
-2.34942
20
0.98085
30
-11.80890
11
-2.37035
21
0.87175
31
-11.70987
12
-2.22419
22
0.86524
32
-11.68582
13
-2.20318
23
0.97380
33
-11.78534
0
3DFACE
8
C2
10
-2.37035
20
0.87175
30
-11.70987
11
-2.38996
21
0.75198
31
-11.62040
12
-2.24369
22
0.74471
32
-11.59704
13
-2.22419
23
0.86524
33
-11.68582
0
3DFACE
8
C2
10
-2.38996
20
0.75198
30
-11.62040
11
-2.40994
21
0.63529
31
-11.52817
12
-2.26374
22
0.62846
32
-11.50442
13
-2.24369
23
0.74471
33
-11.59704
0
3DFACE
8
C2
10
-2.40994
20
0.63529
30
-11.52817
11
-2.43012
21
0.52014
31
-11.43456
12
-2.28429
22
0.51628
32
-11.40815
13
-2.26374
23
0.62846
33
-11.50442
0
3DFACE
8
C2
10
-2.43012
20
0.52014
30
-11.43456
11
-2.44980
21
0.40093
31
-11.34460
12
-2.30471
22
0.40311
32
-11.31276
13
-2.28429
23
0.51628
33
-11.40815
0
3DFACE
8
C2
10
-2.44980
20
0.40093
30
-11.34460
11
-2.46991
21
0.28523
31
-11.25149
12
-2.32507
22
0.28938
32
-11.21787
13
-2.30471
23
0.40311
33
-11.31276
0
3DFACE
8
C2
10
-2.46991
20
0.28523
30
-11.25149
11
-2.49010
21
0.17019
31
-11.15778
12
-2.34520
22
0.17380
32
-11.12466
13
-2.32507
23
0.28938
33
-11.21787
0
3DFACE
8
C2
10
-2.49010
20
0.17019
30
-11.15778
11
-2.51083
21
0.05944
31
-11.06023
12
-2.36596
22
0.06326
32
-11.02691
13
-2.34520
23
0.17380
33
-11.12466
0
3DFACE
8
C2
10
-2.51083
20
0.05944
30
-11.06023
11
-2.53204
21
-0.04747
31
-10.95922
12
-2.38735
22
-0.04222
32
-10.92463
13
-2.36596
23
0.06326
33
-11.02691
0
3DFACE
8
C2
10
-2.53204
20
-0.04747
30
-10.95922
11
-2.55360
21
-0.15164
31
-10.85576
12
-2.40916
22
-0.14430
32
-10.81928
13
-2.38735
23
-0.04222
33
-10.92463
0
3DFACE
8
C2
10
-2.55360
20
-0.15164
30
-10.85576
11
-2.57615
21
-0.24778
31
-10.74509
12
-2.43169
22
-0.24066
32
-10.70881
13
-2.40916
23
-0.14430
33
-10.81928
0
3DFACE
8
C2
10
-2.57615
20
-0.24778
30
-10.74509
11
-2.59967
21
-0.33624
31
-10.62752
12
-2.45473
22
-0.33296
32
-10.59470
13
-2.43169
23
-0.24066
33
-10.70881
0
3DFACE
8
C2
10
-2.59967
20
-0.33624
30
-10.62752
11
-2.62270
21
-0.42864
31
-10.51350
12
-2.47767
22
-0.42603
32
-10.48127
13
-2.45473
23
-0.33296
33
-10.59470
0
3DFACE
8
C2
10
-2.62270
20
-0.42864
30
-10.51350
11
-2.64563
21
-0.52182
31
-10.40017
12
-2.50067
22
-0.51866
32
-10.36745
13
-2.47767
23
-0.42603
33
-10.48127
0
3DFACE
8
C2
10
-2.64563
20
-0.52182
30
-10.40017
11
-2.66788
21
-0.62038
31
-10.29168
12
-2.52324
22
-0.61469
32
-10.25668
13
-2.50067
23
-0.51866
33
-10.36745
0
3DFACE
8
C2
10
-2.66788
20
-0.62038
30
-10.29168
11
-2.69059
21
-0.71532
31
-10.17993
12
-2.54611
22
-0.70831
32
-10.14375
13
-2.52324
23
-0.61469
33
-10.25668
0
3DFACE
8
C2
10
-2.69059
20
-0.71532
30
-10.17993
11
-2.71393
21
-0.80520
31
-10.06364
12
-2.56940
22
-0.79863
32
-10.02786
13
-2.54611
23
-0.70831
33
-10.14375
0
3DFACE
8
C2
10
-2.71393
20
-0.80520
30
-10.06364
11
-2.73698
21
-0.89739
31
-9.94942
12
-2.59249
22
-0.89049
32
-9.91335
13
-2.56940
23
-0.79863
33
-10.02786
0
3DFACE
8
C2
10
-2.73698
20
-0.89739
30
-9.94942
11
-2.75961
21
-0.99298
31
-9.83826
12
-2.61512
22
-0.98608
32
-9.80219
13
-2.59249
23
-0.89049
33
-9.91335
0
3DFACE
8
C2
10
-2.75961
20
-0.99298
30
-9.83826
11
-2.78185
21
-1.09165
31
-9.72987
12
-2.63739
22
-1.08454
32
-9.69359
13
-2.61512
23
-0.98608
33
-9.80219
0
3DFACE
8
C2
10
-2.78185
20
-1.09165
30
-9.72987
11
-2.80447
21
-1.18725
31
-9.61871
12
-2.66009
22
-1.17947
32
-9.58184
13
-2.63739
23
-1.08454
33
-9.69359
0
3DFACE
8
C2
10
-2.80447
20
-1.18725
30
-9.61871
11
-2.82792
21
-1.27625
31
-9.50163
12
-2.68353
22
-1.26858
32
-9.46486
13
-2.66009
23
-1.17947
33
-9.58184
0
3DFACE
8
C2
10
-2.82792
20
-1.27625
30
-9.50163
11
-2.85065
21
-1.37108
31
-9.38978
12
-2.70632
22
-1.36286
32
-9.35252
13
-2.68353
23
-1.26858
33
-9.46486
0
3DFACE
8
C2
10
-2.85065
20
-1.37108
30
-9.38978
11
-2.87215
21
-1.47568
31
-9.28671
12
-2.72777
22
-1.46790
32
-9.24984
13
-2.70632
23
-1.36286
33
-9.35252
0
3DFACE
8
C2
10
-2.87215
20
-1.47568
30
-9.28671
11
-2.89248
21
-1.58962
31
-9.19201
12
-2.74790
22
-1.58338
32
-9.15653
13
-2.72777
23
-1.46790
33
-9.24984
0
3DFACE
8
C2
10
-2.89248
20
-1.58962
30
-9.19201
11
-2.91402
21
-1.69390
31
-9.08864
12
-2.76943
22
-1.68777
32
-9.05326
13
-2.74790
23
-1.58338
33
-9.15653
0
3DFACE
8
C2
10
-2.91402
20
-1.69390
30
-9.08864
11
-2.93659
21
-1.78993
31
-8.97788
12
-2.79215
22
-1.78259
32
-8.94141
13
-2.76943
23
-1.68777
33
-9.05326
0
3DFACE
8
C2
10
-2.93659
20
-1.78993
30
-8.97788
11
-2.95924
21
-1.88530
31
-8.86652
12
-2.81482
22
-1.87786
32
-8.82995
13
-2.79215
23
-1.78259
33
-8.94141
0
3DFACE
8
C2
10
-2.95924
20
-1.88530
30
-8.86652
11
-2.98140
21
-1.98463
31
-8.75872
12
-2.83680
22
-1.97861
32
-8.72343
13
-2.81482
23
-1.87786
33
-8.82995
0
3DFACE
8
C2
10
-2.98140
20
-1.98463
30
-8.75872
11
-3.00355
21
-2.08407
31
-8.65101
12
-2.85851
22
-2.08157
32
-8.61887
13
-2.83680
23
-1.97861
33
-8.72343
0
3DFACE
8
C2
10
-3.00355
20
-2.08407
30
-8.65101
11
-3.02624
21
-2.17912
31
-8.53935
12
-2.88117
22
-2.17683
32
-8.50742
13
-2.85851
23
-2.08157
33
-8.61887
0
3DFACE
8
C2
10
-3.02624
20
-2.17912
30
-8.53935
11
-3.04995
21
-2.26604
31
-8.42041
12
-2.90516
22
-2.26155
32
-8.38650
13
-2.88117
23
-2.17683
33
-8.50742
0
3DFACE
8
C2
10
-3.04995
20
-2.26604
30
-8.42041
11
-3.07272
21
-2.36053
31
-8.30826
12
-2.92812
22
-2.35451
32
-8.27297
13
-2.90516
23
-2.26155
33
-8.38650
0
3DFACE
8
C2
10
-3.07272
20
-2.36053
30
-8.30826
11
-3.09475
21
-2.46085
31
-8.20134
12
-2.95016
22
-2.45472
32
-8.16595
13
-2.92812
23
-2.35451
33
-8.27297
0
3DFACE
8
C2
10
-3.09475
20
-2.46085
30
-8.20134
11
-3.11632
21
-2.56490
31
-8.09777
12
-2.97166
22
-2.55932
32
-8.06288
13
-2.95016
23
-2.45472
33
-8.16595
0
3DFACE
8
C2
10
-3.11632
20
-2.56490
30
-8.09777
11
-3.13820
21
-2.66643
31
-7.99194
12
-2.99377
22
-2.65909
32
-7.95547
13
-2.97166
23
-2.55932
33
-8.06288
0
3DFACE
8
C2
10
-3.13820
20
-2.66643
30
-7.99194
11
-3.16058
21
-2.76400
31
-7.88255
12
-3.01674
22
-2.75194
32
-7.84184
13
-2.99377
23
-2.65909
33
-7.95547
0
3DFACE
8
C2
10
-3.16058
20
-2.76400
30
-7.88255
11
-3.18340
21
-2.85806
31
-7.77002
12
-3.03986
22
-2.84358
32
-7.72713
13
-3.01674
23
-2.75194
33
-7.84184
0
3DFACE
8
C2
10
-3.18340
20
-2.85806
30
-7.77002
11
-3.20622
21
-2.95212
31
-7.65748
12
-3.06261
22
-2.93819
32
-7.61509
13
-3.03986
23
-2.84358
33
-7.72713
0
3DFACE
8
C2
10
-3.20622
20
-2.95212
30
-7.65748
11
-3.22911
21
-3.04562
31
-7.54444
12
-3.08503
22
-3.03543
32
-7.50541
13
-3.06261
23
-2.93819
33
-7.61509
0
3DFACE
8
C2
10
-3.22911
20
-3.04562
30
-7.54444
11
-3.25291
21
-3.13177
31
-7.42480
12
-3.10860
22
-3.12344
32
-7.38744
13
-3.08503
23
-3.03543
33
-7.50541
0
3DFACE
8
C2
10
-3.25291
20
-3.13177
30
-7.42480
11
-3.27757
21
-3.21111
31
-7.29905
12
-3.13323
22
-3.20300
32
-7.26189
13
-3.10860
23
-3.12344
33
-7.38744
0
3DFACE
8
C2
10
-3.27757
20
-3.21111
30
-7.29905
11
-3.30230
21
-3.28989
31
-7.17281
12
-3.15782
22
-3.28288
32
-7.13663
13
-3.13323
23
-3.20300
33
-7.26189
0
3DFACE
8
C2
10
-3.30230
20
-3.28989
30
-7.17281
11
-3.32640
21
-3.37373
31
-7.05110
12
-3.18158
22
-3.36947
32
-7.01739
13
-3.15782
23
-3.28288
33
-7.13663
0
3DFACE
8
C2
10
-3.32640
20
-3.37373
30
-7.05110
11
-3.35011
21
-3.46065
31
-6.93215
12
-3.20493
22
-3.45924
32
-6.90100
13
-3.18158
23
-3.36947
33
-7.01739
0
3DFACE
8
C2
10
-3.35011
20
-3.46065
30
-6.93215
11
-3.37426
21
-3.54405
31
-6.81004
12
-3.22893
22
-3.54385
32
-6.77998
13
-3.20493
23
-3.45924
33
-6.90100
0
3DFACE
8
C2
10
-3.37426
20
-3.54405
30
-6.81004
11
-3.39869
21
-3.62525
31
-6.68597
12
-3.25360
22
-3.62308
32
-6.65413
13
-3.22893
23
-3.54385
33
-6.77998
0
3DFACE
8
C2
10
-3.39869
20
-3.62525
30
-6.68597
11
-3.42153
21
-3.71909
31
-6.57323
12
-3.27644
22
-3.71702
32
-6.54149
13
-3.25360
23
-3.62308
33
-6.65413
0
3DFACE
8
C2
10
-3.42153
20
-3.71909
30
-6.57323
11
-3.44219
21
-3.83039
31
-6.47617
12
-3.29673
22
-3.83129
32
-6.44710
13
-3.27644
23
-3.71702
33
-6.54149
0
3DFACE
8
C2
10
-3.44219
20
-3.83039
30
-6.47617
11
-3.46030
21
-3.96213
31
-6.39745
12
-3.31426
22
-3.96765
32
-6.37252
13
-3.29673
23
-3.83129
33
-6.44710
0
3DFACE
8
C2
10
-3.46030
20
-3.96213
30
-6.39745
11
-3.47871
21
-4.09145
31
-6.31656
12
-3.33220
22
-4.10070
32
-6.29498
13
-3.31426
23
-3.96765
33
-6.37252
0
3DFACE
8
C2
10
-3.47871
20
-4.09145
30
-6.31656
11
-3.49739
21
-4.21858
31
-6.23370
12
-3.35042
22
-4.23145
32
-6.21537
13
-3.33220
23
-4.10070
33
-6.29498
0
3DFACE
8
C2
10
-3.49739
20
-4.21858
30
-6.23370
11
-3.51577
21
-4.34812
31
-6.15301
12
-3.36834
22
-4.36473
32
-6.13803
13
-3.35042
23
-4.23145
33
-6.21537
0
3DFACE
8
C2
10
-1.82042
20
2.61396
30
-13.66154
11
-1.84283
21
2.51661
31
-13.55196
12
-1.69607
22
2.50538
32
-13.53215
13
-1.67380
23
2.60383
33
-13.64075
0
3DFACE
8
C2
10
-1.84283
20
2.51661
30
-13.55196
11
-1.86609
21
2.42607
31
-13.43627
12
-1.71927
22
2.41440
32
-13.41685
13
-1.69607
23
2.50538
33
-13.53215
0
3DFACE
8
C2
10
-1.86609
20
2.42607
30
-13.43627
11
-1.88866
21
2.33003
31
-13.32550
12
-1.74162
22
2.31661
32
-13.30767
13
-1.71927
23
2.41440
33
-13.41685
0
3DFACE
8
C2
10
-1.88866
20
2.33003
30
-13.32550
11
-1.91050
21
2.22818
31
-13.21996
12
-1.76326
22
2.21310
32
-13.20360
13
-1.74162
23
2.31661
33
-13.30767
0
3DFACE
8
C2
10
-1.91050
20
2.22818
30
-13.21996
11
-1.93297
21
2.13137
31
-13.10989
12
-1.78560
22
2.11520
32
-13.09452
13
-1.76326
23
2.21310
33
-13.20360
0
3DFACE
8
C2
10
-1.93297
20
2.13137
30
-13.10989
11
-1.95654
21
2.04325
31
-12.99202
12
-1.80909
22
2.02653
32
-12.97715
13
-1.78560
23
2.11520
33
-13.09452
0
3DFACE
8
C2
10
-1.95654
20
2.04325
30
-12.99202
11
-1.98058
21
1.95897
31
-12.87071
12
-1.83319
22
1.94269
32
-12.85544
13
-1.80909
23
2.02653
33
-12.97715
0
3DFACE
8
C2
10
-1.98058
20
1.95897
30
-12.87071
11
-2.00289
21
1.86085
31
-12.76182
12
-1.85541
22
1.84391
32
-12.74714
13
-1.83319
23
1.94269
33
-12.85544
0
3DFACE
8
C2
10
-2.00289
20
1.86085
30
-12.76182
11
-2.02366
21
1.75042
31
-12.66397
12
-1.87601
22
1.73205
32
-12.65057
13
-1.85541
23
1.84391
33
-12.74714
0
3DFACE
8
C2
10
-2.02366
20
1.75042
30
-12.66397
11
-2.04539
21
1.64769
31
-12.55922
12
-1.89771
22
1.62910
32
-12.54602
13
-1.87601
23
1.73205
33
-12.65057
0
3DFACE
8
C2
10
-2.04539
20
1.64769
30
-12.55922
11
-2.06880
21
1.55835
31
-12.44244
12
-1.92116
22
1.54010
32
-12.42894
13
-1.89771
23
1.62910
33
-12.54602
0
3DFACE
8
C2
10
-2.06880
20
1.55835
30
-12.44244
11
-2.09324
21
1.47726
31
-12.31826
12
-1.94579
22
1.46054
32
-12.30339
13
-1.92116
23
1.54010
33
-12.42894
0
3DFACE
8
C2
10
-2.09324
20
1.47726
30
-12.31826
11
-2.11591
21
1.38200
31
-12.20681
12
-1.96852
22
1.36571
32
-12.19154
13
-1.94579
23
1.46054
33
-12.30339
0
3DFACE
8
C2
10
-2.11591
20
1.38200
30
-12.20681
11
-2.13684
21
1.27289
31
-12.10778
12
-1.98938
22
1.25606
32
-12.09300
13
-1.96852
23
1.36571
33
-12.19154
0
3DFACE
8
C2
10
-2.13684
20
1.27289
30
-12.10778
11
-2.15831
21
1.16807
31
-12.00490
12
-2.01092
22
1.15178
32
-11.98963
13
-1.98938
23
1.25606
33
-12.09300
0
3DFACE
8
C2
10
-2.15831
20
1.16807
30
-12.00490
11
-2.18076
21
1.07104
31
-11.89502
12
-2.03355
22
1.05619
32
-11.87847
13
-2.01092
23
1.15178
33
-11.98963
0
3DFACE
8
C2
10
-2.18076
20
1.07104
30
-11.89502
11
-2.20318
21
0.97380
31
-11.78534
12
-2.05637
22
0.96213
32
-11.76593
13
-2.03355
23
1.05619
33
-11.87847
0
3DFACE
8
C2
10
-2.20318
20
0.97380
30
-11.78534
11
-2.22419
21
0.86524
31
-11.68582
12
-2.07751
22
0.85467
32
-11.66542
13
-2.05637
23
0.96213
33
-11.76593
0
3DFACE
8
C2
10
-2.22419
20
0.86524
30
-11.68582
11
-2.24369
21
0.74471
31
-11.59704
12
-2.09689
22
0.73315
32
-11.57753
13
-2.07751
23
0.85467
33
-11.66542
0
3DFACE
8
C2
10
-2.24369
20
0.74471
30
-11.59704
11
-2.26374
21
0.62846
31
-11.50442
12
-2.11706
22
0.61789
32
-11.48402
13
-2.09689
23
0.73315
33
-11.57753
0
3DFACE
8
C2
10
-2.26374
20
0.62846
30
-11.50442
11
-2.28429
21
0.51628
31
-11.40815
12
-2.13804
22
0.50911
32
-11.38469
13
-2.11706
23
0.61789
33
-11.48402
0
3DFACE
8
C2
10
-2.28429
20
0.51628
30
-11.40815
11
-2.30471
21
0.40311
31
-11.31276
12
-2.15933
22
0.40286
32
-11.28310
13
-2.13804
23
0.50911
33
-11.38469
0
3DFACE
8
C2
10
-2.30471
20
0.40311
30
-11.31276
11
-2.32507
21
0.28938
31
-11.21787
12
-2.18007
22
0.29222
32
-11.18545
13
-2.15933
23
0.40286
33
-11.28310
0
3DFACE
8
C2
10
-2.32507
20
0.28938
30
-11.21787
11
-2.34520
21
0.17380
31
-11.12466
12
-2.20024
22
0.17696
32
-11.09194
13
-2.18007
23
0.29222
33
-11.18545
0
3DFACE
8
C2
10
-2.34520
20
0.17380
30
-11.12466
11
-2.36596
21
0.06326
31
-11.02691
12
-2.22119
22
0.06796
32
-10.99281
13
-2.20024
23
0.17696
33
-11.09194
0
3DFACE
8
C2
10
-2.36596
20
0.06326
30
-11.02691
11
-2.38735
21
-0.04222
31
-10.92463
12
-2.24291
22
-0.03488
32
-10.88815
13
-2.22119
23
0.06796
33
-10.99281
0
3DFACE
8
C2
10
-2.38735
20
-0.04222
30
-10.92463
11
-2.40916
21
-0.14430
31
-10.81928
12
-2.26510
22
-0.13399
32
-10.78015
13
-2.24291
23
-0.03488
33
-10.88815
0
3DFACE
8
C2
10
-2.40916
20
-0.14430
30
-10.81928
11
-2.43169
21
-0.24066
31
-10.70881
12
-2.28757
22
-0.23080
32
-10.67008
13
-2.26510
23
-0.13399
33
-10.78015
0
3DFACE
8
C2
10
-2.43169
20
-0.24066
30
-10.70881
11
-2.45473
21
-0.33296
31
-10.59470
12
-2.31006
22
-0.32749
32
-10.55990
13
-2.28757
23
-0.23080
33
-10.67008
0
3DFACE
8
C2
10
-2.45473
20
-0.33296
30
-10.59470
11
-2.47767
21
-0.42603
31
-10.48127
12
-2.33281
22
-0.42210
32
-10.44786
13
-2.31006
23
-0.32749
33
-10.55990
0
3DFACE
8
C2
10
-2.47767
20
-0.42603
30
-10.48127
11
-2.50067
21
-0.51866
31
-10.36745
12
-2.35578
22
-0.51494
32
-10.33423
13
-2.33281
23
-0.42210
33
-10.44786
0
3DFACE
8
C2
10
-2.50067
20
-0.51866
30
-10.36745
11
-2.52324
21
-0.61469
31
-10.25668
12
-2.37847
22
-0.60999
32
-10.22258
13
-2.35578
23
-0.51494
33
-10.33423
0
3DFACE
8
C2
10
-2.52324
20
-0.61469
30
-10.25668
11
-2.54611
21
-0.70831
31
-10.14375
12
-2.40146
22
-0.70273
32
-10.10886
13
-2.37847
23
-0.60999
33
-10.22258
0
3DFACE
8
C2
10
-2.54611
20
-0.70831
30
-10.14375
11
-2.56940
21
-0.79863
31
-10.02786
12
-2.42469
22
-0.79349
32
-9.99336
13
-2.40146
23
-0.70273
33
-10.10886
0
3DFACE
8
C2
10
-2.56940
20
-0.79863
30
-10.02786
11
-2.59249
21
-0.89049
31
-9.91335
12
-2.44785
22
-0.88480
32
-9.87835
13
-2.42469
23
-0.79349
33
-9.99336
0
3DFACE
8
C2
10
-2.59249
20
-0.89049
30
-9.91335
11
-2.61512
21
-0.98608
31
-9.80219
12
-2.47056
22
-0.97973
32
-9.76660
13
-2.44785
23
-0.88480
33
-9.87835
0
3DFACE
8
C2
10
-2.61512
20
-0.98608
30
-9.80219
11
-2.63739
21
-1.08454
31
-9.69359
12
-2.49284
22
-1.07808
32
-9.65791
13
-2.47056
23
-0.97973
33
-9.76660
0
3DFACE
8
C2
10
-2.63739
20
-1.08454
30
-9.69359
11
-2.66009
21
-1.17947
31
-9.58184
12
-2.51570
22
-1.17180
32
-9.54507
13
-2.49284
23
-1.07808
33
-9.65791
0
3DFACE
8
C2
10
-2.66009
20
-1.17947
30
-9.58184
11
-2.68353
21
-1.26858
31
-9.46486
12
-2.53922
22
-1.26026
32
-9.42750
13
-2.51570
23
-1.17180
33
-9.54507
0
3DFACE
8
C2
10
-2.68353
20
-1.26858
30
-9.46486
11
-2.70632
21
-1.36286
31
-9.35252
12
-2.56211
22
-1.35376
32
-9.31447
13
-2.53922
23
-1.26026
33
-9.42750
0
3DFACE
8
C2
10
-2.70632
20
-1.36286
30
-9.35252
11
-2.72777
21
-1.46790
31
-9.24984
12
-2.58359
22
-1.45848
32
-9.21150
13
-2.56211
23
-1.35376
33
-9.31447
0
3DFACE
8
C2
10
-2.72777
20
-1.46790
30
-9.24984
11
-2.74790
21
-1.58338
31
-9.15653
12
-2.60352
22
-1.57560
32
-9.11966
13
-2.58359
23
-1.45848
33
-9.21150
0
3DFACE
8
C2
10
-2.74790
20
-1.58338
30
-9.15653
11
-2.76943
21
-1.68777
31
-9.05326
12
-2.62512
22
-1.67944
32
-9.01590
13
-2.60352
23
-1.57560
33
-9.11966
0
3DFACE
8
C2
10
-2.76943
20
-1.68777
30
-9.05326
11
-2.79215
21
-1.78259
31
-8.94141
12
-2.64802
22
-1.77284
32
-8.90277
13
-2.62512
23
-1.67944
33
-9.01590
0
3DFACE
8
C2
10
-2.79215
20
-1.78259
30
-8.94141
11
-2.81482
21
-1.87786
31
-8.82995
12
-2.67072
22
-1.86788
32
-8.79111
13
-2.64802
23
-1.77284
33
-8.90277
0
3DFACE
8
C2
10
-2.81482
20
-1.87786
30
-8.82995
11
-2.83680
21
-1.97861
31
-8.72343
12
-2.69250
22
-1.97018
32
-8.68597
13
-2.67072
23
-1.86788
33
-8.79111
0
3DFACE
8
C2
10
-2.83680
20
-1.97861
30
-8.72343
11
-2.85851
21
-2.08157
31
-8.61887
12
-2.71378
22
-2.07654
32
-8.58447
13
-2.69250
23
-1.97018
33
-8.68597
0
3DFACE
8
C2
10
-2.85851
20
-2.08157
30
-8.61887
11
-2.88117
21
-2.17683
31
-8.50742
12
-2.73641
22
-2.17213
32
-8.47331
13
-2.71378
23
-2.07654
33
-8.58447
0
3DFACE
8
C2
10
-2.88117
20
-2.17683
30
-8.50742
11
-2.90516
21
-2.26155
31
-8.38650
12
-2.76081
22
-2.25356
32
-8.34943
13
-2.73641
23
-2.17213
33
-8.47331
0
3DFACE
8
C2
10
-2.90516
20
-2.26155
30
-8.38650
11
-2.92812
21
-2.35451
31
-8.27297
12
-2.78405
22
-2.34421
32
-8.23384
13
-2.76081
23
-2.25356
33
-8.34943
0
3DFACE
8
C2
10
-2.92812
20
-2.35451
30
-8.27297
11
-2.95016
21
-2.45472
31
-8.16595
12
-2.80629
22
-2.44288
32
-8.12544
13
-2.78405
23
-2.34421
33
-8.23384
0
3DFACE
8
C2
10
-2.95016
20
-2.45472
30
-8.16595
11
-2.97166
21
-2.55932
31
-8.06288
12
-2.82781
22
-2.54737
32
-8.02227
13
-2.80629
23
-2.44288
33
-8.12544
0
3DFACE
8
C2
10
-2.97166
20
-2.55932
30
-8.06288
11
-2.99377
21
-2.65909
31
-7.95547
12
-2.85036
22
-2.64351
32
-7.91160
13
-2.82781
23
-2.54737
33
-8.02227
0
3DFACE
8
C2
10
-2.99377
20
-2.65909
30
-7.95547
11
-3.01674
21
-2.75194
31
-7.84184
12
-2.87416
22
-2.72977
32
-7.79206
13
-2.85036
23
-2.64351
33
-7.91160
0
3DFACE
8
C2
10
-3.01674
20
-2.75194
30
-7.84184
11
-3.03986
21
-2.84358
31
-7.72713
12
-2.89770
22
-2.81800
32
-7.67430
13
-2.87416
23
-2.72977
33
-7.79206
0
3DFACE
8
C2
10
-3.03986
20
-2.84358
30
-7.72713
11
-3.06261
21
-2.93819
31
-7.61509
12
-2.92047
22
-2.91250
32
-7.56215
13
-2.89770
23
-2.81800
33
-7.67430
0
3DFACE
8
C2
10
-3.06261
20
-2.93819
30
-7.61509
11
-3.08503
21
-3.03543
31
-7.50541
12
-2.94232
22
-3.01425
32
-7.45651
13
-2.92047
23
-2.91250
33
-7.56215
0
3DFACE
8
C2
10
-3.08503
20
-3.03543
30
-7.50541
11
-3.10860
21
-3.12344
31
-7.38744
12
-2.96569
22
-3.10391
32
-7.34003
13
-2.94232
23
-3.01425
33
-7.45651
0
3DFACE
8
C2
10
-3.10860
20
-3.12344
30
-7.38744
11
-3.13323
21
-3.20300
31
-7.26189
12
-2.99036
22
-3.18314
32
-7.21418
13
-2.96569
23
-3.10391
33
-7.34003
0
3DFACE
8
C2
10
-3.13323
20
-3.20300
30
-7.26189
11
-3.15782
21
-3.28288
31
-7.13663
12
-3.01472
22
-3.26489
32
-7.09059
13
-2.99036
23
-3.18314
33
-7.21418
0
3DFACE
8
C2
10
-3.15782
20
-3.28288
30
-7.13663
11
-3.18158
21
-3.36947
31
-7.01739
12
-3.03806
22
-3.35477
32
-6.97431
13
-3.01472
23
-3.26489
33
-7.09059
0
3DFACE
8
C2
10
-3.18158
20
-3.36947
30
-7.01739
11
-3.20493
21
-3.45924
31
-6.90100
12
-3.06083
22
-3.44927
32
-6.86216
13
-3.03806
23
-3.35477
33
-6.97431
0
3DFACE
8
C2
10
-3.20493
20
-3.45924
30
-6.90100
11
-3.22893
21
-3.54385
31
-6.77998
12
-3.08463
22
-3.53541
32
-6.74252
13
-3.06083
23
-3.44927
33
-6.86216
0
3DFACE
8
C2
10
-3.22893
20
-3.54385
30
-6.77998
11
-3.25360
21
-3.62308
31
-6.65413
12
-3.10964
22
-3.61200
32
-6.61431
13
-3.08463
23
-3.53541
33
-6.74252
0
3DFACE
8
C2
10
-3.25360
20
-3.62308
30
-6.65413
11
-3.27644
21
-3.71702
31
-6.54149
12
-3.13240
22
-3.70650
32
-6.50216
13
-3.10964
23
-3.61200
33
-6.61431
0
3DFACE
8
C2
10
-3.27644
20
-3.71702
30
-6.54149
11
-3.29673
21
-3.83129
31
-6.44710
12
-3.15233
22
-3.82363
32
-6.41033
13
-3.13240
23
-3.70650
33
-6.50216
0
3DFACE
8
C2
10
-3.29673
20
-3.83129
30
-6.44710
11
-3.31426
21
-3.96765
31
-6.37252
12
-3.16917
22
-3.96547
32
-6.34068
13
-3.15233
23
-3.82363
33
-6.41033
0
3DFACE
8
C2
10
-3.31426
20
-3.96765
30
-6.37252
11
-3.33220
21
-4.10070
31
-6.29498
12
-3.18647
22
-4.10369
32
-6.26778
13
-3.16917
23
-3.96547
33
-6.34068
0
3DFACE
8
C2
10
-3.33220
20
-4.10070
30
-6.29498
11
-3.35042
21
-4.23145
31
-6.21537
12
-3.20427
22
-4.23785
32
-6.19123
13
-3.18647
23
-4.10369
33
-6.26778
0
3DFACE
8
C2
10
-3.35042
20
-4.23145
30
-6.21537
11
-3.36834
21
-4.36473
31
-6.13803
12
-3.22157
22
-4.37607
32
-6.11832
13
-3.20427
23
-4.23785
33
-6.19123
0
3DFACE
8
C2
10
-1.67380
20
2.60383
30
-13.64075
11
-1.69607
21
2.50538
31
-13.53215
12
-1.54703
22
2.47592
32
-13.52871
13
-1.52480
23
2.57470
33
-13.63701
0
3DFACE
8
C2
10
-1.69607
20
2.50538
30
-13.53215
11
-1.71927
21
2.41440
31
-13.41685
12
-1.57007
22
2.38362
32
-13.41460
13
-1.54703
23
2.47592
33
-13.52871
0
3DFACE
8
C2
10
-1.71927
20
2.41440
30
-13.41685
11
-1.74162
21
2.31661
31
-13.30767
12
-1.59237
22
2.28539
32
-13.30580
13
-1.57007
23
2.38362
33
-13.41460
0
3DFACE
8
C2
10
-1.74162
20
2.31661
30
-13.30767
11
-1.76326
21
2.21310
31
-13.20360
12
-1.61403
22
2.18210
32
-13.20154
13
-1.59237
23
2.28539
33
-13.30580
0
3DFACE
8
C2
10
-1.76326
20
2.21310
30
-13.20360
11
-1.78560
21
2.11520
31
-13.09452
12
-1.63634
22
2.08398
32
-13.09265
13
-1.61403
23
2.18210
33
-13.20154
0
3DFACE
8
C2
10
-1.78560
20
2.11520
30
-13.09452
11
-1.80909
21
2.02653
31
-12.97715
12
-1.65960
22
1.99344
32
-12.97696
13
-1.63634
23
2.08398
33
-13.09265
0
3DFACE
8
C2
10
-1.80909
20
2.02653
30
-12.97715
11
-1.83319
21
1.94269
31
-12.85544
12
-1.68341
22
1.90729
32
-12.85732
13
-1.65960
23
1.99344
33
-12.97696
0
3DFACE
8
C2
10
-1.83319
20
1.94269
30
-12.85544
11
-1.85541
21
1.84391
31
-12.74714
12
-1.70561
22
1.80829
32
-12.74922
13
-1.68341
23
1.90729
33
-12.85732
0
3DFACE
8
C2
10
-1.85541
20
1.84391
30
-12.74714
11
-1.87601
21
1.73205
31
-12.65057
12
-1.72639
22
1.69798
32
-12.65127
13
-1.70561
23
1.80829
33
-12.74922
0
3DFACE
8
C2
10
-1.87601
20
1.73205
30
-12.65057
11
-1.89771
21
1.62910
31
-12.54602
12
-1.74819
22
1.59579
32
-12.54603
13
-1.72639
23
1.69798
33
-12.65127
0
3DFACE
8
C2
10
-1.89771
20
1.62910
30
-12.54602
11
-1.92116
21
1.54010
31
-12.42894
12
-1.77151
22
1.50569
32
-12.42994
13
-1.74819
23
1.59579
33
-12.54603
0
3DFACE
8
C2
10
-1.92116
20
1.54010
30
-12.42894
11
-1.94579
21
1.46054
31
-12.30339
12
-1.79590
22
1.42426
32
-12.30606
13
-1.77151
23
1.50569
33
-12.42994
0
3DFACE
8
C2
10
-1.94579
20
1.46054
30
-12.30339
11
-1.96852
21
1.36571
31
-12.19154
12
-1.81865
22
1.32966
32
-12.19401
13
-1.79590
23
1.42426
33
-12.30606
0
3DFACE
8
C2
10
-1.96852
20
1.36571
30
-12.19154
11
-1.98938
21
1.25606
31
-12.09300
12
-1.83978
22
1.22209
32
-12.09360
13
-1.81865
23
1.32966
33
-12.19401
0
3DFACE
8
C2
10
-1.98938
20
1.25606
30
-12.09300
11
-2.01092
21
1.15178
31
-11.98963
12
-1.86157
22
1.11979
32
-11.98846
13
-1.83978
23
1.22209
33
-12.09360
0
3DFACE
8
C2
10
-2.01092
20
1.15178
30
-11.98963
11
-2.03355
21
1.05619
31
-11.87847
12
-1.88432
22
1.02519
32
-11.87641
13
-1.86157
23
1.11979
33
-11.98846
0
3DFACE
8
C2
10
-2.03355
20
1.05619
30
-11.87847
11
-2.05637
21
0.96213
31
-11.76593
12
-1.90726
22
0.93212
32
-11.76298
13
-1.88432
23
1.02519
33
-11.87641
0
3DFACE
8
C2
10
-2.05637
20
0.96213
30
-11.76593
11
-2.07751
21
0.85467
31
-11.66542
12
-1.92869
22
0.82697
32
-11.66040
13
-1.90726
23
0.93212
33
-11.76298
0
3DFACE
8
C2
10
-2.07751
20
0.85467
30
-11.66542
11
-2.09689
21
0.73315
31
-11.57753
12
-1.94849
22
0.70874
32
-11.56955
13
-1.92869
23
0.82697
33
-11.66040
0
3DFACE
8
C2
10
-2.09689
20
0.73315
30
-11.57753
11
-2.11706
21
0.61789
31
-11.48402
12
-1.96898
22
0.59612
32
-11.47368
13
-1.94849
23
0.70874
33
-11.56955
0
3DFACE
8
C2
10
-2.11706
20
0.61789
30
-11.48402
11
-2.13804
21
0.50911
31
-11.38469
12
-1.99035
22
0.49042
32
-11.37159
13
-1.96898
23
0.59612
33
-11.47368
0
3DFACE
8
C2
10
-2.13804
20
0.50911
30
-11.38469
11
-2.15933
21
0.40286
31
-11.28310
12
-2.01211
22
0.38790
32
-11.26664
13
-1.99035
23
0.49042
33
-11.37159
0
3DFACE
8
C2
10
-2.15933
20
0.40286
30
-11.28310
11
-2.18007
21
0.29222
31
-11.18545
12
-2.03325
22
0.28044
32
-11.16613
13
-2.01211
23
0.38790
33
-11.26664
0
3DFACE
8
C2
10
-2.18007
20
0.29222
30
-11.18545
11
-2.20024
21
0.17696
31
-11.09194
12
-2.05376
22
0.16793
32
-11.07016
13
-2.03325
23
0.28044
33
-11.16613
0
3DFACE
8
C2
10
-2.20024
20
0.17696
30
-11.09194
11
-2.22119
21
0.06796
31
-10.99281
12
-2.07498
22
0.06113
32
-10.96905
13
-2.05376
23
0.16793
33
-11.07016
0
3DFACE
8
C2
10
-2.22119
20
0.06796
30
-10.99281
11
-2.24291
21
-0.03488
31
-10.88815
12
-2.09688
22
-0.04029
32
-10.86312
13
-2.07498
23
0.06113
33
-10.96905
0
3DFACE
8
C2
10
-2.24291
20
-0.03488
30
-10.88815
11
-2.26510
21
-0.13399
31
-10.78015
12
-2.11955
22
-0.13555
32
-10.75166
13
-2.09688
23
-0.04029
33
-10.86312
0
3DFACE
8
C2
10
-2.26510
20
-0.13399
30
-10.78015
11
-2.28757
21
-0.23080
31
-10.67008
12
-2.14195
22
-0.23291
32
-10.64208
13
-2.11955
23
-0.13555
33
-10.75166
0
3DFACE
8
C2
10
-2.28757
20
-0.23080
30
-10.67008
11
-2.31006
21
-0.32749
31
-10.55990
12
-2.16425
22
-0.33114
32
-10.53329
13
-2.14195
23
-0.23291
33
-10.64208
0
3DFACE
8
C2
10
-2.31006
20
-0.32749
30
-10.55990
11
-2.33281
21
-0.42210
31
-10.44786
12
-2.18701
22
-0.42563
32
-10.42114
13
-2.16425
23
-0.33114
33
-10.53329
0
3DFACE
8
C2
10
-2.33281
20
-0.42210
30
-10.44786
11
-2.35578
21
-0.51494
31
-10.33423
12
-2.21018
22
-0.51694
32
-10.30614
13
-2.18701
23
-0.42563
33
-10.42114
0
3DFACE
8
C2
10
-2.35578
20
-0.51494
30
-10.33423
11
-2.37847
21
-0.60999
31
-10.22258
12
-2.23310
22
-0.61012
32
-10.19281
13
-2.21018
23
-0.51694
33
-10.30614
0
3DFACE
8
C2
10
-2.37847
20
-0.60999
30
-10.22258
11
-2.40146
21
-0.70273
31
-10.10886
12
-2.25647
22
-0.69978
32
-10.07633
13
-2.23310
23
-0.61012
33
-10.19281
0
3DFACE
8
C2
10
-2.40146
20
-0.70273
30
-10.10886
11
-2.42469
21
-0.79349
31
-9.99336
12
-2.27972
22
-0.79043
32
-9.96073
13
-2.25647
23
-0.69978
33
-10.07633
0
3DFACE
8
C2
10
-2.42469
20
-0.79349
30
-9.99336
11
-2.44785
21
-0.88480
31
-9.87835
12
-2.30321
22
-0.87911
32
-9.84336
13
-2.27972
23
-0.79043
33
-9.96073
0
3DFACE
8
C2
10
-2.44785
20
-0.88480
30
-9.87835
11
-2.47056
21
-0.97973
31
-9.76660
12
-2.32627
22
-0.97119
32
-9.72905
13
-2.30321
23
-0.87911
33
-9.84336
0
3DFACE
8
C2
10
-2.47056
20
-0.97973
30
-9.76660
11
-2.49284
21
-1.07808
31
-9.65791
12
-2.34879
22
-1.06766
32
-9.61868
13
-2.32627
23
-0.97119
33
-9.72905
0
3DFACE
8
C2
10
-2.49284
20
-1.07808
30
-9.65791
11
-2.51570
21
-1.17180
31
-9.54507
12
-2.37188
22
-1.15952
32
-9.50416
13
-2.34879
23
-1.06766
33
-9.61868
0
3DFACE
8
C2
10
-2.51570
20
-1.17180
30
-9.54507
11
-2.53922
21
-1.26026
31
-9.42750
12
-2.39562
22
-1.24622
32
-9.38502
13
-2.37188
23
-1.15952
33
-9.50416
0
3DFACE
8
C2
10
-2.53922
20
-1.26026
30
-9.42750
11
-2.56211
21
-1.35376
31
-9.31447
12
-2.41863
22
-1.33873
32
-9.27110
13
-2.39562
23
-1.24622
33
-9.38502
0
3DFACE
8
C2
10
-2.56211
20
-1.35376
30
-9.31447
11
-2.58359
21
-1.45848
31
-9.21150
12
-2.44041
22
-1.44114
32
-9.16605
13
-2.41863
23
-1.33873
33
-9.27110
0
3DFACE
8
C2
10
-2.58359
20
-1.45848
30
-9.21150
11
-2.60352
21
-1.57560
31
-9.11966
12
-2.46081
22
-1.55453
32
-9.07087
13
-2.44041
23
-1.44114
33
-9.16605
0
3DFACE
8
C2
10
-2.60352
20
-1.57560
30
-9.11966
11
-2.62512
21
-1.67944
31
-9.01590
12
-2.48265
22
-1.65639
32
-8.96533
13
-2.46081
23
-1.55453
33
-9.07087
0
3DFACE
8
C2
10
-2.62512
20
-1.67944
30
-9.01590
11
-2.64802
21
-1.77284
31
-8.90277
12
-2.50570
22
-1.74858
32
-8.85111
13
-2.48265
23
-1.65639
33
-8.96533
0
3DFACE
8
C2
10
-2.64802
20
-1.77284
30
-8.90277
11
-2.67072
21
-1.86788
31
-8.79111
12
-2.52830
22
-1.84439
32
-8.74015
13
-2.50570
23
-1.74858
33
-8.85111
0
3DFACE
8
C2
10
-2.67072
20
-1.86788
30
-8.79111
11
-2.69250
21
-1.97018
31
-8.68597
12
-2.54998
22
-1.94757
32
-8.63579
13
-2.52830
23
-1.84439
33
-8.74015
0
3DFACE
8
C2
10
-2.69250
20
-1.97018
30
-8.68597
11
-2.71378
21
-2.07654
31
-8.58447
12
-2.57113
22
-2.05492
32
-8.53518
13
-2.54998
23
-1.94757
33
-8.63579
0
3DFACE
8
C2
10
-2.71378
20
-2.07654
30
-8.58447
11
-2.73641
21
-2.17213
31
-8.47331
12
-2.59357
22
-2.15205
32
-8.42540
13
-2.57113
23
-2.05492
33
-8.53518
0
3DFACE
8
C2
10
-2.73641
20
-2.17213
30
-8.47331
11
-2.76081
21
-2.25356
31
-8.34943
12
-2.61787
22
-2.23424
32
-8.30222
13
-2.59357
23
-2.15205
33
-8.42540
0
3DFACE
8
C2
10
-2.76081
20
-2.25356
30
-8.34943
11
-2.78405
21
-2.34421
31
-8.23384
12
-2.64132
22
-2.32324
32
-8.18514
13
-2.61787
23
-2.23424
33
-8.30222
0
3DFACE
8
C2
10
-2.78405
20
-2.34421
30
-8.23384
11
-2.80629
21
-2.44288
31
-8.12544
12
-2.66404
22
-2.41807
32
-8.07329
13
-2.64132
23
-2.32324
33
-8.18514
0
3DFACE
8
C2
10
-2.80629
20
-2.44288
30
-8.12544
11
-2.82781
21
-2.54737
31
-8.02227
12
-2.68621
22
-2.51729
32
-7.96539
13
-2.66404
23
-2.41807
33
-8.07329
0
3DFACE
8
C2
10
-2.82781
20
-2.54737
30
-8.02227
11
-2.85036
21
-2.64351
31
-7.91160
12
-2.70944
22
-2.60805
32
-7.84989
13
-2.68621
23
-2.51729
33
-7.96539
0
3DFACE
8
C2
10
-2.85036
20
-2.64351
30
-7.91160
11
-2.87416
21
-2.72977
31
-7.79206
12
-2.73395
22
-2.68860
32
-7.72522
13
-2.70944
23
-2.60805
33
-7.84989
0
3DFACE
8
C2
10
-2.87416
20
-2.72977
30
-7.79206
11
-2.89770
21
-2.81800
31
-7.67430
12
-2.75813
22
-2.77178
32
-7.60292
13
-2.73395
23
-2.68860
33
-7.72522
0
3DFACE
8
C2
10
-2.89770
20
-2.81800
30
-7.67430
11
-2.92047
21
-2.91250
31
-7.56215
12
-2.78125
22
-2.86342
32
-7.48821
13
-2.75813
23
-2.77178
33
-7.60292
0
3DFACE
8
C2
10
-2.92047
20
-2.91250
30
-7.56215
11
-2.94232
21
-3.01425
31
-7.45651
12
-2.80329
22
-2.96373
32
-7.38129
13
-2.78125
23
-2.86342
33
-7.48821
0
3DFACE
8
C2
10
-2.94232
20
-3.01425
30
-7.45651
11
-2.96569
21
-3.10391
31
-7.34003
12
-2.82659
22
-3.05395
32
-7.26530
13
-2.80329
23
-2.96373
33
-7.38129
0
3DFACE
8
C2
10
-2.96569
20
-3.10391
30
-7.34003
11
-2.99036
21
-3.18314
31
-7.21418
12
-2.85093
22
-3.13581
32
-7.14182
13
-2.82659
23
-3.05395
33
-7.26530
0
3DFACE
8
C2
10
-2.99036
20
-3.18314
30
-7.21418
11
-3.01472
21
-3.26489
31
-7.09059
12
-2.87487
22
-3.22086
32
-7.02119
13
-2.85093
23
-3.13581
33
-7.14182
0
3DFACE
8
C2
10
-3.01472
20
-3.26489
30
-7.09059
11
-3.03806
21
-3.35477
31
-6.97431
12
-2.89783
22
-3.31381
32
-6.90767
13
-2.87487
23
-3.22086
33
-7.02119
0
3DFACE
8
C2
10
-3.03806
20
-3.35477
30
-6.97431
11
-3.06083
21
-3.44927
31
-6.86216
12
-2.92024
22
-3.41117
32
-6.79808
13
-2.89783
23
-3.31381
33
-6.90767
0
3DFACE
8
C2
10
-3.06083
20
-3.44927
30
-6.86216
11
-3.08463
21
-3.53541
31
-6.74252
12
-2.94366
22
-3.50039
32
-6.68121
13
-2.92024
23
-3.41117
33
-6.79808
0
3DFACE
8
C2
10
-3.08463
20
-3.53541
30
-6.74252
11
-3.10964
21
-3.61200
31
-6.61431
12
-2.96824
22
-3.58038
32
-6.55604
13
-2.94366
23
-3.50039
33
-6.68121
0
3DFACE
8
C2
10
-3.10964
20
-3.61200
30
-6.61431
11
-3.13240
21
-3.70650
31
-6.50216
12
-2.99051
22
-3.67884
32
-6.44745
13
-2.96824
23
-3.58038
33
-6.55604
0
3DFACE
8
C2
10
-3.13240
20
-3.70650
30
-6.50216
11
-3.15233
21
-3.82363
31
-6.41033
12
-3.00978
22
-3.80124
32
-6.36035
13
-2.99051
23
-3.67884
33
-6.44745
0
3DFACE
8
C2
10
-3.15233
20
-3.82363
30
-6.41033
11
-3.16917
21
-3.96547
31
-6.34068
12
-3.02578
22
-3.94978
32
-6.29671
13
-3.00978
23
-3.80124
33
-6.36035
0
3DFACE
8
C2
10
-3.16917
20
-3.96547
30
-6.34068
11
-3.18647
21
-4.10369
31
-6.26778
12
-3.04218
22
-4.09514
32
-6.23022
13
-3.02578
23
-3.94978
33
-6.29671
0
3DFACE
8
C2
10
-3.18647
20
-4.10369
30
-6.26778
11
-3.20427
21
-4.23785
31
-6.19123
12
-3.05908
22
-4.23655
32
-6.16018
13
-3.04218
23
-4.09514
33
-6.23022
0
3DFACE
8
C2
10
-3.20427
20
-4.23785
30
-6.19123
11
-3.22157
21
-4.37607
31
-6.11832
12
-3.07548
22
-4.38191
32
-6.09368
13
-3.05908
23
-4.23655
33
-6.16018
0
3DFACE
8
C2
10
-1.52480
20
2.57470
30
-13.63701
11
-1.54703
21
2.47592
31
-13.52871
12
-1.39974
22
2.46040
32
-13.51275
13
-1.37773
23
2.56094
33
-13.61947
0
3DFACE
8
C2
10
-1.54703
20
2.47592
30
-13.52871
11
-1.57007
21
2.38362
31
-13.41460
12
-1.42269
22
2.36745
32
-13.39922
13
-1.39974
23
2.46040
33
-13.51275
0
3DFACE
8
C2
10
-1.57007
20
2.38362
30
-13.41460
11
-1.59237
21
2.28539
31
-13.30580
12
-1.44473
22
2.26713
32
-13.29230
13
-1.42269
23
2.36745
33
-13.39922
0
3DFACE
8
C2
10
-1.59237
20
2.28539
30
-13.30580
11
-1.61403
21
2.18210
31
-13.20154
12
-1.46608
22
2.16132
32
-13.19031
13
-1.44473
23
2.26713
33
-13.29230
0
3DFACE
8
C2
10
-1.61403
20
2.18210
30
-13.20154
11
-1.63634
21
2.08398
31
-13.09265
12
-1.48815
22
2.06133
32
-13.08310
13
-1.46608
23
2.16132
33
-13.19031
0
3DFACE
8
C2
10
-1.63634
20
2.08398
30
-13.09265
11
-1.65960
21
1.99344
31
-12.97696
12
-1.51134
22
1.97024
32
-12.96790
13
-1.48815
23
2.06133
33
-13.08310
0
3DFACE
8
C2
10
-1.65960
20
1.99344
30
-12.97696
11
-1.68341
21
1.90729
31
-12.85732
12
-1.53522
22
1.88464
32
-12.84777
13
-1.51134
23
1.97024
33
-12.96790
0
3DFACE
8
C2
10
-1.68341
20
1.90729
30
-12.85732
11
-1.70561
21
1.80829
31
-12.74922
12
-1.55736
22
1.78520
32
-12.74006
13
-1.53522
23
1.88464
33
-12.84777
0
3DFACE
8
C2
10
-1.70561
20
1.80829
30
-12.74922
11
-1.72639
21
1.69798
31
-12.65127
12
-1.57794
22
1.67324
32
-12.64359
13
-1.55736
23
1.78520
33
-12.74006
0
3DFACE
8
C2
10
-1.72639
20
1.69798
30
-12.65127
11
-1.74819
21
1.59579
31
-12.54603
12
-1.59970
22
1.57072
32
-12.53864
13
-1.57794
23
1.67324
33
-12.64359
0
3DFACE
8
C2
10
-1.74819
20
1.59579
30
-12.54603
11
-1.77151
21
1.50569
31
-12.42994
12
-1.62313
22
1.48150
32
-12.42176
13
-1.59970
23
1.57072
33
-12.53864
0
3DFACE
8
C2
10
-1.77151
20
1.50569
30
-12.42994
11
-1.79590
21
1.42426
31
-12.30606
12
-1.64777
22
1.40205
32
-12.29611
13
-1.62313
23
1.48150
33
-12.42176
0
3DFACE
8
C2
10
-1.79590
20
1.42426
30
-12.30606
11
-1.81865
21
1.32966
31
-12.19401
12
-1.67065
22
1.30843
32
-12.18318
13
-1.64777
23
1.40205
33
-12.29611
0
3DFACE
8
C2
10
-1.81865
20
1.32966
30
-12.19401
11
-1.83978
21
1.22209
31
-12.09360
12
-1.69173
22
1.20054
32
-12.08306
13
-1.67065
23
1.30843
33
-12.18318
0
3DFACE
8
C2
10
-1.83978
20
1.22209
30
-12.09360
11
-1.86157
21
1.11979
31
-11.98846
12
-1.71366
22
1.09934
32
-11.97693
13
-1.69173
23
1.20054
33
-12.08306
0
3DFACE
8
C2
10
-1.86157
20
1.11979
30
-11.98846
11
-1.88432
21
1.02519
31
-11.87641
12
-1.73671
22
1.00715
32
-11.86271
13
-1.71366
23
1.09934
33
-11.97693
0
3DFACE
8
C2
10
-1.88432
20
1.02519
30
-11.87641
11
-1.90726
21
0.93212
31
-11.76298
12
-1.76011
22
0.91771
32
-11.74603
13
-1.73671
23
1.00715
33
-11.86271
0
3DFACE
8
C2
10
-1.90726
20
0.93212
30
-11.76298
11
-1.92869
21
0.82697
31
-11.66040
12
-1.78174
22
0.81420
32
-11.64197
13
-1.76011
23
0.91771
33
-11.74603
0
3DFACE
8
C2
10
-1.92869
20
0.82697
30
-11.66040
11
-1.94849
21
0.70874
31
-11.56955
12
-1.80140
22
0.69488
32
-11.55211
13
-1.78174
23
0.81420
33
-11.64197
0
3DFACE
8
C2
10
-1.94849
20
0.70874
30
-11.56955
11
-1.96898
21
0.59612
31
-11.47368
12
-1.82205
22
0.58346
32
-11.45515
13
-1.80140
23
0.69488
33
-11.55211
0
3DFACE
8
C2
10
-1.96898
20
0.59612
30
-11.47368
11
-1.99035
21
0.49042
31
-11.37159
12
-1.84384
22
0.48117
32
-11.35001
13
-1.82205
23
0.58346
33
-11.45515
0
3DFACE
8
C2
10
-1.99035
20
0.49042
30
-11.37159
11
-2.01211
21
0.38790
31
-11.26664
12
-1.86631
22
0.38436
32
-11.23993
13
-1.84384
23
0.48117
33
-11.35001
0
3DFACE
8
C2
10
-2.01211
20
0.38790
30
-11.26664
11
-2.03325
21
0.28044
31
-11.16613
12
-1.88766
22
0.27855
32
-11.13794
13
-1.86631
23
0.38436
33
-11.23993
0
3DFACE
8
C2
10
-2.03325
20
0.28044
30
-11.16613
11
-2.05376
21
0.16793
31
-11.07016
12
-1.90807
22
0.16527
32
-11.04266
13
-1.88766
23
0.27855
33
-11.13794
0
3DFACE
8
C2
10
-2.05376
20
0.16793
30
-11.07016
11
-2.07498
21
0.06113
31
-10.96905
12
-1.92928
22
0.05836
32
-10.94165
13
-1.90807
23
0.16527
33
-11.04266
0
3DFACE
8
C2
10
-2.07498
20
0.06113
30
-10.96905
11
-2.09688
21
-0.04029
31
-10.86312
12
-1.95140
22
-0.04130
32
-10.83414
13
-1.92928
23
0.05836
33
-10.94165
0
3DFACE
8
C2
10
-2.09688
20
-0.04029
30
-10.86312
11
-2.11955
21
-0.13555
31
-10.75166
12
-1.97431
22
-0.13459
32
-10.72091
13
-1.95140
23
-0.04130
33
-10.83414
0
3DFACE
8
C2
10
-2.11955
20
-0.13555
30
-10.75166
11
-2.14195
21
-0.23291
31
-10.64208
12
-1.99658
22
-0.23304
32
-10.61232
13
-1.97431
23
-0.13459
33
-10.72091
0
3DFACE
8
C2
10
-2.14195
20
-0.23291
30
-10.64208
11
-2.16425
21
-0.33114
31
-10.53329
12
-2.01841
22
-0.33500
32
-10.50688
13
-1.99658
23
-0.23304
33
-10.61232
0
3DFACE
8
C2
10
-2.16425
20
-0.33114
30
-10.53329
11
-2.18701
21
-0.42563
31
-10.42114
12
-2.04104
22
-0.43060
32
-10.39572
13
-2.01841
23
-0.33500
33
-10.50688
0
3DFACE
8
C2
10
-2.18701
20
-0.42563
30
-10.42114
11
-2.21018
21
-0.51694
31
-10.30614
12
-2.06426
22
-0.52147
32
-10.28032
13
-2.04104
23
-0.43060
33
-10.39572
0
3DFACE
8
C2
10
-2.21018
20
-0.51694
30
-10.30614
11
-2.23310
21
-0.61012
31
-10.19281
12
-2.08746
22
-0.61245
32
-10.16502
13
-2.06426
23
-0.52147
33
-10.28032
0
3DFACE
8
C2
10
-2.23310
20
-0.61012
30
-10.19281
11
-2.25647
21
-0.69978
31
-10.07633
12
-2.11109
22
-0.70003
32
-10.04666
13
-2.08746
23
-0.61245
33
-10.16502
0
3DFACE
8
C2
10
-2.25647
20
-0.69978
30
-10.07633
11
-2.27972
21
-0.79043
31
-9.96073
12
-2.13439
22
-0.79024
32
-9.93067
13
-2.11109
23
-0.70003
33
-10.04666
0
3DFACE
8
C2
10
-2.27972
20
-0.79043
30
-9.96073
11
-2.30321
21
-0.87911
31
-9.84336
12
-2.15807
22
-0.87737
32
-9.81192
13
-2.13439
23
-0.79024
33
-9.93067
0
3DFACE
8
C2
10
-2.30321
20
-0.87911
30
-9.84336
11
-2.32627
21
-0.97119
31
-9.72905
12
-2.18133
22
-0.96791
32
-9.69622
13
-2.15807
23
-0.87737
33
-9.81192
0
3DFACE
8
C2
10
-2.32627
20
-0.97119
30
-9.72905
11
-2.34879
21
-1.06766
31
-9.61868
12
-2.20404
22
-1.06285
32
-9.58447
13
-2.18133
23
-0.96791
33
-9.69622
0
3DFACE
8
C2
10
-2.34879
20
-1.06766
30
-9.61868
11
-2.37188
21
-1.15952
31
-9.50416
12
-2.22732
22
-1.15317
32
-9.46858
13
-2.20404
23
-1.06285
33
-9.58447
0
3DFACE
8
C2
10
-2.37188
20
-1.15952
30
-9.50416
11
-2.39562
21
-1.24622
31
-9.38502
12
-2.25117
22
-1.23899
32
-9.34864
13
-2.22732
23
-1.15317
33
-9.46858
0
3DFACE
8
C2
10
-2.39562
20
-1.24622
30
-9.38502
11
-2.41863
21
-1.33873
31
-9.27110
12
-2.27429
22
-1.33063
32
-9.23394
13
-2.25117
23
-1.23899
33
-9.34864
0
3DFACE
8
C2
10
-2.41863
20
-1.33873
30
-9.27110
11
-2.44041
21
-1.44114
31
-9.16605
12
-2.29615
22
-1.43237
32
-9.12830
13
-2.27429
23
-1.33063
33
-9.23394
0
3DFACE
8
C2
10
-2.44041
20
-1.44114
30
-9.16605
11
-2.46081
21
-1.55453
31
-9.07087
12
-2.31641
22
-1.54686
32
-9.03410
13
-2.29615
23
-1.43237
33
-9.12830
0
3DFACE
8
C2
10
-2.46081
20
-1.55453
30
-9.07087
11
-2.48265
21
-1.65639
31
-8.96533
12
-2.33834
22
-1.64806
32
-8.92797
13
-2.31641
23
-1.54686
33
-9.03410
0
3DFACE
8
C2
10
-2.48265
20
-1.65639
30
-8.96533
11
-2.50570
21
-1.74858
31
-8.85111
12
-2.36155
22
-1.73893
32
-8.81257
13
-2.33834
23
-1.64806
33
-8.92797
0
3DFACE
8
C2
10
-2.50570
20
-1.74858
30
-8.85111
11
-2.52830
21
-1.84439
31
-8.74015
12
-2.38418
22
-1.83453
32
-8.70141
13
-2.36155
23
-1.73893
33
-8.81257
0
3DFACE
8
C2
10
-2.52830
20
-1.84439
30
-8.74015
11
-2.54998
21
-1.94757
31
-8.63579
12
-2.40568
22
-1.93913
32
-8.59833
13
-2.38418
23
-1.83453
33
-8.70141
0
3DFACE
8
C2
10
-2.54998
20
-1.94757
30
-8.63579
11
-2.57113
21
-2.05492
31
-8.53518
12
-2.42649
22
-2.04923
32
-8.50019
13
-2.40568
23
-1.93913
33
-8.59833
0
3DFACE
8
C2
10
-2.57113
20
-2.05492
30
-8.53518
11
-2.59357
21
-2.15205
31
-8.42540
12
-2.44897
22
-2.14603
32
-8.39012
13
-2.42649
23
-2.04923
33
-8.50019
0
3DFACE
8
C2
10
-2.59357
20
-2.15205
30
-8.42540
11
-2.61787
21
-2.23424
31
-8.30222
12
-2.47383
22
-2.22372
32
-8.26288
13
-2.44897
23
-2.14603
33
-8.39012
0
3DFACE
8
C2
10
-2.61787
20
-2.23424
30
-8.30222
11
-2.64132
21
-2.32324
31
-8.18514
12
-2.49775
22
-2.30899
32
-8.14246
13
-2.47383
23
-2.22372
33
-8.26288
0
3DFACE
8
C2
10
-2.64132
20
-2.32324
30
-8.18514
11
-2.66404
21
-2.41807
31
-8.07329
12
-2.52073
22
-2.40172
32
-8.02873
13
-2.49775
23
-2.30899
33
-8.14246
0
3DFACE
8
C2
10
-2.66404
20
-2.41807
30
-8.07329
11
-2.68621
21
-2.51729
31
-7.96539
12
-2.54304
22
-2.49984
32
-7.91984
13
-2.52073
23
-2.40172
33
-8.02873
0
3DFACE
8
C2
10
-2.68621
20
-2.51729
30
-7.96539
11
-2.70944
21
-2.60805
31
-7.84989
12
-2.56693
22
-2.58533
32
-7.79961
13
-2.54304
23
-2.49984
33
-7.91984
0
3DFACE
8
C2
10
-2.70944
20
-2.60805
30
-7.84989
11
-2.73395
21
-2.68860
31
-7.72522
12
-2.59235
22
-2.65863
32
-7.66844
13
-2.56693
23
-2.58533
33
-7.79961
0
3DFACE
8
C2
10
-2.73395
20
-2.68860
30
-7.72522
11
-2.75813
21
-2.77178
31
-7.60292
12
-2.61706
22
-2.73752
32
-7.54229
13
-2.59235
23
-2.65863
33
-7.66844
0
3DFACE
8
C2
10
-2.75813
20
-2.77178
30
-7.60292
11
-2.78125
21
-2.86342
31
-7.48821
12
-2.64006
22
-2.83015
32
-7.42847
13
-2.61706
23
-2.73752
33
-7.54229
0
3DFACE
8
C2
10
-2.78125
20
-2.86342
30
-7.48821
11
-2.80329
21
-2.96373
31
-7.38129
12
-2.66135
22
-2.93640
32
-7.32687
13
-2.64006
23
-2.83015
33
-7.42847
0
3DFACE
8
C2
10
-2.80329
20
-2.96373
30
-7.38129
11
-2.82659
21
-3.05395
31
-7.26530
12
-2.68436
22
-3.02892
32
-7.21295
13
-2.66135
23
-2.93640
33
-7.32687
0
3DFACE
8
C2
10
-2.82659
20
-3.05395
30
-7.26530
11
-2.85093
21
-3.13581
31
-7.14182
12
-2.70876
22
-3.11034
32
-7.08908
13
-2.68436
23
-3.02892
33
-7.21295
0
3DFACE
8
C2
10
-2.85093
20
-3.13581
30
-7.14182
11
-2.87487
21
-3.22086
31
-7.02119
12
-2.73240
22
-3.19781
32
-6.97062
13
-2.70876
23
-3.11034
33
-7.08908
0
3DFACE
8
C2
10
-2.87487
20
-3.22086
30
-7.02119
11
-2.89783
21
-3.31381
31
-6.90767
12
-2.75474
22
-3.29571
32
-6.86153
13
-2.73240
23
-3.19781
33
-6.97062
0
3DFACE
8
C2
10
-2.89783
20
-3.31381
30
-6.90767
11
-2.92024
21
-3.41117
31
-6.79808
12
-2.77635
22
-3.39943
32
-6.75767
13
-2.75474
23
-3.29571
33
-6.86153
0
3DFACE
8
C2
10
-2.92024
20
-3.41117
30
-6.79808
11
-2.94366
21
-3.50039
31
-6.68121
12
-2.79955
22
-3.49041
32
-6.64237
13
-2.77635
23
-3.39943
33
-6.75767
0
3DFACE
8
C2
10
-2.94366
20
-3.50039
30
-6.68121
11
-2.96824
21
-3.58038
31
-6.55604
12
-2.82460
22
-3.56667
32
-6.51385
13
-2.79955
23
-3.49041
33
-6.64237
0
3DFACE
8
C2
10
-2.96824
20
-3.58038
30
-6.55604
11
-2.99051
21
-3.67884
31
-6.44745
12
-2.84698
22
-3.66425
32
-6.40447
13
-2.82460
23
-3.56667
33
-6.51385
0
3DFACE
8
C2
10
-2.99051
20
-3.67884
30
-6.44745
11
-3.00978
21
-3.80124
31
-6.36035
12
-2.86585
22
-3.78983
32
-6.32023
13
-2.84698
23
-3.66425
33
-6.40447
0
3DFACE
8
C2
10
-3.00978
20
-3.80124
30
-6.36035
11
-3.02578
21
-3.94978
31
-6.29671
12
-2.88129
22
-3.94288
32
-6.26064
13
-2.86585
23
-3.78983
33
-6.32023
0
3DFACE
8
C2
10
-3.02578
20
-3.94978
30
-6.29671
11
-3.04218
21
-4.09514
31
-6.23022
12
-2.89732
22
-4.09121
32
-6.19681
13
-2.88129
23
-3.94288
33
-6.26064
0
3DFACE
8
C2
10
-3.04218
20
-4.09514
30
-6.23022
11
-3.05908
21
-4.23655
31
-6.16018
12
-2.91407
22
-4.23382
32
-6.12785
13
-2.89732
23
-4.09121
33
-6.19681
0
3DFACE
8
C2
10
-3.05908
20
-4.23655
30
-6.16018
11
-3.07548
21
-4.38191
31
-6.09368
12
-2.93010
22
-4.38215
32
-6.06402
13
-2.91407
23
-4.23382
33
-6.12785
0
3DFACE
8
C2
10
-1.37773
20
2.56094
30
-13.61947
11
-1.39974
21
2.46040
31
-13.51275
12
-1.25357
22
2.45390
32
-13.48870
13
-1.23192
23
2.55729
33
-13.59286
0
3DFACE
8
C2
10
-1.39974
20
2.46040
30
-13.51275
11
-1.42269
21
2.36745
31
-13.39922
12
-1.27632
22
2.35929
32
-13.37665
13
-1.25357
23
2.45390
33
-13.48870
0
3DFACE
8
C2
10
-1.42269
20
2.36745
30
-13.39922
11
-1.44473
21
2.26713
31
-13.29230
12
-1.29800
22
2.25612
32
-13.27230
13
-1.27632
23
2.35929
33
-13.37665
0
3DFACE
8
C2
10
-1.44473
20
2.26713
30
-13.29230
11
-1.46608
21
2.16132
31
-13.19031
12
-1.31882
22
2.14613
32
-13.17406
13
-1.29800
23
2.25612
33
-13.27230
0
3DFACE
8
C2
10
-1.46608
20
2.16132
30
-13.19031
11
-1.48815
21
2.06133
31
-13.08310
12
-1.34053
22
2.04318
32
-13.06950
13
-1.31882
23
2.14613
33
-13.17406
0
3DFACE
8
C2
10
-1.48815
20
2.06133
30
-13.08310
11
-1.51134
21
1.97024
31
-12.96790
12
-1.36369
22
1.95187
32
-12.95450
13
-1.34053
23
2.04318
33
-13.06950
0
3DFACE
8
C2
10
-1.51134
20
1.97024
30
-12.96790
11
-1.53522
21
1.88464
31
-12.84777
12
-1.38782
22
1.86825
32
-12.83259
13
-1.36369
23
1.95187
33
-12.95450
0
3DFACE
8
C2
10
-1.53522
20
1.88464
30
-12.84777
11
-1.55736
21
1.78520
31
-12.74006
12
-1.40993
22
1.76859
32
-12.72508
13
-1.38782
23
1.86825
33
-12.83259
0
3DFACE
8
C2
10
-1.55736
20
1.78520
30
-12.74006
11
-1.57794
21
1.67324
31
-12.64359
12
-1.43017
22
1.65388
32
-12.63108
13
-1.40993
23
1.76859
33
-12.72508
0
3DFACE
8
C2
10
-1.57794
20
1.67324
30
-12.64359
11
-1.59970
21
1.57072
31
-12.53864
12
-1.45185
22
1.55070
32
-12.52672
13
-1.43017
23
1.65388
33
-12.63108
0
3DFACE
8
C2
10
-1.59970
20
1.57072
30
-12.53864
11
-1.62313
21
1.48150
31
-12.42176
12
-1.47556
22
1.46379
32
-12.40777
13
-1.45185
23
1.55070
33
-12.52672
0
3DFACE
8
C2
10
-1.62313
20
1.48150
30
-12.42176
11
-1.64777
21
1.40205
31
-12.29611
12
-1.50074
22
1.38863
32
-12.27827
13
-1.47556
23
1.46379
33
-12.40777
0
3DFACE
8
C2
10
-1.64777
20
1.40205
30
-12.29611
11
-1.67065
21
1.30843
31
-12.18318
12
-1.52381
22
1.29655
32
-12.16396
13
-1.50074
23
1.38863
33
-12.27827
0
3DFACE
8
C2
10
-1.67065
20
1.30843
30
-12.18318
11
-1.69173
21
1.20054
31
-12.08306
12
-1.54471
22
1.18722
32
-12.06513
13
-1.52381
23
1.29655
33
-12.16396
0
3DFACE
8
C2
10
-1.69173
20
1.20054
30
-12.08306
11
-1.71366
21
1.09934
31
-11.97693
12
-1.56663
22
1.08591
32
-11.95909
13
-1.54471
23
1.18722
33
-12.06513
0
3DFACE
8
C2
10
-1.71366
20
1.09934
30
-11.97693
11
-1.73671
21
1.00715
31
-11.86271
12
-1.58998
22
0.99614
32
-11.84271
13
-1.56663
23
1.08591
33
-11.95909
0
3DFACE
8
C2
10
-1.73671
20
1.00715
30
-11.86271
11
-1.76011
21
0.91771
31
-11.74603
12
-1.61380
22
0.91010
32
-11.72297
13
-1.58998
23
0.99614
33
-11.84271
0
3DFACE
8
C2
10
-1.76011
20
0.91771
30
-11.74603
11
-1.78174
21
0.81420
31
-11.64197
12
-1.63544
22
0.80660
32
-11.61891
13
-1.61380
23
0.91010
33
-11.72297
0
3DFACE
8
C2
10
-1.78174
20
0.81420
30
-11.64197
11
-1.80140
21
0.69488
31
-11.55211
12
-1.65467
22
0.68387
32
-11.53211
13
-1.63544
23
0.80660
33
-11.61891
0
3DFACE
8
C2
10
-1.80140
20
0.69488
30
-11.55211
11
-1.82205
21
0.58346
31
-11.45515
12
-1.67508
22
0.57059
32
-11.43682
13
-1.65467
23
0.68387
33
-11.53211
0
3DFACE
8
C2
10
-1.82205
20
0.58346
30
-11.45515
11
-1.84384
21
0.48117
31
-11.35001
12
-1.69705
22
0.46972
32
-11.33039
13
-1.67508
23
0.57059
33
-11.43682
0
3DFACE
8
C2
10
-1.84384
20
0.48117
30
-11.35001
11
-1.86631
21
0.38436
31
-11.23993
12
-1.71984
22
0.37544
32
-11.21805
13
-1.69705
23
0.46972
33
-11.33039
0
3DFACE
8
C2
10
-1.86631
20
0.38436
30
-11.23993
11
-1.88766
21
0.27855
31
-11.13794
12
-1.74123
22
0.26996
32
-11.11577
13
-1.71984
23
0.37544
33
-11.21805
0
3DFACE
8
C2
10
-1.88766
20
0.27855
30
-11.13794
11
-1.90807
21
0.16527
31
-11.04266
12
-1.76147
22
0.15525
32
-11.02176
13
-1.74123
23
0.26996
33
-11.11577
0
3DFACE
8
C2
10
-1.90807
20
0.16527
30
-11.04266
11
-1.92928
21
0.05836
31
-10.94165
12
-1.78265
22
0.04812
32
-10.92096
13
-1.76147
23
0.15525
33
-11.02176
0
3DFACE
8
C2
10
-1.92928
20
0.05836
30
-10.94165
11
-1.95140
21
-0.04130
31
-10.83414
12
-1.80493
22
-0.05022
32
-10.81226
13
-1.78265
23
0.04812
33
-10.92096
0
3DFACE
8
C2
10
-1.95140
20
-0.04130
30
-10.83414
11
-1.97431
21
-0.13459
31
-10.72091
12
-1.82805
22
-0.14186
32
-10.69755
13
-1.80493
23
-0.05022
33
-10.81226
0
3DFACE
8
C2
10
-1.97431
20
-0.13459
30
-10.72091
11
-1.99658
21
-0.23304
31
-10.61232
12
-1.85033
22
-0.24020
32
-10.58886
13
-1.82805
23
-0.14186
33
-10.69755
0
3DFACE
8
C2
10
-1.99658
20
-0.23304
30
-10.61232
11
-2.01841
21
-0.33500
31
-10.50688
12
-1.87201
22
-0.34338
32
-10.48450
13
-1.85033
23
-0.24020
33
-10.58886
0
3DFACE
8
C2
10
-2.01841
20
-0.33500
30
-10.50688
11
-2.04104
21
-0.43060
31
-10.39572
12
-1.89462
22
-0.43908
32
-10.37344
13
-1.87201
23
-0.34338
33
-10.48450
0
3DFACE
8
C2
10
-2.04104
20
-0.43060
30
-10.39572
11
-2.06426
21
-0.52147
31
-10.28032
12
-1.91788
22
-0.52962
32
-10.25775
13
-1.89462
23
-0.43908
33
-10.37344
0
3DFACE
8
C2
10
-2.06426
20
-0.52147
30
-10.28032
11
-2.08746
21
-0.61245
31
-10.16502
12
-1.94118
22
-0.61983
32
-10.14176
13
-1.91788
23
-0.52962
33
-10.25775
0
3DFACE
8
C2
10
-2.08746
20
-0.61245
30
-10.16502
11
-2.11109
21
-0.70003
31
-10.04666
12
-1.96498
22
-0.70609
32
-10.02222
13
-1.94118
23
-0.61983
33
-10.14176
0
3DFACE
8
C2
10
-2.11109
20
-0.70003
30
-10.04666
11
-2.13439
21
-0.79024
31
-9.93067
12
-1.98840
22
-0.79531
32
-9.90534
13
-1.96498
23
-0.70609
33
-10.02222
0
3DFACE
8
C2
10
-2.13439
20
-0.79024
30
-9.93067
11
-2.15807
21
-0.87737
31
-9.81192
12
-2.01223
22
-0.88124
32
-9.78550
13
-1.98840
23
-0.79531
33
-9.90534
0
3DFACE
8
C2
10
-2.15807
20
-0.87737
30
-9.81192
11
-2.18133
21
-0.96791
31
-9.69622
12
-2.03564
22
-0.97057
32
-9.66872
13
-2.01223
23
-0.88124
33
-9.78550
0
3DFACE
8
C2
10
-2.18133
20
-0.96791
30
-9.69622
11
-2.20404
21
-1.06285
31
-9.58447
12
-2.05841
22
-1.06507
32
-9.55658
13
-2.03564
23
-0.97057
33
-9.66872
0
3DFACE
8
C2
10
-2.20404
20
-1.06285
30
-9.58447
11
-2.22732
21
-1.15317
31
-9.46858
12
-2.08182
22
-1.15440
32
-9.43980
13
-2.05841
23
-1.06507
33
-9.55658
0
3DFACE
8
C2
10
-2.22732
20
-1.15317
30
-9.46858
11
-2.25117
21
-1.23899
31
-9.34864
12
-2.10587
22
-1.23857
32
-9.31838
13
-2.08182
23
-1.15440
33
-9.43980
0
3DFACE
8
C2
10
-2.25117
20
-1.23899
30
-9.34864
11
-2.27429
21
-1.33063
31
-9.23394
12
-2.12917
22
-1.32878
32
-9.20239
13
-2.10587
23
-1.23857
33
-9.31838
0
3DFACE
8
C2
10
-2.27429
20
-1.33063
30
-9.23394
11
-2.29615
21
-1.43237
31
-9.12830
12
-2.15100
22
-1.43075
32
-9.09695
13
-2.12917
23
-1.32878
33
-9.20239
0
3DFACE
8
C2
10
-2.29615
20
-1.43237
30
-9.12830
11
-2.31641
21
-1.54686
31
-9.03410
12
-2.17100
22
-1.54733
32
-9.00463
13
-2.15100
23
-1.43075
33
-9.09695
0
3DFACE
8
C2
10
-2.31641
20
-1.54686
30
-9.03410
11
-2.33834
21
-1.64806
31
-8.92797
12
-2.19290
22
-1.64874
32
-8.89869
13
-2.17100
23
-1.54733
33
-9.00463
0
3DFACE
8
C2
10
-2.33834
20
-1.64806
30
-8.92797
11
-2.36155
21
-1.73893
31
-8.81257
12
-2.21638
22
-1.73753
32
-8.78142
13
-2.19290
23
-1.64874
33
-8.89869
0
3DFACE
8
C2
10
-2.36155
20
-1.73893
30
-8.81257
11
-2.38418
21
-1.83453
31
-8.70141
12
-2.23921
22
-1.83147
32
-8.66878
13
-2.21638
23
-1.73753
33
-8.78142
0
3DFACE
8
C2
10
-2.38418
20
-1.83453
30
-8.70141
11
-2.40568
21
-1.93913
31
-8.59833
12
-2.26064
22
-1.93663
32
-8.56620
13
-2.23921
23
-1.83147
33
-8.66878
0
3DFACE
8
C2
10
-2.40568
20
-1.93913
30
-8.59833
11
-2.42649
21
-2.04923
31
-8.50019
12
-2.28135
22
-2.04749
32
-8.46875
13
-2.26064
23
-1.93663
33
-8.56620
0
3DFACE
8
C2
10
-2.42649
20
-2.04923
30
-8.50019
11
-2.44897
21
-2.14603
31
-8.39012
12
-2.30421
22
-2.14122
32
-8.35591
13
-2.28135
23
-2.04749
33
-8.46875
0
3DFACE
8
C2
10
-2.44897
20
-2.14603
30
-8.39012
11
-2.47383
21
-2.22372
31
-8.26288
12
-2.33003
22
-2.21132
32
-8.22188
13
-2.30421
23
-2.14122
33
-8.35591
0
3DFACE
8
C2
10
-2.47383
20
-2.22372
30
-8.26288
11
-2.49775
21
-2.30899
31
-8.14246
12
-2.35470
22
-2.29055
32
-8.09603
13
-2.33003
23
-2.21132
33
-8.22188
0
3DFACE
8
C2
10
-2.49775
20
-2.30899
30
-8.14246
11
-2.52073
21
-2.40172
31
-8.02873
12
-2.37806
22
-2.38032
32
-7.97964
13
-2.35470
23
-2.29055
33
-8.09603
0
3DFACE
8
C2
10
-2.52073
20
-2.40172
30
-8.02873
11
-2.54304
21
-2.49984
31
-7.91984
12
-2.40054
22
-2.47702
32
-7.86947
13
-2.37806
23
-2.38032
33
-7.97964
0
3DFACE
8
C2
10
-2.54304
20
-2.49984
30
-7.91984
11
-2.56693
21
-2.58533
31
-7.79961
12
-2.42498
22
-2.55811
32
-7.74529
13
-2.40054
23
-2.47702
33
-7.86947
0
3DFACE
8
C2
10
-2.56693
20
-2.58533
30
-7.79961
11
-2.59235
21
-2.65863
31
-7.66844
12
-2.45126
22
-2.62448
32
-7.60791
13
-2.42498
23
-2.55811
33
-7.74529
0
3DFACE
8
C2
10
-2.59235
20
-2.65863
30
-7.66844
11
-2.61706
21
-2.73752
31
-7.54229
12
-2.47635
22
-2.70041
32
-7.47910
13
-2.45126
23
-2.62448
33
-7.60791
0
3DFACE
8
C2
10
-2.61706
20
-2.73752
30
-7.54229
11
-2.64006
21
-2.83015
31
-7.42847
12
-2.49892
22
-2.79645
32
-7.36833
13
-2.47635
23
-2.70041
33
-7.47910
0
3DFACE
8
C2
10
-2.64006
20
-2.83015
30
-7.42847
11
-2.66135
21
-2.93640
31
-7.32687
12
-2.51921
22
-2.91072
32
-7.27394
13
-2.49892
23
-2.79645
33
-7.36833
0
3DFACE
8
C2
10
-2.66135
20
-2.93640
30
-7.32687
11
-2.68436
21
-3.02892
31
-7.21295
12
-2.54166
22
-3.00774
32
-7.16406
13
-2.51921
23
-2.91072
33
-7.27394
0
3DFACE
8
C2
10
-2.68436
20
-3.02892
30
-7.21295
11
-2.70876
21
-3.11034
31
-7.08908
12
-2.56603
22
-3.08938
32
-7.04038
13
-2.54166
23
-3.00774
33
-7.16406
0
3DFACE
8
C2
10
-2.70876
20
-3.11034
30
-7.08908
11
-2.73240
21
-3.19781
31
-6.97062
12
-2.58944
22
-3.17871
32
-6.92360
13
-2.56603
23
-3.08938
33
-7.04038
0
3DFACE
8
C2
10
-2.73240
20
-3.19781
30
-6.97062
11
-2.75474
21
-3.29571
31
-6.86153
12
-2.61092
22
-3.28343
32
-6.82062
13
-2.58944
23
-3.17871
33
-6.92360
0
3DFACE
8
C2
10
-2.75474
20
-3.29571
30
-6.86153
11
-2.77635
21
-3.39943
31
-6.75767
12
-2.63164
22
-3.39429
32
-6.72317
13
-2.61092
23
-3.28343
33
-6.82062
0
3DFACE
8
C2
10
-2.77635
20
-3.39943
30
-6.75767
11
-2.79955
21
-3.49041
31
-6.64237
12
-2.65468
22
-3.48659
32
-6.60905
13
-2.63164
23
-3.39429
33
-6.72317
0
3DFACE
8
C2
10
-2.79955
20
-3.49041
30
-6.64237
11
-2.82460
21
-3.56667
31
-6.51385
12
-2.68035
22
-3.55780
32
-6.47600
13
-2.65468
23
-3.48659
33
-6.60905
0
3DFACE
8
C2
10
-2.82460
20
-3.56667
30
-6.51385
11
-2.84698
21
-3.66425
31
-6.40447
12
-2.70308
22
-3.65262
32
-6.36415
13
-2.68035
23
-3.55780
33
-6.47600
0
3DFACE
8
C2
10
-2.84698
20
-3.66425
30
-6.40447
11
-2.86585
21
-3.78983
31
-6.32023
12
-2.72147
22
-3.78205
32
-6.28336
13
-2.70308
23
-3.65262
33
-6.36415
0
3DFACE
8
C2
10
-2.86585
20
-3.78983
30
-6.32023
11
-2.88129
21
-3.94288
31
-6.26064
12
-2.73650
22
-3.93840
32
-6.22673
13
-2.72147
23
-3.78205
33
-6.28336
0
3DFACE
8
C2
10
-2.88129
20
-3.94288
30
-6.26064
11
-2.89732
21
-4.09121
31
-6.19681
12
-2.75243
22
-4.08750
32
-6.16359
13
-2.73650
23
-3.93840
33
-6.22673
0
3DFACE
8
C2
10
-2.89732
20
-4.09121
30
-6.19681
11
-2.91407
21
-4.23382
31
-6.12785
12
-2.76934
22
-4.22879
32
-6.09345
13
-2.75243
23
-4.08750
33
-6.16359
0
3DFACE
8
C2
10
-2.91407
20
-4.23382
30
-6.12785
11
-2.93010
21
-4.38215
31
-6.06402
12
-2.78528
22
-4.37789
32
-6.03031
13
-2.76934
23
-4.22879
33
-6.09345
0
3DFACE
8
C2
10
-1.23192
20
2.55729
30
-13.59286
11
-1.25357
21
2.45390
31
-13.48870
12
-1.10637
22
2.43916
32
-13.47205
13
-1.08492
23
2.54409
33
-13.57483
0
3DFACE
8
C2
10
-1.25357
20
2.45390
30
-13.48870
11
-1.27632
21
2.35929
31
-13.37665
12
-1.12899
22
2.34345
32
-13.36099
13
-1.10637
23
2.43916
33
-13.47205
0
3DFACE
8
C2
10
-1.27632
20
2.35929
30
-13.37665
11
-1.29800
21
2.25612
31
-13.27230
12
-1.15044
22
2.23852
32
-13.25821
13
-1.12899
23
2.34345
33
-13.36099
0
3DFACE
8
C2
10
-1.29800
20
2.25612
30
-13.27230
11
-1.31882
21
2.14613
31
-13.17406
12
-1.17098
22
2.12623
32
-13.16204
13
-1.15044
23
2.23852
33
-13.25821
0
3DFACE
8
C2
10
-1.31882
20
2.14613
30
-13.17406
11
-1.34053
21
2.04318
31
-13.06950
12
-1.19247
22
2.02151
32
-13.05906
13
-1.17098
23
2.12623
33
-13.16204
0
3DFACE
8
C2
10
-1.34053
20
2.04318
30
-13.06950
11
-1.36369
21
1.95187
31
-12.95450
12
-1.21557
22
1.92976
32
-12.94445
13
-1.19247
23
2.02151
33
-13.05906
0
3DFACE
8
C2
10
-1.36369
20
1.95187
30
-12.95450
11
-1.38782
21
1.86825
31
-12.83259
12
-1.23970
22
1.84614
32
-12.82254
13
-1.21557
23
1.92976
33
-12.94445
0
3DFACE
8
C2
10
-1.38782
20
1.86825
30
-12.83259
11
-1.40993
21
1.76859
31
-12.72508
12
-1.26179
22
1.74627
32
-12.71523
13
-1.23970
23
1.84614
33
-12.82254
0
3DFACE
8
C2
10
-1.40993
20
1.76859
30
-12.72508
11
-1.43017
21
1.65388
31
-12.63108
12
-1.28190
22
1.63057
32
-12.62212
13
-1.26179
23
1.74627
33
-12.71523
0
3DFACE
8
C2
10
-1.43017
20
1.65388
30
-12.63108
11
-1.45185
21
1.55070
31
-12.52672
12
-1.30354
22
1.52706
32
-12.51806
13
-1.28190
23
1.63057
33
-12.62212
0
3DFACE
8
C2
10
-1.45185
20
1.55070
30
-12.52672
11
-1.47556
21
1.46379
31
-12.40777
12
-1.32738
22
1.44124
32
-12.39812
13
-1.30354
23
1.52706
33
-12.51806
0
3DFACE
8
C2
10
-1.47556
20
1.46379
30
-12.40777
11
-1.50074
21
1.38863
31
-12.27827
12
-1.35275
22
1.36751
32
-12.26734
13
-1.32738
23
1.44124
33
-12.39812
0
3DFACE
8
C2
10
-1.50074
20
1.38863
30
-12.27827
11
-1.52381
21
1.29655
31
-12.16396
12
-1.37592
22
1.27631
32
-12.15224
13
-1.35275
23
1.36751
33
-12.26734
0
3DFACE
8
C2
10
-1.52381
20
1.29655
30
-12.16396
11
-1.54471
21
1.18722
31
-12.06513
12
-1.39687
22
1.16731
32
-12.05311
13
-1.37592
23
1.27631
33
-12.15224
0
3DFACE
8
C2
10
-1.54471
20
1.18722
30
-12.06513
11
-1.56663
21
1.08591
31
-11.95909
12
-1.41885
22
1.06656
32
-11.94658
13
-1.39687
23
1.16731
33
-12.05311
0
3DFACE
8
C2
10
-1.56663
20
1.08591
30
-11.95909
11
-1.58998
21
0.99614
31
-11.84271
12
-1.44244
22
0.97865
32
-11.82852
13
-1.41885
23
1.06656
33
-11.94658
0
3DFACE
8
C2
10
-1.58998
20
0.99614
30
-11.84271
11
-1.61380
21
0.91010
31
-11.72297
12
-1.46662
22
0.89547
32
-11.70622
13
-1.44244
23
0.97865
33
-11.82852
0
3DFACE
8
C2
10
-1.61380
20
0.91010
30
-11.72297
11
-1.63544
21
0.80660
31
-11.61891
12
-1.48838
22
0.79296
32
-11.60127
13
-1.46662
23
0.89547
33
-11.70622
0
3DFACE
8
C2
10
-1.63544
20
0.80660
30
-11.61891
11
-1.65467
21
0.68387
31
-11.53211
12
-1.50753
22
0.66957
32
-11.51506
13
-1.48838
23
0.79296
33
-11.60127
0
3DFACE
8
C2
10
-1.65467
20
0.68387
30
-11.53211
11
-1.67508
21
0.57059
31
-11.43682
12
-1.52794
22
0.55628
32
-11.41977
13
-1.50753
23
0.66957
33
-11.51506
0
3DFACE
8
C2
10
-1.67508
20
0.57059
30
-11.43682
11
-1.69705
21
0.46972
31
-11.33039
12
-1.55011
22
0.45706
32
-11.31187
13
-1.52794
23
0.55628
33
-11.41977
0
3DFACE
8
C2
10
-1.69705
20
0.46972
30
-11.33039
11
-1.71984
21
0.37544
31
-11.21805
12
-1.57330
22
0.36597
32
-11.19667
13
-1.55011
23
0.45706
33
-11.31187
0
3DFACE
8
C2
10
-1.71984
20
0.37544
30
-11.21805
11
-1.74123
21
0.26996
31
-11.11577
12
-1.59482
22
0.26148
32
-11.09349
13
-1.57330
23
0.36597
33
-11.19667
0
3DFACE
8
C2
10
-1.74123
20
0.26996
30
-11.11577
11
-1.76147
21
0.15525
31
-11.02176
12
-1.61504
22
0.14666
32
-10.99959
13
-1.59482
23
0.26148
33
-11.09349
0
3DFACE
8
C2
10
-1.76147
20
0.15525
30
-11.02176
11
-1.78265
21
0.04812
31
-10.92096
12
-1.63634
22
0.04052
32
-10.89790
13
-1.61504
23
0.14666
33
-10.99959
0
3DFACE
8
C2
10
-1.78265
20
0.04812
30
-10.92096
11
-1.80493
21
-0.05022
31
-10.81226
12
-1.65885
22
-0.05606
32
-10.78762
13
-1.63634
23
0.04052
33
-10.89790
0
3DFACE
8
C2
10
-1.80493
20
-0.05022
30
-10.81226
11
-1.82805
21
-0.14186
31
-10.69755
12
-1.68228
22
-0.14518
32
-10.67065
13
-1.65885
23
-0.05606
33
-10.78762
0
3DFACE
8
C2
10
-1.82805
20
-0.14186
30
-10.69755
11
-1.85033
21
-0.24020
31
-10.58886
12
-1.70459
22
-0.24330
32
-10.56176
13
-1.68228
23
-0.14518
33
-10.67065
0
3DFACE
8
C2
10
-1.85033
20
-0.24020
30
-10.58886
11
-1.87201
21
-0.34338
31
-10.48450
12
-1.72609
22
-0.34790
32
-10.45868
13
-1.70459
23
-0.24330
33
-10.56176
0
3DFACE
8
C2
10
-1.87201
20
-0.34338
30
-10.48450
11
-1.89462
21
-0.43908
31
-10.37344
12
-1.74869
22
-0.44372
32
-10.34772
13
-1.72609
23
-0.34790
33
-10.45868
0
3DFACE
8
C2
10
-1.89462
20
-0.43908
30
-10.37344
11
-1.91788
21
-0.52962
31
-10.25775
12
-1.77195
22
-0.53426
32
-10.23202
13
-1.74869
23
-0.44372
33
-10.34772
0
3DFACE
8
C2
10
-1.91788
20
-0.52962
30
-10.25775
11
-1.94118
21
-0.61983
31
-10.14176
12
-1.79544
22
-0.62293
32
-10.11465
13
-1.77195
23
-0.53426
33
-10.23202
0
3DFACE
8
C2
10
-1.94118
20
-0.61983
30
-10.14176
11
-1.96498
21
-0.70609
31
-10.02222
12
-1.81940
22
-0.70787
32
-9.99393
13
-1.79544
23
-0.62293
33
-10.11465
0
3DFACE
8
C2
10
-1.96498
20
-0.70609
30
-10.02222
11
-1.98840
21
-0.79531
31
-9.90534
12
-1.84279
22
-0.79731
32
-9.87725
13
-1.81940
23
-0.70787
33
-9.99393
0
3DFACE
8
C2
10
-1.98840
20
-0.79531
30
-9.90534
11
-2.01223
21
-0.88124
31
-9.78550
12
-1.86670
22
-0.88269
32
-9.75692
13
-1.84279
23
-0.79731
33
-9.87725
0
3DFACE
8
C2
10
-2.01223
20
-0.88124
30
-9.78550
11
-2.03564
21
-0.97057
31
-9.66872
12
-1.89027
22
-0.97070
32
-9.63896
13
-1.86670
23
-0.88269
33
-9.75692
0
3DFACE
8
C2
10
-2.03564
20
-0.97057
30
-9.66872
11
-2.05841
21
-1.06507
31
-9.55658
12
-1.91323
22
-1.06366
32
-9.52543
13
-1.89027
23
-0.97070
33
-9.63896
0
3DFACE
8
C2
10
-2.05841
20
-1.06507
30
-9.55658
11
-2.08182
21
-1.15440
31
-9.43980
12
-1.93682
22
-1.15157
32
-9.40737
13
-1.91323
23
-1.06366
33
-9.52543
0
3DFACE
8
C2
10
-2.08182
20
-1.15440
30
-9.43980
11
-2.10587
21
-1.23857
31
-9.31838
12
-1.96095
22
-1.23508
32
-9.28536
13
-1.93682
23
-1.15157
33
-9.40737
0
3DFACE
8
C2
10
-2.10587
20
-1.23857
30
-9.31838
11
-2.12917
21
-1.32878
31
-9.20239
12
-1.98439
22
-1.32419
32
-9.16839
13
-1.96095
23
-1.23508
33
-9.28536
0
3DFACE
8
C2
10
-2.12917
20
-1.32878
30
-9.20239
11
-2.15100
21
-1.43075
31
-9.09695
12
-2.00643
22
-1.42451
32
-9.06147
13
-1.98439
23
-1.32419
33
-9.16839
0
3DFACE
8
C2
10
-2.15100
20
-1.43075
30
-9.09695
11
-2.17100
21
-1.54733
31
-9.00463
12
-2.02674
22
-1.53856
32
-8.96687
13
-2.00643
23
-1.42451
33
-9.06147
0
3DFACE
8
C2
10
-2.17100
20
-1.54733
30
-9.00463
11
-2.19290
21
-1.64874
31
-8.89869
12
-2.04882
22
-1.63855
32
-8.85966
13
-2.02674
23
-1.53856
33
-8.96687
0
3DFACE
8
C2
10
-2.19290
20
-1.64874
30
-8.89869
11
-2.21638
21
-1.73753
31
-8.78142
12
-2.07249
22
-1.72579
32
-8.74101
13
-2.04882
23
-1.63855
33
-8.85966
0
3DFACE
8
C2
10
-2.21638
20
-1.73753
30
-8.78142
11
-2.23921
21
-1.83147
31
-8.66878
12
-2.09540
22
-1.81908
32
-8.62778
13
-2.07249
23
-1.72579
33
-8.74101
0
3DFACE
8
C2
10
-2.23921
20
-1.83147
30
-8.66878
11
-2.26064
21
-1.93663
31
-8.56620
12
-2.11677
22
-1.92478
32
-8.52569
13
-2.09540
23
-1.81908
33
-8.62778
0
3DFACE
8
C2
10
-2.26064
20
-1.93663
30
-8.56620
11
-2.28135
21
-2.04749
31
-8.46875
12
-2.13721
22
-2.03784
32
-8.43021
13
-2.11677
23
-1.92478
33
-8.52569
0
3DFACE
8
C2
10
-2.28135
20
-2.04749
30
-8.46875
11
-2.30421
21
-2.14122
31
-8.35591
12
-2.16025
22
-2.13014
32
-8.31609
13
-2.13721
23
-2.03784
33
-8.43021
0
3DFACE
8
C2
10
-2.30421
20
-2.14122
30
-8.35591
11
-2.33003
21
-2.21132
31
-8.22188
12
-2.18640
22
-2.19750
32
-8.17959
13
-2.16025
23
-2.13014
33
-8.31609
0
3DFACE
8
C2
10
-2.33003
20
-2.21132
30
-8.22188
11
-2.35470
21
-2.29055
31
-8.09603
12
-2.21154
22
-2.27300
32
-8.05039
13
-2.18640
23
-2.19750
33
-8.17959
0
3DFACE
8
C2
10
-2.35470
20
-2.29055
30
-8.09603
11
-2.37806
21
-2.38032
31
-7.97964
12
-2.23513
22
-2.36090
32
-7.93232
13
-2.21154
23
-2.27300
33
-8.05039
0
3DFACE
8
C2
10
-2.37806
20
-2.38032
30
-7.97964
11
-2.40054
21
-2.47702
31
-7.86947
12
-2.25769
22
-2.45704
32
-7.82166
13
-2.23513
23
-2.36090
33
-7.93232
0
3DFACE
8
C2
10
-2.40054
20
-2.47702
30
-7.86947
11
-2.42498
21
-2.55811
31
-7.74529
12
-2.28258
22
-2.53451
32
-7.69423
13
-2.25769
23
-2.45704
33
-7.82166
0
3DFACE
8
C2
10
-2.42498
20
-2.55811
30
-7.74529
11
-2.45126
21
-2.62448
31
-7.60791
12
-2.30965
22
-2.59462
32
-7.55122
13
-2.28258
23
-2.53451
33
-7.69423
0
3DFACE
8
C2
10
-2.45126
20
-2.62448
30
-7.60791
11
-2.47635
21
-2.70041
31
-7.47910
12
-2.33505
22
-2.66803
32
-7.42015
13
-2.30965
23
-2.59462
33
-7.55122
0
3DFACE
8
C2
10
-2.47635
20
-2.70041
30
-7.47910
11
-2.49892
21
-2.79645
31
-7.36833
12
-2.35727
22
-2.76681
32
-7.31185
13
-2.33505
23
-2.66803
33
-7.42015
0
3DFACE
8
C2
10
-2.49892
20
-2.79645
30
-7.36833
11
-2.51921
21
-2.91072
31
-7.27394
12
-2.37680
22
-2.88723
32
-7.22297
13
-2.35727
23
-2.76681
33
-7.31185
0
3DFACE
8
C2
10
-2.51921
20
-2.91072
30
-7.27394
11
-2.54166
21
-3.00774
31
-7.16406
12
-2.39887
22
-2.98722
32
-7.11575
13
-2.37680
23
-2.88723
33
-7.22297
0
3DFACE
8
C2
10
-2.54166
20
-3.00774
30
-7.16406
11
-2.56603
21
-3.08938
31
-7.04038
12
-2.42333
22
-3.06820
32
-6.99148
13
-2.39887
23
-2.98722
33
-7.11575
0
3DFACE
8
C2
10
-2.56603
20
-3.08938
30
-7.04038
11
-2.58944
21
-3.17871
31
-6.92360
12
-2.44651
22
-3.15929
32
-6.87628
13
-2.42333
23
-3.06820
33
-6.99148
0
3DFACE
8
C2
10
-2.58944
20
-3.17871
30
-6.92360
11
-2.61092
21
-3.28343
31
-6.82062
12
-2.46738
22
-3.26895
32
-6.77774
13
-2.44651
23
-3.15929
33
-6.87628
0
3DFACE
8
C2
10
-2.61092
20
-3.28343
30
-6.82062
11
-2.63164
21
-3.39429
31
-6.72317
12
-2.48718
22
-3.38717
32
-6.68689
13
-2.46738
23
-3.26895
33
-6.77774
0
3DFACE
8
C2
10
-2.63164
20
-3.39429
30
-6.72317
11
-2.65468
21
-3.48659
31
-6.60905
12
-2.50998
22
-3.48134
32
-6.57445
13
-2.48718
23
-3.38717
33
-6.68689
0
3DFACE
8
C2
10
-2.65468
20
-3.48659
30
-6.60905
11
-2.68035
21
-3.55780
31
-6.47600
12
-2.53610
22
-3.54903
32
-6.43825
13
-2.50998
23
-3.48134
33
-6.57445
0
3DFACE
8
C2
10
-2.68035
20
-3.55780
30
-6.47600
11
-2.70308
21
-3.65262
31
-6.36415
12
-2.55909
22
-3.64166
32
-6.32443
13
-2.53610
23
-3.54903
33
-6.43825
0
3DFACE
8
C2
10
-2.70308
20
-3.65262
30
-6.36415
11
-2.72147
21
-3.78205
31
-6.28336
12
-2.57732
22
-3.77241
32
-6.24482
13
-2.55909
23
-3.64166
33
-6.32443
0
3DFACE
8
C2
10
-2.72147
20
-3.78205
30
-6.28336
11
-2.73650
21
-3.93840
31
-6.22673
12
-2.59217
22
-3.93018
32
-6.18947
13
-2.57732
23
-3.77241
33
-6.24482
0
3DFACE
8
C2
10
-2.73650
20
-3.93840
30
-6.22673
11
-2.75243
21
-4.08750
31
-6.16359
12
-2.60818
22
-4.07873
32
-6.12583
13
-2.59217
23
-3.93018
33
-6.18947
0
3DFACE
8
C2
10
-2.75243
20
-4.08750
30
-6.16359
11
-2.76934
21
-4.22879
31
-6.09345
12
-2.62550
22
-4.21673
32
-6.05273
13
-2.60818
23
-4.07873
33
-6.12583
0
3DFACE
8
C2
10
-2.76934
20
-4.22879
30
-6.09345
11
-2.78528
21
-4.37789
31
-6.03031
12
-2.64150
22
-4.36528
32
-5.98910
13
-2.62550
23
-4.21673
33
-6.05273
0
3DFACE
8
C2
10
-1.08492
20
2.54409
30
-13.57483
11
-1.10637
21
2.43916
31
-13.47205
12
-0.95923
22
2.42485
32
-13.45500
13
-0.93798
23
2.53143
33
-13.55630
0
3DFACE
8
C2
10
-1.10637
20
2.43916
30
-13.47205
11
-1.12899
21
2.34345
31
-13.36099
12
-0.98167
22
2.32772
32
-13.34522
13
-0.95923
23
2.42485
33
-13.45500
0
3DFACE
8
C2
10
-1.12899
20
2.34345
30
-13.36099
11
-1.15044
21
2.23852
31
-13.25821
12
-1.00289
22
2.22092
32
-13.24412
13
-0.98167
23
2.32772
33
-13.34522
0
3DFACE
8
C2
10
-1.15044
20
2.23852
30
-13.25821
11
-1.17098
21
2.12623
31
-13.16204
12
-1.02323
22
2.10709
32
-13.14933
13
-1.00289
23
2.22092
33
-13.24412
0
3DFACE
8
C2
10
-1.17098
20
2.12623
30
-13.16204
11
-1.19247
21
2.02151
31
-13.05906
12
-1.04464
22
2.00172
32
-13.04694
13
-1.02323
23
2.10709
33
-13.14933
0
3DFACE
8
C2
10
-1.19247
20
2.02151
30
-13.05906
11
-1.21557
21
1.92976
31
-12.94445
12
-1.06765
22
1.90920
32
-12.93302
13
-1.04464
23
2.00172
33
-13.04694
0
3DFACE
8
C2
10
-1.21557
20
1.92976
30
-12.94445
11
-1.23970
21
1.84614
31
-12.82254
12
-1.09169
22
1.82492
32
-12.81171
13
-1.06765
23
1.90920
33
-12.93302
0
3DFACE
8
C2
10
-1.23970
20
1.84614
30
-12.82254
11
-1.26179
21
1.74627
31
-12.71523
12
-1.11375
22
1.72482
32
-12.70459
13
-1.09169
23
1.82492
33
-12.81171
0
3DFACE
8
C2
10
-1.26179
20
1.74627
30
-12.71523
11
-1.28190
21
1.63057
31
-12.62212
12
-1.13389
22
1.60934
32
-12.61128
13
-1.11375
23
1.72482
33
-12.70459
0
3DFACE
8
C2
10
-1.28190
20
1.63057
30
-12.62212
11
-1.30354
21
1.52706
31
-12.51806
12
-1.15560
22
1.50639
32
-12.50673
13
-1.13389
23
1.60934
33
-12.61128
0
3DFACE
8
C2
10
-1.30354
20
1.52706
30
-12.51806
11
-1.32738
21
1.44124
31
-12.39812
12
-1.17943
22
1.42046
32
-12.38689
13
-1.15560
23
1.50639
33
-12.50673
0
3DFACE
8
C2
10
-1.32738
20
1.44124
30
-12.39812
11
-1.35275
21
1.36751
31
-12.26734
12
-1.20482
22
1.34695
32
-12.25591
13
-1.17943
23
1.42046
33
-12.38689
0
3DFACE
8
C2
10
-1.35275
20
1.36751
30
-12.26734
11
-1.37592
21
1.27631
31
-12.15224
12
-1.22804
22
1.25608
32
-12.14051
13
-1.20482
23
1.34695
33
-12.25591
0
3DFACE
8
C2
10
-1.37592
20
1.27631
30
-12.15224
11
-1.39687
21
1.16731
31
-12.05311
12
-1.24908
22
1.14785
32
-12.04069
13
-1.22804
23
1.25608
33
-12.14051
0
3DFACE
8
C2
10
-1.39687
20
1.16731
30
-12.05311
11
-1.41885
21
1.06656
31
-11.94658
12
-1.27120
22
1.04819
32
-11.93318
13
-1.24908
23
1.14785
33
-12.04069
0
3DFACE
8
C2
10
-1.41885
20
1.06656
30
-11.94658
11
-1.44244
21
0.97865
31
-11.82852
12
-1.29488
22
0.96105
32
-11.81443
13
-1.27120
23
1.04819
33
-11.93318
0
3DFACE
8
C2
10
-1.44244
20
0.97865
30
-11.82852
11
-1.46662
21
0.89547
31
-11.70622
12
-1.31934
22
0.88007
32
-11.69016
13
-1.29488
23
0.96105
33
-11.81443
0
3DFACE
8
C2
10
-1.46662
20
0.89547
30
-11.70622
11
-1.48838
21
0.79296
31
-11.60127
12
-1.34119
22
0.77832
32
-11.58452
13
-1.31934
23
0.88007
33
-11.69016
0
3DFACE
8
C2
10
-1.48838
20
0.79296
30
-11.60127
11
-1.50753
21
0.66957
31
-11.51506
12
-1.36041
22
0.65548
32
-11.49781
13
-1.34119
23
0.77832
33
-11.58452
0
3DFACE
8
C2
10
-1.50753
20
0.66957
30
-11.51506
11
-1.52794
21
0.55628
31
-11.41977
12
-1.38094
22
0.54308
32
-11.40174
13
-1.36041
23
0.65548
33
-11.49781
0
3DFACE
8
C2
10
-1.52794
20
0.55628
30
-11.41977
11
-1.55011
21
0.45706
31
-11.31187
12
-1.40326
22
0.44507
32
-11.29275
13
-1.38094
23
0.54308
33
-11.40174
0
3DFACE
8
C2
10
-1.55011
20
0.45706
30
-11.31187
11
-1.57330
21
0.36597
31
-11.19667
12
-1.42678
22
0.35661
32
-11.17518
13
-1.40326
23
0.44507
33
-11.29275
0
3DFACE
8
C2
10
-1.57330
20
0.36597
30
-11.19667
11
-1.59482
21
0.26148
31
-11.09349
12
-1.44837
22
0.25278
32
-11.07142
13
-1.42678
23
0.35661
33
-11.17518
0
3DFACE
8
C2
10
-1.59482
20
0.26148
30
-11.09349
11
-1.61504
21
0.14666
31
-10.99959
12
-1.46849
22
0.13708
32
-10.97830
13
-1.44837
23
0.25278
33
-11.07142
0
3DFACE
8
C2
10
-1.61504
20
0.14666
30
-10.99959
11
-1.63634
21
0.04052
31
-10.89790
12
-1.48986
22
0.03149
32
-10.87612
13
-1.46849
23
0.13708
33
-10.97830
0
3DFACE
8
C2
10
-1.63634
20
0.04052
30
-10.89790
11
-1.65885
21
-0.05606
31
-10.78762
12
-1.51243
22
-0.06454
32
-10.76535
13
-1.48986
23
0.03149
33
-10.87612
0
3DFACE
8
C2
10
-1.65885
20
-0.05606
30
-10.78762
11
-1.68228
21
-0.14518
31
-10.67065
12
-1.53608
22
-0.15201
32
-10.64689
13
-1.51243
23
-0.06454
33
-10.76535
0
3DFACE
8
C2
10
-1.68228
20
-0.14518
30
-10.67065
11
-1.70459
21
-0.24330
31
-10.56176
12
-1.55836
22
-0.25035
32
-10.53820
13
-1.53608
23
-0.15201
33
-10.64689
0
3DFACE
8
C2
10
-1.70459
20
-0.24330
30
-10.56176
11
-1.72609
21
-0.34790
31
-10.45868
12
-1.57965
22
-0.35660
32
-10.43661
13
-1.55836
23
-0.25035
33
-10.53820
0
3DFACE
8
C2
10
-1.72609
20
-0.34790
30
-10.45868
11
-1.74869
21
-0.44372
31
-10.34772
12
-1.60226
22
-0.45231
32
-10.32554
13
-1.57965
23
-0.35660
33
-10.43661
0
3DFACE
8
C2
10
-1.74869
20
-0.44372
30
-10.34772
11
-1.77195
21
-0.53426
31
-10.23202
12
-1.62558
22
-0.54241
32
-10.20946
13
-1.60226
23
-0.45231
33
-10.32554
0
3DFACE
8
C2
10
-1.77195
20
-0.53426
30
-10.23202
11
-1.79544
21
-0.62293
31
-10.11465
12
-1.64932
22
-0.62910
32
-10.09031
13
-1.62558
23
-0.54241
33
-10.20946
0
3DFACE
8
C2
10
-1.79544
20
-0.62293
30
-10.11465
11
-1.81940
21
-0.70787
31
-9.99393
12
-1.67352
22
-0.71207
32
-9.96781
13
-1.64932
23
-0.62910
33
-10.09031
0
3DFACE
8
C2
10
-1.81940
20
-0.70787
30
-9.99393
11
-1.84279
21
-0.79731
31
-9.87725
12
-1.69693
22
-0.80140
32
-9.85103
13
-1.67352
23
-0.71207
33
-9.96781
0
3DFACE
8
C2
10
-1.84279
20
-0.79731
30
-9.87725
11
-1.86670
21
-0.88269
31
-9.75692
12
-1.72101
22
-0.88535
32
-9.72942
13
-1.69693
23
-0.80140
33
-9.85103
0
3DFACE
8
C2
10
-1.86670
20
-0.88269
30
-9.75692
11
-1.89027
21
-0.97070
31
-9.63896
12
-1.74479
22
-0.97171
32
-9.60998
13
-1.72101
23
-0.88535
33
-9.72942
0
3DFACE
8
C2
10
-1.89027
20
-0.97070
30
-9.63896
11
-1.91323
21
-1.06366
31
-9.52543
12
-1.76797
22
-1.06291
32
-9.49488
13
-1.74479
23
-0.97171
33
-9.60998
0
3DFACE
8
C2
10
-1.91323
20
-1.06366
30
-9.52543
11
-1.93682
21
-1.15157
31
-9.40737
12
-1.79180
22
-1.14884
32
-9.37504
13
-1.76797
23
-1.06291
33
-9.49488
0
3DFACE
8
C2
10
-1.93682
20
-1.15157
30
-9.40737
11
-1.96095
21
-1.23508
31
-9.28536
12
-1.81600
22
-1.23191
32
-9.25264
13
-1.79180
23
-1.14884
33
-9.37504
0
3DFACE
8
C2
10
-1.96095
20
-1.23508
30
-9.28536
11
-1.98439
21
-1.32419
31
-9.16839
12
-1.83956
22
-1.32004
32
-9.13478
13
-1.81600
23
-1.23191
33
-9.25264
0
3DFACE
8
C2
10
-1.98439
20
-1.32419
30
-9.16839
11
-2.00643
21
-1.42451
31
-9.06147
12
-1.86184
22
-1.41838
32
-9.02608
13
-1.83956
23
-1.32004
33
-9.13478
0
3DFACE
8
C2
10
-2.00643
20
-1.42451
30
-9.06147
11
-2.02674
21
-1.53856
31
-8.96687
12
-1.88262
22
-1.52869
32
-8.92813
13
-1.86184
23
-1.41838
33
-9.02608
0
3DFACE
8
C2
10
-2.02674
20
-1.53856
30
-8.96687
11
-2.04882
21
-1.63855
31
-8.85966
12
-1.90495
22
-1.62670
32
-8.81914
13
-1.88262
23
-1.52869
33
-8.92813
0
3DFACE
8
C2
10
-2.04882
20
-1.63855
30
-8.85966
11
-2.07249
21
-1.72579
31
-8.74101
12
-1.92877
22
-1.71274
32
-8.69941
13
-1.90495
23
-1.62670
33
-8.81914
0
3DFACE
8
C2
10
-2.07249
20
-1.72579
30
-8.74101
11
-2.09540
21
-1.81908
31
-8.62778
12
-1.95174
22
-1.80559
32
-8.58578
13
-1.92877
23
-1.71274
33
-8.69941
0
3DFACE
8
C2
10
-2.09540
20
-1.81908
30
-8.62778
11
-2.11677
21
-1.92478
31
-8.52569
12
-1.97317
22
-1.91074
32
-8.48320
13
-1.95174
23
-1.80559
33
-8.58578
0
3DFACE
8
C2
10
-2.11677
20
-1.92478
30
-8.52569
11
-2.13721
21
-2.03784
31
-8.43021
12
-1.99339
22
-2.02556
32
-8.38930
13
-1.97317
23
-1.91074
33
-8.48320
0
3DFACE
8
C2
10
-2.13721
20
-2.03784
30
-8.43021
11
-2.16025
21
-2.13014
31
-8.31609
12
-2.01659
22
-2.11654
32
-8.27400
13
-1.99339
23
-2.02556
33
-8.38930
0
3DFACE
8
C2
10
-2.16025
20
-2.13014
30
-8.31609
11
-2.18640
21
-2.19750
31
-8.17959
12
-2.04287
22
-2.18292
32
-8.13661
13
-2.01659
23
-2.11654
33
-8.27400
0
3DFACE
8
C2
10
-2.18640
20
-2.19750
30
-8.17959
11
-2.21154
21
-2.27300
31
-8.05039
12
-2.06832
22
-2.25599
32
-8.00524
13
-2.04287
23
-2.18292
33
-8.13661
0
3DFACE
8
C2
10
-2.21154
20
-2.27300
30
-8.05039
11
-2.23513
21
-2.36090
31
-7.93232
12
-2.09212
22
-2.34214
32
-7.88560
13
-2.06832
23
-2.25599
33
-8.00524
0
3DFACE
8
C2
10
-2.23513
20
-2.36090
30
-7.93232
11
-2.25769
21
-2.45704
31
-7.82166
12
-2.11461
22
-2.43883
32
-7.77542
13
-2.09212
23
-2.34214
33
-7.88560
0
3DFACE
8
C2
10
-2.25769
20
-2.45704
30
-7.82166
11
-2.28258
21
-2.53451
31
-7.69423
12
-2.13971
22
-2.51465
32
-7.64652
13
-2.11461
23
-2.43883
33
-7.77542
0
3DFACE
8
C2
10
-2.28258
20
-2.53451
30
-7.69423
11
-2.30965
21
-2.59462
31
-7.55122
12
-2.16734
22
-2.57026
32
-7.49947
13
-2.13971
23
-2.51465
33
-7.64652
0
3DFACE
8
C2
10
-2.30965
20
-2.59462
30
-7.55122
11
-2.33505
21
-2.66803
31
-7.42015
12
-2.19278
22
-2.64333
32
-7.36810
13
-2.16734
23
-2.57026
33
-7.49947
0
3DFACE
8
C2
10
-2.33505
20
-2.66803
30
-7.42015
11
-2.35727
21
-2.76681
31
-7.31185
12
-2.21480
22
-2.74376
32
-7.26127
13
-2.19278
23
-2.64333
33
-7.36810
0
3DFACE
8
C2
10
-2.35727
20
-2.76681
30
-7.31185
11
-2.37680
21
-2.88723
31
-7.22297
12
-2.23362
22
-2.86978
32
-7.17743
13
-2.21480
23
-2.74376
33
-7.26127
0
3DFACE
8
C2
10
-2.37680
20
-2.88723
30
-7.22297
11
-2.39887
21
-2.98722
31
-7.11575
12
-2.25547
22
-2.97164
32
-7.07189
13
-2.23362
23
-2.86978
33
-7.17743
0
3DFACE
8
C2
10
-2.39887
20
-2.98722
30
-7.11575
11
-2.42333
21
-3.06820
31
-6.99148
12
-2.28006
22
-3.05152
32
-6.94663
13
-2.25547
23
-2.97164
33
-7.07189
0
3DFACE
8
C2
10
-2.42333
20
-3.06820
30
-6.99148
11
-2.44651
21
-3.15929
31
-6.87628
12
-2.30308
22
-3.14393
32
-6.83261
13
-2.28006
23
-3.05152
33
-6.94663
0
3DFACE
8
C2
10
-2.44651
20
-3.15929
30
-6.87628
11
-2.46738
21
-3.26895
31
-6.77774
12
-2.32358
22
-3.25656
32
-6.73673
13
-2.30308
23
-3.14393
33
-6.83261
0
3DFACE
8
C2
10
-2.46738
20
-3.26895
30
-6.77774
11
-2.48718
21
-3.38717
31
-6.68689
12
-2.34265
22
-3.38060
32
-6.65111
13
-2.32358
23
-3.25656
33
-6.73673
0
3DFACE
8
C2
10
-2.48718
20
-3.38717
30
-6.68689
11
-2.50998
21
-3.48134
31
-6.57445
12
-2.36520
22
-3.47675
32
-6.54045
13
-2.34265
23
-3.38060
33
-6.65111
0
3DFACE
8
C2
10
-2.50998
20
-3.48134
30
-6.57445
11
-2.53610
21
-3.54903
31
-6.43825
12
-2.39165
22
-3.54180
32
-6.40188
13
-2.36520
23
-3.47675
33
-6.54045
0
3DFACE
8
C2
10
-2.53610
20
-3.54903
30
-6.43825
11
-2.55909
21
-3.64166
31
-6.32443
12
-2.41473
22
-3.63377
32
-6.28746
13
-2.39165
23
-3.54180
33
-6.40188
0
3DFACE
8
C2
10
-2.55909
20
-3.64166
30
-6.32443
11
-2.57732
21
-3.77241
31
-6.24482
12
-2.43304
22
-3.76386
32
-6.20726
13
-2.41473
23
-3.63377
33
-6.28746
0
3DFACE
8
C2
10
-2.57732
20
-3.77241
30
-6.24482
11
-2.59217
21
-3.93018
31
-6.18947
12
-2.44796
22
-3.92109
32
-6.15142
13
-2.43304
23
-3.76386
33
-6.20726
0
3DFACE
8
C2
10
-2.59217
20
-3.93018
30
-6.18947
11
-2.60818
21
-4.07873
31
-6.12583
12
-2.46418
22
-4.06788
32
-6.08621
13
-2.44796
23
-3.92109
33
-6.15142
0
3DFACE
8
C2
10
-2.60818
20
-4.07873
30
-6.12583
11
-2.62550
21
-4.21673
31
-6.05273
12
-2.48208
22
-4.20126
32
-6.00897
13
-2.46418
23
-4.06788
33
-6.08621
0
3DFACE
8
C2
10
-2.62550
20
-4.21673
30
-6.05273
11
-2.64150
21
-4.36528
31
-5.98910
12
-2.49829
22
-4.34816
32
-5.94385
13
-2.48208
23
-4.20126
33
-6.00897
0
3DFACE
8
C2
10
-0.93798
20
2.53143
30
-13.55630
11
-0.95923
21
2.42485
31
-13.45500
12
-0.81056
22
2.39836
32
-13.44890
13
-0.78927
23
2.50461
33
-13.55049
0
3DFACE
8
C2
10
-0.95923
20
2.42485
30
-13.45500
11
-0.98167
21
2.32772
31
-13.34522
12
-0.83287
22
2.30023
32
-13.34001
13
-0.81056
23
2.39836
33
-13.44890
0
3DFACE
8
C2
10
-0.98167
20
2.32772
30
-13.34522
11
-1.00289
21
2.22092
31
-13.24412
12
-0.85414
22
2.19376
32
-13.23861
13
-0.83287
23
2.30023
33
-13.34001
0
3DFACE
8
C2
10
-1.00289
20
2.22092
30
-13.24412
11
-1.02323
21
2.10709
31
-13.14933
12
-0.87469
22
2.08158
32
-13.14234
13
-0.85414
23
2.19376
33
-13.23861
0
3DFACE
8
C2
10
-1.02323
20
2.10709
30
-13.14933
11
-1.04464
21
2.00172
31
-13.04694
12
-0.89618
22
1.97687
32
-13.03936
13
-0.87469
23
2.08158
33
-13.14234
0
3DFACE
8
C2
10
-1.04464
20
2.00172
30
-13.04694
11
-1.06765
21
1.90920
31
-12.93302
12
-0.91899
22
1.88281
32
-12.92682
13
-0.89618
23
1.97687
33
-13.03936
0
3DFACE
8
C2
10
-1.06765
20
1.90920
30
-12.93302
11
-1.09169
21
1.82492
31
-12.81171
12
-0.94268
22
1.79568
32
-12.80807
13
-0.91899
23
1.88281
33
-12.92682
0
3DFACE
8
C2
10
-1.09169
20
1.82492
30
-12.81171
11
-1.11375
21
1.72482
31
-12.70459
12
-0.96478
22
1.69591
32
-12.70066
13
-0.94268
23
1.79568
33
-12.80807
0
3DFACE
8
C2
10
-1.11375
20
1.72482
30
-12.70459
11
-1.13389
21
1.60934
31
-12.61128
12
-0.98528
22
1.58328
32
-12.60478
13
-0.96478
23
1.69591
33
-12.70066
0
3DFACE
8
C2
10
-1.13389
20
1.60934
30
-12.61128
11
-1.15560
21
1.50639
31
-12.50673
12
-1.00716
22
1.48176
32
-12.49895
13
-0.98528
23
1.58328
33
-12.60478
0
3DFACE
8
C2
10
-1.15560
20
1.50639
30
-12.50673
11
-1.17943
21
1.42046
31
-12.38689
12
-1.03082
22
1.39440
32
-12.38039
13
-1.00716
23
1.48176
33
-12.49895
0
3DFACE
8
C2
10
-1.17943
20
1.42046
30
-12.38689
11
-1.20482
21
1.34695
31
-12.25591
12
-1.05579
22
1.31759
32
-12.25237
13
-1.03082
23
1.39440
33
-12.38039
0
3DFACE
8
C2
10
-1.20482
20
1.34695
30
-12.25591
11
-1.22804
21
1.25608
31
-12.14051
12
-1.07898
22
1.22650
32
-12.13717
13
-1.05579
23
1.31759
33
-12.25237
0
3DFACE
8
C2
10
-1.22804
20
1.25608
30
-12.14051
11
-1.24908
21
1.14785
31
-12.04069
12
-1.10037
22
1.12102
32
-12.03489
13
-1.07898
23
1.22650
33
-12.13717
0
3DFACE
8
C2
10
-1.24908
20
1.14785
30
-12.04069
11
-1.27120
21
1.04819
31
-11.93318
12
-1.12267
22
1.02279
32
-11.92609
13
-1.10037
23
1.12102
33
-12.03489
0
3DFACE
8
C2
10
-1.27120
20
1.04819
30
-11.93318
11
-1.29488
21
0.96105
31
-11.81443
12
-1.14626
22
0.93488
32
-11.80803
13
-1.12267
23
1.02279
33
-11.92609
0
3DFACE
8
C2
10
-1.29488
20
0.96105
30
-11.81443
11
-1.31934
21
0.88007
31
-11.69016
12
-1.17052
22
0.85236
32
-11.68514
13
-1.14626
23
0.93488
33
-11.80803
0
3DFACE
8
C2
10
-1.31934
20
0.88007
30
-11.69016
11
-1.34119
21
0.77832
31
-11.58452
12
-1.19254
22
0.75193
32
-11.57832
13
-1.17052
23
0.85236
33
-11.68514
0
3DFACE
8
C2
10
-1.34119
20
0.77832
30
-11.58452
11
-1.36041
21
0.65548
31
-11.49781
12
-1.21221
22
0.63272
32
-11.48836
13
-1.19254
23
0.75193
33
-11.57832
0
3DFACE
8
C2
10
-1.36041
20
0.65548
30
-11.49781
11
-1.38094
21
0.54308
31
-11.40174
12
-1.23300
22
0.52240
32
-11.39041
13
-1.21221
23
0.63272
33
-11.48836
0
3DFACE
8
C2
10
-1.38094
20
0.54308
30
-11.40174
11
-1.40326
21
0.44507
31
-11.29275
12
-1.25533
22
0.42450
32
-11.28132
13
-1.23300
23
0.52240
33
-11.39041
0
3DFACE
8
C2
10
-1.40326
20
0.44507
30
-11.29275
11
-1.42678
21
0.35661
31
-11.17518
12
-1.27917
22
0.33858
32
-11.16149
13
-1.25533
23
0.42450
33
-11.28132
0
3DFACE
8
C2
10
-1.42678
20
0.35661
30
-11.17518
11
-1.44837
21
0.25278
31
-11.07142
12
-1.30086
22
0.23551
32
-11.05703
13
-1.27917
23
0.33858
33
-11.16149
0
3DFACE
8
C2
10
-1.44837
20
0.25278
30
-11.07142
11
-1.46849
21
0.13708
31
-10.97830
12
-1.32127
22
0.12223
32
-10.96175
13
-1.30086
23
0.23551
33
-11.05703
0
3DFACE
8
C2
10
-1.46849
20
0.13708
30
-10.97830
11
-1.48986
21
0.03149
31
-10.87612
12
-1.34275
22
0.01741
32
-10.85887
13
-1.32127
23
0.12223
33
-10.96175
0
3DFACE
8
C2
10
-1.48986
20
0.03149
30
-10.87612
11
-1.51243
21
-0.06454
31
-10.76535
12
-1.36532
22
-0.07863
32
-10.74811
13
-1.34275
23
0.01741
33
-10.85887
0
3DFACE
8
C2
10
-1.51243
20
-0.06454
30
-10.76535
11
-1.53608
21
-0.15201
31
-10.64689
12
-1.38915
22
-0.16456
32
-10.62827
13
-1.36532
23
-0.07863
33
-10.74811
0
3DFACE
8
C2
10
-1.53608
20
-0.15201
30
-10.64689
11
-1.55836
21
-0.25035
31
-10.53820
12
-1.41149
22
-0.26246
32
-10.51918
13
-1.38915
23
-0.16456
33
-10.62827
0
3DFACE
8
C2
10
-1.55836
20
-0.25035
30
-10.53820
11
-1.57965
21
-0.35660
31
-10.43661
12
-1.43248
22
-0.37113
32
-10.41975
13
-1.41149
23
-0.26246
33
-10.51918
0
3DFACE
8
C2
10
-1.57965
20
-0.35660
30
-10.43661
11
-1.60226
21
-0.45231
31
-10.32554
12
-1.45529
22
-0.46529
32
-10.30731
13
-1.43248
23
-0.37113
33
-10.41975
0
3DFACE
8
C2
10
-1.60226
20
-0.45231
30
-10.32554
11
-1.62558
21
-0.54241
31
-10.20946
12
-1.47889
22
-0.55309
32
-10.18915
13
-1.45529
23
-0.46529
33
-10.30731
0
3DFACE
8
C2
10
-1.62558
20
-0.54241
30
-10.20946
11
-1.64932
21
-0.62910
31
-10.09031
12
-1.50289
22
-0.63770
32
-10.06813
13
-1.47889
23
-0.55309
33
-10.18915
0
3DFACE
8
C2
10
-1.64932
20
-0.62910
30
-10.09031
11
-1.67352
21
-0.71207
31
-9.96781
12
-1.52740
22
-0.71824
32
-9.94347
13
-1.50289
23
-0.63770
33
-10.06813
0
3DFACE
8
C2
10
-1.67352
20
-0.71207
30
-9.96781
11
-1.69693
21
-0.80140
31
-9.85103
12
-1.55087
22
-0.80702
32
-9.82619
13
-1.52740
23
-0.71824
33
-9.94347
0
3DFACE
8
C2
10
-1.69693
20
-0.80140
30
-9.85103
11
-1.72101
21
-0.88535
31
-9.72942
12
-1.57523
22
-0.88878
32
-9.70261
13
-1.55087
23
-0.80702
33
-9.82619
0
3DFACE
8
C2
10
-1.72101
20
-0.88535
30
-9.72942
11
-1.74479
21
-0.97171
31
-9.60998
12
-1.59940
22
-0.97207
32
-9.58041
13
-1.57523
23
-0.88878
33
-9.70261
0
3DFACE
8
C2
10
-1.74479
20
-0.97171
30
-9.60998
11
-1.76797
21
-1.06291
31
-9.49488
12
-1.62272
22
-1.06206
32
-9.46422
13
-1.59940
23
-0.97207
33
-9.58041
0
3DFACE
8
C2
10
-1.76797
20
-1.06291
30
-9.49488
11
-1.79180
21
-1.14884
31
-9.37504
12
-1.64680
22
-1.14601
32
-9.34261
13
-1.62272
23
-1.06206
33
-9.46422
0
3DFACE
8
C2
10
-1.79180
20
-1.14884
30
-9.37504
11
-1.81600
21
-1.23191
31
-9.25264
12
-1.67113
22
-1.22798
32
-9.21922
13
-1.64680
23
-1.14601
33
-9.34261
0
3DFACE
8
C2
10
-1.81600
20
-1.23191
30
-9.25264
11
-1.83956
21
-1.32004
31
-9.13478
12
-1.69485
22
-1.31490
32
-9.10028
13
-1.67113
23
-1.22798
33
-9.21922
0
3DFACE
8
C2
10
-1.83956
20
-1.32004
30
-9.13478
11
-1.86184
21
-1.41838
31
-9.02608
12
-1.71743
22
-1.41082
32
-8.98941
13
-1.69485
23
-1.31490
33
-9.10028
0
3DFACE
8
C2
10
-1.86184
20
-1.41838
30
-9.02608
11
-1.88262
21
-1.52869
31
-8.92813
12
-1.73877
22
-1.51674
32
-8.88752
13
-1.71743
23
-1.41082
33
-8.98941
0
3DFACE
8
C2
10
-1.88262
20
-1.52869
30
-8.92813
11
-1.90495
21
-1.62670
31
-8.81914
12
-1.76129
22
-1.61310
32
-8.77705
13
-1.73877
23
-1.51674
33
-8.88752
0
3DFACE
8
C2
10
-1.90495
20
-1.62670
30
-8.81914
11
-1.92877
21
-1.71274
31
-8.69941
12
-1.78534
22
-1.69738
32
-8.65574
13
-1.76129
23
-1.61310
33
-8.77705
0
3DFACE
8
C2
10
-1.92877
20
-1.71274
30
-8.69941
11
-1.95174
21
-1.80559
31
-8.58578
12
-1.80837
22
-1.78968
32
-8.54162
13
-1.78534
23
-1.69738
33
-8.65574
0
3DFACE
8
C2
10
-1.95174
20
-1.80559
30
-8.58578
11
-1.97317
21
-1.91074
31
-8.48320
12
-1.83026
22
-1.89121
32
-8.43578
13
-1.80837
23
-1.78968
33
-8.54162
0
3DFACE
8
C2
10
-1.97317
20
-1.91074
30
-8.48320
11
-1.99339
21
-2.02556
31
-8.38930
12
-1.85113
22
-2.00087
32
-8.33725
13
-1.83026
23
-1.89121
33
-8.43578
0
3DFACE
8
C2
10
-1.99339
20
-2.02556
30
-8.38930
11
-2.01659
21
-2.11654
31
-8.27400
12
-1.87469
22
-2.08899
32
-8.21938
13
-1.85113
23
-2.00087
33
-8.33725
0
3DFACE
8
C2
10
-2.01659
20
-2.11654
30
-8.27400
11
-2.04287
21
-2.18292
31
-8.13661
12
-1.90108
22
-2.15448
32
-8.08121
13
-1.87469
23
-2.08899
33
-8.21938
0
3DFACE
8
C2
10
-2.04287
20
-2.18292
30
-8.13661
11
-2.06832
21
-2.25599
31
-8.00524
12
-1.92684
22
-2.22503
32
-7.94757
13
-1.90108
23
-2.15448
33
-8.08121
0
3DFACE
8
C2
10
-2.06832
20
-2.25599
30
-8.00524
11
-2.09212
21
-2.34214
31
-7.88560
12
-1.95106
22
-2.30788
32
-7.82497
13
-1.92684
23
-2.22503
33
-7.94757
0
3DFACE
8
C2
10
-2.09212
20
-2.34214
30
-7.88560
11
-2.11461
21
-2.43883
31
-7.77542
12
-1.97390
22
-2.40172
32
-7.71223
13
-1.95106
23
-2.30788
33
-7.82497
0
3DFACE
8
C2
10
-2.11461
20
-2.43883
30
-7.77542
11
-2.13971
21
-2.51465
31
-7.64652
12
-1.99895
22
-2.47798
32
-7.58372
13
-1.97390
23
-2.40172
33
-7.71223
0
3DFACE
8
C2
10
-2.13971
20
-2.51465
30
-7.64652
11
-2.16734
21
-2.57026
31
-7.49947
12
-2.02619
22
-2.53666
32
-7.43943
13
-1.99895
23
-2.47798
33
-7.58372
0
3DFACE
8
C2
10
-2.16734
20
-2.57026
30
-7.49947
11
-2.19278
21
-2.64333
31
-7.36810
12
-2.05142
22
-2.61138
32
-7.30954
13
-2.02619
23
-2.53666
33
-7.43943
0
3DFACE
8
C2
10
-2.19278
20
-2.64333
30
-7.36810
11
-2.21480
21
-2.74376
31
-7.26127
12
-2.07334
22
-2.71269
32
-7.20351
13
-2.05142
23
-2.61138
33
-7.30954
0
3DFACE
8
C2
10
-2.21480
20
-2.74376
30
-7.26127
11
-2.23362
21
-2.86978
31
-7.17743
12
-2.09236
22
-2.83707
32
-7.11818
13
-2.07334
23
-2.71269
33
-7.20351
0
3DFACE
8
C2
10
-2.23362
20
-2.86978
30
-7.17743
11
-2.25547
21
-2.97164
31
-7.07189
12
-2.11414
22
-2.93947
32
-7.01313
13
-2.09236
23
-2.83707
33
-7.11818
0
3DFACE
8
C2
10
-2.25547
20
-2.97164
30
-7.07189
11
-2.28006
21
-3.05152
31
-6.94663
12
-2.13838
22
-3.02210
32
-6.89034
13
-2.11414
23
-2.93947
33
-7.01313
0
3DFACE
8
C2
10
-2.28006
20
-3.05152
30
-6.94663
11
-2.30308
21
-3.14393
31
-6.83261
12
-2.16115
22
-3.11660
32
-6.77819
13
-2.13838
23
-3.02210
33
-6.89034
0
3DFACE
8
C2
10
-2.30308
20
-3.14393
30
-6.83261
11
-2.32358
21
-3.25656
31
-6.73673
12
-2.18163
22
-3.22933
32
-6.68242
13
-2.16115
23
-3.11660
33
-6.77819
0
3DFACE
8
C2
10
-2.32358
20
-3.25656
30
-6.73673
11
-2.34265
21
-3.38060
31
-6.65111
12
-2.20079
22
-3.35261
32
-6.59610
13
-2.18163
23
-3.22933
33
-6.68242
0
3DFACE
8
C2
10
-2.34265
20
-3.38060
30
-6.65111
11
-2.36520
21
-3.47675
31
-6.54045
12
-2.22320
22
-3.44996
32
-6.48652
13
-2.20079
23
-3.35261
33
-6.59610
0
3DFACE
8
C2
10
-2.36520
20
-3.47675
30
-6.54045
11
-2.39165
21
-3.54180
31
-6.40188
12
-2.24910
22
-3.51941
32
-6.35190
13
-2.22320
23
-3.44996
33
-6.48652
0
3DFACE
8
C2
10
-2.39165
20
-3.54180
30
-6.40188
11
-2.41473
21
-3.63377
31
-6.28746
12
-2.27191
22
-3.61347
32
-6.23936
13
-2.24910
23
-3.51941
33
-6.35190
0
3DFACE
8
C2
10
-2.41473
20
-3.63377
30
-6.28746
11
-2.43304
21
-3.76386
31
-6.20726
12
-2.29020
22
-3.74378
32
-6.15935
13
-2.27191
23
-3.61347
33
-6.23936
0
3DFACE
8
C2
10
-2.43304
20
-3.76386
30
-6.20726
11
-2.44796
21
-3.92109
31
-6.15142
12
-2.30521
22
-3.90024
32
-6.10282
13
-2.29020
23
-3.74378
33
-6.15935
0
3DFACE
8
C2
10
-2.44796
20
-3.92109
30
-6.15142
11
-2.46418
21
-4.06788
31
-6.08621
12
-2.32142
22
-4.04713
32
-6.03771
13
-2.30521
23
-3.90024
33
-6.10282
0
3DFACE
8
C2
10
-2.46418
20
-4.06788
30
-6.08621
11
-2.48208
21
-4.20126
31
-6.00897
12
-2.33914
22
-4.18195
32
-5.96175
13
-2.32142
23
-4.04713
33
-6.03771
0
3DFACE
8
C2
10
-2.48208
20
-4.20126
30
-6.00897
11
-2.49829
21
-4.34816
31
-5.94385
12
-2.35534
22
-4.32896
32
-5.89673
13
-2.33914
23
-4.18195
33
-5.96175
0
3DFACE
8
C2
10
-0.78927
20
2.50461
30
-13.55049
11
-0.81056
21
2.39836
31
-13.44890
12
-0.66403
22
2.38889
32
-13.42751
13
-0.64277
23
2.49547
33
-13.52881
0
3DFACE
8
C2
10
-0.81056
20
2.39836
30
-13.44890
11
-0.83287
21
2.30023
31
-13.34001
12
-0.68624
22
2.29000
32
-13.31931
13
-0.66403
23
2.38889
33
-13.42751
0
3DFACE
8
C2
10
-0.83287
20
2.30023
30
-13.34001
11
-0.85414
21
2.19376
31
-13.23861
12
-0.70748
22
2.18331
32
-13.21811
13
-0.68624
23
2.29000
33
-13.31931
0
3DFACE
8
C2
10
-0.85414
20
2.19376
30
-13.23861
11
-0.87469
21
2.08158
31
-13.14234
12
-0.72803
22
2.07112
32
-13.12184
13
-0.70748
23
2.18331
33
-13.21811
0
3DFACE
8
C2
10
-0.87469
20
2.08158
30
-13.14234
11
-0.89618
21
1.97687
31
-13.03936
12
-0.74951
22
1.96641
32
-13.01886
13
-0.72803
23
2.07112
33
-13.12184
0
3DFACE
8
C2
10
-0.89618
20
1.97687
30
-13.03936
11
-0.91899
21
1.88281
31
-12.92682
12
-0.77221
22
1.87136
32
-12.90721
13
-0.74951
23
1.96641
33
-13.01886
0
3DFACE
8
C2
10
-0.91899
20
1.88281
30
-12.92682
11
-0.94268
21
1.79568
31
-12.80807
12
-0.79574
22
1.78302
32
-12.78955
13
-0.77221
23
1.87136
33
-12.90721
0
3DFACE
8
C2
10
-0.94268
20
1.79568
30
-12.80807
11
-0.96478
21
1.69591
31
-12.70066
12
-0.81785
22
1.68325
32
-12.68213
13
-0.79574
23
1.78302
33
-12.78955
0
3DFACE
8
C2
10
-0.96478
20
1.69591
30
-12.70066
11
-0.98528
21
1.58328
31
-12.60478
12
-0.83845
22
1.57151
32
-12.58547
13
-0.81785
23
1.68325
33
-12.68213
0
3DFACE
8
C2
10
-0.98528
20
1.58328
30
-12.60478
11
-1.00716
21
1.48176
31
-12.49895
12
-0.86038
22
1.47031
32
-12.47934
13
-0.83845
23
1.57151
33
-12.58547
0
3DFACE
8
C2
10
-1.00716
20
1.48176
30
-12.49895
11
-1.03082
21
1.39440
31
-12.38039
12
-0.88397
22
1.38240
32
-12.36128
13
-0.86038
23
1.47031
33
-12.47934
0
3DFACE
8
C2
10
-1.03082
20
1.39440
30
-12.38039
11
-1.05579
21
1.31759
31
-12.25237
12
-0.90880
22
1.30450
32
-12.23424
13
-0.88397
23
1.38240
33
-12.36128
0
3DFACE
8
C2
10
-1.05579
20
1.31759
30
-12.25237
11
-1.07898
21
1.22650
31
-12.13717
12
-0.93197
22
1.21319
32
-12.11924
13
-0.90880
23
1.30450
33
-12.23424
0
3DFACE
8
C2
10
-1.07898
20
1.22650
30
-12.13717
11
-1.10037
21
1.12102
31
-12.03489
12
-0.95349
22
1.10880
32
-12.01597
13
-0.93197
23
1.21319
33
-12.11924
0
3DFACE
8
C2
10
-1.10037
20
1.12102
30
-12.03489
11
-1.12267
21
1.02279
31
-11.92609
12
-0.97587
22
1.01123
32
-11.90658
13
-0.95349
23
1.10880
33
-12.01597
0
3DFACE
8
C2
10
-1.12267
20
1.02279
30
-11.92609
11
-1.14626
21
0.93488
31
-11.80803
12
-0.99951
22
0.92377
32
-11.78813
13
-0.97587
23
1.01123
33
-11.90658
0
3DFACE
8
C2
10
-1.14626
20
0.93488
30
-11.80803
11
-1.17052
21
0.85236
31
-11.68514
12
-1.02386
22
0.84190
32
-11.66464
13
-0.99951
23
0.92377
33
-11.78813
0
3DFACE
8
C2
10
-1.17052
20
0.85236
30
-11.68514
11
-1.19254
21
0.75193
31
-11.57832
12
-1.04597
22
0.74224
32
-11.55713
13
-1.02386
23
0.84190
33
-11.66464
0
3DFACE
8
C2
10
-1.19254
20
0.75193
30
-11.57832
11
-1.21221
21
0.63272
31
-11.48836
12
-1.06593
22
0.62534
32
-11.46510
13
-1.04597
23
0.74224
33
-11.55713
0
3DFACE
8
C2
10
-1.21221
20
0.63272
30
-11.48836
11
-1.23300
21
0.52240
31
-11.39041
12
-1.08694
22
0.51678
32
-11.36557
13
-1.06593
23
0.62534
33
-11.46510
0
3DFACE
8
C2
10
-1.23300
20
0.52240
30
-11.39041
11
-1.25533
21
0.42450
31
-11.28132
12
-1.10941
22
0.41998
32
-11.25550
13
-1.08694
23
0.51678
33
-11.36557
0
3DFACE
8
C2
10
-1.25533
20
0.42450
30
-11.28132
11
-1.27917
21
0.33858
31
-11.16149
12
-1.13333
22
0.33471
32
-11.13507
13
-1.10941
23
0.41998
33
-11.25550
0
3DFACE
8
C2
10
-1.27917
20
0.33858
30
-11.16149
11
-1.30086
21
0.23551
31
-11.05703
12
-1.15509
22
0.23219
32
-11.03012
13
-1.13333
23
0.33471
33
-11.13507
0
3DFACE
8
C2
10
-1.30086
20
0.23551
30
-11.05703
11
-1.32127
21
0.12223
31
-10.96175
12
-1.17557
22
0.11946
32
-10.93435
13
-1.15509
23
0.23219
33
-11.03012
0
3DFACE
8
C2
10
-1.32127
20
0.12223
30
-10.96175
11
-1.34275
21
0.01741
31
-10.85887
12
-1.19714
22
0.01541
32
-10.83078
13
-1.17557
23
0.11946
33
-10.93435
0
3DFACE
8
C2
10
-1.34275
20
0.01741
30
-10.85887
11
-1.36532
21
-0.07863
31
-10.74811
12
-1.21965
22
-0.08118
32
-10.72051
13
-1.19714
23
0.01541
33
-10.83078
0
3DFACE
8
C2
10
-1.36532
20
-0.07863
30
-10.74811
11
-1.38915
21
-0.16456
31
-10.62827
12
-1.24343
22
-0.16754
32
-10.60107
13
-1.21965
23
-0.08118
33
-10.72051
0
3DFACE
8
C2
10
-1.38915
20
-0.16456
30
-10.62827
11
-1.41149
21
-0.26246
31
-10.51918
12
-1.26568
22
-0.26610
32
-10.49257
13
-1.24343
23
-0.16754
33
-10.60107
0
3DFACE
8
C2
10
-1.41149
20
-0.26246
30
-10.51918
11
-1.43248
21
-0.37113
31
-10.41975
12
-1.28662
22
-0.37521
32
-10.39354
13
-1.26568
23
-0.26610
33
-10.49257
0
3DFACE
8
C2
10
-1.43248
20
-0.37113
30
-10.41975
11
-1.45529
21
-0.46529
31
-10.30731
12
-1.30937
22
-0.46982
32
-10.28149
13
-1.28662
23
-0.37521
33
-10.39354
0
3DFACE
8
C2
10
-1.45529
20
-0.46529
30
-10.30731
11
-1.47889
21
-0.55309
31
-10.18915
12
-1.33290
22
-0.55816
32
-10.16382
13
-1.30937
23
-0.46982
33
-10.28149
0
3DFACE
8
C2
10
-1.47889
20
-0.55309
30
-10.18915
11
-1.50289
21
-0.63770
31
-10.06813
12
-1.35687
22
-0.64299
32
-10.04300
13
-1.33290
23
-0.55816
33
-10.16382
0
3DFACE
8
C2
10
-1.50289
20
-0.63770
30
-10.06813
11
-1.52740
21
-0.71824
31
-9.94347
12
-1.38141
22
-0.72331
32
-9.91814
13
-1.35687
23
-0.64299
33
-10.04300
0
3DFACE
8
C2
10
-1.52740
20
-0.71824
30
-9.94347
11
-1.55087
21
-0.80702
31
-9.82619
12
-1.40486
22
-0.81232
32
-9.80106
13
-1.38141
23
-0.72331
33
-9.91814
0
3DFACE
8
C2
10
-1.55087
20
-0.80702
30
-9.82619
11
-1.57523
21
-0.88878
31
-9.70261
12
-1.42923
22
-0.89396
32
-9.67738
13
-1.40486
23
-0.81232
33
-9.80106
0
3DFACE
8
C2
10
-1.57523
20
-0.88878
30
-9.70261
11
-1.59940
21
-0.97207
31
-9.58041
12
-1.45343
22
-0.97692
32
-9.55488
13
-1.42923
23
-0.89396
33
-9.67738
0
3DFACE
8
C2
10
-1.59940
20
-0.97207
30
-9.58041
11
-1.62272
21
-1.06206
31
-9.46422
12
-1.47687
22
-1.06603
32
-9.43791
13
-1.45343
23
-0.97692
33
-9.55488
0
3DFACE
8
C2
10
-1.62272
20
-1.06206
30
-9.46422
11
-1.64680
21
-1.14601
31
-9.34261
12
-1.50104
22
-1.14932
32
-9.31570
13
-1.47687
23
-1.06603
33
-9.43791
0
3DFACE
8
C2
10
-1.64680
20
-1.14601
30
-9.34261
11
-1.67113
21
-1.22798
31
-9.21922
12
-1.52541
22
-1.23097
32
-9.19202
13
-1.50104
23
-1.14932
33
-9.31570
0
3DFACE
8
C2
10
-1.67113
20
-1.22798
30
-9.21922
11
-1.69485
21
-1.31490
31
-9.10028
12
-1.54921
22
-1.31711
32
-9.07238
13
-1.52541
23
-1.23097
33
-9.19202
0
3DFACE
8
C2
10
-1.69485
20
-1.31490
30
-9.10028
11
-1.71743
21
-1.41082
31
-8.98941
12
-1.57210
22
-1.41062
32
-8.95935
13
-1.54921
23
-1.31711
33
-9.07238
0
3DFACE
8
C2
10
-1.71743
20
-1.41082
30
-8.98941
11
-1.73877
21
-1.51674
31
-8.88752
12
-1.59404
22
-1.51171
32
-8.85312
13
-1.57210
23
-1.41062
33
-8.95935
0
3DFACE
8
C2
10
-1.73877
20
-1.51674
30
-8.88752
11
-1.76129
21
-1.61310
31
-8.77705
12
-1.61689
22
-1.60555
32
-8.74038
13
-1.59404
23
-1.51171
33
-8.85312
0
3DFACE
8
C2
10
-1.76129
20
-1.61310
30
-8.77705
11
-1.78534
21
-1.69738
31
-8.65574
12
-1.64105
22
-1.68884
32
-8.61818
13
-1.61689
23
-1.60555
33
-8.74038
0
3DFACE
8
C2
10
-1.78534
20
-1.69738
30
-8.65574
11
-1.80837
21
-1.78968
31
-8.54162
12
-1.66414
22
-1.78070
32
-8.50367
13
-1.64105
23
-1.68884
33
-8.61818
0
3DFACE
8
C2
10
-1.80837
20
-1.78968
30
-8.54162
11
-1.83026
21
-1.89121
31
-8.43578
12
-1.68621
22
-1.88079
32
-8.39655
13
-1.66414
23
-1.78070
33
-8.50367
0
3DFACE
8
C2
10
-1.83026
20
-1.89121
30
-8.43578
11
-1.85113
21
-2.00087
31
-8.33725
12
-1.70712
22
-1.99012
32
-8.29772
13
-1.68621
23
-1.88079
33
-8.39655
0
3DFACE
8
C2
10
-1.85113
20
-2.00087
30
-8.33725
11
-1.87469
21
-2.08899
31
-8.21938
12
-1.73070
22
-2.07803
32
-8.17966
13
-1.70712
23
-1.99012
33
-8.29772
0
3DFACE
8
C2
10
-1.87469
20
-2.08899
30
-8.21938
11
-1.90108
21
-2.15448
31
-8.08121
12
-1.75685
22
-2.14550
32
-8.04326
13
-1.73070
23
-2.07803
33
-8.17966
0
3DFACE
8
C2
10
-1.90108
20
-2.15448
30
-8.08121
11
-1.92684
21
-2.22503
31
-7.94757
12
-1.78255
22
-2.21648
32
-7.91001
13
-1.75685
23
-2.14550
33
-8.04326
0
3DFACE
8
C2
10
-1.92684
20
-2.22503
30
-7.94757
11
-1.95106
21
-2.30788
31
-7.82497
12
-1.80665
22
-2.30032
32
-7.78830
13
-1.78255
23
-2.21648
33
-7.91001
0
3DFACE
8
C2
10
-1.95106
20
-2.30788
30
-7.82497
11
-1.97390
21
-2.40172
31
-7.71223
12
-1.82925
22
-2.39614
32
-7.67734
13
-1.80665
23
-2.30032
33
-7.78830
0
3DFACE
8
C2
10
-1.97390
20
-2.40172
30
-7.71223
11
-1.99895
21
-2.47798
31
-7.58372
12
-1.85401
22
-2.47459
32
-7.55080
13
-1.82925
23
-2.39614
33
-7.67734
0
3DFACE
8
C2
10
-1.99895
20
-2.47798
30
-7.58372
11
-2.02619
21
-2.53666
31
-7.43943
12
-1.88115
22
-2.53416
32
-7.40730
13
-1.85401
23
-2.47459
33
-7.55080
0
3DFACE
8
C2
10
-2.02619
20
-2.53666
30
-7.43943
11
-2.05142
21
-2.61138
31
-7.30954
12
-1.90612
22
-2.61096
32
-7.27928
13
-1.88115
23
-2.53416
33
-7.40730
0
3DFACE
8
C2
10
-2.05142
20
-2.61138
30
-7.30954
11
-2.07334
21
-2.71269
31
-7.20351
12
-1.92770
22
-2.71491
32
-7.17561
13
-1.90612
23
-2.61096
33
-7.27928
0
3DFACE
8
C2
10
-2.07334
20
-2.71269
30
-7.20351
11
-2.09236
21
-2.83707
31
-7.11818
12
-1.94646
22
-2.84148
32
-7.09226
13
-1.92770
23
-2.71491
33
-7.17561
0
3DFACE
8
C2
10
-2.09236
20
-2.83707
30
-7.11818
11
-2.11414
21
-2.93947
31
-7.01313
12
-1.96811
22
-2.94488
32
-6.98810
13
-1.94646
23
-2.84148
33
-7.09226
0
3DFACE
8
C2
10
-2.11414
20
-2.93947
30
-7.01313
11
-2.13838
21
-3.02210
31
-6.89034
12
-1.99252
22
-3.02619
32
-6.86412
13
-1.96811
23
-2.94488
33
-6.98810
0
3DFACE
8
C2
10
-2.13838
20
-3.02210
30
-6.89034
11
-2.16115
21
-3.11660
31
-6.77819
12
-2.01532
22
-3.12036
32
-6.75168
13
-1.99252
23
-3.02619
33
-6.86412
0
3DFACE
8
C2
10
-2.16115
20
-3.11660
30
-6.77819
11
-2.18163
21
-3.22933
31
-6.68242
12
-2.03561
22
-3.23463
32
-6.65728
13
-2.01532
23
-3.12036
33
-6.75168
0
3DFACE
8
C2
10
-2.18163
20
-3.22933
30
-6.68242
11
-2.20079
21
-3.35261
31
-6.59610
12
-2.05439
22
-3.36098
32
-6.57373
13
-2.03561
23
-3.23463
33
-6.65728
0
3DFACE
8
C2
10
-2.20079
20
-3.35261
30
-6.59610
11
-2.22320
21
-3.44996
31
-6.48652
12
-2.07665
22
-3.45954
32
-6.46523
13
-2.05439
23
-3.36098
33
-6.57373
0
3DFACE
8
C2
10
-2.22320
20
-3.44996
30
-6.48652
11
-2.24910
21
-3.51941
31
-6.35190
12
-2.10254
22
-3.52899
32
-6.33061
13
-2.07665
23
-3.45954
33
-6.46523
0
3DFACE
8
C2
10
-2.24910
20
-3.51941
30
-6.35190
11
-2.27191
21
-3.61347
31
-6.23936
12
-2.12554
22
-3.62162
32
-6.21679
13
-2.10254
23
-3.52899
33
-6.33061
0
3DFACE
8
C2
10
-2.27191
20
-3.61347
30
-6.23936
11
-2.29020
21
-3.74378
31
-6.15935
12
-2.14411
22
-3.74962
32
-6.13472
13
-2.12554
23
-3.62162
33
-6.21679
0
3DFACE
8
C2
10
-2.29020
20
-3.74378
30
-6.15935
11
-2.30521
21
-3.90024
31
-6.10282
12
-2.15961
22
-3.90223
32
-6.07473
13
-2.14411
23
-3.74962
33
-6.13472
0
3DFACE
8
C2
10
-2.30521
20
-3.90024
30
-6.10282
11
-2.32142
21
-4.04713
31
-6.03771
12
-2.17642
22
-4.04430
32
-6.00528
13
-2.15961
23
-3.90223
33
-6.07473
0
3DFACE
8
C2
10
-2.32142
20
-4.04713
30
-6.03771
11
-2.33914
21
-4.18195
31
-5.96175
12
-2.19497
22
-4.17252
32
-5.92340
13
-2.17642
23
-4.04430
33
-6.00528
0
3DFACE
8
C2
10
-2.33914
20
-4.18195
30
-5.96175
11
-2.35534
21
-4.32896
31
-5.89673
12
-2.21175
22
-4.31481
32
-5.85415
13
-2.19497
23
-4.17252
33
-5.92340
0
3DFACE
8
C2
10
-0.64277
20
2.49547
30
-13.52881
11
-0.66403
21
2.38889
31
-13.42751
12
-0.51985
22
2.39831
32
-13.38917
13
-0.49868
23
2.50555
33
-13.48988
0
3DFACE
8
C2
10
-0.66403
20
2.38889
30
-13.42751
11
-0.68624
21
2.29000
31
-13.31931
12
-0.54209
22
2.29964
32
-13.28077
13
-0.51985
23
2.39831
33
-13.38917
0
3DFACE
8
C2
10
-0.68624
20
2.29000
30
-13.31931
11
-0.70748
21
2.18331
31
-13.21811
12
-0.56325
22
2.19229
32
-13.18016
13
-0.54209
23
2.29964
33
-13.28077
0
3DFACE
8
C2
10
-0.70748
20
2.18331
30
-13.21811
11
-0.72803
21
2.07112
31
-13.12184
12
-0.58363
22
2.07879
32
-13.08507
13
-0.56325
23
2.19229
33
-13.18016
0
3DFACE
8
C2
10
-0.72803
20
2.07112
30
-13.12184
11
-0.74951
21
1.96641
31
-13.01886
12
-0.60504
22
1.97342
32
-12.98269
13
-0.58363
23
2.07879
33
-13.08507
0
3DFACE
8
C2
10
-0.74951
20
1.96641
30
-13.01886
11
-0.77221
21
1.87136
31
-12.90721
12
-0.62777
22
1.87870
32
-12.87074
13
-0.60504
23
1.97342
33
-12.98269
0
3DFACE
8
C2
10
-0.77221
20
1.87136
30
-12.90721
11
-0.79574
21
1.78302
31
-12.78955
12
-0.65142
22
1.79124
32
-12.75228
13
-0.62777
23
1.87870
33
-12.87074
0
3DFACE
8
C2
10
-0.79574
20
1.78302
30
-12.78955
11
-0.81785
21
1.68325
31
-12.68213
12
-0.67345
22
1.69092
32
-12.64537
13
-0.65142
23
1.79124
33
-12.75228
0
3DFACE
8
C2
10
-0.81785
20
1.68325
30
-12.68213
11
-0.83845
21
1.57151
31
-12.58547
12
-0.69384
22
1.57742
32
-12.55028
13
-0.67345
23
1.69092
33
-12.64537
0
3DFACE
8
C2
10
-0.83845
20
1.57151
30
-12.58547
11
-0.86038
21
1.47031
31
-12.47934
12
-0.71567
22
1.47545
32
-12.44484
13
-0.69384
23
1.57742
33
-12.55028
0
3DFACE
8
C2
10
-0.86038
20
1.47031
30
-12.47934
11
-0.88397
21
1.38240
31
-12.36128
12
-0.73932
22
1.38810
32
-12.32628
13
-0.71567
23
1.47545
33
-12.44484
0
3DFACE
8
C2
10
-0.88397
20
1.38240
30
-12.36128
11
-0.90880
21
1.30450
31
-12.23424
12
-0.76441
22
1.31217
32
-12.19747
13
-0.73932
23
1.38810
33
-12.32628
0
3DFACE
8
C2
10
-0.90880
20
1.30450
30
-12.23424
11
-0.93197
21
1.21319
31
-12.11924
12
-0.78760
22
1.22108
32
-12.08227
13
-0.76441
23
1.31217
33
-12.19747
0
3DFACE
8
C2
10
-0.93197
20
1.21319
30
-12.11924
11
-0.95349
21
1.10880
31
-12.01597
12
-0.80893
22
1.11515
32
-11.98038
13
-0.78760
23
1.22108
33
-12.08227
0
3DFACE
8
C2
10
-0.95349
20
1.10880
30
-12.01597
11
-0.97587
21
1.01123
31
-11.90658
12
-0.83128
22
1.01736
32
-11.87119
13
-0.80893
23
1.11515
33
-11.98038
0
3DFACE
8
C2
10
-0.97587
20
1.01123
30
-11.90658
11
-0.99951
21
0.92377
31
-11.78813
12
-0.85506
22
0.93100
32
-11.75175
13
-0.83128
23
1.01736
33
-11.87119
0
3DFACE
8
C2
10
-0.99951
20
0.92377
30
-11.78813
11
-1.02386
21
0.84190
31
-11.66464
12
-0.87968
22
0.85133
32
-11.62630
13
-0.85506
23
0.93100
33
-11.75175
0
3DFACE
8
C2
10
-1.02386
20
0.84190
30
-11.66464
11
-1.04597
21
0.74224
31
-11.55713
12
-0.90185
22
0.75211
32
-11.51839
13
-0.87968
23
0.85133
33
-11.62630
0
3DFACE
8
C2
10
-1.04597
20
0.74224
30
-11.55713
11
-1.06593
21
0.62534
31
-11.46510
12
-0.92172
22
0.63443
32
-11.42705
13
-0.90185
23
0.75211
33
-11.51839
0
3DFACE
8
C2
10
-1.06593
20
0.62534
30
-11.46510
11
-1.08694
21
0.51678
31
-11.36557
12
-0.94289
22
0.52719
32
-11.32634
13
-0.92172
23
0.63443
33
-11.42705
0
3DFACE
8
C2
10
-1.08694
20
0.51678
30
-11.36557
11
-1.10941
21
0.41998
31
-11.25550
12
-0.96562
22
0.43248
32
-11.21439
13
-0.94289
23
0.52719
33
-11.32634
0
3DFACE
8
C2
10
-1.10941
20
0.41998
30
-11.25550
11
-1.13333
21
0.33471
31
-11.13507
12
-0.98989
22
0.34996
32
-11.09150
13
-0.96562
23
0.43248
33
-11.21439
0
3DFACE
8
C2
10
-1.13333
20
0.33471
30
-11.13507
11
-1.15509
21
0.23219
31
-11.03012
12
-1.01174
22
0.24821
32
-10.98586
13
-0.98989
23
0.34996
33
-11.09150
0
3DFACE
8
C2
10
-1.15509
20
0.23219
30
-11.03012
11
-1.17557
21
0.11946
31
-10.93435
12
-1.03213
22
0.13471
32
-10.89078
13
-1.01174
23
0.24821
33
-10.98586
0
3DFACE
8
C2
10
-1.17557
20
0.11946
30
-10.93435
11
-1.19714
21
0.01541
31
-10.83078
12
-1.05370
22
0.03065
32
-10.78721
13
-1.03213
23
0.13471
33
-10.89078
0
3DFACE
8
C2
10
-1.19714
20
0.01541
30
-10.83078
11
-1.21965
21
-0.08118
31
-10.72051
12
-1.07617
22
-0.06615
32
-10.67713
13
-1.05370
23
0.03065
33
-10.78721
0
3DFACE
8
C2
10
-1.21965
20
-0.08118
30
-10.72051
11
-1.24343
21
-0.16754
31
-10.60107
12
-1.09957
22
-0.15559
32
-10.56045
13
-1.07617
23
-0.06615
33
-10.67713
0
3DFACE
8
C2
10
-1.24343
20
-0.16754
30
-10.60107
11
-1.26568
21
-0.26610
31
-10.49257
12
-1.12167
22
-0.25536
32
-10.45304
13
-1.09957
23
-0.15559
33
-10.56045
0
3DFACE
8
C2
10
-1.26568
20
-0.26610
30
-10.49257
11
-1.28662
21
-0.37521
31
-10.39354
12
-1.14230
22
-0.36688
32
-10.35618
13
-1.12167
23
-0.25536
33
-10.45304
0
3DFACE
8
C2
10
-1.28662
20
-0.37521
30
-10.39354
11
-1.30937
21
-0.46982
31
-10.28149
12
-1.16474
22
-0.46402
32
-10.24640
13
-1.14230
23
-0.36688
33
-10.35618
0
3DFACE
8
C2
10
-1.30937
20
-0.46982
30
-10.28149
11
-1.33290
21
-0.55816
31
-10.16382
12
-1.18783
22
-0.55588
32
-10.13189
13
-1.16474
23
-0.46402
33
-10.24640
0
3DFACE
8
C2
10
-1.33290
20
-0.55816
30
-10.16382
11
-1.35687
21
-0.64299
31
-10.04300
12
-1.21147
22
-0.64334
32
-10.01343
13
-1.18783
23
-0.55588
33
-10.13189
0
3DFACE
8
C2
10
-1.35687
20
-0.64299
30
-10.04300
11
-1.38141
21
-0.72331
31
-9.91814
12
-1.23560
22
-0.72696
32
-9.89153
13
-1.21147
23
-0.64334
33
-10.01343
0
3DFACE
8
C2
10
-1.38141
20
-0.72331
30
-9.91814
11
-1.40486
21
-0.81232
31
-9.80106
12
-1.25888
22
-0.81728
32
-9.77563
13
-1.23560
23
-0.72696
33
-9.89153
0
3DFACE
8
C2
10
-1.40486
20
-0.81232
30
-9.80106
11
-1.42923
21
-0.89396
31
-9.67738
12
-1.28288
22
-0.90189
32
-9.65461
13
-1.25888
23
-0.81728
33
-9.77563
0
3DFACE
8
C2
10
-1.42923
20
-0.89396
30
-9.67738
11
-1.45343
21
-0.97692
31
-9.55488
12
-1.30676
22
-0.98749
32
-9.53448
13
-1.28288
23
-0.90189
33
-9.65461
0
3DFACE
8
C2
10
-1.45343
20
-0.97692
30
-9.55488
11
-1.47687
21
-1.06603
31
-9.43791
12
-1.32998
22
-1.07836
32
-9.41908
13
-1.30676
23
-0.98749
33
-9.53448
0
3DFACE
8
C2
10
-1.47687
20
-1.06603
30
-9.43791
11
-1.50104
21
-1.14932
31
-9.31570
12
-1.35403
22
-1.16253
32
-9.29767
13
-1.32998
23
-1.07836
33
-9.41908
0
3DFACE
8
C2
10
-1.50104
20
-1.14932
30
-9.31570
11
-1.52541
21
-1.23097
31
-9.19202
12
-1.37825
22
-1.24538
32
-9.17507
13
-1.35403
23
-1.16253
33
-9.29767
0
3DFACE
8
C2
10
-1.52541
20
-1.23097
30
-9.19202
11
-1.54921
21
-1.31711
31
-9.07238
12
-1.40207
22
-1.33142
32
-9.05533
13
-1.37825
23
-1.24538
33
-9.17507
0
3DFACE
8
C2
10
-1.54921
20
-1.31711
30
-9.07238
11
-1.57210
21
-1.41062
31
-8.95935
12
-1.42501
22
-1.42449
32
-8.94191
13
-1.40207
23
-1.33142
33
-9.05533
0
3DFACE
8
C2
10
-1.57210
20
-1.41062
30
-8.95935
11
-1.59404
21
-1.51171
31
-8.85312
12
-1.44699
22
-1.52524
32
-8.83538
13
-1.42501
23
-1.42449
33
-8.94191
0
3DFACE
8
C2
10
-1.59404
20
-1.51171
30
-8.85312
11
-1.61689
21
-1.60555
31
-8.74038
12
-1.46994
22
-1.61831
32
-8.72196
13
-1.44699
23
-1.52524
33
-8.83538
0
3DFACE
8
C2
10
-1.61689
20
-1.60555
30
-8.74038
11
-1.64105
21
-1.68884
31
-8.61818
12
-1.49421
22
-1.70072
32
-8.59896
13
-1.46994
23
-1.61831
33
-8.72196
0
3DFACE
8
C2
10
-1.64105
20
-1.68884
30
-8.61818
11
-1.66414
21
-1.78070
31
-8.50367
12
-1.51744
22
-1.79148
32
-8.48347
13
-1.49421
23
-1.70072
33
-8.59896
0
3DFACE
8
C2
10
-1.66414
20
-1.78070
30
-8.50367
11
-1.68621
21
-1.88079
31
-8.39655
12
-1.53957
22
-1.89103
32
-8.37586
13
-1.51744
23
-1.79148
33
-8.48347
0
3DFACE
8
C2
10
-1.68621
20
-1.88079
30
-8.39655
11
-1.70712
21
-1.99012
31
-8.29772
12
-1.56040
22
-2.00102
32
-8.27761
13
-1.53957
23
-1.89103
33
-8.37586
0
3DFACE
8
C2
10
-1.70712
20
-1.99012
30
-8.29772
11
-1.73070
21
-2.07803
31
-8.17966
12
-1.58410
22
-2.08805
32
-8.15876
13
-1.56040
23
-2.00102
33
-8.27761
0
3DFACE
8
C2
10
-1.73070
20
-2.07803
30
-8.17966
11
-1.75685
21
-2.14550
31
-8.04326
12
-1.61038
22
-2.15442
32
-8.02138
13
-1.58410
23
-2.08805
33
-8.15876
0
3DFACE
8
C2
10
-1.75685
20
-2.14550
30
-8.04326
11
-1.78255
21
-2.21648
31
-7.91001
12
-1.63599
22
-2.22617
32
-7.88882
13
-1.61038
23
-2.15442
33
-8.02138
0
3DFACE
8
C2
10
-1.78255
20
-2.21648
30
-7.91001
11
-1.80665
21
-2.30032
31
-7.78830
12
-1.65968
22
-2.31320
32
-7.76997
13
-1.63599
23
-2.22617
33
-7.88882
0
3DFACE
8
C2
10
-1.80665
20
-2.30032
30
-7.78830
11
-1.82925
21
-2.39614
31
-7.67734
12
-1.68154
22
-2.41495
32
-7.66433
13
-1.65968
23
-2.31320
33
-7.76997
0
3DFACE
8
C2
10
-1.82925
20
-2.39614
30
-7.67734
11
-1.85401
21
-2.47459
31
-7.55080
12
-1.70588
22
-2.49681
32
-7.54085
13
-1.68154
23
-2.41495
33
-7.66433
0
3DFACE
8
C2
10
-1.85401
20
-2.47459
30
-7.55080
11
-1.88115
21
-2.53416
31
-7.40730
12
-1.73286
22
-2.55758
32
-7.39843
13
-1.70588
23
-2.49681
33
-7.54085
0
3DFACE
8
C2
10
-1.88115
20
-2.53416
30
-7.40730
11
-1.90612
21
-2.61096
31
-7.27928
12
-1.75744
22
-2.63757
32
-7.27327
13
-1.73286
23
-2.55758
33
-7.39843
0
3DFACE
8
C2
10
-1.90612
20
-2.61096
30
-7.27928
11
-1.92770
21
-2.71491
31
-7.17561
12
-1.77835
22
-2.74690
32
-7.17444
13
-1.75744
23
-2.63757
33
-7.27327
0
3DFACE
8
C2
10
-1.92770
20
-2.71491
30
-7.17561
11
-1.94646
21
-2.84148
31
-7.09226
12
-1.79625
22
-2.88028
32
-7.09720
13
-1.77835
23
-2.74690
33
-7.17444
0
3DFACE
8
C2
10
-1.94646
20
-2.84148
30
-7.09226
11
-1.96811
21
-2.94488
31
-6.98810
12
-1.81771
22
-2.98522
32
-6.99442
13
-1.79625
23
-2.88028
33
-7.09720
0
3DFACE
8
C2
10
-1.96811
20
-2.94488
30
-6.98810
11
-1.99252
21
-3.02619
31
-6.86412
12
-1.84256
22
-3.06301
32
-6.86729
13
-1.81771
23
-2.98522
33
-6.99442
0
3DFACE
8
C2
10
-1.99252
20
-3.02619
30
-6.86412
11
-2.01532
21
-3.12036
31
-6.75168
12
-1.86563
22
-3.15509
32
-6.75297
13
-1.84256
23
-3.06301
33
-6.86729
0
3DFACE
8
C2
10
-2.01532
20
-3.12036
30
-6.75168
11
-2.03561
21
-3.23463
31
-6.65728
12
-1.88571
22
-3.27101
32
-6.66005
13
-1.86563
23
-3.15509
33
-6.75297
0
3DFACE
8
C2
10
-2.03561
20
-3.23463
30
-6.65728
11
-2.05439
21
-3.36098
31
-6.57373
12
-1.90397
22
-3.40154
32
-6.58025
13
-1.88571
23
-3.27101
33
-6.66005
0
3DFACE
8
C2
10
-2.05439
20
-3.36098
30
-6.57373
11
-2.07665
21
-3.45954
31
-6.46523
12
-1.92632
22
-3.49933
32
-6.47106
13
-1.90397
23
-3.40154
33
-6.58025
0
3DFACE
8
C2
10
-2.07665
20
-3.45954
30
-6.46523
11
-2.10254
21
-3.52899
31
-6.33061
12
-1.95293
22
-3.56307
32
-6.33131
13
-1.92632
23
-3.49933
33
-6.47106
0
3DFACE
8
C2
10
-2.10254
20
-3.52899
30
-6.33061
11
-2.12554
21
-3.62162
31
-6.21679
12
-1.97658
22
-3.65043
32
-6.21276
13
-1.95293
23
-3.56307
33
-6.33131
0
3DFACE
8
C2
10
-2.12554
20
-3.62162
30
-6.21679
11
-2.14411
21
-3.74962
31
-6.13472
12
-1.99580
22
-3.77326
32
-6.12605
13
-1.97658
23
-3.65043
33
-6.21276
0
3DFACE
8
C2
10
-2.14411
20
-3.74962
30
-6.13472
11
-2.15961
21
-3.90223
31
-6.07473
12
-2.01207
22
-3.91972
32
-6.06054
13
-1.99580
23
-3.77326
33
-6.12605
0
3DFACE
8
C2
10
-2.15961
20
-3.90223
30
-6.07473
11
-2.17642
21
-4.04430
31
-6.00528
12
-2.02993
22
-4.05344
32
-5.98360
13
-2.01207
23
-3.91972
33
-6.06054
0
3DFACE
8
C2
10
-2.17642
20
-4.04430
30
-6.00528
11
-2.19497
21
-4.17252
31
-5.92340
12
-2.04986
22
-4.17057
32
-5.89176
13
-2.02993
23
-4.05344
33
-5.98360
0
3DFACE
8
C2
10
-2.19497
20
-4.17252
30
-5.92340
11
-2.21175
21
-4.31481
31
-5.85415
12
-2.06769
22
-4.30450
32
-5.81501
13
-2.04986
23
-4.17057
33
-5.89176
0
3DFACE
8
C2
10
-0.49868
20
2.50555
30
-13.48988
11
-0.51985
21
2.39831
31
-13.38917
12
-0.37425
22
2.39631
32
-13.36108
13
-0.35287
23
2.50190
33
-13.46326
0
3DFACE
8
C2
10
-0.51985
20
2.39831
30
-13.38917
11
-0.54209
21
2.29964
31
-13.28077
12
-0.39646
22
2.29742
32
-13.25288
13
-0.37425
23
2.39631
33
-13.36108
0
3DFACE
8
C2
10
-0.54209
20
2.29964
30
-13.28077
11
-0.56325
21
2.19229
31
-13.18016
12
-0.41780
22
2.19150
32
-13.15098
13
-0.39646
23
2.29742
33
-13.25288
0
3DFACE
8
C2
10
-0.56325
20
2.19229
30
-13.18016
11
-0.58363
21
2.07879
31
-13.08507
12
-0.43843
22
2.07998
32
-13.05412
13
-0.41780
23
2.19150
33
-13.15098
0
3DFACE
8
C2
10
-0.58363
20
2.07879
30
-13.08507
11
-0.60504
21
1.97342
31
-12.98269
12
-0.45987
22
1.97493
32
-12.95144
13
-0.43843
23
2.07998
33
-13.05412
0
3DFACE
8
C2
10
-0.60504
20
1.97342
30
-12.98269
11
-0.62777
21
1.87870
31
-12.87074
12
-0.48249
22
1.87923
32
-12.84038
13
-0.45987
23
1.97493
33
-12.95144
0
3DFACE
8
C2
10
-0.62777
20
1.87870
30
-12.87074
11
-0.65142
21
1.79124
31
-12.75228
12
-0.50576
22
1.78880
32
-12.72459
13
-0.48249
23
1.87923
33
-12.84038
0
3DFACE
8
C2
10
-0.65142
20
1.79124
30
-12.75228
11
-0.67345
21
1.69092
31
-12.64537
12
-0.52774
22
1.68804
32
-12.61806
13
-0.50576
23
1.78880
33
-12.72459
0
3DFACE
8
C2
10
-0.67345
20
1.69092
30
-12.64537
11
-0.69384
21
1.57742
31
-12.55028
12
-0.54834
22
1.57630
32
-12.52140
13
-0.52774
23
1.68804
33
-12.61806
0
3DFACE
8
C2
10
-0.69384
20
1.57742
30
-12.55028
11
-0.71567
21
1.47545
31
-12.44484
12
-0.57016
22
1.47422
32
-12.41606
13
-0.54834
23
1.57630
33
-12.52140
0
3DFACE
8
C2
10
-0.71567
20
1.47545
30
-12.44484
11
-0.73932
21
1.38810
31
-12.32628
12
-0.59369
22
1.38588
32
-12.29839
13
-0.57016
23
1.47422
33
-12.41606
0
3DFACE
8
C2
10
-0.73932
20
1.38810
30
-12.32628
11
-0.76441
21
1.31217
31
-12.19747
12
-0.61841
22
1.30698
32
-12.17224
13
-0.59369
23
1.38588
33
-12.29839
0
3DFACE
8
C2
10
-0.76441
20
1.31217
30
-12.19747
11
-0.78760
21
1.22108
31
-12.08227
12
-0.64154
22
1.21545
32
-12.05744
13
-0.61841
23
1.30698
33
-12.17224
0
3DFACE
8
C2
10
-0.78760
20
1.22108
30
-12.08227
11
-0.80893
21
1.11515
31
-11.98038
12
-0.66316
22
1.11184
32
-11.95347
13
-0.64154
23
1.21545
33
-12.05744
0
3DFACE
8
C2
10
-0.80893
20
1.11515
30
-11.98038
11
-0.83128
21
1.01736
31
-11.87119
12
-0.68554
22
1.01426
32
-11.84409
13
-0.66316
23
1.11184
33
-11.95347
0
3DFACE
8
C2
10
-0.83128
20
1.01736
30
-11.87119
11
-0.85506
21
0.93100
31
-11.75175
12
-0.70931
22
0.92779
32
-11.72475
13
-0.68554
23
1.01426
33
-11.84409
0
3DFACE
8
C2
10
-0.85506
20
0.93100
30
-11.75175
11
-0.87968
21
0.85133
31
-11.62630
12
-0.73380
22
0.84713
32
-11.60018
13
-0.70931
23
0.92779
33
-11.72475
0
3DFACE
8
C2
10
-0.87968
20
0.85133
30
-11.62630
11
-0.90185
21
0.75211
31
-11.51839
12
-0.75611
22
0.74901
32
-11.49129
13
-0.73380
23
0.84713
33
-11.60018
0
3DFACE
8
C2
10
-0.90185
20
0.75211
30
-11.51839
11
-0.92172
21
0.63443
31
-11.42705
12
-0.77656
22
0.63595
32
-11.39580
13
-0.75611
23
0.74901
33
-11.49129
0
3DFACE
8
C2
10
-0.92172
20
0.63443
30
-11.42705
11
-0.94289
21
0.52719
31
-11.32634
12
-0.79803
22
0.53113
32
-11.29293
13
-0.77656
23
0.63595
33
-11.39580
0
3DFACE
8
C2
10
-0.94289
20
0.52719
30
-11.32634
11
-0.96562
21
0.43248
31
-11.21439
12
-0.82087
22
0.43729
32
-11.18019
13
-0.79803
23
0.53113
33
-11.29293
0
3DFACE
8
C2
10
-0.96562
20
0.43248
30
-11.21439
11
-0.98989
21
0.34996
31
-11.09150
12
-0.84502
22
0.35389
32
-11.05809
13
-0.82087
23
0.43729
33
-11.18019
0
3DFACE
8
C2
10
-0.98989
20
0.34996
30
-11.09150
11
-1.01174
21
0.24821
31
-10.98586
12
-0.86698
22
0.25291
32
-10.95176
13
-0.84502
23
0.35389
33
-11.05809
0
3DFACE
8
C2
10
-1.01174
20
0.24821
30
-10.98586
11
-1.03213
21
0.13471
31
-10.89078
12
-0.88761
22
0.14139
32
-10.85490
13
-0.86698
23
0.25291
33
-10.95176
0
3DFACE
8
C2
10
-1.03213
20
0.13471
30
-10.89078
11
-1.05370
21
0.03065
31
-10.78721
12
-0.90925
22
0.03788
32
-10.75084
13
-0.88761
23
0.14139
33
-10.85490
0
3DFACE
8
C2
10
-1.05370
20
0.03065
30
-10.78721
11
-1.07617
21
-0.06615
31
-10.67713
12
-0.93154
22
-0.06035
32
-10.64204
13
-0.90925
23
0.03788
33
-10.75084
0
3DFACE
8
C2
10
-1.07617
20
-0.06615
30
-10.67713
11
-1.09957
21
-0.15559
31
-10.56045
12
-0.95461
22
-0.15243
32
-10.52773
13
-0.93154
23
-0.06035
33
-10.64204
0
3DFACE
8
C2
10
-1.09957
20
-0.15559
30
-10.56045
11
-1.12167
21
-0.25536
31
-10.45304
12
-0.97662
22
-0.25297
32
-10.42101
13
-0.95461
23
-0.15243
33
-10.52773
0
3DFACE
8
C2
10
-1.12167
20
-0.25536
30
-10.45304
11
-1.14230
21
-0.36688
31
-10.35618
12
-0.99731
22
-0.36405
32
-10.32375
13
-0.97662
23
-0.25297
33
-10.42101
0
3DFACE
8
C2
10
-1.14230
20
-0.36688
30
-10.35618
11
-1.16474
21
-0.46402
31
-10.24640
12
-1.01959
22
-0.46239
32
-10.21506
13
-0.99731
23
-0.36405
33
-10.32375
0
3DFACE
8
C2
10
-1.16474
20
-0.46402
30
-10.24640
11
-1.18783
21
-0.55588
31
-10.13189
12
-1.04246
22
-0.55601
32
-10.10212
13
-1.01959
23
-0.46239
33
-10.21506
0
3DFACE
8
C2
10
-1.18783
20
-0.55588
30
-10.13189
11
-1.21147
21
-0.64334
31
-10.01343
12
-1.06587
22
-0.64534
32
-9.98534
13
-1.04246
23
-0.55601
33
-10.10212
0
3DFACE
8
C2
10
-1.21147
20
-0.64334
30
-10.01343
11
-1.23560
21
-0.72696
31
-9.89153
12
-1.08966
22
-0.73160
32
-9.86580
13
-1.06587
23
-0.64534
33
-9.98534
0
3DFACE
8
C2
10
-1.23560
20
-0.72696
30
-9.89153
11
-1.25888
21
-0.81728
31
-9.77563
12
-1.11278
22
-0.82324
32
-9.75109
13
-1.08966
23
-0.73160
33
-9.86580
0
3DFACE
8
C2
10
-1.25888
20
-0.81728
30
-9.77563
11
-1.28288
21
-0.90189
31
-9.65461
12
-1.13651
22
-0.91004
32
-9.63205
13
-1.11278
23
-0.82324
33
-9.75109
0
3DFACE
8
C2
10
-1.28288
20
-0.90189
30
-9.65461
11
-1.30676
21
-0.98749
31
-9.53448
12
-1.16018
22
-0.99729
32
-9.51339
13
-1.13651
23
-0.91004
33
-9.63205
0
3DFACE
8
C2
10
-1.30676
20
-0.98749
30
-9.53448
11
-1.32998
21
-1.07836
31
-9.41908
12
-1.18329
22
-1.08904
32
-9.39878
13
-1.16018
23
-0.99729
33
-9.51339
0
3DFACE
8
C2
10
-1.32998
20
-1.07836
30
-9.41908
11
-1.35403
21
-1.16253
31
-9.29767
12
-1.20716
22
-1.17464
32
-9.27865
13
-1.18329
23
-1.08904
33
-9.39878
0
3DFACE
8
C2
10
-1.35403
20
-1.16253
30
-9.29767
11
-1.37825
21
-1.24538
31
-9.17507
12
-1.23118
22
-1.25913
32
-9.15753
13
-1.20716
23
-1.17464
33
-9.27865
0
3DFACE
8
C2
10
-1.37825
20
-1.24538
30
-9.17507
11
-1.40207
21
-1.33142
31
-9.05533
12
-1.25498
22
-1.34528
32
-9.03789
13
-1.23118
23
-1.25913
33
-9.15753
0
3DFACE
8
C2
10
-1.40207
20
-1.33142
30
-9.05533
11
-1.42501
21
-1.42449
31
-8.94191
12
-1.27813
22
-1.43670
32
-8.92299
13
-1.25498
23
-1.34528
33
-9.03789
0
3DFACE
8
C2
10
-1.42501
20
-1.42449
30
-8.94191
11
-1.44699
21
-1.52524
31
-8.83538
12
-1.30084
22
-1.53164
32
-8.81124
13
-1.27813
23
-1.43670
33
-8.92299
0
3DFACE
8
C2
10
-1.44699
20
-1.52524
30
-8.83538
11
-1.46994
21
-1.61831
31
-8.72196
12
-1.32403
22
-1.62273
32
-8.69603
13
-1.30084
23
-1.53164
33
-8.81124
0
3DFACE
8
C2
10
-1.46994
20
-1.61831
30
-8.72196
11
-1.49421
21
-1.70072
31
-8.59896
12
-1.34825
22
-1.70558
32
-8.57344
13
-1.32403
23
-1.62273
33
-8.69603
0
3DFACE
8
C2
10
-1.49421
20
-1.70072
30
-8.59896
11
-1.51744
21
-1.79148
31
-8.48347
12
-1.37151
22
-1.79612
32
-8.45774
13
-1.34825
23
-1.70558
33
-8.57344
0
3DFACE
8
C2
10
-1.51744
20
-1.79148
30
-8.48347
11
-1.53957
21
-1.89103
31
-8.37586
12
-1.39382
22
-1.89424
32
-8.34885
13
-1.37151
23
-1.79612
33
-8.45774
0
3DFACE
8
C2
10
-1.53957
20
-1.89103
30
-8.37586
11
-1.56040
21
-2.00102
31
-8.27761
12
-1.41497
22
-2.00159
32
-8.24824
13
-1.39382
23
-1.89424
33
-8.34885
0
3DFACE
8
C2
10
-1.56040
20
-2.00102
30
-8.27761
11
-1.58410
21
-2.08805
31
-8.15876
12
-1.43859
22
-2.08928
32
-8.12998
13
-1.41497
23
-2.00159
33
-8.24824
0
3DFACE
8
C2
10
-1.58410
20
-2.08805
30
-8.15876
11
-1.61038
21
-2.15442
31
-8.02138
12
-1.46416
22
-2.16136
32
-7.99772
13
-1.43859
23
-2.08928
33
-8.12998
0
3DFACE
8
C2
10
-1.61038
20
-2.15442
30
-8.02138
11
-1.63599
21
-2.22617
31
-7.88882
12
-1.48945
22
-2.23564
32
-7.86744
13
-1.46416
23
-2.16136
33
-7.99772
0
3DFACE
8
C2
10
-1.63599
20
-2.22617
30
-7.88882
11
-1.65968
21
-2.31320
31
-7.76997
12
-1.51295
22
-2.32421
32
-7.74997
13
-1.48945
23
-2.23564
33
-7.86744
0
3DFACE
8
C2
10
-1.65968
20
-2.31320
30
-7.76997
11
-1.68154
21
-2.41495
31
-7.66433
12
-1.53478
22
-2.42617
32
-7.64453
13
-1.51295
23
-2.32421
33
-7.74997
0
3DFACE
8
C2
10
-1.68154
20
-2.41495
30
-7.66433
11
-1.70588
21
-2.49681
31
-7.54085
12
-1.55881
22
-2.51056
32
-7.52331
13
-1.53478
23
-2.42617
33
-7.64453
0
3DFACE
8
C2
10
-1.70588
20
-2.49681
30
-7.54085
11
-1.73286
21
-2.55758
31
-7.39843
12
-1.58524
22
-2.57573
32
-7.38484
13
-1.55881
23
-2.51056
33
-7.52331
0
3DFACE
8
C2
10
-1.73286
20
-2.55758
30
-7.39843
11
-1.75744
21
-2.63757
31
-7.27327
12
-1.60953
22
-2.65803
32
-7.26175
13
-1.58524
23
-2.57573
33
-7.38484
0
3DFACE
8
C2
10
-1.75744
20
-2.63757
30
-7.27327
11
-1.77835
21
-2.74690
31
-7.17444
12
-1.63030
22
-2.76845
32
-7.16390
13
-1.60953
23
-2.65803
33
-7.26175
0
3DFACE
8
C2
10
-1.77835
20
-2.74690
30
-7.17444
11
-1.79625
21
-2.88028
31
-7.09720
12
-1.64842
22
-2.90008
32
-7.08508
13
-1.63030
23
-2.76845
33
-7.16390
0
3DFACE
8
C2
10
-1.79625
20
-2.88028
30
-7.09720
11
-1.81771
21
-2.98522
31
-6.99442
12
-1.66992
22
-3.00468
32
-6.98201
13
-1.64842
23
-2.90008
33
-7.08508
0
3DFACE
8
C2
10
-1.81771
20
-2.98522
30
-6.99442
11
-1.84256
21
-3.06301
31
-6.86729
12
-1.69476
22
-3.08259
32
-6.85497
13
-1.66992
23
-3.00468
33
-6.98201
0
3DFACE
8
C2
10
-1.84256
20
-3.06301
30
-6.86729
11
-1.86563
21
-3.15509
31
-6.75297
12
-1.71792
22
-3.17390
32
-6.73997
13
-1.69476
23
-3.08259
33
-6.85497
0
3DFACE
8
C2
10
-1.86563
20
-3.15509
30
-6.75297
11
-1.88571
21
-3.27101
31
-6.66005
12
-1.73806
22
-3.28938
32
-6.64666
13
-1.71792
23
-3.17390
33
-6.73997
0
3DFACE
8
C2
10
-1.88571
20
-3.27101
30
-6.66005
11
-1.90397
21
-3.40154
31
-6.58025
12
-1.75634
22
-3.41969
32
-6.56665
13
-1.73806
23
-3.28938
33
-6.64666
0
3DFACE
8
C2
10
-1.90397
20
-3.40154
30
-6.58025
11
-1.92632
21
-3.49933
31
-6.47106
12
-1.77867
22
-3.51770
32
-6.45766
13
-1.75634
23
-3.41969
33
-6.56665
0
3DFACE
8
C2
10
-1.92632
20
-3.49933
30
-6.47106
11
-1.95293
21
-3.56307
31
-6.33131
12
-1.80504
22
-3.58331
32
-6.31959
13
-1.77867
23
-3.51770
33
-6.45766
0
3DFACE
8
C2
10
-1.95293
20
-3.56307
30
-6.33131
11
-1.97658
21
-3.65043
31
-6.21276
12
-1.82882
22
-3.66967
32
-6.20014
13
-1.80504
23
-3.58331
33
-6.31959
0
3DFACE
8
C2
10
-1.97658
20
-3.65043
30
-6.21276
11
-1.99580
21
-3.77326
31
-6.12605
12
-1.84843
22
-3.78944
32
-6.11068
13
-1.82882
23
-3.66967
33
-6.20014
0
3DFACE
8
C2
10
-1.99580
20
-3.77326
30
-6.12605
11
-2.01207
21
-3.91972
31
-6.06054
12
-1.86542
22
-3.93007
32
-6.03994
13
-1.84843
23
-3.78944
33
-6.11068
0
3DFACE
8
C2
10
-2.01207
20
-3.91972
30
-6.06054
11
-2.02993
21
-4.05344
31
-5.98360
12
-1.88407
22
-4.05742
32
-5.95728
13
-1.86542
23
-3.93007
33
-6.03994
0
3DFACE
8
C2
10
-2.02993
20
-4.05344
30
-5.98360
11
-2.04986
21
-4.17057
31
-5.89176
12
-1.90479
22
-4.16828
32
-5.85983
13
-1.88407
23
-4.05742
33
-5.95728
0
3DFACE
8
C2
10
-2.04986
20
-4.17057
30
-5.89176
11
-2.06769
21
-4.30450
31
-5.81501
12
-1.92340
22
-4.29596
32
-5.77746
13
-1.90479
23
-4.16828
33
-5.85983
0
3DFACE
8
C2
10
-0.35287
20
2.50190
30
-13.46326
11
-0.37425
21
2.39631
31
-13.36108
12
-0.22884
22
2.39585
32
-13.33161
13
-0.20725
23
2.49980
33
-13.43527
0
3DFACE
8
C2
10
-0.37425
20
2.39631
30
-13.36108
11
-0.39646
21
2.29742
31
-13.25288
12
-0.25101
22
2.29663
32
-13.22370
13
-0.22884
23
2.39585
33
-13.33161
0
3DFACE
8
C2
10
-0.39646
20
2.29742
30
-13.25288
11
-0.41780
21
2.19150
31
-13.15098
12
-0.27254
22
2.19225
32
-13.12043
13
-0.25101
23
2.29663
33
-13.22370
0
3DFACE
8
C2
10
-0.41780
20
2.19150
30
-13.15098
11
-0.43843
21
2.07998
31
-13.05412
12
-0.29349
22
2.08325
32
-13.02130
13
-0.27254
23
2.19225
33
-13.12043
0
3DFACE
8
C2
10
-0.43843
20
2.07998
30
-13.05412
11
-0.45987
21
1.97493
31
-12.95144
12
-0.31504
22
1.97909
32
-12.91783
13
-0.29349
23
2.08325
33
-13.02130
0
3DFACE
8
C2
10
-0.45987
20
1.97493
30
-12.95144
11
-0.48249
21
1.87923
31
-12.84038
12
-0.33745
22
1.88173
32
-12.80825
13
-0.31504
23
1.97909
33
-12.91783
0
3DFACE
8
C2
10
-0.48249
20
1.87923
30
-12.84038
11
-0.50576
21
1.78880
31
-12.72459
12
-0.36025
22
1.78757
32
-12.69581
13
-0.33745
23
1.88173
33
-12.80825
0
3DFACE
8
C2
10
-0.50576
20
1.78880
30
-12.72459
11
-0.52774
21
1.68804
31
-12.61806
12
-0.38212
22
1.68593
32
-12.59007
13
-0.36025
23
1.78757
33
-12.69581
0
3DFACE
8
C2
10
-0.52774
20
1.68804
30
-12.61806
11
-0.54834
21
1.57630
31
-12.52140
12
-0.40303
22
1.57660
32
-12.49124
13
-0.38212
23
1.68593
33
-12.59007
0
3DFACE
8
C2
10
-0.54834
20
1.57630
30
-12.52140
11
-0.57016
21
1.47422
31
-12.41606
12
-0.42487
22
1.47475
32
-12.38570
13
-0.40303
23
1.57660
33
-12.49124
0
3DFACE
8
C2
10
-0.57016
20
1.47422
30
-12.41606
11
-0.59369
21
1.38588
31
-12.29839
12
-0.44814
22
1.38432
32
-12.26990
13
-0.42487
23
1.47475
33
-12.38570
0
3DFACE
8
C2
10
-0.59369
20
1.38588
30
-12.29839
11
-0.61841
21
1.30698
31
-12.17224
12
-0.47236
22
1.30147
32
-12.14731
13
-0.44814
23
1.38432
33
-12.26990
0
3DFACE
8
C2
10
-0.61841
20
1.30698
30
-12.17224
11
-0.64154
21
1.21545
31
-12.05744
12
-0.49544
22
1.20950
32
-12.03289
13
-0.47236
23
1.30147
33
-12.14731
0
3DFACE
8
C2
10
-0.64154
20
1.21545
30
-12.05744
11
-0.66316
21
1.11184
31
-11.95347
12
-0.51740
22
1.10852
32
-11.92657
13
-0.49544
23
1.20950
33
-12.03289
0
3DFACE
8
C2
10
-0.66316
20
1.11184
30
-11.95347
11
-0.68554
21
1.01426
31
-11.84409
12
-0.53993
22
1.01215
32
-11.81610
13
-0.51740
23
1.10852
33
-11.92657
0
3DFACE
8
C2
10
-0.68554
20
1.01426
30
-11.84409
11
-0.70931
21
0.92779
31
-11.72475
12
-0.56357
22
0.92469
32
-11.69764
13
-0.53993
23
1.01215
33
-11.81610
0
3DFACE
8
C2
10
-0.70931
20
0.92779
30
-11.72475
11
-0.73380
21
0.84713
31
-11.60018
12
-0.58791
22
0.84283
32
-11.57416
13
-0.56357
23
0.92469
33
-11.69764
0
3DFACE
8
C2
10
-0.73380
20
0.84713
30
-11.60018
11
-0.75611
21
0.74901
31
-11.49129
12
-0.61030
22
0.74537
32
-11.46467
13
-0.58791
23
0.84283
33
-11.57416
0
3DFACE
8
C2
10
-0.75611
20
0.74901
30
-11.49129
11
-0.77656
21
0.63595
31
-11.39580
12
-0.63127
22
0.63648
32
-11.36545
13
-0.61030
23
0.74537
33
-11.46467
0
3DFACE
8
C2
10
-0.77656
20
0.63595
30
-11.39580
11
-0.79803
21
0.53113
31
-11.29293
12
-0.65297
22
0.53352
32
-11.26089
13
-0.63127
23
0.63648
33
-11.36545
0
3DFACE
8
C2
10
-0.79803
20
0.53113
30
-11.29293
11
-0.82087
21
0.43729
31
-11.18019
12
-0.67572
22
0.43892
32
-11.14885
13
-0.65297
23
0.53352
33
-11.26089
0
3DFACE
8
C2
10
-0.82087
20
0.43729
30
-11.18019
11
-0.84502
21
0.35389
31
-11.05809
12
-0.69971
22
0.35420
32
-11.02793
13
-0.67572
23
0.43892
33
-11.14885
0
3DFACE
8
C2
10
-0.84502
20
0.35389
30
-11.05809
11
-0.86698
21
0.25291
31
-10.95176
12
-0.72162
22
0.25289
32
-10.92189
13
-0.69971
23
0.35420
33
-11.02793
0
3DFACE
8
C2
10
-0.86698
20
0.25291
30
-10.95176
11
-0.88761
21
0.14139
31
-10.85490
12
-0.74227
22
0.14148
32
-10.82493
13
-0.72162
23
0.25289
33
-10.92189
0
3DFACE
8
C2
10
-0.88761
20
0.14139
30
-10.85490
11
-0.90925
21
0.03788
31
-10.75084
12
-0.76384
22
0.03742
32
-10.72136
13
-0.74227
23
0.14148
33
-10.82493
0
3DFACE
8
C2
10
-0.90925
20
0.03788
30
-10.75084
11
-0.93154
21
-0.06035
31
-10.64204
12
-0.78590
22
-0.06268
32
-10.61425
13
-0.76384
23
0.03742
33
-10.72136
0
3DFACE
8
C2
10
-0.93154
20
-0.06035
30
-10.64204
11
-0.95461
21
-0.15243
31
-10.52773
12
-0.80876
22
-0.15640
32
-10.50141
13
-0.78590
23
-0.06268
33
-10.61425
0
3DFACE
8
C2
10
-0.95461
20
-0.15243
30
-10.52773
11
-0.97662
21
-0.25297
31
-10.42101
12
-0.83064
22
-0.25793
32
-10.39558
13
-0.80876
23
-0.15640
33
-10.50141
0
3DFACE
8
C2
10
-0.97662
20
-0.25297
30
-10.42101
11
-0.99731
21
-0.36405
31
-10.32375
12
-0.85126
22
-0.36956
32
-10.29881
13
-0.83064
23
-0.25793
33
-10.39558
0
3DFACE
8
C2
10
-0.99731
20
-0.36405
30
-10.32375
11
-1.01959
21
-0.46239
31
-10.21506
12
-0.87346
22
-0.46857
32
-10.19071
13
-0.85126
23
-0.36956
33
-10.29881
0
3DFACE
8
C2
10
-1.01959
20
-0.46239
30
-10.21506
11
-1.04246
21
-0.55601
31
-10.10212
12
-0.89628
22
-0.56262
32
-10.07817
13
-0.87346
23
-0.46857
33
-10.19071
0
3DFACE
8
C2
10
-1.04246
20
-0.55601
30
-10.10212
11
-1.06587
21
-0.64534
31
-9.98534
12
-0.91966
22
-0.65217
32
-9.96159
13
-0.89628
23
-0.56262
33
-10.07817
0
3DFACE
8
C2
10
-1.06587
20
-0.64534
30
-9.98534
11
-1.08966
21
-0.73160
31
-9.86580
12
-0.94328
22
-0.73986
32
-9.84333
13
-0.91966
23
-0.65217
33
-9.96159
0
3DFACE
8
C2
10
-1.08966
20
-0.73160
30
-9.86580
11
-1.11278
21
-0.82324
31
-9.75109
12
-0.96621
22
-0.83304
32
-9.73000
13
-0.94328
23
-0.73986
33
-9.84333
0
3DFACE
8
C2
10
-1.11278
20
-0.82324
30
-9.75109
11
-1.13651
21
-0.91004
31
-9.63205
12
-0.98979
22
-0.92094
32
-9.61194
13
-0.96621
23
-0.83304
33
-9.73000
0
3DFACE
8
C2
10
-1.13651
20
-0.91004
30
-9.63205
11
-1.16018
21
-0.99729
31
-9.51339
12
-1.01333
22
-1.00929
32
-9.49427
13
-0.98979
23
-0.92094
33
-9.61194
0
3DFACE
8
C2
10
-1.16018
20
-0.99729
30
-9.51339
11
-1.18329
21
-1.08904
31
-9.39878
12
-1.03645
22
-1.10092
32
-9.37957
13
-1.01333
23
-1.00929
33
-9.49427
0
3DFACE
8
C2
10
-1.18329
20
-1.08904
30
-9.39878
11
-1.20716
21
-1.17464
31
-9.27865
12
-1.06017
22
-1.18773
32
-9.26052
13
-1.03645
23
-1.10092
33
-9.37957
0
3DFACE
8
C2
10
-1.20716
20
-1.17464
30
-9.27865
11
-1.23118
21
-1.25913
31
-9.15753
12
-1.08388
22
-1.27465
32
-9.14157
13
-1.06017
23
-1.18773
33
-9.26052
0
3DFACE
8
C2
10
-1.23118
20
-1.25913
30
-9.15753
11
-1.25498
21
-1.34528
31
-9.03789
12
-1.10757
22
-1.36178
32
-9.02282
13
-1.08388
23
-1.27465
33
-9.14157
0
3DFACE
8
C2
10
-1.25498
20
-1.34528
30
-9.03789
11
-1.27813
21
-1.43670
31
-8.92299
12
-1.13088
22
-1.45188
32
-8.90673
13
-1.10757
23
-1.36178
33
-9.02282
0
3DFACE
8
C2
10
-1.27813
20
-1.43670
30
-8.92299
11
-1.30084
21
-1.53164
31
-8.81124
12
-1.15418
22
-1.54210
32
-8.79074
13
-1.13088
23
-1.45188
33
-8.90673
0
3DFACE
8
C2
10
-1.30084
20
-1.53164
30
-8.81124
11
-1.32403
21
-1.62273
31
-8.69603
12
-1.17752
22
-1.63198
32
-8.67445
13
-1.15418
23
-1.54210
33
-8.79074
0
3DFACE
8
C2
10
-1.32403
20
-1.62273
30
-8.69603
11
-1.34825
21
-1.70558
31
-8.57344
12
-1.20153
22
-1.71648
32
-8.55333
13
-1.17752
23
-1.63198
33
-8.67445
0
3DFACE
8
C2
10
-1.34825
20
-1.70558
30
-8.57344
11
-1.37151
21
-1.79612
31
-8.45774
12
-1.22470
22
-1.80779
32
-8.43833
13
-1.20153
23
-1.71648
33
-8.55333
0
3DFACE
8
C2
10
-1.37151
20
-1.79612
30
-8.45774
11
-1.39382
21
-1.89424
31
-8.34885
12
-1.24720
22
-1.90437
32
-8.32806
13
-1.22470
23
-1.80779
33
-8.43833
0
3DFACE
8
C2
10
-1.39382
20
-1.89424
30
-8.34885
11
-1.41497
21
-2.00159
31
-8.24824
12
-1.26890
22
-2.00733
32
-8.22350
13
-1.24720
23
-1.90437
33
-8.32806
0
3DFACE
8
C2
10
-1.41497
20
-2.00159
30
-8.24824
11
-1.43859
21
-2.08928
31
-8.12998
12
-1.29237
22
-2.09622
32
-8.10633
13
-1.26890
23
-2.00733
33
-8.22350
0
3DFACE
8
C2
10
-1.43859
20
-2.08928
30
-8.12998
11
-1.46416
21
-2.16136
31
-7.99772
12
-1.31714
22
-2.17468
32
-7.97979
13
-1.29237
23
-2.09622
33
-8.10633
0
3DFACE
8
C2
10
-1.46416
20
-2.16136
30
-7.99772
11
-1.48945
21
-2.23564
31
-7.86744
12
-1.34199
22
-2.25247
32
-7.85266
13
-1.31714
23
-2.17468
33
-7.97979
0
3DFACE
8
C2
10
-1.48945
20
-2.23564
30
-7.86744
11
-1.51295
21
-2.32421
31
-7.74997
12
-1.36543
22
-2.34159
32
-7.73568
13
-1.34199
23
-2.25247
33
-7.85266
0
3DFACE
8
C2
10
-1.51295
20
-2.32421
30
-7.74997
11
-1.53478
21
-2.42617
31
-7.64453
12
-1.38731
22
-2.44311
32
-7.62984
13
-1.36543
23
-2.34159
33
-7.73568
0
3DFACE
8
C2
10
-1.53478
20
-2.42617
30
-7.64453
11
-1.55881
21
-2.51056
31
-7.52331
12
-1.41106
22
-2.52970
32
-7.51060
13
-1.38731
23
-2.44311
33
-7.62984
0
3DFACE
8
C2
10
-1.55881
20
-2.51056
30
-7.52331
11
-1.58524
21
-2.57573
31
-7.38484
12
-1.43672
22
-2.60101
32
-7.37765
13
-1.41106
23
-2.52970
33
-7.51060
0
3DFACE
8
C2
10
-1.58524
20
-2.57573
30
-7.38484
11
-1.60953
21
-2.65803
31
-7.26175
12
-1.46072
22
-2.68562
32
-7.25663
13
-1.43672
23
-2.60101
33
-7.37765
0
3DFACE
8
C2
10
-1.60953
20
-2.65803
30
-7.26175
11
-1.63030
21
-2.76845
31
-7.16390
12
-1.48172
22
-2.79429
32
-7.15720
13
-1.46072
23
-2.68562
33
-7.25663
0
3DFACE
8
C2
10
-1.63030
20
-2.76845
30
-7.16390
11
-1.64842
21
-2.90008
31
-7.08508
12
-1.50033
22
-2.92196
32
-7.07484
13
-1.48172
23
-2.79429
33
-7.15720
0
3DFACE
8
C2
10
-1.64842
20
-2.90008
30
-7.08508
11
-1.66992
21
-3.00468
31
-6.98201
12
-1.52201
22
-3.02514
32
-6.97048
13
-1.50033
23
-2.92196
33
-7.07484
0
3DFACE
8
C2
10
-1.66992
20
-3.00468
30
-6.98201
11
-1.69476
21
-3.08259
31
-6.85497
12
-1.54675
22
-3.10382
32
-6.84414
13
-1.52201
23
-3.02514
33
-6.97048
0
3DFACE
8
C2
10
-1.69476
20
-3.08259
30
-6.85497
11
-1.71792
21
-3.17390
31
-6.73997
12
-1.56993
22
-3.19502
32
-6.72903
13
-1.54675
23
-3.10382
33
-6.84414
0
3DFACE
8
C2
10
-1.71792
20
-3.17390
30
-6.73997
11
-1.73806
21
-3.28938
31
-6.64666
12
-1.59031
22
-3.30852
32
-6.63395
13
-1.56993
23
-3.19502
33
-6.72903
0
3DFACE
8
C2
10
-1.73806
20
-3.28938
30
-6.64666
11
-1.75634
21
-3.41969
31
-6.56665
12
-1.60886
22
-3.43674
32
-6.55207
13
-1.59031
23
-3.30852
33
-6.63395
0
3DFACE
8
C2
10
-1.75634
20
-3.41969
30
-6.56665
11
-1.77867
21
-3.51770
31
-6.45766
12
-1.63115
22
-3.53497
32
-6.44328
13
-1.60886
23
-3.43674
33
-6.55207
0
3DFACE
8
C2
10
-1.77867
20
-3.51770
30
-6.45766
11
-1.80504
21
-3.58331
31
-6.31959
12
-1.65717
22
-3.60343
32
-6.30776
13
-1.63115
23
-3.53497
33
-6.44328
0
3DFACE
8
C2
10
-1.80504
20
-3.58331
30
-6.31959
11
-1.82882
21
-3.66967
31
-6.20014
12
-1.68086
22
-3.69057
32
-6.18901
13
-1.65717
23
-3.60343
33
-6.30776
0
3DFACE
8
C2
10
-1.82882
20
-3.66967
30
-6.20014
11
-1.84843
21
-3.78944
31
-6.11068
12
-1.70084
22
-3.80725
32
-6.09679
13
-1.68086
23
-3.69057
33
-6.18901
0
3DFACE
8
C2
10
-1.84843
20
-3.78944
30
-6.11068
11
-1.86542
21
-3.93007
31
-6.03994
12
-1.71863
22
-3.94152
32
-6.02033
13
-1.70084
23
-3.80725
33
-6.09679
0
3DFACE
8
C2
10
-1.86542
20
-3.93007
30
-6.03994
11
-1.88407
21
-4.05742
31
-5.95728
12
-1.73795
22
-4.06359
32
-5.93294
13
-1.71863
23
-3.94152
33
-6.02033
0
3DFACE
8
C2
10
-1.88407
20
-4.05742
30
-5.95728
11
-1.90479
21
-4.16828
31
-5.85983
12
-1.75927
22
-4.16962
32
-5.83114
13
-1.73795
23
-4.06359
33
-5.93294
0
3DFACE
8
C2
10
-1.90479
20
-4.16828
30
-5.85983
11
-1.92340
21
-4.29596
31
-5.77746
12
-1.77853
22
-4.29213
32
-5.74414
13
-1.75927
23
-4.16962
33
-5.83114
0
3DFACE
8
C2
10
-0.20725
20
2.49980
30
-13.43527
11
-0.22884
21
2.39585
31
-13.33161
12
-0.08389
22
2.39913
32
-13.29878
13
-0.06215
23
2.50175
33
-13.40363
0
3DFACE
8
C2
10
-0.22884
20
2.39585
30
-13.33161
11
-0.25101
21
2.29663
31
-13.22370
12
-0.10605
22
2.29980
32
-13.19098
13
-0.08389
23
2.39913
33
-13.29878
0
3DFACE
8
C2
10
-0.25101
20
2.29663
30
-13.22370
11
-0.27254
21
2.19225
31
-13.12043
12
-0.12772
22
2.19651
32
-13.08672
13
-0.10605
23
2.29980
33
-13.19098
0
3DFACE
8
C2
10
-0.27254
20
2.19225
30
-13.12043
11
-0.29349
21
2.08325
31
-13.02130
12
-0.14895
22
2.08982
32
-12.98552
13
-0.12772
23
2.19651
33
-13.08672
0
3DFACE
8
C2
10
-0.29349
20
2.08325
30
-13.02130
11
-0.31504
21
1.97909
31
-12.91783
12
-0.17059
22
1.98632
32
-12.88146
13
-0.14895
23
2.08982
33
-12.98552
0
3DFACE
8
C2
10
-0.31504
20
1.97909
30
-12.91783
11
-0.33745
21
1.88173
31
-12.80825
12
-0.19272
22
1.88677
32
-12.77385
13
-0.17059
23
1.98632
33
-12.88146
0
3DFACE
8
C2
10
-0.33745
20
1.88173
30
-12.80825
11
-0.36025
21
1.78757
31
-12.69581
12
-0.21513
22
1.78941
32
-12.66427
13
-0.19272
23
1.88677
33
-12.77385
0
3DFACE
8
C2
10
-0.36025
20
1.78757
30
-12.69581
11
-0.38212
21
1.68593
31
-12.59007
12
-0.23690
22
1.68701
32
-12.55922
13
-0.21513
23
1.78941
33
-12.66427
0
3DFACE
8
C2
10
-0.38212
20
1.68593
30
-12.59007
11
-0.40303
21
1.57660
31
-12.49124
12
-0.25802
22
1.57933
32
-12.45891
13
-0.23690
23
1.68701
33
-12.55922
0
3DFACE
8
C2
10
-0.40303
20
1.57660
30
-12.49124
11
-0.42487
21
1.47475
31
-12.38570
12
-0.27985
22
1.47736
32
-12.35347
13
-0.25802
23
1.57933
33
-12.45891
0
3DFACE
8
C2
10
-0.42487
20
1.47475
30
-12.38570
11
-0.44814
21
1.38432
31
-12.26990
12
-0.30282
22
1.38451
32
-12.23984
13
-0.27985
23
1.47736
33
-12.35347
0
3DFACE
8
C2
10
-0.44814
20
1.38432
30
-12.26990
11
-0.47236
21
1.30147
31
-12.14731
12
-0.32655
22
1.29782
32
-12.12070
13
-0.30282
23
1.38451
33
-12.23984
0
3DFACE
8
C2
10
-0.47236
20
1.30147
30
-12.14731
11
-0.49544
21
1.20950
31
-12.03289
12
-0.34952
22
1.20497
32
-12.00707
13
-0.32655
23
1.29782
33
-12.12070
0
3DFACE
8
C2
10
-0.49544
20
1.20950
30
-12.03289
11
-0.51740
21
1.10852
31
-11.92657
12
-0.37174
22
1.10608
32
-11.89887
13
-0.34952
23
1.20497
33
-12.00707
0
3DFACE
8
C2
10
-0.51740
20
1.10852
30
-11.92657
11
-0.53993
21
1.01215
31
-11.81610
12
-0.39435
22
1.01038
32
-11.78781
13
-0.37174
23
1.10608
33
-11.89887
0
3DFACE
8
C2
10
-0.53993
20
1.01215
30
-11.81610
11
-0.56357
21
0.92469
31
-11.69764
12
-0.41773
22
0.92082
32
-11.67123
13
-0.39435
23
1.01038
33
-11.78781
0
3DFACE
8
C2
10
-0.56357
20
0.92469
30
-11.69764
11
-0.58791
21
0.84283
31
-11.57416
12
-0.44192
22
0.83775
32
-11.54883
13
-0.41773
23
0.92082
33
-11.67123
0
3DFACE
8
C2
10
-0.58791
20
0.84283
30
-11.57416
11
-0.61030
21
0.74537
31
-11.46467
12
-0.46425
22
0.73974
32
-11.43984
13
-0.44192
23
0.83775
33
-11.54883
0
3DFACE
8
C2
10
-0.61030
20
0.74537
30
-11.46467
11
-0.63127
21
0.63648
31
-11.36545
12
-0.48558
22
0.63382
32
-11.33795
13
-0.46425
23
0.73974
33
-11.43984
0
3DFACE
8
C2
10
-0.63127
20
0.63648
30
-11.36545
11
-0.65297
21
0.53352
31
-11.26089
12
-0.50744
22
0.53207
32
-11.23231
13
-0.48558
23
0.63382
33
-11.33795
0
3DFACE
8
C2
10
-0.65297
20
0.53352
30
-11.26089
11
-0.67572
21
0.43892
31
-11.14885
12
-0.52997
22
0.43571
32
-11.12184
13
-0.50744
23
0.53207
33
-11.23231
0
3DFACE
8
C2
10
-0.67572
20
0.43892
30
-11.14885
11
-0.69971
21
0.35420
31
-11.02793
12
-0.55380
22
0.34978
32
-11.00200
13
-0.52997
23
0.43571
33
-11.12184
0
3DFACE
8
C2
10
-0.69971
20
0.35420
30
-11.02793
11
-0.72162
21
0.25289
31
-10.92189
12
-0.57563
22
0.24782
32
-10.89656
13
-0.55380
23
0.34978
33
-11.00200
0
3DFACE
8
C2
10
-0.72162
20
0.25289
30
-10.92189
11
-0.74227
21
0.14148
31
-10.82493
12
-0.59620
22
0.13574
32
-10.80019
13
-0.57563
23
0.24782
33
-10.89656
0
3DFACE
8
C2
10
-0.74227
20
0.14148
30
-10.82493
11
-0.76384
21
0.03742
31
-10.72136
12
-0.61777
22
0.03169
32
-10.69663
13
-0.59620
23
0.13574
33
-10.80019
0
3DFACE
8
C2
10
-0.76384
20
0.03742
30
-10.72136
11
-0.78590
21
-0.06268
31
-10.61425
12
-0.63964
22
-0.06995
32
-10.59089
13
-0.61777
23
0.03169
33
-10.69663
0
3DFACE
8
C2
10
-0.78590
20
-0.06268
30
-10.61425
11
-0.80876
21
-0.15640
31
-10.50141
12
-0.66236
22
-0.16477
32
-10.47904
13
-0.63964
23
-0.06995
33
-10.59089
0
3DFACE
8
C2
10
-0.80876
20
-0.15640
30
-10.50141
11
-0.83064
21
-0.25793
31
-10.39558
12
-0.68424
22
-0.26630
32
-10.37321
13
-0.66236
23
-0.16477
33
-10.47904
0
3DFACE
8
C2
10
-0.83064
20
-0.25793
30
-10.39558
11
-0.85126
21
-0.36956
31
-10.29881
12
-0.70472
22
-0.37903
32
-10.27743
13
-0.68424
23
-0.26630
33
-10.37321
0
3DFACE
8
C2
10
-0.85126
20
-0.36956
30
-10.29881
11
-0.87346
21
-0.46857
31
-10.19071
12
-0.72691
22
-0.47814
32
-10.16942
13
-0.70472
23
-0.37903
33
-10.27743
0
3DFACE
8
C2
10
-0.87346
20
-0.46857
30
-10.19071
11
-0.89628
21
-0.56262
31
-10.07817
12
-0.74967
22
-0.57264
32
-10.05728
13
-0.72691
23
-0.47814
33
-10.16942
0
3DFACE
8
C2
10
-0.89628
20
-0.56262
30
-10.07817
11
-0.91966
21
-0.65217
31
-9.96159
12
-0.77312
22
-0.66164
32
-9.94020
13
-0.74967
23
-0.57264
33
-10.05728
0
3DFACE
8
C2
10
-0.91966
20
-0.65217
30
-9.96159
11
-0.94328
21
-0.73986
31
-9.84333
12
-0.79655
22
-0.75087
32
-9.82333
13
-0.77312
23
-0.66164
33
-9.94020
0
3DFACE
8
C2
10
-0.94328
20
-0.73986
30
-9.84333
11
-0.96621
21
-0.83304
31
-9.73000
12
-0.81923
22
-0.84602
32
-9.71177
13
-0.79655
23
-0.75087
33
-9.82333
0
3DFACE
8
C2
10
-0.96621
20
-0.83304
30
-9.73000
11
-0.98979
21
-0.92094
31
-9.61194
12
-0.84261
22
-0.93557
32
-9.59519
13
-0.81923
23
-0.84602
33
-9.71177
0
3DFACE
8
C2
10
-0.98979
20
-0.92094
30
-9.61194
11
-1.01333
21
-1.00929
31
-9.49427
12
-0.86599
22
-1.02513
32
-9.47861
13
-0.84261
23
-0.93557
33
-9.59519
0
3DFACE
8
C2
10
-1.01333
20
-1.00929
30
-9.49427
11
-1.03645
21
-1.10092
31
-9.37957
12
-0.88919
22
-1.11611
32
-9.36331
13
-0.86599
23
-1.02513
33
-9.47861
0
3DFACE
8
C2
10
-1.03645
20
-1.10092
30
-9.37957
11
-1.06017
21
-1.18773
31
-9.26052
12
-0.91281
22
-1.20379
32
-9.24505
13
-0.88919
23
-1.11611
33
-9.36331
0
3DFACE
8
C2
10
-1.06017
20
-1.18773
30
-9.26052
11
-1.08388
21
-1.27465
31
-9.14157
12
-0.93615
22
-1.29367
32
-9.12876
13
-0.91281
23
-1.20379
33
-9.24505
0
3DFACE
8
C2
10
-1.08388
20
-1.27465
30
-9.14157
11
-1.10757
21
-1.36178
31
-9.02282
12
-0.95968
22
-1.38202
32
-9.01109
13
-0.93615
23
-1.29367
33
-9.12876
0
3DFACE
8
C2
10
-1.10757
20
-1.36178
30
-9.02282
11
-1.13088
21
-1.45188
31
-8.90673
12
-0.98304
22
-1.47179
32
-8.89471
13
-0.95968
23
-1.38202
33
-9.01109
0
3DFACE
8
C2
10
-1.13088
20
-1.45188
30
-8.90673
11
-1.15418
21
-1.54210
31
-8.79074
12
-1.00683
22
-1.55805
32
-8.77517
13
-0.98304
23
-1.47179
33
-8.89471
0
3DFACE
8
C2
10
-1.15418
20
-1.54210
30
-8.79074
11
-1.17752
21
-1.63198
31
-8.67445
12
-1.03021
22
-1.64760
32
-8.65859
13
-1.00683
23
-1.55805
33
-8.77517
0
3DFACE
8
C2
10
-1.17752
20
-1.63198
30
-8.67445
11
-1.20153
21
-1.71648
31
-8.55333
12
-1.05386
22
-1.73506
32
-8.54013
13
-1.03021
23
-1.64760
33
-8.65859
0
3DFACE
8
C2
10
-1.20153
20
-1.71648
30
-8.55333
11
-1.22470
21
-1.80779
31
-8.43833
12
-1.07684
22
-1.82780
32
-8.42641
13
-1.05386
23
-1.73506
33
-8.54013
0
3DFACE
8
C2
10
-1.22470
20
-1.80779
30
-8.43833
11
-1.24720
21
-1.90437
31
-8.32806
12
-1.09951
22
-1.92307
32
-8.31495
13
-1.07684
23
-1.82780
33
-8.42641
0
3DFACE
8
C2
10
-1.24720
20
-1.90437
30
-8.32806
11
-1.26890
21
-2.00733
31
-8.22350
12
-1.12160
22
-2.02295
32
-8.20764
13
-1.09951
23
-1.92307
33
-8.31495
0
3DFACE
8
C2
10
-1.26890
20
-2.00733
30
-8.22350
11
-1.29237
21
-2.09622
31
-8.10633
12
-1.14490
22
-2.11316
32
-8.09165
13
-1.12160
23
-2.02295
33
-8.20764
0
3DFACE
8
C2
10
-1.29237
20
-2.09622
30
-8.10633
11
-1.31714
21
-2.17468
31
-7.97979
12
-1.16877
22
-2.19876
32
-7.97152
13
-1.14490
23
-2.11316
33
-8.09165
0
3DFACE
8
C2
10
-1.31714
20
-2.17468
30
-7.97979
11
-1.34199
21
-2.25247
31
-7.85266
12
-1.19327
22
-2.27941
32
-7.84695
13
-1.16877
23
-2.19876
33
-7.97152
0
3DFACE
8
C2
10
-1.34199
20
-2.25247
30
-7.85266
11
-1.36543
21
-2.34159
31
-7.73568
12
-1.21683
22
-2.36753
32
-7.72908
13
-1.19327
23
-2.27941
33
-7.84695
0
3DFACE
8
C2
10
-1.36543
20
-2.34159
30
-7.73568
11
-1.38731
21
-2.44311
31
-7.62984
12
-1.23912
22
-2.46577
32
-7.62029
13
-1.21683
23
-2.36753
33
-7.72908
0
3DFACE
8
C2
10
-1.38731
20
-2.44311
30
-7.62984
11
-1.41106
21
-2.52970
31
-7.51060
12
-1.26279
22
-2.55301
32
-7.50164
13
-1.23912
23
-2.46577
33
-7.62029
0
3DFACE
8
C2
10
-1.41106
20
-2.52970
30
-7.51060
11
-1.43672
21
-2.60101
31
-7.37765
12
-1.28788
22
-2.62894
32
-7.37283
13
-1.26279
23
-2.55301
33
-7.50164
0
3DFACE
8
C2
10
-1.43672
20
-2.60101
30
-7.37765
11
-1.46072
21
-2.68562
31
-7.25663
12
-1.31186
22
-2.71366
32
-7.25191
13
-1.28788
23
-2.62894
33
-7.37283
0
3DFACE
8
C2
10
-1.46072
20
-2.68562
30
-7.25663
11
-1.48172
21
-2.79429
31
-7.15720
12
-1.33354
22
-2.81683
32
-7.14755
13
-1.31186
23
-2.71366
33
-7.25191
0
3DFACE
8
C2
10
-1.48172
20
-2.79429
30
-7.15720
11
-1.50033
21
-2.92196
31
-7.07484
12
-1.35316
22
-2.93649
32
-7.05799
13
-1.33354
23
-2.81683
33
-7.14755
0
3DFACE
8
C2
10
-1.50033
20
-2.92196
30
-7.07484
11
-1.52201
21
-3.02514
31
-6.97048
12
-1.37519
22
-3.03681
32
-6.95107
13
-1.35316
23
-2.93649
33
-7.05799
0
3DFACE
8
C2
10
-1.52201
20
-3.02514
30
-6.97048
11
-1.54675
21
-3.10382
31
-6.84414
12
-1.39963
22
-3.11790
32
-6.82689
13
-1.37519
23
-3.03681
33
-6.95107
0
3DFACE
8
C2
10
-1.54675
20
-3.10382
30
-6.84414
11
-1.56993
21
-3.19502
31
-6.72903
12
-1.42277
22
-3.20943
32
-6.71209
13
-1.39963
23
-3.11790
33
-6.82689
0
3DFACE
8
C2
10
-1.56993
20
-3.19502
30
-6.72903
11
-1.59031
21
-3.30852
31
-6.63395
12
-1.44369
22
-3.31865
32
-6.61315
13
-1.42277
23
-3.20943
33
-6.71209
0
3DFACE
8
C2
10
-1.59031
20
-3.30852
30
-6.63395
11
-1.60886
21
-3.43674
31
-6.55207
12
-1.46294
22
-3.44127
32
-6.52625
13
-1.44369
23
-3.31865
33
-6.61315
0
3DFACE
8
C2
10
-1.60886
20
-3.43674
30
-6.55207
11
-1.63115
21
-3.53497
31
-6.44328
12
-1.48521
22
-3.53972
32
-6.41765
13
-1.46294
23
-3.44127
33
-6.52625
0
3DFACE
8
C2
10
-1.63115
20
-3.53497
30
-6.44328
11
-1.65717
21
-3.60343
31
-6.30776
12
-1.51050
22
-3.61400
32
-6.28737
13
-1.48521
23
-3.53972
33
-6.41765
0
3DFACE
8
C2
10
-1.65717
20
-3.60343
30
-6.30776
11
-1.68086
21
-3.69057
31
-6.18901
12
-1.53389
22
-3.70344
32
-6.17068
13
-1.51050
23
-3.61400
33
-6.28737
0
3DFACE
8
C2
10
-1.68086
20
-3.69057
30
-6.18901
11
-1.70084
21
-3.80725
31
-6.09679
12
-1.55431
22
-3.81672
32
-6.07540
13
-1.53389
23
-3.70344
33
-6.17068
0
3DFACE
8
C2
10
-1.70084
20
-3.80725
30
-6.09679
11
-1.71863
21
-3.94152
31
-6.02033
12
-1.57278
22
-3.94550
32
-5.99402
13
-1.55431
23
-3.81672
33
-6.07540
0
3DFACE
8
C2
10
-1.71863
20
-3.94152
30
-6.02033
11
-1.73795
21
-4.06359
31
-5.93294
12
-1.59248
22
-4.06449
32
-5.90386
13
-1.57278
23
-3.94550
33
-5.99402
0
3DFACE
8
C2
10
-1.73795
20
-4.06359
30
-5.93294
11
-1.75927
21
-4.16962
31
-5.83114
12
-1.61383
22
-4.17030
32
-5.80187
13
-1.59248
23
-4.06449
33
-5.90386
0
3DFACE
8
C2
10
-1.75927
20
-4.16962
30
-5.83114
11
-1.77853
21
-4.29213
31
-5.74414
12
-1.63343
22
-4.29007
32
-5.71240
13
-1.61383
23
-4.17030
33
-5.80187
0
3DFACE
8
C2
10
-0.06215
20
2.50175
30
-13.40363
11
-0.08389
21
2.39913
31
-13.29878
12
0.06163
22
2.39779
32
-13.27010
13
0.08362
23
2.49843
33
-13.37672
0
3DFACE
8
C2
10
-0.08389
20
2.39913
30
-13.29878
11
-0.10605
21
2.29980
31
-13.19098
12
0.03950
22
2.29824
32
-13.16249
13
0.06163
23
2.39779
33
-13.27010
0
3DFACE
8
C2
10
-0.10605
20
2.29980
30
-13.19098
11
-0.12772
21
2.19651
31
-13.08672
12
0.01760
22
2.19682
32
-13.05656
13
0.03950
23
2.29824
33
-13.16249
0
3DFACE
8
C2
10
-0.12772
20
2.19651
30
-13.08672
11
-0.14895
21
2.08982
31
-12.98552
12
-0.00402
22
2.09320
32
-12.95260
13
0.01760
23
2.19682
33
-13.05656
0
3DFACE
8
C2
10
-0.14895
20
2.08982
30
-12.98552
11
-0.17059
21
1.98632
31
-12.88146
12
-0.02574
22
1.99036
32
-12.84794
13
-0.00402
23
2.09320
33
-12.95260
0
3DFACE
8
C2
10
-0.17059
20
1.98632
30
-12.88146
11
-0.19272
21
1.88677
31
-12.77385
12
-0.04763
22
1.88883
32
-12.74211
13
-0.02574
23
1.99036
33
-12.84794
0
3DFACE
8
C2
10
-0.19272
20
1.88677
30
-12.77385
11
-0.21513
21
1.78941
31
-12.66427
12
-0.06957
22
1.78774
32
-12.63588
13
-0.04763
23
1.88883
33
-12.74211
0
3DFACE
8
C2
10
-0.21513
20
1.78941
30
-12.66427
11
-0.23690
21
1.68701
31
-12.55922
12
-0.09124
22
1.68457
32
-12.53152
13
-0.06957
23
1.78774
33
-12.63588
0
3DFACE
8
C2
10
-0.23690
20
1.68701
30
-12.55922
11
-0.25802
21
1.57933
31
-12.45891
12
-0.11265
22
1.57920
32
-12.42914
13
-0.09124
23
1.68457
33
-12.53152
0
3DFACE
8
C2
10
-0.25802
20
1.57933
30
-12.45891
11
-0.27985
21
1.47736
31
-12.35347
12
-0.13449
22
1.47734
32
-12.32360
13
-0.11265
23
1.57920
33
-12.42914
0
3DFACE
8
C2
10
-0.27985
20
1.47736
30
-12.35347
11
-0.30282
21
1.38451
31
-12.23984
12
-0.15709
22
1.38153
32
-12.21264
13
-0.13449
23
1.47734
33
-12.32360
0
3DFACE
8
C2
10
-0.30282
20
1.38451
30
-12.23984
11
-0.32655
21
1.29782
31
-12.12070
12
-0.18022
22
1.29000
32
-12.09783
13
-0.15709
23
1.38153
33
-12.21264
0
3DFACE
8
C2
10
-0.32655
20
1.29782
30
-12.12070
11
-0.34952
21
1.20497
31
-12.00707
12
-0.20308
22
1.19627
32
-11.98500
13
-0.18022
23
1.29000
33
-12.09783
0
3DFACE
8
C2
10
-0.34952
20
1.20497
30
-12.00707
11
-0.37174
21
1.10608
31
-11.89887
12
-0.22558
22
1.09969
32
-11.87472
13
-0.20308
23
1.19627
33
-11.98500
0
3DFACE
8
C2
10
-0.37174
20
1.10608
30
-11.89887
11
-0.39435
21
1.01038
31
-11.78781
12
-0.24840
22
1.00563
32
-11.76218
13
-0.22558
23
1.09969
33
-11.87472
0
3DFACE
8
C2
10
-0.39435
20
1.01038
30
-11.78781
11
-0.41773
21
0.92082
31
-11.67123
12
-0.27174
22
0.91575
32
-11.64590
13
-0.24840
23
1.00563
33
-11.76218
0
3DFACE
8
C2
10
-0.41773
20
0.92082
30
-11.67123
11
-0.44192
21
0.83775
31
-11.54883
12
-0.29581
22
0.83169
32
-11.52439
13
-0.27174
23
0.91575
33
-11.64590
0
3DFACE
8
C2
10
-0.44192
20
0.83775
30
-11.54883
11
-0.46425
21
0.73974
31
-11.43984
12
-0.31838
22
0.73565
32
-11.41362
13
-0.29581
23
0.83169
33
-11.52439
0
3DFACE
8
C2
10
-0.46425
20
0.73974
30
-11.43984
11
-0.48558
21
0.63382
31
-11.33795
12
-0.34035
22
0.63479
32
-11.30719
13
-0.31838
23
0.73565
33
-11.41362
0
3DFACE
8
C2
10
-0.48558
20
0.63382
30
-11.33795
11
-0.50744
21
0.53207
31
-11.23231
12
-0.36252
22
0.53557
32
-11.19929
13
-0.34035
23
0.63479
33
-11.30719
0
3DFACE
8
C2
10
-0.50744
20
0.53207
30
-11.23231
11
-0.52997
21
0.43571
31
-11.12184
12
-0.38502
22
0.43898
32
-11.08902
13
-0.36252
23
0.53557
33
-11.19929
0
3DFACE
8
C2
10
-0.52997
20
0.43571
30
-11.12184
11
-0.55380
21
0.34978
31
-11.00200
12
-0.40865
22
0.35141
32
-10.97066
13
-0.38502
23
0.43898
33
-11.08902
0
3DFACE
8
C2
10
-0.55380
20
0.34978
30
-11.00200
11
-0.57563
21
0.24782
31
-10.89656
12
-0.43050
22
0.24955
32
-10.86512
13
-0.40865
23
0.35141
33
-10.97066
0
3DFACE
8
C2
10
-0.57563
20
0.24782
30
-10.89656
11
-0.59620
21
0.13574
31
-10.80019
12
-0.45121
22
0.13869
32
-10.76767
13
-0.43050
23
0.24955
33
-10.86512
0
3DFACE
8
C2
10
-0.59620
20
0.13574
30
-10.80019
11
-0.61777
21
0.03169
31
-10.69663
12
-0.47278
22
0.03463
32
-10.66410
13
-0.45121
23
0.13869
33
-10.76767
0
3DFACE
8
C2
10
-0.61777
20
0.03169
30
-10.69663
11
-0.63964
21
-0.06995
31
-10.59089
12
-0.49449
22
-0.06832
32
-10.55955
13
-0.47278
23
0.03463
33
-10.66410
0
3DFACE
8
C2
10
-0.63964
20
-0.06995
30
-10.59089
11
-0.66236
21
-0.16477
31
-10.47904
12
-0.51699
22
-0.16491
32
-10.44927
13
-0.49449
23
-0.06832
33
-10.55955
0
3DFACE
8
C2
10
-0.66236
20
-0.16477
30
-10.47904
11
-0.68424
21
-0.26630
31
-10.37321
12
-0.53878
22
-0.26720
32
-10.34413
13
-0.51699
23
-0.16491
33
-10.44927
0
3DFACE
8
C2
10
-0.68424
20
-0.26630
30
-10.37321
11
-0.70472
21
-0.37903
31
-10.27743
12
-0.55924
22
-0.38005
32
-10.24845
13
-0.53878
23
-0.26720
33
-10.34413
0
3DFACE
8
C2
10
-0.70472
20
-0.37903
30
-10.27743
11
-0.72691
21
-0.47814
31
-10.16942
12
-0.58131
22
-0.48014
32
-10.14133
13
-0.55924
23
-0.38005
33
-10.24845
0
3DFACE
8
C2
10
-0.72691
20
-0.47814
30
-10.16942
11
-0.74967
21
-0.57264
31
-10.05728
12
-0.60389
22
-0.57607
32
-10.03047
13
-0.58131
23
-0.48014
33
-10.14133
0
3DFACE
8
C2
10
-0.74967
20
-0.57264
30
-10.05728
11
-0.77312
21
-0.66164
31
-9.94020
12
-0.62718
22
-0.66639
32
-9.91458
13
-0.60389
23
-0.57607
33
-10.03047
0
3DFACE
8
C2
10
-0.77312
20
-0.66164
30
-9.94020
11
-0.79655
21
-0.75087
31
-9.82333
12
-0.65031
22
-0.75792
32
-9.79977
13
-0.62718
23
-0.66639
33
-9.91458
0
3DFACE
8
C2
10
-0.79655
20
-0.75087
30
-9.82333
11
-0.81923
21
-0.84602
31
-9.71177
12
-0.67275
22
-0.85505
32
-9.68999
13
-0.65031
23
-0.75792
33
-9.79977
0
3DFACE
8
C2
10
-0.81923
20
-0.84602
30
-9.71177
11
-0.84261
21
-0.93557
31
-9.59519
12
-0.69588
22
-0.94658
32
-9.57518
13
-0.67275
23
-0.85505
33
-9.68999
0
3DFACE
8
C2
10
-0.84261
20
-0.93557
30
-9.59519
11
-0.86599
21
-1.02513
31
-9.47861
12
-0.71907
22
-1.03767
32
-9.45998
13
-0.69588
23
-0.94658
33
-9.57518
0
3DFACE
8
C2
10
-0.86599
20
-1.02513
30
-9.47861
11
-0.88919
21
-1.11611
31
-9.36331
12
-0.74224
22
-1.12887
32
-9.34488
13
-0.71907
23
-1.03767
33
-9.45998
0
3DFACE
8
C2
10
-0.88919
20
-1.11611
30
-9.36331
11
-0.91281
21
-1.20379
31
-9.24505
12
-0.76563
22
-1.21843
32
-9.22830
13
-0.74224
23
-1.12887
33
-9.34488
0
3DFACE
8
C2
10
-0.91281
20
-1.20379
30
-9.24505
11
-0.93615
21
-1.29367
31
-9.12876
12
-0.78865
22
-1.31083
32
-9.11428
13
-0.76563
23
-1.21843
33
-9.22830
0
3DFACE
8
C2
10
-0.93615
20
-1.29367
30
-9.12876
11
-0.95968
21
-1.38202
31
-9.01109
12
-0.81210
22
-1.39984
32
-8.99720
13
-0.78865
23
-1.31083
33
-9.11428
0
3DFACE
8
C2
10
-0.95968
20
-1.38202
30
-9.01109
11
-0.98304
21
-1.47179
31
-8.89471
12
-0.83557
22
-1.48873
32
-8.88003
13
-0.81210
23
-1.39984
33
-8.99720
0
3DFACE
8
C2
10
-0.98304
20
-1.47179
30
-8.89471
11
-1.00683
21
-1.55805
31
-8.77517
12
-0.85965
22
-1.57268
32
-8.75842
13
-0.83557
23
-1.48873
33
-8.88003
0
3DFACE
8
C2
10
-1.00683
20
-1.55805
30
-8.77517
11
-1.03021
21
-1.64760
31
-8.65859
12
-0.88310
22
-1.66168
32
-8.64134
13
-0.85965
23
-1.57268
33
-8.75842
0
3DFACE
8
C2
10
-1.03021
20
-1.64760
30
-8.65859
11
-1.05386
21
-1.73506
31
-8.54013
12
-0.90648
22
-1.75124
32
-8.52476
13
-0.88310
23
-1.66168
33
-8.64134
0
3DFACE
8
C2
10
-1.05386
20
-1.73506
30
-8.54013
11
-1.07684
21
-1.82780
31
-8.42641
12
-0.92945
22
-1.84408
32
-8.41114
13
-0.90648
23
-1.75124
33
-8.52476
0
3DFACE
8
C2
10
-1.07684
20
-1.82780
30
-8.42641
11
-1.09951
21
-1.92307
31
-8.31495
12
-0.95235
22
-1.93748
32
-8.29800
13
-0.92945
23
-1.84408
33
-8.41114
0
3DFACE
8
C2
10
-1.09951
20
-1.92307
30
-8.31495
11
-1.12160
21
-2.02295
31
-8.20764
12
-0.97526
22
-2.03077
32
-8.18477
13
-0.95235
23
-1.93748
33
-8.29800
0
3DFACE
8
C2
10
-1.12160
20
-2.02295
30
-8.20764
11
-1.14490
21
-2.11316
31
-8.09165
12
-0.99847
22
-2.12175
32
-8.06947
13
-0.97526
23
-2.03077
33
-8.18477
0
3DFACE
8
C2
10
-1.14490
20
-2.11316
30
-8.09165
11
-1.16877
21
-2.19876
31
-7.97152
12
-1.02173
22
-2.21229
32
-7.95378
13
-0.99847
23
-2.12175
33
-8.06947
0
3DFACE
8
C2
10
-1.16877
20
-2.19876
30
-7.97152
11
-1.19327
21
-2.27941
31
-7.84695
12
-1.04556
22
-2.29822
32
-7.83394
13
-1.02173
23
-2.21229
33
-7.95378
0
3DFACE
8
C2
10
-1.19327
20
-2.27941
30
-7.84695
11
-1.21683
21
-2.36753
31
-7.72908
12
-1.06876
22
-2.38920
32
-7.71864
13
-1.04556
23
-2.29822
33
-7.83394
0
3DFACE
8
C2
10
-1.21683
20
-2.36753
30
-7.72908
11
-1.23912
21
-2.46577
31
-7.62029
12
-1.09098
22
-2.48809
32
-7.61044
13
-1.06876
23
-2.38920
33
-7.71864
0
3DFACE
8
C2
10
-1.23912
20
-2.46577
30
-7.62029
11
-1.26279
21
-2.55301
31
-7.50164
12
-1.11414
22
-2.57940
32
-7.49544
13
-1.09098
23
-2.48809
33
-7.61044
0
3DFACE
8
C2
10
-1.26279
20
-2.55301
30
-7.50164
11
-1.28788
21
-2.62894
31
-7.37283
12
-1.13804
22
-2.66478
32
-7.37511
13
-1.11414
23
-2.57940
33
-7.49544
0
3DFACE
8
C2
10
-1.28788
20
-2.62894
30
-7.37283
11
-1.31186
21
-2.71366
31
-7.25191
12
-1.16166
22
-2.75246
32
-7.25685
13
-1.13804
23
-2.66478
33
-7.37511
0
3DFACE
8
C2
10
-1.31186
20
-2.71366
30
-7.25191
11
-1.33354
21
-2.81683
31
-7.14755
12
-1.18353
22
-2.85410
32
-7.15111
13
-1.16166
23
-2.75246
33
-7.25685
0
3DFACE
8
C2
10
-1.33354
20
-2.81683
30
-7.14755
11
-1.35316
21
-2.93649
31
-7.05799
12
-1.20396
22
-2.96727
32
-7.05573
13
-1.18353
23
-2.85410
33
-7.15111
0
3DFACE
8
C2
10
-1.35316
20
-2.93649
30
-7.05799
11
-1.37519
21
-3.03681
31
-6.95107
12
-1.22632
22
-3.06495
32
-6.94644
13
-1.20396
23
-2.96727
33
-7.05573
0
3DFACE
8
C2
10
-1.37519
20
-3.03681
30
-6.95107
11
-1.39963
21
-3.11790
31
-6.82689
12
-1.25064
22
-3.14703
32
-6.82316
13
-1.22632
23
-3.06495
33
-6.94644
0
3DFACE
8
C2
10
-1.39963
20
-3.11790
30
-6.82689
11
-1.42277
21
-3.20943
31
-6.71209
12
-1.27395
22
-3.23714
32
-6.70707
13
-1.25064
23
-3.14703
33
-6.82316
0
3DFACE
8
C2
10
-1.42277
20
-3.20943
30
-6.71209
11
-1.44369
21
-3.31865
31
-6.61315
12
-1.29530
22
-3.34295
32
-6.60508
13
-1.27395
23
-3.23714
33
-6.70707
0
3DFACE
8
C2
10
-1.44369
20
-3.31865
30
-6.61315
11
-1.46294
21
-3.44127
31
-6.52625
12
-1.31507
22
-3.46139
32
-6.51443
13
-1.29530
23
-3.34295
33
-6.60508
0
3DFACE
8
C2
10
-1.46294
20
-3.44127
30
-6.52625
11
-1.48521
21
-3.53972
31
-6.41765
12
-1.33746
22
-3.55886
32
-6.40494
13
-1.31507
23
-3.46139
33
-6.51443
0
3DFACE
8
C2
10
-1.48521
20
-3.53972
30
-6.41765
11
-1.51050
21
-3.61400
31
-6.28737
12
-1.36232
22
-3.63654
32
-6.27771
13
-1.33746
23
-3.55886
33
-6.40494
0
3DFACE
8
C2
10
-1.51050
20
-3.61400
30
-6.28737
11
-1.53389
21
-3.70344
31
-6.17068
12
-1.38572
22
-3.72599
32
-6.16103
13
-1.36232
23
-3.63654
33
-6.27771
0
3DFACE
8
C2
10
-1.53389
20
-3.70344
30
-6.17068
11
-1.55431
21
-3.81672
31
-6.07540
12
-1.40660
22
-3.83553
32
-6.06239
13
-1.38572
23
-3.72599
33
-6.16103
0
3DFACE
8
C2
10
-1.55431
20
-3.81672
30
-6.07540
11
-1.57278
21
-3.94550
31
-5.99402
12
-1.42570
22
-3.95936
32
-5.97658
13
-1.40660
23
-3.83553
33
-6.06239
0
3DFACE
8
C2
10
-1.57278
20
-3.94550
30
-5.99402
11
-1.59248
21
-4.06449
31
-5.90386
12
-1.44582
22
-4.07495
32
-5.88336
13
-1.42570
23
-3.95936
33
-5.97658
0
3DFACE
8
C2
10
-1.59248
20
-4.06449
30
-5.90386
11
-1.61383
21
-4.17030
31
-5.80187
12
-1.46742
22
-4.17878
32
-5.77960
13
-1.44582
23
-4.07495
33
-5.88336
0
3DFACE
8
C2
10
-1.61383
20
-4.17030
30
-5.80187
11
-1.63343
21
-4.29007
31
-5.71240
12
-1.48742
22
-4.29536
32
-5.68727
13
-1.46742
23
-4.17878
33
-5.77960
0
3DFACE
8
C2
10
0.08362
20
2.49843
30
-13.37672
11
0.06163
21
2.39779
31
-13.27010
12
0.20550
22
2.40963
32
-13.22959
13
0.22755
23
2.50984
33
-13.33660
0
3DFACE
8
C2
10
0.06163
20
2.39779
30
-13.27010
11
0.03950
21
2.29824
31
-13.16249
12
0.18337
22
2.31008
32
-13.12198
13
0.20550
23
2.40963
33
-13.22959
0
3DFACE
8
C2
10
0.03950
20
2.29824
30
-13.16249
11
0.01760
21
2.19682
31
-13.05656
12
0.16143
22
2.20899
32
-13.01575
13
0.18337
23
2.31008
33
-13.12198
0
3DFACE
8
C2
10
0.01760
20
2.19682
30
-13.05656
11
-0.00402
21
2.09320
31
-12.95260
12
0.13971
22
2.10615
32
-12.91110
13
0.16143
23
2.20899
33
-13.01575
0
3DFACE
8
C2
10
-0.00402
20
2.09320
30
-12.95260
11
-0.02574
21
1.99036
31
-12.84794
12
0.11801
22
2.00319
32
-12.80654
13
0.13971
23
2.10615
33
-12.91110
0
3DFACE
8
C2
10
-0.02574
20
1.99036
30
-12.84794
11
-0.04763
21
1.88883
31
-12.74211
12
0.09633
22
1.90002
32
-12.70219
13
0.11801
23
2.00319
33
-12.80654
0
3DFACE
8
C2
10
-0.04763
20
1.88883
30
-12.74211
11
-0.06957
21
1.78774
31
-12.63588
12
0.07465
22
1.79684
32
-12.59783
13
0.09633
23
1.90002
33
-12.70219
0
3DFACE
8
C2
10
-0.06957
20
1.78774
30
-12.63588
11
-0.09124
21
1.68457
31
-12.53152
12
0.05314
22
1.69235
32
-12.49466
13
0.07465
23
1.79684
33
-12.59783
0
3DFACE
8
C2
10
-0.09124
20
1.68457
30
-12.53152
11
-0.11265
21
1.57920
31
-12.42914
12
0.03176
22
1.58676
32
-12.39247
13
0.05314
23
1.69235
33
-12.49466
0
3DFACE
8
C2
10
-0.11265
20
1.57920
30
-12.42914
11
-0.13449
21
1.47734
31
-12.32360
12
0.01000
22
1.48424
32
-12.28752
13
0.03176
23
1.58676
33
-12.39247
0
3DFACE
8
C2
10
-0.13449
20
1.47734
30
-12.32360
11
-0.15709
21
1.38153
31
-12.21264
12
-0.01239
22
1.38678
32
-12.17804
13
0.01000
23
1.48424
33
-12.28752
0
3DFACE
8
C2
10
-0.15709
20
1.38153
30
-12.21264
11
-0.18022
21
1.29000
31
-12.09783
12
-0.03528
22
1.29327
32
-12.06501
13
-0.01239
23
1.38678
33
-12.17804
0
3DFACE
8
C2
10
-0.18022
20
1.29000
30
-12.09783
11
-0.20308
21
1.19627
31
-11.98500
12
-0.05810
22
1.19921
32
-11.95247
13
-0.03528
23
1.29327
33
-12.06501
0
3DFACE
8
C2
10
-0.20308
20
1.19627
30
-11.98500
11
-0.22558
21
1.09969
31
-11.87472
12
-0.08070
22
1.10340
32
-11.84151
13
-0.05810
23
1.19921
33
-11.95247
0
3DFACE
8
C2
10
-0.22558
20
1.09969
30
-11.87472
11
-0.24840
21
1.00563
31
-11.76218
12
-0.10366
22
1.01055
32
-11.72788
13
-0.08070
23
1.10340
33
-11.84151
0
3DFACE
8
C2
10
-0.24840
20
1.00563
30
-11.76218
11
-0.27174
21
0.91575
31
-11.64590
12
-0.12720
22
0.92221
32
-11.61021
13
-0.10366
23
1.01055
33
-11.72788
0
3DFACE
8
C2
10
-0.27174
20
0.91575
30
-11.64590
11
-0.29581
21
0.83169
31
-11.52439
12
-0.15153
22
0.84024
32
-11.48683
13
-0.12720
23
0.92221
33
-11.61021
0
3DFACE
8
C2
10
-0.29581
20
0.83169
30
-11.52439
11
-0.31838
21
0.73565
31
-11.41362
12
-0.17436
22
0.74629
32
-11.37419
13
-0.15153
23
0.84024
33
-11.48683
0
3DFACE
8
C2
10
-0.31838
20
0.73565
30
-11.41362
11
-0.34035
21
0.63479
31
-11.30719
12
-0.19672
22
0.64861
32
-11.26490
13
-0.17436
23
0.74629
33
-11.37419
0
3DFACE
8
C2
10
-0.34035
20
0.63479
30
-11.30719
11
-0.36252
21
0.53557
31
-11.19929
12
-0.21921
22
0.55191
32
-11.15473
13
-0.19672
23
0.64861
33
-11.26490
0
3DFACE
8
C2
10
-0.36252
20
0.53557
30
-11.19929
11
-0.38502
21
0.43898
31
-11.08902
12
-0.24195
22
0.45720
32
-11.04278
13
-0.21921
23
0.55191
33
-11.15473
0
3DFACE
8
C2
10
-0.38502
20
0.43898
30
-11.08902
11
-0.40865
21
0.35141
31
-10.97066
12
-0.26530
22
0.36743
32
-10.92640
13
-0.24195
23
0.45720
33
-11.04278
0
3DFACE
8
C2
10
-0.40865
20
0.35141
30
-10.97066
11
-0.43050
21
0.24955
31
-10.86512
12
-0.28717
22
0.26579
32
-10.82066
13
-0.26530
23
0.36743
33
-10.92640
0
3DFACE
8
C2
10
-0.43050
20
0.24955
30
-10.86512
11
-0.45121
21
0.13869
31
-10.76767
12
-0.30781
22
0.15426
32
-10.72380
13
-0.28717
23
0.26579
33
-10.82066
0
3DFACE
8
C2
10
-0.45121
20
0.13869
30
-10.76767
11
-0.47278
21
0.03463
31
-10.66410
12
-0.32933
22
0.04988
32
-10.62053
13
-0.30781
23
0.15426
33
-10.72380
0
3DFACE
8
C2
10
-0.47278
20
0.03463
30
-10.66410
11
-0.49449
21
-0.06832
31
-10.55955
12
-0.35089
22
-0.05428
32
-10.51706
13
-0.32933
23
0.04988
33
-10.62053
0
3DFACE
8
C2
10
-0.49449
20
-0.06832
30
-10.55955
11
-0.51699
21
-0.16491
31
-10.44927
12
-0.37290
22
-0.15482
32
-10.41034
13
-0.35089
23
-0.05428
33
-10.51706
0
3DFACE
8
C2
10
-0.51699
20
-0.16491
30
-10.44927
11
-0.53878
21
-0.26720
31
-10.34413
12
-0.39444
22
-0.25909
32
-10.30697
13
-0.37290
23
-0.15482
33
-10.41034
0
3DFACE
8
C2
10
-0.53878
20
-0.26720
30
-10.34413
11
-0.55924
21
-0.38005
31
-10.24845
12
-0.41508
22
-0.37051
32
-10.21001
13
-0.39444
23
-0.25909
33
-10.30697
0
3DFACE
8
C2
10
-0.55924
20
-0.38005
30
-10.24845
11
-0.58131
21
-0.48014
31
-10.14133
12
-0.43679
22
-0.47346
32
-10.10545
13
-0.41508
23
-0.37051
33
-10.21001
0
3DFACE
8
C2
10
-0.58131
20
-0.48014
30
-10.14133
11
-0.60389
21
-0.57607
31
-10.03047
12
-0.45889
22
-0.57323
32
-9.99804
13
-0.43679
23
-0.47346
33
-10.10545
0
3DFACE
8
C2
10
-0.60389
20
-0.57607
30
-10.03047
11
-0.62718
21
-0.66639
31
-9.91458
12
-0.48181
22
-0.66652
32
-9.88481
13
-0.45889
23
-0.57323
33
-9.99804
0
3DFACE
8
C2
10
-0.62718
20
-0.66639
30
-9.91458
11
-0.65031
21
-0.75792
31
-9.79977
12
-0.50449
22
-0.76168
32
-9.77326
13
-0.48181
23
-0.66652
33
-9.88481
0
3DFACE
8
C2
10
-0.65031
20
-0.75792
30
-9.79977
11
-0.67275
21
-0.85505
31
-9.68999
12
-0.52674
22
-0.86024
32
-9.66476
13
-0.50449
23
-0.76168
33
-9.77326
0
3DFACE
8
C2
10
-0.67275
20
-0.85505
30
-9.68999
11
-0.69588
21
-0.94658
31
-9.57518
12
-0.54948
22
-0.95495
32
-9.55281
13
-0.52674
23
-0.86024
33
-9.66476
0
3DFACE
8
C2
10
-0.69588
20
-0.94658
30
-9.57518
11
-0.71907
21
-1.03767
31
-9.45998
12
-0.57224
22
-1.04945
32
-9.44067
13
-0.54948
23
-0.95495
33
-9.55281
0
3DFACE
8
C2
10
-0.71907
20
-1.03767
30
-9.45998
11
-0.74224
21
-1.12887
31
-9.34488
12
-0.59535
22
-1.14120
32
-9.32606
13
-0.57224
23
-1.04945
33
-9.44067
0
3DFACE
8
C2
10
-0.74224
20
-1.12887
30
-9.34488
11
-0.76563
21
-1.21843
31
-9.22830
12
-0.61844
22
-1.23306
32
-9.21154
13
-0.59535
23
-1.14120
33
-9.32606
0
3DFACE
8
C2
10
-0.76563
20
-1.21843
30
-9.22830
11
-0.78865
21
-1.31083
31
-9.11428
12
-0.64116
22
-1.32788
32
-9.09970
13
-0.61844
23
-1.23306
33
-9.21154
0
3DFACE
8
C2
10
-0.78865
20
-1.31083
30
-9.11428
11
-0.81210
21
-1.39984
31
-8.99720
12
-0.66451
22
-1.41777
32
-8.98341
13
-0.64116
23
-1.32788
33
-9.09970
0
3DFACE
8
C2
10
-0.81210
20
-1.39984
30
-8.99720
11
-0.83557
21
-1.48873
31
-8.88003
12
-0.68804
22
-1.50611
32
-8.86574
13
-0.66451
23
-1.41777
33
-8.98341
0
3DFACE
8
C2
10
-0.83557
20
-1.48873
30
-8.88003
11
-0.85965
21
-1.57268
31
-8.75842
12
-0.71227
22
-1.58885
32
-8.74305
13
-0.68804
23
-1.50611
33
-8.86574
0
3DFACE
8
C2
10
-0.85965
20
-1.57268
30
-8.75842
11
-0.88310
21
-1.66168
31
-8.64134
12
-0.73585
22
-1.67687
32
-8.62508
13
-0.71227
23
-1.58885
33
-8.74305
0
3DFACE
8
C2
10
-0.88310
20
-1.66168
30
-8.64134
11
-0.90648
21
-1.75124
31
-8.52476
12
-0.75902
22
-1.76807
32
-8.50998
13
-0.73585
23
-1.67687
33
-8.62508
0
3DFACE
8
C2
10
-0.90648
20
-1.75124
30
-8.52476
11
-0.92945
21
-1.84408
31
-8.41114
12
-0.78207
22
-1.86025
32
-8.39576
13
-0.75902
23
-1.76807
33
-8.50998
0
3DFACE
8
C2
10
-0.92945
20
-1.84408
30
-8.41114
11
-0.95235
21
-1.93748
31
-8.29800
12
-0.80491
22
-1.95420
32
-8.28313
13
-0.78207
23
-1.86025
33
-8.39576
0
3DFACE
8
C2
10
-0.95235
20
-1.93748
30
-8.29800
11
-0.97526
21
-2.03077
31
-8.18477
12
-0.82775
22
-2.04804
32
-8.17039
13
-0.80491
23
-1.95420
33
-8.28313
0
3DFACE
8
C2
10
-0.97526
20
-2.03077
30
-8.18477
11
-0.99847
21
-2.12175
31
-8.06947
12
-0.85058
22
-2.14199
32
-8.05775
13
-0.82775
23
-2.04804
33
-8.17039
0
3DFACE
8
C2
10
-0.99847
20
-2.12175
30
-8.06947
11
-1.02173
21
-2.21229
31
-7.95378
12
-0.87309
22
-2.23857
32
-7.94748
13
-0.85058
23
-2.14199
33
-8.05775
0
3DFACE
8
C2
10
-1.02173
20
-2.21229
30
-7.95378
11
-1.04556
21
-2.29822
31
-7.83394
12
-0.89605
22
-2.33142
32
-7.83385
13
-0.87309
23
-2.23857
33
-7.94748
0
3DFACE
8
C2
10
-1.04556
20
-2.29822
30
-7.83394
11
-1.06876
21
-2.38920
31
-7.71864
12
-0.91832
22
-2.42987
32
-7.72526
13
-0.89605
23
-2.33142
33
-7.83385
0
3DFACE
8
C2
10
-1.06876
20
-2.38920
30
-7.71864
11
-1.09098
21
-2.48809
31
-7.61044
12
-0.93964
22
-2.53590
32
-7.62347
13
-0.91832
23
-2.42987
33
-7.72526
0
3DFACE
8
C2
10
-1.09098
20
-2.48809
30
-7.61044
11
-1.11414
21
-2.57940
31
-7.49544
12
-0.96219
22
-2.63215
32
-7.51290
13
-0.93964
23
-2.53590
33
-7.62347
0
3DFACE
8
C2
10
-1.11414
20
-2.57940
30
-7.49544
11
-1.13804
21
-2.66478
31
-7.37511
12
-0.98561
22
-2.72138
32
-7.39602
13
-0.96219
23
-2.63215
33
-7.51290
0
3DFACE
8
C2
10
-1.13804
20
-2.66478
30
-7.37511
11
-1.16166
21
-2.75246
31
-7.25685
12
-1.00894
22
-2.81137
32
-7.27983
13
-0.98561
23
-2.72138
33
-7.39602
0
3DFACE
8
C2
10
-1.16166
20
-2.75246
30
-7.25685
11
-1.18353
21
-2.85410
31
-7.15111
12
-1.03071
22
-2.91377
32
-7.17479
13
-1.00894
23
-2.81137
33
-7.27983
0
3DFACE
8
C2
10
-1.18353
20
-2.85410
30
-7.15111
11
-1.20396
21
-2.96727
31
-7.05573
12
-1.05106
22
-3.02760
32
-7.08000
13
-1.03071
23
-2.91377
33
-7.17479
0
3DFACE
8
C2
10
-1.20396
20
-2.96727
30
-7.05573
11
-1.22632
21
-3.06495
31
-6.94644
12
-1.07361
22
-3.12375
32
-6.96933
13
-1.05106
23
-3.02760
33
-7.08000
0
3DFACE
8
C2
10
-1.22632
20
-3.06495
30
-6.94644
11
-1.25064
21
-3.14703
31
-6.82316
12
-1.09842
22
-3.20188
32
-6.84249
13
-1.07361
23
-3.12375
33
-6.96933
0
3DFACE
8
C2
10
-1.25064
20
-3.14703
30
-6.82316
11
-1.27395
21
-3.23714
31
-6.70707
12
-1.12215
22
-3.28868
32
-6.72344
13
-1.09842
23
-3.20188
33
-6.84249
0
3DFACE
8
C2
10
-1.27395
20
-3.23714
30
-6.70707
11
-1.29530
21
-3.34295
31
-6.60508
12
-1.14362
22
-3.39350
32
-6.62057
13
-1.12215
23
-3.28868
33
-6.72344
0
3DFACE
8
C2
10
-1.29530
20
-3.34295
30
-6.60508
11
-1.31507
21
-3.46139
31
-6.51443
12
-1.16343
22
-3.51162
32
-6.52962
13
-1.14362
23
-3.39350
33
-6.62057
0
3DFACE
8
C2
10
-1.31507
20
-3.46139
30
-6.51443
11
-1.33746
21
-3.55886
31
-6.40494
12
-1.18606
22
-3.60722
32
-6.41846
13
-1.16343
23
-3.51162
33
-6.52962
0
3DFACE
8
C2
10
-1.33746
20
-3.55886
30
-6.40494
11
-1.36232
21
-3.63654
31
-6.27771
12
-1.21128
22
-3.68205
32
-6.28867
13
-1.18606
23
-3.60722
33
-6.41846
0
3DFACE
8
C2
10
-1.36232
20
-3.63654
30
-6.27771
11
-1.38572
21
-3.72599
31
-6.16103
12
-1.23503
22
-3.76863
32
-6.16942
13
-1.21128
23
-3.68205
33
-6.28867
0
3DFACE
8
C2
10
-1.38572
20
-3.72599
30
-6.16103
11
-1.40660
21
-3.83553
31
-6.06239
12
-1.25646
22
-3.87379
32
-6.06684
13
-1.23503
23
-3.76863
33
-6.16942
0
3DFACE
8
C2
10
-1.40660
20
-3.83553
30
-6.06239
11
-1.42570
21
-3.95936
31
-5.97658
12
-1.27635
22
-3.99124
32
-5.97530
13
-1.25646
23
-3.87379
33
-6.06684
0
3DFACE
8
C2
10
-1.42570
20
-3.95936
30
-5.97658
11
-1.44582
21
-4.07495
31
-5.88336
12
-1.29732
22
-4.10013
32
-5.87608
13
-1.27635
23
-3.99124
33
-5.97530
0
3DFACE
8
C2
10
-1.44582
20
-4.07495
30
-5.88336
11
-1.46742
21
-4.17878
31
-5.77960
12
-1.31983
22
-4.19660
32
-5.76571
13
-1.29732
23
-4.10013
33
-5.87608
0
3DFACE
8
C2
10
-1.46742
20
-4.17878
30
-5.77960
11
-1.48742
21
-4.29536
31
-5.68727
12
-1.34069
22
-4.30637
32
-5.66727
13
-1.31983
23
-4.19660
33
-5.76571
0
3DFACE
8
C2
10
0.22755
20
2.50984
30
-13.33660
11
0.20550
21
2.40963
31
-13.22959
12
0.35109
22
2.40774
32
-13.20140
13
0.37340
23
2.50586
33
-13.31029
0
3DFACE
8
C2
10
0.20550
20
2.40963
30
-13.22959
11
0.18337
21
2.31008
31
-13.12198
12
0.32900
22
2.30786
32
-13.09408
13
0.35109
23
2.40774
33
-13.20140
0
3DFACE
8
C2
10
0.18337
20
2.31008
30
-13.12198
11
0.16143
21
2.20899
31
-13.01575
12
0.30683
22
2.20864
32
-12.98618
13
0.32900
23
2.30786
33
-13.09408
0
3DFACE
8
C2
10
0.16143
20
2.20899
30
-13.01575
11
0.13971
21
2.10615
31
-12.91110
12
0.28477
22
2.10854
32
-12.87906
13
0.30683
23
2.20864
33
-12.98618
0
3DFACE
8
C2
10
0.13971
20
2.10615
30
-12.91110
11
0.11801
21
2.00319
31
-12.80654
12
0.26299
22
2.00613
32
-12.77401
13
0.28477
23
2.10854
33
-12.87906
0
3DFACE
8
C2
10
0.11801
20
2.00319
30
-12.80654
11
0.09633
21
1.90002
31
-12.70219
12
0.24157
22
1.90087
32
-12.67153
13
0.26299
23
2.00613
33
-12.77401
0
3DFACE
8
C2
10
0.09633
20
1.90002
30
-12.70219
11
0.07465
21
1.79684
31
-12.59783
12
0.22047
22
1.79308
32
-12.57132
13
0.24157
23
1.90087
33
-12.67153
0
3DFACE
8
C2
10
0.07465
20
1.79684
30
-12.59783
11
0.05314
21
1.69235
31
-12.49466
12
0.19911
22
1.68738
32
-12.46923
13
0.22047
23
1.79308
33
-12.57132
0
3DFACE
8
C2
10
0.05314
20
1.69235
30
-12.49466
11
0.03176
21
1.58676
31
-12.39247
12
0.17742
22
1.58432
32
-12.36477
13
0.19911
23
1.68738
33
-12.46923
0
3DFACE
8
C2
10
0.03176
20
1.58676
30
-12.39247
11
0.01000
21
1.48424
31
-12.28752
12
0.15566
22
1.48180
32
-12.25983
13
0.17742
23
1.58432
33
-12.36477
0
3DFACE
8
C2
10
0.01000
20
1.48424
30
-12.28752
11
-0.01239
21
1.38678
31
-12.17804
12
0.13358
22
1.38181
32
-12.15261
13
0.15566
23
1.48180
33
-12.25983
0
3DFACE
8
C2
10
-0.01239
20
1.38678
30
-12.17804
11
-0.03528
21
1.29327
31
-12.06501
12
0.11125
22
1.28391
32
-12.04352
13
0.13358
23
1.38181
33
-12.15261
0
3DFACE
8
C2
10
-0.03528
20
1.29327
30
-12.06501
11
-0.05810
21
1.19921
31
-11.95247
12
0.08851
22
1.18919
32
-11.93158
13
0.11125
23
1.28391
33
-12.04352
0
3DFACE
8
C2
10
-0.05810
20
1.19921
30
-11.95247
11
-0.08070
21
1.10340
31
-11.84151
12
0.06549
22
1.09679
32
-11.81756
13
0.08851
23
1.18919
33
-11.93158
0
3DFACE
8
C2
10
-0.08070
20
1.10340
30
-11.84151
11
-0.10366
21
1.01055
31
-11.72788
12
0.04234
22
1.00537
32
-11.70265
13
0.06549
23
1.09679
33
-11.81756
0
3DFACE
8
C2
10
-0.10366
20
1.01055
30
-11.72788
11
-0.12720
21
0.92221
31
-11.61021
12
0.01880
22
0.91702
32
-11.58498
13
0.04234
23
1.00537
33
-11.70265
0
3DFACE
8
C2
10
-0.12720
20
0.92221
30
-11.61021
11
-0.15153
21
0.84024
31
-11.48683
12
-0.00540
22
0.83406
32
-11.46249
13
0.01880
23
0.91702
33
-11.58498
0
3DFACE
8
C2
10
-0.15153
20
0.84024
30
-11.48683
11
-0.17436
21
0.74629
31
-11.37419
12
-0.02854
22
0.74253
32
-11.34768
13
-0.00540
23
0.83406
33
-11.46249
0
3DFACE
8
C2
10
-0.17436
20
0.74629
30
-11.37419
11
-0.19672
21
0.64861
31
-11.26490
12
-0.05149
22
0.64957
32
-11.23415
13
-0.02854
23
0.74253
33
-11.34768
0
3DFACE
8
C2
10
-0.19672
20
0.64861
30
-11.26490
11
-0.21921
21
0.55191
31
-11.15473
12
-0.07431
22
0.55552
32
-11.12161
13
-0.05149
23
0.64957
33
-11.23415
0
3DFACE
8
C2
10
-0.21921
20
0.55191
30
-11.15473
11
-0.24195
21
0.45720
31
-11.04278
12
-0.09714
22
0.46157
32
-11.00897
13
-0.07431
23
0.55552
33
-11.12161
0
3DFACE
8
C2
10
-0.24195
20
0.45720
30
-11.04278
11
-0.26530
21
0.36743
31
-10.92640
12
-0.12037
22
0.37081
32
-10.89348
13
-0.09714
23
0.46157
33
-11.00897
0
3DFACE
8
C2
10
-0.26530
20
0.36743
30
-10.92640
11
-0.28717
21
0.26579
31
-10.82066
12
-0.14228
22
0.26950
32
-10.78744
13
-0.12037
23
0.37081
33
-10.89348
0
3DFACE
8
C2
10
-0.28717
20
0.26579
30
-10.82066
11
-0.30781
21
0.15426
31
-10.72380
12
-0.16312
22
0.15963
32
-10.68910
13
-0.14228
23
0.26950
33
-10.78744
0
3DFACE
8
C2
10
-0.30781
20
0.15426
30
-10.72380
11
-0.32933
21
0.04988
31
-10.62053
12
-0.18462
22
0.05502
32
-10.58603
13
-0.16312
23
0.15963
33
-10.68910
0
3DFACE
8
C2
10
-0.32933
20
0.04988
30
-10.62053
11
-0.35089
21
-0.05428
31
-10.51706
12
-0.20604
22
-0.05024
32
-10.48355
13
-0.18462
23
0.05502
33
-10.58603
0
3DFACE
8
C2
10
-0.35089
20
-0.05428
30
-10.51706
11
-0.37290
21
-0.15482
31
-10.41034
12
-0.22776
22
-0.15309
32
-10.37889
13
-0.20604
23
-0.05024
33
-10.48355
0
3DFACE
8
C2
10
-0.37290
20
-0.15482
30
-10.41034
11
-0.39444
21
-0.25909
31
-10.30697
12
-0.24915
22
-0.25857
32
-10.27661
13
-0.22776
23
-0.15309
33
-10.37889
0
3DFACE
8
C2
10
-0.39444
20
-0.25909
30
-10.30697
11
-0.41508
21
-0.37051
31
-10.21001
12
-0.26982
22
-0.36976
32
-10.17945
13
-0.24915
23
-0.25857
33
-10.27661
0
3DFACE
8
C2
10
-0.41508
20
-0.37051
30
-10.21001
11
-0.43679
21
-0.47346
31
-10.10545
12
-0.29141
22
-0.47371
32
-10.07579
13
-0.26982
23
-0.36976
33
-10.17945
0
3DFACE
8
C2
10
-0.43679
20
-0.47346
30
-10.10545
11
-0.45889
21
-0.57323
31
-9.99804
12
-0.31333
22
-0.57490
32
-9.96965
13
-0.29141
23
-0.47371
33
-10.07579
0
3DFACE
8
C2
10
-0.45889
20
-0.57323
30
-9.99804
11
-0.48181
21
-0.66652
31
-9.88481
12
-0.33603
22
-0.66995
32
-9.85800
13
-0.31333
23
-0.57490
33
-9.96965
0
3DFACE
8
C2
10
-0.48181
20
-0.66652
30
-9.88481
11
-0.50449
21
-0.76168
31
-9.77326
12
-0.35846
22
-0.76708
32
-9.74822
13
-0.33603
23
-0.66995
33
-9.85800
0
3DFACE
8
C2
10
-0.50449
20
-0.76168
30
-9.77326
11
-0.52674
21
-0.86024
31
-9.66476
12
-0.38062
22
-0.86641
32
-9.64042
13
-0.35846
23
-0.76708
33
-9.74822
0
3DFACE
8
C2
10
-0.52674
20
-0.86024
30
-9.66476
11
-0.54948
21
-0.95495
31
-9.55281
12
-0.40315
22
-0.96277
32
-9.52995
13
-0.38062
23
-0.86641
33
-9.64042
0
3DFACE
8
C2
10
-0.54948
20
-0.95495
30
-9.55281
11
-0.57224
21
-1.04945
31
-9.44067
12
-0.42575
22
-1.05859
32
-9.41899
13
-0.40315
23
-0.96277
33
-9.52995
0
3DFACE
8
C2
10
-0.57224
20
-1.04945
30
-9.44067
11
-0.59535
21
-1.14120
31
-9.32606
12
-0.44881
22
-1.15067
32
-9.30467
13
-0.42575
23
-1.05859
33
-9.41899
0
3DFACE
8
C2
10
-0.59535
20
-1.14120
30
-9.32606
11
-0.61844
21
-1.23306
31
-9.21154
12
-0.47170
22
-1.24418
32
-9.19164
13
-0.44881
23
-1.15067
33
-9.30467
0
3DFACE
8
C2
10
-0.61844
20
-1.23306
30
-9.21154
11
-0.64116
21
-1.32788
31
-9.09970
12
-0.49426
22
-1.34032
32
-9.08097
13
-0.47170
23
-1.24418
33
-9.19164
0
3DFACE
8
C2
10
-0.64116
20
-1.32788
30
-9.09970
11
-0.66451
21
-1.41777
31
-8.98341
12
-0.51751
22
-1.43086
32
-8.96528
13
-0.49426
23
-1.34032
33
-9.08097
0
3DFACE
8
C2
10
-0.66451
20
-1.41777
30
-8.98341
11
-0.68804
21
-1.50611
31
-8.86574
12
-0.54103
22
-1.51931
32
-8.84771
13
-0.51751
23
-1.43086
33
-8.96528
0
3DFACE
8
C2
10
-0.68804
20
-1.50611
30
-8.86574
11
-0.71227
21
-1.58885
31
-8.74305
12
-0.56540
22
-1.60096
32
-8.72403
13
-0.54103
23
-1.51931
33
-8.84771
0
3DFACE
8
C2
10
-0.71227
20
-1.58885
30
-8.74305
11
-0.73585
21
-1.67687
31
-8.62508
12
-0.58896
22
-1.68908
32
-8.60616
13
-0.56540
23
-1.60096
33
-8.72403
0
3DFACE
8
C2
10
-0.73585
20
-1.67687
30
-8.62508
11
-0.75902
21
-1.76807
31
-8.50998
12
-0.61199
22
-1.78149
32
-8.49214
13
-0.58896
23
-1.68908
33
-8.60616
0
3DFACE
8
C2
10
-0.75902
20
-1.76807
30
-8.50998
11
-0.78207
21
-1.86025
31
-8.39576
12
-0.63516
22
-1.87269
32
-8.37704
13
-0.61199
23
-1.78149
33
-8.49214
0
3DFACE
8
C2
10
-0.78207
20
-1.86025
30
-8.39576
11
-0.80491
21
-1.95420
31
-8.28313
12
-0.65819
22
-1.96510
32
-8.26302
13
-0.63516
23
-1.87269
33
-8.37704
0
3DFACE
8
C2
10
-0.80491
20
-1.95420
30
-8.28313
11
-0.82775
21
-2.04804
31
-8.17039
12
-0.68163
22
-2.05421
32
-8.14605
13
-0.65819
23
-1.96510
33
-8.26302
0
3DFACE
8
C2
10
-0.82775
20
-2.04804
30
-8.17039
11
-0.85058
21
-2.14199
31
-8.05775
12
-0.70442
22
-2.14849
32
-8.03370
13
-0.68163
23
-2.05421
33
-8.14605
0
3DFACE
8
C2
10
-0.85058
20
-2.14199
30
-8.05775
11
-0.87309
21
-2.23857
31
-7.94748
12
-0.72638
22
-2.24936
32
-7.92728
13
-0.70442
23
-2.14849
33
-8.03370
0
3DFACE
8
C2
10
-0.87309
20
-2.23857
30
-7.94748
11
-0.89605
21
-2.33142
31
-7.83385
12
-0.74880
22
-2.34660
32
-7.81760
13
-0.72638
23
-2.24936
33
-7.92728
0
3DFACE
8
C2
10
-0.89605
20
-2.33142
30
-7.83385
11
-0.91832
21
-2.42987
31
-7.72526
12
-0.77052
22
-2.44944
32
-7.71294
13
-0.74880
23
-2.34660
33
-7.81760
0
3DFACE
8
C2
10
-0.91832
20
-2.42987
30
-7.72526
11
-0.93964
21
-2.53590
31
-7.62347
12
-0.79146
22
-2.55855
32
-7.61391
13
-0.77052
23
-2.44944
33
-7.71294
0
3DFACE
8
C2
10
-0.93964
20
-2.53590
30
-7.62347
11
-0.96219
21
-2.63215
31
-7.51290
12
-0.81338
22
-2.65975
32
-7.50778
13
-0.79146
23
-2.55855
33
-7.61391
0
3DFACE
8
C2
10
-0.96219
20
-2.63215
30
-7.51290
11
-0.98561
21
-2.72138
31
-7.39602
12
-0.83583
22
-2.75677
32
-7.39790
13
-0.81338
23
-2.65975
33
-7.50778
0
3DFACE
8
C2
10
-0.98561
20
-2.72138
30
-7.39602
11
-1.00894
21
-2.81137
31
-7.27983
12
-0.85881
22
-2.84951
32
-7.28418
13
-0.83583
23
-2.75677
33
-7.39790
0
3DFACE
8
C2
10
-1.00894
20
-2.81137
30
-7.27983
11
-1.03071
21
-2.91377
31
-7.17479
12
-0.88059
22
-2.95192
32
-7.17914
13
-0.85881
23
-2.84951
33
-7.28418
0
3DFACE
8
C2
10
-1.03071
20
-2.91377
30
-7.17479
11
-1.05106
21
-3.02760
31
-7.08000
12
-0.90143
22
-3.06179
32
-7.08079
13
-0.88059
23
-2.95192
33
-7.17914
0
3DFACE
8
C2
10
-1.05106
20
-3.02760
30
-7.08000
11
-1.07361
21
-3.12375
31
-6.96933
12
-0.92420
22
-3.15618
32
-6.96855
13
-0.90143
23
-3.06179
33
-7.08079
0
3DFACE
8
C2
10
-1.07361
20
-3.12375
30
-6.96933
11
-1.09842
21
-3.20188
31
-6.84249
12
-0.94899
22
-3.23453
32
-6.84191
13
-0.92420
23
-3.15618
33
-6.96855
0
3DFACE
8
C2
10
-1.09842
20
-3.20188
30
-6.84249
11
-1.12215
21
-3.28868
31
-6.72344
12
-0.97292
22
-3.31968
32
-6.72138
13
-0.94899
23
-3.23453
33
-6.84191
0
3DFACE
8
C2
10
-1.12215
20
-3.28868
30
-6.72344
11
-1.14362
21
-3.39350
31
-6.62057
12
-0.99476
22
-3.42154
32
-6.61585
13
-0.97292
23
-3.31968
33
-6.72138
0
3DFACE
8
C2
10
-1.14362
20
-3.39350
30
-6.62057
11
-1.16343
21
-3.51162
31
-6.52962
12
-1.01535
22
-3.53339
32
-6.51928
13
-0.99476
23
-3.42154
33
-6.61585
0
3DFACE
8
C2
10
-1.16343
20
-3.51162
30
-6.52962
11
-1.18606
21
-3.60722
31
-6.41846
12
-1.03823
22
-3.62701
32
-6.40635
13
-1.01535
23
-3.53339
33
-6.51928
0
3DFACE
8
C2
10
-1.18606
20
-3.60722
30
-6.41846
11
-1.21128
21
-3.68205
31
-6.28867
12
-1.06316
22
-3.70415
32
-6.27862
13
-1.03823
23
-3.62701
33
-6.40635
0
3DFACE
8
C2
10
-1.21128
20
-3.68205
30
-6.28867
11
-1.23503
21
-3.76863
31
-6.16942
12
-1.08690
22
-3.79085
32
-6.15948
13
-1.06316
23
-3.70415
33
-6.27862
0
3DFACE
8
C2
10
-1.23503
20
-3.76863
30
-6.16942
11
-1.25646
21
-3.87379
31
-6.06684
12
-1.10859
22
-3.89391
32
-6.05502
13
-1.08690
23
-3.79085
33
-6.15948
0
3DFACE
8
C2
10
-1.25646
20
-3.87379
30
-6.06684
11
-1.27635
21
-3.99124
31
-5.97530
12
-1.12905
22
-4.00686
32
-5.95944
13
-1.10859
23
-3.89391
33
-6.05502
0
3DFACE
8
C2
10
-1.27635
20
-3.99124
30
-5.97530
11
-1.29732
21
-4.10013
31
-5.87608
12
-1.15040
22
-4.11267
32
-5.85745
13
-1.12905
23
-4.00686
33
-5.95944
0
3DFACE
8
C2
10
-1.29732
20
-4.10013
30
-5.87608
11
-1.31983
21
-4.19660
31
-5.76571
12
-1.17283
22
-4.20981
32
-5.74767
13
-1.15040
23
-4.11267
33
-5.85745
0
3DFACE
8
C2
10
-1.31983
20
-4.19660
30
-5.76571
11
-1.34069
21
-4.30637
31
-5.66727
12
-1.19411
22
-4.31617
32
-5.64618
13
-1.17283
23
-4.20981
33
-5.74767
0
3DFACE
8
C2
10
0.37340
20
2.50586
30
-13.31029
11
0.35109
21
2.40774
31
-13.20140
12
0.49689
22
2.40420
32
-13.17469
13
0.51933
23
2.50122
33
-13.28456
0
3DFACE
8
C2
10
0.35109
20
2.40774
30
-13.20140
11
0.32900
21
2.30786
31
-13.09408
12
0.47492
22
2.30333
32
-13.06826
13
0.49689
23
2.40420
33
-13.17469
0
3DFACE
8
C2
10
0.32900
20
2.30786
30
-13.09408
11
0.30683
21
2.20864
31
-12.98618
12
0.45261
22
2.20521
32
-12.95937
13
0.47492
23
2.30333
33
-13.06826
0
3DFACE
8
C2
10
0.30683
20
2.20864
30
-12.98618
11
0.28477
21
2.10854
31
-12.87906
12
0.43030
22
2.10709
32
-12.85048
13
0.45261
23
2.20521
33
-12.95937
0
3DFACE
8
C2
10
0.28477
20
2.10854
30
-12.87906
11
0.26299
21
2.00613
31
-12.77401
12
0.40850
22
2.00490
32
-12.74523
13
0.43030
23
2.10709
33
-12.85048
0
3DFACE
8
C2
10
0.26299
20
2.00613
30
-12.77401
11
0.24157
21
1.90087
31
-12.67153
12
0.38730
22
1.89788
32
-12.64433
13
0.40850
23
2.00490
33
-12.74523
0
3DFACE
8
C2
10
0.24157
20
1.90087
30
-12.67153
11
0.22047
21
1.79308
31
-12.57132
12
0.36675
22
1.78570
32
-12.54806
13
0.38730
23
1.89788
33
-12.64433
0
3DFACE
8
C2
10
0.22047
20
1.79308
30
-12.57132
11
0.19911
21
1.68738
31
-12.46923
12
0.34550
22
1.67912
32
-12.44676
13
0.36675
23
1.78570
33
-12.54806
0
3DFACE
8
C2
10
0.19911
20
1.68738
30
-12.46923
11
0.17742
21
1.58432
31
-12.36477
12
0.32352
22
1.57836
32
-12.34023
13
0.34550
23
1.67912
33
-12.44676
0
3DFACE
8
C2
10
0.17742
20
1.58432
30
-12.36477
11
0.15566
21
1.48180
31
-12.25983
12
0.30177
22
1.47574
32
-12.23538
13
0.32352
23
1.57836
33
-12.34023
0
3DFACE
8
C2
10
0.15566
20
1.48180
30
-12.25983
11
0.13358
21
1.38181
31
-12.15261
12
0.27994
22
1.37377
32
-12.12994
13
0.30177
23
1.47574
33
-12.23538
0
3DFACE
8
C2
10
0.13358
20
1.38181
30
-12.15261
11
0.11125
21
1.28391
31
-12.04352
12
0.25807
22
1.27213
32
-12.02421
13
0.27994
23
1.37377
33
-12.12994
0
3DFACE
8
C2
10
0.11125
20
1.28391
30
-12.04352
11
0.08851
21
1.18919
31
-11.93158
12
0.23543
22
1.17665
32
-11.91295
13
0.25807
23
1.27213
33
-12.02421
0
3DFACE
8
C2
10
0.08851
20
1.18919
30
-11.93158
11
0.06549
21
1.09679
31
-11.81756
12
0.21201
22
1.08743
32
-11.79607
13
0.23543
23
1.17665
33
-11.91295
0
3DFACE
8
C2
10
0.06549
20
1.09679
30
-11.81756
11
0.04234
21
1.00537
31
-11.70265
12
0.18872
22
0.99710
32
-11.68018
13
0.21201
23
1.08743
33
-11.79607
0
3DFACE
8
C2
10
0.04234
20
1.00537
30
-11.70265
11
0.01880
21
0.91702
31
-11.58498
12
0.16525
22
0.90832
32
-11.56291
13
0.18872
23
0.99710
33
-11.68018
0
3DFACE
8
C2
10
0.01880
20
0.91702
30
-11.58498
11
-0.00540
21
0.83406
31
-11.46249
12
0.14107
22
0.82514
32
-11.44061
13
0.16525
23
0.90832
33
-11.56291
0
3DFACE
8
C2
10
-0.00540
20
0.83406
30
-11.46249
11
-0.02854
21
0.74253
31
-11.34768
12
0.11789
22
0.73394
32
-11.32550
13
0.14107
23
0.82514
33
-11.44061
0
3DFACE
8
C2
10
-0.02854
20
0.74253
30
-11.34768
11
-0.05149
21
0.64957
31
-11.23415
12
0.09468
22
0.64307
32
-11.21010
13
0.11789
23
0.73394
33
-11.32550
0
3DFACE
8
C2
10
-0.05149
20
0.64957
30
-11.23415
11
-0.07431
21
0.55552
31
-11.12161
12
0.07183
22
0.54923
32
-11.09737
13
0.09468
23
0.64307
33
-11.21010
0
3DFACE
8
C2
10
-0.07431
20
0.55552
30
-11.12161
11
-0.09714
21
0.46157
31
-11.00897
12
0.04905
22
0.45485
32
-10.98512
13
0.07183
23
0.54923
33
-11.09737
0
3DFACE
8
C2
10
-0.09714
20
0.46157
30
-11.00897
11
-0.12037
21
0.37081
31
-10.89348
12
0.02586
22
0.36376
32
-10.86992
13
0.04905
23
0.45485
33
-10.98512
0
3DFACE
8
C2
10
-0.12037
20
0.37081
30
-10.89348
11
-0.14228
21
0.26950
31
-10.78744
12
0.00402
22
0.26190
32
-10.76438
13
0.02586
23
0.36376
33
-10.86992
0
3DFACE
8
C2
10
-0.14228
20
0.26950
30
-10.78744
11
-0.16312
21
0.15963
31
-10.68910
12
-0.01670
22
0.15103
32
-10.66693
13
0.00402
23
0.26190
33
-10.76438
0
3DFACE
8
C2
10
-0.16312
20
0.15963
30
-10.68910
11
-0.18462
21
0.05502
31
-10.58603
12
-0.03813
22
0.04588
32
-10.56435
13
-0.01670
23
0.15103
33
-10.66693
0
3DFACE
8
C2
10
-0.18462
20
0.05502
30
-10.58603
11
-0.20604
21
-0.05024
31
-10.48355
12
-0.05954
22
-0.05938
32
-10.46186
13
-0.03813
23
0.04588
33
-10.56435
0
3DFACE
8
C2
10
-0.20604
20
-0.05024
30
-10.48355
11
-0.22776
21
-0.15309
31
-10.37889
12
-0.08133
22
-0.16168
32
-10.35672
13
-0.05954
23
-0.05938
33
-10.46186
0
3DFACE
8
C2
10
-0.22776
20
-0.15309
30
-10.37889
11
-0.24915
21
-0.25857
31
-10.27661
12
-0.10268
22
-0.26749
32
-10.25473
13
-0.08133
23
-0.16168
33
-10.35672
0
3DFACE
8
C2
10
-0.24915
20
-0.25857
30
-10.27661
11
-0.26982
21
-0.36976
31
-10.17945
12
-0.12323
22
-0.37967
32
-10.15846
13
-0.10268
23
-0.26749
33
-10.25473
0
3DFACE
8
C2
10
-0.26982
20
-0.36976
30
-10.17945
11
-0.29141
21
-0.47371
31
-10.07579
12
-0.14477
22
-0.48394
32
-10.05509
13
-0.12323
23
-0.37967
33
-10.15846
0
3DFACE
8
C2
10
-0.29141
20
-0.47371
30
-10.07579
11
-0.31333
21
-0.57490
31
-9.96965
12
-0.16674
22
-0.58481
32
-9.94866
13
-0.14477
23
-0.48394
33
-10.05509
0
3DFACE
8
C2
10
-0.31333
20
-0.57490
30
-9.96965
11
-0.33603
21
-0.66995
31
-9.85800
12
-0.18954
22
-0.67898
32
-9.83622
13
-0.16674
23
-0.58481
33
-9.94866
0
3DFACE
8
C2
10
-0.33603
20
-0.66995
30
-9.85800
11
-0.35846
21
-0.76708
31
-9.74822
12
-0.21191
22
-0.77666
32
-9.72694
13
-0.18954
23
-0.67898
33
-9.83622
0
3DFACE
8
C2
10
-0.35846
20
-0.76708
30
-9.74822
11
-0.38062
21
-0.86641
31
-9.64042
12
-0.23394
22
-0.87698
32
-9.62002
13
-0.21191
23
-0.77666
33
-9.72694
0
3DFACE
8
C2
10
-0.38062
20
-0.86641
30
-9.64042
11
-0.40315
21
-0.96277
31
-9.52995
12
-0.25638
22
-0.97411
32
-9.51024
13
-0.23394
23
-0.87698
33
-9.62002
0
3DFACE
8
C2
10
-0.40315
20
-0.96277
30
-9.52995
11
-0.42575
21
-1.05859
31
-9.41899
12
-0.27895
22
-1.07015
32
-9.39947
13
-0.25638
23
-0.97411
33
-9.51024
0
3DFACE
8
C2
10
-0.42575
20
-1.05859
30
-9.41899
11
-0.44881
21
-1.15067
31
-9.30467
12
-0.30212
22
-1.16135
32
-9.28437
13
-0.27895
23
-1.07015
33
-9.39947
0
3DFACE
8
C2
10
-0.44881
20
-1.15067
30
-9.30467
11
-0.47170
21
-1.24418
31
-9.19164
12
-0.32490
22
-1.25573
32
-9.17213
13
-0.30212
23
-1.16135
33
-9.28437
0
3DFACE
8
C2
10
-0.47170
20
-1.24418
30
-9.19164
11
-0.49426
21
-1.34032
31
-9.08097
12
-0.34724
22
-1.35363
32
-9.06304
13
-0.32490
23
-1.25573
33
-9.17213
0
3DFACE
8
C2
10
-0.49426
20
-1.34032
30
-9.08097
11
-0.51751
21
-1.43086
31
-8.96528
12
-0.37041
22
-1.44483
32
-8.94793
13
-0.34724
23
-1.35363
33
-9.06304
0
3DFACE
8
C2
10
-0.51751
20
-1.43086
30
-8.96528
11
-0.54103
21
-1.51931
31
-8.84771
12
-0.39392
22
-1.53340
32
-8.83046
13
-0.37041
23
-1.44483
33
-8.94793
0
3DFACE
8
C2
10
-0.54103
20
-1.51931
30
-8.84771
11
-0.56540
21
-1.60096
31
-8.72403
12
-0.41845
22
-1.61372
32
-8.70560
13
-0.39392
23
-1.53340
33
-8.83046
0
3DFACE
8
C2
10
-0.56540
20
-1.60096
30
-8.72403
11
-0.58896
21
-1.68908
31
-8.60616
12
-0.44193
22
-1.70251
32
-8.58833
13
-0.41845
23
-1.61372
33
-8.70560
0
3DFACE
8
C2
10
-0.58896
20
-1.68908
30
-8.60616
11
-0.61199
21
-1.78149
31
-8.49214
12
-0.46474
22
-1.79667
32
-8.47589
13
-0.44193
23
-1.70251
33
-8.58833
0
3DFACE
8
C2
10
-0.61199
20
-1.78149
30
-8.49214
11
-0.63516
21
-1.87269
31
-8.37704
12
-0.48794
22
-1.88765
32
-8.36059
13
-0.46474
23
-1.79667
33
-8.47589
0
3DFACE
8
C2
10
-0.63516
20
-1.87269
30
-8.37704
11
-0.65819
21
-1.96510
31
-8.26302
12
-0.51118
22
-1.97830
32
-8.24499
13
-0.48794
23
-1.88765
33
-8.36059
0
3DFACE
8
C2
10
-0.65819
20
-1.96510
30
-8.26302
11
-0.68163
21
-2.05421
31
-8.14605
12
-0.53522
22
-2.06258
32
-8.12367
13
-0.51118
23
-1.97830
33
-8.24499
0
3DFACE
8
C2
10
-0.68163
20
-2.05421
30
-8.14605
11
-0.70442
21
-2.14849
31
-8.03370
12
-0.55814
22
-2.15587
32
-8.01044
13
-0.53522
23
-2.06258
33
-8.12367
0
3DFACE
8
C2
10
-0.70442
20
-2.14849
30
-8.03370
11
-0.72638
21
-2.24936
31
-7.92728
12
-0.57978
22
-2.25938
32
-7.90638
13
-0.55814
23
-2.15587
33
-8.01044
0
3DFACE
8
C2
10
-0.72638
20
-2.24936
30
-7.92728
11
-0.74880
21
-2.34660
31
-7.81760
12
-0.60192
22
-2.35882
32
-7.79868
13
-0.57978
23
-2.25938
33
-7.90638
0
3DFACE
8
C2
10
-0.74880
20
-2.34660
30
-7.81760
11
-0.77052
21
-2.44944
31
-7.71294
12
-0.62341
22
-2.46353
32
-7.69570
13
-0.60192
23
-2.35882
33
-7.79868
0
3DFACE
8
C2
10
-0.77052
20
-2.44944
30
-7.71294
11
-0.79146
21
-2.55855
31
-7.61391
12
-0.64407
22
-2.57483
32
-7.59864
13
-0.62341
23
-2.46353
33
-7.69570
0
3DFACE
8
C2
10
-0.79146
20
-2.55855
30
-7.61391
11
-0.81338
21
-2.65975
31
-7.50778
12
-0.66558
22
-2.67933
32
-7.49547
13
-0.64407
23
-2.57483
33
-7.59864
0
3DFACE
8
C2
10
-0.81338
20
-2.65975
30
-7.50778
11
-0.83583
21
-2.75677
31
-7.39790
12
-0.68718
22
-2.78316
32
-7.39170
13
-0.66558
23
-2.67933
33
-7.49547
0
3DFACE
8
C2
10
-0.83583
20
-2.75677
30
-7.39790
11
-0.85881
21
-2.84951
31
-7.28418
12
-0.70979
22
-2.87886
32
-7.28064
13
-0.68718
23
-2.78316
33
-7.39170
0
3DFACE
8
C2
10
-0.85881
20
-2.84951
30
-7.28418
11
-0.88059
21
-2.95192
31
-7.17914
12
-0.73159
22
-2.98105
32
-7.17540
13
-0.70979
23
-2.87886
33
-7.28064
0
3DFACE
8
C2
10
-0.88059
20
-2.95192
30
-7.17914
11
-0.90143
21
-3.06179
31
-7.08079
12
-0.75272
22
-3.08862
32
-7.07499
13
-0.73159
23
-2.98105
33
-7.17540
0
3DFACE
8
C2
10
-0.90143
20
-3.06179
30
-7.08079
11
-0.92420
21
-3.15618
31
-6.96855
12
-0.77563
22
-3.18191
32
-6.96176
13
-0.75272
23
-3.08862
33
-7.07499
0
3DFACE
8
C2
10
-0.92420
20
-3.15618
30
-6.96855
11
-0.94899
21
-3.23453
31
-6.84191
12
-0.80042
22
-3.26025
32
-6.83512
13
-0.77563
23
-3.18191
33
-6.96176
0
3DFACE
8
C2
10
-0.94899
20
-3.23453
30
-6.84191
11
-0.97292
21
-3.31968
31
-6.72138
12
-0.82444
22
-3.34464
32
-6.71390
13
-0.80042
23
-3.26025
33
-6.83512
0
3DFACE
8
C2
10
-0.97292
20
-3.31968
30
-6.72138
11
-0.99476
21
-3.42154
31
-6.61585
12
-0.84667
22
-3.44342
32
-6.60560
13
-0.82444
23
-3.34464
33
-6.71390
0
3DFACE
8
C2
10
-0.99476
20
-3.42154
30
-6.61585
11
-1.01535
21
-3.53339
31
-6.51928
12
-0.86792
22
-3.55000
32
-6.50430
13
-0.84667
23
-3.44342
33
-6.60560
0
3DFACE
8
C2
10
-1.01535
20
-3.53339
30
-6.51928
11
-1.03823
21
-3.62701
31
-6.40635
12
-0.89103
22
-3.64175
32
-6.38969
13
-0.86792
23
-3.55000
33
-6.50430
0
3DFACE
8
C2
10
-1.03823
20
-3.62701
30
-6.40635
11
-1.06316
21
-3.70415
31
-6.27862
12
-0.91577
22
-3.72043
32
-6.26335
13
-0.89103
23
-3.64175
33
-6.38969
0
3DFACE
8
C2
10
-1.06316
20
-3.70415
30
-6.27862
11
-1.08690
21
-3.79085
31
-6.15948
12
-0.93943
22
-3.80779
32
-6.14479
13
-0.91577
23
-3.72043
33
-6.26335
0
3DFACE
8
C2
10
-1.08690
20
-3.79085
30
-6.15948
11
-1.10859
21
-3.89391
31
-6.05502
12
-0.96141
22
-3.90854
32
-6.03827
13
-0.93943
23
-3.80779
33
-6.14479
0
3DFACE
8
C2
10
-1.10859
20
-3.89391
30
-6.05502
11
-1.12905
21
-4.00686
31
-5.95944
12
-0.98236
22
-4.01754
32
-5.93914
13
-0.96141
23
-3.90854
33
-6.03827
0
3DFACE
8
C2
10
-1.12905
20
-4.00686
30
-5.95944
11
-1.15040
21
-4.11267
31
-5.85745
12
-1.00394
22
-4.12149
32
-5.83547
13
-0.98236
23
-4.01754
33
-5.93914
0
3DFACE
8
C2
10
-1.15040
20
-4.11267
30
-5.85745
11
-1.17283
21
-4.20981
31
-5.74767
12
-1.02629
22
-4.21928
32
-5.72629
13
-1.00394
23
-4.12149
33
-5.83547
0
3DFACE
8
C2
10
-1.17283
20
-4.20981
30
-5.74767
11
-1.19411
21
-4.31617
31
-5.64618
12
-1.04782
22
-4.32366
32
-5.62301
13
-1.02629
23
-4.21928
33
-5.72629
0
3DFACE
8
C2
10
0.51933
20
2.50122
30
-13.28456
11
0.49689
21
2.40420
31
-13.17469
12
0.64261
22
2.40121
32
-13.14748
13
0.66512
23
2.49780
33
-13.25776
0
3DFACE
8
C2
10
0.49689
20
2.40420
30
-13.17469
11
0.47492
21
2.30333
31
-13.06826
12
0.62059
22
2.30079
32
-13.04066
13
0.64261
23
2.40121
33
-13.14748
0
3DFACE
8
C2
10
0.47492
20
2.30333
30
-13.06826
11
0.45261
21
2.20521
31
-12.95937
12
0.59819
22
2.20343
32
-12.93108
13
0.62059
23
2.30079
33
-13.04066
0
3DFACE
8
C2
10
0.45261
20
2.20521
30
-12.95937
11
0.43030
21
2.10709
31
-12.85048
12
0.57574
22
2.10641
32
-12.82120
13
0.59819
23
2.20343
33
-12.93108
0
3DFACE
8
C2
10
0.43030
20
2.10709
30
-12.85048
11
0.40850
21
2.00490
31
-12.74523
12
0.55384
22
2.00499
32
-12.71527
13
0.57574
23
2.10641
33
-12.82120
0
3DFACE
8
C2
10
0.40850
20
2.00490
30
-12.74523
11
0.38730
21
1.89788
31
-12.64433
12
0.53274
22
1.89720
32
-12.61506
13
0.55384
23
2.00499
33
-12.71527
0
3DFACE
8
C2
10
0.38730
20
1.89788
30
-12.64433
11
0.36675
21
1.78570
31
-12.54806
12
0.51227
22
1.78436
32
-12.51938
13
0.53274
23
1.89720
33
-12.61506
0
3DFACE
8
C2
10
0.36675
20
1.78570
30
-12.54806
11
0.34550
21
1.67912
31
-12.44676
12
0.49107
22
1.67734
32
-12.41847
13
0.51227
23
1.78436
33
-12.51938
0
3DFACE
8
C2
10
0.34550
20
1.67912
30
-12.44676
11
0.32352
21
1.57836
31
-12.34023
12
0.46909
22
1.57658
32
-12.31195
13
0.49107
23
1.67734
33
-12.41847
0
3DFACE
8
C2
10
0.32352
20
1.57836
30
-12.34023
11
0.30177
21
1.47574
31
-12.23538
12
0.44742
22
1.47341
32
-12.20759
13
0.46909
23
1.57658
33
-12.31195
0
3DFACE
8
C2
10
0.30177
20
1.47574
30
-12.23538
11
0.27994
21
1.37377
31
-12.12994
12
0.42583
22
1.36946
32
-12.10392
13
0.44742
23
1.47341
33
-12.20759
0
3DFACE
8
C2
10
0.27994
20
1.37377
30
-12.12994
11
0.25807
21
1.27213
31
-12.02421
12
0.40442
22
1.26420
32
-12.00144
13
0.42583
23
1.36946
33
-12.10392
0
3DFACE
8
C2
10
0.25807
20
1.27213
30
-12.02421
11
0.23543
21
1.17665
31
-11.91295
12
0.38196
22
1.16729
32
-11.89147
13
0.40442
23
1.26420
33
-12.00144
0
3DFACE
8
C2
10
0.23543
20
1.17665
30
-11.91295
11
0.21201
21
1.08743
31
-11.79607
12
0.35862
22
1.07741
32
-11.77518
13
0.38196
23
1.16729
33
-11.89147
0
3DFACE
8
C2
10
0.21201
20
1.08743
30
-11.79607
11
0.18872
21
0.99710
31
-11.68018
12
0.33540
22
0.98654
32
-11.65978
13
0.35862
23
1.07741
33
-11.77518
0
3DFACE
8
C2
10
0.18872
20
0.99710
30
-11.68018
11
0.16525
21
0.90832
31
-11.56291
12
0.31217
22
0.89578
32
-11.54428
13
0.33540
23
0.98654
33
-11.65978
0
3DFACE
8
C2
10
0.16525
20
0.90832
30
-11.56291
11
0.14107
21
0.82514
31
-11.44061
12
0.28799
22
0.81259
32
-11.42198
13
0.31217
23
0.89578
33
-11.54428
0
3DFACE
8
C2
10
0.14107
20
0.82514
30
-11.44061
11
0.11789
21
0.73394
31
-11.32550
12
0.26503
22
0.71964
32
-11.30846
13
0.28799
23
0.81259
33
-11.42198
0
3DFACE
8
C2
10
0.11789
20
0.73394
30
-11.32550
11
0.09468
21
0.64307
31
-11.21010
12
0.24175
22
0.62932
32
-11.19256
13
0.26503
23
0.71964
33
-11.30846
0
3DFACE
8
C2
10
0.09468
20
0.64307
30
-11.21010
11
0.07183
21
0.54923
31
-11.09737
12
0.21907
22
0.53416
32
-11.08101
13
0.24175
23
0.62932
33
-11.19256
0
3DFACE
8
C2
10
0.07183
20
0.54923
30
-11.09737
11
0.04905
21
0.45485
31
-10.98512
12
0.19655
22
0.43769
32
-10.97064
13
0.21907
23
0.53416
33
-11.08101
0
3DFACE
8
C2
10
0.04905
20
0.45485
30
-10.98512
11
0.02586
21
0.36376
31
-10.86992
12
0.17327
22
0.34737
32
-10.85475
13
0.19655
23
0.43769
33
-10.97064
0
3DFACE
8
C2
10
0.02586
20
0.36376
30
-10.86992
11
0.00402
21
0.26190
31
-10.76438
12
0.15152
22
0.24474
32
-10.74990
13
0.17327
23
0.34737
33
-10.85475
0
3DFACE
8
C2
10
0.00402
20
0.26190
30
-10.76438
11
-0.01670
21
0.15103
31
-10.66693
12
0.13113
22
0.13124
32
-10.65481
13
0.15152
23
0.24474
33
-10.74990
0
3DFACE
8
C2
10
-0.01670
20
0.15103
30
-10.66693
11
-0.03813
21
0.04588
31
-10.56435
12
0.10969
22
0.02620
32
-10.55213
13
0.13113
23
0.13124
33
-10.65481
0
3DFACE
8
C2
10
-0.03813
20
0.04588
30
-10.56435
11
-0.05954
21
-0.05938
31
-10.46186
12
0.08822
22
-0.07863
32
-10.44925
13
0.10969
23
0.02620
33
-10.55213
0
3DFACE
8
C2
10
-0.05954
20
-0.05938
30
-10.46186
11
-0.08133
21
-0.16168
31
-10.35672
12
0.06615
22
-0.17873
32
-10.34214
13
0.08822
23
-0.07863
33
-10.44925
0
3DFACE
8
C2
10
-0.08133
20
-0.16168
30
-10.35672
11
-0.10268
21
-0.26749
31
-10.25473
12
0.04477
22
-0.28421
32
-10.23985
13
0.06615
23
-0.17873
33
-10.34214
0
3DFACE
8
C2
10
-0.10268
20
-0.26749
30
-10.25473
11
-0.12323
21
-0.37967
31
-10.15846
12
0.02443
22
-0.39815
32
-10.14516
13
0.04477
23
-0.28421
33
-10.23985
0
3DFACE
8
C2
10
-0.12323
20
-0.37967
30
-10.15846
11
-0.14477
21
-0.48394
31
-10.05509
12
0.00278
22
-0.50154
32
-10.04100
13
0.02443
23
-0.39815
33
-10.14516
0
3DFACE
8
C2
10
-0.14477
20
-0.48394
30
-10.05509
11
-0.16674
21
-0.58481
31
-9.94866
12
-0.01929
22
-0.60153
32
-9.93379
13
0.00278
23
-0.50154
33
-10.04100
0
3DFACE
8
C2
10
-0.16674
20
-0.58481
30
-9.94866
11
-0.18954
21
-0.67898
31
-9.83622
12
-0.04239
22
-0.69339
32
-9.81927
13
-0.01929
23
-0.60153
33
-9.93379
0
3DFACE
8
C2
10
-0.18954
20
-0.67898
30
-9.83622
11
-0.21191
21
-0.77666
31
-9.72694
12
-0.06486
22
-0.79020
32
-9.70920
13
-0.04239
23
-0.69339
33
-9.81927
0
3DFACE
8
C2
10
-0.21191
20
-0.77666
30
-9.72694
11
-0.23394
21
-0.87698
31
-9.62002
12
-0.08673
22
-0.89183
32
-9.60346
13
-0.06486
23
-0.79020
33
-9.70920
0
3DFACE
8
C2
10
-0.23394
20
-0.87698
30
-9.62002
11
-0.25638
21
-0.97411
31
-9.51024
12
-0.10925
22
-0.98831
32
-9.49309
13
-0.08673
23
-0.89183
33
-9.60346
0
3DFACE
8
C2
10
-0.25638
20
-0.97411
30
-9.51024
11
-0.27895
21
-1.07015
31
-9.39947
12
-0.13183
22
-1.08423
32
-9.38223
13
-0.10925
23
-0.98831
33
-9.49309
0
3DFACE
8
C2
10
-0.27895
20
-1.07015
30
-9.39947
11
-0.30212
21
-1.16135
31
-9.28437
12
-0.15521
22
-1.17378
32
-9.26565
13
-0.13183
23
-1.08423
33
-9.38223
0
3DFACE
8
C2
10
-0.30212
20
-1.16135
30
-9.28437
11
-0.32490
21
-1.25573
31
-9.17213
12
-0.17805
22
-1.26773
32
-9.15301
13
-0.15521
23
-1.17378
33
-9.26565
0
3DFACE
8
C2
10
-0.32490
20
-1.25573
30
-9.17213
11
-0.34724
21
-1.35363
31
-9.06304
12
-0.20018
22
-1.36728
32
-9.04540
13
-0.17805
23
-1.26773
33
-9.15301
0
3DFACE
8
C2
10
-0.34724
20
-1.35363
30
-9.06304
11
-0.37041
21
-1.44483
31
-8.94793
12
-0.22328
22
-1.45903
32
-8.93079
13
-0.20018
23
-1.36728
33
-9.04540
0
3DFACE
8
C2
10
-0.37041
20
-1.44483
30
-8.94793
11
-0.39392
21
-1.53340
31
-8.83046
12
-0.24671
22
-1.54825
32
-8.81391
13
-0.22328
23
-1.45903
33
-8.93079
0
3DFACE
8
C2
10
-0.39392
20
-1.53340
30
-8.83046
11
-0.41845
21
-1.61372
31
-8.70560
12
-0.27144
22
-1.62704
32
-8.68766
13
-0.24671
23
-1.54825
33
-8.81391
0
3DFACE
8
C2
10
-0.41845
20
-1.61372
30
-8.70560
11
-0.44193
21
-1.70251
31
-8.58833
12
-0.29482
22
-1.71659
32
-8.57108
13
-0.27144
23
-1.62704
33
-8.68766
0
3DFACE
8
C2
10
-0.44193
20
-1.70251
30
-8.58833
11
-0.46474
21
-1.79667
31
-8.47589
12
-0.31732
22
-1.81317
32
-8.46081
13
-0.29482
23
-1.71659
33
-8.57108
0
3DFACE
8
C2
10
-0.46474
20
-1.79667
30
-8.47589
11
-0.48794
21
-1.88765
31
-8.36059
12
-0.34048
22
-1.90448
32
-8.34581
13
-0.31732
23
-1.81317
33
-8.46081
0
3DFACE
8
C2
10
-0.48794
20
-1.88765
30
-8.36059
11
-0.51118
21
-1.97830
31
-8.24499
12
-0.36390
22
-1.99371
32
-8.22893
13
-0.34048
23
-1.90448
33
-8.34581
0
3DFACE
8
C2
10
-0.51118
20
-1.97830
30
-8.24499
11
-0.53522
21
-2.06258
31
-8.12367
12
-0.38821
22
-2.07590
32
-8.10574
13
-0.36390
23
-1.99371
33
-8.22893
0
3DFACE
8
C2
10
-0.53522
20
-2.06258
30
-8.12367
11
-0.55814
21
-2.15587
31
-8.01044
12
-0.41133
22
-2.16754
32
-7.99103
13
-0.38821
23
-2.07590
33
-8.10574
0
3DFACE
8
C2
10
-0.55814
20
-2.15587
30
-8.01044
11
-0.57978
21
-2.25938
31
-7.90638
12
-0.43274
22
-2.27280
32
-7.88855
13
-0.41133
23
-2.16754
33
-7.99103
0
3DFACE
8
C2
10
-0.57978
20
-2.25938
30
-7.90638
11
-0.60192
21
-2.35882
31
-7.79868
12
-0.45493
22
-2.37191
32
-7.78054
13
-0.43274
23
-2.27280
33
-7.88855
0
3DFACE
8
C2
10
-0.60192
20
-2.35882
30
-7.79868
11
-0.62341
21
-2.46353
31
-7.69570
12
-0.47665
22
-2.47476
32
-7.67589
13
-0.45493
23
-2.37191
33
-7.78054
0
3DFACE
8
C2
10
-0.62341
20
-2.46353
30
-7.69570
11
-0.64407
21
-2.57483
31
-7.59864
12
-0.49765
22
-2.58331
32
-7.57637
13
-0.47665
23
-2.47476
33
-7.67589
0
3DFACE
8
C2
10
-0.64407
20
-2.57483
30
-7.59864
11
-0.66558
21
-2.67933
31
-7.49547
12
-0.51918
22
-2.68770
32
-7.47310
13
-0.49765
23
-2.58331
33
-7.57637
0
3DFACE
8
C2
10
-0.66558
20
-2.67933
30
-7.49547
11
-0.68718
21
-2.78316
31
-7.39170
12
-0.54053
22
-2.79351
32
-7.37111
13
-0.51918
23
-2.68770
33
-7.47310
0
3DFACE
8
C2
10
-0.68718
20
-2.78316
30
-7.39170
11
-0.70979
21
-2.87886
31
-7.28064
12
-0.56299
22
-2.89042
32
-7.26113
13
-0.54053
23
-2.79351
33
-7.37111
0
3DFACE
8
C2
10
-0.70979
20
-2.87886
30
-7.28064
11
-0.73159
21
-2.98105
31
-7.17540
12
-0.58504
22
-2.99063
32
-7.15411
13
-0.56299
23
-2.89042
33
-7.26113
0
3DFACE
8
C2
10
-0.73159
20
-2.98105
30
-7.17540
11
-0.75272
21
-3.08862
31
-7.07499
12
-0.60665
22
-3.09435
32
-7.05025
13
-0.58504
23
-2.99063
33
-7.15411
0
3DFACE
8
C2
10
-0.75272
20
-3.08862
30
-7.07499
11
-0.77563
21
-3.18191
31
-6.96176
12
-0.62964
22
-3.18698
32
-6.93643
13
-0.60665
23
-3.09435
33
-7.05025
0
3DFACE
8
C2
10
-0.77563
20
-3.18191
30
-6.96176
11
-0.80042
21
-3.26025
31
-6.83512
12
-0.65404
22
-3.26841
32
-6.81255
13
-0.62964
23
-3.18698
33
-6.93643
0
3DFACE
8
C2
10
-0.80042
20
-3.26025
30
-6.83512
11
-0.82444
21
-3.34464
31
-6.71390
12
-0.67785
22
-3.35455
32
-6.69291
13
-0.65404
23
-3.26841
33
-6.81255
0
3DFACE
8
C2
10
-0.82444
20
-3.34464
30
-6.71390
11
-0.84667
21
-3.44342
31
-6.60560
12
-0.70035
22
-3.45114
32
-6.58264
13
-0.67785
23
-3.35455
33
-6.69291
0
3DFACE
8
C2
10
-0.84667
20
-3.44342
30
-6.60560
11
-0.86792
21
-3.55000
31
-6.50430
12
-0.72210
22
-3.55376
32
-6.47779
13
-0.70035
23
-3.45114
33
-6.58264
0
3DFACE
8
C2
10
-0.86792
20
-3.55000
30
-6.50430
11
-0.89103
21
-3.64175
31
-6.38969
12
-0.74518
22
-3.64573
32
-6.36338
13
-0.72210
23
-3.55376
33
-6.47779
0
3DFACE
8
C2
10
-0.89103
20
-3.64175
30
-6.38969
11
-0.91577
21
-3.72043
31
-6.26335
12
-0.76941
22
-3.72847
32
-6.24068
13
-0.74518
23
-3.64573
33
-6.36338
0
3DFACE
8
C2
10
-0.91577
20
-3.72043
30
-6.26335
11
-0.93943
21
-3.80779
31
-6.14479
12
-0.79275
22
-3.81835
32
-6.12439
13
-0.76941
23
-3.72847
33
-6.24068
0
3DFACE
8
C2
10
-0.93943
20
-3.80779
30
-6.14479
11
-0.96141
21
-3.90854
31
-6.03827
12
-0.81493
22
-3.91757
32
-6.01649
13
-0.79275
23
-3.81835
33
-6.12439
0
3DFACE
8
C2
10
-0.96141
20
-3.90854
30
-6.03827
11
-0.98236
21
-4.01754
31
-5.93914
12
-0.83626
22
-4.02350
32
-5.91460
13
-0.81493
23
-3.91757
33
-6.01649
0
3DFACE
8
C2
10
-0.98236
20
-4.01754
30
-5.93914
11
-1.00394
21
-4.12149
31
-5.83547
12
-0.85797
22
-4.12645
32
-5.81004
13
-0.83626
23
-4.02350
33
-5.91460
0
3DFACE
8
C2
10
-1.00394
20
-4.12149
30
-5.83547
11
-1.02629
21
-4.21928
31
-5.72629
12
-0.88019
22
-4.22523
32
-5.70174
13
-0.85797
23
-4.12645
33
-5.81004
0
3DFACE
8
C2
10
-1.02629
20
-4.21928
30
-5.72629
11
-1.04782
21
-4.32366
31
-5.62301
12
-0.90184
22
-4.32863
32
-5.59759
13
-0.88019
23
-4.22523
33
-5.70174
0
3DFACE
8
C2
10
0.66512
20
2.49780
30
-13.25776
11
0.64261
21
2.40121
31
-13.14748
12
0.78904
22
2.39262
32
-13.12531
13
0.81152
23
2.48943
33
-13.23538
0
3DFACE
8
C2
10
0.64261
20
2.40121
30
-13.14748
11
0.62059
21
2.30079
31
-13.04066
12
0.76713
22
2.29132
32
-13.01928
13
0.78904
23
2.39262
33
-13.12531
0
3DFACE
8
C2
10
0.62059
20
2.30079
30
-13.04066
11
0.59819
21
2.20343
31
-12.93108
12
0.74475
22
2.19374
32
-12.90989
13
0.76713
23
2.29132
33
-13.01928
0
3DFACE
8
C2
10
0.59819
20
2.20343
30
-12.93108
11
0.57574
21
2.10641
31
-12.82120
12
0.72218
22
2.09771
32
-12.79913
13
0.74475
23
2.19374
33
-12.90989
0
3DFACE
8
C2
10
0.57574
20
2.10641
30
-12.82120
11
0.55384
21
2.00499
31
-12.71527
12
0.70026
22
1.99651
32
-12.69300
13
0.72218
23
2.09771
33
-12.79913
0
3DFACE
8
C2
10
0.55384
20
2.00499
30
-12.71527
11
0.53274
21
1.89720
31
-12.61506
12
0.67940
22
1.88675
32
-12.59456
13
0.70026
23
1.99651
33
-12.69300
0
3DFACE
8
C2
10
0.53274
20
1.89720
30
-12.61506
11
0.51227
21
1.78436
31
-12.51938
12
0.65924
22
1.77149
32
-12.50105
13
0.67940
23
1.88675
33
-12.59456
0
3DFACE
8
C2
10
0.51227
20
1.78436
30
-12.51938
11
0.49107
21
1.67734
31
-12.41847
12
0.63812
22
1.66381
32
-12.40073
13
0.65924
23
1.77149
33
-12.50105
0
3DFACE
8
C2
10
0.49107
20
1.67734
30
-12.41847
11
0.46909
21
1.57658
31
-12.31195
12
0.61614
22
1.56305
32
-12.29421
13
0.63812
23
1.66381
33
-12.40073
0
3DFACE
8
C2
10
0.46909
20
1.57658
30
-12.31195
11
0.44742
21
1.47341
31
-12.20759
12
0.59459
22
1.45889
32
-12.19074
13
0.61614
23
1.56305
33
-12.29421
0
3DFACE
8
C2
10
0.44742
20
1.47341
30
-12.20759
11
0.42583
21
1.36946
31
-12.10392
12
0.57339
22
1.35187
32
-12.08984
13
0.59459
23
1.45889
33
-12.19074
0
3DFACE
8
C2
10
0.42583
20
1.36946
30
-12.10392
11
0.40442
21
1.26420
31
-12.00144
12
0.55238
22
1.24331
32
-11.99031
13
0.57339
23
1.35187
33
-12.08984
0
3DFACE
8
C2
10
0.40442
20
1.26420
30
-12.00144
11
0.38196
21
1.16729
31
-11.89147
12
0.53013
22
1.14475
32
-11.88181
13
0.55238
23
1.24331
33
-11.99031
0
3DFACE
8
C2
10
0.38196
20
1.16729
30
-11.89147
11
0.35862
21
1.07741
31
-11.77518
12
0.50671
22
1.05552
32
-11.76494
13
0.53013
23
1.14475
33
-11.88181
0
3DFACE
8
C2
10
0.35862
20
1.07741
30
-11.77518
11
0.33540
21
0.98654
31
-11.65978
12
0.48337
22
0.96564
32
-11.64865
13
0.50671
23
1.05552
33
-11.76494
0
3DFACE
8
C2
10
0.33540
20
0.98654
30
-11.65978
11
0.31217
21
0.89578
31
-11.54428
12
0.46001
22
0.87587
32
-11.53226
13
0.48337
23
0.96564
33
-11.64865
0
3DFACE
8
C2
10
0.31217
20
0.89578
30
-11.54428
11
0.28799
21
0.81259
31
-11.42198
12
0.43556
22
0.79489
32
-11.40799
13
0.46001
23
0.87587
33
-11.53226
0
3DFACE
8
C2
10
0.28799
20
0.81259
30
-11.42198
11
0.26503
21
0.71964
31
-11.30846
12
0.41230
22
0.70434
32
-11.29230
13
0.43556
23
0.79489
33
-11.40799
0
3DFACE
8
C2
10
0.26503
20
0.71964
30
-11.30846
11
0.24175
21
0.62932
31
-11.19256
12
0.38863
22
0.61710
32
-11.17364
13
0.41230
23
0.70434
33
-11.29230
0
3DFACE
8
C2
10
0.24175
20
0.62932
30
-11.19256
11
0.21907
21
0.53416
31
-11.08101
12
0.36561
22
0.52469
32
-11.05962
13
0.38863
23
0.61710
33
-11.17364
0
3DFACE
8
C2
10
0.21907
20
0.53416
30
-11.08101
11
0.19655
21
0.43769
31
-10.97064
12
0.34290
22
0.42975
32
-10.94787
13
0.36561
23
0.52469
33
-11.05962
0
3DFACE
8
C2
10
0.19655
20
0.43769
30
-10.97064
11
0.17327
21
0.34737
31
-10.85475
12
0.31950
22
0.34031
32
-10.83119
13
0.34290
23
0.42975
33
-10.94787
0
3DFACE
8
C2
10
0.17327
20
0.34737
30
-10.85475
11
0.15152
21
0.24474
31
-10.74990
12
0.29778
22
0.23747
32
-10.72654
13
0.31950
23
0.34031
33
-10.83119
0
3DFACE
8
C2
10
0.15152
20
0.24474
30
-10.74990
11
0.13113
21
0.13124
31
-10.65481
12
0.27751
22
0.12309
32
-10.63224
13
0.29778
23
0.23747
33
-10.72654
0
3DFACE
8
C2
10
0.13113
20
0.13124
30
-10.65481
11
0.10969
21
0.02620
31
-10.55213
12
0.25613
22
0.01749
32
-10.53006
13
0.27751
23
0.12309
33
-10.63224
0
3DFACE
8
C2
10
0.10969
20
0.02620
30
-10.55213
11
0.08822
21
-0.07863
31
-10.44925
12
0.23471
22
-0.08777
32
-10.42757
13
0.25613
23
0.01749
33
-10.53006
0
3DFACE
8
C2
10
0.08822
20
-0.07863
30
-10.44925
11
0.06615
21
-0.17873
31
-10.34214
12
0.21264
22
-0.18776
32
-10.32036
13
0.23471
23
-0.08777
33
-10.42757
0
3DFACE
8
C2
10
0.06615
20
-0.17873
30
-10.34214
11
0.04477
21
-0.28421
31
-10.23985
12
0.19125
22
-0.29324
32
-10.21807
13
0.21264
23
-0.18776
33
-10.32036
0
3DFACE
8
C2
10
0.04477
20
-0.28421
30
-10.23985
11
0.02443
21
-0.39815
31
-10.14516
12
0.17100
22
-0.40784
32
-10.12397
13
0.19125
23
-0.29324
33
-10.21807
0
3DFACE
8
C2
10
0.02443
20
-0.39815
30
-10.14516
11
0.00278
21
-0.50154
31
-10.04100
12
0.14931
22
-0.51090
32
-10.01952
13
0.17100
23
-0.40784
33
-10.12397
0
3DFACE
8
C2
10
0.00278
20
-0.50154
30
-10.04100
11
-0.01929
21
-0.60153
31
-9.93379
12
0.12716
22
-0.61034
32
-9.91181
13
0.14931
23
-0.51090
33
-10.01952
0
3DFACE
8
C2
10
-0.01929
20
-0.60153
30
-9.93379
11
-0.04239
21
-0.69339
31
-9.81927
12
0.10396
22
-0.70132
32
-9.79651
13
0.12716
23
-0.61034
33
-9.91181
0
3DFACE
8
C2
10
-0.04239
20
-0.69339
30
-9.81927
11
-0.06486
21
-0.79020
31
-9.70920
12
0.08140
22
-0.79747
32
-9.68584
13
0.10396
23
-0.70132
33
-9.79651
0
3DFACE
8
C2
10
-0.06486
20
-0.79020
30
-9.70920
11
-0.08673
21
-0.89183
31
-9.60346
12
0.05949
22
-0.89878
32
-9.57981
13
0.08140
23
-0.79747
33
-9.68584
0
3DFACE
8
C2
10
-0.08673
20
-0.89183
30
-9.60346
11
-0.10925
21
-0.98831
31
-9.49309
12
0.03689
22
-0.99459
32
-9.46885
13
0.05949
23
-0.89878
33
-9.57981
0
3DFACE
8
C2
10
-0.10925
20
-0.98831
30
-9.49309
11
-0.13183
21
-1.08423
31
-9.38223
12
0.01423
22
-1.08985
32
-9.35739
13
0.03689
23
-0.99459
33
-9.46885
0
3DFACE
8
C2
10
-0.13183
20
-1.08423
30
-9.38223
11
-0.15521
21
-1.17378
31
-9.26565
12
-0.00929
22
-1.17831
32
-9.23982
13
0.01423
23
-1.08985
33
-9.35739
0
3DFACE
8
C2
10
-0.15521
20
-1.17378
30
-9.26565
11
-0.17805
21
-1.26773
31
-9.15301
12
-0.03217
22
-1.27193
32
-9.12689
13
-0.00929
23
-1.17831
33
-9.23982
0
3DFACE
8
C2
10
-0.17805
20
-1.26773
30
-9.15301
11
-0.20018
21
-1.36728
31
-9.04540
12
-0.05433
22
-1.37126
32
-9.01908
13
-0.03217
23
-1.27193
33
-9.12689
0
3DFACE
8
C2
10
-0.20018
20
-1.36728
30
-9.04540
11
-0.22328
21
-1.45903
31
-8.93079
12
-0.07742
22
-1.46312
32
-8.90457
13
-0.05433
23
-1.37126
33
-9.01908
0
3DFACE
8
C2
10
-0.22328
20
-1.45903
30
-8.93079
11
-0.24671
21
-1.54825
31
-8.81391
12
-0.10081
22
-1.55256
32
-8.78789
13
-0.07742
23
-1.46312
33
-8.90457
0
3DFACE
8
C2
10
-0.24671
20
-1.54825
30
-8.81391
11
-0.27144
21
-1.62704
31
-8.68766
12
-0.12553
22
-1.63145
32
-8.66174
13
-0.10081
23
-1.55256
33
-8.78789
0
3DFACE
8
C2
10
-0.27144
20
-1.62704
30
-8.68766
11
-0.29482
21
-1.71659
31
-8.57108
12
-0.14884
22
-1.72156
32
-8.54565
13
-0.12553
23
-1.63145
33
-8.66174
0
3DFACE
8
C2
10
-0.29482
20
-1.71659
30
-8.57108
11
-0.31732
21
-1.81317
31
-8.46081
12
-0.17128
22
-1.81869
32
-8.43587
13
-0.14884
23
-1.72156
33
-8.54565
0
3DFACE
8
C2
10
-0.31732
20
-1.81317
30
-8.46081
11
-0.34048
21
-1.90448
31
-8.34581
12
-0.19451
22
-1.90945
32
-8.32038
13
-0.17128
23
-1.81869
33
-8.43587
0
3DFACE
8
C2
10
-0.34048
20
-1.90448
30
-8.34581
11
-0.36390
21
-1.99371
31
-8.22893
12
-0.21809
22
-1.99735
32
-8.20232
13
-0.19451
23
-1.90945
33
-8.32038
0
3DFACE
8
C2
10
-0.36390
20
-1.99371
30
-8.22893
11
-0.38821
21
-2.07590
31
-8.10574
12
-0.24268
22
-2.07724
32
-8.07706
13
-0.21809
23
-1.99735
33
-8.20232
0
3DFACE
8
C2
10
-0.38821
20
-2.07590
30
-8.10574
11
-0.41133
21
-2.16754
31
-7.99103
12
-0.26608
22
-2.16668
32
-7.96038
13
-0.24268
23
-2.07724
33
-8.07706
0
3DFACE
8
C2
10
-0.41133
20
-2.16754
30
-7.99103
11
-0.43274
21
-2.27280
31
-7.88855
12
-0.28748
22
-2.27205
32
-7.85799
13
-0.26608
23
-2.16668
33
-7.96038
0
3DFACE
8
C2
10
-0.43274
20
-2.27280
30
-7.88855
11
-0.45493
21
-2.37191
31
-7.78054
12
-0.30956
22
-2.37204
32
-7.75078
13
-0.28748
23
-2.27205
33
-7.85799
0
3DFACE
8
C2
10
-0.45493
20
-2.37191
30
-7.78054
11
-0.47665
21
-2.47476
31
-7.67589
12
-0.33113
22
-2.47610
32
-7.64721
13
-0.30956
23
-2.37204
33
-7.75078
0
3DFACE
8
C2
10
-0.47665
20
-2.47476
30
-7.67589
11
-0.49765
21
-2.58331
31
-7.57637
12
-0.35172
22
-2.58795
32
-7.55064
13
-0.33113
23
-2.47610
33
-7.64721
0
3DFACE
8
C2
10
-0.49765
20
-2.58331
30
-7.57637
11
-0.51918
21
-2.68770
31
-7.47310
12
-0.37292
22
-2.69497
32
-7.44974
13
-0.35172
23
-2.58795
33
-7.55064
0
3DFACE
8
C2
10
-0.51918
20
-2.68770
30
-7.47310
11
-0.54053
21
-2.79351
31
-7.37111
12
-0.39378
22
-2.80463
32
-7.35120
13
-0.37292
23
-2.69497
33
-7.44974
0
3DFACE
8
C2
10
-0.54053
20
-2.79351
30
-7.37111
11
-0.56299
21
-2.89042
31
-7.26113
12
-0.41574
22
-2.90560
32
-7.24487
13
-0.39378
23
-2.80463
33
-7.35120
0
3DFACE
8
C2
10
-0.56299
20
-2.89042
30
-7.26113
11
-0.58504
21
-2.99063
31
-7.15411
12
-0.43762
22
-3.00713
32
-7.13904
13
-0.41574
23
-2.90560
33
-7.24487
0
3DFACE
8
C2
10
-0.58504
20
-2.99063
30
-7.15411
11
-0.60665
21
-3.09435
31
-7.05025
12
-0.45918
22
-3.11129
32
-7.03557
13
-0.43762
23
-3.00713
33
-7.13904
0
3DFACE
8
C2
10
-0.60665
20
-3.09435
30
-7.05025
11
-0.62964
21
-3.18698
31
-6.93643
12
-0.48213
22
-3.20425
32
-6.92204
13
-0.45918
23
-3.11129
33
-7.03557
0
3DFACE
8
C2
10
-0.62964
20
-3.18698
30
-6.93643
11
-0.65404
21
-3.26841
31
-6.81255
12
-0.50653
22
-3.28568
32
-6.79816
13
-0.48213
23
-3.20425
33
-6.92204
0
3DFACE
8
C2
10
-0.65404
20
-3.26841
30
-6.81255
11
-0.67785
21
-3.35455
31
-6.69291
12
-0.53027
22
-3.37237
32
-6.67902
13
-0.50653
23
-3.28568
33
-6.79816
0
3DFACE
8
C2
10
-0.67785
20
-3.35455
30
-6.69291
11
-0.70035
21
-3.45114
31
-6.58264
12
-0.55303
22
-3.46687
32
-6.56687
13
-0.53027
23
-3.37237
33
-6.67902
0
3DFACE
8
C2
10
-0.70035
20
-3.45114
30
-6.58264
11
-0.72210
21
-3.55376
31
-6.47779
12
-0.57526
22
-3.56565
32
-6.45857
13
-0.55303
23
-3.46687
33
-6.56687
0
3DFACE
8
C2
10
-0.72210
20
-3.55376
30
-6.47779
11
-0.74518
21
-3.64573
31
-6.36338
12
-0.59855
22
-3.65597
32
-6.34268
13
-0.57526
23
-3.56565
33
-6.45857
0
3DFACE
8
C2
10
-0.74518
20
-3.64573
30
-6.36338
11
-0.76941
21
-3.72847
31
-6.24068
12
-0.62281
22
-3.73849
32
-6.21979
13
-0.59855
23
-3.65597
33
-6.34268
0
3DFACE
8
C2
10
-0.76941
20
-3.72847
30
-6.24068
11
-0.79275
21
-3.81835
31
-6.12439
12
-0.64615
22
-3.82837
32
-6.10350
13
-0.62281
23
-3.73849
33
-6.21979
0
3DFACE
8
C2
10
-0.79275
20
-3.81835
30
-6.12439
11
-0.81493
21
-3.91757
31
-6.01649
12
-0.66861
22
-3.92529
32
-5.99353
13
-0.64615
23
-3.82837
33
-6.10350
0
3DFACE
8
C2
10
-0.81493
20
-3.91757
30
-6.01649
11
-0.83626
21
-4.02350
31
-5.91460
12
-0.69033
22
-4.02813
32
-5.88887
13
-0.66861
23
-3.92529
33
-5.99353
0
3DFACE
8
C2
10
-0.83626
20
-4.02350
30
-5.91460
11
-0.85797
21
-4.12645
31
-5.81004
12
-0.71214
22
-4.13021
32
-5.78353
13
-0.69033
23
-4.02813
33
-5.88887
0
3DFACE
8
C2
10
-0.85797
20
-4.12645
30
-5.81004
11
-0.88019
21
-4.22523
31
-5.70174
12
-0.73429
22
-4.22965
32
-5.67582
13
-0.71214
23
-4.13021
33
-5.78353
0
3DFACE
8
C2
10
-0.88019
20
-4.22523
30
-5.70174
11
-0.90184
21
-4.32863
31
-5.59759
12
-0.75608
22
-4.33194
32
-5.57068
13
-0.73429
23
-4.22965
33
-5.67582
0
3DFACE
8
C2
10
0.81152
20
2.48943
30
-13.23538
11
0.78904
21
2.39262
31
-13.12531
12
0.93580
22
2.38140
32
-13.10550
13
0.95829
23
2.47809
33
-13.21567
0
3DFACE
8
C2
10
0.78904
20
2.39262
30
-13.12531
11
0.76713
21
2.29132
31
-13.01928
12
0.91401
22
2.27910
32
-13.00036
13
0.93580
23
2.38140
33
-13.10550
0
3DFACE
8
C2
10
0.76713
20
2.29132
30
-13.01928
11
0.74475
21
2.19374
31
-12.90989
12
0.89162
22
2.18164
32
-12.89087
13
0.91401
23
2.27910
33
-13.00036
0
3DFACE
8
C2
10
0.74475
20
2.19374
30
-12.90989
11
0.72218
21
2.09771
31
-12.79913
12
0.86879
22
2.08769
32
-12.77823
13
0.89162
23
2.18164
33
-12.89087
0
3DFACE
8
C2
10
0.72218
20
2.09771
30
-12.79913
11
0.70026
21
1.99651
31
-12.69300
12
0.84674
22
1.98748
32
-12.67122
13
0.86879
23
2.08769
33
-12.77823
0
3DFACE
8
C2
10
0.70026
20
1.99651
30
-12.69300
11
0.67940
21
1.88675
31
-12.59456
12
0.82616
22
1.87552
32
-12.57475
13
0.84674
23
1.98748
33
-12.67122
0
3DFACE
8
C2
10
0.67940
20
1.88675
30
-12.59456
11
0.65924
21
1.77149
31
-12.50105
12
0.80645
22
1.75663
32
-12.48449
13
0.82616
23
1.87552
33
-12.57475
0
3DFACE
8
C2
10
0.65924
20
1.77149
30
-12.50105
11
0.63812
21
1.66381
31
-12.40073
12
0.78558
22
1.64698
32
-12.38595
13
0.80645
23
1.75663
33
-12.48449
0
3DFACE
8
C2
10
0.63812
20
1.66381
30
-12.40073
11
0.61614
21
1.56305
31
-12.29421
12
0.76371
22
1.54534
32
-12.28022
13
0.78558
23
1.64698
33
-12.38595
0
3DFACE
8
C2
10
0.61614
20
1.56305
30
-12.29421
11
0.59459
21
1.45889
31
-12.19074
12
0.74246
22
1.43876
32
-12.17892
13
0.76371
23
1.54534
33
-12.28022
0
3DFACE
8
C2
10
0.59459
20
1.45889
30
-12.19074
11
0.57339
21
1.35187
31
-12.08984
12
0.72186
22
1.32691
32
-12.08235
13
0.74246
23
1.43876
33
-12.17892
0
3DFACE
8
C2
10
0.57339
20
1.35187
30
-12.08984
11
0.55238
21
1.24331
31
-11.99031
12
0.70153
22
1.21296
32
-11.98766
13
0.72186
23
1.32691
33
-12.08235
0
3DFACE
8
C2
10
0.55238
20
1.24331
30
-11.99031
11
0.53013
21
1.14475
31
-11.88181
12
0.67950
22
1.11265
32
-11.88074
13
0.70153
23
1.21296
33
-11.98766
0
3DFACE
8
C2
10
0.53013
20
1.14475
30
-11.88181
11
0.50671
21
1.05552
31
-11.76494
12
0.65592
22
1.02463
32
-11.76278
13
0.67950
23
1.11265
33
-11.88074
0
3DFACE
8
C2
10
0.50671
20
1.05552
30
-11.76494
11
0.48337
21
0.96564
31
-11.64865
12
0.63228
22
0.93717
32
-11.64432
13
0.65592
23
1.02463
33
-11.76278
0
3DFACE
8
C2
10
0.48337
20
0.96564
30
-11.64865
11
0.46001
21
0.87587
31
-11.53226
12
0.60839
22
0.85168
32
-11.52409
13
0.63228
23
0.93717
33
-11.64432
0
3DFACE
8
C2
10
0.46001
20
0.87587
30
-11.53226
11
0.43556
21
0.79489
31
-11.40799
12
0.58350
22
0.77421
32
-11.39666
13
0.60839
23
0.85168
33
-11.52409
0
3DFACE
8
C2
10
0.43556
20
0.79489
30
-11.40799
11
0.41230
21
0.70434
31
-11.29230
12
0.55950
22
0.68960
32
-11.27564
13
0.58350
23
0.77421
33
-11.39666
0
3DFACE
8
C2
10
0.41230
20
0.70434
30
-11.29230
11
0.38863
21
0.61710
31
-11.17364
12
0.53499
22
0.60906
32
-11.15098
13
0.55950
23
0.68960
33
-11.27564
0
3DFACE
8
C2
10
0.38863
20
0.61710
30
-11.17364
11
0.36561
21
0.52469
31
-11.05962
12
0.51131
22
0.52192
32
-11.03222
13
0.53499
23
0.60906
33
-11.15098
0
3DFACE
8
C2
10
0.36561
20
0.52469
30
-11.05962
11
0.34290
21
0.42975
31
-10.94787
12
0.48812
22
0.43083
32
-10.91702
13
0.51131
23
0.52192
33
-11.03222
0
3DFACE
8
C2
10
0.34290
20
0.42975
30
-10.94787
11
0.31950
21
0.34031
31
-10.83119
12
0.46457
22
0.34260
32
-10.79926
13
0.48812
23
0.43083
33
-10.91702
0
3DFACE
8
C2
10
0.31950
20
0.34031
30
-10.83119
11
0.29778
21
0.23747
31
-10.72654
12
0.44281
22
0.24008
32
-10.69431
13
0.46457
23
0.34260
33
-10.79926
0
3DFACE
8
C2
10
0.29778
20
0.23747
30
-10.72654
11
0.27751
21
0.12309
31
-10.63224
12
0.42244
22
0.12647
32
-10.59932
13
0.44281
23
0.24008
33
-10.69431
0
3DFACE
8
C2
10
0.27751
20
0.12309
30
-10.63224
11
0.25613
21
0.01749
31
-10.53006
12
0.40121
22
0.01967
32
-10.49822
13
0.42244
23
0.12647
33
-10.59932
0
3DFACE
8
C2
10
0.25613
20
0.01749
30
-10.53006
11
0.23471
21
-0.08777
31
-10.42757
12
0.37999
22
-0.08713
32
-10.39712
13
0.40121
23
0.01967
33
-10.49822
0
3DFACE
8
C2
10
0.23471
20
-0.08777
30
-10.42757
11
0.21264
21
-0.18776
31
-10.32036
12
0.35813
22
-0.18888
32
-10.29148
13
0.37999
23
-0.08713
33
-10.39712
0
3DFACE
8
C2
10
0.21264
20
-0.18776
30
-10.32036
11
0.19125
21
-0.29324
31
-10.21807
12
0.33692
22
-0.29579
32
-10.19047
13
0.35813
23
-0.18888
33
-10.29148
0
3DFACE
8
C2
10
0.19125
20
-0.29324
30
-10.21807
11
0.17100
21
-0.40784
31
-10.12397
12
0.31662
22
-0.40995
32
-10.09598
13
0.33692
23
-0.29579
33
-10.19047
0
3DFACE
8
C2
10
0.17100
20
-0.40784
30
-10.12397
11
0.14931
21
-0.51090
31
-10.01952
12
0.29498
22
-0.51345
32
-9.99192
13
0.31662
23
-0.40995
33
-10.09598
0
3DFACE
8
C2
10
0.14931
20
-0.51090
30
-10.01952
11
0.12716
21
-0.61034
31
-9.91181
12
0.27282
22
-0.61278
32
-9.88411
13
0.29498
23
-0.51345
33
-9.99192
0
3DFACE
8
C2
10
0.12716
20
-0.61034
30
-9.91181
11
0.10396
21
-0.70132
31
-9.79651
12
0.24969
22
-0.70431
32
-9.76930
13
0.27282
23
-0.61278
33
-9.88411
0
3DFACE
8
C2
10
0.10396
20
-0.70132
30
-9.79651
11
0.08140
21
-0.79747
31
-9.68584
12
0.22698
22
-0.79925
32
-9.65755
13
0.24969
23
-0.70431
33
-9.76930
0
3DFACE
8
C2
10
0.08140
20
-0.79747
30
-9.68584
11
0.05949
21
-0.89878
31
-9.57981
12
0.20483
22
-0.89869
32
-9.54984
13
0.22698
23
-0.79925
33
-9.65755
0
3DFACE
8
C2
10
0.05949
20
-0.89878
30
-9.57981
11
0.03689
21
-0.99459
31
-9.46885
12
0.18203
22
-0.99285
32
-9.43740
13
0.20483
23
-0.89869
33
-9.54984
0
3DFACE
8
C2
10
0.03689
20
-0.99459
30
-9.46885
11
0.01423
21
-1.08985
31
-9.35739
12
0.15916
22
-1.08647
32
-9.32447
13
0.18203
23
-0.99285
33
-9.43740
0
3DFACE
8
C2
10
0.01423
20
-1.08985
30
-9.35739
11
-0.00929
21
-1.17831
31
-9.23982
12
0.13564
22
-1.17492
32
-9.20690
13
0.15916
23
-1.08647
33
-9.32447
0
3DFACE
8
C2
10
-0.00929
20
-1.17831
30
-9.23982
11
-0.03217
21
-1.27193
31
-9.12689
12
0.11267
22
-1.26777
32
-9.09328
13
0.13564
23
-1.17492
33
-9.20690
0
3DFACE
8
C2
10
-0.03217
20
-1.27193
30
-9.12689
11
-0.05433
21
-1.37126
31
-9.01908
12
0.09029
22
-1.36535
32
-8.98389
13
0.11267
23
-1.26777
33
-9.09328
0
3DFACE
8
C2
10
-0.05433
20
-1.37126
30
-9.01908
11
-0.07742
21
-1.46312
31
-8.90457
12
0.06713
22
-1.45666
32
-8.86889
13
0.09029
23
-1.36535
33
-8.98389
0
3DFACE
8
C2
10
-0.07742
20
-1.46312
30
-8.90457
11
-0.10081
21
-1.55256
31
-8.78789
12
0.04370
22
-1.54588
32
-8.75201
13
0.06713
23
-1.45666
33
-8.86889
0
3DFACE
8
C2
10
-0.10081
20
-1.55256
30
-8.78789
11
-0.12553
21
-1.63145
31
-8.66174
12
0.01925
22
-1.62686
32
-8.62774
13
0.04370
23
-1.54588
33
-8.75201
0
3DFACE
8
C2
10
-0.12553
20
-1.63145
30
-8.66174
11
-0.14884
21
-1.72156
31
-8.54565
12
-0.00405
22
-1.71707
32
-8.51175
13
0.01925
23
-1.62686
33
-8.62774
0
3DFACE
8
C2
10
-0.14884
20
-1.72156
30
-8.54565
11
-0.17128
21
-1.81869
31
-8.43587
12
-0.02670
22
-1.81245
32
-8.40039
13
-0.00405
23
-1.71707
33
-8.51175
0
3DFACE
8
C2
10
-0.17128
20
-1.81869
30
-8.43587
11
-0.19451
21
-1.90945
31
-8.32038
12
-0.05008
22
-1.90200
32
-8.28381
13
-0.02670
23
-1.81245
33
-8.40039
0
3DFACE
8
C2
10
-0.19451
20
-1.90945
30
-8.32038
11
-0.21809
21
-1.99735
31
-8.20232
12
-0.07388
22
-1.98826
32
-8.16427
13
-0.05008
23
-1.90200
33
-8.28381
0
3DFACE
8
C2
10
-0.21809
20
-1.99735
30
-8.20232
11
-0.24268
21
-2.07724
31
-8.07706
12
-0.09877
22
-2.06573
32
-8.03684
13
-0.07388
23
-1.98826
33
-8.16427
0
3DFACE
8
C2
10
-0.24268
20
-2.07724
30
-8.07706
11
-0.26608
21
-2.16668
31
-7.96038
12
-0.12229
22
-2.15418
32
-7.91927
13
-0.09877
23
-2.06573
33
-8.03684
0
3DFACE
8
C2
10
-0.26608
20
-2.16668
30
-7.96038
11
-0.28748
21
-2.27205
31
-7.85799
12
-0.14376
22
-2.25900
32
-7.81639
13
-0.12229
23
-2.15418
33
-7.91927
0
3DFACE
8
C2
10
-0.28748
20
-2.27205
30
-7.85799
11
-0.30956
21
-2.37204
31
-7.75078
12
-0.16537
22
-2.36273
32
-7.71253
13
-0.14376
23
-2.25900
33
-7.81639
0
3DFACE
8
C2
10
-0.30956
20
-2.37204
30
-7.75078
11
-0.33113
21
-2.47610
31
-7.64721
12
-0.18636
22
-2.47139
32
-7.61310
13
-0.16537
23
-2.36273
33
-7.71253
0
3DFACE
8
C2
10
-0.33113
20
-2.47610
30
-7.64721
11
-0.35172
21
-2.58795
31
-7.55064
12
-0.20617
22
-2.58951
32
-7.52216
13
-0.18636
23
-2.47139
33
-7.61310
0
3DFACE
8
C2
10
-0.35172
20
-2.58795
30
-7.55064
11
-0.37292
21
-2.69497
31
-7.44974
12
-0.22668
22
-2.70202
32
-7.42618
13
-0.20617
23
-2.58951
33
-7.52216
0
3DFACE
8
C2
10
-0.37292
20
-2.69497
30
-7.44974
11
-0.39378
21
-2.80463
31
-7.35120
12
-0.24671
22
-2.81838
32
-7.33366
13
-0.22668
23
-2.70202
33
-7.42618
0
3DFACE
8
C2
10
-0.39378
20
-2.80463
30
-7.35120
11
-0.41574
21
-2.90560
31
-7.24487
12
-0.26785
22
-2.92584
32
-7.23315
13
-0.24671
23
-2.81838
33
-7.33366
0
3DFACE
8
C2
10
-0.41574
20
-2.90560
30
-7.24487
11
-0.43762
21
-3.00713
31
-7.13904
12
-0.28917
22
-3.03187
32
-7.13136
13
-0.26785
23
-2.92584
33
-7.23315
0
3DFACE
8
C2
10
-0.43762
20
-3.00713
30
-7.13904
11
-0.45918
21
-3.11129
31
-7.03557
12
-0.31032
22
-3.13933
32
-7.03085
13
-0.28917
23
-3.03187
33
-7.13136
0
3DFACE
8
C2
10
-0.45918
20
-3.11129
30
-7.03557
11
-0.48213
21
-3.20425
31
-6.92204
12
-0.33301
22
-3.23438
32
-6.91919
13
-0.31032
23
-3.13933
33
-7.03085
0
3DFACE
8
C2
10
-0.48213
20
-3.20425
30
-6.92204
11
-0.50653
21
-3.28568
31
-6.79816
12
-0.35731
22
-3.31657
32
-6.79601
13
-0.33301
23
-3.23438
33
-6.91919
0
3DFACE
8
C2
10
-0.50653
20
-3.28568
30
-6.79816
11
-0.53027
21
-3.37237
31
-6.67902
12
-0.38086
22
-3.40480
32
-6.67824
13
-0.35731
23
-3.31657
33
-6.79601
0
3DFACE
8
C2
10
-0.53027
20
-3.37237
30
-6.67902
11
-0.55303
21
-3.46687
31
-6.56687
12
-0.40366
22
-3.49897
32
-6.56580
13
-0.38086
23
-3.40480
33
-6.67824
0
3DFACE
8
C2
10
-0.55303
20
-3.46687
30
-6.56687
11
-0.57526
21
-3.56565
31
-6.45857
12
-0.42612
22
-3.59588
32
-6.45582
13
-0.40366
23
-3.49897
33
-6.56580
0
3DFACE
8
C2
10
-0.57526
20
-3.56565
30
-6.45857
11
-0.59855
21
-3.65597
31
-6.34268
12
-0.44966
22
-3.68423
32
-6.33816
13
-0.42612
23
-3.59588
33
-6.45582
0
3DFACE
8
C2
10
-0.59855
20
-3.65597
30
-6.34268
11
-0.62281
21
-3.73849
31
-6.21979
12
-0.47430
22
-3.76367
32
-6.21250
13
-0.44966
23
-3.68423
33
-6.33816
0
3DFACE
8
C2
10
-0.62281
20
-3.73849
30
-6.21979
11
-0.64615
21
-3.82837
31
-6.10350
12
-0.49796
22
-3.85103
32
-6.09395
13
-0.47430
23
-3.76367
33
-6.21250
0
3DFACE
8
C2
10
-0.64615
20
-3.82837
30
-6.10350
11
-0.66861
21
-3.92529
31
-5.99353
12
-0.52086
22
-3.94442
32
-5.98082
13
-0.49796
23
-3.85103
33
-6.09395
0
3DFACE
8
C2
10
-0.66861
20
-3.92529
30
-5.99353
11
-0.69033
21
-4.02813
31
-5.88887
12
-0.54310
22
-4.04309
32
-5.87242
13
-0.52086
23
-3.94442
33
-5.98082
0
3DFACE
8
C2
10
-0.69033
20
-4.02813
30
-5.88887
11
-0.71214
21
-4.13021
31
-5.78353
12
-0.56525
22
-4.14253
32
-5.76471
13
-0.54310
23
-4.04309
33
-5.87242
0
3DFACE
8
C2
10
-0.71214
20
-4.13021
30
-5.78353
11
-0.73429
21
-4.22965
31
-5.67582
12
-0.58769
22
-4.23956
32
-5.65483
13
-0.56525
23
-4.14253
33
-5.76471
0
3DFACE
8
C2
10
-0.73429
20
-4.22965
30
-5.67582
11
-0.75608
21
-4.33194
31
-5.57068
12
-0.60977
22
-4.33955
32
-5.54762
13
-0.58769
23
-4.23956
33
-5.65483
0
3DFACE
8
C2
10
0.95829
20
2.47809
30
-13.21567
11
0.93580
21
2.38140
31
-13.10550
12
1.08168
22
2.37720
32
-13.07938
13
1.10418
23
2.47378
33
-13.18965
0
3DFACE
8
C2
10
0.93580
20
2.38140
30
-13.10550
11
0.91401
21
2.27910
31
-13.00036
12
1.06001
22
2.27391
32
-12.97512
13
1.08168
23
2.37720
33
-13.07938
0
3DFACE
8
C2
10
0.91401
20
2.27910
30
-13.00036
11
0.89162
21
2.18164
31
-12.89087
12
1.03753
22
2.17722
32
-12.86495
13
1.06001
23
2.27391
33
-12.97512
0
3DFACE
8
C2
10
0.89162
20
2.18164
30
-12.89087
11
0.86879
21
2.08769
31
-12.77823
12
1.01443
22
2.08536
32
-12.75044
13
1.03753
23
2.17722
33
-12.86495
0
3DFACE
8
C2
10
0.86879
20
2.08769
30
-12.77823
11
0.84674
21
1.98748
31
-12.67122
12
0.99227
22
1.98603
32
-12.64263
13
1.01443
23
2.08536
33
-12.75044
0
3DFACE
8
C2
10
0.84674
20
1.98748
30
-12.67122
11
0.82616
21
1.87552
31
-12.57475
12
0.97189
22
1.87253
32
-12.54755
13
0.99227
23
1.98603
33
-12.64263
0
3DFACE
8
C2
10
0.82616
20
1.87552
30
-12.57475
11
0.80645
21
1.75663
31
-12.48449
12
0.95274
22
1.74914
32
-12.46133
13
0.97189
23
1.87253
33
-12.54755
0
3DFACE
8
C2
10
0.80645
20
1.75663
30
-12.48449
11
0.78558
21
1.64698
31
-12.38595
12
0.93206
22
1.63795
32
-12.36417
13
0.95274
23
1.74914
33
-12.46133
0
3DFACE
8
C2
10
0.78558
20
1.64698
30
-12.38595
11
0.76371
21
1.54534
31
-12.28022
12
0.91030
22
1.53543
32
-12.25923
13
0.93206
23
1.63795
33
-12.36417
0
3DFACE
8
C2
10
0.76371
20
1.54534
30
-12.28022
11
0.74246
21
1.43876
31
-12.17892
12
0.88938
22
1.42621
32
-12.16029
13
0.91030
23
1.53543
33
-12.25923
0
3DFACE
8
C2
10
0.74246
20
1.43876
30
-12.17892
11
0.72186
21
1.32691
31
-12.08235
12
0.86928
22
1.31040
32
-12.06728
13
0.88938
23
1.42621
33
-12.16029
0
3DFACE
8
C2
10
0.72186
20
1.32691
30
-12.08235
11
0.70153
21
1.21296
31
-11.98766
12
0.84962
22
1.19108
32
-11.97741
13
0.86928
23
1.31040
33
-12.06728
0
3DFACE
8
C2
10
0.70153
20
1.21296
30
-11.98766
11
0.67950
21
1.11265
31
-11.88074
12
0.82774
22
1.08955
32
-11.87158
13
0.84962
23
1.19108
33
-11.97741
0
3DFACE
8
C2
10
0.67950
20
1.11265
30
-11.88074
11
0.65592
21
1.02463
31
-11.76278
12
0.80384
22
1.00418
32
-11.75125
13
0.82774
23
1.08955
33
-11.87158
0
3DFACE
8
C2
10
0.65592
20
1.02463
30
-11.76278
11
0.63228
21
0.93717
31
-11.64432
12
0.78001
22
0.91814
32
-11.63151
13
0.80384
23
1.00418
33
-11.75125
0
3DFACE
8
C2
10
0.63228
20
0.93717
30
-11.64432
11
0.60839
21
0.85168
31
-11.52409
12
0.75577
22
0.83551
32
-11.50872
13
0.78001
23
0.91814
33
-11.63151
0
3DFACE
8
C2
10
0.60839
20
0.85168
30
-11.52409
11
0.58350
21
0.77421
31
-11.39666
12
0.73057
22
0.76046
32
-11.37912
13
0.75577
23
0.83551
33
-11.50872
0
3DFACE
8
C2
10
0.58350
20
0.77421
30
-11.39666
11
0.55950
21
0.68960
31
-11.27564
12
0.70612
22
0.67947
32
-11.25485
13
0.73057
23
0.76046
33
-11.37912
0
3DFACE
8
C2
10
0.55950
20
0.68960
30
-11.27564
11
0.53499
21
0.60906
31
-11.15098
12
0.68090
22
0.60464
32
-11.12505
13
0.70612
23
0.67947
33
-11.25485
0
3DFACE
8
C2
10
0.53499
20
0.60906
30
-11.15098
11
0.51131
21
0.52192
31
-11.03222
12
0.65677
22
0.52102
32
-11.00315
13
0.68090
23
0.60464
33
-11.12505
0
3DFACE
8
C2
10
0.51131
20
0.52192
30
-11.03222
11
0.48812
21
0.43083
31
-10.91702
12
0.63328
22
0.43235
32
-10.88578
13
0.65677
23
0.52102
33
-11.00315
0
3DFACE
8
C2
10
0.48812
20
0.43083
30
-10.91702
11
0.46457
21
0.34260
31
-10.79926
12
0.60967
22
0.34466
32
-10.76752
13
0.63328
23
0.43235
33
-10.88578
0
3DFACE
8
C2
10
0.46457
20
0.34260
30
-10.79926
11
0.44281
21
0.24008
31
-10.69431
12
0.58788
22
0.24237
32
-10.66237
13
0.60967
23
0.34466
33
-10.76752
0
3DFACE
8
C2
10
0.44281
20
0.24008
30
-10.69431
11
0.42244
21
0.12647
31
-10.59932
12
0.56741
22
0.12952
32
-10.56669
13
0.58788
23
0.24237
33
-10.66237
0
3DFACE
8
C2
10
0.42244
20
0.12647
30
-10.59932
11
0.40121
21
0.01967
31
-10.49822
12
0.54625
22
0.02217
32
-10.46608
13
0.56741
23
0.12952
33
-10.56669
0
3DFACE
8
C2
10
0.40121
20
0.01967
30
-10.49822
11
0.37999
21
-0.08713
31
-10.39712
12
0.52515
22
-0.08561
32
-10.36587
13
0.54625
23
0.02217
33
-10.46608
0
3DFACE
8
C2
10
0.37999
20
-0.08713
30
-10.39712
11
0.35813
21
-0.18888
31
-10.29148
12
0.50358
22
-0.18967
32
-10.26230
13
0.52515
23
-0.08561
33
-10.36587
0
3DFACE
8
C2
10
0.35813
20
-0.18888
30
-10.29148
11
0.33692
21
-0.29579
31
-10.19047
12
0.48246
22
-0.29724
32
-10.16189
13
0.50358
23
-0.18967
33
-10.26230
0
3DFACE
8
C2
10
0.33692
20
-0.29579
30
-10.19047
11
0.31662
21
-0.40995
31
-10.09598
12
0.46208
22
-0.41085
32
-10.06690
13
0.48246
23
-0.29724
33
-10.16189
0
3DFACE
8
C2
10
0.31662
20
-0.40995
30
-10.09598
11
0.29498
21
-0.51345
31
-9.99192
12
0.44043
22
-0.51424
32
-9.96274
13
0.46208
23
-0.41085
33
-10.06690
0
3DFACE
8
C2
10
0.29498
20
-0.51345
30
-9.99192
11
0.27282
21
-0.61278
31
-9.88411
12
0.41827
22
-0.61357
32
-9.85494
13
0.44043
23
-0.51424
33
-9.96274
0
3DFACE
8
C2
10
0.27282
20
-0.61278
30
-9.88411
11
0.24969
21
-0.70431
31
-9.76930
12
0.39524
22
-0.70587
32
-9.74082
13
0.41827
23
-0.61357
33
-9.85494
0
3DFACE
8
C2
10
0.24969
20
-0.70431
30
-9.76930
11
0.22698
21
-0.79925
31
-9.65755
12
0.37244
22
-0.80015
32
-9.62848
13
0.39524
23
-0.70587
33
-9.74082
0
3DFACE
8
C2
10
0.22698
20
-0.79925
30
-9.65755
11
0.20483
21
-0.89869
31
-9.54984
12
0.35002
22
-0.89739
32
-9.51880
13
0.37244
23
-0.80015
33
-9.62848
0
3DFACE
8
C2
10
0.20483
20
-0.89869
30
-9.54984
11
0.18203
21
-0.99285
31
-9.43740
12
0.32704
22
-0.99013
32
-9.40507
13
0.35002
23
-0.89739
33
-9.51880
0
3DFACE
8
C2
10
0.18203
20
-0.99285
30
-9.43740
11
0.15916
21
-1.08647
31
-9.32447
12
0.30402
22
-1.08254
32
-9.29105
13
0.32704
23
-0.99013
33
-9.40507
0
3DFACE
8
C2
10
0.15916
20
-1.08647
30
-9.32447
11
0.13564
21
-1.17492
31
-9.20690
12
0.28037
22
-1.17000
32
-9.17260
13
0.30402
23
-1.08254
33
-9.29105
0
3DFACE
8
C2
10
0.13564
20
-1.17492
30
-9.20690
11
0.11267
21
-1.26777
31
-9.09328
12
0.25734
22
-1.26230
32
-9.05848
13
0.28037
23
-1.17000
33
-9.17260
0
3DFACE
8
C2
10
0.11267
20
-1.26777
30
-9.09328
11
0.09029
21
-1.36535
31
-8.98389
12
0.23478
22
-1.35845
32
-8.94782
13
0.25734
23
-1.26230
33
-9.05848
0
3DFACE
8
C2
10
0.09029
20
-1.36535
30
-8.98389
11
0.06713
21
-1.45666
31
-8.86889
12
0.21164
22
-1.44998
32
-8.83301
13
0.23478
23
-1.35845
33
-8.94782
0
3DFACE
8
C2
10
0.06713
20
-1.45666
30
-8.86889
11
0.04370
21
-1.54588
31
-8.75201
12
0.18833
22
-1.54008
32
-8.71692
13
0.21164
23
-1.44998
33
-8.83301
0
3DFACE
8
C2
10
0.04370
20
-1.54588
30
-8.75201
11
0.01925
21
-1.62686
31
-8.62774
12
0.16414
22
-1.62315
32
-8.59452
13
0.18833
23
-1.54008
33
-8.71692
0
3DFACE
8
C2
10
0.01925
20
-1.62686
30
-8.62774
11
-0.00405
21
-1.71707
31
-8.51175
12
0.14103
22
-1.71490
32
-8.47991
13
0.16414
23
-1.62315
33
-8.59452
0
3DFACE
8
C2
10
-0.00405
20
-1.71707
30
-8.51175
11
-0.02670
21
-1.81245
31
-8.40039
12
0.11846
22
-1.81093
32
-8.36914
13
0.14103
23
-1.71490
33
-8.47991
0
3DFACE
8
C2
10
-0.02670
20
-1.81245
30
-8.40039
11
-0.05008
21
-1.90200
31
-8.28381
12
0.09512
22
-1.90081
32
-8.25286
13
0.11846
23
-1.81093
33
-8.36914
0
3DFACE
8
C2
10
-0.05008
20
-1.90200
30
-8.28381
11
-0.07388
21
-1.98826
31
-8.16427
12
0.07138
22
-1.98751
32
-8.13371
13
0.09512
23
-1.90081
33
-8.25286
0
3DFACE
8
C2
10
-0.07388
20
-1.98826
30
-8.16427
11
-0.09877
21
-2.06573
31
-8.03684
12
0.04664
22
-2.06619
32
-8.00737
13
0.07138
23
-1.98751
33
-8.13371
0
3DFACE
8
C2
10
-0.09877
20
-2.06573
30
-8.03684
11
-0.12229
21
-2.15418
31
-7.91927
12
0.02327
22
-2.15585
32
-7.89088
13
0.04664
23
-2.06619
33
-8.00737
0
3DFACE
8
C2
10
-0.12229
20
-2.15418
30
-7.91927
11
-0.14376
21
-2.25900
31
-7.81639
12
0.00201
22
-2.26232
32
-7.78949
13
0.02327
23
-2.15585
33
-7.89088
0
3DFACE
8
C2
10
-0.14376
20
-2.25900
30
-7.81639
11
-0.16537
21
-2.36273
31
-7.71253
12
-0.01933
22
-2.36824
32
-7.68759
13
0.00201
23
-2.26232
33
-7.78949
0
3DFACE
8
C2
10
-0.16537
20
-2.36273
30
-7.71253
11
-0.18636
21
-2.47139
31
-7.61310
12
-0.04004
22
-2.47911
32
-7.59014
13
-0.01933
23
-2.36824
33
-7.68759
0
3DFACE
8
C2
10
-0.18636
20
-2.47139
30
-7.61310
11
-0.20617
21
-2.58951
31
-7.52216
12
-0.05980
22
-2.59766
32
-7.49959
13
-0.04004
23
-2.47911
33
-7.59014
0
3DFACE
8
C2
10
-0.20617
20
-2.58951
30
-7.52216
11
-0.22668
21
-2.70202
31
-7.42618
12
-0.07999
22
-2.71270
32
-7.40588
13
-0.05980
23
-2.59766
33
-7.49959
0
3DFACE
8
C2
10
-0.22668
20
-2.70202
30
-7.42618
11
-0.24671
21
-2.81838
31
-7.33366
12
-0.09965
22
-2.83202
32
-7.31602
13
-0.07999
23
-2.71270
33
-7.40588
0
3DFACE
8
C2
10
-0.24671
20
-2.81838
30
-7.33366
11
-0.26785
21
-2.92584
31
-7.23315
12
-0.12042
22
-2.94245
32
-7.21817
13
-0.09965
23
-2.83202
33
-7.31602
0
3DFACE
8
C2
10
-0.26785
20
-2.92584
30
-7.23315
11
-0.28917
21
-3.03187
31
-7.13136
12
-0.14158
22
-3.04980
32
-7.11756
13
-0.12042
23
-2.94245
33
-7.21817
0
3DFACE
8
C2
10
-0.28917
20
-3.03187
30
-7.13136
11
-0.31032
21
-3.13933
31
-7.03085
12
-0.16272
22
-3.15726
32
-7.01705
13
-0.14158
23
-3.04980
33
-7.11756
0
3DFACE
8
C2
10
-0.31032
20
-3.13933
30
-7.03085
11
-0.33301
21
-3.23438
31
-6.91919
12
-0.18510
22
-3.25483
32
-6.90767
13
-0.16272
23
-3.15726
33
-7.01705
0
3DFACE
8
C2
10
-0.33301
20
-3.23438
30
-6.91919
11
-0.35731
21
-3.31657
31
-6.79601
12
-0.20870
22
-3.34263
32
-6.78951
13
-0.18510
23
-3.25483
33
-6.90767
0
3DFACE
8
C2
10
-0.35731
20
-3.31657
30
-6.79601
11
-0.38086
21
-3.40480
31
-6.67824
12
-0.23186
22
-3.43394
32
-6.67450
13
-0.20870
23
-3.34263
33
-6.78951
0
3DFACE
8
C2
10
-0.38086
20
-3.40480
30
-6.67824
11
-0.40366
21
-3.49897
31
-6.56580
12
-0.25467
22
-3.52810
32
-6.56206
13
-0.23186
23
-3.43394
33
-6.67450
0
3DFACE
8
C2
10
-0.40366
20
-3.49897
30
-6.56580
11
-0.42612
21
-3.59588
31
-6.45582
12
-0.27769
22
-3.62051
32
-6.44804
13
-0.25467
23
-3.52810
33
-6.56206
0
3DFACE
8
C2
10
-0.42612
20
-3.59588
30
-6.45582
11
-0.44966
21
-3.68423
31
-6.33816
12
-0.30131
22
-3.70820
32
-6.32978
13
-0.27769
23
-3.62051
33
-6.44804
0
3DFACE
8
C2
10
-0.44966
20
-3.68423
30
-6.33816
11
-0.47430
21
-3.76367
31
-6.21250
12
-0.32581
22
-3.78874
32
-6.20512
13
-0.30131
23
-3.70820
33
-6.32978
0
3DFACE
8
C2
10
-0.47430
20
-3.76367
30
-6.21250
11
-0.49796
21
-3.85103
31
-6.09395
12
-0.34957
22
-3.87533
32
-6.08587
13
-0.32581
23
-3.78874
33
-6.20512
0
3DFACE
8
C2
10
-0.49796
20
-3.85103
30
-6.09395
11
-0.52086
21
-3.94442
31
-5.98082
12
-0.37276
22
-3.96642
32
-5.97067
13
-0.34957
23
-3.87533
33
-6.08587
0
3DFACE
8
C2
10
-0.52086
20
-3.94442
30
-5.98082
11
-0.54310
21
-4.04309
31
-5.87242
12
-0.39563
22
-4.06003
32
-5.85774
13
-0.37276
23
-3.96642
33
-5.97067
0
3DFACE
8
C2
10
-0.54310
20
-4.04309
30
-5.87242
11
-0.56525
21
-4.14253
31
-5.76471
12
-0.41819
22
-4.15618
32
-5.74707
13
-0.39563
23
-4.06003
33
-5.85774
0
3DFACE
8
C2
10
-0.56525
20
-4.14253
30
-5.76471
11
-0.58769
21
-4.23956
31
-5.65483
12
-0.44055
22
-4.25386
32
-5.63778
13
-0.41819
23
-4.15618
33
-5.74707
0
3DFACE
8
C2
10
-0.58769
20
-4.23956
30
-5.65483
11
-0.60977
21
-4.33955
31
-5.54762
12
-0.46299
22
-4.35099
32
-5.52801
13
-0.44055
23
-4.25386
33
-5.63778
0
3DFACE
8
C2
10
1.10418
20
2.47378
30
-13.18965
11
1.08168
21
2.37720
31
-13.07938
12
1.22728
22
2.37520
32
-13.05129
13
1.24991
23
2.47079
33
-13.16245
0
3DFACE
8
C2
10
1.08168
20
2.37720
30
-13.07938
11
1.06001
21
2.27391
31
-12.97512
12
1.20578
22
2.27060
32
-12.94822
13
1.22728
23
2.37520
33
-13.05129
0
3DFACE
8
C2
10
1.06001
20
2.27391
30
-12.97512
11
1.03753
21
2.17722
31
-12.86495
12
1.18310
22
2.17544
32
-12.83666
13
1.20578
23
2.27060
33
-12.94822
0
3DFACE
8
C2
10
1.03753
20
2.17722
30
-12.86495
11
1.01443
21
2.08536
31
-12.75044
12
1.15964
22
2.08655
32
-12.71949
13
1.18310
23
2.17544
33
-12.83666
0
3DFACE
8
C2
10
1.01443
20
2.08536
30
-12.75044
11
0.99227
21
1.98603
31
-12.64263
12
1.13735
22
1.98821
32
-12.61080
13
1.15964
23
2.08655
33
-12.71949
0
3DFACE
8
C2
10
0.99227
20
1.98603
30
-12.64263
11
0.97189
21
1.87253
31
-12.54755
12
1.11702
22
1.87427
32
-12.51610
13
1.13735
23
1.98821
33
-12.61080
0
3DFACE
8
C2
10
0.97189
20
1.87253
30
-12.54755
11
0.95274
21
1.74914
31
-12.46133
12
1.09859
22
1.74516
32
-12.43502
13
1.11702
23
1.87427
33
-12.51610
0
3DFACE
8
C2
10
0.95274
20
1.74914
30
-12.46133
11
0.93206
21
1.63795
31
-12.36417
12
1.07784
22
1.63452
32
-12.33736
13
1.09859
23
1.74516
33
-12.43502
0
3DFACE
8
C2
10
0.93206
20
1.63795
30
-12.36417
11
0.91030
21
1.53543
31
-12.25923
12
1.05566
22
1.53541
32
-12.22936
13
1.07784
23
1.63452
33
-12.33736
0
3DFACE
8
C2
10
0.91030
20
1.53543
30
-12.25923
11
0.88938
21
1.42621
31
-12.16029
12
1.03469
22
1.42652
32
-12.13013
13
1.05566
23
1.53541
33
-12.22936
0
3DFACE
8
C2
10
0.88938
20
1.42621
30
-12.16029
11
0.86928
21
1.31040
31
-12.06728
12
1.01483
22
1.30884
32
-12.03879
13
1.03469
23
1.42652
33
-12.13013
0
3DFACE
8
C2
10
0.86928
20
1.31040
30
-12.06728
11
0.84962
21
1.19108
31
-11.97741
12
0.99611
22
1.18205
32
-11.95563
13
1.01483
23
1.30884
33
-12.03879
0
3DFACE
8
C2
10
0.84962
20
1.19108
30
-11.97741
11
0.82774
21
1.08955
31
-11.87158
12
0.97431
22
1.07986
32
-11.85039
13
0.99611
23
1.18205
33
-11.95563
0
3DFACE
8
C2
10
0.82774
20
1.08955
30
-11.87158
11
0.80384
21
1.00418
31
-11.75125
12
0.94962
22
1.00075
32
-11.72444
13
0.97431
23
1.07986
33
-11.85039
0
3DFACE
8
C2
10
0.80384
20
1.00418
30
-11.75125
11
0.78001
21
0.91814
31
-11.63151
12
0.92566
22
0.91581
32
-11.60372
13
0.94962
23
1.00075
33
-11.72444
0
3DFACE
8
C2
10
0.78001
20
0.91814
30
-11.63151
11
0.75577
21
0.83551
31
-11.50872
12
0.90136
22
0.83362
32
-11.48053
13
0.92566
23
0.91581
33
-11.60372
0
3DFACE
8
C2
10
0.75577
20
0.83551
30
-11.50872
11
0.73057
21
0.76046
31
-11.37912
12
0.87634
22
0.75714
32
-11.35221
13
0.90136
23
0.83362
33
-11.48053
0
3DFACE
8
C2
10
0.73057
20
0.76046
30
-11.37912
11
0.70612
21
0.67947
31
-11.25485
12
0.85179
22
0.67692
32
-11.22725
13
0.87634
23
0.75714
33
-11.35221
0
3DFACE
8
C2
10
0.70612
20
0.67947
30
-11.25485
11
0.68090
21
0.60464
31
-11.12505
12
0.82574
22
0.60868
32
-11.09154
13
0.85179
23
0.67692
33
-11.22725
0
3DFACE
8
C2
10
0.68090
20
0.60464
30
-11.12505
11
0.65677
21
0.52102
31
-11.00315
12
0.80147
22
0.52627
32
-10.96855
13
0.82574
23
0.60868
33
-11.09154
0
3DFACE
8
C2
10
0.65677
20
0.52102
30
-11.00315
11
0.63328
21
0.43235
31
-10.88578
12
0.77805
22
0.43705
32
-10.85167
13
0.80147
23
0.52627
33
-10.96855
0
3DFACE
8
C2
10
0.63328
20
0.43235
30
-10.88578
11
0.60967
21
0.34466
31
-10.76752
12
0.75472
22
0.34706
32
-10.73548
13
0.77805
23
0.43705
33
-10.85167
0
3DFACE
8
C2
10
0.60967
20
0.34466
30
-10.76752
11
0.58788
21
0.24237
31
-10.66237
12
0.73308
22
0.24355
32
-10.63142
13
0.75472
23
0.34706
33
-10.73548
0
3DFACE
8
C2
10
0.58788
20
0.24237
30
-10.66237
11
0.56741
21
0.12952
31
-10.56669
12
0.71253
22
0.13137
32
-10.53515
13
0.73308
23
0.24355
33
-10.63142
0
3DFACE
8
C2
10
0.56741
20
0.12952
30
-10.56669
11
0.54625
21
0.02217
31
-10.46608
12
0.69146
22
0.02336
32
-10.43513
13
0.71253
23
0.13137
33
-10.53515
0
3DFACE
8
C2
10
0.54625
20
0.02217
30
-10.46608
11
0.52515
21
-0.08561
31
-10.36587
12
0.67047
22
-0.08531
32
-10.33571
13
0.69146
23
0.02336
33
-10.43513
0
3DFACE
8
C2
10
0.52515
20
-0.08561
30
-10.36587
11
0.50358
21
-0.18967
31
-10.26230
12
0.64913
22
-0.19123
32
-10.23382
13
0.67047
23
-0.08531
33
-10.33571
0
3DFACE
8
C2
10
0.50358
20
-0.18967
30
-10.26230
11
0.48246
21
-0.29724
31
-10.16189
12
0.62806
22
-0.29924
32
-10.13380
13
0.64913
23
-0.19123
33
-10.23382
0
3DFACE
8
C2
10
0.48246
20
-0.29724
30
-10.16189
11
0.46208
21
-0.41085
31
-10.06690
12
0.60754
22
-0.41164
32
-10.03773
13
0.62806
23
-0.29924
33
-10.13380
0
3DFACE
8
C2
10
0.46208
20
-0.41085
30
-10.06690
11
0.44043
21
-0.51424
31
-9.96274
12
0.58584
22
-0.51470
32
-9.93327
13
0.60754
23
-0.41164
33
-10.03773
0
3DFACE
8
C2
10
0.44043
20
-0.51424
30
-9.96274
11
0.41827
21
-0.61357
31
-9.85494
12
0.56362
22
-0.61349
32
-9.82497
13
0.58584
23
-0.51470
33
-9.93327
0
3DFACE
8
C2
10
0.41827
20
-0.61357
30
-9.85494
11
0.39524
21
-0.70587
31
-9.74082
12
0.54066
22
-0.70644
32
-9.71145
13
0.56362
23
-0.61349
33
-9.82497
0
3DFACE
8
C2
10
0.39524
20
-0.70587
30
-9.74082
11
0.37244
21
-0.80015
31
-9.62848
12
0.51779
22
-0.80006
32
-9.59851
13
0.54066
23
-0.70644
33
-9.71145
0
3DFACE
8
C2
10
0.37244
20
-0.80015
30
-9.62848
11
0.35002
21
-0.89739
31
-9.51880
12
0.49512
22
-0.89533
32
-9.48706
13
0.51779
23
-0.80006
33
-9.59851
0
3DFACE
8
C2
10
0.35002
20
-0.89739
30
-9.51880
11
0.32704
21
-0.99013
31
-9.40507
12
0.47201
22
-0.98708
32
-9.37245
13
0.49512
23
-0.89533
33
-9.48706
0
3DFACE
8
C2
10
0.32704
20
-0.99013
30
-9.40507
11
0.30402
21
-1.08254
31
-9.29105
12
0.44886
22
-1.07850
32
-9.25754
13
0.47201
23
-0.98708
33
-9.37245
0
3DFACE
8
C2
10
0.30402
20
-1.08254
30
-9.29105
11
0.28037
21
-1.17000
31
-9.17260
12
0.42507
22
-1.16475
32
-9.13800
13
0.44886
23
-1.07850
33
-9.25754
0
3DFACE
8
C2
10
0.28037
20
-1.17000
30
-9.17260
11
0.25734
21
-1.26230
31
-9.05848
12
0.40207
22
-1.25738
32
-9.02418
13
0.42507
23
-1.16475
33
-9.13800
0
3DFACE
8
C2
10
0.25734
20
-1.26230
30
-9.05848
11
0.23478
21
-1.35845
31
-8.94782
12
0.37952
22
-1.35352
32
-8.91351
13
0.40207
23
-1.25738
33
-9.02418
0
3DFACE
8
C2
10
0.23478
20
-1.35845
30
-8.94782
11
0.21164
21
-1.44998
31
-8.83301
12
0.35657
22
-1.44659
32
-8.80009
13
0.37952
23
-1.35352
33
-8.91351
0
3DFACE
8
C2
10
0.21164
20
-1.44998
30
-8.83301
11
0.18833
21
-1.54008
31
-8.71692
12
0.33351
22
-1.53867
32
-8.68577
13
0.35657
23
-1.44659
33
-8.80009
0
3DFACE
8
C2
10
0.18833
20
-1.54008
30
-8.71692
11
0.16414
21
-1.62315
31
-8.59452
12
0.30959
22
-1.62394
32
-8.56534
13
0.33351
23
-1.53867
33
-8.68577
0
3DFACE
8
C2
10
0.16414
20
-1.62315
30
-8.59452
11
0.14103
21
-1.71490
31
-8.47991
12
0.28694
22
-1.71931
32
-8.45399
13
0.30959
23
-1.62394
33
-8.56534
0
3DFACE
8
C2
10
0.14103
20
-1.71490
30
-8.47991
11
0.11846
21
-1.81093
31
-8.36914
12
0.26493
22
-1.81985
32
-8.34726
13
0.28694
23
-1.71931
33
-8.45399
0
3DFACE
8
C2
10
0.11846
20
-1.81093
30
-8.36914
11
0.09512
21
-1.90081
31
-8.25286
12
0.24196
22
-1.91270
32
-8.23364
13
0.26493
23
-1.81985
33
-8.34726
0
3DFACE
8
C2
10
0.09512
20
-1.90081
30
-8.25286
11
0.07138
21
-1.98751
31
-8.13371
12
0.21843
22
-2.00104
32
-8.11597
13
0.24196
23
-1.91270
33
-8.23364
0
3DFACE
8
C2
10
0.07138
20
-1.98751
30
-8.13371
11
0.04664
21
-2.06619
31
-8.00737
12
0.19366
22
-2.07950
32
-7.98943
13
0.21843
23
-2.00104
33
-8.11597
0
3DFACE
8
C2
10
0.04664
20
-2.06619
30
-8.00737
11
0.02327
21
-2.15585
31
-7.89088
12
0.17052
22
-2.17103
32
-7.87462
13
0.19366
23
-2.07950
33
-7.98943
0
3DFACE
8
C2
10
0.02327
20
-2.15585
30
-7.89088
11
0.00201
21
-2.26232
31
-7.78949
12
0.14953
22
-2.27970
32
-7.77520
13
0.17052
23
-2.17103
33
-7.87462
0
3DFACE
8
C2
10
0.00201
20
-2.26232
30
-7.78949
11
-0.01933
21
-2.36824
31
-7.68759
12
0.12832
22
-2.38661
32
-7.67420
13
0.14953
23
-2.27970
33
-7.77520
0
3DFACE
8
C2
10
-0.01933
20
-2.36824
30
-7.68759
11
-0.04004
21
-2.47911
31
-7.59014
12
0.10741
22
-2.49594
32
-7.57536
13
0.12832
23
-2.38661
33
-7.67420
0
3DFACE
8
C2
10
-0.04004
20
-2.47911
30
-7.59014
11
-0.05980
21
-2.59766
31
-7.49959
12
0.08717
22
-2.61054
32
-7.48126
13
0.10741
23
-2.49594
33
-7.57536
0
3DFACE
8
C2
10
-0.05980
20
-2.59766
30
-7.49959
11
-0.07999
21
-2.71270
31
-7.40588
12
0.06692
22
-2.72514
32
-7.38716
13
0.08717
23
-2.61054
33
-7.48126
0
3DFACE
8
C2
10
-0.07999
20
-2.71270
30
-7.40588
11
-0.09965
21
-2.83202
31
-7.31602
12
0.04775
22
-2.84842
32
-7.30085
13
0.06692
23
-2.72514
33
-7.38716
0
3DFACE
8
C2
10
-0.09965
20
-2.83202
30
-7.31602
11
-0.12042
21
-2.94245
31
-7.21817
12
0.02726
22
-2.96104
32
-7.20497
13
0.04775
23
-2.84842
33
-7.30085
0
3DFACE
8
C2
10
-0.12042
20
-2.94245
30
-7.21817
11
-0.14158
21
-3.04980
31
-7.11756
12
0.00614
22
-3.06872
32
-7.10466
13
0.02726
23
-2.96104
33
-7.20497
0
3DFACE
8
C2
10
-0.14158
20
-3.04980
30
-7.11756
11
-0.16272
21
-3.15726
31
-7.01705
12
-0.01530
22
-3.17376
32
-7.00198
13
0.00614
23
-3.06872
33
-7.10466
0
3DFACE
8
C2
10
-0.16272
20
-3.15726
30
-7.01705
11
-0.18510
21
-3.25483
31
-6.90767
12
-0.03726
22
-3.27474
32
-6.89565
13
-0.01530
23
-3.17376
33
-7.00198
0
3DFACE
8
C2
10
-0.18510
20
-3.25483
30
-6.90767
11
-0.20870
21
-3.34263
31
-6.78951
12
-0.05988
22
-3.37033
32
-6.78449
13
-0.03726
23
-3.27474
33
-6.89565
0
3DFACE
8
C2
10
-0.20870
20
-3.34263
30
-6.78951
11
-0.23186
21
-3.43394
31
-6.67450
12
-0.08242
22
-3.46659
32
-6.67392
13
-0.05988
23
-3.37033
33
-6.78449
0
3DFACE
8
C2
10
-0.23186
20
-3.43394
30
-6.67450
11
-0.25467
21
-3.52810
31
-6.56206
12
-0.10523
22
-3.56075
32
-6.56148
13
-0.08242
23
-3.46659
33
-6.67392
0
3DFACE
8
C2
10
-0.25467
20
-3.52810
30
-6.56206
11
-0.27769
21
-3.62051
31
-6.44804
12
-0.12882
22
-3.64866
32
-6.44342
13
-0.10523
23
-3.56075
33
-6.56148
0
3DFACE
8
C2
10
-0.27769
20
-3.62051
30
-6.44804
11
-0.30131
21
-3.70820
31
-6.32978
12
-0.15213
22
-3.73876
32
-6.32733
13
-0.12882
23
-3.64866
33
-6.44342
0
3DFACE
8
C2
10
-0.30131
20
-3.70820
30
-6.32978
11
-0.32581
21
-3.78874
31
-6.20512
12
-0.17594
22
-3.82491
32
-6.20769
13
-0.15213
23
-3.73876
33
-6.32733
0
3DFACE
8
C2
10
-0.32581
20
-3.78874
30
-6.20512
11
-0.34957
21
-3.87533
31
-6.08587
12
-0.19950
22
-3.91303
32
-6.08983
13
-0.17594
23
-3.82491
33
-6.20769
0
3DFACE
8
C2
10
-0.34957
20
-3.87533
30
-6.08587
11
-0.37276
21
-3.96642
31
-5.97067
12
-0.22307
22
-4.00104
32
-5.97186
13
-0.19950
23
-3.91303
33
-6.08983
0
3DFACE
8
C2
10
-0.37276
20
-3.96642
30
-5.97067
11
-0.39563
21
-4.06003
31
-5.85774
12
-0.24670
22
-4.08862
32
-5.85351
13
-0.22307
23
-4.00104
33
-5.97186
0
3DFACE
8
C2
10
-0.39563
20
-4.06003
30
-5.85774
11
-0.41819
21
-4.15618
31
-5.74707
12
-0.26979
22
-4.18048
32
-5.73900
13
-0.24670
23
-4.08862
33
-5.85351
0
3DFACE
8
C2
10
-0.41819
20
-4.15618
30
-5.74707
11
-0.44055
21
-4.25386
31
-5.63778
12
-0.29216
22
-4.27816
32
-5.62971
13
-0.26979
23
-4.18048
33
-5.73900
0
3DFACE
8
C2
10
-0.44055
20
-4.25386
30
-5.63778
11
-0.46299
21
-4.35099
31
-5.52801
12
-0.31527
22
-4.36991
32
-5.51510
13
-0.29216
23
-4.27816
33
-5.62971
0
3DFACE
8
C2
10
1.24991
20
2.47079
30
-13.16245
11
1.22728
21
2.37520
31
-13.05129
12
1.37063
22
2.39122
32
-13.00703
13
1.39320
23
2.48725
33
-13.11780
0
3DFACE
8
C2
10
1.22728
20
2.37520
30
-13.05129
11
1.20578
21
2.27060
31
-12.94822
12
1.34909
22
2.28694
32
-12.90366
13
1.37063
23
2.39122
33
-13.00703
0
3DFACE
8
C2
10
1.20578
20
2.27060
30
-12.94822
11
1.18310
21
2.17544
31
-12.83666
12
1.32638
22
2.19201
32
-12.79191
13
1.34909
23
2.28694
33
-12.90366
0
3DFACE
8
C2
10
1.18310
20
2.17544
30
-12.83666
11
1.15964
21
2.08655
31
-12.71949
12
1.30292
22
2.10311
32
-12.67474
13
1.32638
23
2.19201
33
-12.79191
0
3DFACE
8
C2
10
1.15964
20
2.08655
30
-12.71949
11
1.13735
21
1.98821
31
-12.61080
12
1.28038
22
2.00686
32
-12.56417
13
1.30292
23
2.10311
33
-12.67474
0
3DFACE
8
C2
10
1.13735
20
1.98821
30
-12.61080
11
1.11702
21
1.87427
31
-12.51610
12
1.25960
22
1.89644
32
-12.46632
13
1.28038
23
2.00686
33
-12.56417
0
3DFACE
8
C2
10
1.11702
20
1.87427
30
-12.51610
11
1.09859
21
1.74516
31
-12.43502
12
1.24205
22
1.76030
32
-12.39154
13
1.25960
23
1.89644
33
-12.46632
0
3DFACE
8
C2
10
1.09859
20
1.74516
30
-12.43502
11
1.07784
21
1.63452
31
-12.33736
12
1.22091
22
1.65284
32
-12.29103
13
1.24205
23
1.76030
33
-12.39154
0
3DFACE
8
C2
10
1.07784
20
1.63452
30
-12.33736
11
1.05566
21
1.53541
31
-12.22936
12
1.19851
22
1.55538
32
-12.18155
13
1.22091
23
1.65284
33
-12.29103
0
3DFACE
8
C2
10
1.05566
20
1.53541
30
-12.22936
11
1.03469
21
1.42652
31
-12.13013
12
1.17734
22
1.44814
32
-12.08084
13
1.19851
23
1.55538
33
-12.18155
0
3DFACE
8
C2
10
1.03469
20
1.42652
30
-12.13013
11
1.01483
21
1.30884
31
-12.03879
12
1.15719
22
1.33277
32
-11.98743
13
1.17734
23
1.44814
33
-12.08084
0
3DFACE
8
C2
10
1.01483
20
1.30884
30
-12.03879
11
0.99611
21
1.18205
31
-11.95563
12
1.13975
22
1.19576
32
-11.91344
13
1.15719
23
1.33277
33
-11.98743
0
3DFACE
8
C2
10
0.99611
20
1.18205
30
-11.95563
11
0.97431
21
1.07986
31
-11.85039
12
1.11797
22
1.09335
32
-11.80840
13
1.13975
23
1.19576
33
-11.91344
0
3DFACE
8
C2
10
0.97431
20
1.07986
30
-11.85039
11
0.94962
21
1.00075
31
-11.72444
12
1.09209
22
1.02380
32
-11.67387
13
1.11797
23
1.09335
33
-11.80840
0
3DFACE
8
C2
10
0.94962
20
1.00075
30
-11.72444
11
0.92566
21
0.91581
31
-11.60372
12
1.06835
22
0.93710
32
-11.55472
13
1.09209
23
1.02380
33
-11.67387
0
3DFACE
8
C2
10
0.92566
20
0.91581
30
-11.60372
11
0.90136
21
0.83362
31
-11.48053
12
1.04432
22
0.85271
32
-11.43351
13
1.06835
23
0.93710
33
-11.55472
0
3DFACE
8
C2
10
0.90136
20
0.83362
30
-11.48053
11
0.87634
21
0.75714
31
-11.35221
12
1.02003
22
0.77041
32
-11.31042
13
1.04432
23
0.85271
33
-11.43351
0
3DFACE
8
C2
10
0.87634
20
0.75714
30
-11.35221
11
0.85179
21
0.67692
31
-11.22725
12
0.99594
22
0.68657
32
-11.18871
13
1.02003
23
0.77041
33
-11.31042
0
3DFACE
8
C2
10
0.85179
20
0.67692
30
-11.22725
11
0.82574
21
0.60868
31
-11.09154
12
0.96897
22
0.62569
32
-11.04639
13
0.99594
23
0.68657
33
-11.18871
0
3DFACE
8
C2
10
0.82574
20
0.60868
30
-11.09154
11
0.80147
21
0.52627
31
-10.96855
12
0.94518
22
0.53943
32
-10.92685
13
0.96897
23
0.62569
33
-11.04639
0
3DFACE
8
C2
10
0.80147
20
0.52627
30
-10.96855
11
0.77805
21
0.43705
31
-10.85167
12
0.92221
22
0.44659
32
-10.81323
13
0.94518
23
0.53943
33
-10.92685
0
3DFACE
8
C2
10
0.77805
20
0.43705
30
-10.85167
11
0.75472
21
0.34706
31
-10.73548
12
0.89942
22
0.35231
32
-10.70088
13
0.92221
23
0.44659
33
-10.81323
0
3DFACE
8
C2
10
0.75472
20
0.34706
30
-10.73548
11
0.73308
21
0.24355
31
-10.63142
12
0.87805
22
0.24661
32
-10.59880
13
0.89942
23
0.35231
33
-10.70088
0
3DFACE
8
C2
10
0.73308
20
0.24355
30
-10.63142
11
0.71253
21
0.13137
31
-10.53515
12
0.85727
22
0.13629
32
-10.50085
13
0.87805
23
0.24661
33
-10.59880
0
3DFACE
8
C2
10
0.71253
20
0.13137
30
-10.53515
11
0.69146
21
0.02336
31
-10.43513
12
0.83628
22
0.02762
32
-10.40142
13
0.85727
23
0.13629
33
-10.50085
0
3DFACE
8
C2
10
0.69146
20
0.02336
30
-10.43513
11
0.67047
21
-0.08531
31
-10.33571
12
0.81536
22
-0.08159
32
-10.30249
13
0.83628
23
0.02762
33
-10.40142
0
3DFACE
8
C2
10
0.67047
20
-0.08531
30
-10.33571
11
0.64913
21
-0.19123
31
-10.23382
12
0.79441
22
-0.19059
32
-10.20336
13
0.81536
23
-0.08159
33
-10.30249
0
3DFACE
8
C2
10
0.64913
20
-0.19123
30
-10.23382
11
0.62806
21
-0.29924
31
-10.13380
12
0.77328
22
-0.29816
32
-10.10295
13
0.79441
23
-0.19059
33
-10.20336
0
3DFACE
8
C2
10
0.62806
20
-0.29924
30
-10.13380
11
0.60754
21
-0.41164
31
-10.03773
12
0.75256
22
-0.40902
32
-10.00549
13
0.77328
23
-0.29816
33
-10.10295
0
3DFACE
8
C2
10
0.60754
20
-0.41164
30
-10.03773
11
0.58584
21
-0.51470
31
-9.93327
12
0.73072
22
-0.51088
32
-9.89996
13
0.75256
23
-0.40902
33
-10.00549
0
3DFACE
8
C2
10
0.58584
20
-0.51470
30
-9.93327
11
0.56362
21
-0.61349
31
-9.82497
12
0.70833
22
-0.60834
32
-9.79047
13
0.73072
23
-0.51088
33
-9.89996
0
3DFACE
8
C2
10
0.56362
20
-0.61349
30
-9.82497
11
0.54066
21
-0.70644
31
-9.71145
12
0.68555
22
-0.70273
32
-9.67823
13
0.70833
23
-0.60834
33
-9.79047
0
3DFACE
8
C2
10
0.54066
20
-0.70644
30
-9.71145
11
0.51779
21
-0.80006
31
-9.59851
12
0.66259
22
-0.79569
32
-9.56470
13
0.68555
23
-0.70273
33
-9.67823
0
3DFACE
8
C2
10
0.51779
20
-0.80006
30
-9.59851
11
0.49512
21
-0.89533
31
-9.48706
12
0.63949
22
-0.88744
32
-9.45009
13
0.66259
23
-0.79569
33
-9.56470
0
3DFACE
8
C2
10
0.49512
20
-0.89533
30
-9.48706
11
0.47201
21
-0.98708
31
-9.37245
12
0.61635
22
-0.97897
32
-9.33529
13
0.63949
23
-0.88744
33
-9.45009
0
3DFACE
8
C2
10
0.47201
20
-0.98708
30
-9.37245
11
0.44886
21
-1.07850
31
-9.25754
12
0.59318
22
-1.07017
32
-9.22018
13
0.61635
23
-0.97897
33
-9.33529
0
3DFACE
8
C2
10
0.44886
20
-1.07850
30
-9.25754
11
0.42507
21
-1.16475
31
-9.13800
12
0.56938
22
-1.15642
32
-9.10064
13
0.59318
23
-1.07017
33
-9.22018
0
3DFACE
8
C2
10
0.42507
20
-1.16475
30
-9.13800
11
0.40207
21
-1.25738
31
-9.02418
12
0.54665
22
-1.25114
32
-8.98869
13
0.56938
23
-1.15642
33
-9.10064
0
3DFACE
8
C2
10
0.40207
20
-1.25738
30
-9.02418
11
0.37952
21
-1.35352
31
-8.91351
12
0.52417
22
-1.34794
32
-8.87862
13
0.54665
23
-1.25114
33
-8.98869
0
3DFACE
8
C2
10
0.37952
20
-1.35352
30
-8.91351
11
0.35657
21
-1.44659
31
-8.80009
12
0.50167
22
-1.44453
32
-8.76835
13
0.52417
23
-1.34794
33
-8.87862
0
3DFACE
8
C2
10
0.35657
20
-1.44659
30
-8.80009
11
0.33351
21
-1.53867
31
-8.68577
12
0.47913
22
-1.54078
32
-8.65778
13
0.50167
23
-1.44453
33
-8.76835
0
3DFACE
8
C2
10
0.33351
20
-1.53867
30
-8.68577
11
0.30959
21
-1.62394
31
-8.56534
12
0.45557
22
-1.62890
32
-8.53992
13
0.47913
23
-1.54078
33
-8.65778
0
3DFACE
8
C2
10
0.30959
20
-1.62394
30
-8.56534
11
0.28694
21
-1.71931
31
-8.45399
12
0.43356
22
-1.72944
32
-8.43319
13
0.45557
23
-1.62890
33
-8.53992
0
3DFACE
8
C2
10
0.28694
20
-1.71931
30
-8.45399
11
0.26493
21
-1.81985
31
-8.34726
12
0.41232
22
-1.83613
32
-8.33199
13
0.43356
23
-1.72944
33
-8.43319
0
3DFACE
8
C2
10
0.26493
20
-1.81985
30
-8.34726
11
0.24196
21
-1.91270
31
-8.23364
12
0.38994
22
-1.93371
32
-8.22261
13
0.41232
23
-1.83613
33
-8.33199
0
3DFACE
8
C2
10
0.24196
20
-1.91270
30
-8.23364
11
0.21843
21
-2.00104
31
-8.11597
12
0.36692
22
-2.02611
32
-8.10859
13
0.38994
23
-1.93371
33
-8.22261
0
3DFACE
8
C2
10
0.21843
20
-2.00104
30
-8.11597
11
0.19366
21
-2.07950
31
-7.98943
12
0.34202
22
-2.10358
32
-7.98116
13
0.36692
23
-2.02611
33
-8.10859
0
3DFACE
8
C2
10
0.19366
20
-2.07950
30
-7.98943
11
0.17052
21
-2.17103
31
-7.87462
12
0.31937
22
-2.19896
32
-7.86980
13
0.34202
23
-2.10358
33
-7.98116
0
3DFACE
8
C2
10
0.17052
20
-2.17103
30
-7.87462
11
0.14953
21
-2.27970
31
-7.77520
12
0.29887
22
-2.31158
32
-7.77393
13
0.31937
23
-2.19896
33
-7.86980
0
3DFACE
8
C2
10
0.14953
20
-2.27970
30
-7.77520
11
0.12832
21
-2.38661
31
-7.67420
12
0.27766
22
-2.41849
32
-7.67292
13
0.29887
23
-2.31158
33
-7.77393
0
3DFACE
8
C2
10
0.12832
20
-2.38661
30
-7.67420
11
0.10741
21
-2.49594
31
-7.57536
12
0.25654
22
-2.52606
32
-7.57251
13
0.27766
23
-2.41849
33
-7.67292
0
3DFACE
8
C2
10
0.10741
20
-2.49594
30
-7.57536
11
0.08717
21
-2.61054
31
-7.48126
12
0.23546
22
-2.63407
32
-7.47249
13
0.25654
23
-2.52606
33
-7.57251
0
3DFACE
8
C2
10
0.08717
20
-2.61054
30
-7.48126
11
0.06692
21
-2.72514
31
-7.38716
12
0.21495
22
-2.74658
32
-7.37652
13
0.23546
23
-2.63407
33
-7.47249
0
3DFACE
8
C2
10
0.06692
20
-2.72514
30
-7.38716
11
0.04775
21
-2.84842
31
-7.30085
12
0.19635
22
-2.87436
32
-7.29425
13
0.21495
23
-2.74658
33
-7.37652
0
3DFACE
8
C2
10
0.04775
20
-2.84842
30
-7.30085
11
0.02726
21
-2.96104
31
-7.20497
12
0.17586
22
-2.98699
32
-7.19837
13
0.19635
23
-2.87436
33
-7.29425
0
3DFACE
8
C2
10
0.02726
20
-2.96104
30
-7.20497
11
0.00614
21
-3.06872
31
-7.10466
12
0.15489
22
-3.09587
32
-7.09915
13
0.17586
23
-2.98699
33
-7.19837
0
3DFACE
8
C2
10
0.00614
20
-3.06872
30
-7.10466
11
-0.01530
21
-3.17376
31
-7.00198
12
0.13353
22
-3.20158
32
-6.99706
13
0.15489
23
-3.09587
33
-7.09915
0
3DFACE
8
C2
10
-0.01530
20
-3.17376
30
-7.00198
11
-0.03726
21
-3.27474
31
-6.89565
12
0.11204
22
-3.30629
32
-6.89408
13
0.13353
23
-3.20158
33
-6.99706
0
3DFACE
8
C2
10
-0.03726
20
-3.27474
30
-6.89565
11
-0.05988
21
-3.37033
31
-6.78449
12
0.09067
22
-3.41188
32
-6.79190
13
0.11204
23
-3.30629
33
-6.89408
0
3DFACE
8
C2
10
-0.05988
20
-3.37033
30
-6.78449
11
-0.08242
21
-3.46659
31
-6.67392
12
0.06880
22
-3.51352
32
-6.68616
13
0.09067
23
-3.41188
33
-6.79190
0
3DFACE
8
C2
10
-0.08242
20
-3.46659
30
-6.67392
11
-0.10523
21
-3.56075
31
-6.56148
12
0.04639
22
-3.61087
32
-6.57658
13
0.06880
23
-3.51352
33
-6.68616
0
3DFACE
8
C2
10
-0.10523
20
-3.56075
30
-6.56148
11
-0.12882
21
-3.64866
31
-6.44342
12
0.02308
22
-3.70097
32
-6.46049
13
0.04639
23
-3.61087
33
-6.57658
0
3DFACE
8
C2
10
-0.12882
20
-3.64866
30
-6.44342
11
-0.15213
21
-3.73876
31
-6.32733
12
0.00010
22
-3.79371
32
-6.34677
13
0.02308
23
-3.70097
33
-6.46049
0
3DFACE
8
C2
10
-0.15213
20
-3.73876
30
-6.32733
11
-0.17594
21
-3.82491
31
-6.20769
12
-0.02324
22
-3.88359
32
-6.23048
13
0.00010
23
-3.79371
33
-6.34677
0
3DFACE
8
C2
10
-0.17594
20
-3.82491
30
-6.20769
11
-0.19950
21
-3.91303
31
-6.08983
12
-0.04687
22
-3.97117
32
-6.11212
13
-0.02324
23
-3.88359
33
-6.23048
0
3DFACE
8
C2
10
-0.19950
20
-3.91303
30
-6.08983
11
-0.22307
21
-4.00104
31
-5.97186
12
-0.07104
22
-4.05446
32
-5.98992
13
-0.04687
23
-3.97117
33
-6.11212
0
3DFACE
8
C2
10
-0.22307
20
-4.00104
30
-5.97186
11
-0.24670
21
-4.08862
31
-5.85351
12
-0.09570
22
-4.13379
32
-5.86417
13
-0.07104
23
-4.05446
33
-5.98992
0
3DFACE
8
C2
10
-0.24670
20
-4.08862
30
-5.85351
11
-0.26979
21
-4.18048
31
-5.73900
12
-0.11975
22
-4.21796
32
-5.74275
13
-0.09570
23
-4.13379
33
-5.86417
0
3DFACE
8
C2
10
-0.26979
20
-4.18048
30
-5.73900
11
-0.29216
21
-4.27816
31
-5.62971
12
-0.14313
22
-4.30752
32
-5.62617
13
-0.11975
23
-4.21796
33
-5.74275
0
3DFACE
8
C2
10
-0.29216
20
-4.27816
30
-5.62971
11
-0.31527
21
-4.36991
31
-5.51510
12
-0.16733
22
-4.39059
32
-5.50377
13
-0.14313
23
-4.30752
33
-5.62617
0
3DFACE
8
C2
10
1.39320
20
2.48725
30
-13.11780
11
1.37063
21
2.39122
31
-13.00703
12
1.51637
22
2.38812
32
-12.97993
13
1.53900
23
2.48371
33
-13.09108
0
3DFACE
8
C2
10
1.37063
20
2.39122
30
-13.00703
11
1.34909
21
2.28694
31
-12.90366
12
1.49498
22
2.28264
32
-12.87764
13
1.51637
23
2.38812
33
-12.97993
0
3DFACE
8
C2
10
1.34909
20
2.28694
30
-12.90366
11
1.32638
21
2.19201
31
-12.79191
12
1.47215
22
2.18869
32
-12.76500
13
1.49498
23
2.28264
33
-12.87764
0
3DFACE
8
C2
10
1.32638
20
2.19201
30
-12.79191
11
1.30292
21
2.10311
31
-12.67474
12
1.44854
22
2.10101
32
-12.64674
13
1.47215
23
2.18869
33
-12.76500
0
3DFACE
8
C2
10
1.30292
20
2.10311
30
-12.67474
11
1.28038
21
2.00686
31
-12.56417
12
1.42605
22
2.00431
32
-12.53657
13
1.44854
23
2.10101
33
-12.64674
0
3DFACE
8
C2
10
1.28038
20
2.00686
30
-12.56417
11
1.25960
21
1.89644
31
-12.46632
12
1.40544
22
1.89257
32
-12.43991
13
1.42605
23
2.00431
33
-12.53657
0
3DFACE
8
C2
10
1.25960
20
1.89644
30
-12.46632
11
1.24205
21
1.76030
31
-12.39154
12
1.38852
22
1.75138
32
-12.36966
13
1.40544
23
1.89257
33
-12.43991
0
3DFACE
8
C2
10
1.24205
20
1.76030
30
-12.39154
11
1.22091
21
1.65284
31
-12.29103
12
1.36735
22
1.64414
32
-12.26896
13
1.38852
23
1.75138
33
-12.36966
0
3DFACE
8
C2
10
1.22091
20
1.65284
30
-12.29103
11
1.19851
21
1.55538
31
-12.18155
12
1.34464
22
1.54921
32
-12.15721
13
1.36735
23
1.64414
33
-12.26896
0
3DFACE
8
C2
10
1.19851
20
1.55538
30
-12.18155
11
1.17734
21
1.44814
31
-12.08084
12
1.32341
22
1.44241
32
-12.05610
13
1.34464
23
1.54921
33
-12.15721
0
3DFACE
8
C2
10
1.17734
20
1.44814
30
-12.08084
11
1.15719
21
1.33277
31
-11.98743
12
1.30334
22
1.32638
32
-11.96328
13
1.32341
23
1.44241
33
-12.05610
0
3DFACE
8
C2
10
1.15719
20
1.33277
30
-11.98743
11
1.13975
21
1.19576
31
-11.91344
12
1.28660
22
1.18376
32
-11.89433
13
1.30334
23
1.32638
33
-11.96328
0
3DFACE
8
C2
10
1.13975
20
1.19576
30
-11.91344
11
1.11797
21
1.09335
31
-11.80840
12
1.26484
22
1.08125
32
-11.78938
13
1.28660
23
1.18376
33
-11.89433
0
3DFACE
8
C2
10
1.11797
20
1.09335
30
-11.80840
11
1.09209
21
1.02380
31
-11.67387
12
1.23826
22
1.01729
32
-11.64982
13
1.26484
23
1.08125
33
-11.78938
0
3DFACE
8
C2
10
1.09209
20
1.02380
30
-11.67387
11
1.06835
21
0.93710
31
-11.55472
12
1.21426
22
0.93268
32
-11.52880
13
1.23826
23
1.01729
33
-11.64982
0
3DFACE
8
C2
10
1.06835
20
0.93710
30
-11.55472
11
1.04432
21
0.85271
31
-11.43351
12
1.19008
22
0.84950
32
-11.40650
13
1.21426
23
0.93268
33
-11.52880
0
3DFACE
8
C2
10
1.04432
20
0.85271
30
-11.43351
11
1.02003
21
0.77041
31
-11.31042
12
1.16604
22
0.76522
32
-11.28519
13
1.19008
23
0.84950
33
-11.40650
0
3DFACE
8
C2
10
1.02003
20
0.77041
30
-11.31042
11
0.99594
21
0.68657
31
-11.18871
12
1.14173
22
0.68303
32
-11.16200
13
1.16604
23
0.76522
33
-11.28519
0
3DFACE
8
C2
10
0.99594
20
0.68657
30
-11.18871
11
0.96897
21
0.62569
31
-11.04639
12
1.11383
22
0.62962
32
-11.01298
13
1.14173
23
0.68303
33
-11.16200
0
3DFACE
8
C2
10
0.96897
20
0.62569
30
-11.04639
11
0.94518
21
0.53943
31
-10.92685
12
1.08978
22
0.54545
32
-10.89156
13
1.11383
23
0.62962
33
-11.01298
0
3DFACE
8
C2
10
0.94518
20
0.53943
30
-10.92685
11
0.92221
21
0.44659
31
-10.81323
12
1.06683
22
0.45239
32
-10.77814
13
1.08978
23
0.54545
33
-10.89156
0
3DFACE
8
C2
10
0.92221
20
0.44659
30
-10.81323
11
0.89942
21
0.35231
31
-10.70088
12
1.04443
22
0.35503
32
-10.66855
13
1.06683
23
0.45239
33
-10.77814
0
3DFACE
8
C2
10
0.89942
20
0.35231
30
-10.70088
11
0.87805
21
0.24661
31
-10.59880
12
1.02319
22
0.24834
32
-10.56735
13
1.04443
23
0.35503
33
-10.66855
0
3DFACE
8
C2
10
0.87805
20
0.24661
30
-10.59880
11
0.85727
21
0.13629
31
-10.50085
12
1.00209
22
0.14055
32
-10.46714
13
1.02319
23
0.24834
33
-10.56735
0
3DFACE
8
C2
10
0.85727
20
0.13629
30
-10.50085
11
0.83628
21
0.02762
31
-10.40142
12
0.98113
22
0.03167
32
-10.36791
13
1.00209
23
0.14055
33
-10.46714
0
3DFACE
8
C2
10
0.83628
20
0.02762
30
-10.40142
11
0.81536
21
-0.08159
31
-10.30249
12
0.96035
22
-0.07876
32
-10.27006
13
0.98113
23
0.03167
33
-10.36791
0
3DFACE
8
C2
10
0.81536
20
-0.08159
30
-10.30249
11
0.79441
21
-0.19059
31
-10.20336
12
0.93987
22
-0.19149
32
-10.17428
13
0.96035
23
-0.07876
33
-10.27006
0
3DFACE
8
C2
10
0.79441
20
-0.19059
30
-10.20336
11
0.77328
21
-0.29816
31
-10.10295
12
0.91883
22
-0.29972
32
-10.07446
13
0.93987
23
-0.19149
33
-10.17428
0
3DFACE
8
C2
10
0.77328
20
-0.29816
30
-10.10295
11
0.75256
21
-0.40902
31
-10.00549
12
0.89784
22
-0.40839
32
-9.97504
13
0.91883
23
-0.29972
33
-10.07446
0
3DFACE
8
C2
10
0.75256
20
-0.40902
30
-10.00549
11
0.73072
21
-0.51088
31
-9.89996
12
0.87592
22
-0.50969
32
-9.86901
13
0.89784
23
-0.40839
33
-9.97504
0
3DFACE
8
C2
10
0.73072
20
-0.51088
30
-9.89996
11
0.70833
21
-0.60834
31
-9.79047
12
0.85350
22
-0.60694
32
-9.75933
13
0.87592
23
-0.50969
33
-9.86901
0
3DFACE
8
C2
10
0.70833
20
-0.60834
30
-9.79047
11
0.68555
21
-0.70273
31
-9.67823
12
0.83091
22
-0.70275
32
-9.64836
13
0.85350
23
-0.60694
33
-9.75933
0
3DFACE
8
C2
10
0.68555
20
-0.70273
30
-9.67823
11
0.66259
21
-0.79569
31
-9.56470
12
0.80788
22
-0.79516
32
-9.53434
13
0.83091
23
-0.70275
33
-9.64836
0
3DFACE
8
C2
10
0.66259
20
-0.79569
30
-9.56470
11
0.63949
21
-0.88744
31
-9.45009
12
0.78433
22
-0.88339
32
-9.41658
13
0.80788
23
-0.79516
33
-9.53434
0
3DFACE
8
C2
10
0.63949
20
-0.88744
30
-9.45009
11
0.61635
21
-0.97897
31
-9.33529
12
0.76097
22
-0.97306
32
-9.30010
13
0.78433
23
-0.88339
33
-9.41658
0
3DFACE
8
C2
10
0.61635
20
-0.97897
30
-9.33529
11
0.59318
21
-1.07017
31
-9.22018
12
0.73760
22
-1.06272
32
-9.18361
13
0.76097
23
-0.97306
33
-9.30010
0
3DFACE
8
C2
10
0.59318
20
-1.07017
30
-9.22018
11
0.56938
21
-1.15642
31
-9.10064
12
0.71372
22
-1.14832
32
-9.06348
13
0.73760
23
-1.06272
33
-9.18361
0
3DFACE
8
C2
10
0.56938
20
-1.15642
30
-9.10064
11
0.54665
21
-1.25114
31
-8.98869
12
0.69099
22
-1.24303
32
-8.95153
13
0.71372
23
-1.14832
33
-9.06348
0
3DFACE
8
C2
10
0.54665
20
-1.25114
30
-8.98869
11
0.52417
21
-1.34794
31
-8.87862
12
0.66842
22
-1.33907
32
-8.84077
13
0.69099
23
-1.24303
33
-8.95153
0
3DFACE
8
C2
10
0.52417
20
-1.34794
30
-8.87862
11
0.50167
21
-1.44453
31
-8.76835
12
0.64609
22
-1.43708
32
-8.73178
13
0.66842
23
-1.33907
33
-8.84077
0
3DFACE
8
C2
10
0.50167
20
-1.44453
30
-8.76835
11
0.47913
21
-1.54078
31
-8.65778
12
0.62389
22
-1.53608
32
-8.62367
13
0.64609
23
-1.43708
33
-8.73178
0
3DFACE
8
C2
10
0.47913
20
-1.54078
30
-8.65778
11
0.45557
21
-1.62890
31
-8.53992
12
0.60076
22
-1.62761
32
-8.50887
13
0.62389
23
-1.53608
33
-8.62367
0
3DFACE
8
C2
10
0.45557
20
-1.62890
30
-8.53992
11
0.43356
21
-1.72944
31
-8.43319
12
0.57930
22
-1.73254
32
-8.40609
13
0.60076
23
-1.62761
33
-8.50887
0
3DFACE
8
C2
10
0.43356
20
-1.72944
30
-8.43319
11
0.41232
21
-1.83613
31
-8.33199
12
0.55850
22
-1.84275
32
-8.30804
13
0.57930
23
-1.73254
33
-8.40609
0
3DFACE
8
C2
10
0.41232
20
-1.83613
30
-8.33199
11
0.38994
21
-1.93371
31
-8.22261
12
0.53644
22
-1.94285
32
-8.20093
13
0.55850
23
-1.84275
33
-8.30804
0
3DFACE
8
C2
10
0.38994
20
-1.93371
30
-8.22261
11
0.36692
21
-2.02611
31
-8.10859
12
0.51361
22
-2.03679
32
-8.08829
13
0.53644
23
-1.94285
33
-8.20093
0
3DFACE
8
C2
10
0.36692
20
-2.02611
30
-8.10859
11
0.34202
21
-2.10358
31
-7.98116
12
0.48874
22
-2.11448
32
-7.96106
13
0.51361
23
-2.03679
33
-8.08829
0
3DFACE
8
C2
10
0.34202
20
-2.10358
30
-7.98116
11
0.31937
21
-2.19896
31
-7.86980
12
0.46629
22
-2.21150
32
-7.85118
13
0.48874
23
-2.11448
33
-7.96106
0
3DFACE
8
C2
10
0.31937
20
-2.19896
30
-7.86980
11
0.29887
21
-2.31158
31
-7.77393
12
0.44598
22
-2.32555
32
-7.75658
13
0.46629
23
-2.21150
33
-7.85118
0
3DFACE
8
C2
10
0.29887
20
-2.31158
30
-7.77393
11
0.27766
21
-2.41849
31
-7.67292
12
0.42482
22
-2.43290
32
-7.65598
13
0.44598
23
-2.32555
33
-7.75658
0
3DFACE
8
C2
10
0.27766
20
-2.41849
30
-7.67292
11
0.25654
21
-2.52606
31
-7.57251
12
0.40366
22
-2.54025
32
-7.55537
13
0.42482
23
-2.43290
33
-7.65598
0
3DFACE
8
C2
10
0.25654
20
-2.52606
30
-7.57251
11
0.23546
21
-2.63407
31
-7.47249
12
0.38215
22
-2.64475
32
-7.45219
13
0.40366
23
-2.54025
33
-7.55537
0
3DFACE
8
C2
10
0.23546
20
-2.63407
30
-7.47249
11
0.21495
21
-2.74658
31
-7.37652
12
0.36174
22
-2.75803
32
-7.35691
13
0.38215
23
-2.64475
33
-7.45219
0
3DFACE
8
C2
10
0.21495
20
-2.74658
30
-7.37652
11
0.19635
21
-2.87436
31
-7.29425
12
0.34355
22
-2.88911
32
-7.27760
13
0.36174
23
-2.75803
33
-7.35691
0
3DFACE
8
C2
10
0.19635
20
-2.87436
30
-7.29425
11
0.17586
21
-2.98699
31
-7.19837
12
0.32320
22
-3.00294
32
-7.18281
13
0.34355
23
-2.88911
33
-7.27760
0
3DFACE
8
C2
10
0.17586
20
-2.98699
30
-7.19837
11
0.15489
21
-3.09587
31
-7.09915
12
0.30212
22
-3.11084
32
-7.08269
13
0.32320
23
-3.00294
33
-7.18281
0
3DFACE
8
C2
10
0.15489
20
-3.09587
30
-7.09915
11
0.13353
21
-3.20158
31
-6.99706
12
0.28012
22
-3.21149
32
-6.97607
13
0.30212
23
-3.11084
33
-7.08269
0
3DFACE
8
C2
10
0.13353
20
-3.20158
30
-6.99706
11
0.11204
21
-3.30629
31
-6.89408
12
0.25877
22
-3.31730
32
-6.87408
13
0.28012
23
-3.21149
33
-6.97607
0
3DFACE
8
C2
10
0.11204
20
-3.30629
30
-6.89408
11
0.09067
21
-3.41188
31
-6.79190
12
0.23829
22
-3.43003
32
-6.77830
13
0.25877
23
-3.31730
33
-6.87408
0
3DFACE
8
C2
10
0.09067
20
-3.41188
30
-6.79190
11
0.06880
21
-3.51352
31
-6.68616
12
0.21697
22
-3.53606
32
-6.67651
13
0.23829
23
-3.43003
33
-6.77830
0
3DFACE
8
C2
10
0.06880
20
-3.51352
30
-6.68616
11
0.04639
21
-3.61087
31
-6.57658
12
0.19469
22
-3.63440
32
-6.56781
13
0.21697
23
-3.53606
33
-6.67651
0
3DFACE
8
C2
10
0.04639
20
-3.61087
30
-6.57658
11
0.02308
21
-3.70097
31
-6.46049
12
0.17113
22
-3.72253
32
-6.44995
13
0.19469
23
-3.63440
33
-6.56781
0
3DFACE
8
C2
10
0.02308
20
-3.70097
30
-6.46049
11
0.00010
21
-3.79371
31
-6.34677
12
0.14865
22
-3.81933
32
-6.33987
13
0.17113
23
-3.72253
33
-6.44995
0
3DFACE
8
C2
10
0.00010
20
-3.79371
30
-6.34677
11
-0.02324
21
-3.88359
31
-6.23048
12
0.12634
22
-3.91745
32
-6.23098
13
0.14865
23
-3.81933
33
-6.33987
0
3DFACE
8
C2
10
-0.02324
20
-3.88359
30
-6.23048
11
-0.04687
21
-3.97117
31
-6.11212
12
0.10304
22
-4.00766
32
-6.11499
13
0.12634
23
-3.91745
33
-6.23098
0
3DFACE
8
C2
10
-0.04687
20
-3.97117
30
-6.11212
11
-0.07104
21
-4.05446
31
-5.98992
12
0.07855
22
-4.08832
32
-5.99042
13
0.10304
23
-4.00766
33
-6.11499
0
3DFACE
8
C2
10
-0.07104
20
-4.05446
30
-5.98992
11
-0.09570
21
-4.13379
31
-5.86417
12
0.05313
22
-4.16161
32
-5.85925
13
0.07855
23
-4.08832
33
-5.99042
0
3DFACE
8
C2
10
-0.09570
20
-4.13379
30
-5.86417
11
-0.11975
21
-4.21796
31
-5.74275
12
0.02848
22
-4.24095
32
-5.73350
13
0.05313
23
-4.16161
33
-5.85925
0
3DFACE
8
C2
10
-0.11975
20
-4.21796
30
-5.74275
11
-0.14313
21
-4.30752
31
-5.62617
12
0.00489
22
-4.32885
32
-5.61543
13
0.02848
23
-4.24095
33
-5.73350
0
3DFACE
8
C2
10
-0.14313
20
-4.30752
30
-5.62617
11
-0.16733
21
-4.39059
31
-5.50377
12
-0.02003
22
-4.40610
32
-5.48781
13
0.00489
23
-4.32885
33
-5.61543
0
3DFACE
8
C2
10
1.53900
20
2.48371
30
-13.09108
11
1.51637
21
2.38812
31
-12.97993
12
1.66281
22
2.37942
32
-12.95785
13
1.68537
23
2.47556
33
-13.06852
0
3DFACE
8
C2
10
1.51637
20
2.38812
30
-12.97993
11
1.49498
21
2.28264
31
-12.87764
12
1.64175
22
2.27130
32
-12.85793
13
1.66281
23
2.37942
33
-12.95785
0
3DFACE
8
C2
10
1.49498
20
2.28264
30
-12.87764
11
1.47215
21
2.18869
31
-12.76500
12
1.61913
22
2.17571
32
-12.74677
13
1.64175
23
2.27130
33
-12.85793
0
3DFACE
8
C2
10
1.47215
20
2.18869
30
-12.76500
11
1.44854
21
2.10101
31
-12.64674
12
1.59577
22
2.08593
32
-12.63039
13
1.61913
23
2.17571
33
-12.74677
0
3DFACE
8
C2
10
1.44854
20
2.10101
30
-12.64674
11
1.42605
21
2.00431
31
-12.53657
12
1.57378
22
1.98528
32
-12.52376
13
1.59577
23
2.08593
33
-12.63039
0
3DFACE
8
C2
10
1.42605
20
2.00431
30
-12.53657
11
1.40544
21
1.89257
31
-12.43991
12
1.55381
22
1.86849
32
-12.43163
13
1.57378
23
1.98528
33
-12.52376
0
3DFACE
8
C2
10
1.40544
20
1.89257
30
-12.43991
11
1.38852
21
1.75138
31
-12.36966
12
1.53776
22
1.72027
32
-12.36770
13
1.55381
23
1.86849
33
-12.43163
0
3DFACE
8
C2
10
1.38852
20
1.75138
30
-12.36966
11
1.36735
21
1.64414
31
-12.26896
12
1.51689
22
1.61061
32
-12.26916
13
1.53776
23
1.72027
33
-12.36770
0
3DFACE
8
C2
10
1.36735
20
1.64414
30
-12.26896
11
1.34464
21
1.54921
31
-12.15721
12
1.49421
22
1.51546
32
-12.15761
13
1.51689
23
1.61061
33
-12.26916
0
3DFACE
8
C2
10
1.34464
20
1.54921
30
-12.15721
11
1.32341
21
1.44241
31
-12.05610
12
1.47313
22
1.40756
32
-12.05750
13
1.49421
23
1.51546
33
-12.15761
0
3DFACE
8
C2
10
1.32341
20
1.44241
30
-12.05610
11
1.30334
21
1.32638
31
-11.96328
12
1.45314
22
1.29087
32
-11.96527
13
1.47313
23
1.40756
33
-12.05750
0
3DFACE
8
C2
10
1.30334
20
1.32638
30
-11.96328
11
1.28660
21
1.18376
31
-11.89433
12
1.43649
22
1.14749
32
-11.89700
13
1.45314
23
1.29087
33
-11.96527
0
3DFACE
8
C2
10
1.28660
20
1.18376
30
-11.89433
11
1.26484
21
1.08125
31
-11.78938
12
1.41456
22
1.04629
32
-11.79087
13
1.43649
23
1.14749
33
-11.89700
0
3DFACE
8
C2
10
1.26484
20
1.08125
30
-11.78938
11
1.23826
21
1.01729
31
-11.64982
12
1.38734
22
0.98750
32
-11.64668
13
1.41456
23
1.04629
33
-11.79087
0
3DFACE
8
C2
10
1.23826
20
1.01729
30
-11.64982
11
1.21426
21
0.93268
31
-11.52880
12
1.36283
22
0.90696
32
-11.52201
13
1.38734
23
0.98750
33
-11.64668
0
3DFACE
8
C2
10
1.21426
20
0.93268
30
-11.52880
11
1.19008
21
0.84950
31
-11.40650
12
1.33798
22
0.82916
32
-11.39488
13
1.36283
23
0.90696
33
-11.52201
0
3DFACE
8
C2
10
1.19008
20
0.84950
30
-11.40650
11
1.16604
21
0.76522
31
-11.28519
12
1.31358
22
0.74774
32
-11.27100
13
1.33798
23
0.82916
33
-11.39488
0
3DFACE
8
C2
10
1.16604
20
0.76522
30
-11.28519
11
1.14173
21
0.68303
31
-11.16200
12
1.28851
22
0.67170
32
-11.14229
13
1.31358
23
0.74774
33
-11.27100
0
3DFACE
8
C2
10
1.14173
20
0.68303
30
-11.16200
11
1.11383
21
0.62962
31
-11.01298
12
1.25975
22
0.62510
32
-10.98715
13
1.28851
23
0.67170
33
-11.14229
0
3DFACE
8
C2
10
1.11383
20
0.62962
30
-11.01298
11
1.08978
21
0.54545
31
-10.89156
12
1.23506
22
0.54598
32
-10.86120
13
1.25975
23
0.62510
33
-10.98715
0
3DFACE
8
C2
10
1.08978
20
0.54545
30
-10.89156
11
1.06683
21
0.45239
31
-10.77814
12
1.21167
22
0.45654
32
-10.74452
13
1.23506
23
0.54598
33
-10.86120
0
3DFACE
8
C2
10
1.06683
20
0.45239
30
-10.77814
11
1.04443
21
0.35503
31
-10.66855
12
1.18943
22
0.35787
32
-10.63613
13
1.21167
23
0.45654
33
-10.74452
0
3DFACE
8
C2
10
1.04443
20
0.35503
30
-10.66855
11
1.02319
21
0.24834
31
-10.56735
12
1.16818
22
0.25129
32
-10.53483
13
1.18943
23
0.35787
33
-10.63613
0
3DFACE
8
C2
10
1.02319
20
0.24834
30
-10.56735
11
1.00209
21
0.14055
31
-10.46714
12
1.14670
22
0.14647
32
-10.43195
13
1.16818
23
0.25129
33
-10.53483
0
3DFACE
8
C2
10
1.00209
20
0.14055
30
-10.46714
11
0.98113
21
0.03167
31
-10.36791
12
1.12586
22
0.03659
32
-10.33361
13
1.14670
23
0.14647
33
-10.43195
0
3DFACE
8
C2
10
0.98113
20
0.03167
30
-10.36791
11
0.96035
21
-0.07876
31
-10.27006
12
1.10523
22
-0.07494
32
-10.23675
13
1.12586
23
0.03659
33
-10.33361
0
3DFACE
8
C2
10
0.96035
20
-0.07876
30
-10.27006
11
0.93987
21
-0.19149
31
-10.17428
12
1.08519
22
-0.19118
32
-10.14412
13
1.10523
23
-0.07494
33
-10.23675
0
3DFACE
8
C2
10
0.93987
20
-0.19149
30
-10.17428
11
0.91883
21
-0.29972
31
-10.07446
12
1.06424
22
-0.30018
32
-10.04499
13
1.08519
23
-0.19118
33
-10.14412
0
3DFACE
8
C2
10
0.91883
20
-0.29972
30
-10.07446
11
0.89784
21
-0.40839
31
-9.97504
12
1.04294
22
-0.40643
32
-9.94340
13
1.06424
23
-0.30018
33
-10.04499
0
3DFACE
8
C2
10
0.89784
20
-0.40839
30
-9.97504
11
0.87592
21
-0.50969
31
-9.86901
12
1.02106
22
-0.50796
32
-9.83756
13
1.04294
23
-0.40643
33
-9.94340
0
3DFACE
8
C2
10
0.87592
20
-0.50969
30
-9.86901
11
0.85350
21
-0.60694
31
-9.75933
12
0.99867
22
-0.60542
32
-9.72808
13
1.02106
23
-0.50796
33
-9.83756
0
3DFACE
8
C2
10
0.85350
20
-0.60694
30
-9.75933
11
0.83091
21
-0.70275
31
-9.64836
12
0.97629
22
-0.70299
32
-9.61870
13
0.99867
23
-0.60542
33
-9.72808
0
3DFACE
8
C2
10
0.83091
20
-0.70275
30
-9.64836
11
0.80788
21
-0.79516
31
-9.53434
12
0.95317
22
-0.79463
32
-9.50399
13
0.97629
23
-0.70299
33
-9.61870
0
3DFACE
8
C2
10
0.80788
20
-0.79516
30
-9.53434
11
0.78433
21
-0.88339
31
-9.41658
12
0.92914
22
-0.87902
32
-9.38277
13
0.95317
23
-0.79463
33
-9.50399
0
3DFACE
8
C2
10
0.78433
20
-0.88339
30
-9.41658
11
0.76097
21
-0.97306
31
-9.30010
12
0.90558
22
-0.96715
32
-9.26491
13
0.92914
23
-0.87902
33
-9.38277
0
3DFACE
8
C2
10
0.76097
20
-0.97306
30
-9.30010
11
0.73760
21
-1.06272
31
-9.18361
12
0.88195
22
-1.05472
32
-9.14655
13
0.90558
23
-0.96715
33
-9.26491
0
3DFACE
8
C2
10
0.73760
20
-1.06272
30
-9.18361
11
0.71372
21
-1.14832
31
-9.06348
12
0.85795
22
-1.13933
32
-9.02553
13
0.88195
23
-1.05472
33
-9.14655
0
3DFACE
8
C2
10
0.71372
20
-1.14832
30
-9.06348
11
0.69099
21
-1.24303
31
-8.95153
12
0.83515
22
-1.23350
32
-8.91309
13
0.85795
23
-1.13933
33
-9.02553
0
3DFACE
8
C2
10
0.69099
20
-1.24303
30
-8.95153
11
0.66842
21
-1.33907
31
-8.84077
12
0.81229
22
-1.32722
32
-8.80025
13
0.83515
23
-1.23350
33
-8.91309
0
3DFACE
8
C2
10
0.66842
20
-1.33907
30
-8.84077
11
0.64609
21
-1.43708
31
-8.73178
12
0.79002
22
-1.42567
32
-8.69166
13
0.81229
23
-1.32722
33
-8.80025
0
3DFACE
8
C2
10
0.64609
20
-1.43708
30
-8.73178
11
0.62389
21
-1.53608
31
-8.62367
12
0.76801
22
-1.52621
32
-8.58493
13
0.79002
23
-1.42567
33
-8.69166
0
3DFACE
8
C2
10
0.62389
20
-1.53608
30
-8.62367
11
0.60076
21
-1.62761
31
-8.50887
12
0.74545
22
-1.62236
32
-8.47427
13
0.76801
23
-1.52621
33
-8.58493
0
3DFACE
8
C2
10
0.60076
20
-1.62761
30
-8.50887
11
0.57930
21
-1.73254
31
-8.40609
12
0.72428
22
-1.72960
32
-8.37356
13
0.74545
23
-1.62236
33
-8.47427
0
3DFACE
8
C2
10
0.57930
20
-1.73254
30
-8.40609
11
0.55850
21
-1.84275
31
-8.30804
12
0.70357
22
-1.84046
32
-8.27611
13
0.72428
23
-1.72960
33
-8.37356
0
3DFACE
8
C2
10
0.55850
20
-1.84275
30
-8.30804
11
0.53644
21
-1.94285
31
-8.20093
12
0.68155
22
-1.94089
32
-8.16929
13
0.70357
23
-1.84046
33
-8.27611
0
3DFACE
8
C2
10
0.53644
20
-1.94285
30
-8.20093
11
0.51361
21
-2.03679
31
-8.08829
12
0.65874
22
-2.03506
32
-8.05684
13
0.68155
23
-1.94089
33
-8.16929
0
3DFACE
8
C2
10
0.51361
20
-2.03679
30
-8.08829
11
0.48874
21
-2.11448
31
-7.96106
12
0.63371
22
-2.11143
32
-7.92843
13
0.65874
23
-2.03506
33
-8.05684
0
3DFACE
8
C2
10
0.48874
20
-2.11448
30
-7.96106
11
0.46629
21
-2.21150
31
-7.85118
12
0.61126
22
-2.20845
32
-7.81855
13
0.63371
23
-2.11143
33
-7.92843
0
3DFACE
8
C2
10
0.46629
20
-2.21150
30
-7.85118
11
0.44598
21
-2.32555
31
-7.75658
12
0.59070
22
-2.32052
32
-7.72218
13
0.61126
23
-2.20845
33
-7.81855
0
3DFACE
8
C2
10
0.44598
20
-2.32555
30
-7.75658
11
0.42482
21
-2.43290
31
-7.65598
12
0.56971
22
-2.42919
32
-7.62276
13
0.59070
23
-2.32052
33
-7.72218
0
3DFACE
8
C2
10
0.42482
20
-2.43290
30
-7.65598
11
0.40366
21
-2.54025
31
-7.55537
12
0.54892
22
-2.53951
32
-7.52481
13
0.56971
23
-2.42919
33
-7.62276
0
3DFACE
8
C2
10
0.40366
20
-2.54025
30
-7.55537
11
0.38215
21
-2.64475
31
-7.45219
12
0.52789
22
-2.64784
32
-7.42509
13
0.54892
23
-2.53951
33
-7.52481
0
3DFACE
8
C2
10
0.38215
20
-2.64475
30
-7.45219
11
0.36174
21
-2.75803
31
-7.35691
12
0.50803
22
-2.76552
32
-7.33375
13
0.52789
23
-2.64784
33
-7.42509
0
3DFACE
8
C2
10
0.36174
20
-2.75803
30
-7.35691
11
0.34355
21
-2.88911
31
-7.27760
12
0.49054
22
-2.90220
32
-7.25947
13
0.50803
23
-2.76552
33
-7.33375
0
3DFACE
8
C2
10
0.34355
20
-2.88911
30
-7.27760
11
0.32320
21
-3.00294
31
-7.18281
12
0.47061
22
-3.01933
32
-7.16763
13
0.49054
23
-2.90220
33
-7.25947
0
3DFACE
8
C2
10
0.32320
20
-3.00294
30
-7.18281
11
0.30212
21
-3.11084
31
-7.08269
12
0.44975
22
-3.12910
32
-7.06919
13
0.47061
23
-3.01933
33
-7.16763
0
3DFACE
8
C2
10
0.30212
20
-3.11084
30
-7.08269
11
0.28012
21
-3.21149
31
-6.97607
12
0.42768
22
-3.22908
32
-6.96198
13
0.44975
23
-3.12910
33
-7.06919
0
3DFACE
8
C2
10
0.28012
20
-3.21149
30
-6.97607
11
0.25877
21
-3.31730
31
-6.87408
12
0.40644
22
-3.33578
32
-6.86078
13
0.42768
23
-3.22908
33
-6.96198
0
3DFACE
8
C2
10
0.25877
20
-3.31730
30
-6.87408
11
0.23829
21
-3.43003
31
-6.77830
12
0.38622
22
-3.45060
32
-6.76687
13
0.40644
23
-3.33578
33
-6.86078
0
3DFACE
8
C2
10
0.23829
20
-3.43003
30
-6.77830
11
0.21697
21
-3.53606
31
-6.67651
12
0.36506
22
-3.55794
32
-6.66626
13
0.38622
23
-3.45060
33
-6.76687
0
3DFACE
8
C2
10
0.21697
20
-3.53606
30
-6.67651
11
0.19469
21
-3.63440
31
-6.56781
12
0.34285
22
-3.65684
32
-6.55806
13
0.36506
23
-3.55794
33
-6.66626
0
3DFACE
8
C2
10
0.19469
20
-3.63440
30
-6.56781
11
0.17113
21
-3.72253
31
-6.44995
12
0.31916
22
-3.74397
32
-6.43931
13
0.34285
23
-3.65684
33
-6.55806
0
3DFACE
8
C2
10
0.17113
20
-3.72253
30
-6.44995
11
0.14865
21
-3.81933
31
-6.33987
12
0.29676
22
-3.84132
32
-6.32973
13
0.31916
23
-3.74397
33
-6.43931
0
3DFACE
8
C2
10
0.14865
20
-3.81933
30
-6.33987
11
0.12634
21
-3.91745
31
-6.23098
12
0.27465
22
-3.94109
32
-6.22232
13
0.29676
23
-3.84132
33
-6.32973
0
3DFACE
8
C2
10
0.12634
20
-3.91745
30
-6.23098
11
0.10304
21
-4.00766
31
-6.11499
12
0.25120
22
-4.03010
32
-6.10524
13
0.27465
23
-3.94109
33
-6.22232
0
3DFACE
8
C2
10
0.10304
20
-4.00766
30
-6.11499
11
0.07855
21
-4.08832
31
-5.99042
12
0.22632
22
-4.10767
32
-5.97791
13
0.25120
23
-4.03010
33
-6.10524
0
3DFACE
8
C2
10
0.07855
20
-4.08832
30
-5.99042
11
0.05313
21
-4.16161
31
-5.85925
12
0.20029
22
-4.17602
32
-5.84230
13
0.22632
23
-4.10767
33
-5.97791
0
3DFACE
8
C2
10
0.05313
20
-4.16161
30
-5.85925
11
0.02848
21
-4.24095
31
-5.73350
12
0.17512
22
-4.25129
32
-5.71290
13
0.20029
23
-4.17602
33
-5.84230
0
3DFACE
8
C2
10
0.02848
20
-4.24095
30
-5.73350
11
0.00489
21
-4.32885
31
-5.61543
12
0.15122
22
-4.33667
32
-5.59257
13
0.17512
23
-4.25129
33
-5.71290
0
3DFACE
8
C2
10
0.00489
20
-4.32885
30
-5.61543
11
-0.02003
21
-4.40610
31
-5.48781
12
0.12593
22
-4.41095
32
-5.46228
13
0.15122
23
-4.33667
33
-5.59257
0
3DFACE
8
C2
10
1.68537
20
2.47556
30
-13.06852
11
1.66281
21
2.37942
31
-12.95785
12
1.80913
22
2.37171
32
-12.93489
13
1.83169
23
2.46785
33
-13.04555
0
3DFACE
8
C2
10
1.66281
20
2.37942
30
-12.95785
11
1.64175
21
2.27130
31
-12.85793
12
1.78816
22
2.26293
32
-12.83556
13
1.80913
23
2.37171
33
-12.93489
0
3DFACE
8
C2
10
1.64175
20
2.27130
30
-12.85793
11
1.61913
21
2.17571
31
-12.74677
12
1.76575
22
2.16558
32
-12.72598
13
1.78816
23
2.26293
33
-12.83556
0
3DFACE
8
C2
10
1.61913
20
2.17571
30
-12.74677
11
1.59577
21
2.08593
31
-12.63039
12
1.74282
22
2.07240
32
-12.61265
13
1.76575
23
2.16558
33
-12.72598
0
3DFACE
8
C2
10
1.59577
20
2.08593
30
-12.63039
11
1.57378
21
1.98528
31
-12.52376
12
1.72134
22
1.96769
32
-12.50967
13
1.74282
23
2.07240
33
-12.61265
0
3DFACE
8
C2
10
1.57378
20
1.98528
30
-12.52376
11
1.55381
21
1.86849
31
-12.43163
12
1.70186
22
1.84693
32
-12.42109
13
1.72134
23
1.96769
33
-12.50967
0
3DFACE
8
C2
10
1.55381
20
1.86849
30
-12.43163
11
1.53776
21
1.72027
31
-12.36770
12
1.68621
22
1.69553
32
-12.36002
13
1.70186
23
1.84693
33
-12.42109
0
3DFACE
8
C2
10
1.53776
20
1.72027
30
-12.36770
11
1.51689
21
1.61061
31
-12.26916
12
1.66577
22
1.58247
32
-12.26454
13
1.68621
23
1.69553
33
-12.36002
0
3DFACE
8
C2
10
1.51689
20
1.61061
30
-12.26916
11
1.49421
21
1.51546
31
-12.15761
12
1.64343
22
1.48457
32
-12.15545
13
1.66577
23
1.58247
33
-12.26454
0
3DFACE
8
C2
10
1.49421
20
1.51546
30
-12.15761
11
1.47313
21
1.40756
31
-12.05750
12
1.62252
22
1.37524
32
-12.05662
13
1.64343
23
1.48457
33
-12.15545
0
3DFACE
8
C2
10
1.47313
20
1.40756
30
-12.05750
11
1.45314
21
1.29087
31
-11.96527
12
1.60245
22
1.25921
32
-11.96380
13
1.62252
23
1.37524
33
-12.05662
0
3DFACE
8
C2
10
1.45314
20
1.29087
30
-11.96527
11
1.43649
21
1.14749
31
-11.89700
12
1.58568
22
1.11682
32
-11.89464
13
1.60245
23
1.25921
33
-11.96380
0
3DFACE
8
C2
10
1.43649
20
1.14749
30
-11.89700
11
1.41456
21
1.04629
31
-11.79087
12
1.56366
22
1.01639
32
-11.78782
13
1.58568
23
1.11682
33
-11.89464
0
3DFACE
8
C2
10
1.41456
20
1.04629
30
-11.79087
11
1.38734
21
0.98750
31
-11.64668
12
1.53636
22
0.95815
32
-11.64314
13
1.56366
23
1.01639
33
-11.78782
0
3DFACE
8
C2
10
1.38734
20
0.98750
30
-11.64668
11
1.36283
21
0.90696
31
-11.52201
12
1.51163
22
0.87936
32
-11.51689
13
1.53636
23
0.95815
33
-11.64314
0
3DFACE
8
C2
10
1.36283
20
0.90696
30
-11.52201
11
1.33798
21
0.82916
31
-11.39488
12
1.48646
22
0.80409
32
-11.38749
13
1.51163
23
0.87936
33
-11.51689
0
3DFACE
8
C2
10
1.33798
20
0.82916
30
-11.39488
11
1.31358
21
0.74774
31
-11.27100
12
1.46174
22
0.72530
32
-11.26125
13
1.48646
23
0.80409
33
-11.38749
0
3DFACE
8
C2
10
1.31358
20
0.74774
30
-11.27100
11
1.28851
21
0.67170
31
-11.14229
12
1.43632
22
0.65201
32
-11.13007
13
1.46174
23
0.72530
33
-11.26125
0
3DFACE
8
C2
10
1.28851
20
0.67170
30
-11.14229
11
1.25975
21
0.62510
31
-10.98715
12
1.40724
22
0.60805
32
-10.97257
13
1.43632
23
0.65201
33
-11.13007
0
3DFACE
8
C2
10
1.25975
20
0.62510
30
-10.98715
11
1.23506
21
0.54598
31
-10.86120
12
1.38228
22
0.53113
32
-10.84465
13
1.40724
23
0.60805
33
-10.97257
0
3DFACE
8
C2
10
1.23506
20
0.54598
30
-10.86120
11
1.21167
21
0.45654
31
-10.74452
12
1.35870
22
0.44311
32
-10.72669
13
1.38228
23
0.53113
33
-10.84465
0
3DFACE
8
C2
10
1.21167
20
0.45654
30
-10.74452
11
1.18943
21
0.35787
31
-10.63613
12
1.33639
22
0.34499
32
-10.61780
13
1.35870
23
0.44311
33
-10.72669
0
3DFACE
8
C2
10
1.18943
20
0.35787
30
-10.63613
11
1.16818
21
0.25129
31
-10.53483
12
1.31503
22
0.23929
32
-10.51571
13
1.33639
23
0.34499
33
-10.61780
0
3DFACE
8
C2
10
1.16818
20
0.25129
30
-10.53483
11
1.14670
21
0.14647
31
-10.43195
12
1.29348
22
0.13513
32
-10.41224
13
1.31503
23
0.23929
33
-10.51571
0
3DFACE
8
C2
10
1.14670
20
0.14647
30
-10.43195
11
1.12586
21
0.03659
31
-10.33361
12
1.27259
22
0.02558
32
-10.31360
13
1.29348
23
0.13513
33
-10.41224
0
3DFACE
8
C2
10
1.12586
20
0.03659
30
-10.33361
11
1.10523
21
-0.07494
31
-10.23675
12
1.25199
22
-0.08616
32
-10.21694
13
1.27259
23
0.02558
33
-10.31360
0
3DFACE
8
C2
10
1.10523
20
-0.07494
30
-10.23675
11
1.08519
21
-0.19118
31
-10.14412
12
1.23204
22
-0.20318
32
-10.12500
13
1.25199
23
-0.08616
33
-10.21694
0
3DFACE
8
C2
10
1.08519
20
-0.19118
30
-10.14412
11
1.06424
21
-0.30018
31
-10.04499
12
1.21108
22
-0.31207
32
-10.02578
13
1.23204
23
-0.20318
33
-10.12500
0
3DFACE
8
C2
10
1.06424
20
-0.30018
30
-10.04499
11
1.04294
21
-0.40643
31
-9.94340
12
1.18963
22
-0.41711
32
-9.92310
13
1.21108
23
-0.31207
33
-10.02578
0
3DFACE
8
C2
10
1.04294
20
-0.40643
30
-9.94340
11
1.02106
21
-0.50796
31
-9.83756
12
1.16769
22
-0.51820
32
-9.81687
13
1.18963
23
-0.41711
33
-9.92310
0
3DFACE
8
C2
10
1.02106
20
-0.50796
30
-9.83756
11
0.99867
21
-0.60542
31
-9.72808
12
1.14525
22
-0.61522
32
-9.70699
13
1.16769
23
-0.51820
33
-9.81687
0
3DFACE
8
C2
10
0.99867
20
-0.60542
30
-9.72808
11
0.97629
21
-0.70299
31
-9.61870
12
1.12285
22
-0.71268
32
-9.59751
13
1.14525
23
-0.61522
33
-9.70699
0
3DFACE
8
C2
10
0.97629
20
-0.70299
30
-9.61870
11
0.95317
21
-0.79463
31
-9.50399
12
1.09958
22
-0.80311
32
-9.48171
13
1.12285
23
-0.71268
33
-9.59751
0
3DFACE
8
C2
10
0.95317
20
-0.79463
30
-9.50399
11
0.92914
21
-0.87902
31
-9.38277
12
1.07528
22
-0.88531
32
-9.35852
13
1.09958
23
-0.80311
33
-9.48171
0
3DFACE
8
C2
10
0.92914
20
-0.87902
30
-9.38277
11
0.90558
21
-0.96715
31
-9.26491
12
1.05149
22
-0.97156
32
-9.23898
13
1.07528
23
-0.88531
33
-9.35852
0
3DFACE
8
C2
10
0.90558
20
-0.96715
30
-9.26491
11
0.88195
21
-1.05472
31
-9.14655
12
1.02764
22
-1.05738
32
-9.11905
13
1.05149
23
-0.97156
33
-9.23898
0
3DFACE
8
C2
10
0.88195
20
-1.05472
30
-9.14655
11
0.85795
21
-1.13933
31
-9.02553
12
1.00354
22
-1.14122
32
-8.99734
13
1.02764
23
-1.05738
33
-9.11905
0
3DFACE
8
C2
10
0.85795
20
-1.13933
30
-9.02553
11
0.83515
21
-1.23350
31
-8.91309
12
0.98056
22
-1.23396
32
-8.88362
13
1.00354
23
-1.14122
33
-8.99734
0
3DFACE
8
C2
10
0.83515
20
-1.23350
30
-8.91309
11
0.81229
21
-1.32722
31
-8.80025
12
0.95758
22
-1.32670
32
-8.76989
13
0.98056
23
-1.23396
33
-8.88362
0
3DFACE
8
C2
10
0.81229
20
-1.32722
30
-8.80025
11
0.79002
21
-1.42567
31
-8.69166
12
0.93531
22
-1.42515
32
-8.66130
13
0.95758
23
-1.32670
33
-8.76989
0
3DFACE
8
C2
10
0.79002
20
-1.42567
30
-8.69166
11
0.76801
21
-1.52621
31
-8.58493
12
0.91344
22
-1.52678
32
-8.55556
13
0.93531
23
-1.42515
33
-8.66130
0
3DFACE
8
C2
10
0.76801
20
-1.52621
30
-8.58493
11
0.74545
21
-1.62236
31
-8.47427
12
0.89124
22
-1.62578
32
-8.44746
13
0.91344
23
-1.52678
33
-8.55556
0
3DFACE
8
C2
10
0.74545
20
-1.62236
30
-8.47427
11
0.72428
21
-1.72960
31
-8.37356
12
0.87020
22
-1.73412
32
-8.34774
13
0.89124
23
-1.62578
33
-8.44746
0
3DFACE
8
C2
10
0.72428
20
-1.72960
30
-8.37356
11
0.70357
21
-1.84046
31
-8.27611
12
0.84945
22
-1.84466
32
-8.24999
13
0.87020
23
-1.73412
33
-8.34774
0
3DFACE
8
C2
10
0.70357
20
-1.84046
30
-8.27611
11
0.68155
21
-1.94089
31
-8.16929
12
0.82740
22
-1.94487
32
-8.14297
13
0.84945
23
-1.84466
33
-8.24999
0
3DFACE
8
C2
10
0.68155
20
-1.94089
30
-8.16929
11
0.65874
21
-2.03506
31
-8.05684
12
0.80452
22
-2.03848
32
-8.03004
13
0.82740
23
-1.94487
33
-8.14297
0
3DFACE
8
C2
10
0.65874
20
-2.03506
30
-8.05684
11
0.63371
21
-2.11143
31
-7.92843
12
0.77952
22
-2.11507
32
-7.90182
13
0.80452
23
-2.03848
33
-8.03004
0
3DFACE
8
C2
10
0.63371
20
-2.11143
30
-7.92843
11
0.61126
21
-2.20845
31
-7.81855
12
0.75688
22
-2.21056
32
-7.79056
13
0.77952
23
-2.11507
33
-7.90182
0
3DFACE
8
C2
10
0.61126
20
-2.20845
30
-7.81855
11
0.59070
21
-2.32052
31
-7.72218
12
0.73589
22
-2.31923
32
-7.69113
13
0.75688
23
-2.21056
33
-7.79056
0
3DFACE
8
C2
10
0.59070
20
-2.32052
30
-7.72218
11
0.56971
21
-2.42919
31
-7.62276
12
0.71471
22
-2.42636
32
-7.59033
13
0.73589
23
-2.31923
33
-7.69113
0
3DFACE
8
C2
10
0.56971
20
-2.42919
30
-7.62276
11
0.54892
21
-2.53951
31
-7.52481
12
0.69387
22
-2.53623
32
-7.49199
13
0.71471
23
-2.42636
33
-7.59033
0
3DFACE
8
C2
10
0.54892
20
-2.53951
30
-7.52481
11
0.52789
21
-2.64784
31
-7.42509
12
0.67268
22
-2.64336
32
-7.39118
13
0.69387
23
-2.53623
33
-7.49199
0
3DFACE
8
C2
10
0.52789
20
-2.64784
30
-7.42509
11
0.50803
21
-2.76552
31
-7.33375
12
0.65292
22
-2.76181
32
-7.30053
13
0.67268
23
-2.64336
33
-7.39118
0
3DFACE
8
C2
10
0.50803
20
-2.76552
30
-7.33375
11
0.49054
21
-2.90220
31
-7.25947
12
0.63546
22
-2.89871
32
-7.22644
13
0.65292
23
-2.76181
33
-7.30053
0
3DFACE
8
C2
10
0.49054
20
-2.90220
30
-7.25947
11
0.47061
21
-3.01933
31
-7.16763
12
0.61561
22
-3.01649
32
-7.13520
13
0.63546
23
-2.89871
33
-7.22644
0
3DFACE
8
C2
10
0.47061
20
-3.01933
30
-7.16763
11
0.44975
21
-3.12910
31
-7.06919
12
0.59471
22
-3.12593
32
-7.03647
13
0.61561
23
-3.01649
33
-7.13520
0
3DFACE
8
C2
10
0.44975
20
-3.12910
30
-7.06919
11
0.42768
21
-3.22908
31
-6.96198
12
0.57240
22
-3.22405
32
-6.92758
13
0.59471
23
-3.12593
33
-7.03647
0
3DFACE
8
C2
10
0.42768
20
-3.22908
30
-6.96198
11
0.40644
21
-3.33578
31
-6.86078
12
0.55119
22
-3.33096
32
-6.82657
13
0.57240
23
-3.22405
33
-6.92758
0
3DFACE
8
C2
10
0.40644
20
-3.33578
30
-6.86078
11
0.38622
21
-3.45060
31
-6.76687
12
0.53135
22
-3.44886
32
-6.73543
13
0.55119
23
-3.33096
33
-6.82657
0
3DFACE
8
C2
10
0.38622
20
-3.45060
30
-6.76687
11
0.36506
21
-3.55794
31
-6.66626
12
0.51047
22
-3.55841
32
-6.63679
13
0.53135
23
-3.44886
33
-6.73543
0
3DFACE
8
C2
10
0.36506
20
-3.55794
30
-6.66626
11
0.34285
21
-3.65684
31
-6.55806
12
0.48841
22
-3.65850
32
-6.52967
13
0.51047
23
-3.55841
33
-6.63679
0
3DFACE
8
C2
10
0.34285
20
-3.65684
30
-6.55806
11
0.31916
21
-3.74397
31
-6.43931
12
0.46495
22
-3.74740
32
-6.41250
13
0.48841
23
-3.65850
33
-6.52967
0
3DFACE
8
C2
10
0.31916
20
-3.74397
30
-6.43931
11
0.29676
21
-3.84132
31
-6.32973
12
0.44288
22
-3.84750
32
-6.30538
13
0.46495
23
-3.74740
33
-6.41250
0
3DFACE
8
C2
10
0.29676
20
-3.84132
30
-6.32973
11
0.27465
21
-3.94109
31
-6.22232
12
0.42132
22
-3.95155
32
-6.20182
13
0.44288
23
-3.84750
33
-6.30538
0
3DFACE
8
C2
10
0.27465
20
-3.94109
30
-6.22232
11
0.25120
21
-4.03010
31
-6.10524
12
0.39804
22
-4.04198
32
-6.08602
13
0.42132
23
-3.95155
33
-6.20182
0
3DFACE
8
C2
10
0.25120
20
-4.03010
30
-6.10524
11
0.22632
21
-4.10767
31
-5.97791
12
0.37303
22
-4.11846
32
-5.95771
13
0.39804
23
-4.04198
33
-6.08602
0
3DFACE
8
C2
10
0.22632
20
-4.10767
30
-5.97791
11
0.20029
21
-4.17602
31
-5.84230
12
0.34671
22
-4.18450
32
-5.82003
13
0.37303
23
-4.11846
33
-5.95771
0
3DFACE
8
C2
10
0.20029
20
-4.17602
30
-5.84230
11
0.17512
21
-4.25129
31
-5.71290
12
0.32123
22
-4.25736
32
-5.68846
13
0.34671
23
-4.18450
33
-5.82003
0
3DFACE
8
C2
10
0.17512
20
-4.25129
30
-5.71290
11
0.15122
21
-4.33667
31
-5.59257
12
0.29707
22
-4.34065
32
-5.56625
13
0.32123
23
-4.25736
33
-5.68846
0
3DFACE
8
C2
10
0.15122
20
-4.33667
30
-5.59257
11
0.12593
21
-4.41095
31
-5.46228
12
0.27153
22
-4.41295
32
-5.43419
13
0.29707
23
-4.34065
33
-5.56625
0
3DFACE
8
C2
10
1.83169
20
2.46785
30
-13.04555
11
1.80913
21
2.37171
31
-12.93489
12
1.95573
22
2.36180
32
-12.91389
13
1.97831
23
2.45772
33
-13.02476
0
3DFACE
8
C2
10
1.80913
20
2.37171
30
-12.93489
11
1.78816
21
2.26293
31
-12.83556
12
1.93482
22
2.25247
32
-12.81506
13
1.95573
23
2.36180
33
-12.91389
0
3DFACE
8
C2
10
1.78816
20
2.26293
30
-12.83556
11
1.76575
21
2.16558
31
-12.72598
12
1.91247
22
2.15468
32
-12.70587
13
1.93482
23
2.25247
33
-12.81506
0
3DFACE
8
C2
10
1.76575
20
2.16558
30
-12.72598
11
1.74282
21
2.07240
31
-12.61265
12
1.88981
22
2.05930
32
-12.59452
13
1.91247
23
2.15468
33
-12.70587
0
3DFACE
8
C2
10
1.74282
20
2.07240
30
-12.61265
11
1.72134
21
1.96769
31
-12.50967
12
1.86874
22
1.95129
32
-12.49450
13
1.88981
23
2.05930
33
-12.59452
0
3DFACE
8
C2
10
1.72134
20
1.96769
30
-12.50967
11
1.70186
21
1.84693
31
-12.42109
12
1.84938
22
1.82955
32
-12.40681
13
1.86874
23
1.95129
33
-12.49450
0
3DFACE
8
C2
10
1.70186
20
1.84693
30
-12.42109
11
1.68621
21
1.69553
31
-12.36002
12
1.83389
22
1.67694
32
-12.34682
13
1.84938
23
1.82955
33
-12.40681
0
3DFACE
8
C2
10
1.68621
20
1.69553
30
-12.36002
11
1.66577
21
1.58247
31
-12.26454
12
1.81350
22
1.56344
32
-12.25173
13
1.83389
23
1.67694
33
-12.34682
0
3DFACE
8
C2
10
1.66577
20
1.58247
30
-12.26454
11
1.64343
21
1.48457
31
-12.15545
12
1.79114
22
1.46576
32
-12.14245
13
1.81350
23
1.56344
33
-12.25173
0
3DFACE
8
C2
10
1.64343
20
1.48457
30
-12.15545
11
1.62252
21
1.37524
31
-12.05662
12
1.77019
22
1.35676
32
-12.04332
13
1.79114
23
1.46576
33
-12.14245
0
3DFACE
8
C2
10
1.62252
20
1.37524
30
-12.05662
11
1.60245
21
1.25921
31
-11.96380
12
1.74988
22
1.24260
32
-11.94882
13
1.77019
23
1.35676
33
-12.04332
0
3DFACE
8
C2
10
1.60245
20
1.25921
30
-11.96380
11
1.58568
21
1.11682
31
-11.89464
12
1.73292
22
1.10174
32
-11.87829
13
1.74988
23
1.24260
33
-11.94882
0
3DFACE
8
C2
10
1.58568
20
1.11682
30
-11.89464
11
1.56366
21
1.01639
31
-11.78782
12
1.71101
22
1.00044
32
-11.77225
13
1.73292
23
1.10174
33
-11.87829
0
3DFACE
8
C2
10
1.56366
20
1.01639
30
-11.78782
11
1.53636
21
0.95815
31
-11.64314
12
1.68383
22
0.94121
32
-11.62846
13
1.71101
23
1.00044
33
-11.77225
0
3DFACE
8
C2
10
1.53636
20
0.95815
30
-11.64314
11
1.51163
21
0.87936
31
-11.51689
12
1.65927
22
0.86110
32
-11.50340
13
1.68383
23
0.94121
33
-11.62846
0
3DFACE
8
C2
10
1.51163
20
0.87936
30
-11.51689
11
1.48646
21
0.80409
31
-11.38749
12
1.63429
22
0.78429
32
-11.37538
13
1.65927
23
0.86110
33
-11.50340
0
3DFACE
8
C2
10
1.48646
20
0.80409
30
-11.38749
11
1.46174
21
0.72530
31
-11.26125
12
1.60973
22
0.70419
32
-11.25031
13
1.63429
23
0.78429
33
-11.37538
0
3DFACE
8
C2
10
1.46174
20
0.72530
30
-11.26125
11
1.43632
21
0.65201
31
-11.13007
12
1.58458
22
0.62881
32
-11.12101
13
1.60973
23
0.70419
33
-11.25031
0
3DFACE
8
C2
10
1.43632
20
0.65201
30
-11.13007
11
1.40724
21
0.60805
31
-10.97257
12
1.55577
22
0.58265
32
-10.96548
13
1.58458
23
0.62881
33
-11.12101
0
3DFACE
8
C2
10
1.40724
20
0.60805
30
-10.97257
11
1.38228
21
0.53113
31
-10.84465
12
1.53103
22
0.50397
32
-10.83914
13
1.55577
23
0.58265
33
-10.96548
0
3DFACE
8
C2
10
1.38228
20
0.53113
30
-10.84465
11
1.35870
21
0.44311
31
-10.72669
12
1.50759
22
0.41486
32
-10.72216
13
1.53103
23
0.50397
33
-10.83914
0
3DFACE
8
C2
10
1.35870
20
0.44311
30
-10.72669
11
1.33639
21
0.34499
31
-10.61780
12
1.48518
22
0.31751
32
-10.61258
13
1.50759
23
0.41486
33
-10.72216
0
3DFACE
8
C2
10
1.33639
20
0.34499
30
-10.61780
11
1.31503
21
0.23929
31
-10.51571
12
1.46382
22
0.21181
32
-10.51049
13
1.48518
23
0.31751
33
-10.61258
0
3DFACE
8
C2
10
1.31503
20
0.23929
30
-10.51571
11
1.29348
21
0.13513
31
-10.41224
12
1.44234
22
0.10709
32
-10.40752
13
1.46382
23
0.21181
33
-10.51049
0
3DFACE
8
C2
10
1.29348
20
0.13513
30
-10.41224
11
1.27259
21
0.02558
31
-10.31360
12
1.42140
22
-0.00202
32
-10.30849
13
1.44234
23
0.10709
33
-10.40752
0
3DFACE
8
C2
10
1.27259
20
0.02558
30
-10.31360
11
1.25199
21
-0.08616
31
-10.21694
12
1.40060
22
-0.11222
32
-10.21044
13
1.42140
23
-0.00202
33
-10.30849
0
3DFACE
8
C2
10
1.25199
20
-0.08616
30
-10.21694
11
1.23204
21
-0.20318
31
-10.12500
12
1.38031
22
-0.22649
32
-10.11604
13
1.40060
23
-0.11222
33
-10.21044
0
3DFACE
8
C2
10
1.23204
20
-0.20318
30
-10.12500
11
1.21108
21
-0.31207
31
-10.02578
12
1.35914
22
-0.33373
32
-10.01533
13
1.38031
23
-0.22649
33
-10.11604
0
3DFACE
8
C2
10
1.21108
20
-0.31207
30
-10.02578
11
1.18963
21
-0.41711
31
-9.92310
12
1.33775
22
-0.43921
32
-9.91305
13
1.35914
23
-0.33373
33
-10.01533
0
3DFACE
8
C2
10
1.18963
20
-0.41711
30
-9.92310
11
1.16769
21
-0.51820
31
-9.81687
12
1.31570
22
-0.53942
32
-9.80603
13
1.33775
23
-0.43921
33
-9.91305
0
3DFACE
8
C2
10
1.16769
20
-0.51820
30
-9.81687
11
1.14525
21
-0.61522
31
-9.70699
12
1.29308
22
-0.63502
32
-9.69487
13
1.31570
23
-0.53942
33
-9.80603
0
3DFACE
8
C2
10
1.14525
20
-0.61522
30
-9.70699
11
1.12285
21
-0.71268
31
-9.59751
12
1.27034
22
-0.72973
32
-9.58292
13
1.29308
23
-0.63502
33
-9.69487
0
3DFACE
8
C2
10
1.12285
20
-0.71268
30
-9.59751
11
1.09958
21
-0.80311
31
-9.48171
12
1.24693
22
-0.81907
32
-9.46614
13
1.27034
23
-0.72973
33
-9.58292
0
3DFACE
8
C2
10
1.09958
20
-0.80311
30
-9.48171
11
1.07528
21
-0.88531
31
-9.35852
12
1.22264
22
-0.90137
32
-9.34305
13
1.24693
23
-0.81907
33
-9.46614
0
3DFACE
8
C2
10
1.07528
20
-0.88531
30
-9.35852
11
1.05149
21
-0.97156
31
-9.23898
12
1.19878
22
-0.98707
32
-9.22302
13
1.22264
23
-0.90137
33
-9.34305
0
3DFACE
8
C2
10
1.05149
20
-0.97156
30
-9.23898
11
1.02764
21
-1.05738
31
-9.11905
12
1.17482
22
-1.07201
32
-9.10230
13
1.19878
23
-0.98707
33
-9.22302
0
3DFACE
8
C2
10
1.02764
20
-1.05738
30
-9.11905
11
1.00354
21
-1.14122
31
-8.99734
12
1.15051
22
-1.15409
32
-8.97901
13
1.17482
23
-1.07201
33
-9.10230
0
3DFACE
8
C2
10
1.00354
20
-1.14122
30
-8.99734
11
0.98056
21
-1.23396
31
-8.88362
12
1.12745
22
-1.24628
32
-8.86479
13
1.15051
23
-1.15409
33
-8.97901
0
3DFACE
8
C2
10
0.98056
20
-1.23396
30
-8.88362
11
0.95758
21
-1.32670
31
-8.76989
12
1.10459
22
-1.34001
32
-8.75196
13
1.12745
23
-1.24628
33
-8.86479
0
3DFACE
8
C2
10
0.95758
20
-1.32670
30
-8.76989
11
0.93531
21
-1.42515
31
-8.66130
12
1.08239
22
-1.43901
32
-8.64386
13
1.10459
23
-1.34001
33
-8.75196
0
3DFACE
8
C2
10
0.93531
20
-1.42515
30
-8.66130
11
0.91344
21
-1.52678
31
-8.55556
12
1.06057
22
-1.54098
32
-8.53842
13
1.08239
23
-1.43901
33
-8.64386
0
3DFACE
8
C2
10
0.91344
20
-1.52678
30
-8.55556
11
0.89124
21
-1.62578
31
-8.44746
12
1.03841
22
-1.64031
32
-8.43061
13
1.06057
23
-1.54098
33
-8.53842
0
3DFACE
8
C2
10
0.89124
20
-1.62578
30
-8.44746
11
0.87020
21
-1.73412
31
-8.34774
12
1.01733
22
-1.74832
32
-8.33059
13
1.03841
23
-1.64031
33
-8.43061
0
3DFACE
8
C2
10
0.87020
20
-1.73412
30
-8.34774
11
0.84945
21
-1.84466
31
-8.24999
12
0.99663
22
-1.85929
32
-8.23324
13
1.01733
23
-1.74832
33
-8.33059
0
3DFACE
8
C2
10
0.84945
20
-1.84466
30
-8.24999
11
0.82740
21
-1.94487
31
-8.14297
12
0.97451
22
-1.95895
32
-8.12573
13
0.99663
23
-1.85929
33
-8.23324
0
3DFACE
8
C2
10
0.82740
20
-1.94487
30
-8.14297
11
0.80452
21
-2.03848
31
-8.03004
12
0.95147
22
-2.05125
32
-8.01161
13
0.97451
23
-1.95895
33
-8.12573
0
3DFACE
8
C2
10
0.80452
20
-2.03848
30
-8.03004
11
0.77952
21
-2.11507
31
-7.90182
12
0.92625
22
-2.12608
32
-7.88181
13
0.95147
23
-2.05125
33
-8.01161
0
3DFACE
8
C2
10
0.77952
20
-2.11507
30
-7.90182
11
0.75688
21
-2.21056
31
-7.79056
12
0.90323
22
-2.21849
32
-7.76779
13
0.92625
23
-2.12608
33
-7.88181
0
3DFACE
8
C2
10
0.75688
20
-2.21056
30
-7.79056
11
0.73589
21
-2.31923
31
-7.69113
12
0.88162
22
-2.32221
32
-7.66393
13
0.90323
23
-2.21849
33
-7.76779
0
3DFACE
8
C2
10
0.73589
20
-2.31923
30
-7.69113
11
0.71471
21
-2.42636
31
-7.59033
12
0.85987
22
-2.42484
32
-7.55908
13
0.88162
23
-2.32221
33
-7.66393
0
3DFACE
8
C2
10
0.71471
20
-2.42636
30
-7.59033
11
0.69387
21
-2.53623
31
-7.49199
12
0.83859
22
-2.53120
32
-7.45759
13
0.85987
23
-2.42484
33
-7.55908
0
3DFACE
8
C2
10
0.69387
20
-2.53623
30
-7.49199
11
0.67268
21
-2.64336
31
-7.39118
12
0.81720
22
-2.63668
32
-7.35530
13
0.83859
23
-2.53120
33
-7.45759
0
3DFACE
8
C2
10
0.67268
20
-2.64336
30
-7.39118
11
0.65292
21
-2.76181
31
-7.30053
12
0.79712
22
-2.75260
32
-7.26238
13
0.81720
23
-2.63668
33
-7.35530
0
3DFACE
8
C2
10
0.65292
20
-2.76181
30
-7.30053
11
0.63546
21
-2.89871
31
-7.22644
12
0.77933
22
-2.88687
32
-7.18593
13
0.79712
23
-2.75260
33
-7.26238
0
3DFACE
8
C2
10
0.63546
20
-2.89871
30
-7.22644
11
0.61561
21
-3.01649
31
-7.13520
12
0.75926
22
-3.00289
32
-7.09311
13
0.77933
23
-2.88687
33
-7.18593
0
3DFACE
8
C2
10
0.61561
20
-3.01649
30
-7.13520
11
0.59471
21
-3.12593
31
-7.03647
12
0.73835
22
-3.11222
32
-6.99428
13
0.75926
23
-3.00289
33
-7.09311
0
3DFACE
8
C2
10
0.59471
20
-3.12593
30
-7.03647
11
0.57240
21
-3.22405
31
-6.92758
12
0.71600
22
-3.21001
32
-6.88509
13
0.73835
23
-3.11222
33
-6.99428
0
3DFACE
8
C2
10
0.57240
20
-3.22405
30
-6.92758
11
0.55119
21
-3.33096
31
-6.82657
12
0.69473
22
-3.31648
32
-6.78369
13
0.71600
23
-3.21001
33
-6.88509
0
3DFACE
8
C2
10
0.55119
20
-3.33096
30
-6.82657
11
0.53135
21
-3.44886
31
-6.73543
12
0.67473
22
-3.43306
32
-6.69136
13
0.69473
23
-3.31648
33
-6.78369
0
3DFACE
8
C2
10
0.53135
20
-3.44886
30
-6.73543
11
0.51047
21
-3.55841
31
-6.63679
12
0.65396
22
-3.54349
32
-6.59352
13
0.67473
23
-3.43306
33
-6.69136
0
3DFACE
8
C2
10
0.51047
20
-3.55841
30
-6.63679
11
0.48841
21
-3.65850
31
-6.52967
12
0.63220
22
-3.64600
32
-6.48857
13
0.65396
23
-3.54349
33
-6.59352
0
3DFACE
8
C2
10
0.48841
20
-3.65850
30
-6.52967
11
0.46495
21
-3.74740
31
-6.41250
12
0.60929
22
-3.73929
32
-6.37534
13
0.63220
23
-3.64600
33
-6.48857
0
3DFACE
8
C2
10
0.46495
20
-3.74740
30
-6.41250
11
0.44288
21
-3.84750
31
-6.30538
12
0.58775
22
-3.84356
32
-6.27197
13
0.60929
23
-3.73929
33
-6.37534
0
3DFACE
8
C2
10
0.44288
20
-3.84750
30
-6.30538
11
0.42132
21
-3.95155
31
-6.20182
12
0.56671
22
-3.95190
32
-6.17225
13
0.58775
23
-3.84356
33
-6.27197
0
3DFACE
8
C2
10
0.42132
20
-3.95155
30
-6.20182
11
0.39804
21
-4.04198
31
-6.08602
12
0.54385
22
-4.04563
32
-6.05941
13
0.56671
23
-3.95190
33
-6.17225
0
3DFACE
8
C2
10
0.39804
20
-4.04198
30
-6.08602
11
0.37303
21
-4.11846
31
-5.95771
12
0.51914
22
-4.12453
32
-5.93327
13
0.54385
23
-4.04563
33
-6.05941
0
3DFACE
8
C2
10
0.37303
20
-4.11846
30
-5.95771
11
0.34671
21
-4.18450
31
-5.82003
12
0.49289
22
-4.19112
32
-5.79608
13
0.51914
23
-4.12453
33
-5.93327
0
3DFACE
8
C2
10
0.34671
20
-4.18450
30
-5.82003
11
0.32123
21
-4.25736
31
-5.68846
12
0.46735
22
-4.26342
32
-5.66401
13
0.49289
23
-4.19112
33
-5.79608
0
3DFACE
8
C2
10
0.32123
20
-4.25736
30
-5.68846
11
0.29707
21
-4.34065
31
-5.56625
12
0.44291
22
-4.34452
32
-5.53984
13
0.46735
23
-4.26342
33
-5.66401
0
3DFACE
8
C2
10
0.29707
20
-4.34065
30
-5.56625
11
0.27153
21
-4.41295
31
-5.43419
12
0.41716
22
-4.41517
32
-5.40630
13
0.44291
23
-4.34452
33
-5.53984
0
3DFACE
8
C2
10
1.97831
20
2.45772
30
-13.02476
11
1.95573
21
2.36180
31
-12.91389
12
2.10063
22
2.36540
32
-12.88078
13
2.12295
23
2.46341
33
-12.98977
0
3DFACE
8
C2
10
1.95573
20
2.36180
30
-12.91389
11
1.93482
21
2.25247
31
-12.81506
12
2.08017
22
2.25245
32
-12.78520
13
2.10063
23
2.36540
33
-12.88078
0
3DFACE
8
C2
10
1.93482
20
2.25247
30
-12.81506
11
1.91247
21
2.15468
31
-12.70587
12
2.05821
22
2.15158
32
-12.67877
13
2.08017
23
2.25245
33
-12.78520
0
3DFACE
8
C2
10
1.91247
20
2.15468
30
-12.70587
11
1.88981
21
2.05930
31
-12.59452
12
2.03621
22
2.05093
32
-12.57214
13
2.05821
23
2.15158
33
-12.67877
0
3DFACE
8
C2
10
1.88981
20
2.05930
30
-12.59452
11
1.86874
21
1.95129
31
-12.49450
12
2.01557
22
1.93952
32
-12.47518
13
2.03621
23
2.05093
33
-12.57214
0
3DFACE
8
C2
10
1.86874
20
1.95129
30
-12.49450
11
1.84938
21
1.82955
31
-12.40681
12
1.99620
22
1.81789
32
-12.38739
13
2.01557
23
1.93952
33
-12.47518
0
3DFACE
8
C2
10
1.84938
20
1.82955
30
-12.40681
11
1.83389
21
1.67694
31
-12.34682
12
1.98070
22
1.66528
32
-12.32741
13
1.99620
23
1.81789
33
-12.38739
0
3DFACE
8
C2
10
1.83389
20
1.67694
30
-12.34682
11
1.81350
21
1.56344
31
-12.25173
12
1.96041
22
1.55100
32
-12.23301
13
1.98070
23
1.66528
33
-12.32741
0
3DFACE
8
C2
10
1.81350
20
1.56344
30
-12.25173
11
1.79114
21
1.46576
31
-12.14245
12
1.93796
22
1.45398
32
-12.12313
13
1.96041
23
1.55100
33
-12.23301
0
3DFACE
8
C2
10
1.79114
20
1.46576
30
-12.14245
11
1.77019
21
1.35676
31
-12.04332
12
1.91705
22
1.34465
32
-12.02430
13
1.93796
23
1.45398
33
-12.12313
0
3DFACE
8
C2
10
1.77019
20
1.35676
30
-12.04332
11
1.74988
21
1.24260
31
-11.94882
12
1.89650
22
1.23247
32
-11.92803
13
1.91705
23
1.34465
33
-12.02430
0
3DFACE
8
C2
10
1.74988
20
1.24260
30
-11.94882
11
1.73292
21
1.10174
31
-11.87829
12
1.87946
22
1.09227
32
-11.85690
13
1.89650
23
1.23247
33
-11.92803
0
3DFACE
8
C2
10
1.73292
20
1.10174
30
-11.87829
11
1.71101
21
1.00044
31
-11.77225
12
1.85775
22
0.98932
32
-11.75235
13
1.87946
23
1.09227
33
-11.85690
0
3DFACE
8
C2
10
1.71101
20
1.00044
30
-11.77225
11
1.68383
21
0.94121
31
-11.62846
12
1.83093
22
0.92723
32
-11.61111
13
1.85775
23
0.98932
33
-11.75235
0
3DFACE
8
C2
10
1.68383
20
0.94121
30
-11.62846
11
1.65927
21
0.86110
31
-11.50340
12
1.80698
22
0.84229
32
-11.49039
13
1.83093
23
0.92723
33
-11.61111
0
3DFACE
8
C2
10
1.65927
20
0.86110
30
-11.50340
11
1.63429
21
0.78429
31
-11.37538
12
1.78274
22
0.75955
32
-11.36770
13
1.80698
23
0.84229
33
-11.49039
0
3DFACE
8
C2
10
1.63429
20
0.78429
30
-11.37538
11
1.60973
21
0.70419
31
-11.25031
12
1.75848
22
0.67703
32
-11.24480
13
1.78274
23
0.75955
33
-11.36770
0
3DFACE
8
C2
10
1.60973
20
0.70419
30
-11.25031
11
1.58458
21
0.62881
31
-11.12101
12
1.73418
22
0.59484
32
-11.12161
13
1.75848
23
0.67703
33
-11.24480
0
3DFACE
8
C2
10
1.58458
20
0.62881
30
-11.12101
11
1.55577
21
0.58265
31
-10.96548
12
1.70611
22
0.54275
32
-10.97141
13
1.73418
23
0.59484
33
-11.12161
0
3DFACE
8
C2
10
1.55577
20
0.58265
30
-10.96548
11
1.53103
21
0.50397
31
-10.83914
12
1.68204
22
0.45869
32
-10.84990
13
1.70611
23
0.54275
33
-10.97141
0
3DFACE
8
C2
10
1.53103
20
0.50397
30
-10.83914
11
1.50759
21
0.41486
31
-10.72216
12
1.65900
22
0.36639
32
-10.73578
13
1.68204
23
0.45869
33
-10.84990
0
3DFACE
8
C2
10
1.50759
20
0.41486
30
-10.72216
11
1.48518
21
0.31751
31
-10.61258
12
1.63619
22
0.27233
32
-10.62324
13
1.65900
23
0.36639
33
-10.73578
0
3DFACE
8
C2
10
1.48518
20
0.31751
30
-10.61258
11
1.46382
21
0.21181
31
-10.51049
12
1.61477
22
0.16707
32
-10.52076
13
1.63619
23
0.27233
33
-10.62324
0
3DFACE
8
C2
10
1.46382
20
0.21181
30
-10.51049
11
1.44234
21
0.10709
31
-10.40752
12
1.59356
22
0.06016
32
-10.41975
13
1.61477
23
0.16707
33
-10.52076
0
3DFACE
8
C2
10
1.44234
20
0.10709
30
-10.40752
11
1.42140
21
-0.00202
31
-10.30849
12
1.57231
22
-0.04642
32
-10.31845
13
1.59356
23
0.06016
33
-10.41975
0
3DFACE
8
C2
10
1.42140
20
-0.00202
30
-10.30849
11
1.40060
21
-0.11222
31
-10.21044
12
1.55105
22
-0.15300
32
-10.21716
13
1.57231
23
-0.04642
33
-10.31845
0
3DFACE
8
C2
10
1.40060
20
-0.11222
30
-10.21044
11
1.38031
21
-0.22649
31
-10.11604
12
1.52988
22
-0.26024
32
-10.11645
13
1.55105
23
-0.15300
33
-10.21716
0
3DFACE
8
C2
10
1.38031
20
-0.22649
30
-10.11604
11
1.35914
21
-0.33373
31
-10.01533
12
1.50830
22
-0.36418
32
-10.01278
13
1.52988
23
-0.26024
33
-10.11645
0
3DFACE
8
C2
10
1.35914
20
-0.33373
30
-10.01533
11
1.33775
21
-0.43921
31
-9.91305
12
1.48716
22
-0.47164
32
-9.91227
13
1.50830
23
-0.36418
33
-10.01278
0
3DFACE
8
C2
10
1.33775
20
-0.43921
30
-9.91305
11
1.31570
21
-0.53942
31
-9.80603
12
1.46484
22
-0.56966
32
-9.80328
13
1.48716
23
-0.47164
33
-9.91227
0
3DFACE
8
C2
10
1.31570
20
-0.53942
30
-9.80603
11
1.29308
21
-0.63502
31
-9.69487
12
1.44203
22
-0.66382
32
-9.69084
13
1.46484
23
-0.56966
33
-9.80328
0
3DFACE
8
C2
10
1.29308
20
-0.63502
30
-9.69487
11
1.27034
21
-0.72973
31
-9.58292
12
1.41871
22
-0.75381
32
-9.57465
13
1.44203
23
-0.66382
33
-9.69084
0
3DFACE
8
C2
10
1.27034
20
-0.72973
30
-9.58292
11
1.24693
21
-0.81907
31
-9.46614
12
1.39523
22
-0.84260
32
-9.45738
13
1.41871
23
-0.75381
33
-9.57465
0
3DFACE
8
C2
10
1.24693
20
-0.81907
30
-9.46614
11
1.22264
21
-0.90137
31
-9.34305
12
1.37137
22
-0.92830
32
-9.33735
13
1.39523
23
-0.84260
33
-9.45738
0
3DFACE
8
C2
10
1.22264
20
-0.90137
30
-9.34305
11
1.19878
21
-0.98707
31
-9.22302
12
1.34753
22
-1.01423
32
-9.21751
13
1.37137
23
-0.92830
33
-9.33735
0
3DFACE
8
C2
10
1.19878
20
-0.98707
30
-9.22302
11
1.17482
21
-1.07201
31
-9.10230
12
1.32363
22
-1.09961
32
-9.09718
13
1.34753
23
-1.01423
33
-9.21751
0
3DFACE
8
C2
10
1.17482
20
-1.07201
30
-9.10230
11
1.15051
21
-1.15409
31
-8.97901
12
1.29901
22
-1.17927
32
-8.97172
13
1.32363
23
-1.09961
33
-9.09718
0
3DFACE
8
C2
10
1.15051
20
-1.15409
30
-8.97901
11
1.12745
21
-1.24628
31
-8.86479
12
1.27597
22
-1.27157
32
-8.85761
13
1.29901
23
-1.17927
33
-8.97172
0
3DFACE
8
C2
10
1.12745
20
-1.24628
30
-8.86479
11
1.10459
21
-1.34001
31
-8.75196
12
1.25343
22
-1.36783
32
-8.74704
13
1.27597
23
-1.27157
33
-8.85761
0
3DFACE
8
C2
10
1.10459
20
-1.34001
30
-8.75196
11
1.08239
21
-1.43901
31
-8.64386
12
1.23120
22
-1.46661
32
-8.63874
13
1.25343
23
-1.36783
33
-8.74704
0
3DFACE
8
C2
10
1.08239
20
-1.43901
30
-8.64386
11
1.06057
21
-1.54098
31
-8.53842
12
1.20929
22
-1.56791
32
-8.53271
13
1.23120
23
-1.46661
33
-8.63874
0
3DFACE
8
C2
10
1.06057
20
-1.54098
30
-8.53842
11
1.03841
21
-1.64031
31
-8.43061
12
1.18692
22
-1.66560
32
-8.42342
13
1.20929
23
-1.56791
33
-8.53271
0
3DFACE
8
C2
10
1.03841
20
-1.64031
30
-8.43061
11
1.01733
21
-1.74832
31
-8.33059
12
1.16548
22
-1.77064
32
-8.32074
13
1.18692
23
-1.66560
33
-8.42342
0
3DFACE
8
C2
10
1.01733
20
-1.74832
30
-8.33059
11
0.99663
21
-1.85929
31
-8.23324
12
1.14472
22
-1.88117
32
-8.22299
13
1.16548
23
-1.77064
33
-8.32074
0
3DFACE
8
C2
10
0.99663
20
-1.85929
30
-8.23324
11
0.97451
21
-1.95895
31
-8.12573
12
1.12223
22
-1.97787
32
-8.11282
13
1.14472
23
-1.88117
33
-8.22299
0
3DFACE
8
C2
10
0.97451
20
-1.95895
30
-8.12573
11
0.95147
21
-2.05125
31
-8.01161
12
1.09902
22
-2.06874
32
-7.99742
13
1.12223
23
-1.97787
33
-8.11282
0
3DFACE
8
C2
10
0.95147
20
-2.05125
30
-8.01161
11
0.92625
21
-2.12608
31
-7.88181
12
1.07349
22
-2.14115
32
-7.86546
13
1.09902
23
-2.06874
33
-7.99742
0
3DFACE
8
C2
10
0.92625
20
-2.12608
30
-7.88181
11
0.90323
21
-2.21849
31
-7.76779
12
1.04996
22
-2.22950
32
-7.74779
13
1.07349
23
-2.14115
33
-7.86546
0
3DFACE
8
C2
10
0.90323
20
-2.21849
30
-7.76779
11
0.88162
21
-2.32221
31
-7.66393
12
1.02762
22
-2.32740
32
-7.63870
13
1.04996
23
-2.22950
33
-7.74779
0
3DFACE
8
C2
10
0.88162
20
-2.32221
30
-7.66393
11
0.85987
21
-2.42484
31
-7.55908
12
1.00497
22
-2.42277
32
-7.52734
13
1.02762
23
-2.32740
33
-7.63870
0
3DFACE
8
C2
10
0.85987
20
-2.42484
30
-7.55908
11
0.83859
21
-2.53120
31
-7.45759
12
0.98282
22
-2.52221
32
-7.41964
13
1.00497
23
-2.42277
33
-7.52734
0
3DFACE
8
C2
10
0.83859
20
-2.53120
30
-7.45759
11
0.81720
21
-2.63668
31
-7.35530
12
0.96132
22
-2.62682
32
-7.31656
13
0.98282
23
-2.52221
33
-7.41964
0
3DFACE
8
C2
10
0.81720
20
-2.63668
30
-7.35530
11
0.79712
21
-2.75260
31
-7.26238
12
0.94032
22
-2.73537
32
-7.21704
13
0.96132
23
-2.62682
33
-7.31656
0
3DFACE
8
C2
10
0.79712
20
-2.75260
30
-7.26238
11
0.77933
21
-2.88687
31
-7.18593
12
0.92173
22
-2.86327
32
-7.13487
13
0.94032
23
-2.73537
33
-7.21704
0
3DFACE
8
C2
10
0.77933
20
-2.88687
30
-7.18593
11
0.75926
21
-3.00289
31
-7.09311
12
0.90119
22
-2.97556
32
-7.03869
13
0.92173
23
-2.86327
33
-7.13487
0
3DFACE
8
C2
10
0.75926
20
-3.00289
30
-7.09311
11
0.73835
21
-3.11222
31
-6.99428
12
0.88019
22
-3.08412
32
-6.93917
13
0.90119
23
-2.97556
33
-7.03869
0
3DFACE
8
C2
10
0.73835
20
-3.11222
30
-6.99428
11
0.71600
21
-3.21001
31
-6.88509
12
0.85813
22
-3.18422
32
-6.83205
13
0.88019
23
-3.08412
33
-6.93917
0
3DFACE
8
C2
10
0.71600
20
-3.21001
30
-6.88509
11
0.69473
21
-3.31648
31
-6.78369
12
0.83697
22
-3.29157
32
-6.73144
13
0.85813
23
-3.18422
33
-6.83205
0
3DFACE
8
C2
10
0.69473
20
-3.31648
30
-6.78369
11
0.67473
21
-3.43306
31
-6.69136
12
0.81634
22
-3.40309
32
-6.63458
13
0.83697
23
-3.29157
33
-6.73144
0
3DFACE
8
C2
10
0.67473
20
-3.43306
30
-6.69136
11
0.65396
21
-3.54349
31
-6.59352
12
0.79581
22
-3.51549
32
-6.53851
13
0.81634
23
-3.40309
33
-6.63458
0
3DFACE
8
C2
10
0.65396
20
-3.54349
30
-6.59352
11
0.63220
21
-3.64600
31
-6.48857
12
0.77456
22
-3.62208
32
-6.43721
13
0.79581
23
-3.51549
33
-6.53851
0
3DFACE
8
C2
10
0.63220
20
-3.64600
30
-6.48857
11
0.60929
21
-3.73929
31
-6.37534
12
0.75243
22
-3.72162
32
-6.32960
13
0.77456
23
-3.62208
33
-6.43721
0
3DFACE
8
C2
10
0.60929
20
-3.73929
30
-6.37534
11
0.58775
21
-3.84356
31
-6.27197
12
0.73132
22
-3.82930
32
-6.22929
13
0.75243
23
-3.72162
33
-6.32960
0
3DFACE
8
C2
10
0.58775
20
-3.84356
30
-6.27197
11
0.56671
21
-3.95190
31
-6.17225
12
0.71060
22
-3.94017
32
-6.13183
13
0.73132
23
-3.82930
33
-6.22929
0
3DFACE
8
C2
10
0.56671
20
-3.95190
30
-6.17225
11
0.54385
21
-4.04563
31
-6.05941
12
0.68822
22
-4.03774
32
-6.02245
13
0.71060
23
-3.94017
33
-6.13183
0
3DFACE
8
C2
10
0.54385
20
-4.04563
30
-6.05941
11
0.51914
21
-4.12453
31
-5.93327
12
0.66390
22
-4.11982
32
-5.89916
13
0.68822
23
-4.03774
33
-6.02245
0
3DFACE
8
C2
10
0.51914
20
-4.12453
30
-5.93327
11
0.49289
21
-4.19112
31
-5.79608
12
0.63805
22
-4.18960
32
-5.76483
13
0.66390
23
-4.11982
33
-5.89916
0
3DFACE
8
C2
10
0.49289
20
-4.19112
30
-5.79608
11
0.46735
21
-4.26342
31
-5.66401
12
0.61263
22
-4.26289
32
-5.63365
13
0.63805
23
-4.18960
33
-5.76483
0
3DFACE
8
C2
10
0.46735
20
-4.26342
30
-5.66401
11
0.44291
21
-4.34452
31
-5.53984
12
0.58789
22
-4.34157
32
-5.50731
13
0.61263
23
-4.26289
33
-5.63365
0
3DFACE
8
C2
10
0.44291
20
-4.34452
30
-5.53984
11
0.41716
21
-4.41517
31
-5.40630
12
0.56218
22
-4.41245
32
-5.37397
13
0.58789
23
-4.34157
33
-5.50731
0
3DFACE
8
C2
10
2.12295
20
2.46341
30
-12.98977
11
2.10063
21
2.36540
31
-12.88078
12
2.24780
22
2.35088
32
-12.86393
13
2.27000
23
2.44988
33
-12.97203
0
3DFACE
8
C2
10
2.10063
20
2.36540
30
-12.88078
11
2.08017
21
2.25245
31
-12.78520
12
2.22736
22
2.23782
32
-12.76844
13
2.24780
23
2.35088
33
-12.86393
0
3DFACE
8
C2
10
2.08017
20
2.25245
30
-12.78520
11
2.05821
21
2.15158
31
-12.67877
12
2.20567
22
2.13475
32
-12.66399
13
2.22736
23
2.23782
33
-12.76844
0
3DFACE
8
C2
10
2.05821
20
2.15158
30
-12.67877
11
2.03621
21
2.05093
31
-12.57214
12
2.18417
22
2.03015
32
-12.56091
13
2.20567
23
2.13475
33
-12.66399
0
3DFACE
8
C2
10
2.03621
20
2.05093
30
-12.57214
11
2.01557
21
1.93952
31
-12.47518
12
2.16390
22
1.91566
32
-12.46671
13
2.18417
23
2.03015
33
-12.56091
0
3DFACE
8
C2
10
2.01557
20
1.93952
30
-12.47518
11
1.99620
21
1.81789
31
-12.38739
12
2.14463
22
1.79326
32
-12.37961
13
2.16390
23
1.91566
33
-12.46671
0
3DFACE
8
C2
10
1.99620
20
1.81789
30
-12.38739
11
1.98070
21
1.66528
31
-12.32741
12
2.12876
22
1.64361
32
-12.31697
13
2.14463
23
1.79326
33
-12.37961
0
3DFACE
8
C2
10
1.98070
20
1.66528
30
-12.32741
11
1.96041
21
1.55100
31
-12.23301
12
2.10879
22
1.52681
32
-12.22484
13
2.12876
23
1.64361
33
-12.31697
0
3DFACE
8
C2
10
1.96041
20
1.55100
30
-12.23301
11
1.93796
21
1.45398
31
-12.12313
12
2.08695
22
1.42496
32
-12.11930
13
2.10879
23
1.52681
33
-12.22484
0
3DFACE
8
C2
10
1.93796
20
1.45398
30
-12.12313
11
1.91705
21
1.34465
31
-12.02430
12
2.06638
22
1.31288
32
-12.02293
13
2.08695
23
1.42496
33
-12.11930
0
3DFACE
8
C2
10
1.91705
20
1.34465
30
-12.02430
11
1.89650
21
1.23247
31
-11.92803
12
2.04584
22
1.20059
32
-11.92676
13
2.06638
23
1.31288
33
-12.02293
0
3DFACE
8
C2
10
1.89650
20
1.23247
30
-11.92803
11
1.87946
21
1.09227
31
-11.85690
12
2.02823
22
1.06490
32
-11.85159
13
2.04584
23
1.20059
33
-11.92676
0
3DFACE
8
C2
10
1.87946
20
1.09227
30
-11.85690
11
1.85775
21
0.98932
31
-11.75235
12
2.00679
22
0.95986
32
-11.74891
13
2.02823
23
1.06490
33
-11.85159
0
3DFACE
8
C2
10
1.85775
20
0.98932
30
-11.75235
11
1.83093
21
0.92723
31
-11.61111
12
1.98089
22
0.89041
32
-11.61428
13
2.00679
23
0.95986
33
-11.74891
0
3DFACE
8
C2
10
1.83093
20
0.92723
30
-11.61111
11
1.80698
21
0.84229
31
-11.49039
12
1.95732
22
0.80239
32
-11.49632
13
1.98089
23
0.89041
33
-11.61428
0
3DFACE
8
C2
10
1.80698
20
0.84229
30
-11.49039
11
1.78274
21
0.75955
31
-11.36770
12
1.93328
22
0.71811
32
-11.37500
13
1.95732
23
0.80239
33
-11.49632
0
3DFACE
8
C2
10
1.78274
20
0.75955
30
-11.36770
11
1.75848
21
0.67703
31
-11.24480
12
1.90874
22
0.63779
32
-11.25014
13
1.93328
23
0.71811
33
-11.37500
0
3DFACE
8
C2
10
1.75848
20
0.67703
30
-11.24480
11
1.73418
21
0.59484
31
-11.12161
12
1.88465
22
0.55395
32
-11.12843
13
1.90874
23
0.63779
33
-11.25014
0
3DFACE
8
C2
10
1.73418
20
0.59484
30
-11.12161
11
1.70611
21
0.54275
31
-10.97141
12
1.85744
22
0.49494
32
-10.98443
13
1.88465
23
0.55395
33
-11.12843
0
3DFACE
8
C2
10
1.70611
20
0.54275
30
-10.97141
11
1.68204
21
0.45869
31
-10.84990
12
1.83350
22
0.40989
32
-10.86381
13
1.85744
23
0.49494
33
-10.98443
0
3DFACE
8
C2
10
1.68204
20
0.45869
30
-10.84990
11
1.65900
21
0.36639
31
-10.73578
12
1.81024
22
0.31935
32
-10.74811
13
1.83350
23
0.40989
33
-10.86381
0
3DFACE
8
C2
10
1.65900
20
0.36639
30
-10.73578
11
1.63619
21
0.27233
31
-10.62324
12
1.78672
22
0.23089
32
-10.63055
13
1.81024
23
0.31935
33
-10.74811
0
3DFACE
8
C2
10
1.63619
20
0.27233
30
-10.62324
11
1.61477
21
0.16707
31
-10.52076
12
1.76495
22
0.12849
32
-10.52550
13
1.78672
23
0.23089
33
-10.63055
0
3DFACE
8
C2
10
1.61477
20
0.16707
30
-10.52076
11
1.59356
21
0.06016
31
-10.41975
12
1.74381
22
0.02103
32
-10.42499
13
1.76495
23
0.12849
33
-10.52550
0
3DFACE
8
C2
10
1.59356
20
0.06016
30
-10.41975
11
1.57231
21
-0.04642
31
-10.31845
12
1.72222
22
-0.08292
32
-10.32132
13
1.74381
23
0.02103
33
-10.42499
0
3DFACE
8
C2
10
1.57231
20
-0.04642
30
-10.31845
11
1.55105
21
-0.15300
31
-10.21716
12
1.70048
22
-0.18554
32
-10.21648
13
1.72222
23
-0.08292
33
-10.32132
0
3DFACE
8
C2
10
1.55105
20
-0.15300
30
-10.21716
11
1.52988
21
-0.26024
31
-10.11645
12
1.67855
22
-0.28674
32
-10.11034
13
1.70048
23
-0.18554
33
-10.21648
0
3DFACE
8
C2
10
1.52988
20
-0.26024
30
-10.11645
11
1.50830
21
-0.36418
31
-10.01278
12
1.65665
22
-0.38816
32
-10.00441
13
1.67855
23
-0.28674
33
-10.11034
0
3DFACE
8
C2
10
1.50830
20
-0.36418
30
-10.01278
11
1.48716
21
-0.47164
31
-9.91227
12
1.63568
22
-0.49693
32
-9.90508
13
1.65665
23
-0.38816
33
-10.00441
0
3DFACE
8
C2
10
1.48716
20
-0.47164
30
-9.91227
11
1.46484
21
-0.56966
31
-9.80328
12
1.61327
22
-0.59429
32
-9.79550
13
1.63568
23
-0.49693
33
-9.90508
0
3DFACE
8
C2
10
1.46484
20
-0.56966
30
-9.80328
11
1.44203
21
-0.66382
31
-9.69084
12
1.59033
22
-0.68735
32
-9.68208
13
1.61327
23
-0.59429
33
-9.79550
0
3DFACE
8
C2
10
1.44203
20
-0.66382
30
-9.69084
11
1.41871
21
-0.75381
31
-9.57465
12
1.56658
22
-0.77394
32
-9.56283
13
1.59033
23
-0.68735
33
-9.68208
0
3DFACE
8
C2
10
1.41871
20
-0.75381
30
-9.57465
11
1.39523
21
-0.84260
31
-9.45738
12
1.54303
22
-0.86217
32
-9.44507
13
1.56658
23
-0.77394
33
-9.56283
0
3DFACE
8
C2
10
1.39523
20
-0.84260
30
-9.45738
11
1.37137
21
-0.92830
31
-9.33735
12
1.51952
22
-0.95074
32
-9.32760
13
1.54303
23
-0.86217
33
-9.44507
0
3DFACE
8
C2
10
1.37137
20
-0.92830
30
-9.33735
11
1.34753
21
-1.01423
31
-9.21751
12
1.49581
22
-1.03765
32
-9.20865
13
1.51952
23
-0.95074
33
-9.32760
0
3DFACE
8
C2
10
1.34753
20
-1.01423
30
-9.21751
11
1.32363
21
-1.09961
31
-9.09718
12
1.47195
22
-1.12336
32
-9.08861
13
1.49581
23
-1.03765
33
-9.20865
0
3DFACE
8
C2
10
1.32363
20
-1.09961
30
-9.09718
11
1.29901
21
-1.17927
31
-8.97172
12
1.44718
22
-1.20182
32
-8.96207
13
1.47195
23
-1.12336
33
-9.08861
0
3DFACE
8
C2
10
1.29901
20
-1.17927
30
-8.97172
11
1.27597
21
-1.27157
31
-8.85761
12
1.42402
22
-1.29313
32
-8.84707
13
1.44718
23
-1.20182
33
-8.96207
0
3DFACE
8
C2
10
1.27597
20
-1.27157
30
-8.85761
11
1.25343
21
-1.36783
31
-8.74704
12
1.40167
22
-1.39092
32
-8.73788
13
1.42402
23
-1.29313
33
-8.84707
0
3DFACE
8
C2
10
1.25343
20
-1.36783
30
-8.74704
11
1.23120
21
-1.46661
31
-8.63874
12
1.37937
22
-1.48915
32
-8.62909
13
1.40167
23
-1.39092
33
-8.73788
0
3DFACE
8
C2
10
1.23120
20
-1.46661
30
-8.63874
11
1.20929
21
-1.56791
31
-8.53271
12
1.35735
22
-1.58958
32
-8.52227
13
1.37937
23
-1.48915
33
-8.62909
0
3DFACE
8
C2
10
1.20929
20
-1.56791
30
-8.53271
11
1.18692
21
-1.66560
31
-8.42342
12
1.33488
22
-1.68638
32
-8.41219
13
1.35735
23
-1.58958
33
-8.52227
0
3DFACE
8
C2
10
1.18692
20
-1.66560
30
-8.42342
11
1.16548
21
-1.77064
31
-8.32074
12
1.31302
22
-1.78813
32
-8.30655
13
1.33488
23
-1.68638
33
-8.41219
0
3DFACE
8
C2
10
1.16548
20
-1.77064
30
-8.32074
11
1.14472
21
-1.88117
31
-8.22299
12
1.29193
22
-1.89603
32
-8.20644
13
1.31302
23
-1.78813
33
-8.30655
0
3DFACE
8
C2
10
1.14472
20
-1.88117
30
-8.22299
11
1.12223
21
-1.97787
31
-8.11282
12
1.26907
22
-1.98975
32
-8.09360
13
1.29193
23
-1.89603
33
-8.20644
0
3DFACE
8
C2
10
1.12223
20
-1.97787
30
-8.11282
11
1.09902
21
-2.06874
31
-7.99742
12
1.24555
22
-2.07821
32
-7.97603
13
1.26907
23
-1.98975
33
-8.09360
0
3DFACE
8
C2
10
1.09902
20
-2.06874
30
-7.99742
11
1.07349
21
-2.14115
31
-7.86546
12
1.21986
22
-2.14930
32
-7.84289
13
1.24555
23
-2.07821
33
-7.97603
0
3DFACE
8
C2
10
1.07349
20
-2.14115
30
-7.86546
11
1.04996
21
-2.22950
31
-7.74779
12
1.19578
22
-2.23325
32
-7.72128
13
1.21986
23
-2.14930
33
-7.84289
0
3DFACE
8
C2
10
1.04996
20
-2.22950
30
-7.74779
11
1.02762
21
-2.32740
31
-7.63870
12
1.17256
22
-2.32413
32
-7.60588
13
1.19578
23
-2.23325
33
-7.72128
0
3DFACE
8
C2
10
1.02762
20
-2.32740
30
-7.63870
11
1.00497
21
-2.42277
31
-7.52734
12
1.14929
22
-2.41456
32
-7.49008
13
1.17256
23
-2.32413
33
-7.60588
0
3DFACE
8
C2
10
1.00497
20
-2.42277
30
-7.52734
11
0.98282
21
-2.52221
31
-7.41964
12
1.12675
22
-2.51081
32
-7.37952
13
1.14929
23
-2.41456
33
-7.49008
0
3DFACE
8
C2
10
0.98282
20
-2.52221
30
-7.41964
11
0.96132
21
-2.62682
31
-7.31656
12
1.10540
22
-2.61662
32
-7.27753
13
1.12675
23
-2.51081
33
-7.37952
0
3DFACE
8
C2
10
0.96132
20
-2.62682
30
-7.31656
11
0.94032
21
-2.73537
31
-7.21704
12
1.08398
22
-2.72188
32
-7.17504
13
1.10540
23
-2.61662
33
-7.27753
0
3DFACE
8
C2
10
0.94032
20
-2.73537
30
-7.21704
11
0.92173
21
-2.86327
31
-7.13487
12
1.06472
22
-2.84439
32
-7.08804
13
1.08398
23
-2.72188
33
-7.17504
0
3DFACE
8
C2
10
0.92173
20
-2.86327
30
-7.13487
11
0.90119
21
-2.97556
31
-7.03869
12
1.04383
22
-2.95383
32
-6.98931
13
1.06472
23
-2.84439
33
-7.08804
0
3DFACE
8
C2
10
0.90119
20
-2.97556
30
-7.03869
11
0.88019
21
-3.08412
31
-6.93917
12
1.02273
22
-3.06162
32
-6.88909
13
1.04383
23
-2.95383
33
-6.98931
0
3DFACE
8
C2
10
0.88019
20
-3.08412
30
-6.93917
11
0.85813
21
-3.18422
31
-6.83205
12
1.00106
22
-3.16490
32
-6.78483
13
1.02273
23
-3.06162
33
-6.88909
0
3DFACE
8
C2
10
0.85813
20
-3.18422
30
-6.83205
11
0.83697
21
-3.29157
31
-6.73144
12
0.97973
22
-3.27083
32
-6.68294
13
1.00106
23
-3.16490
33
-6.78483
0
3DFACE
8
C2
10
0.83697
20
-3.29157
30
-6.73144
11
0.81634
21
-3.40309
31
-6.63458
12
0.95822
22
-3.37532
32
-6.57977
13
0.97973
23
-3.27083
33
-6.68294
0
3DFACE
8
C2
10
0.81634
20
-3.40309
30
-6.63458
11
0.79581
21
-3.51549
31
-6.53851
12
0.93746
22
-3.48585
32
-6.48202
13
0.95822
23
-3.37532
33
-6.57977
0
3DFACE
8
C2
10
0.79581
20
-3.51549
30
-6.53851
11
0.77456
21
-3.62208
31
-6.43721
12
0.91646
22
-3.59441
32
-6.38250
13
0.93746
23
-3.48585
33
-6.48202
0
3DFACE
8
C2
10
0.77456
20
-3.62208
30
-6.43721
11
0.75243
21
-3.72162
31
-6.32960
12
0.89529
22
-3.70165
32
-6.28179
13
0.91646
23
-3.59441
33
-6.38250
0
3DFACE
8
C2
10
0.75243
20
-3.72162
30
-6.32960
11
0.73132
21
-3.82930
31
-6.22929
12
0.87435
22
-3.81076
32
-6.18276
13
0.89529
23
-3.70165
33
-6.28179
0
3DFACE
8
C2
10
0.73132
20
-3.82930
30
-6.22929
11
0.71060
21
-3.94017
31
-6.13183
12
0.85333
22
-3.91921
32
-6.08313
13
0.87435
23
-3.81076
33
-6.18276
0
3DFACE
8
C2
10
0.71060
20
-3.94017
30
-6.13183
11
0.68822
21
-4.03774
31
-6.02245
12
0.83106
22
-4.01766
32
-5.97454
13
0.85333
23
-3.91921
33
-6.08313
0
3DFACE
8
C2
10
0.68822
20
-4.03774
30
-6.02245
11
0.66390
21
-4.11982
31
-5.89916
12
0.80725
22
-4.10381
32
-5.85490
13
0.83106
23
-4.01766
33
-5.97454
0
3DFACE
8
C2
10
0.66390
20
-4.11982
30
-5.89916
11
0.63805
21
-4.18960
31
-5.76483
12
0.78202
22
-4.17853
32
-5.72501
13
0.80725
23
-4.10381
33
-5.85490
0
3DFACE
8
C2
10
0.63805
20
-4.18960
30
-5.76483
11
0.61263
21
-4.26289
31
-5.63365
12
0.75684
22
-4.25369
32
-5.59551
13
0.78202
23
-4.17853
33
-5.72501
0
3DFACE
8
C2
10
0.61263
20
-4.26289
30
-5.63365
11
0.58789
21
-4.34157
31
-5.50731
12
0.73171
22
-4.32929
32
-5.46640
13
0.75684
23
-4.25369
33
-5.59551
0
3DFACE
8
C2
10
0.58789
20
-4.34157
30
-5.50731
11
0.56218
21
-4.41245
31
-5.37397
12
0.70635
22
-4.40302
32
-5.33562
13
0.73171
23
-4.32929
33
-5.46640
0
3DFACE
8
C2
10
2.27000
20
2.44988
30
-12.97203
11
2.24780
21
2.35088
31
-12.86393
12
2.39781
22
2.31361
32
-12.86749
13
2.41994
23
2.41316
33
-12.97510
0
3DFACE
8
C2
10
2.24780
20
2.35088
30
-12.86393
11
2.22736
21
2.23782
31
-12.76844
12
2.37755
22
2.19912
32
-12.77329
13
2.39781
23
2.31361
33
-12.86749
0
3DFACE
8
C2
10
2.22736
20
2.23782
30
-12.76844
11
2.20567
21
2.13475
31
-12.66399
12
2.35608
22
2.09430
32
-12.67041
13
2.37755
23
2.19912
33
-12.77329
0
3DFACE
8
C2
10
2.20567
20
2.13475
30
-12.66399
11
2.18417
21
2.03015
31
-12.56091
12
2.33489
22
1.98717
32
-12.56960
13
2.35608
23
2.09430
33
-12.67041
0
3DFACE
8
C2
10
2.18417
20
2.03015
30
-12.56091
11
2.16390
21
1.91566
31
-12.46671
12
2.31518
22
1.86829
32
-12.47935
13
2.33489
23
1.98717
33
-12.56960
0
3DFACE
8
C2
10
2.16390
20
1.91566
30
-12.46671
11
2.14463
21
1.79326
31
-12.37961
12
2.29650
22
1.74116
32
-12.39649
13
2.31518
23
1.86829
33
-12.47935
0
3DFACE
8
C2
10
2.14463
20
1.79326
30
-12.37961
11
2.12876
21
1.64361
31
-12.31697
12
2.27984
22
1.59789
32
-12.32812
13
2.29650
23
1.74116
33
-12.39649
0
3DFACE
8
C2
10
2.12876
20
1.64361
30
-12.31697
11
2.10879
21
1.52681
31
-12.22484
12
2.26048
22
1.47615
32
-12.24043
13
2.27984
23
1.59789
33
-12.32812
0
3DFACE
8
C2
10
2.10879
20
1.52681
30
-12.22484
11
2.08695
21
1.42496
31
-12.11930
12
2.23917
22
1.37001
32
-12.13873
13
2.26048
23
1.47615
33
-12.24043
0
3DFACE
8
C2
10
2.08695
20
1.42496
30
-12.11930
11
2.06638
21
1.31288
31
-12.02293
12
2.21912
22
1.25387
32
-12.04601
13
2.23917
23
1.37001
33
-12.13873
0
3DFACE
8
C2
10
2.06638
20
1.31288
30
-12.02293
11
2.04584
21
1.20059
31
-11.92676
12
2.19903
22
1.13795
32
-11.95309
13
2.21912
23
1.25387
33
-12.04601
0
3DFACE
8
C2
10
2.04584
20
1.20059
30
-11.92676
11
2.02823
21
1.06490
31
-11.85159
12
2.18032
22
1.01104
32
-11.87003
13
2.19903
23
1.13795
33
-11.95309
0
3DFACE
8
C2
10
2.02823
20
1.06490
30
-11.85159
11
2.00679
21
0.95986
31
-11.74891
12
2.15906
22
0.90457
32
-11.76864
13
2.18032
23
1.01104
33
-11.87003
0
3DFACE
8
C2
10
2.00679
20
0.95986
30
-11.74891
11
1.98089
21
0.89041
31
-11.61428
12
2.13459
22
0.82370
32
-11.64426
13
2.15906
23
0.90457
33
-11.76864
0
3DFACE
8
C2
10
1.98089
20
0.89041
30
-11.61428
11
1.95732
21
0.80239
31
-11.49632
12
2.11093
22
0.73635
32
-11.52571
13
2.13459
23
0.82370
33
-11.64426
0
3DFACE
8
C2
10
1.95732
20
0.80239
30
-11.49632
11
1.93328
21
0.71811
31
-11.37500
12
2.08662
22
0.65426
32
-11.40242
13
2.11093
23
0.73635
33
-11.52571
0
3DFACE
8
C2
10
1.93328
20
0.71811
30
-11.37500
11
1.90874
21
0.63779
31
-11.25014
12
2.06128
22
0.58031
32
-11.27184
13
2.08662
23
0.65426
33
-11.40242
0
3DFACE
8
C2
10
1.90874
20
0.63779
30
-11.25014
11
1.88465
21
0.55395
31
-11.12843
12
2.03669
22
0.50043
32
-11.14658
13
2.06128
23
0.58031
33
-11.27184
0
3DFACE
8
C2
10
1.88465
20
0.55395
30
-11.12843
11
1.85744
21
0.49494
31
-10.98443
12
2.01023
22
0.43548
32
-11.00791
13
2.03669
23
0.50043
33
-11.14658
0
3DFACE
8
C2
10
1.85744
20
0.49494
30
-10.98443
11
1.83350
21
0.40989
31
-10.86381
12
1.98559
22
0.35604
32
-10.88226
13
2.01023
23
0.43548
33
-11.00791
0
3DFACE
8
C2
10
1.83350
20
0.40989
30
-10.86381
11
1.81024
21
0.31935
31
-10.74811
12
1.96159
22
0.27143
32
-10.76124
13
1.98559
23
0.35604
33
-10.88226
0
3DFACE
8
C2
10
1.81024
20
0.31935
30
-10.74811
11
1.78672
21
0.23089
31
-10.63055
12
1.93713
22
0.19044
32
-10.63697
13
1.96159
23
0.27143
33
-10.76124
0
3DFACE
8
C2
10
1.78672
20
0.23089
30
-10.63055
11
1.76495
21
0.12849
31
-10.52550
12
1.91470
22
0.09331
32
-10.52719
13
1.93713
23
0.19044
33
-10.63697
0
3DFACE
8
C2
10
1.76495
20
0.12849
30
-10.52550
11
1.74381
21
0.02103
31
-10.42499
12
1.89344
22
-0.01316
32
-10.42579
13
1.91470
23
0.09331
33
-10.52719
0
3DFACE
8
C2
10
1.74381
20
0.02103
30
-10.42499
11
1.72222
21
-0.08292
31
-10.32132
12
1.87135
22
-0.11304
32
-10.31848
13
1.89344
23
-0.01316
33
-10.42579
0
3DFACE
8
C2
10
1.72222
20
-0.08292
30
-10.32132
11
1.70048
21
-0.18554
31
-10.21648
12
1.84919
22
-0.21237
32
-10.21067
13
1.87135
23
-0.11304
33
-10.31848
0
3DFACE
8
C2
10
1.70048
20
-0.18554
30
-10.21648
11
1.67855
21
-0.28674
31
-10.11034
12
1.82651
22
-0.30752
32
-10.09911
13
1.84919
23
-0.21237
33
-10.21067
0
3DFACE
8
C2
10
1.67855
20
-0.28674
30
-10.11034
11
1.65665
21
-0.38816
31
-10.00441
12
1.80443
22
-0.40751
32
-9.99190
13
1.82651
23
-0.30752
33
-10.09911
0
3DFACE
8
C2
10
1.65665
20
-0.38816
30
-10.00441
11
1.63568
21
-0.49693
31
-9.90508
12
1.78353
22
-0.51695
32
-9.89316
13
1.80443
23
-0.40751
33
-9.99190
0
3DFACE
8
C2
10
1.63568
20
-0.49693
30
-9.90508
11
1.61327
21
-0.59429
31
-9.79550
12
1.76114
22
-0.61441
32
-9.78368
13
1.78353
23
-0.51695
33
-9.89316
0
3DFACE
8
C2
10
1.61327
20
-0.59429
30
-9.79550
11
1.59033
21
-0.68735
31
-9.68208
12
1.73824
22
-0.70781
32
-9.67055
13
1.76114
23
-0.61441
33
-9.78368
0
3DFACE
8
C2
10
1.59033
20
-0.68735
30
-9.68208
11
1.56658
21
-0.77394
31
-9.56283
12
1.71421
22
-0.79220
32
-9.54933
13
1.73824
23
-0.70781
33
-9.67055
0
3DFACE
8
C2
10
1.56658
20
-0.77394
30
-9.56283
11
1.54303
21
-0.86217
31
-9.44507
12
1.69068
22
-0.88054
32
-9.43167
13
1.71421
23
-0.79220
33
-9.54933
0
3DFACE
8
C2
10
1.54303
20
-0.86217
30
-9.44507
11
1.51952
21
-0.95074
31
-9.32760
12
1.66764
22
-0.97284
32
-9.31755
13
1.69068
23
-0.88054
33
-9.43167
0
3DFACE
8
C2
10
1.51952
20
-0.95074
30
-9.32760
11
1.49581
21
-1.03765
31
-9.20865
12
1.64397
22
-1.06009
32
-9.19890
13
1.66764
23
-0.97284
33
-9.31755
0
3DFACE
8
C2
10
1.49581
20
-1.03765
30
-9.20865
11
1.47195
21
-1.12336
31
-9.08861
12
1.62018
22
-1.14634
32
-9.07936
13
1.64397
23
-1.06009
33
-9.19890
0
3DFACE
8
C2
10
1.47195
20
-1.12336
30
-9.08861
11
1.44718
21
-1.20182
31
-8.96207
12
1.59540
22
-1.22469
32
-8.95272
13
1.62018
23
-1.14634
33
-9.07936
0
3DFACE
8
C2
10
1.44718
20
-1.20182
30
-8.96207
11
1.42402
21
-1.29313
31
-8.84707
12
1.57204
22
-1.31446
32
-8.83633
13
1.59540
23
-1.22469
33
-8.95272
0
3DFACE
8
C2
10
1.42402
20
-1.29313
30
-8.84707
11
1.40167
21
-1.39092
31
-8.73788
12
1.54977
22
-1.41291
32
-8.72773
13
1.57204
23
-1.31446
33
-8.83633
0
3DFACE
8
C2
10
1.40167
20
-1.39092
30
-8.73788
11
1.37937
21
-1.48915
31
-8.62909
12
1.52722
22
-1.50906
32
-8.61707
13
1.54977
23
-1.41291
33
-8.72773
0
3DFACE
8
C2
10
1.37937
20
-1.48915
30
-8.62909
11
1.35735
21
-1.58958
31
-8.52227
12
1.50488
22
-1.60696
32
-8.50798
13
1.52722
23
-1.50906
33
-8.61707
0
3DFACE
8
C2
10
1.35735
20
-1.58958
30
-8.52227
11
1.33488
21
-1.68638
31
-8.41219
12
1.48233
22
-1.70321
32
-8.39741
13
1.50488
23
-1.60696
33
-8.50798
0
3DFACE
8
C2
10
1.33488
20
-1.68638
30
-8.41219
11
1.31302
21
-1.78813
31
-8.30655
12
1.45996
22
-1.80078
32
-8.28803
13
1.48233
23
-1.70321
33
-8.39741
0
3DFACE
8
C2
10
1.31302
20
-1.78813
30
-8.30655
11
1.29193
21
-1.89603
31
-8.20644
12
1.43824
22
-1.90363
32
-8.18338
13
1.45996
23
-1.80078
33
-8.28803
0
3DFACE
8
C2
10
1.29193
20
-1.89603
30
-8.20644
11
1.26907
21
-1.98975
31
-8.09360
12
1.41481
22
-1.99285
32
-8.06650
13
1.43824
23
-1.90363
33
-8.18338
0
3DFACE
8
C2
10
1.26907
20
-1.98975
30
-8.09360
11
1.24555
21
-2.07821
31
-7.97603
12
1.39076
22
-2.07702
32
-7.94508
13
1.41481
23
-1.99285
33
-8.06650
0
3DFACE
8
C2
10
1.24555
20
-2.07821
30
-7.97603
11
1.21986
21
-2.14930
31
-7.84289
12
1.36515
22
-2.14878
32
-7.81253
13
1.39076
23
-2.07702
33
-7.94508
0
3DFACE
8
C2
10
1.21986
20
-2.14930
30
-7.84289
11
1.19578
21
-2.23325
31
-7.72128
12
1.34035
22
-2.22701
32
-7.68579
13
1.36515
23
-2.14878
33
-7.81253
0
3DFACE
8
C2
10
1.19578
20
-2.23325
30
-7.72128
11
1.17256
21
-2.32413
31
-7.60588
12
1.31623
22
-2.31063
32
-7.56388
13
1.34035
23
-2.22701
33
-7.68579
0
3DFACE
8
C2
10
1.17256
20
-2.32413
30
-7.60588
11
1.14929
21
-2.41456
31
-7.49008
12
1.29256
22
-2.39788
32
-7.44523
13
1.31623
23
-2.31063
33
-7.56388
0
3DFACE
8
C2
10
1.14929
20
-2.41456
30
-7.49008
11
1.12675
21
-2.51081
31
-7.37952
12
1.26977
22
-2.49216
32
-7.33289
13
1.29256
23
-2.39788
33
-7.44523
0
3DFACE
8
C2
10
1.12675
20
-2.51081
30
-7.37952
11
1.10540
21
-2.61662
31
-7.27753
12
1.24881
22
-2.60104
32
-7.23366
13
1.26977
23
-2.49216
33
-7.33289
0
3DFACE
8
C2
10
1.10540
20
-2.61662
30
-7.27753
11
1.08398
21
-2.72188
31
-7.17504
12
1.22732
22
-2.70576
32
-7.13068
13
1.24881
23
-2.60104
33
-7.23366
0
3DFACE
8
C2
10
1.08398
20
-2.72188
30
-7.17504
11
1.06472
21
-2.84439
31
-7.08804
12
1.20735
22
-2.82255
32
-7.03855
13
1.22732
23
-2.70576
33
-7.13068
0
3DFACE
8
C2
10
1.06472
20
-2.84439
30
-7.08804
11
1.04383
21
-2.95383
31
-6.98931
12
1.18641
22
-2.93166
32
-6.93952
13
1.20735
23
-2.82255
33
-7.03855
0
3DFACE
8
C2
10
1.04383
20
-2.95383
30
-6.98931
11
1.02273
21
-3.06162
31
-6.88909
12
1.16505
22
-3.03736
32
-6.83744
13
1.18641
23
-2.93166
33
-6.93952
0
3DFACE
8
C2
10
1.02273
20
-3.06162
30
-6.88909
11
1.00106
21
-3.16490
31
-6.78483
12
1.14312
22
-3.13856
32
-6.73130
13
1.16505
23
-3.03736
33
-6.83744
0
3DFACE
8
C2
10
1.00106
20
-3.16490
30
-6.78483
11
0.97973
21
-3.27083
31
-6.68294
12
1.12134
22
-3.24086
32
-6.62616
13
1.14312
23
-3.13856
33
-6.73130
0
3DFACE
8
C2
10
0.97973
20
-3.27083
30
-6.68294
11
0.95822
21
-3.37532
31
-6.57977
12
1.09863
22
-3.33579
32
-6.51441
13
1.12134
23
-3.24086
33
-6.62616
0
3DFACE
8
C2
10
0.95822
20
-3.37532
30
-6.57977
11
0.93746
21
-3.48585
31
-6.48202
12
1.07725
22
-3.44138
32
-6.41222
13
1.09863
23
-3.33579
33
-6.51441
0
3DFACE
8
C2
10
0.93746
20
-3.48585
30
-6.48202
11
0.91646
21
-3.59441
31
-6.38250
12
1.05592
22
-3.54731
32
-6.31033
13
1.07725
23
-3.44138
33
-6.41222
0
3DFACE
8
C2
10
0.91646
20
-3.59441
30
-6.38250
11
0.89529
21
-3.70165
31
-6.28179
12
1.03471
22
-3.65422
32
-6.20933
13
1.05592
23
-3.54731
33
-6.31033
0
3DFACE
8
C2
10
0.89529
20
-3.70165
30
-6.28179
11
0.87435
21
-3.81076
31
-6.18276
12
1.01380
22
-3.76354
32
-6.11049
13
1.03471
23
-3.65422
33
-6.20933
0
3DFACE
8
C2
10
0.87435
20
-3.81076
30
-6.18276
11
0.85333
21
-3.91921
31
-6.08313
12
0.99281
22
-3.87221
32
-6.01107
13
1.01380
23
-3.76354
33
-6.11049
0
3DFACE
8
C2
10
0.85333
20
-3.91921
30
-6.08313
11
0.83106
21
-4.01766
31
-5.97454
12
0.97098
22
-3.97418
32
-5.90563
13
0.99281
23
-3.87221
33
-6.01107
0
3DFACE
8
C2
10
0.83106
20
-4.01766
30
-5.97454
11
0.80725
21
-4.10381
31
-5.85490
12
0.94808
22
-4.06757
32
-5.79250
13
0.97098
23
-3.97418
33
-5.90563
0
3DFACE
8
C2
10
0.80725
20
-4.10381
30
-5.85490
11
0.78202
21
-4.17853
31
-5.72501
12
0.92395
22
-4.15119
32
-5.67059
13
0.94808
23
-4.06757
33
-5.79250
0
3DFACE
8
C2
10
0.78202
20
-4.17853
30
-5.72501
11
0.75684
21
-4.25369
31
-5.59551
12
0.89962
22
-4.23317
32
-5.54720
13
0.92395
23
-4.15119
33
-5.67059
0
3DFACE
8
C2
10
0.75684
20
-4.25369
30
-5.59551
11
0.73171
21
-4.32929
31
-5.46640
12
0.87524
22
-4.31470
32
-5.42342
13
0.89962
23
-4.23317
33
-5.54720
0
3DFACE
8
C2
10
0.73171
20
-4.32929
30
-5.46640
11
0.70635
21
-4.40302
31
-5.33562
12
0.85073
22
-4.39524
32
-5.29876
13
0.87524
23
-4.31470
33
-5.42342
0
3DFACE
8
C2
10
2.41994
20
2.41316
30
-12.97510
11
2.39781
21
2.31361
31
-12.86749
12
2.54556
22
2.29448
32
-12.85478
13
2.56747
23
2.39578
33
-12.96081
0
3DFACE
8
C2
10
2.39781
20
2.31361
30
-12.86749
11
2.37755
21
2.19912
31
-12.77329
12
2.52524
22
2.18043
32
-12.76018
13
2.54556
23
2.29448
33
-12.85478
0
3DFACE
8
C2
10
2.37755
20
2.19912
30
-12.77329
11
2.35608
21
2.09430
31
-12.67041
12
2.50417
22
2.07242
32
-12.66016
13
2.52524
23
2.18043
33
-12.76018
0
3DFACE
8
C2
10
2.35608
20
2.09430
30
-12.67041
11
2.33489
21
1.98717
31
-12.56960
12
2.48351
22
1.96111
32
-12.56311
13
2.50417
23
2.07242
33
-12.66016
0
3DFACE
8
C2
10
2.33489
20
1.98717
30
-12.56960
11
2.31518
21
1.86829
31
-12.47935
12
2.46406
22
1.84014
32
-12.47472
13
2.48351
23
1.96111
33
-12.56311
0
3DFACE
8
C2
10
2.31518
20
1.86829
30
-12.47935
11
2.29650
21
1.74116
31
-12.39649
12
2.44537
22
1.71302
32
-12.39186
13
2.46406
23
1.84014
33
-12.47472
0
3DFACE
8
C2
10
2.29650
20
1.74116
30
-12.39649
11
2.27984
21
1.59789
31
-12.32812
12
2.42806
22
1.57491
32
-12.31886
13
2.44537
23
1.71302
33
-12.39186
0
3DFACE
8
C2
10
2.27984
20
1.59789
30
-12.32812
11
2.26048
21
1.47615
31
-12.24043
12
2.40898
22
1.45097
32
-12.23314
13
2.42806
23
1.57491
33
-12.31886
0
3DFACE
8
C2
10
2.26048
20
1.47615
30
-12.24043
11
2.23917
21
1.37001
31
-12.13873
12
2.38839
22
1.33911
32
-12.13657
13
2.40898
23
1.45097
33
-12.23314
0
3DFACE
8
C2
10
2.23917
20
1.37001
30
-12.13873
11
2.21912
21
1.25387
31
-12.04601
12
2.36866
22
1.22034
32
-12.04622
13
2.38839
23
1.33911
33
-12.13657
0
3DFACE
8
C2
10
2.21912
20
1.25387
30
-12.04601
11
2.19903
21
1.13795
31
-11.95309
12
2.34865
22
1.10387
32
-11.95379
13
2.36866
23
1.22034
33
-12.04622
0
3DFACE
8
C2
10
2.19903
20
1.13795
30
-11.95309
11
2.18032
21
1.01104
31
-11.87003
12
2.32937
22
0.98147
32
-11.86669
13
2.34865
23
1.10387
33
-11.95379
0
3DFACE
8
C2
10
2.18032
20
1.01104
30
-11.87003
11
2.15906
21
0.90457
31
-11.76864
12
2.30832
22
0.87335
32
-11.76677
13
2.32937
23
0.98147
33
-11.86669
0
3DFACE
8
C2
10
2.15906
20
0.90457
30
-11.76864
11
2.13459
21
0.82370
31
-11.64426
12
2.28486
22
0.78435
32
-11.64970
13
2.30832
23
0.87335
33
-11.76677
0
3DFACE
8
C2
10
2.13459
20
0.82370
30
-11.64426
11
2.11093
21
0.73635
31
-11.52571
12
2.26155
22
0.69425
32
-11.53361
13
2.28486
23
0.78435
33
-11.64970
0
3DFACE
8
C2
10
2.11093
20
0.73635
30
-11.52571
11
2.08662
21
0.65426
31
-11.40242
12
2.23737
22
0.61107
32
-11.41131
13
2.26155
23
0.69425
33
-11.53361
0
3DFACE
8
C2
10
2.08662
20
0.65426
30
-11.40242
11
2.06128
21
0.58031
31
-11.27184
12
2.21174
22
0.53953
32
-11.27856
13
2.23737
23
0.61107
33
-11.41131
0
3DFACE
8
C2
10
2.06128
20
0.58031
30
-11.27184
11
2.03669
21
0.50043
31
-11.14658
12
2.18719
22
0.45932
32
-11.15359
13
2.21174
23
0.53953
33
-11.27856
0
3DFACE
8
C2
10
2.03669
20
0.50043
30
-11.14658
11
2.01023
21
0.43548
31
-11.00791
12
2.16140
22
0.38899
32
-11.01975
13
2.18719
23
0.45932
33
-11.15359
0
3DFACE
8
C2
10
2.01023
20
0.43548
30
-11.00791
11
1.98559
21
0.35604
31
-10.88226
12
2.13666
22
0.31031
32
-10.89341
13
2.16140
23
0.38899
33
-11.01975
0
3DFACE
8
C2
10
1.98559
20
0.35604
30
-10.88226
11
1.96159
21
0.27143
31
-10.76124
12
2.11225
22
0.22900
32
-10.76943
13
2.13666
23
0.31031
33
-10.89341
0
3DFACE
8
C2
10
1.96159
20
0.27143
30
-10.76124
11
1.93713
21
0.19044
31
-10.63697
12
2.08700
22
0.15439
32
-10.63944
13
2.11225
23
0.22900
33
-10.76943
0
3DFACE
8
C2
10
1.93713
20
0.19044
30
-10.63697
11
1.91470
21
0.09331
31
-10.52719
12
2.06399
22
0.06187
32
-10.52552
13
2.08700
23
0.15439
33
-10.63944
0
3DFACE
8
C2
10
1.91470
20
0.09331
30
-10.52719
11
1.89344
21
-0.01316
31
-10.42579
12
2.04250
22
-0.04284
32
-10.42255
13
2.06399
23
0.06187
33
-10.52552
0
3DFACE
8
C2
10
1.89344
20
-0.01316
30
-10.42579
11
1.87135
21
-0.11304
31
-10.31848
12
2.01994
22
-0.13899
32
-10.31188
13
2.04250
23
-0.04284
33
-10.42255
0
3DFACE
8
C2
10
1.87135
20
-0.11304
30
-10.31848
11
1.84919
21
-0.21237
31
-10.21067
12
1.99733
22
-0.23469
32
-10.20082
13
2.01994
23
-0.13899
33
-10.31188
0
3DFACE
8
C2
10
1.84919
20
-0.21237
30
-10.21067
11
1.82651
21
-0.30752
31
-10.09911
12
1.97395
22
-0.32424
32
-10.08424
13
1.99733
23
-0.23469
33
-10.20082
0
3DFACE
8
C2
10
1.82651
20
-0.30752
30
-10.09911
11
1.80443
21
-0.40751
31
-9.99190
12
1.95161
22
-0.42215
32
-9.97515
13
1.97395
23
-0.32424
33
-10.08424
0
3DFACE
8
C2
10
1.80443
20
-0.40751
30
-9.99190
11
1.78353
21
-0.51695
31
-9.89316
12
1.93083
22
-0.53246
32
-9.87720
13
1.95161
23
-0.42215
33
-9.97515
0
3DFACE
8
C2
10
1.78353
20
-0.51695
30
-9.89316
11
1.76114
21
-0.61441
31
-9.78368
12
1.90838
22
-0.62948
32
-9.76732
13
1.93083
23
-0.53246
33
-9.87720
0
3DFACE
8
C2
10
1.76114
20
-0.61441
30
-9.78368
11
1.73824
21
-0.70781
31
-9.67055
12
1.88548
22
-0.72288
32
-9.65419
13
1.90838
23
-0.62948
33
-9.76732
0
3DFACE
8
C2
10
1.73824
20
-0.70781
30
-9.67055
11
1.71421
21
-0.79220
31
-9.54933
12
1.86123
22
-0.80551
32
-9.53140
13
1.88548
23
-0.72288
33
-9.65419
0
3DFACE
8
C2
10
1.71421
20
-0.79220
30
-9.54933
11
1.69068
21
-0.88054
31
-9.43167
12
1.83771
22
-0.89397
32
-9.41383
13
1.86123
23
-0.80551
33
-9.53140
0
3DFACE
8
C2
10
1.69068
20
-0.88054
30
-9.43167
11
1.66764
21
-0.97284
31
-9.31755
12
1.81510
22
-0.98967
32
-9.30277
13
1.83771
23
-0.89397
33
-9.41383
0
3DFACE
8
C2
10
1.66764
20
-0.97284
30
-9.31755
11
1.64397
21
-1.06009
31
-9.19890
12
1.79162
22
-1.07845
32
-9.18550
13
1.81510
23
-0.98967
33
-9.30277
0
3DFACE
8
C2
10
1.64397
20
-1.06009
30
-9.19890
11
1.62018
21
-1.14634
31
-9.07936
12
1.76804
22
-1.16636
32
-9.06744
13
1.79162
23
-1.07845
33
-9.18550
0
3DFACE
8
C2
10
1.62018
20
-1.14634
30
-9.07936
11
1.59540
21
-1.22469
31
-8.95272
12
1.74343
22
-1.24613
32
-8.94208
13
1.76804
23
-1.16636
33
-9.06744
0
3DFACE
8
C2
10
1.59540
20
-1.22469
30
-8.95272
11
1.57204
21
-1.31446
31
-8.83633
12
1.72012
22
-1.33624
32
-8.82599
13
1.74343
23
-1.24613
33
-8.94208
0
3DFACE
8
C2
10
1.57204
20
-1.31446
30
-8.83633
11
1.54977
21
-1.41291
31
-8.72773
12
1.69803
22
-1.43611
32
-8.71867
13
1.72012
23
-1.33624
33
-8.82599
0
3DFACE
8
C2
10
1.54977
20
-1.41291
30
-8.72773
11
1.52722
21
-1.50906
31
-8.61707
12
1.67542
22
-1.53182
32
-8.60761
13
1.69803
23
-1.43611
33
-8.71867
0
3DFACE
8
C2
10
1.52722
20
-1.50906
30
-8.61707
11
1.50488
21
-1.60696
31
-8.50798
12
1.65295
22
-1.62873
32
-8.49764
13
1.67542
23
-1.53182
33
-8.60761
0
3DFACE
8
C2
10
1.50488
20
-1.60696
30
-8.50798
11
1.48233
21
-1.70321
31
-8.39741
12
1.63031
22
-1.72422
32
-8.38638
13
1.65295
23
-1.62873
33
-8.49764
0
3DFACE
8
C2
10
1.48233
20
-1.70321
30
-8.39741
11
1.45996
21
-1.80078
31
-8.28803
12
1.60747
22
-1.81805
32
-8.27364
13
1.63031
23
-1.72422
33
-8.38638
0
3DFACE
8
C2
10
1.45996
20
-1.80078
30
-8.28803
11
1.43824
21
-1.90363
31
-8.18338
12
1.58526
22
-1.91694
32
-8.16544
13
1.60747
23
-1.81805
33
-8.27364
0
3DFACE
8
C2
10
1.43824
20
-1.90363
30
-8.18338
11
1.41481
21
-1.99285
31
-8.06650
12
1.56146
22
-2.00320
32
-8.04590
13
1.58526
23
-1.91694
33
-8.16544
0
3DFACE
8
C2
10
1.41481
20
-1.99285
30
-8.06650
11
1.39076
21
-2.07702
31
-7.94508
12
1.53716
22
-2.08539
32
-7.92271
13
1.56146
23
-2.00320
33
-8.04590
0
3DFACE
8
C2
10
1.39076
20
-2.07702
30
-7.94508
11
1.36515
21
-2.14878
31
-7.81253
12
1.51163
22
-2.15781
32
-7.79075
13
1.53716
23
-2.08539
33
-7.92271
0
3DFACE
8
C2
10
1.36515
20
-2.14878
30
-7.81253
11
1.34035
21
-2.22701
31
-7.68579
12
1.48644
22
-2.23286
32
-7.66115
13
1.51163
23
-2.15781
33
-7.79075
0
3DFACE
8
C2
10
1.34035
20
-2.22701
30
-7.68579
11
1.31623
21
-2.31063
31
-7.56388
12
1.46175
22
-2.31197
32
-7.53520
13
1.48644
23
-2.23286
33
-7.66115
0
3DFACE
8
C2
10
1.31623
20
-2.31063
30
-7.56388
11
1.29256
21
-2.39788
31
-7.44523
12
1.43777
22
-2.39669
32
-7.41428
13
1.46175
23
-2.31197
33
-7.53520
0
3DFACE
8
C2
10
1.29256
20
-2.39788
30
-7.44523
11
1.26977
21
-2.49216
31
-7.33289
12
1.41477
22
-2.48932
32
-7.30046
13
1.43777
23
-2.39669
33
-7.41428
0
3DFACE
8
C2
10
1.26977
20
-2.49216
30
-7.33289
11
1.24881
21
-2.60104
31
-7.23366
12
1.39390
22
-2.59898
32
-7.20192
13
1.41477
23
-2.48932
33
-7.30046
0
3DFACE
8
C2
10
1.24881
20
-2.60104
30
-7.23366
11
1.22732
21
-2.70576
31
-7.13068
12
1.37215
22
-2.70160
32
-7.09707
13
1.39390
23
-2.59898
33
-7.20192
0
3DFACE
8
C2
10
1.22732
20
-2.70576
30
-7.13068
11
1.20735
21
-2.82255
31
-7.03855
12
1.35151
22
-2.81302
32
-7.00011
13
1.37215
23
-2.70160
33
-7.09707
0
3DFACE
8
C2
10
1.20735
20
-2.82255
30
-7.03855
11
1.18641
21
-2.93166
31
-6.93952
12
1.33039
22
-2.92070
32
-6.89980
13
1.35151
23
-2.81302
33
-7.00011
0
3DFACE
8
C2
10
1.18641
20
-2.93166
30
-6.93952
11
1.16505
21
-3.03736
31
-6.83744
12
1.30899
22
-3.02607
32
-6.79741
13
1.33039
23
-2.92070
33
-6.89980
0
3DFACE
8
C2
10
1.16505
20
-3.03736
30
-6.83744
11
1.14312
21
-3.13856
31
-6.73130
12
1.28752
22
-3.13089
32
-6.69454
13
1.30899
23
-3.02607
33
-6.79741
0
3DFACE
8
C2
10
1.14312
20
-3.13856
30
-6.73130
11
1.12134
21
-3.24086
31
-6.62616
12
1.26541
22
-3.23066
32
-6.58712
13
1.28752
23
-3.13089
33
-6.69454
0
3DFACE
8
C2
10
1.12134
20
-3.24086
30
-6.62616
11
1.09863
21
-3.33579
31
-6.51441
12
1.24172
22
-3.31769
32
-6.46827
13
1.26541
23
-3.23066
33
-6.58712
0
3DFACE
8
C2
10
1.09863
20
-3.33579
30
-6.51441
11
1.07725
21
-3.44138
31
-6.41222
12
1.21965
22
-3.41779
32
-6.36116
13
1.24172
23
-3.31769
33
-6.46827
0
3DFACE
8
C2
10
1.07725
20
-3.44138
30
-6.41222
11
1.05592
21
-3.54731
31
-6.31033
12
1.19818
22
-3.52261
32
-6.25828
13
1.21965
23
-3.41779
33
-6.36116
0
3DFACE
8
C2
10
1.05592
20
-3.54731
30
-6.31033
11
1.03471
21
-3.65422
31
-6.20933
12
1.17748
22
-3.63358
32
-6.16093
13
1.19818
23
-3.52261
33
-6.25828
0
3DFACE
8
C2
10
1.03471
20
-3.65422
30
-6.20933
11
1.01380
21
-3.76354
31
-6.11049
12
1.15627
22
-3.74049
32
-6.05992
13
1.17748
23
-3.63358
33
-6.16093
0
3DFACE
8
C2
10
1.01380
20
-3.76354
30
-6.11049
11
0.99281
21
-3.87221
31
-6.01107
12
1.13452
22
-3.84312
32
-5.95507
13
1.15627
23
-3.74049
33
-6.05992
0
3DFACE
8
C2
10
0.99281
20
-3.87221
30
-6.01107
11
0.97098
21
-3.97418
31
-5.90563
12
1.11265
22
-3.94476
32
-5.84934
13
1.13452
23
-3.84312
33
-5.95507
0
3DFACE
8
C2
10
0.97098
20
-3.97418
30
-5.90563
11
0.94808
21
-4.06757
31
-5.79250
12
1.09037
22
-4.04310
32
-5.74064
13
1.11265
23
-3.94476
33
-5.84934
0
3DFACE
8
C2
10
0.94808
20
-4.06757
30
-5.79250
11
0.92395
21
-4.15119
31
-5.67059
12
1.06733
22
-4.13540
32
-5.62653
13
1.09037
23
-4.04310
33
-5.74064
0
3DFACE
8
C2
10
0.92395
20
-4.15119
30
-5.67059
11
0.89962
21
-4.23317
31
-5.54720
12
1.04370
22
-4.22297
32
-5.50817
13
1.06733
23
-4.13540
33
-5.62653
0
3DFACE
8
C2
10
0.89962
20
-4.23317
30
-5.54720
11
0.87524
21
-4.31470
31
-5.42342
12
1.01930
22
-4.30439
32
-5.38429
13
1.04370
23
-4.22297
33
-5.50817
0
3DFACE
8
C2
10
0.87524
20
-4.31470
30
-5.42342
11
0.85073
21
-4.39524
31
-5.29876
12
0.99555
22
-4.39098
32
-5.26504
13
1.01930
23
-4.30439
33
-5.38429
0
3DFACE
8
C2
10
2.56747
20
2.39578
30
-12.96081
11
2.54556
21
2.29448
31
-12.85478
12
2.69267
22
2.28039
32
-12.83753
13
2.71452
23
2.38225
33
-12.94307
0
3DFACE
8
C2
10
2.54556
20
2.29448
30
-12.85478
11
2.52524
21
2.18043
31
-12.76018
12
2.67230
22
2.16678
32
-12.74254
13
2.69267
23
2.28039
33
-12.83753
0
3DFACE
8
C2
10
2.52524
20
2.18043
30
-12.76018
11
2.50417
21
2.07242
31
-12.66016
12
2.65128
22
2.05833
32
-12.64292
13
2.67230
23
2.16678
33
-12.74254
0
3DFACE
8
C2
10
2.50417
20
2.07242
30
-12.66016
11
2.48351
21
1.96111
31
-12.56311
12
2.63065
22
1.94681
32
-12.54606
13
2.65128
23
2.05833
33
-12.64292
0
3DFACE
8
C2
10
2.48351
20
1.96111
30
-12.56311
11
2.46406
21
1.84014
31
-12.47472
12
2.61110
22
1.82661
32
-12.45698
13
2.63065
23
1.94681
33
-12.54606
0
3DFACE
8
C2
10
2.46406
20
1.84014
30
-12.47472
11
2.44537
21
1.71302
31
-12.39186
12
2.59214
22
1.70168
32
-12.37215
13
2.61110
23
1.82661
33
-12.45698
0
3DFACE
8
C2
10
2.44537
20
1.71302
30
-12.39186
11
2.42806
21
1.57491
31
-12.31886
12
2.57435
22
1.56741
32
-12.29570
13
2.59214
23
1.70168
33
-12.37215
0
3DFACE
8
C2
10
2.42806
20
1.57491
30
-12.31886
11
2.40898
21
1.45097
31
-12.23314
12
2.55526
22
1.44359
32
-12.20988
13
2.57435
23
1.56741
33
-12.29570
0
3DFACE
8
C2
10
2.40898
20
1.45097
30
-12.23314
11
2.38839
21
1.33911
31
-12.13657
12
2.53479
22
1.33074
32
-12.11420
13
2.55526
23
1.44359
33
-12.20988
0
3DFACE
8
C2
10
2.38839
20
1.33911
30
-12.13657
11
2.36866
21
1.22034
31
-12.04622
12
2.51511
22
1.21164
32
-12.02414
13
2.53479
23
1.33074
33
-12.11420
0
3DFACE
8
C2
10
2.36866
20
1.22034
30
-12.04622
11
2.34865
21
1.10387
31
-11.95379
12
2.49521
22
1.09418
32
-11.93260
13
2.51511
23
1.21164
33
-12.02414
0
3DFACE
8
C2
10
2.34865
20
1.10387
30
-11.95379
11
2.32937
21
0.98147
31
-11.86669
12
2.47590
22
0.97211
32
-11.84521
13
2.49521
23
1.09418
33
-11.93260
0
3DFACE
8
C2
10
2.32937
20
0.98147
30
-11.86669
11
2.30832
21
0.87335
31
-11.76677
12
2.45520
22
0.86114
32
-11.74785
13
2.47590
23
0.97211
33
-11.84521
0
3DFACE
8
C2
10
2.30832
20
0.87335
30
-11.76677
11
2.28486
21
0.78435
31
-11.64970
12
2.43247
22
0.76631
32
-11.63600
13
2.45520
23
0.86114
33
-11.74785
0
3DFACE
8
C2
10
2.28486
20
0.78435
30
-11.64970
11
2.26155
21
0.69425
31
-11.53361
12
2.40968
22
0.67203
32
-11.52366
13
2.43247
23
0.76631
33
-11.63600
0
3DFACE
8
C2
10
2.26155
20
0.69425
30
-11.53361
11
2.23737
21
0.61107
31
-11.41131
12
2.38610
22
0.58413
32
-11.40560
13
2.40968
23
0.67203
33
-11.52366
0
3DFACE
8
C2
10
2.23737
20
0.61107
30
-11.41131
11
2.21174
21
0.53953
31
-11.27856
12
2.36076
22
0.51018
32
-11.27502
13
2.38610
23
0.58413
33
-11.40560
0
3DFACE
8
C2
10
2.21174
20
0.53953
30
-11.27856
11
2.18719
21
0.45932
31
-11.15359
12
2.33680
22
0.42524
32
-11.15429
13
2.36076
23
0.51018
33
-11.27502
0
3DFACE
8
C2
10
2.18719
20
0.45932
30
-11.15359
11
2.16140
21
0.38899
31
-11.01975
12
2.31180
22
0.34865
32
-11.02608
13
2.33680
23
0.42524
33
-11.15429
0
3DFACE
8
C2
10
2.16140
20
0.38899
30
-11.01975
11
2.13666
21
0.31031
31
-10.89341
12
2.28738
22
0.26745
32
-10.90200
13
2.31180
23
0.34865
33
-11.02608
0
3DFACE
8
C2
10
2.13666
20
0.31031
30
-10.89341
11
2.11225
21
0.22900
31
-10.76943
12
2.26298
22
0.18602
32
-10.77812
13
2.28738
23
0.26745
33
-10.90200
0
3DFACE
8
C2
10
2.11225
20
0.22900
30
-10.76943
11
2.08700
21
0.15439
31
-10.63944
12
2.23712
22
0.11625
32
-10.64379
13
2.26298
23
0.18602
33
-10.77812
0
3DFACE
8
C2
10
2.08700
20
0.15439
30
-10.63944
11
2.06399
21
0.06187
31
-10.52552
12
2.21381
22
0.02614
32
-10.52770
13
2.23712
23
0.11625
33
-10.64379
0
3DFACE
8
C2
10
2.06399
20
0.06187
30
-10.52552
11
2.04250
21
-0.04284
31
-10.42255
12
2.19231
22
-0.07846
32
-10.42463
13
2.21381
23
0.02614
33
-10.52770
0
3DFACE
8
C2
10
2.04250
20
-0.04284
30
-10.42255
11
2.01994
21
-0.13899
31
-10.31188
12
2.16938
22
-0.17164
32
-10.31130
13
2.19231
23
-0.07846
33
-10.42463
0
3DFACE
8
C2
10
2.01994
20
-0.13899
30
-10.31188
11
1.99733
21
-0.23469
31
-10.20082
12
2.14630
22
-0.26361
32
-10.19689
13
2.16938
23
-0.17164
33
-10.31130
0
3DFACE
8
C2
10
1.99733
20
-0.23469
30
-10.20082
11
1.97395
21
-0.32424
31
-10.08424
12
2.12210
22
-0.34657
32
-10.07439
13
2.14630
23
-0.26361
33
-10.19689
0
3DFACE
8
C2
10
1.97395
20
-0.32424
30
-10.08424
11
1.95161
21
-0.42215
31
-9.97515
12
2.09951
22
-0.44249
32
-9.96352
13
2.12210
23
-0.34657
33
-10.07439
0
3DFACE
8
C2
10
1.95161
20
-0.42215
30
-9.97515
11
1.93083
21
-0.53246
31
-9.87720
12
2.07904
22
-0.55533
32
-9.86784
13
2.09951
23
-0.44249
33
-9.96352
0
3DFACE
8
C2
10
1.93083
20
-0.53246
30
-9.87720
11
1.90838
21
-0.62948
31
-9.76732
12
2.05655
22
-0.65203
32
-9.75767
13
2.07904
23
-0.55533
33
-9.86784
0
3DFACE
8
C2
10
1.90838
20
-0.62948
30
-9.76732
11
1.88548
21
-0.72288
31
-9.65419
12
2.03350
22
-0.74422
32
-9.64346
13
2.05655
23
-0.65203
33
-9.75767
0
3DFACE
8
C2
10
1.88548
20
-0.72288
30
-9.65419
11
1.86123
21
-0.80551
31
-9.53140
12
2.00880
22
-0.82322
32
-9.51741
13
2.03350
23
-0.74422
33
-9.64346
0
3DFACE
8
C2
10
1.86123
20
-0.80551
30
-9.53140
11
1.83771
21
-0.89397
31
-9.41383
12
1.98527
22
-0.91157
32
-9.39974
13
2.00880
23
-0.82322
33
-9.51741
0
3DFACE
8
C2
10
1.83771
20
-0.89397
30
-9.41383
11
1.81510
21
-0.98967
31
-9.30277
12
1.96318
22
-1.01144
32
-9.29243
13
1.98527
23
-0.91157
33
-9.39974
0
3DFACE
8
C2
10
1.81510
20
-0.98967
30
-9.30277
11
1.79162
21
-1.07845
31
-9.18550
12
1.93987
22
-1.10155
32
-9.17634
13
1.96318
23
-1.01144
33
-9.29243
0
3DFACE
8
C2
10
1.79162
20
-1.07845
30
-9.18550
11
1.76804
21
-1.16636
31
-9.06744
12
1.91639
22
-1.19033
32
-9.05906
13
1.93987
23
-1.10155
33
-9.17634
0
3DFACE
8
C2
10
1.76804
20
-1.16636
30
-9.06744
11
1.74343
21
-1.24613
31
-8.94208
12
1.89185
22
-1.27065
32
-8.93420
13
1.91639
23
-1.19033
33
-9.05906
0
3DFACE
8
C2
10
1.74343
20
-1.24613
30
-8.94208
11
1.72012
21
-1.33624
31
-8.82599
12
1.86858
22
-1.36109
32
-8.81841
13
1.89185
23
-1.27065
33
-8.93420
0
3DFACE
8
C2
10
1.72012
20
-1.33624
30
-8.82599
11
1.69803
21
-1.43611
31
-8.71867
12
1.84685
22
-1.46382
32
-8.71366
13
1.86858
23
-1.36109
33
-8.81841
0
3DFACE
8
C2
10
1.69803
20
-1.43611
30
-8.71867
11
1.67542
21
-1.53182
31
-8.60761
12
1.82422
22
-1.55942
32
-8.60250
13
1.84685
23
-1.46382
33
-8.71366
0
3DFACE
8
C2
10
1.67542
20
-1.53182
30
-8.60761
11
1.65295
21
-1.62873
31
-8.49764
12
1.80162
22
-1.65523
32
-8.49153
13
1.82422
23
-1.55942
33
-8.60250
0
3DFACE
8
C2
10
1.65295
20
-1.62873
30
-8.49764
11
1.63031
21
-1.72422
31
-8.38638
12
1.77867
22
-1.74819
32
-8.37801
13
1.80162
23
-1.65523
33
-8.49153
0
3DFACE
8
C2
10
1.63031
20
-1.72422
30
-8.38638
11
1.60747
21
-1.81805
31
-8.27364
12
1.75548
22
-1.83928
32
-8.26281
13
1.77867
23
-1.74819
33
-8.37801
0
3DFACE
8
C2
10
1.60747
20
-1.81805
30
-8.27364
11
1.58526
21
-1.91694
31
-8.16544
12
1.73300
22
-1.93608
32
-8.15273
13
1.75548
23
-1.83928
33
-8.26281
0
3DFACE
8
C2
10
1.58526
20
-1.91694
30
-8.16544
11
1.56146
21
-2.00320
31
-8.04590
12
1.70903
22
-2.02091
32
-8.03191
13
1.73300
23
-1.93608
33
-8.15273
0
3DFACE
8
C2
10
1.56146
20
-2.00320
30
-8.04590
11
1.53716
21
-2.08539
31
-7.92271
12
1.68459
22
-2.10200
32
-7.90774
13
1.70903
23
-2.02091
33
-8.03191
0
3DFACE
8
C2
10
1.53716
20
-2.08539
30
-7.92271
11
1.51163
21
-2.15781
31
-7.79075
12
1.65908
22
-2.17453
32
-7.77587
13
1.68459
23
-2.10200
33
-7.90774
0
3DFACE
8
C2
10
1.51163
20
-2.15781
30
-7.79075
11
1.48644
21
-2.23286
31
-7.66115
12
1.63361
22
-2.24738
32
-7.64430
13
1.65908
23
-2.17453
33
-7.77587
0
3DFACE
8
C2
10
1.48644
20
-2.23286
30
-7.66115
11
1.46175
21
-2.31197
31
-7.53520
12
1.60863
22
-2.32419
32
-7.51628
13
1.63361
23
-2.24738
33
-7.64430
0
3DFACE
8
C2
10
1.46175
20
-2.31197
30
-7.53520
11
1.43777
21
-2.39669
31
-7.41428
12
1.58434
22
-2.40649
32
-7.39319
13
1.60863
23
-2.32419
33
-7.51628
0
3DFACE
8
C2
10
1.43777
20
-2.39669
30
-7.41428
11
1.41477
21
-2.48932
31
-7.30046
12
1.56096
22
-2.49604
32
-7.27661
13
1.58434
23
-2.40649
33
-7.39319
0
3DFACE
8
C2
10
1.41477
20
-2.48932
30
-7.30046
11
1.39390
21
-2.59898
31
-7.20192
12
1.53994
22
-2.60449
32
-7.17699
13
1.56096
23
-2.49604
33
-7.27661
0
3DFACE
8
C2
10
1.39390
20
-2.59898
30
-7.20192
11
1.37215
21
-2.70160
31
-7.09707
12
1.51761
22
-2.70239
32
-7.06790
13
1.53994
23
-2.60449
33
-7.17699
0
3DFACE
8
C2
10
1.37215
20
-2.70160
30
-7.09707
11
1.35151
21
-2.81302
31
-7.00011
12
1.49619
22
-2.80766
32
-6.96541
13
1.51761
23
-2.70239
33
-7.06790
0
3DFACE
8
C2
10
1.35151
20
-2.81302
30
-7.00011
11
1.33039
21
-2.92070
31
-6.89980
12
1.47469
22
-2.91226
32
-6.86234
13
1.49619
23
-2.80766
33
-6.96541
0
3DFACE
8
C2
10
1.33039
20
-2.92070
30
-6.89980
11
1.30899
21
-3.02607
31
-6.79741
12
1.45314
22
-3.01642
32
-6.75887
13
1.47469
23
-2.91226
33
-6.86234
0
3DFACE
8
C2
10
1.30899
20
-3.02607
30
-6.79741
11
1.28752
21
-3.13089
31
-6.69454
12
1.43198
22
-3.12377
32
-6.65826
13
1.45314
23
-3.01642
33
-6.75887
0
3DFACE
8
C2
10
1.28752
20
-3.13089
30
-6.69454
11
1.26541
21
-3.23066
31
-6.58712
12
1.40959
22
-3.22124
32
-6.54878
13
1.43198
23
-3.12377
33
-6.65826
0
3DFACE
8
C2
10
1.26541
20
-3.23066
30
-6.58712
11
1.24172
21
-3.31769
31
-6.46827
12
1.38497
22
-3.30090
32
-6.42332
13
1.40959
23
-3.22124
33
-6.54878
0
3DFACE
8
C2
10
1.24172
20
-3.31769
30
-6.46827
11
1.21965
21
-3.41779
31
-6.36116
12
1.36240
22
-3.39693
32
-6.31256
13
1.38497
23
-3.30090
33
-6.42332
0
3DFACE
8
C2
10
1.21965
20
-3.41779
30
-6.36116
11
1.19818
21
-3.52261
31
-6.25828
12
1.34080
22
-3.50077
32
-6.20879
13
1.36240
23
-3.39693
33
-6.31256
0
3DFACE
8
C2
10
1.19818
20
-3.52261
30
-6.25828
11
1.17748
21
-3.63358
31
-6.16093
12
1.32057
22
-3.61548
32
-6.11479
13
1.34080
23
-3.50077
33
-6.20879
0
3DFACE
8
C2
10
1.17748
20
-3.63358
30
-6.16093
11
1.15627
21
-3.74049
31
-6.05992
12
1.29911
22
-3.72041
32
-6.01201
13
1.32057
23
-3.61548
33
-6.11479
0
3DFACE
8
C2
10
1.15627
20
-3.74049
30
-6.05992
11
1.13452
21
-3.84312
31
-5.95507
12
1.27659
22
-3.81689
32
-5.90164
13
1.29911
23
-3.72041
33
-6.01201
0
3DFACE
8
C2
10
1.13452
20
-3.84312
30
-5.95507
11
1.11265
21
-3.94476
31
-5.84934
12
1.25464
22
-3.91786
32
-5.79531
13
1.27659
23
-3.81689
33
-5.90164
0
3DFACE
8
C2
10
1.11265
20
-3.94476
30
-5.84934
11
1.09037
21
-4.04310
31
-5.74064
12
1.23292
22
-4.02071
32
-5.69066
13
1.25464
23
-3.91786
33
-5.79531
0
3DFACE
8
C2
10
1.09037
20
-4.04310
30
-5.74064
11
1.06733
21
-4.13540
31
-5.62653
12
1.21096
22
-4.12158
32
-5.58424
13
1.23292
23
-4.02071
33
-5.69066
0
3DFACE
8
C2
10
1.06733
20
-4.13540
30
-5.62653
11
1.04370
21
-4.22297
31
-5.50817
12
1.18806
22
-4.21497
32
-5.47110
13
1.21096
23
-4.12158
33
-5.58424
0
3DFACE
8
C2
10
1.04370
20
-4.22297
30
-5.50817
11
1.01930
21
-4.30439
31
-5.38429
12
1.16382
22
-4.29771
32
-5.34841
13
1.18806
23
-4.21497
33
-5.47110
0
3DFACE
8
C2
10
1.01930
20
-4.30439
30
-5.38429
11
0.99555
21
-4.39098
31
-5.26504
12
1.14077
22
-4.38990
32
-5.23419
13
1.16382
23
-4.29771
33
-5.34841
0
3DFACE
8
C2
10
2.71452
20
2.38225
30
-12.94307
11
2.69267
21
2.28039
31
-12.83753
12
2.83865
22
2.27543
32
-12.81210
13
2.86033
23
2.37860
33
-12.91646
0
3DFACE
8
C2
10
2.69267
20
2.28039
30
-12.83753
11
2.67230
21
2.16678
31
-12.74254
12
2.81852
22
2.15984
32
-12.71889
13
2.83865
23
2.27543
33
-12.81210
0
3DFACE
8
C2
10
2.67230
20
2.16678
30
-12.74254
11
2.65128
21
2.05833
31
-12.64292
12
2.79753
22
2.05117
32
-12.61946
13
2.81852
23
2.15984
33
-12.71889
0
3DFACE
8
C2
10
2.65128
20
2.05833
30
-12.64292
11
2.63065
21
1.94681
31
-12.54606
12
2.77693
22
1.93943
32
-12.52280
13
2.79753
23
2.05117
33
-12.61946
0
3DFACE
8
C2
10
2.63065
20
1.94681
30
-12.54606
11
2.61110
21
1.82661
31
-12.45698
12
2.75724
22
1.82032
32
-12.43274
13
2.77693
23
1.93943
33
-12.52280
0
3DFACE
8
C2
10
2.61110
20
1.82661
30
-12.45698
11
2.59214
21
1.70168
31
-12.37215
12
2.73795
22
1.69803
32
-12.34554
13
2.75724
23
1.82032
33
-12.43274
0
3DFACE
8
C2
10
2.59214
20
1.70168
30
-12.37215
11
2.57435
21
1.56741
31
-12.29570
12
2.71986
22
1.56618
32
-12.26692
13
2.73795
23
1.69803
33
-12.34554
0
3DFACE
8
C2
10
2.57435
20
1.56741
30
-12.29570
11
2.55526
21
1.44359
31
-12.20988
12
2.70057
22
1.44389
32
-12.17972
13
2.71986
23
1.56618
33
-12.26692
0
3DFACE
8
C2
10
2.55526
20
1.44359
30
-12.20988
11
2.53479
21
1.33074
31
-12.11420
12
2.67994
22
1.33237
32
-12.08286
13
2.70057
23
1.44389
33
-12.17972
0
3DFACE
8
C2
10
2.53479
20
1.33074
30
-12.11420
11
2.51511
21
1.21164
31
-12.02414
12
2.66030
22
1.21293
32
-11.99309
13
2.67994
23
1.33237
33
-12.08286
0
3DFACE
8
C2
10
2.51511
20
1.21164
30
-12.02414
11
2.49521
21
1.09418
31
-11.93260
12
2.64045
22
1.09515
32
-11.90185
13
2.66030
23
1.21293
33
-11.99309
0
3DFACE
8
C2
10
2.49521
20
1.09418
30
-11.93260
11
2.47590
21
0.97211
31
-11.84521
12
2.62126
22
0.97209
32
-11.81534
13
2.64045
23
1.09515
33
-11.90185
0
3DFACE
8
C2
10
2.47590
20
0.97211
30
-11.84521
11
2.45520
21
0.86114
31
-11.74785
12
2.60087
22
0.85859
32
-11.72026
13
2.62126
23
0.97209
33
-11.81534
0
3DFACE
8
C2
10
2.45520
20
0.86114
30
-11.74785
11
2.43247
21
0.76631
31
-11.63600
12
2.57860
22
0.76014
32
-11.61166
13
2.60087
23
0.85859
33
-11.72026
0
3DFACE
8
C2
10
2.43247
20
0.76631
30
-11.63600
11
2.40968
21
0.67203
31
-11.52366
12
2.55651
22
0.66026
32
-11.50435
13
2.57860
23
0.76014
33
-11.61166
0
3DFACE
8
C2
10
2.40968
20
0.67203
30
-11.52366
11
2.38610
21
0.58413
31
-11.40560
12
2.53379
22
0.56543
32
-11.39250
13
2.55651
23
0.66026
33
-11.50435
0
3DFACE
8
C2
10
2.38610
20
0.58413
30
-11.40560
11
2.36076
21
0.51018
31
-11.27502
12
2.50899
22
0.48719
32
-11.26576
13
2.53379
23
0.56543
33
-11.39250
0
3DFACE
8
C2
10
2.36076
20
0.51018
30
-11.27502
11
2.33680
21
0.42524
31
-11.15429
12
2.48594
22
0.39501
32
-11.15154
13
2.50899
23
0.48719
33
-11.26576
0
3DFACE
8
C2
10
2.33680
20
0.42524
30
-11.15429
11
2.31180
21
0.34865
31
-11.02608
12
2.46176
22
0.31183
32
-11.02924
13
2.48594
23
0.39501
33
-11.15154
0
3DFACE
8
C2
10
2.31180
20
0.34865
30
-11.02608
11
2.28738
21
0.26745
31
-10.90200
12
2.43799
22
0.22535
32
-10.90990
13
2.46176
23
0.31183
33
-11.02924
0
3DFACE
8
C2
10
2.28738
20
0.26745
30
-10.90200
11
2.26298
21
0.18602
31
-10.77812
12
2.41408
22
0.14008
32
-10.78947
13
2.43799
23
0.22535
33
-10.90990
0
3DFACE
8
C2
10
2.26298
20
0.18602
30
-10.77812
11
2.23712
21
0.11625
31
-10.64379
12
2.38766
22
0.07481
32
-10.65110
13
2.41408
23
0.14008
33
-10.78947
0
3DFACE
8
C2
10
2.23712
20
0.11625
30
-10.64379
11
2.21381
21
0.02614
31
-10.52770
12
2.36435
22
-0.01529
32
-10.53501
13
2.38766
23
0.07481
33
-10.65110
0
3DFACE
8
C2
10
2.21381
20
0.02614
30
-10.52770
11
2.19231
21
-0.07846
31
-10.42463
12
2.34304
22
-0.12144
32
-10.43331
13
2.36435
23
-0.01529
33
-10.53501
0
3DFACE
8
C2
10
2.19231
20
-0.07846
30
-10.42463
11
2.16938
21
-0.17164
31
-10.31130
12
2.31986
22
-0.21264
32
-10.31821
13
2.34304
23
-0.12144
33
-10.43331
0
3DFACE
8
C2
10
2.16938
20
-0.17164
30
-10.31130
11
2.14630
21
-0.26361
31
-10.19689
12
2.29651
22
-0.30241
32
-10.20183
13
2.31986
23
-0.21264
33
-10.31821
0
3DFACE
8
C2
10
2.14630
20
-0.26361
30
-10.19689
11
2.12210
21
-0.34657
31
-10.07439
12
2.27137
22
-0.37790
32
-10.07262
13
2.29651
23
-0.30241
33
-10.20183
0
3DFACE
8
C2
10
2.12210
20
-0.34657
30
-10.07439
11
2.09951
21
-0.44249
31
-9.96352
12
2.24855
22
-0.47196
32
-9.96008
13
2.27137
23
-0.37790
33
-10.07262
0
3DFACE
8
C2
10
2.09951
20
-0.44249
30
-9.96352
11
2.07904
21
-0.55533
31
-9.86784
12
2.22866
22
-0.58941
32
-9.86854
13
2.24855
23
-0.47196
33
-9.96008
0
3DFACE
8
C2
10
2.07904
20
-0.55533
30
-9.86784
11
2.05655
21
-0.65203
31
-9.75767
12
2.20585
22
-0.68358
32
-9.75610
13
2.22866
23
-0.58941
33
-9.86854
0
3DFACE
8
C2
10
2.05655
20
-0.65203
30
-9.75767
11
2.03350
21
-0.74422
31
-9.64346
12
2.18258
22
-0.77401
32
-9.64031
13
2.20585
23
-0.68358
33
-9.75610
0
3DFACE
8
C2
10
2.03350
20
-0.74422
30
-9.64346
11
2.00880
21
-0.82322
31
-9.51741
12
2.15732
22
-0.84851
32
-9.51022
13
2.18258
23
-0.77401
33
-9.64031
0
3DFACE
8
C2
10
2.00880
20
-0.82322
30
-9.51741
11
1.98527
21
-0.91157
31
-9.39974
12
2.13372
22
-0.93631
32
-9.39206
13
2.15732
23
-0.84851
33
-9.51022
0
3DFACE
8
C2
10
1.98527
20
-0.91157
30
-9.39974
11
1.96318
21
-1.01144
31
-9.29243
12
2.11224
22
-1.04113
32
-9.28918
13
2.13372
23
-0.93631
33
-9.39206
0
3DFACE
8
C2
10
1.96318
20
-1.01144
30
-9.29243
11
1.93987
21
-1.10155
31
-9.17634
12
2.08882
22
-1.13035
32
-9.17230
13
2.11224
23
-1.04113
33
-9.28918
0
3DFACE
8
C2
10
1.93987
20
-1.10155
30
-9.17634
11
1.91639
21
-1.19033
31
-9.05906
12
2.06525
22
-1.21837
32
-9.05434
13
2.08882
23
-1.13035
33
-9.17230
0
3DFACE
8
C2
10
1.91639
20
-1.19033
30
-9.05906
11
1.89185
21
-1.27065
31
-8.93420
12
2.04068
22
-1.29847
32
-8.92928
13
2.06525
23
-1.21837
33
-9.05434
0
3DFACE
8
C2
10
1.89185
20
-1.27065
30
-8.93420
11
1.86858
21
-1.36109
31
-8.81841
12
2.01743
22
-1.38901
32
-8.81359
13
2.04068
23
-1.29847
33
-8.92928
0
3DFACE
8
C2
10
1.86858
20
-1.36109
30
-8.81841
11
1.84685
21
-1.46382
31
-8.71366
12
1.99606
22
-1.49471
32
-8.71150
13
2.01743
23
-1.38901
33
-8.81359
0
3DFACE
8
C2
10
1.84685
20
-1.46382
30
-8.71366
11
1.82422
21
-1.55942
31
-8.60250
12
1.97330
22
-1.58921
32
-8.59935
13
1.99606
23
-1.49471
33
-8.71150
0
3DFACE
8
C2
10
1.82422
20
-1.55942
30
-8.60250
11
1.80162
21
-1.65523
31
-8.49153
12
1.95052
22
-1.68360
32
-8.48711
13
1.97330
23
-1.58921
33
-8.59935
0
3DFACE
8
C2
10
1.80162
20
-1.65523
30
-8.49153
11
1.77867
21
-1.74819
31
-8.37801
12
1.92722
22
-1.77381
32
-8.37112
13
1.95052
23
-1.68360
33
-8.48711
0
3DFACE
8
C2
10
1.77867
20
-1.74819
30
-8.37801
11
1.75548
21
-1.83928
31
-8.26281
12
1.90386
22
-1.86347
32
-8.25463
13
1.92722
23
-1.77381
33
-8.37112
0
3DFACE
8
C2
10
1.75548
20
-1.83928
30
-8.26281
11
1.73300
21
-1.93608
31
-8.15273
12
1.88123
22
-1.95906
32
-8.14347
13
1.90386
23
-1.86347
33
-8.25463
0
3DFACE
8
C2
10
1.73300
20
-1.93608
30
-8.15273
11
1.70903
21
-2.02091
31
-8.03191
12
1.85719
22
-2.04334
32
-8.02216
13
1.88123
23
-1.95906
33
-8.14347
0
3DFACE
8
C2
10
1.70903
20
-2.02091
30
-8.03191
11
1.68459
21
-2.10200
31
-7.90774
12
1.83275
22
-2.12444
32
-7.89798
13
1.85719
23
-2.04334
33
-8.02216
0
3DFACE
8
C2
10
1.68459
20
-2.10200
30
-7.90774
11
1.65908
21
-2.17453
31
-7.77587
12
1.80733
22
-2.19773
32
-7.76681
13
1.83275
23
-2.12444
33
-7.89798
0
3DFACE
8
C2
10
1.65908
20
-2.17453
30
-7.77587
11
1.63361
21
-2.24738
31
-7.64430
12
1.78175
22
-2.26971
32
-7.63445
13
1.80733
23
-2.19773
33
-7.76681
0
3DFACE
8
C2
10
1.63361
20
-2.24738
30
-7.64430
11
1.60863
21
-2.32419
31
-7.51628
12
1.75665
22
-2.34553
32
-7.50554
13
1.78175
23
-2.26971
33
-7.63445
0
3DFACE
8
C2
10
1.60863
20
-2.32419
30
-7.51628
11
1.58434
21
-2.40649
31
-7.39319
12
1.73194
22
-2.42442
32
-7.37940
13
1.75665
23
-2.34553
33
-7.50554
0
3DFACE
8
C2
10
1.58434
20
-2.40649
30
-7.39319
11
1.56096
21
-2.49604
31
-7.27661
12
1.70787
22
-2.50848
32
-7.25788
13
1.73194
23
-2.42442
33
-7.37940
0
3DFACE
8
C2
10
1.56096
20
-2.49604
30
-7.27661
11
1.53994
21
-2.60449
31
-7.17699
12
1.68651
22
-2.61418
32
-7.15580
13
1.70787
23
-2.50848
33
-7.25788
0
3DFACE
8
C2
10
1.53994
20
-2.60449
30
-7.17699
11
1.51761
21
-2.70239
31
-7.06790
12
1.66331
22
-2.70516
32
-7.04050
13
1.68651
23
-2.61418
33
-7.15580
0
3DFACE
8
C2
10
1.51761
20
-2.70239
30
-7.06790
11
1.49619
21
-2.80766
31
-6.96541
12
1.64097
22
-2.80306
32
-6.93141
13
1.66331
23
-2.70516
33
-7.04050
0
3DFACE
8
C2
10
1.49619
20
-2.80766
30
-6.96541
11
1.47469
21
-2.91226
31
-6.86234
12
1.61884
22
-2.90261
32
-6.82380
13
1.64097
23
-2.80306
33
-6.93141
0
3DFACE
8
C2
10
1.47469
20
-2.91226
30
-6.86234
11
1.45314
21
-3.01642
31
-6.75887
12
1.59697
22
-3.00425
32
-6.71806
13
1.61884
23
-2.90261
33
-6.82380
0
3DFACE
8
C2
10
1.45314
20
-3.01642
30
-6.75887
11
1.43198
21
-3.12377
31
-6.65826
12
1.57556
22
-3.10962
32
-6.61568
13
1.59697
23
-3.00425
33
-6.71806
0
3DFACE
8
C2
10
1.43198
20
-3.12377
30
-6.65826
11
1.40959
21
-3.22124
31
-6.54878
12
1.55303
22
-3.20599
32
-6.50521
13
1.57556
23
-3.10962
33
-6.61568
0
3DFACE
8
C2
10
1.40959
20
-3.22124
30
-6.54878
11
1.38497
21
-3.30090
31
-6.42332
12
1.52754
22
-3.27862
32
-6.37344
13
1.55303
23
-3.20599
33
-6.50521
0
3DFACE
8
C2
10
1.38497
20
-3.30090
30
-6.42332
11
1.36240
21
-3.39693
31
-6.31256
12
1.50449
22
-3.37081
32
-6.25923
13
1.52754
23
-3.27862
33
-6.37344
0
3DFACE
8
C2
10
1.36240
20
-3.39693
30
-6.31256
11
1.34080
21
-3.50077
31
-6.20879
12
1.48255
22
-3.47190
32
-6.15300
13
1.50449
23
-3.37081
33
-6.25923
0
3DFACE
8
C2
10
1.34080
20
-3.50077
30
-6.20879
11
1.32057
21
-3.61548
31
-6.11479
12
1.46260
22
-3.58891
32
-6.06106
13
1.48255
23
-3.47190
33
-6.15300
0
3DFACE
8
C2
10
1.32057
20
-3.61548
30
-6.11479
11
1.29911
21
-3.72041
31
-6.01201
12
1.44048
22
-3.68857
32
-5.95355
13
1.46260
23
-3.58891
33
-6.06106
0
3DFACE
8
C2
10
1.29911
20
-3.72041
30
-6.01201
11
1.27659
21
-3.81689
31
-5.90164
12
1.41746
22
-3.78098
32
-5.83953
13
1.44048
23
-3.68857
33
-5.95355
0
3DFACE
8
C2
10
1.27659
20
-3.81689
30
-5.90164
11
1.25464
21
-3.91786
31
-5.79531
12
1.39548
22
-3.88174
32
-5.73301
13
1.41746
23
-3.78098
33
-5.83953
0
3DFACE
8
C2
10
1.25464
20
-3.91786
30
-5.79531
11
1.23292
21
-4.02071
31
-5.69066
12
1.37447
22
-3.99030
32
-5.63349
13
1.39548
23
-3.88174
33
-5.73301
0
3DFACE
8
C2
10
1.23292
20
-4.02071
30
-5.69066
11
1.21096
21
-4.12158
31
-5.58424
12
1.35363
22
-4.10018
32
-5.53514
13
1.37447
23
-3.99030
33
-5.63349
0
3DFACE
8
C2
10
1.21096
20
-4.12158
30
-5.58424
11
1.18806
21
-4.21497
31
-5.47110
12
1.33179
22
-4.20203
32
-5.42960
13
1.35363
23
-4.10018
33
-5.53514
0
3DFACE
8
C2
10
1.18806
20
-4.21497
30
-5.47110
11
1.16382
21
-4.29771
31
-5.34841
12
1.30790
22
-4.28752
32
-5.30937
13
1.33179
23
-4.20203
33
-5.42960
0
3DFACE
8
C2
10
1.16382
20
-4.29771
30
-5.34841
11
1.14077
21
-4.38990
31
-5.23419
12
1.28604
22
-4.38927
32
-5.20374
13
1.30790
23
-4.28752
33
-5.30937
0
3DFACE
8
C2
10
2.86033
20
2.37860
30
-12.91646
11
2.83865
21
2.27543
31
-12.81210
12
2.98556
22
2.26299
32
-12.79338
13
3.00708
23
2.36737
33
-12.89665
0
3DFACE
8
C2
10
2.83865
20
2.27543
30
-12.81210
11
2.81852
21
2.15984
31
-12.71889
12
2.96551
22
2.14674
32
-12.70076
13
2.98556
23
2.26299
33
-12.79338
0
3DFACE
8
C2
10
2.81852
20
2.15984
30
-12.71889
11
2.79753
21
2.05117
31
-12.61946
12
2.94472
22
2.03654
32
-12.60271
13
2.96551
23
2.14674
33
-12.70076
0
3DFACE
8
C2
10
2.79753
20
2.05117
30
-12.61946
11
2.77693
21
1.93943
31
-12.52280
12
2.92429
22
1.92337
32
-12.50733
13
2.94472
23
2.03654
33
-12.60271
0
3DFACE
8
C2
10
2.77693
20
1.93943
30
-12.52280
11
2.75724
21
1.82032
31
-12.43274
12
2.90462
22
1.80415
32
-12.41737
13
2.92429
23
1.92337
33
-12.50733
0
3DFACE
8
C2
10
2.75724
20
1.82032
30
-12.43274
11
2.73795
21
1.69803
31
-12.34554
12
2.88526
22
1.68241
32
-12.32968
13
2.90462
23
1.80415
33
-12.41737
0
3DFACE
8
C2
10
2.73795
20
1.69803
30
-12.34554
11
2.71986
21
1.56618
31
-12.26692
12
2.86695
22
1.55232
32
-12.24948
13
2.88526
23
1.68241
33
-12.32968
0
3DFACE
8
C2
10
2.71986
20
1.56618
30
-12.26692
11
2.70057
21
1.44389
31
-12.17972
12
2.84755
22
1.43091
32
-12.16149
13
2.86695
23
1.55232
33
-12.24948
0
3DFACE
8
C2
10
2.70057
20
1.44389
30
-12.17972
11
2.67994
21
1.33237
31
-12.08286
12
2.82688
22
1.31971
32
-12.06433
13
2.84755
23
1.43091
33
-12.16149
0
3DFACE
8
C2
10
2.67994
20
1.33237
30
-12.08286
11
2.66030
21
1.21293
31
-11.99309
12
2.80714
22
1.20105
32
-11.97388
13
2.82688
23
1.31971
33
-12.06433
0
3DFACE
8
C2
10
2.66030
20
1.21293
30
-11.99309
11
2.64045
21
1.09515
31
-11.90185
12
2.78718
22
1.08414
32
-11.88185
13
2.80714
23
1.20105
33
-11.97388
0
3DFACE
8
C2
10
2.64045
20
1.09515
30
-11.90185
11
2.62126
21
0.97209
31
-11.81534
12
2.76785
22
0.96218
32
-11.79435
13
2.78718
23
1.08414
33
-11.88185
0
3DFACE
8
C2
10
2.62126
20
0.97209
30
-11.81534
11
2.60087
21
0.85859
31
-11.72026
12
2.74746
22
0.84868
32
-11.69926
13
2.76785
23
0.96218
33
-11.79435
0
3DFACE
8
C2
10
2.60087
20
0.85859
30
-11.72026
11
2.57860
21
0.76014
31
-11.61166
12
2.72544
22
0.74825
32
-11.59244
13
2.74746
23
0.84868
33
-11.69926
0
3DFACE
8
C2
10
2.57860
20
0.76014
30
-11.61166
11
2.55651
21
0.66026
31
-11.50435
12
2.70357
22
0.64661
32
-11.48671
13
2.72544
23
0.74825
33
-11.59244
0
3DFACE
8
C2
10
2.55651
20
0.66026
30
-11.50435
11
2.53379
21
0.56543
31
-11.39250
12
2.68110
22
0.54981
32
-11.37663
13
2.70357
23
0.64661
33
-11.48671
0
3DFACE
8
C2
10
2.53379
20
0.56543
30
-11.39250
11
2.50899
21
0.48719
31
-11.26576
12
2.65648
22
0.47014
32
-11.25118
13
2.68110
23
0.54981
33
-11.37663
0
3DFACE
8
C2
10
2.50899
20
0.48719
30
-11.26576
11
2.48594
21
0.39501
31
-11.15154
12
2.63366
22
0.37609
32
-11.13864
13
2.65648
23
0.47014
33
-11.25118
0
3DFACE
8
C2
10
2.48594
20
0.39501
30
-11.15154
11
2.46176
21
0.31183
31
-11.02924
12
2.60975
22
0.29071
32
-11.01831
13
2.63366
23
0.37609
33
-11.13864
0
3DFACE
8
C2
10
2.46176
20
0.31183
30
-11.02924
11
2.43799
21
0.22535
31
-10.90990
12
2.58608
22
0.20347
32
-10.89965
13
2.60975
23
0.29071
33
-11.01831
0
3DFACE
8
C2
10
2.43799
20
0.22535
30
-10.90990
11
2.41408
21
0.14008
31
-10.78947
12
2.56208
22
0.11886
32
-10.77863
13
2.58608
23
0.20347
33
-10.89965
0
3DFACE
8
C2
10
2.41408
20
0.14008
30
-10.78947
11
2.38766
21
0.07481
31
-10.65110
12
2.53538
22
0.05589
32
-10.63819
13
2.56208
23
0.11886
33
-10.77863
0
3DFACE
8
C2
10
2.38766
20
0.07481
30
-10.65110
11
2.36435
21
-0.01529
31
-10.53501
12
2.51184
22
-0.03245
32
-10.52052
13
2.53538
23
0.05589
33
-10.63819
0
3DFACE
8
C2
10
2.36435
20
-0.01529
30
-10.53501
11
2.34304
21
-0.12144
31
-10.43331
12
2.49040
22
-0.13750
32
-10.41784
13
2.51184
23
-0.03245
33
-10.52052
0
3DFACE
8
C2
10
2.34304
20
-0.12144
30
-10.43331
11
2.31986
21
-0.21264
31
-10.31821
12
2.46702
22
-0.22705
32
-10.30126
13
2.49040
23
-0.13750
33
-10.41784
0
3DFACE
8
C2
10
2.31986
20
-0.21264
30
-10.31821
11
2.29651
21
-0.30241
31
-10.20183
12
2.44346
22
-0.31517
32
-10.18340
13
2.46702
23
-0.22705
33
-10.30126
0
3DFACE
8
C2
10
2.29651
20
-0.30241
30
-10.20183
11
2.27137
21
-0.37790
31
-10.07262
12
2.41800
22
-0.38814
32
-10.05193
13
2.44346
23
-0.31517
33
-10.18340
0
3DFACE
8
C2
10
2.27137
20
-0.37790
30
-10.07262
11
2.24855
21
-0.47196
31
-9.96008
12
2.39517
22
-0.48208
32
-9.93929
13
2.41800
23
-0.38814
33
-10.05193
0
3DFACE
8
C2
10
2.24855
20
-0.47196
30
-9.96008
11
2.22866
21
-0.58941
31
-9.86854
12
2.37540
22
-0.60053
32
-9.84864
13
2.39517
23
-0.48208
33
-9.93929
0
3DFACE
8
C2
10
2.22866
20
-0.58941
30
-9.86854
11
2.20585
21
-0.68358
31
-9.75610
12
2.35262
22
-0.69492
32
-9.73639
13
2.37540
23
-0.60053
33
-9.84864
0
3DFACE
8
C2
10
2.20585
20
-0.68358
30
-9.75610
11
2.18258
21
-0.77401
31
-9.64031
12
2.32934
22
-0.78524
32
-9.62050
13
2.35262
23
-0.69492
33
-9.73639
0
3DFACE
8
C2
10
2.18258
20
-0.77401
30
-9.64031
11
2.15732
21
-0.84851
31
-9.51022
12
2.30402
22
-0.85930
32
-9.49002
13
2.32934
23
-0.78524
33
-9.62050
0
3DFACE
8
C2
10
2.15732
20
-0.84851
30
-9.51022
11
2.13372
21
-0.93631
31
-9.39206
12
2.28050
22
-0.94775
32
-9.37245
13
2.30402
23
-0.85930
33
-9.49002
0
3DFACE
8
C2
10
2.13372
20
-0.93631
30
-9.39206
11
2.11224
21
-1.04113
31
-9.28918
12
2.25929
22
-1.05466
32
-9.27145
13
2.28050
23
-0.94775
33
-9.37245
0
3DFACE
8
C2
10
2.11224
20
-1.04113
30
-9.28918
11
2.08882
21
-1.13035
31
-9.17230
12
2.23600
22
-1.14498
32
-9.15555
13
2.25929
23
-1.05466
33
-9.27145
0
3DFACE
8
C2
10
2.08882
20
-1.13035
30
-9.17230
11
2.06525
21
-1.21837
31
-9.05434
12
2.21257
22
-1.23410
32
-9.03858
13
2.23600
23
-1.14498
33
-9.15555
0
3DFACE
8
C2
10
2.06525
20
-1.21837
30
-9.05434
11
2.04068
21
-1.29847
31
-8.92928
12
2.18816
22
-1.31541
32
-8.91460
13
2.21257
23
-1.23410
33
-9.03858
0
3DFACE
8
C2
10
2.04068
20
-1.29847
30
-8.92928
11
2.01743
21
-1.38901
31
-8.81359
12
2.16502
22
-1.40694
32
-8.79979
13
2.18816
23
-1.31541
33
-8.91460
0
3DFACE
8
C2
10
2.01743
20
-1.38901
30
-8.81359
11
1.99606
21
-1.49471
31
-8.71150
12
2.14381
22
-1.51385
32
-8.69879
13
2.16502
23
-1.40694
33
-8.79979
0
3DFACE
8
C2
10
1.99606
20
-1.49471
30
-8.71150
11
1.97330
21
-1.58921
31
-8.59935
12
2.12106
22
-1.60846
32
-8.58674
13
2.14381
23
-1.51385
33
-8.69879
0
3DFACE
8
C2
10
1.97330
20
-1.58921
30
-8.59935
11
1.95052
21
-1.68360
31
-8.48711
12
2.09823
22
-1.70240
32
-8.47410
13
2.12106
23
-1.60846
33
-8.58674
0
3DFACE
8
C2
10
1.95052
20
-1.68360
30
-8.48711
11
1.92722
21
-1.77381
31
-8.37112
12
2.07482
22
-1.79174
32
-8.35732
13
2.09823
23
-1.70240
33
-8.47410
0
3DFACE
8
C2
10
1.92722
20
-1.77381
30
-8.37112
11
1.90386
21
-1.86347
31
-8.25463
12
2.05136
22
-1.88063
32
-8.24015
13
2.07482
23
-1.79174
33
-8.35732
0
3DFACE
8
C2
10
1.90386
20
-1.86347
30
-8.25463
11
1.88123
21
-1.95906
31
-8.14347
12
2.02865
22
-1.97556
32
-8.12840
13
2.05136
23
-1.88063
33
-8.24015
0
3DFACE
8
C2
10
1.88123
20
-1.95906
30
-8.14347
11
1.85719
21
-2.04334
31
-8.02216
12
2.00474
22
-2.06094
32
-8.00807
13
2.02865
23
-1.97556
33
-8.12840
0
3DFACE
8
C2
10
1.85719
20
-2.04334
30
-8.02216
11
1.83275
21
-2.12444
31
-7.89798
12
1.98058
22
-2.14423
32
-7.88587
13
2.00474
23
-2.06094
33
-8.00807
0
3DFACE
8
C2
10
1.83275
20
-2.12444
30
-7.89798
11
1.80733
21
-2.19773
31
-7.76681
12
1.95559
22
-2.22093
32
-7.75775
13
1.98058
23
-2.14423
33
-7.88587
0
3DFACE
8
C2
10
1.80733
20
-2.19773
30
-7.76681
11
1.78175
21
-2.26971
31
-7.63445
12
1.93031
22
-2.29532
32
-7.62756
13
1.95559
23
-2.22093
33
-7.75775
0
3DFACE
8
C2
10
1.78175
20
-2.26971
30
-7.63445
11
1.75665
21
-2.34553
31
-7.50554
12
1.90542
22
-2.37279
32
-7.50013
13
1.93031
23
-2.29532
33
-7.62756
0
3DFACE
8
C2
10
1.75665
20
-2.34553
30
-7.50554
11
1.73194
21
-2.42442
31
-7.37940
12
1.88069
22
-2.45158
32
-7.37389
13
1.90542
23
-2.37279
33
-7.50013
0
3DFACE
8
C2
10
1.73194
20
-2.42442
30
-7.37940
11
1.70787
21
-2.50848
31
-7.25788
12
1.85639
22
-2.53377
32
-7.25070
13
1.88069
23
-2.45158
33
-7.37389
0
3DFACE
8
C2
10
1.70787
20
-2.50848
30
-7.25788
11
1.68651
21
-2.61418
31
-7.15580
12
1.83452
22
-2.63541
32
-7.14496
13
1.85639
23
-2.53377
33
-7.25070
0
3DFACE
8
C2
10
1.68651
20
-2.61418
30
-7.15580
11
1.66331
21
-2.70516
31
-7.04050
12
1.81077
22
-2.72199
32
-7.02572
13
1.83452
23
-2.63541
33
-7.14496
0
3DFACE
8
C2
10
1.66331
20
-2.70516
30
-7.04050
11
1.64097
21
-2.80306
31
-6.93141
12
1.78774
22
-2.81440
32
-6.91170
13
1.81077
23
-2.72199
33
-7.02572
0
3DFACE
8
C2
10
1.64097
20
-2.80306
30
-6.93141
11
1.61884
21
-2.90261
31
-6.82380
12
1.76516
22
-2.91033
32
-6.80083
13
1.78774
23
-2.81440
33
-6.91170
0
3DFACE
8
C2
10
1.61884
20
-2.90261
30
-6.82380
11
1.59697
21
-3.00425
31
-6.71806
12
1.74293
22
-3.00911
32
-6.69253
13
1.76516
23
-2.91033
33
-6.80083
0
3DFACE
8
C2
10
1.59697
20
-3.00425
30
-6.71806
11
1.57556
21
-3.10962
31
-6.61568
12
1.72153
22
-3.11448
32
-6.59015
13
1.74293
23
-3.00911
33
-6.69253
0
3DFACE
8
C2
10
1.57556
20
-3.10962
30
-6.61568
11
1.55303
21
-3.20599
31
-6.50521
12
1.69876
22
-3.20897
32
-6.47801
13
1.72153
23
-3.11448
33
-6.59015
0
3DFACE
8
C2
10
1.55303
20
-3.20599
30
-6.50521
11
1.52754
21
-3.27862
31
-6.37344
12
1.67299
22
-3.27941
32
-6.34427
13
1.69876
23
-3.20897
33
-6.47801
0
3DFACE
8
C2
10
1.52754
20
-3.27862
30
-6.37344
11
1.50449
21
-3.37081
31
-6.25923
12
1.64950
22
-3.36809
32
-6.22690
13
1.67299
23
-3.27941
33
-6.34427
0
3DFACE
8
C2
10
1.50449
20
-3.37081
30
-6.25923
11
1.48255
21
-3.47190
31
-6.15300
12
1.62713
22
-3.46577
32
-6.11761
13
1.64950
23
-3.36809
33
-6.22690
0
3DFACE
8
C2
10
1.48255
20
-3.47190
30
-6.15300
11
1.46260
21
-3.58891
31
-6.06106
12
1.60691
22
-3.58059
32
-6.02371
13
1.62713
23
-3.46577
33
-6.11761
0
3DFACE
8
C2
10
1.46260
20
-3.58891
30
-6.06106
11
1.44048
21
-3.68857
31
-5.95355
12
1.58416
22
-3.67519
32
-5.91166
13
1.60691
23
-3.58059
33
-6.02371
0
3DFACE
8
C2
10
1.44048
20
-3.68857
30
-5.95355
11
1.41746
21
-3.78098
31
-5.83953
12
1.56037
22
-3.76145
32
-5.79212
13
1.58416
23
-3.67519
33
-5.91166
0
3DFACE
8
C2
10
1.41746
20
-3.78098
30
-5.83953
11
1.39548
21
-3.88174
31
-5.73301
12
1.53813
22
-3.86012
32
-5.68372
13
1.56037
23
-3.76145
33
-5.79212
0
3DFACE
8
C2
10
1.39548
20
-3.88174
30
-5.73301
11
1.37447
21
-3.99030
31
-5.63349
12
1.51736
22
-3.97055
32
-5.58587
13
1.53813
23
-3.86012
33
-5.68372
0
3DFACE
8
C2
10
1.37447
20
-3.99030
30
-5.63349
11
1.35363
21
-4.10018
31
-5.53514
12
1.49729
22
-4.08657
32
-5.49305
13
1.51736
23
-3.97055
33
-5.58587
0
3DFACE
8
C2
10
1.35363
20
-4.10018
30
-5.53514
11
1.33179
21
-4.20203
31
-5.42960
12
1.47621
22
-4.19458
32
-5.39303
13
1.49729
23
-4.08657
33
-5.49305
0
3DFACE
8
C2
10
1.33179
20
-4.20203
30
-5.42960
11
1.30790
21
-4.28752
31
-5.30937
12
1.45290
22
-4.28469
32
-5.27695
13
1.47621
23
-4.19458
33
-5.39303
0
3DFACE
8
C2
10
1.30790
20
-4.28752
30
-5.30937
11
1.28604
21
-4.38927
31
-5.20374
12
1.43198
22
-4.39390
32
-5.17801
13
1.45290
23
-4.28469
33
-5.27695
0
3DFACE
8
C2
10
3.00708
20
2.36737
30
-12.89665
11
2.98556
21
2.26299
31
-12.79338
12
3.13471
22
2.23265
32
-12.79073
13
3.15630
23
2.33648
33
-12.89449
0
3DFACE
8
C2
10
2.98556
20
2.26299
30
-12.79338
11
2.96551
21
2.14674
31
-12.70076
12
3.11433
22
2.11904
32
-12.69574
13
3.13471
23
2.23265
33
-12.79073
0
3DFACE
8
C2
10
2.96551
20
2.14674
30
-12.70076
11
2.94472
21
2.03654
31
-12.60271
12
3.09356
22
2.00861
32
-12.59789
13
3.11433
23
2.11904
33
-12.69574
0
3DFACE
8
C2
10
2.94472
20
2.03654
30
-12.60271
11
2.92429
21
1.92337
31
-12.50733
12
3.07309
22
1.89577
32
-12.50221
13
3.09356
23
2.00861
33
-12.59789
0
3DFACE
8
C2
10
2.92429
20
1.92337
30
-12.50733
11
2.90462
21
1.80415
31
-12.41737
12
3.05349
22
1.77601
32
-12.41274
13
3.07309
23
1.89577
33
-12.50221
0
3DFACE
8
C2
10
2.90462
20
1.80415
30
-12.41737
11
2.88526
21
1.68241
31
-12.32968
12
3.03427
22
1.65317
32
-12.32604
13
3.05349
23
1.77601
33
-12.41274
0
3DFACE
8
C2
10
2.88526
20
1.68241
30
-12.32968
11
2.86695
21
1.55232
31
-12.24948
12
3.01564
22
1.52560
32
-12.24357
13
3.03427
23
1.65317
33
-12.32604
0
3DFACE
8
C2
10
2.86695
20
1.55232
30
-12.24948
11
2.84755
21
1.43091
31
-12.16149
12
2.99614
22
1.40507
32
-12.15479
13
3.01564
23
1.52560
33
-12.24357
0
3DFACE
8
C2
10
2.84755
20
1.43091
30
-12.16149
11
2.82688
21
1.31971
31
-12.06433
12
2.97560
22
1.29278
32
-12.05862
13
2.99614
23
1.40507
33
-12.15479
0
3DFACE
8
C2
10
2.82688
20
1.31971
30
-12.06433
11
2.80714
21
1.20105
31
-11.97388
12
2.95560
22
1.17620
32
-11.96630
13
2.97560
23
1.29278
33
-12.05862
0
3DFACE
8
C2
10
2.80714
20
1.20105
30
-11.97388
11
2.78718
21
1.08414
31
-11.88185
12
2.93549
22
1.06050
32
-11.87318
13
2.95560
23
1.17620
33
-11.96630
0
3DFACE
8
C2
10
2.78718
20
1.08414
30
-11.88185
11
2.76785
21
0.96218
31
-11.79435
12
2.91565
22
0.94260
32
-11.78204
13
2.93549
23
1.06050
33
-11.87318
0
3DFACE
8
C2
10
2.76785
20
0.96218
30
-11.79435
11
2.74746
21
0.84868
31
-11.69926
12
2.89510
22
0.83042
32
-11.68577
13
2.91565
23
0.94260
33
-11.78204
0
3DFACE
8
C2
10
2.74746
20
0.84868
30
-11.69926
11
2.72544
21
0.74825
31
-11.59244
12
2.87320
22
0.72900
32
-11.57983
13
2.89510
23
0.83042
33
-11.68577
0
3DFACE
8
C2
10
2.72544
20
0.74825
30
-11.59244
11
2.70357
21
0.64661
31
-11.48671
12
2.85099
22
0.63011
32
-11.47163
13
2.87320
23
0.72900
33
-11.57983
0
3DFACE
8
C2
10
2.70357
20
0.64661
30
-11.48671
11
2.68110
21
0.54981
31
-11.37663
12
2.82810
22
0.53661
32
-11.35860
13
2.85099
23
0.63011
33
-11.47163
0
3DFACE
8
C2
10
2.68110
20
0.54981
30
-11.37663
11
2.65648
21
0.47014
31
-11.25118
12
2.80337
22
0.45782
32
-11.23235
13
2.82810
23
0.53661
33
-11.35860
0
3DFACE
8
C2
10
2.65648
20
0.47014
30
-11.25118
11
2.63366
21
0.37609
31
-11.13864
12
2.78000
22
0.36816
32
-11.11587
13
2.80337
23
0.45782
33
-11.23235
0
3DFACE
8
C2
10
2.63366
20
0.37609
30
-11.13864
11
2.60975
21
0.29071
31
-11.01831
12
2.75584
22
0.28487
32
-10.99367
13
2.78000
23
0.36816
33
-11.11587
0
3DFACE
8
C2
10
2.60975
20
0.29071
30
-11.01831
11
2.58608
21
0.20347
31
-10.89965
12
2.73156
22
0.20245
32
-10.87068
13
2.75584
23
0.28487
33
-10.99367
0
3DFACE
8
C2
10
2.58608
20
0.20347
30
-10.89965
11
2.56208
21
0.11886
31
-10.77863
12
2.70711
22
0.12147
32
-10.74640
13
2.73156
23
0.20245
33
-10.87068
0
3DFACE
8
C2
10
2.56208
20
0.11886
30
-10.77863
11
2.53538
21
0.05589
31
-10.63819
12
2.68040
22
0.05850
32
-10.60596
13
2.70711
23
0.12147
33
-10.74640
0
3DFACE
8
C2
10
2.53538
20
0.05589
30
-10.63819
11
2.51184
21
-0.03245
31
-10.52052
12
2.65662
22
-0.02786
32
-10.48652
13
2.68040
23
0.05850
33
-10.60596
0
3DFACE
8
C2
10
2.51184
20
-0.03245
30
-10.52052
11
2.49040
21
-0.13750
31
-10.41784
12
2.63469
22
-0.12895
32
-10.38029
13
2.65662
23
-0.02786
33
-10.48652
0
3DFACE
8
C2
10
2.49040
20
-0.13750
30
-10.41784
11
2.46702
21
-0.22705
31
-10.30126
12
2.61125
22
-0.21806
32
-10.26331
13
2.63469
23
-0.12895
33
-10.38029
0
3DFACE
8
C2
10
2.46702
20
-0.22705
30
-10.30126
11
2.44346
21
-0.31517
31
-10.18340
12
2.58780
22
-0.30707
32
-10.14624
13
2.61125
23
-0.21806
33
-10.26331
0
3DFACE
8
C2
10
2.44346
20
-0.31517
30
-10.18340
11
2.41800
21
-0.38814
31
-10.05193
12
2.56273
22
-0.38311
32
-10.01753
13
2.58780
23
-0.30707
33
-10.14624
0
3DFACE
8
C2
10
2.41800
20
-0.38814
30
-10.05193
11
2.39517
21
-0.48208
31
-9.93929
12
2.54005
22
-0.47826
32
-9.90597
13
2.56273
23
-0.38311
33
-10.01753
0
3DFACE
8
C2
10
2.39517
20
-0.48208
30
-9.93929
11
2.37540
21
-0.60053
31
-9.84864
12
2.52007
22
-0.59506
32
-9.81384
13
2.54005
23
-0.47826
33
-9.90597
0
3DFACE
8
C2
10
2.37540
20
-0.60053
30
-9.84864
11
2.35262
21
-0.69492
31
-9.73639
12
2.49747
22
-0.69087
32
-9.70288
13
2.52007
23
-0.59506
33
-9.81384
0
3DFACE
8
C2
10
2.35262
20
-0.69492
30
-9.73639
11
2.32934
21
-0.78524
31
-9.62050
12
2.47434
22
-0.78240
32
-9.58807
13
2.49747
23
-0.69087
33
-9.70288
0
3DFACE
8
C2
10
2.32934
20
-0.78524
30
-9.62050
11
2.30402
21
-0.85930
31
-9.49002
12
2.44945
22
-0.85987
32
-9.46064
13
2.47434
23
-0.78240
33
-9.58807
0
3DFACE
8
C2
10
2.30402
20
-0.85930
30
-9.49002
11
2.28050
21
-0.94775
31
-9.37245
12
2.42604
22
-0.94920
32
-9.34387
13
2.44945
23
-0.85987
33
-9.46064
0
3DFACE
8
C2
10
2.28050
20
-0.94775
30
-9.37245
11
2.25929
21
-1.05466
31
-9.27145
12
2.40473
22
-1.05534
32
-9.24217
13
2.42604
23
-0.94920
33
-9.34387
0
3DFACE
8
C2
10
2.25929
20
-1.05466
30
-9.27145
11
2.23600
21
-1.14498
31
-9.15555
12
2.38157
22
-1.14665
32
-9.12717
13
2.40473
23
-1.05534
33
-9.24217
0
3DFACE
8
C2
10
2.23600
20
-1.14498
30
-9.15555
11
2.21257
21
-1.23410
31
-9.03858
12
2.35825
22
-1.23676
32
-9.01108
13
2.38157
23
-1.14665
33
-9.12717
0
3DFACE
8
C2
10
2.21257
20
-1.23410
30
-9.03858
11
2.18816
21
-1.31541
31
-8.91460
12
2.33436
22
-1.32224
32
-8.89085
13
2.35825
23
-1.23676
33
-9.01108
0
3DFACE
8
C2
10
2.18816
20
-1.31541
30
-8.91460
11
2.16502
21
-1.40694
31
-8.79979
12
2.31128
22
-1.41421
32
-8.77643
13
2.33436
23
-1.32224
33
-8.89085
0
3DFACE
8
C2
10
2.16502
20
-1.40694
30
-8.79979
11
2.14381
21
-1.51385
31
-8.69879
12
2.28996
22
-1.52024
32
-8.67464
13
2.31128
23
-1.41421
33
-8.77643
0
3DFACE
8
C2
10
2.14381
20
-1.51385
30
-8.69879
11
2.12106
21
-1.60846
31
-8.58674
12
2.26728
22
-1.61540
32
-8.56309
13
2.28996
23
-1.52024
33
-8.67464
0
3DFACE
8
C2
10
2.12106
20
-1.60846
30
-8.58674
11
2.09823
21
-1.70240
31
-8.47410
12
2.24448
22
-1.70957
32
-8.45065
13
2.26728
23
-1.61540
33
-8.56309
0
3DFACE
8
C2
10
2.09823
20
-1.70240
30
-8.47410
11
2.07482
21
-1.79174
31
-8.35732
12
2.22121
22
-1.80000
32
-8.33485
13
2.24448
23
-1.70957
33
-8.45065
0
3DFACE
8
C2
10
2.07482
20
-1.79174
30
-8.35732
11
2.05136
21
-1.88063
31
-8.24015
12
2.19795
22
-1.89054
32
-8.21916
13
2.22121
23
-1.80000
33
-8.33485
0
3DFACE
8
C2
10
2.05136
20
-1.88063
30
-8.24015
11
2.02865
21
-1.97556
31
-8.12840
12
2.17519
22
-1.98503
32
-8.10701
13
2.19795
23
-1.89054
33
-8.21916
0
3DFACE
8
C2
10
2.02865
20
-1.97556
30
-8.12840
11
2.00474
21
-2.06094
31
-8.00807
12
2.15173
22
-2.07404
32
-7.98994
13
2.17519
23
-1.98503
33
-8.10701
0
3DFACE
8
C2
10
2.00474
20
-2.06094
30
-8.00807
11
1.98058
21
-2.14423
31
-7.88587
12
2.12797
22
-2.16051
32
-7.87059
13
2.15173
23
-2.07404
33
-7.98994
0
3DFACE
8
C2
10
1.98058
20
-2.14423
30
-7.88587
11
1.95559
21
-2.22093
31
-7.75775
12
2.10367
22
-2.24271
32
-7.74741
13
2.12797
23
-2.16051
33
-7.87059
0
3DFACE
8
C2
10
1.95559
20
-2.22093
30
-7.75775
11
1.93031
21
-2.29532
31
-7.62756
12
2.07890
22
-2.32116
32
-7.62087
13
2.10367
23
-2.24271
33
-7.74741
0
3DFACE
8
C2
10
1.93031
20
-2.29532
30
-7.62756
11
1.90542
21
-2.37279
31
-7.50013
12
2.05440
22
-2.40182
32
-7.49630
13
2.07890
23
-2.32116
33
-7.62087
0
3DFACE
8
C2
10
1.90542
20
-2.37279
30
-7.50013
11
1.88069
21
-2.45158
31
-7.37389
12
2.03007
22
-2.48379
32
-7.37291
13
2.05440
23
-2.40182
33
-7.49630
0
3DFACE
8
C2
10
1.88069
20
-2.45158
30
-7.37389
11
1.85639
21
-2.53377
31
-7.25070
12
2.00599
22
-2.56774
32
-7.25130
13
2.03007
23
-2.48379
33
-7.37291
0
3DFACE
8
C2
10
1.85639
20
-2.53377
30
-7.25070
11
1.83452
21
-2.63541
31
-7.14496
12
1.98361
22
-2.66531
32
-7.14192
13
2.00599
23
-2.56774
33
-7.25130
0
3DFACE
8
C2
10
1.83452
20
-2.63541
30
-7.14496
11
1.81077
21
-2.72199
31
-7.02572
12
1.95984
22
-2.75179
32
-7.02257
13
1.98361
23
-2.66531
33
-7.14192
0
3DFACE
8
C2
10
1.81077
20
-2.72199
30
-7.02572
11
1.78774
21
-2.81440
31
-6.91170
12
1.93652
22
-2.84178
32
-6.90638
13
1.95984
23
-2.75179
33
-7.02257
0
3DFACE
8
C2
10
1.78774
20
-2.81440
30
-6.91170
11
1.76516
21
-2.91033
31
-6.80083
12
1.91367
22
-2.93562
32
-6.79365
13
1.93652
23
-2.84178
33
-6.90638
0
3DFACE
8
C2
10
1.76516
20
-2.91033
30
-6.80083
11
1.74293
21
-3.00911
31
-6.69253
12
1.89114
22
-3.03198
32
-6.68318
13
1.91367
23
-2.93562
33
-6.79365
0
3DFACE
8
C2
10
1.74293
20
-3.00911
30
-6.69253
11
1.72153
21
-3.11448
31
-6.59015
12
1.86933
22
-3.13406
32
-6.57784
13
1.89114
23
-3.03198
33
-6.68318
0
3DFACE
8
C2
10
1.72153
20
-3.11448
30
-6.59015
11
1.69876
21
-3.20897
31
-6.47801
12
1.84617
22
-3.22537
32
-6.46283
13
1.86933
23
-3.13406
33
-6.57784
0
3DFACE
8
C2
10
1.69876
20
-3.20897
30
-6.47801
11
1.67299
21
-3.27941
31
-6.34427
12
1.82053
22
-3.29690
32
-6.33008
13
1.84617
23
-3.22537
33
-6.46283
0
3DFACE
8
C2
10
1.67299
20
-3.27941
30
-6.34427
11
1.64950
21
-3.36809
31
-6.22690
12
1.79656
22
-3.38173
32
-6.20926
13
1.82053
23
-3.29690
33
-6.33008
0
3DFACE
8
C2
10
1.64950
20
-3.36809
30
-6.22690
11
1.62713
21
-3.46577
31
-6.11761
12
1.77351
22
-3.47392
32
-6.09504
13
1.79656
23
-3.38173
33
-6.20926
0
3DFACE
8
C2
10
1.62713
20
-3.46577
30
-6.11761
11
1.60691
21
-3.58059
31
-6.02371
12
1.75262
22
-3.58347
32
-5.99640
13
1.77351
23
-3.47392
33
-6.09504
0
3DFACE
8
C2
10
1.60691
20
-3.58059
30
-6.02371
11
1.58416
21
-3.67519
31
-5.91166
12
1.72935
22
-3.67390
32
-5.88061
13
1.75262
23
-3.58347
33
-5.99640
0
3DFACE
8
C2
10
1.58416
20
-3.67519
30
-5.91166
11
1.56037
21
-3.76145
31
-5.79212
12
1.70513
22
-3.75675
32
-5.75801
13
1.72935
23
-3.67390
33
-5.88061
0
3DFACE
8
C2
10
1.56037
20
-3.76145
30
-5.79212
11
1.53813
21
-3.86012
31
-5.68372
12
1.68263
22
-3.85333
32
-5.64774
13
1.70513
23
-3.75675
33
-5.75801
0
3DFACE
8
C2
10
1.53813
20
-3.86012
30
-5.68372
11
1.51736
21
-3.97055
31
-5.58587
12
1.66182
22
-3.96343
32
-5.54960
13
1.68263
23
-3.85333
33
-5.64774
0
3DFACE
8
C2
10
1.51736
20
-3.97055
30
-5.58587
11
1.49729
21
-4.08657
31
-5.49305
12
1.64215
22
-4.08264
32
-5.45964
13
1.66182
23
-3.96343
33
-5.54960
0
3DFACE
8
C2
10
1.49729
20
-4.08657
30
-5.49305
11
1.47621
21
-4.19458
31
-5.39303
12
1.62166
22
-4.19537
32
-5.36386
13
1.64215
23
-4.08264
33
-5.45964
0
3DFACE
8
C2
10
1.47621
20
-4.19458
30
-5.39303
11
1.45290
21
-4.28469
31
-5.27695
12
1.59909
22
-4.29141
32
-5.25309
13
1.62166
23
-4.19537
33
-5.36386
0
3DFACE
8
C2
10
1.45290
20
-4.28469
30
-5.27695
11
1.43198
21
-4.39390
31
-5.17801
12
1.57884
22
-4.40601
32
-5.15899
13
1.59909
23
-4.29141
33
-5.25309
0
3DFACE
8
C2
10
3.15630
20
2.33648
30
-12.89449
11
3.13471
21
2.23265
31
-12.79073
12
3.28197
22
2.21736
32
-12.77457
13
3.30338
23
2.32273
33
-12.87695
0
3DFACE
8
C2
10
3.13471
20
2.23265
30
-12.79073
11
3.11433
21
2.11904
31
-12.69574
12
3.26170
22
2.10298
32
-12.68027
13
3.28197
23
2.21736
33
-12.77457
0
3DFACE
8
C2
10
3.11433
20
2.11904
30
-12.69574
11
3.09356
21
2.00861
31
-12.59789
12
3.24110
22
1.99112
32
-12.58370
13
3.26170
23
2.10298
33
-12.68027
0
3DFACE
8
C2
10
3.09356
20
2.00861
30
-12.59789
11
3.07309
21
1.89577
31
-12.50221
12
3.22081
22
1.87685
32
-12.48931
13
3.24110
23
1.99112
33
-12.58370
0
3DFACE
8
C2
10
3.07309
20
1.89577
30
-12.50221
11
3.05349
21
1.77601
31
-12.41274
12
3.20122
22
1.75698
32
-12.39994
13
3.22081
23
1.87685
33
-12.48931
0
3DFACE
8
C2
10
3.05349
20
1.77601
30
-12.41274
11
3.03427
21
1.65317
31
-12.32604
12
3.18203
22
1.63392
32
-12.31343
13
3.20122
23
1.75698
33
-12.39994
0
3DFACE
8
C2
10
3.03427
20
1.65317
30
-12.32604
11
3.01564
21
1.52560
31
-12.24357
12
3.16321
22
1.50789
32
-12.22958
13
3.18203
23
1.63392
33
-12.31343
0
3DFACE
8
C2
10
3.01564
20
1.52560
30
-12.24357
11
2.99614
21
1.40507
31
-12.15479
12
3.14350
22
1.38901
32
-12.13932
13
3.16321
23
1.50789
33
-12.22958
0
3DFACE
8
C2
10
2.99614
20
1.40507
30
-12.15479
11
2.97560
21
1.29278
31
-12.05862
12
3.12282
22
1.27781
32
-12.04217
13
3.14350
23
1.38901
33
-12.13932
0
3DFACE
8
C2
10
2.97560
20
1.29278
30
-12.05862
11
2.95560
21
1.17620
31
-11.96630
12
3.10264
22
1.16266
32
-11.94856
13
3.12282
23
1.27781
33
-12.04217
0
3DFACE
8
C2
10
2.95560
20
1.17620
30
-11.96630
11
2.93549
21
1.06050
31
-11.87318
12
3.08231
22
1.04872
32
-11.85386
13
3.10264
23
1.16266
33
-11.94856
0
3DFACE
8
C2
10
2.93549
20
1.06050
30
-11.87318
11
2.91565
21
0.94260
31
-11.78204
12
3.06222
22
0.93291
32
-11.76085
13
3.08231
23
1.04872
33
-11.85386
0
3DFACE
8
C2
10
2.91565
20
0.94260
30
-11.78204
11
2.89510
21
0.83042
31
-11.68577
12
3.04144
22
0.82249
32
-11.66300
13
3.06222
23
0.93291
33
-11.76085
0
3DFACE
8
C2
10
2.89510
20
0.83042
30
-11.68577
11
2.87320
21
0.72900
31
-11.57983
12
3.01946
22
0.72173
32
-11.55647
13
3.04144
23
0.82249
33
-11.66300
0
3DFACE
8
C2
10
2.87320
20
0.72900
30
-11.57983
11
2.85099
21
0.63011
31
-11.47163
12
2.99710
22
0.62405
32
-11.44719
13
3.01946
23
0.72173
33
-11.55647
0
3DFACE
8
C2
10
2.85099
20
0.63011
30
-11.47163
11
2.82810
21
0.53661
31
-11.35860
12
2.97403
22
0.53197
32
-11.33287
13
2.99710
23
0.62405
33
-11.44719
0
3DFACE
8
C2
10
2.82810
20
0.53661
30
-11.35860
11
2.80337
21
0.45782
31
-11.23235
12
2.94939
22
0.45252
32
-11.20722
13
2.97403
23
0.53197
33
-11.33287
0
3DFACE
8
C2
10
2.80337
20
0.45782
30
-11.23235
11
2.78000
21
0.36816
31
-11.11587
12
2.92576
22
0.36495
32
-11.08886
13
2.94939
23
0.45252
33
-11.20722
0
3DFACE
8
C2
10
2.78000
20
0.36816
30
-11.11587
11
2.75584
21
0.28487
31
-10.99367
12
2.90132
22
0.28386
32
-10.96469
13
2.92576
23
0.36495
33
-11.08886
0
3DFACE
8
C2
10
2.75584
20
0.28487
30
-10.99367
11
2.73156
21
0.20245
31
-10.87068
12
2.87684
22
0.20309
32
-10.84022
13
2.90132
23
0.28386
33
-10.96469
0
3DFACE
8
C2
10
2.73156
20
0.20245
30
-10.87068
11
2.70711
21
0.12147
31
-10.74640
12
2.85225
22
0.12321
32
-10.71496
13
2.87684
23
0.20309
33
-10.84022
0
3DFACE
8
C2
10
2.70711
20
0.12147
30
-10.74640
11
2.68040
21
0.05850
31
-10.60596
12
2.82573
22
0.05870
32
-10.57590
13
2.85225
23
0.12321
33
-10.71496
0
3DFACE
8
C2
10
2.68040
20
0.05850
30
-10.60596
11
2.65662
21
-0.02786
31
-10.48652
12
2.80186
22
-0.02690
32
-10.45576
13
2.82573
23
0.05870
33
-10.57590
0
3DFACE
8
C2
10
2.65662
20
-0.02786
30
-10.48652
11
2.63469
21
-0.12895
31
-10.38029
12
2.77953
22
-0.12491
32
-10.34677
13
2.80186
23
-0.02690
33
-10.45576
0
3DFACE
8
C2
10
2.63469
20
-0.12895
30
-10.38029
11
2.61125
21
-0.21806
31
-10.26331
12
2.75608
22
-0.21391
32
-10.22970
13
2.77953
23
-0.12491
33
-10.34677
0
3DFACE
8
C2
10
2.61125
20
-0.21806
30
-10.26331
11
2.58780
21
-0.30707
31
-10.14624
12
2.73277
22
-0.30401
32
-10.11361
13
2.75608
23
-0.21391
33
-10.22970
0
3DFACE
8
C2
10
2.58780
20
-0.30707
30
-10.14624
11
2.56273
21
-0.38311
31
-10.01753
12
2.70806
22
-0.38291
32
-9.98746
13
2.73277
23
-0.30401
33
-10.11361
0
3DFACE
8
C2
10
2.56273
20
-0.38311
30
-10.01753
11
2.54005
21
-0.47826
31
-9.90597
12
2.68550
22
-0.47905
32
-9.87680
13
2.70806
23
-0.38291
33
-9.98746
0
3DFACE
8
C2
10
2.54005
20
-0.47826
30
-9.90597
11
2.52007
21
-0.59506
31
-9.81384
12
2.66532
22
-0.59420
32
-9.78319
13
2.68550
23
-0.47905
33
-9.87680
0
3DFACE
8
C2
10
2.52007
20
-0.59506
30
-9.81384
11
2.49747
21
-0.69087
31
-9.70288
12
2.64280
22
-0.69067
32
-9.67282
13
2.66532
23
-0.59420
33
-9.78319
0
3DFACE
8
C2
10
2.49747
20
-0.69087
30
-9.70288
11
2.47434
21
-0.78240
31
-9.58807
12
2.61986
22
-0.78374
32
-9.55939
13
2.64280
23
-0.69067
33
-9.67282
0
3DFACE
8
C2
10
2.47434
20
-0.78240
30
-9.58807
11
2.44945
21
-0.85987
31
-9.46064
12
2.59536
22
-0.86440
32
-9.43482
13
2.61986
23
-0.78374
33
-9.55939
0
3DFACE
8
C2
10
2.44945
20
-0.85987
30
-9.46064
11
2.42604
21
-0.94920
31
-9.34387
12
2.57216
22
-0.95538
32
-9.31952
13
2.59536
23
-0.86440
33
-9.43482
0
3DFACE
8
C2
10
2.42604
20
-0.94920
30
-9.34387
11
2.40473
21
-1.05534
31
-9.24217
12
2.55079
22
-1.06097
32
-9.21733
13
2.57216
23
-0.95538
33
-9.31952
0
3DFACE
8
C2
10
2.40473
20
-1.05534
30
-9.24217
11
2.38157
21
-1.14665
31
-9.12717
12
2.52773
22
-1.15316
32
-9.10312
13
2.55079
23
-1.06097
33
-9.21733
0
3DFACE
8
C2
10
2.38157
20
-1.14665
30
-9.12717
11
2.35825
21
-1.23676
31
-9.01108
12
2.50461
22
-1.24480
32
-8.98841
13
2.52773
23
-1.15316
33
-9.10312
0
3DFACE
8
C2
10
2.35825
20
-1.23676
30
-9.01108
11
2.33436
21
-1.32224
31
-8.89085
12
2.48111
22
-1.33336
32
-8.87094
13
2.50461
23
-1.24480
33
-8.98841
0
3DFACE
8
C2
10
2.33436
20
-1.32224
30
-8.89085
11
2.31128
21
-1.41421
31
-8.77643
12
2.45821
22
-1.42676
32
-8.75781
13
2.48111
23
-1.33336
33
-8.87094
0
3DFACE
8
C2
10
2.31128
20
-1.41421
30
-8.77643
11
2.28996
21
-1.52024
31
-8.67464
12
2.43678
22
-1.53191
32
-8.65523
13
2.45821
23
-1.42676
33
-8.75781
0
3DFACE
8
C2
10
2.28996
20
-1.52024
30
-8.67464
11
2.26728
21
-1.61540
31
-8.56309
12
2.41408
22
-1.62696
32
-8.54358
13
2.43678
23
-1.53191
33
-8.65523
0
3DFACE
8
C2
10
2.26728
20
-1.61540
30
-8.56309
11
2.24448
21
-1.70957
31
-8.45065
12
2.39128
22
-1.72112
32
-8.43113
13
2.41408
23
-1.62696
33
-8.54358
0
3DFACE
8
C2
10
2.24448
20
-1.70957
30
-8.45065
11
2.22121
21
-1.80000
31
-8.33485
12
2.36796
22
-1.81122
32
-8.31505
13
2.39128
23
-1.72112
33
-8.43113
0
3DFACE
8
C2
10
2.22121
20
-1.80000
30
-8.33485
11
2.19795
21
-1.89054
31
-8.21916
12
2.34479
22
-1.90243
32
-8.19994
13
2.36796
23
-1.81122
33
-8.31505
0
3DFACE
8
C2
10
2.19795
20
-1.89054
30
-8.21916
11
2.17519
21
-1.98503
31
-8.10701
12
2.32204
22
-1.99703
32
-8.08790
13
2.34479
23
-1.90243
33
-8.19994
0
3DFACE
8
C2
10
2.17519
20
-1.98503
30
-8.10701
11
2.15173
21
-2.07404
31
-7.98994
12
2.29886
22
-2.08823
32
-7.97279
13
2.32204
23
-1.99703
33
-8.08790
0
3DFACE
8
C2
10
2.15173
20
-2.07404
30
-7.98994
11
2.12797
21
-2.16051
31
-7.87059
12
2.27555
22
-2.17833
32
-7.85670
13
2.29886
23
-2.08823
33
-7.97279
0
3DFACE
8
C2
10
2.12797
20
-2.16051
30
-7.87059
11
2.10367
21
-2.24271
31
-7.74741
12
2.25198
22
-2.26635
32
-7.73874
13
2.27555
23
-2.17833
33
-7.85670
0
3DFACE
8
C2
10
2.10367
20
-2.24271
30
-7.74741
11
2.07890
21
-2.32116
31
-7.62087
12
2.22783
22
-2.34975
32
-7.61664
13
2.25198
23
-2.26635
33
-7.73874
0
3DFACE
8
C2
10
2.07890
20
-2.32116
30
-7.62087
11
2.05440
21
-2.40182
31
-7.49630
12
2.20395
22
-2.43535
32
-7.49650
13
2.22783
23
-2.34975
33
-7.61664
0
3DFACE
8
C2
10
2.05440
20
-2.40182
30
-7.49630
11
2.03007
21
-2.48379
31
-7.37291
12
2.17991
22
-2.51962
32
-7.37519
13
2.20395
23
-2.43535
33
-7.49650
0
3DFACE
8
C2
10
2.03007
20
-2.48379
30
-7.37291
11
2.00599
21
-2.56774
31
-7.25130
12
2.15584
22
-2.60368
32
-7.25368
13
2.17991
23
-2.51962
33
-7.37519
0
3DFACE
8
C2
10
2.00599
20
-2.56774
30
-7.25130
11
1.98361
21
-2.66531
31
-7.14192
12
2.13291
22
-2.69686
32
-7.14035
13
2.15584
23
-2.60368
33
-7.25368
0
3DFACE
8
C2
10
1.98361
20
-2.66531
30
-7.14192
11
1.95984
21
-2.75179
31
-7.02257
12
2.10891
22
-2.78147
32
-7.01933
13
2.13291
23
-2.69686
33
-7.14035
0
3DFACE
8
C2
10
1.95984
20
-2.75179
30
-7.02257
11
1.93652
21
-2.84178
31
-6.90638
12
2.08516
22
-2.86806
32
-6.90008
13
2.10891
23
-2.78147
33
-7.01933
0
3DFACE
8
C2
10
1.93652
20
-2.84178
30
-6.90638
11
1.91367
21
-2.93562
31
-6.79365
12
2.06204
22
-2.95970
32
-6.78538
13
2.08516
23
-2.86806
33
-6.90008
0
3DFACE
8
C2
10
1.91367
20
-2.93562
30
-6.79365
11
1.89114
21
-3.03198
31
-6.68318
12
2.03918
22
-3.05342
32
-6.67254
13
2.06204
23
-2.95970
33
-6.78538
0
3DFACE
8
C2
10
1.89114
20
-3.03198
30
-6.68318
11
1.86933
21
-3.13406
31
-6.57784
12
2.01698
22
-3.15242
32
-6.56444
13
2.03918
23
-3.05342
33
-6.67254
0
3DFACE
8
C2
10
1.86933
20
-3.13406
30
-6.57784
11
1.84617
21
-3.22537
31
-6.46283
12
1.99375
22
-3.24318
32
-6.44894
13
2.01698
23
-3.15242
33
-6.56444
0
3DFACE
8
C2
10
1.84617
20
-3.22537
30
-6.46283
11
1.82053
21
-3.29690
31
-6.33008
12
1.96859
22
-3.31857
32
-6.31964
13
1.99375
23
-3.24318
33
-6.44894
0
3DFACE
8
C2
10
1.82053
20
-3.29690
30
-6.33008
11
1.79656
21
-3.38173
31
-6.20926
12
1.94454
22
-3.40273
32
-6.19822
13
1.96859
23
-3.31857
33
-6.31964
0
3DFACE
8
C2
10
1.79656
20
-3.38173
30
-6.20926
11
1.77351
21
-3.47392
31
-6.09504
12
1.92109
22
-3.49174
32
-6.08115
13
1.94454
23
-3.40273
33
-6.19822
0
3DFACE
8
C2
10
1.77351
20
-3.47392
30
-6.09504
11
1.75262
21
-3.58347
31
-5.99640
12
1.89931
22
-3.59414
32
-5.97610
13
1.92109
23
-3.49174
33
-6.08115
0
3DFACE
8
C2
10
1.75262
20
-3.58347
30
-5.99640
11
1.72935
21
-3.67390
31
-5.88061
12
1.87556
22
-3.68073
32
-5.85686
13
1.89931
23
-3.59414
33
-5.97610
0
3DFACE
8
C2
10
1.72935
20
-3.67390
30
-5.88061
11
1.70513
21
-3.75675
31
-5.75801
12
1.85122
22
-3.76259
32
-5.73337
13
1.87556
23
-3.68073
33
-5.85686
0
3DFACE
8
C2
10
1.70513
20
-3.75675
30
-5.75801
11
1.68263
21
-3.85333
31
-5.64774
12
1.82854
22
-3.85775
32
-5.62182
13
1.85122
23
-3.76259
33
-5.73337
0
3DFACE
8
C2
10
1.68263
20
-3.85333
30
-5.64774
11
1.66182
21
-3.96343
31
-5.54960
12
1.80763
22
-3.96707
32
-5.52299
13
1.82854
23
-3.85775
33
-5.62182
0
3DFACE
8
C2
10
1.66182
20
-3.96343
30
-5.54960
11
1.64215
21
-4.08264
31
-5.45964
12
1.78803
22
-4.08684
32
-5.43352
13
1.80763
23
-3.96707
33
-5.52299
0
3DFACE
8
C2
10
1.64215
20
-4.08264
30
-5.45964
11
1.62166
21
-4.19537
31
-5.36386
12
1.76793
22
-4.20265
32
-5.34050
13
1.78803
23
-4.08684
33
-5.43352
0
3DFACE
8
C2
10
1.62166
20
-4.19537
30
-5.36386
11
1.59909
21
-4.29141
31
-5.25309
12
1.74618
22
-4.30527
32
-5.23565
13
1.76793
23
-4.20265
33
-5.34050
0
3DFACE
8
C2
10
1.59909
20
-4.29141
30
-5.25309
11
1.57884
21
-4.40601
31
-5.15899
12
1.72641
22
-4.42372
32
-5.14500
13
1.74618
23
-4.30527
33
-5.23565
0
3DFACE
8
C2
10
3.30338
20
2.32273
30
-12.87695
11
3.28197
21
2.21736
31
-12.77457
12
3.42880
22
2.20558
32
-12.75525
13
3.45015
23
2.31139
33
-12.85724
0
3DFACE
8
C2
10
3.28197
20
2.21736
30
-12.77457
11
3.26170
21
2.10298
31
-12.68027
12
3.40863
22
2.09032
32
-12.66174
13
3.42880
23
2.20558
33
-12.75525
0
3DFACE
8
C2
10
3.26170
20
2.10298
30
-12.68027
11
3.24110
21
1.99112
31
-12.58370
12
3.38793
22
1.97934
32
-12.56439
13
3.40863
23
2.09032
33
-12.66174
0
3DFACE
8
C2
10
3.24110
20
1.99112
30
-12.58370
11
3.22081
21
1.87685
31
-12.48931
12
3.36746
22
1.86650
32
-12.46871
13
3.38793
23
1.97934
33
-12.56439
0
3DFACE
8
C2
10
3.22081
20
1.87685
30
-12.48931
11
3.20122
21
1.75698
31
-12.39994
12
3.34764
22
1.74850
32
-12.37766
13
3.36746
23
1.86650
33
-12.46871
0
3DFACE
8
C2
10
3.20122
20
1.75698
30
-12.39994
11
3.18203
21
1.63392
31
-12.31343
12
3.32828
22
1.62676
32
-12.28997
13
3.34764
23
1.74850
33
-12.37766
0
3DFACE
8
C2
10
3.18203
20
1.63392
30
-12.31343
11
3.16321
21
1.50789
31
-12.22958
12
3.30939
22
1.50128
32
-12.20563
13
3.32828
23
1.62676
33
-12.28997
0
3DFACE
8
C2
10
3.16321
20
1.50789
30
-12.22958
11
3.14350
21
1.38901
31
-12.13932
12
3.28932
22
1.38525
32
-12.11281
13
3.30939
23
1.50128
33
-12.20563
0
3DFACE
8
C2
10
3.14350
20
1.38901
30
-12.13932
11
3.12282
21
1.27781
31
-12.04217
12
3.26821
22
1.27757
32
-12.01250
13
3.28932
23
1.38525
33
-12.11281
0
3DFACE
8
C2
10
3.12282
20
1.27781
30
-12.04217
11
3.10264
21
1.16266
31
-11.94856
12
3.24778
22
1.16440
32
-11.91712
13
3.26821
23
1.27757
33
-12.01250
0
3DFACE
8
C2
10
3.10264
20
1.16266
30
-11.94856
11
3.08231
21
1.04872
31
-11.85386
12
3.22733
22
1.05145
32
-11.82153
13
3.24778
23
1.16440
33
-11.91712
0
3DFACE
8
C2
10
3.08231
20
1.04872
30
-11.85386
11
3.06222
21
0.93291
31
-11.76085
12
3.20742
22
0.93410
32
-11.72990
13
3.22733
23
1.05145
33
-11.82153
0
3DFACE
8
C2
10
3.06222
20
0.93291
30
-11.76085
11
3.04144
21
0.82249
31
-11.66300
12
3.18653
22
0.82466
32
-11.63116
13
3.20742
23
0.93410
33
-11.72990
0
3DFACE
8
C2
10
3.04144
20
0.82249
30
-11.66300
11
3.01946
21
0.72173
31
-11.55647
12
3.16430
22
0.72588
32
-11.52286
13
3.18653
23
0.82466
33
-11.63116
0
3DFACE
8
C2
10
3.01946
20
0.72173
30
-11.55647
11
2.99710
21
0.62405
31
-11.44719
12
3.14185
22
0.62886
32
-11.41298
13
3.16430
23
0.72588
33
-11.52286
0
3DFACE
8
C2
10
2.99710
20
0.62405
30
-11.44719
11
2.97403
21
0.53197
31
-11.33287
12
3.11883
22
0.53645
32
-11.29897
13
3.14185
23
0.62886
33
-11.41298
0
3DFACE
8
C2
10
2.97403
20
0.53197
30
-11.33287
11
2.94939
21
0.45252
31
-11.20722
12
3.09447
22
0.45470
32
-11.17538
13
3.11883
23
0.53645
33
-11.29897
0
3DFACE
8
C2
10
2.94939
20
0.45252
30
-11.20722
11
2.92576
21
0.36495
31
-11.08886
12
3.07090
22
0.36668
32
-11.05742
13
3.09447
23
0.45470
33
-11.17538
0
3DFACE
8
C2
10
2.92576
20
0.36495
30
-11.08886
11
2.90132
21
0.28386
31
-10.96469
12
3.04624
22
0.28735
32
-10.93167
13
3.07090
23
0.36668
33
-11.05742
0
3DFACE
8
C2
10
2.90132
20
0.28386
30
-10.96469
11
2.87684
21
0.20309
31
-10.84022
12
3.02188
22
0.20560
32
-10.80809
13
3.04624
23
0.28735
33
-10.93167
0
3DFACE
8
C2
10
2.87684
20
0.20309
30
-10.84022
11
2.85225
21
0.12321
31
-10.71496
12
2.99751
22
0.12395
32
-10.68440
13
3.02188
23
0.20560
33
-10.80809
0
3DFACE
8
C2
10
2.85225
20
0.12321
30
-10.71496
11
2.82573
21
0.05870
31
-10.57590
12
2.97142
22
0.05604
32
-10.54840
13
2.99751
23
0.12395
33
-10.68440
0
3DFACE
8
C2
10
2.82573
20
0.05870
30
-10.57590
11
2.80186
21
-0.02690
31
-10.45576
12
2.94776
22
-0.03131
32
-10.42984
13
2.97142
23
0.05604
33
-10.54840
0
3DFACE
8
C2
10
2.80186
20
-0.02690
30
-10.45576
11
2.77953
21
-0.12491
31
-10.34677
12
2.92540
22
-0.12899
32
-10.32056
13
2.94776
23
-0.03131
33
-10.42984
0
3DFACE
8
C2
10
2.77953
20
-0.12491
30
-10.34677
11
2.75608
21
-0.21391
31
-10.22970
12
2.90210
22
-0.21920
32
-10.20457
13
2.92540
23
-0.12899
33
-10.32056
0
3DFACE
8
C2
10
2.75608
20
-0.21391
30
-10.22970
11
2.73277
21
-0.30401
31
-10.11361
12
2.87894
22
-0.31052
32
-10.08956
13
2.90210
23
-0.21920
33
-10.20457
0
3DFACE
8
C2
10
2.73277
20
-0.30401
30
-10.11361
11
2.70806
21
-0.38291
31
-9.98746
12
2.85450
22
-0.39161
32
-9.96539
13
2.87894
23
-0.31052
33
-10.08956
0
3DFACE
8
C2
10
2.70806
20
-0.38291
30
-9.98746
11
2.68550
21
-0.47905
31
-9.87680
12
2.83204
22
-0.48852
32
-9.85541
13
2.85450
23
-0.39161
33
-9.96539
0
3DFACE
8
C2
10
2.68550
20
-0.47905
30
-9.87680
11
2.66532
21
-0.59420
31
-9.78319
12
2.81176
22
-0.60290
32
-9.76111
13
2.83204
23
-0.48852
33
-9.85541
0
3DFACE
8
C2
10
2.66532
20
-0.59420
30
-9.78319
11
2.64280
21
-0.69067
31
-9.67282
12
2.78931
22
-0.69992
32
-9.65124
13
2.81176
23
-0.60290
33
-9.76111
0
3DFACE
8
C2
10
2.64280
20
-0.69067
30
-9.67282
11
2.61986
21
-0.78374
31
-9.55939
12
2.76647
22
-0.79376
32
-9.53850
13
2.78931
23
-0.69992
33
-9.65124
0
3DFACE
8
C2
10
2.61986
20
-0.78374
30
-9.55939
11
2.59536
21
-0.86440
31
-9.43482
12
2.74215
22
-0.87584
32
-9.41521
13
2.76647
23
-0.79376
33
-9.53850
0
3DFACE
8
C2
10
2.59536
20
-0.86440
30
-9.43482
11
2.57216
21
-0.95538
31
-9.31952
12
2.71911
22
-0.96814
32
-9.30109
13
2.74215
23
-0.87584
33
-9.41521
0
3DFACE
8
C2
10
2.57216
20
-0.95538
30
-9.31952
11
2.55079
21
-1.06097
31
-9.21733
12
2.69774
22
-1.07373
32
-9.19891
13
2.71911
23
-0.96814
33
-9.30109
0
3DFACE
8
C2
10
2.55079
20
-1.06097
30
-9.21733
11
2.52773
21
-1.15316
31
-9.10312
12
2.67479
22
-1.16680
32
-9.08548
13
2.69774
23
-1.07373
33
-9.19891
0
3DFACE
8
C2
10
2.52773
20
-1.15316
30
-9.10312
11
2.50461
21
-1.24480
31
-8.98841
12
2.65174
22
-1.25899
32
-8.97126
13
2.67479
23
-1.16680
33
-9.08548
0
3DFACE
8
C2
10
2.50461
20
-1.24480
30
-8.98841
11
2.48111
21
-1.33336
31
-8.87094
12
2.62832
22
-1.34821
32
-8.85439
13
2.65174
23
-1.25899
33
-8.97126
0
3DFACE
8
C2
10
2.48111
20
-1.33336
30
-8.87094
11
2.45821
21
-1.42676
31
-8.75781
12
2.60549
22
-1.44216
32
-8.74175
13
2.62832
23
-1.34821
33
-8.85439
0
3DFACE
8
C2
10
2.45821
20
-1.42676
30
-8.75781
11
2.43678
21
-1.53191
31
-8.65523
12
2.58404
22
-1.54720
32
-8.63907
13
2.60549
23
-1.44216
33
-8.74175
0
3DFACE
8
C2
10
2.43678
20
-1.53191
30
-8.65523
11
2.41408
21
-1.62696
31
-8.54358
12
2.56132
22
-1.64203
32
-8.52722
13
2.58404
23
-1.54720
33
-8.63907
0
3DFACE
8
C2
10
2.41408
20
-1.62696
30
-8.54358
11
2.39128
21
-1.72112
31
-8.43113
12
2.53843
22
-1.73554
32
-8.41419
13
2.56132
23
-1.64203
33
-8.52722
0
3DFACE
8
C2
10
2.39128
20
-1.72112
30
-8.43113
11
2.36796
21
-1.81122
31
-8.31505
12
2.51493
22
-1.82410
32
-8.29672
13
2.53843
23
-1.73554
33
-8.41419
0
3DFACE
8
C2
10
2.36796
20
-1.81122
30
-8.31505
11
2.34479
21
-1.90243
31
-8.19994
12
2.49184
22
-1.91596
32
-8.18220
13
2.51493
23
-1.82410
33
-8.29672
0
3DFACE
8
C2
10
2.34479
20
-1.90243
30
-8.19994
11
2.32204
21
-1.99703
31
-8.08790
12
2.46924
22
-2.01177
32
-8.07124
13
2.49184
23
-1.91596
33
-8.18220
0
3DFACE
8
C2
10
2.32204
20
-1.99703
30
-8.08790
11
2.29886
21
-2.08823
31
-7.97279
12
2.44636
22
-2.10539
32
-7.95831
13
2.46924
23
-2.01177
33
-8.07124
0
3DFACE
8
C2
10
2.29886
20
-2.08823
30
-7.97279
11
2.27555
21
-2.17833
31
-7.85670
12
2.42344
22
-2.19857
32
-7.84498
13
2.44636
23
-2.10539
33
-7.95831
0
3DFACE
8
C2
10
2.27555
20
-2.17833
30
-7.85670
11
2.25198
21
-2.26635
31
-7.73874
12
2.40033
22
-2.29032
32
-7.73037
13
2.42344
23
-2.19857
33
-7.84498
0
3DFACE
8
C2
10
2.25198
20
-2.26635
30
-7.73874
11
2.22783
21
-2.34975
31
-7.61664
12
2.37674
22
-2.37822
32
-7.61231
13
2.40033
23
-2.29032
33
-7.73037
0
3DFACE
8
C2
10
2.22783
20
-2.34975
30
-7.61664
11
2.20395
21
-2.43535
31
-7.49650
12
2.35344
22
-2.46843
32
-7.49632
13
2.37674
23
-2.37822
33
-7.61231
0
3DFACE
8
C2
10
2.20395
20
-2.43535
30
-7.49650
11
2.17991
21
-2.51962
31
-7.37519
12
2.32961
22
-2.55436
32
-7.37648
13
2.35344
23
-2.46843
33
-7.49632
0
3DFACE
8
C2
10
2.17991
20
-2.51962
30
-7.37519
11
2.15584
21
-2.60368
31
-7.25368
12
2.30545
22
-2.63776
32
-7.25438
13
2.32961
23
-2.55436
33
-7.37648
0
3DFACE
8
C2
10
2.15584
20
-2.60368
30
-7.25368
11
2.13291
21
-2.69686
31
-7.14035
12
2.28195
22
-2.72633
32
-7.13691
13
2.30545
23
-2.63776
33
-7.25438
0
3DFACE
8
C2
10
2.13291
20
-2.69686
30
-7.14035
11
2.10891
21
-2.78147
31
-7.01933
12
2.25765
22
-2.80852
32
-7.01372
13
2.28195
23
-2.72633
33
-7.13691
0
3DFACE
8
C2
10
2.10891
20
-2.78147
30
-7.01933
11
2.08516
21
-2.86806
31
-6.90008
12
2.23366
22
-2.89324
32
-6.89280
13
2.25765
23
-2.80852
33
-7.01372
0
3DFACE
8
C2
10
2.08516
20
-2.86806
30
-6.90008
11
2.06204
21
-2.95970
31
-6.78538
12
2.21029
22
-2.98290
32
-6.77631
13
2.23366
23
-2.89324
33
-6.89280
0
3DFACE
8
C2
10
2.06204
20
-2.95970
30
-6.78538
11
2.03918
21
-3.05342
31
-6.67254
12
2.18730
22
-3.07553
32
-6.66249
13
2.21029
23
-2.98290
33
-6.77631
0
3DFACE
8
C2
10
2.03918
20
-3.05342
30
-6.67254
11
2.01698
21
-3.15242
31
-6.56444
12
2.16479
22
-3.17211
32
-6.55222
13
2.18730
23
-3.07553
33
-6.66249
0
3DFACE
8
C2
10
2.01698
20
-3.15242
30
-6.56444
11
1.99375
21
-3.24318
31
-6.44894
12
2.14181
22
-3.26485
32
-6.43850
13
2.16479
23
-3.17211
33
-6.55222
0
3DFACE
8
C2
10
1.99375
20
-3.24318
30
-6.44894
11
1.96859
21
-3.31857
31
-6.31964
12
2.11752
22
-3.34715
32
-6.31541
13
2.14181
23
-3.26485
33
-6.43850
0
3DFACE
8
C2
10
1.96859
20
-3.31857
30
-6.31964
11
1.94454
21
-3.40273
31
-6.19822
12
2.09385
22
-3.43440
32
-6.19676
13
2.11752
23
-3.34715
33
-6.31541
0
3DFACE
8
C2
10
1.94454
20
-3.40273
30
-6.19822
11
1.92109
21
-3.49174
31
-6.08115
12
2.07022
22
-3.52197
32
-6.07840
13
2.09385
23
-3.43440
33
-6.19676
0
3DFACE
8
C2
10
1.92109
20
-3.49174
30
-6.08115
11
1.89931
21
-3.59414
31
-5.97610
12
2.04757
22
-3.61735
32
-5.96704
13
2.07022
23
-3.52197
33
-6.07840
0
3DFACE
8
C2
10
1.89931
20
-3.59414
30
-5.97610
11
1.87556
21
-3.68073
31
-5.85686
12
2.02342
22
-3.70075
32
-5.84494
13
2.04757
23
-3.61735
33
-5.96704
0
3DFACE
8
C2
10
1.87556
20
-3.68073
30
-5.85686
11
1.85122
21
-3.76259
31
-5.73337
12
1.99912
22
-3.78294
32
-5.72175
13
2.02342
23
-3.70075
33
-5.84494
0
3DFACE
8
C2
10
1.85122
20
-3.76259
30
-5.73337
11
1.82854
21
-3.85775
31
-5.62182
12
1.97620
22
-3.87623
32
-5.60852
13
1.99912
23
-3.78294
33
-5.72175
0
3DFACE
8
C2
10
1.82854
20
-3.85775
30
-5.62182
11
1.80763
21
-3.96707
31
-5.52299
12
1.95483
22
-3.98182
32
-5.50633
13
1.97620
23
-3.87623
33
-5.60852
0
3DFACE
8
C2
10
1.80763
20
-3.96707
30
-5.52299
11
1.78803
21
-4.08684
31
-5.43352
12
1.93478
22
-4.09807
32
-5.41371
13
1.95483
23
-3.98182
33
-5.50633
0
3DFACE
8
C2
10
1.78803
20
-4.08684
30
-5.43352
11
1.76793
21
-4.20265
31
-5.34050
12
1.91469
22
-4.21387
32
-5.32069
13
1.93478
23
-4.09807
33
-5.41371
0
3DFACE
8
C2
10
1.76793
20
-4.20265
30
-5.34050
11
1.74618
21
-4.30527
31
-5.23565
12
1.89361
22
-4.32188
32
-5.22068
13
1.91469
23
-4.21387
33
-5.32069
0
3DFACE
8
C2
10
1.74618
20
-4.30527
30
-5.23565
11
1.72641
21
-4.42372
31
-5.14500
12
1.87404
22
-4.44187
32
-5.13141
13
1.89361
23
-4.32188
33
-5.22068
0
3DFACE
8
C2
10
3.45015
20
2.31139
30
-12.85724
11
3.42880
21
2.20558
31
-12.75525
12
3.57517
22
2.19743
32
-12.73268
13
3.59671
23
2.30170
33
-12.83605
0
3DFACE
8
C2
10
3.42880
20
2.20558
30
-12.75525
11
3.40863
21
2.09032
31
-12.66174
12
3.55470
22
2.08459
32
-12.63700
13
3.57517
23
2.19743
33
-12.73268
0
3DFACE
8
C2
10
3.40863
20
2.09032
30
-12.66174
11
3.38793
21
1.97934
31
-12.56439
12
3.53367
22
1.97625
32
-12.53728
13
3.55470
23
2.08459
33
-12.63700
0
3DFACE
8
C2
10
3.38793
20
1.97934
30
-12.56439
11
3.36746
21
1.86650
31
-12.46871
12
3.51282
22
1.86648
32
-12.43884
13
3.53367
23
1.97625
33
-12.53728
0
3DFACE
8
C2
10
3.36746
20
1.86650
30
-12.46871
11
3.34764
21
1.74850
31
-12.37766
12
3.49254
22
1.75210
32
-12.34454
13
3.51282
23
1.86648
33
-12.43884
0
3DFACE
8
C2
10
3.34764
20
1.74850
30
-12.37766
11
3.32828
21
1.62676
31
-12.28997
12
3.47275
22
1.63387
32
-12.25370
13
3.49254
23
1.75210
33
-12.34454
0
3DFACE
8
C2
10
3.32828
20
1.62676
30
-12.28997
11
3.30939
21
1.50128
31
-12.20563
12
3.45388
22
1.50818
32
-12.16955
13
3.47275
23
1.63387
33
-12.25370
0
3DFACE
8
C2
10
3.30939
20
1.50128
30
-12.20563
11
3.28932
21
1.38525
31
-12.11281
12
3.43347
22
1.39490
32
-12.07427
13
3.45388
23
1.50818
33
-12.16955
0
3DFACE
8
C2
10
3.28932
20
1.38525
30
-12.11281
11
3.26821
21
1.27757
31
-12.01250
12
3.41209
22
1.28930
32
-11.97208
13
3.43347
23
1.39490
33
-12.07427
0
3DFACE
8
C2
10
3.26821
20
1.27757
30
-12.01250
11
3.24778
21
1.16440
31
-11.91712
12
3.39142
22
1.17811
32
-11.87492
13
3.41209
23
1.28930
33
-11.97208
0
3DFACE
8
C2
10
3.24778
20
1.16440
30
-11.91712
11
3.22733
21
1.05145
31
-11.82153
12
3.37073
22
1.06703
32
-11.77767
13
3.39142
23
1.17811
33
-11.87492
0
3DFACE
8
C2
10
3.22733
20
1.05145
30
-11.82153
11
3.20742
21
0.93410
31
-11.72990
12
3.35133
22
0.94561
32
-11.68968
13
3.37073
23
1.06703
33
-11.77767
0
3DFACE
8
C2
10
3.20742
20
0.93410
30
-11.72990
11
3.18653
21
0.82466
31
-11.63116
12
3.33022
22
0.83793
32
-11.58937
13
3.35133
23
0.94561
33
-11.68968
0
3DFACE
8
C2
10
3.18653
20
0.82466
30
-11.63116
11
3.16430
21
0.72588
31
-11.52286
12
3.30744
22
0.74355
32
-11.47712
13
3.33022
23
0.83793
33
-11.58937
0
3DFACE
8
C2
10
3.16430
20
0.72588
30
-11.52286
11
3.14185
21
0.62886
31
-11.41298
12
3.28502
22
0.64631
32
-11.36744
13
3.30744
23
0.74355
33
-11.47712
0
3DFACE
8
C2
10
3.14185
20
0.62886
30
-11.41298
11
3.11883
21
0.53645
31
-11.29897
12
3.26215
22
0.55269
32
-11.25451
13
3.28502
23
0.64631
33
-11.36744
0
3DFACE
8
C2
10
3.11883
20
0.53645
30
-11.29897
11
3.09447
21
0.45470
31
-11.17538
12
3.23825
22
0.46731
32
-11.13418
13
3.26215
23
0.55269
33
-11.25451
0
3DFACE
8
C2
10
3.09447
20
0.45470
30
-11.17538
11
3.07090
21
0.36668
31
-11.05742
12
3.21490
22
0.37743
32
-11.01789
13
3.23825
23
0.46731
33
-11.13418
0
3DFACE
8
C2
10
3.07090
20
0.36668
30
-11.05742
11
3.04624
21
0.28735
31
-10.93167
12
3.18990
22
0.30084
32
-10.88968
13
3.21490
23
0.37743
33
-11.01789
0
3DFACE
8
C2
10
3.04624
20
0.28735
30
-10.93167
11
3.02188
21
0.20560
31
-10.80809
12
3.16600
22
0.21546
32
-10.76935
13
3.18990
23
0.30084
33
-10.88968
0
3DFACE
8
C2
10
3.02188
20
0.20560
30
-10.80809
11
2.99751
21
0.12395
31
-10.68440
12
3.14205
22
0.13041
32
-10.64872
13
3.16600
23
0.21546
33
-10.76935
0
3DFACE
8
C2
10
2.99751
20
0.12395
30
-10.68440
11
2.97142
21
0.05604
31
-10.54840
12
3.11660
22
0.05745
32
-10.51725
13
3.14205
23
0.13041
33
-10.64872
0
3DFACE
8
C2
10
2.97142
20
0.05604
30
-10.54840
11
2.94776
21
-0.03131
31
-10.42984
12
3.09326
22
-0.03243
32
-10.40096
13
3.11660
23
0.05745
33
-10.51725
0
3DFACE
8
C2
10
2.94776
20
-0.03131
30
-10.42984
11
2.92540
21
-0.12899
31
-10.32056
12
3.07093
22
-0.13044
32
-10.29197
13
3.09326
23
-0.03243
33
-10.40096
0
3DFACE
8
C2
10
2.92540
20
-0.12899
30
-10.32056
11
2.90210
21
-0.21920
31
-10.20457
12
3.04792
22
-0.22296
32
-10.17805
13
3.07093
23
-0.13044
33
-10.29197
0
3DFACE
8
C2
10
2.90210
20
-0.21920
30
-10.20457
11
2.87894
21
-0.31052
31
-10.08956
12
3.02497
22
-0.31592
32
-10.06453
13
3.04792
23
-0.22296
33
-10.17805
0
3DFACE
8
C2
10
2.87894
20
-0.31052
30
-10.08956
11
2.85450
21
-0.39161
31
-9.96539
12
3.00090
22
-0.39998
32
-9.94302
13
3.02497
23
-0.31592
33
-10.06453
0
3DFACE
8
C2
10
2.85450
20
-0.39161
30
-9.96539
11
2.83204
21
-0.48852
31
-9.85541
12
2.97853
22
-0.49766
32
-9.83373
13
3.00090
23
-0.39998
33
-9.94302
0
3DFACE
8
C2
10
2.83204
20
-0.48852
30
-9.85541
11
2.81176
21
-0.60290
31
-9.76111
12
2.95809
22
-0.61072
32
-9.73825
13
2.97853
23
-0.49766
33
-9.83373
0
3DFACE
8
C2
10
2.81176
20
-0.60290
30
-9.76111
11
2.78931
21
-0.69992
31
-9.65124
12
2.93571
22
-0.70830
32
-9.62886
13
2.95809
23
-0.61072
33
-9.73825
0
3DFACE
8
C2
10
2.78931
20
-0.69992
30
-9.65124
11
2.76647
21
-0.79376
31
-9.53850
12
2.91303
22
-0.80345
32
-9.51731
13
2.93571
23
-0.70830
33
-9.62886
0
3DFACE
8
C2
10
2.76647
20
-0.79376
30
-9.53850
11
2.74215
21
-0.87584
31
-9.41521
12
2.88905
22
-0.88817
32
-9.39639
13
2.91303
23
-0.80345
33
-9.51731
0
3DFACE
8
C2
10
2.74215
20
-0.87584
30
-9.41521
11
2.71911
21
-0.96814
31
-9.30109
12
2.86620
22
-0.98201
32
-9.28365
13
2.88905
23
-0.88817
33
-9.39639
0
3DFACE
8
C2
10
2.71911
20
-0.96814
30
-9.30109
11
2.69774
21
-1.07373
31
-9.19891
12
2.84480
22
-1.08738
32
-9.18127
13
2.86620
23
-0.98201
33
-9.28365
0
3DFACE
8
C2
10
2.69774
20
-1.07373
30
-9.19891
11
2.67479
21
-1.16680
31
-9.08548
12
2.82201
22
-1.18166
32
-9.06893
13
2.84480
23
-1.08738
33
-9.18127
0
3DFACE
8
C2
10
2.67479
20
-1.16680
30
-9.08548
11
2.65174
21
-1.25899
31
-8.97126
12
2.79908
22
-1.27483
32
-8.95560
13
2.82201
23
-1.18166
33
-9.06893
0
3DFACE
8
C2
10
2.65174
20
-1.25899
30
-8.97126
11
2.62832
21
-1.34821
31
-8.85439
12
2.77570
22
-1.36439
32
-8.83901
13
2.79908
23
-1.27483
33
-8.95560
0
3DFACE
8
C2
10
2.62832
20
-1.34821
30
-8.85439
11
2.60549
21
-1.44216
31
-8.74175
12
2.75292
22
-1.45877
32
-8.72677
13
2.77570
23
-1.36439
33
-8.83901
0
3DFACE
8
C2
10
2.60549
20
-1.44216
30
-8.74175
11
2.58404
21
-1.54720
31
-8.63907
12
2.73136
22
-1.56294
32
-8.62330
13
2.75292
23
-1.45877
33
-8.72677
0
3DFACE
8
C2
10
2.58404
20
-1.54720
30
-8.63907
11
2.56132
21
-1.64203
31
-8.52722
12
2.70866
22
-1.65787
32
-8.51155
13
2.73136
23
-1.56294
33
-8.62330
0
3DFACE
8
C2
10
2.56132
20
-1.64203
30
-8.52722
11
2.53843
21
-1.73554
31
-8.41419
12
2.68577
22
-1.75138
32
-8.39852
13
2.70866
23
-1.65787
33
-8.51155
0
3DFACE
8
C2
10
2.53843
20
-1.73554
30
-8.41419
11
2.51493
21
-1.82410
31
-8.29672
12
2.66207
22
-1.83840
32
-8.27967
13
2.68577
23
-1.75138
33
-8.39852
0
3DFACE
8
C2
10
2.51493
20
-1.82410
30
-8.29672
11
2.49184
21
-1.91596
31
-8.18220
12
2.63909
22
-1.93114
32
-8.16595
13
2.66207
23
-1.83840
33
-8.27967
0
3DFACE
8
C2
10
2.49184
20
-1.91596
30
-8.18220
11
2.46924
21
-2.01177
31
-8.07124
12
2.61675
22
-2.02904
32
-8.05686
13
2.63909
23
-1.93114
33
-8.16595
0
3DFACE
8
C2
10
2.46924
20
-2.01177
30
-8.07124
11
2.44636
21
-2.10539
31
-7.95831
12
2.59414
22
-2.12475
32
-7.94580
13
2.61675
23
-2.02904
33
-8.05686
0
3DFACE
8
C2
10
2.44636
20
-2.10539
30
-7.95831
11
2.42344
21
-2.19857
31
-7.84498
12
2.57155
22
-2.22067
32
-7.83493
13
2.59414
23
-2.12475
33
-7.94580
0
3DFACE
8
C2
10
2.42344
20
-2.19857
30
-7.84498
11
2.40033
21
-2.29032
31
-7.73037
12
2.54882
22
-2.31539
32
-7.72298
13
2.57155
23
-2.22067
33
-7.83493
0
3DFACE
8
C2
10
2.40033
20
-2.29032
30
-7.73037
11
2.37674
21
-2.37822
31
-7.61231
12
2.52567
22
-2.40681
32
-7.60808
13
2.54882
23
-2.31539
33
-7.72298
0
3DFACE
8
C2
10
2.37674
20
-2.37822
30
-7.61231
11
2.35344
21
-2.46843
31
-7.49632
12
2.50297
22
-2.50185
32
-7.49643
13
2.52567
23
-2.40681
33
-7.60808
0
3DFACE
8
C2
10
2.35344
20
-2.46843
30
-7.49632
11
2.32961
21
-2.55436
31
-7.37648
12
2.47940
22
-2.58987
32
-7.37846
13
2.50297
23
-2.50185
33
-7.49643
0
3DFACE
8
C2
10
2.32961
20
-2.55436
30
-7.37648
11
2.30545
21
-2.63776
31
-7.25438
12
2.45541
22
-2.67459
32
-7.25754
13
2.47940
23
-2.58987
33
-7.37846
0
3DFACE
8
C2
10
2.30545
20
-2.63776
30
-7.25438
11
2.28195
21
-2.72633
31
-7.13691
12
2.43132
22
-2.75843
32
-7.13583
13
2.45541
23
-2.67459
33
-7.25754
0
3DFACE
8
C2
10
2.28195
20
-2.72633
30
-7.13691
11
2.25765
21
-2.80852
31
-7.01372
12
2.40704
22
-2.84084
32
-7.01284
13
2.43132
23
-2.75843
33
-7.13583
0
3DFACE
8
C2
10
2.25765
20
-2.80852
30
-7.01372
11
2.23366
21
-2.89324
31
-6.89280
12
2.38307
22
-2.92567
32
-6.89202
13
2.40704
23
-2.84084
33
-7.01284
0
3DFACE
8
C2
10
2.23366
20
-2.89324
30
-6.89280
11
2.21029
21
-2.98290
31
-6.77631
12
2.35976
22
-3.01577
32
-6.77593
13
2.38307
23
-2.92567
33
-6.89202
0
3DFACE
8
C2
10
2.21029
20
-2.98290
30
-6.77631
11
2.18730
21
-3.07553
31
-6.66249
12
2.33691
22
-3.10961
32
-6.66319
13
2.35976
23
-3.01577
33
-6.77593
0
3DFACE
8
C2
10
2.18730
20
-3.07553
30
-6.66249
11
2.16479
21
-3.17211
31
-6.55222
12
2.31453
22
-3.20718
32
-6.55381
13
2.33691
23
-3.10961
33
-6.66319
0
3DFACE
8
C2
10
2.16479
20
-3.17211
30
-6.55222
11
2.14181
21
-3.26485
31
-6.43850
12
2.29192
22
-3.30288
32
-6.44275
13
2.31453
23
-3.20718
33
-6.55381
0
3DFACE
8
C2
10
2.14181
20
-3.26485
30
-6.43850
11
2.11752
21
-3.34715
31
-6.31541
12
2.26886
22
-3.39496
32
-6.32843
13
2.29192
23
-3.30288
33
-6.44275
0
3DFACE
8
C2
10
2.11752
20
-3.34715
30
-6.31541
11
2.09385
21
-3.43440
31
-6.19676
12
2.24573
22
-3.48660
32
-6.21372
13
2.26886
23
-3.39496
33
-6.32843
0
3DFACE
8
C2
10
2.09385
20
-3.43440
30
-6.19676
11
2.07022
21
-3.52197
31
-6.07840
12
2.22235
22
-3.57615
32
-6.09714
13
2.24573
23
-3.48660
33
-6.21372
0
3DFACE
8
C2
10
2.07022
20
-3.52197
30
-6.07840
11
2.04757
21
-3.61735
31
-5.96704
12
2.19953
22
-3.67021
32
-5.98460
13
2.22235
23
-3.57615
33
-6.09714
0
3DFACE
8
C2
10
2.04757
20
-3.61735
30
-5.96704
11
2.02342
21
-3.70075
31
-5.84494
12
2.17544
22
-3.75405
32
-5.86289
13
2.19953
23
-3.67021
33
-5.98460
0
3DFACE
8
C2
10
2.02342
20
-3.70075
30
-5.84494
11
1.99912
21
-3.78294
31
-5.72175
12
2.15120
22
-3.83679
32
-5.74020
13
2.17544
23
-3.75405
33
-5.86289
0
3DFACE
8
C2
10
1.99912
20
-3.78294
30
-5.72175
11
1.97620
21
-3.87623
31
-5.60852
12
2.12797
22
-3.92755
32
-5.62470
13
2.15120
23
-3.83679
33
-5.74020
0
3DFACE
8
C2
10
1.97620
20
-3.87623
30
-5.60852
11
1.95483
21
-3.98182
31
-5.50633
12
2.10609
22
-4.02908
32
-5.51887
13
2.12797
23
-3.92755
33
-5.62470
0
3DFACE
8
C2
10
1.95483
20
-3.98182
30
-5.50633
11
1.93478
21
-4.09807
31
-5.41371
12
2.08539
22
-4.14005
32
-5.42151
13
2.10609
23
-4.02908
33
-5.51887
0
3DFACE
8
C2
10
1.93478
20
-4.09807
30
-5.41371
11
1.91469
21
-4.21387
31
-5.32069
12
2.06488
22
-4.25257
32
-5.32554
13
2.08539
23
-4.14005
33
-5.42151
0
3DFACE
8
C2
10
1.91469
20
-4.21387
30
-5.32069
11
1.89361
21
-4.32188
31
-5.22068
12
2.04371
22
-4.35981
32
-5.22483
13
2.06488
23
-4.25257
33
-5.32554
0
3DFACE
8
C2
10
1.89361
20
-4.32188
30
-5.22068
11
1.87404
21
-4.44187
31
-5.13141
12
2.02379
22
-4.47704
32
-5.13309
13
2.04371
23
-4.35981
33
-5.22483
0
3DFACE
8
C2
10
3.59671
20
2.30170
30
-12.83605
11
3.57517
21
2.19743
31
-12.73268
12
3.72399
22
2.16972
32
-12.72767
13
3.74560
23
2.27345
33
-12.83153
0
3DFACE
8
C2
10
3.57517
20
2.19743
30
-12.73268
11
3.55470
21
2.08459
31
-12.63700
12
3.70348
22
2.05721
32
-12.63169
13
3.72399
23
2.16972
33
-12.72767
0
3DFACE
8
C2
10
3.55470
20
2.08459
30
-12.63700
11
3.53367
21
1.97625
31
-12.53728
12
3.68220
22
1.95085
32
-12.53019
13
3.70348
23
2.05721
33
-12.63169
0
3DFACE
8
C2
10
3.53367
20
1.97625
30
-12.53728
11
3.51282
21
1.86648
31
-12.43884
12
3.66081
22
1.84537
32
-12.42791
13
3.68220
23
1.95085
33
-12.53019
0
3DFACE
8
C2
10
3.51282
20
1.86648
30
-12.43884
11
3.49254
21
1.75210
31
-12.34454
12
3.63992
22
1.73593
32
-12.32917
13
3.66081
23
1.84537
33
-12.42791
0
3DFACE
8
C2
10
3.49254
20
1.75210
30
-12.34454
11
3.47275
21
1.63387
31
-12.25370
12
3.61971
22
1.62100
32
-12.23537
13
3.63992
23
1.73593
33
-12.32917
0
3DFACE
8
C2
10
3.47275
20
1.63387
30
-12.25370
11
3.45388
21
1.50818
31
-12.16955
12
3.60060
22
1.49728
32
-12.14945
13
3.61971
23
1.62100
33
-12.23537
0
3DFACE
8
C2
10
3.45388
20
1.50818
30
-12.16955
11
3.43347
21
1.39490
31
-12.07427
12
3.57965
22
1.38828
32
-12.05032
13
3.60060
23
1.49728
33
-12.14945
0
3DFACE
8
C2
10
3.43347
20
1.39490
30
-12.07427
11
3.41209
21
1.28930
31
-11.97208
12
3.55766
22
1.28764
32
-11.94370
13
3.57965
23
1.38828
33
-12.05032
0
3DFACE
8
C2
10
3.41209
20
1.28930
30
-11.97208
11
3.39142
21
1.17811
31
-11.87492
12
3.53658
22
1.17963
32
-11.84368
13
3.55766
23
1.28764
33
-11.94370
0
3DFACE
8
C2
10
3.39142
20
1.17811
30
-11.87492
11
3.37073
21
1.06703
31
-11.77767
12
3.51584
22
1.06898
32
-11.74603
13
3.53658
23
1.17963
33
-11.84368
0
3DFACE
8
C2
10
3.37073
20
1.06703
30
-11.77767
11
3.35133
21
0.94561
31
-11.68968
12
3.49673
22
0.94526
32
-11.66011
13
3.51584
23
1.06898
33
-11.74603
0
3DFACE
8
C2
10
3.35133
20
0.94561
30
-11.68968
11
3.33022
21
0.83793
31
-11.58937
12
3.47548
22
0.83868
32
-11.55881
13
3.49673
23
0.94526
33
-11.66011
0
3DFACE
8
C2
10
3.33022
20
0.83793
30
-11.58937
11
3.30744
21
0.74355
31
-11.47712
12
3.45228
22
0.74770
32
-11.44351
13
3.47548
23
0.83868
33
-11.55881
0
3DFACE
8
C2
10
3.30744
20
0.74355
30
-11.47712
11
3.28502
21
0.64631
31
-11.36744
12
3.42966
22
0.65200
32
-11.33245
13
3.45228
23
0.74770
33
-11.44351
0
3DFACE
8
C2
10
3.28502
20
0.64631
30
-11.36744
11
3.26215
21
0.55269
31
-11.25451
12
3.40668
22
0.55926
32
-11.21873
13
3.42966
23
0.65200
33
-11.33245
0
3DFACE
8
C2
10
3.26215
20
0.55269
30
-11.25451
11
3.23825
21
0.46731
31
-11.13418
12
3.38296
22
0.47245
32
-11.09968
13
3.40668
23
0.55926
33
-11.21873
0
3DFACE
8
C2
10
3.23825
20
0.46731
30
-11.13418
11
3.21490
21
0.37743
31
-11.01789
12
3.35937
22
0.38455
32
-10.98162
13
3.38296
23
0.47245
33
-11.09968
0
3DFACE
8
C2
10
3.21490
20
0.37743
30
-11.01789
11
3.18990
21
0.30084
31
-10.88968
12
3.33387
22
0.31191
32
-10.84985
13
3.35937
23
0.38455
33
-10.98162
0
3DFACE
8
C2
10
3.18990
20
0.30084
30
-10.88968
11
3.16600
21
0.21546
31
-10.76935
12
3.30988
22
0.22720
32
-10.72893
13
3.33387
23
0.31191
33
-10.84985
0
3DFACE
8
C2
10
3.16600
20
0.21546
30
-10.76935
11
3.14205
21
0.13041
31
-10.64872
12
3.28609
22
0.14094
32
-10.60939
13
3.30988
23
0.22720
33
-10.72893
0
3DFACE
8
C2
10
3.14205
20
0.13041
30
-10.64872
11
3.11660
21
0.05745
31
-10.51725
12
3.26125
22
0.06303
32
-10.48236
13
3.28609
23
0.14094
33
-10.60939
0
3DFACE
8
C2
10
3.11660
20
0.05745
30
-10.51725
11
3.09326
21
-0.03243
31
-10.40096
12
3.23809
22
-0.02828
32
-10.36735
13
3.26125
23
0.06303
33
-10.48236
0
3DFACE
8
C2
10
3.09326
20
-0.03243
30
-10.40096
11
3.07093
21
-0.13044
31
-10.29197
12
3.21557
22
-0.12475
32
-10.25698
13
3.23809
23
-0.02828
33
-10.36735
0
3DFACE
8
C2
10
3.07093
20
-0.13044
30
-10.29197
11
3.04792
21
-0.22296
31
-10.17805
12
3.19273
22
-0.21859
32
-10.14424
13
3.21557
23
-0.12475
33
-10.25698
0
3DFACE
8
C2
10
3.04792
20
-0.22296
30
-10.17805
11
3.02497
21
-0.31592
31
-10.06453
12
3.17005
22
-0.31374
32
-10.03269
13
3.19273
23
-0.21859
33
-10.14424
0
3DFACE
8
C2
10
3.02497
20
-0.31592
30
-10.06453
11
3.00090
21
-0.39998
31
-9.94302
12
3.14658
22
-0.40264
32
-9.91552
13
3.17005
23
-0.31374
33
-10.03269
0
3DFACE
8
C2
10
3.00090
20
-0.39998
30
-9.94302
11
2.97853
21
-0.49766
31
-9.83373
12
3.12434
22
-0.50131
32
-9.80712
13
3.14658
23
-0.40264
33
-9.91552
0
3DFACE
8
C2
10
2.97853
20
-0.49766
30
-9.83373
11
2.95809
21
-0.61072
31
-9.73825
12
3.10354
22
-0.61151
32
-9.70907
13
3.12434
23
-0.50131
33
-9.80712
0
3DFACE
8
C2
10
2.95809
20
-0.61072
30
-9.73825
11
2.93571
21
-0.70830
31
-9.62886
12
3.08125
22
-0.70975
32
-9.60028
13
3.10354
23
-0.61151
33
-9.70907
0
3DFACE
8
C2
10
2.93571
20
-0.70830
30
-9.62886
11
2.91303
21
-0.80345
31
-9.51731
12
3.05877
22
-0.80655
32
-9.49020
13
3.08125
23
-0.70975
33
-9.60028
0
3DFACE
8
C2
10
2.91303
20
-0.80345
30
-9.51731
11
2.88905
21
-0.88817
31
-9.39639
12
3.03538
22
-0.89599
32
-9.37352
13
3.05877
23
-0.80655
33
-9.49020
0
3DFACE
8
C2
10
2.88905
20
-0.88817
30
-9.39639
11
2.86620
21
-0.98201
31
-9.28365
12
3.01278
22
-0.99181
32
-9.26256
13
3.03538
23
-0.89599
33
-9.37352
0
3DFACE
8
C2
10
2.86620
20
-0.98201
30
-9.28365
11
2.84480
21
-1.08738
31
-9.18127
12
2.99114
22
-1.09531
32
-9.15850
13
3.01278
23
-0.99181
33
-9.26256
0
3DFACE
8
C2
10
2.84480
20
-1.08738
30
-9.18127
11
2.82201
21
-1.18166
31
-9.06893
12
2.96845
22
-1.19036
32
-9.04685
13
2.99114
23
-1.09531
33
-9.15850
0
3DFACE
8
C2
10
2.82201
20
-1.18166
30
-9.06893
11
2.79908
21
-1.27483
31
-8.95560
12
2.94561
22
-1.28430
32
-8.93421
13
2.96845
23
-1.19036
33
-9.04685
0
3DFACE
8
C2
10
2.79908
20
-1.27483
30
-8.95560
11
2.77570
21
-1.36439
31
-8.83901
12
2.92241
22
-1.37528
32
-8.81891
13
2.94561
23
-1.28430
33
-8.93421
0
3DFACE
8
C2
10
2.77570
20
-1.36439
30
-8.83901
11
2.75292
21
-1.45877
31
-8.72677
12
2.89972
22
-1.47033
32
-8.70726
13
2.92241
23
-1.37528
33
-8.81891
0
3DFACE
8
C2
10
2.75292
20
-1.45877
30
-8.72677
11
2.73136
21
-1.56294
31
-8.62330
12
2.87783
22
-1.57186
32
-8.60142
13
2.89972
23
-1.47033
33
-8.70726
0
3DFACE
8
C2
10
2.73136
20
-1.56294
30
-8.62330
11
2.70866
21
-1.65787
31
-8.51155
12
2.85504
22
-1.66613
32
-8.48908
13
2.87783
23
-1.57186
33
-8.60142
0
3DFACE
8
C2
10
2.70866
20
-1.65787
30
-8.51155
11
2.68577
21
-1.75138
31
-8.39852
12
2.83211
22
-1.75931
32
-8.37575
13
2.85504
23
-1.66613
33
-8.48908
0
3DFACE
8
C2
10
2.68577
20
-1.75138
30
-8.39852
11
2.66207
21
-1.83840
31
-8.27967
12
2.80840
22
-1.84623
32
-8.25680
13
2.83211
23
-1.75931
33
-8.37575
0
3DFACE
8
C2
10
2.66207
20
-1.83840
30
-8.27967
11
2.63909
21
-1.93114
31
-8.16595
12
2.78552
22
-1.93973
32
-8.14377
13
2.80840
23
-1.84623
33
-8.25680
0
3DFACE
8
C2
10
2.63909
20
-1.93114
30
-8.16595
11
2.61675
21
-2.02904
31
-8.05686
12
2.76330
22
-2.03862
32
-8.03557
13
2.78552
23
-1.93973
33
-8.14377
0
3DFACE
8
C2
10
2.61675
20
-2.02904
30
-8.05686
11
2.59414
21
-2.12475
31
-7.94580
12
2.74095
22
-2.13642
32
-7.92638
13
2.76330
23
-2.03862
33
-8.03557
0
3DFACE
8
C2
10
2.59414
20
-2.12475
30
-7.94580
11
2.57155
21
-2.22067
31
-7.83493
12
2.71872
22
-2.23520
32
-7.81808
13
2.74095
23
-2.13642
33
-7.92638
0
3DFACE
8
C2
10
2.57155
20
-2.22067
30
-7.83493
11
2.54882
21
-2.31539
31
-7.72298
12
2.69645
22
-2.33365
32
-7.70949
13
2.71872
23
-2.23520
33
-7.81808
0
3DFACE
8
C2
10
2.54882
20
-2.31539
30
-7.72298
11
2.52567
21
-2.40681
31
-7.60808
12
2.67395
22
-2.43023
32
-7.59921
13
2.69645
23
-2.33365
33
-7.70949
0
3DFACE
8
C2
10
2.52567
20
-2.40681
30
-7.60808
11
2.50297
21
-2.50185
31
-7.49643
12
2.65196
22
-2.53088
32
-7.49259
13
2.67395
23
-2.43023
33
-7.59921
0
3DFACE
8
C2
10
2.50297
20
-2.50185
30
-7.49643
11
2.47940
21
-2.58987
31
-7.37846
12
2.62882
22
-2.62241
32
-7.37778
13
2.65196
23
-2.53088
33
-7.49259
0
3DFACE
8
C2
10
2.47940
20
-2.58987
30
-7.37846
11
2.45541
21
-2.67459
31
-7.25754
12
2.60499
22
-2.70834
32
-7.25795
13
2.62882
23
-2.62241
33
-7.37778
0
3DFACE
8
C2
10
2.45541
20
-2.67459
30
-7.25754
11
2.43132
21
-2.75843
31
-7.13583
12
2.58045
22
-2.78866
32
-7.13308
13
2.60499
23
-2.70834
33
-7.25795
0
3DFACE
8
C2
10
2.43132
20
-2.75843
30
-7.13583
11
2.40704
21
-2.84084
31
-7.01284
12
2.55621
22
-2.87129
32
-7.01029
13
2.58045
23
-2.78866
33
-7.13308
0
3DFACE
8
C2
10
2.40704
20
-2.84084
30
-7.01284
11
2.38307
21
-2.92567
31
-6.89202
12
2.53249
22
-2.95821
32
-6.89134
13
2.55621
23
-2.87129
33
-7.01029
0
3DFACE
8
C2
10
2.38307
20
-2.92567
30
-6.89202
11
2.35976
21
-3.01577
31
-6.77593
12
2.50939
22
-3.04996
32
-6.77673
13
2.53249
23
-2.95821
33
-6.89134
0
3DFACE
8
C2
10
2.35976
20
-3.01577
30
-6.77593
11
2.33691
21
-3.10961
31
-6.66319
12
2.48660
22
-3.14423
32
-6.66439
13
2.50939
23
-3.04996
33
-6.77673
0
3DFACE
8
C2
10
2.33691
20
-3.10961
30
-6.66319
11
2.31453
21
-3.20718
31
-6.55381
12
2.46397
22
-3.23983
32
-6.55323
13
2.48660
23
-3.14423
33
-6.66439
0
3DFACE
8
C2
10
2.31453
20
-3.20718
30
-6.55381
11
2.29192
21
-3.30288
31
-6.44275
12
2.44192
22
-3.34004
32
-6.44621
13
2.46397
23
-3.23983
33
-6.55323
0
3DFACE
8
C2
10
2.29192
20
-3.30288
30
-6.44275
11
2.26886
21
-3.39496
31
-6.32843
12
2.42022
22
-3.44299
32
-6.34166
13
2.44192
23
-3.34004
33
-6.44621
0
3DFACE
8
C2
10
2.26886
20
-3.39496
30
-6.32843
11
2.24573
21
-3.48660
31
-6.21372
12
2.39770
22
-3.53946
32
-6.23129
13
2.42022
23
-3.44299
33
-6.34166
0
3DFACE
8
C2
10
2.24573
20
-3.48660
30
-6.21372
11
2.22235
21
-3.57615
31
-6.09714
12
2.37407
22
-3.62704
32
-6.11293
13
2.39770
23
-3.53946
33
-6.23129
0
3DFACE
8
C2
10
2.22235
20
-3.57615
30
-6.09714
11
2.19953
21
-3.67021
31
-5.98460
12
2.35002
22
-3.71121
32
-5.99152
13
2.37407
23
-3.62704
33
-6.11293
0
3DFACE
8
C2
10
2.19953
20
-3.67021
30
-5.98460
11
2.17544
21
-3.75405
31
-5.86289
12
2.32571
22
-3.79340
32
-5.86833
13
2.35002
23
-3.71121
33
-5.99152
0
3DFACE
8
C2
10
2.17544
20
-3.75405
30
-5.86289
11
2.15120
21
-3.83679
31
-5.74020
12
2.30195
22
-3.87988
32
-5.74898
13
2.32571
23
-3.79340
33
-5.86833
0
3DFACE
8
C2
10
2.15120
20
-3.83679
30
-5.74020
11
2.12797
21
-3.92755
31
-5.62470
12
2.27870
22
-3.97053
32
-5.63339
13
2.30195
23
-3.87988
33
-5.74898
0
3DFACE
8
C2
10
2.12797
20
-3.92755
30
-5.62470
11
2.10609
21
-4.02908
31
-5.51887
12
2.25617
22
-4.06689
32
-5.52292
13
2.27870
23
-3.97053
33
-5.63339
0
3DFACE
8
C2
10
2.10609
20
-4.02908
30
-5.51887
11
2.08539
21
-4.14005
31
-5.42151
12
2.23451
22
-4.17018
32
-5.41866
13
2.25617
23
-4.06689
33
-5.52292
0
3DFACE
8
C2
10
2.08539
20
-4.14005
30
-5.42151
11
2.06488
21
-4.25257
31
-5.32554
12
2.21363
22
-4.27972
32
-5.32002
13
2.23451
23
-4.17018
33
-5.41866
0
3DFACE
8
C2
10
2.06488
20
-4.25257
30
-5.32554
11
2.04371
21
-4.35981
31
-5.22483
12
2.19298
22
-4.39114
32
-5.22306
13
2.21363
23
-4.27972
33
-5.32002
0
3DFACE
8
C2
10
2.04371
20
-4.35981
30
-5.22483
11
2.02379
21
-4.47704
31
-5.13309
12
2.17264
22
-4.50497
32
-5.12827
13
2.19298
23
-4.39114
33
-5.22306
0
3DFACE
8
C2
10
3.74560
20
2.27345
30
-12.83153
11
3.72399
21
2.16972
31
-12.72767
12
3.87453
22
2.12828
32
-12.73497
13
3.89636
23
2.23025
33
-12.84041
0
3DFACE
8
C2
10
3.72399
20
2.16972
30
-12.72767
11
3.70348
21
2.05721
31
-12.63169
12
3.85373
22
2.01808
32
-12.63693
13
3.87453
23
2.12828
33
-12.73497
0
3DFACE
8
C2
10
3.70348
20
2.05721
30
-12.63169
11
3.68220
21
1.95085
31
-12.53019
12
3.83206
22
1.91479
32
-12.53267
13
3.85373
23
2.01808
33
-12.63693
0
3DFACE
8
C2
10
3.68220
20
1.95085
30
-12.53019
11
3.66081
21
1.84537
31
-12.42791
12
3.80991
22
1.81546
32
-12.42486
13
3.83206
23
1.91479
33
-12.53267
0
3DFACE
8
C2
10
3.66081
20
1.84537
30
-12.42791
11
3.63992
21
1.73593
31
-12.32917
12
3.78824
22
1.71218
32
-12.32061
13
3.80991
23
1.81546
33
-12.42486
0
3DFACE
8
C2
10
3.63992
20
1.73593
30
-12.32917
11
3.61971
21
1.62100
31
-12.23537
12
3.76759
22
1.60076
32
-12.22364
13
3.78824
23
1.71218
33
-12.32061
0
3DFACE
8
C2
10
3.61971
20
1.62100
30
-12.23537
11
3.60060
21
1.49728
31
-12.14945
12
3.74813
22
1.47990
32
-12.13516
13
3.76759
23
1.60076
33
-12.22364
0
3DFACE
8
C2
10
3.60060
20
1.49728
30
-12.14945
11
3.57965
21
1.38828
31
-12.05032
12
3.72667
22
1.37497
32
-12.03239
13
3.74813
23
1.47990
33
-12.13516
0
3DFACE
8
C2
10
3.57965
20
1.38828
30
-12.05032
11
3.55766
21
1.28764
31
-11.94370
12
3.70424
22
1.27784
32
-11.92261
13
3.72667
23
1.37497
33
-12.03239
0
3DFACE
8
C2
10
3.55766
20
1.28764
30
-11.94370
11
3.53658
21
1.17963
31
-11.84368
12
3.68283
22
1.17246
32
-11.82022
13
3.70424
23
1.27784
33
-11.92261
0
3DFACE
8
C2
10
3.53658
20
1.17963
30
-11.84368
11
3.51584
21
1.06898
31
-11.74603
12
3.66221
22
1.06083
32
-11.72346
13
3.68283
23
1.17246
33
-11.82022
0
3DFACE
8
C2
10
3.51584
20
1.06898
30
-11.74603
11
3.49673
21
0.94526
31
-11.66011
12
3.64335
22
0.93513
32
-11.63932
13
3.66221
23
1.06083
33
-11.72346
0
3DFACE
8
C2
10
3.49673
20
0.94526
30
-11.66011
11
3.47548
21
0.83868
31
-11.55881
12
3.62199
22
0.82943
32
-11.53723
13
3.64335
23
0.93513
33
-11.63932
0
3DFACE
8
C2
10
3.47548
20
0.83868
30
-11.55881
11
3.45228
21
0.74770
31
-11.44351
12
3.59853
22
0.74054
32
-11.42005
13
3.62199
23
0.82943
33
-11.53723
0
3DFACE
8
C2
10
3.45228
20
0.74770
30
-11.44351
11
3.42966
21
0.65200
31
-11.33245
12
3.57554
22
0.64780
32
-11.30633
13
3.59853
23
0.74054
33
-11.42005
0
3DFACE
8
C2
10
3.42966
20
0.65200
30
-11.33245
11
3.40668
21
0.55926
31
-11.21873
12
3.55206
22
0.55902
32
-11.18906
13
3.57554
23
0.64780
33
-11.30633
0
3DFACE
8
C2
10
3.40668
20
0.55926
30
-11.21873
11
3.38296
21
0.47245
31
-11.09968
12
3.52826
22
0.47287
32
-11.06942
13
3.55206
23
0.55902
33
-11.18906
0
3DFACE
8
C2
10
3.38296
20
0.47245
30
-11.09968
11
3.35937
21
0.38455
31
-10.98162
12
3.50404
22
0.39002
32
-10.94682
13
3.52826
23
0.47287
33
-11.06942
0
3DFACE
8
C2
10
3.35937
20
0.38455
30
-10.98162
11
3.33387
21
0.31191
31
-10.84985
12
3.47787
22
0.32277
32
-10.81022
13
3.50404
23
0.39002
33
-10.94682
0
3DFACE
8
C2
10
3.33387
20
0.31191
30
-10.84985
11
3.30988
21
0.22720
31
-10.72893
12
3.45339
22
0.24200
32
-10.68575
13
3.47787
23
0.32277
33
-10.81022
0
3DFACE
8
C2
10
3.30988
20
0.22720
30
-10.72893
11
3.28609
21
0.14094
31
-10.60939
12
3.42922
22
0.15871
32
-10.56355
13
3.45339
23
0.24200
33
-10.68575
0
3DFACE
8
C2
10
3.28609
20
0.14094
30
-10.60939
11
3.26125
21
0.06303
31
-10.48236
12
3.40503
22
0.07564
32
-10.44115
13
3.42922
23
0.15871
33
-10.56355
0
3DFACE
8
C2
10
3.26125
20
0.06303
30
-10.48236
11
3.23809
21
-0.02828
31
-10.36735
12
3.38180
22
-0.01512
32
-10.32565
13
3.40503
23
0.07564
33
-10.44115
0
3DFACE
8
C2
10
3.23809
20
-0.02828
30
-10.36735
11
3.21557
21
-0.12475
31
-10.25698
12
3.35884
22
-0.10808
32
-10.21213
13
3.38180
23
-0.01512
33
-10.32565
0
3DFACE
8
C2
10
3.21557
20
-0.12475
30
-10.25698
11
3.19273
21
-0.21859
31
-10.14424
12
3.33613
22
-0.20301
32
-10.10038
13
3.35884
23
-0.10808
33
-10.21213
0
3DFACE
8
C2
10
3.19273
20
-0.21859
30
-10.14424
11
3.17005
21
-0.31374
31
-10.03269
12
3.31359
22
-0.29927
32
-9.98981
13
3.33613
23
-0.20301
33
-10.10038
0
3DFACE
8
C2
10
3.17005
20
-0.31374
30
-10.03269
11
3.14658
21
-0.40264
31
-9.91552
12
3.29102
22
-0.39530
32
-9.87904
13
3.31359
23
-0.29927
33
-9.98981
0
3DFACE
8
C2
10
3.14658
20
-0.40264
30
-9.91552
11
3.12434
21
-0.50131
31
-9.80712
12
3.26896
22
-0.49540
32
-9.77193
13
3.29102
23
-0.39530
33
-9.87904
0
3DFACE
8
C2
10
3.12434
20
-0.50131
30
-9.80712
11
3.10354
21
-0.61151
31
-9.70907
12
3.24748
22
-0.60022
32
-9.66905
13
3.26896
23
-0.49540
33
-9.77193
0
3DFACE
8
C2
10
3.10354
20
-0.61151
30
-9.70907
11
3.08125
21
-0.70975
31
-9.60028
12
3.22550
22
-0.70098
32
-9.56253
13
3.24748
23
-0.60022
33
-9.66905
0
3DFACE
8
C2
10
3.08125
20
-0.70975
30
-9.60028
11
3.05877
21
-0.80655
31
-9.49020
12
3.20333
22
-0.80020
32
-9.45462
13
3.22550
23
-0.70098
33
-9.56253
0
3DFACE
8
C2
10
3.05877
20
-0.80655
30
-9.49020
11
3.03538
21
-0.89599
31
-9.37352
12
3.18069
22
-0.89568
32
-9.34336
13
3.20333
23
-0.80020
33
-9.45462
0
3DFACE
8
C2
10
3.03538
20
-0.89599
30
-9.37352
11
3.01278
21
-0.99181
31
-9.26256
12
3.15834
22
-0.99348
32
-9.23418
13
3.18069
23
-0.89568
33
-9.34336
0
3DFACE
8
C2
10
3.01278
20
-0.99181
30
-9.26256
11
2.99114
21
-1.09531
31
-9.15850
12
3.13622
22
-1.09314
32
-9.12666
13
3.15834
23
-0.99348
33
-9.23418
0
3DFACE
8
C2
10
2.99114
20
-1.09531
30
-9.15850
11
2.96845
21
-1.19036
31
-9.04685
12
3.11378
22
-1.19016
32
-9.01679
13
3.13622
23
-1.09314
33
-9.12666
0
3DFACE
8
C2
10
2.96845
20
-1.19036
30
-9.04685
11
2.94561
21
-1.28430
31
-8.93421
12
3.09118
22
-1.28597
32
-8.90582
13
3.11378
23
-1.19016
33
-9.01679
0
3DFACE
8
C2
10
2.94561
20
-1.28430
30
-8.93421
11
2.92241
21
-1.37528
31
-8.81891
12
3.06813
22
-1.37816
32
-8.79161
13
3.09118
23
-1.28597
33
-8.90582
0
3DFACE
8
C2
10
2.92241
20
-1.37528
30
-8.81891
11
2.89972
21
-1.47033
31
-8.70726
12
3.04549
22
-1.47365
32
-8.68035
13
3.06813
23
-1.37816
33
-8.79161
0
3DFACE
8
C2
10
2.89972
20
-1.47033
30
-8.70726
11
2.87783
21
-1.57186
31
-8.60142
12
3.02315
22
-1.57155
32
-8.57126
13
3.04549
23
-1.47365
33
-8.68035
0
3DFACE
8
C2
10
2.87783
20
-1.57186
30
-8.60142
11
2.85504
21
-1.66613
31
-8.48908
12
3.00037
22
-1.66593
32
-8.45902
13
3.02315
23
-1.57155
33
-8.57126
0
3DFACE
8
C2
10
2.85504
20
-1.66613
30
-8.48908
11
2.83211
21
-1.75931
31
-8.37575
12
2.97744
22
-1.75911
32
-8.34569
13
3.00037
23
-1.66593
33
-8.45902
0
3DFACE
8
C2
10
2.83211
20
-1.75931
30
-8.37575
11
2.80840
21
-1.84623
31
-8.25680
12
2.95383
22
-1.84680
32
-8.22743
13
2.97744
23
-1.75911
33
-8.34569
0
3DFACE
8
C2
10
2.80840
20
-1.84623
30
-8.25680
11
2.78552
21
-1.93973
31
-8.14377
12
2.93104
22
-1.94107
32
-8.11509
13
2.95383
23
-1.84680
33
-8.22743
0
3DFACE
8
C2
10
2.78552
20
-1.93973
30
-8.14377
11
2.76330
21
-2.03862
31
-8.03557
12
2.90899
22
-2.04128
32
-8.00807
13
2.93104
23
-1.94107
33
-8.11509
0
3DFACE
8
C2
10
2.76330
20
-2.03862
30
-8.03557
11
2.74095
21
-2.13642
31
-7.92638
12
2.88688
22
-2.14105
32
-7.90066
13
2.90899
23
-2.04128
33
-8.00807
0
3DFACE
8
C2
10
2.74095
20
-2.13642
30
-7.92638
11
2.71872
21
-2.23520
31
-7.81808
12
2.86505
22
-2.24302
32
-7.79522
13
2.88688
23
-2.14105
33
-7.90066
0
3DFACE
8
C2
10
2.71872
20
-2.23520
30
-7.81808
11
2.69645
21
-2.33365
31
-7.70949
12
2.84328
22
-2.34542
32
-7.69017
13
2.86505
23
-2.24302
33
-7.79522
0
3DFACE
8
C2
10
2.69645
20
-2.33365
30
-7.70949
11
2.67395
21
-2.43023
31
-7.59921
12
2.82151
22
-2.44783
32
-7.58513
13
2.84328
23
-2.34542
33
-7.69017
0
3DFACE
8
C2
10
2.67395
20
-2.43023
30
-7.59921
11
2.65196
21
-2.53088
31
-7.49259
12
2.80032
22
-2.55496
32
-7.48432
13
2.82151
23
-2.44783
33
-7.58513
0
3DFACE
8
C2
10
2.65196
20
-2.53088
30
-7.49259
11
2.62882
21
-2.62241
31
-7.37778
12
2.77797
22
-2.65275
32
-7.37513
13
2.80032
23
-2.55496
33
-7.48432
0
3DFACE
8
C2
10
2.62882
20
-2.62241
30
-7.37778
11
2.60499
21
-2.70834
31
-7.25795
12
2.75476
22
-2.74362
32
-7.25973
13
2.77797
23
-2.65275
33
-7.37513
0
3DFACE
8
C2
10
2.60499
20
-2.70834
30
-7.25795
11
2.58045
21
-2.78866
31
-7.13308
12
2.72997
22
-2.82197
32
-7.13309
13
2.75476
23
-2.74362
33
-7.25973
0
3DFACE
8
C2
10
2.58045
20
-2.78866
30
-7.13308
11
2.55621
21
-2.87129
31
-7.01029
12
2.70622
22
-2.90855
32
-7.01385
13
2.72997
23
-2.82197
33
-7.13309
0
3DFACE
8
C2
10
2.55621
20
-2.87129
30
-7.01029
11
2.53249
21
-2.95821
31
-6.89134
12
2.68315
22
-3.00063
32
-6.89953
13
2.70622
23
-2.90855
33
-7.01385
0
3DFACE
8
C2
10
2.53249
20
-2.95821
30
-6.89134
11
2.50939
21
-3.04996
31
-6.77673
12
2.66053
22
-3.09623
32
-6.78837
13
2.68315
23
-3.00063
33
-6.89953
0
3DFACE
8
C2
10
2.50939
20
-3.04996
30
-6.77673
11
2.48660
21
-3.14423
31
-6.66439
12
2.63794
22
-3.19215
32
-6.67751
13
2.66053
23
-3.09623
33
-6.78837
0
3DFACE
8
C2
10
2.48660
20
-3.14423
30
-6.66439
11
2.46397
21
-3.23983
31
-6.55323
12
2.61548
22
-3.28907
32
-6.56754
13
2.63794
23
-3.19215
33
-6.67751
0
3DFACE
8
C2
10
2.46397
20
-3.23983
30
-6.55323
11
2.44192
21
-3.34004
31
-6.44621
12
2.59386
22
-3.39268
32
-6.46357
13
2.61548
23
-3.28907
33
-6.56754
0
3DFACE
8
C2
10
2.44192
20
-3.34004
30
-6.44621
11
2.42022
21
-3.44299
31
-6.34166
12
2.57377
22
-3.50860
32
-6.37066
13
2.59386
23
-3.39268
33
-6.46357
0
3DFACE
8
C2
10
2.42022
20
-3.44299
30
-6.34166
11
2.39770
21
-3.53946
31
-6.23129
12
2.55190
22
-3.61024
32
-6.26492
13
2.57377
23
-3.50860
33
-6.37066
0
3DFACE
8
C2
10
2.39770
20
-3.53946
30
-6.23129
11
2.37407
21
-3.62704
31
-6.11293
12
2.52821
22
-3.69726
32
-6.14607
13
2.55190
23
-3.61024
33
-6.26492
0
3DFACE
8
C2
10
2.37407
20
-3.62704
30
-6.11293
11
2.35002
21
-3.71121
31
-5.99152
12
2.50285
22
-3.77099
32
-6.01529
13
2.52821
23
-3.69726
33
-6.14607
0
3DFACE
8
C2
10
2.35002
20
-3.71121
30
-5.99152
11
2.32571
21
-3.79340
31
-5.86833
12
2.47846
22
-3.85253
32
-5.89151
13
2.50285
23
-3.77099
33
-6.01529
0
3DFACE
8
C2
10
2.32571
20
-3.79340
30
-5.86833
11
2.30195
21
-3.87988
31
-5.74898
12
2.45470
22
-3.93900
32
-5.77217
13
2.47846
23
-3.85253
33
-5.89151
0
3DFACE
8
C2
10
2.30195
20
-3.87988
30
-5.74898
11
2.27870
21
-3.97053
31
-5.63339
12
2.43098
22
-4.02592
32
-5.65322
13
2.45470
23
-3.93900
33
-5.77217
0
3DFACE
8
C2
10
2.27870
20
-3.97053
30
-5.63339
11
2.25617
21
-4.06689
31
-5.52292
12
2.40737
22
-4.11360
32
-5.53496
13
2.43098
23
-4.02592
33
-5.65322
0
3DFACE
8
C2
10
2.25617
20
-4.06689
30
-5.52292
11
2.23451
21
-4.17018
31
-5.41866
12
2.38437
22
-4.20623
32
-5.42114
13
2.40737
23
-4.11360
33
-5.53496
0
3DFACE
8
C2
10
2.23451
20
-4.17018
30
-5.41866
11
2.21363
21
-4.27972
31
-5.32002
12
2.36263
22
-4.30886
32
-5.31629
13
2.38437
23
-4.20623
33
-5.42114
0
3DFACE
8
C2
10
2.21363
20
-4.27972
30
-5.32002
11
2.19298
21
-4.39114
31
-5.22306
12
2.34228
22
-4.42269
32
-5.22150
13
2.36263
23
-4.30886
33
-5.31629
0
3DFACE
8
C2
10
2.19298
20
-4.39114
30
-5.22306
11
2.17264
21
-4.50497
31
-5.12827
12
2.32112
22
-4.53004
32
-5.12089
13
2.34228
23
-4.42269
33
-5.22150
0
3DFACE
8
C2
10
3.89636
20
2.23025
30
-12.84041
11
3.87453
21
2.12828
31
-12.73497
12
4.02472
22
2.08959
32
-12.73981
13
4.04678
23
2.18969
33
-12.84693
0
3DFACE
8
C2
10
3.87453
20
2.12828
30
-12.73497
11
3.85373
21
2.01808
31
-12.63693
12
4.00369
22
1.98125
32
-12.64009
13
4.02472
23
2.08959
33
-12.73981
0
3DFACE
8
C2
10
3.85373
20
2.01808
30
-12.63693
11
3.83206
21
1.91479
31
-12.53267
12
3.98154
22
1.88181
32
-12.53238
13
4.00369
23
1.98125
33
-12.64009
0
3DFACE
8
C2
10
3.83206
20
1.91479
30
-12.53267
11
3.80991
21
1.81546
31
-12.42486
12
3.95857
22
1.78896
32
-12.41876
13
3.98154
23
1.88181
33
-12.53238
0
3DFACE
8
C2
10
3.80991
20
1.81546
30
-12.42486
11
3.78824
21
1.71218
31
-12.32061
12
3.93614
22
1.69183
32
-12.30898
13
3.95857
23
1.78896
33
-12.41876
0
3DFACE
8
C2
10
3.78824
20
1.71218
30
-12.32061
11
3.76759
21
1.60076
31
-12.22364
12
3.91500
22
1.58437
32
-12.20847
13
3.93614
23
1.69183
33
-12.30898
0
3DFACE
8
C2
10
3.76759
20
1.60076
30
-12.22364
11
3.74813
21
1.47990
31
-12.13516
12
3.89522
22
1.46604
32
-12.11772
13
3.91500
23
1.58437
33
-12.20847
0
3DFACE
8
C2
10
3.74813
20
1.47990
30
-12.13516
11
3.72667
21
1.37497
31
-12.03239
12
3.87330
22
1.36473
32
-12.01169
13
3.89522
23
1.46604
33
-12.11772
0
3DFACE
8
C2
10
3.72667
20
1.37497
30
-12.03239
11
3.70424
21
1.27784
31
-11.92261
12
3.85043
22
1.27111
32
-11.89876
13
3.87330
23
1.36473
33
-12.01169
0
3DFACE
8
C2
10
3.70424
20
1.27784
30
-11.92261
11
3.68283
21
1.17246
31
-11.82022
12
3.82886
22
1.16706
32
-11.79519
13
3.85043
23
1.27111
33
-11.89876
0
3DFACE
8
C2
10
3.68283
20
1.17246
30
-11.82022
11
3.66221
21
1.06083
31
-11.72346
12
3.80841
22
1.05411
32
-11.69961
13
3.82886
23
1.16706
33
-11.79519
0
3DFACE
8
C2
10
3.66221
20
1.06083
30
-11.72346
11
3.64335
21
0.93513
31
-11.63932
12
3.78983
22
0.92610
32
-11.61754
13
3.80841
23
1.05411
33
-11.69961
0
3DFACE
8
C2
10
3.64335
20
0.93513
30
-11.63932
11
3.62199
21
0.82943
31
-11.53723
12
3.76843
22
0.82073
32
-11.51515
13
3.78983
23
0.92610
33
-11.61754
0
3DFACE
8
C2
10
3.62199
20
0.82943
30
-11.53723
11
3.59853
21
0.74054
31
-11.42005
12
3.74473
22
0.73371
32
-11.39630
13
3.76843
23
0.82073
33
-11.51515
0
3DFACE
8
C2
10
3.59853
20
0.74054
30
-11.42005
11
3.57554
21
0.64780
31
-11.30633
12
3.72160
22
0.64218
32
-11.28149
13
3.74473
23
0.73371
33
-11.39630
0
3DFACE
8
C2
10
3.57554
20
0.64780
30
-11.30633
11
3.55206
21
0.55902
31
-11.18906
12
3.69794
22
0.55482
32
-11.16294
13
3.72160
23
0.64218
33
-11.28149
0
3DFACE
8
C2
10
3.55206
20
0.55902
30
-11.18906
11
3.52826
21
0.47287
31
-11.06942
12
3.67416
22
0.46845
32
-11.04350
13
3.69794
23
0.55482
33
-11.16294
0
3DFACE
8
C2
10
3.52826
20
0.47287
30
-11.06942
11
3.50404
21
0.39002
31
-10.94682
12
3.64967
22
0.38780
32
-10.91893
13
3.67416
23
0.46845
33
-11.04350
0
3DFACE
8
C2
10
3.50404
20
0.39002
30
-10.94682
11
3.47787
21
0.32277
31
-10.81022
12
3.62314
22
0.32341
32
-10.77977
13
3.64967
23
0.38780
33
-10.91893
0
3DFACE
8
C2
10
3.47787
20
0.32277
30
-10.81022
11
3.45339
21
0.24200
31
-10.68575
12
3.59851
22
0.24385
32
-10.65421
13
3.62314
23
0.32341
33
-10.77977
0
3DFACE
8
C2
10
3.45339
20
0.24200
30
-10.68575
11
3.42922
21
0.15871
31
-10.56355
12
3.57438
22
0.16023
32
-10.53231
13
3.59851
23
0.24385
33
-10.65421
0
3DFACE
8
C2
10
3.42922
20
0.15871
30
-10.56355
11
3.40503
21
0.07564
31
-10.44115
12
3.55071
22
0.07298
32
-10.41365
13
3.57438
23
0.16023
33
-10.53231
0
3DFACE
8
C2
10
3.40503
20
0.07564
30
-10.44115
11
3.38180
21
-0.01512
31
-10.32565
12
3.52762
22
-0.01887
32
-10.29914
13
3.55071
23
0.07298
33
-10.41365
0
3DFACE
8
C2
10
3.38180
20
-0.01512
30
-10.32565
11
3.35884
21
-0.10808
31
-10.21213
12
3.50450
22
-0.11051
32
-10.18443
13
3.52762
23
-0.01887
33
-10.29914
0
3DFACE
8
C2
10
3.35884
20
-0.10808
30
-10.21213
11
3.33613
21
-0.20301
31
-10.10038
12
3.48193
22
-0.20655
32
-10.07367
13
3.50450
23
-0.11051
33
-10.18443
0
3DFACE
8
C2
10
3.33613
20
-0.20301
30
-10.10038
11
3.31359
21
-0.29927
31
-9.98981
12
3.45963
22
-0.30478
32
-9.96487
13
3.48193
23
-0.20655
33
-10.07367
0
3DFACE
8
C2
10
3.31359
20
-0.29927
30
-9.98981
11
3.29102
21
-0.39530
31
-9.87904
12
3.43763
22
-0.40532
32
-9.85815
13
3.45963
23
-0.30478
33
-9.96487
0
3DFACE
8
C2
10
3.29102
20
-0.39530
30
-9.87904
11
3.26896
21
-0.49540
31
-9.77193
12
3.41569
22
-0.50641
32
-9.75192
13
3.43763
23
-0.40532
33
-9.85815
0
3DFACE
8
C2
10
3.26896
20
-0.49540
30
-9.77193
11
3.24748
21
-0.60022
31
-9.66905
12
3.39384
22
-0.60826
32
-9.64638
13
3.41569
23
-0.50641
33
-9.75192
0
3DFACE
8
C2
10
3.24748
20
-0.60022
30
-9.66905
11
3.22550
21
-0.70098
31
-9.56253
12
3.37186
22
-0.70902
32
-9.53986
13
3.39384
23
-0.60826
33
-9.64638
0
3DFACE
8
C2
10
3.22550
20
-0.70098
30
-9.56253
11
3.20333
21
-0.80020
31
-9.45462
12
3.34984
22
-0.80945
32
-9.43304
13
3.37186
23
-0.70902
33
-9.53986
0
3DFACE
8
C2
10
3.20333
20
-0.80020
30
-9.45462
11
3.18069
21
-0.89568
31
-9.34336
12
3.32766
22
-0.90856
32
-9.32503
13
3.34984
23
-0.80945
33
-9.43304
0
3DFACE
8
C2
10
3.18069
20
-0.89568
30
-9.34336
11
3.15834
21
-0.99348
31
-9.23418
12
3.30540
22
-1.00712
32
-9.21654
13
3.32766
23
-0.90856
33
-9.32503
0
3DFACE
8
C2
10
3.15834
20
-0.99348
30
-9.23418
11
3.13622
21
-1.09314
31
-9.12666
12
3.28295
22
-1.10414
32
-9.10666
13
3.30540
23
-1.00712
33
-9.21654
0
3DFACE
8
C2
10
3.13622
20
-1.09314
30
-9.12666
11
3.11378
21
-1.19016
31
-9.01679
12
3.26044
22
-1.20062
32
-8.99629
13
3.28295
23
-1.10414
33
-9.10666
0
3DFACE
8
C2
10
3.11378
20
-1.19016
30
-9.01679
11
3.09118
21
-1.28597
31
-8.90582
12
3.23780
22
-1.29610
32
-8.88503
13
3.26044
23
-1.20062
33
-8.99629
0
3DFACE
8
C2
10
3.09118
20
-1.28597
30
-8.90582
11
3.06813
21
-1.37816
31
-8.79161
12
3.21469
22
-1.38785
32
-8.77042
13
3.23780
23
-1.29610
33
-8.88503
0
3DFACE
8
C2
10
3.06813
20
-1.37816
30
-8.79161
11
3.04549
21
-1.47365
31
-8.68035
12
3.19201
22
-1.48301
32
-8.65887
13
3.21469
23
-1.38785
33
-8.77042
0
3DFACE
8
C2
10
3.04549
20
-1.47365
30
-8.68035
11
3.02315
21
-1.57155
31
-8.57126
12
3.16934
22
-1.57827
32
-8.54741
13
3.19201
23
-1.48301
33
-8.65887
0
3DFACE
8
C2
10
3.02315
20
-1.57155
30
-8.57126
11
3.00037
21
-1.66593
31
-8.45902
12
3.14647
22
-1.67189
32
-8.43448
13
3.16934
23
-1.57827
33
-8.54741
0
3DFACE
8
C2
10
3.00037
20
-1.66593
30
-8.45902
11
2.97744
21
-1.75911
31
-8.34569
12
3.12354
22
-1.76507
32
-8.32115
13
3.14647
23
-1.67189
33
-8.43448
0
3DFACE
8
C2
10
2.97744
20
-1.75911
30
-8.34569
11
2.95383
21
-1.84680
31
-8.22743
12
3.09988
22
-1.85242
32
-8.20259
13
3.12354
23
-1.76507
33
-8.32115
0
3DFACE
8
C2
10
2.95383
20
-1.84680
30
-8.22743
11
2.93104
21
-1.94107
31
-8.11509
12
3.07722
22
-1.94769
32
-8.09114
13
3.09988
23
-1.85242
33
-8.20259
0
3DFACE
8
C2
10
2.93104
20
-1.94107
30
-8.11509
11
2.90899
21
-2.04128
31
-8.00807
12
3.05535
22
-2.04932
32
-7.98540
13
3.07722
23
-1.94769
33
-8.09114
0
3DFACE
8
C2
10
2.90899
20
-2.04128
30
-8.00807
11
2.88688
21
-2.14105
31
-7.90066
12
3.03333
22
-2.14975
32
-7.87858
13
3.05535
23
-2.04932
33
-7.98540
0
3DFACE
8
C2
10
2.88688
20
-2.14105
30
-7.90066
11
2.86505
21
-2.24302
31
-7.79522
12
3.01163
22
-2.25282
32
-7.77413
13
3.03333
23
-2.14975
33
-7.87858
0
3DFACE
8
C2
10
2.86505
20
-2.24302
30
-7.79522
11
2.84328
21
-2.34542
31
-7.69017
12
2.99002
22
-2.35654
32
-7.67026
13
3.01163
23
-2.25282
33
-7.77413
0
3DFACE
8
C2
10
2.84328
20
-2.34542
30
-7.69017
11
2.82151
21
-2.44783
31
-7.58513
12
2.96865
22
-2.46213
32
-7.56808
13
2.99002
23
-2.35654
33
-7.67026
0
3DFACE
8
C2
10
2.82151
20
-2.44783
30
-7.58513
11
2.80032
21
-2.55496
31
-7.48432
12
2.94811
22
-2.57443
32
-7.47191
13
2.96865
23
-2.46213
33
-7.56808
0
3DFACE
8
C2
10
2.80032
20
-2.55496
30
-7.48432
11
2.77797
21
-2.65275
31
-7.37513
12
2.92630
22
-2.67650
32
-7.36656
13
2.94811
23
-2.57443
33
-7.47191
0
3DFACE
8
C2
10
2.77797
20
-2.65275
30
-7.37513
11
2.75476
21
-2.74362
31
-7.25973
12
2.90340
22
-2.76990
32
-7.25343
13
2.92630
23
-2.67650
33
-7.36656
0
3DFACE
8
C2
10
2.75476
20
-2.74362
30
-7.25973
11
2.72997
21
-2.82197
31
-7.13309
12
2.87863
22
-2.84836
32
-7.12689
13
2.90340
23
-2.76990
33
-7.25343
0
3DFACE
8
C2
10
2.72997
20
-2.82197
30
-7.13309
11
2.70622
21
-2.90855
31
-7.01385
12
2.85531
22
-2.93846
32
-7.01080
13
2.87863
23
-2.84836
33
-7.12689
0
3DFACE
8
C2
10
2.70622
20
-2.90855
30
-7.01385
11
2.68315
21
-3.00063
31
-6.89953
12
2.83289
22
-3.03570
32
-6.90112
13
2.85531
23
-2.93846
33
-7.01080
0
3DFACE
8
C2
10
2.68315
20
-3.00063
30
-6.89953
11
2.66053
21
-3.09623
31
-6.78837
12
2.81075
22
-3.13514
32
-6.79341
13
2.83289
23
-3.03570
33
-6.90112
0
3DFACE
8
C2
10
2.66053
20
-3.09623
30
-6.78837
11
2.63794
21
-3.19215
31
-6.67751
12
2.78836
22
-3.23260
32
-6.68393
13
2.81075
23
-3.13514
33
-6.79341
0
3DFACE
8
C2
10
2.63794
20
-3.19215
30
-6.67751
11
2.61548
21
-3.28907
31
-6.56754
12
2.76573
22
-3.32820
32
-6.57277
13
2.78836
23
-3.23260
33
-6.68393
0
3DFACE
8
C2
10
2.61548
20
-3.28907
30
-6.56754
11
2.59386
21
-3.39268
31
-6.46357
12
2.74470
22
-3.43654
32
-6.47305
13
2.76573
23
-3.32820
33
-6.57277
0
3DFACE
8
C2
10
2.59386
20
-3.39268
30
-6.46357
11
2.57377
21
-3.50860
31
-6.37066
12
2.72581
22
-3.56201
32
-6.38871
13
2.74470
23
-3.43654
33
-6.47305
0
3DFACE
8
C2
10
2.57377
20
-3.50860
30
-6.37066
11
2.55190
21
-3.61024
31
-6.26492
12
2.70464
22
-3.66925
32
-6.28800
13
2.72581
23
-3.56201
33
-6.38871
0
3DFACE
8
C2
10
2.55190
20
-3.61024
30
-6.26492
11
2.52821
21
-3.69726
31
-6.14607
12
2.68090
22
-3.75595
32
-6.16886
13
2.70464
23
-3.66925
33
-6.28800
0
3DFACE
8
C2
10
2.52821
20
-3.69726
30
-6.14607
11
2.50285
21
-3.77099
31
-6.01529
12
2.65463
22
-3.82243
32
-6.03157
13
2.68090
23
-3.75595
33
-6.16886
0
3DFACE
8
C2
10
2.50285
20
-3.77099
30
-6.01529
11
2.47846
21
-3.85253
31
-5.89151
12
2.63019
22
-3.90352
32
-5.90739
13
2.65463
23
-3.82243
33
-6.03157
0
3DFACE
8
C2
10
2.47846
20
-3.85253
30
-5.89151
11
2.45470
21
-3.93900
31
-5.77217
12
2.60678
22
-3.99286
32
-5.79061
13
2.63019
23
-3.90352
33
-5.90739
0
3DFACE
8
C2
10
2.45470
20
-3.93900
30
-5.77217
11
2.43098
21
-4.02592
31
-5.65322
12
2.58280
22
-4.07757
32
-5.66969
13
2.60678
23
-3.99286
33
-5.79061
0
3DFACE
8
C2
10
2.43098
20
-4.02592
30
-5.65322
11
2.40737
21
-4.11360
31
-5.53496
12
2.55840
22
-4.15900
32
-5.54581
13
2.58280
23
-4.07757
33
-5.66969
0
3DFACE
8
C2
10
2.40737
20
-4.11360
30
-5.53496
11
2.38437
21
-4.20623
31
-5.42114
12
2.53406
22
-4.24086
32
-5.42233
13
2.55840
23
-4.15900
33
-5.54581
0
3DFACE
8
C2
10
2.38437
20
-4.20623
30
-5.42114
11
2.36263
21
-4.30886
31
-5.31629
12
2.51143
22
-4.33645
32
-5.31117
13
2.53406
23
-4.24086
33
-5.42233
0
3DFACE
8
C2
10
2.36263
20
-4.30886
30
-5.31629
11
2.34228
21
-4.42269
31
-5.22150
12
2.49102
22
-4.44974
32
-5.21589
13
2.51143
23
-4.33645
33
-5.31117
0
3DFACE
8
C2
10
2.34228
20
-4.42269
30
-5.22150
11
2.32112
21
-4.53004
31
-5.12089
12
2.46905
22
-4.55060
32
-5.10946
13
2.49102
23
-4.44974
33
-5.21589
0
3DFACE
8
C2
10
4.04678
20
2.18969
30
-12.84693
11
4.02472
21
2.08959
31
-12.73981
12
4.17493
22
2.05079
32
-12.74475
13
4.19725
23
2.14880
33
-12.85374
0
3DFACE
8
C2
10
4.02472
20
2.08959
30
-12.73981
11
4.00369
21
1.98125
31
-12.64009
12
4.15359
22
1.94487
32
-12.64286
13
4.17493
23
2.05079
33
-12.74475
0
3DFACE
8
C2
10
4.00369
20
1.98125
30
-12.64009
11
3.98154
21
1.88181
31
-12.53238
12
4.13084
22
1.85026
32
-12.53082
13
4.15359
23
1.94487
33
-12.64286
0
3DFACE
8
C2
10
3.98154
20
1.88181
30
-12.53238
11
3.95857
21
1.78896
31
-12.41876
12
4.10698
22
1.76455
32
-12.41078
13
4.13084
23
1.85026
33
-12.53082
0
3DFACE
8
C2
10
3.95857
20
1.78896
30
-12.41876
11
3.93614
21
1.69183
31
-12.30898
12
4.08371
22
1.67412
32
-12.29499
13
4.10698
23
1.76455
33
-12.41078
0
3DFACE
8
C2
10
3.93614
20
1.69183
30
-12.30898
11
3.91500
21
1.58437
31
-12.20847
12
4.06195
22
1.57161
32
-12.19004
13
4.08371
23
1.67412
33
-12.29499
0
3DFACE
8
C2
10
3.91500
20
1.58437
30
-12.20847
11
3.89522
21
1.46604
31
-12.11772
12
4.04193
22
1.45514
32
-12.09762
13
4.06195
23
1.57161
33
-12.19004
0
3DFACE
8
C2
10
3.89522
20
1.46604
30
-12.11772
11
3.87330
21
1.36473
31
-12.01169
12
4.01946
22
1.35834
32
-11.98754
13
4.04193
23
1.45514
33
-12.09762
0
3DFACE
8
C2
10
3.87330
20
1.36473
30
-12.01169
11
3.85043
21
1.27111
31
-11.89876
12
3.99602
22
1.26922
32
-11.87057
13
4.01946
23
1.35834
33
-11.98754
0
3DFACE
8
C2
10
3.85043
20
1.27111
30
-11.89876
11
3.82886
21
1.16706
31
-11.79519
12
3.97418
22
1.16737
32
-11.76503
13
3.99602
23
1.26922
33
-11.87057
0
3DFACE
8
C2
10
3.82886
20
1.16706
30
-11.79519
11
3.80841
21
1.05411
31
-11.69961
12
3.95378
22
1.05397
32
-11.66984
13
3.97418
23
1.16737
33
-11.76503
0
3DFACE
8
C2
10
3.80841
20
1.05411
30
-11.69961
11
3.78983
21
0.92610
31
-11.61754
12
3.93560
22
0.92279
32
-11.59063
13
3.95378
23
1.05397
33
-11.66984
0
3DFACE
8
C2
10
3.78983
20
0.92610
30
-11.61754
11
3.76843
21
0.82073
31
-11.51515
12
3.91419
22
0.81752
32
-11.48815
13
3.93560
23
0.92279
33
-11.59063
0
3DFACE
8
C2
10
3.76843
20
0.82073
30
-11.51515
11
3.74473
21
0.73371
31
-11.39630
12
3.89012
22
0.73346
32
-11.36663
13
3.91419
23
0.81752
33
-11.48815
0
3DFACE
8
C2
10
3.74473
20
0.73371
30
-11.39630
11
3.72160
21
0.64218
31
-11.28149
12
3.86697
22
0.64204
32
-11.25173
13
3.89012
23
0.73346
33
-11.36663
0
3DFACE
8
C2
10
3.72160
20
0.64218
30
-11.28149
11
3.69794
21
0.55482
31
-11.16294
12
3.84340
22
0.55403
32
-11.13376
13
3.86697
23
0.64204
33
-11.25173
0
3DFACE
8
C2
10
3.69794
20
0.55482
30
-11.16294
11
3.67416
21
0.46845
31
-11.04350
12
3.81995
22
0.46503
32
-11.01669
13
3.84340
23
0.55403
33
-11.13376
0
3DFACE
8
C2
10
3.67416
20
0.46845
30
-11.04350
11
3.64967
21
0.38780
31
-10.91893
12
3.79556
22
0.38349
32
-10.89291
13
3.81995
23
0.46503
33
-11.01669
0
3DFACE
8
C2
10
3.64967
20
0.38780
30
-10.91893
11
3.62314
21
0.32341
31
-10.77977
12
3.76891
22
0.32009
32
-10.75286
13
3.79556
23
0.38349
33
-10.89291
0
3DFACE
8
C2
10
3.62314
20
0.32341
30
-10.77977
11
3.59851
21
0.24385
31
-10.65421
12
3.74447
22
0.23899
32
-10.62869
13
3.76891
23
0.32009
33
-10.75286
0
3DFACE
8
C2
10
3.59851
20
0.24385
30
-10.65421
11
3.57438
21
0.16023
31
-10.53231
12
3.72063
22
0.15307
32
-10.50885
13
3.74447
23
0.23899
33
-10.62869
0
3DFACE
8
C2
10
3.57438
20
0.16023
30
-10.53231
11
3.55071
21
0.07298
31
-10.41365
12
3.69758
22
0.06088
32
-10.39463
13
3.72063
23
0.15307
33
-10.50885
0
3DFACE
8
C2
10
3.55071
20
0.07298
30
-10.41365
11
3.52762
21
-0.01887
31
-10.29914
12
3.67476
22
-0.03318
32
-10.28209
13
3.69758
23
0.06088
33
-10.39463
0
3DFACE
8
C2
10
3.52762
20
-0.01887
30
-10.29914
11
3.50450
21
-0.11051
31
-10.18443
12
3.65168
22
-0.12515
32
-10.16768
13
3.67476
23
-0.03318
33
-10.28209
0
3DFACE
8
C2
10
3.50450
20
-0.11051
30
-10.18443
11
3.48193
21
-0.20655
31
-10.07367
12
3.62931
22
-0.22272
32
-10.05830
13
3.65168
23
-0.12515
33
-10.16768
0
3DFACE
8
C2
10
3.48193
20
-0.20655
30
-10.07367
11
3.45963
21
-0.30478
31
-9.96487
12
3.60717
22
-0.32227
32
-9.95069
13
3.62931
23
-0.22272
33
-10.05830
0
3DFACE
8
C2
10
3.45963
20
-0.30478
30
-9.96487
11
3.43763
21
-0.40532
31
-9.85815
12
3.58554
22
-0.42577
32
-9.84663
13
3.60717
23
-0.32227
33
-9.95069
0
3DFACE
8
C2
10
3.43763
20
-0.40532
30
-9.85815
11
3.41569
21
-0.50641
31
-9.75192
12
3.56368
22
-0.52752
32
-9.74099
13
3.58554
23
-0.42577
33
-9.84663
0
3DFACE
8
C2
10
3.41569
20
-0.50641
30
-9.75192
11
3.39384
21
-0.60826
31
-9.64638
12
3.54162
22
-0.62762
32
-9.63387
13
3.56368
23
-0.52752
33
-9.74099
0
3DFACE
8
C2
10
3.39384
20
-0.60826
30
-9.64638
11
3.37186
21
-0.70902
31
-9.53986
12
3.51967
22
-0.72860
32
-9.52754
13
3.54162
23
-0.62762
33
-9.63387
0
3DFACE
8
C2
10
3.37186
20
-0.70902
30
-9.53986
11
3.34984
21
-0.80945
31
-9.43304
12
3.49766
22
-0.82914
32
-9.42082
13
3.51967
23
-0.72860
33
-9.52754
0
3DFACE
8
C2
10
3.34984
20
-0.80945
30
-9.43304
11
3.32766
21
-0.90856
31
-9.32503
12
3.47558
22
-0.92912
32
-9.31361
13
3.49766
23
-0.82914
33
-9.42082
0
3DFACE
8
C2
10
3.32766
20
-0.90856
30
-9.32503
11
3.30540
21
-1.00712
31
-9.21654
12
3.45341
22
-1.02834
32
-9.20570
13
3.47558
23
-0.92912
33
-9.31361
0
3DFACE
8
C2
10
3.30540
20
-1.00712
30
-9.21654
11
3.28295
21
-1.10414
31
-9.10666
12
3.43076
22
-1.12372
32
-9.09434
13
3.45341
23
-1.02834
33
-9.20570
0
3DFACE
8
C2
10
3.28295
20
-1.10414
30
-9.10666
11
3.26044
21
-1.20062
31
-8.99629
12
3.40818
22
-1.21975
32
-8.98358
13
3.43076
23
-1.12372
33
-9.09434
0
3DFACE
8
C2
10
3.26044
20
-1.20062
30
-8.99629
11
3.23780
21
-1.29610
31
-8.88503
12
3.38541
22
-1.31414
32
-8.87134
13
3.40818
23
-1.21975
33
-8.98358
0
3DFACE
8
C2
10
3.23780
20
-1.29610
30
-8.88503
11
3.21469
21
-1.38785
31
-8.77042
12
3.36201
22
-1.40358
32
-8.75465
13
3.38541
23
-1.31414
33
-8.87134
0
3DFACE
8
C2
10
3.21469
20
-1.38785
30
-8.77042
11
3.19201
21
-1.48301
31
-8.65887
12
3.33936
22
-1.49896
32
-8.64330
13
3.36201
23
-1.40358
33
-8.75465
0
3DFACE
8
C2
10
3.19201
20
-1.48301
30
-8.65887
11
3.16934
21
-1.57827
31
-8.54741
12
3.31670
22
-1.59433
32
-8.53194
13
3.33936
23
-1.49896
33
-8.64330
0
3DFACE
8
C2
10
3.16934
20
-1.57827
30
-8.54741
11
3.14647
21
-1.67189
31
-8.43448
12
3.29391
22
-1.68861
32
-8.41960
13
3.31670
23
-1.59433
33
-8.53194
0
3DFACE
8
C2
10
3.14647
20
-1.67189
30
-8.43448
11
3.12354
21
-1.76507
31
-8.32115
12
3.27100
22
-1.78190
32
-8.30637
13
3.29391
23
-1.68861
33
-8.41960
0
3DFACE
8
C2
10
3.12354
20
-1.76507
30
-8.32115
11
3.09988
21
-1.85242
31
-8.20259
12
3.24701
22
-1.86661
32
-8.18545
13
3.27100
23
-1.78190
33
-8.30637
0
3DFACE
8
C2
10
3.09988
20
-1.85242
30
-8.20259
11
3.07722
21
-1.94769
31
-8.09114
12
3.22439
22
-1.96221
32
-8.07429
13
3.24701
23
-1.86661
33
-8.18545
0
3DFACE
8
C2
10
3.07722
20
-1.94769
30
-8.09114
11
3.05535
21
-2.04932
31
-7.98540
12
3.20275
22
-2.06571
32
-7.97023
13
3.22439
23
-1.96221
33
-8.07429
0
3DFACE
8
C2
10
3.05535
20
-2.04932
30
-7.98540
11
3.03333
21
-2.14975
31
-7.87858
12
3.18067
22
-2.16570
32
-7.86301
13
3.20275
23
-2.06571
33
-7.97023
0
3DFACE
8
C2
10
3.03333
20
-2.14975
30
-7.87858
11
3.01163
21
-2.25282
31
-7.77413
12
3.15879
22
-2.26723
32
-7.75718
13
3.18067
23
-2.16570
33
-7.86301
0
3DFACE
8
C2
10
3.01163
20
-2.25282
30
-7.77413
11
2.99002
21
-2.35654
31
-7.67026
12
3.13689
22
-2.36865
32
-7.65125
13
3.15879
23
-2.26723
33
-7.75718
0
3DFACE
8
C2
10
2.99002
20
-2.35654
30
-7.67026
11
2.96865
21
-2.46213
31
-7.56808
12
3.11557
22
-2.47468
32
-7.54945
13
3.13689
23
-2.36865
33
-7.65125
0
3DFACE
8
C2
10
2.96865
20
-2.46213
30
-7.56808
11
2.94811
21
-2.57443
31
-7.47191
12
3.09560
22
-2.59148
32
-7.45732
13
3.11557
23
-2.47468
33
-7.54945
0
3DFACE
8
C2
10
2.94811
20
-2.57443
30
-7.47191
11
2.92630
21
-2.67650
31
-7.36656
12
3.07410
22
-2.69608
32
-7.35425
13
3.09560
23
-2.59148
33
-7.45732
0
3DFACE
8
C2
10
2.92630
20
-2.67650
30
-7.36656
11
2.90340
21
-2.76990
31
-7.25343
12
3.05144
22
-2.79145
32
-7.24289
13
3.07410
23
-2.69608
33
-7.35425
0
3DFACE
8
C2
10
2.90340
20
-2.76990
30
-7.25343
11
2.87863
21
-2.84836
31
-7.12689
12
3.02673
22
-2.87035
32
-7.11675
13
3.05144
23
-2.79145
33
-7.24289
0
3DFACE
8
C2
10
2.87863
20
-2.84836
30
-7.12689
11
2.85531
21
-2.93846
31
-7.01080
12
3.00382
22
-2.96364
32
-7.00352
13
3.02673
23
-2.87035
33
-7.11675
0
3DFACE
8
C2
10
2.85531
20
-2.93846
30
-7.01080
11
2.83289
21
-3.03570
31
-6.90112
12
2.98204
22
-3.06604
32
-6.89847
13
3.00382
23
-2.96364
33
-7.00352
0
3DFACE
8
C2
10
2.83289
20
-3.03570
30
-6.90112
11
2.81075
21
-3.13514
31
-6.79341
12
2.96035
22
-3.16911
32
-6.79402
13
2.98204
23
-3.06604
33
-6.89847
0
3DFACE
8
C2
10
2.81075
20
-3.13514
30
-6.79341
11
2.78836
21
-3.23260
31
-6.68393
12
2.93820
22
-3.26855
32
-6.68631
13
2.96035
23
-3.16911
33
-6.79402
0
3DFACE
8
C2
10
2.78836
20
-3.23260
30
-6.68393
11
2.76573
21
-3.32820
31
-6.57277
12
2.91562
22
-3.36447
32
-6.57544
13
2.93820
23
-3.26855
33
-6.68631
0
3DFACE
8
C2
10
2.76573
20
-3.32820
30
-6.57277
11
2.74470
21
-3.43654
31
-6.47305
12
2.89511
22
-3.47699
32
-6.47947
13
2.91562
23
-3.36447
33
-6.57544
0
3DFACE
8
C2
10
2.74470
20
-3.43654
30
-6.47305
11
2.72581
21
-3.56201
31
-6.38871
12
2.87713
22
-3.60971
32
-6.40164
13
2.89511
23
-3.47699
33
-6.47947
0
3DFACE
8
C2
10
2.72581
20
-3.56201
30
-6.38871
11
2.70464
21
-3.66925
31
-6.28800
12
2.85648
22
-3.72113
32
-6.30468
13
2.87713
23
-3.60971
33
-6.40164
0
3DFACE
8
C2
10
2.70464
20
-3.66925
30
-6.28800
11
2.68090
21
-3.75595
31
-6.16886
12
2.83288
22
-3.80892
32
-6.18652
13
2.85648
23
-3.72113
33
-6.30468
0
3DFACE
8
C2
10
2.68090
20
-3.75595
30
-6.16886
11
2.65463
21
-3.82243
31
-6.03157
12
2.80597
22
-3.87024
32
-6.04459
13
2.83288
23
-3.80892
33
-6.18652
0
3DFACE
8
C2
10
2.65463
20
-3.82243
30
-6.03157
11
2.63019
21
-3.90352
31
-5.90739
12
2.78175
22
-3.95309
32
-5.92200
13
2.80597
23
-3.87024
33
-6.04459
0
3DFACE
8
C2
10
2.63019
20
-3.90352
30
-5.90739
11
2.60678
21
-3.99286
31
-5.79061
12
2.75879
22
-4.04605
32
-5.80847
13
2.78175
23
-3.95309
33
-5.92200
0
3DFACE
8
C2
10
2.60678
20
-3.99286
30
-5.79061
11
2.58280
21
-4.07757
31
-5.66969
12
2.73485
22
-4.13110
32
-5.68785
13
2.75879
23
-4.04605
33
-5.80847
0
3DFACE
8
C2
10
2.58280
20
-4.07757
30
-5.66969
11
2.55840
21
-4.15900
31
-5.54581
12
2.70977
22
-4.20714
32
-5.55914
13
2.73485
23
-4.13110
33
-5.68785
0
3DFACE
8
C2
10
2.55840
20
-4.15900
30
-5.54581
11
2.53406
21
-4.24086
31
-5.42233
12
2.68414
22
-4.27867
32
-5.42638
13
2.70977
23
-4.20714
33
-5.55914
0
3DFACE
8
C2
10
2.53406
20
-4.24086
30
-5.42233
11
2.51143
21
-4.33645
31
-5.31117
12
2.66047
22
-4.36592
32
-5.30773
13
2.68414
23
-4.27867
33
-5.42638
0
3DFACE
8
C2
10
2.51143
20
-4.33645
30
-5.31117
11
2.49102
21
-4.44974
31
-5.21589
12
2.63971
22
-4.47645
32
-5.20998
13
2.66047
23
-4.36592
33
-5.30773
0
3DFACE
8
C2
10
2.49102
20
-4.44974
30
-5.21589
11
2.46905
21
-4.55060
31
-5.10946
12
2.61666
22
-4.56864
32
-5.09576
13
2.63971
23
-4.47645
33
-5.20998
0
3DFACE
8
C2
10
4.19725
20
2.14880
30
-12.85374
11
4.17493
21
2.05079
31
-12.74475
12
4.32354
22
2.02473
32
-12.73826
13
4.34600
23
2.12164
33
-12.84823
0
3DFACE
8
C2
10
4.17493
20
2.05079
30
-12.74475
11
4.15359
21
1.94487
31
-12.64286
12
4.30189
22
1.92134
32
-12.63410
13
4.32354
23
2.02473
33
-12.73826
0
3DFACE
8
C2
10
4.15359
20
1.94487
30
-12.64286
11
4.13084
21
1.85026
31
-12.53082
12
4.27873
22
1.83003
32
-12.51909
13
4.30189
23
1.92134
33
-12.63410
0
3DFACE
8
C2
10
4.13084
20
1.85026
30
-12.53082
11
4.10698
21
1.76455
31
-12.41078
12
4.25434
22
1.74849
32
-12.39531
13
4.27873
23
1.83003
33
-12.51909
0
3DFACE
8
C2
10
4.10698
20
1.76455
30
-12.41078
11
4.08371
21
1.67412
31
-12.29499
12
4.23033
22
1.66399
32
-12.27420
13
4.25434
23
1.74849
33
-12.39531
0
3DFACE
8
C2
10
4.08371
20
1.67412
30
-12.29499
11
4.06195
21
1.57161
31
-12.19004
12
4.20777
22
1.56785
32
-12.16353
13
4.23033
23
1.66399
33
-12.27420
0
3DFACE
8
C2
10
4.06195
20
1.57161
30
-12.19004
11
4.04193
21
1.45514
31
-12.09762
12
4.18693
22
1.45797
32
-12.06519
13
4.20777
23
1.56785
33
-12.16353
0
3DFACE
8
C2
10
4.04193
20
1.45514
30
-12.09762
11
4.01946
21
1.35834
31
-11.98754
12
4.16402
22
1.36469
32
-11.95196
13
4.18693
23
1.45797
33
-12.06519
0
3DFACE
8
C2
10
4.01946
20
1.35834
30
-11.98754
11
3.99602
21
1.26922
31
-11.87057
12
4.14028
22
1.27799
32
-11.83281
13
4.16402
23
1.36469
33
-11.95196
0
3DFACE
8
C2
10
3.99602
20
1.26922
30
-11.87057
11
3.97418
21
1.16737
31
-11.76503
12
4.11821
22
1.17789
32
-11.72570
13
4.14028
23
1.27799
33
-11.83281
0
3DFACE
8
C2
10
3.97418
20
1.16737
30
-11.76503
11
3.95378
21
1.05397
31
-11.66984
12
4.09770
22
1.06538
32
-11.62972
13
4.11821
23
1.17789
33
-11.72570
0
3DFACE
8
C2
10
3.95378
20
1.05397
30
-11.66984
11
3.93560
21
0.92279
31
-11.59063
12
4.07998
22
0.93056
32
-11.55376
13
4.09770
23
1.06538
33
-11.62972
0
3DFACE
8
C2
10
3.93560
20
0.92279
30
-11.59063
11
3.91419
21
0.81752
31
-11.48815
12
4.05866
22
0.82453
32
-11.45197
13
4.07998
23
0.93056
33
-11.55376
0
3DFACE
8
C2
10
3.91419
20
0.81752
30
-11.48815
11
3.89012
21
0.73346
31
-11.36663
12
4.03483
22
0.73861
32
-11.33213
13
4.05866
23
0.82453
33
-11.45197
0
3DFACE
8
C2
10
3.89012
20
0.73346
30
-11.36663
11
3.86697
21
0.64204
31
-11.25173
12
4.01184
22
0.64587
32
-11.21841
13
4.03483
23
0.73861
33
-11.33213
0
3DFACE
8
C2
10
3.86697
20
0.64204
30
-11.25173
11
3.84340
21
0.55403
31
-11.13376
12
3.98855
22
0.55566
32
-11.10242
13
4.01184
23
0.64587
33
-11.21841
0
3DFACE
8
C2
10
3.84340
20
0.55403
30
-11.13376
11
3.81995
21
0.46503
31
-11.01669
12
3.96558
22
0.46281
32
-10.98880
13
3.98855
23
0.55566
33
-11.10242
0
3DFACE
8
C2
10
3.81995
20
0.46503
30
-11.01669
11
3.79556
21
0.38349
31
-10.89291
12
3.94160
22
0.37798
32
-10.86797
13
3.96558
23
0.46281
33
-10.98880
0
3DFACE
8
C2
10
3.79556
20
0.38349
30
-10.89291
11
3.76891
21
0.32009
31
-10.75286
12
3.91497
22
0.31446
32
-10.72802
13
3.94160
23
0.37798
33
-10.86797
0
3DFACE
8
C2
10
3.76891
20
0.32009
30
-10.75286
11
3.74447
21
0.23899
31
-10.62869
12
3.89105
22
0.22920
32
-10.60760
13
3.91497
23
0.31446
33
-10.72802
0
3DFACE
8
C2
10
3.74447
20
0.23899
30
-10.62869
11
3.72063
21
0.15307
31
-10.50885
12
3.86769
22
0.13942
32
-10.49121
13
3.89105
23
0.22920
33
-10.60760
0
3DFACE
8
C2
10
3.72063
20
0.15307
30
-10.50885
11
3.69758
21
0.06088
31
-10.39463
12
3.84508
22
0.04372
32
-10.38015
13
3.86769
23
0.13942
33
-10.49121
0
3DFACE
8
C2
10
3.69758
20
0.06088
30
-10.39463
11
3.67476
21
-0.03318
31
-10.28209
12
3.82258
22
-0.05286
32
-10.26988
13
3.84508
23
0.04372
33
-10.38015
0
3DFACE
8
C2
10
3.67476
20
-0.03318
30
-10.28209
11
3.65168
21
-0.12515
31
-10.16768
12
3.79964
22
-0.14593
32
-10.15645
13
3.82258
23
-0.05286
33
-10.26988
0
3DFACE
8
C2
10
3.65168
20
-0.12515
30
-10.16768
11
3.62931
21
-0.22272
31
-10.05830
12
3.77748
22
-0.24526
32
-10.04864
13
3.79964
23
-0.14593
33
-10.15645
0
3DFACE
8
C2
10
3.62931
20
-0.22272
30
-10.05830
11
3.60717
21
-0.32227
31
-9.95069
12
3.75550
22
-0.34602
32
-9.94212
13
3.77748
23
-0.24526
33
-10.04864
0
3DFACE
8
C2
10
3.60717
20
-0.32227
30
-9.95069
11
3.58554
21
-0.42577
31
-9.84663
12
3.73405
22
-0.45106
32
-9.83944
13
3.75550
23
-0.34602
33
-9.94212
0
3DFACE
8
C2
10
3.58554
20
-0.42577
30
-9.84663
11
3.56368
21
-0.52752
31
-9.74099
12
3.71222
22
-0.55303
32
-9.73400
13
3.73405
23
-0.45106
33
-9.83944
0
3DFACE
8
C2
10
3.56368
20
-0.52752
30
-9.74099
11
3.54162
21
-0.62762
31
-9.63387
12
3.69015
22
-0.65302
32
-9.62678
13
3.71222
23
-0.55303
33
-9.73400
0
3DFACE
8
C2
10
3.54162
20
-0.62762
30
-9.63387
11
3.51967
21
-0.72860
31
-9.52754
12
3.66821
22
-0.75411
32
-9.52055
13
3.69015
23
-0.65302
33
-9.62678
0
3DFACE
8
C2
10
3.51967
20
-0.72860
30
-9.52754
11
3.49766
21
-0.82914
31
-9.42082
12
3.64623
22
-0.85486
32
-9.41403
13
3.66821
23
-0.75411
33
-9.52055
0
3DFACE
8
C2
10
3.49766
20
-0.82914
30
-9.42082
11
3.47558
21
-0.92912
31
-9.31361
12
3.62410
22
-0.95441
32
-9.30642
13
3.64623
23
-0.85486
33
-9.41403
0
3DFACE
8
C2
10
3.47558
20
-0.92912
30
-9.31361
11
3.45341
21
-1.02834
31
-9.20570
12
3.60194
22
-1.05374
32
-9.19861
13
3.62410
23
-0.95441
33
-9.30642
0
3DFACE
8
C2
10
3.45341
20
-1.02834
30
-9.20570
11
3.43076
21
-1.12372
31
-9.09434
12
3.57916
22
-1.14813
32
-9.08637
13
3.60194
23
-1.05374
33
-9.19861
0
3DFACE
8
C2
10
3.43076
20
-1.12372
30
-9.09434
11
3.40818
21
-1.21975
31
-8.98358
12
3.55656
22
-1.24394
32
-8.97541
13
3.57916
23
-1.14813
33
-9.08637
0
3DFACE
8
C2
10
3.40818
20
-1.21975
30
-8.98358
11
3.38541
21
-1.31414
31
-8.87134
12
3.53377
22
-1.33822
32
-8.86306
13
3.55656
23
-1.24394
33
-8.97541
0
3DFACE
8
C2
10
3.38541
20
-1.31414
30
-8.87134
11
3.36201
21
-1.40358
31
-8.75465
12
3.50999
22
-1.42459
32
-8.74362
13
3.53377
23
-1.33822
33
-8.86306
0
3DFACE
8
C2
10
3.36201
20
-1.40358
30
-8.75465
11
3.33936
21
-1.49896
31
-8.64330
12
3.48748
22
-1.52106
32
-8.63325
13
3.50999
23
-1.42459
33
-8.74362
0
3DFACE
8
C2
10
3.33936
20
-1.49896
30
-8.64330
11
3.31670
21
-1.59433
31
-8.53194
12
3.46510
22
-1.61863
32
-8.52387
13
3.48748
23
-1.52106
33
-8.63325
0
3DFACE
8
C2
10
3.31670
20
-1.59433
30
-8.53194
11
3.29391
21
-1.68861
31
-8.41960
12
3.44253
22
-1.71467
32
-8.41310
13
3.46510
23
-1.61863
33
-8.52387
0
3DFACE
8
C2
10
3.29391
20
-1.68861
30
-8.41960
11
3.27100
21
-1.78190
31
-8.30637
12
3.41976
22
-1.80916
32
-8.30096
13
3.44253
23
-1.71467
33
-8.41310
0
3DFACE
8
C2
10
3.27100
20
-1.78190
30
-8.30637
11
3.24701
21
-1.86661
31
-8.18545
12
3.39531
22
-1.89015
32
-8.17668
13
3.41976
23
-1.80916
33
-8.30096
0
3DFACE
8
C2
10
3.24701
20
-1.86661
30
-8.18545
11
3.22439
21
-1.96221
31
-8.07429
12
3.37267
22
-1.98563
32
-8.06543
13
3.39531
23
-1.89015
33
-8.17668
0
3DFACE
8
C2
10
3.22439
20
-1.96221
30
-8.07429
11
3.20275
21
-2.06571
31
-7.97023
12
3.35135
22
-2.09166
32
-7.96363
13
3.37267
23
-1.98563
33
-8.06543
0
3DFACE
8
C2
10
3.20275
20
-2.06571
30
-7.97023
11
3.18067
21
-2.16570
31
-7.86301
12
3.32900
22
-2.18945
32
-7.85445
13
3.35135
23
-2.09166
33
-7.96363
0
3DFACE
8
C2
10
3.18067
20
-2.16570
30
-7.86301
11
3.15879
21
-2.26723
31
-7.75718
12
3.30673
22
-2.28791
32
-7.74585
13
3.32900
23
-2.18945
33
-7.85445
0
3DFACE
8
C2
10
3.15879
20
-2.26723
30
-7.75718
11
3.13689
21
-2.36865
31
-7.65125
12
3.28453
22
-2.38691
32
-7.63775
13
3.30673
23
-2.28791
33
-7.74585
0
3DFACE
8
C2
10
3.13689
20
-2.36865
30
-7.65125
11
3.11557
21
-2.47468
31
-7.54945
12
3.26298
22
-2.49107
32
-7.53428
13
3.28453
23
-2.38691
33
-7.63775
0
3DFACE
8
C2
10
3.11557
20
-2.47468
30
-7.54945
11
3.09560
21
-2.59148
31
-7.45732
12
3.24350
22
-2.61182
32
-7.44570
13
3.26298
23
-2.49107
33
-7.53428
0
3DFACE
8
C2
10
3.09560
20
-2.59148
30
-7.45732
11
3.07410
21
-2.69608
31
-7.35425
12
3.22213
22
-2.71752
32
-7.34361
13
3.24350
23
-2.61182
33
-7.44570
0
3DFACE
8
C2
10
3.07410
20
-2.69608
30
-7.35425
11
3.05144
21
-2.79145
31
-7.24289
12
3.19974
22
-2.81499
32
-7.23413
13
3.22213
23
-2.71752
33
-7.34361
0
3DFACE
8
C2
10
3.05144
20
-2.79145
30
-7.24289
11
3.02673
21
-2.87035
31
-7.11675
12
3.17554
22
-2.89795
32
-7.11163
13
3.19974
23
-2.81499
33
-7.23413
0
3DFACE
8
C2
10
3.02673
20
-2.87035
30
-7.11675
11
3.00382
21
-2.96364
31
-7.00352
12
3.15307
22
-2.99486
32
-7.00165
13
3.17554
23
-2.89795
33
-7.11163
0
3DFACE
8
C2
10
3.00382
20
-2.96364
30
-7.00352
11
2.98204
21
-3.06604
31
-6.89847
12
3.13170
22
-3.10045
32
-6.89947
13
3.15307
23
-2.99486
33
-7.00165
0
3DFACE
8
C2
10
2.98204
20
-3.06604
30
-6.89847
11
2.96035
21
-3.16911
31
-6.79402
12
3.11038
22
-3.20648
32
-6.79767
13
3.13170
23
-3.10045
33
-6.89947
0
3DFACE
8
C2
10
2.96035
20
-3.16911
30
-6.79402
11
2.93820
21
-3.26855
31
-6.68631
12
3.08851
22
-3.30812
32
-6.69194
13
3.11038
23
-3.20648
33
-6.79767
0
3DFACE
8
C2
10
2.93820
20
-3.26855
30
-6.68631
11
2.91562
21
-3.36447
31
-6.57544
12
3.06634
22
-3.40734
32
-6.58403
13
3.08851
23
-3.30812
33
-6.69194
0
3DFACE
8
C2
10
2.91562
20
-3.36447
30
-6.57544
11
2.89511
21
-3.47699
31
-6.47947
12
3.04624
22
-3.52315
32
-6.49102
13
3.06634
23
-3.40734
33
-6.58403
0
3DFACE
8
C2
10
2.89511
20
-3.47699
30
-6.47947
11
2.87713
21
-3.60971
31
-6.40164
12
3.02857
22
-3.65840
32
-6.41545
13
3.04624
23
-3.52315
33
-6.49102
0
3DFACE
8
C2
10
2.87713
20
-3.60971
30
-6.40164
11
2.85648
21
-3.72113
31
-6.30468
12
3.00842
22
-3.77377
32
-6.32204
13
3.02857
23
-3.65840
33
-6.41545
0
3DFACE
8
C2
10
2.85648
20
-3.72113
30
-6.30468
11
2.83288
21
-3.80892
31
-6.18652
12
2.98541
22
-3.86629
32
-6.20812
13
3.00842
23
-3.77377
33
-6.32204
0
3DFACE
8
C2
10
2.83288
20
-3.80892
30
-6.18652
11
2.80597
21
-3.87024
31
-6.04459
12
2.95936
22
-3.93453
32
-6.07241
13
2.98541
23
-3.86629
33
-6.20812
0
3DFACE
8
C2
10
2.80597
20
-3.87024
30
-6.04459
11
2.78175
21
-3.95309
31
-5.92200
12
2.93580
22
-4.02265
32
-5.95455
13
2.95936
23
-3.93453
33
-6.07241
0
3DFACE
8
C2
10
2.78175
20
-3.95309
30
-5.92200
11
2.75879
21
-4.04605
31
-5.80847
12
2.91319
22
-4.11836
32
-5.84348
13
2.93580
23
-4.02265
33
-5.95455
0
3DFACE
8
C2
10
2.75879
20
-4.04605
30
-5.80847
11
2.73485
21
-4.13110
31
-5.68785
12
2.88898
22
-4.20132
32
-5.72099
13
2.91319
23
-4.11836
33
-5.84348
0
3DFACE
8
C2
10
2.73485
20
-4.13110
30
-5.68785
11
2.70977
21
-4.20714
31
-5.55914
12
2.86304
22
-4.27044
32
-5.58606
13
2.88898
23
-4.20132
33
-5.72099
0
3DFACE
8
C2
10
2.70977
20
-4.20714
30
-5.55914
11
2.68414
21
-4.27867
31
-5.42638
12
2.83606
22
-4.33121
32
-5.44365
13
2.86304
23
-4.27044
33
-5.58606
0
3DFACE
8
C2
10
2.68414
20
-4.27867
30
-5.42638
11
2.66047
21
-4.36592
31
-5.30773
12
2.81094
22
-4.40681
32
-5.31454
13
2.83606
23
-4.33121
33
-5.44365
0
3DFACE
8
C2
10
2.66047
20
-4.36592
30
-5.30773
11
2.63971
21
-4.47645
31
-5.20998
12
2.78846
22
-4.50361
32
-5.20447
13
2.81094
23
-4.40681
33
-5.31454
0
3DFACE
8
C2
10
2.63971
20
-4.47645
30
-5.20998
11
2.61666
21
-4.56864
31
-5.09576
12
2.76388
22
-4.58361
32
-5.07931
13
2.78846
23
-4.50361
33
-5.20447
0
3DFACE
8
C2
10
4.34600
20
2.12164
30
-12.84823
11
4.32354
21
2.02473
31
-12.73826
12
4.47321
22
1.99021
32
-12.73935
13
4.49593
23
2.08504
33
-12.85120
0
3DFACE
8
C2
10
4.32354
20
2.02473
30
-12.73826
11
4.30189
21
1.92134
31
-12.63410
12
4.45127
22
1.88913
32
-12.63312
13
4.47321
23
1.99021
33
-12.73935
0
3DFACE
8
C2
10
4.30189
20
1.92134
30
-12.63410
11
4.27873
21
1.83003
31
-12.51909
12
4.42774
22
1.80078
32
-12.51546
13
4.45127
23
1.88913
33
-12.63312
0
3DFACE
8
C2
10
4.27873
20
1.83003
30
-12.51909
11
4.25434
21
1.74849
31
-12.39531
12
4.40269
22
1.72452
32
-12.38694
13
4.42774
23
1.80078
33
-12.51546
0
3DFACE
8
C2
10
4.25434
20
1.74849
30
-12.39531
11
4.23033
21
1.66399
31
-12.27420
12
4.37820
22
1.64387
32
-12.26237
13
4.40269
23
1.72452
33
-12.38694
0
3DFACE
8
C2
10
4.23033
20
1.66399
30
-12.27420
11
4.20777
21
1.56785
31
-12.16353
12
4.35544
22
1.54937
32
-12.15023
13
4.37820
23
1.64387
33
-12.26237
0
3DFACE
8
C2
10
4.20777
20
1.56785
30
-12.16353
11
4.18693
21
1.45797
31
-12.06519
12
4.33460
22
1.43950
32
-12.05189
13
4.35544
23
1.54937
33
-12.15023
0
3DFACE
8
C2
10
4.18693
20
1.45797
30
-12.06519
11
4.16402
21
1.36469
31
-11.95196
12
4.31153
22
1.34742
32
-11.93757
13
4.33460
23
1.43950
33
-12.05189
0
3DFACE
8
C2
10
4.16402
20
1.36469
30
-11.95196
11
4.14028
21
1.27799
31
-11.83281
12
4.28749
22
1.26314
32
-11.81626
13
4.31153
23
1.34742
33
-11.93757
0
3DFACE
8
C2
10
4.14028
20
1.27799
30
-11.83281
11
4.11821
21
1.17789
31
-11.72570
12
4.26519
22
1.16491
32
-11.70747
13
4.28749
23
1.26314
33
-11.81626
0
3DFACE
8
C2
10
4.11821
20
1.17789
30
-11.72570
11
4.09770
21
1.06538
31
-11.62972
12
4.24481
22
1.05140
32
-11.61238
13
4.26519
23
1.16491
33
-11.70747
0
3DFACE
8
C2
10
4.09770
20
1.06538
30
-11.62972
11
4.07998
21
0.93056
31
-11.55376
12
4.22713
22
0.91626
32
-11.53671
13
4.24481
23
1.05140
33
-11.61238
0
3DFACE
8
C2
10
4.07998
20
0.93056
30
-11.55376
11
4.05866
21
0.82453
31
-11.45197
12
4.20578
22
0.81045
32
-11.43473
13
4.22713
23
0.91626
33
-11.53671
0
3DFACE
8
C2
10
4.05866
20
0.82453
30
-11.45197
11
4.03483
21
0.73861
31
-11.33213
12
4.18178
22
0.72584
32
-11.31371
13
4.20578
23
0.81045
33
-11.43473
0
3DFACE
8
C2
10
4.03483
20
0.73861
30
-11.33213
11
4.01184
21
0.64587
31
-11.21841
12
4.15874
22
0.63354
32
-11.19959
13
4.18178
23
0.72584
33
-11.31371
0
3DFACE
8
C2
10
4.01184
20
0.64587
30
-11.21841
11
3.98855
21
0.55566
31
-11.10242
12
4.13563
22
0.54179
32
-11.08498
13
4.15874
23
0.63354
33
-11.19959
0
3DFACE
8
C2
10
3.98855
20
0.55566
30
-11.10242
11
3.96558
21
0.46281
31
-10.98880
12
4.11280
22
0.44784
32
-10.97234
13
4.13563
23
0.54179
33
-11.08498
0
3DFACE
8
C2
10
3.96558
20
0.46281
30
-10.98880
11
3.94160
21
0.37798
31
-10.86797
12
4.08895
22
0.36203
32
-10.85241
13
4.11280
23
0.44784
33
-10.97234
0
3DFACE
8
C2
10
3.94160
20
0.37798
30
-10.86797
11
3.91497
21
0.31446
31
-10.72802
12
4.06256
22
0.29653
32
-10.71423
13
4.08895
23
0.36203
33
-10.85241
0
3DFACE
8
C2
10
3.91497
20
0.31446
30
-10.72802
11
3.89105
21
0.22920
31
-10.60760
12
4.03885
22
0.20962
32
-10.59528
13
4.06256
23
0.29653
33
-10.71423
0
3DFACE
8
C2
10
3.89105
20
0.22920
30
-10.60760
11
3.86769
21
0.13942
31
-10.49121
12
4.01578
22
0.11754
32
-10.48097
13
4.03885
23
0.20962
33
-10.59528
0
3DFACE
8
C2
10
3.86769
20
0.13942
30
-10.49121
11
3.84508
21
0.04372
31
-10.38015
12
3.99332
22
0.02063
32
-10.37099
13
4.01578
23
0.11754
33
-10.48097
0
3DFACE
8
C2
10
3.84508
20
0.04372
30
-10.38015
11
3.82258
21
-0.05286
31
-10.26988
12
3.97100
22
-0.07739
32
-10.26200
13
3.99332
23
0.02063
33
-10.37099
0
3DFACE
8
C2
10
3.82258
20
-0.05286
30
-10.26988
11
3.79964
21
-0.14593
31
-10.15645
12
3.94829
22
-0.17232
32
-10.15025
13
3.97100
23
-0.07739
33
-10.26200
0
3DFACE
8
C2
10
3.79964
20
-0.14593
30
-10.15645
11
3.77748
21
-0.24526
31
-10.04864
12
3.92627
22
-0.27275
32
-10.04343
13
3.94829
23
-0.17232
33
-10.15025
0
3DFACE
8
C2
10
3.77748
20
-0.24526
30
-10.04864
11
3.75550
21
-0.34602
31
-9.94212
12
3.90437
22
-0.37417
32
-9.93749
13
3.92627
23
-0.27275
33
-10.04343
0
3DFACE
8
C2
10
3.75550
20
-0.34602
30
-9.94212
11
3.73405
21
-0.45106
31
-9.83944
12
3.88297
22
-0.47954
32
-9.83511
13
3.90437
23
-0.37417
33
-9.93749
0
3DFACE
8
C2
10
3.73405
20
-0.45106
30
-9.83944
11
3.71222
21
-0.55303
31
-9.73400
12
3.86117
22
-0.58172
32
-9.72987
13
3.88297
23
-0.47954
33
-9.83511
0
3DFACE
8
C2
10
3.71222
20
-0.55303
30
-9.73400
11
3.69015
21
-0.65302
31
-9.62678
12
3.83913
22
-0.68204
32
-9.62295
13
3.86117
23
-0.58172
33
-9.72987
0
3DFACE
8
C2
10
3.69015
20
-0.65302
30
-9.62678
11
3.66821
21
-0.75411
31
-9.52055
12
3.81711
22
-0.78247
32
-9.51613
13
3.83913
23
-0.68204
33
-9.62295
0
3DFACE
8
C2
10
3.66821
20
-0.75411
30
-9.52055
11
3.64623
21
-0.85486
31
-9.41403
12
3.79502
22
-0.88235
32
-9.40881
13
3.81711
23
-0.78247
33
-9.51613
0
3DFACE
8
C2
10
3.64623
20
-0.85486
30
-9.41403
11
3.62410
21
-0.95441
31
-9.30642
12
3.77278
22
-0.98102
32
-9.30041
13
3.79502
23
-0.88235
33
-9.40881
0
3DFACE
8
C2
10
3.62410
20
-0.95441
30
-9.30642
11
3.60194
21
-1.05374
31
-9.19861
12
3.75050
22
-1.07936
32
-9.19172
13
3.77278
23
-0.98102
33
-9.30041
0
3DFACE
8
C2
10
3.60194
20
-1.05374
30
-9.19861
11
3.57916
21
-1.14813
31
-9.08637
12
3.72754
22
-1.17232
32
-9.07819
13
3.75050
23
-1.07936
33
-9.19172
0
3DFACE
8
C2
10
3.57916
20
-1.14813
30
-9.08637
11
3.55656
21
-1.24394
31
-8.97541
12
3.70467
22
-1.26594
32
-8.96526
13
3.72754
23
-1.17232
33
-9.07819
0
3DFACE
8
C2
10
3.55656
20
-1.24394
30
-8.97541
11
3.53377
21
-1.33822
31
-8.86306
12
3.68157
22
-1.35780
32
-8.85075
13
3.70467
23
-1.26594
33
-8.96526
0
3DFACE
8
C2
10
3.53377
20
-1.33822
30
-8.86306
11
3.50999
21
-1.42459
31
-8.74362
12
3.65742
22
-1.44120
32
-8.72865
13
3.68157
23
-1.35780
33
-8.85075
0
3DFACE
8
C2
10
3.50999
20
-1.42459
30
-8.74362
11
3.48748
21
-1.52106
31
-8.63325
12
3.63478
22
-1.53668
32
-8.61739
13
3.65742
23
-1.44120
33
-8.72865
0
3DFACE
8
C2
10
3.48748
20
-1.52106
30
-8.63325
11
3.46510
21
-1.61863
31
-8.52387
12
3.61234
22
-1.63371
32
-8.50751
13
3.63478
23
-1.53668
33
-8.61739
0
3DFACE
8
C2
10
3.46510
20
-1.61863
30
-8.52387
11
3.44253
21
-1.71467
31
-8.41310
12
3.58968
22
-1.72908
32
-8.39615
13
3.61234
23
-1.63371
33
-8.50751
0
3DFACE
8
C2
10
3.44253
20
-1.71467
30
-8.41310
11
3.41976
21
-1.80916
31
-8.30096
12
3.56681
22
-1.82270
32
-8.28322
13
3.58968
23
-1.72908
33
-8.39615
0
3DFACE
8
C2
10
3.41976
20
-1.80916
30
-8.30096
11
3.39531
21
-1.89015
31
-8.17668
12
3.54204
22
-1.90115
32
-8.15668
13
3.56681
23
-1.82270
33
-8.28322
0
3DFACE
8
C2
10
3.39531
20
-1.89015
30
-8.17668
11
3.37267
21
-1.98563
31
-8.06543
12
3.51930
22
-1.99587
32
-8.04473
13
3.54204
23
-1.90115
33
-8.15668
0
3DFACE
8
C2
10
3.37267
20
-1.98563
30
-8.06543
11
3.35135
21
-2.09166
31
-7.96363
12
3.49815
22
-2.10322
32
-7.94412
13
3.51930
23
-1.99587
33
-8.04473
0
3DFACE
8
C2
10
3.35135
20
-2.09166
30
-7.96363
11
3.32900
21
-2.18945
31
-7.85445
12
3.47582
22
-2.20123
32
-7.83513
13
3.49815
23
-2.10322
33
-7.94412
0
3DFACE
8
C2
10
3.32900
20
-2.18945
30
-7.85445
11
3.30673
21
-2.28791
31
-7.74585
12
3.45345
22
-2.29880
32
-7.72575
13
3.47582
23
-2.20123
33
-7.83513
0
3DFACE
8
C2
10
3.30673
20
-2.28791
30
-7.74585
11
3.28453
21
-2.38691
31
-7.63775
12
3.43112
22
-2.39681
32
-7.61676
13
3.45345
23
-2.29880
33
-7.72575
0
3DFACE
8
C2
10
3.28453
20
-2.38691
30
-7.63775
11
3.26298
21
-2.49107
31
-7.53428
12
3.40958
22
-2.50109
32
-7.51339
13
3.43112
23
-2.39681
33
-7.61676
0
3DFACE
8
C2
10
3.26298
20
-2.49107
30
-7.53428
11
3.24350
21
-2.61182
31
-7.44570
12
3.39050
22
-2.62503
32
-7.42767
13
3.40958
23
-2.50109
33
-7.51339
0
3DFACE
8
C2
10
3.24350
20
-2.61182
30
-7.44570
11
3.22213
21
-2.71752
31
-7.34361
12
3.36948
22
-2.73347
32
-7.32804
13
3.39050
23
-2.62503
33
-7.42767
0
3DFACE
8
C2
10
3.22213
20
-2.71752
30
-7.34361
11
3.19974
21
-2.81499
31
-7.23413
12
3.34731
22
-2.83269
32
-7.22014
13
3.36948
23
-2.73347
33
-7.32804
0
3DFACE
8
C2
10
3.19974
20
-2.81499
30
-7.23413
11
3.17554
21
-2.89795
31
-7.11163
12
3.32335
22
-2.91763
32
-7.09941
13
3.34731
23
-2.83269
33
-7.22014
0
3DFACE
8
C2
10
3.17554
20
-2.89795
30
-7.11163
11
3.15307
21
-2.99486
31
-7.00165
12
3.30116
22
-3.01674
32
-6.99141
13
3.32335
23
-2.91763
33
-7.09941
0
3DFACE
8
C2
10
3.15307
20
-2.99486
30
-7.00165
11
3.13170
21
-3.10045
31
-6.89947
12
3.28012
22
-3.12497
32
-6.89159
13
3.30116
23
-3.01674
33
-6.99141
0
3DFACE
8
C2
10
3.13170
20
-3.10045
30
-6.89947
11
3.11038
21
-3.20648
31
-6.79767
12
3.25913
22
-3.23364
32
-6.79216
13
3.28012
23
-3.12497
33
-6.89159
0
3DFACE
8
C2
10
3.11038
20
-3.20648
30
-6.79767
11
3.08851
21
-3.30812
31
-6.69194
12
3.23744
22
-3.33670
32
-6.68771
13
3.25913
23
-3.23364
33
-6.79216
0
3DFACE
8
C2
10
3.08851
20
-3.30812
30
-6.69194
11
3.06634
21
-3.40734
31
-6.58403
12
3.21555
22
-3.43823
32
-6.58187
13
3.23744
23
-3.33670
33
-6.68771
0
3DFACE
8
C2
10
3.06634
20
-3.40734
30
-6.58403
11
3.04624
21
-3.52315
31
-6.49102
12
3.19570
22
-3.55602
32
-6.49063
13
3.21555
23
-3.43823
33
-6.58187
0
3DFACE
8
C2
10
3.04624
20
-3.52315
30
-6.49102
11
3.02857
21
-3.65840
31
-6.41545
12
3.17828
22
-3.69325
32
-6.41684
13
3.19570
23
-3.55602
33
-6.49063
0
3DFACE
8
C2
10
3.02857
20
-3.65840
30
-6.41545
11
3.00842
21
-3.77377
31
-6.32204
12
3.15832
22
-3.81016
32
-6.32481
13
3.17828
23
-3.69325
33
-6.41684
0
3DFACE
8
C2
10
3.00842
20
-3.77377
30
-6.32204
11
2.98541
21
-3.86629
31
-6.20812
12
3.13516
22
-3.90147
32
-6.20981
13
3.15832
23
-3.81016
33
-6.32481
0
3DFACE
8
C2
10
2.98541
20
-3.86629
30
-6.20812
11
2.95936
21
-3.93453
31
-6.07241
12
3.10872
22
-3.96652
32
-6.07124
13
3.13516
23
-3.90147
33
-6.20981
0
3DFACE
8
C2
10
2.95936
20
-3.93453
30
-6.07241
11
2.93580
21
-4.02265
31
-5.95455
12
3.08505
22
-4.05377
32
-5.95258
13
3.10872
23
-3.96652
33
-6.07124
0
3DFACE
8
C2
10
2.93580
20
-4.02265
30
-5.95455
11
2.91319
21
-4.11836
31
-5.84348
12
3.06219
22
-4.14749
32
-5.83975
13
3.08505
23
-4.05377
33
-5.95258
0
3DFACE
8
C2
10
2.91319
20
-4.11836
30
-5.84348
11
2.88898
21
-4.20132
31
-5.72099
12
3.03772
22
-4.22837
32
-5.71538
13
3.06219
23
-4.14749
33
-5.83975
0
3DFACE
8
C2
10
2.88898
20
-4.20132
30
-5.72099
11
2.86304
21
-4.27044
31
-5.58606
12
3.01115
22
-4.29243
32
-5.57592
13
3.03772
23
-4.22837
33
-5.71538
0
3DFACE
8
C2
10
2.86304
20
-4.27044
30
-5.58606
11
2.83606
21
-4.33121
31
-5.44365
12
2.98338
22
-4.34694
32
-5.42788
13
3.01115
23
-4.29243
33
-5.57592
0
3DFACE
8
C2
10
2.83606
20
-4.33121
30
-5.44365
11
2.81094
21
-4.40681
31
-5.31454
12
2.95778
22
-4.41869
32
-5.29533
13
2.98338
23
-4.34694
33
-5.42788
0
3DFACE
8
C2
10
2.81094
20
-4.40681
30
-5.31454
11
2.78846
21
-4.50361
31
-5.20447
12
2.93501
22
-4.51319
32
-5.18318
13
2.95778
23
-4.41869
33
-5.29533
0
3DFACE
8
C2
10
2.78846
20
-4.50361
30
-5.20447
11
2.76388
21
-4.58361
31
-5.07931
12
2.90990
22
-4.58890
32
-5.05418
13
2.93501
23
-4.51319
33
-5.18318
0
3DFACE
8
C2
10
4.49593
20
2.08504
30
-12.85120
11
4.47321
21
1.99021
31
-12.73935
12
4.62282
22
1.95613
32
-12.74005
13
4.64571
23
2.04964
33
-12.85309
0
3DFACE
8
C2
10
4.47321
20
1.99021
30
-12.73935
11
4.45127
21
1.88913
31
-12.63312
12
4.60097
22
1.85439
32
-12.63442
13
4.62282
23
1.95613
33
-12.74005
0
3DFACE
8
C2
10
4.45127
20
1.88913
30
-12.63312
11
4.42774
21
1.80078
31
-12.51546
12
4.57720
22
1.76791
32
-12.51507
13
4.60097
23
1.85439
33
-12.63442
0
3DFACE
8
C2
10
4.42774
20
1.80078
30
-12.51546
11
4.40269
21
1.72452
31
-12.38694
12
4.55162
22
1.69594
32
-12.38271
13
4.57720
23
1.76791
33
-12.51507
0
3DFACE
8
C2
10
4.40269
20
1.72452
30
-12.38694
11
4.37820
21
1.64387
31
-12.26237
12
4.52681
22
1.61781
32
-12.25588
13
4.55162
23
1.69594
33
-12.38271
0
3DFACE
8
C2
10
4.37820
20
1.64387
30
-12.26237
11
4.35544
21
1.54937
31
-12.15023
12
4.50427
22
1.52156
32
-12.14531
13
4.52681
23
1.61781
33
-12.25588
0
3DFACE
8
C2
10
4.35544
20
1.54937
30
-12.15023
11
4.33460
21
1.43950
31
-12.05189
12
4.48350
22
1.41113
32
-12.04746
13
4.50427
23
1.52156
33
-12.14531
0
3DFACE
8
C2
10
4.33460
20
1.43950
30
-12.05189
11
4.31153
21
1.34742
31
-11.93757
12
4.46042
22
1.31916
32
-11.93305
13
4.48350
23
1.41113
33
-12.04746
0
3DFACE
8
C2
10
4.31153
20
1.34742
30
-11.93757
11
4.28749
21
1.26314
31
-11.81626
12
4.43588
22
1.23884
32
-11.80818
13
4.46042
23
1.31916
33
-11.93305
0
3DFACE
8
C2
10
4.28749
20
1.26314
30
-11.81626
11
4.26519
21
1.16491
31
-11.70747
12
4.41341
22
1.14203
32
-11.69811
13
4.43588
23
1.23884
33
-11.80818
0
3DFACE
8
C2
10
4.26519
20
1.16491
30
-11.70747
11
4.24481
21
1.05140
31
-11.61238
12
4.39338
22
1.02568
32
-11.60559
13
4.41341
23
1.14203
33
-11.69811
0
3DFACE
8
C2
10
4.24481
20
1.05140
30
-11.61238
11
4.22713
21
0.91626
31
-11.53671
12
4.37555
22
0.89174
32
-11.52884
13
4.39338
23
1.02568
33
-11.60559
0
3DFACE
8
C2
10
4.22713
20
0.91626
30
-11.53671
11
4.20578
21
0.81045
31
-11.43473
12
4.35431
22
0.78505
32
-11.42764
13
4.37555
23
0.89174
33
-11.52884
0
3DFACE
8
C2
10
4.20578
20
0.81045
30
-11.43473
11
4.18178
21
0.72584
31
-11.31371
12
4.33040
22
0.69967
32
-11.30731
13
4.35431
23
0.78505
33
-11.42764
0
3DFACE
8
C2
10
4.18178
20
0.72584
30
-11.31371
11
4.15874
21
0.63354
31
-11.19959
12
4.30722
22
0.60858
32
-11.19211
13
4.33040
23
0.69967
33
-11.30731
0
3DFACE
8
C2
10
4.15874
20
0.63354
30
-11.19959
11
4.13563
21
0.54179
31
-11.08498
12
4.28425
22
0.51573
32
-11.07848
13
4.30722
23
0.60858
33
-11.19211
0
3DFACE
8
C2
10
4.13563
20
0.54179
30
-11.08498
11
4.11280
21
0.44784
31
-10.97234
12
4.26144
22
0.42157
32
-10.96604
13
4.28425
23
0.51573
33
-11.07848
0
3DFACE
8
C2
10
4.11280
20
0.44784
30
-10.97234
11
4.08895
21
0.36203
31
-10.85241
12
4.23759
22
0.33575
32
-10.84611
13
4.26144
23
0.42157
33
-10.96604
0
3DFACE
8
C2
10
4.08895
20
0.36203
30
-10.85241
11
4.06256
21
0.29653
31
-10.71423
12
4.21168
22
0.26641
32
-10.71138
13
4.23759
23
0.33575
33
-10.84611
0
3DFACE
8
C2
10
4.06256
20
0.29653
30
-10.71423
11
4.03885
21
0.20962
31
-10.59528
12
4.18792
22
0.17993
32
-10.59204
13
4.21168
23
0.26641
33
-10.71138
0
3DFACE
8
C2
10
4.03885
20
0.20962
30
-10.59528
11
4.01578
21
0.11754
31
-10.48097
12
4.16497
22
0.08687
32
-10.47861
13
4.18792
23
0.17993
33
-10.59204
0
3DFACE
8
C2
10
4.01578
20
0.11754
30
-10.48097
11
3.99332
21
0.02063
31
-10.37099
12
4.14262
22
-0.01093
32
-10.36942
13
4.16497
23
0.08687
33
-10.47861
0
3DFACE
8
C2
10
3.99332
20
0.02063
30
-10.37099
11
3.97100
21
-0.07739
31
-10.26200
12
4.12041
22
-0.10982
32
-10.26122
13
4.14262
23
-0.01093
33
-10.36942
0
3DFACE
8
C2
10
3.97100
20
-0.07739
30
-10.26200
11
3.94829
21
-0.17232
31
-10.15025
12
4.09793
22
-0.20662
32
-10.15115
13
4.12041
23
-0.10982
33
-10.26122
0
3DFACE
8
C2
10
3.94829
20
-0.17232
30
-10.15025
11
3.92627
21
-0.27275
31
-10.04343
12
4.07590
22
-0.30694
32
-10.04423
13
4.09793
23
-0.20662
33
-10.15115
0
3DFACE
8
C2
10
3.92627
20
-0.27275
30
-10.04343
11
3.90437
21
-0.37417
31
-9.93749
12
4.05399
22
-0.40824
32
-9.93820
13
4.07590
23
-0.30694
33
-10.04423
0
3DFACE
8
C2
10
3.90437
20
-0.37417
30
-9.93749
11
3.88297
21
-0.47954
31
-9.83511
12
4.03249
22
-0.51285
32
-9.83512
13
4.05399
23
-0.40824
33
-9.93820
0
3DFACE
8
C2
10
3.88297
20
-0.47954
30
-9.83511
11
3.86117
21
-0.58172
31
-9.72987
12
4.01062
22
-0.61448
32
-9.72939
13
4.03249
23
-0.51285
33
-9.83512
0
3DFACE
8
C2
10
3.86117
20
-0.58172
30
-9.72987
11
3.83913
21
-0.68204
31
-9.62295
12
3.98854
22
-0.71447
32
-9.62217
13
4.01062
23
-0.61448
33
-9.72939
0
3DFACE
8
C2
10
3.83913
20
-0.68204
30
-9.62295
11
3.81711
21
-0.78247
31
-9.51613
12
3.96636
22
-0.81358
32
-9.51417
13
3.98854
23
-0.71447
33
-9.62217
0
3DFACE
8
C2
10
3.81711
20
-0.78247
30
-9.51613
11
3.79502
21
-0.88235
31
-9.40881
12
3.94398
22
-0.91116
32
-9.40478
13
3.96636
23
-0.81358
33
-9.51417
0
3DFACE
8
C2
10
3.79502
20
-0.88235
30
-9.40881
11
3.77278
21
-0.98102
31
-9.30041
12
3.92142
22
-1.00730
32
-9.29411
13
3.94398
23
-0.91116
33
-9.40478
0
3DFACE
8
C2
10
3.77278
20
-0.98102
30
-9.30041
11
3.75050
21
-1.07936
31
-9.19172
12
3.89883
22
-1.10322
32
-9.18325
13
3.92142
23
-1.00730
33
-9.29411
0
3DFACE
8
C2
10
3.75050
20
-1.07936
30
-9.19172
11
3.72754
21
-1.17232
31
-9.07819
12
3.87556
22
-1.19366
32
-9.06746
13
3.89883
23
-1.10322
33
-9.18325
0
3DFACE
8
C2
10
3.72754
20
-1.17232
30
-9.07819
11
3.70467
21
-1.26594
31
-8.96526
12
3.85226
22
-1.28387
32
-8.95147
13
3.87556
23
-1.19366
33
-9.06746
0
3DFACE
8
C2
10
3.70467
20
-1.26594
30
-8.96526
11
3.68157
21
-1.35780
31
-8.85075
12
3.82872
22
-1.37210
32
-8.83370
13
3.85226
23
-1.28387
33
-8.95147
0
3DFACE
8
C2
10
3.68157
20
-1.35780
30
-8.85075
11
3.65742
21
-1.44120
31
-8.72865
12
3.80419
22
-1.45254
32
-8.70894
13
3.82872
23
-1.37210
33
-8.83370
0
3DFACE
8
C2
10
3.65742
20
-1.44120
30
-8.72865
11
3.63478
21
-1.53668
31
-8.61739
12
3.78124
22
-1.54549
32
-8.59541
13
3.80419
23
-1.45254
33
-8.70894
0
3DFACE
8
C2
10
3.63478
20
-1.53668
30
-8.61739
11
3.61234
21
-1.63371
31
-8.50751
12
3.75848
22
-1.63999
32
-8.48326
13
3.78124
23
-1.54549
33
-8.59541
0
3DFACE
8
C2
10
3.61234
20
-1.63371
30
-8.50751
11
3.58968
21
-1.72908
31
-8.39615
12
3.73548
22
-1.73262
32
-8.36944
13
3.75848
23
-1.63999
33
-8.48326
0
3DFACE
8
C2
10
3.58968
20
-1.72908
30
-8.39615
11
3.56681
21
-1.82270
31
-8.28322
12
3.71229
22
-1.82371
32
-8.25424
13
3.73548
23
-1.73262
33
-8.36944
0
3DFACE
8
C2
10
3.56681
20
-1.82270
30
-8.28322
11
3.54204
21
-1.90115
31
-8.15668
12
3.68737
22
-1.90096
32
-8.12662
13
3.71229
23
-1.82371
33
-8.25424
0
3DFACE
8
C2
10
3.54204
20
-1.90115
30
-8.15668
11
3.51930
21
-1.99587
31
-8.04473
12
3.66454
22
-1.99490
32
-8.01398
13
3.68737
23
-1.90096
33
-8.12662
0
3DFACE
8
C2
10
3.51930
20
-1.99587
30
-8.04473
11
3.49815
21
-2.10322
31
-7.94412
12
3.64357
22
-2.10379
32
-7.91475
13
3.66454
23
-1.99490
33
-8.01398
0
3DFACE
8
C2
10
3.49815
20
-2.10322
30
-7.94412
11
3.47582
21
-2.20123
31
-7.83513
12
3.62159
22
-2.20455
32
-7.80822
13
3.64357
23
-2.10379
33
-7.91475
0
3DFACE
8
C2
10
3.47582
20
-2.20123
30
-7.83513
11
3.45345
21
-2.29880
31
-7.72575
12
3.59948
22
-2.30421
32
-7.70071
13
3.62159
23
-2.20455
33
-7.80822
0
3DFACE
8
C2
10
3.45345
20
-2.29880
30
-7.72575
11
3.43112
21
-2.39681
31
-7.61676
12
3.57740
22
-2.40420
32
-7.59350
13
3.59948
23
-2.30421
33
-7.70071
0
3DFACE
8
C2
10
3.43112
20
-2.39681
30
-7.61676
11
3.40958
21
-2.50109
31
-7.51339
12
3.55620
22
-2.51122
32
-7.49259
13
3.57740
23
-2.40420
33
-7.59350
0
3DFACE
8
C2
10
3.40958
20
-2.50109
30
-7.51339
11
3.39050
21
-2.62503
31
-7.42767
12
3.53751
22
-2.63823
32
-7.40963
13
3.55620
23
-2.51122
33
-7.49259
0
3DFACE
8
C2
10
3.39050
20
-2.62503
30
-7.42767
11
3.36948
21
-2.73347
31
-7.32804
12
3.51687
22
-2.74976
32
-7.31277
13
3.53751
23
-2.63823
33
-7.40963
0
3DFACE
8
C2
10
3.36948
20
-2.73347
30
-7.32804
11
3.34731
21
-2.83269
31
-7.22014
12
3.49462
22
-2.84832
32
-7.20427
13
3.51687
23
-2.74976
33
-7.31277
0
3DFACE
8
C2
10
3.34731
20
-2.83269
30
-7.22014
11
3.32335
21
-2.91763
31
-7.09941
12
3.47091
22
-2.93523
32
-7.08532
13
3.49462
23
-2.84832
33
-7.20427
0
3DFACE
8
C2
10
3.32335
20
-2.91763
30
-7.09941
11
3.30116
21
-3.01674
31
-6.99141
12
3.44872
22
-3.03434
32
-6.97732
13
3.47091
23
-2.93523
33
-7.08532
0
3DFACE
8
C2
10
3.30116
20
-3.01674
30
-6.99141
11
3.28012
21
-3.12497
31
-6.89159
12
3.42791
22
-3.14444
32
-6.87918
13
3.44872
23
-3.03434
33
-6.97732
0
3DFACE
8
C2
10
3.28012
20
-3.12497
30
-6.89159
11
3.25913
21
-3.23364
31
-6.79216
12
3.40707
22
-3.25431
32
-6.78083
13
3.42791
23
-3.14444
33
-6.87918
0
3DFACE
8
C2
10
3.25913
20
-3.23364
30
-6.79216
11
3.23744
21
-3.33670
31
-6.68771
12
3.38531
22
-3.35683
32
-6.67589
13
3.40707
23
-3.25431
33
-6.78083
0
3DFACE
8
C2
10
3.23744
20
-3.33670
30
-6.68771
11
3.21555
21
-3.43823
31
-6.58187
12
3.36330
22
-3.45737
32
-6.56917
13
3.38531
23
-3.35683
33
-6.67589
0
3DFACE
8
C2
10
3.21555
20
-3.43823
30
-6.58187
11
3.19570
21
-3.55602
31
-6.49063
12
3.34368
22
-3.57702
32
-6.47960
13
3.36330
23
-3.45737
33
-6.56917
0
3DFACE
8
C2
10
3.19570
20
-3.55602
30
-6.49063
11
3.17828
21
-3.69325
31
-6.41684
12
3.32626
22
-3.71425
32
-6.40581
13
3.34368
23
-3.57702
33
-6.47960
0
3DFACE
8
C2
10
3.17828
20
-3.69325
30
-6.41684
11
3.15832
21
-3.81016
31
-6.32481
12
3.30645
22
-3.83237
32
-6.31486
13
3.32626
23
-3.71425
33
-6.40581
0
3DFACE
8
C2
10
3.15832
20
-3.81016
30
-6.32481
11
3.13516
21
-3.90147
31
-6.20981
12
3.28261
22
-3.91819
32
-6.19493
13
3.30645
23
-3.83237
33
-6.31486
0
3DFACE
8
C2
10
3.13516
20
-3.90147
30
-6.20981
11
3.10872
21
-3.96652
31
-6.07124
12
3.25490
22
-3.97313
32
-6.04729
13
3.28261
23
-3.91819
33
-6.19493
0
3DFACE
8
C2
10
3.10872
20
-3.96652
30
-6.07124
11
3.08505
21
-4.05377
31
-5.95258
12
3.23033
22
-4.05324
32
-5.92223
13
3.25490
23
-3.97313
33
-6.04729
0
3DFACE
8
C2
10
3.08505
20
-4.05377
30
-5.95258
11
3.06219
21
-4.14749
31
-5.83975
12
3.20681
22
-4.14169
32
-5.80466
13
3.23033
23
-4.05324
33
-5.92223
0
3DFACE
8
C2
10
3.06219
20
-4.14749
30
-5.83975
11
3.03772
21
-4.22837
31
-5.71538
12
3.18169
22
-4.21729
32
-5.67555
13
3.20681
23
-4.14169
33
-5.80466
0
3DFACE
8
C2
10
3.03772
20
-4.22837
30
-5.71538
11
3.01115
21
-4.29243
31
-5.57592
12
3.15432
22
-4.27499
32
-5.53038
13
3.18169
23
-4.21729
33
-5.67555
0
3DFACE
8
C2
10
3.01115
20
-4.29243
30
-5.57592
11
2.98338
21
-4.34694
31
-5.42788
12
3.12579
22
-4.32334
32
-5.37682
13
3.15432
23
-4.27499
33
-5.53038
0
3DFACE
8
C2
10
2.98338
20
-4.34694
30
-5.42788
11
2.95778
21
-4.41869
31
-5.29533
12
3.10007
22
-4.39422
32
-5.24347
13
3.12579
23
-4.32334
33
-5.37682
0
3DFACE
8
C2
10
2.95778
20
-4.41869
30
-5.29533
11
2.93501
21
-4.51319
31
-5.18318
12
3.07781
22
-4.49278
32
-5.13498
13
3.10007
23
-4.39422
33
-5.24347
0
3DFACE
8
C2
10
2.93501
20
-4.51319
30
-5.18318
11
2.90990
21
-4.58890
31
-5.05418
12
3.05291
22
-4.57014
32
-5.00745
13
3.07781
23
-4.49278
33
-5.13498
0
3DFACE
8
C2
10
4.64571
20
2.04964
30
-12.85309
11
4.62282
21
1.95613
31
-12.74005
12
4.76983
22
1.94293
32
-12.72202
13
4.79306
23
2.03369
33
-12.83752
0
3DFACE
8
C2
10
4.62282
20
1.95613
30
-12.74005
11
4.60097
21
1.85439
31
-12.63442
12
4.74745
22
1.84536
32
-12.61264
13
4.76983
23
1.94293
33
-12.72202
0
3DFACE
8
C2
10
4.60097
20
1.85439
30
-12.63442
11
4.57720
21
1.76791
31
-12.51507
12
4.72338
22
1.76130
32
-12.49112
13
4.74745
23
1.84536
33
-12.61264
0
3DFACE
8
C2
10
4.57720
20
1.76791
30
-12.51507
11
4.55162
21
1.69594
31
-12.38271
12
4.69740
22
1.69251
32
-12.35591
13
4.72338
23
1.76130
33
-12.49112
0
3DFACE
8
C2
10
4.55162
20
1.69594
30
-12.38271
11
4.52681
21
1.61781
31
-12.25588
12
4.67247
22
1.61537
32
-12.22818
13
4.69740
23
1.69251
33
-12.35591
0
3DFACE
8
C2
10
4.52681
20
1.61781
30
-12.25588
11
4.50427
21
1.52156
31
-12.14531
12
4.65016
22
1.51725
32
-12.11929
13
4.67247
23
1.61537
33
-12.22818
0
3DFACE
8
C2
10
4.50427
20
1.52156
30
-12.14531
11
4.48350
21
1.41113
31
-12.04746
12
4.62975
22
1.40397
32
-12.02401
13
4.65016
23
1.51725
33
-12.11929
0
3DFACE
8
C2
10
4.48350
20
1.41113
30
-12.04746
11
4.46042
21
1.31916
31
-11.93305
12
4.60694
22
1.30980
32
-11.91156
13
4.62975
23
1.40397
33
-12.02401
0
3DFACE
8
C2
10
4.46042
20
1.31916
30
-11.93305
11
4.43588
21
1.23884
31
-11.80818
12
4.58264
22
1.22761
32
-11.78838
13
4.60694
23
1.30980
33
-11.91156
0
3DFACE
8
C2
10
4.43588
20
1.23884
30
-11.80818
11
4.41341
21
1.14203
31
-11.69811
12
4.56016
22
1.13081
32
-11.67830
13
4.58264
23
1.22761
33
-11.78838
0
3DFACE
8
C2
10
4.41341
20
1.14203
30
-11.69811
11
4.39338
21
1.02568
31
-11.60559
12
4.54035
22
1.01269
32
-11.58735
13
4.56016
23
1.13081
33
-11.67830
0
3DFACE
8
C2
10
4.39338
20
1.02568
30
-11.60559
11
4.37555
21
0.89174
31
-11.52884
12
4.52247
22
0.87919
32
-11.51021
13
4.54035
23
1.01269
33
-11.58735
0
3DFACE
8
C2
10
4.37555
20
0.89174
30
-11.52884
11
4.35431
21
0.78505
31
-11.42764
12
4.50131
22
0.77184
32
-11.40960
13
4.52247
23
0.87919
33
-11.51021
0
3DFACE
8
C2
10
4.35431
20
0.78505
30
-11.42764
11
4.33040
21
0.69967
31
-11.30731
12
4.47735
22
0.68691
32
-11.28888
13
4.50131
23
0.77184
33
-11.40960
0
3DFACE
8
C2
10
4.33040
20
0.69967
30
-11.30731
11
4.30722
21
0.60858
31
-11.19211
12
4.45415
22
0.59593
32
-11.17358
13
4.47735
23
0.68691
33
-11.28888
0
3DFACE
8
C2
10
4.30722
20
0.60858
30
-11.19211
11
4.28425
21
0.51573
31
-11.07848
12
4.43153
22
0.50033
32
-11.06242
13
4.45415
23
0.59593
33
-11.17358
0
3DFACE
8
C2
10
4.28425
20
0.51573
30
-11.07848
11
4.26144
21
0.42157
31
-10.96604
12
4.40905
22
0.40353
32
-10.95235
13
4.43153
23
0.50033
33
-11.06242
0
3DFACE
8
C2
10
4.26144
20
0.42157
30
-10.96604
11
4.23759
21
0.33575
31
-10.84611
12
4.38550
22
0.31529
32
-10.83458
13
4.40905
23
0.40353
33
-10.95235
0
3DFACE
8
C2
10
4.23759
20
0.33575
30
-10.84611
11
4.21168
21
0.26641
31
-10.71138
12
4.36013
22
0.24167
32
-10.70370
13
4.38550
23
0.31529
33
-10.83458
0
3DFACE
8
C2
10
4.21168
20
0.26641
30
-10.71138
11
4.18792
21
0.17993
31
-10.59204
12
4.33660
22
0.15333
32
-10.58603
13
4.36013
23
0.24167
33
-10.70370
0
3DFACE
8
C2
10
4.18792
20
0.17993
30
-10.59204
11
4.16497
21
0.08687
31
-10.47861
12
4.31396
22
0.05784
32
-10.47478
13
4.33660
23
0.15333
33
-10.58603
0
3DFACE
8
C2
10
4.16497
20
0.08687
30
-10.47861
11
4.14262
21
-0.01093
31
-10.36942
12
4.29192
22
-0.04248
32
-10.36786
13
4.31396
23
0.05784
33
-10.47478
0
3DFACE
8
C2
10
4.14262
20
-0.01093
30
-10.36942
11
4.12041
21
-0.10982
31
-10.26122
12
4.26986
22
-0.14258
32
-10.26074
13
4.29192
23
-0.04248
33
-10.36786
0
3DFACE
8
C2
10
4.12041
20
-0.10982
30
-10.26122
11
4.09793
21
-0.20662
31
-10.15115
12
4.24752
22
-0.24048
32
-10.15165
13
4.26986
23
-0.14258
33
-10.26074
0
3DFACE
8
C2
10
4.09793
20
-0.20662
30
-10.15115
11
4.07590
21
-0.30694
31
-10.04423
12
4.22553
22
-0.34113
32
-10.04503
13
4.24752
23
-0.24048
33
-10.15165
0
3DFACE
8
C2
10
4.07590
20
-0.30694
30
-10.04423
11
4.05399
21
-0.40824
31
-9.93820
12
4.20360
22
-0.44232
32
-9.93890
13
4.22553
23
-0.34113
33
-10.04503
0
3DFACE
8
C2
10
4.05399
20
-0.40824
30
-9.93820
11
4.03249
21
-0.51285
31
-9.83512
12
4.18201
22
-0.54616
32
-9.83513
13
4.20360
23
-0.44232
33
-9.93890
0
3DFACE
8
C2
10
4.03249
20
-0.51285
30
-9.83512
11
4.01062
21
-0.61448
31
-9.72939
12
4.16007
22
-0.64724
32
-9.72890
13
4.18201
23
-0.54616
33
-9.83513
0
3DFACE
8
C2
10
4.01062
20
-0.61448
30
-9.72939
11
3.98854
21
-0.71447
31
-9.62217
12
4.13779
22
-0.74559
32
-9.62021
13
4.16007
23
-0.64724
33
-9.72890
0
3DFACE
8
C2
10
3.98854
20
-0.71447
30
-9.62217
11
3.96636
21
-0.81358
31
-9.51417
12
4.11541
22
-0.84316
32
-9.51082
13
4.13779
23
-0.74559
33
-9.62021
0
3DFACE
8
C2
10
3.96636
20
-0.81358
30
-9.51417
11
3.94398
21
-0.91116
31
-9.40478
12
4.09284
22
-0.93919
32
-9.40006
13
4.11541
23
-0.84316
33
-9.51082
0
3DFACE
8
C2
10
3.94398
20
-0.91116
30
-9.40478
11
3.92142
21
-1.00730
31
-9.29411
12
4.06989
22
-1.03226
32
-9.28663
13
4.09284
23
-0.93919
33
-9.40006
0
3DFACE
8
C2
10
3.92142
20
-1.00730
30
-9.29411
11
3.89883
21
-1.10322
31
-9.18325
12
4.04709
22
-1.12643
32
-9.17419
13
4.06989
23
-1.03226
33
-9.28663
0
3DFACE
8
C2
10
3.89883
20
-1.10322
30
-9.18325
11
3.87556
21
-1.19366
31
-9.06746
12
4.02361
22
-1.21521
32
-9.05692
13
4.04709
23
-1.12643
33
-9.17419
0
3DFACE
8
C2
10
3.87556
20
-1.19366
30
-9.06746
11
3.85226
21
-1.28387
31
-8.95147
12
4.00005
22
-1.30333
32
-8.93905
13
4.02361
23
-1.21521
33
-9.05692
0
3DFACE
8
C2
10
3.85226
20
-1.28387
30
-8.95147
11
3.82872
21
-1.37210
31
-8.83370
12
3.97626
22
-1.38959
32
-8.81951
13
4.00005
23
-1.30333
33
-8.93905
0
3DFACE
8
C2
10
3.82872
20
-1.37210
30
-8.83370
11
3.80419
21
-1.45254
31
-8.70894
12
3.95141
22
-1.46739
32
-8.69238
13
3.97626
23
-1.38959
33
-8.81951
0
3DFACE
8
C2
10
3.80419
20
-1.45254
30
-8.70894
11
3.78124
21
-1.54549
31
-8.59541
12
3.92823
22
-1.55859
32
-8.57728
13
3.95141
23
-1.46739
33
-8.69238
0
3DFACE
8
C2
10
3.78124
20
-1.54549
30
-8.59541
11
3.75848
21
-1.63999
31
-8.48326
12
3.90538
22
-1.65243
32
-8.46454
13
3.92823
23
-1.55859
33
-8.57728
0
3DFACE
8
C2
10
3.75848
20
-1.63999
30
-8.48326
11
3.73548
21
-1.73262
31
-8.36944
12
3.88217
22
-1.74330
32
-8.34914
13
3.90538
23
-1.65243
33
-8.46454
0
3DFACE
8
C2
10
3.73548
20
-1.73262
30
-8.36944
11
3.71229
21
-1.82371
31
-8.25424
12
3.85880
22
-1.83296
32
-8.23266
13
3.88217
23
-1.74330
33
-8.34914
0
3DFACE
8
C2
10
3.71229
20
-1.82371
30
-8.25424
11
3.68737
21
-1.90096
31
-8.12662
12
3.83359
22
-1.90790
32
-8.10296
13
3.85880
23
-1.83296
33
-8.23266
0
3DFACE
8
C2
10
3.68737
20
-1.90096
30
-8.12662
11
3.66454
21
-1.99490
31
-8.01398
12
3.81073
22
-2.00163
32
-7.99013
13
3.83359
23
-1.90790
33
-8.10296
0
3DFACE
8
C2
10
3.66454
20
-1.99490
30
-8.01398
11
3.64357
21
-2.10379
31
-7.91475
12
3.79014
22
-2.11348
32
-7.89356
13
3.81073
23
-2.00163
33
-7.99013
0
3DFACE
8
C2
10
3.64357
20
-2.10379
30
-7.91475
11
3.62159
21
-2.20455
31
-7.80822
12
3.76850
22
-2.21698
32
-7.78950
13
3.79014
23
-2.11348
33
-7.89356
0
3DFACE
8
C2
10
3.62159
20
-2.20455
30
-7.80822
11
3.59948
21
-2.30421
31
-7.70071
12
3.74660
22
-2.31840
32
-7.68357
13
3.76850
23
-2.21698
33
-7.78950
0
3DFACE
8
C2
10
3.59948
20
-2.30421
30
-7.70071
11
3.57740
21
-2.40420
31
-7.59350
12
3.72461
22
-2.41905
32
-7.57694
13
3.74660
23
-2.31840
33
-7.68357
0
3DFACE
8
C2
10
3.57740
20
-2.40420
30
-7.59350
11
3.55620
21
-2.51122
31
-7.49259
12
3.70363
22
-2.52783
32
-7.47762
13
3.72461
23
-2.41905
33
-7.57694
0
3DFACE
8
C2
10
3.55620
20
-2.51122
30
-7.49259
11
3.53751
21
-2.63823
31
-7.40963
12
3.68536
22
-2.65825
32
-7.39771
13
3.70363
23
-2.52783
33
-7.47762
0
3DFACE
8
C2
10
3.53751
20
-2.63823
30
-7.40963
11
3.51687
21
-2.74976
31
-7.31277
12
3.66502
22
-2.77208
32
-7.30292
13
3.68536
23
-2.65825
33
-7.39771
0
3DFACE
8
C2
10
3.51687
20
-2.74976
30
-7.31277
11
3.49462
21
-2.84832
31
-7.20427
12
3.64282
22
-2.87108
32
-7.19482
13
3.66502
23
-2.77208
33
-7.30292
0
3DFACE
8
C2
10
3.49462
20
-2.84832
30
-7.20427
11
3.47091
21
-2.93523
31
-7.08532
12
3.61924
22
-2.95909
32
-7.07686
13
3.64282
23
-2.87108
33
-7.19482
0
3DFACE
8
C2
10
3.47091
20
-2.93523
30
-7.08532
11
3.44872
21
-3.03434
31
-6.97732
12
3.59728
22
-3.05996
32
-6.97043
13
3.61924
23
-2.95909
33
-7.07686
0
3DFACE
8
C2
10
3.44872
20
-3.03434
30
-6.97732
11
3.42791
21
-3.14444
31
-6.87918
12
3.57684
22
-3.17302
32
-6.87495
13
3.59728
23
-3.05996
33
-6.97043
0
3DFACE
8
C2
10
3.42791
20
-3.14444
30
-6.87918
11
3.40707
21
-3.25431
31
-6.78083
12
3.55623
22
-3.28477
32
-6.77828
13
3.57684
23
-3.17302
33
-6.87495
0
3DFACE
8
C2
10
3.40707
20
-3.25431
30
-6.78083
11
3.38531
21
-3.35683
31
-6.67589
12
3.53457
22
-3.38805
32
-6.67402
13
3.55623
23
-3.28477
33
-6.77828
0
3DFACE
8
C2
10
3.38531
20
-3.35683
30
-6.67589
11
3.36330
21
-3.45737
31
-6.56917
12
3.51264
22
-3.48925
32
-6.56789
13
3.53457
23
-3.38805
33
-6.67402
0
3DFACE
8
C2
10
3.36330
20
-3.45737
30
-6.56917
11
3.34368
21
-3.57702
31
-6.47960
12
3.49311
22
-3.60956
32
-6.47892
13
3.51264
23
-3.48925
33
-6.56789
0
3DFACE
8
C2
10
3.34368
20
-3.57702
30
-6.47960
11
3.32626
21
-3.71425
31
-6.40581
12
3.47571
22
-3.74701
32
-6.40533
13
3.49311
23
-3.60956
33
-6.47892
0
3DFACE
8
C2
10
3.32626
20
-3.71425
30
-6.40581
11
3.30645
21
-3.83237
31
-6.31486
12
3.45591
22
-3.86513
32
-6.31438
13
3.47571
23
-3.74701
33
-6.40533
0
3DFACE
8
C2
10
3.30645
20
-3.83237
30
-6.31486
11
3.28261
21
-3.91819
31
-6.19493
12
3.43181
22
-3.94897
32
-6.19267
13
3.45591
23
-3.86513
33
-6.31438
0
3DFACE
8
C2
10
3.28261
20
-3.91819
30
-6.19493
11
3.25490
21
-3.97313
31
-6.04729
12
3.40367
22
-4.00051
32
-6.04197
13
3.43181
23
-3.94897
33
-6.19267
0
3DFACE
8
C2
10
3.25490
20
-3.97313
30
-6.04729
11
3.23033
21
-4.05324
31
-5.92223
12
3.37862
22
-4.07666
32
-5.91336
13
3.40367
23
-4.00051
33
-6.04197
0
3DFACE
8
C2
10
3.23033
20
-4.05324
30
-5.92223
11
3.20681
21
-4.14169
31
-5.80466
12
3.35451
22
-4.16039
32
-5.79155
13
3.37862
23
-4.07666
33
-5.91336
0
3DFACE
8
C2
10
3.20681
20
-4.14169
30
-5.80466
11
3.18169
21
-4.21729
31
-5.67555
12
3.32871
22
-4.23061
32
-5.65762
13
3.35451
23
-4.16039
33
-5.79155
0
3DFACE
8
C2
10
3.18169
20
-4.21729
30
-5.67555
11
3.15432
21
-4.27499
31
-5.53038
12
3.30069
22
-4.28314
32
-5.50781
13
3.32871
23
-4.23061
33
-5.65762
0
3DFACE
8
C2
10
3.15432
20
-4.27499
30
-5.53038
11
3.12579
21
-4.32334
31
-5.37682
12
3.27153
22
-4.32644
32
-5.34971
13
3.30069
23
-4.28314
33
-5.50781
0
3DFACE
8
C2
10
3.12579
20
-4.32334
30
-5.37682
11
3.10007
21
-4.39422
31
-5.24347
12
3.24543
22
-4.39424
32
-5.21361
13
3.27153
23
-4.32644
33
-5.34971
0
3DFACE
8
C2
10
3.10007
20
-4.39422
30
-5.24347
11
3.07781
21
-4.49278
31
-5.13498
12
3.22299
22
-4.49137
32
-5.10383
13
3.24543
23
-4.39424
33
-5.21361
0
3DFACE
8
C2
10
3.07781
20
-4.49278
30
-5.13498
11
3.05291
21
-4.57014
31
-5.00745
12
3.19800
22
-4.56807
32
-4.97571
13
3.22299
23
-4.49137
33
-5.10383
0
3DFACE
8
C2
10
4.79306
20
2.03369
30
-12.83752
11
4.76983
21
1.94293
31
-12.72202
12
4.91449
22
1.94851
32
-12.68713
13
4.93811
23
2.03609
33
-12.80548
0
3DFACE
8
C2
10
4.76983
20
1.94293
30
-12.72202
11
4.74745
21
1.84536
31
-12.61264
12
4.89150
22
1.85577
32
-12.57340
13
4.91449
23
1.94851
33
-12.68713
0
3DFACE
8
C2
10
4.74745
20
1.84536
30
-12.61264
11
4.72338
21
1.76130
31
-12.49112
12
4.86712
22
1.77424
32
-12.44962
13
4.89150
23
1.85577
33
-12.57340
0
3DFACE
8
C2
10
4.72338
20
1.76130
30
-12.49112
11
4.69740
21
1.69251
31
-12.35591
12
4.84106
22
1.70611
32
-12.31381
13
4.86712
23
1.77424
33
-12.44962
0
3DFACE
8
C2
10
4.69740
20
1.69251
30
-12.35591
11
4.67247
21
1.61537
31
-12.22818
12
4.81625
22
1.62798
32
-12.18698
13
4.84106
23
1.70611
33
-12.31381
0
3DFACE
8
C2
10
4.67247
20
1.61537
30
-12.22818
11
4.65016
21
1.51725
31
-12.11929
12
4.79417
22
1.52799
32
-12.07976
13
4.81625
23
1.62798
33
-12.18698
0
3DFACE
8
C2
10
4.65016
20
1.51725
30
-12.11929
11
4.62975
21
1.40397
31
-12.02401
12
4.77391
22
1.41350
32
-11.98556
13
4.79417
23
1.52799
33
-12.07976
0
3DFACE
8
C2
10
4.62975
20
1.40397
30
-12.02401
11
4.60694
21
1.30980
31
-11.91156
12
4.75157
22
1.31560
32
-11.87647
13
4.77391
23
1.41350
33
-11.98556
0
3DFACE
8
C2
10
4.60694
20
1.30980
30
-11.91156
11
4.58264
21
1.22761
31
-11.78838
12
4.72775
22
1.22956
32
-11.75674
13
4.75157
23
1.31560
33
-11.87647
0
3DFACE
8
C2
10
4.58264
20
1.22761
30
-11.78838
11
4.56016
21
1.13081
31
-11.67830
12
4.70544
22
1.13144
32
-11.64784
13
4.72775
23
1.22956
33
-11.75674
0
3DFACE
8
C2
10
4.56016
20
1.13081
30
-11.67830
11
4.54035
21
1.01269
31
-11.58735
12
4.68563
22
1.01333
32
-11.55690
13
4.70544
23
1.13144
33
-11.64784
0
3DFACE
8
C2
10
4.54035
20
1.01269
30
-11.58735
11
4.52247
21
0.87919
31
-11.51021
12
4.66766
22
0.88049
32
-11.47916
13
4.68563
23
1.01333
33
-11.55690
0
3DFACE
8
C2
10
4.52247
20
0.87919
30
-11.51021
11
4.50131
21
0.77184
31
-11.40960
12
4.64655
22
0.77281
32
-11.37885
13
4.66766
23
0.88049
33
-11.47916
0
3DFACE
8
C2
10
4.50131
20
0.77184
30
-11.40960
11
4.47735
21
0.68691
31
-11.28888
12
4.62278
22
0.68634
32
-11.25951
13
4.64655
23
0.77281
33
-11.37885
0
3DFACE
8
C2
10
4.47735
20
0.68691
30
-11.28888
11
4.45415
21
0.59593
31
-11.17358
12
4.59971
22
0.59426
32
-11.14519
13
4.62278
23
0.68634
33
-11.25951
0
3DFACE
8
C2
10
4.45415
20
0.59593
30
-11.17358
11
4.43153
21
0.50033
31
-11.06242
12
4.57756
22
0.49493
32
-11.03739
13
4.59971
23
0.59426
33
-11.14519
0
3DFACE
8
C2
10
4.43153
20
0.50033
30
-11.06242
11
4.40905
21
0.40353
31
-10.95235
12
4.55566
22
0.39351
32
-10.93145
13
4.57756
23
0.49493
33
-11.03739
0
3DFACE
8
C2
10
4.40905
20
0.40353
30
-10.95235
11
4.38550
21
0.31529
31
-10.83458
12
4.53262
22
0.30121
32
-10.81733
13
4.55566
23
0.39351
33
-10.93145
0
3DFACE
8
C2
10
4.38550
20
0.31529
30
-10.83458
11
4.36013
21
0.24167
31
-10.70370
12
4.50781
22
0.22308
32
-10.69050
13
4.53262
23
0.30121
33
-10.81733
0
3DFACE
8
C2
10
4.36013
20
0.24167
30
-10.70370
11
4.33660
21
0.15333
31
-10.58603
12
4.48465
22
0.13177
32
-10.57549
13
4.50781
23
0.22308
33
-10.69050
0
3DFACE
8
C2
10
4.33660
20
0.15333
30
-10.58603
11
4.31396
21
0.05784
31
-10.47478
12
4.46242
22
0.03299
32
-10.46719
13
4.48465
23
0.13177
33
-10.57549
0
3DFACE
8
C2
10
4.31396
20
0.05784
30
-10.47478
11
4.29192
21
-0.04248
31
-10.36786
12
4.44080
22
-0.07062
32
-10.36323
13
4.46242
23
0.03299
33
-10.46719
0
3DFACE
8
C2
10
4.29192
20
-0.04248
30
-10.36786
11
4.26986
21
-0.14258
31
-10.26074
12
4.41898
22
-0.17270
32
-10.25789
13
4.44080
23
-0.07062
33
-10.36323
0
3DFACE
8
C2
10
4.26986
20
-0.14258
30
-10.26074
11
4.24752
21
-0.24048
31
-10.15165
12
4.39673
22
-0.27126
32
-10.14939
13
4.41898
23
-0.17270
33
-10.25789
0
3DFACE
8
C2
10
4.24752
20
-0.24048
30
-10.15165
11
4.22553
21
-0.34113
31
-10.04503
12
4.37479
22
-0.37235
32
-10.04316
13
4.39673
23
-0.27126
33
-10.14939
0
3DFACE
8
C2
10
4.22553
20
-0.34113
30
-10.04503
11
4.20360
21
-0.44232
31
-9.93890
12
4.35286
22
-0.47354
32
-9.93703
13
4.37479
23
-0.37235
33
-10.04316
0
3DFACE
8
C2
10
4.20360
20
-0.44232
30
-9.93890
11
4.18201
21
-0.54616
31
-9.83513
12
4.33125
22
-0.57727
32
-9.83317
13
4.35286
23
-0.47354
33
-9.93703
0
3DFACE
8
C2
10
4.18201
20
-0.54616
30
-9.83513
11
4.16007
21
-0.64724
31
-9.72890
12
4.30922
22
-0.67759
32
-9.72625
13
4.33125
23
-0.57727
33
-9.83317
0
3DFACE
8
C2
10
4.16007
20
-0.64724
30
-9.72890
11
4.13779
21
-0.74559
31
-9.62021
12
4.28680
22
-0.77483
32
-9.61657
13
4.30922
23
-0.67759
33
-9.72625
0
3DFACE
8
C2
10
4.13779
20
-0.74559
30
-9.62021
11
4.11541
21
-0.84316
31
-9.51082
12
4.26425
22
-0.87108
32
-9.50600
13
4.28680
23
-0.77483
33
-9.61657
0
3DFACE
8
C2
10
4.11541
20
-0.84316
30
-9.51082
11
4.09284
21
-0.93919
31
-9.40006
12
4.24153
22
-0.96591
32
-9.39415
13
4.26425
23
-0.87108
33
-9.50600
0
3DFACE
8
C2
10
4.09284
20
-0.93919
30
-9.40006
11
4.06989
21
-1.03226
31
-9.28663
12
4.21841
22
-1.05755
32
-9.27944
13
4.24153
23
-0.96591
33
-9.39415
0
3DFACE
8
C2
10
4.06989
20
-1.03226
30
-9.28663
11
4.04709
21
-1.12643
31
-9.17419
12
4.19558
22
-1.15150
32
-9.16681
13
4.21841
23
-1.05755
33
-9.27944
0
3DFACE
8
C2
10
4.04709
20
-1.12643
30
-9.17419
11
4.02361
21
-1.21521
31
-9.05692
12
4.17217
22
-1.24083
32
-9.05003
13
4.19558
23
-1.15150
33
-9.16681
0
3DFACE
8
C2
10
4.02361
20
-1.21521
30
-9.05692
11
4.00005
21
-1.30333
31
-8.93905
12
4.14865
22
-1.32928
32
-8.93246
13
4.17217
23
-1.24083
33
-9.05003
0
3DFACE
8
C2
10
4.00005
20
-1.30333
30
-8.93905
11
3.97626
21
-1.38959
31
-8.81951
12
4.12484
22
-1.41543
32
-8.81282
13
4.14865
23
-1.32928
33
-8.93246
0
3DFACE
8
C2
10
3.97626
20
-1.38959
30
-8.81951
11
3.95141
21
-1.46739
31
-8.69238
12
4.10006
22
-1.49378
32
-8.68618
13
4.12484
23
-1.41543
33
-8.81282
0
3DFACE
8
C2
10
3.95141
20
-1.46739
30
-8.69238
11
3.92823
21
-1.55859
31
-8.57728
12
4.07699
22
-1.58586
32
-8.57187
13
4.10006
23
-1.49378
33
-8.68618
0
3DFACE
8
C2
10
3.92823
20
-1.55859
30
-8.57728
11
3.90538
21
-1.65243
31
-8.46454
12
4.05441
22
-1.68178
32
-8.46100
13
4.07699
23
-1.58586
33
-8.57187
0
3DFACE
8
C2
10
3.90538
20
-1.65243
30
-8.46454
11
3.88217
21
-1.74330
31
-8.34914
12
4.03129
22
-1.77342
32
-8.34629
13
4.05441
23
-1.68178
33
-8.46100
0
3DFACE
8
C2
10
3.88217
20
-1.74330
30
-8.34914
11
3.85880
21
-1.83296
31
-8.23266
12
4.00782
22
-1.86231
32
-8.22912
13
4.03129
23
-1.77342
33
-8.34629
0
3DFACE
8
C2
10
3.85880
20
-1.83296
30
-8.23266
11
3.83359
21
-1.90790
31
-8.10296
12
3.98213
22
-1.93341
32
-8.09597
13
4.00782
23
-1.86231
33
-8.22912
0
3DFACE
8
C2
10
3.83359
20
-1.90790
30
-8.10296
11
3.81073
21
-2.00163
31
-7.99013
12
3.95922
22
-2.02670
32
-7.98274
13
3.98213
23
-1.93341
33
-8.09597
0
3DFACE
8
C2
10
3.81073
20
-2.00163
30
-7.99013
11
3.79014
21
-2.11348
31
-7.89356
12
3.93872
22
-2.13932
32
-7.88687
13
3.95922
23
-2.02670
33
-7.98274
0
3DFACE
8
C2
10
3.79014
20
-2.11348
30
-7.89356
11
3.76850
21
-2.21698
31
-7.78950
12
3.91728
22
-2.24436
32
-7.78419
13
3.93872
23
-2.13932
33
-7.88687
0
3DFACE
8
C2
10
3.76850
20
-2.21698
30
-7.78950
11
3.74660
21
-2.31840
31
-7.68357
12
3.89535
22
-2.34556
32
-7.67806
13
3.91728
23
-2.24436
33
-7.78419
0
3DFACE
8
C2
10
3.74660
20
-2.31840
30
-7.68357
11
3.72461
21
-2.41905
31
-7.57694
12
3.87314
22
-2.44445
32
-7.56985
13
3.89535
23
-2.34556
33
-7.67806
0
3DFACE
8
C2
10
3.72461
20
-2.41905
30
-7.57694
11
3.70363
21
-2.52783
31
-7.47762
12
3.85208
22
-2.55257
32
-7.46993
13
3.87314
23
-2.44445
33
-7.56985
0
3DFACE
8
C2
10
3.70363
20
-2.52783
30
-7.47762
11
3.68536
21
-2.65825
31
-7.39771
12
3.83421
22
-2.68617
32
-7.39289
13
3.85208
23
-2.55257
33
-7.46993
0
3DFACE
8
C2
10
3.68536
20
-2.65825
30
-7.39771
11
3.66502
21
-2.77208
31
-7.30292
12
3.81395
22
-2.80066
32
-7.29869
13
3.83421
23
-2.68617
33
-7.39289
0
3DFACE
8
C2
10
3.66502
20
-2.77208
30
-7.30292
11
3.64282
21
-2.87108
31
-7.19482
12
3.79173
22
-2.89955
32
-7.19049
13
3.81395
23
-2.80066
33
-7.29869
0
3DFACE
8
C2
10
3.64282
20
-2.87108
30
-7.19482
11
3.61924
21
-2.95909
31
-7.07686
12
3.76808
22
-2.98691
32
-7.07194
13
3.79173
23
-2.89955
33
-7.19049
0
3DFACE
8
C2
10
3.61924
20
-2.95909
30
-7.07686
11
3.59728
21
-3.05996
31
-6.97043
12
3.74622
22
-3.08866
32
-6.96630
13
3.76808
23
-2.98691
33
-7.07194
0
3DFACE
8
C2
10
3.59728
20
-3.05996
30
-6.97043
11
3.57684
21
-3.17302
31
-6.87495
12
3.72605
22
-3.20392
32
-6.87279
13
3.74622
23
-3.08866
33
-6.96630
0
3DFACE
8
C2
10
3.57684
20
-3.17302
30
-6.87495
11
3.55623
21
-3.28477
31
-6.77828
12
3.70565
22
-3.31731
32
-6.77760
13
3.72605
23
-3.20392
33
-6.87279
0
3DFACE
8
C2
10
3.55623
20
-3.28477
30
-6.77828
11
3.53457
21
-3.38805
31
-6.67402
12
3.68417
22
-3.42202
32
-6.67463
13
3.70565
23
-3.31731
33
-6.77760
0
3DFACE
8
C2
10
3.53457
20
-3.38805
30
-6.67402
11
3.51264
21
-3.48925
31
-6.56789
12
3.66223
22
-3.52311
32
-6.56840
13
3.68417
23
-3.42202
33
-6.67463
0
3DFACE
8
C2
10
3.51264
20
-3.48925
30
-6.56789
11
3.49311
21
-3.60956
31
-6.47892
12
3.64275
22
-3.64386
32
-6.47982
13
3.66223
23
-3.52311
33
-6.56840
0
3DFACE
8
C2
10
3.49311
20
-3.60956
30
-6.47892
11
3.47571
21
-3.74701
31
-6.40533
12
3.62539
22
-3.78153
32
-6.40642
13
3.64275
23
-3.64386
33
-6.47982
0
3DFACE
8
C2
10
3.47571
20
-3.74701
30
-6.40533
11
3.45591
21
-3.86513
31
-6.31438
12
3.60549
22
-3.89899
32
-6.31488
13
3.62539
23
-3.78153
33
-6.40642
0
3DFACE
8
C2
10
3.45591
20
-3.86513
30
-6.31438
11
3.43181
21
-3.94897
31
-6.19267
12
3.58131
22
-3.98217
32
-6.19258
13
3.60549
23
-3.89899
33
-6.31488
0
3DFACE
8
C2
10
3.43181
20
-3.94897
30
-6.19267
11
3.40367
21
-4.00051
31
-6.04197
12
3.55270
22
-4.02986
32
-6.03843
13
3.58131
23
-3.98217
33
-6.19258
0
3DFACE
8
C2
10
3.40367
20
-4.00051
30
-6.04197
11
3.37862
21
-4.07666
31
-5.91336
12
3.52772
22
-4.10667
32
-5.91041
13
3.55270
23
-4.02986
33
-6.03843
0
3DFACE
8
C2
10
3.37862
20
-4.07666
30
-5.91336
11
3.35451
21
-4.16039
31
-5.79155
12
3.50389
22
-4.19260
32
-5.79058
13
3.52772
23
-4.10667
33
-5.91041
0
3DFACE
8
C2
10
3.35451
20
-4.16039
30
-5.79155
11
3.32871
21
-4.23061
31
-5.65762
12
3.47817
22
-4.26348
32
-5.65723
13
3.50389
23
-4.19260
33
-5.79058
0
3DFACE
8
C2
10
3.32871
20
-4.23061
30
-5.65762
11
3.30069
21
-4.28314
31
-5.50781
12
3.45006
22
-4.31524
32
-5.50673
13
3.47817
23
-4.26348
33
-5.65723
0
3DFACE
8
C2
10
3.30069
20
-4.28314
30
-5.50781
11
3.27153
21
-4.32644
31
-5.34971
12
3.42025
22
-4.35338
32
-5.34401
13
3.45006
23
-4.31524
33
-5.50673
0
3DFACE
8
C2
10
3.27153
20
-4.32644
30
-5.34971
11
3.24543
21
-4.39424
31
-5.21361
12
3.39356
22
-4.41645
32
-5.20366
13
3.42025
23
-4.35338
33
-5.34401
0
3DFACE
8
C2
10
3.24543
20
-4.39424
30
-5.21361
11
3.22299
21
-4.49137
31
-5.10383
12
3.37093
22
-4.51205
32
-5.09250
13
3.39356
23
-4.41645
33
-5.20366
0
3DFACE
8
C2
10
3.22299
20
-4.49137
30
-5.10383
11
3.19800
21
-4.56807
31
-4.97571
12
3.34519
22
-4.58270
32
-4.95896
13
3.37093
23
-4.51205
33
-5.09250
0
3DFACE
8
C2
10
4.93811
20
2.03609
30
-12.80548
11
4.91449
21
1.94851
31
-12.68713
12
5.05485
22
1.98837
32
-12.62147
13
5.07841
23
2.07649
33
-12.73933
0
3DFACE
8
C2
10
4.91449
20
1.94851
30
-12.68713
11
4.89150
21
1.85577
31
-12.57340
12
5.03179
22
1.89629
32
-12.50715
13
5.05485
23
1.98837
33
-12.62147
0
3DFACE
8
C2
10
4.89150
20
1.85577
30
-12.57340
11
4.86712
21
1.77424
31
-12.44962
12
5.00761
22
1.81311
32
-12.38485
13
5.03179
23
1.89629
33
-12.50715
0
3DFACE
8
C2
10
4.86712
20
1.77424
30
-12.44962
11
4.84106
21
1.70611
31
-12.31381
12
4.98208
22
1.74069
32
-12.25289
13
5.00761
23
1.81311
33
-12.38485
0
3DFACE
8
C2
10
4.84106
20
1.70611
30
-12.31381
11
4.81625
21
1.62798
31
-12.18698
12
4.95769
22
1.65927
32
-12.12901
13
4.98208
23
1.74069
33
-12.25289
0
3DFACE
8
C2
10
4.81625
20
1.62798
30
-12.18698
11
4.79417
21
1.52799
31
-12.07976
12
4.93579
22
1.55785
32
-12.02308
13
4.95769
23
1.65927
33
-12.12901
0
3DFACE
8
C2
10
4.79417
20
1.52799
30
-12.07976
11
4.77391
21
1.41350
31
-11.98556
12
4.91553
22
1.44336
32
-11.92888
13
4.93579
23
1.55785
33
-12.02308
0
3DFACE
8
C2
10
4.77391
20
1.41350
30
-11.98556
11
4.75157
21
1.31560
31
-11.87647
12
4.89356
22
1.34250
32
-11.82245
13
4.91553
23
1.44336
33
-11.92888
0
3DFACE
8
C2
10
4.75157
20
1.31560
30
-11.87647
11
4.72775
21
1.22956
31
-11.75674
12
4.87040
22
1.25119
32
-11.70745
13
4.89356
23
1.34250
33
-11.82245
0
3DFACE
8
C2
10
4.72775
20
1.22956
30
-11.75674
11
4.70544
21
1.13144
31
-11.64784
12
4.84854
22
1.14944
32
-11.60181
13
4.87040
23
1.25119
33
-11.70745
0
3DFACE
8
C2
10
4.70544
20
1.13144
30
-11.64784
11
4.68563
21
1.01333
31
-11.55690
12
4.82890
22
1.03000
32
-11.51204
13
4.84854
23
1.14944
33
-11.60181
0
3DFACE
8
C2
10
4.68563
20
1.01333
30
-11.55690
11
4.66766
21
0.88049
31
-11.47916
12
4.81098
22
0.89673
32
-11.43471
13
4.82890
23
1.03000
33
-11.51204
0
3DFACE
8
C2
10
4.66766
20
0.88049
30
-11.47916
11
4.64655
21
0.77281
31
-11.37885
12
4.79018
22
0.78652
32
-11.33666
13
4.81098
23
0.89673
33
-11.43471
0
3DFACE
8
C2
10
4.64655
20
0.77281
30
-11.37885
11
4.62278
21
0.68634
31
-11.25951
12
4.76709
22
0.69466
32
-11.22215
13
4.79018
23
0.78652
33
-11.33666
0
3DFACE
8
C2
10
4.62278
20
0.68634
30
-11.25951
11
4.59971
21
0.59426
31
-11.14519
12
4.74467
22
0.59742
32
-11.11247
13
4.76709
23
0.69466
33
-11.22215
0
3DFACE
8
C2
10
4.59971
20
0.59426
30
-11.14519
11
4.57756
21
0.49493
31
-11.03739
12
4.72319
22
0.49271
32
-11.00949
13
4.74467
23
0.59742
33
-11.11247
0
3DFACE
8
C2
10
4.57756
20
0.49493
30
-11.03739
11
4.55566
21
0.39351
31
-10.93145
12
4.70198
22
0.38580
32
-10.90849
13
4.72319
23
0.49271
33
-11.00949
0
3DFACE
8
C2
10
4.55566
20
0.39351
30
-10.93145
11
4.53262
21
0.30121
31
-10.81733
12
4.67954
22
0.28866
32
-10.79871
13
4.70198
23
0.38580
33
-10.90849
0
3DFACE
8
C2
10
4.53262
20
0.30121
30
-10.81733
11
4.50781
21
0.22308
31
-10.69050
12
4.65536
22
0.20548
32
-10.67641
13
4.67954
23
0.28866
33
-10.79871
0
3DFACE
8
C2
10
4.50781
20
0.22308
30
-10.69050
11
4.48465
21
0.13177
31
-10.57549
12
4.63270
22
0.11022
32
-10.56495
13
4.65536
23
0.20548
33
-10.67641
0
3DFACE
8
C2
10
4.48465
20
0.13177
30
-10.57549
11
4.46242
21
0.03299
31
-10.46719
12
4.61098
22
0.00737
32
-10.46030
13
4.63270
23
0.11022
33
-10.56495
0
3DFACE
8
C2
10
4.46242
20
0.03299
30
-10.46719
11
4.44080
21
-0.07062
31
-10.36323
12
4.58967
22
-0.09877
32
-10.35861
13
4.61098
23
0.00737
33
-10.46030
0
3DFACE
8
C2
10
4.44080
20
-0.07062
30
-10.36323
11
4.41898
21
-0.17270
31
-10.25789
12
4.56806
22
-0.20249
32
-10.25475
13
4.58967
23
-0.09877
33
-10.35861
0
3DFACE
8
C2
10
4.41898
20
-0.17270
30
-10.25789
11
4.39673
21
-0.27126
31
-10.14939
12
4.54589
22
-0.30171
32
-10.14684
13
4.56806
23
-0.20249
33
-10.25475
0
3DFACE
8
C2
10
4.39673
20
-0.27126
30
-10.14939
11
4.37479
21
-0.37235
31
-10.04316
12
4.52400
22
-0.40324
32
-10.04101
13
4.54589
23
-0.30171
33
-10.14684
0
3DFACE
8
C2
10
4.37479
20
-0.37235
30
-10.04316
11
4.35286
21
-0.47354
31
-9.93703
12
4.50211
22
-0.50466
32
-9.93507
13
4.52400
23
-0.40324
33
-10.04101
0
3DFACE
8
C2
10
4.35286
20
-0.47354
30
-9.93703
11
4.33125
21
-0.57727
31
-9.83317
12
4.48044
22
-0.60794
32
-9.83081
13
4.50211
23
-0.50466
33
-9.93507
0
3DFACE
8
C2
10
4.33125
20
-0.57727
30
-9.83317
11
4.30922
21
-0.67759
31
-9.72625
12
4.45828
22
-0.70727
32
-9.72301
13
4.48044
23
-0.60794
33
-9.83081
0
3DFACE
8
C2
10
4.30922
20
-0.67759
30
-9.72625
11
4.28680
21
-0.77483
31
-9.61657
12
4.43579
22
-0.80396
32
-9.61283
13
4.45828
23
-0.70727
33
-9.72301
0
3DFACE
8
C2
10
4.28680
20
-0.77483
30
-9.61657
11
4.26425
21
-0.87108
31
-9.50600
12
4.41316
22
-0.89945
32
-9.50158
13
4.43579
23
-0.80396
33
-9.61283
0
3DFACE
8
C2
10
4.26425
20
-0.87108
30
-9.50600
11
4.24153
21
-0.96591
31
-9.39415
12
4.39036
22
-0.99373
32
-9.38923
13
4.41316
23
-0.89945
33
-9.50158
0
3DFACE
8
C2
10
4.24153
20
-0.96591
30
-9.39415
11
4.21841
21
-1.05755
31
-9.27944
12
4.36730
22
-1.08580
32
-9.27492
13
4.39036
23
-0.99373
33
-9.38923
0
3DFACE
8
C2
10
4.21841
20
-1.05755
30
-9.27944
11
4.19558
21
-1.15150
31
-9.16681
12
4.34459
22
-1.18074
32
-9.16317
13
4.36730
23
-1.08580
33
-9.27492
0
3DFACE
8
C2
10
4.19558
20
-1.15150
30
-9.16681
11
4.17217
21
-1.24083
31
-9.05003
12
4.32143
22
-1.27205
32
-9.04816
13
4.34459
23
-1.18074
33
-9.16317
0
3DFACE
8
C2
10
4.17217
20
-1.24083
30
-9.05003
11
4.14865
21
-1.32928
31
-8.93246
12
4.29820
22
-1.36281
32
-8.93267
13
4.32143
23
-1.27205
33
-9.04816
0
3DFACE
8
C2
10
4.14865
20
-1.32928
30
-8.93246
11
4.12484
21
-1.41543
31
-8.81282
12
4.27473
22
-1.45170
32
-8.81549
13
4.29820
23
-1.36281
33
-8.93267
0
3DFACE
8
C2
10
4.12484
20
-1.41543
30
-8.81282
11
4.10006
21
-1.49378
31
-8.68618
12
4.25038
22
-1.53346
32
-8.69191
13
4.27473
23
-1.45170
33
-8.81549
0
3DFACE
8
C2
10
4.10006
20
-1.49378
30
-8.68618
11
4.07699
21
-1.58586
31
-8.57187
12
4.22760
22
-1.62784
32
-8.57967
13
4.25038
23
-1.53346
33
-8.69191
0
3DFACE
8
C2
10
4.07699
20
-1.58586
30
-8.57187
11
4.05441
21
-1.68178
31
-8.46100
12
4.20532
22
-1.72618
32
-8.47097
13
4.22760
23
-1.62784
33
-8.57967
0
3DFACE
8
C2
10
4.05441
20
-1.68178
30
-8.46100
11
4.03129
21
-1.77342
31
-8.34629
12
4.18242
22
-1.81958
32
-8.35784
13
4.20532
23
-1.72618
33
-8.47097
0
3DFACE
8
C2
10
4.03129
20
-1.77342
30
-8.34629
11
4.00782
21
-1.86231
31
-8.22912
12
4.15913
22
-1.90990
32
-8.24195
13
4.18242
23
-1.81958
33
-8.35784
0
3DFACE
8
C2
10
4.00782
20
-1.86231
30
-8.22912
11
3.98213
21
-1.93341
31
-8.09597
12
4.13373
22
-1.98331
32
-8.11087
13
4.15913
23
-1.90990
33
-8.24195
0
3DFACE
8
C2
10
3.98213
20
-1.93341
30
-8.09597
11
3.95922
21
-2.02670
31
-7.98274
12
4.11091
22
-2.07736
32
-7.99833
13
4.13373
23
-1.98331
33
-8.11087
0
3DFACE
8
C2
10
3.95922
20
-2.02670
30
-7.98274
11
3.93872
21
-2.13932
31
-7.88687
12
4.09035
22
-2.18944
32
-7.90196
13
4.11091
23
-2.07736
33
-7.99833
0
3DFACE
8
C2
10
3.93872
20
-2.13932
30
-7.88687
11
3.91728
21
-2.24436
31
-7.78419
12
4.06897
22
-2.29503
32
-7.79978
13
4.09035
23
-2.18944
33
-7.90196
0
3DFACE
8
C2
10
3.91728
20
-2.24436
30
-7.78419
11
3.89535
21
-2.34556
31
-7.67806
12
4.04706
22
-2.39634
32
-7.69374
13
4.06897
23
-2.29503
33
-7.79978
0
3DFACE
8
C2
10
3.89535
20
-2.34556
30
-7.67806
11
3.87314
21
-2.44445
31
-7.56985
12
4.02487
22
-2.49545
32
-7.58574
13
4.04706
23
-2.39634
33
-7.69374
0
3DFACE
8
C2
10
3.87314
20
-2.44445
30
-7.56985
11
3.85208
21
-2.55257
31
-7.46993
12
4.00359
22
-2.60181
32
-7.48424
13
4.02487
23
-2.49545
33
-7.58574
0
3DFACE
8
C2
10
3.85208
20
-2.55257
30
-7.46993
11
3.83421
21
-2.68617
31
-7.39289
12
3.98517
22
-2.73102
32
-7.40325
13
4.00359
23
-2.60181
33
-7.48424
0
3DFACE
8
C2
10
3.83421
20
-2.68617
30
-7.39289
11
3.81395
21
-2.80066
31
-7.29869
12
3.96458
22
-2.84287
32
-7.30669
13
3.98517
23
-2.73102
33
-7.40325
0
3DFACE
8
C2
10
3.81395
20
-2.80066
30
-7.29869
11
3.79173
21
-2.89955
31
-7.19049
12
3.94228
22
-2.94110
32
-7.19790
13
3.96458
23
-2.84287
33
-7.30669
0
3DFACE
8
C2
10
3.79173
20
-2.89955
30
-7.19049
11
3.76808
21
-2.98691
31
-7.07194
12
3.91882
22
-3.03000
32
-7.08072
13
3.94228
23
-2.94110
33
-7.19790
0
3DFACE
8
C2
10
3.76808
20
-2.98691
30
-7.07194
11
3.74622
21
-3.08866
31
-6.96630
12
3.89700
22
-3.13207
32
-6.97538
13
3.91882
23
-3.03000
33
-7.08072
0
3DFACE
8
C2
10
3.74622
20
-3.08866
30
-6.96630
11
3.72605
21
-3.20392
31
-6.87279
12
3.87669
22
-3.24612
32
-6.88079
13
3.89700
23
-3.13207
33
-6.97538
0
3DFACE
8
C2
10
3.72605
20
-3.20392
30
-6.87279
11
3.70565
21
-3.31731
31
-6.77760
12
3.85634
22
-3.35995
32
-6.78599
13
3.87669
23
-3.24612
33
-6.88079
0
3DFACE
8
C2
10
3.70565
20
-3.31731
30
-6.77760
11
3.68417
21
-3.42202
31
-6.67463
12
3.83523
22
-3.46763
32
-6.68568
13
3.85634
23
-3.35995
33
-6.78599
0
3DFACE
8
C2
10
3.68417
20
-3.42202
30
-6.67463
11
3.66223
21
-3.52311
31
-6.56840
12
3.81380
22
-3.57279
32
-6.58310
13
3.83523
23
-3.46763
33
-6.68568
0
3DFACE
8
C2
10
3.66223
20
-3.52311
30
-6.56840
11
3.64275
21
-3.64386
31
-6.47982
12
3.79447
22
-3.69475
32
-6.49560
13
3.81380
23
-3.57279
33
-6.58310
0
3DFACE
8
C2
10
3.64275
20
-3.64386
30
-6.47982
11
3.62539
21
-3.78153
31
-6.40642
12
3.77676
22
-3.82967
32
-6.41974
13
3.79447
23
-3.69475
33
-6.49560
0
3DFACE
8
C2
10
3.62539
20
-3.78153
30
-6.40642
11
3.60549
21
-3.89899
31
-6.31488
12
3.75681
22
-3.94669
32
-6.32781
13
3.77676
23
-3.82967
33
-6.41974
0
3DFACE
8
C2
10
3.60549
20
-3.89899
30
-6.31488
11
3.58131
21
-3.98217
31
-6.19258
12
3.73327
22
-4.03492
32
-6.21005
13
3.75681
23
-3.94669
33
-6.32781
0
3DFACE
8
C2
10
3.58131
20
-3.98217
30
-6.19258
11
3.55270
21
-4.02986
31
-6.03843
12
3.70579
22
-4.09174
32
-6.06408
13
3.73327
23
-4.03492
33
-6.21005
0
3DFACE
8
C2
10
3.55270
20
-4.02986
30
-6.03843
11
3.52772
21
-4.10667
31
-5.91041
12
3.68132
22
-4.17261
32
-5.93971
13
3.70579
23
-4.09174
33
-6.06408
0
3DFACE
8
C2
10
3.52772
20
-4.10667
30
-5.91041
11
3.50389
21
-4.19260
31
-5.79058
12
3.65761
22
-4.25953
32
-5.82076
13
3.68132
23
-4.17261
33
-5.93971
0
3DFACE
8
C2
10
3.50389
20
-4.19260
30
-5.79058
11
3.47817
21
-4.26348
31
-5.65723
12
3.63206
22
-4.33172
32
-5.68860
13
3.65761
23
-4.25953
33
-5.82076
0
3DFACE
8
C2
10
3.47817
20
-4.26348
30
-5.65723
11
3.45006
21
-4.31524
31
-5.50673
12
3.60425
22
-4.38590
32
-5.54027
13
3.63206
23
-4.33172
33
-5.68860
0
3DFACE
8
C2
10
3.45006
20
-4.31524
30
-5.50673
11
3.42025
21
-4.35338
31
-5.34401
12
3.57492
22
-4.42788
32
-5.38099
13
3.60425
23
-4.38590
33
-5.54027
0
3DFACE
8
C2
10
3.42025
20
-4.35338
30
-5.34401
11
3.39356
21
-4.41645
31
-5.20366
12
3.54822
22
-4.49085
32
-5.24055
13
3.57492
23
-4.42788
33
-5.38099
0
3DFACE
8
C2
10
3.39356
20
-4.41645
30
-5.20366
11
3.37093
21
-4.51205
31
-5.09250
12
3.52508
22
-4.58238
32
-5.12574
13
3.54822
23
-4.49085
33
-5.24055
0
3DFACE
8
C2
10
3.37093
20
-4.51205
30
-5.09250
11
3.34519
21
-4.58270
31
-4.95896
12
3.49928
22
-4.65260
32
-4.99180
13
3.52508
23
-4.58238
33
-5.12574
0
3DFACE
8
C2
10
5.07841
20
2.07649
30
-12.73933
11
5.05485
21
1.98837
31
-12.62147
12
5.19489
22
2.03086
32
-12.55344
13
5.21833
23
2.11997
33
-12.67042
0
3DFACE
8
C2
10
5.05485
20
1.98837
30
-12.62147
11
5.03179
21
1.89629
31
-12.50715
12
5.17177
22
1.93922
32
-12.43874
13
5.19489
23
2.03086
33
-12.55344
0
3DFACE
8
C2
10
5.03179
20
1.89629
30
-12.50715
11
5.00761
21
1.81311
31
-12.38485
12
5.14785
22
1.85395
32
-12.31831
13
5.17177
23
1.93922
33
-12.43874
0
3DFACE
8
C2
10
5.00761
20
1.81311
30
-12.38485
11
4.98208
21
1.74069
31
-12.25289
12
5.12289
22
1.77703
32
-12.19039
13
5.14785
23
1.85395
33
-12.31831
0
3DFACE
8
C2
10
4.98208
20
1.74069
30
-12.25289
11
4.95769
21
1.65927
31
-12.12901
12
5.09896
22
1.69188
32
-12.06986
13
5.12289
23
1.77703
33
-12.19039
0
3DFACE
8
C2
10
4.95769
20
1.65927
30
-12.12901
11
4.93579
21
1.55785
31
-12.02308
12
5.07734
22
1.58826
32
-11.96590
13
5.09896
23
1.69188
33
-12.06986
0
3DFACE
8
C2
10
4.93579
20
1.55785
30
-12.02308
11
4.91553
21
1.44336
31
-11.92888
12
5.05706
22
1.47388
32
-11.87160
13
5.07734
23
1.58826
33
-11.96590
0
3DFACE
8
C2
10
4.91553
20
1.44336
30
-11.92888
11
4.89356
21
1.34250
31
-11.82245
12
5.03555
22
1.36939
32
-11.76843
13
5.05706
23
1.47388
33
-11.87160
0
3DFACE
8
C2
10
4.89356
20
1.34250
30
-11.82245
11
4.87040
21
1.25119
31
-11.70745
12
5.01324
22
1.27127
32
-11.65954
13
5.03555
23
1.36939
33
-11.76843
0
3DFACE
8
C2
10
4.87040
20
1.25119
30
-11.70745
11
4.84854
21
1.14944
31
-11.60181
12
4.99200
22
1.16458
32
-11.55834
13
5.01324
23
1.27127
33
-11.65954
0
3DFACE
8
C2
10
4.84854
20
1.14944
30
-11.60181
11
4.82890
21
1.03000
31
-11.51204
12
4.97269
22
1.04251
32
-11.47094
13
4.99200
23
1.16458
33
-11.55834
0
3DFACE
8
C2
10
4.82890
20
1.03000
30
-11.51204
11
4.81098
21
0.89673
31
-11.43471
12
4.95484
22
0.90868
32
-11.39409
13
4.97269
23
1.04251
33
-11.47094
0
3DFACE
8
C2
10
4.81098
20
0.89673
30
-11.43471
11
4.79018
21
0.78652
31
-11.33666
12
4.93444
22
0.79529
32
-11.29891
13
4.95484
23
0.90868
33
-11.39409
0
3DFACE
8
C2
10
4.79018
20
0.78652
30
-11.33666
11
4.76709
21
0.69466
31
-11.22215
12
4.91223
22
0.69640
32
-11.19071
13
4.93444
23
0.79529
33
-11.29891
0
3DFACE
8
C2
10
4.76709
20
0.69466
30
-11.22215
11
4.74467
21
0.59742
31
-11.11247
12
4.89048
22
0.59377
32
-11.08586
13
4.91223
23
0.69640
33
-11.19071
0
3DFACE
8
C2
10
4.74467
20
0.59742
30
-11.11247
11
4.72319
21
0.49271
31
-11.00949
12
4.86955
22
0.48467
32
-10.98682
13
4.89048
23
0.59377
33
-11.08586
0
3DFACE
8
C2
10
4.72319
20
0.49271
30
-11.00949
11
4.70198
21
0.38580
31
-10.90849
12
4.84876
22
0.37435
32
-10.88888
13
4.86955
23
0.48467
33
-10.98682
0
3DFACE
8
C2
10
4.70198
20
0.38580
30
-10.90849
11
4.67954
21
0.28866
31
-10.79871
12
4.82677
22
0.27370
32
-10.78225
13
4.84876
23
0.37435
33
-10.88888
0
3DFACE
8
C2
10
4.67954
20
0.28866
30
-10.79871
11
4.65536
21
0.20548
31
-10.67641
12
4.80325
22
0.18525
32
-10.66469
13
4.82677
23
0.27370
33
-10.78225
0
3DFACE
8
C2
10
4.65536
20
0.20548
30
-10.67641
11
4.63270
21
0.11022
31
-10.56495
12
4.78098
22
0.08680
32
-10.55609
13
4.80325
23
0.18525
33
-10.66469
0
3DFACE
8
C2
10
4.63270
20
0.11022
30
-10.56495
11
4.61098
21
0.00737
31
-10.46030
12
4.75960
22
-0.01879
32
-10.45390
13
4.78098
23
0.08680
33
-10.55609
0
3DFACE
8
C2
10
4.61098
20
0.00737
30
-10.46030
11
4.58967
21
-0.09877
31
-10.35861
12
4.73841
22
-0.12581
32
-10.35300
13
4.75960
23
-0.01879
33
-10.45390
0
3DFACE
8
C2
10
4.58967
20
-0.09877
30
-10.35861
11
4.56806
21
-0.20249
31
-10.25475
12
4.71695
22
-0.23075
32
-10.25022
13
4.73841
23
-0.12581
33
-10.35300
0
3DFACE
8
C2
10
4.56806
20
-0.20249
30
-10.25475
11
4.54589
21
-0.30171
31
-10.14684
12
4.69493
22
-0.33118
32
-10.14340
13
4.71695
23
-0.23075
33
-10.25022
0
3DFACE
8
C2
10
4.54589
20
-0.30171
30
-10.14684
11
4.52400
21
-0.40324
31
-10.04101
12
4.67308
22
-0.43303
32
-10.03786
13
4.69493
23
-0.33118
33
-10.14340
0
3DFACE
8
C2
10
4.52400
20
-0.40324
30
-10.04101
11
4.50211
21
-0.50466
31
-9.93507
12
4.65121
22
-0.53467
32
-9.93212
13
4.67308
23
-0.43303
33
-10.03786
0
3DFACE
8
C2
10
4.50211
20
-0.50466
30
-9.93507
11
4.48044
21
-0.60794
31
-9.83081
12
4.62940
22
-0.63675
32
-9.82678
13
4.65121
23
-0.53467
33
-9.93212
0
3DFACE
8
C2
10
4.48044
20
-0.60794
30
-9.83081
11
4.45828
21
-0.70727
31
-9.72301
12
4.60712
22
-0.73509
32
-9.71809
13
4.62940
23
-0.63675
33
-9.82678
0
3DFACE
8
C2
10
4.45828
20
-0.70727
30
-9.72301
11
4.43579
21
-0.80396
31
-9.61283
12
4.58463
22
-0.83178
32
-9.60791
13
4.60712
23
-0.73509
33
-9.71809
0
3DFACE
8
C2
10
4.43579
20
-0.80396
30
-9.61283
11
4.41316
21
-0.89945
31
-9.50158
12
4.56186
22
-0.92628
32
-9.49577
13
4.58463
23
-0.83178
33
-9.60791
0
3DFACE
8
C2
10
4.41316
20
-0.89945
30
-9.50158
11
4.39036
21
-0.99373
31
-9.38923
12
4.53898
22
-1.01978
32
-9.38274
13
4.56186
23
-0.92628
33
-9.49577
0
3DFACE
8
C2
10
4.39036
20
-0.99373
30
-9.38923
11
4.36730
21
-1.08580
31
-9.27492
12
4.51592
22
-1.11197
32
-9.26852
13
4.53898
23
-1.01978
33
-9.38274
0
3DFACE
8
C2
10
4.36730
20
-1.08580
30
-9.27492
11
4.34459
21
-1.18074
31
-9.16317
12
4.49329
22
-1.20746
32
-9.15726
13
4.51592
23
-1.11197
33
-9.26852
0
3DFACE
8
C2
10
4.34459
20
-1.18074
30
-9.16317
11
4.32143
21
-1.27205
31
-9.04816
12
4.47034
22
-1.30053
32
-9.04384
13
4.49329
23
-1.20746
33
-9.15726
0
3DFACE
8
C2
10
4.32143
20
-1.27205
30
-9.04816
11
4.29820
21
-1.36281
31
-8.93267
12
4.44733
22
-1.39304
32
-8.92992
13
4.47034
23
-1.30053
33
-9.04384
0
3DFACE
8
C2
10
4.29820
20
-1.36281
30
-8.93267
11
4.27473
21
-1.45170
31
-8.81549
12
4.42414
22
-1.48413
32
-8.81471
13
4.44733
23
-1.39304
33
-8.92992
0
3DFACE
8
C2
10
4.27473
20
-1.45170
30
-8.81549
11
4.25038
21
-1.53346
31
-8.69191
12
4.40024
22
-1.56951
32
-8.69438
13
4.42414
23
-1.48413
33
-8.81471
0
3DFACE
8
C2
10
4.25038
20
-1.53346
30
-8.69191
11
4.22760
21
-1.62784
31
-8.57967
12
4.37763
22
-1.66522
32
-8.58332
13
4.40024
23
-1.56951
33
-8.69438
0
3DFACE
8
C2
10
4.22760
20
-1.62784
30
-8.57967
11
4.20532
21
-1.72618
31
-8.47097
12
4.35541
22
-1.76411
32
-8.47512
13
4.37763
23
-1.66522
33
-8.58332
0
3DFACE
8
C2
10
4.20532
20
-1.72618
30
-8.47097
11
4.18242
21
-1.81958
31
-8.35784
12
4.33255
22
-1.85783
32
-8.36229
13
4.35541
23
-1.76411
33
-8.47512
0
3DFACE
8
C2
10
4.18242
20
-1.81958
30
-8.35784
11
4.15913
21
-1.90990
31
-8.24195
12
4.30939
22
-1.94914
32
-8.24728
13
4.33255
23
-1.85783
33
-8.36229
0
3DFACE
8
C2
10
4.15913
20
-1.90990
30
-8.24195
11
4.13373
21
-1.98331
31
-8.11087
12
4.28447
22
-2.02639
32
-8.11966
13
4.30939
23
-1.94914
33
-8.24728
0
3DFACE
8
C2
10
4.13373
20
-1.98331
30
-8.11087
11
4.11091
21
-2.07736
31
-7.99833
12
4.26175
22
-2.12122
32
-8.00781
13
4.28447
23
-2.02639
33
-8.11966
0
3DFACE
8
C2
10
4.11091
20
-2.07736
30
-7.99833
11
4.09035
21
-2.18944
31
-7.90196
12
4.24101
22
-2.23186
32
-7.91016
13
4.26175
23
-2.12122
33
-8.00781
0
3DFACE
8
C2
10
4.09035
20
-2.18944
30
-7.90196
11
4.06897
21
-2.29503
31
-7.79978
12
4.21977
22
-2.33855
32
-7.80896
13
4.24101
23
-2.23186
33
-7.91016
0
3DFACE
8
C2
10
4.06897
20
-2.29503
30
-7.79978
11
4.04706
21
-2.39634
31
-7.69374
12
4.19806
22
-2.44151
32
-7.70440
13
4.21977
23
-2.33855
33
-7.80896
0
3DFACE
8
C2
10
4.04706
20
-2.39634
30
-7.69374
11
4.02487
21
-2.49545
31
-7.58574
12
4.17615
22
-2.54282
32
-7.59837
13
4.19806
23
-2.44151
33
-7.70440
0
3DFACE
8
C2
10
4.02487
20
-2.49545
30
-7.58574
11
4.00359
21
-2.60181
31
-7.48424
12
4.15475
22
-2.64819
32
-7.49599
13
4.17615
23
-2.54282
33
-7.59837
0
3DFACE
8
C2
10
4.00359
20
-2.60181
30
-7.48424
11
3.98517
21
-2.73102
31
-7.40325
12
4.13568
22
-2.77224
32
-7.41036
13
4.15475
23
-2.64819
33
-7.49599
0
3DFACE
8
C2
10
3.98517
20
-2.73102
30
-7.40325
11
3.96458
21
-2.84287
31
-7.30669
12
4.11479
22
-2.88167
32
-7.31163
13
4.13568
23
-2.77224
33
-7.41036
0
3DFACE
8
C2
10
3.96458
20
-2.84287
30
-7.30669
11
3.94228
21
-2.94110
31
-7.19790
12
4.09241
22
-2.97925
32
-7.20224
13
4.11479
23
-2.88167
33
-7.31163
0
3DFACE
8
C2
10
3.94228
20
-2.94110
30
-7.19790
11
3.91882
21
-3.03000
31
-7.08072
12
4.06915
22
-3.06979
32
-7.08655
13
4.09241
23
-2.97925
33
-7.20224
0
3DFACE
8
C2
10
3.91882
20
-3.03000
30
-7.08072
11
3.89700
21
-3.13207
31
-6.97538
12
4.04733
22
-3.17186
32
-6.98121
13
4.06915
23
-3.06979
33
-7.08655
0
3DFACE
8
C2
10
3.89700
20
-3.13207
30
-6.97538
11
3.87669
21
-3.24612
31
-6.88079
12
4.02682
22
-3.28438
32
-6.88523
13
4.04733
23
-3.17186
33
-6.98121
0
3DFACE
8
C2
10
3.87669
20
-3.24612
30
-6.88079
11
3.85634
21
-3.35995
31
-6.78599
12
4.00655
22
-3.39876
32
-6.79093
13
4.02682
23
-3.28438
33
-6.88523
0
3DFACE
8
C2
10
3.85634
20
-3.35995
30
-6.78599
11
3.83523
21
-3.46763
31
-6.68568
12
3.98576
22
-3.50907
32
-6.69299
13
4.00655
23
-3.39876
33
-6.79093
0
3DFACE
8
C2
10
3.83523
20
-3.46763
30
-6.68568
11
3.81380
21
-3.57279
31
-6.58310
12
3.96481
22
-3.61807
32
-6.59386
13
3.98576
23
-3.50907
33
-6.69299
0
3DFACE
8
C2
10
3.81380
20
-3.57279
30
-6.58310
11
3.79447
21
-3.69475
31
-6.49560
12
3.94561
22
-3.74102
32
-6.50725
13
3.96481
23
-3.61807
33
-6.59386
0
3DFACE
8
C2
10
3.79447
20
-3.69475
30
-6.49560
11
3.77676
21
-3.82967
31
-6.41974
12
3.92753
22
-3.87298
32
-6.42873
13
3.94561
23
-3.74102
33
-6.50725
0
3DFACE
8
C2
10
3.77676
20
-3.82967
30
-6.41974
11
3.75681
21
-3.94669
31
-6.32781
12
3.90758
22
-3.98999
32
-6.33679
13
3.92753
23
-3.87298
33
-6.42873
0
3DFACE
8
C2
10
3.75681
20
-3.94669
30
-6.32781
11
3.73327
21
-4.03492
31
-6.21005
12
3.88449
22
-4.08185
32
-6.22228
13
3.90758
23
-3.98999
33
-6.33679
0
3DFACE
8
C2
10
3.73327
20
-4.03492
30
-6.21005
11
3.70579
21
-4.09174
31
-6.06408
12
3.85820
22
-4.14812
32
-6.08480
13
3.88449
23
-4.08185
33
-6.22228
0
3DFACE
8
C2
10
3.70579
20
-4.09174
30
-6.06408
11
3.68132
21
-4.17261
31
-5.93971
12
3.83392
22
-4.23053
32
-5.96181
13
3.85820
23
-4.14812
33
-6.08480
0
3DFACE
8
C2
10
3.68132
20
-4.17261
30
-5.93971
11
3.65761
21
-4.25953
31
-5.82076
12
3.80989
22
-4.31492
32
-5.84059
13
3.83392
23
-4.23053
33
-5.96181
0
3DFACE
8
C2
10
3.65761
20
-4.25953
30
-5.82076
11
3.63206
21
-4.33172
31
-5.68860
12
3.78411
22
-4.38524
32
-5.70675
13
3.80989
23
-4.31492
33
-5.84059
0
3DFACE
8
C2
10
3.63206
20
-4.33172
30
-5.68860
11
3.60425
21
-4.38590
31
-5.54027
12
3.75666
22
-4.44228
32
-5.56098
13
3.78411
23
-4.38524
33
-5.70675
0
3DFACE
8
C2
10
3.60425
20
-4.38590
30
-5.54027
11
3.57492
21
-4.42788
31
-5.38099
12
3.72801
22
-4.48975
32
-5.40664
13
3.75666
23
-4.44228
33
-5.56098
0
3DFACE
8
C2
10
3.57492
20
-4.42788
30
-5.38099
11
3.54822
21
-4.49085
31
-5.24055
12
3.70164
22
-4.55536
32
-5.26856
13
3.72801
23
-4.48975
33
-5.40664
0
3DFACE
8
C2
10
3.54822
20
-4.49085
30
-5.24055
11
3.52508
21
-4.58238
31
-5.12574
12
3.67812
22
-4.64381
32
-5.15099
13
3.70164
23
-4.55536
33
-5.26856
0
3DFACE
8
C2
10
3.52508
20
-4.58238
30
-5.12574
11
3.49928
21
-4.65260
31
-4.99180
12
3.65276
22
-4.71754
32
-5.02021
13
3.67812
23
-4.64381
33
-5.15099
0
3DFACE
8
C2
10
5.21833
20
2.11997
30
-12.67042
11
5.19489
21
2.03086
31
-12.55344
12
5.33617
22
2.06347
32
-12.49430
13
5.35966
23
2.15214
33
-12.61167
0
3DFACE
8
C2
10
5.19489
20
2.03086
30
-12.55344
11
5.17177
21
1.93922
31
-12.43874
12
5.31306
22
1.97172
32
-12.37969
13
5.33617
23
2.06347
33
-12.49430
0
3DFACE
8
C2
10
5.17177
20
1.93922
30
-12.43874
11
5.14785
21
1.85395
31
-12.31831
12
5.28931
22
1.88513
32
-12.26044
13
5.31306
23
1.97172
33
-12.37969
0
3DFACE
8
C2
10
5.14785
20
1.85395
30
-12.31831
11
5.12289
21
1.77703
31
-12.19039
12
5.26464
22
1.80591
32
-12.13459
13
5.28931
23
1.88513
33
-12.26044
0
3DFACE
8
C2
10
5.12289
20
1.77703
30
-12.19039
11
5.09896
21
1.69188
31
-12.06986
12
5.24116
22
1.71712
32
-12.01732
13
5.26464
23
1.80591
33
-12.13459
0
3DFACE
8
C2
10
5.09896
20
1.69188
30
-12.06986
11
5.07734
21
1.58826
31
-11.96590
12
5.22011
22
1.60889
32
-11.91750
13
5.24116
23
1.71712
33
-12.01732
0
3DFACE
8
C2
10
5.07734
20
1.58826
30
-11.96590
11
5.05706
21
1.47388
31
-11.87160
12
5.20041
22
1.48990
32
-11.82734
13
5.22011
23
1.60889
33
-11.91750
0
3DFACE
8
C2
10
5.05706
20
1.47388
30
-11.87160
11
5.03555
21
1.36939
31
-11.76843
12
5.17942
22
1.38123
32
-11.72791
13
5.20041
23
1.48990
33
-11.82734
0
3DFACE
8
C2
10
5.03555
20
1.36939
30
-11.76843
11
5.01324
21
1.27127
31
-11.65954
12
5.15774
22
1.27806
32
-11.62356
13
5.17942
23
1.38123
33
-11.72791
0
3DFACE
8
C2
10
5.01324
20
1.27127
30
-11.65954
11
4.99200
21
1.16458
31
-11.55834
12
5.13712
22
1.16642
32
-11.52679
13
5.15774
23
1.27806
33
-11.62356
0
3DFACE
8
C2
10
4.99200
20
1.16458
30
-11.55834
11
4.97269
21
1.04251
31
-11.47094
12
5.11837
22
1.03985
32
-11.44344
13
5.13712
23
1.16642
33
-11.52679
0
3DFACE
8
C2
10
4.97269
20
1.04251
30
-11.47094
11
4.95484
21
0.90868
31
-11.39409
12
5.10046
22
0.90657
32
-11.36610
13
5.11837
23
1.03985
33
-11.44344
0
3DFACE
8
C2
10
4.95484
20
0.90868
30
-11.39409
11
4.93444
21
0.79529
31
-11.29891
12
5.08046
22
0.78999
32
-11.27377
13
5.10046
23
0.90657
33
-11.36610
0
3DFACE
8
C2
10
4.93444
20
0.79529
30
-11.29891
11
4.91223
21
0.69640
31
-11.19071
12
5.05867
22
0.68770
32
-11.16863
13
5.08046
23
0.78999
33
-11.27377
0
3DFACE
8
C2
10
4.91223
20
0.69640
30
-11.19071
11
4.89048
21
0.59377
31
-11.08586
12
5.03743
22
0.58101
32
-11.06743
13
5.05867
23
0.68770
33
-11.16863
0
3DFACE
8
C2
10
4.89048
20
0.59377
30
-11.08586
11
4.86955
21
0.48467
31
-10.98682
12
5.01689
22
0.46871
32
-10.97126
13
5.03743
23
0.58101
33
-11.06743
0
3DFACE
8
C2
10
4.86955
20
0.48467
30
-10.98682
11
4.84876
21
0.37435
31
-10.88888
12
4.99632
22
0.35675
32
-10.87479
13
5.01689
23
0.46871
33
-10.97126
0
3DFACE
8
C2
10
4.84876
20
0.37435
30
-10.88888
11
4.82677
21
0.27370
31
-10.78225
12
4.97453
22
0.25445
32
-10.76964
13
4.99632
23
0.35675
33
-10.87479
0
3DFACE
8
C2
10
4.82677
20
0.27370
30
-10.78225
11
4.80325
21
0.18525
31
-10.66469
12
4.95167
22
0.16073
32
-10.65681
13
4.97453
23
0.25445
33
-10.76964
0
3DFACE
8
C2
10
4.80325
20
0.18525
30
-10.66469
11
4.78098
21
0.08680
31
-10.55609
12
4.92947
22
0.06173
32
-10.54871
13
4.95167
23
0.16073
33
-10.65681
0
3DFACE
8
C2
10
4.78098
20
0.08680
30
-10.55609
11
4.75960
21
-0.01879
31
-10.45390
12
4.90827
22
-0.04529
32
-10.44780
13
4.92947
23
0.06173
33
-10.54871
0
3DFACE
8
C2
10
4.75960
20
-0.01879
30
-10.45390
11
4.73841
21
-0.12581
31
-10.35300
12
4.88713
22
-0.15275
32
-10.34729
13
4.90827
23
-0.04529
33
-10.44780
0
3DFACE
8
C2
10
4.73841
20
-0.12581
30
-10.35300
11
4.71695
21
-0.23075
31
-10.25022
12
4.86577
22
-0.25845
32
-10.24520
13
4.88713
23
-0.15275
33
-10.34729
0
3DFACE
8
C2
10
4.71695
20
-0.23075
30
-10.25022
11
4.69493
21
-0.33118
31
-10.14340
12
4.84390
22
-0.36009
32
-10.13947
13
4.86577
23
-0.25845
33
-10.24520
0
3DFACE
8
C2
10
4.69493
20
-0.33118
30
-10.14340
11
4.67308
21
-0.43303
31
-10.03786
12
4.82208
22
-0.46217
32
-10.03412
13
4.84390
23
-0.36009
33
-10.13947
0
3DFACE
8
C2
10
4.67308
20
-0.43303
30
-10.03786
11
4.65121
21
-0.53467
31
-9.93212
12
4.80021
22
-0.56380
32
-9.92839
13
4.82208
23
-0.46217
33
-10.03412
0
3DFACE
8
C2
10
4.65121
20
-0.53467
30
-9.93212
11
4.62940
21
-0.63675
31
-9.82678
12
4.77822
22
-0.66445
32
-9.82176
13
4.80021
23
-0.56380
33
-9.92839
0
3DFACE
8
C2
10
4.62940
20
-0.63675
30
-9.82678
11
4.60712
21
-0.73509
31
-9.71809
12
4.75581
22
-0.76180
32
-9.71218
13
4.77822
23
-0.66445
33
-9.82176
0
3DFACE
8
C2
10
4.60712
20
-0.73509
30
-9.71809
11
4.58463
21
-0.83178
31
-9.60791
12
4.73327
22
-0.85806
32
-9.60161
13
4.75581
23
-0.76180
33
-9.71218
0
3DFACE
8
C2
10
4.58463
20
-0.83178
30
-9.60791
11
4.56186
21
-0.92628
31
-9.49577
12
4.71037
22
-0.95146
32
-9.48848
13
4.73327
23
-0.85806
33
-9.60161
0
3DFACE
8
C2
10
4.56186
20
-0.92628
30
-9.49577
11
4.53898
21
-1.01978
31
-9.38274
12
4.68736
22
-1.04397
32
-9.37456
13
4.71037
23
-0.95146
33
-9.48848
0
3DFACE
8
C2
10
4.53898
20
-1.01978
30
-9.38274
11
4.51592
21
-1.11197
31
-9.26852
12
4.66433
22
-1.13638
32
-9.26054
13
4.68736
23
-1.04397
33
-9.37456
0
3DFACE
8
C2
10
4.51592
20
-1.11197
30
-9.26852
11
4.49329
21
-1.20746
31
-9.15726
12
4.64171
22
-1.23198
32
-9.14939
13
4.66433
23
-1.13638
33
-9.26054
0
3DFACE
8
C2
10
4.49329
20
-1.20746
30
-9.15726
11
4.47034
21
-1.30053
31
-9.04384
12
4.61900
22
-1.32691
32
-9.03763
13
4.64171
23
-1.23198
33
-9.14939
0
3DFACE
8
C2
10
4.47034
20
-1.30053
30
-9.04384
11
4.44733
21
-1.39304
31
-8.92992
12
4.59610
22
-1.42031
32
-8.92450
13
4.61900
23
-1.32691
33
-9.03763
0
3DFACE
8
C2
10
4.44733
20
-1.39304
30
-8.92992
11
4.42414
21
-1.48413
31
-8.81471
12
4.57300
22
-1.51217
32
-8.80999
13
4.59610
23
-1.42031
33
-8.92450
0
3DFACE
8
C2
10
4.42414
20
-1.48413
30
-8.81471
11
4.40024
21
-1.56951
31
-8.69438
12
4.54961
22
-1.60161
32
-8.69331
13
4.57300
23
-1.51217
33
-8.80999
0
3DFACE
8
C2
10
4.40024
20
-1.56951
30
-8.69438
11
4.37763
21
-1.66522
31
-8.58332
12
4.52695
22
-1.69699
32
-8.58195
13
4.54961
23
-1.60161
33
-8.69331
0
3DFACE
8
C2
10
4.37763
20
-1.66522
30
-8.58332
11
4.35541
21
-1.76411
31
-8.47512
12
4.50456
22
-1.79445
32
-8.47247
13
4.52695
23
-1.69699
33
-8.58195
0
3DFACE
8
C2
10
4.35541
20
-1.76411
30
-8.47512
11
4.33255
21
-1.85783
31
-8.36229
12
4.48156
22
-1.88708
32
-8.35865
13
4.50456
23
-1.79445
33
-8.47247
0
3DFACE
8
C2
10
4.33255
20
-1.85783
30
-8.36229
11
4.30939
21
-1.94914
31
-8.24728
12
4.45832
22
-1.97773
32
-8.24305
13
4.48156
23
-1.88708
33
-8.35865
0
3DFACE
8
C2
10
4.30939
20
-1.94914
30
-8.24728
11
4.28447
21
-2.02639
31
-8.11966
12
4.43402
22
-2.05992
32
-8.11986
13
4.45832
23
-1.97773
33
-8.24305
0
3DFACE
8
C2
10
4.28447
20
-2.02639
30
-8.11966
11
4.26175
21
-2.12122
31
-8.00781
12
4.41138
22
-2.15541
32
-8.00861
13
4.43402
23
-2.05992
33
-8.11986
0
3DFACE
8
C2
10
4.26175
20
-2.12122
30
-8.00781
11
4.24101
21
-2.23186
31
-7.91016
12
4.39031
22
-2.26341
32
-7.90859
13
4.41138
23
-2.15541
33
-8.00861
0
3DFACE
8
C2
10
4.24101
20
-2.23186
30
-7.91016
11
4.21977
21
-2.33855
31
-7.80896
12
4.36938
22
-2.37263
32
-7.80966
13
4.39031
23
-2.26341
33
-7.90859
0
3DFACE
8
C2
10
4.21977
20
-2.33855
30
-7.80896
11
4.19806
21
-2.44151
31
-7.70440
12
4.34802
22
-2.47833
32
-7.70757
13
4.36938
23
-2.37263
33
-7.80966
0
3DFACE
8
C2
10
4.19806
20
-2.44151
30
-7.70440
11
4.17615
21
-2.54282
31
-7.59837
12
4.32637
22
-2.58173
32
-7.60341
13
4.34802
23
-2.47833
33
-7.70757
0
3DFACE
8
C2
10
4.17615
20
-2.54282
30
-7.59837
11
4.15475
21
-2.64819
31
-7.49599
12
4.30499
22
-2.68732
32
-7.50122
13
4.32637
23
-2.58173
33
-7.60341
0
3DFACE
8
C2
10
4.15475
20
-2.64819
30
-7.49599
11
4.13568
21
-2.77224
31
-7.41036
12
4.28519
22
-2.80544
32
-7.41028
13
4.30499
23
-2.68732
33
-7.50122
0
3DFACE
8
C2
10
4.13568
20
-2.77224
30
-7.41036
11
4.11479
21
-2.88167
31
-7.31163
12
4.26410
22
-2.91333
32
-7.31016
13
4.28519
23
-2.80544
33
-7.41028
0
3DFACE
8
C2
10
4.11479
20
-2.88167
30
-7.31163
11
4.09241
21
-2.97925
31
-7.20224
12
4.24151
22
-3.00926
32
-7.19930
13
4.26410
23
-2.91333
33
-7.31016
0
3DFACE
8
C2
10
4.09241
20
-2.97925
30
-7.20224
11
4.06915
21
-3.06979
31
-7.08655
12
4.21808
22
-3.09837
32
-7.08232
13
4.24151
23
-3.00926
33
-7.19930
0
3DFACE
8
C2
10
4.06915
20
-3.06979
30
-7.08655
11
4.04733
21
-3.17186
31
-6.98121
12
4.19606
22
-3.19880
32
-6.97550
13
4.21808
23
-3.09837
33
-7.08232
0
3DFACE
8
C2
10
4.04733
20
-3.17186
30
-6.98121
11
4.02682
21
-3.28438
31
-6.88523
12
4.17544
22
-3.31043
32
-6.87874
13
4.19606
23
-3.19880
33
-6.97550
0
3DFACE
8
C2
10
4.02682
20
-3.28438
30
-6.88523
11
4.00655
21
-3.39876
31
-6.79093
12
4.15526
22
-3.42558
32
-6.78513
13
4.17544
23
-3.31043
33
-6.87874
0
3DFACE
8
C2
10
4.00655
20
-3.39876
30
-6.79093
11
3.98576
21
-3.50907
31
-6.69299
12
4.13469
22
-3.53766
32
-6.68876
13
4.15526
23
-3.42558
33
-6.78513
0
3DFACE
8
C2
10
3.98576
20
-3.50907
30
-6.69299
11
3.96481
21
-3.61807
31
-6.59386
12
4.11393
22
-3.64819
32
-6.59101
13
4.13469
23
-3.53766
33
-6.68876
0
3DFACE
8
C2
10
3.96481
20
-3.61807
30
-6.59386
11
3.94561
21
-3.74102
31
-6.50725
12
4.09481
22
-3.77180
32
-6.50499
13
4.11393
23
-3.64819
33
-6.59101
0
3DFACE
8
C2
10
3.94561
20
-3.74102
30
-6.50725
11
3.92753
21
-3.87298
31
-6.42873
12
4.07666
22
-3.90321
32
-6.42598
13
4.09481
23
-3.77180
33
-6.50499
0
3DFACE
8
C2
10
3.92753
20
-3.87298
30
-6.42873
11
3.90758
21
-3.98999
31
-6.33679
12
4.05664
22
-4.01957
32
-6.33345
13
4.07666
23
-3.90321
33
-6.42598
0
3DFACE
8
C2
10
3.90758
20
-3.98999
30
-6.33679
11
3.88449
21
-4.08185
31
-6.22228
12
4.03346
22
-4.11077
32
-6.21835
13
4.05664
23
-4.01957
33
-6.33345
0
3DFACE
8
C2
10
3.88449
20
-4.08185
30
-6.22228
11
3.85820
21
-4.14812
31
-6.08480
12
4.00706
22
-4.17615
32
-6.08007
13
4.03346
23
-4.11077
33
-6.21835
0
3DFACE
8
C2
10
3.85820
20
-4.14812
30
-6.08480
11
3.83392
21
-4.23053
31
-5.96181
12
3.98244
22
-4.25582
32
-5.95462
13
4.00706
23
-4.17615
33
-6.08007
0
3DFACE
8
C2
10
3.83392
20
-4.23053
30
-5.96181
11
3.80989
21
-4.31492
31
-5.84059
12
3.95801
22
-4.33702
32
-5.83054
13
3.98244
23
-4.25582
33
-5.95462
0
3DFACE
8
C2
10
3.80989
20
-4.31492
30
-5.84059
11
3.78411
21
-4.38524
31
-5.70675
12
3.93231
22
-4.40801
32
-5.69730
13
3.95801
23
-4.33702
33
-5.83054
0
3DFACE
8
C2
10
3.78411
20
-4.38524
30
-5.70675
11
3.75666
21
-4.44228
31
-5.56098
12
3.90544
22
-4.46965
32
-5.55567
13
3.93231
23
-4.40801
33
-5.69730
0
3DFACE
8
C2
10
3.75666
20
-4.44228
30
-5.56098
11
3.72801
21
-4.48975
31
-5.40664
12
3.87782
22
-4.52537
32
-5.40872
13
3.90544
23
-4.46965
33
-5.55567
0
3DFACE
8
C2
10
3.72801
20
-4.48975
30
-5.40664
11
3.70164
21
-4.55536
31
-5.26856
12
3.85245
22
-4.59899
32
-5.27784
13
3.87782
23
-4.52537
33
-5.40872
0
3DFACE
8
C2
10
3.70164
20
-4.55536
30
-5.26856
11
3.67812
21
-4.64381
31
-5.15099
12
3.82996
22
-4.69569
32
-5.16767
13
3.85245
23
-4.59899
33
-5.27784
0
3DFACE
8
C2
10
3.67812
20
-4.64381
30
-5.15099
11
3.65276
21
-4.71754
31
-5.02021
12
3.80575
22
-4.77865
32
-5.04517
13
3.82996
23
-4.69569
33
-5.16767
0
3DFACE
8
C2
10
5.35966
20
2.15214
30
-12.61167
11
5.33617
21
2.06347
31
-12.49430
12
5.47623
22
2.10574
32
-12.42647
13
5.49960
23
2.19540
33
-12.54295
0
3DFACE
8
C2
10
5.33617
20
2.06347
30
-12.49430
11
5.31306
21
1.97172
31
-12.37969
12
5.45309
22
2.01432
32
-12.31156
13
5.47623
23
2.10574
33
-12.42647
0
3DFACE
8
C2
10
5.31306
20
1.97172
30
-12.37969
11
5.28931
21
1.88513
31
-12.26044
12
5.42962
22
1.92543
32
-12.19439
13
5.45309
23
2.01432
33
-12.31156
0
3DFACE
8
C2
10
5.28931
20
1.88513
30
-12.26044
11
5.26464
21
1.80591
31
-12.13459
12
5.40553
22
1.84159
32
-12.07268
13
5.42962
23
1.92543
33
-12.19439
0
3DFACE
8
C2
10
5.26464
20
1.80591
30
-12.13459
11
5.24116
21
1.71712
31
-12.01732
12
5.38247
22
1.74940
32
-11.95846
13
5.40553
23
1.84159
33
-12.07268
0
3DFACE
8
C2
10
5.24116
20
1.71712
30
-12.01732
11
5.22011
21
1.60889
31
-11.91750
12
5.36161
22
1.63974
32
-11.85992
13
5.38247
23
1.74940
33
-11.95846
0
3DFACE
8
C2
10
5.22011
20
1.60889
30
-11.91750
11
5.20041
21
1.48990
31
-11.82734
12
5.34173
22
1.52218
32
-11.76849
13
5.36161
23
1.63974
33
-11.85992
0
3DFACE
8
C2
10
5.20041
20
1.48990
30
-11.82734
11
5.17942
21
1.38123
31
-11.72791
12
5.32111
22
1.41054
32
-11.67172
13
5.34173
23
1.52218
33
-11.76849
0
3DFACE
8
C2
10
5.17942
20
1.38123
30
-11.72791
11
5.15774
21
1.27806
31
-11.62356
12
5.30030
22
1.30045
32
-11.57358
13
5.32111
23
1.41054
33
-11.67172
0
3DFACE
8
C2
10
5.15774
20
1.27806
30
-11.62356
11
5.13712
21
1.16642
31
-11.52679
12
5.28036
22
1.18332
32
-11.48174
13
5.30030
23
1.30045
33
-11.57358
0
3DFACE
8
C2
10
5.13712
20
1.16642
30
-11.52679
11
5.11837
21
1.03985
31
-11.44344
12
5.26189
22
1.05455
32
-11.40036
13
5.28036
23
1.18332
33
-11.48174
0
3DFACE
8
C2
10
5.11837
20
1.03985
30
-11.44344
11
5.10046
21
0.90657
31
-11.36610
12
5.24408
22
0.92039
32
-11.32381
13
5.26189
23
1.05455
33
-11.40036
0
3DFACE
8
C2
10
5.10046
20
0.90657
30
-11.36610
11
5.08046
21
0.78999
31
-11.27377
12
5.22456
22
0.79997
32
-11.23494
13
5.24408
23
0.92039
33
-11.32381
0
3DFACE
8
C2
10
5.08046
20
0.78999
30
-11.27377
11
5.05867
21
0.68770
31
-11.16863
12
5.20381
22
0.68943
32
-11.13719
13
5.22456
23
0.79997
33
-11.23494
0
3DFACE
8
C2
10
5.05867
20
0.68770
30
-11.16863
11
5.03743
21
0.58101
31
-11.06743
12
5.18330
22
0.57692
32
-11.04121
13
5.20381
23
0.68943
33
-11.13719
0
3DFACE
8
C2
10
5.03743
20
0.58101
30
-11.06743
11
5.01689
21
0.46871
31
-10.97126
12
5.16316
22
0.46144
32
-10.94790
13
5.18330
23
0.57692
33
-11.04121
0
3DFACE
8
C2
10
5.01689
20
0.46871
30
-10.97126
11
4.99632
21
0.35675
31
-10.87479
12
5.14291
22
0.34684
32
-10.85380
13
5.16316
23
0.46144
33
-10.94790
0
3DFACE
8
C2
10
4.99632
20
0.35675
30
-10.87479
11
4.97453
21
0.25445
31
-10.76964
12
5.12148
22
0.24169
32
-10.75122
13
5.14291
23
0.34684
33
-10.85380
0
3DFACE
8
C2
10
4.97453
20
0.25445
30
-10.76964
11
4.95167
21
0.16073
31
-10.65681
12
5.09915
22
0.14368
32
-10.64223
13
5.12148
23
0.24169
33
-10.75122
0
3DFACE
8
C2
10
4.95167
20
0.16073
30
-10.65681
11
4.92947
21
0.06173
31
-10.54871
12
5.07721
22
0.04259
32
-10.53600
13
5.09915
23
0.14368
33
-10.64223
0
3DFACE
8
C2
10
4.92947
20
0.06173
30
-10.54871
11
4.90827
21
-0.04529
31
-10.44780
12
5.05621
22
-0.06597
32
-10.43647
13
5.07721
23
0.04259
33
-10.53600
0
3DFACE
8
C2
10
4.90827
20
-0.04529
30
-10.44780
11
4.88713
21
-0.15275
31
-10.34729
12
5.03519
22
-0.17442
32
-10.33685
13
5.05621
23
-0.06597
33
-10.43647
0
3DFACE
8
C2
10
4.88713
20
-0.15275
30
-10.34729
11
4.86577
21
-0.25845
31
-10.24520
12
5.01394
22
-0.28100
32
-10.23555
13
5.03519
23
-0.17442
33
-10.33685
0
3DFACE
8
C2
10
4.86577
20
-0.25845
30
-10.24520
11
4.84390
21
-0.36009
31
-10.13947
12
4.99211
22
-0.38296
32
-10.13011
13
5.01394
23
-0.28100
33
-10.23555
0
3DFACE
8
C2
10
4.84390
20
-0.36009
30
-10.13947
11
4.82208
21
-0.46217
31
-10.03412
12
4.97032
22
-0.48526
32
-10.02496
13
4.99211
23
-0.38296
33
-10.13011
0
3DFACE
8
C2
10
4.82208
20
-0.46217
30
-10.03412
11
4.80021
21
-0.56380
31
-9.92839
12
4.94848
22
-0.58712
32
-9.91943
13
4.97032
23
-0.48526
33
-10.02496
0
3DFACE
8
C2
10
4.80021
20
-0.56380
30
-9.92839
11
4.77822
21
-0.66445
31
-9.82176
12
4.92638
22
-0.68689
32
-9.81201
13
4.94848
23
-0.58712
33
-9.91943
0
3DFACE
8
C2
10
4.77822
20
-0.66445
30
-9.82176
11
4.75581
21
-0.76180
31
-9.71218
12
4.90385
22
-0.78325
32
-9.70154
13
4.92638
23
-0.68689
33
-9.81201
0
3DFACE
8
C2
10
4.75581
20
-0.76180
30
-9.71218
11
4.73327
21
-0.85806
31
-9.60161
12
4.88123
22
-0.87895
32
-9.59048
13
4.90385
23
-0.78325
33
-9.70154
0
3DFACE
8
C2
10
4.73327
20
-0.85806
30
-9.60161
11
4.71037
21
-0.95146
31
-9.48848
12
4.85831
22
-0.97213
32
-9.47715
13
4.88123
23
-0.87895
33
-9.59048
0
3DFACE
8
C2
10
4.71037
20
-0.95146
30
-9.48848
11
4.68736
21
-1.04397
31
-9.37456
12
4.83530
22
-1.06465
32
-9.36323
13
4.85831
23
-0.97213
33
-9.47715
0
3DFACE
8
C2
10
4.68736
20
-1.04397
30
-9.37456
11
4.66433
21
-1.13638
31
-9.26054
12
4.81239
22
-1.15805
32
-9.25010
13
4.83530
23
-1.06465
33
-9.36323
0
3DFACE
8
C2
10
4.66433
20
-1.13638
30
-9.26054
11
4.64171
21
-1.23198
31
-9.14939
12
4.78995
22
-1.25507
32
-9.14023
13
4.81239
23
-1.15805
33
-9.25010
0
3DFACE
8
C2
10
4.64171
20
-1.23198
30
-9.14939
11
4.61900
21
-1.32691
31
-9.03763
12
4.76755
22
-1.35253
32
-9.03074
13
4.78995
23
-1.25507
33
-9.14023
0
3DFACE
8
C2
10
4.61900
20
-1.32691
30
-9.03763
11
4.59610
21
-1.42031
31
-8.92450
12
4.74497
22
-1.44846
32
-8.91988
13
4.76755
23
-1.35253
33
-9.03074
0
3DFACE
8
C2
10
4.59610
20
-1.42031
30
-8.92450
11
4.57300
21
-1.51217
31
-8.80999
12
4.72226
22
-1.54339
32
-8.80813
13
4.74497
23
-1.44846
33
-8.91988
0
3DFACE
8
C2
10
4.57300
20
-1.51217
30
-8.80999
11
4.54961
21
-1.60161
31
-8.69331
12
4.69939
22
-1.63701
32
-8.69519
13
4.72226
23
-1.54339
33
-8.80813
0
3DFACE
8
C2
10
4.54961
20
-1.60161
30
-8.69331
11
4.52695
21
-1.69699
31
-8.58195
12
4.67693
22
-1.73392
32
-8.58522
13
4.69939
23
-1.63701
33
-8.69519
0
3DFACE
8
C2
10
4.52695
20
-1.69699
30
-8.58195
11
4.50456
21
-1.79445
31
-8.47247
12
4.65464
22
-1.83226
32
-8.47652
13
4.67693
23
-1.73392
33
-8.58522
0
3DFACE
8
C2
10
4.50456
20
-1.79445
30
-8.47247
11
4.48156
21
-1.88708
31
-8.35865
12
4.63176
22
-1.92577
32
-8.36349
13
4.65464
23
-1.83226
33
-8.47652
0
3DFACE
8
C2
10
4.48156
20
-1.88708
30
-8.35865
11
4.45832
21
-1.97773
31
-8.24305
12
4.60871
22
-2.01796
32
-8.24927
13
4.63176
23
-1.92577
33
-8.36349
0
3DFACE
8
C2
10
4.45832
20
-1.97773
30
-8.24305
11
4.43402
21
-2.05992
31
-8.11986
12
4.58488
22
-2.10400
32
-8.12954
13
4.60871
23
-2.01796
33
-8.24927
0
3DFACE
8
C2
10
4.43402
20
-2.05992
30
-8.11986
11
4.41138
21
-2.15541
31
-8.00861
12
4.56238
22
-2.20058
32
-8.01927
13
4.58488
23
-2.10400
33
-8.12954
0
3DFACE
8
C2
10
4.41138
20
-2.15541
30
-8.00861
11
4.39031
21
-2.26341
31
-7.90859
12
4.54105
22
-2.30650
32
-7.91737
13
4.56238
23
-2.20058
33
-8.01927
0
3DFACE
8
C2
10
4.39031
20
-2.26341
30
-7.90859
11
4.36938
21
-2.37263
31
-7.80966
12
4.52011
22
-2.41561
32
-7.81834
13
4.54105
23
-2.30650
33
-7.91737
0
3DFACE
8
C2
10
4.36938
20
-2.37263
30
-7.80966
11
4.34802
21
-2.47833
31
-7.70757
12
4.49887
22
-2.52230
32
-7.71714
13
4.52011
23
-2.41561
33
-7.81834
0
3DFACE
8
C2
10
4.34802
20
-2.47833
30
-7.70757
11
4.32637
21
-2.58173
31
-7.60341
12
4.47736
22
-2.62679
32
-7.61397
13
4.49887
23
-2.52230
33
-7.71714
0
3DFACE
8
C2
10
4.32637
20
-2.58173
30
-7.60341
11
4.30499
21
-2.68732
31
-7.50122
12
4.45576
22
-2.73063
32
-7.51021
13
4.47736
23
-2.62679
33
-7.61397
0
3DFACE
8
C2
10
4.30499
20
-2.68732
30
-7.50122
11
4.28519
21
-2.80544
31
-7.41028
12
4.43523
22
-2.84292
32
-7.41403
13
4.45576
23
-2.73063
33
-7.51021
0
3DFACE
8
C2
10
4.28519
20
-2.80544
30
-7.41028
11
4.26410
21
-2.91333
31
-7.31016
12
4.41367
22
-2.94708
32
-7.31056
13
4.43523
23
-2.84292
33
-7.41403
0
3DFACE
8
C2
10
4.26410
20
-2.91333
30
-7.31016
11
4.24151
21
-3.00926
31
-7.19930
12
4.39090
22
-3.04147
32
-7.19832
13
4.41367
23
-2.94708
33
-7.31056
0
3DFACE
8
C2
10
4.24151
20
-3.00926
30
-7.19930
11
4.21808
21
-3.09837
31
-7.08232
12
4.36757
22
-3.13146
32
-7.08213
13
4.39090
23
-3.04147
33
-7.19832
0
3DFACE
8
C2
10
4.21808
20
-3.09837
30
-7.08232
11
4.19606
21
-3.19880
31
-6.97550
12
4.34541
22
-3.23079
32
-6.97433
13
4.36757
23
-3.13146
33
-7.08213
0
3DFACE
8
C2
10
4.19606
20
-3.19880
30
-6.97550
11
4.17544
21
-3.31043
31
-6.87874
12
4.32456
22
-3.34056
32
-6.87589
13
4.34541
23
-3.23079
33
-6.97433
0
3DFACE
8
C2
10
4.17544
20
-3.31043
30
-6.87874
11
4.15526
21
-3.42558
31
-6.78513
12
4.30434
22
-3.45538
32
-6.78198
13
4.32456
23
-3.34056
33
-6.87589
0
3DFACE
8
C2
10
4.15526
20
-3.42558
30
-6.78513
11
4.13469
21
-3.53766
31
-6.68876
12
4.28400
22
-3.56932
32
-6.68729
13
4.30434
23
-3.45538
33
-6.78198
0
3DFACE
8
C2
10
4.13469
20
-3.53766
30
-6.68876
11
4.11393
21
-3.64819
31
-6.59101
12
4.26360
22
-3.68271
32
-6.59210
13
4.28400
23
-3.56932
33
-6.68729
0
3DFACE
8
C2
10
4.11393
20
-3.64819
30
-6.59101
11
4.09481
21
-3.77180
31
-6.50499
12
4.24462
22
-3.80742
32
-6.50707
13
4.26360
23
-3.68271
33
-6.59210
0
3DFACE
8
C2
10
4.09481
20
-3.77180
30
-6.50499
11
4.07666
21
-3.90321
31
-6.42598
12
4.22617
22
-3.93641
32
-6.42589
13
4.24462
23
-3.80742
33
-6.50707
0
3DFACE
8
C2
10
4.07666
20
-3.90321
30
-6.42598
11
4.05664
21
-4.01957
31
-6.33345
12
4.20624
22
-4.05354
32
-6.33405
13
4.22617
23
-3.93641
33
-6.42589
0
3DFACE
8
C2
10
4.05664
20
-4.01957
30
-6.33345
11
4.03346
21
-4.11077
31
-6.21835
12
4.18369
22
-4.14979
32
-6.22349
13
4.20624
23
-4.05354
33
-6.33405
0
3DFACE
8
C2
10
4.03346
20
-4.11077
30
-6.21835
11
4.00706
21
-4.17615
31
-6.08007
12
4.15861
22
-4.22572
32
-6.09468
13
4.18369
23
-4.14979
33
-6.22349
0
3DFACE
8
C2
10
4.00706
20
-4.17615
30
-6.08007
11
3.98244
21
-4.25582
31
-5.95462
12
4.13437
22
-4.30846
32
-5.97198
13
4.15861
23
-4.22572
33
-6.09468
0
3DFACE
8
C2
10
3.98244
20
-4.25582
30
-5.95462
11
3.95801
21
-4.33702
31
-5.83054
12
4.10992
22
-4.38944
32
-5.84771
13
4.13437
23
-4.30846
33
-5.97198
0
3DFACE
8
C2
10
3.95801
20
-4.33702
30
-5.83054
11
3.93231
21
-4.40801
31
-5.69730
12
4.08426
22
-4.46076
32
-5.71476
13
4.10992
23
-4.38944
33
-5.84771
0
3DFACE
8
C2
10
3.93231
20
-4.40801
30
-5.69730
11
3.90544
21
-4.46965
31
-5.55567
12
4.05790
22
-4.52647
32
-5.57678
13
4.08426
23
-4.46076
33
-5.71476
0
3DFACE
8
C2
10
3.90544
20
-4.46965
30
-5.55567
11
3.87782
21
-4.52537
31
-5.40872
12
4.03104
22
-4.58823
32
-5.43525
13
4.05790
23
-4.52647
33
-5.57678
0
3DFACE
8
C2
10
3.87782
20
-4.52537
30
-5.40872
11
3.85245
21
-4.59899
31
-5.27784
12
4.00598
22
-4.66438
32
-5.30664
13
4.03104
23
-4.58823
33
-5.43525
0
3DFACE
8
C2
10
3.85245
20
-4.59899
30
-5.27784
11
3.82996
21
-4.69569
31
-5.16767
12
3.98311
22
-4.75800
32
-5.19371
13
4.00598
23
-4.66438
33
-5.30664
0
3DFACE
8
C2
10
3.82996
20
-4.69569
30
-5.16767
11
3.80575
21
-4.77865
31
-5.04517
12
3.95933
22
-4.84437
32
-5.07426
13
3.98311
23
-4.75800
33
-5.19371
0
ENDSEC
0
EOF
