# C2, mesh coordinates of D:/code_ws/outputs/2026-09-09/gpr_raw_audit\model\registered\C\C2_in_mesh.obj
o C2
v -6.12394 2.15749 -14.96778
v -6.14590 2.05662 -14.86135
v -6.17187 1.98773 -14.72623
v -6.19462 1.89312 -14.61419
v -6.21730 1.79796 -14.50263
v -6.24065 1.70819 -14.38625
v -6.26465 1.62358 -14.26523
v -6.29141 1.56106 -14.12439
v -6.31510 1.47392 -14.00564
v -6.33506 1.35701 -13.91361
v -6.35855 1.26834 -13.79624
v -6.38251 1.18340 -13.67552
v -6.41205 1.14307 -13.51476
v -6.43605 1.05846 -13.39374
v -6.45727 0.95166 -13.29264
v -6.48058 0.86156 -13.17655
v -6.50329 0.76662 -13.06480
v -6.52405 0.65608 -12.96705
v -6.54602 0.55522 -12.86062
v -6.56262 0.41150 -12.79265
v -6.58491 0.31316 -12.68396
v -6.60786 0.22020 -12.57043
v -6.63050 0.12472 -12.45917
v -6.65505 0.04451 -12.33421
v -6.68179 -0.01824 -12.19357
v -6.70726 -0.09110 -12.06200
v -6.73269 -0.16428 -11.93072
v -6.75739 -0.24329 -11.80468
v -6.78214 -0.32185 -11.67823
v -6.80765 -0.39438 -11.54637
v -6.83194 -0.47668 -11.42328
v -6.85580 -0.56238 -11.30325
v -6.87807 -0.66084 -11.19465
v -6.90203 -0.74577 -11.07393
v -6.92702 -0.82247 -10.94581
v -6.95194 -0.89972 -10.81818
v -6.97715 -0.97466 -10.68849
v -7.00107 -1.05993 -10.56806
v -7.02705 -1.12872 -10.43284
v -7.05410 -1.18894 -10.28993
v -7.07905 -1.26597 -10.16211
v -7.10315 -1.34970 -10.04030
v -7.12197 -1.47572 -9.95645
v -7.14463 -1.57110 -9.84510
v -7.16850 -1.65670 -9.72497
v -7.19038 -1.75833 -9.61923
v -7.21252 -1.85777 -9.51152
v -7.23218 -1.97710 -9.42166
v -7.25516 -2.06984 -9.30794
v -7.28316 -2.12248 -9.15822
v -7.30710 -2.20752 -9.03760
v -7.33121 -2.29125 -8.91579
v -7.35651 -2.36554 -8.78550
v -7.38053 -2.44992 -8.66429
v -7.40768 -2.50938 -8.52069
v -7.43197 -2.59168 -8.39760
v -7.45589 -2.67695 -8.27717
v -7.47886 -2.76979 -8.16355
v -7.50258 -2.85660 -8.04450
v -7.52514 -2.95274 -7.93383
v -7.54910 -3.03768 -7.81311
v -7.57295 -3.12350 -7.69317
v -7.59732 -3.20514 -7.56949
v -7.62088 -3.29327 -7.45163
v -7.64452 -3.38073 -7.33317
v -7.66656 -3.48105 -7.22625
v -7.68811 -3.58521 -7.12279
v -7.70627 -3.71651 -7.04367
v -7.72416 -3.85001 -6.96653
v -7.74138 -3.98878 -6.89412
v -7.75932 -4.12183 -6.81658
v -5.98280 2.19120 -14.90764
v -6.00456 2.08868 -14.80270
v -6.02978 2.01385 -14.67290
v -6.05227 1.91716 -14.56273
v -6.07466 1.81969 -14.45325
v -6.09793 1.72926 -14.33745
v -6.12203 1.64542 -14.21574
v -6.14855 1.58092 -14.07668
v -6.17208 1.49258 -13.95901
v -6.19240 1.37852 -13.86442
v -6.21589 1.28985 -13.74705
v -6.24001 1.20623 -13.62514
v -6.26903 1.16172 -13.46813
v -6.29316 1.07821 -13.34613
v -6.31457 0.97284 -13.24374
v -6.33748 0.87955 -13.13051
v -6.35968 0.78055 -13.02241
v -6.37989 0.66562 -12.92860
v -6.40128 0.56014 -12.82632
v -6.41808 0.41796 -12.75697
v -6.43991 0.31600 -12.65153
v -6.46259 0.22084 -12.53997
v -6.48519 0.12503 -12.42901
v -6.50979 0.04525 -12.30365
v -6.53653 -0.01749 -12.16301
v -6.56194 -0.09079 -12.03184
v -6.58719 -0.16540 -11.90184
v -6.61163 -0.24649 -11.77767
v -6.63630 -0.32572 -11.65182
v -6.66186 -0.39791 -11.51966
v -6.68615 -0.48021 -11.39657
v -6.70998 -0.56614 -11.27673
v -6.73233 -0.66393 -11.16755
v -6.75622 -0.74942 -11.04731
v -6.78118 -0.82634 -10.91939
v -6.80595 -0.90480 -10.79285
v -6.83093 -0.98161 -10.66483
v -6.85485 -1.06687 -10.54440
v -6.88048 -1.13841 -10.41165
v -6.90705 -1.20247 -10.27219
v -6.93156 -1.28302 -10.14753
v -6.95513 -1.37103 -10.02956
v -6.97420 -1.49508 -9.94394
v -6.99654 -1.59298 -9.83485
v -7.01999 -1.68199 -9.71778
v -7.04187 -1.78351 -9.61194
v -7.06406 -1.88262 -9.50394
v -7.08423 -1.99788 -9.41043
v -7.10747 -2.08853 -9.29483
v -7.13515 -2.14370 -9.14739
v -7.15958 -2.22490 -9.02331
v -7.18421 -2.30446 -8.89776
v -7.20986 -2.37588 -8.76491
v -7.23437 -2.45643 -8.64024
v -7.26146 -2.51632 -8.49703
v -7.28595 -2.59697 -8.37247
v -7.30988 -2.68213 -8.25194
v -7.33287 -2.77487 -8.13822
v -7.35625 -2.86442 -8.02163
v -7.37855 -2.96265 -7.91284
v -7.40217 -3.05023 -7.79448
v -7.42594 -3.13670 -7.67514
v -7.45042 -3.21747 -7.55067
v -7.47401 -3.30537 -7.43261
v -7.49742 -3.39470 -7.31583
v -7.51934 -3.49590 -7.20970
v -7.54064 -3.60215 -7.10810
v -7.55900 -3.73180 -7.02751
v -7.57701 -3.86431 -6.94948
v -7.59424 -4.00308 -6.87707
v -7.61232 -4.13504 -6.79855
v -5.84009 2.21238 -14.85875
v -5.86180 2.10942 -14.75420
v -5.88618 2.02789 -14.63042
v -5.90859 1.93054 -14.52083
v -5.93090 1.83242 -14.41194
v -5.95408 1.74122 -14.29684
v -5.97810 1.65683 -14.17562
v -6.00438 1.59045 -14.03824
v -6.02775 1.50079 -13.92175
v -6.04869 1.39169 -13.82272
v -6.07203 1.30180 -13.70643
v -6.09602 1.21708 -13.58551
v -6.12465 1.16950 -13.43127
v -6.14866 1.08500 -13.31015
v -6.16998 0.97897 -13.20836
v -6.19284 0.88524 -13.09552
v -6.21505 0.78635 -12.98732
v -6.23504 0.66966 -12.89509
v -6.25658 0.56539 -12.79172
v -6.27384 0.42684 -12.71911
v -6.29594 0.32707 -12.61170
v -6.31881 0.23345 -12.49877
v -6.34122 0.13610 -12.38919
v -6.36578 0.05600 -12.26412
v -6.39268 -0.00543 -12.12230
v -6.41788 -0.08048 -11.99270
v -6.44291 -0.15685 -11.86429
v -6.46682 -0.24212 -11.74386
v -6.49140 -0.32211 -11.61870
v -6.51712 -0.39299 -11.48536
v -6.54131 -0.47606 -11.36296
v -6.56508 -0.56254 -11.24361
v -6.58743 -0.66033 -11.13443
v -6.61120 -0.74681 -11.01508
v -6.63627 -0.82285 -10.88637
v -6.66075 -0.90361 -10.76190
v -6.68539 -0.98306 -10.63625
v -6.70920 -1.06920 -10.51661
v -6.73442 -1.14403 -10.38682
v -6.76057 -1.21150 -10.25041
v -6.78471 -1.29501 -10.12841
v -6.80792 -1.38589 -10.01301
v -6.82732 -1.50730 -9.92502
v -6.84956 -1.60597 -9.81662
v -6.87285 -1.69629 -9.70073
v -6.89491 -1.79639 -9.59361
v -6.91719 -1.89473 -9.48492
v -6.93766 -2.00757 -9.38924
v -6.96108 -2.09679 -9.27236
v -6.98839 -2.15493 -9.12758
v -7.01304 -2.23437 -9.00193
v -7.03780 -2.31294 -8.87548
v -7.06361 -2.38305 -8.74145
v -7.08828 -2.46227 -8.61560
v -7.11524 -2.52326 -8.47338
v -7.13965 -2.60457 -8.34940
v -7.16344 -2.69083 -8.22986
v -7.18643 -2.78357 -8.11614
v -7.20953 -2.87532 -8.00153
v -7.23154 -2.97586 -7.89481
v -7.25487 -3.06585 -7.77862
v -7.27839 -3.15430 -7.66105
v -7.30256 -3.23748 -7.53875
v -7.32602 -3.32649 -7.42168
v -7.34914 -3.41813 -7.30697
v -7.37098 -3.51998 -7.20143
v -7.39216 -3.62711 -7.10062
v -7.41084 -3.75424 -7.01776
v -7.42921 -3.88389 -6.93717
v -7.44692 -4.01881 -6.86131
v -7.46535 -4.14791 -6.78022
v -5.69975 2.25245 -14.79290
v -5.72131 2.14829 -14.68943
v -5.74498 2.06105 -14.57077
v -5.76719 1.96216 -14.46257
v -5.78916 1.86129 -14.35615
v -5.81220 1.76899 -14.24203
v -5.83635 1.68559 -14.11992
v -5.86231 1.61669 -13.98481
v -5.88552 1.52571 -13.86951
v -5.90682 1.41957 -13.76781
v -5.93005 1.32881 -13.65231
v -5.95416 1.24508 -13.53051
v -5.98222 1.19288 -13.38040
v -6.00622 1.10827 -13.25938
v -6.02765 1.00312 -13.15680
v -6.05003 0.90554 -13.04741
v -6.07168 0.80215 -12.94326
v -6.09111 0.68107 -12.85497
v -6.11213 0.57262 -12.75535
v -6.12966 0.43627 -12.68077
v -6.15137 0.33331 -12.57622
v -6.17399 0.23772 -12.46506
v -6.19634 0.13992 -12.35587
v -6.22095 0.06015 -12.23051
v -6.24785 -0.00128 -12.08869
v -6.27292 -0.07732 -11.95998
v -6.29769 -0.15578 -11.83344
v -6.32129 -0.24357 -11.71528
v -6.34572 -0.32477 -11.59120
v -6.37143 -0.39565 -11.45786
v -6.39564 -0.47861 -11.33536
v -6.41941 -0.56509 -11.21602
v -6.44196 -0.66123 -11.10535
v -6.46577 -0.74738 -10.98571
v -6.49088 -0.82309 -10.85670
v -6.51524 -0.90484 -10.73312
v -6.53964 -0.98626 -10.60924
v -6.56339 -1.07285 -10.49000
v -6.58818 -1.15120 -10.36336
v -6.61373 -1.22339 -10.23120
v -6.63744 -1.31031 -10.11225
v -6.66020 -1.40480 -10.00010
v -6.68004 -1.52270 -9.90896
v -6.70213 -1.62258 -9.80165
v -6.72511 -1.71532 -9.68792
v -6.74723 -1.81498 -9.58041
v -6.76953 -1.91321 -9.47162
v -6.79038 -2.02297 -9.37318
v -6.81391 -2.11132 -9.25551
v -6.84070 -2.17363 -9.11448
v -6.86568 -2.25043 -8.98646
v -6.89086 -2.32559 -8.85696
v -6.91698 -2.39329 -8.72075
v -6.94213 -2.46867 -8.59145
v -6.96900 -2.53031 -8.44983
v -6.99359 -2.61020 -8.32457
v -7.01743 -2.69613 -8.20473
v -7.04047 -2.78843 -8.09061
v -7.06323 -2.88292 -7.97847
v -7.08496 -2.98566 -7.87372
v -7.10794 -3.07840 -7.76000
v -7.13139 -3.16740 -7.64292
v -7.15568 -3.24970 -7.51983
v -7.17912 -3.33881 -7.40285
v -7.20197 -3.43265 -7.29012
v -7.22364 -3.53582 -7.18576
v -7.24455 -3.64515 -7.08693
v -7.26348 -3.77030 -7.00229
v -7.28197 -3.89896 -6.92081
v -7.29971 -4.03367 -6.84475
v -7.31831 -4.16145 -6.76248
v -5.55995 2.29682 -14.72320
v -5.58142 2.19199 -14.62032
v -5.60446 2.09969 -14.50620
v -5.62652 1.99960 -14.39908
v -5.64814 1.89598 -14.29512
v -5.67103 1.80247 -14.18209
v -5.69543 1.72105 -14.05821
v -5.72119 1.65050 -13.92457
v -5.74438 1.55941 -13.80937
v -5.76623 1.45767 -13.70373
v -5.78953 1.36746 -13.58774
v -5.81395 1.28614 -13.46376
v -5.84133 1.22856 -13.31849
v -5.86534 1.14406 -13.19737
v -5.88682 1.03935 -13.09440
v -5.90854 0.93650 -12.98974
v -5.92931 0.82608 -12.89190
v -5.94798 0.69884 -12.80913
v -5.96810 0.58314 -12.71602
v -5.98575 0.44778 -12.64055
v -6.00674 0.33911 -12.54113
v -6.02890 0.23978 -12.43332
v -6.05114 0.14111 -12.32492
v -6.07570 0.06101 -12.19986
v -6.10235 -0.00240 -12.05981
v -6.12726 -0.07976 -11.93228
v -6.15185 -0.15964 -11.80702
v -6.17526 -0.24898 -11.69024
v -6.19958 -0.33106 -11.56696
v -6.22513 -0.40325 -11.43480
v -6.24931 -0.48643 -11.31249
v -6.27318 -0.57203 -11.19236
v -6.29613 -0.66510 -11.07893
v -6.32002 -0.75059 -10.95870
v -6.34509 -0.82663 -10.82999
v -6.36935 -0.90915 -10.70710
v -6.39355 -0.99211 -10.58460
v -6.41735 -1.07836 -10.46506
v -6.44169 -1.16023 -10.34158
v -6.46649 -1.23846 -10.21484
v -6.48973 -1.32911 -10.09924
v -6.51206 -1.42713 -9.99025
v -6.53239 -1.54107 -9.89556
v -6.55424 -1.64281 -9.78992
v -6.57677 -1.73918 -9.67945
v -6.59888 -1.83895 -9.57204
v -6.62116 -1.93729 -9.46335
v -6.64254 -2.04288 -9.36116
v -6.66619 -2.13024 -9.24261
v -6.69241 -2.19716 -9.10571
v -6.71781 -2.27056 -8.97464
v -6.74355 -2.34122 -8.84109
v -6.77012 -2.40528 -8.70164
v -6.79589 -2.47572 -8.56790
v -6.82267 -2.53814 -8.42696
v -6.84751 -2.61604 -8.29993
v -6.87145 -2.70109 -8.17930
v -6.89457 -2.79273 -8.06459
v -6.91702 -2.88975 -7.95472
v -6.93849 -2.99458 -7.85184
v -6.96110 -3.09028 -7.74078
v -6.98454 -3.17939 -7.62380
v -7.00893 -3.26093 -7.50002
v -7.03238 -3.34993 -7.38295
v -7.05495 -3.44596 -7.27218
v -7.07645 -3.55057 -7.16911
v -7.09707 -3.66220 -7.07234
v -7.11616 -3.78603 -6.98652
v -7.13468 -3.91447 -6.90485
v -7.15240 -4.04929 -6.82889
v -7.17103 -4.17685 -6.74642
v -5.41704 2.31635 -14.67578
v -5.43873 2.21328 -14.57132
v -5.46185 2.12164 -14.45662
v -5.48413 2.02330 -14.34792
v -5.50581 1.92013 -14.24357
v -5.52864 1.82618 -14.13093
v -5.55319 1.74597 -14.00596
v -5.57902 1.67597 -13.87183
v -5.60239 1.58631 -13.75535
v -5.62455 1.48698 -13.64754
v -5.64793 1.39742 -13.53096
v -5.67241 1.31666 -13.40649
v -5.69934 1.25545 -13.26447
v -5.72302 1.16832 -13.14571
v -5.74424 1.06152 -13.04461
v -5.76558 0.95560 -12.94272
v -5.78588 0.84143 -12.84823
v -5.80410 0.71057 -12.76872
v -5.82395 0.59279 -12.67748
v -5.84183 0.45929 -12.60033
v -5.86271 0.34975 -12.50170
v -5.88479 0.24976 -12.39448
v -5.90681 0.14933 -12.28766
v -5.93116 0.06747 -12.16418
v -5.95763 0.00263 -12.02541
v -5.98229 -0.07670 -11.89966
v -6.00663 -0.15857 -11.77617
v -6.02981 -0.24977 -11.66107
v -6.05385 -0.33405 -11.53975
v -6.07922 -0.40767 -11.40887
v -6.10335 -0.49129 -11.28697
v -6.12726 -0.57656 -11.16654
v -6.15058 -0.66666 -11.05045
v -6.17459 -0.75116 -10.92933
v -6.19970 -0.82687 -10.80033
v -6.22396 -0.90939 -10.67743
v -6.24816 -0.99246 -10.55503
v -6.27194 -1.07883 -10.43559
v -6.29602 -1.16278 -10.31398
v -6.32027 -1.24541 -10.19119
v -6.34325 -1.33815 -10.07746
v -6.36556 -1.43627 -9.96857
v -6.38629 -1.54702 -9.87102
v -6.40815 -1.64877 -9.76538
v -6.43053 -1.74634 -9.65600
v -6.45259 -1.84644 -9.54888
v -6.47490 -1.94456 -9.43999
v -6.49647 -2.04861 -9.33642
v -6.52005 -2.13652 -9.21836
v -6.54584 -2.20685 -9.08452
v -6.57121 -2.28047 -8.95364
v -6.59711 -2.34992 -8.81902
v -6.62391 -2.41212 -8.67788
v -6.64984 -2.48134 -8.54306
v -6.67643 -2.54519 -8.40341
v -6.70120 -2.62365 -8.27687
v -6.72516 -2.70858 -8.15614
v -6.74846 -2.79880 -8.04015
v -6.77084 -2.89637 -7.93077
v -6.79213 -3.00262 -7.82917
v -6.81458 -3.09964 -7.71929
v -6.83803 -3.18864 -7.60222
v -6.86250 -3.26952 -7.47785
v -6.88587 -3.35918 -7.36136
v -6.90811 -3.45785 -7.25296
v -6.92951 -3.56322 -7.15058
v -6.95012 -3.67497 -7.05392
v -6.96935 -3.79770 -6.96711
v -6.98793 -3.92559 -6.88494
v -7.00564 -4.06051 -6.80908
v -7.02434 -4.18753 -6.72612
v -5.27392 2.33423 -14.62984
v -5.29571 2.23194 -14.52470
v -5.31899 2.14162 -14.40880
v -5.34126 2.04317 -14.30021
v -5.36280 1.93889 -14.19684
v -5.38551 1.84396 -14.08509
v -5.41002 1.76341 -13.96042
v -5.43599 1.69451 -13.82530
v -5.45935 1.60485 -13.70882
v -5.48132 1.50398 -13.60239
v -5.50461 1.41366 -13.48650
v -5.52903 1.33246 -13.36242
v -5.55570 1.26916 -13.22228
v -5.57913 1.18005 -13.10530
v -5.59999 1.07028 -13.00686
v -5.62114 0.96293 -12.90625
v -5.64147 0.84899 -12.81156
v -5.65969 0.71813 -12.73205
v -5.67983 0.60265 -12.63874
v -5.69824 0.47333 -12.55785
v -5.71945 0.36642 -12.45684
v -5.74169 0.26775 -12.34844
v -5.76365 0.16688 -12.24202
v -5.78789 0.08414 -12.11932
v -5.81435 0.01920 -11.98065
v -5.83875 -0.06222 -11.85678
v -5.86270 -0.14716 -11.73605
v -5.88529 -0.24309 -11.62519
v -5.90895 -0.33044 -11.50663
v -5.93417 -0.40527 -11.37684
v -5.95818 -0.48977 -11.25572
v -5.98206 -0.57537 -11.13559
v -6.00544 -0.66492 -11.01901
v -6.02959 -0.74832 -10.89690
v -6.05499 -0.82173 -10.76583
v -6.07939 -0.90315 -10.64195
v -6.10363 -0.98589 -10.51925
v -6.12719 -1.07401 -10.40139
v -6.15116 -1.15884 -10.28057
v -6.17531 -1.24224 -10.15846
v -6.19832 -1.33476 -10.04454
v -6.22073 -1.43211 -9.93496
v -6.24168 -1.54111 -9.83583
v -6.26363 -1.64209 -9.72950
v -6.28631 -1.73724 -9.61795
v -6.30845 -1.83668 -9.51024
v -6.33064 -1.93579 -9.40224
v -6.35199 -2.04161 -9.30025
v -6.37538 -2.13105 -9.18357
v -6.40084 -2.20401 -9.05209
v -6.42602 -2.27917 -8.92260
v -6.45170 -2.35038 -8.78955
v -6.47834 -2.41389 -8.64960
v -6.50410 -2.48444 -8.51596
v -6.53050 -2.54982 -8.37768
v -6.55504 -2.63015 -8.25282
v -6.57893 -2.71564 -8.13259
v -6.60235 -2.80486 -8.01571
v -6.62471 -2.90254 -7.90642
v -6.64590 -3.00967 -7.80562
v -6.66830 -3.10702 -7.69603
v -6.69177 -3.19592 -7.57886
v -6.71634 -3.27591 -7.45370
v -6.73964 -3.36612 -7.33771
v -6.76164 -3.46677 -7.23109
v -6.78297 -3.57269 -7.12920
v -6.80363 -3.68400 -7.03214
v -6.82296 -3.80596 -6.94464
v -6.84163 -3.93319 -6.86188
v -6.85931 -4.06834 -6.78621
v -6.87803 -4.19513 -6.70306
v -5.12859 2.33443 -14.59978
v -5.15064 2.23422 -14.49276
v -5.17401 2.14456 -14.37628
v -5.19643 2.04732 -14.26660
v -5.21813 1.94436 -14.16204
v -5.24087 1.84965 -14.05010
v -5.26517 1.76746 -13.92691
v -5.29130 1.69987 -13.79060
v -5.31479 1.61120 -13.67323
v -5.33699 1.51220 -13.56513
v -5.36032 1.42221 -13.44894
v -5.38469 1.34057 -13.32526
v -5.41111 1.27529 -13.18689
v -5.43446 1.18552 -13.07050
v -5.45500 1.07323 -12.97433
v -5.47625 0.96665 -12.87303
v -5.49697 0.85578 -12.77558
v -5.51532 0.72602 -12.69508
v -5.53608 0.61549 -12.59733
v -5.55522 0.49199 -12.51122
v -5.57699 0.38958 -12.40617
v -5.59955 0.29344 -12.29551
v -5.62138 0.19147 -12.19007
v -5.64539 0.10697 -12.06895
v -5.67190 0.04247 -11.92989
v -5.69592 -0.04203 -11.80877
v -5.71942 -0.13060 -11.69130
v -5.74132 -0.23201 -11.58536
v -5.76458 -0.32255 -11.46967
v -5.78961 -0.39892 -11.34125
v -5.81335 -0.48562 -11.22211
v -5.83721 -0.57133 -11.10208
v -5.86062 -0.66066 -10.98530
v -5.88488 -0.74318 -10.86240
v -5.91065 -0.81362 -10.72866
v -5.93524 -0.89350 -10.60341
v -5.95967 -0.97471 -10.47933
v -5.98280 -1.06624 -10.36452
v -6.00671 -1.15161 -10.24419
v -6.03093 -1.23446 -10.12160
v -6.05409 -1.32577 -10.00659
v -6.07662 -1.42214 -9.89612
v -6.09757 -1.53114 -9.79699
v -6.11961 -1.63145 -9.69007
v -6.14282 -1.72233 -9.57467
v -6.16501 -1.82144 -9.46667
v -6.18718 -1.92066 -9.35876
v -6.20812 -2.02976 -9.25973
v -6.23143 -2.11986 -9.14364
v -6.25676 -2.19382 -9.01306
v -6.28164 -2.27139 -8.88573
v -6.30691 -2.34590 -8.75564
v -6.33298 -2.41392 -8.61973
v -6.35819 -2.48886 -8.49004
v -6.38442 -2.55567 -8.35304
v -6.40848 -2.63973 -8.23153
v -6.43207 -2.72763 -8.11347
v -6.45536 -2.81795 -7.99758
v -6.47783 -2.91476 -7.88750
v -6.49922 -3.02024 -7.78522
v -6.52170 -3.11704 -7.67514
v -6.54509 -3.20649 -7.55846
v -6.56953 -3.28758 -7.43429
v -6.59282 -3.37790 -7.31839
v -6.61491 -3.47778 -7.21108
v -6.63632 -3.58304 -7.10860
v -6.65726 -3.69215 -7.00957
v -6.67668 -3.81334 -6.92138
v -6.69552 -3.93926 -6.83744
v -6.71342 -4.07264 -6.76019
v -6.73221 -4.19889 -6.67654
v -4.98574 2.35440 -14.55197
v -5.00787 2.25485 -14.44436
v -5.03144 2.16684 -14.32640
v -5.05399 2.07059 -14.21583
v -5.07579 1.96840 -14.11059
v -5.09863 1.87456 -13.99785
v -5.12292 1.79226 -13.87476
v -5.14901 1.72435 -13.73875
v -5.17264 1.63678 -13.62039
v -5.19485 1.53789 -13.51219
v -5.21814 1.44756 -13.39630
v -5.24229 1.36416 -13.27420
v -5.26812 1.29417 -13.14006
v -5.29118 1.20209 -13.02575
v -5.31156 1.08848 -12.93076
v -5.33259 0.98014 -12.83104
v -5.35306 0.86730 -12.73536
v -5.37129 0.73655 -12.65575
v -5.39200 0.62568 -12.55830
v -5.41152 0.50526 -12.46942
v -5.43330 0.40285 -12.36438
v -5.45574 0.30583 -12.25450
v -5.47744 0.20276 -12.15005
v -5.50122 0.11640 -12.03060
v -5.52743 0.04948 -11.89371
v -5.55115 -0.03733 -11.77466
v -5.57431 -0.12864 -11.65966
v -5.59590 -0.23258 -11.55599
v -5.61881 -0.32587 -11.44276
v -5.64347 -0.40521 -11.31701
v -5.66707 -0.49300 -11.19885
v -5.69098 -0.57838 -11.07852
v -5.71470 -0.66519 -10.95947
v -5.73921 -0.74573 -10.83481
v -5.76519 -0.81452 -10.69959
v -5.78993 -0.89319 -10.57324
v -5.81437 -0.97429 -10.44907
v -5.83727 -1.06769 -10.33594
v -5.86095 -1.15482 -10.21719
v -5.88489 -1.23998 -10.09666
v -5.90798 -1.33184 -9.98215
v -5.93058 -1.42765 -9.87119
v -5.95176 -1.53478 -9.77038
v -5.97391 -1.63422 -9.66267
v -5.99740 -1.72290 -9.54530
v -6.01969 -1.82113 -9.43651
v -6.04192 -1.91991 -9.32821
v -6.06291 -2.02858 -9.22878
v -6.08616 -2.11923 -9.11319
v -6.11132 -2.19450 -8.98379
v -6.13618 -2.27230 -8.85665
v -6.16143 -2.34691 -8.72666
v -6.18749 -2.41504 -8.59085
v -6.21265 -2.49031 -8.46145
v -6.23866 -2.55888 -8.32604
v -6.26258 -2.64415 -8.20561
v -6.28617 -2.73205 -8.08755
v -6.30960 -2.82116 -7.97057
v -6.33217 -2.91720 -7.85981
v -6.35354 -3.02290 -7.75772
v -6.37593 -3.12036 -7.64823
v -6.39941 -3.20914 -7.53096
v -6.42385 -3.29024 -7.40679
v -6.44712 -3.38067 -7.29099
v -6.46902 -3.48209 -7.18506
v -6.49029 -3.58845 -7.08356
v -6.51129 -3.69711 -6.98414
v -6.53071 -3.81831 -6.89595
v -6.54948 -3.94477 -6.81250
v -6.56733 -4.07849 -6.73556
v -6.58600 -4.20572 -6.65279
v -4.84551 2.39536 -14.48533
v -4.86773 2.29658 -14.37703
v -4.89157 2.21065 -14.25719
v -4.91418 2.11495 -14.14613
v -4.93598 2.01276 -14.04089
v -4.95891 1.91958 -13.92756
v -4.98334 1.83838 -13.80348
v -5.00915 1.76827 -13.66945
v -5.03281 1.68092 -13.55089
v -5.05486 1.58071 -13.44387
v -5.07814 1.49039 -13.32798
v -5.10231 1.40710 -13.20578
v -5.12717 1.32941 -13.07855
v -5.15011 1.23634 -12.96512
v -5.17047 1.12262 -12.87023
v -5.19080 1.00868 -12.77554
v -5.21037 0.88859 -12.68637
v -5.22810 0.75388 -12.61031
v -5.24783 0.63511 -12.51995
v -5.26729 0.51424 -12.43147
v -5.28815 0.40448 -12.33303
v -5.30993 0.30218 -12.22789
v -5.33165 0.19934 -12.12324
v -5.35524 0.11143 -12.00517
v -5.38081 0.03935 -11.87292
v -5.40437 -0.04878 -11.75505
v -5.42732 -0.14173 -11.64153
v -5.44899 -0.24502 -11.53727
v -5.47167 -0.34017 -11.42571
v -5.49579 -0.42379 -11.30381
v -5.51941 -0.51148 -11.18555
v -5.54349 -0.59543 -11.06394
v -5.56772 -0.67817 -10.94124
v -5.59255 -0.75619 -10.81431
v -5.61847 -0.82542 -10.67948
v -5.64338 -0.90277 -10.55196
v -5.66786 -0.98354 -10.42749
v -5.69065 -1.07781 -10.31514
v -5.71411 -1.16671 -10.19797
v -5.73750 -1.25626 -10.08139
v -5.76036 -1.34999 -9.96855
v -5.78286 -1.44657 -9.85828
v -5.80430 -1.55161 -9.75560
v -5.82646 -1.65094 -9.64779
v -5.84994 -1.73973 -9.53052
v -5.87229 -1.83752 -9.42133
v -5.89465 -1.93520 -9.31205
v -5.91613 -2.04002 -9.20917
v -5.93948 -2.12980 -9.09279
v -5.96451 -2.20616 -8.96437
v -5.98961 -2.28198 -8.83546
v -6.01526 -2.35341 -8.70261
v -6.04155 -2.41967 -8.56513
v -6.06700 -2.49275 -8.43376
v -6.09274 -2.56340 -8.30021
v -6.11674 -2.64801 -8.17919
v -6.14054 -2.73427 -8.05965
v -6.16416 -2.82184 -7.94130
v -6.18668 -2.91832 -7.83093
v -6.20790 -3.02512 -7.72982
v -6.23010 -3.12412 -7.62172
v -6.25384 -3.21081 -7.50258
v -6.27876 -3.28806 -7.37495
v -6.30213 -3.37772 -7.25847
v -6.32381 -3.48090 -7.15411
v -6.34491 -3.58869 -7.05390
v -6.36582 -3.69802 -6.95506
v -6.38526 -3.81910 -6.86678
v -6.40373 -3.94787 -6.78540
v -6.42108 -4.08565 -6.71210
v -6.43942 -4.21552 -6.63170
v -4.70397 2.42588 -14.42805
v -4.72655 2.32995 -14.31719
v -4.75058 2.24557 -14.19597
v -4.77352 2.15250 -14.08254
v -4.79574 2.05361 -13.97434
v -4.81876 1.96120 -13.86032
v -4.84305 1.87890 -13.73723
v -4.86849 1.80582 -13.60586
v -4.89205 1.71770 -13.48800
v -4.91416 1.61793 -13.38058
v -4.93732 1.52662 -13.26558
v -4.96113 1.44047 -13.14594
v -4.98518 1.35630 -13.02453
v -5.00774 1.26016 -12.91386
v -5.02795 1.14523 -12.82005
v -5.04798 1.02887 -12.72753
v -5.06719 0.90603 -12.64082
v -5.08472 0.76968 -12.56624
v -5.10406 0.64783 -12.47865
v -5.12354 0.52708 -12.39007
v -5.14410 0.41489 -12.29380
v -5.16557 0.31007 -12.19092
v -5.18713 0.20602 -12.08736
v -5.21037 0.11526 -11.97186
v -5.23541 0.03900 -11.84335
v -5.25872 -0.05111 -11.72726
v -5.28150 -0.14549 -11.61501
v -5.30312 -0.24911 -11.51105
v -5.32560 -0.34591 -11.40098
v -5.34936 -0.43239 -11.28163
v -5.37287 -0.52095 -11.16416
v -5.39703 -0.60424 -11.04196
v -5.42153 -0.68489 -10.91739
v -5.44644 -0.76225 -10.78986
v -5.47224 -0.83247 -10.65593
v -5.49710 -0.91016 -10.52870
v -5.52144 -0.99202 -10.40521
v -5.54406 -1.08772 -10.29415
v -5.56715 -1.17958 -10.17964
v -5.59006 -1.27287 -10.06641
v -5.61269 -1.36847 -9.95525
v -5.63511 -1.46571 -9.84557
v -5.65675 -1.56921 -9.74151
v -5.67902 -1.66766 -9.63292
v -5.70262 -1.75546 -9.51476
v -5.72524 -1.85105 -9.40360
v -5.74795 -1.94599 -9.29185
v -5.76996 -2.04653 -9.18512
v -5.79357 -2.13421 -9.06686
v -5.81858 -2.21080 -8.93865
v -5.84376 -2.28596 -8.80915
v -5.86952 -2.35651 -8.67551
v -5.89588 -2.42222 -8.53753
v -5.92124 -2.49595 -8.40675
v -5.94656 -2.57002 -8.27626
v -5.97035 -2.65627 -8.15672
v -5.99413 -2.74264 -8.03728
v -6.01797 -2.82857 -7.91745
v -6.04039 -2.92581 -7.80777
v -6.06134 -3.03481 -7.70864
v -6.08329 -3.13578 -7.60231
v -6.10704 -3.22237 -7.48306
v -6.13205 -3.29896 -7.35485
v -6.15536 -3.38906 -7.23876
v -6.17672 -3.49476 -7.13667
v -6.19775 -3.60310 -7.03695
v -6.21883 -3.71111 -6.93693
v -6.23839 -3.83120 -6.84776
v -6.25683 -3.96030 -6.76667
v -6.27404 -4.09918 -6.69436
v -6.29225 -4.23004 -6.61485
v -4.56278 2.45914 -14.36831
v -4.58579 2.36663 -14.25439
v -4.60991 2.28301 -14.13248
v -4.63324 2.19301 -14.01629
v -4.65603 2.09874 -13.90395
v -4.67918 2.00732 -13.78904
v -4.70312 1.92227 -13.66842
v -4.72793 1.84414 -13.54158
v -4.75115 1.75327 -13.42618
v -4.77324 1.65339 -13.31887
v -4.79602 1.55901 -13.20663
v -4.81920 1.46792 -13.09142
v -4.84238 1.37672 -12.97632
v -4.86455 1.27750 -12.86842
v -4.88477 1.16268 -12.77451
v -4.90479 1.04621 -12.68209
v -4.92408 0.92392 -12.59489
v -4.94166 0.78800 -12.51991
v -4.96104 0.66648 -12.43202
v -4.98084 0.54826 -12.34118
v -5.00142 0.43629 -12.24471
v -5.02275 0.33037 -12.14282
v -5.04399 0.22368 -12.04162
v -5.06691 0.13039 -11.92839
v -5.09166 0.05183 -11.80194
v -5.11474 -0.04014 -11.68753
v -5.13726 -0.13662 -11.57716
v -5.15867 -0.24188 -11.47468
v -5.18091 -0.34055 -11.36628
v -5.20456 -0.42801 -11.24782
v -5.22793 -0.51768 -11.13134
v -5.25195 -0.60206 -11.01012
v -5.27635 -0.68349 -10.88624
v -5.30113 -0.76183 -10.75961
v -5.32673 -0.83370 -10.62715
v -5.35142 -0.91282 -10.50120
v -5.37554 -0.99644 -10.37929
v -5.39781 -1.09489 -10.27070
v -5.42050 -1.18993 -10.15904
v -5.44303 -1.28630 -10.04857
v -5.46540 -1.38398 -9.93929
v -5.48767 -1.48243 -9.83069
v -5.50945 -1.58472 -9.72555
v -5.53190 -1.68175 -9.61567
v -5.55580 -1.76713 -9.49534
v -5.57883 -1.85953 -9.38132
v -5.60195 -1.95117 -9.26661
v -5.62442 -2.04798 -9.15654
v -5.64833 -2.13335 -9.03621
v -5.67326 -2.21049 -8.90849
v -5.69839 -2.28609 -8.77938
v -5.72401 -2.35774 -8.64673
v -5.75028 -2.42422 -8.50944
v -5.77536 -2.50015 -8.38063
v -5.80022 -2.57795 -8.25350
v -5.82369 -2.66673 -8.13623
v -5.84731 -2.75442 -8.01797
v -5.87136 -2.83859 -7.89655
v -5.89359 -2.93737 -7.78825
v -5.91410 -3.04988 -7.69228
v -5.93575 -3.15327 -7.58812
v -5.95934 -3.24118 -7.47006
v -5.98436 -3.31766 -7.34174
v -6.00759 -3.40842 -7.22625
v -6.02851 -3.51764 -7.12731
v -6.04955 -3.62586 -7.02749
v -6.07085 -3.73212 -6.92590
v -6.09071 -3.84979 -6.83456
v -6.10939 -3.97692 -6.75170
v -6.12666 -4.11536 -6.67899
v -6.14499 -4.24534 -6.59869
v -4.42384 2.51043 -14.29240
v -4.44694 2.41868 -14.17779
v -4.47089 2.33363 -14.05716
v -4.49423 2.24375 -13.94087
v -4.51724 2.15123 -13.82695
v -4.54043 2.06014 -13.71175
v -4.56396 1.97179 -13.59409
v -4.58809 1.88817 -13.47218
v -4.61089 1.79401 -13.35974
v -4.63275 1.69226 -13.25410
v -4.65510 1.59447 -13.14491
v -4.67753 1.49734 -13.03513
v -4.69980 1.39888 -12.92654
v -4.72149 1.29582 -12.82208
v -4.74169 1.18078 -12.72838
v -4.76185 1.06552 -12.63487
v -4.78140 0.94532 -12.54579
v -4.79908 0.81017 -12.47013
v -4.81878 0.69118 -12.37997
v -4.83900 0.57636 -12.28607
v -4.85973 0.46560 -12.18852
v -4.88100 0.35913 -12.08712
v -4.90170 0.24816 -11.98976
v -4.92428 0.15223 -11.87890
v -4.94889 0.07246 -11.75354
v -4.97165 -0.02204 -11.64140
v -4.99393 -0.12038 -11.53270
v -5.01508 -0.22784 -11.43219
v -5.03715 -0.32783 -11.32498
v -5.06088 -0.41463 -11.20593
v -5.08398 -0.50638 -11.09132
v -5.10772 -0.59308 -10.97217
v -5.13179 -0.67714 -10.85066
v -5.15622 -0.75834 -10.72658
v -5.18151 -0.83262 -10.59630
v -5.20584 -0.91459 -10.47291
v -5.22952 -1.00173 -10.35416
v -5.25143 -1.10304 -10.24813
v -5.27369 -1.20160 -10.13963
v -5.29585 -1.30093 -10.03182
v -5.31792 -1.40092 -9.92461
v -5.34006 -1.50047 -9.81700
v -5.36205 -1.60112 -9.71037
v -5.38470 -1.69649 -9.59902
v -5.40894 -1.77923 -9.47632
v -5.43243 -1.86790 -9.35895
v -5.45607 -1.95537 -9.24050
v -5.47918 -2.04712 -9.12589
v -5.50337 -2.13019 -9.00349
v -5.52818 -2.20832 -8.87665
v -5.55314 -2.28524 -8.74873
v -5.57832 -2.36040 -8.61923
v -5.60401 -2.43149 -8.48608
v -5.62858 -2.51160 -8.36102
v -5.65283 -2.59423 -8.23823
v -5.67574 -2.68752 -8.12500
v -5.69875 -2.78004 -8.01108
v -5.72217 -2.86926 -7.89420
v -5.74399 -2.97133 -7.78886
v -5.76427 -3.08572 -7.69456
v -5.78553 -3.19219 -7.59316
v -5.80854 -3.28470 -7.47924
v -5.83305 -3.36525 -7.35457
v -5.85629 -3.45590 -7.23898
v -5.87755 -3.56248 -7.13768
v -5.89898 -3.66763 -7.03509
v -5.92075 -3.77004 -6.93005
v -5.94132 -3.88211 -6.83368
v -5.96081 -4.00275 -6.74500
v -5.97898 -4.13394 -6.66579
v -5.99789 -4.25931 -6.58135
v -4.28310 2.54732 -14.22940
v -4.30655 2.45831 -14.11233
v -4.33034 2.37206 -13.99279
v -4.35398 2.28459 -13.87433
v -4.37749 2.19603 -13.75686
v -4.40076 2.10560 -13.64107
v -4.42390 2.01407 -13.52626
v -4.44728 1.92451 -13.40968
v -4.46981 1.82815 -13.29921
v -4.49191 1.72838 -13.19179
v -4.51396 1.62817 -13.08478
v -4.53577 1.52610 -12.97943
v -4.55722 1.42105 -12.87676
v -4.57843 1.31414 -12.77575
v -4.59868 1.19954 -12.68165
v -4.61880 1.08396 -12.58844
v -4.63832 0.96353 -12.49956
v -4.65606 0.82883 -12.42350
v -4.67577 0.70994 -12.33325
v -4.69608 0.59578 -12.23875
v -4.71666 0.48382 -12.14228
v -4.73756 0.37449 -12.04345
v -4.75778 0.25967 -11.94954
v -4.77997 0.16056 -11.84154
v -4.80418 0.07760 -11.71904
v -4.82678 -0.01821 -11.60808
v -4.84900 -0.11699 -11.49978
v -4.87034 -0.22292 -11.39789
v -4.89252 -0.32203 -11.28989
v -4.91639 -0.40773 -11.16985
v -4.93953 -0.49915 -11.05495
v -4.96315 -0.58684 -10.93669
v -4.98703 -0.67244 -10.81656
v -5.01115 -0.75606 -10.69465
v -5.03603 -0.83363 -10.56732
v -5.05996 -0.91879 -10.44679
v -5.08323 -1.00922 -10.33100
v -5.10495 -1.11207 -10.22635
v -5.12684 -1.21360 -10.12051
v -5.14864 -1.31578 -10.01527
v -5.17048 -1.41764 -9.90973
v -5.19253 -1.51785 -9.80271
v -5.21480 -1.61630 -9.69412
v -5.23777 -1.70915 -9.58049
v -5.26204 -1.79156 -9.45750
v -5.28593 -1.87705 -9.33727
v -5.31000 -1.96110 -9.21576
v -5.33366 -2.04846 -9.09720
v -5.35806 -2.12988 -8.97332
v -5.38266 -2.20966 -8.84797
v -5.40736 -2.28866 -8.72192
v -5.43243 -2.36470 -8.59321
v -5.45807 -2.43624 -8.46046
v -5.48242 -2.51799 -8.33687
v -5.50615 -2.60480 -8.21783
v -5.52880 -2.70017 -8.10647
v -5.55175 -2.79324 -7.99304
v -5.57537 -2.88082 -7.87469
v -5.59700 -2.98443 -7.77072
v -5.61681 -3.10255 -7.67978
v -5.63759 -3.21286 -7.58183
v -5.66030 -3.30780 -7.47008
v -5.68463 -3.38977 -7.34669
v -5.70756 -3.48295 -7.23337
v -5.72836 -3.59315 -7.13532
v -5.74975 -3.69863 -7.03303
v -5.77173 -3.79939 -6.92651
v -5.79273 -3.90795 -6.82698
v -5.81266 -4.02508 -6.73515
v -5.83113 -4.15396 -6.65387
v -5.85037 -4.27658 -6.56696
v -4.14443 2.60080 -14.15152
v -4.16796 2.51245 -14.03385
v -4.19169 2.42565 -13.91480
v -4.21536 2.33840 -13.79615
v -4.23903 2.25116 -13.67750
v -4.26226 2.16039 -13.56200
v -4.28513 2.06678 -13.44907
v -4.30771 1.97074 -13.33830
v -4.32992 1.87185 -13.23010
v -4.35183 1.77055 -13.12407
v -4.37351 1.66737 -13.01971
v -4.39473 1.56057 -12.91861
v -4.41538 1.44916 -12.82165
v -4.43597 1.33730 -12.72508
v -4.45629 1.22325 -12.63049
v -4.47611 1.10525 -12.53944
v -4.49518 0.98120 -12.45382
v -4.51292 0.84649 -12.37776
v -4.53219 0.72409 -12.29066
v -4.55215 0.60719 -12.19863
v -4.57218 0.49083 -12.10611
v -4.59243 0.37623 -12.01201
v -4.61226 0.25833 -11.92086
v -4.63405 0.15604 -11.81572
v -4.65764 0.06813 -11.69766
v -4.68024 -0.02768 -11.58669
v -4.70266 -0.12493 -11.47701
v -4.72451 -0.22667 -11.37138
v -4.74706 -0.32293 -11.26081
v -4.77110 -0.40721 -11.13949
v -4.79455 -0.49621 -11.02242
v -4.81822 -0.58345 -10.90377
v -4.84210 -0.66905 -10.78363
v -4.86603 -0.75421 -10.66311
v -4.89036 -0.83618 -10.53972
v -4.91385 -0.92486 -10.42235
v -4.93657 -1.01968 -10.31050
v -4.95832 -1.12231 -10.20565
v -4.97982 -1.22691 -10.10258
v -5.00126 -1.33195 -9.99990
v -5.02288 -1.43557 -9.89594
v -5.04495 -1.53567 -9.78882
v -5.06767 -1.63049 -9.67697
v -5.09097 -1.72070 -9.56098
v -5.11506 -1.80454 -9.43927
v -5.13922 -1.88794 -9.31717
v -5.16346 -1.97057 -9.19437
v -5.18767 -2.05354 -9.07187
v -5.21197 -2.13573 -8.94868
v -5.23611 -2.21924 -8.82668
v -5.26063 -2.29967 -8.70191
v -5.28577 -2.37516 -8.57271
v -5.31178 -2.44373 -8.43730
v -5.33630 -2.52417 -8.31253
v -5.35952 -2.61504 -8.19713
v -5.38216 -2.71052 -8.08587
v -5.40543 -2.80095 -7.97008
v -5.42956 -2.88446 -7.84807
v -5.45106 -2.98907 -7.74500
v -5.47021 -3.11245 -7.65879
v -5.49055 -3.22640 -7.56409
v -5.51319 -3.32188 -7.45283
v -5.53754 -3.40363 -7.32925
v -5.56010 -3.49978 -7.21859
v -5.58022 -3.61537 -7.12537
v -5.60135 -3.72294 -7.02496
v -5.62326 -3.82424 -6.91893
v -5.64460 -3.93016 -6.81704
v -5.66475 -4.04553 -6.72363
v -5.68332 -4.17354 -6.64155
v -5.70276 -4.29462 -6.55327
v -4.00307 2.63274 -14.09296
v -4.02696 2.54726 -13.97273
v -4.05058 2.45957 -13.85447
v -4.07450 2.37430 -13.73404
v -4.09855 2.29013 -13.61263
v -4.12181 2.19959 -13.49693
v -4.14435 2.10334 -13.38637
v -4.16632 2.00247 -13.27994
v -4.18834 1.90204 -13.17312
v -4.21051 1.80282 -13.06521
v -4.23207 1.69866 -12.96174
v -4.25294 1.58900 -12.86321
v -4.27301 1.47297 -12.77039
v -4.29324 1.35826 -12.67638
v -4.31357 1.24432 -12.58169
v -4.33337 1.12610 -12.49084
v -4.35231 1.00106 -12.40611
v -4.37002 0.86614 -12.33025
v -4.38910 0.74220 -12.24453
v -4.40891 0.62408 -12.15358
v -4.42858 0.50487 -12.06362
v -4.44835 0.38642 -11.97297
v -4.46770 0.26468 -11.88528
v -4.48909 0.15920 -11.78299
v -4.51226 0.06789 -11.66799
v -4.53477 -0.02858 -11.55762
v -4.55738 -0.12429 -11.44656
v -4.57971 -0.22230 -11.33757
v -4.60259 -0.31581 -11.22453
v -4.62690 -0.39800 -11.10135
v -4.65051 -0.48568 -10.98309
v -4.67424 -0.57249 -10.86404
v -4.69802 -0.65886 -10.74460
v -4.72161 -0.74676 -10.62654
v -4.74534 -0.83346 -10.50739
v -4.76837 -0.92587 -10.39337
v -4.79073 -1.02355 -10.28409
v -4.81241 -1.12672 -10.17973
v -4.83366 -1.23330 -10.07843
v -4.85486 -1.34032 -9.97753
v -4.87640 -1.44460 -9.87416
v -4.89849 -1.54448 -9.76684
v -4.92153 -1.63678 -9.65272
v -4.94497 -1.72589 -9.53575
v -4.96888 -1.81116 -9.41532
v -4.99306 -1.89434 -9.29302
v -5.01742 -1.97609 -9.16944
v -5.04187 -2.05707 -9.04516
v -5.06609 -2.13992 -8.92257
v -5.08975 -2.22728 -8.80401
v -5.11393 -2.31046 -8.68171
v -5.13894 -2.38694 -8.55340
v -5.16498 -2.45529 -8.41778
v -5.18936 -2.53682 -8.29400
v -5.21214 -2.63121 -8.18176
v -5.23461 -2.72801 -8.07168
v -5.25802 -2.81734 -7.95490
v -5.28245 -2.89855 -7.83083
v -5.30398 -3.00293 -7.72756
v -5.32291 -3.12808 -7.64292
v -5.34302 -3.24378 -7.54981
v -5.36558 -3.33992 -7.43914
v -5.38973 -3.42332 -7.31704
v -5.41204 -3.52144 -7.20814
v -5.43191 -3.63901 -7.11671
v -5.45297 -3.74713 -7.01679
v -5.47497 -3.84777 -6.91016
v -5.49659 -3.95139 -6.80620
v -5.51702 -4.06456 -6.71082
v -5.53599 -4.18938 -6.62589
v -5.55569 -4.30837 -6.53573
v -3.86100 2.65898 -14.03953
v -3.88517 2.57569 -13.91733
v -3.90873 2.48756 -13.79946
v -3.93278 2.40339 -13.67805
v -3.95713 2.32153 -13.55456
v -3.98033 2.23055 -13.43926
v -4.00257 2.13188 -13.33086
v -4.02415 2.02794 -13.22720
v -4.04599 1.92608 -13.12166
v -4.06835 1.82829 -13.01247
v -4.08986 1.72379 -12.90930
v -4.11046 1.61205 -12.81263
v -4.13012 1.49273 -12.72277
v -4.15019 1.37670 -12.62995
v -4.17061 1.26342 -12.53467
v -4.19048 1.14585 -12.44323
v -4.20943 1.02081 -12.35849
v -4.22714 0.88589 -12.28263
v -4.24630 0.76261 -12.19632
v -4.26627 0.64581 -12.10419
v -4.28589 0.52616 -12.01463
v -4.30538 0.40552 -11.92595
v -4.32420 0.27949 -11.84210
v -4.34535 0.17203 -11.74159
v -4.36841 0.07995 -11.62728
v -4.39090 -0.01674 -11.51710
v -4.41355 -0.11212 -11.40575
v -4.43603 -0.20892 -11.29567
v -4.45909 -0.30100 -11.18136
v -4.48370 -0.38077 -11.05600
v -4.50734 -0.46824 -10.93754
v -4.53090 -0.55636 -10.81968
v -4.55441 -0.64493 -10.70221
v -4.57750 -0.73679 -10.58770
v -4.60072 -0.82766 -10.47230
v -4.62330 -0.92358 -10.36144
v -4.64534 -1.02390 -10.25452
v -4.66690 -1.12795 -10.15095
v -4.68796 -1.23607 -10.05103
v -4.70895 -1.34474 -9.95160
v -4.73047 -1.44923 -9.84843
v -4.75259 -1.54889 -9.74092
v -4.77584 -1.63943 -9.62523
v -4.79934 -1.72811 -9.50785
v -4.82306 -1.81491 -9.38881
v -4.84718 -1.89853 -9.26690
v -4.87153 -1.98040 -9.14342
v -4.89612 -2.06028 -9.01816
v -4.92017 -2.14445 -8.89674
v -4.94332 -2.23587 -8.78184
v -4.96713 -2.32202 -8.66220
v -4.99190 -2.40047 -8.53566
v -5.01784 -2.46959 -8.40074
v -5.04200 -2.55288 -8.27853
v -5.06438 -2.65045 -8.16915
v -5.08674 -2.74814 -8.05986
v -5.11021 -2.83703 -7.94269
v -5.13479 -2.91702 -7.81753
v -5.15645 -3.02031 -7.71327
v -5.17546 -3.14480 -7.62804
v -5.19566 -3.25984 -7.53434
v -5.21816 -3.35642 -7.42406
v -5.24209 -3.44158 -7.30354
v -5.26432 -3.54036 -7.19524
v -5.28421 -3.65781 -7.10370
v -5.30536 -3.76516 -7.00309
v -5.32740 -3.86548 -6.89617
v -5.34919 -3.96778 -6.79103
v -5.36997 -4.07809 -6.69308
v -5.38944 -4.19896 -6.60460
v -5.40947 -4.31532 -6.51208
v -3.72081 2.70026 -13.97259
v -3.74469 2.61467 -13.85246
v -3.76781 2.52303 -13.73775
v -3.79145 2.43556 -13.61929
v -3.81542 2.35073 -13.49847
v -3.83834 2.25744 -13.38524
v -3.86025 2.15614 -13.27921
v -3.88158 2.05022 -13.17732
v -3.90322 1.94671 -13.07326
v -3.92554 1.84870 -12.96427
v -3.94699 1.74366 -12.86159
v -3.96753 1.63136 -12.76542
v -3.98718 1.51204 -12.67555
v -4.00730 1.39634 -12.58244
v -4.02778 1.28361 -12.48666
v -4.04775 1.16681 -12.39453
v -4.06685 1.04298 -12.30871
v -4.08482 0.91015 -12.23098
v -4.10412 0.78797 -12.14368
v -4.12415 0.67161 -12.05116
v -4.14379 0.55217 -11.96139
v -4.16321 0.43098 -11.87321
v -4.18157 0.30122 -11.79271
v -4.20260 0.19288 -11.69299
v -4.22547 0.09927 -11.58006
v -4.24787 0.00180 -11.47057
v -4.27048 -0.09390 -11.35951
v -4.29284 -0.19158 -11.25023
v -4.31591 -0.28366 -11.13591
v -4.34086 -0.36069 -11.00809
v -4.36428 -0.44991 -10.89121
v -4.38752 -0.54056 -10.77562
v -4.41074 -0.63144 -10.66022
v -4.43339 -0.72681 -10.54886
v -4.45620 -0.82098 -10.43642
v -4.47832 -0.92064 -10.32891
v -4.49999 -1.02381 -10.22455
v -4.52158 -1.12776 -10.12089
v -4.54254 -1.23664 -10.02166
v -4.56337 -1.34663 -9.92342
v -4.58481 -1.45167 -9.82074
v -4.60686 -1.55188 -9.71372
v -4.63003 -1.64308 -9.59861
v -4.65350 -1.73197 -9.48144
v -4.67689 -1.82142 -9.36476
v -4.70085 -1.90635 -9.24404
v -4.72502 -1.98965 -9.12183
v -4.74942 -2.07107 -8.99795
v -4.77326 -2.15689 -8.87802
v -4.79617 -2.25028 -8.76489
v -4.81955 -2.33984 -8.64831
v -4.84379 -2.42247 -8.52551
v -4.86910 -2.49664 -8.39513
v -4.89289 -2.58290 -8.27559
v -4.91508 -2.68201 -8.16758
v -4.93729 -2.78090 -8.05938
v -4.96061 -2.87100 -7.94329
v -4.98499 -2.95253 -7.81951
v -5.00688 -3.05406 -7.71368
v -5.02652 -3.17349 -7.62391
v -5.04728 -3.28403 -7.52616
v -5.06992 -3.37951 -7.41491
v -5.09377 -3.46533 -7.29497
v -5.11621 -3.56235 -7.18509
v -5.13672 -3.67486 -7.08912
v -5.15837 -3.77826 -6.98496
v -5.18074 -3.87594 -6.87567
v -5.20273 -3.97659 -6.76905
v -5.22400 -4.08306 -6.66765
v -5.24415 -4.19843 -6.57424
v -5.26467 -4.31083 -6.47817
v -3.57684 2.71134 -13.93277
v -3.60076 2.62607 -13.81234
v -3.62391 2.53465 -13.69743
v -3.64751 2.44685 -13.57927
v -3.67146 2.36181 -13.45865
v -3.69431 2.26808 -13.34581
v -3.71613 2.16600 -13.24047
v -3.73745 2.05997 -13.13868
v -3.75909 1.95647 -13.03462
v -3.78141 1.85846 -12.92563
v -3.80288 1.75363 -12.82275
v -3.82335 1.64079 -12.72707
v -3.84286 1.52026 -12.63829
v -3.86289 1.40390 -12.54577
v -3.88330 1.29062 -12.45049
v -3.90334 1.17437 -12.35786
v -3.92254 1.05131 -12.27135
v -3.94072 0.92023 -12.19204
v -3.96027 0.80003 -12.10297
v -3.98053 0.68554 -12.00877
v -4.00017 0.56599 -11.91910
v -4.01944 0.44359 -11.83200
v -4.03750 0.31153 -11.75358
v -4.05826 0.20099 -11.65583
v -4.08083 0.10496 -11.54506
v -4.10303 0.00596 -11.43696
v -4.12559 -0.09019 -11.32630
v -4.14799 -0.18754 -11.21671
v -4.17123 -0.27830 -11.10122
v -4.19635 -0.35390 -10.97211
v -4.21988 -0.44225 -10.85445
v -4.24313 -0.53290 -10.73885
v -4.26629 -0.62421 -10.62384
v -4.28877 -0.72101 -10.51377
v -4.31138 -0.81671 -10.40271
v -4.33329 -0.91802 -10.29668
v -4.35483 -1.02230 -10.19331
v -4.37652 -1.12536 -10.08885
v -4.39751 -1.23403 -9.98943
v -4.41831 -1.34423 -9.89138
v -4.43976 -1.44928 -9.78870
v -4.46183 -1.54927 -9.68149
v -4.48499 -1.64058 -9.56648
v -4.50828 -1.73090 -9.45059
v -4.53128 -1.82353 -9.33677
v -4.55499 -1.91044 -9.21782
v -4.57900 -1.99494 -9.09670
v -4.60348 -2.07570 -8.97223
v -4.62722 -2.16240 -8.85308
v -4.64989 -2.25767 -8.74163
v -4.67305 -2.34898 -8.62662
v -4.69713 -2.43293 -8.50501
v -4.72230 -2.50820 -8.37561
v -4.74585 -2.59643 -8.25785
v -4.76768 -2.69840 -8.15241
v -4.78975 -2.79839 -8.04519
v -4.81311 -2.88816 -7.92881
v -4.83755 -2.96925 -7.80463
v -4.85972 -3.06847 -7.69673
v -4.87978 -3.18461 -7.60401
v -4.90092 -3.29207 -7.50350
v -4.92374 -3.38613 -7.39096
v -4.94746 -3.47293 -7.27191
v -4.96998 -3.56940 -7.16154
v -4.99080 -3.67939 -7.06330
v -5.01265 -3.78125 -6.95776
v -5.03505 -3.87860 -6.84817
v -5.05714 -3.97848 -6.74086
v -5.07867 -4.08286 -6.63759
v -5.09940 -4.19362 -6.54004
v -5.12027 -4.30327 -6.44150
v -3.43009 2.70011 -13.91296
v -3.45422 2.61660 -13.79095
v -3.47758 2.52683 -13.67457
v -3.50137 2.44057 -13.55503
v -3.52549 2.35695 -13.43312
v -3.54837 2.26333 -13.32019
v -3.57022 2.16159 -13.21455
v -3.59167 2.05654 -13.11187
v -3.61342 1.95392 -13.00702
v -3.63585 1.85679 -12.89724
v -3.65736 1.75229 -12.79407
v -3.67791 1.64011 -12.69780
v -3.69750 1.52024 -12.60843
v -3.71756 1.40410 -12.51571
v -3.73795 1.29060 -12.42062
v -3.75793 1.17391 -12.32839
v -3.77719 1.05140 -12.24139
v -3.79578 0.92350 -12.15922
v -3.81540 0.80385 -12.06965
v -3.83565 0.68925 -11.97555
v -3.85515 0.56872 -11.88677
v -3.87415 0.44412 -11.80165
v -3.89217 0.31172 -11.72352
v -3.91259 0.19844 -11.62823
v -3.93458 0.09779 -11.52161
v -3.95659 -0.00274 -11.41489
v -3.97909 -0.09933 -11.30461
v -4.00170 -0.19503 -11.19355
v -4.02517 -0.28393 -11.07638
v -4.05032 -0.35931 -10.94708
v -4.07417 -0.44512 -10.82714
v -4.09772 -0.53336 -10.70938
v -4.12113 -0.62269 -10.59260
v -4.14374 -0.71840 -10.48154
v -4.16632 -0.81432 -10.37067
v -4.18829 -0.91519 -10.26425
v -4.20994 -1.01858 -10.16009
v -4.23173 -1.12088 -10.05494
v -4.25283 -1.22867 -9.95473
v -4.27368 -1.33843 -9.85629
v -4.29521 -1.44282 -9.75302
v -4.31722 -1.54336 -9.64630
v -4.34017 -1.63631 -9.53277
v -4.36320 -1.72872 -9.41875
v -4.38586 -1.82399 -9.30730
v -4.40926 -1.91343 -9.19062
v -4.43307 -1.99958 -9.07098
v -4.45741 -2.08144 -8.94749
v -4.48105 -2.16890 -8.82904
v -4.50368 -2.26450 -8.71788
v -4.52673 -2.35669 -8.60366
v -4.55095 -2.43954 -8.48106
v -4.57638 -2.51272 -8.34979
v -4.59993 -2.60096 -8.23203
v -4.62162 -2.70402 -8.12757
v -4.64385 -2.80280 -8.01927
v -4.66770 -2.88862 -7.89934
v -4.69293 -2.96334 -7.76944
v -4.71560 -3.05861 -7.65799
v -4.73594 -3.17244 -7.56320
v -4.75757 -3.27605 -7.45923
v -4.78092 -3.36582 -7.34285
v -4.80498 -3.44999 -7.22144
v -4.82744 -3.54691 -7.11146
v -4.84800 -3.65898 -7.01509
v -4.86965 -3.76237 -6.91093
v -4.89176 -3.86214 -6.80352
v -4.91349 -3.96488 -6.69877
v -4.93467 -4.07201 -6.59796
v -4.95513 -4.18496 -6.50238
v -4.97584 -4.29583 -6.40493
v -3.28494 2.70174 -13.88161
v -3.30881 2.61614 -13.76148
v -3.33211 2.52593 -13.64549
v -3.35567 2.43780 -13.52763
v -3.37945 2.35144 -13.40818
v -3.40228 2.25749 -13.29555
v -3.42428 2.15684 -13.18892
v -3.44600 2.05400 -13.08427
v -3.46783 1.95203 -12.97883
v -3.49004 1.85314 -12.87063
v -3.51154 1.74854 -12.76755
v -3.53221 1.63734 -12.67040
v -3.55209 1.51977 -12.57896
v -3.57226 1.40451 -12.48545
v -3.59255 1.29024 -12.39105
v -3.61265 1.17444 -12.29803
v -3.63214 1.05379 -12.20935
v -3.65119 0.92964 -12.12383
v -3.67106 0.81196 -12.03249
v -3.69129 0.69725 -11.93849
v -3.71081 0.57683 -11.84961
v -3.72978 0.45201 -11.76468
v -3.74770 0.31873 -11.68734
v -3.76789 0.20369 -11.59363
v -3.78943 0.09942 -11.49026
v -3.81118 -0.00321 -11.38542
v -3.83358 -0.10056 -11.27583
v -3.85622 -0.19604 -11.16458
v -3.87973 -0.28461 -11.04711
v -3.90490 -0.35988 -10.91771
v -3.92879 -0.44537 -10.79748
v -3.95244 -0.53272 -10.67892
v -3.97587 -0.62194 -10.56204
v -3.99853 -0.71721 -10.45059
v -4.02111 -0.81324 -10.33982
v -4.04311 -0.91378 -10.23310
v -4.06483 -1.01663 -10.12845
v -4.08669 -1.11837 -10.02281
v -4.10790 -1.22528 -9.92181
v -4.12892 -1.33373 -9.82218
v -4.15044 -1.43811 -9.71891
v -4.17237 -1.53931 -9.61278
v -4.19501 -1.63480 -9.50152
v -4.21775 -1.72951 -9.38958
v -4.24019 -1.82654 -9.27970
v -4.26335 -1.91785 -9.16469
v -4.28702 -2.00509 -9.04604
v -4.31137 -2.08695 -8.92256
v -4.33500 -2.17453 -8.80420
v -4.35771 -2.26946 -8.69245
v -4.38074 -2.36176 -8.57833
v -4.40488 -2.44527 -8.45633
v -4.43008 -2.52032 -8.32673
v -4.45346 -2.60988 -8.21015
v -4.47500 -2.71415 -8.10678
v -4.49717 -2.81337 -7.99887
v -4.52105 -2.89897 -7.87874
v -4.54611 -2.97512 -7.75013
v -4.56910 -3.06775 -7.63631
v -4.59008 -3.17652 -7.53698
v -4.61225 -3.27574 -7.42907
v -4.63591 -3.36310 -7.31052
v -4.65991 -3.44771 -7.18950
v -4.68264 -3.54242 -7.07755
v -4.70390 -3.64900 -6.97625
v -4.72579 -3.75042 -6.87032
v -4.74784 -3.85063 -6.76330
v -4.76936 -3.95512 -6.66013
v -4.79047 -4.06280 -6.55981
v -4.81126 -4.17312 -6.46187
v -4.83199 -4.28387 -6.36432
v -3.13918 2.69853 -13.85461
v -3.16273 2.61029 -13.73684
v -3.18605 2.52030 -13.62065
v -3.20937 2.43020 -13.50456
v -3.23275 2.34065 -13.38798
v -3.25547 2.24582 -13.27613
v -3.27770 2.14704 -13.16783
v -3.29984 2.04760 -13.06012
v -3.32175 1.94629 -12.95409
v -3.34367 1.84499 -12.84806
v -3.36512 1.74005 -12.74528
v -3.38605 1.63084 -12.64635
v -3.40649 1.51778 -12.55087
v -3.42689 1.40438 -12.45568
v -3.44715 1.28989 -12.36148
v -3.46740 1.17529 -12.26738
v -3.48728 1.05773 -12.17594
v -3.50684 0.93763 -12.08677
v -3.52706 0.82281 -11.99286
v -3.54734 0.70843 -11.89857
v -3.56705 0.58955 -11.80831
v -3.58621 0.46627 -11.72200
v -3.60404 0.33233 -11.64525
v -3.62417 0.21674 -11.55204
v -3.64555 0.11115 -11.44985
v -3.66713 0.00721 -11.34618
v -3.68933 -0.09179 -11.23808
v -3.71172 -0.18925 -11.12860
v -3.73501 -0.27958 -11.01270
v -3.76017 -0.35485 -10.88330
v -3.78387 -0.44187 -10.76445
v -3.80725 -0.53142 -10.64787
v -3.83033 -0.62339 -10.53346
v -3.85282 -0.72009 -10.42329
v -3.87543 -0.81579 -10.31222
v -3.89751 -0.91578 -10.20501
v -3.91934 -1.01775 -10.09957
v -3.94128 -1.11883 -9.99334
v -3.96268 -1.22421 -9.89096
v -3.98395 -1.33068 -9.78956
v -4.00550 -1.43484 -9.68609
v -4.02732 -1.53692 -9.58075
v -4.04960 -1.63526 -9.47205
v -4.07207 -1.73206 -9.36198
v -4.09437 -1.83029 -9.25319
v -4.11739 -1.92270 -9.13917
v -4.14101 -2.01039 -9.02091
v -4.16541 -2.09181 -8.89703
v -4.18909 -2.17894 -8.77828
v -4.21202 -2.27212 -8.66495
v -4.23511 -2.36398 -8.55044
v -4.25909 -2.44881 -8.42962
v -4.28399 -2.52617 -8.30209
v -4.30722 -2.61693 -8.18659
v -4.32874 -2.72142 -8.08342
v -4.35094 -2.82042 -7.97532
v -4.37467 -2.90712 -7.85617
v -4.39946 -2.98547 -7.72953
v -4.42269 -3.07623 -7.61403
v -4.44433 -3.17973 -7.50997
v -4.46703 -3.27467 -7.39822
v -4.49090 -3.36037 -7.27819
v -4.51476 -3.44608 -7.15816
v -4.53787 -3.53783 -7.04354
v -4.55985 -3.63859 -6.93702
v -4.58209 -3.73726 -6.82862
v -4.60412 -3.83758 -6.72170
v -4.62537 -3.94416 -6.62040
v -4.64642 -4.05239 -6.52058
v -4.66747 -4.16062 -6.42076
v -4.68818 -4.27148 -6.32331
v -2.99175 2.68192 -13.83963
v -3.01505 2.59171 -13.72364
v -3.03833 2.50138 -13.60775
v -3.06152 2.41029 -13.49255
v -3.08467 2.31887 -13.37764
v -3.10735 2.22372 -13.26609
v -3.12979 2.12659 -13.15631
v -3.15225 2.02967 -13.04633
v -3.17427 1.92924 -12.93951
v -3.19610 1.82728 -12.83407
v -3.21764 1.72300 -12.73070
v -3.23889 1.61642 -12.62940
v -3.25983 1.50732 -12.53037
v -3.28062 1.39711 -12.43232
v -3.30115 1.28471 -12.33625
v -3.32180 1.17329 -12.23929
v -3.34224 1.06023 -12.14381
v -3.36246 0.94541 -12.04990
v -3.38304 0.83345 -11.95343
v -3.40358 0.72115 -11.85726
v -3.42365 0.60513 -11.76444
v -3.44326 0.48547 -11.67488
v -3.46153 0.35505 -11.59497
v -3.48178 0.24045 -11.50087
v -3.50302 0.13376 -11.39967
v -3.52457 0.02960 -11.29620
v -3.54649 -0.07171 -11.19017
v -3.56838 -0.17313 -11.08424
v -3.59124 -0.26685 -10.97140
v -3.61583 -0.34674 -10.84614
v -3.63904 -0.43772 -10.73084
v -3.66203 -0.53035 -10.61702
v -3.68459 -0.62649 -10.50635
v -3.70701 -0.72373 -10.39667
v -3.72975 -0.81845 -10.28473
v -3.75193 -0.91756 -10.17672
v -3.77394 -1.01810 -10.07000
v -3.79609 -1.11754 -9.96229
v -3.81768 -1.22137 -9.85853
v -3.83932 -1.32488 -9.75447
v -3.86094 -1.42849 -9.65051
v -3.88274 -1.53068 -9.54526
v -3.90481 -1.63078 -9.43815
v -3.92710 -1.72901 -9.32935
v -3.94925 -1.82845 -9.22164
v -3.97211 -1.92217 -9.10881
v -3.99554 -2.01129 -8.99183
v -4.01972 -2.09447 -8.86953
v -4.04331 -2.18237 -8.75147
v -4.06629 -2.27511 -8.63775
v -4.08929 -2.36774 -8.52393
v -4.11299 -2.45476 -8.40507
v -4.13739 -2.53619 -8.28120
v -4.16041 -2.62860 -8.16718
v -4.18214 -2.73133 -8.06243
v -4.20447 -2.82934 -7.95344
v -4.22799 -2.91780 -7.83587
v -4.25237 -2.99933 -7.71209
v -4.27577 -3.08877 -7.59541
v -4.29821 -3.18580 -7.48553
v -4.32168 -3.27469 -7.36836
v -4.34584 -3.35798 -7.24615
v -4.36997 -3.44160 -7.12425
v -4.39362 -3.52895 -7.00569
v -4.41645 -3.62290 -6.89305
v -4.43929 -3.71685 -6.78042
v -4.46151 -3.81563 -6.67212
v -4.48240 -3.92518 -6.57348
v -4.50317 -4.03560 -6.47563
v -4.52402 -4.14537 -6.37719
v -4.54454 -4.25777 -6.28112
v -2.84540 2.67399 -13.81686
v -2.86828 2.58037 -13.70393
v -2.89151 2.48961 -13.58843
v -2.91442 2.39632 -13.47520
v -2.93713 2.30138 -13.36345
v -2.95977 2.20590 -13.25219
v -2.98253 2.11140 -13.14005
v -3.00548 2.01834 -13.02662
v -3.02766 1.91923 -12.91862
v -3.04919 1.81484 -12.81535
v -3.07077 1.71090 -12.71168
v -3.09248 1.60794 -12.60713
v -3.11422 1.50532 -12.50228
v -3.13539 1.39808 -12.40157
v -3.15601 1.28644 -12.30481
v -3.17691 1.17701 -12.20607
v -3.19786 1.06801 -12.10694
v -3.21867 0.95791 -12.00880
v -3.23940 0.84716 -11.91124
v -3.25969 0.73289 -11.81685
v -3.27973 0.61664 -11.72422
v -3.29932 0.49677 -11.63486
v -3.31752 0.36580 -11.55545
v -3.33752 0.24922 -11.46312
v -3.35832 0.13901 -11.36507
v -3.37962 0.03276 -11.26348
v -3.40128 -0.07052 -11.15922
v -3.42294 -0.17381 -11.05496
v -3.44568 -0.26852 -10.94302
v -3.47020 -0.34896 -10.81825
v -3.49332 -0.44060 -10.70354
v -3.51620 -0.53421 -10.59061
v -3.53845 -0.63278 -10.48211
v -3.56089 -0.72991 -10.37233
v -3.58387 -0.82265 -10.25861
v -3.60633 -0.91956 -10.14863
v -3.62858 -1.01812 -10.04013
v -3.65084 -1.11668 -9.93164
v -3.67271 -1.21832 -9.82590
v -3.69481 -1.31809 -9.71849
v -3.71659 -1.42049 -9.61344
v -3.73821 -1.52411 -9.50948
v -3.75978 -1.62816 -9.40591
v -3.78179 -1.72870 -9.29919
v -3.80386 -1.82869 -9.19198
v -3.82665 -1.92296 -9.07963
v -3.84995 -2.01318 -8.96364
v -3.87402 -2.09724 -8.84213
v -3.89772 -2.18426 -8.72328
v -3.92110 -2.27381 -8.60670
v -3.94418 -2.36578 -8.49228
v -3.96770 -2.45424 -8.37472
v -3.99164 -2.53929 -8.25409
v -4.01449 -2.63312 -8.14135
v -4.03628 -2.73542 -8.03621
v -4.05859 -2.83354 -7.92732
v -4.08189 -2.92375 -7.81133
v -4.10598 -3.00759 -7.68962
v -4.12946 -3.09637 -7.57235
v -4.15249 -3.18878 -7.45833
v -4.17636 -3.27438 -7.33820
v -4.20064 -3.35679 -7.21520
v -4.22469 -3.44096 -7.09379
v -4.24865 -3.52590 -6.97307
v -4.27206 -3.61523 -6.85629
v -4.29521 -3.70665 -6.74138
v -4.31742 -3.80554 -6.63318
v -4.33799 -3.91762 -6.53681
v -4.35858 -4.02947 -6.44024
v -4.37942 -4.13935 -6.34190
v -4.39978 -4.25307 -6.24701
v -2.69624 2.64353 -13.81431
v -2.71913 2.55003 -13.70128
v -2.74263 2.46146 -13.58381
v -2.76571 2.36949 -13.46939
v -2.78852 2.27533 -13.35695
v -2.81138 2.18160 -13.24412
v -2.83455 2.09040 -13.12901
v -2.85799 2.00129 -13.01204
v -2.88048 1.90459 -12.90186
v -2.90195 1.79977 -12.79899
v -2.92366 1.69681 -12.69443
v -2.94570 1.59661 -12.58742
v -2.96793 1.49783 -12.47912
v -2.98939 1.39289 -12.37634
v -3.01009 1.28192 -12.27898
v -3.03119 1.17413 -12.17877
v -3.05250 1.06799 -12.07708
v -3.07367 0.96075 -11.97637
v -3.09458 0.85142 -11.87753
v -3.11488 0.73726 -11.78304
v -3.13484 0.62035 -11.69101
v -3.15421 0.49872 -11.60322
v -3.17236 0.36731 -11.52420
v -3.19189 0.24700 -11.43523
v -3.21222 0.13306 -11.34053
v -3.23312 0.02362 -11.24180
v -3.25448 -0.08208 -11.13971
v -3.27608 -0.18591 -11.03594
v -3.29892 -0.27975 -10.92321
v -3.32331 -0.36128 -10.79943
v -3.34672 -0.45062 -10.68265
v -3.36984 -0.54226 -10.56794
v -3.39215 -0.64038 -10.45905
v -3.41486 -0.73531 -10.34730
v -3.43813 -0.82574 -10.23150
v -3.46100 -0.91936 -10.11857
v -3.48360 -1.01518 -10.00761
v -3.50592 -1.11319 -9.89862
v -3.52807 -1.21263 -9.79091
v -3.55067 -1.30844 -9.67995
v -3.57265 -1.40920 -9.57342
v -3.59421 -1.51325 -9.46985
v -3.61549 -1.61961 -9.36836
v -3.63723 -1.72235 -9.26361
v -3.65944 -1.82124 -9.15541
v -3.68216 -1.91607 -9.04356
v -3.70538 -2.00694 -8.92816
v -3.72946 -2.09089 -8.80655
v -3.75324 -2.17725 -8.68710
v -3.77680 -2.26538 -8.56924
v -3.80003 -2.35614 -8.45374
v -3.82363 -2.44393 -8.33558
v -3.84761 -2.52876 -8.21476
v -3.87044 -2.62271 -8.10212
v -3.89214 -2.72566 -7.99757
v -3.91445 -2.82378 -7.88868
v -3.93777 -2.91389 -7.77259
v -3.96184 -2.99795 -7.65108
v -3.98538 -3.08618 -7.53331
v -4.00850 -3.17782 -7.41860
v -4.03238 -3.26342 -7.29847
v -4.05661 -3.34616 -7.17577
v -4.08048 -3.43187 -7.05574
v -4.10441 -3.51702 -6.93521
v -4.12793 -3.60548 -6.81765
v -4.15094 -3.69800 -6.70373
v -4.17273 -3.80029 -6.59858
v -4.19293 -3.91522 -6.50478
v -4.21321 -4.02960 -6.41048
v -4.23386 -4.14102 -6.31352
v -4.25394 -4.25694 -6.22060
v -2.55007 2.63703 -13.79026
v -2.57254 2.54012 -13.68029
v -2.59589 2.45034 -13.56390
v -2.61865 2.35585 -13.45176
v -2.64105 2.25839 -13.34227
v -2.66388 2.16444 -13.22963
v -2.68730 2.07522 -13.11276
v -2.71114 1.98929 -12.99292
v -2.73379 1.89391 -12.88156
v -2.75508 1.78766 -12.77997
v -2.77688 1.68548 -12.67473
v -2.79936 1.58867 -12.56465
v -2.82234 1.49594 -12.45093
v -2.84419 1.39408 -12.34539
v -2.86497 1.28376 -12.24744
v -2.88622 1.17718 -12.14614
v -2.90787 1.07379 -12.04198
v -2.92940 0.96940 -11.93871
v -2.95034 0.86030 -11.83968
v -2.97032 0.74361 -11.74745
v -2.99021 0.62615 -11.65592
v -3.00953 0.50408 -11.56852
v -3.02774 0.37322 -11.48901
v -3.04709 0.25137 -11.40142
v -3.06706 0.13457 -11.30929
v -3.08769 0.02305 -11.21242
v -3.10882 -0.08452 -11.11201
v -3.13027 -0.18956 -11.00933
v -3.15309 -0.28362 -10.89679
v -3.17739 -0.36581 -10.77360
v -3.20082 -0.45492 -10.65663
v -3.22401 -0.54601 -10.54143
v -3.24632 -0.64413 -10.43253
v -3.26917 -0.73797 -10.31980
v -3.29268 -0.82654 -10.20233
v -3.31578 -0.91828 -10.08772
v -3.33855 -1.01278 -9.97557
v -3.36094 -1.11024 -9.86609
v -3.38330 -1.20792 -9.75680
v -3.40629 -1.30066 -9.64308
v -3.42847 -1.39977 -9.53508
v -3.44999 -1.50427 -9.43190
v -3.47088 -1.61370 -9.33317
v -3.49250 -1.71732 -9.22921
v -3.51479 -1.81566 -9.12051
v -3.53748 -1.91070 -9.00886
v -3.56052 -2.00300 -8.89474
v -3.58423 -2.08992 -8.77579
v -3.60791 -2.17705 -8.65704
v -3.63167 -2.26364 -8.53780
v -3.65486 -2.35473 -8.42260
v -3.67821 -2.44450 -8.30621
v -3.70165 -2.53362 -8.18923
v -3.72431 -2.62888 -8.07778
v -3.74617 -2.73063 -7.97214
v -3.76854 -2.82831 -7.86285
v -3.79175 -2.91918 -7.74746
v -3.81545 -3.00621 -7.62861
v -3.83908 -3.09378 -7.51025
v -3.86272 -3.18125 -7.39179
v -3.88685 -3.26487 -7.26989
v -3.91111 -3.34739 -7.14699
v -3.93491 -3.43354 -7.02735
v -3.95898 -3.51759 -6.90584
v -3.98294 -3.60253 -6.78512
v -4.00603 -3.69439 -6.67061
v -4.02763 -3.79823 -6.56684
v -4.04743 -3.91645 -6.47599
v -4.06737 -4.03347 -6.38406
v -4.08779 -4.14675 -6.28878
v -4.10758 -4.26498 -6.19793
v -2.40416 2.63250 -13.76444
v -2.42634 2.53339 -13.65644
v -2.44956 2.44252 -13.54104
v -2.47210 2.34627 -13.43047
v -2.49422 2.24661 -13.32296
v -2.51707 2.15277 -13.21022
v -2.54058 2.06432 -13.09265
v -2.56465 1.98026 -12.97114
v -2.58736 1.88532 -12.85939
v -2.60854 1.77819 -12.75858
v -2.63044 1.67678 -12.65265
v -2.65323 1.58250 -12.54031
v -2.67683 1.49471 -12.42215
v -2.69902 1.39560 -12.31414
v -2.71993 1.28627 -12.21531
v -2.74132 1.18079 -12.11302
v -2.76318 1.07904 -12.00739
v -2.78492 0.97641 -11.90254
v -2.80589 0.86753 -11.80331
v -2.82568 0.74930 -11.71246
v -2.84559 0.63195 -11.62082
v -2.86505 0.51109 -11.53234
v -2.88347 0.38188 -11.45135
v -2.90298 0.26135 -11.36258
v -2.92301 0.14499 -11.27005
v -2.94368 0.03380 -11.17290
v -2.96470 -0.07465 -11.07327
v -2.98602 -0.18068 -10.97148
v -3.00873 -0.27562 -10.85973
v -3.03290 -0.35891 -10.73753
v -3.05620 -0.44912 -10.62154
v -3.07922 -0.54153 -10.50752
v -3.10123 -0.64207 -10.40080
v -3.12401 -0.73646 -10.28855
v -3.14755 -0.82469 -10.17079
v -3.17073 -0.91589 -10.05568
v -3.19355 -1.00995 -9.94314
v -3.21591 -1.10763 -9.83386
v -3.23843 -1.20410 -9.72349
v -3.26177 -1.29398 -9.60720
v -3.28413 -1.39167 -9.49791
v -3.30570 -1.49572 -9.39435
v -3.32636 -1.60702 -9.29729
v -3.34793 -1.71108 -9.19372
v -3.37031 -1.80865 -9.08434
v -3.39295 -1.90413 -8.97308
v -3.41577 -1.99819 -8.86054
v -3.43905 -2.08851 -8.74465
v -3.46248 -2.17774 -8.62777
v -3.48631 -2.26366 -8.50793
v -3.50933 -2.35607 -8.39391
v -3.53232 -2.44881 -8.28019
v -3.55518 -2.54254 -8.16735
v -3.57756 -2.64011 -8.05797
v -3.59955 -2.74076 -7.95135
v -3.62197 -2.83800 -7.84167
v -3.64510 -2.92953 -7.72686
v -3.66851 -3.01886 -7.61008
v -3.69228 -3.10534 -7.49074
v -3.71635 -3.18940 -7.36922
v -3.74079 -3.27049 -7.24505
v -3.76513 -3.35235 -7.12156
v -3.78898 -3.43817 -7.00163
v -3.81315 -3.52146 -6.87943
v -3.83742 -3.60387 -6.75644
v -3.86051 -3.69573 -6.64192
v -3.88199 -3.80056 -6.53905
v -3.90134 -3.92230 -6.45136
v -3.92085 -4.04283 -6.36258
v -3.94085 -4.15941 -6.27025
v -3.96026 -4.28071 -6.18216
v -2.25689 2.61721 -13.74828
v -2.27923 2.51931 -13.63919
v -2.30251 2.42899 -13.52330
v -2.32518 2.33372 -13.41184
v -2.34746 2.23538 -13.30315
v -2.37035 2.14187 -13.19012
v -2.39391 2.05375 -13.07225
v -2.41784 1.96859 -12.95173
v -2.44048 1.87311 -12.84047
v -2.46177 1.76686 -12.73887
v -2.48375 1.66610 -12.63235
v -2.50670 1.57303 -12.51892
v -2.53039 1.48600 -12.40007
v -2.55279 1.38854 -12.29059
v -2.57397 1.28141 -12.18978
v -2.59556 1.17758 -12.08602
v -2.61760 1.07726 -11.97910
v -2.63950 0.97584 -11.87316
v -2.66056 0.86772 -11.77325
v -2.68060 0.75148 -11.68062
v -2.70079 0.63644 -11.58692
v -2.72069 0.51898 -11.49538
v -2.73971 0.39460 -11.41005
v -2.75962 0.27726 -11.31842
v -2.77992 0.16309 -11.22392
v -2.80083 0.05377 -11.12509
v -2.82189 -0.05435 -11.02517
v -2.84318 -0.16060 -10.92357
v -2.86570 -0.25708 -10.81320
v -2.88945 -0.34366 -10.69396
v -2.91249 -0.43596 -10.57984
v -2.93525 -0.53046 -10.46769
v -2.95716 -0.63176 -10.36166
v -2.97983 -0.72703 -10.25021
v -3.00321 -0.81658 -10.13362
v -3.02628 -0.90866 -10.01931
v -3.04906 -1.00305 -9.90707
v -3.07150 -1.10007 -9.79719
v -3.09413 -1.19566 -9.68603
v -3.11754 -1.28500 -9.56925
v -3.14008 -1.38125 -9.45868
v -3.16186 -1.48366 -9.35364
v -3.18274 -1.59320 -9.25500
v -3.20443 -1.69627 -9.15054
v -3.22678 -1.79406 -9.04136
v -3.24930 -1.89053 -8.93099
v -3.27178 -1.98723 -8.82081
v -3.29445 -2.08249 -8.70936
v -3.31731 -2.17622 -8.59652
v -3.34067 -2.26599 -8.48014
v -3.36328 -2.36170 -8.36908
v -3.38571 -2.45883 -8.25930
v -3.40797 -2.55739 -8.15080
v -3.43006 -2.65727 -8.04349
v -3.45216 -2.75704 -7.93607
v -3.47477 -2.85274 -7.82501
v -3.49791 -2.94427 -7.71021
v -3.52134 -3.03339 -7.59323
v -3.54538 -3.11766 -7.47191
v -3.56987 -3.19843 -7.34744
v -3.59461 -3.27710 -7.22110
v -3.61914 -3.35743 -7.09624
v -3.64310 -3.44237 -6.97551
v -3.66734 -3.52511 -6.85282
v -3.69161 -3.60752 -6.72982
v -3.71465 -3.69982 -6.61571
v -3.73616 -3.80431 -6.51253
v -3.75505 -3.92979 -6.42819
v -3.77409 -4.05406 -6.34277
v -3.79354 -4.17503 -6.25439
v -3.81250 -4.29996 -6.16955
v -2.11105 2.61334 -13.72187
v -2.13351 2.51643 -13.61189
v -2.15678 2.42600 -13.49610
v -2.17952 2.33128 -13.38415
v -2.20179 2.23283 -13.27555
v -2.22461 2.13878 -13.16301
v -2.24815 2.05054 -13.04525
v -2.27206 1.96516 -12.92492
v -2.29460 1.86891 -12.81435
v -2.31585 1.76233 -12.71305
v -2.33786 1.66179 -12.60633
v -2.36100 1.57026 -12.49152
v -2.38490 1.48488 -12.37119
v -2.40746 1.38874 -12.26053
v -2.42872 1.28227 -12.15913
v -2.45036 1.17877 -12.05507
v -2.47256 1.07976 -11.94696
v -2.49457 0.97923 -11.84024
v -2.51559 0.87078 -11.74062
v -2.53557 0.75409 -11.64839
v -2.55579 0.63927 -11.55449
v -2.57595 0.52390 -11.46108
v -2.59552 0.40392 -11.37181
v -2.61563 0.28822 -11.27869
v -2.63597 0.17428 -11.18400
v -2.65687 0.06495 -11.08516
v -2.67795 -0.04306 -10.98515
v -2.69923 -0.14942 -10.88365
v -2.72165 -0.24666 -10.77397
v -2.74502 -0.33632 -10.65748
v -2.76790 -0.42983 -10.54445
v -2.79064 -0.52455 -10.43250
v -2.81260 -0.62541 -10.32608
v -2.83526 -0.72079 -10.21472
v -2.85861 -0.81056 -10.09834
v -2.88164 -0.90297 -9.98432
v -2.90432 -0.99813 -9.87276
v -2.92670 -1.09570 -9.76338
v -2.94932 -1.19129 -9.65222
v -2.97276 -1.28040 -9.53524
v -2.99543 -1.37567 -9.42379
v -3.01716 -1.47841 -9.31904
v -3.03786 -1.58938 -9.22168
v -3.05953 -1.69267 -9.11742
v -3.08195 -1.78991 -9.00774
v -3.10448 -1.88627 -8.89728
v -3.12674 -1.98472 -8.78868
v -3.14903 -2.08306 -8.67999
v -3.17165 -2.17866 -8.56883
v -3.19498 -2.26865 -8.45264
v -3.21751 -2.36501 -8.34217
v -3.23961 -2.46478 -8.23476
v -3.26136 -2.56741 -8.12991
v -3.28322 -2.66916 -8.02427
v -3.30546 -2.76783 -7.91587
v -3.32815 -2.86287 -7.80422
v -3.35116 -2.95539 -7.69030
v -3.37435 -3.04648 -7.57510
v -3.39835 -3.13109 -7.45408
v -3.42309 -3.20977 -7.32773
v -3.44803 -3.28690 -7.20001
v -3.47254 -3.36745 -7.07534
v -3.49666 -3.45107 -6.95344
v -3.52099 -3.53304 -6.83005
v -3.54540 -3.61435 -6.70607
v -3.56839 -3.70709 -6.59235
v -3.58964 -3.81367 -6.49105
v -3.60810 -3.94255 -6.40977
v -3.62673 -4.07012 -6.32730
v -3.64559 -4.19581 -6.24316
v -3.66418 -4.32371 -6.16099
v -1.96660 2.62057 -13.68549
v -1.98901 2.52322 -13.57591
v -2.01229 2.43290 -13.46002
v -2.03491 2.33719 -13.34896
v -2.05690 2.23655 -13.24233
v -2.07951 2.14084 -13.13127
v -2.10313 2.05316 -13.01301
v -2.12717 1.96888 -12.89170
v -2.14959 1.87164 -12.78202
v -2.17050 1.76231 -12.68319
v -2.19233 1.66034 -12.57774
v -2.21567 1.57046 -12.46146
v -2.23996 1.48816 -12.33837
v -2.26257 1.39245 -12.22731
v -2.28357 1.28390 -12.12778
v -2.30503 1.17896 -12.02500
v -2.32730 1.08051 -11.91641
v -2.34942 0.98085 -11.80890
v -2.37035 0.87175 -11.70987
v -2.38996 0.75198 -11.62040
v -2.40994 0.63529 -11.52817
v -2.43012 0.52014 -11.43456
v -2.44980 0.40093 -11.34460
v -2.46991 0.28523 -11.25149
v -2.49010 0.17019 -11.15778
v -2.51083 0.05944 -11.06023
v -2.53204 -0.04747 -10.95922
v -2.55360 -0.15164 -10.85576
v -2.57615 -0.24778 -10.74509
v -2.59967 -0.33624 -10.62752
v -2.62270 -0.42864 -10.51350
v -2.64563 -0.52182 -10.40017
v -2.66788 -0.62038 -10.29168
v -2.69059 -0.71532 -10.17993
v -2.71393 -0.80520 -10.06364
v -2.73698 -0.89739 -9.94942
v -2.75961 -0.99298 -9.83826
v -2.78185 -1.09165 -9.72987
v -2.80447 -1.18725 -9.61871
v -2.82792 -1.27625 -9.50163
v -2.85065 -1.37108 -9.38978
v -2.87215 -1.47568 -9.28671
v -2.89248 -1.58962 -9.19201
v -2.91402 -1.69390 -9.08864
v -2.93659 -1.78993 -8.97788
v -2.95924 -1.88530 -8.86652
v -2.98140 -1.98463 -8.75872
v -3.00355 -2.08407 -8.65101
v -3.02624 -2.17912 -8.53935
v -3.04995 -2.26604 -8.42041
v -3.07272 -2.36053 -8.30826
v -3.09475 -2.46085 -8.20134
v -3.11632 -2.56490 -8.09777
v -3.13820 -2.66643 -7.99194
v -3.16058 -2.76400 -7.88255
v -3.18340 -2.85806 -7.77002
v -3.20622 -2.95212 -7.65748
v -3.22911 -3.04562 -7.54444
v -3.25291 -3.13177 -7.42480
v -3.27757 -3.21111 -7.29905
v -3.30230 -3.28989 -7.17281
v -3.32640 -3.37373 -7.05110
v -3.35011 -3.46065 -6.93215
v -3.37426 -3.54405 -6.81004
v -3.39869 -3.62525 -6.68597
v -3.42153 -3.71909 -6.57323
v -3.44219 -3.83039 -6.47617
v -3.46030 -3.96213 -6.39745
v -3.47871 -4.09145 -6.31656
v -3.49739 -4.21858 -6.23370
v -3.51577 -4.34812 -6.15301
v -1.82042 2.61396 -13.66154
v -1.84283 2.51661 -13.55196
v -1.86609 2.42607 -13.43627
v -1.88866 2.33003 -13.32550
v -1.91050 2.22818 -13.21996
v -1.93297 2.13137 -13.10989
v -1.95654 2.04325 -12.99202
v -1.98058 1.95897 -12.87071
v -2.00289 1.86085 -12.76182
v -2.02366 1.75042 -12.66397
v -2.04539 1.64769 -12.55922
v -2.06880 1.55835 -12.44244
v -2.09324 1.47726 -12.31826
v -2.11591 1.38200 -12.20681
v -2.13684 1.27289 -12.10778
v -2.15831 1.16807 -12.00490
v -2.18076 1.07104 -11.89502
v -2.20318 0.97380 -11.78534
v -2.22419 0.86524 -11.68582
v -2.24369 0.74471 -11.59704
v -2.26374 0.62846 -11.50442
v -2.28429 0.51628 -11.40815
v -2.30471 0.40311 -11.31276
v -2.32507 0.28938 -11.21787
v -2.34520 0.17380 -11.12466
v -2.36596 0.06326 -11.02691
v -2.38735 -0.04222 -10.92463
v -2.40916 -0.14430 -10.81928
v -2.43169 -0.24066 -10.70881
v -2.45473 -0.33296 -10.59470
v -2.47767 -0.42603 -10.48127
v -2.50067 -0.51866 -10.36745
v -2.52324 -0.61469 -10.25668
v -2.54611 -0.70831 -10.14375
v -2.56940 -0.79863 -10.02786
v -2.59249 -0.89049 -9.91335
v -2.61512 -0.98608 -9.80219
v -2.63739 -1.08454 -9.69359
v -2.66009 -1.17947 -9.58184
v -2.68353 -1.26858 -9.46486
v -2.70632 -1.36286 -9.35252
v -2.72777 -1.46790 -9.24984
v -2.74790 -1.58338 -9.15653
v -2.76943 -1.68777 -9.05326
v -2.79215 -1.78259 -8.94141
v -2.81482 -1.87786 -8.82995
v -2.83680 -1.97861 -8.72343
v -2.85851 -2.08157 -8.61887
v -2.88117 -2.17683 -8.50742
v -2.90516 -2.26155 -8.38650
v -2.92812 -2.35451 -8.27297
v -2.95016 -2.45472 -8.16595
v -2.97166 -2.55932 -8.06288
v -2.99377 -2.65909 -7.95547
v -3.01674 -2.75194 -7.84184
v -3.03986 -2.84358 -7.72713
v -3.06261 -2.93819 -7.61509
v -3.08503 -3.03543 -7.50541
v -3.10860 -3.12344 -7.38744
v -3.13323 -3.20300 -7.26189
v -3.15782 -3.28288 -7.13663
v -3.18158 -3.36947 -7.01739
v -3.20493 -3.45924 -6.90100
v -3.22893 -3.54385 -6.77998
v -3.25360 -3.62308 -6.65413
v -3.27644 -3.71702 -6.54149
v -3.29673 -3.83129 -6.44710
v -3.31426 -3.96765 -6.37252
v -3.33220 -4.10070 -6.29498
v -3.35042 -4.23145 -6.21537
v -3.36834 -4.36473 -6.13803
v -1.67380 2.60383 -13.64075
v -1.69607 2.50538 -13.53215
v -1.71927 2.41440 -13.41685
v -1.74162 2.31661 -13.30767
v -1.76326 2.21310 -13.20360
v -1.78560 2.11520 -13.09452
v -1.80909 2.02653 -12.97715
v -1.83319 1.94269 -12.85544
v -1.85541 1.84391 -12.74714
v -1.87601 1.73205 -12.65057
v -1.89771 1.62910 -12.54602
v -1.92116 1.54010 -12.42894
v -1.94579 1.46054 -12.30339
v -1.96852 1.36571 -12.19154
v -1.98938 1.25606 -12.09300
v -2.01092 1.15178 -11.98963
v -2.03355 1.05619 -11.87847
v -2.05637 0.96213 -11.76593
v -2.07751 0.85467 -11.66542
v -2.09689 0.73315 -11.57753
v -2.11706 0.61789 -11.48402
v -2.13804 0.50911 -11.38469
v -2.15933 0.40286 -11.28310
v -2.18007 0.29222 -11.18545
v -2.20024 0.17696 -11.09194
v -2.22119 0.06796 -10.99281
v -2.24291 -0.03488 -10.88815
v -2.26510 -0.13399 -10.78015
v -2.28757 -0.23080 -10.67008
v -2.31006 -0.32749 -10.55990
v -2.33281 -0.42210 -10.44786
v -2.35578 -0.51494 -10.33423
v -2.37847 -0.60999 -10.22258
v -2.40146 -0.70273 -10.10886
v -2.42469 -0.79349 -9.99336
v -2.44785 -0.88480 -9.87835
v -2.47056 -0.97973 -9.76660
v -2.49284 -1.07808 -9.65791
v -2.51570 -1.17180 -9.54507
v -2.53922 -1.26026 -9.42750
v -2.56211 -1.35376 -9.31447
v -2.58359 -1.45848 -9.21150
v -2.60352 -1.57560 -9.11966
v -2.62512 -1.67944 -9.01590
v -2.64802 -1.77284 -8.90277
v -2.67072 -1.86788 -8.79111
v -2.69250 -1.97018 -8.68597
v -2.71378 -2.07654 -8.58447
v -2.73641 -2.17213 -8.47331
v -2.76081 -2.25356 -8.34943
v -2.78405 -2.34421 -8.23384
v -2.80629 -2.44288 -8.12544
v -2.82781 -2.54737 -8.02227
v -2.85036 -2.64351 -7.91160
v -2.87416 -2.72977 -7.79206
v -2.89770 -2.81800 -7.67430
v -2.92047 -2.91250 -7.56215
v -2.94232 -3.01425 -7.45651
v -2.96569 -3.10391 -7.34003
v -2.99036 -3.18314 -7.21418
v -3.01472 -3.26489 -7.09059
v -3.03806 -3.35477 -6.97431
v -3.06083 -3.44927 -6.86216
v -3.08463 -3.53541 -6.74252
v -3.10964 -3.61200 -6.61431
v -3.13240 -3.70650 -6.50216
v -3.15233 -3.82363 -6.41033
v -3.16917 -3.96547 -6.34068
v -3.18647 -4.10369 -6.26778
v -3.20427 -4.23785 -6.19123
v -3.22157 -4.37607 -6.11832
v -1.52480 2.57470 -13.63701
v -1.54703 2.47592 -13.52871
v -1.57007 2.38362 -13.41460
v -1.59237 2.28539 -13.30580
v -1.61403 2.18210 -13.20154
v -1.63634 2.08398 -13.09265
v -1.65960 1.99344 -12.97696
v -1.68341 1.90729 -12.85732
v -1.70561 1.80829 -12.74922
v -1.72639 1.69798 -12.65127
v -1.74819 1.59579 -12.54603
v -1.77151 1.50569 -12.42994
v -1.79590 1.42426 -12.30606
v -1.81865 1.32966 -12.19401
v -1.83978 1.22209 -12.09360
v -1.86157 1.11979 -11.98846
v -1.88432 1.02519 -11.87641
v -1.90726 0.93212 -11.76298
v -1.92869 0.82697 -11.66040
v -1.94849 0.70874 -11.56955
v -1.96898 0.59612 -11.47368
v -1.99035 0.49042 -11.37159
v -2.01211 0.38790 -11.26664
v -2.03325 0.28044 -11.16613
v -2.05376 0.16793 -11.07016
v -2.07498 0.06113 -10.96905
v -2.09688 -0.04029 -10.86312
v -2.11955 -0.13555 -10.75166
v -2.14195 -0.23291 -10.64208
v -2.16425 -0.33114 -10.53329
v -2.18701 -0.42563 -10.42114
v -2.21018 -0.51694 -10.30614
v -2.23310 -0.61012 -10.19281
v -2.25647 -0.69978 -10.07633
v -2.27972 -0.79043 -9.96073
v -2.30321 -0.87911 -9.84336
v -2.32627 -0.97119 -9.72905
v -2.34879 -1.06766 -9.61868
v -2.37188 -1.15952 -9.50416
v -2.39562 -1.24622 -9.38502
v -2.41863 -1.33873 -9.27110
v -2.44041 -1.44114 -9.16605
v -2.46081 -1.55453 -9.07087
v -2.48265 -1.65639 -8.96533
v -2.50570 -1.74858 -8.85111
v -2.52830 -1.84439 -8.74015
v -2.54998 -1.94757 -8.63579
v -2.57113 -2.05492 -8.53518
v -2.59357 -2.15205 -8.42540
v -2.61787 -2.23424 -8.30222
v -2.64132 -2.32324 -8.18514
v -2.66404 -2.41807 -8.07329
v -2.68621 -2.51729 -7.96539
v -2.70944 -2.60805 -7.84989
v -2.73395 -2.68860 -7.72522
v -2.75813 -2.77178 -7.60292
v -2.78125 -2.86342 -7.48821
v -2.80329 -2.96373 -7.38129
v -2.82659 -3.05395 -7.26530
v -2.85093 -3.13581 -7.14182
v -2.87487 -3.22086 -7.02119
v -2.89783 -3.31381 -6.90767
v -2.92024 -3.41117 -6.79808
v -2.94366 -3.50039 -6.68121
v -2.96824 -3.58038 -6.55604
v -2.99051 -3.67884 -6.44745
v -3.00978 -3.80124 -6.36035
v -3.02578 -3.94978 -6.29671
v -3.04218 -4.09514 -6.23022
v -3.05908 -4.23655 -6.16018
v -3.07548 -4.38191 -6.09368
v -1.37773 2.56094 -13.61947
v -1.39974 2.46040 -13.51275
v -1.42269 2.36745 -13.39922
v -1.44473 2.26713 -13.29230
v -1.46608 2.16132 -13.19031
v -1.48815 2.06133 -13.08310
v -1.51134 1.97024 -12.96790
v -1.53522 1.88464 -12.84777
v -1.55736 1.78520 -12.74006
v -1.57794 1.67324 -12.64359
v -1.59970 1.57072 -12.53864
v -1.62313 1.48150 -12.42176
v -1.64777 1.40205 -12.29611
v -1.67065 1.30843 -12.18318
v -1.69173 1.20054 -12.08306
v -1.71366 1.09934 -11.97693
v -1.73671 1.00715 -11.86271
v -1.76011 0.91771 -11.74603
v -1.78174 0.81420 -11.64197
v -1.80140 0.69488 -11.55211
v -1.82205 0.58346 -11.45515
v -1.84384 0.48117 -11.35001
v -1.86631 0.38436 -11.23993
v -1.88766 0.27855 -11.13794
v -1.90807 0.16527 -11.04266
v -1.92928 0.05836 -10.94165
v -1.95140 -0.04130 -10.83414
v -1.97431 -0.13459 -10.72091
v -1.99658 -0.23304 -10.61232
v -2.01841 -0.33500 -10.50688
v -2.04104 -0.43060 -10.39572
v -2.06426 -0.52147 -10.28032
v -2.08746 -0.61245 -10.16502
v -2.11109 -0.70003 -10.04666
v -2.13439 -0.79024 -9.93067
v -2.15807 -0.87737 -9.81192
v -2.18133 -0.96791 -9.69622
v -2.20404 -1.06285 -9.58447
v -2.22732 -1.15317 -9.46858
v -2.25117 -1.23899 -9.34864
v -2.27429 -1.33063 -9.23394
v -2.29615 -1.43237 -9.12830
v -2.31641 -1.54686 -9.03410
v -2.33834 -1.64806 -8.92797
v -2.36155 -1.73893 -8.81257
v -2.38418 -1.83453 -8.70141
v -2.40568 -1.93913 -8.59833
v -2.42649 -2.04923 -8.50019
v -2.44897 -2.14603 -8.39012
v -2.47383 -2.22372 -8.26288
v -2.49775 -2.30899 -8.14246
v -2.52073 -2.40172 -8.02873
v -2.54304 -2.49984 -7.91984
v -2.56693 -2.58533 -7.79961
v -2.59235 -2.65863 -7.66844
v -2.61706 -2.73752 -7.54229
v -2.64006 -2.83015 -7.42847
v -2.66135 -2.93640 -7.32687
v -2.68436 -3.02892 -7.21295
v -2.70876 -3.11034 -7.08908
v -2.73240 -3.19781 -6.97062
v -2.75474 -3.29571 -6.86153
v -2.77635 -3.39943 -6.75767
v -2.79955 -3.49041 -6.64237
v -2.82460 -3.56667 -6.51385
v -2.84698 -3.66425 -6.40447
v -2.86585 -3.78983 -6.32023
v -2.88129 -3.94288 -6.26064
v -2.89732 -4.09121 -6.19681
v -2.91407 -4.23382 -6.12785
v -2.93010 -4.38215 -6.06402
v -1.23192 2.55729 -13.59286
v -1.25357 2.45390 -13.48870
v -1.27632 2.35929 -13.37665
v -1.29800 2.25612 -13.27230
v -1.31882 2.14613 -13.17406
v -1.34053 2.04318 -13.06950
v -1.36369 1.95187 -12.95450
v -1.38782 1.86825 -12.83259
v -1.40993 1.76859 -12.72508
v -1.43017 1.65388 -12.63108
v -1.45185 1.55070 -12.52672
v -1.47556 1.46379 -12.40777
v -1.50074 1.38863 -12.27827
v -1.52381 1.29655 -12.16396
v -1.54471 1.18722 -12.06513
v -1.56663 1.08591 -11.95909
v -1.58998 0.99614 -11.84271
v -1.61380 0.91010 -11.72297
v -1.63544 0.80660 -11.61891
v -1.65467 0.68387 -11.53211
v -1.67508 0.57059 -11.43682
v -1.69705 0.46972 -11.33039
v -1.71984 0.37544 -11.21805
v -1.74123 0.26996 -11.11577
v -1.76147 0.15525 -11.02176
v -1.78265 0.04812 -10.92096
v -1.80493 -0.05022 -10.81226
v -1.82805 -0.14186 -10.69755
v -1.85033 -0.24020 -10.58886
v -1.87201 -0.34338 -10.48450
v -1.89462 -0.43908 -10.37344
v -1.91788 -0.52962 -10.25775
v -1.94118 -0.61983 -10.14176
v -1.96498 -0.70609 -10.02222
v -1.98840 -0.79531 -9.90534
v -2.01223 -0.88124 -9.78550
v -2.03564 -0.97057 -9.66872
v -2.05841 -1.06507 -9.55658
v -2.08182 -1.15440 -9.43980
v -2.10587 -1.23857 -9.31838
v -2.12917 -1.32878 -9.20239
v -2.15100 -1.43075 -9.09695
v -2.17100 -1.54733 -9.00463
v -2.19290 -1.64874 -8.89869
v -2.21638 -1.73753 -8.78142
v -2.23921 -1.83147 -8.66878
v -2.26064 -1.93663 -8.56620
v -2.28135 -2.04749 -8.46875
v -2.30421 -2.14122 -8.35591
v -2.33003 -2.21132 -8.22188
v -2.35470 -2.29055 -8.09603
v -2.37806 -2.38032 -7.97964
v -2.40054 -2.47702 -7.86947
v -2.42498 -2.55811 -7.74529
v -2.45126 -2.62448 -7.60791
v -2.47635 -2.70041 -7.47910
v -2.49892 -2.79645 -7.36833
v -2.51921 -2.91072 -7.27394
v -2.54166 -3.00774 -7.16406
v -2.56603 -3.08938 -7.04038
v -2.58944 -3.17871 -6.92360
v -2.61092 -3.28343 -6.82062
v -2.63164 -3.39429 -6.72317
v -2.65468 -3.48659 -6.60905
v -2.68035 -3.55780 -6.47600
v -2.70308 -3.65262 -6.36415
v -2.72147 -3.78205 -6.28336
v -2.73650 -3.93840 -6.22673
v -2.75243 -4.08750 -6.16359
v -2.76934 -4.22879 -6.09345
v -2.78528 -4.37789 -6.03031
v -1.08492 2.54409 -13.57483
v -1.10637 2.43916 -13.47205
v -1.12899 2.34345 -13.36099
v -1.15044 2.23852 -13.25821
v -1.17098 2.12623 -13.16204
v -1.19247 2.02151 -13.05906
v -1.21557 1.92976 -12.94445
v -1.23970 1.84614 -12.82254
v -1.26179 1.74627 -12.71523
v -1.28190 1.63057 -12.62212
v -1.30354 1.52706 -12.51806
v -1.32738 1.44124 -12.39812
v -1.35275 1.36751 -12.26734
v -1.37592 1.27631 -12.15224
v -1.39687 1.16731 -12.05311
v -1.41885 1.06656 -11.94658
v -1.44244 0.97865 -11.82852
v -1.46662 0.89547 -11.70622
v -1.48838 0.79296 -11.60127
v -1.50753 0.66957 -11.51506
v -1.52794 0.55628 -11.41977
v -1.55011 0.45706 -11.31187
v -1.57330 0.36597 -11.19667
v -1.59482 0.26148 -11.09349
v -1.61504 0.14666 -10.99959
v -1.63634 0.04052 -10.89790
v -1.65885 -0.05606 -10.78762
v -1.68228 -0.14518 -10.67065
v -1.70459 -0.24330 -10.56176
v -1.72609 -0.34790 -10.45868
v -1.74869 -0.44372 -10.34772
v -1.77195 -0.53426 -10.23202
v -1.79544 -0.62293 -10.11465
v -1.81940 -0.70787 -9.99393
v -1.84279 -0.79731 -9.87725
v -1.86670 -0.88269 -9.75692
v -1.89027 -0.97070 -9.63896
v -1.91323 -1.06366 -9.52543
v -1.93682 -1.15157 -9.40737
v -1.96095 -1.23508 -9.28536
v -1.98439 -1.32419 -9.16839
v -2.00643 -1.42451 -9.06147
v -2.02674 -1.53856 -8.96687
v -2.04882 -1.63855 -8.85966
v -2.07249 -1.72579 -8.74101
v -2.09540 -1.81908 -8.62778
v -2.11677 -1.92478 -8.52569
v -2.13721 -2.03784 -8.43021
v -2.16025 -2.13014 -8.31609
v -2.18640 -2.19750 -8.17959
v -2.21154 -2.27300 -8.05039
v -2.23513 -2.36090 -7.93232
v -2.25769 -2.45704 -7.82166
v -2.28258 -2.53451 -7.69423
v -2.30965 -2.59462 -7.55122
v -2.33505 -2.66803 -7.42015
v -2.35727 -2.76681 -7.31185
v -2.37680 -2.88723 -7.22297
v -2.39887 -2.98722 -7.11575
v -2.42333 -3.06820 -6.99148
v -2.44651 -3.15929 -6.87628
v -2.46738 -3.26895 -6.77774
v -2.48718 -3.38717 -6.68689
v -2.50998 -3.48134 -6.57445
v -2.53610 -3.54903 -6.43825
v -2.55909 -3.64166 -6.32443
v -2.57732 -3.77241 -6.24482
v -2.59217 -3.93018 -6.18947
v -2.60818 -4.07873 -6.12583
v -2.62550 -4.21673 -6.05273
v -2.64150 -4.36528 -5.98910
v -0.93798 2.53143 -13.55630
v -0.95923 2.42485 -13.45500
v -0.98167 2.32772 -13.34522
v -1.00289 2.22092 -13.24412
v -1.02323 2.10709 -13.14933
v -1.04464 2.00172 -13.04694
v -1.06765 1.90920 -12.93302
v -1.09169 1.82492 -12.81171
v -1.11375 1.72482 -12.70459
v -1.13389 1.60934 -12.61128
v -1.15560 1.50639 -12.50673
v -1.17943 1.42046 -12.38689
v -1.20482 1.34695 -12.25591
v -1.22804 1.25608 -12.14051
v -1.24908 1.14785 -12.04069
v -1.27120 1.04819 -11.93318
v -1.29488 0.96105 -11.81443
v -1.31934 0.88007 -11.69016
v -1.34119 0.77832 -11.58452
v -1.36041 0.65548 -11.49781
v -1.38094 0.54308 -11.40174
v -1.40326 0.44507 -11.29275
v -1.42678 0.35661 -11.17518
v -1.44837 0.25278 -11.07142
v -1.46849 0.13708 -10.97830
v -1.48986 0.03149 -10.87612
v -1.51243 -0.06454 -10.76535
v -1.53608 -0.15201 -10.64689
v -1.55836 -0.25035 -10.53820
v -1.57965 -0.35660 -10.43661
v -1.60226 -0.45231 -10.32554
v -1.62558 -0.54241 -10.20946
v -1.64932 -0.62910 -10.09031
v -1.67352 -0.71207 -9.96781
v -1.69693 -0.80140 -9.85103
v -1.72101 -0.88535 -9.72942
v -1.74479 -0.97171 -9.60998
v -1.76797 -1.06291 -9.49488
v -1.79180 -1.14884 -9.37504
v -1.81600 -1.23191 -9.25264
v -1.83956 -1.32004 -9.13478
v -1.86184 -1.41838 -9.02608
v -1.88262 -1.52869 -8.92813
v -1.90495 -1.62670 -8.81914
v -1.92877 -1.71274 -8.69941
v -1.95174 -1.80559 -8.58578
v -1.97317 -1.91074 -8.48320
v -1.99339 -2.02556 -8.38930
v -2.01659 -2.11654 -8.27400
v -2.04287 -2.18292 -8.13661
v -2.06832 -2.25599 -8.00524
v -2.09212 -2.34214 -7.88560
v -2.11461 -2.43883 -7.77542
v -2.13971 -2.51465 -7.64652
v -2.16734 -2.57026 -7.49947
v -2.19278 -2.64333 -7.36810
v -2.21480 -2.74376 -7.26127
v -2.23362 -2.86978 -7.17743
v -2.25547 -2.97164 -7.07189
v -2.28006 -3.05152 -6.94663
v -2.30308 -3.14393 -6.83261
v -2.32358 -3.25656 -6.73673
v -2.34265 -3.38060 -6.65111
v -2.36520 -3.47675 -6.54045
v -2.39165 -3.54180 -6.40188
v -2.41473 -3.63377 -6.28746
v -2.43304 -3.76386 -6.20726
v -2.44796 -3.92109 -6.15142
v -2.46418 -4.06788 -6.08621
v -2.48208 -4.20126 -6.00897
v -2.49829 -4.34816 -5.94385
v -0.78927 2.50461 -13.55049
v -0.81056 2.39836 -13.44890
v -0.83287 2.30023 -13.34001
v -0.85414 2.19376 -13.23861
v -0.87469 2.08158 -13.14234
v -0.89618 1.97687 -13.03936
v -0.91899 1.88281 -12.92682
v -0.94268 1.79568 -12.80807
v -0.96478 1.69591 -12.70066
v -0.98528 1.58328 -12.60478
v -1.00716 1.48176 -12.49895
v -1.03082 1.39440 -12.38039
v -1.05579 1.31759 -12.25237
v -1.07898 1.22650 -12.13717
v -1.10037 1.12102 -12.03489
v -1.12267 1.02279 -11.92609
v -1.14626 0.93488 -11.80803
v -1.17052 0.85236 -11.68514
v -1.19254 0.75193 -11.57832
v -1.21221 0.63272 -11.48836
v -1.23300 0.52240 -11.39041
v -1.25533 0.42450 -11.28132
v -1.27917 0.33858 -11.16149
v -1.30086 0.23551 -11.05703
v -1.32127 0.12223 -10.96175
v -1.34275 0.01741 -10.85887
v -1.36532 -0.07863 -10.74811
v -1.38915 -0.16456 -10.62827
v -1.41149 -0.26246 -10.51918
v -1.43248 -0.37113 -10.41975
v -1.45529 -0.46529 -10.30731
v -1.47889 -0.55309 -10.18915
v -1.50289 -0.63770 -10.06813
v -1.52740 -0.71824 -9.94347
v -1.55087 -0.80702 -9.82619
v -1.57523 -0.88878 -9.70261
v -1.59940 -0.97207 -9.58041
v -1.62272 -1.06206 -9.46422
v -1.64680 -1.14601 -9.34261
v -1.67113 -1.22798 -9.21922
v -1.69485 -1.31490 -9.10028
v -1.71743 -1.41082 -8.98941
v -1.73877 -1.51674 -8.88752
v -1.76129 -1.61310 -8.77705
v -1.78534 -1.69738 -8.65574
v -1.80837 -1.78968 -8.54162
v -1.83026 -1.89121 -8.43578
v -1.85113 -2.00087 -8.33725
v -1.87469 -2.08899 -8.21938
v -1.90108 -2.15448 -8.08121
v -1.92684 -2.22503 -7.94757
v -1.95106 -2.30788 -7.82497
v -1.97390 -2.40172 -7.71223
v -1.99895 -2.47798 -7.58372
v -2.02619 -2.53666 -7.43943
v -2.05142 -2.61138 -7.30954
v -2.07334 -2.71269 -7.20351
v -2.09236 -2.83707 -7.11818
v -2.11414 -2.93947 -7.01313
v -2.13838 -3.02210 -6.89034
v -2.16115 -3.11660 -6.77819
v -2.18163 -3.22933 -6.68242
v -2.20079 -3.35261 -6.59610
v -2.22320 -3.44996 -6.48652
v -2.24910 -3.51941 -6.35190
v -2.27191 -3.61347 -6.23936
v -2.29020 -3.74378 -6.15935
v -2.30521 -3.90024 -6.10282
v -2.32142 -4.04713 -6.03771
v -2.33914 -4.18195 -5.96175
v -2.35534 -4.32896 -5.89673
v -0.64277 2.49547 -13.52881
v -0.66403 2.38889 -13.42751
v -0.68624 2.29000 -13.31931
v -0.70748 2.18331 -13.21811
v -0.72803 2.07112 -13.12184
v -0.74951 1.96641 -13.01886
v -0.77221 1.87136 -12.90721
v -0.79574 1.78302 -12.78955
v -0.81785 1.68325 -12.68213
v -0.83845 1.57151 -12.58547
v -0.86038 1.47031 -12.47934
v -0.88397 1.38240 -12.36128
v -0.90880 1.30450 -12.23424
v -0.93197 1.21319 -12.11924
v -0.95349 1.10880 -12.01597
v -0.97587 1.01123 -11.90658
v -0.99951 0.92377 -11.78813
v -1.02386 0.84190 -11.66464
v -1.04597 0.74224 -11.55713
v -1.06593 0.62534 -11.46510
v -1.08694 0.51678 -11.36557
v -1.10941 0.41998 -11.25550
v -1.13333 0.33471 -11.13507
v -1.15509 0.23219 -11.03012
v -1.17557 0.11946 -10.93435
v -1.19714 0.01541 -10.83078
v -1.21965 -0.08118 -10.72051
v -1.24343 -0.16754 -10.60107
v -1.26568 -0.26610 -10.49257
v -1.28662 -0.37521 -10.39354
v -1.30937 -0.46982 -10.28149
v -1.33290 -0.55816 -10.16382
v -1.35687 -0.64299 -10.04300
v -1.38141 -0.72331 -9.91814
v -1.40486 -0.81232 -9.80106
v -1.42923 -0.89396 -9.67738
v -1.45343 -0.97692 -9.55488
v -1.47687 -1.06603 -9.43791
v -1.50104 -1.14932 -9.31570
v -1.52541 -1.23097 -9.19202
v -1.54921 -1.31711 -9.07238
v -1.57210 -1.41062 -8.95935
v -1.59404 -1.51171 -8.85312
v -1.61689 -1.60555 -8.74038
v -1.64105 -1.68884 -8.61818
v -1.66414 -1.78070 -8.50367
v -1.68621 -1.88079 -8.39655
v -1.70712 -1.99012 -8.29772
v -1.73070 -2.07803 -8.17966
v -1.75685 -2.14550 -8.04326
v -1.78255 -2.21648 -7.91001
v -1.80665 -2.30032 -7.78830
v -1.82925 -2.39614 -7.67734
v -1.85401 -2.47459 -7.55080
v -1.88115 -2.53416 -7.40730
v -1.90612 -2.61096 -7.27928
v -1.92770 -2.71491 -7.17561
v -1.94646 -2.84148 -7.09226
v -1.96811 -2.94488 -6.98810
v -1.99252 -3.02619 -6.86412
v -2.01532 -3.12036 -6.75168
v -2.03561 -3.23463 -6.65728
v -2.05439 -3.36098 -6.57373
v -2.07665 -3.45954 -6.46523
v -2.10254 -3.52899 -6.33061
v -2.12554 -3.62162 -6.21679
v -2.14411 -3.74962 -6.13472
v -2.15961 -3.90223 -6.07473
v -2.17642 -4.04430 -6.00528
v -2.19497 -4.17252 -5.92340
v -2.21175 -4.31481 -5.85415
v -0.49868 2.50555 -13.48988
v -0.51985 2.39831 -13.38917
v -0.54209 2.29964 -13.28077
v -0.56325 2.19229 -13.18016
v -0.58363 2.07879 -13.08507
v -0.60504 1.97342 -12.98269
v -0.62777 1.87870 -12.87074
v -0.65142 1.79124 -12.75228
v -0.67345 1.69092 -12.64537
v -0.69384 1.57742 -12.55028
v -0.71567 1.47545 -12.44484
v -0.73932 1.38810 -12.32628
v -0.76441 1.31217 -12.19747
v -0.78760 1.22108 -12.08227
v -0.80893 1.11515 -11.98038
v -0.83128 1.01736 -11.87119
v -0.85506 0.93100 -11.75175
v -0.87968 0.85133 -11.62630
v -0.90185 0.75211 -11.51839
v -0.92172 0.63443 -11.42705
v -0.94289 0.52719 -11.32634
v -0.96562 0.43248 -11.21439
v -0.98989 0.34996 -11.09150
v -1.01174 0.24821 -10.98586
v -1.03213 0.13471 -10.89078
v -1.05370 0.03065 -10.78721
v -1.07617 -0.06615 -10.67713
v -1.09957 -0.15559 -10.56045
v -1.12167 -0.25536 -10.45304
v -1.14230 -0.36688 -10.35618
v -1.16474 -0.46402 -10.24640
v -1.18783 -0.55588 -10.13189
v -1.21147 -0.64334 -10.01343
v -1.23560 -0.72696 -9.89153
v -1.25888 -0.81728 -9.77563
v -1.28288 -0.90189 -9.65461
v -1.30676 -0.98749 -9.53448
v -1.32998 -1.07836 -9.41908
v -1.35403 -1.16253 -9.29767
v -1.37825 -1.24538 -9.17507
v -1.40207 -1.33142 -9.05533
v -1.42501 -1.42449 -8.94191
v -1.44699 -1.52524 -8.83538
v -1.46994 -1.61831 -8.72196
v -1.49421 -1.70072 -8.59896
v -1.51744 -1.79148 -8.48347
v -1.53957 -1.89103 -8.37586
v -1.56040 -2.00102 -8.27761
v -1.58410 -2.08805 -8.15876
v -1.61038 -2.15442 -8.02138
v -1.63599 -2.22617 -7.88882
v -1.65968 -2.31320 -7.76997
v -1.68154 -2.41495 -7.66433
v -1.70588 -2.49681 -7.54085
v -1.73286 -2.55758 -7.39843
v -1.75744 -2.63757 -7.27327
v -1.77835 -2.74690 -7.17444
v -1.79625 -2.88028 -7.09720
v -1.81771 -2.98522 -6.99442
v -1.84256 -3.06301 -6.86729
v -1.86563 -3.15509 -6.75297
v -1.88571 -3.27101 -6.66005
v -1.90397 -3.40154 -6.58025
v -1.92632 -3.49933 -6.47106
v -1.95293 -3.56307 -6.33131
v -1.97658 -3.65043 -6.21276
v -1.99580 -3.77326 -6.12605
v -2.01207 -3.91972 -6.06054
v -2.02993 -4.05344 -5.98360
v -2.04986 -4.17057 -5.89176
v -2.06769 -4.30450 -5.81501
v -0.35287 2.50190 -13.46326
v -0.37425 2.39631 -13.36108
v -0.39646 2.29742 -13.25288
v -0.41780 2.19150 -13.15098
v -0.43843 2.07998 -13.05412
v -0.45987 1.97493 -12.95144
v -0.48249 1.87923 -12.84038
v -0.50576 1.78880 -12.72459
v -0.52774 1.68804 -12.61806
v -0.54834 1.57630 -12.52140
v -0.57016 1.47422 -12.41606
v -0.59369 1.38588 -12.29839
v -0.61841 1.30698 -12.17224
v -0.64154 1.21545 -12.05744
v -0.66316 1.11184 -11.95347
v -0.68554 1.01426 -11.84409
v -0.70931 0.92779 -11.72475
v -0.73380 0.84713 -11.60018
v -0.75611 0.74901 -11.49129
v -0.77656 0.63595 -11.39580
v -0.79803 0.53113 -11.29293
v -0.82087 0.43729 -11.18019
v -0.84502 0.35389 -11.05809
v -0.86698 0.25291 -10.95176
v -0.88761 0.14139 -10.85490
v -0.90925 0.03788 -10.75084
v -0.93154 -0.06035 -10.64204
v -0.95461 -0.15243 -10.52773
v -0.97662 -0.25297 -10.42101
v -0.99731 -0.36405 -10.32375
v -1.01959 -0.46239 -10.21506
v -1.04246 -0.55601 -10.10212
v -1.06587 -0.64534 -9.98534
v -1.08966 -0.73160 -9.86580
v -1.11278 -0.82324 -9.75109
v -1.13651 -0.91004 -9.63205
v -1.16018 -0.99729 -9.51339
v -1.18329 -1.08904 -9.39878
v -1.20716 -1.17464 -9.27865
v -1.23118 -1.25913 -9.15753
v -1.25498 -1.34528 -9.03789
v -1.27813 -1.43670 -8.92299
v -1.30084 -1.53164 -8.81124
v -1.32403 -1.62273 -8.69603
v -1.34825 -1.70558 -8.57344
v -1.37151 -1.79612 -8.45774
v -1.39382 -1.89424 -8.34885
v -1.41497 -2.00159 -8.24824
v -1.43859 -2.08928 -8.12998
v -1.46416 -2.16136 -7.99772
v -1.48945 -2.23564 -7.86744
v -1.51295 -2.32421 -7.74997
v -1.53478 -2.42617 -7.64453
v -1.55881 -2.51056 -7.52331
v -1.58524 -2.57573 -7.38484
v -1.60953 -2.65803 -7.26175
v -1.63030 -2.76845 -7.16390
v -1.64842 -2.90008 -7.08508
v -1.66992 -3.00468 -6.98201
v -1.69476 -3.08259 -6.85497
v -1.71792 -3.17390 -6.73997
v -1.73806 -3.28938 -6.64666
v -1.75634 -3.41969 -6.56665
v -1.77867 -3.51770 -6.45766
v -1.80504 -3.58331 -6.31959
v -1.82882 -3.66967 -6.20014
v -1.84843 -3.78944 -6.11068
v -1.86542 -3.93007 -6.03994
v -1.88407 -4.05742 -5.95728
v -1.90479 -4.16828 -5.85983
v -1.92340 -4.29596 -5.77746
v -0.20725 2.49980 -13.43527
v -0.22884 2.39585 -13.33161
v -0.25101 2.29663 -13.22370
v -0.27254 2.19225 -13.12043
v -0.29349 2.08325 -13.02130
v -0.31504 1.97909 -12.91783
v -0.33745 1.88173 -12.80825
v -0.36025 1.78757 -12.69581
v -0.38212 1.68593 -12.59007
v -0.40303 1.57660 -12.49124
v -0.42487 1.47475 -12.38570
v -0.44814 1.38432 -12.26990
v -0.47236 1.30147 -12.14731
v -0.49544 1.20950 -12.03289
v -0.51740 1.10852 -11.92657
v -0.53993 1.01215 -11.81610
v -0.56357 0.92469 -11.69764
v -0.58791 0.84283 -11.57416
v -0.61030 0.74537 -11.46467
v -0.63127 0.63648 -11.36545
v -0.65297 0.53352 -11.26089
v -0.67572 0.43892 -11.14885
v -0.69971 0.35420 -11.02793
v -0.72162 0.25289 -10.92189
v -0.74227 0.14148 -10.82493
v -0.76384 0.03742 -10.72136
v -0.78590 -0.06268 -10.61425
v -0.80876 -0.15640 -10.50141
v -0.83064 -0.25793 -10.39558
v -0.85126 -0.36956 -10.29881
v -0.87346 -0.46857 -10.19071
v -0.89628 -0.56262 -10.07817
v -0.91966 -0.65217 -9.96159
v -0.94328 -0.73986 -9.84333
v -0.96621 -0.83304 -9.73000
v -0.98979 -0.92094 -9.61194
v -1.01333 -1.00929 -9.49427
v -1.03645 -1.10092 -9.37957
v -1.06017 -1.18773 -9.26052
v -1.08388 -1.27465 -9.14157
v -1.10757 -1.36178 -9.02282
v -1.13088 -1.45188 -8.90673
v -1.15418 -1.54210 -8.79074
v -1.17752 -1.63198 -8.67445
v -1.20153 -1.71648 -8.55333
v -1.22470 -1.80779 -8.43833
v -1.24720 -1.90437 -8.32806
v -1.26890 -2.00733 -8.22350
v -1.29237 -2.09622 -8.10633
v -1.31714 -2.17468 -7.97979
v -1.34199 -2.25247 -7.85266
v -1.36543 -2.34159 -7.73568
v -1.38731 -2.44311 -7.62984
v -1.41106 -2.52970 -7.51060
v -1.43672 -2.60101 -7.37765
v -1.46072 -2.68562 -7.25663
v -1.48172 -2.79429 -7.15720
v -1.50033 -2.92196 -7.07484
v -1.52201 -3.02514 -6.97048
v -1.54675 -3.10382 -6.84414
v -1.56993 -3.19502 -6.72903
v -1.59031 -3.30852 -6.63395
v -1.60886 -3.43674 -6.55207
v -1.63115 -3.53497 -6.44328
v -1.65717 -3.60343 -6.30776
v -1.68086 -3.69057 -6.18901
v -1.70084 -3.80725 -6.09679
v -1.71863 -3.94152 -6.02033
v -1.73795 -4.06359 -5.93294
v -1.75927 -4.16962 -5.83114
v -1.77853 -4.29213 -5.74414
v -0.06215 2.50175 -13.40363
v -0.08389 2.39913 -13.29878
v -0.10605 2.29980 -13.19098
v -0.12772 2.19651 -13.08672
v -0.14895 2.08982 -12.98552
v -0.17059 1.98632 -12.88146
v -0.19272 1.88677 -12.77385
v -0.21513 1.78941 -12.66427
v -0.23690 1.68701 -12.55922
v -0.25802 1.57933 -12.45891
v -0.27985 1.47736 -12.35347
v -0.30282 1.38451 -12.23984
v -0.32655 1.29782 -12.12070
v -0.34952 1.20497 -12.00707
v -0.37174 1.10608 -11.89887
v -0.39435 1.01038 -11.78781
v -0.41773 0.92082 -11.67123
v -0.44192 0.83775 -11.54883
v -0.46425 0.73974 -11.43984
v -0.48558 0.63382 -11.33795
v -0.50744 0.53207 -11.23231
v -0.52997 0.43571 -11.12184
v -0.55380 0.34978 -11.00200
v -0.57563 0.24782 -10.89656
v -0.59620 0.13574 -10.80019
v -0.61777 0.03169 -10.69663
v -0.63964 -0.06995 -10.59089
v -0.66236 -0.16477 -10.47904
v -0.68424 -0.26630 -10.37321
v -0.70472 -0.37903 -10.27743
v -0.72691 -0.47814 -10.16942
v -0.74967 -0.57264 -10.05728
v -0.77312 -0.66164 -9.94020
v -0.79655 -0.75087 -9.82333
v -0.81923 -0.84602 -9.71177
v -0.84261 -0.93557 -9.59519
v -0.86599 -1.02513 -9.47861
v -0.88919 -1.11611 -9.36331
v -0.91281 -1.20379 -9.24505
v -0.93615 -1.29367 -9.12876
v -0.95968 -1.38202 -9.01109
v -0.98304 -1.47179 -8.89471
v -1.00683 -1.55805 -8.77517
v -1.03021 -1.64760 -8.65859
v -1.05386 -1.73506 -8.54013
v -1.07684 -1.82780 -8.42641
v -1.09951 -1.92307 -8.31495
v -1.12160 -2.02295 -8.20764
v -1.14490 -2.11316 -8.09165
v -1.16877 -2.19876 -7.97152
v -1.19327 -2.27941 -7.84695
v -1.21683 -2.36753 -7.72908
v -1.23912 -2.46577 -7.62029
v -1.26279 -2.55301 -7.50164
v -1.28788 -2.62894 -7.37283
v -1.31186 -2.71366 -7.25191
v -1.33354 -2.81683 -7.14755
v -1.35316 -2.93649 -7.05799
v -1.37519 -3.03681 -6.95107
v -1.39963 -3.11790 -6.82689
v -1.42277 -3.20943 -6.71209
v -1.44369 -3.31865 -6.61315
v -1.46294 -3.44127 -6.52625
v -1.48521 -3.53972 -6.41765
v -1.51050 -3.61400 -6.28737
v -1.53389 -3.70344 -6.17068
v -1.55431 -3.81672 -6.07540
v -1.57278 -3.94550 -5.99402
v -1.59248 -4.06449 -5.90386
v -1.61383 -4.17030 -5.80187
v -1.63343 -4.29007 -5.71240
v 0.08362 2.49843 -13.37672
v 0.06163 2.39779 -13.27010
v 0.03950 2.29824 -13.16249
v 0.01760 2.19682 -13.05656
v -0.00402 2.09320 -12.95260
v -0.02574 1.99036 -12.84794
v -0.04763 1.88883 -12.74211
v -0.06957 1.78774 -12.63588
v -0.09124 1.68457 -12.53152
v -0.11265 1.57920 -12.42914
v -0.13449 1.47734 -12.32360
v -0.15709 1.38153 -12.21264
v -0.18022 1.29000 -12.09783
v -0.20308 1.19627 -11.98500
v -0.22558 1.09969 -11.87472
v -0.24840 1.00563 -11.76218
v -0.27174 0.91575 -11.64590
v -0.29581 0.83169 -11.52439
v -0.31838 0.73565 -11.41362
v -0.34035 0.63479 -11.30719
v -0.36252 0.53557 -11.19929
v -0.38502 0.43898 -11.08902
v -0.40865 0.35141 -10.97066
v -0.43050 0.24955 -10.86512
v -0.45121 0.13869 -10.76767
v -0.47278 0.03463 -10.66410
v -0.49449 -0.06832 -10.55955
v -0.51699 -0.16491 -10.44927
v -0.53878 -0.26720 -10.34413
v -0.55924 -0.38005 -10.24845
v -0.58131 -0.48014 -10.14133
v -0.60389 -0.57607 -10.03047
v -0.62718 -0.66639 -9.91458
v -0.65031 -0.75792 -9.79977
v -0.67275 -0.85505 -9.68999
v -0.69588 -0.94658 -9.57518
v -0.71907 -1.03767 -9.45998
v -0.74224 -1.12887 -9.34488
v -0.76563 -1.21843 -9.22830
v -0.78865 -1.31083 -9.11428
v -0.81210 -1.39984 -8.99720
v -0.83557 -1.48873 -8.88003
v -0.85965 -1.57268 -8.75842
v -0.88310 -1.66168 -8.64134
v -0.90648 -1.75124 -8.52476
v -0.92945 -1.84408 -8.41114
v -0.95235 -1.93748 -8.29800
v -0.97526 -2.03077 -8.18477
v -0.99847 -2.12175 -8.06947
v -1.02173 -2.21229 -7.95378
v -1.04556 -2.29822 -7.83394
v -1.06876 -2.38920 -7.71864
v -1.09098 -2.48809 -7.61044
v -1.11414 -2.57940 -7.49544
v -1.13804 -2.66478 -7.37511
v -1.16166 -2.75246 -7.25685
v -1.18353 -2.85410 -7.15111
v -1.20396 -2.96727 -7.05573
v -1.22632 -3.06495 -6.94644
v -1.25064 -3.14703 -6.82316
v -1.27395 -3.23714 -6.70707
v -1.29530 -3.34295 -6.60508
v -1.31507 -3.46139 -6.51443
v -1.33746 -3.55886 -6.40494
v -1.36232 -3.63654 -6.27771
v -1.38572 -3.72599 -6.16103
v -1.40660 -3.83553 -6.06239
v -1.42570 -3.95936 -5.97658
v -1.44582 -4.07495 -5.88336
v -1.46742 -4.17878 -5.77960
v -1.48742 -4.29536 -5.68727
v 0.22755 2.50984 -13.33660
v 0.20550 2.40963 -13.22959
v 0.18337 2.31008 -13.12198
v 0.16143 2.20899 -13.01575
v 0.13971 2.10615 -12.91110
v 0.11801 2.00319 -12.80654
v 0.09633 1.90002 -12.70219
v 0.07465 1.79684 -12.59783
v 0.05314 1.69235 -12.49466
v 0.03176 1.58676 -12.39247
v 0.01000 1.48424 -12.28752
v -0.01239 1.38678 -12.17804
v -0.03528 1.29327 -12.06501
v -0.05810 1.19921 -11.95247
v -0.08070 1.10340 -11.84151
v -0.10366 1.01055 -11.72788
v -0.12720 0.92221 -11.61021
v -0.15153 0.84024 -11.48683
v -0.17436 0.74629 -11.37419
v -0.19672 0.64861 -11.26490
v -0.21921 0.55191 -11.15473
v -0.24195 0.45720 -11.04278
v -0.26530 0.36743 -10.92640
v -0.28717 0.26579 -10.82066
v -0.30781 0.15426 -10.72380
v -0.32933 0.04988 -10.62053
v -0.35089 -0.05428 -10.51706
v -0.37290 -0.15482 -10.41034
v -0.39444 -0.25909 -10.30697
v -0.41508 -0.37051 -10.21001
v -0.43679 -0.47346 -10.10545
v -0.45889 -0.57323 -9.99804
v -0.48181 -0.66652 -9.88481
v -0.50449 -0.76168 -9.77326
v -0.52674 -0.86024 -9.66476
v -0.54948 -0.95495 -9.55281
v -0.57224 -1.04945 -9.44067
v -0.59535 -1.14120 -9.32606
v -0.61844 -1.23306 -9.21154
v -0.64116 -1.32788 -9.09970
v -0.66451 -1.41777 -8.98341
v -0.68804 -1.50611 -8.86574
v -0.71227 -1.58885 -8.74305
v -0.73585 -1.67687 -8.62508
v -0.75902 -1.76807 -8.50998
v -0.78207 -1.86025 -8.39576
v -0.80491 -1.95420 -8.28313
v -0.82775 -2.04804 -8.17039
v -0.85058 -2.14199 -8.05775
v -0.87309 -2.23857 -7.94748
v -0.89605 -2.33142 -7.83385
v -0.91832 -2.42987 -7.72526
v -0.93964 -2.53590 -7.62347
v -0.96219 -2.63215 -7.51290
v -0.98561 -2.72138 -7.39602
v -1.00894 -2.81137 -7.27983
v -1.03071 -2.91377 -7.17479
v -1.05106 -3.02760 -7.08000
v -1.07361 -3.12375 -6.96933
v -1.09842 -3.20188 -6.84249
v -1.12215 -3.28868 -6.72344
v -1.14362 -3.39350 -6.62057
v -1.16343 -3.51162 -6.52962
v -1.18606 -3.60722 -6.41846
v -1.21128 -3.68205 -6.28867
v -1.23503 -3.76863 -6.16942
v -1.25646 -3.87379 -6.06684
v -1.27635 -3.99124 -5.97530
v -1.29732 -4.10013 -5.87608
v -1.31983 -4.19660 -5.76571
v -1.34069 -4.30637 -5.66727
v 0.37340 2.50586 -13.31029
v 0.35109 2.40774 -13.20140
v 0.32900 2.30786 -13.09408
v 0.30683 2.20864 -12.98618
v 0.28477 2.10854 -12.87906
v 0.26299 2.00613 -12.77401
v 0.24157 1.90087 -12.67153
v 0.22047 1.79308 -12.57132
v 0.19911 1.68738 -12.46923
v 0.17742 1.58432 -12.36477
v 0.15566 1.48180 -12.25983
v 0.13358 1.38181 -12.15261
v 0.11125 1.28391 -12.04352
v 0.08851 1.18919 -11.93158
v 0.06549 1.09679 -11.81756
v 0.04234 1.00537 -11.70265
v 0.01880 0.91702 -11.58498
v -0.00540 0.83406 -11.46249
v -0.02854 0.74253 -11.34768
v -0.05149 0.64957 -11.23415
v -0.07431 0.55552 -11.12161
v -0.09714 0.46157 -11.00897
v -0.12037 0.37081 -10.89348
v -0.14228 0.26950 -10.78744
v -0.16312 0.15963 -10.68910
v -0.18462 0.05502 -10.58603
v -0.20604 -0.05024 -10.48355
v -0.22776 -0.15309 -10.37889
v -0.24915 -0.25857 -10.27661
v -0.26982 -0.36976 -10.17945
v -0.29141 -0.47371 -10.07579
v -0.31333 -0.57490 -9.96965
v -0.33603 -0.66995 -9.85800
v -0.35846 -0.76708 -9.74822
v -0.38062 -0.86641 -9.64042
v -0.40315 -0.96277 -9.52995
v -0.42575 -1.05859 -9.41899
v -0.44881 -1.15067 -9.30467
v -0.47170 -1.24418 -9.19164
v -0.49426 -1.34032 -9.08097
v -0.51751 -1.43086 -8.96528
v -0.54103 -1.51931 -8.84771
v -0.56540 -1.60096 -8.72403
v -0.58896 -1.68908 -8.60616
v -0.61199 -1.78149 -8.49214
v -0.63516 -1.87269 -8.37704
v -0.65819 -1.96510 -8.26302
v -0.68163 -2.05421 -8.14605
v -0.70442 -2.14849 -8.03370
v -0.72638 -2.24936 -7.92728
v -0.74880 -2.34660 -7.81760
v -0.77052 -2.44944 -7.71294
v -0.79146 -2.55855 -7.61391
v -0.81338 -2.65975 -7.50778
v -0.83583 -2.75677 -7.39790
v -0.85881 -2.84951 -7.28418
v -0.88059 -2.95192 -7.17914
v -0.90143 -3.06179 -7.08079
v -0.92420 -3.15618 -6.96855
v -0.94899 -3.23453 -6.84191
v -0.97292 -3.31968 -6.72138
v -0.99476 -3.42154 -6.61585
v -1.01535 -3.53339 -6.51928
v -1.03823 -3.62701 -6.40635
v -1.06316 -3.70415 -6.27862
v -1.08690 -3.79085 -6.15948
v -1.10859 -3.89391 -6.05502
v -1.12905 -4.00686 -5.95944
v -1.15040 -4.11267 -5.85745
v -1.17283 -4.20981 -5.74767
v -1.19411 -4.31617 -5.64618
v 0.51933 2.50122 -13.28456
v 0.49689 2.40420 -13.17469
v 0.47492 2.30333 -13.06826
v 0.45261 2.20521 -12.95937
v 0.43030 2.10709 -12.85048
v 0.40850 2.00490 -12.74523
v 0.38730 1.89788 -12.64433
v 0.36675 1.78570 -12.54806
v 0.34550 1.67912 -12.44676
v 0.32352 1.57836 -12.34023
v 0.30177 1.47574 -12.23538
v 0.27994 1.37377 -12.12994
v 0.25807 1.27213 -12.02421
v 0.23543 1.17665 -11.91295
v 0.21201 1.08743 -11.79607
v 0.18872 0.99710 -11.68018
v 0.16525 0.90832 -11.56291
v 0.14107 0.82514 -11.44061
v 0.11789 0.73394 -11.32550
v 0.09468 0.64307 -11.21010
v 0.07183 0.54923 -11.09737
v 0.04905 0.45485 -10.98512
v 0.02586 0.36376 -10.86992
v 0.00402 0.26190 -10.76438
v -0.01670 0.15103 -10.66693
v -0.03813 0.04588 -10.56435
v -0.05954 -0.05938 -10.46186
v -0.08133 -0.16168 -10.35672
v -0.10268 -0.26749 -10.25473
v -0.12323 -0.37967 -10.15846
v -0.14477 -0.48394 -10.05509
v -0.16674 -0.58481 -9.94866
v -0.18954 -0.67898 -9.83622
v -0.21191 -0.77666 -9.72694
v -0.23394 -0.87698 -9.62002
v -0.25638 -0.97411 -9.51024
v -0.27895 -1.07015 -9.39947
v -0.30212 -1.16135 -9.28437
v -0.32490 -1.25573 -9.17213
v -0.34724 -1.35363 -9.06304
v -0.37041 -1.44483 -8.94793
v -0.39392 -1.53340 -8.83046
v -0.41845 -1.61372 -8.70560
v -0.44193 -1.70251 -8.58833
v -0.46474 -1.79667 -8.47589
v -0.48794 -1.88765 -8.36059
v -0.51118 -1.97830 -8.24499
v -0.53522 -2.06258 -8.12367
v -0.55814 -2.15587 -8.01044
v -0.57978 -2.25938 -7.90638
v -0.60192 -2.35882 -7.79868
v -0.62341 -2.46353 -7.69570
v -0.64407 -2.57483 -7.59864
v -0.66558 -2.67933 -7.49547
v -0.68718 -2.78316 -7.39170
v -0.70979 -2.87886 -7.28064
v -0.73159 -2.98105 -7.17540
v -0.75272 -3.08862 -7.07499
v -0.77563 -3.18191 -6.96176
v -0.80042 -3.26025 -6.83512
v -0.82444 -3.34464 -6.71390
v -0.84667 -3.44342 -6.60560
v -0.86792 -3.55000 -6.50430
v -0.89103 -3.64175 -6.38969
v -0.91577 -3.72043 -6.26335
v -0.93943 -3.80779 -6.14479
v -0.96141 -3.90854 -6.03827
v -0.98236 -4.01754 -5.93914
v -1.00394 -4.12149 -5.83547
v -1.02629 -4.21928 -5.72629
v -1.04782 -4.32366 -5.62301
v 0.66512 2.49780 -13.25776
v 0.64261 2.40121 -13.14748
v 0.62059 2.30079 -13.04066
v 0.59819 2.20343 -12.93108
v 0.57574 2.10641 -12.82120
v 0.55384 2.00499 -12.71527
v 0.53274 1.89720 -12.61506
v 0.51227 1.78436 -12.51938
v 0.49107 1.67734 -12.41847
v 0.46909 1.57658 -12.31195
v 0.44742 1.47341 -12.20759
v 0.42583 1.36946 -12.10392
v 0.40442 1.26420 -12.00144
v 0.38196 1.16729 -11.89147
v 0.35862 1.07741 -11.77518
v 0.33540 0.98654 -11.65978
v 0.31217 0.89578 -11.54428
v 0.28799 0.81259 -11.42198
v 0.26503 0.71964 -11.30846
v 0.24175 0.62932 -11.19256
v 0.21907 0.53416 -11.08101
v 0.19655 0.43769 -10.97064
v 0.17327 0.34737 -10.85475
v 0.15152 0.24474 -10.74990
v 0.13113 0.13124 -10.65481
v 0.10969 0.02620 -10.55213
v 0.08822 -0.07863 -10.44925
v 0.06615 -0.17873 -10.34214
v 0.04477 -0.28421 -10.23985
v 0.02443 -0.39815 -10.14516
v 0.00278 -0.50154 -10.04100
v -0.01929 -0.60153 -9.93379
v -0.04239 -0.69339 -9.81927
v -0.06486 -0.79020 -9.70920
v -0.08673 -0.89183 -9.60346
v -0.10925 -0.98831 -9.49309
v -0.13183 -1.08423 -9.38223
v -0.15521 -1.17378 -9.26565
v -0.17805 -1.26773 -9.15301
v -0.20018 -1.36728 -9.04540
v -0.22328 -1.45903 -8.93079
v -0.24671 -1.54825 -8.81391
v -0.27144 -1.62704 -8.68766
v -0.29482 -1.71659 -8.57108
v -0.31732 -1.81317 -8.46081
v -0.34048 -1.90448 -8.34581
v -0.36390 -1.99371 -8.22893
v -0.38821 -2.07590 -8.10574
v -0.41133 -2.16754 -7.99103
v -0.43274 -2.27280 -7.88855
v -0.45493 -2.37191 -7.78054
v -0.47665 -2.47476 -7.67589
v -0.49765 -2.58331 -7.57637
v -0.51918 -2.68770 -7.47310
v -0.54053 -2.79351 -7.37111
v -0.56299 -2.89042 -7.26113
v -0.58504 -2.99063 -7.15411
v -0.60665 -3.09435 -7.05025
v -0.62964 -3.18698 -6.93643
v -0.65404 -3.26841 -6.81255
v -0.67785 -3.35455 -6.69291
v -0.70035 -3.45114 -6.58264
v -0.72210 -3.55376 -6.47779
v -0.74518 -3.64573 -6.36338
v -0.76941 -3.72847 -6.24068
v -0.79275 -3.81835 -6.12439
v -0.81493 -3.91757 -6.01649
v -0.83626 -4.02350 -5.91460
v -0.85797 -4.12645 -5.81004
v -0.88019 -4.22523 -5.70174
v -0.90184 -4.32863 -5.59759
v 0.81152 2.48943 -13.23538
v 0.78904 2.39262 -13.12531
v 0.76713 2.29132 -13.01928
v 0.74475 2.19374 -12.90989
v 0.72218 2.09771 -12.79913
v 0.70026 1.99651 -12.69300
v 0.67940 1.88675 -12.59456
v 0.65924 1.77149 -12.50105
v 0.63812 1.66381 -12.40073
v 0.61614 1.56305 -12.29421
v 0.59459 1.45889 -12.19074
v 0.57339 1.35187 -12.08984
v 0.55238 1.24331 -11.99031
v 0.53013 1.14475 -11.88181
v 0.50671 1.05552 -11.76494
v 0.48337 0.96564 -11.64865
v 0.46001 0.87587 -11.53226
v 0.43556 0.79489 -11.40799
v 0.41230 0.70434 -11.29230
v 0.38863 0.61710 -11.17364
v 0.36561 0.52469 -11.05962
v 0.34290 0.42975 -10.94787
v 0.31950 0.34031 -10.83119
v 0.29778 0.23747 -10.72654
v 0.27751 0.12309 -10.63224
v 0.25613 0.01749 -10.53006
v 0.23471 -0.08777 -10.42757
v 0.21264 -0.18776 -10.32036
v 0.19125 -0.29324 -10.21807
v 0.17100 -0.40784 -10.12397
v 0.14931 -0.51090 -10.01952
v 0.12716 -0.61034 -9.91181
v 0.10396 -0.70132 -9.79651
v 0.08140 -0.79747 -9.68584
v 0.05949 -0.89878 -9.57981
v 0.03689 -0.99459 -9.46885
v 0.01423 -1.08985 -9.35739
v -0.00929 -1.17831 -9.23982
v -0.03217 -1.27193 -9.12689
v -0.05433 -1.37126 -9.01908
v -0.07742 -1.46312 -8.90457
v -0.10081 -1.55256 -8.78789
v -0.12553 -1.63145 -8.66174
v -0.14884 -1.72156 -8.54565
v -0.17128 -1.81869 -8.43587
v -0.19451 -1.90945 -8.32038
v -0.21809 -1.99735 -8.20232
v -0.24268 -2.07724 -8.07706
v -0.26608 -2.16668 -7.96038
v -0.28748 -2.27205 -7.85799
v -0.30956 -2.37204 -7.75078
v -0.33113 -2.47610 -7.64721
v -0.35172 -2.58795 -7.55064
v -0.37292 -2.69497 -7.44974
v -0.39378 -2.80463 -7.35120
v -0.41574 -2.90560 -7.24487
v -0.43762 -3.00713 -7.13904
v -0.45918 -3.11129 -7.03557
v -0.48213 -3.20425 -6.92204
v -0.50653 -3.28568 -6.79816
v -0.53027 -3.37237 -6.67902
v -0.55303 -3.46687 -6.56687
v -0.57526 -3.56565 -6.45857
v -0.59855 -3.65597 -6.34268
v -0.62281 -3.73849 -6.21979
v -0.64615 -3.82837 -6.10350
v -0.66861 -3.92529 -5.99353
v -0.69033 -4.02813 -5.88887
v -0.71214 -4.13021 -5.78353
v -0.73429 -4.22965 -5.67582
v -0.75608 -4.33194 -5.57068
v 0.95829 2.47809 -13.21567
v 0.93580 2.38140 -13.10550
v 0.91401 2.27910 -13.00036
v 0.89162 2.18164 -12.89087
v 0.86879 2.08769 -12.77823
v 0.84674 1.98748 -12.67122
v 0.82616 1.87552 -12.57475
v 0.80645 1.75663 -12.48449
v 0.78558 1.64698 -12.38595
v 0.76371 1.54534 -12.28022
v 0.74246 1.43876 -12.17892
v 0.72186 1.32691 -12.08235
v 0.70153 1.21296 -11.98766
v 0.67950 1.11265 -11.88074
v 0.65592 1.02463 -11.76278
v 0.63228 0.93717 -11.64432
v 0.60839 0.85168 -11.52409
v 0.58350 0.77421 -11.39666
v 0.55950 0.68960 -11.27564
v 0.53499 0.60906 -11.15098
v 0.51131 0.52192 -11.03222
v 0.48812 0.43083 -10.91702
v 0.46457 0.34260 -10.79926
v 0.44281 0.24008 -10.69431
v 0.42244 0.12647 -10.59932
v 0.40121 0.01967 -10.49822
v 0.37999 -0.08713 -10.39712
v 0.35813 -0.18888 -10.29148
v 0.33692 -0.29579 -10.19047
v 0.31662 -0.40995 -10.09598
v 0.29498 -0.51345 -9.99192
v 0.27282 -0.61278 -9.88411
v 0.24969 -0.70431 -9.76930
v 0.22698 -0.79925 -9.65755
v 0.20483 -0.89869 -9.54984
v 0.18203 -0.99285 -9.43740
v 0.15916 -1.08647 -9.32447
v 0.13564 -1.17492 -9.20690
v 0.11267 -1.26777 -9.09328
v 0.09029 -1.36535 -8.98389
v 0.06713 -1.45666 -8.86889
v 0.04370 -1.54588 -8.75201
v 0.01925 -1.62686 -8.62774
v -0.00405 -1.71707 -8.51175
v -0.02670 -1.81245 -8.40039
v -0.05008 -1.90200 -8.28381
v -0.07388 -1.98826 -8.16427
v -0.09877 -2.06573 -8.03684
v -0.12229 -2.15418 -7.91927
v -0.14376 -2.25900 -7.81639
v -0.16537 -2.36273 -7.71253
v -0.18636 -2.47139 -7.61310
v -0.20617 -2.58951 -7.52216
v -0.22668 -2.70202 -7.42618
v -0.24671 -2.81838 -7.33366
v -0.26785 -2.92584 -7.23315
v -0.28917 -3.03187 -7.13136
v -0.31032 -3.13933 -7.03085
v -0.33301 -3.23438 -6.91919
v -0.35731 -3.31657 -6.79601
v -0.38086 -3.40480 -6.67824
v -0.40366 -3.49897 -6.56580
v -0.42612 -3.59588 -6.45582
v -0.44966 -3.68423 -6.33816
v -0.47430 -3.76367 -6.21250
v -0.49796 -3.85103 -6.09395
v -0.52086 -3.94442 -5.98082
v -0.54310 -4.04309 -5.87242
v -0.56525 -4.14253 -5.76471
v -0.58769 -4.23956 -5.65483
v -0.60977 -4.33955 -5.54762
v 1.10418 2.47378 -13.18965
v 1.08168 2.37720 -13.07938
v 1.06001 2.27391 -12.97512
v 1.03753 2.17722 -12.86495
v 1.01443 2.08536 -12.75044
v 0.99227 1.98603 -12.64263
v 0.97189 1.87253 -12.54755
v 0.95274 1.74914 -12.46133
v 0.93206 1.63795 -12.36417
v 0.91030 1.53543 -12.25923
v 0.88938 1.42621 -12.16029
v 0.86928 1.31040 -12.06728
v 0.84962 1.19108 -11.97741
v 0.82774 1.08955 -11.87158
v 0.80384 1.00418 -11.75125
v 0.78001 0.91814 -11.63151
v 0.75577 0.83551 -11.50872
v 0.73057 0.76046 -11.37912
v 0.70612 0.67947 -11.25485
v 0.68090 0.60464 -11.12505
v 0.65677 0.52102 -11.00315
v 0.63328 0.43235 -10.88578
v 0.60967 0.34466 -10.76752
v 0.58788 0.24237 -10.66237
v 0.56741 0.12952 -10.56669
v 0.54625 0.02217 -10.46608
v 0.52515 -0.08561 -10.36587
v 0.50358 -0.18967 -10.26230
v 0.48246 -0.29724 -10.16189
v 0.46208 -0.41085 -10.06690
v 0.44043 -0.51424 -9.96274
v 0.41827 -0.61357 -9.85494
v 0.39524 -0.70587 -9.74082
v 0.37244 -0.80015 -9.62848
v 0.35002 -0.89739 -9.51880
v 0.32704 -0.99013 -9.40507
v 0.30402 -1.08254 -9.29105
v 0.28037 -1.17000 -9.17260
v 0.25734 -1.26230 -9.05848
v 0.23478 -1.35845 -8.94782
v 0.21164 -1.44998 -8.83301
v 0.18833 -1.54008 -8.71692
v 0.16414 -1.62315 -8.59452
v 0.14103 -1.71490 -8.47991
v 0.11846 -1.81093 -8.36914
v 0.09512 -1.90081 -8.25286
v 0.07138 -1.98751 -8.13371
v 0.04664 -2.06619 -8.00737
v 0.02327 -2.15585 -7.89088
v 0.00201 -2.26232 -7.78949
v -0.01933 -2.36824 -7.68759
v -0.04004 -2.47911 -7.59014
v -0.05980 -2.59766 -7.49959
v -0.07999 -2.71270 -7.40588
v -0.09965 -2.83202 -7.31602
v -0.12042 -2.94245 -7.21817
v -0.14158 -3.04980 -7.11756
v -0.16272 -3.15726 -7.01705
v -0.18510 -3.25483 -6.90767
v -0.20870 -3.34263 -6.78951
v -0.23186 -3.43394 -6.67450
v -0.25467 -3.52810 -6.56206
v -0.27769 -3.62051 -6.44804
v -0.30131 -3.70820 -6.32978
v -0.32581 -3.78874 -6.20512
v -0.34957 -3.87533 -6.08587
v -0.37276 -3.96642 -5.97067
v -0.39563 -4.06003 -5.85774
v -0.41819 -4.15618 -5.74707
v -0.44055 -4.25386 -5.63778
v -0.46299 -4.35099 -5.52801
v 1.24991 2.47079 -13.16245
v 1.22728 2.37520 -13.05129
v 1.20578 2.27060 -12.94822
v 1.18310 2.17544 -12.83666
v 1.15964 2.08655 -12.71949
v 1.13735 1.98821 -12.61080
v 1.11702 1.87427 -12.51610
v 1.09859 1.74516 -12.43502
v 1.07784 1.63452 -12.33736
v 1.05566 1.53541 -12.22936
v 1.03469 1.42652 -12.13013
v 1.01483 1.30884 -12.03879
v 0.99611 1.18205 -11.95563
v 0.97431 1.07986 -11.85039
v 0.94962 1.00075 -11.72444
v 0.92566 0.91581 -11.60372
v 0.90136 0.83362 -11.48053
v 0.87634 0.75714 -11.35221
v 0.85179 0.67692 -11.22725
v 0.82574 0.60868 -11.09154
v 0.80147 0.52627 -10.96855
v 0.77805 0.43705 -10.85167
v 0.75472 0.34706 -10.73548
v 0.73308 0.24355 -10.63142
v 0.71253 0.13137 -10.53515
v 0.69146 0.02336 -10.43513
v 0.67047 -0.08531 -10.33571
v 0.64913 -0.19123 -10.23382
v 0.62806 -0.29924 -10.13380
v 0.60754 -0.41164 -10.03773
v 0.58584 -0.51470 -9.93327
v 0.56362 -0.61349 -9.82497
v 0.54066 -0.70644 -9.71145
v 0.51779 -0.80006 -9.59851
v 0.49512 -0.89533 -9.48706
v 0.47201 -0.98708 -9.37245
v 0.44886 -1.07850 -9.25754
v 0.42507 -1.16475 -9.13800
v 0.40207 -1.25738 -9.02418
v 0.37952 -1.35352 -8.91351
v 0.35657 -1.44659 -8.80009
v 0.33351 -1.53867 -8.68577
v 0.30959 -1.62394 -8.56534
v 0.28694 -1.71931 -8.45399
v 0.26493 -1.81985 -8.34726
v 0.24196 -1.91270 -8.23364
v 0.21843 -2.00104 -8.11597
v 0.19366 -2.07950 -7.98943
v 0.17052 -2.17103 -7.87462
v 0.14953 -2.27970 -7.77520
v 0.12832 -2.38661 -7.67420
v 0.10741 -2.49594 -7.57536
v 0.08717 -2.61054 -7.48126
v 0.06692 -2.72514 -7.38716
v 0.04775 -2.84842 -7.30085
v 0.02726 -2.96104 -7.20497
v 0.00614 -3.06872 -7.10466
v -0.01530 -3.17376 -7.00198
v -0.03726 -3.27474 -6.89565
v -0.05988 -3.37033 -6.78449
v -0.08242 -3.46659 -6.67392
v -0.10523 -3.56075 -6.56148
v -0.12882 -3.64866 -6.44342
v -0.15213 -3.73876 -6.32733
v -0.17594 -3.82491 -6.20769
v -0.19950 -3.91303 -6.08983
v -0.22307 -4.00104 -5.97186
v -0.24670 -4.08862 -5.85351
v -0.26979 -4.18048 -5.73900
v -0.29216 -4.27816 -5.62971
v -0.31527 -4.36991 -5.51510
v 1.39320 2.48725 -13.11780
v 1.37063 2.39122 -13.00703
v 1.34909 2.28694 -12.90366
v 1.32638 2.19201 -12.79191
v 1.30292 2.10311 -12.67474
v 1.28038 2.00686 -12.56417
v 1.25960 1.89644 -12.46632
v 1.24205 1.76030 -12.39154
v 1.22091 1.65284 -12.29103
v 1.19851 1.55538 -12.18155
v 1.17734 1.44814 -12.08084
v 1.15719 1.33277 -11.98743
v 1.13975 1.19576 -11.91344
v 1.11797 1.09335 -11.80840
v 1.09209 1.02380 -11.67387
v 1.06835 0.93710 -11.55472
v 1.04432 0.85271 -11.43351
v 1.02003 0.77041 -11.31042
v 0.99594 0.68657 -11.18871
v 0.96897 0.62569 -11.04639
v 0.94518 0.53943 -10.92685
v 0.92221 0.44659 -10.81323
v 0.89942 0.35231 -10.70088
v 0.87805 0.24661 -10.59880
v 0.85727 0.13629 -10.50085
v 0.83628 0.02762 -10.40142
v 0.81536 -0.08159 -10.30249
v 0.79441 -0.19059 -10.20336
v 0.77328 -0.29816 -10.10295
v 0.75256 -0.40902 -10.00549
v 0.73072 -0.51088 -9.89996
v 0.70833 -0.60834 -9.79047
v 0.68555 -0.70273 -9.67823
v 0.66259 -0.79569 -9.56470
v 0.63949 -0.88744 -9.45009
v 0.61635 -0.97897 -9.33529
v 0.59318 -1.07017 -9.22018
v 0.56938 -1.15642 -9.10064
v 0.54665 -1.25114 -8.98869
v 0.52417 -1.34794 -8.87862
v 0.50167 -1.44453 -8.76835
v 0.47913 -1.54078 -8.65778
v 0.45557 -1.62890 -8.53992
v 0.43356 -1.72944 -8.43319
v 0.41232 -1.83613 -8.33199
v 0.38994 -1.93371 -8.22261
v 0.36692 -2.02611 -8.10859
v 0.34202 -2.10358 -7.98116
v 0.31937 -2.19896 -7.86980
v 0.29887 -2.31158 -7.77393
v 0.27766 -2.41849 -7.67292
v 0.25654 -2.52606 -7.57251
v 0.23546 -2.63407 -7.47249
v 0.21495 -2.74658 -7.37652
v 0.19635 -2.87436 -7.29425
v 0.17586 -2.98699 -7.19837
v 0.15489 -3.09587 -7.09915
v 0.13353 -3.20158 -6.99706
v 0.11204 -3.30629 -6.89408
v 0.09067 -3.41188 -6.79190
v 0.06880 -3.51352 -6.68616
v 0.04639 -3.61087 -6.57658
v 0.02308 -3.70097 -6.46049
v 0.00010 -3.79371 -6.34677
v -0.02324 -3.88359 -6.23048
v -0.04687 -3.97117 -6.11212
v -0.07104 -4.05446 -5.98992
v -0.09570 -4.13379 -5.86417
v -0.11975 -4.21796 -5.74275
v -0.14313 -4.30752 -5.62617
v -0.16733 -4.39059 -5.50377
v 1.53900 2.48371 -13.09108
v 1.51637 2.38812 -12.97993
v 1.49498 2.28264 -12.87764
v 1.47215 2.18869 -12.76500
v 1.44854 2.10101 -12.64674
v 1.42605 2.00431 -12.53657
v 1.40544 1.89257 -12.43991
v 1.38852 1.75138 -12.36966
v 1.36735 1.64414 -12.26896
v 1.34464 1.54921 -12.15721
v 1.32341 1.44241 -12.05610
v 1.30334 1.32638 -11.96328
v 1.28660 1.18376 -11.89433
v 1.26484 1.08125 -11.78938
v 1.23826 1.01729 -11.64982
v 1.21426 0.93268 -11.52880
v 1.19008 0.84950 -11.40650
v 1.16604 0.76522 -11.28519
v 1.14173 0.68303 -11.16200
v 1.11383 0.62962 -11.01298
v 1.08978 0.54545 -10.89156
v 1.06683 0.45239 -10.77814
v 1.04443 0.35503 -10.66855
v 1.02319 0.24834 -10.56735
v 1.00209 0.14055 -10.46714
v 0.98113 0.03167 -10.36791
v 0.96035 -0.07876 -10.27006
v 0.93987 -0.19149 -10.17428
v 0.91883 -0.29972 -10.07446
v 0.89784 -0.40839 -9.97504
v 0.87592 -0.50969 -9.86901
v 0.85350 -0.60694 -9.75933
v 0.83091 -0.70275 -9.64836
v 0.80788 -0.79516 -9.53434
v 0.78433 -0.88339 -9.41658
v 0.76097 -0.97306 -9.30010
v 0.73760 -1.06272 -9.18361
v 0.71372 -1.14832 -9.06348
v 0.69099 -1.24303 -8.95153
v 0.66842 -1.33907 -8.84077
v 0.64609 -1.43708 -8.73178
v 0.62389 -1.53608 -8.62367
v 0.60076 -1.62761 -8.50887
v 0.57930 -1.73254 -8.40609
v 0.55850 -1.84275 -8.30804
v 0.53644 -1.94285 -8.20093
v 0.51361 -2.03679 -8.08829
v 0.48874 -2.11448 -7.96106
v 0.46629 -2.21150 -7.85118
v 0.44598 -2.32555 -7.75658
v 0.42482 -2.43290 -7.65598
v 0.40366 -2.54025 -7.55537
v 0.38215 -2.64475 -7.45219
v 0.36174 -2.75803 -7.35691
v 0.34355 -2.88911 -7.27760
v 0.32320 -3.00294 -7.18281
v 0.30212 -3.11084 -7.08269
v 0.28012 -3.21149 -6.97607
v 0.25877 -3.31730 -6.87408
v 0.23829 -3.43003 -6.77830
v 0.21697 -3.53606 -6.67651
v 0.19469 -3.63440 -6.56781
v 0.17113 -3.72253 -6.44995
v 0.14865 -3.81933 -6.33987
v 0.12634 -3.91745 -6.23098
v 0.10304 -4.00766 -6.11499
v 0.07855 -4.08832 -5.99042
v 0.05313 -4.16161 -5.85925
v 0.02848 -4.24095 -5.73350
v 0.00489 -4.32885 -5.61543
v -0.02003 -4.40610 -5.48781
v 1.68537 2.47556 -13.06852
v 1.66281 2.37942 -12.95785
v 1.64175 2.27130 -12.85793
v 1.61913 2.17571 -12.74677
v 1.59577 2.08593 -12.63039
v 1.57378 1.98528 -12.52376
v 1.55381 1.86849 -12.43163
v 1.53776 1.72027 -12.36770
v 1.51689 1.61061 -12.26916
v 1.49421 1.51546 -12.15761
v 1.47313 1.40756 -12.05750
v 1.45314 1.29087 -11.96527
v 1.43649 1.14749 -11.89700
v 1.41456 1.04629 -11.79087
v 1.38734 0.98750 -11.64668
v 1.36283 0.90696 -11.52201
v 1.33798 0.82916 -11.39488
v 1.31358 0.74774 -11.27100
v 1.28851 0.67170 -11.14229
v 1.25975 0.62510 -10.98715
v 1.23506 0.54598 -10.86120
v 1.21167 0.45654 -10.74452
v 1.18943 0.35787 -10.63613
v 1.16818 0.25129 -10.53483
v 1.14670 0.14647 -10.43195
v 1.12586 0.03659 -10.33361
v 1.10523 -0.07494 -10.23675
v 1.08519 -0.19118 -10.14412
v 1.06424 -0.30018 -10.04499
v 1.04294 -0.40643 -9.94340
v 1.02106 -0.50796 -9.83756
v 0.99867 -0.60542 -9.72808
v 0.97629 -0.70299 -9.61870
v 0.95317 -0.79463 -9.50399
v 0.92914 -0.87902 -9.38277
v 0.90558 -0.96715 -9.26491
v 0.88195 -1.05472 -9.14655
v 0.85795 -1.13933 -9.02553
v 0.83515 -1.23350 -8.91309
v 0.81229 -1.32722 -8.80025
v 0.79002 -1.42567 -8.69166
v 0.76801 -1.52621 -8.58493
v 0.74545 -1.62236 -8.47427
v 0.72428 -1.72960 -8.37356
v 0.70357 -1.84046 -8.27611
v 0.68155 -1.94089 -8.16929
v 0.65874 -2.03506 -8.05684
v 0.63371 -2.11143 -7.92843
v 0.61126 -2.20845 -7.81855
v 0.59070 -2.32052 -7.72218
v 0.56971 -2.42919 -7.62276
v 0.54892 -2.53951 -7.52481
v 0.52789 -2.64784 -7.42509
v 0.50803 -2.76552 -7.33375
v 0.49054 -2.90220 -7.25947
v 0.47061 -3.01933 -7.16763
v 0.44975 -3.12910 -7.06919
v 0.42768 -3.22908 -6.96198
v 0.40644 -3.33578 -6.86078
v 0.38622 -3.45060 -6.76687
v 0.36506 -3.55794 -6.66626
v 0.34285 -3.65684 -6.55806
v 0.31916 -3.74397 -6.43931
v 0.29676 -3.84132 -6.32973
v 0.27465 -3.94109 -6.22232
v 0.25120 -4.03010 -6.10524
v 0.22632 -4.10767 -5.97791
v 0.20029 -4.17602 -5.84230
v 0.17512 -4.25129 -5.71290
v 0.15122 -4.33667 -5.59257
v 0.12593 -4.41095 -5.46228
v 1.83169 2.46785 -13.04555
v 1.80913 2.37171 -12.93489
v 1.78816 2.26293 -12.83556
v 1.76575 2.16558 -12.72598
v 1.74282 2.07240 -12.61265
v 1.72134 1.96769 -12.50967
v 1.70186 1.84693 -12.42109
v 1.68621 1.69553 -12.36002
v 1.66577 1.58247 -12.26454
v 1.64343 1.48457 -12.15545
v 1.62252 1.37524 -12.05662
v 1.60245 1.25921 -11.96380
v 1.58568 1.11682 -11.89464
v 1.56366 1.01639 -11.78782
v 1.53636 0.95815 -11.64314
v 1.51163 0.87936 -11.51689
v 1.48646 0.80409 -11.38749
v 1.46174 0.72530 -11.26125
v 1.43632 0.65201 -11.13007
v 1.40724 0.60805 -10.97257
v 1.38228 0.53113 -10.84465
v 1.35870 0.44311 -10.72669
v 1.33639 0.34499 -10.61780
v 1.31503 0.23929 -10.51571
v 1.29348 0.13513 -10.41224
v 1.27259 0.02558 -10.31360
v 1.25199 -0.08616 -10.21694
v 1.23204 -0.20318 -10.12500
v 1.21108 -0.31207 -10.02578
v 1.18963 -0.41711 -9.92310
v 1.16769 -0.51820 -9.81687
v 1.14525 -0.61522 -9.70699
v 1.12285 -0.71268 -9.59751
v 1.09958 -0.80311 -9.48171
v 1.07528 -0.88531 -9.35852
v 1.05149 -0.97156 -9.23898
v 1.02764 -1.05738 -9.11905
v 1.00354 -1.14122 -8.99734
v 0.98056 -1.23396 -8.88362
v 0.95758 -1.32670 -8.76989
v 0.93531 -1.42515 -8.66130
v 0.91344 -1.52678 -8.55556
v 0.89124 -1.62578 -8.44746
v 0.87020 -1.73412 -8.34774
v 0.84945 -1.84466 -8.24999
v 0.82740 -1.94487 -8.14297
v 0.80452 -2.03848 -8.03004
v 0.77952 -2.11507 -7.90182
v 0.75688 -2.21056 -7.79056
v 0.73589 -2.31923 -7.69113
v 0.71471 -2.42636 -7.59033
v 0.69387 -2.53623 -7.49199
v 0.67268 -2.64336 -7.39118
v 0.65292 -2.76181 -7.30053
v 0.63546 -2.89871 -7.22644
v 0.61561 -3.01649 -7.13520
v 0.59471 -3.12593 -7.03647
v 0.57240 -3.22405 -6.92758
v 0.55119 -3.33096 -6.82657
v 0.53135 -3.44886 -6.73543
v 0.51047 -3.55841 -6.63679
v 0.48841 -3.65850 -6.52967
v 0.46495 -3.74740 -6.41250
v 0.44288 -3.84750 -6.30538
v 0.42132 -3.95155 -6.20182
v 0.39804 -4.04198 -6.08602
v 0.37303 -4.11846 -5.95771
v 0.34671 -4.18450 -5.82003
v 0.32123 -4.25736 -5.68846
v 0.29707 -4.34065 -5.56625
v 0.27153 -4.41295 -5.43419
v 1.97831 2.45772 -13.02476
v 1.95573 2.36180 -12.91389
v 1.93482 2.25247 -12.81506
v 1.91247 2.15468 -12.70587
v 1.88981 2.05930 -12.59452
v 1.86874 1.95129 -12.49450
v 1.84938 1.82955 -12.40681
v 1.83389 1.67694 -12.34682
v 1.81350 1.56344 -12.25173
v 1.79114 1.46576 -12.14245
v 1.77019 1.35676 -12.04332
v 1.74988 1.24260 -11.94882
v 1.73292 1.10174 -11.87829
v 1.71101 1.00044 -11.77225
v 1.68383 0.94121 -11.62846
v 1.65927 0.86110 -11.50340
v 1.63429 0.78429 -11.37538
v 1.60973 0.70419 -11.25031
v 1.58458 0.62881 -11.12101
v 1.55577 0.58265 -10.96548
v 1.53103 0.50397 -10.83914
v 1.50759 0.41486 -10.72216
v 1.48518 0.31751 -10.61258
v 1.46382 0.21181 -10.51049
v 1.44234 0.10709 -10.40752
v 1.42140 -0.00202 -10.30849
v 1.40060 -0.11222 -10.21044
v 1.38031 -0.22649 -10.11604
v 1.35914 -0.33373 -10.01533
v 1.33775 -0.43921 -9.91305
v 1.31570 -0.53942 -9.80603
v 1.29308 -0.63502 -9.69487
v 1.27034 -0.72973 -9.58292
v 1.24693 -0.81907 -9.46614
v 1.22264 -0.90137 -9.34305
v 1.19878 -0.98707 -9.22302
v 1.17482 -1.07201 -9.10230
v 1.15051 -1.15409 -8.97901
v 1.12745 -1.24628 -8.86479
v 1.10459 -1.34001 -8.75196
v 1.08239 -1.43901 -8.64386
v 1.06057 -1.54098 -8.53842
v 1.03841 -1.64031 -8.43061
v 1.01733 -1.74832 -8.33059
v 0.99663 -1.85929 -8.23324
v 0.97451 -1.95895 -8.12573
v 0.95147 -2.05125 -8.01161
v 0.92625 -2.12608 -7.88181
v 0.90323 -2.21849 -7.76779
v 0.88162 -2.32221 -7.66393
v 0.85987 -2.42484 -7.55908
v 0.83859 -2.53120 -7.45759
v 0.81720 -2.63668 -7.35530
v 0.79712 -2.75260 -7.26238
v 0.77933 -2.88687 -7.18593
v 0.75926 -3.00289 -7.09311
v 0.73835 -3.11222 -6.99428
v 0.71600 -3.21001 -6.88509
v 0.69473 -3.31648 -6.78369
v 0.67473 -3.43306 -6.69136
v 0.65396 -3.54349 -6.59352
v 0.63220 -3.64600 -6.48857
v 0.60929 -3.73929 -6.37534
v 0.58775 -3.84356 -6.27197
v 0.56671 -3.95190 -6.17225
v 0.54385 -4.04563 -6.05941
v 0.51914 -4.12453 -5.93327
v 0.49289 -4.19112 -5.79608
v 0.46735 -4.26342 -5.66401
v 0.44291 -4.34452 -5.53984
v 0.41716 -4.41517 -5.40630
v 2.12295 2.46341 -12.98977
v 2.10063 2.36540 -12.88078
v 2.08017 2.25245 -12.78520
v 2.05821 2.15158 -12.67877
v 2.03621 2.05093 -12.57214
v 2.01557 1.93952 -12.47518
v 1.99620 1.81789 -12.38739
v 1.98070 1.66528 -12.32741
v 1.96041 1.55100 -12.23301
v 1.93796 1.45398 -12.12313
v 1.91705 1.34465 -12.02430
v 1.89650 1.23247 -11.92803
v 1.87946 1.09227 -11.85690
v 1.85775 0.98932 -11.75235
v 1.83093 0.92723 -11.61111
v 1.80698 0.84229 -11.49039
v 1.78274 0.75955 -11.36770
v 1.75848 0.67703 -11.24480
v 1.73418 0.59484 -11.12161
v 1.70611 0.54275 -10.97141
v 1.68204 0.45869 -10.84990
v 1.65900 0.36639 -10.73578
v 1.63619 0.27233 -10.62324
v 1.61477 0.16707 -10.52076
v 1.59356 0.06016 -10.41975
v 1.57231 -0.04642 -10.31845
v 1.55105 -0.15300 -10.21716
v 1.52988 -0.26024 -10.11645
v 1.50830 -0.36418 -10.01278
v 1.48716 -0.47164 -9.91227
v 1.46484 -0.56966 -9.80328
v 1.44203 -0.66382 -9.69084
v 1.41871 -0.75381 -9.57465
v 1.39523 -0.84260 -9.45738
v 1.37137 -0.92830 -9.33735
v 1.34753 -1.01423 -9.21751
v 1.32363 -1.09961 -9.09718
v 1.29901 -1.17927 -8.97172
v 1.27597 -1.27157 -8.85761
v 1.25343 -1.36783 -8.74704
v 1.23120 -1.46661 -8.63874
v 1.20929 -1.56791 -8.53271
v 1.18692 -1.66560 -8.42342
v 1.16548 -1.77064 -8.32074
v 1.14472 -1.88117 -8.22299
v 1.12223 -1.97787 -8.11282
v 1.09902 -2.06874 -7.99742
v 1.07349 -2.14115 -7.86546
v 1.04996 -2.22950 -7.74779
v 1.02762 -2.32740 -7.63870
v 1.00497 -2.42277 -7.52734
v 0.98282 -2.52221 -7.41964
v 0.96132 -2.62682 -7.31656
v 0.94032 -2.73537 -7.21704
v 0.92173 -2.86327 -7.13487
v 0.90119 -2.97556 -7.03869
v 0.88019 -3.08412 -6.93917
v 0.85813 -3.18422 -6.83205
v 0.83697 -3.29157 -6.73144
v 0.81634 -3.40309 -6.63458
v 0.79581 -3.51549 -6.53851
v 0.77456 -3.62208 -6.43721
v 0.75243 -3.72162 -6.32960
v 0.73132 -3.82930 -6.22929
v 0.71060 -3.94017 -6.13183
v 0.68822 -4.03774 -6.02245
v 0.66390 -4.11982 -5.89916
v 0.63805 -4.18960 -5.76483
v 0.61263 -4.26289 -5.63365
v 0.58789 -4.34157 -5.50731
v 0.56218 -4.41245 -5.37397
v 2.27000 2.44988 -12.97203
v 2.24780 2.35088 -12.86393
v 2.22736 2.23782 -12.76844
v 2.20567 2.13475 -12.66399
v 2.18417 2.03015 -12.56091
v 2.16390 1.91566 -12.46671
v 2.14463 1.79326 -12.37961
v 2.12876 1.64361 -12.31697
v 2.10879 1.52681 -12.22484
v 2.08695 1.42496 -12.11930
v 2.06638 1.31288 -12.02293
v 2.04584 1.20059 -11.92676
v 2.02823 1.06490 -11.85159
v 2.00679 0.95986 -11.74891
v 1.98089 0.89041 -11.61428
v 1.95732 0.80239 -11.49632
v 1.93328 0.71811 -11.37500
v 1.90874 0.63779 -11.25014
v 1.88465 0.55395 -11.12843
v 1.85744 0.49494 -10.98443
v 1.83350 0.40989 -10.86381
v 1.81024 0.31935 -10.74811
v 1.78672 0.23089 -10.63055
v 1.76495 0.12849 -10.52550
v 1.74381 0.02103 -10.42499
v 1.72222 -0.08292 -10.32132
v 1.70048 -0.18554 -10.21648
v 1.67855 -0.28674 -10.11034
v 1.65665 -0.38816 -10.00441
v 1.63568 -0.49693 -9.90508
v 1.61327 -0.59429 -9.79550
v 1.59033 -0.68735 -9.68208
v 1.56658 -0.77394 -9.56283
v 1.54303 -0.86217 -9.44507
v 1.51952 -0.95074 -9.32760
v 1.49581 -1.03765 -9.20865
v 1.47195 -1.12336 -9.08861
v 1.44718 -1.20182 -8.96207
v 1.42402 -1.29313 -8.84707
v 1.40167 -1.39092 -8.73788
v 1.37937 -1.48915 -8.62909
v 1.35735 -1.58958 -8.52227
v 1.33488 -1.68638 -8.41219
v 1.31302 -1.78813 -8.30655
v 1.29193 -1.89603 -8.20644
v 1.26907 -1.98975 -8.09360
v 1.24555 -2.07821 -7.97603
v 1.21986 -2.14930 -7.84289
v 1.19578 -2.23325 -7.72128
v 1.17256 -2.32413 -7.60588
v 1.14929 -2.41456 -7.49008
v 1.12675 -2.51081 -7.37952
v 1.10540 -2.61662 -7.27753
v 1.08398 -2.72188 -7.17504
v 1.06472 -2.84439 -7.08804
v 1.04383 -2.95383 -6.98931
v 1.02273 -3.06162 -6.88909
v 1.00106 -3.16490 -6.78483
v 0.97973 -3.27083 -6.68294
v 0.95822 -3.37532 -6.57977
v 0.93746 -3.48585 -6.48202
v 0.91646 -3.59441 -6.38250
v 0.89529 -3.70165 -6.28179
v 0.87435 -3.81076 -6.18276
v 0.85333 -3.91921 -6.08313
v 0.83106 -4.01766 -5.97454
v 0.80725 -4.10381 -5.85490
v 0.78202 -4.17853 -5.72501
v 0.75684 -4.25369 -5.59551
v 0.73171 -4.32929 -5.46640
v 0.70635 -4.40302 -5.33562
v 2.41994 2.41316 -12.97510
v 2.39781 2.31361 -12.86749
v 2.37755 2.19912 -12.77329
v 2.35608 2.09430 -12.67041
v 2.33489 1.98717 -12.56960
v 2.31518 1.86829 -12.47935
v 2.29650 1.74116 -12.39649
v 2.27984 1.59789 -12.32812
v 2.26048 1.47615 -12.24043
v 2.23917 1.37001 -12.13873
v 2.21912 1.25387 -12.04601
v 2.19903 1.13795 -11.95309
v 2.18032 1.01104 -11.87003
v 2.15906 0.90457 -11.76864
v 2.13459 0.82370 -11.64426
v 2.11093 0.73635 -11.52571
v 2.08662 0.65426 -11.40242
v 2.06128 0.58031 -11.27184
v 2.03669 0.50043 -11.14658
v 2.01023 0.43548 -11.00791
v 1.98559 0.35604 -10.88226
v 1.96159 0.27143 -10.76124
v 1.93713 0.19044 -10.63697
v 1.91470 0.09331 -10.52719
v 1.89344 -0.01316 -10.42579
v 1.87135 -0.11304 -10.31848
v 1.84919 -0.21237 -10.21067
v 1.82651 -0.30752 -10.09911
v 1.80443 -0.40751 -9.99190
v 1.78353 -0.51695 -9.89316
v 1.76114 -0.61441 -9.78368
v 1.73824 -0.70781 -9.67055
v 1.71421 -0.79220 -9.54933
v 1.69068 -0.88054 -9.43167
v 1.66764 -0.97284 -9.31755
v 1.64397 -1.06009 -9.19890
v 1.62018 -1.14634 -9.07936
v 1.59540 -1.22469 -8.95272
v 1.57204 -1.31446 -8.83633
v 1.54977 -1.41291 -8.72773
v 1.52722 -1.50906 -8.61707
v 1.50488 -1.60696 -8.50798
v 1.48233 -1.70321 -8.39741
v 1.45996 -1.80078 -8.28803
v 1.43824 -1.90363 -8.18338
v 1.41481 -1.99285 -8.06650
v 1.39076 -2.07702 -7.94508
v 1.36515 -2.14878 -7.81253
v 1.34035 -2.22701 -7.68579
v 1.31623 -2.31063 -7.56388
v 1.29256 -2.39788 -7.44523
v 1.26977 -2.49216 -7.33289
v 1.24881 -2.60104 -7.23366
v 1.22732 -2.70576 -7.13068
v 1.20735 -2.82255 -7.03855
v 1.18641 -2.93166 -6.93952
v 1.16505 -3.03736 -6.83744
v 1.14312 -3.13856 -6.73130
v 1.12134 -3.24086 -6.62616
v 1.09863 -3.33579 -6.51441
v 1.07725 -3.44138 -6.41222
v 1.05592 -3.54731 -6.31033
v 1.03471 -3.65422 -6.20933
v 1.01380 -3.76354 -6.11049
v 0.99281 -3.87221 -6.01107
v 0.97098 -3.97418 -5.90563
v 0.94808 -4.06757 -5.79250
v 0.92395 -4.15119 -5.67059
v 0.89962 -4.23317 -5.54720
v 0.87524 -4.31470 -5.42342
v 0.85073 -4.39524 -5.29876
v 2.56747 2.39578 -12.96081
v 2.54556 2.29448 -12.85478
v 2.52524 2.18043 -12.76018
v 2.50417 2.07242 -12.66016
v 2.48351 1.96111 -12.56311
v 2.46406 1.84014 -12.47472
v 2.44537 1.71302 -12.39186
v 2.42806 1.57491 -12.31886
v 2.40898 1.45097 -12.23314
v 2.38839 1.33911 -12.13657
v 2.36866 1.22034 -12.04622
v 2.34865 1.10387 -11.95379
v 2.32937 0.98147 -11.86669
v 2.30832 0.87335 -11.76677
v 2.28486 0.78435 -11.64970
v 2.26155 0.69425 -11.53361
v 2.23737 0.61107 -11.41131
v 2.21174 0.53953 -11.27856
v 2.18719 0.45932 -11.15359
v 2.16140 0.38899 -11.01975
v 2.13666 0.31031 -10.89341
v 2.11225 0.22900 -10.76943
v 2.08700 0.15439 -10.63944
v 2.06399 0.06187 -10.52552
v 2.04250 -0.04284 -10.42255
v 2.01994 -0.13899 -10.31188
v 1.99733 -0.23469 -10.20082
v 1.97395 -0.32424 -10.08424
v 1.95161 -0.42215 -9.97515
v 1.93083 -0.53246 -9.87720
v 1.90838 -0.62948 -9.76732
v 1.88548 -0.72288 -9.65419
v 1.86123 -0.80551 -9.53140
v 1.83771 -0.89397 -9.41383
v 1.81510 -0.98967 -9.30277
v 1.79162 -1.07845 -9.18550
v 1.76804 -1.16636 -9.06744
v 1.74343 -1.24613 -8.94208
v 1.72012 -1.33624 -8.82599
v 1.69803 -1.43611 -8.71867
v 1.67542 -1.53182 -8.60761
v 1.65295 -1.62873 -8.49764
v 1.63031 -1.72422 -8.38638
v 1.60747 -1.81805 -8.27364
v 1.58526 -1.91694 -8.16544
v 1.56146 -2.00320 -8.04590
v 1.53716 -2.08539 -7.92271
v 1.51163 -2.15781 -7.79075
v 1.48644 -2.23286 -7.66115
v 1.46175 -2.31197 -7.53520
v 1.43777 -2.39669 -7.41428
v 1.41477 -2.48932 -7.30046
v 1.39390 -2.59898 -7.20192
v 1.37215 -2.70160 -7.09707
v 1.35151 -2.81302 -7.00011
v 1.33039 -2.92070 -6.89980
v 1.30899 -3.02607 -6.79741
v 1.28752 -3.13089 -6.69454
v 1.26541 -3.23066 -6.58712
v 1.24172 -3.31769 -6.46827
v 1.21965 -3.41779 -6.36116
v 1.19818 -3.52261 -6.25828
v 1.17748 -3.63358 -6.16093
v 1.15627 -3.74049 -6.05992
v 1.13452 -3.84312 -5.95507
v 1.11265 -3.94476 -5.84934
v 1.09037 -4.04310 -5.74064
v 1.06733 -4.13540 -5.62653
v 1.04370 -4.22297 -5.50817
v 1.01930 -4.30439 -5.38429
v 0.99555 -4.39098 -5.26504
v 2.71452 2.38225 -12.94307
v 2.69267 2.28039 -12.83753
v 2.67230 2.16678 -12.74254
v 2.65128 2.05833 -12.64292
v 2.63065 1.94681 -12.54606
v 2.61110 1.82661 -12.45698
v 2.59214 1.70168 -12.37215
v 2.57435 1.56741 -12.29570
v 2.55526 1.44359 -12.20988
v 2.53479 1.33074 -12.11420
v 2.51511 1.21164 -12.02414
v 2.49521 1.09418 -11.93260
v 2.47590 0.97211 -11.84521
v 2.45520 0.86114 -11.74785
v 2.43247 0.76631 -11.63600
v 2.40968 0.67203 -11.52366
v 2.38610 0.58413 -11.40560
v 2.36076 0.51018 -11.27502
v 2.33680 0.42524 -11.15429
v 2.31180 0.34865 -11.02608
v 2.28738 0.26745 -10.90200
v 2.26298 0.18602 -10.77812
v 2.23712 0.11625 -10.64379
v 2.21381 0.02614 -10.52770
v 2.19231 -0.07846 -10.42463
v 2.16938 -0.17164 -10.31130
v 2.14630 -0.26361 -10.19689
v 2.12210 -0.34657 -10.07439
v 2.09951 -0.44249 -9.96352
v 2.07904 -0.55533 -9.86784
v 2.05655 -0.65203 -9.75767
v 2.03350 -0.74422 -9.64346
v 2.00880 -0.82322 -9.51741
v 1.98527 -0.91157 -9.39974
v 1.96318 -1.01144 -9.29243
v 1.93987 -1.10155 -9.17634
v 1.91639 -1.19033 -9.05906
v 1.89185 -1.27065 -8.93420
v 1.86858 -1.36109 -8.81841
v 1.84685 -1.46382 -8.71366
v 1.82422 -1.55942 -8.60250
v 1.80162 -1.65523 -8.49153
v 1.77867 -1.74819 -8.37801
v 1.75548 -1.83928 -8.26281
v 1.73300 -1.93608 -8.15273
v 1.70903 -2.02091 -8.03191
v 1.68459 -2.10200 -7.90774
v 1.65908 -2.17453 -7.77587
v 1.63361 -2.24738 -7.64430
v 1.60863 -2.32419 -7.51628
v 1.58434 -2.40649 -7.39319
v 1.56096 -2.49604 -7.27661
v 1.53994 -2.60449 -7.17699
v 1.51761 -2.70239 -7.06790
v 1.49619 -2.80766 -6.96541
v 1.47469 -2.91226 -6.86234
v 1.45314 -3.01642 -6.75887
v 1.43198 -3.12377 -6.65826
v 1.40959 -3.22124 -6.54878
v 1.38497 -3.30090 -6.42332
v 1.36240 -3.39693 -6.31256
v 1.34080 -3.50077 -6.20879
v 1.32057 -3.61548 -6.11479
v 1.29911 -3.72041 -6.01201
v 1.27659 -3.81689 -5.90164
v 1.25464 -3.91786 -5.79531
v 1.23292 -4.02071 -5.69066
v 1.21096 -4.12158 -5.58424
v 1.18806 -4.21497 -5.47110
v 1.16382 -4.29771 -5.34841
v 1.14077 -4.38990 -5.23419
v 2.86033 2.37860 -12.91646
v 2.83865 2.27543 -12.81210
v 2.81852 2.15984 -12.71889
v 2.79753 2.05117 -12.61946
v 2.77693 1.93943 -12.52280
v 2.75724 1.82032 -12.43274
v 2.73795 1.69803 -12.34554
v 2.71986 1.56618 -12.26692
v 2.70057 1.44389 -12.17972
v 2.67994 1.33237 -12.08286
v 2.66030 1.21293 -11.99309
v 2.64045 1.09515 -11.90185
v 2.62126 0.97209 -11.81534
v 2.60087 0.85859 -11.72026
v 2.57860 0.76014 -11.61166
v 2.55651 0.66026 -11.50435
v 2.53379 0.56543 -11.39250
v 2.50899 0.48719 -11.26576
v 2.48594 0.39501 -11.15154
v 2.46176 0.31183 -11.02924
v 2.43799 0.22535 -10.90990
v 2.41408 0.14008 -10.78947
v 2.38766 0.07481 -10.65110
v 2.36435 -0.01529 -10.53501
v 2.34304 -0.12144 -10.43331
v 2.31986 -0.21264 -10.31821
v 2.29651 -0.30241 -10.20183
v 2.27137 -0.37790 -10.07262
v 2.24855 -0.47196 -9.96008
v 2.22866 -0.58941 -9.86854
v 2.20585 -0.68358 -9.75610
v 2.18258 -0.77401 -9.64031
v 2.15732 -0.84851 -9.51022
v 2.13372 -0.93631 -9.39206
v 2.11224 -1.04113 -9.28918
v 2.08882 -1.13035 -9.17230
v 2.06525 -1.21837 -9.05434
v 2.04068 -1.29847 -8.92928
v 2.01743 -1.38901 -8.81359
v 1.99606 -1.49471 -8.71150
v 1.97330 -1.58921 -8.59935
v 1.95052 -1.68360 -8.48711
v 1.92722 -1.77381 -8.37112
v 1.90386 -1.86347 -8.25463
v 1.88123 -1.95906 -8.14347
v 1.85719 -2.04334 -8.02216
v 1.83275 -2.12444 -7.89798
v 1.80733 -2.19773 -7.76681
v 1.78175 -2.26971 -7.63445
v 1.75665 -2.34553 -7.50554
v 1.73194 -2.42442 -7.37940
v 1.70787 -2.50848 -7.25788
v 1.68651 -2.61418 -7.15580
v 1.66331 -2.70516 -7.04050
v 1.64097 -2.80306 -6.93141
v 1.61884 -2.90261 -6.82380
v 1.59697 -3.00425 -6.71806
v 1.57556 -3.10962 -6.61568
v 1.55303 -3.20599 -6.50521
v 1.52754 -3.27862 -6.37344
v 1.50449 -3.37081 -6.25923
v 1.48255 -3.47190 -6.15300
v 1.46260 -3.58891 -6.06106
v 1.44048 -3.68857 -5.95355
v 1.41746 -3.78098 -5.83953
v 1.39548 -3.88174 -5.73301
v 1.37447 -3.99030 -5.63349
v 1.35363 -4.10018 -5.53514
v 1.33179 -4.20203 -5.42960
v 1.30790 -4.28752 -5.30937
v 1.28604 -4.38927 -5.20374
v 3.00708 2.36737 -12.89665
v 2.98556 2.26299 -12.79338
v 2.96551 2.14674 -12.70076
v 2.94472 2.03654 -12.60271
v 2.92429 1.92337 -12.50733
v 2.90462 1.80415 -12.41737
v 2.88526 1.68241 -12.32968
v 2.86695 1.55232 -12.24948
v 2.84755 1.43091 -12.16149
v 2.82688 1.31971 -12.06433
v 2.80714 1.20105 -11.97388
v 2.78718 1.08414 -11.88185
v 2.76785 0.96218 -11.79435
v 2.74746 0.84868 -11.69926
v 2.72544 0.74825 -11.59244
v 2.70357 0.64661 -11.48671
v 2.68110 0.54981 -11.37663
v 2.65648 0.47014 -11.25118
v 2.63366 0.37609 -11.13864
v 2.60975 0.29071 -11.01831
v 2.58608 0.20347 -10.89965
v 2.56208 0.11886 -10.77863
v 2.53538 0.05589 -10.63819
v 2.51184 -0.03245 -10.52052
v 2.49040 -0.13750 -10.41784
v 2.46702 -0.22705 -10.30126
v 2.44346 -0.31517 -10.18340
v 2.41800 -0.38814 -10.05193
v 2.39517 -0.48208 -9.93929
v 2.37540 -0.60053 -9.84864
v 2.35262 -0.69492 -9.73639
v 2.32934 -0.78524 -9.62050
v 2.30402 -0.85930 -9.49002
v 2.28050 -0.94775 -9.37245
v 2.25929 -1.05466 -9.27145
v 2.23600 -1.14498 -9.15555
v 2.21257 -1.23410 -9.03858
v 2.18816 -1.31541 -8.91460
v 2.16502 -1.40694 -8.79979
v 2.14381 -1.51385 -8.69879
v 2.12106 -1.60846 -8.58674
v 2.09823 -1.70240 -8.47410
v 2.07482 -1.79174 -8.35732
v 2.05136 -1.88063 -8.24015
v 2.02865 -1.97556 -8.12840
v 2.00474 -2.06094 -8.00807
v 1.98058 -2.14423 -7.88587
v 1.95559 -2.22093 -7.75775
v 1.93031 -2.29532 -7.62756
v 1.90542 -2.37279 -7.50013
v 1.88069 -2.45158 -7.37389
v 1.85639 -2.53377 -7.25070
v 1.83452 -2.63541 -7.14496
v 1.81077 -2.72199 -7.02572
v 1.78774 -2.81440 -6.91170
v 1.76516 -2.91033 -6.80083
v 1.74293 -3.00911 -6.69253
v 1.72153 -3.11448 -6.59015
v 1.69876 -3.20897 -6.47801
v 1.67299 -3.27941 -6.34427
v 1.64950 -3.36809 -6.22690
v 1.62713 -3.46577 -6.11761
v 1.60691 -3.58059 -6.02371
v 1.58416 -3.67519 -5.91166
v 1.56037 -3.76145 -5.79212
v 1.53813 -3.86012 -5.68372
v 1.51736 -3.97055 -5.58587
v 1.49729 -4.08657 -5.49305
v 1.47621 -4.19458 -5.39303
v 1.45290 -4.28469 -5.27695
v 1.43198 -4.39390 -5.17801
v 3.15630 2.33648 -12.89449
v 3.13471 2.23265 -12.79073
v 3.11433 2.11904 -12.69574
v 3.09356 2.00861 -12.59789
v 3.07309 1.89577 -12.50221
v 3.05349 1.77601 -12.41274
v 3.03427 1.65317 -12.32604
v 3.01564 1.52560 -12.24357
v 2.99614 1.40507 -12.15479
v 2.97560 1.29278 -12.05862
v 2.95560 1.17620 -11.96630
v 2.93549 1.06050 -11.87318
v 2.91565 0.94260 -11.78204
v 2.89510 0.83042 -11.68577
v 2.87320 0.72900 -11.57983
v 2.85099 0.63011 -11.47163
v 2.82810 0.53661 -11.35860
v 2.80337 0.45782 -11.23235
v 2.78000 0.36816 -11.11587
v 2.75584 0.28487 -10.99367
v 2.73156 0.20245 -10.87068
v 2.70711 0.12147 -10.74640
v 2.68040 0.05850 -10.60596
v 2.65662 -0.02786 -10.48652
v 2.63469 -0.12895 -10.38029
v 2.61125 -0.21806 -10.26331
v 2.58780 -0.30707 -10.14624
v 2.56273 -0.38311 -10.01753
v 2.54005 -0.47826 -9.90597
v 2.52007 -0.59506 -9.81384
v 2.49747 -0.69087 -9.70288
v 2.47434 -0.78240 -9.58807
v 2.44945 -0.85987 -9.46064
v 2.42604 -0.94920 -9.34387
v 2.40473 -1.05534 -9.24217
v 2.38157 -1.14665 -9.12717
v 2.35825 -1.23676 -9.01108
v 2.33436 -1.32224 -8.89085
v 2.31128 -1.41421 -8.77643
v 2.28996 -1.52024 -8.67464
v 2.26728 -1.61540 -8.56309
v 2.24448 -1.70957 -8.45065
v 2.22121 -1.80000 -8.33485
v 2.19795 -1.89054 -8.21916
v 2.17519 -1.98503 -8.10701
v 2.15173 -2.07404 -7.98994
v 2.12797 -2.16051 -7.87059
v 2.10367 -2.24271 -7.74741
v 2.07890 -2.32116 -7.62087
v 2.05440 -2.40182 -7.49630
v 2.03007 -2.48379 -7.37291
v 2.00599 -2.56774 -7.25130
v 1.98361 -2.66531 -7.14192
v 1.95984 -2.75179 -7.02257
v 1.93652 -2.84178 -6.90638
v 1.91367 -2.93562 -6.79365
v 1.89114 -3.03198 -6.68318
v 1.86933 -3.13406 -6.57784
v 1.84617 -3.22537 -6.46283
v 1.82053 -3.29690 -6.33008
v 1.79656 -3.38173 -6.20926
v 1.77351 -3.47392 -6.09504
v 1.75262 -3.58347 -5.99640
v 1.72935 -3.67390 -5.88061
v 1.70513 -3.75675 -5.75801
v 1.68263 -3.85333 -5.64774
v 1.66182 -3.96343 -5.54960
v 1.64215 -4.08264 -5.45964
v 1.62166 -4.19537 -5.36386
v 1.59909 -4.29141 -5.25309
v 1.57884 -4.40601 -5.15899
v 3.30338 2.32273 -12.87695
v 3.28197 2.21736 -12.77457
v 3.26170 2.10298 -12.68027
v 3.24110 1.99112 -12.58370
v 3.22081 1.87685 -12.48931
v 3.20122 1.75698 -12.39994
v 3.18203 1.63392 -12.31343
v 3.16321 1.50789 -12.22958
v 3.14350 1.38901 -12.13932
v 3.12282 1.27781 -12.04217
v 3.10264 1.16266 -11.94856
v 3.08231 1.04872 -11.85386
v 3.06222 0.93291 -11.76085
v 3.04144 0.82249 -11.66300
v 3.01946 0.72173 -11.55647
v 2.99710 0.62405 -11.44719
v 2.97403 0.53197 -11.33287
v 2.94939 0.45252 -11.20722
v 2.92576 0.36495 -11.08886
v 2.90132 0.28386 -10.96469
v 2.87684 0.20309 -10.84022
v 2.85225 0.12321 -10.71496
v 2.82573 0.05870 -10.57590
v 2.80186 -0.02690 -10.45576
v 2.77953 -0.12491 -10.34677
v 2.75608 -0.21391 -10.22970
v 2.73277 -0.30401 -10.11361
v 2.70806 -0.38291 -9.98746
v 2.68550 -0.47905 -9.87680
v 2.66532 -0.59420 -9.78319
v 2.64280 -0.69067 -9.67282
v 2.61986 -0.78374 -9.55939
v 2.59536 -0.86440 -9.43482
v 2.57216 -0.95538 -9.31952
v 2.55079 -1.06097 -9.21733
v 2.52773 -1.15316 -9.10312
v 2.50461 -1.24480 -8.98841
v 2.48111 -1.33336 -8.87094
v 2.45821 -1.42676 -8.75781
v 2.43678 -1.53191 -8.65523
v 2.41408 -1.62696 -8.54358
v 2.39128 -1.72112 -8.43113
v 2.36796 -1.81122 -8.31505
v 2.34479 -1.90243 -8.19994
v 2.32204 -1.99703 -8.08790
v 2.29886 -2.08823 -7.97279
v 2.27555 -2.17833 -7.85670
v 2.25198 -2.26635 -7.73874
v 2.22783 -2.34975 -7.61664
v 2.20395 -2.43535 -7.49650
v 2.17991 -2.51962 -7.37519
v 2.15584 -2.60368 -7.25368
v 2.13291 -2.69686 -7.14035
v 2.10891 -2.78147 -7.01933
v 2.08516 -2.86806 -6.90008
v 2.06204 -2.95970 -6.78538
v 2.03918 -3.05342 -6.67254
v 2.01698 -3.15242 -6.56444
v 1.99375 -3.24318 -6.44894
v 1.96859 -3.31857 -6.31964
v 1.94454 -3.40273 -6.19822
v 1.92109 -3.49174 -6.08115
v 1.89931 -3.59414 -5.97610
v 1.87556 -3.68073 -5.85686
v 1.85122 -3.76259 -5.73337
v 1.82854 -3.85775 -5.62182
v 1.80763 -3.96707 -5.52299
v 1.78803 -4.08684 -5.43352
v 1.76793 -4.20265 -5.34050
v 1.74618 -4.30527 -5.23565
v 1.72641 -4.42372 -5.14500
v 3.45015 2.31139 -12.85724
v 3.42880 2.20558 -12.75525
v 3.40863 2.09032 -12.66174
v 3.38793 1.97934 -12.56439
v 3.36746 1.86650 -12.46871
v 3.34764 1.74850 -12.37766
v 3.32828 1.62676 -12.28997
v 3.30939 1.50128 -12.20563
v 3.28932 1.38525 -12.11281
v 3.26821 1.27757 -12.01250
v 3.24778 1.16440 -11.91712
v 3.22733 1.05145 -11.82153
v 3.20742 0.93410 -11.72990
v 3.18653 0.82466 -11.63116
v 3.16430 0.72588 -11.52286
v 3.14185 0.62886 -11.41298
v 3.11883 0.53645 -11.29897
v 3.09447 0.45470 -11.17538
v 3.07090 0.36668 -11.05742
v 3.04624 0.28735 -10.93167
v 3.02188 0.20560 -10.80809
v 2.99751 0.12395 -10.68440
v 2.97142 0.05604 -10.54840
v 2.94776 -0.03131 -10.42984
v 2.92540 -0.12899 -10.32056
v 2.90210 -0.21920 -10.20457
v 2.87894 -0.31052 -10.08956
v 2.85450 -0.39161 -9.96539
v 2.83204 -0.48852 -9.85541
v 2.81176 -0.60290 -9.76111
v 2.78931 -0.69992 -9.65124
v 2.76647 -0.79376 -9.53850
v 2.74215 -0.87584 -9.41521
v 2.71911 -0.96814 -9.30109
v 2.69774 -1.07373 -9.19891
v 2.67479 -1.16680 -9.08548
v 2.65174 -1.25899 -8.97126
v 2.62832 -1.34821 -8.85439
v 2.60549 -1.44216 -8.74175
v 2.58404 -1.54720 -8.63907
v 2.56132 -1.64203 -8.52722
v 2.53843 -1.73554 -8.41419
v 2.51493 -1.82410 -8.29672
v 2.49184 -1.91596 -8.18220
v 2.46924 -2.01177 -8.07124
v 2.44636 -2.10539 -7.95831
v 2.42344 -2.19857 -7.84498
v 2.40033 -2.29032 -7.73037
v 2.37674 -2.37822 -7.61231
v 2.35344 -2.46843 -7.49632
v 2.32961 -2.55436 -7.37648
v 2.30545 -2.63776 -7.25438
v 2.28195 -2.72633 -7.13691
v 2.25765 -2.80852 -7.01372
v 2.23366 -2.89324 -6.89280
v 2.21029 -2.98290 -6.77631
v 2.18730 -3.07553 -6.66249
v 2.16479 -3.17211 -6.55222
v 2.14181 -3.26485 -6.43850
v 2.11752 -3.34715 -6.31541
v 2.09385 -3.43440 -6.19676
v 2.07022 -3.52197 -6.07840
v 2.04757 -3.61735 -5.96704
v 2.02342 -3.70075 -5.84494
v 1.99912 -3.78294 -5.72175
v 1.97620 -3.87623 -5.60852
v 1.95483 -3.98182 -5.50633
v 1.93478 -4.09807 -5.41371
v 1.91469 -4.21387 -5.32069
v 1.89361 -4.32188 -5.22068
v 1.87404 -4.44187 -5.13141
v 3.59671 2.30170 -12.83605
v 3.57517 2.19743 -12.73268
v 3.55470 2.08459 -12.63700
v 3.53367 1.97625 -12.53728
v 3.51282 1.86648 -12.43884
v 3.49254 1.75210 -12.34454
v 3.47275 1.63387 -12.25370
v 3.45388 1.50818 -12.16955
v 3.43347 1.39490 -12.07427
v 3.41209 1.28930 -11.97208
v 3.39142 1.17811 -11.87492
v 3.37073 1.06703 -11.77767
v 3.35133 0.94561 -11.68968
v 3.33022 0.83793 -11.58937
v 3.30744 0.74355 -11.47712
v 3.28502 0.64631 -11.36744
v 3.26215 0.55269 -11.25451
v 3.23825 0.46731 -11.13418
v 3.21490 0.37743 -11.01789
v 3.18990 0.30084 -10.88968
v 3.16600 0.21546 -10.76935
v 3.14205 0.13041 -10.64872
v 3.11660 0.05745 -10.51725
v 3.09326 -0.03243 -10.40096
v 3.07093 -0.13044 -10.29197
v 3.04792 -0.22296 -10.17805
v 3.02497 -0.31592 -10.06453
v 3.00090 -0.39998 -9.94302
v 2.97853 -0.49766 -9.83373
v 2.95809 -0.61072 -9.73825
v 2.93571 -0.70830 -9.62886
v 2.91303 -0.80345 -9.51731
v 2.88905 -0.88817 -9.39639
v 2.86620 -0.98201 -9.28365
v 2.84480 -1.08738 -9.18127
v 2.82201 -1.18166 -9.06893
v 2.79908 -1.27483 -8.95560
v 2.77570 -1.36439 -8.83901
v 2.75292 -1.45877 -8.72677
v 2.73136 -1.56294 -8.62330
v 2.70866 -1.65787 -8.51155
v 2.68577 -1.75138 -8.39852
v 2.66207 -1.83840 -8.27967
v 2.63909 -1.93114 -8.16595
v 2.61675 -2.02904 -8.05686
v 2.59414 -2.12475 -7.94580
v 2.57155 -2.22067 -7.83493
v 2.54882 -2.31539 -7.72298
v 2.52567 -2.40681 -7.60808
v 2.50297 -2.50185 -7.49643
v 2.47940 -2.58987 -7.37846
v 2.45541 -2.67459 -7.25754
v 2.43132 -2.75843 -7.13583
v 2.40704 -2.84084 -7.01284
v 2.38307 -2.92567 -6.89202
v 2.35976 -3.01577 -6.77593
v 2.33691 -3.10961 -6.66319
v 2.31453 -3.20718 -6.55381
v 2.29192 -3.30288 -6.44275
v 2.26886 -3.39496 -6.32843
v 2.24573 -3.48660 -6.21372
v 2.22235 -3.57615 -6.09714
v 2.19953 -3.67021 -5.98460
v 2.17544 -3.75405 -5.86289
v 2.15120 -3.83679 -5.74020
v 2.12797 -3.92755 -5.62470
v 2.10609 -4.02908 -5.51887
v 2.08539 -4.14005 -5.42151
v 2.06488 -4.25257 -5.32554
v 2.04371 -4.35981 -5.22483
v 2.02379 -4.47704 -5.13309
v 3.74560 2.27345 -12.83153
v 3.72399 2.16972 -12.72767
v 3.70348 2.05721 -12.63169
v 3.68220 1.95085 -12.53019
v 3.66081 1.84537 -12.42791
v 3.63992 1.73593 -12.32917
v 3.61971 1.62100 -12.23537
v 3.60060 1.49728 -12.14945
v 3.57965 1.38828 -12.05032
v 3.55766 1.28764 -11.94370
v 3.53658 1.17963 -11.84368
v 3.51584 1.06898 -11.74603
v 3.49673 0.94526 -11.66011
v 3.47548 0.83868 -11.55881
v 3.45228 0.74770 -11.44351
v 3.42966 0.65200 -11.33245
v 3.40668 0.55926 -11.21873
v 3.38296 0.47245 -11.09968
v 3.35937 0.38455 -10.98162
v 3.33387 0.31191 -10.84985
v 3.30988 0.22720 -10.72893
v 3.28609 0.14094 -10.60939
v 3.26125 0.06303 -10.48236
v 3.23809 -0.02828 -10.36735
v 3.21557 -0.12475 -10.25698
v 3.19273 -0.21859 -10.14424
v 3.17005 -0.31374 -10.03269
v 3.14658 -0.40264 -9.91552
v 3.12434 -0.50131 -9.80712
v 3.10354 -0.61151 -9.70907
v 3.08125 -0.70975 -9.60028
v 3.05877 -0.80655 -9.49020
v 3.03538 -0.89599 -9.37352
v 3.01278 -0.99181 -9.26256
v 2.99114 -1.09531 -9.15850
v 2.96845 -1.19036 -9.04685
v 2.94561 -1.28430 -8.93421
v 2.92241 -1.37528 -8.81891
v 2.89972 -1.47033 -8.70726
v 2.87783 -1.57186 -8.60142
v 2.85504 -1.66613 -8.48908
v 2.83211 -1.75931 -8.37575
v 2.80840 -1.84623 -8.25680
v 2.78552 -1.93973 -8.14377
v 2.76330 -2.03862 -8.03557
v 2.74095 -2.13642 -7.92638
v 2.71872 -2.23520 -7.81808
v 2.69645 -2.33365 -7.70949
v 2.67395 -2.43023 -7.59921
v 2.65196 -2.53088 -7.49259
v 2.62882 -2.62241 -7.37778
v 2.60499 -2.70834 -7.25795
v 2.58045 -2.78866 -7.13308
v 2.55621 -2.87129 -7.01029
v 2.53249 -2.95821 -6.89134
v 2.50939 -3.04996 -6.77673
v 2.48660 -3.14423 -6.66439
v 2.46397 -3.23983 -6.55323
v 2.44192 -3.34004 -6.44621
v 2.42022 -3.44299 -6.34166
v 2.39770 -3.53946 -6.23129
v 2.37407 -3.62704 -6.11293
v 2.35002 -3.71121 -5.99152
v 2.32571 -3.79340 -5.86833
v 2.30195 -3.87988 -5.74898
v 2.27870 -3.97053 -5.63339
v 2.25617 -4.06689 -5.52292
v 2.23451 -4.17018 -5.41866
v 2.21363 -4.27972 -5.32002
v 2.19298 -4.39114 -5.22306
v 2.17264 -4.50497 -5.12827
v 3.89636 2.23025 -12.84041
v 3.87453 2.12828 -12.73497
v 3.85373 2.01808 -12.63693
v 3.83206 1.91479 -12.53267
v 3.80991 1.81546 -12.42486
v 3.78824 1.71218 -12.32061
v 3.76759 1.60076 -12.22364
v 3.74813 1.47990 -12.13516
v 3.72667 1.37497 -12.03239
v 3.70424 1.27784 -11.92261
v 3.68283 1.17246 -11.82022
v 3.66221 1.06083 -11.72346
v 3.64335 0.93513 -11.63932
v 3.62199 0.82943 -11.53723
v 3.59853 0.74054 -11.42005
v 3.57554 0.64780 -11.30633
v 3.55206 0.55902 -11.18906
v 3.52826 0.47287 -11.06942
v 3.50404 0.39002 -10.94682
v 3.47787 0.32277 -10.81022
v 3.45339 0.24200 -10.68575
v 3.42922 0.15871 -10.56355
v 3.40503 0.07564 -10.44115
v 3.38180 -0.01512 -10.32565
v 3.35884 -0.10808 -10.21213
v 3.33613 -0.20301 -10.10038
v 3.31359 -0.29927 -9.98981
v 3.29102 -0.39530 -9.87904
v 3.26896 -0.49540 -9.77193
v 3.24748 -0.60022 -9.66905
v 3.22550 -0.70098 -9.56253
v 3.20333 -0.80020 -9.45462
v 3.18069 -0.89568 -9.34336
v 3.15834 -0.99348 -9.23418
v 3.13622 -1.09314 -9.12666
v 3.11378 -1.19016 -9.01679
v 3.09118 -1.28597 -8.90582
v 3.06813 -1.37816 -8.79161
v 3.04549 -1.47365 -8.68035
v 3.02315 -1.57155 -8.57126
v 3.00037 -1.66593 -8.45902
v 2.97744 -1.75911 -8.34569
v 2.95383 -1.84680 -8.22743
v 2.93104 -1.94107 -8.11509
v 2.90899 -2.04128 -8.00807
v 2.88688 -2.14105 -7.90066
v 2.86505 -2.24302 -7.79522
v 2.84328 -2.34542 -7.69017
v 2.82151 -2.44783 -7.58513
v 2.80032 -2.55496 -7.48432
v 2.77797 -2.65275 -7.37513
v 2.75476 -2.74362 -7.25973
v 2.72997 -2.82197 -7.13309
v 2.70622 -2.90855 -7.01385
v 2.68315 -3.00063 -6.89953
v 2.66053 -3.09623 -6.78837
v 2.63794 -3.19215 -6.67751
v 2.61548 -3.28907 -6.56754
v 2.59386 -3.39268 -6.46357
v 2.57377 -3.50860 -6.37066
v 2.55190 -3.61024 -6.26492
v 2.52821 -3.69726 -6.14607
v 2.50285 -3.77099 -6.01529
v 2.47846 -3.85253 -5.89151
v 2.45470 -3.93900 -5.77217
v 2.43098 -4.02592 -5.65322
v 2.40737 -4.11360 -5.53496
v 2.38437 -4.20623 -5.42114
v 2.36263 -4.30886 -5.31629
v 2.34228 -4.42269 -5.22150
v 2.32112 -4.53004 -5.12089
v 4.04678 2.18969 -12.84693
v 4.02472 2.08959 -12.73981
v 4.00369 1.98125 -12.64009
v 3.98154 1.88181 -12.53238
v 3.95857 1.78896 -12.41876
v 3.93614 1.69183 -12.30898
v 3.91500 1.58437 -12.20847
v 3.89522 1.46604 -12.11772
v 3.87330 1.36473 -12.01169
v 3.85043 1.27111 -11.89876
v 3.82886 1.16706 -11.79519
v 3.80841 1.05411 -11.69961
v 3.78983 0.92610 -11.61754
v 3.76843 0.82073 -11.51515
v 3.74473 0.73371 -11.39630
v 3.72160 0.64218 -11.28149
v 3.69794 0.55482 -11.16294
v 3.67416 0.46845 -11.04350
v 3.64967 0.38780 -10.91893
v 3.62314 0.32341 -10.77977
v 3.59851 0.24385 -10.65421
v 3.57438 0.16023 -10.53231
v 3.55071 0.07298 -10.41365
v 3.52762 -0.01887 -10.29914
v 3.50450 -0.11051 -10.18443
v 3.48193 -0.20655 -10.07367
v 3.45963 -0.30478 -9.96487
v 3.43763 -0.40532 -9.85815
v 3.41569 -0.50641 -9.75192
v 3.39384 -0.60826 -9.64638
v 3.37186 -0.70902 -9.53986
v 3.34984 -0.80945 -9.43304
v 3.32766 -0.90856 -9.32503
v 3.30540 -1.00712 -9.21654
v 3.28295 -1.10414 -9.10666
v 3.26044 -1.20062 -8.99629
v 3.23780 -1.29610 -8.88503
v 3.21469 -1.38785 -8.77042
v 3.19201 -1.48301 -8.65887
v 3.16934 -1.57827 -8.54741
v 3.14647 -1.67189 -8.43448
v 3.12354 -1.76507 -8.32115
v 3.09988 -1.85242 -8.20259
v 3.07722 -1.94769 -8.09114
v 3.05535 -2.04932 -7.98540
v 3.03333 -2.14975 -7.87858
v 3.01163 -2.25282 -7.77413
v 2.99002 -2.35654 -7.67026
v 2.96865 -2.46213 -7.56808
v 2.94811 -2.57443 -7.47191
v 2.92630 -2.67650 -7.36656
v 2.90340 -2.76990 -7.25343
v 2.87863 -2.84836 -7.12689
v 2.85531 -2.93846 -7.01080
v 2.83289 -3.03570 -6.90112
v 2.81075 -3.13514 -6.79341
v 2.78836 -3.23260 -6.68393
v 2.76573 -3.32820 -6.57277
v 2.74470 -3.43654 -6.47305
v 2.72581 -3.56201 -6.38871
v 2.70464 -3.66925 -6.28800
v 2.68090 -3.75595 -6.16886
v 2.65463 -3.82243 -6.03157
v 2.63019 -3.90352 -5.90739
v 2.60678 -3.99286 -5.79061
v 2.58280 -4.07757 -5.66969
v 2.55840 -4.15900 -5.54581
v 2.53406 -4.24086 -5.42233
v 2.51143 -4.33645 -5.31117
v 2.49102 -4.44974 -5.21589
v 2.46905 -4.55060 -5.10946
v 4.19725 2.14880 -12.85374
v 4.17493 2.05079 -12.74475
v 4.15359 1.94487 -12.64286
v 4.13084 1.85026 -12.53082
v 4.10698 1.76455 -12.41078
v 4.08371 1.67412 -12.29499
v 4.06195 1.57161 -12.19004
v 4.04193 1.45514 -12.09762
v 4.01946 1.35834 -11.98754
v 3.99602 1.26922 -11.87057
v 3.97418 1.16737 -11.76503
v 3.95378 1.05397 -11.66984
v 3.93560 0.92279 -11.59063
v 3.91419 0.81752 -11.48815
v 3.89012 0.73346 -11.36663
v 3.86697 0.64204 -11.25173
v 3.84340 0.55403 -11.13376
v 3.81995 0.46503 -11.01669
v 3.79556 0.38349 -10.89291
v 3.76891 0.32009 -10.75286
v 3.74447 0.23899 -10.62869
v 3.72063 0.15307 -10.50885
v 3.69758 0.06088 -10.39463
v 3.67476 -0.03318 -10.28209
v 3.65168 -0.12515 -10.16768
v 3.62931 -0.22272 -10.05830
v 3.60717 -0.32227 -9.95069
v 3.58554 -0.42577 -9.84663
v 3.56368 -0.52752 -9.74099
v 3.54162 -0.62762 -9.63387
v 3.51967 -0.72860 -9.52754
v 3.49766 -0.82914 -9.42082
v 3.47558 -0.92912 -9.31361
v 3.45341 -1.02834 -9.20570
v 3.43076 -1.12372 -9.09434
v 3.40818 -1.21975 -8.98358
v 3.38541 -1.31414 -8.87134
v 3.36201 -1.40358 -8.75465
v 3.33936 -1.49896 -8.64330
v 3.31670 -1.59433 -8.53194
v 3.29391 -1.68861 -8.41960
v 3.27100 -1.78190 -8.30637
v 3.24701 -1.86661 -8.18545
v 3.22439 -1.96221 -8.07429
v 3.20275 -2.06571 -7.97023
v 3.18067 -2.16570 -7.86301
v 3.15879 -2.26723 -7.75718
v 3.13689 -2.36865 -7.65125
v 3.11557 -2.47468 -7.54945
v 3.09560 -2.59148 -7.45732
v 3.07410 -2.69608 -7.35425
v 3.05144 -2.79145 -7.24289
v 3.02673 -2.87035 -7.11675
v 3.00382 -2.96364 -7.00352
v 2.98204 -3.06604 -6.89847
v 2.96035 -3.16911 -6.79402
v 2.93820 -3.26855 -6.68631
v 2.91562 -3.36447 -6.57544
v 2.89511 -3.47699 -6.47947
v 2.87713 -3.60971 -6.40164
v 2.85648 -3.72113 -6.30468
v 2.83288 -3.80892 -6.18652
v 2.80597 -3.87024 -6.04459
v 2.78175 -3.95309 -5.92200
v 2.75879 -4.04605 -5.80847
v 2.73485 -4.13110 -5.68785
v 2.70977 -4.20714 -5.55914
v 2.68414 -4.27867 -5.42638
v 2.66047 -4.36592 -5.30773
v 2.63971 -4.47645 -5.20998
v 2.61666 -4.56864 -5.09576
v 4.34600 2.12164 -12.84823
v 4.32354 2.02473 -12.73826
v 4.30189 1.92134 -12.63410
v 4.27873 1.83003 -12.51909
v 4.25434 1.74849 -12.39531
v 4.23033 1.66399 -12.27420
v 4.20777 1.56785 -12.16353
v 4.18693 1.45797 -12.06519
v 4.16402 1.36469 -11.95196
v 4.14028 1.27799 -11.83281
v 4.11821 1.17789 -11.72570
v 4.09770 1.06538 -11.62972
v 4.07998 0.93056 -11.55376
v 4.05866 0.82453 -11.45197
v 4.03483 0.73861 -11.33213
v 4.01184 0.64587 -11.21841
v 3.98855 0.55566 -11.10242
v 3.96558 0.46281 -10.98880
v 3.94160 0.37798 -10.86797
v 3.91497 0.31446 -10.72802
v 3.89105 0.22920 -10.60760
v 3.86769 0.13942 -10.49121
v 3.84508 0.04372 -10.38015
v 3.82258 -0.05286 -10.26988
v 3.79964 -0.14593 -10.15645
v 3.77748 -0.24526 -10.04864
v 3.75550 -0.34602 -9.94212
v 3.73405 -0.45106 -9.83944
v 3.71222 -0.55303 -9.73400
v 3.69015 -0.65302 -9.62678
v 3.66821 -0.75411 -9.52055
v 3.64623 -0.85486 -9.41403
v 3.62410 -0.95441 -9.30642
v 3.60194 -1.05374 -9.19861
v 3.57916 -1.14813 -9.08637
v 3.55656 -1.24394 -8.97541
v 3.53377 -1.33822 -8.86306
v 3.50999 -1.42459 -8.74362
v 3.48748 -1.52106 -8.63325
v 3.46510 -1.61863 -8.52387
v 3.44253 -1.71467 -8.41310
v 3.41976 -1.80916 -8.30096
v 3.39531 -1.89015 -8.17668
v 3.37267 -1.98563 -8.06543
v 3.35135 -2.09166 -7.96363
v 3.32900 -2.18945 -7.85445
v 3.30673 -2.28791 -7.74585
v 3.28453 -2.38691 -7.63775
v 3.26298 -2.49107 -7.53428
v 3.24350 -2.61182 -7.44570
v 3.22213 -2.71752 -7.34361
v 3.19974 -2.81499 -7.23413
v 3.17554 -2.89795 -7.11163
v 3.15307 -2.99486 -7.00165
v 3.13170 -3.10045 -6.89947
v 3.11038 -3.20648 -6.79767
v 3.08851 -3.30812 -6.69194
v 3.06634 -3.40734 -6.58403
v 3.04624 -3.52315 -6.49102
v 3.02857 -3.65840 -6.41545
v 3.00842 -3.77377 -6.32204
v 2.98541 -3.86629 -6.20812
v 2.95936 -3.93453 -6.07241
v 2.93580 -4.02265 -5.95455
v 2.91319 -4.11836 -5.84348
v 2.88898 -4.20132 -5.72099
v 2.86304 -4.27044 -5.58606
v 2.83606 -4.33121 -5.44365
v 2.81094 -4.40681 -5.31454
v 2.78846 -4.50361 -5.20447
v 2.76388 -4.58361 -5.07931
v 4.49593 2.08504 -12.85120
v 4.47321 1.99021 -12.73935
v 4.45127 1.88913 -12.63312
v 4.42774 1.80078 -12.51546
v 4.40269 1.72452 -12.38694
v 4.37820 1.64387 -12.26237
v 4.35544 1.54937 -12.15023
v 4.33460 1.43950 -12.05189
v 4.31153 1.34742 -11.93757
v 4.28749 1.26314 -11.81626
v 4.26519 1.16491 -11.70747
v 4.24481 1.05140 -11.61238
v 4.22713 0.91626 -11.53671
v 4.20578 0.81045 -11.43473
v 4.18178 0.72584 -11.31371
v 4.15874 0.63354 -11.19959
v 4.13563 0.54179 -11.08498
v 4.11280 0.44784 -10.97234
v 4.08895 0.36203 -10.85241
v 4.06256 0.29653 -10.71423
v 4.03885 0.20962 -10.59528
v 4.01578 0.11754 -10.48097
v 3.99332 0.02063 -10.37099
v 3.97100 -0.07739 -10.26200
v 3.94829 -0.17232 -10.15025
v 3.92627 -0.27275 -10.04343
v 3.90437 -0.37417 -9.93749
v 3.88297 -0.47954 -9.83511
v 3.86117 -0.58172 -9.72987
v 3.83913 -0.68204 -9.62295
v 3.81711 -0.78247 -9.51613
v 3.79502 -0.88235 -9.40881
v 3.77278 -0.98102 -9.30041
v 3.75050 -1.07936 -9.19172
v 3.72754 -1.17232 -9.07819
v 3.70467 -1.26594 -8.96526
v 3.68157 -1.35780 -8.85075
v 3.65742 -1.44120 -8.72865
v 3.63478 -1.53668 -8.61739
v 3.61234 -1.63371 -8.50751
v 3.58968 -1.72908 -8.39615
v 3.56681 -1.82270 -8.28322
v 3.54204 -1.90115 -8.15668
v 3.51930 -1.99587 -8.04473
v 3.49815 -2.10322 -7.94412
v 3.47582 -2.20123 -7.83513
v 3.45345 -2.29880 -7.72575
v 3.43112 -2.39681 -7.61676
v 3.40958 -2.50109 -7.51339
v 3.39050 -2.62503 -7.42767
v 3.36948 -2.73347 -7.32804
v 3.34731 -2.83269 -7.22014
v 3.32335 -2.91763 -7.09941
v 3.30116 -3.01674 -6.99141
v 3.28012 -3.12497 -6.89159
v 3.25913 -3.23364 -6.79216
v 3.23744 -3.33670 -6.68771
v 3.21555 -3.43823 -6.58187
v 3.19570 -3.55602 -6.49063
v 3.17828 -3.69325 -6.41684
v 3.15832 -3.81016 -6.32481
v 3.13516 -3.90147 -6.20981
v 3.10872 -3.96652 -6.07124
v 3.08505 -4.05377 -5.95258
v 3.06219 -4.14749 -5.83975
v 3.03772 -4.22837 -5.71538
v 3.01115 -4.29243 -5.57592
v 2.98338 -4.34694 -5.42788
v 2.95778 -4.41869 -5.29533
v 2.93501 -4.51319 -5.18318
v 2.90990 -4.58890 -5.05418
v 4.64571 2.04964 -12.85309
v 4.62282 1.95613 -12.74005
v 4.60097 1.85439 -12.63442
v 4.57720 1.76791 -12.51507
v 4.55162 1.69594 -12.38271
v 4.52681 1.61781 -12.25588
v 4.50427 1.52156 -12.14531
v 4.48350 1.41113 -12.04746
v 4.46042 1.31916 -11.93305
v 4.43588 1.23884 -11.80818
v 4.41341 1.14203 -11.69811
v 4.39338 1.02568 -11.60559
v 4.37555 0.89174 -11.52884
v 4.35431 0.78505 -11.42764
v 4.33040 0.69967 -11.30731
v 4.30722 0.60858 -11.19211
v 4.28425 0.51573 -11.07848
v 4.26144 0.42157 -10.96604
v 4.23759 0.33575 -10.84611
v 4.21168 0.26641 -10.71138
v 4.18792 0.17993 -10.59204
v 4.16497 0.08687 -10.47861
v 4.14262 -0.01093 -10.36942
v 4.12041 -0.10982 -10.26122
v 4.09793 -0.20662 -10.15115
v 4.07590 -0.30694 -10.04423
v 4.05399 -0.40824 -9.93820
v 4.03249 -0.51285 -9.83512
v 4.01062 -0.61448 -9.72939
v 3.98854 -0.71447 -9.62217
v 3.96636 -0.81358 -9.51417
v 3.94398 -0.91116 -9.40478
v 3.92142 -1.00730 -9.29411
v 3.89883 -1.10322 -9.18325
v 3.87556 -1.19366 -9.06746
v 3.85226 -1.28387 -8.95147
v 3.82872 -1.37210 -8.83370
v 3.80419 -1.45254 -8.70894
v 3.78124 -1.54549 -8.59541
v 3.75848 -1.63999 -8.48326
v 3.73548 -1.73262 -8.36944
v 3.71229 -1.82371 -8.25424
v 3.68737 -1.90096 -8.12662
v 3.66454 -1.99490 -8.01398
v 3.64357 -2.10379 -7.91475
v 3.62159 -2.20455 -7.80822
v 3.59948 -2.30421 -7.70071
v 3.57740 -2.40420 -7.59350
v 3.55620 -2.51122 -7.49259
v 3.53751 -2.63823 -7.40963
v 3.51687 -2.74976 -7.31277
v 3.49462 -2.84832 -7.20427
v 3.47091 -2.93523 -7.08532
v 3.44872 -3.03434 -6.97732
v 3.42791 -3.14444 -6.87918
v 3.40707 -3.25431 -6.78083
v 3.38531 -3.35683 -6.67589
v 3.36330 -3.45737 -6.56917
v 3.34368 -3.57702 -6.47960
v 3.32626 -3.71425 -6.40581
v 3.30645 -3.83237 -6.31486
v 3.28261 -3.91819 -6.19493
v 3.25490 -3.97313 -6.04729
v 3.23033 -4.05324 -5.92223
v 3.20681 -4.14169 -5.80466
v 3.18169 -4.21729 -5.67555
v 3.15432 -4.27499 -5.53038
v 3.12579 -4.32334 -5.37682
v 3.10007 -4.39422 -5.24347
v 3.07781 -4.49278 -5.13498
v 3.05291 -4.57014 -5.00745
v 4.79306 2.03369 -12.83752
v 4.76983 1.94293 -12.72202
v 4.74745 1.84536 -12.61264
v 4.72338 1.76130 -12.49112
v 4.69740 1.69251 -12.35591
v 4.67247 1.61537 -12.22818
v 4.65016 1.51725 -12.11929
v 4.62975 1.40397 -12.02401
v 4.60694 1.30980 -11.91156
v 4.58264 1.22761 -11.78838
v 4.56016 1.13081 -11.67830
v 4.54035 1.01269 -11.58735
v 4.52247 0.87919 -11.51021
v 4.50131 0.77184 -11.40960
v 4.47735 0.68691 -11.28888
v 4.45415 0.59593 -11.17358
v 4.43153 0.50033 -11.06242
v 4.40905 0.40353 -10.95235
v 4.38550 0.31529 -10.83458
v 4.36013 0.24167 -10.70370
v 4.33660 0.15333 -10.58603
v 4.31396 0.05784 -10.47478
v 4.29192 -0.04248 -10.36786
v 4.26986 -0.14258 -10.26074
v 4.24752 -0.24048 -10.15165
v 4.22553 -0.34113 -10.04503
v 4.20360 -0.44232 -9.93890
v 4.18201 -0.54616 -9.83513
v 4.16007 -0.64724 -9.72890
v 4.13779 -0.74559 -9.62021
v 4.11541 -0.84316 -9.51082
v 4.09284 -0.93919 -9.40006
v 4.06989 -1.03226 -9.28663
v 4.04709 -1.12643 -9.17419
v 4.02361 -1.21521 -9.05692
v 4.00005 -1.30333 -8.93905
v 3.97626 -1.38959 -8.81951
v 3.95141 -1.46739 -8.69238
v 3.92823 -1.55859 -8.57728
v 3.90538 -1.65243 -8.46454
v 3.88217 -1.74330 -8.34914
v 3.85880 -1.83296 -8.23266
v 3.83359 -1.90790 -8.10296
v 3.81073 -2.00163 -7.99013
v 3.79014 -2.11348 -7.89356
v 3.76850 -2.21698 -7.78950
v 3.74660 -2.31840 -7.68357
v 3.72461 -2.41905 -7.57694
v 3.70363 -2.52783 -7.47762
v 3.68536 -2.65825 -7.39771
v 3.66502 -2.77208 -7.30292
v 3.64282 -2.87108 -7.19482
v 3.61924 -2.95909 -7.07686
v 3.59728 -3.05996 -6.97043
v 3.57684 -3.17302 -6.87495
v 3.55623 -3.28477 -6.77828
v 3.53457 -3.38805 -6.67402
v 3.51264 -3.48925 -6.56789
v 3.49311 -3.60956 -6.47892
v 3.47571 -3.74701 -6.40533
v 3.45591 -3.86513 -6.31438
v 3.43181 -3.94897 -6.19267
v 3.40367 -4.00051 -6.04197
v 3.37862 -4.07666 -5.91336
v 3.35451 -4.16039 -5.79155
v 3.32871 -4.23061 -5.65762
v 3.30069 -4.28314 -5.50781
v 3.27153 -4.32644 -5.34971
v 3.24543 -4.39424 -5.21361
v 3.22299 -4.49137 -5.10383
v 3.19800 -4.56807 -4.97571
v 4.93811 2.03609 -12.80548
v 4.91449 1.94851 -12.68713
v 4.89150 1.85577 -12.57340
v 4.86712 1.77424 -12.44962
v 4.84106 1.70611 -12.31381
v 4.81625 1.62798 -12.18698
v 4.79417 1.52799 -12.07976
v 4.77391 1.41350 -11.98556
v 4.75157 1.31560 -11.87647
v 4.72775 1.22956 -11.75674
v 4.70544 1.13144 -11.64784
v 4.68563 1.01333 -11.55690
v 4.66766 0.88049 -11.47916
v 4.64655 0.77281 -11.37885
v 4.62278 0.68634 -11.25951
v 4.59971 0.59426 -11.14519
v 4.57756 0.49493 -11.03739
v 4.55566 0.39351 -10.93145
v 4.53262 0.30121 -10.81733
v 4.50781 0.22308 -10.69050
v 4.48465 0.13177 -10.57549
v 4.46242 0.03299 -10.46719
v 4.44080 -0.07062 -10.36323
v 4.41898 -0.17270 -10.25789
v 4.39673 -0.27126 -10.14939
v 4.37479 -0.37235 -10.04316
v 4.35286 -0.47354 -9.93703
v 4.33125 -0.57727 -9.83317
v 4.30922 -0.67759 -9.72625
v 4.28680 -0.77483 -9.61657
v 4.26425 -0.87108 -9.50600
v 4.24153 -0.96591 -9.39415
v 4.21841 -1.05755 -9.27944
v 4.19558 -1.15150 -9.16681
v 4.17217 -1.24083 -9.05003
v 4.14865 -1.32928 -8.93246
v 4.12484 -1.41543 -8.81282
v 4.10006 -1.49378 -8.68618
v 4.07699 -1.58586 -8.57187
v 4.05441 -1.68178 -8.46100
v 4.03129 -1.77342 -8.34629
v 4.00782 -1.86231 -8.22912
v 3.98213 -1.93341 -8.09597
v 3.95922 -2.02670 -7.98274
v 3.93872 -2.13932 -7.88687
v 3.91728 -2.24436 -7.78419
v 3.89535 -2.34556 -7.67806
v 3.87314 -2.44445 -7.56985
v 3.85208 -2.55257 -7.46993
v 3.83421 -2.68617 -7.39289
v 3.81395 -2.80066 -7.29869
v 3.79173 -2.89955 -7.19049
v 3.76808 -2.98691 -7.07194
v 3.74622 -3.08866 -6.96630
v 3.72605 -3.20392 -6.87279
v 3.70565 -3.31731 -6.77760
v 3.68417 -3.42202 -6.67463
v 3.66223 -3.52311 -6.56840
v 3.64275 -3.64386 -6.47982
v 3.62539 -3.78153 -6.40642
v 3.60549 -3.89899 -6.31488
v 3.58131 -3.98217 -6.19258
v 3.55270 -4.02986 -6.03843
v 3.52772 -4.10667 -5.91041
v 3.50389 -4.19260 -5.79058
v 3.47817 -4.26348 -5.65723
v 3.45006 -4.31524 -5.50673
v 3.42025 -4.35338 -5.34401
v 3.39356 -4.41645 -5.20366
v 3.37093 -4.51205 -5.09250
v 3.34519 -4.58270 -4.95896
v 5.07841 2.07649 -12.73933
v 5.05485 1.98837 -12.62147
v 5.03179 1.89629 -12.50715
v 5.00761 1.81311 -12.38485
v 4.98208 1.74069 -12.25289
v 4.95769 1.65927 -12.12901
v 4.93579 1.55785 -12.02308
v 4.91553 1.44336 -11.92888
v 4.89356 1.34250 -11.82245
v 4.87040 1.25119 -11.70745
v 4.84854 1.14944 -11.60181
v 4.82890 1.03000 -11.51204
v 4.81098 0.89673 -11.43471
v 4.79018 0.78652 -11.33666
v 4.76709 0.69466 -11.22215
v 4.74467 0.59742 -11.11247
v 4.72319 0.49271 -11.00949
v 4.70198 0.38580 -10.90849
v 4.67954 0.28866 -10.79871
v 4.65536 0.20548 -10.67641
v 4.63270 0.11022 -10.56495
v 4.61098 0.00737 -10.46030
v 4.58967 -0.09877 -10.35861
v 4.56806 -0.20249 -10.25475
v 4.54589 -0.30171 -10.14684
v 4.52400 -0.40324 -10.04101
v 4.50211 -0.50466 -9.93507
v 4.48044 -0.60794 -9.83081
v 4.45828 -0.70727 -9.72301
v 4.43579 -0.80396 -9.61283
v 4.41316 -0.89945 -9.50158
v 4.39036 -0.99373 -9.38923
v 4.36730 -1.08580 -9.27492
v 4.34459 -1.18074 -9.16317
v 4.32143 -1.27205 -9.04816
v 4.29820 -1.36281 -8.93267
v 4.27473 -1.45170 -8.81549
v 4.25038 -1.53346 -8.69191
v 4.22760 -1.62784 -8.57967
v 4.20532 -1.72618 -8.47097
v 4.18242 -1.81958 -8.35784
v 4.15913 -1.90990 -8.24195
v 4.13373 -1.98331 -8.11087
v 4.11091 -2.07736 -7.99833
v 4.09035 -2.18944 -7.90196
v 4.06897 -2.29503 -7.79978
v 4.04706 -2.39634 -7.69374
v 4.02487 -2.49545 -7.58574
v 4.00359 -2.60181 -7.48424
v 3.98517 -2.73102 -7.40325
v 3.96458 -2.84287 -7.30669
v 3.94228 -2.94110 -7.19790
v 3.91882 -3.03000 -7.08072
v 3.89700 -3.13207 -6.97538
v 3.87669 -3.24612 -6.88079
v 3.85634 -3.35995 -6.78599
v 3.83523 -3.46763 -6.68568
v 3.81380 -3.57279 -6.58310
v 3.79447 -3.69475 -6.49560
v 3.77676 -3.82967 -6.41974
v 3.75681 -3.94669 -6.32781
v 3.73327 -4.03492 -6.21005
v 3.70579 -4.09174 -6.06408
v 3.68132 -4.17261 -5.93971
v 3.65761 -4.25953 -5.82076
v 3.63206 -4.33172 -5.68860
v 3.60425 -4.38590 -5.54027
v 3.57492 -4.42788 -5.38099
v 3.54822 -4.49085 -5.24055
v 3.52508 -4.58238 -5.12574
v 3.49928 -4.65260 -4.99180
v 5.21833 2.11997 -12.67042
v 5.19489 2.03086 -12.55344
v 5.17177 1.93922 -12.43874
v 5.14785 1.85395 -12.31831
v 5.12289 1.77703 -12.19039
v 5.09896 1.69188 -12.06986
v 5.07734 1.58826 -11.96590
v 5.05706 1.47388 -11.87160
v 5.03555 1.36939 -11.76843
v 5.01324 1.27127 -11.65954
v 4.99200 1.16458 -11.55834
v 4.97269 1.04251 -11.47094
v 4.95484 0.90868 -11.39409
v 4.93444 0.79529 -11.29891
v 4.91223 0.69640 -11.19071
v 4.89048 0.59377 -11.08586
v 4.86955 0.48467 -10.98682
v 4.84876 0.37435 -10.88888
v 4.82677 0.27370 -10.78225
v 4.80325 0.18525 -10.66469
v 4.78098 0.08680 -10.55609
v 4.75960 -0.01879 -10.45390
v 4.73841 -0.12581 -10.35300
v 4.71695 -0.23075 -10.25022
v 4.69493 -0.33118 -10.14340
v 4.67308 -0.43303 -10.03786
v 4.65121 -0.53467 -9.93212
v 4.62940 -0.63675 -9.82678
v 4.60712 -0.73509 -9.71809
v 4.58463 -0.83178 -9.60791
v 4.56186 -0.92628 -9.49577
v 4.53898 -1.01978 -9.38274
v 4.51592 -1.11197 -9.26852
v 4.49329 -1.20746 -9.15726
v 4.47034 -1.30053 -9.04384
v 4.44733 -1.39304 -8.92992
v 4.42414 -1.48413 -8.81471
v 4.40024 -1.56951 -8.69438
v 4.37763 -1.66522 -8.58332
v 4.35541 -1.76411 -8.47512
v 4.33255 -1.85783 -8.36229
v 4.30939 -1.94914 -8.24728
v 4.28447 -2.02639 -8.11966
v 4.26175 -2.12122 -8.00781
v 4.24101 -2.23186 -7.91016
v 4.21977 -2.33855 -7.80896
v 4.19806 -2.44151 -7.70440
v 4.17615 -2.54282 -7.59837
v 4.15475 -2.64819 -7.49599
v 4.13568 -2.77224 -7.41036
v 4.11479 -2.88167 -7.31163
v 4.09241 -2.97925 -7.20224
v 4.06915 -3.06979 -7.08655
v 4.04733 -3.17186 -6.98121
v 4.02682 -3.28438 -6.88523
v 4.00655 -3.39876 -6.79093
v 3.98576 -3.50907 -6.69299
v 3.96481 -3.61807 -6.59386
v 3.94561 -3.74102 -6.50725
v 3.92753 -3.87298 -6.42873
v 3.90758 -3.98999 -6.33679
v 3.88449 -4.08185 -6.22228
v 3.85820 -4.14812 -6.08480
v 3.83392 -4.23053 -5.96181
v 3.80989 -4.31492 -5.84059
v 3.78411 -4.38524 -5.70675
v 3.75666 -4.44228 -5.56098
v 3.72801 -4.48975 -5.40664
v 3.70164 -4.55536 -5.26856
v 3.67812 -4.64381 -5.15099
v 3.65276 -4.71754 -5.02021
v 5.35966 2.15214 -12.61167
v 5.33617 2.06347 -12.49430
v 5.31306 1.97172 -12.37969
v 5.28931 1.88513 -12.26044
v 5.26464 1.80591 -12.13459
v 5.24116 1.71712 -12.01732
v 5.22011 1.60889 -11.91750
v 5.20041 1.48990 -11.82734
v 5.17942 1.38123 -11.72791
v 5.15774 1.27806 -11.62356
v 5.13712 1.16642 -11.52679
v 5.11837 1.03985 -11.44344
v 5.10046 0.90657 -11.36610
v 5.08046 0.78999 -11.27377
v 5.05867 0.68770 -11.16863
v 5.03743 0.58101 -11.06743
v 5.01689 0.46871 -10.97126
v 4.99632 0.35675 -10.87479
v 4.97453 0.25445 -10.76964
v 4.95167 0.16073 -10.65681
v 4.92947 0.06173 -10.54871
v 4.90827 -0.04529 -10.44780
v 4.88713 -0.15275 -10.34729
v 4.86577 -0.25845 -10.24520
v 4.84390 -0.36009 -10.13947
v 4.82208 -0.46217 -10.03412
v 4.80021 -0.56380 -9.92839
v 4.77822 -0.66445 -9.82176
v 4.75581 -0.76180 -9.71218
v 4.73327 -0.85806 -9.60161
v 4.71037 -0.95146 -9.48848
v 4.68736 -1.04397 -9.37456
v 4.66433 -1.13638 -9.26054
v 4.64171 -1.23198 -9.14939
v 4.61900 -1.32691 -9.03763
v 4.59610 -1.42031 -8.92450
v 4.57300 -1.51217 -8.80999
v 4.54961 -1.60161 -8.69331
v 4.52695 -1.69699 -8.58195
v 4.50456 -1.79445 -8.47247
v 4.48156 -1.88708 -8.35865
v 4.45832 -1.97773 -8.24305
v 4.43402 -2.05992 -8.11986
v 4.41138 -2.15541 -8.00861
v 4.39031 -2.26341 -7.90859
v 4.36938 -2.37263 -7.80966
v 4.34802 -2.47833 -7.70757
v 4.32637 -2.58173 -7.60341
v 4.30499 -2.68732 -7.50122
v 4.28519 -2.80544 -7.41028
v 4.26410 -2.91333 -7.31016
v 4.24151 -3.00926 -7.19930
v 4.21808 -3.09837 -7.08232
v 4.19606 -3.19880 -6.97550
v 4.17544 -3.31043 -6.87874
v 4.15526 -3.42558 -6.78513
v 4.13469 -3.53766 -6.68876
v 4.11393 -3.64819 -6.59101
v 4.09481 -3.77180 -6.50499
v 4.07666 -3.90321 -6.42598
v 4.05664 -4.01957 -6.33345
v 4.03346 -4.11077 -6.21835
v 4.00706 -4.17615 -6.08007
v 3.98244 -4.25582 -5.95462
v 3.95801 -4.33702 -5.83054
v 3.93231 -4.40801 -5.69730
v 3.90544 -4.46965 -5.55567
v 3.87782 -4.52537 -5.40872
v 3.85245 -4.59899 -5.27784
v 3.82996 -4.69569 -5.16767
v 3.80575 -4.77865 -5.04517
v 5.49960 2.19540 -12.54295
v 5.47623 2.10574 -12.42647
v 5.45309 2.01432 -12.31156
v 5.42962 1.92543 -12.19439
v 5.40553 1.84159 -12.07268
v 5.38247 1.74940 -11.95846
v 5.36161 1.63974 -11.85992
v 5.34173 1.52218 -11.76849
v 5.32111 1.41054 -11.67172
v 5.30030 1.30045 -11.57358
v 5.28036 1.18332 -11.48174
v 5.26189 1.05455 -11.40036
v 5.24408 0.92039 -11.32381
v 5.22456 0.79997 -11.23494
v 5.20381 0.68943 -11.13719
v 5.18330 0.57692 -11.04121
v 5.16316 0.46144 -10.94790
v 5.14291 0.34684 -10.85380
v 5.12148 0.24169 -10.75122
v 5.09915 0.14368 -10.64223
v 5.07721 0.04259 -10.53600
v 5.05621 -0.06597 -10.43647
v 5.03519 -0.17442 -10.33685
v 5.01394 -0.28100 -10.23555
v 4.99211 -0.38296 -10.13011
v 4.97032 -0.48526 -10.02496
v 4.94848 -0.58712 -9.91943
v 4.92638 -0.68689 -9.81201
v 4.90385 -0.78325 -9.70154
v 4.88123 -0.87895 -9.59048
v 4.85831 -0.97213 -9.47715
v 4.83530 -1.06465 -9.36323
v 4.81239 -1.15805 -9.25010
v 4.78995 -1.25507 -9.14023
v 4.76755 -1.35253 -9.03074
v 4.74497 -1.44846 -8.91988
v 4.72226 -1.54339 -8.80813
v 4.69939 -1.63701 -8.69519
v 4.67693 -1.73392 -8.58522
v 4.65464 -1.83226 -8.47652
v 4.63176 -1.92577 -8.36349
v 4.60871 -2.01796 -8.24927
v 4.58488 -2.10400 -8.12954
v 4.56238 -2.20058 -8.01927
v 4.54105 -2.30650 -7.91737
v 4.52011 -2.41561 -7.81834
v 4.49887 -2.52230 -7.71714
v 4.47736 -2.62679 -7.61397
v 4.45576 -2.73063 -7.51021
v 4.43523 -2.84292 -7.41403
v 4.41367 -2.94708 -7.31056
v 4.39090 -3.04147 -7.19832
v 4.36757 -3.13146 -7.08213
v 4.34541 -3.23079 -6.97433
v 4.32456 -3.34056 -6.87589
v 4.30434 -3.45538 -6.78198
v 4.28400 -3.56932 -6.68729
v 4.26360 -3.68271 -6.59210
v 4.24462 -3.80742 -6.50707
v 4.22617 -3.93641 -6.42589
v 4.20624 -4.05354 -6.33405
v 4.18369 -4.14979 -6.22349
v 4.15861 -4.22572 -6.09468
v 4.13437 -4.30846 -5.97198
v 4.10992 -4.38944 -5.84771
v 4.08426 -4.46076 -5.71476
v 4.05790 -4.52647 -5.57678
v 4.03104 -4.58823 -5.43525
v 4.00598 -4.66438 -5.30664
v 3.98311 -4.75800 -5.19371
v 3.95933 -4.84437 -5.07426
f 1 2 73 72
f 2 3 74 73
f 3 4 75 74
f 4 5 76 75
f 5 6 77 76
f 6 7 78 77
f 7 8 79 78
f 8 9 80 79
f 9 10 81 80
f 10 11 82 81
f 11 12 83 82
f 12 13 84 83
f 13 14 85 84
f 14 15 86 85
f 15 16 87 86
f 16 17 88 87
f 17 18 89 88
f 18 19 90 89
f 19 20 91 90
f 20 21 92 91
f 21 22 93 92
f 22 23 94 93
f 23 24 95 94
f 24 25 96 95
f 25 26 97 96
f 26 27 98 97
f 27 28 99 98
f 28 29 100 99
f 29 30 101 100
f 30 31 102 101
f 31 32 103 102
f 32 33 104 103
f 33 34 105 104
f 34 35 106 105
f 35 36 107 106
f 36 37 108 107
f 37 38 109 108
f 38 39 110 109
f 39 40 111 110
f 40 41 112 111
f 41 42 113 112
f 42 43 114 113
f 43 44 115 114
f 44 45 116 115
f 45 46 117 116
f 46 47 118 117
f 47 48 119 118
f 48 49 120 119
f 49 50 121 120
f 50 51 122 121
f 51 52 123 122
f 52 53 124 123
f 53 54 125 124
f 54 55 126 125
f 55 56 127 126
f 56 57 128 127
f 57 58 129 128
f 58 59 130 129
f 59 60 131 130
f 60 61 132 131
f 61 62 133 132
f 62 63 134 133
f 63 64 135 134
f 64 65 136 135
f 65 66 137 136
f 66 67 138 137
f 67 68 139 138
f 68 69 140 139
f 69 70 141 140
f 70 71 142 141
f 72 73 144 143
f 73 74 145 144
f 74 75 146 145
f 75 76 147 146
f 76 77 148 147
f 77 78 149 148
f 78 79 150 149
f 79 80 151 150
f 80 81 152 151
f 81 82 153 152
f 82 83 154 153
f 83 84 155 154
f 84 85 156 155
f 85 86 157 156
f 86 87 158 157
f 87 88 159 158
f 88 89 160 159
f 89 90 161 160
f 90 91 162 161
f 91 92 163 162
f 92 93 164 163
f 93 94 165 164
f 94 95 166 165
f 95 96 167 166
f 96 97 168 167
f 97 98 169 168
f 98 99 170 169
f 99 100 171 170
f 100 101 172 171
f 101 102 173 172
f 102 103 174 173
f 103 104 175 174
f 104 105 176 175
f 105 106 177 176
f 106 107 178 177
f 107 108 179 178
f 108 109 180 179
f 109 110 181 180
f 110 111 182 181
f 111 112 183 182
f 112 113 184 183
f 113 114 185 184
f 114 115 186 185
f 115 116 187 186
f 116 117 188 187
f 117 118 189 188
f 118 119 190 189
f 119 120 191 190
f 120 121 192 191
f 121 122 193 192
f 122 123 194 193
f 123 124 195 194
f 124 125 196 195
f 125 126 197 196
f 126 127 198 197
f 127 128 199 198
f 128 129 200 199
f 129 130 201 200
f 130 131 202 201
f 131 132 203 202
f 132 133 204 203
f 133 134 205 204
f 134 135 206 205
f 135 136 207 206
f 136 137 208 207
f 137 138 209 208
f 138 139 210 209
f 139 140 211 210
f 140 141 212 211
f 141 142 213 212
f 143 144 215 214
f 144 145 216 215
f 145 146 217 216
f 146 147 218 217
f 147 148 219 218
f 148 149 220 219
f 149 150 221 220
f 150 151 222 221
f 151 152 223 222
f 152 153 224 223
f 153 154 225 224
f 154 155 226 225
f 155 156 227 226
f 156 157 228 227
f 157 158 229 228
f 158 159 230 229
f 159 160 231 230
f 160 161 232 231
f 161 162 233 232
f 162 163 234 233
f 163 164 235 234
f 164 165 236 235
f 165 166 237 236
f 166 167 238 237
f 167 168 239 238
f 168 169 240 239
f 169 170 241 240
f 170 171 242 241
f 171 172 243 242
f 172 173 244 243
f 173 174 245 244
f 174 175 246 245
f 175 176 247 246
f 176 177 248 247
f 177 178 249 248
f 178 179 250 249
f 179 180 251 250
f 180 181 252 251
f 181 182 253 252
f 182 183 254 253
f 183 184 255 254
f 184 185 256 255
f 185 186 257 256
f 186 187 258 257
f 187 188 259 258
f 188 189 260 259
f 189 190 261 260
f 190 191 262 261
f 191 192 263 262
f 192 193 264 263
f 193 194 265 264
f 194 195 266 265
f 195 196 267 266
f 196 197 268 267
f 197 198 269 268
f 198 199 270 269
f 199 200 271 270
f 200 201 272 271
f 201 202 273 272
f 202 203 274 273
f 203 204 275 274
f 204 205 276 275
f 205 206 277 276
f 206 207 278 277
f 207 208 279 278
f 208 209 280 279
f 209 210 281 280
f 210 211 282 281
f 211 212 283 282
f 212 213 284 283
f 214 215 286 285
f 215 216 287 286
f 216 217 288 287
f 217 218 289 288
f 218 219 290 289
f 219 220 291 290
f 220 221 292 291
f 221 222 293 292
f 222 223 294 293
f 223 224 295 294
f 224 225 296 295
f 225 226 297 296
f 226 227 298 297
f 227 228 299 298
f 228 229 300 299
f 229 230 301 300
f 230 231 302 301
f 231 232 303 302
f 232 233 304 303
f 233 234 305 304
f 234 235 306 305
f 235 236 307 306
f 236 237 308 307
f 237 238 309 308
f 238 239 310 309
f 239 240 311 310
f 240 241 312 311
f 241 242 313 312
f 242 243 314 313
f 243 244 315 314
f 244 245 316 315
f 245 246 317 316
f 246 247 318 317
f 247 248 319 318
f 248 249 320 319
f 249 250 321 320
f 250 251 322 321
f 251 252 323 322
f 252 253 324 323
f 253 254 325 324
f 254 255 326 325
f 255 256 327 326
f 256 257 328 327
f 257 258 329 328
f 258 259 330 329
f 259 260 331 330
f 260 261 332 331
f 261 262 333 332
f 262 263 334 333
f 263 264 335 334
f 264 265 336 335
f 265 266 337 336
f 266 267 338 337
f 267 268 339 338
f 268 269 340 339
f 269 270 341 340
f 270 271 342 341
f 271 272 343 342
f 272 273 344 343
f 273 274 345 344
f 274 275 346 345
f 275 276 347 346
f 276 277 348 347
f 277 278 349 348
f 278 279 350 349
f 279 280 351 350
f 280 281 352 351
f 281 282 353 352
f 282 283 354 353
f 283 284 355 354
f 285 286 357 356
f 286 287 358 357
f 287 288 359 358
f 288 289 360 359
f 289 290 361 360
f 290 291 362 361
f 291 292 363 362
f 292 293 364 363
f 293 294 365 364
f 294 295 366 365
f 295 296 367 366
f 296 297 368 367
f 297 298 369 368
f 298 299 370 369
f 299 300 371 370
f 300 301 372 371
f 301 302 373 372
f 302 303 374 373
f 303 304 375 374
f 304 305 376 375
f 305 306 377 376
f 306 307 378 377
f 307 308 379 378
f 308 309 380 379
f 309 310 381 380
f 310 311 382 381
f 311 312 383 382
f 312 313 384 383
f 313 314 385 384
f 314 315 386 385
f 315 316 387 386
f 316 317 388 387
f 317 318 389 388
f 318 319 390 389
f 319 320 391 390
f 320 321 392 391
f 321 322 393 392
f 322 323 394 393
f 323 324 395 394
f 324 325 396 395
f 325 326 397 396
f 326 327 398 397
f 327 328 399 398
f 328 329 400 399
f 329 330 401 400
f 330 331 402 401
f 331 332 403 402
f 332 333 404 403
f 333 334 405 404
f 334 335 406 405
f 335 336 407 406
f 336 337 408 407
f 337 338 409 408
f 338 339 410 409
f 339 340 411 410
f 340 341 412 411
f 341 342 413 412
f 342 343 414 413
f 343 344 415 414
f 344 345 416 415
f 345 346 417 416
f 346 347 418 417
f 347 348 419 418
f 348 349 420 419
f 349 350 421 420
f 350 351 422 421
f 351 352 423 422
f 352 353 424 423
f 353 354 425 424
f 354 355 426 425
f 356 357 428 427
f 357 358 429 428
f 358 359 430 429
f 359 360 431 430
f 360 361 432 431
f 361 362 433 432
f 362 363 434 433
f 363 364 435 434
f 364 365 436 435
f 365 366 437 436
f 366 367 438 437
f 367 368 439 438
f 368 369 440 439
f 369 370 441 440
f 370 371 442 441
f 371 372 443 442
f 372 373 444 443
f 373 374 445 444
f 374 375 446 445
f 375 376 447 446
f 376 377 448 447
f 377 378 449 448
f 378 379 450 449
f 379 380 451 450
f 380 381 452 451
f 381 382 453 452
f 382 383 454 453
f 383 384 455 454
f 384 385 456 455
f 385 386 457 456
f 386 387 458 457
f 387 388 459 458
f 388 389 460 459
f 389 390 461 460
f 390 391 462 461
f 391 392 463 462
f 392 393 464 463
f 393 394 465 464
f 394 395 466 465
f 395 396 467 466
f 396 397 468 467
f 397 398 469 468
f 398 399 470 469
f 399 400 471 470
f 400 401 472 471
f 401 402 473 472
f 402 403 474 473
f 403 404 475 474
f 404 405 476 475
f 405 406 477 476
f 406 407 478 477
f 407 408 479 478
f 408 409 480 479
f 409 410 481 480
f 410 411 482 481
f 411 412 483 482
f 412 413 484 483
f 413 414 485 484
f 414 415 486 485
f 415 416 487 486
f 416 417 488 487
f 417 418 489 488
f 418 419 490 489
f 419 420 491 490
f 420 421 492 491
f 421 422 493 492
f 422 423 494 493
f 423 424 495 494
f 424 425 496 495
f 425 426 497 496
f 427 428 499 498
f 428 429 500 499
f 429 430 501 500
f 430 431 502 501
f 431 432 503 502
f 432 433 504 503
f 433 434 505 504
f 434 435 506 505
f 435 436 507 506
f 436 437 508 507
f 437 438 509 508
f 438 439 510 509
f 439 440 511 510
f 440 441 512 511
f 441 442 513 512
f 442 443 514 513
f 443 444 515 514
f 444 445 516 515
f 445 446 517 516
f 446 447 518 517
f 447 448 519 518
f 448 449 520 519
f 449 450 521 520
f 450 451 522 521
f 451 452 523 522
f 452 453 524 523
f 453 454 525 524
f 454 455 526 525
f 455 456 527 526
f 456 457 528 527
f 457 458 529 528
f 458 459 530 529
f 459 460 531 530
f 460 461 532 531
f 461 462 533 532
f 462 463 534 533
f 463 464 535 534
f 464 465 536 535
f 465 466 537 536
f 466 467 538 537
f 467 468 539 538
f 468 469 540 539
f 469 470 541 540
f 470 471 542 541
f 471 472 543 542
f 472 473 544 543
f 473 474 545 544
f 474 475 546 545
f 475 476 547 546
f 476 477 548 547
f 477 478 549 548
f 478 479 550 549
f 479 480 551 550
f 480 481 552 551
f 481 482 553 552
f 482 483 554 553
f 483 484 555 554
f 484 485 556 555
f 485 486 557 556
f 486 487 558 557
f 487 488 559 558
f 488 489 560 559
f 489 490 561 560
f 490 491 562 561
f 491 492 563 562
f 492 493 564 563
f 493 494 565 564
f 494 495 566 565
f 495 496 567 566
f 496 497 568 567
f 498 499 570 569
f 499 500 571 570
f 500 501 572 571
f 501 502 573 572
f 502 503 574 573
f 503 504 575 574
f 504 505 576 575
f 505 506 577 576
f 506 507 578 577
f 507 508 579 578
f 508 509 580 579
f 509 510 581 580
f 510 511 582 581
f 511 512 583 582
f 512 513 584 583
f 513 514 585 584
f 514 515 586 585
f 515 516 587 586
f 516 517 588 587
f 517 518 589 588
f 518 519 590 589
f 519 520 591 590
f 520 521 592 591
f 521 522 593 592
f 522 523 594 593
f 523 524 595 594
f 524 525 596 595
f 525 526 597 596
f 526 527 598 597
f 527 528 599 598
f 528 529 600 599
f 529 530 601 600
f 530 531 602 601
f 531 532 603 602
f 532 533 604 603
f 533 534 605 604
f 534 535 606 605
f 535 536 607 606
f 536 537 608 607
f 537 538 609 608
f 538 539 610 609
f 539 540 611 610
f 540 541 612 611
f 541 542 613 612
f 542 543 614 613
f 543 544 615 614
f 544 545 616 615
f 545 546 617 616
f 546 547 618 617
f 547 548 619 618
f 548 549 620 619
f 549 550 621 620
f 550 551 622 621
f 551 552 623 622
f 552 553 624 623
f 553 554 625 624
f 554 555 626 625
f 555 556 627 626
f 556 557 628 627
f 557 558 629 628
f 558 559 630 629
f 559 560 631 630
f 560 561 632 631
f 561 562 633 632
f 562 563 634 633
f 563 564 635 634
f 564 565 636 635
f 565 566 637 636
f 566 567 638 637
f 567 568 639 638
f 569 570 641 640
f 570 571 642 641
f 571 572 643 642
f 572 573 644 643
f 573 574 645 644
f 574 575 646 645
f 575 576 647 646
f 576 577 648 647
f 577 578 649 648
f 578 579 650 649
f 579 580 651 650
f 580 581 652 651
f 581 582 653 652
f 582 583 654 653
f 583 584 655 654
f 584 585 656 655
f 585 586 657 656
f 586 587 658 657
f 587 588 659 658
f 588 589 660 659
f 589 590 661 660
f 590 591 662 661
f 591 592 663 662
f 592 593 664 663
f 593 594 665 664
f 594 595 666 665
f 595 596 667 666
f 596 597 668 667
f 597 598 669 668
f 598 599 670 669
f 599 600 671 670
f 600 601 672 671
f 601 602 673 672
f 602 603 674 673
f 603 604 675 674
f 604 605 676 675
f 605 606 677 676
f 606 607 678 677
f 607 608 679 678
f 608 609 680 679
f 609 610 681 680
f 610 611 682 681
f 611 612 683 682
f 612 613 684 683
f 613 614 685 684
f 614 615 686 685
f 615 616 687 686
f 616 617 688 687
f 617 618 689 688
f 618 619 690 689
f 619 620 691 690
f 620 621 692 691
f 621 622 693 692
f 622 623 694 693
f 623 624 695 694
f 624 625 696 695
f 625 626 697 696
f 626 627 698 697
f 627 628 699 698
f 628 629 700 699
f 629 630 701 700
f 630 631 702 701
f 631 632 703 702
f 632 633 704 703
f 633 634 705 704
f 634 635 706 705
f 635 636 707 706
f 636 637 708 707
f 637 638 709 708
f 638 639 710 709
f 640 641 712 711
f 641 642 713 712
f 642 643 714 713
f 643 644 715 714
f 644 645 716 715
f 645 646 717 716
f 646 647 718 717
f 647 648 719 718
f 648 649 720 719
f 649 650 721 720
f 650 651 722 721
f 651 652 723 722
f 652 653 724 723
f 653 654 725 724
f 654 655 726 725
f 655 656 727 726
f 656 657 728 727
f 657 658 729 728
f 658 659 730 729
f 659 660 731 730
f 660 661 732 731
f 661 662 733 732
f 662 663 734 733
f 663 664 735 734
f 664 665 736 735
f 665 666 737 736
f 666 667 738 737
f 667 668 739 738
f 668 669 740 739
f 669 670 741 740
f 670 671 742 741
f 671 672 743 742
f 672 673 744 743
f 673 674 745 744
f 674 675 746 745
f 675 676 747 746
f 676 677 748 747
f 677 678 749 748
f 678 679 750 749
f 679 680 751 750
f 680 681 752 751
f 681 682 753 752
f 682 683 754 753
f 683 684 755 754
f 684 685 756 755
f 685 686 757 756
f 686 687 758 757
f 687 688 759 758
f 688 689 760 759
f 689 690 761 760
f 690 691 762 761
f 691 692 763 762
f 692 693 764 763
f 693 694 765 764
f 694 695 766 765
f 695 696 767 766
f 696 697 768 767
f 697 698 769 768
f 698 699 770 769
f 699 700 771 770
f 700 701 772 771
f 701 702 773 772
f 702 703 774 773
f 703 704 775 774
f 704 705 776 775
f 705 706 777 776
f 706 707 778 777
f 707 708 779 778
f 708 709 780 779
f 709 710 781 780
f 711 712 783 782
f 712 713 784 783
f 713 714 785 784
f 714 715 786 785
f 715 716 787 786
f 716 717 788 787
f 717 718 789 788
f 718 719 790 789
f 719 720 791 790
f 720 721 792 791
f 721 722 793 792
f 722 723 794 793
f 723 724 795 794
f 724 725 796 795
f 725 726 797 796
f 726 727 798 797
f 727 728 799 798
f 728 729 800 799
f 729 730 801 800
f 730 731 802 801
f 731 732 803 802
f 732 733 804 803
f 733 734 805 804
f 734 735 806 805
f 735 736 807 806
f 736 737 808 807
f 737 738 809 808
f 738 739 810 809
f 739 740 811 810
f 740 741 812 811
f 741 742 813 812
f 742 743 814 813
f 743 744 815 814
f 744 745 816 815
f 745 746 817 816
f 746 747 818 817
f 747 748 819 818
f 748 749 820 819
f 749 750 821 820
f 750 751 822 821
f 751 752 823 822
f 752 753 824 823
f 753 754 825 824
f 754 755 826 825
f 755 756 827 826
f 756 757 828 827
f 757 758 829 828
f 758 759 830 829
f 759 760 831 830
f 760 761 832 831
f 761 762 833 832
f 762 763 834 833
f 763 764 835 834
f 764 765 836 835
f 765 766 837 836
f 766 767 838 837
f 767 768 839 838
f 768 769 840 839
f 769 770 841 840
f 770 771 842 841
f 771 772 843 842
f 772 773 844 843
f 773 774 845 844
f 774 775 846 845
f 775 776 847 846
f 776 777 848 847
f 777 778 849 848
f 778 779 850 849
f 779 780 851 850
f 780 781 852 851
f 782 783 854 853
f 783 784 855 854
f 784 785 856 855
f 785 786 857 856
f 786 787 858 857
f 787 788 859 858
f 788 789 860 859
f 789 790 861 860
f 790 791 862 861
f 791 792 863 862
f 792 793 864 863
f 793 794 865 864
f 794 795 866 865
f 795 796 867 866
f 796 797 868 867
f 797 798 869 868
f 798 799 870 869
f 799 800 871 870
f 800 801 872 871
f 801 802 873 872
f 802 803 874 873
f 803 804 875 874
f 804 805 876 875
f 805 806 877 876
f 806 807 878 877
f 807 808 879 878
f 808 809 880 879
f 809 810 881 880
f 810 811 882 881
f 811 812 883 882
f 812 813 884 883
f 813 814 885 884
f 814 815 886 885
f 815 816 887 886
f 816 817 888 887
f 817 818 889 888
f 818 819 890 889
f 819 820 891 890
f 820 821 892 891
f 821 822 893 892
f 822 823 894 893
f 823 824 895 894
f 824 825 896 895
f 825 826 897 896
f 826 827 898 897
f 827 828 899 898
f 828 829 900 899
f 829 830 901 900
f 830 831 902 901
f 831 832 903 902
f 832 833 904 903
f 833 834 905 904
f 834 835 906 905
f 835 836 907 906
f 836 837 908 907
f 837 838 909 908
f 838 839 910 909
f 839 840 911 910
f 840 841 912 911
f 841 842 913 912
f 842 843 914 913
f 843 844 915 914
f 844 845 916 915
f 845 846 917 916
f 846 847 918 917
f 847 848 919 918
f 848 849 920 919
f 849 850 921 920
f 850 851 922 921
f 851 852 923 922
f 853 854 925 924
f 854 855 926 925
f 855 856 927 926
f 856 857 928 927
f 857 858 929 928
f 858 859 930 929
f 859 860 931 930
f 860 861 932 931
f 861 862 933 932
f 862 863 934 933
f 863 864 935 934
f 864 865 936 935
f 865 866 937 936
f 866 867 938 937
f 867 868 939 938
f 868 869 940 939
f 869 870 941 940
f 870 871 942 941
f 871 872 943 942
f 872 873 944 943
f 873 874 945 944
f 874 875 946 945
f 875 876 947 946
f 876 877 948 947
f 877 878 949 948
f 878 879 950 949
f 879 880 951 950
f 880 881 952 951
f 881 882 953 952
f 882 883 954 953
f 883 884 955 954
f 884 885 956 955
f 885 886 957 956
f 886 887 958 957
f 887 888 959 958
f 888 889 960 959
f 889 890 961 960
f 890 891 962 961
f 891 892 963 962
f 892 893 964 963
f 893 894 965 964
f 894 895 966 965
f 895 896 967 966
f 896 897 968 967
f 897 898 969 968
f 898 899 970 969
f 899 900 971 970
f 900 901 972 971
f 901 902 973 972
f 902 903 974 973
f 903 904 975 974
f 904 905 976 975
f 905 906 977 976
f 906 907 978 977
f 907 908 979 978
f 908 909 980 979
f 909 910 981 980
f 910 911 982 981
f 911 912 983 982
f 912 913 984 983
f 913 914 985 984
f 914 915 986 985
f 915 916 987 986
f 916 917 988 987
f 917 918 989 988
f 918 919 990 989
f 919 920 991 990
f 920 921 992 991
f 921 922 993 992
f 922 923 994 993
f 924 925 996 995
f 925 926 997 996
f 926 927 998 997
f 927 928 999 998
f 928 929 1000 999
f 929 930 1001 1000
f 930 931 1002 1001
f 931 932 1003 1002
f 932 933 1004 1003
f 933 934 1005 1004
f 934 935 1006 1005
f 935 936 1007 1006
f 936 937 1008 1007
f 937 938 1009 1008
f 938 939 1010 1009
f 939 940 1011 1010
f 940 941 1012 1011
f 941 942 1013 1012
f 942 943 1014 1013
f 943 944 1015 1014
f 944 945 1016 1015
f 945 946 1017 1016
f 946 947 1018 1017
f 947 948 1019 1018
f 948 949 1020 1019
f 949 950 1021 1020
f 950 951 1022 1021
f 951 952 1023 1022
f 952 953 1024 1023
f 953 954 1025 1024
f 954 955 1026 1025
f 955 956 1027 1026
f 956 957 1028 1027
f 957 958 1029 1028
f 958 959 1030 1029
f 959 960 1031 1030
f 960 961 1032 1031
f 961 962 1033 1032
f 962 963 1034 1033
f 963 964 1035 1034
f 964 965 1036 1035
f 965 966 1037 1036
f 966 967 1038 1037
f 967 968 1039 1038
f 968 969 1040 1039
f 969 970 1041 1040
f 970 971 1042 1041
f 971 972 1043 1042
f 972 973 1044 1043
f 973 974 1045 1044
f 974 975 1046 1045
f 975 976 1047 1046
f 976 977 1048 1047
f 977 978 1049 1048
f 978 979 1050 1049
f 979 980 1051 1050
f 980 981 1052 1051
f 981 982 1053 1052
f 982 983 1054 1053
f 983 984 1055 1054
f 984 985 1056 1055
f 985 986 1057 1056
f 986 987 1058 1057
f 987 988 1059 1058
f 988 989 1060 1059
f 989 990 1061 1060
f 990 991 1062 1061
f 991 992 1063 1062
f 992 993 1064 1063
f 993 994 1065 1064
f 995 996 1067 1066
f 996 997 1068 1067
f 997 998 1069 1068
f 998 999 1070 1069
f 999 1000 1071 1070
f 1000 1001 1072 1071
f 1001 1002 1073 1072
f 1002 1003 1074 1073
f 1003 1004 1075 1074
f 1004 1005 1076 1075
f 1005 1006 1077 1076
f 1006 1007 1078 1077
f 1007 1008 1079 1078
f 1008 1009 1080 1079
f 1009 1010 1081 1080
f 1010 1011 1082 1081
f 1011 1012 1083 1082
f 1012 1013 1084 1083
f 1013 1014 1085 1084
f 1014 1015 1086 1085
f 1015 1016 1087 1086
f 1016 1017 1088 1087
f 1017 1018 1089 1088
f 1018 1019 1090 1089
f 1019 1020 1091 1090
f 1020 1021 1092 1091
f 1021 1022 1093 1092
f 1022 1023 1094 1093
f 1023 1024 1095 1094
f 1024 1025 1096 1095
f 1025 1026 1097 1096
f 1026 1027 1098 1097
f 1027 1028 1099 1098
f 1028 1029 1100 1099
f 1029 1030 1101 1100
f 1030 1031 1102 1101
f 1031 1032 1103 1102
f 1032 1033 1104 1103
f 1033 1034 1105 1104
f 1034 1035 1106 1105
f 1035 1036 1107 1106
f 1036 1037 1108 1107
f 1037 1038 1109 1108
f 1038 1039 1110 1109
f 1039 1040 1111 1110
f 1040 1041 1112 1111
f 1041 1042 1113 1112
f 1042 1043 1114 1113
f 1043 1044 1115 1114
f 1044 1045 1116 1115
f 1045 1046 1117 1116
f 1046 1047 1118 1117
f 1047 1048 1119 1118
f 1048 1049 1120 1119
f 1049 1050 1121 1120
f 1050 1051 1122 1121
f 1051 1052 1123 1122
f 1052 1053 1124 1123
f 1053 1054 1125 1124
f 1054 1055 1126 1125
f 1055 1056 1127 1126
f 1056 1057 1128 1127
f 1057 1058 1129 1128
f 1058 1059 1130 1129
f 1059 1060 1131 1130
f 1060 1061 1132 1131
f 1061 1062 1133 1132
f 1062 1063 1134 1133
f 1063 1064 1135 1134
f 1064 1065 1136 1135
f 1066 1067 1138 1137
f 1067 1068 1139 1138
f 1068 1069 1140 1139
f 1069 1070 1141 1140
f 1070 1071 1142 1141
f 1071 1072 1143 1142
f 1072 1073 1144 1143
f 1073 1074 1145 1144
f 1074 1075 1146 1145
f 1075 1076 1147 1146
f 1076 1077 1148 1147
f 1077 1078 1149 1148
f 1078 1079 1150 1149
f 1079 1080 1151 1150
f 1080 1081 1152 1151
f 1081 1082 1153 1152
f 1082 1083 1154 1153
f 1083 1084 1155 1154
f 1084 1085 1156 1155
f 1085 1086 1157 1156
f 1086 1087 1158 1157
f 1087 1088 1159 1158
f 1088 1089 1160 1159
f 1089 1090 1161 1160
f 1090 1091 1162 1161
f 1091 1092 1163 1162
f 1092 1093 1164 1163
f 1093 1094 1165 1164
f 1094 1095 1166 1165
f 1095 1096 1167 1166
f 1096 1097 1168 1167
f 1097 1098 1169 1168
f 1098 1099 1170 1169
f 1099 1100 1171 1170
f 1100 1101 1172 1171
f 1101 1102 1173 1172
f 1102 1103 1174 1173
f 1103 1104 1175 1174
f 1104 1105 1176 1175
f 1105 1106 1177 1176
f 1106 1107 1178 1177
f 1107 1108 1179 1178
f 1108 1109 1180 1179
f 1109 1110 1181 1180
f 1110 1111 1182 1181
f 1111 1112 1183 1182
f 1112 1113 1184 1183
f 1113 1114 1185 1184
f 1114 1115 1186 1185
f 1115 1116 1187 1186
f 1116 1117 1188 1187
f 1117 1118 1189 1188
f 1118 1119 1190 1189
f 1119 1120 1191 1190
f 1120 1121 1192 1191
f 1121 1122 1193 1192
f 1122 1123 1194 1193
f 1123 1124 1195 1194
f 1124 1125 1196 1195
f 1125 1126 1197 1196
f 1126 1127 1198 1197
f 1127 1128 1199 1198
f 1128 1129 1200 1199
f 1129 1130 1201 1200
f 1130 1131 1202 1201
f 1131 1132 1203 1202
f 1132 1133 1204 1203
f 1133 1134 1205 1204
f 1134 1135 1206 1205
f 1135 1136 1207 1206
f 1137 1138 1209 1208
f 1138 1139 1210 1209
f 1139 1140 1211 1210
f 1140 1141 1212 1211
f 1141 1142 1213 1212
f 1142 1143 1214 1213
f 1143 1144 1215 1214
f 1144 1145 1216 1215
f 1145 1146 1217 1216
f 1146 1147 1218 1217
f 1147 1148 1219 1218
f 1148 1149 1220 1219
f 1149 1150 1221 1220
f 1150 1151 1222 1221
f 1151 1152 1223 1222
f 1152 1153 1224 1223
f 1153 1154 1225 1224
f 1154 1155 1226 1225
f 1155 1156 1227 1226
f 1156 1157 1228 1227
f 1157 1158 1229 1228
f 1158 1159 1230 1229
f 1159 1160 1231 1230
f 1160 1161 1232 1231
f 1161 1162 1233 1232
f 1162 1163 1234 1233
f 1163 1164 1235 1234
f 1164 1165 1236 1235
f 1165 1166 1237 1236
f 1166 1167 1238 1237
f 1167 1168 1239 1238
f 1168 1169 1240 1239
f 1169 1170 1241 1240
f 1170 1171 1242 1241
f 1171 1172 1243 1242
f 1172 1173 1244 1243
f 1173 1174 1245 1244
f 1174 1175 1246 1245
f 1175 1176 1247 1246
f 1176 1177 1248 1247
f 1177 1178 1249 1248
f 1178 1179 1250 1249
f 1179 1180 1251 1250
f 1180 1181 1252 1251
f 1181 1182 1253 1252
f 1182 1183 1254 1253
f 1183 1184 1255 1254
f 1184 1185 1256 1255
f 1185 1186 1257 1256
f 1186 1187 1258 1257
f 1187 1188 1259 1258
f 1188 1189 1260 1259
f 1189 1190 1261 1260
f 1190 1191 1262 1261
f 1191 1192 1263 1262
f 1192 1193 1264 1263
f 1193 1194 1265 1264
f 1194 1195 1266 1265
f 1195 1196 1267 1266
f 1196 1197 1268 1267
f 1197 1198 1269 1268
f 1198 1199 1270 1269
f 1199 1200 1271 1270
f 1200 1201 1272 1271
f 1201 1202 1273 1272
f 1202 1203 1274 1273
f 1203 1204 1275 1274
f 1204 1205 1276 1275
f 1205 1206 1277 1276
f 1206 1207 1278 1277
f 1208 1209 1280 1279
f 1209 1210 1281 1280
f 1210 1211 1282 1281
f 1211 1212 1283 1282
f 1212 1213 1284 1283
f 1213 1214 1285 1284
f 1214 1215 1286 1285
f 1215 1216 1287 1286
f 1216 1217 1288 1287
f 1217 1218 1289 1288
f 1218 1219 1290 1289
f 1219 1220 1291 1290
f 1220 1221 1292 1291
f 1221 1222 1293 1292
f 1222 1223 1294 1293
f 1223 1224 1295 1294
f 1224 1225 1296 1295
f 1225 1226 1297 1296
f 1226 1227 1298 1297
f 1227 1228 1299 1298
f 1228 1229 1300 1299
f 1229 1230 1301 1300
f 1230 1231 1302 1301
f 1231 1232 1303 1302
f 1232 1233 1304 1303
f 1233 1234 1305 1304
f 1234 1235 1306 1305
f 1235 1236 1307 1306
f 1236 1237 1308 1307
f 1237 1238 1309 1308
f 1238 1239 1310 1309
f 1239 1240 1311 1310
f 1240 1241 1312 1311
f 1241 1242 1313 1312
f 1242 1243 1314 1313
f 1243 1244 1315 1314
f 1244 1245 1316 1315
f 1245 1246 1317 1316
f 1246 1247 1318 1317
f 1247 1248 1319 1318
f 1248 1249 1320 1319
f 1249 1250 1321 1320
f 1250 1251 1322 1321
f 1251 1252 1323 1322
f 1252 1253 1324 1323
f 1253 1254 1325 1324
f 1254 1255 1326 1325
f 1255 1256 1327 1326
f 1256 1257 1328 1327
f 1257 1258 1329 1328
f 1258 1259 1330 1329
f 1259 1260 1331 1330
f 1260 1261 1332 1331
f 1261 1262 1333 1332
f 1262 1263 1334 1333
f 1263 1264 1335 1334
f 1264 1265 1336 1335
f 1265 1266 1337 1336
f 1266 1267 1338 1337
f 1267 1268 1339 1338
f 1268 1269 1340 1339
f 1269 1270 1341 1340
f 1270 1271 1342 1341
f 1271 1272 1343 1342
f 1272 1273 1344 1343
f 1273 1274 1345 1344
f 1274 1275 1346 1345
f 1275 1276 1347 1346
f 1276 1277 1348 1347
f 1277 1278 1349 1348
f 1279 1280 1351 1350
f 1280 1281 1352 1351
f 1281 1282 1353 1352
f 1282 1283 1354 1353
f 1283 1284 1355 1354
f 1284 1285 1356 1355
f 1285 1286 1357 1356
f 1286 1287 1358 1357
f 1287 1288 1359 1358
f 1288 1289 1360 1359
f 1289 1290 1361 1360
f 1290 1291 1362 1361
f 1291 1292 1363 1362
f 1292 1293 1364 1363
f 1293 1294 1365 1364
f 1294 1295 1366 1365
f 1295 1296 1367 1366
f 1296 1297 1368 1367
f 1297 1298 1369 1368
f 1298 1299 1370 1369
f 1299 1300 1371 1370
f 1300 1301 1372 1371
f 1301 1302 1373 1372
f 1302 1303 1374 1373
f 1303 1304 1375 1374
f 1304 1305 1376 1375
f 1305 1306 1377 1376
f 1306 1307 1378 1377
f 1307 1308 1379 1378
f 1308 1309 1380 1379
f 1309 1310 1381 1380
f 1310 1311 1382 1381
f 1311 1312 1383 1382
f 1312 1313 1384 1383
f 1313 1314 1385 1384
f 1314 1315 1386 1385
f 1315 1316 1387 1386
f 1316 1317 1388 1387
f 1317 1318 1389 1388
f 1318 1319 1390 1389
f 1319 1320 1391 1390
f 1320 1321 1392 1391
f 1321 1322 1393 1392
f 1322 1323 1394 1393
f 1323 1324 1395 1394
f 1324 1325 1396 1395
f 1325 1326 1397 1396
f 1326 1327 1398 1397
f 1327 1328 1399 1398
f 1328 1329 1400 1399
f 1329 1330 1401 1400
f 1330 1331 1402 1401
f 1331 1332 1403 1402
f 1332 1333 1404 1403
f 1333 1334 1405 1404
f 1334 1335 1406 1405
f 1335 1336 1407 1406
f 1336 1337 1408 1407
f 1337 1338 1409 1408
f 1338 1339 1410 1409
f 1339 1340 1411 1410
f 1340 1341 1412 1411
f 1341 1342 1413 1412
f 1342 1343 1414 1413
f 1343 1344 1415 1414
f 1344 1345 1416 1415
f 1345 1346 1417 1416
f 1346 1347 1418 1417
f 1347 1348 1419 1418
f 1348 1349 1420 1419
f 1350 1351 1422 1421
f 1351 1352 1423 1422
f 1352 1353 1424 1423
f 1353 1354 1425 1424
f 1354 1355 1426 1425
f 1355 1356 1427 1426
f 1356 1357 1428 1427
f 1357 1358 1429 1428
f 1358 1359 1430 1429
f 1359 1360 1431 1430
f 1360 1361 1432 1431
f 1361 1362 1433 1432
f 1362 1363 1434 1433
f 1363 1364 1435 1434
f 1364 1365 1436 1435
f 1365 1366 1437 1436
f 1366 1367 1438 1437
f 1367 1368 1439 1438
f 1368 1369 1440 1439
f 1369 1370 1441 1440
f 1370 1371 1442 1441
f 1371 1372 1443 1442
f 1372 1373 1444 1443
f 1373 1374 1445 1444
f 1374 1375 1446 1445
f 1375 1376 1447 1446
f 1376 1377 1448 1447
f 1377 1378 1449 1448
f 1378 1379 1450 1449
f 1379 1380 1451 1450
f 1380 1381 1452 1451
f 1381 1382 1453 1452
f 1382 1383 1454 1453
f 1383 1384 1455 1454
f 1384 1385 1456 1455
f 1385 1386 1457 1456
f 1386 1387 1458 1457
f 1387 1388 1459 1458
f 1388 1389 1460 1459
f 1389 1390 1461 1460
f 1390 1391 1462 1461
f 1391 1392 1463 1462
f 1392 1393 1464 1463
f 1393 1394 1465 1464
f 1394 1395 1466 1465
f 1395 1396 1467 1466
f 1396 1397 1468 1467
f 1397 1398 1469 1468
f 1398 1399 1470 1469
f 1399 1400 1471 1470
f 1400 1401 1472 1471
f 1401 1402 1473 1472
f 1402 1403 1474 1473
f 1403 1404 1475 1474
f 1404 1405 1476 1475
f 1405 1406 1477 1476
f 1406 1407 1478 1477
f 1407 1408 1479 1478
f 1408 1409 1480 1479
f 1409 1410 1481 1480
f 1410 1411 1482 1481
f 1411 1412 1483 1482
f 1412 1413 1484 1483
f 1413 1414 1485 1484
f 1414 1415 1486 1485
f 1415 1416 1487 1486
f 1416 1417 1488 1487
f 1417 1418 1489 1488
f 1418 1419 1490 1489
f 1419 1420 1491 1490
f 1421 1422 1493 1492
f 1422 1423 1494 1493
f 1423 1424 1495 1494
f 1424 1425 1496 1495
f 1425 1426 1497 1496
f 1426 1427 1498 1497
f 1427 1428 1499 1498
f 1428 1429 1500 1499
f 1429 1430 1501 1500
f 1430 1431 1502 1501
f 1431 1432 1503 1502
f 1432 1433 1504 1503
f 1433 1434 1505 1504
f 1434 1435 1506 1505
f 1435 1436 1507 1506
f 1436 1437 1508 1507
f 1437 1438 1509 1508
f 1438 1439 1510 1509
f 1439 1440 1511 1510
f 1440 1441 1512 1511
f 1441 1442 1513 1512
f 1442 1443 1514 1513
f 1443 1444 1515 1514
f 1444 1445 1516 1515
f 1445 1446 1517 1516
f 1446 1447 1518 1517
f 1447 1448 1519 1518
f 1448 1449 1520 1519
f 1449 1450 1521 1520
f 1450 1451 1522 1521
f 1451 1452 1523 1522
f 1452 1453 1524 1523
f 1453 1454 1525 1524
f 1454 1455 1526 1525
f 1455 1456 1527 1526
f 1456 1457 1528 1527
f 1457 1458 1529 1528
f 1458 1459 1530 1529
f 1459 1460 1531 1530
f 1460 1461 1532 1531
f 1461 1462 1533 1532
f 1462 1463 1534 1533
f 1463 1464 1535 1534
f 1464 1465 1536 1535
f 1465 1466 1537 1536
f 1466 1467 1538 1537
f 1467 1468 1539 1538
f 1468 1469 1540 1539
f 1469 1470 1541 1540
f 1470 1471 1542 1541
f 1471 1472 1543 1542
f 1472 1473 1544 1543
f 1473 1474 1545 1544
f 1474 1475 1546 1545
f 1475 1476 1547 1546
f 1476 1477 1548 1547
f 1477 1478 1549 1548
f 1478 1479 1550 1549
f 1479 1480 1551 1550
f 1480 1481 1552 1551
f 1481 1482 1553 1552
f 1482 1483 1554 1553
f 1483 1484 1555 1554
f 1484 1485 1556 1555
f 1485 1486 1557 1556
f 1486 1487 1558 1557
f 1487 1488 1559 1558
f 1488 1489 1560 1559
f 1489 1490 1561 1560
f 1490 1491 1562 1561
f 1492 1493 1564 1563
f 1493 1494 1565 1564
f 1494 1495 1566 1565
f 1495 1496 1567 1566
f 1496 1497 1568 1567
f 1497 1498 1569 1568
f 1498 1499 1570 1569
f 1499 1500 1571 1570
f 1500 1501 1572 1571
f 1501 1502 1573 1572
f 1502 1503 1574 1573
f 1503 1504 1575 1574
f 1504 1505 1576 1575
f 1505 1506 1577 1576
f 1506 1507 1578 1577
f 1507 1508 1579 1578
f 1508 1509 1580 1579
f 1509 1510 1581 1580
f 1510 1511 1582 1581
f 1511 1512 1583 1582
f 1512 1513 1584 1583
f 1513 1514 1585 1584
f 1514 1515 1586 1585
f 1515 1516 1587 1586
f 1516 1517 1588 1587
f 1517 1518 1589 1588
f 1518 1519 1590 1589
f 1519 1520 1591 1590
f 1520 1521 1592 1591
f 1521 1522 1593 1592
f 1522 1523 1594 1593
f 1523 1524 1595 1594
f 1524 1525 1596 1595
f 1525 1526 1597 1596
f 1526 1527 1598 1597
f 1527 1528 1599 1598
f 1528 1529 1600 1599
f 1529 1530 1601 1600
f 1530 1531 1602 1601
f 1531 1532 1603 1602
f 1532 1533 1604 1603
f 1533 1534 1605 1604
f 1534 1535 1606 1605
f 1535 1536 1607 1606
f 1536 1537 1608 1607
f 1537 1538 1609 1608
f 1538 1539 1610 1609
f 1539 1540 1611 1610
f 1540 1541 1612 1611
f 1541 1542 1613 1612
f 1542 1543 1614 1613
f 1543 1544 1615 1614
f 1544 1545 1616 1615
f 1545 1546 1617 1616
f 1546 1547 1618 1617
f 1547 1548 1619 1618
f 1548 1549 1620 1619
f 1549 1550 1621 1620
f 1550 1551 1622 1621
f 1551 1552 1623 1622
f 1552 1553 1624 1623
f 1553 1554 1625 1624
f 1554 1555 1626 1625
f 1555 1556 1627 1626
f 1556 1557 1628 1627
f 1557 1558 1629 1628
f 1558 1559 1630 1629
f 1559 1560 1631 1630
f 1560 1561 1632 1631
f 1561 1562 1633 1632
f 1563 1564 1635 1634
f 1564 1565 1636 1635
f 1565 1566 1637 1636
f 1566 1567 1638 1637
f 1567 1568 1639 1638
f 1568 1569 1640 1639
f 1569 1570 1641 1640
f 1570 1571 1642 1641
f 1571 1572 1643 1642
f 1572 1573 1644 1643
f 1573 1574 1645 1644
f 1574 1575 1646 1645
f 1575 1576 1647 1646
f 1576 1577 1648 1647
f 1577 1578 1649 1648
f 1578 1579 1650 1649
f 1579 1580 1651 1650
f 1580 1581 1652 1651
f 1581 1582 1653 1652
f 1582 1583 1654 1653
f 1583 1584 1655 1654
f 1584 1585 1656 1655
f 1585 1586 1657 1656
f 1586 1587 1658 1657
f 1587 1588 1659 1658
f 1588 1589 1660 1659
f 1589 1590 1661 1660
f 1590 1591 1662 1661
f 1591 1592 1663 1662
f 1592 1593 1664 1663
f 1593 1594 1665 1664
f 1594 1595 1666 1665
f 1595 1596 1667 1666
f 1596 1597 1668 1667
f 1597 1598 1669 1668
f 1598 1599 1670 1669
f 1599 1600 1671 1670
f 1600 1601 1672 1671
f 1601 1602 1673 1672
f 1602 1603 1674 1673
f 1603 1604 1675 1674
f 1604 1605 1676 1675
f 1605 1606 1677 1676
f 1606 1607 1678 1677
f 1607 1608 1679 1678
f 1608 1609 1680 1679
f 1609 1610 1681 1680
f 1610 1611 1682 1681
f 1611 1612 1683 1682
f 1612 1613 1684 1683
f 1613 1614 1685 1684
f 1614 1615 1686 1685
f 1615 1616 1687 1686
f 1616 1617 1688 1687
f 1617 1618 1689 1688
f 1618 1619 1690 1689
f 1619 1620 1691 1690
f 1620 1621 1692 1691
f 1621 1622 1693 1692
f 1622 1623 1694 1693
f 1623 1624 1695 1694
f 1624 1625 1696 1695
f 1625 1626 1697 1696
f 1626 1627 1698 1697
f 1627 1628 1699 1698
f 1628 1629 1700 1699
f 1629 1630 1701 1700
f 1630 1631 1702 1701
f 1631 1632 1703 1702
f 1632 1633 1704 1703
f 1634 1635 1706 1705
f 1635 1636 1707 1706
f 1636 1637 1708 1707
f 1637 1638 1709 1708
f 1638 1639 1710 1709
f 1639 1640 1711 1710
f 1640 1641 1712 1711
f 1641 1642 1713 1712
f 1642 1643 1714 1713
f 1643 1644 1715 1714
f 1644 1645 1716 1715
f 1645 1646 1717 1716
f 1646 1647 1718 1717
f 1647 1648 1719 1718
f 1648 1649 1720 1719
f 1649 1650 1721 1720
f 1650 1651 1722 1721
f 1651 1652 1723 1722
f 1652 1653 1724 1723
f 1653 1654 1725 1724
f 1654 1655 1726 1725
f 1655 1656 1727 1726
f 1656 1657 1728 1727
f 1657 1658 1729 1728
f 1658 1659 1730 1729
f 1659 1660 1731 1730
f 1660 1661 1732 1731
f 1661 1662 1733 1732
f 1662 1663 1734 1733
f 1663 1664 1735 1734
f 1664 1665 1736 1735
f 1665 1666 1737 1736
f 1666 1667 1738 1737
f 1667 1668 1739 1738
f 1668 1669 1740 1739
f 1669 1670 1741 1740
f 1670 1671 1742 1741
f 1671 1672 1743 1742
f 1672 1673 1744 1743
f 1673 1674 1745 1744
f 1674 1675 1746 1745
f 1675 1676 1747 1746
f 1676 1677 1748 1747
f 1677 1678 1749 1748
f 1678 1679 1750 1749
f 1679 1680 1751 1750
f 1680 1681 1752 1751
f 1681 1682 1753 1752
f 1682 1683 1754 1753
f 1683 1684 1755 1754
f 1684 1685 1756 1755
f 1685 1686 1757 1756
f 1686 1687 1758 1757
f 1687 1688 1759 1758
f 1688 1689 1760 1759
f 1689 1690 1761 1760
f 1690 1691 1762 1761
f 1691 1692 1763 1762
f 1692 1693 1764 1763
f 1693 1694 1765 1764
f 1694 1695 1766 1765
f 1695 1696 1767 1766
f 1696 1697 1768 1767
f 1697 1698 1769 1768
f 1698 1699 1770 1769
f 1699 1700 1771 1770
f 1700 1701 1772 1771
f 1701 1702 1773 1772
f 1702 1703 1774 1773
f 1703 1704 1775 1774
f 1705 1706 1777 1776
f 1706 1707 1778 1777
f 1707 1708 1779 1778
f 1708 1709 1780 1779
f 1709 1710 1781 1780
f 1710 1711 1782 1781
f 1711 1712 1783 1782
f 1712 1713 1784 1783
f 1713 1714 1785 1784
f 1714 1715 1786 1785
f 1715 1716 1787 1786
f 1716 1717 1788 1787
f 1717 1718 1789 1788
f 1718 1719 1790 1789
f 1719 1720 1791 1790
f 1720 1721 1792 1791
f 1721 1722 1793 1792
f 1722 1723 1794 1793
f 1723 1724 1795 1794
f 1724 1725 1796 1795
f 1725 1726 1797 1796
f 1726 1727 1798 1797
f 1727 1728 1799 1798
f 1728 1729 1800 1799
f 1729 1730 1801 1800
f 1730 1731 1802 1801
f 1731 1732 1803 1802
f 1732 1733 1804 1803
f 1733 1734 1805 1804
f 1734 1735 1806 1805
f 1735 1736 1807 1806
f 1736 1737 1808 1807
f 1737 1738 1809 1808
f 1738 1739 1810 1809
f 1739 1740 1811 1810
f 1740 1741 1812 1811
f 1741 1742 1813 1812
f 1742 1743 1814 1813
f 1743 1744 1815 1814
f 1744 1745 1816 1815
f 1745 1746 1817 1816
f 1746 1747 1818 1817
f 1747 1748 1819 1818
f 1748 1749 1820 1819
f 1749 1750 1821 1820
f 1750 1751 1822 1821
f 1751 1752 1823 1822
f 1752 1753 1824 1823
f 1753 1754 1825 1824
f 1754 1755 1826 1825
f 1755 1756 1827 1826
f 1756 1757 1828 1827
f 1757 1758 1829 1828
f 1758 1759 1830 1829
f 1759 1760 1831 1830
f 1760 1761 1832 1831
f 1761 1762 1833 1832
f 1762 1763 1834 1833
f 1763 1764 1835 1834
f 1764 1765 1836 1835
f 1765 1766 1837 1836
f 1766 1767 1838 1837
f 1767 1768 1839 1838
f 1768 1769 1840 1839
f 1769 1770 1841 1840
f 1770 1771 1842 1841
f 1771 1772 1843 1842
f 1772 1773 1844 1843
f 1773 1774 1845 1844
f 1774 1775 1846 1845
f 1776 1777 1848 1847
f 1777 1778 1849 1848
f 1778 1779 1850 1849
f 1779 1780 1851 1850
f 1780 1781 1852 1851
f 1781 1782 1853 1852
f 1782 1783 1854 1853
f 1783 1784 1855 1854
f 1784 1785 1856 1855
f 1785 1786 1857 1856
f 1786 1787 1858 1857
f 1787 1788 1859 1858
f 1788 1789 1860 1859
f 1789 1790 1861 1860
f 1790 1791 1862 1861
f 1791 1792 1863 1862
f 1792 1793 1864 1863
f 1793 1794 1865 1864
f 1794 1795 1866 1865
f 1795 1796 1867 1866
f 1796 1797 1868 1867
f 1797 1798 1869 1868
f 1798 1799 1870 1869
f 1799 1800 1871 1870
f 1800 1801 1872 1871
f 1801 1802 1873 1872
f 1802 1803 1874 1873
f 1803 1804 1875 1874
f 1804 1805 1876 1875
f 1805 1806 1877 1876
f 1806 1807 1878 1877
f 1807 1808 1879 1878
f 1808 1809 1880 1879
f 1809 1810 1881 1880
f 1810 1811 1882 1881
f 1811 1812 1883 1882
f 1812 1813 1884 1883
f 1813 1814 1885 1884
f 1814 1815 1886 1885
f 1815 1816 1887 1886
f 1816 1817 1888 1887
f 1817 1818 1889 1888
f 1818 1819 1890 1889
f 1819 1820 1891 1890
f 1820 1821 1892 1891
f 1821 1822 1893 1892
f 1822 1823 1894 1893
f 1823 1824 1895 1894
f 1824 1825 1896 1895
f 1825 1826 1897 1896
f 1826 1827 1898 1897
f 1827 1828 1899 1898
f 1828 1829 1900 1899
f 1829 1830 1901 1900
f 1830 1831 1902 1901
f 1831 1832 1903 1902
f 1832 1833 1904 1903
f 1833 1834 1905 1904
f 1834 1835 1906 1905
f 1835 1836 1907 1906
f 1836 1837 1908 1907
f 1837 1838 1909 1908
f 1838 1839 1910 1909
f 1839 1840 1911 1910
f 1840 1841 1912 1911
f 1841 1842 1913 1912
f 1842 1843 1914 1913
f 1843 1844 1915 1914
f 1844 1845 1916 1915
f 1845 1846 1917 1916
f 1847 1848 1919 1918
f 1848 1849 1920 1919
f 1849 1850 1921 1920
f 1850 1851 1922 1921
f 1851 1852 1923 1922
f 1852 1853 1924 1923
f 1853 1854 1925 1924
f 1854 1855 1926 1925
f 1855 1856 1927 1926
f 1856 1857 1928 1927
f 1857 1858 1929 1928
f 1858 1859 1930 1929
f 1859 1860 1931 1930
f 1860 1861 1932 1931
f 1861 1862 1933 1932
f 1862 1863 1934 1933
f 1863 1864 1935 1934
f 1864 1865 1936 1935
f 1865 1866 1937 1936
f 1866 1867 1938 1937
f 1867 1868 1939 1938
f 1868 1869 1940 1939
f 1869 1870 1941 1940
f 1870 1871 1942 1941
f 1871 1872 1943 1942
f 1872 1873 1944 1943
f 1873 1874 1945 1944
f 1874 1875 1946 1945
f 1875 1876 1947 1946
f 1876 1877 1948 1947
f 1877 1878 1949 1948
f 1878 1879 1950 1949
f 1879 1880 1951 1950
f 1880 1881 1952 1951
f 1881 1882 1953 1952
f 1882 1883 1954 1953
f 1883 1884 1955 1954
f 1884 1885 1956 1955
f 1885 1886 1957 1956
f 1886 1887 1958 1957
f 1887 1888 1959 1958
f 1888 1889 1960 1959
f 1889 1890 1961 1960
f 1890 1891 1962 1961
f 1891 1892 1963 1962
f 1892 1893 1964 1963
f 1893 1894 1965 1964
f 1894 1895 1966 1965
f 1895 1896 1967 1966
f 1896 1897 1968 1967
f 1897 1898 1969 1968
f 1898 1899 1970 1969
f 1899 1900 1971 1970
f 1900 1901 1972 1971
f 1901 1902 1973 1972
f 1902 1903 1974 1973
f 1903 1904 1975 1974
f 1904 1905 1976 1975
f 1905 1906 1977 1976
f 1906 1907 1978 1977
f 1907 1908 1979 1978
f 1908 1909 1980 1979
f 1909 1910 1981 1980
f 1910 1911 1982 1981
f 1911 1912 1983 1982
f 1912 1913 1984 1983
f 1913 1914 1985 1984
f 1914 1915 1986 1985
f 1915 1916 1987 1986
f 1916 1917 1988 1987
f 1918 1919 1990 1989
f 1919 1920 1991 1990
f 1920 1921 1992 1991
f 1921 1922 1993 1992
f 1922 1923 1994 1993
f 1923 1924 1995 1994
f 1924 1925 1996 1995
f 1925 1926 1997 1996
f 1926 1927 1998 1997
f 1927 1928 1999 1998
f 1928 1929 2000 1999
f 1929 1930 2001 2000
f 1930 1931 2002 2001
f 1931 1932 2003 2002
f 1932 1933 2004 2003
f 1933 1934 2005 2004
f 1934 1935 2006 2005
f 1935 1936 2007 2006
f 1936 1937 2008 2007
f 1937 1938 2009 2008
f 1938 1939 2010 2009
f 1939 1940 2011 2010
f 1940 1941 2012 2011
f 1941 1942 2013 2012
f 1942 1943 2014 2013
f 1943 1944 2015 2014
f 1944 1945 2016 2015
f 1945 1946 2017 2016
f 1946 1947 2018 2017
f 1947 1948 2019 2018
f 1948 1949 2020 2019
f 1949 1950 2021 2020
f 1950 1951 2022 2021
f 1951 1952 2023 2022
f 1952 1953 2024 2023
f 1953 1954 2025 2024
f 1954 1955 2026 2025
f 1955 1956 2027 2026
f 1956 1957 2028 2027
f 1957 1958 2029 2028
f 1958 1959 2030 2029
f 1959 1960 2031 2030
f 1960 1961 2032 2031
f 1961 1962 2033 2032
f 1962 1963 2034 2033
f 1963 1964 2035 2034
f 1964 1965 2036 2035
f 1965 1966 2037 2036
f 1966 1967 2038 2037
f 1967 1968 2039 2038
f 1968 1969 2040 2039
f 1969 1970 2041 2040
f 1970 1971 2042 2041
f 1971 1972 2043 2042
f 1972 1973 2044 2043
f 1973 1974 2045 2044
f 1974 1975 2046 2045
f 1975 1976 2047 2046
f 1976 1977 2048 2047
f 1977 1978 2049 2048
f 1978 1979 2050 2049
f 1979 1980 2051 2050
f 1980 1981 2052 2051
f 1981 1982 2053 2052
f 1982 1983 2054 2053
f 1983 1984 2055 2054
f 1984 1985 2056 2055
f 1985 1986 2057 2056
f 1986 1987 2058 2057
f 1987 1988 2059 2058
f 1989 1990 2061 2060
f 1990 1991 2062 2061
f 1991 1992 2063 2062
f 1992 1993 2064 2063
f 1993 1994 2065 2064
f 1994 1995 2066 2065
f 1995 1996 2067 2066
f 1996 1997 2068 2067
f 1997 1998 2069 2068
f 1998 1999 2070 2069
f 1999 2000 2071 2070
f 2000 2001 2072 2071
f 2001 2002 2073 2072
f 2002 2003 2074 2073
f 2003 2004 2075 2074
f 2004 2005 2076 2075
f 2005 2006 2077 2076
f 2006 2007 2078 2077
f 2007 2008 2079 2078
f 2008 2009 2080 2079
f 2009 2010 2081 2080
f 2010 2011 2082 2081
f 2011 2012 2083 2082
f 2012 2013 2084 2083
f 2013 2014 2085 2084
f 2014 2015 2086 2085
f 2015 2016 2087 2086
f 2016 2017 2088 2087
f 2017 2018 2089 2088
f 2018 2019 2090 2089
f 2019 2020 2091 2090
f 2020 2021 2092 2091
f 2021 2022 2093 2092
f 2022 2023 2094 2093
f 2023 2024 2095 2094
f 2024 2025 2096 2095
f 2025 2026 2097 2096
f 2026 2027 2098 2097
f 2027 2028 2099 2098
f 2028 2029 2100 2099
f 2029 2030 2101 2100
f 2030 2031 2102 2101
f 2031 2032 2103 2102
f 2032 2033 2104 2103
f 2033 2034 2105 2104
f 2034 2035 2106 2105
f 2035 2036 2107 2106
f 2036 2037 2108 2107
f 2037 2038 2109 2108
f 2038 2039 2110 2109
f 2039 2040 2111 2110
f 2040 2041 2112 2111
f 2041 2042 2113 2112
f 2042 2043 2114 2113
f 2043 2044 2115 2114
f 2044 2045 2116 2115
f 2045 2046 2117 2116
f 2046 2047 2118 2117
f 2047 2048 2119 2118
f 2048 2049 2120 2119
f 2049 2050 2121 2120
f 2050 2051 2122 2121
f 2051 2052 2123 2122
f 2052 2053 2124 2123
f 2053 2054 2125 2124
f 2054 2055 2126 2125
f 2055 2056 2127 2126
f 2056 2057 2128 2127
f 2057 2058 2129 2128
f 2058 2059 2130 2129
f 2060 2061 2132 2131
f 2061 2062 2133 2132
f 2062 2063 2134 2133
f 2063 2064 2135 2134
f 2064 2065 2136 2135
f 2065 2066 2137 2136
f 2066 2067 2138 2137
f 2067 2068 2139 2138
f 2068 2069 2140 2139
f 2069 2070 2141 2140
f 2070 2071 2142 2141
f 2071 2072 2143 2142
f 2072 2073 2144 2143
f 2073 2074 2145 2144
f 2074 2075 2146 2145
f 2075 2076 2147 2146
f 2076 2077 2148 2147
f 2077 2078 2149 2148
f 2078 2079 2150 2149
f 2079 2080 2151 2150
f 2080 2081 2152 2151
f 2081 2082 2153 2152
f 2082 2083 2154 2153
f 2083 2084 2155 2154
f 2084 2085 2156 2155
f 2085 2086 2157 2156
f 2086 2087 2158 2157
f 2087 2088 2159 2158
f 2088 2089 2160 2159
f 2089 2090 2161 2160
f 2090 2091 2162 2161
f 2091 2092 2163 2162
f 2092 2093 2164 2163
f 2093 2094 2165 2164
f 2094 2095 2166 2165
f 2095 2096 2167 2166
f 2096 2097 2168 2167
f 2097 2098 2169 2168
f 2098 2099 2170 2169
f 2099 2100 2171 2170
f 2100 2101 2172 2171
f 2101 2102 2173 2172
f 2102 2103 2174 2173
f 2103 2104 2175 2174
f 2104 2105 2176 2175
f 2105 2106 2177 2176
f 2106 2107 2178 2177
f 2107 2108 2179 2178
f 2108 2109 2180 2179
f 2109 2110 2181 2180
f 2110 2111 2182 2181
f 2111 2112 2183 2182
f 2112 2113 2184 2183
f 2113 2114 2185 2184
f 2114 2115 2186 2185
f 2115 2116 2187 2186
f 2116 2117 2188 2187
f 2117 2118 2189 2188
f 2118 2119 2190 2189
f 2119 2120 2191 2190
f 2120 2121 2192 2191
f 2121 2122 2193 2192
f 2122 2123 2194 2193
f 2123 2124 2195 2194
f 2124 2125 2196 2195
f 2125 2126 2197 2196
f 2126 2127 2198 2197
f 2127 2128 2199 2198
f 2128 2129 2200 2199
f 2129 2130 2201 2200
f 2131 2132 2203 2202
f 2132 2133 2204 2203
f 2133 2134 2205 2204
f 2134 2135 2206 2205
f 2135 2136 2207 2206
f 2136 2137 2208 2207
f 2137 2138 2209 2208
f 2138 2139 2210 2209
f 2139 2140 2211 2210
f 2140 2141 2212 2211
f 2141 2142 2213 2212
f 2142 2143 2214 2213
f 2143 2144 2215 2214
f 2144 2145 2216 2215
f 2145 2146 2217 2216
f 2146 2147 2218 2217
f 2147 2148 2219 2218
f 2148 2149 2220 2219
f 2149 2150 2221 2220
f 2150 2151 2222 2221
f 2151 2152 2223 2222
f 2152 2153 2224 2223
f 2153 2154 2225 2224
f 2154 2155 2226 2225
f 2155 2156 2227 2226
f 2156 2157 2228 2227
f 2157 2158 2229 2228
f 2158 2159 2230 2229
f 2159 2160 2231 2230
f 2160 2161 2232 2231
f 2161 2162 2233 2232
f 2162 2163 2234 2233
f 2163 2164 2235 2234
f 2164 2165 2236 2235
f 2165 2166 2237 2236
f 2166 2167 2238 2237
f 2167 2168 2239 2238
f 2168 2169 2240 2239
f 2169 2170 2241 2240
f 2170 2171 2242 2241
f 2171 2172 2243 2242
f 2172 2173 2244 2243
f 2173 2174 2245 2244
f 2174 2175 2246 2245
f 2175 2176 2247 2246
f 2176 2177 2248 2247
f 2177 2178 2249 2248
f 2178 2179 2250 2249
f 2179 2180 2251 2250
f 2180 2181 2252 2251
f 2181 2182 2253 2252
f 2182 2183 2254 2253
f 2183 2184 2255 2254
f 2184 2185 2256 2255
f 2185 2186 2257 2256
f 2186 2187 2258 2257
f 2187 2188 2259 2258
f 2188 2189 2260 2259
f 2189 2190 2261 2260
f 2190 2191 2262 2261
f 2191 2192 2263 2262
f 2192 2193 2264 2263
f 2193 2194 2265 2264
f 2194 2195 2266 2265
f 2195 2196 2267 2266
f 2196 2197 2268 2267
f 2197 2198 2269 2268
f 2198 2199 2270 2269
f 2199 2200 2271 2270
f 2200 2201 2272 2271
f 2202 2203 2274 2273
f 2203 2204 2275 2274
f 2204 2205 2276 2275
f 2205 2206 2277 2276
f 2206 2207 2278 2277
f 2207 2208 2279 2278
f 2208 2209 2280 2279
f 2209 2210 2281 2280
f 2210 2211 2282 2281
f 2211 2212 2283 2282
f 2212 2213 2284 2283
f 2213 2214 2285 2284
f 2214 2215 2286 2285
f 2215 2216 2287 2286
f 2216 2217 2288 2287
f 2217 2218 2289 2288
f 2218 2219 2290 2289
f 2219 2220 2291 2290
f 2220 2221 2292 2291
f 2221 2222 2293 2292
f 2222 2223 2294 2293
f 2223 2224 2295 2294
f 2224 2225 2296 2295
f 2225 2226 2297 2296
f 2226 2227 2298 2297
f 2227 2228 2299 2298
f 2228 2229 2300 2299
f 2229 2230 2301 2300
f 2230 2231 2302 2301
f 2231 2232 2303 2302
f 2232 2233 2304 2303
f 2233 2234 2305 2304
f 2234 2235 2306 2305
f 2235 2236 2307 2306
f 2236 2237 2308 2307
f 2237 2238 2309 2308
f 2238 2239 2310 2309
f 2239 2240 2311 2310
f 2240 2241 2312 2311
f 2241 2242 2313 2312
f 2242 2243 2314 2313
f 2243 2244 2315 2314
f 2244 2245 2316 2315
f 2245 2246 2317 2316
f 2246 2247 2318 2317
f 2247 2248 2319 2318
f 2248 2249 2320 2319
f 2249 2250 2321 2320
f 2250 2251 2322 2321
f 2251 2252 2323 2322
f 2252 2253 2324 2323
f 2253 2254 2325 2324
f 2254 2255 2326 2325
f 2255 2256 2327 2326
f 2256 2257 2328 2327
f 2257 2258 2329 2328
f 2258 2259 2330 2329
f 2259 2260 2331 2330
f 2260 2261 2332 2331
f 2261 2262 2333 2332
f 2262 2263 2334 2333
f 2263 2264 2335 2334
f 2264 2265 2336 2335
f 2265 2266 2337 2336
f 2266 2267 2338 2337
f 2267 2268 2339 2338
f 2268 2269 2340 2339
f 2269 2270 2341 2340
f 2270 2271 2342 2341
f 2271 2272 2343 2342
f 2273 2274 2345 2344
f 2274 2275 2346 2345
f 2275 2276 2347 2346
f 2276 2277 2348 2347
f 2277 2278 2349 2348
f 2278 2279 2350 2349
f 2279 2280 2351 2350
f 2280 2281 2352 2351
f 2281 2282 2353 2352
f 2282 2283 2354 2353
f 2283 2284 2355 2354
f 2284 2285 2356 2355
f 2285 2286 2357 2356
f 2286 2287 2358 2357
f 2287 2288 2359 2358
f 2288 2289 2360 2359
f 2289 2290 2361 2360
f 2290 2291 2362 2361
f 2291 2292 2363 2362
f 2292 2293 2364 2363
f 2293 2294 2365 2364
f 2294 2295 2366 2365
f 2295 2296 2367 2366
f 2296 2297 2368 2367
f 2297 2298 2369 2368
f 2298 2299 2370 2369
f 2299 2300 2371 2370
f 2300 2301 2372 2371
f 2301 2302 2373 2372
f 2302 2303 2374 2373
f 2303 2304 2375 2374
f 2304 2305 2376 2375
f 2305 2306 2377 2376
f 2306 2307 2378 2377
f 2307 2308 2379 2378
f 2308 2309 2380 2379
f 2309 2310 2381 2380
f 2310 2311 2382 2381
f 2311 2312 2383 2382
f 2312 2313 2384 2383
f 2313 2314 2385 2384
f 2314 2315 2386 2385
f 2315 2316 2387 2386
f 2316 2317 2388 2387
f 2317 2318 2389 2388
f 2318 2319 2390 2389
f 2319 2320 2391 2390
f 2320 2321 2392 2391
f 2321 2322 2393 2392
f 2322 2323 2394 2393
f 2323 2324 2395 2394
f 2324 2325 2396 2395
f 2325 2326 2397 2396
f 2326 2327 2398 2397
f 2327 2328 2399 2398
f 2328 2329 2400 2399
f 2329 2330 2401 2400
f 2330 2331 2402 2401
f 2331 2332 2403 2402
f 2332 2333 2404 2403
f 2333 2334 2405 2404
f 2334 2335 2406 2405
f 2335 2336 2407 2406
f 2336 2337 2408 2407
f 2337 2338 2409 2408
f 2338 2339 2410 2409
f 2339 2340 2411 2410
f 2340 2341 2412 2411
f 2341 2342 2413 2412
f 2342 2343 2414 2413
f 2344 2345 2416 2415
f 2345 2346 2417 2416
f 2346 2347 2418 2417
f 2347 2348 2419 2418
f 2348 2349 2420 2419
f 2349 2350 2421 2420
f 2350 2351 2422 2421
f 2351 2352 2423 2422
f 2352 2353 2424 2423
f 2353 2354 2425 2424
f 2354 2355 2426 2425
f 2355 2356 2427 2426
f 2356 2357 2428 2427
f 2357 2358 2429 2428
f 2358 2359 2430 2429
f 2359 2360 2431 2430
f 2360 2361 2432 2431
f 2361 2362 2433 2432
f 2362 2363 2434 2433
f 2363 2364 2435 2434
f 2364 2365 2436 2435
f 2365 2366 2437 2436
f 2366 2367 2438 2437
f 2367 2368 2439 2438
f 2368 2369 2440 2439
f 2369 2370 2441 2440
f 2370 2371 2442 2441
f 2371 2372 2443 2442
f 2372 2373 2444 2443
f 2373 2374 2445 2444
f 2374 2375 2446 2445
f 2375 2376 2447 2446
f 2376 2377 2448 2447
f 2377 2378 2449 2448
f 2378 2379 2450 2449
f 2379 2380 2451 2450
f 2380 2381 2452 2451
f 2381 2382 2453 2452
f 2382 2383 2454 2453
f 2383 2384 2455 2454
f 2384 2385 2456 2455
f 2385 2386 2457 2456
f 2386 2387 2458 2457
f 2387 2388 2459 2458
f 2388 2389 2460 2459
f 2389 2390 2461 2460
f 2390 2391 2462 2461
f 2391 2392 2463 2462
f 2392 2393 2464 2463
f 2393 2394 2465 2464
f 2394 2395 2466 2465
f 2395 2396 2467 2466
f 2396 2397 2468 2467
f 2397 2398 2469 2468
f 2398 2399 2470 2469
f 2399 2400 2471 2470
f 2400 2401 2472 2471
f 2401 2402 2473 2472
f 2402 2403 2474 2473
f 2403 2404 2475 2474
f 2404 2405 2476 2475
f 2405 2406 2477 2476
f 2406 2407 2478 2477
f 2407 2408 2479 2478
f 2408 2409 2480 2479
f 2409 2410 2481 2480
f 2410 2411 2482 2481
f 2411 2412 2483 2482
f 2412 2413 2484 2483
f 2413 2414 2485 2484
f 2415 2416 2487 2486
f 2416 2417 2488 2487
f 2417 2418 2489 2488
f 2418 2419 2490 2489
f 2419 2420 2491 2490
f 2420 2421 2492 2491
f 2421 2422 2493 2492
f 2422 2423 2494 2493
f 2423 2424 2495 2494
f 2424 2425 2496 2495
f 2425 2426 2497 2496
f 2426 2427 2498 2497
f 2427 2428 2499 2498
f 2428 2429 2500 2499
f 2429 2430 2501 2500
f 2430 2431 2502 2501
f 2431 2432 2503 2502
f 2432 2433 2504 2503
f 2433 2434 2505 2504
f 2434 2435 2506 2505
f 2435 2436 2507 2506
f 2436 2437 2508 2507
f 2437 2438 2509 2508
f 2438 2439 2510 2509
f 2439 2440 2511 2510
f 2440 2441 2512 2511
f 2441 2442 2513 2512
f 2442 2443 2514 2513
f 2443 2444 2515 2514
f 2444 2445 2516 2515
f 2445 2446 2517 2516
f 2446 2447 2518 2517
f 2447 2448 2519 2518
f 2448 2449 2520 2519
f 2449 2450 2521 2520
f 2450 2451 2522 2521
f 2451 2452 2523 2522
f 2452 2453 2524 2523
f 2453 2454 2525 2524
f 2454 2455 2526 2525
f 2455 2456 2527 2526
f 2456 2457 2528 2527
f 2457 2458 2529 2528
f 2458 2459 2530 2529
f 2459 2460 2531 2530
f 2460 2461 2532 2531
f 2461 2462 2533 2532
f 2462 2463 2534 2533
f 2463 2464 2535 2534
f 2464 2465 2536 2535
f 2465 2466 2537 2536
f 2466 2467 2538 2537
f 2467 2468 2539 2538
f 2468 2469 2540 2539
f 2469 2470 2541 2540
f 2470 2471 2542 2541
f 2471 2472 2543 2542
f 2472 2473 2544 2543
f 2473 2474 2545 2544
f 2474 2475 2546 2545
f 2475 2476 2547 2546
f 2476 2477 2548 2547
f 2477 2478 2549 2548
f 2478 2479 2550 2549
f 2479 2480 2551 2550
f 2480 2481 2552 2551
f 2481 2482 2553 2552
f 2482 2483 2554 2553
f 2483 2484 2555 2554
f 2484 2485 2556 2555
f 2486 2487 2558 2557
f 2487 2488 2559 2558
f 2488 2489 2560 2559
f 2489 2490 2561 2560
f 2490 2491 2562 2561
f 2491 2492 2563 2562
f 2492 2493 2564 2563
f 2493 2494 2565 2564
f 2494 2495 2566 2565
f 2495 2496 2567 2566
f 2496 2497 2568 2567
f 2497 2498 2569 2568
f 2498 2499 2570 2569
f 2499 2500 2571 2570
f 2500 2501 2572 2571
f 2501 2502 2573 2572
f 2502 2503 2574 2573
f 2503 2504 2575 2574
f 2504 2505 2576 2575
f 2505 2506 2577 2576
f 2506 2507 2578 2577
f 2507 2508 2579 2578
f 2508 2509 2580 2579
f 2509 2510 2581 2580
f 2510 2511 2582 2581
f 2511 2512 2583 2582
f 2512 2513 2584 2583
f 2513 2514 2585 2584
f 2514 2515 2586 2585
f 2515 2516 2587 2586
f 2516 2517 2588 2587
f 2517 2518 2589 2588
f 2518 2519 2590 2589
f 2519 2520 2591 2590
f 2520 2521 2592 2591
f 2521 2522 2593 2592
f 2522 2523 2594 2593
f 2523 2524 2595 2594
f 2524 2525 2596 2595
f 2525 2526 2597 2596
f 2526 2527 2598 2597
f 2527 2528 2599 2598
f 2528 2529 2600 2599
f 2529 2530 2601 2600
f 2530 2531 2602 2601
f 2531 2532 2603 2602
f 2532 2533 2604 2603
f 2533 2534 2605 2604
f 2534 2535 2606 2605
f 2535 2536 2607 2606
f 2536 2537 2608 2607
f 2537 2538 2609 2608
f 2538 2539 2610 2609
f 2539 2540 2611 2610
f 2540 2541 2612 2611
f 2541 2542 2613 2612
f 2542 2543 2614 2613
f 2543 2544 2615 2614
f 2544 2545 2616 2615
f 2545 2546 2617 2616
f 2546 2547 2618 2617
f 2547 2548 2619 2618
f 2548 2549 2620 2619
f 2549 2550 2621 2620
f 2550 2551 2622 2621
f 2551 2552 2623 2622
f 2552 2553 2624 2623
f 2553 2554 2625 2624
f 2554 2555 2626 2625
f 2555 2556 2627 2626
f 2557 2558 2629 2628
f 2558 2559 2630 2629
f 2559 2560 2631 2630
f 2560 2561 2632 2631
f 2561 2562 2633 2632
f 2562 2563 2634 2633
f 2563 2564 2635 2634
f 2564 2565 2636 2635
f 2565 2566 2637 2636
f 2566 2567 2638 2637
f 2567 2568 2639 2638
f 2568 2569 2640 2639
f 2569 2570 2641 2640
f 2570 2571 2642 2641
f 2571 2572 2643 2642
f 2572 2573 2644 2643
f 2573 2574 2645 2644
f 2574 2575 2646 2645
f 2575 2576 2647 2646
f 2576 2577 2648 2647
f 2577 2578 2649 2648
f 2578 2579 2650 2649
f 2579 2580 2651 2650
f 2580 2581 2652 2651
f 2581 2582 2653 2652
f 2582 2583 2654 2653
f 2583 2584 2655 2654
f 2584 2585 2656 2655
f 2585 2586 2657 2656
f 2586 2587 2658 2657
f 2587 2588 2659 2658
f 2588 2589 2660 2659
f 2589 2590 2661 2660
f 2590 2591 2662 2661
f 2591 2592 2663 2662
f 2592 2593 2664 2663
f 2593 2594 2665 2664
f 2594 2595 2666 2665
f 2595 2596 2667 2666
f 2596 2597 2668 2667
f 2597 2598 2669 2668
f 2598 2599 2670 2669
f 2599 2600 2671 2670
f 2600 2601 2672 2671
f 2601 2602 2673 2672
f 2602 2603 2674 2673
f 2603 2604 2675 2674
f 2604 2605 2676 2675
f 2605 2606 2677 2676
f 2606 2607 2678 2677
f 2607 2608 2679 2678
f 2608 2609 2680 2679
f 2609 2610 2681 2680
f 2610 2611 2682 2681
f 2611 2612 2683 2682
f 2612 2613 2684 2683
f 2613 2614 2685 2684
f 2614 2615 2686 2685
f 2615 2616 2687 2686
f 2616 2617 2688 2687
f 2617 2618 2689 2688
f 2618 2619 2690 2689
f 2619 2620 2691 2690
f 2620 2621 2692 2691
f 2621 2622 2693 2692
f 2622 2623 2694 2693
f 2623 2624 2695 2694
f 2624 2625 2696 2695
f 2625 2626 2697 2696
f 2626 2627 2698 2697
f 2628 2629 2700 2699
f 2629 2630 2701 2700
f 2630 2631 2702 2701
f 2631 2632 2703 2702
f 2632 2633 2704 2703
f 2633 2634 2705 2704
f 2634 2635 2706 2705
f 2635 2636 2707 2706
f 2636 2637 2708 2707
f 2637 2638 2709 2708
f 2638 2639 2710 2709
f 2639 2640 2711 2710
f 2640 2641 2712 2711
f 2641 2642 2713 2712
f 2642 2643 2714 2713
f 2643 2644 2715 2714
f 2644 2645 2716 2715
f 2645 2646 2717 2716
f 2646 2647 2718 2717
f 2647 2648 2719 2718
f 2648 2649 2720 2719
f 2649 2650 2721 2720
f 2650 2651 2722 2721
f 2651 2652 2723 2722
f 2652 2653 2724 2723
f 2653 2654 2725 2724
f 2654 2655 2726 2725
f 2655 2656 2727 2726
f 2656 2657 2728 2727
f 2657 2658 2729 2728
f 2658 2659 2730 2729
f 2659 2660 2731 2730
f 2660 2661 2732 2731
f 2661 2662 2733 2732
f 2662 2663 2734 2733
f 2663 2664 2735 2734
f 2664 2665 2736 2735
f 2665 2666 2737 2736
f 2666 2667 2738 2737
f 2667 2668 2739 2738
f 2668 2669 2740 2739
f 2669 2670 2741 2740
f 2670 2671 2742 2741
f 2671 2672 2743 2742
f 2672 2673 2744 2743
f 2673 2674 2745 2744
f 2674 2675 2746 2745
f 2675 2676 2747 2746
f 2676 2677 2748 2747
f 2677 2678 2749 2748
f 2678 2679 2750 2749
f 2679 2680 2751 2750
f 2680 2681 2752 2751
f 2681 2682 2753 2752
f 2682 2683 2754 2753
f 2683 2684 2755 2754
f 2684 2685 2756 2755
f 2685 2686 2757 2756
f 2686 2687 2758 2757
f 2687 2688 2759 2758
f 2688 2689 2760 2759
f 2689 2690 2761 2760
f 2690 2691 2762 2761
f 2691 2692 2763 2762
f 2692 2693 2764 2763
f 2693 2694 2765 2764
f 2694 2695 2766 2765
f 2695 2696 2767 2766
f 2696 2697 2768 2767
f 2697 2698 2769 2768
f 2699 2700 2771 2770
f 2700 2701 2772 2771
f 2701 2702 2773 2772
f 2702 2703 2774 2773
f 2703 2704 2775 2774
f 2704 2705 2776 2775
f 2705 2706 2777 2776
f 2706 2707 2778 2777
f 2707 2708 2779 2778
f 2708 2709 2780 2779
f 2709 2710 2781 2780
f 2710 2711 2782 2781
f 2711 2712 2783 2782
f 2712 2713 2784 2783
f 2713 2714 2785 2784
f 2714 2715 2786 2785
f 2715 2716 2787 2786
f 2716 2717 2788 2787
f 2717 2718 2789 2788
f 2718 2719 2790 2789
f 2719 2720 2791 2790
f 2720 2721 2792 2791
f 2721 2722 2793 2792
f 2722 2723 2794 2793
f 2723 2724 2795 2794
f 2724 2725 2796 2795
f 2725 2726 2797 2796
f 2726 2727 2798 2797
f 2727 2728 2799 2798
f 2728 2729 2800 2799
f 2729 2730 2801 2800
f 2730 2731 2802 2801
f 2731 2732 2803 2802
f 2732 2733 2804 2803
f 2733 2734 2805 2804
f 2734 2735 2806 2805
f 2735 2736 2807 2806
f 2736 2737 2808 2807
f 2737 2738 2809 2808
f 2738 2739 2810 2809
f 2739 2740 2811 2810
f 2740 2741 2812 2811
f 2741 2742 2813 2812
f 2742 2743 2814 2813
f 2743 2744 2815 2814
f 2744 2745 2816 2815
f 2745 2746 2817 2816
f 2746 2747 2818 2817
f 2747 2748 2819 2818
f 2748 2749 2820 2819
f 2749 2750 2821 2820
f 2750 2751 2822 2821
f 2751 2752 2823 2822
f 2752 2753 2824 2823
f 2753 2754 2825 2824
f 2754 2755 2826 2825
f 2755 2756 2827 2826
f 2756 2757 2828 2827
f 2757 2758 2829 2828
f 2758 2759 2830 2829
f 2759 2760 2831 2830
f 2760 2761 2832 2831
f 2761 2762 2833 2832
f 2762 2763 2834 2833
f 2763 2764 2835 2834
f 2764 2765 2836 2835
f 2765 2766 2837 2836
f 2766 2767 2838 2837
f 2767 2768 2839 2838
f 2768 2769 2840 2839
f 2770 2771 2842 2841
f 2771 2772 2843 2842
f 2772 2773 2844 2843
f 2773 2774 2845 2844
f 2774 2775 2846 2845
f 2775 2776 2847 2846
f 2776 2777 2848 2847
f 2777 2778 2849 2848
f 2778 2779 2850 2849
f 2779 2780 2851 2850
f 2780 2781 2852 2851
f 2781 2782 2853 2852
f 2782 2783 2854 2853
f 2783 2784 2855 2854
f 2784 2785 2856 2855
f 2785 2786 2857 2856
f 2786 2787 2858 2857
f 2787 2788 2859 2858
f 2788 2789 2860 2859
f 2789 2790 2861 2860
f 2790 2791 2862 2861
f 2791 2792 2863 2862
f 2792 2793 2864 2863
f 2793 2794 2865 2864
f 2794 2795 2866 2865
f 2795 2796 2867 2866
f 2796 2797 2868 2867
f 2797 2798 2869 2868
f 2798 2799 2870 2869
f 2799 2800 2871 2870
f 2800 2801 2872 2871
f 2801 2802 2873 2872
f 2802 2803 2874 2873
f 2803 2804 2875 2874
f 2804 2805 2876 2875
f 2805 2806 2877 2876
f 2806 2807 2878 2877
f 2807 2808 2879 2878
f 2808 2809 2880 2879
f 2809 2810 2881 2880
f 2810 2811 2882 2881
f 2811 2812 2883 2882
f 2812 2813 2884 2883
f 2813 2814 2885 2884
f 2814 2815 2886 2885
f 2815 2816 2887 2886
f 2816 2817 2888 2887
f 2817 2818 2889 2888
f 2818 2819 2890 2889
f 2819 2820 2891 2890
f 2820 2821 2892 2891
f 2821 2822 2893 2892
f 2822 2823 2894 2893
f 2823 2824 2895 2894
f 2824 2825 2896 2895
f 2825 2826 2897 2896
f 2826 2827 2898 2897
f 2827 2828 2899 2898
f 2828 2829 2900 2899
f 2829 2830 2901 2900
f 2830 2831 2902 2901
f 2831 2832 2903 2902
f 2832 2833 2904 2903
f 2833 2834 2905 2904
f 2834 2835 2906 2905
f 2835 2836 2907 2906
f 2836 2837 2908 2907
f 2837 2838 2909 2908
f 2838 2839 2910 2909
f 2839 2840 2911 2910
f 2841 2842 2913 2912
f 2842 2843 2914 2913
f 2843 2844 2915 2914
f 2844 2845 2916 2915
f 2845 2846 2917 2916
f 2846 2847 2918 2917
f 2847 2848 2919 2918
f 2848 2849 2920 2919
f 2849 2850 2921 2920
f 2850 2851 2922 2921
f 2851 2852 2923 2922
f 2852 2853 2924 2923
f 2853 2854 2925 2924
f 2854 2855 2926 2925
f 2855 2856 2927 2926
f 2856 2857 2928 2927
f 2857 2858 2929 2928
f 2858 2859 2930 2929
f 2859 2860 2931 2930
f 2860 2861 2932 2931
f 2861 2862 2933 2932
f 2862 2863 2934 2933
f 2863 2864 2935 2934
f 2864 2865 2936 2935
f 2865 2866 2937 2936
f 2866 2867 2938 2937
f 2867 2868 2939 2938
f 2868 2869 2940 2939
f 2869 2870 2941 2940
f 2870 2871 2942 2941
f 2871 2872 2943 2942
f 2872 2873 2944 2943
f 2873 2874 2945 2944
f 2874 2875 2946 2945
f 2875 2876 2947 2946
f 2876 2877 2948 2947
f 2877 2878 2949 2948
f 2878 2879 2950 2949
f 2879 2880 2951 2950
f 2880 2881 2952 2951
f 2881 2882 2953 2952
f 2882 2883 2954 2953
f 2883 2884 2955 2954
f 2884 2885 2956 2955
f 2885 2886 2957 2956
f 2886 2887 2958 2957
f 2887 2888 2959 2958
f 2888 2889 2960 2959
f 2889 2890 2961 2960
f 2890 2891 2962 2961
f 2891 2892 2963 2962
f 2892 2893 2964 2963
f 2893 2894 2965 2964
f 2894 2895 2966 2965
f 2895 2896 2967 2966
f 2896 2897 2968 2967
f 2897 2898 2969 2968
f 2898 2899 2970 2969
f 2899 2900 2971 2970
f 2900 2901 2972 2971
f 2901 2902 2973 2972
f 2902 2903 2974 2973
f 2903 2904 2975 2974
f 2904 2905 2976 2975
f 2905 2906 2977 2976
f 2906 2907 2978 2977
f 2907 2908 2979 2978
f 2908 2909 2980 2979
f 2909 2910 2981 2980
f 2910 2911 2982 2981
f 2912 2913 2984 2983
f 2913 2914 2985 2984
f 2914 2915 2986 2985
f 2915 2916 2987 2986
f 2916 2917 2988 2987
f 2917 2918 2989 2988
f 2918 2919 2990 2989
f 2919 2920 2991 2990
f 2920 2921 2992 2991
f 2921 2922 2993 2992
f 2922 2923 2994 2993
f 2923 2924 2995 2994
f 2924 2925 2996 2995
f 2925 2926 2997 2996
f 2926 2927 2998 2997
f 2927 2928 2999 2998
f 2928 2929 3000 2999
f 2929 2930 3001 3000
f 2930 2931 3002 3001
f 2931 2932 3003 3002
f 2932 2933 3004 3003
f 2933 2934 3005 3004
f 2934 2935 3006 3005
f 2935 2936 3007 3006
f 2936 2937 3008 3007
f 2937 2938 3009 3008
f 2938 2939 3010 3009
f 2939 2940 3011 3010
f 2940 2941 3012 3011
f 2941 2942 3013 3012
f 2942 2943 3014 3013
f 2943 2944 3015 3014
f 2944 2945 3016 3015
f 2945 2946 3017 3016
f 2946 2947 3018 3017
f 2947 2948 3019 3018
f 2948 2949 3020 3019
f 2949 2950 3021 3020
f 2950 2951 3022 3021
f 2951 2952 3023 3022
f 2952 2953 3024 3023
f 2953 2954 3025 3024
f 2954 2955 3026 3025
f 2955 2956 3027 3026
f 2956 2957 3028 3027
f 2957 2958 3029 3028
f 2958 2959 3030 3029
f 2959 2960 3031 3030
f 2960 2961 3032 3031
f 2961 2962 3033 3032
f 2962 2963 3034 3033
f 2963 2964 3035 3034
f 2964 2965 3036 3035
f 2965 2966 3037 3036
f 2966 2967 3038 3037
f 2967 2968 3039 3038
f 2968 2969 3040 3039
f 2969 2970 3041 3040
f 2970 2971 3042 3041
f 2971 2972 3043 3042
f 2972 2973 3044 3043
f 2973 2974 3045 3044
f 2974 2975 3046 3045
f 2975 2976 3047 3046
f 2976 2977 3048 3047
f 2977 2978 3049 3048
f 2978 2979 3050 3049
f 2979 2980 3051 3050
f 2980 2981 3052 3051
f 2981 2982 3053 3052
f 2983 2984 3055 3054
f 2984 2985 3056 3055
f 2985 2986 3057 3056
f 2986 2987 3058 3057
f 2987 2988 3059 3058
f 2988 2989 3060 3059
f 2989 2990 3061 3060
f 2990 2991 3062 3061
f 2991 2992 3063 3062
f 2992 2993 3064 3063
f 2993 2994 3065 3064
f 2994 2995 3066 3065
f 2995 2996 3067 3066
f 2996 2997 3068 3067
f 2997 2998 3069 3068
f 2998 2999 3070 3069
f 2999 3000 3071 3070
f 3000 3001 3072 3071
f 3001 3002 3073 3072
f 3002 3003 3074 3073
f 3003 3004 3075 3074
f 3004 3005 3076 3075
f 3005 3006 3077 3076
f 3006 3007 3078 3077
f 3007 3008 3079 3078
f 3008 3009 3080 3079
f 3009 3010 3081 3080
f 3010 3011 3082 3081
f 3011 3012 3083 3082
f 3012 3013 3084 3083
f 3013 3014 3085 3084
f 3014 3015 3086 3085
f 3015 3016 3087 3086
f 3016 3017 3088 3087
f 3017 3018 3089 3088
f 3018 3019 3090 3089
f 3019 3020 3091 3090
f 3020 3021 3092 3091
f 3021 3022 3093 3092
f 3022 3023 3094 3093
f 3023 3024 3095 3094
f 3024 3025 3096 3095
f 3025 3026 3097 3096
f 3026 3027 3098 3097
f 3027 3028 3099 3098
f 3028 3029 3100 3099
f 3029 3030 3101 3100
f 3030 3031 3102 3101
f 3031 3032 3103 3102
f 3032 3033 3104 3103
f 3033 3034 3105 3104
f 3034 3035 3106 3105
f 3035 3036 3107 3106
f 3036 3037 3108 3107
f 3037 3038 3109 3108
f 3038 3039 3110 3109
f 3039 3040 3111 3110
f 3040 3041 3112 3111
f 3041 3042 3113 3112
f 3042 3043 3114 3113
f 3043 3044 3115 3114
f 3044 3045 3116 3115
f 3045 3046 3117 3116
f 3046 3047 3118 3117
f 3047 3048 3119 3118
f 3048 3049 3120 3119
f 3049 3050 3121 3120
f 3050 3051 3122 3121
f 3051 3052 3123 3122
f 3052 3053 3124 3123
f 3054 3055 3126 3125
f 3055 3056 3127 3126
f 3056 3057 3128 3127
f 3057 3058 3129 3128
f 3058 3059 3130 3129
f 3059 3060 3131 3130
f 3060 3061 3132 3131
f 3061 3062 3133 3132
f 3062 3063 3134 3133
f 3063 3064 3135 3134
f 3064 3065 3136 3135
f 3065 3066 3137 3136
f 3066 3067 3138 3137
f 3067 3068 3139 3138
f 3068 3069 3140 3139
f 3069 3070 3141 3140
f 3070 3071 3142 3141
f 3071 3072 3143 3142
f 3072 3073 3144 3143
f 3073 3074 3145 3144
f 3074 3075 3146 3145
f 3075 3076 3147 3146
f 3076 3077 3148 3147
f 3077 3078 3149 3148
f 3078 3079 3150 3149
f 3079 3080 3151 3150
f 3080 3081 3152 3151
f 3081 3082 3153 3152
f 3082 3083 3154 3153
f 3083 3084 3155 3154
f 3084 3085 3156 3155
f 3085 3086 3157 3156
f 3086 3087 3158 3157
f 3087 3088 3159 3158
f 3088 3089 3160 3159
f 3089 3090 3161 3160
f 3090 3091 3162 3161
f 3091 3092 3163 3162
f 3092 3093 3164 3163
f 3093 3094 3165 3164
f 3094 3095 3166 3165
f 3095 3096 3167 3166
f 3096 3097 3168 3167
f 3097 3098 3169 3168
f 3098 3099 3170 3169
f 3099 3100 3171 3170
f 3100 3101 3172 3171
f 3101 3102 3173 3172
f 3102 3103 3174 3173
f 3103 3104 3175 3174
f 3104 3105 3176 3175
f 3105 3106 3177 3176
f 3106 3107 3178 3177
f 3107 3108 3179 3178
f 3108 3109 3180 3179
f 3109 3110 3181 3180
f 3110 3111 3182 3181
f 3111 3112 3183 3182
f 3112 3113 3184 3183
f 3113 3114 3185 3184
f 3114 3115 3186 3185
f 3115 3116 3187 3186
f 3116 3117 3188 3187
f 3117 3118 3189 3188
f 3118 3119 3190 3189
f 3119 3120 3191 3190
f 3120 3121 3192 3191
f 3121 3122 3193 3192
f 3122 3123 3194 3193
f 3123 3124 3195 3194
f 3125 3126 3197 3196
f 3126 3127 3198 3197
f 3127 3128 3199 3198
f 3128 3129 3200 3199
f 3129 3130 3201 3200
f 3130 3131 3202 3201
f 3131 3132 3203 3202
f 3132 3133 3204 3203
f 3133 3134 3205 3204
f 3134 3135 3206 3205
f 3135 3136 3207 3206
f 3136 3137 3208 3207
f 3137 3138 3209 3208
f 3138 3139 3210 3209
f 3139 3140 3211 3210
f 3140 3141 3212 3211
f 3141 3142 3213 3212
f 3142 3143 3214 3213
f 3143 3144 3215 3214
f 3144 3145 3216 3215
f 3145 3146 3217 3216
f 3146 3147 3218 3217
f 3147 3148 3219 3218
f 3148 3149 3220 3219
f 3149 3150 3221 3220
f 3150 3151 3222 3221
f 3151 3152 3223 3222
f 3152 3153 3224 3223
f 3153 3154 3225 3224
f 3154 3155 3226 3225
f 3155 3156 3227 3226
f 3156 3157 3228 3227
f 3157 3158 3229 3228
f 3158 3159 3230 3229
f 3159 3160 3231 3230
f 3160 3161 3232 3231
f 3161 3162 3233 3232
f 3162 3163 3234 3233
f 3163 3164 3235 3234
f 3164 3165 3236 3235
f 3165 3166 3237 3236
f 3166 3167 3238 3237
f 3167 3168 3239 3238
f 3168 3169 3240 3239
f 3169 3170 3241 3240
f 3170 3171 3242 3241
f 3171 3172 3243 3242
f 3172 3173 3244 3243
f 3173 3174 3245 3244
f 3174 3175 3246 3245
f 3175 3176 3247 3246
f 3176 3177 3248 3247
f 3177 3178 3249 3248
f 3178 3179 3250 3249
f 3179 3180 3251 3250
f 3180 3181 3252 3251
f 3181 3182 3253 3252
f 3182 3183 3254 3253
f 3183 3184 3255 3254
f 3184 3185 3256 3255
f 3185 3186 3257 3256
f 3186 3187 3258 3257
f 3187 3188 3259 3258
f 3188 3189 3260 3259
f 3189 3190 3261 3260
f 3190 3191 3262 3261
f 3191 3192 3263 3262
f 3192 3193 3264 3263
f 3193 3194 3265 3264
f 3194 3195 3266 3265
f 3196 3197 3268 3267
f 3197 3198 3269 3268
f 3198 3199 3270 3269
f 3199 3200 3271 3270
f 3200 3201 3272 3271
f 3201 3202 3273 3272
f 3202 3203 3274 3273
f 3203 3204 3275 3274
f 3204 3205 3276 3275
f 3205 3206 3277 3276
f 3206 3207 3278 3277
f 3207 3208 3279 3278
f 3208 3209 3280 3279
f 3209 3210 3281 3280
f 3210 3211 3282 3281
f 3211 3212 3283 3282
f 3212 3213 3284 3283
f 3213 3214 3285 3284
f 3214 3215 3286 3285
f 3215 3216 3287 3286
f 3216 3217 3288 3287
f 3217 3218 3289 3288
f 3218 3219 3290 3289
f 3219 3220 3291 3290
f 3220 3221 3292 3291
f 3221 3222 3293 3292
f 3222 3223 3294 3293
f 3223 3224 3295 3294
f 3224 3225 3296 3295
f 3225 3226 3297 3296
f 3226 3227 3298 3297
f 3227 3228 3299 3298
f 3228 3229 3300 3299
f 3229 3230 3301 3300
f 3230 3231 3302 3301
f 3231 3232 3303 3302
f 3232 3233 3304 3303
f 3233 3234 3305 3304
f 3234 3235 3306 3305
f 3235 3236 3307 3306
f 3236 3237 3308 3307
f 3237 3238 3309 3308
f 3238 3239 3310 3309
f 3239 3240 3311 3310
f 3240 3241 3312 3311
f 3241 3242 3313 3312
f 3242 3243 3314 3313
f 3243 3244 3315 3314
f 3244 3245 3316 3315
f 3245 3246 3317 3316
f 3246 3247 3318 3317
f 3247 3248 3319 3318
f 3248 3249 3320 3319
f 3249 3250 3321 3320
f 3250 3251 3322 3321
f 3251 3252 3323 3322
f 3252 3253 3324 3323
f 3253 3254 3325 3324
f 3254 3255 3326 3325
f 3255 3256 3327 3326
f 3256 3257 3328 3327
f 3257 3258 3329 3328
f 3258 3259 3330 3329
f 3259 3260 3331 3330
f 3260 3261 3332 3331
f 3261 3262 3333 3332
f 3262 3263 3334 3333
f 3263 3264 3335 3334
f 3264 3265 3336 3335
f 3265 3266 3337 3336
f 3267 3268 3339 3338
f 3268 3269 3340 3339
f 3269 3270 3341 3340
f 3270 3271 3342 3341
f 3271 3272 3343 3342
f 3272 3273 3344 3343
f 3273 3274 3345 3344
f 3274 3275 3346 3345
f 3275 3276 3347 3346
f 3276 3277 3348 3347
f 3277 3278 3349 3348
f 3278 3279 3350 3349
f 3279 3280 3351 3350
f 3280 3281 3352 3351
f 3281 3282 3353 3352
f 3282 3283 3354 3353
f 3283 3284 3355 3354
f 3284 3285 3356 3355
f 3285 3286 3357 3356
f 3286 3287 3358 3357
f 3287 3288 3359 3358
f 3288 3289 3360 3359
f 3289 3290 3361 3360
f 3290 3291 3362 3361
f 3291 3292 3363 3362
f 3292 3293 3364 3363
f 3293 3294 3365 3364
f 3294 3295 3366 3365
f 3295 3296 3367 3366
f 3296 3297 3368 3367
f 3297 3298 3369 3368
f 3298 3299 3370 3369
f 3299 3300 3371 3370
f 3300 3301 3372 3371
f 3301 3302 3373 3372
f 3302 3303 3374 3373
f 3303 3304 3375 3374
f 3304 3305 3376 3375
f 3305 3306 3377 3376
f 3306 3307 3378 3377
f 3307 3308 3379 3378
f 3308 3309 3380 3379
f 3309 3310 3381 3380
f 3310 3311 3382 3381
f 3311 3312 3383 3382
f 3312 3313 3384 3383
f 3313 3314 3385 3384
f 3314 3315 3386 3385
f 3315 3316 3387 3386
f 3316 3317 3388 3387
f 3317 3318 3389 3388
f 3318 3319 3390 3389
f 3319 3320 3391 3390
f 3320 3321 3392 3391
f 3321 3322 3393 3392
f 3322 3323 3394 3393
f 3323 3324 3395 3394
f 3324 3325 3396 3395
f 3325 3326 3397 3396
f 3326 3327 3398 3397
f 3327 3328 3399 3398
f 3328 3329 3400 3399
f 3329 3330 3401 3400
f 3330 3331 3402 3401
f 3331 3332 3403 3402
f 3332 3333 3404 3403
f 3333 3334 3405 3404
f 3334 3335 3406 3405
f 3335 3336 3407 3406
f 3336 3337 3408 3407
f 3338 3339 3410 3409
f 3339 3340 3411 3410
f 3340 3341 3412 3411
f 3341 3342 3413 3412
f 3342 3343 3414 3413
f 3343 3344 3415 3414
f 3344 3345 3416 3415
f 3345 3346 3417 3416
f 3346 3347 3418 3417
f 3347 3348 3419 3418
f 3348 3349 3420 3419
f 3349 3350 3421 3420
f 3350 3351 3422 3421
f 3351 3352 3423 3422
f 3352 3353 3424 3423
f 3353 3354 3425 3424
f 3354 3355 3426 3425
f 3355 3356 3427 3426
f 3356 3357 3428 3427
f 3357 3358 3429 3428
f 3358 3359 3430 3429
f 3359 3360 3431 3430
f 3360 3361 3432 3431
f 3361 3362 3433 3432
f 3362 3363 3434 3433
f 3363 3364 3435 3434
f 3364 3365 3436 3435
f 3365 3366 3437 3436
f 3366 3367 3438 3437
f 3367 3368 3439 3438
f 3368 3369 3440 3439
f 3369 3370 3441 3440
f 3370 3371 3442 3441
f 3371 3372 3443 3442
f 3372 3373 3444 3443
f 3373 3374 3445 3444
f 3374 3375 3446 3445
f 3375 3376 3447 3446
f 3376 3377 3448 3447
f 3377 3378 3449 3448
f 3378 3379 3450 3449
f 3379 3380 3451 3450
f 3380 3381 3452 3451
f 3381 3382 3453 3452
f 3382 3383 3454 3453
f 3383 3384 3455 3454
f 3384 3385 3456 3455
f 3385 3386 3457 3456
f 3386 3387 3458 3457
f 3387 3388 3459 3458
f 3388 3389 3460 3459
f 3389 3390 3461 3460
f 3390 3391 3462 3461
f 3391 3392 3463 3462
f 3392 3393 3464 3463
f 3393 3394 3465 3464
f 3394 3395 3466 3465
f 3395 3396 3467 3466
f 3396 3397 3468 3467
f 3397 3398 3469 3468
f 3398 3399 3470 3469
f 3399 3400 3471 3470
f 3400 3401 3472 3471
f 3401 3402 3473 3472
f 3402 3403 3474 3473
f 3403 3404 3475 3474
f 3404 3405 3476 3475
f 3405 3406 3477 3476
f 3406 3407 3478 3477
f 3407 3408 3479 3478
f 3409 3410 3481 3480
f 3410 3411 3482 3481
f 3411 3412 3483 3482
f 3412 3413 3484 3483
f 3413 3414 3485 3484
f 3414 3415 3486 3485
f 3415 3416 3487 3486
f 3416 3417 3488 3487
f 3417 3418 3489 3488
f 3418 3419 3490 3489
f 3419 3420 3491 3490
f 3420 3421 3492 3491
f 3421 3422 3493 3492
f 3422 3423 3494 3493
f 3423 3424 3495 3494
f 3424 3425 3496 3495
f 3425 3426 3497 3496
f 3426 3427 3498 3497
f 3427 3428 3499 3498
f 3428 3429 3500 3499
f 3429 3430 3501 3500
f 3430 3431 3502 3501
f 3431 3432 3503 3502
f 3432 3433 3504 3503
f 3433 3434 3505 3504
f 3434 3435 3506 3505
f 3435 3436 3507 3506
f 3436 3437 3508 3507
f 3437 3438 3509 3508
f 3438 3439 3510 3509
f 3439 3440 3511 3510
f 3440 3441 3512 3511
f 3441 3442 3513 3512
f 3442 3443 3514 3513
f 3443 3444 3515 3514
f 3444 3445 3516 3515
f 3445 3446 3517 3516
f 3446 3447 3518 3517
f 3447 3448 3519 3518
f 3448 3449 3520 3519
f 3449 3450 3521 3520
f 3450 3451 3522 3521
f 3451 3452 3523 3522
f 3452 3453 3524 3523
f 3453 3454 3525 3524
f 3454 3455 3526 3525
f 3455 3456 3527 3526
f 3456 3457 3528 3527
f 3457 3458 3529 3528
f 3458 3459 3530 3529
f 3459 3460 3531 3530
f 3460 3461 3532 3531
f 3461 3462 3533 3532
f 3462 3463 3534 3533
f 3463 3464 3535 3534
f 3464 3465 3536 3535
f 3465 3466 3537 3536
f 3466 3467 3538 3537
f 3467 3468 3539 3538
f 3468 3469 3540 3539
f 3469 3470 3541 3540
f 3470 3471 3542 3541
f 3471 3472 3543 3542
f 3472 3473 3544 3543
f 3473 3474 3545 3544
f 3474 3475 3546 3545
f 3475 3476 3547 3546
f 3476 3477 3548 3547
f 3477 3478 3549 3548
f 3478 3479 3550 3549
f 3480 3481 3552 3551
f 3481 3482 3553 3552
f 3482 3483 3554 3553
f 3483 3484 3555 3554
f 3484 3485 3556 3555
f 3485 3486 3557 3556
f 3486 3487 3558 3557
f 3487 3488 3559 3558
f 3488 3489 3560 3559
f 3489 3490 3561 3560
f 3490 3491 3562 3561
f 3491 3492 3563 3562
f 3492 3493 3564 3563
f 3493 3494 3565 3564
f 3494 3495 3566 3565
f 3495 3496 3567 3566
f 3496 3497 3568 3567
f 3497 3498 3569 3568
f 3498 3499 3570 3569
f 3499 3500 3571 3570
f 3500 3501 3572 3571
f 3501 3502 3573 3572
f 3502 3503 3574 3573
f 3503 3504 3575 3574
f 3504 3505 3576 3575
f 3505 3506 3577 3576
f 3506 3507 3578 3577
f 3507 3508 3579 3578
f 3508 3509 3580 3579
f 3509 3510 3581 3580
f 3510 3511 3582 3581
f 3511 3512 3583 3582
f 3512 3513 3584 3583
f 3513 3514 3585 3584
f 3514 3515 3586 3585
f 3515 3516 3587 3586
f 3516 3517 3588 3587
f 3517 3518 3589 3588
f 3518 3519 3590 3589
f 3519 3520 3591 3590
f 3520 3521 3592 3591
f 3521 3522 3593 3592
f 3522 3523 3594 3593
f 3523 3524 3595 3594
f 3524 3525 3596 3595
f 3525 3526 3597 3596
f 3526 3527 3598 3597
f 3527 3528 3599 3598
f 3528 3529 3600 3599
f 3529 3530 3601 3600
f 3530 3531 3602 3601
f 3531 3532 3603 3602
f 3532 3533 3604 3603
f 3533 3534 3605 3604
f 3534 3535 3606 3605
f 3535 3536 3607 3606
f 3536 3537 3608 3607
f 3537 3538 3609 3608
f 3538 3539 3610 3609
f 3539 3540 3611 3610
f 3540 3541 3612 3611
f 3541 3542 3613 3612
f 3542 3543 3614 3613
f 3543 3544 3615 3614
f 3544 3545 3616 3615
f 3545 3546 3617 3616
f 3546 3547 3618 3617
f 3547 3548 3619 3618
f 3548 3549 3620 3619
f 3549 3550 3621 3620
f 3551 3552 3623 3622
f 3552 3553 3624 3623
f 3553 3554 3625 3624
f 3554 3555 3626 3625
f 3555 3556 3627 3626
f 3556 3557 3628 3627
f 3557 3558 3629 3628
f 3558 3559 3630 3629
f 3559 3560 3631 3630
f 3560 3561 3632 3631
f 3561 3562 3633 3632
f 3562 3563 3634 3633
f 3563 3564 3635 3634
f 3564 3565 3636 3635
f 3565 3566 3637 3636
f 3566 3567 3638 3637
f 3567 3568 3639 3638
f 3568 3569 3640 3639
f 3569 3570 3641 3640
f 3570 3571 3642 3641
f 3571 3572 3643 3642
f 3572 3573 3644 3643
f 3573 3574 3645 3644
f 3574 3575 3646 3645
f 3575 3576 3647 3646
f 3576 3577 3648 3647
f 3577 3578 3649 3648
f 3578 3579 3650 3649
f 3579 3580 3651 3650
f 3580 3581 3652 3651
f 3581 3582 3653 3652
f 3582 3583 3654 3653
f 3583 3584 3655 3654
f 3584 3585 3656 3655
f 3585 3586 3657 3656
f 3586 3587 3658 3657
f 3587 3588 3659 3658
f 3588 3589 3660 3659
f 3589 3590 3661 3660
f 3590 3591 3662 3661
f 3591 3592 3663 3662
f 3592 3593 3664 3663
f 3593 3594 3665 3664
f 3594 3595 3666 3665
f 3595 3596 3667 3666
f 3596 3597 3668 3667
f 3597 3598 3669 3668
f 3598 3599 3670 3669
f 3599 3600 3671 3670
f 3600 3601 3672 3671
f 3601 3602 3673 3672
f 3602 3603 3674 3673
f 3603 3604 3675 3674
f 3604 3605 3676 3675
f 3605 3606 3677 3676
f 3606 3607 3678 3677
f 3607 3608 3679 3678
f 3608 3609 3680 3679
f 3609 3610 3681 3680
f 3610 3611 3682 3681
f 3611 3612 3683 3682
f 3612 3613 3684 3683
f 3613 3614 3685 3684
f 3614 3615 3686 3685
f 3615 3616 3687 3686
f 3616 3617 3688 3687
f 3617 3618 3689 3688
f 3618 3619 3690 3689
f 3619 3620 3691 3690
f 3620 3621 3692 3691
f 3622 3623 3694 3693
f 3623 3624 3695 3694
f 3624 3625 3696 3695
f 3625 3626 3697 3696
f 3626 3627 3698 3697
f 3627 3628 3699 3698
f 3628 3629 3700 3699
f 3629 3630 3701 3700
f 3630 3631 3702 3701
f 3631 3632 3703 3702
f 3632 3633 3704 3703
f 3633 3634 3705 3704
f 3634 3635 3706 3705
f 3635 3636 3707 3706
f 3636 3637 3708 3707
f 3637 3638 3709 3708
f 3638 3639 3710 3709
f 3639 3640 3711 3710
f 3640 3641 3712 3711
f 3641 3642 3713 3712
f 3642 3643 3714 3713
f 3643 3644 3715 3714
f 3644 3645 3716 3715
f 3645 3646 3717 3716
f 3646 3647 3718 3717
f 3647 3648 3719 3718
f 3648 3649 3720 3719
f 3649 3650 3721 3720
f 3650 3651 3722 3721
f 3651 3652 3723 3722
f 3652 3653 3724 3723
f 3653 3654 3725 3724
f 3654 3655 3726 3725
f 3655 3656 3727 3726
f 3656 3657 3728 3727
f 3657 3658 3729 3728
f 3658 3659 3730 3729
f 3659 3660 3731 3730
f 3660 3661 3732 3731
f 3661 3662 3733 3732
f 3662 3663 3734 3733
f 3663 3664 3735 3734
f 3664 3665 3736 3735
f 3665 3666 3737 3736
f 3666 3667 3738 3737
f 3667 3668 3739 3738
f 3668 3669 3740 3739
f 3669 3670 3741 3740
f 3670 3671 3742 3741
f 3671 3672 3743 3742
f 3672 3673 3744 3743
f 3673 3674 3745 3744
f 3674 3675 3746 3745
f 3675 3676 3747 3746
f 3676 3677 3748 3747
f 3677 3678 3749 3748
f 3678 3679 3750 3749
f 3679 3680 3751 3750
f 3680 3681 3752 3751
f 3681 3682 3753 3752
f 3682 3683 3754 3753
f 3683 3684 3755 3754
f 3684 3685 3756 3755
f 3685 3686 3757 3756
f 3686 3687 3758 3757
f 3687 3688 3759 3758
f 3688 3689 3760 3759
f 3689 3690 3761 3760
f 3690 3691 3762 3761
f 3691 3692 3763 3762
f 3693 3694 3765 3764
f 3694 3695 3766 3765
f 3695 3696 3767 3766
f 3696 3697 3768 3767
f 3697 3698 3769 3768
f 3698 3699 3770 3769
f 3699 3700 3771 3770
f 3700 3701 3772 3771
f 3701 3702 3773 3772
f 3702 3703 3774 3773
f 3703 3704 3775 3774
f 3704 3705 3776 3775
f 3705 3706 3777 3776
f 3706 3707 3778 3777
f 3707 3708 3779 3778
f 3708 3709 3780 3779
f 3709 3710 3781 3780
f 3710 3711 3782 3781
f 3711 3712 3783 3782
f 3712 3713 3784 3783
f 3713 3714 3785 3784
f 3714 3715 3786 3785
f 3715 3716 3787 3786
f 3716 3717 3788 3787
f 3717 3718 3789 3788
f 3718 3719 3790 3789
f 3719 3720 3791 3790
f 3720 3721 3792 3791
f 3721 3722 3793 3792
f 3722 3723 3794 3793
f 3723 3724 3795 3794
f 3724 3725 3796 3795
f 3725 3726 3797 3796
f 3726 3727 3798 3797
f 3727 3728 3799 3798
f 3728 3729 3800 3799
f 3729 3730 3801 3800
f 3730 3731 3802 3801
f 3731 3732 3803 3802
f 3732 3733 3804 3803
f 3733 3734 3805 3804
f 3734 3735 3806 3805
f 3735 3736 3807 3806
f 3736 3737 3808 3807
f 3737 3738 3809 3808
f 3738 3739 3810 3809
f 3739 3740 3811 3810
f 3740 3741 3812 3811
f 3741 3742 3813 3812
f 3742 3743 3814 3813
f 3743 3744 3815 3814
f 3744 3745 3816 3815
f 3745 3746 3817 3816
f 3746 3747 3818 3817
f 3747 3748 3819 3818
f 3748 3749 3820 3819
f 3749 3750 3821 3820
f 3750 3751 3822 3821
f 3751 3752 3823 3822
f 3752 3753 3824 3823
f 3753 3754 3825 3824
f 3754 3755 3826 3825
f 3755 3756 3827 3826
f 3756 3757 3828 3827
f 3757 3758 3829 3828
f 3758 3759 3830 3829
f 3759 3760 3831 3830
f 3760 3761 3832 3831
f 3761 3762 3833 3832
f 3762 3763 3834 3833
f 3764 3765 3836 3835
f 3765 3766 3837 3836
f 3766 3767 3838 3837
f 3767 3768 3839 3838
f 3768 3769 3840 3839
f 3769 3770 3841 3840
f 3770 3771 3842 3841
f 3771 3772 3843 3842
f 3772 3773 3844 3843
f 3773 3774 3845 3844
f 3774 3775 3846 3845
f 3775 3776 3847 3846
f 3776 3777 3848 3847
f 3777 3778 3849 3848
f 3778 3779 3850 3849
f 3779 3780 3851 3850
f 3780 3781 3852 3851
f 3781 3782 3853 3852
f 3782 3783 3854 3853
f 3783 3784 3855 3854
f 3784 3785 3856 3855
f 3785 3786 3857 3856
f 3786 3787 3858 3857
f 3787 3788 3859 3858
f 3788 3789 3860 3859
f 3789 3790 3861 3860
f 3790 3791 3862 3861
f 3791 3792 3863 3862
f 3792 3793 3864 3863
f 3793 3794 3865 3864
f 3794 3795 3866 3865
f 3795 3796 3867 3866
f 3796 3797 3868 3867
f 3797 3798 3869 3868
f 3798 3799 3870 3869
f 3799 3800 3871 3870
f 3800 3801 3872 3871
f 3801 3802 3873 3872
f 3802 3803 3874 3873
f 3803 3804 3875 3874
f 3804 3805 3876 3875
f 3805 3806 3877 3876
f 3806 3807 3878 3877
f 3807 3808 3879 3878
f 3808 3809 3880 3879
f 3809 3810 3881 3880
f 3810 3811 3882 3881
f 3811 3812 3883 3882
f 3812 3813 3884 3883
f 3813 3814 3885 3884
f 3814 3815 3886 3885
f 3815 3816 3887 3886
f 3816 3817 3888 3887
f 3817 3818 3889 3888
f 3818 3819 3890 3889
f 3819 3820 3891 3890
f 3820 3821 3892 3891
f 3821 3822 3893 3892
f 3822 3823 3894 3893
f 3823 3824 3895 3894
f 3824 3825 3896 3895
f 3825 3826 3897 3896
f 3826 3827 3898 3897
f 3827 3828 3899 3898
f 3828 3829 3900 3899
f 3829 3830 3901 3900
f 3830 3831 3902 3901
f 3831 3832 3903 3902
f 3832 3833 3904 3903
f 3833 3834 3905 3904
f 3835 3836 3907 3906
f 3836 3837 3908 3907
f 3837 3838 3909 3908
f 3838 3839 3910 3909
f 3839 3840 3911 3910
f 3840 3841 3912 3911
f 3841 3842 3913 3912
f 3842 3843 3914 3913
f 3843 3844 3915 3914
f 3844 3845 3916 3915
f 3845 3846 3917 3916
f 3846 3847 3918 3917
f 3847 3848 3919 3918
f 3848 3849 3920 3919
f 3849 3850 3921 3920
f 3850 3851 3922 3921
f 3851 3852 3923 3922
f 3852 3853 3924 3923
f 3853 3854 3925 3924
f 3854 3855 3926 3925
f 3855 3856 3927 3926
f 3856 3857 3928 3927
f 3857 3858 3929 3928
f 3858 3859 3930 3929
f 3859 3860 3931 3930
f 3860 3861 3932 3931
f 3861 3862 3933 3932
f 3862 3863 3934 3933
f 3863 3864 3935 3934
f 3864 3865 3936 3935
f 3865 3866 3937 3936
f 3866 3867 3938 3937
f 3867 3868 3939 3938
f 3868 3869 3940 3939
f 3869 3870 3941 3940
f 3870 3871 3942 3941
f 3871 3872 3943 3942
f 3872 3873 3944 3943
f 3873 3874 3945 3944
f 3874 3875 3946 3945
f 3875 3876 3947 3946
f 3876 3877 3948 3947
f 3877 3878 3949 3948
f 3878 3879 3950 3949
f 3879 3880 3951 3950
f 3880 3881 3952 3951
f 3881 3882 3953 3952
f 3882 3883 3954 3953
f 3883 3884 3955 3954
f 3884 3885 3956 3955
f 3885 3886 3957 3956
f 3886 3887 3958 3957
f 3887 3888 3959 3958
f 3888 3889 3960 3959
f 3889 3890 3961 3960
f 3890 3891 3962 3961
f 3891 3892 3963 3962
f 3892 3893 3964 3963
f 3893 3894 3965 3964
f 3894 3895 3966 3965
f 3895 3896 3967 3966
f 3896 3897 3968 3967
f 3897 3898 3969 3968
f 3898 3899 3970 3969
f 3899 3900 3971 3970
f 3900 3901 3972 3971
f 3901 3902 3973 3972
f 3902 3903 3974 3973
f 3903 3904 3975 3974
f 3904 3905 3976 3975
f 3906 3907 3978 3977
f 3907 3908 3979 3978
f 3908 3909 3980 3979
f 3909 3910 3981 3980
f 3910 3911 3982 3981
f 3911 3912 3983 3982
f 3912 3913 3984 3983
f 3913 3914 3985 3984
f 3914 3915 3986 3985
f 3915 3916 3987 3986
f 3916 3917 3988 3987
f 3917 3918 3989 3988
f 3918 3919 3990 3989
f 3919 3920 3991 3990
f 3920 3921 3992 3991
f 3921 3922 3993 3992
f 3922 3923 3994 3993
f 3923 3924 3995 3994
f 3924 3925 3996 3995
f 3925 3926 3997 3996
f 3926 3927 3998 3997
f 3927 3928 3999 3998
f 3928 3929 4000 3999
f 3929 3930 4001 4000
f 3930 3931 4002 4001
f 3931 3932 4003 4002
f 3932 3933 4004 4003
f 3933 3934 4005 4004
f 3934 3935 4006 4005
f 3935 3936 4007 4006
f 3936 3937 4008 4007
f 3937 3938 4009 4008
f 3938 3939 4010 4009
f 3939 3940 4011 4010
f 3940 3941 4012 4011
f 3941 3942 4013 4012
f 3942 3943 4014 4013
f 3943 3944 4015 4014
f 3944 3945 4016 4015
f 3945 3946 4017 4016
f 3946 3947 4018 4017
f 3947 3948 4019 4018
f 3948 3949 4020 4019
f 3949 3950 4021 4020
f 3950 3951 4022 4021
f 3951 3952 4023 4022
f 3952 3953 4024 4023
f 3953 3954 4025 4024
f 3954 3955 4026 4025
f 3955 3956 4027 4026
f 3956 3957 4028 4027
f 3957 3958 4029 4028
f 3958 3959 4030 4029
f 3959 3960 4031 4030
f 3960 3961 4032 4031
f 3961 3962 4033 4032
f 3962 3963 4034 4033
f 3963 3964 4035 4034
f 3964 3965 4036 4035
f 3965 3966 4037 4036
f 3966 3967 4038 4037
f 3967 3968 4039 4038
f 3968 3969 4040 4039
f 3969 3970 4041 4040
f 3970 3971 4042 4041
f 3971 3972 4043 4042
f 3972 3973 4044 4043
f 3973 3974 4045 4044
f 3974 3975 4046 4045
f 3975 3976 4047 4046
f 3977 3978 4049 4048
f 3978 3979 4050 4049
f 3979 3980 4051 4050
f 3980 3981 4052 4051
f 3981 3982 4053 4052
f 3982 3983 4054 4053
f 3983 3984 4055 4054
f 3984 3985 4056 4055
f 3985 3986 4057 4056
f 3986 3987 4058 4057
f 3987 3988 4059 4058
f 3988 3989 4060 4059
f 3989 3990 4061 4060
f 3990 3991 4062 4061
f 3991 3992 4063 4062
f 3992 3993 4064 4063
f 3993 3994 4065 4064
f 3994 3995 4066 4065
f 3995 3996 4067 4066
f 3996 3997 4068 4067
f 3997 3998 4069 4068
f 3998 3999 4070 4069
f 3999 4000 4071 4070
f 4000 4001 4072 4071
f 4001 4002 4073 4072
f 4002 4003 4074 4073
f 4003 4004 4075 4074
f 4004 4005 4076 4075
f 4005 4006 4077 4076
f 4006 4007 4078 4077
f 4007 4008 4079 4078
f 4008 4009 4080 4079
f 4009 4010 4081 4080
f 4010 4011 4082 4081
f 4011 4012 4083 4082
f 4012 4013 4084 4083
f 4013 4014 4085 4084
f 4014 4015 4086 4085
f 4015 4016 4087 4086
f 4016 4017 4088 4087
f 4017 4018 4089 4088
f 4018 4019 4090 4089
f 4019 4020 4091 4090
f 4020 4021 4092 4091
f 4021 4022 4093 4092
f 4022 4023 4094 4093
f 4023 4024 4095 4094
f 4024 4025 4096 4095
f 4025 4026 4097 4096
f 4026 4027 4098 4097
f 4027 4028 4099 4098
f 4028 4029 4100 4099
f 4029 4030 4101 4100
f 4030 4031 4102 4101
f 4031 4032 4103 4102
f 4032 4033 4104 4103
f 4033 4034 4105 4104
f 4034 4035 4106 4105
f 4035 4036 4107 4106
f 4036 4037 4108 4107
f 4037 4038 4109 4108
f 4038 4039 4110 4109
f 4039 4040 4111 4110
f 4040 4041 4112 4111
f 4041 4042 4113 4112
f 4042 4043 4114 4113
f 4043 4044 4115 4114
f 4044 4045 4116 4115
f 4045 4046 4117 4116
f 4046 4047 4118 4117
f 4048 4049 4120 4119
f 4049 4050 4121 4120
f 4050 4051 4122 4121
f 4051 4052 4123 4122
f 4052 4053 4124 4123
f 4053 4054 4125 4124
f 4054 4055 4126 4125
f 4055 4056 4127 4126
f 4056 4057 4128 4127
f 4057 4058 4129 4128
f 4058 4059 4130 4129
f 4059 4060 4131 4130
f 4060 4061 4132 4131
f 4061 4062 4133 4132
f 4062 4063 4134 4133
f 4063 4064 4135 4134
f 4064 4065 4136 4135
f 4065 4066 4137 4136
f 4066 4067 4138 4137
f 4067 4068 4139 4138
f 4068 4069 4140 4139
f 4069 4070 4141 4140
f 4070 4071 4142 4141
f 4071 4072 4143 4142
f 4072 4073 4144 4143
f 4073 4074 4145 4144
f 4074 4075 4146 4145
f 4075 4076 4147 4146
f 4076 4077 4148 4147
f 4077 4078 4149 4148
f 4078 4079 4150 4149
f 4079 4080 4151 4150
f 4080 4081 4152 4151
f 4081 4082 4153 4152
f 4082 4083 4154 4153
f 4083 4084 4155 4154
f 4084 4085 4156 4155
f 4085 4086 4157 4156
f 4086 4087 4158 4157
f 4087 4088 4159 4158
f 4088 4089 4160 4159
f 4089 4090 4161 4160
f 4090 4091 4162 4161
f 4091 4092 4163 4162
f 4092 4093 4164 4163
f 4093 4094 4165 4164
f 4094 4095 4166 4165
f 4095 4096 4167 4166
f 4096 4097 4168 4167
f 4097 4098 4169 4168
f 4098 4099 4170 4169
f 4099 4100 4171 4170
f 4100 4101 4172 4171
f 4101 4102 4173 4172
f 4102 4103 4174 4173
f 4103 4104 4175 4174
f 4104 4105 4176 4175
f 4105 4106 4177 4176
f 4106 4107 4178 4177
f 4107 4108 4179 4178
f 4108 4109 4180 4179
f 4109 4110 4181 4180
f 4110 4111 4182 4181
f 4111 4112 4183 4182
f 4112 4113 4184 4183
f 4113 4114 4185 4184
f 4114 4115 4186 4185
f 4115 4116 4187 4186
f 4116 4117 4188 4187
f 4117 4118 4189 4188
f 4119 4120 4191 4190
f 4120 4121 4192 4191
f 4121 4122 4193 4192
f 4122 4123 4194 4193
f 4123 4124 4195 4194
f 4124 4125 4196 4195
f 4125 4126 4197 4196
f 4126 4127 4198 4197
f 4127 4128 4199 4198
f 4128 4129 4200 4199
f 4129 4130 4201 4200
f 4130 4131 4202 4201
f 4131 4132 4203 4202
f 4132 4133 4204 4203
f 4133 4134 4205 4204
f 4134 4135 4206 4205
f 4135 4136 4207 4206
f 4136 4137 4208 4207
f 4137 4138 4209 4208
f 4138 4139 4210 4209
f 4139 4140 4211 4210
f 4140 4141 4212 4211
f 4141 4142 4213 4212
f 4142 4143 4214 4213
f 4143 4144 4215 4214
f 4144 4145 4216 4215
f 4145 4146 4217 4216
f 4146 4147 4218 4217
f 4147 4148 4219 4218
f 4148 4149 4220 4219
f 4149 4150 4221 4220
f 4150 4151 4222 4221
f 4151 4152 4223 4222
f 4152 4153 4224 4223
f 4153 4154 4225 4224
f 4154 4155 4226 4225
f 4155 4156 4227 4226
f 4156 4157 4228 4227
f 4157 4158 4229 4228
f 4158 4159 4230 4229
f 4159 4160 4231 4230
f 4160 4161 4232 4231
f 4161 4162 4233 4232
f 4162 4163 4234 4233
f 4163 4164 4235 4234
f 4164 4165 4236 4235
f 4165 4166 4237 4236
f 4166 4167 4238 4237
f 4167 4168 4239 4238
f 4168 4169 4240 4239
f 4169 4170 4241 4240
f 4170 4171 4242 4241
f 4171 4172 4243 4242
f 4172 4173 4244 4243
f 4173 4174 4245 4244
f 4174 4175 4246 4245
f 4175 4176 4247 4246
f 4176 4177 4248 4247
f 4177 4178 4249 4248
f 4178 4179 4250 4249
f 4179 4180 4251 4250
f 4180 4181 4252 4251
f 4181 4182 4253 4252
f 4182 4183 4254 4253
f 4183 4184 4255 4254
f 4184 4185 4256 4255
f 4185 4186 4257 4256
f 4186 4187 4258 4257
f 4187 4188 4259 4258
f 4188 4189 4260 4259
f 4190 4191 4262 4261
f 4191 4192 4263 4262
f 4192 4193 4264 4263
f 4193 4194 4265 4264
f 4194 4195 4266 4265
f 4195 4196 4267 4266
f 4196 4197 4268 4267
f 4197 4198 4269 4268
f 4198 4199 4270 4269
f 4199 4200 4271 4270
f 4200 4201 4272 4271
f 4201 4202 4273 4272
f 4202 4203 4274 4273
f 4203 4204 4275 4274
f 4204 4205 4276 4275
f 4205 4206 4277 4276
f 4206 4207 4278 4277
f 4207 4208 4279 4278
f 4208 4209 4280 4279
f 4209 4210 4281 4280
f 4210 4211 4282 4281
f 4211 4212 4283 4282
f 4212 4213 4284 4283
f 4213 4214 4285 4284
f 4214 4215 4286 4285
f 4215 4216 4287 4286
f 4216 4217 4288 4287
f 4217 4218 4289 4288
f 4218 4219 4290 4289
f 4219 4220 4291 4290
f 4220 4221 4292 4291
f 4221 4222 4293 4292
f 4222 4223 4294 4293
f 4223 4224 4295 4294
f 4224 4225 4296 4295
f 4225 4226 4297 4296
f 4226 4227 4298 4297
f 4227 4228 4299 4298
f 4228 4229 4300 4299
f 4229 4230 4301 4300
f 4230 4231 4302 4301
f 4231 4232 4303 4302
f 4232 4233 4304 4303
f 4233 4234 4305 4304
f 4234 4235 4306 4305
f 4235 4236 4307 4306
f 4236 4237 4308 4307
f 4237 4238 4309 4308
f 4238 4239 4310 4309
f 4239 4240 4311 4310
f 4240 4241 4312 4311
f 4241 4242 4313 4312
f 4242 4243 4314 4313
f 4243 4244 4315 4314
f 4244 4245 4316 4315
f 4245 4246 4317 4316
f 4246 4247 4318 4317
f 4247 4248 4319 4318
f 4248 4249 4320 4319
f 4249 4250 4321 4320
f 4250 4251 4322 4321
f 4251 4252 4323 4322
f 4252 4253 4324 4323
f 4253 4254 4325 4324
f 4254 4255 4326 4325
f 4255 4256 4327 4326
f 4256 4257 4328 4327
f 4257 4258 4329 4328
f 4258 4259 4330 4329
f 4259 4260 4331 4330
f 4261 4262 4333 4332
f 4262 4263 4334 4333
f 4263 4264 4335 4334
f 4264 4265 4336 4335
f 4265 4266 4337 4336
f 4266 4267 4338 4337
f 4267 4268 4339 4338
f 4268 4269 4340 4339
f 4269 4270 4341 4340
f 4270 4271 4342 4341
f 4271 4272 4343 4342
f 4272 4273 4344 4343
f 4273 4274 4345 4344
f 4274 4275 4346 4345
f 4275 4276 4347 4346
f 4276 4277 4348 4347
f 4277 4278 4349 4348
f 4278 4279 4350 4349
f 4279 4280 4351 4350
f 4280 4281 4352 4351
f 4281 4282 4353 4352
f 4282 4283 4354 4353
f 4283 4284 4355 4354
f 4284 4285 4356 4355
f 4285 4286 4357 4356
f 4286 4287 4358 4357
f 4287 4288 4359 4358
f 4288 4289 4360 4359
f 4289 4290 4361 4360
f 4290 4291 4362 4361
f 4291 4292 4363 4362
f 4292 4293 4364 4363
f 4293 4294 4365 4364
f 4294 4295 4366 4365
f 4295 4296 4367 4366
f 4296 4297 4368 4367
f 4297 4298 4369 4368
f 4298 4299 4370 4369
f 4299 4300 4371 4370
f 4300 4301 4372 4371
f 4301 4302 4373 4372
f 4302 4303 4374 4373
f 4303 4304 4375 4374
f 4304 4305 4376 4375
f 4305 4306 4377 4376
f 4306 4307 4378 4377
f 4307 4308 4379 4378
f 4308 4309 4380 4379
f 4309 4310 4381 4380
f 4310 4311 4382 4381
f 4311 4312 4383 4382
f 4312 4313 4384 4383
f 4313 4314 4385 4384
f 4314 4315 4386 4385
f 4315 4316 4387 4386
f 4316 4317 4388 4387
f 4317 4318 4389 4388
f 4318 4319 4390 4389
f 4319 4320 4391 4390
f 4320 4321 4392 4391
f 4321 4322 4393 4392
f 4322 4323 4394 4393
f 4323 4324 4395 4394
f 4324 4325 4396 4395
f 4325 4326 4397 4396
f 4326 4327 4398 4397
f 4327 4328 4399 4398
f 4328 4329 4400 4399
f 4329 4330 4401 4400
f 4330 4331 4402 4401
f 4332 4333 4404 4403
f 4333 4334 4405 4404
f 4334 4335 4406 4405
f 4335 4336 4407 4406
f 4336 4337 4408 4407
f 4337 4338 4409 4408
f 4338 4339 4410 4409
f 4339 4340 4411 4410
f 4340 4341 4412 4411
f 4341 4342 4413 4412
f 4342 4343 4414 4413
f 4343 4344 4415 4414
f 4344 4345 4416 4415
f 4345 4346 4417 4416
f 4346 4347 4418 4417
f 4347 4348 4419 4418
f 4348 4349 4420 4419
f 4349 4350 4421 4420
f 4350 4351 4422 4421
f 4351 4352 4423 4422
f 4352 4353 4424 4423
f 4353 4354 4425 4424
f 4354 4355 4426 4425
f 4355 4356 4427 4426
f 4356 4357 4428 4427
f 4357 4358 4429 4428
f 4358 4359 4430 4429
f 4359 4360 4431 4430
f 4360 4361 4432 4431
f 4361 4362 4433 4432
f 4362 4363 4434 4433
f 4363 4364 4435 4434
f 4364 4365 4436 4435
f 4365 4366 4437 4436
f 4366 4367 4438 4437
f 4367 4368 4439 4438
f 4368 4369 4440 4439
f 4369 4370 4441 4440
f 4370 4371 4442 4441
f 4371 4372 4443 4442
f 4372 4373 4444 4443
f 4373 4374 4445 4444
f 4374 4375 4446 4445
f 4375 4376 4447 4446
f 4376 4377 4448 4447
f 4377 4378 4449 4448
f 4378 4379 4450 4449
f 4379 4380 4451 4450
f 4380 4381 4452 4451
f 4381 4382 4453 4452
f 4382 4383 4454 4453
f 4383 4384 4455 4454
f 4384 4385 4456 4455
f 4385 4386 4457 4456
f 4386 4387 4458 4457
f 4387 4388 4459 4458
f 4388 4389 4460 4459
f 4389 4390 4461 4460
f 4390 4391 4462 4461
f 4391 4392 4463 4462
f 4392 4393 4464 4463
f 4393 4394 4465 4464
f 4394 4395 4466 4465
f 4395 4396 4467 4466
f 4396 4397 4468 4467
f 4397 4398 4469 4468
f 4398 4399 4470 4469
f 4399 4400 4471 4470
f 4400 4401 4472 4471
f 4401 4402 4473 4472
f 4403 4404 4475 4474
f 4404 4405 4476 4475
f 4405 4406 4477 4476
f 4406 4407 4478 4477
f 4407 4408 4479 4478
f 4408 4409 4480 4479
f 4409 4410 4481 4480
f 4410 4411 4482 4481
f 4411 4412 4483 4482
f 4412 4413 4484 4483
f 4413 4414 4485 4484
f 4414 4415 4486 4485
f 4415 4416 4487 4486
f 4416 4417 4488 4487
f 4417 4418 4489 4488
f 4418 4419 4490 4489
f 4419 4420 4491 4490
f 4420 4421 4492 4491
f 4421 4422 4493 4492
f 4422 4423 4494 4493
f 4423 4424 4495 4494
f 4424 4425 4496 4495
f 4425 4426 4497 4496
f 4426 4427 4498 4497
f 4427 4428 4499 4498
f 4428 4429 4500 4499
f 4429 4430 4501 4500
f 4430 4431 4502 4501
f 4431 4432 4503 4502
f 4432 4433 4504 4503
f 4433 4434 4505 4504
f 4434 4435 4506 4505
f 4435 4436 4507 4506
f 4436 4437 4508 4507
f 4437 4438 4509 4508
f 4438 4439 4510 4509
f 4439 4440 4511 4510
f 4440 4441 4512 4511
f 4441 4442 4513 4512
f 4442 4443 4514 4513
f 4443 4444 4515 4514
f 4444 4445 4516 4515
f 4445 4446 4517 4516
f 4446 4447 4518 4517
f 4447 4448 4519 4518
f 4448 4449 4520 4519
f 4449 4450 4521 4520
f 4450 4451 4522 4521
f 4451 4452 4523 4522
f 4452 4453 4524 4523
f 4453 4454 4525 4524
f 4454 4455 4526 4525
f 4455 4456 4527 4526
f 4456 4457 4528 4527
f 4457 4458 4529 4528
f 4458 4459 4530 4529
f 4459 4460 4531 4530
f 4460 4461 4532 4531
f 4461 4462 4533 4532
f 4462 4463 4534 4533
f 4463 4464 4535 4534
f 4464 4465 4536 4535
f 4465 4466 4537 4536
f 4466 4467 4538 4537
f 4467 4468 4539 4538
f 4468 4469 4540 4539
f 4469 4470 4541 4540
f 4470 4471 4542 4541
f 4471 4472 4543 4542
f 4472 4473 4544 4543
f 4474 4475 4546 4545
f 4475 4476 4547 4546
f 4476 4477 4548 4547
f 4477 4478 4549 4548
f 4478 4479 4550 4549
f 4479 4480 4551 4550
f 4480 4481 4552 4551
f 4481 4482 4553 4552
f 4482 4483 4554 4553
f 4483 4484 4555 4554
f 4484 4485 4556 4555
f 4485 4486 4557 4556
f 4486 4487 4558 4557
f 4487 4488 4559 4558
f 4488 4489 4560 4559
f 4489 4490 4561 4560
f 4490 4491 4562 4561
f 4491 4492 4563 4562
f 4492 4493 4564 4563
f 4493 4494 4565 4564
f 4494 4495 4566 4565
f 4495 4496 4567 4566
f 4496 4497 4568 4567
f 4497 4498 4569 4568
f 4498 4499 4570 4569
f 4499 4500 4571 4570
f 4500 4501 4572 4571
f 4501 4502 4573 4572
f 4502 4503 4574 4573
f 4503 4504 4575 4574
f 4504 4505 4576 4575
f 4505 4506 4577 4576
f 4506 4507 4578 4577
f 4507 4508 4579 4578
f 4508 4509 4580 4579
f 4509 4510 4581 4580
f 4510 4511 4582 4581
f 4511 4512 4583 4582
f 4512 4513 4584 4583
f 4513 4514 4585 4584
f 4514 4515 4586 4585
f 4515 4516 4587 4586
f 4516 4517 4588 4587
f 4517 4518 4589 4588
f 4518 4519 4590 4589
f 4519 4520 4591 4590
f 4520 4521 4592 4591
f 4521 4522 4593 4592
f 4522 4523 4594 4593
f 4523 4524 4595 4594
f 4524 4525 4596 4595
f 4525 4526 4597 4596
f 4526 4527 4598 4597
f 4527 4528 4599 4598
f 4528 4529 4600 4599
f 4529 4530 4601 4600
f 4530 4531 4602 4601
f 4531 4532 4603 4602
f 4532 4533 4604 4603
f 4533 4534 4605 4604
f 4534 4535 4606 4605
f 4535 4536 4607 4606
f 4536 4537 4608 4607
f 4537 4538 4609 4608
f 4538 4539 4610 4609
f 4539 4540 4611 4610
f 4540 4541 4612 4611
f 4541 4542 4613 4612
f 4542 4543 4614 4613
f 4543 4544 4615 4614
f 4545 4546 4617 4616
f 4546 4547 4618 4617
f 4547 4548 4619 4618
f 4548 4549 4620 4619
f 4549 4550 4621 4620
f 4550 4551 4622 4621
f 4551 4552 4623 4622
f 4552 4553 4624 4623
f 4553 4554 4625 4624
f 4554 4555 4626 4625
f 4555 4556 4627 4626
f 4556 4557 4628 4627
f 4557 4558 4629 4628
f 4558 4559 4630 4629
f 4559 4560 4631 4630
f 4560 4561 4632 4631
f 4561 4562 4633 4632
f 4562 4563 4634 4633
f 4563 4564 4635 4634
f 4564 4565 4636 4635
f 4565 4566 4637 4636
f 4566 4567 4638 4637
f 4567 4568 4639 4638
f 4568 4569 4640 4639
f 4569 4570 4641 4640
f 4570 4571 4642 4641
f 4571 4572 4643 4642
f 4572 4573 4644 4643
f 4573 4574 4645 4644
f 4574 4575 4646 4645
f 4575 4576 4647 4646
f 4576 4577 4648 4647
f 4577 4578 4649 4648
f 4578 4579 4650 4649
f 4579 4580 4651 4650
f 4580 4581 4652 4651
f 4581 4582 4653 4652
f 4582 4583 4654 4653
f 4583 4584 4655 4654
f 4584 4585 4656 4655
f 4585 4586 4657 4656
f 4586 4587 4658 4657
f 4587 4588 4659 4658
f 4588 4589 4660 4659
f 4589 4590 4661 4660
f 4590 4591 4662 4661
f 4591 4592 4663 4662
f 4592 4593 4664 4663
f 4593 4594 4665 4664
f 4594 4595 4666 4665
f 4595 4596 4667 4666
f 4596 4597 4668 4667
f 4597 4598 4669 4668
f 4598 4599 4670 4669
f 4599 4600 4671 4670
f 4600 4601 4672 4671
f 4601 4602 4673 4672
f 4602 4603 4674 4673
f 4603 4604 4675 4674
f 4604 4605 4676 4675
f 4605 4606 4677 4676
f 4606 4607 4678 4677
f 4607 4608 4679 4678
f 4608 4609 4680 4679
f 4609 4610 4681 4680
f 4610 4611 4682 4681
f 4611 4612 4683 4682
f 4612 4613 4684 4683
f 4613 4614 4685 4684
f 4614 4615 4686 4685
f 4616 4617 4688 4687
f 4617 4618 4689 4688
f 4618 4619 4690 4689
f 4619 4620 4691 4690
f 4620 4621 4692 4691
f 4621 4622 4693 4692
f 4622 4623 4694 4693
f 4623 4624 4695 4694
f 4624 4625 4696 4695
f 4625 4626 4697 4696
f 4626 4627 4698 4697
f 4627 4628 4699 4698
f 4628 4629 4700 4699
f 4629 4630 4701 4700
f 4630 4631 4702 4701
f 4631 4632 4703 4702
f 4632 4633 4704 4703
f 4633 4634 4705 4704
f 4634 4635 4706 4705
f 4635 4636 4707 4706
f 4636 4637 4708 4707
f 4637 4638 4709 4708
f 4638 4639 4710 4709
f 4639 4640 4711 4710
f 4640 4641 4712 4711
f 4641 4642 4713 4712
f 4642 4643 4714 4713
f 4643 4644 4715 4714
f 4644 4645 4716 4715
f 4645 4646 4717 4716
f 4646 4647 4718 4717
f 4647 4648 4719 4718
f 4648 4649 4720 4719
f 4649 4650 4721 4720
f 4650 4651 4722 4721
f 4651 4652 4723 4722
f 4652 4653 4724 4723
f 4653 4654 4725 4724
f 4654 4655 4726 4725
f 4655 4656 4727 4726
f 4656 4657 4728 4727
f 4657 4658 4729 4728
f 4658 4659 4730 4729
f 4659 4660 4731 4730
f 4660 4661 4732 4731
f 4661 4662 4733 4732
f 4662 4663 4734 4733
f 4663 4664 4735 4734
f 4664 4665 4736 4735
f 4665 4666 4737 4736
f 4666 4667 4738 4737
f 4667 4668 4739 4738
f 4668 4669 4740 4739
f 4669 4670 4741 4740
f 4670 4671 4742 4741
f 4671 4672 4743 4742
f 4672 4673 4744 4743
f 4673 4674 4745 4744
f 4674 4675 4746 4745
f 4675 4676 4747 4746
f 4676 4677 4748 4747
f 4677 4678 4749 4748
f 4678 4679 4750 4749
f 4679 4680 4751 4750
f 4680 4681 4752 4751
f 4681 4682 4753 4752
f 4682 4683 4754 4753
f 4683 4684 4755 4754
f 4684 4685 4756 4755
f 4685 4686 4757 4756
f 4687 4688 4759 4758
f 4688 4689 4760 4759
f 4689 4690 4761 4760
f 4690 4691 4762 4761
f 4691 4692 4763 4762
f 4692 4693 4764 4763
f 4693 4694 4765 4764
f 4694 4695 4766 4765
f 4695 4696 4767 4766
f 4696 4697 4768 4767
f 4697 4698 4769 4768
f 4698 4699 4770 4769
f 4699 4700 4771 4770
f 4700 4701 4772 4771
f 4701 4702 4773 4772
f 4702 4703 4774 4773
f 4703 4704 4775 4774
f 4704 4705 4776 4775
f 4705 4706 4777 4776
f 4706 4707 4778 4777
f 4707 4708 4779 4778
f 4708 4709 4780 4779
f 4709 4710 4781 4780
f 4710 4711 4782 4781
f 4711 4712 4783 4782
f 4712 4713 4784 4783
f 4713 4714 4785 4784
f 4714 4715 4786 4785
f 4715 4716 4787 4786
f 4716 4717 4788 4787
f 4717 4718 4789 4788
f 4718 4719 4790 4789
f 4719 4720 4791 4790
f 4720 4721 4792 4791
f 4721 4722 4793 4792
f 4722 4723 4794 4793
f 4723 4724 4795 4794
f 4724 4725 4796 4795
f 4725 4726 4797 4796
f 4726 4727 4798 4797
f 4727 4728 4799 4798
f 4728 4729 4800 4799
f 4729 4730 4801 4800
f 4730 4731 4802 4801
f 4731 4732 4803 4802
f 4732 4733 4804 4803
f 4733 4734 4805 4804
f 4734 4735 4806 4805
f 4735 4736 4807 4806
f 4736 4737 4808 4807
f 4737 4738 4809 4808
f 4738 4739 4810 4809
f 4739 4740 4811 4810
f 4740 4741 4812 4811
f 4741 4742 4813 4812
f 4742 4743 4814 4813
f 4743 4744 4815 4814
f 4744 4745 4816 4815
f 4745 4746 4817 4816
f 4746 4747 4818 4817
f 4747 4748 4819 4818
f 4748 4749 4820 4819
f 4749 4750 4821 4820
f 4750 4751 4822 4821
f 4751 4752 4823 4822
f 4752 4753 4824 4823
f 4753 4754 4825 4824
f 4754 4755 4826 4825
f 4755 4756 4827 4826
f 4756 4757 4828 4827
f 4758 4759 4830 4829
f 4759 4760 4831 4830
f 4760 4761 4832 4831
f 4761 4762 4833 4832
f 4762 4763 4834 4833
f 4763 4764 4835 4834
f 4764 4765 4836 4835
f 4765 4766 4837 4836
f 4766 4767 4838 4837
f 4767 4768 4839 4838
f 4768 4769 4840 4839
f 4769 4770 4841 4840
f 4770 4771 4842 4841
f 4771 4772 4843 4842
f 4772 4773 4844 4843
f 4773 4774 4845 4844
f 4774 4775 4846 4845
f 4775 4776 4847 4846
f 4776 4777 4848 4847
f 4777 4778 4849 4848
f 4778 4779 4850 4849
f 4779 4780 4851 4850
f 4780 4781 4852 4851
f 4781 4782 4853 4852
f 4782 4783 4854 4853
f 4783 4784 4855 4854
f 4784 4785 4856 4855
f 4785 4786 4857 4856
f 4786 4787 4858 4857
f 4787 4788 4859 4858
f 4788 4789 4860 4859
f 4789 4790 4861 4860
f 4790 4791 4862 4861
f 4791 4792 4863 4862
f 4792 4793 4864 4863
f 4793 4794 4865 4864
f 4794 4795 4866 4865
f 4795 4796 4867 4866
f 4796 4797 4868 4867
f 4797 4798 4869 4868
f 4798 4799 4870 4869
f 4799 4800 4871 4870
f 4800 4801 4872 4871
f 4801 4802 4873 4872
f 4802 4803 4874 4873
f 4803 4804 4875 4874
f 4804 4805 4876 4875
f 4805 4806 4877 4876
f 4806 4807 4878 4877
f 4807 4808 4879 4878
f 4808 4809 4880 4879
f 4809 4810 4881 4880
f 4810 4811 4882 4881
f 4811 4812 4883 4882
f 4812 4813 4884 4883
f 4813 4814 4885 4884
f 4814 4815 4886 4885
f 4815 4816 4887 4886
f 4816 4817 4888 4887
f 4817 4818 4889 4888
f 4818 4819 4890 4889
f 4819 4820 4891 4890
f 4820 4821 4892 4891
f 4821 4822 4893 4892
f 4822 4823 4894 4893
f 4823 4824 4895 4894
f 4824 4825 4896 4895
f 4825 4826 4897 4896
f 4826 4827 4898 4897
f 4827 4828 4899 4898
f 4829 4830 4901 4900
f 4830 4831 4902 4901
f 4831 4832 4903 4902
f 4832 4833 4904 4903
f 4833 4834 4905 4904
f 4834 4835 4906 4905
f 4835 4836 4907 4906
f 4836 4837 4908 4907
f 4837 4838 4909 4908
f 4838 4839 4910 4909
f 4839 4840 4911 4910
f 4840 4841 4912 4911
f 4841 4842 4913 4912
f 4842 4843 4914 4913
f 4843 4844 4915 4914
f 4844 4845 4916 4915
f 4845 4846 4917 4916
f 4846 4847 4918 4917
f 4847 4848 4919 4918
f 4848 4849 4920 4919
f 4849 4850 4921 4920
f 4850 4851 4922 4921
f 4851 4852 4923 4922
f 4852 4853 4924 4923
f 4853 4854 4925 4924
f 4854 4855 4926 4925
f 4855 4856 4927 4926
f 4856 4857 4928 4927
f 4857 4858 4929 4928
f 4858 4859 4930 4929
f 4859 4860 4931 4930
f 4860 4861 4932 4931
f 4861 4862 4933 4932
f 4862 4863 4934 4933
f 4863 4864 4935 4934
f 4864 4865 4936 4935
f 4865 4866 4937 4936
f 4866 4867 4938 4937
f 4867 4868 4939 4938
f 4868 4869 4940 4939
f 4869 4870 4941 4940
f 4870 4871 4942 4941
f 4871 4872 4943 4942
f 4872 4873 4944 4943
f 4873 4874 4945 4944
f 4874 4875 4946 4945
f 4875 4876 4947 4946
f 4876 4877 4948 4947
f 4877 4878 4949 4948
f 4878 4879 4950 4949
f 4879 4880 4951 4950
f 4880 4881 4952 4951
f 4881 4882 4953 4952
f 4882 4883 4954 4953
f 4883 4884 4955 4954
f 4884 4885 4956 4955
f 4885 4886 4957 4956
f 4886 4887 4958 4957
f 4887 4888 4959 4958
f 4888 4889 4960 4959
f 4889 4890 4961 4960
f 4890 4891 4962 4961
f 4891 4892 4963 4962
f 4892 4893 4964 4963
f 4893 4894 4965 4964
f 4894 4895 4966 4965
f 4895 4896 4967 4966
f 4896 4897 4968 4967
f 4897 4898 4969 4968
f 4898 4899 4970 4969
f 4900 4901 4972 4971
f 4901 4902 4973 4972
f 4902 4903 4974 4973
f 4903 4904 4975 4974
f 4904 4905 4976 4975
f 4905 4906 4977 4976
f 4906 4907 4978 4977
f 4907 4908 4979 4978
f 4908 4909 4980 4979
f 4909 4910 4981 4980
f 4910 4911 4982 4981
f 4911 4912 4983 4982
f 4912 4913 4984 4983
f 4913 4914 4985 4984
f 4914 4915 4986 4985
f 4915 4916 4987 4986
f 4916 4917 4988 4987
f 4917 4918 4989 4988
f 4918 4919 4990 4989
f 4919 4920 4991 4990
f 4920 4921 4992 4991
f 4921 4922 4993 4992
f 4922 4923 4994 4993
f 4923 4924 4995 4994
f 4924 4925 4996 4995
f 4925 4926 4997 4996
f 4926 4927 4998 4997
f 4927 4928 4999 4998
f 4928 4929 5000 4999
f 4929 4930 5001 5000
f 4930 4931 5002 5001
f 4931 4932 5003 5002
f 4932 4933 5004 5003
f 4933 4934 5005 5004
f 4934 4935 5006 5005
f 4935 4936 5007 5006
f 4936 4937 5008 5007
f 4937 4938 5009 5008
f 4938 4939 5010 5009
f 4939 4940 5011 5010
f 4940 4941 5012 5011
f 4941 4942 5013 5012
f 4942 4943 5014 5013
f 4943 4944 5015 5014
f 4944 4945 5016 5015
f 4945 4946 5017 5016
f 4946 4947 5018 5017
f 4947 4948 5019 5018
f 4948 4949 5020 5019
f 4949 4950 5021 5020
f 4950 4951 5022 5021
f 4951 4952 5023 5022
f 4952 4953 5024 5023
f 4953 4954 5025 5024
f 4954 4955 5026 5025
f 4955 4956 5027 5026
f 4956 4957 5028 5027
f 4957 4958 5029 5028
f 4958 4959 5030 5029
f 4959 4960 5031 5030
f 4960 4961 5032 5031
f 4961 4962 5033 5032
f 4962 4963 5034 5033
f 4963 4964 5035 5034
f 4964 4965 5036 5035
f 4965 4966 5037 5036
f 4966 4967 5038 5037
f 4967 4968 5039 5038
f 4968 4969 5040 5039
f 4969 4970 5041 5040
f 4971 4972 5043 5042
f 4972 4973 5044 5043
f 4973 4974 5045 5044
f 4974 4975 5046 5045
f 4975 4976 5047 5046
f 4976 4977 5048 5047
f 4977 4978 5049 5048
f 4978 4979 5050 5049
f 4979 4980 5051 5050
f 4980 4981 5052 5051
f 4981 4982 5053 5052
f 4982 4983 5054 5053
f 4983 4984 5055 5054
f 4984 4985 5056 5055
f 4985 4986 5057 5056
f 4986 4987 5058 5057
f 4987 4988 5059 5058
f 4988 4989 5060 5059
f 4989 4990 5061 5060
f 4990 4991 5062 5061
f 4991 4992 5063 5062
f 4992 4993 5064 5063
f 4993 4994 5065 5064
f 4994 4995 5066 5065
f 4995 4996 5067 5066
f 4996 4997 5068 5067
f 4997 4998 5069 5068
f 4998 4999 5070 5069
f 4999 5000 5071 5070
f 5000 5001 5072 5071
f 5001 5002 5073 5072
f 5002 5003 5074 5073
f 5003 5004 5075 5074
f 5004 5005 5076 5075
f 5005 5006 5077 5076
f 5006 5007 5078 5077
f 5007 5008 5079 5078
f 5008 5009 5080 5079
f 5009 5010 5081 5080
f 5010 5011 5082 5081
f 5011 5012 5083 5082
f 5012 5013 5084 5083
f 5013 5014 5085 5084
f 5014 5015 5086 5085
f 5015 5016 5087 5086
f 5016 5017 5088 5087
f 5017 5018 5089 5088
f 5018 5019 5090 5089
f 5019 5020 5091 5090
f 5020 5021 5092 5091
f 5021 5022 5093 5092
f 5022 5023 5094 5093
f 5023 5024 5095 5094
f 5024 5025 5096 5095
f 5025 5026 5097 5096
f 5026 5027 5098 5097
f 5027 5028 5099 5098
f 5028 5029 5100 5099
f 5029 5030 5101 5100
f 5030 5031 5102 5101
f 5031 5032 5103 5102
f 5032 5033 5104 5103
f 5033 5034 5105 5104
f 5034 5035 5106 5105
f 5035 5036 5107 5106
f 5036 5037 5108 5107
f 5037 5038 5109 5108
f 5038 5039 5110 5109
f 5039 5040 5111 5110
f 5040 5041 5112 5111
f 5042 5043 5114 5113
f 5043 5044 5115 5114
f 5044 5045 5116 5115
f 5045 5046 5117 5116
f 5046 5047 5118 5117
f 5047 5048 5119 5118
f 5048 5049 5120 5119
f 5049 5050 5121 5120
f 5050 5051 5122 5121
f 5051 5052 5123 5122
f 5052 5053 5124 5123
f 5053 5054 5125 5124
f 5054 5055 5126 5125
f 5055 5056 5127 5126
f 5056 5057 5128 5127
f 5057 5058 5129 5128
f 5058 5059 5130 5129
f 5059 5060 5131 5130
f 5060 5061 5132 5131
f 5061 5062 5133 5132
f 5062 5063 5134 5133
f 5063 5064 5135 5134
f 5064 5065 5136 5135
f 5065 5066 5137 5136
f 5066 5067 5138 5137
f 5067 5068 5139 5138
f 5068 5069 5140 5139
f 5069 5070 5141 5140
f 5070 5071 5142 5141
f 5071 5072 5143 5142
f 5072 5073 5144 5143
f 5073 5074 5145 5144
f 5074 5075 5146 5145
f 5075 5076 5147 5146
f 5076 5077 5148 5147
f 5077 5078 5149 5148
f 5078 5079 5150 5149
f 5079 5080 5151 5150
f 5080 5081 5152 5151
f 5081 5082 5153 5152
f 5082 5083 5154 5153
f 5083 5084 5155 5154
f 5084 5085 5156 5155
f 5085 5086 5157 5156
f 5086 5087 5158 5157
f 5087 5088 5159 5158
f 5088 5089 5160 5159
f 5089 5090 5161 5160
f 5090 5091 5162 5161
f 5091 5092 5163 5162
f 5092 5093 5164 5163
f 5093 5094 5165 5164
f 5094 5095 5166 5165
f 5095 5096 5167 5166
f 5096 5097 5168 5167
f 5097 5098 5169 5168
f 5098 5099 5170 5169
f 5099 5100 5171 5170
f 5100 5101 5172 5171
f 5101 5102 5173 5172
f 5102 5103 5174 5173
f 5103 5104 5175 5174
f 5104 5105 5176 5175
f 5105 5106 5177 5176
f 5106 5107 5178 5177
f 5107 5108 5179 5178
f 5108 5109 5180 5179
f 5109 5110 5181 5180
f 5110 5111 5182 5181
f 5111 5112 5183 5182
f 5113 5114 5185 5184
f 5114 5115 5186 5185
f 5115 5116 5187 5186
f 5116 5117 5188 5187
f 5117 5118 5189 5188
f 5118 5119 5190 5189
f 5119 5120 5191 5190
f 5120 5121 5192 5191
f 5121 5122 5193 5192
f 5122 5123 5194 5193
f 5123 5124 5195 5194
f 5124 5125 5196 5195
f 5125 5126 5197 5196
f 5126 5127 5198 5197
f 5127 5128 5199 5198
f 5128 5129 5200 5199
f 5129 5130 5201 5200
f 5130 5131 5202 5201
f 5131 5132 5203 5202
f 5132 5133 5204 5203
f 5133 5134 5205 5204
f 5134 5135 5206 5205
f 5135 5136 5207 5206
f 5136 5137 5208 5207
f 5137 5138 5209 5208
f 5138 5139 5210 5209
f 5139 5140 5211 5210
f 5140 5141 5212 5211
f 5141 5142 5213 5212
f 5142 5143 5214 5213
f 5143 5144 5215 5214
f 5144 5145 5216 5215
f 5145 5146 5217 5216
f 5146 5147 5218 5217
f 5147 5148 5219 5218
f 5148 5149 5220 5219
f 5149 5150 5221 5220
f 5150 5151 5222 5221
f 5151 5152 5223 5222
f 5152 5153 5224 5223
f 5153 5154 5225 5224
f 5154 5155 5226 5225
f 5155 5156 5227 5226
f 5156 5157 5228 5227
f 5157 5158 5229 5228
f 5158 5159 5230 5229
f 5159 5160 5231 5230
f 5160 5161 5232 5231
f 5161 5162 5233 5232
f 5162 5163 5234 5233
f 5163 5164 5235 5234
f 5164 5165 5236 5235
f 5165 5166 5237 5236
f 5166 5167 5238 5237
f 5167 5168 5239 5238
f 5168 5169 5240 5239
f 5169 5170 5241 5240
f 5170 5171 5242 5241
f 5171 5172 5243 5242
f 5172 5173 5244 5243
f 5173 5174 5245 5244
f 5174 5175 5246 5245
f 5175 5176 5247 5246
f 5176 5177 5248 5247
f 5177 5178 5249 5248
f 5178 5179 5250 5249
f 5179 5180 5251 5250
f 5180 5181 5252 5251
f 5181 5182 5253 5252
f 5182 5183 5254 5253
f 5184 5185 5256 5255
f 5185 5186 5257 5256
f 5186 5187 5258 5257
f 5187 5188 5259 5258
f 5188 5189 5260 5259
f 5189 5190 5261 5260
f 5190 5191 5262 5261
f 5191 5192 5263 5262
f 5192 5193 5264 5263
f 5193 5194 5265 5264
f 5194 5195 5266 5265
f 5195 5196 5267 5266
f 5196 5197 5268 5267
f 5197 5198 5269 5268
f 5198 5199 5270 5269
f 5199 5200 5271 5270
f 5200 5201 5272 5271
f 5201 5202 5273 5272
f 5202 5203 5274 5273
f 5203 5204 5275 5274
f 5204 5205 5276 5275
f 5205 5206 5277 5276
f 5206 5207 5278 5277
f 5207 5208 5279 5278
f 5208 5209 5280 5279
f 5209 5210 5281 5280
f 5210 5211 5282 5281
f 5211 5212 5283 5282
f 5212 5213 5284 5283
f 5213 5214 5285 5284
f 5214 5215 5286 5285
f 5215 5216 5287 5286
f 5216 5217 5288 5287
f 5217 5218 5289 5288
f 5218 5219 5290 5289
f 5219 5220 5291 5290
f 5220 5221 5292 5291
f 5221 5222 5293 5292
f 5222 5223 5294 5293
f 5223 5224 5295 5294
f 5224 5225 5296 5295
f 5225 5226 5297 5296
f 5226 5227 5298 5297
f 5227 5228 5299 5298
f 5228 5229 5300 5299
f 5229 5230 5301 5300
f 5230 5231 5302 5301
f 5231 5232 5303 5302
f 5232 5233 5304 5303
f 5233 5234 5305 5304
f 5234 5235 5306 5305
f 5235 5236 5307 5306
f 5236 5237 5308 5307
f 5237 5238 5309 5308
f 5238 5239 5310 5309
f 5239 5240 5311 5310
f 5240 5241 5312 5311
f 5241 5242 5313 5312
f 5242 5243 5314 5313
f 5243 5244 5315 5314
f 5244 5245 5316 5315
f 5245 5246 5317 5316
f 5246 5247 5318 5317
f 5247 5248 5319 5318
f 5248 5249 5320 5319
f 5249 5250 5321 5320
f 5250 5251 5322 5321
f 5251 5252 5323 5322
f 5252 5253 5324 5323
f 5253 5254 5325 5324
f 5255 5256 5327 5326
f 5256 5257 5328 5327
f 5257 5258 5329 5328
f 5258 5259 5330 5329
f 5259 5260 5331 5330
f 5260 5261 5332 5331
f 5261 5262 5333 5332
f 5262 5263 5334 5333
f 5263 5264 5335 5334
f 5264 5265 5336 5335
f 5265 5266 5337 5336
f 5266 5267 5338 5337
f 5267 5268 5339 5338
f 5268 5269 5340 5339
f 5269 5270 5341 5340
f 5270 5271 5342 5341
f 5271 5272 5343 5342
f 5272 5273 5344 5343
f 5273 5274 5345 5344
f 5274 5275 5346 5345
f 5275 5276 5347 5346
f 5276 5277 5348 5347
f 5277 5278 5349 5348
f 5278 5279 5350 5349
f 5279 5280 5351 5350
f 5280 5281 5352 5351
f 5281 5282 5353 5352
f 5282 5283 5354 5353
f 5283 5284 5355 5354
f 5284 5285 5356 5355
f 5285 5286 5357 5356
f 5286 5287 5358 5357
f 5287 5288 5359 5358
f 5288 5289 5360 5359
f 5289 5290 5361 5360
f 5290 5291 5362 5361
f 5291 5292 5363 5362
f 5292 5293 5364 5363
f 5293 5294 5365 5364
f 5294 5295 5366 5365
f 5295 5296 5367 5366
f 5296 5297 5368 5367
f 5297 5298 5369 5368
f 5298 5299 5370 5369
f 5299 5300 5371 5370
f 5300 5301 5372 5371
f 5301 5302 5373 5372
f 5302 5303 5374 5373
f 5303 5304 5375 5374
f 5304 5305 5376 5375
f 5305 5306 5377 5376
f 5306 5307 5378 5377
f 5307 5308 5379 5378
f 5308 5309 5380 5379
f 5309 5310 5381 5380
f 5310 5311 5382 5381
f 5311 5312 5383 5382
f 5312 5313 5384 5383
f 5313 5314 5385 5384
f 5314 5315 5386 5385
f 5315 5316 5387 5386
f 5316 5317 5388 5387
f 5317 5318 5389 5388
f 5318 5319 5390 5389
f 5319 5320 5391 5390
f 5320 5321 5392 5391
f 5321 5322 5393 5392
f 5322 5323 5394 5393
f 5323 5324 5395 5394
f 5324 5325 5396 5395
f 5326 5327 5398 5397
f 5327 5328 5399 5398
f 5328 5329 5400 5399
f 5329 5330 5401 5400
f 5330 5331 5402 5401
f 5331 5332 5403 5402
f 5332 5333 5404 5403
f 5333 5334 5405 5404
f 5334 5335 5406 5405
f 5335 5336 5407 5406
f 5336 5337 5408 5407
f 5337 5338 5409 5408
f 5338 5339 5410 5409
f 5339 5340 5411 5410
f 5340 5341 5412 5411
f 5341 5342 5413 5412
f 5342 5343 5414 5413
f 5343 5344 5415 5414
f 5344 5345 5416 5415
f 5345 5346 5417 5416
f 5346 5347 5418 5417
f 5347 5348 5419 5418
f 5348 5349 5420 5419
f 5349 5350 5421 5420
f 5350 5351 5422 5421
f 5351 5352 5423 5422
f 5352 5353 5424 5423
f 5353 5354 5425 5424
f 5354 5355 5426 5425
f 5355 5356 5427 5426
f 5356 5357 5428 5427
f 5357 5358 5429 5428
f 5358 5359 5430 5429
f 5359 5360 5431 5430
f 5360 5361 5432 5431
f 5361 5362 5433 5432
f 5362 5363 5434 5433
f 5363 5364 5435 5434
f 5364 5365 5436 5435
f 5365 5366 5437 5436
f 5366 5367 5438 5437
f 5367 5368 5439 5438
f 5368 5369 5440 5439
f 5369 5370 5441 5440
f 5370 5371 5442 5441
f 5371 5372 5443 5442
f 5372 5373 5444 5443
f 5373 5374 5445 5444
f 5374 5375 5446 5445
f 5375 5376 5447 5446
f 5376 5377 5448 5447
f 5377 5378 5449 5448
f 5378 5379 5450 5449
f 5379 5380 5451 5450
f 5380 5381 5452 5451
f 5381 5382 5453 5452
f 5382 5383 5454 5453
f 5383 5384 5455 5454
f 5384 5385 5456 5455
f 5385 5386 5457 5456
f 5386 5387 5458 5457
f 5387 5388 5459 5458
f 5388 5389 5460 5459
f 5389 5390 5461 5460
f 5390 5391 5462 5461
f 5391 5392 5463 5462
f 5392 5393 5464 5463
f 5393 5394 5465 5464
f 5394 5395 5466 5465
f 5395 5396 5467 5466
f 5397 5398 5469 5468
f 5398 5399 5470 5469
f 5399 5400 5471 5470
f 5400 5401 5472 5471
f 5401 5402 5473 5472
f 5402 5403 5474 5473
f 5403 5404 5475 5474
f 5404 5405 5476 5475
f 5405 5406 5477 5476
f 5406 5407 5478 5477
f 5407 5408 5479 5478
f 5408 5409 5480 5479
f 5409 5410 5481 5480
f 5410 5411 5482 5481
f 5411 5412 5483 5482
f 5412 5413 5484 5483
f 5413 5414 5485 5484
f 5414 5415 5486 5485
f 5415 5416 5487 5486
f 5416 5417 5488 5487
f 5417 5418 5489 5488
f 5418 5419 5490 5489
f 5419 5420 5491 5490
f 5420 5421 5492 5491
f 5421 5422 5493 5492
f 5422 5423 5494 5493
f 5423 5424 5495 5494
f 5424 5425 5496 5495
f 5425 5426 5497 5496
f 5426 5427 5498 5497
f 5427 5428 5499 5498
f 5428 5429 5500 5499
f 5429 5430 5501 5500
f 5430 5431 5502 5501
f 5431 5432 5503 5502
f 5432 5433 5504 5503
f 5433 5434 5505 5504
f 5434 5435 5506 5505
f 5435 5436 5507 5506
f 5436 5437 5508 5507
f 5437 5438 5509 5508
f 5438 5439 5510 5509
f 5439 5440 5511 5510
f 5440 5441 5512 5511
f 5441 5442 5513 5512
f 5442 5443 5514 5513
f 5443 5444 5515 5514
f 5444 5445 5516 5515
f 5445 5446 5517 5516
f 5446 5447 5518 5517
f 5447 5448 5519 5518
f 5448 5449 5520 5519
f 5449 5450 5521 5520
f 5450 5451 5522 5521
f 5451 5452 5523 5522
f 5452 5453 5524 5523
f 5453 5454 5525 5524
f 5454 5455 5526 5525
f 5455 5456 5527 5526
f 5456 5457 5528 5527
f 5457 5458 5529 5528
f 5458 5459 5530 5529
f 5459 5460 5531 5530
f 5460 5461 5532 5531
f 5461 5462 5533 5532
f 5462 5463 5534 5533
f 5463 5464 5535 5534
f 5464 5465 5536 5535
f 5465 5466 5537 5536
f 5466 5467 5538 5537
f 5468 5469 5540 5539
f 5469 5470 5541 5540
f 5470 5471 5542 5541
f 5471 5472 5543 5542
f 5472 5473 5544 5543
f 5473 5474 5545 5544
f 5474 5475 5546 5545
f 5475 5476 5547 5546
f 5476 5477 5548 5547
f 5477 5478 5549 5548
f 5478 5479 5550 5549
f 5479 5480 5551 5550
f 5480 5481 5552 5551
f 5481 5482 5553 5552
f 5482 5483 5554 5553
f 5483 5484 5555 5554
f 5484 5485 5556 5555
f 5485 5486 5557 5556
f 5486 5487 5558 5557
f 5487 5488 5559 5558
f 5488 5489 5560 5559
f 5489 5490 5561 5560
f 5490 5491 5562 5561
f 5491 5492 5563 5562
f 5492 5493 5564 5563
f 5493 5494 5565 5564
f 5494 5495 5566 5565
f 5495 5496 5567 5566
f 5496 5497 5568 5567
f 5497 5498 5569 5568
f 5498 5499 5570 5569
f 5499 5500 5571 5570
f 5500 5501 5572 5571
f 5501 5502 5573 5572
f 5502 5503 5574 5573
f 5503 5504 5575 5574
f 5504 5505 5576 5575
f 5505 5506 5577 5576
f 5506 5507 5578 5577
f 5507 5508 5579 5578
f 5508 5509 5580 5579
f 5509 5510 5581 5580
f 5510 5511 5582 5581
f 5511 5512 5583 5582
f 5512 5513 5584 5583
f 5513 5514 5585 5584
f 5514 5515 5586 5585
f 5515 5516 5587 5586
f 5516 5517 5588 5587
f 5517 5518 5589 5588
f 5518 5519 5590 5589
f 5519 5520 5591 5590
f 5520 5521 5592 5591
f 5521 5522 5593 5592
f 5522 5523 5594 5593
f 5523 5524 5595 5594
f 5524 5525 5596 5595
f 5525 5526 5597 5596
f 5526 5527 5598 5597
f 5527 5528 5599 5598
f 5528 5529 5600 5599
f 5529 5530 5601 5600
f 5530 5531 5602 5601
f 5531 5532 5603 5602
f 5532 5533 5604 5603
f 5533 5534 5605 5604
f 5534 5535 5606 5605
f 5535 5536 5607 5606
f 5536 5537 5608 5607
f 5537 5538 5609 5608
f 5539 5540 5611 5610
f 5540 5541 5612 5611
f 5541 5542 5613 5612
f 5542 5543 5614 5613
f 5543 5544 5615 5614
f 5544 5545 5616 5615
f 5545 5546 5617 5616
f 5546 5547 5618 5617
f 5547 5548 5619 5618
f 5548 5549 5620 5619
f 5549 5550 5621 5620
f 5550 5551 5622 5621
f 5551 5552 5623 5622
f 5552 5553 5624 5623
f 5553 5554 5625 5624
f 5554 5555 5626 5625
f 5555 5556 5627 5626
f 5556 5557 5628 5627
f 5557 5558 5629 5628
f 5558 5559 5630 5629
f 5559 5560 5631 5630
f 5560 5561 5632 5631
f 5561 5562 5633 5632
f 5562 5563 5634 5633
f 5563 5564 5635 5634
f 5564 5565 5636 5635
f 5565 5566 5637 5636
f 5566 5567 5638 5637
f 5567 5568 5639 5638
f 5568 5569 5640 5639
f 5569 5570 5641 5640
f 5570 5571 5642 5641
f 5571 5572 5643 5642
f 5572 5573 5644 5643
f 5573 5574 5645 5644
f 5574 5575 5646 5645
f 5575 5576 5647 5646
f 5576 5577 5648 5647
f 5577 5578 5649 5648
f 5578 5579 5650 5649
f 5579 5580 5651 5650
f 5580 5581 5652 5651
f 5581 5582 5653 5652
f 5582 5583 5654 5653
f 5583 5584 5655 5654
f 5584 5585 5656 5655
f 5585 5586 5657 5656
f 5586 5587 5658 5657
f 5587 5588 5659 5658
f 5588 5589 5660 5659
f 5589 5590 5661 5660
f 5590 5591 5662 5661
f 5591 5592 5663 5662
f 5592 5593 5664 5663
f 5593 5594 5665 5664
f 5594 5595 5666 5665
f 5595 5596 5667 5666
f 5596 5597 5668 5667
f 5597 5598 5669 5668
f 5598 5599 5670 5669
f 5599 5600 5671 5670
f 5600 5601 5672 5671
f 5601 5602 5673 5672
f 5602 5603 5674 5673
f 5603 5604 5675 5674
f 5604 5605 5676 5675
f 5605 5606 5677 5676
f 5606 5607 5678 5677
f 5607 5608 5679 5678
f 5608 5609 5680 5679
f 5610 5611 5682 5681
f 5611 5612 5683 5682
f 5612 5613 5684 5683
f 5613 5614 5685 5684
f 5614 5615 5686 5685
f 5615 5616 5687 5686
f 5616 5617 5688 5687
f 5617 5618 5689 5688
f 5618 5619 5690 5689
f 5619 5620 5691 5690
f 5620 5621 5692 5691
f 5621 5622 5693 5692
f 5622 5623 5694 5693
f 5623 5624 5695 5694
f 5624 5625 5696 5695
f 5625 5626 5697 5696
f 5626 5627 5698 5697
f 5627 5628 5699 5698
f 5628 5629 5700 5699
f 5629 5630 5701 5700
f 5630 5631 5702 5701
f 5631 5632 5703 5702
f 5632 5633 5704 5703
f 5633 5634 5705 5704
f 5634 5635 5706 5705
f 5635 5636 5707 5706
f 5636 5637 5708 5707
f 5637 5638 5709 5708
f 5638 5639 5710 5709
f 5639 5640 5711 5710
f 5640 5641 5712 5711
f 5641 5642 5713 5712
f 5642 5643 5714 5713
f 5643 5644 5715 5714
f 5644 5645 5716 5715
f 5645 5646 5717 5716
f 5646 5647 5718 5717
f 5647 5648 5719 5718
f 5648 5649 5720 5719
f 5649 5650 5721 5720
f 5650 5651 5722 5721
f 5651 5652 5723 5722
f 5652 5653 5724 5723
f 5653 5654 5725 5724
f 5654 5655 5726 5725
f 5655 5656 5727 5726
f 5656 5657 5728 5727
f 5657 5658 5729 5728
f 5658 5659 5730 5729
f 5659 5660 5731 5730
f 5660 5661 5732 5731
f 5661 5662 5733 5732
f 5662 5663 5734 5733
f 5663 5664 5735 5734
f 5664 5665 5736 5735
f 5665 5666 5737 5736
f 5666 5667 5738 5737
f 5667 5668 5739 5738
f 5668 5669 5740 5739
f 5669 5670 5741 5740
f 5670 5671 5742 5741
f 5671 5672 5743 5742
f 5672 5673 5744 5743
f 5673 5674 5745 5744
f 5674 5675 5746 5745
f 5675 5676 5747 5746
f 5676 5677 5748 5747
f 5677 5678 5749 5748
f 5678 5679 5750 5749
f 5679 5680 5751 5750
