block,line,orientation,trace,x_cm,y_cm,twt_ns,depth_m,z_adj,envelope
C,1,X-line,0,0.0,0.0,61.5234,3.6976,3.6529,1.215
C,1,X-line,1,2.5,0.0,61.5234,3.6976,3.6529,1.56
C,1,X-line,2,5.0,0.0,61.5234,3.6976,3.6529,1.416
C,1,X-line,3,7.5,0.0,61.5234,3.6976,3.6529,1.688
C,1,X-line,4,10.0,0.0,61.5234,3.6976,3.6529,1.571
C,1,X-line,5,12.5,0.0,61.5234,3.6976,3.6529,1.656
C,1,X-line,6,14.9,0.0,61.5234,3.6976,3.6529,1.592
C,1,X-line,7,17.4,0.0,61.5234,3.6976,3.6529,1.631
C,1,X-line,8,19.9,0.0,61.5234,3.6976,3.6529,1.559
C,1,X-line,9,22.4,0.0,61.5234,3.6976,3.6529,1.482
C,1,X-line,10,24.9,0.0,61.5234,3.6976,3.6529,1.466
C,1,X-line,11,27.4,0.0,61.5234,3.6976,3.6529,1.552
C,1,X-line,12,29.9,0.0,61.5234,3.6976,3.6529,1.383
C,1,X-line,13,32.4,0.0,61.2793,3.6829,3.6382,1.549
C,1,X-line,14,34.9,0.0,61.2793,3.6829,3.6382,1.495
C,1,X-line,15,37.4,0.0,61.2793,3.6829,3.6382,1.437
C,1,X-line,16,39.8,0.0,61.1572,3.6755,3.6308,1.48
C,1,X-line,17,42.3,0.0,60.9131,3.6609,3.6162,1.398
C,1,X-line,18,44.8,0.0,60.6689,3.6462,3.6015,1.294
C,1,X-line,19,47.3,0.0,60.5469,3.6389,3.5942,1.363
C,1,X-line,20,49.8,0.0,60.5469,3.6389,3.5942,1.315
C,1,X-line,21,52.3,0.0,60.5469,3.6389,3.5942,1.254
C,1,X-line,22,54.8,0.0,60.5469,3.6389,3.5942,1.282
C,1,X-line,23,57.3,0.0,60.5469,3.6389,3.5942,1.251
C,1,X-line,24,59.8,0.0,60.5469,3.6389,3.5942,1.163
C,1,X-line,25,62.3,0.0,60.5469,3.6389,3.5942,1.225
C,1,X-line,26,64.7,0.0,60.5469,3.6389,3.5942,1.406
C,1,X-line,27,67.2,0.0,60.5469,3.6389,3.5942,1.114
C,1,X-line,28,69.7,0.0,60.5469,3.6389,3.5942,1.6
C,1,X-line,29,72.2,0.0,60.5469,3.6389,3.5942,1.419
C,1,X-line,30,74.7,0.0,60.5469,3.6389,3.5942,1.456
C,1,X-line,31,77.2,0.0,60.5469,3.6389,3.5942,1.326
C,1,X-line,32,79.7,0.0,60.5469,3.6389,3.5942,1.285
C,1,X-line,33,82.2,0.0,60.5469,3.6389,3.5942,1.351
C,1,X-line,34,84.7,0.0,60.5469,3.6389,3.5942,1.315
C,1,X-line,35,87.2,0.0,60.5469,3.6389,3.5942,1.168
C,1,X-line,36,89.6,0.0,60.5469,3.6389,3.5942,1.218
C,1,X-line,37,92.1,0.0,60.3027,3.6242,3.5795,0.749
C,1,X-line,38,94.6,0.0,60.0586,3.6095,3.5648,0.89
C,1,X-line,39,97.1,0.0,59.8144,3.5948,3.5501,0.95
C,1,X-line,40,99.6,0.0,59.6924,3.5875,3.5428,1.112
C,1,X-line,41,102.1,0.0,59.6924,3.5875,3.5428,1.139
C,1,X-line,42,104.6,0.0,59.6924,3.5875,3.5428,1.165
C,1,X-line,43,107.1,0.0,59.6924,3.5875,3.5428,1.213
C,1,X-line,44,109.6,0.0,59.6924,3.5875,3.5428,1.23
C,1,X-line,45,112.1,0.0,59.6924,3.5875,3.5428,1.173
C,1,X-line,46,114.5,0.0,59.6924,3.5875,3.5428,1.003
C,1,X-line,47,117.0,0.0,59.6924,3.5875,3.5428,1.175
C,1,X-line,48,119.5,0.0,59.6924,3.5875,3.5428,1.123
C,1,X-line,49,122.0,0.0,59.6924,3.5875,3.5428,1.326
C,1,X-line,50,124.5,0.0,59.6924,3.5875,3.5428,1.399
C,1,X-line,51,127.0,0.0,59.6924,3.5875,3.5428,1.606
C,1,X-line,52,129.5,0.0,59.6924,3.5875,3.5428,1.518
C,1,X-line,53,132.0,0.0,59.6924,3.5875,3.5428,1.598
C,1,X-line,54,134.5,0.0,59.6924,3.5875,3.5428,1.56
C,1,X-line,55,137.0,0.0,59.6924,3.5875,3.5428,1.741
C,1,X-line,56,139.4,0.0,59.6924,3.5875,3.5428,1.589
C,1,X-line,57,141.9,0.0,59.6924,3.5875,3.5428,1.569
C,1,X-line,58,144.4,0.0,59.6924,3.5875,3.5428,1.53
C,1,X-line,59,146.9,0.0,59.6924,3.5875,3.5428,1.487
C,1,X-line,60,149.4,0.0,59.6924,3.5875,3.5428,1.288
C,1,X-line,61,151.9,0.0,59.6924,3.5875,3.5428,1.464
C,1,X-line,62,154.4,0.0,59.6924,3.5875,3.5428,1.462
C,1,X-line,63,156.9,0.0,59.6924,3.5875,3.5428,1.541
C,1,X-line,64,159.4,0.0,59.6924,3.5875,3.5428,1.566
C,1,X-line,65,161.9,0.0,59.4482,3.5728,3.5281,1.354
C,1,X-line,66,164.3,0.0,59.2041,3.5582,3.5135,1.425
C,1,X-line,67,166.8,0.0,58.96,3.5435,3.4988,1.268
C,1,X-line,68,169.3,0.0,58.7158,3.5288,3.4841,1.226
C,1,X-line,69,171.8,0.0,58.4717,3.5141,3.4694,1.331
C,1,X-line,70,174.3,0.0,58.2275,3.4995,3.4548,1.378
C,1,X-line,71,176.8,0.0,57.9834,3.4848,3.4401,1.5
C,1,X-line,72,179.3,0.0,57.7393,3.4701,3.4254,1.637
C,1,X-line,73,181.8,0.0,57.6172,3.4628,3.4181,1.619
C,1,X-line,74,184.3,0.0,57.4951,3.4555,3.4108,1.62
C,1,X-line,75,186.8,0.0,57.4951,3.4555,3.4108,1.652
C,1,X-line,76,189.2,0.0,57.4951,3.4555,3.4108,1.672
C,1,X-line,77,191.7,0.0,57.4951,3.4555,3.4108,1.569
C,1,X-line,78,194.2,0.0,57.4951,3.4555,3.4108,1.62
C,1,X-line,79,196.7,0.0,57.4951,3.4555,3.4108,1.639
C,1,X-line,80,199.2,0.0,57.4951,3.4555,3.4108,1.593
C,1,X-line,81,201.7,0.0,57.4951,3.4555,3.4108,1.453
C,1,X-line,82,204.2,0.0,57.4951,3.4555,3.4108,1.412
C,1,X-line,83,206.7,0.0,57.4951,3.4555,3.4108,1.338
C,1,X-line,84,209.2,0.0,57.4951,3.4555,3.4108,1.445
C,1,X-line,85,211.7,0.0,57.4951,3.4555,3.4108,1.398
C,1,X-line,86,214.1,0.0,57.4951,3.4555,3.4108,1.348
C,1,X-line,87,216.6,0.0,57.4951,3.4555,3.4108,1.385
C,1,X-line,88,219.1,0.0,57.4951,3.4555,3.4108,1.356
C,1,X-line,89,221.6,0.0,57.4951,3.4555,3.4108,1.481
C,1,X-line,90,224.1,0.0,57.4951,3.4555,3.4108,1.418
C,1,X-line,91,226.6,0.0,57.4951,3.4555,3.4108,1.481
C,1,X-line,92,229.1,0.0,57.4951,3.4555,3.4108,1.513
C,1,X-line,93,231.6,0.0,57.4951,3.4555,3.4108,1.658
C,1,X-line,94,234.1,0.0,57.251,3.4408,3.3961,1.707
C,1,X-line,95,236.6,0.0,57.0068,3.4261,3.3814,1.589
C,1,X-line,96,239.0,0.0,56.7627,3.4114,3.3667,1.59
C,1,X-line,97,241.5,0.0,56.5185,3.3968,3.3521,1.597
C,1,X-line,98,244.0,0.0,56.5185,3.3968,3.3521,1.547
C,1,X-line,99,246.5,0.0,56.2744,3.3821,3.3374,1.691
C,1,X-line,100,249.0,0.0,56.0303,3.3674,3.3227,1.602
C,1,X-line,101,251.5,0.0,56.0303,3.3674,3.3227,1.639
C,1,X-line,102,254.0,0.0,56.0303,3.3674,3.3227,1.702
C,1,X-line,103,256.5,0.0,55.7861,3.3527,3.308,1.681
C,1,X-line,104,259.0,0.0,55.542,3.3381,3.2934,1.707
C,1,X-line,105,261.5,0.0,55.4199,3.3307,3.286,1.657
C,1,X-line,106,263.9,0.0,55.4199,3.3307,3.286,1.624
C,1,X-line,107,266.4,0.0,55.1758,3.3161,3.2714,1.489
C,1,X-line,108,268.9,0.0,54.9316,3.3014,3.2567,1.484
C,1,X-line,109,271.4,0.0,54.9316,3.3014,3.2567,1.45
C,1,X-line,110,273.9,0.0,54.9316,3.3014,3.2567,1.39
C,1,X-line,111,276.4,0.0,54.6875,3.2867,3.242,1.388
C,1,X-line,112,278.9,0.0,54.6875,3.2867,3.242,1.273
C,1,X-line,113,281.4,0.0,54.6875,3.2867,3.242,1.356
C,1,X-line,114,283.9,0.0,54.6875,3.2867,3.242,1.613
C,1,X-line,115,286.4,0.0,54.6875,3.2867,3.242,1.407
C,1,X-line,116,288.8,0.0,54.6875,3.2867,3.242,1.586
C,1,X-line,117,291.3,0.0,54.6875,3.2867,3.242,1.673
C,1,X-line,118,293.8,0.0,54.5654,3.2794,3.2347,1.874
C,1,X-line,119,296.3,0.0,54.5654,3.2794,3.2347,1.819
C,1,X-line,120,298.8,0.0,54.5654,3.2794,3.2347,1.9
C,1,X-line,121,301.3,0.0,54.5654,3.2794,3.2347,2.031
C,1,X-line,122,303.8,0.0,54.5654,3.2794,3.2347,1.91
C,1,X-line,123,306.3,0.0,54.5654,3.2794,3.2347,2.037
C,1,X-line,124,308.8,0.0,54.5654,3.2794,3.2347,1.946
C,1,X-line,125,311.2,0.0,54.5654,3.2794,3.2347,1.981
C,1,X-line,126,313.7,0.0,54.3213,3.2647,3.22,1.984
C,1,X-line,127,316.2,0.0,54.0771,3.25,3.2053,2.017
C,1,X-line,128,318.7,0.0,54.0771,3.25,3.2053,1.944
C,1,X-line,129,321.2,0.0,54.0771,3.25,3.2053,1.897
C,1,X-line,130,323.7,0.0,53.833,3.2354,3.1907,2.021
C,1,X-line,131,326.2,0.0,53.833,3.2354,3.1907,2.007
C,1,X-line,132,328.7,0.0,53.833,3.2354,3.1907,2.064
C,1,X-line,133,331.2,0.0,53.5889,3.2207,3.176,2.097
C,1,X-line,134,333.7,0.0,53.5889,3.2207,3.176,2.001
C,1,X-line,135,336.2,0.0,53.5889,3.2207,3.176,2.003
C,1,X-line,136,338.6,0.0,53.5889,3.2207,3.176,1.883
C,1,X-line,137,341.1,0.0,53.5889,3.2207,3.176,1.86
C,1,X-line,138,343.6,0.0,53.5889,3.2207,3.176,1.765
C,1,X-line,139,346.1,0.0,53.5889,3.2207,3.176,1.963
C,1,X-line,140,348.6,0.0,53.5889,3.2207,3.176,1.905
C,1,X-line,141,351.1,0.0,53.3447,3.206,3.1613,1.977
C,1,X-line,142,353.6,0.0,53.3447,3.206,3.1613,2.001
C,1,X-line,143,356.1,0.0,53.3447,3.206,3.1613,1.969
C,1,X-line,144,358.6,0.0,53.1006,3.1913,3.1466,2.042
C,1,X-line,145,361.1,0.0,53.1006,3.1913,3.1466,1.941
C,1,X-line,146,363.5,0.0,53.1006,3.1913,3.1466,2.05
C,1,X-line,147,366.0,0.0,52.8564,3.1767,3.132,1.863
C,1,X-line,148,368.5,0.0,52.8564,3.1767,3.132,1.872
C,1,X-line,149,371.0,0.0,52.6123,3.162,3.1173,1.829
C,1,X-line,150,373.5,0.0,52.3682,3.1473,3.1026,1.808
C,1,X-line,151,376.0,0.0,52.124,3.1327,3.088,1.828
C,1,X-line,152,378.5,0.0,52.0019,3.1253,3.0806,1.799
C,1,X-line,153,381.0,0.0,51.8799,3.118,3.0733,1.654
C,1,X-line,154,383.5,0.0,51.6357,3.1033,3.0586,1.62
C,1,X-line,155,386.0,0.0,51.5137,3.096,3.0513,1.573
C,1,X-line,156,388.4,0.0,51.2695,3.0813,3.0366,1.559
C,1,X-line,157,390.9,0.0,51.0254,3.0666,3.0219,1.604
C,1,X-line,158,393.4,0.0,50.7812,3.052,3.0073,1.568
C,1,X-line,159,395.9,0.0,50.5371,3.0373,2.9926,1.354
C,1,X-line,160,398.4,0.0,50.293,3.0226,2.9779,1.161
C,1,X-line,161,400.9,0.0,50.0488,3.0079,2.9632,1.35
C,1,X-line,162,403.4,0.0,49.8047,2.9933,2.9486,1.428
C,1,X-line,163,405.9,0.0,49.6826,2.9859,2.9412,1.588
C,1,X-line,164,408.4,0.0,49.6826,2.9859,2.9412,1.547
C,1,X-line,165,410.9,0.0,49.6826,2.9859,2.9412,1.543
C,1,X-line,166,413.3,0.0,49.6826,2.9859,2.9412,1.898
C,1,X-line,167,415.8,0.0,49.6826,2.9859,2.9412,1.485
C,1,X-line,168,418.3,0.0,49.6826,2.9859,2.9412,1.485
C,1,X-line,169,420.8,0.0,49.6826,2.9859,2.9412,1.925
C,1,X-line,170,423.3,0.0,49.6826,2.9859,2.9412,2.049
C,1,X-line,171,425.8,0.0,49.6826,2.9859,2.9412,1.548
C,1,X-line,172,428.3,0.0,49.6826,2.9859,2.9412,1.743
C,1,X-line,173,430.8,0.0,49.6826,2.9859,2.9412,1.299
C,1,X-line,174,433.3,0.0,49.6826,2.9859,2.9412,1.489
C,1,X-line,175,435.8,0.0,49.6826,2.9859,2.9412,1.5
C,1,X-line,176,438.2,0.0,49.6826,2.9859,2.9412,1.717
C,1,X-line,177,440.7,0.0,49.6826,2.9859,2.9412,1.554
C,1,X-line,178,443.2,0.0,49.6826,2.9859,2.9412,1.627
C,1,X-line,179,445.7,0.0,49.6826,2.9859,2.9412,1.724
C,1,X-line,180,448.2,0.0,49.6826,2.9859,2.9412,1.522
C,1,X-line,181,450.7,0.0,49.6826,2.9859,2.9412,1.235
C,1,X-line,182,453.2,0.0,49.6826,2.9859,2.9412,1.372
C,1,X-line,183,455.7,0.0,49.6826,2.9859,2.9412,0.962
C,1,X-line,184,458.2,0.0,49.6826,2.9859,2.9412,1.379
C,1,X-line,185,460.7,0.0,49.6826,2.9859,2.9412,1.257
C,1,X-line,186,463.1,0.0,49.6826,2.9859,2.9412,1.377
C,1,X-line,187,465.6,0.0,49.6826,2.9859,2.9412,1.451
C,1,X-line,188,468.1,0.0,49.6826,2.9859,2.9412,1.476
C,1,X-line,189,470.6,0.0,49.6826,2.9859,2.9412,1.219
C,1,X-line,190,473.1,0.0,49.6826,2.9859,2.9412,1.127
C,1,X-line,191,475.6,0.0,49.6826,2.9859,2.9412,1.127
C,1,X-line,192,478.1,0.0,49.6826,2.9859,2.9412,1.073
C,1,X-line,193,480.6,0.0,49.6826,2.9859,2.9412,1.157
C,1,X-line,194,483.1,0.0,49.6826,2.9859,2.9412,1.176
C,1,X-line,195,485.6,0.0,49.6826,2.9859,2.9412,1.212
C,1,X-line,196,488.0,0.0,49.6826,2.9859,2.9412,1.23
C,1,X-line,197,490.5,0.0,49.6826,2.9859,2.9412,1.416
C,1,X-line,198,493.0,0.0,49.6826,2.9859,2.9412,1.52
C,1,X-line,199,495.5,0.0,49.6826,2.9859,2.9412,1.603
C,1,X-line,200,498.0,0.0,49.6826,2.9859,2.9412,1.667
C,1,X-line,201,500.5,0.0,49.6826,2.9859,2.9412,1.759
C,1,X-line,202,503.0,0.0,49.6826,2.9859,2.9412,1.754
C,1,X-line,203,505.5,0.0,49.6826,2.9859,2.9412,1.756
C,1,X-line,204,508.0,0.0,49.6826,2.9859,2.9412,1.775
C,1,X-line,205,510.5,0.0,49.6826,2.9859,2.9412,1.685
C,1,X-line,206,512.9,0.0,49.6826,2.9859,2.9412,1.616
C,1,X-line,207,515.4,0.0,49.6826,2.9859,2.9412,1.452
C,1,X-line,208,517.9,0.0,49.6826,2.9859,2.9412,1.45
C,1,X-line,209,520.4,0.0,49.6826,2.9859,2.9412,1.436
C,1,X-line,210,522.9,0.0,49.6826,2.9859,2.9412,1.399
C,1,X-line,211,525.4,0.0,49.6826,2.9859,2.9412,1.249
C,1,X-line,212,527.9,0.0,49.6826,2.9859,2.9412,1.191
C,1,X-line,213,530.4,0.0,49.6826,2.9859,2.9412,1.035
C,1,X-line,214,532.9,0.0,49.6826,2.9859,2.9412,1.086
C,1,X-line,215,535.4,0.0,49.6826,2.9859,2.9412,0.942
C,1,X-line,216,537.8,0.0,49.6826,2.9859,2.9412,1.06
C,1,X-line,217,540.3,0.0,49.6826,2.9859,2.9412,1.19
C,1,X-line,218,542.8,0.0,49.6826,2.9859,2.9412,1.193
C,1,X-line,219,545.3,0.0,49.6826,2.9859,2.9412,1.243
C,1,X-line,220,547.8,0.0,49.6826,2.9859,2.9412,1.226
C,1,X-line,221,550.3,0.0,49.6826,2.9859,2.9412,1.224
C,1,X-line,222,552.8,0.0,49.6826,2.9859,2.9412,1.465
C,1,X-line,223,555.3,0.0,49.6826,2.9859,2.9412,1.376
C,1,X-line,224,557.8,0.0,49.6826,2.9859,2.9412,1.258
C,1,X-line,225,560.2,0.0,49.6826,2.9859,2.9412,1.153
C,1,X-line,226,562.7,0.0,49.4385,2.9713,2.9266,1.329
C,1,X-line,227,565.2,0.0,49.1943,2.9566,2.9119,1.36
C,1,X-line,228,567.7,0.0,49.0723,2.9492,2.9045,1.679
C,1,X-line,229,570.2,0.0,49.0723,2.9492,2.9045,1.649
C,1,X-line,230,572.7,0.0,48.9502,2.9419,2.8972,1.661
C,1,X-line,231,575.2,0.0,48.706,2.9272,2.8825,1.75
C,1,X-line,232,577.7,0.0,48.706,2.9272,2.8825,1.799
C,1,X-line,233,580.2,0.0,48.706,2.9272,2.8825,1.837
C,1,X-line,234,582.7,0.0,48.706,2.9272,2.8825,1.916
C,1,X-line,235,585.2,0.0,48.706,2.9272,2.8825,1.811
C,1,X-line,236,587.6,0.0,48.584,2.9199,2.8752,1.884
C,1,X-line,237,590.1,0.0,48.4619,2.9126,2.8679,1.768
C,1,X-line,238,592.6,0.0,48.3398,2.9052,2.8605,1.624
C,1,X-line,239,595.1,0.0,48.2178,2.8979,2.8532,1.521
C,1,X-line,240,597.6,0.0,48.0957,2.8906,2.8459,1.665
C,1,X-line,241,600.1,0.0,47.9736,2.8832,2.8385,1.587
C,1,X-line,242,602.6,0.0,47.8516,2.8759,2.8312,1.666
C,1,X-line,243,605.1,0.0,47.7295,2.8685,2.8238,1.535
C,1,X-line,244,607.6,0.0,47.7295,2.8685,2.8238,1.469
C,1,X-line,245,610.1,0.0,47.6074,2.8612,2.8165,1.471
C,1,X-line,246,612.5,0.0,47.6074,2.8612,2.8165,1.525
C,1,X-line,247,615.0,0.0,47.4853,2.8539,2.8092,1.406
C,1,X-line,248,617.5,0.0,47.4853,2.8539,2.8092,1.302
C,1,X-line,249,620.0,0.0,47.4853,2.8539,2.8092,1.204
C,1,X-line,250,622.5,0.0,47.4853,2.8539,2.8092,1.276
C,1,X-line,251,625.0,0.0,47.4853,2.8539,2.8092,1.193
C,1,X-line,252,627.5,0.0,47.4853,2.8539,2.8092,1.109
C,1,X-line,253,630.0,0.0,47.4853,2.8539,2.8092,1.02
C,1,X-line,254,632.5,0.0,47.4853,2.8539,2.8092,0.913
C,1,X-line,255,635.0,0.0,47.4853,2.8539,2.8092,1.07
C,1,X-line,256,637.4,0.0,47.4853,2.8539,2.8092,1.077
C,1,X-line,257,639.9,0.0,47.4853,2.8539,2.8092,1.109
C,1,X-line,258,642.4,0.0,47.4853,2.8539,2.8092,1.117
C,1,X-line,259,644.9,0.0,47.4853,2.8539,2.8092,1.159
C,1,X-line,260,647.4,0.0,47.4853,2.8539,2.8092,1.269
C,1,X-line,261,649.9,0.0,47.4853,2.8539,2.8092,1.444
C,1,X-line,262,652.4,0.0,47.4853,2.8539,2.8092,1.575
C,1,X-line,263,654.9,0.0,47.4853,2.8539,2.8092,1.594
C,1,X-line,264,657.4,0.0,47.4853,2.8539,2.8092,1.626
C,1,X-line,265,659.9,0.0,47.4853,2.8539,2.8092,1.575
C,1,X-line,266,662.3,0.0,47.4853,2.8539,2.8092,1.566
C,1,X-line,267,664.8,0.0,47.4853,2.8539,2.8092,1.335
C,1,X-line,268,667.3,0.0,47.4853,2.8539,2.8092,1.217
C,1,X-line,269,669.8,0.0,47.4853,2.8539,2.8092,0.966
C,1,X-line,270,672.3,0.0,47.4853,2.8539,2.8092,0.675
C,1,X-line,271,674.8,0.0,47.4853,2.8539,2.8092,0.987
C,1,X-line,272,677.3,0.0,47.4853,2.8539,2.8092,1.228
C,1,X-line,273,679.8,0.0,47.4853,2.8539,2.8092,1.496
C,1,X-line,274,682.3,0.0,47.2412,2.8392,2.7945,1.742
C,1,X-line,275,684.8,0.0,47.2412,2.8392,2.7945,1.756
C,1,X-line,276,687.2,0.0,47.2412,2.8392,2.7945,1.738
C,1,X-line,277,689.7,0.0,47.2412,2.8392,2.7945,1.724
C,1,X-line,278,692.2,0.0,47.2412,2.8392,2.7945,1.425
C,1,X-line,279,694.7,0.0,47.2412,2.8392,2.7945,1.395
C,2,X-line,0,0.0,50.0,57.7393,3.4701,3.4875,2.116
C,2,X-line,1,2.5,50.0,57.7393,3.4701,3.4875,2.136
C,2,X-line,2,5.0,50.0,57.7393,3.4701,3.4875,1.949
C,2,X-line,3,7.5,50.0,57.7393,3.4701,3.4875,1.928
C,2,X-line,4,10.0,50.0,57.7393,3.4701,3.4875,1.988
C,2,X-line,5,12.5,50.0,57.7393,3.4701,3.4875,2.078
C,2,X-line,6,14.9,50.0,57.7393,3.4701,3.4875,2.001
C,2,X-line,7,17.4,50.0,57.7393,3.4701,3.4875,2.034
C,2,X-line,8,19.9,50.0,57.7393,3.4701,3.4875,2.011
C,2,X-line,9,22.4,50.0,57.7393,3.4701,3.4875,1.949
C,2,X-line,10,24.9,50.0,57.7393,3.4701,3.4875,1.731
C,2,X-line,11,27.4,50.0,57.7393,3.4701,3.4875,1.623
C,2,X-line,12,29.9,50.0,57.7393,3.4701,3.4875,1.508
C,2,X-line,13,32.4,50.0,57.7393,3.4701,3.4875,1.465
C,2,X-line,14,34.9,50.0,57.7393,3.4701,3.4875,1.394
C,2,X-line,15,37.4,50.0,57.7393,3.4701,3.4875,1.448
C,2,X-line,16,39.8,50.0,57.7393,3.4701,3.4875,1.481
C,2,X-line,17,42.3,50.0,57.7393,3.4701,3.4875,1.475
C,2,X-line,18,44.8,50.0,57.7393,3.4701,3.4875,1.625
C,2,X-line,19,47.3,50.0,57.7393,3.4701,3.4875,1.558
C,2,X-line,20,49.8,50.0,57.7393,3.4701,3.4875,1.553
C,2,X-line,21,52.3,50.0,57.4951,3.4555,3.4729,1.613
C,2,X-line,22,54.8,50.0,57.4951,3.4555,3.4729,1.696
C,2,X-line,23,57.3,50.0,57.4951,3.4555,3.4729,1.713
C,2,X-line,24,59.8,50.0,57.251,3.4408,3.4582,1.763
C,2,X-line,25,62.3,50.0,57.251,3.4408,3.4582,1.813
C,2,X-line,26,64.7,50.0,57.251,3.4408,3.4582,1.917
C,2,X-line,27,67.2,50.0,57.251,3.4408,3.4582,1.993
C,2,X-line,28,69.7,50.0,57.251,3.4408,3.4582,2.011
C,2,X-line,29,72.2,50.0,57.251,3.4408,3.4582,1.958
C,2,X-line,30,74.7,50.0,57.251,3.4408,3.4582,2.017
C,2,X-line,31,77.2,50.0,57.251,3.4408,3.4582,1.958
C,2,X-line,32,79.7,50.0,57.251,3.4408,3.4582,1.994
C,2,X-line,33,82.2,50.0,57.251,3.4408,3.4582,1.939
C,2,X-line,34,84.7,50.0,57.251,3.4408,3.4582,1.912
C,2,X-line,35,87.2,50.0,57.251,3.4408,3.4582,1.791
C,2,X-line,36,89.6,50.0,57.251,3.4408,3.4582,1.892
C,2,X-line,37,92.1,50.0,57.251,3.4408,3.4582,1.78
C,2,X-line,38,94.6,50.0,57.251,3.4408,3.4582,1.921
C,2,X-line,39,97.1,50.0,57.251,3.4408,3.4582,1.835
C,2,X-line,40,99.6,50.0,57.251,3.4408,3.4582,1.763
C,2,X-line,41,102.1,50.0,57.251,3.4408,3.4582,1.751
C,2,X-line,42,104.6,50.0,57.251,3.4408,3.4582,1.72
C,2,X-line,43,107.1,50.0,57.251,3.4408,3.4582,1.793
C,2,X-line,44,109.6,50.0,57.251,3.4408,3.4582,1.757
C,2,X-line,45,112.1,50.0,57.251,3.4408,3.4582,1.758
C,2,X-line,46,114.5,50.0,57.251,3.4408,3.4582,1.707
C,2,X-line,47,117.0,50.0,57.251,3.4408,3.4582,1.748
C,2,X-line,48,119.5,50.0,57.251,3.4408,3.4582,1.639
C,2,X-line,49,122.0,50.0,57.251,3.4408,3.4582,1.718
C,2,X-line,50,124.5,50.0,57.251,3.4408,3.4582,1.651
C,2,X-line,51,127.0,50.0,57.251,3.4408,3.4582,1.678
C,2,X-line,52,129.5,50.0,57.251,3.4408,3.4582,1.648
C,2,X-line,53,132.0,50.0,57.251,3.4408,3.4582,1.458
C,2,X-line,54,134.5,50.0,57.251,3.4408,3.4582,1.302
C,2,X-line,55,137.0,50.0,57.251,3.4408,3.4582,1.284
C,2,X-line,56,139.4,50.0,57.251,3.4408,3.4582,1.141
C,2,X-line,57,141.9,50.0,57.251,3.4408,3.4582,1.052
C,2,X-line,58,144.4,50.0,57.251,3.4408,3.4582,0.935
C,2,X-line,59,146.9,50.0,57.251,3.4408,3.4582,1.072
C,2,X-line,60,149.4,50.0,57.251,3.4408,3.4582,0.999
C,2,X-line,61,151.9,50.0,57.251,3.4408,3.4582,1.112
C,2,X-line,62,154.4,50.0,57.251,3.4408,3.4582,1.208
C,2,X-line,63,156.9,50.0,57.251,3.4408,3.4582,1.394
C,2,X-line,64,159.4,50.0,57.251,3.4408,3.4582,1.473
C,2,X-line,65,161.9,50.0,57.0068,3.4261,3.4435,1.585
C,2,X-line,66,164.3,50.0,57.0068,3.4261,3.4435,1.432
C,2,X-line,67,166.8,50.0,56.7627,3.4114,3.4288,1.434
C,2,X-line,68,169.3,50.0,56.6406,3.4041,3.4215,1.468
C,2,X-line,69,171.8,50.0,56.3965,3.3894,3.4068,1.389
C,2,X-line,70,174.3,50.0,56.1523,3.3748,3.3922,1.318
C,2,X-line,71,176.8,50.0,55.9082,3.3601,3.3775,1.103
C,2,X-line,72,179.3,50.0,55.6641,3.3454,3.3628,1.055
C,2,X-line,73,181.8,50.0,55.4199,3.3307,3.3481,1.079
C,2,X-line,74,184.3,50.0,55.1758,3.3161,3.3335,1.384
C,2,X-line,75,186.8,50.0,54.9316,3.3014,3.3188,1.572
C,2,X-line,76,189.2,50.0,54.9316,3.3014,3.3188,1.633
C,2,X-line,77,191.7,50.0,54.9316,3.3014,3.3188,1.784
C,2,X-line,78,194.2,50.0,54.9316,3.3014,3.3188,1.907
C,2,X-line,79,196.7,50.0,54.9316,3.3014,3.3188,2.015
C,2,X-line,80,199.2,50.0,54.9316,3.3014,3.3188,1.919
C,2,X-line,81,201.7,50.0,54.9316,3.3014,3.3188,1.868
C,2,X-line,82,204.2,50.0,54.6875,3.2867,3.3041,1.707
C,2,X-line,83,206.7,50.0,54.4434,3.272,3.2894,1.711
C,2,X-line,84,209.2,50.0,54.1992,3.2574,3.2748,1.506
C,2,X-line,85,211.7,50.0,53.9551,3.2427,3.2601,1.691
C,2,X-line,86,214.1,50.0,53.7109,3.228,3.2454,1.666
C,2,X-line,87,216.6,50.0,53.7109,3.228,3.2454,1.776
C,2,X-line,88,219.1,50.0,53.7109,3.228,3.2454,1.472
C,2,X-line,89,221.6,50.0,53.7109,3.228,3.2454,1.579
C,2,X-line,90,224.1,50.0,53.7109,3.228,3.2454,1.77
C,2,X-line,91,226.6,50.0,53.4668,3.2134,3.2308,1.745
C,2,X-line,92,229.1,50.0,53.4668,3.2134,3.2308,1.811
C,2,X-line,93,231.6,50.0,53.4668,3.2134,3.2308,2.031
C,2,X-line,94,234.1,50.0,53.4668,3.2134,3.2308,1.773
C,2,X-line,95,236.6,50.0,53.4668,3.2134,3.2308,1.756
C,2,X-line,96,239.0,50.0,53.4668,3.2134,3.2308,1.564
C,2,X-line,97,241.5,50.0,53.4668,3.2134,3.2308,1.605
C,2,X-line,98,244.0,50.0,53.4668,3.2134,3.2308,1.649
C,2,X-line,99,246.5,50.0,53.4668,3.2134,3.2308,1.664
C,2,X-line,100,249.0,50.0,53.4668,3.2134,3.2308,1.623
C,2,X-line,101,251.5,50.0,53.4668,3.2134,3.2308,1.719
C,2,X-line,102,254.0,50.0,53.4668,3.2134,3.2308,1.837
C,2,X-line,103,256.5,50.0,53.4668,3.2134,3.2308,1.821
C,2,X-line,104,259.0,50.0,53.2227,3.1987,3.2161,1.954
C,2,X-line,105,261.5,50.0,53.2227,3.1987,3.2161,1.874
C,2,X-line,106,263.9,50.0,53.2227,3.1987,3.2161,1.79
C,2,X-line,107,266.4,50.0,52.9785,3.184,3.2014,1.949
C,2,X-line,108,268.9,50.0,52.9785,3.184,3.2014,1.949
C,2,X-line,109,271.4,50.0,52.8564,3.1767,3.1941,1.882
C,2,X-line,110,273.9,50.0,52.7344,3.1693,3.1867,1.796
C,2,X-line,111,276.4,50.0,52.7344,3.1693,3.1867,1.616
C,2,X-line,112,278.9,50.0,52.7344,3.1693,3.1867,1.588
C,2,X-line,113,281.4,50.0,52.4902,3.1547,3.1721,1.524
C,2,X-line,114,283.9,50.0,52.4902,3.1547,3.1721,1.429
C,2,X-line,115,286.4,50.0,52.4902,3.1547,3.1721,1.507
C,2,X-line,116,288.8,50.0,52.2461,3.14,3.1574,1.55
C,2,X-line,117,291.3,50.0,52.2461,3.14,3.1574,1.49
C,2,X-line,118,293.8,50.0,52.0019,3.1253,3.1427,1.492
C,2,X-line,119,296.3,50.0,52.0019,3.1253,3.1427,1.409
C,2,X-line,120,298.8,50.0,52.0019,3.1253,3.1427,1.403
C,2,X-line,121,301.3,50.0,52.0019,3.1253,3.1427,1.351
C,2,X-line,122,303.8,50.0,52.0019,3.1253,3.1427,1.403
C,2,X-line,123,306.3,50.0,52.0019,3.1253,3.1427,1.3
C,2,X-line,124,308.8,50.0,52.0019,3.1253,3.1427,1.397
C,2,X-line,125,311.2,50.0,52.0019,3.1253,3.1427,1.492
C,2,X-line,126,313.7,50.0,52.0019,3.1253,3.1427,1.539
C,2,X-line,127,316.2,50.0,52.0019,3.1253,3.1427,1.519
C,2,X-line,128,318.7,50.0,52.0019,3.1253,3.1427,1.737
C,2,X-line,129,321.2,50.0,52.0019,3.1253,3.1427,1.775
C,2,X-line,130,323.7,50.0,52.0019,3.1253,3.1427,1.769
C,2,X-line,131,326.2,50.0,52.0019,3.1253,3.1427,1.716
C,2,X-line,132,328.7,50.0,52.0019,3.1253,3.1427,1.698
C,2,X-line,133,331.2,50.0,52.0019,3.1253,3.1427,1.862
C,2,X-line,134,333.7,50.0,52.0019,3.1253,3.1427,1.618
C,2,X-line,135,336.2,50.0,52.0019,3.1253,3.1427,1.621
C,2,X-line,136,338.6,50.0,52.0019,3.1253,3.1427,1.67
C,2,X-line,137,341.1,50.0,52.0019,3.1253,3.1427,1.639
C,2,X-line,138,343.6,50.0,52.0019,3.1253,3.1427,1.596
C,2,X-line,139,346.1,50.0,52.0019,3.1253,3.1427,1.708
C,2,X-line,140,348.6,50.0,52.0019,3.1253,3.1427,1.629
C,2,X-line,141,351.1,50.0,52.0019,3.1253,3.1427,1.729
C,2,X-line,142,353.6,50.0,51.7578,3.1106,3.128,1.639
C,2,X-line,143,356.1,50.0,51.7578,3.1106,3.128,1.664
C,2,X-line,144,358.6,50.0,51.5137,3.096,3.1134,1.811
C,2,X-line,145,361.1,50.0,51.2695,3.0813,3.0987,1.841
C,2,X-line,146,363.5,50.0,51.2695,3.0813,3.0987,1.825
C,2,X-line,147,366.0,50.0,51.0254,3.0666,3.084,1.859
C,2,X-line,148,368.5,50.0,51.0254,3.0666,3.084,1.996
C,2,X-line,149,371.0,50.0,51.0254,3.0666,3.084,1.704
C,2,X-line,150,373.5,50.0,51.0254,3.0666,3.084,1.755
C,2,X-line,151,376.0,50.0,51.0254,3.0666,3.084,1.842
C,2,X-line,152,378.5,50.0,51.0254,3.0666,3.084,1.626
C,2,X-line,153,381.0,50.0,51.0254,3.0666,3.084,1.441
C,2,X-line,154,383.5,50.0,51.0254,3.0666,3.084,1.671
C,2,X-line,155,386.0,50.0,51.0254,3.0666,3.084,1.692
C,2,X-line,156,388.4,50.0,51.0254,3.0666,3.084,1.743
C,2,X-line,157,390.9,50.0,51.0254,3.0666,3.084,1.805
C,2,X-line,158,393.4,50.0,51.0254,3.0666,3.084,1.787
C,2,X-line,159,395.9,50.0,51.0254,3.0666,3.084,1.853
C,2,X-line,160,398.4,50.0,50.9033,3.0593,3.0767,1.733
C,2,X-line,161,400.9,50.0,50.9033,3.0593,3.0767,1.818
C,2,X-line,162,403.4,50.0,50.7812,3.052,3.0694,1.769
C,2,X-line,163,405.9,50.0,50.7812,3.052,3.0694,1.785
C,2,X-line,164,408.4,50.0,50.6592,3.0446,3.062,1.707
C,2,X-line,165,410.9,50.0,50.5371,3.0373,3.0547,1.674
C,2,X-line,166,413.3,50.0,50.293,3.0226,3.04,1.748
C,2,X-line,167,415.8,50.0,50.1709,3.0153,3.0327,1.721
C,2,X-line,168,418.3,50.0,50.1709,3.0153,3.0327,1.692
C,2,X-line,169,420.8,50.0,50.1709,3.0153,3.0327,1.697
C,2,X-line,170,423.3,50.0,50.1709,3.0153,3.0327,1.683
C,2,X-line,171,425.8,50.0,50.1709,3.0153,3.0327,1.621
C,2,X-line,172,428.3,50.0,50.1709,3.0153,3.0327,1.579
C,2,X-line,173,430.8,50.0,50.1709,3.0153,3.0327,1.56
C,2,X-line,174,433.3,50.0,50.1709,3.0153,3.0327,1.508
C,2,X-line,175,435.8,50.0,50.1709,3.0153,3.0327,1.733
C,2,X-line,176,438.2,50.0,50.1709,3.0153,3.0327,1.423
C,2,X-line,177,440.7,50.0,50.1709,3.0153,3.0327,1.073
C,2,X-line,178,443.2,50.0,50.1709,3.0153,3.0327,0.884
C,2,X-line,179,445.7,50.0,50.1709,3.0153,3.0327,0.352
C,2,X-line,180,448.2,50.0,50.1709,3.0153,3.0327,0.811
C,2,X-line,181,450.7,50.0,50.1709,3.0153,3.0327,1.714
C,2,X-line,182,453.2,50.0,50.1709,3.0153,3.0327,1.583
C,2,X-line,183,455.7,50.0,50.1709,3.0153,3.0327,1.944
C,2,X-line,184,458.2,50.0,50.1709,3.0153,3.0327,1.712
C,2,X-line,185,460.7,50.0,50.1709,3.0153,3.0327,1.531
C,2,X-line,186,463.1,50.0,49.9268,3.0006,3.018,1.539
C,2,X-line,187,465.6,50.0,49.8047,2.9933,3.0107,1.491
C,2,X-line,188,468.1,50.0,49.5605,2.9786,2.996,1.637
C,2,X-line,189,470.6,50.0,49.5605,2.9786,2.996,1.873
C,2,X-line,190,473.1,50.0,49.5605,2.9786,2.996,1.876
C,2,X-line,191,475.6,50.0,49.5605,2.9786,2.996,2.076
C,2,X-line,192,478.1,50.0,49.5605,2.9786,2.996,1.894
C,2,X-line,193,480.6,50.0,49.5605,2.9786,2.996,1.817
C,2,X-line,194,483.1,50.0,49.5605,2.9786,2.996,1.685
C,2,X-line,195,485.6,50.0,49.5605,2.9786,2.996,1.618
C,2,X-line,196,488.0,50.0,49.5605,2.9786,2.996,1.572
C,2,X-line,197,490.5,50.0,49.5605,2.9786,2.996,1.53
C,2,X-line,198,493.0,50.0,49.5605,2.9786,2.996,1.666
C,2,X-line,199,495.5,50.0,49.5605,2.9786,2.996,1.709
C,2,X-line,200,498.0,50.0,49.5605,2.9786,2.996,1.761
C,2,X-line,201,500.5,50.0,49.5605,2.9786,2.996,1.786
C,2,X-line,202,503.0,50.0,49.5605,2.9786,2.996,2.0
C,2,X-line,203,505.5,50.0,49.4385,2.9713,2.9887,1.904
C,2,X-line,204,508.0,50.0,49.3164,2.9639,2.9813,2.022
C,2,X-line,205,510.5,50.0,49.0723,2.9492,2.9666,1.88
C,2,X-line,206,512.9,50.0,48.9502,2.9419,2.9593,1.665
C,2,X-line,207,515.4,50.0,48.9502,2.9419,2.9593,1.64
C,2,X-line,208,517.9,50.0,48.9502,2.9419,2.9593,1.661
C,2,X-line,209,520.4,50.0,48.9502,2.9419,2.9593,1.399
C,2,X-line,210,522.9,50.0,48.9502,2.9419,2.9593,1.367
C,2,X-line,211,525.4,50.0,48.9502,2.9419,2.9593,1.512
C,2,X-line,212,527.9,50.0,48.9502,2.9419,2.9593,1.474
C,2,X-line,213,530.4,50.0,48.9502,2.9419,2.9593,1.534
C,2,X-line,214,532.9,50.0,48.9502,2.9419,2.9593,1.621
C,2,X-line,215,535.4,50.0,48.9502,2.9419,2.9593,1.742
C,2,X-line,216,537.8,50.0,48.9502,2.9419,2.9593,1.864
C,2,X-line,217,540.3,50.0,48.706,2.9272,2.9446,2.015
C,2,X-line,218,542.8,50.0,48.584,2.9199,2.9373,2.015
C,2,X-line,219,545.3,50.0,48.584,2.9199,2.9373,2.149
C,2,X-line,220,547.8,50.0,48.584,2.9199,2.9373,2.084
C,2,X-line,221,550.3,50.0,48.584,2.9199,2.9373,2.113
C,2,X-line,222,552.8,50.0,48.584,2.9199,2.9373,2.034
C,2,X-line,223,555.3,50.0,48.584,2.9199,2.9373,2.044
C,2,X-line,224,557.8,50.0,48.584,2.9199,2.9373,2.027
C,2,X-line,225,560.2,50.0,48.584,2.9199,2.9373,1.954
C,2,X-line,226,562.7,50.0,48.584,2.9199,2.9373,1.957
C,2,X-line,227,565.2,50.0,48.584,2.9199,2.9373,1.918
C,2,X-line,228,567.7,50.0,48.584,2.9199,2.9373,1.856
C,2,X-line,229,570.2,50.0,48.584,2.9199,2.9373,1.747
C,2,X-line,230,572.7,50.0,48.584,2.9199,2.9373,1.746
C,2,X-line,231,575.2,50.0,48.584,2.9199,2.9373,1.492
C,2,X-line,232,577.7,50.0,48.584,2.9199,2.9373,1.579
C,2,X-line,233,580.2,50.0,48.584,2.9199,2.9373,1.447
C,2,X-line,234,582.7,50.0,48.584,2.9199,2.9373,1.356
C,2,X-line,235,585.2,50.0,48.584,2.9199,2.9373,1.453
C,2,X-line,236,587.6,50.0,48.584,2.9199,2.9373,1.33
C,2,X-line,237,590.1,50.0,48.584,2.9199,2.9373,1.517
C,2,X-line,238,592.6,50.0,48.584,2.9199,2.9373,1.441
C,2,X-line,239,595.1,50.0,48.584,2.9199,2.9373,1.268
C,2,X-line,240,597.6,50.0,48.584,2.9199,2.9373,0.897
C,2,X-line,241,600.1,50.0,48.3398,2.9052,2.9226,1.192
C,2,X-line,242,602.6,50.0,48.2178,2.8979,2.9153,1.008
C,2,X-line,243,605.1,50.0,48.2178,2.8979,2.9153,1.224
C,2,X-line,244,607.6,50.0,48.2178,2.8979,2.9153,1.231
C,2,X-line,245,610.1,50.0,48.2178,2.8979,2.9153,1.246
C,2,X-line,246,612.5,50.0,48.2178,2.8979,2.9153,1.159
C,2,X-line,247,615.0,50.0,48.2178,2.8979,2.9153,1.169
C,2,X-line,248,617.5,50.0,48.2178,2.8979,2.9153,1.218
C,2,X-line,249,620.0,50.0,48.2178,2.8979,2.9153,1.29
C,2,X-line,250,622.5,50.0,48.2178,2.8979,2.9153,1.213
C,2,X-line,251,625.0,50.0,48.2178,2.8979,2.9153,1.172
C,2,X-line,252,627.5,50.0,48.2178,2.8979,2.9153,1.274
C,2,X-line,253,630.0,50.0,48.2178,2.8979,2.9153,1.135
C,2,X-line,254,632.5,50.0,48.2178,2.8979,2.9153,0.935
C,2,X-line,255,635.0,50.0,48.2178,2.8979,2.9153,0.882
C,2,X-line,256,637.4,50.0,48.4619,2.9126,2.93,0.369
C,2,X-line,257,639.9,50.0,48.4619,2.9126,2.93,0.928
C,2,X-line,258,642.4,50.0,48.4619,2.9126,2.93,0.898
C,2,X-line,259,644.9,50.0,48.4619,2.9126,2.93,1.112
C,2,X-line,260,647.4,50.0,48.4619,2.9126,2.93,1.112
C,2,X-line,261,649.9,50.0,48.4619,2.9126,2.93,1.504
C,2,X-line,262,652.4,50.0,48.4619,2.9126,2.93,1.439
C,2,X-line,263,654.9,50.0,48.4619,2.9126,2.93,1.559
C,2,X-line,264,657.4,50.0,48.4619,2.9126,2.93,1.784
C,2,X-line,265,659.9,50.0,48.4619,2.9126,2.93,1.882
C,2,X-line,266,662.3,50.0,48.4619,2.9126,2.93,1.794
C,2,X-line,267,664.8,50.0,48.4619,2.9126,2.93,1.752
C,2,X-line,268,667.3,50.0,48.4619,2.9126,2.93,1.785
C,2,X-line,269,669.8,50.0,48.4619,2.9126,2.93,1.705
C,2,X-line,270,672.3,50.0,48.4619,2.9126,2.93,1.686
C,2,X-line,271,674.8,50.0,48.4619,2.9126,2.93,1.537
C,2,X-line,272,677.3,50.0,48.584,2.9199,2.9373,1.645
C,2,X-line,273,679.8,50.0,48.584,2.9199,2.9373,1.417
C,2,X-line,274,682.3,50.0,48.584,2.9199,2.9373,1.351
C,2,X-line,275,684.8,50.0,48.584,2.9199,2.9373,1.28
C,2,X-line,276,687.2,50.0,48.584,2.9199,2.9373,1.194
C,2,X-line,277,689.7,50.0,48.584,2.9199,2.9373,1.464
C,2,X-line,278,692.2,50.0,48.584,2.9199,2.9373,1.416
C,2,X-line,279,694.7,50.0,48.584,2.9199,2.9373,1.334
C,2,X-line,280,697.2,50.0,48.584,2.9199,2.9373,1.312
C,2,X-line,281,699.7,50.0,48.584,2.9199,2.9373,1.374
C,2,X-line,282,702.2,50.0,48.584,2.9199,2.9373,1.476
C,2,X-line,283,704.7,50.0,48.584,2.9199,2.9373,1.624
C,3,X-line,0,0.0,100.0,55.4199,3.3307,3.4007,1.412
C,3,X-line,1,2.5,100.0,55.4199,3.3307,3.4007,1.573
C,3,X-line,2,5.0,100.0,55.4199,3.3307,3.4007,1.547
C,3,X-line,3,7.5,100.0,55.4199,3.3307,3.4007,1.42
C,3,X-line,4,10.0,100.0,55.4199,3.3307,3.4007,1.356
C,3,X-line,5,12.5,100.0,55.4199,3.3307,3.4007,1.306
C,3,X-line,6,14.9,100.0,55.4199,3.3307,3.4007,1.398
C,3,X-line,7,17.4,100.0,55.4199,3.3307,3.4007,1.266
C,3,X-line,8,19.9,100.0,55.2978,3.3234,3.3934,1.381
C,3,X-line,9,22.4,100.0,55.2978,3.3234,3.3934,1.478
C,3,X-line,10,24.9,100.0,55.2978,3.3234,3.3934,1.595
C,3,X-line,11,27.4,100.0,55.0537,3.3087,3.3787,1.461
C,3,X-line,12,29.9,100.0,54.9316,3.3014,3.3714,1.595
C,3,X-line,13,32.4,100.0,54.6875,3.2867,3.3567,1.452
C,3,X-line,14,34.9,100.0,54.6875,3.2867,3.3567,1.752
C,3,X-line,15,37.4,100.0,54.4434,3.272,3.342,1.65
C,3,X-line,16,39.8,100.0,54.4434,3.272,3.342,1.443
C,3,X-line,17,42.3,100.0,54.4434,3.272,3.342,1.57
C,3,X-line,18,44.8,100.0,54.1992,3.2574,3.3274,1.485
C,3,X-line,19,47.3,100.0,54.1992,3.2574,3.3274,1.316
C,3,X-line,20,49.8,100.0,54.1992,3.2574,3.3274,1.426
C,3,X-line,21,52.3,100.0,54.1992,3.2574,3.3274,1.459
C,3,X-line,22,54.8,100.0,54.1992,3.2574,3.3274,1.233
C,3,X-line,23,57.3,100.0,54.1992,3.2574,3.3274,1.356
C,3,X-line,24,59.8,100.0,54.1992,3.2574,3.3274,1.262
C,3,X-line,25,62.3,100.0,54.1992,3.2574,3.3274,1.404
C,3,X-line,26,64.7,100.0,54.1992,3.2574,3.3274,1.326
C,3,X-line,27,67.2,100.0,54.1992,3.2574,3.3274,1.371
C,3,X-line,28,69.7,100.0,54.1992,3.2574,3.3274,1.355
C,3,X-line,29,72.2,100.0,53.9551,3.2427,3.3127,1.52
C,3,X-line,30,74.7,100.0,53.9551,3.2427,3.3127,1.443
C,3,X-line,31,77.2,100.0,53.9551,3.2427,3.3127,1.493
C,3,X-line,32,79.7,100.0,53.9551,3.2427,3.3127,1.453
C,3,X-line,33,82.2,100.0,53.9551,3.2427,3.3127,1.259
C,3,X-line,34,84.7,100.0,53.9551,3.2427,3.3127,1.344
C,3,X-line,35,87.2,100.0,53.9551,3.2427,3.3127,1.275
C,3,X-line,36,89.6,100.0,53.9551,3.2427,3.3127,1.432
C,3,X-line,37,92.1,100.0,53.9551,3.2427,3.3127,1.387
C,3,X-line,38,94.6,100.0,53.833,3.2354,3.3054,1.285
C,3,X-line,39,97.1,100.0,53.7109,3.228,3.298,1.19
C,3,X-line,40,99.6,100.0,53.4668,3.2134,3.2834,1.053
C,3,X-line,41,102.1,100.0,53.2227,3.1987,3.2687,0.869
C,3,X-line,42,104.6,100.0,52.9785,3.184,3.254,0.498
C,3,X-line,43,107.1,100.0,52.7344,3.1693,3.2393,1.087
C,3,X-line,44,109.6,100.0,52.4902,3.1547,3.2247,1.156
C,3,X-line,45,112.1,100.0,52.2461,3.14,3.21,1.528
C,3,X-line,46,114.5,100.0,52.2461,3.14,3.21,1.662
C,3,X-line,47,117.0,100.0,52.2461,3.14,3.21,1.74
C,3,X-line,48,119.5,100.0,52.2461,3.14,3.21,1.353
C,3,X-line,49,122.0,100.0,52.2461,3.14,3.21,1.329
C,3,X-line,50,124.5,100.0,52.2461,3.14,3.21,1.192
C,3,X-line,51,127.0,100.0,52.2461,3.14,3.21,0.959
C,3,X-line,52,129.5,100.0,52.2461,3.14,3.21,0.732
C,3,X-line,53,132.0,100.0,52.2461,3.14,3.21,0.82
C,3,X-line,54,134.5,100.0,52.2461,3.14,3.21,0.91
C,3,X-line,55,137.0,100.0,52.2461,3.14,3.21,1.056
C,3,X-line,56,139.4,100.0,52.2461,3.14,3.21,1.225
C,3,X-line,57,141.9,100.0,52.2461,3.14,3.21,1.447
C,3,X-line,58,144.4,100.0,52.2461,3.14,3.21,1.448
C,3,X-line,59,146.9,100.0,52.2461,3.14,3.21,1.647
C,3,X-line,60,149.4,100.0,52.2461,3.14,3.21,1.769
C,3,X-line,61,151.9,100.0,52.2461,3.14,3.21,1.62
C,3,X-line,62,154.4,100.0,52.2461,3.14,3.21,1.562
C,3,X-line,63,156.9,100.0,52.2461,3.14,3.21,1.469
C,3,X-line,64,159.4,100.0,52.2461,3.14,3.21,1.0
C,3,X-line,65,161.9,100.0,52.2461,3.14,3.21,1.3
C,3,X-line,66,164.3,100.0,52.2461,3.14,3.21,1.373
C,3,X-line,67,166.8,100.0,52.2461,3.14,3.21,1.849
C,3,X-line,68,169.3,100.0,52.4902,3.1547,3.2247,1.759
C,3,X-line,69,171.8,100.0,52.4902,3.1547,3.2247,1.973
C,3,X-line,70,174.3,100.0,52.4902,3.1547,3.2247,1.577
C,3,X-line,71,176.8,100.0,52.4902,3.1547,3.2247,1.537
C,3,X-line,72,179.3,100.0,52.4902,3.1547,3.2247,1.748
C,3,X-line,73,181.8,100.0,52.4902,3.1547,3.2247,1.857
C,3,X-line,74,184.3,100.0,52.4902,3.1547,3.2247,1.883
C,3,X-line,75,186.8,100.0,52.4902,3.1547,3.2247,1.845
C,3,X-line,76,189.2,100.0,52.4902,3.1547,3.2247,1.964
C,3,X-line,77,191.7,100.0,52.4902,3.1547,3.2247,2.046
C,3,X-line,78,194.2,100.0,52.4902,3.1547,3.2247,2.138
C,3,X-line,79,196.7,100.0,52.4902,3.1547,3.2247,1.868
C,3,X-line,80,199.2,100.0,52.4902,3.1547,3.2247,2.226
C,3,X-line,81,201.7,100.0,52.4902,3.1547,3.2247,2.002
C,3,X-line,82,204.2,100.0,52.4902,3.1547,3.2247,2.037
C,3,X-line,83,206.7,100.0,52.4902,3.1547,3.2247,2.111
C,3,X-line,84,209.2,100.0,52.3682,3.1473,3.2173,2.173
C,3,X-line,85,211.7,100.0,52.2461,3.14,3.21,2.187
C,3,X-line,86,214.1,100.0,52.124,3.1327,3.2027,2.322
C,3,X-line,87,216.6,100.0,52.0019,3.1253,3.1953,2.339
C,3,X-line,88,219.1,100.0,52.0019,3.1253,3.1953,2.289
C,3,X-line,89,221.6,100.0,52.0019,3.1253,3.1953,2.237
C,3,X-line,90,224.1,100.0,51.7578,3.1106,3.1806,2.115
C,3,X-line,91,226.6,100.0,51.7578,3.1106,3.1806,2.207
C,3,X-line,92,229.1,100.0,51.7578,3.1106,3.1806,2.225
C,3,X-line,93,231.6,100.0,51.7578,3.1106,3.1806,1.946
C,3,X-line,94,234.1,100.0,51.7578,3.1106,3.1806,1.922
C,3,X-line,95,236.6,100.0,51.7578,3.1106,3.1806,1.752
C,3,X-line,96,239.0,100.0,51.7578,3.1106,3.1806,1.681
C,3,X-line,97,241.5,100.0,51.7578,3.1106,3.1806,1.651
C,3,X-line,98,244.0,100.0,51.7578,3.1106,3.1806,1.724
C,3,X-line,99,246.5,100.0,51.7578,3.1106,3.1806,1.807
C,3,X-line,100,249.0,100.0,51.7578,3.1106,3.1806,1.743
C,3,X-line,101,251.5,100.0,51.7578,3.1106,3.1806,1.83
C,3,X-line,102,254.0,100.0,51.7578,3.1106,3.1806,1.759
C,3,X-line,103,256.5,100.0,51.7578,3.1106,3.1806,2.024
C,3,X-line,104,259.0,100.0,51.7578,3.1106,3.1806,1.862
C,3,X-line,105,261.5,100.0,51.7578,3.1106,3.1806,1.696
C,3,X-line,106,263.9,100.0,51.7578,3.1106,3.1806,1.597
C,3,X-line,107,266.4,100.0,51.8799,3.118,3.188,1.708
C,3,X-line,108,268.9,100.0,52.0019,3.1253,3.1953,1.591
C,3,X-line,109,271.4,100.0,52.0019,3.1253,3.1953,1.768
C,3,X-line,110,273.9,100.0,52.0019,3.1253,3.1953,1.612
C,3,X-line,111,276.4,100.0,52.124,3.1327,3.2027,1.596
C,3,X-line,112,278.9,100.0,52.124,3.1327,3.2027,1.646
C,3,X-line,113,281.4,100.0,52.124,3.1327,3.2027,1.523
C,3,X-line,114,283.9,100.0,52.124,3.1327,3.2027,1.446
C,3,X-line,115,286.4,100.0,52.124,3.1327,3.2027,1.38
C,3,X-line,116,288.8,100.0,52.124,3.1327,3.2027,1.271
C,3,X-line,117,291.3,100.0,52.124,3.1327,3.2027,1.279
C,3,X-line,118,293.8,100.0,52.124,3.1327,3.2027,1.279
C,3,X-line,119,296.3,100.0,52.124,3.1327,3.2027,1.391
C,3,X-line,120,298.8,100.0,52.124,3.1327,3.2027,1.384
C,3,X-line,121,301.3,100.0,52.124,3.1327,3.2027,1.263
C,3,X-line,122,303.8,100.0,52.124,3.1327,3.2027,1.367
C,3,X-line,123,306.3,100.0,52.124,3.1327,3.2027,1.31
C,3,X-line,124,308.8,100.0,52.124,3.1327,3.2027,1.344
C,3,X-line,125,311.2,100.0,52.124,3.1327,3.2027,1.389
C,3,X-line,126,313.7,100.0,52.124,3.1327,3.2027,1.33
C,3,X-line,127,316.2,100.0,52.124,3.1327,3.2027,1.414
C,3,X-line,128,318.7,100.0,52.124,3.1327,3.2027,1.325
C,3,X-line,129,321.2,100.0,52.124,3.1327,3.2027,1.334
C,3,X-line,130,323.7,100.0,52.124,3.1327,3.2027,1.324
C,3,X-line,131,326.2,100.0,51.8799,3.118,3.188,1.195
C,3,X-line,132,328.7,100.0,51.6357,3.1033,3.1733,0.862
C,3,X-line,133,331.2,100.0,51.3916,3.0886,3.1586,0.61
C,3,X-line,134,333.7,100.0,51.1475,3.074,3.144,0.709
C,3,X-line,135,336.2,100.0,50.9033,3.0593,3.1293,1.054
C,3,X-line,136,338.6,100.0,50.6592,3.0446,3.1146,1.146
C,3,X-line,137,341.1,100.0,50.415,3.0299,3.0999,1.484
C,3,X-line,138,343.6,100.0,50.293,3.0226,3.0926,1.493
C,3,X-line,139,346.1,100.0,50.293,3.0226,3.0926,1.717
C,3,X-line,140,348.6,100.0,50.293,3.0226,3.0926,2.058
C,3,X-line,141,351.1,100.0,50.293,3.0226,3.0926,1.879
C,3,X-line,142,353.6,100.0,50.293,3.0226,3.0926,1.892
C,3,X-line,143,356.1,100.0,50.293,3.0226,3.0926,1.854
C,3,X-line,144,358.6,100.0,50.0488,3.0079,3.0779,1.815
C,3,X-line,145,361.1,100.0,50.0488,3.0079,3.0779,1.926
C,3,X-line,146,363.5,100.0,49.8047,2.9933,3.0633,1.728
C,3,X-line,147,366.0,100.0,49.8047,2.9933,3.0633,1.681
C,3,X-line,148,368.5,100.0,49.8047,2.9933,3.0633,1.518
C,3,X-line,149,371.0,100.0,49.8047,2.9933,3.0633,1.62
C,3,X-line,150,373.5,100.0,49.8047,2.9933,3.0633,1.392
C,3,X-line,151,376.0,100.0,49.5605,2.9786,3.0486,1.427
C,3,X-line,152,378.5,100.0,49.3164,2.9639,3.0339,1.467
C,3,X-line,153,381.0,100.0,49.0723,2.9492,3.0192,1.454
C,3,X-line,154,383.5,100.0,49.0723,2.9492,3.0192,1.32
C,3,X-line,155,386.0,100.0,49.0723,2.9492,3.0192,1.392
C,3,X-line,156,388.4,100.0,49.0723,2.9492,3.0192,1.435
C,3,X-line,157,390.9,100.0,49.0723,2.9492,3.0192,1.505
C,3,X-line,158,393.4,100.0,49.0723,2.9492,3.0192,1.257
C,3,X-line,159,395.9,100.0,49.0723,2.9492,3.0192,1.368
C,3,X-line,160,398.4,100.0,49.0723,2.9492,3.0192,1.659
C,3,X-line,161,400.9,100.0,49.0723,2.9492,3.0192,1.511
C,3,X-line,162,403.4,100.0,49.0723,2.9492,3.0192,1.614
C,3,X-line,163,405.9,100.0,49.0723,2.9492,3.0192,1.506
C,3,X-line,164,408.4,100.0,49.0723,2.9492,3.0192,1.559
C,3,X-line,165,410.9,100.0,49.0723,2.9492,3.0192,1.778
C,3,X-line,166,413.3,100.0,48.9502,2.9419,3.0119,1.673
C,3,X-line,167,415.8,100.0,48.9502,2.9419,3.0119,1.595
C,3,X-line,168,418.3,100.0,48.9502,2.9419,3.0119,1.646
C,3,X-line,169,420.8,100.0,48.9502,2.9419,3.0119,1.457
C,3,X-line,170,423.3,100.0,48.9502,2.9419,3.0119,1.458
C,3,X-line,171,425.8,100.0,48.9502,2.9419,3.0119,1.466
C,3,X-line,172,428.3,100.0,48.9502,2.9419,3.0119,1.307
C,3,X-line,173,430.8,100.0,48.9502,2.9419,3.0119,1.097
C,3,X-line,174,433.3,100.0,48.9502,2.9419,3.0119,0.985
C,3,X-line,175,435.8,100.0,49.1943,2.9566,3.0266,0.464
C,3,X-line,176,438.2,100.0,49.4385,2.9713,3.0413,0.276
C,3,X-line,177,440.7,100.0,49.6826,2.9859,3.0559,0.758
C,3,X-line,178,443.2,100.0,49.9268,3.0006,3.0706,1.381
C,3,X-line,179,445.7,100.0,49.9268,3.0006,3.0706,1.611
C,3,X-line,180,448.2,100.0,49.9268,3.0006,3.0706,1.856
C,3,X-line,181,450.7,100.0,49.9268,3.0006,3.0706,1.881
C,3,X-line,182,453.2,100.0,49.9268,3.0006,3.0706,2.033
C,3,X-line,183,455.7,100.0,49.9268,3.0006,3.0706,2.061
C,3,X-line,184,458.2,100.0,49.9268,3.0006,3.0706,2.041
C,3,X-line,185,460.7,100.0,49.9268,3.0006,3.0706,2.099
C,3,X-line,186,463.1,100.0,49.9268,3.0006,3.0706,2.122
C,3,X-line,187,465.6,100.0,49.9268,3.0006,3.0706,2.037
C,3,X-line,188,468.1,100.0,49.9268,3.0006,3.0706,1.95
C,3,X-line,189,470.6,100.0,49.9268,3.0006,3.0706,1.925
C,3,X-line,190,473.1,100.0,49.9268,3.0006,3.0706,1.815
C,3,X-line,191,475.6,100.0,49.6826,2.9859,3.0559,1.69
C,3,X-line,192,478.1,100.0,49.6826,2.9859,3.0559,1.603
C,3,X-line,193,480.6,100.0,49.4385,2.9713,3.0413,1.478
C,3,X-line,194,483.1,100.0,49.3164,2.9639,3.0339,1.472
C,3,X-line,195,485.6,100.0,49.0723,2.9492,3.0192,1.361
C,3,X-line,196,488.0,100.0,48.8281,2.9346,3.0046,1.404
C,3,X-line,197,490.5,100.0,48.706,2.9272,2.9972,1.33
C,3,X-line,198,493.0,100.0,48.584,2.9199,2.9899,1.505
C,3,X-line,199,495.5,100.0,48.3398,2.9052,2.9752,1.447
C,3,X-line,200,498.0,100.0,48.3398,2.9052,2.9752,1.52
C,3,X-line,201,500.5,100.0,48.2178,2.8979,2.9679,1.401
C,3,X-line,202,503.0,100.0,48.0957,2.8906,2.9606,1.366
C,3,X-line,203,505.5,100.0,48.0957,2.8906,2.9606,1.232
C,3,X-line,204,508.0,100.0,47.9736,2.8832,2.9532,1.33
C,3,X-line,205,510.5,100.0,47.9736,2.8832,2.9532,1.194
C,3,X-line,206,512.9,100.0,47.8516,2.8759,2.9459,1.389
C,3,X-line,207,515.4,100.0,47.8516,2.8759,2.9459,1.313
C,3,X-line,208,517.9,100.0,47.8516,2.8759,2.9459,1.396
C,3,X-line,209,520.4,100.0,47.8516,2.8759,2.9459,1.543
C,3,X-line,210,522.9,100.0,47.8516,2.8759,2.9459,1.291
C,3,X-line,211,525.4,100.0,47.8516,2.8759,2.9459,1.121
C,3,X-line,212,527.9,100.0,47.8516,2.8759,2.9459,0.959
C,3,X-line,213,530.4,100.0,47.8516,2.8759,2.9459,1.032
C,3,X-line,214,532.9,100.0,47.8516,2.8759,2.9459,1.101
C,3,X-line,215,535.4,100.0,47.8516,2.8759,2.9459,1.335
C,3,X-line,216,537.8,100.0,47.8516,2.8759,2.9459,1.42
C,3,X-line,217,540.3,100.0,47.8516,2.8759,2.9459,1.579
C,3,X-line,218,542.8,100.0,47.8516,2.8759,2.9459,1.585
C,3,X-line,219,545.3,100.0,47.8516,2.8759,2.9459,1.813
C,3,X-line,220,547.8,100.0,47.8516,2.8759,2.9459,1.884
C,3,X-line,221,550.3,100.0,47.8516,2.8759,2.9459,1.892
C,3,X-line,222,552.8,100.0,47.8516,2.8759,2.9459,1.779
C,3,X-line,223,555.3,100.0,47.8516,2.8759,2.9459,1.819
C,3,X-line,224,557.8,100.0,47.8516,2.8759,2.9459,1.791
C,3,X-line,225,560.2,100.0,47.8516,2.8759,2.9459,1.773
C,3,X-line,226,562.7,100.0,47.8516,2.8759,2.9459,1.791
C,3,X-line,227,565.2,100.0,47.8516,2.8759,2.9459,1.877
C,3,X-line,228,567.7,100.0,47.7295,2.8685,2.9385,1.853
C,3,X-line,229,570.2,100.0,47.7295,2.8685,2.9385,1.847
C,3,X-line,230,572.7,100.0,47.7295,2.8685,2.9385,1.939
C,3,X-line,231,575.2,100.0,47.7295,2.8685,2.9385,1.979
C,3,X-line,232,577.7,100.0,47.7295,2.8685,2.9385,1.882
C,3,X-line,233,580.2,100.0,47.7295,2.8685,2.9385,1.964
C,3,X-line,234,582.7,100.0,47.7295,2.8685,2.9385,1.846
C,3,X-line,235,585.2,100.0,47.7295,2.8685,2.9385,1.818
C,3,X-line,236,587.6,100.0,47.7295,2.8685,2.9385,1.773
C,3,X-line,237,590.1,100.0,47.7295,2.8685,2.9385,1.667
C,3,X-line,238,592.6,100.0,47.7295,2.8685,2.9385,1.603
C,3,X-line,239,595.1,100.0,47.7295,2.8685,2.9385,1.545
C,3,X-line,240,597.6,100.0,47.7295,2.8685,2.9385,1.31
C,3,X-line,241,600.1,100.0,47.7295,2.8685,2.9385,1.187
C,3,X-line,242,602.6,100.0,47.4853,2.8539,2.9239,0.878
C,3,X-line,243,605.1,100.0,47.2412,2.8392,2.9092,0.831
C,3,X-line,244,607.6,100.0,47.1191,2.8319,2.9019,0.99
C,3,X-line,245,610.1,100.0,47.1191,2.8319,2.9019,1.127
C,3,X-line,246,612.5,100.0,47.1191,2.8319,2.9019,1.248
C,3,X-line,247,615.0,100.0,47.1191,2.8319,2.9019,1.23
C,3,X-line,248,617.5,100.0,47.1191,2.8319,2.9019,1.083
C,3,X-line,249,620.0,100.0,47.1191,2.8319,2.9019,1.27
C,3,X-line,250,622.5,100.0,47.1191,2.8319,2.9019,1.389
C,3,X-line,251,625.0,100.0,47.1191,2.8319,2.9019,1.51
C,3,X-line,252,627.5,100.0,47.1191,2.8319,2.9019,1.576
C,3,X-line,253,630.0,100.0,47.1191,2.8319,2.9019,1.761
C,3,X-line,254,632.5,100.0,47.1191,2.8319,2.9019,1.476
C,3,X-line,255,635.0,100.0,47.1191,2.8319,2.9019,1.647
C,3,X-line,256,637.4,100.0,47.1191,2.8319,2.9019,1.19
C,3,X-line,257,639.9,100.0,46.9971,2.8245,2.8945,0.763
C,3,X-line,258,642.4,100.0,46.7529,2.8099,2.8799,0.582
C,3,X-line,259,644.9,100.0,46.7529,2.8099,2.8799,0.881
C,3,X-line,260,647.4,100.0,46.5088,2.7952,2.8652,0.919
C,3,X-line,261,649.9,100.0,46.5088,2.7952,2.8652,1.02
C,3,X-line,262,652.4,100.0,46.5088,2.7952,2.8652,1.184
C,3,X-line,263,654.9,100.0,46.5088,2.7952,2.8652,1.09
C,3,X-line,264,657.4,100.0,46.5088,2.7952,2.8652,1.313
C,3,X-line,265,659.9,100.0,46.5088,2.7952,2.8652,1.542
C,3,X-line,266,662.3,100.0,46.5088,2.7952,2.8652,1.416
C,3,X-line,267,664.8,100.0,46.5088,2.7952,2.8652,1.351
C,3,X-line,268,667.3,100.0,46.5088,2.7952,2.8652,1.09
C,3,X-line,269,669.8,100.0,46.7529,2.8099,2.8799,0.709
C,3,X-line,270,672.3,100.0,46.9971,2.8245,2.8945,0.805
C,3,X-line,271,674.8,100.0,47.1191,2.8319,2.9019,0.98
C,3,X-line,272,677.3,100.0,47.1191,2.8319,2.9019,0.93
C,3,X-line,273,679.8,100.0,47.1191,2.8319,2.9019,1.167
C,3,X-line,274,682.3,100.0,47.1191,2.8319,2.9019,1.45
C,3,X-line,275,684.8,100.0,47.1191,2.8319,2.9019,1.512
C,3,X-line,276,687.2,100.0,47.1191,2.8319,2.9019,1.613
C,3,X-line,277,689.7,100.0,47.1191,2.8319,2.9019,1.473
C,3,X-line,278,692.2,100.0,47.1191,2.8319,2.9019,1.417
C,3,X-line,279,694.7,100.0,47.1191,2.8319,2.9019,1.27
C,4,X-line,0,0.0,150.0,47.1191,2.8319,2.9729,1.491
C,4,X-line,1,2.5,150.0,47.1191,2.8319,2.9729,1.557
C,4,X-line,2,5.0,150.0,47.1191,2.8319,2.9729,1.772
C,4,X-line,3,7.5,150.0,47.1191,2.8319,2.9729,1.834
C,4,X-line,4,10.0,150.0,47.1191,2.8319,2.9729,1.547
C,4,X-line,5,12.5,150.0,47.1191,2.8319,2.9729,1.314
C,4,X-line,6,14.9,150.0,47.1191,2.8319,2.9729,1.31
C,4,X-line,7,17.4,150.0,47.1191,2.8319,2.9729,1.513
C,4,X-line,8,19.9,150.0,46.875,2.8172,2.9582,1.294
C,4,X-line,9,22.4,150.0,46.6309,2.8025,2.9435,1.194
C,4,X-line,10,24.9,150.0,46.6309,2.8025,2.9435,0.674
C,4,X-line,11,27.4,150.0,46.6309,2.8025,2.9435,1.063
C,4,X-line,12,29.9,150.0,46.6309,2.8025,2.9435,1.183
C,4,X-line,13,32.4,150.0,46.6309,2.8025,2.9435,1.109
C,4,X-line,14,34.9,150.0,46.6309,2.8025,2.9435,1.016
C,4,X-line,15,37.4,150.0,46.6309,2.8025,2.9435,1.233
C,4,X-line,16,39.8,150.0,46.6309,2.8025,2.9435,1.078
C,4,X-line,17,42.3,150.0,46.6309,2.8025,2.9435,1.12
C,4,X-line,18,44.8,150.0,46.6309,2.8025,2.9435,1.076
C,4,X-line,19,47.3,150.0,46.6309,2.8025,2.9435,1.106
C,4,X-line,20,49.8,150.0,46.6309,2.8025,2.9435,0.991
C,4,X-line,21,52.3,150.0,46.6309,2.8025,2.9435,1.094
C,4,X-line,22,54.8,150.0,46.6309,2.8025,2.9435,1.271
C,4,X-line,23,57.3,150.0,46.6309,2.8025,2.9435,0.841
C,4,X-line,24,59.8,150.0,46.6309,2.8025,2.9435,1.072
C,4,X-line,25,62.3,150.0,46.6309,2.8025,2.9435,1.214
C,4,X-line,26,64.7,150.0,46.6309,2.8025,2.9435,1.295
C,4,X-line,27,67.2,150.0,46.6309,2.8025,2.9435,1.351
C,4,X-line,28,69.7,150.0,46.6309,2.8025,2.9435,1.54
C,4,X-line,29,72.2,150.0,46.6309,2.8025,2.9435,1.879
C,4,X-line,30,74.7,150.0,46.6309,2.8025,2.9435,1.892
C,4,X-line,31,77.2,150.0,46.6309,2.8025,2.9435,1.862
C,4,X-line,32,79.7,150.0,46.6309,2.8025,2.9435,1.894
C,4,X-line,33,82.2,150.0,46.6309,2.8025,2.9435,1.746
C,4,X-line,34,84.7,150.0,46.6309,2.8025,2.9435,1.81
C,4,X-line,35,87.2,150.0,46.6309,2.8025,2.9435,1.675
C,4,X-line,36,89.6,150.0,46.6309,2.8025,2.9435,1.771
C,4,X-line,37,92.1,150.0,46.875,2.8172,2.9582,1.694
C,4,X-line,38,94.6,150.0,46.875,2.8172,2.9582,1.712
C,4,X-line,39,97.1,150.0,47.1191,2.8319,2.9729,1.748
C,4,X-line,40,99.6,150.0,47.1191,2.8319,2.9729,1.856
C,4,X-line,41,102.1,150.0,47.1191,2.8319,2.9729,1.592
C,4,X-line,42,104.6,150.0,47.1191,2.8319,2.9729,1.351
C,4,X-line,43,107.1,150.0,47.3633,2.8465,2.9875,1.41
C,4,X-line,44,109.6,150.0,47.3633,2.8465,2.9875,1.442
C,4,X-line,45,112.1,150.0,47.6074,2.8612,3.0022,1.56
C,4,X-line,46,114.5,150.0,47.6074,2.8612,3.0022,1.702
C,4,X-line,47,117.0,150.0,47.6074,2.8612,3.0022,1.326
C,4,X-line,48,119.5,150.0,47.6074,2.8612,3.0022,1.311
C,4,X-line,49,122.0,150.0,47.6074,2.8612,3.0022,1.268
C,4,X-line,50,124.5,150.0,47.6074,2.8612,3.0022,1.136
C,4,X-line,51,127.0,150.0,47.6074,2.8612,3.0022,1.342
C,4,X-line,52,129.5,150.0,47.6074,2.8612,3.0022,1.591
C,4,X-line,53,132.0,150.0,47.6074,2.8612,3.0022,1.369
C,4,X-line,54,134.5,150.0,47.6074,2.8612,3.0022,0.865
C,4,X-line,55,137.0,150.0,47.8516,2.8759,3.0169,0.985
C,4,X-line,56,139.4,150.0,48.0957,2.8906,3.0316,0.769
C,4,X-line,57,141.9,150.0,48.3398,2.9052,3.0462,0.958
C,4,X-line,58,144.4,150.0,48.3398,2.9052,3.0462,0.758
C,4,X-line,59,146.9,150.0,48.3398,2.9052,3.0462,1.024
C,4,X-line,60,149.4,150.0,48.3398,2.9052,3.0462,1.325
C,4,X-line,61,151.9,150.0,48.3398,2.9052,3.0462,1.72
C,4,X-line,62,154.4,150.0,48.3398,2.9052,3.0462,1.39
C,4,X-line,63,156.9,150.0,48.584,2.9199,3.0609,1.529
C,4,X-line,64,159.4,150.0,48.584,2.9199,3.0609,1.554
C,4,X-line,65,161.9,150.0,48.584,2.9199,3.0609,1.855
C,4,X-line,66,164.3,150.0,48.584,2.9199,3.0609,1.753
C,4,X-line,67,166.8,150.0,48.584,2.9199,3.0609,1.529
C,4,X-line,68,169.3,150.0,48.584,2.9199,3.0609,1.6
C,4,X-line,69,171.8,150.0,48.584,2.9199,3.0609,1.682
C,4,X-line,70,174.3,150.0,48.584,2.9199,3.0609,1.432
C,4,X-line,71,176.8,150.0,48.584,2.9199,3.0609,1.476
C,4,X-line,72,179.3,150.0,48.706,2.9272,3.0682,1.229
C,4,X-line,73,181.8,150.0,48.706,2.9272,3.0682,0.806
C,4,X-line,74,184.3,150.0,48.9502,2.9419,3.0829,1.11
C,4,X-line,75,186.8,150.0,49.0723,2.9492,3.0902,1.119
C,4,X-line,76,189.2,150.0,49.3164,2.9639,3.1049,1.09
C,4,X-line,77,191.7,150.0,49.3164,2.9639,3.1049,1.417
C,4,X-line,78,194.2,150.0,49.5605,2.9786,3.1196,1.316
C,4,X-line,79,196.7,150.0,49.8047,2.9933,3.1343,1.293
C,4,X-line,80,199.2,150.0,49.8047,2.9933,3.1343,1.423
C,4,X-line,81,201.7,150.0,49.8047,2.9933,3.1343,1.37
C,4,X-line,82,204.2,150.0,49.8047,2.9933,3.1343,1.645
C,4,X-line,83,206.7,150.0,49.8047,2.9933,3.1343,1.803
C,4,X-line,84,209.2,150.0,49.8047,2.9933,3.1343,1.62
C,4,X-line,85,211.7,150.0,49.9268,3.0006,3.1416,1.832
C,4,X-line,86,214.1,150.0,50.0488,3.0079,3.1489,1.647
C,4,X-line,87,216.6,150.0,50.0488,3.0079,3.1489,1.74
C,4,X-line,88,219.1,150.0,50.0488,3.0079,3.1489,1.817
C,4,X-line,89,221.6,150.0,50.0488,3.0079,3.1489,1.663
C,4,X-line,90,224.1,150.0,50.0488,3.0079,3.1489,1.681
C,4,X-line,91,226.6,150.0,50.0488,3.0079,3.1489,1.559
C,4,X-line,92,229.1,150.0,50.0488,3.0079,3.1489,1.427
C,4,X-line,93,231.6,150.0,50.0488,3.0079,3.1489,1.508
C,4,X-line,94,234.1,150.0,50.0488,3.0079,3.1489,1.481
C,4,X-line,95,236.6,150.0,50.0488,3.0079,3.1489,1.387
C,4,X-line,96,239.0,150.0,50.0488,3.0079,3.1489,1.51
C,4,X-line,97,241.5,150.0,50.0488,3.0079,3.1489,1.225
C,4,X-line,98,244.0,150.0,50.0488,3.0079,3.1489,1.252
C,4,X-line,99,246.5,150.0,50.0488,3.0079,3.1489,1.047
C,4,X-line,100,249.0,150.0,50.0488,3.0079,3.1489,0.993
C,4,X-line,101,251.5,150.0,50.0488,3.0079,3.1489,1.092
C,4,X-line,102,254.0,150.0,50.0488,3.0079,3.1489,1.031
C,4,X-line,103,256.5,150.0,50.0488,3.0079,3.1489,1.144
C,4,X-line,104,259.0,150.0,50.0488,3.0079,3.1489,1.142
C,4,X-line,105,261.5,150.0,50.0488,3.0079,3.1489,1.372
C,4,X-line,106,263.9,150.0,50.0488,3.0079,3.1489,1.557
C,4,X-line,107,266.4,150.0,50.0488,3.0079,3.1489,1.496
C,4,X-line,108,268.9,150.0,50.0488,3.0079,3.1489,1.468
C,4,X-line,109,271.4,150.0,50.0488,3.0079,3.1489,1.412
C,4,X-line,110,273.9,150.0,50.0488,3.0079,3.1489,1.479
C,4,X-line,111,276.4,150.0,50.0488,3.0079,3.1489,1.514
C,4,X-line,112,278.9,150.0,50.0488,3.0079,3.1489,1.478
C,4,X-line,113,281.4,150.0,50.0488,3.0079,3.1489,1.407
C,4,X-line,114,283.9,150.0,50.0488,3.0079,3.1489,1.388
C,4,X-line,115,286.4,150.0,50.0488,3.0079,3.1489,1.356
C,4,X-line,116,288.8,150.0,50.0488,3.0079,3.1489,1.372
C,4,X-line,117,291.3,150.0,50.0488,3.0079,3.1489,1.498
C,4,X-line,118,293.8,150.0,50.0488,3.0079,3.1489,1.665
C,4,X-line,119,296.3,150.0,50.0488,3.0079,3.1489,1.739
C,4,X-line,120,298.8,150.0,50.0488,3.0079,3.1489,1.716
C,4,X-line,121,301.3,150.0,50.0488,3.0079,3.1489,1.807
C,4,X-line,122,303.8,150.0,50.0488,3.0079,3.1489,1.708
C,4,X-line,123,306.3,150.0,50.0488,3.0079,3.1489,1.837
C,4,X-line,124,308.8,150.0,50.0488,3.0079,3.1489,1.826
C,4,X-line,125,311.2,150.0,50.0488,3.0079,3.1489,1.911
C,4,X-line,126,313.7,150.0,50.0488,3.0079,3.1489,1.809
C,4,X-line,127,316.2,150.0,50.0488,3.0079,3.1489,1.767
C,4,X-line,128,318.7,150.0,50.0488,3.0079,3.1489,1.81
C,4,X-line,129,321.2,150.0,50.0488,3.0079,3.1489,1.768
C,4,X-line,130,323.7,150.0,50.0488,3.0079,3.1489,1.667
C,4,X-line,131,326.2,150.0,50.0488,3.0079,3.1489,1.636
C,4,X-line,132,328.7,150.0,50.0488,3.0079,3.1489,1.644
C,4,X-line,133,331.2,150.0,50.0488,3.0079,3.1489,1.653
C,4,X-line,134,333.7,150.0,50.0488,3.0079,3.1489,1.76
C,4,X-line,135,336.2,150.0,50.0488,3.0079,3.1489,1.729
C,4,X-line,136,338.6,150.0,50.0488,3.0079,3.1489,1.834
C,4,X-line,137,341.1,150.0,50.0488,3.0079,3.1489,1.943
C,4,X-line,138,343.6,150.0,50.0488,3.0079,3.1489,1.911
C,4,X-line,139,346.1,150.0,50.0488,3.0079,3.1489,2.046
C,4,X-line,140,348.6,150.0,50.0488,3.0079,3.1489,2.043
C,4,X-line,141,351.1,150.0,50.0488,3.0079,3.1489,1.95
C,4,X-line,142,353.6,150.0,50.0488,3.0079,3.1489,2.09
C,4,X-line,143,356.1,150.0,50.0488,3.0079,3.1489,1.913
C,4,X-line,144,358.6,150.0,50.0488,3.0079,3.1489,1.726
C,4,X-line,145,361.1,150.0,49.9268,3.0006,3.1416,1.628
C,4,X-line,146,363.5,150.0,49.9268,3.0006,3.1416,1.441
C,4,X-line,147,366.0,150.0,49.9268,3.0006,3.1416,1.565
C,4,X-line,148,368.5,150.0,49.9268,3.0006,3.1416,1.549
C,4,X-line,149,371.0,150.0,49.9268,3.0006,3.1416,1.463
C,4,X-line,150,373.5,150.0,49.9268,3.0006,3.1416,1.452
C,4,X-line,151,376.0,150.0,49.9268,3.0006,3.1416,1.56
C,4,X-line,152,378.5,150.0,49.9268,3.0006,3.1416,1.469
C,4,X-line,153,381.0,150.0,49.9268,3.0006,3.1416,1.353
C,4,X-line,154,383.5,150.0,49.9268,3.0006,3.1416,1.113
C,4,X-line,155,386.0,150.0,50.1709,3.0153,3.1563,0.99
C,4,X-line,156,388.4,150.0,50.415,3.0299,3.1709,1.153
C,4,X-line,157,390.9,150.0,50.6592,3.0446,3.1856,1.116
C,4,X-line,158,393.4,150.0,50.9033,3.0593,3.2003,1.351
C,4,X-line,159,395.9,150.0,51.1475,3.074,3.215,1.333
C,4,X-line,160,398.4,150.0,51.1475,3.074,3.215,1.335
C,4,X-line,161,400.9,150.0,51.1475,3.074,3.215,1.353
C,4,X-line,162,403.4,150.0,51.1475,3.074,3.215,1.397
C,4,X-line,163,405.9,150.0,51.1475,3.074,3.215,1.432
C,4,X-line,164,408.4,150.0,51.1475,3.074,3.215,1.526
C,4,X-line,165,410.9,150.0,51.1475,3.074,3.215,1.465
C,4,X-line,166,413.3,150.0,51.1475,3.074,3.215,1.534
C,4,X-line,167,415.8,150.0,51.1475,3.074,3.215,1.494
C,4,X-line,168,418.3,150.0,51.1475,3.074,3.215,1.504
C,4,X-line,169,420.8,150.0,51.1475,3.074,3.215,1.567
C,4,X-line,170,423.3,150.0,51.1475,3.074,3.215,1.598
C,4,X-line,171,425.8,150.0,51.1475,3.074,3.215,1.494
C,4,X-line,172,428.3,150.0,51.1475,3.074,3.215,1.474
C,4,X-line,173,430.8,150.0,51.1475,3.074,3.215,1.474
C,4,X-line,174,433.3,150.0,50.9033,3.0593,3.2003,1.415
C,4,X-line,175,435.8,150.0,50.6592,3.0446,3.1856,1.513
C,4,X-line,176,438.2,150.0,50.415,3.0299,3.1709,1.694
C,4,X-line,177,440.7,150.0,50.293,3.0226,3.1636,1.729
C,4,X-line,178,443.2,150.0,50.0488,3.0079,3.1489,1.821
C,4,X-line,179,445.7,150.0,49.9268,3.0006,3.1416,1.85
C,4,X-line,180,448.2,150.0,49.9268,3.0006,3.1416,1.85
C,4,X-line,181,450.7,150.0,49.8047,2.9933,3.1343,2.001
C,4,X-line,182,453.2,150.0,49.6826,2.9859,3.1269,2.075
C,4,X-line,183,455.7,150.0,49.5605,2.9786,3.1196,2.032
C,4,X-line,184,458.2,150.0,49.4385,2.9713,3.1123,1.973
C,4,X-line,185,460.7,150.0,49.4385,2.9713,3.1123,1.924
C,4,X-line,186,463.1,150.0,49.1943,2.9566,3.0976,1.831
C,4,X-line,187,465.6,150.0,49.0723,2.9492,3.0902,1.802
C,4,X-line,188,468.1,150.0,48.9502,2.9419,3.0829,1.648
C,4,X-line,189,470.6,150.0,48.706,2.9272,3.0682,1.525
C,4,X-line,190,473.1,150.0,48.706,2.9272,3.0682,1.403
C,4,X-line,191,475.6,150.0,48.706,2.9272,3.0682,1.398
C,4,X-line,192,478.1,150.0,48.706,2.9272,3.0682,1.306
C,4,X-line,193,480.6,150.0,48.706,2.9272,3.0682,1.382
C,4,X-line,194,483.1,150.0,48.706,2.9272,3.0682,1.302
C,4,X-line,195,485.6,150.0,48.706,2.9272,3.0682,1.275
C,4,X-line,196,488.0,150.0,48.584,2.9199,3.0609,1.211
C,4,X-line,197,490.5,150.0,48.3398,2.9052,3.0462,1.347
C,4,X-line,198,493.0,150.0,48.0957,2.8906,3.0316,1.292
C,4,X-line,199,495.5,150.0,47.8516,2.8759,3.0169,1.348
C,4,X-line,200,498.0,150.0,47.8516,2.8759,3.0169,1.318
C,4,X-line,201,500.5,150.0,47.8516,2.8759,3.0169,1.409
C,4,X-line,202,503.0,150.0,47.8516,2.8759,3.0169,1.282
C,4,X-line,203,505.5,150.0,47.8516,2.8759,3.0169,1.366
C,4,X-line,204,508.0,150.0,47.8516,2.8759,3.0169,1.335
C,4,X-line,205,510.5,150.0,47.8516,2.8759,3.0169,1.449
C,4,X-line,206,512.9,150.0,47.8516,2.8759,3.0169,1.598
C,4,X-line,207,515.4,150.0,47.8516,2.8759,3.0169,1.539
C,4,X-line,208,517.9,150.0,47.8516,2.8759,3.0169,1.524
C,4,X-line,209,520.4,150.0,47.8516,2.8759,3.0169,1.476
C,4,X-line,210,522.9,150.0,47.7295,2.8685,3.0095,1.538
C,4,X-line,211,525.4,150.0,47.7295,2.8685,3.0095,1.631
C,4,X-line,212,527.9,150.0,47.7295,2.8685,3.0095,1.689
C,4,X-line,213,530.4,150.0,47.7295,2.8685,3.0095,1.805
C,4,X-line,214,532.9,150.0,47.7295,2.8685,3.0095,1.943
C,4,X-line,215,535.4,150.0,47.7295,2.8685,3.0095,2.105
C,4,X-line,216,537.8,150.0,47.7295,2.8685,3.0095,2.098
C,4,X-line,217,540.3,150.0,47.7295,2.8685,3.0095,1.973
C,4,X-line,218,542.8,150.0,47.7295,2.8685,3.0095,1.988
C,4,X-line,219,545.3,150.0,47.7295,2.8685,3.0095,2.047
C,4,X-line,220,547.8,150.0,47.7295,2.8685,3.0095,2.09
C,4,X-line,221,550.3,150.0,47.7295,2.8685,3.0095,2.163
C,4,X-line,222,552.8,150.0,47.7295,2.8685,3.0095,2.217
C,4,X-line,223,555.3,150.0,47.7295,2.8685,3.0095,2.157
C,4,X-line,224,557.8,150.0,47.7295,2.8685,3.0095,2.057
C,4,X-line,225,560.2,150.0,47.7295,2.8685,3.0095,2.086
C,4,X-line,226,562.7,150.0,47.7295,2.8685,3.0095,2.118
C,4,X-line,227,565.2,150.0,47.7295,2.8685,3.0095,1.934
C,4,X-line,228,567.7,150.0,47.7295,2.8685,3.0095,1.78
C,4,X-line,229,570.2,150.0,47.9736,2.8832,3.0242,1.6
C,4,X-line,230,572.7,150.0,48.2178,2.8979,3.0389,1.244
C,4,X-line,231,575.2,150.0,48.4619,2.9126,3.0536,1.154
C,4,X-line,232,577.7,150.0,48.706,2.9272,3.0682,1.227
C,4,X-line,233,580.2,150.0,48.9502,2.9419,3.0829,1.433
C,4,X-line,234,582.7,150.0,49.1943,2.9566,3.0976,1.446
C,4,X-line,235,585.2,150.0,49.4385,2.9713,3.1123,1.548
C,4,X-line,236,587.6,150.0,49.4385,2.9713,3.1123,1.291
C,4,X-line,237,590.1,150.0,49.6826,2.9859,3.1269,1.074
C,4,X-line,238,592.6,150.0,49.9268,3.0006,3.1416,1.133
C,4,X-line,239,595.1,150.0,49.9268,3.0006,3.1416,1.09
C,4,X-line,240,597.6,150.0,49.9268,3.0006,3.1416,1.162
C,4,X-line,241,600.1,150.0,49.9268,3.0006,3.1416,0.995
C,4,X-line,242,602.6,150.0,49.9268,3.0006,3.1416,1.25
C,4,X-line,243,605.1,150.0,49.9268,3.0006,3.1416,1.316
C,4,X-line,244,607.6,150.0,49.9268,3.0006,3.1416,1.627
C,4,X-line,245,610.1,150.0,49.9268,3.0006,3.1416,1.905
C,4,X-line,246,612.5,150.0,49.9268,3.0006,3.1416,1.615
C,4,X-line,247,615.0,150.0,49.9268,3.0006,3.1416,1.468
C,4,X-line,248,617.5,150.0,49.9268,3.0006,3.1416,1.308
C,4,X-line,249,620.0,150.0,49.9268,3.0006,3.1416,1.267
C,4,X-line,250,622.5,150.0,49.9268,3.0006,3.1416,1.366
C,4,X-line,251,625.0,150.0,49.9268,3.0006,3.1416,1.477
C,4,X-line,252,627.5,150.0,49.9268,3.0006,3.1416,1.438
C,4,X-line,253,630.0,150.0,49.9268,3.0006,3.1416,1.386
C,4,X-line,254,632.5,150.0,49.9268,3.0006,3.1416,1.365
C,4,X-line,255,635.0,150.0,49.9268,3.0006,3.1416,1.294
C,4,X-line,256,637.4,150.0,49.9268,3.0006,3.1416,1.226
C,4,X-line,257,639.9,150.0,49.9268,3.0006,3.1416,1.33
C,4,X-line,258,642.4,150.0,49.8047,2.9933,3.1343,1.173
C,4,X-line,259,644.9,150.0,49.8047,2.9933,3.1343,1.617
C,4,X-line,260,647.4,150.0,49.6826,2.9859,3.1269,1.592
C,4,X-line,261,649.9,150.0,49.4385,2.9713,3.1123,1.452
C,4,X-line,262,652.4,150.0,49.1943,2.9566,3.0976,1.322
C,4,X-line,263,654.9,150.0,48.9502,2.9419,3.0829,1.289
C,4,X-line,264,657.4,150.0,48.706,2.9272,3.0682,1.463
C,4,X-line,265,659.9,150.0,48.4619,2.9126,3.0536,1.637
C,4,X-line,266,662.3,150.0,48.4619,2.9126,3.0536,1.916
C,4,X-line,267,664.8,150.0,48.4619,2.9126,3.0536,1.952
C,4,X-line,268,667.3,150.0,48.4619,2.9126,3.0536,2.0
C,4,X-line,269,669.8,150.0,48.4619,2.9126,3.0536,2.034
C,4,X-line,270,672.3,150.0,48.4619,2.9126,3.0536,1.905
C,4,X-line,271,674.8,150.0,48.4619,2.9126,3.0536,1.532
C,4,X-line,272,677.3,150.0,48.4619,2.9126,3.0536,1.178
C,4,X-line,273,679.8,150.0,48.4619,2.9126,3.0536,1.189
C,4,X-line,274,682.3,150.0,48.4619,2.9126,3.0536,1.158
C,4,X-line,275,684.8,150.0,48.4619,2.9126,3.0536,1.235
C,4,X-line,276,687.2,150.0,48.4619,2.9126,3.0536,1.359
C,4,X-line,277,689.7,150.0,48.4619,2.9126,3.0536,1.462
C,4,X-line,278,692.2,150.0,48.4619,2.9126,3.0536,1.526
C,4,X-line,279,694.7,150.0,48.4619,2.9126,3.0536,1.569
C,4,X-line,280,697.2,150.0,48.4619,2.9126,3.0536,1.583
C,4,X-line,281,699.7,150.0,48.4619,2.9126,3.0536,1.546
C,4,X-line,282,702.2,150.0,48.4619,2.9126,3.0536,1.532
C,5,X-line,0,0.0,200.0,44.9219,2.6998,2.8494,0.924
C,5,X-line,1,2.5,200.0,44.9219,2.6998,2.8494,0.606
C,5,X-line,2,5.0,200.0,44.9219,2.6998,2.8494,2.064
C,5,X-line,3,7.5,200.0,44.9219,2.6998,2.8494,1.809
C,5,X-line,4,10.0,200.0,44.9219,2.6998,2.8494,1.856
C,5,X-line,5,12.5,200.0,44.9219,2.6998,2.8494,1.479
C,5,X-line,6,14.9,200.0,44.9219,2.6998,2.8494,0.962
C,5,X-line,7,17.4,200.0,44.9219,2.6998,2.8494,0.994
C,5,X-line,8,19.9,200.0,44.9219,2.6998,2.8494,0.883
C,5,X-line,9,22.4,200.0,44.9219,2.6998,2.8494,0.938
C,5,X-line,10,24.9,200.0,44.9219,2.6998,2.8494,1.396
C,5,X-line,11,27.4,200.0,44.9219,2.6998,2.8494,1.23
C,5,X-line,12,29.9,200.0,44.9219,2.6998,2.8494,1.449
C,5,X-line,13,32.4,200.0,44.9219,2.6998,2.8494,1.718
C,5,X-line,14,34.9,200.0,44.9219,2.6998,2.8494,1.439
C,5,X-line,15,37.4,200.0,44.9219,2.6998,2.8494,1.932
C,5,X-line,16,39.8,200.0,44.9219,2.6998,2.8494,1.581
C,5,X-line,17,42.3,200.0,45.166,2.7145,2.8641,1.158
C,5,X-line,18,44.8,200.0,45.4102,2.7292,2.8788,1.614
C,5,X-line,19,47.3,200.0,45.6543,2.7438,2.8934,1.6
C,5,X-line,20,49.8,200.0,45.6543,2.7438,2.8934,1.729
C,5,X-line,21,52.3,200.0,45.6543,2.7438,2.8934,1.813
C,5,X-line,22,54.8,200.0,45.6543,2.7438,2.8934,1.635
C,5,X-line,23,57.3,200.0,45.6543,2.7438,2.8934,1.767
C,5,X-line,24,59.8,200.0,45.6543,2.7438,2.8934,2.016
C,5,X-line,25,62.3,200.0,45.7764,2.7512,2.9008,2.22
C,5,X-line,26,64.7,200.0,45.7764,2.7512,2.9008,1.673
C,5,X-line,27,67.2,200.0,45.7764,2.7512,2.9008,1.528
C,5,X-line,28,69.7,200.0,45.7764,2.7512,2.9008,1.796
C,5,X-line,29,72.2,200.0,45.7764,2.7512,2.9008,2.383
C,5,X-line,30,74.7,200.0,45.7764,2.7512,2.9008,2.014
C,5,X-line,31,77.2,200.0,45.7764,2.7512,2.9008,2.291
C,5,X-line,32,79.7,200.0,45.8984,2.7585,2.9081,1.88
C,5,X-line,33,82.2,200.0,45.8984,2.7585,2.9081,1.982
C,5,X-line,34,84.7,200.0,45.8984,2.7585,2.9081,1.849
C,5,X-line,35,87.2,200.0,45.8984,2.7585,2.9081,2.265
C,5,X-line,36,89.6,200.0,45.8984,2.7585,2.9081,1.934
C,5,X-line,37,92.1,200.0,45.8984,2.7585,2.9081,1.618
C,5,X-line,38,94.6,200.0,45.8984,2.7585,2.9081,1.806
C,5,X-line,39,97.1,200.0,45.8984,2.7585,2.9081,1.785
C,5,X-line,40,99.6,200.0,45.8984,2.7585,2.9081,1.812
C,5,X-line,41,102.1,200.0,45.8984,2.7585,2.9081,1.477
C,5,X-line,42,104.6,200.0,46.1426,2.7732,2.9228,1.577
C,5,X-line,43,107.1,200.0,46.2646,2.7805,2.9301,1.773
C,5,X-line,44,109.6,200.0,46.3867,2.7878,2.9374,1.909
C,5,X-line,45,112.1,200.0,46.3867,2.7878,2.9374,2.144
C,5,X-line,46,114.5,200.0,46.3867,2.7878,2.9374,2.057
C,5,X-line,47,117.0,200.0,46.3867,2.7878,2.9374,1.431
C,5,X-line,48,119.5,200.0,46.3867,2.7878,2.9374,1.995
C,5,X-line,49,122.0,200.0,46.3867,2.7878,2.9374,1.624
C,5,X-line,50,124.5,200.0,46.3867,2.7878,2.9374,1.76
C,5,X-line,51,127.0,200.0,46.3867,2.7878,2.9374,1.632
C,5,X-line,52,129.5,200.0,46.6309,2.8025,2.9521,1.663
C,5,X-line,53,132.0,200.0,46.6309,2.8025,2.9521,1.514
C,5,X-line,54,134.5,200.0,46.6309,2.8025,2.9521,1.431
C,5,X-line,55,137.0,200.0,46.6309,2.8025,2.9521,0.958
C,5,X-line,56,139.4,200.0,46.6309,2.8025,2.9521,1.086
C,5,X-line,57,141.9,200.0,46.6309,2.8025,2.9521,1.027
C,5,X-line,58,144.4,200.0,46.6309,2.8025,2.9521,1.391
C,5,X-line,59,146.9,200.0,46.6309,2.8025,2.9521,2.256
C,5,X-line,60,149.4,200.0,46.6309,2.8025,2.9521,1.46
C,5,X-line,61,151.9,200.0,46.6309,2.8025,2.9521,2.488
C,5,X-line,62,154.4,200.0,46.875,2.8172,2.9668,1.631
C,5,X-line,63,156.9,200.0,47.1191,2.8319,2.9815,1.597
C,5,X-line,64,159.4,200.0,47.1191,2.8319,2.9815,1.853
C,5,X-line,65,161.9,200.0,47.1191,2.8319,2.9815,1.774
C,5,X-line,66,164.3,200.0,47.1191,2.8319,2.9815,1.648
C,5,X-line,67,166.8,200.0,47.1191,2.8319,2.9815,1.551
C,5,X-line,68,169.3,200.0,47.3633,2.8465,2.9961,1.389
C,5,X-line,69,171.8,200.0,47.6074,2.8612,3.0108,1.14
C,5,X-line,70,174.3,200.0,47.8516,2.8759,3.0255,1.644
C,5,X-line,71,176.8,200.0,48.0957,2.8906,3.0402,1.779
C,5,X-line,72,179.3,200.0,48.3398,2.9052,3.0548,1.499
C,5,X-line,73,181.8,200.0,48.584,2.9199,3.0695,1.344
C,5,X-line,74,184.3,200.0,48.584,2.9199,3.0695,1.412
C,5,X-line,75,186.8,200.0,48.584,2.9199,3.0695,1.521
C,5,X-line,76,189.2,200.0,48.584,2.9199,3.0695,1.772
C,5,X-line,77,191.7,200.0,48.8281,2.9346,3.0842,1.476
C,5,X-line,78,194.2,200.0,48.8281,2.9346,3.0842,1.475
C,5,X-line,79,196.7,200.0,48.8281,2.9346,3.0842,1.271
C,5,X-line,80,199.2,200.0,49.0723,2.9492,3.0988,1.408
C,5,X-line,81,201.7,200.0,49.0723,2.9492,3.0988,1.318
C,5,X-line,82,204.2,200.0,49.0723,2.9492,3.0988,1.234
C,5,X-line,83,206.7,200.0,49.0723,2.9492,3.0988,1.249
C,5,X-line,84,209.2,200.0,49.0723,2.9492,3.0988,1.555
C,5,X-line,85,211.7,200.0,49.0723,2.9492,3.0988,1.499
C,5,X-line,86,214.1,200.0,49.0723,2.9492,3.0988,1.432
C,5,X-line,87,216.6,200.0,49.0723,2.9492,3.0988,1.643
C,5,X-line,88,219.1,200.0,49.0723,2.9492,3.0988,1.608
C,5,X-line,89,221.6,200.0,49.0723,2.9492,3.0988,1.528
C,5,X-line,90,224.1,200.0,49.0723,2.9492,3.0988,1.392
C,5,X-line,91,226.6,200.0,49.0723,2.9492,3.0988,1.3
C,5,X-line,92,229.1,200.0,49.0723,2.9492,3.0988,1.231
C,5,X-line,93,231.6,200.0,49.0723,2.9492,3.0988,1.172
C,5,X-line,94,234.1,200.0,49.0723,2.9492,3.0988,1.148
C,5,X-line,95,236.6,200.0,49.0723,2.9492,3.0988,1.211
C,5,X-line,96,239.0,200.0,49.0723,2.9492,3.0988,1.051
C,5,X-line,97,241.5,200.0,49.0723,2.9492,3.0988,0.851
C,5,X-line,98,244.0,200.0,49.0723,2.9492,3.0988,0.956
C,5,X-line,99,246.5,200.0,49.0723,2.9492,3.0988,1.005
C,5,X-line,100,249.0,200.0,49.0723,2.9492,3.0988,1.015
C,5,X-line,101,251.5,200.0,49.0723,2.9492,3.0988,1.055
C,5,X-line,102,254.0,200.0,49.0723,2.9492,3.0988,1.122
C,5,X-line,103,256.5,200.0,49.0723,2.9492,3.0988,1.037
C,5,X-line,104,259.0,200.0,49.0723,2.9492,3.0988,0.94
C,5,X-line,105,261.5,200.0,49.0723,2.9492,3.0988,0.967
C,5,X-line,106,263.9,200.0,49.0723,2.9492,3.0988,0.882
C,5,X-line,107,266.4,200.0,49.0723,2.9492,3.0988,1.094
C,5,X-line,108,268.9,200.0,49.0723,2.9492,3.0988,1.046
C,5,X-line,109,271.4,200.0,49.0723,2.9492,3.0988,1.18
C,5,X-line,110,273.9,200.0,49.0723,2.9492,3.0988,1.366
C,5,X-line,111,276.4,200.0,49.0723,2.9492,3.0988,1.379
C,5,X-line,112,278.9,200.0,49.0723,2.9492,3.0988,1.519
C,5,X-line,113,281.4,200.0,49.0723,2.9492,3.0988,1.505
C,5,X-line,114,283.9,200.0,49.0723,2.9492,3.0988,1.634
C,5,X-line,115,286.4,200.0,49.0723,2.9492,3.0988,1.647
C,5,X-line,116,288.8,200.0,49.0723,2.9492,3.0988,1.495
C,5,X-line,117,291.3,200.0,49.0723,2.9492,3.0988,1.446
C,5,X-line,118,293.8,200.0,49.0723,2.9492,3.0988,1.357
C,5,X-line,119,296.3,200.0,49.0723,2.9492,3.0988,1.384
C,5,X-line,120,298.8,200.0,49.0723,2.9492,3.0988,1.221
C,5,X-line,121,301.3,200.0,49.0723,2.9492,3.0988,1.049
C,5,X-line,122,303.8,200.0,49.0723,2.9492,3.0988,1.111
C,5,X-line,123,306.3,200.0,49.0723,2.9492,3.0988,1.007
C,5,X-line,124,308.8,200.0,49.0723,2.9492,3.0988,1.236
C,5,X-line,125,311.2,200.0,49.0723,2.9492,3.0988,1.35
C,5,X-line,126,313.7,200.0,49.0723,2.9492,3.0988,1.397
C,5,X-line,127,316.2,200.0,49.0723,2.9492,3.0988,1.358
C,5,X-line,128,318.7,200.0,49.0723,2.9492,3.0988,1.372
C,5,X-line,129,321.2,200.0,49.0723,2.9492,3.0988,1.6
C,5,X-line,130,323.7,200.0,49.0723,2.9492,3.0988,1.542
C,5,X-line,131,326.2,200.0,49.0723,2.9492,3.0988,1.638
C,5,X-line,132,328.7,200.0,49.0723,2.9492,3.0988,1.84
C,5,X-line,133,331.2,200.0,49.0723,2.9492,3.0988,1.716
C,5,X-line,134,333.7,200.0,49.0723,2.9492,3.0988,1.712
C,5,X-line,135,336.2,200.0,49.0723,2.9492,3.0988,1.744
C,5,X-line,136,338.6,200.0,49.0723,2.9492,3.0988,1.749
C,5,X-line,137,341.1,200.0,49.0723,2.9492,3.0988,1.863
C,5,X-line,138,343.6,200.0,49.0723,2.9492,3.0988,1.832
C,5,X-line,139,346.1,200.0,49.0723,2.9492,3.0988,1.914
C,5,X-line,140,348.6,200.0,49.0723,2.9492,3.0988,1.908
C,5,X-line,141,351.1,200.0,49.0723,2.9492,3.0988,1.967
C,5,X-line,142,353.6,200.0,49.3164,2.9639,3.1135,2.088
C,5,X-line,143,356.1,200.0,49.3164,2.9639,3.1135,2.151
C,5,X-line,144,358.6,200.0,49.3164,2.9639,3.1135,1.845
C,5,X-line,145,361.1,200.0,49.5605,2.9786,3.1282,2.03
C,5,X-line,146,363.5,200.0,49.5605,2.9786,3.1282,1.788
C,5,X-line,147,366.0,200.0,49.8047,2.9933,3.1429,1.575
C,5,X-line,148,368.5,200.0,49.8047,2.9933,3.1429,1.732
C,5,X-line,149,371.0,200.0,50.0488,3.0079,3.1575,1.656
C,5,X-line,150,373.5,200.0,50.293,3.0226,3.1722,1.677
C,5,X-line,151,376.0,200.0,50.293,3.0226,3.1722,1.74
C,5,X-line,152,378.5,200.0,50.293,3.0226,3.1722,1.809
C,5,X-line,153,381.0,200.0,50.293,3.0226,3.1722,1.731
C,5,X-line,154,383.5,200.0,50.293,3.0226,3.1722,1.651
C,5,X-line,155,386.0,200.0,50.415,3.0299,3.1795,1.75
C,5,X-line,156,388.4,200.0,50.415,3.0299,3.1795,1.638
C,5,X-line,157,390.9,200.0,50.415,3.0299,3.1795,1.67
C,5,X-line,158,393.4,200.0,50.415,3.0299,3.1795,1.74
C,5,X-line,159,395.9,200.0,50.415,3.0299,3.1795,1.697
C,5,X-line,160,398.4,200.0,50.415,3.0299,3.1795,1.772
C,5,X-line,161,400.9,200.0,50.415,3.0299,3.1795,1.699
C,5,X-line,162,403.4,200.0,50.415,3.0299,3.1795,1.736
C,5,X-line,163,405.9,200.0,50.415,3.0299,3.1795,1.713
C,5,X-line,164,408.4,200.0,50.415,3.0299,3.1795,1.722
C,5,X-line,165,410.9,200.0,50.415,3.0299,3.1795,1.62
C,5,X-line,166,413.3,200.0,50.415,3.0299,3.1795,1.592
C,5,X-line,167,415.8,200.0,50.415,3.0299,3.1795,1.48
C,5,X-line,168,418.3,200.0,50.415,3.0299,3.1795,1.337
C,5,X-line,169,420.8,200.0,50.415,3.0299,3.1795,1.279
C,5,X-line,170,423.3,200.0,50.415,3.0299,3.1795,1.228
C,5,X-line,171,425.8,200.0,50.415,3.0299,3.1795,1.101
C,5,X-line,172,428.3,200.0,50.415,3.0299,3.1795,1.142
C,5,X-line,173,430.8,200.0,50.415,3.0299,3.1795,1.141
C,5,X-line,174,433.3,200.0,50.415,3.0299,3.1795,1.018
C,5,X-line,175,435.8,200.0,50.415,3.0299,3.1795,1.062
C,5,X-line,176,438.2,200.0,50.415,3.0299,3.1795,1.132
C,5,X-line,177,440.7,200.0,50.415,3.0299,3.1795,1.126
C,5,X-line,178,443.2,200.0,50.415,3.0299,3.1795,1.223
C,5,X-line,179,445.7,200.0,50.415,3.0299,3.1795,1.214
C,5,X-line,180,448.2,200.0,50.1709,3.0153,3.1649,1.219
C,5,X-line,181,450.7,200.0,50.1709,3.0153,3.1649,1.165
C,5,X-line,182,453.2,200.0,49.9268,3.0006,3.1502,1.156
C,5,X-line,183,455.7,200.0,49.6826,2.9859,3.1355,1.15
C,5,X-line,184,458.2,200.0,49.4385,2.9713,3.1209,1.247
C,5,X-line,185,460.7,200.0,49.4385,2.9713,3.1209,1.132
C,5,X-line,186,463.1,200.0,49.4385,2.9713,3.1209,1.141
C,5,X-line,187,465.6,200.0,49.4385,2.9713,3.1209,1.347
C,5,X-line,188,468.1,200.0,49.4385,2.9713,3.1209,1.194
C,5,X-line,189,470.6,200.0,49.4385,2.9713,3.1209,1.245
C,5,X-line,190,473.1,200.0,49.4385,2.9713,3.1209,1.17
C,5,X-line,191,475.6,200.0,49.4385,2.9713,3.1209,0.915
C,5,X-line,192,478.1,200.0,49.4385,2.9713,3.1209,0.965
C,5,X-line,193,480.6,200.0,49.4385,2.9713,3.1209,0.805
C,5,X-line,194,483.1,200.0,49.4385,2.9713,3.1209,0.946
C,5,X-line,195,485.6,200.0,49.4385,2.9713,3.1209,0.934
C,5,X-line,196,488.0,200.0,49.4385,2.9713,3.1209,0.941
C,5,X-line,197,490.5,200.0,49.4385,2.9713,3.1209,1.075
C,5,X-line,198,493.0,200.0,49.4385,2.9713,3.1209,1.032
C,5,X-line,199,495.5,200.0,49.4385,2.9713,3.1209,1.157
C,5,X-line,200,498.0,200.0,49.4385,2.9713,3.1209,1.229
C,5,X-line,201,500.5,200.0,49.4385,2.9713,3.1209,1.257
C,5,X-line,202,503.0,200.0,49.4385,2.9713,3.1209,1.402
C,5,X-line,203,505.5,200.0,49.4385,2.9713,3.1209,1.428
C,5,X-line,204,508.0,200.0,49.4385,2.9713,3.1209,1.446
C,5,X-line,205,510.5,200.0,49.4385,2.9713,3.1209,1.57
C,5,X-line,206,512.9,200.0,49.4385,2.9713,3.1209,1.6
C,5,X-line,207,515.4,200.0,49.4385,2.9713,3.1209,1.553
C,5,X-line,208,517.9,200.0,49.4385,2.9713,3.1209,1.643
C,5,X-line,209,520.4,200.0,49.4385,2.9713,3.1209,1.536
C,5,X-line,210,522.9,200.0,49.4385,2.9713,3.1209,1.59
C,5,X-line,211,525.4,200.0,49.4385,2.9713,3.1209,1.575
C,5,X-line,212,527.9,200.0,49.4385,2.9713,3.1209,1.58
C,5,X-line,213,530.4,200.0,49.4385,2.9713,3.1209,1.63
C,5,X-line,214,532.9,200.0,49.4385,2.9713,3.1209,1.632
C,5,X-line,215,535.4,200.0,49.4385,2.9713,3.1209,1.737
C,5,X-line,216,537.8,200.0,49.4385,2.9713,3.1209,1.755
C,5,X-line,217,540.3,200.0,49.4385,2.9713,3.1209,1.666
C,5,X-line,218,542.8,200.0,49.4385,2.9713,3.1209,1.698
C,5,X-line,219,545.3,200.0,49.4385,2.9713,3.1209,1.567
C,5,X-line,220,547.8,200.0,49.4385,2.9713,3.1209,1.297
C,5,X-line,221,550.3,200.0,49.4385,2.9713,3.1209,0.929
C,5,X-line,222,552.8,200.0,49.4385,2.9713,3.1209,0.667
C,5,X-line,223,555.3,200.0,49.4385,2.9713,3.1209,0.279
C,5,X-line,224,557.8,200.0,49.4385,2.9713,3.1209,0.604
C,5,X-line,225,560.2,200.0,49.4385,2.9713,3.1209,0.609
C,5,X-line,226,562.7,200.0,49.4385,2.9713,3.1209,1.207
C,5,X-line,227,565.2,200.0,49.4385,2.9713,3.1209,1.213
C,5,X-line,228,567.7,200.0,49.4385,2.9713,3.1209,1.241
C,5,X-line,229,570.2,200.0,49.4385,2.9713,3.1209,1.228
C,5,X-line,230,572.7,200.0,49.4385,2.9713,3.1209,1.372
C,5,X-line,231,575.2,200.0,49.4385,2.9713,3.1209,1.518
C,5,X-line,232,577.7,200.0,49.4385,2.9713,3.1209,1.491
C,5,X-line,233,580.2,200.0,49.4385,2.9713,3.1209,1.616
C,5,X-line,234,582.7,200.0,49.4385,2.9713,3.1209,1.608
C,5,X-line,235,585.2,200.0,49.1943,2.9566,3.1062,1.407
C,5,X-line,236,587.6,200.0,49.1943,2.9566,3.1062,1.421
C,5,X-line,237,590.1,200.0,48.9502,2.9419,3.0915,1.64
C,5,X-line,238,592.6,200.0,48.8281,2.9346,3.0842,1.697
C,5,X-line,239,595.1,200.0,48.8281,2.9346,3.0842,1.712
C,5,X-line,240,597.6,200.0,48.584,2.9199,3.0695,1.8
C,5,X-line,241,600.1,200.0,48.584,2.9199,3.0695,1.768
C,5,X-line,242,602.6,200.0,48.584,2.9199,3.0695,1.631
C,5,X-line,243,605.1,200.0,48.584,2.9199,3.0695,1.599
C,5,X-line,244,607.6,200.0,48.584,2.9199,3.0695,1.466
C,5,X-line,245,610.1,200.0,48.584,2.9199,3.0695,1.376
C,5,X-line,246,612.5,200.0,48.584,2.9199,3.0695,0.996
C,5,X-line,247,615.0,200.0,48.584,2.9199,3.0695,1.328
C,5,X-line,248,617.5,200.0,48.4619,2.9126,3.0622,1.241
C,5,X-line,249,620.0,200.0,48.2178,2.8979,3.0475,1.198
C,5,X-line,250,622.5,200.0,47.9736,2.8832,3.0328,1.536
C,5,X-line,251,625.0,200.0,47.7295,2.8685,3.0181,1.265
C,5,X-line,252,627.5,200.0,47.4853,2.8539,3.0035,1.41
C,5,X-line,253,630.0,200.0,47.3633,2.8465,2.9961,1.362
C,5,X-line,254,632.5,200.0,47.3633,2.8465,2.9961,1.196
C,5,X-line,255,635.0,200.0,47.3633,2.8465,2.9961,1.305
C,5,X-line,256,637.4,200.0,47.3633,2.8465,2.9961,1.432
C,5,X-line,257,639.9,200.0,47.3633,2.8465,2.9961,1.405
C,5,X-line,258,642.4,200.0,47.3633,2.8465,2.9961,1.241
C,5,X-line,259,644.9,200.0,47.3633,2.8465,2.9961,0.673
C,5,X-line,260,647.4,200.0,47.2412,2.8392,2.9888,0.679
C,5,X-line,261,649.9,200.0,46.9971,2.8245,2.9741,0.754
C,5,X-line,262,652.4,200.0,46.9971,2.8245,2.9741,0.932
C,5,X-line,263,654.9,200.0,46.9971,2.8245,2.9741,0.978
C,5,X-line,264,657.4,200.0,46.9971,2.8245,2.9741,1.156
C,5,X-line,265,659.9,200.0,46.9971,2.8245,2.9741,1.405
C,5,X-line,266,662.3,200.0,46.9971,2.8245,2.9741,1.323
C,5,X-line,267,664.8,200.0,46.875,2.8172,2.9668,1.451
C,5,X-line,268,667.3,200.0,46.875,2.8172,2.9668,1.559
C,5,X-line,269,669.8,200.0,46.875,2.8172,2.9668,1.514
C,5,X-line,270,672.3,200.0,46.875,2.8172,2.9668,1.408
C,5,X-line,271,674.8,200.0,46.875,2.8172,2.9668,1.603
C,5,X-line,272,677.3,200.0,46.875,2.8172,2.9668,1.635
C,5,X-line,273,679.8,200.0,46.875,2.8172,2.9668,1.852
C,5,X-line,274,682.3,200.0,46.7529,2.8099,2.9595,1.81
C,5,X-line,275,684.8,200.0,46.7529,2.8099,2.9595,1.564
C,5,X-line,276,687.2,200.0,46.7529,2.8099,2.9595,1.39
C,5,X-line,277,689.7,200.0,46.7529,2.8099,2.9595,1.237
C,5,X-line,278,692.2,200.0,46.7529,2.8099,2.9595,1.018
C,5,X-line,279,694.7,200.0,46.7529,2.8099,2.9595,0.969
C,6,X-line,0,0.0,250.0,51.7578,3.1106,3.092,1.258
C,6,X-line,1,2.5,250.0,51.7578,3.1106,3.092,1.087
C,6,X-line,2,5.0,250.0,51.7578,3.1106,3.092,1.084
C,6,X-line,3,7.5,250.0,51.7578,3.1106,3.092,1.276
C,6,X-line,4,10.0,250.0,51.7578,3.1106,3.092,1.232
C,6,X-line,5,12.5,250.0,51.7578,3.1106,3.092,1.254
C,6,X-line,6,14.9,250.0,51.7578,3.1106,3.092,1.174
C,6,X-line,7,17.4,250.0,51.7578,3.1106,3.092,1.242
C,6,X-line,8,19.9,250.0,51.7578,3.1106,3.092,1.304
C,6,X-line,9,22.4,250.0,51.7578,3.1106,3.092,1.435
C,6,X-line,10,24.9,250.0,51.7578,3.1106,3.092,1.33
C,6,X-line,11,27.4,250.0,51.7578,3.1106,3.092,1.359
C,6,X-line,12,29.9,250.0,51.7578,3.1106,3.092,1.442
C,6,X-line,13,32.4,250.0,51.7578,3.1106,3.092,1.581
C,6,X-line,14,34.9,250.0,51.6357,3.1033,3.0847,1.503
C,6,X-line,15,37.4,250.0,51.6357,3.1033,3.0847,1.62
C,6,X-line,16,39.8,250.0,51.3916,3.0886,3.07,1.577
C,6,X-line,17,42.3,250.0,51.3916,3.0886,3.07,1.509
C,6,X-line,18,44.8,250.0,51.1475,3.074,3.0554,1.473
C,6,X-line,19,47.3,250.0,51.1475,3.074,3.0554,1.602
C,6,X-line,20,49.8,250.0,50.9033,3.0593,3.0407,1.625
C,6,X-line,21,52.3,250.0,50.9033,3.0593,3.0407,1.615
C,6,X-line,22,54.8,250.0,50.9033,3.0593,3.0407,1.619
C,6,X-line,23,57.3,250.0,50.9033,3.0593,3.0407,1.615
C,6,X-line,24,59.8,250.0,50.9033,3.0593,3.0407,1.555
C,6,X-line,25,62.3,250.0,50.9033,3.0593,3.0407,1.548
C,6,X-line,26,64.7,250.0,50.9033,3.0593,3.0407,1.542
C,6,X-line,27,67.2,250.0,50.9033,3.0593,3.0407,1.68
C,6,X-line,28,69.7,250.0,50.9033,3.0593,3.0407,1.711
C,6,X-line,29,72.2,250.0,50.9033,3.0593,3.0407,1.736
C,6,X-line,30,74.7,250.0,50.9033,3.0593,3.0407,1.778
C,6,X-line,31,77.2,250.0,50.9033,3.0593,3.0407,1.812
C,6,X-line,32,79.7,250.0,50.9033,3.0593,3.0407,1.933
C,6,X-line,33,82.2,250.0,50.9033,3.0593,3.0407,1.883
C,6,X-line,34,84.7,250.0,50.9033,3.0593,3.0407,1.78
C,6,X-line,35,87.2,250.0,50.9033,3.0593,3.0407,1.82
C,6,X-line,36,89.6,250.0,50.9033,3.0593,3.0407,1.716
C,6,X-line,37,92.1,250.0,50.7812,3.052,3.0334,1.773
C,6,X-line,38,94.6,250.0,50.7812,3.052,3.0334,1.796
C,6,X-line,39,97.1,250.0,50.7812,3.052,3.0334,1.758
C,6,X-line,40,99.6,250.0,50.6592,3.0446,3.026,1.832
C,6,X-line,41,102.1,250.0,50.6592,3.0446,3.026,1.844
C,6,X-line,42,104.6,250.0,50.6592,3.0446,3.026,1.806
C,6,X-line,43,107.1,250.0,50.6592,3.0446,3.026,1.794
C,6,X-line,44,109.6,250.0,50.6592,3.0446,3.026,1.746
C,6,X-line,45,112.1,250.0,50.6592,3.0446,3.026,1.675
C,6,X-line,46,114.5,250.0,50.6592,3.0446,3.026,1.61
C,6,X-line,47,117.0,250.0,50.6592,3.0446,3.026,1.623
C,6,X-line,48,119.5,250.0,50.6592,3.0446,3.026,1.654
C,6,X-line,49,122.0,250.0,50.6592,3.0446,3.026,1.598
C,6,X-line,50,124.5,250.0,50.6592,3.0446,3.026,1.624
C,6,X-line,51,127.0,250.0,50.5371,3.0373,3.0187,1.588
C,6,X-line,52,129.5,250.0,50.5371,3.0373,3.0187,1.633
C,6,X-line,53,132.0,250.0,50.5371,3.0373,3.0187,1.594
C,6,X-line,54,134.5,250.0,50.5371,3.0373,3.0187,1.547
C,6,X-line,55,137.0,250.0,50.5371,3.0373,3.0187,1.527
C,6,X-line,56,139.4,250.0,50.5371,3.0373,3.0187,1.544
C,6,X-line,57,141.9,250.0,50.5371,3.0373,3.0187,1.481
C,6,X-line,58,144.4,250.0,50.5371,3.0373,3.0187,1.463
C,6,X-line,59,146.9,250.0,50.5371,3.0373,3.0187,1.543
C,6,X-line,60,149.4,250.0,50.5371,3.0373,3.0187,1.417
C,6,X-line,61,151.9,250.0,50.5371,3.0373,3.0187,1.428
C,6,X-line,62,154.4,250.0,50.5371,3.0373,3.0187,1.329
C,6,X-line,63,156.9,250.0,50.5371,3.0373,3.0187,1.377
C,6,X-line,64,159.4,250.0,50.5371,3.0373,3.0187,1.294
C,6,X-line,65,161.9,250.0,50.5371,3.0373,3.0187,1.277
C,6,X-line,66,164.3,250.0,50.5371,3.0373,3.0187,1.253
C,6,X-line,67,166.8,250.0,50.5371,3.0373,3.0187,1.225
C,6,X-line,68,169.3,250.0,50.5371,3.0373,3.0187,1.238
C,6,X-line,69,171.8,250.0,50.5371,3.0373,3.0187,1.444
C,6,X-line,70,174.3,250.0,50.5371,3.0373,3.0187,1.531
C,6,X-line,71,176.8,250.0,50.415,3.0299,3.0113,1.567
C,6,X-line,72,179.3,250.0,50.293,3.0226,3.004,1.99
C,6,X-line,73,181.8,250.0,50.293,3.0226,3.004,1.978
C,6,X-line,74,184.3,250.0,50.293,3.0226,3.004,1.914
C,6,X-line,75,186.8,250.0,50.293,3.0226,3.004,1.326
C,6,X-line,76,189.2,250.0,50.293,3.0226,3.004,1.026
C,6,X-line,77,191.7,250.0,50.293,3.0226,3.004,1.136
C,6,X-line,78,194.2,250.0,50.293,3.0226,3.004,0.708
C,6,X-line,79,196.7,250.0,50.293,3.0226,3.004,0.985
C,6,X-line,80,199.2,250.0,50.293,3.0226,3.004,1.016
C,6,X-line,81,201.7,250.0,50.293,3.0226,3.004,0.99
C,6,X-line,82,204.2,250.0,50.5371,3.0373,3.0187,1.09
C,6,X-line,83,206.7,250.0,50.7812,3.052,3.0334,1.122
C,6,X-line,84,209.2,250.0,51.0254,3.0666,3.048,1.217
C,6,X-line,85,211.7,250.0,51.0254,3.0666,3.048,1.443
C,6,X-line,86,214.1,250.0,51.0254,3.0666,3.048,1.665
C,6,X-line,87,216.6,250.0,51.0254,3.0666,3.048,1.667
C,6,X-line,88,219.1,250.0,51.0254,3.0666,3.048,1.819
C,6,X-line,89,221.6,250.0,51.0254,3.0666,3.048,1.832
C,6,X-line,90,224.1,250.0,51.0254,3.0666,3.048,1.877
C,6,X-line,91,226.6,250.0,51.0254,3.0666,3.048,1.868
C,6,X-line,92,229.1,250.0,51.0254,3.0666,3.048,1.89
C,6,X-line,93,231.6,250.0,51.0254,3.0666,3.048,1.901
C,6,X-line,94,234.1,250.0,51.0254,3.0666,3.048,2.072
C,6,X-line,95,236.6,250.0,51.0254,3.0666,3.048,1.977
C,6,X-line,96,239.0,250.0,51.0254,3.0666,3.048,2.054
C,6,X-line,97,241.5,250.0,51.0254,3.0666,3.048,1.983
C,6,X-line,98,244.0,250.0,51.0254,3.0666,3.048,1.967
C,6,X-line,99,246.5,250.0,51.0254,3.0666,3.048,2.022
C,6,X-line,100,249.0,250.0,51.0254,3.0666,3.048,1.917
C,6,X-line,101,251.5,250.0,51.0254,3.0666,3.048,1.945
C,6,X-line,102,254.0,250.0,51.0254,3.0666,3.048,1.972
C,6,X-line,103,256.5,250.0,51.0254,3.0666,3.048,1.837
C,6,X-line,104,259.0,250.0,51.0254,3.0666,3.048,1.758
C,6,X-line,105,261.5,250.0,51.0254,3.0666,3.048,1.581
C,6,X-line,106,263.9,250.0,51.0254,3.0666,3.048,1.512
C,6,X-line,107,266.4,250.0,51.0254,3.0666,3.048,1.518
C,6,X-line,108,268.9,250.0,51.0254,3.0666,3.048,1.378
C,6,X-line,109,271.4,250.0,51.0254,3.0666,3.048,1.359
C,6,X-line,110,273.9,250.0,51.0254,3.0666,3.048,1.25
C,6,X-line,111,276.4,250.0,51.0254,3.0666,3.048,1.207
C,6,X-line,112,278.9,250.0,51.0254,3.0666,3.048,1.15
C,6,X-line,113,281.4,250.0,51.0254,3.0666,3.048,1.124
C,6,X-line,114,283.9,250.0,51.1475,3.074,3.0554,1.057
C,6,X-line,115,286.4,250.0,51.3916,3.0886,3.07,0.936
C,6,X-line,116,288.8,250.0,51.6357,3.1033,3.0847,0.87
C,6,X-line,117,291.3,250.0,51.8799,3.118,3.0994,0.817
C,6,X-line,118,293.8,250.0,51.8799,3.118,3.0994,0.905
C,6,X-line,119,296.3,250.0,51.8799,3.118,3.0994,0.882
C,6,X-line,120,298.8,250.0,51.8799,3.118,3.0994,0.875
C,6,X-line,121,301.3,250.0,51.8799,3.118,3.0994,1.106
C,6,X-line,122,303.8,250.0,51.8799,3.118,3.0994,1.167
C,6,X-line,123,306.3,250.0,51.8799,3.118,3.0994,1.316
C,6,X-line,124,308.8,250.0,51.8799,3.118,3.0994,1.455
C,6,X-line,125,311.2,250.0,51.8799,3.118,3.0994,1.488
C,6,X-line,126,313.7,250.0,51.8799,3.118,3.0994,1.449
C,6,X-line,127,316.2,250.0,51.8799,3.118,3.0994,1.522
C,6,X-line,128,318.7,250.0,51.8799,3.118,3.0994,1.627
C,6,X-line,129,321.2,250.0,51.8799,3.118,3.0994,1.557
C,6,X-line,130,323.7,250.0,51.8799,3.118,3.0994,1.559
C,6,X-line,131,326.2,250.0,51.8799,3.118,3.0994,1.676
C,6,X-line,132,328.7,250.0,51.8799,3.118,3.0994,1.624
C,6,X-line,133,331.2,250.0,51.8799,3.118,3.0994,1.557
C,6,X-line,134,333.7,250.0,51.8799,3.118,3.0994,1.574
C,6,X-line,135,336.2,250.0,51.8799,3.118,3.0994,1.502
C,6,X-line,136,338.6,250.0,51.6357,3.1033,3.0847,1.602
C,6,X-line,137,341.1,250.0,51.6357,3.1033,3.0847,1.58
C,6,X-line,138,343.6,250.0,51.6357,3.1033,3.0847,1.731
C,6,X-line,139,346.1,250.0,51.6357,3.1033,3.0847,1.766
C,6,X-line,140,348.6,250.0,51.6357,3.1033,3.0847,1.724
C,6,X-line,141,351.1,250.0,51.6357,3.1033,3.0847,1.789
C,6,X-line,142,353.6,250.0,51.6357,3.1033,3.0847,1.745
C,6,X-line,143,356.1,250.0,51.6357,3.1033,3.0847,1.616
C,6,X-line,144,358.6,250.0,51.6357,3.1033,3.0847,1.551
C,6,X-line,145,361.1,250.0,51.6357,3.1033,3.0847,1.499
C,6,X-line,146,363.5,250.0,51.6357,3.1033,3.0847,1.505
C,6,X-line,147,366.0,250.0,51.6357,3.1033,3.0847,1.498
C,6,X-line,148,368.5,250.0,51.6357,3.1033,3.0847,1.489
C,6,X-line,149,371.0,250.0,51.6357,3.1033,3.0847,1.574
C,6,X-line,150,373.5,250.0,51.6357,3.1033,3.0847,1.479
C,6,X-line,151,376.0,250.0,51.3916,3.0886,3.07,1.536
C,6,X-line,152,378.5,250.0,51.2695,3.0813,3.0627,1.56
C,6,X-line,153,381.0,250.0,51.2695,3.0813,3.0627,1.619
C,6,X-line,154,383.5,250.0,51.2695,3.0813,3.0627,1.68
C,6,X-line,155,386.0,250.0,51.2695,3.0813,3.0627,1.767
C,6,X-line,156,388.4,250.0,51.2695,3.0813,3.0627,1.817
C,6,X-line,157,390.9,250.0,51.2695,3.0813,3.0627,1.828
C,6,X-line,158,393.4,250.0,51.2695,3.0813,3.0627,1.923
C,6,X-line,159,395.9,250.0,51.2695,3.0813,3.0627,1.611
C,6,X-line,160,398.4,250.0,51.2695,3.0813,3.0627,1.673
C,6,X-line,161,400.9,250.0,51.2695,3.0813,3.0627,1.635
C,6,X-line,162,403.4,250.0,51.2695,3.0813,3.0627,1.378
C,6,X-line,163,405.9,250.0,51.2695,3.0813,3.0627,1.298
C,6,X-line,164,408.4,250.0,51.2695,3.0813,3.0627,0.925
C,6,X-line,165,410.9,250.0,51.2695,3.0813,3.0627,0.776
C,6,X-line,166,413.3,250.0,51.2695,3.0813,3.0627,0.717
C,6,X-line,167,415.8,250.0,51.2695,3.0813,3.0627,0.637
C,6,X-line,168,418.3,250.0,51.2695,3.0813,3.0627,0.424
C,6,X-line,169,420.8,250.0,51.2695,3.0813,3.0627,0.832
C,6,X-line,170,423.3,250.0,51.2695,3.0813,3.0627,0.9
C,6,X-line,171,425.8,250.0,51.2695,3.0813,3.0627,1.067
C,6,X-line,172,428.3,250.0,51.2695,3.0813,3.0627,1.137
C,6,X-line,173,430.8,250.0,51.2695,3.0813,3.0627,1.304
C,6,X-line,174,433.3,250.0,51.2695,3.0813,3.0627,1.199
C,6,X-line,175,435.8,250.0,51.2695,3.0813,3.0627,1.409
C,6,X-line,176,438.2,250.0,51.2695,3.0813,3.0627,1.61
C,6,X-line,177,440.7,250.0,51.2695,3.0813,3.0627,1.558
C,6,X-line,178,443.2,250.0,51.2695,3.0813,3.0627,1.614
C,6,X-line,179,445.7,250.0,51.2695,3.0813,3.0627,1.543
C,6,X-line,180,448.2,250.0,51.2695,3.0813,3.0627,1.163
C,6,X-line,181,450.7,250.0,51.2695,3.0813,3.0627,1.299
C,6,X-line,182,453.2,250.0,51.2695,3.0813,3.0627,1.401
C,6,X-line,183,455.7,250.0,51.2695,3.0813,3.0627,1.452
C,6,X-line,184,458.2,250.0,51.2695,3.0813,3.0627,1.071
C,6,X-line,185,460.7,250.0,51.2695,3.0813,3.0627,1.22
C,6,X-line,186,463.1,250.0,51.2695,3.0813,3.0627,1.213
C,6,X-line,187,465.6,250.0,51.2695,3.0813,3.0627,1.235
C,6,X-line,188,468.1,250.0,51.2695,3.0813,3.0627,1.389
C,6,X-line,189,470.6,250.0,51.2695,3.0813,3.0627,1.442
C,6,X-line,190,473.1,250.0,51.2695,3.0813,3.0627,1.597
C,6,X-line,191,475.6,250.0,51.2695,3.0813,3.0627,1.517
C,6,X-line,192,478.1,250.0,51.2695,3.0813,3.0627,1.672
C,6,X-line,193,480.6,250.0,51.2695,3.0813,3.0627,2.292
C,6,X-line,194,483.1,250.0,51.2695,3.0813,3.0627,1.812
C,6,X-line,195,485.6,250.0,51.2695,3.0813,3.0627,1.564
C,6,X-line,196,488.0,250.0,51.2695,3.0813,3.0627,1.035
C,6,X-line,197,490.5,250.0,51.2695,3.0813,3.0627,0.568
C,6,X-line,198,493.0,250.0,51.2695,3.0813,3.0627,0.385
C,6,X-line,199,495.5,250.0,51.2695,3.0813,3.0627,0.145
C,6,X-line,200,498.0,250.0,51.2695,3.0813,3.0627,0.335
C,6,X-line,201,500.5,250.0,51.2695,3.0813,3.0627,0.304
C,6,X-line,202,503.0,250.0,51.2695,3.0813,3.0627,0.861
C,6,X-line,203,505.5,250.0,51.1475,3.074,3.0554,0.962
C,6,X-line,204,508.0,250.0,51.1475,3.074,3.0554,1.278
C,6,X-line,205,510.5,250.0,51.1475,3.074,3.0554,1.27
C,6,X-line,206,512.9,250.0,51.1475,3.074,3.0554,1.216
C,6,X-line,207,515.4,250.0,51.1475,3.074,3.0554,0.734
C,6,X-line,208,517.9,250.0,51.1475,3.074,3.0554,0.994
C,6,X-line,209,520.4,250.0,51.1475,3.074,3.0554,0.745
C,6,X-line,210,522.9,250.0,51.1475,3.074,3.0554,0.249
C,6,X-line,211,525.4,250.0,51.0254,3.0666,3.048,1.287
C,6,X-line,212,527.9,250.0,51.0254,3.0666,3.048,1.045
C,6,X-line,213,530.4,250.0,51.0254,3.0666,3.048,1.238
C,6,X-line,214,532.9,250.0,50.7812,3.052,3.0334,1.394
C,6,X-line,215,535.4,250.0,50.6592,3.0446,3.026,1.195
C,6,X-line,216,537.8,250.0,50.6592,3.0446,3.026,1.718
C,6,X-line,217,540.3,250.0,50.6592,3.0446,3.026,1.711
C,6,X-line,218,542.8,250.0,50.6592,3.0446,3.026,1.621
C,6,X-line,219,545.3,250.0,50.6592,3.0446,3.026,1.679
C,6,X-line,220,547.8,250.0,50.6592,3.0446,3.026,1.682
C,6,X-line,221,550.3,250.0,50.6592,3.0446,3.026,1.691
C,6,X-line,222,552.8,250.0,50.6592,3.0446,3.026,1.71
C,6,X-line,223,555.3,250.0,50.6592,3.0446,3.026,1.527
C,6,X-line,224,557.8,250.0,50.6592,3.0446,3.026,1.636
C,6,X-line,225,560.2,250.0,50.6592,3.0446,3.026,1.565
C,6,X-line,226,562.7,250.0,50.6592,3.0446,3.026,1.608
C,6,X-line,227,565.2,250.0,50.6592,3.0446,3.026,1.669
C,6,X-line,228,567.7,250.0,50.415,3.0299,3.0113,1.741
C,6,X-line,229,570.2,250.0,50.1709,3.0153,2.9967,1.683
C,6,X-line,230,572.7,250.0,50.1709,3.0153,2.9967,1.918
C,6,X-line,231,575.2,250.0,50.1709,3.0153,2.9967,1.9
C,6,X-line,232,577.7,250.0,50.1709,3.0153,2.9967,2.011
C,6,X-line,233,580.2,250.0,50.1709,3.0153,2.9967,1.839
C,6,X-line,234,582.7,250.0,50.1709,3.0153,2.9967,1.925
C,6,X-line,235,585.2,250.0,50.1709,3.0153,2.9967,1.696
C,6,X-line,236,587.6,250.0,50.1709,3.0153,2.9967,1.605
C,6,X-line,237,590.1,250.0,50.1709,3.0153,2.9967,1.509
C,6,X-line,238,592.6,250.0,50.1709,3.0153,2.9967,1.285
C,6,X-line,239,595.1,250.0,50.1709,3.0153,2.9967,1.444
C,6,X-line,240,597.6,250.0,50.1709,3.0153,2.9967,1.709
C,6,X-line,241,600.1,250.0,50.0488,3.0079,2.9893,1.561
C,6,X-line,242,602.6,250.0,49.8047,2.9933,2.9747,1.389
C,6,X-line,243,605.1,250.0,49.5605,2.9786,2.96,1.312
C,6,X-line,244,607.6,250.0,49.3164,2.9639,2.9453,1.258
C,6,X-line,245,610.1,250.0,49.0723,2.9492,2.9306,1.313
C,6,X-line,246,612.5,250.0,48.8281,2.9346,2.916,1.326
C,6,X-line,247,615.0,250.0,48.584,2.9199,2.9013,1.343
C,6,X-line,248,617.5,250.0,48.3398,2.9052,2.8866,1.381
C,6,X-line,249,620.0,250.0,48.0957,2.8906,2.872,1.498
C,6,X-line,250,622.5,250.0,47.8516,2.8759,2.8573,1.446
C,6,X-line,251,625.0,250.0,47.8516,2.8759,2.8573,1.469
C,6,X-line,252,627.5,250.0,47.8516,2.8759,2.8573,1.46
C,6,X-line,253,630.0,250.0,47.6074,2.8612,2.8426,1.524
C,6,X-line,254,632.5,250.0,47.3633,2.8465,2.8279,1.52
C,6,X-line,255,635.0,250.0,47.3633,2.8465,2.8279,1.628
C,6,X-line,256,637.4,250.0,47.3633,2.8465,2.8279,1.322
C,6,X-line,257,639.9,250.0,47.3633,2.8465,2.8279,1.334
C,6,X-line,258,642.4,250.0,47.3633,2.8465,2.8279,1.328
C,6,X-line,259,644.9,250.0,47.3633,2.8465,2.8279,1.477
C,6,X-line,260,647.4,250.0,47.3633,2.8465,2.8279,1.463
C,6,X-line,261,649.9,250.0,47.3633,2.8465,2.8279,1.661
C,6,X-line,262,652.4,250.0,47.3633,2.8465,2.8279,1.691
C,6,X-line,263,654.9,250.0,47.3633,2.8465,2.8279,1.764
C,6,X-line,264,657.4,250.0,47.3633,2.8465,2.8279,1.706
C,6,X-line,265,659.9,250.0,47.3633,2.8465,2.8279,1.723
C,6,X-line,266,662.3,250.0,47.3633,2.8465,2.8279,1.406
C,6,X-line,267,664.8,250.0,47.3633,2.8465,2.8279,1.454
C,6,X-line,268,667.3,250.0,47.3633,2.8465,2.8279,1.495
C,6,X-line,269,669.8,250.0,47.3633,2.8465,2.8279,1.593
C,6,X-line,270,672.3,250.0,47.3633,2.8465,2.8279,1.774
C,6,X-line,271,674.8,250.0,47.3633,2.8465,2.8279,1.781
C,6,X-line,272,677.3,250.0,47.3633,2.8465,2.8279,1.737
C,6,X-line,273,679.8,250.0,47.3633,2.8465,2.8279,1.746
C,6,X-line,274,682.3,250.0,47.3633,2.8465,2.8279,1.79
C,6,X-line,275,684.8,250.0,47.3633,2.8465,2.8279,1.796
C,6,X-line,276,687.2,250.0,47.3633,2.8465,2.8279,1.917
C,6,X-line,277,689.7,250.0,47.3633,2.8465,2.8279,1.849
C,7,X-line,0,0.0,300.0,52.0019,3.1253,3.0802,1.565
C,7,X-line,1,2.5,300.0,52.0019,3.1253,3.0802,1.543
C,7,X-line,2,5.0,300.0,52.0019,3.1253,3.0802,1.707
C,7,X-line,3,7.5,300.0,52.0019,3.1253,3.0802,1.642
C,7,X-line,4,10.0,300.0,52.0019,3.1253,3.0802,1.684
C,7,X-line,5,12.5,300.0,52.0019,3.1253,3.0802,1.691
C,7,X-line,6,14.9,300.0,52.0019,3.1253,3.0802,1.645
C,7,X-line,7,17.4,300.0,52.0019,3.1253,3.0802,1.465
C,7,X-line,8,19.9,300.0,51.7578,3.1106,3.0655,1.32
C,7,X-line,9,22.4,300.0,51.5137,3.096,3.0509,1.193
C,7,X-line,10,24.9,300.0,51.2695,3.0813,3.0362,1.055
C,7,X-line,11,27.4,300.0,51.2695,3.0813,3.0362,1.194
C,7,X-line,12,29.9,300.0,51.0254,3.0666,3.0215,1.121
C,7,X-line,13,32.4,300.0,51.0254,3.0666,3.0215,1.132
C,7,X-line,14,34.9,300.0,51.0254,3.0666,3.0215,1.139
C,7,X-line,15,37.4,300.0,50.7812,3.052,3.0069,1.496
C,7,X-line,16,39.8,300.0,50.7812,3.052,3.0069,1.554
C,7,X-line,17,42.3,300.0,50.7812,3.052,3.0069,1.659
C,7,X-line,18,44.8,300.0,50.7812,3.052,3.0069,1.971
C,7,X-line,19,47.3,300.0,50.7812,3.052,3.0069,1.899
C,7,X-line,20,49.8,300.0,50.7812,3.052,3.0069,2.02
C,7,X-line,21,52.3,300.0,50.7812,3.052,3.0069,1.911
C,7,X-line,22,54.8,300.0,50.7812,3.052,3.0069,1.871
C,7,X-line,23,57.3,300.0,50.7812,3.052,3.0069,1.692
C,7,X-line,24,59.8,300.0,50.7812,3.052,3.0069,1.479
C,7,X-line,25,62.3,300.0,50.7812,3.052,3.0069,1.42
C,7,X-line,26,64.7,300.0,50.7812,3.052,3.0069,1.348
C,7,X-line,27,67.2,300.0,50.7812,3.052,3.0069,1.594
C,7,X-line,28,69.7,300.0,50.7812,3.052,3.0069,1.413
C,7,X-line,29,72.2,300.0,50.7812,3.052,3.0069,1.352
C,7,X-line,30,74.7,300.0,50.7812,3.052,3.0069,1.438
C,7,X-line,31,77.2,300.0,50.7812,3.052,3.0069,1.664
C,7,X-line,32,79.7,300.0,50.7812,3.052,3.0069,1.467
C,7,X-line,33,82.2,300.0,50.7812,3.052,3.0069,1.39
C,7,X-line,34,84.7,300.0,50.7812,3.052,3.0069,1.458
C,7,X-line,35,87.2,300.0,50.7812,3.052,3.0069,1.36
C,7,X-line,36,89.6,300.0,50.7812,3.052,3.0069,1.407
C,7,X-line,37,92.1,300.0,50.7812,3.052,3.0069,1.486
C,7,X-line,38,94.6,300.0,50.7812,3.052,3.0069,1.461
C,7,X-line,39,97.1,300.0,50.7812,3.052,3.0069,1.403
C,7,X-line,40,99.6,300.0,50.7812,3.052,3.0069,1.426
C,7,X-line,41,102.1,300.0,50.7812,3.052,3.0069,1.271
C,7,X-line,42,104.6,300.0,50.7812,3.052,3.0069,1.296
C,7,X-line,43,107.1,300.0,50.7812,3.052,3.0069,1.242
C,7,X-line,44,109.6,300.0,50.7812,3.052,3.0069,1.31
C,7,X-line,45,112.1,300.0,50.7812,3.052,3.0069,1.363
C,7,X-line,46,114.5,300.0,50.7812,3.052,3.0069,1.262
C,7,X-line,47,117.0,300.0,50.7812,3.052,3.0069,1.343
C,7,X-line,48,119.5,300.0,50.7812,3.052,3.0069,1.393
C,7,X-line,49,122.0,300.0,50.7812,3.052,3.0069,1.435
C,7,X-line,50,124.5,300.0,50.7812,3.052,3.0069,1.425
C,7,X-line,51,127.0,300.0,50.7812,3.052,3.0069,1.476
C,7,X-line,52,129.5,300.0,50.7812,3.052,3.0069,1.506
C,7,X-line,53,132.0,300.0,50.7812,3.052,3.0069,1.542
C,7,X-line,54,134.5,300.0,50.7812,3.052,3.0069,1.554
C,7,X-line,55,137.0,300.0,50.7812,3.052,3.0069,1.541
C,7,X-line,56,139.4,300.0,50.7812,3.052,3.0069,1.549
C,7,X-line,57,141.9,300.0,50.7812,3.052,3.0069,1.502
C,7,X-line,58,144.4,300.0,50.7812,3.052,3.0069,1.546
C,7,X-line,59,146.9,300.0,50.7812,3.052,3.0069,1.428
C,7,X-line,60,149.4,300.0,50.7812,3.052,3.0069,1.43
C,7,X-line,61,151.9,300.0,50.7812,3.052,3.0069,1.474
C,7,X-line,62,154.4,300.0,50.7812,3.052,3.0069,1.436
C,7,X-line,63,156.9,300.0,50.7812,3.052,3.0069,1.372
C,7,X-line,64,159.4,300.0,50.7812,3.052,3.0069,1.186
C,7,X-line,65,161.9,300.0,50.7812,3.052,3.0069,1.332
C,7,X-line,66,164.3,300.0,50.7812,3.052,3.0069,1.231
C,7,X-line,67,166.8,300.0,50.7812,3.052,3.0069,1.329
C,7,X-line,68,169.3,300.0,50.7812,3.052,3.0069,1.387
C,7,X-line,69,171.8,300.0,50.7812,3.052,3.0069,1.376
C,7,X-line,70,174.3,300.0,50.7812,3.052,3.0069,1.372
C,7,X-line,71,176.8,300.0,50.7812,3.052,3.0069,1.397
C,7,X-line,72,179.3,300.0,50.7812,3.052,3.0069,1.498
C,7,X-line,73,181.8,300.0,50.7812,3.052,3.0069,1.572
C,7,X-line,74,184.3,300.0,50.7812,3.052,3.0069,1.686
C,7,X-line,75,186.8,300.0,50.7812,3.052,3.0069,1.943
C,7,X-line,76,189.2,300.0,50.7812,3.052,3.0069,1.906
C,7,X-line,77,191.7,300.0,50.7812,3.052,3.0069,1.95
C,7,X-line,78,194.2,300.0,50.7812,3.052,3.0069,1.806
C,7,X-line,79,196.7,300.0,50.7812,3.052,3.0069,2.195
C,7,X-line,80,199.2,300.0,50.7812,3.052,3.0069,1.909
C,7,X-line,81,201.7,300.0,50.7812,3.052,3.0069,2.026
C,7,X-line,82,204.2,300.0,50.7812,3.052,3.0069,2.026
C,7,X-line,83,206.7,300.0,50.7812,3.052,3.0069,1.635
C,7,X-line,84,209.2,300.0,51.0254,3.0666,3.0215,1.933
C,7,X-line,85,211.7,300.0,51.0254,3.0666,3.0215,1.718
C,7,X-line,86,214.1,300.0,51.0254,3.0666,3.0215,1.777
C,7,X-line,87,216.6,300.0,51.0254,3.0666,3.0215,1.753
C,7,X-line,88,219.1,300.0,51.0254,3.0666,3.0215,1.619
C,7,X-line,89,221.6,300.0,51.0254,3.0666,3.0215,1.519
C,7,X-line,90,224.1,300.0,51.0254,3.0666,3.0215,1.704
C,7,X-line,91,226.6,300.0,51.0254,3.0666,3.0215,1.651
C,7,X-line,92,229.1,300.0,51.0254,3.0666,3.0215,1.818
C,7,X-line,93,231.6,300.0,51.0254,3.0666,3.0215,1.711
C,7,X-line,94,234.1,300.0,51.0254,3.0666,3.0215,1.692
C,7,X-line,95,236.6,300.0,51.0254,3.0666,3.0215,1.758
C,7,X-line,96,239.0,300.0,51.0254,3.0666,3.0215,1.577
C,7,X-line,97,241.5,300.0,51.0254,3.0666,3.0215,1.596
C,7,X-line,98,244.0,300.0,51.0254,3.0666,3.0215,1.59
C,7,X-line,99,246.5,300.0,51.0254,3.0666,3.0215,1.462
C,7,X-line,100,249.0,300.0,51.0254,3.0666,3.0215,1.363
C,7,X-line,101,251.5,300.0,51.0254,3.0666,3.0215,1.255
C,7,X-line,102,254.0,300.0,51.0254,3.0666,3.0215,1.193
C,7,X-line,103,256.5,300.0,51.0254,3.0666,3.0215,1.144
C,7,X-line,104,259.0,300.0,51.0254,3.0666,3.0215,1.004
C,7,X-line,105,261.5,300.0,51.0254,3.0666,3.0215,1.06
C,7,X-line,106,263.9,300.0,51.0254,3.0666,3.0215,1.101
C,7,X-line,107,266.4,300.0,51.0254,3.0666,3.0215,1.202
C,7,X-line,108,268.9,300.0,51.0254,3.0666,3.0215,1.081
C,7,X-line,109,271.4,300.0,51.0254,3.0666,3.0215,1.2
C,7,X-line,110,273.9,300.0,51.0254,3.0666,3.0215,1.159
C,7,X-line,111,276.4,300.0,51.0254,3.0666,3.0215,1.208
C,7,X-line,112,278.9,300.0,51.0254,3.0666,3.0215,1.29
C,7,X-line,113,281.4,300.0,51.0254,3.0666,3.0215,1.391
C,7,X-line,114,283.9,300.0,51.0254,3.0666,3.0215,1.436
C,7,X-line,115,286.4,300.0,51.0254,3.0666,3.0215,1.423
C,7,X-line,116,288.8,300.0,51.0254,3.0666,3.0215,1.458
C,7,X-line,117,291.3,300.0,51.0254,3.0666,3.0215,1.328
C,7,X-line,118,293.8,300.0,51.0254,3.0666,3.0215,1.311
C,7,X-line,119,296.3,300.0,51.0254,3.0666,3.0215,1.212
C,7,X-line,120,298.8,300.0,51.0254,3.0666,3.0215,1.146
C,7,X-line,121,301.3,300.0,51.0254,3.0666,3.0215,1.222
C,7,X-line,122,303.8,300.0,51.0254,3.0666,3.0215,1.223
C,7,X-line,123,306.3,300.0,51.0254,3.0666,3.0215,1.355
C,7,X-line,124,308.8,300.0,51.0254,3.0666,3.0215,1.421
C,7,X-line,125,311.2,300.0,51.0254,3.0666,3.0215,1.445
C,7,X-line,126,313.7,300.0,51.0254,3.0666,3.0215,1.511
C,7,X-line,127,316.2,300.0,51.0254,3.0666,3.0215,1.538
C,7,X-line,128,318.7,300.0,51.0254,3.0666,3.0215,1.57
C,7,X-line,129,321.2,300.0,51.0254,3.0666,3.0215,1.533
C,7,X-line,130,323.7,300.0,51.0254,3.0666,3.0215,1.623
C,7,X-line,131,326.2,300.0,51.0254,3.0666,3.0215,1.55
C,7,X-line,132,328.7,300.0,51.0254,3.0666,3.0215,1.628
C,7,X-line,133,331.2,300.0,51.0254,3.0666,3.0215,1.578
C,7,X-line,134,333.7,300.0,51.0254,3.0666,3.0215,1.569
C,7,X-line,135,336.2,300.0,51.0254,3.0666,3.0215,1.475
C,7,X-line,136,338.6,300.0,51.0254,3.0666,3.0215,1.61
C,7,X-line,137,341.1,300.0,51.0254,3.0666,3.0215,1.499
C,7,X-line,138,343.6,300.0,51.0254,3.0666,3.0215,1.406
C,7,X-line,139,346.1,300.0,50.9033,3.0593,3.0142,1.397
C,7,X-line,140,348.6,300.0,50.9033,3.0593,3.0142,1.385
C,7,X-line,141,351.1,300.0,50.9033,3.0593,3.0142,1.376
C,7,X-line,142,353.6,300.0,50.9033,3.0593,3.0142,1.317
C,7,X-line,143,356.1,300.0,50.9033,3.0593,3.0142,1.238
C,7,X-line,144,358.6,300.0,50.9033,3.0593,3.0142,0.738
C,7,X-line,145,361.1,300.0,50.9033,3.0593,3.0142,0.942
C,7,X-line,146,363.5,300.0,50.9033,3.0593,3.0142,0.966
C,7,X-line,147,366.0,300.0,50.9033,3.0593,3.0142,1.268
C,7,X-line,148,368.5,300.0,50.9033,3.0593,3.0142,1.26
C,7,X-line,149,371.0,300.0,50.9033,3.0593,3.0142,1.481
C,7,X-line,150,373.5,300.0,50.9033,3.0593,3.0142,1.462
C,7,X-line,151,376.0,300.0,50.9033,3.0593,3.0142,1.528
C,7,X-line,152,378.5,300.0,50.9033,3.0593,3.0142,1.641
C,7,X-line,153,381.0,300.0,50.9033,3.0593,3.0142,1.837
C,7,X-line,154,383.5,300.0,50.9033,3.0593,3.0142,1.614
C,7,X-line,155,386.0,300.0,50.9033,3.0593,3.0142,1.615
C,7,X-line,156,388.4,300.0,50.9033,3.0593,3.0142,1.519
C,7,X-line,157,390.9,300.0,50.9033,3.0593,3.0142,1.471
C,7,X-line,158,393.4,300.0,50.9033,3.0593,3.0142,1.64
C,7,X-line,159,395.9,300.0,50.9033,3.0593,3.0142,1.526
C,7,X-line,160,398.4,300.0,50.6592,3.0446,2.9995,1.497
C,7,X-line,161,400.9,300.0,50.415,3.0299,2.9848,1.555
C,7,X-line,162,403.4,300.0,50.415,3.0299,2.9848,1.645
C,7,X-line,163,405.9,300.0,50.415,3.0299,2.9848,1.634
C,7,X-line,164,408.4,300.0,50.415,3.0299,2.9848,1.564
C,7,X-line,165,410.9,300.0,50.415,3.0299,2.9848,1.561
C,7,X-line,166,413.3,300.0,50.415,3.0299,2.9848,1.559
C,7,X-line,167,415.8,300.0,50.415,3.0299,2.9848,1.55
C,7,X-line,168,418.3,300.0,50.415,3.0299,2.9848,1.625
C,7,X-line,169,420.8,300.0,50.415,3.0299,2.9848,1.581
C,7,X-line,170,423.3,300.0,50.415,3.0299,2.9848,1.645
C,7,X-line,171,425.8,300.0,50.415,3.0299,2.9848,1.7
C,7,X-line,172,428.3,300.0,50.415,3.0299,2.9848,1.82
C,7,X-line,173,430.8,300.0,50.415,3.0299,2.9848,1.847
C,7,X-line,174,433.3,300.0,50.415,3.0299,2.9848,1.827
C,7,X-line,175,435.8,300.0,50.415,3.0299,2.9848,1.911
C,7,X-line,176,438.2,300.0,50.415,3.0299,2.9848,1.839
C,7,X-line,177,440.7,300.0,50.415,3.0299,2.9848,1.846
C,7,X-line,178,443.2,300.0,50.415,3.0299,2.9848,1.876
C,7,X-line,179,445.7,300.0,50.6592,3.0446,2.9995,1.97
C,7,X-line,180,448.2,300.0,50.6592,3.0446,2.9995,1.917
C,7,X-line,181,450.7,300.0,50.6592,3.0446,2.9995,1.934
C,7,X-line,182,453.2,300.0,50.6592,3.0446,2.9995,1.87
C,7,X-line,183,455.7,300.0,50.6592,3.0446,2.9995,1.839
C,7,X-line,184,458.2,300.0,50.6592,3.0446,2.9995,1.816
C,7,X-line,185,460.7,300.0,50.6592,3.0446,2.9995,1.604
C,7,X-line,186,463.1,300.0,50.6592,3.0446,2.9995,1.551
C,7,X-line,187,465.6,300.0,50.6592,3.0446,2.9995,1.572
C,7,X-line,188,468.1,300.0,50.6592,3.0446,2.9995,1.412
C,7,X-line,189,470.6,300.0,50.6592,3.0446,2.9995,1.238
C,7,X-line,190,473.1,300.0,50.6592,3.0446,2.9995,1.187
C,7,X-line,191,475.6,300.0,50.6592,3.0446,2.9995,1.118
C,7,X-line,192,478.1,300.0,50.6592,3.0446,2.9995,1.031
C,7,X-line,193,480.6,300.0,50.6592,3.0446,2.9995,0.931
C,7,X-line,194,483.1,300.0,50.6592,3.0446,2.9995,1.043
C,7,X-line,195,485.6,300.0,50.6592,3.0446,2.9995,1.054
C,7,X-line,196,488.0,300.0,50.9033,3.0593,3.0142,0.849
C,7,X-line,197,490.5,300.0,51.1475,3.074,3.0289,0.804
C,7,X-line,198,493.0,300.0,51.3916,3.0886,3.0435,0.774
C,7,X-line,199,495.5,300.0,51.6357,3.1033,3.0582,0.882
C,7,X-line,200,498.0,300.0,51.8799,3.118,3.0729,0.952
C,7,X-line,201,500.5,300.0,52.0019,3.1253,3.0802,1.087
C,7,X-line,202,503.0,300.0,52.0019,3.1253,3.0802,1.232
C,7,X-line,203,505.5,300.0,52.0019,3.1253,3.0802,1.016
C,7,X-line,204,508.0,300.0,52.0019,3.1253,3.0802,0.909
C,7,X-line,205,510.5,300.0,52.0019,3.1253,3.0802,1.102
C,7,X-line,206,512.9,300.0,52.0019,3.1253,3.0802,0.872
C,7,X-line,207,515.4,300.0,52.0019,3.1253,3.0802,1.122
C,7,X-line,208,517.9,300.0,52.0019,3.1253,3.0802,1.049
C,7,X-line,209,520.4,300.0,52.0019,3.1253,3.0802,1.16
C,7,X-line,210,522.9,300.0,52.0019,3.1253,3.0802,1.399
C,7,X-line,211,525.4,300.0,52.0019,3.1253,3.0802,1.684
C,7,X-line,212,527.9,300.0,52.0019,3.1253,3.0802,1.675
C,7,X-line,213,530.4,300.0,52.0019,3.1253,3.0802,1.825
C,7,X-line,214,532.9,300.0,52.0019,3.1253,3.0802,1.695
C,7,X-line,215,535.4,300.0,52.0019,3.1253,3.0802,1.748
C,7,X-line,216,537.8,300.0,52.0019,3.1253,3.0802,1.505
C,7,X-line,217,540.3,300.0,52.0019,3.1253,3.0802,1.455
C,7,X-line,218,542.8,300.0,52.0019,3.1253,3.0802,1.337
C,7,X-line,219,545.3,300.0,52.0019,3.1253,3.0802,1.457
C,7,X-line,220,547.8,300.0,52.0019,3.1253,3.0802,1.3
C,7,X-line,221,550.3,300.0,52.0019,3.1253,3.0802,1.449
C,7,X-line,222,552.8,300.0,52.0019,3.1253,3.0802,1.367
C,7,X-line,223,555.3,300.0,52.0019,3.1253,3.0802,1.181
C,7,X-line,224,557.8,300.0,51.8799,3.118,3.0729,1.399
C,7,X-line,225,560.2,300.0,51.8799,3.118,3.0729,1.371
C,7,X-line,226,562.7,300.0,51.8799,3.118,3.0729,1.481
C,7,X-line,227,565.2,300.0,51.8799,3.118,3.0729,1.424
C,7,X-line,228,567.7,300.0,51.8799,3.118,3.0729,1.513
C,7,X-line,229,570.2,300.0,51.8799,3.118,3.0729,1.483
C,7,X-line,230,572.7,300.0,51.6357,3.1033,3.0582,1.445
C,7,X-line,231,575.2,300.0,51.3916,3.0886,3.0435,1.343
C,7,X-line,232,577.7,300.0,51.1475,3.074,3.0289,1.25
C,7,X-line,233,580.2,300.0,50.9033,3.0593,3.0142,1.186
C,7,X-line,234,582.7,300.0,50.6592,3.0446,2.9995,1.367
C,7,X-line,235,585.2,300.0,50.6592,3.0446,2.9995,1.292
C,7,X-line,236,587.6,300.0,50.6592,3.0446,2.9995,1.279
C,7,X-line,237,590.1,300.0,50.6592,3.0446,2.9995,1.327
C,7,X-line,238,592.6,300.0,50.6592,3.0446,2.9995,1.465
C,7,X-line,239,595.1,300.0,50.5371,3.0373,2.9922,1.378
C,7,X-line,240,597.6,300.0,50.293,3.0226,2.9775,1.507
C,7,X-line,241,600.1,300.0,50.0488,3.0079,2.9628,1.371
C,7,X-line,242,602.6,300.0,50.0488,3.0079,2.9628,1.544
C,7,X-line,243,605.1,300.0,49.8047,2.9933,2.9482,1.513
C,7,X-line,244,607.6,300.0,49.5605,2.9786,2.9335,1.787
C,7,X-line,245,610.1,300.0,49.3164,2.9639,2.9188,1.722
C,7,X-line,246,612.5,300.0,49.3164,2.9639,2.9188,1.82
C,7,X-line,247,615.0,300.0,49.3164,2.9639,2.9188,1.733
C,7,X-line,248,617.5,300.0,49.3164,2.9639,2.9188,1.769
C,7,X-line,249,620.0,300.0,49.3164,2.9639,2.9188,1.76
C,7,X-line,250,622.5,300.0,49.3164,2.9639,2.9188,1.843
C,7,X-line,251,625.0,300.0,49.3164,2.9639,2.9188,1.637
C,7,X-line,252,627.5,300.0,49.3164,2.9639,2.9188,1.61
C,7,X-line,253,630.0,300.0,49.3164,2.9639,2.9188,1.5
C,7,X-line,254,632.5,300.0,49.3164,2.9639,2.9188,1.41
C,7,X-line,255,635.0,300.0,49.3164,2.9639,2.9188,1.163
C,7,X-line,256,637.4,300.0,49.3164,2.9639,2.9188,1.219
C,7,X-line,257,639.9,300.0,49.3164,2.9639,2.9188,1.047
C,7,X-line,258,642.4,300.0,49.3164,2.9639,2.9188,1.052
C,7,X-line,259,644.9,300.0,49.3164,2.9639,2.9188,1.113
C,7,X-line,260,647.4,300.0,49.3164,2.9639,2.9188,0.975
C,7,X-line,261,649.9,300.0,49.3164,2.9639,2.9188,0.704
C,7,X-line,262,652.4,300.0,49.3164,2.9639,2.9188,0.995
C,7,X-line,263,654.9,300.0,49.3164,2.9639,2.9188,1.231
C,7,X-line,264,657.4,300.0,49.3164,2.9639,2.9188,1.228
C,7,X-line,265,659.9,300.0,49.3164,2.9639,2.9188,1.238
C,7,X-line,266,662.3,300.0,49.3164,2.9639,2.9188,1.015
C,7,X-line,267,664.8,300.0,49.3164,2.9639,2.9188,1.116
C,7,X-line,268,667.3,300.0,49.3164,2.9639,2.9188,1.148
C,7,X-line,269,669.8,300.0,49.3164,2.9639,2.9188,1.171
C,7,X-line,270,672.3,300.0,49.3164,2.9639,2.9188,1.198
C,7,X-line,271,674.8,300.0,49.4385,2.9713,2.9262,1.343
C,7,X-line,272,677.3,300.0,49.4385,2.9713,2.9262,1.719
C,7,X-line,273,679.8,300.0,49.4385,2.9713,2.9262,1.833
C,7,X-line,274,682.3,300.0,49.4385,2.9713,2.9262,1.753
C,7,X-line,275,684.8,300.0,49.4385,2.9713,2.9262,1.701
C,7,X-line,276,687.2,300.0,49.4385,2.9713,2.9262,1.358
C,7,X-line,277,689.7,300.0,49.4385,2.9713,2.9262,1.138
C,7,X-line,278,692.2,300.0,49.4385,2.9713,2.9262,1.244
C,8,X-line,0,0.0,350.0,52.2461,3.14,3.164,1.928
C,8,X-line,1,2.5,350.0,52.2461,3.14,3.164,1.999
C,8,X-line,2,5.0,350.0,52.2461,3.14,3.164,2.005
C,8,X-line,3,7.5,350.0,52.2461,3.14,3.164,1.963
C,8,X-line,4,10.0,350.0,52.2461,3.14,3.164,1.996
C,8,X-line,5,12.5,350.0,52.2461,3.14,3.164,1.975
C,8,X-line,6,14.9,350.0,52.2461,3.14,3.164,1.867
C,8,X-line,7,17.4,350.0,52.2461,3.14,3.164,1.893
C,8,X-line,8,19.9,350.0,52.2461,3.14,3.164,1.778
C,8,X-line,9,22.4,350.0,52.2461,3.14,3.164,1.879
C,8,X-line,10,24.9,350.0,52.2461,3.14,3.164,2.087
C,8,X-line,11,27.4,350.0,52.2461,3.14,3.164,2.037
C,8,X-line,12,29.9,350.0,52.2461,3.14,3.164,2.132
C,8,X-line,13,32.4,350.0,52.2461,3.14,3.164,2.25
C,8,X-line,14,34.9,350.0,52.2461,3.14,3.164,2.166
C,8,X-line,15,37.4,350.0,52.2461,3.14,3.164,2.145
C,8,X-line,16,39.8,350.0,52.2461,3.14,3.164,2.0
C,8,X-line,17,42.3,350.0,52.2461,3.14,3.164,1.9
C,8,X-line,18,44.8,350.0,52.2461,3.14,3.164,1.964
C,8,X-line,19,47.3,350.0,52.2461,3.14,3.164,1.853
C,8,X-line,20,49.8,350.0,52.2461,3.14,3.164,1.878
C,8,X-line,21,52.3,350.0,52.2461,3.14,3.164,1.807
C,8,X-line,22,54.8,350.0,52.2461,3.14,3.164,1.875
C,8,X-line,23,57.3,350.0,52.2461,3.14,3.164,1.834
C,8,X-line,24,59.8,350.0,52.2461,3.14,3.164,1.727
C,8,X-line,25,62.3,350.0,52.2461,3.14,3.164,1.756
C,8,X-line,26,64.7,350.0,52.2461,3.14,3.164,1.838
C,8,X-line,27,67.2,350.0,52.2461,3.14,3.164,1.699
C,8,X-line,28,69.7,350.0,52.2461,3.14,3.164,1.702
C,8,X-line,29,72.2,350.0,52.2461,3.14,3.164,1.796
C,8,X-line,30,74.7,350.0,52.2461,3.14,3.164,1.793
C,8,X-line,31,77.2,350.0,52.2461,3.14,3.164,1.814
C,8,X-line,32,79.7,350.0,52.2461,3.14,3.164,1.778
C,8,X-line,33,82.2,350.0,52.2461,3.14,3.164,1.722
C,8,X-line,34,84.7,350.0,52.2461,3.14,3.164,1.722
C,8,X-line,35,87.2,350.0,52.2461,3.14,3.164,1.667
C,8,X-line,36,89.6,350.0,52.2461,3.14,3.164,1.546
C,8,X-line,37,92.1,350.0,52.2461,3.14,3.164,1.558
C,8,X-line,38,94.6,350.0,52.124,3.1327,3.1567,1.549
C,8,X-line,39,97.1,350.0,52.124,3.1327,3.1567,1.527
C,8,X-line,40,99.6,350.0,52.124,3.1327,3.1567,1.661
C,8,X-line,41,102.1,350.0,52.124,3.1327,3.1567,1.583
C,8,X-line,42,104.6,350.0,52.124,3.1327,3.1567,1.599
C,8,X-line,43,107.1,350.0,52.124,3.1327,3.1567,1.565
C,8,X-line,44,109.6,350.0,52.124,3.1327,3.1567,1.708
C,8,X-line,45,112.1,350.0,52.124,3.1327,3.1567,1.667
C,8,X-line,46,114.5,350.0,52.124,3.1327,3.1567,1.776
C,8,X-line,47,117.0,350.0,52.124,3.1327,3.1567,1.849
C,8,X-line,48,119.5,350.0,52.124,3.1327,3.1567,1.75
C,8,X-line,49,122.0,350.0,52.124,3.1327,3.1567,1.722
C,8,X-line,50,124.5,350.0,52.124,3.1327,3.1567,1.523
C,8,X-line,51,127.0,350.0,52.0019,3.1253,3.1493,1.465
C,8,X-line,52,129.5,350.0,52.0019,3.1253,3.1493,1.588
C,8,X-line,53,132.0,350.0,52.0019,3.1253,3.1493,1.427
C,8,X-line,54,134.5,350.0,52.0019,3.1253,3.1493,1.49
C,8,X-line,55,137.0,350.0,52.0019,3.1253,3.1493,1.432
C,8,X-line,56,139.4,350.0,51.8799,3.118,3.142,1.457
C,8,X-line,57,141.9,350.0,51.8799,3.118,3.142,1.37
C,8,X-line,58,144.4,350.0,51.8799,3.118,3.142,1.479
C,8,X-line,59,146.9,350.0,51.7578,3.1106,3.1346,1.464
C,8,X-line,60,149.4,350.0,51.7578,3.1106,3.1346,1.389
C,8,X-line,61,151.9,350.0,51.7578,3.1106,3.1346,1.484
C,8,X-line,62,154.4,350.0,51.7578,3.1106,3.1346,1.529
C,8,X-line,63,156.9,350.0,51.7578,3.1106,3.1346,1.538
C,8,X-line,64,159.4,350.0,51.6357,3.1033,3.1273,1.472
C,8,X-line,65,161.9,350.0,51.6357,3.1033,3.1273,1.395
C,8,X-line,66,164.3,350.0,51.5137,3.096,3.12,1.575
C,8,X-line,67,166.8,350.0,51.5137,3.096,3.12,1.512
C,8,X-line,68,169.3,350.0,51.5137,3.096,3.12,1.518
C,8,X-line,69,171.8,350.0,51.5137,3.096,3.12,1.595
C,8,X-line,70,174.3,350.0,51.5137,3.096,3.12,1.469
C,8,X-line,71,176.8,350.0,51.5137,3.096,3.12,1.321
C,8,X-line,72,179.3,350.0,51.5137,3.096,3.12,1.392
C,8,X-line,73,181.8,350.0,51.5137,3.096,3.12,1.314
C,8,X-line,74,184.3,350.0,51.5137,3.096,3.12,1.302
C,8,X-line,75,186.8,350.0,51.5137,3.096,3.12,1.302
C,8,X-line,76,189.2,350.0,51.5137,3.096,3.12,1.225
C,8,X-line,77,191.7,350.0,51.5137,3.096,3.12,1.206
C,8,X-line,78,194.2,350.0,51.5137,3.096,3.12,1.219
C,8,X-line,79,196.7,350.0,51.5137,3.096,3.12,1.331
C,8,X-line,80,199.2,350.0,51.5137,3.096,3.12,1.276
C,8,X-line,81,201.7,350.0,51.5137,3.096,3.12,1.406
C,8,X-line,82,204.2,350.0,51.5137,3.096,3.12,1.457
C,8,X-line,83,206.7,350.0,51.5137,3.096,3.12,1.484
C,8,X-line,84,209.2,350.0,51.5137,3.096,3.12,1.599
C,8,X-line,85,211.7,350.0,51.5137,3.096,3.12,1.633
C,8,X-line,86,214.1,350.0,51.5137,3.096,3.12,1.669
C,8,X-line,87,216.6,350.0,51.5137,3.096,3.12,1.381
C,8,X-line,88,219.1,350.0,51.5137,3.096,3.12,1.312
C,8,X-line,89,221.6,350.0,51.7578,3.1106,3.1346,1.143
C,8,X-line,90,224.1,350.0,52.0019,3.1253,3.1493,1.011
C,8,X-line,91,226.6,350.0,52.124,3.1327,3.1567,1.345
C,8,X-line,92,229.1,350.0,52.124,3.1327,3.1567,1.407
C,8,X-line,93,231.6,350.0,52.124,3.1327,3.1567,1.55
C,8,X-line,94,234.1,350.0,52.124,3.1327,3.1567,1.596
C,8,X-line,95,236.6,350.0,52.124,3.1327,3.1567,1.604
C,8,X-line,96,239.0,350.0,52.124,3.1327,3.1567,1.595
C,8,X-line,97,241.5,350.0,52.124,3.1327,3.1567,1.594
C,8,X-line,98,244.0,350.0,52.124,3.1327,3.1567,1.608
C,8,X-line,99,246.5,350.0,52.124,3.1327,3.1567,1.642
C,8,X-line,100,249.0,350.0,52.124,3.1327,3.1567,1.698
C,8,X-line,101,251.5,350.0,52.124,3.1327,3.1567,1.711
C,8,X-line,102,254.0,350.0,52.124,3.1327,3.1567,1.673
C,8,X-line,103,256.5,350.0,52.124,3.1327,3.1567,1.716
C,8,X-line,104,259.0,350.0,52.124,3.1327,3.1567,1.714
C,8,X-line,105,261.5,350.0,52.124,3.1327,3.1567,1.78
C,8,X-line,106,263.9,350.0,52.124,3.1327,3.1567,1.768
C,8,X-line,107,266.4,350.0,52.124,3.1327,3.1567,1.849
C,8,X-line,108,268.9,350.0,52.124,3.1327,3.1567,1.975
C,8,X-line,109,271.4,350.0,52.124,3.1327,3.1567,1.996
C,8,X-line,110,273.9,350.0,52.124,3.1327,3.1567,2.013
C,8,X-line,111,276.4,350.0,52.124,3.1327,3.1567,2.042
C,8,X-line,112,278.9,350.0,52.124,3.1327,3.1567,2.1
C,8,X-line,113,281.4,350.0,52.124,3.1327,3.1567,2.094
C,8,X-line,114,283.9,350.0,52.124,3.1327,3.1567,2.052
C,8,X-line,115,286.4,350.0,52.124,3.1327,3.1567,2.049
C,8,X-line,116,288.8,350.0,52.124,3.1327,3.1567,2.057
C,8,X-line,117,291.3,350.0,52.124,3.1327,3.1567,1.949
C,8,X-line,118,293.8,350.0,52.124,3.1327,3.1567,1.977
C,8,X-line,119,296.3,350.0,51.8799,3.118,3.142,1.902
C,8,X-line,120,298.8,350.0,51.8799,3.118,3.142,1.895
C,8,X-line,121,301.3,350.0,51.7578,3.1106,3.1346,1.784
C,8,X-line,122,303.8,350.0,51.6357,3.1033,3.1273,1.815
C,8,X-line,123,306.3,350.0,51.6357,3.1033,3.1273,1.899
C,8,X-line,124,308.8,350.0,51.6357,3.1033,3.1273,1.899
C,8,X-line,125,311.2,350.0,51.6357,3.1033,3.1273,1.888
C,8,X-line,126,313.7,350.0,51.6357,3.1033,3.1273,1.814
C,8,X-line,127,316.2,350.0,51.3916,3.0886,3.1126,1.699
C,8,X-line,128,318.7,350.0,51.3916,3.0886,3.1126,1.474
C,8,X-line,129,321.2,350.0,51.2695,3.0813,3.1053,1.371
C,8,X-line,130,323.7,350.0,51.0254,3.0666,3.0906,1.185
C,8,X-line,131,326.2,350.0,50.7812,3.052,3.076,1.086
C,8,X-line,132,328.7,350.0,50.5371,3.0373,3.0613,1.037
C,8,X-line,133,331.2,350.0,50.293,3.0226,3.0466,1.115
C,8,X-line,134,333.7,350.0,50.0488,3.0079,3.0319,1.225
C,8,X-line,135,336.2,350.0,49.8047,2.9933,3.0173,1.453
C,8,X-line,136,338.6,350.0,49.5605,2.9786,3.0026,1.624
C,8,X-line,137,341.1,350.0,49.3164,2.9639,2.9879,1.57
C,8,X-line,138,343.6,350.0,49.1943,2.9566,2.9806,1.806
C,8,X-line,139,346.1,350.0,49.1943,2.9566,2.9806,2.051
C,8,X-line,140,348.6,350.0,49.1943,2.9566,2.9806,2.134
C,8,X-line,141,351.1,350.0,49.1943,2.9566,2.9806,2.03
C,8,X-line,142,353.6,350.0,48.9502,2.9419,2.9659,1.942
C,8,X-line,143,356.1,350.0,48.8281,2.9346,2.9586,1.817
C,8,X-line,144,358.6,350.0,48.8281,2.9346,2.9586,1.572
C,8,X-line,145,361.1,350.0,48.584,2.9199,2.9439,1.464
C,8,X-line,146,363.5,350.0,48.584,2.9199,2.9439,1.458
C,8,X-line,147,366.0,350.0,48.584,2.9199,2.9439,1.377
C,8,X-line,148,368.5,350.0,48.584,2.9199,2.9439,1.437
C,8,X-line,149,371.0,350.0,48.584,2.9199,2.9439,1.475
C,8,X-line,150,373.5,350.0,48.584,2.9199,2.9439,1.51
C,8,X-line,151,376.0,350.0,48.584,2.9199,2.9439,1.66
C,8,X-line,152,378.5,350.0,48.584,2.9199,2.9439,1.555
C,8,X-line,153,381.0,350.0,48.584,2.9199,2.9439,1.517
C,8,X-line,154,383.5,350.0,48.584,2.9199,2.9439,1.522
C,8,X-line,155,386.0,350.0,48.584,2.9199,2.9439,1.552
C,8,X-line,156,388.4,350.0,48.584,2.9199,2.9439,1.548
C,8,X-line,157,390.9,350.0,48.584,2.9199,2.9439,1.63
C,8,X-line,158,393.4,350.0,48.584,2.9199,2.9439,1.332
C,8,X-line,159,395.9,350.0,48.584,2.9199,2.9439,1.217
C,8,X-line,160,398.4,350.0,48.584,2.9199,2.9439,1.134
C,8,X-line,161,400.9,350.0,48.584,2.9199,2.9439,1.064
C,8,X-line,162,403.4,350.0,48.3398,2.9052,2.9292,0.952
C,8,X-line,163,405.9,350.0,48.0957,2.8906,2.9146,0.954
C,8,X-line,164,408.4,350.0,47.8516,2.8759,2.8999,0.991
C,8,X-line,165,410.9,350.0,47.6074,2.8612,2.8852,1.165
C,8,X-line,166,413.3,350.0,47.6074,2.8612,2.8852,1.29
C,8,X-line,167,415.8,350.0,47.6074,2.8612,2.8852,1.258
C,8,X-line,168,418.3,350.0,47.6074,2.8612,2.8852,1.384
C,8,X-line,169,420.8,350.0,47.6074,2.8612,2.8852,1.421
C,8,X-line,170,423.3,350.0,47.6074,2.8612,2.8852,1.242
C,8,X-line,171,425.8,350.0,47.6074,2.8612,2.8852,1.248
C,8,X-line,172,428.3,350.0,47.6074,2.8612,2.8852,1.193
C,8,X-line,173,430.8,350.0,47.6074,2.8612,2.8852,1.327
C,8,X-line,174,433.3,350.0,47.6074,2.8612,2.8852,1.447
C,8,X-line,175,435.8,350.0,47.6074,2.8612,2.8852,1.502
C,8,X-line,176,438.2,350.0,47.6074,2.8612,2.8852,1.443
C,8,X-line,177,440.7,350.0,47.6074,2.8612,2.8852,1.548
C,8,X-line,178,443.2,350.0,47.6074,2.8612,2.8852,1.483
C,8,X-line,179,445.7,350.0,47.6074,2.8612,2.8852,1.398
C,8,X-line,180,448.2,350.0,47.6074,2.8612,2.8852,1.426
C,8,X-line,181,450.7,350.0,47.6074,2.8612,2.8852,1.457
C,8,X-line,182,453.2,350.0,47.6074,2.8612,2.8852,1.645
C,8,X-line,183,455.7,350.0,47.6074,2.8612,2.8852,1.674
C,8,X-line,184,458.2,350.0,47.6074,2.8612,2.8852,1.859
C,8,X-line,185,460.7,350.0,47.6074,2.8612,2.8852,1.827
C,8,X-line,186,463.1,350.0,47.6074,2.8612,2.8852,1.909
C,8,X-line,187,465.6,350.0,47.6074,2.8612,2.8852,2.111
C,8,X-line,188,468.1,350.0,47.6074,2.8612,2.8852,2.106
C,8,X-line,189,470.6,350.0,47.6074,2.8612,2.8852,2.151
C,8,X-line,190,473.1,350.0,47.6074,2.8612,2.8852,2.373
C,8,X-line,191,475.6,350.0,47.6074,2.8612,2.8852,2.288
C,8,X-line,192,478.1,350.0,47.7295,2.8685,2.8925,1.976
C,8,X-line,193,480.6,350.0,47.7295,2.8685,2.8925,1.874
C,8,X-line,194,483.1,350.0,47.7295,2.8685,2.8925,1.77
C,8,X-line,195,485.6,350.0,47.7295,2.8685,2.8925,1.679
C,8,X-line,196,488.0,350.0,47.7295,2.8685,2.8925,1.834
C,8,X-line,197,490.5,350.0,47.7295,2.8685,2.8925,1.8
C,8,X-line,198,493.0,350.0,47.7295,2.8685,2.8925,1.548
C,8,X-line,199,495.5,350.0,47.7295,2.8685,2.8925,1.802
C,8,X-line,200,498.0,350.0,47.7295,2.8685,2.8925,1.556
C,8,X-line,201,500.5,350.0,47.7295,2.8685,2.8925,1.057
C,8,X-line,202,503.0,350.0,47.7295,2.8685,2.8925,1.211
C,8,X-line,203,505.5,350.0,47.7295,2.8685,2.8925,1.367
C,8,X-line,204,508.0,350.0,47.7295,2.8685,2.8925,1.687
C,8,X-line,205,510.5,350.0,47.6074,2.8612,2.8852,2.063
C,8,X-line,206,512.9,350.0,47.3633,2.8465,2.8705,1.681
C,8,X-line,207,515.4,350.0,47.1191,2.8319,2.8559,0.979
C,8,X-line,208,517.9,350.0,46.875,2.8172,2.8412,0.775
C,8,X-line,209,520.4,350.0,46.6309,2.8025,2.8265,0.898
C,8,X-line,210,522.9,350.0,46.3867,2.7878,2.8118,0.782
C,8,X-line,211,525.4,350.0,46.1426,2.7732,2.7972,0.563
C,8,X-line,212,527.9,350.0,45.8984,2.7585,2.7825,0.518
C,8,X-line,213,530.4,350.0,45.6543,2.7438,2.7678,0.589
C,8,X-line,214,532.9,350.0,45.4102,2.7292,2.7532,0.465
C,8,X-line,215,535.4,350.0,45.166,2.7145,2.7385,0.528
C,8,X-line,216,537.8,350.0,44.9219,2.6998,2.7238,0.767
C,8,X-line,217,540.3,350.0,44.6777,2.6851,2.7091,1.052
C,8,X-line,218,542.8,350.0,44.4336,2.6705,2.6945,1.651
C,8,X-line,219,545.3,350.0,44.1894,2.6558,2.6798,1.974
C,8,X-line,220,547.8,350.0,44.1894,2.6558,2.6798,2.069
C,8,X-line,221,550.3,350.0,44.1894,2.6558,2.6798,2.088
C,8,X-line,222,552.8,350.0,44.1894,2.6558,2.6798,2.012
C,8,X-line,223,555.3,350.0,44.1894,2.6558,2.6798,1.893
C,8,X-line,224,557.8,350.0,44.1894,2.6558,2.6798,1.72
C,8,X-line,225,560.2,350.0,44.1894,2.6558,2.6798,1.463
C,8,X-line,226,562.7,350.0,44.1894,2.6558,2.6798,1.203
C,8,X-line,227,565.2,350.0,43.9453,2.6411,2.6651,1.088
C,8,X-line,228,567.7,350.0,43.9453,2.6411,2.6651,1.17
C,8,X-line,229,570.2,350.0,43.9453,2.6411,2.6651,1.387
C,8,X-line,230,572.7,350.0,43.9453,2.6411,2.6651,1.465
C,8,X-line,231,575.2,350.0,43.9453,2.6411,2.6651,1.492
C,8,X-line,232,577.7,350.0,43.9453,2.6411,2.6651,1.535
C,8,X-line,233,580.2,350.0,43.9453,2.6411,2.6651,1.811
C,8,X-line,234,582.7,350.0,43.9453,2.6411,2.6651,1.997
C,8,X-line,235,585.2,350.0,43.9453,2.6411,2.6651,2.05
C,8,X-line,236,587.6,350.0,43.9453,2.6411,2.6651,1.805
C,8,X-line,237,590.1,350.0,43.9453,2.6411,2.6651,1.557
C,8,X-line,238,592.6,350.0,43.9453,2.6411,2.6651,1.34
C,8,X-line,239,595.1,350.0,43.9453,2.6411,2.6651,1.15
C,8,X-line,240,597.6,350.0,43.9453,2.6411,2.6651,1.132
C,8,X-line,241,600.1,350.0,43.9453,2.6411,2.6651,1.167
C,8,X-line,242,602.6,350.0,43.9453,2.6411,2.6651,1.185
C,8,X-line,243,605.1,350.0,43.9453,2.6411,2.6651,1.357
C,8,X-line,244,607.6,350.0,43.9453,2.6411,2.6651,1.464
C,8,X-line,245,610.1,350.0,43.9453,2.6411,2.6651,1.542
C,8,X-line,246,612.5,350.0,43.9453,2.6411,2.6651,1.488
C,8,X-line,247,615.0,350.0,43.9453,2.6411,2.6651,1.295
C,8,X-line,248,617.5,350.0,43.9453,2.6411,2.6651,1.064
C,8,X-line,249,620.0,350.0,44.0674,2.6484,2.6724,0.683
C,8,X-line,250,622.5,350.0,44.3115,2.6631,2.6871,0.725
C,8,X-line,251,625.0,350.0,44.5557,2.6778,2.7018,1.315
C,8,X-line,252,627.5,350.0,44.5557,2.6778,2.7018,1.452
C,8,X-line,253,630.0,350.0,44.5557,2.6778,2.7018,1.651
C,8,X-line,254,632.5,350.0,44.5557,2.6778,2.7018,1.655
C,8,X-line,255,635.0,350.0,44.5557,2.6778,2.7018,1.65
C,8,X-line,256,637.4,350.0,44.5557,2.6778,2.7018,1.624
C,8,X-line,257,639.9,350.0,44.5557,2.6778,2.7018,1.573
C,8,X-line,258,642.4,350.0,44.5557,2.6778,2.7018,1.395
C,8,X-line,259,644.9,350.0,44.5557,2.6778,2.7018,1.28
C,8,X-line,260,647.4,350.0,44.5557,2.6778,2.7018,1.185
C,8,X-line,261,649.9,350.0,44.5557,2.6778,2.7018,1.184
C,8,X-line,262,652.4,350.0,44.5557,2.6778,2.7018,1.131
C,8,X-line,263,654.9,350.0,44.5557,2.6778,2.7018,1.097
C,8,X-line,264,657.4,350.0,44.5557,2.6778,2.7018,0.972
C,8,X-line,265,659.9,350.0,44.5557,2.6778,2.7018,1.313
C,8,X-line,266,662.3,350.0,44.5557,2.6778,2.7018,1.49
C,8,X-line,267,664.8,350.0,44.5557,2.6778,2.7018,1.581
C,8,X-line,268,667.3,350.0,44.5557,2.6778,2.7018,1.529
C,8,X-line,269,669.8,350.0,44.5557,2.6778,2.7018,1.628
C,8,X-line,270,672.3,350.0,44.5557,2.6778,2.7018,1.512
C,8,X-line,271,674.8,350.0,44.5557,2.6778,2.7018,1.292
C,9,X-line,0,0.0,400.0,52.3682,3.1473,3.1715,1.716
C,9,X-line,1,2.5,400.0,52.3682,3.1473,3.1715,1.804
C,9,X-line,2,5.0,400.0,52.3682,3.1473,3.1715,1.812
C,9,X-line,3,7.5,400.0,52.3682,3.1473,3.1715,1.864
C,9,X-line,4,10.0,400.0,52.3682,3.1473,3.1715,1.775
C,9,X-line,5,12.5,400.0,52.3682,3.1473,3.1715,1.93
C,9,X-line,6,14.9,400.0,52.3682,3.1473,3.1715,1.923
C,9,X-line,7,17.4,400.0,52.3682,3.1473,3.1715,1.881
C,9,X-line,8,19.9,400.0,52.3682,3.1473,3.1715,1.905
C,9,X-line,9,22.4,400.0,52.3682,3.1473,3.1715,1.829
C,9,X-line,10,24.9,400.0,52.3682,3.1473,3.1715,1.94
C,9,X-line,11,27.4,400.0,52.3682,3.1473,3.1715,2.104
C,9,X-line,12,29.9,400.0,52.3682,3.1473,3.1715,2.147
C,9,X-line,13,32.4,400.0,52.3682,3.1473,3.1715,2.223
C,9,X-line,14,34.9,400.0,52.3682,3.1473,3.1715,2.176
C,9,X-line,15,37.4,400.0,52.3682,3.1473,3.1715,2.259
C,9,X-line,16,39.8,400.0,52.3682,3.1473,3.1715,2.287
C,9,X-line,17,42.3,400.0,52.3682,3.1473,3.1715,2.099
C,9,X-line,18,44.8,400.0,52.3682,3.1473,3.1715,2.325
C,9,X-line,19,47.3,400.0,52.3682,3.1473,3.1715,2.303
C,9,X-line,20,49.8,400.0,52.3682,3.1473,3.1715,2.226
C,9,X-line,21,52.3,400.0,52.3682,3.1473,3.1715,2.193
C,9,X-line,22,54.8,400.0,52.3682,3.1473,3.1715,1.975
C,9,X-line,23,57.3,400.0,52.3682,3.1473,3.1715,1.773
C,9,X-line,24,59.8,400.0,52.3682,3.1473,3.1715,1.91
C,9,X-line,25,62.3,400.0,52.3682,3.1473,3.1715,1.726
C,9,X-line,26,64.7,400.0,52.3682,3.1473,3.1715,1.705
C,9,X-line,27,67.2,400.0,52.3682,3.1473,3.1715,1.751
C,9,X-line,28,69.7,400.0,52.3682,3.1473,3.1715,1.692
C,9,X-line,29,72.2,400.0,52.3682,3.1473,3.1715,1.754
C,9,X-line,30,74.7,400.0,52.3682,3.1473,3.1715,1.709
C,9,X-line,31,77.2,400.0,52.3682,3.1473,3.1715,1.739
C,9,X-line,32,79.7,400.0,52.3682,3.1473,3.1715,1.697
C,9,X-line,33,82.2,400.0,52.3682,3.1473,3.1715,1.658
C,9,X-line,34,84.7,400.0,52.3682,3.1473,3.1715,1.664
C,9,X-line,35,87.2,400.0,52.3682,3.1473,3.1715,1.628
C,9,X-line,36,89.6,400.0,52.3682,3.1473,3.1715,1.585
C,9,X-line,37,92.1,400.0,52.3682,3.1473,3.1715,1.627
C,9,X-line,38,94.6,400.0,52.3682,3.1473,3.1715,1.601
C,9,X-line,39,97.1,400.0,52.3682,3.1473,3.1715,1.547
C,9,X-line,40,99.6,400.0,52.3682,3.1473,3.1715,1.667
C,9,X-line,41,102.1,400.0,52.3682,3.1473,3.1715,1.569
C,9,X-line,42,104.6,400.0,52.2461,3.14,3.1642,1.636
C,9,X-line,43,107.1,400.0,52.2461,3.14,3.1642,1.664
C,9,X-line,44,109.6,400.0,52.2461,3.14,3.1642,1.623
C,9,X-line,45,112.1,400.0,52.2461,3.14,3.1642,1.76
C,9,X-line,46,114.5,400.0,52.124,3.1327,3.1569,1.66
C,9,X-line,47,117.0,400.0,52.124,3.1327,3.1569,1.608
C,9,X-line,48,119.5,400.0,52.124,3.1327,3.1569,1.441
C,9,X-line,49,122.0,400.0,52.124,3.1327,3.1569,1.528
C,9,X-line,50,124.5,400.0,52.124,3.1327,3.1569,1.603
C,9,X-line,51,127.0,400.0,52.124,3.1327,3.1569,1.659
C,9,X-line,52,129.5,400.0,52.0019,3.1253,3.1495,1.573
C,9,X-line,53,132.0,400.0,52.0019,3.1253,3.1495,1.492
C,9,X-line,54,134.5,400.0,52.0019,3.1253,3.1495,1.538
C,9,X-line,55,137.0,400.0,52.0019,3.1253,3.1495,1.594
C,9,X-line,56,139.4,400.0,51.8799,3.118,3.1422,1.609
C,9,X-line,57,141.9,400.0,51.8799,3.118,3.1422,1.582
C,9,X-line,58,144.4,400.0,51.8799,3.118,3.1422,1.479
C,9,X-line,59,146.9,400.0,51.8799,3.118,3.1422,1.579
C,9,X-line,60,149.4,400.0,51.7578,3.1106,3.1348,1.603
C,9,X-line,61,151.9,400.0,51.7578,3.1106,3.1348,1.472
C,9,X-line,62,154.4,400.0,51.7578,3.1106,3.1348,1.534
C,9,X-line,63,156.9,400.0,51.7578,3.1106,3.1348,1.46
C,9,X-line,64,159.4,400.0,51.7578,3.1106,3.1348,1.42
C,9,X-line,65,161.9,400.0,51.7578,3.1106,3.1348,1.391
C,9,X-line,66,164.3,400.0,51.7578,3.1106,3.1348,1.391
C,9,X-line,67,166.8,400.0,51.7578,3.1106,3.1348,1.401
C,9,X-line,68,169.3,400.0,51.7578,3.1106,3.1348,1.398
C,9,X-line,69,171.8,400.0,51.7578,3.1106,3.1348,1.328
C,9,X-line,70,174.3,400.0,51.7578,3.1106,3.1348,1.375
C,9,X-line,71,176.8,400.0,51.7578,3.1106,3.1348,1.253
C,9,X-line,72,179.3,400.0,51.7578,3.1106,3.1348,1.258
C,9,X-line,73,181.8,400.0,51.7578,3.1106,3.1348,1.281
C,9,X-line,74,184.3,400.0,51.7578,3.1106,3.1348,1.207
C,9,X-line,75,186.8,400.0,51.7578,3.1106,3.1348,1.352
C,9,X-line,76,189.2,400.0,51.7578,3.1106,3.1348,1.348
C,9,X-line,77,191.7,400.0,51.7578,3.1106,3.1348,1.512
C,9,X-line,78,194.2,400.0,51.7578,3.1106,3.1348,1.58
C,9,X-line,79,196.7,400.0,51.7578,3.1106,3.1348,1.639
C,9,X-line,80,199.2,400.0,51.7578,3.1106,3.1348,1.657
C,9,X-line,81,201.7,400.0,51.7578,3.1106,3.1348,1.608
C,9,X-line,82,204.2,400.0,51.7578,3.1106,3.1348,1.519
C,9,X-line,83,206.7,400.0,51.7578,3.1106,3.1348,1.664
C,9,X-line,84,209.2,400.0,51.7578,3.1106,3.1348,1.373
C,9,X-line,85,211.7,400.0,51.7578,3.1106,3.1348,1.087
C,9,X-line,86,214.1,400.0,51.8799,3.118,3.1422,1.047
C,9,X-line,87,216.6,400.0,52.124,3.1327,3.1569,1.125
C,9,X-line,88,219.1,400.0,52.124,3.1327,3.1569,1.264
C,9,X-line,89,221.6,400.0,52.124,3.1327,3.1569,1.276
C,9,X-line,90,224.1,400.0,52.124,3.1327,3.1569,1.442
C,9,X-line,91,226.6,400.0,52.124,3.1327,3.1569,1.567
C,9,X-line,92,229.1,400.0,52.124,3.1327,3.1569,1.598
C,9,X-line,93,231.6,400.0,52.124,3.1327,3.1569,1.539
C,9,X-line,94,234.1,400.0,52.124,3.1327,3.1569,1.52
C,9,X-line,95,236.6,400.0,52.124,3.1327,3.1569,1.611
C,9,X-line,96,239.0,400.0,52.124,3.1327,3.1569,1.595
C,9,X-line,97,241.5,400.0,52.124,3.1327,3.1569,1.576
C,9,X-line,98,244.0,400.0,52.124,3.1327,3.1569,1.659
C,9,X-line,99,246.5,400.0,52.124,3.1327,3.1569,1.708
C,9,X-line,100,249.0,400.0,52.124,3.1327,3.1569,1.667
C,9,X-line,101,251.5,400.0,52.124,3.1327,3.1569,1.742
C,9,X-line,102,254.0,400.0,52.124,3.1327,3.1569,1.764
C,9,X-line,103,256.5,400.0,52.124,3.1327,3.1569,1.833
C,9,X-line,104,259.0,400.0,52.124,3.1327,3.1569,1.879
C,9,X-line,105,261.5,400.0,52.124,3.1327,3.1569,1.959
C,9,X-line,106,263.9,400.0,52.124,3.1327,3.1569,1.975
C,9,X-line,107,266.4,400.0,52.124,3.1327,3.1569,1.991
C,9,X-line,108,268.9,400.0,52.124,3.1327,3.1569,2.001
C,9,X-line,109,271.4,400.0,52.124,3.1327,3.1569,2.064
C,9,X-line,110,273.9,400.0,52.124,3.1327,3.1569,2.059
C,9,X-line,111,276.4,400.0,52.124,3.1327,3.1569,2.038
C,9,X-line,112,278.9,400.0,52.124,3.1327,3.1569,2.019
C,9,X-line,113,281.4,400.0,52.124,3.1327,3.1569,2.08
C,9,X-line,114,283.9,400.0,52.124,3.1327,3.1569,2.063
C,9,X-line,115,286.4,400.0,52.124,3.1327,3.1569,2.008
C,9,X-line,116,288.8,400.0,52.124,3.1327,3.1569,2.0
C,9,X-line,117,291.3,400.0,52.124,3.1327,3.1569,1.913
C,9,X-line,118,293.8,400.0,52.124,3.1327,3.1569,1.889
C,9,X-line,119,296.3,400.0,51.8799,3.118,3.1422,1.785
C,9,X-line,120,298.8,400.0,51.8799,3.118,3.1422,1.792
C,9,X-line,121,301.3,400.0,51.6357,3.1033,3.1275,1.754
C,9,X-line,122,303.8,400.0,51.6357,3.1033,3.1275,1.718
C,9,X-line,123,306.3,400.0,51.6357,3.1033,3.1275,1.664
C,9,X-line,124,308.8,400.0,51.6357,3.1033,3.1275,1.582
C,9,X-line,125,311.2,400.0,51.6357,3.1033,3.1275,1.551
C,9,X-line,126,313.7,400.0,51.6357,3.1033,3.1275,1.452
C,9,X-line,127,316.2,400.0,51.6357,3.1033,3.1275,1.432
C,9,X-line,128,318.7,400.0,51.6357,3.1033,3.1275,1.401
C,9,X-line,129,321.2,400.0,51.5137,3.096,3.1202,1.417
C,9,X-line,130,323.7,400.0,51.2695,3.0813,3.1055,1.407
C,9,X-line,131,326.2,400.0,51.0254,3.0666,3.0908,1.24
C,9,X-line,132,328.7,400.0,50.7812,3.052,3.0762,1.111
C,9,X-line,133,331.2,400.0,50.5371,3.0373,3.0615,1.056
C,9,X-line,134,333.7,400.0,50.293,3.0226,3.0468,1.079
C,9,X-line,135,336.2,400.0,50.0488,3.0079,3.0321,1.168
C,9,X-line,136,338.6,400.0,49.8047,2.9933,3.0175,1.261
C,9,X-line,137,341.1,400.0,49.5605,2.9786,3.0028,1.406
C,9,X-line,138,343.6,400.0,49.3164,2.9639,2.9881,1.574
C,9,X-line,139,346.1,400.0,49.1943,2.9566,2.9808,1.653
C,9,X-line,140,348.6,400.0,49.1943,2.9566,2.9808,1.693
C,9,X-line,141,351.1,400.0,49.1943,2.9566,2.9808,1.796
C,9,X-line,142,353.6,400.0,49.1943,2.9566,2.9808,1.908
C,9,X-line,143,356.1,400.0,49.1943,2.9566,2.9808,2.079
C,9,X-line,144,358.6,400.0,49.1943,2.9566,2.9808,2.156
C,9,X-line,145,361.1,400.0,49.1943,2.9566,2.9808,2.207
C,9,X-line,146,363.5,400.0,48.9502,2.9419,2.9661,2.288
C,9,X-line,147,366.0,400.0,48.9502,2.9419,2.9661,2.273
C,9,X-line,148,368.5,400.0,48.8281,2.9346,2.9588,2.269
C,9,X-line,149,371.0,400.0,48.8281,2.9346,2.9588,2.313
C,9,X-line,150,373.5,400.0,48.8281,2.9346,2.9588,2.175
C,9,X-line,151,376.0,400.0,48.8281,2.9346,2.9588,2.272
C,9,X-line,152,378.5,400.0,48.8281,2.9346,2.9588,2.231
C,9,X-line,153,381.0,400.0,48.8281,2.9346,2.9588,2.184
C,9,X-line,154,383.5,400.0,48.8281,2.9346,2.9588,2.376
C,9,X-line,155,386.0,400.0,48.706,2.9272,2.9514,2.335
C,9,X-line,156,388.4,400.0,48.584,2.9199,2.9441,2.242
C,9,X-line,157,390.9,400.0,48.584,2.9199,2.9441,2.177
C,9,X-line,158,393.4,400.0,48.3398,2.9052,2.9294,1.804
C,9,X-line,159,395.9,400.0,48.0957,2.8906,2.9148,1.227
C,9,X-line,160,398.4,400.0,47.8516,2.8759,2.9001,0.955
C,9,X-line,161,400.9,400.0,47.6074,2.8612,2.8854,0.811
C,9,X-line,162,403.4,400.0,47.3633,2.8465,2.8707,1.039
C,9,X-line,163,405.9,400.0,47.3633,2.8465,2.8707,1.189
C,9,X-line,164,408.4,400.0,47.3633,2.8465,2.8707,1.35
C,9,X-line,165,410.9,400.0,47.3633,2.8465,2.8707,1.431
C,9,X-line,166,413.3,400.0,47.3633,2.8465,2.8707,1.585
C,9,X-line,167,415.8,400.0,47.3633,2.8465,2.8707,1.755
C,9,X-line,168,418.3,400.0,47.3633,2.8465,2.8707,1.668
C,9,X-line,169,420.8,400.0,47.3633,2.8465,2.8707,1.809
C,9,X-line,170,423.3,400.0,47.3633,2.8465,2.8707,2.014
C,9,X-line,171,425.8,400.0,47.3633,2.8465,2.8707,2.149
C,9,X-line,172,428.3,400.0,47.3633,2.8465,2.8707,2.016
C,9,X-line,173,430.8,400.0,47.6074,2.8612,2.8854,1.931
C,9,X-line,174,433.3,400.0,47.8516,2.8759,2.9001,1.674
C,9,X-line,175,435.8,400.0,47.9736,2.8832,2.9074,1.943
C,9,X-line,176,438.2,400.0,47.9736,2.8832,2.9074,1.926
C,9,X-line,177,440.7,400.0,47.9736,2.8832,2.9074,2.021
C,9,X-line,178,443.2,400.0,47.9736,2.8832,2.9074,2.059
C,9,X-line,179,445.7,400.0,47.9736,2.8832,2.9074,2.108
C,9,X-line,180,448.2,400.0,47.9736,2.8832,2.9074,2.085
C,9,X-line,181,450.7,400.0,47.9736,2.8832,2.9074,2.141
C,9,X-line,182,453.2,400.0,47.9736,2.8832,2.9074,2.181
C,9,X-line,183,455.7,400.0,47.9736,2.8832,2.9074,2.103
C,9,X-line,184,458.2,400.0,47.9736,2.8832,2.9074,2.274
C,9,X-line,185,460.7,400.0,47.9736,2.8832,2.9074,2.398
C,9,X-line,186,463.1,400.0,47.8516,2.8759,2.9001,2.152
C,9,X-line,187,465.6,400.0,47.6074,2.8612,2.8854,1.753
C,9,X-line,188,468.1,400.0,47.3633,2.8465,2.8707,1.577
C,9,X-line,189,470.6,400.0,47.1191,2.8319,2.8561,1.32
C,9,X-line,190,473.1,400.0,46.875,2.8172,2.8414,1.233
C,9,X-line,191,475.6,400.0,46.6309,2.8025,2.8267,0.751
C,9,X-line,192,478.1,400.0,46.3867,2.7878,2.812,0.953
C,9,X-line,193,480.6,400.0,46.1426,2.7732,2.7974,0.662
C,9,X-line,194,483.1,400.0,45.8984,2.7585,2.7827,0.593
C,9,X-line,195,485.6,400.0,45.6543,2.7438,2.768,0.903
C,9,X-line,196,488.0,400.0,45.4102,2.7292,2.7534,1.08
C,9,X-line,197,490.5,400.0,45.166,2.7145,2.7387,1.59
C,9,X-line,198,493.0,400.0,44.9219,2.6998,2.724,1.767
C,9,X-line,199,495.5,400.0,44.9219,2.6998,2.724,1.574
C,9,X-line,200,498.0,400.0,44.9219,2.6998,2.724,1.338
C,9,X-line,201,500.5,400.0,44.9219,2.6998,2.724,1.31
C,9,X-line,202,503.0,400.0,44.9219,2.6998,2.724,1.204
C,9,X-line,203,505.5,400.0,44.9219,2.6998,2.724,1.21
C,9,X-line,204,508.0,400.0,44.9219,2.6998,2.724,1.05
C,9,X-line,205,510.5,400.0,44.6777,2.6851,2.7093,0.864
C,9,X-line,206,512.9,400.0,44.4336,2.6705,2.6947,0.6
C,9,X-line,207,515.4,400.0,44.1894,2.6558,2.68,0.601
C,9,X-line,208,517.9,400.0,43.9453,2.6411,2.6653,1.153
C,9,X-line,209,520.4,400.0,43.9453,2.6411,2.6653,1.348
C,9,X-line,210,522.9,400.0,43.9453,2.6411,2.6653,1.382
C,9,X-line,211,525.4,400.0,43.9453,2.6411,2.6653,1.397
C,9,X-line,212,527.9,400.0,43.9453,2.6411,2.6653,1.454
C,9,X-line,213,530.4,400.0,43.9453,2.6411,2.6653,1.566
C,9,X-line,214,532.9,400.0,43.9453,2.6411,2.6653,1.723
C,9,X-line,215,535.4,400.0,43.9453,2.6411,2.6653,1.751
C,9,X-line,216,537.8,400.0,43.9453,2.6411,2.6653,1.793
C,9,X-line,217,540.3,400.0,43.9453,2.6411,2.6653,1.987
C,9,X-line,218,542.8,400.0,43.9453,2.6411,2.6653,1.99
C,9,X-line,219,545.3,400.0,43.9453,2.6411,2.6653,1.895
C,9,X-line,220,547.8,400.0,43.9453,2.6411,2.6653,1.838
C,9,X-line,221,550.3,400.0,43.9453,2.6411,2.6653,1.719
C,9,X-line,222,552.8,400.0,43.9453,2.6411,2.6653,1.7
C,9,X-line,223,555.3,400.0,43.9453,2.6411,2.6653,1.581
C,9,X-line,224,557.8,400.0,43.9453,2.6411,2.6653,1.638
C,9,X-line,225,560.2,400.0,43.9453,2.6411,2.6653,1.562
C,9,X-line,226,562.7,400.0,43.9453,2.6411,2.6653,1.5
C,9,X-line,227,565.2,400.0,43.9453,2.6411,2.6653,1.653
C,9,X-line,228,567.7,400.0,43.9453,2.6411,2.6653,1.854
C,9,X-line,229,570.2,400.0,43.9453,2.6411,2.6653,1.893
C,9,X-line,230,572.7,400.0,43.9453,2.6411,2.6653,1.94
C,9,X-line,231,575.2,400.0,43.9453,2.6411,2.6653,1.999
C,9,X-line,232,577.7,400.0,43.9453,2.6411,2.6653,1.95
C,9,X-line,233,580.2,400.0,43.9453,2.6411,2.6653,1.982
C,9,X-line,234,582.7,400.0,44.0674,2.6484,2.6726,1.826
C,9,X-line,235,585.2,400.0,44.1894,2.6558,2.68,1.587
C,9,X-line,236,587.6,400.0,44.4336,2.6705,2.6947,1.406
C,9,X-line,237,590.1,400.0,44.4336,2.6705,2.6947,1.297
C,9,X-line,238,592.6,400.0,44.4336,2.6705,2.6947,1.06
C,9,X-line,239,595.1,400.0,44.4336,2.6705,2.6947,1.069
C,9,X-line,240,597.6,400.0,44.4336,2.6705,2.6947,0.939
C,9,X-line,241,600.1,400.0,44.4336,2.6705,2.6947,0.785
C,9,X-line,242,602.6,400.0,44.4336,2.6705,2.6947,0.351
C,9,X-line,243,605.1,400.0,44.1894,2.6558,2.68,0.734
C,9,X-line,244,607.6,400.0,44.1894,2.6558,2.68,1.106
C,9,X-line,245,610.1,400.0,44.1894,2.6558,2.68,1.181
C,9,X-line,246,612.5,400.0,44.1894,2.6558,2.68,1.212
C,9,X-line,247,615.0,400.0,44.1894,2.6558,2.68,1.167
C,9,X-line,248,617.5,400.0,44.1894,2.6558,2.68,1.12
C,9,X-line,249,620.0,400.0,44.1894,2.6558,2.68,1.193
C,9,X-line,250,622.5,400.0,44.1894,2.6558,2.68,1.236
C,9,X-line,251,625.0,400.0,44.1894,2.6558,2.68,1.172
C,9,X-line,252,627.5,400.0,44.1894,2.6558,2.68,1.287
C,9,X-line,253,630.0,400.0,44.1894,2.6558,2.68,1.212
C,9,X-line,254,632.5,400.0,44.1894,2.6558,2.68,1.193
C,9,X-line,255,635.0,400.0,44.1894,2.6558,2.68,1.289
C,9,X-line,256,637.4,400.0,44.1894,2.6558,2.68,1.329
C,9,X-line,257,639.9,400.0,44.1894,2.6558,2.68,1.346
C,9,X-line,258,642.4,400.0,44.1894,2.6558,2.68,1.35
C,9,X-line,259,644.9,400.0,44.1894,2.6558,2.68,1.329
C,9,X-line,260,647.4,400.0,44.1894,2.6558,2.68,1.192
C,9,X-line,261,649.9,400.0,44.1894,2.6558,2.68,1.215
C,9,X-line,262,652.4,400.0,44.1894,2.6558,2.68,1.227
C,9,X-line,263,654.9,400.0,44.1894,2.6558,2.68,1.268
C,9,X-line,264,657.4,400.0,44.1894,2.6558,2.68,1.517
C,9,X-line,265,659.9,400.0,44.1894,2.6558,2.68,1.378
C,9,X-line,266,662.3,400.0,44.1894,2.6558,2.68,1.291
C,9,X-line,267,664.8,400.0,44.1894,2.6558,2.68,1.331
C,9,X-line,268,667.3,400.0,44.1894,2.6558,2.68,1.215
C,9,X-line,269,669.8,400.0,44.1894,2.6558,2.68,1.285
C,9,X-line,270,672.3,400.0,44.1894,2.6558,2.68,1.145
C,9,X-line,271,674.8,400.0,44.1894,2.6558,2.68,1.041
C,9,X-line,272,677.3,400.0,44.1894,2.6558,2.68,0.965
C,10,X-line,0,0.0,450.0,52.9785,3.184,3.0205,1.627
C,10,X-line,1,2.5,450.0,52.9785,3.184,3.0205,1.671
C,10,X-line,2,5.0,450.0,52.9785,3.184,3.0205,1.663
C,10,X-line,3,7.5,450.0,52.9785,3.184,3.0205,1.724
C,10,X-line,4,10.0,450.0,52.9785,3.184,3.0205,1.726
C,10,X-line,5,12.5,450.0,52.9785,3.184,3.0205,1.745
C,10,X-line,6,14.9,450.0,52.9785,3.184,3.0205,1.725
C,10,X-line,7,17.4,450.0,52.9785,3.184,3.0205,1.711
C,10,X-line,8,19.9,450.0,52.9785,3.184,3.0205,1.764
C,10,X-line,9,22.4,450.0,52.9785,3.184,3.0205,1.748
C,10,X-line,10,24.9,450.0,52.9785,3.184,3.0205,1.903
C,10,X-line,11,27.4,450.0,52.9785,3.184,3.0205,1.854
C,10,X-line,12,29.9,450.0,52.9785,3.184,3.0205,1.948
C,10,X-line,13,32.4,450.0,52.9785,3.184,3.0205,1.947
C,10,X-line,14,34.9,450.0,52.9785,3.184,3.0205,1.984
C,10,X-line,15,37.4,450.0,52.9785,3.184,3.0205,1.924
C,10,X-line,16,39.8,450.0,52.9785,3.184,3.0205,1.957
C,10,X-line,17,42.3,450.0,52.9785,3.184,3.0205,1.907
C,10,X-line,18,44.8,450.0,52.9785,3.184,3.0205,1.907
C,10,X-line,19,47.3,450.0,52.9785,3.184,3.0205,1.909
C,10,X-line,20,49.8,450.0,52.9785,3.184,3.0205,1.909
C,10,X-line,21,52.3,450.0,52.9785,3.184,3.0205,1.938
C,10,X-line,22,54.8,450.0,52.9785,3.184,3.0205,1.899
C,10,X-line,23,57.3,450.0,53.1006,3.1913,3.0278,1.989
C,10,X-line,24,59.8,450.0,53.1006,3.1913,3.0278,2.081
C,10,X-line,25,62.3,450.0,53.1006,3.1913,3.0278,2.046
C,10,X-line,26,64.7,450.0,53.2227,3.1987,3.0352,2.093
C,10,X-line,27,67.2,450.0,53.2227,3.1987,3.0352,2.087
C,10,X-line,28,69.7,450.0,53.2227,3.1987,3.0352,2.117
C,10,X-line,29,72.2,450.0,53.3447,3.206,3.0425,2.233
C,10,X-line,30,74.7,450.0,53.3447,3.206,3.0425,2.232
C,10,X-line,31,77.2,450.0,53.4668,3.2134,3.0499,2.177
C,10,X-line,32,79.7,450.0,53.4668,3.2134,3.0499,2.148
C,10,X-line,33,82.2,450.0,53.5889,3.2207,3.0572,2.082
C,10,X-line,34,84.7,450.0,53.7109,3.228,3.0645,1.95
C,10,X-line,35,87.2,450.0,53.7109,3.228,3.0645,1.971
C,10,X-line,36,89.6,450.0,53.7109,3.228,3.0645,2.048
C,10,X-line,37,92.1,450.0,53.7109,3.228,3.0645,1.923
C,10,X-line,38,94.6,450.0,53.7109,3.228,3.0645,1.958
C,10,X-line,39,97.1,450.0,53.7109,3.228,3.0645,1.963
C,10,X-line,40,99.6,450.0,53.7109,3.228,3.0645,1.927
C,10,X-line,41,102.1,450.0,53.7109,3.228,3.0645,1.99
C,10,X-line,42,104.6,450.0,53.7109,3.228,3.0645,1.918
C,10,X-line,43,107.1,450.0,53.7109,3.228,3.0645,1.924
C,10,X-line,44,109.6,450.0,53.7109,3.228,3.0645,1.896
C,10,X-line,45,112.1,450.0,53.7109,3.228,3.0645,1.917
C,10,X-line,46,114.5,450.0,53.7109,3.228,3.0645,1.895
C,10,X-line,47,117.0,450.0,53.7109,3.228,3.0645,1.813
C,10,X-line,48,119.5,450.0,53.7109,3.228,3.0645,1.882
C,10,X-line,49,122.0,450.0,53.7109,3.228,3.0645,1.815
C,10,X-line,50,124.5,450.0,53.7109,3.228,3.0645,1.797
C,10,X-line,51,127.0,450.0,53.7109,3.228,3.0645,1.54
C,10,X-line,52,129.5,450.0,53.7109,3.228,3.0645,1.558
C,10,X-line,53,132.0,450.0,53.7109,3.228,3.0645,1.434
C,10,X-line,54,134.5,450.0,53.4668,3.2134,3.0499,1.583
C,10,X-line,55,137.0,450.0,53.2227,3.1987,3.0352,1.627
C,10,X-line,56,139.4,450.0,53.2227,3.1987,3.0352,1.737
C,10,X-line,57,141.9,450.0,53.2227,3.1987,3.0352,1.878
C,10,X-line,58,144.4,450.0,53.2227,3.1987,3.0352,1.794
C,10,X-line,59,146.9,450.0,53.2227,3.1987,3.0352,2.118
C,10,X-line,60,149.4,450.0,53.2227,3.1987,3.0352,1.881
C,10,X-line,61,151.9,450.0,53.2227,3.1987,3.0352,2.055
C,10,X-line,62,154.4,450.0,53.2227,3.1987,3.0352,2.026
C,10,X-line,63,156.9,450.0,53.2227,3.1987,3.0352,2.14
C,10,X-line,64,159.4,450.0,53.2227,3.1987,3.0352,2.225
C,10,X-line,65,161.9,450.0,53.2227,3.1987,3.0352,2.023
C,10,X-line,66,164.3,450.0,53.2227,3.1987,3.0352,1.73
C,10,X-line,67,166.8,450.0,53.2227,3.1987,3.0352,1.42
C,10,X-line,68,169.3,450.0,53.2227,3.1987,3.0352,1.768
C,10,X-line,69,171.8,450.0,53.2227,3.1987,3.0352,1.74
C,10,X-line,70,174.3,450.0,53.2227,3.1987,3.0352,1.796
C,10,X-line,71,176.8,450.0,53.2227,3.1987,3.0352,1.619
C,10,X-line,72,179.3,450.0,53.2227,3.1987,3.0352,1.821
C,10,X-line,73,181.8,450.0,53.4668,3.2134,3.0499,1.8
C,10,X-line,74,184.3,450.0,53.4668,3.2134,3.0499,1.841
C,10,X-line,75,186.8,450.0,53.4668,3.2134,3.0499,1.502
C,10,X-line,76,189.2,450.0,53.4668,3.2134,3.0499,1.354
C,10,X-line,77,191.7,450.0,53.7109,3.228,3.0645,1.257
C,10,X-line,78,194.2,450.0,53.7109,3.228,3.0645,1.146
C,10,X-line,79,196.7,450.0,53.833,3.2354,3.0719,1.104
C,10,X-line,80,199.2,450.0,53.833,3.2354,3.0719,1.239
C,10,X-line,81,201.7,450.0,53.833,3.2354,3.0719,1.319
C,10,X-line,82,204.2,450.0,53.833,3.2354,3.0719,1.312
C,10,X-line,83,206.7,450.0,53.833,3.2354,3.0719,1.443
C,10,X-line,84,209.2,450.0,53.833,3.2354,3.0719,1.494
C,10,X-line,85,211.7,450.0,53.833,3.2354,3.0719,1.56
C,10,X-line,86,214.1,450.0,53.833,3.2354,3.0719,1.609
C,10,X-line,87,216.6,450.0,53.833,3.2354,3.0719,1.59
C,10,X-line,88,219.1,450.0,53.833,3.2354,3.0719,1.797
C,10,X-line,89,221.6,450.0,53.833,3.2354,3.0719,1.956
C,10,X-line,90,224.1,450.0,53.833,3.2354,3.0719,1.975
C,10,X-line,91,226.6,450.0,53.833,3.2354,3.0719,1.998
C,10,X-line,92,229.1,450.0,53.833,3.2354,3.0719,1.849
C,10,X-line,93,231.6,450.0,53.833,3.2354,3.0719,1.673
C,10,X-line,94,234.1,450.0,53.833,3.2354,3.0719,1.568
C,10,X-line,95,236.6,450.0,53.833,3.2354,3.0719,1.425
C,10,X-line,96,239.0,450.0,53.833,3.2354,3.0719,1.488
C,10,X-line,97,241.5,450.0,53.833,3.2354,3.0719,1.381
C,10,X-line,98,244.0,450.0,53.833,3.2354,3.0719,1.432
C,10,X-line,99,246.5,450.0,53.833,3.2354,3.0719,1.143
C,10,X-line,100,249.0,450.0,53.833,3.2354,3.0719,1.362
C,10,X-line,101,251.5,450.0,53.833,3.2354,3.0719,1.168
C,10,X-line,102,254.0,450.0,53.833,3.2354,3.0719,1.372
C,10,X-line,103,256.5,450.0,53.833,3.2354,3.0719,1.355
C,10,X-line,104,259.0,450.0,53.833,3.2354,3.0719,1.44
C,10,X-line,105,261.5,450.0,53.833,3.2354,3.0719,1.64
C,10,X-line,106,263.9,450.0,53.833,3.2354,3.0719,1.791
C,10,X-line,107,266.4,450.0,53.833,3.2354,3.0719,1.861
C,10,X-line,108,268.9,450.0,53.833,3.2354,3.0719,1.973
C,10,X-line,109,271.4,450.0,53.833,3.2354,3.0719,1.806
C,10,X-line,110,273.9,450.0,53.833,3.2354,3.0719,1.855
C,10,X-line,111,276.4,450.0,53.833,3.2354,3.0719,1.736
C,10,X-line,112,278.9,450.0,53.833,3.2354,3.0719,1.793
C,10,X-line,113,281.4,450.0,53.833,3.2354,3.0719,1.733
C,10,X-line,114,283.9,450.0,53.833,3.2354,3.0719,1.798
C,10,X-line,115,286.4,450.0,53.833,3.2354,3.0719,1.623
C,10,X-line,116,288.8,450.0,53.833,3.2354,3.0719,1.715
C,10,X-line,117,291.3,450.0,53.833,3.2354,3.0719,1.702
C,10,X-line,118,293.8,450.0,53.833,3.2354,3.0719,1.752
C,10,X-line,119,296.3,450.0,53.833,3.2354,3.0719,1.585
C,10,X-line,120,298.8,450.0,53.833,3.2354,3.0719,1.442
C,10,X-line,121,301.3,450.0,53.833,3.2354,3.0719,1.309
C,10,X-line,122,303.8,450.0,53.833,3.2354,3.0719,1.493
C,10,X-line,123,306.3,450.0,53.833,3.2354,3.0719,1.598
C,10,X-line,124,308.8,450.0,53.833,3.2354,3.0719,1.449
C,10,X-line,125,311.2,450.0,53.833,3.2354,3.0719,1.497
C,10,X-line,126,313.7,450.0,53.833,3.2354,3.0719,1.405
C,10,X-line,127,316.2,450.0,54.0771,3.25,3.0865,1.404
C,10,X-line,128,318.7,450.0,54.0771,3.25,3.0865,1.468
C,10,X-line,129,321.2,450.0,54.0771,3.25,3.0865,1.295
C,10,X-line,130,323.7,450.0,54.0771,3.25,3.0865,1.365
C,10,X-line,131,326.2,450.0,54.0771,3.25,3.0865,1.708
C,10,X-line,132,328.7,450.0,54.0771,3.25,3.0865,1.671
C,10,X-line,133,331.2,450.0,54.0771,3.25,3.0865,1.768
C,10,X-line,134,333.7,450.0,54.0771,3.25,3.0865,1.766
C,10,X-line,135,336.2,450.0,54.0771,3.25,3.0865,1.628
C,10,X-line,136,338.6,450.0,54.0771,3.25,3.0865,1.629
C,10,X-line,137,341.1,450.0,54.0771,3.25,3.0865,1.485
C,10,X-line,138,343.6,450.0,54.0771,3.25,3.0865,1.497
C,10,X-line,139,346.1,450.0,54.0771,3.25,3.0865,1.541
C,10,X-line,140,348.6,450.0,54.0771,3.25,3.0865,1.593
C,10,X-line,141,351.1,450.0,54.0771,3.25,3.0865,1.564
C,10,X-line,142,353.6,450.0,54.0771,3.25,3.0865,1.516
C,10,X-line,143,356.1,450.0,54.0771,3.25,3.0865,1.522
C,10,X-line,144,358.6,450.0,54.0771,3.25,3.0865,1.453
C,10,X-line,145,361.1,450.0,54.0771,3.25,3.0865,1.343
C,10,X-line,146,363.5,450.0,54.0771,3.25,3.0865,1.314
C,10,X-line,147,366.0,450.0,54.0771,3.25,3.0865,1.366
C,10,X-line,148,368.5,450.0,54.0771,3.25,3.0865,1.421
C,10,X-line,149,371.0,450.0,54.0771,3.25,3.0865,1.501
C,10,X-line,150,373.5,450.0,54.0771,3.25,3.0865,1.625
C,10,X-line,151,376.0,450.0,54.0771,3.25,3.0865,1.54
C,10,X-line,152,378.5,450.0,54.0771,3.25,3.0865,1.592
C,10,X-line,153,381.0,450.0,54.0771,3.25,3.0865,1.588
C,10,X-line,154,383.5,450.0,54.0771,3.25,3.0865,1.548
C,10,X-line,155,386.0,450.0,54.0771,3.25,3.0865,1.528
C,10,X-line,156,388.4,450.0,54.0771,3.25,3.0865,1.448
C,10,X-line,157,390.9,450.0,54.0771,3.25,3.0865,1.585
C,10,X-line,158,393.4,450.0,53.833,3.2354,3.0719,1.638
C,10,X-line,159,395.9,450.0,53.833,3.2354,3.0719,1.737
C,10,X-line,160,398.4,450.0,53.5889,3.2207,3.0572,1.708
C,10,X-line,161,400.9,450.0,53.5889,3.2207,3.0572,1.604
C,10,X-line,162,403.4,450.0,53.3447,3.206,3.0425,1.917
C,10,X-line,163,405.9,450.0,53.3447,3.206,3.0425,1.902
C,10,X-line,164,408.4,450.0,53.3447,3.206,3.0425,1.91
C,10,X-line,165,410.9,450.0,53.3447,3.206,3.0425,1.744
C,10,X-line,166,413.3,450.0,53.3447,3.206,3.0425,1.68
C,10,X-line,167,415.8,450.0,53.3447,3.206,3.0425,1.492
C,10,X-line,168,418.3,450.0,53.3447,3.206,3.0425,1.625
C,10,X-line,169,420.8,450.0,53.3447,3.206,3.0425,1.605
C,10,X-line,170,423.3,450.0,53.3447,3.206,3.0425,1.352
C,10,X-line,171,425.8,450.0,53.3447,3.206,3.0425,1.336
C,10,X-line,172,428.3,450.0,53.3447,3.206,3.0425,1.22
C,10,X-line,173,430.8,450.0,53.3447,3.206,3.0425,1.227
C,10,X-line,174,433.3,450.0,53.3447,3.206,3.0425,1.199
C,10,X-line,175,435.8,450.0,53.3447,3.206,3.0425,1.21
C,10,X-line,176,438.2,450.0,53.3447,3.206,3.0425,1.219
C,10,X-line,177,440.7,450.0,53.3447,3.206,3.0425,1.245
C,10,X-line,178,443.2,450.0,53.3447,3.206,3.0425,1.225
C,10,X-line,179,445.7,450.0,53.3447,3.206,3.0425,1.452
C,10,X-line,180,448.2,450.0,53.3447,3.206,3.0425,1.476
C,10,X-line,181,450.7,450.0,53.3447,3.206,3.0425,1.369
C,10,X-line,182,453.2,450.0,53.3447,3.206,3.0425,1.474
C,10,X-line,183,455.7,450.0,53.3447,3.206,3.0425,1.395
C,10,X-line,184,458.2,450.0,53.3447,3.206,3.0425,1.459
C,10,X-line,185,460.7,450.0,53.3447,3.206,3.0425,1.46
C,10,X-line,186,463.1,450.0,53.3447,3.206,3.0425,1.286
C,10,X-line,187,465.6,450.0,53.3447,3.206,3.0425,1.51
C,10,X-line,188,468.1,450.0,53.3447,3.206,3.0425,1.539
C,10,X-line,189,470.6,450.0,53.3447,3.206,3.0425,1.41
C,10,X-line,190,473.1,450.0,53.3447,3.206,3.0425,1.376
C,10,X-line,191,475.6,450.0,53.3447,3.206,3.0425,1.263
C,10,X-line,192,478.1,450.0,53.3447,3.206,3.0425,1.131
C,10,X-line,193,480.6,450.0,53.3447,3.206,3.0425,1.176
C,10,X-line,194,483.1,450.0,53.3447,3.206,3.0425,1.287
C,10,X-line,195,485.6,450.0,53.3447,3.206,3.0425,1.111
C,10,X-line,196,488.0,450.0,53.3447,3.206,3.0425,1.139
C,10,X-line,197,490.5,450.0,53.3447,3.206,3.0425,1.33
C,10,X-line,198,493.0,450.0,53.3447,3.206,3.0425,1.5
C,10,X-line,199,495.5,450.0,53.2227,3.1987,3.0352,1.485
C,10,X-line,200,498.0,450.0,53.2227,3.1987,3.0352,1.481
C,10,X-line,201,500.5,450.0,53.2227,3.1987,3.0352,1.386
C,10,X-line,202,503.0,450.0,53.2227,3.1987,3.0352,1.363
C,10,X-line,203,505.5,450.0,53.2227,3.1987,3.0352,1.349
C,10,X-line,204,508.0,450.0,53.2227,3.1987,3.0352,1.271
C,10,X-line,205,510.5,450.0,53.2227,3.1987,3.0352,1.242
C,10,X-line,206,512.9,450.0,53.2227,3.1987,3.0352,1.247
C,10,X-line,207,515.4,450.0,53.2227,3.1987,3.0352,1.08
C,10,X-line,208,517.9,450.0,53.2227,3.1987,3.0352,1.162
C,10,X-line,209,520.4,450.0,52.9785,3.184,3.0205,0.99
C,10,X-line,210,522.9,450.0,52.7344,3.1693,3.0058,0.704
C,10,X-line,211,525.4,450.0,52.4902,3.1547,2.9912,0.582
C,10,X-line,212,527.9,450.0,52.2461,3.14,2.9765,0.662
C,10,X-line,213,530.4,450.0,52.0019,3.1253,2.9618,1.068
C,10,X-line,214,532.9,450.0,51.7578,3.1106,2.9471,1.343
C,10,X-line,215,535.4,450.0,51.6357,3.1033,2.9398,1.583
C,10,X-line,216,537.8,450.0,51.6357,3.1033,2.9398,1.755
C,10,X-line,217,540.3,450.0,51.6357,3.1033,2.9398,1.734
C,10,X-line,218,542.8,450.0,51.6357,3.1033,2.9398,1.702
C,10,X-line,219,545.3,450.0,51.6357,3.1033,2.9398,1.6
C,10,X-line,220,547.8,450.0,51.6357,3.1033,2.9398,1.222
C,10,X-line,221,550.3,450.0,51.3916,3.0886,2.9251,1.065
C,10,X-line,222,552.8,450.0,51.3916,3.0886,2.9251,0.897
C,10,X-line,223,555.3,450.0,51.3916,3.0886,2.9251,1.089
C,10,X-line,224,557.8,450.0,51.3916,3.0886,2.9251,1.522
C,10,X-line,225,560.2,450.0,51.3916,3.0886,2.9251,1.776
C,10,X-line,226,562.7,450.0,51.3916,3.0886,2.9251,1.688
C,10,X-line,227,565.2,450.0,51.3916,3.0886,2.9251,1.672
C,10,X-line,228,567.7,450.0,51.3916,3.0886,2.9251,1.619
C,10,X-line,229,570.2,450.0,51.3916,3.0886,2.9251,1.469
C,10,X-line,230,572.7,450.0,51.2695,3.0813,2.9178,1.183
C,10,X-line,231,575.2,450.0,51.0254,3.0666,2.9031,0.639
C,10,X-line,232,577.7,450.0,50.7812,3.052,2.8885,0.855
C,10,X-line,233,580.2,450.0,50.5371,3.0373,2.8738,1.355
C,10,X-line,234,582.7,450.0,50.5371,3.0373,2.8738,1.453
C,10,X-line,235,585.2,450.0,50.5371,3.0373,2.8738,1.535
C,10,X-line,236,587.6,450.0,50.5371,3.0373,2.8738,1.673
C,10,X-line,237,590.1,450.0,50.5371,3.0373,2.8738,1.56
C,10,X-line,238,592.6,450.0,50.5371,3.0373,2.8738,1.422
C,10,X-line,239,595.1,450.0,50.5371,3.0373,2.8738,1.435
C,10,X-line,240,597.6,450.0,50.5371,3.0373,2.8738,1.386
C,10,X-line,241,600.1,450.0,50.5371,3.0373,2.8738,1.43
C,10,X-line,242,602.6,450.0,50.5371,3.0373,2.8738,1.466
C,10,X-line,243,605.1,450.0,50.5371,3.0373,2.8738,1.577
C,10,X-line,244,607.6,450.0,50.5371,3.0373,2.8738,1.536
C,10,X-line,245,610.1,450.0,50.5371,3.0373,2.8738,1.548
C,10,X-line,246,612.5,450.0,50.5371,3.0373,2.8738,1.483
C,10,X-line,247,615.0,450.0,50.5371,3.0373,2.8738,1.42
C,10,X-line,248,617.5,450.0,50.5371,3.0373,2.8738,1.385
C,10,X-line,249,620.0,450.0,50.5371,3.0373,2.8738,1.343
C,10,X-line,250,622.5,450.0,50.5371,3.0373,2.8738,1.37
C,10,X-line,251,625.0,450.0,50.5371,3.0373,2.8738,1.45
C,10,X-line,252,627.5,450.0,50.5371,3.0373,2.8738,1.455
C,10,X-line,253,630.0,450.0,50.5371,3.0373,2.8738,1.491
C,10,X-line,254,632.5,450.0,50.5371,3.0373,2.8738,1.432
C,10,X-line,255,635.0,450.0,50.5371,3.0373,2.8738,1.508
C,10,X-line,256,637.4,450.0,50.5371,3.0373,2.8738,1.462
C,10,X-line,257,639.9,450.0,50.5371,3.0373,2.8738,1.34
C,10,X-line,258,642.4,450.0,50.5371,3.0373,2.8738,1.073
C,10,X-line,259,644.9,450.0,50.293,3.0226,2.8591,0.977
C,10,X-line,260,647.4,450.0,50.293,3.0226,2.8591,0.918
C,10,X-line,261,649.9,450.0,50.293,3.0226,2.8591,1.345
C,10,X-line,262,652.4,450.0,50.293,3.0226,2.8591,1.303
C,10,X-line,263,654.9,450.0,50.293,3.0226,2.8591,1.337
C,10,X-line,264,657.4,450.0,50.293,3.0226,2.8591,1.355
C,10,X-line,265,659.9,450.0,50.293,3.0226,2.8591,1.315
C,10,X-line,266,662.3,450.0,50.293,3.0226,2.8591,1.254
C,10,X-line,267,664.8,450.0,50.293,3.0226,2.8591,1.065
C,10,X-line,268,667.3,450.0,50.293,3.0226,2.8591,1.2
C,10,X-line,269,669.8,450.0,50.293,3.0226,2.8591,1.293
C,10,X-line,270,672.3,450.0,50.293,3.0226,2.8591,1.67
C,10,X-line,271,674.8,450.0,50.293,3.0226,2.8591,2.296
C,10,X-line,272,677.3,450.0,50.293,3.0226,2.8591,1.108
C,10,X-line,273,679.8,450.0,50.293,3.0226,2.8591,0.71
C,10,X-line,274,682.3,450.0,50.293,3.0226,2.8591,0.539
C,11,X-line,0,0.0,500.0,54.5654,3.2794,3.0577,1.34
C,11,X-line,1,2.5,500.0,54.5654,3.2794,3.0577,1.358
C,11,X-line,2,5.0,500.0,54.5654,3.2794,3.0577,1.395
C,11,X-line,3,7.5,500.0,54.5654,3.2794,3.0577,1.439
C,11,X-line,4,10.0,500.0,54.5654,3.2794,3.0577,1.431
C,11,X-line,5,12.5,500.0,54.5654,3.2794,3.0577,1.365
C,11,X-line,6,14.9,500.0,54.3213,3.2647,3.043,1.473
C,11,X-line,7,17.4,500.0,54.0771,3.25,3.0283,1.563
C,11,X-line,8,19.9,500.0,54.0771,3.25,3.0283,1.717
C,11,X-line,9,22.4,500.0,54.0771,3.25,3.0283,1.754
C,11,X-line,10,24.9,500.0,54.0771,3.25,3.0283,1.889
C,11,X-line,11,27.4,500.0,54.0771,3.25,3.0283,1.98
C,11,X-line,12,29.9,500.0,54.0771,3.25,3.0283,1.935
C,11,X-line,13,32.4,500.0,54.0771,3.25,3.0283,1.996
C,11,X-line,14,34.9,500.0,54.0771,3.25,3.0283,2.065
C,11,X-line,15,37.4,500.0,54.0771,3.25,3.0283,2.127
C,11,X-line,16,39.8,500.0,54.0771,3.25,3.0283,2.131
C,11,X-line,17,42.3,500.0,54.0771,3.25,3.0283,2.172
C,11,X-line,18,44.8,500.0,54.0771,3.25,3.0283,2.166
C,11,X-line,19,47.3,500.0,54.0771,3.25,3.0283,2.128
C,11,X-line,20,49.8,500.0,54.0771,3.25,3.0283,2.061
C,11,X-line,21,52.3,500.0,54.0771,3.25,3.0283,2.105
C,11,X-line,22,54.8,500.0,54.0771,3.25,3.0283,1.992
C,11,X-line,23,57.3,500.0,54.0771,3.25,3.0283,1.954
C,11,X-line,24,59.8,500.0,54.0771,3.25,3.0283,1.897
C,11,X-line,25,62.3,500.0,54.0771,3.25,3.0283,1.865
C,11,X-line,26,64.7,500.0,54.0771,3.25,3.0283,1.857
C,11,X-line,27,67.2,500.0,54.1992,3.2574,3.0357,1.873
C,11,X-line,28,69.7,500.0,54.1992,3.2574,3.0357,1.819
C,11,X-line,29,72.2,500.0,54.3213,3.2647,3.043,1.832
C,11,X-line,30,74.7,500.0,54.4434,3.272,3.0503,1.865
C,11,X-line,31,77.2,500.0,54.4434,3.272,3.0503,1.855
C,11,X-line,32,79.7,500.0,54.5654,3.2794,3.0577,1.873
C,11,X-line,33,82.2,500.0,54.5654,3.2794,3.0577,1.858
C,11,X-line,34,84.7,500.0,54.5654,3.2794,3.0577,1.804
C,11,X-line,35,87.2,500.0,54.5654,3.2794,3.0577,1.785
C,11,X-line,36,89.6,500.0,54.5654,3.2794,3.0577,1.738
C,11,X-line,37,92.1,500.0,54.6875,3.2867,3.065,1.818
C,11,X-line,38,94.6,500.0,54.6875,3.2867,3.065,1.699
C,11,X-line,39,97.1,500.0,54.8096,3.2941,3.0724,1.729
C,11,X-line,40,99.6,500.0,54.8096,3.2941,3.0724,1.685
C,11,X-line,41,102.1,500.0,54.9316,3.3014,3.0797,1.659
C,11,X-line,42,104.6,500.0,54.9316,3.3014,3.0797,1.756
C,11,X-line,43,107.1,500.0,54.9316,3.3014,3.0797,1.704
C,11,X-line,44,109.6,500.0,54.9316,3.3014,3.0797,1.75
C,11,X-line,45,112.1,500.0,54.9316,3.3014,3.0797,1.713
C,11,X-line,46,114.5,500.0,54.9316,3.3014,3.0797,1.696
C,11,X-line,47,117.0,500.0,54.9316,3.3014,3.0797,1.6
C,11,X-line,48,119.5,500.0,54.9316,3.3014,3.0797,1.561
C,11,X-line,49,122.0,500.0,54.9316,3.3014,3.0797,1.633
C,11,X-line,50,124.5,500.0,54.9316,3.3014,3.0797,1.706
C,11,X-line,51,127.0,500.0,54.9316,3.3014,3.0797,1.658
C,11,X-line,52,129.5,500.0,54.9316,3.3014,3.0797,1.787
C,11,X-line,53,132.0,500.0,54.9316,3.3014,3.0797,2.036
C,11,X-line,54,134.5,500.0,54.9316,3.3014,3.0797,2.008
C,11,X-line,55,137.0,500.0,54.9316,3.3014,3.0797,2.07
C,11,X-line,56,139.4,500.0,54.9316,3.3014,3.0797,2.061
C,11,X-line,57,141.9,500.0,54.9316,3.3014,3.0797,1.995
C,11,X-line,58,144.4,500.0,54.9316,3.3014,3.0797,1.901
C,11,X-line,59,146.9,500.0,54.9316,3.3014,3.0797,1.948
C,11,X-line,60,149.4,500.0,54.9316,3.3014,3.0797,1.897
C,11,X-line,61,151.9,500.0,54.9316,3.3014,3.0797,1.84
C,11,X-line,62,154.4,500.0,54.9316,3.3014,3.0797,1.828
C,11,X-line,63,156.9,500.0,54.9316,3.3014,3.0797,1.5
C,11,X-line,64,159.4,500.0,54.9316,3.3014,3.0797,1.451
C,11,X-line,65,161.9,500.0,54.9316,3.3014,3.0797,1.706
C,11,X-line,66,164.3,500.0,54.9316,3.3014,3.0797,1.491
C,11,X-line,67,166.8,500.0,54.9316,3.3014,3.0797,1.366
C,11,X-line,68,169.3,500.0,54.9316,3.3014,3.0797,1.53
C,11,X-line,69,171.8,500.0,54.9316,3.3014,3.0797,1.348
C,11,X-line,70,174.3,500.0,54.9316,3.3014,3.0797,1.414
C,11,X-line,71,176.8,500.0,54.9316,3.3014,3.0797,1.483
C,11,X-line,72,179.3,500.0,54.9316,3.3014,3.0797,1.368
C,11,X-line,73,181.8,500.0,54.9316,3.3014,3.0797,1.323
C,11,X-line,74,184.3,500.0,54.9316,3.3014,3.0797,1.141
C,11,X-line,75,186.8,500.0,54.9316,3.3014,3.0797,1.229
C,11,X-line,76,189.2,500.0,54.9316,3.3014,3.0797,1.094
C,11,X-line,77,191.7,500.0,54.9316,3.3014,3.0797,1.061
C,11,X-line,78,194.2,500.0,54.9316,3.3014,3.0797,1.113
C,11,X-line,79,196.7,500.0,54.9316,3.3014,3.0797,1.121
C,11,X-line,80,199.2,500.0,54.9316,3.3014,3.0797,1.12
C,11,X-line,81,201.7,500.0,54.9316,3.3014,3.0797,0.937
C,11,X-line,82,204.2,500.0,55.1758,3.3161,3.0944,0.821
C,11,X-line,83,206.7,500.0,55.4199,3.3307,3.109,0.8
C,11,X-line,84,209.2,500.0,55.4199,3.3307,3.109,0.835
C,11,X-line,85,211.7,500.0,55.4199,3.3307,3.109,0.93
C,11,X-line,86,214.1,500.0,55.4199,3.3307,3.109,0.962
C,11,X-line,87,216.6,500.0,55.4199,3.3307,3.109,0.922
C,11,X-line,88,219.1,500.0,55.4199,3.3307,3.109,0.957
C,11,X-line,89,221.6,500.0,55.4199,3.3307,3.109,1.004
C,11,X-line,90,224.1,500.0,55.4199,3.3307,3.109,0.916
C,11,X-line,91,226.6,500.0,55.4199,3.3307,3.109,0.895
C,11,X-line,92,229.1,500.0,55.4199,3.3307,3.109,1.033
C,11,X-line,93,231.6,500.0,55.4199,3.3307,3.109,1.276
C,11,X-line,94,234.1,500.0,55.4199,3.3307,3.109,1.675
C,11,X-line,95,236.6,500.0,55.4199,3.3307,3.109,1.833
C,11,X-line,96,239.0,500.0,55.4199,3.3307,3.109,1.728
C,11,X-line,97,241.5,500.0,55.4199,3.3307,3.109,1.511
C,11,X-line,98,244.0,500.0,55.4199,3.3307,3.109,1.645
C,11,X-line,99,246.5,500.0,55.4199,3.3307,3.109,1.437
C,11,X-line,100,249.0,500.0,55.4199,3.3307,3.109,1.606
C,11,X-line,101,251.5,500.0,55.4199,3.3307,3.109,1.97
C,11,X-line,102,254.0,500.0,55.4199,3.3307,3.109,1.669
C,11,X-line,103,256.5,500.0,55.4199,3.3307,3.109,1.911
C,11,X-line,104,259.0,500.0,55.4199,3.3307,3.109,1.314
C,11,X-line,105,261.5,500.0,55.6641,3.3454,3.1237,0.974
C,11,X-line,106,263.9,500.0,55.9082,3.3601,3.1384,1.009
C,11,X-line,107,266.4,500.0,55.9082,3.3601,3.1384,0.818
C,11,X-line,108,268.9,500.0,55.9082,3.3601,3.1384,1.398
C,11,X-line,109,271.4,500.0,55.9082,3.3601,3.1384,1.394
C,11,X-line,110,273.9,500.0,55.9082,3.3601,3.1384,1.101
C,11,X-line,111,276.4,500.0,55.9082,3.3601,3.1384,0.938
C,11,X-line,112,278.9,500.0,55.9082,3.3601,3.1384,1.077
C,11,X-line,113,281.4,500.0,55.9082,3.3601,3.1384,0.947
C,11,X-line,114,283.9,500.0,55.9082,3.3601,3.1384,0.883
C,11,X-line,115,286.4,500.0,55.9082,3.3601,3.1384,0.943
C,11,X-line,116,288.8,500.0,55.9082,3.3601,3.1384,0.97
C,11,X-line,117,291.3,500.0,55.9082,3.3601,3.1384,0.977
C,11,X-line,118,293.8,500.0,55.9082,3.3601,3.1384,1.088
C,11,X-line,119,296.3,500.0,55.9082,3.3601,3.1384,1.098
C,11,X-line,120,298.8,500.0,55.9082,3.3601,3.1384,1.123
C,11,X-line,121,301.3,500.0,55.9082,3.3601,3.1384,1.297
C,11,X-line,122,303.8,500.0,55.9082,3.3601,3.1384,1.397
C,11,X-line,123,306.3,500.0,55.9082,3.3601,3.1384,1.374
C,11,X-line,124,308.8,500.0,55.9082,3.3601,3.1384,1.406
C,11,X-line,125,311.2,500.0,55.9082,3.3601,3.1384,1.506
C,11,X-line,126,313.7,500.0,55.6641,3.3454,3.1237,1.72
C,11,X-line,127,316.2,500.0,55.4199,3.3307,3.109,1.713
C,11,X-line,128,318.7,500.0,55.4199,3.3307,3.109,1.706
C,11,X-line,129,321.2,500.0,55.4199,3.3307,3.109,1.775
C,11,X-line,130,323.7,500.0,55.4199,3.3307,3.109,1.693
C,11,X-line,131,326.2,500.0,55.4199,3.3307,3.109,1.853
C,11,X-line,132,328.7,500.0,55.4199,3.3307,3.109,1.83
C,11,X-line,133,331.2,500.0,55.4199,3.3307,3.109,1.832
C,11,X-line,134,333.7,500.0,55.4199,3.3307,3.109,1.84
C,11,X-line,135,336.2,500.0,55.4199,3.3307,3.109,1.961
C,11,X-line,136,338.6,500.0,55.4199,3.3307,3.109,1.878
C,11,X-line,137,341.1,500.0,55.4199,3.3307,3.109,1.935
C,11,X-line,138,343.6,500.0,55.4199,3.3307,3.109,1.842
C,11,X-line,139,346.1,500.0,55.4199,3.3307,3.109,1.878
C,11,X-line,140,348.6,500.0,55.1758,3.3161,3.0944,1.816
C,11,X-line,141,351.1,500.0,55.1758,3.3161,3.0944,1.813
C,11,X-line,142,353.6,500.0,55.1758,3.3161,3.0944,1.798
C,11,X-line,143,356.1,500.0,55.1758,3.3161,3.0944,1.809
C,11,X-line,144,358.6,500.0,55.1758,3.3161,3.0944,1.679
C,11,X-line,145,361.1,500.0,55.1758,3.3161,3.0944,1.639
C,11,X-line,146,363.5,500.0,55.1758,3.3161,3.0944,1.638
C,11,X-line,147,366.0,500.0,55.1758,3.3161,3.0944,1.517
C,11,X-line,148,368.5,500.0,55.1758,3.3161,3.0944,1.521
C,11,X-line,149,371.0,500.0,55.1758,3.3161,3.0944,1.558
C,11,X-line,150,373.5,500.0,55.1758,3.3161,3.0944,1.489
C,11,X-line,151,376.0,500.0,55.1758,3.3161,3.0944,1.645
C,11,X-line,152,378.5,500.0,55.1758,3.3161,3.0944,1.607
C,11,X-line,153,381.0,500.0,55.1758,3.3161,3.0944,1.614
C,11,X-line,154,383.5,500.0,55.1758,3.3161,3.0944,1.799
C,11,X-line,155,386.0,500.0,55.1758,3.3161,3.0944,1.91
C,11,X-line,156,388.4,500.0,55.1758,3.3161,3.0944,1.853
C,11,X-line,157,390.9,500.0,54.9316,3.3014,3.0797,1.905
C,11,X-line,158,393.4,500.0,54.9316,3.3014,3.0797,1.751
C,11,X-line,159,395.9,500.0,54.6875,3.2867,3.065,1.557
C,11,X-line,160,398.4,500.0,54.6875,3.2867,3.065,1.599
C,11,X-line,161,400.9,500.0,54.6875,3.2867,3.065,1.544
C,11,X-line,162,403.4,500.0,54.6875,3.2867,3.065,1.508
C,11,X-line,163,405.9,500.0,54.6875,3.2867,3.065,1.564
C,11,X-line,164,408.4,500.0,54.6875,3.2867,3.065,1.679
C,11,X-line,165,410.9,500.0,54.6875,3.2867,3.065,1.514
C,11,X-line,166,413.3,500.0,54.6875,3.2867,3.065,1.463
C,11,X-line,167,415.8,500.0,54.6875,3.2867,3.065,1.502
C,11,X-line,168,418.3,500.0,54.6875,3.2867,3.065,1.407
C,11,X-line,169,420.8,500.0,54.6875,3.2867,3.065,1.341
C,11,X-line,170,423.3,500.0,54.6875,3.2867,3.065,1.18
C,11,X-line,171,425.8,500.0,54.6875,3.2867,3.065,1.171
C,11,X-line,172,428.3,500.0,54.5654,3.2794,3.0577,1.06
C,11,X-line,173,430.8,500.0,54.5654,3.2794,3.0577,1.149
C,11,X-line,174,433.3,500.0,54.5654,3.2794,3.0577,1.236
C,11,X-line,175,435.8,500.0,54.4434,3.272,3.0503,1.212
C,11,X-line,176,438.2,500.0,54.4434,3.272,3.0503,1.474
C,11,X-line,177,440.7,500.0,54.4434,3.272,3.0503,1.956
C,11,X-line,178,443.2,500.0,54.4434,3.272,3.0503,1.683
C,11,X-line,179,445.7,500.0,54.4434,3.272,3.0503,1.515
C,11,X-line,180,448.2,500.0,54.4434,3.272,3.0503,1.262
C,11,X-line,181,450.7,500.0,54.4434,3.272,3.0503,1.187
C,11,X-line,182,453.2,500.0,54.4434,3.272,3.0503,1.047
C,11,X-line,183,455.7,500.0,54.4434,3.272,3.0503,1.189
C,11,X-line,184,458.2,500.0,54.4434,3.272,3.0503,1.227
C,11,X-line,185,460.7,500.0,54.4434,3.272,3.0503,1.208
C,11,X-line,186,463.1,500.0,54.4434,3.272,3.0503,1.235
C,11,X-line,187,465.6,500.0,54.4434,3.272,3.0503,1.402
C,11,X-line,188,468.1,500.0,54.4434,3.272,3.0503,1.403
C,11,X-line,189,470.6,500.0,54.4434,3.272,3.0503,1.338
C,11,X-line,190,473.1,500.0,54.4434,3.272,3.0503,1.436
C,11,X-line,191,475.6,500.0,54.4434,3.272,3.0503,1.477
C,11,X-line,192,478.1,500.0,54.4434,3.272,3.0503,1.408
C,11,X-line,193,480.6,500.0,54.1992,3.2574,3.0357,1.398
C,11,X-line,194,483.1,500.0,54.1992,3.2574,3.0357,1.446
C,11,X-line,195,485.6,500.0,53.9551,3.2427,3.021,1.464
C,11,X-line,196,488.0,500.0,53.7109,3.228,3.0063,1.506
C,11,X-line,197,490.5,500.0,53.4668,3.2134,2.9917,1.405
C,11,X-line,198,493.0,500.0,53.2227,3.1987,2.977,1.139
C,11,X-line,199,495.5,500.0,53.1006,3.1913,2.9696,0.998
C,11,X-line,200,498.0,500.0,53.1006,3.1913,2.9696,1.094
C,11,X-line,201,500.5,500.0,53.1006,3.1913,2.9696,1.298
C,11,X-line,202,503.0,500.0,53.1006,3.1913,2.9696,1.471
C,11,X-line,203,505.5,500.0,53.1006,3.1913,2.9696,1.696
C,11,X-line,204,508.0,500.0,53.1006,3.1913,2.9696,1.772
C,11,X-line,205,510.5,500.0,53.1006,3.1913,2.9696,1.672
C,11,X-line,206,512.9,500.0,53.1006,3.1913,2.9696,1.642
C,11,X-line,207,515.4,500.0,53.1006,3.1913,2.9696,1.646
C,11,X-line,208,517.9,500.0,53.1006,3.1913,2.9696,1.405
C,11,X-line,209,520.4,500.0,53.1006,3.1913,2.9696,1.137
C,11,X-line,210,522.9,500.0,53.1006,3.1913,2.9696,0.928
C,11,X-line,211,525.4,500.0,53.1006,3.1913,2.9696,1.015
C,11,X-line,212,527.9,500.0,53.1006,3.1913,2.9696,1.735
C,11,X-line,213,530.4,500.0,53.1006,3.1913,2.9696,1.908
C,11,X-line,214,532.9,500.0,53.1006,3.1913,2.9696,1.951
C,11,X-line,215,535.4,500.0,53.1006,3.1913,2.9696,1.739
C,11,X-line,216,537.8,500.0,53.1006,3.1913,2.9696,1.388
C,11,X-line,217,540.3,500.0,52.9785,3.184,2.9623,1.186
C,11,X-line,218,542.8,500.0,52.7344,3.1693,2.9476,0.79
C,11,X-line,219,545.3,500.0,52.4902,3.1547,2.933,0.711
C,11,X-line,220,547.8,500.0,52.4902,3.1547,2.933,0.596
C,11,X-line,221,550.3,500.0,52.4902,3.1547,2.933,0.696
C,11,X-line,222,552.8,500.0,52.4902,3.1547,2.933,0.689
C,11,X-line,223,555.3,500.0,52.4902,3.1547,2.933,0.705
C,11,X-line,224,557.8,500.0,52.4902,3.1547,2.933,1.089
C,11,X-line,225,560.2,500.0,52.4902,3.1547,2.933,1.36
C,11,X-line,226,562.7,500.0,52.4902,3.1547,2.933,1.612
C,11,X-line,227,565.2,500.0,52.4902,3.1547,2.933,1.807
C,11,X-line,228,567.7,500.0,52.4902,3.1547,2.933,1.645
C,11,X-line,229,570.2,500.0,52.4902,3.1547,2.933,1.755
C,11,X-line,230,572.7,500.0,52.4902,3.1547,2.933,1.716
C,11,X-line,231,575.2,500.0,52.4902,3.1547,2.933,1.608
C,11,X-line,232,577.7,500.0,52.4902,3.1547,2.933,1.317
C,11,X-line,233,580.2,500.0,52.4902,3.1547,2.933,0.956
C,11,X-line,234,582.7,500.0,52.4902,3.1547,2.933,0.812
C,11,X-line,235,585.2,500.0,52.4902,3.1547,2.933,0.451
C,11,X-line,236,587.6,500.0,52.4902,3.1547,2.933,0.53
C,11,X-line,237,590.1,500.0,52.4902,3.1547,2.933,0.641
C,11,X-line,238,592.6,500.0,52.4902,3.1547,2.933,0.837
C,11,X-line,239,595.1,500.0,52.4902,3.1547,2.933,0.828
C,11,X-line,240,597.6,500.0,52.4902,3.1547,2.933,1.295
C,11,X-line,241,600.1,500.0,52.4902,3.1547,2.933,1.311
C,11,X-line,242,602.6,500.0,52.4902,3.1547,2.933,1.058
C,11,X-line,243,605.1,500.0,52.4902,3.1547,2.933,1.051
C,11,X-line,244,607.6,500.0,52.4902,3.1547,2.933,0.495
C,11,X-line,245,610.1,500.0,52.4902,3.1547,2.933,0.448
C,11,X-line,246,612.5,500.0,52.4902,3.1547,2.933,0.3
C,11,X-line,247,615.0,500.0,52.4902,3.1547,2.933,0.526
C,11,X-line,248,617.5,500.0,52.4902,3.1547,2.933,0.864
C,11,X-line,249,620.0,500.0,52.4902,3.1547,2.933,0.692
C,11,X-line,250,622.5,500.0,52.4902,3.1547,2.933,1.011
C,11,X-line,251,625.0,500.0,52.4902,3.1547,2.933,0.806
C,11,X-line,252,627.5,500.0,52.4902,3.1547,2.933,1.09
C,11,X-line,253,630.0,500.0,52.4902,3.1547,2.933,1.209
C,11,X-line,254,632.5,500.0,52.4902,3.1547,2.933,1.454
C,11,X-line,255,635.0,500.0,52.4902,3.1547,2.933,1.373
C,11,X-line,256,637.4,500.0,52.4902,3.1547,2.933,1.787
C,11,X-line,257,639.9,500.0,52.4902,3.1547,2.933,1.951
C,11,X-line,258,642.4,500.0,52.4902,3.1547,2.933,1.454
C,11,X-line,259,644.9,500.0,52.4902,3.1547,2.933,1.633
C,11,X-line,260,647.4,500.0,52.4902,3.1547,2.933,0.406
C,11,X-line,261,649.9,500.0,52.4902,3.1547,2.933,0.544
C,11,X-line,262,652.4,500.0,52.4902,3.1547,2.933,0.896
C,11,X-line,263,654.9,500.0,52.4902,3.1547,2.933,1.187
C,11,X-line,264,657.4,500.0,52.4902,3.1547,2.933,1.044
C,12,X-line,0,0.0,550.0,47.1191,2.8319,2.9341,0.873
C,12,X-line,1,2.5,550.0,47.1191,2.8319,2.9341,2.089
C,12,X-line,2,5.0,550.0,47.1191,2.8319,2.9341,0.908
C,12,X-line,3,7.5,550.0,47.1191,2.8319,2.9341,0.739
C,12,X-line,4,10.0,550.0,47.1191,2.8319,2.9341,0.926
C,12,X-line,5,12.5,550.0,47.1191,2.8319,2.9341,0.965
C,12,X-line,6,14.9,550.0,47.1191,2.8319,2.9341,1.087
C,12,X-line,7,17.4,550.0,47.1191,2.8319,2.9341,1.73
C,12,X-line,8,19.9,550.0,47.1191,2.8319,2.9341,1.313
C,12,X-line,9,22.4,550.0,47.1191,2.8319,2.9341,1.513
C,12,X-line,10,24.9,550.0,47.1191,2.8319,2.9341,1.792
C,12,X-line,11,27.4,550.0,47.1191,2.8319,2.9341,1.472
C,12,X-line,12,29.9,550.0,47.1191,2.8319,2.9341,1.618
C,12,X-line,13,32.4,550.0,47.1191,2.8319,2.9341,1.727
C,12,X-line,14,34.9,550.0,47.1191,2.8319,2.9341,1.54
C,12,X-line,15,37.4,550.0,47.1191,2.8319,2.9341,1.768
C,12,X-line,16,39.8,550.0,47.1191,2.8319,2.9341,1.198
C,12,X-line,17,42.3,550.0,47.1191,2.8319,2.9341,1.116
C,12,X-line,18,44.8,550.0,47.1191,2.8319,2.9341,1.706
C,12,X-line,19,47.3,550.0,47.1191,2.8319,2.9341,1.451
C,12,X-line,20,49.8,550.0,47.1191,2.8319,2.9341,1.338
C,12,X-line,21,52.3,550.0,47.1191,2.8319,2.9341,1.381
C,12,X-line,22,54.8,550.0,46.875,2.8172,2.9194,1.149
C,12,X-line,23,57.3,550.0,46.7529,2.8099,2.9121,1.306
C,12,X-line,24,59.8,550.0,46.7529,2.8099,2.9121,1.211
C,12,X-line,25,62.3,550.0,46.7529,2.8099,2.9121,1.101
C,12,X-line,26,64.7,550.0,46.7529,2.8099,2.9121,0.942
C,12,X-line,27,67.2,550.0,46.7529,2.8099,2.9121,1.106
C,12,X-line,28,69.7,550.0,46.6309,2.8025,2.9047,1.232
C,12,X-line,29,72.2,550.0,46.3867,2.7878,2.89,0.871
C,12,X-line,30,74.7,550.0,46.1426,2.7732,2.8754,0.628
C,12,X-line,31,77.2,550.0,45.8984,2.7585,2.8607,0.798
C,12,X-line,32,79.7,550.0,45.6543,2.7438,2.846,1.394
C,12,X-line,33,82.2,550.0,45.6543,2.7438,2.846,1.607
C,12,X-line,34,84.7,550.0,45.6543,2.7438,2.846,1.12
C,12,X-line,35,87.2,550.0,45.6543,2.7438,2.846,1.578
C,12,X-line,36,89.6,550.0,45.6543,2.7438,2.846,1.411
C,12,X-line,37,92.1,550.0,45.6543,2.7438,2.846,1.661
C,12,X-line,38,94.6,550.0,45.6543,2.7438,2.846,1.653
C,12,X-line,39,97.1,550.0,45.6543,2.7438,2.846,2.011
C,12,X-line,40,99.6,550.0,45.6543,2.7438,2.846,2.072
C,12,X-line,41,102.1,550.0,45.6543,2.7438,2.846,2.0
C,12,X-line,42,104.6,550.0,45.6543,2.7438,2.846,1.851
C,12,X-line,43,107.1,550.0,45.6543,2.7438,2.846,1.57
C,12,X-line,44,109.6,550.0,45.6543,2.7438,2.846,1.522
C,12,X-line,45,112.1,550.0,45.6543,2.7438,2.846,1.201
C,12,X-line,46,114.5,550.0,45.6543,2.7438,2.846,0.92
C,12,X-line,47,117.0,550.0,45.6543,2.7438,2.846,1.106
C,12,X-line,48,119.5,550.0,45.6543,2.7438,2.846,1.179
C,12,X-line,49,122.0,550.0,45.6543,2.7438,2.846,1.155
C,12,X-line,50,124.5,550.0,45.6543,2.7438,2.846,1.056
C,12,X-line,51,127.0,550.0,45.6543,2.7438,2.846,1.055
C,12,X-line,52,129.5,550.0,45.6543,2.7438,2.846,1.128
C,12,X-line,53,132.0,550.0,45.6543,2.7438,2.846,0.924
C,12,X-line,54,134.5,550.0,45.6543,2.7438,2.846,0.922
C,12,X-line,55,137.0,550.0,45.6543,2.7438,2.846,1.167
C,12,X-line,56,139.4,550.0,45.6543,2.7438,2.846,0.821
C,12,X-line,57,141.9,550.0,45.6543,2.7438,2.846,1.055
C,12,X-line,58,144.4,550.0,45.6543,2.7438,2.846,1.436
C,12,X-line,59,146.9,550.0,45.6543,2.7438,2.846,1.659
C,12,X-line,60,149.4,550.0,45.6543,2.7438,2.846,1.626
C,12,X-line,61,151.9,550.0,45.6543,2.7438,2.846,1.62
C,12,X-line,62,154.4,550.0,45.6543,2.7438,2.846,1.571
C,12,X-line,63,156.9,550.0,45.6543,2.7438,2.846,1.593
C,12,X-line,64,159.4,550.0,45.6543,2.7438,2.846,1.448
C,12,X-line,65,161.9,550.0,45.6543,2.7438,2.846,1.504
C,12,X-line,66,164.3,550.0,45.6543,2.7438,2.846,1.726
C,12,X-line,67,166.8,550.0,45.6543,2.7438,2.846,1.815
C,12,X-line,68,169.3,550.0,45.6543,2.7438,2.846,1.836
C,12,X-line,69,171.8,550.0,45.6543,2.7438,2.846,1.897
C,12,X-line,70,174.3,550.0,45.6543,2.7438,2.846,2.031
C,12,X-line,71,176.8,550.0,45.6543,2.7438,2.846,1.997
C,12,X-line,72,179.3,550.0,45.6543,2.7438,2.846,2.071
C,12,X-line,73,181.8,550.0,45.6543,2.7438,2.846,2.059
C,12,X-line,74,184.3,550.0,45.6543,2.7438,2.846,1.956
C,12,X-line,75,186.8,550.0,45.7764,2.7512,2.8534,1.845
C,12,X-line,76,189.2,550.0,45.8984,2.7585,2.8607,1.953
C,12,X-line,77,191.7,550.0,46.0205,2.7658,2.868,1.895
C,12,X-line,78,194.2,550.0,46.1426,2.7732,2.8754,1.901
C,12,X-line,79,196.7,550.0,46.3867,2.7878,2.89,1.858
C,12,X-line,80,199.2,550.0,46.5088,2.7952,2.8974,2.023
C,12,X-line,81,201.7,550.0,46.6309,2.8025,2.9047,2.057
C,12,X-line,82,204.2,550.0,46.6309,2.8025,2.9047,2.064
C,12,X-line,83,206.7,550.0,46.6309,2.8025,2.9047,1.939
C,12,X-line,84,209.2,550.0,46.6309,2.8025,2.9047,1.967
C,12,X-line,85,211.7,550.0,46.6309,2.8025,2.9047,1.816
C,12,X-line,86,214.1,550.0,46.6309,2.8025,2.9047,1.816
C,12,X-line,87,216.6,550.0,46.6309,2.8025,2.9047,1.797
C,12,X-line,88,219.1,550.0,46.6309,2.8025,2.9047,1.779
C,12,X-line,89,221.6,550.0,46.6309,2.8025,2.9047,1.73
C,12,X-line,90,224.1,550.0,46.6309,2.8025,2.9047,1.657
C,12,X-line,91,226.6,550.0,46.6309,2.8025,2.9047,1.669
C,12,X-line,92,229.1,550.0,46.875,2.8172,2.9194,1.774
C,12,X-line,93,231.6,550.0,46.9971,2.8245,2.9267,1.877
C,12,X-line,94,234.1,550.0,47.1191,2.8319,2.9341,1.865
C,12,X-line,95,236.6,550.0,47.1191,2.8319,2.9341,1.842
C,12,X-line,96,239.0,550.0,47.2412,2.8392,2.9414,1.852
C,12,X-line,97,241.5,550.0,47.3633,2.8465,2.9487,1.849
C,12,X-line,98,244.0,550.0,47.6074,2.8612,2.9634,1.817
C,12,X-line,99,246.5,550.0,47.6074,2.8612,2.9634,1.769
C,12,X-line,100,249.0,550.0,47.7295,2.8685,2.9707,1.733
C,12,X-line,101,251.5,550.0,47.7295,2.8685,2.9707,1.707
C,12,X-line,102,254.0,550.0,47.7295,2.8685,2.9707,1.731
C,12,X-line,103,256.5,550.0,47.7295,2.8685,2.9707,1.786
C,12,X-line,104,259.0,550.0,47.7295,2.8685,2.9707,1.818
C,12,X-line,105,261.5,550.0,47.7295,2.8685,2.9707,1.793
C,12,X-line,106,263.9,550.0,47.7295,2.8685,2.9707,1.893
C,12,X-line,107,266.4,550.0,47.7295,2.8685,2.9707,1.696
C,12,X-line,108,268.9,550.0,47.7295,2.8685,2.9707,1.63
C,12,X-line,109,271.4,550.0,47.7295,2.8685,2.9707,1.398
C,12,X-line,110,273.9,550.0,47.9736,2.8832,2.9854,1.191
C,12,X-line,111,276.4,550.0,47.9736,2.8832,2.9854,1.24
C,12,X-line,112,278.9,550.0,47.9736,2.8832,2.9854,1.404
C,12,X-line,113,281.4,550.0,47.9736,2.8832,2.9854,1.473
C,12,X-line,114,283.9,550.0,47.9736,2.8832,2.9854,1.567
C,12,X-line,115,286.4,550.0,47.9736,2.8832,2.9854,1.684
C,12,X-line,116,288.8,550.0,47.9736,2.8832,2.9854,1.785
C,12,X-line,117,291.3,550.0,47.9736,2.8832,2.9854,1.789
C,12,X-line,118,293.8,550.0,47.9736,2.8832,2.9854,1.869
C,12,X-line,119,296.3,550.0,47.9736,2.8832,2.9854,1.951
C,12,X-line,120,298.8,550.0,47.9736,2.8832,2.9854,1.985
C,12,X-line,121,301.3,550.0,47.9736,2.8832,2.9854,2.047
C,12,X-line,122,303.8,550.0,47.9736,2.8832,2.9854,2.11
C,12,X-line,123,306.3,550.0,47.9736,2.8832,2.9854,2.112
C,12,X-line,124,308.8,550.0,47.9736,2.8832,2.9854,2.077
C,12,X-line,125,311.2,550.0,47.9736,2.8832,2.9854,1.994
C,12,X-line,126,313.7,550.0,47.9736,2.8832,2.9854,1.865
C,12,X-line,127,316.2,550.0,47.9736,2.8832,2.9854,1.797
C,12,X-line,128,318.7,550.0,47.9736,2.8832,2.9854,1.629
C,12,X-line,129,321.2,550.0,47.9736,2.8832,2.9854,1.402
C,12,X-line,130,323.7,550.0,47.9736,2.8832,2.9854,1.309
C,12,X-line,131,326.2,550.0,47.7295,2.8685,2.9707,0.826
C,12,X-line,132,328.7,550.0,47.4853,2.8539,2.9561,0.287
C,12,X-line,133,331.2,550.0,47.2412,2.8392,2.9414,0.485
C,12,X-line,134,333.7,550.0,46.9971,2.8245,2.9267,1.228
C,12,X-line,135,336.2,550.0,46.9971,2.8245,2.9267,1.464
C,12,X-line,136,338.6,550.0,46.9971,2.8245,2.9267,1.716
C,12,X-line,137,341.1,550.0,46.9971,2.8245,2.9267,1.74
C,12,X-line,138,343.6,550.0,46.9971,2.8245,2.9267,2.004
C,12,X-line,139,346.1,550.0,46.9971,2.8245,2.9267,1.975
C,12,X-line,140,348.6,550.0,46.9971,2.8245,2.9267,2.012
C,12,X-line,141,351.1,550.0,46.9971,2.8245,2.9267,2.209
C,12,X-line,142,353.6,550.0,46.9971,2.8245,2.9267,2.226
C,12,X-line,143,356.1,550.0,46.9971,2.8245,2.9267,2.198
C,12,X-line,144,358.6,550.0,46.9971,2.8245,2.9267,2.088
C,12,X-line,145,361.1,550.0,47.1191,2.8319,2.9341,2.215
C,12,X-line,146,363.5,550.0,47.1191,2.8319,2.9341,2.208
C,12,X-line,147,366.0,550.0,47.2412,2.8392,2.9414,2.041
C,12,X-line,148,368.5,550.0,47.2412,2.8392,2.9414,2.115
C,12,X-line,149,371.0,550.0,47.2412,2.8392,2.9414,2.235
C,12,X-line,150,373.5,550.0,47.2412,2.8392,2.9414,2.248
C,12,X-line,151,376.0,550.0,47.2412,2.8392,2.9414,2.18
C,12,X-line,152,378.5,550.0,47.2412,2.8392,2.9414,2.217
C,12,X-line,153,381.0,550.0,47.2412,2.8392,2.9414,2.232
C,12,X-line,154,383.5,550.0,47.2412,2.8392,2.9414,2.253
C,12,X-line,155,386.0,550.0,47.3633,2.8465,2.9487,2.078
C,12,X-line,156,388.4,550.0,47.3633,2.8465,2.9487,1.985
C,12,X-line,157,390.9,550.0,47.3633,2.8465,2.9487,1.92
C,12,X-line,158,393.4,550.0,47.3633,2.8465,2.9487,2.111
C,12,X-line,159,395.9,550.0,47.4853,2.8539,2.9561,2.287
C,12,X-line,160,398.4,550.0,47.6074,2.8612,2.9634,2.29
C,12,X-line,161,400.9,550.0,47.7295,2.8685,2.9707,2.082
C,12,X-line,162,403.4,550.0,47.7295,2.8685,2.9707,1.901
C,12,X-line,163,405.9,550.0,47.8516,2.8759,2.9781,2.261
C,12,X-line,164,408.4,550.0,47.8516,2.8759,2.9781,2.284
C,12,X-line,165,410.9,550.0,48.0957,2.8906,2.9928,2.169
C,12,X-line,166,413.3,550.0,48.0957,2.8906,2.9928,2.186
C,12,X-line,167,415.8,550.0,48.2178,2.8979,3.0001,2.062
C,12,X-line,168,418.3,550.0,48.4619,2.9126,3.0148,2.181
C,12,X-line,169,420.8,550.0,48.584,2.9199,3.0221,2.029
C,12,X-line,170,423.3,550.0,48.584,2.9199,3.0221,2.324
C,12,X-line,171,425.8,550.0,48.706,2.9272,3.0294,2.256
C,12,X-line,172,428.3,550.0,48.706,2.9272,3.0294,2.264
C,12,X-line,173,430.8,550.0,48.706,2.9272,3.0294,2.204
C,12,X-line,174,433.3,550.0,48.8281,2.9346,3.0368,1.92
C,12,X-line,175,435.8,550.0,48.8281,2.9346,3.0368,1.813
C,12,X-line,176,438.2,550.0,49.0723,2.9492,3.0514,1.781
C,12,X-line,177,440.7,550.0,49.1943,2.9566,3.0588,1.766
C,12,X-line,178,443.2,550.0,49.1943,2.9566,3.0588,1.851
C,12,X-line,179,445.7,550.0,49.3164,2.9639,3.0661,1.88
C,12,X-line,180,448.2,550.0,49.4385,2.9713,3.0735,1.818
C,12,X-line,181,450.7,550.0,49.6826,2.9859,3.0881,1.765
C,12,X-line,182,453.2,550.0,49.6826,2.9859,3.0881,1.716
C,12,X-line,183,455.7,550.0,49.8047,2.9933,3.0955,1.892
C,12,X-line,184,458.2,550.0,49.8047,2.9933,3.0955,1.734
C,12,X-line,185,460.7,550.0,49.8047,2.9933,3.0955,1.717
C,12,X-line,186,463.1,550.0,49.8047,2.9933,3.0955,1.571
C,12,X-line,187,465.6,550.0,49.8047,2.9933,3.0955,1.455
C,12,X-line,188,468.1,550.0,49.8047,2.9933,3.0955,1.526
C,12,X-line,189,470.6,550.0,49.8047,2.9933,3.0955,1.59
C,12,X-line,190,473.1,550.0,49.8047,2.9933,3.0955,1.531
C,12,X-line,191,475.6,550.0,49.8047,2.9933,3.0955,1.427
C,12,X-line,192,478.1,550.0,49.8047,2.9933,3.0955,1.56
C,12,X-line,193,480.6,550.0,49.8047,2.9933,3.0955,1.447
C,12,X-line,194,483.1,550.0,49.8047,2.9933,3.0955,0.861
C,12,X-line,195,485.6,550.0,49.8047,2.9933,3.0955,1.147
C,12,X-line,196,488.0,550.0,49.8047,2.9933,3.0955,0.926
C,12,X-line,197,490.5,550.0,49.8047,2.9933,3.0955,0.937
C,12,X-line,198,493.0,550.0,49.8047,2.9933,3.0955,0.969
C,12,X-line,199,495.5,550.0,49.8047,2.9933,3.0955,1.079
C,12,X-line,200,498.0,550.0,49.9268,3.0006,3.1028,1.149
C,12,X-line,201,500.5,550.0,49.9268,3.0006,3.1028,1.087
C,12,X-line,202,503.0,550.0,50.1709,3.0153,3.1175,1.164
C,12,X-line,203,505.5,550.0,50.415,3.0299,3.1321,1.011
C,12,X-line,204,508.0,550.0,50.6592,3.0446,3.1468,0.928
C,12,X-line,205,510.5,550.0,50.9033,3.0593,3.1615,1.137
C,12,X-line,206,512.9,550.0,50.9033,3.0593,3.1615,1.138
C,12,X-line,207,515.4,550.0,50.9033,3.0593,3.1615,1.368
C,12,X-line,208,517.9,550.0,50.9033,3.0593,3.1615,1.541
C,12,X-line,209,520.4,550.0,50.9033,3.0593,3.1615,1.594
C,12,X-line,210,522.9,550.0,50.9033,3.0593,3.1615,1.935
C,12,X-line,211,525.4,550.0,50.9033,3.0593,3.1615,1.942
C,12,X-line,212,527.9,550.0,50.9033,3.0593,3.1615,2.172
C,12,X-line,213,530.4,550.0,50.9033,3.0593,3.1615,2.087
C,12,X-line,214,532.9,550.0,50.9033,3.0593,3.1615,1.899
C,12,X-line,215,535.4,550.0,50.9033,3.0593,3.1615,1.713
C,12,X-line,216,537.8,550.0,50.9033,3.0593,3.1615,1.569
C,12,X-line,217,540.3,550.0,50.9033,3.0593,3.1615,1.16
C,12,X-line,218,542.8,550.0,50.9033,3.0593,3.1615,0.999
C,12,X-line,219,545.3,550.0,50.9033,3.0593,3.1615,0.81
C,12,X-line,220,547.8,550.0,50.9033,3.0593,3.1615,0.905
C,12,X-line,221,550.3,550.0,50.9033,3.0593,3.1615,0.938
C,12,X-line,222,552.8,550.0,50.9033,3.0593,3.1615,1.186
C,12,X-line,223,555.3,550.0,50.9033,3.0593,3.1615,1.345
C,12,X-line,224,557.8,550.0,50.9033,3.0593,3.1615,1.558
C,12,X-line,225,560.2,550.0,50.9033,3.0593,3.1615,1.473
C,12,X-line,226,562.7,550.0,50.9033,3.0593,3.1615,1.433
C,12,X-line,227,565.2,550.0,50.9033,3.0593,3.1615,1.538
C,12,X-line,228,567.7,550.0,50.9033,3.0593,3.1615,1.524
C,12,X-line,229,570.2,550.0,51.0254,3.0666,3.1688,1.51
C,12,X-line,230,572.7,550.0,51.2695,3.0813,3.1835,1.028
C,12,X-line,231,575.2,550.0,51.5137,3.096,3.1982,0.965
C,12,X-line,232,577.7,550.0,51.7578,3.1106,3.2128,1.174
C,12,X-line,233,580.2,550.0,52.0019,3.1253,3.2275,1.304
C,12,X-line,234,582.7,550.0,52.2461,3.14,3.2422,1.351
C,12,X-line,235,585.2,550.0,52.4902,3.1547,3.2569,1.207
C,12,X-line,236,587.6,550.0,52.7344,3.1693,3.2715,1.422
C,12,X-line,237,590.1,550.0,52.9785,3.184,3.2862,1.641
C,12,X-line,238,592.6,550.0,52.9785,3.184,3.2862,1.85
C,12,X-line,239,595.1,550.0,52.9785,3.184,3.2862,1.92
C,12,X-line,240,597.6,550.0,52.9785,3.184,3.2862,1.696
C,12,X-line,241,600.1,550.0,52.9785,3.184,3.2862,1.842
C,12,X-line,242,602.6,550.0,52.9785,3.184,3.2862,1.844
C,12,X-line,243,605.1,550.0,52.9785,3.184,3.2862,1.619
C,12,X-line,244,607.6,550.0,52.9785,3.184,3.2862,1.152
C,12,X-line,245,610.1,550.0,52.9785,3.184,3.2862,1.053
C,12,X-line,246,612.5,550.0,52.9785,3.184,3.2862,0.987
C,12,X-line,247,615.0,550.0,52.8564,3.1767,3.2789,1.061
C,12,X-line,248,617.5,550.0,52.8564,3.1767,3.2789,1.137
C,12,X-line,249,620.0,550.0,52.8564,3.1767,3.2789,1.214
C,12,X-line,250,622.5,550.0,52.8564,3.1767,3.2789,1.47
C,12,X-line,251,625.0,550.0,52.8564,3.1767,3.2789,1.31
C,12,X-line,252,627.5,550.0,52.8564,3.1767,3.2789,1.088
C,12,X-line,253,630.0,550.0,52.8564,3.1767,3.2789,0.88
C,12,X-line,254,632.5,550.0,52.8564,3.1767,3.2789,0.721
C,12,X-line,255,635.0,550.0,52.8564,3.1767,3.2789,1.103
C,12,X-line,256,637.4,550.0,52.8564,3.1767,3.2789,1.543
C,12,X-line,257,639.9,550.0,52.8564,3.1767,3.2789,1.959
C,12,X-line,258,642.4,550.0,52.8564,3.1767,3.2789,1.694
C,12,X-line,259,644.9,550.0,52.9785,3.184,3.2862,0.809
C,12,X-line,260,647.4,550.0,53.2227,3.1987,3.3009,1.403
C,12,X-line,261,649.9,550.0,53.4668,3.2134,3.3156,1.576
C,12,X-line,262,652.4,550.0,53.4668,3.2134,3.3156,1.723
C,12,X-line,263,654.9,550.0,53.7109,3.228,3.3302,1.716
C,12,X-line,264,657.4,550.0,53.7109,3.228,3.3302,1.344
C,12,X-line,265,659.9,550.0,53.7109,3.228,3.3302,1.008
C,12,X-line,266,662.3,550.0,53.7109,3.228,3.3302,0.477
C,12,X-line,267,664.8,550.0,53.7109,3.228,3.3302,1.087
C,12,X-line,268,667.3,550.0,53.7109,3.228,3.3302,0.854
C,13,X-line,0,0.0,600.0,54.3213,3.2647,2.9744,1.975
C,13,X-line,1,2.5,600.0,54.3213,3.2647,2.9744,1.926
C,13,X-line,2,5.0,600.0,54.3213,3.2647,2.9744,2.073
C,13,X-line,3,7.5,600.0,54.3213,3.2647,2.9744,2.093
C,13,X-line,4,10.0,600.0,54.3213,3.2647,2.9744,1.886
C,13,X-line,5,12.5,600.0,54.4434,3.272,2.9817,1.98
C,13,X-line,6,14.9,600.0,54.6875,3.2867,2.9964,1.81
C,13,X-line,7,17.4,600.0,54.6875,3.2867,2.9964,1.701
C,13,X-line,8,19.9,600.0,54.9316,3.3014,3.0111,1.524
C,13,X-line,9,22.4,600.0,55.1758,3.3161,3.0258,1.649
C,13,X-line,10,24.9,600.0,55.1758,3.3161,3.0258,1.713
C,13,X-line,11,27.4,600.0,55.2978,3.3234,3.0331,1.672
C,13,X-line,12,29.9,600.0,55.2978,3.3234,3.0331,1.81
C,13,X-line,13,32.4,600.0,55.4199,3.3307,3.0404,1.83
C,13,X-line,14,34.9,600.0,55.4199,3.3307,3.0404,1.866
C,13,X-line,15,37.4,600.0,55.4199,3.3307,3.0404,1.857
C,13,X-line,16,39.8,600.0,55.4199,3.3307,3.0404,1.802
C,13,X-line,17,42.3,600.0,55.4199,3.3307,3.0404,1.894
C,13,X-line,18,44.8,600.0,55.4199,3.3307,3.0404,1.956
C,13,X-line,19,47.3,600.0,55.542,3.3381,3.0478,1.826
C,13,X-line,20,49.8,600.0,55.542,3.3381,3.0478,1.915
C,13,X-line,21,52.3,600.0,55.6641,3.3454,3.0551,1.893
C,13,X-line,22,54.8,600.0,55.6641,3.3454,3.0551,1.821
C,13,X-line,23,57.3,600.0,55.9082,3.3601,3.0698,1.791
C,13,X-line,24,59.8,600.0,55.9082,3.3601,3.0698,1.759
C,13,X-line,25,62.3,600.0,56.0303,3.3674,3.0771,1.697
C,13,X-line,26,64.7,600.0,56.1523,3.3748,3.0845,1.69
C,13,X-line,27,67.2,600.0,56.1523,3.3748,3.0845,1.631
C,13,X-line,28,69.7,600.0,56.3965,3.3894,3.0991,1.8
C,13,X-line,29,72.2,600.0,56.3965,3.3894,3.0991,1.773
C,13,X-line,30,74.7,600.0,56.3965,3.3894,3.0991,1.84
C,13,X-line,31,77.2,600.0,56.3965,3.3894,3.0991,2.059
C,13,X-line,32,79.7,600.0,56.3965,3.3894,3.0991,2.266
C,13,X-line,33,82.2,600.0,56.3965,3.3894,3.0991,2.843
C,13,X-line,34,84.7,600.0,56.3965,3.3894,3.0991,2.446
C,13,X-line,35,87.2,600.0,56.6406,3.4041,3.1138,1.981
C,13,X-line,36,89.6,600.0,56.8848,3.4188,3.1285,1.473
C,13,X-line,37,92.1,600.0,57.1289,3.4334,3.1431,1.575
C,13,X-line,38,94.6,600.0,57.373,3.4481,3.1578,1.673
C,13,X-line,39,97.1,600.0,57.6172,3.4628,3.1725,1.818
C,13,X-line,40,99.6,600.0,57.7393,3.4701,3.1798,1.886
C,13,X-line,41,102.1,600.0,57.7393,3.4701,3.1798,1.901
C,13,X-line,42,104.6,600.0,57.8613,3.4775,3.1872,1.941
C,13,X-line,43,107.1,600.0,57.8613,3.4775,3.1872,1.945
C,13,X-line,44,109.6,600.0,57.8613,3.4775,3.1872,1.961
C,13,X-line,45,112.1,600.0,57.9834,3.4848,3.1945,1.983
C,13,X-line,46,114.5,600.0,57.9834,3.4848,3.1945,1.953
C,13,X-line,47,117.0,600.0,57.9834,3.4848,3.1945,1.919
C,13,X-line,48,119.5,600.0,58.1055,3.4921,3.2018,1.941
C,13,X-line,49,122.0,600.0,58.1055,3.4921,3.2018,1.895
C,13,X-line,50,124.5,600.0,58.3496,3.5068,3.2165,1.817
C,13,X-line,51,127.0,600.0,58.4717,3.5141,3.2238,1.789
C,13,X-line,52,129.5,600.0,58.4717,3.5141,3.2238,1.722
C,13,X-line,53,132.0,600.0,58.4717,3.5141,3.2238,1.743
C,13,X-line,54,134.5,600.0,58.4717,3.5141,3.2238,1.743
C,13,X-line,55,137.0,600.0,58.4717,3.5141,3.2238,1.7
C,13,X-line,56,139.4,600.0,58.4717,3.5141,3.2238,1.731
C,13,X-line,57,141.9,600.0,58.4717,3.5141,3.2238,1.705
C,13,X-line,58,144.4,600.0,58.4717,3.5141,3.2238,1.695
C,13,X-line,59,146.9,600.0,58.4717,3.5141,3.2238,1.699
C,13,X-line,60,149.4,600.0,58.4717,3.5141,3.2238,1.647
C,13,X-line,61,151.9,600.0,58.4717,3.5141,3.2238,1.767
C,13,X-line,62,154.4,600.0,58.5937,3.5215,3.2312,1.689
C,13,X-line,63,156.9,600.0,58.8379,3.5362,3.2459,1.905
C,13,X-line,64,159.4,600.0,58.8379,3.5362,3.2459,1.954
C,13,X-line,65,161.9,600.0,58.8379,3.5362,3.2459,1.993
C,13,X-line,66,164.3,600.0,58.96,3.5435,3.2532,2.009
C,13,X-line,67,166.8,600.0,59.082,3.5508,3.2605,1.982
C,13,X-line,68,169.3,600.0,59.082,3.5508,3.2605,1.982
C,13,X-line,69,171.8,600.0,59.082,3.5508,3.2605,1.977
C,13,X-line,70,174.3,600.0,59.2041,3.5582,3.2679,1.934
C,13,X-line,71,176.8,600.0,59.2041,3.5582,3.2679,1.913
C,13,X-line,72,179.3,600.0,59.2041,3.5582,3.2679,1.925
C,13,X-line,73,181.8,600.0,59.2041,3.5582,3.2679,1.961
C,13,X-line,74,184.3,600.0,59.2041,3.5582,3.2679,1.95
C,13,X-line,75,186.8,600.0,59.2041,3.5582,3.2679,1.894
C,13,X-line,76,189.2,600.0,59.2041,3.5582,3.2679,1.821
C,13,X-line,77,191.7,600.0,59.2041,3.5582,3.2679,1.756
C,13,X-line,78,194.2,600.0,59.2041,3.5582,3.2679,1.676
C,13,X-line,79,196.7,600.0,59.4482,3.5728,3.2825,1.577
C,13,X-line,80,199.2,600.0,59.5703,3.5802,3.2899,1.599
C,13,X-line,81,201.7,600.0,59.5703,3.5802,3.2899,1.527
C,13,X-line,82,204.2,600.0,59.5703,3.5802,3.2899,1.567
C,13,X-line,83,206.7,600.0,59.5703,3.5802,3.2899,1.55
C,13,X-line,84,209.2,600.0,59.5703,3.5802,3.2899,1.634
C,13,X-line,85,211.7,600.0,59.5703,3.5802,3.2899,1.448
C,13,X-line,86,214.1,600.0,59.5703,3.5802,3.2899,1.437
C,13,X-line,87,216.6,600.0,59.5703,3.5802,3.2899,1.394
C,13,X-line,88,219.1,600.0,59.5703,3.5802,3.2899,1.217
C,13,X-line,89,221.6,600.0,59.5703,3.5802,3.2899,1.18
C,13,X-line,90,224.1,600.0,59.5703,3.5802,3.2899,1.139
C,13,X-line,91,226.6,600.0,59.5703,3.5802,3.2899,1.018
C,13,X-line,92,229.1,600.0,59.5703,3.5802,3.2899,0.992
C,13,X-line,93,231.6,600.0,59.5703,3.5802,3.2899,1.001
C,13,X-line,94,234.1,600.0,59.5703,3.5802,3.2899,0.883
C,13,X-line,95,236.6,600.0,59.5703,3.5802,3.2899,1.047
C,13,X-line,96,239.0,600.0,59.3262,3.5655,3.2752,0.973
C,13,X-line,97,241.5,600.0,59.082,3.5508,3.2605,1.14
C,13,X-line,98,244.0,600.0,59.082,3.5508,3.2605,1.258
C,13,X-line,99,246.5,600.0,59.082,3.5508,3.2605,1.426
C,13,X-line,100,249.0,600.0,59.082,3.5508,3.2605,1.468
C,13,X-line,101,251.5,600.0,59.082,3.5508,3.2605,1.611
C,13,X-line,102,254.0,600.0,59.082,3.5508,3.2605,1.615
C,13,X-line,103,256.5,600.0,59.082,3.5508,3.2605,1.634
C,13,X-line,104,259.0,600.0,59.082,3.5508,3.2605,1.744
C,13,X-line,105,261.5,600.0,59.082,3.5508,3.2605,1.922
C,13,X-line,106,263.9,600.0,59.082,3.5508,3.2605,1.773
C,13,X-line,107,266.4,600.0,58.8379,3.5362,3.2459,1.709
C,13,X-line,108,268.9,600.0,58.8379,3.5362,3.2459,1.729
C,13,X-line,109,271.4,600.0,58.8379,3.5362,3.2459,2.018
C,13,X-line,110,273.9,600.0,58.8379,3.5362,3.2459,2.09
C,13,X-line,111,276.4,600.0,58.8379,3.5362,3.2459,2.143
C,13,X-line,112,278.9,600.0,58.8379,3.5362,3.2459,2.296
C,13,X-line,113,281.4,600.0,58.7158,3.5288,3.2385,1.856
C,13,X-line,114,283.9,600.0,58.4717,3.5141,3.2238,1.886
C,13,X-line,115,286.4,600.0,58.2275,3.4995,3.2092,1.916
C,13,X-line,116,288.8,600.0,58.2275,3.4995,3.2092,1.725
C,13,X-line,117,291.3,600.0,58.1055,3.4921,3.2018,2.096
C,13,X-line,118,293.8,600.0,58.1055,3.4921,3.2018,1.793
C,13,X-line,119,296.3,600.0,58.1055,3.4921,3.2018,2.167
C,13,X-line,120,298.8,600.0,58.1055,3.4921,3.2018,1.753
C,13,X-line,121,301.3,600.0,58.1055,3.4921,3.2018,1.943
C,13,X-line,122,303.8,600.0,58.1055,3.4921,3.2018,1.909
C,13,X-line,123,306.3,600.0,58.1055,3.4921,3.2018,1.844
C,13,X-line,124,308.8,600.0,58.1055,3.4921,3.2018,1.736
C,13,X-line,125,311.2,600.0,58.1055,3.4921,3.2018,1.775
C,13,X-line,126,313.7,600.0,58.1055,3.4921,3.2018,1.445
C,13,X-line,127,316.2,600.0,58.1055,3.4921,3.2018,1.328
C,13,X-line,128,318.7,600.0,58.1055,3.4921,3.2018,1.37
C,13,X-line,129,321.2,600.0,58.1055,3.4921,3.2018,1.389
C,13,X-line,130,323.7,600.0,58.1055,3.4921,3.2018,1.25
C,13,X-line,131,326.2,600.0,58.1055,3.4921,3.2018,1.301
C,13,X-line,132,328.7,600.0,58.1055,3.4921,3.2018,1.402
C,13,X-line,133,331.2,600.0,58.1055,3.4921,3.2018,1.417
C,13,X-line,134,333.7,600.0,58.1055,3.4921,3.2018,1.4
C,13,X-line,135,336.2,600.0,58.1055,3.4921,3.2018,1.575
C,13,X-line,136,338.6,600.0,58.1055,3.4921,3.2018,1.493
C,13,X-line,137,341.1,600.0,57.8613,3.4775,3.1872,1.327
C,13,X-line,138,343.6,600.0,57.6172,3.4628,3.1725,1.41
C,13,X-line,139,346.1,600.0,57.373,3.4481,3.1578,1.393
C,13,X-line,140,348.6,600.0,57.1289,3.4334,3.1431,1.311
C,13,X-line,141,351.1,600.0,57.1289,3.4334,3.1431,1.35
C,13,X-line,142,353.6,600.0,57.1289,3.4334,3.1431,1.499
C,13,X-line,143,356.1,600.0,57.1289,3.4334,3.1431,1.565
C,13,X-line,144,358.6,600.0,57.1289,3.4334,3.1431,1.457
C,13,X-line,145,361.1,600.0,57.1289,3.4334,3.1431,1.564
C,13,X-line,146,363.5,600.0,57.1289,3.4334,3.1431,1.592
C,13,X-line,147,366.0,600.0,57.1289,3.4334,3.1431,1.658
C,13,X-line,148,368.5,600.0,57.1289,3.4334,3.1431,1.71
C,13,X-line,149,371.0,600.0,57.1289,3.4334,3.1431,1.738
C,13,X-line,150,373.5,600.0,57.1289,3.4334,3.1431,1.857
C,13,X-line,151,376.0,600.0,57.1289,3.4334,3.1431,2.042
C,13,X-line,152,378.5,600.0,57.1289,3.4334,3.1431,1.886
C,13,X-line,153,381.0,600.0,57.1289,3.4334,3.1431,1.648
C,13,X-line,154,383.5,600.0,57.1289,3.4334,3.1431,1.74
C,13,X-line,155,386.0,600.0,57.1289,3.4334,3.1431,1.8
C,13,X-line,156,388.4,600.0,57.1289,3.4334,3.1431,1.727
C,13,X-line,157,390.9,600.0,57.1289,3.4334,3.1431,1.788
C,13,X-line,158,393.4,600.0,57.1289,3.4334,3.1431,1.8
C,13,X-line,159,395.9,600.0,57.1289,3.4334,3.1431,1.791
C,13,X-line,160,398.4,600.0,57.1289,3.4334,3.1431,1.742
C,13,X-line,161,400.9,600.0,57.1289,3.4334,3.1431,1.709
C,13,X-line,162,403.4,600.0,57.1289,3.4334,3.1431,1.828
C,13,X-line,163,405.9,600.0,57.1289,3.4334,3.1431,1.702
C,13,X-line,164,408.4,600.0,57.1289,3.4334,3.1431,1.73
C,13,X-line,165,410.9,600.0,57.0068,3.4261,3.1358,1.589
C,13,X-line,166,413.3,600.0,56.8848,3.4188,3.1285,1.386
C,13,X-line,167,415.8,600.0,56.6406,3.4041,3.1138,1.308
C,13,X-line,168,418.3,600.0,56.3965,3.3894,3.0991,1.405
C,13,X-line,169,420.8,600.0,56.1523,3.3748,3.0845,1.378
C,13,X-line,170,423.3,600.0,56.1523,3.3748,3.0845,1.467
C,13,X-line,171,425.8,600.0,56.1523,3.3748,3.0845,1.53
C,13,X-line,172,428.3,600.0,56.1523,3.3748,3.0845,1.594
C,13,X-line,173,430.8,600.0,56.1523,3.3748,3.0845,1.649
C,13,X-line,174,433.3,600.0,56.1523,3.3748,3.0845,1.804
C,13,X-line,175,435.8,600.0,56.1523,3.3748,3.0845,1.731
C,13,X-line,176,438.2,600.0,56.1523,3.3748,3.0845,1.689
C,13,X-line,177,440.7,600.0,56.1523,3.3748,3.0845,1.683
C,13,X-line,178,443.2,600.0,56.1523,3.3748,3.0845,1.755
C,13,X-line,179,445.7,600.0,55.9082,3.3601,3.0698,1.659
C,13,X-line,180,448.2,600.0,55.6641,3.3454,3.0551,1.648
C,13,X-line,181,450.7,600.0,55.4199,3.3307,3.0404,1.702
C,13,X-line,182,453.2,600.0,55.2978,3.3234,3.0331,1.799
C,13,X-line,183,455.7,600.0,55.0537,3.3087,3.0184,1.908
C,13,X-line,184,458.2,600.0,55.0537,3.3087,3.0184,1.848
C,13,X-line,185,460.7,600.0,54.9316,3.3014,3.0111,2.147
C,13,X-line,186,463.1,600.0,54.8096,3.2941,3.0038,2.105
C,13,X-line,187,465.6,600.0,54.6875,3.2867,2.9964,1.912
C,13,X-line,188,468.1,600.0,54.6875,3.2867,2.9964,1.763
C,13,X-line,189,470.6,600.0,54.4434,3.272,2.9817,1.448
C,13,X-line,190,473.1,600.0,54.1992,3.2574,2.9671,1.396
C,13,X-line,191,475.6,600.0,54.1992,3.2574,2.9671,1.349
C,13,X-line,192,478.1,600.0,54.1992,3.2574,2.9671,1.176
C,13,X-line,193,480.6,600.0,54.1992,3.2574,2.9671,1.306
C,13,X-line,194,483.1,600.0,54.1992,3.2574,2.9671,1.348
C,13,X-line,195,485.6,600.0,54.1992,3.2574,2.9671,1.517
C,13,X-line,196,488.0,600.0,54.1992,3.2574,2.9671,1.494
C,13,X-line,197,490.5,600.0,54.1992,3.2574,2.9671,1.505
C,13,X-line,198,493.0,600.0,54.0771,3.25,2.9597,1.605
C,13,X-line,199,495.5,600.0,54.0771,3.25,2.9597,1.629
C,13,X-line,200,498.0,600.0,54.0771,3.25,2.9597,1.592
C,13,X-line,201,500.5,600.0,54.0771,3.25,2.9597,1.519
C,13,X-line,202,503.0,600.0,53.833,3.2354,2.9451,1.534
C,13,X-line,203,505.5,600.0,53.5889,3.2207,2.9304,1.535
C,13,X-line,204,508.0,600.0,53.3447,3.206,2.9157,1.662
C,13,X-line,205,510.5,600.0,53.1006,3.1913,2.901,1.666
C,13,X-line,206,512.9,600.0,53.1006,3.1913,2.901,1.609
C,13,X-line,207,515.4,600.0,52.8564,3.1767,2.8864,1.694
C,13,X-line,208,517.9,600.0,52.8564,3.1767,2.8864,1.641
C,13,X-line,209,520.4,600.0,52.6123,3.162,2.8717,1.67
C,13,X-line,210,522.9,600.0,52.3682,3.1473,2.857,1.606
C,13,X-line,211,525.4,600.0,52.124,3.1327,2.8424,1.518
C,13,X-line,212,527.9,600.0,51.8799,3.118,2.8277,1.437
C,13,X-line,213,530.4,600.0,51.6357,3.1033,2.813,1.458
C,13,X-line,214,532.9,600.0,51.6357,3.1033,2.813,1.447
C,13,X-line,215,535.4,600.0,51.6357,3.1033,2.813,1.51
C,13,X-line,216,537.8,600.0,51.6357,3.1033,2.813,1.584
C,13,X-line,217,540.3,600.0,51.6357,3.1033,2.813,1.54
C,13,X-line,218,542.8,600.0,51.6357,3.1033,2.813,1.62
C,13,X-line,219,545.3,600.0,51.6357,3.1033,2.813,1.596
C,13,X-line,220,547.8,600.0,51.6357,3.1033,2.813,1.575
C,13,X-line,221,550.3,600.0,51.6357,3.1033,2.813,1.556
C,13,X-line,222,552.8,600.0,51.6357,3.1033,2.813,1.493
C,13,X-line,223,555.3,600.0,51.6357,3.1033,2.813,1.496
C,13,X-line,224,557.8,600.0,51.6357,3.1033,2.813,1.479
C,13,X-line,225,560.2,600.0,51.6357,3.1033,2.813,1.559
C,13,X-line,226,562.7,600.0,51.6357,3.1033,2.813,1.593
C,13,X-line,227,565.2,600.0,51.6357,3.1033,2.813,1.648
C,13,X-line,228,567.7,600.0,51.6357,3.1033,2.813,1.746
C,13,X-line,229,570.2,600.0,51.8799,3.118,2.8277,1.66
C,13,X-line,230,572.7,600.0,52.124,3.1327,2.8424,1.473
C,13,X-line,231,575.2,600.0,52.3682,3.1473,2.857,1.019
C,13,X-line,232,577.7,600.0,52.6123,3.162,2.8717,1.028
C,13,X-line,233,580.2,600.0,52.8564,3.1767,2.8864,1.056
C,13,X-line,234,582.7,600.0,53.1006,3.1913,2.901,1.305
C,13,X-line,235,585.2,600.0,53.2227,3.1987,2.9084,1.45
C,13,X-line,236,587.6,600.0,53.2227,3.1987,2.9084,1.628
C,13,X-line,237,590.1,600.0,53.2227,3.1987,2.9084,1.666
C,13,X-line,238,592.6,600.0,53.2227,3.1987,2.9084,1.743
C,13,X-line,239,595.1,600.0,53.2227,3.1987,2.9084,1.583
C,13,X-line,240,597.6,600.0,53.2227,3.1987,2.9084,1.278
C,13,X-line,241,600.1,600.0,53.2227,3.1987,2.9084,1.293
C,13,X-line,242,602.6,600.0,53.2227,3.1987,2.9084,1.307
C,13,X-line,243,605.1,600.0,53.2227,3.1987,2.9084,1.381
C,13,X-line,244,607.6,600.0,53.2227,3.1987,2.9084,1.442
C,13,X-line,245,610.1,600.0,53.2227,3.1987,2.9084,1.464
C,13,X-line,246,612.5,600.0,53.2227,3.1987,2.9084,1.553
C,13,X-line,247,615.0,600.0,53.3447,3.206,2.9157,1.605
C,13,X-line,248,617.5,600.0,53.3447,3.206,2.9157,1.614
C,13,X-line,249,620.0,600.0,53.3447,3.206,2.9157,1.629
C,13,X-line,250,622.5,600.0,53.3447,3.206,2.9157,1.65
C,13,X-line,251,625.0,600.0,53.3447,3.206,2.9157,1.546
C,13,X-line,252,627.5,600.0,53.3447,3.206,2.9157,1.645
C,13,X-line,253,630.0,600.0,53.5889,3.2207,2.9304,1.453
C,13,X-line,254,632.5,600.0,53.833,3.2354,2.9451,1.394
C,13,X-line,255,635.0,600.0,54.0771,3.25,2.9597,1.32
C,13,X-line,256,637.4,600.0,54.0771,3.25,2.9597,1.097
C,13,X-line,257,639.9,600.0,54.0771,3.25,2.9597,0.981
C,13,X-line,258,642.4,600.0,54.0771,3.25,2.9597,1.317
C,13,X-line,259,644.9,600.0,54.0771,3.25,2.9597,1.466
C,13,X-line,260,647.4,600.0,54.0771,3.25,2.9597,1.74
C,13,X-line,261,649.9,600.0,54.0771,3.25,2.9597,1.716
C,13,X-line,262,652.4,600.0,54.1992,3.2574,2.9671,1.974
C,13,X-line,263,654.9,600.0,54.1992,3.2574,2.9671,1.714
C,13,X-line,264,657.4,600.0,54.1992,3.2574,2.9671,1.31
C,13,X-line,265,659.9,600.0,54.1992,3.2574,2.9671,1.134
C,13,X-line,266,662.3,600.0,54.1992,3.2574,2.9671,1.176
C,13,X-line,267,664.8,600.0,54.1992,3.2574,2.9671,0.641
C,13,X-line,268,667.3,600.0,54.1992,3.2574,2.9671,1.212
C,13,X-line,269,669.8,600.0,54.1992,3.2574,2.9671,0.976
C,13,X-line,270,672.3,600.0,54.1992,3.2574,2.9671,1.563
C,13,X-line,271,674.8,600.0,54.1992,3.2574,2.9671,1.105
C,13,X-line,272,677.3,600.0,54.1992,3.2574,2.9671,1.079
C,14,X-line,0,0.0,650.0,54.4434,3.272,3.0756,2.011
C,14,X-line,1,2.5,650.0,54.4434,3.272,3.0756,1.992
C,14,X-line,2,5.0,650.0,54.4434,3.272,3.0756,2.075
C,14,X-line,3,7.5,650.0,54.4434,3.272,3.0756,2.045
C,14,X-line,4,10.0,650.0,54.4434,3.272,3.0756,2.112
C,14,X-line,5,12.5,650.0,54.4434,3.272,3.0756,2.313
C,14,X-line,6,14.9,650.0,54.4434,3.272,3.0756,2.222
C,14,X-line,7,17.4,650.0,54.4434,3.272,3.0756,2.28
C,14,X-line,8,19.9,650.0,54.4434,3.272,3.0756,2.409
C,14,X-line,9,22.4,650.0,54.4434,3.272,3.0756,2.398
C,14,X-line,10,24.9,650.0,54.4434,3.272,3.0756,2.253
C,14,X-line,11,27.4,650.0,54.6875,3.2867,3.0903,2.215
C,14,X-line,12,29.9,650.0,54.9316,3.3014,3.105,1.928
C,14,X-line,13,32.4,650.0,55.1758,3.3161,3.1197,1.946
C,14,X-line,14,34.9,650.0,55.1758,3.3161,3.1197,1.809
C,14,X-line,15,37.4,650.0,55.4199,3.3307,3.1343,1.767
C,14,X-line,16,39.8,650.0,55.4199,3.3307,3.1343,1.836
C,14,X-line,17,42.3,650.0,55.4199,3.3307,3.1343,2.049
C,14,X-line,18,44.8,650.0,55.4199,3.3307,3.1343,1.994
C,14,X-line,19,47.3,650.0,55.4199,3.3307,3.1343,1.988
C,14,X-line,20,49.8,650.0,55.6641,3.3454,3.149,1.832
C,14,X-line,21,52.3,650.0,55.6641,3.3454,3.149,1.963
C,14,X-line,22,54.8,650.0,55.6641,3.3454,3.149,1.913
C,14,X-line,23,57.3,650.0,55.6641,3.3454,3.149,1.906
C,14,X-line,24,59.8,650.0,55.9082,3.3601,3.1637,1.941
C,14,X-line,25,62.3,650.0,55.9082,3.3601,3.1637,1.833
C,14,X-line,26,64.7,650.0,55.9082,3.3601,3.1637,1.773
C,14,X-line,27,67.2,650.0,56.1523,3.3748,3.1784,1.804
C,14,X-line,28,69.7,650.0,56.3965,3.3894,3.193,1.615
C,14,X-line,29,72.2,650.0,56.6406,3.4041,3.2077,1.548
C,14,X-line,30,74.7,650.0,56.7627,3.4114,3.215,1.598
C,14,X-line,31,77.2,650.0,56.8848,3.4188,3.2224,1.666
C,14,X-line,32,79.7,650.0,57.0068,3.4261,3.2297,1.807
C,14,X-line,33,82.2,650.0,57.1289,3.4334,3.237,1.78
C,14,X-line,34,84.7,650.0,57.1289,3.4334,3.237,1.957
C,14,X-line,35,87.2,650.0,57.251,3.4408,3.2444,1.92
C,14,X-line,36,89.6,650.0,57.251,3.4408,3.2444,2.157
C,14,X-line,37,92.1,650.0,57.251,3.4408,3.2444,2.137
C,14,X-line,38,94.6,650.0,57.251,3.4408,3.2444,2.198
C,14,X-line,39,97.1,650.0,57.373,3.4481,3.2517,2.275
C,14,X-line,40,99.6,650.0,57.373,3.4481,3.2517,2.235
C,14,X-line,41,102.1,650.0,57.373,3.4481,3.2517,2.17
C,14,X-line,42,104.6,650.0,57.6172,3.4628,3.2664,2.171
C,14,X-line,43,107.1,650.0,57.7393,3.4701,3.2737,2.022
C,14,X-line,44,109.6,650.0,57.9834,3.4848,3.2884,2.051
C,14,X-line,45,112.1,650.0,58.2275,3.4995,3.3031,2.043
C,14,X-line,46,114.5,650.0,58.2275,3.4995,3.3031,2.093
C,14,X-line,47,117.0,650.0,58.3496,3.5068,3.3104,2.215
C,14,X-line,48,119.5,650.0,58.3496,3.5068,3.3104,2.228
C,14,X-line,49,122.0,650.0,58.3496,3.5068,3.3104,2.195
C,14,X-line,50,124.5,650.0,58.3496,3.5068,3.3104,2.229
C,14,X-line,51,127.0,650.0,58.3496,3.5068,3.3104,2.186
C,14,X-line,52,129.5,650.0,58.3496,3.5068,3.3104,2.116
C,14,X-line,53,132.0,650.0,58.3496,3.5068,3.3104,1.952
C,14,X-line,54,134.5,650.0,58.3496,3.5068,3.3104,1.72
C,14,X-line,55,137.0,650.0,58.3496,3.5068,3.3104,1.581
C,14,X-line,56,139.4,650.0,58.3496,3.5068,3.3104,1.381
C,14,X-line,57,141.9,650.0,58.3496,3.5068,3.3104,1.214
C,14,X-line,58,144.4,650.0,58.3496,3.5068,3.3104,1.179
C,14,X-line,59,146.9,650.0,58.5937,3.5215,3.3251,1.232
C,14,X-line,60,149.4,650.0,58.8379,3.5362,3.3398,1.056
C,14,X-line,61,151.9,650.0,59.082,3.5508,3.3544,1.241
C,14,X-line,62,154.4,650.0,59.082,3.5508,3.3544,1.932
C,14,X-line,63,156.9,650.0,59.082,3.5508,3.3544,1.856
C,14,X-line,64,159.4,650.0,59.082,3.5508,3.3544,1.713
C,14,X-line,65,161.9,650.0,59.082,3.5508,3.3544,1.751
C,14,X-line,66,164.3,650.0,59.082,3.5508,3.3544,1.539
C,14,X-line,67,166.8,650.0,59.082,3.5508,3.3544,1.682
C,14,X-line,68,169.3,650.0,59.082,3.5508,3.3544,1.618
C,14,X-line,69,171.8,650.0,59.3262,3.5655,3.3691,1.675
C,14,X-line,70,174.3,650.0,59.3262,3.5655,3.3691,1.709
C,14,X-line,71,176.8,650.0,59.3262,3.5655,3.3691,1.596
C,14,X-line,72,179.3,650.0,59.3262,3.5655,3.3691,1.75
C,14,X-line,73,181.8,650.0,59.3262,3.5655,3.3691,1.582
C,14,X-line,74,184.3,650.0,59.3262,3.5655,3.3691,1.621
C,14,X-line,75,186.8,650.0,59.3262,3.5655,3.3691,1.541
C,14,X-line,76,189.2,650.0,59.5703,3.5802,3.3838,1.313
C,14,X-line,77,191.7,650.0,59.5703,3.5802,3.3838,1.35
C,14,X-line,78,194.2,650.0,59.5703,3.5802,3.3838,1.604
C,14,X-line,79,196.7,650.0,59.5703,3.5802,3.3838,1.577
C,14,X-line,80,199.2,650.0,59.5703,3.5802,3.3838,1.714
C,14,X-line,81,201.7,650.0,59.5703,3.5802,3.3838,1.842
C,14,X-line,82,204.2,650.0,59.5703,3.5802,3.3838,2.051
C,14,X-line,83,206.7,650.0,59.5703,3.5802,3.3838,1.965
C,14,X-line,84,209.2,650.0,59.5703,3.5802,3.3838,1.851
C,14,X-line,85,211.7,650.0,59.5703,3.5802,3.3838,1.571
C,14,X-line,86,214.1,650.0,59.5703,3.5802,3.3838,1.793
C,14,X-line,87,216.6,650.0,59.5703,3.5802,3.3838,1.423
C,14,X-line,88,219.1,650.0,59.5703,3.5802,3.3838,1.269
C,14,X-line,89,221.6,650.0,59.5703,3.5802,3.3838,1.347
C,14,X-line,90,224.1,650.0,59.5703,3.5802,3.3838,1.401
C,14,X-line,91,226.6,650.0,59.5703,3.5802,3.3838,1.223
C,14,X-line,92,229.1,650.0,59.5703,3.5802,3.3838,1.347
C,14,X-line,93,231.6,650.0,59.5703,3.5802,3.3838,1.282
C,14,X-line,94,234.1,650.0,59.5703,3.5802,3.3838,1.344
C,14,X-line,95,236.6,650.0,59.5703,3.5802,3.3838,1.291
C,14,X-line,96,239.0,650.0,59.5703,3.5802,3.3838,1.279
C,14,X-line,97,241.5,650.0,59.5703,3.5802,3.3838,1.099
C,14,X-line,98,244.0,650.0,59.5703,3.5802,3.3838,1.304
C,14,X-line,99,246.5,650.0,59.5703,3.5802,3.3838,1.4
C,14,X-line,100,249.0,650.0,59.5703,3.5802,3.3838,1.41
C,14,X-line,101,251.5,650.0,59.5703,3.5802,3.3838,1.277
C,14,X-line,102,254.0,650.0,59.5703,3.5802,3.3838,1.372
C,14,X-line,103,256.5,650.0,59.5703,3.5802,3.3838,1.422
C,14,X-line,104,259.0,650.0,59.5703,3.5802,3.3838,1.5
C,14,X-line,105,261.5,650.0,59.3262,3.5655,3.3691,1.664
C,14,X-line,106,263.9,650.0,59.082,3.5508,3.3544,1.726
C,14,X-line,107,266.4,650.0,59.082,3.5508,3.3544,1.691
C,14,X-line,108,268.9,650.0,59.082,3.5508,3.3544,2.0
C,14,X-line,109,271.4,650.0,58.8379,3.5362,3.3398,1.967
C,14,X-line,110,273.9,650.0,58.8379,3.5362,3.3398,2.07
C,14,X-line,111,276.4,650.0,58.8379,3.5362,3.3398,2.165
C,14,X-line,112,278.9,650.0,58.8379,3.5362,3.3398,2.129
C,14,X-line,113,281.4,650.0,58.8379,3.5362,3.3398,2.076
C,14,X-line,114,283.9,650.0,58.8379,3.5362,3.3398,1.953
C,14,X-line,115,286.4,650.0,58.8379,3.5362,3.3398,1.959
C,14,X-line,116,288.8,650.0,58.8379,3.5362,3.3398,1.906
C,14,X-line,117,291.3,650.0,58.8379,3.5362,3.3398,1.892
C,14,X-line,118,293.8,650.0,58.8379,3.5362,3.3398,1.929
C,14,X-line,119,296.3,650.0,58.8379,3.5362,3.3398,1.866
C,14,X-line,120,298.8,650.0,58.8379,3.5362,3.3398,1.775
C,14,X-line,121,301.3,650.0,58.8379,3.5362,3.3398,1.761
C,14,X-line,122,303.8,650.0,58.8379,3.5362,3.3398,1.797
C,14,X-line,123,306.3,650.0,58.8379,3.5362,3.3398,1.778
C,14,X-line,124,308.8,650.0,58.7158,3.5288,3.3324,1.775
C,14,X-line,125,311.2,650.0,58.7158,3.5288,3.3324,1.744
C,14,X-line,126,313.7,650.0,58.7158,3.5288,3.3324,1.784
C,14,X-line,127,316.2,650.0,58.7158,3.5288,3.3324,1.64
C,14,X-line,128,318.7,650.0,58.5937,3.5215,3.3251,1.551
C,14,X-line,129,321.2,650.0,58.3496,3.5068,3.3104,1.553
C,14,X-line,130,323.7,650.0,58.1055,3.4921,3.2957,1.511
C,14,X-line,131,326.2,650.0,57.8613,3.4775,3.2811,1.527
C,14,X-line,132,328.7,650.0,57.6172,3.4628,3.2664,1.535
C,14,X-line,133,331.2,650.0,57.6172,3.4628,3.2664,1.57
C,14,X-line,134,333.7,650.0,57.373,3.4481,3.2517,1.638
C,14,X-line,135,336.2,650.0,57.373,3.4481,3.2517,1.601
C,14,X-line,136,338.6,650.0,57.1289,3.4334,3.237,1.642
C,14,X-line,137,341.1,650.0,57.1289,3.4334,3.237,1.606
C,14,X-line,138,343.6,650.0,57.1289,3.4334,3.237,1.632
C,14,X-line,139,346.1,650.0,57.1289,3.4334,3.237,1.575
C,14,X-line,140,348.6,650.0,57.1289,3.4334,3.237,1.682
C,14,X-line,141,351.1,650.0,57.1289,3.4334,3.237,1.695
C,14,X-line,142,353.6,650.0,57.1289,3.4334,3.237,1.703
C,14,X-line,143,356.1,650.0,57.1289,3.4334,3.237,1.716
C,14,X-line,144,358.6,650.0,57.1289,3.4334,3.237,1.727
C,14,X-line,145,361.1,650.0,56.8848,3.4188,3.2224,1.86
C,14,X-line,146,363.5,650.0,56.8848,3.4188,3.2224,1.841
C,14,X-line,147,366.0,650.0,56.8848,3.4188,3.2224,1.96
C,14,X-line,148,368.5,650.0,56.6406,3.4041,3.2077,1.675
C,14,X-line,149,371.0,650.0,56.6406,3.4041,3.2077,1.817
C,14,X-line,150,373.5,650.0,56.3965,3.3894,3.193,1.672
C,14,X-line,151,376.0,650.0,56.3965,3.3894,3.193,1.763
C,14,X-line,152,378.5,650.0,56.1523,3.3748,3.1784,1.873
C,14,X-line,153,381.0,650.0,56.1523,3.3748,3.1784,1.614
C,14,X-line,154,383.5,650.0,55.9082,3.3601,3.1637,1.531
C,14,X-line,155,386.0,650.0,55.9082,3.3601,3.1637,1.722
C,14,X-line,156,388.4,650.0,55.9082,3.3601,3.1637,1.708
C,14,X-line,157,390.9,650.0,55.6641,3.3454,3.149,1.595
C,14,X-line,158,393.4,650.0,55.6641,3.3454,3.149,1.619
C,14,X-line,159,395.9,650.0,55.6641,3.3454,3.149,1.72
C,14,X-line,160,398.4,650.0,55.6641,3.3454,3.149,1.586
C,14,X-line,161,400.9,650.0,55.6641,3.3454,3.149,1.727
C,14,X-line,162,403.4,650.0,55.6641,3.3454,3.149,1.71
C,14,X-line,163,405.9,650.0,55.4199,3.3307,3.1343,1.586
C,14,X-line,164,408.4,650.0,55.4199,3.3307,3.1343,1.676
C,14,X-line,165,410.9,650.0,55.4199,3.3307,3.1343,1.762
C,14,X-line,166,413.3,650.0,55.4199,3.3307,3.1343,1.642
C,14,X-line,167,415.8,650.0,55.4199,3.3307,3.1343,1.681
C,14,X-line,168,418.3,650.0,55.4199,3.3307,3.1343,1.626
C,14,X-line,169,420.8,650.0,55.4199,3.3307,3.1343,1.558
C,14,X-line,170,423.3,650.0,55.4199,3.3307,3.1343,1.626
C,14,X-line,171,425.8,650.0,55.4199,3.3307,3.1343,1.535
C,14,X-line,172,428.3,650.0,55.4199,3.3307,3.1343,1.411
C,14,X-line,173,430.8,650.0,55.4199,3.3307,3.1343,1.388
C,14,X-line,174,433.3,650.0,55.4199,3.3307,3.1343,1.466
C,14,X-line,175,435.8,650.0,55.4199,3.3307,3.1343,1.151
C,14,X-line,176,438.2,650.0,55.4199,3.3307,3.1343,1.264
C,14,X-line,177,440.7,650.0,55.4199,3.3307,3.1343,1.362
C,14,X-line,178,443.2,650.0,55.4199,3.3307,3.1343,1.257
C,14,X-line,179,445.7,650.0,55.4199,3.3307,3.1343,1.238
C,14,X-line,180,448.2,650.0,55.4199,3.3307,3.1343,1.475
C,14,X-line,181,450.7,650.0,55.1758,3.3161,3.1197,1.616
C,14,X-line,182,453.2,650.0,54.9316,3.3014,3.105,1.392
C,14,X-line,183,455.7,650.0,54.9316,3.3014,3.105,1.835
C,14,X-line,184,458.2,650.0,54.6875,3.2867,3.0903,1.728
C,14,X-line,185,460.7,650.0,54.6875,3.2867,3.0903,1.879
C,14,X-line,186,463.1,650.0,54.6875,3.2867,3.0903,1.949
C,14,X-line,187,465.6,650.0,54.4434,3.272,3.0756,1.888
C,14,X-line,188,468.1,650.0,54.4434,3.272,3.0756,1.615
C,14,X-line,189,470.6,650.0,54.1992,3.2574,3.061,1.497
C,14,X-line,190,473.1,650.0,54.1992,3.2574,3.061,1.419
C,14,X-line,191,475.6,650.0,54.1992,3.2574,3.061,1.247
C,14,X-line,192,478.1,650.0,54.1992,3.2574,3.061,1.184
C,14,X-line,193,480.6,650.0,54.1992,3.2574,3.061,1.189
C,14,X-line,194,483.1,650.0,54.1992,3.2574,3.061,1.076
C,14,X-line,195,485.6,650.0,54.1992,3.2574,3.061,1.129
C,14,X-line,196,488.0,650.0,53.9551,3.2427,3.0463,1.155
C,14,X-line,197,490.5,650.0,53.7109,3.228,3.0316,1.156
C,14,X-line,198,493.0,650.0,53.4668,3.2134,3.017,1.036
C,14,X-line,199,495.5,650.0,53.2227,3.1987,3.0023,1.01
C,14,X-line,200,498.0,650.0,52.9785,3.184,2.9876,1.135
C,14,X-line,201,500.5,650.0,52.7344,3.1693,2.9729,1.295
C,14,X-line,202,503.0,650.0,52.7344,3.1693,2.9729,1.357
C,14,X-line,203,505.5,650.0,52.7344,3.1693,2.9729,1.364
C,14,X-line,204,508.0,650.0,52.4902,3.1547,2.9583,1.335
C,14,X-line,205,510.5,650.0,52.2461,3.14,2.9436,1.256
C,14,X-line,206,512.9,650.0,52.0019,3.1253,2.9289,1.267
C,14,X-line,207,515.4,650.0,51.7578,3.1106,2.9142,1.358
C,14,X-line,208,517.9,650.0,51.5137,3.096,2.8996,1.364
C,14,X-line,209,520.4,650.0,51.5137,3.096,2.8996,1.361
C,14,X-line,210,522.9,650.0,51.5137,3.096,2.8996,1.477
C,14,X-line,211,525.4,650.0,51.5137,3.096,2.8996,1.52
C,14,X-line,212,527.9,650.0,51.3916,3.0886,2.8922,1.575
C,14,X-line,213,530.4,650.0,51.1475,3.074,2.8776,1.664
C,14,X-line,214,532.9,650.0,50.9033,3.0593,2.8629,1.717
C,14,X-line,215,535.4,650.0,50.6592,3.0446,2.8482,1.744
C,14,X-line,216,537.8,650.0,50.415,3.0299,2.8335,1.78
C,14,X-line,217,540.3,650.0,50.293,3.0226,2.8262,1.926
C,14,X-line,218,542.8,650.0,50.293,3.0226,2.8262,1.903
C,14,X-line,219,545.3,650.0,50.293,3.0226,2.8262,1.91
C,14,X-line,220,547.8,650.0,50.293,3.0226,2.8262,2.04
C,14,X-line,221,550.3,650.0,50.293,3.0226,2.8262,1.993
C,14,X-line,222,552.8,650.0,50.293,3.0226,2.8262,1.987
C,14,X-line,223,555.3,650.0,50.293,3.0226,2.8262,1.85
C,14,X-line,224,557.8,650.0,50.293,3.0226,2.8262,1.666
C,14,X-line,225,560.2,650.0,50.293,3.0226,2.8262,1.571
C,14,X-line,226,562.7,650.0,50.293,3.0226,2.8262,1.384
C,14,X-line,227,565.2,650.0,50.293,3.0226,2.8262,1.287
C,14,X-line,228,567.7,650.0,50.293,3.0226,2.8262,1.201
C,14,X-line,229,570.2,650.0,50.293,3.0226,2.8262,1.296
C,14,X-line,230,572.7,650.0,50.293,3.0226,2.8262,1.457
C,14,X-line,231,575.2,650.0,50.293,3.0226,2.8262,1.438
C,14,X-line,232,577.7,650.0,50.293,3.0226,2.8262,1.317
C,14,X-line,233,580.2,650.0,50.293,3.0226,2.8262,1.239
C,14,X-line,234,582.7,650.0,50.293,3.0226,2.8262,1.106
C,14,X-line,235,585.2,650.0,50.293,3.0226,2.8262,1.058
C,14,X-line,236,587.6,650.0,50.293,3.0226,2.8262,0.976
C,14,X-line,237,590.1,650.0,50.293,3.0226,2.8262,0.973
C,14,X-line,238,592.6,650.0,50.293,3.0226,2.8262,1.082
C,14,X-line,239,595.1,650.0,50.0488,3.0079,2.8115,1.136
C,14,X-line,240,597.6,650.0,49.8047,2.9933,2.7969,1.249
C,14,X-line,241,600.1,650.0,49.8047,2.9933,2.7969,1.285
C,14,X-line,242,602.6,650.0,49.8047,2.9933,2.7969,1.159
C,14,X-line,243,605.1,650.0,49.8047,2.9933,2.7969,1.366
C,14,X-line,244,607.6,650.0,49.8047,2.9933,2.7969,1.304
C,14,X-line,245,610.1,650.0,49.5605,2.9786,2.7822,1.249
C,14,X-line,246,612.5,650.0,49.3164,2.9639,2.7675,1.208
C,14,X-line,247,615.0,650.0,49.0723,2.9492,2.7528,1.231
C,14,X-line,248,617.5,650.0,48.8281,2.9346,2.7382,1.459
C,14,X-line,249,620.0,650.0,48.584,2.9199,2.7235,1.833
C,14,X-line,250,622.5,650.0,48.4619,2.9126,2.7162,1.787
C,14,X-line,251,625.0,650.0,48.4619,2.9126,2.7162,1.704
C,14,X-line,252,627.5,650.0,48.4619,2.9126,2.7162,1.719
C,14,X-line,253,630.0,650.0,48.4619,2.9126,2.7162,1.343
C,14,X-line,254,632.5,650.0,48.4619,2.9126,2.7162,0.951
C,14,X-line,255,635.0,650.0,48.4619,2.9126,2.7162,0.922
C,14,X-line,256,637.4,650.0,48.4619,2.9126,2.7162,1.131
C,14,X-line,257,639.9,650.0,48.4619,2.9126,2.7162,1.287
C,14,X-line,258,642.4,650.0,48.2178,2.8979,2.7015,1.311
C,14,X-line,259,644.9,650.0,47.9736,2.8832,2.6868,1.479
C,14,X-line,260,647.4,650.0,47.8516,2.8759,2.6795,1.578
C,14,X-line,261,649.9,650.0,47.7295,2.8685,2.6721,1.486
C,14,X-line,262,652.4,650.0,47.6074,2.8612,2.6648,1.53
C,14,X-line,263,654.9,650.0,47.4853,2.8539,2.6575,1.5
C,14,X-line,264,657.4,650.0,47.3633,2.8465,2.6501,1.372
C,14,X-line,265,659.9,650.0,47.2412,2.8392,2.6428,1.368
C,14,X-line,266,662.3,650.0,47.2412,2.8392,2.6428,1.452
C,14,X-line,267,664.8,650.0,47.2412,2.8392,2.6428,1.462
C,14,X-line,268,667.3,650.0,47.2412,2.8392,2.6428,1.564
C,14,X-line,269,669.8,650.0,47.2412,2.8392,2.6428,1.52
C,15,X-line,0,0.0,700.0,49.8047,2.9933,3.173,1.503
C,15,X-line,1,2.5,700.0,49.8047,2.9933,3.173,1.533
C,15,X-line,2,5.0,700.0,49.8047,2.9933,3.173,2.127
C,15,X-line,3,7.5,700.0,49.8047,2.9933,3.173,2.082
C,15,X-line,4,10.0,700.0,49.8047,2.9933,3.173,1.187
C,15,X-line,5,12.5,700.0,49.8047,2.9933,3.173,1.709
C,15,X-line,6,14.9,700.0,49.8047,2.9933,3.173,0.766
C,15,X-line,7,17.4,700.0,49.8047,2.9933,3.173,1.632
C,15,X-line,8,19.9,700.0,49.8047,2.9933,3.173,1.268
C,15,X-line,9,22.4,700.0,49.8047,2.9933,3.173,0.826
C,15,X-line,10,24.9,700.0,49.8047,2.9933,3.173,0.845
C,15,X-line,11,27.4,700.0,49.8047,2.9933,3.173,2.492
C,15,X-line,12,29.9,700.0,49.8047,2.9933,3.173,1.076
C,15,X-line,13,32.4,700.0,49.8047,2.9933,3.173,1.433
C,15,X-line,14,34.9,700.0,49.5605,2.9786,3.1583,1.452
C,15,X-line,15,37.4,700.0,49.3164,2.9639,3.1436,1.47
C,15,X-line,16,39.8,700.0,49.3164,2.9639,3.1436,1.388
C,15,X-line,17,42.3,700.0,49.1943,2.9566,3.1363,1.364
C,15,X-line,18,44.8,700.0,49.1943,2.9566,3.1363,1.574
C,15,X-line,19,47.3,700.0,49.1943,2.9566,3.1363,1.302
C,15,X-line,20,49.8,700.0,49.1943,2.9566,3.1363,1.261
C,15,X-line,21,52.3,700.0,49.1943,2.9566,3.1363,1.369
C,15,X-line,22,54.8,700.0,49.1943,2.9566,3.1363,1.476
C,15,X-line,23,57.3,700.0,49.1943,2.9566,3.1363,1.698
C,15,X-line,24,59.8,700.0,49.1943,2.9566,3.1363,1.655
C,15,X-line,25,62.3,700.0,49.1943,2.9566,3.1363,1.798
C,15,X-line,26,64.7,700.0,49.1943,2.9566,3.1363,1.688
C,15,X-line,27,67.2,700.0,49.1943,2.9566,3.1363,1.648
C,15,X-line,28,69.7,700.0,49.1943,2.9566,3.1363,1.804
C,15,X-line,29,72.2,700.0,49.1943,2.9566,3.1363,1.679
C,15,X-line,30,74.7,700.0,49.1943,2.9566,3.1363,1.655
C,15,X-line,31,77.2,700.0,49.1943,2.9566,3.1363,1.617
C,15,X-line,32,79.7,700.0,49.1943,2.9566,3.1363,1.821
C,15,X-line,33,82.2,700.0,49.1943,2.9566,3.1363,1.846
C,15,X-line,34,84.7,700.0,49.1943,2.9566,3.1363,1.726
C,15,X-line,35,87.2,700.0,49.4385,2.9713,3.151,1.773
C,15,X-line,36,89.6,700.0,49.4385,2.9713,3.151,1.905
C,15,X-line,37,92.1,700.0,49.4385,2.9713,3.151,1.733
C,15,X-line,38,94.6,700.0,49.4385,2.9713,3.151,1.78
C,15,X-line,39,97.1,700.0,49.4385,2.9713,3.151,1.763
C,15,X-line,40,99.6,700.0,49.4385,2.9713,3.151,1.724
C,15,X-line,41,102.1,700.0,49.4385,2.9713,3.151,1.673
C,15,X-line,42,104.6,700.0,49.4385,2.9713,3.151,1.53
C,15,X-line,43,107.1,700.0,49.4385,2.9713,3.151,1.405
C,15,X-line,44,109.6,700.0,49.5605,2.9786,3.1583,1.584
C,15,X-line,45,112.1,700.0,49.5605,2.9786,3.1583,1.793
C,15,X-line,46,114.5,700.0,49.5605,2.9786,3.1583,1.878
C,15,X-line,47,117.0,700.0,49.5605,2.9786,3.1583,1.644
C,15,X-line,48,119.5,700.0,49.5605,2.9786,3.1583,1.679
C,15,X-line,49,122.0,700.0,49.5605,2.9786,3.1583,1.709
C,15,X-line,50,124.5,700.0,49.5605,2.9786,3.1583,1.723
C,15,X-line,51,127.0,700.0,49.5605,2.9786,3.1583,1.568
C,15,X-line,52,129.5,700.0,49.5605,2.9786,3.1583,1.493
C,15,X-line,53,132.0,700.0,49.5605,2.9786,3.1583,1.396
C,15,X-line,54,134.5,700.0,49.5605,2.9786,3.1583,1.52
C,15,X-line,55,137.0,700.0,49.5605,2.9786,3.1583,1.465
C,15,X-line,56,139.4,700.0,49.5605,2.9786,3.1583,1.608
C,15,X-line,57,141.9,700.0,49.5605,2.9786,3.1583,1.458
C,15,X-line,58,144.4,700.0,49.5605,2.9786,3.1583,1.437
C,15,X-line,59,146.9,700.0,49.5605,2.9786,3.1583,1.343
C,15,X-line,60,149.4,700.0,49.5605,2.9786,3.1583,1.247
C,15,X-line,61,151.9,700.0,49.5605,2.9786,3.1583,1.102
C,15,X-line,62,154.4,700.0,49.5605,2.9786,3.1583,0.587
C,15,X-line,63,156.9,700.0,49.4385,2.9713,3.151,0.746
C,15,X-line,64,159.4,700.0,49.1943,2.9566,3.1363,1.1
C,15,X-line,65,161.9,700.0,49.1943,2.9566,3.1363,1.503
C,15,X-line,66,164.3,700.0,49.1943,2.9566,3.1363,1.541
C,15,X-line,67,166.8,700.0,49.1943,2.9566,3.1363,1.675
C,15,X-line,68,169.3,700.0,49.1943,2.9566,3.1363,1.802
C,15,X-line,69,171.8,700.0,49.1943,2.9566,3.1363,1.725
C,15,X-line,70,174.3,700.0,49.1943,2.9566,3.1363,1.722
C,15,X-line,71,176.8,700.0,49.1943,2.9566,3.1363,1.715
C,15,X-line,72,179.3,700.0,49.1943,2.9566,3.1363,1.654
C,15,X-line,73,181.8,700.0,49.1943,2.9566,3.1363,1.696
C,15,X-line,74,184.3,700.0,49.1943,2.9566,3.1363,1.732
C,15,X-line,75,186.8,700.0,49.1943,2.9566,3.1363,1.652
C,15,X-line,76,189.2,700.0,49.1943,2.9566,3.1363,1.635
C,15,X-line,77,191.7,700.0,49.1943,2.9566,3.1363,1.69
C,15,X-line,78,194.2,700.0,49.1943,2.9566,3.1363,1.54
C,15,X-line,79,196.7,700.0,49.1943,2.9566,3.1363,1.542
C,15,X-line,80,199.2,700.0,49.1943,2.9566,3.1363,1.489
C,15,X-line,81,201.7,700.0,49.1943,2.9566,3.1363,1.448
C,15,X-line,82,204.2,700.0,49.1943,2.9566,3.1363,1.313
C,15,X-line,83,206.7,700.0,48.9502,2.9419,3.1216,1.349
C,15,X-line,84,209.2,700.0,48.9502,2.9419,3.1216,1.461
C,15,X-line,85,211.7,700.0,48.9502,2.9419,3.1216,1.53
C,15,X-line,86,214.1,700.0,48.9502,2.9419,3.1216,1.612
C,15,X-line,87,216.6,700.0,48.9502,2.9419,3.1216,1.932
C,15,X-line,88,219.1,700.0,48.9502,2.9419,3.1216,1.621
C,15,X-line,89,221.6,700.0,48.9502,2.9419,3.1216,1.681
C,15,X-line,90,224.1,700.0,48.9502,2.9419,3.1216,1.743
C,15,X-line,91,226.6,700.0,48.9502,2.9419,3.1216,1.708
C,15,X-line,92,229.1,700.0,48.9502,2.9419,3.1216,1.754
C,15,X-line,93,231.6,700.0,48.9502,2.9419,3.1216,1.882
C,15,X-line,94,234.1,700.0,48.9502,2.9419,3.1216,1.904
C,15,X-line,95,236.6,700.0,48.9502,2.9419,3.1216,2.044
C,15,X-line,96,239.0,700.0,48.9502,2.9419,3.1216,1.986
C,15,X-line,97,241.5,700.0,48.9502,2.9419,3.1216,2.078
C,15,X-line,98,244.0,700.0,48.9502,2.9419,3.1216,1.984
C,15,X-line,99,246.5,700.0,48.9502,2.9419,3.1216,1.97
C,15,X-line,100,249.0,700.0,48.9502,2.9419,3.1216,1.921
C,15,X-line,101,251.5,700.0,48.9502,2.9419,3.1216,1.945
C,15,X-line,102,254.0,700.0,48.9502,2.9419,3.1216,1.954
C,15,X-line,103,256.5,700.0,48.9502,2.9419,3.1216,1.952
C,15,X-line,104,259.0,700.0,48.9502,2.9419,3.1216,2.029
C,15,X-line,105,261.5,700.0,48.9502,2.9419,3.1216,1.903
C,15,X-line,106,263.9,700.0,48.9502,2.9419,3.1216,1.859
C,15,X-line,107,266.4,700.0,48.9502,2.9419,3.1216,1.791
C,15,X-line,108,268.9,700.0,48.9502,2.9419,3.1216,1.683
C,15,X-line,109,271.4,700.0,48.9502,2.9419,3.1216,1.433
C,15,X-line,110,273.9,700.0,48.9502,2.9419,3.1216,1.588
C,15,X-line,111,276.4,700.0,49.0723,2.9492,3.1289,1.44
C,15,X-line,112,278.9,700.0,49.0723,2.9492,3.1289,1.546
C,15,X-line,113,281.4,700.0,49.0723,2.9492,3.1289,1.53
C,15,X-line,114,283.9,700.0,49.0723,2.9492,3.1289,1.584
C,15,X-line,115,286.4,700.0,49.0723,2.9492,3.1289,1.592
C,15,X-line,116,288.8,700.0,49.0723,2.9492,3.1289,1.61
C,15,X-line,117,291.3,700.0,49.0723,2.9492,3.1289,1.647
C,15,X-line,118,293.8,700.0,49.0723,2.9492,3.1289,1.592
C,15,X-line,119,296.3,700.0,49.0723,2.9492,3.1289,1.597
C,15,X-line,120,298.8,700.0,49.0723,2.9492,3.1289,1.742
C,15,X-line,121,301.3,700.0,49.0723,2.9492,3.1289,1.782
C,15,X-line,122,303.8,700.0,49.0723,2.9492,3.1289,1.856
C,15,X-line,123,306.3,700.0,49.0723,2.9492,3.1289,1.904
C,15,X-line,124,308.8,700.0,49.0723,2.9492,3.1289,1.979
C,15,X-line,125,311.2,700.0,49.0723,2.9492,3.1289,1.994
C,15,X-line,126,313.7,700.0,49.0723,2.9492,3.1289,1.946
C,15,X-line,127,316.2,700.0,49.0723,2.9492,3.1289,1.926
C,15,X-line,128,318.7,700.0,49.0723,2.9492,3.1289,2.008
C,15,X-line,129,321.2,700.0,49.0723,2.9492,3.1289,1.883
C,15,X-line,130,323.7,700.0,49.0723,2.9492,3.1289,1.8
C,15,X-line,131,326.2,700.0,49.0723,2.9492,3.1289,1.425
C,15,X-line,132,328.7,700.0,49.0723,2.9492,3.1289,1.128
C,15,X-line,133,331.2,700.0,49.0723,2.9492,3.1289,0.992
C,15,X-line,134,333.7,700.0,49.0723,2.9492,3.1289,0.934
C,15,X-line,135,336.2,700.0,49.3164,2.9639,3.1436,0.871
C,15,X-line,136,338.6,700.0,49.4385,2.9713,3.151,1.167
C,15,X-line,137,341.1,700.0,49.4385,2.9713,3.151,1.227
C,15,X-line,138,343.6,700.0,49.4385,2.9713,3.151,1.469
C,15,X-line,139,346.1,700.0,49.4385,2.9713,3.151,1.609
C,15,X-line,140,348.6,700.0,49.4385,2.9713,3.151,1.639
C,15,X-line,141,351.1,700.0,49.4385,2.9713,3.151,1.757
C,15,X-line,142,353.6,700.0,49.4385,2.9713,3.151,1.749
C,15,X-line,143,356.1,700.0,49.4385,2.9713,3.151,1.827
C,15,X-line,144,358.6,700.0,49.4385,2.9713,3.151,1.865
C,15,X-line,145,361.1,700.0,49.4385,2.9713,3.151,1.784
C,15,X-line,146,363.5,700.0,49.4385,2.9713,3.151,1.788
C,15,X-line,147,366.0,700.0,49.4385,2.9713,3.151,1.852
C,15,X-line,148,368.5,700.0,49.4385,2.9713,3.151,1.812
C,15,X-line,149,371.0,700.0,49.4385,2.9713,3.151,1.699
C,15,X-line,150,373.5,700.0,49.4385,2.9713,3.151,1.757
C,15,X-line,151,376.0,700.0,49.4385,2.9713,3.151,1.799
C,15,X-line,152,378.5,700.0,49.4385,2.9713,3.151,1.547
C,15,X-line,153,381.0,700.0,49.4385,2.9713,3.151,1.385
C,15,X-line,154,383.5,700.0,49.4385,2.9713,3.151,1.404
C,15,X-line,155,386.0,700.0,49.4385,2.9713,3.151,1.347
C,15,X-line,156,388.4,700.0,49.4385,2.9713,3.151,1.375
C,15,X-line,157,390.9,700.0,49.4385,2.9713,3.151,1.532
C,15,X-line,158,393.4,700.0,49.4385,2.9713,3.151,1.526
C,15,X-line,159,395.9,700.0,49.4385,2.9713,3.151,1.667
C,15,X-line,160,398.4,700.0,49.4385,2.9713,3.151,1.636
C,15,X-line,161,400.9,700.0,49.4385,2.9713,3.151,1.753
C,15,X-line,162,403.4,700.0,49.4385,2.9713,3.151,1.657
C,15,X-line,163,405.9,700.0,49.4385,2.9713,3.151,1.539
C,15,X-line,164,408.4,700.0,49.4385,2.9713,3.151,1.491
C,15,X-line,165,410.9,700.0,49.4385,2.9713,3.151,1.141
C,15,X-line,166,413.3,700.0,49.4385,2.9713,3.151,0.949
C,15,X-line,167,415.8,700.0,49.4385,2.9713,3.151,0.612
C,15,X-line,168,418.3,700.0,49.5605,2.9786,3.1583,0.561
C,15,X-line,169,420.8,700.0,49.5605,2.9786,3.1583,1.143
C,15,X-line,170,423.3,700.0,49.5605,2.9786,3.1583,1.404
C,15,X-line,171,425.8,700.0,49.5605,2.9786,3.1583,1.595
C,15,X-line,172,428.3,700.0,49.5605,2.9786,3.1583,1.782
C,15,X-line,173,430.8,700.0,49.5605,2.9786,3.1583,1.858
C,15,X-line,174,433.3,700.0,49.5605,2.9786,3.1583,1.836
C,15,X-line,175,435.8,700.0,49.5605,2.9786,3.1583,1.878
C,15,X-line,176,438.2,700.0,49.5605,2.9786,3.1583,1.843
C,15,X-line,177,440.7,700.0,49.5605,2.9786,3.1583,1.931
C,15,X-line,178,443.2,700.0,49.5605,2.9786,3.1583,1.823
C,15,X-line,179,445.7,700.0,49.5605,2.9786,3.1583,1.716
C,15,X-line,180,448.2,700.0,49.5605,2.9786,3.1583,1.546
C,15,X-line,181,450.7,700.0,49.5605,2.9786,3.1583,1.45
C,15,X-line,182,453.2,700.0,49.5605,2.9786,3.1583,1.378
C,15,X-line,183,455.7,700.0,49.5605,2.9786,3.1583,1.339
C,15,X-line,184,458.2,700.0,49.5605,2.9786,3.1583,1.258
C,15,X-line,185,460.7,700.0,49.5605,2.9786,3.1583,1.234
C,15,X-line,186,463.1,700.0,49.5605,2.9786,3.1583,1.154
C,15,X-line,187,465.6,700.0,49.5605,2.9786,3.1583,1.128
C,15,X-line,188,468.1,700.0,49.5605,2.9786,3.1583,0.968
C,15,X-line,189,470.6,700.0,49.5605,2.9786,3.1583,0.852
C,15,X-line,190,473.1,700.0,49.5605,2.9786,3.1583,0.618
C,15,X-line,191,475.6,700.0,49.5605,2.9786,3.1583,0.669
C,15,X-line,192,478.1,700.0,49.6826,2.9859,3.1656,0.479
C,15,X-line,193,480.6,700.0,49.6826,2.9859,3.1656,0.894
C,15,X-line,194,483.1,700.0,49.6826,2.9859,3.1656,1.184
C,15,X-line,195,485.6,700.0,49.6826,2.9859,3.1656,1.326
C,15,X-line,196,488.0,700.0,49.6826,2.9859,3.1656,1.381
C,15,X-line,197,490.5,700.0,49.6826,2.9859,3.1656,1.518
C,15,X-line,198,493.0,700.0,49.6826,2.9859,3.1656,1.582
C,15,X-line,199,495.5,700.0,49.6826,2.9859,3.1656,1.647
C,15,X-line,200,498.0,700.0,49.6826,2.9859,3.1656,1.699
C,15,X-line,201,500.5,700.0,49.6826,2.9859,3.1656,1.701
C,15,X-line,202,503.0,700.0,49.6826,2.9859,3.1656,1.783
C,15,X-line,203,505.5,700.0,49.6826,2.9859,3.1656,1.792
C,15,X-line,204,508.0,700.0,49.6826,2.9859,3.1656,1.809
C,15,X-line,205,510.5,700.0,49.6826,2.9859,3.1656,1.724
C,15,X-line,206,512.9,700.0,49.6826,2.9859,3.1656,1.604
C,15,X-line,207,515.4,700.0,49.6826,2.9859,3.1656,1.526
C,15,X-line,208,517.9,700.0,49.6826,2.9859,3.1656,1.573
C,15,X-line,209,520.4,700.0,49.6826,2.9859,3.1656,1.605
C,15,X-line,210,522.9,700.0,49.6826,2.9859,3.1656,1.618
C,15,X-line,211,525.4,700.0,49.6826,2.9859,3.1656,1.641
C,15,X-line,212,527.9,700.0,49.6826,2.9859,3.1656,1.636
C,15,X-line,213,530.4,700.0,49.6826,2.9859,3.1656,1.712
C,15,X-line,214,532.9,700.0,49.6826,2.9859,3.1656,1.719
C,15,X-line,215,535.4,700.0,49.6826,2.9859,3.1656,1.786
C,15,X-line,216,537.8,700.0,49.9268,3.0006,3.1803,1.747
C,15,X-line,217,540.3,700.0,50.0488,3.0079,3.1876,1.834
C,15,X-line,218,542.8,700.0,50.1709,3.0153,3.195,1.824
C,15,X-line,219,545.3,700.0,50.1709,3.0153,3.195,1.856
C,15,X-line,220,547.8,700.0,50.1709,3.0153,3.195,1.908
C,15,X-line,221,550.3,700.0,50.1709,3.0153,3.195,1.847
C,15,X-line,222,552.8,700.0,50.1709,3.0153,3.195,1.853
C,15,X-line,223,555.3,700.0,50.1709,3.0153,3.195,1.811
C,15,X-line,224,557.8,700.0,50.1709,3.0153,3.195,1.678
C,15,X-line,225,560.2,700.0,50.1709,3.0153,3.195,1.576
C,15,X-line,226,562.7,700.0,50.1709,3.0153,3.195,1.662
C,15,X-line,227,565.2,700.0,50.1709,3.0153,3.195,1.631
C,15,X-line,228,567.7,700.0,50.1709,3.0153,3.195,1.652
C,15,X-line,229,570.2,700.0,50.1709,3.0153,3.195,1.761
C,15,X-line,230,572.7,700.0,50.1709,3.0153,3.195,1.6
C,15,X-line,231,575.2,700.0,50.415,3.0299,3.2096,1.743
C,15,X-line,232,577.7,700.0,50.5371,3.0373,3.217,1.657
C,15,X-line,233,580.2,700.0,50.6592,3.0446,3.2243,1.67
C,15,X-line,234,582.7,700.0,50.7812,3.052,3.2317,1.66
C,15,X-line,235,585.2,700.0,50.7812,3.052,3.2317,1.953
C,15,X-line,236,587.6,700.0,50.7812,3.052,3.2317,1.844
C,15,X-line,237,590.1,700.0,50.7812,3.052,3.2317,1.703
C,15,X-line,238,592.6,700.0,50.7812,3.052,3.2317,1.758
C,15,X-line,239,595.1,700.0,50.7812,3.052,3.2317,1.573
C,15,X-line,240,597.6,700.0,50.7812,3.052,3.2317,1.383
C,15,X-line,241,600.1,700.0,50.7812,3.052,3.2317,1.328
C,15,X-line,242,602.6,700.0,50.7812,3.052,3.2317,1.412
C,15,X-line,243,605.1,700.0,50.7812,3.052,3.2317,1.711
C,15,X-line,244,607.6,700.0,50.7812,3.052,3.2317,1.885
C,15,X-line,245,610.1,700.0,50.7812,3.052,3.2317,1.73
C,15,X-line,246,612.5,700.0,50.7812,3.052,3.2317,1.581
C,15,X-line,247,615.0,700.0,50.7812,3.052,3.2317,1.481
C,15,X-line,248,617.5,700.0,50.7812,3.052,3.2317,1.431
C,15,X-line,249,620.0,700.0,50.7812,3.052,3.2317,1.544
C,15,X-line,250,622.5,700.0,51.0254,3.0666,3.2463,1.551
C,15,X-line,251,625.0,700.0,51.0254,3.0666,3.2463,1.611
C,15,X-line,252,627.5,700.0,51.0254,3.0666,3.2463,1.645
C,15,X-line,253,630.0,700.0,51.0254,3.0666,3.2463,1.609
C,15,X-line,254,632.5,700.0,51.0254,3.0666,3.2463,1.599
C,15,X-line,255,635.0,700.0,51.0254,3.0666,3.2463,1.705
C,15,X-line,256,637.4,700.0,51.0254,3.0666,3.2463,1.369
C,15,X-line,257,639.9,700.0,51.0254,3.0666,3.2463,1.526
C,15,X-line,258,642.4,700.0,51.0254,3.0666,3.2463,1.164
C,15,X-line,259,644.9,700.0,51.0254,3.0666,3.2463,1.052
C,15,X-line,260,647.4,700.0,51.0254,3.0666,3.2463,1.155
C,15,X-line,261,649.9,700.0,51.0254,3.0666,3.2463,1.033
C,15,X-line,262,652.4,700.0,51.0254,3.0666,3.2463,0.488
C,15,X-line,263,654.9,700.0,51.0254,3.0666,3.2463,0.709
C,15,X-line,264,657.4,700.0,51.0254,3.0666,3.2463,1.004
C,15,X-line,265,659.9,700.0,51.0254,3.0666,3.2463,1.423
C,15,X-line,266,662.3,700.0,51.0254,3.0666,3.2463,1.336
C,15,X-line,267,664.8,700.0,50.7812,3.052,3.2317,1.273
C,15,X-line,268,667.3,700.0,50.5371,3.0373,3.217,1.011
C,15,X-line,269,669.8,700.0,50.293,3.0226,3.2023,1.293
C,15,X-line,270,672.3,700.0,50.0488,3.0079,3.1876,1.221
C,15,X-line,271,674.8,700.0,49.8047,2.9933,3.173,1.243
C,15,X-line,272,677.3,700.0,49.5605,2.9786,3.1583,1.243
C,15,X-line,273,679.8,700.0,49.3164,2.9639,3.1436,1.288
C,15,X-line,274,682.3,700.0,49.0723,2.9492,3.1289,1.344
C,15,X-line,275,684.8,700.0,49.0723,2.9492,3.1289,1.407
C,15,X-line,276,687.2,700.0,49.0723,2.9492,3.1289,1.533
C,15,X-line,277,689.7,700.0,49.0723,2.9492,3.1289,1.524
C,15,X-line,278,692.2,700.0,49.0723,2.9492,3.1289,1.494
C,15,X-line,279,694.7,700.0,49.0723,2.9492,3.1289,1.4
C,15,X-line,280,697.2,700.0,49.0723,2.9492,3.1289,1.303
C,15,X-line,281,699.7,700.0,49.0723,2.9492,3.1289,1.196
C,15,X-line,282,702.2,700.0,49.0723,2.9492,3.1289,1.144
C,15,X-line,283,704.7,700.0,49.0723,2.9492,3.1289,1.105
C,15,X-line,284,707.2,700.0,49.0723,2.9492,3.1289,1.021
C,16,X-line,0,0.0,750.0,51.7578,3.1106,3.3139,1.103
C,16,X-line,1,2.5,750.0,51.7578,3.1106,3.3139,1.007
C,16,X-line,2,5.0,750.0,51.7578,3.1106,3.3139,0.826
C,16,X-line,3,7.5,750.0,51.7578,3.1106,3.3139,1.16
C,16,X-line,4,10.0,750.0,51.7578,3.1106,3.3139,1.576
C,16,X-line,5,12.5,750.0,51.7578,3.1106,3.3139,1.149
C,16,X-line,6,14.9,750.0,51.7578,3.1106,3.3139,1.621
C,16,X-line,7,17.4,750.0,51.7578,3.1106,3.3139,0.815
C,16,X-line,8,19.9,750.0,51.7578,3.1106,3.3139,1.688
C,16,X-line,9,22.4,750.0,51.7578,3.1106,3.3139,1.651
C,16,X-line,10,24.9,750.0,51.7578,3.1106,3.3139,0.849
C,16,X-line,11,27.4,750.0,51.7578,3.1106,3.3139,1.396
C,16,X-line,12,29.9,750.0,51.7578,3.1106,3.3139,1.182
C,16,X-line,13,32.4,750.0,51.7578,3.1106,3.3139,1.319
C,16,X-line,14,34.9,750.0,51.7578,3.1106,3.3139,1.233
C,16,X-line,15,37.4,750.0,51.7578,3.1106,3.3139,1.167
C,16,X-line,16,39.8,750.0,51.7578,3.1106,3.3139,1.694
C,16,X-line,17,42.3,750.0,51.5137,3.096,3.2993,1.318
C,16,X-line,18,44.8,750.0,51.5137,3.096,3.2993,1.509
C,16,X-line,19,47.3,750.0,51.5137,3.096,3.2993,1.643
C,16,X-line,20,49.8,750.0,51.5137,3.096,3.2993,1.503
C,16,X-line,21,52.3,750.0,51.2695,3.0813,3.2846,1.792
C,16,X-line,22,54.8,750.0,51.0254,3.0666,3.2699,1.764
C,16,X-line,23,57.3,750.0,50.7812,3.052,3.2553,1.848
C,16,X-line,24,59.8,750.0,50.5371,3.0373,3.2406,1.744
C,16,X-line,25,62.3,750.0,50.5371,3.0373,3.2406,1.965
C,16,X-line,26,64.7,750.0,50.293,3.0226,3.2259,2.169
C,16,X-line,27,67.2,750.0,50.1709,3.0153,3.2186,2.086
C,16,X-line,28,69.7,750.0,49.9268,3.0006,3.2039,1.978
C,16,X-line,29,72.2,750.0,49.6826,2.9859,3.1892,1.629
C,16,X-line,30,74.7,750.0,49.4385,2.9713,3.1746,1.121
C,16,X-line,31,77.2,750.0,49.1943,2.9566,3.1599,1.379
C,16,X-line,32,79.7,750.0,49.1943,2.9566,3.1599,1.528
C,16,X-line,33,82.2,750.0,49.1943,2.9566,3.1599,1.606
C,16,X-line,34,84.7,750.0,49.1943,2.9566,3.1599,1.789
C,16,X-line,35,87.2,750.0,49.1943,2.9566,3.1599,2.099
C,16,X-line,36,89.6,750.0,49.1943,2.9566,3.1599,2.163
C,16,X-line,37,92.1,750.0,49.1943,2.9566,3.1599,2.23
C,16,X-line,38,94.6,750.0,49.1943,2.9566,3.1599,2.255
C,16,X-line,39,97.1,750.0,49.3164,2.9639,3.1672,2.148
C,16,X-line,40,99.6,750.0,49.4385,2.9713,3.1746,2.309
C,16,X-line,41,102.1,750.0,49.5605,2.9786,3.1819,2.273
C,16,X-line,42,104.6,750.0,49.6826,2.9859,3.1892,2.244
C,16,X-line,43,107.1,750.0,49.9268,3.0006,3.2039,2.189
C,16,X-line,44,109.6,750.0,50.0488,3.0079,3.2112,2.036
C,16,X-line,45,112.1,750.0,50.0488,3.0079,3.2112,2.03
C,16,X-line,46,114.5,750.0,50.0488,3.0079,3.2112,2.008
C,16,X-line,47,117.0,750.0,50.0488,3.0079,3.2112,2.003
C,16,X-line,48,119.5,750.0,50.0488,3.0079,3.2112,2.016
C,16,X-line,49,122.0,750.0,50.0488,3.0079,3.2112,1.986
C,16,X-line,50,124.5,750.0,50.0488,3.0079,3.2112,1.999
C,16,X-line,51,127.0,750.0,50.0488,3.0079,3.2112,1.98
C,16,X-line,52,129.5,750.0,50.0488,3.0079,3.2112,1.974
C,16,X-line,53,132.0,750.0,50.0488,3.0079,3.2112,1.936
C,16,X-line,54,134.5,750.0,50.0488,3.0079,3.2112,1.772
C,16,X-line,55,137.0,750.0,50.0488,3.0079,3.2112,1.672
C,16,X-line,56,139.4,750.0,50.0488,3.0079,3.2112,1.51
C,16,X-line,57,141.9,750.0,50.0488,3.0079,3.2112,1.566
C,16,X-line,58,144.4,750.0,50.0488,3.0079,3.2112,1.605
C,16,X-line,59,146.9,750.0,50.0488,3.0079,3.2112,1.721
C,16,X-line,60,149.4,750.0,50.0488,3.0079,3.2112,1.775
C,16,X-line,61,151.9,750.0,50.0488,3.0079,3.2112,1.893
C,16,X-line,62,154.4,750.0,50.0488,3.0079,3.2112,2.063
C,16,X-line,63,156.9,750.0,50.0488,3.0079,3.2112,2.019
C,16,X-line,64,159.4,750.0,50.0488,3.0079,3.2112,2.011
C,16,X-line,65,161.9,750.0,50.0488,3.0079,3.2112,2.061
C,16,X-line,66,164.3,750.0,50.0488,3.0079,3.2112,1.966
C,16,X-line,67,166.8,750.0,50.0488,3.0079,3.2112,1.983
C,16,X-line,68,169.3,750.0,50.0488,3.0079,3.2112,1.989
C,16,X-line,69,171.8,750.0,50.0488,3.0079,3.2112,1.908
C,16,X-line,70,174.3,750.0,50.0488,3.0079,3.2112,1.789
C,16,X-line,71,176.8,750.0,50.0488,3.0079,3.2112,1.733
C,16,X-line,72,179.3,750.0,50.0488,3.0079,3.2112,1.648
C,16,X-line,73,181.8,750.0,50.0488,3.0079,3.2112,1.579
C,16,X-line,74,184.3,750.0,50.0488,3.0079,3.2112,1.679
C,16,X-line,75,186.8,750.0,50.0488,3.0079,3.2112,1.7
C,16,X-line,76,189.2,750.0,50.0488,3.0079,3.2112,1.791
C,16,X-line,77,191.7,750.0,50.0488,3.0079,3.2112,1.825
C,16,X-line,78,194.2,750.0,50.0488,3.0079,3.2112,1.909
C,16,X-line,79,196.7,750.0,50.0488,3.0079,3.2112,2.12
C,16,X-line,80,199.2,750.0,50.0488,3.0079,3.2112,2.049
C,16,X-line,81,201.7,750.0,50.0488,3.0079,3.2112,1.975
C,16,X-line,82,204.2,750.0,50.0488,3.0079,3.2112,2.111
C,16,X-line,83,206.7,750.0,50.0488,3.0079,3.2112,2.028
C,16,X-line,84,209.2,750.0,50.0488,3.0079,3.2112,1.935
C,16,X-line,85,211.7,750.0,50.0488,3.0079,3.2112,1.912
C,16,X-line,86,214.1,750.0,50.0488,3.0079,3.2112,1.828
C,16,X-line,87,216.6,750.0,50.0488,3.0079,3.2112,1.697
C,16,X-line,88,219.1,750.0,50.0488,3.0079,3.2112,1.701
C,16,X-line,89,221.6,750.0,50.0488,3.0079,3.2112,1.777
C,16,X-line,90,224.1,750.0,50.0488,3.0079,3.2112,1.775
C,16,X-line,91,226.6,750.0,50.0488,3.0079,3.2112,1.789
C,16,X-line,92,229.1,750.0,50.293,3.0226,3.2259,1.736
C,16,X-line,93,231.6,750.0,50.293,3.0226,3.2259,1.851
C,16,X-line,94,234.1,750.0,50.293,3.0226,3.2259,1.946
C,16,X-line,95,236.6,750.0,50.293,3.0226,3.2259,1.917
C,16,X-line,96,239.0,750.0,50.293,3.0226,3.2259,1.94
C,16,X-line,97,241.5,750.0,50.293,3.0226,3.2259,1.958
C,16,X-line,98,244.0,750.0,50.293,3.0226,3.2259,1.958
C,16,X-line,99,246.5,750.0,50.293,3.0226,3.2259,1.993
C,16,X-line,100,249.0,750.0,50.293,3.0226,3.2259,1.952
C,16,X-line,101,251.5,750.0,50.293,3.0226,3.2259,1.929
C,16,X-line,102,254.0,750.0,50.293,3.0226,3.2259,1.884
C,16,X-line,103,256.5,750.0,50.293,3.0226,3.2259,1.834
C,16,X-line,104,259.0,750.0,50.293,3.0226,3.2259,1.784
C,16,X-line,105,261.5,750.0,50.293,3.0226,3.2259,1.817
C,16,X-line,106,263.9,750.0,50.293,3.0226,3.2259,1.743
C,16,X-line,107,266.4,750.0,50.293,3.0226,3.2259,1.812
C,16,X-line,108,268.9,750.0,50.293,3.0226,3.2259,1.809
C,16,X-line,109,271.4,750.0,50.293,3.0226,3.2259,1.733
C,16,X-line,110,273.9,750.0,50.293,3.0226,3.2259,1.77
C,16,X-line,111,276.4,750.0,50.293,3.0226,3.2259,1.613
C,16,X-line,112,278.9,750.0,50.293,3.0226,3.2259,1.488
C,16,X-line,113,281.4,750.0,50.293,3.0226,3.2259,1.613
C,16,X-line,114,283.9,750.0,50.293,3.0226,3.2259,1.86
C,16,X-line,115,286.4,750.0,50.293,3.0226,3.2259,1.912
C,16,X-line,116,288.8,750.0,50.415,3.0299,3.2332,1.762
C,16,X-line,117,291.3,750.0,50.415,3.0299,3.2332,1.703
C,16,X-line,118,293.8,750.0,50.6592,3.0446,3.2479,1.767
C,16,X-line,119,296.3,750.0,50.6592,3.0446,3.2479,1.713
C,16,X-line,120,298.8,750.0,50.6592,3.0446,3.2479,1.73
C,16,X-line,121,301.3,750.0,50.6592,3.0446,3.2479,1.631
C,16,X-line,122,303.8,750.0,50.6592,3.0446,3.2479,1.525
C,16,X-line,123,306.3,750.0,50.6592,3.0446,3.2479,1.634
C,16,X-line,124,308.8,750.0,50.6592,3.0446,3.2479,1.548
C,16,X-line,125,311.2,750.0,50.6592,3.0446,3.2479,1.665
C,16,X-line,126,313.7,750.0,50.6592,3.0446,3.2479,1.493
C,16,X-line,127,316.2,750.0,50.6592,3.0446,3.2479,1.324
C,16,X-line,128,318.7,750.0,50.6592,3.0446,3.2479,1.543
C,16,X-line,129,321.2,750.0,50.6592,3.0446,3.2479,1.575
C,16,X-line,130,323.7,750.0,50.6592,3.0446,3.2479,1.615
C,16,X-line,131,326.2,750.0,50.6592,3.0446,3.2479,1.742
C,16,X-line,132,328.7,750.0,50.6592,3.0446,3.2479,1.747
C,16,X-line,133,331.2,750.0,50.6592,3.0446,3.2479,1.752
C,16,X-line,134,333.7,750.0,50.6592,3.0446,3.2479,1.751
C,16,X-line,135,336.2,750.0,50.6592,3.0446,3.2479,1.769
C,16,X-line,136,338.6,750.0,50.6592,3.0446,3.2479,1.754
C,16,X-line,137,341.1,750.0,50.6592,3.0446,3.2479,1.676
C,16,X-line,138,343.6,750.0,50.6592,3.0446,3.2479,1.732
C,16,X-line,139,346.1,750.0,50.6592,3.0446,3.2479,1.694
C,16,X-line,140,348.6,750.0,50.6592,3.0446,3.2479,1.681
C,16,X-line,141,351.1,750.0,50.6592,3.0446,3.2479,1.622
C,16,X-line,142,353.6,750.0,50.6592,3.0446,3.2479,1.563
C,16,X-line,143,356.1,750.0,50.6592,3.0446,3.2479,1.413
C,16,X-line,144,358.6,750.0,50.6592,3.0446,3.2479,1.463
C,16,X-line,145,361.1,750.0,50.6592,3.0446,3.2479,1.305
C,16,X-line,146,363.5,750.0,50.6592,3.0446,3.2479,1.473
C,16,X-line,147,366.0,750.0,50.6592,3.0446,3.2479,1.343
C,16,X-line,148,368.5,750.0,50.6592,3.0446,3.2479,1.442
C,16,X-line,149,371.0,750.0,50.6592,3.0446,3.2479,1.425
C,16,X-line,150,373.5,750.0,50.6592,3.0446,3.2479,1.509
C,16,X-line,151,376.0,750.0,50.6592,3.0446,3.2479,1.489
C,16,X-line,152,378.5,750.0,50.6592,3.0446,3.2479,1.625
C,16,X-line,153,381.0,750.0,50.6592,3.0446,3.2479,1.64
C,16,X-line,154,383.5,750.0,50.6592,3.0446,3.2479,1.687
C,16,X-line,155,386.0,750.0,50.6592,3.0446,3.2479,1.677
C,16,X-line,156,388.4,750.0,50.6592,3.0446,3.2479,1.673
C,16,X-line,157,390.9,750.0,50.6592,3.0446,3.2479,1.642
C,16,X-line,158,393.4,750.0,50.6592,3.0446,3.2479,1.61
C,16,X-line,159,395.9,750.0,50.6592,3.0446,3.2479,1.517
C,16,X-line,160,398.4,750.0,50.6592,3.0446,3.2479,1.384
C,16,X-line,161,400.9,750.0,50.9033,3.0593,3.2626,1.356
C,16,X-line,162,403.4,750.0,51.1475,3.074,3.2773,1.411
C,16,X-line,163,405.9,750.0,51.3916,3.0886,3.2919,1.296
C,16,X-line,164,408.4,750.0,51.3916,3.0886,3.2919,1.304
C,16,X-line,165,410.9,750.0,51.6357,3.1033,3.3066,1.346
C,16,X-line,166,413.3,750.0,51.7578,3.1106,3.3139,1.516
C,16,X-line,167,415.8,750.0,51.7578,3.1106,3.3139,1.657
C,16,X-line,168,418.3,750.0,51.7578,3.1106,3.3139,1.703
C,16,X-line,169,420.8,750.0,51.7578,3.1106,3.3139,1.627
C,16,X-line,170,423.3,750.0,51.7578,3.1106,3.3139,1.376
C,16,X-line,171,425.8,750.0,51.7578,3.1106,3.3139,1.422
C,16,X-line,172,428.3,750.0,51.7578,3.1106,3.3139,0.872
C,16,X-line,173,430.8,750.0,51.5137,3.096,3.2993,1.038
C,16,X-line,174,433.3,750.0,51.3916,3.0886,3.2919,1.395
C,16,X-line,175,435.8,750.0,51.2695,3.0813,3.2846,1.406
C,16,X-line,176,438.2,750.0,51.2695,3.0813,3.2846,1.399
C,16,X-line,177,440.7,750.0,51.0254,3.0666,3.2699,1.456
C,16,X-line,178,443.2,750.0,50.7812,3.052,3.2553,1.474
C,16,X-line,179,445.7,750.0,50.5371,3.0373,3.2406,1.482
C,16,X-line,180,448.2,750.0,50.293,3.0226,3.2259,1.686
C,16,X-line,181,450.7,750.0,50.1709,3.0153,3.2186,1.776
C,16,X-line,182,453.2,750.0,50.1709,3.0153,3.2186,1.825
C,16,X-line,183,455.7,750.0,50.0488,3.0079,3.2112,1.786
C,16,X-line,184,458.2,750.0,50.0488,3.0079,3.2112,1.9
C,16,X-line,185,460.7,750.0,50.0488,3.0079,3.2112,1.956
C,16,X-line,186,463.1,750.0,50.0488,3.0079,3.2112,1.887
C,16,X-line,187,465.6,750.0,50.0488,3.0079,3.2112,1.816
C,16,X-line,188,468.1,750.0,50.0488,3.0079,3.2112,1.755
C,16,X-line,189,470.6,750.0,50.0488,3.0079,3.2112,1.741
C,16,X-line,190,473.1,750.0,50.0488,3.0079,3.2112,1.672
C,16,X-line,191,475.6,750.0,50.0488,3.0079,3.2112,1.771
C,16,X-line,192,478.1,750.0,50.0488,3.0079,3.2112,1.777
C,16,X-line,193,480.6,750.0,50.0488,3.0079,3.2112,1.796
C,16,X-line,194,483.1,750.0,50.0488,3.0079,3.2112,1.784
C,16,X-line,195,485.6,750.0,50.0488,3.0079,3.2112,1.753
C,16,X-line,196,488.0,750.0,50.0488,3.0079,3.2112,1.699
C,16,X-line,197,490.5,750.0,50.0488,3.0079,3.2112,1.667
C,16,X-line,198,493.0,750.0,50.0488,3.0079,3.2112,1.695
C,16,X-line,199,495.5,750.0,50.1709,3.0153,3.2186,1.701
C,16,X-line,200,498.0,750.0,50.415,3.0299,3.2332,1.686
C,16,X-line,201,500.5,750.0,50.5371,3.0373,3.2406,1.768
C,16,X-line,202,503.0,750.0,50.5371,3.0373,3.2406,1.806
C,16,X-line,203,505.5,750.0,50.5371,3.0373,3.2406,1.815
C,16,X-line,204,508.0,750.0,50.5371,3.0373,3.2406,1.863
C,16,X-line,205,510.5,750.0,50.5371,3.0373,3.2406,1.868
C,16,X-line,206,512.9,750.0,50.5371,3.0373,3.2406,1.875
C,16,X-line,207,515.4,750.0,50.5371,3.0373,3.2406,1.72
C,16,X-line,208,517.9,750.0,50.5371,3.0373,3.2406,1.774
C,16,X-line,209,520.4,750.0,50.5371,3.0373,3.2406,1.67
C,16,X-line,210,522.9,750.0,50.5371,3.0373,3.2406,1.667
C,16,X-line,211,525.4,750.0,50.5371,3.0373,3.2406,1.596
C,16,X-line,212,527.9,750.0,50.5371,3.0373,3.2406,1.764
C,16,X-line,213,530.4,750.0,50.5371,3.0373,3.2406,1.483
C,16,X-line,214,532.9,750.0,50.5371,3.0373,3.2406,1.577
C,16,X-line,215,535.4,750.0,50.5371,3.0373,3.2406,1.64
C,16,X-line,216,537.8,750.0,50.5371,3.0373,3.2406,1.74
C,16,X-line,217,540.3,750.0,50.5371,3.0373,3.2406,1.86
C,16,X-line,218,542.8,750.0,50.5371,3.0373,3.2406,1.819
C,16,X-line,219,545.3,750.0,50.6592,3.0446,3.2479,1.918
C,16,X-line,220,547.8,750.0,50.7812,3.052,3.2553,1.855
C,16,X-line,221,550.3,750.0,50.7812,3.052,3.2553,1.911
C,16,X-line,222,552.8,750.0,50.7812,3.052,3.2553,1.868
C,16,X-line,223,555.3,750.0,51.0254,3.0666,3.2699,1.764
C,16,X-line,224,557.8,750.0,51.0254,3.0666,3.2699,1.514
C,16,X-line,225,560.2,750.0,51.0254,3.0666,3.2699,1.318
C,16,X-line,226,562.7,750.0,51.0254,3.0666,3.2699,1.461
C,16,X-line,227,565.2,750.0,51.0254,3.0666,3.2699,1.091
C,16,X-line,228,567.7,750.0,51.0254,3.0666,3.2699,1.557
C,16,X-line,229,570.2,750.0,51.2695,3.0813,3.2846,1.528
C,16,X-line,230,572.7,750.0,51.2695,3.0813,3.2846,1.729
C,16,X-line,231,575.2,750.0,51.2695,3.0813,3.2846,1.443
C,16,X-line,232,577.7,750.0,51.2695,3.0813,3.2846,1.496
C,16,X-line,233,580.2,750.0,51.2695,3.0813,3.2846,1.552
C,16,X-line,234,582.7,750.0,51.2695,3.0813,3.2846,1.533
C,16,X-line,235,585.2,750.0,51.2695,3.0813,3.2846,1.524
C,16,X-line,236,587.6,750.0,51.2695,3.0813,3.2846,1.519
C,16,X-line,237,590.1,750.0,51.2695,3.0813,3.2846,1.563
C,16,X-line,238,592.6,750.0,51.3916,3.0886,3.2919,1.509
C,16,X-line,239,595.1,750.0,51.6357,3.1033,3.3066,1.552
C,16,X-line,240,597.6,750.0,51.8799,3.118,3.3213,1.583
C,16,X-line,241,600.1,750.0,52.124,3.1327,3.336,1.151
C,16,X-line,242,602.6,750.0,52.3682,3.1473,3.3506,1.163
C,16,X-line,243,605.1,750.0,52.6123,3.162,3.3653,0.839
C,16,X-line,244,607.6,750.0,52.8564,3.1767,3.38,1.383
C,16,X-line,245,610.1,750.0,53.1006,3.1913,3.3946,1.806
C,16,X-line,246,612.5,750.0,53.3447,3.206,3.4093,1.959
C,16,X-line,247,615.0,750.0,53.4668,3.2134,3.4167,1.619
C,16,X-line,248,617.5,750.0,53.4668,3.2134,3.4167,1.42
C,16,X-line,249,620.0,750.0,53.4668,3.2134,3.4167,1.097
C,16,X-line,250,622.5,750.0,53.4668,3.2134,3.4167,1.471
C,16,X-line,251,625.0,750.0,53.4668,3.2134,3.4167,1.378
C,16,X-line,252,627.5,750.0,53.4668,3.2134,3.4167,1.58
C,16,X-line,253,630.0,750.0,53.4668,3.2134,3.4167,1.463
C,16,X-line,254,632.5,750.0,53.4668,3.2134,3.4167,1.623
C,16,X-line,255,635.0,750.0,53.4668,3.2134,3.4167,1.555
C,16,X-line,256,637.4,750.0,53.4668,3.2134,3.4167,1.562
C,16,X-line,257,639.9,750.0,53.4668,3.2134,3.4167,1.302
C,16,X-line,258,642.4,750.0,53.4668,3.2134,3.4167,1.236
C,16,X-line,259,644.9,750.0,53.4668,3.2134,3.4167,1.085
C,16,X-line,260,647.4,750.0,53.4668,3.2134,3.4167,0.978
C,16,X-line,261,649.9,750.0,53.4668,3.2134,3.4167,0.967
C,16,X-line,262,652.4,750.0,53.4668,3.2134,3.4167,0.833
C,16,X-line,263,654.9,750.0,53.4668,3.2134,3.4167,0.874
C,16,X-line,264,657.4,750.0,53.4668,3.2134,3.4167,0.92
C,16,X-line,265,659.9,750.0,53.4668,3.2134,3.4167,0.64
C,16,X-line,266,662.3,750.0,53.4668,3.2134,3.4167,0.893
C,16,X-line,267,664.8,750.0,53.4668,3.2134,3.4167,0.7
C,16,X-line,268,667.3,750.0,53.4668,3.2134,3.4167,0.861
C,16,X-line,269,669.8,750.0,53.4668,3.2134,3.4167,0.697
C,17,X-line,0,0.0,800.0,47.6074,2.8612,3.0804,1.349
C,17,X-line,1,2.5,800.0,47.6074,2.8612,3.0804,1.489
C,17,X-line,2,5.0,800.0,47.6074,2.8612,3.0804,1.544
C,17,X-line,3,7.5,800.0,47.6074,2.8612,3.0804,1.15
C,17,X-line,4,10.0,800.0,47.6074,2.8612,3.0804,1.485
C,17,X-line,5,12.5,800.0,47.6074,2.8612,3.0804,1.47
C,17,X-line,6,14.9,800.0,47.6074,2.8612,3.0804,1.647
C,17,X-line,7,17.4,800.0,47.6074,2.8612,3.0804,0.387
C,17,X-line,8,19.9,800.0,47.6074,2.8612,3.0804,1.367
C,17,X-line,9,22.4,800.0,47.6074,2.8612,3.0804,1.27
C,17,X-line,10,24.9,800.0,47.6074,2.8612,3.0804,0.848
C,17,X-line,11,27.4,800.0,47.6074,2.8612,3.0804,1.335
C,17,X-line,12,29.9,800.0,47.3633,2.8465,3.0657,0.475
C,17,X-line,13,32.4,800.0,47.3633,2.8465,3.0657,1.032
C,17,X-line,14,34.9,800.0,47.3633,2.8465,3.0657,0.973
C,17,X-line,15,37.4,800.0,47.3633,2.8465,3.0657,0.566
C,17,X-line,16,39.8,800.0,47.3633,2.8465,3.0657,0.867
C,17,X-line,17,42.3,800.0,47.3633,2.8465,3.0657,1.089
C,17,X-line,18,44.8,800.0,47.3633,2.8465,3.0657,0.883
C,17,X-line,19,47.3,800.0,47.3633,2.8465,3.0657,1.414
C,17,X-line,20,49.8,800.0,47.3633,2.8465,3.0657,1.791
C,17,X-line,21,52.3,800.0,47.3633,2.8465,3.0657,1.797
C,17,X-line,22,54.8,800.0,47.3633,2.8465,3.0657,1.495
C,17,X-line,23,57.3,800.0,47.3633,2.8465,3.0657,1.454
C,17,X-line,24,59.8,800.0,47.3633,2.8465,3.0657,1.421
C,17,X-line,25,62.3,800.0,47.3633,2.8465,3.0657,1.778
C,17,X-line,26,64.7,800.0,47.3633,2.8465,3.0657,1.704
C,17,X-line,27,67.2,800.0,47.3633,2.8465,3.0657,1.82
C,17,X-line,28,69.7,800.0,47.4853,2.8539,3.0731,1.875
C,17,X-line,29,72.2,800.0,47.4853,2.8539,3.0731,1.828
C,17,X-line,30,74.7,800.0,47.7295,2.8685,3.0877,1.832
C,17,X-line,31,77.2,800.0,47.7295,2.8685,3.0877,1.762
C,17,X-line,32,79.7,800.0,47.7295,2.8685,3.0877,1.833
C,17,X-line,33,82.2,800.0,47.7295,2.8685,3.0877,1.902
C,17,X-line,34,84.7,800.0,47.9736,2.8832,3.1024,1.756
C,17,X-line,35,87.2,800.0,48.2178,2.8979,3.1171,1.699
C,17,X-line,36,89.6,800.0,48.4619,2.9126,3.1318,1.889
C,17,X-line,37,92.1,800.0,48.4619,2.9126,3.1318,1.998
C,17,X-line,38,94.6,800.0,48.4619,2.9126,3.1318,1.777
C,17,X-line,39,97.1,800.0,48.4619,2.9126,3.1318,1.836
C,17,X-line,40,99.6,800.0,48.4619,2.9126,3.1318,2.037
C,17,X-line,41,102.1,800.0,48.584,2.9199,3.1391,2.08
C,17,X-line,42,104.6,800.0,48.584,2.9199,3.1391,1.955
C,17,X-line,43,107.1,800.0,48.584,2.9199,3.1391,1.941
C,17,X-line,44,109.6,800.0,48.706,2.9272,3.1464,1.877
C,17,X-line,45,112.1,800.0,48.9502,2.9419,3.1611,1.588
C,17,X-line,46,114.5,800.0,49.1943,2.9566,3.1758,1.417
C,17,X-line,47,117.0,800.0,49.4385,2.9713,3.1905,1.21
C,17,X-line,48,119.5,800.0,49.6826,2.9859,3.2051,1.289
C,17,X-line,49,122.0,800.0,49.9268,3.0006,3.2198,1.4
C,17,X-line,50,124.5,800.0,50.1709,3.0153,3.2345,1.638
C,17,X-line,51,127.0,800.0,50.415,3.0299,3.2491,1.866
C,17,X-line,52,129.5,800.0,50.5371,3.0373,3.2565,1.987
C,17,X-line,53,132.0,800.0,50.5371,3.0373,3.2565,1.972
C,17,X-line,54,134.5,800.0,50.5371,3.0373,3.2565,1.833
C,17,X-line,55,137.0,800.0,50.6592,3.0446,3.2638,1.702
C,17,X-line,56,139.4,800.0,50.9033,3.0593,3.2785,1.467
C,17,X-line,57,141.9,800.0,51.1475,3.074,3.2932,1.478
C,17,X-line,58,144.4,800.0,51.3916,3.0886,3.3078,1.582
C,17,X-line,59,146.9,800.0,51.6357,3.1033,3.3225,1.719
C,17,X-line,60,149.4,800.0,51.6357,3.1033,3.3225,1.842
C,17,X-line,61,151.9,800.0,51.6357,3.1033,3.3225,1.918
C,17,X-line,62,154.4,800.0,51.6357,3.1033,3.3225,2.017
C,17,X-line,63,156.9,800.0,51.6357,3.1033,3.3225,2.122
C,17,X-line,64,159.4,800.0,51.6357,3.1033,3.3225,2.137
C,17,X-line,65,161.9,800.0,51.6357,3.1033,3.3225,2.214
C,17,X-line,66,164.3,800.0,51.6357,3.1033,3.3225,2.221
C,17,X-line,67,166.8,800.0,51.6357,3.1033,3.3225,2.214
C,17,X-line,68,169.3,800.0,51.6357,3.1033,3.3225,2.177
C,17,X-line,69,171.8,800.0,51.6357,3.1033,3.3225,2.097
C,17,X-line,70,174.3,800.0,51.6357,3.1033,3.3225,2.006
C,17,X-line,71,176.8,800.0,51.6357,3.1033,3.3225,1.924
C,17,X-line,72,179.3,800.0,51.7578,3.1106,3.3298,1.788
C,17,X-line,73,181.8,800.0,51.8799,3.118,3.3372,1.761
C,17,X-line,74,184.3,800.0,52.124,3.1327,3.3519,1.746
C,17,X-line,75,186.8,800.0,52.124,3.1327,3.3519,1.767
C,17,X-line,76,189.2,800.0,52.124,3.1327,3.3519,1.783
C,17,X-line,77,191.7,800.0,52.124,3.1327,3.3519,1.778
C,17,X-line,78,194.2,800.0,52.124,3.1327,3.3519,1.782
C,17,X-line,79,196.7,800.0,52.124,3.1327,3.3519,1.74
C,17,X-line,80,199.2,800.0,52.124,3.1327,3.3519,1.7
C,17,X-line,81,201.7,800.0,52.124,3.1327,3.3519,1.587
C,17,X-line,82,204.2,800.0,52.124,3.1327,3.3519,1.527
C,17,X-line,83,206.7,800.0,52.124,3.1327,3.3519,1.507
C,17,X-line,84,209.2,800.0,52.124,3.1327,3.3519,1.507
C,17,X-line,85,211.7,800.0,52.124,3.1327,3.3519,1.481
C,17,X-line,86,214.1,800.0,52.124,3.1327,3.3519,1.612
C,17,X-line,87,216.6,800.0,52.124,3.1327,3.3519,1.739
C,17,X-line,88,219.1,800.0,52.124,3.1327,3.3519,1.869
C,17,X-line,89,221.6,800.0,52.124,3.1327,3.3519,1.95
C,17,X-line,90,224.1,800.0,52.124,3.1327,3.3519,2.027
C,17,X-line,91,226.6,800.0,52.124,3.1327,3.3519,2.142
C,17,X-line,92,229.1,800.0,52.2461,3.14,3.3592,2.14
C,17,X-line,93,231.6,800.0,52.3682,3.1473,3.3665,2.177
C,17,X-line,94,234.1,800.0,52.4902,3.1547,3.3739,2.271
C,17,X-line,95,236.6,800.0,52.6123,3.162,3.3812,2.236
C,17,X-line,96,239.0,800.0,52.8564,3.1767,3.3959,2.217
C,17,X-line,97,241.5,800.0,52.9785,3.184,3.4032,2.192
C,17,X-line,98,244.0,800.0,52.9785,3.184,3.4032,2.111
C,17,X-line,99,246.5,800.0,52.9785,3.184,3.4032,1.979
C,17,X-line,100,249.0,800.0,52.9785,3.184,3.4032,1.972
C,17,X-line,101,251.5,800.0,52.9785,3.184,3.4032,1.77
C,17,X-line,102,254.0,800.0,52.9785,3.184,3.4032,1.667
C,17,X-line,103,256.5,800.0,52.9785,3.184,3.4032,1.728
C,17,X-line,104,259.0,800.0,52.9785,3.184,3.4032,1.665
C,17,X-line,105,261.5,800.0,52.9785,3.184,3.4032,1.548
C,17,X-line,106,263.9,800.0,52.9785,3.184,3.4032,1.596
C,17,X-line,107,266.4,800.0,52.9785,3.184,3.4032,1.5
C,17,X-line,108,268.9,800.0,52.9785,3.184,3.4032,1.51
C,17,X-line,109,271.4,800.0,52.8564,3.1767,3.3959,1.558
C,17,X-line,110,273.9,800.0,52.6123,3.162,3.3812,1.69
C,17,X-line,111,276.4,800.0,52.4902,3.1547,3.3739,1.918
C,17,X-line,112,278.9,800.0,52.4902,3.1547,3.3739,1.991
C,17,X-line,113,281.4,800.0,52.4902,3.1547,3.3739,2.008
C,17,X-line,114,283.9,800.0,52.4902,3.1547,3.3739,2.008
C,17,X-line,115,286.4,800.0,52.4902,3.1547,3.3739,1.98
C,17,X-line,116,288.8,800.0,52.4902,3.1547,3.3739,1.992
C,17,X-line,117,291.3,800.0,52.4902,3.1547,3.3739,2.037
C,17,X-line,118,293.8,800.0,52.4902,3.1547,3.3739,2.044
C,17,X-line,119,296.3,800.0,52.4902,3.1547,3.3739,2.087
C,17,X-line,120,298.8,800.0,52.4902,3.1547,3.3739,2.117
C,17,X-line,121,301.3,800.0,52.4902,3.1547,3.3739,2.072
C,17,X-line,122,303.8,800.0,52.4902,3.1547,3.3739,2.034
C,17,X-line,123,306.3,800.0,52.4902,3.1547,3.3739,2.095
C,17,X-line,124,308.8,800.0,52.4902,3.1547,3.3739,1.965
C,17,X-line,125,311.2,800.0,52.4902,3.1547,3.3739,1.912
C,17,X-line,126,313.7,800.0,52.4902,3.1547,3.3739,1.847
C,17,X-line,127,316.2,800.0,52.4902,3.1547,3.3739,1.788
C,17,X-line,128,318.7,800.0,52.4902,3.1547,3.3739,1.753
C,17,X-line,129,321.2,800.0,52.4902,3.1547,3.3739,1.753
C,17,X-line,130,323.7,800.0,52.4902,3.1547,3.3739,1.791
C,17,X-line,131,326.2,800.0,52.4902,3.1547,3.3739,1.815
C,17,X-line,132,328.7,800.0,52.4902,3.1547,3.3739,1.864
C,17,X-line,133,331.2,800.0,52.4902,3.1547,3.3739,1.973
C,17,X-line,134,333.7,800.0,52.4902,3.1547,3.3739,2.183
C,17,X-line,135,336.2,800.0,52.4902,3.1547,3.3739,2.237
C,17,X-line,136,338.6,800.0,52.4902,3.1547,3.3739,2.25
C,17,X-line,137,341.1,800.0,52.4902,3.1547,3.3739,2.171
C,17,X-line,138,343.6,800.0,52.4902,3.1547,3.3739,1.907
C,17,X-line,139,346.1,800.0,52.4902,3.1547,3.3739,1.764
C,17,X-line,140,348.6,800.0,52.4902,3.1547,3.3739,1.45
C,17,X-line,141,351.1,800.0,52.4902,3.1547,3.3739,1.407
C,17,X-line,142,353.6,800.0,52.4902,3.1547,3.3739,1.367
C,17,X-line,143,356.1,800.0,52.4902,3.1547,3.3739,1.296
C,17,X-line,144,358.6,800.0,52.7344,3.1693,3.3885,1.31
C,17,X-line,145,361.1,800.0,52.9785,3.184,3.4032,1.495
C,17,X-line,146,363.5,800.0,52.9785,3.184,3.4032,1.605
C,17,X-line,147,366.0,800.0,52.9785,3.184,3.4032,1.691
C,17,X-line,148,368.5,800.0,52.9785,3.184,3.4032,1.695
C,17,X-line,149,371.0,800.0,52.9785,3.184,3.4032,1.842
C,17,X-line,150,373.5,800.0,52.9785,3.184,3.4032,1.967
C,17,X-line,151,376.0,800.0,53.1006,3.1913,3.4105,1.823
C,17,X-line,152,378.5,800.0,53.1006,3.1913,3.4105,1.876
C,17,X-line,153,381.0,800.0,53.1006,3.1913,3.4105,1.796
C,17,X-line,154,383.5,800.0,53.1006,3.1913,3.4105,1.798
C,17,X-line,155,386.0,800.0,53.1006,3.1913,3.4105,1.841
C,17,X-line,156,388.4,800.0,53.1006,3.1913,3.4105,1.918
C,17,X-line,157,390.9,800.0,53.1006,3.1913,3.4105,1.738
C,17,X-line,158,393.4,800.0,53.1006,3.1913,3.4105,1.864
C,17,X-line,159,395.9,800.0,53.1006,3.1913,3.4105,1.744
C,17,X-line,160,398.4,800.0,53.1006,3.1913,3.4105,1.653
C,17,X-line,161,400.9,800.0,53.1006,3.1913,3.4105,1.624
C,17,X-line,162,403.4,800.0,53.1006,3.1913,3.4105,1.317
C,17,X-line,163,405.9,800.0,53.1006,3.1913,3.4105,1.307
C,17,X-line,164,408.4,800.0,53.1006,3.1913,3.4105,1.255
C,17,X-line,165,410.9,800.0,53.1006,3.1913,3.4105,1.173
C,17,X-line,166,413.3,800.0,53.1006,3.1913,3.4105,1.23
C,17,X-line,167,415.8,800.0,53.1006,3.1913,3.4105,1.365
C,17,X-line,168,418.3,800.0,53.1006,3.1913,3.4105,1.148
C,17,X-line,169,420.8,800.0,53.1006,3.1913,3.4105,1.102
C,17,X-line,170,423.3,800.0,53.1006,3.1913,3.4105,1.233
C,17,X-line,171,425.8,800.0,53.1006,3.1913,3.4105,1.274
C,17,X-line,172,428.3,800.0,52.9785,3.184,3.4032,1.419
C,17,X-line,173,430.8,800.0,52.9785,3.184,3.4032,1.584
C,17,X-line,174,433.3,800.0,52.9785,3.184,3.4032,1.799
C,17,X-line,175,435.8,800.0,52.9785,3.184,3.4032,1.787
C,17,X-line,176,438.2,800.0,52.9785,3.184,3.4032,1.914
C,17,X-line,177,440.7,800.0,52.9785,3.184,3.4032,1.857
C,17,X-line,178,443.2,800.0,52.9785,3.184,3.4032,1.828
C,17,X-line,179,445.7,800.0,52.9785,3.184,3.4032,1.901
C,17,X-line,180,448.2,800.0,52.9785,3.184,3.4032,1.596
C,17,X-line,181,450.7,800.0,52.9785,3.184,3.4032,1.801
C,17,X-line,182,453.2,800.0,52.9785,3.184,3.4032,1.745
C,17,X-line,183,455.7,800.0,52.9785,3.184,3.4032,1.761
C,17,X-line,184,458.2,800.0,52.9785,3.184,3.4032,1.802
C,17,X-line,185,460.7,800.0,52.9785,3.184,3.4032,1.923
C,17,X-line,186,463.1,800.0,52.9785,3.184,3.4032,1.87
C,17,X-line,187,465.6,800.0,52.9785,3.184,3.4032,1.837
C,17,X-line,188,468.1,800.0,52.9785,3.184,3.4032,1.951
C,17,X-line,189,470.6,800.0,52.9785,3.184,3.4032,1.951
C,17,X-line,190,473.1,800.0,52.9785,3.184,3.4032,1.821
C,17,X-line,191,475.6,800.0,52.9785,3.184,3.4032,1.445
C,17,X-line,192,478.1,800.0,53.2227,3.1987,3.4179,1.117
C,17,X-line,193,480.6,800.0,53.4668,3.2134,3.4326,1.802
C,17,X-line,194,483.1,800.0,53.4668,3.2134,3.4326,1.884
C,17,X-line,195,485.6,800.0,53.4668,3.2134,3.4326,1.869
C,17,X-line,196,488.0,800.0,53.4668,3.2134,3.4326,1.738
C,17,X-line,197,490.5,800.0,53.4668,3.2134,3.4326,1.719
C,17,X-line,198,493.0,800.0,53.4668,3.2134,3.4326,1.819
C,17,X-line,199,495.5,800.0,53.4668,3.2134,3.4326,1.581
C,17,X-line,200,498.0,800.0,53.4668,3.2134,3.4326,1.231
C,17,X-line,201,500.5,800.0,53.4668,3.2134,3.4326,1.196
C,17,X-line,202,503.0,800.0,53.2227,3.1987,3.4179,0.802
C,17,X-line,203,505.5,800.0,52.9785,3.184,3.4032,0.46
C,17,X-line,204,508.0,800.0,52.7344,3.1693,3.3885,0.834
C,17,X-line,205,510.5,800.0,52.4902,3.1547,3.3739,1.091
C,17,X-line,206,512.9,800.0,52.2461,3.14,3.3592,1.238
C,17,X-line,207,515.4,800.0,52.2461,3.14,3.3592,1.315
C,17,X-line,208,517.9,800.0,52.2461,3.14,3.3592,1.359
C,17,X-line,209,520.4,800.0,52.2461,3.14,3.3592,1.162
C,17,X-line,210,522.9,800.0,52.2461,3.14,3.3592,1.065
C,17,X-line,211,525.4,800.0,52.2461,3.14,3.3592,1.014
C,17,X-line,212,527.9,800.0,52.2461,3.14,3.3592,1.054
C,17,X-line,213,530.4,800.0,52.2461,3.14,3.3592,1.237
C,17,X-line,214,532.9,800.0,52.2461,3.14,3.3592,1.475
C,17,X-line,215,535.4,800.0,52.2461,3.14,3.3592,1.68
C,17,X-line,216,537.8,800.0,52.2461,3.14,3.3592,1.696
C,17,X-line,217,540.3,800.0,52.2461,3.14,3.3592,1.548
C,17,X-line,218,542.8,800.0,52.3682,3.1473,3.3665,1.742
C,17,X-line,219,545.3,800.0,52.6123,3.162,3.3812,1.595
C,17,X-line,220,547.8,800.0,52.8564,3.1767,3.3959,1.781
C,17,X-line,221,550.3,800.0,53.1006,3.1913,3.4105,1.754
C,17,X-line,222,552.8,800.0,53.1006,3.1913,3.4105,1.764
C,17,X-line,223,555.3,800.0,53.2227,3.1987,3.4179,1.833
C,17,X-line,224,557.8,800.0,53.2227,3.1987,3.4179,1.818
C,17,X-line,225,560.2,800.0,53.2227,3.1987,3.4179,1.723
C,17,X-line,226,562.7,800.0,53.3447,3.206,3.4252,1.794
C,17,X-line,227,565.2,800.0,53.3447,3.206,3.4252,1.664
C,17,X-line,228,567.7,800.0,53.4668,3.2134,3.4326,1.764
C,17,X-line,229,570.2,800.0,53.5889,3.2207,3.4399,1.626
C,17,X-line,230,572.7,800.0,53.5889,3.2207,3.4399,1.85
C,17,X-line,231,575.2,800.0,53.833,3.2354,3.4546,1.976
C,17,X-line,232,577.7,800.0,53.833,3.2354,3.4546,2.325
C,17,X-line,233,580.2,800.0,53.833,3.2354,3.4546,2.156
C,17,X-line,234,582.7,800.0,53.9551,3.2427,3.4619,1.773
C,17,X-line,235,585.2,800.0,54.0771,3.25,3.4692,1.936
C,17,X-line,236,587.6,800.0,54.1992,3.2574,3.4766,1.698
C,17,X-line,237,590.1,800.0,54.3213,3.2647,3.4839,1.781
C,17,X-line,238,592.6,800.0,54.4434,3.272,3.4912,1.846
C,17,X-line,239,595.1,800.0,54.6875,3.2867,3.5059,1.797
C,17,X-line,240,597.6,800.0,54.6875,3.2867,3.5059,2.151
C,17,X-line,241,600.1,800.0,54.9316,3.3014,3.5206,1.626
C,17,X-line,242,602.6,800.0,55.1758,3.3161,3.5353,1.781
C,17,X-line,243,605.1,800.0,55.2978,3.3234,3.5426,1.701
C,17,X-line,244,607.6,800.0,55.2978,3.3234,3.5426,1.56
C,17,X-line,245,610.1,800.0,55.2978,3.3234,3.5426,1.779
C,17,X-line,246,612.5,800.0,55.2978,3.3234,3.5426,1.575
C,17,X-line,247,615.0,800.0,55.2978,3.3234,3.5426,1.533
C,17,X-line,248,617.5,800.0,55.2978,3.3234,3.5426,1.386
C,17,X-line,249,620.0,800.0,55.2978,3.3234,3.5426,1.399
C,17,X-line,250,622.5,800.0,55.2978,3.3234,3.5426,1.301
C,17,X-line,251,625.0,800.0,55.2978,3.3234,3.5426,1.339
C,17,X-line,252,627.5,800.0,55.2978,3.3234,3.5426,1.351
C,17,X-line,253,630.0,800.0,55.2978,3.3234,3.5426,1.573
C,17,X-line,254,632.5,800.0,55.2978,3.3234,3.5426,1.709
C,17,X-line,255,635.0,800.0,55.2978,3.3234,3.5426,1.474
C,17,X-line,256,637.4,800.0,55.2978,3.3234,3.5426,0.408
C,17,X-line,257,639.9,800.0,55.2978,3.3234,3.5426,0.602
C,17,X-line,258,642.4,800.0,55.2978,3.3234,3.5426,1.129
C,17,X-line,259,644.9,800.0,55.2978,3.3234,3.5426,1.275
C,17,X-line,260,647.4,800.0,55.2978,3.3234,3.5426,1.379
C,17,X-line,261,649.9,800.0,55.2978,3.3234,3.5426,1.65
C,17,X-line,262,652.4,800.0,55.2978,3.3234,3.5426,1.579
C,17,X-line,263,654.9,800.0,55.0537,3.3087,3.5279,1.502
C,17,X-line,264,657.4,800.0,54.8096,3.2941,3.5133,1.289
C,17,X-line,265,659.9,800.0,54.5654,3.2794,3.4986,1.375
C,17,X-line,266,662.3,800.0,54.3213,3.2647,3.4839,1.487
C,17,X-line,267,664.8,800.0,54.0771,3.25,3.4692,1.737
C,17,X-line,268,667.3,800.0,53.833,3.2354,3.4546,1.614
C,17,X-line,269,669.8,800.0,53.833,3.2354,3.4546,1.806
C,17,X-line,270,672.3,800.0,53.833,3.2354,3.4546,1.754
C,17,X-line,271,674.8,800.0,53.5889,3.2207,3.4399,1.653
C,17,X-line,272,677.3,800.0,53.5889,3.2207,3.4399,1.582
C,17,X-line,273,679.8,800.0,53.4668,3.2134,3.4326,1.408
C,17,X-line,274,682.3,800.0,53.4668,3.2134,3.4326,1.516
C,17,X-line,275,684.8,800.0,53.4668,3.2134,3.4326,1.369
C,17,X-line,276,687.2,800.0,53.4668,3.2134,3.4326,1.345
C,17,X-line,277,689.7,800.0,53.4668,3.2134,3.4326,1.415
C,17,X-line,278,692.2,800.0,53.4668,3.2134,3.4326,1.215
C,17,X-line,279,694.7,800.0,53.4668,3.2134,3.4326,1.254
C,17,X-line,280,697.2,800.0,53.4668,3.2134,3.4326,1.168
C,17,X-line,281,699.7,800.0,53.4668,3.2134,3.4326,1.078
C,17,X-line,282,702.2,800.0,53.4668,3.2134,3.4326,1.278
C,17,X-line,283,704.7,800.0,53.4668,3.2134,3.4326,1.397
C,17,X-line,284,707.2,800.0,53.4668,3.2134,3.4326,1.207
C,17,X-line,285,709.7,800.0,53.4668,3.2134,3.4326,1.08
C,18,Y-line,0,0.0,0.0,58.3496,3.5068,3.4174,0.997
C,18,Y-line,1,0.0,2.5,58.3496,3.5068,3.4174,1.262
C,18,Y-line,2,0.0,5.0,58.3496,3.5068,3.4174,1.35
C,18,Y-line,3,0.0,7.5,58.3496,3.5068,3.4174,1.382
C,18,Y-line,4,0.0,10.0,58.3496,3.5068,3.4174,1.339
C,18,Y-line,5,0.0,12.5,58.3496,3.5068,3.4174,1.337
C,18,Y-line,6,0.0,14.9,58.3496,3.5068,3.4174,1.256
C,18,Y-line,7,0.0,17.4,58.3496,3.5068,3.4174,1.243
C,18,Y-line,8,0.0,19.9,58.1055,3.4921,3.4027,1.204
C,18,Y-line,9,0.0,22.4,57.8613,3.4775,3.3881,1.208
C,18,Y-line,10,0.0,24.9,57.7393,3.4701,3.3807,1.217
C,18,Y-line,11,0.0,27.4,57.7393,3.4701,3.3807,1.467
C,18,Y-line,12,0.0,29.9,57.7393,3.4701,3.3807,1.485
C,18,Y-line,13,0.0,32.4,57.7393,3.4701,3.3807,1.676
C,18,Y-line,14,0.0,34.9,57.7393,3.4701,3.3807,1.923
C,18,Y-line,15,0.0,37.4,57.6172,3.4628,3.3734,2.164
C,18,Y-line,16,0.0,39.8,57.4951,3.4555,3.3661,1.995
C,18,Y-line,17,0.0,42.3,57.4951,3.4555,3.3661,1.99
C,18,Y-line,18,0.0,44.8,57.373,3.4481,3.3587,2.19
C,18,Y-line,19,0.0,47.3,57.373,3.4481,3.3587,2.062
C,18,Y-line,20,0.0,49.8,57.251,3.4408,3.3514,2.098
C,18,Y-line,21,0.0,52.3,57.1289,3.4334,3.344,2.153
C,18,Y-line,22,0.0,54.8,56.8848,3.4188,3.3294,2.137
C,18,Y-line,23,0.0,57.3,56.8848,3.4188,3.3294,2.077
C,18,Y-line,24,0.0,59.8,56.8848,3.4188,3.3294,1.968
C,18,Y-line,25,0.0,62.3,56.7627,3.4114,3.322,2.034
C,18,Y-line,26,0.0,64.7,56.6406,3.4041,3.3147,1.92
C,18,Y-line,27,0.0,67.2,56.6406,3.4041,3.3147,1.73
C,18,Y-line,28,0.0,69.7,56.3965,3.3894,3.3,1.853
C,18,Y-line,29,0.0,72.2,56.3965,3.3894,3.3,1.939
C,18,Y-line,30,0.0,74.7,56.2744,3.3821,3.2927,1.811
C,18,Y-line,31,0.0,77.2,56.2744,3.3821,3.2927,1.82
C,18,Y-line,32,0.0,79.7,56.1523,3.3748,3.2854,1.78
C,18,Y-line,33,0.0,82.2,56.1523,3.3748,3.2854,1.841
C,18,Y-line,34,0.0,84.7,56.0303,3.3674,3.278,2.041
C,18,Y-line,35,0.0,87.2,55.9082,3.3601,3.2707,1.906
C,18,Y-line,36,0.0,89.6,55.9082,3.3601,3.2707,1.707
C,18,Y-line,37,0.0,92.1,55.6641,3.3454,3.256,1.787
C,18,Y-line,38,0.0,94.6,55.4199,3.3307,3.2413,1.657
C,18,Y-line,39,0.0,97.1,55.4199,3.3307,3.2413,1.71
C,18,Y-line,40,0.0,99.6,55.4199,3.3307,3.2413,1.776
C,18,Y-line,41,0.0,102.1,55.2978,3.3234,3.234,1.695
C,18,Y-line,42,0.0,104.6,55.1758,3.3161,3.2267,1.524
C,18,Y-line,43,0.0,107.1,55.1758,3.3161,3.2267,1.648
C,18,Y-line,44,0.0,109.6,55.0537,3.3087,3.2193,1.673
C,18,Y-line,45,0.0,112.1,55.0537,3.3087,3.2193,1.722
C,18,Y-line,46,0.0,114.5,54.8096,3.2941,3.2047,1.593
C,18,Y-line,47,0.0,117.0,54.5654,3.2794,3.19,1.462
C,18,Y-line,48,0.0,119.5,54.5654,3.2794,3.19,1.593
C,18,Y-line,49,0.0,122.0,54.3213,3.2647,3.1753,1.579
C,18,Y-line,50,0.0,124.5,54.3213,3.2647,3.1753,1.603
C,18,Y-line,51,0.0,127.0,54.0771,3.25,3.1606,1.629
C,18,Y-line,52,0.0,129.5,54.0771,3.25,3.1606,1.513
C,18,Y-line,53,0.0,132.0,54.0771,3.25,3.1606,1.64
C,18,Y-line,54,0.0,134.5,53.9551,3.2427,3.1533,1.522
C,18,Y-line,55,0.0,137.0,53.833,3.2354,3.146,1.509
C,18,Y-line,56,0.0,139.4,53.833,3.2354,3.146,1.508
C,18,Y-line,57,0.0,141.9,53.833,3.2354,3.146,1.468
C,18,Y-line,58,0.0,144.4,53.5889,3.2207,3.1313,1.467
C,18,Y-line,59,0.0,146.9,53.5889,3.2207,3.1313,1.554
C,18,Y-line,60,0.0,149.4,53.4668,3.2134,3.124,1.451
C,18,Y-line,61,0.0,151.9,53.3447,3.206,3.1166,1.424
C,18,Y-line,62,0.0,154.4,53.1006,3.1913,3.1019,1.563
C,18,Y-line,63,0.0,156.9,52.9785,3.184,3.0946,1.67
C,18,Y-line,64,0.0,159.4,52.9785,3.184,3.0946,1.587
C,18,Y-line,65,0.0,161.9,52.9785,3.184,3.0946,1.588
C,18,Y-line,66,0.0,164.3,52.7344,3.1693,3.0799,1.67
C,18,Y-line,67,0.0,166.8,52.6123,3.162,3.0726,1.831
C,18,Y-line,68,0.0,169.3,52.6123,3.162,3.0726,1.818
C,18,Y-line,69,0.0,171.8,52.6123,3.162,3.0726,1.777
C,18,Y-line,70,0.0,174.3,52.6123,3.162,3.0726,1.663
C,18,Y-line,71,0.0,176.8,52.6123,3.162,3.0726,1.61
C,18,Y-line,72,0.0,179.3,52.6123,3.162,3.0726,1.69
C,18,Y-line,73,0.0,181.8,52.6123,3.162,3.0726,1.633
C,18,Y-line,74,0.0,184.3,52.6123,3.162,3.0726,1.613
C,18,Y-line,75,0.0,186.8,52.3682,3.1473,3.0579,1.599
C,18,Y-line,76,0.0,189.2,52.3682,3.1473,3.0579,1.767
C,18,Y-line,77,0.0,191.7,52.3682,3.1473,3.0579,1.735
C,18,Y-line,78,0.0,194.2,52.3682,3.1473,3.0579,1.68
C,18,Y-line,79,0.0,196.7,52.3682,3.1473,3.0579,1.782
C,18,Y-line,80,0.0,199.2,52.3682,3.1473,3.0579,1.593
C,18,Y-line,81,0.0,201.7,52.3682,3.1473,3.0579,1.694
C,18,Y-line,82,0.0,204.2,52.3682,3.1473,3.0579,1.769
C,18,Y-line,83,0.0,206.7,52.3682,3.1473,3.0579,1.63
C,18,Y-line,84,0.0,209.2,52.3682,3.1473,3.0579,1.554
C,18,Y-line,85,0.0,211.7,52.3682,3.1473,3.0579,1.475
C,18,Y-line,86,0.0,214.1,52.3682,3.1473,3.0579,1.523
C,18,Y-line,87,0.0,216.6,52.3682,3.1473,3.0579,1.531
C,18,Y-line,88,0.0,219.1,52.124,3.1327,3.0433,1.544
C,18,Y-line,89,0.0,221.6,52.124,3.1327,3.0433,1.648
C,18,Y-line,90,0.0,224.1,51.8799,3.118,3.0286,1.779
C,18,Y-line,91,0.0,226.6,51.6357,3.1033,3.0139,1.676
C,18,Y-line,92,0.0,229.1,51.3916,3.0886,2.9992,1.78
C,18,Y-line,93,0.0,231.6,51.2695,3.0813,2.9919,1.931
C,18,Y-line,94,0.0,234.1,51.2695,3.0813,2.9919,1.99
C,18,Y-line,95,0.0,236.6,51.2695,3.0813,2.9919,2.053
C,18,Y-line,96,0.0,239.0,51.2695,3.0813,2.9919,2.041
C,18,Y-line,97,0.0,241.5,51.2695,3.0813,2.9919,1.902
C,18,Y-line,98,0.0,244.0,51.2695,3.0813,2.9919,1.781
C,18,Y-line,99,0.0,246.5,51.2695,3.0813,2.9919,1.623
C,18,Y-line,100,0.0,249.0,51.2695,3.0813,2.9919,1.6
C,18,Y-line,101,0.0,251.5,51.2695,3.0813,2.9919,1.441
C,18,Y-line,102,0.0,254.0,51.2695,3.0813,2.9919,1.379
C,18,Y-line,103,0.0,256.5,51.2695,3.0813,2.9919,1.453
C,18,Y-line,104,0.0,259.0,51.2695,3.0813,2.9919,1.231
C,18,Y-line,105,0.0,261.5,51.2695,3.0813,2.9919,1.139
C,18,Y-line,106,0.0,263.9,51.2695,3.0813,2.9919,1.18
C,18,Y-line,107,0.0,266.4,51.2695,3.0813,2.9919,1.303
C,18,Y-line,108,0.0,268.9,51.2695,3.0813,2.9919,1.31
C,18,Y-line,109,0.0,271.4,51.2695,3.0813,2.9919,1.34
C,18,Y-line,110,0.0,273.9,51.2695,3.0813,2.9919,1.374
C,18,Y-line,111,0.0,276.4,51.2695,3.0813,2.9919,1.242
C,18,Y-line,112,0.0,278.9,51.2695,3.0813,2.9919,1.231
C,18,Y-line,113,0.0,281.4,51.2695,3.0813,2.9919,1.32
C,18,Y-line,114,0.0,283.9,51.2695,3.0813,2.9919,1.296
C,18,Y-line,115,0.0,286.4,51.2695,3.0813,2.9919,1.222
C,18,Y-line,116,0.0,288.8,51.2695,3.0813,2.9919,1.28
C,18,Y-line,117,0.0,291.3,51.2695,3.0813,2.9919,1.281
C,18,Y-line,118,0.0,293.8,51.2695,3.0813,2.9919,1.242
C,18,Y-line,119,0.0,296.3,51.2695,3.0813,2.9919,1.207
C,18,Y-line,120,0.0,298.8,51.2695,3.0813,2.9919,1.435
C,18,Y-line,121,0.0,301.3,51.2695,3.0813,2.9919,1.473
C,18,Y-line,122,0.0,303.8,51.2695,3.0813,2.9919,1.574
C,18,Y-line,123,0.0,306.3,51.2695,3.0813,2.9919,1.607
C,18,Y-line,124,0.0,308.8,51.2695,3.0813,2.9919,1.508
C,18,Y-line,125,0.0,311.2,51.2695,3.0813,2.9919,1.487
C,18,Y-line,126,0.0,313.7,51.2695,3.0813,2.9919,1.679
C,18,Y-line,127,0.0,316.2,51.2695,3.0813,2.9919,1.428
C,18,Y-line,128,0.0,318.7,51.2695,3.0813,2.9919,1.51
C,18,Y-line,129,0.0,321.2,51.2695,3.0813,2.9919,1.548
C,18,Y-line,130,0.0,323.7,51.2695,3.0813,2.9919,1.476
C,18,Y-line,131,0.0,326.2,51.2695,3.0813,2.9919,1.414
C,18,Y-line,132,0.0,328.7,51.2695,3.0813,2.9919,1.381
C,18,Y-line,133,0.0,331.2,51.5137,3.096,3.0066,1.38
C,18,Y-line,134,0.0,333.7,51.5137,3.096,3.0066,1.416
C,18,Y-line,135,0.0,336.2,51.5137,3.096,3.0066,1.489
C,18,Y-line,136,0.0,338.6,51.5137,3.096,3.0066,1.577
C,18,Y-line,137,0.0,341.1,51.5137,3.096,3.0066,1.576
C,18,Y-line,138,0.0,343.6,51.5137,3.096,3.0066,1.67
C,18,Y-line,139,0.0,346.1,51.5137,3.096,3.0066,1.68
C,18,Y-line,140,0.0,348.6,51.6357,3.1033,3.0139,1.784
C,18,Y-line,141,0.0,351.1,51.7578,3.1106,3.0212,1.786
C,18,Y-line,142,0.0,353.6,51.7578,3.1106,3.0212,1.816
C,18,Y-line,143,0.0,356.1,51.7578,3.1106,3.0212,1.875
C,18,Y-line,144,0.0,358.6,51.7578,3.1106,3.0212,1.903
C,18,Y-line,145,0.0,361.1,51.7578,3.1106,3.0212,1.911
C,18,Y-line,146,0.0,363.5,51.7578,3.1106,3.0212,1.922
C,18,Y-line,147,0.0,366.0,51.7578,3.1106,3.0212,1.87
C,18,Y-line,148,0.0,368.5,51.7578,3.1106,3.0212,1.962
C,18,Y-line,149,0.0,371.0,51.7578,3.1106,3.0212,1.944
C,18,Y-line,150,0.0,373.5,51.7578,3.1106,3.0212,1.992
C,18,Y-line,151,0.0,376.0,51.7578,3.1106,3.0212,1.972
C,18,Y-line,152,0.0,378.5,51.7578,3.1106,3.0212,2.091
C,18,Y-line,153,0.0,381.0,51.7578,3.1106,3.0212,1.971
C,18,Y-line,154,0.0,383.5,51.7578,3.1106,3.0212,1.954
C,18,Y-line,155,0.0,386.0,51.7578,3.1106,3.0212,1.842
C,18,Y-line,156,0.0,388.4,51.7578,3.1106,3.0212,1.76
C,18,Y-line,157,0.0,390.9,51.7578,3.1106,3.0212,1.772
C,18,Y-line,158,0.0,393.4,51.7578,3.1106,3.0212,1.698
C,18,Y-line,159,0.0,395.9,51.7578,3.1106,3.0212,1.698
C,18,Y-line,160,0.0,398.4,51.7578,3.1106,3.0212,1.689
C,18,Y-line,161,0.0,400.9,51.8799,3.118,3.0286,1.504
C,18,Y-line,162,0.0,403.4,51.8799,3.118,3.0286,1.738
C,18,Y-line,163,0.0,405.9,51.8799,3.118,3.0286,1.339
C,18,Y-line,164,0.0,408.4,51.8799,3.118,3.0286,1.435
C,18,Y-line,165,0.0,410.9,52.124,3.1327,3.0433,1.435
C,18,Y-line,166,0.0,413.3,52.2461,3.14,3.0506,1.35
C,18,Y-line,167,0.0,415.8,52.2461,3.14,3.0506,1.453
C,18,Y-line,168,0.0,418.3,52.2461,3.14,3.0506,1.381
C,18,Y-line,169,0.0,420.8,52.2461,3.14,3.0506,1.326
C,18,Y-line,170,0.0,423.3,52.2461,3.14,3.0506,1.323
C,18,Y-line,171,0.0,425.8,52.2461,3.14,3.0506,1.318
C,18,Y-line,172,0.0,428.3,52.2461,3.14,3.0506,1.304
C,18,Y-line,173,0.0,430.8,52.2461,3.14,3.0506,1.444
C,18,Y-line,174,0.0,433.3,52.2461,3.14,3.0506,1.544
C,18,Y-line,175,0.0,435.8,52.2461,3.14,3.0506,1.542
C,18,Y-line,176,0.0,438.2,52.2461,3.14,3.0506,1.667
C,18,Y-line,177,0.0,440.7,52.2461,3.14,3.0506,1.714
C,18,Y-line,178,0.0,443.2,52.2461,3.14,3.0506,1.753
C,18,Y-line,179,0.0,445.7,52.2461,3.14,3.0506,1.848
C,18,Y-line,180,0.0,448.2,52.2461,3.14,3.0506,1.854
C,18,Y-line,181,0.0,450.7,52.2461,3.14,3.0506,1.837
C,18,Y-line,182,0.0,453.2,52.3682,3.1473,3.0579,1.822
C,18,Y-line,183,0.0,455.7,52.3682,3.1473,3.0579,1.775
C,18,Y-line,184,0.0,458.2,52.3682,3.1473,3.0579,1.741
C,18,Y-line,185,0.0,460.7,52.6123,3.162,3.0726,1.817
C,18,Y-line,186,0.0,463.1,52.7344,3.1693,3.0799,1.731
C,18,Y-line,187,0.0,465.6,52.8564,3.1767,3.0873,1.706
C,18,Y-line,188,0.0,468.1,52.8564,3.1767,3.0873,1.684
C,18,Y-line,189,0.0,470.6,52.8564,3.1767,3.0873,1.588
C,18,Y-line,190,0.0,473.1,52.8564,3.1767,3.0873,1.529
C,18,Y-line,191,0.0,475.6,52.8564,3.1767,3.0873,1.441
C,18,Y-line,192,0.0,478.1,52.8564,3.1767,3.0873,1.418
C,18,Y-line,193,0.0,480.6,52.8564,3.1767,3.0873,1.472
C,18,Y-line,194,0.0,483.1,52.8564,3.1767,3.0873,1.53
C,18,Y-line,195,0.0,485.6,52.8564,3.1767,3.0873,1.566
C,18,Y-line,196,0.0,488.0,52.8564,3.1767,3.0873,1.635
C,18,Y-line,197,0.0,490.5,52.8564,3.1767,3.0873,1.726
C,18,Y-line,198,0.0,493.0,52.8564,3.1767,3.0873,1.735
C,18,Y-line,199,0.0,495.5,52.8564,3.1767,3.0873,1.716
C,18,Y-line,200,0.0,498.0,52.8564,3.1767,3.0873,1.616
C,18,Y-line,201,0.0,500.5,52.8564,3.1767,3.0873,1.622
C,18,Y-line,202,0.0,503.0,52.8564,3.1767,3.0873,1.577
C,18,Y-line,203,0.0,505.5,52.8564,3.1767,3.0873,1.53
C,18,Y-line,204,0.0,508.0,52.8564,3.1767,3.0873,1.348
C,18,Y-line,205,0.0,510.5,52.8564,3.1767,3.0873,1.291
C,18,Y-line,206,0.0,512.9,52.8564,3.1767,3.0873,1.265
C,18,Y-line,207,0.0,515.4,52.8564,3.1767,3.0873,1.303
C,18,Y-line,208,0.0,517.9,52.8564,3.1767,3.0873,1.173
C,18,Y-line,209,0.0,520.4,52.8564,3.1767,3.0873,1.415
C,18,Y-line,210,0.0,522.9,52.8564,3.1767,3.0873,1.586
C,18,Y-line,211,0.0,525.4,52.8564,3.1767,3.0873,1.953
C,18,Y-line,212,0.0,527.9,52.8564,3.1767,3.0873,2.079
C,18,Y-line,213,0.0,530.4,52.8564,3.1767,3.0873,2.152
C,18,Y-line,214,0.0,532.9,52.9785,3.184,3.0946,1.791
C,18,Y-line,215,0.0,535.4,52.9785,3.184,3.0946,1.747
C,18,Y-line,216,0.0,537.8,53.2227,3.1987,3.1093,1.663
C,18,Y-line,217,0.0,540.3,53.2227,3.1987,3.1093,1.521
C,18,Y-line,218,0.0,542.8,53.2227,3.1987,3.1093,1.596
C,18,Y-line,219,0.0,545.3,53.2227,3.1987,3.1093,1.553
C,18,Y-line,220,0.0,547.8,53.2227,3.1987,3.1093,1.444
C,18,Y-line,221,0.0,550.3,53.2227,3.1987,3.1093,1.445
C,18,Y-line,222,0.0,552.8,53.2227,3.1987,3.1093,1.504
C,18,Y-line,223,0.0,555.3,53.2227,3.1987,3.1093,1.487
C,18,Y-line,224,0.0,557.8,53.2227,3.1987,3.1093,1.524
C,18,Y-line,225,0.0,560.2,53.2227,3.1987,3.1093,1.756
C,18,Y-line,226,0.0,562.7,53.2227,3.1987,3.1093,1.661
C,18,Y-line,227,0.0,565.2,53.2227,3.1987,3.1093,1.693
C,18,Y-line,228,0.0,567.7,53.2227,3.1987,3.1093,1.784
C,18,Y-line,229,0.0,570.2,53.2227,3.1987,3.1093,1.712
C,18,Y-line,230,0.0,572.7,53.2227,3.1987,3.1093,1.721
C,18,Y-line,231,0.0,575.2,53.2227,3.1987,3.1093,1.739
C,18,Y-line,232,0.0,577.7,53.4668,3.2134,3.124,1.728
C,18,Y-line,233,0.0,580.2,53.4668,3.2134,3.124,1.817
C,18,Y-line,234,0.0,582.7,53.4668,3.2134,3.124,1.904
C,18,Y-line,235,0.0,585.2,53.4668,3.2134,3.124,1.779
C,18,Y-line,236,0.0,587.6,53.4668,3.2134,3.124,1.792
C,18,Y-line,237,0.0,590.1,53.5889,3.2207,3.1313,1.821
C,18,Y-line,238,0.0,592.6,53.7109,3.228,3.1386,1.815
C,18,Y-line,239,0.0,595.1,53.7109,3.228,3.1386,1.967
C,18,Y-line,240,0.0,597.6,53.7109,3.228,3.1386,1.938
C,18,Y-line,241,0.0,600.1,53.7109,3.228,3.1386,1.772
C,18,Y-line,242,0.0,602.6,53.7109,3.228,3.1386,1.867
C,18,Y-line,243,0.0,605.1,53.7109,3.228,3.1386,1.734
C,18,Y-line,244,0.0,607.6,53.7109,3.228,3.1386,1.714
C,18,Y-line,245,0.0,610.1,53.7109,3.228,3.1386,2.049
C,18,Y-line,246,0.0,612.5,53.7109,3.228,3.1386,1.986
C,18,Y-line,247,0.0,615.0,53.7109,3.228,3.1386,2.006
C,18,Y-line,248,0.0,617.5,53.7109,3.228,3.1386,2.003
C,18,Y-line,249,0.0,620.0,53.7109,3.228,3.1386,2.044
C,18,Y-line,250,0.0,622.5,53.7109,3.228,3.1386,2.124
C,18,Y-line,251,0.0,625.0,53.7109,3.228,3.1386,2.023
C,18,Y-line,252,0.0,627.5,53.7109,3.228,3.1386,2.022
C,18,Y-line,253,0.0,630.0,53.7109,3.228,3.1386,2.126
C,18,Y-line,254,0.0,632.5,53.7109,3.228,3.1386,2.172
C,18,Y-line,255,0.0,635.0,53.7109,3.228,3.1386,2.23
C,18,Y-line,256,0.0,637.4,53.7109,3.228,3.1386,2.084
C,18,Y-line,257,0.0,639.9,53.7109,3.228,3.1386,2.041
C,18,Y-line,258,0.0,642.4,53.7109,3.228,3.1386,2.057
C,18,Y-line,259,0.0,644.9,53.7109,3.228,3.1386,1.997
C,18,Y-line,260,0.0,647.4,53.833,3.2354,3.146,2.027
C,18,Y-line,261,0.0,649.9,53.9551,3.2427,3.1533,2.086
C,18,Y-line,262,0.0,652.4,53.9551,3.2427,3.1533,1.978
C,18,Y-line,263,0.0,654.9,53.9551,3.2427,3.1533,1.945
C,18,Y-line,264,0.0,657.4,53.9551,3.2427,3.1533,2.237
C,18,Y-line,265,0.0,659.9,53.9551,3.2427,3.1533,2.303
C,18,Y-line,266,0.0,662.3,53.9551,3.2427,3.1533,2.268
C,18,Y-line,267,0.0,664.8,53.9551,3.2427,3.1533,2.245
C,18,Y-line,268,0.0,667.3,53.9551,3.2427,3.1533,2.112
C,18,Y-line,269,0.0,669.8,54.1992,3.2574,3.168,1.847
C,18,Y-line,270,0.0,672.3,54.1992,3.2574,3.168,1.886
C,18,Y-line,271,0.0,674.8,54.1992,3.2574,3.168,1.675
C,18,Y-line,272,0.0,677.3,54.4434,3.272,3.1826,1.655
C,18,Y-line,273,0.0,679.8,54.4434,3.272,3.1826,1.69
C,18,Y-line,274,0.0,682.3,54.4434,3.272,3.1826,1.507
C,18,Y-line,275,0.0,684.8,54.4434,3.272,3.1826,1.627
C,18,Y-line,276,0.0,687.2,54.4434,3.272,3.1826,1.738
C,18,Y-line,277,0.0,689.7,54.4434,3.272,3.1826,1.484
C,18,Y-line,278,0.0,692.2,54.6875,3.2867,3.1973,1.578
C,18,Y-line,279,0.0,694.7,54.9316,3.3014,3.212,1.3
C,18,Y-line,280,0.0,697.2,55.1758,3.3161,3.2267,1.133
C,18,Y-line,281,0.0,699.7,55.4199,3.3307,3.2413,1.018
C,18,Y-line,282,0.0,702.2,55.6641,3.3454,3.256,0.939
C,18,Y-line,283,0.0,704.7,55.9082,3.3601,3.2707,0.867
C,18,Y-line,284,0.0,707.2,56.1523,3.3748,3.2854,0.986
C,18,Y-line,285,0.0,709.7,56.3965,3.3894,3.3,1.252
C,18,Y-line,286,0.0,712.1,56.6406,3.4041,3.3147,1.384
C,18,Y-line,287,0.0,714.6,56.8848,3.4188,3.3294,1.605
C,18,Y-line,288,0.0,717.1,57.1289,3.4334,3.344,1.696
C,18,Y-line,289,0.0,719.6,57.373,3.4481,3.3587,1.685
C,18,Y-line,290,0.0,722.1,57.4951,3.4555,3.3661,1.68
C,18,Y-line,291,0.0,724.6,57.7393,3.4701,3.3807,1.583
C,18,Y-line,292,0.0,727.1,57.9834,3.4848,3.3954,1.636
C,18,Y-line,293,0.0,729.6,58.2275,3.4995,3.4101,1.615
C,18,Y-line,294,0.0,732.1,58.2275,3.4995,3.4101,1.691
C,18,Y-line,295,0.0,734.6,58.4717,3.5141,3.4247,1.737
C,18,Y-line,296,0.0,737.0,58.4717,3.5141,3.4247,1.808
C,18,Y-line,297,0.0,739.5,58.4717,3.5141,3.4247,1.84
C,18,Y-line,298,0.0,742.0,58.4717,3.5141,3.4247,1.888
C,18,Y-line,299,0.0,744.5,58.4717,3.5141,3.4247,1.936
C,18,Y-line,300,0.0,747.0,58.4717,3.5141,3.4247,1.965
C,18,Y-line,301,0.0,749.5,58.4717,3.5141,3.4247,1.949
C,18,Y-line,302,0.0,752.0,58.4717,3.5141,3.4247,1.94
C,18,Y-line,303,0.0,754.5,58.4717,3.5141,3.4247,1.932
C,18,Y-line,304,0.0,757.0,58.4717,3.5141,3.4247,1.888
C,18,Y-line,305,0.0,759.5,58.4717,3.5141,3.4247,1.878
C,18,Y-line,306,0.0,761.9,58.4717,3.5141,3.4247,1.856
C,18,Y-line,307,0.0,764.4,58.4717,3.5141,3.4247,1.841
C,18,Y-line,308,0.0,766.9,58.4717,3.5141,3.4247,1.821
C,18,Y-line,309,0.0,769.4,58.4717,3.5141,3.4247,1.826
C,18,Y-line,310,0.0,771.9,58.4717,3.5141,3.4247,1.889
C,18,Y-line,311,0.0,774.4,58.4717,3.5141,3.4247,1.913
C,18,Y-line,312,0.0,776.9,58.4717,3.5141,3.4247,1.958
C,18,Y-line,313,0.0,779.4,58.4717,3.5141,3.4247,1.898
C,18,Y-line,314,0.0,781.9,58.4717,3.5141,3.4247,1.738
C,18,Y-line,315,0.0,784.4,58.4717,3.5141,3.4247,1.587
C,18,Y-line,316,0.0,786.8,58.4717,3.5141,3.4247,1.299
C,19,Y-line,0,50.0,0.0,57.6172,3.4628,3.3542,0.719
C,19,Y-line,1,50.0,2.5,57.6172,3.4628,3.3542,0.812
C,19,Y-line,2,50.0,5.0,57.6172,3.4628,3.3542,1.101
C,19,Y-line,3,50.0,7.5,57.6172,3.4628,3.3542,0.863
C,19,Y-line,4,50.0,10.0,57.6172,3.4628,3.3542,1.173
C,19,Y-line,5,50.0,12.5,57.373,3.4481,3.3395,1.601
C,19,Y-line,6,50.0,14.9,57.373,3.4481,3.3395,1.616
C,19,Y-line,7,50.0,17.4,57.373,3.4481,3.3395,1.829
C,19,Y-line,8,50.0,19.9,57.373,3.4481,3.3395,1.752
C,19,Y-line,9,50.0,22.4,57.373,3.4481,3.3395,1.571
C,19,Y-line,10,50.0,24.9,57.373,3.4481,3.3395,1.368
C,19,Y-line,11,50.0,27.4,57.373,3.4481,3.3395,1.389
C,19,Y-line,12,50.0,29.9,57.373,3.4481,3.3395,1.303
C,19,Y-line,13,50.0,32.4,57.373,3.4481,3.3395,1.367
C,19,Y-line,14,50.0,34.9,57.373,3.4481,3.3395,1.401
C,19,Y-line,15,50.0,37.4,57.251,3.4408,3.3322,1.38
C,19,Y-line,16,50.0,39.8,57.251,3.4408,3.3322,1.497
C,19,Y-line,17,50.0,42.3,57.251,3.4408,3.3322,1.499
C,19,Y-line,18,50.0,44.8,57.0068,3.4261,3.3175,1.604
C,19,Y-line,19,50.0,47.3,57.0068,3.4261,3.3175,1.656
C,19,Y-line,20,50.0,49.8,57.0068,3.4261,3.3175,1.791
C,19,Y-line,21,50.0,52.3,57.0068,3.4261,3.3175,1.863
C,19,Y-line,22,50.0,54.8,57.0068,3.4261,3.3175,1.926
C,19,Y-line,23,50.0,57.3,56.7627,3.4114,3.3028,1.692
C,19,Y-line,24,50.0,59.8,56.5185,3.3968,3.2882,1.508
C,19,Y-line,25,50.0,62.3,56.2744,3.3821,3.2735,1.259
C,19,Y-line,26,50.0,64.7,56.0303,3.3674,3.2588,1.159
C,19,Y-line,27,50.0,67.2,55.7861,3.3527,3.2441,1.151
C,19,Y-line,28,50.0,69.7,55.542,3.3381,3.2295,1.379
C,19,Y-line,29,50.0,72.2,55.2978,3.3234,3.2148,1.656
C,19,Y-line,30,50.0,74.7,55.0537,3.3087,3.2001,1.913
C,19,Y-line,31,50.0,77.2,54.9316,3.3014,3.1928,1.828
C,19,Y-line,32,50.0,79.7,54.9316,3.3014,3.1928,1.835
C,19,Y-line,33,50.0,82.2,54.9316,3.3014,3.1928,1.825
C,19,Y-line,34,50.0,84.7,54.6875,3.2867,3.1781,1.694
C,19,Y-line,35,50.0,87.2,54.4434,3.272,3.1634,1.49
C,19,Y-line,36,50.0,89.6,54.1992,3.2574,3.1488,1.342
C,19,Y-line,37,50.0,92.1,53.9551,3.2427,3.1341,1.617
C,19,Y-line,38,50.0,94.6,53.9551,3.2427,3.1341,1.48
C,19,Y-line,39,50.0,97.1,53.9551,3.2427,3.1341,1.236
C,19,Y-line,40,50.0,99.6,53.9551,3.2427,3.1341,1.347
C,19,Y-line,41,50.0,102.1,53.9551,3.2427,3.1341,1.153
C,19,Y-line,42,50.0,104.6,53.833,3.2354,3.1268,1.238
C,19,Y-line,43,50.0,107.1,53.833,3.2354,3.1268,1.332
C,19,Y-line,44,50.0,109.6,53.5889,3.2207,3.1121,1.378
C,19,Y-line,45,50.0,112.1,53.5889,3.2207,3.1121,1.287
C,19,Y-line,46,50.0,114.5,53.5889,3.2207,3.1121,1.199
C,19,Y-line,47,50.0,117.0,53.3447,3.206,3.0974,1.007
C,19,Y-line,48,50.0,119.5,53.3447,3.206,3.0974,1.099
C,19,Y-line,49,50.0,122.0,53.2227,3.1987,3.0901,1.114
C,19,Y-line,50,50.0,124.5,52.9785,3.184,3.0754,1.141
C,19,Y-line,51,50.0,127.0,52.7344,3.1693,3.0607,1.062
C,19,Y-line,52,50.0,129.5,52.4902,3.1547,3.0461,1.138
C,19,Y-line,53,50.0,132.0,52.4902,3.1547,3.0461,1.124
C,19,Y-line,54,50.0,134.5,52.4902,3.1547,3.0461,1.316
C,19,Y-line,55,50.0,137.0,52.4902,3.1547,3.0461,1.269
C,19,Y-line,56,50.0,139.4,52.4902,3.1547,3.0461,1.252
C,19,Y-line,57,50.0,141.9,52.2461,3.14,3.0314,1.185
C,19,Y-line,58,50.0,144.4,52.2461,3.14,3.0314,1.243
C,19,Y-line,59,50.0,146.9,52.2461,3.14,3.0314,1.186
C,19,Y-line,60,50.0,149.4,52.2461,3.14,3.0314,1.336
C,19,Y-line,61,50.0,151.9,52.2461,3.14,3.0314,1.326
C,19,Y-line,62,50.0,154.4,52.2461,3.14,3.0314,1.309
C,19,Y-line,63,50.0,156.9,52.2461,3.14,3.0314,1.236
C,19,Y-line,64,50.0,159.4,52.124,3.1327,3.0241,1.276
C,19,Y-line,65,50.0,161.9,52.124,3.1327,3.0241,1.335
C,19,Y-line,66,50.0,164.3,52.124,3.1327,3.0241,1.323
C,19,Y-line,67,50.0,166.8,52.124,3.1327,3.0241,1.304
C,19,Y-line,68,50.0,169.3,52.124,3.1327,3.0241,1.317
C,19,Y-line,69,50.0,171.8,52.124,3.1327,3.0241,1.332
C,19,Y-line,70,50.0,174.3,52.124,3.1327,3.0241,1.361
C,19,Y-line,71,50.0,176.8,51.8799,3.118,3.0094,1.427
C,19,Y-line,72,50.0,179.3,51.8799,3.118,3.0094,1.396
C,19,Y-line,73,50.0,181.8,51.6357,3.1033,2.9947,1.403
C,19,Y-line,74,50.0,184.3,51.5137,3.096,2.9874,1.441
C,19,Y-line,75,50.0,186.8,51.5137,3.096,2.9874,1.413
C,19,Y-line,76,50.0,189.2,51.5137,3.096,2.9874,1.317
C,19,Y-line,77,50.0,191.7,51.3916,3.0886,2.98,1.34
C,19,Y-line,78,50.0,194.2,51.2695,3.0813,2.9727,1.341
C,19,Y-line,79,50.0,196.7,51.1475,3.074,2.9654,1.4
C,19,Y-line,80,50.0,199.2,51.0254,3.0666,2.958,1.444
C,19,Y-line,81,50.0,201.7,50.7812,3.052,2.9434,1.488
C,19,Y-line,82,50.0,204.2,50.7812,3.052,2.9434,1.315
C,19,Y-line,83,50.0,206.7,50.7812,3.052,2.9434,1.443
C,19,Y-line,84,50.0,209.2,50.7812,3.052,2.9434,1.342
C,19,Y-line,85,50.0,211.7,50.7812,3.052,2.9434,1.417
C,19,Y-line,86,50.0,214.1,50.7812,3.052,2.9434,1.383
C,19,Y-line,87,50.0,216.6,50.7812,3.052,2.9434,1.372
C,19,Y-line,88,50.0,219.1,50.7812,3.052,2.9434,1.455
C,19,Y-line,89,50.0,221.6,50.7812,3.052,2.9434,1.446
C,19,Y-line,90,50.0,224.1,50.7812,3.052,2.9434,1.485
C,19,Y-line,91,50.0,226.6,50.7812,3.052,2.9434,1.62
C,19,Y-line,92,50.0,229.1,50.7812,3.052,2.9434,1.71
C,19,Y-line,93,50.0,231.6,50.7812,3.052,2.9434,1.6
C,19,Y-line,94,50.0,234.1,50.7812,3.052,2.9434,1.6
C,19,Y-line,95,50.0,236.6,50.7812,3.052,2.9434,1.714
C,19,Y-line,96,50.0,239.0,50.6592,3.0446,2.936,1.666
C,19,Y-line,97,50.0,241.5,50.6592,3.0446,2.936,1.606
C,19,Y-line,98,50.0,244.0,50.6592,3.0446,2.936,1.691
C,19,Y-line,99,50.0,246.5,50.6592,3.0446,2.936,1.636
C,19,Y-line,100,50.0,249.0,50.6592,3.0446,2.936,1.654
C,19,Y-line,101,50.0,251.5,50.6592,3.0446,2.936,1.542
C,19,Y-line,102,50.0,254.0,50.6592,3.0446,2.936,1.63
C,19,Y-line,103,50.0,256.5,50.6592,3.0446,2.936,1.588
C,19,Y-line,104,50.0,259.0,50.6592,3.0446,2.936,1.493
C,19,Y-line,105,50.0,261.5,50.6592,3.0446,2.936,1.64
C,19,Y-line,106,50.0,263.9,50.6592,3.0446,2.936,1.619
C,19,Y-line,107,50.0,266.4,50.6592,3.0446,2.936,1.628
C,19,Y-line,108,50.0,268.9,50.6592,3.0446,2.936,1.577
C,19,Y-line,109,50.0,271.4,50.6592,3.0446,2.936,1.631
C,19,Y-line,110,50.0,273.9,50.6592,3.0446,2.936,1.62
C,19,Y-line,111,50.0,276.4,50.6592,3.0446,2.936,1.686
C,19,Y-line,112,50.0,278.9,50.6592,3.0446,2.936,1.744
C,19,Y-line,113,50.0,281.4,50.6592,3.0446,2.936,1.602
C,19,Y-line,114,50.0,283.9,50.6592,3.0446,2.936,1.681
C,19,Y-line,115,50.0,286.4,50.6592,3.0446,2.936,1.659
C,19,Y-line,116,50.0,288.8,50.6592,3.0446,2.936,1.489
C,19,Y-line,117,50.0,291.3,50.6592,3.0446,2.936,1.49
C,19,Y-line,118,50.0,293.8,50.6592,3.0446,2.936,1.451
C,19,Y-line,119,50.0,296.3,50.6592,3.0446,2.936,1.476
C,19,Y-line,120,50.0,298.8,50.6592,3.0446,2.936,1.685
C,19,Y-line,121,50.0,301.3,50.6592,3.0446,2.936,1.621
C,19,Y-line,122,50.0,303.8,50.6592,3.0446,2.936,1.465
C,19,Y-line,123,50.0,306.3,50.6592,3.0446,2.936,1.643
C,19,Y-line,124,50.0,308.8,50.6592,3.0446,2.936,1.479
C,19,Y-line,125,50.0,311.2,50.6592,3.0446,2.936,1.575
C,19,Y-line,126,50.0,313.7,50.6592,3.0446,2.936,1.656
C,19,Y-line,127,50.0,316.2,50.6592,3.0446,2.936,1.676
C,19,Y-line,128,50.0,318.7,50.6592,3.0446,2.936,1.531
C,19,Y-line,129,50.0,321.2,50.6592,3.0446,2.936,1.596
C,19,Y-line,130,50.0,323.7,50.7812,3.052,2.9434,1.719
C,19,Y-line,131,50.0,326.2,50.7812,3.052,2.9434,1.538
C,19,Y-line,132,50.0,328.7,50.9033,3.0593,2.9507,1.48
C,19,Y-line,133,50.0,331.2,51.0254,3.0666,2.958,1.446
C,19,Y-line,134,50.0,333.7,51.0254,3.0666,2.958,1.578
C,19,Y-line,135,50.0,336.2,51.0254,3.0666,2.958,1.691
C,19,Y-line,136,50.0,338.6,51.2695,3.0813,2.9727,1.565
C,19,Y-line,137,50.0,341.1,51.2695,3.0813,2.9727,1.544
C,19,Y-line,138,50.0,343.6,51.2695,3.0813,2.9727,1.587
C,19,Y-line,139,50.0,346.1,51.2695,3.0813,2.9727,1.607
C,19,Y-line,140,50.0,348.6,51.5137,3.096,2.9874,1.623
C,19,Y-line,141,50.0,351.1,51.5137,3.096,2.9874,1.641
C,19,Y-line,142,50.0,353.6,51.6357,3.1033,2.9947,1.67
C,19,Y-line,143,50.0,356.1,51.6357,3.1033,2.9947,1.606
C,19,Y-line,144,50.0,358.6,51.6357,3.1033,2.9947,1.655
C,19,Y-line,145,50.0,361.1,51.7578,3.1106,3.002,1.705
C,19,Y-line,146,50.0,363.5,51.7578,3.1106,3.002,1.746
C,19,Y-line,147,50.0,366.0,51.7578,3.1106,3.002,1.665
C,19,Y-line,148,50.0,368.5,52.0019,3.1253,3.0167,1.724
C,19,Y-line,149,50.0,371.0,52.0019,3.1253,3.0167,1.849
C,19,Y-line,150,50.0,373.5,52.0019,3.1253,3.0167,1.875
C,19,Y-line,151,50.0,376.0,52.0019,3.1253,3.0167,1.98
C,19,Y-line,152,50.0,378.5,52.0019,3.1253,3.0167,1.967
C,19,Y-line,153,50.0,381.0,52.0019,3.1253,3.0167,2.014
C,19,Y-line,154,50.0,383.5,52.0019,3.1253,3.0167,2.017
C,19,Y-line,155,50.0,386.0,52.124,3.1327,3.0241,1.872
C,19,Y-line,156,50.0,388.4,52.124,3.1327,3.0241,1.934
C,19,Y-line,157,50.0,390.9,52.2461,3.14,3.0314,1.96
C,19,Y-line,158,50.0,393.4,52.2461,3.14,3.0314,1.923
C,19,Y-line,159,50.0,395.9,52.3682,3.1473,3.0387,1.934
C,19,Y-line,160,50.0,398.4,52.3682,3.1473,3.0387,2.008
C,19,Y-line,161,50.0,400.9,52.3682,3.1473,3.0387,1.762
C,19,Y-line,162,50.0,403.4,52.3682,3.1473,3.0387,2.089
C,19,Y-line,163,50.0,405.9,52.3682,3.1473,3.0387,1.909
C,19,Y-line,164,50.0,408.4,52.3682,3.1473,3.0387,1.994
C,19,Y-line,165,50.0,410.9,52.3682,3.1473,3.0387,1.986
C,19,Y-line,166,50.0,413.3,52.3682,3.1473,3.0387,1.963
C,19,Y-line,167,50.0,415.8,52.3682,3.1473,3.0387,1.695
C,19,Y-line,168,50.0,418.3,52.3682,3.1473,3.0387,1.748
C,19,Y-line,169,50.0,420.8,52.3682,3.1473,3.0387,1.63
C,19,Y-line,170,50.0,423.3,52.3682,3.1473,3.0387,1.731
C,19,Y-line,171,50.0,425.8,52.3682,3.1473,3.0387,1.548
C,19,Y-line,172,50.0,428.3,52.3682,3.1473,3.0387,1.523
C,19,Y-line,173,50.0,430.8,52.3682,3.1473,3.0387,1.63
C,19,Y-line,174,50.0,433.3,52.3682,3.1473,3.0387,1.939
C,19,Y-line,175,50.0,435.8,52.6123,3.162,3.0534,1.933
C,19,Y-line,176,50.0,438.2,52.7344,3.1693,3.0607,1.899
C,19,Y-line,177,50.0,440.7,52.7344,3.1693,3.0607,1.945
C,19,Y-line,178,50.0,443.2,52.8564,3.1767,3.0681,1.977
C,19,Y-line,179,50.0,445.7,52.8564,3.1767,3.0681,1.976
C,19,Y-line,180,50.0,448.2,52.9785,3.184,3.0754,2.021
C,19,Y-line,181,50.0,450.7,52.9785,3.184,3.0754,2.04
C,19,Y-line,182,50.0,453.2,53.1006,3.1913,3.0827,2.056
C,19,Y-line,183,50.0,455.7,53.1006,3.1913,3.0827,2.056
C,19,Y-line,184,50.0,458.2,53.1006,3.1913,3.0827,2.021
C,19,Y-line,185,50.0,460.7,53.1006,3.1913,3.0827,1.958
C,19,Y-line,186,50.0,463.1,53.1006,3.1913,3.0827,1.959
C,19,Y-line,187,50.0,465.6,53.2227,3.1987,3.0901,1.982
C,19,Y-line,188,50.0,468.1,53.2227,3.1987,3.0901,1.918
C,19,Y-line,189,50.0,470.6,53.2227,3.1987,3.0901,1.947
C,19,Y-line,190,50.0,473.1,53.2227,3.1987,3.0901,2.016
C,19,Y-line,191,50.0,475.6,53.2227,3.1987,3.0901,1.956
C,19,Y-line,192,50.0,478.1,53.3447,3.206,3.0974,1.917
C,19,Y-line,193,50.0,480.6,53.4668,3.2134,3.1048,1.901
C,19,Y-line,194,50.0,483.1,53.4668,3.2134,3.1048,1.815
C,19,Y-line,195,50.0,485.6,53.5889,3.2207,3.1121,1.834
C,19,Y-line,196,50.0,488.0,53.7109,3.228,3.1194,1.762
C,19,Y-line,197,50.0,490.5,53.7109,3.228,3.1194,1.731
C,19,Y-line,198,50.0,493.0,53.833,3.2354,3.1268,1.683
C,19,Y-line,199,50.0,495.5,53.9551,3.2427,3.1341,1.65
C,19,Y-line,200,50.0,498.0,53.9551,3.2427,3.1341,1.596
C,19,Y-line,201,50.0,500.5,53.9551,3.2427,3.1341,1.581
C,19,Y-line,202,50.0,503.0,53.9551,3.2427,3.1341,1.516
C,19,Y-line,203,50.0,505.5,53.9551,3.2427,3.1341,1.546
C,19,Y-line,204,50.0,508.0,53.9551,3.2427,3.1341,1.489
C,19,Y-line,205,50.0,510.5,53.9551,3.2427,3.1341,1.427
C,19,Y-line,206,50.0,512.9,53.9551,3.2427,3.1341,1.342
C,19,Y-line,207,50.0,515.4,53.9551,3.2427,3.1341,1.356
C,19,Y-line,208,50.0,517.9,53.9551,3.2427,3.1341,1.363
C,19,Y-line,209,50.0,520.4,53.9551,3.2427,3.1341,1.4
C,19,Y-line,210,50.0,522.9,53.9551,3.2427,3.1341,1.328
C,19,Y-line,211,50.0,525.4,53.9551,3.2427,3.1341,1.576
C,19,Y-line,212,50.0,527.9,54.0771,3.25,3.1414,1.766
C,19,Y-line,213,50.0,530.4,54.1992,3.2574,3.1488,2.015
C,19,Y-line,214,50.0,532.9,54.1992,3.2574,3.1488,2.37
C,19,Y-line,215,50.0,535.4,54.3213,3.2647,3.1561,2.448
C,19,Y-line,216,50.0,537.8,54.4434,3.272,3.1634,2.13
C,19,Y-line,217,50.0,540.3,54.5654,3.2794,3.1708,1.966
C,19,Y-line,218,50.0,542.8,54.6875,3.2867,3.1781,1.865
C,19,Y-line,219,50.0,545.3,54.8096,3.2941,3.1855,1.619
C,19,Y-line,220,50.0,547.8,54.8096,3.2941,3.1855,1.579
C,19,Y-line,221,50.0,550.3,54.9316,3.3014,3.1928,1.46
C,19,Y-line,222,50.0,552.8,54.9316,3.3014,3.1928,1.368
C,19,Y-line,223,50.0,555.3,54.9316,3.3014,3.1928,1.325
C,19,Y-line,224,50.0,557.8,54.9316,3.3014,3.1928,1.38
C,19,Y-line,225,50.0,560.2,54.9316,3.3014,3.1928,1.393
C,19,Y-line,226,50.0,562.7,54.9316,3.3014,3.1928,1.334
C,19,Y-line,227,50.0,565.2,54.9316,3.3014,3.1928,1.404
C,19,Y-line,228,50.0,567.7,54.9316,3.3014,3.1928,1.431
C,19,Y-line,229,50.0,570.2,55.0537,3.3087,3.2001,1.533
C,19,Y-line,230,50.0,572.7,55.0537,3.3087,3.2001,1.534
C,19,Y-line,231,50.0,575.2,55.0537,3.3087,3.2001,1.679
C,19,Y-line,232,50.0,577.7,55.0537,3.3087,3.2001,1.682
C,19,Y-line,233,50.0,580.2,55.0537,3.3087,3.2001,1.728
C,19,Y-line,234,50.0,582.7,55.0537,3.3087,3.2001,1.765
C,19,Y-line,235,50.0,585.2,55.0537,3.3087,3.2001,1.826
C,19,Y-line,236,50.0,587.6,55.0537,3.3087,3.2001,1.753
C,19,Y-line,237,50.0,590.1,55.0537,3.3087,3.2001,1.78
C,19,Y-line,238,50.0,592.6,55.0537,3.3087,3.2001,1.721
C,19,Y-line,239,50.0,595.1,55.0537,3.3087,3.2001,1.736
C,19,Y-line,240,50.0,597.6,55.0537,3.3087,3.2001,1.772
C,19,Y-line,241,50.0,600.1,55.0537,3.3087,3.2001,1.773
C,19,Y-line,242,50.0,602.6,55.0537,3.3087,3.2001,1.674
C,19,Y-line,243,50.0,605.1,55.0537,3.3087,3.2001,1.664
C,19,Y-line,244,50.0,607.6,55.0537,3.3087,3.2001,1.765
C,19,Y-line,245,50.0,610.1,55.0537,3.3087,3.2001,1.712
C,19,Y-line,246,50.0,612.5,55.0537,3.3087,3.2001,1.855
C,19,Y-line,247,50.0,615.0,55.0537,3.3087,3.2001,1.861
C,19,Y-line,248,50.0,617.5,55.0537,3.3087,3.2001,1.977
C,19,Y-line,249,50.0,620.0,55.0537,3.3087,3.2001,1.857
C,19,Y-line,250,50.0,622.5,55.0537,3.3087,3.2001,1.828
C,19,Y-line,251,50.0,625.0,55.1758,3.3161,3.2075,1.752
C,19,Y-line,252,50.0,627.5,55.1758,3.3161,3.2075,1.786
C,19,Y-line,253,50.0,630.0,55.1758,3.3161,3.2075,1.846
C,19,Y-line,254,50.0,632.5,55.1758,3.3161,3.2075,1.817
C,19,Y-line,255,50.0,635.0,55.1758,3.3161,3.2075,1.754
C,19,Y-line,256,50.0,637.4,55.1758,3.3161,3.2075,1.767
C,19,Y-line,257,50.0,639.9,55.1758,3.3161,3.2075,1.697
C,19,Y-line,258,50.0,642.4,55.4199,3.3307,3.2221,1.651
C,19,Y-line,259,50.0,644.9,55.6641,3.3454,3.2368,1.486
C,19,Y-line,260,50.0,647.4,55.6641,3.3454,3.2368,1.403
C,19,Y-line,261,50.0,649.9,55.6641,3.3454,3.2368,1.388
C,19,Y-line,262,50.0,652.4,55.6641,3.3454,3.2368,1.399
C,19,Y-line,263,50.0,654.9,55.7861,3.3527,3.2441,1.43
C,19,Y-line,264,50.0,657.4,55.7861,3.3527,3.2441,1.387
C,19,Y-line,265,50.0,659.9,55.9082,3.3601,3.2515,1.298
C,19,Y-line,266,50.0,662.3,55.9082,3.3601,3.2515,1.373
C,19,Y-line,267,50.0,664.8,56.1523,3.3748,3.2662,1.236
C,19,Y-line,268,50.0,667.3,56.3965,3.3894,3.2808,1.309
C,19,Y-line,269,50.0,669.8,56.3965,3.3894,3.2808,1.402
C,19,Y-line,270,50.0,672.3,56.3965,3.3894,3.2808,1.488
C,19,Y-line,271,50.0,674.8,56.3965,3.3894,3.2808,1.644
C,19,Y-line,272,50.0,677.3,56.3965,3.3894,3.2808,1.694
C,19,Y-line,273,50.0,679.8,56.3965,3.3894,3.2808,1.77
C,19,Y-line,274,50.0,682.3,56.3965,3.3894,3.2808,1.736
C,19,Y-line,275,50.0,684.8,56.3965,3.3894,3.2808,1.697
C,19,Y-line,276,50.0,687.2,56.3965,3.3894,3.2808,1.702
C,19,Y-line,277,50.0,689.7,56.3965,3.3894,3.2808,1.662
C,19,Y-line,278,50.0,692.2,56.3965,3.3894,3.2808,1.633
C,19,Y-line,279,50.0,694.7,56.3965,3.3894,3.2808,1.505
C,19,Y-line,280,50.0,697.2,56.3965,3.3894,3.2808,1.62
C,19,Y-line,281,50.0,699.7,56.6406,3.4041,3.2955,1.498
C,19,Y-line,282,50.0,702.2,56.8848,3.4188,3.3102,1.42
C,19,Y-line,283,50.0,704.7,57.1289,3.4334,3.3248,1.259
C,19,Y-line,284,50.0,707.2,57.373,3.4481,3.3395,1.268
C,19,Y-line,285,50.0,709.7,57.6172,3.4628,3.3542,1.298
C,19,Y-line,286,50.0,712.1,57.8613,3.4775,3.3689,1.293
C,19,Y-line,287,50.0,714.6,58.1055,3.4921,3.3835,1.337
C,19,Y-line,288,50.0,717.1,58.3496,3.5068,3.3982,1.289
C,19,Y-line,289,50.0,719.6,58.5937,3.5215,3.4129,1.45
C,19,Y-line,290,50.0,722.1,58.8379,3.5362,3.4276,1.456
C,19,Y-line,291,50.0,724.6,58.8379,3.5362,3.4276,1.5
C,19,Y-line,292,50.0,727.1,58.8379,3.5362,3.4276,1.322
C,19,Y-line,293,50.0,729.6,58.8379,3.5362,3.4276,1.38
C,19,Y-line,294,50.0,732.1,58.8379,3.5362,3.4276,1.364
C,19,Y-line,295,50.0,734.6,58.8379,3.5362,3.4276,1.471
C,19,Y-line,296,50.0,737.0,58.8379,3.5362,3.4276,1.579
C,19,Y-line,297,50.0,739.5,58.8379,3.5362,3.4276,1.713
C,19,Y-line,298,50.0,742.0,58.8379,3.5362,3.4276,1.812
C,19,Y-line,299,50.0,744.5,58.8379,3.5362,3.4276,1.898
C,19,Y-line,300,50.0,747.0,58.7158,3.5288,3.4202,2.009
C,19,Y-line,301,50.0,749.5,58.7158,3.5288,3.4202,2.004
C,19,Y-line,302,50.0,752.0,58.7158,3.5288,3.4202,2.138
C,19,Y-line,303,50.0,754.5,58.7158,3.5288,3.4202,2.139
C,19,Y-line,304,50.0,757.0,58.7158,3.5288,3.4202,2.053
C,19,Y-line,305,50.0,759.5,58.7158,3.5288,3.4202,1.792
C,19,Y-line,306,50.0,761.9,58.7158,3.5288,3.4202,1.515
C,19,Y-line,307,50.0,764.4,58.7158,3.5288,3.4202,1.248
C,19,Y-line,308,50.0,766.9,58.7158,3.5288,3.4202,1.063
C,19,Y-line,309,50.0,769.4,58.7158,3.5288,3.4202,0.982
C,20,Y-line,0,100.0,0.0,57.9834,3.4848,3.3817,1.664
C,20,Y-line,1,100.0,2.5,57.9834,3.4848,3.3817,1.647
C,20,Y-line,2,100.0,5.0,57.9834,3.4848,3.3817,1.573
C,20,Y-line,3,100.0,7.5,57.9834,3.4848,3.3817,1.596
C,20,Y-line,4,100.0,10.0,57.9834,3.4848,3.3817,1.488
C,20,Y-line,5,100.0,12.5,57.9834,3.4848,3.3817,1.571
C,20,Y-line,6,100.0,14.9,57.9834,3.4848,3.3817,1.526
C,20,Y-line,7,100.0,17.4,57.9834,3.4848,3.3817,1.431
C,20,Y-line,8,100.0,19.9,57.7393,3.4701,3.367,1.293
C,20,Y-line,9,100.0,22.4,57.4951,3.4555,3.3524,1.201
C,20,Y-line,10,100.0,24.9,57.251,3.4408,3.3377,1.264
C,20,Y-line,11,100.0,27.4,57.0068,3.4261,3.323,1.445
C,20,Y-line,12,100.0,29.9,56.7627,3.4114,3.3083,1.732
C,20,Y-line,13,100.0,32.4,56.6406,3.4041,3.301,1.879
C,20,Y-line,14,100.0,34.9,56.6406,3.4041,3.301,1.817
C,20,Y-line,15,100.0,37.4,56.6406,3.4041,3.301,1.833
C,20,Y-line,16,100.0,39.8,56.5185,3.3968,3.2937,1.817
C,20,Y-line,17,100.0,42.3,56.5185,3.3968,3.2937,1.881
C,20,Y-line,18,100.0,44.8,56.5185,3.3968,3.2937,1.809
C,20,Y-line,19,100.0,47.3,56.5185,3.3968,3.2937,1.858
C,20,Y-line,20,100.0,49.8,56.5185,3.3968,3.2937,1.784
C,20,Y-line,21,100.0,52.3,56.5185,3.3968,3.2937,1.81
C,20,Y-line,22,100.0,54.8,56.5185,3.3968,3.2937,1.808
C,20,Y-line,23,100.0,57.3,56.2744,3.3821,3.279,1.676
C,20,Y-line,24,100.0,59.8,56.0303,3.3674,3.2643,1.541
C,20,Y-line,25,100.0,62.3,55.7861,3.3527,3.2496,1.453
C,20,Y-line,26,100.0,64.7,55.542,3.3381,3.235,1.256
C,20,Y-line,27,100.0,67.2,55.2978,3.3234,3.2203,1.368
C,20,Y-line,28,100.0,69.7,55.0537,3.3087,3.2056,1.543
C,20,Y-line,29,100.0,72.2,54.8096,3.2941,3.191,1.862
C,20,Y-line,30,100.0,74.7,54.5654,3.2794,3.1763,1.982
C,20,Y-line,31,100.0,77.2,54.5654,3.2794,3.1763,2.088
C,20,Y-line,32,100.0,79.7,54.4434,3.272,3.1689,2.054
C,20,Y-line,33,100.0,82.2,54.4434,3.272,3.1689,2.051
C,20,Y-line,34,100.0,84.7,54.1992,3.2574,3.1543,1.888
C,20,Y-line,35,100.0,87.2,54.0771,3.25,3.1469,1.699
C,20,Y-line,36,100.0,89.6,53.9551,3.2427,3.1396,1.549
C,20,Y-line,37,100.0,92.1,53.7109,3.228,3.1249,1.637
C,20,Y-line,38,100.0,94.6,53.7109,3.228,3.1249,1.581
C,20,Y-line,39,100.0,97.1,53.7109,3.228,3.1249,1.584
C,20,Y-line,40,100.0,99.6,53.5889,3.2207,3.1176,1.414
C,20,Y-line,41,100.0,102.1,53.5889,3.2207,3.1176,1.608
C,20,Y-line,42,100.0,104.6,53.5889,3.2207,3.1176,1.572
C,20,Y-line,43,100.0,107.1,53.5889,3.2207,3.1176,1.561
C,20,Y-line,44,100.0,109.6,53.5889,3.2207,3.1176,1.511
C,20,Y-line,45,100.0,112.1,53.5889,3.2207,3.1176,1.444
C,20,Y-line,46,100.0,114.5,53.5889,3.2207,3.1176,1.45
C,20,Y-line,47,100.0,117.0,53.3447,3.206,3.1029,1.467
C,20,Y-line,48,100.0,119.5,53.3447,3.206,3.1029,1.38
C,20,Y-line,49,100.0,122.0,53.1006,3.1913,3.0882,1.533
C,20,Y-line,50,100.0,124.5,53.1006,3.1913,3.0882,1.447
C,20,Y-line,51,100.0,127.0,53.1006,3.1913,3.0882,1.504
C,20,Y-line,52,100.0,129.5,52.8564,3.1767,3.0736,1.346
C,20,Y-line,53,100.0,132.0,52.8564,3.1767,3.0736,1.424
C,20,Y-line,54,100.0,134.5,52.6123,3.162,3.0589,1.344
C,20,Y-line,55,100.0,137.0,52.3682,3.1473,3.0442,1.379
C,20,Y-line,56,100.0,139.4,52.3682,3.1473,3.0442,1.417
C,20,Y-line,57,100.0,141.9,52.3682,3.1473,3.0442,1.34
C,20,Y-line,58,100.0,144.4,52.124,3.1327,3.0296,1.249
C,20,Y-line,59,100.0,146.9,52.124,3.1327,3.0296,1.3
C,20,Y-line,60,100.0,149.4,51.8799,3.118,3.0149,1.25
C,20,Y-line,61,100.0,151.9,51.7578,3.1106,3.0075,1.253
C,20,Y-line,62,100.0,154.4,51.7578,3.1106,3.0075,1.29
C,20,Y-line,63,100.0,156.9,51.5137,3.096,2.9929,1.517
C,20,Y-line,64,100.0,159.4,51.5137,3.096,2.9929,1.413
C,20,Y-line,65,100.0,161.9,51.3916,3.0886,2.9855,1.407
C,20,Y-line,66,100.0,164.3,51.2695,3.0813,2.9782,1.385
C,20,Y-line,67,100.0,166.8,51.2695,3.0813,2.9782,1.373
C,20,Y-line,68,100.0,169.3,51.1475,3.074,2.9709,1.507
C,20,Y-line,69,100.0,171.8,51.1475,3.074,2.9709,1.523
C,20,Y-line,70,100.0,174.3,51.0254,3.0666,2.9635,1.449
C,20,Y-line,71,100.0,176.8,51.0254,3.0666,2.9635,1.484
C,20,Y-line,72,100.0,179.3,50.9033,3.0593,2.9562,1.491
C,20,Y-line,73,100.0,181.8,50.9033,3.0593,2.9562,1.451
C,20,Y-line,74,100.0,184.3,50.6592,3.0446,2.9415,1.519
C,20,Y-line,75,100.0,186.8,50.6592,3.0446,2.9415,1.459
C,20,Y-line,76,100.0,189.2,50.6592,3.0446,2.9415,1.481
C,20,Y-line,77,100.0,191.7,50.6592,3.0446,2.9415,1.595
C,20,Y-line,78,100.0,194.2,50.6592,3.0446,2.9415,1.598
C,20,Y-line,79,100.0,196.7,50.6592,3.0446,2.9415,1.549
C,20,Y-line,80,100.0,199.2,50.6592,3.0446,2.9415,1.506
C,20,Y-line,81,100.0,201.7,50.6592,3.0446,2.9415,1.486
C,20,Y-line,82,100.0,204.2,50.6592,3.0446,2.9415,1.508
C,20,Y-line,83,100.0,206.7,50.6592,3.0446,2.9415,1.448
C,20,Y-line,84,100.0,209.2,50.5371,3.0373,2.9342,1.524
C,20,Y-line,85,100.0,211.7,50.415,3.0299,2.9268,1.557
C,20,Y-line,86,100.0,214.1,50.415,3.0299,2.9268,1.613
C,20,Y-line,87,100.0,216.6,50.415,3.0299,2.9268,1.509
C,20,Y-line,88,100.0,219.1,50.415,3.0299,2.9268,1.524
C,20,Y-line,89,100.0,221.6,50.415,3.0299,2.9268,1.397
C,20,Y-line,90,100.0,224.1,50.415,3.0299,2.9268,1.398
C,20,Y-line,91,100.0,226.6,50.415,3.0299,2.9268,1.404
C,20,Y-line,92,100.0,229.1,50.415,3.0299,2.9268,1.337
C,20,Y-line,93,100.0,231.6,50.415,3.0299,2.9268,1.448
C,20,Y-line,94,100.0,234.1,50.415,3.0299,2.9268,1.558
C,20,Y-line,95,100.0,236.6,50.415,3.0299,2.9268,1.541
C,20,Y-line,96,100.0,239.0,50.415,3.0299,2.9268,1.595
C,20,Y-line,97,100.0,241.5,50.415,3.0299,2.9268,1.537
C,20,Y-line,98,100.0,244.0,50.415,3.0299,2.9268,1.551
C,20,Y-line,99,100.0,246.5,50.415,3.0299,2.9268,1.671
C,20,Y-line,100,100.0,249.0,50.415,3.0299,2.9268,1.742
C,20,Y-line,101,100.0,251.5,50.415,3.0299,2.9268,1.751
C,20,Y-line,102,100.0,254.0,50.415,3.0299,2.9268,1.817
C,20,Y-line,103,100.0,256.5,50.415,3.0299,2.9268,1.731
C,20,Y-line,104,100.0,259.0,50.415,3.0299,2.9268,1.757
C,20,Y-line,105,100.0,261.5,50.415,3.0299,2.9268,1.75
C,20,Y-line,106,100.0,263.9,50.415,3.0299,2.9268,1.651
C,20,Y-line,107,100.0,266.4,50.415,3.0299,2.9268,1.705
C,20,Y-line,108,100.0,268.9,50.415,3.0299,2.9268,1.619
C,20,Y-line,109,100.0,271.4,50.415,3.0299,2.9268,1.588
C,20,Y-line,110,100.0,273.9,50.415,3.0299,2.9268,1.569
C,20,Y-line,111,100.0,276.4,50.415,3.0299,2.9268,1.414
C,20,Y-line,112,100.0,278.9,50.415,3.0299,2.9268,1.26
C,20,Y-line,113,100.0,281.4,50.415,3.0299,2.9268,1.399
C,20,Y-line,114,100.0,283.9,50.415,3.0299,2.9268,1.234
C,20,Y-line,115,100.0,286.4,50.415,3.0299,2.9268,1.269
C,20,Y-line,116,100.0,288.8,50.415,3.0299,2.9268,1.353
C,20,Y-line,117,100.0,291.3,50.415,3.0299,2.9268,1.272
C,20,Y-line,118,100.0,293.8,50.415,3.0299,2.9268,1.301
C,20,Y-line,119,100.0,296.3,50.415,3.0299,2.9268,1.226
C,20,Y-line,120,100.0,298.8,50.415,3.0299,2.9268,1.34
C,20,Y-line,121,100.0,301.3,50.415,3.0299,2.9268,1.329
C,20,Y-line,122,100.0,303.8,50.415,3.0299,2.9268,1.488
C,20,Y-line,123,100.0,306.3,50.415,3.0299,2.9268,1.572
C,20,Y-line,124,100.0,308.8,50.415,3.0299,2.9268,1.688
C,20,Y-line,125,100.0,311.2,50.415,3.0299,2.9268,1.754
C,20,Y-line,126,100.0,313.7,50.415,3.0299,2.9268,1.722
C,20,Y-line,127,100.0,316.2,50.415,3.0299,2.9268,1.628
C,20,Y-line,128,100.0,318.7,50.5371,3.0373,2.9342,1.657
C,20,Y-line,129,100.0,321.2,50.6592,3.0446,2.9415,1.647
C,20,Y-line,130,100.0,323.7,50.7812,3.052,2.9489,1.687
C,20,Y-line,131,100.0,326.2,50.9033,3.0593,2.9562,1.703
C,20,Y-line,132,100.0,328.7,50.9033,3.0593,2.9562,1.609
C,20,Y-line,133,100.0,331.2,50.9033,3.0593,2.9562,1.763
C,20,Y-line,134,100.0,333.7,51.0254,3.0666,2.9635,1.684
C,20,Y-line,135,100.0,336.2,51.0254,3.0666,2.9635,1.717
C,20,Y-line,136,100.0,338.6,51.1475,3.074,2.9709,1.73
C,20,Y-line,137,100.0,341.1,51.1475,3.074,2.9709,1.552
C,20,Y-line,138,100.0,343.6,51.1475,3.074,2.9709,1.63
C,20,Y-line,139,100.0,346.1,51.2695,3.0813,2.9782,1.656
C,20,Y-line,140,100.0,348.6,51.5137,3.096,2.9929,1.561
C,20,Y-line,141,100.0,351.1,51.5137,3.096,2.9929,1.603
C,20,Y-line,142,100.0,353.6,51.6357,3.1033,3.0002,1.628
C,20,Y-line,143,100.0,356.1,51.7578,3.1106,3.0075,1.632
C,20,Y-line,144,100.0,358.6,51.7578,3.1106,3.0075,1.628
C,20,Y-line,145,100.0,361.1,52.0019,3.1253,3.0222,1.738
C,20,Y-line,146,100.0,363.5,52.0019,3.1253,3.0222,1.666
C,20,Y-line,147,100.0,366.0,52.124,3.1327,3.0296,1.678
C,20,Y-line,148,100.0,368.5,52.124,3.1327,3.0296,1.808
C,20,Y-line,149,100.0,371.0,52.2461,3.14,3.0369,1.89
C,20,Y-line,150,100.0,373.5,52.2461,3.14,3.0369,1.846
C,20,Y-line,151,100.0,376.0,52.2461,3.14,3.0369,1.912
C,20,Y-line,152,100.0,378.5,52.2461,3.14,3.0369,1.812
C,20,Y-line,153,100.0,381.0,52.2461,3.14,3.0369,1.951
C,20,Y-line,154,100.0,383.5,52.4902,3.1547,3.0516,1.821
C,20,Y-line,155,100.0,386.0,52.4902,3.1547,3.0516,1.802
C,20,Y-line,156,100.0,388.4,52.4902,3.1547,3.0516,1.743
C,20,Y-line,157,100.0,390.9,52.4902,3.1547,3.0516,1.613
C,20,Y-line,158,100.0,393.4,52.4902,3.1547,3.0516,1.684
C,20,Y-line,159,100.0,395.9,52.4902,3.1547,3.0516,1.958
C,20,Y-line,160,100.0,398.4,52.4902,3.1547,3.0516,1.872
C,20,Y-line,161,100.0,400.9,52.4902,3.1547,3.0516,1.979
C,20,Y-line,162,100.0,403.4,52.4902,3.1547,3.0516,2.142
C,20,Y-line,163,100.0,405.9,52.4902,3.1547,3.0516,2.069
C,20,Y-line,164,100.0,408.4,52.4902,3.1547,3.0516,2.117
C,20,Y-line,165,100.0,410.9,52.4902,3.1547,3.0516,1.912
C,20,Y-line,166,100.0,413.3,52.4902,3.1547,3.0516,1.847
C,20,Y-line,167,100.0,415.8,52.4902,3.1547,3.0516,1.631
C,20,Y-line,168,100.0,418.3,52.4902,3.1547,3.0516,1.518
C,20,Y-line,169,100.0,420.8,52.4902,3.1547,3.0516,1.62
C,20,Y-line,170,100.0,423.3,52.4902,3.1547,3.0516,1.535
C,20,Y-line,171,100.0,425.8,52.7344,3.1693,3.0662,1.81
C,20,Y-line,172,100.0,428.3,52.9785,3.184,3.0809,1.778
C,20,Y-line,173,100.0,430.8,53.1006,3.1913,3.0882,1.896
C,20,Y-line,174,100.0,433.3,53.2227,3.1987,3.0956,2.007
C,20,Y-line,175,100.0,435.8,53.2227,3.1987,3.0956,2.036
C,20,Y-line,176,100.0,438.2,53.3447,3.206,3.1029,2.089
C,20,Y-line,177,100.0,440.7,53.3447,3.206,3.1029,2.201
C,20,Y-line,178,100.0,443.2,53.3447,3.206,3.1029,2.195
C,20,Y-line,179,100.0,445.7,53.3447,3.206,3.1029,2.216
C,20,Y-line,180,100.0,448.2,53.3447,3.206,3.1029,2.234
C,20,Y-line,181,100.0,450.7,53.3447,3.206,3.1029,2.259
C,20,Y-line,182,100.0,453.2,53.4668,3.2134,3.1103,2.166
C,20,Y-line,183,100.0,455.7,53.4668,3.2134,3.1103,2.128
C,20,Y-line,184,100.0,458.2,53.4668,3.2134,3.1103,2.096
C,20,Y-line,185,100.0,460.7,53.4668,3.2134,3.1103,2.05
C,20,Y-line,186,100.0,463.1,53.5889,3.2207,3.1176,1.963
C,20,Y-line,187,100.0,465.6,53.7109,3.228,3.1249,2.01
C,20,Y-line,188,100.0,468.1,53.7109,3.228,3.1249,1.903
C,20,Y-line,189,100.0,470.6,53.833,3.2354,3.1323,1.924
C,20,Y-line,190,100.0,473.1,53.9551,3.2427,3.1396,1.852
C,20,Y-line,191,100.0,475.6,54.0771,3.25,3.1469,1.847
C,20,Y-line,192,100.0,478.1,54.1992,3.2574,3.1543,1.792
C,20,Y-line,193,100.0,480.6,54.4434,3.272,3.1689,1.794
C,20,Y-line,194,100.0,483.1,54.5654,3.2794,3.1763,1.881
C,20,Y-line,195,100.0,485.6,54.6875,3.2867,3.1836,1.769
C,20,Y-line,196,100.0,488.0,54.8096,3.2941,3.191,1.859
C,20,Y-line,197,100.0,490.5,54.8096,3.2941,3.191,1.896
C,20,Y-line,198,100.0,493.0,54.8096,3.2941,3.191,1.926
C,20,Y-line,199,100.0,495.5,54.8096,3.2941,3.191,1.948
C,20,Y-line,200,100.0,498.0,54.9316,3.3014,3.1983,1.94
C,20,Y-line,201,100.0,500.5,54.9316,3.3014,3.1983,1.904
C,20,Y-line,202,100.0,503.0,54.9316,3.3014,3.1983,1.905
C,20,Y-line,203,100.0,505.5,55.0537,3.3087,3.2056,1.869
C,20,Y-line,204,100.0,508.0,55.0537,3.3087,3.2056,1.84
C,20,Y-line,205,100.0,510.5,55.1758,3.3161,3.213,1.764
C,20,Y-line,206,100.0,512.9,55.1758,3.3161,3.213,1.764
C,20,Y-line,207,100.0,515.4,55.1758,3.3161,3.213,1.677
C,20,Y-line,208,100.0,517.9,55.2978,3.3234,3.2203,1.587
C,20,Y-line,209,100.0,520.4,55.4199,3.3307,3.2276,1.627
C,20,Y-line,210,100.0,522.9,55.542,3.3381,3.235,1.497
C,20,Y-line,211,100.0,525.4,55.7861,3.3527,3.2496,1.451
C,20,Y-line,212,100.0,527.9,56.0303,3.3674,3.2643,1.454
C,20,Y-line,213,100.0,530.4,56.2744,3.3821,3.279,1.362
C,20,Y-line,214,100.0,532.9,56.5185,3.3968,3.2937,1.415
C,20,Y-line,215,100.0,535.4,56.7627,3.4114,3.3083,1.446
C,20,Y-line,216,100.0,537.8,57.0068,3.4261,3.323,1.46
C,20,Y-line,217,100.0,540.3,57.251,3.4408,3.3377,1.53
C,20,Y-line,218,100.0,542.8,57.4951,3.4555,3.3524,1.699
C,20,Y-line,219,100.0,545.3,57.7393,3.4701,3.367,1.819
C,20,Y-line,220,100.0,547.8,57.8613,3.4775,3.3744,1.916
C,20,Y-line,221,100.0,550.3,57.8613,3.4775,3.3744,1.936
C,20,Y-line,222,100.0,552.8,57.8613,3.4775,3.3744,2.032
C,20,Y-line,223,100.0,555.3,57.8613,3.4775,3.3744,1.974
C,20,Y-line,224,100.0,557.8,57.8613,3.4775,3.3744,1.939
C,20,Y-line,225,100.0,560.2,57.8613,3.4775,3.3744,1.944
C,20,Y-line,226,100.0,562.7,57.8613,3.4775,3.3744,1.891
C,20,Y-line,227,100.0,565.2,57.8613,3.4775,3.3744,1.86
C,20,Y-line,228,100.0,567.7,57.8613,3.4775,3.3744,1.656
C,20,Y-line,229,100.0,570.2,57.8613,3.4775,3.3744,1.491
C,20,Y-line,230,100.0,572.7,57.8613,3.4775,3.3744,1.38
C,20,Y-line,231,100.0,575.2,57.8613,3.4775,3.3744,1.275
C,20,Y-line,232,100.0,577.7,57.6172,3.4628,3.3597,1.247
C,20,Y-line,233,100.0,580.2,57.373,3.4481,3.345,1.285
C,20,Y-line,234,100.0,582.7,57.1289,3.4334,3.3303,1.403
C,20,Y-line,235,100.0,585.2,56.8848,3.4188,3.3157,1.525
C,20,Y-line,236,100.0,587.6,56.7627,3.4114,3.3083,1.567
C,20,Y-line,237,100.0,590.1,56.7627,3.4114,3.3083,1.789
C,20,Y-line,238,100.0,592.6,56.7627,3.4114,3.3083,1.924
C,20,Y-line,239,100.0,595.1,56.7627,3.4114,3.3083,1.999
C,20,Y-line,240,100.0,597.6,56.7627,3.4114,3.3083,2.021
C,20,Y-line,241,100.0,600.1,56.7627,3.4114,3.3083,2.034
C,20,Y-line,242,100.0,602.6,56.7627,3.4114,3.3083,1.9
C,20,Y-line,243,100.0,605.1,56.7627,3.4114,3.3083,1.832
C,20,Y-line,244,100.0,607.6,56.7627,3.4114,3.3083,1.906
C,20,Y-line,245,100.0,610.1,56.7627,3.4114,3.3083,1.965
C,20,Y-line,246,100.0,612.5,56.7627,3.4114,3.3083,1.916
C,20,Y-line,247,100.0,615.0,56.7627,3.4114,3.3083,1.996
C,20,Y-line,248,100.0,617.5,56.7627,3.4114,3.3083,1.95
C,20,Y-line,249,100.0,620.0,56.7627,3.4114,3.3083,1.975
C,20,Y-line,250,100.0,622.5,56.7627,3.4114,3.3083,1.949
C,20,Y-line,251,100.0,625.0,56.7627,3.4114,3.3083,1.989
C,20,Y-line,252,100.0,627.5,56.7627,3.4114,3.3083,2.014
C,20,Y-line,253,100.0,630.0,56.7627,3.4114,3.3083,2.107
C,20,Y-line,254,100.0,632.5,56.7627,3.4114,3.3083,2.087
C,20,Y-line,255,100.0,635.0,56.7627,3.4114,3.3083,2.032
C,20,Y-line,256,100.0,637.4,56.7627,3.4114,3.3083,2.145
C,20,Y-line,257,100.0,639.9,56.7627,3.4114,3.3083,2.027
C,20,Y-line,258,100.0,642.4,56.7627,3.4114,3.3083,2.082
C,20,Y-line,259,100.0,644.9,56.7627,3.4114,3.3083,2.053
C,20,Y-line,260,100.0,647.4,56.7627,3.4114,3.3083,2.051
C,20,Y-line,261,100.0,649.9,56.7627,3.4114,3.3083,1.996
C,20,Y-line,262,100.0,652.4,56.7627,3.4114,3.3083,1.967
C,20,Y-line,263,100.0,654.9,56.7627,3.4114,3.3083,1.757
C,20,Y-line,264,100.0,657.4,56.7627,3.4114,3.3083,1.938
C,20,Y-line,265,100.0,659.9,56.7627,3.4114,3.3083,1.762
C,20,Y-line,266,100.0,662.3,56.7627,3.4114,3.3083,1.722
C,20,Y-line,267,100.0,664.8,56.7627,3.4114,3.3083,1.834
C,20,Y-line,268,100.0,667.3,56.7627,3.4114,3.3083,1.71
C,20,Y-line,269,100.0,669.8,56.7627,3.4114,3.3083,1.797
C,20,Y-line,270,100.0,672.3,56.7627,3.4114,3.3083,1.67
C,20,Y-line,271,100.0,674.8,56.8848,3.4188,3.3157,1.685
C,20,Y-line,272,100.0,677.3,56.8848,3.4188,3.3157,1.732
C,20,Y-line,273,100.0,679.8,56.8848,3.4188,3.3157,1.688
C,20,Y-line,274,100.0,682.3,56.8848,3.4188,3.3157,1.584
C,20,Y-line,275,100.0,684.8,56.8848,3.4188,3.3157,1.577
C,20,Y-line,276,100.0,687.2,56.8848,3.4188,3.3157,1.674
C,20,Y-line,277,100.0,689.7,56.8848,3.4188,3.3157,1.605
C,20,Y-line,278,100.0,692.2,56.8848,3.4188,3.3157,1.625
C,20,Y-line,279,100.0,694.7,56.8848,3.4188,3.3157,1.662
C,20,Y-line,280,100.0,697.2,56.8848,3.4188,3.3157,1.718
C,20,Y-line,281,100.0,699.7,57.1289,3.4334,3.3303,1.874
C,20,Y-line,282,100.0,702.2,57.1289,3.4334,3.3303,1.852
C,20,Y-line,283,100.0,704.7,57.1289,3.4334,3.3303,2.122
C,20,Y-line,284,100.0,707.2,57.251,3.4408,3.3377,2.232
C,20,Y-line,285,100.0,709.7,57.251,3.4408,3.3377,2.264
C,20,Y-line,286,100.0,712.1,57.373,3.4481,3.345,2.302
C,20,Y-line,287,100.0,714.6,57.373,3.4481,3.345,2.374
C,20,Y-line,288,100.0,717.1,57.373,3.4481,3.345,2.44
C,20,Y-line,289,100.0,719.6,57.373,3.4481,3.345,2.476
C,20,Y-line,290,100.0,722.1,57.373,3.4481,3.345,2.391
C,20,Y-line,291,100.0,724.6,57.373,3.4481,3.345,2.383
C,20,Y-line,292,100.0,727.1,57.6172,3.4628,3.3597,2.394
C,20,Y-line,293,100.0,729.6,57.6172,3.4628,3.3597,2.147
C,20,Y-line,294,100.0,732.1,57.8613,3.4775,3.3744,2.103
C,20,Y-line,295,100.0,734.6,57.8613,3.4775,3.3744,2.047
C,20,Y-line,296,100.0,737.0,58.1055,3.4921,3.389,2.08
C,20,Y-line,297,100.0,739.5,58.2275,3.4995,3.3964,2.014
C,20,Y-line,298,100.0,742.0,58.3496,3.5068,3.4037,2.055
C,20,Y-line,299,100.0,744.5,58.3496,3.5068,3.4037,2.084
C,20,Y-line,300,100.0,747.0,58.4717,3.5141,3.411,2.043
C,20,Y-line,301,100.0,749.5,58.4717,3.5141,3.411,2.061
C,20,Y-line,302,100.0,752.0,58.4717,3.5141,3.411,1.988
C,20,Y-line,303,100.0,754.5,58.5937,3.5215,3.4184,1.812
C,20,Y-line,304,100.0,757.0,58.5937,3.5215,3.4184,1.723
C,20,Y-line,305,100.0,759.5,58.8379,3.5362,3.4331,1.663
C,20,Y-line,306,100.0,761.9,58.96,3.5435,3.4404,1.617
C,20,Y-line,307,100.0,764.4,58.96,3.5435,3.4404,1.606
C,20,Y-line,308,100.0,766.9,58.96,3.5435,3.4404,1.674
C,20,Y-line,309,100.0,769.4,58.96,3.5435,3.4404,1.686
C,20,Y-line,310,100.0,771.9,58.96,3.5435,3.4404,1.766
C,20,Y-line,311,100.0,774.4,58.96,3.5435,3.4404,1.753
C,20,Y-line,312,100.0,776.9,58.96,3.5435,3.4404,1.796
C,20,Y-line,313,100.0,779.4,58.96,3.5435,3.4404,1.701
C,20,Y-line,314,100.0,781.9,58.96,3.5435,3.4404,1.621
C,21,Y-line,0,150.0,0.0,54.6875,3.2867,3.1405,1.624
C,21,Y-line,1,150.0,2.5,54.6875,3.2867,3.1405,1.593
C,21,Y-line,2,150.0,5.0,54.6875,3.2867,3.1405,1.359
C,21,Y-line,3,150.0,7.5,54.6875,3.2867,3.1405,1.315
C,21,Y-line,4,150.0,10.0,54.6875,3.2867,3.1405,1.534
C,21,Y-line,5,150.0,12.5,54.6875,3.2867,3.1405,1.745
C,21,Y-line,6,150.0,14.9,54.6875,3.2867,3.1405,1.811
C,21,Y-line,7,150.0,17.4,54.6875,3.2867,3.1405,1.718
C,21,Y-line,8,150.0,19.9,54.6875,3.2867,3.1405,1.843
C,21,Y-line,9,150.0,22.4,54.6875,3.2867,3.1405,1.866
C,21,Y-line,10,150.0,24.9,54.6875,3.2867,3.1405,1.873
C,21,Y-line,11,150.0,27.4,54.6875,3.2867,3.1405,1.913
C,21,Y-line,12,150.0,29.9,54.6875,3.2867,3.1405,1.861
C,21,Y-line,13,150.0,32.4,54.6875,3.2867,3.1405,1.922
C,21,Y-line,14,150.0,34.9,54.6875,3.2867,3.1405,1.714
C,21,Y-line,15,150.0,37.4,54.6875,3.2867,3.1405,1.631
C,21,Y-line,16,150.0,39.8,54.6875,3.2867,3.1405,1.453
C,21,Y-line,17,150.0,42.3,54.6875,3.2867,3.1405,1.486
C,21,Y-line,18,150.0,44.8,54.6875,3.2867,3.1405,1.251
C,21,Y-line,19,150.0,47.3,54.6875,3.2867,3.1405,1.255
C,21,Y-line,20,150.0,49.8,54.6875,3.2867,3.1405,1.231
C,21,Y-line,21,150.0,52.3,54.6875,3.2867,3.1405,1.119
C,21,Y-line,22,150.0,54.8,54.6875,3.2867,3.1405,1.244
C,21,Y-line,23,150.0,57.3,54.6875,3.2867,3.1405,1.235
C,21,Y-line,24,150.0,59.8,54.6875,3.2867,3.1405,1.414
C,21,Y-line,25,150.0,62.3,54.6875,3.2867,3.1405,1.399
C,21,Y-line,26,150.0,64.7,54.6875,3.2867,3.1405,1.544
C,21,Y-line,27,150.0,67.2,54.6875,3.2867,3.1405,1.55
C,21,Y-line,28,150.0,69.7,54.6875,3.2867,3.1405,1.657
C,21,Y-line,29,150.0,72.2,54.6875,3.2867,3.1405,1.855
C,21,Y-line,30,150.0,74.7,54.6875,3.2867,3.1405,1.901
C,21,Y-line,31,150.0,77.2,54.6875,3.2867,3.1405,1.801
C,21,Y-line,32,150.0,79.7,54.6875,3.2867,3.1405,1.884
C,21,Y-line,33,150.0,82.2,54.6875,3.2867,3.1405,1.822
C,21,Y-line,34,150.0,84.7,54.6875,3.2867,3.1405,2.001
C,21,Y-line,35,150.0,87.2,54.6875,3.2867,3.1405,1.702
C,21,Y-line,36,150.0,89.6,54.6875,3.2867,3.1405,1.668
C,21,Y-line,37,150.0,92.1,54.6875,3.2867,3.1405,1.526
C,21,Y-line,38,150.0,94.6,54.8096,3.2941,3.1479,1.364
C,21,Y-line,39,150.0,97.1,55.0537,3.3087,3.1625,1.08
C,21,Y-line,40,150.0,99.6,55.2978,3.3234,3.1772,1.191
C,21,Y-line,41,150.0,102.1,55.2978,3.3234,3.1772,1.305
C,21,Y-line,42,150.0,104.6,55.2978,3.3234,3.1772,1.37
C,21,Y-line,43,150.0,107.1,55.2978,3.3234,3.1772,1.458
C,21,Y-line,44,150.0,109.6,55.2978,3.3234,3.1772,1.283
C,21,Y-line,45,150.0,112.1,55.2978,3.3234,3.1772,1.378
C,21,Y-line,46,150.0,114.5,55.2978,3.3234,3.1772,1.419
C,21,Y-line,47,150.0,117.0,55.2978,3.3234,3.1772,1.387
C,21,Y-line,48,150.0,119.5,55.2978,3.3234,3.1772,1.44
C,21,Y-line,49,150.0,122.0,55.0537,3.3087,3.1625,1.406
C,21,Y-line,50,150.0,124.5,54.8096,3.2941,3.1479,1.573
C,21,Y-line,51,150.0,127.0,54.5654,3.2794,3.1332,1.603
C,21,Y-line,52,150.0,129.5,54.4434,3.272,3.1258,1.479
C,21,Y-line,53,150.0,132.0,54.4434,3.272,3.1258,1.742
C,21,Y-line,54,150.0,134.5,54.1992,3.2574,3.1112,1.65
C,21,Y-line,55,150.0,137.0,54.1992,3.2574,3.1112,1.659
C,21,Y-line,56,150.0,139.4,54.1992,3.2574,3.1112,1.638
C,21,Y-line,57,150.0,141.9,53.9551,3.2427,3.0965,1.738
C,21,Y-line,58,150.0,144.4,53.7109,3.228,3.0818,1.767
C,21,Y-line,59,150.0,146.9,53.7109,3.228,3.0818,1.808
C,21,Y-line,60,150.0,149.4,53.7109,3.228,3.0818,1.623
C,21,Y-line,61,150.0,151.9,53.7109,3.228,3.0818,1.696
C,21,Y-line,62,150.0,154.4,53.7109,3.228,3.0818,1.607
C,21,Y-line,63,150.0,156.9,53.7109,3.228,3.0818,1.515
C,21,Y-line,64,150.0,159.4,53.7109,3.228,3.0818,1.417
C,21,Y-line,65,150.0,161.9,53.7109,3.228,3.0818,1.354
C,21,Y-line,66,150.0,164.3,53.7109,3.228,3.0818,1.338
C,21,Y-line,67,150.0,166.8,53.7109,3.228,3.0818,1.462
C,21,Y-line,68,150.0,169.3,53.7109,3.228,3.0818,1.43
C,21,Y-line,69,150.0,171.8,53.7109,3.228,3.0818,1.45
C,21,Y-line,70,150.0,174.3,53.7109,3.228,3.0818,1.372
C,21,Y-line,71,150.0,176.8,53.7109,3.228,3.0818,1.512
C,21,Y-line,72,150.0,179.3,53.7109,3.228,3.0818,1.454
C,21,Y-line,73,150.0,181.8,53.7109,3.228,3.0818,1.509
C,21,Y-line,74,150.0,184.3,53.7109,3.228,3.0818,1.453
C,21,Y-line,75,150.0,186.8,53.7109,3.228,3.0818,1.448
C,21,Y-line,76,150.0,189.2,53.7109,3.228,3.0818,1.431
C,21,Y-line,77,150.0,191.7,53.7109,3.228,3.0818,1.568
C,21,Y-line,78,150.0,194.2,53.7109,3.228,3.0818,1.509
C,21,Y-line,79,150.0,196.7,53.7109,3.228,3.0818,1.498
C,21,Y-line,80,150.0,199.2,53.7109,3.228,3.0818,1.563
C,21,Y-line,81,150.0,201.7,53.7109,3.228,3.0818,1.576
C,21,Y-line,82,150.0,204.2,53.7109,3.228,3.0818,1.575
C,21,Y-line,83,150.0,206.7,53.5889,3.2207,3.0745,1.571
C,21,Y-line,84,150.0,209.2,53.5889,3.2207,3.0745,1.528
C,21,Y-line,85,150.0,211.7,53.5889,3.2207,3.0745,1.523
C,21,Y-line,86,150.0,214.1,53.5889,3.2207,3.0745,1.484
C,21,Y-line,87,150.0,216.6,53.5889,3.2207,3.0745,1.509
C,21,Y-line,88,150.0,219.1,53.3447,3.206,3.0598,1.422
C,21,Y-line,89,150.0,221.6,53.3447,3.206,3.0598,1.426
C,21,Y-line,90,150.0,224.1,53.1006,3.1913,3.0451,1.37
C,21,Y-line,91,150.0,226.6,52.8564,3.1767,3.0305,1.319
C,21,Y-line,92,150.0,229.1,52.6123,3.162,3.0158,1.24
C,21,Y-line,93,150.0,231.6,52.3682,3.1473,3.0011,1.146
C,21,Y-line,94,150.0,234.1,52.124,3.1327,2.9865,1.074
C,21,Y-line,95,150.0,236.6,51.8799,3.118,2.9718,0.973
C,21,Y-line,96,150.0,239.0,51.6357,3.1033,2.9571,0.99
C,21,Y-line,97,150.0,241.5,51.3916,3.0886,2.9424,1.093
C,21,Y-line,98,150.0,244.0,51.1475,3.074,2.9278,1.193
C,21,Y-line,99,150.0,246.5,50.9033,3.0593,2.9131,1.313
C,21,Y-line,100,150.0,249.0,50.6592,3.0446,2.8984,1.35
C,21,Y-line,101,150.0,251.5,50.415,3.0299,2.8837,1.517
C,21,Y-line,102,150.0,254.0,50.415,3.0299,2.8837,1.521
C,21,Y-line,103,150.0,256.5,50.415,3.0299,2.8837,1.487
C,21,Y-line,104,150.0,259.0,50.415,3.0299,2.8837,1.481
C,21,Y-line,105,150.0,261.5,50.415,3.0299,2.8837,1.508
C,21,Y-line,106,150.0,263.9,50.415,3.0299,2.8837,1.5
C,21,Y-line,107,150.0,266.4,50.415,3.0299,2.8837,1.497
C,21,Y-line,108,150.0,268.9,50.415,3.0299,2.8837,1.399
C,21,Y-line,109,150.0,271.4,50.415,3.0299,2.8837,1.469
C,21,Y-line,110,150.0,273.9,50.415,3.0299,2.8837,1.401
C,21,Y-line,111,150.0,276.4,50.415,3.0299,2.8837,1.446
C,21,Y-line,112,150.0,278.9,50.415,3.0299,2.8837,1.428
C,21,Y-line,113,150.0,281.4,50.415,3.0299,2.8837,1.377
C,21,Y-line,114,150.0,283.9,50.415,3.0299,2.8837,1.464
C,21,Y-line,115,150.0,286.4,50.415,3.0299,2.8837,1.382
C,21,Y-line,116,150.0,288.8,50.415,3.0299,2.8837,1.37
C,21,Y-line,117,150.0,291.3,50.415,3.0299,2.8837,1.388
C,21,Y-line,118,150.0,293.8,50.415,3.0299,2.8837,1.359
C,21,Y-line,119,150.0,296.3,50.415,3.0299,2.8837,1.403
C,21,Y-line,120,150.0,298.8,50.415,3.0299,2.8837,1.48
C,21,Y-line,121,150.0,301.3,50.415,3.0299,2.8837,1.483
C,21,Y-line,122,150.0,303.8,50.415,3.0299,2.8837,1.467
C,21,Y-line,123,150.0,306.3,50.415,3.0299,2.8837,1.529
C,21,Y-line,124,150.0,308.8,50.415,3.0299,2.8837,1.502
C,21,Y-line,125,150.0,311.2,50.415,3.0299,2.8837,1.503
C,21,Y-line,126,150.0,313.7,50.415,3.0299,2.8837,1.612
C,21,Y-line,127,150.0,316.2,50.415,3.0299,2.8837,1.583
C,21,Y-line,128,150.0,318.7,50.415,3.0299,2.8837,1.676
C,21,Y-line,129,150.0,321.2,50.415,3.0299,2.8837,1.707
C,21,Y-line,130,150.0,323.7,50.415,3.0299,2.8837,1.78
C,21,Y-line,131,150.0,326.2,50.5371,3.0373,2.8911,1.789
C,21,Y-line,132,150.0,328.7,50.5371,3.0373,2.8911,1.715
C,21,Y-line,133,150.0,331.2,50.5371,3.0373,2.8911,1.801
C,21,Y-line,134,150.0,333.7,50.6592,3.0446,2.8984,1.772
C,21,Y-line,135,150.0,336.2,50.7812,3.052,2.9058,1.791
C,21,Y-line,136,150.0,338.6,50.7812,3.052,2.9058,1.654
C,21,Y-line,137,150.0,341.1,50.9033,3.0593,2.9131,1.65
C,21,Y-line,138,150.0,343.6,51.0254,3.0666,2.9204,1.747
C,21,Y-line,139,150.0,346.1,51.0254,3.0666,2.9204,1.704
C,21,Y-line,140,150.0,348.6,51.0254,3.0666,2.9204,1.656
C,21,Y-line,141,150.0,351.1,51.1475,3.074,2.9278,1.652
C,21,Y-line,142,150.0,353.6,51.1475,3.074,2.9278,1.643
C,21,Y-line,143,150.0,356.1,51.2695,3.0813,2.9351,1.554
C,21,Y-line,144,150.0,358.6,51.2695,3.0813,2.9351,1.519
C,21,Y-line,145,150.0,361.1,51.2695,3.0813,2.9351,1.514
C,21,Y-line,146,150.0,363.5,51.3916,3.0886,2.9424,1.459
C,21,Y-line,147,150.0,366.0,51.5137,3.096,2.9498,1.438
C,21,Y-line,148,150.0,368.5,51.5137,3.096,2.9498,1.408
C,21,Y-line,149,150.0,371.0,51.5137,3.096,2.9498,1.568
C,21,Y-line,150,150.0,373.5,51.5137,3.096,2.9498,1.738
C,21,Y-line,151,150.0,376.0,51.5137,3.096,2.9498,1.832
C,21,Y-line,152,150.0,378.5,51.5137,3.096,2.9498,1.673
C,21,Y-line,153,150.0,381.0,51.5137,3.096,2.9498,1.635
C,21,Y-line,154,150.0,383.5,51.5137,3.096,2.9498,1.527
C,21,Y-line,155,150.0,386.0,51.6357,3.1033,2.9571,1.666
C,21,Y-line,156,150.0,388.4,51.8799,3.118,2.9718,1.608
C,21,Y-line,157,150.0,390.9,52.0019,3.1253,2.9791,1.623
C,21,Y-line,158,150.0,393.4,52.0019,3.1253,2.9791,1.821
C,21,Y-line,159,150.0,395.9,52.124,3.1327,2.9865,1.937
C,21,Y-line,160,150.0,398.4,52.124,3.1327,2.9865,1.951
C,21,Y-line,161,150.0,400.9,52.124,3.1327,2.9865,1.973
C,21,Y-line,162,150.0,403.4,52.124,3.1327,2.9865,1.998
C,21,Y-line,163,150.0,405.9,52.124,3.1327,2.9865,1.797
C,21,Y-line,164,150.0,408.4,52.2461,3.14,2.9938,1.931
C,21,Y-line,165,150.0,410.9,52.2461,3.14,2.9938,1.831
C,21,Y-line,166,150.0,413.3,52.2461,3.14,2.9938,1.794
C,21,Y-line,167,150.0,415.8,52.2461,3.14,2.9938,1.903
C,21,Y-line,168,150.0,418.3,52.2461,3.14,2.9938,2.319
C,21,Y-line,169,150.0,420.8,52.2461,3.14,2.9938,2.202
C,21,Y-line,170,150.0,423.3,52.2461,3.14,2.9938,2.119
C,21,Y-line,171,150.0,425.8,52.4902,3.1547,3.0085,1.951
C,21,Y-line,172,150.0,428.3,52.4902,3.1547,3.0085,1.814
C,21,Y-line,173,150.0,430.8,52.6123,3.162,3.0158,1.783
C,21,Y-line,174,150.0,433.3,52.7344,3.1693,3.0231,1.714
C,21,Y-line,175,150.0,435.8,52.9785,3.184,3.0378,1.775
C,21,Y-line,176,150.0,438.2,52.9785,3.184,3.0378,1.713
C,21,Y-line,177,150.0,440.7,53.2227,3.1987,3.0525,1.577
C,21,Y-line,178,150.0,443.2,53.2227,3.1987,3.0525,1.679
C,21,Y-line,179,150.0,445.7,53.2227,3.1987,3.0525,1.624
C,21,Y-line,180,150.0,448.2,53.4668,3.2134,3.0672,1.562
C,21,Y-line,181,150.0,450.7,53.7109,3.228,3.0818,1.741
C,21,Y-line,182,150.0,453.2,53.9551,3.2427,3.0965,1.813
C,21,Y-line,183,150.0,455.7,53.9551,3.2427,3.0965,1.766
C,21,Y-line,184,150.0,458.2,54.0771,3.25,3.1038,1.979
C,21,Y-line,185,150.0,460.7,54.1992,3.2574,3.1112,1.883
C,21,Y-line,186,150.0,463.1,54.1992,3.2574,3.1112,1.937
C,21,Y-line,187,150.0,465.6,54.1992,3.2574,3.1112,1.742
C,21,Y-line,188,150.0,468.1,54.3213,3.2647,3.1185,1.763
C,21,Y-line,189,150.0,470.6,54.3213,3.2647,3.1185,1.871
C,21,Y-line,190,150.0,473.1,54.3213,3.2647,3.1185,1.638
C,21,Y-line,191,150.0,475.6,54.3213,3.2647,3.1185,1.79
C,21,Y-line,192,150.0,478.1,54.3213,3.2647,3.1185,1.589
C,21,Y-line,193,150.0,480.6,54.3213,3.2647,3.1185,2.008
C,21,Y-line,194,150.0,483.1,54.3213,3.2647,3.1185,2.038
C,21,Y-line,195,150.0,485.6,54.3213,3.2647,3.1185,1.646
C,21,Y-line,196,150.0,488.0,54.3213,3.2647,3.1185,1.774
C,21,Y-line,197,150.0,490.5,54.3213,3.2647,3.1185,1.555
C,21,Y-line,198,150.0,493.0,54.3213,3.2647,3.1185,1.407
C,21,Y-line,199,150.0,495.5,54.4434,3.272,3.1258,1.33
C,21,Y-line,200,150.0,498.0,54.6875,3.2867,3.1405,1.189
C,21,Y-line,201,150.0,500.5,54.9316,3.3014,3.1552,0.915
C,21,Y-line,202,150.0,503.0,55.1758,3.3161,3.1699,0.952
C,21,Y-line,203,150.0,505.5,55.4199,3.3307,3.1845,1.06
C,21,Y-line,204,150.0,508.0,55.6641,3.3454,3.1992,1.133
C,21,Y-line,205,150.0,510.5,55.9082,3.3601,3.2139,1.204
C,21,Y-line,206,150.0,512.9,56.1523,3.3748,3.2286,1.332
C,21,Y-line,207,150.0,515.4,56.3965,3.3894,3.2432,1.408
C,21,Y-line,208,150.0,517.9,56.6406,3.4041,3.2579,1.418
C,21,Y-line,209,150.0,520.4,56.7627,3.4114,3.2652,1.59
C,21,Y-line,210,150.0,522.9,56.8848,3.4188,3.2726,1.508
C,21,Y-line,211,150.0,525.4,56.8848,3.4188,3.2726,1.486
C,21,Y-line,212,150.0,527.9,57.0068,3.4261,3.2799,1.443
C,21,Y-line,213,150.0,530.4,57.251,3.4408,3.2946,1.403
C,21,Y-line,214,150.0,532.9,57.4951,3.4555,3.3093,1.395
C,21,Y-line,215,150.0,535.4,57.7393,3.4701,3.3239,1.42
C,21,Y-line,216,150.0,537.8,57.9834,3.4848,3.3386,1.452
C,21,Y-line,217,150.0,540.3,58.2275,3.4995,3.3533,1.477
C,21,Y-line,218,150.0,542.8,58.2275,3.4995,3.3533,1.604
C,21,Y-line,219,150.0,545.3,58.2275,3.4995,3.3533,1.593
C,21,Y-line,220,150.0,547.8,58.2275,3.4995,3.3533,1.625
C,21,Y-line,221,150.0,550.3,58.2275,3.4995,3.3533,1.662
C,21,Y-line,222,150.0,552.8,58.2275,3.4995,3.3533,1.675
C,21,Y-line,223,150.0,555.3,58.2275,3.4995,3.3533,1.633
C,21,Y-line,224,150.0,557.8,58.2275,3.4995,3.3533,1.559
C,21,Y-line,225,150.0,560.2,58.2275,3.4995,3.3533,1.482
C,21,Y-line,226,150.0,562.7,58.2275,3.4995,3.3533,1.523
C,21,Y-line,227,150.0,565.2,58.2275,3.4995,3.3533,1.554
C,21,Y-line,228,150.0,567.7,58.2275,3.4995,3.3533,1.508
C,21,Y-line,229,150.0,570.2,58.2275,3.4995,3.3533,1.698
C,21,Y-line,230,150.0,572.7,58.2275,3.4995,3.3533,1.852
C,21,Y-line,231,150.0,575.2,58.2275,3.4995,3.3533,1.912
C,21,Y-line,232,150.0,577.7,58.2275,3.4995,3.3533,1.897
C,21,Y-line,233,150.0,580.2,58.2275,3.4995,3.3533,1.942
C,21,Y-line,234,150.0,582.7,58.2275,3.4995,3.3533,1.829
C,21,Y-line,235,150.0,585.2,58.2275,3.4995,3.3533,1.786
C,21,Y-line,236,150.0,587.6,58.2275,3.4995,3.3533,1.773
C,21,Y-line,237,150.0,590.1,58.2275,3.4995,3.3533,1.717
C,21,Y-line,238,150.0,592.6,58.2275,3.4995,3.3533,1.621
C,21,Y-line,239,150.0,595.1,58.2275,3.4995,3.3533,1.556
C,21,Y-line,240,150.0,597.6,58.2275,3.4995,3.3533,1.461
C,21,Y-line,241,150.0,600.1,58.2275,3.4995,3.3533,1.438
C,21,Y-line,242,150.0,602.6,58.2275,3.4995,3.3533,1.313
C,21,Y-line,243,150.0,605.1,58.2275,3.4995,3.3533,1.322
C,21,Y-line,244,150.0,607.6,58.2275,3.4995,3.3533,1.214
C,21,Y-line,245,150.0,610.1,58.2275,3.4995,3.3533,1.223
C,21,Y-line,246,150.0,612.5,58.2275,3.4995,3.3533,1.246
C,21,Y-line,247,150.0,615.0,58.2275,3.4995,3.3533,1.326
C,21,Y-line,248,150.0,617.5,58.2275,3.4995,3.3533,1.395
C,21,Y-line,249,150.0,620.0,58.2275,3.4995,3.3533,1.584
C,21,Y-line,250,150.0,622.5,58.2275,3.4995,3.3533,1.57
C,21,Y-line,251,150.0,625.0,58.2275,3.4995,3.3533,1.67
C,21,Y-line,252,150.0,627.5,58.2275,3.4995,3.3533,1.897
C,21,Y-line,253,150.0,630.0,58.2275,3.4995,3.3533,1.92
C,21,Y-line,254,150.0,632.5,58.2275,3.4995,3.3533,1.866
C,21,Y-line,255,150.0,635.0,58.3496,3.5068,3.3606,1.783
C,21,Y-line,256,150.0,637.4,58.3496,3.5068,3.3606,1.719
C,21,Y-line,257,150.0,639.9,58.3496,3.5068,3.3606,1.623
C,21,Y-line,258,150.0,642.4,58.3496,3.5068,3.3606,1.592
C,21,Y-line,259,150.0,644.9,58.3496,3.5068,3.3606,1.727
C,21,Y-line,260,150.0,647.4,58.3496,3.5068,3.3606,1.697
C,21,Y-line,261,150.0,649.9,58.3496,3.5068,3.3606,1.759
C,21,Y-line,262,150.0,652.4,58.3496,3.5068,3.3606,1.66
C,21,Y-line,263,150.0,654.9,58.3496,3.5068,3.3606,1.786
C,21,Y-line,264,150.0,657.4,58.3496,3.5068,3.3606,1.757
C,21,Y-line,265,150.0,659.9,58.3496,3.5068,3.3606,1.774
C,21,Y-line,266,150.0,662.3,58.3496,3.5068,3.3606,1.775
C,21,Y-line,267,150.0,664.8,58.3496,3.5068,3.3606,1.874
C,21,Y-line,268,150.0,667.3,58.3496,3.5068,3.3606,1.931
C,21,Y-line,269,150.0,669.8,58.3496,3.5068,3.3606,1.982
C,21,Y-line,270,150.0,672.3,58.3496,3.5068,3.3606,1.845
C,21,Y-line,271,150.0,674.8,58.3496,3.5068,3.3606,2.012
C,21,Y-line,272,150.0,677.3,58.3496,3.5068,3.3606,2.011
C,21,Y-line,273,150.0,679.8,58.3496,3.5068,3.3606,1.963
C,21,Y-line,274,150.0,682.3,58.3496,3.5068,3.3606,1.87
C,21,Y-line,275,150.0,684.8,58.3496,3.5068,3.3606,1.598
C,21,Y-line,276,150.0,687.2,58.5937,3.5215,3.3753,1.505
C,21,Y-line,277,150.0,689.7,58.8379,3.5362,3.39,1.481
C,21,Y-line,278,150.0,692.2,58.8379,3.5362,3.39,1.699
C,21,Y-line,279,150.0,694.7,58.8379,3.5362,3.39,1.713
C,21,Y-line,280,150.0,697.2,58.8379,3.5362,3.39,1.768
C,21,Y-line,281,150.0,699.7,59.082,3.5508,3.4046,1.757
C,21,Y-line,282,150.0,702.2,59.082,3.5508,3.4046,1.943
C,21,Y-line,283,150.0,704.7,59.082,3.5508,3.4046,1.855
C,21,Y-line,284,150.0,707.2,59.082,3.5508,3.4046,1.926
C,21,Y-line,285,150.0,709.7,59.082,3.5508,3.4046,1.799
C,21,Y-line,286,150.0,712.1,59.082,3.5508,3.4046,1.854
C,21,Y-line,287,150.0,714.6,59.082,3.5508,3.4046,1.819
C,21,Y-line,288,150.0,717.1,59.2041,3.5582,3.412,1.813
C,21,Y-line,289,150.0,719.6,59.2041,3.5582,3.412,1.926
C,21,Y-line,290,150.0,722.1,59.2041,3.5582,3.412,1.83
C,21,Y-line,291,150.0,724.6,59.2041,3.5582,3.412,1.893
C,21,Y-line,292,150.0,727.1,59.2041,3.5582,3.412,1.869
C,21,Y-line,293,150.0,729.6,59.2041,3.5582,3.412,1.745
C,21,Y-line,294,150.0,732.1,59.2041,3.5582,3.412,1.719
C,21,Y-line,295,150.0,734.6,59.2041,3.5582,3.412,1.506
C,21,Y-line,296,150.0,737.0,59.3262,3.5655,3.4193,1.278
C,21,Y-line,297,150.0,739.5,59.3262,3.5655,3.4193,1.284
C,21,Y-line,298,150.0,742.0,59.3262,3.5655,3.4193,1.154
C,21,Y-line,299,150.0,744.5,59.3262,3.5655,3.4193,1.315
C,21,Y-line,300,150.0,747.0,59.3262,3.5655,3.4193,1.277
C,21,Y-line,301,150.0,749.5,59.3262,3.5655,3.4193,1.232
C,21,Y-line,302,150.0,752.0,59.3262,3.5655,3.4193,1.272
C,21,Y-line,303,150.0,754.5,59.3262,3.5655,3.4193,1.104
C,21,Y-line,304,150.0,757.0,59.3262,3.5655,3.4193,1.158
C,21,Y-line,305,150.0,759.5,59.3262,3.5655,3.4193,1.127
C,21,Y-line,306,150.0,761.9,59.3262,3.5655,3.4193,0.997
C,21,Y-line,307,150.0,764.4,59.3262,3.5655,3.4193,0.879
C,21,Y-line,308,150.0,766.9,59.3262,3.5655,3.4193,0.69
C,21,Y-line,309,150.0,769.4,59.3262,3.5655,3.4193,0.775
C,21,Y-line,310,150.0,771.9,59.3262,3.5655,3.4193,0.804
C,22,Y-line,0,200.0,0.0,54.1992,3.2574,3.5153,1.312
C,22,Y-line,1,200.0,2.5,54.1992,3.2574,3.5153,1.385
C,22,Y-line,2,200.0,5.0,54.1992,3.2574,3.5153,1.682
C,22,Y-line,3,200.0,7.5,54.1992,3.2574,3.5153,1.739
C,22,Y-line,4,200.0,10.0,54.1992,3.2574,3.5153,1.834
C,22,Y-line,5,200.0,12.5,54.1992,3.2574,3.5153,1.557
C,22,Y-line,6,200.0,14.9,54.1992,3.2574,3.5153,1.243
C,22,Y-line,7,200.0,17.4,54.1992,3.2574,3.5153,1.015
C,22,Y-line,8,200.0,19.9,54.1992,3.2574,3.5153,0.748
C,22,Y-line,9,200.0,22.4,54.1992,3.2574,3.5153,0.792
C,22,Y-line,10,200.0,24.9,54.1992,3.2574,3.5153,0.861
C,22,Y-line,11,200.0,27.4,54.1992,3.2574,3.5153,1.031
C,22,Y-line,12,200.0,29.9,54.1992,3.2574,3.5153,1.017
C,22,Y-line,13,200.0,32.4,54.1992,3.2574,3.5153,0.995
C,22,Y-line,14,200.0,34.9,54.1992,3.2574,3.5153,1.384
C,22,Y-line,15,200.0,37.4,54.1992,3.2574,3.5153,1.224
C,22,Y-line,16,200.0,39.8,54.1992,3.2574,3.5153,1.494
C,22,Y-line,17,200.0,42.3,54.1992,3.2574,3.5153,1.454
C,22,Y-line,18,200.0,44.8,54.1992,3.2574,3.5153,1.782
C,22,Y-line,19,200.0,47.3,54.1992,3.2574,3.5153,1.709
C,22,Y-line,20,200.0,49.8,54.1992,3.2574,3.5153,1.83
C,22,Y-line,21,200.0,52.3,54.1992,3.2574,3.5153,1.839
C,22,Y-line,22,200.0,54.8,54.1992,3.2574,3.5153,1.843
C,22,Y-line,23,200.0,57.3,54.1992,3.2574,3.5153,1.89
C,22,Y-line,24,200.0,59.8,53.9551,3.2427,3.5006,1.784
C,22,Y-line,25,200.0,62.3,53.9551,3.2427,3.5006,1.948
C,22,Y-line,26,200.0,64.7,53.7109,3.228,3.4859,1.742
C,22,Y-line,27,200.0,67.2,53.4668,3.2134,3.4713,1.581
C,22,Y-line,28,200.0,69.7,53.2227,3.1987,3.4566,1.709
C,22,Y-line,29,200.0,72.2,53.2227,3.1987,3.4566,1.844
C,22,Y-line,30,200.0,74.7,52.9785,3.184,3.4419,1.895
C,22,Y-line,31,200.0,77.2,52.9785,3.184,3.4419,2.026
C,22,Y-line,32,200.0,79.7,52.9785,3.184,3.4419,1.958
C,22,Y-line,33,200.0,82.2,52.9785,3.184,3.4419,1.855
C,22,Y-line,34,200.0,84.7,52.9785,3.184,3.4419,1.97
C,22,Y-line,35,200.0,87.2,52.7344,3.1693,3.4272,1.687
C,22,Y-line,36,200.0,89.6,52.7344,3.1693,3.4272,1.868
C,22,Y-line,37,200.0,92.1,52.4902,3.1547,3.4126,1.851
C,22,Y-line,38,200.0,94.6,52.4902,3.1547,3.4126,1.74
C,22,Y-line,39,200.0,97.1,52.4902,3.1547,3.4126,1.76
C,22,Y-line,40,200.0,99.6,52.4902,3.1547,3.4126,1.924
C,22,Y-line,41,200.0,102.1,52.3682,3.1473,3.4052,2.036
C,22,Y-line,42,200.0,104.6,52.3682,3.1473,3.4052,1.946
C,22,Y-line,43,200.0,107.1,52.3682,3.1473,3.4052,2.009
C,22,Y-line,44,200.0,109.6,52.124,3.1327,3.3906,1.978
C,22,Y-line,45,200.0,112.1,52.0019,3.1253,3.3832,1.992
C,22,Y-line,46,200.0,114.5,52.0019,3.1253,3.3832,2.075
C,22,Y-line,47,200.0,117.0,51.8799,3.118,3.3759,2.058
C,22,Y-line,48,200.0,119.5,51.7578,3.1106,3.3685,2.014
C,22,Y-line,49,200.0,122.0,51.5137,3.096,3.3539,2.036
C,22,Y-line,50,200.0,124.5,51.5137,3.096,3.3539,1.962
C,22,Y-line,51,200.0,127.0,51.2695,3.0813,3.3392,1.965
C,22,Y-line,52,200.0,129.5,51.2695,3.0813,3.3392,1.896
C,22,Y-line,53,200.0,132.0,51.0254,3.0666,3.3245,1.854
C,22,Y-line,54,200.0,134.5,50.7812,3.052,3.3099,1.988
C,22,Y-line,55,200.0,137.0,50.5371,3.0373,3.2952,2.124
C,22,Y-line,56,200.0,139.4,50.293,3.0226,3.2805,1.908
C,22,Y-line,57,200.0,141.9,50.0488,3.0079,3.2658,2.042
C,22,Y-line,58,200.0,144.4,50.0488,3.0079,3.2658,1.73
C,22,Y-line,59,200.0,146.9,49.8047,2.9933,3.2512,1.919
C,22,Y-line,60,200.0,149.4,49.6826,2.9859,3.2438,1.725
C,22,Y-line,61,200.0,151.9,49.5605,2.9786,3.2365,1.652
C,22,Y-line,62,200.0,154.4,49.5605,2.9786,3.2365,1.677
C,22,Y-line,63,200.0,156.9,49.5605,2.9786,3.2365,1.656
C,22,Y-line,64,200.0,159.4,49.5605,2.9786,3.2365,1.529
C,22,Y-line,65,200.0,161.9,49.3164,2.9639,3.2218,1.492
C,22,Y-line,66,200.0,164.3,49.3164,2.9639,3.2218,1.417
C,22,Y-line,67,200.0,166.8,49.0723,2.9492,3.2071,1.473
C,22,Y-line,68,200.0,169.3,49.0723,2.9492,3.2071,1.295
C,22,Y-line,69,200.0,171.8,49.0723,2.9492,3.2071,1.23
C,22,Y-line,70,200.0,174.3,49.0723,2.9492,3.2071,1.27
C,22,Y-line,71,200.0,176.8,49.0723,2.9492,3.2071,1.227
C,22,Y-line,72,200.0,179.3,49.0723,2.9492,3.2071,1.41
C,22,Y-line,73,200.0,181.8,49.0723,2.9492,3.2071,1.48
C,22,Y-line,74,200.0,184.3,49.0723,2.9492,3.2071,1.498
C,22,Y-line,75,200.0,186.8,49.0723,2.9492,3.2071,1.41
C,22,Y-line,76,200.0,189.2,49.0723,2.9492,3.2071,1.48
C,22,Y-line,77,200.0,191.7,49.0723,2.9492,3.2071,1.39
C,22,Y-line,78,200.0,194.2,49.0723,2.9492,3.2071,1.391
C,22,Y-line,79,200.0,196.7,48.8281,2.9346,3.1925,1.382
C,22,Y-line,80,200.0,199.2,48.584,2.9199,3.1778,1.332
C,22,Y-line,81,200.0,201.7,48.3398,2.9052,3.1631,1.212
C,22,Y-line,82,200.0,204.2,48.0957,2.8906,3.1485,1.503
C,22,Y-line,83,200.0,206.7,47.8516,2.8759,3.1338,1.419
C,22,Y-line,84,200.0,209.2,47.6074,2.8612,3.1191,1.417
C,22,Y-line,85,200.0,211.7,47.3633,2.8465,3.1044,1.82
C,22,Y-line,86,200.0,214.1,47.3633,2.8465,3.1044,1.47
C,22,Y-line,87,200.0,216.6,47.3633,2.8465,3.1044,1.36
C,22,Y-line,88,200.0,219.1,47.1191,2.8319,3.0898,1.395
C,22,Y-line,89,200.0,221.6,46.875,2.8172,3.0751,1.577
C,22,Y-line,90,200.0,224.1,46.6309,2.8025,3.0604,1.533
C,22,Y-line,91,200.0,226.6,46.6309,2.8025,3.0604,1.693
C,22,Y-line,92,200.0,229.1,46.6309,2.8025,3.0604,1.544
C,22,Y-line,93,200.0,231.6,46.6309,2.8025,3.0604,1.611
C,22,Y-line,94,200.0,234.1,46.6309,2.8025,3.0604,1.742
C,22,Y-line,95,200.0,236.6,46.3867,2.7878,3.0457,1.576
C,22,Y-line,96,200.0,239.0,46.3867,2.7878,3.0457,1.742
C,22,Y-line,97,200.0,241.5,46.3867,2.7878,3.0457,1.907
C,22,Y-line,98,200.0,244.0,46.2646,2.7805,3.0384,1.727
C,22,Y-line,99,200.0,246.5,46.1426,2.7732,3.0311,1.531
C,22,Y-line,100,200.0,249.0,46.1426,2.7732,3.0311,1.689
C,22,Y-line,101,200.0,251.5,45.8984,2.7585,3.0164,1.819
C,22,Y-line,102,200.0,254.0,45.8984,2.7585,3.0164,1.547
C,22,Y-line,103,200.0,256.5,45.8984,2.7585,3.0164,1.387
C,22,Y-line,104,200.0,259.0,45.8984,2.7585,3.0164,1.38
C,22,Y-line,105,200.0,261.5,45.8984,2.7585,3.0164,1.399
C,22,Y-line,106,200.0,263.9,45.8984,2.7585,3.0164,1.432
C,22,Y-line,107,200.0,266.4,45.8984,2.7585,3.0164,1.644
C,22,Y-line,108,200.0,268.9,45.8984,2.7585,3.0164,1.327
C,22,Y-line,109,200.0,271.4,45.6543,2.7438,3.0017,1.148
C,22,Y-line,110,200.0,273.9,45.6543,2.7438,3.0017,1.097
C,22,Y-line,111,200.0,276.4,45.6543,2.7438,3.0017,1.002
C,22,Y-line,112,200.0,278.9,45.6543,2.7438,3.0017,0.906
C,22,Y-line,113,200.0,281.4,45.6543,2.7438,3.0017,0.522
C,22,Y-line,114,200.0,283.9,45.6543,2.7438,3.0017,0.611
C,22,Y-line,115,200.0,286.4,45.6543,2.7438,3.0017,1.088
C,22,Y-line,116,200.0,288.8,45.6543,2.7438,3.0017,1.568
C,22,Y-line,117,200.0,291.3,45.6543,2.7438,3.0017,1.559
C,22,Y-line,118,200.0,293.8,45.6543,2.7438,3.0017,1.383
C,22,Y-line,119,200.0,296.3,45.4102,2.7292,2.9871,1.572
C,22,Y-line,120,200.0,298.8,45.4102,2.7292,2.9871,1.71
C,22,Y-line,121,200.0,301.3,45.2881,2.7218,2.9797,1.844
C,22,Y-line,122,200.0,303.8,45.2881,2.7218,2.9797,1.82
C,22,Y-line,123,200.0,306.3,45.2881,2.7218,2.9797,1.727
C,22,Y-line,124,200.0,308.8,45.2881,2.7218,2.9797,1.922
C,22,Y-line,125,200.0,311.2,45.2881,2.7218,2.9797,1.915
C,22,Y-line,126,200.0,313.7,45.2881,2.7218,2.9797,1.43
C,22,Y-line,127,200.0,316.2,45.166,2.7145,2.9724,1.802
C,22,Y-line,128,200.0,318.7,45.166,2.7145,2.9724,1.625
C,22,Y-line,129,200.0,321.2,45.166,2.7145,2.9724,1.857
C,22,Y-line,130,200.0,323.7,45.166,2.7145,2.9724,1.632
C,22,Y-line,131,200.0,326.2,45.166,2.7145,2.9724,1.583
C,22,Y-line,132,200.0,328.7,45.166,2.7145,2.9724,1.487
C,22,Y-line,133,200.0,331.2,45.0439,2.7071,2.965,1.457
C,22,Y-line,134,200.0,333.7,45.0439,2.7071,2.965,1.687
C,22,Y-line,135,200.0,336.2,45.0439,2.7071,2.965,1.433
C,22,Y-line,136,200.0,338.6,45.0439,2.7071,2.965,1.552
C,22,Y-line,137,200.0,341.1,45.0439,2.7071,2.965,1.295
C,22,Y-line,138,200.0,343.6,45.0439,2.7071,2.965,1.491
C,22,Y-line,139,200.0,346.1,45.0439,2.7071,2.965,1.35
C,22,Y-line,140,200.0,348.6,45.0439,2.7071,2.965,1.764
C,22,Y-line,141,200.0,351.1,45.0439,2.7071,2.965,2.023
C,22,Y-line,142,200.0,353.6,45.0439,2.7071,2.965,1.566
C,22,Y-line,143,200.0,356.1,45.0439,2.7071,2.965,1.873
C,22,Y-line,144,200.0,358.6,45.0439,2.7071,2.965,1.793
C,22,Y-line,145,200.0,361.1,45.0439,2.7071,2.965,1.783
C,22,Y-line,146,200.0,363.5,45.0439,2.7071,2.965,1.995
C,22,Y-line,147,200.0,366.0,45.0439,2.7071,2.965,1.71
C,22,Y-line,148,200.0,368.5,45.0439,2.7071,2.965,1.924
C,22,Y-line,149,200.0,371.0,45.0439,2.7071,2.965,1.869
C,22,Y-line,150,200.0,373.5,45.0439,2.7071,2.965,1.824
C,22,Y-line,151,200.0,376.0,45.0439,2.7071,2.965,1.621
C,22,Y-line,152,200.0,378.5,45.0439,2.7071,2.965,1.922
C,22,Y-line,153,200.0,381.0,45.0439,2.7071,2.965,1.792
C,22,Y-line,154,200.0,383.5,45.0439,2.7071,2.965,1.609
C,22,Y-line,155,200.0,386.0,45.0439,2.7071,2.965,1.701
C,22,Y-line,156,200.0,388.4,45.0439,2.7071,2.965,1.866
C,22,Y-line,157,200.0,390.9,45.0439,2.7071,2.965,1.852
C,22,Y-line,158,200.0,393.4,45.0439,2.7071,2.965,1.643
C,22,Y-line,159,200.0,395.9,45.0439,2.7071,2.965,1.689
C,22,Y-line,160,200.0,398.4,45.0439,2.7071,2.965,1.767
C,22,Y-line,161,200.0,400.9,45.0439,2.7071,2.965,1.775
C,22,Y-line,162,200.0,403.4,45.0439,2.7071,2.965,1.475
C,22,Y-line,163,200.0,405.9,45.0439,2.7071,2.965,1.681
C,22,Y-line,164,200.0,408.4,45.0439,2.7071,2.965,1.852
C,22,Y-line,165,200.0,410.9,45.0439,2.7071,2.965,1.496
C,22,Y-line,166,200.0,413.3,45.0439,2.7071,2.965,1.593
C,22,Y-line,167,200.0,415.8,45.166,2.7145,2.9724,1.69
C,22,Y-line,168,200.0,418.3,45.166,2.7145,2.9724,1.749
C,22,Y-line,169,200.0,420.8,45.166,2.7145,2.9724,1.824
C,22,Y-line,170,200.0,423.3,45.166,2.7145,2.9724,1.882
C,22,Y-line,171,200.0,425.8,45.166,2.7145,2.9724,1.725
C,22,Y-line,172,200.0,428.3,45.166,2.7145,2.9724,1.662
C,22,Y-line,173,200.0,430.8,45.166,2.7145,2.9724,1.645
C,22,Y-line,174,200.0,433.3,45.166,2.7145,2.9724,1.779
C,22,Y-line,175,200.0,435.8,45.166,2.7145,2.9724,1.554
C,22,Y-line,176,200.0,438.2,45.166,2.7145,2.9724,1.53
C,22,Y-line,177,200.0,440.7,45.166,2.7145,2.9724,1.693
C,22,Y-line,178,200.0,443.2,45.166,2.7145,2.9724,1.971
C,22,Y-line,179,200.0,445.7,45.166,2.7145,2.9724,1.858
C,22,Y-line,180,200.0,448.2,45.166,2.7145,2.9724,1.845
C,22,Y-line,181,200.0,450.7,45.166,2.7145,2.9724,1.85
C,22,Y-line,182,200.0,453.2,45.166,2.7145,2.9724,1.689
C,22,Y-line,183,200.0,455.7,45.166,2.7145,2.9724,1.689
C,22,Y-line,184,200.0,458.2,45.166,2.7145,2.9724,1.843
C,22,Y-line,185,200.0,460.7,45.166,2.7145,2.9724,1.773
C,22,Y-line,186,200.0,463.1,45.166,2.7145,2.9724,1.778
C,22,Y-line,187,200.0,465.6,45.166,2.7145,2.9724,1.627
C,22,Y-line,188,200.0,468.1,45.166,2.7145,2.9724,1.769
C,22,Y-line,189,200.0,470.6,45.166,2.7145,2.9724,1.67
C,22,Y-line,190,200.0,473.1,45.166,2.7145,2.9724,1.746
C,22,Y-line,191,200.0,475.6,45.166,2.7145,2.9724,1.593
C,22,Y-line,192,200.0,478.1,45.166,2.7145,2.9724,1.928
C,22,Y-line,193,200.0,480.6,45.166,2.7145,2.9724,1.859
C,22,Y-line,194,200.0,483.1,45.166,2.7145,2.9724,1.898
C,22,Y-line,195,200.0,485.6,45.166,2.7145,2.9724,1.891
C,22,Y-line,196,200.0,488.0,45.166,2.7145,2.9724,1.792
C,22,Y-line,197,200.0,490.5,45.166,2.7145,2.9724,1.814
C,22,Y-line,198,200.0,493.0,45.166,2.7145,2.9724,2.023
C,22,Y-line,199,200.0,495.5,45.166,2.7145,2.9724,1.994
C,22,Y-line,200,200.0,498.0,45.166,2.7145,2.9724,1.961
C,22,Y-line,201,200.0,500.5,45.166,2.7145,2.9724,1.902
C,22,Y-line,202,200.0,503.0,45.166,2.7145,2.9724,1.854
C,22,Y-line,203,200.0,505.5,45.166,2.7145,2.9724,1.956
C,22,Y-line,204,200.0,508.0,45.166,2.7145,2.9724,1.892
C,22,Y-line,205,200.0,510.5,45.166,2.7145,2.9724,1.783
C,22,Y-line,206,200.0,512.9,45.166,2.7145,2.9724,1.797
C,22,Y-line,207,200.0,515.4,45.166,2.7145,2.9724,1.773
C,22,Y-line,208,200.0,517.9,45.166,2.7145,2.9724,1.787
C,22,Y-line,209,200.0,520.4,45.166,2.7145,2.9724,1.831
C,22,Y-line,210,200.0,522.9,45.166,2.7145,2.9724,1.87
C,22,Y-line,211,200.0,525.4,45.166,2.7145,2.9724,1.954
C,22,Y-line,212,200.0,527.9,45.166,2.7145,2.9724,1.989
C,22,Y-line,213,200.0,530.4,45.166,2.7145,2.9724,2.114
C,22,Y-line,214,200.0,532.9,45.166,2.7145,2.9724,2.04
C,22,Y-line,215,200.0,535.4,45.166,2.7145,2.9724,2.111
C,22,Y-line,216,200.0,537.8,45.166,2.7145,2.9724,2.119
C,22,Y-line,217,200.0,540.3,45.166,2.7145,2.9724,1.935
C,22,Y-line,218,200.0,542.8,45.2881,2.7218,2.9797,2.094
C,22,Y-line,219,200.0,545.3,45.4102,2.7292,2.9871,1.876
C,22,Y-line,220,200.0,547.8,45.4102,2.7292,2.9871,1.883
C,22,Y-line,221,200.0,550.3,45.5322,2.7365,2.9944,1.805
C,22,Y-line,222,200.0,552.8,45.6543,2.7438,3.0017,1.851
C,22,Y-line,223,200.0,555.3,45.7764,2.7512,3.0091,1.928
C,22,Y-line,224,200.0,557.8,45.8984,2.7585,3.0164,2.03
C,22,Y-line,225,200.0,560.2,46.0205,2.7658,3.0237,2.117
C,22,Y-line,226,200.0,562.7,46.0205,2.7658,3.0237,2.058
C,22,Y-line,227,200.0,565.2,46.0205,2.7658,3.0237,2.19
C,22,Y-line,228,200.0,567.7,46.0205,2.7658,3.0237,2.202
C,22,Y-line,229,200.0,570.2,46.0205,2.7658,3.0237,2.206
C,22,Y-line,230,200.0,572.7,46.0205,2.7658,3.0237,2.191
C,22,Y-line,231,200.0,575.2,46.0205,2.7658,3.0237,2.249
C,22,Y-line,232,200.0,577.7,46.1426,2.7732,3.0311,2.183
C,22,Y-line,233,200.0,580.2,46.1426,2.7732,3.0311,2.044
C,22,Y-line,234,200.0,582.7,46.2646,2.7805,3.0384,2.015
C,22,Y-line,235,200.0,585.2,46.5088,2.7952,3.0531,1.77
C,22,Y-line,236,200.0,587.6,46.7529,2.8099,3.0678,1.738
C,22,Y-line,237,200.0,590.1,46.9971,2.8245,3.0824,1.743
C,22,Y-line,238,200.0,592.6,47.2412,2.8392,3.0971,1.836
C,22,Y-line,239,200.0,595.1,47.4853,2.8539,3.1118,1.928
C,22,Y-line,240,200.0,597.6,47.4853,2.8539,3.1118,2.007
C,22,Y-line,241,200.0,600.1,47.6074,2.8612,3.1191,2.041
C,22,Y-line,242,200.0,602.6,47.7295,2.8685,3.1264,2.081
C,22,Y-line,243,200.0,605.1,47.7295,2.8685,3.1264,2.047
C,22,Y-line,244,200.0,607.6,47.7295,2.8685,3.1264,2.049
C,22,Y-line,245,200.0,610.1,47.7295,2.8685,3.1264,2.025
C,22,Y-line,246,200.0,612.5,47.7295,2.8685,3.1264,2.068
C,22,Y-line,247,200.0,615.0,47.9736,2.8832,3.1411,1.686
C,22,Y-line,248,200.0,617.5,48.2178,2.8979,3.1558,1.48
C,22,Y-line,249,200.0,620.0,48.4619,2.9126,3.1705,1.07
C,22,Y-line,250,200.0,622.5,48.706,2.9272,3.1851,1.514
C,22,Y-line,251,200.0,625.0,48.9502,2.9419,3.1998,1.569
C,22,Y-line,252,200.0,627.5,48.9502,2.9419,3.1998,1.66
C,22,Y-line,253,200.0,630.0,48.9502,2.9419,3.1998,1.674
C,22,Y-line,254,200.0,632.5,48.9502,2.9419,3.1998,1.351
C,22,Y-line,255,200.0,635.0,48.9502,2.9419,3.1998,1.112
C,22,Y-line,256,200.0,637.4,48.9502,2.9419,3.1998,1.174
C,22,Y-line,257,200.0,639.9,48.9502,2.9419,3.1998,1.425
C,22,Y-line,258,200.0,642.4,48.9502,2.9419,3.1998,1.284
C,22,Y-line,259,200.0,644.9,48.9502,2.9419,3.1998,1.169
C,22,Y-line,260,200.0,647.4,48.9502,2.9419,3.1998,1.582
C,22,Y-line,261,200.0,649.9,48.9502,2.9419,3.1998,1.477
C,22,Y-line,262,200.0,652.4,48.9502,2.9419,3.1998,1.572
C,22,Y-line,263,200.0,654.9,48.9502,2.9419,3.1998,1.521
C,22,Y-line,264,200.0,657.4,48.9502,2.9419,3.1998,1.64
C,22,Y-line,265,200.0,659.9,48.9502,2.9419,3.1998,1.487
C,22,Y-line,266,200.0,662.3,48.9502,2.9419,3.1998,1.213
C,22,Y-line,267,200.0,664.8,48.8281,2.9346,3.1925,1.361
C,22,Y-line,268,200.0,667.3,48.8281,2.9346,3.1925,1.455
C,22,Y-line,269,200.0,669.8,48.8281,2.9346,3.1925,1.761
C,22,Y-line,270,200.0,672.3,48.8281,2.9346,3.1925,1.524
C,22,Y-line,271,200.0,674.8,48.8281,2.9346,3.1925,1.318
C,22,Y-line,272,200.0,677.3,48.8281,2.9346,3.1925,1.257
C,22,Y-line,273,200.0,679.8,48.8281,2.9346,3.1925,1.354
C,22,Y-line,274,200.0,682.3,48.8281,2.9346,3.1925,1.337
C,22,Y-line,275,200.0,684.8,48.8281,2.9346,3.1925,1.499
C,22,Y-line,276,200.0,687.2,48.8281,2.9346,3.1925,1.6
C,22,Y-line,277,200.0,689.7,48.8281,2.9346,3.1925,1.514
C,22,Y-line,278,200.0,692.2,48.8281,2.9346,3.1925,1.543
C,22,Y-line,279,200.0,694.7,48.8281,2.9346,3.1925,1.64
C,22,Y-line,280,200.0,697.2,48.8281,2.9346,3.1925,1.639
C,22,Y-line,281,200.0,699.7,48.8281,2.9346,3.1925,1.526
C,22,Y-line,282,200.0,702.2,48.8281,2.9346,3.1925,1.55
C,22,Y-line,283,200.0,704.7,48.8281,2.9346,3.1925,1.648
C,22,Y-line,284,200.0,707.2,48.8281,2.9346,3.1925,1.696
C,22,Y-line,285,200.0,709.7,48.8281,2.9346,3.1925,1.834
C,22,Y-line,286,200.0,712.1,48.8281,2.9346,3.1925,1.794
C,22,Y-line,287,200.0,714.6,48.8281,2.9346,3.1925,1.729
C,22,Y-line,288,200.0,717.1,49.0723,2.9492,3.2071,1.803
C,22,Y-line,289,200.0,719.6,49.0723,2.9492,3.2071,1.717
C,22,Y-line,290,200.0,722.1,49.0723,2.9492,3.2071,1.791
C,22,Y-line,291,200.0,724.6,49.3164,2.9639,3.2218,1.671
C,22,Y-line,292,200.0,727.1,49.3164,2.9639,3.2218,1.738
C,22,Y-line,293,200.0,729.6,49.4385,2.9713,3.2292,1.825
C,22,Y-line,294,200.0,732.1,49.6826,2.9859,3.2438,1.87
C,22,Y-line,295,200.0,734.6,49.6826,2.9859,3.2438,2.0
C,22,Y-line,296,200.0,737.0,49.6826,2.9859,3.2438,1.957
C,22,Y-line,297,200.0,739.5,49.9268,3.0006,3.2585,1.919
C,22,Y-line,298,200.0,742.0,49.9268,3.0006,3.2585,1.939
C,22,Y-line,299,200.0,744.5,49.9268,3.0006,3.2585,1.918
C,22,Y-line,300,200.0,747.0,49.9268,3.0006,3.2585,1.935
C,22,Y-line,301,200.0,749.5,50.0488,3.0079,3.2658,1.897
C,22,Y-line,302,200.0,752.0,50.0488,3.0079,3.2658,1.945
C,22,Y-line,303,200.0,754.5,50.0488,3.0079,3.2658,1.931
C,22,Y-line,304,200.0,757.0,50.0488,3.0079,3.2658,1.874
C,22,Y-line,305,200.0,759.5,50.0488,3.0079,3.2658,1.921
C,22,Y-line,306,200.0,761.9,50.1709,3.0153,3.2732,1.883
C,22,Y-line,307,200.0,764.4,50.415,3.0299,3.2878,1.878
C,22,Y-line,308,200.0,766.9,50.5371,3.0373,3.2952,1.888
C,22,Y-line,309,200.0,769.4,50.6592,3.0446,3.3025,1.884
C,22,Y-line,310,200.0,771.9,50.9033,3.0593,3.3172,1.941
C,22,Y-line,311,200.0,774.4,51.0254,3.0666,3.3245,2.041
C,22,Y-line,312,200.0,776.9,51.0254,3.0666,3.3245,2.065
C,22,Y-line,313,200.0,779.4,51.0254,3.0666,3.3245,2.196
C,22,Y-line,314,200.0,781.9,51.0254,3.0666,3.3245,2.206
C,22,Y-line,315,200.0,784.4,51.1475,3.074,3.3319,2.172
C,22,Y-line,316,200.0,786.8,51.1475,3.074,3.3319,2.077
C,22,Y-line,317,200.0,789.3,51.2695,3.0813,3.3392,1.874
C,22,Y-line,318,200.0,791.8,51.5137,3.096,3.3539,1.727
C,22,Y-line,319,200.0,794.3,51.7578,3.1106,3.3685,1.681
C,22,Y-line,320,200.0,796.8,52.0019,3.1253,3.3832,1.851
C,22,Y-line,321,200.0,799.3,52.0019,3.1253,3.3832,1.892
C,22,Y-line,322,200.0,801.8,52.0019,3.1253,3.3832,1.958
C,22,Y-line,323,200.0,804.3,52.0019,3.1253,3.3832,2.032
C,22,Y-line,324,200.0,806.8,52.0019,3.1253,3.3832,2.029
C,22,Y-line,325,200.0,809.3,52.0019,3.1253,3.3832,2.001
C,22,Y-line,326,200.0,811.7,52.0019,3.1253,3.3832,2.011
C,22,Y-line,327,200.0,814.2,52.0019,3.1253,3.3832,2.006
C,22,Y-line,328,200.0,816.7,52.0019,3.1253,3.3832,2.006
C,22,Y-line,329,200.0,819.2,52.0019,3.1253,3.3832,2.004
C,22,Y-line,330,200.0,821.7,52.0019,3.1253,3.3832,2.058
C,23,Y-line,0,250.0,0.0,52.7344,3.1693,3.3903,0.862
C,23,Y-line,1,250.0,2.5,52.7344,3.1693,3.3903,0.927
C,23,Y-line,2,250.0,5.0,52.7344,3.1693,3.3903,1.041
C,23,Y-line,3,250.0,7.5,52.7344,3.1693,3.3903,1.318
C,23,Y-line,4,250.0,10.0,52.7344,3.1693,3.3903,1.379
C,23,Y-line,5,250.0,12.5,52.7344,3.1693,3.3903,1.368
C,23,Y-line,6,250.0,14.9,52.7344,3.1693,3.3903,1.388
C,23,Y-line,7,250.0,17.4,52.7344,3.1693,3.3903,1.211
C,23,Y-line,8,250.0,19.9,52.7344,3.1693,3.3903,1.383
C,23,Y-line,9,250.0,22.4,52.7344,3.1693,3.3903,1.296
C,23,Y-line,10,250.0,24.9,52.7344,3.1693,3.3903,1.236
C,23,Y-line,11,250.0,27.4,52.7344,3.1693,3.3903,1.335
C,23,Y-line,12,250.0,29.9,52.7344,3.1693,3.3903,1.319
C,23,Y-line,13,250.0,32.4,52.7344,3.1693,3.3903,1.574
C,23,Y-line,14,250.0,34.9,52.7344,3.1693,3.3903,1.484
C,23,Y-line,15,250.0,37.4,52.7344,3.1693,3.3903,1.606
C,23,Y-line,16,250.0,39.8,52.7344,3.1693,3.3903,1.686
C,23,Y-line,17,250.0,42.3,52.7344,3.1693,3.3903,1.778
C,23,Y-line,18,250.0,44.8,52.7344,3.1693,3.3903,1.725
C,23,Y-line,19,250.0,47.3,52.7344,3.1693,3.3903,1.773
C,23,Y-line,20,250.0,49.8,52.7344,3.1693,3.3903,1.836
C,23,Y-line,21,250.0,52.3,52.6123,3.162,3.383,1.863
C,23,Y-line,22,250.0,54.8,52.6123,3.162,3.383,1.98
C,23,Y-line,23,250.0,57.3,52.4902,3.1547,3.3757,2.061
C,23,Y-line,24,250.0,59.8,52.4902,3.1547,3.3757,2.107
C,23,Y-line,25,250.0,62.3,52.3682,3.1473,3.3683,2.051
C,23,Y-line,26,250.0,64.7,52.2461,3.14,3.361,1.946
C,23,Y-line,27,250.0,67.2,52.2461,3.14,3.361,1.84
C,23,Y-line,28,250.0,69.7,52.0019,3.1253,3.3463,1.846
C,23,Y-line,29,250.0,72.2,52.0019,3.1253,3.3463,1.66
C,23,Y-line,30,250.0,74.7,51.7578,3.1106,3.3316,1.616
C,23,Y-line,31,250.0,77.2,51.7578,3.1106,3.3316,1.451
C,23,Y-line,32,250.0,79.7,51.7578,3.1106,3.3316,1.557
C,23,Y-line,33,250.0,82.2,51.7578,3.1106,3.3316,1.523
C,23,Y-line,34,250.0,84.7,51.7578,3.1106,3.3316,1.458
C,23,Y-line,35,250.0,87.2,51.5137,3.096,3.317,1.501
C,23,Y-line,36,250.0,89.6,51.2695,3.0813,3.3023,1.592
C,23,Y-line,37,250.0,92.1,51.2695,3.0813,3.3023,1.481
C,23,Y-line,38,250.0,94.6,51.2695,3.0813,3.3023,1.751
C,23,Y-line,39,250.0,97.1,51.2695,3.0813,3.3023,1.722
C,23,Y-line,40,250.0,99.6,51.0254,3.0666,3.2876,1.704
C,23,Y-line,41,250.0,102.1,51.0254,3.0666,3.2876,1.931
C,23,Y-line,42,250.0,104.6,51.0254,3.0666,3.2876,1.778
C,23,Y-line,43,250.0,107.1,51.0254,3.0666,3.2876,1.907
C,23,Y-line,44,250.0,109.6,51.0254,3.0666,3.2876,1.763
C,23,Y-line,45,250.0,112.1,51.0254,3.0666,3.2876,1.527
C,23,Y-line,46,250.0,114.5,51.0254,3.0666,3.2876,1.655
C,23,Y-line,47,250.0,117.0,51.0254,3.0666,3.2876,1.626
C,23,Y-line,48,250.0,119.5,51.0254,3.0666,3.2876,1.803
C,23,Y-line,49,250.0,122.0,51.0254,3.0666,3.2876,2.037
C,23,Y-line,50,250.0,124.5,51.0254,3.0666,3.2876,2.147
C,23,Y-line,51,250.0,127.0,51.0254,3.0666,3.2876,2.115
C,23,Y-line,52,250.0,129.5,50.9033,3.0593,3.2803,2.276
C,23,Y-line,53,250.0,132.0,50.9033,3.0593,3.2803,2.183
C,23,Y-line,54,250.0,134.5,50.9033,3.0593,3.2803,2.281
C,23,Y-line,55,250.0,137.0,50.9033,3.0593,3.2803,2.154
C,23,Y-line,56,250.0,139.4,50.9033,3.0593,3.2803,2.073
C,23,Y-line,57,250.0,141.9,50.9033,3.0593,3.2803,1.902
C,23,Y-line,58,250.0,144.4,50.9033,3.0593,3.2803,1.777
C,23,Y-line,59,250.0,146.9,50.9033,3.0593,3.2803,1.549
C,23,Y-line,60,250.0,149.4,50.9033,3.0593,3.2803,1.292
C,23,Y-line,61,250.0,151.9,50.9033,3.0593,3.2803,1.251
C,23,Y-line,62,250.0,154.4,50.9033,3.0593,3.2803,1.113
C,23,Y-line,63,250.0,156.9,50.9033,3.0593,3.2803,1.075
C,23,Y-line,64,250.0,159.4,50.9033,3.0593,3.2803,1.096
C,23,Y-line,65,250.0,161.9,50.9033,3.0593,3.2803,1.028
C,23,Y-line,66,250.0,164.3,50.9033,3.0593,3.2803,1.175
C,23,Y-line,67,250.0,166.8,50.9033,3.0593,3.2803,1.358
C,23,Y-line,68,250.0,169.3,50.9033,3.0593,3.2803,1.42
C,23,Y-line,69,250.0,171.8,50.9033,3.0593,3.2803,1.36
C,23,Y-line,70,250.0,174.3,50.9033,3.0593,3.2803,1.444
C,23,Y-line,71,250.0,176.8,50.9033,3.0593,3.2803,1.437
C,23,Y-line,72,250.0,179.3,50.9033,3.0593,3.2803,1.385
C,23,Y-line,73,250.0,181.8,50.9033,3.0593,3.2803,1.359
C,23,Y-line,74,250.0,184.3,50.9033,3.0593,3.2803,1.36
C,23,Y-line,75,250.0,186.8,50.9033,3.0593,3.2803,1.319
C,23,Y-line,76,250.0,189.2,50.9033,3.0593,3.2803,1.306
C,23,Y-line,77,250.0,191.7,50.9033,3.0593,3.2803,1.591
C,23,Y-line,78,250.0,194.2,50.7812,3.052,3.273,1.615
C,23,Y-line,79,250.0,196.7,50.7812,3.052,3.273,1.62
C,23,Y-line,80,250.0,199.2,50.7812,3.052,3.273,1.566
C,23,Y-line,81,250.0,201.7,50.7812,3.052,3.273,1.706
C,23,Y-line,82,250.0,204.2,50.5371,3.0373,3.2583,1.69
C,23,Y-line,83,250.0,206.7,50.5371,3.0373,3.2583,1.722
C,23,Y-line,84,250.0,209.2,50.5371,3.0373,3.2583,1.539
C,23,Y-line,85,250.0,211.7,50.5371,3.0373,3.2583,1.66
C,23,Y-line,86,250.0,214.1,50.5371,3.0373,3.2583,1.618
C,23,Y-line,87,250.0,216.6,50.5371,3.0373,3.2583,1.596
C,23,Y-line,88,250.0,219.1,50.5371,3.0373,3.2583,1.571
C,23,Y-line,89,250.0,221.6,50.5371,3.0373,3.2583,1.804
C,23,Y-line,90,250.0,224.1,50.5371,3.0373,3.2583,1.873
C,23,Y-line,91,250.0,226.6,50.5371,3.0373,3.2583,1.84
C,23,Y-line,92,250.0,229.1,50.5371,3.0373,3.2583,1.772
C,23,Y-line,93,250.0,231.6,50.5371,3.0373,3.2583,1.851
C,23,Y-line,94,250.0,234.1,50.5371,3.0373,3.2583,1.868
C,23,Y-line,95,250.0,236.6,50.5371,3.0373,3.2583,1.806
C,23,Y-line,96,250.0,239.0,50.5371,3.0373,3.2583,1.899
C,23,Y-line,97,250.0,241.5,50.5371,3.0373,3.2583,1.948
C,23,Y-line,98,250.0,244.0,50.5371,3.0373,3.2583,2.015
C,23,Y-line,99,250.0,246.5,50.5371,3.0373,3.2583,2.009
C,23,Y-line,100,250.0,249.0,50.5371,3.0373,3.2583,2.141
C,23,Y-line,101,250.0,251.5,50.5371,3.0373,3.2583,2.258
C,23,Y-line,102,250.0,254.0,50.5371,3.0373,3.2583,2.084
C,23,Y-line,103,250.0,256.5,50.415,3.0299,3.2509,2.133
C,23,Y-line,104,250.0,259.0,50.415,3.0299,3.2509,2.055
C,23,Y-line,105,250.0,261.5,50.415,3.0299,3.2509,2.069
C,23,Y-line,106,250.0,263.9,50.415,3.0299,3.2509,2.041
C,23,Y-line,107,250.0,266.4,50.293,3.0226,3.2436,2.123
C,23,Y-line,108,250.0,268.9,50.293,3.0226,3.2436,2.078
C,23,Y-line,109,250.0,271.4,50.293,3.0226,3.2436,2.045
C,23,Y-line,110,250.0,273.9,50.293,3.0226,3.2436,1.93
C,23,Y-line,111,250.0,276.4,50.1709,3.0153,3.2363,1.853
C,23,Y-line,112,250.0,278.9,49.9268,3.0006,3.2216,1.575
C,23,Y-line,113,250.0,281.4,49.6826,2.9859,3.2069,1.398
C,23,Y-line,114,250.0,283.9,49.4385,2.9713,3.1923,1.177
C,23,Y-line,115,250.0,286.4,49.1943,2.9566,3.1776,0.852
C,23,Y-line,116,250.0,288.8,48.9502,2.9419,3.1629,0.655
C,23,Y-line,117,250.0,291.3,48.706,2.9272,3.1482,0.401
C,23,Y-line,118,250.0,293.8,48.4619,2.9126,3.1336,0.399
C,23,Y-line,119,250.0,296.3,48.2178,2.8979,3.1189,0.532
C,23,Y-line,120,250.0,298.8,47.9736,2.8832,3.1042,0.913
C,23,Y-line,121,250.0,301.3,47.7295,2.8685,3.0895,1.059
C,23,Y-line,122,250.0,303.8,47.4853,2.8539,3.0749,1.511
C,23,Y-line,123,250.0,306.3,47.2412,2.8392,3.0602,1.739
C,23,Y-line,124,250.0,308.8,46.9971,2.8245,3.0455,1.94
C,23,Y-line,125,250.0,311.2,46.875,2.8172,3.0382,1.897
C,23,Y-line,126,250.0,313.7,46.875,2.8172,3.0382,1.856
C,23,Y-line,127,250.0,316.2,46.875,2.8172,3.0382,1.927
C,23,Y-line,128,250.0,318.7,46.875,2.8172,3.0382,1.874
C,23,Y-line,129,250.0,321.2,46.875,2.8172,3.0382,1.85
C,23,Y-line,130,250.0,323.7,46.875,2.8172,3.0382,1.788
C,23,Y-line,131,250.0,326.2,46.875,2.8172,3.0382,1.793
C,23,Y-line,132,250.0,328.7,46.6309,2.8025,3.0235,1.831
C,23,Y-line,133,250.0,331.2,46.6309,2.8025,3.0235,1.658
C,23,Y-line,134,250.0,333.7,46.6309,2.8025,3.0235,1.581
C,23,Y-line,135,250.0,336.2,46.5088,2.7952,3.0162,1.755
C,23,Y-line,136,250.0,338.6,46.3867,2.7878,3.0088,1.739
C,23,Y-line,137,250.0,341.1,46.1426,2.7732,2.9942,1.674
C,23,Y-line,138,250.0,343.6,46.1426,2.7732,2.9942,1.866
C,23,Y-line,139,250.0,346.1,46.0205,2.7658,2.9868,1.65
C,23,Y-line,140,250.0,348.6,46.0205,2.7658,2.9868,1.586
C,23,Y-line,141,250.0,351.1,46.0205,2.7658,2.9868,1.423
C,23,Y-line,142,250.0,353.6,46.0205,2.7658,2.9868,1.319
C,23,Y-line,143,250.0,356.1,46.0205,2.7658,2.9868,1.35
C,23,Y-line,144,250.0,358.6,46.0205,2.7658,2.9868,1.482
C,23,Y-line,145,250.0,361.1,46.0205,2.7658,2.9868,1.527
C,23,Y-line,146,250.0,363.5,46.0205,2.7658,2.9868,1.51
C,23,Y-line,147,250.0,366.0,46.0205,2.7658,2.9868,1.668
C,23,Y-line,148,250.0,368.5,46.0205,2.7658,2.9868,1.781
C,23,Y-line,149,250.0,371.0,46.0205,2.7658,2.9868,1.76
C,23,Y-line,150,250.0,373.5,46.0205,2.7658,2.9868,1.689
C,23,Y-line,151,250.0,376.0,46.0205,2.7658,2.9868,1.631
C,23,Y-line,152,250.0,378.5,46.0205,2.7658,2.9868,1.704
C,23,Y-line,153,250.0,381.0,46.0205,2.7658,2.9868,1.777
C,23,Y-line,154,250.0,383.5,46.0205,2.7658,2.9868,1.764
C,23,Y-line,155,250.0,386.0,46.0205,2.7658,2.9868,1.765
C,23,Y-line,156,250.0,388.4,46.0205,2.7658,2.9868,1.706
C,23,Y-line,157,250.0,390.9,46.0205,2.7658,2.9868,1.817
C,23,Y-line,158,250.0,393.4,46.0205,2.7658,2.9868,1.811
C,23,Y-line,159,250.0,395.9,46.0205,2.7658,2.9868,1.754
C,23,Y-line,160,250.0,398.4,46.0205,2.7658,2.9868,1.843
C,23,Y-line,161,250.0,400.9,46.0205,2.7658,2.9868,2.043
C,23,Y-line,162,250.0,403.4,46.0205,2.7658,2.9868,1.969
C,23,Y-line,163,250.0,405.9,46.0205,2.7658,2.9868,1.951
C,23,Y-line,164,250.0,408.4,46.0205,2.7658,2.9868,2.023
C,23,Y-line,165,250.0,410.9,46.0205,2.7658,2.9868,2.002
C,23,Y-line,166,250.0,413.3,46.0205,2.7658,2.9868,1.88
C,23,Y-line,167,250.0,415.8,46.0205,2.7658,2.9868,2.035
C,23,Y-line,168,250.0,418.3,46.0205,2.7658,2.9868,1.97
C,23,Y-line,169,250.0,420.8,46.0205,2.7658,2.9868,1.985
C,23,Y-line,170,250.0,423.3,46.0205,2.7658,2.9868,1.942
C,23,Y-line,171,250.0,425.8,46.0205,2.7658,2.9868,1.991
C,23,Y-line,172,250.0,428.3,46.0205,2.7658,2.9868,1.966
C,23,Y-line,173,250.0,430.8,46.0205,2.7658,2.9868,1.976
C,23,Y-line,174,250.0,433.3,46.0205,2.7658,2.9868,2.001
C,23,Y-line,175,250.0,435.8,46.0205,2.7658,2.9868,1.855
C,23,Y-line,176,250.0,438.2,46.0205,2.7658,2.9868,1.891
C,23,Y-line,177,250.0,440.7,46.0205,2.7658,2.9868,1.796
C,23,Y-line,178,250.0,443.2,46.0205,2.7658,2.9868,1.729
C,23,Y-line,179,250.0,445.7,46.0205,2.7658,2.9868,1.756
C,23,Y-line,180,250.0,448.2,46.0205,2.7658,2.9868,1.82
C,23,Y-line,181,250.0,450.7,46.0205,2.7658,2.9868,1.686
C,23,Y-line,182,250.0,453.2,46.0205,2.7658,2.9868,1.786
C,23,Y-line,183,250.0,455.7,46.0205,2.7658,2.9868,1.79
C,23,Y-line,184,250.0,458.2,46.0205,2.7658,2.9868,1.824
C,23,Y-line,185,250.0,460.7,46.0205,2.7658,2.9868,1.745
C,23,Y-line,186,250.0,463.1,45.8984,2.7585,2.9795,1.654
C,23,Y-line,187,250.0,465.6,45.8984,2.7585,2.9795,1.562
C,23,Y-line,188,250.0,468.1,45.8984,2.7585,2.9795,1.592
C,23,Y-line,189,250.0,470.6,45.8984,2.7585,2.9795,1.497
C,23,Y-line,190,250.0,473.1,45.8984,2.7585,2.9795,1.512
C,23,Y-line,191,250.0,475.6,45.8984,2.7585,2.9795,1.548
C,23,Y-line,192,250.0,478.1,45.8984,2.7585,2.9795,1.449
C,23,Y-line,193,250.0,480.6,45.8984,2.7585,2.9795,1.395
C,23,Y-line,194,250.0,483.1,45.8984,2.7585,2.9795,1.39
C,23,Y-line,195,250.0,485.6,45.8984,2.7585,2.9795,1.457
C,23,Y-line,196,250.0,488.0,45.8984,2.7585,2.9795,1.592
C,23,Y-line,197,250.0,490.5,45.8984,2.7585,2.9795,1.688
C,23,Y-line,198,250.0,493.0,45.8984,2.7585,2.9795,1.687
C,23,Y-line,199,250.0,495.5,45.8984,2.7585,2.9795,1.725
C,23,Y-line,200,250.0,498.0,45.8984,2.7585,2.9795,1.808
C,23,Y-line,201,250.0,500.5,45.8984,2.7585,2.9795,1.727
C,23,Y-line,202,250.0,503.0,45.8984,2.7585,2.9795,1.729
C,23,Y-line,203,250.0,505.5,45.8984,2.7585,2.9795,1.74
C,23,Y-line,204,250.0,508.0,45.8984,2.7585,2.9795,1.633
C,23,Y-line,205,250.0,510.5,45.8984,2.7585,2.9795,1.637
C,23,Y-line,206,250.0,512.9,45.8984,2.7585,2.9795,1.766
C,23,Y-line,207,250.0,515.4,45.8984,2.7585,2.9795,1.699
C,23,Y-line,208,250.0,517.9,45.8984,2.7585,2.9795,1.684
C,23,Y-line,209,250.0,520.4,45.8984,2.7585,2.9795,1.651
C,23,Y-line,210,250.0,522.9,45.8984,2.7585,2.9795,1.691
C,23,Y-line,211,250.0,525.4,45.8984,2.7585,2.9795,1.735
C,23,Y-line,212,250.0,527.9,45.8984,2.7585,2.9795,1.85
C,23,Y-line,213,250.0,530.4,45.8984,2.7585,2.9795,1.815
C,23,Y-line,214,250.0,532.9,45.8984,2.7585,2.9795,2.031
C,23,Y-line,215,250.0,535.4,45.8984,2.7585,2.9795,2.045
C,23,Y-line,216,250.0,537.8,45.8984,2.7585,2.9795,2.069
C,23,Y-line,217,250.0,540.3,45.8984,2.7585,2.9795,2.059
C,23,Y-line,218,250.0,542.8,45.8984,2.7585,2.9795,1.992
C,23,Y-line,219,250.0,545.3,45.8984,2.7585,2.9795,1.906
C,23,Y-line,220,250.0,547.8,45.8984,2.7585,2.9795,1.928
C,23,Y-line,221,250.0,550.3,45.8984,2.7585,2.9795,1.91
C,23,Y-line,222,250.0,552.8,46.0205,2.7658,2.9868,1.858
C,23,Y-line,223,250.0,555.3,46.1426,2.7732,2.9942,1.821
C,23,Y-line,224,250.0,557.8,46.2646,2.7805,3.0015,1.774
C,23,Y-line,225,250.0,560.2,46.5088,2.7952,3.0162,1.756
C,23,Y-line,226,250.0,562.7,46.5088,2.7952,3.0162,1.772
C,23,Y-line,227,250.0,565.2,46.7529,2.8099,3.0309,1.798
C,23,Y-line,228,250.0,567.7,46.9971,2.8245,3.0455,1.83
C,23,Y-line,229,250.0,570.2,46.9971,2.8245,3.0455,1.869
C,23,Y-line,230,250.0,572.7,47.1191,2.8319,3.0529,1.849
C,23,Y-line,231,250.0,575.2,47.1191,2.8319,3.0529,1.854
C,23,Y-line,232,250.0,577.7,47.1191,2.8319,3.0529,1.88
C,23,Y-line,233,250.0,580.2,47.2412,2.8392,3.0602,1.853
C,23,Y-line,234,250.0,582.7,47.2412,2.8392,3.0602,1.876
C,23,Y-line,235,250.0,585.2,47.2412,2.8392,3.0602,1.883
C,23,Y-line,236,250.0,587.6,47.2412,2.8392,3.0602,1.866
C,23,Y-line,237,250.0,590.1,47.2412,2.8392,3.0602,1.925
C,23,Y-line,238,250.0,592.6,47.2412,2.8392,3.0602,1.923
C,23,Y-line,239,250.0,595.1,47.2412,2.8392,3.0602,1.888
C,23,Y-line,240,250.0,597.6,47.2412,2.8392,3.0602,1.881
C,23,Y-line,241,250.0,600.1,47.2412,2.8392,3.0602,1.906
C,23,Y-line,242,250.0,602.6,47.2412,2.8392,3.0602,1.805
C,23,Y-line,243,250.0,605.1,47.2412,2.8392,3.0602,1.81
C,23,Y-line,244,250.0,607.6,47.2412,2.8392,3.0602,1.8
C,23,Y-line,245,250.0,610.1,47.2412,2.8392,3.0602,1.784
C,23,Y-line,246,250.0,612.5,47.2412,2.8392,3.0602,1.764
C,23,Y-line,247,250.0,615.0,47.2412,2.8392,3.0602,1.888
C,23,Y-line,248,250.0,617.5,47.2412,2.8392,3.0602,1.722
C,23,Y-line,249,250.0,620.0,47.2412,2.8392,3.0602,1.857
C,23,Y-line,250,250.0,622.5,47.2412,2.8392,3.0602,1.876
C,23,Y-line,251,250.0,625.0,47.2412,2.8392,3.0602,1.811
C,23,Y-line,252,250.0,627.5,47.2412,2.8392,3.0602,1.879
C,23,Y-line,253,250.0,630.0,47.2412,2.8392,3.0602,1.904
C,23,Y-line,254,250.0,632.5,47.2412,2.8392,3.0602,1.676
C,23,Y-line,255,250.0,635.0,47.2412,2.8392,3.0602,1.83
C,23,Y-line,256,250.0,637.4,47.2412,2.8392,3.0602,1.725
C,23,Y-line,257,250.0,639.9,47.2412,2.8392,3.0602,1.768
C,23,Y-line,258,250.0,642.4,47.2412,2.8392,3.0602,1.754
C,23,Y-line,259,250.0,644.9,47.2412,2.8392,3.0602,1.892
C,23,Y-line,260,250.0,647.4,47.2412,2.8392,3.0602,1.75
C,23,Y-line,261,250.0,649.9,47.2412,2.8392,3.0602,1.642
C,23,Y-line,262,250.0,652.4,47.2412,2.8392,3.0602,1.601
C,23,Y-line,263,250.0,654.9,47.2412,2.8392,3.0602,1.631
C,23,Y-line,264,250.0,657.4,47.2412,2.8392,3.0602,1.86
C,23,Y-line,265,250.0,659.9,47.3633,2.8465,3.0675,1.739
C,23,Y-line,266,250.0,662.3,47.3633,2.8465,3.0675,1.983
C,23,Y-line,267,250.0,664.8,47.3633,2.8465,3.0675,1.859
C,23,Y-line,268,250.0,667.3,47.3633,2.8465,3.0675,1.738
C,23,Y-line,269,250.0,669.8,47.4853,2.8539,3.0749,1.898
C,23,Y-line,270,250.0,672.3,47.4853,2.8539,3.0749,1.647
C,23,Y-line,271,250.0,674.8,47.7295,2.8685,3.0895,1.78
C,23,Y-line,272,250.0,677.3,47.7295,2.8685,3.0895,1.686
C,23,Y-line,273,250.0,679.8,47.9736,2.8832,3.1042,1.799
C,23,Y-line,274,250.0,682.3,47.9736,2.8832,3.1042,1.976
C,23,Y-line,275,250.0,684.8,48.2178,2.8979,3.1189,2.027
C,23,Y-line,276,250.0,687.2,48.2178,2.8979,3.1189,2.038
C,23,Y-line,277,250.0,689.7,48.3398,2.9052,3.1262,2.014
C,23,Y-line,278,250.0,692.2,48.3398,2.9052,3.1262,2.011
C,23,Y-line,279,250.0,694.7,48.3398,2.9052,3.1262,1.905
C,23,Y-line,280,250.0,697.2,48.3398,2.9052,3.1262,1.949
C,23,Y-line,281,250.0,699.7,48.584,2.9199,3.1409,2.1
C,23,Y-line,282,250.0,702.2,48.584,2.9199,3.1409,2.097
C,23,Y-line,283,250.0,704.7,48.584,2.9199,3.1409,2.068
C,23,Y-line,284,250.0,707.2,48.706,2.9272,3.1482,2.055
C,23,Y-line,285,250.0,709.7,48.8281,2.9346,3.1556,1.944
C,23,Y-line,286,250.0,712.1,48.8281,2.9346,3.1556,1.84
C,23,Y-line,287,250.0,714.6,49.0723,2.9492,3.1702,1.851
C,23,Y-line,288,250.0,717.1,49.1943,2.9566,3.1776,1.864
C,23,Y-line,289,250.0,719.6,49.3164,2.9639,3.1849,1.893
C,23,Y-line,290,250.0,722.1,49.4385,2.9713,3.1923,1.794
C,23,Y-line,291,250.0,724.6,49.6826,2.9859,3.2069,1.759
C,23,Y-line,292,250.0,727.1,49.8047,2.9933,3.2143,1.842
C,23,Y-line,293,250.0,729.6,49.8047,2.9933,3.2143,1.806
C,23,Y-line,294,250.0,732.1,50.0488,3.0079,3.2289,1.814
C,23,Y-line,295,250.0,734.6,50.0488,3.0079,3.2289,1.862
C,23,Y-line,296,250.0,737.0,50.293,3.0226,3.2436,1.775
C,23,Y-line,297,250.0,739.5,50.293,3.0226,3.2436,1.844
C,23,Y-line,298,250.0,742.0,50.293,3.0226,3.2436,1.915
C,23,Y-line,299,250.0,744.5,50.293,3.0226,3.2436,1.866
C,23,Y-line,300,250.0,747.0,50.293,3.0226,3.2436,2.078
C,23,Y-line,301,250.0,749.5,50.293,3.0226,3.2436,1.938
C,23,Y-line,302,250.0,752.0,50.293,3.0226,3.2436,2.105
C,23,Y-line,303,250.0,754.5,50.293,3.0226,3.2436,2.035
C,23,Y-line,304,250.0,757.0,50.293,3.0226,3.2436,2.101
C,23,Y-line,305,250.0,759.5,50.415,3.0299,3.2509,1.972
C,23,Y-line,306,250.0,761.9,50.6592,3.0446,3.2656,1.764
C,23,Y-line,307,250.0,764.4,50.9033,3.0593,3.2803,1.461
C,23,Y-line,308,250.0,766.9,51.1475,3.074,3.295,1.05
C,23,Y-line,309,250.0,769.4,51.3916,3.0886,3.3096,0.923
C,23,Y-line,310,250.0,771.9,51.6357,3.1033,3.3243,1.009
C,23,Y-line,311,250.0,774.4,51.8799,3.118,3.339,1.202
C,23,Y-line,312,250.0,776.9,52.124,3.1327,3.3537,1.517
C,23,Y-line,313,250.0,779.4,52.3682,3.1473,3.3683,1.679
C,23,Y-line,314,250.0,781.9,52.6123,3.162,3.383,1.928
C,23,Y-line,315,250.0,784.4,52.6123,3.162,3.383,2.02
C,23,Y-line,316,250.0,786.8,52.6123,3.162,3.383,1.998
C,23,Y-line,317,250.0,789.3,52.6123,3.162,3.383,1.984
C,23,Y-line,318,250.0,791.8,52.6123,3.162,3.383,1.916
C,23,Y-line,319,250.0,794.3,52.6123,3.162,3.383,1.944
C,23,Y-line,320,250.0,796.8,52.6123,3.162,3.383,1.869
C,23,Y-line,321,250.0,799.3,52.6123,3.162,3.383,1.79
C,23,Y-line,322,250.0,801.8,52.6123,3.162,3.383,1.746
C,24,Y-line,0,300.0,0.0,50.7812,3.052,3.2821,1.017
C,24,Y-line,1,300.0,2.5,50.7812,3.052,3.2821,0.806
C,24,Y-line,2,300.0,5.0,50.7812,3.052,3.2821,0.965
C,24,Y-line,3,300.0,7.5,50.7812,3.052,3.2821,0.834
C,24,Y-line,4,300.0,10.0,50.7812,3.052,3.2821,0.713
C,24,Y-line,5,300.0,12.5,50.7812,3.052,3.2821,0.559
C,24,Y-line,6,300.0,14.9,50.7812,3.052,3.2821,0.214
C,24,Y-line,7,300.0,17.4,50.7812,3.052,3.2821,0.665
C,24,Y-line,8,300.0,19.9,50.7812,3.052,3.2821,0.742
C,24,Y-line,9,300.0,22.4,50.7812,3.052,3.2821,0.791
C,24,Y-line,10,300.0,24.9,50.7812,3.052,3.2821,1.042
C,24,Y-line,11,300.0,27.4,50.7812,3.052,3.2821,1.321
C,24,Y-line,12,300.0,29.9,50.7812,3.052,3.2821,1.254
C,24,Y-line,13,300.0,32.4,50.7812,3.052,3.2821,1.448
C,24,Y-line,14,300.0,34.9,50.7812,3.052,3.2821,1.476
C,24,Y-line,15,300.0,37.4,50.7812,3.052,3.2821,1.507
C,24,Y-line,16,300.0,39.8,50.7812,3.052,3.2821,1.484
C,24,Y-line,17,300.0,42.3,50.7812,3.052,3.2821,1.451
C,24,Y-line,18,300.0,44.8,50.7812,3.052,3.2821,1.34
C,24,Y-line,19,300.0,47.3,50.7812,3.052,3.2821,1.285
C,24,Y-line,20,300.0,49.8,50.7812,3.052,3.2821,1.346
C,24,Y-line,21,300.0,52.3,50.7812,3.052,3.2821,1.428
C,24,Y-line,22,300.0,54.8,50.7812,3.052,3.2821,1.397
C,24,Y-line,23,300.0,57.3,50.7812,3.052,3.2821,1.523
C,24,Y-line,24,300.0,59.8,50.7812,3.052,3.2821,1.415
C,24,Y-line,25,300.0,62.3,50.7812,3.052,3.2821,1.413
C,24,Y-line,26,300.0,64.7,50.7812,3.052,3.2821,1.398
C,24,Y-line,27,300.0,67.2,50.7812,3.052,3.2821,1.358
C,24,Y-line,28,300.0,69.7,50.7812,3.052,3.2821,1.49
C,24,Y-line,29,300.0,72.2,50.7812,3.052,3.2821,1.503
C,24,Y-line,30,300.0,74.7,50.7812,3.052,3.2821,1.37
C,24,Y-line,31,300.0,77.2,50.7812,3.052,3.2821,1.405
C,24,Y-line,32,300.0,79.7,50.7812,3.052,3.2821,1.38
C,24,Y-line,33,300.0,82.2,50.7812,3.052,3.2821,1.004
C,24,Y-line,34,300.0,84.7,50.7812,3.052,3.2821,0.933
C,24,Y-line,35,300.0,87.2,51.0254,3.0666,3.2967,0.673
C,24,Y-line,36,300.0,89.6,51.2695,3.0813,3.3114,0.889
C,24,Y-line,37,300.0,92.1,51.2695,3.0813,3.3114,0.823
C,24,Y-line,38,300.0,94.6,51.2695,3.0813,3.3114,1.132
C,24,Y-line,39,300.0,97.1,51.2695,3.0813,3.3114,1.253
C,24,Y-line,40,300.0,99.6,51.2695,3.0813,3.3114,1.299
C,24,Y-line,41,300.0,102.1,51.2695,3.0813,3.3114,1.278
C,24,Y-line,42,300.0,104.6,51.2695,3.0813,3.3114,1.292
C,24,Y-line,43,300.0,107.1,51.2695,3.0813,3.3114,1.287
C,24,Y-line,44,300.0,109.6,51.2695,3.0813,3.3114,1.326
C,24,Y-line,45,300.0,112.1,51.2695,3.0813,3.3114,1.415
C,24,Y-line,46,300.0,114.5,51.2695,3.0813,3.3114,1.391
C,24,Y-line,47,300.0,117.0,51.2695,3.0813,3.3114,1.378
C,24,Y-line,48,300.0,119.5,51.2695,3.0813,3.3114,1.425
C,24,Y-line,49,300.0,122.0,51.2695,3.0813,3.3114,1.459
C,24,Y-line,50,300.0,124.5,51.2695,3.0813,3.3114,1.326
C,24,Y-line,51,300.0,127.0,51.0254,3.0666,3.2967,1.236
C,24,Y-line,52,300.0,129.5,50.7812,3.052,3.2821,1.139
C,24,Y-line,53,300.0,132.0,50.5371,3.0373,3.2674,0.934
C,24,Y-line,54,300.0,134.5,50.293,3.0226,3.2527,0.965
C,24,Y-line,55,300.0,137.0,50.0488,3.0079,3.238,1.197
C,24,Y-line,56,300.0,139.4,49.8047,2.9933,3.2234,1.224
C,24,Y-line,57,300.0,141.9,49.5605,2.9786,3.2087,1.497
C,24,Y-line,58,300.0,144.4,49.3164,2.9639,3.194,1.591
C,24,Y-line,59,300.0,146.9,49.3164,2.9639,3.194,1.684
C,24,Y-line,60,300.0,149.4,49.3164,2.9639,3.194,1.792
C,24,Y-line,61,300.0,151.9,49.3164,2.9639,3.194,1.613
C,24,Y-line,62,300.0,154.4,49.3164,2.9639,3.194,1.676
C,24,Y-line,63,300.0,156.9,49.3164,2.9639,3.194,1.71
C,24,Y-line,64,300.0,159.4,49.3164,2.9639,3.194,1.569
C,24,Y-line,65,300.0,161.9,49.3164,2.9639,3.194,1.707
C,24,Y-line,66,300.0,164.3,49.3164,2.9639,3.194,1.591
C,24,Y-line,67,300.0,166.8,49.3164,2.9639,3.194,1.457
C,24,Y-line,68,300.0,169.3,49.0723,2.9492,3.1793,1.253
C,24,Y-line,69,300.0,171.8,48.8281,2.9346,3.1647,1.003
C,24,Y-line,70,300.0,174.3,48.584,2.9199,3.15,0.985
C,24,Y-line,71,300.0,176.8,48.3398,2.9052,3.1353,1.214
C,24,Y-line,72,300.0,179.3,48.3398,2.9052,3.1353,1.244
C,24,Y-line,73,300.0,181.8,48.3398,2.9052,3.1353,1.081
C,24,Y-line,74,300.0,184.3,48.3398,2.9052,3.1353,0.987
C,24,Y-line,75,300.0,186.8,48.3398,2.9052,3.1353,1.145
C,24,Y-line,76,300.0,189.2,48.3398,2.9052,3.1353,1.361
C,24,Y-line,77,300.0,191.7,48.3398,2.9052,3.1353,1.27
C,24,Y-line,78,300.0,194.2,48.3398,2.9052,3.1353,1.088
C,24,Y-line,79,300.0,196.7,48.3398,2.9052,3.1353,1.305
C,24,Y-line,80,300.0,199.2,48.3398,2.9052,3.1353,1.324
C,24,Y-line,81,300.0,201.7,48.3398,2.9052,3.1353,1.791
C,24,Y-line,82,300.0,204.2,48.4619,2.9126,3.1427,1.448
C,24,Y-line,83,300.0,206.7,48.4619,2.9126,3.1427,1.3
C,24,Y-line,84,300.0,209.2,48.4619,2.9126,3.1427,1.349
C,24,Y-line,85,300.0,211.7,48.4619,2.9126,3.1427,1.298
C,24,Y-line,86,300.0,214.1,48.4619,2.9126,3.1427,1.013
C,24,Y-line,87,300.0,216.6,48.4619,2.9126,3.1427,1.201
C,24,Y-line,88,300.0,219.1,48.4619,2.9126,3.1427,1.275
C,24,Y-line,89,300.0,221.6,48.4619,2.9126,3.1427,1.369
C,24,Y-line,90,300.0,224.1,48.4619,2.9126,3.1427,1.359
C,24,Y-line,91,300.0,226.6,48.4619,2.9126,3.1427,1.392
C,24,Y-line,92,300.0,229.1,48.4619,2.9126,3.1427,1.457
C,24,Y-line,93,300.0,231.6,48.4619,2.9126,3.1427,1.558
C,24,Y-line,94,300.0,234.1,48.4619,2.9126,3.1427,1.596
C,24,Y-line,95,300.0,236.6,48.4619,2.9126,3.1427,1.615
C,24,Y-line,96,300.0,239.0,48.4619,2.9126,3.1427,1.651
C,24,Y-line,97,300.0,241.5,48.4619,2.9126,3.1427,1.679
C,24,Y-line,98,300.0,244.0,48.4619,2.9126,3.1427,1.611
C,24,Y-line,99,300.0,246.5,48.4619,2.9126,3.1427,1.569
C,24,Y-line,100,300.0,249.0,48.4619,2.9126,3.1427,1.603
C,24,Y-line,101,300.0,251.5,48.4619,2.9126,3.1427,1.466
C,24,Y-line,102,300.0,254.0,48.4619,2.9126,3.1427,1.41
C,24,Y-line,103,300.0,256.5,48.4619,2.9126,3.1427,1.485
C,24,Y-line,104,300.0,259.0,48.4619,2.9126,3.1427,1.478
C,24,Y-line,105,300.0,261.5,48.4619,2.9126,3.1427,1.51
C,24,Y-line,106,300.0,263.9,48.4619,2.9126,3.1427,1.517
C,24,Y-line,107,300.0,266.4,48.4619,2.9126,3.1427,1.405
C,24,Y-line,108,300.0,268.9,48.4619,2.9126,3.1427,1.377
C,24,Y-line,109,300.0,271.4,48.4619,2.9126,3.1427,1.385
C,24,Y-line,110,300.0,273.9,48.4619,2.9126,3.1427,1.347
C,24,Y-line,111,300.0,276.4,48.4619,2.9126,3.1427,1.336
C,24,Y-line,112,300.0,278.9,48.4619,2.9126,3.1427,1.28
C,24,Y-line,113,300.0,281.4,48.2178,2.8979,3.128,1.299
C,24,Y-line,114,300.0,283.9,47.9736,2.8832,3.1133,1.352
C,24,Y-line,115,300.0,286.4,47.7295,2.8685,3.0986,1.309
C,24,Y-line,116,300.0,288.8,47.6074,2.8612,3.0913,1.289
C,24,Y-line,117,300.0,291.3,47.4853,2.8539,3.084,1.35
C,24,Y-line,118,300.0,293.8,47.3633,2.8465,3.0766,1.356
C,24,Y-line,119,300.0,296.3,47.2412,2.8392,3.0693,1.329
C,24,Y-line,120,300.0,298.8,47.2412,2.8392,3.0693,1.351
C,24,Y-line,121,300.0,301.3,47.2412,2.8392,3.0693,1.389
C,24,Y-line,122,300.0,303.8,47.2412,2.8392,3.0693,1.391
C,24,Y-line,123,300.0,306.3,47.2412,2.8392,3.0693,1.442
C,24,Y-line,124,300.0,308.8,47.2412,2.8392,3.0693,1.376
C,24,Y-line,125,300.0,311.2,47.2412,2.8392,3.0693,1.431
C,24,Y-line,126,300.0,313.7,47.2412,2.8392,3.0693,1.446
C,24,Y-line,127,300.0,316.2,47.1191,2.8319,3.062,1.513
C,24,Y-line,128,300.0,318.7,47.1191,2.8319,3.062,1.463
C,24,Y-line,129,300.0,321.2,46.9971,2.8245,3.0546,1.535
C,24,Y-line,130,300.0,323.7,46.875,2.8172,3.0473,1.665
C,24,Y-line,131,300.0,326.2,46.875,2.8172,3.0473,1.452
C,24,Y-line,132,300.0,328.7,46.875,2.8172,3.0473,1.701
C,24,Y-line,133,300.0,331.2,46.7529,2.8099,3.04,1.677
C,24,Y-line,134,300.0,333.7,46.7529,2.8099,3.04,1.636
C,24,Y-line,135,300.0,336.2,46.7529,2.8099,3.04,1.511
C,24,Y-line,136,300.0,338.6,46.7529,2.8099,3.04,1.393
C,24,Y-line,137,300.0,341.1,46.7529,2.8099,3.04,1.501
C,24,Y-line,138,300.0,343.6,46.7529,2.8099,3.04,1.387
C,24,Y-line,139,300.0,346.1,46.7529,2.8099,3.04,1.467
C,24,Y-line,140,300.0,348.6,46.7529,2.8099,3.04,1.391
C,24,Y-line,141,300.0,351.1,46.7529,2.8099,3.04,1.362
C,24,Y-line,142,300.0,353.6,46.7529,2.8099,3.04,1.413
C,24,Y-line,143,300.0,356.1,46.7529,2.8099,3.04,1.696
C,24,Y-line,144,300.0,358.6,46.7529,2.8099,3.04,1.467
C,24,Y-line,145,300.0,361.1,46.7529,2.8099,3.04,1.722
C,24,Y-line,146,300.0,363.5,46.7529,2.8099,3.04,2.013
C,24,Y-line,147,300.0,366.0,46.7529,2.8099,3.04,2.004
C,24,Y-line,148,300.0,368.5,46.7529,2.8099,3.04,2.056
C,24,Y-line,149,300.0,371.0,46.7529,2.8099,3.04,1.937
C,24,Y-line,150,300.0,373.5,46.7529,2.8099,3.04,1.974
C,24,Y-line,151,300.0,376.0,46.7529,2.8099,3.04,2.09
C,24,Y-line,152,300.0,378.5,46.7529,2.8099,3.04,2.105
C,24,Y-line,153,300.0,381.0,46.7529,2.8099,3.04,1.937
C,24,Y-line,154,300.0,383.5,46.7529,2.8099,3.04,1.78
C,24,Y-line,155,300.0,386.0,46.7529,2.8099,3.04,1.748
C,24,Y-line,156,300.0,388.4,46.7529,2.8099,3.04,1.653
C,24,Y-line,157,300.0,390.9,46.7529,2.8099,3.04,1.6
C,24,Y-line,158,300.0,393.4,46.7529,2.8099,3.04,1.772
C,24,Y-line,159,300.0,395.9,46.7529,2.8099,3.04,1.827
C,24,Y-line,160,300.0,398.4,46.7529,2.8099,3.04,1.84
C,24,Y-line,161,300.0,400.9,46.7529,2.8099,3.04,1.917
C,24,Y-line,162,300.0,403.4,46.7529,2.8099,3.04,1.933
C,24,Y-line,163,300.0,405.9,46.7529,2.8099,3.04,2.267
C,24,Y-line,164,300.0,408.4,46.7529,2.8099,3.04,2.109
C,24,Y-line,165,300.0,410.9,46.7529,2.8099,3.04,2.203
C,24,Y-line,166,300.0,413.3,46.7529,2.8099,3.04,2.027
C,24,Y-line,167,300.0,415.8,46.7529,2.8099,3.04,1.836
C,24,Y-line,168,300.0,418.3,46.7529,2.8099,3.04,1.742
C,24,Y-line,169,300.0,420.8,46.7529,2.8099,3.04,1.837
C,24,Y-line,170,300.0,423.3,46.7529,2.8099,3.04,2.132
C,24,Y-line,171,300.0,425.8,46.7529,2.8099,3.04,1.871
C,24,Y-line,172,300.0,428.3,46.7529,2.8099,3.04,2.043
C,24,Y-line,173,300.0,430.8,46.7529,2.8099,3.04,2.087
C,24,Y-line,174,300.0,433.3,46.7529,2.8099,3.04,2.087
C,24,Y-line,175,300.0,435.8,46.7529,2.8099,3.04,2.348
C,24,Y-line,176,300.0,438.2,46.7529,2.8099,3.04,2.07
C,24,Y-line,177,300.0,440.7,46.7529,2.8099,3.04,2.118
C,24,Y-line,178,300.0,443.2,46.7529,2.8099,3.04,1.765
C,24,Y-line,179,300.0,445.7,46.7529,2.8099,3.04,1.732
C,24,Y-line,180,300.0,448.2,46.7529,2.8099,3.04,1.631
C,24,Y-line,181,300.0,450.7,46.7529,2.8099,3.04,1.574
C,24,Y-line,182,300.0,453.2,46.7529,2.8099,3.04,1.512
C,24,Y-line,183,300.0,455.7,46.7529,2.8099,3.04,1.305
C,24,Y-line,184,300.0,458.2,46.7529,2.8099,3.04,1.323
C,24,Y-line,185,300.0,460.7,46.7529,2.8099,3.04,1.254
C,24,Y-line,186,300.0,463.1,46.7529,2.8099,3.04,1.263
C,24,Y-line,187,300.0,465.6,46.875,2.8172,3.0473,1.266
C,24,Y-line,188,300.0,468.1,46.875,2.8172,3.0473,1.27
C,24,Y-line,189,300.0,470.6,46.9971,2.8245,3.0546,1.201
C,24,Y-line,190,300.0,473.1,46.9971,2.8245,3.0546,1.259
C,24,Y-line,191,300.0,475.6,46.9971,2.8245,3.0546,1.392
C,24,Y-line,192,300.0,478.1,46.9971,2.8245,3.0546,1.282
C,24,Y-line,193,300.0,480.6,46.9971,2.8245,3.0546,1.227
C,24,Y-line,194,300.0,483.1,46.9971,2.8245,3.0546,1.428
C,24,Y-line,195,300.0,485.6,46.9971,2.8245,3.0546,1.482
C,24,Y-line,196,300.0,488.0,46.9971,2.8245,3.0546,1.485
C,24,Y-line,197,300.0,490.5,46.9971,2.8245,3.0546,1.518
C,24,Y-line,198,300.0,493.0,46.9971,2.8245,3.0546,1.569
C,24,Y-line,199,300.0,495.5,46.9971,2.8245,3.0546,1.334
C,24,Y-line,200,300.0,498.0,46.9971,2.8245,3.0546,1.392
C,24,Y-line,201,300.0,500.5,46.9971,2.8245,3.0546,1.235
C,24,Y-line,202,300.0,503.0,46.9971,2.8245,3.0546,1.473
C,24,Y-line,203,300.0,505.5,46.9971,2.8245,3.0546,1.522
C,24,Y-line,204,300.0,508.0,46.9971,2.8245,3.0546,1.447
C,24,Y-line,205,300.0,510.5,46.9971,2.8245,3.0546,1.4
C,24,Y-line,206,300.0,512.9,46.9971,2.8245,3.0546,1.559
C,24,Y-line,207,300.0,515.4,46.9971,2.8245,3.0546,1.58
C,24,Y-line,208,300.0,517.9,46.9971,2.8245,3.0546,1.675
C,24,Y-line,209,300.0,520.4,46.9971,2.8245,3.0546,1.972
C,24,Y-line,210,300.0,522.9,47.1191,2.8319,3.062,2.029
C,24,Y-line,211,300.0,525.4,47.1191,2.8319,3.062,2.042
C,24,Y-line,212,300.0,527.9,47.2412,2.8392,3.0693,2.055
C,24,Y-line,213,300.0,530.4,47.2412,2.8392,3.0693,1.961
C,24,Y-line,214,300.0,532.9,47.2412,2.8392,3.0693,1.944
C,24,Y-line,215,300.0,535.4,47.2412,2.8392,3.0693,1.94
C,24,Y-line,216,300.0,537.8,47.2412,2.8392,3.0693,1.94
C,24,Y-line,217,300.0,540.3,47.2412,2.8392,3.0693,1.81
C,24,Y-line,218,300.0,542.8,47.4853,2.8539,3.084,1.624
C,24,Y-line,219,300.0,545.3,47.7295,2.8685,3.0986,1.551
C,24,Y-line,220,300.0,547.8,47.8516,2.8759,3.106,1.583
C,24,Y-line,221,300.0,550.3,48.0957,2.8906,3.1207,1.575
C,24,Y-line,222,300.0,552.8,48.0957,2.8906,3.1207,1.583
C,24,Y-line,223,300.0,555.3,48.0957,2.8906,3.1207,1.604
C,24,Y-line,224,300.0,557.8,48.0957,2.8906,3.1207,1.652
C,24,Y-line,225,300.0,560.2,48.0957,2.8906,3.1207,1.662
C,24,Y-line,226,300.0,562.7,48.0957,2.8906,3.1207,1.628
C,24,Y-line,227,300.0,565.2,48.0957,2.8906,3.1207,1.618
C,24,Y-line,228,300.0,567.7,48.0957,2.8906,3.1207,1.65
C,24,Y-line,229,300.0,570.2,48.0957,2.8906,3.1207,1.643
C,24,Y-line,230,300.0,572.7,48.0957,2.8906,3.1207,1.634
C,24,Y-line,231,300.0,575.2,48.0957,2.8906,3.1207,1.533
C,24,Y-line,232,300.0,577.7,48.0957,2.8906,3.1207,1.57
C,24,Y-line,233,300.0,580.2,48.0957,2.8906,3.1207,1.477
C,24,Y-line,234,300.0,582.7,48.0957,2.8906,3.1207,1.501
C,24,Y-line,235,300.0,585.2,48.0957,2.8906,3.1207,1.47
C,24,Y-line,236,300.0,587.6,48.0957,2.8906,3.1207,1.44
C,24,Y-line,237,300.0,590.1,48.0957,2.8906,3.1207,1.463
C,24,Y-line,238,300.0,592.6,48.0957,2.8906,3.1207,1.37
C,24,Y-line,239,300.0,595.1,47.8516,2.8759,3.106,1.4
C,24,Y-line,240,300.0,597.6,47.6074,2.8612,3.0913,1.216
C,24,Y-line,241,300.0,600.1,47.3633,2.8465,3.0766,1.462
C,24,Y-line,242,300.0,602.6,47.3633,2.8465,3.0766,1.509
C,24,Y-line,243,300.0,605.1,47.3633,2.8465,3.0766,1.531
C,24,Y-line,244,300.0,607.6,47.3633,2.8465,3.0766,1.407
C,24,Y-line,245,300.0,610.1,47.3633,2.8465,3.0766,1.411
C,24,Y-line,246,300.0,612.5,47.3633,2.8465,3.0766,1.371
C,24,Y-line,247,300.0,615.0,47.3633,2.8465,3.0766,1.381
C,24,Y-line,248,300.0,617.5,47.3633,2.8465,3.0766,1.37
C,24,Y-line,249,300.0,620.0,47.3633,2.8465,3.0766,1.311
C,24,Y-line,250,300.0,622.5,47.3633,2.8465,3.0766,1.358
C,24,Y-line,251,300.0,625.0,47.3633,2.8465,3.0766,1.304
C,24,Y-line,252,300.0,627.5,47.3633,2.8465,3.0766,1.319
C,24,Y-line,253,300.0,630.0,47.3633,2.8465,3.0766,1.29
C,24,Y-line,254,300.0,632.5,47.3633,2.8465,3.0766,1.352
C,24,Y-line,255,300.0,635.0,47.3633,2.8465,3.0766,1.369
C,24,Y-line,256,300.0,637.4,47.3633,2.8465,3.0766,1.459
C,24,Y-line,257,300.0,639.9,47.3633,2.8465,3.0766,1.436
C,24,Y-line,258,300.0,642.4,47.3633,2.8465,3.0766,1.624
C,24,Y-line,259,300.0,644.9,47.3633,2.8465,3.0766,1.759
C,24,Y-line,260,300.0,647.4,47.3633,2.8465,3.0766,1.891
C,24,Y-line,261,300.0,649.9,47.4853,2.8539,3.084,1.93
C,24,Y-line,262,300.0,652.4,47.4853,2.8539,3.084,1.946
C,24,Y-line,263,300.0,654.9,47.6074,2.8612,3.0913,2.039
C,24,Y-line,264,300.0,657.4,47.6074,2.8612,3.0913,2.081
C,24,Y-line,265,300.0,659.9,47.6074,2.8612,3.0913,2.067
C,24,Y-line,266,300.0,662.3,47.6074,2.8612,3.0913,2.15
C,24,Y-line,267,300.0,664.8,47.7295,2.8685,3.0986,2.158
C,24,Y-line,268,300.0,667.3,47.7295,2.8685,3.0986,2.108
C,24,Y-line,269,300.0,669.8,47.7295,2.8685,3.0986,2.065
C,24,Y-line,270,300.0,672.3,47.9736,2.8832,3.1133,2.112
C,24,Y-line,271,300.0,674.8,47.9736,2.8832,3.1133,2.143
C,24,Y-line,272,300.0,677.3,48.0957,2.8906,3.1207,2.174
C,24,Y-line,273,300.0,679.8,48.0957,2.8906,3.1207,2.254
C,24,Y-line,274,300.0,682.3,48.2178,2.8979,3.128,2.194
C,24,Y-line,275,300.0,684.8,48.3398,2.9052,3.1353,2.04
C,24,Y-line,276,300.0,687.2,48.4619,2.9126,3.1427,2.069
C,24,Y-line,277,300.0,689.7,48.4619,2.9126,3.1427,1.891
C,24,Y-line,278,300.0,692.2,48.584,2.9199,3.15,1.922
C,24,Y-line,279,300.0,694.7,48.584,2.9199,3.15,1.925
C,24,Y-line,280,300.0,697.2,48.706,2.9272,3.1573,1.943
C,24,Y-line,281,300.0,699.7,48.8281,2.9346,3.1647,1.766
C,24,Y-line,282,300.0,702.2,48.9502,2.9419,3.172,1.808
C,24,Y-line,283,300.0,704.7,49.0723,2.9492,3.1793,1.736
C,24,Y-line,284,300.0,707.2,49.0723,2.9492,3.1793,1.839
C,24,Y-line,285,300.0,709.7,49.1943,2.9566,3.1867,1.922
C,24,Y-line,286,300.0,712.1,49.3164,2.9639,3.194,1.9
C,24,Y-line,287,300.0,714.6,49.3164,2.9639,3.194,1.814
C,24,Y-line,288,300.0,717.1,49.4385,2.9713,3.2014,1.77
C,24,Y-line,289,300.0,719.6,49.5605,2.9786,3.2087,1.745
C,24,Y-line,290,300.0,722.1,49.6826,2.9859,3.216,1.722
C,24,Y-line,291,300.0,724.6,49.9268,3.0006,3.2307,1.667
C,24,Y-line,292,300.0,727.1,49.9268,3.0006,3.2307,1.768
C,24,Y-line,293,300.0,729.6,49.9268,3.0006,3.2307,1.743
C,24,Y-line,294,300.0,732.1,50.0488,3.0079,3.238,1.648
C,24,Y-line,295,300.0,734.6,50.1709,3.0153,3.2454,1.705
C,24,Y-line,296,300.0,737.0,50.1709,3.0153,3.2454,1.597
C,24,Y-line,297,300.0,739.5,50.415,3.0299,3.26,1.584
C,24,Y-line,298,300.0,742.0,50.5371,3.0373,3.2674,1.598
C,24,Y-line,299,300.0,744.5,50.6592,3.0446,3.2747,1.667
C,24,Y-line,300,300.0,747.0,50.9033,3.0593,3.2894,1.689
C,24,Y-line,301,300.0,749.5,50.9033,3.0593,3.2894,1.826
C,24,Y-line,302,300.0,752.0,51.0254,3.0666,3.2967,1.909
C,24,Y-line,303,300.0,754.5,51.1475,3.074,3.3041,1.974
C,24,Y-line,304,300.0,757.0,51.1475,3.074,3.3041,2.031
C,24,Y-line,305,300.0,759.5,51.1475,3.074,3.3041,2.034
C,24,Y-line,306,300.0,761.9,51.1475,3.074,3.3041,2.1
C,24,Y-line,307,300.0,764.4,51.1475,3.074,3.3041,2.048
C,24,Y-line,308,300.0,766.9,51.2695,3.0813,3.3114,2.128
C,24,Y-line,309,300.0,769.4,51.3916,3.0886,3.3187,2.094
C,24,Y-line,310,300.0,771.9,51.5137,3.096,3.3261,2.116
C,24,Y-line,311,300.0,774.4,51.5137,3.096,3.3261,2.111
C,24,Y-line,312,300.0,776.9,51.6357,3.1033,3.3334,2.04
C,24,Y-line,313,300.0,779.4,51.6357,3.1033,3.3334,1.996
C,24,Y-line,314,300.0,781.9,51.6357,3.1033,3.3334,1.975
C,24,Y-line,315,300.0,784.4,51.6357,3.1033,3.3334,1.922
C,24,Y-line,316,300.0,786.8,51.6357,3.1033,3.3334,1.835
C,24,Y-line,317,300.0,789.3,51.8799,3.118,3.3481,1.741
C,24,Y-line,318,300.0,791.8,52.124,3.1327,3.3628,1.722
C,24,Y-line,319,300.0,794.3,52.124,3.1327,3.3628,1.709
C,24,Y-line,320,300.0,796.8,52.124,3.1327,3.3628,1.689
C,24,Y-line,321,300.0,799.3,52.124,3.1327,3.3628,1.637
C,24,Y-line,322,300.0,801.8,52.124,3.1327,3.3628,1.654
C,24,Y-line,323,300.0,804.3,52.124,3.1327,3.3628,1.595
C,24,Y-line,324,300.0,806.8,52.124,3.1327,3.3628,1.568
C,24,Y-line,325,300.0,809.3,52.124,3.1327,3.3628,1.46
C,25,Y-line,0,350.0,0.0,52.0019,3.1253,3.268,1.887
C,25,Y-line,1,350.0,2.5,52.0019,3.1253,3.268,1.87
C,25,Y-line,2,350.0,5.0,52.0019,3.1253,3.268,1.851
C,25,Y-line,3,350.0,7.5,52.0019,3.1253,3.268,1.675
C,25,Y-line,4,350.0,10.0,52.0019,3.1253,3.268,1.708
C,25,Y-line,5,350.0,12.5,51.7578,3.1106,3.2533,1.623
C,25,Y-line,6,350.0,14.9,51.5137,3.096,3.2387,1.639
C,25,Y-line,7,350.0,17.4,51.5137,3.096,3.2387,1.687
C,25,Y-line,8,350.0,19.9,51.3916,3.0886,3.2313,1.59
C,25,Y-line,9,350.0,22.4,51.3916,3.0886,3.2313,1.678
C,25,Y-line,10,350.0,24.9,51.3916,3.0886,3.2313,1.59
C,25,Y-line,11,350.0,27.4,51.3916,3.0886,3.2313,1.774
C,25,Y-line,12,350.0,29.9,51.3916,3.0886,3.2313,1.899
C,25,Y-line,13,350.0,32.4,51.3916,3.0886,3.2313,1.812
C,25,Y-line,14,350.0,34.9,51.3916,3.0886,3.2313,1.782
C,25,Y-line,15,350.0,37.4,51.3916,3.0886,3.2313,1.721
C,25,Y-line,16,350.0,39.8,51.3916,3.0886,3.2313,1.687
C,25,Y-line,17,350.0,42.3,51.3916,3.0886,3.2313,1.659
C,25,Y-line,18,350.0,44.8,51.2695,3.0813,3.224,1.583
C,25,Y-line,19,350.0,47.3,51.2695,3.0813,3.224,1.638
C,25,Y-line,20,350.0,49.8,51.0254,3.0666,3.2093,1.658
C,25,Y-line,21,350.0,52.3,51.0254,3.0666,3.2093,1.774
C,25,Y-line,22,350.0,54.8,50.7812,3.052,3.1947,1.796
C,25,Y-line,23,350.0,57.3,50.5371,3.0373,3.18,1.683
C,25,Y-line,24,350.0,59.8,50.5371,3.0373,3.18,1.723
C,25,Y-line,25,350.0,62.3,50.293,3.0226,3.1653,2.015
C,25,Y-line,26,350.0,64.7,50.293,3.0226,3.1653,1.887
C,25,Y-line,27,350.0,67.2,50.293,3.0226,3.1653,1.813
C,25,Y-line,28,350.0,69.7,50.293,3.0226,3.1653,1.954
C,25,Y-line,29,350.0,72.2,50.293,3.0226,3.1653,1.871
C,25,Y-line,30,350.0,74.7,50.293,3.0226,3.1653,2.01
C,25,Y-line,31,350.0,77.2,50.0488,3.0079,3.1506,1.965
C,25,Y-line,32,350.0,79.7,49.9268,3.0006,3.1433,1.952
C,25,Y-line,33,350.0,82.2,49.8047,2.9933,3.136,1.959
C,25,Y-line,34,350.0,84.7,49.8047,2.9933,3.136,1.983
C,25,Y-line,35,350.0,87.2,49.8047,2.9933,3.136,1.842
C,25,Y-line,36,350.0,89.6,49.6826,2.9859,3.1286,1.915
C,25,Y-line,37,350.0,92.1,49.6826,2.9859,3.1286,2.243
C,25,Y-line,38,350.0,94.6,49.6826,2.9859,3.1286,2.189
C,25,Y-line,39,350.0,97.1,49.6826,2.9859,3.1286,2.16
C,25,Y-line,40,350.0,99.6,49.6826,2.9859,3.1286,1.837
C,25,Y-line,41,350.0,102.1,49.6826,2.9859,3.1286,1.736
C,25,Y-line,42,350.0,104.6,49.6826,2.9859,3.1286,1.64
C,25,Y-line,43,350.0,107.1,49.6826,2.9859,3.1286,1.751
C,25,Y-line,44,350.0,109.6,49.6826,2.9859,3.1286,1.944
C,25,Y-line,45,350.0,112.1,49.6826,2.9859,3.1286,2.192
C,25,Y-line,46,350.0,114.5,49.6826,2.9859,3.1286,2.094
C,25,Y-line,47,350.0,117.0,49.6826,2.9859,3.1286,1.91
C,25,Y-line,48,350.0,119.5,49.6826,2.9859,3.1286,1.683
C,25,Y-line,49,350.0,122.0,49.6826,2.9859,3.1286,1.532
C,25,Y-line,50,350.0,124.5,49.6826,2.9859,3.1286,1.465
C,25,Y-line,51,350.0,127.0,49.6826,2.9859,3.1286,1.427
C,25,Y-line,52,350.0,129.5,49.6826,2.9859,3.1286,1.533
C,25,Y-line,53,350.0,132.0,49.6826,2.9859,3.1286,1.507
C,25,Y-line,54,350.0,134.5,49.6826,2.9859,3.1286,1.697
C,25,Y-line,55,350.0,137.0,49.6826,2.9859,3.1286,1.815
C,25,Y-line,56,350.0,139.4,49.6826,2.9859,3.1286,1.97
C,25,Y-line,57,350.0,141.9,49.6826,2.9859,3.1286,2.12
C,25,Y-line,58,350.0,144.4,49.6826,2.9859,3.1286,2.254
C,25,Y-line,59,350.0,146.9,49.6826,2.9859,3.1286,2.235
C,25,Y-line,60,350.0,149.4,49.6826,2.9859,3.1286,2.011
C,25,Y-line,61,350.0,151.9,49.6826,2.9859,3.1286,2.127
C,25,Y-line,62,350.0,154.4,49.6826,2.9859,3.1286,1.854
C,25,Y-line,63,350.0,156.9,49.6826,2.9859,3.1286,1.877
C,25,Y-line,64,350.0,159.4,49.6826,2.9859,3.1286,1.784
C,25,Y-line,65,350.0,161.9,49.6826,2.9859,3.1286,1.618
C,25,Y-line,66,350.0,164.3,49.5605,2.9786,3.1213,1.578
C,25,Y-line,67,350.0,166.8,49.5605,2.9786,3.1213,1.374
C,25,Y-line,68,350.0,169.3,49.5605,2.9786,3.1213,1.454
C,25,Y-line,69,350.0,171.8,49.3164,2.9639,3.1066,1.376
C,25,Y-line,70,350.0,174.3,49.0723,2.9492,3.0919,1.562
C,25,Y-line,71,350.0,176.8,49.0723,2.9492,3.0919,1.646
C,25,Y-line,72,350.0,179.3,49.0723,2.9492,3.0919,1.706
C,25,Y-line,73,350.0,181.8,49.0723,2.9492,3.0919,1.927
C,25,Y-line,74,350.0,184.3,49.0723,2.9492,3.0919,1.912
C,25,Y-line,75,350.0,186.8,48.8281,2.9346,3.0773,2.078
C,25,Y-line,76,350.0,189.2,48.8281,2.9346,3.0773,2.094
C,25,Y-line,77,350.0,191.7,48.8281,2.9346,3.0773,1.985
C,25,Y-line,78,350.0,194.2,48.8281,2.9346,3.0773,1.869
C,25,Y-line,79,350.0,196.7,48.584,2.9199,3.0626,2.031
C,25,Y-line,80,350.0,199.2,48.584,2.9199,3.0626,2.002
C,25,Y-line,81,350.0,201.7,48.584,2.9199,3.0626,2.018
C,25,Y-line,82,350.0,204.2,48.584,2.9199,3.0626,1.907
C,25,Y-line,83,350.0,206.7,48.584,2.9199,3.0626,1.939
C,25,Y-line,84,350.0,209.2,48.584,2.9199,3.0626,2.024
C,25,Y-line,85,350.0,211.7,48.584,2.9199,3.0626,1.821
C,25,Y-line,86,350.0,214.1,48.584,2.9199,3.0626,1.717
C,25,Y-line,87,350.0,216.6,48.584,2.9199,3.0626,1.589
C,25,Y-line,88,350.0,219.1,48.584,2.9199,3.0626,1.482
C,25,Y-line,89,350.0,221.6,48.584,2.9199,3.0626,1.31
C,25,Y-line,90,350.0,224.1,48.8281,2.9346,3.0773,0.986
C,25,Y-line,91,350.0,226.6,49.0723,2.9492,3.0919,0.819
C,25,Y-line,92,350.0,229.1,49.3164,2.9639,3.1066,0.743
C,25,Y-line,93,350.0,231.6,49.5605,2.9786,3.1213,0.939
C,25,Y-line,94,350.0,234.1,49.8047,2.9933,3.136,1.12
C,25,Y-line,95,350.0,236.6,50.0488,3.0079,3.1506,1.269
C,25,Y-line,96,350.0,239.0,50.0488,3.0079,3.1506,1.184
C,25,Y-line,97,350.0,241.5,50.0488,3.0079,3.1506,1.3
C,25,Y-line,98,350.0,244.0,50.0488,3.0079,3.1506,1.319
C,25,Y-line,99,350.0,246.5,50.0488,3.0079,3.1506,1.321
C,25,Y-line,100,350.0,249.0,50.0488,3.0079,3.1506,1.436
C,25,Y-line,101,350.0,251.5,50.0488,3.0079,3.1506,1.473
C,25,Y-line,102,350.0,254.0,50.0488,3.0079,3.1506,1.351
C,25,Y-line,103,350.0,256.5,50.0488,3.0079,3.1506,1.574
C,25,Y-line,104,350.0,259.0,50.0488,3.0079,3.1506,1.536
C,25,Y-line,105,350.0,261.5,50.0488,3.0079,3.1506,1.615
C,25,Y-line,106,350.0,263.9,49.8047,2.9933,3.136,1.483
C,25,Y-line,107,350.0,266.4,49.5605,2.9786,3.1213,1.577
C,25,Y-line,108,350.0,268.9,49.3164,2.9639,3.1066,1.524
C,25,Y-line,109,350.0,271.4,49.0723,2.9492,3.0919,1.752
C,25,Y-line,110,350.0,273.9,48.8281,2.9346,3.0773,1.854
C,25,Y-line,111,350.0,276.4,48.8281,2.9346,3.0773,1.896
C,25,Y-line,112,350.0,278.9,48.8281,2.9346,3.0773,1.975
C,25,Y-line,113,350.0,281.4,48.8281,2.9346,3.0773,2.183
C,25,Y-line,114,350.0,283.9,48.8281,2.9346,3.0773,1.967
C,25,Y-line,115,350.0,286.4,48.8281,2.9346,3.0773,1.894
C,25,Y-line,116,350.0,288.8,48.8281,2.9346,3.0773,1.553
C,25,Y-line,117,350.0,291.3,48.8281,2.9346,3.0773,1.378
C,25,Y-line,118,350.0,293.8,48.8281,2.9346,3.0773,1.281
C,25,Y-line,119,350.0,296.3,48.8281,2.9346,3.0773,1.065
C,25,Y-line,120,350.0,298.8,48.8281,2.9346,3.0773,0.986
C,25,Y-line,121,350.0,301.3,48.8281,2.9346,3.0773,0.796
C,25,Y-line,122,350.0,303.8,48.8281,2.9346,3.0773,0.851
C,25,Y-line,123,350.0,306.3,48.8281,2.9346,3.0773,0.783
C,25,Y-line,124,350.0,308.8,48.8281,2.9346,3.0773,0.751
C,25,Y-line,125,350.0,311.2,48.8281,2.9346,3.0773,0.826
C,25,Y-line,126,350.0,313.7,48.8281,2.9346,3.0773,1.02
C,25,Y-line,127,350.0,316.2,48.8281,2.9346,3.0773,1.217
C,25,Y-line,128,350.0,318.7,48.706,2.9272,3.0699,1.117
C,25,Y-line,129,350.0,321.2,48.4619,2.9126,3.0553,1.184
C,25,Y-line,130,350.0,323.7,48.2178,2.8979,3.0406,1.191
C,25,Y-line,131,350.0,326.2,48.2178,2.8979,3.0406,1.074
C,25,Y-line,132,350.0,328.7,48.2178,2.8979,3.0406,1.156
C,25,Y-line,133,350.0,331.2,48.0957,2.8906,3.0333,1.153
C,25,Y-line,134,350.0,333.7,47.8516,2.8759,3.0186,1.074
C,25,Y-line,135,350.0,336.2,47.7295,2.8685,3.0112,1.185
C,25,Y-line,136,350.0,338.6,47.7295,2.8685,3.0112,1.139
C,25,Y-line,137,350.0,341.1,47.7295,2.8685,3.0112,1.022
C,25,Y-line,138,350.0,343.6,47.7295,2.8685,3.0112,1.032
C,25,Y-line,139,350.0,346.1,47.7295,2.8685,3.0112,0.985
C,25,Y-line,140,350.0,348.6,47.7295,2.8685,3.0112,0.928
C,25,Y-line,141,350.0,351.1,47.7295,2.8685,3.0112,0.955
C,25,Y-line,142,350.0,353.6,47.7295,2.8685,3.0112,0.955
C,25,Y-line,143,350.0,356.1,47.7295,2.8685,3.0112,1.032
C,25,Y-line,144,350.0,358.6,47.7295,2.8685,3.0112,1.084
C,25,Y-line,145,350.0,361.1,47.7295,2.8685,3.0112,0.932
C,25,Y-line,146,350.0,363.5,47.7295,2.8685,3.0112,1.102
C,25,Y-line,147,350.0,366.0,47.7295,2.8685,3.0112,1.133
C,25,Y-line,148,350.0,368.5,47.7295,2.8685,3.0112,1.167
C,25,Y-line,149,350.0,371.0,47.7295,2.8685,3.0112,1.239
C,25,Y-line,150,350.0,373.5,47.7295,2.8685,3.0112,1.286
C,25,Y-line,151,350.0,376.0,47.7295,2.8685,3.0112,1.206
C,25,Y-line,152,350.0,378.5,47.7295,2.8685,3.0112,1.363
C,25,Y-line,153,350.0,381.0,47.7295,2.8685,3.0112,1.333
C,25,Y-line,154,350.0,383.5,47.7295,2.8685,3.0112,1.178
C,25,Y-line,155,350.0,386.0,47.7295,2.8685,3.0112,1.235
C,25,Y-line,156,350.0,388.4,47.7295,2.8685,3.0112,1.216
C,25,Y-line,157,350.0,390.9,47.7295,2.8685,3.0112,1.39
C,25,Y-line,158,350.0,393.4,47.7295,2.8685,3.0112,1.337
C,25,Y-line,159,350.0,395.9,47.7295,2.8685,3.0112,1.42
C,25,Y-line,160,350.0,398.4,47.7295,2.8685,3.0112,1.586
C,25,Y-line,161,350.0,400.9,47.7295,2.8685,3.0112,1.692
C,25,Y-line,162,350.0,403.4,47.7295,2.8685,3.0112,1.756
C,25,Y-line,163,350.0,405.9,47.7295,2.8685,3.0112,1.841
C,25,Y-line,164,350.0,408.4,47.7295,2.8685,3.0112,1.868
C,25,Y-line,165,350.0,410.9,47.7295,2.8685,3.0112,1.852
C,25,Y-line,166,350.0,413.3,47.7295,2.8685,3.0112,1.875
C,25,Y-line,167,350.0,415.8,47.7295,2.8685,3.0112,1.936
C,25,Y-line,168,350.0,418.3,47.8516,2.8759,3.0186,1.958
C,25,Y-line,169,350.0,420.8,47.8516,2.8759,3.0186,2.14
C,25,Y-line,170,350.0,423.3,47.8516,2.8759,3.0186,1.999
C,25,Y-line,171,350.0,425.8,47.8516,2.8759,3.0186,2.149
C,25,Y-line,172,350.0,428.3,47.8516,2.8759,3.0186,2.053
C,25,Y-line,173,350.0,430.8,47.8516,2.8759,3.0186,1.983
C,25,Y-line,174,350.0,433.3,47.8516,2.8759,3.0186,1.941
C,25,Y-line,175,350.0,435.8,47.8516,2.8759,3.0186,1.859
C,25,Y-line,176,350.0,438.2,47.8516,2.8759,3.0186,1.881
C,25,Y-line,177,350.0,440.7,47.8516,2.8759,3.0186,1.897
C,25,Y-line,178,350.0,443.2,47.8516,2.8759,3.0186,1.904
C,25,Y-line,179,350.0,445.7,47.8516,2.8759,3.0186,1.991
C,25,Y-line,180,350.0,448.2,47.8516,2.8759,3.0186,1.937
C,25,Y-line,181,350.0,450.7,47.8516,2.8759,3.0186,1.973
C,25,Y-line,182,350.0,453.2,47.8516,2.8759,3.0186,1.954
C,25,Y-line,183,350.0,455.7,47.8516,2.8759,3.0186,1.989
C,25,Y-line,184,350.0,458.2,47.9736,2.8832,3.0259,1.878
C,25,Y-line,185,350.0,460.7,47.9736,2.8832,3.0259,1.902
C,25,Y-line,186,350.0,463.1,47.9736,2.8832,3.0259,1.905
C,25,Y-line,187,350.0,465.6,47.9736,2.8832,3.0259,1.816
C,25,Y-line,188,350.0,468.1,47.9736,2.8832,3.0259,1.841
C,25,Y-line,189,350.0,470.6,47.9736,2.8832,3.0259,1.83
C,25,Y-line,190,350.0,473.1,47.9736,2.8832,3.0259,1.803
C,25,Y-line,191,350.0,475.6,47.9736,2.8832,3.0259,1.816
C,25,Y-line,192,350.0,478.1,47.9736,2.8832,3.0259,1.703
C,25,Y-line,193,350.0,480.6,47.9736,2.8832,3.0259,1.769
C,25,Y-line,194,350.0,483.1,47.9736,2.8832,3.0259,1.701
C,25,Y-line,195,350.0,485.6,47.9736,2.8832,3.0259,1.735
C,25,Y-line,196,350.0,488.0,47.9736,2.8832,3.0259,1.7
C,25,Y-line,197,350.0,490.5,47.9736,2.8832,3.0259,1.729
C,25,Y-line,198,350.0,493.0,47.9736,2.8832,3.0259,1.738
C,25,Y-line,199,350.0,495.5,47.9736,2.8832,3.0259,1.727
C,25,Y-line,200,350.0,498.0,47.9736,2.8832,3.0259,1.762
C,25,Y-line,201,350.0,500.5,47.9736,2.8832,3.0259,1.755
C,25,Y-line,202,350.0,503.0,47.9736,2.8832,3.0259,1.669
C,25,Y-line,203,350.0,505.5,47.9736,2.8832,3.0259,1.6
C,25,Y-line,204,350.0,508.0,47.9736,2.8832,3.0259,1.666
C,25,Y-line,205,350.0,510.5,47.9736,2.8832,3.0259,1.641
C,25,Y-line,206,350.0,512.9,47.9736,2.8832,3.0259,1.607
C,25,Y-line,207,350.0,515.4,47.9736,2.8832,3.0259,1.625
C,25,Y-line,208,350.0,517.9,47.9736,2.8832,3.0259,1.571
C,25,Y-line,209,350.0,520.4,47.9736,2.8832,3.0259,1.548
C,25,Y-line,210,350.0,522.9,47.9736,2.8832,3.0259,1.558
C,25,Y-line,211,350.0,525.4,47.9736,2.8832,3.0259,1.546
C,25,Y-line,212,350.0,527.9,47.9736,2.8832,3.0259,1.615
C,25,Y-line,213,350.0,530.4,47.9736,2.8832,3.0259,1.54
C,25,Y-line,214,350.0,532.9,47.9736,2.8832,3.0259,1.663
C,25,Y-line,215,350.0,535.4,47.9736,2.8832,3.0259,1.645
C,25,Y-line,216,350.0,537.8,47.9736,2.8832,3.0259,1.702
C,25,Y-line,217,350.0,540.3,47.9736,2.8832,3.0259,1.861
C,25,Y-line,218,350.0,542.8,47.9736,2.8832,3.0259,2.012
C,25,Y-line,219,350.0,545.3,47.9736,2.8832,3.0259,1.986
C,25,Y-line,220,350.0,547.8,47.9736,2.8832,3.0259,1.955
C,25,Y-line,221,350.0,550.3,47.9736,2.8832,3.0259,1.802
C,25,Y-line,222,350.0,552.8,47.9736,2.8832,3.0259,1.767
C,25,Y-line,223,350.0,555.3,47.9736,2.8832,3.0259,1.765
C,25,Y-line,224,350.0,557.8,47.9736,2.8832,3.0259,1.589
C,25,Y-line,225,350.0,560.2,47.9736,2.8832,3.0259,1.603
C,25,Y-line,226,350.0,562.7,48.2178,2.8979,3.0406,1.484
C,25,Y-line,227,350.0,565.2,48.2178,2.8979,3.0406,1.574
C,25,Y-line,228,350.0,567.7,48.2178,2.8979,3.0406,1.515
C,25,Y-line,229,350.0,570.2,48.2178,2.8979,3.0406,1.553
C,25,Y-line,230,350.0,572.7,48.2178,2.8979,3.0406,1.502
C,25,Y-line,231,350.0,575.2,48.2178,2.8979,3.0406,1.481
C,25,Y-line,232,350.0,577.7,48.2178,2.8979,3.0406,1.594
C,25,Y-line,233,350.0,580.2,48.2178,2.8979,3.0406,1.582
C,25,Y-line,234,350.0,582.7,48.2178,2.8979,3.0406,1.616
C,25,Y-line,235,350.0,585.2,48.2178,2.8979,3.0406,1.622
C,25,Y-line,236,350.0,587.6,48.2178,2.8979,3.0406,1.624
C,25,Y-line,237,350.0,590.1,48.2178,2.8979,3.0406,1.613
C,25,Y-line,238,350.0,592.6,48.2178,2.8979,3.0406,1.617
C,25,Y-line,239,350.0,595.1,48.2178,2.8979,3.0406,1.595
C,25,Y-line,240,350.0,597.6,48.2178,2.8979,3.0406,1.626
C,25,Y-line,241,350.0,600.1,48.2178,2.8979,3.0406,1.73
C,25,Y-line,242,350.0,602.6,48.2178,2.8979,3.0406,1.567
C,25,Y-line,243,350.0,605.1,48.2178,2.8979,3.0406,1.571
C,25,Y-line,244,350.0,607.6,48.2178,2.8979,3.0406,1.621
C,25,Y-line,245,350.0,610.1,48.2178,2.8979,3.0406,1.626
C,25,Y-line,246,350.0,612.5,48.2178,2.8979,3.0406,1.704
C,25,Y-line,247,350.0,615.0,48.2178,2.8979,3.0406,1.671
C,25,Y-line,248,350.0,617.5,48.2178,2.8979,3.0406,1.611
C,25,Y-line,249,350.0,620.0,48.2178,2.8979,3.0406,1.604
C,25,Y-line,250,350.0,622.5,48.2178,2.8979,3.0406,1.455
C,25,Y-line,251,350.0,625.0,48.2178,2.8979,3.0406,1.494
C,25,Y-line,252,350.0,627.5,48.2178,2.8979,3.0406,1.496
C,25,Y-line,253,350.0,630.0,48.2178,2.8979,3.0406,1.638
C,25,Y-line,254,350.0,632.5,48.2178,2.8979,3.0406,1.689
C,25,Y-line,255,350.0,635.0,48.2178,2.8979,3.0406,1.701
C,25,Y-line,256,350.0,637.4,48.2178,2.8979,3.0406,1.783
C,25,Y-line,257,350.0,639.9,48.2178,2.8979,3.0406,1.895
C,25,Y-line,258,350.0,642.4,48.3398,2.9052,3.0479,1.993
C,25,Y-line,259,350.0,644.9,48.3398,2.9052,3.0479,1.988
C,25,Y-line,260,350.0,647.4,48.4619,2.9126,3.0553,2.093
C,25,Y-line,261,350.0,649.9,48.4619,2.9126,3.0553,2.088
C,25,Y-line,262,350.0,652.4,48.584,2.9199,3.0626,2.059
C,25,Y-line,263,350.0,654.9,48.706,2.9272,3.0699,2.013
C,25,Y-line,264,350.0,657.4,48.706,2.9272,3.0699,2.093
C,25,Y-line,265,350.0,659.9,48.8281,2.9346,3.0773,2.01
C,25,Y-line,266,350.0,662.3,48.9502,2.9419,3.0846,1.957
C,25,Y-line,267,350.0,664.8,49.0723,2.9492,3.0919,1.87
C,25,Y-line,268,350.0,667.3,49.1943,2.9566,3.0993,1.88
C,25,Y-line,269,350.0,669.8,49.1943,2.9566,3.0993,1.829
C,25,Y-line,270,350.0,672.3,49.4385,2.9713,3.114,1.966
C,25,Y-line,271,350.0,674.8,49.4385,2.9713,3.114,1.921
C,25,Y-line,272,350.0,677.3,49.4385,2.9713,3.114,1.828
C,25,Y-line,273,350.0,679.8,49.4385,2.9713,3.114,1.863
C,25,Y-line,274,350.0,682.3,49.4385,2.9713,3.114,1.787
C,25,Y-line,275,350.0,684.8,49.4385,2.9713,3.114,1.813
C,25,Y-line,276,350.0,687.2,49.4385,2.9713,3.114,1.752
C,25,Y-line,277,350.0,689.7,49.4385,2.9713,3.114,1.639
C,25,Y-line,278,350.0,692.2,49.6826,2.9859,3.1286,1.577
C,25,Y-line,279,350.0,694.7,49.9268,3.0006,3.1433,1.638
C,25,Y-line,280,350.0,697.2,50.1709,3.0153,3.158,1.6
C,25,Y-line,281,350.0,699.7,50.1709,3.0153,3.158,1.536
C,25,Y-line,282,350.0,702.2,50.415,3.0299,3.1726,1.73
C,25,Y-line,283,350.0,704.7,50.415,3.0299,3.1726,1.553
C,25,Y-line,284,350.0,707.2,50.415,3.0299,3.1726,1.639
C,25,Y-line,285,350.0,709.7,50.6592,3.0446,3.1873,1.721
C,25,Y-line,286,350.0,712.1,50.6592,3.0446,3.1873,1.783
C,25,Y-line,287,350.0,714.6,50.6592,3.0446,3.1873,1.798
C,25,Y-line,288,350.0,717.1,50.6592,3.0446,3.1873,1.89
C,25,Y-line,289,350.0,719.6,50.6592,3.0446,3.1873,1.875
C,25,Y-line,290,350.0,722.1,50.9033,3.0593,3.202,1.857
C,25,Y-line,291,350.0,724.6,50.9033,3.0593,3.202,1.855
C,25,Y-line,292,350.0,727.1,50.9033,3.0593,3.202,1.884
C,25,Y-line,293,350.0,729.6,51.0254,3.0666,3.2093,1.874
C,25,Y-line,294,350.0,732.1,51.0254,3.0666,3.2093,1.876
C,25,Y-line,295,350.0,734.6,51.0254,3.0666,3.2093,1.9
C,25,Y-line,296,350.0,737.0,51.1475,3.074,3.2167,1.885
C,25,Y-line,297,350.0,739.5,51.1475,3.074,3.2167,1.845
C,25,Y-line,298,350.0,742.0,51.1475,3.074,3.2167,1.867
C,25,Y-line,299,350.0,744.5,51.1475,3.074,3.2167,1.783
C,25,Y-line,300,350.0,747.0,51.1475,3.074,3.2167,1.807
C,25,Y-line,301,350.0,749.5,51.1475,3.074,3.2167,1.812
C,25,Y-line,302,350.0,752.0,51.1475,3.074,3.2167,1.836
C,25,Y-line,303,350.0,754.5,51.1475,3.074,3.2167,1.782
C,25,Y-line,304,350.0,757.0,51.2695,3.0813,3.224,1.811
C,25,Y-line,305,350.0,759.5,51.2695,3.0813,3.224,1.646
C,25,Y-line,306,350.0,761.9,51.2695,3.0813,3.224,1.573
C,25,Y-line,307,350.0,764.4,51.2695,3.0813,3.224,1.571
C,25,Y-line,308,350.0,766.9,51.3916,3.0886,3.2313,1.465
C,25,Y-line,309,350.0,769.4,51.3916,3.0886,3.2313,1.401
C,25,Y-line,310,350.0,771.9,51.3916,3.0886,3.2313,1.419
C,25,Y-line,311,350.0,774.4,51.3916,3.0886,3.2313,1.48
C,25,Y-line,312,350.0,776.9,51.3916,3.0886,3.2313,1.512
C,25,Y-line,313,350.0,779.4,51.3916,3.0886,3.2313,1.311
C,25,Y-line,314,350.0,781.9,51.3916,3.0886,3.2313,1.352
C,25,Y-line,315,350.0,784.4,51.3916,3.0886,3.2313,1.289
C,26,Y-line,0,400.0,0.0,50.415,3.0299,3.1113,1.483
C,26,Y-line,1,400.0,2.5,50.415,3.0299,3.1113,1.424
C,26,Y-line,2,400.0,5.0,50.415,3.0299,3.1113,1.497
C,26,Y-line,3,400.0,7.5,50.415,3.0299,3.1113,1.407
C,26,Y-line,4,400.0,10.0,50.415,3.0299,3.1113,1.398
C,26,Y-line,5,400.0,12.5,50.415,3.0299,3.1113,1.459
C,26,Y-line,6,400.0,14.9,50.415,3.0299,3.1113,1.52
C,26,Y-line,7,400.0,17.4,50.415,3.0299,3.1113,1.579
C,26,Y-line,8,400.0,19.9,50.415,3.0299,3.1113,1.554
C,26,Y-line,9,400.0,22.4,50.415,3.0299,3.1113,1.544
C,26,Y-line,10,400.0,24.9,50.415,3.0299,3.1113,1.625
C,26,Y-line,11,400.0,27.4,50.415,3.0299,3.1113,1.665
C,26,Y-line,12,400.0,29.9,50.415,3.0299,3.1113,1.714
C,26,Y-line,13,400.0,32.4,50.415,3.0299,3.1113,1.814
C,26,Y-line,14,400.0,34.9,50.415,3.0299,3.1113,1.716
C,26,Y-line,15,400.0,37.4,50.415,3.0299,3.1113,1.894
C,26,Y-line,16,400.0,39.8,50.415,3.0299,3.1113,1.898
C,26,Y-line,17,400.0,42.3,50.415,3.0299,3.1113,1.865
C,26,Y-line,18,400.0,44.8,50.415,3.0299,3.1113,1.855
C,26,Y-line,19,400.0,47.3,50.415,3.0299,3.1113,1.824
C,26,Y-line,20,400.0,49.8,50.415,3.0299,3.1113,1.737
C,26,Y-line,21,400.0,52.3,50.415,3.0299,3.1113,1.829
C,26,Y-line,22,400.0,54.8,50.415,3.0299,3.1113,1.664
C,26,Y-line,23,400.0,57.3,50.415,3.0299,3.1113,1.667
C,26,Y-line,24,400.0,59.8,50.415,3.0299,3.1113,1.667
C,26,Y-line,25,400.0,62.3,50.415,3.0299,3.1113,1.71
C,26,Y-line,26,400.0,64.7,50.415,3.0299,3.1113,1.729
C,26,Y-line,27,400.0,67.2,50.415,3.0299,3.1113,1.818
C,26,Y-line,28,400.0,69.7,50.415,3.0299,3.1113,1.79
C,26,Y-line,29,400.0,72.2,50.415,3.0299,3.1113,1.887
C,26,Y-line,30,400.0,74.7,50.415,3.0299,3.1113,1.99
C,26,Y-line,31,400.0,77.2,50.415,3.0299,3.1113,1.954
C,26,Y-line,32,400.0,79.7,50.415,3.0299,3.1113,1.887
C,26,Y-line,33,400.0,82.2,50.415,3.0299,3.1113,1.87
C,26,Y-line,34,400.0,84.7,50.415,3.0299,3.1113,1.875
C,26,Y-line,35,400.0,87.2,50.6592,3.0446,3.126,1.588
C,26,Y-line,36,400.0,89.6,50.9033,3.0593,3.1407,1.299
C,26,Y-line,37,400.0,92.1,51.1475,3.074,3.1554,0.644
C,26,Y-line,38,400.0,94.6,51.3916,3.0886,3.17,0.513
C,26,Y-line,39,400.0,97.1,51.6357,3.1033,3.1847,1.043
C,26,Y-line,40,400.0,99.6,51.8799,3.118,3.1994,1.207
C,26,Y-line,41,400.0,102.1,51.8799,3.118,3.1994,1.269
C,26,Y-line,42,400.0,104.6,51.8799,3.118,3.1994,1.321
C,26,Y-line,43,400.0,107.1,51.8799,3.118,3.1994,1.265
C,26,Y-line,44,400.0,109.6,51.8799,3.118,3.1994,1.267
C,26,Y-line,45,400.0,112.1,51.8799,3.118,3.1994,1.192
C,26,Y-line,46,400.0,114.5,51.8799,3.118,3.1994,1.137
C,26,Y-line,47,400.0,117.0,51.8799,3.118,3.1994,1.266
C,26,Y-line,48,400.0,119.5,51.8799,3.118,3.1994,1.3
C,26,Y-line,49,400.0,122.0,51.8799,3.118,3.1994,1.292
C,26,Y-line,50,400.0,124.5,51.8799,3.118,3.1994,1.354
C,26,Y-line,51,400.0,127.0,51.8799,3.118,3.1994,1.414
C,26,Y-line,52,400.0,129.5,51.8799,3.118,3.1994,1.443
C,26,Y-line,53,400.0,132.0,51.8799,3.118,3.1994,1.573
C,26,Y-line,54,400.0,134.5,51.8799,3.118,3.1994,1.621
C,26,Y-line,55,400.0,137.0,51.8799,3.118,3.1994,1.617
C,26,Y-line,56,400.0,139.4,51.8799,3.118,3.1994,1.736
C,26,Y-line,57,400.0,141.9,51.8799,3.118,3.1994,1.666
C,26,Y-line,58,400.0,144.4,51.8799,3.118,3.1994,1.574
C,26,Y-line,59,400.0,146.9,51.8799,3.118,3.1994,1.544
C,26,Y-line,60,400.0,149.4,51.6357,3.1033,3.1847,1.515
C,26,Y-line,61,400.0,151.9,51.3916,3.0886,3.17,1.427
C,26,Y-line,62,400.0,154.4,51.1475,3.074,3.1554,1.576
C,26,Y-line,63,400.0,156.9,51.0254,3.0666,3.148,1.663
C,26,Y-line,64,400.0,159.4,51.0254,3.0666,3.148,1.714
C,26,Y-line,65,400.0,161.9,51.0254,3.0666,3.148,1.759
C,26,Y-line,66,400.0,164.3,51.0254,3.0666,3.148,1.795
C,26,Y-line,67,400.0,166.8,51.0254,3.0666,3.148,1.872
C,26,Y-line,68,400.0,169.3,51.0254,3.0666,3.148,1.942
C,26,Y-line,69,400.0,171.8,51.0254,3.0666,3.148,1.987
C,26,Y-line,70,400.0,174.3,51.0254,3.0666,3.148,2.067
C,26,Y-line,71,400.0,176.8,51.0254,3.0666,3.148,2.124
C,26,Y-line,72,400.0,179.3,51.0254,3.0666,3.148,2.021
C,26,Y-line,73,400.0,181.8,51.0254,3.0666,3.148,1.989
C,26,Y-line,74,400.0,184.3,51.0254,3.0666,3.148,1.995
C,26,Y-line,75,400.0,186.8,51.0254,3.0666,3.148,1.877
C,26,Y-line,76,400.0,189.2,51.0254,3.0666,3.148,1.765
C,26,Y-line,77,400.0,191.7,50.9033,3.0593,3.1407,1.808
C,26,Y-line,78,400.0,194.2,50.6592,3.0446,3.126,1.67
C,26,Y-line,79,400.0,196.7,50.415,3.0299,3.1113,1.646
C,26,Y-line,80,400.0,199.2,50.415,3.0299,3.1113,1.588
C,26,Y-line,81,400.0,201.7,50.1709,3.0153,3.0967,1.685
C,26,Y-line,82,400.0,204.2,50.1709,3.0153,3.0967,1.646
C,26,Y-line,83,400.0,206.7,50.1709,3.0153,3.0967,1.725
C,26,Y-line,84,400.0,209.2,50.1709,3.0153,3.0967,1.781
C,26,Y-line,85,400.0,211.7,50.1709,3.0153,3.0967,1.793
C,26,Y-line,86,400.0,214.1,50.1709,3.0153,3.0967,1.75
C,26,Y-line,87,400.0,216.6,50.1709,3.0153,3.0967,1.699
C,26,Y-line,88,400.0,219.1,50.1709,3.0153,3.0967,1.755
C,26,Y-line,89,400.0,221.6,50.1709,3.0153,3.0967,1.761
C,26,Y-line,90,400.0,224.1,50.1709,3.0153,3.0967,1.811
C,26,Y-line,91,400.0,226.6,50.1709,3.0153,3.0967,1.8
C,26,Y-line,92,400.0,229.1,50.1709,3.0153,3.0967,1.765
C,26,Y-line,93,400.0,231.6,50.1709,3.0153,3.0967,1.788
C,26,Y-line,94,400.0,234.1,50.1709,3.0153,3.0967,1.762
C,26,Y-line,95,400.0,236.6,50.1709,3.0153,3.0967,1.598
C,26,Y-line,96,400.0,239.0,50.1709,3.0153,3.0967,1.664
C,26,Y-line,97,400.0,241.5,50.1709,3.0153,3.0967,1.646
C,26,Y-line,98,400.0,244.0,50.1709,3.0153,3.0967,1.466
C,26,Y-line,99,400.0,246.5,50.1709,3.0153,3.0967,1.49
C,26,Y-line,100,400.0,249.0,50.1709,3.0153,3.0967,1.516
C,26,Y-line,101,400.0,251.5,50.1709,3.0153,3.0967,1.628
C,26,Y-line,102,400.0,254.0,50.1709,3.0153,3.0967,1.631
C,26,Y-line,103,400.0,256.5,50.1709,3.0153,3.0967,1.689
C,26,Y-line,104,400.0,259.0,50.1709,3.0153,3.0967,1.779
C,26,Y-line,105,400.0,261.5,50.1709,3.0153,3.0967,1.711
C,26,Y-line,106,400.0,263.9,50.1709,3.0153,3.0967,1.955
C,26,Y-line,107,400.0,266.4,50.1709,3.0153,3.0967,1.804
C,26,Y-line,108,400.0,268.9,50.1709,3.0153,3.0967,1.76
C,26,Y-line,109,400.0,271.4,49.9268,3.0006,3.082,1.844
C,26,Y-line,110,400.0,273.9,49.9268,3.0006,3.082,1.829
C,26,Y-line,111,400.0,276.4,49.6826,2.9859,3.0673,2.049
C,26,Y-line,112,400.0,278.9,49.5605,2.9786,3.06,1.964
C,26,Y-line,113,400.0,281.4,49.4385,2.9713,3.0527,2.162
C,26,Y-line,114,400.0,283.9,49.4385,2.9713,3.0527,2.198
C,26,Y-line,115,400.0,286.4,49.4385,2.9713,3.0527,2.23
C,26,Y-line,116,400.0,288.8,49.4385,2.9713,3.0527,2.067
C,26,Y-line,117,400.0,291.3,49.4385,2.9713,3.0527,1.955
C,26,Y-line,118,400.0,293.8,49.4385,2.9713,3.0527,1.787
C,26,Y-line,119,400.0,296.3,49.4385,2.9713,3.0527,1.549
C,26,Y-line,120,400.0,298.8,49.4385,2.9713,3.0527,1.519
C,26,Y-line,121,400.0,301.3,49.4385,2.9713,3.0527,1.484
C,26,Y-line,122,400.0,303.8,49.4385,2.9713,3.0527,1.612
C,26,Y-line,123,400.0,306.3,49.4385,2.9713,3.0527,1.491
C,26,Y-line,124,400.0,308.8,49.4385,2.9713,3.0527,1.602
C,26,Y-line,125,400.0,311.2,49.4385,2.9713,3.0527,1.645
C,26,Y-line,126,400.0,313.7,49.4385,2.9713,3.0527,1.559
C,26,Y-line,127,400.0,316.2,49.4385,2.9713,3.0527,1.626
C,26,Y-line,128,400.0,318.7,49.4385,2.9713,3.0527,1.591
C,26,Y-line,129,400.0,321.2,49.4385,2.9713,3.0527,1.578
C,26,Y-line,130,400.0,323.7,49.3164,2.9639,3.0453,1.567
C,26,Y-line,131,400.0,326.2,49.3164,2.9639,3.0453,1.605
C,26,Y-line,132,400.0,328.7,49.3164,2.9639,3.0453,1.629
C,26,Y-line,133,400.0,331.2,49.3164,2.9639,3.0453,1.612
C,26,Y-line,134,400.0,333.7,49.3164,2.9639,3.0453,1.688
C,26,Y-line,135,400.0,336.2,49.3164,2.9639,3.0453,1.626
C,26,Y-line,136,400.0,338.6,49.3164,2.9639,3.0453,1.638
C,26,Y-line,137,400.0,341.1,49.3164,2.9639,3.0453,1.655
C,26,Y-line,138,400.0,343.6,49.3164,2.9639,3.0453,1.686
C,26,Y-line,139,400.0,346.1,49.3164,2.9639,3.0453,1.604
C,26,Y-line,140,400.0,348.6,49.3164,2.9639,3.0453,1.516
C,26,Y-line,141,400.0,351.1,49.0723,2.9492,3.0306,1.435
C,26,Y-line,142,400.0,353.6,48.8281,2.9346,3.016,1.287
C,26,Y-line,143,400.0,356.1,48.584,2.9199,3.0013,1.243
C,26,Y-line,144,400.0,358.6,48.3398,2.9052,2.9866,1.28
C,26,Y-line,145,400.0,361.1,48.3398,2.9052,2.9866,1.379
C,26,Y-line,146,400.0,363.5,48.3398,2.9052,2.9866,1.309
C,26,Y-line,147,400.0,366.0,48.3398,2.9052,2.9866,1.427
C,26,Y-line,148,400.0,368.5,48.3398,2.9052,2.9866,1.532
C,26,Y-line,149,400.0,371.0,48.3398,2.9052,2.9866,1.556
C,26,Y-line,150,400.0,373.5,48.3398,2.9052,2.9866,1.746
C,26,Y-line,151,400.0,376.0,48.3398,2.9052,2.9866,1.986
C,26,Y-line,152,400.0,378.5,48.3398,2.9052,2.9866,2.017
C,26,Y-line,153,400.0,381.0,48.3398,2.9052,2.9866,2.266
C,26,Y-line,154,400.0,383.5,48.3398,2.9052,2.9866,2.131
C,26,Y-line,155,400.0,386.0,48.3398,2.9052,2.9866,2.079
C,26,Y-line,156,400.0,388.4,48.3398,2.9052,2.9866,2.25
C,26,Y-line,157,400.0,390.9,48.4619,2.9126,2.994,2.077
C,26,Y-line,158,400.0,393.4,48.584,2.9199,3.0013,2.255
C,26,Y-line,159,400.0,395.9,48.584,2.9199,3.0013,1.974
C,26,Y-line,160,400.0,398.4,48.706,2.9272,3.0086,1.89
C,26,Y-line,161,400.0,400.9,48.706,2.9272,3.0086,1.686
C,26,Y-line,162,400.0,403.4,48.706,2.9272,3.0086,1.807
C,26,Y-line,163,400.0,405.9,48.706,2.9272,3.0086,1.815
C,26,Y-line,164,400.0,408.4,48.706,2.9272,3.0086,1.836
C,26,Y-line,165,400.0,410.9,48.706,2.9272,3.0086,1.77
C,26,Y-line,166,400.0,413.3,48.706,2.9272,3.0086,1.892
C,26,Y-line,167,400.0,415.8,48.706,2.9272,3.0086,1.847
C,26,Y-line,168,400.0,418.3,48.706,2.9272,3.0086,1.76
C,26,Y-line,169,400.0,420.8,48.706,2.9272,3.0086,1.725
C,26,Y-line,170,400.0,423.3,48.706,2.9272,3.0086,1.487
C,26,Y-line,171,400.0,425.8,48.706,2.9272,3.0086,1.262
C,26,Y-line,172,400.0,428.3,48.706,2.9272,3.0086,0.979
C,26,Y-line,173,400.0,430.8,48.706,2.9272,3.0086,1.009
C,26,Y-line,174,400.0,433.3,48.706,2.9272,3.0086,1.095
C,26,Y-line,175,400.0,435.8,48.706,2.9272,3.0086,0.974
C,26,Y-line,176,400.0,438.2,48.706,2.9272,3.0086,1.109
C,26,Y-line,177,400.0,440.7,48.706,2.9272,3.0086,1.204
C,26,Y-line,178,400.0,443.2,48.706,2.9272,3.0086,1.197
C,26,Y-line,179,400.0,445.7,48.706,2.9272,3.0086,1.222
C,26,Y-line,180,400.0,448.2,48.706,2.9272,3.0086,1.399
C,26,Y-line,181,400.0,450.7,48.706,2.9272,3.0086,1.611
C,26,Y-line,182,400.0,453.2,48.706,2.9272,3.0086,1.868
C,26,Y-line,183,400.0,455.7,48.706,2.9272,3.0086,1.777
C,26,Y-line,184,400.0,458.2,48.706,2.9272,3.0086,1.903
C,26,Y-line,185,400.0,460.7,48.706,2.9272,3.0086,1.926
C,26,Y-line,186,400.0,463.1,48.706,2.9272,3.0086,1.735
C,26,Y-line,187,400.0,465.6,48.706,2.9272,3.0086,1.931
C,26,Y-line,188,400.0,468.1,48.706,2.9272,3.0086,1.493
C,26,Y-line,189,400.0,470.6,48.706,2.9272,3.0086,1.286
C,26,Y-line,190,400.0,473.1,48.706,2.9272,3.0086,1.273
C,26,Y-line,191,400.0,475.6,48.706,2.9272,3.0086,1.312
C,26,Y-line,192,400.0,478.1,48.706,2.9272,3.0086,1.429
C,26,Y-line,193,400.0,480.6,48.706,2.9272,3.0086,1.331
C,26,Y-line,194,400.0,483.1,48.706,2.9272,3.0086,1.29
C,26,Y-line,195,400.0,485.6,48.706,2.9272,3.0086,1.458
C,26,Y-line,196,400.0,488.0,48.706,2.9272,3.0086,1.434
C,26,Y-line,197,400.0,490.5,48.706,2.9272,3.0086,1.604
C,26,Y-line,198,400.0,493.0,48.706,2.9272,3.0086,1.327
C,26,Y-line,199,400.0,495.5,48.706,2.9272,3.0086,1.602
C,26,Y-line,200,400.0,498.0,48.706,2.9272,3.0086,1.535
C,26,Y-line,201,400.0,500.5,48.584,2.9199,3.0013,1.425
C,26,Y-line,202,400.0,503.0,48.3398,2.9052,2.9866,1.523
C,26,Y-line,203,400.0,505.5,48.3398,2.9052,2.9866,1.405
C,26,Y-line,204,400.0,508.0,48.3398,2.9052,2.9866,1.652
C,26,Y-line,205,400.0,510.5,48.2178,2.8979,2.9793,1.407
C,26,Y-line,206,400.0,512.9,48.2178,2.8979,2.9793,1.471
C,26,Y-line,207,400.0,515.4,48.2178,2.8979,2.9793,1.404
C,26,Y-line,208,400.0,517.9,48.2178,2.8979,2.9793,1.593
C,26,Y-line,209,400.0,520.4,48.2178,2.8979,2.9793,1.482
C,26,Y-line,210,400.0,522.9,47.9736,2.8832,2.9646,1.396
C,26,Y-line,211,400.0,525.4,47.7295,2.8685,2.9499,1.127
C,26,Y-line,212,400.0,527.9,47.4853,2.8539,2.9353,0.845
C,26,Y-line,213,400.0,530.4,47.2412,2.8392,2.9206,1.313
C,26,Y-line,214,400.0,532.9,46.9971,2.8245,2.9059,1.938
C,26,Y-line,215,400.0,535.4,46.9971,2.8245,2.9059,1.862
C,26,Y-line,216,400.0,537.8,46.9971,2.8245,2.9059,1.887
C,26,Y-line,217,400.0,540.3,46.9971,2.8245,2.9059,1.93
C,26,Y-line,218,400.0,542.8,46.9971,2.8245,2.9059,2.014
C,26,Y-line,219,400.0,545.3,46.9971,2.8245,2.9059,2.032
C,26,Y-line,220,400.0,547.8,46.9971,2.8245,2.9059,2.038
C,26,Y-line,221,400.0,550.3,46.9971,2.8245,2.9059,2.262
C,26,Y-line,222,400.0,552.8,46.9971,2.8245,2.9059,2.242
C,26,Y-line,223,400.0,555.3,46.9971,2.8245,2.9059,2.333
C,26,Y-line,224,400.0,557.8,46.9971,2.8245,2.9059,2.185
C,26,Y-line,225,400.0,560.2,46.9971,2.8245,2.9059,2.068
C,26,Y-line,226,400.0,562.7,46.9971,2.8245,2.9059,1.825
C,26,Y-line,227,400.0,565.2,46.9971,2.8245,2.9059,1.784
C,26,Y-line,228,400.0,567.7,46.9971,2.8245,2.9059,1.851
C,26,Y-line,229,400.0,570.2,46.9971,2.8245,2.9059,1.613
C,26,Y-line,230,400.0,572.7,47.2412,2.8392,2.9206,1.409
C,26,Y-line,231,400.0,575.2,47.4853,2.8539,2.9353,1.318
C,26,Y-line,232,400.0,577.7,47.7295,2.8685,2.9499,1.481
C,26,Y-line,233,400.0,580.2,47.8516,2.8759,2.9573,1.508
C,26,Y-line,234,400.0,582.7,47.9736,2.8832,2.9646,1.66
C,26,Y-line,235,400.0,585.2,48.0957,2.8906,2.972,1.735
C,26,Y-line,236,400.0,587.6,48.2178,2.8979,2.9793,1.796
C,26,Y-line,237,400.0,590.1,48.4619,2.9126,2.994,1.903
C,26,Y-line,238,400.0,592.6,48.4619,2.9126,2.994,1.933
C,26,Y-line,239,400.0,595.1,48.4619,2.9126,2.994,1.974
C,26,Y-line,240,400.0,597.6,48.4619,2.9126,2.994,1.988
C,26,Y-line,241,400.0,600.1,48.4619,2.9126,2.994,2.03
C,26,Y-line,242,400.0,602.6,48.4619,2.9126,2.994,2.089
C,26,Y-line,243,400.0,605.1,48.4619,2.9126,2.994,2.064
C,26,Y-line,244,400.0,607.6,48.4619,2.9126,2.994,2.028
C,26,Y-line,245,400.0,610.1,48.4619,2.9126,2.994,1.959
C,26,Y-line,246,400.0,612.5,48.4619,2.9126,2.994,1.835
C,26,Y-line,247,400.0,615.0,48.706,2.9272,3.0086,1.714
C,26,Y-line,248,400.0,617.5,48.9502,2.9419,3.0233,1.673
C,26,Y-line,249,400.0,620.0,49.1943,2.9566,3.038,1.571
C,26,Y-line,250,400.0,622.5,49.4385,2.9713,3.0527,1.576
C,26,Y-line,251,400.0,625.0,49.5605,2.9786,3.06,1.717
C,26,Y-line,252,400.0,627.5,49.5605,2.9786,3.06,1.761
C,26,Y-line,253,400.0,630.0,49.5605,2.9786,3.06,1.807
C,26,Y-line,254,400.0,632.5,49.5605,2.9786,3.06,1.947
C,26,Y-line,255,400.0,635.0,49.5605,2.9786,3.06,1.931
C,26,Y-line,256,400.0,637.4,49.6826,2.9859,3.0673,1.922
C,26,Y-line,257,400.0,639.9,49.6826,2.9859,3.0673,1.905
C,26,Y-line,258,400.0,642.4,49.8047,2.9933,3.0747,1.708
C,26,Y-line,259,400.0,644.9,50.0488,3.0079,3.0893,1.593
C,26,Y-line,260,400.0,647.4,50.293,3.0226,3.104,1.477
C,26,Y-line,261,400.0,649.9,50.5371,3.0373,3.1187,1.634
C,26,Y-line,262,400.0,652.4,50.5371,3.0373,3.1187,1.582
C,26,Y-line,263,400.0,654.9,50.5371,3.0373,3.1187,1.652
C,26,Y-line,264,400.0,657.4,50.5371,3.0373,3.1187,1.712
C,26,Y-line,265,400.0,659.9,50.5371,3.0373,3.1187,1.649
C,26,Y-line,266,400.0,662.3,50.5371,3.0373,3.1187,1.755
C,26,Y-line,267,400.0,664.8,50.5371,3.0373,3.1187,1.751
C,26,Y-line,268,400.0,667.3,50.5371,3.0373,3.1187,1.704
C,26,Y-line,269,400.0,669.8,50.5371,3.0373,3.1187,1.723
C,26,Y-line,270,400.0,672.3,50.5371,3.0373,3.1187,1.7
C,26,Y-line,271,400.0,674.8,50.5371,3.0373,3.1187,1.607
C,26,Y-line,272,400.0,677.3,50.5371,3.0373,3.1187,1.616
C,26,Y-line,273,400.0,679.8,50.415,3.0299,3.1113,1.644
C,26,Y-line,274,400.0,682.3,50.293,3.0226,3.104,1.645
C,26,Y-line,275,400.0,684.8,50.293,3.0226,3.104,1.728
C,26,Y-line,276,400.0,687.2,50.293,3.0226,3.104,1.723
C,26,Y-line,277,400.0,689.7,50.293,3.0226,3.104,1.693
C,26,Y-line,278,400.0,692.2,50.293,3.0226,3.104,1.635
C,26,Y-line,279,400.0,694.7,50.293,3.0226,3.104,1.501
C,26,Y-line,280,400.0,697.2,50.293,3.0226,3.104,1.588
C,26,Y-line,281,400.0,699.7,50.293,3.0226,3.104,1.578
C,26,Y-line,282,400.0,702.2,50.293,3.0226,3.104,1.598
C,26,Y-line,283,400.0,704.7,50.293,3.0226,3.104,1.645
C,26,Y-line,284,400.0,707.2,50.293,3.0226,3.104,1.629
C,26,Y-line,285,400.0,709.7,50.293,3.0226,3.104,1.575
C,26,Y-line,286,400.0,712.1,50.293,3.0226,3.104,1.524
C,26,Y-line,287,400.0,714.6,50.293,3.0226,3.104,1.468
C,26,Y-line,288,400.0,717.1,50.293,3.0226,3.104,1.545
C,26,Y-line,289,400.0,719.6,50.293,3.0226,3.104,1.47
C,26,Y-line,290,400.0,722.1,50.293,3.0226,3.104,1.392
C,26,Y-line,291,400.0,724.6,50.293,3.0226,3.104,1.428
C,26,Y-line,292,400.0,727.1,50.293,3.0226,3.104,1.33
C,26,Y-line,293,400.0,729.6,50.293,3.0226,3.104,1.348
C,26,Y-line,294,400.0,732.1,50.293,3.0226,3.104,1.391
C,26,Y-line,295,400.0,734.6,50.293,3.0226,3.104,1.419
C,26,Y-line,296,400.0,737.0,50.293,3.0226,3.104,1.378
C,26,Y-line,297,400.0,739.5,50.293,3.0226,3.104,1.414
C,26,Y-line,298,400.0,742.0,50.293,3.0226,3.104,1.522
C,26,Y-line,299,400.0,744.5,50.293,3.0226,3.104,1.479
C,26,Y-line,300,400.0,747.0,50.293,3.0226,3.104,1.702
C,26,Y-line,301,400.0,749.5,50.293,3.0226,3.104,1.733
C,26,Y-line,302,400.0,752.0,50.293,3.0226,3.104,1.817
C,26,Y-line,303,400.0,754.5,50.293,3.0226,3.104,1.513
C,26,Y-line,304,400.0,757.0,50.293,3.0226,3.104,1.571
C,26,Y-line,305,400.0,759.5,50.293,3.0226,3.104,1.217
C,26,Y-line,306,400.0,761.9,50.293,3.0226,3.104,1.113
C,26,Y-line,307,400.0,764.4,50.293,3.0226,3.104,1.129
C,26,Y-line,308,400.0,766.9,50.293,3.0226,3.104,0.956
C,26,Y-line,309,400.0,769.4,50.293,3.0226,3.104,0.933
C,26,Y-line,310,400.0,771.9,50.293,3.0226,3.104,0.922
C,26,Y-line,311,400.0,774.4,50.293,3.0226,3.104,1.189
C,26,Y-line,312,400.0,776.9,50.293,3.0226,3.104,1.105
C,26,Y-line,313,400.0,779.4,50.293,3.0226,3.104,1.154
C,27,Y-line,0,450.0,0.0,52.2461,3.14,3.2724,1.212
C,27,Y-line,1,450.0,2.5,52.2461,3.14,3.2724,1.225
C,27,Y-line,2,450.0,5.0,52.2461,3.14,3.2724,1.376
C,27,Y-line,3,450.0,7.5,52.2461,3.14,3.2724,1.349
C,27,Y-line,4,450.0,10.0,52.2461,3.14,3.2724,1.275
C,27,Y-line,5,450.0,12.5,52.2461,3.14,3.2724,1.443
C,27,Y-line,6,450.0,14.9,52.2461,3.14,3.2724,1.48
C,27,Y-line,7,450.0,17.4,52.2461,3.14,3.2724,1.404
C,27,Y-line,8,450.0,19.9,52.2461,3.14,3.2724,1.596
C,27,Y-line,9,450.0,22.4,52.2461,3.14,3.2724,1.742
C,27,Y-line,10,450.0,24.9,52.124,3.1327,3.2651,1.585
C,27,Y-line,11,450.0,27.4,51.8799,3.118,3.2504,1.881
C,27,Y-line,12,450.0,29.9,51.8799,3.118,3.2504,1.205
C,27,Y-line,13,450.0,32.4,51.8799,3.118,3.2504,0.75
C,27,Y-line,14,450.0,34.9,51.8799,3.118,3.2504,0.948
C,27,Y-line,15,450.0,37.4,51.6357,3.1033,3.2357,1.51
C,27,Y-line,16,450.0,39.8,51.3916,3.0886,3.221,0.85
C,27,Y-line,17,450.0,42.3,51.1475,3.074,3.2064,1.659
C,27,Y-line,18,450.0,44.8,50.9033,3.0593,3.1917,1.455
C,27,Y-line,19,450.0,47.3,50.6592,3.0446,3.177,1.565
C,27,Y-line,20,450.0,49.8,50.415,3.0299,3.1623,1.726
C,27,Y-line,21,450.0,52.3,50.1709,3.0153,3.1477,1.881
C,27,Y-line,22,450.0,54.8,50.1709,3.0153,3.1477,1.801
C,27,Y-line,23,450.0,57.3,50.0488,3.0079,3.1403,1.601
C,27,Y-line,24,450.0,59.8,50.0488,3.0079,3.1403,1.809
C,27,Y-line,25,450.0,62.3,50.0488,3.0079,3.1403,1.819
C,27,Y-line,26,450.0,64.7,50.0488,3.0079,3.1403,1.633
C,27,Y-line,27,450.0,67.2,50.0488,3.0079,3.1403,1.523
C,27,Y-line,28,450.0,69.7,50.0488,3.0079,3.1403,1.524
C,27,Y-line,29,450.0,72.2,50.0488,3.0079,3.1403,1.499
C,27,Y-line,30,450.0,74.7,49.9268,3.0006,3.133,1.711
C,27,Y-line,31,450.0,77.2,49.9268,3.0006,3.133,1.568
C,27,Y-line,32,450.0,79.7,49.9268,3.0006,3.133,1.784
C,27,Y-line,33,450.0,82.2,49.9268,3.0006,3.133,1.758
C,27,Y-line,34,450.0,84.7,49.9268,3.0006,3.133,1.776
C,27,Y-line,35,450.0,87.2,49.9268,3.0006,3.133,1.794
C,27,Y-line,36,450.0,89.6,49.9268,3.0006,3.133,1.843
C,27,Y-line,37,450.0,92.1,49.9268,3.0006,3.133,1.816
C,27,Y-line,38,450.0,94.6,49.9268,3.0006,3.133,1.788
C,27,Y-line,39,450.0,97.1,49.9268,3.0006,3.133,1.756
C,27,Y-line,40,450.0,99.6,49.9268,3.0006,3.133,1.733
C,27,Y-line,41,450.0,102.1,49.9268,3.0006,3.133,1.728
C,27,Y-line,42,450.0,104.6,49.9268,3.0006,3.133,1.738
C,27,Y-line,43,450.0,107.1,49.9268,3.0006,3.133,1.817
C,27,Y-line,44,450.0,109.6,49.9268,3.0006,3.133,1.91
C,27,Y-line,45,450.0,112.1,49.9268,3.0006,3.133,1.852
C,27,Y-line,46,450.0,114.5,49.9268,3.0006,3.133,1.874
C,27,Y-line,47,450.0,117.0,49.9268,3.0006,3.133,1.918
C,27,Y-line,48,450.0,119.5,49.9268,3.0006,3.133,1.845
C,27,Y-line,49,450.0,122.0,49.9268,3.0006,3.133,1.817
C,27,Y-line,50,450.0,124.5,49.9268,3.0006,3.133,1.778
C,27,Y-line,51,450.0,127.0,49.9268,3.0006,3.133,1.821
C,27,Y-line,52,450.0,129.5,49.9268,3.0006,3.133,1.759
C,27,Y-line,53,450.0,132.0,49.9268,3.0006,3.133,1.799
C,27,Y-line,54,450.0,134.5,49.9268,3.0006,3.133,1.791
C,27,Y-line,55,450.0,137.0,49.6826,2.9859,3.1183,1.841
C,27,Y-line,56,450.0,139.4,49.6826,2.9859,3.1183,1.861
C,27,Y-line,57,450.0,141.9,49.6826,2.9859,3.1183,1.834
C,27,Y-line,58,450.0,144.4,49.5605,2.9786,3.111,1.83
C,27,Y-line,59,450.0,146.9,49.4385,2.9713,3.1037,1.809
C,27,Y-line,60,450.0,149.4,49.3164,2.9639,3.0963,1.808
C,27,Y-line,61,450.0,151.9,49.1943,2.9566,3.089,1.797
C,27,Y-line,62,450.0,154.4,49.1943,2.9566,3.089,1.891
C,27,Y-line,63,450.0,156.9,49.1943,2.9566,3.089,1.965
C,27,Y-line,64,450.0,159.4,49.1943,2.9566,3.089,1.983
C,27,Y-line,65,450.0,161.9,49.1943,2.9566,3.089,2.023
C,27,Y-line,66,450.0,164.3,49.1943,2.9566,3.089,2.063
C,27,Y-line,67,450.0,166.8,49.0723,2.9492,3.0816,2.158
C,27,Y-line,68,450.0,169.3,48.9502,2.9419,3.0743,2.147
C,27,Y-line,69,450.0,171.8,48.9502,2.9419,3.0743,2.154
C,27,Y-line,70,450.0,174.3,48.8281,2.9346,3.067,2.013
C,27,Y-line,71,450.0,176.8,48.706,2.9272,3.0596,1.943
C,27,Y-line,72,450.0,179.3,48.706,2.9272,3.0596,1.918
C,27,Y-line,73,450.0,181.8,48.706,2.9272,3.0596,1.774
C,27,Y-line,74,450.0,184.3,48.706,2.9272,3.0596,1.735
C,27,Y-line,75,450.0,186.8,48.706,2.9272,3.0596,1.683
C,27,Y-line,76,450.0,189.2,48.706,2.9272,3.0596,1.746
C,27,Y-line,77,450.0,191.7,48.706,2.9272,3.0596,1.538
C,27,Y-line,78,450.0,194.2,48.706,2.9272,3.0596,1.326
C,27,Y-line,79,450.0,196.7,48.706,2.9272,3.0596,1.191
C,27,Y-line,80,450.0,199.2,48.706,2.9272,3.0596,1.066
C,27,Y-line,81,450.0,201.7,48.706,2.9272,3.0596,0.933
C,27,Y-line,82,450.0,204.2,48.9502,2.9419,3.0743,0.919
C,27,Y-line,83,450.0,206.7,49.1943,2.9566,3.089,0.986
C,27,Y-line,84,450.0,209.2,49.4385,2.9713,3.1037,1.178
C,27,Y-line,85,450.0,211.7,49.6826,2.9859,3.1183,1.18
C,27,Y-line,86,450.0,214.1,49.9268,3.0006,3.133,1.214
C,27,Y-line,87,450.0,216.6,49.9268,3.0006,3.133,1.213
C,27,Y-line,88,450.0,219.1,49.9268,3.0006,3.133,1.324
C,27,Y-line,89,450.0,221.6,49.9268,3.0006,3.133,1.373
C,27,Y-line,90,450.0,224.1,50.1709,3.0153,3.1477,1.36
C,27,Y-line,91,450.0,226.6,50.1709,3.0153,3.1477,1.437
C,27,Y-line,92,450.0,229.1,50.1709,3.0153,3.1477,1.58
C,27,Y-line,93,450.0,231.6,50.1709,3.0153,3.1477,1.666
C,27,Y-line,94,450.0,234.1,50.1709,3.0153,3.1477,1.872
C,27,Y-line,95,450.0,236.6,50.1709,3.0153,3.1477,1.888
C,27,Y-line,96,450.0,239.0,50.1709,3.0153,3.1477,1.854
C,27,Y-line,97,450.0,241.5,50.1709,3.0153,3.1477,1.978
C,27,Y-line,98,450.0,244.0,50.1709,3.0153,3.1477,2.124
C,27,Y-line,99,450.0,246.5,50.1709,3.0153,3.1477,1.975
C,27,Y-line,100,450.0,249.0,50.1709,3.0153,3.1477,1.85
C,27,Y-line,101,450.0,251.5,50.1709,3.0153,3.1477,1.858
C,27,Y-line,102,450.0,254.0,50.1709,3.0153,3.1477,1.612
C,27,Y-line,103,450.0,256.5,50.1709,3.0153,3.1477,1.314
C,27,Y-line,104,450.0,259.0,50.1709,3.0153,3.1477,1.02
C,27,Y-line,105,450.0,261.5,50.1709,3.0153,3.1477,1.026
C,27,Y-line,106,450.0,263.9,50.1709,3.0153,3.1477,1.526
C,27,Y-line,107,450.0,266.4,50.1709,3.0153,3.1477,1.204
C,27,Y-line,108,450.0,268.9,50.1709,3.0153,3.1477,1.529
C,27,Y-line,109,450.0,271.4,50.1709,3.0153,3.1477,1.466
C,27,Y-line,110,450.0,273.9,50.1709,3.0153,3.1477,1.696
C,27,Y-line,111,450.0,276.4,50.1709,3.0153,3.1477,1.565
C,27,Y-line,112,450.0,278.9,50.1709,3.0153,3.1477,1.403
C,27,Y-line,113,450.0,281.4,50.1709,3.0153,3.1477,1.262
C,27,Y-line,114,450.0,283.9,50.1709,3.0153,3.1477,1.265
C,27,Y-line,115,450.0,286.4,50.1709,3.0153,3.1477,1.335
C,27,Y-line,116,450.0,288.8,50.1709,3.0153,3.1477,1.151
C,27,Y-line,117,450.0,291.3,50.1709,3.0153,3.1477,1.305
C,27,Y-line,118,450.0,293.8,50.1709,3.0153,3.1477,1.335
C,27,Y-line,119,450.0,296.3,50.1709,3.0153,3.1477,1.477
C,27,Y-line,120,450.0,298.8,50.1709,3.0153,3.1477,1.525
C,27,Y-line,121,450.0,301.3,50.1709,3.0153,3.1477,1.658
C,27,Y-line,122,450.0,303.8,50.1709,3.0153,3.1477,1.667
C,27,Y-line,123,450.0,306.3,50.1709,3.0153,3.1477,1.781
C,27,Y-line,124,450.0,308.8,50.1709,3.0153,3.1477,1.938
C,27,Y-line,125,450.0,311.2,50.0488,3.0079,3.1403,1.911
C,27,Y-line,126,450.0,313.7,50.0488,3.0079,3.1403,1.903
C,27,Y-line,127,450.0,316.2,49.9268,3.0006,3.133,1.873
C,27,Y-line,128,450.0,318.7,49.9268,3.0006,3.133,1.921
C,27,Y-line,129,450.0,321.2,49.9268,3.0006,3.133,1.908
C,27,Y-line,130,450.0,323.7,49.9268,3.0006,3.133,1.877
C,27,Y-line,131,450.0,326.2,49.9268,3.0006,3.133,1.791
C,27,Y-line,132,450.0,328.7,49.9268,3.0006,3.133,1.844
C,27,Y-line,133,450.0,331.2,49.9268,3.0006,3.133,1.758
C,27,Y-line,134,450.0,333.7,49.9268,3.0006,3.133,1.739
C,27,Y-line,135,450.0,336.2,49.9268,3.0006,3.133,1.709
C,27,Y-line,136,450.0,338.6,49.9268,3.0006,3.133,1.616
C,27,Y-line,137,450.0,341.1,49.9268,3.0006,3.133,1.599
C,27,Y-line,138,450.0,343.6,49.9268,3.0006,3.133,1.584
C,27,Y-line,139,450.0,346.1,49.9268,3.0006,3.133,1.496
C,27,Y-line,140,450.0,348.6,49.9268,3.0006,3.133,1.597
C,27,Y-line,141,450.0,351.1,49.9268,3.0006,3.133,1.589
C,27,Y-line,142,450.0,353.6,49.9268,3.0006,3.133,1.672
C,27,Y-line,143,450.0,356.1,49.9268,3.0006,3.133,1.681
C,27,Y-line,144,450.0,358.6,49.9268,3.0006,3.133,1.691
C,27,Y-line,145,450.0,361.1,49.6826,2.9859,3.1183,1.644
C,27,Y-line,146,450.0,363.5,49.4385,2.9713,3.1037,1.46
C,27,Y-line,147,450.0,366.0,49.1943,2.9566,3.089,1.323
C,27,Y-line,148,450.0,368.5,48.9502,2.9419,3.0743,1.267
C,27,Y-line,149,450.0,371.0,48.706,2.9272,3.0596,1.102
C,27,Y-line,150,450.0,373.5,48.4619,2.9126,3.045,1.065
C,27,Y-line,151,450.0,376.0,48.2178,2.8979,3.0303,0.844
C,27,Y-line,152,450.0,378.5,47.9736,2.8832,3.0156,0.977
C,27,Y-line,153,450.0,381.0,47.7295,2.8685,3.0009,0.961
C,27,Y-line,154,450.0,383.5,47.4853,2.8539,2.9863,1.106
C,27,Y-line,155,450.0,386.0,47.2412,2.8392,2.9716,1.241
C,27,Y-line,156,450.0,388.4,46.9971,2.8245,2.9569,1.673
C,27,Y-line,157,450.0,390.9,46.7529,2.8099,2.9423,1.934
C,27,Y-line,158,450.0,393.4,46.6309,2.8025,2.9349,2.052
C,27,Y-line,159,450.0,395.9,46.6309,2.8025,2.9349,1.979
C,27,Y-line,160,450.0,398.4,46.6309,2.8025,2.9349,2.167
C,27,Y-line,161,450.0,400.9,46.5088,2.7952,2.9276,2.223
C,27,Y-line,162,450.0,403.4,46.5088,2.7952,2.9276,2.037
C,27,Y-line,163,450.0,405.9,46.5088,2.7952,2.9276,2.049
C,27,Y-line,164,450.0,408.4,46.5088,2.7952,2.9276,1.738
C,27,Y-line,165,450.0,410.9,46.5088,2.7952,2.9276,1.543
C,27,Y-line,166,450.0,413.3,46.5088,2.7952,2.9276,1.45
C,27,Y-line,167,450.0,415.8,46.5088,2.7952,2.9276,1.453
C,27,Y-line,168,450.0,418.3,46.5088,2.7952,2.9276,1.475
C,27,Y-line,169,450.0,420.8,46.5088,2.7952,2.9276,1.383
C,27,Y-line,170,450.0,423.3,46.5088,2.7952,2.9276,1.309
C,27,Y-line,171,450.0,425.8,46.5088,2.7952,2.9276,1.267
C,27,Y-line,172,450.0,428.3,46.5088,2.7952,2.9276,1.215
C,27,Y-line,173,450.0,430.8,46.5088,2.7952,2.9276,1.064
C,27,Y-line,174,450.0,433.3,46.5088,2.7952,2.9276,1.072
C,27,Y-line,175,450.0,435.8,46.5088,2.7952,2.9276,1.018
C,27,Y-line,176,450.0,438.2,46.5088,2.7952,2.9276,1.112
C,27,Y-line,177,450.0,440.7,46.5088,2.7952,2.9276,1.201
C,27,Y-line,178,450.0,443.2,46.5088,2.7952,2.9276,1.247
C,27,Y-line,179,450.0,445.7,46.5088,2.7952,2.9276,1.231
C,27,Y-line,180,450.0,448.2,46.5088,2.7952,2.9276,1.36
C,27,Y-line,181,450.0,450.7,46.5088,2.7952,2.9276,1.187
C,27,Y-line,182,450.0,453.2,46.5088,2.7952,2.9276,1.588
C,27,Y-line,183,450.0,455.7,46.5088,2.7952,2.9276,1.63
C,27,Y-line,184,450.0,458.2,46.5088,2.7952,2.9276,1.434
C,27,Y-line,185,450.0,460.7,46.5088,2.7952,2.9276,1.24
C,27,Y-line,186,450.0,463.1,46.5088,2.7952,2.9276,1.282
C,27,Y-line,187,450.0,465.6,46.5088,2.7952,2.9276,1.376
C,27,Y-line,188,450.0,468.1,46.5088,2.7952,2.9276,1.233
C,27,Y-line,189,450.0,470.6,46.5088,2.7952,2.9276,1.18
C,27,Y-line,190,450.0,473.1,46.5088,2.7952,2.9276,1.181
C,27,Y-line,191,450.0,475.6,46.5088,2.7952,2.9276,1.093
C,27,Y-line,192,450.0,478.1,46.5088,2.7952,2.9276,1.29
C,27,Y-line,193,450.0,480.6,46.5088,2.7952,2.9276,1.359
C,27,Y-line,194,450.0,483.1,46.5088,2.7952,2.9276,1.483
C,27,Y-line,195,450.0,485.6,46.5088,2.7952,2.9276,1.538
C,27,Y-line,196,450.0,488.0,46.5088,2.7952,2.9276,1.664
C,27,Y-line,197,450.0,490.5,46.5088,2.7952,2.9276,1.757
C,27,Y-line,198,450.0,493.0,46.5088,2.7952,2.9276,1.783
C,27,Y-line,199,450.0,495.5,46.5088,2.7952,2.9276,1.751
C,27,Y-line,200,450.0,498.0,46.5088,2.7952,2.9276,1.587
C,27,Y-line,201,450.0,500.5,46.5088,2.7952,2.9276,1.587
C,27,Y-line,202,450.0,503.0,46.5088,2.7952,2.9276,1.469
C,27,Y-line,203,450.0,505.5,46.5088,2.7952,2.9276,1.138
C,27,Y-line,204,450.0,508.0,46.5088,2.7952,2.9276,1.289
C,27,Y-line,205,450.0,510.5,46.5088,2.7952,2.9276,1.279
C,27,Y-line,206,450.0,512.9,46.5088,2.7952,2.9276,1.371
C,27,Y-line,207,450.0,515.4,46.5088,2.7952,2.9276,1.428
C,27,Y-line,208,450.0,517.9,46.5088,2.7952,2.9276,1.545
C,27,Y-line,209,450.0,520.4,46.6309,2.8025,2.9349,1.636
C,27,Y-line,210,450.0,522.9,46.6309,2.8025,2.9349,1.559
C,27,Y-line,211,450.0,525.4,46.6309,2.8025,2.9349,1.805
C,27,Y-line,212,450.0,527.9,46.6309,2.8025,2.9349,1.746
C,27,Y-line,213,450.0,530.4,46.6309,2.8025,2.9349,1.582
C,27,Y-line,214,450.0,532.9,46.6309,2.8025,2.9349,1.775
C,27,Y-line,215,450.0,535.4,46.875,2.8172,2.9496,1.801
C,27,Y-line,216,450.0,537.8,46.875,2.8172,2.9496,1.994
C,27,Y-line,217,450.0,540.3,46.875,2.8172,2.9496,1.801
C,27,Y-line,218,450.0,542.8,47.1191,2.8319,2.9643,1.674
C,27,Y-line,219,450.0,545.3,47.1191,2.8319,2.9643,1.904
C,27,Y-line,220,450.0,547.8,47.1191,2.8319,2.9643,1.943
C,27,Y-line,221,450.0,550.3,47.1191,2.8319,2.9643,1.965
C,27,Y-line,222,450.0,552.8,47.2412,2.8392,2.9716,1.952
C,27,Y-line,223,450.0,555.3,47.2412,2.8392,2.9716,1.941
C,27,Y-line,224,450.0,557.8,47.2412,2.8392,2.9716,1.721
C,27,Y-line,225,450.0,560.2,47.2412,2.8392,2.9716,1.888
C,27,Y-line,226,450.0,562.7,47.3633,2.8465,2.9789,2.043
C,27,Y-line,227,450.0,565.2,47.6074,2.8612,2.9936,1.877
C,27,Y-line,228,450.0,567.7,47.7295,2.8685,3.0009,2.052
C,27,Y-line,229,450.0,570.2,47.8516,2.8759,3.0083,2.078
C,27,Y-line,230,450.0,572.7,47.9736,2.8832,3.0156,2.092
C,27,Y-line,231,450.0,575.2,47.9736,2.8832,3.0156,2.141
C,27,Y-line,232,450.0,577.7,47.9736,2.8832,3.0156,2.225
C,27,Y-line,233,450.0,580.2,47.9736,2.8832,3.0156,2.321
C,27,Y-line,234,450.0,582.7,47.9736,2.8832,3.0156,2.323
C,27,Y-line,235,450.0,585.2,47.9736,2.8832,3.0156,2.399
C,27,Y-line,236,450.0,587.6,47.9736,2.8832,3.0156,2.369
C,27,Y-line,237,450.0,590.1,47.9736,2.8832,3.0156,2.051
C,27,Y-line,238,450.0,592.6,47.9736,2.8832,3.0156,1.886
C,27,Y-line,239,450.0,595.1,47.9736,2.8832,3.0156,1.731
C,27,Y-line,240,450.0,597.6,48.0957,2.8906,3.023,1.636
C,27,Y-line,241,450.0,600.1,48.2178,2.8979,3.0303,1.438
C,27,Y-line,242,450.0,602.6,48.4619,2.9126,3.045,1.401
C,27,Y-line,243,450.0,605.1,48.706,2.9272,3.0596,1.467
C,27,Y-line,244,450.0,607.6,48.8281,2.9346,3.067,1.495
C,27,Y-line,245,450.0,610.1,48.8281,2.9346,3.067,1.466
C,27,Y-line,246,450.0,612.5,48.8281,2.9346,3.067,1.527
C,27,Y-line,247,450.0,615.0,48.8281,2.9346,3.067,1.624
C,27,Y-line,248,450.0,617.5,48.8281,2.9346,3.067,1.736
C,27,Y-line,249,450.0,620.0,48.8281,2.9346,3.067,1.811
C,27,Y-line,250,450.0,622.5,48.8281,2.9346,3.067,1.902
C,27,Y-line,251,450.0,625.0,48.8281,2.9346,3.067,1.912
C,27,Y-line,252,450.0,627.5,48.8281,2.9346,3.067,1.971
C,27,Y-line,253,450.0,630.0,48.8281,2.9346,3.067,1.912
C,27,Y-line,254,450.0,632.5,48.8281,2.9346,3.067,1.91
C,27,Y-line,255,450.0,635.0,48.8281,2.9346,3.067,1.827
C,27,Y-line,256,450.0,637.4,48.8281,2.9346,3.067,1.8
C,27,Y-line,257,450.0,639.9,48.8281,2.9346,3.067,1.689
C,27,Y-line,258,450.0,642.4,48.8281,2.9346,3.067,1.611
C,27,Y-line,259,450.0,644.9,48.8281,2.9346,3.067,1.634
C,27,Y-line,260,450.0,647.4,48.8281,2.9346,3.067,1.611
C,27,Y-line,261,450.0,649.9,48.8281,2.9346,3.067,1.631
C,27,Y-line,262,450.0,652.4,48.8281,2.9346,3.067,1.708
C,27,Y-line,263,450.0,654.9,48.8281,2.9346,3.067,1.705
C,27,Y-line,264,450.0,657.4,48.8281,2.9346,3.067,1.683
C,27,Y-line,265,450.0,659.9,48.8281,2.9346,3.067,1.672
C,27,Y-line,266,450.0,662.3,48.8281,2.9346,3.067,1.71
C,27,Y-line,267,450.0,664.8,48.8281,2.9346,3.067,1.76
C,27,Y-line,268,450.0,667.3,48.8281,2.9346,3.067,1.835
C,27,Y-line,269,450.0,669.8,48.8281,2.9346,3.067,1.85
C,27,Y-line,270,450.0,672.3,48.8281,2.9346,3.067,1.991
C,27,Y-line,271,450.0,674.8,48.8281,2.9346,3.067,1.901
C,27,Y-line,272,450.0,677.3,48.8281,2.9346,3.067,1.823
C,27,Y-line,273,450.0,679.8,48.8281,2.9346,3.067,1.932
C,27,Y-line,274,450.0,682.3,48.8281,2.9346,3.067,1.898
C,27,Y-line,275,450.0,684.8,48.8281,2.9346,3.067,1.883
C,27,Y-line,276,450.0,687.2,48.8281,2.9346,3.067,1.883
C,27,Y-line,277,450.0,689.7,48.8281,2.9346,3.067,1.843
C,27,Y-line,278,450.0,692.2,48.8281,2.9346,3.067,1.772
C,27,Y-line,279,450.0,694.7,48.8281,2.9346,3.067,1.667
C,27,Y-line,280,450.0,697.2,48.8281,2.9346,3.067,1.537
C,27,Y-line,281,450.0,699.7,48.8281,2.9346,3.067,1.389
C,27,Y-line,282,450.0,702.2,48.8281,2.9346,3.067,1.394
C,27,Y-line,283,450.0,704.7,48.8281,2.9346,3.067,1.228
C,27,Y-line,284,450.0,707.2,48.8281,2.9346,3.067,1.157
C,27,Y-line,285,450.0,709.7,48.8281,2.9346,3.067,1.011
C,27,Y-line,286,450.0,712.1,48.8281,2.9346,3.067,0.86
C,27,Y-line,287,450.0,714.6,48.8281,2.9346,3.067,0.901
C,27,Y-line,288,450.0,717.1,48.8281,2.9346,3.067,1.1
C,27,Y-line,289,450.0,719.6,48.8281,2.9346,3.067,1.23
C,27,Y-line,290,450.0,722.1,48.8281,2.9346,3.067,1.251
C,27,Y-line,291,450.0,724.6,48.8281,2.9346,3.067,1.205
C,27,Y-line,292,450.0,727.1,48.8281,2.9346,3.067,1.246
C,27,Y-line,293,450.0,729.6,48.584,2.9199,3.0523,1.369
C,27,Y-line,294,450.0,732.1,48.3398,2.9052,3.0376,1.319
C,27,Y-line,295,450.0,734.6,48.0957,2.8906,3.023,1.377
C,27,Y-line,296,450.0,737.0,48.0957,2.8906,3.023,1.356
C,27,Y-line,297,450.0,739.5,48.0957,2.8906,3.023,1.338
C,27,Y-line,298,450.0,742.0,48.0957,2.8906,3.023,1.482
C,27,Y-line,299,450.0,744.5,48.0957,2.8906,3.023,1.64
C,27,Y-line,300,450.0,747.0,48.0957,2.8906,3.023,1.676
C,27,Y-line,301,450.0,749.5,48.0957,2.8906,3.023,1.751
C,27,Y-line,302,450.0,752.0,48.0957,2.8906,3.023,1.714
C,27,Y-line,303,450.0,754.5,48.0957,2.8906,3.023,1.631
C,27,Y-line,304,450.0,757.0,48.0957,2.8906,3.023,1.804
C,27,Y-line,305,450.0,759.5,48.0957,2.8906,3.023,1.769
C,27,Y-line,306,450.0,761.9,48.0957,2.8906,3.023,1.721
C,27,Y-line,307,450.0,764.4,48.2178,2.8979,3.0303,1.67
C,27,Y-line,308,450.0,766.9,48.2178,2.8979,3.0303,1.419
C,27,Y-line,309,450.0,769.4,48.2178,2.8979,3.0303,1.427
C,27,Y-line,310,450.0,771.9,48.2178,2.8979,3.0303,1.35
C,27,Y-line,311,450.0,774.4,48.2178,2.8979,3.0303,1.585
C,27,Y-line,312,450.0,776.9,48.2178,2.8979,3.0303,1.459
C,27,Y-line,313,450.0,779.4,48.2178,2.8979,3.0303,1.396
C,27,Y-line,314,450.0,781.9,48.2178,2.8979,3.0303,1.505
C,27,Y-line,315,450.0,784.4,48.2178,2.8979,3.0303,1.139
C,27,Y-line,316,450.0,786.8,48.2178,2.8979,3.0303,0.981
C,27,Y-line,317,450.0,789.3,48.2178,2.8979,3.0303,1.226
C,28,Y-line,0,500.0,0.0,49.0723,2.9492,3.1499,1.569
C,28,Y-line,1,500.0,2.5,49.0723,2.9492,3.1499,1.655
C,28,Y-line,2,500.0,5.0,49.0723,2.9492,3.1499,1.723
C,28,Y-line,3,500.0,7.5,49.0723,2.9492,3.1499,1.717
C,28,Y-line,4,500.0,10.0,49.0723,2.9492,3.1499,1.755
C,28,Y-line,5,500.0,12.5,49.0723,2.9492,3.1499,1.75
C,28,Y-line,6,500.0,14.9,49.0723,2.9492,3.1499,1.729
C,28,Y-line,7,500.0,17.4,49.0723,2.9492,3.1499,1.87
C,28,Y-line,8,500.0,19.9,49.0723,2.9492,3.1499,1.928
C,28,Y-line,9,500.0,22.4,48.9502,2.9419,3.1426,1.862
C,28,Y-line,10,500.0,24.9,48.9502,2.9419,3.1426,1.802
C,28,Y-line,11,500.0,27.4,48.8281,2.9346,3.1353,1.863
C,28,Y-line,12,500.0,29.9,48.8281,2.9346,3.1353,1.96
C,28,Y-line,13,500.0,32.4,48.8281,2.9346,3.1353,1.763
C,28,Y-line,14,500.0,34.9,48.8281,2.9346,3.1353,1.7
C,28,Y-line,15,500.0,37.4,48.8281,2.9346,3.1353,1.697
C,28,Y-line,16,500.0,39.8,48.8281,2.9346,3.1353,1.671
C,28,Y-line,17,500.0,42.3,48.8281,2.9346,3.1353,1.579
C,28,Y-line,18,500.0,44.8,48.8281,2.9346,3.1353,1.678
C,28,Y-line,19,500.0,47.3,48.8281,2.9346,3.1353,1.659
C,28,Y-line,20,500.0,49.8,48.8281,2.9346,3.1353,1.907
C,28,Y-line,21,500.0,52.3,48.8281,2.9346,3.1353,1.926
C,28,Y-line,22,500.0,54.8,48.8281,2.9346,3.1353,1.999
C,28,Y-line,23,500.0,57.3,48.8281,2.9346,3.1353,1.958
C,28,Y-line,24,500.0,59.8,48.8281,2.9346,3.1353,1.919
C,28,Y-line,25,500.0,62.3,48.8281,2.9346,3.1353,1.871
C,28,Y-line,26,500.0,64.7,48.8281,2.9346,3.1353,1.95
C,28,Y-line,27,500.0,67.2,48.8281,2.9346,3.1353,1.986
C,28,Y-line,28,500.0,69.7,48.8281,2.9346,3.1353,1.889
C,28,Y-line,29,500.0,72.2,48.706,2.9272,3.1279,1.892
C,28,Y-line,30,500.0,74.7,48.706,2.9272,3.1279,1.668
C,28,Y-line,31,500.0,77.2,48.706,2.9272,3.1279,1.613
C,28,Y-line,32,500.0,79.7,48.706,2.9272,3.1279,1.395
C,28,Y-line,33,500.0,82.2,48.706,2.9272,3.1279,1.39
C,28,Y-line,34,500.0,84.7,48.706,2.9272,3.1279,1.32
C,28,Y-line,35,500.0,87.2,48.706,2.9272,3.1279,1.285
C,28,Y-line,36,500.0,89.6,48.706,2.9272,3.1279,1.331
C,28,Y-line,37,500.0,92.1,48.706,2.9272,3.1279,1.45
C,28,Y-line,38,500.0,94.6,48.706,2.9272,3.1279,1.514
C,28,Y-line,39,500.0,97.1,48.706,2.9272,3.1279,1.528
C,28,Y-line,40,500.0,99.6,48.706,2.9272,3.1279,1.471
C,28,Y-line,41,500.0,102.1,48.4619,2.9126,3.1133,1.445
C,28,Y-line,42,500.0,104.6,48.2178,2.8979,3.0986,1.395
C,28,Y-line,43,500.0,107.1,47.9736,2.8832,3.0839,1.451
C,28,Y-line,44,500.0,109.6,47.8516,2.8759,3.0766,1.592
C,28,Y-line,45,500.0,112.1,47.8516,2.8759,3.0766,1.597
C,28,Y-line,46,500.0,114.5,47.7295,2.8685,3.0692,1.443
C,28,Y-line,47,500.0,117.0,47.6074,2.8612,3.0619,1.509
C,28,Y-line,48,500.0,119.5,47.6074,2.8612,3.0619,1.626
C,28,Y-line,49,500.0,122.0,47.3633,2.8465,3.0472,1.377
C,28,Y-line,50,500.0,124.5,47.3633,2.8465,3.0472,1.339
C,28,Y-line,51,500.0,127.0,47.3633,2.8465,3.0472,1.282
C,28,Y-line,52,500.0,129.5,47.3633,2.8465,3.0472,1.233
C,28,Y-line,53,500.0,132.0,47.3633,2.8465,3.0472,1.052
C,28,Y-line,54,500.0,134.5,47.3633,2.8465,3.0472,0.91
C,28,Y-line,55,500.0,137.0,47.3633,2.8465,3.0472,1.032
C,28,Y-line,56,500.0,139.4,47.3633,2.8465,3.0472,1.092
C,28,Y-line,57,500.0,141.9,47.3633,2.8465,3.0472,1.054
C,28,Y-line,58,500.0,144.4,47.3633,2.8465,3.0472,0.988
C,28,Y-line,59,500.0,146.9,47.3633,2.8465,3.0472,1.182
C,28,Y-line,60,500.0,149.4,47.3633,2.8465,3.0472,1.148
C,28,Y-line,61,500.0,151.9,47.3633,2.8465,3.0472,1.29
C,28,Y-line,62,500.0,154.4,47.3633,2.8465,3.0472,1.31
C,28,Y-line,63,500.0,156.9,47.2412,2.8392,3.0399,1.382
C,28,Y-line,64,500.0,159.4,47.2412,2.8392,3.0399,1.476
C,28,Y-line,65,500.0,161.9,47.2412,2.8392,3.0399,1.631
C,28,Y-line,66,500.0,164.3,47.2412,2.8392,3.0399,1.601
C,28,Y-line,67,500.0,166.8,47.2412,2.8392,3.0399,1.713
C,28,Y-line,68,500.0,169.3,47.2412,2.8392,3.0399,1.771
C,28,Y-line,69,500.0,171.8,47.2412,2.8392,3.0399,1.716
C,28,Y-line,70,500.0,174.3,47.2412,2.8392,3.0399,1.792
C,28,Y-line,71,500.0,176.8,47.1191,2.8319,3.0326,1.765
C,28,Y-line,72,500.0,179.3,47.1191,2.8319,3.0326,1.7
C,28,Y-line,73,500.0,181.8,47.1191,2.8319,3.0326,1.818
C,28,Y-line,74,500.0,184.3,46.9971,2.8245,3.0252,1.765
C,28,Y-line,75,500.0,186.8,46.9971,2.8245,3.0252,1.793
C,28,Y-line,76,500.0,189.2,46.9971,2.8245,3.0252,1.834
C,28,Y-line,77,500.0,191.7,46.9971,2.8245,3.0252,1.821
C,28,Y-line,78,500.0,194.2,46.875,2.8172,3.0179,1.873
C,28,Y-line,79,500.0,196.7,46.875,2.8172,3.0179,1.91
C,28,Y-line,80,500.0,199.2,46.7529,2.8099,3.0106,1.68
C,28,Y-line,81,500.0,201.7,46.7529,2.8099,3.0106,1.678
C,28,Y-line,82,500.0,204.2,46.6309,2.8025,3.0032,1.501
C,28,Y-line,83,500.0,206.7,46.5088,2.7952,2.9959,1.571
C,28,Y-line,84,500.0,209.2,46.3867,2.7878,2.9885,1.586
C,28,Y-line,85,500.0,211.7,46.3867,2.7878,2.9885,1.569
C,28,Y-line,86,500.0,214.1,46.3867,2.7878,2.9885,1.556
C,28,Y-line,87,500.0,216.6,46.3867,2.7878,2.9885,1.554
C,28,Y-line,88,500.0,219.1,46.3867,2.7878,2.9885,1.449
C,28,Y-line,89,500.0,221.6,46.3867,2.7878,2.9885,1.465
C,28,Y-line,90,500.0,224.1,46.3867,2.7878,2.9885,1.435
C,28,Y-line,91,500.0,226.6,46.3867,2.7878,2.9885,1.324
C,28,Y-line,92,500.0,229.1,46.3867,2.7878,2.9885,1.339
C,28,Y-line,93,500.0,231.6,46.3867,2.7878,2.9885,1.256
C,28,Y-line,94,500.0,234.1,46.3867,2.7878,2.9885,1.334
C,28,Y-line,95,500.0,236.6,46.3867,2.7878,2.9885,1.325
C,28,Y-line,96,500.0,239.0,46.3867,2.7878,2.9885,1.301
C,28,Y-line,97,500.0,241.5,46.3867,2.7878,2.9885,1.307
C,28,Y-line,98,500.0,244.0,46.3867,2.7878,2.9885,1.227
C,28,Y-line,99,500.0,246.5,46.3867,2.7878,2.9885,1.266
C,28,Y-line,100,500.0,249.0,46.3867,2.7878,2.9885,1.184
C,28,Y-line,101,500.0,251.5,46.3867,2.7878,2.9885,1.349
C,28,Y-line,102,500.0,254.0,46.3867,2.7878,2.9885,1.444
C,28,Y-line,103,500.0,256.5,46.3867,2.7878,2.9885,1.587
C,28,Y-line,104,500.0,259.0,46.3867,2.7878,2.9885,1.55
C,28,Y-line,105,500.0,261.5,46.3867,2.7878,2.9885,1.655
C,28,Y-line,106,500.0,263.9,46.3867,2.7878,2.9885,1.654
C,28,Y-line,107,500.0,266.4,46.3867,2.7878,2.9885,1.746
C,28,Y-line,108,500.0,268.9,46.3867,2.7878,2.9885,1.601
C,28,Y-line,109,500.0,271.4,46.3867,2.7878,2.9885,1.699
C,28,Y-line,110,500.0,273.9,46.3867,2.7878,2.9885,1.72
C,28,Y-line,111,500.0,276.4,46.3867,2.7878,2.9885,1.731
C,28,Y-line,112,500.0,278.9,46.5088,2.7952,2.9959,1.647
C,28,Y-line,113,500.0,281.4,46.6309,2.8025,3.0032,1.629
C,28,Y-line,114,500.0,283.9,46.7529,2.8099,3.0106,1.56
C,28,Y-line,115,500.0,286.4,46.7529,2.8099,3.0106,1.609
C,28,Y-line,116,500.0,288.8,46.9971,2.8245,3.0252,1.239
C,28,Y-line,117,500.0,291.3,46.9971,2.8245,3.0252,1.239
C,28,Y-line,118,500.0,293.8,46.9971,2.8245,3.0252,1.376
C,28,Y-line,119,500.0,296.3,46.9971,2.8245,3.0252,1.399
C,28,Y-line,120,500.0,298.8,46.9971,2.8245,3.0252,1.329
C,28,Y-line,121,500.0,301.3,46.9971,2.8245,3.0252,1.474
C,28,Y-line,122,500.0,303.8,46.9971,2.8245,3.0252,1.45
C,28,Y-line,123,500.0,306.3,46.9971,2.8245,3.0252,1.352
C,28,Y-line,124,500.0,308.8,47.1191,2.8319,3.0326,1.336
C,28,Y-line,125,500.0,311.2,47.1191,2.8319,3.0326,1.363
C,28,Y-line,126,500.0,313.7,47.1191,2.8319,3.0326,1.392
C,28,Y-line,127,500.0,316.2,47.1191,2.8319,3.0326,1.472
C,28,Y-line,128,500.0,318.7,47.1191,2.8319,3.0326,1.604
C,28,Y-line,129,500.0,321.2,47.1191,2.8319,3.0326,1.626
C,28,Y-line,130,500.0,323.7,47.1191,2.8319,3.0326,1.72
C,28,Y-line,131,500.0,326.2,47.1191,2.8319,3.0326,1.636
C,28,Y-line,132,500.0,328.7,47.1191,2.8319,3.0326,1.585
C,28,Y-line,133,500.0,331.2,47.1191,2.8319,3.0326,1.566
C,28,Y-line,134,500.0,333.7,47.1191,2.8319,3.0326,1.69
C,28,Y-line,135,500.0,336.2,47.1191,2.8319,3.0326,1.589
C,28,Y-line,136,500.0,338.6,47.1191,2.8319,3.0326,1.756
C,28,Y-line,137,500.0,341.1,47.1191,2.8319,3.0326,1.737
C,28,Y-line,138,500.0,343.6,47.1191,2.8319,3.0326,1.724
C,28,Y-line,139,500.0,346.1,47.1191,2.8319,3.0326,1.65
C,28,Y-line,140,500.0,348.6,47.1191,2.8319,3.0326,1.706
C,28,Y-line,141,500.0,351.1,47.1191,2.8319,3.0326,1.746
C,28,Y-line,142,500.0,353.6,47.1191,2.8319,3.0326,1.925
C,28,Y-line,143,500.0,356.1,47.1191,2.8319,3.0326,1.717
C,28,Y-line,144,500.0,358.6,47.1191,2.8319,3.0326,1.527
C,28,Y-line,145,500.0,361.1,47.1191,2.8319,3.0326,1.463
C,28,Y-line,146,500.0,363.5,47.1191,2.8319,3.0326,1.576
C,28,Y-line,147,500.0,366.0,47.1191,2.8319,3.0326,1.702
C,28,Y-line,148,500.0,368.5,47.1191,2.8319,3.0326,1.545
C,28,Y-line,149,500.0,371.0,47.1191,2.8319,3.0326,1.737
C,28,Y-line,150,500.0,373.5,47.1191,2.8319,3.0326,1.653
C,28,Y-line,151,500.0,376.0,47.1191,2.8319,3.0326,1.93
C,28,Y-line,152,500.0,378.5,47.1191,2.8319,3.0326,1.832
C,28,Y-line,153,500.0,381.0,47.1191,2.8319,3.0326,2.041
C,28,Y-line,154,500.0,383.5,47.1191,2.8319,3.0326,2.035
C,28,Y-line,155,500.0,386.0,47.1191,2.8319,3.0326,2.072
C,28,Y-line,156,500.0,388.4,47.1191,2.8319,3.0326,2.034
C,28,Y-line,157,500.0,390.9,47.1191,2.8319,3.0326,1.71
C,28,Y-line,158,500.0,393.4,47.1191,2.8319,3.0326,1.456
C,28,Y-line,159,500.0,395.9,47.1191,2.8319,3.0326,1.146
C,28,Y-line,160,500.0,398.4,47.1191,2.8319,3.0326,1.214
C,28,Y-line,161,500.0,400.9,46.875,2.8172,3.0179,0.786
C,28,Y-line,162,500.0,403.4,46.6309,2.8025,3.0032,0.74
C,28,Y-line,163,500.0,405.9,46.3867,2.7878,2.9885,0.927
C,28,Y-line,164,500.0,408.4,46.1426,2.7732,2.9739,0.979
C,28,Y-line,165,500.0,410.9,46.1426,2.7732,2.9739,1.006
C,28,Y-line,166,500.0,413.3,46.1426,2.7732,2.9739,0.939
C,28,Y-line,167,500.0,415.8,46.1426,2.7732,2.9739,0.798
C,28,Y-line,168,500.0,418.3,46.1426,2.7732,2.9739,0.759
C,28,Y-line,169,500.0,420.8,46.1426,2.7732,2.9739,0.667
C,28,Y-line,170,500.0,423.3,46.1426,2.7732,2.9739,1.217
C,28,Y-line,171,500.0,425.8,46.1426,2.7732,2.9739,1.282
C,28,Y-line,172,500.0,428.3,46.1426,2.7732,2.9739,1.289
C,28,Y-line,173,500.0,430.8,46.1426,2.7732,2.9739,0.94
C,28,Y-line,174,500.0,433.3,46.1426,2.7732,2.9739,0.705
C,28,Y-line,175,500.0,435.8,45.8984,2.7585,2.9592,0.349
C,28,Y-line,176,500.0,438.2,45.6543,2.7438,2.9445,0.235
C,28,Y-line,177,500.0,440.7,45.4102,2.7292,2.9299,0.431
C,28,Y-line,178,500.0,443.2,45.166,2.7145,2.9152,0.605
C,28,Y-line,179,500.0,445.7,45.166,2.7145,2.9152,0.609
C,28,Y-line,180,500.0,448.2,45.166,2.7145,2.9152,0.567
C,28,Y-line,181,500.0,450.7,44.9219,2.6998,2.9005,0.61
C,28,Y-line,182,500.0,453.2,44.6777,2.6851,2.8858,0.43
C,28,Y-line,183,500.0,455.7,44.4336,2.6705,2.8712,0.252
C,28,Y-line,184,500.0,458.2,44.1894,2.6558,2.8565,0.51
C,28,Y-line,185,500.0,460.7,43.9453,2.6411,2.8418,1.103
C,28,Y-line,186,500.0,463.1,43.9453,2.6411,2.8418,1.168
C,28,Y-line,187,500.0,465.6,43.9453,2.6411,2.8418,1.129
C,28,Y-line,188,500.0,468.1,43.9453,2.6411,2.8418,1.167
C,28,Y-line,189,500.0,470.6,43.9453,2.6411,2.8418,1.174
C,28,Y-line,190,500.0,473.1,43.9453,2.6411,2.8418,1.13
C,28,Y-line,191,500.0,475.6,43.9453,2.6411,2.8418,1.303
C,28,Y-line,192,500.0,478.1,43.9453,2.6411,2.8418,1.139
C,28,Y-line,193,500.0,480.6,43.9453,2.6411,2.8418,1.484
C,28,Y-line,194,500.0,483.1,43.9453,2.6411,2.8418,1.703
C,28,Y-line,195,500.0,485.6,43.9453,2.6411,2.8418,1.833
C,28,Y-line,196,500.0,488.0,43.9453,2.6411,2.8418,1.891
C,28,Y-line,197,500.0,490.5,43.9453,2.6411,2.8418,1.917
C,28,Y-line,198,500.0,493.0,44.0674,2.6484,2.8491,1.953
C,28,Y-line,199,500.0,495.5,44.0674,2.6484,2.8491,2.126
C,28,Y-line,200,500.0,498.0,44.0674,2.6484,2.8491,2.005
C,28,Y-line,201,500.0,500.5,44.0674,2.6484,2.8491,1.858
C,28,Y-line,202,500.0,503.0,44.0674,2.6484,2.8491,1.763
C,28,Y-line,203,500.0,505.5,44.0674,2.6484,2.8491,1.733
C,28,Y-line,204,500.0,508.0,44.0674,2.6484,2.8491,1.768
C,28,Y-line,205,500.0,510.5,44.0674,2.6484,2.8491,1.669
C,28,Y-line,206,500.0,512.9,44.0674,2.6484,2.8491,2.136
C,28,Y-line,207,500.0,515.4,44.0674,2.6484,2.8491,1.983
C,28,Y-line,208,500.0,517.9,44.0674,2.6484,2.8491,2.003
C,28,Y-line,209,500.0,520.4,44.0674,2.6484,2.8491,1.966
C,28,Y-line,210,500.0,522.9,44.0674,2.6484,2.8491,1.635
C,28,Y-line,211,500.0,525.4,44.0674,2.6484,2.8491,1.501
C,28,Y-line,212,500.0,527.9,44.0674,2.6484,2.8491,1.592
C,28,Y-line,213,500.0,530.4,44.0674,2.6484,2.8491,1.639
C,28,Y-line,214,500.0,532.9,44.0674,2.6484,2.8491,1.767
C,28,Y-line,215,500.0,535.4,44.0674,2.6484,2.8491,1.656
C,28,Y-line,216,500.0,537.8,44.0674,2.6484,2.8491,1.655
C,28,Y-line,217,500.0,540.3,44.0674,2.6484,2.8491,1.486
C,28,Y-line,218,500.0,542.8,44.0674,2.6484,2.8491,1.415
C,28,Y-line,219,500.0,545.3,44.0674,2.6484,2.8491,1.497
C,28,Y-line,220,500.0,547.8,44.0674,2.6484,2.8491,1.506
C,28,Y-line,221,500.0,550.3,44.0674,2.6484,2.8491,1.485
C,28,Y-line,222,500.0,552.8,44.0674,2.6484,2.8491,1.548
C,28,Y-line,223,500.0,555.3,44.0674,2.6484,2.8491,1.628
C,28,Y-line,224,500.0,557.8,44.0674,2.6484,2.8491,1.463
C,28,Y-line,225,500.0,560.2,44.0674,2.6484,2.8491,1.658
C,28,Y-line,226,500.0,562.7,44.0674,2.6484,2.8491,1.589
C,28,Y-line,227,500.0,565.2,44.0674,2.6484,2.8491,1.7
C,28,Y-line,228,500.0,567.7,44.0674,2.6484,2.8491,1.517
C,28,Y-line,229,500.0,570.2,44.0674,2.6484,2.8491,1.507
C,28,Y-line,230,500.0,572.7,44.0674,2.6484,2.8491,1.593
C,28,Y-line,231,500.0,575.2,44.0674,2.6484,2.8491,1.559
C,28,Y-line,232,500.0,577.7,44.0674,2.6484,2.8491,1.814
C,28,Y-line,233,500.0,580.2,44.0674,2.6484,2.8491,1.813
C,28,Y-line,234,500.0,582.7,44.0674,2.6484,2.8491,1.754
C,28,Y-line,235,500.0,585.2,44.0674,2.6484,2.8491,1.649
C,28,Y-line,236,500.0,587.6,44.0674,2.6484,2.8491,1.684
C,28,Y-line,237,500.0,590.1,44.0674,2.6484,2.8491,1.703
C,28,Y-line,238,500.0,592.6,44.0674,2.6484,2.8491,1.884
C,28,Y-line,239,500.0,595.1,44.1894,2.6558,2.8565,1.972
C,28,Y-line,240,500.0,597.6,44.1894,2.6558,2.8565,2.066
C,28,Y-line,241,500.0,600.1,44.4336,2.6705,2.8712,1.989
C,28,Y-line,242,500.0,602.6,44.4336,2.6705,2.8712,2.188
C,28,Y-line,243,500.0,605.1,44.4336,2.6705,2.8712,2.212
C,28,Y-line,244,500.0,607.6,44.4336,2.6705,2.8712,2.263
C,28,Y-line,245,500.0,610.1,44.4336,2.6705,2.8712,2.212
C,28,Y-line,246,500.0,612.5,44.6777,2.6851,2.8858,2.005
C,28,Y-line,247,500.0,615.0,44.9219,2.6998,2.9005,1.971
C,28,Y-line,248,500.0,617.5,45.0439,2.7071,2.9078,2.013
C,28,Y-line,249,500.0,620.0,45.2881,2.7218,2.9225,1.683
C,28,Y-line,250,500.0,622.5,45.2881,2.7218,2.9225,1.598
C,28,Y-line,251,500.0,625.0,45.2881,2.7218,2.9225,1.705
C,28,Y-line,252,500.0,627.5,45.2881,2.7218,2.9225,1.992
C,28,Y-line,253,500.0,630.0,45.5322,2.7365,2.9372,1.68
C,28,Y-line,254,500.0,632.5,45.6543,2.7438,2.9445,1.889
C,28,Y-line,255,500.0,635.0,45.7764,2.7512,2.9519,1.897
C,28,Y-line,256,500.0,637.4,46.0205,2.7658,2.9665,2.085
C,28,Y-line,257,500.0,639.9,46.0205,2.7658,2.9665,2.039
C,28,Y-line,258,500.0,642.4,46.0205,2.7658,2.9665,1.827
C,28,Y-line,259,500.0,644.9,46.2646,2.7805,2.9812,1.307
C,28,Y-line,260,500.0,647.4,46.5088,2.7952,2.9959,1.458
C,28,Y-line,261,500.0,649.9,46.7529,2.8099,3.0106,1.631
C,28,Y-line,262,500.0,652.4,46.9971,2.8245,3.0252,1.646
C,28,Y-line,263,500.0,654.9,47.2412,2.8392,3.0399,1.744
C,28,Y-line,264,500.0,657.4,47.4853,2.8539,3.0546,1.395
C,28,Y-line,265,500.0,659.9,47.7295,2.8685,3.0692,0.94
C,28,Y-line,266,500.0,662.3,47.9736,2.8832,3.0839,0.503
C,28,Y-line,267,500.0,664.8,48.2178,2.8979,3.0986,0.887
C,28,Y-line,268,500.0,667.3,48.4619,2.9126,3.1133,1.307
C,28,Y-line,269,500.0,669.8,48.706,2.9272,3.1279,1.675
C,28,Y-line,270,500.0,672.3,48.9502,2.9419,3.1426,1.762
C,28,Y-line,271,500.0,674.8,49.0723,2.9492,3.1499,1.942
C,28,Y-line,272,500.0,677.3,49.0723,2.9492,3.1499,1.729
C,28,Y-line,273,500.0,679.8,49.0723,2.9492,3.1499,1.755
C,28,Y-line,274,500.0,682.3,49.0723,2.9492,3.1499,1.72
C,28,Y-line,275,500.0,684.8,49.0723,2.9492,3.1499,1.671
C,28,Y-line,276,500.0,687.2,49.0723,2.9492,3.1499,1.676
C,28,Y-line,277,500.0,689.7,49.0723,2.9492,3.1499,1.667
C,28,Y-line,278,500.0,692.2,49.0723,2.9492,3.1499,1.737
C,28,Y-line,279,500.0,694.7,49.0723,2.9492,3.1499,1.829
C,28,Y-line,280,500.0,697.2,49.0723,2.9492,3.1499,1.811
C,28,Y-line,281,500.0,699.7,49.0723,2.9492,3.1499,1.782
C,28,Y-line,282,500.0,702.2,49.0723,2.9492,3.1499,1.761
C,28,Y-line,283,500.0,704.7,49.0723,2.9492,3.1499,1.64
C,28,Y-line,284,500.0,707.2,49.0723,2.9492,3.1499,1.562
C,28,Y-line,285,500.0,709.7,49.0723,2.9492,3.1499,1.367
C,28,Y-line,286,500.0,712.1,49.0723,2.9492,3.1499,1.169
C,28,Y-line,287,500.0,714.6,49.0723,2.9492,3.1499,1.049
C,28,Y-line,288,500.0,717.1,49.0723,2.9492,3.1499,0.792
C,28,Y-line,289,500.0,719.6,49.0723,2.9492,3.1499,0.78
C,28,Y-line,290,500.0,722.1,49.0723,2.9492,3.1499,0.816
C,28,Y-line,291,500.0,724.6,49.0723,2.9492,3.1499,0.806
C,28,Y-line,292,500.0,727.1,49.0723,2.9492,3.1499,1.155
C,28,Y-line,293,500.0,729.6,49.0723,2.9492,3.1499,1.472
C,28,Y-line,294,500.0,732.1,49.0723,2.9492,3.1499,1.715
C,28,Y-line,295,500.0,734.6,49.0723,2.9492,3.1499,1.889
C,28,Y-line,296,500.0,737.0,49.0723,2.9492,3.1499,2.054
C,28,Y-line,297,500.0,739.5,49.0723,2.9492,3.1499,1.904
C,28,Y-line,298,500.0,742.0,49.0723,2.9492,3.1499,1.817
C,28,Y-line,299,500.0,744.5,49.0723,2.9492,3.1499,1.795
C,28,Y-line,300,500.0,747.0,49.0723,2.9492,3.1499,1.839
C,28,Y-line,301,500.0,749.5,49.3164,2.9639,3.1646,1.745
C,28,Y-line,302,500.0,752.0,49.3164,2.9639,3.1646,1.665
C,28,Y-line,303,500.0,754.5,49.4385,2.9713,3.172,1.775
C,28,Y-line,304,500.0,757.0,49.6826,2.9859,3.1866,1.825
C,28,Y-line,305,500.0,759.5,49.6826,2.9859,3.1866,1.747
C,28,Y-line,306,500.0,761.9,49.6826,2.9859,3.1866,1.812
C,28,Y-line,307,500.0,764.4,49.6826,2.9859,3.1866,1.87
C,28,Y-line,308,500.0,766.9,49.6826,2.9859,3.1866,1.815
C,28,Y-line,309,500.0,769.4,49.6826,2.9859,3.1866,1.901
C,28,Y-line,310,500.0,771.9,49.6826,2.9859,3.1866,1.774
C,28,Y-line,311,500.0,774.4,49.6826,2.9859,3.1866,1.698
C,28,Y-line,312,500.0,776.9,49.6826,2.9859,3.1866,1.742
C,28,Y-line,313,500.0,779.4,49.6826,2.9859,3.1866,1.648
C,28,Y-line,314,500.0,781.9,49.6826,2.9859,3.1866,1.551
C,28,Y-line,315,500.0,784.4,49.6826,2.9859,3.1866,1.386
C,28,Y-line,316,500.0,786.8,49.6826,2.9859,3.1866,1.283
C,29,Y-line,0,550.0,0.0,47.4853,2.8539,2.8522,1.056
C,29,Y-line,1,550.0,2.5,47.4853,2.8539,2.8522,1.145
C,29,Y-line,2,550.0,5.0,47.4853,2.8539,2.8522,1.242
C,29,Y-line,3,550.0,7.5,47.4853,2.8539,2.8522,1.313
C,29,Y-line,4,550.0,10.0,47.4853,2.8539,2.8522,1.461
C,29,Y-line,5,550.0,12.5,47.4853,2.8539,2.8522,1.514
C,29,Y-line,6,550.0,14.9,47.4853,2.8539,2.8522,1.537
C,29,Y-line,7,550.0,17.4,47.4853,2.8539,2.8522,1.616
C,29,Y-line,8,550.0,19.9,47.4853,2.8539,2.8522,1.741
C,29,Y-line,9,550.0,22.4,47.4853,2.8539,2.8522,1.66
C,29,Y-line,10,550.0,24.9,47.4853,2.8539,2.8522,1.697
C,29,Y-line,11,550.0,27.4,47.4853,2.8539,2.8522,1.843
C,29,Y-line,12,550.0,29.9,47.4853,2.8539,2.8522,1.839
C,29,Y-line,13,550.0,32.4,47.4853,2.8539,2.8522,1.986
C,29,Y-line,14,550.0,34.9,47.4853,2.8539,2.8522,2.034
C,29,Y-line,15,550.0,37.4,47.4853,2.8539,2.8522,2.074
C,29,Y-line,16,550.0,39.8,47.4853,2.8539,2.8522,2.147
C,29,Y-line,17,550.0,42.3,47.4853,2.8539,2.8522,2.132
C,29,Y-line,18,550.0,44.8,47.4853,2.8539,2.8522,2.136
C,29,Y-line,19,550.0,47.3,47.4853,2.8539,2.8522,2.196
C,29,Y-line,20,550.0,49.8,47.4853,2.8539,2.8522,2.183
C,29,Y-line,21,550.0,52.3,47.4853,2.8539,2.8522,2.061
C,29,Y-line,22,550.0,54.8,47.4853,2.8539,2.8522,1.917
C,29,Y-line,23,550.0,57.3,47.4853,2.8539,2.8522,1.912
C,29,Y-line,24,550.0,59.8,47.4853,2.8539,2.8522,1.806
C,29,Y-line,25,550.0,62.3,47.4853,2.8539,2.8522,1.708
C,29,Y-line,26,550.0,64.7,47.4853,2.8539,2.8522,1.661
C,29,Y-line,27,550.0,67.2,47.4853,2.8539,2.8522,1.628
C,29,Y-line,28,550.0,69.7,47.4853,2.8539,2.8522,1.58
C,29,Y-line,29,550.0,72.2,47.4853,2.8539,2.8522,1.543
C,29,Y-line,30,550.0,74.7,47.4853,2.8539,2.8522,1.665
C,29,Y-line,31,550.0,77.2,47.4853,2.8539,2.8522,1.729
C,29,Y-line,32,550.0,79.7,47.4853,2.8539,2.8522,1.749
C,29,Y-line,33,550.0,82.2,47.4853,2.8539,2.8522,1.921
C,29,Y-line,34,550.0,84.7,47.4853,2.8539,2.8522,1.857
C,29,Y-line,35,550.0,87.2,47.4853,2.8539,2.8522,1.82
C,29,Y-line,36,550.0,89.6,47.4853,2.8539,2.8522,1.828
C,29,Y-line,37,550.0,92.1,47.4853,2.8539,2.8522,1.854
C,29,Y-line,38,550.0,94.6,47.4853,2.8539,2.8522,1.763
C,29,Y-line,39,550.0,97.1,47.4853,2.8539,2.8522,1.712
C,29,Y-line,40,550.0,99.6,47.4853,2.8539,2.8522,1.659
C,29,Y-line,41,550.0,102.1,47.4853,2.8539,2.8522,1.673
C,29,Y-line,42,550.0,104.6,47.4853,2.8539,2.8522,1.862
C,29,Y-line,43,550.0,107.1,47.4853,2.8539,2.8522,1.898
C,29,Y-line,44,550.0,109.6,47.4853,2.8539,2.8522,1.885
C,29,Y-line,45,550.0,112.1,47.4853,2.8539,2.8522,1.902
C,29,Y-line,46,550.0,114.5,47.4853,2.8539,2.8522,1.972
C,29,Y-line,47,550.0,117.0,47.4853,2.8539,2.8522,1.984
C,29,Y-line,48,550.0,119.5,47.4853,2.8539,2.8522,2.006
C,29,Y-line,49,550.0,122.0,47.4853,2.8539,2.8522,2.123
C,29,Y-line,50,550.0,124.5,47.4853,2.8539,2.8522,2.078
C,29,Y-line,51,550.0,127.0,47.4853,2.8539,2.8522,2.065
C,29,Y-line,52,550.0,129.5,47.4853,2.8539,2.8522,2.051
C,29,Y-line,53,550.0,132.0,47.4853,2.8539,2.8522,2.089
C,29,Y-line,54,550.0,134.5,47.4853,2.8539,2.8522,2.106
C,29,Y-line,55,550.0,137.0,47.4853,2.8539,2.8522,2.186
C,29,Y-line,56,550.0,139.4,47.4853,2.8539,2.8522,2.187
C,29,Y-line,57,550.0,141.9,47.4853,2.8539,2.8522,2.091
C,29,Y-line,58,550.0,144.4,47.4853,2.8539,2.8522,2.037
C,29,Y-line,59,550.0,146.9,47.4853,2.8539,2.8522,2.048
C,29,Y-line,60,550.0,149.4,47.4853,2.8539,2.8522,2.029
C,29,Y-line,61,550.0,151.9,47.4853,2.8539,2.8522,1.965
C,29,Y-line,62,550.0,154.4,47.4853,2.8539,2.8522,1.999
C,29,Y-line,63,550.0,156.9,47.4853,2.8539,2.8522,2.027
C,29,Y-line,64,550.0,159.4,47.4853,2.8539,2.8522,2.081
C,29,Y-line,65,550.0,161.9,47.4853,2.8539,2.8522,2.05
C,29,Y-line,66,550.0,164.3,47.4853,2.8539,2.8522,2.065
C,29,Y-line,67,550.0,166.8,47.4853,2.8539,2.8522,2.025
C,29,Y-line,68,550.0,169.3,47.4853,2.8539,2.8522,2.017
C,29,Y-line,69,550.0,171.8,47.4853,2.8539,2.8522,2.087
C,29,Y-line,70,550.0,174.3,47.6074,2.8612,2.8595,1.934
C,29,Y-line,71,550.0,176.8,47.6074,2.8612,2.8595,1.8
C,29,Y-line,72,550.0,179.3,47.8516,2.8759,2.8742,1.768
C,29,Y-line,73,550.0,181.8,47.8516,2.8759,2.8742,1.766
C,29,Y-line,74,550.0,184.3,47.9736,2.8832,2.8815,1.65
C,29,Y-line,75,550.0,186.8,48.0957,2.8906,2.8889,1.574
C,29,Y-line,76,550.0,189.2,48.3398,2.9052,2.9035,1.505
C,29,Y-line,77,550.0,191.7,48.584,2.9199,2.9182,1.488
C,29,Y-line,78,550.0,194.2,48.584,2.9199,2.9182,1.514
C,29,Y-line,79,550.0,196.7,48.584,2.9199,2.9182,1.475
C,29,Y-line,80,550.0,199.2,48.584,2.9199,2.9182,1.519
C,29,Y-line,81,550.0,201.7,48.706,2.9272,2.9255,1.519
C,29,Y-line,82,550.0,204.2,48.706,2.9272,2.9255,1.391
C,29,Y-line,83,550.0,206.7,48.706,2.9272,2.9255,1.455
C,29,Y-line,84,550.0,209.2,48.706,2.9272,2.9255,1.346
C,29,Y-line,85,550.0,211.7,48.706,2.9272,2.9255,1.389
C,29,Y-line,86,550.0,214.1,48.706,2.9272,2.9255,1.402
C,29,Y-line,87,550.0,216.6,48.706,2.9272,2.9255,1.315
C,29,Y-line,88,550.0,219.1,48.706,2.9272,2.9255,1.356
C,29,Y-line,89,550.0,221.6,48.706,2.9272,2.9255,1.337
C,29,Y-line,90,550.0,224.1,48.8281,2.9346,2.9329,1.519
C,29,Y-line,91,550.0,226.6,48.8281,2.9346,2.9329,1.5
C,29,Y-line,92,550.0,229.1,48.8281,2.9346,2.9329,1.667
C,29,Y-line,93,550.0,231.6,48.8281,2.9346,2.9329,1.582
C,29,Y-line,94,550.0,234.1,48.8281,2.9346,2.9329,1.402
C,29,Y-line,95,550.0,236.6,48.8281,2.9346,2.9329,1.517
C,29,Y-line,96,550.0,239.0,48.8281,2.9346,2.9329,1.526
C,29,Y-line,97,550.0,241.5,48.8281,2.9346,2.9329,1.389
C,29,Y-line,98,550.0,244.0,49.0723,2.9492,2.9475,1.489
C,29,Y-line,99,550.0,246.5,49.3164,2.9639,2.9622,1.446
C,29,Y-line,100,550.0,249.0,49.5605,2.9786,2.9769,1.527
C,29,Y-line,101,550.0,251.5,49.8047,2.9933,2.9916,1.436
C,29,Y-line,102,550.0,254.0,50.0488,3.0079,3.0062,1.247
C,29,Y-line,103,550.0,256.5,50.1709,3.0153,3.0136,1.422
C,29,Y-line,104,550.0,259.0,50.1709,3.0153,3.0136,1.412
C,29,Y-line,105,550.0,261.5,50.1709,3.0153,3.0136,1.497
C,29,Y-line,106,550.0,263.9,50.1709,3.0153,3.0136,1.428
C,29,Y-line,107,550.0,266.4,50.1709,3.0153,3.0136,1.73
C,29,Y-line,108,550.0,268.9,50.1709,3.0153,3.0136,1.819
C,29,Y-line,109,550.0,271.4,50.293,3.0226,3.0209,1.839
C,29,Y-line,110,550.0,273.9,50.293,3.0226,3.0209,1.795
C,29,Y-line,111,550.0,276.4,50.5371,3.0373,3.0356,1.732
C,29,Y-line,112,550.0,278.9,50.6592,3.0446,3.0429,1.634
C,29,Y-line,113,550.0,281.4,50.6592,3.0446,3.0429,1.673
C,29,Y-line,114,550.0,283.9,50.9033,3.0593,3.0576,1.814
C,29,Y-line,115,550.0,286.4,50.9033,3.0593,3.0576,1.834
C,29,Y-line,116,550.0,288.8,50.9033,3.0593,3.0576,1.93
C,29,Y-line,117,550.0,291.3,50.9033,3.0593,3.0576,1.817
C,29,Y-line,118,550.0,293.8,50.9033,3.0593,3.0576,1.847
C,29,Y-line,119,550.0,296.3,50.9033,3.0593,3.0576,1.827
C,29,Y-line,120,550.0,298.8,50.9033,3.0593,3.0576,1.804
C,29,Y-line,121,550.0,301.3,50.9033,3.0593,3.0576,1.811
C,29,Y-line,122,550.0,303.8,50.9033,3.0593,3.0576,1.631
C,29,Y-line,123,550.0,306.3,50.9033,3.0593,3.0576,1.71
C,29,Y-line,124,550.0,308.8,50.9033,3.0593,3.0576,1.508
C,29,Y-line,125,550.0,311.2,50.7812,3.052,3.0503,1.186
C,29,Y-line,126,550.0,313.7,50.5371,3.0373,3.0356,0.799
C,29,Y-line,127,550.0,316.2,50.293,3.0226,3.0209,0.473
C,29,Y-line,128,550.0,318.7,50.0488,3.0079,3.0062,0.423
C,29,Y-line,129,550.0,321.2,49.8047,2.9933,2.9916,0.721
C,29,Y-line,130,550.0,323.7,49.5605,2.9786,2.9769,0.864
C,29,Y-line,131,550.0,326.2,49.3164,2.9639,2.9622,0.886
C,29,Y-line,132,550.0,328.7,49.0723,2.9492,2.9475,1.038
C,29,Y-line,133,550.0,331.2,48.8281,2.9346,2.9329,1.006
C,29,Y-line,134,550.0,333.7,48.584,2.9199,2.9182,1.424
C,29,Y-line,135,550.0,336.2,48.4619,2.9126,2.9109,1.756
C,29,Y-line,136,550.0,338.6,48.4619,2.9126,2.9109,1.669
C,29,Y-line,137,550.0,341.1,48.4619,2.9126,2.9109,1.418
C,29,Y-line,138,550.0,343.6,48.4619,2.9126,2.9109,1.529
C,29,Y-line,139,550.0,346.1,48.4619,2.9126,2.9109,1.49
C,29,Y-line,140,550.0,348.6,48.4619,2.9126,2.9109,1.434
C,29,Y-line,141,550.0,351.1,48.4619,2.9126,2.9109,1.452
C,29,Y-line,142,550.0,353.6,48.4619,2.9126,2.9109,1.647
C,29,Y-line,143,550.0,356.1,48.4619,2.9126,2.9109,1.577
C,29,Y-line,144,550.0,358.6,48.4619,2.9126,2.9109,1.63
C,29,Y-line,145,550.0,361.1,48.4619,2.9126,2.9109,1.601
C,29,Y-line,146,550.0,363.5,48.4619,2.9126,2.9109,1.543
C,29,Y-line,147,550.0,366.0,48.4619,2.9126,2.9109,1.551
C,29,Y-line,148,550.0,368.5,48.4619,2.9126,2.9109,1.596
C,29,Y-line,149,550.0,371.0,48.4619,2.9126,2.9109,1.631
C,29,Y-line,150,550.0,373.5,48.4619,2.9126,2.9109,1.726
C,29,Y-line,151,550.0,376.0,48.4619,2.9126,2.9109,1.754
C,29,Y-line,152,550.0,378.5,48.4619,2.9126,2.9109,1.612
C,29,Y-line,153,550.0,381.0,48.584,2.9199,2.9182,1.669
C,29,Y-line,154,550.0,383.5,48.584,2.9199,2.9182,1.618
C,29,Y-line,155,550.0,386.0,48.706,2.9272,2.9255,1.554
C,29,Y-line,156,550.0,388.4,48.706,2.9272,2.9255,1.708
C,29,Y-line,157,550.0,390.9,48.706,2.9272,2.9255,1.615
C,29,Y-line,158,550.0,393.4,48.706,2.9272,2.9255,1.704
C,29,Y-line,159,550.0,395.9,48.8281,2.9346,2.9329,1.709
C,29,Y-line,160,550.0,398.4,48.8281,2.9346,2.9329,1.748
C,29,Y-line,161,550.0,400.9,48.9502,2.9419,2.9402,1.955
C,29,Y-line,162,550.0,403.4,48.9502,2.9419,2.9402,1.81
C,29,Y-line,163,550.0,405.9,49.0723,2.9492,2.9475,1.804
C,29,Y-line,164,550.0,408.4,49.0723,2.9492,2.9475,1.83
C,29,Y-line,165,550.0,410.9,49.1943,2.9566,2.9549,1.7
C,29,Y-line,166,550.0,413.3,49.4385,2.9713,2.9696,1.536
C,29,Y-line,167,550.0,415.8,49.4385,2.9713,2.9696,1.61
C,29,Y-line,168,550.0,418.3,49.4385,2.9713,2.9696,1.603
C,29,Y-line,169,550.0,420.8,49.4385,2.9713,2.9696,1.673
C,29,Y-line,170,550.0,423.3,49.4385,2.9713,2.9696,1.605
C,29,Y-line,171,550.0,425.8,49.5605,2.9786,2.9769,1.712
C,29,Y-line,172,550.0,428.3,49.5605,2.9786,2.9769,1.855
C,29,Y-line,173,550.0,430.8,49.6826,2.9859,2.9842,1.783
C,29,Y-line,174,550.0,433.3,49.6826,2.9859,2.9842,1.85
C,29,Y-line,175,550.0,435.8,49.8047,2.9933,2.9916,1.806
C,29,Y-line,176,550.0,438.2,49.9268,3.0006,2.9989,1.79
C,29,Y-line,177,550.0,440.7,50.0488,3.0079,3.0062,1.752
C,29,Y-line,178,550.0,443.2,50.0488,3.0079,3.0062,1.789
C,29,Y-line,179,550.0,445.7,50.293,3.0226,3.0209,1.677
C,29,Y-line,180,550.0,448.2,50.415,3.0299,3.0282,1.768
C,29,Y-line,181,550.0,450.7,50.415,3.0299,3.0282,1.892
C,29,Y-line,182,550.0,453.2,50.6592,3.0446,3.0429,1.87
C,29,Y-line,183,550.0,455.7,50.6592,3.0446,3.0429,1.848
C,29,Y-line,184,550.0,458.2,50.6592,3.0446,3.0429,1.829
C,29,Y-line,185,550.0,460.7,50.9033,3.0593,3.0576,1.77
C,29,Y-line,186,550.0,463.1,51.1475,3.074,3.0723,1.668
C,29,Y-line,187,550.0,465.6,51.2695,3.0813,3.0796,1.682
C,29,Y-line,188,550.0,468.1,51.5137,3.096,3.0943,1.565
C,29,Y-line,189,550.0,470.6,51.5137,3.096,3.0943,1.434
C,29,Y-line,190,550.0,473.1,51.7578,3.1106,3.1089,1.485
C,29,Y-line,191,550.0,475.6,52.0019,3.1253,3.1236,1.441
C,29,Y-line,192,550.0,478.1,52.0019,3.1253,3.1236,1.518
C,29,Y-line,193,550.0,480.6,52.0019,3.1253,3.1236,1.475
C,29,Y-line,194,550.0,483.1,52.0019,3.1253,3.1236,1.541
C,29,Y-line,195,550.0,485.6,52.0019,3.1253,3.1236,1.561
C,29,Y-line,196,550.0,488.0,52.0019,3.1253,3.1236,1.515
C,29,Y-line,197,550.0,490.5,52.0019,3.1253,3.1236,1.579
C,29,Y-line,198,550.0,493.0,52.0019,3.1253,3.1236,1.517
C,29,Y-line,199,550.0,495.5,52.0019,3.1253,3.1236,1.473
C,29,Y-line,200,550.0,498.0,52.0019,3.1253,3.1236,1.468
C,29,Y-line,201,550.0,500.5,52.0019,3.1253,3.1236,1.478
C,29,Y-line,202,550.0,503.0,52.0019,3.1253,3.1236,1.473
C,29,Y-line,203,550.0,505.5,52.0019,3.1253,3.1236,1.496
C,29,Y-line,204,550.0,508.0,52.0019,3.1253,3.1236,1.454
C,29,Y-line,205,550.0,510.5,52.0019,3.1253,3.1236,1.469
C,29,Y-line,206,550.0,512.9,52.0019,3.1253,3.1236,1.546
C,29,Y-line,207,550.0,515.4,51.7578,3.1106,3.1089,1.358
C,29,Y-line,208,550.0,517.9,51.5137,3.096,3.0943,0.869
C,29,Y-line,209,550.0,520.4,51.2695,3.0813,3.0796,0.557
C,29,Y-line,210,550.0,522.9,51.0254,3.0666,3.0649,0.933
C,29,Y-line,211,550.0,525.4,50.7812,3.052,3.0503,1.571
C,29,Y-line,212,550.0,527.9,50.5371,3.0373,3.0356,1.55
C,29,Y-line,213,550.0,530.4,50.293,3.0226,3.0209,1.657
C,29,Y-line,214,550.0,532.9,50.1709,3.0153,3.0136,1.501
C,29,Y-line,215,550.0,535.4,50.1709,3.0153,3.0136,1.679
C,29,Y-line,216,550.0,537.8,50.1709,3.0153,3.0136,1.69
C,29,Y-line,217,550.0,540.3,50.1709,3.0153,3.0136,1.651
C,29,Y-line,218,550.0,542.8,50.1709,3.0153,3.0136,1.654
C,29,Y-line,219,550.0,545.3,50.1709,3.0153,3.0136,1.655
C,29,Y-line,220,550.0,547.8,50.1709,3.0153,3.0136,1.552
C,29,Y-line,221,550.0,550.3,50.1709,3.0153,3.0136,1.636
C,29,Y-line,222,550.0,552.8,50.1709,3.0153,3.0136,1.644
C,29,Y-line,223,550.0,555.3,50.1709,3.0153,3.0136,1.851
C,29,Y-line,224,550.0,557.8,50.1709,3.0153,3.0136,2.006
C,29,Y-line,225,550.0,560.2,50.1709,3.0153,3.0136,2.063
C,29,Y-line,226,550.0,562.7,50.1709,3.0153,3.0136,2.078
C,29,Y-line,227,550.0,565.2,50.1709,3.0153,3.0136,2.057
C,29,Y-line,228,550.0,567.7,50.1709,3.0153,3.0136,2.042
C,29,Y-line,229,550.0,570.2,50.1709,3.0153,3.0136,1.967
C,29,Y-line,230,550.0,572.7,50.1709,3.0153,3.0136,1.856
C,29,Y-line,231,550.0,575.2,50.1709,3.0153,3.0136,1.703
C,29,Y-line,232,550.0,577.7,50.1709,3.0153,3.0136,1.716
C,29,Y-line,233,550.0,580.2,50.1709,3.0153,3.0136,1.61
C,29,Y-line,234,550.0,582.7,50.415,3.0299,3.0282,1.553
C,29,Y-line,235,550.0,585.2,50.415,3.0299,3.0282,1.592
C,29,Y-line,236,550.0,587.6,50.415,3.0299,3.0282,1.68
C,29,Y-line,237,550.0,590.1,50.415,3.0299,3.0282,1.692
C,29,Y-line,238,550.0,592.6,50.415,3.0299,3.0282,1.751
C,29,Y-line,239,550.0,595.1,50.415,3.0299,3.0282,1.7
C,29,Y-line,240,550.0,597.6,50.415,3.0299,3.0282,1.63
C,29,Y-line,241,550.0,600.1,50.415,3.0299,3.0282,1.583
C,29,Y-line,242,550.0,602.6,50.415,3.0299,3.0282,1.476
C,29,Y-line,243,550.0,605.1,50.415,3.0299,3.0282,1.31
C,29,Y-line,244,550.0,607.6,50.415,3.0299,3.0282,1.25
C,29,Y-line,245,550.0,610.1,50.415,3.0299,3.0282,1.235
C,29,Y-line,246,550.0,612.5,50.415,3.0299,3.0282,1.276
C,29,Y-line,247,550.0,615.0,50.415,3.0299,3.0282,1.301
C,29,Y-line,248,550.0,617.5,50.415,3.0299,3.0282,1.343
C,29,Y-line,249,550.0,620.0,50.415,3.0299,3.0282,1.401
C,29,Y-line,250,550.0,622.5,50.415,3.0299,3.0282,1.492
C,29,Y-line,251,550.0,625.0,50.415,3.0299,3.0282,1.532
C,29,Y-line,252,550.0,627.5,50.415,3.0299,3.0282,1.434
C,29,Y-line,253,550.0,630.0,50.415,3.0299,3.0282,1.529
C,29,Y-line,254,550.0,632.5,50.415,3.0299,3.0282,1.767
C,29,Y-line,255,550.0,635.0,50.415,3.0299,3.0282,1.983
C,29,Y-line,256,550.0,637.4,50.415,3.0299,3.0282,2.088
C,29,Y-line,257,550.0,639.9,50.415,3.0299,3.0282,2.007
C,29,Y-line,258,550.0,642.4,50.415,3.0299,3.0282,1.937
C,29,Y-line,259,550.0,644.9,50.415,3.0299,3.0282,1.916
C,29,Y-line,260,550.0,647.4,50.415,3.0299,3.0282,1.866
C,29,Y-line,261,550.0,649.9,50.415,3.0299,3.0282,1.736
C,29,Y-line,262,550.0,652.4,50.415,3.0299,3.0282,1.578
C,29,Y-line,263,550.0,654.9,50.1709,3.0153,3.0136,1.64
C,29,Y-line,264,550.0,657.4,49.9268,3.0006,2.9989,1.644
C,29,Y-line,265,550.0,659.9,49.9268,3.0006,2.9989,1.712
C,29,Y-line,266,550.0,662.3,49.9268,3.0006,2.9989,1.704
C,29,Y-line,267,550.0,664.8,49.9268,3.0006,2.9989,1.69
C,29,Y-line,268,550.0,667.3,49.8047,2.9933,2.9916,1.565
C,29,Y-line,269,550.0,669.8,49.8047,2.9933,2.9916,1.61
C,29,Y-line,270,550.0,672.3,49.8047,2.9933,2.9916,1.586
C,29,Y-line,271,550.0,674.8,49.8047,2.9933,2.9916,1.771
C,29,Y-line,272,550.0,677.3,49.8047,2.9933,2.9916,1.857
C,29,Y-line,273,550.0,679.8,49.8047,2.9933,2.9916,1.854
C,29,Y-line,274,550.0,682.3,49.8047,2.9933,2.9916,1.795
C,29,Y-line,275,550.0,684.8,49.8047,2.9933,2.9916,1.819
C,29,Y-line,276,550.0,687.2,49.8047,2.9933,2.9916,1.774
C,29,Y-line,277,550.0,689.7,49.8047,2.9933,2.9916,1.621
C,29,Y-line,278,550.0,692.2,49.8047,2.9933,2.9916,1.644
C,29,Y-line,279,550.0,694.7,49.8047,2.9933,2.9916,1.717
C,29,Y-line,280,550.0,697.2,49.8047,2.9933,2.9916,1.749
C,29,Y-line,281,550.0,699.7,49.8047,2.9933,2.9916,1.723
C,29,Y-line,282,550.0,702.2,49.8047,2.9933,2.9916,1.778
C,29,Y-line,283,550.0,704.7,49.8047,2.9933,2.9916,1.784
C,29,Y-line,284,550.0,707.2,49.8047,2.9933,2.9916,1.815
C,29,Y-line,285,550.0,709.7,49.8047,2.9933,2.9916,1.783
C,29,Y-line,286,550.0,712.1,50.0488,3.0079,3.0062,1.78
C,29,Y-line,287,550.0,714.6,50.0488,3.0079,3.0062,1.685
C,29,Y-line,288,550.0,717.1,50.0488,3.0079,3.0062,1.788
C,29,Y-line,289,550.0,719.6,50.0488,3.0079,3.0062,1.634
C,29,Y-line,290,550.0,722.1,50.1709,3.0153,3.0136,1.511
C,29,Y-line,291,550.0,724.6,50.415,3.0299,3.0282,1.38
C,29,Y-line,292,550.0,727.1,50.5371,3.0373,3.0356,1.376
C,29,Y-line,293,550.0,729.6,50.7812,3.052,3.0503,1.343
C,29,Y-line,294,550.0,732.1,51.0254,3.0666,3.0649,1.192
C,29,Y-line,295,550.0,734.6,51.0254,3.0666,3.0649,1.229
C,29,Y-line,296,550.0,737.0,51.0254,3.0666,3.0649,1.244
C,29,Y-line,297,550.0,739.5,51.2695,3.0813,3.0796,1.27
C,29,Y-line,298,550.0,742.0,51.5137,3.096,3.0943,1.343
C,29,Y-line,299,550.0,744.5,51.7578,3.1106,3.1089,1.391
C,29,Y-line,300,550.0,747.0,51.7578,3.1106,3.1089,1.412
C,29,Y-line,301,550.0,749.5,52.0019,3.1253,3.1236,1.463
C,29,Y-line,302,550.0,752.0,52.2461,3.14,3.1383,1.503
C,29,Y-line,303,550.0,754.5,52.4902,3.1547,3.153,1.376
C,29,Y-line,304,550.0,757.0,52.6123,3.162,3.1603,1.435
C,29,Y-line,305,550.0,759.5,52.6123,3.162,3.1603,1.506
C,29,Y-line,306,550.0,761.9,52.8564,3.1767,3.175,1.599
C,29,Y-line,307,550.0,764.4,52.8564,3.1767,3.175,1.695
C,29,Y-line,308,550.0,766.9,52.8564,3.1767,3.175,1.531
C,29,Y-line,309,550.0,769.4,52.9785,3.184,3.1823,1.581
C,29,Y-line,310,550.0,771.9,53.1006,3.1913,3.1896,1.71
C,29,Y-line,311,550.0,774.4,53.1006,3.1913,3.1896,1.845
C,29,Y-line,312,550.0,776.9,53.2227,3.1987,3.197,1.789
C,29,Y-line,313,550.0,779.4,53.2227,3.1987,3.197,1.776
C,29,Y-line,314,550.0,781.9,53.2227,3.1987,3.197,1.717
C,29,Y-line,315,550.0,784.4,53.2227,3.1987,3.197,1.605
C,29,Y-line,316,550.0,786.8,53.2227,3.1987,3.197,1.547
C,29,Y-line,317,550.0,789.3,53.2227,3.1987,3.197,1.393
C,29,Y-line,318,550.0,791.8,53.2227,3.1987,3.197,1.334
C,30,Y-line,0,600.0,0.0,48.3398,2.9052,2.9038,0.966
C,30,Y-line,1,600.0,2.5,48.3398,2.9052,2.9038,1.084
C,30,Y-line,2,600.0,5.0,48.3398,2.9052,2.9038,1.262
C,30,Y-line,3,600.0,7.5,48.3398,2.9052,2.9038,1.277
C,30,Y-line,4,600.0,10.0,48.3398,2.9052,2.9038,1.462
C,30,Y-line,5,600.0,12.5,48.3398,2.9052,2.9038,1.704
C,30,Y-line,6,600.0,14.9,48.3398,2.9052,2.9038,1.789
C,30,Y-line,7,600.0,17.4,48.3398,2.9052,2.9038,2.034
C,30,Y-line,8,600.0,19.9,48.3398,2.9052,2.9038,2.216
C,30,Y-line,9,600.0,22.4,48.3398,2.9052,2.9038,2.05
C,30,Y-line,10,600.0,24.9,48.3398,2.9052,2.9038,1.809
C,30,Y-line,11,600.0,27.4,48.3398,2.9052,2.9038,1.558
C,30,Y-line,12,600.0,29.9,48.3398,2.9052,2.9038,1.425
C,30,Y-line,13,600.0,32.4,48.3398,2.9052,2.9038,1.34
C,30,Y-line,14,600.0,34.9,48.3398,2.9052,2.9038,1.244
C,30,Y-line,15,600.0,37.4,48.3398,2.9052,2.9038,1.229
C,30,Y-line,16,600.0,39.8,48.3398,2.9052,2.9038,1.256
C,30,Y-line,17,600.0,42.3,48.3398,2.9052,2.9038,1.276
C,30,Y-line,18,600.0,44.8,48.3398,2.9052,2.9038,1.356
C,30,Y-line,19,600.0,47.3,48.3398,2.9052,2.9038,1.348
C,30,Y-line,20,600.0,49.8,48.3398,2.9052,2.9038,1.505
C,30,Y-line,21,600.0,52.3,48.3398,2.9052,2.9038,1.458
C,30,Y-line,22,600.0,54.8,48.0957,2.8906,2.8892,1.44
C,30,Y-line,23,600.0,57.3,48.0957,2.8906,2.8892,1.351
C,30,Y-line,24,600.0,59.8,48.0957,2.8906,2.8892,1.277
C,30,Y-line,25,600.0,62.3,48.0957,2.8906,2.8892,1.186
C,30,Y-line,26,600.0,64.7,48.0957,2.8906,2.8892,1.423
C,30,Y-line,27,600.0,67.2,48.0957,2.8906,2.8892,1.525
C,30,Y-line,28,600.0,69.7,48.0957,2.8906,2.8892,1.38
C,30,Y-line,29,600.0,72.2,48.0957,2.8906,2.8892,1.381
C,30,Y-line,30,600.0,74.7,47.8516,2.8759,2.8745,1.455
C,30,Y-line,31,600.0,77.2,47.8516,2.8759,2.8745,1.48
C,30,Y-line,32,600.0,79.7,47.6074,2.8612,2.8598,1.549
C,30,Y-line,33,600.0,82.2,47.4853,2.8539,2.8525,1.5
C,30,Y-line,34,600.0,84.7,47.2412,2.8392,2.8378,1.516
C,30,Y-line,35,600.0,87.2,47.2412,2.8392,2.8378,1.518
C,30,Y-line,36,600.0,89.6,47.2412,2.8392,2.8378,1.539
C,30,Y-line,37,600.0,92.1,47.2412,2.8392,2.8378,1.62
C,30,Y-line,38,600.0,94.6,47.2412,2.8392,2.8378,1.604
C,30,Y-line,39,600.0,97.1,47.2412,2.8392,2.8378,1.607
C,30,Y-line,40,600.0,99.6,47.2412,2.8392,2.8378,1.496
C,30,Y-line,41,600.0,102.1,47.2412,2.8392,2.8378,1.579
C,30,Y-line,42,600.0,104.6,47.2412,2.8392,2.8378,1.615
C,30,Y-line,43,600.0,107.1,47.2412,2.8392,2.8378,1.6
C,30,Y-line,44,600.0,109.6,47.2412,2.8392,2.8378,1.69
C,30,Y-line,45,600.0,112.1,47.2412,2.8392,2.8378,1.695
C,30,Y-line,46,600.0,114.5,47.2412,2.8392,2.8378,1.788
C,30,Y-line,47,600.0,117.0,47.2412,2.8392,2.8378,1.762
C,30,Y-line,48,600.0,119.5,47.2412,2.8392,2.8378,1.76
C,30,Y-line,49,600.0,122.0,47.2412,2.8392,2.8378,1.591
C,30,Y-line,50,600.0,124.5,47.2412,2.8392,2.8378,1.446
C,30,Y-line,51,600.0,127.0,47.2412,2.8392,2.8378,1.365
C,30,Y-line,52,600.0,129.5,47.2412,2.8392,2.8378,1.129
C,30,Y-line,53,600.0,132.0,47.2412,2.8392,2.8378,1.241
C,30,Y-line,54,600.0,134.5,47.2412,2.8392,2.8378,1.289
C,30,Y-line,55,600.0,137.0,47.1191,2.8319,2.8305,1.337
C,30,Y-line,56,600.0,139.4,46.9971,2.8245,2.8231,1.216
C,30,Y-line,57,600.0,141.9,46.9971,2.8245,2.8231,1.113
C,30,Y-line,58,600.0,144.4,46.9971,2.8245,2.8231,1.062
C,30,Y-line,59,600.0,146.9,46.9971,2.8245,2.8231,1.216
C,30,Y-line,60,600.0,149.4,46.9971,2.8245,2.8231,1.315
C,30,Y-line,61,600.0,151.9,46.9971,2.8245,2.8231,1.319
C,30,Y-line,62,600.0,154.4,46.9971,2.8245,2.8231,1.387
C,30,Y-line,63,600.0,156.9,46.9971,2.8245,2.8231,1.349
C,30,Y-line,64,600.0,159.4,46.9971,2.8245,2.8231,1.424
C,30,Y-line,65,600.0,161.9,46.9971,2.8245,2.8231,1.444
C,30,Y-line,66,600.0,164.3,46.9971,2.8245,2.8231,1.244
C,30,Y-line,67,600.0,166.8,46.9971,2.8245,2.8231,1.119
C,30,Y-line,68,600.0,169.3,46.9971,2.8245,2.8231,1.154
C,30,Y-line,69,600.0,171.8,46.9971,2.8245,2.8231,1.186
C,30,Y-line,70,600.0,174.3,46.9971,2.8245,2.8231,1.221
C,30,Y-line,71,600.0,176.8,46.9971,2.8245,2.8231,1.19
C,30,Y-line,72,600.0,179.3,47.2412,2.8392,2.8378,1.218
C,30,Y-line,73,600.0,181.8,47.4853,2.8539,2.8525,1.208
C,30,Y-line,74,600.0,184.3,47.7295,2.8685,2.8671,1.254
C,30,Y-line,75,600.0,186.8,47.9736,2.8832,2.8818,1.48
C,30,Y-line,76,600.0,189.2,48.0957,2.8906,2.8892,1.791
C,30,Y-line,77,600.0,191.7,48.2178,2.8979,2.8965,1.761
C,30,Y-line,78,600.0,194.2,48.2178,2.8979,2.8965,1.865
C,30,Y-line,79,600.0,196.7,48.2178,2.8979,2.8965,1.76
C,30,Y-line,80,600.0,199.2,48.2178,2.8979,2.8965,1.771
C,30,Y-line,81,600.0,201.7,48.2178,2.8979,2.8965,1.786
C,30,Y-line,82,600.0,204.2,48.2178,2.8979,2.8965,1.814
C,30,Y-line,83,600.0,206.7,48.2178,2.8979,2.8965,1.777
C,30,Y-line,84,600.0,209.2,48.3398,2.9052,2.9038,1.666
C,30,Y-line,85,600.0,211.7,48.3398,2.9052,2.9038,1.626
C,30,Y-line,86,600.0,214.1,48.4619,2.9126,2.9112,1.682
C,30,Y-line,87,600.0,216.6,48.4619,2.9126,2.9112,1.584
C,30,Y-line,88,600.0,219.1,48.4619,2.9126,2.9112,1.606
C,30,Y-line,89,600.0,221.6,48.706,2.9272,2.9258,1.519
C,30,Y-line,90,600.0,224.1,48.9502,2.9419,2.9405,1.744
C,30,Y-line,91,600.0,226.6,48.9502,2.9419,2.9405,1.835
C,30,Y-line,92,600.0,229.1,48.9502,2.9419,2.9405,1.836
C,30,Y-line,93,600.0,231.6,48.9502,2.9419,2.9405,1.906
C,30,Y-line,94,600.0,234.1,48.9502,2.9419,2.9405,1.814
C,30,Y-line,95,600.0,236.6,48.9502,2.9419,2.9405,1.757
C,30,Y-line,96,600.0,239.0,48.9502,2.9419,2.9405,1.551
C,30,Y-line,97,600.0,241.5,48.9502,2.9419,2.9405,1.578
C,30,Y-line,98,600.0,244.0,48.9502,2.9419,2.9405,1.385
C,30,Y-line,99,600.0,246.5,49.1943,2.9566,2.9552,1.56
C,30,Y-line,100,600.0,249.0,49.1943,2.9566,2.9552,1.731
C,30,Y-line,101,600.0,251.5,49.1943,2.9566,2.9552,1.783
C,30,Y-line,102,600.0,254.0,49.1943,2.9566,2.9552,1.732
C,30,Y-line,103,600.0,256.5,49.4385,2.9713,2.9699,1.672
C,30,Y-line,104,600.0,259.0,49.6826,2.9859,2.9845,1.638
C,30,Y-line,105,600.0,261.5,49.6826,2.9859,2.9845,1.622
C,30,Y-line,106,600.0,263.9,49.9268,3.0006,2.9992,1.23
C,30,Y-line,107,600.0,266.4,49.9268,3.0006,2.9992,1.345
C,30,Y-line,108,600.0,268.9,50.1709,3.0153,3.0139,1.495
C,30,Y-line,109,600.0,271.4,50.1709,3.0153,3.0139,1.707
C,30,Y-line,110,600.0,273.9,50.1709,3.0153,3.0139,1.703
C,30,Y-line,111,600.0,276.4,50.1709,3.0153,3.0139,1.839
C,30,Y-line,112,600.0,278.9,50.1709,3.0153,3.0139,1.972
C,30,Y-line,113,600.0,281.4,50.1709,3.0153,3.0139,1.791
C,30,Y-line,114,600.0,283.9,50.293,3.0226,3.0212,1.797
C,30,Y-line,115,600.0,286.4,50.293,3.0226,3.0212,1.737
C,30,Y-line,116,600.0,288.8,50.293,3.0226,3.0212,1.843
C,30,Y-line,117,600.0,291.3,50.293,3.0226,3.0212,1.904
C,30,Y-line,118,600.0,293.8,50.293,3.0226,3.0212,1.698
C,30,Y-line,119,600.0,296.3,50.293,3.0226,3.0212,1.441
C,30,Y-line,120,600.0,298.8,50.293,3.0226,3.0212,1.175
C,30,Y-line,121,600.0,301.3,50.293,3.0226,3.0212,1.009
C,30,Y-line,122,600.0,303.8,50.293,3.0226,3.0212,1.089
C,30,Y-line,123,600.0,306.3,50.293,3.0226,3.0212,1.034
C,30,Y-line,124,600.0,308.8,50.293,3.0226,3.0212,1.324
C,30,Y-line,125,600.0,311.2,50.293,3.0226,3.0212,1.58
C,30,Y-line,126,600.0,313.7,50.293,3.0226,3.0212,1.767
C,30,Y-line,127,600.0,316.2,50.293,3.0226,3.0212,1.78
C,30,Y-line,128,600.0,318.7,50.293,3.0226,3.0212,1.838
C,30,Y-line,129,600.0,321.2,50.293,3.0226,3.0212,1.751
C,30,Y-line,130,600.0,323.7,50.293,3.0226,3.0212,1.662
C,30,Y-line,131,600.0,326.2,50.293,3.0226,3.0212,1.68
C,30,Y-line,132,600.0,328.7,50.293,3.0226,3.0212,1.585
C,30,Y-line,133,600.0,331.2,50.293,3.0226,3.0212,1.577
C,30,Y-line,134,600.0,333.7,50.293,3.0226,3.0212,1.5
C,30,Y-line,135,600.0,336.2,50.293,3.0226,3.0212,1.405
C,30,Y-line,136,600.0,338.6,50.293,3.0226,3.0212,1.333
C,30,Y-line,137,600.0,341.1,50.293,3.0226,3.0212,1.3
C,30,Y-line,138,600.0,343.6,50.293,3.0226,3.0212,1.176
C,30,Y-line,139,600.0,346.1,50.293,3.0226,3.0212,1.118
C,30,Y-line,140,600.0,348.6,50.293,3.0226,3.0212,1.043
C,30,Y-line,141,600.0,351.1,50.293,3.0226,3.0212,1.052
C,30,Y-line,142,600.0,353.6,50.293,3.0226,3.0212,1.134
C,30,Y-line,143,600.0,356.1,50.293,3.0226,3.0212,1.225
C,30,Y-line,144,600.0,358.6,50.293,3.0226,3.0212,1.073
C,30,Y-line,145,600.0,361.1,50.293,3.0226,3.0212,0.963
C,30,Y-line,146,600.0,363.5,50.293,3.0226,3.0212,0.984
C,30,Y-line,147,600.0,366.0,50.293,3.0226,3.0212,1.026
C,30,Y-line,148,600.0,368.5,50.293,3.0226,3.0212,1.086
C,30,Y-line,149,600.0,371.0,50.293,3.0226,3.0212,1.234
C,30,Y-line,150,600.0,373.5,50.293,3.0226,3.0212,1.209
C,30,Y-line,151,600.0,376.0,50.293,3.0226,3.0212,1.27
C,30,Y-line,152,600.0,378.5,50.293,3.0226,3.0212,1.211
C,30,Y-line,153,600.0,381.0,50.293,3.0226,3.0212,1.209
C,30,Y-line,154,600.0,383.5,50.293,3.0226,3.0212,1.092
C,30,Y-line,155,600.0,386.0,50.293,3.0226,3.0212,1.011
C,30,Y-line,156,600.0,388.4,50.293,3.0226,3.0212,0.938
C,30,Y-line,157,600.0,390.9,50.293,3.0226,3.0212,1.011
C,30,Y-line,158,600.0,393.4,50.293,3.0226,3.0212,0.967
C,30,Y-line,159,600.0,395.9,50.293,3.0226,3.0212,1.248
C,30,Y-line,160,600.0,398.4,50.293,3.0226,3.0212,1.304
C,30,Y-line,161,600.0,400.9,50.293,3.0226,3.0212,1.498
C,30,Y-line,162,600.0,403.4,50.293,3.0226,3.0212,1.635
C,30,Y-line,163,600.0,405.9,50.293,3.0226,3.0212,1.734
C,30,Y-line,164,600.0,408.4,50.293,3.0226,3.0212,1.591
C,30,Y-line,165,600.0,410.9,50.293,3.0226,3.0212,1.504
C,30,Y-line,166,600.0,413.3,50.293,3.0226,3.0212,1.484
C,30,Y-line,167,600.0,415.8,50.293,3.0226,3.0212,1.408
C,30,Y-line,168,600.0,418.3,50.293,3.0226,3.0212,1.319
C,30,Y-line,169,600.0,420.8,50.293,3.0226,3.0212,1.33
C,30,Y-line,170,600.0,423.3,50.293,3.0226,3.0212,1.229
C,30,Y-line,171,600.0,425.8,50.293,3.0226,3.0212,1.312
C,30,Y-line,172,600.0,428.3,50.293,3.0226,3.0212,1.434
C,30,Y-line,173,600.0,430.8,50.293,3.0226,3.0212,1.507
C,30,Y-line,174,600.0,433.3,50.293,3.0226,3.0212,1.443
C,30,Y-line,175,600.0,435.8,50.293,3.0226,3.0212,1.458
C,30,Y-line,176,600.0,438.2,50.293,3.0226,3.0212,1.353
C,30,Y-line,177,600.0,440.7,50.293,3.0226,3.0212,1.525
C,30,Y-line,178,600.0,443.2,50.293,3.0226,3.0212,1.675
C,30,Y-line,179,600.0,445.7,50.293,3.0226,3.0212,1.689
C,30,Y-line,180,600.0,448.2,50.293,3.0226,3.0212,1.604
C,30,Y-line,181,600.0,450.7,50.293,3.0226,3.0212,1.643
C,30,Y-line,182,600.0,453.2,50.293,3.0226,3.0212,1.573
C,30,Y-line,183,600.0,455.7,50.293,3.0226,3.0212,1.619
C,30,Y-line,184,600.0,458.2,50.293,3.0226,3.0212,1.604
C,30,Y-line,185,600.0,460.7,50.293,3.0226,3.0212,1.444
C,30,Y-line,186,600.0,463.1,50.415,3.0299,3.0285,1.379
C,30,Y-line,187,600.0,465.6,50.6592,3.0446,3.0432,1.354
C,30,Y-line,188,600.0,468.1,50.9033,3.0593,3.0579,1.282
C,30,Y-line,189,600.0,470.6,51.1475,3.074,3.0726,1.297
C,30,Y-line,190,600.0,473.1,51.3916,3.0886,3.0872,1.381
C,30,Y-line,191,600.0,475.6,51.5137,3.096,3.0946,1.456
C,30,Y-line,192,600.0,478.1,51.5137,3.096,3.0946,1.448
C,30,Y-line,193,600.0,480.6,51.5137,3.096,3.0946,1.337
C,30,Y-line,194,600.0,483.1,51.5137,3.096,3.0946,1.35
C,30,Y-line,195,600.0,485.6,51.5137,3.096,3.0946,1.357
C,30,Y-line,196,600.0,488.0,51.5137,3.096,3.0946,1.373
C,30,Y-line,197,600.0,490.5,51.5137,3.096,3.0946,1.528
C,30,Y-line,198,600.0,493.0,51.5137,3.096,3.0946,1.676
C,30,Y-line,199,600.0,495.5,51.5137,3.096,3.0946,1.536
C,30,Y-line,200,600.0,498.0,51.5137,3.096,3.0946,1.547
C,30,Y-line,201,600.0,500.5,51.5137,3.096,3.0946,1.697
C,30,Y-line,202,600.0,503.0,51.5137,3.096,3.0946,1.52
C,30,Y-line,203,600.0,505.5,51.5137,3.096,3.0946,1.656
C,30,Y-line,204,600.0,508.0,51.5137,3.096,3.0946,1.752
C,30,Y-line,205,600.0,510.5,51.5137,3.096,3.0946,1.613
C,30,Y-line,206,600.0,512.9,51.5137,3.096,3.0946,1.476
C,30,Y-line,207,600.0,515.4,51.5137,3.096,3.0946,1.525
C,30,Y-line,208,600.0,517.9,51.5137,3.096,3.0946,1.709
C,30,Y-line,209,600.0,520.4,51.5137,3.096,3.0946,1.73
C,30,Y-line,210,600.0,522.9,51.5137,3.096,3.0946,1.794
C,30,Y-line,211,600.0,525.4,51.5137,3.096,3.0946,1.614
C,30,Y-line,212,600.0,527.9,51.5137,3.096,3.0946,1.589
C,30,Y-line,213,600.0,530.4,51.5137,3.096,3.0946,1.383
C,30,Y-line,214,600.0,532.9,51.5137,3.096,3.0946,1.798
C,30,Y-line,215,600.0,535.4,51.5137,3.096,3.0946,1.842
C,30,Y-line,216,600.0,537.8,51.2695,3.0813,3.0799,1.372
C,30,Y-line,217,600.0,540.3,51.0254,3.0666,3.0652,0.924
C,30,Y-line,218,600.0,542.8,50.7812,3.052,3.0506,0.78
C,30,Y-line,219,600.0,545.3,50.5371,3.0373,3.0359,1.17
C,30,Y-line,220,600.0,547.8,50.293,3.0226,3.0212,1.391
C,30,Y-line,221,600.0,550.3,50.0488,3.0079,3.0065,1.489
C,30,Y-line,222,600.0,552.8,49.8047,2.9933,2.9919,1.012
C,30,Y-line,223,600.0,555.3,49.5605,2.9786,2.9772,0.909
C,30,Y-line,224,600.0,557.8,49.3164,2.9639,2.9625,0.965
C,30,Y-line,225,600.0,560.2,49.0723,2.9492,2.9478,1.002
C,30,Y-line,226,600.0,562.7,48.8281,2.9346,2.9332,1.214
C,30,Y-line,227,600.0,565.2,48.8281,2.9346,2.9332,1.205
C,30,Y-line,228,600.0,567.7,48.8281,2.9346,2.9332,1.29
C,30,Y-line,229,600.0,570.2,48.8281,2.9346,2.9332,1.275
C,30,Y-line,230,600.0,572.7,48.8281,2.9346,2.9332,1.257
C,30,Y-line,231,600.0,575.2,48.8281,2.9346,2.9332,1.364
C,30,Y-line,232,600.0,577.7,48.8281,2.9346,2.9332,1.376
C,30,Y-line,233,600.0,580.2,48.8281,2.9346,2.9332,1.321
C,30,Y-line,234,600.0,582.7,48.8281,2.9346,2.9332,1.403
C,30,Y-line,235,600.0,585.2,48.8281,2.9346,2.9332,1.419
C,30,Y-line,236,600.0,587.6,48.8281,2.9346,2.9332,1.469
C,30,Y-line,237,600.0,590.1,48.8281,2.9346,2.9332,1.483
C,30,Y-line,238,600.0,592.6,48.8281,2.9346,2.9332,1.519
C,30,Y-line,239,600.0,595.1,48.8281,2.9346,2.9332,1.572
C,30,Y-line,240,600.0,597.6,48.8281,2.9346,2.9332,1.518
C,30,Y-line,241,600.0,600.1,48.8281,2.9346,2.9332,1.368
C,30,Y-line,242,600.0,602.6,49.0723,2.9492,2.9478,1.182
C,30,Y-line,243,600.0,605.1,49.3164,2.9639,2.9625,0.938
C,30,Y-line,244,600.0,607.6,49.5605,2.9786,2.9772,0.827
C,30,Y-line,245,600.0,610.1,49.8047,2.9933,2.9919,0.955
C,30,Y-line,246,600.0,612.5,49.8047,2.9933,2.9919,1.035
C,30,Y-line,247,600.0,615.0,49.8047,2.9933,2.9919,1.088
C,30,Y-line,248,600.0,617.5,49.8047,2.9933,2.9919,1.102
C,30,Y-line,249,600.0,620.0,49.8047,2.9933,2.9919,1.109
C,30,Y-line,250,600.0,622.5,49.8047,2.9933,2.9919,1.072
C,30,Y-line,251,600.0,625.0,49.8047,2.9933,2.9919,1.071
C,30,Y-line,252,600.0,627.5,49.8047,2.9933,2.9919,1.033
C,30,Y-line,253,600.0,630.0,49.8047,2.9933,2.9919,1.015
C,30,Y-line,254,600.0,632.5,49.8047,2.9933,2.9919,1.114
C,30,Y-line,255,600.0,635.0,49.8047,2.9933,2.9919,1.191
C,30,Y-line,256,600.0,637.4,49.8047,2.9933,2.9919,1.204
C,30,Y-line,257,600.0,639.9,49.8047,2.9933,2.9919,1.448
C,30,Y-line,258,600.0,642.4,49.8047,2.9933,2.9919,1.534
C,30,Y-line,259,600.0,644.9,49.8047,2.9933,2.9919,1.63
C,30,Y-line,260,600.0,647.4,49.8047,2.9933,2.9919,1.695
C,30,Y-line,261,600.0,649.9,49.8047,2.9933,2.9919,1.599
C,30,Y-line,262,600.0,652.4,49.8047,2.9933,2.9919,1.651
C,30,Y-line,263,600.0,654.9,49.8047,2.9933,2.9919,1.681
C,30,Y-line,264,600.0,657.4,49.8047,2.9933,2.9919,1.685
C,30,Y-line,265,600.0,659.9,49.8047,2.9933,2.9919,1.737
C,30,Y-line,266,600.0,662.3,49.8047,2.9933,2.9919,1.709
C,30,Y-line,267,600.0,664.8,49.8047,2.9933,2.9919,1.576
C,30,Y-line,268,600.0,667.3,49.8047,2.9933,2.9919,1.791
C,30,Y-line,269,600.0,669.8,49.8047,2.9933,2.9919,1.653
C,30,Y-line,270,600.0,672.3,50.0488,3.0079,3.0065,1.612
C,30,Y-line,271,600.0,674.8,50.0488,3.0079,3.0065,1.698
C,30,Y-line,272,600.0,677.3,50.0488,3.0079,3.0065,1.452
C,30,Y-line,273,600.0,679.8,50.293,3.0226,3.0212,1.701
C,30,Y-line,274,600.0,682.3,50.5371,3.0373,3.0359,1.47
C,30,Y-line,275,600.0,684.8,50.5371,3.0373,3.0359,1.365
C,30,Y-line,276,600.0,687.2,50.5371,3.0373,3.0359,1.303
C,30,Y-line,277,600.0,689.7,50.5371,3.0373,3.0359,1.416
C,30,Y-line,278,600.0,692.2,50.7812,3.052,3.0506,1.217
C,30,Y-line,279,600.0,694.7,51.0254,3.0666,3.0652,1.766
C,30,Y-line,280,600.0,697.2,51.0254,3.0666,3.0652,1.292
C,30,Y-line,281,600.0,699.7,51.2695,3.0813,3.0799,1.693
C,30,Y-line,282,600.0,702.2,51.2695,3.0813,3.0799,1.712
C,30,Y-line,283,600.0,704.7,51.2695,3.0813,3.0799,1.709
C,30,Y-line,284,600.0,707.2,51.5137,3.096,3.0946,1.644
C,30,Y-line,285,600.0,709.7,51.7578,3.1106,3.1092,1.509
C,30,Y-line,286,600.0,712.1,51.7578,3.1106,3.1092,1.996
C,30,Y-line,287,600.0,714.6,51.7578,3.1106,3.1092,2.206
C,30,Y-line,288,600.0,717.1,52.0019,3.1253,3.1239,2.047
C,30,Y-line,289,600.0,719.6,52.2461,3.14,3.1386,2.122
C,30,Y-line,290,600.0,722.1,52.3682,3.1473,3.1459,1.93
C,30,Y-line,291,600.0,724.6,52.3682,3.1473,3.1459,2.163
C,30,Y-line,292,600.0,727.1,52.4902,3.1547,3.1533,2.221
C,30,Y-line,293,600.0,729.6,52.4902,3.1547,3.1533,2.212
C,30,Y-line,294,600.0,732.1,52.7344,3.1693,3.1679,2.028
C,30,Y-line,295,600.0,734.6,52.7344,3.1693,3.1679,1.678
C,30,Y-line,296,600.0,737.0,52.8564,3.1767,3.1753,1.692
C,30,Y-line,297,600.0,739.5,52.9785,3.184,3.1826,1.421
C,30,Y-line,298,600.0,742.0,52.9785,3.184,3.1826,1.212
C,30,Y-line,299,600.0,744.5,53.2227,3.1987,3.1973,1.419
C,30,Y-line,300,600.0,747.0,53.4668,3.2134,3.212,1.323
C,30,Y-line,301,600.0,749.5,53.7109,3.228,3.2266,1.523
C,30,Y-line,302,600.0,752.0,53.9551,3.2427,3.2413,1.329
C,30,Y-line,303,600.0,754.5,54.1992,3.2574,3.256,1.207
C,30,Y-line,304,600.0,757.0,54.4434,3.272,3.2706,1.284
C,30,Y-line,305,600.0,759.5,54.4434,3.272,3.2706,1.53
C,30,Y-line,306,600.0,761.9,54.5654,3.2794,3.278,1.65
C,30,Y-line,307,600.0,764.4,54.6875,3.2867,3.2853,1.543
C,30,Y-line,308,600.0,766.9,54.6875,3.2867,3.2853,1.447
C,30,Y-line,309,600.0,769.4,54.6875,3.2867,3.2853,1.844
C,30,Y-line,310,600.0,771.9,54.6875,3.2867,3.2853,1.813
C,30,Y-line,311,600.0,774.4,54.6875,3.2867,3.2853,1.937
C,30,Y-line,312,600.0,776.9,54.6875,3.2867,3.2853,1.625
C,30,Y-line,313,600.0,779.4,54.6875,3.2867,3.2853,2.011
C,30,Y-line,314,600.0,781.9,54.6875,3.2867,3.2853,1.628
C,30,Y-line,315,600.0,784.4,54.6875,3.2867,3.2853,1.89
C,30,Y-line,316,600.0,786.8,54.6875,3.2867,3.2853,1.73
C,30,Y-line,317,600.0,789.3,54.6875,3.2867,3.2853,1.919
C,30,Y-line,318,600.0,791.8,54.6875,3.2867,3.2853,1.641
C,30,Y-line,319,600.0,794.3,54.6875,3.2867,3.2853,1.598
C,31,Y-line,0,650.0,0.0,44.0674,2.6484,2.7716,1.407
C,31,Y-line,1,650.0,2.5,44.0674,2.6484,2.7716,1.54
C,31,Y-line,2,650.0,5.0,44.0674,2.6484,2.7716,1.727
C,31,Y-line,3,650.0,7.5,44.0674,2.6484,2.7716,1.819
C,31,Y-line,4,650.0,10.0,44.0674,2.6484,2.7716,2.111
C,31,Y-line,5,650.0,12.5,44.0674,2.6484,2.7716,2.071
C,31,Y-line,6,650.0,14.9,44.0674,2.6484,2.7716,1.94
C,31,Y-line,7,650.0,17.4,44.0674,2.6484,2.7716,1.618
C,31,Y-line,8,650.0,19.9,44.0674,2.6484,2.7716,1.43
C,31,Y-line,9,650.0,22.4,44.0674,2.6484,2.7716,1.256
C,31,Y-line,10,650.0,24.9,44.0674,2.6484,2.7716,1.178
C,31,Y-line,11,650.0,27.4,44.0674,2.6484,2.7716,1.147
C,31,Y-line,12,650.0,29.9,44.0674,2.6484,2.7716,1.076
C,31,Y-line,13,650.0,32.4,44.0674,2.6484,2.7716,1.116
C,31,Y-line,14,650.0,34.9,44.0674,2.6484,2.7716,1.196
C,31,Y-line,15,650.0,37.4,44.0674,2.6484,2.7716,1.202
C,31,Y-line,16,650.0,39.8,44.0674,2.6484,2.7716,1.268
C,31,Y-line,17,650.0,42.3,44.0674,2.6484,2.7716,1.286
C,31,Y-line,18,650.0,44.8,44.0674,2.6484,2.7716,1.419
C,31,Y-line,19,650.0,47.3,44.0674,2.6484,2.7716,1.443
C,31,Y-line,20,650.0,49.8,44.0674,2.6484,2.7716,1.498
C,31,Y-line,21,650.0,52.3,44.0674,2.6484,2.7716,1.589
C,31,Y-line,22,650.0,54.8,44.1894,2.6558,2.779,1.531
C,31,Y-line,23,650.0,57.3,44.1894,2.6558,2.779,1.715
C,31,Y-line,24,650.0,59.8,44.1894,2.6558,2.779,1.843
C,31,Y-line,25,650.0,62.3,44.1894,2.6558,2.779,1.757
C,31,Y-line,26,650.0,64.7,44.1894,2.6558,2.779,1.951
C,31,Y-line,27,650.0,67.2,44.1894,2.6558,2.779,1.579
C,31,Y-line,28,650.0,69.7,44.1894,2.6558,2.779,1.62
C,31,Y-line,29,650.0,72.2,44.1894,2.6558,2.779,1.316
C,31,Y-line,30,650.0,74.7,44.1894,2.6558,2.779,1.327
C,31,Y-line,31,650.0,77.2,44.1894,2.6558,2.779,1.112
C,31,Y-line,32,650.0,79.7,44.1894,2.6558,2.779,0.94
C,31,Y-line,33,650.0,82.2,44.1894,2.6558,2.779,0.854
C,31,Y-line,34,650.0,84.7,44.1894,2.6558,2.779,0.754
C,31,Y-line,35,650.0,87.2,44.1894,2.6558,2.779,0.797
C,31,Y-line,36,650.0,89.6,44.1894,2.6558,2.779,0.774
C,31,Y-line,37,650.0,92.1,44.1894,2.6558,2.779,0.645
C,31,Y-line,38,650.0,94.6,44.1894,2.6558,2.779,0.685
C,31,Y-line,39,650.0,97.1,44.1894,2.6558,2.779,0.797
C,31,Y-line,40,650.0,99.6,44.1894,2.6558,2.779,1.058
C,31,Y-line,41,650.0,102.1,44.1894,2.6558,2.779,1.137
C,31,Y-line,42,650.0,104.6,44.1894,2.6558,2.779,1.222
C,31,Y-line,43,650.0,107.1,44.1894,2.6558,2.779,1.087
C,31,Y-line,44,650.0,109.6,44.1894,2.6558,2.779,1.154
C,31,Y-line,45,650.0,112.1,44.1894,2.6558,2.779,1.15
C,31,Y-line,46,650.0,114.5,44.1894,2.6558,2.779,1.124
C,31,Y-line,47,650.0,117.0,44.1894,2.6558,2.779,1.092
C,31,Y-line,48,650.0,119.5,44.1894,2.6558,2.779,1.081
C,31,Y-line,49,650.0,122.0,44.1894,2.6558,2.779,1.018
C,31,Y-line,50,650.0,124.5,44.1894,2.6558,2.779,1.13
C,31,Y-line,51,650.0,127.0,44.3115,2.6631,2.7863,1.225
C,31,Y-line,52,650.0,129.5,44.5557,2.6778,2.801,1.411
C,31,Y-line,53,650.0,132.0,44.5557,2.6778,2.801,1.491
C,31,Y-line,54,650.0,134.5,44.7998,2.6925,2.8157,1.39
C,31,Y-line,55,650.0,137.0,45.0439,2.7071,2.8303,1.165
C,31,Y-line,56,650.0,139.4,45.2881,2.7218,2.845,1.123
C,31,Y-line,57,650.0,141.9,45.5322,2.7365,2.8597,1.124
C,31,Y-line,58,650.0,144.4,45.7764,2.7512,2.8744,1.363
C,31,Y-line,59,650.0,146.9,46.0205,2.7658,2.889,1.627
C,31,Y-line,60,650.0,149.4,46.2646,2.7805,2.9037,1.79
C,31,Y-line,61,650.0,151.9,46.2646,2.7805,2.9037,1.868
C,31,Y-line,62,650.0,154.4,46.3867,2.7878,2.911,1.782
C,31,Y-line,63,650.0,156.9,46.5088,2.7952,2.9184,1.649
C,31,Y-line,64,650.0,159.4,46.7529,2.8099,2.9331,1.589
C,31,Y-line,65,650.0,161.9,46.875,2.8172,2.9404,1.48
C,31,Y-line,66,650.0,164.3,46.9971,2.8245,2.9477,1.686
C,31,Y-line,67,650.0,166.8,46.9971,2.8245,2.9477,1.737
C,31,Y-line,68,650.0,169.3,46.9971,2.8245,2.9477,1.761
C,31,Y-line,69,650.0,171.8,46.9971,2.8245,2.9477,1.667
C,31,Y-line,70,650.0,174.3,46.9971,2.8245,2.9477,1.608
C,31,Y-line,71,650.0,176.8,47.2412,2.8392,2.9624,1.43
C,31,Y-line,72,650.0,179.3,47.2412,2.8392,2.9624,1.407
C,31,Y-line,73,650.0,181.8,47.2412,2.8392,2.9624,1.417
C,31,Y-line,74,650.0,184.3,47.2412,2.8392,2.9624,1.56
C,31,Y-line,75,650.0,186.8,47.2412,2.8392,2.9624,1.466
C,31,Y-line,76,650.0,189.2,47.2412,2.8392,2.9624,1.461
C,31,Y-line,77,650.0,191.7,47.2412,2.8392,2.9624,1.423
C,31,Y-line,78,650.0,194.2,47.2412,2.8392,2.9624,1.363
C,31,Y-line,79,650.0,196.7,47.2412,2.8392,2.9624,1.373
C,31,Y-line,80,650.0,199.2,47.2412,2.8392,2.9624,1.319
C,31,Y-line,81,650.0,201.7,47.2412,2.8392,2.9624,1.249
C,31,Y-line,82,650.0,204.2,47.2412,2.8392,2.9624,1.266
C,31,Y-line,83,650.0,206.7,47.2412,2.8392,2.9624,1.44
C,31,Y-line,84,650.0,209.2,47.2412,2.8392,2.9624,1.437
C,31,Y-line,85,650.0,211.7,47.2412,2.8392,2.9624,1.432
C,31,Y-line,86,650.0,214.1,47.2412,2.8392,2.9624,1.402
C,31,Y-line,87,650.0,216.6,47.2412,2.8392,2.9624,1.422
C,31,Y-line,88,650.0,219.1,47.2412,2.8392,2.9624,1.321
C,31,Y-line,89,650.0,221.6,47.2412,2.8392,2.9624,1.363
C,31,Y-line,90,650.0,224.1,47.2412,2.8392,2.9624,1.543
C,31,Y-line,91,650.0,226.6,47.2412,2.8392,2.9624,1.554
C,31,Y-line,92,650.0,229.1,47.2412,2.8392,2.9624,1.595
C,31,Y-line,93,650.0,231.6,47.2412,2.8392,2.9624,1.635
C,31,Y-line,94,650.0,234.1,47.2412,2.8392,2.9624,1.581
C,31,Y-line,95,650.0,236.6,47.2412,2.8392,2.9624,1.522
C,31,Y-line,96,650.0,239.0,47.2412,2.8392,2.9624,1.433
C,31,Y-line,97,650.0,241.5,47.2412,2.8392,2.9624,1.347
C,31,Y-line,98,650.0,244.0,47.2412,2.8392,2.9624,1.505
C,31,Y-line,99,650.0,246.5,47.2412,2.8392,2.9624,1.425
C,31,Y-line,100,650.0,249.0,47.1191,2.8319,2.9551,1.652
C,31,Y-line,101,650.0,251.5,47.1191,2.8319,2.9551,1.669
C,31,Y-line,102,650.0,254.0,46.875,2.8172,2.9404,1.613
C,31,Y-line,103,650.0,256.5,46.875,2.8172,2.9404,1.552
C,31,Y-line,104,650.0,259.0,46.7529,2.8099,2.9331,1.638
C,31,Y-line,105,650.0,261.5,46.7529,2.8099,2.9331,1.558
C,31,Y-line,106,650.0,263.9,46.7529,2.8099,2.9331,1.46
C,31,Y-line,107,650.0,266.4,46.7529,2.8099,2.9331,1.48
C,31,Y-line,108,650.0,268.9,46.7529,2.8099,2.9331,1.458
C,31,Y-line,109,650.0,271.4,46.7529,2.8099,2.9331,1.487
C,31,Y-line,110,650.0,273.9,46.7529,2.8099,2.9331,1.498
C,31,Y-line,111,650.0,276.4,46.7529,2.8099,2.9331,1.506
C,31,Y-line,112,650.0,278.9,46.7529,2.8099,2.9331,1.587
C,31,Y-line,113,650.0,281.4,46.7529,2.8099,2.9331,1.534
C,31,Y-line,114,650.0,283.9,46.7529,2.8099,2.9331,1.471
C,31,Y-line,115,650.0,286.4,46.7529,2.8099,2.9331,1.349
C,31,Y-line,116,650.0,288.8,46.7529,2.8099,2.9331,1.35
C,31,Y-line,117,650.0,291.3,46.7529,2.8099,2.9331,1.327
C,31,Y-line,118,650.0,293.8,46.7529,2.8099,2.9331,1.384
C,31,Y-line,119,650.0,296.3,46.7529,2.8099,2.9331,1.294
C,31,Y-line,120,650.0,298.8,46.7529,2.8099,2.9331,1.327
C,31,Y-line,121,650.0,301.3,46.7529,2.8099,2.9331,1.333
C,31,Y-line,122,650.0,303.8,46.5088,2.7952,2.9184,1.432
C,31,Y-line,123,650.0,306.3,46.5088,2.7952,2.9184,1.436
C,31,Y-line,124,650.0,308.8,46.3867,2.7878,2.911,1.348
C,31,Y-line,125,650.0,311.2,46.2646,2.7805,2.9037,1.273
C,31,Y-line,126,650.0,313.7,46.2646,2.7805,2.9037,1.311
C,31,Y-line,127,650.0,316.2,46.2646,2.7805,2.9037,1.392
C,31,Y-line,128,650.0,318.7,46.2646,2.7805,2.9037,1.262
C,31,Y-line,129,650.0,321.2,46.2646,2.7805,2.9037,1.329
C,31,Y-line,130,650.0,323.7,46.2646,2.7805,2.9037,0.867
C,31,Y-line,131,650.0,326.2,46.2646,2.7805,2.9037,0.944
C,31,Y-line,132,650.0,328.7,46.2646,2.7805,2.9037,0.928
C,31,Y-line,133,650.0,331.2,46.2646,2.7805,2.9037,0.995
C,31,Y-line,134,650.0,333.7,46.2646,2.7805,2.9037,1.058
C,31,Y-line,135,650.0,336.2,46.2646,2.7805,2.9037,1.012
C,31,Y-line,136,650.0,338.6,46.2646,2.7805,2.9037,0.943
C,31,Y-line,137,650.0,341.1,46.2646,2.7805,2.9037,0.85
C,31,Y-line,138,650.0,343.6,46.2646,2.7805,2.9037,0.756
C,31,Y-line,139,650.0,346.1,46.2646,2.7805,2.9037,0.788
C,31,Y-line,140,650.0,348.6,46.2646,2.7805,2.9037,0.943
C,31,Y-line,141,650.0,351.1,46.2646,2.7805,2.9037,1.075
C,31,Y-line,142,650.0,353.6,46.2646,2.7805,2.9037,1.26
C,31,Y-line,143,650.0,356.1,46.3867,2.7878,2.911,1.617
C,31,Y-line,144,650.0,358.6,46.3867,2.7878,2.911,1.537
C,31,Y-line,145,650.0,361.1,46.6309,2.8025,2.9257,1.416
C,31,Y-line,146,650.0,363.5,46.6309,2.8025,2.9257,1.389
C,31,Y-line,147,650.0,366.0,46.7529,2.8099,2.9331,1.546
C,31,Y-line,148,650.0,368.5,46.9971,2.8245,2.9477,1.418
C,31,Y-line,149,650.0,371.0,47.2412,2.8392,2.9624,1.521
C,31,Y-line,150,650.0,373.5,47.3633,2.8465,2.9697,1.748
C,31,Y-line,151,650.0,376.0,47.3633,2.8465,2.9697,1.855
C,31,Y-line,152,650.0,378.5,47.3633,2.8465,2.9697,1.874
C,31,Y-line,153,650.0,381.0,47.3633,2.8465,2.9697,1.792
C,31,Y-line,154,650.0,383.5,47.3633,2.8465,2.9697,1.727
C,31,Y-line,155,650.0,386.0,47.3633,2.8465,2.9697,1.61
C,31,Y-line,156,650.0,388.4,47.3633,2.8465,2.9697,1.528
C,31,Y-line,157,650.0,390.9,47.3633,2.8465,2.9697,1.505
C,31,Y-line,158,650.0,393.4,47.6074,2.8612,2.9844,1.47
C,31,Y-line,159,650.0,395.9,47.8516,2.8759,2.9991,1.454
C,31,Y-line,160,650.0,398.4,47.9736,2.8832,3.0064,1.419
C,31,Y-line,161,650.0,400.9,48.2178,2.8979,3.0211,1.456
C,31,Y-line,162,650.0,403.4,48.3398,2.9052,3.0284,1.457
C,31,Y-line,163,650.0,405.9,48.3398,2.9052,3.0284,1.421
C,31,Y-line,164,650.0,408.4,48.3398,2.9052,3.0284,1.347
C,31,Y-line,165,650.0,410.9,48.3398,2.9052,3.0284,1.332
C,31,Y-line,166,650.0,413.3,48.3398,2.9052,3.0284,1.38
C,31,Y-line,167,650.0,415.8,48.3398,2.9052,3.0284,1.539
C,31,Y-line,168,650.0,418.3,48.3398,2.9052,3.0284,1.603
C,31,Y-line,169,650.0,420.8,48.3398,2.9052,3.0284,1.629
C,31,Y-line,170,650.0,423.3,48.3398,2.9052,3.0284,1.76
C,31,Y-line,171,650.0,425.8,48.3398,2.9052,3.0284,1.689
C,31,Y-line,172,650.0,428.3,48.3398,2.9052,3.0284,1.656
C,31,Y-line,173,650.0,430.8,48.3398,2.9052,3.0284,1.464
C,31,Y-line,174,650.0,433.3,48.3398,2.9052,3.0284,1.367
C,31,Y-line,175,650.0,435.8,48.3398,2.9052,3.0284,1.272
C,31,Y-line,176,650.0,438.2,48.3398,2.9052,3.0284,1.195
C,31,Y-line,177,650.0,440.7,48.3398,2.9052,3.0284,1.052
C,31,Y-line,178,650.0,443.2,48.3398,2.9052,3.0284,1.186
C,31,Y-line,179,650.0,445.7,48.3398,2.9052,3.0284,1.198
C,31,Y-line,180,650.0,448.2,48.3398,2.9052,3.0284,1.288
C,31,Y-line,181,650.0,450.7,48.3398,2.9052,3.0284,1.272
C,31,Y-line,182,650.0,453.2,48.3398,2.9052,3.0284,1.312
C,31,Y-line,183,650.0,455.7,48.2178,2.8979,3.0211,1.119
C,31,Y-line,184,650.0,458.2,47.9736,2.8832,3.0064,0.828
C,31,Y-line,185,650.0,460.7,47.7295,2.8685,2.9917,0.648
C,31,Y-line,186,650.0,463.1,47.4853,2.8539,2.9771,0.727
C,31,Y-line,187,650.0,465.6,47.2412,2.8392,2.9624,1.021
C,31,Y-line,188,650.0,468.1,46.9971,2.8245,2.9477,1.34
C,31,Y-line,189,650.0,470.6,46.9971,2.8245,2.9477,1.541
C,31,Y-line,190,650.0,473.1,46.9971,2.8245,2.9477,1.744
C,31,Y-line,191,650.0,475.6,46.9971,2.8245,2.9477,1.999
C,31,Y-line,192,650.0,478.1,46.9971,2.8245,2.9477,2.088
C,31,Y-line,193,650.0,480.6,46.9971,2.8245,2.9477,1.98
C,31,Y-line,194,650.0,483.1,46.9971,2.8245,2.9477,1.843
C,31,Y-line,195,650.0,485.6,46.9971,2.8245,2.9477,1.72
C,31,Y-line,196,650.0,488.0,46.9971,2.8245,2.9477,1.65
C,31,Y-line,197,650.0,490.5,46.9971,2.8245,2.9477,1.62
C,31,Y-line,198,650.0,493.0,46.9971,2.8245,2.9477,1.633
C,31,Y-line,199,650.0,495.5,46.9971,2.8245,2.9477,1.634
C,31,Y-line,200,650.0,498.0,46.9971,2.8245,2.9477,1.658
C,31,Y-line,201,650.0,500.5,46.9971,2.8245,2.9477,1.737
C,31,Y-line,202,650.0,503.0,46.9971,2.8245,2.9477,1.815
C,31,Y-line,203,650.0,505.5,46.9971,2.8245,2.9477,1.735
C,31,Y-line,204,650.0,508.0,46.9971,2.8245,2.9477,1.793
C,31,Y-line,205,650.0,510.5,46.9971,2.8245,2.9477,1.915
C,31,Y-line,206,650.0,512.9,46.9971,2.8245,2.9477,1.944
C,31,Y-line,207,650.0,515.4,46.9971,2.8245,2.9477,1.983
C,31,Y-line,208,650.0,517.9,46.9971,2.8245,2.9477,2.026
C,31,Y-line,209,650.0,520.4,46.9971,2.8245,2.9477,2.1
C,31,Y-line,210,650.0,522.9,46.9971,2.8245,2.9477,2.084
C,31,Y-line,211,650.0,525.4,46.9971,2.8245,2.9477,2.007
C,31,Y-line,212,650.0,527.9,46.9971,2.8245,2.9477,1.873
C,31,Y-line,213,650.0,530.4,46.9971,2.8245,2.9477,1.749
C,31,Y-line,214,650.0,532.9,46.9971,2.8245,2.9477,1.513
C,31,Y-line,215,650.0,535.4,46.9971,2.8245,2.9477,1.284
C,31,Y-line,216,650.0,537.8,46.9971,2.8245,2.9477,1.326
C,31,Y-line,217,650.0,540.3,46.9971,2.8245,2.9477,1.105
C,31,Y-line,218,650.0,542.8,46.9971,2.8245,2.9477,1.273
C,31,Y-line,219,650.0,545.3,47.2412,2.8392,2.9624,1.006
C,31,Y-line,220,650.0,547.8,47.4853,2.8539,2.9771,0.962
C,31,Y-line,221,650.0,550.3,47.7295,2.8685,2.9917,1.109
C,31,Y-line,222,650.0,552.8,47.9736,2.8832,3.0064,1.127
C,31,Y-line,223,650.0,555.3,47.9736,2.8832,3.0064,1.237
C,31,Y-line,224,650.0,557.8,47.9736,2.8832,3.0064,1.427
C,31,Y-line,225,650.0,560.2,47.9736,2.8832,3.0064,1.479
C,31,Y-line,226,650.0,562.7,47.9736,2.8832,3.0064,1.484
C,31,Y-line,227,650.0,565.2,47.9736,2.8832,3.0064,1.366
C,31,Y-line,228,650.0,567.7,47.9736,2.8832,3.0064,1.517
C,31,Y-line,229,650.0,570.2,47.9736,2.8832,3.0064,1.371
C,31,Y-line,230,650.0,572.7,47.9736,2.8832,3.0064,1.469
C,31,Y-line,231,650.0,575.2,47.9736,2.8832,3.0064,1.594
C,31,Y-line,232,650.0,577.7,47.9736,2.8832,3.0064,1.591
C,31,Y-line,233,650.0,580.2,47.9736,2.8832,3.0064,1.657
C,31,Y-line,234,650.0,582.7,47.9736,2.8832,3.0064,1.809
C,31,Y-line,235,650.0,585.2,47.9736,2.8832,3.0064,1.836
C,31,Y-line,236,650.0,587.6,47.9736,2.8832,3.0064,1.865
C,31,Y-line,237,650.0,590.1,47.9736,2.8832,3.0064,1.972
C,31,Y-line,238,650.0,592.6,47.9736,2.8832,3.0064,1.866
C,31,Y-line,239,650.0,595.1,47.9736,2.8832,3.0064,1.792
C,31,Y-line,240,650.0,597.6,47.9736,2.8832,3.0064,1.749
C,31,Y-line,241,650.0,600.1,48.2178,2.8979,3.0211,1.712
C,31,Y-line,242,650.0,602.6,48.2178,2.8979,3.0211,1.63
C,31,Y-line,243,650.0,605.1,48.3398,2.9052,3.0284,1.576
C,31,Y-line,244,650.0,607.6,48.584,2.9199,3.0431,1.542
C,31,Y-line,245,650.0,610.1,48.706,2.9272,3.0504,1.576
C,31,Y-line,246,650.0,612.5,48.706,2.9272,3.0504,1.486
C,31,Y-line,247,650.0,615.0,48.706,2.9272,3.0504,1.532
C,31,Y-line,248,650.0,617.5,48.706,2.9272,3.0504,1.544
C,31,Y-line,249,650.0,620.0,48.706,2.9272,3.0504,1.572
C,31,Y-line,250,650.0,622.5,48.706,2.9272,3.0504,1.595
C,31,Y-line,251,650.0,625.0,48.706,2.9272,3.0504,1.502
C,31,Y-line,252,650.0,627.5,48.706,2.9272,3.0504,1.465
C,31,Y-line,253,650.0,630.0,48.706,2.9272,3.0504,1.51
C,31,Y-line,254,650.0,632.5,48.706,2.9272,3.0504,1.59
C,31,Y-line,255,650.0,635.0,48.706,2.9272,3.0504,1.611
C,31,Y-line,256,650.0,637.4,48.4619,2.9126,3.0358,1.321
C,31,Y-line,257,650.0,639.9,48.2178,2.8979,3.0211,1.03
C,31,Y-line,258,650.0,642.4,47.9736,2.8832,3.0064,1.536
C,31,Y-line,259,650.0,644.9,47.7295,2.8685,2.9917,1.703
C,31,Y-line,260,650.0,647.4,47.4853,2.8539,2.9771,1.726
C,31,Y-line,261,650.0,649.9,47.2412,2.8392,2.9624,1.489
C,31,Y-line,262,650.0,652.4,46.9971,2.8245,2.9477,0.855
C,31,Y-line,263,650.0,654.9,46.7529,2.8099,2.9331,0.883
C,31,Y-line,264,650.0,657.4,46.5088,2.7952,2.9184,1.332
C,31,Y-line,265,650.0,659.9,46.2646,2.7805,2.9037,1.628
C,31,Y-line,266,650.0,662.3,46.0205,2.7658,2.889,1.523
C,31,Y-line,267,650.0,664.8,45.7764,2.7512,2.8744,1.561
C,31,Y-line,268,650.0,667.3,45.7764,2.7512,2.8744,1.299
C,31,Y-line,269,650.0,669.8,45.7764,2.7512,2.8744,1.352
C,31,Y-line,270,650.0,672.3,45.7764,2.7512,2.8744,1.383
C,31,Y-line,271,650.0,674.8,45.7764,2.7512,2.8744,1.692
C,31,Y-line,272,650.0,677.3,45.7764,2.7512,2.8744,1.725
C,31,Y-line,273,650.0,679.8,45.7764,2.7512,2.8744,1.738
C,31,Y-line,274,650.0,682.3,45.7764,2.7512,2.8744,1.574
C,31,Y-line,275,650.0,684.8,45.7764,2.7512,2.8744,1.447
C,31,Y-line,276,650.0,687.2,45.7764,2.7512,2.8744,1.404
C,31,Y-line,277,650.0,689.7,46.0205,2.7658,2.889,1.322
C,31,Y-line,278,650.0,692.2,46.0205,2.7658,2.889,1.579
C,31,Y-line,279,650.0,694.7,46.0205,2.7658,2.889,1.719
C,31,Y-line,280,650.0,697.2,46.0205,2.7658,2.889,1.811
C,31,Y-line,281,650.0,699.7,46.0205,2.7658,2.889,1.731
C,31,Y-line,282,650.0,702.2,46.0205,2.7658,2.889,1.599
C,31,Y-line,283,650.0,704.7,46.0205,2.7658,2.889,1.495
C,31,Y-line,284,650.0,707.2,46.0205,2.7658,2.889,1.449
C,31,Y-line,285,650.0,709.7,46.0205,2.7658,2.889,1.39
C,31,Y-line,286,650.0,712.1,46.0205,2.7658,2.889,1.452
C,31,Y-line,287,650.0,714.6,46.0205,2.7658,2.889,1.516
C,31,Y-line,288,650.0,717.1,46.0205,2.7658,2.889,1.721
C,31,Y-line,289,650.0,719.6,46.0205,2.7658,2.889,1.929
C,31,Y-line,290,650.0,722.1,46.0205,2.7658,2.889,1.907
C,31,Y-line,291,650.0,724.6,46.2646,2.7805,2.9037,1.941
C,31,Y-line,292,650.0,727.1,46.2646,2.7805,2.9037,2.055
C,31,Y-line,293,650.0,729.6,46.3867,2.7878,2.911,2.159
C,31,Y-line,294,650.0,732.1,46.5088,2.7952,2.9184,2.101
C,31,Y-line,295,650.0,734.6,46.5088,2.7952,2.9184,1.977
C,31,Y-line,296,650.0,737.0,46.5088,2.7952,2.9184,1.75
C,31,Y-line,297,650.0,739.5,46.5088,2.7952,2.9184,1.805
C,31,Y-line,298,650.0,742.0,46.5088,2.7952,2.9184,1.683
C,31,Y-line,299,650.0,744.5,46.5088,2.7952,2.9184,1.741
C,31,Y-line,300,650.0,747.0,46.5088,2.7952,2.9184,1.696
C,31,Y-line,301,650.0,749.5,46.5088,2.7952,2.9184,1.722
C,31,Y-line,302,650.0,752.0,46.5088,2.7952,2.9184,1.614
C,31,Y-line,303,650.0,754.5,46.5088,2.7952,2.9184,1.515
C,31,Y-line,304,650.0,757.0,46.5088,2.7952,2.9184,1.701
C,31,Y-line,305,650.0,759.5,46.5088,2.7952,2.9184,1.484
C,31,Y-line,306,650.0,761.9,46.5088,2.7952,2.9184,1.392
C,31,Y-line,307,650.0,764.4,46.5088,2.7952,2.9184,1.219
C,31,Y-line,308,650.0,766.9,46.5088,2.7952,2.9184,1.243
C,31,Y-line,309,650.0,769.4,46.2646,2.7805,2.9037,1.085
C,31,Y-line,310,650.0,771.9,46.2646,2.7805,2.9037,1.339
C,31,Y-line,311,650.0,774.4,46.2646,2.7805,2.9037,1.128
C,31,Y-line,312,650.0,776.9,46.2646,2.7805,2.9037,1.322
C,31,Y-line,313,650.0,779.4,46.2646,2.7805,2.9037,1.239
C,31,Y-line,314,650.0,781.9,46.2646,2.7805,2.9037,1.357
C,31,Y-line,315,650.0,784.4,46.2646,2.7805,2.9037,1.254
C,31,Y-line,316,650.0,786.8,46.2646,2.7805,2.9037,1.023
C,31,Y-line,317,650.0,789.3,46.2646,2.7805,2.9037,1.035
C,31,Y-line,318,650.0,791.8,46.2646,2.7805,2.9037,1.002
C,31,Y-line,319,650.0,794.3,46.2646,2.7805,2.9037,0.899
C,31,Y-line,320,650.0,796.8,46.2646,2.7805,2.9037,0.837
C,32,Y-line,0,700.0,0.0,46.0205,2.7658,3.0228,2.047
C,32,Y-line,1,700.0,2.5,46.0205,2.7658,3.0228,2.043
C,32,Y-line,2,700.0,5.0,46.0205,2.7658,3.0228,1.897
C,32,Y-line,3,700.0,7.5,46.0205,2.7658,3.0228,1.936
C,32,Y-line,4,700.0,10.0,46.0205,2.7658,3.0228,1.898
C,32,Y-line,5,700.0,12.5,46.0205,2.7658,3.0228,1.763
C,32,Y-line,6,700.0,14.9,46.0205,2.7658,3.0228,1.668
C,32,Y-line,7,700.0,17.4,46.0205,2.7658,3.0228,1.692
C,32,Y-line,8,700.0,19.9,46.0205,2.7658,3.0228,1.543
C,32,Y-line,9,700.0,22.4,46.0205,2.7658,3.0228,1.571
C,32,Y-line,10,700.0,24.9,46.0205,2.7658,3.0228,1.44
C,32,Y-line,11,700.0,27.4,46.0205,2.7658,3.0228,1.368
C,32,Y-line,12,700.0,29.9,46.0205,2.7658,3.0228,1.324
C,32,Y-line,13,700.0,32.4,46.0205,2.7658,3.0228,1.142
C,32,Y-line,14,700.0,34.9,46.0205,2.7658,3.0228,1.187
C,32,Y-line,15,700.0,37.4,46.0205,2.7658,3.0228,1.153
C,32,Y-line,16,700.0,39.8,45.8984,2.7585,3.0155,1.192
C,32,Y-line,17,700.0,42.3,45.8984,2.7585,3.0155,1.001
C,32,Y-line,18,700.0,44.8,45.8984,2.7585,3.0155,1.013
C,32,Y-line,19,700.0,47.3,45.8984,2.7585,3.0155,0.985
C,32,Y-line,20,700.0,49.8,45.8984,2.7585,3.0155,1.025
C,32,Y-line,21,700.0,52.3,45.8984,2.7585,3.0155,1.372
C,32,Y-line,22,700.0,54.8,45.8984,2.7585,3.0155,1.51
C,32,Y-line,23,700.0,57.3,45.8984,2.7585,3.0155,1.784
C,32,Y-line,24,700.0,59.8,45.8984,2.7585,3.0155,1.873
C,32,Y-line,25,700.0,62.3,45.8984,2.7585,3.0155,1.916
C,32,Y-line,26,700.0,64.7,46.1426,2.7732,3.0302,1.728
C,32,Y-line,27,700.0,67.2,46.2646,2.7805,3.0375,1.76
C,32,Y-line,28,700.0,69.7,46.2646,2.7805,3.0375,1.727
C,32,Y-line,29,700.0,72.2,46.2646,2.7805,3.0375,1.698
C,32,Y-line,30,700.0,74.7,46.2646,2.7805,3.0375,1.698
C,32,Y-line,31,700.0,77.2,46.2646,2.7805,3.0375,1.77
C,32,Y-line,32,700.0,79.7,46.2646,2.7805,3.0375,1.845
C,32,Y-line,33,700.0,82.2,46.2646,2.7805,3.0375,1.805
C,32,Y-line,34,700.0,84.7,46.2646,2.7805,3.0375,1.868
C,32,Y-line,35,700.0,87.2,46.2646,2.7805,3.0375,1.834
C,32,Y-line,36,700.0,89.6,46.2646,2.7805,3.0375,1.589
C,32,Y-line,37,700.0,92.1,46.2646,2.7805,3.0375,1.243
C,32,Y-line,38,700.0,94.6,46.2646,2.7805,3.0375,1.278
C,32,Y-line,39,700.0,97.1,46.2646,2.7805,3.0375,1.43
C,32,Y-line,40,700.0,99.6,46.2646,2.7805,3.0375,1.485
C,32,Y-line,41,700.0,102.1,46.2646,2.7805,3.0375,1.444
C,32,Y-line,42,700.0,104.6,46.2646,2.7805,3.0375,1.451
C,32,Y-line,43,700.0,107.1,46.2646,2.7805,3.0375,1.415
C,32,Y-line,44,700.0,109.6,46.2646,2.7805,3.0375,1.361
C,32,Y-line,45,700.0,112.1,46.3867,2.7878,3.0448,1.377
C,32,Y-line,46,700.0,114.5,46.3867,2.7878,3.0448,1.354
C,32,Y-line,47,700.0,117.0,46.3867,2.7878,3.0448,1.54
C,32,Y-line,48,700.0,119.5,46.3867,2.7878,3.0448,1.648
C,32,Y-line,49,700.0,122.0,46.3867,2.7878,3.0448,1.672
C,32,Y-line,50,700.0,124.5,46.5088,2.7952,3.0522,1.572
C,32,Y-line,51,700.0,127.0,46.7529,2.8099,3.0669,1.494
C,32,Y-line,52,700.0,129.5,46.9971,2.8245,3.0815,1.565
C,32,Y-line,53,700.0,132.0,47.1191,2.8319,3.0889,1.618
C,32,Y-line,54,700.0,134.5,47.1191,2.8319,3.0889,1.727
C,32,Y-line,55,700.0,137.0,47.1191,2.8319,3.0889,1.796
C,32,Y-line,56,700.0,139.4,47.1191,2.8319,3.0889,1.822
C,32,Y-line,57,700.0,141.9,47.1191,2.8319,3.0889,1.876
C,32,Y-line,58,700.0,144.4,47.1191,2.8319,3.0889,1.886
C,32,Y-line,59,700.0,146.9,47.1191,2.8319,3.0889,1.899
C,32,Y-line,60,700.0,149.4,47.1191,2.8319,3.0889,1.835
C,32,Y-line,61,700.0,151.9,47.1191,2.8319,3.0889,1.773
C,32,Y-line,62,700.0,154.4,47.1191,2.8319,3.0889,1.755
C,32,Y-line,63,700.0,156.9,47.1191,2.8319,3.0889,1.648
C,32,Y-line,64,700.0,159.4,47.1191,2.8319,3.0889,1.575
C,32,Y-line,65,700.0,161.9,46.9971,2.8245,3.0815,1.542
C,32,Y-line,66,700.0,164.3,46.9971,2.8245,3.0815,1.486
C,32,Y-line,67,700.0,166.8,46.9971,2.8245,3.0815,1.525
C,32,Y-line,68,700.0,169.3,46.9971,2.8245,3.0815,1.631
C,32,Y-line,69,700.0,171.8,46.9971,2.8245,3.0815,1.603
C,32,Y-line,70,700.0,174.3,46.9971,2.8245,3.0815,1.551
C,32,Y-line,71,700.0,176.8,46.9971,2.8245,3.0815,1.626
C,32,Y-line,72,700.0,179.3,46.9971,2.8245,3.0815,1.543
C,32,Y-line,73,700.0,181.8,46.9971,2.8245,3.0815,1.653
C,32,Y-line,74,700.0,184.3,46.9971,2.8245,3.0815,1.305
C,32,Y-line,75,700.0,186.8,46.7529,2.8099,3.0669,1.135
C,32,Y-line,76,700.0,189.2,46.5088,2.7952,3.0522,1.286
C,32,Y-line,77,700.0,191.7,46.2646,2.7805,3.0375,1.572
C,32,Y-line,78,700.0,194.2,46.0205,2.7658,3.0228,1.75
C,32,Y-line,79,700.0,196.7,45.8984,2.7585,3.0155,1.811
C,32,Y-line,80,700.0,199.2,45.7764,2.7512,3.0082,1.753
C,32,Y-line,81,700.0,201.7,45.7764,2.7512,3.0082,1.634
C,32,Y-line,82,700.0,204.2,45.7764,2.7512,3.0082,1.443
C,32,Y-line,83,700.0,206.7,45.7764,2.7512,3.0082,1.436
C,32,Y-line,84,700.0,209.2,45.6543,2.7438,3.0008,1.408
C,32,Y-line,85,700.0,211.7,45.6543,2.7438,3.0008,1.282
C,32,Y-line,86,700.0,214.1,45.6543,2.7438,3.0008,1.239
C,32,Y-line,87,700.0,216.6,45.6543,2.7438,3.0008,1.278
C,32,Y-line,88,700.0,219.1,45.6543,2.7438,3.0008,1.325
C,32,Y-line,89,700.0,221.6,45.6543,2.7438,3.0008,1.397
C,32,Y-line,90,700.0,224.1,45.6543,2.7438,3.0008,1.376
C,32,Y-line,91,700.0,226.6,45.6543,2.7438,3.0008,1.317
C,32,Y-line,92,700.0,229.1,45.6543,2.7438,3.0008,1.396
C,32,Y-line,93,700.0,231.6,45.6543,2.7438,3.0008,1.485
C,32,Y-line,94,700.0,234.1,45.6543,2.7438,3.0008,1.424
C,32,Y-line,95,700.0,236.6,45.6543,2.7438,3.0008,1.554
C,32,Y-line,96,700.0,239.0,45.6543,2.7438,3.0008,1.67
C,32,Y-line,97,700.0,241.5,45.6543,2.7438,3.0008,1.837
C,32,Y-line,98,700.0,244.0,45.7764,2.7512,3.0082,2.033
C,32,Y-line,99,700.0,246.5,45.8984,2.7585,3.0155,2.084
C,32,Y-line,100,700.0,249.0,45.8984,2.7585,3.0155,2.139
C,32,Y-line,101,700.0,251.5,45.8984,2.7585,3.0155,1.957
C,32,Y-line,102,700.0,254.0,45.8984,2.7585,3.0155,2.068
C,32,Y-line,103,700.0,256.5,45.8984,2.7585,3.0155,2.091
C,32,Y-line,104,700.0,259.0,46.0205,2.7658,3.0228,2.053
C,32,Y-line,105,700.0,261.5,46.0205,2.7658,3.0228,2.119
C,32,Y-line,106,700.0,263.9,46.0205,2.7658,3.0228,2.011
C,32,Y-line,107,700.0,266.4,46.1426,2.7732,3.0302,1.724
C,32,Y-line,108,700.0,268.9,46.1426,2.7732,3.0302,1.802
C,32,Y-line,109,700.0,271.4,46.2646,2.7805,3.0375,1.637
C,32,Y-line,110,700.0,273.9,46.3867,2.7878,3.0448,1.565
C,32,Y-line,111,700.0,276.4,46.5088,2.7952,3.0522,1.569
C,32,Y-line,112,700.0,278.9,46.5088,2.7952,3.0522,1.679
C,32,Y-line,113,700.0,281.4,46.7529,2.8099,3.0669,1.716
C,32,Y-line,114,700.0,283.9,46.9971,2.8245,3.0815,1.517
C,32,Y-line,115,700.0,286.4,47.2412,2.8392,3.0962,1.42
C,32,Y-line,116,700.0,288.8,47.4853,2.8539,3.1109,1.061
C,32,Y-line,117,700.0,291.3,47.7295,2.8685,3.1255,0.788
C,32,Y-line,118,700.0,293.8,47.9736,2.8832,3.1402,1.024
C,32,Y-line,119,700.0,296.3,48.2178,2.8979,3.1549,1.535
C,32,Y-line,120,700.0,298.8,48.2178,2.8979,3.1549,1.867
C,32,Y-line,121,700.0,301.3,48.2178,2.8979,3.1549,2.067
C,32,Y-line,122,700.0,303.8,48.2178,2.8979,3.1549,2.238
C,32,Y-line,123,700.0,306.3,48.2178,2.8979,3.1549,2.132
C,32,Y-line,124,700.0,308.8,48.2178,2.8979,3.1549,2.106
C,32,Y-line,125,700.0,311.2,48.2178,2.8979,3.1549,2.024
C,32,Y-line,126,700.0,313.7,48.2178,2.8979,3.1549,1.981
C,32,Y-line,127,700.0,316.2,48.2178,2.8979,3.1549,1.817
C,32,Y-line,128,700.0,318.7,48.2178,2.8979,3.1549,1.736
C,32,Y-line,129,700.0,321.2,48.2178,2.8979,3.1549,1.748
C,32,Y-line,130,700.0,323.7,48.2178,2.8979,3.1549,1.724
C,32,Y-line,131,700.0,326.2,48.2178,2.8979,3.1549,1.631
C,32,Y-line,132,700.0,328.7,48.2178,2.8979,3.1549,1.634
C,32,Y-line,133,700.0,331.2,48.2178,2.8979,3.1549,1.571
C,32,Y-line,134,700.0,333.7,48.2178,2.8979,3.1549,1.54
C,32,Y-line,135,700.0,336.2,48.2178,2.8979,3.1549,1.708
C,32,Y-line,136,700.0,338.6,48.2178,2.8979,3.1549,1.572
C,32,Y-line,137,700.0,341.1,48.2178,2.8979,3.1549,1.788
C,32,Y-line,138,700.0,343.6,48.2178,2.8979,3.1549,1.237
C,32,Y-line,139,700.0,346.1,48.2178,2.8979,3.1549,0.651
C,32,Y-line,140,700.0,348.6,48.2178,2.8979,3.1549,0.464
C,32,Y-line,141,700.0,351.1,48.2178,2.8979,3.1549,0.346
C,32,Y-line,142,700.0,353.6,48.2178,2.8979,3.1549,0.459
C,32,Y-line,143,700.0,356.1,48.2178,2.8979,3.1549,0.539
C,32,Y-line,144,700.0,358.6,48.2178,2.8979,3.1549,1.092
C,32,Y-line,145,700.0,361.1,48.2178,2.8979,3.1549,1.409
C,32,Y-line,146,700.0,363.5,48.2178,2.8979,3.1549,1.481
C,32,Y-line,147,700.0,366.0,48.2178,2.8979,3.1549,1.592
C,32,Y-line,148,700.0,368.5,47.9736,2.8832,3.1402,1.529
C,32,Y-line,149,700.0,371.0,47.7295,2.8685,3.1255,1.257
C,32,Y-line,150,700.0,373.5,47.4853,2.8539,3.1109,1.305
C,32,Y-line,151,700.0,376.0,47.2412,2.8392,3.0962,1.278
C,32,Y-line,152,700.0,378.5,46.9971,2.8245,3.0815,1.347
C,32,Y-line,153,700.0,381.0,46.7529,2.8099,3.0669,1.232
C,32,Y-line,154,700.0,383.5,46.5088,2.7952,3.0522,1.012
C,32,Y-line,155,700.0,386.0,46.2646,2.7805,3.0375,1.014
C,32,Y-line,156,700.0,388.4,46.0205,2.7658,3.0228,1.194
C,32,Y-line,157,700.0,390.9,45.7764,2.7512,3.0082,1.456
C,32,Y-line,158,700.0,393.4,45.5322,2.7365,2.9935,1.644
C,32,Y-line,159,700.0,395.9,45.5322,2.7365,2.9935,1.398
C,32,Y-line,160,700.0,398.4,45.5322,2.7365,2.9935,1.4
C,32,Y-line,161,700.0,400.9,45.5322,2.7365,2.9935,1.444
C,32,Y-line,162,700.0,403.4,45.5322,2.7365,2.9935,1.486
C,32,Y-line,163,700.0,405.9,45.5322,2.7365,2.9935,1.307
C,32,Y-line,164,700.0,408.4,45.5322,2.7365,2.9935,1.579
C,32,Y-line,165,700.0,410.9,45.4102,2.7292,2.9862,1.6
C,32,Y-line,166,700.0,413.3,45.4102,2.7292,2.9862,1.792
C,32,Y-line,167,700.0,415.8,45.4102,2.7292,2.9862,1.903
C,32,Y-line,168,700.0,418.3,45.4102,2.7292,2.9862,2.202
C,32,Y-line,169,700.0,420.8,45.4102,2.7292,2.9862,2.129
C,32,Y-line,170,700.0,423.3,45.4102,2.7292,2.9862,2.074
C,32,Y-line,171,700.0,425.8,45.4102,2.7292,2.9862,1.951
C,32,Y-line,172,700.0,428.3,45.4102,2.7292,2.9862,1.922
C,32,Y-line,173,700.0,430.8,45.4102,2.7292,2.9862,1.808
C,32,Y-line,174,700.0,433.3,45.4102,2.7292,2.9862,1.742
C,32,Y-line,175,700.0,435.8,45.4102,2.7292,2.9862,1.719
C,32,Y-line,176,700.0,438.2,45.4102,2.7292,2.9862,1.579
C,32,Y-line,177,700.0,440.7,45.4102,2.7292,2.9862,1.424
C,32,Y-line,178,700.0,443.2,45.4102,2.7292,2.9862,1.394
C,32,Y-line,179,700.0,445.7,45.2881,2.7218,2.9788,1.419
C,32,Y-line,180,700.0,448.2,45.0439,2.7071,2.9641,1.504
C,32,Y-line,181,700.0,450.7,44.7998,2.6925,2.9495,1.598
C,32,Y-line,182,700.0,453.2,44.7998,2.6925,2.9495,1.66
C,32,Y-line,183,700.0,455.7,44.7998,2.6925,2.9495,1.632
C,32,Y-line,184,700.0,458.2,44.7998,2.6925,2.9495,1.642
C,32,Y-line,185,700.0,460.7,44.7998,2.6925,2.9495,1.576
C,32,Y-line,186,700.0,463.1,44.5557,2.6778,2.9348,1.628
C,32,Y-line,187,700.0,465.6,44.5557,2.6778,2.9348,1.705
C,32,Y-line,188,700.0,468.1,44.5557,2.6778,2.9348,1.767
C,32,Y-line,189,700.0,470.6,44.5557,2.6778,2.9348,1.782
C,32,Y-line,190,700.0,473.1,44.5557,2.6778,2.9348,1.802
C,32,Y-line,191,700.0,475.6,44.5557,2.6778,2.9348,1.71
C,32,Y-line,192,700.0,478.1,44.5557,2.6778,2.9348,1.554
C,32,Y-line,193,700.0,480.6,44.5557,2.6778,2.9348,1.529
C,32,Y-line,194,700.0,483.1,44.5557,2.6778,2.9348,1.517
C,32,Y-line,195,700.0,485.6,44.5557,2.6778,2.9348,1.47
C,32,Y-line,196,700.0,488.0,44.5557,2.6778,2.9348,1.464
C,32,Y-line,197,700.0,490.5,44.5557,2.6778,2.9348,1.381
C,32,Y-line,198,700.0,493.0,44.5557,2.6778,2.9348,1.352
C,32,Y-line,199,700.0,495.5,44.5557,2.6778,2.9348,1.261
C,32,Y-line,200,700.0,498.0,44.5557,2.6778,2.9348,1.228
C,32,Y-line,201,700.0,500.5,44.5557,2.6778,2.9348,1.214
C,32,Y-line,202,700.0,503.0,44.5557,2.6778,2.9348,1.254
C,32,Y-line,203,700.0,505.5,44.5557,2.6778,2.9348,1.386
C,32,Y-line,204,700.0,508.0,44.5557,2.6778,2.9348,1.662
C,32,Y-line,205,700.0,510.5,44.5557,2.6778,2.9348,1.899
C,32,Y-line,206,700.0,512.9,44.5557,2.6778,2.9348,1.834
C,32,Y-line,207,700.0,515.4,44.5557,2.6778,2.9348,1.986
C,32,Y-line,208,700.0,517.9,44.5557,2.6778,2.9348,1.857
C,32,Y-line,209,700.0,520.4,44.5557,2.6778,2.9348,1.869
C,32,Y-line,210,700.0,522.9,44.5557,2.6778,2.9348,1.766
C,32,Y-line,211,700.0,525.4,44.5557,2.6778,2.9348,1.675
C,32,Y-line,212,700.0,527.9,44.5557,2.6778,2.9348,1.531
C,32,Y-line,213,700.0,530.4,44.5557,2.6778,2.9348,1.612
C,32,Y-line,214,700.0,532.9,44.5557,2.6778,2.9348,1.429
C,32,Y-line,215,700.0,535.4,44.5557,2.6778,2.9348,1.27
C,32,Y-line,216,700.0,537.8,44.5557,2.6778,2.9348,1.379
C,32,Y-line,217,700.0,540.3,44.5557,2.6778,2.9348,1.383
C,32,Y-line,218,700.0,542.8,44.5557,2.6778,2.9348,1.161
C,32,Y-line,219,700.0,545.3,44.5557,2.6778,2.9348,1.066
C,32,Y-line,220,700.0,547.8,44.5557,2.6778,2.9348,1.135
C,32,Y-line,221,700.0,550.3,44.5557,2.6778,2.9348,1.058
C,32,Y-line,222,700.0,552.8,44.5557,2.6778,2.9348,1.212
C,32,Y-line,223,700.0,555.3,44.5557,2.6778,2.9348,1.101
C,32,Y-line,224,700.0,557.8,44.5557,2.6778,2.9348,1.038
C,32,Y-line,225,700.0,560.2,44.3115,2.6631,2.9201,0.421
C,32,Y-line,226,700.0,562.7,44.0674,2.6484,2.9054,0.426
C,32,Y-line,227,700.0,565.2,43.9453,2.6411,2.8981,0.91
C,32,Y-line,228,700.0,567.7,43.9453,2.6411,2.8981,1.194
C,32,Y-line,229,700.0,570.2,43.9453,2.6411,2.8981,1.346
C,32,Y-line,230,700.0,572.7,43.9453,2.6411,2.8981,1.548
C,32,Y-line,231,700.0,575.2,43.9453,2.6411,2.8981,1.47
C,32,Y-line,232,700.0,577.7,43.9453,2.6411,2.8981,1.385
C,32,Y-line,233,700.0,580.2,43.9453,2.6411,2.8981,1.274
C,32,Y-line,234,700.0,582.7,43.9453,2.6411,2.8981,1.366
C,32,Y-line,235,700.0,585.2,43.9453,2.6411,2.8981,1.22
C,32,Y-line,236,700.0,587.6,43.9453,2.6411,2.8981,1.177
C,32,Y-line,237,700.0,590.1,43.9453,2.6411,2.8981,1.143
C,32,Y-line,238,700.0,592.6,43.9453,2.6411,2.8981,1.18
C,32,Y-line,239,700.0,595.1,43.9453,2.6411,2.8981,1.23
C,32,Y-line,240,700.0,597.6,43.9453,2.6411,2.8981,1.298
C,32,Y-line,241,700.0,600.1,43.9453,2.6411,2.8981,1.325
C,32,Y-line,242,700.0,602.6,43.9453,2.6411,2.8981,1.356
C,32,Y-line,243,700.0,605.1,43.9453,2.6411,2.8981,1.3
C,32,Y-line,244,700.0,607.6,43.9453,2.6411,2.8981,1.269
C,32,Y-line,245,700.0,610.1,43.9453,2.6411,2.8981,1.22
C,32,Y-line,246,700.0,612.5,43.9453,2.6411,2.8981,1.242
C,32,Y-line,247,700.0,615.0,44.0674,2.6484,2.9054,1.18
C,32,Y-line,248,700.0,617.5,44.3115,2.6631,2.9201,1.158
C,32,Y-line,249,700.0,620.0,44.5557,2.6778,2.9348,1.209
C,32,Y-line,250,700.0,622.5,44.7998,2.6925,2.9495,1.363
C,32,Y-line,251,700.0,625.0,45.0439,2.7071,2.9641,1.536
C,32,Y-line,252,700.0,627.5,45.0439,2.7071,2.9641,1.611
C,32,Y-line,253,700.0,630.0,45.0439,2.7071,2.9641,1.659
C,32,Y-line,254,700.0,632.5,45.0439,2.7071,2.9641,1.646
C,32,Y-line,255,700.0,635.0,45.0439,2.7071,2.9641,1.718
C,32,Y-line,256,700.0,637.4,45.0439,2.7071,2.9641,1.76
C,32,Y-line,257,700.0,639.9,45.0439,2.7071,2.9641,1.793
C,32,Y-line,258,700.0,642.4,45.2881,2.7218,2.9788,1.789
C,32,Y-line,259,700.0,644.9,45.2881,2.7218,2.9788,1.743
C,32,Y-line,260,700.0,647.4,45.2881,2.7218,2.9788,1.714
C,32,Y-line,261,700.0,649.9,45.2881,2.7218,2.9788,1.667
C,32,Y-line,262,700.0,652.4,45.4102,2.7292,2.9862,1.65
C,32,Y-line,263,700.0,654.9,45.4102,2.7292,2.9862,1.711
C,32,Y-line,264,700.0,657.4,45.5322,2.7365,2.9935,1.731
C,32,Y-line,265,700.0,659.9,45.6543,2.7438,3.0008,1.772
C,32,Y-line,266,700.0,662.3,45.7764,2.7512,3.0082,1.811
C,32,Y-line,267,700.0,664.8,45.7764,2.7512,3.0082,1.833
C,32,Y-line,268,700.0,667.3,45.8984,2.7585,3.0155,1.811
C,32,Y-line,269,700.0,669.8,45.8984,2.7585,3.0155,1.795
C,32,Y-line,270,700.0,672.3,45.8984,2.7585,3.0155,1.728
C,32,Y-line,271,700.0,674.8,45.8984,2.7585,3.0155,1.737
C,32,Y-line,272,700.0,677.3,45.8984,2.7585,3.0155,1.753
C,32,Y-line,273,700.0,679.8,45.8984,2.7585,3.0155,1.808
C,32,Y-line,274,700.0,682.3,45.8984,2.7585,3.0155,1.91
C,32,Y-line,275,700.0,684.8,45.8984,2.7585,3.0155,1.913
C,32,Y-line,276,700.0,687.2,45.8984,2.7585,3.0155,1.904
C,32,Y-line,277,700.0,689.7,45.8984,2.7585,3.0155,1.858
C,32,Y-line,278,700.0,692.2,45.8984,2.7585,3.0155,1.813
C,32,Y-line,279,700.0,694.7,45.8984,2.7585,3.0155,1.72
C,32,Y-line,280,700.0,697.2,45.8984,2.7585,3.0155,1.601
C,32,Y-line,281,700.0,699.7,45.8984,2.7585,3.0155,1.482
C,32,Y-line,282,700.0,702.2,45.8984,2.7585,3.0155,1.355
C,32,Y-line,283,700.0,704.7,45.8984,2.7585,3.0155,1.254
C,32,Y-line,284,700.0,707.2,45.8984,2.7585,3.0155,1.103
C,32,Y-line,285,700.0,709.7,45.8984,2.7585,3.0155,1.069
C,32,Y-line,286,700.0,712.1,45.8984,2.7585,3.0155,1.03
C,32,Y-line,287,700.0,714.6,45.8984,2.7585,3.0155,0.971
C,32,Y-line,288,700.0,717.1,45.8984,2.7585,3.0155,1.021
C,32,Y-line,289,700.0,719.6,45.8984,2.7585,3.0155,0.966
C,32,Y-line,290,700.0,722.1,45.8984,2.7585,3.0155,0.981
C,32,Y-line,291,700.0,724.6,45.8984,2.7585,3.0155,1.037
C,32,Y-line,292,700.0,727.1,45.6543,2.7438,3.0008,0.913
C,32,Y-line,293,700.0,729.6,45.4102,2.7292,2.9862,0.718
C,32,Y-line,294,700.0,732.1,45.166,2.7145,2.9715,0.646
C,32,Y-line,295,700.0,734.6,44.9219,2.6998,2.9568,0.661
C,32,Y-line,296,700.0,737.0,44.6777,2.6851,2.9421,1.18
C,32,Y-line,297,700.0,739.5,44.6777,2.6851,2.9421,1.302
C,32,Y-line,298,700.0,742.0,44.6777,2.6851,2.9421,1.251
C,32,Y-line,299,700.0,744.5,44.6777,2.6851,2.9421,1.355
C,32,Y-line,300,700.0,747.0,44.6777,2.6851,2.9421,1.574
C,32,Y-line,301,700.0,749.5,44.6777,2.6851,2.9421,1.565
C,32,Y-line,302,700.0,752.0,44.6777,2.6851,2.9421,1.642
C,32,Y-line,303,700.0,754.5,44.6777,2.6851,2.9421,1.79
C,32,Y-line,304,700.0,757.0,44.6777,2.6851,2.9421,1.754
C,32,Y-line,305,700.0,759.5,44.6777,2.6851,2.9421,1.837
C,32,Y-line,306,700.0,761.9,44.7998,2.6925,2.9495,1.985
C,32,Y-line,307,700.0,764.4,44.9219,2.6998,2.9568,1.917
C,32,Y-line,308,700.0,766.9,45.0439,2.7071,2.9641,1.973
C,32,Y-line,309,700.0,769.4,45.0439,2.7071,2.9641,1.596
C,32,Y-line,310,700.0,771.9,45.0439,2.7071,2.9641,1.57
C,32,Y-line,311,700.0,774.4,45.0439,2.7071,2.9641,1.354
C,32,Y-line,312,700.0,776.9,45.0439,2.7071,2.9641,1.063
C,32,Y-line,313,700.0,779.4,45.0439,2.7071,2.9641,0.818
C,32,Y-line,314,700.0,781.9,45.0439,2.7071,2.9641,0.647
C,32,Y-line,315,700.0,784.4,45.0439,2.7071,2.9641,0.613
C,32,Y-line,316,700.0,786.8,45.0439,2.7071,2.9641,0.562
C,32,Y-line,317,700.0,789.3,45.0439,2.7071,2.9641,0.762
C,32,Y-line,318,700.0,791.8,45.0439,2.7071,2.9641,0.946
C,32,Y-line,319,700.0,794.3,45.0439,2.7071,2.9641,0.944
C,32,Y-line,320,700.0,796.8,45.0439,2.7071,2.9641,1.218
